River,Gauge Site,Date,Upstream,Downstream
Chenab,Marala H/W,1-01-2017,5782,5782
Chenab,Marala H/W,2-01-2017,5782,5782
Chenab,Marala H/W,3-01-2017,6432,6432
Chenab,Marala H/W,4-01-2017,6432,6432
Chenab,Marala H/W,5-01-2017,6432,6432
Chenab,Marala H/W,6-01-2017,6370,6370
Chenab,Marala H/W,7-01-2017,6370,6370
Chenab,Marala H/W,8-01-2017,6210,6210
Chenab,Marala H/W,9-01-2017,6210,6210
Chenab,Marala H/W,10-01-2017,6210,6210
Chenab,Marala H/W,11-01-2017,6210,6210
Chenab,Marala H/W,12-01-2017,6210,6210
Chenab,Marala H/W,13-01-2017,6210,6210
Chenab,Marala H/W,14-01-2017,6210,6210
Chenab,Marala H/W,15-01-2017,6531,6531
Chenab,Marala H/W,16-01-2017,6531,6531
Chenab,Marala H/W,17-01-2017,6531,6531
Chenab,Marala H/W,18-01-2017,6531,6531
Chenab,Marala H/W,19-01-2017,6531,6531
Chenab,Marala H/W,20-01-2017,5530,4180
Chenab,Marala H/W,21-01-2017,6505,4002
Chenab,Marala H/W,22-01-2017,7183,4002
Chenab,Marala H/W,23-01-2017,5102,4002
Chenab,Marala H/W,24-01-2017,7037,5336
Chenab,Marala H/W,25-01-2017,6436,5336
Chenab,Marala H/W,26-01-2017,5102,4002
Chenab,Marala H/W,27-01-2017,6782,5336
Chenab,Marala H/W,28-01-2017,6769,5336
Chenab,Marala H/W,29-01-2017,6436,5336
Chenab,Marala H/W,30-01-2017,5677,2668
Chenab,Marala H/W,31-01-2017,6379,2035
Chenab,Khanki H/W,1-01-2017,8007,250
Chenab,Khanki H/W,2-01-2017,8088,188
Chenab,Khanki H/W,3-01-2017,8150,250
Chenab,Khanki H/W,4-01-2017,8150,250
Chenab,Khanki H/W,5-01-2017,8137,250
Chenab,Khanki H/W,6-01-2017,8100,250
Chenab,Khanki H/W,7-01-2017,8100,250
Chenab,Khanki H/W,8-01-2017,8104,254
Chenab,Khanki H/W,9-01-2017,7269,250
Chenab,Khanki H/W,10-01-2017,7303,250
Chenab,Khanki H/W,11-01-2017,7213,250
Chenab,Khanki H/W,12-01-2017,7180,250
Chenab,Khanki H/W,13-01-2017,6459,6459
Chenab,Khanki H/W,14-01-2017,6438,6438
Chenab,Khanki H/W,15-01-2017,6438,6438
Chenab,Khanki H/W,16-01-2017,6711,6711
Chenab,Khanki H/W,17-01-2017,6543,6543
Chenab,Khanki H/W,18-01-2017,6543,6543
Chenab,Khanki H/W,19-01-2017,6543,6543
Chenab,Khanki H/W,20-01-2017,6543,6543
Chenab,Khanki H/W,21-01-2017,4500,4500
Chenab,Khanki H/W,22-01-2017,4590,4590
Chenab,Khanki H/W,23-01-2017,4500,4500
Chenab,Khanki H/W,24-01-2017,4500,4500
Chenab,Khanki H/W,25-01-2017,5196,5196
Chenab,Khanki H/W,26-01-2017,5196,5196
Chenab,Khanki H/W,27-01-2017,4500,4500
Chenab,Khanki H/W,28-01-2017,4580,4580
Chenab,Khanki H/W,29-01-2017,5196,5196
Chenab,Khanki H/W,30-01-2017,5196,5196
Chenab,Khanki H/W,31-01-2017,4500,4500
Chenab,Qadirabad Barrage,1-01-2017,1056,1056
Chenab,Qadirabad Barrage,2-01-2017,1056,1056
Chenab,Qadirabad Barrage,3-01-2017,1056,1056
Chenab,Qadirabad Barrage,4-01-2017,243,243
Chenab,Qadirabad Barrage,5-01-2017,243,243
Chenab,Qadirabad Barrage,6-01-2017,243,243
Chenab,Qadirabad Barrage,7-01-2017,243,243
Chenab,Qadirabad Barrage,8-01-2017,243,243
Chenab,Qadirabad Barrage,9-01-2017,243,243
Chenab,Qadirabad Barrage,10-01-2017,243,243
Chenab,Qadirabad Barrage,11-01-2017,243,243
Chenab,Qadirabad Barrage,12-01-2017,120,120
Chenab,Qadirabad Barrage,13-01-2017,120,120
Chenab,Qadirabad Barrage,14-01-2017,810,810
Chenab,Qadirabad Barrage,15-01-2017,6097,6097
Chenab,Qadirabad Barrage,16-01-2017,6097,6097
Chenab,Qadirabad Barrage,17-01-2017,6097,6097
Chenab,Qadirabad Barrage,18-01-2017,6097,6097
Chenab,Qadirabad Barrage,19-01-2017,6097,6097
Chenab,Qadirabad Barrage,20-01-2017,6097,6097
Chenab,Qadirabad Barrage,21-01-2017,6097,6097
Chenab,Qadirabad Barrage,22-01-2017,3092,3092
Chenab,Qadirabad Barrage,23-01-2017,3092,3092
Chenab,Qadirabad Barrage,24-01-2017,3092,3092
Chenab,Qadirabad Barrage,25-01-2017,3092,3092
Chenab,Qadirabad Barrage,26-01-2017,3643,3643
Chenab,Qadirabad Barrage,27-01-2017,10250,10250
Chenab,Qadirabad Barrage,28-01-2017,14490,14490
Chenab,Qadirabad Barrage,29-01-2017,15186,15186
Chenab,Qadirabad Barrage,30-01-2017,15489,13489
Chenab,Qadirabad Barrage,31-01-2017,15489,13489
Chenab,Trimmu H/W-,1-01-2017,16174,8206
Chenab,Trimmu H/W-,2-01-2017,18834,10857
Chenab,Trimmu H/W-,3-01-2017,12234,4234
Chenab,Trimmu H/W-,4-01-2017,13624,5624
Chenab,Trimmu H/W-,5-01-2017,14272,6303
Chenab,Trimmu H/W-,6-01-2017,14294,6303
Chenab,Trimmu H/W-,7-01-2017,10180,2188
Chenab,Trimmu H/W-,8-01-2017,10161,2188
Chenab,Trimmu H/W-,9-01-2017,7969,NIL
Chenab,Trimmu H/W-,10-01-2017,9857,9857
Chenab,Trimmu H/W-,11-01-2017,9963,9963
Chenab,Trimmu H/W-,12-01-2017,7747,7747
Chenab,Trimmu H/W-,13-01-2017,5893,5893
Chenab,Trimmu H/W-,14-01-2017,5009,5009
Chenab,Trimmu H/W-,15-01-2017,4021,4021
Chenab,Trimmu H/W-,16-01-2017,4390,4390
Chenab,Trimmu H/W-,17-01-2017,5782,5782
Chenab,Trimmu H/W-,18-01-2017,7352,7352
Chenab,Trimmu H/W-,19-01-2017,9953,9953
Chenab,Trimmu H/W-,20-01-2017,10704,10704
Chenab,Trimmu H/W-,21-01-2017,10704,10704
Chenab,Trimmu H/W-,22-01-2017,10704,10704
Chenab,Trimmu H/W-,23-01-2017,11186,11186
Chenab,Trimmu H/W-,24-01-2017,9953,9953
Chenab,Trimmu H/W-,25-01-2017,6383,6383
Chenab,Trimmu H/W-,26-01-2017,8743,8743
Chenab,Trimmu H/W-,27-01-2017,14435,14435
Chenab,Trimmu H/W-,28-01-2017,22261,22261
Chenab,Trimmu H/W-,29-01-2017,24117,24117
Chenab,Trimmu H/W-,30-01-2017,18676,17176
Chenab,Trimmu H/W-,31-01-2017,29547,24665
Chenab,Panjnad H/W,1-01-2017,6508,6000
Chenab,Panjnad H/W,2-01-2017,6513,6000
Chenab,Panjnad H/W,3-01-2017,15536,15536
Chenab,Panjnad H/W,4-01-2017,14732,14732
Chenab,Panjnad H/W,5-01-2017,14732,14732
Chenab,Panjnad H/W,6-01-2017,11319,11319
Chenab,Panjnad H/W,7-01-2017,10010,10010
Chenab,Panjnad H/W,8-01-2017,9837,9837
Chenab,Panjnad H/W,9-01-2017,7082,7082
Chenab,Panjnad H/W,10-01-2017,7082,7082
Chenab,Panjnad H/W,11-01-2017,4927,4927
Chenab,Panjnad H/W,12-01-2017,3385,3385
Chenab,Panjnad H/W,13-01-2017,3385,3385
Chenab,Panjnad H/W,14-01-2017,7082,7082
Chenab,Panjnad H/W,15-01-2017,9980,9980
Chenab,Panjnad H/W,16-01-2017,9980,9980
Chenab,Panjnad H/W,17-01-2017,10634,10634
Chenab,Panjnad H/W,18-01-2017,9980,9980
Chenab,Panjnad H/W,19-01-2017,7092,7092
Chenab,Panjnad H/W,20-01-2017,7092,7092
Chenab,Panjnad H/W,21-01-2017,8716,8716
Chenab,Panjnad H/W,22-01-2017,8916,8716
Chenab,Panjnad H/W,23-01-2017,10410,9886
Chenab,Panjnad H/W,24-01-2017,10386,9886
Chenab,Panjnad H/W,25-01-2017,10189,9676
Chenab,Panjnad H/W,26-01-2017,10039,9676
Chenab,Panjnad H/W,27-01-2017,9603,9222
Chenab,Panjnad H/W,28-01-2017,9543,9222
Chenab,Panjnad H/W,29-01-2017,8626,8326
Chenab,Panjnad H/W,30-01-2017,11437,11037
Chenab,Panjnad H/W,31-01-2017,11890,11488
Chenab,Marala H/W,1-02-2017,6135,2035
Chenab,Marala H/W,2-02-2017,6135,2035
Chenab,Marala H/W,3-02-2017,6135,2035
Chenab,Marala H/W,4-02-2017,11354,7572
Chenab,Marala H/W,5-02-2017,7562,4062
Chenab,Marala H/W,6-02-2017,6566,2668
Chenab,Marala H/W,7-02-2017,6568,2668
Chenab,Marala H/W,8-02-2017,6668,2668
Chenab,Marala H/W,9-02-2017,6165,2035
Chenab,Marala H/W,10-02-2017,6842,2668
Chenab,Marala H/W,11-02-2017,7061,2035
Chenab,Marala H/W,12-02-2017,6735,2035
Chenab,Marala H/W,13-02-2017,6677,2035
Chenab,Marala H/W,14-02-2017,5706,1334
Chenab,Marala H/W,15-02-2017,6234,1334
Chenab,Marala H/W,16-02-2017,6234,1334
Chenab,Marala H/W,17-02-2017,6935,2035
Chenab,Marala H/W,18-02-2017,7819,2668
Chenab,Marala H/W,19-02-2017,7568,2668
Chenab,Marala H/W,20-02-2017,14498,9465
Chenab,Marala H/W,21-02-2017,21758,16858
Chenab,Marala H/W,22-02-2017,17298,7398
Chenab,Marala H/W,23-02-2017,14833,4386
Chenab,Marala H/W,24-02-2017,14375,4386
Chenab,Marala H/W,25-02-2017,14286,4386
Chenab,Marala H/W,26-02-2017,31582,21502
Chenab,Marala H/W,27-02-2017,27594,16194
Chenab,Marala H/W,28-02-2017,16035,3158
Chenab,Khanki H/W,1-02-2017,2326,2326
Chenab,Khanki H/W,2-02-2017,2326,2326
Chenab,Khanki H/W,3-02-2017,2326,2326
Chenab,Khanki H/W,4-02-2017,4500,4500
Chenab,Khanki H/W,5-02-2017,10645,10645
Chenab,Khanki H/W,6-02-2017,5396,5396
Chenab,Khanki H/W,7-02-2017,4500,4500
Chenab,Khanki H/W,8-02-2017,4500,4500
Chenab,Khanki H/W,9-02-2017,4576,4576
Chenab,Khanki H/W,10-02-2017,250,250
Chenab,Khanki H/W,11-02-2017,4385,3885
Chenab,Khanki H/W,12-02-2017,4618,3853
Chenab,Khanki H/W,13-02-2017,4853,3853
Chenab,Khanki H/W,14-02-2017,4398,3398
Chenab,Khanki H/W,15-02-2017,4098,3398
Chenab,Khanki H/W,16-02-2017,3635,2935
Chenab,Khanki H/W,17-02-2017,4136,2936
Chenab,Khanki H/W,18-02-2017,4136,2936
Chenab,Khanki H/W,19-02-2017,4598,3398
Chenab,Khanki H/W,20-02-2017,4920,3398
Chenab,Khanki H/W,21-02-2017,26606,24406
Chenab,Khanki H/W,22-02-2017,26806,24406
Chenab,Khanki H/W,23-02-2017,10997,8597
Chenab,Khanki H/W,24-02-2017,8081,5468
Chenab,Khanki H/W,25-02-2017,6589,3989
Chenab,Khanki H/W,26-02-2017,8368,5468
Chenab,Khanki H/W,27-02-2017,42802,39802
Chenab,Khanki H/W,28-02-2017,17640,14340
Chenab,Qadirabad Barrage,1-02-2017,13976,9838
Chenab,Qadirabad Barrage,2-02-2017,10219,6219
Chenab,Qadirabad Barrage,3-02-2017,13220,5021
Chenab,Qadirabad Barrage,4-02-2017,12567,2567
Chenab,Qadirabad Barrage,5-02-2017,12567,2567
Chenab,Qadirabad Barrage,6-02-2017,12567,2567
Chenab,Qadirabad Barrage,7-02-2017,15034,5034
Chenab,Qadirabad Barrage,8-02-2017,15938,5034
Chenab,Qadirabad Barrage,9-02-2017,13800,3800
Chenab,Qadirabad Barrage,10-02-2017,15850,2566
Chenab,Qadirabad Barrage,11-02-2017,16345,1345
Chenab,Qadirabad Barrage,12-02-2017,10169,1345
Chenab,Qadirabad Barrage,13-02-2017,20566,2566
Chenab,Qadirabad Barrage,14-02-2017,20566,2566
Chenab,Qadirabad Barrage,15-02-2017,20566,2566
Chenab,Qadirabad Barrage,16-02-2017,20566,2566
Chenab,Qadirabad Barrage,17-02-2017,20566,2566
Chenab,Qadirabad Barrage,18-02-2017,21501,1390
Chenab,Qadirabad Barrage,19-02-2017,22658,2658
Chenab,Qadirabad Barrage,20-02-2017,24749,2749
Chenab,Qadirabad Barrage,21-02-2017,28452,6704
Chenab,Qadirabad Barrage,22-02-2017,37745,15745
Chenab,Qadirabad Barrage,23-02-2017,28706,6706
Chenab,Qadirabad Barrage,24-02-2017,26074,4074
Chenab,Qadirabad Barrage,25-02-2017,26074,4074
Chenab,Qadirabad Barrage,26-02-2017,24749,2749
Chenab,Qadirabad Barrage,27-02-2017,53532,31997
Chenab,Qadirabad Barrage,28-02-2017,36365,14365
Chenab,Trimmu H/W-,1-02-2017,25122,20122
Chenab,Trimmu H/W-,2-02-2017,19016,13051
Chenab,Trimmu H/W-,3-02-2017,23252,18190
Chenab,Trimmu H/W-,4-02-2017,20681,15801
Chenab,Trimmu H/W-,5-02-2017,25089,19489
Chenab,Trimmu H/W-,6-02-2017,25389,17776
Chenab,Trimmu H/W-,7-02-2017,23742,16142
Chenab,Trimmu H/W-,8-02-2017,19791,12191
Chenab,Trimmu H/W-,9-02-2017,19751,12191
Chenab,Trimmu H/W-,10-02-2017,19768,12191
Chenab,Trimmu H/W-,11-02-2017,19479,11414
Chenab,Trimmu H/W-,12-02-2017,15968,5503
Chenab,Trimmu H/W-,13-02-2017,21216,13212
Chenab,Trimmu H/W-,14-02-2017,14820,6849
Chenab,Trimmu H/W-,15-02-2017,17267,9467
Chenab,Trimmu H/W-,16-02-2017,22382,14666
Chenab,Trimmu H/W-,17-02-2017,30764,22781
Chenab,Trimmu H/W-,18-02-2017,33841,25849
Chenab,Trimmu H/W-,19-02-2017,37816,25849
Chenab,Trimmu H/W-,20-02-2017,36515,23528
Chenab,Trimmu H/W-,21-02-2017,37528,23528
Chenab,Trimmu H/W-,22-02-2017,34358,20158
Chenab,Trimmu H/W-,23-02-2017,37555,22564
Chenab,Trimmu H/W-,24-02-2017,36383,20906
Chenab,Trimmu H/W-,25-02-2017,39759,24392
Chenab,Trimmu H/W-,26-02-2017,38837,23936
Chenab,Trimmu H/W-,27-02-2017,38829,23936
Chenab,Trimmu H/W-,28-02-2017,34557,19152
Chenab,Panjnad H/W,1-02-2017,12773,12273
Chenab,Panjnad H/W,2-02-2017,14227,13724
Chenab,Panjnad H/W,3-02-2017,14038,13724
Chenab,Panjnad H/W,4-02-2017,14553,12273
Chenab,Panjnad H/W,5-02-2017,14884,12273
Chenab,Panjnad H/W,6-02-2017,15403,12804
Chenab,Panjnad H/W,7-02-2017,15934,12281
Chenab,Panjnad H/W,8-02-2017,14589,9889
Chenab,Panjnad H/W,9-02-2017,14589,9889
Chenab,Panjnad H/W,10-02-2017,14173,9295
Chenab,Panjnad H/W,11-02-2017,14194,9000
Chenab,Panjnad H/W,12-02-2017,14235,9000
Chenab,Panjnad H/W,13-02-2017,14153,9000
Chenab,Panjnad H/W,14-02-2017,14317,9000
Chenab,Panjnad H/W,15-02-2017,11500,9000
Chenab,Panjnad H/W,16-02-2017,7640,5000
Chenab,Panjnad H/W,17-02-2017,8778,6000
Chenab,Panjnad H/W,18-02-2017,7251,6000
Chenab,Panjnad H/W,19-02-2017,7188,6000
Chenab,Panjnad H/W,20-02-2017,9431,6000
Chenab,Panjnad H/W,21-02-2017,15000,11825
Chenab,Panjnad H/W,22-02-2017,16405,13000
Chenab,Panjnad H/W,23-02-2017,16944,13000
Chenab,Panjnad H/W,24-02-2017,13525,13000
Chenab,Panjnad H/W,25-02-2017,13513,13000
Chenab,Panjnad H/W,26-02-2017,13036,12516
Chenab,Panjnad H/W,27-02-2017,12065,11544
Chenab,Panjnad H/W,28-02-2017,12724,12216
Chenab,Marala H/W,1-03-2017,14388,3000
Chenab,Marala H/W,2-03-2017,14947,3000
Chenab,Marala H/W,3-03-2017,77922,64331
Chenab,Marala H/W,4-03-2017,53209,43940
Chenab,Marala H/W,5-03-2017,24598,20636
Chenab,Marala H/W,6-03-2017,33156,29375
Chenab,Marala H/W,7-03-2017,27249,23549
Chenab,Marala H/W,8-03-2017,26749,23549
Chenab,Marala H/W,9-03-2017,44482,41027
Chenab,Marala H/W,10-03-2017,43050,39771
Chenab,Marala H/W,11-03-2017,28669,25196
Chenab,Marala H/W,12-03-2017,23756,19370
Chenab,Marala H/W,13-03-2017,20628,16457
Chenab,Marala H/W,14-03-2017,20457,16457
Chenab,Marala H/W,15-03-2017,20457,16457
Chenab,Marala H/W,16-03-2017,40848,36848
Chenab,Marala H/W,17-03-2017,84424,80130
Chenab,Marala H/W,18-03-2017,48663,44270
Chenab,Marala H/W,19-03-2017,37660,33654
Chenab,Marala H/W,20-03-2017,29741,25692
Chenab,Marala H/W,21-03-2017,29792,25692
Chenab,Marala H/W,22-03-2017,27749,23549
Chenab,Marala H/W,23-03-2017,24836,20636
Chenab,Marala H/W,24-03-2017,25066,20636
Chenab,Marala H/W,25-03-2017,25878,20636
Chenab,Marala H/W,26-03-2017,29112,23549
Chenab,Marala H/W,27-03-2017,34634,29375
Chenab,Marala H/W,28-03-2017,31512,26462
Chenab,Marala H/W,29-03-2017,28949,23549
Chenab,Marala H/W,30-03-2017,148551,143080
Chenab,Marala H/W,31-03-2017,73308,68008
Chenab,Khanki H/W,1-03-2017,5412,1612
Chenab,Khanki H/W,2-03-2017,6152,2652
Chenab,Khanki H/W,3-03-2017,94618,91318
Chenab,Khanki H/W,4-03-2017,71116,67286
Chenab,Khanki H/W,5-03-2017,47242,42242
Chenab,Khanki H/W,6-03-2017,37640,32640
Chenab,Khanki H/W,7-03-2017,35652,30952
Chenab,Khanki H/W,8-03-2017,33982,29682
Chenab,Khanki H/W,9-03-2017,27547,23747
Chenab,Khanki H/W,10-03-2017,53954,50986
Chenab,Khanki H/W,11-03-2017,38812,35862
Chenab,Khanki H/W,12-03-2017,27551,24601
Chenab,Khanki H/W,13-03-2017,23198,20248
Chenab,Khanki H/W,14-03-2017,20283,17333
Chenab,Khanki H/W,15-03-2017,23204,20254
Chenab,Khanki H/W,16-03-2017,32559,29609
Chenab,Khanki H/W,17-03-2017,122777,119827
Chenab,Khanki H/W,18-03-2017,58255,55305
Chenab,Khanki H/W,19-03-2017,47327,44377
Chenab,Khanki H/W,20-03-2017,36141,33161
Chenab,Khanki H/W,21-03-2017,31187,28237
Chenab,Khanki H/W,22-03-2017,29978,25478
Chenab,Khanki H/W,23-03-2017,29978,25478
Chenab,Khanki H/W,24-03-2017,28048,23048
Chenab,Khanki H/W,25-03-2017,26078,20978
Chenab,Khanki H/W,26-03-2017,24894,19411
Chenab,Khanki H/W,27-03-2017,29553,23803
Chenab,Khanki H/W,28-03-2017,31631,25881
Chenab,Khanki H/W,29-03-2017,33021,27271
Chenab,Khanki H/W,30-03-2017,52338,46588
Chenab,Khanki H/W,31-03-2017,78791,73041
Chenab,Qadirabad Barrage,1-03-2017,28346,6706
Chenab,Qadirabad Barrage,2-03-2017,26074,4074
Chenab,Qadirabad Barrage,3-03-2017,110659,88659
Chenab,Qadirabad Barrage,4-03-2017,83046,61046
Chenab,Qadirabad Barrage,5-03-2017,50421,28421
Chenab,Qadirabad Barrage,6-03-2017,40183,18183
Chenab,Qadirabad Barrage,7-03-2017,35473,13473
Chenab,Qadirabad Barrage,8-03-2017,39591,19527
Chenab,Qadirabad Barrage,9-03-2017,33305,14305
Chenab,Qadirabad Barrage,10-03-2017,61650,42650
Chenab,Qadirabad Barrage,11-03-2017,46883,28604
Chenab,Qadirabad Barrage,12-03-2017,38529,19529
Chenab,Qadirabad Barrage,13-03-2017,33304,14304
Chenab,Qadirabad Barrage,14-03-2017,33304,14304
Chenab,Qadirabad Barrage,15-03-2017,28095,9095
Chenab,Qadirabad Barrage,16-03-2017,30710,11710
Chenab,Qadirabad Barrage,17-03-2017,139974,120974
Chenab,Qadirabad Barrage,18-03-2017,77961,58358
Chenab,Qadirabad Barrage,19-03-2017,57334,38334
Chenab,Qadirabad Barrage,20-03-2017,53076,34076
Chenab,Qadirabad Barrage,21-03-2017,44087,24031
Chenab,Qadirabad Barrage,22-03-2017,38528,19528
Chenab,Qadirabad Barrage,23-03-2017,34650,15650
Chenab,Qadirabad Barrage,24-03-2017,32081,13081
Chenab,Qadirabad Barrage,25-03-2017,32081,13081
Chenab,Qadirabad Barrage,26-03-2017,29442,10442
Chenab,Qadirabad Barrage,27-03-2017,33679,13081
Chenab,Qadirabad Barrage,28-03-2017,36650,15650
Chenab,Qadirabad Barrage,29-03-2017,34065,13065
Chenab,Qadirabad Barrage,30-03-2017,36771,15771
Chenab,Qadirabad Barrage,31-03-2017,105581,87106
Chenab,Trimmu H/W-,1-03-2017,34052,19152
Chenab,Trimmu H/W-,2-03-2017,52875,43175
Chenab,Trimmu H/W-,3-03-2017,54767,45001
Chenab,Trimmu H/W-,4-03-2017,47866,37655
Chenab,Trimmu H/W-,5-03-2017,87021,77521
Chenab,Trimmu H/W-,6-03-2017,83797,73817
Chenab,Trimmu H/W-,7-03-2017,68568,58563
Chenab,Trimmu H/W-,8-03-2017,68563,58563
Chenab,Trimmu H/W-,9-03-2017,58454,48484
Chenab,Trimmu H/W-,10-03-2017,53104,41135
Chenab,Trimmu H/W-,11-03-2017,52957,40985
Chenab,Trimmu H/W-,12-03-2017,54632,42637
Chenab,Trimmu H/W-,13-03-2017,54632,42637
Chenab,Trimmu H/W-,14-03-2017,46002,34002
Chenab,Trimmu H/W-,15-03-2017,46002,34002
Chenab,Trimmu H/W-,16-03-2017,40502,34002
Chenab,Trimmu H/W-,17-03-2017,42246,35749
Chenab,Trimmu H/W-,18-03-2017,101647,95188
Chenab,Trimmu H/W-,19-03-2017,96210,89681
Chenab,Trimmu H/W-,20-03-2017,78135,71634
Chenab,Trimmu H/W-,21-03-2017,65386,58011
Chenab,Trimmu H/W-,22-03-2017,61759,54459
Chenab,Trimmu H/W-,23-03-2017,63607,51307
Chenab,Trimmu H/W-,24-03-2017,59386,47126
Chenab,Trimmu H/W-,25-03-2017,55735,43414
Chenab,Trimmu H/W-,26-03-2017,45067,32797
Chenab,Trimmu H/W-,27-03-2017,42117,29904
Chenab,Trimmu H/W-,28-03-2017,21543,9254
Chenab,Trimmu H/W-,29-03-2017,19221,6921
Chenab,Trimmu H/W-,30-03-2017,17961,5493
Chenab,Trimmu H/W-,31-03-2017,21953,9456
Chenab,Panjnad H/W,1-03-2017,14243,12843
Chenab,Panjnad H/W,2-03-2017,17318,15634
Chenab,Panjnad H/W,3-03-2017,17343,15634
Chenab,Panjnad H/W,4-03-2017,19764,17295
Chenab,Panjnad H/W,5-03-2017,37267,34520
Chenab,Panjnad H/W,6-03-2017,41922,39420
Chenab,Panjnad H/W,7-03-2017,58922,56402
Chenab,Panjnad H/W,8-03-2017,76500,74000
Chenab,Panjnad H/W,9-03-2017,72437,69937
Chenab,Panjnad H/W,10-03-2017,69657,67082
Chenab,Panjnad H/W,11-03-2017,68407,65147
Chenab,Panjnad H/W,12-03-2017,61332,58045
Chenab,Panjnad H/W,13-03-2017,57074,53712
Chenab,Panjnad H/W,14-03-2017,52213,48856
Chenab,Panjnad H/W,15-03-2017,56732,56582
Chenab,Panjnad H/W,16-03-2017,53712,53712
Chenab,Panjnad H/W,17-03-2017,53712,53712
Chenab,Panjnad H/W,18-03-2017,52240,51969
Chenab,Panjnad H/W,19-03-2017,47922,47572
Chenab,Panjnad H/W,20-03-2017,85464,85101
Chenab,Panjnad H/W,21-03-2017,88462,88096
Chenab,Panjnad H/W,22-03-2017,88526,88096
Chenab,Panjnad H/W,23-03-2017,63178,62678
Chenab,Panjnad H/W,24-03-2017,52773,52266
Chenab,Panjnad H/W,25-03-2017,48391,47891
Chenab,Panjnad H/W,26-03-2017,47449,47014
Chenab,Panjnad H/W,27-03-2017,46118,45618
Chenab,Panjnad H/W,28-03-2017,41246,40743
Chenab,Panjnad H/W,29-03-2017,38798,38298
Chenab,Panjnad H/W,30-03-2017,34082,33568
Chenab,Panjnad H/W,31-03-2017,24700,24191
Chenab,Marala H/W,1-04-2017,52076,47176
Chenab,Marala H/W,2-04-2017,83106,78424
Chenab,Marala H/W,3-04-2017,75272,70672
Chenab,Marala H/W,4-04-2017,102831,97608
Chenab,Marala H/W,5-04-2017,86136,81536
Chenab,Marala H/W,6-04-2017,63480,58680
Chenab,Marala H/W,7-04-2017,56012,51212
Chenab,Marala H/W,8-04-2017,52320,47367
Chenab,Marala H/W,9-04-2017,48584,43784
Chenab,Marala H/W,10-04-2017,48708,43784
Chenab,Marala H/W,11-04-2017,34705,29816
Chenab,Marala H/W,12-04-2017,38788,33288
Chenab,Marala H/W,13-04-2017,35316,29816
Chenab,Marala H/W,14-04-2017,32294,26344
Chenab,Marala H/W,15-04-2017,35682,29816
Chenab,Marala H/W,16-04-2017,35766,29816
Chenab,Marala H/W,17-04-2017,59851,54120
Chenab,Marala H/W,18-04-2017,36228,30760
Chenab,Marala H/W,19-04-2017,42810,36760
Chenab,Marala H/W,20-04-2017,39500,33288
Chenab,Marala H/W,21-04-2017,51282,40232
Chenab,Marala H/W,22-04-2017,52163,40232
Chenab,Marala H/W,23-04-2017,38135,26344
Chenab,Marala H/W,24-04-2017,45882,33288
Chenab,Marala H/W,25-04-2017,47614,33288
Chenab,Marala H/W,26-04-2017,45166,29816
Chenab,Marala H/W,27-04-2017,49638,33288
Chenab,Marala H/W,28-04-2017,54310,36760
Chenab,Marala H/W,29-04-2017,37568,17284
Chenab,Marala H/W,30-04-2017,40368,21068
Chenab,Khanki H/W,1-04-2017,55383,49633
Chenab,Khanki H/W,2-04-2017,55395,49945
Chenab,Khanki H/W,3-04-2017,96872,91422
Chenab,Khanki H/W,4-04-2017,142109,136699
Chenab,Khanki H/W,5-04-2017,61661,56211
Chenab,Khanki H/W,6-04-2017,64602,59152
Chenab,Khanki H/W,7-04-2017,61376,55926
Chenab,Khanki H/W,8-04-2017,56675,51225
Chenab,Khanki H/W,9-04-2017,56126,51226
Chenab,Khanki H/W,10-04-2017,42694,37806
Chenab,Khanki H/W,11-04-2017,37951,32951
Chenab,Khanki H/W,12-04-2017,36034,30734
Chenab,Khanki H/W,13-04-2017,34940,29440
Chenab,Khanki H/W,14-04-2017,34135,28635
Chenab,Khanki H/W,15-04-2017,32058,26450
Chenab,Khanki H/W,16-04-2017,34139,28589
Chenab,Khanki H/W,17-04-2017,54136,48586
Chenab,Khanki H/W,18-04-2017,47905,42355
Chenab,Khanki H/W,19-04-2017,41132,35282
Chenab,Khanki H/W,20-04-2017,38547,32681
Chenab,Khanki H/W,21-04-2017,38531,32681
Chenab,Khanki H/W,22-04-2017,51304,45054
Chenab,Khanki H/W,23-04-2017,41802,35552
Chenab,Khanki H/W,24-04-2017,37010,30560
Chenab,Khanki H/W,25-04-2017,38638,32188
Chenab,Khanki H/W,26-04-2017,43321,36871
Chenab,Khanki H/W,27-04-2017,38081,31324
Chenab,Khanki H/W,28-04-2017,37974,31324
Chenab,Khanki H/W,29-04-2017,32154,25504
Chenab,Khanki H/W,30-04-2017,26058,19408
Chenab,Qadirabad Barrage,1-04-2017,71643,50811
Chenab,Qadirabad Barrage,2-04-2017,57978,36978
Chenab,Qadirabad Barrage,3-04-2017,119762,98548
Chenab,Qadirabad Barrage,4-04-2017,136222,115222
Chenab,Qadirabad Barrage,5-04-2017,89279,68279
Chenab,Qadirabad Barrage,6-04-2017,75746,54746
Chenab,Qadirabad Barrage,7-04-2017,56086,35086
Chenab,Qadirabad Barrage,8-04-2017,56086,35086
Chenab,Qadirabad Barrage,9-04-2017,56086,35086
Chenab,Qadirabad Barrage,10-04-2017,54918,33918
Chenab,Qadirabad Barrage,11-04-2017,47552,26975
Chenab,Qadirabad Barrage,12-04-2017,42220,21220
Chenab,Qadirabad Barrage,13-04-2017,42220,21220
Chenab,Qadirabad Barrage,14-04-2017,38487,17487
Chenab,Qadirabad Barrage,15-04-2017,36219,15219
Chenab,Qadirabad Barrage,16-04-2017,32855,11855
Chenab,Qadirabad Barrage,17-04-2017,36219,15219
Chenab,Qadirabad Barrage,18-04-2017,53534,32225
Chenab,Qadirabad Barrage,19-04-2017,46630,25630
Chenab,Qadirabad Barrage,20-04-2017,38550,17550
Chenab,Qadirabad Barrage,21-04-2017,33882,13131
Chenab,Qadirabad Barrage,22-04-2017,46630,25630
Chenab,Qadirabad Barrage,23-04-2017,47520,25630
Chenab,Qadirabad Barrage,24-04-2017,41894,19894
Chenab,Qadirabad Barrage,25-04-2017,37219,15219
Chenab,Qadirabad Barrage,26-04-2017,41894,19894
Chenab,Qadirabad Barrage,27-04-2017,41894,19894
Chenab,Qadirabad Barrage,28-04-2017,41894,19894
Chenab,Qadirabad Barrage,29-04-2017,45371,23371
Chenab,Qadirabad Barrage,30-04-2017,37219,15219
Chenab,Trimmu H/W-,1-04-2017,117628,105128
Chenab,Trimmu H/W-,2-04-2017,64472,51997
Chenab,Trimmu H/W-,3-04-2017,15497,3054
Chenab,Trimmu H/W-,4-04-2017,96616,84165
Chenab,Trimmu H/W-,5-04-2017,99607,87107
Chenab,Trimmu H/W-,6-04-2017,85519,73019
Chenab,Trimmu H/W-,7-04-2017,55605,43095
Chenab,Trimmu H/W-,8-04-2017,45986,33962
Chenab,Trimmu H/W-,9-04-2017,34541,22596
Chenab,Trimmu H/W-,10-04-2017,40820,28848
Chenab,Trimmu H/W-,11-04-2017,43134,31143
Chenab,Trimmu H/W-,12-04-2017,38586,26586
Chenab,Trimmu H/W-,13-04-2017,32324,19808
Chenab,Trimmu H/W-,14-04-2017,27437,15021
Chenab,Trimmu H/W-,15-04-2017,23287,10793
Chenab,Trimmu H/W-,16-04-2017,23253,10793
Chenab,Trimmu H/W-,17-04-2017,20269,7792
Chenab,Trimmu H/W-,18-04-2017,16574,3569
Chenab,Trimmu H/W-,19-04-2017,17366,4266
Chenab,Trimmu H/W-,20-04-2017,36699,23281
Chenab,Trimmu H/W-,21-04-2017,38951,25273
Chenab,Trimmu H/W-,22-04-2017,31614,17943
Chenab,Trimmu H/W-,23-04-2017,26898,13396
Chenab,Trimmu H/W-,24-04-2017,27007,13396
Chenab,Trimmu H/W-,25-04-2017,35448,21985
Chenab,Trimmu H/W-,26-04-2017,31607,18107
Chenab,Trimmu H/W-,27-04-2017,31898,18107
Chenab,Trimmu H/W-,28-04-2017,29289,15662
Chenab,Trimmu H/W-,29-04-2017,29326,15662
Chenab,Trimmu H/W-,30-04-2017,30362,15662
Chenab,Panjnad H/W,1-04-2017,16873,16373
Chenab,Panjnad H/W,2-04-2017,27649,27122
Chenab,Panjnad H/W,3-04-2017,89777,89777
Chenab,Panjnad H/W,4-04-2017,58957,58957
Chenab,Panjnad H/W,5-04-2017,46514,44514
Chenab,Panjnad H/W,6-04-2017,80973,78784
Chenab,Panjnad H/W,7-04-2017,93434,91155
Chenab,Panjnad H/W,8-04-2017,85504,83308
Chenab,Panjnad H/W,9-04-2017,71274,68924
Chenab,Panjnad H/W,10-04-2017,49053,46769
Chenab,Panjnad H/W,11-04-2017,40988,38588
Chenab,Panjnad H/W,12-04-2017,34809,32459
Chenab,Panjnad H/W,13-04-2017,34837,32459
Chenab,Panjnad H/W,14-04-2017,33373,30840
Chenab,Panjnad H/W,15-04-2017,32650,29630
Chenab,Panjnad H/W,16-04-2017,28562,23439
Chenab,Panjnad H/W,17-04-2017,24298,18660
Chenab,Panjnad H/W,18-04-2017,21049,14080
Chenab,Panjnad H/W,19-04-2017,21124,13874
Chenab,Panjnad H/W,20-04-2017,19247,11819
Chenab,Panjnad H/W,21-04-2017,15738,8058
Chenab,Panjnad H/W,22-04-2017,13353,5682
Chenab,Panjnad H/W,23-04-2017,17554,9742
Chenab,Panjnad H/W,24-04-2017,18593,10979
Chenab,Panjnad H/W,25-04-2017,18397,10260
Chenab,Panjnad H/W,26-04-2017,12946,5166
Chenab,Panjnad H/W,27-04-2017,10915,3100
Chenab,Panjnad H/W,28-04-2017,10906,3100
Chenab,Panjnad H/W,29-04-2017,12016,3727
Chenab,Panjnad H/W,30-04-2017,13448,5148
Chenab,Marala H/W,1-05-2017,44866,24816
Chenab,Marala H/W,2-05-2017,45666,22542
Chenab,Marala H/W,3-05-2017,36048,14398
Chenab,Marala H/W,4-05-2017,32676,10326
Chenab,Marala H/W,5-05-2017,37622,18470
Chenab,Marala H/W,6-05-2017,40571,22542
Chenab,Marala H/W,7-05-2017,43061,22542
Chenab,Marala H/W,8-05-2017,53158,34758
Chenab,Marala H/W,9-05-2017,58626,38830
Chenab,Marala H/W,10-05-2017,54919,34758
Chenab,Marala H/W,11-05-2017,59677,38830
Chenab,Marala H/W,12-05-2017,63602,42902
Chenab,Marala H/W,13-05-2017,66062,42902
Chenab,Marala H/W,14-05-2017,63105,38830
Chenab,Marala H/W,15-05-2017,48827,22542
Chenab,Marala H/W,16-05-2017,48656,22542
Chenab,Marala H/W,17-05-2017,47242,22542
Chenab,Marala H/W,18-05-2017,59458,34758
Chenab,Marala H/W,19-05-2017,63734,38830
Chenab,Marala H/W,20-05-2017,53372,26614
Chenab,Marala H/W,21-05-2017,51314,26614
Chenab,Marala H/W,22-05-2017,57292,30686
Chenab,Marala H/W,23-05-2017,58779,34758
Chenab,Marala H/W,24-05-2017,55686,30686
Chenab,Marala H/W,25-05-2017,55950,30686
Chenab,Marala H/W,26-05-2017,47802,22542
Chenab,Marala H/W,27-05-2017,45264,18470
Chenab,Marala H/W,28-05-2017,40528,14398
Chenab,Marala H/W,29-05-2017,44670,18470
Chenab,Marala H/W,30-05-2017,49304,22542
Chenab,Marala H/W,31-05-2017,49442,22542
Chenab,Khanki H/W,1-05-2017,34730,28069
Chenab,Khanki H/W,2-05-2017,33453,26803
Chenab,Khanki H/W,3-05-2017,16536,9886
Chenab,Khanki H/W,4-05-2017,15120,8470
Chenab,Khanki H/W,5-05-2017,15078,8428
Chenab,Khanki H/W,6-05-2017,25133,18483
Chenab,Khanki H/W,7-05-2017,32891,26000
Chenab,Khanki H/W,8-05-2017,35116,28266
Chenab,Khanki H/W,9-05-2017,46698,39848
Chenab,Khanki H/W,10-05-2017,48873,41823
Chenab,Khanki H/W,11-05-2017,42886,35839
Chenab,Khanki H/W,12-05-2017,45871,38771
Chenab,Khanki H/W,13-05-2017,49712,42612
Chenab,Khanki H/W,14-05-2017,50914,43714
Chenab,Khanki H/W,15-05-2017,43039,35839
Chenab,Khanki H/W,16-05-2017,23898,16798
Chenab,Khanki H/W,17-05-2017,27391,20291
Chenab,Khanki H/W,18-05-2017,42679,35579
Chenab,Khanki H/W,19-05-2017,32018,24818
Chenab,Khanki H/W,20-05-2017,42755,35579
Chenab,Khanki H/W,21-05-2017,29783,22583
Chenab,Khanki H/W,22-05-2017,29783,22583
Chenab,Khanki H/W,23-05-2017,32053,24818
Chenab,Khanki H/W,24-05-2017,39385,32135
Chenab,Khanki H/W,25-05-2017,36729,29329
Chenab,Khanki H/W,26-05-2017,32161,24611
Chenab,Khanki H/W,27-05-2017,22042,14442
Chenab,Khanki H/W,28-05-2017,22192,14442
Chenab,Khanki H/W,29-05-2017,16267,8517
Chenab,Khanki H/W,30-05-2017,21812,13962
Chenab,Khanki H/W,31-05-2017,27792,19892
Chenab,Qadirabad Barrage,1-05-2017,37910,15219
Chenab,Qadirabad Barrage,2-05-2017,43043,21043
Chenab,Qadirabad Barrage,3-05-2017,35131,13131
Chenab,Qadirabad Barrage,4-05-2017,28870,6870
Chenab,Qadirabad Barrage,5-05-2017,27502,5502
Chenab,Qadirabad Barrage,6-05-2017,31599,9599
Chenab,Qadirabad Barrage,7-05-2017,38005,16005
Chenab,Qadirabad Barrage,8-05-2017,44701,22381
Chenab,Qadirabad Barrage,9-05-2017,50983,28983
Chenab,Qadirabad Barrage,10-05-2017,56221,34221
Chenab,Qadirabad Barrage,11-05-2017,56091,34221
Chenab,Qadirabad Barrage,12-05-2017,56221,34221
Chenab,Qadirabad Barrage,13-05-2017,56221,34221
Chenab,Qadirabad Barrage,14-05-2017,56221,34221
Chenab,Qadirabad Barrage,15-05-2017,59808,37808
Chenab,Qadirabad Barrage,16-05-2017,41669,19669
Chenab,Qadirabad Barrage,17-05-2017,39477,17477
Chenab,Qadirabad Barrage,18-05-2017,41272,19669
Chenab,Qadirabad Barrage,19-05-2017,56221,34221
Chenab,Qadirabad Barrage,20-05-2017,52164,30164
Chenab,Qadirabad Barrage,21-05-2017,41564,19669
Chenab,Qadirabad Barrage,22-05-2017,46266,24266
Chenab,Qadirabad Barrage,23-05-2017,41669,19669
Chenab,Qadirabad Barrage,24-05-2017,52164,30164
Chenab,Qadirabad Barrage,25-05-2017,50762,28762
Chenab,Qadirabad Barrage,26-05-2017,48177,26177
Chenab,Qadirabad Barrage,27-05-2017,36848,14848
Chenab,Qadirabad Barrage,28-05-2017,33073,10953
Chenab,Qadirabad Barrage,29-05-2017,22000,NIL
Chenab,Qadirabad Barrage,30-05-2017,22000,NIL
Chenab,Qadirabad Barrage,31-05-2017,24836,2836
Chenab,Trimmu H/W-,1-05-2017,30362,15662
Chenab,Trimmu H/W-,2-05-2017,37277,23591
Chenab,Trimmu H/W-,3-05-2017,37291,23591
Chenab,Trimmu H/W-,4-05-2017,35720,21817
Chenab,Trimmu H/W-,5-05-2017,41839,27942
Chenab,Trimmu H/W-,6-05-2017,42871,30371
Chenab,Trimmu H/W-,7-05-2017,42861,30371
Chenab,Trimmu H/W-,8-05-2017,43764,31264
Chenab,Trimmu H/W-,9-05-2017,45751,31264
Chenab,Trimmu H/W-,10-05-2017,46145,31665
Chenab,Trimmu H/W-,11-05-2017,53398,38898
Chenab,Trimmu H/W-,12-05-2017,62129,47629
Chenab,Trimmu H/W-,13-05-2017,63295,48270
Chenab,Trimmu H/W-,14-05-2017,74281,58781
Chenab,Trimmu H/W-,15-05-2017,80100,64620
Chenab,Trimmu H/W-,16-05-2017,84978,70494
Chenab,Trimmu H/W-,17-05-2017,85490,70490
Chenab,Trimmu H/W-,18-05-2017,85579,70490
Chenab,Trimmu H/W-,19-05-2017,81718,67626
Chenab,Trimmu H/W-,20-05-2017,84791,70706
Chenab,Trimmu H/W-,21-05-2017,82576,68536
Chenab,Trimmu H/W-,22-05-2017,84857,70830
Chenab,Trimmu H/W-,23-05-2017,80098,66048
Chenab,Trimmu H/W-,24-05-2017,73155,59126
Chenab,Trimmu H/W-,25-05-2017,69997,55947
Chenab,Trimmu H/W-,26-05-2017,54083,40053
Chenab,Trimmu H/W-,27-05-2017,60179,45632
Chenab,Trimmu H/W-,28-05-2017,60219,45169
Chenab,Trimmu H/W-,29-05-2017,60197,45169
Chenab,Trimmu H/W-,30-05-2017,38591,23541
Chenab,Trimmu H/W-,31-05-2017,19068,4018
Chenab,Panjnad H/W,1-05-2017,10805,2494
Chenab,Panjnad H/W,2-05-2017,10843,2494
Chenab,Panjnad H/W,3-05-2017,12476,4136
Chenab,Panjnad H/W,4-05-2017,13700,5147
Chenab,Panjnad H/W,5-05-2017,13655,5085
Chenab,Panjnad H/W,6-05-2017,15599,7049
Chenab,Panjnad H/W,7-05-2017,17413,8791
Chenab,Panjnad H/W,8-05-2017,17613,8789
Chenab,Panjnad H/W,9-05-2017,24045,15305
Chenab,Panjnad H/W,10-05-2017,22840,14147
Chenab,Panjnad H/W,11-05-2017,22997,14147
Chenab,Panjnad H/W,12-05-2017,23277,14527
Chenab,Panjnad H/W,13-05-2017,24166,15305
Chenab,Panjnad H/W,14-05-2017,25996,17071
Chenab,Panjnad H/W,15-05-2017,35980,27119
Chenab,Panjnad H/W,16-05-2017,40647,31609
Chenab,Panjnad H/W,17-05-2017,45938,36848
Chenab,Panjnad H/W,18-05-2017,50952,41840
Chenab,Panjnad H/W,19-05-2017,55143,46053
Chenab,Panjnad H/W,20-05-2017,55104,46053
Chenab,Panjnad H/W,21-05-2017,59544,50494
Chenab,Panjnad H/W,22-05-2017,56319,47264
Chenab,Panjnad H/W,23-05-2017,59618,50494
Chenab,Panjnad H/W,24-05-2017,60859,51769
Chenab,Panjnad H/W,25-05-2017,60862,51769
Chenab,Panjnad H/W,26-05-2017,60069,50962
Chenab,Panjnad H/W,27-05-2017,48743,39650
Chenab,Panjnad H/W,28-05-2017,48935,39643
Chenab,Panjnad H/W,29-05-2017,43274,34178
Chenab,Panjnad H/W,30-05-2017,37427,28319
Chenab,Panjnad H/W,31-05-2017,36594,27274
Chenab,Marala H/W,1-06-2017,45014,18470
Chenab,Marala H/W,2-06-2017,40479,14398
Chenab,Marala H/W,3-06-2017,41157,13697
Chenab,Marala H/W,4-06-2017,34125,6955
Chenab,Marala H/W,5-06-2017,38612,10326
Chenab,Marala H/W,6-06-2017,38606,10326
Chenab,Marala H/W,7-06-2017,40595,11572
Chenab,Marala H/W,8-06-2017,39693,9720
Chenab,Marala H/W,9-06-2017,44482,15286
Chenab,Marala H/W,10-06-2017,51263,22834
Chenab,Marala H/W,11-06-2017,52335,22834
Chenab,Marala H/W,12-06-2017,56357,26608
Chenab,Marala H/W,13-06-2017,52101,22834
Chenab,Marala H/W,14-06-2017,56718,26608
Chenab,Marala H/W,15-06-2017,54980,25268
Chenab,Marala H/W,16-06-2017,54120,25268
Chenab,Marala H/W,17-06-2017,50784,20696
Chenab,Marala H/W,18-06-2017,51341,20696
Chenab,Marala H/W,19-06-2017,63732,34472
Chenab,Marala H/W,20-06-2017,69405,39064
Chenab,Marala H/W,21-06-2017,83063,52880
Chenab,Marala H/W,22-06-2017,96271,66616
Chenab,Marala H/W,23-06-2017,79372,48248
Chenab,Marala H/W,24-06-2017,69257,39064
Chenab,Marala H/W,25-06-2017,93856,62024
Chenab,Marala H/W,26-06-2017,97837,66616
Chenab,Marala H/W,27-06-2017,70308,37851
Chenab,Marala H/W,28-06-2017,56358,24075
Chenab,Marala H/W,29-06-2017,56986,24075
Chenab,Marala H/W,30-06-2017,66826,33254
Chenab,Khanki H/W,1-06-2017,25617,17617
Chenab,Khanki H/W,2-06-2017,19380,11380
Chenab,Khanki H/W,3-06-2017,21934,13962
Chenab,Khanki H/W,4-06-2017,9938,2038
Chenab,Khanki H/W,5-06-2017,11634,3584
Chenab,Khanki H/W,6-06-2017,15271,7171
Chenab,Khanki H/W,7-06-2017,16626,8476
Chenab,Khanki H/W,8-06-2017,14657,6507
Chenab,Khanki H/W,9-06-2017,11835,3585
Chenab,Khanki H/W,10-06-2017,22248,13962
Chenab,Khanki H/W,11-06-2017,25448,17048
Chenab,Khanki H/W,12-06-2017,27437,19037
Chenab,Khanki H/W,13-06-2017,31222,22822
Chenab,Khanki H/W,14-06-2017,25499,17049
Chenab,Khanki H/W,15-06-2017,32880,24680
Chenab,Khanki H/W,16-06-2017,17344,8970
Chenab,Khanki H/W,17-06-2017,27162,18812
Chenab,Khanki H/W,18-06-2017,22403,13903
Chenab,Khanki H/W,19-06-2017,20946,12446
Chenab,Khanki H/W,20-06-2017,38953,30420
Chenab,Khanki H/W,21-06-2017,57600,49050
Chenab,Khanki H/W,22-06-2017,68429,59879
Chenab,Khanki H/W,23-06-2017,63605,55055
Chenab,Khanki H/W,24-06-2017,42307,33957
Chenab,Khanki H/W,25-06-2017,36179,27629
Chenab,Khanki H/W,26-06-2017,87065,78515
Chenab,Khanki H/W,27-06-2017,49917,41367
Chenab,Khanki H/W,28-06-2017,31053,22503
Chenab,Khanki H/W,29-06-2017,19653,11103
Chenab,Khanki H/W,30-06-2017,19653,11103
Chenab,Qadirabad Barrage,1-06-2017,29037,6940
Chenab,Qadirabad Barrage,2-06-2017,28940,6940
Chenab,Qadirabad Barrage,3-06-2017,22000,NIL
Chenab,Qadirabad Barrage,4-06-2017,22000,NIL
Chenab,Qadirabad Barrage,5-06-2017,16000,NIL
Chenab,Qadirabad Barrage,6-06-2017,20050,NIL
Chenab,Qadirabad Barrage,7-06-2017,22000,NIL
Chenab,Qadirabad Barrage,8-06-2017,21784,NIL
Chenab,Qadirabad Barrage,9-06-2017,24836,2836
Chenab,Qadirabad Barrage,10-06-2017,33044,11044
Chenab,Qadirabad Barrage,11-06-2017,35438,13780
Chenab,Qadirabad Barrage,12-06-2017,37143,15143
Chenab,Qadirabad Barrage,13-06-2017,39744,17744
Chenab,Qadirabad Barrage,14-06-2017,37108,15108
Chenab,Qadirabad Barrage,15-06-2017,42404,20404
Chenab,Qadirabad Barrage,16-06-2017,37148,15148
Chenab,Qadirabad Barrage,17-06-2017,41050,19050
Chenab,Qadirabad Barrage,18-06-2017,37344,15108
Chenab,Qadirabad Barrage,19-06-2017,30308,8308
Chenab,Qadirabad Barrage,20-06-2017,47681,25681
Chenab,Qadirabad Barrage,21-06-2017,63730,41057
Chenab,Qadirabad Barrage,22-06-2017,75411,53411
Chenab,Qadirabad Barrage,23-06-2017,75411,53411
Chenab,Qadirabad Barrage,24-06-2017,52901,30901
Chenab,Qadirabad Barrage,25-06-2017,47681,25681
Chenab,Qadirabad Barrage,26-06-2017,89571,67571
Chenab,Qadirabad Barrage,27-06-2017,74879,52879
Chenab,Qadirabad Barrage,28-06-2017,46060,24400
Chenab,Qadirabad Barrage,29-06-2017,35780,13780
Chenab,Qadirabad Barrage,30-06-2017,28940,6940
Chenab,Trimmu H/W-,1-06-2017,13424,NIL
Chenab,Trimmu H/W-,2-06-2017,14050,NIL
Chenab,Trimmu H/W-,3-06-2017,12732,NIL
Chenab,Trimmu H/W-,4-06-2017,15050,NIL
Chenab,Trimmu H/W-,5-06-2017,16464,1438
Chenab,Trimmu H/W-,6-06-2017,16488,1438
Chenab,Trimmu H/W-,7-06-2017,22051,7030
Chenab,Trimmu H/W-,8-06-2017,18915,2865
Chenab,Trimmu H/W-,9-06-2017,16024,NIL
Chenab,Trimmu H/W-,10-06-2017,22984,6949
Chenab,Trimmu H/W-,11-06-2017,25624,9574
Chenab,Trimmu H/W-,12-06-2017,22993,6949
Chenab,Trimmu H/W-,13-06-2017,22999,6949
Chenab,Trimmu H/W-,14-06-2017,22999,6949
Chenab,Trimmu H/W-,15-06-2017,21977,6949
Chenab,Trimmu H/W-,16-06-2017,23666,9652
Chenab,Trimmu H/W-,17-06-2017,24538,10488
Chenab,Trimmu H/W-,18-06-2017,24038,10488
Chenab,Trimmu H/W-,19-06-2017,25025,10488
Chenab,Trimmu H/W-,20-06-2017,25028,10488
Chenab,Trimmu H/W-,21-06-2017,22133,7583
Chenab,Trimmu H/W-,22-06-2017,17437,2887
Chenab,Trimmu H/W-,23-06-2017,23794,8273
Chenab,Trimmu H/W-,24-06-2017,37957,22419
Chenab,Trimmu H/W-,25-06-2017,63987,50937
Chenab,Trimmu H/W-,26-06-2017,68194,57168
Chenab,Trimmu H/W-,27-06-2017,70210,57168
Chenab,Trimmu H/W-,28-06-2017,74248,60198
Chenab,Trimmu H/W-,29-06-2017,89113,75077
Chenab,Trimmu H/W-,30-06-2017,74081,58531
Chenab,Panjnad H/W,1-06-2017,33979,24671
Chenab,Panjnad H/W,2-06-2017,22011,12722
Chenab,Panjnad H/W,3-06-2017,12460,3124
Chenab,Panjnad H/W,4-06-2017,9294,NIL
Chenab,Panjnad H/W,5-06-2017,8259,NIL
Chenab,Panjnad H/W,6-06-2017,8655,NIL
Chenab,Panjnad H/W,7-06-2017,9350,NIL
Chenab,Panjnad H/W,8-06-2017,10593,1257
Chenab,Panjnad H/W,9-06-2017,12493,3092
Chenab,Panjnad H/W,10-06-2017,10152,838
Chenab,Panjnad H/W,11-06-2017,10385,835
Chenab,Panjnad H/W,12-06-2017,9541,NIL
Chenab,Panjnad H/W,13-06-2017,9508,NIL
Chenab,Panjnad H/W,14-06-2017,10385,835
Chenab,Panjnad H/W,15-06-2017,9537,NIL
Chenab,Panjnad H/W,16-06-2017,9589,NIL
Chenab,Panjnad H/W,17-06-2017,8230,NIL
Chenab,Panjnad H/W,18-06-2017,8565,NIL
Chenab,Panjnad H/W,19-06-2017,8492,NIL
Chenab,Panjnad H/W,20-06-2017,8496,NIL
Chenab,Panjnad H/W,21-06-2017,8926,NIL
Chenab,Panjnad H/W,22-06-2017,8925,NIL
Chenab,Panjnad H/W,23-06-2017,9037,NIL
Chenab,Panjnad H/W,24-06-2017,12668,3104
Chenab,Panjnad H/W,25-06-2017,12593,3092
Chenab,Panjnad H/W,26-06-2017,13205,3678
Chenab,Panjnad H/W,27-06-2017,19973,10320
Chenab,Panjnad H/W,28-06-2017,34768,25018
Chenab,Panjnad H/W,29-06-2017,38742,28996
Chenab,Panjnad H/W,30-06-2017,45430,35689
Chenab,Marala H/W,1-07-2017,61000,28667
Chenab,Marala H/W,2-07-2017,52264,20696
Chenab,Marala H/W,3-07-2017,49487,16604
Chenab,Marala H/W,4-07-2017,58271,25288
Chenab,Marala H/W,5-07-2017,67555,34472
Chenab,Marala H/W,6-07-2017,81582,48248
Chenab,Marala H/W,7-07-2017,89435,57432
Chenab,Marala H/W,8-07-2017,76990,43656
Chenab,Marala H/W,9-07-2017,85970,52840
Chenab,Marala H/W,10-07-2017,109426,75850
Chenab,Marala H/W,11-07-2017,121823,87840
Chenab,Marala H/W,12-07-2017,87043,56820
Chenab,Marala H/W,13-07-2017,145982,115632
Chenab,Marala H/W,14-07-2017,113548,82800
Chenab,Marala H/W,15-07-2017,92844,62172
Chenab,Marala H/W,16-07-2017,97401,65590
Chenab,Marala H/W,17-07-2017,129531,97308
Chenab,Marala H/W,18-07-2017,123392,91392
Chenab,Marala H/W,19-07-2017,98400,66600
Chenab,Marala H/W,20-07-2017,104412,72462
Chenab,Marala H/W,21-07-2017,108524,76524
Chenab,Marala H/W,22-07-2017,123521,91392
Chenab,Marala H/W,23-07-2017,100307,68184
Chenab,Marala H/W,24-07-2017,124178,91902
Chenab,Marala H/W,25-07-2017,120436,91902
Chenab,Marala H/W,26-07-2017,128734,100434
Chenab,Marala H/W,27-07-2017,116389,87840
Chenab,Marala H/W,28-07-2017,90992,62892
Chenab,Marala H/W,29-07-2017,95021,66600
Chenab,Marala H/W,30-07-2017,98675,69920
Chenab,Marala H/W,31-07-2017,111857,82350
Chenab,Khanki H/W,1-07-2017,36955,28455
Chenab,Khanki H/W,2-07-2017,24159,15459
Chenab,Khanki H/W,3-07-2017,22993,22993
Chenab,Khanki H/W,4-07-2017,23798,23798
Chenab,Khanki H/W,5-07-2017,45730,45730
Chenab,Khanki H/W,6-07-2017,65992,65992
Chenab,Khanki H/W,7-07-2017,84680,78680
Chenab,Khanki H/W,8-07-2017,54361,46861
Chenab,Khanki H/W,9-07-2017,91997,83697
Chenab,Khanki H/W,10-07-2017,121268,112893
Chenab,Khanki H/W,11-07-2017,117414,109014
Chenab,Khanki H/W,12-07-2017,77135,68735
Chenab,Khanki H/W,13-07-2017,157535,149135
Chenab,Khanki H/W,14-07-2017,97754,89354
Chenab,Khanki H/W,15-07-2017,74561,66161
Chenab,Khanki H/W,16-07-2017,74580,66075
Chenab,Khanki H/W,17-07-2017,104397,95897
Chenab,Khanki H/W,18-07-2017,119100,111100
Chenab,Khanki H/W,19-07-2017,78047,70047
Chenab,Khanki H/W,20-07-2017,84074,76074
Chenab,Khanki H/W,21-07-2017,80906,72745
Chenab,Khanki H/W,22-07-2017,100301,92301
Chenab,Khanki H/W,23-07-2017,86962,78776
Chenab,Khanki H/W,24-07-2017,115378,107178
Chenab,Khanki H/W,25-07-2017,108080,99680
Chenab,Khanki H/W,26-07-2017,104578,96078
Chenab,Khanki H/W,27-07-2017,121075,112575
Chenab,Khanki H/W,28-07-2017,79675,71175
Chenab,Khanki H/W,29-07-2017,81346,72746
Chenab,Khanki H/W,30-07-2017,75727,67127
Chenab,Khanki H/W,31-07-2017,100079,91479
Chenab,Qadirabad Barrage,1-07-2017,46167,24400
Chenab,Qadirabad Barrage,2-07-2017,39790,17790
Chenab,Qadirabad Barrage,3-07-2017,38516,16516
Chenab,Qadirabad Barrage,4-07-2017,41151,19151
Chenab,Qadirabad Barrage,5-07-2017,46400,24400
Chenab,Qadirabad Barrage,6-07-2017,64378,42378
Chenab,Qadirabad Barrage,7-07-2017,80087,58087
Chenab,Qadirabad Barrage,8-07-2017,69887,48468
Chenab,Qadirabad Barrage,9-07-2017,64378,42378
Chenab,Qadirabad Barrage,10-07-2017,138491,116491
Chenab,Qadirabad Barrage,11-07-2017,135664,114280
Chenab,Qadirabad Barrage,12-07-2017,96297,74297
Chenab,Qadirabad Barrage,13-07-2017,172128,154128
Chenab,Qadirabad Barrage,14-07-2017,120771,106767
Chenab,Qadirabad Barrage,15-07-2017,89375,68785
Chenab,Qadirabad Barrage,16-07-2017,82103,60103
Chenab,Qadirabad Barrage,17-07-2017,98077,76077
Chenab,Qadirabad Barrage,18-07-2017,122207,103886
Chenab,Qadirabad Barrage,19-07-2017,96121,74121
Chenab,Qadirabad Barrage,20-07-2017,78149,56149
Chenab,Qadirabad Barrage,21-07-2017,88214,66170
Chenab,Qadirabad Barrage,22-07-2017,96970,74970
Chenab,Qadirabad Barrage,23-07-2017,96901,74901
Chenab,Qadirabad Barrage,24-07-2017,96901,74901
Chenab,Qadirabad Barrage,25-07-2017,90997,80622
Chenab,Qadirabad Barrage,26-07-2017,96618,86569
Chenab,Qadirabad Barrage,27-07-2017,114760,104760
Chenab,Qadirabad Barrage,28-07-2017,76170,66170
Chenab,Qadirabad Barrage,29-07-2017,74493,64493
Chenab,Qadirabad Barrage,30-07-2017,74493,64493
Chenab,Qadirabad Barrage,31-07-2017,76170,66170
Chenab,Trimmu H/W-,1-07-2017,49392,33865
Chenab,Trimmu H/W-,2-07-2017,48415,33865
Chenab,Trimmu H/W-,3-07-2017,55534,40995
Chenab,Trimmu H/W-,4-07-2017,55542,40995
Chenab,Trimmu H/W-,5-07-2017,50978,34928
Chenab,Trimmu H/W-,6-07-2017,50954,34928
Chenab,Trimmu H/W-,7-07-2017,50978,34928
Chenab,Trimmu H/W-,8-07-2017,55962,42421
Chenab,Trimmu H/W-,9-07-2017,73702,57652
Chenab,Trimmu H/W-,10-07-2017,80944,64903
Chenab,Trimmu H/W-,11-07-2017,70926,54886
Chenab,Trimmu H/W-,12-07-2017,103520,87470
Chenab,Trimmu H/W-,13-07-2017,118430,102390
Chenab,Trimmu H/W-,14-07-2017,110265,94215
Chenab,Trimmu H/W-,15-07-2017,129657,113638
Chenab,Trimmu H/W-,16-07-2017,117259,101235
Chenab,Trimmu H/W-,17-07-2017,105959,89911
Chenab,Trimmu H/W-,18-07-2017,101703,85653
Chenab,Trimmu H/W-,19-07-2017,108201,92151
Chenab,Trimmu H/W-,20-07-2017,124056,108006
Chenab,Trimmu H/W-,21-07-2017,105971,89821
Chenab,Trimmu H/W-,22-07-2017,105971,89821
Chenab,Trimmu H/W-,23-07-2017,105961,89821
Chenab,Trimmu H/W-,24-07-2017,110449,94312
Chenab,Trimmu H/W-,25-07-2017,129083,112924
Chenab,Trimmu H/W-,26-07-2017,122872,106722
Chenab,Trimmu H/W-,27-07-2017,138989,122850
Chenab,Trimmu H/W-,28-07-2017,145391,129241
Chenab,Trimmu H/W-,29-07-2017,145371,129241
Chenab,Trimmu H/W-,30-07-2017,145862,134715
Chenab,Trimmu H/W-,31-07-2017,145865,134715
Chenab,Panjnad H/W,1-07-2017,46247,36527
Chenab,Panjnad H/W,2-07-2017,52860,43313
Chenab,Panjnad H/W,3-07-2017,44687,35169
Chenab,Panjnad H/W,4-07-2017,36983,27463
Chenab,Panjnad H/W,5-07-2017,37013,27463
Chenab,Panjnad H/W,6-07-2017,32837,23261
Chenab,Panjnad H/W,7-07-2017,37567,28009
Chenab,Panjnad H/W,8-07-2017,39685,30624
Chenab,Panjnad H/W,9-07-2017,40764,31314
Chenab,Panjnad H/W,10-07-2017,41578,32153
Chenab,Panjnad H/W,11-07-2017,45694,36164
Chenab,Panjnad H/W,12-07-2017,53975,44445
Chenab,Panjnad H/W,13-07-2017,66778,57241
Chenab,Panjnad H/W,14-07-2017,78883,69353
Chenab,Panjnad H/W,15-07-2017,90067,80546
Chenab,Panjnad H/W,16-07-2017,87494,77838
Chenab,Panjnad H/W,17-07-2017,99680,90132
Chenab,Panjnad H/W,18-07-2017,114880,105330
Chenab,Panjnad H/W,19-07-2017,94497,85047
Chenab,Panjnad H/W,20-07-2017,75674,67599
Chenab,Panjnad H/W,21-07-2017,94620,86620
Chenab,Panjnad H/W,22-07-2017,104958,96358
Chenab,Panjnad H/W,23-07-2017,114248,105620
Chenab,Panjnad H/W,24-07-2017,113000,104200
Chenab,Panjnad H/W,25-07-2017,93021,84321
Chenab,Panjnad H/W,26-07-2017,105353,101353
Chenab,Panjnad H/W,27-07-2017,116125,112004
Chenab,Panjnad H/W,28-07-2017,131382,127382
Chenab,Panjnad H/W,29-07-2017,134412,130389
Chenab,Panjnad H/W,30-07-2017,136073,132073
Chenab,Panjnad H/W,31-07-2017,138619,135090
Chenab,Marala H/W,1-08-2017,105816,76850
Chenab,Marala H/W,2-08-2017,99460,76860
Chenab,Marala H/W,3-08-2017,97576,73056
Chenab,Marala H/W,4-08-2017,97626,76410
Chenab,Marala H/W,5-08-2017,98530,73056
Chenab,Marala H/W,6-08-2017,97620,71760
Chenab,Marala H/W,7-08-2017,99414,73600
Chenab,Marala H/W,8-08-2017,98185,72852
Chenab,Marala H/W,9-08-2017,92158,71058
Chenab,Marala H/W,10-08-2017,99771,77943
Chenab,Marala H/W,11-08-2017,97894,75748
Chenab,Marala H/W,12-08-2017,94702,75748
Chenab,Marala H/W,13-08-2017,94998,77629
Chenab,Marala H/W,14-08-2017,84639,66316
Chenab,Marala H/W,15-08-2017,80721,60963
Chenab,Marala H/W,16-08-2017,85924,64649
Chenab,Marala H/W,17-08-2017,82008,54336
Chenab,Marala H/W,18-08-2017,69530,43630
Chenab,Marala H/W,19-08-2017,65600,38277
Chenab,Marala H/W,20-08-2017,68434,38277
Chenab,Marala H/W,21-08-2017,75165,43630
Chenab,Marala H/W,22-08-2017,75819,43630
Chenab,Marala H/W,23-08-2017,64247,32924
Chenab,Marala H/W,24-08-2017,59442,27571
Chenab,Marala H/W,25-08-2017,53968,22218
Chenab,Marala H/W,26-08-2017,44418,11512
Chenab,Marala H/W,27-08-2017,44955,11512
Chenab,Marala H/W,28-08-2017,50188,16865
Chenab,Marala H/W,29-08-2017,55985,22218
Chenab,Marala H/W,30-08-2017,48609,15286
Chenab,Marala H/W,31-08-2017,48102,15286
Chenab,Khanki H/W,1-08-2017,84114,75714
Chenab,Khanki H/W,2-08-2017,83514,75714
Chenab,Khanki H/W,3-08-2017,92474,84974
Chenab,Khanki H/W,4-08-2017,83678,75714
Chenab,Khanki H/W,5-08-2017,84014,75714
Chenab,Khanki H/W,6-08-2017,73773,65473
Chenab,Khanki H/W,7-08-2017,103353,95053
Chenab,Khanki H/W,8-08-2017,77423,68923
Chenab,Khanki H/W,9-08-2017,86973,78473
Chenab,Khanki H/W,10-08-2017,132864,124385
Chenab,Khanki H/W,11-08-2017,78706,70106
Chenab,Khanki H/W,12-08-2017,79532,70932
Chenab,Khanki H/W,13-08-2017,84431,75831
Chenab,Khanki H/W,14-08-2017,71038,62438
Chenab,Khanki H/W,15-08-2017,74859,66259
Chenab,Khanki H/W,16-08-2017,72007,63407
Chenab,Khanki H/W,17-08-2017,65325,56725
Chenab,Khanki H/W,18-08-2017,41151,32551
Chenab,Khanki H/W,19-08-2017,46205,37605
Chenab,Khanki H/W,20-08-2017,42036,33403
Chenab,Khanki H/W,21-08-2017,43086,34436
Chenab,Khanki H/W,22-08-2017,45482,36832
Chenab,Khanki H/W,23-08-2017,29991,21341
Chenab,Khanki H/W,24-08-2017,26115,17465
Chenab,Khanki H/W,25-08-2017,23349,14726
Chenab,Khanki H/W,26-08-2017,19768,11118
Chenab,Khanki H/W,27-08-2017,13302,4652
Chenab,Khanki H/W,28-08-2017,13302,4652
Chenab,Khanki H/W,29-08-2017,15412,6762
Chenab,Khanki H/W,30-08-2017,15701,7051
Chenab,Khanki H/W,31-08-2017,33547,24897
Chenab,Qadirabad Barrage,1-08-2017,72893,62678
Chenab,Qadirabad Barrage,2-08-2017,72678,62678
Chenab,Qadirabad Barrage,3-08-2017,86041,76041
Chenab,Qadirabad Barrage,4-08-2017,77408,67408
Chenab,Qadirabad Barrage,5-08-2017,87702,77702
Chenab,Qadirabad Barrage,6-08-2017,74045,64045
Chenab,Qadirabad Barrage,7-08-2017,81371,71371
Chenab,Qadirabad Barrage,8-08-2017,72173,62570
Chenab,Qadirabad Barrage,9-08-2017,77476,67476
Chenab,Qadirabad Barrage,10-08-2017,112572,102572
Chenab,Qadirabad Barrage,11-08-2017,69029,59281
Chenab,Qadirabad Barrage,12-08-2017,77476,67476
Chenab,Qadirabad Barrage,13-08-2017,77476,67476
Chenab,Qadirabad Barrage,14-08-2017,69547,59547
Chenab,Qadirabad Barrage,15-08-2017,66323,56323
Chenab,Qadirabad Barrage,16-08-2017,69547,59547
Chenab,Qadirabad Barrage,17-08-2017,64038,54038
Chenab,Qadirabad Barrage,18-08-2017,44562,35186
Chenab,Qadirabad Barrage,19-08-2017,37489,27489
Chenab,Qadirabad Barrage,20-08-2017,30620,20620
Chenab,Qadirabad Barrage,21-08-2017,29929,20620
Chenab,Qadirabad Barrage,22-08-2017,33356,23356
Chenab,Qadirabad Barrage,23-08-2017,46592,32759
Chenab,Qadirabad Barrage,24-08-2017,43829,28829
Chenab,Qadirabad Barrage,25-08-2017,26044,11044
Chenab,Qadirabad Barrage,26-08-2017,28780,13780
Chenab,Qadirabad Barrage,27-08-2017,23308,8308
Chenab,Qadirabad Barrage,28-08-2017,22435,8308
Chenab,Qadirabad Barrage,29-08-2017,24865,6940
Chenab,Qadirabad Barrage,30-08-2017,26940,6940
Chenab,Qadirabad Barrage,31-08-2017,24204,4204
Chenab,Trimmu H/W-,1-08-2017,143393,487.7
Chenab,Trimmu H/W-,2-08-2017,137231,487.6
Chenab,Trimmu H/W-,3-08-2017,139557,487.9
Chenab,Trimmu H/W-,4-08-2017,131140,487.4
Chenab,Trimmu H/W-,5-08-2017,131576,487.4
Chenab,Trimmu H/W-,6-08-2017,131690,487.4
Chenab,Trimmu H/W-,7-08-2017,133120,487.9
Chenab,Trimmu H/W-,8-08-2017,133111,487.9
Chenab,Trimmu H/W-,9-08-2017,136355,488
Chenab,Trimmu H/W-,10-08-2017,137270,487.6
Chenab,Trimmu H/W-,11-08-2017,123937,487.4
Chenab,Trimmu H/W-,12-08-2017,127964,487.8
Chenab,Trimmu H/W-,13-08-2017,104723,486.8
Chenab,Trimmu H/W-,14-08-2017,104733,486.8
Chenab,Trimmu H/W-,15-08-2017,88653,486.3
Chenab,Trimmu H/W-,16-08-2017,95533,486.5
Chenab,Trimmu H/W-,17-08-2017,72657,485.4
Chenab,Trimmu H/W-,18-08-2017,72649,485.4
Chenab,Trimmu H/W-,19-08-2017,66739,484.9
Chenab,Trimmu H/W-,20-08-2017,48144,483.9
Chenab,Trimmu H/W-,21-08-2017,36327,482.8
Chenab,Trimmu H/W-,22-08-2017,29769,482.3
Chenab,Trimmu H/W-,23-08-2017,29780,482.3
Chenab,Trimmu H/W-,24-08-2017,29749,482.3
Chenab,Trimmu H/W-,25-08-2017,34311,482.5
Chenab,Trimmu H/W-,26-08-2017,30995,482.3
Chenab,Trimmu H/W-,27-08-2017,30979,482.3
Chenab,Trimmu H/W-,28-08-2017,24731,481.2
Chenab,Trimmu H/W-,29-08-2017,21308,480.4
Chenab,Trimmu H/W-,30-08-2017,21320,480.4
Chenab,Trimmu H/W-,31-08-2017,19062,479.4
Chenab,Panjnad H/W,1-08-2017,338.2,N.R
Chenab,Panjnad H/W,2-08-2017,338.2,N.R
Chenab,Panjnad H/W,3-08-2017,338.2,N.R
Chenab,Panjnad H/W,4-08-2017,338.2,N.R
Chenab,Panjnad H/W,5-08-2017,338.2,N.R
Chenab,Panjnad H/W,6-08-2017,338.2,N.R
Chenab,Panjnad H/W,7-08-2017,338.2,N.R
Chenab,Panjnad H/W,8-08-2017,338.2,N.R
Chenab,Panjnad H/W,9-08-2017,338.2,N.R
Chenab,Panjnad H/W,10-08-2017,338.2,N.R
Chenab,Panjnad H/W,11-08-2017,338.2,N.R
Chenab,Panjnad H/W,12-08-2017,338.2,N.R
Chenab,Panjnad H/W,13-08-2017,338.2,N.R
Chenab,Panjnad H/W,14-08-2017,338.2,N.R
Chenab,Panjnad H/W,15-08-2017,338.2,N.R
Chenab,Panjnad H/W,16-08-2017,338.2,N.R
Chenab,Panjnad H/W,17-08-2017,338.2,N.R
Chenab,Panjnad H/W,18-08-2017,338.2,N.R
Chenab,Panjnad H/W,19-08-2017,338.2,N.R
Chenab,Panjnad H/W,20-08-2017,338.2,N.R
Chenab,Panjnad H/W,21-08-2017,338.2,N.R
Chenab,Panjnad H/W,22-08-2017,338.2,N.R
Chenab,Panjnad H/W,23-08-2017,338.2,N.R
Chenab,Panjnad H/W,24-08-2017,338.2,N.R
Chenab,Panjnad H/W,25-08-2017,338.2,N.R
Chenab,Panjnad H/W,26-08-2017,338.2,N.R
Chenab,Panjnad H/W,27-08-2017,338.2,N.R
Chenab,Panjnad H/W,28-08-2017,338.2,N.R
Chenab,Panjnad H/W,29-08-2017,338.2,N.R
Chenab,Panjnad H/W,30-08-2017,338.2,N.R
Chenab,Panjnad H/W,31-08-2017,338.2,N.R
Chenab,Marala H/W,1-09-2017,52367,19060
Chenab,Marala H/W,2-09-2017,41013,7738
Chenab,Marala H/W,3-09-2017,42459,11512
Chenab,Marala H/W,4-09-2017,46728,15286
Chenab,Marala H/W,5-09-2017,37535,7738
Chenab,Marala H/W,6-09-2017,38061,7738
Chenab,Marala H/W,7-09-2017,37031,8000
Chenab,Marala H/W,8-09-2017,33438,8000
Chenab,Marala H/W,9-09-2017,28617,8000
Chenab,Marala H/W,10-09-2017,27291,8000
Chenab,Marala H/W,11-09-2017,28378,9000
Chenab,Marala H/W,12-09-2017,29537,9000
Chenab,Marala H/W,13-09-2017,28473,9000
Chenab,Marala H/W,14-09-2017,29654,9000
Chenab,Marala H/W,15-09-2017,31106,9000
Chenab,Marala H/W,16-09-2017,31516,9000
Chenab,Marala H/W,17-09-2017,33183,9000
Chenab,Marala H/W,18-09-2017,29486,9000
Chenab,Marala H/W,19-09-2017,31271,9000
Chenab,Marala H/W,20-09-2017,28412,9000
Chenab,Marala H/W,21-09-2017,26910,9000
Chenab,Marala H/W,22-09-2017,26212,9000
Chenab,Marala H/W,23-09-2017,181461,163449
Chenab,Marala H/W,24-09-2017,97562,80162
Chenab,Marala H/W,25-09-2017,45471,27571
Chenab,Marala H/W,26-09-2017,33186,15286
Chenab,Marala H/W,27-09-2017,29421,11521
Chenab,Marala H/W,28-09-2017,28421,9720
Chenab,Marala H/W,29-09-2017,25732,9000
Chenab,Marala H/W,30-09-2017,24728,9000
Chenab,Khanki H/W,1-09-2017,17528,8878
Chenab,Khanki H/W,2-09-2017,13341,4722
Chenab,Khanki H/W,3-09-2017,9050,400
Chenab,Khanki H/W,4-09-2017,9050,400
Chenab,Khanki H/W,5-09-2017,9050,400
Chenab,Khanki H/W,6-09-2017,8595,400
Chenab,Khanki H/W,7-09-2017,9200,400
Chenab,Khanki H/W,8-09-2017,9200,400
Chenab,Khanki H/W,9-09-2017,9200,400
Chenab,Khanki H/W,10-09-2017,8720,400
Chenab,Khanki H/W,11-09-2017,9200,400
Chenab,Khanki H/W,12-09-2017,9416,616
Chenab,Khanki H/W,13-09-2017,9251,451
Chenab,Khanki H/W,14-09-2017,9391,591
Chenab,Khanki H/W,15-09-2017,9391,591
Chenab,Khanki H/W,16-09-2017,9391,591
Chenab,Khanki H/W,17-09-2017,9391,591
Chenab,Khanki H/W,18-09-2017,9448,648
Chenab,Khanki H/W,19-09-2017,9450,650
Chenab,Khanki H/W,20-09-2017,9483,650
Chenab,Khanki H/W,21-09-2017,9450,650
Chenab,Khanki H/W,22-09-2017,10431,1831
Chenab,Khanki H/W,23-09-2017,13992,6142
Chenab,Khanki H/W,24-09-2017,114121,106421
Chenab,Khanki H/W,25-09-2017,47671,39971
Chenab,Khanki H/W,26-09-2017,27942,21266
Chenab,Khanki H/W,27-09-2017,21904,15204
Chenab,Khanki H/W,28-09-2017,13261,6261
Chenab,Khanki H/W,29-09-2017,10499,3499
Chenab,Khanki H/W,30-09-2017,12074,4474
Chenab,Qadirabad Barrage,1-09-2017,24884,4204
Chenab,Qadirabad Barrage,2-09-2017,24204,4204
Chenab,Qadirabad Barrage,3-09-2017,21477,1477
Chenab,Qadirabad Barrage,4-09-2017,24204,4204
Chenab,Qadirabad Barrage,5-09-2017,24204,4204
Chenab,Qadirabad Barrage,6-09-2017,21477,1477
Chenab,Qadirabad Barrage,7-09-2017,21477,1477
Chenab,Qadirabad Barrage,8-09-2017,20819,NIL
Chenab,Qadirabad Barrage,9-09-2017,20000,NIL
Chenab,Qadirabad Barrage,10-09-2017,20000,NIL
Chenab,Qadirabad Barrage,11-09-2017,20573,NIL
Chenab,Qadirabad Barrage,12-09-2017,20000,NIL
Chenab,Qadirabad Barrage,13-09-2017,21940,NIL
Chenab,Qadirabad Barrage,14-09-2017,21000,NIL
Chenab,Qadirabad Barrage,15-09-2017,21000,NIL
Chenab,Qadirabad Barrage,16-09-2017,22000,NIL
Chenab,Qadirabad Barrage,17-09-2017,22000,NIL
Chenab,Qadirabad Barrage,18-09-2017,22737,NIL
Chenab,Qadirabad Barrage,19-09-2017,22000,NIL
Chenab,Qadirabad Barrage,20-09-2017,22000,NIL
Chenab,Qadirabad Barrage,21-09-2017,22137,NIL
Chenab,Qadirabad Barrage,22-09-2017,22000,NIL
Chenab,Qadirabad Barrage,23-09-2017,20070,NIL
Chenab,Qadirabad Barrage,24-09-2017,165140,148140
Chenab,Qadirabad Barrage,25-09-2017,46364,34930
Chenab,Qadirabad Barrage,26-09-2017,26173,17173
Chenab,Qadirabad Barrage,27-09-2017,15940,6940
Chenab,Qadirabad Barrage,28-09-2017,15940,6940
Chenab,Qadirabad Barrage,29-09-2017,15940,6940
Chenab,Qadirabad Barrage,30-09-2017,15940,6940
Chenab,Trimmu H/W-,1-09-2017,20062,479
Chenab,Trimmu H/W-,2-09-2017,23761,478.2
Chenab,Trimmu H/W-,3-09-2017,23781,478.2
Chenab,Trimmu H/W-,4-09-2017,20749,476.8
Chenab,Trimmu H/W-,5-09-2017,19307,476.6
Chenab,Trimmu H/W-,6-09-2017,23626,476.9
Chenab,Trimmu H/W-,7-09-2017,21131,476.7
Chenab,Trimmu H/W-,8-09-2017,21162,476.7
Chenab,Trimmu H/W-,9-09-2017,21140,476.7
Chenab,Trimmu H/W-,10-09-2017,21162,476.7
Chenab,Trimmu H/W-,11-09-2017,21650,477.2
Chenab,Trimmu H/W-,12-09-2017,16783,475.5
Chenab,Trimmu H/W-,13-09-2017,25396,477.5
Chenab,Trimmu H/W-,14-09-2017,25385,477.5
Chenab,Trimmu H/W-,15-09-2017,28532,478
Chenab,Trimmu H/W-,16-09-2017,28549,478
Chenab,Trimmu H/W-,17-09-2017,28544,478
Chenab,Trimmu H/W-,18-09-2017,28549,478
Chenab,Trimmu H/W-,19-09-2017,28532,478
Chenab,Trimmu H/W-,20-09-2017,32835,479
Chenab,Trimmu H/W-,21-09-2017,34116,479.1
Chenab,Trimmu H/W-,22-09-2017,34089,479.1
Chenab,Trimmu H/W-,23-09-2017,31503,479.1
Chenab,Trimmu H/W-,24-09-2017,33725,480.3
Chenab,Trimmu H/W-,25-09-2017,35409,480.6
Chenab,Trimmu H/W-,26-09-2017,116099,485.6
Chenab,Trimmu H/W-,27-09-2017,62868,483.5
Chenab,Trimmu H/W-,28-09-2017,38932,481.8
Chenab,Trimmu H/W-,29-09-2017,34437,480.4
Chenab,Trimmu H/W-,30-09-2017,30485,479.7
Chenab,Panjnad H/W,1-09-2017,338.2,N.R
Chenab,Panjnad H/W,2-09-2017,338.2,N.R
Chenab,Panjnad H/W,3-09-2017,338.2,N.R
Chenab,Panjnad H/W,4-09-2017,338.2,N.R
Chenab,Panjnad H/W,5-09-2017,338.2,N.R
Chenab,Panjnad H/W,6-09-2017,338.2,N.R
Chenab,Panjnad H/W,7-09-2017,338.2,N.R
Chenab,Panjnad H/W,8-09-2017,338.2,N.R
Chenab,Panjnad H/W,9-09-2017,338.2,N.R
Chenab,Panjnad H/W,10-09-2017,338.2,N.R
Chenab,Panjnad H/W,11-09-2017,338.2,N.R
Chenab,Panjnad H/W,12-09-2017,338.2,N.R
Chenab,Panjnad H/W,13-09-2017,338.2,N.R
Chenab,Panjnad H/W,14-09-2017,338.2,N.R
Chenab,Panjnad H/W,15-09-2017,338.2,N.R
Chenab,Panjnad H/W,16-09-2017,338.7,N.R
Chenab,Panjnad H/W,17-09-2017,338.2,N.R
Chenab,Panjnad H/W,18-09-2017,338.2,N.R
Chenab,Panjnad H/W,19-09-2017,337.8,N.R
Chenab,Panjnad H/W,20-09-2017,337.5,N.R
Chenab,Panjnad H/W,21-09-2017,337.5,N.R
Chenab,Panjnad H/W,22-09-2017,337.5,N.R
Chenab,Panjnad H/W,23-09-2017,337.5,N.R
Chenab,Panjnad H/W,24-09-2017,337.5,N.R
Chenab,Panjnad H/W,25-09-2017,337.5,N.R
Chenab,Panjnad H/W,26-09-2017,337.5,N.R
Chenab,Panjnad H/W,27-09-2017,337.5,N.R
Chenab,Panjnad H/W,28-09-2017,337.5,N.R
Chenab,Panjnad H/W,29-09-2017,337.5,N.R
Chenab,Panjnad H/W,30-09-2017,337.5,N.R
Chenab,Marala H/W,1-10-2017,20969,9000
Chenab,Marala H/W,2-10-2017,19000,9000
Chenab,Marala H/W,3-10-2017,18990,9000
Chenab,Marala H/W,4-10-2017,17990,8000
Chenab,Marala H/W,5-10-2017,15952,8000
Chenab,Marala H/W,6-10-2017,16285,8000
Chenab,Marala H/W,7-10-2017,16558,7000
Chenab,Marala H/W,8-10-2017,16511,7000
Chenab,Marala H/W,9-10-2017,16415,7000
Chenab,Marala H/W,10-10-2017,15535,6000
Chenab,Marala H/W,11-10-2017,10415,5000
Chenab,Marala H/W,12-10-2017,14272,5000
Chenab,Marala H/W,13-10-2017,13500,5000
Chenab,Marala H/W,14-10-2017,13606,5000
Chenab,Marala H/W,15-10-2017,14302,5000
Chenab,Marala H/W,16-10-2017,16654,8804
Chenab,Marala H/W,17-10-2017,16104,8804
Chenab,Marala H/W,18-10-2017,12300,5000
Chenab,Marala H/W,19-10-2017,12806,5000
Chenab,Marala H/W,20-10-2017,18663,11414
Chenab,Marala H/W,21-10-2017,21446,15489
Chenab,Marala H/W,22-10-2017,14747,8747
Chenab,Marala H/W,23-10-2017,11376,5376
Chenab,Marala H/W,24-10-2017,14747,8747
Chenab,Marala H/W,25-10-2017,14747,8747
Chenab,Marala H/W,26-10-2017,16977,10326
Chenab,Marala H/W,27-10-2017,23468,17068
Chenab,Marala H/W,28-10-2017,19960,13697
Chenab,Marala H/W,29-10-2017,17574,10326
Chenab,Marala H/W,30-10-2017,17837,10326
Chenab,Marala H/W,31-10-2017,17276,10326
Chenab,Khanki H/W,1-10-2017,10561,2561
Chenab,Khanki H/W,2-10-2017,8455,400
Chenab,Khanki H/W,3-10-2017,8468,368
Chenab,Khanki H/W,4-10-2017,8700,400
Chenab,Khanki H/W,5-10-2017,8700,400
Chenab,Khanki H/W,6-10-2017,8770,400
Chenab,Khanki H/W,7-10-2017,8800,400
Chenab,Khanki H/W,8-10-2017,8796,396
Chenab,Khanki H/W,9-10-2017,8800,400
Chenab,Khanki H/W,10-10-2017,8851,400
Chenab,Khanki H/W,11-10-2017,8800,400
Chenab,Khanki H/W,12-10-2017,7516,400
Chenab,Khanki H/W,13-10-2017,7637,400
Chenab,Khanki H/W,14-10-2017,7637,400
Chenab,Khanki H/W,15-10-2017,7487,250
Chenab,Khanki H/W,16-10-2017,11117,3117
Chenab,Khanki H/W,17-10-2017,11117,3117
Chenab,Khanki H/W,18-10-2017,11117,3117
Chenab,Khanki H/W,19-10-2017,8258,258
Chenab,Khanki H/W,20-10-2017,6627,250
Chenab,Khanki H/W,21-10-2017,23076,17316
Chenab,Khanki H/W,22-10-2017,18461,12682
Chenab,Khanki H/W,23-10-2017,11543,5593
Chenab,Khanki H/W,24-10-2017,9561,3611
Chenab,Khanki H/W,25-10-2017,12952,6852
Chenab,Khanki H/W,26-10-2017,9917,3717
Chenab,Khanki H/W,27-10-2017,17095,10895
Chenab,Khanki H/W,28-10-2017,17075,10875
Chenab,Khanki H/W,29-10-2017,16343,10143
Chenab,Khanki H/W,30-10-2017,11410,5060
Chenab,Khanki H/W,31-10-2017,13202,6852
Chenab,Qadirabad Barrage,1-10-2017,15439,6940
Chenab,Qadirabad Barrage,2-10-2017,11836,2836
Chenab,Qadirabad Barrage,3-10-2017,14738,2836
Chenab,Qadirabad Barrage,4-10-2017,13477,1477
Chenab,Qadirabad Barrage,5-10-2017,15000,NIL
Chenab,Qadirabad Barrage,6-10-2017,18000,NIL
Chenab,Qadirabad Barrage,7-10-2017,21825,NIL
Chenab,Qadirabad Barrage,8-10-2017,22400,NIL
Chenab,Qadirabad Barrage,9-10-2017,22000,NIL
Chenab,Qadirabad Barrage,10-10-2017,22000,NIL
Chenab,Qadirabad Barrage,11-10-2017,21741,NIL
Chenab,Qadirabad Barrage,12-10-2017,22000,NIL
Chenab,Qadirabad Barrage,13-10-2017,21000,NIL
Chenab,Qadirabad Barrage,14-10-2017,21000,NIL
Chenab,Qadirabad Barrage,15-10-2017,21000,NIL
Chenab,Qadirabad Barrage,16-10-2017,22000,NIL
Chenab,Qadirabad Barrage,17-10-2017,22000,NIL
Chenab,Qadirabad Barrage,18-10-2017,16095,2836
Chenab,Qadirabad Barrage,19-10-2017,18074,4074
Chenab,Qadirabad Barrage,20-10-2017,18074,4074
Chenab,Qadirabad Barrage,21-10-2017,15907,5399
Chenab,Qadirabad Barrage,22-10-2017,24347,13347
Chenab,Qadirabad Barrage,23-10-2017,24347,13347
Chenab,Qadirabad Barrage,24-10-2017,20373,9373
Chenab,Qadirabad Barrage,25-10-2017,20373,9373
Chenab,Qadirabad Barrage,26-10-2017,24347,13347
Chenab,Qadirabad Barrage,27-10-2017,20373,9373
Chenab,Qadirabad Barrage,28-10-2017,32020,20620
Chenab,Qadirabad Barrage,29-10-2017,28921,17321
Chenab,Qadirabad Barrage,30-10-2017,21723,6723
Chenab,Qadirabad Barrage,31-10-2017,21723,6723
Chenab,Trimmu H/W-,1-10-2017,21721,476.6
Chenab,Trimmu H/W-,2-10-2017,14919,476.5
Chenab,Trimmu H/W-,3-10-2017,16369,475.2
Chenab,Trimmu H/W-,4-10-2017,20931,476.5
Chenab,Trimmu H/W-,5-10-2017,20911,476.5
Chenab,Trimmu H/W-,6-10-2017,17919,476.1
Chenab,Trimmu H/W-,7-10-2017,22060,476.9
Chenab,Trimmu H/W-,8-10-2017,24839,477.5
Chenab,Trimmu H/W-,9-10-2017,22060,476.9
Chenab,Trimmu H/W-,10-10-2017,22060,476.9
Chenab,Trimmu H/W-,11-10-2017,22560,476.9
Chenab,Trimmu H/W-,12-10-2017,22515,476.9
Chenab,Trimmu H/W-,13-10-2017,22537,476.9
Chenab,Trimmu H/W-,14-10-2017,22560,476.9
Chenab,Trimmu H/W-,15-10-2017,21935,476.9
Chenab,Trimmu H/W-,16-10-2017,23139,478.7
Chenab,Trimmu H/W-,17-10-2017,26141,479.6
Chenab,Trimmu H/W-,18-10-2017,25659,479.6
Chenab,Trimmu H/W-,19-10-2017,30532,480
Chenab,Trimmu H/W-,20-10-2017,30541,480
Chenab,Trimmu H/W-,21-10-2017,30518,480
Chenab,Trimmu H/W-,22-10-2017,30533,480
Chenab,Trimmu H/W-,23-10-2017,30341,480
Chenab,Trimmu H/W-,24-10-2017,30341,480
Chenab,Trimmu H/W-,25-10-2017,32042,480.8
Chenab,Trimmu H/W-,26-10-2017,31828,480.8
Chenab,Trimmu H/W-,27-10-2017,18346,478.7
Chenab,Trimmu H/W-,28-10-2017,18328,478.7
Chenab,Trimmu H/W-,29-10-2017,18354,478.7
Chenab,Trimmu H/W-,30-10-2017,18339,478.7
Chenab,Trimmu H/W-,31-10-2017,21343,479.5
Chenab,Panjnad H/W,1-10-2017,337.5,N.R
Chenab,Panjnad H/W,2-10-2017,337.5,N.R
Chenab,Panjnad H/W,3-10-2017,337.5,N.R
Chenab,Panjnad H/W,4-10-2017,337.5,N.R
Chenab,Panjnad H/W,5-10-2017,337.5,N.R
Chenab,Panjnad H/W,6-10-2017,337.5,N.R
Chenab,Panjnad H/W,7-10-2017,337.65,N.R
Chenab,Panjnad H/W,8-10-2017,337.5,N.R
Chenab,Panjnad H/W,9-10-2017,337.5,N.R
Chenab,Panjnad H/W,10-10-2017,337.4,N.R
Chenab,Panjnad H/W,11-10-2017,337.5,N.R
Chenab,Panjnad H/W,12-10-2017,337.5,N.R
Chenab,Panjnad H/W,13-10-2017,337.5,N.R
Chenab,Panjnad H/W,14-10-2017,337.5,N.R
Chenab,Panjnad H/W,15-10-2017,337.5,N.R
Chenab,Panjnad H/W,16-10-2017,337.2,N.R
Chenab,Panjnad H/W,17-10-2017,337.2,N.R
Chenab,Panjnad H/W,18-10-2017,337.2,N.R
Chenab,Panjnad H/W,19-10-2017,337.5,N.R
Chenab,Panjnad H/W,20-10-2017,337.5,N.R
Chenab,Panjnad H/W,21-10-2017,337.5,N.R
Chenab,Panjnad H/W,22-10-2017,337.5,N.R
Chenab,Panjnad H/W,23-10-2017,337.5,N.R
Chenab,Panjnad H/W,24-10-2017,337.5,N.R
Chenab,Panjnad H/W,25-10-2017,337.5,N.R
Chenab,Panjnad H/W,26-10-2017,337.5,N.R
Chenab,Panjnad H/W,27-10-2017,337.5,N.R
Chenab,Panjnad H/W,28-10-2017,337.5,N.R
Chenab,Panjnad H/W,29-10-2017,337.5,N.R
Chenab,Panjnad H/W,30-10-2017,337.5,N.R
Chenab,Panjnad H/W,31-10-2017,337.5,N.R
Chenab,Marala H/W,1-11-2017,13905,6955
Chenab,Marala H/W,2-11-2017,15228,8278
Chenab,Marala H/W,3-11-2017,15550,8278
Chenab,Marala H/W,4-11-2017,13905,6955
Chenab,Marala H/W,5-11-2017,19792,12831
Chenab,Marala H/W,6-11-2017,16865,9680
Chenab,Marala H/W,7-11-2017,15149,8218
Chenab,Marala H/W,8-11-2017,14968,8218
Chenab,Marala H/W,9-11-2017,14868,8218
Chenab,Marala H/W,10-11-2017,12998,6529
Chenab,Marala H/W,11-11-2017,13283,6529
Chenab,Marala H/W,12-11-2017,13129,6529
Chenab,Marala H/W,13-11-2017,12081,5000
Chenab,Marala H/W,14-11-2017,12005,5000
Chenab,Marala H/W,15-11-2017,13029,6529
Chenab,Marala H/W,16-11-2017,13345,6529
Chenab,Marala H/W,17-11-2017,13239,6529
Chenab,Marala H/W,18-11-2017,12929,6529
Chenab,Marala H/W,19-11-2017,11337,5000
Chenab,Marala H/W,20-11-2017,11089,5000
Chenab,Marala H/W,21-11-2017,11300,5000
Chenab,Marala H/W,22-11-2017,12529,6529
Chenab,Marala H/W,23-11-2017,11310,5000
Chenab,Marala H/W,24-11-2017,10529,5000
Chenab,Marala H/W,25-11-2017,10767,5000
Chenab,Marala H/W,26-11-2017,10751,5000
Chenab,Marala H/W,27-11-2017,10661,5000
Chenab,Marala H/W,28-11-2017,9556,5000
Chenab,Marala H/W,29-11-2017,9431,5000
Chenab,Marala H/W,30-11-2017,9581,5000
Chenab,Khanki H/W,1-11-2017,12135,5085
Chenab,Khanki H/W,2-11-2017,9152,2102
Chenab,Khanki H/W,3-11-2017,9157,2107
Chenab,Khanki H/W,4-11-2017,9081,2107
Chenab,Khanki H/W,5-11-2017,8008,1108
Chenab,Khanki H/W,6-11-2017,15510,8810
Chenab,Khanki H/W,7-11-2017,11685,5085
Chenab,Khanki H/W,8-11-2017,12152,5552
Chenab,Khanki H/W,9-11-2017,11685,5085
Chenab,Khanki H/W,10-11-2017,8702,2107
Chenab,Khanki H/W,11-11-2017,10211,3611
Chenab,Khanki H/W,12-11-2017,10211,3611
Chenab,Khanki H/W,13-11-2017,8707,2107
Chenab,Khanki H/W,14-11-2017,6824,224
Chenab,Khanki H/W,15-11-2017,10211,3611
Chenab,Khanki H/W,16-11-2017,6854,200
Chenab,Khanki H/W,17-11-2017,7696,1096
Chenab,Khanki H/W,18-11-2017,8707,2107
Chenab,Khanki H/W,19-11-2017,9216,2616
Chenab,Khanki H/W,20-11-2017,7705,1096
Chenab,Khanki H/W,21-11-2017,6800,200
Chenab,Khanki H/W,22-11-2017,6900,200
Chenab,Khanki H/W,23-11-2017,6935,235
Chenab,Khanki H/W,24-11-2017,7778,1096
Chenab,Khanki H/W,25-11-2017,6750,200
Chenab,Khanki H/W,26-11-2017,6750,200
Chenab,Khanki H/W,27-11-2017,6750,200
Chenab,Khanki H/W,28-11-2017,8183,1633
Chenab,Khanki H/W,29-11-2017,6750,200
Chenab,Khanki H/W,30-11-2017,6900,200
Chenab,Qadirabad Barrage,1-11-2017,21649,6723
Chenab,Qadirabad Barrage,2-11-2017,21723,6723
Chenab,Qadirabad Barrage,3-11-2017,21723,6723
Chenab,Qadirabad Barrage,4-11-2017,17749,2749
Chenab,Qadirabad Barrage,5-11-2017,19074,4074
Chenab,Qadirabad Barrage,6-11-2017,24373,9373
Chenab,Qadirabad Barrage,7-11-2017,23048,8048
Chenab,Qadirabad Barrage,8-11-2017,22486,8048
Chenab,Qadirabad Barrage,9-11-2017,21723,6723
Chenab,Qadirabad Barrage,10-11-2017,20399,5399
Chenab,Qadirabad Barrage,11-11-2017,20666,5399
Chenab,Qadirabad Barrage,12-11-2017,20399,5399
Chenab,Qadirabad Barrage,13-11-2017,17749,2749
Chenab,Qadirabad Barrage,14-11-2017,17749,2749
Chenab,Qadirabad Barrage,15-11-2017,17749,2749
Chenab,Qadirabad Barrage,16-11-2017,19074,4074
Chenab,Qadirabad Barrage,17-11-2017,17749,2749
Chenab,Qadirabad Barrage,18-11-2017,16627,2749
Chenab,Qadirabad Barrage,19-11-2017,17749,2749
Chenab,Qadirabad Barrage,20-11-2017,17749,2749
Chenab,Qadirabad Barrage,21-11-2017,18105,2749
Chenab,Qadirabad Barrage,22-11-2017,17749,2749
Chenab,Qadirabad Barrage,23-11-2017,17749,2749
Chenab,Qadirabad Barrage,24-11-2017,17749,2749
Chenab,Qadirabad Barrage,25-11-2017,17749,2749
Chenab,Qadirabad Barrage,26-11-2017,15000,NIL
Chenab,Qadirabad Barrage,27-11-2017,17749,2749
Chenab,Qadirabad Barrage,28-11-2017,18898,2749
Chenab,Qadirabad Barrage,29-11-2017,17749,2749
Chenab,Qadirabad Barrage,30-11-2017,17749,2749
Chenab,Trimmu H/W-,1-11-2017,22988,479.8
Chenab,Trimmu H/W-,2-11-2017,22965,479.8
Chenab,Trimmu H/W-,3-11-2017,18425,478.2
Chenab,Trimmu H/W-,4-11-2017,17776,478.2
Chenab,Trimmu H/W-,5-11-2017,20436,478.4
Chenab,Trimmu H/W-,6-11-2017,20458,478.4
Chenab,Trimmu H/W-,7-11-2017,20441,478.4
Chenab,Trimmu H/W-,8-11-2017,16436,478
Chenab,Trimmu H/W-,9-11-2017,16413,478
Chenab,Trimmu H/W-,10-11-2017,17728,478.3
Chenab,Trimmu H/W-,11-11-2017,17702,478.3
Chenab,Trimmu H/W-,12-11-2017,17697,478.3
Chenab,Trimmu H/W-,13-11-2017,19728,478.3
Chenab,Trimmu H/W-,14-11-2017,16392,476.7
Chenab,Trimmu H/W-,15-11-2017,27787,478.5
Chenab,Trimmu H/W-,16-11-2017,23474,477.8
Chenab,Trimmu H/W-,17-11-2017,30347,479
Chenab,Trimmu H/W-,18-11-2017,25228,478.3
Chenab,Trimmu H/W-,19-11-2017,30041,479
Chenab,Trimmu H/W-,20-11-2017,30059,479
Chenab,Trimmu H/W-,21-11-2017,26251,478.4
Chenab,Trimmu H/W-,22-11-2017,28856,478.7
Chenab,Trimmu H/W-,23-11-2017,28493,478.7
Chenab,Trimmu H/W-,24-11-2017,30944,479.1
Chenab,Trimmu H/W-,25-11-2017,30970,479.1
Chenab,Trimmu H/W-,26-11-2017,39303,480.1
Chenab,Trimmu H/W-,27-11-2017,38976,480.1
Chenab,Trimmu H/W-,28-11-2017,39529,480.2
Chenab,Trimmu H/W-,29-11-2017,25035,478.8
Chenab,Trimmu H/W-,30-11-2017,21501,476.2
Chenab,Panjnad H/W,1-11-2017,337.5,N.R
Chenab,Panjnad H/W,2-11-2017,337.5,N.R
Chenab,Panjnad H/W,3-11-2017,337.5,N.R
Chenab,Panjnad H/W,4-11-2017,337.5,N.R
Chenab,Panjnad H/W,5-11-2017,337.5,N.R
Chenab,Panjnad H/W,6-11-2017,337.5,N.R
Chenab,Panjnad H/W,7-11-2017,337.5,N.R
Chenab,Panjnad H/W,8-11-2017,337.5,N.R
Chenab,Panjnad H/W,9-11-2017,337.5,N.R
Chenab,Panjnad H/W,10-11-2017,337.5,N.R
Chenab,Panjnad H/W,11-11-2017,337.5,N.R
Chenab,Panjnad H/W,12-11-2017,337.5,N.R
Chenab,Panjnad H/W,13-11-2017,337.5,N.R
Chenab,Panjnad H/W,14-11-2017,337.5,N.R
Chenab,Panjnad H/W,15-11-2017,337.5,N.R
Chenab,Panjnad H/W,16-11-2017,337.5,N.R
Chenab,Panjnad H/W,17-11-2017,337.5,N.R
Chenab,Panjnad H/W,18-11-2017,337.5,N.R
Chenab,Panjnad H/W,19-11-2017,337.5,N.R
Chenab,Panjnad H/W,20-11-2017,337.5,N.R
Chenab,Panjnad H/W,21-11-2017,337.5,N.R
Chenab,Panjnad H/W,22-11-2017,332.5,N.R
Chenab,Panjnad H/W,23-11-2017,337.5,N.R
Chenab,Panjnad H/W,24-11-2017,337.5,N.R
Chenab,Panjnad H/W,25-11-2017,337.5,N.R
Chenab,Panjnad H/W,26-11-2017,337.5,N.R
Chenab,Panjnad H/W,27-11-2017,337.5,N.R
Chenab,Panjnad H/W,28-11-2017,337.5,N.R
Chenab,Panjnad H/W,29-11-2017,337.5,N.R
Chenab,Panjnad H/W,30-11-2017,337.5,N.R
Chenab,Marala H/W,1-12-2017,9485,5000
Chenab,Marala H/W,2-12-2017,9348,5000
Chenab,Marala H/W,3-12-2017,9612,5000
Chenab,Marala H/W,4-12-2017,8451,5000
Chenab,Marala H/W,5-12-2017,8692,5000
Chenab,Marala H/W,6-12-2017,9306,5000
Chenab,Marala H/W,7-12-2017,9613,5000
Chenab,Marala H/W,8-12-2017,8806,4500
Chenab,Marala H/W,9-12-2017,8588,4500
Chenab,Marala H/W,10-12-2017,8939,4500
Chenab,Marala H/W,11-12-2017,7787,4500
Chenab,Marala H/W,12-12-2017,14355,7855
Chenab,Marala H/W,13-12-2017,12571,6071
Chenab,Marala H/W,14-12-2017,9449,4500
Chenab,Marala H/W,15-12-2017,10014,4500
Chenab,Marala H/W,16-12-2017,9282,4500
Chenab,Marala H/W,17-12-2017,9621,4500
Chenab,Marala H/W,18-12-2017,8808,4500
Chenab,Marala H/W,19-12-2017,7478,4500
Chenab,Marala H/W,20-12-2017,6992,3000
Chenab,Marala H/W,21-12-2017,8346,3000
Chenab,Marala H/W,22-12-2017,7969,3000
Chenab,Marala H/W,23-12-2017,7259,3000
Chenab,Marala H/W,24-12-2017,6692,3000
Chenab,Marala H/W,25-12-2017,6935,3000
Chenab,Marala H/W,26-12-2017,7040,7040
Chenab,Marala H/W,27-12-2017,8739,8739
Chenab,Marala H/W,28-12-2017,8739,8739
Chenab,Marala H/W,29-12-2017,9460,9460
Chenab,Marala H/W,30-12-2017,9460,9460
Chenab,Marala H/W,31-12-2017,9460,9460
Chenab,Khanki H/W,1-12-2017,6152,260
Chenab,Khanki H/W,2-12-2017,6760,260
Chenab,Khanki H/W,3-12-2017,6731,231
Chenab,Khanki H/W,4-12-2017,6810,260
Chenab,Khanki H/W,5-12-2017,6798,260
Chenab,Khanki H/W,6-12-2017,6810,260
Chenab,Khanki H/W,7-12-2017,6710,260
Chenab,Khanki H/W,8-12-2017,7537,1087
Chenab,Khanki H/W,9-12-2017,8600,2150
Chenab,Khanki H/W,10-12-2017,6733,260
Chenab,Khanki H/W,11-12-2017,9116,2616
Chenab,Khanki H/W,12-12-2017,6731,260
Chenab,Khanki H/W,13-12-2017,12646,6146
Chenab,Khanki H/W,14-12-2017,10111,3611
Chenab,Khanki H/W,15-12-2017,7666,1216
Chenab,Khanki H/W,16-12-2017,6710,260
Chenab,Khanki H/W,17-12-2017,6710,260
Chenab,Khanki H/W,18-12-2017,7527,1096
Chenab,Khanki H/W,19-12-2017,7546,1096
Chenab,Khanki H/W,20-12-2017,6710,260
Chenab,Khanki H/W,21-12-2017,6760,260
Chenab,Khanki H/W,22-12-2017,6760,260
Chenab,Khanki H/W,23-12-2017,5765,260
Chenab,Khanki H/W,24-12-2017,5551,301
Chenab,Khanki H/W,25-12-2017,5539,260
Chenab,Khanki H/W,26-12-2017,10019,4867
Chenab,Khanki H/W,27-12-2017,9250,2150
Chenab,Khanki H/W,28-12-2017,9535,2185
Chenab,Khanki H/W,29-12-2017,9700,2150
Chenab,Khanki H/W,30-12-2017,11161,3611
Chenab,Khanki H/W,31-12-2017,11161,3611
Chenab,Qadirabad Barrage,1-12-2017,17749,2749
Chenab,Qadirabad Barrage,2-12-2017,16577,NIL
Chenab,Qadirabad Barrage,3-12-2017,20749,2749
Chenab,Qadirabad Barrage,4-12-2017,20000,NIL
Chenab,Qadirabad Barrage,5-12-2017,20000,NIL
Chenab,Qadirabad Barrage,6-12-2017,20000,NIL
Chenab,Qadirabad Barrage,7-12-2017,20000,NIL
Chenab,Qadirabad Barrage,8-12-2017,21694,NIL
Chenab,Qadirabad Barrage,9-12-2017,20000,NIL
Chenab,Qadirabad Barrage,10-12-2017,20000,NIL
Chenab,Qadirabad Barrage,11-12-2017,19904,NIL
Chenab,Qadirabad Barrage,12-12-2017,20000,NIL
Chenab,Qadirabad Barrage,13-12-2017,20000,NIL
Chenab,Qadirabad Barrage,14-12-2017,20000,NIL
Chenab,Qadirabad Barrage,15-12-2017,20000,NIL
Chenab,Qadirabad Barrage,16-12-2017,20000,NIL
Chenab,Qadirabad Barrage,17-12-2017,20000,NIL
Chenab,Qadirabad Barrage,18-12-2017,18496,NIL
Chenab,Qadirabad Barrage,19-12-2017,14000,NIL
Chenab,Qadirabad Barrage,20-12-2017,14000,NIL
Chenab,Qadirabad Barrage,21-12-2017,14435,NIL
Chenab,Qadirabad Barrage,22-12-2017,14000,NIL
Chenab,Qadirabad Barrage,23-12-2017,14184,NIL
Chenab,Qadirabad Barrage,24-12-2017,13000,NIL
Chenab,Qadirabad Barrage,25-12-2017,13000,NIL
Chenab,Qadirabad Barrage,26-12-2017,6750,NIL
Chenab,Qadirabad Barrage,27-12-2017,3365,3365
Chenab,Qadirabad Barrage,28-12-2017,5705,5705
Chenab,Qadirabad Barrage,29-12-2017,2679,2679
Chenab,Qadirabad Barrage,30-12-2017,2679,2679
Chenab,Qadirabad Barrage,31-12-2017,3607,3607
Chenab,Trimmu H/W-,1-12-2017,21486,13508
Chenab,Trimmu H/W-,2-12-2017,21508,13508
Chenab,Trimmu H/W-,3-12-2017,17046,9067
Chenab,Trimmu H/W-,4-12-2017,16961,8961
Chenab,Trimmu H/W-,5-12-2017,16949,8961
Chenab,Trimmu H/W-,6-12-2017,13816,5816
Chenab,Trimmu H/W-,7-12-2017,13762,5773
Chenab,Trimmu H/W-,8-12-2017,10183,2227
Chenab,Trimmu H/W-,9-12-2017,12816,5816
Chenab,Trimmu H/W-,10-12-2017,7000,NIL
Chenab,Trimmu H/W-,11-12-2017,6982,NIL
Chenab,Trimmu H/W-,12-12-2017,7000,NIL
Chenab,Trimmu H/W-,13-12-2017,12899,5899
Chenab,Trimmu H/W-,14-12-2017,12899,5899
Chenab,Trimmu H/W-,15-12-2017,12870,5899
Chenab,Trimmu H/W-,16-12-2017,12873,5899
Chenab,Trimmu H/W-,17-12-2017,12899,5899
Chenab,Trimmu H/W-,18-12-2017,15299,7322
Chenab,Trimmu H/W-,19-12-2017,13892,5899
Chenab,Trimmu H/W-,20-12-2017,8000,NIL
Chenab,Trimmu H/W-,21-12-2017,8000,NIL
Chenab,Trimmu H/W-,22-12-2017,7974,NIL
Chenab,Trimmu H/W-,23-12-2017,12564,4576
Chenab,Trimmu H/W-,24-12-2017,7983,NIL
Chenab,Trimmu H/W-,25-12-2017,8000,NIL
Chenab,Trimmu H/W-,26-12-2017,7982,NIL
Chenab,Trimmu H/W-,27-12-2017,8000,NIL
Chenab,Trimmu H/W-,28-12-2017,7996,NIL
Chenab,Trimmu H/W-,29-12-2017,4000,NIL
Chenab,Trimmu H/W-,30-12-2017,12654,4680
Chenab,Trimmu H/W-,31-12-2017,8000,NIL
Chenab,Panjnad H/W,1-12-2017,19613,12932
Chenab,Panjnad H/W,2-12-2017,18286,11710
Chenab,Panjnad H/W,3-12-2017,15549,8978
Chenab,Panjnad H/W,4-12-2017,10326,3752
Chenab,Panjnad H/W,5-12-2017,13592,7032
Chenab,Panjnad H/W,6-12-2017,12425,11865
Chenab,Panjnad H/W,7-12-2017,11889,11384
Chenab,Panjnad H/W,8-12-2017,11906,11384
Chenab,Panjnad H/W,9-12-2017,6354,5850
Chenab,Panjnad H/W,10-12-2017,5078,4560
Chenab,Panjnad H/W,11-12-2017,4256,3756
Chenab,Panjnad H/W,12-12-2017,4290,3756
Chenab,Panjnad H/W,13-12-2017,3491,2941
Chenab,Panjnad H/W,14-12-2017,3469,2941
Chenab,Panjnad H/W,15-12-2017,2886,2336
Chenab,Panjnad H/W,16-12-2017,2879,2336
Chenab,Panjnad H/W,17-12-2017,2886,2336
Chenab,Panjnad H/W,18-12-2017,3478,2940
Chenab,Panjnad H/W,19-12-2017,3490,2940
Chenab,Panjnad H/W,20-12-2017,2886,2336
Chenab,Panjnad H/W,21-12-2017,2904,2336
Chenab,Panjnad H/W,22-12-2017,3085,2535
Chenab,Panjnad H/W,23-12-2017,2582,2031
Chenab,Panjnad H/W,24-12-2017,2581,2031
Chenab,Panjnad H/W,25-12-2017,1870,1320
Chenab,Panjnad H/W,26-12-2017,1890,1320
Chenab,Panjnad H/W,27-12-2017,1870,1320
Chenab,Panjnad H/W,28-12-2017,1902,1320
Chenab,Panjnad H/W,29-12-2017,1085,505
Chenab,Panjnad H/W,30-12-2017,589,NIL
Chenab,Panjnad H/W,31-12-2017,580,NIL
Indus,Kalabagh,1-01-2017,24959,17459
Indus,Kalabagh,2-01-2017,27739,20489
Indus,Kalabagh,3-01-2017,22999,16949
Indus,Kalabagh,4-01-2017,26444,21344
Indus,Kalabagh,5-01-2017,19702,15252
Indus,Kalabagh,6-01-2017,33251,29751
Indus,Kalabagh,7-01-2017,21261,18511
Indus,Kalabagh,8-01-2017,25894,23644
Indus,Kalabagh,9-01-2017,20747,18897
Indus,Kalabagh,10-01-2017,22428,20946
Indus,Kalabagh,11-01-2017,21000,20050
Indus,Kalabagh,12-01-2017,18933,18183
Indus,Kalabagh,13-01-2017,37652,37652
Indus,Kalabagh,14-01-2017,24716,24716
Indus,Kalabagh,15-01-2017,16502,16502
Indus,Kalabagh,16-01-2017,18510,18510
Indus,Kalabagh,17-01-2017,29174,29174
Indus,Kalabagh,18-01-2017,25573,25573
Indus,Kalabagh,19-01-2017,29174,29174
Indus,Kalabagh,20-01-2017,23845,23845
Indus,Kalabagh,21-01-2017,25938,25938
Indus,Kalabagh,22-01-2017,29174,29174
Indus,Kalabagh,23-01-2017,18940,18940
Indus,Kalabagh,24-01-2017,20042,20042
Indus,Kalabagh,25-01-2017,23886,23886
Indus,Kalabagh,26-01-2017,31512,31512
Indus,Kalabagh,27-01-2017,24854,24854
Indus,Kalabagh,28-01-2017,27561,27561
Indus,Kalabagh,29-01-2017,29433,29433
Indus,Kalabagh,30-01-2017,25747,25747
Indus,Kalabagh,31-01-2017,23990,23990
Indus,Chashma Barrage,1-01-2017,9601,23780
Indus,Chashma Barrage,2-01-2017,18743,14743
Indus,Chashma Barrage,3-01-2017,22937,25121
Indus,Chashma Barrage,4-01-2017,16217,12217
Indus,Chashma Barrage,5-01-2017,17891,13891
Indus,Chashma Barrage,6-01-2017,15220,15047
Indus,Chashma Barrage,7-01-2017,28427,24747
Indus,Chashma Barrage,8-01-2017,21669,17233
Indus,Chashma Barrage,9-01-2017,21153,18189
Indus,Chashma Barrage,10-01-2017,24807,22371
Indus,Chashma Barrage,11-01-2017,32449,30645
Indus,Chashma Barrage,12-01-2017,23305,19649
Indus,Chashma Barrage,13-01-2017,18761,15986
Indus,Chashma Barrage,14-01-2017,28206,26631
Indus,Chashma Barrage,15-01-2017,20234,19838
Indus,Chashma Barrage,16-01-2017,27700,27700
Indus,Chashma Barrage,17-01-2017,28105,22000
Indus,Chashma Barrage,18-01-2017,26992,22575
Indus,Chashma Barrage,19-01-2017,25291,25291
Indus,Chashma Barrage,20-01-2017,27418,27418
Indus,Chashma Barrage,21-01-2017,25739,25739
Indus,Chashma Barrage,22-01-2017,26600,26600
Indus,Chashma Barrage,23-01-2017,26133,26133
Indus,Chashma Barrage,24-01-2017,29640,29640
Indus,Chashma Barrage,25-01-2017,25912,25912
Indus,Chashma Barrage,26-01-2017,36336,36336
Indus,Chashma Barrage,27-01-2017,30802,30802
Indus,Chashma Barrage,28-01-2017,33404,33404
Indus,Chashma Barrage,29-01-2017,30418,30418
Indus,Chashma Barrage,30-01-2017,29264,30000
Indus,Chashma Barrage,31-01-2017,30000,30000
Indus,Taunsa Barrage,1-01-2017,19546,19546
Indus,Taunsa Barrage,2-01-2017,19530,19530
Indus,Taunsa Barrage,3-01-2017,20425,20425
Indus,Taunsa Barrage,4-01-2017,22553,22553
Indus,Taunsa Barrage,5-01-2017,18518,18518
Indus,Taunsa Barrage,6-01-2017,19888,19888
Indus,Taunsa Barrage,7-01-2017,16980,16980
Indus,Taunsa Barrage,8-01-2017,16980,16980
Indus,Taunsa Barrage,9-01-2017,16980,16980
Indus,Taunsa Barrage,10-01-2017,20885,20885
Indus,Taunsa Barrage,11-01-2017,16980,16980
Indus,Taunsa Barrage,12-01-2017,16980,16980
Indus,Taunsa Barrage,13-01-2017,21894,21894
Indus,Taunsa Barrage,14-01-2017,25681,25681
Indus,Taunsa Barrage,15-01-2017,19557,19557
Indus,Taunsa Barrage,16-01-2017,19557,19557
Indus,Taunsa Barrage,17-01-2017,22899,22899
Indus,Taunsa Barrage,18-01-2017,21592,21592
Indus,Taunsa Barrage,19-01-2017,23558,23558
Indus,Taunsa Barrage,20-01-2017,20205,20205
Indus,Taunsa Barrage,21-01-2017,20205,20205
Indus,Taunsa Barrage,22-01-2017,22972,22972
Indus,Taunsa Barrage,23-01-2017,24816,24816
Indus,Taunsa Barrage,24-01-2017,22972,22972
Indus,Taunsa Barrage,25-01-2017,23903,23903
Indus,Taunsa Barrage,26-01-2017,23903,23903
Indus,Taunsa Barrage,27-01-2017,26669,26669
Indus,Taunsa Barrage,28-01-2017,24825,24825
Indus,Taunsa Barrage,29-01-2017,32523,32523
Indus,Taunsa Barrage,30-01-2017,29383,29383
Indus,Taunsa Barrage,31-01-2017,33169,33169
Indus,Guddu Barrage,1-01-2017,19719,12422
Indus,Guddu Barrage,2-01-2017,18869,10579
Indus,Guddu Barrage,3-01-2017,17180,6474
Indus,Guddu Barrage,4-01-2017,17173,10063
Indus,Guddu Barrage,5-01-2017,21500,11090
Indus,Guddu Barrage,6-01-2017,28078,13168
Indus,Guddu Barrage,7-01-2017,31752,13566
Indus,Guddu Barrage,8-01-2017,30489,8523
Indus,Guddu Barrage,9-01-2017,28153,8616
Indus,Guddu Barrage,10-01-2017,25687,8616
Indus,Guddu Barrage,11-01-2017,23910,12890
Indus,Guddu Barrage,12-01-2017,23659,12639
Indus,Guddu Barrage,13-01-2017,23263,8204
Indus,Guddu Barrage,14-01-2017,25492,8022
Indus,Guddu Barrage,15-01-2017,23215,8396
Indus,Guddu Barrage,16-01-2017,22426,8951
Indus,Guddu Barrage,17-01-2017,23675,9210
Indus,Guddu Barrage,18-01-2017,19610,9135
Indus,Guddu Barrage,19-01-2017,19610,9135
Indus,Guddu Barrage,20-01-2017,20890,9135
Indus,Guddu Barrage,21-01-2017,20890,9135
Indus,Guddu Barrage,22-01-2017,22715,22715
Indus,Guddu Barrage,23-01-2017,27104,24042
Indus,Guddu Barrage,24-01-2017,26080,23018
Indus,Guddu Barrage,25-01-2017,30244,27182
Indus,Guddu Barrage,26-01-2017,32312,27182
Indus,Guddu Barrage,27-01-2017,31155,24853
Indus,Guddu Barrage,28-01-2017,32103,24853
Indus,Guddu Barrage,29-01-2017,32103,24853
Indus,Guddu Barrage,30-01-2017,33902,26652
Indus,Guddu Barrage,31-01-2017,33023,25773
Indus,Sukkur Barrage,1-01-2017,22665,NIL
Indus,Sukkur Barrage,2-01-2017,19490,NIL
Indus,Sukkur Barrage,3-01-2017,16070,NIL
Indus,Sukkur Barrage,4-01-2017,9980,NIL
Indus,Sukkur Barrage,5-01-2017,8095,NIL
Indus,Sukkur Barrage,6-01-2017,9486,16686
Indus,Sukkur Barrage,7-01-2017,10050,10050
Indus,Sukkur Barrage,8-01-2017,9153,9153
Indus,Sukkur Barrage,9-01-2017,8033,8033
Indus,Sukkur Barrage,10-01-2017,7929,7929
Indus,Sukkur Barrage,11-01-2017,7929,7929
Indus,Sukkur Barrage,12-01-2017,9606,9606
Indus,Sukkur Barrage,13-01-2017,18599,18599
Indus,Sukkur Barrage,14-01-2017,15770,15770
Indus,Sukkur Barrage,15-01-2017,12995,12995
Indus,Sukkur Barrage,16-01-2017,10777,10777
Indus,Sukkur Barrage,17-01-2017,10360,10360
Indus,Sukkur Barrage,18-01-2017,11617,11617
Indus,Sukkur Barrage,19-01-2017,12705,12705
Indus,Sukkur Barrage,20-01-2017,13339,13339
Indus,Sukkur Barrage,21-01-2017,13127,13127
Indus,Sukkur Barrage,22-01-2017,13290,5920
Indus,Sukkur Barrage,23-01-2017,21065,10335
Indus,Sukkur Barrage,24-01-2017,21523,11243
Indus,Sukkur Barrage,25-01-2017,21508,11243
Indus,Sukkur Barrage,26-01-2017,24370,11370
Indus,Sukkur Barrage,27-01-2017,24450,12360
Indus,Sukkur Barrage,28-01-2017,23510,10060
Indus,Sukkur Barrage,29-01-2017,22172,8322
Indus,Sukkur Barrage,30-01-2017,22347,8322
Indus,Sukkur Barrage,31-01-2017,23332,8322
Indus,Kotri Barrage,1-01-2017,3546,3546
Indus,Kotri Barrage,2-01-2017,3546,3546
Indus,Kotri Barrage,3-01-2017,3546,3546
Indus,Kotri Barrage,4-01-2017,3546,3546
Indus,Kotri Barrage,5-01-2017,3201,3201
Indus,Kotri Barrage,6-01-2017,3201,3201
Indus,Kotri Barrage,7-01-2017,3201,3201
Indus,Kotri Barrage,8-01-2017,3201,3201
Indus,Kotri Barrage,9-01-2017,3201,3201
Indus,Kotri Barrage,10-01-2017,3201,3201
Indus,Kotri Barrage,11-01-2017,6274,1774
Indus,Kotri Barrage,12-01-2017,12155,NIL
Indus,Kotri Barrage,13-01-2017,9040,NIL
Indus,Kotri Barrage,14-01-2017,8880,NIL
Indus,Kotri Barrage,15-01-2017,7780,NIL
Indus,Kotri Barrage,16-01-2017,7760,NIL
Indus,Kotri Barrage,17-01-2017,7760,NIL
Indus,Kotri Barrage,18-01-2017,9185,NIL
Indus,Kotri Barrage,19-01-2017,15105,NIL
Indus,Kotri Barrage,20-01-2017,14505,NIL
Indus,Kotri Barrage,21-01-2017,12495,NIL
Indus,Kotri Barrage,22-01-2017,10265,NIL
Indus,Kotri Barrage,23-01-2017,10065,NIL
Indus,Kotri Barrage,24-01-2017,10965,NIL
Indus,Kotri Barrage,25-01-2017,12055,NIL
Indus,Kotri Barrage,26-01-2017,12555,NIL
Indus,Kotri Barrage,27-01-2017,12555,NIL
Indus,Kotri Barrage,28-01-2017,11570,NIL
Indus,Kotri Barrage,29-01-2017,9805,NIL
Indus,Kotri Barrage,30-01-2017,10590,NIL
Indus,Kotri Barrage,31-01-2017,10490,NIL
Indus,Kalabagh,1-02-2017,26668,26668
Indus,Kalabagh,2-02-2017,31677,31677
Indus,Kalabagh,3-02-2017,29509,29509
Indus,Kalabagh,4-02-2017,28440,28440
Indus,Kalabagh,5-02-2017,26345,26345
Indus,Kalabagh,6-02-2017,29509,29509
Indus,Kalabagh,7-02-2017,27378,27378
Indus,Kalabagh,8-02-2017,31677,31677
Indus,Kalabagh,9-02-2017,29509,29509
Indus,Kalabagh,10-02-2017,16201,16101
Indus,Kalabagh,11-02-2017,40539,38556
Indus,Kalabagh,12-02-2017,36275,34275
Indus,Kalabagh,13-02-2017,55266,53266
Indus,Kalabagh,14-02-2017,61950,59950
Indus,Kalabagh,15-02-2017,64941,61841
Indus,Kalabagh,16-02-2017,65199,61199
Indus,Kalabagh,17-02-2017,49155,44055
Indus,Kalabagh,18-02-2017,40748,34948
Indus,Kalabagh,19-02-2017,55405,48905
Indus,Kalabagh,20-02-2017,77987,71495
Indus,Kalabagh,21-02-2017,63854,57354
Indus,Kalabagh,22-02-2017,62108,54608
Indus,Kalabagh,23-02-2017,62606,55106
Indus,Kalabagh,24-02-2017,55575,48075
Indus,Kalabagh,25-02-2017,49596,42096
Indus,Kalabagh,26-02-2017,80698,73198
Indus,Kalabagh,27-02-2017,118626,111126
Indus,Kalabagh,28-02-2017,57826,50326
Indus,Chashma Barrage,1-02-2017,26319,30000
Indus,Chashma Barrage,2-02-2017,29264,30000
Indus,Chashma Barrage,3-02-2017,32209,30000
Indus,Chashma Barrage,4-02-2017,27791,30000
Indus,Chashma Barrage,5-02-2017,27791,30000
Indus,Chashma Barrage,6-02-2017,28736,30000
Indus,Chashma Barrage,7-02-2017,28104,30000
Indus,Chashma Barrage,8-02-2017,29368,30000
Indus,Chashma Barrage,9-02-2017,30000,30000
Indus,Chashma Barrage,10-02-2017,46941,30000
Indus,Chashma Barrage,11-02-2017,31994,37000
Indus,Chashma Barrage,12-02-2017,39503,37000
Indus,Chashma Barrage,13-02-2017,50933,45000
Indus,Chashma Barrage,14-02-2017,59489,45000
Indus,Chashma Barrage,15-02-2017,55754,45000
Indus,Chashma Barrage,16-02-2017,50000,50000
Indus,Chashma Barrage,17-02-2017,54434,50000
Indus,Chashma Barrage,18-02-2017,46674,50000
Indus,Chashma Barrage,19-02-2017,49676,53000
Indus,Chashma Barrage,20-02-2017,56891,58000
Indus,Chashma Barrage,21-02-2017,68222,58000
Indus,Chashma Barrage,22-02-2017,64924,60000
Indus,Chashma Barrage,23-02-2017,67712,60000
Indus,Chashma Barrage,24-02-2017,66972,60000
Indus,Chashma Barrage,25-02-2017,60817,65000
Indus,Chashma Barrage,26-02-2017,91682,65000
Indus,Chashma Barrage,27-02-2017,116539,97175
Indus,Chashma Barrage,28-02-2017,122640,115192
Indus,Taunsa Barrage,1-02-2017,28983,28983
Indus,Taunsa Barrage,2-02-2017,28983,28983
Indus,Taunsa Barrage,3-02-2017,28983,28983
Indus,Taunsa Barrage,4-02-2017,28983,28983
Indus,Taunsa Barrage,5-02-2017,28656,28656
Indus,Taunsa Barrage,6-02-2017,29383,29383
Indus,Taunsa Barrage,7-02-2017,28336,28336
Indus,Taunsa Barrage,8-02-2017,28336,28336
Indus,Taunsa Barrage,9-02-2017,28336,28336
Indus,Taunsa Barrage,10-02-2017,28336,28336
Indus,Taunsa Barrage,11-02-2017,29283,29283
Indus,Taunsa Barrage,12-02-2017,29283,29283
Indus,Taunsa Barrage,13-02-2017,32522,32522
Indus,Taunsa Barrage,14-02-2017,36077,36077
Indus,Taunsa Barrage,15-02-2017,40247,40247
Indus,Taunsa Barrage,16-02-2017,42524,42524
Indus,Taunsa Barrage,17-02-2017,42375,41344
Indus,Taunsa Barrage,18-02-2017,41138,40122
Indus,Taunsa Barrage,19-02-2017,44175,43175
Indus,Taunsa Barrage,20-02-2017,44074,39202
Indus,Taunsa Barrage,21-02-2017,45384,40357
Indus,Taunsa Barrage,22-02-2017,47934,42934
Indus,Taunsa Barrage,23-02-2017,53694,46170
Indus,Taunsa Barrage,24-02-2017,56079,48571
Indus,Taunsa Barrage,25-02-2017,63539,55836
Indus,Taunsa Barrage,26-02-2017,56597,49292
Indus,Taunsa Barrage,27-02-2017,58450,50999
Indus,Taunsa Barrage,28-02-2017,60908,53157
Indus,Guddu Barrage,1-02-2017,35715,32677
Indus,Guddu Barrage,2-02-2017,38311,35273
Indus,Guddu Barrage,3-02-2017,41938,38900
Indus,Guddu Barrage,4-02-2017,41938,38900
Indus,Guddu Barrage,5-02-2017,41938,38900
Indus,Guddu Barrage,6-02-2017,39235,36197
Indus,Guddu Barrage,7-02-2017,39235,36197
Indus,Guddu Barrage,8-02-2017,39235,36197
Indus,Guddu Barrage,9-02-2017,39235,36197
Indus,Guddu Barrage,10-02-2017,37284,34246
Indus,Guddu Barrage,11-02-2017,35855,32475
Indus,Guddu Barrage,12-02-2017,35855,32475
Indus,Guddu Barrage,13-02-2017,35855,32475
Indus,Guddu Barrage,14-02-2017,35855,32475
Indus,Guddu Barrage,15-02-2017,35855,32475
Indus,Guddu Barrage,16-02-2017,38610,35230
Indus,Guddu Barrage,17-02-2017,38771,35391
Indus,Guddu Barrage,18-02-2017,38771,35391
Indus,Guddu Barrage,19-02-2017,38771,35391
Indus,Guddu Barrage,20-02-2017,38771,35391
Indus,Guddu Barrage,21-02-2017,40957,37577
Indus,Guddu Barrage,22-02-2017,42520,39140
Indus,Guddu Barrage,23-02-2017,45138,41294
Indus,Guddu Barrage,24-02-2017,49157,45313
Indus,Guddu Barrage,25-02-2017,49157,45313
Indus,Guddu Barrage,26-02-2017,50207,46363
Indus,Guddu Barrage,27-02-2017,51234,47390
Indus,Guddu Barrage,28-02-2017,51234,47390
Indus,Sukkur Barrage,1-02-2017,23980,8260
Indus,Sukkur Barrage,2-02-2017,25802,9282
Indus,Sukkur Barrage,3-02-2017,26665,11095
Indus,Sukkur Barrage,4-02-2017,28931,12056
Indus,Sukkur Barrage,5-02-2017,29531,12056
Indus,Sukkur Barrage,6-02-2017,30020,10235
Indus,Sukkur Barrage,7-02-2017,31745,11190
Indus,Sukkur Barrage,8-02-2017,31500,11095
Indus,Sukkur Barrage,9-02-2017,32940,10135
Indus,Sukkur Barrage,10-02-2017,31797,8322
Indus,Sukkur Barrage,11-02-2017,30226,6581
Indus,Sukkur Barrage,12-02-2017,30823,4873
Indus,Sukkur Barrage,13-02-2017,29910,3760
Indus,Sukkur Barrage,14-02-2017,29910,3760
Indus,Sukkur Barrage,15-02-2017,29910,3760
Indus,Sukkur Barrage,16-02-2017,29910,3760
Indus,Sukkur Barrage,17-02-2017,30780,3760
Indus,Sukkur Barrage,18-02-2017,30780,3760
Indus,Sukkur Barrage,19-02-2017,30780,3760
Indus,Sukkur Barrage,20-02-2017,30780,3760
Indus,Sukkur Barrage,21-02-2017,30780,3760
Indus,Sukkur Barrage,22-02-2017,30300,3700
Indus,Sukkur Barrage,23-02-2017,31775,4605
Indus,Sukkur Barrage,24-02-2017,33010,5605
Indus,Sukkur Barrage,25-02-2017,36020,5700
Indus,Sukkur Barrage,26-02-2017,37130,7500
Indus,Sukkur Barrage,27-02-2017,38595,10280
Indus,Sukkur Barrage,28-02-2017,40765,12800
Indus,Kotri Barrage,1-02-2017,12030,NIL
Indus,Kotri Barrage,2-02-2017,11535,NIL
Indus,Kotri Barrage,3-02-2017,9345,NIL
Indus,Kotri Barrage,4-02-2017,7585,NIL
Indus,Kotri Barrage,5-02-2017,7560,NIL
Indus,Kotri Barrage,6-02-2017,7515,NIL
Indus,Kotri Barrage,7-02-2017,7485,NIL
Indus,Kotri Barrage,8-02-2017,7685,NIL
Indus,Kotri Barrage,9-02-2017,8705,NIL
Indus,Kotri Barrage,10-02-2017,9755,NIL
Indus,Kotri Barrage,11-02-2017,9435,NIL
Indus,Kotri Barrage,12-02-2017,9155,NIL
Indus,Kotri Barrage,13-02-2017,9155,NIL
Indus,Kotri Barrage,14-02-2017,9155,NIL
Indus,Kotri Barrage,15-02-2017,8955,NIL
Indus,Kotri Barrage,16-02-2017,7865,NIL
Indus,Kotri Barrage,17-02-2017,6235,NIL
Indus,Kotri Barrage,18-02-2017,4550,NIL
Indus,Kotri Barrage,19-02-2017,3645,NIL
Indus,Kotri Barrage,20-02-2017,3505,NIL
Indus,Kotri Barrage,21-02-2017,3455,NIL
Indus,Kotri Barrage,22-02-2017,3455,NIL
Indus,Kotri Barrage,23-02-2017,3430,NIL
Indus,Kotri Barrage,24-02-2017,3430,NIL
Indus,Kotri Barrage,25-02-2017,3430,NIL
Indus,Kotri Barrage,26-02-2017,3430,NIL
Indus,Kotri Barrage,27-02-2017,3430,NIL
Indus,Kotri Barrage,28-02-2017,3430,NIL
Indus,Kalabagh,1-03-2017,58321,50821
Indus,Kalabagh,2-03-2017,51112,43612
Indus,Kalabagh,3-03-2017,99143,91243
Indus,Kalabagh,4-03-2017,92172,84972
Indus,Kalabagh,5-03-2017,62893,56393
Indus,Kalabagh,6-03-2017,59155,53655
Indus,Kalabagh,7-03-2017,50366,46366
Indus,Kalabagh,8-03-2017,48750,45250
Indus,Kalabagh,9-03-2017,61461,58461
Indus,Kalabagh,10-03-2017,54624,51641
Indus,Kalabagh,11-03-2017,38022,34222
Indus,Kalabagh,12-03-2017,41336,36836
Indus,Kalabagh,13-03-2017,37960,33460
Indus,Kalabagh,14-03-2017,49552,45052
Indus,Kalabagh,15-03-2017,49340,44840
Indus,Kalabagh,16-03-2017,49076,45376
Indus,Kalabagh,17-03-2017,55864,52164
Indus,Kalabagh,18-03-2017,49506,45306
Indus,Kalabagh,19-03-2017,41918,37718
Indus,Kalabagh,20-03-2017,50005,45016
Indus,Kalabagh,21-03-2017,39418,34418
Indus,Kalabagh,22-03-2017,50621,44121
Indus,Kalabagh,23-03-2017,41962,35462
Indus,Kalabagh,24-03-2017,44670,38170
Indus,Kalabagh,25-03-2017,41271,34771
Indus,Kalabagh,26-03-2017,43335,36835
Indus,Kalabagh,27-03-2017,59474,52474
Indus,Kalabagh,28-03-2017,42451,35451
Indus,Kalabagh,29-03-2017,44064,38064
Indus,Kalabagh,30-03-2017,43515,38515
Indus,Kalabagh,31-03-2017,83952,78952
Indus,Chashma Barrage,1-03-2017,66514,65000
Indus,Chashma Barrage,2-03-2017,65205,65000
Indus,Chashma Barrage,3-03-2017,53848,50000
Indus,Chashma Barrage,4-03-2017,67179,50000
Indus,Chashma Barrage,5-03-2017,92503,82512
Indus,Chashma Barrage,6-03-2017,50066,52186
Indus,Chashma Barrage,7-03-2017,53839,50000
Indus,Chashma Barrage,8-03-2017,53474,50000
Indus,Chashma Barrage,9-03-2017,74587,73441
Indus,Chashma Barrage,10-03-2017,81256,80156
Indus,Chashma Barrage,11-03-2017,64904,63804
Indus,Chashma Barrage,12-03-2017,39269,40000
Indus,Chashma Barrage,13-03-2017,47617,43713
Indus,Chashma Barrage,14-03-2017,36343,40000
Indus,Chashma Barrage,15-03-2017,40661,40000
Indus,Chashma Barrage,16-03-2017,40401,40000
Indus,Chashma Barrage,17-03-2017,52137,39857
Indus,Chashma Barrage,18-03-2017,60922,59222
Indus,Chashma Barrage,19-03-2017,51877,50177
Indus,Chashma Barrage,20-03-2017,38525,44981
Indus,Chashma Barrage,21-03-2017,40503,42881
Indus,Chashma Barrage,22-03-2017,38550,38889
Indus,Chashma Barrage,23-03-2017,39189,37489
Indus,Chashma Barrage,24-03-2017,36972,37311
Indus,Chashma Barrage,25-03-2017,35342,35681
Indus,Chashma Barrage,26-03-2017,41837,37702
Indus,Chashma Barrage,27-03-2017,38276,37409
Indus,Chashma Barrage,28-03-2017,42822,38405
Indus,Chashma Barrage,29-03-2017,43964,37659
Indus,Chashma Barrage,30-03-2017,41462,36698
Indus,Chashma Barrage,31-03-2017,49345,36549
Indus,Taunsa Barrage,1-03-2017,104516,96516
Indus,Taunsa Barrage,2-03-2017,91486,80130
Indus,Taunsa Barrage,3-03-2017,66021,57337
Indus,Taunsa Barrage,4-03-2017,62134,53669
Indus,Taunsa Barrage,5-03-2017,59441,49480
Indus,Taunsa Barrage,6-03-2017,55199,45136
Indus,Taunsa Barrage,7-03-2017,62182,52093
Indus,Taunsa Barrage,8-03-2017,53598,49598
Indus,Taunsa Barrage,9-03-2017,48021,46005
Indus,Taunsa Barrage,10-03-2017,48046,46005
Indus,Taunsa Barrage,11-03-2017,58782,56782
Indus,Taunsa Barrage,12-03-2017,62680,59177
Indus,Taunsa Barrage,13-03-2017,63837,60307
Indus,Taunsa Barrage,14-03-2017,48741,44741
Indus,Taunsa Barrage,15-03-2017,42046,42046
Indus,Taunsa Barrage,16-03-2017,46836,46836
Indus,Taunsa Barrage,17-03-2017,43244,43244
Indus,Taunsa Barrage,18-03-2017,42046,42046
Indus,Taunsa Barrage,19-03-2017,40849,40849
Indus,Taunsa Barrage,20-03-2017,40849,40849
Indus,Taunsa Barrage,21-03-2017,48100,48100
Indus,Taunsa Barrage,22-03-2017,40916,40916
Indus,Taunsa Barrage,23-03-2017,34742,34742
Indus,Taunsa Barrage,24-03-2017,38313,38313
Indus,Taunsa Barrage,25-03-2017,34742,34742
Indus,Taunsa Barrage,26-03-2017,31171,31171
Indus,Taunsa Barrage,27-03-2017,31171,31171
Indus,Taunsa Barrage,28-03-2017,31171,31171
Indus,Taunsa Barrage,29-03-2017,33551,33551
Indus,Taunsa Barrage,30-03-2017,35932,35932
Indus,Taunsa Barrage,31-03-2017,35932,35932
Indus,Guddu Barrage,1-03-2017,54600,50354
Indus,Guddu Barrage,2-03-2017,54063,52529
Indus,Guddu Barrage,3-03-2017,78969,77435
Indus,Guddu Barrage,4-03-2017,89169,85594
Indus,Guddu Barrage,5-03-2017,80628,76319
Indus,Guddu Barrage,6-03-2017,73057,68748
Indus,Guddu Barrage,7-03-2017,83192,79617
Indus,Guddu Barrage,8-03-2017,93486,91952
Indus,Guddu Barrage,9-03-2017,108883,107349
Indus,Guddu Barrage,10-03-2017,110924,107349
Indus,Guddu Barrage,11-03-2017,110924,107349
Indus,Guddu Barrage,12-03-2017,103544,98971
Indus,Guddu Barrage,13-03-2017,97025,92452
Indus,Guddu Barrage,14-03-2017,98759,96149
Indus,Guddu Barrage,15-03-2017,101275,99741
Indus,Guddu Barrage,16-03-2017,106585,105051
Indus,Guddu Barrage,17-03-2017,99875,97125
Indus,Guddu Barrage,18-03-2017,93319,89264
Indus,Guddu Barrage,19-03-2017,97531,92958
Indus,Guddu Barrage,20-03-2017,93066,89012
Indus,Guddu Barrage,21-03-2017,115767,112665
Indus,Guddu Barrage,22-03-2017,134943,131841
Indus,Guddu Barrage,23-03-2017,131422,128320
Indus,Guddu Barrage,24-03-2017,121242,118140
Indus,Guddu Barrage,25-03-2017,110176,107074
Indus,Guddu Barrage,26-03-2017,95467,92365
Indus,Guddu Barrage,27-03-2017,83996,80894
Indus,Guddu Barrage,28-03-2017,81415,78313
Indus,Guddu Barrage,29-03-2017,81415,78313
Indus,Guddu Barrage,30-03-2017,76274,73172
Indus,Guddu Barrage,31-03-2017,70020,66918
Indus,Sukkur Barrage,1-03-2017,41830,20415
Indus,Sukkur Barrage,2-03-2017,42646,24020
Indus,Sukkur Barrage,3-03-2017,45606,24020
Indus,Sukkur Barrage,4-03-2017,69410,45205
Indus,Sukkur Barrage,5-03-2017,73535,47720
Indus,Sukkur Barrage,6-03-2017,74025,48185
Indus,Sukkur Barrage,7-03-2017,65170,38600
Indus,Sukkur Barrage,8-03-2017,74290,50240
Indus,Sukkur Barrage,9-03-2017,88664,73564
Indus,Sukkur Barrage,10-03-2017,101807,76632
Indus,Sukkur Barrage,11-03-2017,103012,76632
Indus,Sukkur Barrage,12-03-2017,103562,76632
Indus,Sukkur Barrage,13-03-2017,98740,71100
Indus,Sukkur Barrage,14-03-2017,93587,68522
Indus,Sukkur Barrage,15-03-2017,93996,71096
Indus,Sukkur Barrage,16-03-2017,94811,71096
Indus,Sukkur Barrage,17-03-2017,95846,71096
Indus,Sukkur Barrage,18-03-2017,88372,62622
Indus,Sukkur Barrage,19-03-2017,87812,60582
Indus,Sukkur Barrage,20-03-2017,80005,52425
Indus,Sukkur Barrage,21-03-2017,80035,52425
Indus,Sukkur Barrage,22-03-2017,94565,67550
Indus,Sukkur Barrage,23-03-2017,110505,83565
Indus,Sukkur Barrage,24-03-2017,111015,83565
Indus,Sukkur Barrage,25-03-2017,100140,71000
Indus,Sukkur Barrage,26-03-2017,89842,60582
Indus,Sukkur Barrage,27-03-2017,76179,47369
Indus,Sukkur Barrage,28-03-2017,71300,43000
Indus,Sukkur Barrage,29-03-2017,71190,44900
Indus,Sukkur Barrage,30-03-2017,71140,44850
Indus,Sukkur Barrage,31-03-2017,60911,34911
Indus,Kotri Barrage,1-03-2017,3180,NIL
Indus,Kotri Barrage,2-03-2017,3180,NIL
Indus,Kotri Barrage,3-03-2017,3180,NIL
Indus,Kotri Barrage,4-03-2017,3180,NIL
Indus,Kotri Barrage,5-03-2017,3180,NIL
Indus,Kotri Barrage,6-03-2017,6460,NIL
Indus,Kotri Barrage,7-03-2017,9605,NIL
Indus,Kotri Barrage,8-03-2017,18905,NIL
Indus,Kotri Barrage,9-03-2017,23385,NIL
Indus,Kotri Barrage,10-03-2017,33240,8385
Indus,Kotri Barrage,11-03-2017,34280,8385
Indus,Kotri Barrage,12-03-2017,40296,14401
Indus,Kotri Barrage,13-03-2017,48900,26185
Indus,Kotri Barrage,14-03-2017,66658,44003
Indus,Kotri Barrage,15-03-2017,68859,47224
Indus,Kotri Barrage,16-03-2017,68859,47224
Indus,Kotri Barrage,17-03-2017,68859,47484
Indus,Kotri Barrage,18-03-2017,65118,44003
Indus,Kotri Barrage,19-03-2017,63424,42309
Indus,Kotri Barrage,20-03-2017,63164,42309
Indus,Kotri Barrage,21-03-2017,62774,42309
Indus,Kotri Barrage,22-03-2017,60342,40587
Indus,Kotri Barrage,23-03-2017,56440,37075
Indus,Kotri Barrage,24-03-2017,48694,29849
Indus,Kotri Barrage,25-03-2017,47038,28133
Indus,Kotri Barrage,26-03-2017,60012,40587
Indus,Kotri Barrage,27-03-2017,70607,50922
Indus,Kotri Barrage,28-03-2017,70307,50922
Indus,Kotri Barrage,29-03-2017,60472,40587
Indus,Kotri Barrage,30-03-2017,51430,31545
Indus,Kotri Barrage,31-03-2017,44469,24584
Indus,Kalabagh,1-04-2017,55584,50584
Indus,Kalabagh,2-04-2017,70324,65824
Indus,Kalabagh,3-04-2017,95123,91123
Indus,Kalabagh,4-04-2017,83418,79418
Indus,Kalabagh,5-04-2017,70521,66021
Indus,Kalabagh,6-04-2017,59607,55107
Indus,Kalabagh,7-04-2017,52224,48724
Indus,Kalabagh,8-04-2017,61611,58111
Indus,Kalabagh,9-04-2017,62450,58950
Indus,Kalabagh,10-04-2017,53129,48642
Indus,Kalabagh,11-04-2017,54808,49808
Indus,Kalabagh,12-04-2017,40593,35593
Indus,Kalabagh,13-04-2017,55754,50754
Indus,Kalabagh,14-04-2017,55936,50436
Indus,Kalabagh,15-04-2017,51135,44635
Indus,Kalabagh,16-04-2017,58659,52159
Indus,Kalabagh,17-04-2017,86326,79326
Indus,Kalabagh,18-04-2017,83412,76412
Indus,Kalabagh,19-04-2017,84166,77166
Indus,Kalabagh,20-04-2017,64209,57709
Indus,Kalabagh,21-04-2017,67766,61295
Indus,Kalabagh,22-04-2017,97696,91196
Indus,Kalabagh,23-04-2017,87354,80354
Indus,Kalabagh,24-04-2017,98133,91133
Indus,Kalabagh,25-04-2017,95179,88179
Indus,Kalabagh,26-04-2017,96274,89274
Indus,Kalabagh,27-04-2017,76695,69695
Indus,Kalabagh,28-04-2017,96889,89889
Indus,Kalabagh,29-04-2017,90431,83431
Indus,Kalabagh,30-04-2017,93043,86043
Indus,Chashma Barrage,1-04-2017,70993,45042
Indus,Chashma Barrage,2-04-2017,80287,73006
Indus,Chashma Barrage,3-04-2017,70847,63847
Indus,Chashma Barrage,4-04-2017,90197,83197
Indus,Chashma Barrage,5-04-2017,100524,93524
Indus,Chashma Barrage,6-04-2017,79683,72683
Indus,Chashma Barrage,7-04-2017,74451,67451
Indus,Chashma Barrage,8-04-2017,55579,49853
Indus,Chashma Barrage,9-04-2017,66821,62821
Indus,Chashma Barrage,10-04-2017,51019,47019
Indus,Chashma Barrage,11-04-2017,48051,44051
Indus,Chashma Barrage,12-04-2017,42776,40815
Indus,Chashma Barrage,13-04-2017,43008,41047
Indus,Chashma Barrage,14-04-2017,48384,42043
Indus,Chashma Barrage,15-04-2017,44316,43894
Indus,Chashma Barrage,16-04-2017,39513,35013
Indus,Chashma Barrage,17-04-2017,55296,43262
Indus,Chashma Barrage,18-04-2017,85538,73722
Indus,Chashma Barrage,19-04-2017,88390,75890
Indus,Chashma Barrage,20-04-2017,84739,72239
Indus,Chashma Barrage,21-04-2017,63144,52563
Indus,Chashma Barrage,22-04-2017,69885,55000
Indus,Chashma Barrage,23-04-2017,89021,76121
Indus,Chashma Barrage,24-04-2017,68175,55000
Indus,Chashma Barrage,25-04-2017,85840,72265
Indus,Chashma Barrage,26-04-2017,77919,75000
Indus,Chashma Barrage,27-04-2017,83700,75000
Indus,Chashma Barrage,28-04-2017,83583,81000
Indus,Chashma Barrage,29-04-2017,99895,81000
Indus,Chashma Barrage,30-04-2017,93972,81000
Indus,Taunsa Barrage,1-04-2017,35932,35932
Indus,Taunsa Barrage,2-04-2017,35932,35932
Indus,Taunsa Barrage,3-04-2017,35932,35932
Indus,Taunsa Barrage,4-04-2017,49229,49229
Indus,Taunsa Barrage,5-04-2017,55216,55216
Indus,Taunsa Barrage,6-04-2017,61204,61204
Indus,Taunsa Barrage,7-04-2017,77967,77967
Indus,Taunsa Barrage,8-04-2017,60006,60006
Indus,Taunsa Barrage,9-04-2017,60006,60006
Indus,Taunsa Barrage,10-04-2017,50427,50427
Indus,Taunsa Barrage,11-04-2017,46835,46835
Indus,Taunsa Barrage,12-04-2017,50427,50427
Indus,Taunsa Barrage,13-04-2017,44440,44440
Indus,Taunsa Barrage,14-04-2017,42045,42045
Indus,Taunsa Barrage,15-04-2017,42045,42045
Indus,Taunsa Barrage,16-04-2017,42045,42045
Indus,Taunsa Barrage,17-04-2017,38253,38253
Indus,Taunsa Barrage,18-04-2017,38253,38253
Indus,Taunsa Barrage,19-04-2017,35872,35872
Indus,Taunsa Barrage,20-04-2017,39563,37063
Indus,Taunsa Barrage,21-04-2017,63738,59185
Indus,Taunsa Barrage,22-04-2017,69373,64353
Indus,Taunsa Barrage,23-04-2017,69321,64097
Indus,Taunsa Barrage,24-04-2017,53326,49248
Indus,Taunsa Barrage,25-04-2017,56439,52198
Indus,Taunsa Barrage,26-04-2017,63402,57985
Indus,Taunsa Barrage,27-04-2017,57482,52675
Indus,Taunsa Barrage,28-04-2017,69091,63388
Indus,Taunsa Barrage,29-04-2017,69114,63338
Indus,Taunsa Barrage,30-04-2017,71320,63696
Indus,Guddu Barrage,1-04-2017,61132,61132
Indus,Guddu Barrage,2-04-2017,58351,58351
Indus,Guddu Barrage,3-04-2017,58350,59430
Indus,Guddu Barrage,4-04-2017,108460,108460
Indus,Guddu Barrage,5-04-2017,113137,113137
Indus,Guddu Barrage,6-04-2017,85400,85400
Indus,Guddu Barrage,7-04-2017,106810,106810
Indus,Guddu Barrage,8-04-2017,130300,130300
Indus,Guddu Barrage,9-04-2017,145155,145155
Indus,Guddu Barrage,10-04-2017,140752,140752
Indus,Guddu Barrage,11-04-2017,135530,135530
Indus,Guddu Barrage,12-04-2017,111360,111360
Indus,Guddu Barrage,13-04-2017,96220,96220
Indus,Guddu Barrage,14-04-2017,89410,89410
Indus,Guddu Barrage,15-04-2017,89410,89410
Indus,Guddu Barrage,16-04-2017,85727,85727
Indus,Guddu Barrage,17-04-2017,75170,75170
Indus,Guddu Barrage,18-04-2017,68080,68080
Indus,Guddu Barrage,19-04-2017,60972,60972
Indus,Guddu Barrage,20-04-2017,52058,52058
Indus,Guddu Barrage,21-04-2017,48895,48895
Indus,Guddu Barrage,22-04-2017,45997,45997
Indus,Guddu Barrage,23-04-2017,41245,41245
Indus,Guddu Barrage,24-04-2017,46018,46018
Indus,Guddu Barrage,25-04-2017,67868,67868
Indus,Guddu Barrage,26-04-2017,69464,68909
Indus,Guddu Barrage,27-04-2017,56927,55382
Indus,Guddu Barrage,28-04-2017,51857,49197
Indus,Guddu Barrage,29-04-2017,53423,50993
Indus,Guddu Barrage,30-04-2017,53423,50993
Indus,Sukkur Barrage,1-04-2017,60461,34911
Indus,Sukkur Barrage,2-04-2017,55164,31384
Indus,Sukkur Barrage,3-04-2017,55800,33480
Indus,Sukkur Barrage,4-04-2017,56408,34808
Indus,Sukkur Barrage,5-04-2017,66120,44220
Indus,Sukkur Barrage,6-04-2017,100010,78110
Indus,Sukkur Barrage,7-04-2017,93775,72225
Indus,Sukkur Barrage,8-04-2017,94745,72225
Indus,Sukkur Barrage,9-04-2017,121731,98661
Indus,Sukkur Barrage,10-04-2017,134565,111255
Indus,Sukkur Barrage,11-04-2017,134095,111255
Indus,Sukkur Barrage,12-04-2017,123578,100738
Indus,Sukkur Barrage,13-04-2017,105370,82320
Indus,Sukkur Barrage,14-04-2017,93070,69220
Indus,Sukkur Barrage,15-04-2017,80205,55555
Indus,Sukkur Barrage,16-04-2017,75055,49360
Indus,Sukkur Barrage,17-04-2017,71221,45496
Indus,Sukkur Barrage,18-04-2017,65910,40155
Indus,Sukkur Barrage,19-04-2017,56530,30465
Indus,Sukkur Barrage,20-04-2017,51194,24784
Indus,Sukkur Barrage,21-04-2017,47166,20451
Indus,Sukkur Barrage,22-04-2017,43685,17000
Indus,Sukkur Barrage,23-04-2017,42160,15125
Indus,Sukkur Barrage,24-04-2017,41718,14618
Indus,Sukkur Barrage,25-04-2017,40270,12500
Indus,Sukkur Barrage,26-04-2017,47225,19045
Indus,Sukkur Barrage,27-04-2017,50264,21594
Indus,Sukkur Barrage,28-04-2017,50880,22200
Indus,Sukkur Barrage,29-04-2017,45144,16434
Indus,Sukkur Barrage,30-04-2017,40974,12264
Indus,Kotri Barrage,1-04-2017,41103,21218
Indus,Kotri Barrage,2-04-2017,39717,19572
Indus,Kotri Barrage,3-04-2017,37935,16780
Indus,Kotri Barrage,4-04-2017,38112,19817
Indus,Kotri Barrage,5-04-2017,34050,16780
Indus,Kotri Barrage,6-04-2017,30126,12856
Indus,Kotri Barrage,7-04-2017,29736,12856
Indus,Kotri Barrage,8-04-2017,29736,12856
Indus,Kotri Barrage,9-04-2017,40193,23313
Indus,Kotri Barrage,10-04-2017,57793,41048
Indus,Kotri Barrage,11-04-2017,64770,48155
Indus,Kotri Barrage,12-04-2017,64510,48155
Indus,Kotri Barrage,13-04-2017,81926,65831
Indus,Kotri Barrage,14-04-2017,90924,74569
Indus,Kotri Barrage,15-04-2017,92440,76575
Indus,Kotri Barrage,16-04-2017,83531,67666
Indus,Kotri Barrage,17-04-2017,68611,52336
Indus,Kotri Barrage,18-04-2017,55793,39388
Indus,Kotri Barrage,19-04-2017,48373,31968
Indus,Kotri Barrage,20-04-2017,44908,28503
Indus,Kotri Barrage,21-04-2017,41265,23600
Indus,Kotri Barrage,22-04-2017,37211,20156
Indus,Kotri Barrage,23-04-2017,27985,11320
Indus,Kotri Barrage,24-04-2017,22202,6927
Indus,Kotri Barrage,25-04-2017,19047,4032
Indus,Kotri Barrage,26-04-2017,16821,806
Indus,Kotri Barrage,27-04-2017,14315,NIL
Indus,Kotri Barrage,28-04-2017,14315,NIL
Indus,Kotri Barrage,29-04-2017,12300,NIL
Indus,Kotri Barrage,30-04-2017,12170,NIL
Indus,Kalabagh,1-05-2017,95568,88068
Indus,Kalabagh,2-05-2017,96176,88676
Indus,Kalabagh,3-05-2017,97780,90296
Indus,Kalabagh,4-05-2017,94181,86681
Indus,Kalabagh,5-05-2017,84456,76956
Indus,Kalabagh,6-05-2017,95818,88318
Indus,Kalabagh,7-05-2017,102192,94692
Indus,Kalabagh,8-05-2017,105590,98090
Indus,Kalabagh,9-05-2017,125763,118263
Indus,Kalabagh,10-05-2017,128867,121381
Indus,Kalabagh,11-05-2017,125363,117863
Indus,Kalabagh,12-05-2017,115222,107722
Indus,Kalabagh,13-05-2017,106808,99308
Indus,Kalabagh,14-05-2017,143755,136255
Indus,Kalabagh,15-05-2017,117316,109816
Indus,Kalabagh,16-05-2017,103382,95882
Indus,Kalabagh,17-05-2017,112955,105455
Indus,Kalabagh,18-05-2017,118122,110622
Indus,Kalabagh,19-05-2017,143251,135751
Indus,Kalabagh,20-05-2017,113050,105561
Indus,Kalabagh,21-05-2017,124429,116929
Indus,Kalabagh,22-05-2017,109766,102266
Indus,Kalabagh,23-05-2017,130934,123434
Indus,Kalabagh,24-05-2017,131338,123338
Indus,Kalabagh,25-05-2017,134654,126654
Indus,Kalabagh,26-05-2017,159789,151789
Indus,Kalabagh,27-05-2017,164846,156846
Indus,Kalabagh,28-05-2017,149461,141461
Indus,Kalabagh,29-05-2017,141926,133926
Indus,Kalabagh,30-05-2017,152745,144745
Indus,Kalabagh,31-05-2017,183696,175696
Indus,Chashma Barrage,1-05-2017,97397,95000
Indus,Chashma Barrage,2-05-2017,97922,95000
Indus,Chashma Barrage,3-05-2017,88548,95000
Indus,Chashma Barrage,4-05-2017,90600,95000
Indus,Chashma Barrage,5-05-2017,82890,95000
Indus,Chashma Barrage,6-05-2017,90258,95000
Indus,Chashma Barrage,7-05-2017,105526,95000
Indus,Chashma Barrage,8-05-2017,113278,95000
Indus,Chashma Barrage,9-05-2017,114585,95000
Indus,Chashma Barrage,10-05-2017,119646,95000
Indus,Chashma Barrage,11-05-2017,114024,95000
Indus,Chashma Barrage,12-05-2017,112395,95000
Indus,Chashma Barrage,13-05-2017,100161,95000
Indus,Chashma Barrage,14-05-2017,111574,95000
Indus,Chashma Barrage,15-05-2017,134053,121963
Indus,Chashma Barrage,16-05-2017,108671,101471
Indus,Chashma Barrage,17-05-2017,109554,102354
Indus,Chashma Barrage,18-05-2017,110791,103591
Indus,Chashma Barrage,19-05-2017,110639,103439
Indus,Chashma Barrage,20-05-2017,134910,127710
Indus,Chashma Barrage,21-05-2017,113741,106541
Indus,Chashma Barrage,22-05-2017,119002,111802
Indus,Chashma Barrage,23-05-2017,101755,97000
Indus,Chashma Barrage,24-05-2017,122254,112609
Indus,Chashma Barrage,25-05-2017,134668,127468
Indus,Chashma Barrage,26-05-2017,138195,130995
Indus,Chashma Barrage,27-05-2017,163108,155908
Indus,Chashma Barrage,28-05-2017,158747,151547
Indus,Chashma Barrage,29-05-2017,147526,140326
Indus,Chashma Barrage,30-05-2017,133729,126529
Indus,Chashma Barrage,31-05-2017,156184,148984
Indus,Taunsa Barrage,1-05-2017,74065,66486
Indus,Taunsa Barrage,2-05-2017,76801,68913
Indus,Taunsa Barrage,3-05-2017,83884,75150
Indus,Taunsa Barrage,4-05-2017,88165,78343
Indus,Taunsa Barrage,5-05-2017,86829,77149
Indus,Taunsa Barrage,6-05-2017,86824,76943
Indus,Taunsa Barrage,7-05-2017,86821,76760
Indus,Taunsa Barrage,8-05-2017,86797,76741
Indus,Taunsa Barrage,9-05-2017,86849,75362
Indus,Taunsa Barrage,10-05-2017,86823,75491
Indus,Taunsa Barrage,11-05-2017,86270,74990
Indus,Taunsa Barrage,12-05-2017,86284,74870
Indus,Taunsa Barrage,13-05-2017,86091,72403
Indus,Taunsa Barrage,14-05-2017,86095,72164
Indus,Taunsa Barrage,15-05-2017,85895,70638
Indus,Taunsa Barrage,16-05-2017,86813,70790
Indus,Taunsa Barrage,17-05-2017,95475,77612
Indus,Taunsa Barrage,18-05-2017,105167,85307
Indus,Taunsa Barrage,19-05-2017,90898,71991
Indus,Taunsa Barrage,20-05-2017,90317,71500
Indus,Taunsa Barrage,21-05-2017,92494,72710
Indus,Taunsa Barrage,22-05-2017,102099,81464
Indus,Taunsa Barrage,23-05-2017,100804,85285
Indus,Taunsa Barrage,24-05-2017,97762,82262
Indus,Taunsa Barrage,25-05-2017,90409,74876
Indus,Taunsa Barrage,26-05-2017,90436,73876
Indus,Taunsa Barrage,27-05-2017,95606,84106
Indus,Taunsa Barrage,28-05-2017,117923,105193
Indus,Taunsa Barrage,29-05-2017,133689,119964
Indus,Taunsa Barrage,30-05-2017,142691,127979
Indus,Taunsa Barrage,31-05-2017,127513,111613
Indus,Guddu Barrage,1-05-2017,53423,50993
Indus,Guddu Barrage,2-05-2017,55103,52073
Indus,Guddu Barrage,3-05-2017,58745,55200
Indus,Guddu Barrage,4-05-2017,59912,55910
Indus,Guddu Barrage,5-05-2017,59912,55910
Indus,Guddu Barrage,6-05-2017,61270,57268
Indus,Guddu Barrage,7-05-2017,72558,67550
Indus,Guddu Barrage,8-05-2017,73371,68363
Indus,Guddu Barrage,9-05-2017,76637,71629
Indus,Guddu Barrage,10-05-2017,77654,71074
Indus,Guddu Barrage,11-05-2017,79700,72690
Indus,Guddu Barrage,12-05-2017,80210,72690
Indus,Guddu Barrage,13-05-2017,81447,73337
Indus,Guddu Barrage,14-05-2017,81351,72791
Indus,Guddu Barrage,15-05-2017,81337,70097
Indus,Guddu Barrage,16-05-2017,80632,71092
Indus,Guddu Barrage,17-05-2017,86142,76004
Indus,Guddu Barrage,18-05-2017,87794,77154
Indus,Guddu Barrage,19-05-2017,96239,85703
Indus,Guddu Barrage,20-05-2017,104609,94073
Indus,Guddu Barrage,21-05-2017,107900,96880
Indus,Guddu Barrage,22-05-2017,108577,97147
Indus,Guddu Barrage,23-05-2017,105264,93834
Indus,Guddu Barrage,24-05-2017,103252,91638
Indus,Guddu Barrage,25-05-2017,109262,97648
Indus,Guddu Barrage,26-05-2017,116544,104724
Indus,Guddu Barrage,27-05-2017,116322,103103
Indus,Guddu Barrage,28-05-2017,113819,100600
Indus,Guddu Barrage,29-05-2017,111621,100600
Indus,Guddu Barrage,30-05-2017,121354,112080
Indus,Guddu Barrage,31-05-2017,122543,112043
Indus,Sukkur Barrage,1-05-2017,42357,13017
Indus,Sukkur Barrage,2-05-2017,43150,13810
Indus,Sukkur Barrage,3-05-2017,45270,14700
Indus,Sukkur Barrage,4-05-2017,46636,15586
Indus,Sukkur Barrage,5-05-2017,48032,16527
Indus,Sukkur Barrage,6-05-2017,48232,16527
Indus,Sukkur Barrage,7-05-2017,48247,16527
Indus,Sukkur Barrage,8-05-2017,52800,20880
Indus,Sukkur Barrage,9-05-2017,61165,19565
Indus,Sukkur Barrage,10-05-2017,64635,32565
Indus,Sukkur Barrage,11-05-2017,65785,32565
Indus,Sukkur Barrage,12-05-2017,65835,32565
Indus,Sukkur Barrage,13-05-2017,66435,33295
Indus,Sukkur Barrage,14-05-2017,67005,33325
Indus,Sukkur Barrage,15-05-2017,66945,33325
Indus,Sukkur Barrage,16-05-2017,63520,29465
Indus,Sukkur Barrage,17-05-2017,59003,24863
Indus,Sukkur Barrage,18-05-2017,60131,25611
Indus,Sukkur Barrage,19-05-2017,62391,25611
Indus,Sukkur Barrage,20-05-2017,70005,28965
Indus,Sukkur Barrage,21-05-2017,75520,34480
Indus,Sukkur Barrage,22-05-2017,78467,37037
Indus,Sukkur Barrage,23-05-2017,80066,39016
Indus,Sukkur Barrage,24-05-2017,81405,39835
Indus,Sukkur Barrage,25-05-2017,80003,37718
Indus,Sukkur Barrage,26-05-2017,80640,37875
Indus,Sukkur Barrage,27-05-2017,82610,39175
Indus,Sukkur Barrage,28-05-2017,86874,43064
Indus,Sukkur Barrage,29-05-2017,87490,43290
Indus,Sukkur Barrage,30-05-2017,87505,43290
Indus,Sukkur Barrage,31-05-2017,89005,44710
Indus,Kotri Barrage,1-05-2017,16604,2419
Indus,Kotri Barrage,2-05-2017,17337,4032
Indus,Kotri Barrage,3-05-2017,17987,4032
Indus,Kotri Barrage,4-05-2017,13305,NIL
Indus,Kotri Barrage,5-05-2017,11675,NIL
Indus,Kotri Barrage,6-05-2017,11375,NIL
Indus,Kotri Barrage,7-05-2017,11335,NIL
Indus,Kotri Barrage,8-05-2017,12185,NIL
Indus,Kotri Barrage,9-05-2017,13255,NIL
Indus,Kotri Barrage,10-05-2017,13725,NIL
Indus,Kotri Barrage,11-05-2017,14955,NIL
Indus,Kotri Barrage,12-05-2017,15015,NIL
Indus,Kotri Barrage,13-05-2017,15255,NIL
Indus,Kotri Barrage,14-05-2017,17665,NIL
Indus,Kotri Barrage,15-05-2017,20195,NIL
Indus,Kotri Barrage,16-05-2017,21654,2419
Indus,Kotri Barrage,17-05-2017,22784,2419
Indus,Kotri Barrage,18-05-2017,22798,1613
Indus,Kotri Barrage,19-05-2017,22798,1613
Indus,Kotri Barrage,20-05-2017,22938,1613
Indus,Kotri Barrage,21-05-2017,22095,NIL
Indus,Kotri Barrage,22-05-2017,20030,NIL
Indus,Kotri Barrage,23-05-2017,20035,NIL
Indus,Kotri Barrage,24-05-2017,20035,NIL
Indus,Kotri Barrage,25-05-2017,21935,NIL
Indus,Kotri Barrage,26-05-2017,25155,NIL
Indus,Kotri Barrage,27-05-2017,27055,NIL
Indus,Kotri Barrage,28-05-2017,29375,NIL
Indus,Kotri Barrage,29-05-2017,31055,NIL
Indus,Kotri Barrage,30-05-2017,29765,4810
Indus,Kotri Barrage,31-05-2017,29549,1614
Indus,Kalabagh,1-06-2017,175791,167291
Indus,Kalabagh,2-06-2017,184862,176362
Indus,Kalabagh,3-06-2017,163378,154878
Indus,Kalabagh,4-06-2017,167734,159234
Indus,Kalabagh,5-06-2017,178993,170493
Indus,Kalabagh,6-06-2017,179917,171417
Indus,Kalabagh,7-06-2017,173042,164542
Indus,Kalabagh,8-06-2017,179813,171313
Indus,Kalabagh,9-06-2017,207713,199213
Indus,Kalabagh,10-06-2017,214278,205792
Indus,Kalabagh,11-06-2017,208958,200458
Indus,Kalabagh,12-06-2017,229233,220733
Indus,Kalabagh,13-06-2017,221203,212703
Indus,Kalabagh,14-06-2017,189153,180653
Indus,Kalabagh,15-06-2017,203980,195480
Indus,Kalabagh,16-06-2017,204865,196365
Indus,Kalabagh,17-06-2017,206159,197659
Indus,Kalabagh,18-06-2017,159469,150969
Indus,Kalabagh,19-06-2017,163529,155029
Indus,Kalabagh,20-06-2017,165572,157091
Indus,Kalabagh,21-06-2017,220867,213067
Indus,Kalabagh,22-06-2017,220280,212480
Indus,Kalabagh,23-06-2017,214054,206254
Indus,Kalabagh,24-06-2017,195370,188070
Indus,Kalabagh,25-06-2017,177490,170190
Indus,Kalabagh,26-06-2017,185854,178054
Indus,Kalabagh,27-06-2017,161410,153610
Indus,Kalabagh,28-06-2017,160130,151930
Indus,Kalabagh,29-06-2017,208311,200111
Indus,Kalabagh,30-06-2017,182179,173979
Indus,Chashma Barrage,1-06-2017,188607,181407
Indus,Chashma Barrage,2-06-2017,192420,195000
Indus,Chashma Barrage,3-06-2017,204755,200000
Indus,Chashma Barrage,4-06-2017,204083,203000
Indus,Chashma Barrage,5-06-2017,208161,203000
Indus,Chashma Barrage,6-06-2017,211122,208000
Indus,Chashma Barrage,7-06-2017,215200,208000
Indus,Chashma Barrage,8-06-2017,211122,208000
Indus,Chashma Barrage,9-06-2017,216122,213000
Indus,Chashma Barrage,10-06-2017,213686,213000
Indus,Chashma Barrage,11-06-2017,226714,213000
Indus,Chashma Barrage,12-06-2017,224278,213000
Indus,Chashma Barrage,13-06-2017,222239,213000
Indus,Chashma Barrage,14-06-2017,218161,213000
Indus,Chashma Barrage,15-06-2017,216122,213000
Indus,Chashma Barrage,16-06-2017,220428,223000
Indus,Chashma Barrage,17-06-2017,218108,223000
Indus,Chashma Barrage,18-06-2017,224623,223000
Indus,Chashma Barrage,19-06-2017,226180,223000
Indus,Chashma Barrage,20-06-2017,228969,223000
Indus,Chashma Barrage,21-06-2017,235450,223000
Indus,Chashma Barrage,22-06-2017,238566,223000
Indus,Chashma Barrage,23-06-2017,243617,232000
Indus,Chashma Barrage,24-06-2017,237571,232000
Indus,Chashma Barrage,25-06-2017,235829,227000
Indus,Chashma Barrage,26-06-2017,219783,217000
Indus,Chashma Barrage,27-06-2017,217228,217000
Indus,Chashma Barrage,28-06-2017,201863,205000
Indus,Chashma Barrage,29-06-2017,189937,190000
Indus,Chashma Barrage,30-06-2017,199540,190000
Indus,Taunsa Barrage,1-06-2017,113124,96302
Indus,Taunsa Barrage,2-06-2017,121631,105187
Indus,Taunsa Barrage,3-06-2017,156812,137254
Indus,Taunsa Barrage,4-06-2017,182163,158261
Indus,Taunsa Barrage,5-06-2017,183953,159824
Indus,Taunsa Barrage,6-06-2017,183507,157981
Indus,Taunsa Barrage,7-06-2017,181563,154913
Indus,Taunsa Barrage,8-06-2017,191300,164624
Indus,Taunsa Barrage,9-06-2017,189448,162782
Indus,Taunsa Barrage,10-06-2017,190565,163665
Indus,Taunsa Barrage,11-06-2017,193205,166178
Indus,Taunsa Barrage,12-06-2017,197991,172976
Indus,Taunsa Barrage,13-06-2017,198544,175544
Indus,Taunsa Barrage,14-06-2017,196082,173082
Indus,Taunsa Barrage,15-06-2017,202241,180410
Indus,Taunsa Barrage,16-06-2017,201022,179457
Indus,Taunsa Barrage,17-06-2017,201443,181885
Indus,Taunsa Barrage,18-06-2017,200709,181885
Indus,Taunsa Barrage,19-06-2017,204816,185990
Indus,Taunsa Barrage,20-06-2017,208919,185990
Indus,Taunsa Barrage,21-06-2017,206937,185990
Indus,Taunsa Barrage,22-06-2017,206064,179216
Indus,Taunsa Barrage,23-06-2017,207319,180319
Indus,Taunsa Barrage,24-06-2017,209376,182144
Indus,Taunsa Barrage,25-06-2017,215700,190849
Indus,Taunsa Barrage,26-06-2017,215699,190849
Indus,Taunsa Barrage,27-06-2017,209888,185039
Indus,Taunsa Barrage,28-06-2017,205141,179304
Indus,Taunsa Barrage,29-06-2017,203615,177815
Indus,Taunsa Barrage,30-06-2017,190239,165429
Indus,Guddu Barrage,1-06-2017,141906,130222
Indus,Guddu Barrage,2-06-2017,146234,135795
Indus,Guddu Barrage,3-06-2017,116580,106650
Indus,Guddu Barrage,4-06-2017,109519,97949
Indus,Guddu Barrage,5-06-2017,101054,87467
Indus,Guddu Barrage,6-06-2017,119510,101100
Indus,Guddu Barrage,7-06-2017,141818,122019
Indus,Guddu Barrage,8-06-2017,143425,125213
Indus,Guddu Barrage,9-06-2017,145425,125213
Indus,Guddu Barrage,10-06-2017,143768,122809
Indus,Guddu Barrage,11-06-2017,148171,126578
Indus,Guddu Barrage,12-06-2017,152427,126578
Indus,Guddu Barrage,13-06-2017,147876,121174
Indus,Guddu Barrage,14-06-2017,149704,122809
Indus,Guddu Barrage,15-06-2017,154949,126384
Indus,Guddu Barrage,16-06-2017,160279,130070
Indus,Guddu Barrage,17-06-2017,163880,133452
Indus,Guddu Barrage,18-06-2017,165961,133452
Indus,Guddu Barrage,19-06-2017,166952,133452
Indus,Guddu Barrage,20-06-2017,167452,133452
Indus,Guddu Barrage,21-06-2017,167880,133970
Indus,Guddu Barrage,22-06-2017,171400,136987
Indus,Guddu Barrage,23-06-2017,171004,135335
Indus,Guddu Barrage,24-06-2017,170112,135469
Indus,Guddu Barrage,25-06-2017,170844,137451
Indus,Guddu Barrage,26-06-2017,176657,141193
Indus,Guddu Barrage,27-06-2017,175642,141193
Indus,Guddu Barrage,28-06-2017,183904,148274
Indus,Guddu Barrage,29-06-2017,191411,155021
Indus,Guddu Barrage,30-06-2017,191907,155021
Indus,Sukkur Barrage,1-06-2017,92150,48070
Indus,Sukkur Barrage,2-06-2017,97840,53820
Indus,Sukkur Barrage,3-06-2017,107060,62190
Indus,Sukkur Barrage,4-06-2017,101805,64495
Indus,Sukkur Barrage,5-06-2017,74249,33464
Indus,Sukkur Barrage,6-06-2017,71385,28670
Indus,Sukkur Barrage,7-06-2017,74030,30340
Indus,Sukkur Barrage,8-06-2017,87260,42130
Indus,Sukkur Barrage,9-06-2017,100010,56380
Indus,Sukkur Barrage,10-06-2017,102720,56380
Indus,Sukkur Barrage,11-06-2017,104350,56380
Indus,Sukkur Barrage,12-06-2017,104475,56380
Indus,Sukkur Barrage,13-06-2017,107245,58805
Indus,Sukkur Barrage,14-06-2017,107310,58040
Indus,Sukkur Barrage,15-06-2017,108010,58320
Indus,Sukkur Barrage,16-06-2017,114750,62570
Indus,Sukkur Barrage,17-06-2017,117685,67185
Indus,Sukkur Barrage,18-06-2017,119305,67185
Indus,Sukkur Barrage,19-06-2017,121627,69237
Indus,Sukkur Barrage,20-06-2017,122007,69237
Indus,Sukkur Barrage,21-06-2017,122366,68486
Indus,Sukkur Barrage,22-06-2017,122466,68486
Indus,Sukkur Barrage,23-06-2017,125327,71247
Indus,Sukkur Barrage,24-06-2017,125187,71247
Indus,Sukkur Barrage,25-06-2017,125917,71247
Indus,Sukkur Barrage,26-06-2017,128511,73671
Indus,Sukkur Barrage,27-06-2017,128501,73671
Indus,Sukkur Barrage,28-06-2017,130120,75215
Indus,Sukkur Barrage,29-06-2017,132596,77691
Indus,Sukkur Barrage,30-06-2017,134058,78788
Indus,Kotri Barrage,1-06-2017,30871,1136
Indus,Kotri Barrage,2-06-2017,33854,2419
Indus,Kotri Barrage,3-06-2017,36555,4020
Indus,Kotri Barrage,4-06-2017,34975,4020
Indus,Kotri Barrage,5-06-2017,35455,4020
Indus,Kotri Barrage,6-06-2017,34685,NIL
Indus,Kotri Barrage,7-06-2017,35575,NIL
Indus,Kotri Barrage,8-06-2017,36605,NIL
Indus,Kotri Barrage,9-06-2017,36885,NIL
Indus,Kotri Barrage,10-06-2017,29415,NIL
Indus,Kotri Barrage,11-06-2017,25855,NIL
Indus,Kotri Barrage,12-06-2017,27232,NIL
Indus,Kotri Barrage,13-06-2017,34535,NIL
Indus,Kotri Barrage,14-06-2017,38315,NIL
Indus,Kotri Barrage,15-06-2017,38875,NIL
Indus,Kotri Barrage,16-06-2017,39295,NIL
Indus,Kotri Barrage,17-06-2017,39435,NIL
Indus,Kotri Barrage,18-06-2017,39915,NIL
Indus,Kotri Barrage,19-06-2017,40055,NIL
Indus,Kotri Barrage,20-06-2017,39855,NIL
Indus,Kotri Barrage,21-06-2017,41888,1613
Indus,Kotri Barrage,22-06-2017,42834,2419
Indus,Kotri Barrage,23-06-2017,45863,5448
Indus,Kotri Barrage,24-06-2017,46003,5448
Indus,Kotri Barrage,25-06-2017,47482,6927
Indus,Kotri Barrage,26-06-2017,47482,6927
Indus,Kotri Barrage,27-06-2017,47482,6927
Indus,Kotri Barrage,28-06-2017,47622,6927
Indus,Kotri Barrage,29-06-2017,49079,8384
Indus,Kotri Barrage,30-06-2017,49079,8384
Indus,Kalabagh,1-07-2017,154184,145984
Indus,Kalabagh,2-07-2017,175794,167594
Indus,Kalabagh,3-07-2017,179900,171716
Indus,Kalabagh,4-07-2017,177363,169179
Indus,Kalabagh,5-07-2017,187413,178929
Indus,Kalabagh,6-07-2017,165761,157277
Indus,Kalabagh,7-07-2017,204882,196437
Indus,Kalabagh,8-07-2017,165119,156619
Indus,Kalabagh,9-07-2017,182816,174316
Indus,Kalabagh,10-07-2017,190431,181944
Indus,Kalabagh,11-07-2017,232135,223635
Indus,Kalabagh,12-07-2017,358036,350736
Indus,Kalabagh,13-07-2017,339126,330926
Indus,Kalabagh,14-07-2017,284167,275667
Indus,Kalabagh,15-07-2017,285927,277443
Indus,Kalabagh,16-07-2017,282007,273507
Indus,Kalabagh,17-07-2017,309999,301499
Indus,Kalabagh,18-07-2017,404961,396761
Indus,Kalabagh,19-07-2017,415504,407304
Indus,Kalabagh,20-07-2017,445900,437900
Indus,Kalabagh,21-07-2017,391946,383961
Indus,Kalabagh,22-07-2017,406207,397907
Indus,Kalabagh,23-07-2017,397087,388787
Indus,Kalabagh,24-07-2017,311212,302912
Indus,Kalabagh,25-07-2017,327080,318780
Indus,Kalabagh,26-07-2017,318304,310004
Indus,Kalabagh,27-07-2017,466347,459147
Indus,Kalabagh,28-07-2017,474045,466845
Indus,Kalabagh,29-07-2017,440205,433005
Indus,Kalabagh,30-07-2017,415233,407633
Indus,Kalabagh,31-07-2017,395576,387976
Indus,Chashma Barrage,1-07-2017,213855,190000
Indus,Chashma Barrage,2-07-2017,218709,195000
Indus,Chashma Barrage,3-07-2017,218499,195000
Indus,Chashma Barrage,4-07-2017,221769,195000
Indus,Chashma Barrage,5-07-2017,215034,202944
Indus,Chashma Barrage,6-07-2017,210775,203575
Indus,Chashma Barrage,7-07-2017,214817,207617
Indus,Chashma Barrage,8-07-2017,218088,210888
Indus,Chashma Barrage,9-07-2017,212675,205475
Indus,Chashma Barrage,10-07-2017,210502,203302
Indus,Chashma Barrage,11-07-2017,213804,206604
Indus,Chashma Barrage,12-07-2017,225405,234508
Indus,Chashma Barrage,13-07-2017,322311,353286
Indus,Chashma Barrage,14-07-2017,369700,383175
Indus,Chashma Barrage,15-07-2017,340488,333288
Indus,Chashma Barrage,16-07-2017,310942,303742
Indus,Chashma Barrage,17-07-2017,298932,291861
Indus,Chashma Barrage,18-07-2017,348407,352493
Indus,Chashma Barrage,19-07-2017,445208,457726
Indus,Chashma Barrage,20-07-2017,484213,477213
Indus,Chashma Barrage,21-07-2017,478000,471000
Indus,Chashma Barrage,22-07-2017,470293,463293
Indus,Chashma Barrage,23-07-2017,457791,450791
Indus,Chashma Barrage,24-07-2017,438884,433699
Indus,Chashma Barrage,25-07-2017,393071,389071
Indus,Chashma Barrage,26-07-2017,389908,376647
Indus,Chashma Barrage,27-07-2017,415145,411145
Indus,Chashma Barrage,28-07-2017,511813,508221
Indus,Chashma Barrage,29-07-2017,547448,545469
Indus,Chashma Barrage,30-07-2017,500157,497969
Indus,Chashma Barrage,31-07-2017,466130,461630
Indus,Taunsa Barrage,1-07-2017,186979,163967
Indus,Taunsa Barrage,2-07-2017,179902,155877
Indus,Taunsa Barrage,3-07-2017,179909,155877
Indus,Taunsa Barrage,4-07-2017,178318,153349
Indus,Taunsa Barrage,5-07-2017,178349,153349
Indus,Taunsa Barrage,6-07-2017,175955,149909
Indus,Taunsa Barrage,7-07-2017,179651,153103
Indus,Taunsa Barrage,8-07-2017,184521,171488
Indus,Taunsa Barrage,9-07-2017,198417,185389
Indus,Taunsa Barrage,10-07-2017,194542,177985
Indus,Taunsa Barrage,11-07-2017,196157,178085
Indus,Taunsa Barrage,12-07-2017,196085,178085
Indus,Taunsa Barrage,13-07-2017,196170,178085
Indus,Taunsa Barrage,14-07-2017,270403,252403
Indus,Taunsa Barrage,15-07-2017,324819,302311
Indus,Taunsa Barrage,16-07-2017,333793,309752
Indus,Taunsa Barrage,17-07-2017,305577,280553
Indus,Taunsa Barrage,18-07-2017,304053,280553
Indus,Taunsa Barrage,19-07-2017,304788,283788
Indus,Taunsa Barrage,20-07-2017,374247,352710
Indus,Taunsa Barrage,21-07-2017,417045,417045
Indus,Taunsa Barrage,22-07-2017,459732,459732
Indus,Taunsa Barrage,23-07-2017,457696,457696
Indus,Taunsa Barrage,24-07-2017,451822,451822
Indus,Taunsa Barrage,25-07-2017,429425,429425
Indus,Taunsa Barrage,26-07-2017,417945,410945
Indus,Taunsa Barrage,27-07-2017,395978,385969
Indus,Taunsa Barrage,28-07-2017,388910,388910
Indus,Taunsa Barrage,29-07-2017,450620,450620
Indus,Taunsa Barrage,30-07-2017,531570,531570
Indus,Taunsa Barrage,31-07-2017,526919,526919
Indus,Guddu Barrage,1-07-2017,197866,160913
Indus,Guddu Barrage,2-07-2017,197421,164565
Indus,Guddu Barrage,3-07-2017,194561,161776
Indus,Guddu Barrage,4-07-2017,187812,155238
Indus,Guddu Barrage,5-07-2017,178890,144926
Indus,Guddu Barrage,6-07-2017,172783,138017
Indus,Guddu Barrage,7-07-2017,166920,131643
Indus,Guddu Barrage,8-07-2017,167356,134928
Indus,Guddu Barrage,9-07-2017,175335,143816
Indus,Guddu Barrage,10-07-2017,183955,149658
Indus,Guddu Barrage,11-07-2017,192284,155175
Indus,Guddu Barrage,12-07-2017,213392,192392
Indus,Guddu Barrage,13-07-2017,205240,164140
Indus,Guddu Barrage,14-07-2017,212415,178211
Indus,Guddu Barrage,15-07-2017,215563,178211
Indus,Guddu Barrage,16-07-2017,231149,195349
Indus,Guddu Barrage,17-07-2017,276770,243613
Indus,Guddu Barrage,18-07-2017,316105,289097
Indus,Guddu Barrage,19-07-2017,336264,310720
Indus,Guddu Barrage,20-07-2017,353361,326177
Indus,Guddu Barrage,21-07-2017,353071,325541
Indus,Guddu Barrage,22-07-2017,353060,323460
Indus,Guddu Barrage,23-07-2017,396141,369982
Indus,Guddu Barrage,24-07-2017,444987,426565
Indus,Guddu Barrage,25-07-2017,499910,479018
Indus,Guddu Barrage,26-07-2017,513600,491130
Indus,Guddu Barrage,27-07-2017,513600,510500
Indus,Guddu Barrage,28-07-2017,570768,568218
Indus,Guddu Barrage,29-07-2017,550890,548340
Indus,Guddu Barrage,30-07-2017,524595,519772
Indus,Guddu Barrage,31-07-2017,585927,582237
Indus,Sukkur Barrage,1-07-2017,142720,87400
Indus,Sukkur Barrage,2-07-2017,145689,90354
Indus,Sukkur Barrage,3-07-2017,147518,92183
Indus,Sukkur Barrage,4-07-2017,148113,92183
Indus,Sukkur Barrage,5-07-2017,141566,85666
Indus,Sukkur Barrage,6-07-2017,137768,81818
Indus,Sukkur Barrage,7-07-2017,128030,72065
Indus,Sukkur Barrage,8-07-2017,128030,72065
Indus,Sukkur Barrage,9-07-2017,118269,62274
Indus,Sukkur Barrage,10-07-2017,120710,64825
Indus,Sukkur Barrage,11-07-2017,128475,72465
Indus,Sukkur Barrage,12-07-2017,137728,81818
Indus,Sukkur Barrage,13-07-2017,152455,96690
Indus,Sukkur Barrage,14-07-2017,152455,96690
Indus,Sukkur Barrage,15-07-2017,162780,106600
Indus,Sukkur Barrage,16-07-2017,163010,106880
Indus,Sukkur Barrage,17-07-2017,177254,121154
Indus,Sukkur Barrage,18-07-2017,200085,144350
Indus,Sukkur Barrage,19-07-2017,252335,196955
Indus,Sukkur Barrage,20-07-2017,269560,214030
Indus,Sukkur Barrage,21-07-2017,283212,227582
Indus,Sukkur Barrage,22-07-2017,286608,231888
Indus,Sukkur Barrage,23-07-2017,295215,242400
Indus,Sukkur Barrage,24-07-2017,335776,301106
Indus,Sukkur Barrage,25-07-2017,366500,325130
Indus,Sukkur Barrage,26-07-2017,400849,358599
Indus,Sukkur Barrage,27-07-2017,466422,439492
Indus,Sukkur Barrage,28-07-2017,508010,500680
Indus,Sukkur Barrage,29-07-2017,538150,528525
Indus,Sukkur Barrage,30-07-2017,538550,523250
Indus,Sukkur Barrage,31-07-2017,540300,523250
Indus,Kotri Barrage,1-07-2017,49079,8384
Indus,Kotri Barrage,2-07-2017,50558,9863
Indus,Kotri Barrage,3-07-2017,50558,9863
Indus,Kotri Barrage,4-07-2017,52015,11320
Indus,Kotri Barrage,5-07-2017,53505,12810
Indus,Kotri Barrage,6-07-2017,56846,16151
Indus,Kotri Barrage,7-07-2017,62814,22119
Indus,Kotri Barrage,8-07-2017,62814,22119
Indus,Kotri Barrage,9-07-2017,62814,22119
Indus,Kotri Barrage,10-07-2017,62814,22119
Indus,Kotri Barrage,11-07-2017,57928,17233
Indus,Kotri Barrage,12-07-2017,56846,16151
Indus,Kotri Barrage,13-07-2017,50558,9863
Indus,Kotri Barrage,14-07-2017,47622,6927
Indus,Kotri Barrage,15-07-2017,46143,5448
Indus,Kotri Barrage,16-07-2017,46143,5448
Indus,Kotri Barrage,17-07-2017,50558,9863
Indus,Kotri Barrage,18-07-2017,54955,14400
Indus,Kotri Barrage,19-07-2017,65625,25210
Indus,Kotri Barrage,20-07-2017,69563,28868
Indus,Kotri Barrage,21-07-2017,78792,38097
Indus,Kotri Barrage,22-07-2017,92117,53972
Indus,Kotri Barrage,23-07-2017,107802,80567
Indus,Kotri Barrage,24-07-2017,137133,129058
Indus,Kotri Barrage,25-07-2017,144170,129645
Indus,Kotri Barrage,26-07-2017,149220,129645
Indus,Kotri Barrage,27-07-2017,161425,157925
Indus,Kotri Barrage,28-07-2017,168954,167604
Indus,Kotri Barrage,29-07-2017,182513,182013
Indus,Kotri Barrage,30-07-2017,190365,188855
Indus,Kotri Barrage,31-07-2017,203467,200857
Indus,Kalabagh,1-08-2017,426778,420178
Indus,Kalabagh,2-08-2017,490613,485713
Indus,Kalabagh,3-08-2017,508352,504052
Indus,Kalabagh,4-08-2017,478620,476620
Indus,Kalabagh,5-08-2017,455067,453667
Indus,Kalabagh,6-08-2017,466923,465923
Indus,Kalabagh,7-08-2017,471944,471944
Indus,Kalabagh,8-08-2017,476614,476614
Indus,Kalabagh,9-08-2017,429976,429976
Indus,Kalabagh,10-08-2017,362139,362139
Indus,Kalabagh,11-08-2017,363069,363069
Indus,Kalabagh,12-08-2017,370039,370039
Indus,Kalabagh,13-08-2017,357629,357629
Indus,Kalabagh,14-08-2017,345437,345437
Indus,Kalabagh,15-08-2017,324915,324615
Indus,Kalabagh,16-08-2017,315329,314329
Indus,Kalabagh,17-08-2017,286813,285313
Indus,Kalabagh,18-08-2017,281146,279146
Indus,Kalabagh,19-08-2017,266141,263641
Indus,Kalabagh,20-08-2017,264753,262271
Indus,Kalabagh,21-08-2017,245819,242419
Indus,Kalabagh,22-08-2017,251152,246352
Indus,Kalabagh,23-08-2017,239612,234612
Indus,Kalabagh,24-08-2017,239577,234577
Indus,Kalabagh,25-08-2017,251507,245507
Indus,Kalabagh,26-08-2017,241198,235198
Indus,Kalabagh,27-08-2017,218833,211933
Indus,Kalabagh,28-08-2017,188602,181602
Indus,Kalabagh,29-08-2017,165501,158501
Indus,Kalabagh,30-08-2017,157060,150060
Indus,Kalabagh,31-08-2017,156030,149030
Indus,Chashma Barrage,1-08-2017,455711,451494
Indus,Chashma Barrage,2-08-2017,502226,498714
Indus,Chashma Barrage,3-08-2017,595120,592480
Indus,Chashma Barrage,4-08-2017,610901,608304
Indus,Chashma Barrage,5-08-2017,551538,548538
Indus,Chashma Barrage,6-08-2017,492224,489224
Indus,Chashma Barrage,7-08-2017,491243,488243
Indus,Chashma Barrage,8-08-2017,504418,501095
Indus,Chashma Barrage,9-08-2017,520881,517361
Indus,Chashma Barrage,10-08-2017,457449,453630
Indus,Chashma Barrage,11-08-2017,461777,457127
Indus,Chashma Barrage,12-08-2017,457802,453052
Indus,Chashma Barrage,13-08-2017,437349,432422
Indus,Chashma Barrage,14-08-2017,408850,397696
Indus,Chashma Barrage,15-08-2017,383548,367794
Indus,Chashma Barrage,16-08-2017,364963,355667
Indus,Chashma Barrage,17-08-2017,351619,346819
Indus,Chashma Barrage,18-08-2017,333316,307704
Indus,Chashma Barrage,19-08-2017,310446,289822
Indus,Chashma Barrage,20-08-2017,292009,267669
Indus,Chashma Barrage,21-08-2017,282133,268177
Indus,Chashma Barrage,22-08-2017,284963,279163
Indus,Chashma Barrage,23-08-2017,294968,259168
Indus,Chashma Barrage,24-08-2017,285995,280195
Indus,Chashma Barrage,25-08-2017,292185,286208
Indus,Chashma Barrage,26-08-2017,295247,288753
Indus,Chashma Barrage,27-08-2017,270221,261902
Indus,Chashma Barrage,28-08-2017,225216,211277
Indus,Chashma Barrage,29-08-2017,206251,192270
Indus,Chashma Barrage,30-08-2017,215425,201925
Indus,Chashma Barrage,31-08-2017,197668,184062
Indus,Taunsa Barrage,1-08-2017,526287,526287
Indus,Taunsa Barrage,2-08-2017,477461,477461
Indus,Taunsa Barrage,3-08-2017,483786,483786
Indus,Taunsa Barrage,4-08-2017,538427,538427
Indus,Taunsa Barrage,5-08-2017,597730,597730
Indus,Taunsa Barrage,6-08-2017,573108,573108
Indus,Taunsa Barrage,7-08-2017,526241,526241
Indus,Taunsa Barrage,8-08-2017,495917,495917
Indus,Taunsa Barrage,9-08-2017,496526,496526
Indus,Taunsa Barrage,10-08-2017,515025,511954
Indus,Taunsa Barrage,11-08-2017,478951,473927
Indus,Taunsa Barrage,12-08-2017,455731,449720
Indus,Taunsa Barrage,13-08-2017,454589,447546
Indus,Taunsa Barrage,14-08-2017,424598,416556
Indus,Taunsa Barrage,15-08-2017,398037,380026
Indus,Taunsa Barrage,16-08-2017,368080,348080
Indus,Taunsa Barrage,17-08-2017,341489,321962
Indus,Taunsa Barrage,18-08-2017,314725,291225
Indus,Taunsa Barrage,19-08-2017,302637,279117
Indus,Taunsa Barrage,20-08-2017,260046,235507
Indus,Taunsa Barrage,21-08-2017,240656,215659
Indus,Taunsa Barrage,22-08-2017,251819,226768
Indus,Taunsa Barrage,23-08-2017,247948,222448
Indus,Taunsa Barrage,24-08-2017,277564,259564
Indus,Taunsa Barrage,25-08-2017,248362,230358
Indus,Taunsa Barrage,26-08-2017,251181,234159
Indus,Taunsa Barrage,27-08-2017,254572,234072
Indus,Taunsa Barrage,28-08-2017,239477,220457
Indus,Taunsa Barrage,29-08-2017,189347,169813
Indus,Taunsa Barrage,30-08-2017,171368,151368
Indus,Taunsa Barrage,31-08-2017,178065,153734
Indus,Guddu Barrage,1-08-2017,722862,719172
Indus,Guddu Barrage,2-08-2017,726469,719172
Indus,Guddu Barrage,3-08-2017,745167,729338
Indus,Guddu Barrage,4-08-2017,729598,710839
Indus,Guddu Barrage,5-08-2017,722400,700625
Indus,Guddu Barrage,6-08-2017,657646,634786
Indus,Guddu Barrage,7-08-2017,657640,634750
Indus,Guddu Barrage,8-08-2017,695961,671554
Indus,Guddu Barrage,9-08-2017,725324,701905
Indus,Guddu Barrage,10-08-2017,685419,665647
Indus,Guddu Barrage,11-08-2017,659253,636518
Indus,Guddu Barrage,12-08-2017,650921,628394
Indus,Guddu Barrage,13-08-2017,640896,613929
Indus,Guddu Barrage,14-08-2017,609056,582856
Indus,Guddu Barrage,15-08-2017,585344,558064
Indus,Guddu Barrage,16-08-2017,544028,517654
Indus,Guddu Barrage,17-08-2017,525240,499384
Indus,Guddu Barrage,18-08-2017,472200,446793
Indus,Guddu Barrage,19-08-2017,406678,379283
Indus,Guddu Barrage,20-08-2017,391365,363265
Indus,Guddu Barrage,21-08-2017,362919,335900
Indus,Guddu Barrage,22-08-2017,323130,293757
Indus,Guddu Barrage,23-08-2017,303064,272826
Indus,Guddu Barrage,24-08-2017,290420,263262
Indus,Guddu Barrage,25-08-2017,290197,263362
Indus,Guddu Barrage,26-08-2017,308424,283190
Indus,Guddu Barrage,27-08-2017,300011,272826
Indus,Guddu Barrage,28-08-2017,287023,259941
Indus,Guddu Barrage,29-08-2017,287023,259941
Indus,Guddu Barrage,30-08-2017,271175,243138
Indus,Guddu Barrage,31-08-2017,219779,191742
Indus,Sukkur Barrage,1-08-2017,584850,569250
Indus,Sukkur Barrage,2-08-2017,640295,615995
Indus,Sukkur Barrage,3-08-2017,680800,643500
Indus,Sukkur Barrage,4-08-2017,703656,660276
Indus,Sukkur Barrage,5-08-2017,709316,660276
Indus,Sukkur Barrage,6-08-2017,699600,650090
Indus,Sukkur Barrage,7-08-2017,689855,639725
Indus,Sukkur Barrage,8-08-2017,666990,617840
Indus,Sukkur Barrage,9-08-2017,675452,625582
Indus,Sukkur Barrage,10-08-2017,698385,647265
Indus,Sukkur Barrage,11-08-2017,698640,647265
Indus,Sukkur Barrage,12-08-2017,671110,619010
Indus,Sukkur Barrage,13-08-2017,658070,604565
Indus,Sukkur Barrage,14-08-2017,631631,577236
Indus,Sukkur Barrage,15-08-2017,600715,546490
Indus,Sukkur Barrage,16-08-2017,533285,482740
Indus,Sukkur Barrage,17-08-2017,499238,448243
Indus,Sukkur Barrage,18-08-2017,488375,434275
Indus,Sukkur Barrage,19-08-2017,444450,389495
Indus,Sukkur Barrage,20-08-2017,391790,336520
Indus,Sukkur Barrage,21-08-2017,359025,303755
Indus,Sukkur Barrage,22-08-2017,337935,282410
Indus,Sukkur Barrage,23-08-2017,295655,240050
Indus,Sukkur Barrage,24-08-2017,255445,199900
Indus,Sukkur Barrage,25-08-2017,255510,199850
Indus,Sukkur Barrage,26-08-2017,255370,199850
Indus,Sukkur Barrage,27-08-2017,275565,220080
Indus,Sukkur Barrage,28-08-2017,276210,220080
Indus,Sukkur Barrage,29-08-2017,249590,193405
Indus,Sukkur Barrage,30-08-2017,239925,183740
Indus,Sukkur Barrage,31-08-2017,231320,175115
Indus,Kotri Barrage,1-08-2017,217990,212665
Indus,Kotri Barrage,2-08-2017,233748,228423
Indus,Kotri Barrage,3-08-2017,285412,278287
Indus,Kotri Barrage,4-08-2017,325633,318233
Indus,Kotri Barrage,5-08-2017,371440,359335
Indus,Kotri Barrage,6-08-2017,388838,365683
Indus,Kotri Barrage,7-08-2017,434264,412109
Indus,Kotri Barrage,8-08-2017,480430,456125
Indus,Kotri Barrage,9-08-2017,509407,483272
Indus,Kotri Barrage,10-08-2017,552558,522503
Indus,Kotri Barrage,11-08-2017,570091,540336
Indus,Kotri Barrage,12-08-2017,584480,554405
Indus,Kotri Barrage,13-08-2017,597565,565730
Indus,Kotri Barrage,14-08-2017,597565,565730
Indus,Kotri Barrage,15-08-2017,601565,569730
Indus,Kotri Barrage,16-08-2017,634919,603084
Indus,Kotri Barrage,17-08-2017,634919,603084
Indus,Kotri Barrage,18-08-2017,634919,603084
Indus,Kotri Barrage,19-08-2017,634919,603084
Indus,Kotri Barrage,20-08-2017,611385,579550
Indus,Kotri Barrage,21-08-2017,590750,558915
Indus,Kotri Barrage,22-08-2017,582313,550478
Indus,Kotri Barrage,23-08-2017,526364,494529
Indus,Kotri Barrage,24-08-2017,500155,468320
Indus,Kotri Barrage,25-08-2017,496870,463825
Indus,Kotri Barrage,26-08-2017,485482,450677
Indus,Kotri Barrage,27-08-2017,446695,411530
Indus,Kotri Barrage,28-08-2017,422511,387146
Indus,Kotri Barrage,29-08-2017,382712,343207
Indus,Kotri Barrage,30-08-2017,340548,304763
Indus,Kotri Barrage,31-08-2017,293034,257109
Indus,Kalabagh,1-09-2017,143462,136462
Indus,Kalabagh,2-09-2017,155680,148180
Indus,Kalabagh,3-09-2017,142151,134651
Indus,Kalabagh,4-09-2017,163789,156289
Indus,Kalabagh,5-09-2017,154130,146630
Indus,Kalabagh,6-09-2017,171995,164495
Indus,Kalabagh,7-09-2017,164335,156835
Indus,Kalabagh,8-09-2017,149906,142406
Indus,Kalabagh,9-09-2017,172453,164653
Indus,Kalabagh,10-09-2017,173689,165699
Indus,Kalabagh,11-09-2017,164784,156784
Indus,Kalabagh,12-09-2017,175274,166974
Indus,Kalabagh,13-09-2017,167446,159146
Indus,Kalabagh,14-09-2017,145808,137508
Indus,Kalabagh,15-09-2017,148634,140334
Indus,Kalabagh,16-09-2017,173972,165672
Indus,Kalabagh,17-09-2017,148126,139826
Indus,Kalabagh,18-09-2017,171212,162912
Indus,Kalabagh,19-09-2017,153133,144833
Indus,Kalabagh,20-09-2017,174783,166494
Indus,Kalabagh,21-09-2017,164146,155846
Indus,Kalabagh,22-09-2017,154573,146273
Indus,Kalabagh,23-09-2017,165944,157644
Indus,Kalabagh,24-09-2017,158043,150043
Indus,Kalabagh,25-09-2017,94802,86802
Indus,Kalabagh,26-09-2017,83398,75398
Indus,Kalabagh,27-09-2017,91422,83422
Indus,Kalabagh,28-09-2017,71198,63198
Indus,Kalabagh,29-09-2017,69478,61478
Indus,Kalabagh,30-09-2017,77847,69847
Indus,Chashma Barrage,1-09-2017,203148,189202
Indus,Chashma Barrage,2-09-2017,193158,179012
Indus,Chashma Barrage,3-09-2017,188083,180000
Indus,Chashma Barrage,4-09-2017,180145,170000
Indus,Chashma Barrage,5-09-2017,170586,170000
Indus,Chashma Barrage,6-09-2017,166968,170000
Indus,Chashma Barrage,7-09-2017,159364,170000
Indus,Chashma Barrage,8-09-2017,168307,165000
Indus,Chashma Barrage,9-09-2017,174462,165000
Indus,Chashma Barrage,10-09-2017,176924,165000
Indus,Chashma Barrage,11-09-2017,176972,163000
Indus,Chashma Barrage,12-09-2017,165817,163000
Indus,Chashma Barrage,13-09-2017,167332,163000
Indus,Chashma Barrage,14-09-2017,167738,163000
Indus,Chashma Barrage,15-09-2017,162815,163000
Indus,Chashma Barrage,16-09-2017,171355,158000
Indus,Chashma Barrage,17-09-2017,166431,158000
Indus,Chashma Barrage,18-09-2017,162738,158000
Indus,Chashma Barrage,19-09-2017,168893,158000
Indus,Chashma Barrage,20-09-2017,166431,158000
Indus,Chashma Barrage,21-09-2017,164326,149000
Indus,Chashma Barrage,22-09-2017,159446,149000
Indus,Chashma Barrage,23-09-2017,158200,144000
Indus,Chashma Barrage,24-09-2017,149017,144000
Indus,Chashma Barrage,25-09-2017,133448,140000
Indus,Chashma Barrage,26-09-2017,122883,112000
Indus,Chashma Barrage,27-09-2017,112512,100000
Indus,Chashma Barrage,28-09-2017,116472,100000
Indus,Chashma Barrage,29-09-2017,101814,100000
Indus,Chashma Barrage,30-09-2017,87397,90000
Indus,Taunsa Barrage,1-09-2017,156755,132431
Indus,Taunsa Barrage,2-09-2017,155411,131044
Indus,Taunsa Barrage,3-09-2017,155362,131044
Indus,Taunsa Barrage,4-09-2017,149846,125647
Indus,Taunsa Barrage,5-09-2017,148366,123743
Indus,Taunsa Barrage,6-09-2017,142604,118004
Indus,Taunsa Barrage,7-09-2017,150298,126598
Indus,Taunsa Barrage,8-09-2017,152893,129193
Indus,Taunsa Barrage,9-09-2017,150897,125960
Indus,Taunsa Barrage,10-09-2017,144106,120997
Indus,Taunsa Barrage,11-09-2017,149342,125451
Indus,Taunsa Barrage,12-09-2017,142331,119756
Indus,Taunsa Barrage,13-09-2017,142703,120972
Indus,Taunsa Barrage,14-09-2017,144446,122446
Indus,Taunsa Barrage,15-09-2017,142599,121162
Indus,Taunsa Barrage,16-09-2017,142571,121162
Indus,Taunsa Barrage,17-09-2017,140856,119762
Indus,Taunsa Barrage,18-09-2017,136185,115770
Indus,Taunsa Barrage,19-09-2017,136198,115716
Indus,Taunsa Barrage,20-09-2017,142394,121036
Indus,Taunsa Barrage,21-09-2017,139809,118934
Indus,Taunsa Barrage,22-09-2017,140209,118152
Indus,Taunsa Barrage,23-09-2017,141176,119613
Indus,Taunsa Barrage,24-09-2017,133062,111577
Indus,Taunsa Barrage,25-09-2017,132844,114885
Indus,Taunsa Barrage,26-09-2017,132844,114783
Indus,Taunsa Barrage,27-09-2017,109935,93534
Indus,Taunsa Barrage,28-09-2017,95856,71956
Indus,Taunsa Barrage,29-09-2017,87764,68338
Indus,Taunsa Barrage,30-09-2017,87856,68338
Indus,Guddu Barrage,1-09-2017,200481,174428
Indus,Guddu Barrage,2-09-2017,173834,165845
Indus,Guddu Barrage,3-09-2017,161000,151697
Indus,Guddu Barrage,4-09-2017,156498,135795
Indus,Guddu Barrage,5-09-2017,148439,122809
Indus,Guddu Barrage,6-09-2017,140621,114043
Indus,Guddu Barrage,7-09-2017,134428,107489
Indus,Guddu Barrage,8-09-2017,132739,106560
Indus,Guddu Barrage,9-09-2017,121686,93227
Indus,Guddu Barrage,10-09-2017,126314,100365
Indus,Guddu Barrage,11-09-2017,128559,102131
Indus,Guddu Barrage,12-09-2017,132033,108753
Indus,Guddu Barrage,13-09-2017,123823,95466
Indus,Guddu Barrage,14-09-2017,122278,95466
Indus,Guddu Barrage,15-09-2017,122278,95466
Indus,Guddu Barrage,16-09-2017,120353,93814
Indus,Guddu Barrage,17-09-2017,120353,93814
Indus,Guddu Barrage,18-09-2017,118286,93814
Indus,Guddu Barrage,19-09-2017,117377,96128
Indus,Guddu Barrage,20-09-2017,116671,96128
Indus,Guddu Barrage,21-09-2017,115738,96128
Indus,Guddu Barrage,22-09-2017,111094,96128
Indus,Guddu Barrage,23-09-2017,122806,105375
Indus,Guddu Barrage,24-09-2017,123534,105375
Indus,Guddu Barrage,25-09-2017,123534,105375
Indus,Guddu Barrage,26-09-2017,110545,92386
Indus,Guddu Barrage,27-09-2017,117148,100387
Indus,Guddu Barrage,28-09-2017,120991,103922
Indus,Guddu Barrage,29-09-2017,129663,107729
Indus,Guddu Barrage,30-09-2017,136653,111461
Indus,Sukkur Barrage,1-09-2017,198247,142042
Indus,Sukkur Barrage,2-09-2017,169995,113660
Indus,Sukkur Barrage,3-09-2017,155415,97740
Indus,Sukkur Barrage,4-09-2017,129250,73880
Indus,Sukkur Barrage,5-09-2017,126303,69238
Indus,Sukkur Barrage,6-09-2017,125978,68748
Indus,Sukkur Barrage,7-09-2017,108205,52460
Indus,Sukkur Barrage,8-09-2017,101945,47515
Indus,Sukkur Barrage,9-09-2017,94328,39898
Indus,Sukkur Barrage,10-09-2017,89020,34590
Indus,Sukkur Barrage,11-09-2017,89735,34590
Indus,Sukkur Barrage,12-09-2017,100600,46920
Indus,Sukkur Barrage,13-09-2017,97960,41430
Indus,Sukkur Barrage,14-09-2017,88755,32225
Indus,Sukkur Barrage,15-09-2017,88005,32225
Indus,Sukkur Barrage,16-09-2017,87905,32225
Indus,Sukkur Barrage,17-09-2017,87705,32225
Indus,Sukkur Barrage,18-09-2017,88388,33383
Indus,Sukkur Barrage,19-09-2017,90620,39150
Indus,Sukkur Barrage,20-09-2017,92644,40404
Indus,Sukkur Barrage,21-09-2017,92694,40404
Indus,Sukkur Barrage,22-09-2017,87375,35840
Indus,Sukkur Barrage,23-09-2017,93254,40404
Indus,Sukkur Barrage,24-09-2017,100158,46688
Indus,Sukkur Barrage,25-09-2017,100068,46688
Indus,Sukkur Barrage,26-09-2017,100168,46688
Indus,Sukkur Barrage,27-09-2017,87733,34633
Indus,Sukkur Barrage,28-09-2017,88198,34633
Indus,Sukkur Barrage,29-09-2017,92965,39010
Indus,Sukkur Barrage,30-09-2017,100975,46680
Indus,Kotri Barrage,1-09-2017,263385,228020
Indus,Kotri Barrage,2-09-2017,230390,195165
Indus,Kotri Barrage,3-09-2017,208452,173647
Indus,Kotri Barrage,4-09-2017,181630,146965
Indus,Kotri Barrage,5-09-2017,157752,123227
Indus,Kotri Barrage,6-09-2017,136119,101594
Indus,Kotri Barrage,7-09-2017,131780,97395
Indus,Kotri Barrage,8-09-2017,111058,76673
Indus,Kotri Barrage,9-09-2017,98940,64415
Indus,Kotri Barrage,10-09-2017,87588,53063
Indus,Kotri Barrage,11-09-2017,81026,46921
Indus,Kotri Barrage,12-09-2017,72051,37806
Indus,Kotri Barrage,13-09-2017,68499,34214
Indus,Kotri Barrage,14-09-2017,67093,32808
Indus,Kotri Barrage,15-09-2017,62537,28392
Indus,Kotri Barrage,16-09-2017,50085,16780
Indus,Kotri Barrage,17-09-2017,44205,11320
Indus,Kotri Barrage,18-09-2017,39648,9863
Indus,Kotri Barrage,19-09-2017,33462,6927
Indus,Kotri Barrage,20-09-2017,32242,6927
Indus,Kotri Barrage,21-09-2017,25393,4878
Indus,Kotri Barrage,22-09-2017,18465,NIL
Indus,Kotri Barrage,23-09-2017,18465,NIL
Indus,Kotri Barrage,24-09-2017,19185,NIL
Indus,Kotri Barrage,25-09-2017,23909,NIL
Indus,Kotri Barrage,26-09-2017,24555,NIL
Indus,Kotri Barrage,27-09-2017,24705,NIL
Indus,Kotri Barrage,28-09-2017,24705,NIL
Indus,Kotri Barrage,29-09-2017,25915,NIL
Indus,Kotri Barrage,30-09-2017,26065,NIL
Indus,Kalabagh,1-10-2017,66103,58158
Indus,Kalabagh,2-10-2017,73943,65998
Indus,Kalabagh,3-10-2017,81919,73974
Indus,Kalabagh,4-10-2017,72509,64509
Indus,Kalabagh,5-10-2017,78518,70518
Indus,Kalabagh,6-10-2017,74840,66840
Indus,Kalabagh,7-10-2017,72295,64295
Indus,Kalabagh,8-10-2017,76229,68229
Indus,Kalabagh,9-10-2017,74289,65989
Indus,Kalabagh,10-10-2017,77162,68879
Indus,Kalabagh,11-10-2017,79916,72416
Indus,Kalabagh,12-10-2017,67612,60112
Indus,Kalabagh,13-10-2017,66189,58689
Indus,Kalabagh,14-10-2017,68859,61359
Indus,Kalabagh,15-10-2017,67412,59912
Indus,Kalabagh,16-10-2017,70839,63339
Indus,Kalabagh,17-10-2017,64389,56889
Indus,Kalabagh,18-10-2017,73657,66157
Indus,Kalabagh,19-10-2017,57999,50499
Indus,Kalabagh,20-10-2017,67758,60267
Indus,Kalabagh,21-10-2017,68343,62343
Indus,Kalabagh,22-10-2017,58233,52233
Indus,Kalabagh,23-10-2017,55693,49693
Indus,Kalabagh,24-10-2017,36548,30548
Indus,Kalabagh,25-10-2017,37796,31796
Indus,Kalabagh,26-10-2017,39973,34473
Indus,Kalabagh,27-10-2017,48117,42617
Indus,Kalabagh,28-10-2017,50638,44638
Indus,Kalabagh,29-10-2017,47546,41546
Indus,Kalabagh,30-10-2017,46838,40838
Indus,Kalabagh,31-10-2017,44226,38226
Indus,Chashma Barrage,1-10-2017,101263,90000
Indus,Chashma Barrage,2-10-2017,98414,85000
Indus,Chashma Barrage,3-10-2017,91900,85000
Indus,Chashma Barrage,4-10-2017,88643,85000
Indus,Chashma Barrage,5-10-2017,88643,85000
Indus,Chashma Barrage,6-10-2017,80978,82000
Indus,Chashma Barrage,7-10-2017,92084,82000
Indus,Chashma Barrage,8-10-2017,75349,82000
Indus,Chashma Barrage,9-10-2017,86669,82000
Indus,Chashma Barrage,10-10-2017,79284,82000
Indus,Chashma Barrage,11-10-2017,79130,77000
Indus,Chashma Barrage,12-10-2017,79030,77000
Indus,Chashma Barrage,13-10-2017,68466,69000
Indus,Chashma Barrage,14-10-2017,68548,69000
Indus,Chashma Barrage,15-10-2017,65720,69000
Indus,Chashma Barrage,16-10-2017,62916,64000
Indus,Chashma Barrage,17-10-2017,62596,59000
Indus,Chashma Barrage,18-10-2017,55352,50000
Indus,Chashma Barrage,19-10-2017,55119,50000
Indus,Chashma Barrage,20-10-2017,60466,44000
Indus,Chashma Barrage,21-10-2017,55761,34000
Indus,Chashma Barrage,22-10-2017,42378,34000
Indus,Chashma Barrage,23-10-2017,38184,30000
Indus,Chashma Barrage,24-10-2017,37152,30000
Indus,Chashma Barrage,25-10-2017,29243,30000
Indus,Chashma Barrage,26-10-2017,29505,30000
Indus,Chashma Barrage,27-10-2017,39875,30000
Indus,Chashma Barrage,28-10-2017,51756,30000
Indus,Chashma Barrage,29-10-2017,47395,35000
Indus,Chashma Barrage,30-10-2017,39239,35000
Indus,Chashma Barrage,31-10-2017,33122,35000
Indus,Taunsa Barrage,1-10-2017,87882,68498
Indus,Taunsa Barrage,2-10-2017,80685,63409
Indus,Taunsa Barrage,3-10-2017,74863,58425
Indus,Taunsa Barrage,4-10-2017,70718,56523
Indus,Taunsa Barrage,5-10-2017,72785,60348
Indus,Taunsa Barrage,6-10-2017,71350,59939
Indus,Taunsa Barrage,7-10-2017,71485,60063
Indus,Taunsa Barrage,8-10-2017,72022,56177
Indus,Taunsa Barrage,9-10-2017,72030,56177
Indus,Taunsa Barrage,10-10-2017,72049,56177
Indus,Taunsa Barrage,11-10-2017,76710,59799
Indus,Taunsa Barrage,12-10-2017,73567,57367
Indus,Taunsa Barrage,13-10-2017,70186,53291
Indus,Taunsa Barrage,14-10-2017,67100,50924
Indus,Taunsa Barrage,15-10-2017,66772,56851
Indus,Taunsa Barrage,16-10-2017,66805,55833
Indus,Taunsa Barrage,17-10-2017,66678,54763
Indus,Taunsa Barrage,18-10-2017,63839,52103
Indus,Taunsa Barrage,19-10-2017,61572,49119
Indus,Taunsa Barrage,20-10-2017,58717,58717
Indus,Taunsa Barrage,21-10-2017,57097,57097
Indus,Taunsa Barrage,22-10-2017,51787,51787
Indus,Taunsa Barrage,23-10-2017,44858,44858
Indus,Taunsa Barrage,24-10-2017,41394,41394
Indus,Taunsa Barrage,25-10-2017,39102,39102
Indus,Taunsa Barrage,26-10-2017,34307,34307
Indus,Taunsa Barrage,27-10-2017,34307,34307
Indus,Taunsa Barrage,28-10-2017,34307,34307
Indus,Taunsa Barrage,29-10-2017,32015,32015
Indus,Taunsa Barrage,30-10-2017,32015,32015
Indus,Taunsa Barrage,31-10-2017,33160,33160
Indus,Guddu Barrage,1-10-2017,130409,106589
Indus,Guddu Barrage,2-10-2017,118334,93594
Indus,Guddu Barrage,3-10-2017,94402,71352
Indus,Guddu Barrage,4-10-2017,93651,70916
Indus,Guddu Barrage,5-10-2017,88073,66394
Indus,Guddu Barrage,6-10-2017,75189,55634
Indus,Guddu Barrage,7-10-2017,67890,49314
Indus,Guddu Barrage,8-10-2017,65487,47307
Indus,Guddu Barrage,9-10-2017,63935,46455
Indus,Guddu Barrage,10-10-2017,60909,46455
Indus,Guddu Barrage,11-10-2017,60123,46167
Indus,Guddu Barrage,12-10-2017,56819,44999
Indus,Guddu Barrage,13-10-2017,56819,44999
Indus,Guddu Barrage,14-10-2017,58383,46563
Indus,Guddu Barrage,15-10-2017,57056,48396
Indus,Guddu Barrage,16-10-2017,55750,47390
Indus,Guddu Barrage,17-10-2017,54764,46708
Indus,Guddu Barrage,18-10-2017,57206,49150
Indus,Guddu Barrage,19-10-2017,65200,57144
Indus,Guddu Barrage,20-10-2017,65200,57144
Indus,Guddu Barrage,21-10-2017,68580,60524
Indus,Guddu Barrage,22-10-2017,73631,65575
Indus,Guddu Barrage,23-10-2017,74582,64022
Indus,Guddu Barrage,24-10-2017,72582,64022
Indus,Guddu Barrage,25-10-2017,71102,62542
Indus,Guddu Barrage,26-10-2017,65749,57189
Indus,Guddu Barrage,27-10-2017,62198,53638
Indus,Guddu Barrage,28-10-2017,58799,50239
Indus,Guddu Barrage,29-10-2017,55679,47119
Indus,Guddu Barrage,30-10-2017,55679,47119
Indus,Guddu Barrage,31-10-2017,55679,47119
Indus,Sukkur Barrage,1-10-2017,106837,53202
Indus,Sukkur Barrage,2-10-2017,104817,53202
Indus,Sukkur Barrage,3-10-2017,79840,33175
Indus,Sukkur Barrage,4-10-2017,69260,24470
Indus,Sukkur Barrage,5-10-2017,66695,23505
Indus,Sukkur Barrage,6-10-2017,60110,19200
Indus,Sukkur Barrage,7-10-2017,58490,17915
Indus,Sukkur Barrage,8-10-2017,52975,14950
Indus,Sukkur Barrage,9-10-2017,48982,13922
Indus,Sukkur Barrage,10-10-2017,45815,12930
Indus,Sukkur Barrage,11-10-2017,45745,12930
Indus,Sukkur Barrage,12-10-2017,45775,12930
Indus,Sukkur Barrage,13-10-2017,45620,12930
Indus,Sukkur Barrage,14-10-2017,44262,12022
Indus,Sukkur Barrage,15-10-2017,44962,12022
Indus,Sukkur Barrage,16-10-2017,47304,14109
Indus,Sukkur Barrage,17-10-2017,46745,15595
Indus,Sukkur Barrage,18-10-2017,47495,15595
Indus,Sukkur Barrage,19-10-2017,49536,16686
Indus,Sukkur Barrage,20-10-2017,53305,21505
Indus,Sukkur Barrage,21-10-2017,58664,24464
Indus,Sukkur Barrage,22-10-2017,58719,24464
Indus,Sukkur Barrage,23-10-2017,59473,27538
Indus,Sukkur Barrage,24-10-2017,61083,29648
Indus,Sukkur Barrage,25-10-2017,61083,29648
Indus,Sukkur Barrage,26-10-2017,60453,29648
Indus,Sukkur Barrage,27-10-2017,55080,24920
Indus,Sukkur Barrage,28-10-2017,52001,21281
Indus,Sukkur Barrage,29-10-2017,49345,19125
Indus,Sukkur Barrage,30-10-2017,47295,18190
Indus,Sukkur Barrage,31-10-2017,46270,16295
Indus,Kotri Barrage,1-10-2017,26405,NIL
Indus,Kotri Barrage,2-10-2017,26585,NIL
Indus,Kotri Barrage,3-10-2017,25785,NIL
Indus,Kotri Barrage,4-10-2017,25785,NIL
Indus,Kotri Barrage,5-10-2017,27819,3214
Indus,Kotri Barrage,6-10-2017,30532,6927
Indus,Kotri Barrage,7-10-2017,30852,6927
Indus,Kotri Barrage,8-10-2017,27142,3217
Indus,Kotri Barrage,9-10-2017,23925,NIL
Indus,Kotri Barrage,10-10-2017,22005,NIL
Indus,Kotri Barrage,11-10-2017,21645,NIL
Indus,Kotri Barrage,12-10-2017,14370,NIL
Indus,Kotri Barrage,13-10-2017,13440,NIL
Indus,Kotri Barrage,14-10-2017,11345,NIL
Indus,Kotri Barrage,15-10-2017,11345,NIL
Indus,Kotri Barrage,16-10-2017,11345,NIL
Indus,Kotri Barrage,17-10-2017,11345,NIL
Indus,Kotri Barrage,18-10-2017,11345,NIL
Indus,Kotri Barrage,19-10-2017,11145,NIL
Indus,Kotri Barrage,20-10-2017,10705,NIL
Indus,Kotri Barrage,21-10-2017,11950,NIL
Indus,Kotri Barrage,22-10-2017,12505,NIL
Indus,Kotri Barrage,23-10-2017,12505,NIL
Indus,Kotri Barrage,24-10-2017,13305,NIL
Indus,Kotri Barrage,25-10-2017,16155,NIL
Indus,Kotri Barrage,26-10-2017,16895,NIL
Indus,Kotri Barrage,27-10-2017,17155,NIL
Indus,Kotri Barrage,28-10-2017,18305,NIL
Indus,Kotri Barrage,29-10-2017,18955,NIL
Indus,Kotri Barrage,30-10-2017,18955,NIL
Indus,Kotri Barrage,31-10-2017,18955,NIL
Indus,Kalabagh,1-11-2017,42369,36369
Indus,Kalabagh,2-11-2017,43912,37912
Indus,Kalabagh,3-11-2017,49465,43465
Indus,Kalabagh,4-11-2017,44241,38241
Indus,Kalabagh,5-11-2017,37802,31802
Indus,Kalabagh,6-11-2017,50342,43342
Indus,Kalabagh,7-11-2017,47350,40350
Indus,Kalabagh,8-11-2017,53575,46575
Indus,Kalabagh,9-11-2017,41035,34035
Indus,Kalabagh,10-11-2017,43459,36466
Indus,Kalabagh,11-11-2017,60092,53092
Indus,Kalabagh,12-11-2017,71810,64810
Indus,Kalabagh,13-11-2017,59003,52003
Indus,Kalabagh,14-11-2017,70776,63776
Indus,Kalabagh,15-11-2017,72392,65392
Indus,Kalabagh,16-11-2017,72692,65692
Indus,Kalabagh,17-11-2017,63081,56081
Indus,Kalabagh,18-11-2017,64317,57317
Indus,Kalabagh,19-11-2017,54176,47176
Indus,Kalabagh,20-11-2017,59770,52779
Indus,Kalabagh,21-11-2017,69476,62476
Indus,Kalabagh,22-11-2017,63306,56306
Indus,Kalabagh,23-11-2017,58580,51580
Indus,Kalabagh,24-11-2017,61470,54470
Indus,Kalabagh,25-11-2017,71415,64415
Indus,Kalabagh,26-11-2017,70411,63411
Indus,Kalabagh,27-11-2017,55360,48360
Indus,Kalabagh,28-11-2017,59796,52796
Indus,Kalabagh,29-11-2017,61280,54280
Indus,Kalabagh,30-11-2017,52182,45182
Indus,Chashma Barrage,1-11-2017,37200,35000
Indus,Chashma Barrage,2-11-2017,33122,35000
Indus,Chashma Barrage,3-11-2017,33382,35000
Indus,Chashma Barrage,4-11-2017,33622,35000
Indus,Chashma Barrage,5-11-2017,31993,35000
Indus,Chashma Barrage,6-11-2017,41134,48000
Indus,Chashma Barrage,7-11-2017,59148,48000
Indus,Chashma Barrage,8-11-2017,42857,48000
Indus,Chashma Barrage,9-11-2017,40536,48000
Indus,Chashma Barrage,10-11-2017,36478,48000
Indus,Chashma Barrage,11-11-2017,38708,55000
Indus,Chashma Barrage,12-11-2017,70029,55000
Indus,Chashma Barrage,13-11-2017,64032,55000
Indus,Chashma Barrage,14-11-2017,62924,55000
Indus,Chashma Barrage,15-11-2017,60462,55000
Indus,Chashma Barrage,16-11-2017,65760,53000
Indus,Chashma Barrage,17-11-2017,59122,53000
Indus,Chashma Barrage,18-11-2017,57894,53000
Indus,Chashma Barrage,19-11-2017,56500,53000
Indus,Chashma Barrage,20-11-2017,58129,53000
Indus,Chashma Barrage,21-11-2017,54871,53000
Indus,Chashma Barrage,22-11-2017,53711,53000
Indus,Chashma Barrage,23-11-2017,55106,53000
Indus,Chashma Barrage,24-11-2017,51129,53000
Indus,Chashma Barrage,25-11-2017,55535,53000
Indus,Chashma Barrage,26-11-2017,51057,56000
Indus,Chashma Barrage,27-11-2017,61231,56000
Indus,Chashma Barrage,28-11-2017,58769,56000
Indus,Chashma Barrage,29-11-2017,60000,56000
Indus,Chashma Barrage,30-11-2017,59000,55000
Indus,Taunsa Barrage,1-11-2017,34306,34306
Indus,Taunsa Barrage,2-11-2017,34306,34306
Indus,Taunsa Barrage,3-11-2017,34306,34306
Indus,Taunsa Barrage,4-11-2017,34306,34306
Indus,Taunsa Barrage,5-11-2017,34306,34306
Indus,Taunsa Barrage,6-11-2017,34306,34306
Indus,Taunsa Barrage,7-11-2017,34306,34306
Indus,Taunsa Barrage,8-11-2017,34306,34306
Indus,Taunsa Barrage,9-11-2017,45764,45764
Indus,Taunsa Barrage,10-11-2017,39113,39113
Indus,Taunsa Barrage,11-11-2017,47269,40765
Indus,Taunsa Barrage,12-11-2017,47282,40765
Indus,Taunsa Barrage,13-11-2017,48470,41944
Indus,Taunsa Barrage,14-11-2017,53119,46614
Indus,Taunsa Barrage,15-11-2017,54293,47793
Indus,Taunsa Barrage,16-11-2017,53407,46614
Indus,Taunsa Barrage,17-11-2017,53442,46614
Indus,Taunsa Barrage,18-11-2017,53234,45434
Indus,Taunsa Barrage,19-11-2017,50881,43074
Indus,Taunsa Barrage,20-11-2017,50880,43074
Indus,Taunsa Barrage,21-11-2017,50869,43074
Indus,Taunsa Barrage,22-11-2017,52054,44254
Indus,Taunsa Barrage,23-11-2017,50887,43074
Indus,Taunsa Barrage,24-11-2017,52075,44254
Indus,Taunsa Barrage,25-11-2017,52059,44254
Indus,Taunsa Barrage,26-11-2017,50888,43074
Indus,Taunsa Barrage,27-11-2017,51089,44254
Indus,Taunsa Barrage,28-11-2017,52693,46664
Indus,Taunsa Barrage,29-11-2017,54774,48974
Indus,Taunsa Barrage,30-11-2017,53643,47793
Indus,Guddu Barrage,1-11-2017,51760,44384
Indus,Guddu Barrage,2-11-2017,50116,42740
Indus,Guddu Barrage,3-11-2017,49185,41809
Indus,Guddu Barrage,4-11-2017,49185,41809
Indus,Guddu Barrage,5-11-2017,49185,41809
Indus,Guddu Barrage,6-11-2017,49185,41809
Indus,Guddu Barrage,7-11-2017,49185,41809
Indus,Guddu Barrage,8-11-2017,49185,41809
Indus,Guddu Barrage,9-11-2017,45830,38454
Indus,Guddu Barrage,10-11-2017,45830,38454
Indus,Guddu Barrage,11-11-2017,46197,39017
Indus,Guddu Barrage,12-11-2017,47794,40614
Indus,Guddu Barrage,13-11-2017,49361,42181
Indus,Guddu Barrage,14-11-2017,44471,37291
Indus,Guddu Barrage,15-11-2017,42831,35651
Indus,Guddu Barrage,16-11-2017,42831,35651
Indus,Guddu Barrage,17-11-2017,42831,35651
Indus,Guddu Barrage,18-11-2017,44468,37288
Indus,Guddu Barrage,19-11-2017,48391,41211
Indus,Guddu Barrage,20-11-2017,53152,45972
Indus,Guddu Barrage,21-11-2017,49361,42181
Indus,Guddu Barrage,22-11-2017,44570,37390
Indus,Guddu Barrage,23-11-2017,43089,35909
Indus,Guddu Barrage,24-11-2017,43089,35909
Indus,Guddu Barrage,25-11-2017,43089,35909
Indus,Guddu Barrage,26-11-2017,44570,37390
Indus,Guddu Barrage,27-11-2017,44570,37390
Indus,Guddu Barrage,28-11-2017,46198,39018
Indus,Guddu Barrage,29-11-2017,46198,39018
Indus,Guddu Barrage,30-11-2017,46198,39018
Indus,Sukkur Barrage,1-11-2017,45675,15525
Indus,Sukkur Barrage,2-11-2017,45197,14082
Indus,Sukkur Barrage,3-11-2017,43546,12036
Indus,Sukkur Barrage,4-11-2017,41967,10307
Indus,Sukkur Barrage,5-11-2017,41275,9555
Indus,Sukkur Barrage,6-11-2017,41047,10352
Indus,Sukkur Barrage,7-11-2017,41222,10352
Indus,Sukkur Barrage,8-11-2017,41180,9555
Indus,Sukkur Barrage,9-11-2017,40145,8795
Indus,Sukkur Barrage,10-11-2017,37307,7007
Indus,Sukkur Barrage,11-11-2017,37507,7007
Indus,Sukkur Barrage,12-11-2017,37202,7007
Indus,Sukkur Barrage,13-11-2017,39220,8600
Indus,Sukkur Barrage,14-11-2017,40450,9620
Indus,Sukkur Barrage,15-11-2017,40478,3818
Indus,Sukkur Barrage,16-11-2017,38150,7265
Indus,Sukkur Barrage,17-11-2017,35721,6406
Indus,Sukkur Barrage,18-11-2017,35392,6322
Indus,Sukkur Barrage,19-11-2017,37660,7200
Indus,Sukkur Barrage,20-11-2017,40001,9041
Indus,Sukkur Barrage,21-11-2017,42629,11654
Indus,Sukkur Barrage,22-11-2017,41150,10900
Indus,Sukkur Barrage,23-11-2017,38242,8317
Indus,Sukkur Barrage,24-11-2017,36175,6400
Indus,Sukkur Barrage,25-11-2017,34580,5600
Indus,Sukkur Barrage,26-11-2017,34530,5545
Indus,Sukkur Barrage,27-11-2017,36807,7252
Indus,Sukkur Barrage,28-11-2017,37092,7252
Indus,Sukkur Barrage,29-11-2017,38260,8135
Indus,Sukkur Barrage,30-11-2017,38175,8135
Indus,Kotri Barrage,1-11-2017,18955,NIL
Indus,Kotri Barrage,2-11-2017,17455,NIL
Indus,Kotri Barrage,3-11-2017,16605,NIL
Indus,Kotri Barrage,4-11-2017,15655,NIL
Indus,Kotri Barrage,5-11-2017,14905,NIL
Indus,Kotri Barrage,6-11-2017,13960,NIL
Indus,Kotri Barrage,7-11-2017,13410,NIL
Indus,Kotri Barrage,8-11-2017,12605,NIL
Indus,Kotri Barrage,9-11-2017,11405,NIL
Indus,Kotri Barrage,10-11-2017,9785,NIL
Indus,Kotri Barrage,11-11-2017,8675,NIL
Indus,Kotri Barrage,12-11-2017,8625,NIL
Indus,Kotri Barrage,13-11-2017,8605,NIL
Indus,Kotri Barrage,14-11-2017,8605,NIL
Indus,Kotri Barrage,15-11-2017,8605,NIL
Indus,Kotri Barrage,16-11-2017,8305,NIL
Indus,Kotri Barrage,17-11-2017,8305,NIL
Indus,Kotri Barrage,18-11-2017,8305,NIL
Indus,Kotri Barrage,19-11-2017,6645,NIL
Indus,Kotri Barrage,20-11-2017,7235,NIL
Indus,Kotri Barrage,21-11-2017,7445,NIL
Indus,Kotri Barrage,22-11-2017,7525,NIL
Indus,Kotri Barrage,23-11-2017,6885,NIL
Indus,Kotri Barrage,24-11-2017,6045,NIL
Indus,Kotri Barrage,25-11-2017,6045,NIL
Indus,Kotri Barrage,26-11-2017,6045,NIL
Indus,Kotri Barrage,27-11-2017,6645,NIL
Indus,Kotri Barrage,28-11-2017,7045,NIL
Indus,Kotri Barrage,29-11-2017,7445,NIL
Indus,Kotri Barrage,30-11-2017,7145,NIL
Indus,Kalabagh,1-12-2017,54898,47898
Indus,Kalabagh,2-12-2017,60220,53220
Indus,Kalabagh,3-12-2017,55950,48950
Indus,Kalabagh,4-12-2017,60926,53926
Indus,Kalabagh,5-12-2017,49075,42075
Indus,Kalabagh,6-12-2017,57077,50077
Indus,Kalabagh,7-12-2017,52664,45664
Indus,Kalabagh,8-12-2017,51335,44335
Indus,Kalabagh,9-12-2017,69763,62763
Indus,Kalabagh,10-12-2017,51994,45006
Indus,Kalabagh,11-12-2017,57962,50962
Indus,Kalabagh,12-12-2017,54863,47863
Indus,Kalabagh,13-12-2017,51561,44561
Indus,Kalabagh,14-12-2017,64532,57532
Indus,Kalabagh,15-12-2017,54046,47046
Indus,Kalabagh,16-12-2017,63206,55706
Indus,Kalabagh,17-12-2017,49187,41687
Indus,Kalabagh,18-12-2017,49137,41637
Indus,Kalabagh,19-12-2017,57068,49568
Indus,Kalabagh,20-12-2017,57045,49552
Indus,Kalabagh,21-12-2017,49732,42232
Indus,Kalabagh,22-12-2017,48078,40578
Indus,Kalabagh,23-12-2017,42723,35223
Indus,Kalabagh,24-12-2017,35949,28449
Indus,Kalabagh,25-12-2017,41225,33725
Indus,Kalabagh,26-12-2017,35773,28273
Indus,Kalabagh,27-12-2017,30582,23082
Indus,Kalabagh,28-12-2017,27876,20376
Indus,Kalabagh,29-12-2017,28358,20858
Indus,Kalabagh,30-12-2017,28088,20588
Indus,Kalabagh,31-12-2017,27360,19860
Indus,Chashma Barrage,1-12-2017,57648,55000
Indus,Chashma Barrage,2-12-2017,61185,50000
Indus,Chashma Barrage,3-12-2017,56443,50000
Indus,Chashma Barrage,4-12-2017,59177,50000
Indus,Chashma Barrage,5-12-2017,52069,50000
Indus,Chashma Barrage,6-12-2017,46428,50000
Indus,Chashma Barrage,7-12-2017,48476,50000
Indus,Chashma Barrage,8-12-2017,48476,50000
Indus,Chashma Barrage,9-12-2017,48721,50000
Indus,Chashma Barrage,10-12-2017,45459,50000
Indus,Chashma Barrage,11-12-2017,49739,39000
Indus,Chashma Barrage,12-12-2017,46579,39000
Indus,Chashma Barrage,13-12-2017,45593,39000
Indus,Chashma Barrage,14-12-2017,49449,39000
Indus,Chashma Barrage,15-12-2017,43294,39000
Indus,Chashma Barrage,16-12-2017,44111,44000
Indus,Chashma Barrage,17-12-2017,38284,44000
Indus,Chashma Barrage,18-12-2017,35576,44000
Indus,Chashma Barrage,19-12-2017,42748,44000
Indus,Chashma Barrage,20-12-2017,51452,44000
Indus,Chashma Barrage,21-12-2017,42883,42000
Indus,Chashma Barrage,22-12-2017,45100,42000
Indus,Chashma Barrage,23-12-2017,43991,42000
Indus,Chashma Barrage,24-12-2017,46209,42000
Indus,Chashma Barrage,25-12-2017,30656,42000
Indus,Chashma Barrage,26-12-2017,29032,17000
Indus,Chashma Barrage,27-12-2017,27072,11000
Indus,Chashma Barrage,28-12-2017,18776,11000
Indus,Chashma Barrage,29-12-2017,16158,11827
Indus,Chashma Barrage,30-12-2017,26161,26600
Indus,Chashma Barrage,31-12-2017,14520,11001
Indus,Taunsa Barrage,1-12-2017,61991,47973
Indus,Taunsa Barrage,2-12-2017,53929,48923
Indus,Taunsa Barrage,3-12-2017,49772,47743
Indus,Taunsa Barrage,4-12-2017,51039,46039
Indus,Taunsa Barrage,5-12-2017,50424,45384
Indus,Taunsa Barrage,6-12-2017,49947,49947
Indus,Taunsa Barrage,7-12-2017,46741,46741
Indus,Taunsa Barrage,8-12-2017,47935,47935
Indus,Taunsa Barrage,9-12-2017,49129,49129
Indus,Taunsa Barrage,10-12-2017,49129,49129
Indus,Taunsa Barrage,11-12-2017,49129,49129
Indus,Taunsa Barrage,12-12-2017,49132,49132
Indus,Taunsa Barrage,13-12-2017,43966,41966
Indus,Taunsa Barrage,14-12-2017,41576,39576
Indus,Taunsa Barrage,15-12-2017,40117,38117
Indus,Taunsa Barrage,16-12-2017,40480,40480
Indus,Taunsa Barrage,17-12-2017,38117,38117
Indus,Taunsa Barrage,18-12-2017,38117,38117
Indus,Taunsa Barrage,19-12-2017,41805,41805
Indus,Taunsa Barrage,20-12-2017,42735,37478
Indus,Taunsa Barrage,21-12-2017,42495,37478
Indus,Taunsa Barrage,22-12-2017,42510,37478
Indus,Taunsa Barrage,23-12-2017,42507,37478
Indus,Taunsa Barrage,24-12-2017,40105,35105
Indus,Taunsa Barrage,25-12-2017,41292,36292
Indus,Taunsa Barrage,26-12-2017,41332,36292
Indus,Taunsa Barrage,27-12-2017,40705,35705
Indus,Taunsa Barrage,28-12-2017,36562,31544
Indus,Taunsa Barrage,29-12-2017,27638,22614
Indus,Taunsa Barrage,30-12-2017,24729,19721
Indus,Taunsa Barrage,31-12-2017,24984,24984
Indus,Guddu Barrage,1-12-2017,48176,42500
Indus,Guddu Barrage,2-12-2017,51081,45405
Indus,Guddu Barrage,3-12-2017,51081,45405
Indus,Guddu Barrage,4-12-2017,51081,45405
Indus,Guddu Barrage,5-12-2017,51081,45405
Indus,Guddu Barrage,6-12-2017,46290,40614
Indus,Guddu Barrage,7-12-2017,46290,40614
Indus,Guddu Barrage,8-12-2017,46290,40614
Indus,Guddu Barrage,9-12-2017,47857,42181
Indus,Guddu Barrage,10-12-2017,47857,42181
Indus,Guddu Barrage,11-12-2017,48705,43549
Indus,Guddu Barrage,12-12-2017,48705,43549
Indus,Guddu Barrage,13-12-2017,48705,43549
Indus,Guddu Barrage,14-12-2017,48705,43549
Indus,Guddu Barrage,15-12-2017,47247,42091
Indus,Guddu Barrage,16-12-2017,39312,34156
Indus,Guddu Barrage,17-12-2017,39312,34156
Indus,Guddu Barrage,18-12-2017,39312,34156
Indus,Guddu Barrage,19-12-2017,39312,34156
Indus,Guddu Barrage,20-12-2017,37903,32747
Indus,Guddu Barrage,21-12-2017,37903,32747
Indus,Guddu Barrage,22-12-2017,37903,32747
Indus,Guddu Barrage,23-12-2017,37903,32747
Indus,Guddu Barrage,24-12-2017,37903,32747
Indus,Guddu Barrage,25-12-2017,36959,31803
Indus,Guddu Barrage,26-12-2017,36959,31803
Indus,Guddu Barrage,27-12-2017,33956,28800
Indus,Guddu Barrage,28-12-2017,33956,28800
Indus,Guddu Barrage,29-12-2017,33956,28800
Indus,Guddu Barrage,30-12-2017,33956,28800
Indus,Guddu Barrage,31-12-2017,32337,27181
Indus,Sukkur Barrage,1-12-2017,38080,8135
Indus,Sukkur Barrage,2-12-2017,39267,9777
Indus,Sukkur Barrage,3-12-2017,40250,10565
Indus,Sukkur Barrage,4-12-2017,43005,13170
Indus,Sukkur Barrage,5-12-2017,43265,13170
Indus,Sukkur Barrage,6-12-2017,41152,10732
Indus,Sukkur Barrage,7-12-2017,37460,7160
Indus,Sukkur Barrage,8-12-2017,37325,7160
Indus,Sukkur Barrage,9-12-2017,37225,7160
Indus,Sukkur Barrage,10-12-2017,37105,7160
Indus,Sukkur Barrage,11-12-2017,38485,8750
Indus,Sukkur Barrage,12-12-2017,39185,9600
Indus,Sukkur Barrage,13-12-2017,42007,13067
Indus,Sukkur Barrage,14-12-2017,43382,13792
Indus,Sukkur Barrage,15-12-2017,42902,13067
Indus,Sukkur Barrage,16-12-2017,39572,9637
Indus,Sukkur Barrage,17-12-2017,34895,5600
Indus,Sukkur Barrage,18-12-2017,34905,5550
Indus,Sukkur Barrage,19-12-2017,33215,4660
Indus,Sukkur Barrage,20-12-2017,32367,3732
Indus,Sukkur Barrage,21-12-2017,30385,880
Indus,Sukkur Barrage,22-12-2017,30200,NIL
Indus,Sukkur Barrage,23-12-2017,30250,NIL
Indus,Sukkur Barrage,24-12-2017,30295,NIL
Indus,Sukkur Barrage,25-12-2017,30350,NIL
Indus,Sukkur Barrage,26-12-2017,30350,NIL
Indus,Sukkur Barrage,27-12-2017,29210,NIL
Indus,Sukkur Barrage,28-12-2017,28425,NIL
Indus,Sukkur Barrage,29-12-2017,27290,NIL
Indus,Sukkur Barrage,30-12-2017,26265,NIL
Indus,Sukkur Barrage,31-12-2017,25540,NIL
Indus,Kotri Barrage,1-12-2017,6040,NIL
Indus,Kotri Barrage,2-12-2017,5530,NIL
Indus,Kotri Barrage,3-12-2017,5500,NIL
Indus,Kotri Barrage,4-12-2017,6170,NIL
Indus,Kotri Barrage,5-12-2017,6185,NIL
Indus,Kotri Barrage,6-12-2017,6765,NIL
Indus,Kotri Barrage,7-12-2017,6775,NIL
Indus,Kotri Barrage,8-12-2017,7760,NIL
Indus,Kotri Barrage,9-12-2017,8435,NIL
Indus,Kotri Barrage,10-12-2017,9905,NIL
Indus,Kotri Barrage,11-12-2017,9970,NIL
Indus,Kotri Barrage,12-12-2017,8555,NIL
Indus,Kotri Barrage,13-12-2017,6850,NIL
Indus,Kotri Barrage,14-12-2017,6790,NIL
Indus,Kotri Barrage,15-12-2017,6730,NIL
Indus,Kotri Barrage,16-12-2017,6730,NIL
Indus,Kotri Barrage,17-12-2017,7455,NIL
Indus,Kotri Barrage,18-12-2017,7715,NIL
Indus,Kotri Barrage,19-12-2017,9165,NIL
Indus,Kotri Barrage,20-12-2017,9785,NIL
Indus,Kotri Barrage,21-12-2017,9385,NIL
Indus,Kotri Barrage,22-12-2017,7730,NIL
Indus,Kotri Barrage,23-12-2017,5290,NIL
Indus,Kotri Barrage,24-12-2017,5290,NIL
Indus,Kotri Barrage,25-12-2017,4165,NIL
Indus,Kotri Barrage,26-12-2017,3899,3809
Indus,Kotri Barrage,27-12-2017,4248,4248
Indus,Kotri Barrage,28-12-2017,4248,4248
Indus,Kotri Barrage,29-12-2017,4248,4248
Indus,Kotri Barrage,30-12-2017,3728,3728
Indus,Kotri Barrage,31-12-2017,3468,3468
Jhelum,Rasul Barrage,1-01-2017,6755,6755
Jhelum,Rasul Barrage,2-01-2017,7466,7466
Jhelum,Rasul Barrage,3-01-2017,6409,6409
Jhelum,Rasul Barrage,4-01-2017,6409,6409
Jhelum,Rasul Barrage,5-01-2017,6409,6409
Jhelum,Rasul Barrage,6-01-2017,6409,6409
Jhelum,Rasul Barrage,7-01-2017,5735,5735
Jhelum,Rasul Barrage,8-01-2017,5735,5735
Jhelum,Rasul Barrage,9-01-2017,10944,10944
Jhelum,Rasul Barrage,10-01-2017,10944,10944
Jhelum,Rasul Barrage,11-01-2017,5735,5735
Jhelum,Rasul Barrage,12-01-2017,5735,5735
Jhelum,Rasul Barrage,13-01-2017,5407,5407
Jhelum,Rasul Barrage,14-01-2017,7108,7108
Jhelum,Rasul Barrage,15-01-2017,7108,7108
Jhelum,Rasul Barrage,16-01-2017,7108,7108
Jhelum,Rasul Barrage,17-01-2017,8957,8957
Jhelum,Rasul Barrage,18-01-2017,7108,7108
Jhelum,Rasul Barrage,19-01-2017,7831,7831
Jhelum,Rasul Barrage,20-01-2017,7831,7831
Jhelum,Rasul Barrage,21-01-2017,NIL,NIL
Jhelum,Rasul Barrage,22-01-2017,20705,19705
Jhelum,Rasul Barrage,23-01-2017,20705,19705
Jhelum,Rasul Barrage,24-01-2017,12895,11895
Jhelum,Rasul Barrage,25-01-2017,20705,19705
Jhelum,Rasul Barrage,26-01-2017,35465,27515
Jhelum,Rasul Barrage,27-01-2017,35810,23610
Jhelum,Rasul Barrage,28-01-2017,36010,23610
Jhelum,Rasul Barrage,29-01-2017,32405,19705
Jhelum,Rasul Barrage,30-01-2017,32755,19705
Jhelum,Rasul Barrage,31-01-2017,18541,5341
Jhelum,Rasul Barrage,1-02-2017,32905,19705
Jhelum,Rasul Barrage,2-02-2017,32905,19705
Jhelum,Rasul Barrage,3-02-2017,37010,23610
Jhelum,Rasul Barrage,4-02-2017,33255,19705
Jhelum,Rasul Barrage,5-02-2017,33355,19705
Jhelum,Rasul Barrage,6-02-2017,33355,19705
Jhelum,Rasul Barrage,7-02-2017,33505,19705
Jhelum,Rasul Barrage,8-02-2017,29700,15800
Jhelum,Rasul Barrage,9-02-2017,33605,19705
Jhelum,Rasul Barrage,10-02-2017,31800,15800
Jhelum,Rasul Barrage,11-02-2017,33800,15800
Jhelum,Rasul Barrage,12-02-2017,39705,19705
Jhelum,Rasul Barrage,13-02-2017,44610,23610
Jhelum,Rasul Barrage,14-02-2017,48515,27515
Jhelum,Rasul Barrage,15-02-2017,36800,15800
Jhelum,Rasul Barrage,16-02-2017,44610,23610
Jhelum,Rasul Barrage,17-02-2017,48515,27515
Jhelum,Rasul Barrage,18-02-2017,44610,23610
Jhelum,Rasul Barrage,19-02-2017,44610,23610
Jhelum,Rasul Barrage,20-02-2017,48515,27515
Jhelum,Rasul Barrage,21-02-2017,59232,37532
Jhelum,Rasul Barrage,22-02-2017,64835,43135
Jhelum,Rasul Barrage,23-02-2017,55848,34098
Jhelum,Rasul Barrage,24-02-2017,45360,23610
Jhelum,Rasul Barrage,25-02-2017,45360,23610
Jhelum,Rasul Barrage,26-02-2017,53120,31420
Jhelum,Rasul Barrage,27-02-2017,49215,27515
Jhelum,Rasul Barrage,28-02-2017,45310,23610
Jhelum,Rasul Barrage,1-03-2017,48915,27515
Jhelum,Rasul Barrage,2-03-2017,56725,35325
Jhelum,Rasul Barrage,3-03-2017,67590,47040
Jhelum,Rasul Barrage,4-03-2017,69738,58138
Jhelum,Rasul Barrage,5-03-2017,66276,54276
Jhelum,Rasul Barrage,6-03-2017,61862,50412
Jhelum,Rasul Barrage,7-03-2017,46775,35325
Jhelum,Rasul Barrage,8-03-2017,42870,31420
Jhelum,Rasul Barrage,9-03-2017,45975,35325
Jhelum,Rasul Barrage,10-03-2017,42070,31420
Jhelum,Rasul Barrage,11-03-2017,38465,27515
Jhelum,Rasul Barrage,12-03-2017,38465,27515
Jhelum,Rasul Barrage,13-03-2017,42370,31420
Jhelum,Rasul Barrage,14-03-2017,34560,23610
Jhelum,Rasul Barrage,15-03-2017,22845,11895
Jhelum,Rasul Barrage,16-03-2017,42370,31420
Jhelum,Rasul Barrage,17-03-2017,50180,39230
Jhelum,Rasul Barrage,18-03-2017,42370,31420
Jhelum,Rasul Barrage,19-03-2017,42370,31420
Jhelum,Rasul Barrage,20-03-2017,38465,27515
Jhelum,Rasul Barrage,21-03-2017,42370,31420
Jhelum,Rasul Barrage,22-03-2017,38465,27515
Jhelum,Rasul Barrage,23-03-2017,31985,19705
Jhelum,Rasul Barrage,24-03-2017,39795,27515
Jhelum,Rasul Barrage,25-03-2017,12100,NIL
Jhelum,Rasul Barrage,26-03-2017,11900,NIL
Jhelum,Rasul Barrage,27-03-2017,12300,NIL
Jhelum,Rasul Barrage,28-03-2017,17641,5341
Jhelum,Rasul Barrage,29-03-2017,17641,5341
Jhelum,Rasul Barrage,30-03-2017,17441,5341
Jhelum,Rasul Barrage,31-03-2017,11700,NIL
Jhelum,Rasul Barrage,1-04-2017,11600,NIL
Jhelum,Rasul Barrage,2-04-2017,11600,NIL
Jhelum,Rasul Barrage,3-04-2017,12090,NIL
Jhelum,Rasul Barrage,4-04-2017,17431,5341
Jhelum,Rasul Barrage,5-04-2017,11995,NIL
Jhelum,Rasul Barrage,6-04-2017,11995,NIL
Jhelum,Rasul Barrage,7-04-2017,11995,NIL
Jhelum,Rasul Barrage,8-04-2017,10995,NIL
Jhelum,Rasul Barrage,9-04-2017,10995,NIL
Jhelum,Rasul Barrage,10-04-2017,10010,NIL
Jhelum,Rasul Barrage,11-04-2017,9995,NIL
Jhelum,Rasul Barrage,12-04-2017,8995,NIL
Jhelum,Rasul Barrage,13-04-2017,9185,NIL
Jhelum,Rasul Barrage,14-04-2017,9185,NIL
Jhelum,Rasul Barrage,15-04-2017,9185,NIL
Jhelum,Rasul Barrage,16-04-2017,9185,NIL
Jhelum,Rasul Barrage,17-04-2017,8550,NIL
Jhelum,Rasul Barrage,18-04-2017,9550,NIL
Jhelum,Rasul Barrage,19-04-2017,8750,NIL
Jhelum,Rasul Barrage,20-04-2017,8780,NIL
Jhelum,Rasul Barrage,21-04-2017,6750,NIL
Jhelum,Rasul Barrage,22-04-2017,6750,NIL
Jhelum,Rasul Barrage,23-04-2017,21745,11895
Jhelum,Rasul Barrage,24-04-2017,29705,19705
Jhelum,Rasul Barrage,25-04-2017,30505,19705
Jhelum,Rasul Barrage,26-04-2017,26600,15800
Jhelum,Rasul Barrage,27-04-2017,22695,11895
Jhelum,Rasul Barrage,28-04-2017,22895,11895
Jhelum,Rasul Barrage,29-04-2017,30705,19705
Jhelum,Rasul Barrage,30-04-2017,34905,19705
Jhelum,Rasul Barrage,1-05-2017,37605,19705
Jhelum,Rasul Barrage,2-05-2017,46515,27515
Jhelum,Rasul Barrage,3-05-2017,66040,47040
Jhelum,Rasul Barrage,4-05-2017,63235,43135
Jhelum,Rasul Barrage,5-05-2017,60480,39230
Jhelum,Rasul Barrage,6-05-2017,57675,35325
Jhelum,Rasul Barrage,7-05-2017,57775,35325
Jhelum,Rasul Barrage,8-05-2017,57775,35325
Jhelum,Rasul Barrage,9-05-2017,65635,43135
Jhelum,Rasul Barrage,10-05-2017,69530,47030
Jhelum,Rasul Barrage,11-05-2017,77023,54390
Jhelum,Rasul Barrage,12-05-2017,69630,47030
Jhelum,Rasul Barrage,13-05-2017,80840,58140
Jhelum,Rasul Barrage,14-05-2017,84824,62024
Jhelum,Rasul Barrage,15-05-2017,88019,65169
Jhelum,Rasul Barrage,16-05-2017,88119,65169
Jhelum,Rasul Barrage,17-05-2017,70030,47030
Jhelum,Rasul Barrage,18-05-2017,73945,50945
Jhelum,Rasul Barrage,19-05-2017,73945,50945
Jhelum,Rasul Barrage,20-05-2017,66179,43135
Jhelum,Rasul Barrage,21-05-2017,81855,58755
Jhelum,Rasul Barrage,22-05-2017,70180,47030
Jhelum,Rasul Barrage,23-05-2017,54570,31420
Jhelum,Rasul Barrage,24-05-2017,58525,35325
Jhelum,Rasul Barrage,25-05-2017,54620,31420
Jhelum,Rasul Barrage,26-05-2017,66335,43135
Jhelum,Rasul Barrage,27-05-2017,54620,31420
Jhelum,Rasul Barrage,28-05-2017,34905,19705
Jhelum,Rasul Barrage,29-05-2017,27095,11895
Jhelum,Rasul Barrage,30-05-2017,20541,5341
Jhelum,Rasul Barrage,31-05-2017,23190,7990
Jhelum,Rasul Barrage,1-06-2017,31000,15800
Jhelum,Rasul Barrage,2-06-2017,27095,11895
Jhelum,Rasul Barrage,3-06-2017,31000,15800
Jhelum,Rasul Barrage,4-06-2017,31000,15800
Jhelum,Rasul Barrage,5-06-2017,29095,11895
Jhelum,Rasul Barrage,6-06-2017,31095,11895
Jhelum,Rasul Barrage,7-06-2017,33095,11895
Jhelum,Rasul Barrage,8-06-2017,38000,15800
Jhelum,Rasul Barrage,9-06-2017,38600,15800
Jhelum,Rasul Barrage,10-06-2017,42944,19705
Jhelum,Rasul Barrage,11-06-2017,23200,NIL
Jhelum,Rasul Barrage,12-06-2017,35095,11895
Jhelum,Rasul Barrage,13-06-2017,28621,5341
Jhelum,Rasul Barrage,14-06-2017,28621,5341
Jhelum,Rasul Barrage,15-06-2017,28621,5341
Jhelum,Rasul Barrage,16-06-2017,28621,5341
Jhelum,Rasul Barrage,17-06-2017,31270,7990
Jhelum,Rasul Barrage,18-06-2017,31270,7990
Jhelum,Rasul Barrage,19-06-2017,35175,11895
Jhelum,Rasul Barrage,20-06-2017,31290,7990
Jhelum,Rasul Barrage,21-06-2017,31270,7990
Jhelum,Rasul Barrage,22-06-2017,54700,31420
Jhelum,Rasul Barrage,23-06-2017,58605,35325
Jhelum,Rasul Barrage,24-06-2017,54700,31420
Jhelum,Rasul Barrage,25-06-2017,70310,47030
Jhelum,Rasul Barrage,26-06-2017,61415,43135
Jhelum,Rasul Barrage,27-06-2017,50605,35325
Jhelum,Rasul Barrage,28-06-2017,46700,31420
Jhelum,Rasul Barrage,29-06-2017,50605,35325
Jhelum,Rasul Barrage,30-06-2017,62415,43135
Jhelum,Rasul Barrage,1-07-2017,58605,35325
Jhelum,Rasul Barrage,2-07-2017,62510,39230
Jhelum,Rasul Barrage,3-07-2017,50795,27515
Jhelum,Rasul Barrage,4-07-2017,54700,31420
Jhelum,Rasul Barrage,5-07-2017,54700,31420
Jhelum,Rasul Barrage,6-07-2017,54700,31420
Jhelum,Rasul Barrage,7-07-2017,58605,35325
Jhelum,Rasul Barrage,8-07-2017,54700,31420
Jhelum,Rasul Barrage,9-07-2017,62510,39230
Jhelum,Rasul Barrage,10-07-2017,54700,31420
Jhelum,Rasul Barrage,11-07-2017,62330,39230
Jhelum,Rasul Barrage,12-07-2017,58425,35325
Jhelum,Rasul Barrage,13-07-2017,58525,35325
Jhelum,Rasul Barrage,14-07-2017,50790,27510
Jhelum,Rasul Barrage,15-07-2017,58605,35325
Jhelum,Rasul Barrage,16-07-2017,58605,35325
Jhelum,Rasul Barrage,17-07-2017,63035,43135
Jhelum,Rasul Barrage,18-07-2017,66740,47040
Jhelum,Rasul Barrage,19-07-2017,62835,43135
Jhelum,Rasul Barrage,20-07-2017,62835,43135
Jhelum,Rasul Barrage,21-07-2017,62835,43135
Jhelum,Rasul Barrage,22-07-2017,66790,47040
Jhelum,Rasul Barrage,23-07-2017,60140,47040
Jhelum,Rasul Barrage,24-07-2017,56235,43135
Jhelum,Rasul Barrage,25-07-2017,56385,43135
Jhelum,Rasul Barrage,26-07-2017,78898,65748
Jhelum,Rasul Barrage,27-07-2017,100427,87277
Jhelum,Rasul Barrage,28-07-2017,95454,82404
Jhelum,Rasul Barrage,29-07-2017,95554,82404
Jhelum,Rasul Barrage,30-07-2017,57584,44434
Jhelum,Rasul Barrage,31-07-2017,57976,44826
Jhelum,Rasul Barrage,1-08-2017,57976,44826
Jhelum,Rasul Barrage,2-08-2017,46790,34090
Jhelum,Rasul Barrage,3-08-2017,46790,34090
Jhelum,Rasul Barrage,4-08-2017,61351,49151
Jhelum,Rasul Barrage,5-08-2017,75259,63109
Jhelum,Rasul Barrage,6-08-2017,61720,49170
Jhelum,Rasul Barrage,7-08-2017,46898,34098
Jhelum,Rasul Barrage,8-08-2017,39360,26560
Jhelum,Rasul Barrage,9-08-2017,46998,34098
Jhelum,Rasul Barrage,10-08-2017,43305,30288
Jhelum,Rasul Barrage,11-08-2017,36610,23610
Jhelum,Rasul Barrage,12-08-2017,13000,NIL
Jhelum,Rasul Barrage,13-08-2017,28800,15800
Jhelum,Rasul Barrage,14-08-2017,32705,19705
Jhelum,Rasul Barrage,15-08-2017,32705,19705
Jhelum,Rasul Barrage,16-08-2017,18191,5341
Jhelum,Rasul Barrage,17-08-2017,18191,5341
Jhelum,Rasul Barrage,18-08-2017,20840,7990
Jhelum,Rasul Barrage,19-08-2017,10341,5341
Jhelum,Rasul Barrage,20-08-2017,10381,5341
Jhelum,Rasul Barrage,21-08-2017,10341,5341
Jhelum,Rasul Barrage,22-08-2017,16941,5341
Jhelum,Rasul Barrage,23-08-2017,30995,11895
Jhelum,Rasul Barrage,24-08-2017,20100,NIL
Jhelum,Rasul Barrage,25-08-2017,31995,11895
Jhelum,Rasul Barrage,26-08-2017,25441,5341
Jhelum,Rasul Barrage,27-08-2017,29090,7990
Jhelum,Rasul Barrage,28-08-2017,19200,NIL
Jhelum,Rasul Barrage,29-08-2017,26916,5341
Jhelum,Rasul Barrage,30-08-2017,20200,NIL
Jhelum,Rasul Barrage,31-08-2017,19200,NIL
Jhelum,Rasul Barrage,1-09-2017,20150,NIL
Jhelum,Rasul Barrage,2-09-2017,34370,11845
Jhelum,Rasul Barrage,3-09-2017,38950,15800
Jhelum,Rasul Barrage,4-09-2017,35045,11895
Jhelum,Rasul Barrage,5-09-2017,35045,11895
Jhelum,Rasul Barrage,6-09-2017,35095,11895
Jhelum,Rasul Barrage,7-09-2017,35095,11895
Jhelum,Rasul Barrage,8-09-2017,35095,11895
Jhelum,Rasul Barrage,9-09-2017,35095,11895
Jhelum,Rasul Barrage,10-09-2017,35129,11895
Jhelum,Rasul Barrage,11-09-2017,35095,11895
Jhelum,Rasul Barrage,12-09-2017,40050,15800
Jhelum,Rasul Barrage,13-09-2017,47860,23610
Jhelum,Rasul Barrage,14-09-2017,43955,19705
Jhelum,Rasul Barrage,15-09-2017,43985,19705
Jhelum,Rasul Barrage,16-09-2017,43985,19705
Jhelum,Rasul Barrage,17-09-2017,47890,23610
Jhelum,Rasul Barrage,18-09-2017,51795,27515
Jhelum,Rasul Barrage,19-09-2017,51795,27515
Jhelum,Rasul Barrage,20-09-2017,55742,31422
Jhelum,Rasul Barrage,21-09-2017,55702,31422
Jhelum,Rasul Barrage,22-09-2017,51795,27515
Jhelum,Rasul Barrage,23-09-2017,70145,50945
Jhelum,Rasul Barrage,24-09-2017,15091,5341
Jhelum,Rasul Barrage,25-09-2017,16175,11895
Jhelum,Rasul Barrage,26-09-2017,9621,5341
Jhelum,Rasul Barrage,27-09-2017,16175,11895
Jhelum,Rasul Barrage,28-09-2017,9941,5341
Jhelum,Rasul Barrage,29-09-2017,14880,NIL
Jhelum,Rasul Barrage,30-09-2017,30600,15800
Jhelum,Rasul Barrage,1-10-2017,34505,19705
Jhelum,Rasul Barrage,2-10-2017,34505,19705
Jhelum,Rasul Barrage,3-10-2017,34505,19705
Jhelum,Rasul Barrage,4-10-2017,38510,23610
Jhelum,Rasul Barrage,5-10-2017,36200,15800
Jhelum,Rasul Barrage,6-10-2017,42605,19705
Jhelum,Rasul Barrage,7-10-2017,42605,19705
Jhelum,Rasul Barrage,8-10-2017,43605,19705
Jhelum,Rasul Barrage,9-10-2017,47510,23610
Jhelum,Rasul Barrage,10-10-2017,51559,27515
Jhelum,Rasul Barrage,11-10-2017,47560,23610
Jhelum,Rasul Barrage,12-10-2017,47560,23610
Jhelum,Rasul Barrage,13-10-2017,47560,23610
Jhelum,Rasul Barrage,14-10-2017,47560,23610
Jhelum,Rasul Barrage,15-10-2017,47610,23610
Jhelum,Rasul Barrage,16-10-2017,46810,23610
Jhelum,Rasul Barrage,17-10-2017,46715,27515
Jhelum,Rasul Barrage,18-10-2017,38905,19705
Jhelum,Rasul Barrage,19-10-2017,46715,27515
Jhelum,Rasul Barrage,20-10-2017,42845,23610
Jhelum,Rasul Barrage,21-10-2017,42810,23610
Jhelum,Rasul Barrage,22-10-2017,37705,19705
Jhelum,Rasul Barrage,23-10-2017,41610,23610
Jhelum,Rasul Barrage,24-10-2017,40310,23610
Jhelum,Rasul Barrage,25-10-2017,28595,11895
Jhelum,Rasul Barrage,26-10-2017,28595,11895
Jhelum,Rasul Barrage,27-10-2017,32450,15800
Jhelum,Rasul Barrage,28-10-2017,28545,11895
Jhelum,Rasul Barrage,29-10-2017,28545,11895
Jhelum,Rasul Barrage,30-10-2017,28545,11895
Jhelum,Rasul Barrage,31-10-2017,28545,11895
Jhelum,Rasul Barrage,1-11-2017,34300,15800
Jhelum,Rasul Barrage,2-11-2017,34300,15800
Jhelum,Rasul Barrage,3-11-2017,34300,15800
Jhelum,Rasul Barrage,4-11-2017,38205,19705
Jhelum,Rasul Barrage,5-11-2017,34300,15800
Jhelum,Rasul Barrage,6-11-2017,34750,15800
Jhelum,Rasul Barrage,7-11-2017,30845,11895
Jhelum,Rasul Barrage,8-11-2017,26940,7990
Jhelum,Rasul Barrage,9-11-2017,26940,7990
Jhelum,Rasul Barrage,10-11-2017,30870,11895
Jhelum,Rasul Barrage,11-11-2017,38585,19705
Jhelum,Rasul Barrage,12-11-2017,54175,35325
Jhelum,Rasul Barrage,13-11-2017,34650,15800
Jhelum,Rasul Barrage,14-11-2017,50272,31422
Jhelum,Rasul Barrage,15-11-2017,38555,19705
Jhelum,Rasul Barrage,16-11-2017,38605,19705
Jhelum,Rasul Barrage,17-11-2017,58132,39232
Jhelum,Rasul Barrage,18-11-2017,38605,19705
Jhelum,Rasul Barrage,19-11-2017,50322,31422
Jhelum,Rasul Barrage,20-11-2017,42587,23610
Jhelum,Rasul Barrage,21-11-2017,42515,23615
Jhelum,Rasul Barrage,22-11-2017,46415,27515
Jhelum,Rasul Barrage,23-11-2017,65940,47040
Jhelum,Rasul Barrage,24-11-2017,54225,35325
Jhelum,Rasul Barrage,25-11-2017,62035,43135
Jhelum,Rasul Barrage,26-11-2017,34700,15800
Jhelum,Rasul Barrage,27-11-2017,34700,15800
Jhelum,Rasul Barrage,28-11-2017,34700,15800
Jhelum,Rasul Barrage,29-11-2017,42510,23610
Jhelum,Rasul Barrage,30-11-2017,42510,23610
Jhelum,Rasul Barrage,1-12-2017,38655,19705
Jhelum,Rasul Barrage,2-12-2017,35750,15800
Jhelum,Rasul Barrage,3-12-2017,38655,19705
Jhelum,Rasul Barrage,4-12-2017,37750,15800
Jhelum,Rasul Barrage,5-12-2017,33845,11895
Jhelum,Rasul Barrage,6-12-2017,33845,11895
Jhelum,Rasul Barrage,7-12-2017,33845,11895
Jhelum,Rasul Barrage,8-12-2017,37750,15800
Jhelum,Rasul Barrage,9-12-2017,41655,19705
Jhelum,Rasul Barrage,10-12-2017,33845,11895
Jhelum,Rasul Barrage,11-12-2017,41655,19705
Jhelum,Rasul Barrage,12-12-2017,37750,15800
Jhelum,Rasul Barrage,13-12-2017,37750,15800
Jhelum,Rasul Barrage,14-12-2017,33845,11895
Jhelum,Rasul Barrage,15-12-2017,37750,15800
Jhelum,Rasul Barrage,16-12-2017,41680,19705
Jhelum,Rasul Barrage,17-12-2017,33870,11895
Jhelum,Rasul Barrage,18-12-2017,21316,5341
Jhelum,Rasul Barrage,19-12-2017,27870,11895
Jhelum,Rasul Barrage,20-12-2017,23965,7990
Jhelum,Rasul Barrage,21-12-2017,23965,7990
Jhelum,Rasul Barrage,22-12-2017,21316,5341
Jhelum,Rasul Barrage,23-12-2017,23965,7990
Jhelum,Rasul Barrage,24-12-2017,15975,NIL
Jhelum,Rasul Barrage,25-12-2017,33593,22118
Jhelum,Rasul Barrage,26-12-2017,10637,10637
Jhelum,Rasul Barrage,27-12-2017,7108,7108
Jhelum,Rasul Barrage,28-12-2017,5407,5407
Jhelum,Rasul Barrage,29-12-2017,5407,5407
Jhelum,Rasul Barrage,30-12-2017,5407,5407
Jhelum,Rasul Barrage,31-12-2017,5407,5407
Ravi,Balloki H/W,1-01-2017,2840,2840
Ravi,Balloki H/W,2-01-2017,2840,2840
Ravi,Balloki H/W,3-01-2017,2840,2840
Ravi,Balloki H/W,4-01-2017,2520,2520
Ravi,Balloki H/W,5-01-2017,2520,2520
Ravi,Balloki H/W,6-01-2017,2520,2520
Ravi,Balloki H/W,7-01-2017,2210,2210
Ravi,Balloki H/W,8-01-2017,2210,2210
Ravi,Balloki H/W,9-01-2017,2210,2210
Ravi,Balloki H/W,10-01-2017,2210,2210
Ravi,Balloki H/W,11-01-2017,1930,1930
Ravi,Balloki H/W,12-01-2017,1930,1930
Ravi,Balloki H/W,13-01-2017,1930,1930
Ravi,Balloki H/W,14-01-2017,1930,1930
Ravi,Balloki H/W,15-01-2017,1930,1930
Ravi,Balloki H/W,16-01-2017,1765,1765
Ravi,Balloki H/W,17-01-2017,1765,1765
Ravi,Balloki H/W,18-01-2017,1765,1765
Ravi,Balloki H/W,19-01-2017,1765,1765
Ravi,Balloki H/W,20-01-2017,1765,1765
Ravi,Balloki H/W,21-01-2017,1765,1765
Ravi,Balloki H/W,22-01-2017,1765,1765
Ravi,Balloki H/W,23-01-2017,1765,1765
Ravi,Balloki H/W,24-01-2017,2145,2145
Ravi,Balloki H/W,25-01-2017,2145,2145
Ravi,Balloki H/W,26-01-2017,2145,2145
Ravi,Balloki H/W,27-01-2017,2145,2145
Ravi,Balloki H/W,28-01-2017,2145,2145
Ravi,Balloki H/W,29-01-2017,2145,2145
Ravi,Balloki H/W,30-01-2017,2520,2520
Ravi,Balloki H/W,31-01-2017,NIL,NIL
Ravi,Sidhnai H/W,1-01-2017,6400,NIL
Ravi,Sidhnai H/W,2-01-2017,7150,NIL
Ravi,Sidhnai H/W,3-01-2017,7144,NIL
Ravi,Sidhnai H/W,4-01-2017,7811,661
Ravi,Sidhnai H/W,5-01-2017,7780,661
Ravi,Sidhnai H/W,6-01-2017,7197,NIL
Ravi,Sidhnai H/W,7-01-2017,7275,NIL
Ravi,Sidhnai H/W,8-01-2017,7198,NIL
Ravi,Sidhnai H/W,9-01-2017,7205,NIL
Ravi,Sidhnai H/W,10-01-2017,7919,661
Ravi,Sidhnai H/W,11-01-2017,2004,2004
Ravi,Sidhnai H/W,12-01-2017,3250,3250
Ravi,Sidhnai H/W,13-01-2017,3650,3650
Ravi,Sidhnai H/W,14-01-2017,2200,2200
Ravi,Sidhnai H/W,15-01-2017,2200,2200
Ravi,Sidhnai H/W,16-01-2017,2200,2200
Ravi,Sidhnai H/W,17-01-2017,2200,2200
Ravi,Sidhnai H/W,18-01-2017,2200,2200
Ravi,Sidhnai H/W,19-01-2017,1765,1765
Ravi,Sidhnai H/W,20-01-2017,1765,1765
Ravi,Sidhnai H/W,21-01-2017,1765,1765
Ravi,Sidhnai H/W,22-01-2017,1765,1765
Ravi,Sidhnai H/W,23-01-2017,1765,1765
Ravi,Sidhnai H/W,24-01-2017,1765,1765
Ravi,Sidhnai H/W,25-01-2017,1765,1765
Ravi,Sidhnai H/W,26-01-2017,1765,1765
Ravi,Sidhnai H/W,27-01-2017,1765,1765
Ravi,Sidhnai H/W,28-01-2017,1500,1500
Ravi,Sidhnai H/W,29-01-2017,NIL,NIL
Ravi,Sidhnai H/W,30-01-2017,NIL,NIL
Ravi,Sidhnai H/W,31-01-2017,NIL,NIL
Ravi,Balloki H/W,1-02-2017,2800,NIL
Ravi,Balloki H/W,2-02-2017,4000,NIL
Ravi,Balloki H/W,3-02-2017,5000,NIL
Ravi,Balloki H/W,4-02-2017,9955,2955
Ravi,Balloki H/W,5-02-2017,11210,4210
Ravi,Balloki H/W,6-02-2017,13326,6370
Ravi,Balloki H/W,7-02-2017,14480,6980
Ravi,Balloki H/W,8-02-2017,14480,6980
Ravi,Balloki H/W,9-02-2017,15065,7080
Ravi,Balloki H/W,10-02-2017,13413,2890
Ravi,Balloki H/W,11-02-2017,14470,3470
Ravi,Balloki H/W,12-02-2017,14790,1790
Ravi,Balloki H/W,13-02-2017,18936,5865
Ravi,Balloki H/W,14-02-2017,17642,4650
Ravi,Balloki H/W,15-02-2017,17650,4650
Ravi,Balloki H/W,16-02-2017,17500,3500
Ravi,Balloki H/W,17-02-2017,17375,2375
Ravi,Balloki H/W,18-02-2017,18233,1205
Ravi,Balloki H/W,19-02-2017,18740,1790
Ravi,Balloki H/W,20-02-2017,18946,NIL
Ravi,Balloki H/W,21-02-2017,19000,NIL
Ravi,Balloki H/W,22-02-2017,20705,1205
Ravi,Balloki H/W,23-02-2017,21843,1790
Ravi,Balloki H/W,24-02-2017,21772,1790
Ravi,Balloki H/W,25-02-2017,23570,3570
Ravi,Balloki H/W,26-02-2017,24570,3570
Ravi,Balloki H/W,27-02-2017,25570,3570
Ravi,Balloki H/W,28-02-2017,25075,2575
Ravi,Sidhnai H/W,1-02-2017,4824,3574
Ravi,Sidhnai H/W,2-02-2017,8210,6532
Ravi,Sidhnai H/W,3-02-2017,7841,7141
Ravi,Sidhnai H/W,4-02-2017,8537,7141
Ravi,Sidhnai H/W,5-02-2017,6784,5184
Ravi,Sidhnai H/W,6-02-2017,7434,5184
Ravi,Sidhnai H/W,7-02-2017,6878,3888
Ravi,Sidhnai H/W,8-02-2017,7388,3888
Ravi,Sidhnai H/W,9-02-2017,9334,5148
Ravi,Sidhnai H/W,10-02-2017,12429,6506
Ravi,Sidhnai H/W,11-02-2017,9522,1372
Ravi,Sidhnai H/W,12-02-2017,11921,2978
Ravi,Sidhnai H/W,13-02-2017,9248,661
Ravi,Sidhnai H/W,14-02-2017,9177,334
Ravi,Sidhnai H/W,15-02-2017,9384,334
Ravi,Sidhnai H/W,16-02-2017,9943,661
Ravi,Sidhnai H/W,17-02-2017,9953,661
Ravi,Sidhnai H/W,18-02-2017,10513,1322
Ravi,Sidhnai H/W,19-02-2017,10622,1322
Ravi,Sidhnai H/W,20-02-2017,12975,NIL
Ravi,Sidhnai H/W,21-02-2017,13245,NIL
Ravi,Sidhnai H/W,22-02-2017,13107,NIL
Ravi,Sidhnai H/W,23-02-2017,13670,NIL
Ravi,Sidhnai H/W,24-02-2017,13452,NIL
Ravi,Sidhnai H/W,25-02-2017,14141,NIL
Ravi,Sidhnai H/W,26-02-2017,13920,334
Ravi,Sidhnai H/W,27-02-2017,13700,NIL
Ravi,Sidhnai H/W,28-02-2017,13682,NIL
Ravi,Balloki H/W,1-03-2017,25930,4430
Ravi,Balloki H/W,2-03-2017,29220,8220
Ravi,Balloki H/W,3-03-2017,29940,12540
Ravi,Balloki H/W,4-03-2017,39885,19685
Ravi,Balloki H/W,5-03-2017,38591,18530
Ravi,Balloki H/W,6-03-2017,34148,15395
Ravi,Balloki H/W,7-03-2017,29671,11470
Ravi,Balloki H/W,8-03-2017,27795,15395
Ravi,Balloki H/W,9-03-2017,23280,10880
Ravi,Balloki H/W,10-03-2017,22375,10000
Ravi,Balloki H/W,11-03-2017,22410,10000
Ravi,Balloki H/W,12-03-2017,22536,9125
Ravi,Balloki H/W,13-03-2017,22875,7370
Ravi,Balloki H/W,14-03-2017,22270,6770
Ravi,Balloki H/W,15-03-2017,22270,6770
Ravi,Balloki H/W,16-03-2017,20145,8145
Ravi,Balloki H/W,17-03-2017,21314,9300
Ravi,Balloki H/W,18-03-2017,40043,28045
Ravi,Balloki H/W,19-03-2017,32214,20210
Ravi,Balloki H/W,20-03-2017,26317,13880
Ravi,Balloki H/W,21-03-2017,24480,9965
Ravi,Balloki H/W,22-03-2017,24465,9965
Ravi,Balloki H/W,23-03-2017,22975,7975
Ravi,Balloki H/W,24-03-2017,23983,7975
Ravi,Balloki H/W,25-03-2017,21721,5720
Ravi,Balloki H/W,26-03-2017,21226,4625
Ravi,Balloki H/W,27-03-2017,21246,4625
Ravi,Balloki H/W,28-03-2017,21225,4625
Ravi,Balloki H/W,29-03-2017,22365,5765
Ravi,Balloki H/W,30-03-2017,22365,5765
Ravi,Balloki H/W,31-03-2017,24625,8025
Ravi,Sidhnai H/W,1-03-2017,16405,3305
Ravi,Sidhnai H/W,2-03-2017,16915,9698
Ravi,Sidhnai H/W,3-03-2017,13240,6412
Ravi,Sidhnai H/W,4-03-2017,21641,14256
Ravi,Sidhnai H/W,5-03-2017,19841,12241
Ravi,Sidhnai H/W,6-03-2017,27693,21566
Ravi,Sidhnai H/W,7-03-2017,29082,23750
Ravi,Sidhnai H/W,8-03-2017,29128,24328
Ravi,Sidhnai H/W,9-03-2017,25854,21564
Ravi,Sidhnai H/W,10-03-2017,26063,20903
Ravi,Sidhnai H/W,11-03-2017,26540,20903
Ravi,Sidhnai H/W,12-03-2017,25122,21993
Ravi,Sidhnai H/W,13-03-2017,23494,17694
Ravi,Sidhnai H/W,14-03-2017,22252,15160
Ravi,Sidhnai H/W,15-03-2017,23004,23004
Ravi,Sidhnai H/W,16-03-2017,18914,18914
Ravi,Sidhnai H/W,17-03-2017,15792,15792
Ravi,Sidhnai H/W,18-03-2017,18358,18358
Ravi,Sidhnai H/W,19-03-2017,18358,18358
Ravi,Sidhnai H/W,20-03-2017,30283,30283
Ravi,Sidhnai H/W,21-03-2017,30283,30283
Ravi,Sidhnai H/W,22-03-2017,25530,23330
Ravi,Sidhnai H/W,23-03-2017,23600,19900
Ravi,Sidhnai H/W,24-03-2017,22682,17432
Ravi,Sidhnai H/W,25-03-2017,17337,11687
Ravi,Sidhnai H/W,26-03-2017,20263,14178
Ravi,Sidhnai H/W,27-03-2017,19008,13579
Ravi,Sidhnai H/W,28-03-2017,19029,13579
Ravi,Sidhnai H/W,29-03-2017,18429,13579
Ravi,Sidhnai H/W,30-03-2017,18419,13579
Ravi,Sidhnai H/W,31-03-2017,18479,13579
Ravi,Balloki H/W,1-04-2017,22270,4870
Ravi,Balloki H/W,2-04-2017,24330,7430
Ravi,Balloki H/W,3-04-2017,27085,11585
Ravi,Balloki H/W,4-04-2017,25292,9985
Ravi,Balloki H/W,5-04-2017,34705,18405
Ravi,Balloki H/W,6-04-2017,30840,12540
Ravi,Balloki H/W,7-04-2017,26730,9130
Ravi,Balloki H/W,8-04-2017,26385,9985
Ravi,Balloki H/W,9-04-2017,26369,9985
Ravi,Balloki H/W,10-04-2017,24652,8280
Ravi,Balloki H/W,11-04-2017,24694,8280
Ravi,Balloki H/W,12-04-2017,24830,7430
Ravi,Balloki H/W,13-04-2017,24599,6575
Ravi,Balloki H/W,14-04-2017,23450,5445
Ravi,Balloki H/W,15-04-2017,21885,2885
Ravi,Balloki H/W,16-04-2017,22230,1730
Ravi,Balloki H/W,17-04-2017,23715,1170
Ravi,Balloki H/W,18-04-2017,24902,2305
Ravi,Balloki H/W,19-04-2017,24330,1730
Ravi,Balloki H/W,20-04-2017,24148,1730
Ravi,Balloki H/W,21-04-2017,23755,1155
Ravi,Balloki H/W,22-04-2017,23178,585
Ravi,Balloki H/W,23-04-2017,23579,880
Ravi,Balloki H/W,24-04-2017,23855,880
Ravi,Balloki H/W,25-04-2017,26713,3715
Ravi,Balloki H/W,26-04-2017,27565,4565
Ravi,Balloki H/W,27-04-2017,27425,4565
Ravi,Balloki H/W,28-04-2017,26718,3715
Ravi,Balloki H/W,29-04-2017,26767,3715
Ravi,Balloki H/W,30-04-2017,27565,4565
Ravi,Sidhnai H/W,1-04-2017,19416,14527
Ravi,Sidhnai H/W,2-04-2017,22628,18242
Ravi,Sidhnai H/W,3-04-2017,22962,22462
Ravi,Sidhnai H/W,4-04-2017,22962,22462
Ravi,Sidhnai H/W,5-04-2017,26935,26435
Ravi,Sidhnai H/W,6-04-2017,24589,24100
Ravi,Sidhnai H/W,7-04-2017,30514,30014
Ravi,Sidhnai H/W,8-04-2017,27919,27619
Ravi,Sidhnai H/W,9-04-2017,27919,27619
Ravi,Sidhnai H/W,10-04-2017,25098,24808
Ravi,Sidhnai H/W,11-04-2017,25958,24808
Ravi,Sidhnai H/W,12-04-2017,20348,18548
Ravi,Sidhnai H/W,13-04-2017,21630,17648
Ravi,Sidhnai H/W,14-04-2017,22636,17648
Ravi,Sidhnai H/W,15-04-2017,22437,17648
Ravi,Sidhnai H/W,16-04-2017,22244,17648
Ravi,Sidhnai H/W,17-04-2017,18497,13797
Ravi,Sidhnai H/W,18-04-2017,18481,13797
Ravi,Sidhnai H/W,19-04-2017,14223,7823
Ravi,Sidhnai H/W,20-04-2017,14041,6877
Ravi,Sidhnai H/W,21-04-2017,16858,8780
Ravi,Sidhnai H/W,22-04-2017,14174,5974
Ravi,Sidhnai H/W,23-04-2017,12404,3624
Ravi,Sidhnai H/W,24-04-2017,12793,3003
Ravi,Sidhnai H/W,25-04-2017,12033,1983
Ravi,Sidhnai H/W,26-04-2017,11645,995
Ravi,Sidhnai H/W,27-04-2017,11959,1322
Ravi,Sidhnai H/W,28-04-2017,12365,1322
Ravi,Sidhnai H/W,29-04-2017,12958,1322
Ravi,Sidhnai H/W,30-04-2017,13872,1322
Ravi,Balloki H/W,1-05-2017,32470,6270
Ravi,Balloki H/W,2-05-2017,32085,10835
Ravi,Balloki H/W,3-05-2017,33275,8275
Ravi,Balloki H/W,4-05-2017,33200,7400
Ravi,Balloki H/W,5-05-2017,35875,9985
Ravi,Balloki H/W,6-05-2017,34797,8280
Ravi,Balloki H/W,7-05-2017,31769,4865
Ravi,Balloki H/W,8-05-2017,30448,2945
Ravi,Balloki H/W,9-05-2017,31691,3825
Ravi,Balloki H/W,10-05-2017,31825,3825
Ravi,Balloki H/W,11-05-2017,34770,6770
Ravi,Balloki H/W,12-05-2017,33659,7645
Ravi,Balloki H/W,13-05-2017,33700,4700
Ravi,Balloki H/W,14-05-2017,33125,3825
Ravi,Balloki H/W,15-05-2017,33113,3825
Ravi,Balloki H/W,16-05-2017,36941,7645
Ravi,Balloki H/W,17-05-2017,38130,8830
Ravi,Balloki H/W,18-05-2017,38760,9425
Ravi,Balloki H/W,19-05-2017,38828,9425
Ravi,Balloki H/W,20-05-2017,39326,9425
Ravi,Balloki H/W,21-05-2017,38747,8830
Ravi,Balloki H/W,22-05-2017,38720,8830
Ravi,Balloki H/W,23-05-2017,38759,8830
Ravi,Balloki H/W,24-05-2017,37955,7955
Ravi,Balloki H/W,25-05-2017,36186,6200
Ravi,Balloki H/W,26-05-2017,36283,5760
Ravi,Balloki H/W,27-05-2017,36261,5760
Ravi,Balloki H/W,28-05-2017,36236,5760
Ravi,Balloki H/W,29-05-2017,36236,5760
Ravi,Balloki H/W,30-05-2017,36180,5760
Ravi,Balloki H/W,31-05-2017,36260,5760
Ravi,Sidhnai H/W,1-05-2017,13872,1322
Ravi,Sidhnai H/W,2-05-2017,14253,1322
Ravi,Sidhnai H/W,3-05-2017,13972,1322
Ravi,Sidhnai H/W,4-05-2017,17822,5288
Ravi,Sidhnai H/W,5-05-2017,18011,5288
Ravi,Sidhnai H/W,6-05-2017,16604,3966
Ravi,Sidhnai H/W,7-05-2017,16947,3305
Ravi,Sidhnai H/W,8-05-2017,15967,2317
Ravi,Sidhnai H/W,9-05-2017,16167,2317
Ravi,Sidhnai H/W,10-05-2017,15152,1002
Ravi,Sidhnai H/W,11-05-2017,14087,NIL
Ravi,Sidhnai H/W,12-05-2017,14369,334
Ravi,Sidhnai H/W,13-05-2017,14874,334
Ravi,Sidhnai H/W,14-05-2017,17277,2644
Ravi,Sidhnai H/W,15-05-2017,19077,4627
Ravi,Sidhnai H/W,16-05-2017,18255,3966
Ravi,Sidhnai H/W,17-05-2017,14522,1322
Ravi,Sidhnai H/W,18-05-2017,16212,1983
Ravi,Sidhnai H/W,19-05-2017,19072,4627
Ravi,Sidhnai H/W,20-05-2017,17852,3639
Ravi,Sidhnai H/W,21-05-2017,19089,4961
Ravi,Sidhnai H/W,22-05-2017,19085,4961
Ravi,Sidhnai H/W,23-05-2017,19199,4961
Ravi,Sidhnai H/W,24-05-2017,19311,4961
Ravi,Sidhnai H/W,25-05-2017,19343,4961
Ravi,Sidhnai H/W,26-05-2017,19411,4961
Ravi,Sidhnai H/W,27-05-2017,16967,2317
Ravi,Sidhnai H/W,28-05-2017,17029,2317
Ravi,Sidhnai H/W,29-05-2017,17641,3305
Ravi,Sidhnai H/W,30-05-2017,17830,3305
Ravi,Sidhnai H/W,31-05-2017,17930,3305
Ravi,Balloki H/W,1-06-2017,38380,7880
Ravi,Balloki H/W,2-06-2017,39663,9660
Ravi,Balloki H/W,3-06-2017,38633,7880
Ravi,Balloki H/W,4-06-2017,36800,6050
Ravi,Balloki H/W,5-06-2017,36539,5150
Ravi,Balloki H/W,6-06-2017,37639,6100
Ravi,Balloki H/W,7-06-2017,33940,2440
Ravi,Balloki H/W,8-06-2017,33944,2440
Ravi,Balloki H/W,9-06-2017,33803,2440
Ravi,Balloki H/W,10-06-2017,35077,3660
Ravi,Balloki H/W,11-06-2017,35158,3660
Ravi,Balloki H/W,12-06-2017,35160,3660
Ravi,Balloki H/W,13-06-2017,35142,3660
Ravi,Balloki H/W,14-06-2017,34550,3050
Ravi,Balloki H/W,15-06-2017,35545,3660
Ravi,Balloki H/W,16-06-2017,35530,3130
Ravi,Balloki H/W,17-06-2017,35442,3130
Ravi,Balloki H/W,18-06-2017,35532,3130
Ravi,Balloki H/W,19-06-2017,34241,1875
Ravi,Balloki H/W,20-06-2017,34124,1875
Ravi,Balloki H/W,21-06-2017,34905,2505
Ravi,Balloki H/W,22-06-2017,34905,2505
Ravi,Balloki H/W,23-06-2017,34905,2505
Ravi,Balloki H/W,24-06-2017,36155,3755
Ravi,Balloki H/W,25-06-2017,37009,5005
Ravi,Balloki H/W,26-06-2017,36580,4380
Ravi,Balloki H/W,27-06-2017,36580,4380
Ravi,Balloki H/W,28-06-2017,35955,3755
Ravi,Balloki H/W,29-06-2017,36486,4380
Ravi,Balloki H/W,30-06-2017,37405,5005
Ravi,Sidhnai H/W,1-06-2017,18115,3305
Ravi,Sidhnai H/W,2-06-2017,15466,661
Ravi,Sidhnai H/W,3-06-2017,15895,995
Ravi,Sidhnai H/W,4-06-2017,17991,2978
Ravi,Sidhnai H/W,5-06-2017,18103,2978
Ravi,Sidhnai H/W,6-06-2017,18007,2978
Ravi,Sidhnai H/W,7-06-2017,16020,995
Ravi,Sidhnai H/W,8-06-2017,16090,995
Ravi,Sidhnai H/W,9-06-2017,14000,NIL
Ravi,Sidhnai H/W,10-06-2017,14154,NIL
Ravi,Sidhnai H/W,11-06-2017,14689,NIL
Ravi,Sidhnai H/W,12-06-2017,14695,NIL
Ravi,Sidhnai H/W,13-06-2017,14686,NIL
Ravi,Sidhnai H/W,14-06-2017,15200,NIL
Ravi,Sidhnai H/W,15-06-2017,14418,2644
Ravi,Sidhnai H/W,16-06-2017,13700,4300
Ravi,Sidhnai H/W,17-06-2017,13775,4300
Ravi,Sidhnai H/W,18-06-2017,13262,2978
Ravi,Sidhnai H/W,19-06-2017,12711,661
Ravi,Sidhnai H/W,20-06-2017,13417,1322
Ravi,Sidhnai H/W,21-06-2017,14622,1322
Ravi,Sidhnai H/W,22-06-2017,13647,661
Ravi,Sidhnai H/W,23-06-2017,13500,NIL
Ravi,Sidhnai H/W,24-06-2017,13992,3305
Ravi,Sidhnai H/W,25-06-2017,15240,6944
Ravi,Sidhnai H/W,26-06-2017,11000,NIL
Ravi,Sidhnai H/W,27-06-2017,10432,NIL
Ravi,Sidhnai H/W,28-06-2017,14772,1322
Ravi,Sidhnai H/W,29-06-2017,15623,1983
Ravi,Sidhnai H/W,30-06-2017,14444,2644
Ravi,Balloki H/W,1-07-2017,36763,4380
Ravi,Balloki H/W,2-07-2017,36155,3755
Ravi,Balloki H/W,3-07-2017,36155,3755
Ravi,Balloki H/W,4-07-2017,38149,5885
Ravi,Balloki H/W,5-07-2017,37385,4985
Ravi,Balloki H/W,6-07-2017,37366,4985
Ravi,Balloki H/W,7-07-2017,36240,4240
Ravi,Balloki H/W,8-07-2017,36385,5885
Ravi,Balloki H/W,9-07-2017,36330,5885
Ravi,Balloki H/W,10-07-2017,36350,4955
Ravi,Balloki H/W,11-07-2017,37705,6205
Ravi,Balloki H/W,12-07-2017,44195,12695
Ravi,Balloki H/W,13-07-2017,47857,16400
Ravi,Balloki H/W,14-07-2017,43229,11765
Ravi,Balloki H/W,15-07-2017,41605,9910
Ravi,Balloki H/W,16-07-2017,46245,14545
Ravi,Balloki H/W,17-07-2017,48330,17330
Ravi,Balloki H/W,18-07-2017,47830,17330
Ravi,Balloki H/W,19-07-2017,63490,32990
Ravi,Balloki H/W,20-07-2017,65960,35460
Ravi,Balloki H/W,21-07-2017,65940,34240
Ravi,Balloki H/W,22-07-2017,62536,30550
Ravi,Balloki H/W,23-07-2017,58695,26695
Ravi,Balloki H/W,24-07-2017,57518,25675
Ravi,Balloki H/W,25-07-2017,58890,26890
Ravi,Balloki H/W,26-07-2017,53515,22015
Ravi,Balloki H/W,27-07-2017,51515,22015
Ravi,Balloki H/W,28-07-2017,49295,20795
Ravi,Balloki H/W,29-07-2017,45880,17135
Ravi,Balloki H/W,30-07-2017,44042,14700
Ravi,Balloki H/W,31-07-2017,45320,15920
Ravi,Sidhnai H/W,1-07-2017,16639,5949
Ravi,Sidhnai H/W,2-07-2017,15822,5622
Ravi,Sidhnai H/W,3-07-2017,15974,5288
Ravi,Sidhnai H/W,4-07-2017,15225,2644
Ravi,Sidhnai H/W,5-07-2017,16505,3305
Ravi,Sidhnai H/W,6-07-2017,16141,3305
Ravi,Sidhnai H/W,7-07-2017,17949,5949
Ravi,Sidhnai H/W,8-07-2017,17021,12024
Ravi,Sidhnai H/W,9-07-2017,18949,12564
Ravi,Sidhnai H/W,10-07-2017,17032,8771
Ravi,Sidhnai H/W,11-07-2017,18134,11538
Ravi,Sidhnai H/W,12-07-2017,18634,10584
Ravi,Sidhnai H/W,13-07-2017,18850,10171
Ravi,Sidhnai H/W,14-07-2017,24897,15297
Ravi,Sidhnai H/W,15-07-2017,26632,16567
Ravi,Sidhnai H/W,16-07-2017,23562,12870
Ravi,Sidhnai H/W,17-07-2017,18589,7894
Ravi,Sidhnai H/W,18-07-2017,24299,14749
Ravi,Sidhnai H/W,19-07-2017,28318,18218
Ravi,Sidhnai H/W,20-07-2017,27818,18218
Ravi,Sidhnai H/W,21-07-2017,36741,26541
Ravi,Sidhnai H/W,22-07-2017,41219,29167
Ravi,Sidhnai H/W,23-07-2017,41939,30372
Ravi,Sidhnai H/W,24-07-2017,43239,32961
Ravi,Sidhnai H/W,25-07-2017,40253,29167
Ravi,Sidhnai H/W,26-07-2017,41827,33327
Ravi,Sidhnai H/W,27-07-2017,41725,37375
Ravi,Sidhnai H/W,28-07-2017,43767,38539
Ravi,Sidhnai H/W,29-07-2017,40527,35617
Ravi,Sidhnai H/W,30-07-2017,38790,33390
Ravi,Sidhnai H/W,31-07-2017,34841,33841
Ravi,Balloki H/W,1-08-2017,41915,15915
Ravi,Balloki H/W,2-08-2017,34755,12255
Ravi,Balloki H/W,3-08-2017,33206,14700
Ravi,Balloki H/W,4-08-2017,30406,17885
Ravi,Balloki H/W,5-08-2017,29167,16680
Ravi,Balloki H/W,6-08-2017,29480,15480
Ravi,Balloki H/W,7-08-2017,30490,15490
Ravi,Balloki H/W,8-08-2017,39455,19055
Ravi,Balloki H/W,9-08-2017,43825,21425
Ravi,Balloki H/W,10-08-2017,42763,20240
Ravi,Balloki H/W,11-08-2017,47891,24990
Ravi,Balloki H/W,12-08-2017,46531,28550
Ravi,Balloki H/W,13-08-2017,39493,21425
Ravi,Balloki H/W,14-08-2017,42994,24990
Ravi,Balloki H/W,15-08-2017,47877,29730
Ravi,Balloki H/W,16-08-2017,47945,28545
Ravi,Balloki H/W,17-08-2017,46879,27360
Ravi,Balloki H/W,18-08-2017,44790,24990
Ravi,Balloki H/W,19-08-2017,41197,21425
Ravi,Balloki H/W,20-08-2017,39144,19050
Ravi,Balloki H/W,21-08-2017,39250,19050
Ravi,Balloki H/W,22-08-2017,40440,20240
Ravi,Balloki H/W,23-08-2017,40440,20240
Ravi,Balloki H/W,24-08-2017,46389,26175
Ravi,Balloki H/W,25-08-2017,45043,24985
Ravi,Balloki H/W,26-08-2017,43800,23800
Ravi,Balloki H/W,27-08-2017,39251,19055
Ravi,Balloki H/W,28-08-2017,40489,20240
Ravi,Balloki H/W,29-08-2017,39690,15490
Ravi,Balloki H/W,30-08-2017,40505,14305
Ravi,Balloki H/W,31-08-2017,41934,13120
Ravi,Sidhnai H/W,1-08-2017,32959,32359
Ravi,Sidhnai H/W,2-08-2017,30560,29960
Ravi,Sidhnai H/W,3-08-2017,32787,32487
Ravi,Sidhnai H/W,4-08-2017,29078,26778
Ravi,Sidhnai H/W,5-08-2017,27863,23174
Ravi,Sidhnai H/W,6-08-2017,26710,19622
Ravi,Sidhnai H/W,7-08-2017,27474,17844
Ravi,Sidhnai H/W,8-08-2017,21160,10784
Ravi,Sidhnai H/W,9-08-2017,20507,9407
Ravi,Sidhnai H/W,10-08-2017,25315,13539
Ravi,Sidhnai H/W,11-08-2017,27778,15278
Ravi,Sidhnai H/W,12-08-2017,27947,15278
Ravi,Sidhnai H/W,13-08-2017,27075,13884
Ravi,Sidhnai H/W,14-08-2017,30854,19054
Ravi,Sidhnai H/W,15-08-2017,29390,16957
Ravi,Sidhnai H/W,16-08-2017,31119,23719
Ravi,Sidhnai H/W,17-08-2017,37892,27778
Ravi,Sidhnai H/W,18-08-2017,35569,23369
Ravi,Sidhnai H/W,19-08-2017,35973,23434
Ravi,Sidhnai H/W,20-08-2017,36451,23434
Ravi,Sidhnai H/W,21-08-2017,34304,21154
Ravi,Sidhnai H/W,22-08-2017,31525,18541
Ravi,Sidhnai H/W,23-08-2017,31541,18541
Ravi,Sidhnai H/W,24-08-2017,30760,17683
Ravi,Sidhnai H/W,25-08-2017,32377,19177
Ravi,Sidhnai H/W,26-08-2017,32457,19177
Ravi,Sidhnai H/W,27-08-2017,34127,20477
Ravi,Sidhnai H/W,28-08-2017,34222,20477
Ravi,Sidhnai H/W,29-08-2017,31032,17508
Ravi,Sidhnai H/W,30-08-2017,29512,15812
Ravi,Sidhnai H/W,31-08-2017,26562,13062
Ravi,Balloki H/W,1-09-2017,41145,10745
Ravi,Balloki H/W,2-09-2017,41145,10745
Ravi,Balloki H/W,3-09-2017,42325,11930
Ravi,Balloki H/W,4-09-2017,42323,11930
Ravi,Balloki H/W,5-09-2017,39958,9560
Ravi,Balloki H/W,6-09-2017,42330,11930
Ravi,Balloki H/W,7-09-2017,41155,10745
Ravi,Balloki H/W,8-09-2017,41148,10745
Ravi,Balloki H/W,9-09-2017,38775,8375
Ravi,Balloki H/W,10-09-2017,37639,7190
Ravi,Balloki H/W,11-09-2017,31625,1220
Ravi,Balloki H/W,12-09-2017,30392,NIL
Ravi,Balloki H/W,13-09-2017,29500,NIL
Ravi,Balloki H/W,14-09-2017,29834,NIL
Ravi,Balloki H/W,15-09-2017,30411,NIL
Ravi,Balloki H/W,16-09-2017,30413,NIL
Ravi,Balloki H/W,17-09-2017,31337,925
Ravi,Balloki H/W,18-09-2017,31048,620
Ravi,Balloki H/W,19-09-2017,30324,NIL
Ravi,Balloki H/W,20-09-2017,29500,NIL
Ravi,Balloki H/W,21-09-2017,28500,NIL
Ravi,Balloki H/W,22-09-2017,28000,NIL
Ravi,Balloki H/W,23-09-2017,31900,11900
Ravi,Balloki H/W,24-09-2017,49320,33320
Ravi,Balloki H/W,25-09-2017,70650,54650
Ravi,Balloki H/W,26-09-2017,48370,32370
Ravi,Balloki H/W,27-09-2017,34070,15070
Ravi,Balloki H/W,28-09-2017,30607,11610
Ravi,Balloki H/W,29-09-2017,28319,9300
Ravi,Balloki H/W,30-09-2017,25452,5940
Ravi,Sidhnai H/W,1-09-2017,26582,12832
Ravi,Sidhnai H/W,2-09-2017,23570,9632
Ravi,Sidhnai H/W,3-09-2017,23123,8991
Ravi,Sidhnai H/W,4-09-2017,21398,6998
Ravi,Sidhnai H/W,5-09-2017,18562,4160
Ravi,Sidhnai H/W,6-09-2017,19027,4627
Ravi,Sidhnai H/W,7-09-2017,17634,3305
Ravi,Sidhnai H/W,8-09-2017,17655,3305
Ravi,Sidhnai H/W,9-09-2017,17755,3305
Ravi,Sidhnai H/W,10-09-2017,17507,4298
Ravi,Sidhnai H/W,11-09-2017,16908,2658
Ravi,Sidhnai H/W,12-09-2017,16949,2658
Ravi,Sidhnai H/W,13-09-2017,16958,2658
Ravi,Sidhnai H/W,14-09-2017,14275,NIL
Ravi,Sidhnai H/W,15-09-2017,13624,NIL
Ravi,Sidhnai H/W,16-09-2017,13693,NIL
Ravi,Sidhnai H/W,17-09-2017,13695,NIL
Ravi,Sidhnai H/W,18-09-2017,13200,NIL
Ravi,Sidhnai H/W,19-09-2017,13170,NIL
Ravi,Sidhnai H/W,20-09-2017,13307,NIL
Ravi,Sidhnai H/W,21-09-2017,13565,NIL
Ravi,Sidhnai H/W,22-09-2017,13582,334
Ravi,Sidhnai H/W,23-09-2017,14108,5622
Ravi,Sidhnai H/W,24-09-2017,11061,661
Ravi,Sidhnai H/W,25-09-2017,16188,5288
Ravi,Sidhnai H/W,26-09-2017,31780,21380
Ravi,Sidhnai H/W,27-09-2017,38725,28175
Ravi,Sidhnai H/W,28-09-2017,44356,32720
Ravi,Sidhnai H/W,29-09-2017,31113,19248
Ravi,Sidhnai H/W,30-09-2017,22863,10588
Ravi,Balloki H/W,1-10-2017,22470,2970
Ravi,Balloki H/W,2-10-2017,21259,1780
Ravi,Balloki H/W,3-10-2017,18500,NIL
Ravi,Balloki H/W,4-10-2017,15100,NIL
Ravi,Balloki H/W,5-10-2017,14803,NIL
Ravi,Balloki H/W,6-10-2017,16185,NIL
Ravi,Balloki H/W,7-10-2017,17504,NIL
Ravi,Balloki H/W,8-10-2017,19400,NIL
Ravi,Balloki H/W,9-10-2017,21155,1155
Ravi,Balloki H/W,10-10-2017,21394,1155
Ravi,Balloki H/W,11-10-2017,20200,NIL
Ravi,Balloki H/W,12-10-2017,21336,1155
Ravi,Balloki H/W,13-10-2017,21373,1155
Ravi,Balloki H/W,14-10-2017,20292,NIL
Ravi,Balloki H/W,15-10-2017,18599,NIL
Ravi,Balloki H/W,16-10-2017,18959,3460
Ravi,Balloki H/W,17-10-2017,21370,7870
Ravi,Balloki H/W,18-10-2017,20515,4515
Ravi,Balloki H/W,19-10-2017,17730,1730
Ravi,Balloki H/W,20-10-2017,15912,NIL
Ravi,Balloki H/W,21-10-2017,15253,1225
Ravi,Balloki H/W,22-10-2017,13986,NIL
Ravi,Balloki H/W,23-10-2017,14000,NIL
Ravi,Balloki H/W,24-10-2017,13000,NIL
Ravi,Balloki H/W,25-10-2017,13000,NIL
Ravi,Balloki H/W,26-10-2017,13000,NIL
Ravi,Balloki H/W,27-10-2017,13500,NIL
Ravi,Balloki H/W,28-10-2017,14013,NIL
Ravi,Balloki H/W,29-10-2017,14008,NIL
Ravi,Balloki H/W,30-10-2017,14000,NIL
Ravi,Balloki H/W,31-10-2017,17000,NIL
Ravi,Sidhnai H/W,1-10-2017,22781,10264
Ravi,Sidhnai H/W,2-10-2017,20699,7360
Ravi,Sidhnai H/W,3-10-2017,17191,3661
Ravi,Sidhnai H/W,4-10-2017,17011,3661
Ravi,Sidhnai H/W,5-10-2017,13987,661
Ravi,Sidhnai H/W,6-10-2017,13811,661
Ravi,Sidhnai H/W,7-10-2017,13128,NIL
Ravi,Sidhnai H/W,8-10-2017,12650,NIL
Ravi,Sidhnai H/W,9-10-2017,12350,NIL
Ravi,Sidhnai H/W,10-10-2017,12294,NIL
Ravi,Sidhnai H/W,11-10-2017,12000,NIL
Ravi,Sidhnai H/W,12-10-2017,12478,NIL
Ravi,Sidhnai H/W,13-10-2017,12481,NIL
Ravi,Sidhnai H/W,14-10-2017,12800,NIL
Ravi,Sidhnai H/W,15-10-2017,12832,NIL
Ravi,Sidhnai H/W,16-10-2017,12727,4549
Ravi,Sidhnai H/W,17-10-2017,10436,3966
Ravi,Sidhnai H/W,18-10-2017,10800,4300
Ravi,Sidhnai H/W,19-10-2017,10800,4300
Ravi,Sidhnai H/W,20-10-2017,13051,6610
Ravi,Sidhnai H/W,21-10-2017,13686,8186
Ravi,Sidhnai H/W,22-10-2017,13661,8186
Ravi,Sidhnai H/W,23-10-2017,10744,5244
Ravi,Sidhnai H/W,24-10-2017,10744,5244
Ravi,Sidhnai H/W,25-10-2017,9722,4222
Ravi,Sidhnai H/W,26-10-2017,10031,4550
Ravi,Sidhnai H/W,27-10-2017,9686,4222
Ravi,Sidhnai H/W,28-10-2017,10050,4550
Ravi,Sidhnai H/W,29-10-2017,10006,4550
Ravi,Sidhnai H/W,30-10-2017,10037,4550
Ravi,Sidhnai H/W,31-10-2017,10050,4550
Ravi,Balloki H/W,1-11-2017,18000,NIL
Ravi,Balloki H/W,2-11-2017,18000,NIL
Ravi,Balloki H/W,3-11-2017,17802,NIL
Ravi,Balloki H/W,4-11-2017,18344,NIL
Ravi,Balloki H/W,5-11-2017,18013,NIL
Ravi,Balloki H/W,6-11-2017,18048,NIL
Ravi,Balloki H/W,7-11-2017,18016,NIL
Ravi,Balloki H/W,8-11-2017,18000,NIL
Ravi,Balloki H/W,9-11-2017,17700,NIL
Ravi,Balloki H/W,10-11-2017,17495,NIL
Ravi,Balloki H/W,11-11-2017,17530,NIL
Ravi,Balloki H/W,12-11-2017,17503,NIL
Ravi,Balloki H/W,13-11-2017,17841,NIL
Ravi,Balloki H/W,14-11-2017,17312,NIL
Ravi,Balloki H/W,15-11-2017,17300,NIL
Ravi,Balloki H/W,16-11-2017,17300,NIL
Ravi,Balloki H/W,17-11-2017,16821,NIL
Ravi,Balloki H/W,18-11-2017,17007,NIL
Ravi,Balloki H/W,19-11-2017,17031,NIL
Ravi,Balloki H/W,20-11-2017,17086,NIL
Ravi,Balloki H/W,21-11-2017,16900,NIL
Ravi,Balloki H/W,22-11-2017,16900,NIL
Ravi,Balloki H/W,23-11-2017,16901,NIL
Ravi,Balloki H/W,24-11-2017,16927,NIL
Ravi,Balloki H/W,25-11-2017,16398,NIL
Ravi,Balloki H/W,26-11-2017,15500,NIL
Ravi,Balloki H/W,27-11-2017,15519,NIL
Ravi,Balloki H/W,28-11-2017,15516,NIL
Ravi,Balloki H/W,29-11-2017,15500,NIL
Ravi,Balloki H/W,30-11-2017,14568,NIL
Ravi,Sidhnai H/W,1-11-2017,9722,4222
Ravi,Sidhnai H/W,2-11-2017,8802,3305
Ravi,Sidhnai H/W,3-11-2017,8227,1983
Ravi,Sidhnai H/W,4-11-2017,8417,2317
Ravi,Sidhnai H/W,5-11-2017,8249,1983
Ravi,Sidhnai H/W,6-11-2017,8844,2644
Ravi,Sidhnai H/W,7-11-2017,8692,2644
Ravi,Sidhnai H/W,8-11-2017,8417,2317
Ravi,Sidhnai H/W,9-11-2017,8374,2317
Ravi,Sidhnai H/W,10-11-2017,7914,1656
Ravi,Sidhnai H/W,11-11-2017,7956,1656
Ravi,Sidhnai H/W,12-11-2017,8605,2317
Ravi,Sidhnai H/W,13-11-2017,8617,2317
Ravi,Sidhnai H/W,14-11-2017,9592,3305
Ravi,Sidhnai H/W,15-11-2017,10266,3966
Ravi,Sidhnai H/W,16-11-2017,10500,NIL
Ravi,Sidhnai H/W,17-11-2017,11169,NIL
Ravi,Sidhnai H/W,18-11-2017,11140,NIL
Ravi,Sidhnai H/W,19-11-2017,10750,NIL
Ravi,Sidhnai H/W,20-11-2017,11305,NIL
Ravi,Sidhnai H/W,21-11-2017,11363,NIL
Ravi,Sidhnai H/W,22-11-2017,11250,NIL
Ravi,Sidhnai H/W,23-11-2017,11333,NIL
Ravi,Sidhnai H/W,24-11-2017,11340,NIL
Ravi,Sidhnai H/W,25-11-2017,11350,NIL
Ravi,Sidhnai H/W,26-11-2017,11217,NIL
Ravi,Sidhnai H/W,27-11-2017,11438,NIL
Ravi,Sidhnai H/W,28-11-2017,11242,NIL
Ravi,Sidhnai H/W,29-11-2017,11250,NIL
Ravi,Sidhnai H/W,30-11-2017,11250,NIL
Ravi,Balloki H/W,1-12-2017,14502,NIL
Ravi,Balloki H/W,2-12-2017,13944,NIL
Ravi,Balloki H/W,3-12-2017,15270,NIL
Ravi,Balloki H/W,4-12-2017,16000,NIL
Ravi,Balloki H/W,5-12-2017,17021,NIL
Ravi,Balloki H/W,6-12-2017,18000,NIL
Ravi,Balloki H/W,7-12-2017,18013,NIL
Ravi,Balloki H/W,8-12-2017,17951,NIL
Ravi,Balloki H/W,9-12-2017,18000,NIL
Ravi,Balloki H/W,10-12-2017,18016,NIL
Ravi,Balloki H/W,11-12-2017,17998,NIL
Ravi,Balloki H/W,12-12-2017,17986,NIL
Ravi,Balloki H/W,13-12-2017,18000,NIL
Ravi,Balloki H/W,14-12-2017,18013,NIL
Ravi,Balloki H/W,15-12-2017,19571,NIL
Ravi,Balloki H/W,16-12-2017,18099,NIL
Ravi,Balloki H/W,17-12-2017,18221,NIL
Ravi,Balloki H/W,18-12-2017,17704,NIL
Ravi,Balloki H/W,19-12-2017,14193,NIL
Ravi,Balloki H/W,20-12-2017,10000,NIL
Ravi,Balloki H/W,21-12-2017,10618,NIL
Ravi,Balloki H/W,22-12-2017,10565,NIL
Ravi,Balloki H/W,23-12-2017,10988,NIL
Ravi,Balloki H/W,24-12-2017,11006,NIL
Ravi,Balloki H/W,25-12-2017,9571,NIL
Ravi,Balloki H/W,26-12-2017,9500,NIL
Ravi,Balloki H/W,27-12-2017,7000,NIL
Ravi,Balloki H/W,28-12-2017,5000,NIL
Ravi,Balloki H/W,29-12-2017,3285,3285
Ravi,Balloki H/W,30-12-2017,3135,3135
Ravi,Balloki H/W,31-12-2017,3140,3140
Ravi,Sidhnai H/W,1-12-2017,11377,4627
Ravi,Sidhnai H/W,2-12-2017,9582,2644
Ravi,Sidhnai H/W,3-12-2017,8102,661
Ravi,Sidhnai H/W,4-12-2017,8011,661
Ravi,Sidhnai H/W,5-12-2017,7673,995
Ravi,Sidhnai H/W,6-12-2017,7561,661
Ravi,Sidhnai H/W,7-12-2017,7461,661
Ravi,Sidhnai H/W,8-12-2017,7832,995
Ravi,Sidhnai H/W,9-12-2017,7767,995
Ravi,Sidhnai H/W,10-12-2017,7096,334
Ravi,Sidhnai H/W,11-12-2017,7783,995
Ravi,Sidhnai H/W,12-12-2017,6687,NIL
Ravi,Sidhnai H/W,13-12-2017,6700,NIL
Ravi,Sidhnai H/W,14-12-2017,6688,NIL
Ravi,Sidhnai H/W,15-12-2017,6832,NIL
Ravi,Sidhnai H/W,16-12-2017,6000,NIL
Ravi,Sidhnai H/W,17-12-2017,6459,NIL
Ravi,Sidhnai H/W,18-12-2017,7895,995
Ravi,Sidhnai H/W,19-12-2017,7458,661
Ravi,Sidhnai H/W,20-12-2017,7695,995
Ravi,Sidhnai H/W,21-12-2017,7658,995
Ravi,Sidhnai H/W,22-12-2017,7677,995
Ravi,Sidhnai H/W,23-12-2017,8011,1322
Ravi,Sidhnai H/W,24-12-2017,7695,995
Ravi,Sidhnai H/W,25-12-2017,7922,1322
Ravi,Sidhnai H/W,26-12-2017,6929,334
Ravi,Sidhnai H/W,27-12-2017,7922,1322
Ravi,Sidhnai H/W,28-12-2017,6900,334
Ravi,Sidhnai H/W,29-12-2017,5500,NIL
Ravi,Sidhnai H/W,30-12-2017,5517,NIL
Ravi,Sidhnai H/W,31-12-2017,8417,2317
Sutlej,Suleimanki H/W,1-01-2017,815,815
Sutlej,Suleimanki H/W,2-01-2017,815,815
Sutlej,Suleimanki H/W,3-01-2017,815,815
Sutlej,Suleimanki H/W,4-01-2017,815,815
Sutlej,Suleimanki H/W,5-01-2017,815,815
Sutlej,Suleimanki H/W,6-01-2017,815,815
Sutlej,Suleimanki H/W,7-01-2017,815,815
Sutlej,Suleimanki H/W,8-01-2017,815,815
Sutlej,Suleimanki H/W,9-01-2017,815,815
Sutlej,Suleimanki H/W,10-01-2017,815,815
Sutlej,Suleimanki H/W,11-01-2017,815,815
Sutlej,Suleimanki H/W,12-01-2017,815,815
Sutlej,Suleimanki H/W,13-01-2017,815,815
Sutlej,Suleimanki H/W,14-01-2017,815,815
Sutlej,Suleimanki H/W,15-01-2017,815,815
Sutlej,Suleimanki H/W,16-01-2017,815,815
Sutlej,Suleimanki H/W,17-01-2017,815,815
Sutlej,Suleimanki H/W,18-01-2017,815,815
Sutlej,Suleimanki H/W,19-01-2017,815,815
Sutlej,Suleimanki H/W,20-01-2017,815,815
Sutlej,Suleimanki H/W,21-01-2017,709,709
Sutlej,Suleimanki H/W,22-01-2017,709,709
Sutlej,Suleimanki H/W,23-01-2017,709,709
Sutlej,Suleimanki H/W,24-01-2017,709,709
Sutlej,Suleimanki H/W,25-01-2017,709,709
Sutlej,Suleimanki H/W,26-01-2017,709,709
Sutlej,Suleimanki H/W,27-01-2017,709,709
Sutlej,Suleimanki H/W,28-01-2017,709,709
Sutlej,Suleimanki H/W,29-01-2017,709,709
Sutlej,Suleimanki H/W,30-01-2017,709,709
Sutlej,Suleimanki H/W,31-01-2017,709,709
Sutlej,Islam H/W,1-01-2017,485,NIL
Sutlej,Islam H/W,2-01-2017,485,NIL
Sutlej,Islam H/W,3-01-2017,485,NIL
Sutlej,Islam H/W,4-01-2017,1025,NIL
Sutlej,Islam H/W,5-01-2017,1025,NIL
Sutlej,Islam H/W,6-01-2017,1025,NIL
Sutlej,Islam H/W,7-01-2017,1025,NIL
Sutlej,Islam H/W,8-01-2017,1025,NIL
Sutlej,Islam H/W,9-01-2017,1025,NIL
Sutlej,Islam H/W,10-01-2017,1032,NIL
Sutlej,Islam H/W,11-01-2017,854,NIL
Sutlej,Islam H/W,12-01-2017,854,NIL
Sutlej,Islam H/W,13-01-2017,712,712
Sutlej,Islam H/W,14-01-2017,712,712
Sutlej,Islam H/W,15-01-2017,712,712
Sutlej,Islam H/W,16-01-2017,712,712
Sutlej,Islam H/W,17-01-2017,712,712
Sutlej,Islam H/W,18-01-2017,712,712
Sutlej,Islam H/W,19-01-2017,712,712
Sutlej,Islam H/W,20-01-2017,712,712
Sutlej,Islam H/W,21-01-2017,712,712
Sutlej,Islam H/W,22-01-2017,712,712
Sutlej,Islam H/W,23-01-2017,712,712
Sutlej,Islam H/W,24-01-2017,712,712
Sutlej,Islam H/W,25-01-2017,195,195
Sutlej,Islam H/W,26-01-2017,NIL,NIL
Sutlej,Islam H/W,27-01-2017,NIL,NIL
Sutlej,Islam H/W,28-01-2017,NIL,NIL
Sutlej,Islam H/W,29-01-2017,NIL,NIL
Sutlej,Islam H/W,30-01-2017,NIL,NIL
Sutlej,Islam H/W,31-01-2017,NIL,NIL
Sutlej,Suleimanki H/W,1-02-2017,709,709
Sutlej,Suleimanki H/W,2-02-2017,709,709
Sutlej,Suleimanki H/W,3-02-2017,1700,NIL
Sutlej,Suleimanki H/W,4-02-2017,2232,NIL
Sutlej,Suleimanki H/W,5-02-2017,4899,2367
Sutlej,Suleimanki H/W,6-02-2017,5584,1567
Sutlej,Suleimanki H/W,7-02-2017,6585,681
Sutlej,Suleimanki H/W,8-02-2017,6612,NIL
Sutlej,Suleimanki H/W,9-02-2017,6470,NIL
Sutlej,Suleimanki H/W,10-02-2017,6608,NIL
Sutlej,Suleimanki H/W,11-02-2017,7262,NIL
Sutlej,Suleimanki H/W,12-02-2017,7649,NIL
Sutlej,Suleimanki H/W,13-02-2017,7717,NIL
Sutlej,Suleimanki H/W,14-02-2017,8307,NIL
Sutlej,Suleimanki H/W,15-02-2017,8363,NIL
Sutlej,Suleimanki H/W,16-02-2017,8529,NIL
Sutlej,Suleimanki H/W,17-02-2017,8579,NIL
Sutlej,Suleimanki H/W,18-02-2017,8509,NIL
Sutlej,Suleimanki H/W,19-02-2017,9721,1009
Sutlej,Suleimanki H/W,20-02-2017,10032,1009
Sutlej,Suleimanki H/W,21-02-2017,10268,1357
Sutlej,Suleimanki H/W,22-02-2017,10940,2029
Sutlej,Suleimanki H/W,23-02-2017,10940,2029
Sutlej,Suleimanki H/W,24-02-2017,11034,1981
Sutlej,Suleimanki H/W,25-02-2017,11311,2549
Sutlej,Suleimanki H/W,26-02-2017,10725,1963
Sutlej,Suleimanki H/W,27-02-2017,10775,1963
Sutlej,Suleimanki H/W,28-02-2017,10775,1963
Sutlej,Islam H/W,1-02-2017,652,652
Sutlej,Islam H/W,2-02-2017,652,652
Sutlej,Islam H/W,3-02-2017,652,652
Sutlej,Islam H/W,4-02-2017,652,652
Sutlej,Islam H/W,5-02-2017,435,435
Sutlej,Islam H/W,6-02-2017,435,435
Sutlej,Islam H/W,7-02-2017,NIL,NIL
Sutlej,Islam H/W,8-02-2017,NIL,NIL
Sutlej,Islam H/W,9-02-2017,NIL,NIL
Sutlej,Islam H/W,10-02-2017,NIL,NIL
Sutlej,Islam H/W,11-02-2017,NIL,NIL
Sutlej,Islam H/W,12-02-2017,NIL,NIL
Sutlej,Islam H/W,13-02-2017,NIL,NIL
Sutlej,Islam H/W,14-02-2017,NIL,NIL
Sutlej,Islam H/W,15-02-2017,NIL,NIL
Sutlej,Islam H/W,16-02-2017,NIL,NIL
Sutlej,Islam H/W,17-02-2017,NIL,NIL
Sutlej,Islam H/W,18-02-2017,NIL,NIL
Sutlej,Islam H/W,19-02-2017,NIL,NIL
Sutlej,Islam H/W,20-02-2017,NIL,NIL
Sutlej,Islam H/W,21-02-2017,NIL,NIL
Sutlej,Islam H/W,22-02-2017,NIL,NIL
Sutlej,Islam H/W,23-02-2017,NIL,NIL
Sutlej,Islam H/W,24-02-2017,NIL,NIL
Sutlej,Islam H/W,25-02-2017,NIL,NIL
Sutlej,Islam H/W,26-02-2017,950,NIL
Sutlej,Islam H/W,27-02-2017,966,NIL
Sutlej,Islam H/W,28-02-2017,1024,NIL
Sutlej,Suleimanki H/W,1-03-2017,12128,3427
Sutlej,Suleimanki H/W,2-03-2017,12221,8367
Sutlej,Suleimanki H/W,3-03-2017,12221,8367
Sutlej,Suleimanki H/W,4-03-2017,12164,7797
Sutlej,Suleimanki H/W,5-03-2017,12283,7074
Sutlej,Suleimanki H/W,6-03-2017,12705,9201
Sutlej,Suleimanki H/W,7-03-2017,12881,8977
Sutlej,Suleimanki H/W,8-03-2017,12863,11863
Sutlej,Suleimanki H/W,9-03-2017,12863,11863
Sutlej,Suleimanki H/W,10-03-2017,8631,6567
Sutlej,Suleimanki H/W,11-03-2017,8767,5563
Sutlej,Suleimanki H/W,12-03-2017,8811,5107
Sutlej,Suleimanki H/W,13-03-2017,8810,4593
Sutlej,Suleimanki H/W,14-03-2017,8818,3809
Sutlej,Suleimanki H/W,15-03-2017,8795,4379
Sutlej,Suleimanki H/W,16-03-2017,8920,8413
Sutlej,Suleimanki H/W,17-03-2017,8920,8413
Sutlej,Suleimanki H/W,18-03-2017,8920,8413
Sutlej,Suleimanki H/W,19-03-2017,8920,8413
Sutlej,Suleimanki H/W,20-03-2017,8896,8209
Sutlej,Suleimanki H/W,21-03-2017,8839,6529
Sutlej,Suleimanki H/W,22-03-2017,16465,12961
Sutlej,Suleimanki H/W,23-03-2017,15446,10829
Sutlej,Suleimanki H/W,24-03-2017,10042,4925
Sutlej,Suleimanki H/W,25-03-2017,9542,3337
Sutlej,Suleimanki H/W,26-03-2017,9642,3337
Sutlej,Suleimanki H/W,27-03-2017,9614,3513
Sutlej,Suleimanki H/W,28-03-2017,9634,3129
Sutlej,Suleimanki H/W,29-03-2017,9530,3129
Sutlej,Suleimanki H/W,30-03-2017,9780,3129
Sutlej,Suleimanki H/W,31-03-2017,9830,3129
Sutlej,Islam H/W,1-03-2017,950,NIL
Sutlej,Islam H/W,2-03-2017,NIL,NIL
Sutlej,Islam H/W,3-03-2017,NIL,NIL
Sutlej,Islam H/W,4-03-2017,712,712
Sutlej,Islam H/W,5-03-2017,7533,7533
Sutlej,Islam H/W,6-03-2017,7533,7533
Sutlej,Islam H/W,7-03-2017,7855,7855
Sutlej,Islam H/W,8-03-2017,8712,8712
Sutlej,Islam H/W,9-03-2017,9849,9849
Sutlej,Islam H/W,10-03-2017,10345,10345
Sutlej,Islam H/W,11-03-2017,10345,10345
Sutlej,Islam H/W,12-03-2017,8060,8060
Sutlej,Islam H/W,13-03-2017,7190,7190
Sutlej,Islam H/W,14-03-2017,7140,6390
Sutlej,Islam H/W,15-03-2017,6390,6390
Sutlej,Islam H/W,16-03-2017,4154,4154
Sutlej,Islam H/W,17-03-2017,4154,4154
Sutlej,Islam H/W,18-03-2017,6390,6390
Sutlej,Islam H/W,19-03-2017,6390,6390
Sutlej,Islam H/W,20-03-2017,8410,8410
Sutlej,Islam H/W,21-03-2017,8410,8410
Sutlej,Islam H/W,22-03-2017,8410,8410
Sutlej,Islam H/W,23-03-2017,8410,8410
Sutlej,Islam H/W,24-03-2017,8712,8712
Sutlej,Islam H/W,25-03-2017,8712,8712
Sutlej,Islam H/W,26-03-2017,8410,8410
Sutlej,Islam H/W,27-03-2017,7855,7855
Sutlej,Islam H/W,28-03-2017,7533,7533
Sutlej,Islam H/W,29-03-2017,7533,7533
Sutlej,Islam H/W,30-03-2017,6390,6390
Sutlej,Islam H/W,31-03-2017,6390,6390
Sutlej,Suleimanki H/W,1-04-2017,9830,3129
Sutlej,Suleimanki H/W,2-04-2017,9972,3913
Sutlej,Suleimanki H/W,3-04-2017,10589,7079
Sutlej,Suleimanki H/W,4-04-2017,10623,6813
Sutlej,Suleimanki H/W,5-04-2017,9003,5093
Sutlej,Suleimanki H/W,6-04-2017,9119,4663
Sutlej,Suleimanki H/W,7-04-2017,11021,7317
Sutlej,Suleimanki H/W,8-04-2017,11353,8149
Sutlej,Suleimanki H/W,9-04-2017,11413,7809
Sutlej,Suleimanki H/W,10-04-2017,11337,7513
Sutlej,Suleimanki H/W,11-04-2017,13361,8957
Sutlej,Suleimanki H/W,12-04-2017,13061,8957
Sutlej,Suleimanki H/W,13-04-2017,13531,8727
Sutlej,Suleimanki H/W,14-04-2017,13538,8071
Sutlej,Suleimanki H/W,15-04-2017,13682,7723
Sutlej,Suleimanki H/W,16-04-2017,13029,6431
Sutlej,Suleimanki H/W,17-04-2017,13036,6431
Sutlej,Suleimanki H/W,18-04-2017,14877,7365
Sutlej,Suleimanki H/W,19-04-2017,15374,7812
Sutlej,Suleimanki H/W,20-04-2017,14976,6713
Sutlej,Suleimanki H/W,21-04-2017,14934,6713
Sutlej,Suleimanki H/W,22-04-2017,14934,6713
Sutlej,Suleimanki H/W,23-04-2017,14725,6713
Sutlej,Suleimanki H/W,24-04-2017,15427,7365
Sutlej,Suleimanki H/W,25-04-2017,15577,7365
Sutlej,Suleimanki H/W,26-04-2017,15577,7365
Sutlej,Suleimanki H/W,27-04-2017,12438,4167
Sutlej,Suleimanki H/W,28-04-2017,12316,4006
Sutlej,Suleimanki H/W,29-04-2017,12767,4357
Sutlej,Suleimanki H/W,30-04-2017,13453,4644
Sutlej,Islam H/W,1-04-2017,2070,720
Sutlej,Islam H/W,2-04-2017,1745,720
Sutlej,Islam H/W,3-04-2017,1745,720
Sutlej,Islam H/W,4-04-2017,720,720
Sutlej,Islam H/W,5-04-2017,1345,720
Sutlej,Islam H/W,6-04-2017,3690,2540
Sutlej,Islam H/W,7-04-2017,4679,4154
Sutlej,Islam H/W,8-04-2017,4154,4154
Sutlej,Islam H/W,9-04-2017,4154,4154
Sutlej,Islam H/W,10-04-2017,6390,6390
Sutlej,Islam H/W,11-04-2017,6838,5313
Sutlej,Islam H/W,12-04-2017,5838,5313
Sutlej,Islam H/W,13-04-2017,7715,7190
Sutlej,Islam H/W,14-04-2017,8190,6390
Sutlej,Islam H/W,15-04-2017,8340,6390
Sutlej,Islam H/W,16-04-2017,8340,6390
Sutlej,Islam H/W,17-04-2017,5604,4154
Sutlej,Islam H/W,18-04-2017,5604,4154
Sutlej,Islam H/W,19-04-2017,5299,2849
Sutlej,Islam H/W,20-04-2017,5309,2849
Sutlej,Islam H/W,21-04-2017,4549,2099
Sutlej,Islam H/W,22-04-2017,4549,2099
Sutlej,Islam H/W,23-04-2017,4711,2261
Sutlej,Islam H/W,24-04-2017,4711,2261
Sutlej,Islam H/W,25-04-2017,4711,2261
Sutlej,Islam H/W,26-04-2017,2450,NIL
Sutlej,Islam H/W,27-04-2017,2450,NIL
Sutlej,Islam H/W,28-04-2017,2350,NIL
Sutlej,Islam H/W,29-04-2017,2400,NIL
Sutlej,Islam H/W,30-04-2017,2500,NIL
Sutlej,Suleimanki H/W,1-05-2017,13376,3617
Sutlej,Suleimanki H/W,2-05-2017,13575,3617
Sutlej,Suleimanki H/W,3-05-2017,13575,3617
Sutlej,Suleimanki H/W,4-05-2017,12838,2880
Sutlej,Suleimanki H/W,5-05-2017,13082,2617
Sutlej,Suleimanki H/W,6-05-2017,13312,2647
Sutlej,Suleimanki H/W,7-05-2017,12561,1709
Sutlej,Suleimanki H/W,8-05-2017,12661,1709
Sutlej,Suleimanki H/W,9-05-2017,13605,2503
Sutlej,Suleimanki H/W,10-05-2017,14299,2963
Sutlej,Suleimanki H/W,11-05-2017,14289,2963
Sutlej,Suleimanki H/W,12-05-2017,14239,2963
Sutlej,Suleimanki H/W,13-05-2017,14289,2963
Sutlej,Suleimanki H/W,14-05-2017,14327,2713
Sutlej,Suleimanki H/W,15-05-2017,14656,2883
Sutlej,Suleimanki H/W,16-05-2017,14839,3066
Sutlej,Suleimanki H/W,17-05-2017,14839,3066
Sutlej,Suleimanki H/W,18-05-2017,15039,2963
Sutlej,Suleimanki H/W,19-05-2017,15039,2963
Sutlej,Suleimanki H/W,20-05-2017,15241,2963
Sutlej,Suleimanki H/W,21-05-2017,14823,2647
Sutlej,Suleimanki H/W,22-05-2017,15293,3013
Sutlej,Suleimanki H/W,23-05-2017,14954,2647
Sutlej,Suleimanki H/W,24-05-2017,15245,3069
Sutlej,Suleimanki H/W,25-05-2017,15323,3069
Sutlej,Suleimanki H/W,26-05-2017,15323,3069
Sutlej,Suleimanki H/W,27-05-2017,14951,2647
Sutlej,Suleimanki H/W,28-05-2017,14145,1841
Sutlej,Suleimanki H/W,29-05-2017,14113,1703
Sutlej,Suleimanki H/W,30-05-2017,14984,2467
Sutlej,Suleimanki H/W,31-05-2017,14220,1703
Sutlej,Islam H/W,1-05-2017,2450,NIL
Sutlej,Islam H/W,2-05-2017,2500,NIL
Sutlej,Islam H/W,3-05-2017,2500,NIL
Sutlej,Islam H/W,4-05-2017,2500,NIL
Sutlej,Islam H/W,5-05-2017,2550,NIL
Sutlej,Islam H/W,6-05-2017,2550,NIL
Sutlej,Islam H/W,7-05-2017,1550,NIL
Sutlej,Islam H/W,8-05-2017,1550,NIL
Sutlej,Islam H/W,9-05-2017,1050,NIL
Sutlej,Islam H/W,10-05-2017,1051,NIL
Sutlej,Islam H/W,11-05-2017,525,NIL
Sutlej,Islam H/W,12-05-2017,475,NIL
Sutlej,Islam H/W,13-05-2017,475,NIL
Sutlej,Islam H/W,14-05-2017,475,NIL
Sutlej,Islam H/W,15-05-2017,1000,NIL
Sutlej,Islam H/W,16-05-2017,1000,NIL
Sutlej,Islam H/W,17-05-2017,1000,NIL
Sutlej,Islam H/W,18-05-2017,675,NIL
Sutlej,Islam H/W,19-05-2017,675,NIL
Sutlej,Islam H/W,20-05-2017,1196,NIL
Sutlej,Islam H/W,21-05-2017,1200,NIL
Sutlej,Islam H/W,22-05-2017,1225,NIL
Sutlej,Islam H/W,23-05-2017,1225,NIL
Sutlej,Islam H/W,24-05-2017,1225,NIL
Sutlej,Islam H/W,25-05-2017,1225,NIL
Sutlej,Islam H/W,26-05-2017,1225,NIL
Sutlej,Islam H/W,27-05-2017,1225,NIL
Sutlej,Islam H/W,28-05-2017,550,NIL
Sutlej,Islam H/W,29-05-2017,550,NIL
Sutlej,Islam H/W,30-05-2017,550,NIL
Sutlej,Islam H/W,31-05-2017,550,NIL
Sutlej,Suleimanki H/W,1-06-2017,14220,1703
Sutlej,Suleimanki H/W,2-06-2017,14497,2467
Sutlej,Suleimanki H/W,3-06-2017,14220,1703
Sutlej,Suleimanki H/W,4-06-2017,14329,1703
Sutlej,Suleimanki H/W,5-06-2017,15228,2602
Sutlej,Suleimanki H/W,6-06-2017,15200,2602
Sutlej,Suleimanki H/W,7-06-2017,15228,2602
Sutlej,Suleimanki H/W,8-06-2017,15228,2602
Sutlej,Suleimanki H/W,9-06-2017,15277,2633
Sutlej,Suleimanki H/W,10-06-2017,16443,3601
Sutlej,Suleimanki H/W,11-06-2017,15563,2633
Sutlej,Suleimanki H/W,12-06-2017,15523,4963
Sutlej,Suleimanki H/W,13-06-2017,15664,3601
Sutlej,Suleimanki H/W,14-06-2017,16237,3813
Sutlej,Suleimanki H/W,15-06-2017,16601,3813
Sutlej,Suleimanki H/W,16-06-2017,16650,3601
Sutlej,Suleimanki H/W,17-06-2017,16843,3601
Sutlej,Suleimanki H/W,18-06-2017,16843,3601
Sutlej,Suleimanki H/W,19-06-2017,16962,3601
Sutlej,Suleimanki H/W,20-06-2017,17535,4001
Sutlej,Suleimanki H/W,21-06-2017,17293,4001
Sutlej,Suleimanki H/W,22-06-2017,17293,4001
Sutlej,Suleimanki H/W,23-06-2017,17590,4298
Sutlej,Suleimanki H/W,24-06-2017,17590,4298
Sutlej,Suleimanki H/W,25-06-2017,17941,4842
Sutlej,Suleimanki H/W,26-06-2017,18273,4842
Sutlej,Suleimanki H/W,27-06-2017,18273,4842
Sutlej,Suleimanki H/W,28-06-2017,18323,4842
Sutlej,Suleimanki H/W,29-06-2017,18323,4842
Sutlej,Suleimanki H/W,30-06-2017,18323,4842
Sutlej,Islam H/W,1-06-2017,1250,NIL
Sutlej,Islam H/W,2-06-2017,1250,NIL
Sutlej,Islam H/W,3-06-2017,1250,NIL
Sutlej,Islam H/W,4-06-2017,1275,NIL
Sutlej,Islam H/W,5-06-2017,1575,NIL
Sutlej,Islam H/W,6-06-2017,1575,NIL
Sutlej,Islam H/W,7-06-2017,1575,NIL
Sutlej,Islam H/W,8-06-2017,1775,NIL
Sutlej,Islam H/W,9-06-2017,1775,NIL
Sutlej,Islam H/W,10-06-2017,2079,NIL
Sutlej,Islam H/W,11-06-2017,2075,NIL
Sutlej,Islam H/W,12-06-2017,2075,NIL
Sutlej,Islam H/W,13-06-2017,2075,NIL
Sutlej,Islam H/W,14-06-2017,1075,NIL
Sutlej,Islam H/W,15-06-2017,550,NIL
Sutlej,Islam H/W,16-06-2017,550,NIL
Sutlej,Islam H/W,17-06-2017,1575,NIL
Sutlej,Islam H/W,18-06-2017,2575,NIL
Sutlej,Islam H/W,19-06-2017,2575,NIL
Sutlej,Islam H/W,20-06-2017,2440,NIL
Sutlej,Islam H/W,21-06-2017,2550,NIL
Sutlej,Islam H/W,22-06-2017,2075,NIL
Sutlej,Islam H/W,23-06-2017,2075,NIL
Sutlej,Islam H/W,24-06-2017,525,NIL
Sutlej,Islam H/W,25-06-2017,525,NIL
Sutlej,Islam H/W,26-06-2017,2550,NIL
Sutlej,Islam H/W,27-06-2017,2550,NIL
Sutlej,Islam H/W,28-06-2017,2575,NIL
Sutlej,Islam H/W,29-06-2017,2375,NIL
Sutlej,Islam H/W,30-06-2017,2375,NIL
Sutlej,Suleimanki H/W,1-07-2017,18350,5063
Sutlej,Suleimanki H/W,2-07-2017,18350,5063
Sutlej,Suleimanki H/W,3-07-2017,18456,5317
Sutlej,Suleimanki H/W,4-07-2017,18456,5317
Sutlej,Suleimanki H/W,5-07-2017,18268,8079
Sutlej,Suleimanki H/W,6-07-2017,18366,5927
Sutlej,Suleimanki H/W,7-07-2017,18607,7137
Sutlej,Suleimanki H/W,8-07-2017,18760,7137
Sutlej,Suleimanki H/W,9-07-2017,18359,5809
Sutlej,Suleimanki H/W,10-07-2017,18779,5809
Sutlej,Suleimanki H/W,11-07-2017,18642,8429
Sutlej,Suleimanki H/W,12-07-2017,18938,8009
Sutlej,Suleimanki H/W,13-07-2017,19838,9008
Sutlej,Suleimanki H/W,14-07-2017,19555,8023
Sutlej,Suleimanki H/W,15-07-2017,20185,8009
Sutlej,Suleimanki H/W,16-07-2017,20185,8009
Sutlej,Suleimanki H/W,17-07-2017,21361,9903
Sutlej,Suleimanki H/W,18-07-2017,21558,10625
Sutlej,Suleimanki H/W,19-07-2017,19832,8009
Sutlej,Suleimanki H/W,20-07-2017,16985,4557
Sutlej,Suleimanki H/W,21-07-2017,16976,4267
Sutlej,Suleimanki H/W,22-07-2017,17908,4987
Sutlej,Suleimanki H/W,23-07-2017,20246,7325
Sutlej,Suleimanki H/W,24-07-2017,25063,13455
Sutlej,Suleimanki H/W,25-07-2017,27686,15528
Sutlej,Suleimanki H/W,26-07-2017,25751,16035
Sutlej,Suleimanki H/W,27-07-2017,26036,15816
Sutlej,Suleimanki H/W,28-07-2017,26824,16704
Sutlej,Suleimanki H/W,29-07-2017,29846,19019
Sutlej,Suleimanki H/W,30-07-2017,30590,19484
Sutlej,Suleimanki H/W,31-07-2017,30985,21017
Sutlej,Islam H/W,1-07-2017,2350,NIL
Sutlej,Islam H/W,2-07-2017,2000,NIL
Sutlej,Islam H/W,3-07-2017,1700,NIL
Sutlej,Islam H/W,4-07-2017,2375,NIL
Sutlej,Islam H/W,5-07-2017,2375,NIL
Sutlej,Islam H/W,6-07-2017,2075,NIL
Sutlej,Islam H/W,7-07-2017,2075,NIL
Sutlej,Islam H/W,8-07-2017,2075,NIL
Sutlej,Islam H/W,9-07-2017,2762,712
Sutlej,Islam H/W,10-07-2017,2346,NIL
Sutlej,Islam H/W,11-07-2017,6204,4854
Sutlej,Islam H/W,12-07-2017,5504,4154
Sutlej,Islam H/W,13-07-2017,5504,4154
Sutlej,Islam H/W,14-07-2017,6104,4154
Sutlej,Islam H/W,15-07-2017,6904,4854
Sutlej,Islam H/W,16-07-2017,7204,4854
Sutlej,Islam H/W,17-07-2017,6504,4154
Sutlej,Islam H/W,18-07-2017,6504,4154
Sutlej,Islam H/W,19-07-2017,7063,5613
Sutlej,Islam H/W,20-07-2017,7440,6396
Sutlej,Islam H/W,21-07-2017,6104,4854
Sutlej,Islam H/W,22-07-2017,3481,2231
Sutlej,Islam H/W,23-07-2017,3481,2231
Sutlej,Islam H/W,24-07-2017,3781,2231
Sutlej,Islam H/W,25-07-2017,5704,4154
Sutlej,Islam H/W,26-07-2017,6404,4854
Sutlej,Islam H/W,27-07-2017,7341,6391
Sutlej,Islam H/W,28-07-2017,12701,11751
Sutlej,Islam H/W,29-07-2017,13881,12731
Sutlej,Islam H/W,30-07-2017,14913,13763
Sutlej,Islam H/W,31-07-2017,15958,14808
Sutlej,Suleimanki H/W,1-08-2017,33110,24794
Sutlej,Suleimanki H/W,2-08-2017,37467,33354
Sutlej,Suleimanki H/W,3-08-2017,39657,38636
Sutlej,Suleimanki H/W,4-08-2017,39657,38636
Sutlej,Suleimanki H/W,5-08-2017,40022,39001
Sutlej,Suleimanki H/W,6-08-2017,32412,29412
Sutlej,Suleimanki H/W,7-08-2017,32850,28645
Sutlej,Suleimanki H/W,8-08-2017,29985,22464
Sutlej,Suleimanki H/W,9-08-2017,27194,18515
Sutlej,Suleimanki H/W,10-08-2017,29196,18810
Sutlej,Suleimanki H/W,11-08-2017,30237,18810
Sutlej,Suleimanki H/W,12-08-2017,30828,18810
Sutlej,Suleimanki H/W,13-08-2017,38724,26656
Sutlej,Suleimanki H/W,14-08-2017,40837,28338
Sutlej,Suleimanki H/W,15-08-2017,46519,34199
Sutlej,Suleimanki H/W,16-08-2017,52772,41798
Sutlej,Suleimanki H/W,17-08-2017,61009,49582
Sutlej,Suleimanki H/W,18-08-2017,60903,48979
Sutlej,Suleimanki H/W,19-08-2017,57359,44930
Sutlej,Suleimanki H/W,20-08-2017,46189,33340
Sutlej,Suleimanki H/W,21-08-2017,40903,28110
Sutlej,Suleimanki H/W,22-08-2017,38926,26108
Sutlej,Suleimanki H/W,23-08-2017,36352,23345
Sutlej,Suleimanki H/W,24-08-2017,33016,20398
Sutlej,Suleimanki H/W,25-08-2017,33405,20398
Sutlej,Suleimanki H/W,26-08-2017,36782,23610
Sutlej,Suleimanki H/W,27-08-2017,30947,17775
Sutlej,Suleimanki H/W,28-08-2017,18634,5267
Sutlej,Suleimanki H/W,29-08-2017,13801,409
Sutlej,Suleimanki H/W,30-08-2017,13544,NIL
Sutlej,Suleimanki H/W,31-08-2017,14719,1175
Sutlej,Islam H/W,1-08-2017,15878,15878
Sutlej,Islam H/W,2-08-2017,16973,16973
Sutlej,Islam H/W,3-08-2017,19459,19234
Sutlej,Islam H/W,4-08-2017,21813,21588
Sutlej,Islam H/W,5-08-2017,24455,24030
Sutlej,Islam H/W,6-08-2017,30931,30506
Sutlej,Islam H/W,7-08-2017,32612,31862
Sutlej,Islam H/W,8-08-2017,34134,33234
Sutlej,Islam H/W,9-08-2017,25130,24030
Sutlej,Islam H/W,10-08-2017,20336,19234
Sutlej,Islam H/W,11-08-2017,20334,19234
Sutlej,Islam H/W,12-08-2017,18223,16973
Sutlej,Islam H/W,13-08-2017,17428,15878
Sutlej,Islam H/W,14-08-2017,16558,14808
Sutlej,Islam H/W,15-08-2017,17628,15878
Sutlej,Islam H/W,16-08-2017,20520,18695
Sutlej,Islam H/W,17-08-2017,24357,22307
Sutlej,Islam H/W,18-08-2017,28177,26127
Sutlej,Islam H/W,19-08-2017,30933,28883
Sutlej,Islam H/W,20-08-2017,36393,34345
Sutlej,Islam H/W,21-08-2017,43493,41243
Sutlej,Islam H/W,22-08-2017,42475,40225
Sutlej,Islam H/W,23-08-2017,38326,35776
Sutlej,Islam H/W,24-08-2017,29785,27235
Sutlej,Islam H/W,25-08-2017,21045,18695
Sutlej,Islam H/W,26-08-2017,19888,17538
Sutlej,Islam H/W,27-08-2017,18810,16460
Sutlej,Islam H/W,28-08-2017,17258,14808
Sutlej,Islam H/W,29-08-2017,13595,11145
Sutlej,Islam H/W,30-08-2017,9499,7049
Sutlej,Islam H/W,31-08-2017,2899,449
Sutlej,Suleimanki H/W,1-09-2017,15853,2309
Sutlej,Suleimanki H/W,2-09-2017,15853,2309
Sutlej,Suleimanki H/W,3-09-2017,16632,3063
Sutlej,Suleimanki H/W,4-09-2017,16723,3063
Sutlej,Suleimanki H/W,5-09-2017,16723,3063
Sutlej,Suleimanki H/W,6-09-2017,17761,9607
Sutlej,Suleimanki H/W,7-09-2017,15816,6645
Sutlej,Suleimanki H/W,8-09-2017,14954,4298
Sutlej,Suleimanki H/W,9-09-2017,15078,2881
Sutlej,Suleimanki H/W,10-09-2017,14896,2012
Sutlej,Suleimanki H/W,11-09-2017,14703,2012
Sutlej,Suleimanki H/W,12-09-2017,14983,1802
Sutlej,Suleimanki H/W,13-09-2017,14190,1009
Sutlej,Suleimanki H/W,14-09-2017,13908,509
Sutlej,Suleimanki H/W,15-09-2017,14101,509
Sutlej,Suleimanki H/W,16-09-2017,14601,1009
Sutlej,Suleimanki H/W,17-09-2017,14588,1009
Sutlej,Suleimanki H/W,18-09-2017,14588,1009
Sutlej,Suleimanki H/W,19-09-2017,15441,1862
Sutlej,Suleimanki H/W,20-09-2017,14550,1009
Sutlej,Suleimanki H/W,21-09-2017,14184,2509
Sutlej,Suleimanki H/W,22-09-2017,16110,7533
Sutlej,Suleimanki H/W,23-09-2017,15926,14055
Sutlej,Suleimanki H/W,24-09-2017,19802,17202
Sutlej,Suleimanki H/W,25-09-2017,21107,17202
Sutlej,Suleimanki H/W,26-09-2017,19710,14105
Sutlej,Suleimanki H/W,27-09-2017,21843,15543
Sutlej,Suleimanki H/W,28-09-2017,21703,14003
Sutlej,Suleimanki H/W,29-09-2017,21437,13137
Sutlej,Suleimanki H/W,30-09-2017,14609,6309
Sutlej,Islam H/W,1-09-2017,2179,NIL
Sutlej,Islam H/W,2-09-2017,525,NIL
Sutlej,Islam H/W,3-09-2017,525,NIL
Sutlej,Islam H/W,4-09-2017,NIL,NIL
Sutlej,Islam H/W,5-09-2017,NIL,NIL
Sutlej,Islam H/W,6-09-2017,NIL,NIL
Sutlej,Islam H/W,7-09-2017,1779,1779
Sutlej,Islam H/W,8-09-2017,4129,1779
Sutlej,Islam H/W,9-09-2017,4786,2336
Sutlej,Islam H/W,10-09-2017,4227,1779
Sutlej,Islam H/W,11-09-2017,2450,NIL
Sutlej,Islam H/W,12-09-2017,2450,NIL
Sutlej,Islam H/W,13-09-2017,2450,NIL
Sutlej,Islam H/W,14-09-2017,1719,NIL
Sutlej,Islam H/W,15-09-2017,1750,NIL
Sutlej,Islam H/W,16-09-2017,1750,NIL
Sutlej,Islam H/W,17-09-2017,1250,NIL
Sutlej,Islam H/W,18-09-2017,1250,NIL
Sutlej,Islam H/W,19-09-2017,1250,NIL
Sutlej,Islam H/W,20-09-2017,1550,NIL
Sutlej,Islam H/W,21-09-2017,1550,NIL
Sutlej,Islam H/W,22-09-2017,1750,NIL
Sutlej,Islam H/W,23-09-2017,3004,1779
Sutlej,Islam H/W,24-09-2017,3004,1779
Sutlej,Islam H/W,25-09-2017,8677,7452
Sutlej,Islam H/W,26-09-2017,14001,11751
Sutlej,Islam H/W,27-09-2017,14492,12142
Sutlej,Islam H/W,28-09-2017,13901,11751
Sutlej,Islam H/W,29-09-2017,13401,11751
Sutlej,Islam H/W,30-09-2017,12312,10662
Sutlej,Suleimanki H/W,1-10-2017,13613,8113
Sutlej,Suleimanki H/W,2-10-2017,8109,2509
Sutlej,Suleimanki H/W,3-10-2017,9062,2862
Sutlej,Suleimanki H/W,4-10-2017,6709,509
Sutlej,Suleimanki H/W,5-10-2017,6416,4001
Sutlej,Suleimanki H/W,6-10-2017,5000,NIL
Sutlej,Suleimanki H/W,7-10-2017,6004,NIL
Sutlej,Suleimanki H/W,8-10-2017,6357,NIL
Sutlej,Suleimanki H/W,9-10-2017,6866,509
Sutlej,Suleimanki H/W,10-10-2017,7081,509
Sutlej,Suleimanki H/W,11-10-2017,7566,1113
Sutlej,Suleimanki H/W,12-10-2017,8086,1633
Sutlej,Suleimanki H/W,13-10-2017,7720,1113
Sutlej,Suleimanki H/W,14-10-2017,7615,1113
Sutlej,Suleimanki H/W,15-10-2017,7520,2019
Sutlej,Suleimanki H/W,16-10-2017,9110,3309
Sutlej,Suleimanki H/W,17-10-2017,9017,4517
Sutlej,Suleimanki H/W,18-10-2017,7109,2509
Sutlej,Suleimanki H/W,19-10-2017,7109,2509
Sutlej,Suleimanki H/W,20-10-2017,7084,2509
Sutlej,Suleimanki H/W,21-10-2017,7009,2509
Sutlej,Suleimanki H/W,22-10-2017,6227,1727
Sutlej,Suleimanki H/W,23-10-2017,6808,2308
Sutlej,Suleimanki H/W,24-10-2017,6808,2308
Sutlej,Suleimanki H/W,25-10-2017,6227,1727
Sutlej,Suleimanki H/W,26-10-2017,6227,1727
Sutlej,Suleimanki H/W,27-10-2017,6227,1727
Sutlej,Suleimanki H/W,28-10-2017,6808,2308
Sutlej,Suleimanki H/W,29-10-2017,7333,2833
Sutlej,Suleimanki H/W,30-10-2017,7809,3309
Sutlej,Suleimanki H/W,31-10-2017,7333,2833
Sutlej,Islam H/W,1-10-2017,9152,7152
Sutlej,Islam H/W,2-10-2017,9152,7152
Sutlej,Islam H/W,3-10-2017,9078,7028
Sutlej,Islam H/W,4-10-2017,7078,5028
Sutlej,Islam H/W,5-10-2017,4122,1772
Sutlej,Islam H/W,6-10-2017,4022,1772
Sutlej,Islam H/W,7-10-2017,2250,NIL
Sutlej,Islam H/W,8-10-2017,2050,NIL
Sutlej,Islam H/W,9-10-2017,525,NIL
Sutlej,Islam H/W,10-10-2017,528,NIL
Sutlej,Islam H/W,11-10-2017,525,NIL
Sutlej,Islam H/W,12-10-2017,1150,NIL
Sutlej,Islam H/W,13-10-2017,1150,NIL
Sutlej,Islam H/W,14-10-2017,1750,NIL
Sutlej,Islam H/W,15-10-2017,1750,NIL
Sutlej,Islam H/W,16-10-2017,1050,NIL
Sutlej,Islam H/W,17-10-2017,2822,1772
Sutlej,Islam H/W,18-10-2017,2822,1772
Sutlej,Islam H/W,19-10-2017,3722,1772
Sutlej,Islam H/W,20-10-2017,2395,449
Sutlej,Islam H/W,21-10-2017,3297,1772
Sutlej,Islam H/W,22-10-2017,1874,449
Sutlej,Islam H/W,23-10-2017,3497,1772
Sutlej,Islam H/W,24-10-2017,3497,1772
Sutlej,Islam H/W,25-10-2017,3497,1772
Sutlej,Islam H/W,26-10-2017,3497,1772
Sutlej,Islam H/W,27-10-2017,1674,449
Sutlej,Islam H/W,28-10-2017,1674,449
Sutlej,Islam H/W,29-10-2017,1874,449
Sutlej,Islam H/W,30-10-2017,2074,449
Sutlej,Islam H/W,31-10-2017,2074,449
Sutlej,Suleimanki H/W,1-11-2017,8437,3735
Sutlej,Suleimanki H/W,2-11-2017,9603,4901
Sutlej,Suleimanki H/W,3-11-2017,9515,4313
Sutlej,Suleimanki H/W,4-11-2017,9514,3812
Sutlej,Suleimanki H/W,5-11-2017,9568,3218
Sutlej,Suleimanki H/W,6-11-2017,9479,2629
Sutlej,Suleimanki H/W,7-11-2017,9003,2001
Sutlej,Suleimanki H/W,8-11-2017,9203,2001
Sutlej,Suleimanki H/W,9-11-2017,8211,1009
Sutlej,Suleimanki H/W,10-11-2017,8325,1009
Sutlej,Suleimanki H/W,11-11-2017,8211,1009
Sutlej,Suleimanki H/W,12-11-2017,9831,2629
Sutlej,Suleimanki H/W,13-11-2017,9933,2833
Sutlej,Suleimanki H/W,14-11-2017,10029,2629
Sutlej,Suleimanki H/W,15-11-2017,10029,2629
Sutlej,Suleimanki H/W,16-11-2017,9162,1762
Sutlej,Suleimanki H/W,17-11-2017,8484,1009
Sutlej,Suleimanki H/W,18-11-2017,8484,1009
Sutlej,Suleimanki H/W,19-11-2017,8484,1009
Sutlej,Suleimanki H/W,20-11-2017,8585,1009
Sutlej,Suleimanki H/W,21-11-2017,9012,1537
Sutlej,Suleimanki H/W,22-11-2017,8484,1009
Sutlej,Suleimanki H/W,23-11-2017,8614,1009
Sutlej,Suleimanki H/W,24-11-2017,10169,2864
Sutlej,Suleimanki H/W,25-11-2017,8076,771
Sutlej,Suleimanki H/W,26-11-2017,7814,509
Sutlej,Suleimanki H/W,27-11-2017,7305,NIL
Sutlej,Suleimanki H/W,28-11-2017,7305,NIL
Sutlej,Suleimanki H/W,29-11-2017,7859,509
Sutlej,Suleimanki H/W,30-11-2017,7350,NIL
Sutlej,Islam H/W,1-11-2017,2274,449
Sutlej,Islam H/W,2-11-2017,2274,449
Sutlej,Islam H/W,3-11-2017,2551,826
Sutlej,Islam H/W,4-11-2017,3297,1772
Sutlej,Islam H/W,5-11-2017,3527,1777
Sutlej,Islam H/W,6-11-2017,3922,1772
Sutlej,Islam H/W,7-11-2017,2599,449
Sutlej,Islam H/W,8-11-2017,2100,NIL
Sutlej,Islam H/W,9-11-2017,1325,NIL
Sutlej,Islam H/W,10-11-2017,1916,NIL
Sutlej,Islam H/W,11-11-2017,1900,NIL
Sutlej,Islam H/W,12-11-2017,1800,NIL
Sutlej,Islam H/W,13-11-2017,1800,NIL
Sutlej,Islam H/W,14-11-2017,2249,449
Sutlej,Islam H/W,15-11-2017,2699,449
Sutlej,Islam H/W,16-11-2017,2699,449
Sutlej,Islam H/W,17-11-2017,1849,449
Sutlej,Islam H/W,18-11-2017,2472,1772
Sutlej,Islam H/W,19-11-2017,1149,449
Sutlej,Islam H/W,20-11-2017,1021,NIL
Sutlej,Islam H/W,21-11-2017,1500,NIL
Sutlej,Islam H/W,22-11-2017,1500,NIL
Sutlej,Islam H/W,23-11-2017,1500,NIL
Sutlej,Islam H/W,24-11-2017,1500,NIL
Sutlej,Islam H/W,25-11-2017,1500,NIL
Sutlej,Islam H/W,26-11-2017,1500,NIL
Sutlej,Islam H/W,27-11-2017,1500,NIL
Sutlej,Islam H/W,28-11-2017,1500,NIL
Sutlej,Islam H/W,29-11-2017,1500,NIL
Sutlej,Islam H/W,30-11-2017,1500,NIL
Sutlej,Suleimanki H/W,1-12-2017,6507,NIL
Sutlej,Suleimanki H/W,2-12-2017,6507,NIL
Sutlej,Suleimanki H/W,3-12-2017,5500,NIL
Sutlej,Suleimanki H/W,4-12-2017,7350,NIL
Sutlej,Suleimanki H/W,5-12-2017,7350,NIL
Sutlej,Suleimanki H/W,6-12-2017,8267,865
Sutlej,Suleimanki H/W,7-12-2017,9104,1702
Sutlej,Suleimanki H/W,8-12-2017,9104,1702
Sutlej,Suleimanki H/W,9-12-2017,9104,1702
Sutlej,Suleimanki H/W,10-12-2017,9209,1702
Sutlej,Suleimanki H/W,11-12-2017,9154,1702
Sutlej,Suleimanki H/W,12-12-2017,8461,1009
Sutlej,Suleimanki H/W,13-12-2017,8461,1009
Sutlej,Suleimanki H/W,14-12-2017,8461,1009
Sutlej,Suleimanki H/W,15-12-2017,8561,1009
Sutlej,Suleimanki H/W,16-12-2017,8561,1009
Sutlej,Suleimanki H/W,17-12-2017,8561,1009
Sutlej,Suleimanki H/W,18-12-2017,8561,1009
Sutlej,Suleimanki H/W,19-12-2017,8561,1009
Sutlej,Suleimanki H/W,20-12-2017,8227,588
Sutlej,Suleimanki H/W,21-12-2017,7552,NIL
Sutlej,Suleimanki H/W,22-12-2017,8140,588
Sutlej,Suleimanki H/W,23-12-2017,8561,1009
Sutlej,Suleimanki H/W,24-12-2017,8561,1009
Sutlej,Suleimanki H/W,25-12-2017,8561,1009
Sutlej,Suleimanki H/W,26-12-2017,8561,1009
Sutlej,Suleimanki H/W,27-12-2017,7937,385
Sutlej,Suleimanki H/W,28-12-2017,7552,NIL
Sutlej,Suleimanki H/W,29-12-2017,5646,NIL
Sutlej,Suleimanki H/W,30-12-2017,2089,2089
Sutlej,Suleimanki H/W,31-12-2017,1521,1521
Sutlej,Islam H/W,1-12-2017,900,NIL
Sutlej,Islam H/W,2-12-2017,900,NIL
Sutlej,Islam H/W,3-12-2017,1149,NIL
Sutlej,Islam H/W,4-12-2017,1040,NIL
Sutlej,Islam H/W,5-12-2017,850,NIL
Sutlej,Islam H/W,6-12-2017,525,NIL
Sutlej,Islam H/W,7-12-2017,525,NIL
Sutlej,Islam H/W,8-12-2017,525,NIL
Sutlej,Islam H/W,9-12-2017,525,NIL
Sutlej,Islam H/W,10-12-2017,536,NIL
Sutlej,Islam H/W,11-12-2017,525,NIL
Sutlej,Islam H/W,12-12-2017,1200,NIL
Sutlej,Islam H/W,13-12-2017,1200,NIL
Sutlej,Islam H/W,14-12-2017,1250,NIL
Sutlej,Islam H/W,15-12-2017,1250,NIL
Sutlej,Islam H/W,16-12-2017,1250,NIL
Sutlej,Islam H/W,17-12-2017,1450,NIL
Sutlej,Islam H/W,18-12-2017,1450,NIL
Sutlej,Islam H/W,19-12-2017,1450,NIL
Sutlej,Islam H/W,20-12-2017,1320,NIL
Sutlej,Islam H/W,21-12-2017,1700,NIL
Sutlej,Islam H/W,22-12-2017,1650,NIL
Sutlej,Islam H/W,23-12-2017,1710,NIL
Sutlej,Islam H/W,24-12-2017,1325,NIL
Sutlej,Islam H/W,25-12-2017,1225,NIL
Sutlej,Islam H/W,26-12-2017,1025,NIL
Sutlej,Islam H/W,27-12-2017,825,NIL
Sutlej,Islam H/W,28-12-2017,525,NIL
Sutlej,Islam H/W,29-12-2017,525,NIL
Sutlej,Islam H/W,30-12-2017,725,NIL
Sutlej,Islam H/W,31-12-2017,725,NIL
