River,Gauge Site,Date,Up Stream,Down Stream
INDUS,khairabad,15-Jun-23,-,104100
INDUS,Kalabagh,15-Jun-23,90969,87969
INDUS,Chashma,15-Jun-23,146596,141984
INDUS,Taunsa,15-Jun-23,97322,87805
INDUS,Guddu,15-Jun-23,70194,58733
INDUS,Sukkar,15-Jun-23,54410,22570
INDUS,Kotri,15-Jun-23,12900,4930
JHELUM,Kotli,15-Jun-23,-,5070
JHELUM,Mangla,15-Jun-23,91000,22515
JHELUM,Rasul,15-Jun-23,17240,15800
CHENAB,Marala,15-Jun-23,31382,21382
CHENAB,Khanki,15-Jun-23,NR,NR
CHENAB,Qadirabad,15-Jun-23,43267,21267
CHENAB,Trimmu,15-Jun-23,15064,NIL
CHENAB,Punjnad,15-Jun-23,2784,NIL
RAVI,Thein,15-Jun-23,-,-
RAVI,Jassar,15-Jun-23,-,1847
RAVI,Shahdara,15-Jun-23,-,4429
RAVI,Balloki,15-Jun-23,27690,15190
RAVI,Sidhnai,15-Jun-23,10600,NIL
SUTLEJ,Bhakara**,15-Jun-23,-,-
SUTLEJ,Sulemanki,15-Jun-23,10362,437
SUTLEJ,Islam,15-Jun-23,NR,NR
INDUS,khairabad,15-Jun-23,-,80200
INDUS,Kalabagh,15-Jun-23,111909,106909
INDUS,Chashma,15-Jun-23,153069,149269
INDUS,Taunsa,15-Jun-23,112148,106428
INDUS,Guddu,15-Jun-23,70194,58733
INDUS,Sukkar,15-Jun-23,54290,22570
INDUS,Kotri,15-Jun-23,12900,4930
JHELUM,Kotli,15-Jun-23,-,4590
JHELUM,Mangla,15-Jun-23,55000,32415
JHELUM,Rasul,15-Jun-23,NR,NR
CHENAB,Marala,15-Jun-23,-,-
CHENAB,Khanki,15-Jun-23,33244,26444
CHENAB,Qadirabad,15-Jun-23,36688,21267
CHENAB,Trimmu,15-Jun-23,20420,10344
CHENAB,Punjnad,15-Jun-23,8221,NIL
RAVI,Thein,15-Jun-23,-,-
RAVI,Jassar,15-Jun-23,-,NR
RAVI,Shahdara,15-Jun-23,-,4735
RAVI,Balloki,15-Jun-23,28270,5770
RAVI,Sidhnai,15-Jun-23,11100,NIL
SUTLEJ,Bhakara**,15-Jun-23,-,-
SUTLEJ,Sulemanki,15-Jun-23,10939,1014
SUTLEJ,Islam,15-Jun-23,600,NIL
INDUS,khairabad,15-Jun-23,-,90600
INDUS,Kalabagh,15-Jun-23,111909,106909
INDUS,Chashma,15-Jun-23,155014,150402
INDUS,Taunsa,15-Jun-23,112148,106428
INDUS,Guddu,15-Jun-23,70194,58733
INDUS,Sukkar,15-Jun-23,54290,22570
INDUS,Kotri,15-Jun-23,12900,4930
JHELUM,Kotli,15-Jun-23,-,4350
JHELUM,Mangla,15-Jun-23,68000,36915
JHELUM,Rasul,15-Jun-23,18047,NIL
CHENAB,Marala,15-Jun-23,43834,22834
CHENAB,Khanki,15-Jun-23,35180,28380
CHENAB,Qadirabad,15-Jun-23,43262,21262
CHENAB,Trimmu,15-Jun-23,20722,10344
CHENAB,Punjnad,15-Jun-23,8221,NIL
RAVI,Thein,15-Jun-23,-,-
RAVI,Jassar,15-Jun-23,-,1847
RAVI,Shahdara,15-Jun-23,-,4735
RAVI,Balloki,15-Jun-23,28270,5770
RAVI,Sidhnai,15-Jun-23,11100,NIL
SUTLEJ,Bhakara**,15-Jun-23,-,-
SUTLEJ,Sulemanki,15-Jun-23,10939,1014
SUTLEJ,Islam,15-Jun-23,600,NIL
INDUS,khairabad,16-Jun-23,-,119200
INDUS,Kalabagh,16-Jun-23,110954,105954
INDUS,Chashma,16-Jun-23,154312,150512
INDUS,Taunsa,16-Jun-23,112148,106428
INDUS,Guddu,16-Jun-23,74554,62129
INDUS,Sukkar,16-Jun-23,55210,22550
INDUS,Kotri,16-Jun-23,13150,6185
JHELUM,Kotli,16-Jun-23,-,4830
JHELUM,Mangla,16-Jun-23,52000,24655
JHELUM,Rasul,16-Jun-23,23388,5341
CHENAB,Marala,16-Jun-23,43834,22834
CHENAB,Khanki,16-Jun-23,33244,26444
CHENAB,Qadirabad,16-Jun-23,43062,21262
CHENAB,Trimmu,16-Jun-23,20722,10344
CHENAB,Punjnad,16-Jun-23,8221,NIL
RAVI,Thein,16-Jun-23,-,-
RAVI,Jassar,16-Jun-23,-,1847
RAVI,Shahdara,16-Jun-23,-,5345
RAVI,Balloki,16-Jun-23,29420,6920
RAVI,Sidhnai,16-Jun-23,10900,NIL
SUTLEJ,Bhakara**,16-Jun-23,-,-
SUTLEJ,Sulemanki,16-Jun-23,10939,1014
SUTLEJ,Islam,16-Jun-23,600,NIL
INDUS,khairabad,16-Jun-23,-,97700
INDUS,Kalabagh,16-Jun-23,110954,105954
INDUS,Chashma,16-Jun-23,151813,148013
INDUS,Taunsa,16-Jun-23,114009,108195
INDUS,Guddu,16-Jun-23,74551,61578
INDUS,Sukkar,16-Jun-23,55210,22550
INDUS,Kotri,16-Jun-23,13150,6185
JHELUM,Kotli,16-Jun-23,-,4830
JHELUM,Mangla,16-Jun-23,50000,27015
JHELUM,Rasul,16-Jun-23,26037,7990
CHENAB,Marala,16-Jun-23,43834,22834
CHENAB,Khanki,16-Jun-23,33244,26444
CHENAB,Qadirabad,16-Jun-23,43262,21262
CHENAB,Trimmu,16-Jun-23,22547,10344
CHENAB,Punjnad,16-Jun-23,8221,NIL
RAVI,Thein,16-Jun-23,-,-
RAVI,Jassar,16-Jun-23,-,2129
RAVI,Shahdara,16-Jun-23,-,5345
RAVI,Balloki,16-Jun-23,28670,5770
RAVI,Sidhnai,16-Jun-23,10900,NIL
SUTLEJ,Bhakara**,16-Jun-23,-,-
SUTLEJ,Sulemanki,16-Jun-23,10565,640
SUTLEJ,Islam,16-Jun-23,600,NIL
INDUS,khairabad,16-Jun-23,-,94100
INDUS,Kalabagh,16-Jun-23,123014,118014
INDUS,Chashma,16-Jun-23,150944,147956
INDUS,Taunsa,16-Jun-23,121414,115222
INDUS,Guddu,16-Jun-23,74874,61764
INDUS,Sukkar,16-Jun-23,56010,22550
INDUS,Kotri,16-Jun-23,13150,6185
JHELUM,Kotli,16-Jun-23,-,4590
JHELUM,Mangla,16-Jun-23,59000,36915
JHELUM,Rasul,16-Jun-23,23388,5341
CHENAB,Marala,16-Jun-23,40060,19060
CHENAB,Khanki,16-Jun-23,27225,20120
CHENAB,Qadirabad,16-Jun-23,43250,21262
CHENAB,Trimmu,16-Jun-23,22547,10344
CHENAB,Punjnad,16-Jun-23,8221,-
RAVI,Thein,16-Jun-23,-,-
RAVI,Jassar,16-Jun-23,-,2129
RAVI,Shahdara,16-Jun-23,-,6592
RAVI,Balloki,16-Jun-23,2989,9190
RAVI,Sidhnai,16-Jun-23,12300,-
SUTLEJ,Bhakara**,16-Jun-23,-,-
SUTLEJ,Sulemanki,16-Jun-23,10565,640
SUTLEJ,Islam,16-Jun-23,600,-
INDUS,khairabad,16-Jun-23,-,120100
INDUS,Kalabagh,16-Jun-23,123014,118014
INDUS,Chashma,16-Jun-23,151146,148050
INDUS,Taunsa,16-Jun-23,121414,115222
INDUS,Guddu,16-Jun-23,74874,61764
INDUS,Sukkar,16-Jun-23,56010,22550
INDUS,Kotri,16-Jun-23,13150,6185
JHELUM,Kotli,16-Jun-23,-,4350
JHELUM,Mangla,16-Jun-23,55000,36915
JHELUM,Rasul,16-Jun-23,23388,5341
CHENAB,Marala,16-Jun-23,40716,18894
CHENAB,Khanki,16-Jun-23,29524,22419
CHENAB,Qadirabad,16-Jun-23,40617,18617
CHENAB,Trimmu,16-Jun-23,23367,10344
CHENAB,Punjnad,16-Jun-23,8221,Nil
RAVI,Thein,16-Jun-23,-,-
RAVI,Jassar,16-Jun-23,-,2129
RAVI,Shahdara,16-Jun-23,-,6592
RAVI,Balloki,16-Jun-23,30290,5190
RAVI,Sidhnai,16-Jun-23,12600,Nil
SUTLEJ,Bhakara**,16-Jun-23,-,-
SUTLEJ,Sulemanki,16-Jun-23,10565,640
SUTLEJ,Islam,16-Jun-23,600,Nil
INDUS,khairabad,17-Jun-23,-,132900
INDUS,Kalabagh,17-Jun-23,112864,107864
INDUS,Chashma,17-Jun-23,151876,148076
INDUS,Taunsa,17-Jun-23,128385,119013
INDUS,Guddu,17-Jun-23,79285,65710
INDUS,Sukkar,17-Jun-23,58570,22550
INDUS,Kotri,17-Jun-23,14803,5028
JHELUM,Kotli,17-Jun-23,-,4350
JHELUM,Mangla,17-Jun-23,45000,15815
JHELUM,Rasul,17-Jun-23,26037,7990
CHENAB,Marala,17-Jun-23,43043,21042
CHENAB,Khanki,17-Jun-23,29524,22419
CHENAB,Qadirabad,17-Jun-23,40617,18617
CHENAB,Trimmu,17-Jun-23,23367,10344
CHENAB,Punjnad,17-Jun-23,8221,Nil
RAVI,Thein,17-Jun-23,-,-
RAVI,Jassar,17-Jun-23,-,2129
RAVI,Shahdara,17-Jun-23,-,6592
RAVI,Balloki,17-Jun-23,32020,6920
RAVI,Sidhnai,17-Jun-23,12800,Nil
SUTLEJ,Bhakara**,17-Jun-23,-,-
SUTLEJ,Sulemanki,17-Jun-23,10362,437
SUTLEJ,Islam,17-Jun-23,600,Nil
INDUS,khairabad,17-Jun-23,-,95000
INDUS,Kalabagh,17-Jun-23,132892,127892
INDUS,Chashma,17-Jun-23,152534,148030
INDUS,Taunsa,17-Jun-23,128385,119013
INDUS,Guddu,17-Jun-23,80661,67086
INDUS,Sukkar,17-Jun-23,58570,22550
INDUS,Kotri,17-Jun-23,16969,3894
JHELUM,Kotli,17-Jun-23,-,4590
JHELUM,Mangla,17-Jun-23,73000,27415
JHELUM,Rasul,17-Jun-23,29942,11895
CHENAB,Marala,17-Jun-23,41060,19060
CHENAB,Khanki,17-Jun-23,29524,22419
CHENAB,Qadirabad,17-Jun-23,36688,14688
CHENAB,Trimmu,17-Jun-23,23367,10344
CHENAB,Punjnad,17-Jun-23,8221,Nil
RAVI,Thein,17-Jun-23,-,-
RAVI,Jassar,17-Jun-23,-,1847
RAVI,Shahdara,17-Jun-23,-,7255
RAVI,Balloki,17-Jun-23,32020,6920
RAVI,Sidhnai,17-Jun-23,13000,Nil
SUTLEJ,Bhakara**,17-Jun-23,-,-
SUTLEJ,Sulemanki,17-Jun-23,10362,437
SUTLEJ,Islam,17-Jun-23,600,Nil
INDUS,khairabad,17-Jun-23,-,87100
INDUS,Kalabagh,17-Jun-23,143211,138211
INDUS,Chashma,17-Jun-23,151840,148040
INDUS,Taunsa,17-Jun-23,130974,121413
INDUS,Guddu,17-Jun-23,84137,70562
INDUS,Sukkar,17-Jun-23,59583,23033
INDUS,Kotri,17-Jun-23,17042,2327
JHELUM,Kotli,17-Jun-23,-,4590
JHELUM,Mangla,17-Jun-23,58000,36015
JHELUM,Rasul,17-Jun-23,18047,Nil
CHENAB,Marala,17-Jun-23,41060,19060
CHENAB,Khanki,17-Jun-23,29619,22419
CHENAB,Qadirabad,17-Jun-23,38014,16014
CHENAB,Trimmu,17-Jun-23,23834,10344
CHENAB,Punjnad,17-Jun-23,8221,Nil
RAVI,Thein,17-Jun-23,-,-
RAVI,Jassar,17-Jun-23,-,1847
RAVI,Shahdara,17-Jun-23,-,7586
RAVI,Balloki,17-Jun-23,32020,6920
RAVI,Sidhnai,17-Jun-23,13000,Nil
SUTLEJ,Bhakara**,17-Jun-23,-,-
SUTLEJ,Sulemanki,17-Jun-23,10362,437
SUTLEJ,Islam,17-Jun-23,800,Nil
INDUS,khairabad,17-Jun-23,-,98600
INDUS,Kalabagh,17-Jun-23,122059,117059
INDUS,Chashma,17-Jun-23,152544,148040
INDUS,Taunsa,17-Jun-23,130974,121413
INDUS,Guddu,17-Jun-23,84137,70562
INDUS,Sukkar,17-Jun-23,59583,23033
INDUS,Kotri,17-Jun-23,17042,2327
JHELUM,Kotli,17-Jun-23,-,4350
JHELUM,Mangla,17-Jun-23,57000,31915
JHELUM,Rasul,17-Jun-23,17047,Nil
CHENAB,Marala,17-Jun-23,48608,26608
CHENAB,Khanki,17-Jun-23,31860,24660
CHENAB,Qadirabad,17-Jun-23,38014,16014
CHENAB,Trimmu,17-Jun-23,23932,10344
CHENAB,Punjnad,17-Jun-23,8221,Nil
RAVI,Thein,17-Jun-23,-,-
RAVI,Jassar,17-Jun-23,-,1847
RAVI,Shahdara,17-Jun-23,-,6260
RAVI,Balloki,17-Jun-23,32020,6920
RAVI,Sidhnai,17-Jun-23,13000,Nil
SUTLEJ,Bhakara**,17-Jun-23,-,-
SUTLEJ,Sulemanki,17-Jun-23,10362,437
SUTLEJ,Islam,17-Jun-23,800,Nil
INDUS,khairabad,18-Jun-23,-,124000
INDUS,Kalabagh,18-Jun-23,123014,118014
INDUS,Chashma,18-Jun-23,151920,148120
INDUS,Taunsa,18-Jun-23,137556,127514
INDUS,Guddu,18-Jun-23,85534,70439
INDUS,Sukkar,18-Jun-23,59825,23275
INDUS,Kotri,18-Jun-23,17042,2327
JHELUM,Kotli,18-Jun-23,-,4590
JHELUM,Mangla,18-Jun-23,42000,19215
JHELUM,Rasul,18-Jun-23,22638,5341
CHENAB,Marala,18-Jun-23,44834,22834
CHENAB,Khanki,18-Jun-23,22860,15660
CHENAB,Qadirabad,18-Jun-23,38014,16014
CHENAB,Trimmu,18-Jun-23,22997,10344
CHENAB,Punjnad,18-Jun-23,8221,Nil
RAVI,Thein,18-Jun-23,-,-
RAVI,Jassar,18-Jun-23,-,1847
RAVI,Shahdara,18-Jun-23,-,6260
RAVI,Balloki,18-Jun-23,32020,6920
RAVI,Sidhnai,18-Jun-23,13200,Nil
SUTLEJ,Bhakara**,18-Jun-23,-,-
SUTLEJ,Sulemanki,18-Jun-23,10969,1044
SUTLEJ,Islam,18-Jun-23,800,Nil
INDUS,khairabad,18-Jun-23,-,109700
INDUS,Kalabagh,18-Jun-23,144175,139175
INDUS,Chashma,18-Jun-23,151824,148024
INDUS,Taunsa,18-Jun-23,141632,124353
INDUS,Guddu,18-Jun-23,92135,76751
INDUS,Sukkar,18-Jun-23,59825,23275
INDUS,Kotri,18-Jun-23,17042,2327
JHELUM,Kotli,18-Jun-23,-,4350
JHELUM,Mangla,18-Jun-23,65000,23915
JHELUM,Rasul,18-Jun-23,29942,11895
CHENAB,Marala,18-Jun-23,41060,19060
CHENAB,Khanki,18-Jun-23,31860,24660
CHENAB,Qadirabad,18-Jun-23,32766,10766
CHENAB,Trimmu,18-Jun-23,22273,10344
CHENAB,Punjnad,18-Jun-23,8221,Nil
RAVI,Thein,18-Jun-23,-,-
RAVI,Jassar,18-Jun-23,-,1941
RAVI,Shahdara,18-Jun-23,-,6260
RAVI,Balloki,18-Jun-23,32020,6920
RAVI,Sidhnai,18-Jun-23,13400,Nil
SUTLEJ,Bhakara**,18-Jun-23,-,-
SUTLEJ,Sulemanki,18-Jun-23,10969,1044
SUTLEJ,Islam,18-Jun-23,800,Nil
INDUS,khairabad,18-Jun-23,-,89700
INDUS,Kalabagh,18-Jun-23,154784,148784
INDUS,Chashma,18-Jun-23,151565,147765
INDUS,Taunsa,18-Jun-23,141632,124353
INDUS,Guddu,18-Jun-23,93069,75908
INDUS,Sukkar,18-Jun-23,60800,23600
INDUS,Kotri,18-Jun-23,17110,1555
JHELUM,Kotli,18-Jun-23,-,4590
JHELUM,Mangla,18-Jun-23,76000,31115
JHELUM,Rasul,18-Jun-23,23388,5341
CHENAB,Marala,18-Jun-23,44834,22834
CHENAB,Khanki,18-Jun-23,29619,22419
CHENAB,Qadirabad,18-Jun-23,35362,13362
CHENAB,Trimmu,18-Jun-23,22056,10344
CHENAB,Punjnad,18-Jun-23,8221,Nil
RAVI,Thein,18-Jun-23,-,-
RAVI,Jassar,18-Jun-23,-,1941
RAVI,Shahdara,18-Jun-23,-,5955
RAVI,Balloki,18-Jun-23,30990,5190
RAVI,Sidhnai,18-Jun-23,11900,Nil
SUTLEJ,Bhakara**,18-Jun-23,-,-
SUTLEJ,Sulemanki,18-Jun-23,12007,Nil
SUTLEJ,Islam,18-Jun-23,800,Nil
INDUS,khairabad,18-Jun-23,-,105900
INDUS,Kalabagh,18-Jun-23,118389,113389
INDUS,Chashma,18-Jun-23,153473,148050
INDUS,Taunsa,18-Jun-23,141632,124353
INDUS,Guddu,18-Jun-23,93069,75908
INDUS,Sukkar,18-Jun-23,60800,23600
INDUS,Kotri,18-Jun-23,17110,1555
JHELUM,Kotli,18-Jun-23,-,5070
JHELUM,Mangla,18-Jun-23,80000,32115
JHELUM,Rasul,18-Jun-23,18047,Nil
CHENAB,Marala,18-Jun-23,52382,30382
CHENAB,Khanki,18-Jun-23,29619,22419
CHENAB,Qadirabad,18-Jun-23,35362,13362
CHENAB,Trimmu,18-Jun-23,22103,7503
CHENAB,Punjnad,18-Jun-23,8221,Nil
RAVI,Thein,18-Jun-23,-,-
RAVI,Jassar,18-Jun-23,-,1941
RAVI,Shahdara,18-Jun-23,-,7586
RAVI,Balloki,18-Jun-23,31035,4035
RAVI,Sidhnai,18-Jun-23,11300,Nil
SUTLEJ,Bhakara**,18-Jun-23,-,-
SUTLEJ,Sulemanki,18-Jun-23,12007,Nil
SUTLEJ,Islam,18-Jun-23,800,Nil
INDUS,khairabad,19-Jun-23,-,123100
INDUS,Kalabagh,19-Jun-23,110000,105000
INDUS,Chashma,19-Jun-23,151801,148001
INDUS,Taunsa,19-Jun-23,141632,124353
INDUS,Guddu,19-Jun-23,94327,77166
INDUS,Sukkar,19-Jun-23,62675,24375
INDUS,Kotri,19-Jun-23,17175,510
JHELUM,Kotli,19-Jun-23,-,5840
JHELUM,Mangla,19-Jun-23,43000,20715
JHELUM,Rasul,19-Jun-23,23388,5341
CHENAB,Marala,19-Jun-23,48608,26608
CHENAB,Khanki,19-Jun-23,25225,18025
CHENAB,Qadirabad,19-Jun-23,38014,16014
CHENAB,Trimmu,19-Jun-23,20103,7503
CHENAB,Punjnad,19-Jun-23,8221,Nil
RAVI,Thein,19-Jun-23,-,-
RAVI,Jassar,19-Jun-23,-,1941
RAVI,Shahdara,19-Jun-23,-,7586
RAVI,Balloki,19-Jun-23,30510,2310
RAVI,Sidhnai,19-Jun-23,11900,Nil
SUTLEJ,Bhakara**,19-Jun-23,-,-
SUTLEJ,Sulemanki,19-Jun-23,12362,Nil
SUTLEJ,Islam,19-Jun-23,800,Nil
INDUS,khairabad,19-Jun-23,-,113400
INDUS,Kalabagh,19-Jun-23,130028,125028
INDUS,Chashma,19-Jun-23,151773,147973
INDUS,Taunsa,19-Jun-23,141632,124353
INDUS,Guddu,19-Jun-23,97501,79670
INDUS,Sukkar,19-Jun-23,62675,24375
INDUS,Kotri,19-Jun-23,17175,510
JHELUM,Kotli,19-Jun-23,-,5070
JHELUM,Mangla,19-Jun-23,52000,29515
JHELUM,Rasul,19-Jun-23,29942,11895
CHENAB,Marala,19-Jun-23,47572,25572
CHENAB,Khanki,19-Jun-23,29619,24419
CHENAB,Qadirabad,19-Jun-23,38014,16014
CHENAB,Trimmu,19-Jun-23,22103,7503
CHENAB,Punjnad,19-Jun-23,8221,NIL
RAVI,Thein,19-Jun-23,-,-
RAVI,Jassar,19-Jun-23,-,2129
RAVI,Shahdara,19-Jun-23,-,8249
RAVI,Balloki,19-Jun-23,30510,2310
RAVI,Sidhnai,19-Jun-23,13406,NIL
SUTLEJ,Bhakara**,19-Jun-23,-,-
SUTLEJ,Sulemanki,19-Jun-23,12665,658
SUTLEJ,Islam,19-Jun-23,600,NIL
INDUS,khairabad,19-Jun-23,-,109700
INDUS,Kalabagh,19-Jun-23,137658,132658
INDUS,Chashma,19-Jun-23,162284,158796
INDUS,Taunsa,19-Jun-23,141632,124353
INDUS,Guddu,19-Jun-23,97501,79670
INDUS,Sukkar,19-Jun-23,64720,25270
INDUS,Kotri,19-Jun-23,17175,510
JHELUM,Kotli,19-Jun-23,-,4830
JHELUM,Mangla,19-Jun-23,93000,18015
JHELUM,Rasul,19-Jun-23,23388,5341
CHENAB,Marala,19-Jun-23,55952,33952
CHENAB,Khanki,19-Jun-23,35580,28380
CHENAB,Qadirabad,19-Jun-23,34068,12068
CHENAB,Trimmu,19-Jun-23,22103,7503
CHENAB,Punjnad,19-Jun-23,8221,-
RAVI,Thein,19-Jun-23,-,-
RAVI,Jassar,19-Jun-23,-,2129
RAVI,Shahdara,19-Jun-23,-,8249
RAVI,Balloki,19-Jun-23,30510,2310
RAVI,Sidhnai,19-Jun-23,14367,-
SUTLEJ,Bhakara**,19-Jun-23,-,-
SUTLEJ,Sulemanki,19-Jun-23,12665,658
SUTLEJ,Islam,19-Jun-23,600,-
INDUS,khairabad,19-Jun-23,-,157600
INDUS,Kalabagh,19-Jun-23,137658,132658
INDUS,Chashma,19-Jun-23,161657,157357
INDUS,Taunsa,19-Jun-23,141632,124353
INDUS,Guddu,19-Jun-23,97501,79670
INDUS,Sukkar,19-Jun-23,64720,25270
INDUS,Kotri,19-Jun-23,17175,510
JHELUM,Kotli,19-Jun-23,-,4590
JHELUM,Mangla,19-Jun-23,68000,19215
JHELUM,Rasul,19-Jun-23,18047,NIL
CHENAB,Marala,19-Jun-23,57239,35239
CHENAB,Khanki,19-Jun-23,35580,28380
CHENAB,Qadirabad,19-Jun-23,43262,21262
CHENAB,Trimmu,19-Jun-23,22103,7503
CHENAB,Punjnad,19-Jun-23,8221,Nil
RAVI,Thein,19-Jun-23,-,-
RAVI,Jassar,19-Jun-23,-,2129
RAVI,Shahdara,19-Jun-23,-,7586
RAVI,Balloki,19-Jun-23,30510,2310
RAVI,Sidhnai,19-Jun-23,15000,Nil
SUTLEJ,Bhakara**,19-Jun-23,-,-
SUTLEJ,Sulemanki,19-Jun-23,12665,658
SUTLEJ,Islam,19-Jun-23,600,Nil
INDUS,khairabad,20-Jun-23,-,174800
INDUS,Kalabagh,20-Jun-23,142432,137432
INDUS,Chashma,20-Jun-23,161423,157123
INDUS,Taunsa,20-Jun-23,141632,124353
INDUS,Guddu,20-Jun-23,105448,84228
INDUS,Sukkar,20-Jun-23,68240,27100
INDUS,Kotri,20-Jun-23,17225,NIL
JHELUM,Kotli,20-Jun-23,-,5070
JHELUM,Mangla,20-Jun-23,85000,9015
JHELUM,Rasul,20-Jun-23,18047,NIL
CHENAB,Marala,20-Jun-23,51762,29762
CHENAB,Khanki,20-Jun-23,35580,28380
CHENAB,Qadirabad,20-Jun-23,43262,21262
CHENAB,Trimmu,20-Jun-23,22103,7503
CHENAB,Punjnad,20-Jun-23,8221,Nil
RAVI,Thein,20-Jun-23,-,-
RAVI,Jassar,20-Jun-23,-,2129
RAVI,Shahdara,20-Jun-23,-,6923
RAVI,Balloki,20-Jun-23,30510,2310
RAVI,Sidhnai,20-Jun-23,15000,Nil
SUTLEJ,Bhakara**,20-Jun-23,-,-
SUTLEJ,Sulemanki,20-Jun-23,13548,1541
SUTLEJ,Islam,20-Jun-23,450,Nil
INDUS,khairabad,20-Jun-23,-,130900
INDUS,Kalabagh,20-Jun-23,164602,159602
INDUS,Chashma,20-Jun-23,160213,154999
INDUS,Taunsa,20-Jun-23,141632,124353
INDUS,Guddu,20-Jun-23,105448,84228
INDUS,Sukkar,20-Jun-23,69450,27750
INDUS,Kotri,20-Jun-23,17225,NIL
JHELUM,Kotli,20-Jun-23,-,4830
JHELUM,Mangla,20-Jun-23,48000,18615
JHELUM,Rasul,20-Jun-23,16547,NIL
CHENAB,Marala,20-Jun-23,55952,33952
CHENAB,Khanki,20-Jun-23,42928,35728
CHENAB,Qadirabad,20-Jun-23,43262,21262
CHENAB,Trimmu,20-Jun-23,22103,7503
CHENAB,Punjnad,20-Jun-23,8221,Nil
RAVI,Thein,20-Jun-23,-,-
RAVI,Jassar,20-Jun-23,-,1941
RAVI,Shahdara,20-Jun-23,-,6923
RAVI,Balloki,20-Jun-23,30510,2310
RAVI,Sidhnai,20-Jun-23,15000,Nil
SUTLEJ,Bhakara**,20-Jun-23,-,-
SUTLEJ,Sulemanki,20-Jun-23,13548,1541
SUTLEJ,Islam,20-Jun-23,450,Nil
INDUS,khairabad,20-Jun-23,-,142000
INDUS,Kalabagh,20-Jun-23,173496,168496
INDUS,Chashma,20-Jun-23,158386,155000
INDUS,Taunsa,20-Jun-23,141632,124353
INDUS,Guddu,20-Jun-23,107464,85551
INDUS,Sukkar,20-Jun-23,70100,28050
INDUS,Kotri,20-Jun-23,17225,-
JHELUM,Kotli,20-Jun-23,-,4590
JHELUM,Mangla,20-Jun-23,61000,13215
JHELUM,Rasul,20-Jun-23,13547,-
CHENAB,Marala,20-Jun-23,55952,33952
CHENAB,Khanki,20-Jun-23,41100,33900
CHENAB,Qadirabad,20-Jun-23,47096,25096
CHENAB,Trimmu,20-Jun-23,23229,7503
CHENAB,Punjnad,20-Jun-23,8221,-
RAVI,Thein,20-Jun-23,-,-
RAVI,Jassar,20-Jun-23,-,1941
RAVI,Shahdara,20-Jun-23,-,6592
RAVI,Balloki,20-Jun-23,30510,2310
RAVI,Sidhnai,20-Jun-23,15000,-
SUTLEJ,Bhakara**,20-Jun-23,-,-
SUTLEJ,Sulemanki,20-Jun-23,13548,1541
SUTLEJ,Islam,20-Jun-23,450,-
INDUS,khairabad,20-Jun-23,-,181400
INDUS,Kalabagh,20-Jun-23,152261,147261
INDUS,Chashma,20-Jun-23,180742,175530
INDUS,Taunsa,20-Jun-23,141632,124353
INDUS,Guddu,20-Jun-23,107464,85551
INDUS,Sukkar,20-Jun-23,70100,28050
INDUS,Kotri,20-Jun-23,17225,NIL
JHELUM,Kotli,20-Jun-23,-,4350
JHELUM,Mangla,20-Jun-23,62000,11715
JHELUM,Rasul,20-Jun-23,11797,NIL
CHENAB,Marala,20-Jun-23,61142,38142
CHENAB,Khanki,20-Jun-23,41100,33900
CHENAB,Qadirabad,20-Jun-23,47096,25096
CHENAB,Trimmu,20-Jun-23,23361,6696
CHENAB,Punjnad,20-Jun-23,8221,Nil
RAVI,Thein,20-Jun-23,-,-
RAVI,Jassar,20-Jun-23,-,1941
RAVI,Shahdara,20-Jun-23,-,6592
RAVI,Balloki,20-Jun-23,30710,2310
RAVI,Sidhnai,20-Jun-23,15000,Nil
SUTLEJ,Bhakara**,20-Jun-23,-,-
SUTLEJ,Sulemanki,20-Jun-23,13548,1541
SUTLEJ,Islam,20-Jun-23,450,Nil
INDUS,khairabad,21-Jun-23,-,179200
INDUS,Kalabagh,21-Jun-23,151317,146317
INDUS,Chashma,21-Jun-23,181580,177180
INDUS,Taunsa,21-Jun-23,142396,125024
INDUS,Guddu,21-Jun-23,105547,83225
INDUS,Sukkar,21-Jun-23,75202,30002
INDUS,Kotri,21-Jun-23,18075,NIL
JHELUM,Kotli,21-Jun-23,-,4830
JHELUM,Mangla,21-Jun-23,62000,11715
JHELUM,Rasul,21-Jun-23,11047,NIL
CHENAB,Marala,21-Jun-23,61142,38142
CHENAB,Khanki,21-Jun-23,41100,33900
CHENAB,Qadirabad,21-Jun-23,40617,18617
CHENAB,Trimmu,21-Jun-23,22456,4856
CHENAB,Punjnad,21-Jun-23,8221,Nil
RAVI,Thein,21-Jun-23,-,-
RAVI,Jassar,21-Jun-23,-,1941
RAVI,Shahdara,21-Jun-23,-,6592
RAVI,Balloki,21-Jun-23,30710,2310
RAVI,Sidhnai,21-Jun-23,15000,Nil
SUTLEJ,Bhakara**,21-Jun-23,-,-
SUTLEJ,Sulemanki,21-Jun-23,13775,1768
SUTLEJ,Islam,21-Jun-23,591,Nil
INDUS,khairabad,21-Jun-23,-,179200
INDUS,Kalabagh,21-Jun-23,172542,167542
INDUS,Chashma,21-Jun-23,170303,164989
INDUS,Taunsa,21-Jun-23,142396,125024
INDUS,Guddu,21-Jun-23,105547,83225
INDUS,Sukkar,21-Jun-23,75602,30002
INDUS,Kotri,21-Jun-23,18075,NIL
JHELUM,Kotli,21-Jun-23,-,4590
JHELUM,Mangla,21-Jun-23,63000,13615
JHELUM,Rasul,21-Jun-23,11047,NIL
CHENAB,Marala,21-Jun-23,61142,38142
CHENAB,Khanki,21-Jun-23,44464,37264
CHENAB,Qadirabad,21-Jun-23,43262,21262
CHENAB,Trimmu,21-Jun-23,22456,4856
CHENAB,Punjnad,21-Jun-23,10125,Nil
RAVI,Thein,21-Jun-23,-,-
RAVI,Jassar,21-Jun-23,-,1847
RAVI,Shahdara,21-Jun-23,-,6592
RAVI,Balloki,21-Jun-23,30710,2310
RAVI,Sidhnai,21-Jun-23,15600,Nil
SUTLEJ,Bhakara**,21-Jun-23,-,-
SUTLEJ,Sulemanki,21-Jun-23,13775,1768
SUTLEJ,Islam,21-Jun-23,591,Nil
INDUS,khairabad,21-Jun-23,-,179200
INDUS,Kalabagh,21-Jun-23,161738,156738
INDUS,Chashma,21-Jun-23,180100,175700
INDUS,Taunsa,21-Jun-23,142396,125024
INDUS,Guddu,21-Jun-23,105547,83225
INDUS,Sukkar,21-Jun-23,75602,30002
INDUS,Kotri,21-Jun-23,18075,-
JHELUM,Kotli,21-Jun-23,-,4350
JHELUM,Mangla,21-Jun-23,60000,10000
JHELUM,Rasul,21-Jun-23,9797,-
CHENAB,Marala,21-Jun-23,56952,33952
CHENAB,Khanki,21-Jun-23,44690,37264
CHENAB,Qadirabad,21-Jun-23,45844,23844
CHENAB,Trimmu,21-Jun-23,19272,1672
CHENAB,Punjnad,21-Jun-23,10820,-
RAVI,Thein,21-Jun-23,-,-
RAVI,Jassar,21-Jun-23,-,1847
RAVI,Shahdara,21-Jun-23,-,6592
RAVI,Balloki,21-Jun-23,30710,2310
RAVI,Sidhnai,21-Jun-23,17633,1983
SUTLEJ,Bhakara**,21-Jun-23,-,-
SUTLEJ,Sulemanki,21-Jun-23,13713,1050
SUTLEJ,Islam,21-Jun-23,591,-
INDUS,khairabad,21-Jun-23,-,187000
INDUS,Kalabagh,21-Jun-23,161738,156738
INDUS,Chashma,21-Jun-23,189623,184103
INDUS,Taunsa,21-Jun-23,142396,125024
INDUS,Guddu,21-Jun-23,105547,83225
INDUS,Sukkar,21-Jun-23,75602,30002
INDUS,Kotri,21-Jun-23,18075,-
JHELUM,Kotli,21-Jun-23,-,4590
JHELUM,Mangla,21-Jun-23,75000,10000
JHELUM,Rasul,21-Jun-23,8195,-
CHENAB,Marala,21-Jun-23,70272,46522
CHENAB,Khanki,21-Jun-23,44690,37264
CHENAB,Qadirabad,21-Jun-23,45844,23844
CHENAB,Trimmu,21-Jun-23,19272,1672
CHENAB,Punjnad,21-Jun-23,10820,-
RAVI,Thein,21-Jun-23,-,-
RAVI,Jassar,21-Jun-23,-,1847
RAVI,Shahdara,21-Jun-23,-,6923
RAVI,Balloki,21-Jun-23,30710,2310
RAVI,Sidhnai,21-Jun-23,15850,-
SUTLEJ,Bhakara**,21-Jun-23,-,-
SUTLEJ,Sulemanki,21-Jun-23,13713,1050
SUTLEJ,Islam,21-Jun-23,624,-
INDUS,khairabad,22-Jun-23,-,182500
INDUS,Kalabagh,22-Jun-23,177295,171360
INDUS,Chashma,22-Jun-23,189561,184041
INDUS,Taunsa,22-Jun-23,143676,126148
INDUS,Guddu,22-Jun-23,101220,79388
INDUS,Sukkar,22-Jun-23,75052,30002
INDUS,Kotri,22-Jun-23,18345,NIL
JHELUM,Kotli,22-Jun-23,-,5070
JHELUM,Mangla,22-Jun-23,61000,10000
JHELUM,Rasul,22-Jun-23,7445,NIL
CHENAB,Marala,22-Jun-23,61892,38142
CHENAB,Khanki,22-Jun-23,44690,37264
CHENAB,Qadirabad,22-Jun-23,45844,23844
CHENAB,Trimmu,22-Jun-23,19270,1672
CHENAB,Punjnad,22-Jun-23,10820,Nil
RAVI,Thein,22-Jun-23,-,-
RAVI,Jassar,22-Jun-23,-,1847
RAVI,Shahdara,22-Jun-23,-,7586
RAVI,Balloki,22-Jun-23,30710,2310
RAVI,Sidhnai,22-Jun-23,15850,Nil
SUTLEJ,Bhakara**,22-Jun-23,-,-
SUTLEJ,Sulemanki,22-Jun-23,14272,1609
SUTLEJ,Islam,22-Jun-23,624,Nil
INDUS,khairabad,22-Jun-23,-,183600
INDUS,Kalabagh,22-Jun-23,182388,176388
INDUS,Chashma,22-Jun-23,195068,187943
INDUS,Taunsa,22-Jun-23,143676,126148
INDUS,Guddu,22-Jun-23,99832,78000
INDUS,Sukkar,22-Jun-23,75052,30002
INDUS,Kotri,22-Jun-23,18345,-
JHELUM,Kotli,22-Jun-23,-,4830
JHELUM,Mangla,22-Jun-23,85000,10000
JHELUM,Rasul,22-Jun-23,6695,-
CHENAB,Marala,22-Jun-23,61892,38142
CHENAB,Khanki,22-Jun-23,47174,39748
CHENAB,Qadirabad,22-Jun-23,45844,23844
CHENAB,Trimmu,22-Jun-23,19882,2282
CHENAB,Punjnad,22-Jun-23,10820,-
RAVI,Thein,22-Jun-23,-,-
RAVI,Jassar,22-Jun-23,-,1941
RAVI,Shahdara,22-Jun-23,-,8249
RAVI,Balloki,22-Jun-23,30710,2310
RAVI,Sidhnai,22-Jun-23,15850,-
SUTLEJ,Bhakara**,22-Jun-23,-,-
SUTLEJ,Sulemanki,22-Jun-23,14272,1609
SUTLEJ,Islam,22-Jun-23,624,-
INDUS,khairabad,22-Jun-23,-,183600
INDUS,Kalabagh,22-Jun-23,174042,167542
INDUS,Chashma,22-Jun-23,202334,194946
INDUS,Taunsa,22-Jun-23,143676,126148
INDUS,Guddu,22-Jun-23,100879,79047
INDUS,Sukkar,22-Jun-23,75052,30002
INDUS,Kotri,22-Jun-23,18345,-
JHELUM,Kotli,22-Jun-23,-,4350
JHELUM,Mangla,22-Jun-23,60000,10000
JHELUM,Rasul,22-Jun-23,5945,-
CHENAB,Marala,22-Jun-23,70272,46522
CHENAB,Khanki,22-Jun-23,48734,41260
CHENAB,Qadirabad,22-Jun-23,45844,23844
CHENAB,Trimmu,22-Jun-23,19882,2282
CHENAB,Punjnad,22-Jun-23,10820,-
RAVI,Thein,22-Jun-23,-,-
RAVI,Jassar,22-Jun-23,-,1941
RAVI,Shahdara,22-Jun-23,-,8249
RAVI,Balloki,22-Jun-23,30130,1730
RAVI,Sidhnai,22-Jun-23,15585,-
SUTLEJ,Bhakara**,22-Jun-23,-,-
SUTLEJ,Sulemanki,22-Jun-23,14272,1609
SUTLEJ,Islam,22-Jun-23,624,-
INDUS,khairabad,22-Jun-23,-,180300
INDUS,Kalabagh,22-Jun-23,164802,158217
INDUS,Chashma,22-Jun-23,203184,195534
INDUS,Taunsa,22-Jun-23,146391,128531
INDUS,Guddu,22-Jun-23,100879,79047
INDUS,Sukkar,22-Jun-23,75052,30002
INDUS,Kotri,22-Jun-23,18345,-
JHELUM,Kotli,22-Jun-23,-,4110
JHELUM,Mangla,22-Jun-23,61000,10000
JHELUM,Rasul,22-Jun-23,2945,-
CHENAB,Marala,22-Jun-23,74852,50352
CHENAB,Khanki,22-Jun-23,47222,39748
CHENAB,Qadirabad,22-Jun-23,47096,25096
CHENAB,Trimmu,22-Jun-23,19882,2282
CHENAB,Punjnad,22-Jun-23,10820,-
RAVI,Thein,22-Jun-23,-,-
RAVI,Jassar,22-Jun-23,-,1941
RAVI,Shahdara,22-Jun-23,-,8912
RAVI,Balloki,22-Jun-23,29730,1730
RAVI,Sidhnai,22-Jun-23,15236,-
SUTLEJ,Bhakara**,22-Jun-23,-,-
SUTLEJ,Sulemanki,22-Jun-23,14272,1609
SUTLEJ,Islam,22-Jun-23,624,-
INDUS,khairabad,23-Jun-23,-,180300
INDUS,Kalabagh,23-Jun-23,171481,164481
INDUS,Chashma,23-Jun-23,204369,195034
INDUS,Taunsa,23-Jun-23,146391,128531
INDUS,Guddu,23-Jun-23,102007,79850
INDUS,Sukkar,23-Jun-23,75052,30002
INDUS,Kotri,23-Jun-23,18345,-
JHELUM,Kotli,23-Jun-23,-,4590
JHELUM,Mangla,23-Jun-23,61000,10000
JHELUM,Rasul,23-Jun-23,2945,-
CHENAB,Marala,23-Jun-23,66832,42332
CHENAB,Khanki,23-Jun-23,47222,39748
CHENAB,Qadirabad,23-Jun-23,47096,25096
CHENAB,Trimmu,23-Jun-23,19882,2282
CHENAB,Punjnad,23-Jun-23,10820,-
RAVI,Thein,23-Jun-23,-,-
RAVI,Jassar,23-Jun-23,-,1941
RAVI,Shahdara,23-Jun-23,-,8912
RAVI,Balloki,23-Jun-23,29730,1730
RAVI,Sidhnai,23-Jun-23,15236,-
SUTLEJ,Bhakara**,23-Jun-23,-,-
SUTLEJ,Sulemanki,23-Jun-23,14378,1609
SUTLEJ,Islam,23-Jun-23,624,-
INDUS,khairabad,23-Jun-23,-,180300
INDUS,Kalabagh,23-Jun-23,191644,184644
INDUS,Chashma,23-Jun-23,200931,190031
INDUS,Taunsa,23-Jun-23,150236,128302
INDUS,Guddu,23-Jun-23,102007,79850
INDUS,Sukkar,23-Jun-23,75052,30002
INDUS,Kotri,23-Jun-23,18345,NIL
JHELUM,Kotli,23-Jun-23,-,4830
JHELUM,Mangla,23-Jun-23,60000,10000
JHELUM,Rasul,23-Jun-23,2945,NIL
CHENAB,Marala,23-Jun-23,66832,42332
CHENAB,Khanki,23-Jun-23,52152,44666
CHENAB,Qadirabad,23-Jun-23,41940,19940
CHENAB,Trimmu,23-Jun-23,20825,5225
CHENAB,Punjnad,23-Jun-23,10820,NIL
RAVI,Thein,23-Jun-23,-,-
RAVI,Jassar,23-Jun-23,-,2129
RAVI,Shahdara,23-Jun-23,-,9240
RAVI,Balloki,23-Jun-23,29730,1730
RAVI,Sidhnai,23-Jun-23,15150,NIL
SUTLEJ,Bhakara**,23-Jun-23,-,-
SUTLEJ,Sulemanki,23-Jun-23,14378,1609
SUTLEJ,Islam,23-Jun-23,624,NIL
INDUS,khairabad,23-Jun-23,-,184700
INDUS,Kalabagh,23-Jun-23,174736,167236
INDUS,Chashma,23-Jun-23,218825,206510
INDUS,Taunsa,23-Jun-23,155934,133168
INDUS,Guddu,23-Jun-23,104520,82525
INDUS,Sukkar,23-Jun-23,75160,31010
INDUS,Kotri,23-Jun-23,18345,-
JHELUM,Kotli,23-Jun-23,-,5070
JHELUM,Mangla,23-Jun-23,61000,10000
JHELUM,Rasul,23-Jun-23,2945,-
CHENAB,Marala,23-Jun-23,75212,50712
CHENAB,Khanki,23-Jun-23,56328,48828
CHENAB,Qadirabad,23-Jun-23,49652,27652
CHENAB,Trimmu,23-Jun-23,20825,5225
CHENAB,Punjnad,23-Jun-23,8625,-
RAVI,Thein,23-Jun-23,-,-
RAVI,Jassar,23-Jun-23,-,3901
RAVI,Shahdara,23-Jun-23,-,9240
RAVI,Balloki,23-Jun-23,30710,2310
RAVI,Sidhnai,23-Jun-23,14822,-
SUTLEJ,Bhakara**,23-Jun-23,-,-
SUTLEJ,Sulemanki,23-Jun-23,14378,1609
SUTLEJ,Islam,23-Jun-23,624,-
INDUS,khairabad,23-Jun-23,-,182500
INDUS,Kalabagh,23-Jun-23,182216,174716
INDUS,Chashma,23-Jun-23,217347,206447
INDUS,Taunsa,23-Jun-23,161467,133168
INDUS,Guddu,23-Jun-23,104520,82525
INDUS,Sukkar,23-Jun-23,75160,31010
INDUS,Kotri,23-Jun-23,18345,-
JHELUM,Kotli,23-Jun-23,-,4830
JHELUM,Mangla,23-Jun-23,62000,10000
JHELUM,Rasul,23-Jun-23,2945,-
CHENAB,Marala,23-Jun-23,86090,60840
CHENAB,Khanki,23-Jun-23,49878,42478
CHENAB,Qadirabad,23-Jun-23,53503,31503
CHENAB,Trimmu,23-Jun-23,20825,5225
CHENAB,Punjnad,23-Jun-23,8625,-
RAVI,Thein,23-Jun-23,-,-
RAVI,Jassar,23-Jun-23,-,4660
RAVI,Shahdara,23-Jun-23,-,10404
RAVI,Balloki,23-Jun-23,30710,2310
RAVI,Sidhnai,23-Jun-23,14484,-
SUTLEJ,Bhakara**,23-Jun-23,-,-
SUTLEJ,Sulemanki,23-Jun-23,14378,1609
SUTLEJ,Islam,23-Jun-23,624,-
INDUS,khairabad,24-Jun-23,-,183600
INDUS,Kalabagh,24-Jun-23,194154,186654
INDUS,Chashma,24-Jun-23,218057,207157
INDUS,Taunsa,24-Jun-23,161467,137893
INDUS,Guddu,24-Jun-23,103377,81600
INDUS,Sukkar,24-Jun-23,75180,32030
INDUS,Kotri,24-Jun-23,18315,-
JHELUM,Kotli,24-Jun-23,-,4590
JHELUM,Mangla,24-Jun-23,76000,10000
JHELUM,Rasul,24-Jun-23,2945,-
CHENAB,Marala,24-Jun-23,74233,48983
CHENAB,Khanki,24-Jun-23,56425,48925
CHENAB,Qadirabad,24-Jun-23,53503,31503
CHENAB,Trimmu,24-Jun-23,20825,5225
CHENAB,Punjnad,24-Jun-23,8625,-
RAVI,Thein,24-Jun-23,-,-
RAVI,Jassar,24-Jun-23,-,4660
RAVI,Shahdara,24-Jun-23,-,12063
RAVI,Balloki,24-Jun-23,30710,2310
RAVI,Sidhnai,24-Jun-23,14484,-
SUTLEJ,Bhakara**,24-Jun-23,-,-
SUTLEJ,Sulemanki,24-Jun-23,14378,1609
SUTLEJ,Islam,24-Jun-23,624,-
INDUS,khairabad,24-Jun-23,-,183600
INDUS,Kalabagh,24-Jun-23,194154,186654
INDUS,Chashma,24-Jun-23,210972,200072
INDUS,Taunsa,24-Jun-23,161467,137893
INDUS,Guddu,24-Jun-23,103377,81600
INDUS,Sukkar,24-Jun-23,75180,32030
INDUS,Kotri,24-Jun-23,18315,-
JHELUM,Kotli,24-Jun-23,-,4350
JHELUM,Mangla,24-Jun-23,68000,10000
JHELUM,Rasul,24-Jun-23,2945,-
CHENAB,Marala,24-Jun-23,68880,43630
CHENAB,Khanki,24-Jun-23,69474,61974
CHENAB,Qadirabad,24-Jun-23,53503,31503
CHENAB,Trimmu,24-Jun-23,20825,5225
CHENAB,Punjnad,24-Jun-23,8625,-
RAVI,Thein,24-Jun-23,-,-
RAVI,Jassar,24-Jun-23,-,4154
RAVI,Shahdara,24-Jun-23,-,13306
RAVI,Balloki,24-Jun-23,29730,1730
RAVI,Sidhnai,24-Jun-23,13650,-
SUTLEJ,Bhakara**,24-Jun-23,-,-
SUTLEJ,Sulemanki,24-Jun-23,14378,1609
SUTLEJ,Islam,24-Jun-23,624,141
INDUS,khairabad,24-Jun-23,-,187000
INDUS,Kalabagh,24-Jun-23,198996,191496
INDUS,Chashma,24-Jun-23,210784,199884
INDUS,Taunsa,24-Jun-23,166654,142654
INDUS,Guddu,24-Jun-23,103377,81600
INDUS,Sukkar,24-Jun-23,75180,32030
INDUS,Kotri,24-Jun-23,18315,-
JHELUM,Kotli,24-Jun-23,-,4350
JHELUM,Mangla,24-Jun-23,68000,10000
JHELUM,Rasul,24-Jun-23,2945,Nil
CHENAB,Marala,24-Jun-23,86742,60706
CHENAB,Khanki,24-Jun-23,64132,56632
CHENAB,Qadirabad,24-Jun-23,60686,38686
CHENAB,Trimmu,24-Jun-23,21822,5225
CHENAB,Punjnad,24-Jun-23,8625,Nil
RAVI,Thein,24-Jun-23,-,-
RAVI,Jassar,24-Jun-23,-,3901
RAVI,Shahdara,24-Jun-23,-,13721
RAVI,Balloki,24-Jun-23,30305,2305
RAVI,Sidhnai,24-Jun-23,13400,Nil
SUTLEJ,Bhakara**,24-Jun-23,-,-
SUTLEJ,Sulemanki,24-Jun-23,14482,1609
SUTLEJ,Islam,24-Jun-23,624,Nil
INDUS,khairabad,24-Jun-23,-,188100
INDUS,Kalabagh,24-Jun-23,198996,191496
INDUS,Chashma,24-Jun-23,210933,199933
INDUS,Taunsa,24-Jun-23,166654,142654
INDUS,Guddu,24-Jun-23,103377,81600
INDUS,Sukkar,24-Jun-23,75180,32030
INDUS,Kotri,24-Jun-23,18315,Nil
JHELUM,Kotli,24-Jun-23,-,4590
JHELUM,Mangla,24-Jun-23,70000,10000
JHELUM,Rasul,24-Jun-23,2945,Nil
CHENAB,Marala,24-Jun-23,92012,65039
CHENAB,Khanki,24-Jun-23,64312,56812
CHENAB,Qadirabad,24-Jun-23,60686,38686
CHENAB,Trimmu,24-Jun-23,22825,5225
CHENAB,Punjnad,24-Jun-23,8625,Nil
RAVI,Thein,24-Jun-23,-,-
RAVI,Jassar,24-Jun-23,-,3648
RAVI,Shahdara,24-Jun-23,-,13306
RAVI,Balloki,24-Jun-23,30305,2305
RAVI,Sidhnai,24-Jun-23,13400,Nil
SUTLEJ,Bhakara**,24-Jun-23,-,-
SUTLEJ,Sulemanki,24-Jun-23,14482,1609
SUTLEJ,Islam,24-Jun-23,624,Nil
INDUS,khairabad,25-Jun-23,-,190300
INDUS,Kalabagh,25-Jun-23,197079,189579
INDUS,Chashma,25-Jun-23,210642,199642
INDUS,Taunsa,25-Jun-23,170601,146601
INDUS,Guddu,25-Jun-23,104666,82478
INDUS,Sukkar,25-Jun-23,75580,32030
INDUS,Kotri,25-Jun-23,18420,Nil
JHELUM,Kotli,25-Jun-23,-,4830
JHELUM,Mangla,25-Jun-23,65000,10000
JHELUM,Rasul,25-Jun-23,2945,Nil
CHENAB,Marala,25-Jun-23,87813,60840
CHENAB,Khanki,25-Jun-23,64312,56812
CHENAB,Qadirabad,25-Jun-23,60686,38686
CHENAB,Trimmu,25-Jun-23,22825,5225
CHENAB,Punjnad,25-Jun-23,8625,Nil
RAVI,Thein,25-Jun-23,-,-
RAVI,Jassar,25-Jun-23,-,3684
RAVI,Shahdara,25-Jun-23,-,13306
RAVI,Balloki,25-Jun-23,30305,2305
RAVI,Sidhnai,25-Jun-23,13400,Nil
SUTLEJ,Bhakara**,25-Jun-23,-,-
SUTLEJ,Sulemanki,25-Jun-23,14482,1609
SUTLEJ,Islam,25-Jun-23,624,Nil
INDUS,khairabad,25-Jun-23,-,185800
INDUS,Kalabagh,25-Jun-23,211338,203838
INDUS,Chashma,25-Jun-23,210006,200006
INDUS,Taunsa,25-Jun-23,181594,157594
INDUS,Guddu,25-Jun-23,104666,82478
INDUS,Sukkar,25-Jun-23,75580,32030
INDUS,Kotri,25-Jun-23,,-
JHELUM,Kotli,25-Jun-23,-,5070
JHELUM,Mangla,25-Jun-23,12000,
JHELUM,Rasul,25-Jun-23,2945,-
CHENAB,Marala,25-Jun-23,87590,60840
CHENAB,Khanki,25-Jun-23,70279,62779
CHENAB,Qadirabad,25-Jun-23,57875,35875
CHENAB,Trimmu,25-Jun-23,22825,5225
CHENAB,Punjnad,25-Jun-23,8625,-
RAVI,Thein,25-Jun-23,-,-
RAVI,Jassar,25-Jun-23,-,3141
RAVI,Shahdara,25-Jun-23,-,13306
RAVI,Balloki,25-Jun-23,30710,2310
RAVI,Sidhnai,25-Jun-23,13600,-
SUTLEJ,Bhakara**,25-Jun-23,-,-
SUTLEJ,Sulemanki,25-Jun-23,14482,1609
SUTLEJ,Islam,25-Jun-23,624,-
INDUS,khairabad,25-Jun-23,-,136900
INDUS,Kalabagh,25-Jun-23,198996,191496
INDUS,Chashma,25-Jun-23,216069,205069
INDUS,Taunsa,25-Jun-23,181594,157594
INDUS,Guddu,25-Jun-23,104666,82478
INDUS,Sukkar,25-Jun-23,75580,32030
INDUS,Kotri,25-Jun-23,18420,-
JHELUM,Kotli,25-Jun-23,-,5330
JHELUM,Mangla,25-Jun-23,68000,10000
JHELUM,Rasul,25-Jun-23,2945,-
CHENAB,Marala,25-Jun-23,87813,60840
CHENAB,Khanki,25-Jun-23,64312,56812
CHENAB,Qadirabad,25-Jun-23,63424,41424
CHENAB,Trimmu,25-Jun-23,26694,9094
CHENAB,Punjnad,25-Jun-23,8625,-
RAVI,Thein,25-Jun-23,-,-
RAVI,Jassar,25-Jun-23,-,3141
RAVI,Shahdara,25-Jun-23,-,13306
RAVI,Balloki,25-Jun-23,30710,2310
RAVI,Sidhnai,25-Jun-23,13600,-
SUTLEJ,Bhakara**,25-Jun-23,-,-
SUTLEJ,Sulemanki,25-Jun-23,14482,1609
SUTLEJ,Islam,25-Jun-23,624,-
INDUS,khairabad,25-Jun-23,-,175900
INDUS,Kalabagh,25-Jun-23,213248,205748
INDUS,Chashma,25-Jun-23,209035,198035
INDUS,Taunsa,25-Jun-23,187287,163287
INDUS,Guddu,25-Jun-23,104666,82478
INDUS,Sukkar,25-Jun-23,75590,32030
INDUS,Kotri,25-Jun-23,18420,-
JHELUM,Kotli,25-Jun-23,-,5580
JHELUM,Mangla,25-Jun-23,68000,10000
JHELUM,Rasul,25-Jun-23,2945,-
CHENAB,Marala,25-Jun-23,94110,66660
CHENAB,Khanki,25-Jun-23,92309,54809
CHENAB,Qadirabad,25-Jun-23,63424,41424
CHENAB,Trimmu,25-Jun-23,27604,1004
CHENAB,Punjnad,25-Jun-23,8625,-
RAVI,Thein,25-Jun-23,-,-
RAVI,Jassar,25-Jun-23,-,3901
RAVI,Shahdara,25-Jun-23,-,13721
RAVI,Balloki,25-Jun-23,30710,2310
RAVI,Sidhnai,25-Jun-23,13921,-
SUTLEJ,Bhakara**,25-Jun-23,-,-
SUTLEJ,Sulemanki,25-Jun-23,14482,1609
SUTLEJ,Islam,25-Jun-23,624,-
INDUS,khairabad,26-Jun-23,-,196000
INDUS,Kalabagh,26-Jun-23,190335,182835
INDUS,Chashma,26-Jun-23,207104,196104
INDUS,Taunsa,26-Jun-23,186683,160883
INDUS,Guddu,26-Jun-23,115192,90473
INDUS,Sukkar,26-Jun-23,76545,32095
INDUS,Kotri,26-Jun-23,18420,-
JHELUM,Kotli,26-Jun-23,-,6640
JHELUM,Mangla,26-Jun-23,122000,10000
JHELUM,Rasul,26-Jun-23,2945,-
CHENAB,Marala,26-Jun-23,92492,65042
CHENAB,Khanki,26-Jun-23,67206,59706
CHENAB,Qadirabad,26-Jun-23,63424,41424
CHENAB,Trimmu,26-Jun-23,27604,10004
CHENAB,Punjnad,26-Jun-23,8625,-
RAVI,Thein,26-Jun-23,-,-
RAVI,Jassar,26-Jun-23,-,3901
RAVI,Shahdara,26-Jun-23,-,13721
RAVI,Balloki,26-Jun-23,30710,2310
RAVI,Sidhnai,26-Jun-23,13921,-
SUTLEJ,Bhakara**,26-Jun-23,-,-
SUTLEJ,Sulemanki,26-Jun-23,15413,3048
SUTLEJ,Islam,26-Jun-23,624,-
INDUS,khairabad,26-Jun-23,-,180300
INDUS,Kalabagh,26-Jun-23,198041,190541
INDUS,Chashma,26-Jun-23,211000,200000
INDUS,Taunsa,26-Jun-23,186683,160883
INDUS,Guddu,26-Jun-23,121124,96322
INDUS,Sukkar,26-Jun-23,76545,32095
INDUS,Kotri,26-Jun-23,18420,-
JHELUM,Kotli,26-Jun-23,-,16970
JHELUM,Mangla,26-Jun-23,122000,10000
JHELUM,Rasul,26-Jun-23,5945,-
CHENAB,Marala,26-Jun-23,93610,66660
CHENAB,Khanki,26-Jun-23,72670,65170
CHENAB,Qadirabad,26-Jun-23,63424,41424
CHENAB,Trimmu,26-Jun-23,29297,11697
CHENAB,Punjnad,26-Jun-23,8625,-
RAVI,Thein,26-Jun-23,-,-
RAVI,Jassar,26-Jun-23,-,2635
RAVI,Shahdara,26-Jun-23,-,14945
RAVI,Balloki,26-Jun-23,33420,5420
RAVI,Sidhnai,26-Jun-23,13921,-
SUTLEJ,Bhakara**,26-Jun-23,-,-
SUTLEJ,Sulemanki,26-Jun-23,15413,3048
SUTLEJ,Islam,26-Jun-23,624,-
INDUS,khairabad,26-Jun-23,-,196000
INDUS,Kalabagh,26-Jun-23,198041,190541
INDUS,Chashma,26-Jun-23,214084,205759
INDUS,Taunsa,26-Jun-23,194757,168957
INDUS,Guddu,26-Jun-23,124321,99279
INDUS,Sukkar,26-Jun-23,76545,32095
INDUS,Kotri,26-Jun-23,18420,-
JHELUM,Kotli,26-Jun-23,-,14110
JHELUM,Mangla,26-Jun-23,70000,10000
JHELUM,Rasul,26-Jun-23,8945,-
CHENAB,Marala,26-Jun-23,122780,98430
CHENAB,Khanki,26-Jun-23,76862,69362
CHENAB,Qadirabad,26-Jun-23,68169,46169
CHENAB,Trimmu,26-Jun-23,29297,11697
CHENAB,Punjnad,26-Jun-23,9651,-
RAVI,Thein,26-Jun-23,-,-
RAVI,Jassar,26-Jun-23,-,2129
RAVI,Shahdara,26-Jun-23,-,15353
RAVI,Balloki,26-Jun-23,34615,7115
RAVI,Sidhnai,26-Jun-23,13550,-
SUTLEJ,Bhakara**,26-Jun-23,-,-
SUTLEJ,Sulemanki,26-Jun-23,15043,3285
SUTLEJ,Islam,26-Jun-23,624,-
INDUS,khairabad,26-Jun-23,-,194800
INDUS,Kalabagh,26-Jun-23,210383,202883
INDUS,Chashma,26-Jun-23,217577,207592
INDUS,Taunsa,26-Jun-23,194757,168957
INDUS,Guddu,26-Jun-23,124321,99279
INDUS,Sukkar,26-Jun-23,76545,32095
INDUS,Kotri,26-Jun-23,18420,-
JHELUM,Kotli,26-Jun-23,-,12070
JHELUM,Mangla,26-Jun-23,80000,10000
JHELUM,Rasul,26-Jun-23,18136,5341
CHENAB,Marala,26-Jun-23,131102,106702
CHENAB,Khanki,26-Jun-23,76862,69362
CHENAB,Qadirabad,26-Jun-23,72546,50546
CHENAB,Trimmu,26-Jun-23,29297,11697
CHENAB,Punjnad,26-Jun-23,9651,-
RAVI,Thein,26-Jun-23,-,-
RAVI,Jassar,26-Jun-23,-,3901
RAVI,Shahdara,26-Jun-23,-,14945
RAVI,Balloki,26-Jun-23,35475,7975
RAVI,Sidhnai,26-Jun-23,13600,-
SUTLEJ,Bhakara**,26-Jun-23,-,-
SUTLEJ,Sulemanki,26-Jun-23,15043,3285
SUTLEJ,Islam,26-Jun-23,624,-
INDUS,khairabad,27-Jun-23,-,169400
INDUS,Kalabagh,27-Jun-23,220350,212850
INDUS,Chashma,27-Jun-23,215009,207729
INDUS,Taunsa,27-Jun-23,195132,169332
INDUS,Guddu,27-Jun-23,128129,100860
INDUS,Sukkar,27-Jun-23,80863,36413
INDUS,Kotri,27-Jun-23,18660,-
JHELUM,Kotli,27-Jun-23,-,10140
JHELUM,Mangla,27-Jun-23,90000,10000
JHELUM,Rasul,27-Jun-23,12045,-
CHENAB,Marala,27-Jun-23,122676,98276
CHENAB,Khanki,27-Jun-23,112319,104819
CHENAB,Qadirabad,27-Jun-23,86079,64079
CHENAB,Trimmu,27-Jun-23,31028,13428
CHENAB,Punjnad,27-Jun-23,9651,-
RAVI,Thein,27-Jun-23,-,-
RAVI,Jassar,27-Jun-23,-,3901
RAVI,Shahdara,27-Jun-23,-,15353
RAVI,Balloki,27-Jun-23,37180,9680
RAVI,Sidhnai,27-Jun-23,13771,-
SUTLEJ,Bhakara**,27-Jun-23,-,-
SUTLEJ,Sulemanki,27-Jun-23,15027,3269
SUTLEJ,Islam,27-Jun-23,600,-
INDUS,khairabad,27-Jun-23,-,197100
INDUS,Kalabagh,27-Jun-23,231997,224497
INDUS,Chashma,27-Jun-23,212799,205394
INDUS,Taunsa,27-Jun-23,195132,169332
INDUS,Guddu,27-Jun-23,131397,102495
INDUS,Sukkar,27-Jun-23,82460,38010
INDUS,Kotri,27-Jun-23,20025,-
JHELUM,Kotli,27-Jun-23,-,8620
JHELUM,Mangla,27-Jun-23,102000,10000
JHELUM,Rasul,27-Jun-23,10545,-
CHENAB,Marala,27-Jun-23,111312,86702
CHENAB,Khanki,27-Jun-23,112319,104819
CHENAB,Qadirabad,27-Jun-23,113330,91330
CHENAB,Trimmu,27-Jun-23,32693,15093
CHENAB,Punjnad,27-Jun-23,9651,-
RAVI,Thein,27-Jun-23,-,-
RAVI,Jassar,27-Jun-23,-,5676
RAVI,Shahdara,27-Jun-23,-,15353
RAVI,Balloki,27-Jun-23,37180,9680
RAVI,Sidhnai,27-Jun-23,13771,-
SUTLEJ,Bhakara**,27-Jun-23,-,-
SUTLEJ,Sulemanki,27-Jun-23,15027,3269
SUTLEJ,Islam,27-Jun-23,600,-
INDUS,khairabad,27-Jun-23,-,197100
INDUS,Kalabagh,27-Jun-23,231997,224497
INDUS,Chashma,27-Jun-23,211590,204926
INDUS,Taunsa,27-Jun-23,195332,169332
INDUS,Guddu,27-Jun-23,132447,103545
INDUS,Sukkar,27-Jun-23,84483,40033
INDUS,Kotri,27-Jun-23,21305,-
JHELUM,Kotli,27-Jun-23,-,7190
JHELUM,Mangla,27-Jun-23,72000,10000
JHELUM,Rasul,27-Jun-23,9255,-
CHENAB,Marala,27-Jun-23,98931,73076
CHENAB,Khanki,27-Jun-23,107457,99957
CHENAB,Qadirabad,27-Jun-23,117442,95442
CHENAB,Trimmu,27-Jun-23,35214,17614
CHENAB,Punjnad,27-Jun-23,9651,-
RAVI,Thein,27-Jun-23,-,-
RAVI,Jassar,27-Jun-23,-,6602
RAVI,Shahdara,27-Jun-23,-,14945
RAVI,Balloki,27-Jun-23,37585,9985
RAVI,Sidhnai,27-Jun-23,14100,-
SUTLEJ,Bhakara**,27-Jun-23,-,-
SUTLEJ,Sulemanki,27-Jun-23,15108,3494
SUTLEJ,Islam,27-Jun-23,600,-
INDUS,khairabad,27-Jun-23,-,213200
INDUS,Kalabagh,27-Jun-23,218440,210940
INDUS,Chashma,27-Jun-23,210034,205034
INDUS,Taunsa,27-Jun-23,195332,169332
INDUS,Guddu,27-Jun-23,132447,103545
INDUS,Sukkar,27-Jun-23,84483,40033
INDUS,Kotri,27-Jun-23,21305,-
JHELUM,Kotli,27-Jun-23,-,6910
JHELUM,Mangla,27-Jun-23,70000,10000
JHELUM,Rasul,27-Jun-23,7755,-
CHENAB,Marala,27-Jun-23,96888,70488
CHENAB,Khanki,27-Jun-23,107457,99957
CHENAB,Qadirabad,27-Jun-23,117442,95442
CHENAB,Trimmu,27-Jun-23,37962,20362
CHENAB,Punjnad,27-Jun-23,9651,-
RAVI,Thein,27-Jun-23,-,-
RAVI,Jassar,27-Jun-23,-,8846
RAVI,Shahdara,27-Jun-23,-,13306
RAVI,Balloki,27-Jun-23,37585,9985
RAVI,Sidhnai,27-Jun-23,14018,-
SUTLEJ,Bhakara**,27-Jun-23,-,-
SUTLEJ,Sulemanki,27-Jun-23,15108,3494
SUTLEJ,Islam,27-Jun-23,600,-
INDUS,khairabad,28-Jun-23,-,196000
INDUS,Kalabagh,28-Jun-23,225433,217933
INDUS,Chashma,28-Jun-23,209840,204840
INDUS,Taunsa,28-Jun-23,195332,169332
INDUS,Guddu,28-Jun-23,139625,109643
INDUS,Sukkar,28-Jun-23,89016,42076
INDUS,Kotri,28-Jun-23,21405,-
JHELUM,Kotli,28-Jun-23,-,7470
JHELUM,Mangla,28-Jun-23,65000,10000
JHELUM,Rasul,28-Jun-23,6255,-
CHENAB,Marala,28-Jun-23,91608,65208
CHENAB,Khanki,28-Jun-23,92748,85248
CHENAB,Qadirabad,28-Jun-23,113330,91330
CHENAB,Trimmu,28-Jun-23,37962,20362
CHENAB,Punjnad,28-Jun-23,9651,-
RAVI,Thein,28-Jun-23,-,-
RAVI,Jassar,28-Jun-23,-,8846
RAVI,Shahdara,28-Jun-23,-,12063
RAVI,Balloki,28-Jun-23,37585,9985
RAVI,Sidhnai,28-Jun-23,14018,-
SUTLEJ,Bhakara**,28-Jun-23,-,-
SUTLEJ,Sulemanki,28-Jun-23,15435,3722
SUTLEJ,Islam,28-Jun-23,600,-
INDUS,khairabad,28-Jun-23,-,210900
INDUS,Kalabagh,28-Jun-23,237528,230028
INDUS,Chashma,28-Jun-23,212158,205089
INDUS,Taunsa,28-Jun-23,195332,169332
INDUS,Guddu,28-Jun-23,139625,109643
INDUS,Sukkar,28-Jun-23,90040,43310
INDUS,Kotri,28-Jun-23,21985,-
JHELUM,Kotli,28-Jun-23,-,7190
JHELUM,Mangla,28-Jun-23,72000,10000
JHELUM,Rasul,28-Jun-23,3005,-
CHENAB,Marala,28-Jun-23,91408,65208
CHENAB,Khanki,28-Jun-23,76448,68948
CHENAB,Qadirabad,28-Jun-23,98312,76312
CHENAB,Trimmu,28-Jun-23,39488,21888
CHENAB,Punjnad,28-Jun-23,9651,-
RAVI,Thein,28-Jun-23,-,-
RAVI,Jassar,28-Jun-23,-,7350
RAVI,Shahdara,28-Jun-23,-,13306
RAVI,Balloki,28-Jun-23,37585,9985
RAVI,Sidhnai,28-Jun-23,14993,-
SUTLEJ,Bhakara**,28-Jun-23,-,-
SUTLEJ,Sulemanki,28-Jun-23,15435,3722
SUTLEJ,Islam,28-Jun-23,600,-
INDUS,khairabad,28-Jun-23,-,196000
INDUS,Kalabagh,28-Jun-23,223524,216024
INDUS,Chashma,28-Jun-23,252711,249780
INDUS,Taunsa,28-Jun-23,195332,169332
INDUS,Guddu,28-Jun-23,143127,110929
INDUS,Sukkar,28-Jun-23,91050,43770
INDUS,Kotri,28-Jun-23,22235,Nil
JHELUM,Kotli,28-Jun-23,-,6910
JHELUM,Mangla,28-Jun-23,72000,10000
JHELUM,Rasul,28-Jun-23,3005,Nil
CHENAB,Marala,28-Jun-23,86800,60600
CHENAB,Khanki,28-Jun-23,76448,68948
CHENAB,Qadirabad,28-Jun-23,80392,58392
CHENAB,Trimmu,28-Jun-23,40829,23229
CHENAB,Punjnad,28-Jun-23,9651,Nil
RAVI,Thein,28-Jun-23,-,-
RAVI,Jassar,28-Jun-23,-,6602
RAVI,Shahdara,28-Jun-23,-,13721
RAVI,Balloki,28-Jun-23,37285,9985
RAVI,Sidhnai,28-Jun-23,14993,Nil
SUTLEJ,Bhakara**,28-Jun-23,-,-
SUTLEJ,Sulemanki,28-Jun-23,15231,3722
SUTLEJ,Islam,28-Jun-23,600,Nil
INDUS,khairabad,28-Jun-23,-,219100
INDUS,Kalabagh,28-Jun-23,229133,221633
INDUS,Chashma,28-Jun-23,320267,315267
INDUS,Taunsa,28-Jun-23,195332,169332
INDUS,Guddu,28-Jun-23,143127,110929
INDUS,Sukkar,28-Jun-23,91050,43770
INDUS,Kotri,28-Jun-23,22235,-
JHELUM,Kotli,28-Jun-23,-,6910
JHELUM,Mangla,28-Jun-23,58000,10000
JHELUM,Rasul,28-Jun-23,3005,-
CHENAB,Marala,28-Jun-23,91936,65736
CHENAB,Khanki,28-Jun-23,71718,64218
CHENAB,Qadirabad,28-Jun-23,68558,46558
CHENAB,Trimmu,28-Jun-23,45756,28156
CHENAB,Punjnad,28-Jun-23,9651,-
RAVI,Thein,28-Jun-23,-,-
RAVI,Jassar,28-Jun-23,-,6602
RAVI,Shahdara,28-Jun-23,-,15761
RAVI,Balloki,28-Jun-23,37585,9985
RAVI,Sidhnai,28-Jun-23,15460,-
SUTLEJ,Bhakara**,28-Jun-23,-,-
SUTLEJ,Sulemanki,28-Jun-23,15231,3722
SUTLEJ,Islam,28-Jun-23,600,-
INDUS,khairabad,29-Jun-23,-,204000
INDUS,Kalabagh,29-Jun-23,231997,224497
INDUS,Chashma,29-Jun-23,274172,269172
INDUS,Taunsa,29-Jun-23,197611,171611
INDUS,Guddu,29-Jun-23,155116,123856
INDUS,Sukkar,29-Jun-23,100259,50209
INDUS,Kotri,29-Jun-23,23915,Nil
JHELUM,Kotli,29-Jun-23,-,6640
JHELUM,Mangla,29-Jun-23,62000,10000
JHELUM,Rasul,29-Jun-23,3005,Nil
CHENAB,Marala,29-Jun-23,86800,60600
CHENAB,Khanki,29-Jun-23,73096,65596
CHENAB,Qadirabad,29-Jun-23,64787,42787
CHENAB,Trimmu,29-Jun-23,53675,36075
CHENAB,Punjnad,29-Jun-23,9651,Nil
RAVI,Thein,29-Jun-23,-,-
RAVI,Jassar,29-Jun-23,-,6602
RAVI,Shahdara,29-Jun-23,-,16168
RAVI,Balloki,29-Jun-23,37285,9985
RAVI,Sidhnai,29-Jun-23,15700,Nil
SUTLEJ,Bhakara**,29-Jun-23,-,-
SUTLEJ,Sulemanki,29-Jun-23,14494,3062
SUTLEJ,Islam,29-Jun-23,600,Nil
INDUS,khairabad,29-Jun-23,-,185800
INDUS,Kalabagh,29-Jun-23,239409,231909
INDUS,Chashma,29-Jun-23,259892,254892
INDUS,Taunsa,29-Jun-23,197723,171723
INDUS,Guddu,29-Jun-23,160098,128647
INDUS,Sukkar,29-Jun-23,104140,52800
INDUS,Kotri,29-Jun-23,23915,-
JHELUM,Kotli,29-Jun-23,-,6370
JHELUM,Mangla,29-Jun-23,72000,10000
JHELUM,Rasul,29-Jun-23,3005,-
CHENAB,Marala,29-Jun-23,91408,65208
CHENAB,Khanki,29-Jun-23,74437,66937
CHENAB,Qadirabad,29-Jun-23,64189,42189
CHENAB,Trimmu,29-Jun-23,58831,41231
CHENAB,Punjnad,29-Jun-23,9651,-
RAVI,Thein,29-Jun-23,-,-
RAVI,Jassar,29-Jun-23,-,5676
RAVI,Shahdara,29-Jun-23,-,16168
RAVI,Balloki,29-Jun-23,37285,9985
RAVI,Sidhnai,29-Jun-23,19339,3639
SUTLEJ,Bhakara**,29-Jun-23,-,-
SUTLEJ,Sulemanki,29-Jun-23,14494,3062
SUTLEJ,Islam,29-Jun-23,600,-
INDUS,khairabad,29-Jun-23,-,190300
INDUS,Kalabagh,29-Jun-23,215676,208176
INDUS,Chashma,29-Jun-23,225300,220300
INDUS,Taunsa,29-Jun-23,197723,171723
INDUS,Guddu,29-Jun-23,160098,128647
INDUS,Sukkar,29-Jun-23,104340,52800
INDUS,Kotri,29-Jun-23,24125,Nil
JHELUM,Kotli,29-Jun-23,-,6100
JHELUM,Mangla,29-Jun-23,72000,10000
JHELUM,Rasul,29-Jun-23,3005,Nil
CHENAB,Marala,29-Jun-23,87040,60840
CHENAB,Khanki,29-Jun-23,71718,64218
CHENAB,Qadirabad,29-Jun-23,66943,44943
CHENAB,Trimmu,29-Jun-23,61240,43640
CHENAB,Punjnad,29-Jun-23,9651,Nil
RAVI,Thein,29-Jun-23,-,-
RAVI,Jassar,29-Jun-23,-,5676
RAVI,Shahdara,29-Jun-23,-,17392
RAVI,Balloki,29-Jun-23,37285,9985
RAVI,Sidhnai,29-Jun-23,19139,3639
SUTLEJ,Bhakara**,29-Jun-23,-,-
SUTLEJ,Sulemanki,29-Jun-23,15577,5438
SUTLEJ,Islam,29-Jun-23,600,Nil
INDUS,khairabad,29-Jun-23,-,212100
INDUS,Kalabagh,29-Jun-23,215676,208176
INDUS,Chashma,29-Jun-23,230597,225597
INDUS,Taunsa,29-Jun-23,197723,171723
INDUS,Guddu,29-Jun-23,160098,128647
INDUS,Sukkar,29-Jun-23,104340,52800
INDUS,Kotri,29-Jun-23,24125,-
JHELUM,Kotli,29-Jun-23,-,6100
JHELUM,Mangla,29-Jun-23,65000,10000
JHELUM,Rasul,29-Jun-23,3005,-
CHENAB,Marala,29-Jun-23,87040,60840
CHENAB,Khanki,29-Jun-23,69450,61950
CHENAB,Qadirabad,29-Jun-23,64189,42189
CHENAB,Trimmu,29-Jun-23,63151,45551
CHENAB,Punjnad,29-Jun-23,9651,-
RAVI,Thein,29-Jun-23,-,-
RAVI,Jassar,29-Jun-23,-,5676
RAVI,Shahdara,29-Jun-23,-,15353
RAVI,Balloki,29-Jun-23,35475,7975
RAVI,Sidhnai,29-Jun-23,20127,4627
SUTLEJ,Bhakara**,29-Jun-23,-,-
SUTLEJ,Sulemanki,29-Jun-23,15577,5438
SUTLEJ,Islam,29-Jun-23,1180,-
INDUS,khairabad,30-Jun-23,-,222700
INDUS,Kalabagh,30-Jun-23,207519,200019
INDUS,Chashma,30-Jun-23,256632,251432
INDUS,Taunsa,30-Jun-23,199317,173317
INDUS,Guddu,30-Jun-23,160098,128647
INDUS,Sukkar,30-Jun-23,116020,63550
INDUS,Kotri,30-Jun-23,24355,Nil
JHELUM,Kotli,30-Jun-23,-,6370
JHELUM,Mangla,30-Jun-23,62000,10000
JHELUM,Rasul,30-Jun-23,3005,Nil
CHENAB,Marala,30-Jun-23,81604,55404
CHENAB,Khanki,30-Jun-23,65413,57913
CHENAB,Qadirabad,30-Jun-23,64189,42189
CHENAB,Trimmu,30-Jun-23,63151,45551
CHENAB,Punjnad,30-Jun-23,9651,Nil
RAVI,Thein,30-Jun-23,-,-
RAVI,Jassar,30-Jun-23,-,5676
RAVI,Shahdara,30-Jun-23,-,15353
RAVI,Balloki,30-Jun-23,37285,9985
RAVI,Sidhnai,30-Jun-23,20177,4627
SUTLEJ,Bhakara**,30-Jun-23,-,-
SUTLEJ,Sulemanki,30-Jun-23,15755,5438
SUTLEJ,Islam,30-Jun-23,1180,Nil
INDUS,khairabad,30-Jun-23,-,185800
INDUS,Kalabagh,30-Jun-23,215576,208076
INDUS,Chashma,30-Jun-23,245412,240412
INDUS,Taunsa,30-Jun-23,204625,178625
INDUS,Guddu,30-Jun-23,160086,126783
INDUS,Sukkar,30-Jun-23,116310,63550
INDUS,Kotri,30-Jun-23,24765,-
JHELUM,Kotli,30-Jun-23,-,6640
JHELUM,Mangla,30-Jun-23,48000,10000
JHELUM,Rasul,30-Jun-23,8005,-
CHENAB,Marala,30-Jun-23,81604,55404
CHENAB,Khanki,30-Jun-23,76448,68948
CHENAB,Qadirabad,30-Jun-23,61364,39364
CHENAB,Trimmu,30-Jun-23,62016,44416
CHENAB,Punjnad,30-Jun-23,9651,-
RAVI,Thein,30-Jun-23,-,-
RAVI,Jassar,30-Jun-23,-,5845
RAVI,Shahdara,30-Jun-23,-,15353
RAVI,Balloki,30-Jun-23,37835,10535
RAVI,Sidhnai,30-Jun-23,20938,5288
SUTLEJ,Bhakara**,30-Jun-23,-,-
SUTLEJ,Sulemanki,30-Jun-23,15755,5438
SUTLEJ,Islam,30-Jun-23,1000,-
INDUS,khairabad,30-Jun-23,-,183600
INDUS,Kalabagh,30-Jun-23,194223,186723
INDUS,Chashma,30-Jun-23,195033,187964
INDUS,Taunsa,30-Jun-23,222666,196666
INDUS,Guddu,30-Jun-23,160086,126783
INDUS,Sukkar,30-Jun-23,116310,63550
INDUS,Kotri,30-Jun-23,25325,Nil
JHELUM,Kotli,30-Jun-23,-,6910
JHELUM,Mangla,30-Jun-23,70000,10000
JHELUM,Rasul,30-Jun-23,7505,Nil
CHENAB,Marala,30-Jun-23,75183,48983
CHENAB,Khanki,30-Jun-23,69450,61950
CHENAB,Qadirabad,30-Jun-23,68800,46800
CHENAB,Trimmu,30-Jun-23,60489,43619
CHENAB,Punjnad,30-Jun-23,13800,Nil
RAVI,Thein,30-Jun-23,-,-
RAVI,Jassar,30-Jun-23,-,9591
RAVI,Shahdara,30-Jun-23,-,14945
RAVI,Balloki,30-Jun-23,37835,10535
RAVI,Sidhnai,30-Jun-23,21099,5949
SUTLEJ,Bhakara**,30-Jun-23,-,-
SUTLEJ,Sulemanki,30-Jun-23,16153,5438
SUTLEJ,Islam,30-Jun-23,1000,Nil
INDUS,khairabad,30-Jun-23,-,201700
INDUS,Kalabagh,30-Jun-23,201491,193991
INDUS,Chashma,30-Jun-23,194504,187435
INDUS,Taunsa,30-Jun-23,237793,211793
INDUS,Guddu,30-Jun-23,160086,126783
INDUS,Sukkar,30-Jun-23,116310,63550
INDUS,Kotri,30-Jun-23,25325,-
JHELUM,Kotli,30-Jun-23,-,7190
JHELUM,Mangla,30-Jun-23,64000,10000
JHELUM,Rasul,30-Jun-23,6005,-
CHENAB,Marala,30-Jun-23,75183,48783
CHENAB,Khanki,30-Jun-23,65413,57913
CHENAB,Qadirabad,30-Jun-23,46189,42189
CHENAB,Trimmu,30-Jun-23,51270,35670
CHENAB,Punjnad,30-Jun-23,13800,-
RAVI,Thein,30-Jun-23,-,-
RAVI,Jassar,30-Jun-23,-,5845
RAVI,Shahdara,30-Jun-23,-,14945
RAVI,Balloki,30-Jun-23,37835,10535
RAVI,Sidhnai,30-Jun-23,21650,9800
SUTLEJ,Bhakara**,30-Jun-23,-,-
SUTLEJ,Sulemanki,30-Jun-23,16153,5438
SUTLEJ,Islam,30-Jun-23,900,-
INDUS,khairabad,01-Jul-23,-,190300
INDUS,Kalabagh,01-Jul-23,209429,201929
INDUS,Chashma,01-Jul-23,194474,187405
INDUS,Taunsa,01-Jul-23,234855,212634
INDUS,Guddu,01-Jul-23,160086,126783
INDUS,Sukkar,01-Jul-23,120720,66820
INDUS,Kotri,01-Jul-23,25365,Nil
JHELUM,Kotli,01-Jul-23,-,7470
JHELUM,Mangla,01-Jul-23,58000,10000
JHELUM,Rasul,01-Jul-23,3005,Nil
CHENAB,Marala,01-Jul-23,75183,48983
CHENAB,Khanki,01-Jul-23,61860,54660
CHENAB,Qadirabad,01-Jul-23,64189,42189
CHENAB,Trimmu,01-Jul-23,44610,29010
CHENAB,Punjnad,01-Jul-23,13800,Nil
RAVI,Thein,01-Jul-23,-,-
RAVI,Jassar,01-Jul-23,-,5845
RAVI,Shahdara,01-Jul-23,-,15761
RAVI,Balloki,01-Jul-23,37835,10535
RAVI,Sidhnai,01-Jul-23,20346,8496
SUTLEJ,Bhakara**,01-Jul-23,-,-
SUTLEJ,Sulemanki,01-Jul-23,15021,4009
SUTLEJ,Islam,01-Jul-23,900,Nil
INDUS,khairabad,01-Jul-23,-,105900
INDUS,Kalabagh,01-Jul-23,209429,201929
INDUS,Chashma,01-Jul-23,215131,210431
INDUS,Taunsa,01-Jul-23,239141,26522
INDUS,Guddu,01-Jul-23,160286,125662
INDUS,Sukkar,01-Jul-23,120720,66820
INDUS,Kotri,01-Jul-23,25645,-
JHELUM,Kotli,01-Jul-23,-,7190
JHELUM,Mangla,01-Jul-23,45000,10000
JHELUM,Rasul,01-Jul-23,3005,-
CHENAB,Marala,01-Jul-23,64477,38277
CHENAB,Khanki,01-Jul-23,61860,54360
CHENAB,Qadirabad,01-Jul-23,57428,35428
CHENAB,Trimmu,01-Jul-23,44610,29010
CHENAB,Punjnad,01-Jul-23,17678,4078
RAVI,Thein,01-Jul-23,-,-
RAVI,Jassar,01-Jul-23,-,5676
RAVI,Shahdara,01-Jul-23,-,15761
RAVI,Balloki,01-Jul-23,37835,10533
RAVI,Sidhnai,01-Jul-23,20497,8497
SUTLEJ,Bhakara**,01-Jul-23,-,-
SUTLEJ,Sulemanki,01-Jul-23,15021,4009
SUTLEJ,Islam,01-Jul-23,2172,1272
INDUS,khairabad,01-Jul-23,-,87900
INDUS,Kalabagh,01-Jul-23,165706,158206
INDUS,Chashma,01-Jul-23,214831,210131
INDUS,Taunsa,01-Jul-23,239141,216522
INDUS,Guddu,01-Jul-23,160317,125395
INDUS,Sukkar,01-Jul-23,116950,63050
INDUS,Kotri,01-Jul-23,26455,Nil
JHELUM,Kotli,01-Jul-23,-,6910
JHELUM,Mangla,01-Jul-23,57000,10000
JHELUM,Rasul,01-Jul-23,3155,Nil
CHENAB,Marala,01-Jul-23,69980,43630
CHENAB,Khanki,01-Jul-23,61860,54360
CHENAB,Qadirabad,01-Jul-23,54755,32755
CHENAB,Trimmu,01-Jul-23,44610,29010
CHENAB,Punjnad,01-Jul-23,17678,4078
RAVI,Thein,01-Jul-23,-,-
RAVI,Jassar,01-Jul-23,-,6353
RAVI,Shahdara,01-Jul-23,-,15353
RAVI,Balloki,01-Jul-23,37935,10535
RAVI,Sidhnai,01-Jul-23,18166,4961
SUTLEJ,Bhakara**,01-Jul-23,-,-
SUTLEJ,Sulemanki,01-Jul-23,16850,5438
SUTLEJ,Islam,01-Jul-23,2760,1777
INDUS,khairabad,01-Jul-23,-,93200
INDUS,Kalabagh,01-Jul-23,165706,158206
INDUS,Chashma,01-Jul-23,214639,209939
INDUS,Taunsa,01-Jul-23,239141,216522
INDUS,Guddu,01-Jul-23,160317,125395
INDUS,Sukkar,01-Jul-23,116950,63050
INDUS,Kotri,01-Jul-23,26455,-
JHELUM,Kotli,01-Jul-23,-,6910
JHELUM,Mangla,01-Jul-23,56000,10000
JHELUM,Rasul,01-Jul-23,6155,-
CHENAB,Marala,01-Jul-23,64627,38277
CHENAB,Khanki,01-Jul-23,51060,43560
CHENAB,Qadirabad,01-Jul-23,54755,32755
CHENAB,Trimmu,01-Jul-23,42847,27247
CHENAB,Punjnad,01-Jul-23,17678,4078
RAVI,Thein,01-Jul-23,-,-
RAVI,Jassar,01-Jul-23,-,7350
RAVI,Shahdara,01-Jul-23,-,13721
RAVI,Balloki,01-Jul-23,37285,9985
RAVI,Sidhnai,01-Jul-23,18627,4627
SUTLEJ,Bhakara**,01-Jul-23,-,-
SUTLEJ,Sulemanki,01-Jul-23,16850,5438
SUTLEJ,Islam,01-Jul-23,2760,1777
INDUS,khairabad,02-Jul-23,-,110600
INDUS,Kalabagh,02-Jul-23,143560,136060
INDUS,Chashma,02-Jul-23,215628,212997
INDUS,Taunsa,02-Jul-23,234356,211772
INDUS,Guddu,02-Jul-23,164208,127968
INDUS,Sukkar,02-Jul-23,116251,62311
INDUS,Kotri,02-Jul-23,26625,Nil
JHELUM,Kotli,02-Jul-23,-,7190
JHELUM,Mangla,02-Jul-23,62000,10000
JHELUM,Rasul,02-Jul-23,3155,Nil
CHENAB,Marala,02-Jul-23,69980,43630
CHENAB,Khanki,02-Jul-23,51060,43560
CHENAB,Qadirabad,02-Jul-23,54755,32755
CHENAB,Trimmu,02-Jul-23,72847,27247
CHENAB,Punjnad,02-Jul-23,21148,8478
RAVI,Thein,02-Jul-23,-,-
RAVI,Jassar,02-Jul-23,-,7350
RAVI,Shahdara,02-Jul-23,-,14129
RAVI,Balloki,02-Jul-23,37585,9985
RAVI,Sidhnai,02-Jul-23,19622,5622
SUTLEJ,Bhakara**,02-Jul-23,-,-
SUTLEJ,Sulemanki,02-Jul-23,16850,5438
SUTLEJ,Islam,02-Jul-23,2760,1777
INDUS,khairabad,02-Jul-23,-,127000
INDUS,Kalabagh,02-Jul-23,165706,158206
INDUS,Chashma,02-Jul-23,211431,210059
INDUS,Taunsa,02-Jul-23,234356,211475
INDUS,Guddu,02-Jul-23,164208,127968
INDUS,Sukkar,02-Jul-23,116251,62311
INDUS,Kotri,02-Jul-23,28505,-
JHELUM,Kotli,02-Jul-23,-,6910
JHELUM,Mangla,02-Jul-23,68000,10000
JHELUM,Rasul,02-Jul-23,3155,-
CHENAB,Marala,02-Jul-23,64627,38277
CHENAB,Khanki,02-Jul-23,47208,39708
CHENAB,Qadirabad,02-Jul-23,45844,23844
CHENAB,Trimmu,02-Jul-23,42847,27247
CHENAB,Punjnad,02-Jul-23,25346,11676
RAVI,Thein,02-Jul-23,-,-
RAVI,Jassar,02-Jul-23,-,4660
RAVI,Shahdara,02-Jul-23,-,14129
RAVI,Balloki,02-Jul-23,37385,9985
RAVI,Sidhnai,02-Jul-23,19622,5622
SUTLEJ,Bhakara**,02-Jul-23,-,-
SUTLEJ,Sulemanki,02-Jul-23,16850,5438
SUTLEJ,Islam,02-Jul-23,983,-
INDUS,khairabad,02-Jul-23,-,134900
INDUS,Kalabagh,02-Jul-23,165706,158206
INDUS,Chashma,02-Jul-23,220180,216810
INDUS,Taunsa,02-Jul-23,229062,206673
INDUS,Guddu,02-Jul-23,164208,127968
INDUS,Sukkar,02-Jul-23,114090,60050
INDUS,Kotri,02-Jul-23,29590,-
JHELUM,Kotli,02-Jul-23,-,6640
JHELUM,Mangla,02-Jul-23,70000,10000
JHELUM,Rasul,02-Jul-23,3355,-
CHENAB,Marala,02-Jul-23,70580,43630
CHENAB,Khanki,02-Jul-23,47208,39708
CHENAB,Qadirabad,02-Jul-23,45844,23844
CHENAB,Trimmu,02-Jul-23,42847,27247
CHENAB,Punjnad,02-Jul-23,30236,16266
RAVI,Thein,02-Jul-23,-,-
RAVI,Jassar,02-Jul-23,-,4660
RAVI,Shahdara,02-Jul-23,-,14537
RAVI,Balloki,02-Jul-23,36830,9130
RAVI,Sidhnai,02-Jul-23,19527,4627
SUTLEJ,Bhakara**,02-Jul-23,-,-
SUTLEJ,Sulemanki,02-Jul-23,15896,4484
SUTLEJ,Islam,02-Jul-23,1809,826
INDUS,khairabad,02-Jul-23,-,174800
INDUS,Kalabagh,02-Jul-23,168662,161162
INDUS,Chashma,02-Jul-23,222277,217052
INDUS,Taunsa,02-Jul-23,218074,196280
INDUS,Guddu,02-Jul-23,164208,127968
INDUS,Sukkar,02-Jul-23,114090,60050
INDUS,Kotri,02-Jul-23,29590,-
JHELUM,Kotli,02-Jul-23,-,6640
JHELUM,Mangla,02-Jul-23,66000,10000
JHELUM,Rasul,02-Jul-23,3355,-
CHENAB,Marala,02-Jul-23,76062,48412
CHENAB,Khanki,02-Jul-23,47208,39708
CHENAB,Qadirabad,02-Jul-23,45844,23844
CHENAB,Trimmu,02-Jul-23,42847,27247
CHENAB,Punjnad,02-Jul-23,30236,16266
RAVI,Thein,02-Jul-23,-,-
RAVI,Jassar,02-Jul-23,-,4660
RAVI,Shahdara,02-Jul-23,-,14129
RAVI,Balloki,02-Jul-23,35130,7430
RAVI,Sidhnai,02-Jul-23,19577,4627
SUTLEJ,Bhakara**,02-Jul-23,-,-
SUTLEJ,Sulemanki,02-Jul-23,15896,4484
SUTLEJ,Islam,02-Jul-23,1809,826
INDUS,khairabad,03-Jul-23,-,148200
INDUS,Kalabagh,03-Jul-23,199469,191969
INDUS,Chashma,03-Jul-23,225700,217250
INDUS,Taunsa,03-Jul-23,208500,187597
INDUS,Guddu,03-Jul-23,166536,130296
INDUS,Sukkar,03-Jul-23,118700,64110
INDUS,Kotri,03-Jul-23,32295,-
JHELUM,Kotli,03-Jul-23,-,6910
JHELUM,Mangla,03-Jul-23,69000,10000
JHELUM,Rasul,03-Jul-23,3355,-
CHENAB,Marala,03-Jul-23,71280,43630
CHENAB,Khanki,03-Jul-23,47208,39708
CHENAB,Qadirabad,03-Jul-23,40617,18617
CHENAB,Trimmu,03-Jul-23,42335,26735
CHENAB,Punjnad,03-Jul-23,30536,16266
RAVI,Thein,03-Jul-23,-,-
RAVI,Jassar,03-Jul-23,-,4660
RAVI,Shahdara,03-Jul-23,-,13721
RAVI,Balloki,03-Jul-23,35130,7430
RAVI,Sidhnai,03-Jul-23,19527,4627
SUTLEJ,Bhakara**,03-Jul-23,-,-
SUTLEJ,Sulemanki,03-Jul-23,17820,6250
SUTLEJ,Islam,03-Jul-23,1809,826
INDUS,khairabad,03-Jul-23,-,192600
INDUS,Kalabagh,03-Jul-23,227222,219722
INDUS,Chashma,03-Jul-23,224639,215059
INDUS,Taunsa,03-Jul-23,198266,178315
INDUS,Guddu,03-Jul-23,169956,133336
INDUS,Sukkar,03-Jul-23,118700,64110
INDUS,Kotri,03-Jul-23,36692,1037
JHELUM,Kotli,03-Jul-23,-,6640
JHELUM,Mangla,03-Jul-23,48000,10000
JHELUM,Rasul,03-Jul-23,6355,-
CHENAB,Marala,03-Jul-23,65950,38277
CHENAB,Khanki,03-Jul-23,54800,47300
CHENAB,Qadirabad,03-Jul-23,38014,16014
CHENAB,Trimmu,03-Jul-23,42335,26735
CHENAB,Punjnad,03-Jul-23,30536,16266
RAVI,Thein,03-Jul-23,-,-
RAVI,Jassar,03-Jul-23,-,4407
RAVI,Shahdara,03-Jul-23,-,13721
RAVI,Balloki,03-Jul-23,35130,7430
RAVI,Sidhnai,03-Jul-23,19577,4627
SUTLEJ,Bhakara**,03-Jul-23,-,-
SUTLEJ,Sulemanki,03-Jul-23,17820,6250
SUTLEJ,Islam,03-Jul-23,3319,2336
INDUS,khairabad,03-Jul-23,-,180300
INDUS,Kalabagh,03-Jul-23,239309,231809
INDUS,Chashma,03-Jul-23,226697,214978
INDUS,Taunsa,03-Jul-23,198266,178090
INDUS,Guddu,03-Jul-23,189231,152611
INDUS,Sukkar,03-Jul-23,122230,67100
INDUS,Kotri,03-Jul-23,38882,1037
JHELUM,Kotli,03-Jul-23,-,6640
JHELUM,Mangla,03-Jul-23,58000,10000
JHELUM,Rasul,03-Jul-23,6355,-
CHENAB,Marala,03-Jul-23,71303,43630
CHENAB,Khanki,03-Jul-23,54800,47300
CHENAB,Qadirabad,03-Jul-23,49801,27801
CHENAB,Trimmu,03-Jul-23,40909,25309
CHENAB,Punjnad,03-Jul-23,32955,18685
RAVI,Thein,03-Jul-23,-,-
RAVI,Jassar,03-Jul-23,-,4407
RAVI,Shahdara,03-Jul-23,-,13721
RAVI,Balloki,03-Jul-23,35280,7430
RAVI,Sidhnai,03-Jul-23,19155,3305
SUTLEJ,Bhakara**,03-Jul-23,-,-
SUTLEJ,Sulemanki,03-Jul-23,18111,6250
SUTLEJ,Islam,03-Jul-23,3319,2336
INDUS,khairabad,03-Jul-23,-,183600
INDUS,Kalabagh,03-Jul-23,227322,219822
INDUS,Chashma,03-Jul-23,225637,214937
INDUS,Taunsa,03-Jul-23,198266,178090
INDUS,Guddu,03-Jul-23,189231,152611
INDUS,Sukkar,03-Jul-23,122230,67100
INDUS,Kotri,03-Jul-23,38882,1037
JHELUM,Kotli,03-Jul-23,-,6640
JHELUM,Mangla,03-Jul-23,60000,10000
JHELUM,Rasul,03-Jul-23,6355,-
CHENAB,Marala,03-Jul-23,76656,48983
CHENAB,Khanki,03-Jul-23,51060,43560
CHENAB,Qadirabad,03-Jul-23,49801,27801
CHENAB,Trimmu,03-Jul-23,39730,24130
CHENAB,Punjnad,03-Jul-23,32955,18685
RAVI,Thein,03-Jul-23,-,-
RAVI,Jassar,03-Jul-23,-,4407
RAVI,Shahdara,03-Jul-23,-,13721
RAVI,Balloki,03-Jul-23,35130,7430
RAVI,Sidhnai,03-Jul-23,19155,3305
SUTLEJ,Bhakara**,03-Jul-23,-,-
SUTLEJ,Sulemanki,03-Jul-23,18111,6250
SUTLEJ,Islam,03-Jul-23,3927,2944
INDUS,khairabad,04-Jul-23,-,232200
INDUS,Kalabagh,04-Jul-23,205610,198110
INDUS,Chashma,04-Jul-23,225691,214951
INDUS,Taunsa,04-Jul-23,202244,181698
INDUS,Guddu,04-Jul-23,204489,167119
INDUS,Sukkar,04-Jul-23,127410,72460
INDUS,Kotri,04-Jul-23,38917,1037
JHELUM,Kotli,04-Jul-23,-,7190
JHELUM,Mangla,04-Jul-23,58000,10000
JHELUM,Rasul,04-Jul-23,3355,-
CHENAB,Marala,04-Jul-23,76656,48983
CHENAB,Khanki,04-Jul-23,49148,41648
CHENAB,Qadirabad,04-Jul-23,49801,27801
CHENAB,Trimmu,04-Jul-23,37320,21720
CHENAB,Punjnad,04-Jul-23,32955,18685
RAVI,Thein,04-Jul-23,-,-
RAVI,Jassar,04-Jul-23,-,4407
RAVI,Shahdara,04-Jul-23,-,13306
RAVI,Balloki,04-Jul-23,35280,7430
RAVI,Sidhnai,04-Jul-23,19155,3305
SUTLEJ,Bhakara**,04-Jul-23,-,-
SUTLEJ,Sulemanki,04-Jul-23,17261,5305
SUTLEJ,Islam,04-Jul-23,3927,2944
INDUS,khairabad,04-Jul-23,-,267900
INDUS,Kalabagh,04-Jul-23,219783,212283
INDUS,Chashma,04-Jul-23,225764,215064
INDUS,Taunsa,04-Jul-23,202244,181698
INDUS,Guddu,04-Jul-23,204489,167119
INDUS,Sukkar,04-Jul-23,130450,75500
INDUS,Kotri,04-Jul-23,39919,2074
JHELUM,Kotli,04-Jul-23,-,9220
JHELUM,Mangla,04-Jul-23,50000,10000
JHELUM,Rasul,04-Jul-23,3355,-
CHENAB,Marala,04-Jul-23,76656,48983
CHENAB,Khanki,04-Jul-23,59590,52090
CHENAB,Qadirabad,04-Jul-23,43206,21206
CHENAB,Trimmu,04-Jul-23,34141,18541
CHENAB,Punjnad,04-Jul-23,33155,18685
RAVI,Thein,04-Jul-23,-,-
RAVI,Jassar,04-Jul-23,-,4660
RAVI,Shahdara,04-Jul-23,-,13306
RAVI,Balloki,04-Jul-23,34195,6345
RAVI,Sidhnai,04-Jul-23,19205,3305
SUTLEJ,Bhakara**,04-Jul-23,-,-
SUTLEJ,Sulemanki,04-Jul-23,17261,5305
SUTLEJ,Islam,04-Jul-23,3927,2944
INDUS,khairabad,04-Jul-23,-,182500
INDUS,Kalabagh,04-Jul-23,226268,218768
INDUS,Chashma,04-Jul-23,225702,215002
INDUS,Taunsa,04-Jul-23,202244,181698
INDUS,Guddu,04-Jul-23,192764,154437
INDUS,Sukkar,04-Jul-23,130450,75500
INDUS,Kotri,04-Jul-23,41795,3145
JHELUM,Kotli,04-Jul-23,-,8620
JHELUM,Mangla,04-Jul-23,50000,10000
JHELUM,Rasul,04-Jul-23,3355,-
CHENAB,Marala,04-Jul-23,88675,63452
CHENAB,Khanki,04-Jul-23,57961,50461
CHENAB,Qadirabad,04-Jul-23,52358,30358
CHENAB,Trimmu,04-Jul-23,34466,18541
CHENAB,Punjnad,04-Jul-23,33355,18685
RAVI,Thein,04-Jul-23,-,-
RAVI,Jassar,04-Jul-23,-,4660
RAVI,Shahdara,04-Jul-23,-,13306
RAVI,Balloki,04-Jul-23,34270,6345
RAVI,Sidhnai,04-Jul-23,19205,3305
SUTLEJ,Bhakara**,04-Jul-23,-,-
SUTLEJ,Sulemanki,04-Jul-23,16910,4851
SUTLEJ,Islam,04-Jul-23,3927,2944
INDUS,khairabad,04-Jul-23,-,178100
INDUS,Kalabagh,04-Jul-23,250274,242774
INDUS,Chashma,04-Jul-23,226866,215046
INDUS,Taunsa,04-Jul-23,202244,181698
INDUS,Guddu,04-Jul-23,192764,154437
INDUS,Sukkar,04-Jul-23,130450,75500
INDUS,Kotri,04-Jul-23,41795,3145
JHELUM,Kotli,04-Jul-23,-,8040
JHELUM,Mangla,04-Jul-23,62000,10000
JHELUM,Rasul,04-Jul-23,6355,-
CHENAB,Marala,04-Jul-23,96935,71712
CHENAB,Khanki,04-Jul-23,56303,48803
CHENAB,Qadirabad,04-Jul-23,52358,30358
CHENAB,Trimmu,04-Jul-23,32252,15652
CHENAB,Punjnad,04-Jul-23,33355,18685
RAVI,Thein,04-Jul-23,-,-
RAVI,Jassar,04-Jul-23,-,5337
RAVI,Shahdara,04-Jul-23,-,13306
RAVI,Balloki,04-Jul-23,34270,6345
RAVI,Sidhnai,04-Jul-23,19205,3305
SUTLEJ,Bhakara**,04-Jul-23,-,-
SUTLEJ,Sulemanki,04-Jul-23,16910,4851
SUTLEJ,Islam,04-Jul-23,3927,2944
INDUS,khairabad,05-Jul-23,-,239400
INDUS,Kalabagh,05-Jul-23,221494,213994
INDUS,Chashma,05-Jul-23,225776,215076
INDUS,Taunsa,05-Jul-23,202244,181827
INDUS,Guddu,05-Jul-23,189787,151373
INDUS,Sukkar,05-Jul-23,144570,89720
INDUS,Kotri,05-Jul-23,43056,3156
JHELUM,Kotli,05-Jul-23,-,8040
JHELUM,Mangla,05-Jul-23,70000,10000
JHELUM,Rasul,05-Jul-23,6355,-
CHENAB,Marala,05-Jul-23,92147,66924
CHENAB,Khanki,05-Jul-23,56303,48803
CHENAB,Qadirabad,05-Jul-23,52358,30358
CHENAB,Trimmu,05-Jul-23,30811,14211
CHENAB,Punjnad,05-Jul-23,32159,17289
RAVI,Thein,05-Jul-23,-,-
RAVI,Jassar,05-Jul-23,-,5337
RAVI,Shahdara,05-Jul-23,-,14129
RAVI,Balloki,05-Jul-23,34270,6345
RAVI,Sidhnai,05-Jul-23,19205,3305
SUTLEJ,Bhakara**,05-Jul-23,-,-
SUTLEJ,Sulemanki,05-Jul-23,15073,2919
SUTLEJ,Islam,05-Jul-23,3927,2944
INDUS,khairabad,05-Jul-23,-,281800
INDUS,Kalabagh,05-Jul-23,218834,211334
INDUS,Chashma,05-Jul-23,228119,214944
INDUS,Taunsa,05-Jul-23,202244,181827
INDUS,Guddu,05-Jul-23,189787,151373
INDUS,Sukkar,05-Jul-23,144570,89720
INDUS,Kotri,05-Jul-23,43056,3156
JHELUM,Kotli,05-Jul-23,-,6910
JHELUM,Mangla,05-Jul-23,50000,10000
JHELUM,Rasul,05-Jul-23,8355,-
CHENAB,Marala,05-Jul-23,79461,54336
CHENAB,Khanki,05-Jul-23,69644,62144
CHENAB,Qadirabad,05-Jul-23,60808,38808
CHENAB,Trimmu,05-Jul-23,30811,14211
CHENAB,Punjnad,05-Jul-23,32159,17289
RAVI,Thein,05-Jul-23,-,-
RAVI,Jassar,05-Jul-23,-,5507
RAVI,Shahdara,05-Jul-23,-,14945
RAVI,Balloki,05-Jul-23,34270,6345
RAVI,Sidhnai,05-Jul-23,18878,2978
SUTLEJ,Bhakara**,05-Jul-23,-,-
SUTLEJ,Sulemanki,05-Jul-23,15073,2919
SUTLEJ,Islam,05-Jul-23,3927,2944
INDUS,khairabad,05-Jul-23,-,193700
INDUS,Kalabagh,05-Jul-23,232820,225320
INDUS,Chashma,05-Jul-23,225655,214955
INDUS,Taunsa,05-Jul-23,206870,186567
INDUS,Guddu,05-Jul-23,189787,151373
INDUS,Sukkar,05-Jul-23,144570,89720
INDUS,Kotri,05-Jul-23,45391,3986
JHELUM,Kotli,05-Jul-23,-,6640
JHELUM,Mangla,05-Jul-23,65000,10000
JHELUM,Rasul,05-Jul-23,7955,-
CHENAB,Marala,05-Jul-23,78761,54336
CHENAB,Khanki,05-Jul-23,73719,66437
CHENAB,Qadirabad,05-Jul-23,67345,45345
CHENAB,Trimmu,05-Jul-23,31144,14544
CHENAB,Punjnad,05-Jul-23,26384,11444
RAVI,Thein,05-Jul-23,-,-
RAVI,Jassar,05-Jul-23,-,5507
RAVI,Shahdara,05-Jul-23,-,16576
RAVI,Balloki,05-Jul-23,36575,8650
RAVI,Sidhnai,05-Jul-23,18878,2978
SUTLEJ,Bhakara**,05-Jul-23,-,-
SUTLEJ,Sulemanki,05-Jul-23,15940,3876
SUTLEJ,Islam,05-Jul-23,3319,2336
INDUS,khairabad,05-Jul-23,-,181400
INDUS,Kalabagh,05-Jul-23,252653,245153
INDUS,Chashma,05-Jul-23,225657,214957
INDUS,Taunsa,05-Jul-23,206870,186567
INDUS,Guddu,05-Jul-23,189787,151373
INDUS,Sukkar,05-Jul-23,144570,89720
INDUS,Kotri,05-Jul-23,45391,3986
JHELUM,Kotli,05-Jul-23,-,6370
JHELUM,Mangla,05-Jul-23,70000,10000
JHELUM,Rasul,05-Jul-23,7555,-
CHENAB,Marala,05-Jul-23,85505,61080
CHENAB,Khanki,05-Jul-23,69414,62144
CHENAB,Qadirabad,05-Jul-23,70397,48397
CHENAB,Trimmu,05-Jul-23,26744,10344
CHENAB,Punjnad,05-Jul-23,26384,11444
RAVI,Thein,05-Jul-23,-,-
RAVI,Jassar,05-Jul-23,-,6353
RAVI,Shahdara,05-Jul-23,-,14537
RAVI,Balloki,05-Jul-23,36575,8650
RAVI,Sidhnai,05-Jul-23,18544,2644
SUTLEJ,Bhakara**,05-Jul-23,-,-
SUTLEJ,Sulemanki,05-Jul-23,15940,3876
SUTLEJ,Islam,05-Jul-23,3319,2336
INDUS,khairabad,06-Jul-23,-,225000
INDUS,Kalabagh,06-Jul-23,242775,235275
INDUS,Chashma,06-Jul-23,225750,215050
INDUS,Taunsa,06-Jul-23,207915,187515
INDUS,Guddu,06-Jul-23,186187,146140
INDUS,Sukkar,06-Jul-23,140165,85340
INDUS,Kotri,06-Jul-23,46094,5194
JHELUM,Kotli,06-Jul-23,-,6370
JHELUM,Mangla,06-Jul-23,55000,10000
JHELUM,Rasul,06-Jul-23,7305,-
CHENAB,Marala,06-Jul-23,78761,54336
CHENAB,Khanki,06-Jul-23,59360,52090
CHENAB,Qadirabad,06-Jul-23,67345,45345
CHENAB,Trimmu,06-Jul-23,28650,12250
CHENAB,Punjnad,06-Jul-23,26324,11444
RAVI,Thein,06-Jul-23,-,-
RAVI,Jassar,06-Jul-23,-,6353
RAVI,Shahdara,06-Jul-23,-,14129
RAVI,Balloki,06-Jul-23,36575,8650
RAVI,Sidhnai,06-Jul-23,17883,1983
SUTLEJ,Bhakara**,06-Jul-23,-,-
SUTLEJ,Sulemanki,06-Jul-23,15310,3246
SUTLEJ,Islam,06-Jul-23,3319,2336
INDUS,khairabad,06-Jul-23,-,254100
INDUS,Kalabagh,06-Jul-23,224618,217118
INDUS,Chashma,06-Jul-23,227228,214864
INDUS,Taunsa,06-Jul-23,208482,184208
INDUS,Guddu,06-Jul-23,186187,146140
INDUS,Sukkar,06-Jul-23,140165,85340
INDUS,Kotri,06-Jul-23,47809,6864
JHELUM,Kotli,06-Jul-23,-,6100
JHELUM,Mangla,06-Jul-23,45000,10000
JHELUM,Rasul,06-Jul-23,5805,-
CHENAB,Marala,06-Jul-23,68055,43630
CHENAB,Khanki,06-Jul-23,59384,52090
CHENAB,Qadirabad,06-Jul-23,64548,42548
CHENAB,Trimmu,06-Jul-23,28650,12250
CHENAB,Punjnad,06-Jul-23,26324,11444
RAVI,Thein,06-Jul-23,-,-
RAVI,Jassar,06-Jul-23,-,5507
RAVI,Shahdara,06-Jul-23,-,14129
RAVI,Balloki,06-Jul-23,37385,9985
RAVI,Sidhnai,06-Jul-23,18778,2978
SUTLEJ,Bhakara**,06-Jul-23,-,-
SUTLEJ,Sulemanki,06-Jul-23,15310,3246
SUTLEJ,Islam,06-Jul-23,3319,2336
INDUS,khairabad,06-Jul-23,-,181400
INDUS,Kalabagh,06-Jul-23,202858,195358
INDUS,Chashma,06-Jul-23,224511,215121
INDUS,Taunsa,06-Jul-23,208482,184208
INDUS,Guddu,06-Jul-23,185730,146140
INDUS,Sukkar,06-Jul-23,138010,83060
INDUS,Kotri,06-Jul-23,48366,8321
JHELUM,Kotli,06-Jul-23,-,5840
JHELUM,Mangla,06-Jul-23,60000,10000
JHELUM,Rasul,06-Jul-23,2555,Nil
CHENAB,Marala,06-Jul-23,62352,38277
CHENAB,Khanki,06-Jul-23,59288,52090
CHENAB,Qadirabad,06-Jul-23,60808,38808
CHENAB,Trimmu,06-Jul-23,32141,15741
CHENAB,Punjnad,06-Jul-23,25082,10202
RAVI,Thein,06-Jul-23,-,-
RAVI,Jassar,06-Jul-23,-,6353
RAVI,Shahdara,06-Jul-23,-,14945
RAVI,Balloki,06-Jul-23,41170,14245
RAVI,Sidhnai,06-Jul-23,18117,2317
SUTLEJ,Bhakara**,06-Jul-23,-,-
SUTLEJ,Sulemanki,06-Jul-23,15310,3246
SUTLEJ,Islam,06-Jul-23,3319,2336
INDUS,khairabad,06-Jul-23,-,179200
INDUS,Kalabagh,06-Jul-23,224211,216711
INDUS,Chashma,06-Jul-23,224630,215046
INDUS,Taunsa,06-Jul-23,208482,184208
INDUS,Guddu,06-Jul-23,185730,146140
INDUS,Sukkar,06-Jul-23,138010,83060
INDUS,Kotri,06-Jul-23,48366,8321
JHELUM,Kotli,06-Jul-23,-,5580
JHELUM,Mangla,06-Jul-23,55000,10000
JHELUM,Rasul,06-Jul-23,2555,-
CHENAB,Marala,06-Jul-23,59352,38277
CHENAB,Khanki,06-Jul-23,54498,47300
CHENAB,Qadirabad,06-Jul-23,53926,31926
CHENAB,Trimmu,06-Jul-23,32141,15741
CHENAB,Punjnad,06-Jul-23,25082,10202
RAVI,Thein,06-Jul-23,-,-
RAVI,Jassar,06-Jul-23,-,7600
RAVI,Shahdara,06-Jul-23,-,14945
RAVI,Balloki,06-Jul-23,41170,14245
RAVI,Sidhnai,06-Jul-23,18067,2317
SUTLEJ,Bhakara**,06-Jul-23,-,-
SUTLEJ,Sulemanki,06-Jul-23,15310,3246
SUTLEJ,Islam,06-Jul-23,3319,2336
INDUS,khairabad,07-Jul-23,-,201700
INDUS,Kalabagh,07-Jul-23,212077,204577
INDUS,Chashma,07-Jul-23,222311,215111
INDUS,Taunsa,07-Jul-23,208482,184208
INDUS,Guddu,07-Jul-23,184278,146140
INDUS,Sukkar,07-Jul-23,134980,80030
INDUS,Kotri,07-Jul-23,49913,9778
JHELUM,Kotli,07-Jul-23,-,6100
JHELUM,Mangla,07-Jul-23,50000,10000
JHELUM,Rasul,07-Jul-23,2555,-
CHENAB,Marala,07-Jul-23,59352,38277
CHENAB,Khanki,07-Jul-23,50758,43560
CHENAB,Qadirabad,07-Jul-23,49801,27801
CHENAB,Trimmu,07-Jul-23,32141,15741
CHENAB,Punjnad,07-Jul-23,24702,10202
RAVI,Thein,07-Jul-23,-,-
RAVI,Jassar,07-Jul-23,-,7600
RAVI,Shahdara,07-Jul-23,-,14945
RAVI,Balloki,07-Jul-23,41170,14245
RAVI,Sidhnai,07-Jul-23,18067,2317
SUTLEJ,Bhakara**,07-Jul-23,-,-
SUTLEJ,Sulemanki,07-Jul-23,15310,3246
SUTLEJ,Islam,07-Jul-23,3319,2336
INDUS,khairabad,07-Jul-23,-,264100
INDUS,Kalabagh,07-Jul-23,203812,196312
INDUS,Chashma,07-Jul-23,222214,215014
INDUS,Taunsa,07-Jul-23,208482,184208
INDUS,Guddu,07-Jul-23,184278,146140
INDUS,Sukkar,07-Jul-23,134980,80030
INDUS,Kotri,07-Jul-23,54646,14331
JHELUM,Kotli,07-Jul-23,-,5840
JHELUM,Mangla,07-Jul-23,50000,10000
JHELUM,Rasul,07-Jul-23,5555,-
CHENAB,Marala,07-Jul-23,53999,32924
CHENAB,Khanki,07-Jul-23,46930,39708
CHENAB,Qadirabad,07-Jul-23,49801,27801
CHENAB,Trimmu,07-Jul-23,32999,16599
CHENAB,Punjnad,07-Jul-23,24702,10202
RAVI,Thein,07-Jul-23,-,-
RAVI,Jassar,07-Jul-23,-,5507
RAVI,Shahdara,07-Jul-23,-,14945
RAVI,Balloki,07-Jul-23,41170,14245
RAVI,Sidhnai,07-Jul-23,18394,2644
SUTLEJ,Bhakara**,07-Jul-23,-,-
SUTLEJ,Sulemanki,07-Jul-23,15310,3246
SUTLEJ,Islam,07-Jul-23,3319,2336
INDUS,khairabad,07-Jul-23,-,200500
INDUS,Kalabagh,07-Jul-23,212077,204577
INDUS,Chashma,07-Jul-23,237644,228374
INDUS,Taunsa,07-Jul-23,208482,184208
INDUS,Guddu,07-Jul-23,186293,148128
INDUS,Sukkar,07-Jul-23,134980,80030
INDUS,Kotri,07-Jul-23,57864,22489
JHELUM,Kotli,07-Jul-23,-,5580
JHELUM,Mangla,07-Jul-23,65000,10000
JHELUM,Rasul,07-Jul-23,5555,Nil
CHENAB,Marala,07-Jul-23,59352,38277
CHENAB,Khanki,07-Jul-23,43389,36167
CHENAB,Qadirabad,07-Jul-23,49801,27801
CHENAB,Trimmu,07-Jul-23,38844,22444
CHENAB,Punjnad,07-Jul-23,24702,10202
RAVI,Thein,07-Jul-23,-,-
RAVI,Jassar,07-Jul-23,-,5845
RAVI,Shahdara,07-Jul-23,-,14537
RAVI,Balloki,07-Jul-23,41170,14245
RAVI,Sidhnai,07-Jul-23,18067,2317
SUTLEJ,Bhakara**,07-Jul-23,-,-
SUTLEJ,Sulemanki,07-Jul-23,15310,3246
SUTLEJ,Islam,07-Jul-23,2760,1777
INDUS,khairabad,07-Jul-23,-,208600
INDUS,Kalabagh,07-Jul-23,232820,225320
INDUS,Chashma,07-Jul-23,241029,229329
INDUS,Taunsa,07-Jul-23,213777,188915
INDUS,Guddu,07-Jul-23,186293,148128
INDUS,Sukkar,07-Jul-23,134980,80030
INDUS,Kotri,07-Jul-23,57864,22489
JHELUM,Kotli,07-Jul-23,-,5330
JHELUM,Mangla,07-Jul-23,74000,10000
JHELUM,Rasul,07-Jul-23,2655,Nil
CHENAB,Marala,07-Jul-23,59352,38277
CHENAB,Khanki,07-Jul-23,45190,37968
CHENAB,Qadirabad,07-Jul-23,45844,23844
CHENAB,Trimmu,07-Jul-23,42485,27085
CHENAB,Punjnad,07-Jul-23,24802,10202
RAVI,Thein,07-Jul-23,-,-
RAVI,Jassar,07-Jul-23,-,6353
RAVI,Shahdara,07-Jul-23,-,13721
RAVI,Balloki,07-Jul-23,41170,14245
RAVI,Sidhnai,07-Jul-23,18494,2644
SUTLEJ,Bhakara**,07-Jul-23,-,-
SUTLEJ,Sulemanki,07-Jul-23,15310,3246
SUTLEJ,Islam,07-Jul-23,2760,1777
INDUS,khairabad,08-Jul-23,-,207400
INDUS,Kalabagh,08-Jul-23,251709,244209
INDUS,Chashma,08-Jul-23,239318,225118
INDUS,Taunsa,08-Jul-23,211416,186816
INDUS,Guddu,08-Jul-23,184486,147831
INDUS,Sukkar,08-Jul-23,136985,82035
INDUS,Kotri,08-Jul-23,58423,31288
JHELUM,Kotli,08-Jul-23,-,5840
JHELUM,Mangla,08-Jul-23,70000,10000
JHELUM,Rasul,08-Jul-23,2655,Nil
CHENAB,Marala,08-Jul-23,64705,43630
CHENAB,Khanki,08-Jul-23,45190,37968
CHENAB,Qadirabad,08-Jul-23,45844,23844
CHENAB,Trimmu,08-Jul-23,45690,30290
CHENAB,Punjnad,08-Jul-23,24802,10202
RAVI,Thein,08-Jul-23,-,-
RAVI,Jassar,08-Jul-23,-,6353
RAVI,Shahdara,08-Jul-23,-,14129
RAVI,Balloki,08-Jul-23,41170,14245
RAVI,Sidhnai,08-Jul-23,20477,4627
SUTLEJ,Bhakara**,08-Jul-23,-,-
SUTLEJ,Sulemanki,08-Jul-23,15310,3246
SUTLEJ,Islam,08-Jul-23,2760,1777
INDUS,khairabad,08-Jul-23,-,257900
INDUS,Kalabagh,08-Jul-23,231866,224366
INDUS,Chashma,08-Jul-23,239224,225024
INDUS,Taunsa,08-Jul-23,211416,186816
INDUS,Guddu,08-Jul-23,184127,148924
INDUS,Sukkar,08-Jul-23,136985,82035
INDUS,Kotri,08-Jul-23,58444,33089
JHELUM,Kotli,08-Jul-23,-,27410
JHELUM,Mangla,08-Jul-23,99000,10000
JHELUM,Rasul,08-Jul-23,2655,-
CHENAB,Marala,08-Jul-23,64705,43630
CHENAB,Khanki,08-Jul-23,52610,45446
CHENAB,Qadirabad,08-Jul-23,41993,19993
CHENAB,Trimmu,08-Jul-23,45690,30290
CHENAB,Punjnad,08-Jul-23,24802,10202
RAVI,Thein,08-Jul-23,-,-
RAVI,Jassar,08-Jul-23,-,6602
RAVI,Shahdara,08-Jul-23,-,14537
RAVI,Balloki,08-Jul-23,41170,14245
RAVI,Sidhnai,08-Jul-23,21138,5288
SUTLEJ,Bhakara**,08-Jul-23,-,-
SUTLEJ,Sulemanki,08-Jul-23,15310,3246
SUTLEJ,Islam,08-Jul-23,2760,1777
INDUS,khairabad,08-Jul-23,-,196000
INDUS,Kalabagh,08-Jul-23,212077,204577
INDUS,Chashma,08-Jul-23,239146,224946
INDUS,Taunsa,08-Jul-23,212039,189039
INDUS,Guddu,08-Jul-23,187353,152451
INDUS,Sukkar,08-Jul-23,137880,83330
INDUS,Kotri,08-Jul-23,59544,33089
JHELUM,Kotli,08-Jul-23,-,17350
JHELUM,Mangla,08-Jul-23,80000,10000
JHELUM,Rasul,08-Jul-23,5655,Nil
CHENAB,Marala,08-Jul-23,122184,101184
CHENAB,Khanki,08-Jul-23,52608,45444
CHENAB,Qadirabad,08-Jul-23,41993,19993
CHENAB,Trimmu,08-Jul-23,49810,34410
CHENAB,Punjnad,08-Jul-23,24802,10402
RAVI,Thein,08-Jul-23,-,-
RAVI,Jassar,08-Jul-23,-,6602
RAVI,Shahdara,08-Jul-23,-,14945
RAVI,Balloki,08-Jul-23,40320,13395
RAVI,Sidhnai,08-Jul-23,21342,7842
SUTLEJ,Bhakara**,08-Jul-23,-,-
SUTLEJ,Sulemanki,08-Jul-23,16505,5787
SUTLEJ,Islam,08-Jul-23,2760,1777
INDUS,khairabad,08-Jul-23,-,189200
INDUS,Kalabagh,08-Jul-23,230911,223411
INDUS,Chashma,08-Jul-23,239079,224879
INDUS,Taunsa,08-Jul-23,212039,189039
INDUS,Guddu,08-Jul-23,187353,152451
INDUS,Sukkar,08-Jul-23,137880,83330
INDUS,Kotri,08-Jul-23,59544,33089
JHELUM,Kotli,08-Jul-23,-,12070
JHELUM,Mangla,08-Jul-23,82000,10000
JHELUM,Rasul,08-Jul-23,10155,Nil
CHENAB,Marala,08-Jul-23,121934,103248
CHENAB,Khanki,08-Jul-23,54404,47300
CHENAB,Qadirabad,08-Jul-23,49801,27801
CHENAB,Trimmu,08-Jul-23,49616,35804
CHENAB,Punjnad,08-Jul-23,24802,10402
RAVI,Thein,08-Jul-23,-,-
RAVI,Jassar,08-Jul-23,-,6353
RAVI,Shahdara,08-Jul-23,-,14129
RAVI,Balloki,08-Jul-23,40320,13395
RAVI,Sidhnai,08-Jul-23,21497,7547
SUTLEJ,Bhakara**,08-Jul-23,-,-
SUTLEJ,Sulemanki,08-Jul-23,16505,5787
SUTLEJ,Islam,08-Jul-23,2760,1777
INDUS,khairabad,09-Jul-23,-,196000
INDUS,Kalabagh,09-Jul-23,232820,225320
INDUS,Chashma,09-Jul-23,239316,225116
INDUS,Taunsa,09-Jul-23,212039,189039
INDUS,Guddu,09-Jul-23,188422,152451
INDUS,Sukkar,09-Jul-23,139360,84710
INDUS,Kotri,09-Jul-23,59693,29568
JHELUM,Kotli,09-Jul-23,-,117400
JHELUM,Mangla,09-Jul-23,70000,10000
JHELUM,Rasul,09-Jul-23,8905,Nil
CHENAB,Marala,09-Jul-23,92864,77064
CHENAB,Khanki,09-Jul-23,73541,66437
CHENAB,Qadirabad,09-Jul-23,53926,31926
CHENAB,Trimmu,09-Jul-23,45790,32390
CHENAB,Punjnad,09-Jul-23,21977,7777
RAVI,Thein,09-Jul-23,-,-
RAVI,Jassar,09-Jul-23,-,6353
RAVI,Shahdara,09-Jul-23,-,14129
RAVI,Balloki,09-Jul-23,40320,13395
RAVI,Sidhnai,09-Jul-23,21497,7547
SUTLEJ,Bhakara**,09-Jul-23,-,-
SUTLEJ,Sulemanki,09-Jul-23,20410,10493
SUTLEJ,Islam,09-Jul-23,1149,449
INDUS,khairabad,09-Jul-23,-,187000
INDUS,Kalabagh,09-Jul-23,220392,212892
INDUS,Chashma,09-Jul-23,239306,225106
INDUS,Taunsa,09-Jul-23,212039,189039
INDUS,Guddu,09-Jul-23,189298,152451
INDUS,Sukkar,09-Jul-23,139360,84710
INDUS,Kotri,09-Jul-23,61813,29568
JHELUM,Kotli,09-Jul-23,-,10460
JHELUM,Mangla,09-Jul-23,60000,10000
JHELUM,Rasul,09-Jul-23,8305,-
CHENAB,Marala,09-Jul-23,114230,98430
CHENAB,Khanki,09-Jul-23,83840,76736
CHENAB,Qadirabad,09-Jul-23,74215,52215
CHENAB,Trimmu,09-Jul-23,42837,29437
CHENAB,Punjnad,09-Jul-23,21977,7777
RAVI,Thein,09-Jul-23,-,-
RAVI,Jassar,09-Jul-23,-,6353
RAVI,Shahdara,09-Jul-23,-,14129
RAVI,Balloki,09-Jul-23,40320,13395
RAVI,Sidhnai,09-Jul-23,21597,7547
SUTLEJ,Bhakara**,09-Jul-23,-,-
SUTLEJ,Sulemanki,09-Jul-23,20410,10493
SUTLEJ,Islam,09-Jul-23,1149,449
INDUS,khairabad,09-Jul-23,-,189200
INDUS,Kalabagh,09-Jul-23,211123,203623
INDUS,Chashma,09-Jul-23,237896,224956
INDUS,Taunsa,09-Jul-23,211345,187022
INDUS,Guddu,09-Jul-23,188522,150883
INDUS,Sukkar,09-Jul-23,140230,85580
INDUS,Kotri,09-Jul-23,62053,29568
JHELUM,Kotli,09-Jul-23,-,8620
JHELUM,Mangla,09-Jul-23,60000,10000
JHELUM,Rasul,09-Jul-23,6950,Nil
CHENAB,Marala,09-Jul-23,136311,120511
CHENAB,Marala,09-Jul-23,141953,125953
CHENAB,Marala,09-Jul-23,172283,156283
CHENAB,Marala,09-Jul-23,181300,165300
CHENAB,Marala,09-Jul-23,192085,176085
CHENAB,Marala,09-Jul-23,192085,176085
CHENAB,Marala,09-Jul-23,199606,183556
CHENAB,Marala,09-Jul-23,197922,181872
CHENAB,Khanki,09-Jul-23,77486,70440
CHENAB,Qadirabad,09-Jul-23,82363,60363
CHENAB,Trimmu,09-Jul-23,39350,25950
CHENAB,Punjnad,09-Jul-23,21977,7777
RAVI,Thein,09-Jul-23,-,-
RAVI,Jassar,09-Jul-23,-,12571
RAVI,Shahdara,09-Jul-23,-,13306
RAVI,Balloki,09-Jul-23,41175,14250
RAVI,Sidhnai,09-Jul-23,21336,6886
SUTLEJ,Bhakara**,09-Jul-23,-,-
SUTLEJ,Sulemanki,09-Jul-23,21358,11372
SUTLEJ,Islam,09-Jul-23,1149,449
INDUS,khairabad,09-Jul-23,-,192600
INDUS,Kalabagh,09-Jul-23,202858,195358
INDUS,Chashma,09-Jul-23,236613,224933
INDUS,Taunsa,09-Jul-23,211345,187022
INDUS,Guddu,09-Jul-23,188522,150883
INDUS,Sukkar,09-Jul-23,140230,85580
INDUS,Kotri,09-Jul-23,62053,29568
JHELUM,Kotli,09-Jul-23,-,7750
JHELUM,Mangla,09-Jul-23,58000,10000
JHELUM,Rasul,09-Jul-23,3155,-
CHENAB,Marala,09-Jul-23,197922,181872
CHENAB,Khanki,09-Jul-23,107772,100726
CHENAB,Qadirabad,09-Jul-23,91281,72281
CHENAB,Trimmu,09-Jul-23,35883,22483
CHENAB,Punjnad,09-Jul-23,22102,7777
RAVI,Thein,09-Jul-23,-,-
RAVI,Jassar,09-Jul-23,-,30690
RAVI,Shahdara,09-Jul-23,-,12892
RAVI,Balloki,09-Jul-23,41175,14250
RAVI,Sidhnai,09-Jul-23,22150,7200
SUTLEJ,Bhakara**,09-Jul-23,-,-
SUTLEJ,Sulemanki,09-Jul-23,21358,11372
SUTLEJ,Islam,09-Jul-23,1691,841
INDUS,khairabad,10-Jul-23,-,204000
INDUS,Kalabagh,10-Jul-23,210168,202668
INDUS,Chashma,10-Jul-23,235460,225040
INDUS,Taunsa,10-Jul-23,226135,201135
INDUS,Guddu,10-Jul-23,188613,150183
INDUS,Sukkar,10-Jul-23,144694,90044
INDUS,Kotri,10-Jul-23,65173,35605
JHELUM,Kotli,10-Jul-23,-,8620
JHELUM,Mangla,10-Jul-23,54000,10000
JHELUM,Rasul,10-Jul-23,3155,Nil
CHENAB,Marala,10-Jul-23,197922,181872
CHENAB,Marala,10-Jul-23,197922,181872
CHENAB,Marala,10-Jul-23,188430,172380
CHENAB,Marala,10-Jul-23,184350,168300
CHENAB,Marala,10-Jul-23,184350,168300
CHENAB,Marala,10-Jul-23,184350,168300
CHENAB,Marala,10-Jul-23,176940,160890
CHENAB,Marala,10-Jul-23,169344,153294
CHENAB,Marala,10-Jul-23,169344,153163
CHENAB,Marala,10-Jul-23,169344,153094
CHENAB,Marala,10-Jul-23,169344,153094
CHENAB,Khanki,10-Jul-23,142616,135570
CHENAB,Khanki,10-Jul-23,159584,152538
CHENAB,Khanki,10-Jul-23,203313,196276
CHENAB,Khanki,10-Jul-23,203313,196276
CHENAB,Khanki,10-Jul-23,203313,196276
CHENAB,Khanki,10-Jul-23,193876,186830
CHENAB,Khanki,10-Jul-23,193876,186830
CHENAB,Khanki,10-Jul-23,193876,186830
CHENAB,Khanki,10-Jul-23,193876,186830
CHENAB,Khanki,10-Jul-23,193899,186830
CHENAB,Khanki,10-Jul-23,183081,176012
CHENAB,Qadirabad,10-Jul-23,90281,72281
CHENAB,Qadirabad,10-Jul-23,89281,72281
CHENAB,Qadirabad,10-Jul-23,88281,72281
CHENAB,Qadirabad,10-Jul-23,114512,99512
CHENAB,Qadirabad,10-Jul-23,143900,128990
CHENAB,Qadirabad,10-Jul-23,174980,159980
CHENAB,Qadirabad,10-Jul-23,174980,159980
CHENAB,Qadirabad,10-Jul-23,174980,159980
CHENAB,Qadirabad,10-Jul-23,194161,179161
CHENAB,Qadirabad,10-Jul-23,194161,179161
CHENAB,Qadirabad,10-Jul-23,194161,179161
CHENAB,Trimmu,10-Jul-23,34667,21267
CHENAB,Punjnad,10-Jul-23,22102,7777
RAVI,Thein,10-Jul-23,-,-
RAVI,Jassar,10-Jul-23,-,30690
RAVI,Jassar,10-Jul-23,-,33850
RAVI,Jassar,10-Jul-23,-,35430
RAVI,Jassar,10-Jul-23,-,35430
RAVI,Jassar,10-Jul-23,-,43080
RAVI,Jassar,10-Jul-23,-,47040
RAVI,Jassar,10-Jul-23,-,47040
RAVI,Jassar,10-Jul-23,-,51000
RAVI,Jassar,10-Jul-23,-,58632
RAVI,Shahdara,10-Jul-23,-,11648
RAVI,Balloki,10-Jul-23,41175,14250
RAVI,Sidhnai,10-Jul-23,21822,6572
SUTLEJ,Bhakara**,10-Jul-23,-,-
SUTLEJ,Sulemanki,10-Jul-23,22283,11496
SUTLEJ,Islam,10-Jul-23,1691,841
INDUS,khairabad,10-Jul-23,-,188100
INDUS,Kalabagh,10-Jul-23,210168,202668
INDUS,Chashma,10-Jul-23,234190,225030
INDUS,Taunsa,10-Jul-23,225979,200032
INDUS,Guddu,10-Jul-23,188550,149363
INDUS,Sukkar,10-Jul-23,144694,90044
INDUS,Kotri,10-Jul-23,66974,31369
JHELUM,Kotli,10-Jul-23,-,8040
JHELUM,Mangla,10-Jul-23,50000,10000
JHELUM,Rasul,10-Jul-23,3205,-
CHENAB,Marala,10-Jul-23,157046,140796
CHENAB,Khanki,10-Jul-23,183104,176012
CHENAB,Qadirabad,10-Jul-23,194161,179161
CHENAB,Trimmu,10-Jul-23,33095,19695
CHENAB,Punjnad,10-Jul-23,22102,7777
RAVI,Thein,10-Jul-23,-,-
RAVI,Jassar,10-Jul-23,-,58632
RAVI,Shahdara,10-Jul-23,-,14945
RAVI,Balloki,10-Jul-23,41175,14250
RAVI,Sidhnai,10-Jul-23,22483,7233
SUTLEJ,Bhakara**,10-Jul-23,-,-
SUTLEJ,Sulemanki,10-Jul-23,22283,11496
SUTLEJ,Islam,10-Jul-23,1691,841
INDUS,khairabad,10-Jul-23,-,192600
INDUS,Kalabagh,10-Jul-23,201042,193542
INDUS,Chashma,10-Jul-23,231579,225058
INDUS,Taunsa,10-Jul-23,222656,197078
INDUS,Guddu,10-Jul-23,188424,148816
INDUS,Sukkar,10-Jul-23,144694,90044
INDUS,Kotri,10-Jul-23,69925,33170
JHELUM,Kotli,10-Jul-23,-,7190
JHELUM,Mangla,10-Jul-23,60000,10000
JHELUM,Rasul,10-Jul-23,3355,Nil
CHENAB,Marala,10-Jul-23,146726,130476
CHENAB,Marala,10-Jul-23,146726,130476
CHENAB,Marala,10-Jul-23,146726,130476
CHENAB,Marala,10-Jul-23,136610,120360
CHENAB,Marala,10-Jul-23,136610,120360
CHENAB,Marala,10-Jul-23,112840,96594
CHENAB,Marala,10-Jul-23,112844,96394
CHENAB,Marala,10-Jul-23,112844,96394
CHENAB,Marala,10-Jul-23,112844,96394
CHENAB,Marala,10-Jul-23,112844,96394
CHENAB,Marala,10-Jul-23,112844,96394
CHENAB,Khanki,10-Jul-23,183104,176012
CHENAB,Khanki,10-Jul-23,164164,157572
CHENAB,Khanki,10-Jul-23,164770,157572
CHENAB,Khanki,10-Jul-23,164770,157572
CHENAB,Khanki,10-Jul-23,140248,133168
CHENAB,Khanki,10-Jul-23,140248,133168
CHENAB,Khanki,10-Jul-23,128659,121365
CHENAB,Khanki,10-Jul-23,128659,121365
CHENAB,Khanki,10-Jul-23,128659,121365
CHENAB,Khanki,10-Jul-23,128659,121365
CHENAB,Khanki,10-Jul-23,123772,116478
CHENAB,Qadirabad,10-Jul-23,194161,179161
CHENAB,Qadirabad,10-Jul-23,194161,179161
CHENAB,Qadirabad,10-Jul-23,187069,172069
CHENAB,Qadirabad,10-Jul-23,187069,172069
CHENAB,Qadirabad,10-Jul-23,187069,172069
CHENAB,Qadirabad,10-Jul-23,187069,172069
CHENAB,Qadirabad,10-Jul-23,180228,165228
CHENAB,Qadirabad,10-Jul-23,180228,165228
CHENAB,Qadirabad,10-Jul-23,171354,156354
CHENAB,Qadirabad,10-Jul-23,171354,156354
CHENAB,Qadirabad,10-Jul-23,155877,140877
CHENAB,Trimmu,10-Jul-23,33095,19665
CHENAB,Punjnad,10-Jul-23,22102,7777
RAVI,Thein,10-Jul-23,-,-
RAVI,Jassar,10-Jul-23,-,59904
RAVI,Jassar,10-Jul-23,-,59904
RAVI,Jassar,10-Jul-23,-,59904
RAVI,Jassar,10-Jul-23,-,61176
RAVI,Jassar,10-Jul-23,-,61176
RAVI,Jassar,10-Jul-23,-,61176
RAVI,Jassar,10-Jul-23,-,59904
RAVI,Jassar,10-Jul-23,-,59904
RAVI,Jassar,10-Jul-23,-,57360
RAVI,Jassar,10-Jul-23,-,57360
RAVI,Jassar,10-Jul-23,-,52272
RAVI,Shahdara,10-Jul-23,-,25407
RAVI,Balloki,10-Jul-23,39640,12540
RAVI,Sidhnai,10-Jul-23,22456,6906
SUTLEJ,Bhakara**,10-Jul-23,-,-
SUTLEJ,Sulemanki,10-Jul-23,23142,11732
SUTLEJ,Islam,10-Jul-23,1691,841
INDUS,khairabad,10-Jul-23,-,174800
INDUS,Kalabagh,10-Jul-23,211123,203623
INDUS,Chashma,10-Jul-23,232033,225038
INDUS,Taunsa,10-Jul-23,222656,197078
INDUS,Guddu,10-Jul-23,188424,148816
INDUS,Sukkar,10-Jul-23,144694,90044
INDUS,Kotri,10-Jul-23,69925,33170
JHELUM,Kotli,10-Jul-23,-,6910
JHELUM,Mangla,10-Jul-23,50000,10000
JHELUM,Rasul,10-Jul-23,8696,5341
CHENAB,Marala,10-Jul-23,112844,96344
CHENAB,Khanki,10-Jul-23,108954,101660
CHENAB,Qadirabad,10-Jul-23,155877,140877
CHENAB,Trimmu,10-Jul-23,31930,18430
CHENAB,Punjnad,10-Jul-23,22127,7777
RAVI,Thein,10-Jul-23,-,-
RAVI,Jassar,10-Jul-23,-,52272
RAVI,Shahdara,10-Jul-23,-,27360
RAVI,Balloki,10-Jul-23,35380,8280
RAVI,Sidhnai,10-Jul-23,22456,6906
SUTLEJ,Bhakara**,10-Jul-23,-,-
SUTLEJ,Sulemanki,10-Jul-23,23142,11732
SUTLEJ,Islam,10-Jul-23,1824,841
INDUS,khairabad,11-Jul-23,-,197100
INDUS,Kalabagh,11-Jul-23,199039,191539
INDUS,Chashma,11-Jul-23,230499,224794
INDUS,Taunsa,11-Jul-23,222656,197078
INDUS,Guddu,11-Jul-23,188630,148816
INDUS,Sukkar,11-Jul-23,144555,89755
INDUS,Kotri,11-Jul-23,73005,33170
JHELUM,Kotli,11-Jul-23,-,6370
JHELUM,Mangla,11-Jul-23,50000,10000
JHELUM,Rasul,11-Jul-23,3355,-
CHENAB,Marala,11-Jul-23,109524,93024
CHENAB,Marala,11-Jul-23,109524,93024
CHENAB,Marala,11-Jul-23,100920,84420
CHENAB,Khanki,11-Jul-23,108954,101660
CHENAB,Khanki,11-Jul-23,104332,97038
CHENAB,Khanki,11-Jul-23,93516,86222
CHENAB,Qadirabad,11-Jul-23,155877,140877
CHENAB,Qadirabad,11-Jul-23,155877,140877
CHENAB,Qadirabad,11-Jul-23,155877,140877
CHENAB,Qadirabad,11-Jul-23,144078,129078
CHENAB,Qadirabad,11-Jul-23,144078,129078
CHENAB,Qadirabad,11-Jul-23,128875,113875
CHENAB,Qadirabad,11-Jul-23,109760,94760
CHENAB,Trimmu,11-Jul-23,31930,18430
CHENAB,Punjnad,11-Jul-23,21627,7777
RAVI,Thein,11-Jul-23,-,-
RAVI,Jassar,11-Jul-23,-,52272
RAVI,Jassar,11-Jul-23,-,47040
RAVI,Jassar,11-Jul-23,-,36220
RAVI,Shahdara,11-Jul-23,-,28014
RAVI,Balloki,11-Jul-23,35380,8280
RAVI,Sidhnai,11-Jul-23,22656,6906
SUTLEJ,Bhakara**,11-Jul-23,-,-
SUTLEJ,Sulemanki,11-Jul-23,23565,11846
SUTLEJ,Islam,11-Jul-23,1824,841
INDUS,khairabad,11-Jul-23,-,177000
INDUS,Kalabagh,11-Jul-23,199039,191539
INDUS,Chashma,11-Jul-23,216774,212274
INDUS,Taunsa,11-Jul-23,222656,197078
INDUS,Guddu,11-Jul-23,188617,147950
INDUS,Sukkar,11-Jul-23,144555,89755
INDUS,Kotri,11-Jul-23,73845,33170
JHELUM,Kotli,11-Jul-23,-,6100
JHELUM,Mangla,11-Jul-23,50000,10000
JHELUM,Rasul,11-Jul-23,3355,-
CHENAB,Marala,11-Jul-23,95592,78892
CHENAB,Khanki,11-Jul-23,86576,79258
CHENAB,Qadirabad,11-Jul-23,101439,87439
CHENAB,Trimmu,11-Jul-23,51042,37542
CHENAB,Punjnad,11-Jul-23,21627,7777
RAVI,Thein,11-Jul-23,-,-
RAVI,Jassar,11-Jul-23,-,35430
RAVI,Shahdara,11-Jul-23,-,28014
RAVI,Balloki,11-Jul-23,38495,13395
RAVI,Sidhnai,11-Jul-23,22983,7233
SUTLEJ,Bhakara**,11-Jul-23,-,-
SUTLEJ,Sulemanki,11-Jul-23,23565,11846
SUTLEJ,Islam,11-Jul-23,4580,3597
INDUS,khairabad,11-Jul-23,-,156500
INDUS,Kalabagh,11-Jul-23,199039,191539
INDUS,Chashma,11-Jul-23,217344,212644
INDUS,Taunsa,11-Jul-23,222098,196152
INDUS,Guddu,11-Jul-23,188330,147950
INDUS,Sukkar,11-Jul-23,142610,87660
INDUS,Kotri,11-Jul-23,73875,33170
JHELUM,Kotli,11-Jul-23,-,5580
JHELUM,Mangla,11-Jul-23,50000,10000
JHELUM,Rasul,11-Jul-23,3355,Nil
CHENAB,Marala,11-Jul-23,90572,73188
CHENAB,Khanki,11-Jul-23,78649,71331
CHENAB,Qadirabad,11-Jul-23,94776,83476
CHENAB,Trimmu,11-Jul-23,76619,63119
CHENAB,Punjnad,11-Jul-23,24503,10653
RAVI,Thein,11-Jul-23,-,-
RAVI,Jassar,11-Jul-23,-,28660
RAVI,Shahdara,11-Jul-23,-,27362
RAVI,Balloki,11-Jul-23,35905,16805
RAVI,Sidhnai,11-Jul-23,22983,7233
SUTLEJ,Bhakara**,11-Jul-23,-,-
SUTLEJ,Sulemanki,11-Jul-23,28955,16943
SUTLEJ,Islam,11-Jul-23,4580,3597
INDUS,khairabad,11-Jul-23,-,153400
INDUS,Kalabagh,11-Jul-23,182267,174767
INDUS,Chashma,11-Jul-23,218427,213727
INDUS,Taunsa,11-Jul-23,222098,196152
INDUS,Guddu,11-Jul-23,188330,147950
INDUS,Sukkar,11-Jul-23,142610,87660
INDUS,Kotri,11-Jul-23,73875,33170
JHELUM,Kotli,11-Jul-23,-,5330
JHELUM,Mangla,11-Jul-23,50000,10000
JHELUM,Rasul,11-Jul-23,3355,Nil
CHENAB,Marala,11-Jul-23,87716,67716
CHENAB,Khanki,11-Jul-23,73784,66442
CHENAB,Qadirabad,11-Jul-23,73725,63475
CHENAB,Trimmu,11-Jul-23,86423,72923
CHENAB,Punjnad,11-Jul-23,25497,11647
RAVI,Thein,11-Jul-23,-,-
RAVI,Jassar,11-Jul-23,-,25560
RAVI,Shahdara,11-Jul-23,-,26711
RAVI,Balloki,11-Jul-23,38315,20215
RAVI,Sidhnai,11-Jul-23,22944,7894
SUTLEJ,Bhakara**,11-Jul-23,-,-
SUTLEJ,Sulemanki,11-Jul-23,28955,16943
SUTLEJ,Islam,11-Jul-23,4597,3597
INDUS,khairabad,12-Jul-23,-,173700
INDUS,Kalabagh,12-Jul-23,181312,173812
INDUS,Chashma,12-Jul-23,219216,214516
INDUS,Taunsa,12-Jul-23,222098,196152
INDUS,Guddu,12-Jul-23,188330,147950
INDUS,Sukkar,12-Jul-23,140660,85580
INDUS,Kotri,12-Jul-23,70833,29568
JHELUM,Kotli,12-Jul-23,-,5840
JHELUM,Mangla,12-Jul-23,45000,10000
JHELUM,Rasul,12-Jul-23,3355,Nil
CHENAB,Marala,12-Jul-23,66709,43630
CHENAB,Khanki,12-Jul-23,73784,66442
CHENAB,Qadirabad,12-Jul-23,70735,60735
CHENAB,Trimmu,12-Jul-23,91193,77693
CHENAB,Punjnad,12-Jul-23,25597,11647
RAVI,Thein,12-Jul-23,-,-
RAVI,Jassar,12-Jul-23,-,23700
RAVI,Shahdara,12-Jul-23,-,22322
RAVI,Balloki,12-Jul-23,43290,25190
RAVI,Sidhnai,12-Jul-23,22302,7252
SUTLEJ,Bhakara**,12-Jul-23,-,-
SUTLEJ,Sulemanki,12-Jul-23,31069,19061
SUTLEJ,Islam,12-Jul-23,5243,4293
INDUS,khairabad,12-Jul-23,-,127000
INDUS,Kalabagh,12-Jul-23,175306,167806
INDUS,Chashma,12-Jul-23,219706,215006
INDUS,Taunsa,12-Jul-23,222098,196152
INDUS,Guddu,12-Jul-23,191257,150494
INDUS,Sukkar,12-Jul-23,140660,85580
INDUS,Kotri,12-Jul-23,70833,29568
JHELUM,Kotli,12-Jul-23,-,6100
JHELUM,Mangla,12-Jul-23,70000,10000
JHELUM,Rasul,12-Jul-23,3355,-
CHENAB,Marala,12-Jul-23,73448,48786
CHENAB,Khanki,12-Jul-23,71203,63861
CHENAB,Qadirabad,12-Jul-23,70735,60735
CHENAB,Trimmu,12-Jul-23,103126,89626
CHENAB,Punjnad,12-Jul-23,25597,11647
RAVI,Thein,12-Jul-23,-,-
RAVI,Jassar,12-Jul-23,-,20900
RAVI,Shahdara,12-Jul-23,-,20626
RAVI,Balloki,12-Jul-23,43190,25190
RAVI,Sidhnai,12-Jul-23,21660,6610
SUTLEJ,Bhakara**,12-Jul-23,-,-
SUTLEJ,Sulemanki,12-Jul-23,31069,19061
SUTLEJ,Islam,12-Jul-23,5243,4293
INDUS,khairabad,12-Jul-23,-,137900
INDUS,Kalabagh,12-Jul-23,175306,167806
INDUS,Chashma,12-Jul-23,201382,195018
INDUS,Taunsa,12-Jul-23,222098,195762
INDUS,Guddu,12-Jul-23,191257,150494
INDUS,Sukkar,12-Jul-23,140660,85580
INDUS,Kotri,12-Jul-23,69241,27606
JHELUM,Kotli,12-Jul-23,-,6640
JHELUM,Mangla,12-Jul-23,60000,10000
JHELUM,Rasul,12-Jul-23,3355,Nil
CHENAB,Marala,12-Jul-23,80307,54336
CHENAB,Khanki,12-Jul-23,57220,49878
CHENAB,Qadirabad,12-Jul-23,67941,57941
CHENAB,Trimmu,12-Jul-23,103126,89626
CHENAB,Punjnad,12-Jul-23,25597,11647
RAVI,Thein,12-Jul-23,-,-
RAVI,Jassar,12-Jul-23,-,20200
RAVI,Shahdara,12-Jul-23,-,18930
RAVI,Balloki,12-Jul-23,45750,27750
RAVI,Sidhnai,12-Jul-23,21969,6919
SUTLEJ,Bhakara**,12-Jul-23,-,-
SUTLEJ,Sulemanki,12-Jul-23,40324,40324
SUTLEJ,Islam,12-Jul-23,5243,4293
INDUS,khairabad,12-Jul-23,-,149200
INDUS,Kalabagh,12-Jul-23,166286,158786
INDUS,Chashma,12-Jul-23,198265,195229
INDUS,Taunsa,12-Jul-23,222098,195762
INDUS,Guddu,12-Jul-23,191257,150494
INDUS,Sukkar,12-Jul-23,140660,85580
INDUS,Kotri,12-Jul-23,69241,27606
JHELUM,Kotli,12-Jul-23,-,7470
JHELUM,Mangla,12-Jul-23,50000,10000
JHELUM,Rasul,12-Jul-23,8696,5341
CHENAB,Marala,12-Jul-23,80307,53076
CHENAB,Khanki,12-Jul-23,57220,49878
CHENAB,Qadirabad,12-Jul-23,53184,43184
CHENAB,Trimmu,12-Jul-23,103674,90174
CHENAB,Punjnad,12-Jul-23,25509,15159
RAVI,Thein,12-Jul-23,-,-
RAVI,Jassar,12-Jul-23,-,20900
RAVI,Shahdara,12-Jul-23,-,17800
RAVI,Balloki,12-Jul-23,45750,27750
RAVI,Sidhnai,12-Jul-23,20793,5643
SUTLEJ,Bhakara**,12-Jul-23,-,-
SUTLEJ,Sulemanki,12-Jul-23,43631,43631
SUTLEJ,Islam,12-Jul-23,9278,8329
INDUS,khairabad,13-Jul-23,-,161800
INDUS,Kalabagh,13-Jul-23,167241,159741
INDUS,Chashma,13-Jul-23,199789,195089
INDUS,Taunsa,13-Jul-23,216287,196383
INDUS,Guddu,13-Jul-23,189909,149227
INDUS,Sukkar,13-Jul-23,141010,85660
INDUS,Kotri,13-Jul-23,67569,25934
JHELUM,Kotli,13-Jul-23,-,7190
JHELUM,Mangla,13-Jul-23,60000,10000
JHELUM,Rasul,13-Jul-23,3355,-
CHENAB,Marala,13-Jul-23,71780,43630
CHENAB,Khanki,13-Jul-23,57220,49878
CHENAB,Qadirabad,13-Jul-23,53184,43184
CHENAB,Trimmu,13-Jul-23,103674,90174
CHENAB,Punjnad,13-Jul-23,29509,15159
RAVI,Thein,13-Jul-23,-,-
RAVI,Jassar,13-Jul-23,-,20900
RAVI,Shahdara,13-Jul-23,-,18365
RAVI,Balloki,13-Jul-23,45250,27750
RAVI,Sidhnai,13-Jul-23,20073,4923
SUTLEJ,Bhakara**,13-Jul-23,-,-
SUTLEJ,Sulemanki,13-Jul-23,62118,62118
SUTLEJ,Islam,13-Jul-23,9278,8329
INDUS,khairabad,13-Jul-23,-,158600
INDUS,Kalabagh,13-Jul-23,177216,169716
INDUS,Chashma,13-Jul-23,203342,200057
INDUS,Taunsa,13-Jul-23,216287,196383
INDUS,Guddu,13-Jul-23,196644,155962
INDUS,Sukkar,13-Jul-23,141010,85660
INDUS,Kotri,13-Jul-23,67569,25934
JHELUM,Kotli,13-Jul-23,-,6910
JHELUM,Mangla,13-Jul-23,50000,10000
JHELUM,Rasul,13-Jul-23,8696,5341
CHENAB,Marala,13-Jul-23,71780,43630
CHENAB,Khanki,13-Jul-23,60995,53653
CHENAB,Qadirabad,13-Jul-23,55040,45040
CHENAB,Trimmu,13-Jul-23,100582,87082
CHENAB,Punjnad,13-Jul-23,29509,15159
RAVI,Thein,13-Jul-23,-,-
RAVI,Jassar,13-Jul-23,-,21600
RAVI,Shahdara,13-Jul-23,-,18365
RAVI,Balloki,13-Jul-23,43010,25510
RAVI,Sidhnai,13-Jul-23,20039,4689
SUTLEJ,Bhakara**,13-Jul-23,-,-
SUTLEJ,Sulemanki,13-Jul-23,62118,62118
SUTLEJ,Islam,13-Jul-23,9278,8328
INDUS,khairabad,13-Jul-23,-,128900
INDUS,Kalabagh,13-Jul-23,177216,169716
INDUS,Chashma,13-Jul-23,191137,187652
INDUS,Taunsa,13-Jul-23,211251,191780
INDUS,Guddu,13-Jul-23,196644,155962
INDUS,Sukkar,13-Jul-23,143060,87660
INDUS,Kotri,13-Jul-23,66321,24236
JHELUM,Kotli,13-Jul-23,-,6910
JHELUM,Mangla,13-Jul-23,60000,10000
JHELUM,Rasul,13-Jul-23,3355,Nil
CHENAB,Marala,13-Jul-23,77133,48983
CHENAB,Khanki,13-Jul-23,57041,49878
CHENAB,Qadirabad,13-Jul-23,55040,45040
CHENAB,Trimmu,13-Jul-23,89922,76622
CHENAB,Punjnad,13-Jul-23,29509,15159
RAVI,Thein,13-Jul-23,-,-
RAVI,Jassar,13-Jul-23,-,23700
RAVI,Shahdara,13-Jul-23,-,19496
RAVI,Balloki,13-Jul-23,43010,25510
RAVI,Sidhnai,13-Jul-23,21653,6103
SUTLEJ,Bhakara**,13-Jul-23,-,-
SUTLEJ,Sulemanki,13-Jul-23,62118,62118
SUTLEJ,Islam,13-Jul-23,10187,9237
INDUS,khairabad,13-Jul-23,-,161800
INDUS,Kalabagh,13-Jul-23,167241,159741
INDUS,Chashma,13-Jul-23,191351,186451
INDUS,Taunsa,13-Jul-23,211251,191780
INDUS,Guddu,13-Jul-23,196644,155962
INDUS,Sukkar,13-Jul-23,143060,87660
INDUS,Kotri,13-Jul-23,66321,24236
JHELUM,Kotli,13-Jul-23,-,6640
JHELUM,Mangla,13-Jul-23,55000,10000
JHELUM,Rasul,13-Jul-23,3355,Nil
CHENAB,Marala,13-Jul-23,71780,43630
CHENAB,Khanki,13-Jul-23,53489,46326
CHENAB,Qadirabad,13-Jul-23,51292,41292
CHENAB,Trimmu,13-Jul-23,84227,70927
CHENAB,Punjnad,13-Jul-23,29509,15159
RAVI,Thein,13-Jul-23,-,-
RAVI,Jassar,13-Jul-23,-,23000
RAVI,Shahdara,13-Jul-23,-,20626
RAVI,Balloki,13-Jul-23,43010,25510
RAVI,Sidhnai,13-Jul-23,NR,NR
SUTLEJ,Bhakara**,13-Jul-23,-,-
SUTLEJ,Sulemanki,13-Jul-23,62118,62118
SUTLEJ,Islam,13-Jul-23,10187,9237
INDUS,khairabad,14-Jul-23,-,153400
INDUS,Kalabagh,14-Jul-23,178171,170671
INDUS,Chashma,14-Jul-23,190024,186362
INDUS,Taunsa,14-Jul-23,211251,191780
INDUS,Guddu,14-Jul-23,197401,157324
INDUS,Sukkar,14-Jul-23,143180,87780
INDUS,Kotri,14-Jul-23,65901,24236
JHELUM,Kotli,14-Jul-23,-,6100
JHELUM,Mangla,14-Jul-23,50000,10000
JHELUM,Rasul,14-Jul-23,3355,Nil
CHENAB,Marala,14-Jul-23,66427,38277
CHENAB,Khanki,14-Jul-23,55084,47921
CHENAB,Qadirabad,14-Jul-23,51292,41292
CHENAB,Trimmu,14-Jul-23,70615,57315
CHENAB,Punjnad,14-Jul-23,30109,15159
RAVI,Thein,14-Jul-23,-,-
RAVI,Jassar,14-Jul-23,-,23000
RAVI,Shahdara,14-Jul-23,-,21191
RAVI,Balloki,14-Jul-23,43010,25510
RAVI,Sidhnai,14-Jul-23,22532,7082
SUTLEJ,Bhakara**,14-Jul-23,-,-
SUTLEJ,Sulemanki,14-Jul-23,58187,58187
SUTLEJ,Islam,14-Jul-23,13092,12142
INDUS,khairabad,14-Jul-23,-,145100
INDUS,Kalabagh,14-Jul-23,184177,176677
INDUS,Chashma,14-Jul-23,193665,190003
INDUS,Taunsa,14-Jul-23,209438,190123
INDUS,Guddu,14-Jul-23,197391,157024
INDUS,Sukkar,14-Jul-23,143180,87780
INDUS,Kotri,14-Jul-23,67348,25933
JHELUM,Kotli,14-Jul-23,-,6640
JHELUM,Mangla,14-Jul-23,88000,10000
JHELUM,Rasul,14-Jul-23,3355,-
CHENAB,Marala,14-Jul-23,66427,38277
CHENAB,Khanki,14-Jul-23,55311,47921
CHENAB,Qadirabad,14-Jul-23,49346,39346
CHENAB,Trimmu,14-Jul-23,70615,57315
CHENAB,Punjnad,14-Jul-23,30109,15159
RAVI,Thein,14-Jul-23,-,-
RAVI,Jassar,14-Jul-23,-,24940
RAVI,Shahdara,14-Jul-23,-,21191
RAVI,Balloki,14-Jul-23,43010,25510
RAVI,Sidhnai,14-Jul-23,23291,8341
SUTLEJ,Bhakara**,14-Jul-23,-,-
SUTLEJ,Sulemanki,14-Jul-23,58187,58187
SUTLEJ,Islam,14-Jul-23,13168,13168
INDUS,khairabad,14-Jul-23,-,153400
INDUS,Kalabagh,14-Jul-23,183222,175722
INDUS,Chashma,14-Jul-23,193662,190000
INDUS,Taunsa,14-Jul-23,209438,190123
INDUS,Guddu,14-Jul-23,197156,157024
INDUS,Sukkar,14-Jul-23,143520,87780
INDUS,Kotri,14-Jul-23,67348,25933
JHELUM,Kotli,14-Jul-23,-,6910
JHELUM,Mangla,14-Jul-23,62000,10000
JHELUM,Rasul,14-Jul-23,3355,Nil
CHENAB,Marala,14-Jul-23,77233,48983
CHENAB,Khanki,14-Jul-23,49561,42171
CHENAB,Qadirabad,14-Jul-23,49346,39346
CHENAB,Trimmu,14-Jul-23,65737,52437
CHENAB,Punjnad,14-Jul-23,30109,15159
RAVI,Thein,14-Jul-23,-,-
RAVI,Jassar,14-Jul-23,-,24320
RAVI,Shahdara,14-Jul-23,-,21756
RAVI,Balloki,14-Jul-23,43310,25510
RAVI,Sidhnai,14-Jul-23,23920,8970
SUTLEJ,Bhakara**,14-Jul-23,-,-
SUTLEJ,Sulemanki,14-Jul-23,67012,67012
SUTLEJ,Islam,14-Jul-23,14221,14221
INDUS,khairabad,14-Jul-23,-,173700
INDUS,Kalabagh,14-Jul-23,177216,169716
INDUS,Chashma,14-Jul-23,193630,189968
INDUS,Taunsa,14-Jul-23,209438,190123
INDUS,Guddu,14-Jul-23,197156,157024
INDUS,Sukkar,14-Jul-23,143520,87780
INDUS,Kotri,14-Jul-23,67348,25933
JHELUM,Kotli,14-Jul-23,-,7470
JHELUM,Mangla,14-Jul-23,55000,10000
JHELUM,Rasul,14-Jul-23,3355,Nil
CHENAB,Marala,14-Jul-23,71880,43630
CHENAB,Khanki,14-Jul-23,49561,42171
CHENAB,Qadirabad,14-Jul-23,46720,36720
CHENAB,Trimmu,14-Jul-23,60029,46729
CHENAB,Punjnad,14-Jul-23,30109,15159
RAVI,Thein,14-Jul-23,-,-
RAVI,Jassar,14-Jul-23,-,23700
RAVI,Shahdara,14-Jul-23,-,21191
RAVI,Balloki,14-Jul-23,43310,25510
RAVI,Sidhnai,14-Jul-23,24270,8970
SUTLEJ,Bhakara**,14-Jul-23,-,-
SUTLEJ,Sulemanki,14-Jul-23,73438,73438
SUTLEJ,Islam,14-Jul-23,14221,14221
INDUS,khairabad,15-Jul-23,-,164000
INDUS,Kalabagh,15-Jul-23,197951,190451
INDUS,Chashma,15-Jul-23,194169,189269
INDUS,Taunsa,15-Jul-23,203948,184574
INDUS,Guddu,15-Jul-23,193613,153694
INDUS,Sukkar,15-Jul-23,143260,87780
INDUS,Kotri,15-Jul-23,69121,27606
JHELUM,Kotli,15-Jul-23,-,6910
JHELUM,Mangla,15-Jul-23,55000,10000
JHELUM,Rasul,15-Jul-23,3355,Nil
CHENAB,Marala,15-Jul-23,77233,48983
CHENAB,Khanki,15-Jul-23,53632,46326
CHENAB,Qadirabad,15-Jul-23,46720,36720
CHENAB,Trimmu,15-Jul-23,49413,36113
CHENAB,Punjnad,15-Jul-23,36277,21327
RAVI,Thein,15-Jul-23,-,-
RAVI,Jassar,15-Jul-23,-,24320
RAVI,Shahdara,15-Jul-23,-,20061
RAVI,Balloki,15-Jul-23,43310,25510
RAVI,Sidhnai,15-Jul-23,24270,8970
SUTLEJ,Bhakara**,15-Jul-23,-,-
SUTLEJ,Sulemanki,15-Jul-23,73438,73438
SUTLEJ,Islam,15-Jul-23,14221,14221
INDUS,khairabad,15-Jul-23,-,250400
INDUS,Kalabagh,15-Jul-23,197951,190451
INDUS,Chashma,15-Jul-23,196158,190020
INDUS,Taunsa,15-Jul-23,196895,177891
INDUS,Guddu,15-Jul-23,193613,153694
INDUS,Sukkar,15-Jul-23,143260,87780
INDUS,Kotri,15-Jul-23,69501,27606
JHELUM,Kotli,15-Jul-23,-,6370
JHELUM,Mangla,15-Jul-23,88000,10000
JHELUM,Rasul,15-Jul-23,3355,Nil
CHENAB,Marala,15-Jul-23,71880,43630
CHENAB,Khanki,15-Jul-23,58570,51264
CHENAB,Qadirabad,15-Jul-23,46720,36720
CHENAB,Trimmu,15-Jul-23,49413,36113
CHENAB,Punjnad,15-Jul-23,39032,24082
RAVI,Thein,15-Jul-23,-,-
RAVI,Jassar,15-Jul-23,-,24320
RAVI,Shahdara,15-Jul-23,-,20061
RAVI,Balloki,15-Jul-23,43310,25510
RAVI,Sidhnai,15-Jul-23,24270,8970
SUTLEJ,Bhakara**,15-Jul-23,-,-
SUTLEJ,Sulemanki,15-Jul-23,73438,73438
SUTLEJ,Islam,15-Jul-23,14221,14221
INDUS,khairabad,15-Jul-23,-,188100
INDUS,Kalabagh,15-Jul-23,209213,201913
INDUS,Chashma,15-Jul-23,209284,204384
INDUS,Taunsa,15-Jul-23,190016,172016
INDUS,Guddu,15-Jul-23,187247,147468
INDUS,Sukkar,15-Jul-23,143260,87780
INDUS,Kotri,15-Jul-23,79883,29568
JHELUM,Kotli,15-Jul-23,-,6100
JHELUM,Mangla,15-Jul-23,63000,10000
JHELUM,Rasul,15-Jul-23,8696,5341
CHENAB,Marala,15-Jul-23,77233,48983
CHENAB,Khanki,15-Jul-23,60345,53039
CHENAB,Qadirabad,15-Jul-23,52888,42888
CHENAB,Trimmu,15-Jul-23,37843,24543
CHENAB,Punjnad,15-Jul-23,43843,28943
RAVI,Thein,15-Jul-23,-,-
RAVI,Jassar,15-Jul-23,-,23700
RAVI,Shahdara,15-Jul-23,-,20061
RAVI,Balloki,15-Jul-23,43410,25510
RAVI,Sidhnai,15-Jul-23,24989,9689
SUTLEJ,Bhakara**,15-Jul-23,-,-
SUTLEJ,Sulemanki,15-Jul-23,73438,73438
SUTLEJ,Islam,15-Jul-23,14221,14221
INDUS,khairabad,15-Jul-23,-,170400
INDUS,Kalabagh,15-Jul-23,230456,222456
INDUS,Chashma,15-Jul-23,209920,205020
INDUS,Taunsa,15-Jul-23,190016,172016
INDUS,Guddu,15-Jul-23,187247,147468
INDUS,Sukkar,15-Jul-23,143260,87780
INDUS,Kotri,15-Jul-23,79883,29568
JHELUM,Kotli,15-Jul-23,-,6100
JHELUM,Mangla,15-Jul-23,50000,10000
JHELUM,Rasul,15-Jul-23,3355,-
CHENAB,Marala,15-Jul-23,77233,48983
CHENAB,Khanki,15-Jul-23,53728,46326
CHENAB,Qadirabad,15-Jul-23,52888,42888
CHENAB,Trimmu,15-Jul-23,37843,24543
CHENAB,Punjnad,15-Jul-23,43993,28943
RAVI,Thein,15-Jul-23,-,-
RAVI,Jassar,15-Jul-23,-,23000
RAVI,Shahdara,15-Jul-23,-,19496
RAVI,Balloki,15-Jul-23,44530,26630
RAVI,Sidhnai,15-Jul-23,25495,10095
SUTLEJ,Bhakara**,15-Jul-23,-,-
SUTLEJ,Sulemanki,15-Jul-23,76813,76813
SUTLEJ,Islam,15-Jul-23,15301,15301
INDUS,khairabad,16-Jul-23,-,199400
INDUS,Kalabagh,16-Jul-23,209713,201713
INDUS,Chashma,16-Jul-23,210273,205373
INDUS,Taunsa,16-Jul-23,190016,172016
INDUS,Guddu,16-Jul-23,185779,146460
INDUS,Sukkar,16-Jul-23,137703,82002
INDUS,Kotri,16-Jul-23,76378,33843
JHELUM,Kotli,16-Jul-23,-,6100
JHELUM,Mangla,16-Jul-23,50000,10000
JHELUM,Rasul,16-Jul-23,8696,5341
CHENAB,Marala,16-Jul-23,77233,48983
CHENAB,Khanki,16-Jul-23,57179,49777
CHENAB,Qadirabad,16-Jul-23,49346,39346
CHENAB,Trimmu,16-Jul-23,37843,24543
CHENAB,Punjnad,16-Jul-23,55053,39953
RAVI,Thein,16-Jul-23,-,-
RAVI,Jassar,16-Jul-23,-,23000
RAVI,Shahdara,16-Jul-23,-,18930
RAVI,Balloki,16-Jul-23,44530,26630
RAVI,Sidhnai,16-Jul-23,25089,9689
SUTLEJ,Bhakara**,16-Jul-23,-,-
SUTLEJ,Sulemanki,16-Jul-23,83570,83570
SUTLEJ,Islam,16-Jul-23,15301,15301
INDUS,khairabad,16-Jul-23,-,241900
INDUS,Kalabagh,16-Jul-23,204375,196375
INDUS,Chashma,16-Jul-23,206914,200599
INDUS,Taunsa,16-Jul-23,190016,172016
INDUS,Guddu,16-Jul-23,179495,140176
INDUS,Sukkar,16-Jul-23,137702,82002
INDUS,Kotri,16-Jul-23,76378,33843
JHELUM,Kotli,16-Jul-23,-,5580
JHELUM,Mangla,16-Jul-23,88000,10000
JHELUM,Rasul,16-Jul-23,3355,-
CHENAB,Marala,16-Jul-23,77233,48983
CHENAB,Khanki,16-Jul-23,60441,53039
CHENAB,Qadirabad,16-Jul-23,49346,39346
CHENAB,Trimmu,16-Jul-23,37943,24543
CHENAB,Punjnad,16-Jul-23,55053,39953
RAVI,Thein,16-Jul-23,-,-
RAVI,Jassar,16-Jul-23,-,22300
RAVI,Shahdara,16-Jul-23,-,18930
RAVI,Balloki,16-Jul-23,43930,26630
RAVI,Sidhnai,16-Jul-23,24236,8836
SUTLEJ,Bhakara**,16-Jul-23,-,-
SUTLEJ,Sulemanki,16-Jul-23,77675,77675
SUTLEJ,Islam,16-Jul-23,15301,15301
INDUS,khairabad,16-Jul-23,-,196000
INDUS,Kalabagh,16-Jul-23,214683,206683
INDUS,Chashma,16-Jul-23,217595,211280
INDUS,Taunsa,16-Jul-23,184469,166469
INDUS,Guddu,16-Jul-23,177146,137362
INDUS,Sukkar,16-Jul-23,137702,82002
INDUS,Kotri,16-Jul-23,76378,33843
JHELUM,Kotli,16-Jul-23,-,5330
JHELUM,Mangla,16-Jul-23,55000,10000
JHELUM,Rasul,16-Jul-23,8696,5341
CHENAB,Marala,16-Jul-23,82586,54336
CHENAB,Khanki,16-Jul-23,62714,55312
CHENAB,Qadirabad,16-Jul-23,56715,46715
CHENAB,Trimmu,16-Jul-23,37943,24543
CHENAB,Punjnad,16-Jul-23,55053,39953
RAVI,Thein,16-Jul-23,-,-
RAVI,Jassar,16-Jul-23,-,24320
RAVI,Shahdara,16-Jul-23,-,18930
RAVI,Balloki,16-Jul-23,43930,26630
RAVI,Sidhnai,16-Jul-23,24834,9434
SUTLEJ,Bhakara**,16-Jul-23,-,-
SUTLEJ,Sulemanki,16-Jul-23,77675,77675
SUTLEJ,Islam,16-Jul-23,15301,15301
INDUS,khairabad,16-Jul-23,-,181000
INDUS,Kalabagh,16-Jul-23,227044,219044
INDUS,Chashma,16-Jul-23,220200,215300
INDUS,Taunsa,16-Jul-23,184469,166464
INDUS,Guddu,16-Jul-23,177146,137362
INDUS,Sukkar,16-Jul-23,137702,82002
INDUS,Kotri,16-Jul-23,76378,33843
JHELUM,Kotli,16-Jul-23,-,5580
JHELUM,Mangla,16-Jul-23,50000,10000
JHELUM,Rasul,16-Jul-23,3355,-
CHENAB,Marala,16-Jul-23,95438,67188
CHENAB,Khanki,16-Jul-23,58666,51264
CHENAB,Qadirabad,16-Jul-23,56715,46715
CHENAB,Trimmu,16-Jul-23,37223,23823
CHENAB,Punjnad,16-Jul-23,55053,39953
RAVI,Thein,16-Jul-23,-,-
RAVI,Jassar,16-Jul-23,-,23700
RAVI,Shahdara,16-Jul-23,-,18930
RAVI,Balloki,16-Jul-23,43930,26630
RAVI,Sidhnai,16-Jul-23,25655,10255
SUTLEJ,Bhakara**,16-Jul-23,-,-
SUTLEJ,Sulemanki,16-Jul-23,73240,73240
SUTLEJ,Islam,16-Jul-23,15301,15301
INDUS,khairabad,17-Jul-23,-,226200
INDUS,Kalabagh,17-Jul-23,223225,215225
INDUS,Chashma,17-Jul-23,215044,210144
INDUS,Taunsa,17-Jul-23,184469,166469
INDUS,Guddu,17-Jul-23,179022,139098
INDUS,Sukkar,17-Jul-23,133004,77304
INDUS,Kotri,17-Jul-23,76158,33843
JHELUM,Kotli,17-Jul-23,-,5580
JHELUM,Mangla,17-Jul-23,50000,10000
JHELUM,Rasul,17-Jul-23,3355,-
CHENAB,Marala,17-Jul-23,95438,67188
CHENAB,Khanki,17-Jul-23,66376,58974
CHENAB,Qadirabad,17-Jul-23,52888,42888
CHENAB,Trimmu,17-Jul-23,37223,23823
CHENAB,Punjnad,17-Jul-23,55103,39953
RAVI,Thein,17-Jul-23,-,-
RAVI,Jassar,17-Jul-23,-,23000
RAVI,Shahdara,17-Jul-23,-,19496
RAVI,Balloki,17-Jul-23,43930,26630
RAVI,Sidhnai,17-Jul-23,25655,10255
SUTLEJ,Bhakara**,17-Jul-23,-,-
SUTLEJ,Sulemanki,17-Jul-23,65480,65480
SUTLEJ,Islam,17-Jul-23,15301,15301
INDUS,khairabad,17-Jul-23,-,210900
INDUS,Kalabagh,17-Jul-23,210864,202864
INDUS,Chashma,17-Jul-23,216540,209976
INDUS,Taunsa,17-Jul-23,184469,166469
INDUS,Guddu,17-Jul-23,182924,143000
INDUS,Sukkar,17-Jul-23,133004,77304
INDUS,Kotri,17-Jul-23,76158,33843
JHELUM,Kotli,17-Jul-23,-,5330
JHELUM,Mangla,17-Jul-23,88000,10000
JHELUM,Rasul,17-Jul-23,3355,-
CHENAB,Marala,17-Jul-23,89570,61320
CHENAB,Khanki,17-Jul-23,70117,62643
CHENAB,Qadirabad,17-Jul-23,56715,46715
CHENAB,Trimmu,17-Jul-23,34502,21002
CHENAB,Punjnad,17-Jul-23,50334,35134
RAVI,Thein,17-Jul-23,-,-
RAVI,Jassar,17-Jul-23,-,29900
RAVI,Shahdara,17-Jul-23,-,20061
RAVI,Balloki,17-Jul-23,43930,26630
RAVI,Sidhnai,17-Jul-23,25655,10255
SUTLEJ,Bhakara**,17-Jul-23,-,-
SUTLEJ,Sulemanki,17-Jul-23,65480,65480
SUTLEJ,Islam,17-Jul-23,18695,18695
INDUS,khairabad,17-Jul-23,-,184700
INDUS,Kalabagh,17-Jul-23,214737,206737
INDUS,Chashma,17-Jul-23,215695,210795
INDUS,Taunsa,17-Jul-23,190163,172163
INDUS,Guddu,17-Jul-23,182924,143000
INDUS,Sukkar,17-Jul-23,133004,77304
INDUS,Kotri,17-Jul-23,71937,29622
JHELUM,Kotli,17-Jul-23,-,5580
JHELUM,Mangla,17-Jul-23,57000,10000
JHELUM,Rasul,17-Jul-23,3355,-
CHENAB,Marala,17-Jul-23,95197,66924
CHENAB,Khanki,17-Jul-23,73916,66442
CHENAB,Qadirabad,17-Jul-23,63063,53063
CHENAB,Trimmu,17-Jul-23,34502,21002
CHENAB,Punjnad,17-Jul-23,50334,35134
RAVI,Thein,17-Jul-23,-,-
RAVI,Jassar,17-Jul-23,-,33060
RAVI,Shahdara,17-Jul-23,-,20061
RAVI,Balloki,17-Jul-23,43930,26630
RAVI,Sidhnai,17-Jul-23,26268,10868
SUTLEJ,Bhakara**,17-Jul-23,-,-
SUTLEJ,Sulemanki,17-Jul-23,51191,51191
SUTLEJ,Islam,17-Jul-23,18695,18695
INDUS,khairabad,17-Jul-23,-,181400
INDUS,Kalabagh,17-Jul-23,227044,219044
INDUS,Chashma,17-Jul-23,214939,210039
INDUS,Taunsa,17-Jul-23,190163,172163
INDUS,Guddu,17-Jul-23,182924,143000
INDUS,Sukkar,17-Jul-23,133004,77304
INDUS,Kotri,17-Jul-23,71937,29622
JHELUM,Kotli,17-Jul-23,-,5330
JHELUM,Mangla,17-Jul-23,55000,10000
JHELUM,Rasul,17-Jul-23,3355,-
CHENAB,Marala,17-Jul-23,95197,66924
CHENAB,Khanki,17-Jul-23,73916,66442
CHENAB,Qadirabad,17-Jul-23,63063,53063
CHENAB,Trimmu,17-Jul-23,34502,21002
CHENAB,Punjnad,17-Jul-23,43534,28334
RAVI,Thein,17-Jul-23,-,-
RAVI,Jassar,17-Jul-23,-,31480
RAVI,Shahdara,17-Jul-23,-,20061
RAVI,Balloki,17-Jul-23,44330,26630
RAVI,Sidhnai,17-Jul-23,26915,11515
SUTLEJ,Bhakara**,17-Jul-23,-,-
SUTLEJ,Sulemanki,17-Jul-23,51191,51191
SUTLEJ,Islam,17-Jul-23,18695,18695
INDUS,khairabad,18-Jul-23,-,200500
INDUS,Kalabagh,18-Jul-23,226089,218089
INDUS,Chashma,18-Jul-23,214676,209776
INDUS,Taunsa,18-Jul-23,190163,172163
INDUS,Guddu,18-Jul-23,183845,143771
INDUS,Sukkar,18-Jul-23,129719,74019
INDUS,Kotri,18-Jul-23,70524,28209
JHELUM,Kotli,18-Jul-23,-,5330
JHELUM,Mangla,18-Jul-23,53000,10000
JHELUM,Rasul,18-Jul-23,3555,-
CHENAB,Marala,18-Jul-23,95197,66924
CHENAB,Khanki,18-Jul-23,71335,63861
CHENAB,Qadirabad,18-Jul-23,63063,53063
CHENAB,Trimmu,18-Jul-23,34502,21002
CHENAB,Punjnad,18-Jul-23,42834,28334
RAVI,Thein,18-Jul-23,-,-
RAVI,Jassar,18-Jul-23,-,29900
RAVI,Shahdara,18-Jul-23,-,20626
RAVI,Balloki,18-Jul-23,45450,27750
RAVI,Sidhnai,18-Jul-23,26915,11515
SUTLEJ,Bhakara**,18-Jul-23,-,-
SUTLEJ,Sulemanki,18-Jul-23,45344,45344
SUTLEJ,Islam,18-Jul-23,18695,18695
INDUS,khairabad,18-Jul-23,-,225000
INDUS,Kalabagh,18-Jul-23,213782,205782
INDUS,Chashma,18-Jul-23,216480,209916
INDUS,Taunsa,18-Jul-23,190163,172163
INDUS,Guddu,18-Jul-23,187701,147469
INDUS,Sukkar,18-Jul-23,129719,74019
INDUS,Kotri,18-Jul-23,70524,28209
JHELUM,Kotli,18-Jul-23,-,8330
JHELUM,Mangla,18-Jul-23,50000,10000
JHELUM,Rasul,18-Jul-23,8696,5341
CHENAB,Marala,18-Jul-23,89593,61320
CHENAB,Khanki,18-Jul-23,70117,62643
CHENAB,Qadirabad,18-Jul-23,65639,55639
CHENAB,Trimmu,18-Jul-23,34502,21002
CHENAB,Punjnad,18-Jul-23,42834,28334
RAVI,Thein,18-Jul-23,-,-
RAVI,Jassar,18-Jul-23,-,28660
RAVI,Shahdara,18-Jul-23,-,21191
RAVI,Balloki,18-Jul-23,45450,27750
RAVI,Sidhnai,18-Jul-23,26915,11515
SUTLEJ,Bhakara**,18-Jul-23,-,-
SUTLEJ,Sulemanki,18-Jul-23,45344,45344
SUTLEJ,Islam,18-Jul-23,18695,18695
INDUS,khairabad,18-Jul-23,-,190300
INDUS,Kalabagh,18-Jul-23,205330,197330
INDUS,Chashma,18-Jul-23,214909,210009
INDUS,Taunsa,18-Jul-23,190163,172163
INDUS,Guddu,18-Jul-23,187701,147469
INDUS,Sukkar,18-Jul-23,129719,74019
INDUS,Kotri,18-Jul-23,70524,28209
JHELUM,Kotli,18-Jul-23,-,6910
JHELUM,Mangla,18-Jul-23,60000,10000
JHELUM,Rasul,18-Jul-23,3355,Nil
CHENAB,Marala,18-Jul-23,106663,78390
CHENAB,Khanki,18-Jul-23,67124,59650
CHENAB,Qadirabad,18-Jul-23,64563,53063
CHENAB,Trimmu,18-Jul-23,35702,22202
CHENAB,Punjnad,18-Jul-23,35954,21404
RAVI,Thein,18-Jul-23,-,-
RAVI,Jassar,18-Jul-23,-,28040
RAVI,Shahdara,18-Jul-23,-,21756
RAVI,Balloki,18-Jul-23,46830,26630
RAVI,Sidhnai,18-Jul-23,27882,12282
SUTLEJ,Bhakara**,18-Jul-23,-,-
SUTLEJ,Sulemanki,18-Jul-23,45344,45344
SUTLEJ,Islam,18-Jul-23,19875,19875
INDUS,khairabad,18-Jul-23,-,182500
INDUS,Kalabagh,18-Jul-23,215691,207691
INDUS,Chashma,18-Jul-23,216314,209345
INDUS,Taunsa,18-Jul-23,195890,177890
INDUS,Guddu,18-Jul-23,187701,147469
INDUS,Sukkar,18-Jul-23,129719,74019
INDUS,Kotri,18-Jul-23,70524,28209
JHELUM,Kotli,18-Jul-23,-,7190
JHELUM,Mangla,18-Jul-23,50000,10000
JHELUM,Rasul,18-Jul-23,3355,Nil
CHENAB,Marala,18-Jul-23,106663,78390
CHENAB,Khanki,18-Jul-23,67124,59650
CHENAB,Qadirabad,18-Jul-23,55844,42888
CHENAB,Trimmu,18-Jul-23,35702,22202
CHENAB,Punjnad,18-Jul-23,35954,21404
RAVI,Thein,18-Jul-23,-,-
RAVI,Jassar,18-Jul-23,-,28040
RAVI,Shahdara,18-Jul-23,-,20061
RAVI,Balloki,18-Jul-23,46370,23470
RAVI,Sidhnai,18-Jul-23,27882,12282
SUTLEJ,Bhakara**,18-Jul-23,-,-
SUTLEJ,Sulemanki,18-Jul-23,46275,41219
SUTLEJ,Islam,18-Jul-23,19875,19875
INDUS,khairabad,19-Jul-23,-,190300
INDUS,Kalabagh,19-Jul-23,208194,200194
INDUS,Chashma,19-Jul-23,214110,209210
INDUS,Taunsa,19-Jul-23,195890,177890
INDUS,Guddu,19-Jul-23,184716,144632
INDUS,Sukkar,19-Jul-23,131058,75358
INDUS,Kotri,19-Jul-23,70524,28209
JHELUM,Kotli,19-Jul-23,-,11420
JHELUM,Mangla,19-Jul-23,128000,10000
JHELUM,Rasul,19-Jul-23,3355,Nil
CHENAB,Marala,19-Jul-23,106663,78390
CHENAB,Khanki,19-Jul-23,70117,62643
CHENAB,Qadirabad,19-Jul-23,53586,39346
CHENAB,Trimmu,19-Jul-23,35702,22202
CHENAB,Punjnad,19-Jul-23,33046,18296
RAVI,Thein,19-Jul-23,-,-
RAVI,Jassar,19-Jul-23,-,31480
RAVI,Shahdara,19-Jul-23,-,18930
RAVI,Balloki,19-Jul-23,46370,23470
RAVI,Sidhnai,19-Jul-23,27882,12282
SUTLEJ,Bhakara**,19-Jul-23,-,-
SUTLEJ,Sulemanki,19-Jul-23,34484,25675
SUTLEJ,Islam,19-Jul-23,19875,19875
INDUS,khairabad,19-Jul-23,-,196000
INDUS,Kalabagh,19-Jul-23,208194,200194
INDUS,Chashma,19-Jul-23,214835,209935
INDUS,Taunsa,19-Jul-23,200836,182836
INDUS,Guddu,19-Jul-23,184731,144621
INDUS,Sukkar,19-Jul-23,131058,75358
INDUS,Kotri,19-Jul-23,68663,26348
JHELUM,Kotli,19-Jul-23,-,16970
JHELUM,Mangla,19-Jul-23,50000,10000
JHELUM,Rasul,19-Jul-23,8696,5341
CHENAB,Marala,19-Jul-23,170923,147900
CHENAB,Marala,19-Jul-23,178613,156600
CHENAB,Marala,19-Jul-23,186097,165120
CHENAB,Marala,19-Jul-23,188296,168300
CHENAB,Marala,19-Jul-23,198565,179496
CHENAB,Marala,19-Jul-23,204020,185820
CHENAB,Khanki,19-Jul-23,75670,68196
CHENAB,Qadirabad,19-Jul-23,62261,46715
CHENAB,Trimmu,19-Jul-23,35702,22202
CHENAB,Punjnad,19-Jul-23,33046,18296
RAVI,Thein,19-Jul-23,-,-
RAVI,Jassar,19-Jul-23,-,33060
RAVI,Shahdara,19-Jul-23,-,18365
RAVI,Balloki,19-Jul-23,41130,21030
RAVI,Sidhnai,19-Jul-23,27882,12282
SUTLEJ,Bhakara**,19-Jul-23,-,-
SUTLEJ,Sulemanki,19-Jul-23,34484,25675
SUTLEJ,Islam,19-Jul-23,19875,19875
INDUS,khairabad,19-Jul-23,-,168300
INDUS,Kalabagh,19-Jul-23,192153,184953
INDUS,Chashma,19-Jul-23,243181,238281
INDUS,Taunsa,19-Jul-23,200836,182836
INDUS,Guddu,19-Jul-23,181730,141397
INDUS,Sukkar,19-Jul-23,131058,75358
INDUS,Kotri,19-Jul-23,68847,26532
JHELUM,Kotli,19-Jul-23,-,13420
JHELUM,Mangla,19-Jul-23,89000,10000
JHELUM,Rasul,19-Jul-23,8596,5314
CHENAB,Marala,19-Jul-23,210983,192960
CHENAB,Marala,19-Jul-23,210983,192960
CHENAB,Marala,19-Jul-23,210983,192960
CHENAB,Marala,19-Jul-23,210983,192960
CHENAB,Marala,19-Jul-23,210983,192960
CHENAB,Marala,19-Jul-23,210983,192960
CHENAB,Khanki,19-Jul-23,104512,97038
CHENAB,Qadirabad,19-Jul-23,69959,53063
CHENAB,Trimmu,19-Jul-23,37720,24220
CHENAB,Punjnad,19-Jul-23,33046,18296
RAVI,Thein,19-Jul-23,-,-
RAVI,Jassar,19-Jul-23,-,34640
RAVI,Jassar,19-Jul-23,-,57360
RAVI,Jassar,19-Jul-23,-,57360
RAVI,Shahdara,19-Jul-23,-,18930
RAVI,Balloki,19-Jul-23,47530,21030
RAVI,Sidhnai,19-Jul-23,27632,12282
SUTLEJ,Bhakara**,19-Jul-23,-,-
SUTLEJ,Sulemanki,19-Jul-23,41452,31441
SUTLEJ,Islam,19-Jul-23,20775,19875
INDUS,khairabad,19-Jul-23,-,174800
INDUS,Kalabagh,19-Jul-23,191953,184953
INDUS,Chashma,19-Jul-23,229318,224418
INDUS,Taunsa,19-Jul-23,200836,182836
INDUS,Guddu,19-Jul-23,181730,141397
INDUS,Sukkar,19-Jul-23,131058,75358
INDUS,Kotri,19-Jul-23,68847,26532
JHELUM,Kotli,19-Jul-23,-,8920
JHELUM,Mangla,19-Jul-23,52000,10000
JHELUM,Rasul,19-Jul-23,15150,11895
CHENAB,Marala,19-Jul-23,210983,192960
CHENAB,Khanki,19-Jul-23,188964,181490
CHENAB,Qadirabad,19-Jul-23,151760,133760
CHENAB,Trimmu,19-Jul-23,40614,27114
CHENAB,Punjnad,19-Jul-23,31849,17099
RAVI,Thein,19-Jul-23,-,-
RAVI,Jassar,19-Jul-23,-,59904
RAVI,Shahdara,19-Jul-23,-,20626
RAVI,Balloki,19-Jul-23,48730,21030
RAVI,Sidhnai,19-Jul-23,29592,15942
SUTLEJ,Bhakara**,19-Jul-23,-,-
SUTLEJ,Sulemanki,19-Jul-23,41452,31441
SUTLEJ,Islam,19-Jul-23,19875,18975
INDUS,khairabad,20-Jul-23,-,183600
INDUS,Kalabagh,20-Jul-23,201403,194403
INDUS,Chashma,20-Jul-23,216262,211362
INDUS,Taunsa,20-Jul-23,200836,182836
INDUS,Guddu,20-Jul-23,188227,148445
INDUS,Sukkar,20-Jul-23,137560,82940
INDUS,Kotri,20-Jul-23,70592,28277
JHELUM,Kotli,20-Jul-23,-,8040
JHELUM,Mangla,20-Jul-23,52000,10000
JHELUM,Rasul,20-Jul-23,8596,5341
CHENAB,Marala,20-Jul-23,19449,176426
CHENAB,Marala,20-Jul-23,185473,167450
CHENAB,Marala,20-Jul-23,164151,146128
CHENAB,Marala,20-Jul-23,159935,141912
CHENAB,Marala,20-Jul-23,153923,135900
CHENAB,Marala,20-Jul-23,138272,120252
CHENAB,Marala,20-Jul-23,138272,120252
CHENAB,Marala,20-Jul-23,131063,113040
CHENAB,Marala,20-Jul-23,131063,113040
CHENAB,Marala,20-Jul-23,131063,112890
CHENAB,Khanki,20-Jul-23,188964,181490
CHENAB,Khanki,20-Jul-23,200864,193390
CHENAB,Khanki,20-Jul-23,211515,204041
CHENAB,Khanki,20-Jul-23,211515,204041
CHENAB,Khanki,20-Jul-23,211515,204041
CHENAB,Khanki,20-Jul-23,204637,197163
CHENAB,Khanki,20-Jul-23,204637,197163
CHENAB,Khanki,20-Jul-23,184239,176765
CHENAB,Khanki,20-Jul-23,184239,176765
CHENAB,Khanki,20-Jul-23,175829,168335
CHENAB,Qadirabad,20-Jul-23,177775,159775
CHENAB,Qadirabad,20-Jul-23,177775,159775
CHENAB,Qadirabad,20-Jul-23,177775,159775
CHENAB,Qadirabad,20-Jul-23,177775,159775
CHENAB,Qadirabad,20-Jul-23,202905,184905
CHENAB,Qadirabad,20-Jul-23,202905,184905
CHENAB,Qadirabad,20-Jul-23,202905,184905
CHENAB,Qadirabad,20-Jul-23,203749,185749
CHENAB,Qadirabad,20-Jul-23,203749,185749
CHENAB,Qadirabad,20-Jul-23,203749,185749
CHENAB,Trimmu,20-Jul-23,42104,28604
CHENAB,Punjnad,20-Jul-23,31549,17099
RAVI,Thein,20-Jul-23,-,-
RAVI,Jassar,20-Jul-23,-,59904
RAVI,Jassar,20-Jul-23,-,59904
RAVI,Jassar,20-Jul-23,-,61176
RAVI,Jassar,20-Jul-23,-,61176
RAVI,Jassar,20-Jul-23,-,63720
RAVI,Jassar,20-Jul-23,-,66636
RAVI,Jassar,20-Jul-23,-,66636
RAVI,Jassar,20-Jul-23,-,68094
RAVI,Jassar,20-Jul-23,-,71010
RAVI,Jassar,20-Jul-23,-,71010
RAVI,Shahdara,20-Jul-23,-,19496
RAVI,Balloki,20-Jul-23,49850,22150
RAVI,Sidhnai,20-Jul-23,29592,15942
SUTLEJ,Bhakara**,20-Jul-23,-,-
SUTLEJ,Sulemanki,20-Jul-23,37658,26887
SUTLEJ,Islam,20-Jul-23,19875,18975
INDUS,khairabad,20-Jul-23,-,306500
INDUS,Kalabagh,20-Jul-23,230411,223411
INDUS,Chashma,20-Jul-23,214347,209447
INDUS,Taunsa,20-Jul-23,200836,182836
INDUS,Guddu,20-Jul-23,188130,150155
INDUS,Sukkar,20-Jul-23,137560,82940
INDUS,Kotri,20-Jul-23,70592,28277
JHELUM,Kotli,20-Jul-23,-,7470
JHELUM,Mangla,20-Jul-23,50000,10000
JHELUM,Rasul,20-Jul-23,8596,5341
CHENAB,Marala,20-Jul-23,131063,112890
CHENAB,Marala,20-Jul-23,127157,108984
CHENAB,Marala,20-Jul-23,127157,108984
CHENAB,Marala,20-Jul-23,127157,108984
CHENAB,Marala,20-Jul-23,127157,108984
CHENAB,Marala,20-Jul-23,127157,108984
CHENAB,Khanki,20-Jul-23,164124,156650
CHENAB,Khanki,20-Jul-23,154051,146577
CHENAB,Khanki,20-Jul-23,138202,130728
CHENAB,Khanki,20-Jul-23,119150,111676
CHENAB,Khanki,20-Jul-23,119150,111676
CHENAB,Khanki,20-Jul-23,119150,111676
CHENAB,Qadirabad,20-Jul-23,203749,185749
CHENAB,Qadirabad,20-Jul-23,196223,178223
CHENAB,Qadirabad,20-Jul-23,196223,178223
CHENAB,Qadirabad,20-Jul-23,189419,171419
CHENAB,Qadirabad,20-Jul-23,189419,171419
CHENAB,Qadirabad,20-Jul-23,189419,171419
CHENAB,Trimmu,20-Jul-23,45204,31704
CHENAB,Punjnad,20-Jul-23,31249,17099
RAVI,Thein,20-Jul-23,-,-
RAVI,Jassar,20-Jul-23,-,71010
RAVI,Jassar,20-Jul-23,-,71010
RAVI,Jassar,20-Jul-23,-,68094
RAVI,Jassar,20-Jul-23,-,68094
RAVI,Jassar,20-Jul-23,-,68094
RAVI,Jassar,20-Jul-23,-,68094
RAVI,Shahdara,20-Jul-23,-,21191
RAVI,Balloki,20-Jul-23,49850,22150
RAVI,Sidhnai,20-Jul-23,29684,15934
SUTLEJ,Bhakara**,20-Jul-23,-,-
SUTLEJ,Sulemanki,20-Jul-23,37658,26887
SUTLEJ,Islam,20-Jul-23,19875,18975
INDUS,khairabad,20-Jul-23,-,319800
INDUS,Kalabagh,20-Jul-23,254058,247058
INDUS,Kalabagh,20-Jul-23,292358,285358
INDUS,Chashma,20-Jul-23,251948,248712
INDUS,Taunsa,20-Jul-23,200836,182836
INDUS,Guddu,20-Jul-23,188130,150155
INDUS,Sukkar,20-Jul-23,140010,85950
INDUS,Kotri,20-Jul-23,70592,28277
JHELUM,Kotli,20-Jul-23,-,6910
JHELUM,Mangla,20-Jul-23,92000,10000
JHELUM,Rasul,20-Jul-23,3255,-
CHENAB,Marala,20-Jul-23,122393,104220
CHENAB,Marala,20-Jul-23,122393,104220
CHENAB,Marala,20-Jul-23,122393,104220
CHENAB,Marala,20-Jul-23,122393,104220
CHENAB,Marala,20-Jul-23,122393,104220
CHENAB,Marala,20-Jul-23,122393,104220
CHENAB,Khanki,20-Jul-23,119150,111676
CHENAB,Khanki,20-Jul-23,110600,103126
CHENAB,Khanki,20-Jul-23,110600,103126
CHENAB,Khanki,20-Jul-23,110600,103126
CHENAB,Khanki,20-Jul-23,110600,103126
CHENAB,Khanki,20-Jul-23,110600,103126
CHENAB,Qadirabad,20-Jul-23,176560,161560
CHENAB,Qadirabad,20-Jul-23,144437,130437
CHENAB,Qadirabad,20-Jul-23,143437,130437
CHENAB,Qadirabad,20-Jul-23,143437,130437
CHENAB,Qadirabad,20-Jul-23,125980,114151
CHENAB,Qadirabad,20-Jul-23,125980,114155
CHENAB,Trimmu,20-Jul-23,47809,34309
CHENAB,Punjnad,20-Jul-23,31249,17099
RAVI,Thein,20-Jul-23,-,-
RAVI,Jassar,20-Jul-23,-,66636
RAVI,Jassar,20-Jul-23,-,66636
RAVI,Jassar,20-Jul-23,-,63720
RAVI,Jassar,20-Jul-23,-,63720
RAVI,Jassar,20-Jul-23,-,59904
RAVI,Jassar,20-Jul-23,-,57360
RAVI,Shahdara,20-Jul-23,-,24104
RAVI,Balloki,20-Jul-23,52095,24395
RAVI,Sidhnai,20-Jul-23,30085,16335
SUTLEJ,Bhakara**,20-Jul-23,-,-
SUTLEJ,Sulemanki,20-Jul-23,37651,26887
SUTLEJ,Islam,20-Jul-23,21980,21080
INDUS,khairabad,20-Jul-23,-,251600
INDUS,Kalabagh,20-Jul-23,292443,285358
INDUS,Chashma,20-Jul-23,272782,269297
INDUS,Taunsa,20-Jul-23,200836,182836
INDUS,Guddu,20-Jul-23,188130,150155
INDUS,Sukkar,20-Jul-23,140010,85950
INDUS,Kotri,20-Jul-23,70592,28277
JHELUM,Kotli,20-Jul-23,-,6370
JHELUM,Mangla,20-Jul-23,70000,10000
JHELUM,Rasul,20-Jul-23,3355,-
CHENAB,Marala,20-Jul-23,122393,104220
CHENAB,Khanki,20-Jul-23,110600,103126
CHENAB,Qadirabad,20-Jul-23,107781,96306
CHENAB,Trimmu,20-Jul-23,54555,41830
CHENAB,Punjnad,20-Jul-23,30847,19047
RAVI,Thein,20-Jul-23,-,-
RAVI,Jassar,20-Jul-23,-,57360
RAVI,Shahdara,20-Jul-23,-,24755
RAVI,Balloki,20-Jul-23,55525,27825
RAVI,Sidhnai,20-Jul-23,30206,17556
SUTLEJ,Bhakara**,20-Jul-23,-,-
SUTLEJ,Sulemanki,20-Jul-23,37651,26887
SUTLEJ,Islam,20-Jul-23,21780,21080
INDUS,khairabad,21-Jul-23,-,231000
INDUS,Kalabagh,21-Jul-23,292443,285358
INDUS,Kalabagh,21-Jul-23,292443,285358
INDUS,Kalabagh,21-Jul-23,292443,285358
INDUS,Kalabagh,21-Jul-23,279842,272342
INDUS,Chashma,21-Jul-23,301993,298508
INDUS,Taunsa,21-Jul-23,200836,182836
INDUS,Guddu,21-Jul-23,181913,152053
INDUS,Sukkar,21-Jul-23,142270,88860
INDUS,Kotri,21-Jul-23,73082,33687
JHELUM,Kotli,21-Jul-23,-,6370
JHELUM,Mangla,21-Jul-23,62000,10000
JHELUM,Rasul,21-Jul-23,3355,-
CHENAB,Marala,21-Jul-23,112393,104220
CHENAB,Marala,21-Jul-23,112393,104220
CHENAB,Marala,21-Jul-23,112393,104220
CHENAB,Marala,21-Jul-23,112157,93984
CHENAB,Khanki,21-Jul-23,109874,102400
CHENAB,Khanki,21-Jul-23,107202,99728
CHENAB,Khanki,21-Jul-23,107202,99728
CHENAB,Khanki,21-Jul-23,104683,97209
CHENAB,Qadirabad,21-Jul-23,106906,96306
CHENAB,Trimmu,21-Jul-23,55480,43980
CHENAB,Punjnad,21-Jul-23,30547,19047
RAVI,Thein,21-Jul-23,-,-
RAVI,Jassar,21-Jul-23,-,57360
RAVI,Jassar,21-Jul-23,-,57360
RAVI,Jassar,21-Jul-23,-,57360
RAVI,Jassar,21-Jul-23,-,47040
RAVI,Shahdara,21-Jul-23,-,26711
RAVI,Balloki,21-Jul-23,57765,30065
RAVI,Sidhnai,21-Jul-23,30815,18165
SUTLEJ,Bhakara**,21-Jul-23,-,-
SUTLEJ,Sulemanki,21-Jul-23,44378,33614
SUTLEJ,Islam,21-Jul-23,26827,26187
INDUS,khairabad,21-Jul-23,-,340000
INDUS,Kalabagh,21-Jul-23,275372,267872
INDUS,Chashma,21-Jul-23,309756,306094
INDUS,Taunsa,21-Jul-23,200836,182836
INDUS,Guddu,21-Jul-23,182305,149181
INDUS,Sukkar,21-Jul-23,142270,88860
INDUS,Kotri,21-Jul-23,73085,32487
JHELUM,Kotli,21-Jul-23,-,8620
JHELUM,Mangla,21-Jul-23,60000,10000
JHELUM,Rasul,21-Jul-23,7596,5341
CHENAB,Marala,21-Jul-23,102284,84084
CHENAB,Khanki,21-Jul-23,104818,97392
CHENAB,Qadirabad,21-Jul-23,96596,86596
CHENAB,Trimmu,21-Jul-23,61606,50106
CHENAB,Punjnad,21-Jul-23,30547,19047
RAVI,Thein,21-Jul-23,-,-
RAVI,Jassar,21-Jul-23,-,43080
RAVI,Shahdara,21-Jul-23,-,28014
RAVI,Balloki,21-Jul-23,59585,31865
RAVI,Sidhnai,21-Jul-23,28526,15876
SUTLEJ,Bhakara**,21-Jul-23,72470,37530
SUTLEJ,Sulemanki,21-Jul-23,44378,33614
SUTLEJ,Islam,21-Jul-23,26827,26127
INDUS,khairabad,21-Jul-23,-,318400
INDUS,Kalabagh,21-Jul-23,284659,277159
INDUS,Chashma,21-Jul-23,329753,326091
INDUS,Taunsa,21-Jul-23,214264,196264
INDUS,Guddu,21-Jul-23,183110,149181
INDUS,Sukkar,21-Jul-23,142270,88860
INDUS,Kotri,21-Jul-23,68894,28209
JHELUM,Kotli,21-Jul-23,-,8040
JHELUM,Mangla,21-Jul-23,60000,10000
JHELUM,Rasul,21-Jul-23,7496,5341
CHENAB,Marala,21-Jul-23,123392,105192
CHENAB,Khanki,21-Jul-23,98850,91496
CHENAB,Qadirabad,21-Jul-23,83709,73709
CHENAB,Trimmu,21-Jul-23,82645,71145
CHENAB,Punjnad,21-Jul-23,29897,19047
RAVI,Thein,21-Jul-23,-,-
RAVI,Jassar,21-Jul-23,-,41760
RAVI,Shahdara,21-Jul-23,-,29317
RAVI,Balloki,21-Jul-23,60055,32355
RAVI,Sidhnai,21-Jul-23,27482,14732
SUTLEJ,Bhakara**,21-Jul-23,-,-
SUTLEJ,Sulemanki,21-Jul-23,46796,35625
SUTLEJ,Islam,21-Jul-23,28044,27444
INDUS,khairabad,21-Jul-23,-,251600
INDUS,Kalabagh,21-Jul-23,311927,304427
INDUS,Chashma,21-Jul-23,325085,321305
INDUS,Taunsa,21-Jul-23,214264,196264
INDUS,Guddu,21-Jul-23,183110,149181
INDUS,Sukkar,21-Jul-23,142270,88860
INDUS,Kotri,21-Jul-23,68894,28209
JHELUM,Kotli,21-Jul-23,-,7470
JHELUM,Mangla,21-Jul-23,54000,10000
JHELUM,Rasul,21-Jul-23,2155,-
CHENAB,Marala,21-Jul-23,123392,105142
CHENAB,Khanki,21-Jul-23,91788,84542
CHENAB,Qadirabad,21-Jul-23,83709,73709
CHENAB,Trimmu,21-Jul-23,86496,74996
CHENAB,Punjnad,21-Jul-23,29647,19047
RAVI,Thein,21-Jul-23,-,-
RAVI,Jassar,21-Jul-23,-,40440
RAVI,Shahdara,21-Jul-23,-,29969
RAVI,Balloki,21-Jul-23,59655,32355
RAVI,Sidhnai,21-Jul-23,27082,14732
SUTLEJ,Bhakara**,21-Jul-23,-,-
SUTLEJ,Sulemanki,21-Jul-23,46796,35625
SUTLEJ,Islam,21-Jul-23,28044,27444
INDUS,khairabad,22-Jul-23,-,237000
INDUS,Kalabagh,22-Jul-23,296720,289220
INDUS,Chashma,22-Jul-23,346341,342561
INDUS,Taunsa,22-Jul-23,221754,203754
INDUS,Guddu,22-Jul-23,185164,152038
INDUS,Sukkar,22-Jul-23,144645,91375
INDUS,Kotri,22-Jul-23,65465,26180
JHELUM,Kotli,22-Jul-23,-,7470
JHELUM,Mangla,22-Jul-23,58000,10000
JHELUM,Rasul,22-Jul-23,7496,5341
CHENAB,Marala,22-Jul-23,119612,111036
CHENAB,Khanki,22-Jul-23,98742,91496
CHENAB,Qadirabad,22-Jul-23,83709,73709
CHENAB,Trimmu,22-Jul-23,97489,86989
CHENAB,Punjnad,22-Jul-23,29647,19047
RAVI,Thein,22-Jul-23,-,-
RAVI,Jassar,22-Jul-23,-,40440
RAVI,Shahdara,22-Jul-23,-,26711
RAVI,Balloki,22-Jul-23,59655,32355
RAVI,Sidhnai,22-Jul-23,27977,15927
SUTLEJ,Bhakara**,22-Jul-23,-,-
SUTLEJ,Sulemanki,22-Jul-23,46736,35625
SUTLEJ,Islam,22-Jul-23,28044,27444
INDUS,khairabad,22-Jul-23,-,340000
INDUS,Kalabagh,22-Jul-23,276327,268827
INDUS,Chashma,22-Jul-23,364739,360858
INDUS,Taunsa,22-Jul-23,221754,203754
INDUS,Guddu,22-Jul-23,186670,152038
INDUS,Sukkar,22-Jul-23,144645,91375
INDUS,Kotri,22-Jul-23,65325,26180
JHELUM,Kotli,22-Jul-23,-,8620
JHELUM,Mangla,22-Jul-23,60000,10000
JHELUM,Rasul,22-Jul-23,2350,Nil
CHENAB,Marala,22-Jul-23,116036,111036
CHENAB,Khanki,22-Jul-23,104437,97392
CHENAB,Qadirabad,22-Jul-23,91168,81168
CHENAB,Trimmu,22-Jul-23,109161,98661
CHENAB,Punjnad,22-Jul-23,30147,19047
RAVI,Thein,22-Jul-23,-,-
RAVI,Jassar,22-Jul-23,-,43040
RAVI,Shahdara,22-Jul-23,-,26711
RAVI,Balloki,22-Jul-23,60410,34910
RAVI,Sidhnai,22-Jul-23,27977,15927
SUTLEJ,Bhakara**,22-Jul-23,-,-
SUTLEJ,Sulemanki,22-Jul-23,46736,35625
SUTLEJ,Islam,22-Jul-23,28044,27444
INDUS,khairabad,22-Jul-23,-,326500
INDUS,Kalabagh,22-Jul-23,265683,258183
INDUS,Chashma,22-Jul-23,382009,377109
INDUS,Chashma,22-Jul-23,376827,372841
INDUS,Chashma,22-Jul-23,366669,362683
INDUS,Taunsa,22-Jul-23,231200,215200
INDUS,Guddu,22-Jul-23,191131,159592
INDUS,Sukkar,22-Jul-23,144645,91375
INDUS,Kotri,22-Jul-23,64495,26180
JHELUM,Kotli,22-Jul-23,-,8330
JHELUM,Mangla,22-Jul-23,55000,10000
JHELUM,Rasul,22-Jul-23,7691,5341
CHENAB,Marala,22-Jul-23,139184,131184
CHENAB,Khanki,22-Jul-23,104437,97392
CHENAB,Qadirabad,22-Jul-23,96596,86596
CHENAB,Trimmu,22-Jul-23,112004,101504
CHENAB,Punjnad,22-Jul-23,30147,19047
RAVI,Thein,22-Jul-23,-,-
RAVI,Jassar,22-Jul-23,-,44400
RAVI,Shahdara,22-Jul-23,-,24755
RAVI,Balloki,22-Jul-23,64540,39240
RAVI,Sidhnai,22-Jul-23,26424,14374
SUTLEJ,Bhakara**,22-Jul-23,-,-
SUTLEJ,Sulemanki,22-Jul-23,52418,41408
SUTLEJ,Islam,22-Jul-23,28044,27444
INDUS,khairabad,22-Jul-23,-,318400
INDUS,Kalabagh,22-Jul-23,302135,294635
INDUS,Chashma,22-Jul-23,361570,357784
INDUS,Taunsa,22-Jul-23,248515,236515
INDUS,Guddu,22-Jul-23,191131,159592
INDUS,Sukkar,22-Jul-23,144645,91375
INDUS,Kotri,22-Jul-23,64495,26180
JHELUM,Kotli,22-Jul-23,-,8920
JHELUM,Mangla,22-Jul-23,76000,10000
JHELUM,Rasul,22-Jul-23,18150,15800
CHENAB,Marala,22-Jul-23,143150,135150
CHENAB,Khanki,22-Jul-23,105978,99260
CHENAB,Qadirabad,22-Jul-23,96596,86596
CHENAB,Trimmu,22-Jul-23,115527,105027
CHENAB,Punjnad,22-Jul-23,30647,19047
RAVI,Thein,22-Jul-23,-,-
RAVI,Jassar,22-Jul-23,-,45720
RAVI,Shahdara,22-Jul-23,-,24104
RAVI,Balloki,22-Jul-23,71425,46125
RAVI,Sidhnai,22-Jul-23,26465,15015
SUTLEJ,Bhakara**,22-Jul-23,-,-
SUTLEJ,Sulemanki,22-Jul-23,52418,41408
SUTLEJ,Islam,22-Jul-23,28044,27444
INDUS,khairabad,23-Jul-23,-,307800
INDUS,Kalabagh,23-Jul-23,312098,302598
INDUS,Chashma,23-Jul-23,347164,345076
INDUS,Taunsa,23-Jul-23,272514,260514
INDUS,Guddu,23-Jul-23,192327,161388
INDUS,Sukkar,23-Jul-23,147050,98350
INDUS,Kotri,23-Jul-23,63095,26180
JHELUM,Kotli,23-Jul-23,-,9830
JHELUM,Mangla,23-Jul-23,78000,10000
JHELUM,Rasul,23-Jul-23,18150,15800
CHENAB,Marala,23-Jul-23,137650,127650
CHENAB,Khanki,23-Jul-23,137242,130524
CHENAB,Qadirabad,23-Jul-23,96596,86596
CHENAB,Trimmu,23-Jul-23,115527,105027
CHENAB,Punjnad,23-Jul-23,40285,30585
RAVI,Thein,23-Jul-23,-,-
RAVI,Jassar,23-Jul-23,-,45720
RAVI,Shahdara,23-Jul-23,z,22322
RAVI,Balloki,23-Jul-23,71425,46125
RAVI,Sidhnai,23-Jul-23,26378,15328
SUTLEJ,Bhakara**,23-Jul-23,-,-
SUTLEJ,Sulemanki,23-Jul-23,57196,46186
SUTLEJ,Islam,23-Jul-23,28044,27444
INDUS,khairabad,23-Jul-23,-,267900
INDUS,Kalabagh,23-Jul-23,318947,311447
INDUS,Chashma,23-Jul-23,347029,345341
INDUS,Taunsa,23-Jul-23,287499,275499
INDUS,Guddu,23-Jul-23,192917,161388
INDUS,Sukkar,23-Jul-23,147050,98350
INDUS,Kotri,23-Jul-23,62675,26180
JHELUM,Kotli,23-Jul-23,-,12740
JHELUM,Mangla,23-Jul-23,94000,10000
JHELUM,Rasul,23-Jul-23,10340,7990
CHENAB,Marala,23-Jul-23,118984,107344
CHENAB,Khanki,23-Jul-23,131383,124665
CHENAB,Qadirabad,23-Jul-23,129645,119645
CHENAB,Trimmu,23-Jul-23,111121,100621
CHENAB,Punjnad,23-Jul-23,45797,36047
RAVI,Thein,23-Jul-23,-,-
RAVI,Jassar,23-Jul-23,-,48360
RAVI,Shahdara,23-Jul-23,-,22322
RAVI,Balloki,23-Jul-23,71425,46125
RAVI,Sidhnai,23-Jul-23,27450,16400
SUTLEJ,Bhakara**,23-Jul-23,-,-
SUTLEJ,Sulemanki,23-Jul-23,57196,46186
SUTLEJ,Islam,23-Jul-23,28044,27444
INDUS,khairabad,23-Jul-23,-,326500
INDUS,Kalabagh,23-Jul-23,291029,283529
INDUS,Chashma,23-Jul-23,372369,369869
INDUS,Taunsa,23-Jul-23,354313,342313
INDUS,Guddu,23-Jul-23,193974,163937
INDUS,Sukkar,23-Jul-23,150550,104650
INDUS,Kotri,23-Jul-23,59595,26180
JHELUM,Kotli,23-Jul-23,-,10780
JHELUM,Mangla,23-Jul-23,90000,10000
JHELUM,Rasul,23-Jul-23,2300,Nil
CHENAB,Marala,23-Jul-23,118984,106984
CHENAB,Khanki,23-Jul-23,111092,104223
CHENAB,Qadirabad,23-Jul-23,124153,114153
CHENAB,Trimmu,23-Jul-23,111121,100621
CHENAB,Punjnad,23-Jul-23,45797,36047
RAVI,Thein,23-Jul-23,-,-
RAVI,Jassar,23-Jul-23,-,47040
RAVI,Shahdara,23-Jul-23,-,21756
RAVI,Balloki,23-Jul-23,71425,46125
RAVI,Sidhnai,23-Jul-23,27450,16400
SUTLEJ,Bhakara**,23-Jul-23,-,-
SUTLEJ,Sulemanki,23-Jul-23,57497,46186
SUTLEJ,Islam,23-Jul-23,28094,27444
INDUS,khairabad,23-Jul-23,-,388700
INDUS,Kalabagh,23-Jul-23,263774,256274
INDUS,Chashma,23-Jul-23,361020,358520
INDUS,Taunsa,23-Jul-23,360666,348666
INDUS,Guddu,23-Jul-23,193974,163937
INDUS,Sukkar,23-Jul-23,150550,104650
INDUS,Kotri,23-Jul-23,59595,26180
JHELUM,Kotli,23-Jul-23,-,9830
JHELUM,Mangla,23-Jul-23,90000,10000
JHELUM,Rasul,23-Jul-23,7641,5341
CHENAB,Marala,23-Jul-23,116220,104220
CHENAB,Khanki,23-Jul-23,111244,104223
CHENAB,Qadirabad,23-Jul-23,106309,96309
CHENAB,Trimmu,23-Jul-23,107292,96792
CHENAB,Punjnad,23-Jul-23,45297,36047
RAVI,Thein,23-Jul-23,-,-
RAVI,Jassar,23-Jul-23,-,48360
RAVI,Shahdara,23-Jul-23,-,20626
RAVI,Balloki,23-Jul-23,67845,42545
RAVI,Sidhnai,23-Jul-23,29012,17612
SUTLEJ,Bhakara**,23-Jul-23,-,-
SUTLEJ,Sulemanki,23-Jul-23,57497,46186
SUTLEJ,Islam,23-Jul-23,28094,27444
INDUS,khairabad,24-Jul-23,-,408800
INDUS,Kalabagh,24-Jul-23,309143,301643
INDUS,Chashma,24-Jul-23,348265,345765
INDUS,Taunsa,24-Jul-23,374545,362545
INDUS,Guddu,24-Jul-23,194855,167783
INDUS,Sukkar,24-Jul-23,160105,129495
INDUS,Kotri,24-Jul-23,62775,33760
JHELUM,Kotli,24-Jul-23,-,8920
JHELUM,Mangla,24-Jul-23,72000,10000
JHELUM,Rasul,24-Jul-23,2300,Nil
CHENAB,Marala,24-Jul-23,108624,94848
CHENAB,Khanki,24-Jul-23,104413,97392
CHENAB,Qadirabad,24-Jul-23,106303,96306
CHENAB,Trimmu,24-Jul-23,107292,96792
CHENAB,Punjnad,24-Jul-23,49205,39905
RAVI,Thein,24-Jul-23,-,-
RAVI,Jassar,24-Jul-23,-,48360
RAVI,Shahdara,24-Jul-23,-,20626
RAVI,Balloki,24-Jul-23,67845,42545
RAVI,Sidhnai,24-Jul-23,29670,18270
SUTLEJ,Bhakara**,24-Jul-23,-,-
SUTLEJ,Sulemanki,24-Jul-23,63065,51457
SUTLEJ,Islam,24-Jul-23,28094,27444
INDUS,khairabad,24-Jul-23,-,413200
INDUS,Kalabagh,24-Jul-23,337500,330000
INDUS,Chashma,24-Jul-23,348734,346034
INDUS,Taunsa,24-Jul-23,382259,382259
INDUS,Taunsa,24-Jul-23,382259,382259
INDUS,Taunsa,24-Jul-23,382259,382259
INDUS,Taunsa,24-Jul-23,382259,382259
INDUS,Taunsa,24-Jul-23,382259,382259
INDUS,Taunsa,24-Jul-23,382259,382259
INDUS,Guddu,24-Jul-23,207223,182150
INDUS,Sukkar,24-Jul-23,161050,132850
INDUS,Kotri,24-Jul-23,62775,33760
JHELUM,Kotli,24-Jul-23,-,7750
JHELUM,Mangla,24-Jul-23,94000,10000
JHELUM,Rasul,24-Jul-23,7641,5341
CHENAB,Marala,24-Jul-23,103590,88590
CHENAB,Khanki,24-Jul-23,94173,87140
CHENAB,Qadirabad,24-Jul-23,96596,86596
CHENAB,Trimmu,24-Jul-23,107292,96792
CHENAB,Punjnad,24-Jul-23,49205,39905
RAVI,Thein,24-Jul-23,-,-
RAVI,Jassar,24-Jul-23,-,45720
RAVI,Shahdara,24-Jul-23,-,20626
RAVI,Balloki,24-Jul-23,66725,41425
RAVI,Sidhnai,24-Jul-23,29462,17612
SUTLEJ,Bhakara**,24-Jul-23,,
SUTLEJ,Sulemanki,24-Jul-23,63065,51457
SUTLEJ,Islam,24-Jul-23,28094,27444
INDUS,khairabad,24-Jul-23,-,401600
INDUS,Kalabagh,24-Jul-23,364522,356722
INDUS,Chashma,24-Jul-23,358467,355167
INDUS,Taunsa,24-Jul-23,389034,389034
INDUS,Taunsa,24-Jul-23,389034,389034
INDUS,Taunsa,24-Jul-23,389034,389034
INDUS,Taunsa,24-Jul-23,389034,389034
INDUS,Taunsa,24-Jul-23,389034,389034
INDUS,Taunsa,24-Jul-23,389034,389034
INDUS,Guddu,24-Jul-23,213896,196873
INDUS,Sukkar,24-Jul-23,161050,132850
INDUS,Kotri,24-Jul-23,62775,33760
JHELUM,Kotli,24-Jul-23,-,7190
JHELUM,Mangla,24-Jul-23,65000,10000
JHELUM,Rasul,24-Jul-23,2250,-
CHENAB,Marala,24-Jul-23,103590,88590
CHENAB,Khanki,24-Jul-23,91575,84542
CHENAB,Qadirabad,24-Jul-23,92147,82147
CHENAB,Trimmu,24-Jul-23,109888,99802
CHENAB,Punjnad,24-Jul-23,58012,47712
RAVI,Thein,24-Jul-23,-,-
RAVI,Jassar,24-Jul-23,-,39120
RAVI,Shahdara,24-Jul-23,-,22322
RAVI,Balloki,24-Jul-23,66525,41425
RAVI,Sidhnai,24-Jul-23,29837,18287
SUTLEJ,Bhakara**,24-Jul-23,-,-
SUTLEJ,Sulemanki,24-Jul-23,67308,55845
SUTLEJ,Islam,24-Jul-23,27978,26128
INDUS,khairabad,24-Jul-23,-,393000
INDUS,Kalabagh,24-Jul-23,364522,356722
INDUS,Chashma,24-Jul-23,375014,371114
INDUS,Taunsa,24-Jul-23,389034,389034
INDUS,Guddu,24-Jul-23,213896,196873
INDUS,Sukkar,24-Jul-23,161050,132850
INDUS,Kotri,24-Jul-23,62775,33760
JHELUM,Kotli,24-Jul-23,-,6910
JHELUM,Mangla,24-Jul-23,70000,10000
JHELUM,Rasul,24-Jul-23,2550,-
CHENAB,Marala,24-Jul-23,99420,84420
CHENAB,Khanki,24-Jul-23,87803,80803
CHENAB,Qadirabad,24-Jul-23,82725,72725
CHENAB,Trimmu,24-Jul-23,114040,105131
CHENAB,Punjnad,24-Jul-23,57812,47712
RAVI,Thein,24-Jul-23,-,-
RAVI,Jassar,24-Jul-23,-,37800
RAVI,Shahdara,24-Jul-23,-,39780
RAVI,Balloki,24-Jul-23,66325,41425
RAVI,Sidhnai,24-Jul-23,31243,20393
SUTLEJ,Bhakara**,24-Jul-23,-,-
SUTLEJ,Sulemanki,24-Jul-23,67308,55845
SUTLEJ,Islam,24-Jul-23,28094,27444
INDUS,khairabad,25-Jul-23,-,381600
INDUS,Kalabagh,25-Jul-23,367888,360088
INDUS,Chashma,25-Jul-23,404571,400571
INDUS,Taunsa,24-Jul-23,389034,389034
INDUS,Taunsa,24-Jul-23,389034,389034
INDUS,Taunsa,25-Jul-23,395152,395152
INDUS,Taunsa,25-Jul-23,395152,395152
INDUS,Taunsa,25-Jul-23,395152,395152
INDUS,Taunsa,25-Jul-23,395152,395152
INDUS,Taunsa,25-Jul-23,395152,395152
INDUS,Taunsa,25-Jul-23,395152,395152
INDUS,Guddu,25-Jul-23,237317,228795
INDUS,Sukkar,25-Jul-23,185270,181070
INDUS,Kotri,25-Jul-23,63762,39957
JHELUM,Kotli,25-Jul-23,-,7470
JHELUM,Mangla,25-Jul-23,71000,10000
JHELUM,Rasul,25-Jul-23,7891,5341
CHENAB,Marala,25-Jul-23,93780,78780
CHENAB,Khanki,25-Jul-23,87803,80803
CHENAB,Qadirabad,25-Jul-23,82725,72725
CHENAB,Trimmu,25-Jul-23,113631,105131
CHENAB,Punjnad,25-Jul-23,63846,54746
RAVI,Thein,25-Jul-23,-,-
RAVI,Jassar,25-Jul-23,-,37800
RAVI,Shahdara,25-Jul-23,-,36477
RAVI,Balloki,25-Jul-23,66325,41425
RAVI,Sidhnai,25-Jul-23,32402,21552
SUTLEJ,Bhakara**,25-Jul-23,-,-
SUTLEJ,Sulemanki,25-Jul-23,71604,62639
SUTLEJ,Islam,25-Jul-23,28094,27444
INDUS,khairabad,25-Jul-23,-,340000
INDUS,Kalabagh,25-Jul-23,373349,365549
INDUS,Kalabagh,25-Jul-23,373349,365549
INDUS,Kalabagh,25-Jul-23,373349,365549
INDUS,Chashma,25-Jul-23,396912,392912
INDUS,Taunsa,25-Jul-23,395152,395152
INDUS,Taunsa,25-Jul-23,395152,395152
INDUS,Taunsa,25-Jul-23,395152,395152
INDUS,Taunsa,25-Jul-23,395152,395152
INDUS,Guddu,25-Jul-23,246264,240379
INDUS,Sukkar,25-Jul-23,185270,181070
INDUS,Kotri,25-Jul-23,63762,39957
JHELUM,Kotli,25-Jul-23,-,7190
JHELUM,Mangla,25-Jul-23,70000,10000
JHELUM,Rasul,25-Jul-23,2550,-
CHENAB,Marala,25-Jul-23,88008,72870
CHENAB,Khanki,25-Jul-23,84951,77930
CHENAB,Qadirabad,25-Jul-23,80129,70129
CHENAB,Trimmu,25-Jul-23,116236,107736
CHENAB,Punjnad,25-Jul-23,63846,54746
RAVI,Thein,25-Jul-23,-,-
RAVI,Jassar,25-Jul-23,-,37010
RAVI,Shahdara,25-Jul-23,-,35031
RAVI,Balloki,25-Jul-23,63430,38930
RAVI,Sidhnai,25-Jul-23,30850,19900
SUTLEJ,Bhakara**,25-Jul-23,-,-
SUTLEJ,Sulemanki,25-Jul-23,71604,62639
SUTLEJ,Islam,25-Jul-23,27978,26128
INDUS,khairabad,25-Jul-23,-,344100
INDUS,Kalabagh,25-Jul-23,351433,343633
INDUS,Kalabagh,25-Jul-23,351433,343633
INDUS,Kalabagh,25-Jul-23,351433,343633
INDUS,Chashma,25-Jul-23,419651,415651
INDUS,Taunsa,25-Jul-23,380813,380813
INDUS,Taunsa,25-Jul-23,380813,380813
INDUS,Taunsa,25-Jul-23,380813,380813
INDUS,Guddu,25-Jul-23,274616,269576
INDUS,Sukkar,25-Jul-23,191000,186800
INDUS,Kotri,25-Jul-23,67728,43923
JHELUM,Kotli,25-Jul-23,-,6910
JHELUM,Mangla,25-Jul-23,63000,10000
JHELUM,Rasul,25-Jul-23,2550,-
CHENAB,Marala,25-Jul-23,99724,83810
CHENAB,Khanki,25-Jul-23,79639,72618
CHENAB,Qadirabad,25-Jul-23,76821,66821
CHENAB,Trimmu,25-Jul-23,120294,111894
CHENAB,Punjnad,25-Jul-23,71723,62423
RAVI,Thein,25-Jul-23,-,-
RAVI,Jassar,25-Jul-23,-,36220
RAVI,Shahdara,25-Jul-23,-,34308
RAVI,Balloki,25-Jul-23,63430,38930
RAVI,Sidhnai,25-Jul-23,30850,19900
SUTLEJ,Bhakara**,25-Jul-23,-,-
SUTLEJ,Sulemanki,25-Jul-23,81078,74154
SUTLEJ,Islam,25-Jul-23,28794,27444
INDUS,khairabad,25-Jul-23,-,355100
INDUS,Kalabagh,25-Jul-23,346203,338403
INDUS,Chashma,25-Jul-23,400004,396004
INDUS,Taunsa,25-Jul-23,372086,372086
INDUS,Guddu,25-Jul-23,274616,269576
INDUS,Sukkar,25-Jul-23,191000,186800
INDUS,Kotri,25-Jul-23,67728,43923
JHELUM,Kotli,25-Jul-23,-,6370
JHELUM,Mangla,25-Jul-23,65000,10000
JHELUM,Rasul,25-Jul-23,7891,5341
CHENAB,Marala,25-Jul-23,111678,94962
CHENAB,Khanki,25-Jul-23,79065,71985
CHENAB,Qadirabad,25-Jul-23,73116,63116
CHENAB,Trimmu,25-Jul-23,125186,116786
CHENAB,Punjnad,25-Jul-23,71723,62423
RAVI,Thein,25-Jul-23,-,-
RAVI,Jassar,25-Jul-23,-,36220
RAVI,Shahdara,25-Jul-23,-,32861
RAVI,Balloki,25-Jul-23,62915,38415
RAVI,Sidhnai,25-Jul-23,30650,19900
SUTLEJ,Bhakara**,25-Jul-23,-,-
SUTLEJ,Sulemanki,25-Jul-23,81078,74154
SUTLEJ,Islam,25-Jul-23,28794,27444
INDUS,khairabad,26-Jul-23,-,366200
INDUS,Kalabagh,26-Jul-23,346203,338403
INDUS,Kalabagh,26-Jul-23,332374,324574
INDUS,Chashma,26-Jul-23,390332,386332
INDUS,Chashma,26-Jul-23,387048,383048
INDUS,Chashma,26-Jul-23,388362,385066
INDUS,Chashma,26-Jul-23,392772,389476
INDUS,Taunsa,26-Jul-23,372086,372086
INDUS,Taunsa,26-Jul-23,372086,372086
INDUS,Guddu,26-Jul-23,295662,295662
INDUS,Sukkar,26-Jul-23,222450,218250
INDUS,Kotri,26-Jul-23,72082,47577
JHELUM,Kotli,26-Jul-23,-,6910
JHELUM,Mangla,26-Jul-23,64000,10000
JHELUM,Rasul,26-Jul-23,2550,-
CHENAB,Marala,26-Jul-23,111678,94678
CHENAB,Khanki,26-Jul-23,83898,76818
CHENAB,Qadirabad,26-Jul-23,73116,63116
CHENAB,Trimmu,26-Jul-23,125186,116786
CHENAB,Punjnad,26-Jul-23,77896,70696
RAVI,Thein,26-Jul-23,-,-
RAVI,Jassar,26-Jul-23,-,37800
RAVI,Shahdara,26-Jul-23,-,31415
RAVI,Balloki,26-Jul-23,62915,38415
RAVI,Sidhnai,26-Jul-23,31377,20627
SUTLEJ,Bhakara**,26-Jul-23,-,-
SUTLEJ,Sulemanki,26-Jul-23,84430,84430
SUTLEJ,Sulemanki,26-Jul-23,84430,84430
SUTLEJ,Sulemanki,26-Jul-23,84430,84430
SUTLEJ,Sulemanki,26-Jul-23,84430,84430
SUTLEJ,Islam,26-Jul-23,38384,37984
INDUS,khairabad,26-Jul-23,-,342700
INDUS,Kalabagh,26-Jul-23,353342,345542
INDUS,Chashma,26-Jul-23,396619,392619
INDUS,Chashma,26-Jul-23,396480,393184
INDUS,Chashma,26-Jul-23,396480,393184
INDUS,Taunsa,26-Jul-23,372086,372086
INDUS,Guddu,26-Jul-23,318745,318745
INDUS,Sukkar,26-Jul-23,223300,218250
INDUS,Kotri,26-Jul-23,74712,47577
JHELUM,Kotli,26-Jul-23,-,6910
JHELUM,Mangla,26-Jul-23,70000,10000
JHELUM,Rasul,26-Jul-23,7891,5341
CHENAB,Marala,26-Jul-23,101084,84084
CHENAB,Khanki,26-Jul-23,85619,78539
CHENAB,Qadirabad,26-Jul-23,76821,66821
CHENAB,Trimmu,26-Jul-23,125186,116786
CHENAB,Punjnad,26-Jul-23,87300,80100
RAVI,Thein,26-Jul-23,-,-
RAVI,Jassar,26-Jul-23,-,37010
RAVI,Shahdara,26-Jul-23,-,30692
RAVI,Balloki,26-Jul-23,62415,38415
RAVI,Sidhnai,26-Jul-23,32765,22415
SUTLEJ,Bhakara**,26-Jul-23,54291,40387
SUTLEJ,Sulemanki,26-Jul-23,84430,84430
SUTLEJ,Sulemanki,26-Jul-23,84430,84430
SUTLEJ,Sulemanki,26-Jul-23,84430,84430
SUTLEJ,Sulemanki,26-Jul-23,84430,84430
SUTLEJ,Sulemanki,26-Jul-23,84430,84430
SUTLEJ,Sulemanki,26-Jul-23,84430,84430
SUTLEJ,Islam,26-Jul-23,38384,37984
INDUS,khairabad,26-Jul-23,-,323800
INDUS,Kalabagh,26-Jul-23,329510,321710
INDUS,Chashma,26-Jul-23,393799,390395
INDUS,Taunsa,26-Jul-23,372086,372086
INDUS,Guddu,26-Jul-23,358308,355299
INDUS,Sukkar,26-Jul-23,235310,228810
INDUS,Kotri,26-Jul-23,88260,58345
JHELUM,Kotli,26-Jul-23,-,6370
JHELUM,Mangla,26-Jul-23,62000,10000
JHELUM,Rasul,26-Jul-23,2550,-
CHENAB,Marala,26-Jul-23,106640,89640
CHENAB,Khanki,26-Jul-23,92060,84980
CHENAB,Qadirabad,26-Jul-23,91168,81168
CHENAB,Trimmu,26-Jul-23,120294,111894
CHENAB,Punjnad,26-Jul-23,87300,80100
RAVI,Thein,26-Jul-23,-,-
RAVI,Jassar,26-Jul-23,-,37800
RAVI,Shahdara,26-Jul-23,-,30692
RAVI,Balloki,26-Jul-23,62150,40650
RAVI,Sidhnai,26-Jul-23,32850,23550
SUTLEJ,Bhakara**,26-Jul-23,-,-
SUTLEJ,Sulemanki,26-Jul-23,84430,84430
SUTLEJ,Sulemanki,26-Jul-23,84430,84430
SUTLEJ,Sulemanki,26-Jul-23,84430,84430
SUTLEJ,Sulemanki,26-Jul-23,84430,84430
SUTLEJ,Sulemanki,26-Jul-23,84430,84430
SUTLEJ,Sulemanki,26-Jul-23,84430,84430
SUTLEJ,Islam,26-Jul-23,38384,37984
INDUS,khairabad,26-Jul-23,-,335900
INDUS,Kalabagh,26-Jul-23,319484,311684
INDUS,Chashma,26-Jul-23,377224,373224
INDUS,Taunsa,26-Jul-23,372086,372086
INDUS,Guddu,26-Jul-23,358308,355299
INDUS,Sukkar,26-Jul-23,235310,228810
INDUS,Kotri,26-Jul-23,88260,58345
JHELUM,Kotli,26-Jul-23,-,7190
JHELUM,Mangla,26-Jul-23,95000,10000
JHELUM,Rasul,26-Jul-23,2550,-
CHENAB,Marala,26-Jul-23,106640,89640
CHENAB,Khanki,26-Jul-23,87883,80803
CHENAB,Qadirabad,26-Jul-23,82725,72725
CHENAB,Trimmu,26-Jul-23,97503,89103
CHENAB,Punjnad,26-Jul-23,87300,80100
RAVI,Thein,26-Jul-23,-,-
RAVI,Jassar,26-Jul-23,-,37800
RAVI,Shahdara,26-Jul-23,-,30692
RAVI,Balloki,26-Jul-23,59330,42030
RAVI,Sidhnai,26-Jul-23,35509,27509
SUTLEJ,Bhakara**,26-Jul-23,-,-
SUTLEJ,Sulemanki,26-Jul-23,84430,84430
SUTLEJ,Islam,26-Jul-23,38384,37984
INDUS,khairabad,27-Jul-23,-,334600
INDUS,Kalabagh,27-Jul-23,315514,307714
INDUS,Chashma,27-Jul-23,357199,353199
INDUS,Taunsa,27-Jul-23,387587,387587
INDUS,Taunsa,27-Jul-23,387587,387587
INDUS,Taunsa,27-Jul-23,399697,399697
INDUS,Taunsa,27-Jul-23,399697,399697
INDUS,Taunsa,27-Jul-23,399697,399697
INDUS,Guddu,27-Jul-23,358558,349748
INDUS,Sukkar,27-Jul-23,281805,260555
INDUS,Kotri,27-Jul-23,118147,86932
JHELUM,Kotli,27-Jul-23,-,12070
JHELUM,Mangla,27-Jul-23,96000,10000
JHELUM,Rasul,27-Jul-23,7891,5341
CHENAB,Marala,27-Jul-23,92748,75748
CHENAB,Khanki,27-Jul-23,85010,77930
CHENAB,Qadirabad,27-Jul-23,82725,72725
CHENAB,Trimmu,27-Jul-23,98318,89918
CHENAB,Punjnad,27-Jul-23,92629,85529
RAVI,Thein,27-Jul-23,-,-
RAVI,Jassar,27-Jul-23,-,37800
RAVI,Shahdara,27-Jul-23,-,31415
RAVI,Balloki,27-Jul-23,58830,42030
RAVI,Sidhnai,27-Jul-23,36684,28684
SUTLEJ,Bhakara**,27-Jul-23,-,-
SUTLEJ,Sulemanki,27-Jul-23,84430,84430
SUTLEJ,Sulemanki,27-Jul-23,84430,84430
SUTLEJ,Sulemanki,27-Jul-23,84430,84430
SUTLEJ,Sulemanki,27-Jul-23,84430,84430
SUTLEJ,Sulemanki,27-Jul-23,84430,84430
SUTLEJ,Sulemanki,27-Jul-23,84430,84430
SUTLEJ,Sulemanki,27-Jul-23,84430,84430
SUTLEJ,Sulemanki,27-Jul-23,84430,84430
SUTLEJ,Islam,27-Jul-23,37984,37984
INDUS,khairabad,27-Jul-23,279000,311800
INDUS,Kalabagh,27-Jul-23,315514,307714
INDUS,Chashma,27-Jul-23,355507,351507
INDUS,Taunsa,27-Jul-23,432239,432239
INDUS,Taunsa,27-Jul-23,432239,432239
INDUS,Taunsa,27-Jul-23,439908,439908
INDUS,Taunsa,27-Jul-23,439908,439908
INDUS,Taunsa,27-Jul-23,439908,439908
INDUS,Guddu,27-Jul-23,363975,348745
INDUS,Sukkar,27-Jul-23,284065,260555
INDUS,Kotri,27-Jul-23,118787,86932
JHELUM,Kotli,27-Jul-23,-,12070
JHELUM,Mangla,27-Jul-23,68000,10000
JHELUM,Rasul,27-Jul-23,2550,-
CHENAB,Marala,27-Jul-23,106640,89640
CHENAB,Khanki,27-Jul-23,80252,73160
CHENAB,Qadirabad,27-Jul-23,76821,66821
CHENAB,Trimmu,27-Jul-23,96029,87629
CHENAB,Punjnad,27-Jul-23,92629,85529
RAVI,Thein,27-Jul-23,-,-
RAVI,Jassar,27-Jul-23,-,40440
RAVI,Shahdara,27-Jul-23,-,32138
RAVI,Balloki,27-Jul-23,59345,42545
RAVI,Sidhnai,27-Jul-23,36684,28684
SUTLEJ,Bhakara**,27-Jul-23,-,-
SUTLEJ,Sulemanki,27-Jul-23,84430,84430
SUTLEJ,Sulemanki,27-Jul-23,84430,84430
SUTLEJ,Sulemanki,27-Jul-23,84430,84430
SUTLEJ,Sulemanki,27-Jul-23,84430,84430
SUTLEJ,Sulemanki,27-Jul-23,84430,84430
SUTLEJ,Islam,27-Jul-23,37984,37984
INDUS,khairabad,27-Jul-23,-,325100
INDUS,Kalabagh,27-Jul-23,292388,284399
INDUS,Chashma,27-Jul-23,338279,334279
INDUS,Taunsa,27-Jul-23,439908,439908
INDUS,Taunsa,27-Jul-23,439908,439908
INDUS,Taunsa,27-Jul-23,439908,439908
INDUS,Taunsa,27-Jul-23,439908,439908
INDUS,Guddu,27-Jul-23,368216,357976
INDUS,Sukkar,27-Jul-23,291060,266660
INDUS,Kotri,27-Jul-23,120157,86932
JHELUM,Kotli,27-Jul-23,-,9830
JHELUM,Mangla,27-Jul-23,65000,10000
JHELUM,Rasul,27-Jul-23,2450,-
CHENAB,Marala,27-Jul-23,121652,104652
CHENAB,Khanki,27-Jul-23,80336,73160
CHENAB,Qadirabad,27-Jul-23,76821,66821
CHENAB,Trimmu,27-Jul-23,91672,83272
CHENAB,Punjnad,27-Jul-23,106430,97230
RAVI,Thein,27-Jul-23,-,-
RAVI,Jassar,27-Jul-23,-,40440
RAVI,Shahdara,27-Jul-23,-,32138
RAVI,Balloki,27-Jul-23,59080,44780
RAVI,Sidhnai,27-Jul-23,40597,32547
SUTLEJ,Bhakara**,27-Jul-23,-,-
SUTLEJ,Sulemanki,27-Jul-23,84430,84430
SUTLEJ,Sulemanki,27-Jul-23,84430,84430
SUTLEJ,Sulemanki,27-Jul-23,84430,84430
SUTLEJ,Sulemanki,27-Jul-23,84430,84430
SUTLEJ,Islam,27-Jul-23,37984,37984
INDUS,khairabad,27-Jul-23,-,314400
INDUS,Kalabagh,27-Jul-23,293407,285407
INDUS,Chashma,27-Jul-23,337333,333333
INDUS,Taunsa,27-Jul-23,439908,439908
INDUS,Guddu,27-Jul-23,368216,357976
INDUS,Sukkar,27-Jul-23,291060,266660
INDUS,Kotri,27-Jul-23,120157,86932
JHELUM,Kotli,27-Jul-23,-,8620
JHELUM,Mangla,27-Jul-23,62000,10000
JHELUM,Rasul,27-Jul-23,7791,5341
CHENAB,Marala,27-Jul-23,127466,110466
CHENAB,Khanki,27-Jul-23,83294,76118
CHENAB,Qadirabad,27-Jul-23,76821,66821
CHENAB,Trimmu,27-Jul-23,87867,79467
CHENAB,Punjnad,27-Jul-23,106430,97230
RAVI,Thein,27-Jul-23,-,-
RAVI,Jassar,27-Jul-23,-,47040
RAVI,Shahdara,27-Jul-23,-,32138
RAVI,Balloki,27-Jul-23,58705,45905
RAVI,Sidhnai,27-Jul-23,41097,32547
SUTLEJ,Bhakara**,27-Jul-23,-,-
SUTLEJ,Sulemanki,27-Jul-23,84430,84430
SUTLEJ,Islam,27-Jul-23,38728,38728
INDUS,khairabad,28-Jul-23,-,306500
INDUS,Kalabagh,28-Jul-23,298294,290294
INDUS,Chashma,28-Jul-23,338910,334910
INDUS,Taunsa,28-Jul-23,439908,439908
INDUS,Taunsa,28-Jul-23,439908,439908
INDUS,Taunsa,28-Jul-23,419895,419895
INDUS,Taunsa,28-Jul-23,419895,419895
INDUS,Taunsa,28-Jul-23,419895,419895
INDUS,Taunsa,28-Jul-23,419895,419895
INDUS,Guddu,28-Jul-23,378792,368562
INDUS,Sukkar,28-Jul-23,325246,290446
INDUS,Kotri,28-Jul-23,120387,86932
JHELUM,Kotli,28-Jul-23,-,10460
JHELUM,Mangla,28-Jul-23,63000,10000
JHELUM,Rasul,28-Jul-23,7791,5341
CHENAB,Marala,28-Jul-23,127466,110466
CHENAB,Khanki,28-Jul-23,95825,88649
CHENAB,Qadirabad,28-Jul-23,76821,66821
CHENAB,Trimmu,28-Jul-23,87867,79467
CHENAB,Punjnad,28-Jul-23,106439,97239
RAVI,Thein,28-Jul-23,-,-
RAVI,Jassar,28-Jul-23,-,49680
RAVI,Shahdara,28-Jul-23,-,32138
RAVI,Balloki,28-Jul-23,60045,47245
RAVI,Sidhnai,28-Jul-23,41147,32547
SUTLEJ,Bhakara**,28-Jul-23,-,-
SUTLEJ,Sulemanki,28-Jul-23,84430,84430
SUTLEJ,Sulemanki,28-Jul-23,84430,84430
SUTLEJ,Sulemanki,28-Jul-23,84430,84430
SUTLEJ,Sulemanki,28-Jul-23,84430,84430
SUTLEJ,Sulemanki,28-Jul-23,84430,84430
SUTLEJ,Sulemanki,28-Jul-23,84430,84430
SUTLEJ,Islam,28-Jul-23,38728,38728
INDUS,khairabad,28-Jul-23,-,325100
INDUS,Kalabagh,28-Jul-23,308080,300080
INDUS,Chashma,28-Jul-23,326600,322600
INDUS,Taunsa,28-Jul-23,419895,419895
INDUS,Taunsa,28-Jul-23,419895,419895
INDUS,Taunsa,28-Jul-23,419895,419895
INDUS,Taunsa,28-Jul-23,407811,407811
INDUS,Taunsa,28-Jul-23,407811,407811
INDUS,Taunsa,28-Jul-23,407811,407811
INDUS,Guddu,28-Jul-23,386677,372447
INDUS,Sukkar,28-Jul-23,325246,290446
INDUS,Kotri,28-Jul-23,121787,86932
JHELUM,Kotli,28-Jul-23,-,11420
JHELUM,Mangla,28-Jul-23,68000,10000
JHELUM,Rasul,28-Jul-23,7791,5341
CHENAB,Marala,28-Jul-23,121652,104652
CHENAB,Khanki,28-Jul-23,100354,93178
CHENAB,Qadirabad,28-Jul-23,87824,77824
CHENAB,Trimmu,28-Jul-23,83144,74744
CHENAB,Punjnad,28-Jul-23,106430,97230
RAVI,Thein,28-Jul-23,-,-
RAVI,Jassar,28-Jul-23,-,53544
RAVI,Shahdara,28-Jul-23,-,32138
RAVI,Balloki,28-Jul-23,60245,47245
RAVI,Sidhnai,28-Jul-23,41647,32547
SUTLEJ,Bhakara**,28-Jul-23,-,-
SUTLEJ,Sulemanki,28-Jul-23,84430,84430
SUTLEJ,Sulemanki,28-Jul-23,82712,82712
SUTLEJ,Sulemanki,28-Jul-23,82712,82712
SUTLEJ,Sulemanki,28-Jul-23,82712,82712
SUTLEJ,Sulemanki,28-Jul-23,82712,82712
SUTLEJ,Sulemanki,28-Jul-23,82712,82712
SUTLEJ,Islam,28-Jul-23,38728,38728
INDUS,khairabad,28-Jul-23,-,338600
INDUS,Kalabagh,28-Jul-23,293407,285407
INDUS,Chashma,28-Jul-23,334472,330472
INDUS,Taunsa,28-Jul-23,407811,407811
INDUS,Taunsa,28-Jul-23,407811,407811
INDUS,Taunsa,28-Jul-23,407811,407811
INDUS,Taunsa,28-Jul-23,407811,407811
INDUS,Taunsa,28-Jul-23,407811,407811
INDUS,Taunsa,28-Jul-23,407811,407811
INDUS,Guddu,28-Jul-23,389556,375326
INDUS,Sukkar,28-Jul-23,325246,290446
INDUS,Kotri,28-Jul-23,122001,88916
JHELUM,Kotli,28-Jul-23,-,10140
JHELUM,Mangla,28-Jul-23,70000,10000
JHELUM,Rasul,28-Jul-23,2450,Nil
CHENAB,Marala,28-Jul-23,121652,104652
CHENAB,Khanki,28-Jul-23,100354,93178
CHENAB,Qadirabad,28-Jul-23,92802,82802
CHENAB,Trimmu,28-Jul-23,86618,78168
CHENAB,Punjnad,28-Jul-23,106430,97230
RAVI,Thein,28-Jul-23,-,-
RAVI,Jassar,28-Jul-23,-,48360
RAVI,Shahdara,28-Jul-23,-,35754
RAVI,Balloki,28-Jul-23,61620,48620
RAVI,Sidhnai,28-Jul-23,40907,31807
SUTLEJ,Bhakara**,28-Jul-23,-,-
SUTLEJ,Sulemanki,28-Jul-23,82712,82712
SUTLEJ,Sulemanki,28-Jul-23,82712,82712
SUTLEJ,Sulemanki,28-Jul-23,82712,82712
SUTLEJ,Sulemanki,28-Jul-23,82712,82712
SUTLEJ,Sulemanki,28-Jul-23,82712,82712
SUTLEJ,Sulemanki,28-Jul-23,82712,82712
SUTLEJ,Islam,28-Jul-23,40225,40225
INDUS,khairabad,28-Jul-23,-,348200
INDUS,Kalabagh,28-Jul-23,310016,302016
INDUS,Chashma,28-Jul-23,331752,327752
INDUS,Taunsa,28-Jul-23,407811,407811
INDUS,Guddu,28-Jul-23,389556,375326
INDUS,Sukkar,28-Jul-23,325246,290446
INDUS,Kotri,28-Jul-23,122001,88916
JHELUM,Kotli,28-Jul-23,-,8920
JHELUM,Mangla,28-Jul-23,65000,10000
JHELUM,Rasul,28-Jul-23,2550,-
CHENAB,Marala,28-Jul-23,121652,104652
CHENAB,Khanki,28-Jul-23,98281,91105
CHENAB,Qadirabad,28-Jul-23,92802,82802
CHENAB,Trimmu,28-Jul-23,86618,78168
CHENAB,Punjnad,28-Jul-23,106480,97230
RAVI,Thein,28-Jul-23,-,-
RAVI,Jassar,28-Jul-23,-,47040
RAVI,Shahdara,28-Jul-23,-,37200
RAVI,Balloki,28-Jul-23,64552,51525
RAVI,Sidhnai,28-Jul-23,41357,31807
SUTLEJ,Bhakara**,28-Jul-23,-,-
SUTLEJ,Sulemanki,28-Jul-23,82712,82712
SUTLEJ,Islam,28-Jul-23,40225,40225
INDUS,khairabad,29-Jul-23,-,337300
INDUS,Kalabagh,29-Jul-23,323323,315323
INDUS,Chashma,29-Jul-23,341984,337984
INDUS,Taunsa,29-Jul-23,407811,407811
INDUS,Taunsa,29-Jul-23,407811,407811
INDUS,Taunsa,29-Jul-23,407811,407811
INDUS,Taunsa,29-Jul-23,407811,407811
INDUS,Taunsa,29-Jul-23,407811,407811
INDUS,Taunsa,29-Jul-23,397131,397131
INDUS,Taunsa,29-Jul-23,407811,407811
INDUS,Taunsa,29-Jul-23,397131,397131
INDUS,Guddu,29-Jul-23,410886,396656
INDUS,Sukkar,29-Jul-23,360030,322630
INDUS,Kotri,29-Jul-23,122879,90794
JHELUM,Kotli,29-Jul-23,-,10780
JHELUM,Mangla,29-Jul-23,67000,10000
JHELUM,Rasul,29-Jul-23,7891,5341
CHENAB,Marala,29-Jul-23,121652,104652
CHENAB,Khanki,29-Jul-23,100354,93178
CHENAB,Qadirabad,29-Jul-23,92802,82802
CHENAB,Trimmu,29-Jul-23,86618,78168
CHENAB,Punjnad,29-Jul-23,106480,97230
RAVI,Thein,29-Jul-23,-,-
RAVI,Jassar,29-Jul-23,-,47040
RAVI,Shahdara,29-Jul-23,-,38060
RAVI,Balloki,29-Jul-23,64525,51525
RAVI,Sidhnai,29-Jul-23,41357,31807
SUTLEJ,Bhakara**,29-Jul-23,-,-
SUTLEJ,Sulemanki,29-Jul-23,82712,82712
SUTLEJ,Sulemanki,29-Jul-23,82712,82712
SUTLEJ,Sulemanki,29-Jul-23,82712,82712
SUTLEJ,Sulemanki,29-Jul-23,82712,82712
SUTLEJ,Sulemanki,29-Jul-23,82712,82712
SUTLEJ,Sulemanki,29-Jul-23,82712,82712
SUTLEJ,Sulemanki,29-Jul-23,82712,82712
SUTLEJ,Sulemanki,29-Jul-23,82712,82712
SUTLEJ,Islam,29-Jul-23,40225,40225
INDUS,khairabad,29-Jul-23,-,327800
INDUS,Kalabagh,29-Jul-23,329727,321727
INDUS,Chashma,29-Jul-23,349980,345980
INDUS,Taunsa,29-Jul-23,397131,397131
INDUS,Taunsa,29-Jul-23,385934,385934
INDUS,Taunsa,29-Jul-23,374217,374217
INDUS,Guddu,29-Jul-23,412888,396656
INDUS,Sukkar,29-Jul-23,360030,322630
INDUS,Kotri,29-Jul-23,124777,92692
JHELUM,Kotli,29-Jul-23,-,14810
JHELUM,Mangla,29-Jul-23,98000,10000
JHELUM,Rasul,29-Jul-23,7891,5341
CHENAB,Marala,29-Jul-23,106640,89640
CHENAB,Khanki,29-Jul-23,98020,91105
CHENAB,Qadirabad,29-Jul-23,92802,82802
CHENAB,Trimmu,29-Jul-23,86618,78168
CHENAB,Punjnad,29-Jul-23,106480,97230
RAVI,Thein,29-Jul-23,-,-
RAVI,Jassar,29-Jul-23,-,44400
RAVI,Shahdara,29-Jul-23,-,38060
RAVI,Balloki,29-Jul-23,66365,53365
RAVI,Sidhnai,29-Jul-23,42449,32899
SUTLEJ,Bhakara**,29-Jul-23,-,-
SUTLEJ,Sulemanki,29-Jul-23,81540,81540
SUTLEJ,Sulemanki,29-Jul-23,81540,81540
SUTLEJ,Sulemanki,29-Jul-23,72043,72043
SUTLEJ,Islam,29-Jul-23,42443,41743
INDUS,khairabad,29-Jul-23,-,340000
INDUS,Kalabagh,29-Jul-23,311925,303925
INDUS,Chashma,29-Jul-23,354633,350633
INDUS,Taunsa,29-Jul-23,362899,362899
INDUS,Guddu,29-Jul-23,427557,410317
INDUS,Sukkar,29-Jul-23,370610,334010
INDUS,Kotri,29-Jul-23,138532,104967
JHELUM,Kotli,29-Jul-23,-,11740
JHELUM,Mangla,29-Jul-23,72000,10000
JHELUM,Rasul,29-Jul-23,2550,-
CHENAB,Marala,29-Jul-23,106640,89640
CHENAB,Khanki,29-Jul-23,95564,88649
CHENAB,Qadirabad,29-Jul-23,92802,82802
CHENAB,Trimmu,29-Jul-23,86618,78168
CHENAB,Punjnad,29-Jul-23,106480,97230
RAVI,Thein,29-Jul-23,-,-
RAVI,Jassar,29-Jul-23,-,41760
RAVI,Shahdara,29-Jul-23,-,36477
RAVI,Balloki,29-Jul-23,71870,58870
RAVI,Sidhnai,29-Jul-23,44264,33014
SUTLEJ,Bhakara**,29-Jul-23,-,-
SUTLEJ,Sulemanki,29-Jul-23,72043,72043
SUTLEJ,Islam,29-Jul-23,42443,41743
INDUS,khairabad,29-Jul-23,-,342700
INDUS,Kalabagh,29-Jul-23,323683,315683
INDUS,Chashma,29-Jul-23,354400,350400
INDUS,Taunsa,29-Jul-23,362899,362899
INDUS,Guddu,29-Jul-23,427557,410317
INDUS,Sukkar,29-Jul-23,370610,334010
INDUS,Kotri,29-Jul-23,138532,104967
JHELUM,Kotli,29-Jul-23,-,8920
JHELUM,Mangla,29-Jul-23,70000,10000
JHELUM,Rasul,29-Jul-23,2550,-
CHENAB,Marala,29-Jul-23,106640,89640
CHENAB,Khanki,29-Jul-23,88929,82014
CHENAB,Qadirabad,29-Jul-23,87824,77824
CHENAB,Trimmu,29-Jul-23,86618,78168
CHENAB,Punjnad,29-Jul-23,106480,97230
RAVI,Thein,29-Jul-23,-,-
RAVI,Jassar,29-Jul-23,-,41760
RAVI,Shahdara,29-Jul-23,-,36477
RAVI,Balloki,29-Jul-23,72770,58870
RAVI,Sidhnai,29-Jul-23,44805,33955
SUTLEJ,Bhakara**,29-Jul-23,-,-
SUTLEJ,Sulemanki,29-Jul-23,72043,72043
SUTLEJ,Islam,29-Jul-23,46319,45619
INDUS,khairabad,30-Jul-23,-,340000
INDUS,Kalabagh,30-Jul-23,322729,314729
INDUS,Chashma,30-Jul-23,355688,351688
INDUS,Taunsa,30-Jul-23,368299,368299
INDUS,Guddu,30-Jul-23,467457,450217
INDUS,Sukkar,30-Jul-23,391455,360055
INDUS,Kotri,30-Jul-23,143549,108984
JHELUM,Kotli,30-Jul-23,-,7750
JHELUM,Mangla,30-Jul-23,75000,10000
JHELUM,Rasul,30-Jul-23,7891,5341
CHENAB,Marala,30-Jul-23,96404,79404
CHENAB,Khanki,30-Jul-23,84600,77685
CHENAB,Qadirabad,30-Jul-23,82725,72725
CHENAB,Trimmu,30-Jul-23,86618,78168
CHENAB,Punjnad,30-Jul-23,104453,93603
RAVI,Thein,30-Jul-23,-,-
RAVI,Jassar,30-Jul-23,-,41760
RAVI,Shahdara,30-Jul-23,-,34308
RAVI,Balloki,30-Jul-23,74070,58870
RAVI,Sidhnai,30-Jul-23,44805,33955
SUTLEJ,Bhakara**,30-Jul-23,-,-
SUTLEJ,Sulemanki,30-Jul-23,72043,72043
SUTLEJ,Islam,30-Jul-23,46319,45619
INDUS,khairabad,30-Jul-23,-,318400
INDUS,Kalabagh,30-Jul-23,328773,320773
INDUS,Chashma,30-Jul-23,355692,351692
INDUS,Taunsa,30-Jul-23,368299,368299
INDUS,Guddu,30-Jul-23,473226,453892
INDUS,Sukkar,30-Jul-23,391455,360055
INDUS,Kotri,30-Jul-23,153606,118341
JHELUM,Kotli,30-Jul-23,-,8330
JHELUM,Mangla,30-Jul-23,70000,10000
JHELUM,Rasul,30-Jul-23,7891,5341
CHENAB,Marala,30-Jul-23,91232,74232
CHENAB,Khanki,30-Jul-23,84647,77685
CHENAB,Qadirabad,30-Jul-23,76821,66821
CHENAB,Trimmu,30-Jul-23,86618,78168
CHENAB,Punjnad,30-Jul-23,104953,93603
RAVI,Thein,30-Jul-23,-,-
RAVI,Jassar,30-Jul-23,-,39120
RAVI,Shahdara,30-Jul-23,-,32861
RAVI,Balloki,30-Jul-23,73015,56115
RAVI,Sidhnai,30-Jul-23,47464,35664
SUTLEJ,Bhakara**,30-Jul-23,-,-
SUTLEJ,Sulemanki,30-Jul-23,72043,72043
SUTLEJ,Islam,30-Jul-23,49607,49607
INDUS,khairabad,30-Jul-23,-,307800
INDUS,Kalabagh,30-Jul-23,310971,302971
INDUS,Chashma,30-Jul-23,362861,358261
INDUS,Taunsa,30-Jul-23,368299,368299
INDUS,Guddu,30-Jul-23,482913,461353
INDUS,Sukkar,30-Jul-23,392055,360055
INDUS,Kotri,30-Jul-23,159101,123126
JHELUM,Kotli,30-Jul-23,-,7750
JHELUM,Mangla,30-Jul-23,68000,10000
JHELUM,Rasul,30-Jul-23,2550,-
CHENAB,Marala,30-Jul-23,91232,74232
CHENAB,Khanki,30-Jul-23,80936,73974
CHENAB,Qadirabad,30-Jul-23,76821,66821
CHENAB,Trimmu,30-Jul-23,89913,81413
CHENAB,Punjnad,30-Jul-23,104953,93603
RAVI,Thein,30-Jul-23,-,-
RAVI,Jassar,30-Jul-23,-,37010
RAVI,Shahdara,30-Jul-23,-,32138
RAVI,Balloki,30-Jul-23,74225,55625
RAVI,Sidhnai,30-Jul-23,47514,35664
SUTLEJ,Bhakara**,30-Jul-23,-,-
SUTLEJ,Sulemanki,30-Jul-23,71437,71437
SUTLEJ,Islam,30-Jul-23,49607,49607
INDUS,khairabad,30-Jul-23,-,307800
INDUS,Kalabagh,30-Jul-23,295317,287317
INDUS,Chashma,30-Jul-23,328040,322744
INDUS,Taunsa,30-Jul-23,368299,368299
INDUS,Guddu,30-Jul-23,482913,461353
INDUS,Sukkar,30-Jul-23,392055,360055
INDUS,Kotri,30-Jul-23,159101,123126
JHELUM,Kotli,30-Jul-23,-,7470
JHELUM,Mangla,30-Jul-23,60000,10000
JHELUM,Rasul,30-Jul-23,7891,5341
CHENAB,Marala,30-Jul-23,75335,60212
CHENAB,Khanki,30-Jul-23,77016,70029
CHENAB,Qadirabad,30-Jul-23,73116,63116
CHENAB,Trimmu,30-Jul-23,89413,81413
CHENAB,Punjnad,30-Jul-23,105053,93603
RAVI,Thein,30-Jul-23,-,-
RAVI,Jassar,30-Jul-23,-,36220
RAVI,Shahdara,30-Jul-23,-,32138
RAVI,Balloki,30-Jul-23,72475,52875
RAVI,Sidhnai,30-Jul-23,48818,36968
SUTLEJ,Bhakara**,30-Jul-23,-,-
SUTLEJ,Sulemanki,30-Jul-23,71437,71437
SUTLEJ,Islam,30-Jul-23,49607,49607
INDUS,khairabad,31-Jul-23,-,315800
INDUS,Kalabagh,31-Jul-23,296271,288271
INDUS,Chashma,31-Jul-23,344555,339151
INDUS,Taunsa,31-Jul-23,363428,363428
INDUS,Guddu,31-Jul-23,481913,461353
INDUS,Sukkar,31-Jul-23,434905,400505
INDUS,Kotri,31-Jul-23,168871,132626
JHELUM,Kotli,31-Jul-23,-,8040
JHELUM,Mangla,31-Jul-23,54000,10000
JHELUM,Rasul,31-Jul-23,2550,-
CHENAB,Marala,31-Jul-23,69459,54336
CHENAB,Khanki,31-Jul-23,73289,66302
CHENAB,Qadirabad,31-Jul-23,69673,59673
CHENAB,Trimmu,31-Jul-23,90804,84798
CHENAB,Punjnad,31-Jul-23,105053,93603
RAVI,Thein,31-Jul-23,-,-
RAVI,Jassar,31-Jul-23,-,36220
RAVI,Shahdara,31-Jul-23,-,32138
RAVI,Balloki,31-Jul-23,71120,50120
RAVI,Sidhnai,31-Jul-23,48318,36968
SUTLEJ,Bhakara**,31-Jul-23,-,-
SUTLEJ,Sulemanki,31-Jul-23,71437,66024
SUTLEJ,Islam,31-Jul-23,49607,49607
INDUS,khairabad,31-Jul-23,-,174800
INDUS,Kalabagh,31-Jul-23,275334,267334
INDUS,Chashma,31-Jul-23,330168,324664
INDUS,Taunsa,31-Jul-23,363428,363428
INDUS,Guddu,31-Jul-23,480116,456440
INDUS,Sukkar,31-Jul-23,440705,405505
INDUS,Kotri,31-Jul-23,171890,134805
JHELUM,Kotli,31-Jul-23,-,7470
JHELUM,Mangla,31-Jul-23,59000,10000
JHELUM,Rasul,31-Jul-23,2850,-
CHENAB,Marala,31-Jul-23,69459,54336
CHENAB,Khanki,31-Jul-23,80936,73974
CHENAB,Qadirabad,31-Jul-23,69673,59673
CHENAB,Trimmu,31-Jul-23,101050,95550
CHENAB,Punjnad,31-Jul-23,,
RAVI,Thein,31-Jul-23,-,-
RAVI,Jassar,31-Jul-23,-,34640
RAVI,Shahdara,31-Jul-23,-,32138
RAVI,Balloki,31-Jul-23,72625,52875
RAVI,Sidhnai,31-Jul-23,48318,36968
SUTLEJ,Bhakara**,31-Jul-23,-,-
SUTLEJ,Sulemanki,31-Jul-23,71437,65028
SUTLEJ,Islam,31-Jul-23,53706,53706
INDUS,khairabad,31-Jul-23,-,177000
INDUS,Kalabagh,31-Jul-23,235073,227073
INDUS,Chashma,31-Jul-23,330907,326611
INDUS,Taunsa,31-Jul-23,363428,363428
INDUS,Guddu,31-Jul-23,481050,456440
INDUS,Sukkar,31-Jul-23,448110,410860
INDUS,Kotri,31-Jul-23,179556,142471
JHELUM,Kotli,31-Jul-23,-,7470
JHELUM,Mangla,31-Jul-23,54000,10000
JHELUM,Rasul,31-Jul-23,8191,5341
CHENAB,Marala,31-Jul-23,80165,65042
CHENAB,Khanki,31-Jul-23,69224,62144
CHENAB,Qadirabad,31-Jul-23,66913,56913
CHENAB,Trimmu,31-Jul-23,101050,95550
CHENAB,Punjnad,31-Jul-23,105053,93603
RAVI,Thein,31-Jul-23,-,-
RAVI,Jassar,31-Jul-23,-,34640
RAVI,Shahdara,31-Jul-23,-,32138
RAVI,Balloki,31-Jul-23,60750,39250
RAVI,Sidhnai,31-Jul-23,50922,39572
SUTLEJ,Bhakara**,31-Jul-23,-,-
SUTLEJ,Sulemanki,31-Jul-23,71437,64728
SUTLEJ,Islam,31-Jul-23,53706,53706
INDUS,khairabad,31-Jul-23,-,228600
INDUS,Kalabagh,31-Jul-23,228368,220368
INDUS,Chashma,31-Jul-23,287129,282725
INDUS,Taunsa,31-Jul-23,357457,357457
INDUS,Guddu,31-Jul-23,481050,456440
INDUS,Sukkar,31-Jul-23,448110,410860
INDUS,Kotri,31-Jul-23,179556,142471
JHELUM,Kotli,31-Jul-23,-,7750
JHELUM,Mangla,31-Jul-23,54000,10000
JHELUM,Rasul,31-Jul-23,2850,-
CHENAB,Marala,31-Jul-23,79159,59689
CHENAB,Khanki,31-Jul-23,65974,58728
CHENAB,Qadirabad,31-Jul-23,61031,51031
CHENAB,Trimmu,31-Jul-23,101050,95550
CHENAB,Punjnad,31-Jul-23,105553,93603
RAVI,Thein,31-Jul-23,-,-
RAVI,Jassar,31-Jul-23,-,34640
RAVI,Shahdara,31-Jul-23,-,32692
RAVI,Balloki,31-Jul-23,61050,39350
RAVI,Sidhnai,31-Jul-23,51572,39572
SUTLEJ,Bhakara**,31-Jul-23,-,-
SUTLEJ,Sulemanki,31-Jul-23,70934,63029
SUTLEJ,Islam,31-Jul-23,54306,53706
INDUS,khairabad,01-Aug-23,-,184700
INDUS,Kalabagh,01-Aug-23,206786,198786
INDUS,Chashma,01-Aug-23,233972,228972
INDUS,Taunsa,01-Aug-23,357457,357457
INDUS,Guddu,01-Aug-23,469899,443352
INDUS,Sukkar,01-Aug-23,444040,405740
INDUS,Kotri,01-Aug-23,181956,144871
JHELUM,Kotli,01-Aug-23,-,7190
JHELUM,Mangla,01-Aug-23,52000,10000
JHELUM,Rasul,01-Aug-23,2850,-
CHENAB,Marala,01-Aug-23,75679,54336
CHENAB,Khanki,01-Aug-23,69390,62144
CHENAB,Qadirabad,01-Aug-23,61031,51031
CHENAB,Trimmu,01-Aug-23,101050,95550
CHENAB,Punjnad,01-Aug-23,105553,93603
RAVI,Thein,01-Aug-23,-,-
RAVI,Jassar,01-Aug-23,-,34640
RAVI,Shahdara,01-Aug-23,-,29317
RAVI,Balloki,01-Aug-23,57495,34695
RAVI,Sidhnai,01-Aug-23,51572,39572
SUTLEJ,Bhakara**,01-Aug-23,-,-
SUTLEJ,Sulemanki,01-Aug-23,70934,63024
SUTLEJ,Islam,01-Aug-23,54306,53706
INDUS,khairabad,01-Aug-23,-,170400
INDUS,Kalabagh,01-Aug-23,218714,210714
INDUS,Chashma,01-Aug-23,218049,213049
INDUS,Taunsa,01-Aug-23,348123,345123
INDUS,Guddu,01-Aug-23,461524,432974
INDUS,Sukkar,01-Aug-23,444048,403498
INDUS,Kotri,01-Aug-23,183161,146076
JHELUM,Kotli,01-Aug-23,-,6910
JHELUM,Mangla,01-Aug-23,54000,10000
JHELUM,Rasul,01-Aug-23,2850,-
CHENAB,Marala,01-Aug-23,75874,53339
CHENAB,Khanki,01-Aug-23,65950,58728
CHENAB,Qadirabad,01-Aug-23,61031,51031
CHENAB,Trimmu,01-Aug-23,101050,95550
CHENAB,Punjnad,01-Aug-23,110961,99011
RAVI,Thein,01-Aug-23,-,-
RAVI,Jassar,01-Aug-23,-,30690
RAVI,Shahdara,01-Aug-23,-,28014
RAVI,Balloki,01-Aug-23,57495,34695
RAVI,Sidhnai,01-Aug-23,53805,40805
SUTLEJ,Bhakara**,01-Aug-23,-,-
SUTLEJ,Sulemanki,01-Aug-23,70934,63024
SUTLEJ,Islam,01-Aug-23,58511,57911
INDUS,khairabad,01-Aug-23,-,170400
INDUS,Kalabagh,01-Aug-23,204877,196877
INDUS,Chashma,01-Aug-23,208228,202632
INDUS,Taunsa,01-Aug-23,350123,345123
INDUS,Guddu,01-Aug-23,458141,428595
INDUS,Sukkar,01-Aug-23,444048,403498
INDUS,Kotri,01-Aug-23,190541,152756
JHELUM,Kotli,01-Aug-23,-,6640
JHELUM,Mangla,01-Aug-23,54000,10000
JHELUM,Rasul,01-Aug-23,2900,-
CHENAB,Marala,01-Aug-23,78914,54336
CHENAB,Khanki,01-Aug-23,65950,58728
CHENAB,Qadirabad,01-Aug-23,58398,48398
CHENAB,Trimmu,01-Aug-23,101050,95550
CHENAB,Punjnad,01-Aug-23,120068,107518
RAVI,Thein,01-Aug-23,-,-
RAVI,Jassar,01-Aug-23,-,25560
RAVI,Shahdara,01-Aug-23,-,26059
RAVI,Balloki,01-Aug-23,54660,32460
RAVI,Sidhnai,01-Aug-23,54105,40805
SUTLEJ,Bhakara**,01-Aug-23,-,-
SUTLEJ,Sulemanki,01-Aug-23,71499,63090
SUTLEJ,Islam,01-Aug-23,58511,57911
INDUS,khairabad,01-Aug-23,-,162900
INDUS,Kalabagh,01-Aug-23,193776,185776
INDUS,Chashma,01-Aug-23,227915,222211
INDUS,Taunsa,01-Aug-23,350123,345123
INDUS,Guddu,01-Aug-23,458141,428595
INDUS,Sukkar,01-Aug-23,444048,403498
INDUS,Kotri,01-Aug-23,190541,152756
JHELUM,Kotli,01-Aug-23,-,6370
JHELUM,Mangla,01-Aug-23,51000,10000
JHELUM,Rasul,01-Aug-23,8241,5341
CHENAB,Marala,01-Aug-23,86219,59689
CHENAB,Khanki,01-Aug-23,62812,55312
CHENAB,Qadirabad,01-Aug-23,58398,48398
CHENAB,Trimmu,01-Aug-23,96933,91433
CHENAB,Punjnad,01-Aug-23,120068,107518
RAVI,Thein,01-Aug-23,-,-
RAVI,Jassar,01-Aug-23,-,23700
RAVI,Shahdara,01-Aug-23,-,25407
RAVI,Balloki,01-Aug-23,50695,28295
RAVI,Sidhnai,01-Aug-23,54105,40805
SUTLEJ,Bhakara**,01-Aug-23,-,-
SUTLEJ,Sulemanki,01-Aug-23,71499,63090
SUTLEJ,Islam,01-Aug-23,58511,57911
INDUS,khairabad,02-Aug-23,-,171500
INDUS,Kalabagh,02-Aug-23,195566,187566
INDUS,Chashma,02-Aug-23,199728,193125
INDUS,Taunsa,02-Aug-23,319941,310941
INDUS,Guddu,02-Aug-23,451724,422487
INDUS,Sukkar,02-Aug-23,443065,400505
INDUS,Kotri,02-Aug-23,192586,154781
JHELUM,Kotli,02-Aug-23,-,6910
JHELUM,Mangla,02-Aug-23,45000,10000
JHELUM,Rasul,02-Aug-23,2900,-
CHENAB,Marala,02-Aug-23,81259,54336
CHENAB,Khanki,02-Aug-23,59456,51956
CHENAB,Qadirabad,02-Aug-23,56559,46559
CHENAB,Trimmu,02-Aug-23,93017,87517
CHENAB,Punjnad,02-Aug-23,120768,107518
RAVI,Thein,02-Aug-23,-,-
RAVI,Jassar,02-Aug-23,-,23700
RAVI,Shahdara,02-Aug-23,-,22322
RAVI,Balloki,02-Aug-23,48460,26060
RAVI,Sidhnai,02-Aug-23,56585,43285
SUTLEJ,Bhakara**,02-Aug-23,-,-
SUTLEJ,Sulemanki,02-Aug-23,71907,63090
SUTLEJ,Islam,02-Aug-23,58511,57911
INDUS,khairabad,02-Aug-23,-,121100
INDUS,Kalabagh,02-Aug-23,195566,187566
INDUS,Chashma,02-Aug-23,176203,170289
INDUS,Taunsa,02-Aug-23,321441,310941
INDUS,Guddu,02-Aug-23,451662,421987
INDUS,Sukkar,02-Aug-23,443065,400505
INDUS,Kotri,02-Aug-23,194015,156770
JHELUM,Kotli,02-Aug-23,-,6640
JHELUM,Mangla,02-Aug-23,55000,10000
JHELUM,Rasul,02-Aug-23,2900,-
CHENAB,Marala,02-Aug-23,71215,43630
CHENAB,Khanki,02-Aug-23,62812,55312
CHENAB,Qadirabad,02-Aug-23,52096,42096
CHENAB,Trimmu,02-Aug-23,90167,84667
CHENAB,Punjnad,02-Aug-23,124178,110928
RAVI,Thein,02-Aug-23,-,-
RAVI,Jassar,02-Aug-23,-,20900
RAVI,Shahdara,02-Aug-23,-,21756
RAVI,Balloki,02-Aug-23,48460,26060
RAVI,Sidhnai,02-Aug-23,56785,43285
SUTLEJ,Bhakara**,02-Aug-23,-,-
SUTLEJ,Sulemanki,02-Aug-23,71907,63090
SUTLEJ,Islam,02-Aug-23,62844,62221
INDUS,khairabad,02-Aug-23,-,117300
INDUS,Kalabagh,02-Aug-23,172374,164374
INDUS,Chashma,02-Aug-23,176415,170396
INDUS,Taunsa,02-Aug-23,302093,291593
INDUS,Guddu,02-Aug-23,447944,415809
INDUS,Sukkar,02-Aug-23,433650,390880
INDUS,Kotri,02-Aug-23,205216,167971
JHELUM,Kotli,02-Aug-23,-,6370
JHELUM,Mangla,02-Aug-23,60000,10000
JHELUM,Rasul,02-Aug-23,2900,-
CHENAB,Marala,02-Aug-23,76706,48983
CHENAB,Khanki,02-Aug-23,59456,51956
CHENAB,Qadirabad,02-Aug-23,54822,44882
CHENAB,Trimmu,02-Aug-23,83279,77779
CHENAB,Punjnad,02-Aug-23,124178,110928
RAVI,Thein,02-Aug-23,-,-
RAVI,Jassar,02-Aug-23,-,20200
RAVI,Shahdara,02-Aug-23,-,21191
RAVI,Balloki,02-Aug-23,46605,24105
RAVI,Sidhnai,02-Aug-23,58258,43758
SUTLEJ,Bhakara**,02-Aug-23,-,-
SUTLEJ,Sulemanki,02-Aug-23,72627,63412
SUTLEJ,Islam,02-Aug-23,62844,62221
INDUS,khairabad,02-Aug-23,-,164000
INDUS,Kalabagh,02-Aug-23,159414,151414
INDUS,Chashma,02-Aug-23,175200,170200
INDUS,Taunsa,02-Aug-23,290580,280080
INDUS,Guddu,02-Aug-23,447944,415809
INDUS,Sukkar,02-Aug-23,433650,390880
INDUS,Kotri,02-Aug-23,205216,167971
JHELUM,Kotli,02-Aug-23,-,6100
JHELUM,Mangla,02-Aug-23,90000,10000
JHELUM,Rasul,02-Aug-23,8241,5341
CHENAB,Marala,02-Aug-23,87412,59689
CHENAB,Khanki,02-Aug-23,57722,50222
CHENAB,Qadirabad,02-Aug-23,54882,44882
CHENAB,Trimmu,02-Aug-23,77750,72250
CHENAB,Punjnad,02-Aug-23,124178,110928
RAVI,Thein,02-Aug-23,-,-
RAVI,Jassar,02-Aug-23,-,20200
RAVI,Shahdara,02-Aug-23,-,22862
RAVI,Balloki,02-Aug-23,46605,24105
RAVI,Sidhnai,02-Aug-23,58558,43758
SUTLEJ,Bhakara**,02-Aug-23,-,-
SUTLEJ,Sulemanki,02-Aug-23,72627,63412
SUTLEJ,Islam,02-Aug-23,62844,62221
INDUS,khairabad,03-Aug-23,-,168300
INDUS,Kalabagh,03-Aug-23,158459,150459
INDUS,Chashma,03-Aug-23,176027,171027
INDUS,Taunsa,03-Aug-23,270850,257350
INDUS,Guddu,03-Aug-23,433917,400391
INDUS,Sukkar,03-Aug-23,430286,384886
INDUS,Kotri,03-Aug-23,211181,172256
JHELUM,Kotli,03-Aug-23,-,6910
JHELUM,Mangla,03-Aug-23,56000,10000
JHELUM,Rasul,03-Aug-23,2900,-
CHENAB,Marala,03-Aug-23,87412,59689
CHENAB,Khanki,03-Aug-23,59456,51956
CHENAB,Qadirabad,03-Aug-23,52096,42096
CHENAB,Trimmu,03-Aug-23,73972,68472
CHENAB,Punjnad,03-Aug-23,124378,110928
RAVI,Thein,03-Aug-23,-,-
RAVI,Jassar,03-Aug-23,-,20200
RAVI,Shahdara,03-Aug-23,-,26059
RAVI,Balloki,03-Aug-23,45485,22985
RAVI,Sidhnai,03-Aug-23,58558,43758
SUTLEJ,Bhakara**,03-Aug-23,-,-
SUTLEJ,Sulemanki,03-Aug-23,72976,63412
SUTLEJ,Islam,03-Aug-23,64597,63974
INDUS,khairabad,03-Aug-23,-,225000
INDUS,Kalabagh,03-Aug-23,171419,163419
INDUS,Chashma,03-Aug-23,174977,169977
INDUS,Taunsa,03-Aug-23,259382,244882
INDUS,Guddu,03-Aug-23,431074,397847
INDUS,Sukkar,03-Aug-23,430286,384886
INDUS,Kotri,03-Aug-23,211181,172256
JHELUM,Kotli,03-Aug-23,-,7190
JHELUM,Mangla,03-Aug-23,55000,10000
JHELUM,Rasul,03-Aug-23,2900,-
CHENAB,Marala,03-Aug-23,87541,59618
CHENAB,Khanki,03-Aug-23,62812,55312
CHENAB,Qadirabad,03-Aug-23,52096,42096
CHENAB,Trimmu,03-Aug-23,73972,68472
CHENAB,Punjnad,03-Aug-23,124378,110928
RAVI,Thein,03-Aug-23,-,-
RAVI,Jassar,03-Aug-23,-,20900
RAVI,Shahdara,03-Aug-23,-,26059
RAVI,Balloki,03-Aug-23,45485,22985
RAVI,Sidhnai,03-Aug-23,56534,41734
SUTLEJ,Bhakara**,03-Aug-23,-,-
SUTLEJ,Sulemanki,03-Aug-23,72976,63412
SUTLEJ,Islam,03-Aug-23,64597,63974
INDUS,khairabad,03-Aug-23,-,177000
INDUS,Kalabagh,03-Aug-23,190207,182207
INDUS,Chashma,03-Aug-23,156422,150302
INDUS,Taunsa,03-Aug-23,178741,164241
INDUS,Guddu,03-Aug-23,418977,389215
INDUS,Sukkar,03-Aug-23,430286,384886
INDUS,Kotri,03-Aug-23,211181,172256
JHELUM,Kotli,03-Aug-23,-,6910
JHELUM,Mangla,03-Aug-23,55000,10000
JHELUM,Rasul,03-Aug-23,8241,5341
CHENAB,Marala,03-Aug-23,82259,54336
CHENAB,Khanki,03-Aug-23,66228,58728
CHENAB,Qadirabad,03-Aug-23,54882,44882
CHENAB,Trimmu,03-Aug-23,69136,63636
CHENAB,Punjnad,03-Aug-23,132572,118672
RAVI,Thein,03-Aug-23,-,-
RAVI,Jassar,03-Aug-23,-,20200
RAVI,Shahdara,03-Aug-23,-,26711
RAVI,Balloki,03-Aug-23,43245,20745
RAVI,Sidhnai,03-Aug-23,54431,39231
SUTLEJ,Bhakara**,03-Aug-23,-,-
SUTLEJ,Sulemanki,03-Aug-23,72622,62559
SUTLEJ,Islam,03-Aug-23,64597,63974
INDUS,khairabad,03-Aug-23,-,174800
INDUS,Kalabagh,03-Aug-23,215828,207828
INDUS,Chashma,03-Aug-23,160036,152796
INDUS,Taunsa,03-Aug-23,180612,168612
INDUS,Guddu,03-Aug-23,418977,389215
INDUS,Sukkar,03-Aug-23,430286,384886
INDUS,Kotri,03-Aug-23,211181,172256
JHELUM,Kotli,03-Aug-23,-,6370
JHELUM,Mangla,03-Aug-23,50000,10000
JHELUM,Rasul,03-Aug-23,2900,-
CHENAB,Marala,03-Aug-23,87612,59689
CHENAB,Khanki,03-Aug-23,66228,58728
CHENAB,Qadirabad,03-Aug-23,59431,49431
CHENAB,Trimmu,03-Aug-23,69136,63636
CHENAB,Punjnad,03-Aug-23,132572,118672
RAVI,Thein,03-Aug-23,-,-
RAVI,Jassar,03-Aug-23,-,19500
RAVI,Shahdara,03-Aug-23,-,26059
RAVI,Balloki,03-Aug-23,43245,20745
RAVI,Sidhnai,03-Aug-23,54431,39231
SUTLEJ,Bhakara**,03-Aug-23,-,-
SUTLEJ,Sulemanki,03-Aug-23,72622,62559
SUTLEJ,Islam,03-Aug-23,64597,63974
INDUS,khairabad,04-Aug-23,-,229800
INDUS,Kalabagh,04-Aug-23,216782,208782
INDUS,Chashma,04-Aug-23,158905,151230
INDUS,Taunsa,04-Aug-23,181612,168612
INDUS,Guddu,04-Aug-23,399744,369982
INDUS,Sukkar,04-Aug-23,411002,364552
INDUS,Kotri,04-Aug-23,211601,172256
JHELUM,Kotli,04-Aug-23,-,6910
JHELUM,Mangla,04-Aug-23,50000,10000
JHELUM,Rasul,04-Aug-23,2900,-
CHENAB,Marala,04-Aug-23,82259,54336
CHENAB,Khanki,04-Aug-23,66228,58728
CHENAB,Qadirabad,04-Aug-23,59431,49431
CHENAB,Trimmu,04-Aug-23,66066,60566
CHENAB,Punjnad,04-Aug-23,142548,128448
RAVI,Thein,04-Aug-23,-,-
RAVI,Jassar,04-Aug-23,-,20200
RAVI,Shahdara,04-Aug-23,-,28666
RAVI,Balloki,04-Aug-23,42810,20310
RAVI,Sidhnai,04-Aug-23,52040,36840
SUTLEJ,Bhakara**,04-Aug-23,-,-
SUTLEJ,Sulemanki,04-Aug-23,76035,62877
SUTLEJ,Islam,04-Aug-23,66643,65743
INDUS,khairabad,04-Aug-23,-,249200
INDUS,Kalabagh,04-Aug-23,216782,208782
INDUS,Chashma,04-Aug-23,213631,208431
INDUS,Taunsa,04-Aug-23,181014,167014
INDUS,Guddu,04-Aug-23,382000,353241
INDUS,Sukkar,04-Aug-23,411002,364552
INDUS,Kotri,04-Aug-23,217327,177982
JHELUM,Kotli,04-Aug-23,-,6640
JHELUM,Mangla,04-Aug-23,50000,10000
JHELUM,Rasul,04-Aug-23,2900,-
CHENAB,Marala,04-Aug-23,82259,54336
CHENAB,Khanki,04-Aug-23,69836,62144
CHENAB,Qadirabad,04-Aug-23,61264,51264
CHENAB,Trimmu,04-Aug-23,66066,60566
CHENAB,Punjnad,04-Aug-23,142548,128448
RAVI,Thein,04-Aug-23,-,-
RAVI,Jassar,04-Aug-23,-,20900
RAVI,Shahdara,04-Aug-23,-,28666
RAVI,Balloki,04-Aug-23,45375,23875
RAVI,Sidhnai,04-Aug-23,46122,30422
SUTLEJ,Bhakara**,04-Aug-23,59666,40998
SUTLEJ,Sulemanki,04-Aug-23,76142,65836
SUTLEJ,Islam,04-Aug-23,66643,65743
INDUS,khairabad,04-Aug-23,-,155500
INDUS,Kalabagh,04-Aug-23,225165,217165
INDUS,Chashma,04-Aug-23,221777,216577
INDUS,Taunsa,04-Aug-23,181014,167014
INDUS,Guddu,04-Aug-23,337101,307631
INDUS,Sukkar,04-Aug-23,406060,358410
INDUS,Kotri,04-Aug-23,224182,184837
JHELUM,Kotli,04-Aug-23,-,6370
JHELUM,Mangla,04-Aug-23,56000,10000
JHELUM,Rasul,04-Aug-23,8441,5341
CHENAB,Marala,04-Aug-23,76906,48983
CHENAB,Khanki,04-Aug-23,69836,62144
CHENAB,Qadirabad,04-Aug-23,61264,51264
CHENAB,Trimmu,04-Aug-23,61081,55531
CHENAB,Punjnad,04-Aug-23,148604,134504
RAVI,Thein,04-Aug-23,-,-
RAVI,Jassar,04-Aug-23,-,21600
RAVI,Shahdara,04-Aug-23,-,28666
RAVI,Balloki,04-Aug-23,42625,23875
RAVI,Sidhnai,04-Aug-23,43302,27202
SUTLEJ,Bhakara**,04-Aug-23,-,-
SUTLEJ,Sulemanki,04-Aug-23,76142,65836
SUTLEJ,Islam,04-Aug-23,66643,65743
INDUS,khairabad,04-Aug-23,-,173700
INDUS,Kalabagh,04-Aug-23,225165,217165
INDUS,Chashma,04-Aug-23,242369,237169
INDUS,Taunsa,04-Aug-23,181014,167014
INDUS,Guddu,04-Aug-23,337101,307631
INDUS,Sukkar,04-Aug-23,406060,358410
INDUS,Kotri,04-Aug-23,224182,184837
JHELUM,Kotli,04-Aug-23,-,6100
JHELUM,Mangla,04-Aug-23,45000,10000
JHELUM,Rasul,04-Aug-23,11090,7990
CHENAB,Marala,04-Aug-23,82259,54336
CHENAB,Khanki,04-Aug-23,63102,55312
CHENAB,Qadirabad,04-Aug-23,59431,49431
CHENAB,Trimmu,04-Aug-23,61081,55531
CHENAB,Punjnad,04-Aug-23,148604,134504
RAVI,Thein,04-Aug-23,-,-
RAVI,Jassar,04-Aug-23,-,20900
RAVI,Shahdara,04-Aug-23,-,29317
RAVI,Balloki,04-Aug-23,42745,24995
RAVI,Sidhnai,04-Aug-23,41297,25197
SUTLEJ,Bhakara**,04-Aug-23,-,-
SUTLEJ,Sulemanki,04-Aug-23,74754,64242
SUTLEJ,Islam,04-Aug-23,66643,65743
INDUS,khairabad,05-Aug-23,-,287000
INDUS,Kalabagh,05-Aug-23,196156,188156
INDUS,Chashma,05-Aug-23,251182,247220
INDUS,Taunsa,05-Aug-23,162939,148439
INDUS,Guddu,05-Aug-23,326940,297773
INDUS,Sukkar,05-Aug-23,388026,339556
INDUS,Kotri,05-Aug-23,228583,189238
JHELUM,Kotli,05-Aug-23,-,6640
JHELUM,Mangla,05-Aug-23,45000,10000
JHELUM,Rasul,05-Aug-23,3100,-
CHENAB,Marala,05-Aug-23,82259,54336
CHENAB,Khanki,05-Aug-23,63102,55312
CHENAB,Qadirabad,05-Aug-23,59431,49431
CHENAB,Trimmu,05-Aug-23,52097,46547
CHENAB,Punjnad,05-Aug-23,148604,134504
RAVI,Thein,05-Aug-23,-,-
RAVI,Jassar,05-Aug-23,-,20900
RAVI,Shahdara,05-Aug-23,-,29317
RAVI,Balloki,05-Aug-23,42745,24995
RAVI,Sidhnai,05-Aug-23,41297,25197
SUTLEJ,Bhakara**,05-Aug-23,-,-
SUTLEJ,Sulemanki,05-Aug-23,74754,64242
SUTLEJ,Islam,05-Aug-23,66643,65743
INDUS,khairabad,05-Aug-23,-,209800
INDUS,Kalabagh,05-Aug-23,215828,207828
INDUS,Chashma,05-Aug-23,258321,253121
INDUS,Taunsa,05-Aug-23,162939,148439
INDUS,Guddu,05-Aug-23,286293,255547
INDUS,Sukkar,05-Aug-23,388026,339556
INDUS,Kotri,05-Aug-23,228583,189238
JHELUM,Kotli,05-Aug-23,-,6370
JHELUM,Mangla,05-Aug-23,55000,10000
JHELUM,Rasul,05-Aug-23,8441,5341
CHENAB,Marala,05-Aug-23,82259,54336
CHENAB,Khanki,05-Aug-23,66216,58728
CHENAB,Qadirabad,05-Aug-23,54882,44882
CHENAB,Trimmu,05-Aug-23,52605,46547
CHENAB,Punjnad,05-Aug-23,159504,145404
RAVI,Thein,05-Aug-23,-,-
RAVI,Jassar,05-Aug-23,-,23700
RAVI,Shahdara,05-Aug-23,-,29317
RAVI,Balloki,05-Aug-23,46955,29490
RAVI,Sidhnai,05-Aug-23,33556,17456
SUTLEJ,Bhakara**,05-Aug-23,-,-
SUTLEJ,Sulemanki,05-Aug-23,74754,64242
SUTLEJ,Islam,05-Aug-23,66643,65743
INDUS,khairabad,05-Aug-23,-,173700
INDUS,Kalabagh,05-Aug-23,236468,228468
INDUS,Chashma,05-Aug-23,243625,236925
INDUS,Taunsa,05-Aug-23,163639,148439
INDUS,Guddu,05-Aug-23,261400,230041
INDUS,Sukkar,05-Aug-23,370050,319540
INDUS,Kotri,05-Aug-23,228583,189238
JHELUM,Kotli,05-Aug-23,-,6100
JHELUM,Mangla,05-Aug-23,54000,10000
JHELUM,Rasul,05-Aug-23,8441,5341
CHENAB,Marala,05-Aug-23,87612,59689
CHENAB,Khanki,05-Aug-23,66263,58728
CHENAB,Qadirabad,05-Aug-23,61264,51264
CHENAB,Trimmu,05-Aug-23,55082,47462
CHENAB,Punjnad,05-Aug-23,159504,145404
RAVI,Thein,05-Aug-23,-,-
RAVI,Jassar,05-Aug-23,-,22300
RAVI,Shahdara,05-Aug-23,-,29314
RAVI,Balloki,05-Aug-23,49480,31730
RAVI,Sidhnai,05-Aug-23,33097,16497
SUTLEJ,Bhakara**,05-Aug-23,-,-
SUTLEJ,Sulemanki,05-Aug-23,69299,57931
SUTLEJ,Islam,05-Aug-23,66643,65743
INDUS,khairabad,05-Aug-23,-,170400
INDUS,Kalabagh,05-Aug-23,215828,207828
INDUS,Chashma,05-Aug-23,230662,222462
INDUS,Taunsa,05-Aug-23,163639,148439
INDUS,Guddu,05-Aug-23,161400,230041
INDUS,Sukkar,05-Aug-23,370050,319540
INDUS,Kotri,05-Aug-23,228583,189238
JHELUM,Kotli,05-Aug-23,-,5840
JHELUM,Mangla,05-Aug-23,49000,10000
JHELUM,Rasul,05-Aug-23,8441,5341
CHENAB,Marala,05-Aug-23,97612,59689
CHENAB,Khanki,05-Aug-23,65197,57662
CHENAB,Qadirabad,05-Aug-23,56541,46541
CHENAB,Trimmu,05-Aug-23,56062,47462
CHENAB,Punjnad,05-Aug-23,157381,143281
RAVI,Thein,05-Aug-23,-,-
RAVI,Jassar,05-Aug-23,-,21600
RAVI,Shahdara,05-Aug-23,-,28666
RAVI,Balloki,05-Aug-23,49480,31730
RAVI,Sidhnai,05-Aug-23,30538,13938
SUTLEJ,Bhakara**,05-Aug-23,-,-
SUTLEJ,Sulemanki,05-Aug-23,69655,57931
SUTLEJ,Islam,05-Aug-23,65374,63974
INDUS,khairabad,06-Aug-23,-,281800
INDUS,Kalabagh,06-Aug-23,210530,202530
INDUS,Chashma,06-Aug-23,258309,249359
INDUS,Taunsa,06-Aug-23,195729,180529
INDUS,Guddu,06-Aug-23,248682,219841
INDUS,Sukkar,06-Aug-23,305510,253990
INDUS,Kotri,06-Aug-23,229143,189238
JHELUM,Kotli,06-Aug-23,-,6370
JHELUM,Mangla,06-Aug-23,42000,10000
JHELUM,Rasul,06-Aug-23,3100,-
CHENAB,Marala,06-Aug-23,82259,54336
CHENAB,Khanki,06-Aug-23,65197,57662
CHENAB,Qadirabad,06-Aug-23,59431,49431
CHENAB,Trimmu,06-Aug-23,56062,47462
CHENAB,Punjnad,06-Aug-23,145932,131832
RAVI,Thein,06-Aug-23,-,-
RAVI,Jassar,06-Aug-23,-,21600
RAVI,Shahdara,06-Aug-23,-,28014
RAVI,Balloki,06-Aug-23,49480,31730
RAVI,Sidhnai,06-Aug-23,30538,13938
SUTLEJ,Bhakara**,06-Aug-23,-,-
SUTLEJ,Sulemanki,06-Aug-23,69655,57931
SUTLEJ,Islam,06-Aug-23,65374,63974
INDUS,khairabad,06-Aug-23,-,190300
INDUS,Kalabagh,06-Aug-23,225165,217165
INDUS,Chashma,06-Aug-23,259782,248582
INDUS,Taunsa,06-Aug-23,195729,180529
INDUS,Guddu,06-Aug-23,235503,204856
INDUS,Sukkar,06-Aug-23,298855,246730
INDUS,Kotri,06-Aug-23,237090,197185
JHELUM,Kotli,06-Aug-23,-,6100
JHELUM,Mangla,06-Aug-23,47000,10000
JHELUM,Rasul,06-Aug-23,8441,5341
CHENAB,Marala,06-Aug-23,76883,48983
CHENAB,Khanki,06-Aug-23,68244,60685
CHENAB,Qadirabad,06-Aug-23,59431,49431
CHENAB,Trimmu,06-Aug-23,57761,49161
CHENAB,Punjnad,06-Aug-23,140389,125989
RAVI,Thein,06-Aug-23,-,-
RAVI,Jassar,06-Aug-23,-,22300
RAVI,Shahdara,06-Aug-23,-,28014
RAVI,Balloki,06-Aug-23,49480,31730
RAVI,Sidhnai,06-Aug-23,30538,13938
SUTLEJ,Bhakara**,06-Aug-23,-,-
SUTLEJ,Sulemanki,06-Aug-23,69655,57931
SUTLEJ,Islam,06-Aug-23,63621,62221
INDUS,khairabad,06-Aug-23,-,175900
INDUS,Kalabagh,06-Aug-23,244999,236999
INDUS,Chashma,06-Aug-23,246245,233095
INDUS,Taunsa,06-Aug-23,218258,203058
INDUS,Guddu,06-Aug-23,231220,200548
INDUS,Sukkar,06-Aug-23,280770,228570
INDUS,Kotri,06-Aug-23,237090,197185
JHELUM,Kotli,06-Aug-23,-,5840
JHELUM,Mangla,06-Aug-23,41000,10000
JHELUM,Rasul,06-Aug-23,3150,Nill
CHENAB,Marala,06-Aug-23,82236,54336
CHENAB,Khanki,06-Aug-23,56002,48443
CHENAB,Qadirabad,06-Aug-23,61264,51264
CHENAB,Trimmu,06-Aug-23,59442,50842
CHENAB,Punjnad,06-Aug-23,140389,125989
RAVI,Thein,06-Aug-23,-,-
RAVI,Jassar,06-Aug-23,-,21600
RAVI,Shahdara,06-Aug-23,-,27362
RAVI,Balloki,06-Aug-23,49480,31730
RAVI,Sidhnai,06-Aug-23,30536,13938
SUTLEJ,Bhakara**,06-Aug-23,-,-
SUTLEJ,Sulemanki,06-Aug-23,63740,51918
SUTLEJ,Islam,06-Aug-23,63621,62221
INDUS,khairabad,06-Aug-23,-,174800
INDUS,Kalabagh,06-Aug-23,224211,216211
INDUS,Chashma,06-Aug-23,222401,207201
INDUS,Taunsa,06-Aug-23,218258,203058
INDUS,Guddu,06-Aug-23,231220,200548
INDUS,Sukkar,06-Aug-23,280770,228570
INDUS,Kotri,06-Aug-23,237090,197185
JHELUM,Kotli,06-Aug-23,-,5580
JHELUM,Mangla,06-Aug-23,44000,10000
JHELUM,Rasul,06-Aug-23,8491,5341
CHENAB,Marala,06-Aug-23,76883,48983
CHENAB,Khanki,06-Aug-23,46620,38952
CHENAB,Qadirabad,06-Aug-23,47139,37139
CHENAB,Trimmu,06-Aug-23,59442,50842
CHENAB,Punjnad,06-Aug-23,141189,125989
RAVI,Thein,06-Aug-23,-,-
RAVI,Jassar,06-Aug-23,-,22300
RAVI,Shahdara,06-Aug-23,-,26059
RAVI,Balloki,06-Aug-23,48360,30610
RAVI,Sidhnai,06-Aug-23,33149,16549
SUTLEJ,Bhakara**,06-Aug-23,-,-
SUTLEJ,Sulemanki,06-Aug-23,59354,47473
SUTLEJ,Islam,06-Aug-23,63621,62221
INDUS,khairabad,07-Aug-23,-,297300
INDUS,Kalabagh,07-Aug-23,223256,215256
INDUS,Chashma,07-Aug-23,271324,256124
INDUS,Taunsa,07-Aug-23,239587,224087
INDUS,Guddu,07-Aug-23,222767,191293
INDUS,Sukkar,07-Aug-23,211540,157860
INDUS,Kotri,07-Aug-23,242150,203365
JHELUM,Kotli,07-Aug-23,-,6100
JHELUM,Mangla,07-Aug-23,45000,10000
JHELUM,Rasul,07-Aug-23,3150,-
CHENAB,Marala,07-Aug-23,82236,54336
CHENAB,Khanki,07-Aug-23,56461,48793
CHENAB,Qadirabad,07-Aug-23,42355,32355
CHENAB,Trimmu,07-Aug-23,63692,55092
CHENAB,Punjnad,07-Aug-23,141189,125989
RAVI,Thein,07-Aug-23,-,-
RAVI,Jassar,07-Aug-23,-,22300
RAVI,Shahdara,07-Aug-23,-,25407
RAVI,Balloki,07-Aug-23,48360,30610
RAVI,Sidhnai,07-Aug-23,31691,15091
SUTLEJ,Bhakara**,07-Aug-23,-,-
SUTLEJ,Sulemanki,07-Aug-23,59436,47473
SUTLEJ,Islam,07-Aug-23,62751,61351
INDUS,khairabad,07-Aug-23,-,307800
INDUS,Kalabagh,07-Aug-23,235230,227230
INDUS,Chashma,07-Aug-23,274184,258984
INDUS,Taunsa,07-Aug-23,239887,224087
INDUS,Guddu,07-Aug-23,223666,191294
INDUS,Sukkar,07-Aug-23,209410,155010
INDUS,Kotri,07-Aug-23,244060,206115
JHELUM,Kotli,07-Aug-23,-,6910
JHELUM,Mangla,07-Aug-23,48000,10000
JHELUM,Rasul,07-Aug-23,3150,-
CHENAB,Marala,07-Aug-23,82386,54536
CHENAB,Khanki,07-Aug-23,63620,56097
CHENAB,Qadirabad,07-Aug-23,48037,38037
CHENAB,Trimmu,07-Aug-23,63692,55092
CHENAB,Punjnad,07-Aug-23,128341,113141
RAVI,Thein,07-Aug-23,-,-
RAVI,Jassar,07-Aug-23,-,21600
RAVI,Shahdara,07-Aug-23,-,25407
RAVI,Balloki,07-Aug-23,48360,30610
RAVI,Sidhnai,07-Aug-23,32236,15636
SUTLEJ,Bhakara**,07-Aug-23,,
SUTLEJ,Sulemanki,07-Aug-23,59436,47473
SUTLEJ,Islam,07-Aug-23,62751,61351
INDUS,khairabad,07-Aug-23,-,297300
INDUS,Kalabagh,07-Aug-23,255790,247790
INDUS,Chashma,07-Aug-23,268952,253752
INDUS,Taunsa,07-Aug-23,240387,224087
INDUS,Guddu,07-Aug-23,227218,194846
INDUS,Sukkar,07-Aug-23,209410,155010
INDUS,Kotri,07-Aug-23,244060,206115
JHELUM,Kotli,07-Aug-23,-,6340
JHELUM,Mangla,07-Aug-23,48000,10000
JHELUM,Rasul,07-Aug-23,8491,5341
CHENAB,Marala,07-Aug-23,87739,59689
CHENAB,Khanki,07-Aug-23,63644,56097
CHENAB,Qadirabad,07-Aug-23,52096,42096
CHENAB,Trimmu,07-Aug-23,63692,55092
CHENAB,Punjnad,07-Aug-23,128541,113141
RAVI,Thein,07-Aug-23,-,-
RAVI,Jassar,07-Aug-23,-,23000
RAVI,Shahdara,07-Aug-23,-,25407
RAVI,Balloki,07-Aug-23,46150,28400
RAVI,Sidhnai,07-Aug-23,32236,15636
SUTLEJ,Bhakara**,07-Aug-23,-,-
SUTLEJ,Sulemanki,07-Aug-23,59793,47473
SUTLEJ,Islam,07-Aug-23,62801,61351
INDUS,khairabad,07-Aug-23,-,190300
INDUS,Kalabagh,07-Aug-23,281270,273270
INDUS,Chashma,07-Aug-23,255915,240715
INDUS,Taunsa,07-Aug-23,240387,224087
INDUS,Guddu,07-Aug-23,227218,194846
INDUS,Sukkar,07-Aug-23,209410,155010
INDUS,Kotri,07-Aug-23,244060,206115
JHELUM,Kotli,07-Aug-23,-,6100
JHELUM,Mangla,07-Aug-23,43000,10000
JHELUM,Rasul,07-Aug-23,3150,-
CHENAB,Marala,07-Aug-23,87739,59089
CHENAB,Khanki,07-Aug-23,62045,54498
CHENAB,Qadirabad,07-Aug-23,56541,46541
CHENAB,Trimmu,07-Aug-23,63692,55092
CHENAB,Punjnad,07-Aug-23,128541,113141
RAVI,Thein,07-Aug-23,-,-
RAVI,Jassar,07-Aug-23,-,23000
RAVI,Shahdara,07-Aug-23,-,24104
RAVI,Balloki,07-Aug-23,44780,27030
RAVI,Sidhnai,07-Aug-23,34837,18137
SUTLEJ,Bhakara**,07-Aug-23,-,-
SUTLEJ,Sulemanki,07-Aug-23,59861,47473
SUTLEJ,Islam,07-Aug-23,62801,61351
INDUS,khairabad,08-Aug-23,-,280600
INDUS,Kalabagh,08-Aug-23,277451,269451
INDUS,Chashma,08-Aug-23,263443,248243
INDUS,Taunsa,08-Aug-23,245327,229027
INDUS,Guddu,08-Aug-23,265740,233368
INDUS,Sukkar,08-Aug-23,184710,130170
INDUS,Kotri,08-Aug-23,249940,211995
JHELUM,Kotli,08-Aug-23,-,6640
JHELUM,Mangla,08-Aug-23,43000,10000
JHELUM,Rasul,08-Aug-23,3150,-
CHENAB,Marala,08-Aug-23,77633,48983
CHENAB,Khanki,08-Aug-23,63644,56097
CHENAB,Qadirabad,08-Aug-23,56541,46541
CHENAB,Trimmu,08-Aug-23,63692,55092
CHENAB,Punjnad,08-Aug-23,75863,60463
RAVI,Thein,08-Aug-23,-,-
RAVI,Jassar,08-Aug-23,-,23000
RAVI,Shahdara,08-Aug-23,-,26059
RAVI,Balloki,08-Aug-23,44780,27030
RAVI,Sidhnai,08-Aug-23,36812,20112
SUTLEJ,Bhakara**,08-Aug-23,-,-
SUTLEJ,Sulemanki,08-Aug-23,57163,44775
SUTLEJ,Islam,08-Aug-23,62801,61351
INDUS,khairabad,08-Aug-23,-,287000
INDUS,Kalabagh,08-Aug-23,261284,253284
INDUS,Chashma,08-Aug-23,318105,302905
INDUS,Taunsa,08-Aug-23,245827,229027
INDUS,Guddu,08-Aug-23,266609,234237
INDUS,Sukkar,08-Aug-23,184710,130170
INDUS,Kotri,08-Aug-23,249940,211995
JHELUM,Kotli,08-Aug-23,-,6370
JHELUM,Mangla,08-Aug-23,43000,10000
JHELUM,Rasul,08-Aug-23,8491,5341
CHENAB,Marala,08-Aug-23,72280,43630
CHENAB,Khanki,08-Aug-23,65891,58260
CHENAB,Qadirabad,08-Aug-23,54882,44882
CHENAB,Trimmu,08-Aug-23,63692,55092
CHENAB,Punjnad,08-Aug-23,80250,64850
RAVI,Thein,08-Aug-23,-,-
RAVI,Jassar,08-Aug-23,-,21600
RAVI,Shahdara,08-Aug-23,-,26059
RAVI,Balloki,08-Aug-23,44780,27030
RAVI,Sidhnai,08-Aug-23,36812,20112
SUTLEJ,Bhakara**,08-Aug-23,,
SUTLEJ,Sulemanki,08-Aug-23,57163,44775
SUTLEJ,Islam,08-Aug-23,59961,58511
INDUS,khairabad,08-Aug-23,-,292100
INDUS,Kalabagh,08-Aug-23,261284,253284
INDUS,Chashma,08-Aug-23,314118,298918
INDUS,Taunsa,08-Aug-23,230280,213480
INDUS,Guddu,08-Aug-23,277612,244732
INDUS,Sukkar,08-Aug-23,184710,130170
INDUS,Kotri,08-Aug-23,251666,214421
JHELUM,Kotli,08-Aug-23,-,6100
JHELUM,Mangla,08-Aug-23,46000,10000
JHELUM,Rasul,08-Aug-23,8491,5341
CHENAB,Marala,08-Aug-23,72280,43630
CHENAB,Khanki,08-Aug-23,63728,56097
CHENAB,Qadirabad,08-Aug-23,58179,48179
CHENAB,Trimmu,08-Aug-23,66397,57797
CHENAB,Punjnad,08-Aug-23,80250,64850
RAVI,Thein,08-Aug-23,-,-
RAVI,Jassar,08-Aug-23,-,12571
RAVI,Shahdara,08-Aug-23,-,25407
RAVI,Balloki,08-Aug-23,44780,27030
RAVI,Sidhnai,08-Aug-23,36812,20112
SUTLEJ,Bhakara**,08-Aug-23,-,-
SUTLEJ,Sulemanki,08-Aug-23,57205,44775
SUTLEJ,Islam,08-Aug-23,57966,56216
INDUS,khairabad,08-Aug-23,-,281800
INDUS,Kalabagh,08-Aug-23,273378,265378
INDUS,Chashma,08-Aug-23,290160,274960
INDUS,Taunsa,08-Aug-23,230280,213480
INDUS,Guddu,08-Aug-23,277612,244732
INDUS,Sukkar,08-Aug-23,184710,130170
INDUS,Kotri,08-Aug-23,251666,214421
JHELUM,Kotli,08-Aug-23,-,5580
JHELUM,Mangla,08-Aug-23,42000,10000
JHELUM,Rasul,08-Aug-23,3150,-
CHENAB,Marala,08-Aug-23,72480,43630
CHENAB,Khanki,08-Aug-23,53985,46354
CHENAB,Qadirabad,08-Aug-23,54882,44882
CHENAB,Trimmu,08-Aug-23,66397,57797
CHENAB,Punjnad,08-Aug-23,80250,64850
RAVI,Thein,08-Aug-23,-,-
RAVI,Jassar,08-Aug-23,-,14223
RAVI,Shahdara,08-Aug-23,-,23452
RAVI,Balloki,08-Aug-23,43955,25405
RAVI,Sidhnai,08-Aug-23,36812,20112
SUTLEJ,Bhakara**,08-Aug-23,-,-
SUTLEJ,Sulemanki,08-Aug-23,57504,44775
SUTLEJ,Islam,08-Aug-23,57966,56216
INDUS,khairabad,09-Aug-23,-,261600
INDUS,Kalabagh,09-Aug-23,284330,276330
INDUS,Chashma,09-Aug-23,294509,279309
INDUS,Taunsa,09-Aug-23,236681,219881
INDUS,Guddu,09-Aug-23,290007,259106
INDUS,Sukkar,09-Aug-23,221290,166820
INDUS,Kotri,09-Aug-23,258153,220908
JHELUM,Kotli,09-Aug-23,-,8620
JHELUM,Mangla,09-Aug-23,37000,10000
JHELUM,Rasul,09-Aug-23,3150,-
CHENAB,Marala,09-Aug-23,72480,43630
CHENAB,Khanki,09-Aug-23,57154,49523
CHENAB,Qadirabad,09-Aug-23,54882,44882
CHENAB,Trimmu,09-Aug-23,67692,59092
CHENAB,Punjnad,09-Aug-23,76491,61091
RAVI,Thein,09-Aug-23,-,-
RAVI,Jassar,09-Aug-23,-,14223
RAVI,Shahdara,09-Aug-23,-,23452
RAVI,Balloki,09-Aug-23,43955,25405
RAVI,Sidhnai,09-Aug-23,39153,22453
SUTLEJ,Bhakara**,09-Aug-23,-,-
SUTLEJ,Sulemanki,09-Aug-23,57504,44775
SUTLEJ,Islam,09-Aug-23,57966,56216
INDUS,khairabad,09-Aug-23,-,181400
INDUS,Kalabagh,09-Aug-23,290733,282733
INDUS,Chashma,09-Aug-23,295508,280308
INDUS,Taunsa,09-Aug-23,236681,219881
INDUS,Guddu,09-Aug-23,299003,269072
INDUS,Sukkar,09-Aug-23,221290,166820
INDUS,Kotri,09-Aug-23,258153,220908
JHELUM,Kotli,09-Aug-23,-,6100
JHELUM,Mangla,09-Aug-23,39000,10000
JHELUM,Rasul,09-Aug-23,8491,5341
CHENAB,Marala,09-Aug-23,72480,43630
CHENAB,Khanki,09-Aug-23,54034,46354
CHENAB,Qadirabad,09-Aug-23,48037,38037
CHENAB,Trimmu,09-Aug-23,67692,59092
CHENAB,Punjnad,09-Aug-23,76491,61091
RAVI,Thein,09-Aug-23,-,-
RAVI,Jassar,09-Aug-23,-,11081
RAVI,Shahdara,09-Aug-23,-,23452
RAVI,Balloki,09-Aug-23,39865,18915
RAVI,Sidhnai,09-Aug-23,39053,22453
SUTLEJ,Bhakara**,09-Aug-23,-,-
SUTLEJ,Sulemanki,09-Aug-23,57504,44775
SUTLEJ,Islam,09-Aug-23,57966,56216
INDUS,khairabad,09-Aug-23,-,149200
INDUS,Kalabagh,09-Aug-23,265103,257103
INDUS,Chashma,09-Aug-23,302997,286577
INDUS,Taunsa,09-Aug-23,245744,228944
INDUS,Guddu,09-Aug-23,299117,269072
INDUS,Sukkar,09-Aug-23,221290,166820
INDUS,Kotri,09-Aug-23,258153,220908
JHELUM,Kotli,09-Aug-23,-,5840
JHELUM,Mangla,09-Aug-23,42000,10000
JHELUM,Rasul,09-Aug-23,3150,-
CHENAB,Marala,09-Aug-23,67127,38277
CHENAB,Khanki,09-Aug-23,50680,43000
CHENAB,Qadirabad,09-Aug-23,46073,36073
CHENAB,Trimmu,09-Aug-23,66397,57797
CHENAB,Punjnad,09-Aug-23,76491,61091
RAVI,Thein,09-Aug-23,-,-
RAVI,Jassar,09-Aug-23,-,10709
RAVI,Shahdara,09-Aug-23,-,22862
RAVI,Balloki,09-Aug-23,38025,15775
RAVI,Sidhnai,09-Aug-23,40517,23917
SUTLEJ,Bhakara**,09-Aug-23,-,-
SUTLEJ,Sulemanki,09-Aug-23,57504,44775
SUTLEJ,Islam,09-Aug-23,56321,54538
INDUS,khairabad,09-Aug-23,-,170400
INDUS,Kalabagh,09-Aug-23,214001,206001
INDUS,Chashma,09-Aug-23,291912,274892
INDUS,Taunsa,09-Aug-23,245744,228944
INDUS,Guddu,09-Aug-23,299117,269072
INDUS,Sukkar,09-Aug-23,221290,166820
INDUS,Kotri,09-Aug-23,258153,220908
JHELUM,Kotli,09-Aug-23,-,5580
JHELUM,Mangla,09-Aug-23,36000,10000
JHELUM,Rasul,09-Aug-23,8491,5341
CHENAB,Marala,09-Aug-23,77833,48983
CHENAB,Khanki,09-Aug-23,50680,43000
CHENAB,Qadirabad,09-Aug-23,43294,33294
CHENAB,Trimmu,09-Aug-23,66397,57797
CHENAB,Punjnad,09-Aug-23,69641,54241
RAVI,Thein,09-Aug-23,-,-
RAVI,Jassar,09-Aug-23,-,10709
RAVI,Shahdara,09-Aug-23,-,22862
RAVI,Balloki,09-Aug-23,37685,14835
RAVI,Sidhnai,09-Aug-23,37399,20799
SUTLEJ,Bhakara**,09-Aug-23,-,-
SUTLEJ,Sulemanki,09-Aug-23,57651,44775
SUTLEJ,Islam,09-Aug-23,56321,54538
INDUS,khairabad,10-Aug-23,-,214400
INDUS,Kalabagh,10-Aug-23,191161,183116
INDUS,Chashma,10-Aug-23,277475,261275
INDUS,Taunsa,10-Aug-23,252156,235356
INDUS,Guddu,10-Aug-23,278295,246240
INDUS,Sukkar,10-Aug-23,243595,189110
INDUS,Kotri,10-Aug-23,253534,215489
JHELUM,Kotli,10-Aug-23,-,6100
JHELUM,Mangla,10-Aug-23,36000,10000
JHELUM,Rasul,10-Aug-23,3150,-
CHENAB,Marala,10-Aug-23,77833,48983
CHENAB,Khanki,10-Aug-23,50680,43000
CHENAB,Qadirabad,10-Aug-23,43294,33294
CHENAB,Trimmu,10-Aug-23,66397,57797
CHENAB,Punjnad,10-Aug-23,69641,54241
RAVI,Thein,10-Aug-23,-,-
RAVI,Jassar,10-Aug-23,-,10709
RAVI,Shahdara,10-Aug-23,-,22322
RAVI,Balloki,10-Aug-23,37485,14835
RAVI,Sidhnai,10-Aug-23,37399,20799
SUTLEJ,Bhakara**,10-Aug-23,-,-
SUTLEJ,Sulemanki,10-Aug-23,57651,44775
SUTLEJ,Islam,10-Aug-23,54660,52877
INDUS,khairabad,10-Aug-23,-,260400
INDUS,Kalabagh,10-Aug-23,290733,282733
INDUS,Chashma,10-Aug-23,233913,217713
INDUS,Taunsa,10-Aug-23,316712,299912
INDUS,Guddu,10-Aug-23,278725,246240
INDUS,Sukkar,10-Aug-23,243595,189110
INDUS,Kotri,10-Aug-23,253534,215489
JHELUM,Kotli,10-Aug-23,-,5840
JHELUM,Mangla,10-Aug-23,33000,10000
JHELUM,Rasul,10-Aug-23,3150,-
CHENAB,Marala,10-Aug-23,77833,48983
CHENAB,Khanki,10-Aug-23,54034,46354
CHENAB,Qadirabad,10-Aug-23,42355,32355
CHENAB,Trimmu,10-Aug-23,66397,57797
CHENAB,Punjnad,10-Aug-23,69641,54241
RAVI,Thein,10-Aug-23,-,-
RAVI,Jassar,10-Aug-23,-,10709
RAVI,Shahdara,10-Aug-23,-,22322
RAVI,Balloki,10-Aug-23,37685,14835
RAVI,Sidhnai,10-Aug-23,37499,20799
SUTLEJ,Bhakara**,10-Aug-23,-,-
SUTLEJ,Sulemanki,10-Aug-23,55823,42947
SUTLEJ,Islam,10-Aug-23,53017,51234
INDUS,khairabad,10-Aug-23,-,170400
INDUS,Kalabagh,10-Aug-23,234419,226419
INDUS,Chashma,10-Aug-23,212964,195194
INDUS,Taunsa,10-Aug-23,317712,299912
INDUS,Guddu,10-Aug-23,280880,246240
INDUS,Sukkar,10-Aug-23,245505,191020
INDUS,Kotri,10-Aug-23,253534,215489
JHELUM,Kotli,10-Aug-23,-,5580
JHELUM,Mangla,10-Aug-23,41000,10000
JHELUM,Rasul,10-Aug-23,3150,-
CHENAB,Marala,10-Aug-23,77883,48983
CHENAB,Khanki,10-Aug-23,57552,49872
CHENAB,Qadirabad,10-Aug-23,46073,36073
CHENAB,Trimmu,10-Aug-23,68951,60351
CHENAB,Punjnad,10-Aug-23,69641,54241
RAVI,Thein,10-Aug-23,-,-
RAVI,Jassar,10-Aug-23,-,10709
RAVI,Shahdara,10-Aug-23,-,21756
RAVI,Balloki,10-Aug-23,39925,17075
RAVI,Sidhnai,10-Aug-23,37499,20799
SUTLEJ,Bhakara**,10-Aug-23,-,-
SUTLEJ,Sulemanki,10-Aug-23,59828,46703
SUTLEJ,Islam,10-Aug-23,53017,51234
INDUS,khairabad,10-Aug-23,-,173700
INDUS,Kalabagh,10-Aug-23,234419,226419
INDUS,Chashma,10-Aug-23,213435,194095
INDUS,Taunsa,10-Aug-23,317712,299912
INDUS,Guddu,10-Aug-23,280880,246240
INDUS,Sukkar,10-Aug-23,245505,191020
INDUS,Kotri,10-Aug-23,253534,215489
JHELUM,Kotli,10-Aug-23,-,5070
JHELUM,Mangla,10-Aug-23,39000,10000
JHELUM,Rasul,10-Aug-23,3150,-
CHENAB,Marala,10-Aug-23,83236,54336
CHENAB,Khanki,10-Aug-23,50777,43000
CHENAB,Qadirabad,10-Aug-23,48037,38037
CHENAB,Trimmu,10-Aug-23,68951,60351
CHENAB,Punjnad,10-Aug-23,69641,54241
RAVI,Thein,10-Aug-23,-,-
RAVI,Jassar,10-Aug-23,-,16700
RAVI,Shahdara,10-Aug-23,-,21756
RAVI,Balloki,10-Aug-23,39925,17075
RAVI,Sidhnai,10-Aug-23,35555,18855
SUTLEJ,Bhakara**,10-Aug-23,-,-
SUTLEJ,Sulemanki,10-Aug-23,59828,46703
SUTLEJ,Islam,10-Aug-23,51590,49607
INDUS,khairabad,11-Aug-23,-,222700
INDUS,Kalabagh,11-Aug-23,225210,217210
INDUS,Chashma,11-Aug-23,245730,224680
INDUS,Taunsa,11-Aug-23,310873,293073
INDUS,Guddu,11-Aug-23,277541,244409
INDUS,Sukkar,11-Aug-23,233995,179510
INDUS,Kotri,11-Aug-23,246877,207512
JHELUM,Kotli,11-Aug-23,-,5580
JHELUM,Mangla,11-Aug-23,30000,10000
JHELUM,Rasul,11-Aug-23,3150,-
CHENAB,Marala,11-Aug-23,83236,54336
CHENAB,Khanki,11-Aug-23,54769,46992
CHENAB,Qadirabad,11-Aug-23,43294,33294
CHENAB,Trimmu,11-Aug-23,68951,60351
CHENAB,Punjnad,11-Aug-23,69641,54241
RAVI,Thein,11-Aug-23,-,-
RAVI,Jassar,11-Aug-23,-,16700
RAVI,Shahdara,11-Aug-23,-,23452
RAVI,Balloki,11-Aug-23,38805,15955
RAVI,Sidhnai,11-Aug-23,35755,18855
SUTLEJ,Bhakara**,11-Aug-23,-,-
SUTLEJ,Sulemanki,11-Aug-23,59363,46703
SUTLEJ,Islam,11-Aug-23,51590,49607
INDUS,khairabad,11-Aug-23,-,271700
INDUS,Kalabagh,11-Aug-23,204019,196019
INDUS,Chashma,11-Aug-23,248423,224835
INDUS,Taunsa,11-Aug-23,311173,293073
INDUS,Guddu,11-Aug-23,278158,245326
INDUS,Sukkar,11-Aug-23,233995,179510
INDUS,Kotri,11-Aug-23,233847,194482
JHELUM,Kotli,11-Aug-23,-,5330
JHELUM,Mangla,11-Aug-23,32000,10000
JHELUM,Rasul,11-Aug-23,8491,5341
CHENAB,Marala,11-Aug-23,77883,48983
CHENAB,Khanki,11-Aug-23,57672,49872
CHENAB,Qadirabad,11-Aug-23,42355,32355
CHENAB,Trimmu,11-Aug-23,70829,62229
CHENAB,Punjnad,11-Aug-23,69641,54241
RAVI,Thein,11-Aug-23,-,-
RAVI,Jassar,11-Aug-23,-,22300
RAVI,Shahdara,11-Aug-23,-,23452
RAVI,Balloki,11-Aug-23,38805,15955
RAVI,Sidhnai,11-Aug-23,32128,15228
SUTLEJ,Bhakara**,11-Aug-23,,
SUTLEJ,Sulemanki,11-Aug-23,59363,46703
SUTLEJ,Islam,11-Aug-23,49981,47998
INDUS,khairabad,11-Aug-23,-,225000
INDUS,Kalabagh,11-Aug-23,245953,237953
INDUS,Chashma,11-Aug-23,214529,189561
INDUS,Taunsa,11-Aug-23,260315,242215
INDUS,Guddu,11-Aug-23,283501,251269
INDUS,Sukkar,11-Aug-23,333935,179510
INDUS,Kotri,11-Aug-23,225654,186289
JHELUM,Kotli,11-Aug-23,-,5070
JHELUM,Mangla,11-Aug-23,36000,10000
JHELUM,Rasul,11-Aug-23,3150,-
CHENAB,Marala,11-Aug-23,72530,43630
CHENAB,Khanki,11-Aug-23,57672,49872
CHENAB,Qadirabad,11-Aug-23,48925,38925
CHENAB,Trimmu,11-Aug-23,71629,62229
CHENAB,Punjnad,11-Aug-23,69641,54241
RAVI,Thein,11-Aug-23,-,-
RAVI,Jassar,11-Aug-23,-,25560
RAVI,Shahdara,11-Aug-23,-,24104
RAVI,Balloki,11-Aug-23,38805,15955
RAVI,Sidhnai,11-Aug-23,30199,13299
SUTLEJ,Bhakara**,11-Aug-23,,
SUTLEJ,Sulemanki,11-Aug-23,59519,46703
SUTLEJ,Islam,11-Aug-23,49981,47998
INDUS,khairabad,11-Aug-23,-,298600
INDUS,Kalabagh,11-Aug-23,204974,196974
INDUS,Chashma,11-Aug-23,200988,174673
INDUS,Taunsa,11-Aug-23,260315,242215
INDUS,Guddu,11-Aug-23,283501,251269
INDUS,Sukkar,11-Aug-23,233995,179510
INDUS,Kotri,11-Aug-23,225654,186289
JHELUM,Kotli,11-Aug-23,-,4830
JHELUM,Mangla,11-Aug-23,32000,10000
JHELUM,Rasul,11-Aug-23,8491,5341
CHENAB,Marala,11-Aug-23,72530,43030
CHENAB,Khanki,11-Aug-23,50657,42750
CHENAB,Qadirabad,11-Aug-23,48925,38925
CHENAB,Trimmu,11-Aug-23,71183,60804
CHENAB,Punjnad,11-Aug-23,69741,54241
RAVI,Thein,11-Aug-23,-,-
RAVI,Jassar,11-Aug-23,-,27420
RAVI,Shahdara,11-Aug-23,-,29317
RAVI,Balloki,11-Aug-23,38805,16995
RAVI,Sidhnai,11-Aug-23,26807,9907
SUTLEJ,Bhakara**,11-Aug-23,-,-
SUTLEJ,Sulemanki,11-Aug-23,59519,46703
SUTLEJ,Islam,11-Aug-23,43726,41743
INDUS,khairabad,12-Aug-23,-,260400
INDUS,Kalabagh,12-Aug-23,236329,228329
INDUS,Chashma,12-Aug-23,199649,173334
INDUS,Taunsa,12-Aug-23,242090,223990
INDUS,Guddu,12-Aug-23,283251,251269
INDUS,Sukkar,12-Aug-23,236997,182597
INDUS,Kotri,12-Aug-23,225654,186289
JHELUM,Kotli,12-Aug-23,-,5070
JHELUM,Mangla,12-Aug-23,34000,10000
JHELUM,Rasul,12-Aug-23,3150,-
CHENAB,Marala,12-Aug-23,73130,43630
CHENAB,Khanki,12-Aug-23,49851,41914
CHENAB,Qadirabad,12-Aug-23,48925,38925
CHENAB,Trimmu,12-Aug-23,63163,52563
CHENAB,Punjnad,12-Aug-23,76591,61091
RAVI,Thein,12-Aug-23,-,-
RAVI,Jassar,12-Aug-23,-,27420
RAVI,Shahdara,12-Aug-23,-,30692
RAVI,Balloki,12-Aug-23,39925,17075
RAVI,Sidhnai,12-Aug-23,25514,8614
SUTLEJ,Bhakara**,12-Aug-23,-,-
SUTLEJ,Sulemanki,12-Aug-23,59578,46703
SUTLEJ,Islam,12-Aug-23,43726,41743
INDUS,khairabad,12-Aug-23,-,289600
INDUS,Kalabagh,12-Aug-23,248818,240818
INDUS,Chashma,12-Aug-23,199649,170385
INDUS,Taunsa,12-Aug-23,226748,208648
INDUS,Guddu,12-Aug-23,283683,251269
INDUS,Sukkar,12-Aug-23,236997,182597
INDUS,Kotri,12-Aug-23,203490,163285
JHELUM,Kotli,12-Aug-23,-,5330
JHELUM,Mangla,12-Aug-23,32000,10000
JHELUM,Rasul,12-Aug-23,3150,-
CHENAB,Marala,12-Aug-23,67777,38277
CHENAB,Khanki,12-Aug-23,49889,41914
CHENAB,Qadirabad,12-Aug-23,42355,32355
CHENAB,Trimmu,12-Aug-23,57931,47331
CHENAB,Punjnad,12-Aug-23,76591,61091
RAVI,Thein,12-Aug-23,-,-
RAVI,Jassar,12-Aug-23,-,21600
RAVI,Shahdara,12-Aug-23,-,30692
RAVI,Balloki,12-Aug-23,41049,18915
RAVI,Sidhnai,12-Aug-23,24272,7372
SUTLEJ,Bhakara**,12-Aug-23,-,-
SUTLEJ,Sulemanki,12-Aug-23,59578,46703
SUTLEJ,Islam,12-Aug-23,40790,38726
INDUS,khairabad,12-Aug-23,-,274200
INDUS,Kalabagh,12-Aug-23,255404,247404
INDUS,Chashma,12-Aug-23,208887,183987
INDUS,Taunsa,12-Aug-23,207953,189853
INDUS,Guddu,12-Aug-23,283081,251269
INDUS,Sukkar,12-Aug-23,236997,182597
INDUS,Kotri,12-Aug-23,193270,153065
JHELUM,Kotli,12-Aug-23,-,5070
JHELUM,Mangla,12-Aug-23,33000,10000
JHELUM,Rasul,12-Aug-23,8491,5341
CHENAB,Marala,12-Aug-23,73130,43630
CHENAB,Khanki,12-Aug-23,52550,44550
CHENAB,Qadirabad,12-Aug-23,41394,31394
CHENAB,Trimmu,12-Aug-23,54225,42381
CHENAB,Punjnad,12-Aug-23,76591,61091
RAVI,Thein,12-Aug-23,-,-
RAVI,Jassar,12-Aug-23,-,16700
RAVI,Shahdara,12-Aug-23,-,32861
RAVI,Balloki,12-Aug-23,41045,18195
RAVI,Sidhnai,12-Aug-23,23163,5763
SUTLEJ,Bhakara**,12-Aug-23,-,-
SUTLEJ,Sulemanki,12-Aug-23,56162,43095
SUTLEJ,Islam,12-Aug-23,39229,37246
INDUS,khairabad,12-Aug-23,-,200500
INDUS,Kalabagh,12-Aug-23,255404,247404
INDUS,Chashma,12-Aug-23,259381,236181
INDUS,Taunsa,12-Aug-23,207953,189853
INDUS,Guddu,12-Aug-23,283081,251269
INDUS,Sukkar,12-Aug-23,236997,182597
INDUS,Kotri,12-Aug-23,193270,153065
JHELUM,Kotli,12-Aug-23,-,4830
JHELUM,Mangla,12-Aug-23,33000,10000
JHELUM,Rasul,12-Aug-23,3150,-
CHENAB,Marala,12-Aug-23,73530,43630
CHENAB,Khanki,12-Aug-23,50064,41914
CHENAB,Qadirabad,12-Aug-23,43294,33294
CHENAB,Trimmu,12-Aug-23,55672,42381
CHENAB,Punjnad,12-Aug-23,76691,61091
RAVI,Thein,12-Aug-23,-,-
RAVI,Jassar,12-Aug-23,-,15461
RAVI,Shahdara,12-Aug-23,-,33585
RAVI,Balloki,12-Aug-23,42160,19310
RAVI,Sidhnai,12-Aug-23,23163,5763
SUTLEJ,Bhakara**,12-Aug-23,-,-
SUTLEJ,Sulemanki,12-Aug-23,56162,43095
SUTLEJ,Islam,12-Aug-23,37769,35786
INDUS,khairabad,13-Aug-23,-,200500
INDUS,Kalabagh,13-Aug-23,250630,242630
INDUS,Chashma,13-Aug-23,289805,267865
INDUS,Taunsa,13-Aug-23,204914,186814
INDUS,Guddu,13-Aug-23,282946,251269
INDUS,Sukkar,13-Aug-23,240745,186695
INDUS,Kotri,13-Aug-23,183522,143317
JHELUM,Kotli,13-Aug-23,-,4590
JHELUM,Mangla,13-Aug-23,29000,10000
JHELUM,Rasul,13-Aug-23,3150,-
CHENAB,Marala,13-Aug-23,78883,48983
CHENAB,Khanki,13-Aug-23,50064,41914
CHENAB,Qadirabad,13-Aug-23,43994,33294
CHENAB,Trimmu,13-Aug-23,55981,42381
CHENAB,Punjnad,13-Aug-23,76691,61091
RAVI,Thein,13-Aug-23,-,-
RAVI,Jassar,13-Aug-23,-,15468
RAVI,Shahdara,13-Aug-23,-,30692
RAVI,Balloki,13-Aug-23,42160,19310
RAVI,Sidhnai,13-Aug-23,25400,8000
SUTLEJ,Bhakara**,13-Aug-23,-,-
SUTLEJ,Sulemanki,13-Aug-23,56260,43095
SUTLEJ,Islam,13-Aug-23,37769,35786
INDUS,khairabad,13-Aug-23,-,274200
INDUS,Kalabagh,13-Aug-23,244999,236999
INDUS,Chashma,13-Aug-23,323235,302035
INDUS,Taunsa,13-Aug-23,196312,178212
INDUS,Guddu,13-Aug-23,319856,289179
INDUS,Sukkar,13-Aug-23,240745,186695
INDUS,Kotri,13-Aug-23,183522,143317
JHELUM,Kotli,13-Aug-23,-,5070
JHELUM,Mangla,13-Aug-23,29000,10000
JHELUM,Rasul,13-Aug-23,3150,-
CHENAB,Marala,13-Aug-23,73530,43630
CHENAB,Khanki,13-Aug-23,50870,42720
CHENAB,Qadirabad,13-Aug-23,41394,31394
CHENAB,Trimmu,13-Aug-23,57694,44094
CHENAB,Punjnad,13-Aug-23,76691,61091
RAVI,Thein,13-Aug-23,-,-
RAVI,Jassar,13-Aug-23,-,14223
RAVI,Shahdara,13-Aug-23,-,29317
RAVI,Balloki,13-Aug-23,42160,19310
RAVI,Sidhnai,13-Aug-23,25400,8000
SUTLEJ,Bhakara**,13-Aug-23,-,-
SUTLEJ,Sulemanki,13-Aug-23,56260,43095
SUTLEJ,Islam,13-Aug-23,37769,35786
INDUS,khairabad,13-Aug-23,-,265500
INDUS,Kalabagh,13-Aug-23,256755,248755
INDUS,Chashma,13-Aug-23,310268,289068
INDUS,Taunsa,13-Aug-23,184786,166686
INDUS,Guddu,13-Aug-23,319556,289179
INDUS,Sukkar,13-Aug-23,240745,186695
INDUS,Kotri,13-Aug-23,183522,143317
JHELUM,Kotli,13-Aug-23,-,5070
JHELUM,Mangla,13-Aug-23,29000,10000
JHELUM,Rasul,13-Aug-23,8491,5341
CHENAB,Marala,13-Aug-23,78883,48983
CHENAB,Khanki,13-Aug-23,54504,46354
CHENAB,Qadirabad,13-Aug-23,41394,31394
CHENAB,Trimmu,13-Aug-23,57694,44094
CHENAB,Punjnad,13-Aug-23,76691,61091
RAVI,Thein,13-Aug-23,-,-
RAVI,Jassar,13-Aug-23,-,20200
RAVI,Shahdara,13-Aug-23,-,28666
RAVI,Balloki,13-Aug-23,42160,19310
RAVI,Sidhnai,13-Aug-23,25400,8000
SUTLEJ,Bhakara**,13-Aug-23,-,-
SUTLEJ,Sulemanki,13-Aug-23,51197,38032
SUTLEJ,Islam,13-Aug-23,36535,34352
INDUS,khairabad,13-Aug-23,-,181400
INDUS,Kalabagh,13-Aug-23,256755,248755
INDUS,Chashma,13-Aug-23,279016,257816
INDUS,Taunsa,13-Aug-23,184786,166686
INDUS,Guddu,13-Aug-23,319556,289179
INDUS,Sukkar,13-Aug-23,240745,186695
INDUS,Kotri,13-Aug-23,183522,143317
JHELUM,Kotli,13-Aug-23,-,5330
JHELUM,Mangla,13-Aug-23,28000,10000
JHELUM,Rasul,13-Aug-23,3150,-
CHENAB,Marala,13-Aug-23,84236,54336
CHENAB,Khanki,13-Aug-23,57171,48972
CHENAB,Qadirabad,13-Aug-23,46073,36073
CHENAB,Trimmu,13-Aug-23,57694,44094
CHENAB,Punjnad,13-Aug-23,76691,61091
RAVI,Thein,13-Aug-23,-,-
RAVI,Jassar,13-Aug-23,-,23700
RAVI,Shahdara,13-Aug-23,-,28666
RAVI,Balloki,13-Aug-23,42160,19310
RAVI,Sidhnai,13-Aug-23,25700,8000
SUTLEJ,Bhakara**,13-Aug-23,-,-
SUTLEJ,Sulemanki,13-Aug-23,51374,37964
SUTLEJ,Islam,13-Aug-23,36535,34352
INDUS,khairabad,14-Aug-23,-,238200
INDUS,Kalabagh,14-Aug-23,256755,248755
INDUS,Chashma,14-Aug-23,270419,249219
INDUS,Taunsa,14-Aug-23,179040,160940
INDUS,Guddu,14-Aug-23,282754,251842
INDUS,Sukkar,14-Aug-23,244717,190212
INDUS,Kotri,14-Aug-23,183522,143317
JHELUM,Kotli,14-Aug-23,-,5580
JHELUM,Mangla,14-Aug-23,29000,10000
JHELUM,Rasul,14-Aug-23,3150,-
CHENAB,Marala,14-Aug-23,78883,48983
CHENAB,Khanki,14-Aug-23,54553,46354
CHENAB,Qadirabad,14-Aug-23,46073,36073
CHENAB,Trimmu,14-Aug-23,61467,47867
CHENAB,Punjnad,14-Aug-23,76691,61091
RAVI,Thein,14-Aug-23,-,-
RAVI,Jassar,14-Aug-23,-,24940
RAVI,Shahdara,14-Aug-23,-,29969
RAVI,Balloki,14-Aug-23,42160,19310
RAVI,Sidhnai,14-Aug-23,26680,8980
SUTLEJ,Bhakara**,14-Aug-23,-,-
SUTLEJ,Sulemanki,14-Aug-23,51347,37964
SUTLEJ,Islam,14-Aug-23,36535,34352
INDUS,khairabad,14-Aug-23,-,279300
INDUS,Kalabagh,14-Aug-23,244999,236999
INDUS,Chashma,14-Aug-23,271231,250031
INDUS,Taunsa,14-Aug-23,179040,160940
INDUS,Guddu,14-Aug-23,282514,251842
INDUS,Sukkar,14-Aug-23,244717,190212
INDUS,Kotri,14-Aug-23,180305,140100
JHELUM,Kotli,14-Aug-23,-,5070
JHELUM,Mangla,14-Aug-23,29000,10000
JHELUM,Rasul,14-Aug-23,3150,-
CHENAB,Marala,14-Aug-23,84236,54336
CHENAB,Khanki,14-Aug-23,57722,49523
CHENAB,Qadirabad,14-Aug-23,48925,38925
CHENAB,Trimmu,14-Aug-23,61467,47867
CHENAB,Punjnad,14-Aug-23,76691,61091
RAVI,Thein,14-Aug-23,-,-
RAVI,Jassar,14-Aug-23,-,20200
RAVI,Shahdara,14-Aug-23,-,29969
RAVI,Balloki,14-Aug-23,42160,19310
RAVI,Sidhnai,14-Aug-23,27310,9610
SUTLEJ,Bhakara**,14-Aug-23,-,-
SUTLEJ,Sulemanki,14-Aug-23,51415,38032
SUTLEJ,Islam,14-Aug-23,36535,34352
INDUS,khairabad,14-Aug-23,-,284400
INDUS,Kalabagh,14-Aug-23,252926,244926
INDUS,Chashma,14-Aug-23,276670,255470
INDUS,Taunsa,14-Aug-23,215999,197899
INDUS,Guddu,14-Aug-23,282514,251842
INDUS,Sukkar,14-Aug-23,244717,190212
INDUS,Kotri,14-Aug-23,180305,140100
JHELUM,Kotli,14-Aug-23,-,5330
JHELUM,Mangla,14-Aug-23,35000,10000
JHELUM,Rasul,14-Aug-23,8491,5341
CHENAB,Marala,14-Aug-23,89589,59689
CHENAB,Khanki,14-Aug-23,61069,52870
CHENAB,Qadirabad,14-Aug-23,51926,41926
CHENAB,Trimmu,14-Aug-23,61467,47867
CHENAB,Punjnad,14-Aug-23,76691,61091
RAVI,Thein,14-Aug-23,-,-
RAVI,Jassar,14-Aug-23,-,21600
RAVI,Shahdara,14-Aug-23,-,31415
RAVI,Balloki,14-Aug-23,42160,19310
RAVI,Sidhnai,14-Aug-23,27310,9610
SUTLEJ,Bhakara**,14-Aug-23,-,-
SUTLEJ,Sulemanki,14-Aug-23,45516,32133
SUTLEJ,Islam,14-Aug-23,36535,34352
INDUS,khairabad,14-Aug-23,-,179200
INDUS,Kalabagh,14-Aug-23,252926,244926
INDUS,Chashma,14-Aug-23,277482,256282
INDUS,Taunsa,14-Aug-23,215999,197899
INDUS,Guddu,14-Aug-23,282514,251842
INDUS,Sukkar,14-Aug-23,244717,190212
INDUS,Kotri,14-Aug-23,180305,140100
JHELUM,Kotli,14-Aug-23,-,8330
JHELUM,Mangla,14-Aug-23,58000,10000
JHELUM,Rasul,14-Aug-23,3100,-
CHENAB,Marala,14-Aug-23,94942,65042
CHENAB,Khanki,14-Aug-23,64296,56097
CHENAB,Qadirabad,14-Aug-23,56541,46541
CHENAB,Trimmu,14-Aug-23,61467,47867
CHENAB,Punjnad,14-Aug-23,76691,61091
RAVI,Thein,14-Aug-23,-,-
RAVI,Jassar,14-Aug-23,-,23700
RAVI,Shahdara,14-Aug-23,-,31415
RAVI,Balloki,14-Aug-23,42310,19310
RAVI,Sidhnai,14-Aug-23,29230,11530
SUTLEJ,Bhakara**,14-Aug-23,-,-
SUTLEJ,Sulemanki,14-Aug-23,45516,32133
SUTLEJ,Islam,14-Aug-23,36535,34352
INDUS,khairabad,15-Aug-23,-,237000
INDUS,Kalabagh,15-Aug-23,254835,246835
INDUS,Chashma,15-Aug-23,258407,237207
INDUS,Taunsa,15-Aug-23,235313,217213
INDUS,Guddu,15-Aug-23,234546,203414
INDUS,Sukkar,15-Aug-23,237705,182650
INDUS,Kotri,15-Aug-23,180305,140100
JHELUM,Kotli,15-Aug-23,-,7750
JHELUM,Mangla,15-Aug-23,38000,10000
JHELUM,Rasul,15-Aug-23,8441,5341
CHENAB,Marala,15-Aug-23,94942,65042
CHENAB,Khanki,15-Aug-23,66321,58260
CHENAB,Qadirabad,15-Aug-23,51926,41926
CHENAB,Trimmu,15-Aug-23,61467,47867
CHENAB,Punjnad,15-Aug-23,76691,61091
RAVI,Thein,15-Aug-23,-,-
RAVI,Jassar,15-Aug-23,-,23700
RAVI,Shahdara,15-Aug-23,-,31415
RAVI,Balloki,15-Aug-23,42310,19310
RAVI,Sidhnai,15-Aug-23,28559,10859
SUTLEJ,Bhakara**,15-Aug-23,-,-
SUTLEJ,Sulemanki,15-Aug-23,45516,32133
SUTLEJ,Islam,15-Aug-23,36535,34352
INDUS,khairabad,15-Aug-23,-,269100
INDUS,Kalabagh,15-Aug-23,254835,246835
INDUS,Chashma,15-Aug-23,264133,242933
INDUS,Taunsa,15-Aug-23,235313,217213
INDUS,Guddu,15-Aug-23,214833,183201
INDUS,Sukkar,15-Aug-23,237705,182650
INDUS,Kotri,15-Aug-23,173388,132903
JHELUM,Kotli,15-Aug-23,-,7750
JHELUM,Mangla,15-Aug-23,38000,10000
JHELUM,Rasul,15-Aug-23,8241,5341
CHENAB,Marala,15-Aug-23,94942,64942
CHENAB,Khanki,15-Aug-23,69196,61135
CHENAB,Qadirabad,15-Aug-23,58398,48398
CHENAB,Trimmu,15-Aug-23,61467,47867
CHENAB,Punjnad,15-Aug-23,70307,54707
RAVI,Thein,15-Aug-23,-,-
RAVI,Jassar,15-Aug-23,-,33850
RAVI,Shahdara,15-Aug-23,-,31415
RAVI,Balloki,15-Aug-23,42310,19310
RAVI,Sidhnai,15-Aug-23,29801,12101
SUTLEJ,Bhakara**,15-Aug-23,,
SUTLEJ,Sulemanki,15-Aug-23,45370,32133
SUTLEJ,Islam,15-Aug-23,36535,34352
INDUS,khairabad,15-Aug-23,-,261600
INDUS,Kalabagh,15-Aug-23,255790,247790
INDUS,Chashma,15-Aug-23,277623,256423
INDUS,Taunsa,15-Aug-23,235313,217213
INDUS,Guddu,15-Aug-23,214833,183201
INDUS,Sukkar,15-Aug-23,228925,174050
INDUS,Kotri,15-Aug-23,173388,132903
JHELUM,Kotli,15-Aug-23,-,7470
JHELUM,Mangla,15-Aug-23,35000,10000
JHELUM,Rasul,15-Aug-23,2900,Nil
CHENAB,Marala,15-Aug-23,90454,65042
CHENAB,Khanki,15-Aug-23,72652,64591
CHENAB,Qadirabad,15-Aug-23,60236,50236
CHENAB,Trimmu,15-Aug-23,55247,41647
CHENAB,Punjnad,15-Aug-23,70307,54707
RAVI,Thein,15-Aug-23,-,-
RAVI,Jassar,15-Aug-23,-,34640
RAVI,Shahdara,15-Aug-23,-,30692
RAVI,Balloki,15-Aug-23,43430,20430
RAVI,Sidhnai,15-Aug-23,29415,11515
SUTLEJ,Bhakara**,15-Aug-23,-,-
SUTLEJ,Sulemanki,15-Aug-23,45496,32133
SUTLEJ,Islam,15-Aug-23,36335,34352
INDUS,khairabad,15-Aug-23,-,178100
INDUS,Kalabagh,15-Aug-23,274333,266333
INDUS,Chashma,15-Aug-23,288904,267704
INDUS,Taunsa,15-Aug-23,235513,217213
INDUS,Guddu,15-Aug-23,214833,183201
INDUS,Sukkar,15-Aug-23,228925,174050
INDUS,Kotri,15-Aug-23,173388,132903
JHELUM,Kotli,15-Aug-23,-,7190
JHELUM,Mangla,15-Aug-23,36000,10000
JHELUM,Rasul,15-Aug-23,8291,5341
CHENAB,Marala,15-Aug-23,79689,59689
CHENAB,Khanki,15-Aug-23,72753,64591
CHENAB,Qadirabad,15-Aug-23,64104,54101
CHENAB,Trimmu,15-Aug-23,55247,41647
CHENAB,Punjnad,15-Aug-23,70307,54707
RAVI,Thein,15-Aug-23,-,-
RAVI,Jassar,15-Aug-23,-,33850
RAVI,Shahdara,15-Aug-23,-,32138
RAVI,Balloki,15-Aug-23,43430,20430
RAVI,Sidhnai,15-Aug-23,29415,11515
SUTLEJ,Bhakara**,15-Aug-23,-,-
SUTLEJ,Sulemanki,15-Aug-23,45496,32133
SUTLEJ,Islam,15-Aug-23,36435,34352
INDUS,khairabad,16-Aug-23,-,288300
INDUS,Kalabagh,16-Aug-23,275288,267288
INDUS,Chashma,16-Aug-23,282100,260900
INDUS,Taunsa,16-Aug-23,236213,217213
INDUS,Guddu,16-Aug-23,214833,183201
INDUS,Sukkar,16-Aug-23,186582,131432
INDUS,Kotri,16-Aug-23,173388,132903
JHELUM,Kotli,16-Aug-23,-,6910
JHELUM,Mangla,16-Aug-23,36000,10000
JHELUM,Rasul,16-Aug-23,2950,-
CHENAB,Marala,16-Aug-23,74336,54336
CHENAB,Khanki,16-Aug-23,69297,61135
CHENAB,Qadirabad,16-Aug-23,64101,54101
CHENAB,Trimmu,16-Aug-23,55247,41647
CHENAB,Punjnad,16-Aug-23,70307,54707
RAVI,Thein,16-Aug-23,-,-
RAVI,Jassar,16-Aug-23,-,29900
RAVI,Shahdara,16-Aug-23,-,36477
RAVI,Balloki,16-Aug-23,44190,23790
RAVI,Sidhnai,16-Aug-23,30001,12101
SUTLEJ,Bhakara**,16-Aug-23,-,-
SUTLEJ,Sulemanki,16-Aug-23,45597,32133
SUTLEJ,Islam,16-Aug-23,33606,31523
INDUS,khairabad,16-Aug-23,-,288300
INDUS,Kalabagh,16-Aug-23,263194,255194
INDUS,Chashma,16-Aug-23,291574,270374
INDUS,Taunsa,16-Aug-23,236213,217213
INDUS,Guddu,16-Aug-23,214375,183201
INDUS,Sukkar,16-Aug-23,186582,131432
INDUS,Kotri,16-Aug-23,173388,132903
JHELUM,Kotli,16-Aug-23,-,6370
JHELUM,Mangla,16-Aug-23,38000,10000
JHELUM,Rasul,16-Aug-23,2950,-
CHENAB,Marala,16-Aug-23,69133,48983
CHENAB,Khanki,16-Aug-23,72753,64591
CHENAB,Qadirabad,16-Aug-23,64101,54101
CHENAB,Trimmu,16-Aug-23,55247,41647
CHENAB,Punjnad,16-Aug-23,70307,54707
RAVI,Thein,16-Aug-23,-,-
RAVI,Jassar,16-Aug-23,-,28040
RAVI,Shahdara,16-Aug-23,-,36477
RAVI,Balloki,16-Aug-23,45170,25170
RAVI,Sidhnai,16-Aug-23,30001,12101
SUTLEJ,Bhakara**,16-Aug-23,,
SUTLEJ,Sulemanki,16-Aug-23,45597,32133
SUTLEJ,Islam,16-Aug-23,33606,31523
INDUS,khairabad,16-Aug-23,-,283100
INDUS,Kalabagh,16-Aug-23,263194,255194
INDUS,Chashma,16-Aug-23,269092,245823
INDUS,Taunsa,16-Aug-23,232962,213962
INDUS,Guddu,16-Aug-23,214078,183201
INDUS,Sukkar,16-Aug-23,186582,131432
INDUS,Kotri,16-Aug-23,173388,132903
JHELUM,Kotli,16-Aug-23,-,6100
JHELUM,Mangla,16-Aug-23,28000,10000
JHELUM,Rasul,16-Aug-23,2950,-
CHENAB,Marala,16-Aug-23,69133,48883
CHENAB,Khanki,16-Aug-23,64333,56097
CHENAB,Qadirabad,16-Aug-23,64101,54101
CHENAB,Trimmu,16-Aug-23,55247,41647
CHENAB,Punjnad,16-Aug-23,70307,54707
RAVI,Thein,16-Aug-23,-,-
RAVI,Jassar,16-Aug-23,-,26800
RAVI,Shahdara,16-Aug-23,-,35754
RAVI,Balloki,16-Aug-23,46290,26290
RAVI,Sidhnai,16-Aug-23,30001,12101
SUTLEJ,Bhakara**,16-Aug-23,-,-
SUTLEJ,Sulemanki,16-Aug-23,51129,37463
SUTLEJ,Islam,16-Aug-23,33206,31523
INDUS,khairabad,16-Aug-23,-,183600
INDUS,Kalabagh,16-Aug-23,272733,264733
INDUS,Chashma,16-Aug-23,243515,219767
INDUS,Taunsa,16-Aug-23,232962,213962
INDUS,Guddu,16-Aug-23,214078,183201
INDUS,Sukkar,16-Aug-23,186582,131432
INDUS,Kotri,16-Aug-23,173388,132903
JHELUM,Kotli,16-Aug-23,-,5840
JHELUM,Mangla,16-Aug-23,27000,10000
JHELUM,Rasul,16-Aug-23,2950,-
CHENAB,Marala,16-Aug-23,74586,54336
CHENAB,Khanki,16-Aug-23,57722,49523
CHENAB,Qadirabad,16-Aug-23,56541,46541
CHENAB,Trimmu,16-Aug-23,56957,43357
CHENAB,Punjnad,16-Aug-23,70307,54707
RAVI,Thein,16-Aug-23,-,-
RAVI,Jassar,16-Aug-23,-,26180
RAVI,Shahdara,16-Aug-23,-,32861
RAVI,Balloki,16-Aug-23,46290,26290
RAVI,Sidhnai,16-Aug-23,31256,13356
SUTLEJ,Bhakara**,16-Aug-23,-,-
SUTLEJ,Sulemanki,16-Aug-23,51129,37463
SUTLEJ,Islam,16-Aug-23,33206,32221
INDUS,khairabad,17-Aug-23,-,157600
INDUS,Kalabagh,17-Aug-23,272733,264733
INDUS,Chashma,17-Aug-23,248193,224445
INDUS,Taunsa,17-Aug-23,232962,213962
INDUS,Guddu,17-Aug-23,214078,183201
INDUS,Sukkar,17-Aug-23,182125,126950
INDUS,Kotri,17-Aug-23,173388,132903
JHELUM,Kotli,17-Aug-23,-,5580
JHELUM,Mangla,17-Aug-23,28000,10000
JHELUM,Rasul,17-Aug-23,2950,-
CHENAB,Marala,17-Aug-23,69233,48983
CHENAB,Khanki,17-Aug-23,57722,49523
CHENAB,Qadirabad,17-Aug-23,51926,41926
CHENAB,Trimmu,17-Aug-23,56957,43357
CHENAB,Punjnad,17-Aug-23,70307,54707
RAVI,Thein,17-Aug-23,-,-
RAVI,Jassar,17-Aug-23,-,26180
RAVI,Shahdara,17-Aug-23,-,29317
RAVI,Balloki,17-Aug-23,47410,27410
RAVI,Sidhnai,17-Aug-23,31256,13356
SUTLEJ,Bhakara**,17-Aug-23,-,-
SUTLEJ,Sulemanki,17-Aug-23,51129,37463
SUTLEJ,Islam,17-Aug-23,33204,32221
INDUS,khairabad,17-Aug-23,-,241900
INDUS,Kalabagh,17-Aug-23,263194,255194
INDUS,Chashma,17-Aug-23,269936,248736
INDUS,Taunsa,17-Aug-23,239942,220942
INDUS,Guddu,17-Aug-23,223965,193589
INDUS,Sukkar,17-Aug-23,182125,126950
INDUS,Kotri,17-Aug-23,173388,132903
JHELUM,Kotli,17-Aug-23,-,5330
JHELUM,Mangla,17-Aug-23,27000,10000
JHELUM,Rasul,17-Aug-23,2950,-
CHENAB,Marala,17-Aug-23,63880,43480
CHENAB,Khanki,17-Aug-23,58071,49872
CHENAB,Qadirabad,17-Aug-23,51926,41926
CHENAB,Trimmu,17-Aug-23,66613,53013
CHENAB,Punjnad,17-Aug-23,70507,54707
RAVI,Thein,17-Aug-23,-,-
RAVI,Jassar,17-Aug-23,-,25560
RAVI,Shahdara,17-Aug-23,-,29317
RAVI,Balloki,17-Aug-23,47410,27410
RAVI,Sidhnai,17-Aug-23,30018,12118
SUTLEJ,Bhakara**,17-Aug-23,-,-
SUTLEJ,Sulemanki,17-Aug-23,51129,37463
SUTLEJ,Islam,17-Aug-23,33804,32221
INDUS,khairabad,17-Aug-23,-,280600
INDUS,Kalabagh,17-Aug-23,190251,182251
INDUS,Chashma,17-Aug-23,296268,275068
INDUS,Taunsa,17-Aug-23,239942,220942
INDUS,Guddu,17-Aug-23,230373,200503
INDUS,Sukkar,17-Aug-23,182125,126950
INDUS,Kotri,17-Aug-23,173388,132903
JHELUM,Kotli,17-Aug-23,-,5070
JHELUM,Mangla,17-Aug-23,27000,16215
JHELUM,Rasul,17-Aug-23,2950,-
CHENAB,Marala,17-Aug-23,69383,48983
CHENAB,Khanki,17-Aug-23,58071,49872
CHENAB,Qadirabad,17-Aug-23,49443,39443
CHENAB,Trimmu,17-Aug-23,66613,53013
CHENAB,Punjnad,17-Aug-23,70507,54707
RAVI,Thein,17-Aug-23,-,-
RAVI,Jassar,17-Aug-23,-,24940
RAVI,Shahdara,17-Aug-23,-,28666
RAVI,Balloki,17-Aug-23,48530,28530
RAVI,Sidhnai,17-Aug-23,30950,13050
SUTLEJ,Bhakara**,17-Aug-23,-,-
SUTLEJ,Sulemanki,17-Aug-23,54068,40152
SUTLEJ,Islam,17-Aug-23,33804,32221
INDUS,khairabad,17-Aug-23,-,285700
INDUS,Kalabagh,17-Aug-23,203065,195065
INDUS,Chashma,17-Aug-23,298583,277383
INDUS,Taunsa,17-Aug-23,239942,220942
INDUS,Guddu,17-Aug-23,230373,200503
INDUS,Sukkar,17-Aug-23,182125,126950
INDUS,Kotri,17-Aug-23,173388,132903
JHELUM,Kotli,17-Aug-23,-,4830
JHELUM,Mangla,17-Aug-23,26000,26815
JHELUM,Rasul,17-Aug-23,8391,5341
CHENAB,Marala,17-Aug-23,69383,48983
CHENAB,Khanki,17-Aug-23,55228,46992
CHENAB,Qadirabad,17-Aug-23,45607,35607
CHENAB,Trimmu,17-Aug-23,69754,56154
CHENAB,Punjnad,17-Aug-23,70507,54707
RAVI,Thein,17-Aug-23,-,-
RAVI,Jassar,17-Aug-23,-,26180
RAVI,Shahdara,17-Aug-23,-,28666
RAVI,Balloki,17-Aug-23,47530,28530
RAVI,Sidhnai,17-Aug-23,30950,13050
SUTLEJ,Bhakara**,17-Aug-23,-,-
SUTLEJ,Sulemanki,17-Aug-23,54068,40152
SUTLEJ,Islam,17-Aug-23,31825,30142
INDUS,khairabad,18-Aug-23,-,237000
INDUS,Kalabagh,18-Aug-23,256745,248745
INDUS,Chashma,18-Aug-23,252135,230935
INDUS,Taunsa,18-Aug-23,239942,220942
INDUS,Guddu,18-Aug-23,254815,225943
INDUS,Sukkar,18-Aug-23,186092,133467
INDUS,Kotri,18-Aug-23,168020,127815
JHELUM,Kotli,18-Aug-23,-,5070
JHELUM,Mangla,18-Aug-23,24000,24815
JHELUM,Rasul,18-Aug-23,3050,-
CHENAB,Marala,18-Aug-23,64030,43630
CHENAB,Khanki,18-Aug-23,57029,48793
CHENAB,Qadirabad,18-Aug-23,45607,35607
CHENAB,Trimmu,18-Aug-23,73453,59853
CHENAB,Punjnad,18-Aug-23,70507,54707
RAVI,Thein,18-Aug-23,-,-
RAVI,Jassar,18-Aug-23,-,27420
RAVI,Shahdara,18-Aug-23,-,28014
RAVI,Balloki,18-Aug-23,46530,28530
RAVI,Sidhnai,18-Aug-23,31608,13708
SUTLEJ,Bhakara**,18-Aug-23,-,-
SUTLEJ,Sulemanki,18-Aug-23,63635,49918
SUTLEJ,Islam,18-Aug-23,31825,30142
INDUS,khairabad,18-Aug-23,-,241900
INDUS,Kalabagh,18-Aug-23,263194,255194
INDUS,Chashma,18-Aug-23,269936,248736
INDUS,Taunsa,18-Aug-23,239942,220942
INDUS,Guddu,18-Aug-23,223965,193589
INDUS,Sukkar,18-Aug-23,182125,126950
INDUS,Kotri,18-Aug-23,173388,132903
JHELUM,Kotli,18-Aug-23,-,5330
JHELUM,Mangla,18-Aug-23,27000,10000
JHELUM,Rasul,18-Aug-23,2950,-
CHENAB,Marala,18-Aug-23,63880,43480
CHENAB,Khanki,18-Aug-23,58071,49872
CHENAB,Qadirabad,18-Aug-23,51926,41926
CHENAB,Trimmu,18-Aug-23,66613,53013
CHENAB,Punjnad,18-Aug-23,70507,54707
RAVI,Thein,18-Aug-23,-,-
RAVI,Jassar,18-Aug-23,-,25560
RAVI,Shahdara,18-Aug-23,-,29317
RAVI,Balloki,18-Aug-23,47410,27410
RAVI,Sidhnai,18-Aug-23,30018,12118
SUTLEJ,Bhakara**,18-Aug-23,-,-
SUTLEJ,Sulemanki,18-Aug-23,51129,37463
SUTLEJ,Islam,18-Aug-23,33804,32221
INDUS,khairabad,18-Aug-23,-,227400
INDUS,Kalabagh,18-Aug-23,233464,225464
INDUS,Chashma,18-Aug-23,285545,264345
INDUS,Taunsa,18-Aug-23,233304,214304
INDUS,Guddu,18-Aug-23,257579,225943
INDUS,Sukkar,18-Aug-23,187092,133467
INDUS,Kotri,18-Aug-23,168020,127815
JHELUM,Kotli,18-Aug-23,-,4590
JHELUM,Mangla,18-Aug-23,25000,23715
JHELUM,Rasul,18-Aug-23,22755,19705
CHENAB,Marala,18-Aug-23,66377,43267
CHENAB,Khanki,18-Aug-23,57029,48793
CHENAB,Qadirabad,18-Aug-23,48540,38540
CHENAB,Trimmu,18-Aug-23,78310,64710
CHENAB,Punjnad,18-Aug-23,70507,54707
RAVI,Thein,18-Aug-23,-,-
RAVI,Jassar,18-Aug-23,-,24940
RAVI,Shahdara,18-Aug-23,-,28014
RAVI,Balloki,18-Aug-23,43270,30770
RAVI,Sidhnai,18-Aug-23,33048,15148
SUTLEJ,Bhakara**,18-Aug-23,-,-
SUTLEJ,Sulemanki,18-Aug-23,71922,58256
SUTLEJ,Islam,18-Aug-23,32072,30142
INDUS,khairabad,18-Aug-23,-,280900
INDUS,Kalabagh,18-Aug-23,204019,196019
INDUS,Chashma,18-Aug-23,287346,266146
INDUS,Taunsa,18-Aug-23,233304,214304
INDUS,Guddu,18-Aug-23,257579,225943
INDUS,Sukkar,18-Aug-23,187092,133467
INDUS,Kotri,18-Aug-23,168020,127815
JHELUM,Kotli,18-Aug-23,-,4830
JHELUM,Mangla,18-Aug-23,22000,21515
JHELUM,Rasul,18-Aug-23,18850,15800
CHENAB,Marala,18-Aug-23,67030,43630
CHENAB,Khanki,18-Aug-23,48620,40446
CHENAB,Qadirabad,18-Aug-23,45607,35607
CHENAB,Trimmu,18-Aug-23,78310,64710
CHENAB,Punjnad,18-Aug-23,70507,54707
RAVI,Thein,18-Aug-23,-,-
RAVI,Jassar,18-Aug-23,-,23700
RAVI,Shahdara,18-Aug-23,-,28014
RAVI,Balloki,18-Aug-23,39685,31885
RAVI,Sidhnai,18-Aug-23,33048,15148
SUTLEJ,Bhakara**,18-Aug-23,-,-
SUTLEJ,Sulemanki,18-Aug-23,74735,61019
SUTLEJ,Islam,18-Aug-23,32072,30142
INDUS,khairabad,19-Aug-23,-,262900
INDUS,Kalabagh,19-Aug-23,218692,210692
INDUS,Chashma,19-Aug-23,256948,235748
INDUS,Taunsa,19-Aug-23,227745,208745
INDUS,Guddu,19-Aug-23,255779,225943
INDUS,Sukkar,19-Aug-23,215129,161104
INDUS,Kotri,19-Aug-23,168020,127815
JHELUM,Kotli,19-Aug-23,-,4590
JHELUM,Mangla,19-Aug-23,23000,21515
JHELUM,Rasul,19-Aug-23,18850,15800
CHENAB,Marala,19-Aug-23,67030,43630
CHENAB,Khanki,19-Aug-23,50343,42169
CHENAB,Qadirabad,19-Aug-23,41528,31528
CHENAB,Trimmu,19-Aug-23,81201,67601
CHENAB,Punjnad,19-Aug-23,70507,54707
RAVI,Thein,19-Aug-23,-,-
RAVI,Jassar,19-Aug-23,-,23700
RAVI,Shahdara,19-Aug-23,-,29317
RAVI,Balloki,19-Aug-23,38570,30770
RAVI,Sidhnai,19-Aug-23,37277,19377
SUTLEJ,Bhakara**,19-Aug-23,-,-
SUTLEJ,Sulemanki,19-Aug-23,80143,66427
SUTLEJ,Sulemanki,19-Aug-23,91956,78240
SUTLEJ,Sulemanki,19-Aug-23,91956,78240
SUTLEJ,Islam,19-Aug-23,32072,30142
INDUS,khairabad,19-Aug-23,-,161800
INDUS,Kalabagh,19-Aug-23,256745,248745
INDUS,Chashma,19-Aug-23,220708,199508
INDUS,Taunsa,19-Aug-23,227745,208745
INDUS,Guddu,19-Aug-23,258882,225943
INDUS,Sukkar,19-Aug-23,215129,161104
INDUS,Kotri,19-Aug-23,168020,127815
JHELUM,Kotli,19-Aug-23,-,4350
JHELUM,Mangla,19-Aug-23,23000,21515
JHELUM,Rasul,19-Aug-23,18900,15800
CHENAB,Marala,19-Aug-23,61677,38277
CHENAB,Khanki,19-Aug-23,51734,43560
CHENAB,Qadirabad,19-Aug-23,39937,29937
CHENAB,Trimmu,19-Aug-23,81201,67601
CHENAB,Punjnad,19-Aug-23,70507,54707
RAVI,Thein,19-Aug-23,-,-
RAVI,Jassar,19-Aug-23,-,19500
RAVI,Shahdara,19-Aug-23,-,29317
RAVI,Balloki,19-Aug-23,38570,30770
RAVI,Sidhnai,19-Aug-23,37277,19377
SUTLEJ,Bhakara**,19-Aug-23,-,-
SUTLEJ,Sulemanki,19-Aug-23,92459,78743
SUTLEJ,Islam,19-Aug-23,32072,30142
INDUS,khairabad,19-Aug-23,-,164000
INDUS,Kalabagh,19-Aug-23,235374,227374
INDUS,Chashma,19-Aug-23,236416,215216
INDUS,Taunsa,19-Aug-23,227745,208745
INDUS,Guddu,19-Aug-23,259182,225943
INDUS,Sukkar,19-Aug-23,215129,161104
INDUS,Kotri,19-Aug-23,168020,127815
JHELUM,Kotli,19-Aug-23,-,4350
JHELUM,Mangla,19-Aug-23,26000,21515
JHELUM,Rasul,19-Aug-23,18950,15800
CHENAB,Marala,19-Aug-23,61700,37634
CHENAB,Khanki,19-Aug-23,50343,42169
CHENAB,Qadirabad,19-Aug-23,41528,31528
CHENAB,Trimmu,19-Aug-23,78500,64900
CHENAB,Punjnad,19-Aug-23,70507,54707
RAVI,Thein,19-Aug-23,-,-
RAVI,Jassar,19-Aug-23,-,20200
RAVI,Shahdara,19-Aug-23,-,29969
RAVI,Balloki,19-Aug-23,38015,30215
RAVI,Sidhnai,19-Aug-23,38079,20179
SUTLEJ,Bhakara**,19-Aug-23,-,-
SUTLEJ,Sulemanki,19-Aug-23,92459,78743
SUTLEJ,Sulemanki,19-Aug-23,92459,78743
SUTLEJ,Sulemanki,19-Aug-23,92459,78743
SUTLEJ,Sulemanki,19-Aug-23,94107,83072
SUTLEJ,Sulemanki,19-Aug-23,94107,83072
SUTLEJ,Sulemanki,19-Aug-23,94107,83072
SUTLEJ,Sulemanki,19-Aug-23,94107,83072
SUTLEJ,Sulemanki,19-Aug-23,94107,83072
SUTLEJ,Sulemanki,19-Aug-23,98341,96412
SUTLEJ,Sulemanki,19-Aug-23,98341,96412
SUTLEJ,Sulemanki,19-Aug-23,108034,108034
SUTLEJ,Islam,19-Aug-23,32072,30142
INDUS,khairabad,19-Aug-23,-,271700
INDUS,Kalabagh,19-Aug-23,214956,206956
INDUS,Chashma,19-Aug-23,267168,244968
INDUS,Taunsa,19-Aug-23,227745,208745
INDUS,Guddu,19-Aug-23,259182,225943
INDUS,Sukkar,19-Aug-23,215129,161104
INDUS,Kotri,19-Aug-23,168020,127815
JHELUM,Kotli,19-Aug-23,-,4110
JHELUM,Mangla,19-Aug-23,23000,28215
JHELUM,Rasul,19-Aug-23,15045,11895
CHENAB,Marala,19-Aug-23,69062,43630
CHENAB,Khanki,19-Aug-23,48670,40446
CHENAB,Qadirabad,19-Aug-23,41528,31528
CHENAB,Trimmu,19-Aug-23,73735,60135
CHENAB,Punjnad,19-Aug-23,70507,54707
RAVI,Thein,19-Aug-23,-,-
RAVI,Jassar,19-Aug-23,-,20200
RAVI,Shahdara,19-Aug-23,-,29969
RAVI,Balloki,19-Aug-23,38015,30215
RAVI,Sidhnai,19-Aug-23,38079,20179
SUTLEJ,Bhakara**,19-Aug-23,-,-
SUTLEJ,Sulemanki,19-Aug-23,108034,108034
SUTLEJ,Islam,19-Aug-23,32072,30142
INDUS,khairabad,20-Aug-23,-,287000
INDUS,Kalabagh,20-Aug-23,204934,196934
INDUS,Chashma,20-Aug-23,265755,244555
INDUS,Taunsa,20-Aug-23,227745,208745
INDUS,Guddu,20-Aug-23,257047,224411
INDUS,Sukkar,20-Aug-23,216074,161104
INDUS,Kotri,20-Aug-23,162050,121845
JHELUM,Kotli,20-Aug-23,-,4350
JHELUM,Mangla,20-Aug-23,24000,22315
JHELUM,Rasul,20-Aug-23,15045,11895
CHENAB,Marala,20-Aug-23,64935,38277
CHENAB,Khanki,20-Aug-23,48670,40446
CHENAB,Qadirabad,20-Aug-23,39937,29937
CHENAB,Trimmu,20-Aug-23,69592,55992
CHENAB,Punjnad,20-Aug-23,70507,54707
RAVI,Thein,20-Aug-23,-,-
RAVI,Jassar,20-Aug-23,-,20200
RAVI,Shahdara,20-Aug-23,-,29969
RAVI,Balloki,20-Aug-23,38015,30215
RAVI,Sidhnai,20-Aug-23,38079,20179
SUTLEJ,Bhakara**,20-Aug-23,-,-
SUTLEJ,Sulemanki,20-Aug-23,108034,108034
SUTLEJ,Sulemanki,20-Aug-23,108034,108034
SUTLEJ,Sulemanki,20-Aug-23,108034,108034
SUTLEJ,Sulemanki,20-Aug-23,108034,108034
SUTLEJ,Sulemanki,20-Aug-23,113444,113444
SUTLEJ,Sulemanki,20-Aug-23,113444,113444
SUTLEJ,Sulemanki,20-Aug-23,122687,122687
SUTLEJ,Sulemanki,20-Aug-23,122687,122687
SUTLEJ,Sulemanki,20-Aug-23,122687,122687
SUTLEJ,Sulemanki,20-Aug-23,122687,122687
SUTLEJ,Sulemanki,20-Aug-23,122687,122687
SUTLEJ,Islam,20-Aug-23,32072,30142
INDUS,khairabad,20-Aug-23,-,159700
INDUS,Kalabagh,20-Aug-23,246908,238908
INDUS,Chashma,20-Aug-23,255348,234198
INDUS,Taunsa,20-Aug-23,237984,218984
INDUS,Guddu,20-Aug-23,258413,225178
INDUS,Sukkar,20-Aug-23,216074,161104
INDUS,Kotri,20-Aug-23,162050,121845
JHELUM,Kotli,20-Aug-23,-,4110
JHELUM,Mangla,20-Aug-23,23000,22315
JHELUM,Rasul,20-Aug-23,22855,19705
CHENAB,Marala,20-Aug-23,66212,38277
CHENAB,Khanki,20-Aug-23,50343,42169
CHENAB,Qadirabad,20-Aug-23,39937,29937
CHENAB,Trimmu,20-Aug-23,69592,55992
CHENAB,Punjnad,20-Aug-23,70707,54707
RAVI,Thein,20-Aug-23,-,-
RAVI,Jassar,20-Aug-23,-,20900
RAVI,Shahdara,20-Aug-23,-,29969
RAVI,Balloki,20-Aug-23,38015,30215
RAVI,Sidhnai,20-Aug-23,38933,21033
SUTLEJ,Bhakara**,20-Aug-23,-,-
SUTLEJ,Sulemanki,20-Aug-23,122687,122687
SUTLEJ,Islam,20-Aug-23,318722,30142
INDUS,khairabad,20-Aug-23,-,167200
INDUS,Kalabagh,20-Aug-23,246908,238908
INDUS,Chashma,20-Aug-23,224102,202902
INDUS,Taunsa,20-Aug-23,237984,218984
INDUS,Guddu,20-Aug-23,258108,225178
INDUS,Sukkar,20-Aug-23,216074,161104
INDUS,Kotri,20-Aug-23,162050,121845
JHELUM,Kotli,20-Aug-23,-,3880
JHELUM,Mangla,20-Aug-23,22000,22315
JHELUM,Rasul,20-Aug-23,18950,15800
CHENAB,Marala,20-Aug-23,66700,38277
CHENAB,Khanki,20-Aug-23,51784,43560
CHENAB,Qadirabad,20-Aug-23,41909,31909
CHENAB,Trimmu,20-Aug-23,64680,51623
CHENAB,Punjnad,20-Aug-23,70707,54707
RAVI,Thein,20-Aug-23,-,-
RAVI,Jassar,20-Aug-23,-,20900
RAVI,Shahdara,20-Aug-23,-,29969
RAVI,Balloki,20-Aug-23,36895,29095
RAVI,Sidhnai,20-Aug-23,38933,21033
SUTLEJ,Bhakara**,20-Aug-23,-,-
SUTLEJ,Sulemanki,20-Aug-23,128429,128429
SUTLEJ,Sulemanki,20-Aug-23,131856,131856
SUTLEJ,Sulemanki,20-Aug-23,131856,131856
SUTLEJ,Sulemanki,20-Aug-23,131856,131856
SUTLEJ,Sulemanki,20-Aug-23,131856,131856
SUTLEJ,Sulemanki,20-Aug-23,131856,131856
SUTLEJ,Sulemanki,20-Aug-23,135115,135115
SUTLEJ,Sulemanki,20-Aug-23,135115,135115
SUTLEJ,Sulemanki,20-Aug-23,144135,144135
SUTLEJ,Sulemanki,20-Aug-23,144135,144135
SUTLEJ,Sulemanki,20-Aug-23,144135,144135
SUTLEJ,Islam,20-Aug-23,31672,30142
INDUS,khairabad,20-Aug-23,-,274200
INDUS,Kalabagh,20-Aug-23,192160,184160
INDUS,Chashma,20-Aug-23,237803,216603
INDUS,Taunsa,20-Aug-23,237984,218984
INDUS,Guddu,20-Aug-23,258108,225178
INDUS,Sukkar,20-Aug-23,216074,161104
INDUS,Kotri,20-Aug-23,162050,121845
JHELUM,Kotli,20-Aug-23,-,3660
JHELUM,Mangla,20-Aug-23,22000,22315
JHELUM,Rasul,20-Aug-23,18950,15800
CHENAB,Marala,20-Aug-23,66500,38277
CHENAB,Khanki,20-Aug-23,48646,40446
CHENAB,Qadirabad,20-Aug-23,41909,31909
CHENAB,Trimmu,20-Aug-23,66445,54733
CHENAB,Punjnad,20-Aug-23,70707,54707
RAVI,Thein,20-Aug-23,-,-
RAVI,Jassar,20-Aug-23,-,19500
RAVI,Shahdara,20-Aug-23,-,29969
RAVI,Balloki,20-Aug-23,36895,29095
RAVI,Sidhnai,20-Aug-23,38933,21033
SUTLEJ,Bhakara**,20-Aug-23,-,-
SUTLEJ,Sulemanki,20-Aug-23,146271,146271
SUTLEJ,Islam,20-Aug-23,31672,30142
INDUS,khairabad,21-Aug-23,-,257900
INDUS,Kalabagh,21-Aug-23,206884,198884
INDUS,Chashma,21-Aug-23,253751,232551
INDUS,Taunsa,21-Aug-23,227650,208650
INDUS,Guddu,21-Aug-23,257611,225178
INDUS,Sukkar,21-Aug-23,215974,161104
INDUS,Kotri,21-Aug-23,162050,121845
JHELUM,Kotli,21-Aug-23,-,3880
JHELUM,Mangla,21-Aug-23,22000,23000
JHELUM,Rasul,21-Aug-23,15045,11895
CHENAB,Marala,21-Aug-23,61147,32924
CHENAB,Khanki,21-Aug-23,48646,40446
CHENAB,Qadirabad,21-Aug-23,39937,29937
CHENAB,Trimmu,21-Aug-23,66860,56260
CHENAB,Punjnad,21-Aug-23,70907,54707
RAVI,Thein,21-Aug-23,-,-
RAVI,Jassar,21-Aug-23,-,19500
RAVI,Shahdara,21-Aug-23,-,29317
RAVI,Balloki,21-Aug-23,36895,29095
RAVI,Sidhnai,21-Aug-23,38933,21033
SUTLEJ,Bhakara**,21-Aug-23,-,-
SUTLEJ,Sulemanki,21-Aug-23,146271,146271
SUTLEJ,Sulemanki,21-Aug-23,146271,146271
SUTLEJ,Sulemanki,21-Aug-23,146271,146271
SUTLEJ,Sulemanki,21-Aug-23,146271,146271
SUTLEJ,Sulemanki,21-Aug-23,146271,146271
SUTLEJ,Sulemanki,21-Aug-23,146271,146271
SUTLEJ,Sulemanki,21-Aug-23,154144,154144
SUTLEJ,Sulemanki,21-Aug-23,154144,154144
SUTLEJ,Sulemanki,21-Aug-23,154144,154144
SUTLEJ,Sulemanki,21-Aug-23,167514,167514
SUTLEJ,Sulemanki,21-Aug-23,167514,167514
SUTLEJ,Islam,21-Aug-23,31672,30142
INDUS,khairabad,21-Aug-23,-,238200
INDUS,Kalabagh,21-Aug-23,248818,240818
INDUS,Chashma,21-Aug-23,244222,223022
INDUS,Taunsa,21-Aug-23,227650,208650
INDUS,Guddu,21-Aug-23,256776,225943
INDUS,Sukkar,21-Aug-23,215974,161104
INDUS,Kotri,21-Aug-23,162050,121845
JHELUM,Kotli,21-Aug-23,-,4350
JHELUM,Mangla,21-Aug-23,23000,22315
JHELUM,Rasul,21-Aug-23,18950,15800
CHENAB,Marala,21-Aug-23,61147,32924
CHENAB,Khanki,21-Aug-23,47528,39328
CHENAB,Qadirabad,21-Aug-23,38931,28931
CHENAB,Trimmu,21-Aug-23,65333,54733
CHENAB,Punjnad,21-Aug-23,75595,59395
RAVI,Thein,21-Aug-23,-,-
RAVI,Jassar,21-Aug-23,-,19500
RAVI,Shahdara,21-Aug-23,-,29317
RAVI,Balloki,21-Aug-23,36895,29095
RAVI,Sidhnai,21-Aug-23,36566,18666
SUTLEJ,Bhakara**,21-Aug-23,-,-
SUTLEJ,Sulemanki,21-Aug-23,167514,167514
SUTLEJ,Islam,21-Aug-23,35975,34345
INDUS,khairabad,21-Aug-23,-,157600
INDUS,Kalabagh,21-Aug-23,232510,224510
INDUS,Chashma,21-Aug-23,228173,206973
INDUS,Taunsa,21-Aug-23,233467,214467
INDUS,Guddu,21-Aug-23,255810,225943
INDUS,Sukkar,21-Aug-23,215974,161104
INDUS,Kotri,21-Aug-23,162050,121845
JHELUM,Kotli,21-Aug-23,-,4110
JHELUM,Mangla,21-Aug-23,21000,29215
JHELUM,Rasul,21-Aug-23,15045,11895
CHENAB,Marala,21-Aug-23,71853,43630
CHENAB,Khanki,21-Aug-23,41856,33656
CHENAB,Qadirabad,21-Aug-23,38931,28931
CHENAB,Trimmu,21-Aug-23,59955,49355
CHENAB,Punjnad,21-Aug-23,77346,61146
RAVI,Thein,21-Aug-23,-,-
RAVI,Jassar,21-Aug-23,-,12571
RAVI,Shahdara,21-Aug-23,-,29317
RAVI,Balloki,21-Aug-23,37095,29095
RAVI,Sidhnai,21-Aug-23,35358,17458
SUTLEJ,Bhakara**,21-Aug-23,-,-
SUTLEJ,Sulemanki,21-Aug-23,167514,167514
SUTLEJ,Sulemanki,21-Aug-23,175196,175196
SUTLEJ,Sulemanki,21-Aug-23,175196,175196
SUTLEJ,Sulemanki,21-Aug-23,187128,187128
SUTLEJ,Sulemanki,21-Aug-23,187128,187128
SUTLEJ,Sulemanki,21-Aug-23,187128,187128
SUTLEJ,Sulemanki,21-Aug-23,187128,187128
SUTLEJ,Sulemanki,21-Aug-23,187128,187128
SUTLEJ,Sulemanki,21-Aug-23,191053,191053
SUTLEJ,Sulemanki,21-Aug-23,191053,191053
SUTLEJ,Sulemanki,21-Aug-23,191053,191053
SUTLEJ,Islam,21-Aug-23,40356,38726
INDUS,khairabad,21-Aug-23,-,170400
INDUS,Kalabagh,21-Aug-23,232510,224510
INDUS,Chashma,21-Aug-23,235656,214456
INDUS,Taunsa,21-Aug-23,233467,214467
INDUS,Guddu,21-Aug-23,255810,225943
INDUS,Sukkar,21-Aug-23,215974,161104
INDUS,Kotri,21-Aug-23,162050,121845
JHELUM,Kotli,21-Aug-23,-,3880
JHELUM,Mangla,21-Aug-23,22000,25115
JHELUM,Rasul,21-Aug-23,14840,11895
CHENAB,Marala,21-Aug-23,71853,43630
CHENAB,Khanki,21-Aug-23,47564,39328
CHENAB,Qadirabad,21-Aug-23,33956,23956
CHENAB,Trimmu,21-Aug-23,59955,49355
CHENAB,Punjnad,21-Aug-23,77346,61146
RAVI,Thein,21-Aug-23,-,-
RAVI,Jassar,21-Aug-23,-,12571
RAVI,Shahdara,21-Aug-23,-,29317
RAVI,Balloki,21-Aug-23,37095,29095
RAVI,Sidhnai,21-Aug-23,34788,16888
SUTLEJ,Bhakara**,21-Aug-23,-,-
SUTLEJ,Sulemanki,21-Aug-23,191053,191053
SUTLEJ,Islam,21-Aug-23,48037,46407
INDUS,khairabad,22-Aug-23,-,215600
INDUS,Kalabagh,22-Aug-23,205929,197929
INDUS,Chashma,22-Aug-23,256147,234947
INDUS,Taunsa,22-Aug-23,212253,193253
INDUS,Guddu,22-Aug-23,255373,225943
INDUS,Sukkar,22-Aug-23,210216,155871
INDUS,Kotri,22-Aug-23,153991,113086
JHELUM,Kotli,22-Aug-23,-,4350
JHELUM,Mangla,22-Aug-23,21000,22315
JHELUM,Rasul,22-Aug-23,18745,15800
CHENAB,Marala,22-Aug-23,77206,48983
CHENAB,Khanki,22-Aug-23,47564,39328
CHENAB,Qadirabad,22-Aug-23,38931,28931
CHENAB,Trimmu,22-Aug-23,57843,47243
CHENAB,Punjnad,22-Aug-23,77346,61146
RAVI,Thein,22-Aug-23,-,-
RAVI,Jassar,22-Aug-23,-,12571
RAVI,Shahdara,22-Aug-23,-,27362
RAVI,Balloki,22-Aug-23,37095,29095
RAVI,Sidhnai,22-Aug-23,34788,16888
SUTLEJ,Bhakara**,22-Aug-23,-,-
SUTLEJ,Sulemanki,22-Aug-23,191053,191053
SUTLEJ,Sulemanki,22-Aug-23,191053,191053
SUTLEJ,Sulemanki,22-Aug-23,191053,191053
SUTLEJ,Sulemanki,22-Aug-23,191053,191053
SUTLEJ,Sulemanki,22-Aug-23,191053,191053
SUTLEJ,Sulemanki,22-Aug-23,191053,191053
SUTLEJ,Sulemanki,22-Aug-23,176003,176003
SUTLEJ,Sulemanki,22-Aug-23,176003,176003
SUTLEJ,Sulemanki,22-Aug-23,176003,176003
SUTLEJ,Sulemanki,22-Aug-23,176003,176003
SUTLEJ,Sulemanki,22-Aug-23,176003,176003
SUTLEJ,Islam,22-Aug-23,48037,46407
INDUS,khairabad,22-Aug-23,-,271700
INDUS,Kalabagh,22-Aug-23,231555,223555
INDUS,Chashma,22-Aug-23,258541,237341
INDUS,Taunsa,22-Aug-23,212253,193253
INDUS,Guddu,22-Aug-23,255424,225193
INDUS,Sukkar,22-Aug-23,210216,155871
INDUS,Kotri,22-Aug-23,153991,113086
JHELUM,Kotli,22-Aug-23,-,3880
JHELUM,Mangla,22-Aug-23,21000,22315
JHELUM,Rasul,22-Aug-23,22650,19705
CHENAB,Marala,22-Aug-23,93265,65042
CHENAB,Khanki,22-Aug-23,50405,42169
CHENAB,Qadirabad,22-Aug-23,38931,28931
CHENAB,Trimmu,22-Aug-23,57843,47243
CHENAB,Punjnad,22-Aug-23,78734,62534
RAVI,Thein,22-Aug-23,-,-
RAVI,Jassar,22-Aug-23,-,10709
RAVI,Shahdara,22-Aug-23,-,27362
RAVI,Balloki,22-Aug-23,37095,29095
RAVI,Sidhnai,22-Aug-23,35398,17498
SUTLEJ,Bhakara**,22-Aug-23,-,-
SUTLEJ,Sulemanki,22-Aug-23,176003,176003
SUTLEJ,Islam,22-Aug-23,51152,49607
INDUS,khairabad,22-Aug-23,-,259100
INDUS,Kalabagh,22-Aug-23,231555,223555
INDUS,Chashma,22-Aug-23,257541,236341
INDUS,Taunsa,22-Aug-23,212253,193253
INDUS,Guddu,22-Aug-23,255424,225193
INDUS,Sukkar,22-Aug-23,210216,155871
INDUS,Kotri,22-Aug-23,153991,113086
JHELUM,Kotli,22-Aug-23,-,3660
JHELUM,Mangla,22-Aug-23,24000,29215
JHELUM,Rasul,22-Aug-23,14840,11895
CHENAB,Marala,22-Aug-23,82559,54336
CHENAB,Khanki,22-Aug-23,51821,43560
CHENAB,Qadirabad,22-Aug-23,41909,31909
CHENAB,Trimmu,22-Aug-23,55843,47243
CHENAB,Punjnad,22-Aug-23,78934,62534
RAVI,Thein,22-Aug-23,-,-
RAVI,Jassar,22-Aug-23,-,14436
RAVI,Shahdara,22-Aug-23,-,25407
RAVI,Balloki,22-Aug-23,37495,29495
RAVI,Sidhnai,22-Aug-23,35398,17498
SUTLEJ,Bhakara**,22-Aug-23,-,-
SUTLEJ,Sulemanki,22-Aug-23,171923,171923
SUTLEJ,Sulemanki,22-Aug-23,171923,171923
SUTLEJ,Sulemanki,22-Aug-23,171923,171923
SUTLEJ,Sulemanki,22-Aug-23,171923,171923
SUTLEJ,Sulemanki,22-Aug-23,171923,171923
SUTLEJ,Sulemanki,22-Aug-23,171923,171923
SUTLEJ,Sulemanki,22-Aug-23,171923,171923
SUTLEJ,Sulemanki,22-Aug-23,171923,171923
SUTLEJ,Sulemanki,22-Aug-23,171923,171923
SUTLEJ,Sulemanki,22-Aug-23,171923,171923
SUTLEJ,Sulemanki,22-Aug-23,171923,171923
SUTLEJ,Islam,22-Aug-23,54377,52877
INDUS,khairabad,22-Aug-23,-,183600
INDUS,Kalabagh,22-Aug-23,255790,247790
INDUS,Chashma,22-Aug-23,237907,216707
INDUS,Taunsa,22-Aug-23,212253,193253
INDUS,Guddu,22-Aug-23,255424,225193
INDUS,Sukkar,22-Aug-23,210216,155871
INDUS,Kotri,22-Aug-23,153991,113086
JHELUM,Kotli,22-Aug-23,-,3660
JHELUM,Mangla,22-Aug-23,21000,29215
JHELUM,Rasul,22-Aug-23,18745,15800
CHENAB,Marala,22-Aug-23,82559,54336
CHENAB,Khanki,22-Aug-23,61157,52870
CHENAB,Qadirabad,22-Aug-23,46073,36073
CHENAB,Trimmu,22-Aug-23,61613,53013
CHENAB,Punjnad,22-Aug-23,78934,62534
RAVI,Thein,22-Aug-23,-,-
RAVI,Jassar,22-Aug-23,-,20200
RAVI,Shahdara,22-Aug-23,-,25407
RAVI,Balloki,22-Aug-23,37495,29495
RAVI,Sidhnai,22-Aug-23,35398,17498
SUTLEJ,Bhakara**,22-Aug-23,-,-
SUTLEJ,Sulemanki,22-Aug-23,171923,171923
SUTLEJ,Islam,22-Aug-23,54377,52877
INDUS,khairabad,23-Aug-23,-,229800
INDUS,Kalabagh,23-Aug-23,256745,248745
INDUS,Chashma,23-Aug-23,223148,201948
INDUS,Taunsa,23-Aug-23,204434,185434
INDUS,Guddu,23-Aug-23,255143,224411
INDUS,Sukkar,23-Aug-23,210759,159414
INDUS,Kotri,23-Aug-23,153991,113086
JHELUM,Kotli,23-Aug-23,-,4110
JHELUM,Mangla,23-Aug-23,20000,22315
JHELUM,Rasul,23-Aug-23,18745,15800
CHENAB,Marala,23-Aug-23,77206,48983
CHENAB,Khanki,23-Aug-23,59873,51586
CHENAB,Qadirabad,23-Aug-23,46073,36073
CHENAB,Trimmu,23-Aug-23,61613,53013
CHENAB,Punjnad,23-Aug-23,78934,62534
RAVI,Thein,23-Aug-23,-,-
RAVI,Jassar,23-Aug-23,-,20200
RAVI,Shahdara,23-Aug-23,-,29317
RAVI,Balloki,23-Aug-23,34245,26245
RAVI,Sidhnai,23-Aug-23,35398,17498
SUTLEJ,Bhakara**,23-Aug-23,-,-
SUTLEJ,Sulemanki,23-Aug-23,169702,169702
SUTLEJ,Sulemanki,23-Aug-23,169702,169702
SUTLEJ,Sulemanki,23-Aug-23,169702,169702
SUTLEJ,Sulemanki,23-Aug-23,169702,169702
SUTLEJ,Sulemanki,23-Aug-23,169702,169702
SUTLEJ,Sulemanki,23-Aug-23,169702,169702
SUTLEJ,Sulemanki,23-Aug-23,155330,155330
SUTLEJ,Sulemanki,23-Aug-23,155330,155330
SUTLEJ,Sulemanki,23-Aug-23,155330,155330
SUTLEJ,Sulemanki,23-Aug-23,155330,155330
SUTLEJ,Sulemanki,23-Aug-23,155330,155330
SUTLEJ,Islam,23-Aug-23,57716,56216
INDUS,khairabad,23-Aug-23,-,249200
INDUS,Kalabagh,23-Aug-23,236329,228329
INDUS,Chashma,23-Aug-23,271499,250299
INDUS,Taunsa,23-Aug-23,208005,186005
INDUS,Guddu,23-Aug-23,259268,228532
INDUS,Sukkar,23-Aug-23,210759,159414
INDUS,Kotri,23-Aug-23,154131,113086
JHELUM,Kotli,23-Aug-23,-,3880
JHELUM,Mangla,23-Aug-23,21000,22315
JHELUM,Rasul,23-Aug-23,22650,19705
CHENAB,Marala,23-Aug-23,71853,43630
CHENAB,Khanki,23-Aug-23,59873,51586
CHENAB,Qadirabad,23-Aug-23,55930,45930
CHENAB,Trimmu,23-Aug-23,62924,54342
CHENAB,Punjnad,23-Aug-23,78934,62534
RAVI,Thein,23-Aug-23,-,-
RAVI,Jassar,23-Aug-23,-,23700
RAVI,Shahdara,23-Aug-23,-,29969
RAVI,Balloki,23-Aug-23,34245,26245
RAVI,Sidhnai,23-Aug-23,35398,17498
SUTLEJ,Bhakara**,23-Aug-23,-,-
SUTLEJ,Sulemanki,23-Aug-23,155330,155330
SUTLEJ,Islam,23-Aug-23,73559,72059
INDUS,khairabad,23-Aug-23,-,219100
INDUS,Kalabagh,23-Aug-23,244044,236044
INDUS,Chashma,23-Aug-23,266954,248302
INDUS,Taunsa,23-Aug-23,213378,191378
INDUS,Guddu,23-Aug-23,259773,228532
INDUS,Sukkar,23-Aug-23,213159,159414
INDUS,Kotri,23-Aug-23,154131,113086
JHELUM,Kotli,23-Aug-23,-,3660
JHELUM,Mangla,23-Aug-23,20000,26415
JHELUM,Rasul,23-Aug-23,22650,19705
CHENAB,Marala,23-Aug-23,77206,48983
CHENAB,Khanki,23-Aug-23,55279,46992
CHENAB,Qadirabad,23-Aug-23,51220,41220
CHENAB,Trimmu,23-Aug-23,62942,54342
CHENAB,Punjnad,23-Aug-23,81247,64847
RAVI,Thein,23-Aug-23,-,-
RAVI,Jassar,23-Aug-23,-,23000
RAVI,Shahdara,23-Aug-23,-,30692
RAVI,Balloki,23-Aug-23,34245,26245
RAVI,Sidhnai,23-Aug-23,35398,17498
SUTLEJ,Bhakara**,23-Aug-23,-,-
SUTLEJ,Sulemanki,23-Aug-23,155330,155330
SUTLEJ,Sulemanki,23-Aug-23,155330,155330
SUTLEJ,Sulemanki,23-Aug-23,155330,155330
SUTLEJ,Sulemanki,23-Aug-23,152966,152966
SUTLEJ,Sulemanki,23-Aug-23,152966,152966
SUTLEJ,Sulemanki,23-Aug-23,152966,152966
SUTLEJ,Sulemanki,23-Aug-23,152966,152966
SUTLEJ,Sulemanki,23-Aug-23,152966,152966
SUTLEJ,Sulemanki,23-Aug-23,152966,152966
SUTLEJ,Sulemanki,23-Aug-23,152966,152966
SUTLEJ,Sulemanki,23-Aug-23,152966,152966
SUTLEJ,Islam,23-Aug-23,73559,72059
SUTLEJ,Islam,23-Aug-23,73559,72059
SUTLEJ,Islam,23-Aug-23,81010,79510
SUTLEJ,Islam,23-Aug-23,84826,83326
SUTLEJ,Islam,23-Aug-23,84826,83326
SUTLEJ,Islam,23-Aug-23,84826,83326
SUTLEJ,Islam,23-Aug-23,84826,83326
SUTLEJ,Islam,23-Aug-23,84826,83326
SUTLEJ,Islam,23-Aug-23,84826,83326
INDUS,khairabad,23-Aug-23,-,298600
INDUS,Kalabagh,23-Aug-23,245374,237374
INDUS,Chashma,23-Aug-23,258152,236952
INDUS,Taunsa,23-Aug-23,213378,191378
INDUS,Guddu,23-Aug-23,259773,228532
INDUS,Sukkar,23-Aug-23,213159,159414
INDUS,Kotri,23-Aug-23,154131,113086
JHELUM,Kotli,23-Aug-23,-,4110
JHELUM,Mangla,23-Aug-23,28000,26415
JHELUM,Rasul,23-Aug-23,14840,11895
CHENAB,Marala,23-Aug-23,77206,48983
CHENAB,Khanki,23-Aug-23,51809,43560
CHENAB,Qadirabad,23-Aug-23,48540,38540
CHENAB,Trimmu,23-Aug-23,62942,54342
CHENAB,Punjnad,23-Aug-23,81347,64847
RAVI,Thein,23-Aug-23,-,-
RAVI,Jassar,23-Aug-23,-,24940
RAVI,Shahdara,23-Aug-23,-,32861
RAVI,Balloki,23-Aug-23,34245,26245
RAVI,Sidhnai,23-Aug-23,35398,17498
SUTLEJ,Bhakara**,23-Aug-23,-,-
SUTLEJ,Sulemanki,23-Aug-23,136632,136632
SUTLEJ,Islam,23-Aug-23,84826,83326
INDUS,khairabad,24-Aug-23,-,238200
INDUS,Kalabagh,24-Aug-23,236329,228329
INDUS,Chashma,24-Aug-23,260890,239690
INDUS,Taunsa,24-Aug-23,213378,191378
INDUS,Guddu,24-Aug-23,259773,228532
INDUS,Sukkar,24-Aug-23,210016,155871
INDUS,Kotri,24-Aug-23,154131,113086
JHELUM,Kotli,24-Aug-23,-,4830
JHELUM,Mangla,24-Aug-23,26000,26415
JHELUM,Rasul,24-Aug-23,22650,19705
CHENAB,Marala,24-Aug-23,77206,48983
CHENAB,Khanki,24-Aug-23,50163,41914
CHENAB,Qadirabad,24-Aug-23,48540,38540
CHENAB,Trimmu,24-Aug-23,62976,54376
CHENAB,Punjnad,24-Aug-23,81347,64847
RAVI,Thein,24-Aug-23,-,-
RAVI,Jassar,24-Aug-23,-,24940
RAVI,Shahdara,24-Aug-23,-,32861
RAVI,Balloki,24-Aug-23,34245,26245
RAVI,Sidhnai,24-Aug-23,35398,17498
SUTLEJ,Bhakara**,24-Aug-23,-,-
SUTLEJ,Sulemanki,24-Aug-23,136632,136632
SUTLEJ,Sulemanki,24-Aug-23,136632,136632
SUTLEJ,Sulemanki,24-Aug-23,136632,136632
SUTLEJ,Sulemanki,24-Aug-23,136632,136632
SUTLEJ,Sulemanki,24-Aug-23,136632,136632
SUTLEJ,Sulemanki,24-Aug-23,136632,136632
SUTLEJ,Sulemanki,24-Aug-23,136632,136632
SUTLEJ,Sulemanki,24-Aug-23,136632,136632
SUTLEJ,Sulemanki,24-Aug-23,136632,136632
SUTLEJ,Sulemanki,24-Aug-23,136632,136632
SUTLEJ,Sulemanki,24-Aug-23,136632,136632
SUTLEJ,Islam,24-Aug-23,88301,87201
SUTLEJ,Islam,24-Aug-23,88301,87201
SUTLEJ,Islam,24-Aug-23,88301,87201
SUTLEJ,Islam,24-Aug-23,88301,87201
SUTLEJ,Islam,24-Aug-23,88301,87201
SUTLEJ,Islam,24-Aug-23,94223,93123
SUTLEJ,Islam,24-Aug-23,94223,93123
SUTLEJ,Islam,24-Aug-23,94223,93123
SUTLEJ,Islam,24-Aug-23,100273,99173
SUTLEJ,Islam,24-Aug-23,100273,99173
SUTLEJ,Islam,24-Aug-23,100273,99173
INDUS,khairabad,24-Aug-23,-,287000
INDUS,Kalabagh,24-Aug-23,277190,269190
INDUS,Chashma,24-Aug-23,259746,238316
INDUS,Taunsa,24-Aug-23,213378,191378
INDUS,Guddu,24-Aug-23,249755,218819
INDUS,Sukkar,24-Aug-23,210016,155871
INDUS,Kotri,24-Aug-23,153711,113086
JHELUM,Kotli,24-Aug-23,-,6910
JHELUM,Mangla,24-Aug-23,26000,26415
JHELUM,Rasul,24-Aug-23,22650,19705
CHENAB,Marala,24-Aug-23,82559,54336
CHENAB,Khanki,24-Aug-23,54578,46354
CHENAB,Qadirabad,24-Aug-23,43016,33016
CHENAB,Trimmu,24-Aug-23,62976,54376
CHENAB,Punjnad,24-Aug-23,81347,64847
RAVI,Thein,24-Aug-23,-,-
RAVI,Jassar,24-Aug-23,-,24940
RAVI,Shahdara,24-Aug-23,-,32816
RAVI,Balloki,24-Aug-23,37995,29495
RAVI,Sidhnai,24-Aug-23,35398,17498
SUTLEJ,Bhakara**,24-Aug-23,-,-
SUTLEJ,Sulemanki,24-Aug-23,136632,136632
SUTLEJ,Islam,24-Aug-23,107142,106042
INDUS,khairabad,24-Aug-23,-,292100
INDUS,Kalabagh,24-Aug-23,284127,276127
INDUS,Chashma,24-Aug-23,266766,243956
INDUS,Taunsa,24-Aug-23,213378,191378
INDUS,Guddu,24-Aug-23,249755,218819
INDUS,Sukkar,24-Aug-23,210341,155871
INDUS,Kotri,24-Aug-23,153711,113086
JHELUM,Kotli,24-Aug-23,-,5840
JHELUM,Mangla,24-Aug-23,26000,35741
JHELUM,Rasul,24-Aug-23,22650,19705
CHENAB,Marala,24-Aug-23,77819,48759
CHENAB,Khanki,24-Aug-23,59810,51586
CHENAB,Qadirabad,24-Aug-23,44943,34943
CHENAB,Trimmu,24-Aug-23,61648,53048
CHENAB,Punjnad,24-Aug-23,81347,64847
RAVI,Thein,24-Aug-23,-,-
RAVI,Jassar,24-Aug-23,-,25560
RAVI,Shahdara,24-Aug-23,-,32861
RAVI,Balloki,24-Aug-23,38120,24120
RAVI,Sidhnai,24-Aug-23,36548,18648
SUTLEJ,Bhakara**,24-Aug-23,-,-
SUTLEJ,Sulemanki,24-Aug-23,136632,136632
SUTLEJ,Sulemanki,24-Aug-23,136632,136632
SUTLEJ,Sulemanki,24-Aug-23,117522,114494
SUTLEJ,Sulemanki,24-Aug-23,117522,114494
SUTLEJ,Sulemanki,24-Aug-23,117522,114494
SUTLEJ,Sulemanki,24-Aug-23,117522,114494
SUTLEJ,Sulemanki,24-Aug-23,117522,114494
SUTLEJ,Sulemanki,24-Aug-23,117522,114494
SUTLEJ,Sulemanki,24-Aug-23,117522,114494
SUTLEJ,Sulemanki,24-Aug-23,117522,114494
SUTLEJ,Sulemanki,24-Aug-23,117522,114494
SUTLEJ,Islam,24-Aug-23,107142,106042
SUTLEJ,Islam,24-Aug-23,107142,106042
SUTLEJ,Islam,24-Aug-23,110635,109535
SUTLEJ,Islam,24-Aug-23,110635,109535
SUTLEJ,Islam,24-Aug-23,119168,118068
SUTLEJ,Islam,24-Aug-23,119168,118068
SUTLEJ,Islam,24-Aug-23,119168,118068
SUTLEJ,Islam,24-Aug-23,119168,118068
SUTLEJ,Islam,24-Aug-23,134605,133505
SUTLEJ,Islam,24-Aug-23,134605,133505
SUTLEJ,Islam,24-Aug-23,134605,133505
INDUS,khairabad,24-Aug-23,-,285700
INDUS,Kalabagh,24-Aug-23,284127,276127
INDUS,Chashma,24-Aug-23,277142,252952
INDUS,Taunsa,24-Aug-23,213878,191378
INDUS,Guddu,24-Aug-23,249755,218819
INDUS,Sukkar,24-Aug-23,210341,155871
INDUS,Kotri,24-Aug-23,153711,113086
JHELUM,Kotli,24-Aug-23,-,5330
JHELUM,Mangla,24-Aug-23,26000,31078
JHELUM,Rasul,24-Aug-23,26555,23610
CHENAB,Marala,24-Aug-23,84059,54336
CHENAB,Khanki,24-Aug-23,59822,51586
CHENAB,Qadirabad,24-Aug-23,51220,41220
CHENAB,Trimmu,24-Aug-23,61648,53048
CHENAB,Punjnad,24-Aug-23,80666,64166
RAVI,Thein,24-Aug-23,-,-
RAVI,Jassar,24-Aug-23,-,26180
RAVI,Shahdara,24-Aug-23,-,32861
RAVI,Balloki,24-Aug-23,41000,23000
RAVI,Sidhnai,24-Aug-23,36548,18648
SUTLEJ,Bhakara**,24-Aug-23,-,-
SUTLEJ,Sulemanki,24-Aug-23,117522,114494
SUTLEJ,Islam,24-Aug-23,134605,133505
INDUS,khairabad,25-Aug-23,-,262900
INDUS,Kalabagh,25-Aug-23,285089,277089
INDUS,Chashma,25-Aug-23,287662,262762
INDUS,Taunsa,25-Aug-23,231148,208648
INDUS,Guddu,25-Aug-23,249905,218819
INDUS,Sukkar,25-Aug-23,210156,155871
INDUS,Kotri,25-Aug-23,153711,113086
JHELUM,Kotli,25-Aug-23,-,4830
JHELUM,Mangla,25-Aug-23,23000,26415
JHELUM,Rasul,25-Aug-23,22650,19705
CHENAB,Marala,25-Aug-23,78706,48983
CHENAB,Khanki,25-Aug-23,58108,49872
CHENAB,Qadirabad,25-Aug-23,51220,41220
CHENAB,Trimmu,25-Aug-23,61648,53048
CHENAB,Punjnad,25-Aug-23,80666,64166
RAVI,Thein,25-Aug-23,-,-
RAVI,Jassar,25-Aug-23,-,26180
RAVI,Shahdara,25-Aug-23,-,32138
RAVI,Balloki,25-Aug-23,41000,23000
RAVI,Sidhnai,25-Aug-23,36548,18648
SUTLEJ,Bhakara**,25-Aug-23,-,-
SUTLEJ,Sulemanki,25-Aug-23,117522,114494
SUTLEJ,Sulemanki,25-Aug-23,117522,114494
SUTLEJ,Sulemanki,25-Aug-23,117522,114494
SUTLEJ,Sulemanki,25-Aug-23,117522,114494
SUTLEJ,Sulemanki,25-Aug-23,117522,114494
SUTLEJ,Sulemanki,25-Aug-23,105973,95338
SUTLEJ,Sulemanki,25-Aug-23,105973,95338
SUTLEJ,Sulemanki,25-Aug-23,105973,95338
SUTLEJ,Sulemanki,25-Aug-23,105973,95338
SUTLEJ,Sulemanki,25-Aug-23,105973,95338
SUTLEJ,Sulemanki,25-Aug-23,105973,95338
SUTLEJ,Islam,25-Aug-23,134605,133505
SUTLEJ,Islam,25-Aug-23,134605,133505
SUTLEJ,Islam,25-Aug-23,134605,133505
SUTLEJ,Islam,25-Aug-23,136861,135761
SUTLEJ,Islam,25-Aug-23,136861,135761
SUTLEJ,Islam,25-Aug-23,136861,135761
SUTLEJ,Islam,25-Aug-23,136861,135761
SUTLEJ,Islam,25-Aug-23,136861,135761
SUTLEJ,Islam,25-Aug-23,136861,135761
SUTLEJ,Islam,25-Aug-23,141411,140311
SUTLEJ,Islam,25-Aug-23,143705,142605
INDUS,khairabad,25-Aug-23,-,281800
INDUS,Kalabagh,25-Aug-23,293597,285597
INDUS,Chashma,25-Aug-23,321062,296162
INDUS,Taunsa,25-Aug-23,236517,214017
INDUS,Guddu,25-Aug-23,249905,218819
INDUS,Sukkar,25-Aug-23,210156,155871
INDUS,Kotri,25-Aug-23,153401,113086
JHELUM,Kotli,25-Aug-23,-,4830
JHELUM,Mangla,25-Aug-23,23000,23000
JHELUM,Rasul,25-Aug-23,25865,23610
CHENAB,Marala,25-Aug-23,68000,38277
CHENAB,Khanki,25-Aug-23,59822,51586
CHENAB,Qadirabad,25-Aug-23,49615,39615
CHENAB,Trimmu,25-Aug-23,62976,54376
CHENAB,Punjnad,25-Aug-23,80666,64166
RAVI,Thein,25-Aug-23,-,-
RAVI,Jassar,25-Aug-23,-,21600
RAVI,Shahdara,25-Aug-23,-,32138
RAVI,Balloki,25-Aug-23,41200,23000
RAVI,Sidhnai,25-Aug-23,35398,17498
SUTLEJ,Bhakara**,25-Aug-23,-,-
SUTLEJ,Sulemanki,25-Aug-23,101492,89771
SUTLEJ,Islam,25-Aug-23,143705,142605
INDUS,khairabad,25-Aug-23,-,280600
INDUS,Kalabagh,25-Aug-23,284134,276134
INDUS,Chashma,25-Aug-23,300266,280486
INDUS,Taunsa,25-Aug-23,236517,214017
INDUS,Guddu,25-Aug-23,250000,218819
INDUS,Sukkar,25-Aug-23,210156,155871
INDUS,Kotri,25-Aug-23,153431,113086
JHELUM,Kotli,25-Aug-23,-,4350
JHELUM,Mangla,25-Aug-23,21000,20115
JHELUM,Rasul,25-Aug-23,30460,27515
CHENAB,Marala,25-Aug-23,68000,38277
CHENAB,Khanki,25-Aug-23,59822,51586
CHENAB,Qadirabad,25-Aug-23,51220,41220
CHENAB,Trimmu,25-Aug-23,66406,57806
CHENAB,Punjnad,25-Aug-23,80666,64166
RAVI,Thein,25-Aug-23,-,-
RAVI,Jassar,25-Aug-23,-,13397
RAVI,Shahdara,25-Aug-23,-,32138
RAVI,Balloki,25-Aug-23,40775,21375
RAVI,Sidhnai,25-Aug-23,35398,17498
SUTLEJ,Bhakara**,25-Aug-23,-,-
SUTLEJ,Sulemanki,25-Aug-23,101492,89771
SUTLEJ,Sulemanki,25-Aug-23,101492,89771
SUTLEJ,Sulemanki,25-Aug-23,101492,89771
SUTLEJ,Sulemanki,25-Aug-23,98487,86254
SUTLEJ,Sulemanki,25-Aug-23,98487,86254
SUTLEJ,Sulemanki,25-Aug-23,98487,86254
SUTLEJ,Sulemanki,25-Aug-23,98487,86254
SUTLEJ,Sulemanki,25-Aug-23,98487,86254
SUTLEJ,Sulemanki,25-Aug-23,98487,86254
SUTLEJ,Sulemanki,25-Aug-23,98487,86254
SUTLEJ,Sulemanki,25-Aug-23,98487,86254
SUTLEJ,Islam,25-Aug-23,144911,144911
SUTLEJ,Islam,25-Aug-23,144911,144911
SUTLEJ,Islam,25-Aug-23,144911,144911
SUTLEJ,Islam,25-Aug-23,144911,144911
SUTLEJ,Islam,25-Aug-23,144911,144911
SUTLEJ,Islam,25-Aug-23,151904,151904
SUTLEJ,Islam,25-Aug-23,151904,151904
SUTLEJ,Islam,25-Aug-23,151904,151904
SUTLEJ,Islam,25-Aug-23,151904,151904
SUTLEJ,Islam,25-Aug-23,151904,151904
SUTLEJ,Islam,25-Aug-23,151904,151904
INDUS,khairabad,25-Aug-23,-,299900
INDUS,Kalabagh,25-Aug-23,277197,269197
INDUS,Chashma,25-Aug-23,299121,280921
INDUS,Taunsa,25-Aug-23,236517,214017
INDUS,Guddu,25-Aug-23,250000,218819
INDUS,Sukkar,25-Aug-23,210156,155871
INDUS,Kotri,25-Aug-23,153431,113086
JHELUM,Kotli,25-Aug-23,-,4590
JHELUM,Mangla,25-Aug-23,20000,18915
JHELUM,Rasul,25-Aug-23,26405,23610
CHENAB,Marala,25-Aug-23,73853,43630
CHENAB,Khanki,25-Aug-23,48758,40446
CHENAB,Qadirabad,25-Aug-23,45607,35607
CHENAB,Trimmu,25-Aug-23,71401,62801
CHENAB,Punjnad,25-Aug-23,80666,64166
RAVI,Thein,25-Aug-23,-,-
RAVI,Jassar,25-Aug-23,-,11826
RAVI,Shahdara,25-Aug-23,-,32138
RAVI,Balloki,25-Aug-23,40245,19645
RAVI,Sidhnai,25-Aug-23,35398,17498
SUTLEJ,Bhakara**,25-Aug-23,-,-
SUTLEJ,Sulemanki,25-Aug-23,98487,86254
SUTLEJ,Islam,25-Aug-23,151904,151904
INDUS,khairabad,26-Aug-23,-,281800
INDUS,Kalabagh,26-Aug-23,283179,275179
INDUS,Chashma,26-Aug-23,310586,292386
INDUS,Taunsa,26-Aug-23,241290,218790
INDUS,Guddu,26-Aug-23,241541,210360
INDUS,Sukkar,26-Aug-23,205010,151500
INDUS,Kotri,26-Aug-23,153431,113086
JHELUM,Kotli,26-Aug-23,-,4590
JHELUM,Mangla,26-Aug-23,17000,16000
JHELUM,Rasul,26-Aug-23,14690,11895
CHENAB,Marala,26-Aug-23,68500,38277
CHENAB,Khanki,26-Aug-23,51872,43560
CHENAB,Qadirabad,26-Aug-23,43571,35571
CHENAB,Trimmu,26-Aug-23,71401,62801
CHENAB,Punjnad,26-Aug-23,80666,64166
RAVI,Thein,26-Aug-23,-,-
RAVI,Jassar,26-Aug-23,-,11826
RAVI,Shahdara,26-Aug-23,-,30692
RAVI,Balloki,26-Aug-23,40245,19645
RAVI,Sidhnai,26-Aug-23,35398,17498
SUTLEJ,Bhakara**,26-Aug-23,-,-
SUTLEJ,Sulemanki,26-Aug-23,98487,86254
SUTLEJ,Sulemanki,26-Aug-23,98487,86254
SUTLEJ,Sulemanki,26-Aug-23,98487,86254
SUTLEJ,Sulemanki,26-Aug-23,98487,86254
SUTLEJ,Sulemanki,26-Aug-23,98487,86254
SUTLEJ,Sulemanki,26-Aug-23,96638,83720
SUTLEJ,Sulemanki,26-Aug-23,96638,83720
SUTLEJ,Sulemanki,26-Aug-23,96638,83720
SUTLEJ,Sulemanki,26-Aug-23,96638,83720
SUTLEJ,Sulemanki,26-Aug-23,96638,83720
SUTLEJ,Sulemanki,26-Aug-23,96638,83720
SUTLEJ,Islam,26-Aug-23,151904,151904
SUTLEJ,Islam,26-Aug-23,151904,151904
SUTLEJ,Islam,26-Aug-23,151904,151904
SUTLEJ,Islam,26-Aug-23,151904,151904
SUTLEJ,Islam,26-Aug-23,151904,151904
SUTLEJ,Islam,26-Aug-23,151904,151904
SUTLEJ,Islam,26-Aug-23,151904,151904
SUTLEJ,Islam,26-Aug-23,151904,151904
SUTLEJ,Islam,26-Aug-23,151904,151904
SUTLEJ,Islam,26-Aug-23,151904,151904
SUTLEJ,Islam,26-Aug-23,147230,147230
INDUS,khairabad,26-Aug-23,-,161800
INDUS,Kalabagh,26-Aug-23,293597,285597
INDUS,Chashma,26-Aug-23,343697,325797
INDUS,Taunsa,26-Aug-23,241290,218790
INDUS,Guddu,26-Aug-23,241535,210360
INDUS,Sukkar,26-Aug-23,205010,151500
INDUS,Kotri,26-Aug-23,153431,113086
JHELUM,Kotli,26-Aug-23,-,4350
JHELUM,Mangla,26-Aug-23,18000,14715
JHELUM,Rasul,26-Aug-23,18595,15800
CHENAB,Marala,26-Aug-23,63147,32924
CHENAB,Khanki,26-Aug-23,48758,40446
CHENAB,Qadirabad,26-Aug-23,36896,26896
CHENAB,Trimmu,26-Aug-23,71401,62801
CHENAB,Punjnad,26-Aug-23,80666,64166
RAVI,Thein,26-Aug-23,-,-
RAVI,Jassar,26-Aug-23,-,10709
RAVI,Shahdara,26-Aug-23,-,30692
RAVI,Balloki,26-Aug-23,40625,17625
RAVI,Sidhnai,26-Aug-23,35398,17498
SUTLEJ,Bhakara**,26-Aug-23,-,-
SUTLEJ,Sulemanki,26-Aug-23,96638,83720
SUTLEJ,Islam,26-Aug-23,147230,147230
INDUS,khairabad,26-Aug-23,-,246800
INDUS,Kalabagh,26-Aug-23,265103,257103
INDUS,Chashma,26-Aug-23,335674,317974
INDUS,Taunsa,26-Aug-23,242961,223961
INDUS,Guddu,26-Aug-23,241535,210360
INDUS,Sukkar,26-Aug-23,205010,151500
INDUS,Kotri,26-Aug-23,153431,113086
JHELUM,Kotli,26-Aug-23,-,3880
JHELUM,Mangla,26-Aug-23,19000,14715
JHELUM,Rasul,26-Aug-23,10835,7990
CHENAB,Marala,26-Aug-23,52541,22218
CHENAB,Khanki,26-Aug-23,45535,37223
CHENAB,Qadirabad,26-Aug-23,39937,29937
CHENAB,Trimmu,26-Aug-23,76238,67638
CHENAB,Punjnad,26-Aug-23,80666,64166
RAVI,Thein,26-Aug-23,-,-
RAVI,Jassar,26-Aug-23,-,9964
RAVI,Shahdara,26-Aug-23,-,29969
RAVI,Balloki,26-Aug-23,41855,19355
RAVI,Sidhnai,26-Aug-23,35298,17498
SUTLEJ,Bhakara**,26-Aug-23,-,-
SUTLEJ,Sulemanki,26-Aug-23,96638,83720
SUTLEJ,Sulemanki,26-Aug-23,102822,89600
SUTLEJ,Sulemanki,26-Aug-23,102822,89600
SUTLEJ,Sulemanki,26-Aug-23,102822,89600
SUTLEJ,Sulemanki,26-Aug-23,102822,89600
SUTLEJ,Sulemanki,26-Aug-23,102822,89600
SUTLEJ,Sulemanki,26-Aug-23,102822,89600
SUTLEJ,Sulemanki,26-Aug-23,102822,89600
SUTLEJ,Sulemanki,26-Aug-23,102822,89600
SUTLEJ,Sulemanki,26-Aug-23,102822,89600
SUTLEJ,Sulemanki,26-Aug-23,102822,89600
SUTLEJ,Islam,26-Aug-23,142605,142605
SUTLEJ,Islam,26-Aug-23,142605,142605
SUTLEJ,Islam,26-Aug-23,142605,142605
SUTLEJ,Islam,26-Aug-23,142605,142605
SUTLEJ,Islam,26-Aug-23,142605,142605
SUTLEJ,Islam,26-Aug-23,142605,142605
SUTLEJ,Islam,26-Aug-23,142605,142605
SUTLEJ,Islam,26-Aug-23,142605,142605
SUTLEJ,Islam,26-Aug-23,142605,142605
SUTLEJ,Islam,26-Aug-23,142605,142605
SUTLEJ,Islam,26-Aug-23,138030,138030
INDUS,khairabad,26-Aug-23,-,292100
INDUS,Kalabagh,26-Aug-23,226165,218165
INDUS,Chashma,26-Aug-23,286013,268313
INDUS,Taunsa,26-Aug-23,253385,234385
INDUS,Guddu,26-Aug-23,241535,210360
INDUS,Sukkar,26-Aug-23,205010,151500
INDUS,Kotri,26-Aug-23,153431,113086
JHELUM,Kotli,26-Aug-23,-,4110
JHELUM,Mangla,26-Aug-23,19000,14715
JHELUM,Rasul,26-Aug-23,8186,5341
CHENAB,Marala,26-Aug-23,56247,32924
CHENAB,Khanki,26-Aug-23,45535,37223
CHENAB,Qadirabad,26-Aug-23,39937,29337
CHENAB,Trimmu,26-Aug-23,77560,68960
CHENAB,Punjnad,26-Aug-23,80666,64166
RAVI,Thein,26-Aug-23,-,-
RAVI,Jassar,26-Aug-23,-,9591
RAVI,Shahdara,26-Aug-23,-,31415
RAVI,Balloki,26-Aug-23,41855,19355
RAVI,Sidhnai,26-Aug-23,34091,16291
SUTLEJ,Bhakara**,26-Aug-23,-,-
SUTLEJ,Sulemanki,26-Aug-23,102822,89600
SUTLEJ,Islam,26-Aug-23,138030,138030
INDUS,khairabad,27-Aug-23,-,225000
INDUS,Kalabagh,27-Aug-23,266745,248745
INDUS,Chashma,27-Aug-23,278755,261055
INDUS,Taunsa,27-Aug-23,265202,245702
INDUS,Guddu,27-Aug-23,242036,210360
INDUS,Sukkar,27-Aug-23,205110,151500
INDUS,Kotri,27-Aug-23,153571,113086
JHELUM,Kotli,27-Aug-23,-,4350
JHELUM,Mangla,27-Aug-23,18000,14715
JHELUM,Rasul,27-Aug-23,2845,-
CHENAB,Marala,27-Aug-23,45541,22218
CHENAB,Khanki,27-Aug-23,37609,29297
CHENAB,Qadirabad,27-Aug-23,36896,26896
CHENAB,Trimmu,27-Aug-23,77560,68960
CHENAB,Punjnad,27-Aug-23,80666,64166
RAVI,Thein,27-Aug-23,-,-
RAVI,Jassar,27-Aug-23,-,9591
RAVI,Shahdara,27-Aug-23,-,29969
RAVI,Balloki,27-Aug-23,39690,17190
RAVI,Sidhnai,27-Aug-23,34091,16291
SUTLEJ,Bhakara**,27-Aug-23,-,-
SUTLEJ,Sulemanki,27-Aug-23,102682,89600
SUTLEJ,Sulemanki,27-Aug-23,102682,89600
SUTLEJ,Sulemanki,27-Aug-23,102682,89600
SUTLEJ,Sulemanki,27-Aug-23,102682,89600
SUTLEJ,Sulemanki,27-Aug-23,102682,89600
SUTLEJ,Sulemanki,27-Aug-23,102682,89600
SUTLEJ,Sulemanki,27-Aug-23,102682,89600
SUTLEJ,Sulemanki,27-Aug-23,102682,89600
SUTLEJ,Sulemanki,27-Aug-23,102682,89600
SUTLEJ,Sulemanki,27-Aug-23,102682,89600
SUTLEJ,Sulemanki,27-Aug-23,102682,89600
SUTLEJ,Islam,27-Aug-23,138030,138030
SUTLEJ,Islam,27-Aug-23,138030,138030
SUTLEJ,Islam,27-Aug-23,138030,138030
SUTLEJ,Islam,27-Aug-23,138030,138030
SUTLEJ,Islam,27-Aug-23,138030,138030
SUTLEJ,Islam,27-Aug-23,135761,135761
SUTLEJ,Islam,27-Aug-23,135761,135761
SUTLEJ,Islam,27-Aug-23,135761,135761
SUTLEJ,Islam,27-Aug-23,135761,135761
SUTLEJ,Islam,27-Aug-23,135761,135761
SUTLEJ,Islam,27-Aug-23,135761,135761
INDUS,khairabad,27-Aug-23,-,225000
INDUS,Kalabagh,27-Aug-23,256745,248745
INDUS,Chashma,27-Aug-23,282584,264884
INDUS,Taunsa,27-Aug-23,276181,253681
INDUS,Guddu,27-Aug-23,248565,217029
INDUS,Sukkar,27-Aug-23,205110,151500
INDUS,Kotri,27-Aug-23,153711,113086
JHELUM,Kotli,27-Aug-23,-,3880
JHELUM,Mangla,27-Aug-23,18000,14715
JHELUM,Rasul,27-Aug-23,8336,5341
CHENAB,Marala,27-Aug-23,45541,22218
CHENAB,Khanki,27-Aug-23,33222,24910
CHENAB,Qadirabad,27-Aug-23,32843,22843
CHENAB,Trimmu,27-Aug-23,77560,68960
CHENAB,Punjnad,27-Aug-23,80666,64166
RAVI,Thein,27-Aug-23,-,-
RAVI,Jassar,27-Aug-23,-,8846
RAVI,Shahdara,27-Aug-23,-,29969
RAVI,Balloki,27-Aug-23,39815,17115
RAVI,Sidhnai,27-Aug-23,31934,14134
SUTLEJ,Bhakara**,27-Aug-23,-,-
SUTLEJ,Sulemanki,27-Aug-23,102682,89600
SUTLEJ,Islam,27-Aug-23,100028,100028
INDUS,khairabad,27-Aug-23,-,149200
INDUS,Kalabagh,27-Aug-23,204019,196019
INDUS,Chashma,27-Aug-23,252742,235042
INDUS,Taunsa,27-Aug-23,276181,253681
INDUS,Guddu,27-Aug-23,248565,217029
INDUS,Sukkar,27-Aug-23,205110,151500
INDUS,Kotri,27-Aug-23,153711,113086
JHELUM,Kotli,27-Aug-23,-,3660
JHELUM,Mangla,27-Aug-23,19000,14715
JHELUM,Rasul,27-Aug-23,8391,5341
CHENAB,Marala,27-Aug-23,40188,16865
CHENAB,Khanki,27-Aug-23,37622,29297
CHENAB,Qadirabad,27-Aug-23,27690,17690
CHENAB,Trimmu,27-Aug-23,80534,71934
CHENAB,Punjnad,27-Aug-23,80666,64166
RAVI,Thein,27-Aug-23,-,-
RAVI,Jassar,27-Aug-23,-,7101
RAVI,Shahdara,27-Aug-23,-,29969
RAVI,Balloki,27-Aug-23,36975,14125
RAVI,Sidhnai,27-Aug-23,31934,14134
SUTLEJ,Bhakara**,27-Aug-23,-,-
SUTLEJ,Sulemanki,27-Aug-23,102682,89600
SUTLEJ,Sulemanki,27-Aug-23,102682,89600
SUTLEJ,Sulemanki,27-Aug-23,102682,89600
SUTLEJ,Sulemanki,27-Aug-23,108044,94574
SUTLEJ,Sulemanki,27-Aug-23,108044,94574
SUTLEJ,Sulemanki,27-Aug-23,108044,94574
SUTLEJ,Sulemanki,27-Aug-23,108044,94574
SUTLEJ,Sulemanki,27-Aug-23,108044,94574
SUTLEJ,Sulemanki,27-Aug-23,108044,94574
SUTLEJ,Sulemanki,27-Aug-23,108044,94574
SUTLEJ,Sulemanki,27-Aug-23,108044,94574
SUTLEJ,Islam,27-Aug-23,100028,100028
SUTLEJ,Islam,27-Aug-23,100028,100028
SUTLEJ,Islam,27-Aug-23,100028,100028
SUTLEJ,Islam,27-Aug-23,100028,100028
SUTLEJ,Islam,27-Aug-23,100028,100028
SUTLEJ,Islam,27-Aug-23,100028,100028
SUTLEJ,Islam,27-Aug-23,100028,100028
SUTLEJ,Islam,27-Aug-23,100028,100028
SUTLEJ,Islam,27-Aug-23,100028,100028
SUTLEJ,Islam,27-Aug-23,100028,100028
SUTLEJ,Islam,27-Aug-23,100028,100028
INDUS,khairabad,27-Aug-23,-,210900
INDUS,Kalabagh,27-Aug-23,191205,183205
INDUS,Chashma,27-Aug-23,242783,225083
INDUS,Taunsa,27-Aug-23,276181,253681
INDUS,Guddu,27-Aug-23,248565,217029
INDUS,Sukkar,27-Aug-23,205110,151500
INDUS,Kotri,27-Aug-23,153711,113086
JHELUM,Kotli,27-Aug-23,-,3880
JHELUM,Mangla,27-Aug-23,17000,14715
JHELUM,Rasul,27-Aug-23,8391,5341
CHENAB,Marala,27-Aug-23,40188,16865
CHENAB,Khanki,27-Aug-23,35455,27130
CHENAB,Qadirabad,27-Aug-23,25049,15049
CHENAB,Trimmu,27-Aug-23,83057,74457
CHENAB,Punjnad,27-Aug-23,85165,68515
RAVI,Thein,27-Aug-23,-,-
RAVI,Jassar,27-Aug-23,-,7101
RAVI,Shahdara,27-Aug-23,-,27362
RAVI,Balloki,27-Aug-23,37125,14125
RAVI,Sidhnai,27-Aug-23,32034,14134
SUTLEJ,Bhakara**,27-Aug-23,-,-
SUTLEJ,Sulemanki,27-Aug-23,108044,94574
SUTLEJ,Islam,27-Aug-23,100028,100028
INDUS,khairabad,28-Aug-23,-,244300
INDUS,Kalabagh,28-Aug-23,192160,184160
INDUS,Chashma,28-Aug-23,254545,236845
INDUS,Taunsa,28-Aug-23,282367,258867
INDUS,Guddu,28-Aug-23,266592,235056
INDUS,Sukkar,28-Aug-23,205210,151500
INDUS,Kotri,28-Aug-23,153711,113086
JHELUM,Kotli,28-Aug-23,-,7350
JHELUM,Mangla,28-Aug-23,21700,21815
JHELUM,Rasul,28-Aug-23,8391,5341
CHENAB,Marala,28-Aug-23,45541,22218
CHENAB,Khanki,28-Aug-23,33235,24910
CHENAB,Qadirabad,28-Aug-23,25049,15049
CHENAB,Trimmu,28-Aug-23,83057,74457
CHENAB,Punjnad,28-Aug-23,85165,68515
RAVI,Thein,28-Aug-23,-,-
RAVI,Jassar,28-Aug-23,-,7101
RAVI,Shahdara,28-Aug-23,-,25407
RAVI,Balloki,28-Aug-23,37125,14125
RAVI,Sidhnai,28-Aug-23,28162,10262
SUTLEJ,Bhakara**,28-Aug-23,-,-
SUTLEJ,Sulemanki,28-Aug-23,108145,94574
SUTLEJ,Sulemanki,28-Aug-23,108145,94574
SUTLEJ,Sulemanki,28-Aug-23,108145,94574
SUTLEJ,Sulemanki,28-Aug-23,108145,94574
SUTLEJ,Sulemanki,28-Aug-23,108145,94574
SUTLEJ,Sulemanki,28-Aug-23,108145,94574
SUTLEJ,Sulemanki,28-Aug-23,108145,94574
SUTLEJ,Sulemanki,28-Aug-23,108145,94574
SUTLEJ,Sulemanki,28-Aug-23,108145,94574
SUTLEJ,Sulemanki,28-Aug-23,108145,94574
SUTLEJ,Sulemanki,28-Aug-23,108145,94574
SUTLEJ,Islam,28-Aug-23,100028,100028
SUTLEJ,Islam,28-Aug-23,100028,100028
SUTLEJ,Islam,28-Aug-23,100028,100028
SUTLEJ,Islam,28-Aug-23,100028,100028
SUTLEJ,Islam,28-Aug-23,100028,100028
SUTLEJ,Islam,28-Aug-23,94282,94282
SUTLEJ,Islam,28-Aug-23,94282,94282
SUTLEJ,Islam,28-Aug-23,94282,94282
SUTLEJ,Islam,28-Aug-23,94282,94282
SUTLEJ,Islam,28-Aug-23,94282,94282
SUTLEJ,Islam,28-Aug-23,94282,94282
INDUS,khairabad,28-Aug-23,-,213200
INDUS,Kalabagh,28-Aug-23,221392,213392
INDUS,Chashma,28-Aug-23,215407,200255
INDUS,Taunsa,28-Aug-23,282367,258867
INDUS,Guddu,28-Aug-23,268080,237544
INDUS,Sukkar,28-Aug-23,205210,151500
INDUS,Kotri,28-Aug-23,153711,113086
JHELUM,Kotli,28-Aug-23,-,4350
JHELUM,Mangla,28-Aug-23,21000,18815
JHELUM,Rasul,28-Aug-23,11040,7990
CHENAB,Marala,28-Aug-23,45541,22218
CHENAB,Khanki,28-Aug-23,29013,20688
CHENAB,Qadirabad,28-Aug-23,25049,15049
CHENAB,Trimmu,28-Aug-23,83057,74457
CHENAB,Punjnad,28-Aug-23,93598,76948
RAVI,Thein,28-Aug-23,-,-
RAVI,Jassar,28-Aug-23,-,6852
RAVI,Shahdara,28-Aug-23,-,24104
RAVI,Balloki,28-Aug-23,37125,14125
RAVI,Sidhnai,28-Aug-23,27913,10013
SUTLEJ,Bhakara**,28-Aug-23,-,-
SUTLEJ,Sulemanki,28-Aug-23,108145,94574
SUTLEJ,Islam,28-Aug-23,94282,94282
INDUS,khairabad,28-Aug-23,-,157600
INDUS,Kalabagh,28-Aug-23,200161,192161
INDUS,Chashma,28-Aug-23,217917,200217
INDUS,Taunsa,28-Aug-23,270242,246742
INDUS,Guddu,28-Aug-23,269537,239712
INDUS,Sukkar,28-Aug-23,205210,151500
INDUS,Kotri,28-Aug-23,153711,113086
JHELUM,Kotli,28-Aug-23,-,3880
JHELUM,Mangla,28-Aug-23,19000,17515
JHELUM,Rasul,28-Aug-23,11040,7990
CHENAB,Marala,28-Aug-23,45541,22218
CHENAB,Khanki,28-Aug-23,31176,22851
CHENAB,Qadirabad,28-Aug-23,19935,9935
CHENAB,Trimmu,28-Aug-23,83057,74457
CHENAB,Punjnad,28-Aug-23,93598,76948
RAVI,Thein,28-Aug-23,-,-
RAVI,Jassar,28-Aug-23,-,6852
RAVI,Shahdara,28-Aug-23,-,24104
RAVI,Balloki,28-Aug-23,35495,12495
RAVI,Sidhnai,28-Aug-23,27289,9389
SUTLEJ,Bhakara**,28-Aug-23,-,-
SUTLEJ,Sulemanki,28-Aug-23,108386,94574
SUTLEJ,Sulemanki,28-Aug-23,108386,94574
SUTLEJ,Sulemanki,28-Aug-23,108386,94574
SUTLEJ,Sulemanki,28-Aug-23,108386,94574
SUTLEJ,Sulemanki,28-Aug-23,108386,94574
SUTLEJ,Sulemanki,28-Aug-23,108386,94574
SUTLEJ,Sulemanki,28-Aug-23,108386,94574
SUTLEJ,Sulemanki,28-Aug-23,108386,94574
SUTLEJ,Sulemanki,28-Aug-23,108386,94574
SUTLEJ,Sulemanki,28-Aug-23,108386,94574
SUTLEJ,Sulemanki,28-Aug-23,108386,94574
SUTLEJ,Islam,28-Aug-23,94282,94282
SUTLEJ,Islam,28-Aug-23,94282,94282
SUTLEJ,Islam,28-Aug-23,94282,94282
SUTLEJ,Islam,28-Aug-23,94282,94282
SUTLEJ,Islam,28-Aug-23,94282,94282
SUTLEJ,Islam,28-Aug-23,94282,94282
SUTLEJ,Islam,28-Aug-23,94282,94282
SUTLEJ,Islam,28-Aug-23,89152,87602
SUTLEJ,Islam,28-Aug-23,89152,87602
SUTLEJ,Islam,28-Aug-23,89152,87602
SUTLEJ,Islam,28-Aug-23,89152,87602
INDUS,khairabad,28-Aug-23,-,151300
INDUS,Kalabagh,28-Aug-23,193115,185115
INDUS,Chashma,28-Aug-23,232718,217566
INDUS,Taunsa,28-Aug-23,270242,246742
INDUS,Guddu,28-Aug-23,269537,239712
INDUS,Sukkar,28-Aug-23,205210,151500
INDUS,Kotri,28-Aug-23,153711,113086
JHELUM,Kotli,28-Aug-23,-,3660
JHELUM,Mangla,28-Aug-23,17000,17515
JHELUM,Rasul,28-Aug-23,18645,15800
CHENAB,Marala,28-Aug-23,45541,22218
CHENAB,Khanki,28-Aug-23,31189,22851
CHENAB,Qadirabad,28-Aug-23,22503,12503
CHENAB,Trimmu,28-Aug-23,77266,68666
CHENAB,Punjnad,28-Aug-23,93598,76948
RAVI,Thein,28-Aug-23,-,-
RAVI,Jassar,28-Aug-23,-,6852
RAVI,Shahdara,28-Aug-23,-,22322
RAVI,Balloki,28-Aug-23,35495,12495
RAVI,Sidhnai,28-Aug-23,26302,8402
SUTLEJ,Bhakara**,28-Aug-23,-,-
SUTLEJ,Sulemanki,28-Aug-23,108438,94574
SUTLEJ,Islam,28-Aug-23,89152,87602
INDUS,khairabad,29-Aug-23,-,153400
INDUS,Kalabagh,29-Aug-23,200201,192201
INDUS,Chashma,29-Aug-23,264415,246715
INDUS,Taunsa,29-Aug-23,260031,236531
INDUS,Guddu,29-Aug-23,276325,247093
INDUS,Sukkar,29-Aug-23,224455,170525
INDUS,Kotri,29-Aug-23,148430,107665
JHELUM,Kotli,29-Aug-23,-,4110
JHELUM,Mangla,29-Aug-23,16000,17515
JHELUM,Rasul,29-Aug-23,14740,11895
CHENAB,Marala,29-Aug-23,45541,22218
CHENAB,Khanki,29-Aug-23,29029,20691
CHENAB,Qadirabad,29-Aug-23,22503,12503
CHENAB,Trimmu,29-Aug-23,79266,68666
CHENAB,Punjnad,29-Aug-23,93598,76948
RAVI,Thein,29-Aug-23,-,-
RAVI,Jassar,29-Aug-23,-,6852
RAVI,Shahdara,29-Aug-23,-,22322
RAVI,Balloki,29-Aug-23,31280,8280
RAVI,Sidhnai,29-Aug-23,26302,8402
SUTLEJ,Bhakara**,29-Aug-23,-,-
SUTLEJ,Sulemanki,29-Aug-23,108438,94574
SUTLEJ,Sulemanki,29-Aug-23,108438,94574
SUTLEJ,Sulemanki,29-Aug-23,108438,94574
SUTLEJ,Sulemanki,29-Aug-23,108438,94574
SUTLEJ,Sulemanki,29-Aug-23,98878,85014
SUTLEJ,Sulemanki,29-Aug-23,98878,85014
SUTLEJ,Sulemanki,29-Aug-23,98878,85014
SUTLEJ,Sulemanki,29-Aug-23,98878,85014
SUTLEJ,Sulemanki,29-Aug-23,98878,85014
SUTLEJ,Sulemanki,29-Aug-23,98878,85014
SUTLEJ,Sulemanki,29-Aug-23,98878,85014
SUTLEJ,Islam,29-Aug-23,89152,87602
SUTLEJ,Islam,29-Aug-23,89152,87602
SUTLEJ,Islam,29-Aug-23,89152,87602
SUTLEJ,Islam,29-Aug-23,89152,87602
SUTLEJ,Islam,29-Aug-23,89152,87602
SUTLEJ,Islam,29-Aug-23,82916,81366
SUTLEJ,Islam,29-Aug-23,82916,81366
SUTLEJ,Islam,29-Aug-23,82916,81366
SUTLEJ,Islam,29-Aug-23,82916,81366
SUTLEJ,Islam,29-Aug-23,82916,81366
SUTLEJ,Islam,29-Aug-23,82916,81366
INDUS,khairabad,29-Aug-23,-,142000
INDUS,Kalabagh,29-Aug-23,200201,192201
INDUS,Chashma,29-Aug-23,256378,240747
INDUS,Taunsa,29-Aug-23,259531,236531
INDUS,Guddu,29-Aug-23,276515,247093
INDUS,Sukkar,29-Aug-23,224455,170525
INDUS,Kotri,29-Aug-23,148430,107665
JHELUM,Kotli,29-Aug-23,-,3880
JHELUM,Mangla,29-Aug-23,16000,17515
JHELUM,Rasul,29-Aug-23,10835,7990
CHENAB,Marala,29-Aug-23,45541,22218
CHENAB,Khanki,29-Aug-23,29029,20691
CHENAB,Qadirabad,29-Aug-23,22503,12503
CHENAB,Trimmu,29-Aug-23,73829,63228
CHENAB,Punjnad,29-Aug-23,93598,76948
RAVI,Thein,29-Aug-23,-,-
RAVI,Jassar,29-Aug-23,-,6353
RAVI,Shahdara,29-Aug-23,-,21756
RAVI,Balloki,29-Aug-23,31080,8280
RAVI,Sidhnai,29-Aug-23,25069,7169
SUTLEJ,Bhakara**,29-Aug-23,-,-
SUTLEJ,Sulemanki,29-Aug-23,98878,85014
SUTLEJ,Islam,29-Aug-23,82916,81366
INDUS,khairabad,29-Aug-23,-,129900
INDUS,Kalabagh,29-Aug-23,167856,159856
INDUS,Chashma,29-Aug-23,248068,232437
INDUS,Taunsa,29-Aug-23,241984,218984
INDUS,Guddu,29-Aug-23,279928,250506
INDUS,Sukkar,29-Aug-23,224455,170525
INDUS,Kotri,29-Aug-23,148570,107665
JHELUM,Kotli,29-Aug-23,-,3660
JHELUM,Mangla,29-Aug-23,17000,17515
JHELUM,Rasul,29-Aug-23,16040,7990
CHENAB,Marala,29-Aug-23,40473,15953
CHENAB,Khanki,29-Aug-23,35468,27130
CHENAB,Qadirabad,29-Aug-23,19514,8614
CHENAB,Trimmu,29-Aug-23,71255,60430
CHENAB,Punjnad,29-Aug-23,93598,76948
RAVI,Thein,29-Aug-23,-,-
RAVI,Jassar,29-Aug-23,-,7350
RAVI,Shahdara,29-Aug-23,-,21756
RAVI,Balloki,29-Aug-23,29870,6870
RAVI,Sidhnai,29-Aug-23,25069,7169
SUTLEJ,Bhakara**,29-Aug-23,-,-
SUTLEJ,Sulemanki,29-Aug-23,98878,85014
SUTLEJ,Sulemanki,29-Aug-23,98878,85014
SUTLEJ,Sulemanki,29-Aug-23,98878,85014
SUTLEJ,Sulemanki,29-Aug-23,95340,81173
SUTLEJ,Sulemanki,29-Aug-23,95340,81173
SUTLEJ,Islam,29-Aug-23,82916,81366
SUTLEJ,Islam,29-Aug-23,82916,81366
SUTLEJ,Islam,29-Aug-23,82916,81366
SUTLEJ,Islam,29-Aug-23,82916,81366
SUTLEJ,Islam,29-Aug-23,82916,81366
INDUS,khairabad,29-Aug-23,-,127000
INDUS,Kalabagh,29-Aug-23,167856,159856
INDUS,Chashma,29-Aug-23,205593,187893
INDUS,Taunsa,29-Aug-23,219893,196893
INDUS,Guddu,29-Aug-23,279928,250506
INDUS,Sukkar,29-Aug-23,224455,170525
INDUS,Kotri,29-Aug-23,148570,107665
JHELUM,Kotli,29-Aug-23,-,3880
JHELUM,Mangla,29-Aug-23,17000,20315
JHELUM,Rasul,29-Aug-23,13391,5341
CHENAB,Marala,29-Aug-23,40998,15286
CHENAB,Khanki,29-Aug-23,33260,24910
CHENAB,Qadirabad,29-Aug-23,25031,12503
CHENAB,Trimmu,29-Aug-23,67856,55485
CHENAB,Punjnad,29-Aug-23,93598,76948
RAVI,Thein,29-Aug-23,-,-
RAVI,Jassar,29-Aug-23,-,7350
RAVI,Shahdara,29-Aug-23,-,21756
RAVI,Balloki,29-Aug-23,29870,6870
RAVI,Sidhnai,29-Aug-23,23188,5288
SUTLEJ,Bhakara**,29-Aug-23,-,-
SUTLEJ,Sulemanki,29-Aug-23,95340,81173
SUTLEJ,Islam,29-Aug-23,82916,81366
INDUS,khairabad,30-Aug-23,-,130900
INDUS,Kalabagh,30-Aug-23,168811,160811
INDUS,Chashma,30-Aug-23,202768,185068
INDUS,Taunsa,30-Aug-23,213917,190417
INDUS,Guddu,30-Aug-23,303490,273918
INDUS,Sukkar,30-Aug-23,238080,184350
INDUS,Kotri,30-Aug-23,148570,107665
JHELUM,Kotli,30-Aug-23,-,4110
JHELUM,Mangla,30-Aug-23,17000,17515
JHELUM,Rasul,30-Aug-23,13391,5341
CHENAB,Marala,30-Aug-23,38467,11512
CHENAB,Khanki,30-Aug-23,29038,20688
CHENAB,Qadirabad,30-Aug-23,28861,15049
CHENAB,Trimmu,30-Aug-23,65674,52074
CHENAB,Punjnad,30-Aug-23,101037,84387
RAVI,Thein,30-Aug-23,-,-
RAVI,Jassar,30-Aug-23,-,7350
RAVI,Shahdara,30-Aug-23,-,21756
RAVI,Balloki,30-Aug-23,29345,6345
RAVI,Sidhnai,30-Aug-23,23188,5288
SUTLEJ,Bhakara**,30-Aug-23,-,-
SUTLEJ,Sulemanki,30-Aug-23,95196,81173
SUTLEJ,Sulemanki,30-Aug-23,95196,81173
SUTLEJ,Sulemanki,30-Aug-23,95196,81173
SUTLEJ,Islam,30-Aug-23,82916,81366
SUTLEJ,Islam,30-Aug-23,82916,81366
SUTLEJ,Islam,30-Aug-23,82916,81366
INDUS,khairabad,30-Aug-23,-,121100
INDUS,Kalabagh,30-Aug-23,168811,160811
INDUS,Chashma,30-Aug-23,174894,157194
INDUS,Taunsa,30-Aug-23,202815,178815
INDUS,Guddu,30-Aug-23,307715,277482
INDUS,Sukkar,30-Aug-23,238080,184350
INDUS,Kotri,30-Aug-23,148570,107665
JHELUM,Kotli,30-Aug-23,-,3880
JHELUM,Mangla,30-Aug-23,15000,15515
JHELUM,Rasul,30-Aug-23,13391,5341
CHENAB,Marala,30-Aug-23,41742,13494
CHENAB,Khanki,30-Aug-23,26331,18270
CHENAB,Qadirabad,30-Aug-23,25031,9935
CHENAB,Trimmu,30-Aug-23,58821,45221
CHENAB,Punjnad,30-Aug-23,101037,84387
RAVI,Thein,30-Aug-23,-,-
RAVI,Jassar,30-Aug-23,-,7101
RAVI,Shahdara,30-Aug-23,-,21756
RAVI,Balloki,30-Aug-23,29345,6345
RAVI,Sidhnai,30-Aug-23,23849,5949
SUTLEJ,Bhakara**,30-Aug-23,-,-
SUTLEJ,Sulemanki,30-Aug-23,95196,81173
SUTLEJ,Islam,30-Aug-23,79703,78153
INDUS,khairabad,30-Aug-23,-,117300
INDUS,Kalabagh,30-Aug-23,161594,153594
INDUS,Chashma,30-Aug-23,170196,152496
INDUS,Taunsa,30-Aug-23,202815,178815
INDUS,Guddu,30-Aug-23,307715,277482
INDUS,Sukkar,30-Aug-23,238080,184350
INDUS,Kotri,30-Aug-23,148570,107665
JHELUM,Kotli,30-Aug-23,-,3660
JHELUM,Mangla,30-Aug-23,16000,15515
JHELUM,Rasul,30-Aug-23,13391,5341
CHENAB,Marala,30-Aug-23,37038,7738
CHENAB,Khanki,30-Aug-23,15525,7464
CHENAB,Qadirabad,30-Aug-23,22418,5972
CHENAB,Trimmu,30-Aug-23,54925,41325
CHENAB,Punjnad,30-Aug-23,101037,84387
RAVI,Thein,30-Aug-23,-,-
RAVI,Jassar,30-Aug-23,-,6852
RAVI,Shahdara,30-Aug-23,-,21765
RAVI,Balloki,30-Aug-23,29345,6345
RAVI,Sidhnai,30-Aug-23,23849,5949
SUTLEJ,Bhakara**,30-Aug-23,-,-
SUTLEJ,Sulemanki,30-Aug-23,95238,81173
SUTLEJ,Sulemanki,30-Aug-23,95238,81173
SUTLEJ,Sulemanki,30-Aug-23,95238,81173
SUTLEJ,Islam,30-Aug-23,79703,78153
SUTLEJ,Islam,30-Aug-23,77022,75172
SUTLEJ,Islam,30-Aug-23,77022,75172
INDUS,khairabad,30-Aug-23,-,115400
INDUS,Kalabagh,30-Aug-23,148601,140601
INDUS,Chashma,30-Aug-23,158514,141014
INDUS,Taunsa,30-Aug-23,214511,190511
INDUS,Guddu,30-Aug-23,307715,277482
INDUS,Sukkar,30-Aug-23,238080,184350
INDUS,Kotri,30-Aug-23,148570,107665
JHELUM,Kotli,30-Aug-23,-,3440
JHELUM,Mangla,30-Aug-23,14000,17115
JHELUM,Rasul,30-Aug-23,13391,5341
CHENAB,Marala,30-Aug-23,40812,11512
CHENAB,Khanki,30-Aug-23,17492,9330
CHENAB,Qadirabad,30-Aug-23,17796,-
CHENAB,Trimmu,30-Aug-23,51107,36601
CHENAB,Punjnad,30-Aug-23,103267,86617
RAVI,Thein,30-Aug-23,-,-
RAVI,Jassar,30-Aug-23,-,6852
RAVI,Shahdara,30-Aug-23,-,21756
RAVI,Balloki,30-Aug-23,29345,6345
RAVI,Sidhnai,30-Aug-23,23188,5288
SUTLEJ,Bhakara**,30-Aug-23,-,-
SUTLEJ,Sulemanki,30-Aug-23,95238,81173
SUTLEJ,Islam,30-Aug-23,77022,75172
INDUS,khairabad,31-Aug-23,-,101300
INDUS,Kalabagh,31-Aug-23,148869,140869
INDUS,Chashma,31-Aug-23,161552,144152
INDUS,Taunsa,31-Aug-23,214511,190511
INDUS,Guddu,31-Aug-23,317310,286578
INDUS,Sukkar,31-Aug-23,262860,209050
INDUS,Kotri,31-Aug-23,148670,107665
JHELUM,Kotli,31-Aug-23,-,3660
JHELUM,Mangla,31-Aug-23,15000,13815
JHELUM,Rasul,31-Aug-23,8050,-
CHENAB,Marala,31-Aug-23,40812,11512
CHENAB,Khanki,31-Aug-23,15626,7464
CHENAB,Qadirabad,31-Aug-23,18021,-
CHENAB,Trimmu,31-Aug-23,52201,36601
CHENAB,Punjnad,31-Aug-23,109384,92734
RAVI,Thein,31-Aug-23,-,-
RAVI,Jassar,31-Aug-23,-,6852
RAVI,Shahdara,31-Aug-23,-,22862
RAVI,Balloki,31-Aug-23,32155,9155
RAVI,Sidhnai,31-Aug-23,23188,5288
SUTLEJ,Bhakara**,31-Aug-23,-,-
SUTLEJ,Sulemanki,31-Aug-23,95238,81173
SUTLEJ,Sulemanki,31-Aug-23,95238,81173
SUTLEJ,Sulemanki,31-Aug-23,95238,81173
SUTLEJ,Islam,31-Aug-23,77022,75172
INDUS,khairabad,31-Aug-23,-,100400
INDUS,Kalabagh,31-Aug-23,148869,140869
INDUS,Chashma,31-Aug-23,158275,140875
INDUS,Taunsa,31-Aug-23,202355,178355
INDUS,Guddu,31-Aug-23,317605,286578
INDUS,Sukkar,31-Aug-23,262860,209050
INDUS,Kotri,31-Aug-23,148670,107665
JHELUM,Kotli,31-Aug-23,-,3440
JHELUM,Mangla,31-Aug-23,14000,14315
JHELUM,Rasul,31-Aug-23,13391,5341
CHENAB,Marala,31-Aug-23,40812,11060
CHENAB,Khanki,31-Aug-23,13760,5598
CHENAB,Qadirabad,31-Aug-23,16000,-
CHENAB,Trimmu,31-Aug-23,42651,27051
CHENAB,Punjnad,31-Aug-23,109384,92734
RAVI,Thein,31-Aug-23,-,-
RAVI,Jassar,31-Aug-23,-,6353
RAVI,Shahdara,31-Aug-23,-,22862
RAVI,Balloki,31-Aug-23,32155,9155
RAVI,Sidhnai,31-Aug-23,21539,3639
SUTLEJ,Bhakara**,31-Aug-23,-,-
SUTLEJ,Sulemanki,31-Aug-23,95238,81173
SUTLEJ,Islam,31-Aug-23,77022,75172
INDUS,khairabad,31-Aug-23,-,100400
INDUS,Kalabagh,31-Aug-23,136930,128930
INDUS,Chashma,31-Aug-23,139824,122424
INDUS,Taunsa,31-Aug-23,197593,173593
INDUS,Guddu,31-Aug-23,317600,286578
INDUS,Sukkar,31-Aug-23,262860,209050
INDUS,Kotri,31-Aug-23,148670,107665
JHELUM,Kotli,31-Aug-23,-,3220
JHELUM,Mangla,31-Aug-23,16000,16315
JHELUM,Rasul,31-Aug-23,8100,-
CHENAB,Marala,31-Aug-23,41725,11425
CHENAB,Khanki,31-Aug-23,15725,7464
CHENAB,Qadirabad,31-Aug-23,12000,-
CHENAB,Trimmu,31-Aug-23,41210,25610
CHENAB,Punjnad,31-Aug-23,102709,86059
RAVI,Thein,31-Aug-23,-,-
RAVI,Jassar,31-Aug-23,-,6353
RAVI,Shahdara,31-Aug-23,-,22862
RAVI,Balloki,31-Aug-23,32155,9155
RAVI,Sidhnai,31-Aug-23,21539,3639
SUTLEJ,Bhakara**,31-Aug-23,-,-
SUTLEJ,Sulemanki,31-Aug-23,88950,74834
SUTLEJ,Sulemanki,31-Aug-23,87318,73303
SUTLEJ,Islam,31-Aug-23,77355,75172
SUTLEJ,Islam,31-Aug-23,77355,75172
INDUS,khairabad,31-Aug-23,-,113400
INDUS,Kalabagh,31-Aug-23,136930,128930
INDUS,Chashma,31-Aug-23,139968,122568
INDUS,Taunsa,31-Aug-23,178815,154815
INDUS,Guddu,31-Aug-23,317600,286578
INDUS,Sukkar,31-Aug-23,262860,209050
INDUS,Kotri,31-Aug-23,148670,107665
JHELUM,Kotli,31-Aug-23,-,3010
JHELUM,Mangla,31-Aug-23,16000,19915
JHELUM,Rasul,31-Aug-23,8100,-
CHENAB,Marala,31-Aug-23,41812,11512
CHENAB,Khanki,31-Aug-23,13872,5598
CHENAB,Qadirabad,31-Aug-23,12428,-
CHENAB,Trimmu,31-Aug-23,41210,25610
CHENAB,Punjnad,31-Aug-23,102709,86059
RAVI,Thein,31-Aug-23,-,-
RAVI,Jassar,31-Aug-23,-,6353
RAVI,Shahdara,31-Aug-23,-,22862
RAVI,Balloki,31-Aug-23,32155,9155
RAVI,Sidhnai,31-Aug-23,21539,3639
SUTLEJ,Bhakara**,31-Aug-23,-,-
SUTLEJ,Sulemanki,31-Aug-23,87318,73303
SUTLEJ,Islam,31-Aug-23,77355,75172
SUTLEJ,Sulemanki,31-Aug-23,81794,67847
SUTLEJ,Islam,31-Aug-23,77355,75172
INDUS,khairabad,01-Sept-23,-,116300
INDUS,Kalabagh,01-Sept-23,136930,128930
INDUS,Chashma,01-Sept-23,139881,122481
INDUS,Taunsa,01-Sept-23,158518,134018
INDUS,Guddu,01-Sept-23,296203,265181
INDUS,Sukkar,01-Sept-23,275115,221230
INDUS,Kotri,01-Sept-23,148670,107665
JHELUM,Kotli,01-Sept-23,-,3440
JHELUM,Mangla,01-Sept-23,17000,16515
JHELUM,Rasul,01-Sept-23,13441,5341
CHENAB,Marala,01-Sept-23,45586,15286
CHENAB,Khanki,01-Sept-23,15738,7464
CHENAB,Qadirabad,01-Sept-23,13712,-
CHENAB,Trimmu,01-Sept-23,41210,25610
CHENAB,Punjnad,01-Sept-23,102709,86059
RAVI,Thein,01-Sept-23,-,-
RAVI,Jassar,01-Sept-23,-,6353
RAVI,Shahdara,01-Sept-23,-,23452
RAVI,Balloki,01-Sept-23,32155,9155
RAVI,Sidhnai,01-Sept-23,21539,3639
SUTLEJ,Bhakara**,01-Sept-23,-,-
SUTLEJ,Sulemanki,01-Sept-23,81794,67847
SUTLEJ,Islam,01-Sept-23,77355,75172
INDUS,khairabad,01-Sept-23,-,85300
INDUS,Kalabagh,01-Sept-23,149824,141824
INDUS,Chashma,01-Sept-23,147728,130328
INDUS,Taunsa,01-Sept-23,158518,134018
INDUS,Guddu,01-Sept-23,295959,265181
INDUS,Sukkar,01-Sept-23,275115,221230
INDUS,Kotri,01-Sept-23,148670,107665
JHELUM,Kotli,01-Sept-23,-,3220
JHELUM,Mangla,01-Sept-23,15000,15515
JHELUM,Rasul,01-Sept-23,13441,5341
CHENAB,Marala,01-Sept-23,41812,11512
CHENAB,Khanki,01-Sept-23,15738,7464
CHENAB,Qadirabad,01-Sept-23,14996,-
CHENAB,Trimmu,01-Sept-23,39373,23181
CHENAB,Punjnad,01-Sept-23,102709,86059
RAVI,Thein,01-Sept-23,-,-
RAVI,Jassar,01-Sept-23,-,6014
RAVI,Shahdara,01-Sept-23,-,23452
RAVI,Balloki,01-Sept-23,32155,9155
RAVI,Sidhnai,01-Sept-23,20544,2644
SUTLEJ,Bhakara**,01-Sept-23,-,-
SUTLEJ,Sulemanki,01-Sept-23,81794,67847
SUTLEJ,Islam,01-Sept-23,74316,72112
INDUS,khairabad,01-Sept-23,-,91500
INDUS,Kalabagh,01-Sept-23,137884,129884
INDUS,Chashma,01-Sept-23,133181,113712
INDUS,Taunsa,01-Sept-23,143814,119314
INDUS,Guddu,01-Sept-23,295655,265181
INDUS,Sukkar,01-Sept-23,275115,221230
INDUS,Kotri,01-Sept-23,148810,107665
JHELUM,Kotli,01-Sept-23,-,3010
JHELUM,Mangla,01-Sept-23,12000,12315
JHELUM,Rasul,01-Sept-23,8100,-
CHENAB,Marala,01-Sept-23,47165,16865
CHENAB,Khanki,01-Sept-23,17604,9330
CHENAB,Qadirabad,01-Sept-23,15660,-
CHENAB,Trimmu,01-Sept-23,39563,22963
CHENAB,Punjnad,01-Sept-23,102709,86059
RAVI,Thein,01-Sept-23,-,-
RAVI,Jassar,01-Sept-23,-,6014
RAVI,Shahdara,01-Sept-23,-,23452
RAVI,Balloki,01-Sept-23,32155,9155
RAVI,Sidhnai,01-Sept-23,20544,2644
SUTLEJ,Bhakara**,01-Sept-23,-,-
SUTLEJ,Sulemanki,01-Sept-23,67110,53188
SUTLEJ,Islam,01-Sept-23,74316,72112
INDUS,khairabad,01-Sept-23,-,95000
INDUS,Kalabagh,01-Sept-23,126268,118268
INDUS,Chashma,01-Sept-23,131572,114172
INDUS,Taunsa,01-Sept-23,143814,119314
INDUS,Guddu,01-Sept-23,295655,265181
INDUS,Sukkar,01-Sept-23,275115,221230
INDUS,Kotri,01-Sept-23,148810,107665
JHELUM,Kotli,01-Sept-23,-,3220
JHELUM,Mangla,01-Sept-23,15000,15515
JHELUM,Rasul,01-Sept-23,13441,5341
CHENAB,Marala,01-Sept-23,52658,22218
CHENAB,Khanki,01-Sept-23,17617,9330
CHENAB,Qadirabad,01-Sept-23,15660,-
CHENAB,Trimmu,01-Sept-23,39563,22963
CHENAB,Punjnad,01-Sept-23,102709,86059
RAVI,Thein,01-Sept-23,-,-
RAVI,Jassar,01-Sept-23,-,6014
RAVI,Shahdara,01-Sept-23,-,22862
RAVI,Balloki,01-Sept-23,31305,8305
RAVI,Sidhnai,01-Sept-23,21556,3656
SUTLEJ,Bhakara**,01-Sept-23,-,-
SUTLEJ,Sulemanki,01-Sept-23,67110,53188
SUTLEJ,Islam,01-Sept-23,74316,72112
INDUS,khairabad,02-Sept-23,-,132900
INDUS,Kalabagh,02-Sept-23,126268,118268
INDUS,Chashma,02-Sept-23,131376,113976
INDUS,Taunsa,02-Sept-23,143814,119314
INDUS,Guddu,02-Sept-23,280756,250579
INDUS,Sukkar,02-Sept-23,262915,209030
INDUS,Kotri,02-Sept-23,148810,107665
JHELUM,Kotli,02-Sept-23,-,3220
JHELUM,Mangla,02-Sept-23,15000,14815
JHELUM,Rasul,02-Sept-23,8100,-
CHENAB,Marala,02-Sept-23,52851,22218
CHENAB,Khanki,02-Sept-23,15751,7464
CHENAB,Qadirabad,02-Sept-23,15660,-
CHENAB,Trimmu,02-Sept-23,39563,22963
CHENAB,Punjnad,02-Sept-23,102709,86059
RAVI,Thein,02-Sept-23,-,-
RAVI,Jassar,02-Sept-23,-,6014
RAVI,Shahdara,02-Sept-23,-,22862
RAVI,Balloki,02-Sept-23,31305,8305
RAVI,Sidhnai,02-Sept-23,22408,4508
SUTLEJ,Bhakara**,02-Sept-23,-,-
SUTLEJ,Sulemanki,02-Sept-23,67110,53188
SUTLEJ,Islam,02-Sept-23,74316,72112
INDUS,khairabad,02-Sept-23,-,104100
INDUS,Kalabagh,02-Sept-23,137884,129884
INDUS,Chashma,02-Sept-23,135185,120333
INDUS,Taunsa,02-Sept-23,130151,107499
INDUS,Guddu,02-Sept-23,260797,230620
INDUS,Sukkar,02-Sept-23,262915,209030
INDUS,Kotri,02-Sept-23,148810,107665
JHELUM,Kotli,02-Sept-23,-,3010
JHELUM,Mangla,02-Sept-23,14000,12715
JHELUM,Rasul,02-Sept-23,8100,-
CHENAB,Marala,02-Sept-23,45919,15286
CHENAB,Khanki,02-Sept-23,26557,18270
CHENAB,Qadirabad,02-Sept-23,17010,-
CHENAB,Trimmu,02-Sept-23,34686,18086
CHENAB,Punjnad,02-Sept-23,92426,75776
RAVI,Thein,02-Sept-23,-,-
RAVI,Jassar,02-Sept-23,-,5507
RAVI,Shahdara,02-Sept-23,-,22862
RAVI,Balloki,02-Sept-23,33840,10840
RAVI,Sidhnai,02-Sept-23,22395,4495
SUTLEJ,Bhakara**,02-Sept-23,-,-
SUTLEJ,Sulemanki,02-Sept-23,52800,38878
SUTLEJ,Islam,02-Sept-23,70487,68283
INDUS,khairabad,02-Sept-23,-,94100
INDUS,Kalabagh,02-Sept-23,137884,129884
INDUS,Chashma,02-Sept-23,137439,120039
INDUS,Taunsa,02-Sept-23,123616,101683
INDUS,Guddu,02-Sept-23,259895,228503
INDUS,Sukkar,02-Sept-23,262915,209030
INDUS,Kotri,02-Sept-23,148810,107665
JHELUM,Kotli,02-Sept-23,-,2800
JHELUM,Mangla,02-Sept-23,16000,12715
JHELUM,Rasul,02-Sept-23,13441,5341
CHENAB,Marala,02-Sept-23,42145,11512
CHENAB,Khanki,02-Sept-23,26557,18270
CHENAB,Qadirabad,02-Sept-23,18360,-
CHENAB,Trimmu,02-Sept-23,34686,18086
CHENAB,Punjnad,02-Sept-23,92426,75776
RAVI,Thein,02-Sept-23,-,-
RAVI,Jassar,02-Sept-23,-,5507
RAVI,Shahdara,02-Sept-23,-,22862
RAVI,Balloki,02-Sept-23,33840,10840
RAVI,Sidhnai,02-Sept-23,22395,4495
SUTLEJ,Bhakara**,02-Sept-23,-,-
SUTLEJ,Sulemanki,02-Sept-23,52800,38878
SUTLEJ,Islam,02-Sept-23,70513,68283
INDUS,khairabad,02-Sept-23,-,111600
INDUS,Kalabagh,02-Sept-23,124825,116825
INDUS,Chashma,02-Sept-23,137130,119730
INDUS,Taunsa,02-Sept-23,123616,101683
INDUS,Guddu,02-Sept-23,259895,228503
INDUS,Sukkar,02-Sept-23,262915,209030
INDUS,Kotri,02-Sept-23,148810,107665
JHELUM,Kotli,02-Sept-23,-,3010
JHELUM,Mangla,02-Sept-23,14000,12715
JHELUM,Rasul,02-Sept-23,8100,Nil
CHENAB,Marala,02-Sept-23,53018,22218
CHENAB,Khanki,02-Sept-23,28975,20688
CHENAB,Qadirabad,02-Sept-23,19710,Nil
CHENAB,Trimmu,02-Sept-23,29128,13203
CHENAB,Punjnad,02-Sept-23,92426,75776
RAVI,Thein,02-Sept-23,-,-
RAVI,Jassar,02-Sept-23,-,5507
RAVI,Shahdara,02-Sept-23,-,22862
RAVI,Balloki,02-Sept-23,33840,10840
RAVI,Sidhnai,02-Sept-23,23809,5909
SUTLEJ,Bhakara**,02-Sept-23,-,-
SUTLEJ,Sulemanki,02-Sept-23,40389,26467
SUTLEJ,Islam,02-Sept-23,70513,68283
INDUS,khairabad,03-Sept-23,-,125000
INDUS,Kalabagh,03-Sept-23,138839,130839
INDUS,Chashma,03-Sept-23,137233,119833
INDUS,Taunsa,03-Sept-23,114812,94221
INDUS,Guddu,03-Sept-23,245030,213337
INDUS,Sukkar,03-Sept-23,238055,184240
INDUS,Kotri,03-Sept-23,148810,107665
JHELUM,Kotli,03-Sept-23,-,3440
JHELUM,Mangla,03-Sept-23,16000,14315
JHELUM,Rasul,03-Sept-23,8100,-
CHENAB,Marala,03-Sept-23,47665,16865
CHENAB,Khanki,03-Sept-23,17617,9330
CHENAB,Qadirabad,03-Sept-23,22795,2795
CHENAB,Trimmu,03-Sept-23,28803,13203
CHENAB,Punjnad,03-Sept-23,89032,72382
RAVI,Thein,03-Sept-23,-,-
RAVI,Jassar,03-Sept-23,-,5507
RAVI,Shahdara,03-Sept-23,-,22862
RAVI,Balloki,03-Sept-23,33840,10840
RAVI,Sidhnai,03-Sept-23,23809,5909
SUTLEJ,Bhakara**,03-Sept-23,-,-
SUTLEJ,Sulemanki,03-Sept-23,40389,26467
SUTLEJ,Islam,03-Sept-23,66586,46356
INDUS,khairabad,03-Sept-23,-,127000
INDUS,Kalabagh,03-Sept-23,151733,143733
INDUS,Chashma,03-Sept-23,137417,120017
INDUS,Taunsa,03-Sept-23,114230,94522
INDUS,Guddu,03-Sept-23,210442,177870
INDUS,Sukkar,03-Sept-23,238055,184240
INDUS,Kotri,03-Sept-23,148810,107665
JHELUM,Kotli,03-Sept-23,-,3220
JHELUM,Mangla,03-Sept-23,16000,14715
JHELUM,Rasul,03-Sept-23,8100,-
CHENAB,Marala,03-Sept-23,46086,15286
CHENAB,Khanki,03-Sept-23,28975,20688
CHENAB,Qadirabad,03-Sept-23,20000,-
CHENAB,Trimmu,03-Sept-23,27188,11588
CHENAB,Punjnad,03-Sept-23,81586,64936
RAVI,Thein,03-Sept-23,-,-
RAVI,Jassar,03-Sept-23,-,5507
RAVI,Shahdara,03-Sept-23,-,22862
RAVI,Balloki,03-Sept-23,35545,12545
RAVI,Sidhnai,03-Sept-23,23809,5909
SUTLEJ,Bhakara**,03-Sept-23,-,-
SUTLEJ,Sulemanki,03-Sept-23,40389,26467
SUTLEJ,Islam,03-Sept-23,62474,60244
INDUS,khairabad,03-Sept-23,-,116300
INDUS,Kalabagh,03-Sept-23,151733,143733
INDUS,Chashma,03-Sept-23,137397,119997
INDUS,Taunsa,03-Sept-23,114230,94522
INDUS,Guddu,03-Sept-23,189314,156242
INDUS,Sukkar,03-Sept-23,238055,184240
INDUS,Kotri,03-Sept-23,148810,107665
JHELUM,Kotli,03-Sept-23,-,3010
JHELUM,Mangla,03-Sept-23,16000,16715
JHELUM,Rasul,03-Sept-23,8100,-
CHENAB,Marala,03-Sept-23,53018,22218
CHENAB,Khanki,03-Sept-23,28975,20688
CHENAB,Qadirabad,03-Sept-23,19900,-
CHENAB,Trimmu,03-Sept-23,25447,9847
CHENAB,Punjnad,03-Sept-23,81586,64936
RAVI,Thein,03-Sept-23,-,-
RAVI,Jassar,03-Sept-23,-,5507
RAVI,Shahdara,03-Sept-23,-,22862
RAVI,Balloki,03-Sept-23,35545,12545
RAVI,Sidhnai,03-Sept-23,23809,5909
SUTLEJ,Bhakara**,03-Sept-23,-,-
SUTLEJ,Sulemanki,03-Sept-23,38313,24246
SUTLEJ,Islam,03-Sept-23,62474,60244
INDUS,khairabad,03-Sept-23,-,131900
INDUS,Kalabagh,03-Sept-23,151733,143733
INDUS,Chashma,03-Sept-23,137525,120125
INDUS,Taunsa,03-Sept-23,114230,94522
INDUS,Guddu,03-Sept-23,189314,156242
INDUS,Sukkar,03-Sept-23,238055,184240
INDUS,Kotri,03-Sept-23,148810,107665
JHELUM,Kotli,03-Sept-23,-,2800
JHELUM,Mangla,03-Sept-23,16000,18715
JHELUM,Rasul,03-Sept-23,8100,-
CHENAB,Marala,03-Sept-23,53018,22218
CHENAB,Khanki,03-Sept-23,26544,18270
CHENAB,Qadirabad,03-Sept-23,25490,5490
CHENAB,Trimmu,03-Sept-23,25447,9847
CHENAB,Punjnad,03-Sept-23,81686,64936
RAVI,Thein,03-Sept-23,-,-
RAVI,Jassar,03-Sept-23,-,5507
RAVI,Shahdara,03-Sept-23,-,22862
RAVI,Balloki,03-Sept-23,35545,12545
RAVI,Sidhnai,03-Sept-23,23809,5909
SUTLEJ,Bhakara**,03-Sept-23,-,-
SUTLEJ,Sulemanki,03-Sept-23,38313,24246
SUTLEJ,Islam,03-Sept-23,62474,60244
INDUS,khairabad,04-Sept-23,-,14200
INDUS,Kalabagh,04-Sept-23,152696,144696
INDUS,Chashma,04-Sept-23,137118,119718
INDUS,Taunsa,04-Sept-23,106079,87267
INDUS,Guddu,04-Sept-23,166172,133100
INDUS,Sukkar,04-Sept-23,197090,143050
INDUS,Kotri,04-Sept-23,158965,117820
JHELUM,Kotli,04-Sept-23,-,3220
JHELUM,Mangla,04-Sept-23,13000,12715
JHELUM,Rasul,04-Sept-23,13441,5341
CHENAB,Marala,04-Sept-23,47665,16865
CHENAB,Khanki,04-Sept-23,19470,11196
CHENAB,Qadirabad,04-Sept-23,25490,5490
CHENAB,Trimmu,04-Sept-23,25447,9847
CHENAB,Punjnad,04-Sept-23,81686,64936
RAVI,Thein,04-Sept-23,-,-
RAVI,Jassar,04-Sept-23,-,5507
RAVI,Shahdara,04-Sept-23,-,22862
RAVI,Balloki,04-Sept-23,36395,13395
RAVI,Sidhnai,04-Sept-23,23482,5582
SUTLEJ,Bhakara**,04-Sept-23,-,-
SUTLEJ,Sulemanki,04-Sept-23,38313,24246
SUTLEJ,Islam,04-Sept-23,62474,60244
INDUS,khairabad,04-Sept-23,-,109700
INDUS,Kalabagh,04-Sept-23,167323,159323
INDUS,Chashma,04-Sept-23,137546,120046
INDUS,Taunsa,04-Sept-23,108926,90426
INDUS,Guddu,04-Sept-23,166172,133100
INDUS,Sukkar,04-Sept-23,189050,135010
INDUS,Kotri,04-Sept-23,158965,117820
JHELUM,Kotli,04-Sept-23,-,3010
JHELUM,Mangla,04-Sept-23,13000,12715
JHELUM,Rasul,04-Sept-23,13441,5341
CHENAB,Marala,04-Sept-23,47665,16865
CHENAB,Khanki,04-Sept-23,28912,20688
CHENAB,Qadirabad,04-Sept-23,20000,-
CHENAB,Trimmu,04-Sept-23,23594,7994
CHENAB,Punjnad,04-Sept-23,81275,64525
RAVI,Thein,04-Sept-23,-,-
RAVI,Jassar,04-Sept-23,-,5337
RAVI,Shahdara,04-Sept-23,-,22862
RAVI,Balloki,04-Sept-23,36395,13395
RAVI,Sidhnai,04-Sept-23,23482,5582
SUTLEJ,Bhakara**,04-Sept-23,-,-
SUTLEJ,Sulemanki,04-Sept-23,38313,24246
SUTLEJ,Islam,04-Sept-23,48682,46452
INDUS,khairabad,04-Sept-23,-,114400
INDUS,Kalabagh,04-Sept-23,153650,145650
INDUS,Chashma,04-Sept-23,161676,143976
INDUS,Taunsa,04-Sept-23,111489,92707
INDUS,Guddu,04-Sept-23,166476,133100
INDUS,Sukkar,04-Sept-23,175190,121150
INDUS,Kotri,04-Sept-23,158965,117820
JHELUM,Kotli,04-Sept-23,-,2800
JHELUM,Mangla,04-Sept-23,13000,12215
JHELUM,Rasul,04-Sept-23,13441,5341
CHENAB,Marala,04-Sept-23,47665,16865
CHENAB,Khanki,04-Sept-23,28912,20688
CHENAB,Qadirabad,04-Sept-23,20000,-
CHENAB,Trimmu,04-Sept-23,22036,6436
CHENAB,Punjnad,04-Sept-23,76088,59258
RAVI,Thein,04-Sept-23,-,-
RAVI,Jassar,04-Sept-23,-,5337
RAVI,Shahdara,04-Sept-23,-,22862
RAVI,Balloki,04-Sept-23,36395,13395
RAVI,Sidhnai,04-Sept-23,23482,5582
SUTLEJ,Bhakara**,04-Sept-23,-,-
SUTLEJ,Sulemanki,04-Sept-23,30988,16866
SUTLEJ,Islam,04-Sept-23,42495,40465
INDUS,khairabad,04-Sept-23,-,130900
INDUS,Kalabagh,04-Sept-23,141703,133703
INDUS,Chashma,04-Sept-23,169821,152121
INDUS,Taunsa,04-Sept-23,111489,92707
INDUS,Guddu,04-Sept-23,166476,133100
INDUS,Sukkar,04-Sept-23,175190,121150
INDUS,Kotri,04-Sept-23,158965,117820
JHELUM,Kotli,04-Sept-23,-,3010
JHELUM,Mangla,04-Sept-23,13000,12715
JHELUM,Rasul,04-Sept-23,8100,-
CHENAB,Marala,04-Sept-23,47665,16865
CHENAB,Khanki,04-Sept-23,19396,11196
CHENAB,Qadirabad,04-Sept-23,25490,5490
CHENAB,Trimmu,04-Sept-23,22036,6436
CHENAB,Punjnad,04-Sept-23,76088,59258
RAVI,Thein,04-Sept-23,-,-
RAVI,Jassar,04-Sept-23,-,5337
RAVI,Shahdara,04-Sept-23,-,22862
RAVI,Balloki,04-Sept-23,36395,13395
RAVI,Sidhnai,04-Sept-23,23482,5582
SUTLEJ,Bhakara**,04-Sept-23,-,-
SUTLEJ,Sulemanki,04-Sept-23,30988,16866
SUTLEJ,Islam,04-Sept-23,42495,40465
INDUS,khairabad,05-Sept-23,-,139000
INDUS,Kalabagh,05-Sept-23,168277,160277
INDUS,Chashma,05-Sept-23,176796,159096
INDUS,Taunsa,05-Sept-23,111771,92847
INDUS,Guddu,05-Sept-23,141925,108504
INDUS,Sukkar,05-Sept-23,122100,68100
INDUS,Kotri,05-Sept-23,169700,128415
JHELUM,Kotli,05-Sept-23,-,3440
JHELUM,Mangla,05-Sept-23,16000,13715
JHELUM,Rasul,05-Sept-23,8100,-
CHENAB,Marala,05-Sept-23,53018,22218
CHENAB,Khanki,05-Sept-23,19396,11196
CHENAB,Qadirabad,05-Sept-23,25490,5490
CHENAB,Trimmu,05-Sept-23,21542,5942
CHENAB,Punjnad,05-Sept-23,76982,60268
RAVI,Thein,05-Sept-23,-,-
RAVI,Jassar,05-Sept-23,-,5337
RAVI,Shahdara,05-Sept-23,-,22322
RAVI,Balloki,05-Sept-23,37250,14250
RAVI,Sidhnai,05-Sept-23,23482,5582
SUTLEJ,Bhakara**,05-Sept-23,-,-
SUTLEJ,Sulemanki,05-Sept-23,23458,9245
SUTLEJ,Islam,05-Sept-23,42495,40465
INDUS,khairabad,05-Sept-23,-,117300
INDUS,Kalabagh,05-Sept-23,168277,160277
INDUS,Chashma,05-Sept-23,156415,138715
INDUS,Taunsa,05-Sept-23,111913,92807
INDUS,Guddu,05-Sept-23,141636,108504
INDUS,Sukkar,05-Sept-23,122100,68100
INDUS,Kotri,05-Sept-23,169700,128415
JHELUM,Kotli,05-Sept-23,-,3220
JHELUM,Mangla,05-Sept-23,15000,16715
JHELUM,Rasul,05-Sept-23,8100,-
CHENAB,Marala,05-Sept-23,42312,11512
CHENAB,Khanki,05-Sept-23,19432,11196
CHENAB,Qadirabad,05-Sept-23,20000,-
CHENAB,Trimmu,05-Sept-23,21542,5942
CHENAB,Punjnad,05-Sept-23,78591,61777
RAVI,Thein,05-Sept-23,-,-
RAVI,Jassar,05-Sept-23,-,5337
RAVI,Shahdara,05-Sept-23,-,22322
RAVI,Balloki,05-Sept-23,36395,13395
RAVI,Sidhnai,05-Sept-23,23872,5972
SUTLEJ,Bhakara**,05-Sept-23,-,-
SUTLEJ,Sulemanki,05-Sept-23,23458,9245
SUTLEJ,Islam,05-Sept-23,37264,35234
INDUS,khairabad,05-Sept-23,-,127000
INDUS,Kalabagh,05-Sept-23,152696,144696
INDUS,Chashma,05-Sept-23,152400,134700
INDUS,Taunsa,05-Sept-23,111913,92807
INDUS,Guddu,05-Sept-23,141636,108504
INDUS,Sukkar,05-Sept-23,122100,68100
INDUS,Kotri,05-Sept-23,172160,130875
JHELUM,Kotli,05-Sept-23,-,3010
JHELUM,Mangla,05-Sept-23,15000,18715
JHELUM,Rasul,05-Sept-23,8100,-
CHENAB,Marala,05-Sept-23,47665,16865
CHENAB,Khanki,05-Sept-23,19432,11196
CHENAB,Qadirabad,05-Sept-23,20000,-
CHENAB,Trimmu,05-Sept-23,21542,5942
CHENAB,Punjnad,05-Sept-23,78591,61777
RAVI,Thein,05-Sept-23,-,-
RAVI,Jassar,05-Sept-23,-,5337
RAVI,Shahdara,05-Sept-23,-,22322
RAVI,Balloki,05-Sept-23,36995,13395
RAVI,Sidhnai,05-Sept-23,24966,7066
SUTLEJ,Bhakara**,05-Sept-23,-,-
SUTLEJ,Sulemanki,05-Sept-23,23560,9245
SUTLEJ,Islam,05-Sept-23,31947,29917
INDUS,khairabad,05-Sept-23,-,119200
INDUS,Kalabagh,05-Sept-23,152696,144696
INDUS,Chashma,05-Sept-23,151446,133746
INDUS,Taunsa,05-Sept-23,111913,92807
INDUS,Guddu,05-Sept-23,141636,108504
INDUS,Sukkar,05-Sept-23,122100,68100
INDUS,Kotri,05-Sept-23,172160,130875
JHELUM,Kotli,05-Sept-23,-,2800
JHELUM,Mangla,05-Sept-23,13000,26015
JHELUM,Rasul,05-Sept-23,8100,-
CHENAB,Marala,05-Sept-23,53018,22915
CHENAB,Khanki,05-Sept-23,26506,18270
CHENAB,Qadirabad,05-Sept-23,20675,-
CHENAB,Trimmu,05-Sept-23,21542,5942
CHENAB,Punjnad,05-Sept-23,78591,61777
RAVI,Thein,05-Sept-23,-,-
RAVI,Jassar,05-Sept-23,-,5337
RAVI,Shahdara,05-Sept-23,-,21756
RAVI,Balloki,05-Sept-23,38195,13395
RAVI,Sidhnai,05-Sept-23,24966,7066
SUTLEJ,Bhakara**,05-Sept-23,-,-
SUTLEJ,Sulemanki,05-Sept-23,23560,9245
SUTLEJ,Islam,05-Sept-23,31947,29917
INDUS,khairabad,06-Sept-23,-,112500
INDUS,Kalabagh,06-Sept-23,170187,162187
INDUS,Chashma,06-Sept-23,165559,147859
INDUS,Taunsa,06-Sept-23,113532,94248
INDUS,Guddu,06-Sept-23,135136,102804
INDUS,Sukkar,06-Sept-23,100371,47171
INDUS,Kotri,06-Sept-23,174046,132761
JHELUM,Kotli,06-Sept-23,-,3010
JHELUM,Mangla,06-Sept-23,14000,13715
JHELUM,Rasul,06-Sept-23,12100,-
CHENAB,Marala,06-Sept-23,53018,22195
CHENAB,Khanki,06-Sept-23,17566,9330
CHENAB,Qadirabad,06-Sept-23,22000,-
CHENAB,Trimmu,06-Sept-23,21542,5942
CHENAB,Punjnad,06-Sept-23,78591,61777
RAVI,Thein,06-Sept-23,-,-
RAVI,Jassar,06-Sept-23,-,5337
RAVI,Shahdara,06-Sept-23,-,21756
RAVI,Balloki,06-Sept-23,38545,12545
RAVI,Sidhnai,06-Sept-23,24966,7066
SUTLEJ,Bhakara**,06-Sept-23,-,-
SUTLEJ,Sulemanki,06-Sept-23,20849,6484
SUTLEJ,Islam,06-Sept-23,24590,22560
INDUS,khairabad,06-Sept-23,-,96800
INDUS,Kalabagh,06-Sept-23,170187,162187
INDUS,Chashma,06-Sept-23,176312,158612
INDUS,Taunsa,06-Sept-23,121000,100895
INDUS,Guddu,06-Sept-23,134136,102804
INDUS,Sukkar,06-Sept-23,100371,47171
INDUS,Kotri,06-Sept-23,174046,132761
JHELUM,Kotli,06-Sept-23,-,2800
JHELUM,Mangla,06-Sept-23,16000,16915
JHELUM,Rasul,06-Sept-23,14600,-
CHENAB,Marala,06-Sept-23,46109,15286
CHENAB,Khanki,06-Sept-23,26506,18270
CHENAB,Qadirabad,06-Sept-23,22000,-
CHENAB,Trimmu,06-Sept-23,21542,5942
CHENAB,Punjnad,06-Sept-23,78591,61777
RAVI,Thein,06-Sept-23,-,-
RAVI,Jassar,06-Sept-23,-,4999
RAVI,Shahdara,06-Sept-23,-,21756
RAVI,Balloki,06-Sept-23,36840,10840
RAVI,Sidhnai,06-Sept-23,25593,7693
SUTLEJ,Bhakara**,06-Sept-23,-,-
SUTLEJ,Sulemanki,06-Sept-23,20849,6484
SUTLEJ,Islam,06-Sept-23,24590,22560
INDUS,khairabad,06-Sept-23,-,115400
INDUS,Kalabagh,06-Sept-23,142658,134658
INDUS,Chashma,06-Sept-23,165383,147683
INDUS,Taunsa,06-Sept-23,127759,107113
INDUS,Guddu,06-Sept-23,134136,102804
INDUS,Sukkar,06-Sept-23,100371,47171
INDUS,Kotri,06-Sept-23,174046,132761
JHELUM,Kotli,06-Sept-23,-,2600
JHELUM,Mangla,06-Sept-23,14000,23215
JHELUM,Rasul,06-Sept-23,16100,-
CHENAB,Marala,06-Sept-23,46109,15286
CHENAB,Khanki,06-Sept-23,26506,18270
CHENAB,Qadirabad,06-Sept-23,24795,2795
CHENAB,Trimmu,06-Sept-23,21542,5942
CHENAB,Punjnad,06-Sept-23,76747,59933
RAVI,Thein,06-Sept-23,-,-
RAVI,Jassar,06-Sept-23,-,6353
RAVI,Shahdara,06-Sept-23,-,21756
RAVI,Balloki,06-Sept-23,36840,10840
RAVI,Sidhnai,06-Sept-23,26242,8342
SUTLEJ,Bhakara**,06-Sept-23,-,-
SUTLEJ,Sulemanki,06-Sept-23,26052,11541
SUTLEJ,Islam,06-Sept-23,19291,17261
INDUS,khairabad,06-Sept-23,-,119200
INDUS,Kalabagh,06-Sept-23,137926,129926
INDUS,Chashma,06-Sept-23,164596,146896
INDUS,Taunsa,06-Sept-23,127759,107113
INDUS,Guddu,06-Sept-23,134136,102804
INDUS,Sukkar,06-Sept-23,100371,47171
INDUS,Kotri,06-Sept-23,174046,132761
JHELUM,Kotli,06-Sept-23,-,19440
JHELUM,Mangla,06-Sept-23,12000,13115
JHELUM,Rasul,06-Sept-23,14100,-
CHENAB,Marala,06-Sept-23,42335,11512
CHENAB,Khanki,06-Sept-23,19445,11196
CHENAB,Qadirabad,06-Sept-23,30185,8185
CHENAB,Trimmu,06-Sept-23,21542,5942
CHENAB,Punjnad,06-Sept-23,76747,59933
RAVI,Thein,06-Sept-23,-,-
RAVI,Jassar,06-Sept-23,-,6353
RAVI,Shahdara,06-Sept-23,-,21756
RAVI,Balloki,06-Sept-23,36840,10840
RAVI,Sidhnai,06-Sept-23,26242,8342
SUTLEJ,Bhakara**,06-Sept-23,-,-
SUTLEJ,Sulemanki,06-Sept-23,26052,11541
SUTLEJ,Islam,06-Sept-23,19291,17261
INDUS,khairabad,07-Sept-23,-,107800
INDUS,Kalabagh,07-Sept-23,155560,147560
INDUS,Chashma,07-Sept-23,164491,146791
INDUS,Taunsa,07-Sept-23,134497,113110
INDUS,Guddu,07-Sept-23,134227,103894
INDUS,Sukkar,07-Sept-23,98332,45862
INDUS,Kotri,07-Sept-23,159614,118329
JHELUM,Kotli,07-Sept-23,-,2800
JHELUM,Mangla,07-Sept-23,11000,9315
JHELUM,Rasul,07-Sept-23,13100,-
CHENAB,Marala,07-Sept-23,38561,7738
CHENAB,Khanki,07-Sept-23,17579,9330
CHENAB,Qadirabad,07-Sept-23,27490,5490
CHENAB,Trimmu,07-Sept-23,21542,5942
CHENAB,Punjnad,07-Sept-23,76747,59933
RAVI,Thein,07-Sept-23,-,-
RAVI,Jassar,07-Sept-23,-,6353
RAVI,Shahdara,07-Sept-23,-,21756
RAVI,Balloki,07-Sept-23,36840,10840
RAVI,Sidhnai,07-Sept-23,26242,8342
SUTLEJ,Bhakara**,07-Sept-23,-,-
SUTLEJ,Sulemanki,07-Sept-23,26052,11541
SUTLEJ,Islam,07-Sept-23,19291,17261
INDUS,khairabad,07-Sept-23,-,84500
INDUS,Kalabagh,07-Sept-23,155560,147560
INDUS,Chashma,07-Sept-23,167774,150074
INDUS,Taunsa,07-Sept-23,127136,107611
INDUS,Guddu,07-Sept-23,135634,106202
INDUS,Sukkar,07-Sept-23,98332,45862
INDUS,Kotri,07-Sept-23,152843,111558
JHELUM,Kotli,07-Sept-23,-,2600
JHELUM,Mangla,07-Sept-23,16000,25715
JHELUM,Rasul,07-Sept-23,15100,-
CHENAB,Marala,07-Sept-23,36769,5946
CHENAB,Khanki,07-Sept-23,15713,7464
CHENAB,Qadirabad,07-Sept-23,21000,-
CHENAB,Trimmu,07-Sept-23,21542,5942
CHENAB,Punjnad,07-Sept-23,67174,50360
RAVI,Thein,07-Sept-23,-,-
RAVI,Jassar,07-Sept-23,-,5337
RAVI,Shahdara,07-Sept-23,-,21756
RAVI,Balloki,07-Sept-23,36840,10840
RAVI,Sidhnai,07-Sept-23,26242,8342
SUTLEJ,Bhakara**,07-Sept-23,-,-
SUTLEJ,Sulemanki,07-Sept-23,26052,11541
SUTLEJ,Islam,07-Sept-23,19291,17261
INDUS,khairabad,07-Sept-23,-,96800
INDUS,Kalabagh,07-Sept-23,144567,136567
INDUS,Chashma,07-Sept-23,165210,150058
INDUS,Taunsa,07-Sept-23,127136,107611
INDUS,Guddu,07-Sept-23,137476,108503
INDUS,Sukkar,07-Sept-23,98332,45862
INDUS,Kotri,07-Sept-23,144833,103548
JHELUM,Kotli,07-Sept-23,-,2600
JHELUM,Mangla,07-Sept-23,13000,26415
JHELUM,Rasul,07-Sept-23,16100,-
CHENAB,Marala,07-Sept-23,36769,5946
CHENAB,Khanki,07-Sept-23,13859,5598
CHENAB,Qadirabad,07-Sept-23,21000,-
CHENAB,Trimmu,07-Sept-23,21542,5942
CHENAB,Punjnad,07-Sept-23,67174,50360
RAVI,Thein,07-Sept-23,-,-
RAVI,Jassar,07-Sept-23,-,5337
RAVI,Shahdara,07-Sept-23,-,21756
RAVI,Balloki,07-Sept-23,36840,10840
RAVI,Sidhnai,07-Sept-23,26242,8342
SUTLEJ,Bhakara**,07-Sept-23,-,-
SUTLEJ,Sulemanki,07-Sept-23,21547,6912
SUTLEJ,Islam,07-Sept-23,19291,17261
INDUS,khairabad,07-Sept-23,-,104100
INDUS,Kalabagh,07-Sept-23,131508,123508
INDUS,Chashma,07-Sept-23,167643,149943
INDUS,Taunsa,07-Sept-23,127136,107611
INDUS,Guddu,07-Sept-23,137476,108503
INDUS,Sukkar,07-Sept-23,98332,45862
INDUS,Kotri,07-Sept-23,144833,103548
JHELUM,Kotli,07-Sept-23,-,2400
JHELUM,Mangla,07-Sept-23,11000,59910
JHELUM,Rasul,07-Sept-23,13100,-
CHENAB,Marala,07-Sept-23,38561,7738
CHENAB,Khanki,07-Sept-23,11993,3732
CHENAB,Qadirabad,07-Sept-23,21000,-
CHENAB,Trimmu,07-Sept-23,21542,5942
CHENAB,Punjnad,07-Sept-23,67174,50360
RAVI,Thein,07-Sept-23,-,-
RAVI,Jassar,07-Sept-23,-,5337
RAVI,Shahdara,07-Sept-23,-,22862
RAVI,Balloki,07-Sept-23,36840,10840
RAVI,Sidhnai,07-Sept-23,26242,8342
SUTLEJ,Bhakara**,07-Sept-23,-,-
SUTLEJ,Sulemanki,07-Sept-23,21547,6912
SUTLEJ,Islam,07-Sept-23,16711,14581
INDUS,khairabad,08-Sept-23,-,95000
INDUS,Kalabagh,08-Sept-23,129599,121599
INDUS,Chashma,08-Sept-23,167685,149985
INDUS,Taunsa,08-Sept-23,127136,107611
INDUS,Guddu,08-Sept-23,139765,110792
INDUS,Sukkar,08-Sept-23,98362,45862
INDUS,Kotri,08-Sept-23,134719,93434
JHELUM,Kotli,08-Sept-23,-,2400
JHELUM,Mangla,08-Sept-23,13000,40410
JHELUM,Rasul,08-Sept-23,19941,5341
CHENAB,Marala,08-Sept-23,36769,5946
CHENAB,Khanki,08-Sept-23,11993,3732
CHENAB,Qadirabad,08-Sept-23,20000,-
CHENAB,Trimmu,08-Sept-23,21542,5942
CHENAB,Punjnad,08-Sept-23,67010,50360
RAVI,Thein,08-Sept-23,-,-
RAVI,Jassar,08-Sept-23,-,5337
RAVI,Shahdara,08-Sept-23,-,22862
RAVI,Balloki,08-Sept-23,36840,10840
RAVI,Sidhnai,08-Sept-23,26242,8342
SUTLEJ,Bhakara**,08-Sept-23,-,-
SUTLEJ,Sulemanki,08-Sept-23,21547,6912
SUTLEJ,Islam,08-Sept-23,16711,14581
INDUS,khairabad,08-Sept-23,-,76900
INDUS,Kalabagh,08-Sept-23,142658,134658
INDUS,Chashma,08-Sept-23,162484,149922
INDUS,Taunsa,08-Sept-23,132946,113299
INDUS,Guddu,08-Sept-23,146607,118333
INDUS,Sukkar,08-Sept-23,98362,45862
INDUS,Kotri,08-Sept-23,104943,63658
JHELUM,Kotli,08-Sept-23,-,2210
JHELUM,Mangla,08-Sept-23,14000,35701
JHELUM,Rasul,08-Sept-23,27745,11895
CHENAB,Marala,08-Sept-23,38561,7738
CHENAB,Khanki,08-Sept-23,10127,1866
CHENAB,Qadirabad,08-Sept-23,14000,-
CHENAB,Trimmu,08-Sept-23,21212,5942
CHENAB,Punjnad,08-Sept-23,62316,45666
RAVI,Thein,08-Sept-23,-,-
RAVI,Jassar,08-Sept-23,-,5337
RAVI,Shahdara,08-Sept-23,-,22862
RAVI,Balloki,08-Sept-23,36840,10840
RAVI,Sidhnai,08-Sept-23,24760,6860
SUTLEJ,Bhakara**,08-Sept-23,-,-
SUTLEJ,Sulemanki,08-Sept-23,21636,6912
SUTLEJ,Islam,08-Sept-23,13124,10944
INDUS,khairabad,08-Sept-23,-,90600
INDUS,Kalabagh,08-Sept-23,127690,119690
INDUS,Chashma,08-Sept-23,165553,150113
INDUS,Taunsa,08-Sept-23,132946,113194
INDUS,Guddu,08-Sept-23,148204,120230
INDUS,Sukkar,08-Sept-23,98362,45862
INDUS,Kotri,08-Sept-23,94212,52927
JHELUM,Kotli,08-Sept-23,-,2020
JHELUM,Mangla,08-Sept-23,14000,54153
JHELUM,Rasul,08-Sept-23,52425,35325
CHENAB,Marala,08-Sept-23,36769,5946
CHENAB,Khanki,08-Sept-23,11993,3732
CHENAB,Qadirabad,08-Sept-23,14642,-
CHENAB,Trimmu,08-Sept-23,21399,7799
CHENAB,Punjnad,08-Sept-23,62316,45666
RAVI,Thein,08-Sept-23,-,-
RAVI,Jassar,08-Sept-23,-,5337
RAVI,Shahdara,08-Sept-23,-,22862
RAVI,Balloki,08-Sept-23,36840,10840
RAVI,Sidhnai,08-Sept-23,24760,6860
SUTLEJ,Bhakara**,08-Sept-23,-,-
SUTLEJ,Sulemanki,08-Sept-23,23179,8455
SUTLEJ,Islam,08-Sept-23,13124,10994
INDUS,khairabad,08-Sept-23,-,96800
INDUS,Kalabagh,08-Sept-23,116067,108067
INDUS,Chashma,08-Sept-23,164297,150117
INDUS,Taunsa,08-Sept-23,132946,113194
INDUS,Guddu,08-Sept-23,148204,120230
INDUS,Sukkar,08-Sept-23,98362,45862
INDUS,Kotri,08-Sept-23,94212,52927
JHELUM,Kotli,08-Sept-23,-,2020
JHELUM,Mangla,08-Sept-23,10000,35661
JHELUM,Rasul,08-Sept-23,41710,23610
CHENAB,Marala,08-Sept-23,36769,5946
CHENAB,Khanki,08-Sept-23,11968,3732
CHENAB,Qadirabad,08-Sept-23,15520,-
CHENAB,Trimmu,08-Sept-23,21399,7799
CHENAB,Punjnad,08-Sept-23,62316,45666
RAVI,Thein,08-Sept-23,-,-
RAVI,Jassar,08-Sept-23,-,5337
RAVI,Shahdara,08-Sept-23,-,22862
RAVI,Balloki,08-Sept-23,36840,10840
RAVI,Sidhnai,08-Sept-23,24760,6860
SUTLEJ,Bhakara**,08-Sept-23,-,-
SUTLEJ,Sulemanki,08-Sept-23,22144,7367
SUTLEJ,Islam,08-Sept-23,11324,9194
INDUS,khairabad,09-Sept-23,-,81100
INDUS,Kalabagh,09-Sept-23,117976,109976
INDUS,Chashma,09-Sept-23,162875,149955
INDUS,Taunsa,09-Sept-23,139077,112862
INDUS,Guddu,09-Sept-23,147956,120981
INDUS,Sukkar,09-Sept-23,104167,50737
INDUS,Kotri,09-Sept-23,78204,36919
JHELUM,Kotli,09-Sept-23,-,2210
JHELUM,Mangla,09-Sept-23,9000,35661
JHELUM,Rasul,09-Sept-23,33900,15800
CHENAB,Marala,09-Sept-23,36769,5946
CHENAB,Khanki,09-Sept-23,11968,3732
CHENAB,Qadirabad,09-Sept-23,16870,-
CHENAB,Trimmu,09-Sept-23,21399,7799
CHENAB,Punjnad,09-Sept-23,58398,41719
RAVI,Thein,09-Sept-23,-,-
RAVI,Jassar,09-Sept-23,-,5337
RAVI,Shahdara,09-Sept-23,-,22322
RAVI,Balloki,09-Sept-23,35130,9130
RAVI,Sidhnai,09-Sept-23,22195,4295
SUTLEJ,Bhakara**,09-Sept-23,-,-
SUTLEJ,Sulemanki,09-Sept-23,19260,4390
SUTLEJ,Islam,09-Sept-23,11324,9194
INDUS,khairabad,09-Sept-23,-,104100
INDUS,Kalabagh,09-Sept-23,151478,144278
INDUS,Chashma,09-Sept-23,161209,149924
INDUS,Taunsa,09-Sept-23,139714,114532
INDUS,Guddu,09-Sept-23,148455,120981
INDUS,Sukkar,09-Sept-23,104167,50737
INDUS,Kotri,09-Sept-23,78204,36919
JHELUM,Kotli,09-Sept-23,-,2210
JHELUM,Mangla,09-Sept-23,14000,35661
JHELUM,Rasul,09-Sept-23,37805,19705
CHENAB,Marala,09-Sept-23,38561,7738
CHENAB,Khanki,09-Sept-23,10102,1866
CHENAB,Qadirabad,09-Sept-23,18220,-
CHENAB,Trimmu,09-Sept-23,20497,6897
CHENAB,Punjnad,09-Sept-23,50734,33955
RAVI,Thein,09-Sept-23,-,-
RAVI,Jassar,09-Sept-23,-,5337
RAVI,Shahdara,09-Sept-23,-,22322
RAVI,Balloki,09-Sept-23,34025,8025
RAVI,Sidhnai,09-Sept-23,22181,4281
SUTLEJ,Bhakara**,09-Sept-23,-,-
SUTLEJ,Sulemanki,09-Sept-23,19260,4390
SUTLEJ,Islam,09-Sept-23,10099,7969
INDUS,khairabad,09-Sept-23,-,96800
INDUS,Kalabagh,09-Sept-23,139290,132490
INDUS,Chashma,09-Sept-23,159947,150077
INDUS,Taunsa,09-Sept-23,139714,114532
INDUS,Guddu,09-Sept-23,153414,125940
INDUS,Sukkar,09-Sept-23,104167,50737
INDUS,Kotri,09-Sept-23,74670,33385
JHELUM,Kotli,09-Sept-23,-,2020
JHELUM,Mangla,09-Sept-23,15000,54153
JHELUM,Rasul,09-Sept-23,37805,19705
CHENAB,Marala,09-Sept-23,38561,7738
CHENAB,Khanki,09-Sept-23,10102,1866
CHENAB,Qadirabad,09-Sept-23,18895,-
CHENAB,Trimmu,09-Sept-23,20497,6897
CHENAB,Punjnad,09-Sept-23,50734,33955
RAVI,Thein,09-Sept-23,-,-
RAVI,Jassar,09-Sept-23,-,6602
RAVI,Shahdara,09-Sept-23,-,22322
RAVI,Balloki,09-Sept-23,34025,8025
RAVI,Sidhnai,09-Sept-23,21431,3531
SUTLEJ,Bhakara**,09-Sept-23,-,-
SUTLEJ,Sulemanki,09-Sept-23,18912,3997
SUTLEJ,Islam,09-Sept-23,8399,6269
INDUS,khairabad,09-Sept-23,-,118200
INDUS,Kalabagh,09-Sept-23,139490,132490
INDUS,Chashma,09-Sept-23,162600,149900
INDUS,Taunsa,09-Sept-23,139714,114532
INDUS,Guddu,09-Sept-23,153414,125940
INDUS,Sukkar,09-Sept-23,104167,50737
INDUS,Kotri,09-Sept-23,74670,33385
JHELUM,Kotli,09-Sept-23,-,2020
JHELUM,Mangla,09-Sept-23,12000,35622
JHELUM,Rasul,09-Sept-23,34650,15800
CHENAB,Marala,09-Sept-23,42135,11512
CHENAB,Khanki,09-Sept-23,13885,5598
CHENAB,Qadirabad,09-Sept-23,18000,Nil
CHENAB,Trimmu,09-Sept-23,20497,6897
CHENAB,Punjnad,09-Sept-23,50734,33955
RAVI,Thein,09-Sept-23,-,-
RAVI,Jassar,09-Sept-23,-,6602
RAVI,Shahdara,09-Sept-23,-,22322
RAVI,Balloki,09-Sept-23,32870,6870
RAVI,Sidhnai,09-Sept-23,21431,3531
SUTLEJ,Bhakara**,09-Sept-23,-,-
SUTLEJ,Sulemanki,09-Sept-23,18912,3997
SUTLEJ,Islam,09-Sept-23,9399,6269
INDUS,khairabad,10-Sept-23,-,104100
INDUS,Kalabagh,10-Sept-23,151618,144278
INDUS,Chashma,10-Sept-23,162615,149915
INDUS,Taunsa,10-Sept-23,140715,115388
INDUS,Guddu,10-Sept-23,153234,125760
INDUS,Sukkar,10-Sept-23,114030,59250
INDUS,Kotri,10-Sept-23,74670,33385
JHELUM,Kotli,10-Sept-23,-,1840
JHELUM,Mangla,10-Sept-23,13000,35622
JHELUM,Rasul,10-Sept-23,34900,15800
CHENAB,Marala,10-Sept-23,42135,11512
CHENAB,Khanki,10-Sept-23,13885,5598
CHENAB,Qadirabad,10-Sept-23,18000,-
CHENAB,Trimmu,10-Sept-23,20497,6897
CHENAB,Punjnad,10-Sept-23,50834,33955
RAVI,Thein,10-Sept-23,-,-
RAVI,Jassar,10-Sept-23,-,6602
RAVI,Shahdara,10-Sept-23,-,22322
RAVI,Balloki,10-Sept-23,32870,6870
RAVI,Sidhnai,10-Sept-23,21431,3531
SUTLEJ,Bhakara**,10-Sept-23,-,-
SUTLEJ,Sulemanki,10-Sept-23,18912,3997
SUTLEJ,Islam,10-Sept-23,8399,6269
INDUS,khairabad,10-Sept-23,-,113400
INDUS,Kalabagh,10-Sept-23,163548,156048
INDUS,Chashma,10-Sept-23,161179,149927
INDUS,Taunsa,10-Sept-23,140715,115388
INDUS,Guddu,10-Sept-23,153959,125035
INDUS,Sukkar,10-Sept-23,114030,59250
INDUS,Kotri,10-Sept-23,74103,32818
JHELUM,Kotli,10-Sept-23,-,1840
JHELUM,Mangla,10-Sept-23,14000,35622
JHELUM,Rasul,10-Sept-23,38805,19705
CHENAB,Marala,10-Sept-23,42135,11512
CHENAB,Khanki,10-Sept-23,12019,3732
CHENAB,Qadirabad,10-Sept-23,18675,-
CHENAB,Trimmu,10-Sept-23,20497,6897
CHENAB,Punjnad,10-Sept-23,50834,33955
RAVI,Thein,10-Sept-23,-,-
RAVI,Jassar,10-Sept-23,-,6353
RAVI,Shahdara,10-Sept-23,-,22322
RAVI,Balloki,10-Sept-23,32870,6870
RAVI,Sidhnai,10-Sept-23,21431,3531
SUTLEJ,Bhakara**,10-Sept-23,-,-
SUTLEJ,Sulemanki,10-Sept-23,18912,3997
SUTLEJ,Islam,10-Sept-23,8399,6269
INDUS,khairabad,10-Sept-23,-,127000
INDUS,Kalabagh,10-Sept-23,154027,146187
INDUS,Chashma,10-Sept-23,161272,150042
INDUS,Taunsa,10-Sept-23,141544,117722
INDUS,Guddu,10-Sept-23,149905,120981
INDUS,Sukkar,10-Sept-23,114030,59250
INDUS,Kotri,10-Sept-23,74103,32818
JHELUM,Kotli,10-Sept-23,-,1660
JHELUM,Mangla,10-Sept-23,14000,54036
JHELUM,Rasul,10-Sept-23,42760,23610
CHENAB,Marala,10-Sept-23,42135,11512
CHENAB,Khanki,10-Sept-23,12974,4687
CHENAB,Qadirabad,10-Sept-23,20025,-
CHENAB,Trimmu,10-Sept-23,17767,3135
CHENAB,Punjnad,10-Sept-23,50834,33955
RAVI,Thein,10-Sept-23,-,-
RAVI,Jassar,10-Sept-23,-,6353
RAVI,Shahdara,10-Sept-23,-,22322
RAVI,Balloki,10-Sept-23,32870,6870
RAVI,Sidhnai,10-Sept-23,21431,3531
SUTLEJ,Bhakara**,10-Sept-23,-,-
SUTLEJ,Sulemanki,10-Sept-23,16664,1749
SUTLEJ,Islam,10-Sept-23,6699,4569
INDUS,khairabad,10-Sept-23,-,120100
INDUS,Kalabagh,10-Sept-23,154187,146187
INDUS,Chashma,10-Sept-23,159970,150000
INDUS,Taunsa,10-Sept-23,141544,117722
INDUS,Guddu,10-Sept-23,149905,120981
INDUS,Sukkar,10-Sept-23,114030,59250
INDUS,Kotri,10-Sept-23,74130,32818
JHELUM,Kotli,10-Sept-23,-,1660
JHELUM,Mangla,10-Sept-23,13000,35622
JHELUM,Rasul,10-Sept-23,31045,11895
CHENAB,Marala,10-Sept-23,42135,11512
CHENAB,Khanki,10-Sept-23,17654,9330
CHENAB,Qadirabad,10-Sept-23,21375,-
CHENAB,Trimmu,10-Sept-23,18735,3135
CHENAB,Punjnad,10-Sept-23,39622,22743
RAVI,Thein,10-Sept-23,-,-
RAVI,Jassar,10-Sept-23,-,6353
RAVI,Shahdara,10-Sept-23,-,25407
RAVI,Balloki,10-Sept-23,32870,6870
RAVI,Sidhnai,10-Sept-23,21431,3531
SUTLEJ,Bhakara**,10-Sept-23,-,-
SUTLEJ,Sulemanki,10-Sept-23,16664,1749
SUTLEJ,Islam,10-Sept-23,8399,6269
INDUS,khairabad,11-Sept-23,-,107800
INDUS,Kalabagh,11-Sept-23,152278,144278
INDUS,Chashma,11-Sept-23,159559,150859
INDUS,Taunsa,11-Sept-23,141544,117722
INDUS,Guddu,11-Sept-23,145060,116136
INDUS,Sukkar,11-Sept-23,114030,59250
INDUS,Kotri,11-Sept-23,73039,62574
JHELUM,Kotli,11-Sept-23,-,1490
JHELUM,Mangla,11-Sept-23,14000,35622
JHELUM,Rasul,11-Sept-23,38855,19705
CHENAB,Marala,11-Sept-23,42135,11512
CHENAB,Khanki,11-Sept-23,17654,9330
CHENAB,Qadirabad,11-Sept-23,24795,2795
CHENAB,Trimmu,11-Sept-23,16701,1101
CHENAB,Punjnad,11-Sept-23,39622,22743
RAVI,Thein,11-Sept-23,-,-
RAVI,Jassar,11-Sept-23,-,6353
RAVI,Shahdara,11-Sept-23,-,27362
RAVI,Balloki,11-Sept-23,32870,6870
RAVI,Sidhnai,11-Sept-23,21431,3531
SUTLEJ,Bhakara**,11-Sept-23,-,-
SUTLEJ,Sulemanki,11-Sept-23,16664,1749
SUTLEJ,Islam,11-Sept-23,8399,6269
INDUS,khairabad,11-Sept-23,-,98600
INDUS,Kalabagh,11-Sept-23,152278,144278
INDUS,Chashma,11-Sept-23,157818,150018
INDUS,Taunsa,11-Sept-23,141544,117722
INDUS,Guddu,11-Sept-23,145024,115400
INDUS,Sukkar,11-Sept-23,114030,59250
INDUS,Kotri,11-Sept-23,67831,67831
JHELUM,Kotli,11-Sept-23,-,1330
JHELUM,Mangla,11-Sept-23,14000,35622
JHELUM,Rasul,11-Sept-23,38855,19705
CHENAB,Marala,11-Sept-23,38361,7738
CHENAB,Khanki,11-Sept-23,15788,7464
CHENAB,Qadirabad,11-Sept-23,24795,2795
CHENAB,Trimmu,11-Sept-23,15600,-
CHENAB,Punjnad,11-Sept-23,39673,22743
RAVI,Thein,11-Sept-23,-,-
RAVI,Jassar,11-Sept-23,-,6353
RAVI,Shahdara,11-Sept-23,-,27362
RAVI,Balloki,11-Sept-23,32870,6870
RAVI,Sidhnai,11-Sept-23,22084,4184
SUTLEJ,Bhakara**,11-Sept-23,-,-
SUTLEJ,Sulemanki,11-Sept-23,16753,1749
SUTLEJ,Islam,11-Sept-23,5157,3027
INDUS,khairabad,11-Sept-23,-,123100
INDUS,Kalabagh,11-Sept-23,143354,135354
INDUS,Chashma,11-Sept-23,156576,150066
INDUS,Taunsa,11-Sept-23,141544,118051
INDUS,Guddu,11-Sept-23,145024,115400
INDUS,Sukkar,11-Sept-23,114030,59250
INDUS,Kotri,11-Sept-23,67831,67831
JHELUM,Kotli,11-Sept-23,-,1330
JHELUM,Mangla,11-Sept-23,14000,54036
JHELUM,Rasul,11-Sept-23,39230,19705
CHENAB,Marala,11-Sept-23,47488,16865
CHENAB,Khanki,11-Sept-23,15802,7464
CHENAB,Qadirabad,11-Sept-23,24795,2795
CHENAB,Trimmu,11-Sept-23,15600,-
CHENAB,Punjnad,11-Sept-23,37408,20478
RAVI,Thein,11-Sept-23,-,-
RAVI,Jassar,11-Sept-23,-,6353
RAVI,Shahdara,11-Sept-23,-,27362
RAVI,Balloki,11-Sept-23,35280,8880
RAVI,Sidhnai,11-Sept-23,22084,4184
SUTLEJ,Bhakara**,11-Sept-23,-,-
SUTLEJ,Sulemanki,11-Sept-23,16455,1397
SUTLEJ,Islam,11-Sept-23,3850,1720
INDUS,khairabad,11-Sept-23,-,122100
INDUS,Kalabagh,11-Sept-23,143354,135354
INDUS,Chashma,11-Sept-23,155271,150051
INDUS,Taunsa,11-Sept-23,141544,118051
INDUS,Guddu,11-Sept-23,145024,115400
INDUS,Sukkar,11-Sept-23,114030,59250
INDUS,Kotri,11-Sept-23,67831,67831
JHELUM,Kotli,11-Sept-23,-,1490
JHELUM,Mangla,11-Sept-23,11000,54036
JHELUM,Rasul,11-Sept-23,35450,15800
CHENAB,Marala,11-Sept-23,52841,22218
CHENAB,Khanki,11-Sept-23,15802,7464
CHENAB,Qadirabad,11-Sept-23,24795,2795
CHENAB,Trimmu,11-Sept-23,15600,-
CHENAB,Punjnad,11-Sept-23,37408,20478
RAVI,Thein,11-Sept-23,-,-
RAVI,Jassar,11-Sept-23,-,6353
RAVI,Shahdara,11-Sept-23,-,25407
RAVI,Balloki,11-Sept-23,36580,8880
RAVI,Sidhnai,11-Sept-23,22084,4184
SUTLEJ,Bhakara**,11-Sept-23,-,-
SUTLEJ,Sulemanki,11-Sept-23,16455,1397
SUTLEJ,Islam,11-Sept-23,3850,1720
INDUS,khairabad,12-Sept-23,-,112500
INDUS,Kalabagh,12-Sept-23,153233,145233
INDUS,Chashma,12-Sept-23,154648,149848
INDUS,Taunsa,12-Sept-23,141544,118051
INDUS,Guddu,12-Sept-23,145024,115400
INDUS,Sukkar,12-Sept-23,109925,55175
INDUS,Kotri,12-Sept-23,66183,62383
JHELUM,Kotli,12-Sept-23,-,1330
JHELUM,Mangla,12-Sept-23,15000,35583
JHELUM,Rasul,12-Sept-23,35450,15800
CHENAB,Marala,12-Sept-23,52841,22218
CHENAB,Khanki,12-Sept-23,17668,9330
CHENAB,Qadirabad,12-Sept-23,24795,2795
CHENAB,Trimmu,12-Sept-23,18835,3235
CHENAB,Punjnad,12-Sept-23,37408,20478
RAVI,Thein,12-Sept-23,-,-
RAVI,Jassar,12-Sept-23,-,6353
RAVI,Shahdara,12-Sept-23,-,25407
RAVI,Balloki,12-Sept-23,38685,10585
RAVI,Sidhnai,12-Sept-23,21438,3531
SUTLEJ,Bhakara**,12-Sept-23,-,-
SUTLEJ,Sulemanki,12-Sept-23,16455,1397
SUTLEJ,Islam,12-Sept-23,3850,1720
INDUS,khairabad,12-Sept-23,-,110600
INDUS,Kalabagh,12-Sept-23,153233,145233
INDUS,Chashma,12-Sept-23,154846,150046
INDUS,Taunsa,12-Sept-23,141957,119642
INDUS,Guddu,12-Sept-23,144761,113689
INDUS,Sukkar,12-Sept-23,109925,55175
INDUS,Kotri,12-Sept-23,62116,54786
JHELUM,Kotli,12-Sept-23,-,1330
JHELUM,Mangla,12-Sept-23,15000,35583
JHELUM,Rasul,12-Sept-23,39355,19705
CHENAB,Marala,12-Sept-23,63547,32924
CHENAB,Khanki,12-Sept-23,17668,9330
CHENAB,Qadirabad,12-Sept-23,24795,2795
CHENAB,Trimmu,12-Sept-23,18835,3235
CHENAB,Punjnad,12-Sept-23,28872,11942
RAVI,Thein,12-Sept-23,-,-
RAVI,Jassar,12-Sept-23,-,6602
RAVI,Shahdara,12-Sept-23,-,25407
RAVI,Balloki,12-Sept-23,38685,10585
RAVI,Sidhnai,12-Sept-23,20143,2243
SUTLEJ,Bhakara**,12-Sept-23,-,-
SUTLEJ,Sulemanki,12-Sept-23,16455,1397
SUTLEJ,Islam,12-Sept-23,3850,1720
INDUS,khairabad,12-Sept-23,-,105000
INDUS,Kalabagh,12-Sept-23,130468,122468
INDUS,Chashma,12-Sept-23,154842,150042
INDUS,Taunsa,12-Sept-23,141957,119642
INDUS,Guddu,12-Sept-23,145054,113689
INDUS,Sukkar,12-Sept-23,109925,55175
INDUS,Kotri,12-Sept-23,57977,46627
JHELUM,Kotli,12-Sept-23,-,1170
JHELUM,Mangla,12-Sept-23,11000,54119
JHELUM,Rasul,12-Sept-23,47165,27515
CHENAB,Marala,12-Sept-23,63547,32924
CHENAB,Khanki,12-Sept-23,29026,20688
CHENAB,Qadirabad,12-Sept-23,27490,5490
CHENAB,Trimmu,12-Sept-23,18835,3235
CHENAB,Punjnad,12-Sept-23,28872,11942
RAVI,Thein,12-Sept-23,-,-
RAVI,Jassar,12-Sept-23,-,6602
RAVI,Shahdara,12-Sept-23,-,25407
RAVI,Balloki,12-Sept-23,38785,10585
RAVI,Sidhnai,12-Sept-23,21257,3357
SUTLEJ,Bhakara**,12-Sept-23,-,-
SUTLEJ,Sulemanki,12-Sept-23,16492,1397
SUTLEJ,Islam,12-Sept-23,3850,1720
INDUS,khairabad,12-Sept-23,-,113400
INDUS,Kalabagh,12-Sept-23,130468,122468
INDUS,Chashma,12-Sept-23,156080,150042
INDUS,Taunsa,12-Sept-23,141957,118730
INDUS,Guddu,12-Sept-23,145054,113689
INDUS,Sukkar,12-Sept-23,109925,55175
INDUS,Kotri,12-Sept-23,57977,46627
JHELUM,Kotli,12-Sept-23,-,1330
JHELUM,Mangla,12-Sept-23,13000,54119
JHELUM,Rasul,12-Sept-23,39355,19705
CHENAB,Marala,12-Sept-23,58194,27571
CHENAB,Khanki,12-Sept-23,29038,20688
CHENAB,Qadirabad,12-Sept-23,36844,14844
CHENAB,Trimmu,12-Sept-23,18835,3235
CHENAB,Punjnad,12-Sept-23,35160,18230
RAVI,Thein,12-Sept-23,-,-
RAVI,Jassar,12-Sept-23,-,6602
RAVI,Shahdara,12-Sept-23,-,24104
RAVI,Balloki,12-Sept-23,38785,10585
RAVI,Sidhnai,12-Sept-23,20477,2577
SUTLEJ,Bhakara**,12-Sept-23,-,-
SUTLEJ,Sulemanki,12-Sept-23,16492,1397
SUTLEJ,Islam,12-Sept-23,3850,1720
INDUS,khairabad,13-Sept-23,-,119200
INDUS,Kalabagh,13-Sept-23,128559,120559
INDUS,Chashma,13-Sept-23,154729,149929
INDUS,Taunsa,13-Sept-23,142034,118846
INDUS,Guddu,13-Sept-23,137830,106465
INDUS,Sukkar,13-Sept-23,108975,54825
INDUS,Kotri,13-Sept-23,42964,19939
JHELUM,Kotli,13-Sept-23,-,1170
JHELUM,Mangla,13-Sept-23,13000,35743
JHELUM,Rasul,13-Sept-23,31545,11895
CHENAB,Marala,13-Sept-23,58194,27571
CHENAB,Khanki,13-Sept-23,37342,28992
CHENAB,Qadirabad,13-Sept-23,36844,14844
CHENAB,Trimmu,13-Sept-23,20873,5273
CHENAB,Punjnad,13-Sept-23,34810,17880
RAVI,Thein,13-Sept-23,-,-
RAVI,Jassar,13-Sept-23,-,6602
RAVI,Shahdara,13-Sept-23,-,24104
RAVI,Balloki,13-Sept-23,38785,10585
RAVI,Sidhnai,13-Sept-23,21257,3357
SUTLEJ,Bhakara**,13-Sept-23,-,-
SUTLEJ,Sulemanki,13-Sept-23,18770,3619
SUTLEJ,Islam,13-Sept-23,3850,1720
INDUS,khairabad,13-Sept-23,-,92300
INDUS,Kalabagh,13-Sept-23,165003,157003
INDUS,Chashma,13-Sept-23,154870,150070
INDUS,Taunsa,13-Sept-23,142034,118846
INDUS,Guddu,13-Sept-23,136072,104248
INDUS,Sukkar,13-Sept-23,108975,54825
INDUS,Kotri,13-Sept-23,42219,11614
JHELUM,Kotli,13-Sept-23,-,1170
JHELUM,Mangla,13-Sept-23,14000,35743
JHELUM,Rasul,13-Sept-23,43310,23610
CHENAB,Marala,13-Sept-23,68900,38277
CHENAB,Khanki,13-Sept-23,41110,32760
CHENAB,Qadirabad,13-Sept-23,44706,22706
CHENAB,Trimmu,13-Sept-23,22639,7039
CHENAB,Punjnad,13-Sept-23,34810,17880
RAVI,Thein,13-Sept-23,-,-
RAVI,Jassar,13-Sept-23,-,5337
RAVI,Shahdara,13-Sept-23,-,24104
RAVI,Balloki,13-Sept-23,38785,10585
RAVI,Sidhnai,13-Sept-23,21257,3357
SUTLEJ,Bhakara**,13-Sept-23,-,-
SUTLEJ,Sulemanki,13-Sept-23,18770,3619
SUTLEJ,Islam,13-Sept-23,3850,1720
INDUS,khairabad,13-Sept-23,-,81100
INDUS,Kalabagh,13-Sept-23,141445,133445
INDUS,Chashma,13-Sept-23,154840,150040
INDUS,Taunsa,13-Sept-23,141284,121620
INDUS,Guddu,13-Sept-23,136072,104248
INDUS,Sukkar,13-Sept-23,108975,54825
INDUS,Kotri,13-Sept-23,42219,11614
JHELUM,Kotli,13-Sept-23,-,1020
JHELUM,Mangla,13-Sept-23,14000,53999
JHELUM,Rasul,13-Sept-23,43310,23610
CHENAB,Marala,13-Sept-23,74253,43630
CHENAB,Khanki,13-Sept-23,37342,28992
CHENAB,Qadirabad,13-Sept-23,48624,26624
CHENAB,Trimmu,13-Sept-23,22639,7039
CHENAB,Punjnad,13-Sept-23,34229,17299
RAVI,Thein,13-Sept-23,-,-
RAVI,Jassar,13-Sept-23,-,5337
RAVI,Shahdara,13-Sept-23,-,24104
RAVI,Balloki,13-Sept-23,38785,10585
RAVI,Sidhnai,13-Sept-23,22200,4300
SUTLEJ,Bhakara**,13-Sept-23,-,-
SUTLEJ,Sulemanki,13-Sept-23,18770,3619
SUTLEJ,Islam,13-Sept-23,3850,1720
INDUS,khairabad,13-Sept-23,-,109700
INDUS,Kalabagh,13-Sept-23,131403,123403
INDUS,Chashma,13-Sept-23,154798,149998
INDUS,Taunsa,13-Sept-23,141284,121620
INDUS,Guddu,13-Sept-23,136072,104248
INDUS,Sukkar,13-Sept-23,108975,54825
INDUS,Kotri,13-Sept-23,42219,11614
JHELUM,Kotli,13-Sept-23,-,1170
JHELUM,Mangla,13-Sept-23,13000,55399
JHELUM,Rasul,13-Sept-23,35500,15800
CHENAB,Marala,13-Sept-23,68900,38277
CHENAB,Khanki,13-Sept-23,39252,30914
CHENAB,Qadirabad,13-Sept-23,44706,22706
CHENAB,Trimmu,13-Sept-23,22639,7039
CHENAB,Punjnad,13-Sept-23,34229,17299
RAVI,Thein,13-Sept-23,-,-
RAVI,Jassar,13-Sept-23,-,5337
RAVI,Shahdara,13-Sept-23,-,24104
RAVI,Balloki,13-Sept-23,38785,10585
RAVI,Sidhnai,13-Sept-23,22200,4300
SUTLEJ,Bhakara**,13-Sept-23,-,-
SUTLEJ,Sulemanki,13-Sept-23,18770,3619
SUTLEJ,Islam,13-Sept-23,3631,1451
INDUS,khairabad,14-Sept-23,-,111600
INDUS,Kalabagh,14-Sept-23,130468,122468
INDUS,Chashma,14-Sept-23,155075,150275
INDUS,Taunsa,14-Sept-23,141284,121620
INDUS,Guddu,14-Sept-23,134914,103390
INDUS,Sukkar,14-Sept-23,99705,46655
INDUS,Kotri,14-Sept-23,42036,831
JHELUM,Kotli,14-Sept-23,-,1170
JHELUM,Mangla,14-Sept-23,13000,37104
JHELUM,Rasul,14-Sept-23,35500,15800
CHENAB,Marala,14-Sept-23,68900,38277
CHENAB,Khanki,14-Sept-23,46537,38199
CHENAB,Qadirabad,14-Sept-23,44706,22706
CHENAB,Trimmu,14-Sept-23,20873,5273
CHENAB,Punjnad,14-Sept-23,34229,17299
RAVI,Thein,14-Sept-23,-,-
RAVI,Jassar,14-Sept-23,-,5337
RAVI,Shahdara,14-Sept-23,-,27362
RAVI,Balloki,14-Sept-23,38785,10585
RAVI,Sidhnai,14-Sept-23,22211,4311
SUTLEJ,Bhakara**,14-Sept-23,-,-
SUTLEJ,Sulemanki,14-Sept-23,18770,3619
SUTLEJ,Islam,14-Sept-23,3631,1451
INDUS,khairabad,14-Sept-23,-,95900
INDUS,Kalabagh,14-Sept-23,143354,135354
INDUS,Chashma,14-Sept-23,153563,150003
INDUS,Taunsa,14-Sept-23,141284,121620
INDUS,Guddu,14-Sept-23,134766,103390
INDUS,Sukkar,14-Sept-23,99705,46655
INDUS,Kotri,14-Sept-23,42036,831
JHELUM,Kotli,14-Sept-23,-,1330
JHELUM,Mangla,14-Sept-23,14000,29415
JHELUM,Rasul,14-Sept-23,39405,19705
CHENAB,Marala,14-Sept-23,74253,43630
CHENAB,Khanki,14-Sept-23,47794,39456
CHENAB,Qadirabad,14-Sept-23,54062,32062
CHENAB,Trimmu,14-Sept-23,19837,4237
CHENAB,Punjnad,14-Sept-23,34579,17299
RAVI,Thein,14-Sept-23,-,-
RAVI,Jassar,14-Sept-23,-,8846
RAVI,Shahdara,14-Sept-23,-,27362
RAVI,Balloki,14-Sept-23,38785,10585
RAVI,Sidhnai,14-Sept-23,22211,4311
SUTLEJ,Bhakara**,14-Sept-23,-,-
SUTLEJ,Sulemanki,14-Sept-23,18770,3619
SUTLEJ,Islam,14-Sept-23,3631,1451
INDUS,khairabad,14-Sept-23,-,82800
INDUS,Kalabagh,14-Sept-23,142399,134399
INDUS,Chashma,14-Sept-23,148080,143280
INDUS,Taunsa,14-Sept-23,141284,122997
INDUS,Guddu,14-Sept-23,134766,103390
INDUS,Sukkar,14-Sept-23,99705,46655
INDUS,Kotri,14-Sept-23,42036,831
JHELUM,Kotli,14-Sept-23,-,1330
JHELUM,Mangla,14-Sept-23,15000,56682
JHELUM,Rasul,14-Sept-23,39405,19705
CHENAB,Marala,14-Sept-23,63547,32924
CHENAB,Khanki,14-Sept-23,42736,34500
CHENAB,Qadirabad,14-Sept-23,55024,33024
CHENAB,Trimmu,14-Sept-23,19837,4237
CHENAB,Punjnad,14-Sept-23,27413,10133
RAVI,Thein,14-Sept-23,-,-
RAVI,Jassar,14-Sept-23,-,9219
RAVI,Shahdara,14-Sept-23,-,27362
RAVI,Balloki,14-Sept-23,39890,11690
RAVI,Sidhnai,14-Sept-23,22211,4311
SUTLEJ,Bhakara**,14-Sept-23,-,-
SUTLEJ,Sulemanki,14-Sept-23,18770,3619
SUTLEJ,Islam,14-Sept-23,2681,1451
INDUS,khairabad,14-Sept-23,-,105900
INDUS,Kalabagh,14-Sept-23,142399,134399
INDUS,Chashma,14-Sept-23,148302,143502
INDUS,Taunsa,14-Sept-23,141284,122997
INDUS,Guddu,14-Sept-23,134766,103390
INDUS,Sukkar,14-Sept-23,99705,46655
INDUS,Kotri,14-Sept-23,42036,831
JHELUM,Kotli,14-Sept-23,-,1170
JHELUM,Mangla,14-Sept-23,13000,39404
JHELUM,Rasul,14-Sept-23,39405,19705
CHENAB,Marala,14-Sept-23,63547,32924
CHENAB,Khanki,14-Sept-23,42736,34500
CHENAB,Qadirabad,14-Sept-23,48624,26624
CHENAB,Trimmu,14-Sept-23,19837,4237
CHENAB,Punjnad,14-Sept-23,23469,6189
RAVI,Thein,14-Sept-23,-,-
RAVI,Jassar,14-Sept-23,-,8846
RAVI,Shahdara,14-Sept-23,-,28666
RAVI,Balloki,14-Sept-23,39890,11690
RAVI,Sidhnai,14-Sept-23,22757,4857
SUTLEJ,Bhakara**,14-Sept-23,-,-
SUTLEJ,Sulemanki,14-Sept-23,18770,3619
SUTLEJ,Islam,14-Sept-23,2681,1451
INDUS,khairabad,15-Sept-23,-,114400
INDUS,Kalabagh,15-Sept-23,129513,121513
INDUS,Chashma,15-Sept-23,148173,143373
INDUS,Taunsa,15-Sept-23,141635,123967
INDUS,Guddu,15-Sept-23,131683,100609
INDUS,Sukkar,15-Sept-23,98170,46250
INDUS,Kotri,15-Sept-23,42036,831
JHELUM,Kotli,15-Sept-23,-,1330
JHELUM,Mangla,15-Sept-23,15000,39404
JHELUM,Rasul,15-Sept-23,35500,15800
CHENAB,Marala,15-Sept-23,63547,32924
CHENAB,Khanki,15-Sept-23,46435,38199
CHENAB,Qadirabad,15-Sept-23,47028,25028
CHENAB,Trimmu,15-Sept-23,19837,4237
CHENAB,Punjnad,15-Sept-23,18128,848
RAVI,Thein,15-Sept-23,-,-
RAVI,Jassar,15-Sept-23,-,9219
RAVI,Shahdara,15-Sept-23,-,28666
RAVI,Balloki,15-Sept-23,39990,11690
RAVI,Sidhnai,15-Sept-23,22964,4964
SUTLEJ,Bhakara**,15-Sept-23,-,-
SUTLEJ,Sulemanki,15-Sept-23,18770,3619
SUTLEJ,Islam,15-Sept-23,2681,1451
INDUS,khairabad,15-Sept-23,-,71900
INDUS,Kalabagh,15-Sept-23,148816,140816
INDUS,Chashma,15-Sept-23,149927,145127
INDUS,Taunsa,15-Sept-23,141635,123967
INDUS,Guddu,15-Sept-23,128298,97534
INDUS,Sukkar,15-Sept-23,98170,46250
INDUS,Kotri,15-Sept-23,45338,4133
JHELUM,Kotli,15-Sept-23,-,1330
JHELUM,Mangla,15-Sept-23,14000,39804
JHELUM,Rasul,15-Sept-23,39405,19705
CHENAB,Marala,15-Sept-23,98075,67452
CHENAB,Khanki,15-Sept-23,45459,37223
CHENAB,Qadirabad,15-Sept-23,55024,33024
CHENAB,Trimmu,15-Sept-23,19837,4237
CHENAB,Punjnad,15-Sept-23,18128,848
RAVI,Thein,15-Sept-23,-,-
RAVI,Jassar,15-Sept-23,-,9219
RAVI,Shahdara,15-Sept-23,-,28014
RAVI,Balloki,15-Sept-23,39990,11690
RAVI,Sidhnai,15-Sept-23,22964,4964
SUTLEJ,Bhakara**,15-Sept-23,-,-
SUTLEJ,Sulemanki,15-Sept-23,18770,3619
SUTLEJ,Islam,15-Sept-23,2681,1451
INDUS,khairabad,15-Sept-23,-,76000
INDUS,Kalabagh,15-Sept-23,143354,135354
INDUS,Chashma,15-Sept-23,149655,144955
INDUS,Taunsa,15-Sept-23,141635,123967
INDUS,Guddu,15-Sept-23,128298,97534
INDUS,Sukkar,15-Sept-23,98170,46250
INDUS,Kotri,15-Sept-23,45338,4133
JHELUM,Kotli,15-Sept-23,-,1170
JHELUM,Mangla,15-Sept-23,14000,30315
JHELUM,Rasul,15-Sept-23,43230,23610
CHENAB,Marala,15-Sept-23,84959,54336
CHENAB,Khanki,15-Sept-23,45459,37223
CHENAB,Qadirabad,15-Sept-23,53080,31080
CHENAB,Trimmu,15-Sept-23,19837,4237
CHENAB,Punjnad,15-Sept-23,18128,848
RAVI,Thein,15-Sept-23,-,-
RAVI,Jassar,15-Sept-23,-,9591
RAVI,Shahdara,15-Sept-23,-,28014
RAVI,Balloki,15-Sept-23,39990,11690
RAVI,Sidhnai,15-Sept-23,22964,4964
SUTLEJ,Bhakara**,15-Sept-23,-,-
SUTLEJ,Sulemanki,15-Sept-23,18668,3619
SUTLEJ,Islam,15-Sept-23,2681,1451
INDUS,khairabad,15-Sept-23,-,81900
INDUS,Kalabagh,15-Sept-23,131423,123423
INDUS,Chashma,15-Sept-23,149032,144932
INDUS,Taunsa,15-Sept-23,141635,123967
INDUS,Guddu,15-Sept-23,128298,97534
INDUS,Sukkar,15-Sept-23,98170,46250
INDUS,Kotri,15-Sept-23,45338,4133
JHELUM,Kotli,15-Sept-23,-,1020
JHELUM,Mangla,15-Sept-23,14000,26015
JHELUM,Rasul,15-Sept-23,35420,15800
CHENAB,Marala,15-Sept-23,79606,48983
CHENAB,Khanki,15-Sept-23,61886,53650
CHENAB,Qadirabad,15-Sept-23,53080,31080
CHENAB,Trimmu,15-Sept-23,20873,5273
CHENAB,Punjnad,15-Sept-23,18128,848
RAVI,Thein,15-Sept-23,-,-
RAVI,Jassar,15-Sept-23,-,9591
RAVI,Shahdara,15-Sept-23,-,29969
RAVI,Balloki,15-Sept-23,43100,15100
RAVI,Sidhnai,15-Sept-23,22964,4964
SUTLEJ,Bhakara**,15-Sept-23,-,-
SUTLEJ,Sulemanki,15-Sept-23,18366,3619
SUTLEJ,Islam,15-Sept-23,2655,1451
INDUS,khairabad,16-Sept-23,-,112500
INDUS,Kalabagh,16-Sept-23,128569,120559
INDUS,Chashma,16-Sept-23,147773,145011
INDUS,Taunsa,16-Sept-23,141635,123967
INDUS,Guddu,16-Sept-23,127767,98514
INDUS,Sukkar,16-Sept-23,98170,46250
INDUS,Kotri,16-Sept-23,47787,6582
JHELUM,Kotli,16-Sept-23,-,1020
JHELUM,Mangla,16-Sept-23,32000,23315
JHELUM,Rasul,16-Sept-23,39325,19705
CHENAB,Marala,16-Sept-23,74253,43630
CHENAB,Khanki,16-Sept-23,61850,53650
CHENAB,Qadirabad,16-Sept-23,66482,44482
CHENAB,Trimmu,16-Sept-23,22639,7039
CHENAB,Punjnad,16-Sept-23,18128,848
RAVI,Thein,16-Sept-23,-,-
RAVI,Jassar,16-Sept-23,-,9591
RAVI,Shahdara,16-Sept-23,-,31415
RAVI,Balloki,16-Sept-23,43100,15100
RAVI,Sidhnai,16-Sept-23,22964,4964
SUTLEJ,Bhakara**,16-Sept-23,-,-
SUTLEJ,Sulemanki,16-Sept-23,18266,3619
SUTLEJ,Islam,16-Sept-23,2655,1451
INDUS,khairabad,16-Sept-23,-,106900
INDUS,Kalabagh,16-Sept-23,128569,120559
INDUS,Chashma,16-Sept-23,147875,144995
INDUS,Taunsa,16-Sept-23,141635,123967
INDUS,Guddu,16-Sept-23,127638,98875
INDUS,Sukkar,16-Sept-23,95020,44190
INDUS,Kotri,16-Sept-23,47787,6582
JHELUM,Kotli,16-Sept-23,-,1170
JHELUM,Mangla,16-Sept-23,15000,30115
JHELUM,Rasul,16-Sept-23,24961,5341
CHENAB,Marala,16-Sept-23,52793,22218
CHENAB,Khanki,16-Sept-23,55192,46992
CHENAB,Qadirabad,16-Sept-23,69364,47364
CHENAB,Trimmu,16-Sept-23,28731,13131
CHENAB,Punjnad,16-Sept-23,18128,848
RAVI,Thein,16-Sept-23,-,-
RAVI,Jassar,16-Sept-23,-,7600
RAVI,Shahdara,16-Sept-23,-,31415
RAVI,Balloki,16-Sept-23,41400,15100
RAVI,Sidhnai,16-Sept-23,22964,4964
SUTLEJ,Bhakara**,16-Sept-23,-,-
SUTLEJ,Sulemanki,16-Sept-23,18266,3619
SUTLEJ,Islam,16-Sept-23,2655,1451
INDUS,khairabad,16-Sept-23,-,92300
INDUS,Kalabagh,16-Sept-23,147862,139862
INDUS,Chashma,16-Sept-23,149000,145000
INDUS,Taunsa,16-Sept-23,141016,123425
INDUS,Guddu,16-Sept-23,127638,98875
INDUS,Sukkar,16-Sept-23,95020,44190
INDUS,Kotri,16-Sept-23,47787,6582
JHELUM,Kotli,16-Sept-23,-,1170
JHELUM,Mangla,16-Sept-23,15000,30115
JHELUM,Rasul,16-Sept-23,19620,-
CHENAB,Marala,16-Sept-23,52793,22218
CHENAB,Khanki,16-Sept-23,43681,35481
CHENAB,Qadirabad,16-Sept-23,63304,41304
CHENAB,Trimmu,16-Sept-23,30424,16290
CHENAB,Punjnad,16-Sept-23,17728,848
RAVI,Thein,16-Sept-23,-,-
RAVI,Jassar,16-Sept-23,-,7600
RAVI,Shahdara,16-Sept-23,-,30692
RAVI,Balloki,16-Sept-23,41400,15100
RAVI,Sidhnai,16-Sept-23,22964,4964
SUTLEJ,Bhakara**,16-Sept-23,-,-
SUTLEJ,Sulemanki,16-Sept-23,17129,2282
SUTLEJ,Islam,16-Sept-23,2655,1451
INDUS,khairabad,16-Sept-23,-,105900
INDUS,Kalabagh,16-Sept-23,147862,139862
INDUS,Chashma,16-Sept-23,147974,144993
INDUS,Taunsa,16-Sept-23,141016,123425
INDUS,Guddu,16-Sept-23,127638,98875
INDUS,Sukkar,16-Sept-23,95020,44190
INDUS,Kotri,16-Sept-23,47787,6582
JHELUM,Kotli,16-Sept-23,-,1330
JHELUM,Mangla,16-Sept-23,17000,30115
JHELUM,Rasul,16-Sept-23,31565,11895
CHENAB,Marala,16-Sept-23,47440,16865
CHENAB,Khanki,16-Sept-23,43693,35481
CHENAB,Qadirabad,16-Sept-23,55024,33024
CHENAB,Trimmu,16-Sept-23,33026,20426
CHENAB,Punjnad,16-Sept-23,17728,848
RAVI,Thein,16-Sept-23,-,-
RAVI,Jassar,16-Sept-23,-,7600
RAVI,Shahdara,16-Sept-23,-,30692
RAVI,Balloki,16-Sept-23,41400,15100
RAVI,Sidhnai,16-Sept-23,23582,5582
SUTLEJ,Bhakara**,16-Sept-23,-,-
SUTLEJ,Sulemanki,16-Sept-23,17129,2282
SUTLEJ,Islam,16-Sept-23,2755,1451
INDUS,khairabad,17-Sept-23,-,123100
INDUS,Kalabagh,17-Sept-23,142399,134399
INDUS,Chashma,17-Sept-23,148823,144823
INDUS,Taunsa,17-Sept-23,137084,119980
INDUS,Guddu,17-Sept-23,120223,91758
INDUS,Sukkar,17-Sept-23,92107,42180
INDUS,Kotri,17-Sept-23,47787,6582
JHELUM,Kotli,17-Sept-23,-,1330
JHELUM,Mangla,17-Sept-23,18000,29615
JHELUM,Rasul,17-Sept-23,25011,5341
CHENAB,Marala,17-Sept-23,52793,22218
CHENAB,Khanki,17-Sept-23,31075,22851
CHENAB,Qadirabad,17-Sept-23,53080,31080
CHENAB,Trimmu,17-Sept-23,35798,23198
CHENAB,Punjnad,17-Sept-23,18128,848
RAVI,Thein,17-Sept-23,-,-
RAVI,Jassar,17-Sept-23,-,7600
RAVI,Shahdara,17-Sept-23,-,29969
RAVI,Balloki,17-Sept-23,43105,16805
RAVI,Sidhnai,17-Sept-23,23618,5618
SUTLEJ,Bhakara**,17-Sept-23,-,-
SUTLEJ,Sulemanki,17-Sept-23,18466,3619
SUTLEJ,Islam,17-Sept-23,2755,1451
INDUS,khairabad,17-Sept-23,-,105900
INDUS,Kalabagh,17-Sept-23,154187,146187
INDUS,Chashma,17-Sept-23,148902,144902
INDUS,Taunsa,17-Sept-23,137084,119980
INDUS,Guddu,17-Sept-23,120223,91758
INDUS,Sukkar,17-Sept-23,92160,42180
INDUS,Kotri,17-Sept-23,46629,5424
JHELUM,Kotli,17-Sept-23,-,1170
JHELUM,Mangla,17-Sept-23,16000,30115
JHELUM,Rasul,17-Sept-23,27660,7990
CHENAB,Marala,17-Sept-23,47440,16865
CHENAB,Khanki,17-Sept-23,33134,24910
CHENAB,Qadirabad,17-Sept-23,42046,20046
CHENAB,Trimmu,17-Sept-23,41205,28605
CHENAB,Punjnad,17-Sept-23,18128,848
RAVI,Thein,17-Sept-23,-,-
RAVI,Jassar,17-Sept-23,-,6353
RAVI,Shahdara,17-Sept-23,-,29969
RAVI,Balloki,17-Sept-23,43105,16805
RAVI,Sidhnai,17-Sept-23,23618,5618
SUTLEJ,Bhakara**,17-Sept-23,-,-
SUTLEJ,Sulemanki,17-Sept-23,18466,3619
SUTLEJ,Islam,17-Sept-23,2755,1451
INDUS,khairabad,17-Sept-23,-,82800
INDUS,Kalabagh,17-Sept-23,142399,134399
INDUS,Chashma,17-Sept-23,149000,145000
INDUS,Taunsa,17-Sept-23,130578,114281
INDUS,Guddu,17-Sept-23,119326,91758
INDUS,Sukkar,17-Sept-23,92160,42180
INDUS,Kotri,17-Sept-23,46629,5424
JHELUM,Kotli,17-Sept-23,-,1170
JHELUM,Mangla,17-Sept-23,15000,57865
JHELUM,Rasul,17-Sept-23,25041,5341
CHENAB,Marala,17-Sept-23,45811,15286
CHENAB,Khanki,17-Sept-23,26506,18270
CHENAB,Qadirabad,17-Sept-23,42046,20046
CHENAB,Trimmu,17-Sept-23,42452,29852
CHENAB,Punjnad,17-Sept-23,18128,848
RAVI,Thein,17-Sept-23,-,-
RAVI,Jassar,17-Sept-23,-,6353
RAVI,Shahdara,17-Sept-23,-,29317
RAVI,Balloki,17-Sept-23,43105,16805
RAVI,Sidhnai,17-Sept-23,24018,5818
SUTLEJ,Bhakara**,17-Sept-23,-,-
SUTLEJ,Sulemanki,17-Sept-23,19940,8292
SUTLEJ,Islam,17-Sept-23,1330,-
INDUS,khairabad,17-Sept-23,-,128900
INDUS,Kalabagh,17-Sept-23,129513,121513
INDUS,Chashma,17-Sept-23,149080,145080
INDUS,Taunsa,17-Sept-23,130578,114281
INDUS,Guddu,17-Sept-23,119326,91758
INDUS,Sukkar,17-Sept-23,92160,42180
INDUS,Kotri,17-Sept-23,46629,5424
JHELUM,Kotli,17-Sept-23,-,1330
JHELUM,Mangla,17-Sept-23,13000,40758
JHELUM,Rasul,17-Sept-23,25041,5341
CHENAB,Marala,17-Sept-23,45811,15286
CHENAB,Khanki,17-Sept-23,29020,20784
CHENAB,Qadirabad,17-Sept-23,38099,16099
CHENAB,Trimmu,17-Sept-23,44219,31619
CHENAB,Punjnad,17-Sept-23,18128,848
RAVI,Thein,17-Sept-23,-,-
RAVI,Jassar,17-Sept-23,-,6353
RAVI,Shahdara,17-Sept-23,-,28666
RAVI,Balloki,17-Sept-23,43105,16805
RAVI,Sidhnai,17-Sept-23,23818,5618
SUTLEJ,Bhakara**,17-Sept-23,-,-
SUTLEJ,Sulemanki,17-Sept-23,19940,8292
SUTLEJ,Islam,17-Sept-23,1330,Nil
INDUS,khairabad,18-Sept-23,-,125000
INDUS,Kalabagh,18-Sept-23,140490,132490
INDUS,Chashma,18-Sept-23,149366,145366
INDUS,Taunsa,18-Sept-23,132922,115264
INDUS,Guddu,18-Sept-23,122134,95356
INDUS,Sukkar,18-Sept-23,87825,38415
INDUS,Kotri,18-Sept-23,44928,4423
JHELUM,Kotli,18-Sept-23,-,1490
JHELUM,Mangla,18-Sept-23,16000,39965
JHELUM,Rasul,18-Sept-23,27690,7990
CHENAB,Marala,18-Sept-23,52743,22218
CHENAB,Khanki,18-Sept-23,19432,11196
CHENAB,Qadirabad,18-Sept-23,36766,14766
CHENAB,Trimmu,18-Sept-23,44219,31619
CHENAB,Punjnad,18-Sept-23,18128,848
RAVI,Thein,18-Sept-23,-,-
RAVI,Jassar,18-Sept-23,-,6353
RAVI,Shahdara,18-Sept-23,-,28666
RAVI,Balloki,18-Sept-23,41400,15100
RAVI,Sidhnai,18-Sept-23,23818,5618
SUTLEJ,Bhakara**,18-Sept-23,-,-
SUTLEJ,Sulemanki,18-Sept-23,20441,8292
SUTLEJ,Islam,18-Sept-23,1330,Nil
INDUS,khairabad,18-Sept-23,-,103200
INDUS,Kalabagh,18-Sept-23,164048,156048
INDUS,Chashma,18-Sept-23,149005,145005
INDUS,Taunsa,18-Sept-23,132922,115264
INDUS,Guddu,18-Sept-23,121630,95356
INDUS,Sukkar,18-Sept-23,87825,38415
INDUS,Kotri,18-Sept-23,45008,5903
JHELUM,Kotli,18-Sept-23,-,1490
JHELUM,Mangla,18-Sept-23,16000,39965
JHELUM,Rasul,18-Sept-23,39405,19705
CHENAB,Marala,18-Sept-23,58096,27621
CHENAB,Khanki,18-Sept-23,26470,18270
CHENAB,Qadirabad,18-Sept-23,36766,14766
CHENAB,Trimmu,18-Sept-23,47719,35119
CHENAB,Punjnad,18-Sept-23,18128,848
RAVI,Thein,18-Sept-23,-,-
RAVI,Jassar,18-Sept-23,-,6014
RAVI,Shahdara,18-Sept-23,-,28666
RAVI,Balloki,18-Sept-23,41400,15100
RAVI,Sidhnai,18-Sept-23,24399,6199
SUTLEJ,Bhakara**,18-Sept-23,-,-
SUTLEJ,Sulemanki,18-Sept-23,20441,8292
SUTLEJ,Islam,18-Sept-23,1630,-
INDUS,khairabad,18-Sept-23,-,102300
INDUS,Kalabagh,18-Sept-23,153233,145233
INDUS,Chashma,18-Sept-23,149509,145009
INDUS,Taunsa,18-Sept-23,132922,115264
INDUS,Guddu,18-Sept-23,121630,95356
INDUS,Sukkar,18-Sept-23,87825,38415
INDUS,Kotri,18-Sept-23,44444,8839
JHELUM,Kotli,18-Sept-23,-,1330
JHELUM,Mangla,18-Sept-23,15000,57948
JHELUM,Rasul,18-Sept-23,39405,19705
CHENAB,Marala,18-Sept-23,52693,22218
CHENAB,Khanki,18-Sept-23,31462,23274
CHENAB,Qadirabad,18-Sept-23,30164,8164
CHENAB,Trimmu,18-Sept-23,47719,35119
CHENAB,Punjnad,18-Sept-23,18128,848
RAVI,Thein,18-Sept-23,-,-
RAVI,Jassar,18-Sept-23,-,7101
RAVI,Shahdara,18-Sept-23,-,28666
RAVI,Balloki,18-Sept-23,41400,15100
RAVI,Sidhnai,18-Sept-23,24399,6199
SUTLEJ,Bhakara**,18-Sept-23,-,-
SUTLEJ,Sulemanki,18-Sept-23,20881,7728
SUTLEJ,Islam,18-Sept-23,1630,-
INDUS,khairabad,18-Sept-23,-,107800
INDUS,Kalabagh,18-Sept-23,153233,145233
INDUS,Chashma,18-Sept-23,149643,144943
INDUS,Taunsa,18-Sept-23,132922,115264
INDUS,Guddu,18-Sept-23,121630,95356
INDUS,Sukkar,18-Sept-23,87825,38415
INDUS,Kotri,18-Sept-23,44444,8839
JHELUM,Kotli,18-Sept-23,-,1490
JHELUM,Mangla,18-Sept-23,13000,30915
JHELUM,Rasul,18-Sept-23,31595,11895
CHENAB,Marala,18-Sept-23,58046,27571
CHENAB,Khanki,18-Sept-23,42218,34006
CHENAB,Qadirabad,18-Sept-23,38099,16099
CHENAB,Trimmu,18-Sept-23,51546,38946
CHENAB,Punjnad,18-Sept-23,18128,848
RAVI,Thein,18-Sept-23,-,-
RAVI,Jassar,18-Sept-23,-,7101
RAVI,Shahdara,18-Sept-23,-,27362
RAVI,Balloki,18-Sept-23,41400,15100
RAVI,Sidhnai,18-Sept-23,26300,8100
SUTLEJ,Bhakara**,18-Sept-23,-,-
SUTLEJ,Sulemanki,18-Sept-23,20881,7728
SUTLEJ,Islam,18-Sept-23,1630,-
INDUS,khairabad,19-Sept-23,-,107800
INDUS,Kalabagh,19-Sept-23,153233,145233
INDUS,Chashma,19-Sept-23,150714,144894
INDUS,Taunsa,19-Sept-23,137133,118920
INDUS,Guddu,19-Sept-23,123237,98261
INDUS,Sukkar,19-Sept-23,87705,38415
INDUS,Kotri,19-Sept-23,43816,14561
JHELUM,Kotli,19-Sept-23,-,1330
JHELUM,Mangla,19-Sept-23,12000,30915
JHELUM,Rasul,19-Sept-23,39405,19705
CHENAB,Marala,19-Sept-23,52293,22218
CHENAB,Khanki,19-Sept-23,38104,29892
CHENAB,Qadirabad,19-Sept-23,44645,22645
CHENAB,Trimmu,19-Sept-23,51546,38946
CHENAB,Punjnad,19-Sept-23,18128,848
RAVI,Thein,19-Sept-23,-,-
RAVI,Jassar,19-Sept-23,-,7101
RAVI,Shahdara,19-Sept-23,-,27362
RAVI,Balloki,19-Sept-23,41100,15100
RAVI,Sidhnai,19-Sept-23,26300,8100
SUTLEJ,Bhakara**,19-Sept-23,-,-
SUTLEJ,Sulemanki,19-Sept-23,21276,7728
SUTLEJ,Islam,19-Sept-23,1630,-
INDUS,khairabad,19-Sept-23,-,104100
INDUS,Kalabagh,19-Sept-23,153233,145233
INDUS,Chashma,19-Sept-23,150833,145013
INDUS,Taunsa,19-Sept-23,137133,118754
INDUS,Guddu,19-Sept-23,122953,97977
INDUS,Sukkar,19-Sept-23,87705,38415
INDUS,Kotri,19-Sept-23,43812,17177
JHELUM,Kotli,19-Sept-23,-,1330
JHELUM,Mangla,19-Sept-23,13000,30915
JHELUM,Rasul,19-Sept-23,43310,23610
CHENAB,Marala,19-Sept-23,46940,16865
CHENAB,Khanki,19-Sept-23,33842,25630
CHENAB,Qadirabad,19-Sept-23,49876,27876
CHENAB,Trimmu,19-Sept-23,51546,38946
CHENAB,Punjnad,19-Sept-23,19380,2100
RAVI,Thein,19-Sept-23,-,-
RAVI,Jassar,19-Sept-23,-,8846
RAVI,Shahdara,19-Sept-23,-,27362
RAVI,Balloki,19-Sept-23,41740,15740
RAVI,Sidhnai,19-Sept-23,26939,9339
SUTLEJ,Bhakara**,19-Sept-23,-,-
SUTLEJ,Sulemanki,19-Sept-23,21276,7728
SUTLEJ,Islam,19-Sept-23,2229,799
INDUS,khairabad,19-Sept-23,-,88800
INDUS,Kalabagh,19-Sept-23,141445,133445
INDUS,Chashma,19-Sept-23,149795,145095
INDUS,Taunsa,19-Sept-23,136950,118200
INDUS,Guddu,19-Sept-23,121094,96421
INDUS,Sukkar,19-Sept-23,87705,38415
INDUS,Kotri,19-Sept-23,41857,20442
JHELUM,Kotli,19-Sept-23,-,1490
JHELUM,Mangla,19-Sept-23,14000,57948
JHELUM,Rasul,19-Sept-23,35500,15800
CHENAB,Marala,19-Sept-23,45361,15286
CHENAB,Khanki,19-Sept-23,33842,25630
CHENAB,Qadirabad,19-Sept-23,40716,18716
CHENAB,Trimmu,19-Sept-23,49513,36913
CHENAB,Punjnad,19-Sept-23,19380,2100
RAVI,Thein,19-Sept-23,-,-
RAVI,Jassar,19-Sept-23,-,8846
RAVI,Shahdara,19-Sept-23,-,30692
RAVI,Balloki,19-Sept-23,43160,16860
RAVI,Sidhnai,19-Sept-23,26939,9339
SUTLEJ,Bhakara**,19-Sept-23,-,-
SUTLEJ,Sulemanki,19-Sept-23,24944,11793
SUTLEJ,Islam,19-Sept-23,2229,799
INDUS,khairabad,19-Sept-23,-,105000
INDUS,Kalabagh,19-Sept-23,148816,140816
INDUS,Chashma,19-Sept-23,149712,145012
INDUS,Taunsa,19-Sept-23,136950,118200
INDUS,Guddu,19-Sept-23,121094,96421
INDUS,Sukkar,19-Sept-23,87705,38415
INDUS,Kotri,19-Sept-23,41857,20442
JHELUM,Kotli,19-Sept-23,-,1490
JHELUM,Mangla,19-Sept-23,11000,57047
JHELUM,Rasul,19-Sept-23,27690,7990
CHENAB,Marala,19-Sept-23,51993,22218
CHENAB,Khanki,19-Sept-23,19109,11196
CHENAB,Qadirabad,19-Sept-23,40716,18716
CHENAB,Trimmu,19-Sept-23,43644,31044
CHENAB,Punjnad,19-Sept-23,22450,5170
RAVI,Thein,19-Sept-23,-,-
RAVI,Jassar,19-Sept-23,-,8846
RAVI,Shahdara,19-Sept-23,-,32861
RAVI,Balloki,19-Sept-23,43160,16860
RAVI,Sidhnai,19-Sept-23,26939,9339
SUTLEJ,Bhakara**,19-Sept-23,-,-
SUTLEJ,Sulemanki,19-Sept-23,24944,11793
SUTLEJ,Islam,19-Sept-23,2229,799
INDUS,khairabad,20-Sept-23,-,125000
INDUS,Kalabagh,20-Sept-23,150726,142726
INDUS,Chashma,20-Sept-23,150806,144868
INDUS,Taunsa,20-Sept-23,136950,118200
INDUS,Guddu,20-Sept-23,118409,93736
INDUS,Sukkar,20-Sept-23,93575,43445
INDUS,Kotri,20-Sept-23,40897,20442
JHELUM,Kotli,20-Sept-23,-,1330
JHELUM,Mangla,20-Sept-23,16000,30915
JHELUM,Rasul,20-Sept-23,27690,7990
CHENAB,Marala,20-Sept-23,46640,16865
CHENAB,Khanki,20-Sept-23,20975,13062
CHENAB,Qadirabad,20-Sept-23,38099,16099
CHENAB,Trimmu,20-Sept-23,38198,25598
CHENAB,Punjnad,20-Sept-23,22450,5170
RAVI,Thein,20-Sept-23,-,-
RAVI,Jassar,20-Sept-23,-,8846
RAVI,Shahdara,20-Sept-23,-,33585
RAVI,Balloki,20-Sept-23,44280,17980
RAVI,Sidhnai,20-Sept-23,26312,8712
SUTLEJ,Bhakara**,20-Sept-23,-,-
SUTLEJ,Sulemanki,20-Sept-23,22986,10240
SUTLEJ,Islam,20-Sept-23,2229,799
INDUS,khairabad,20-Sept-23,-,93200
INDUS,Kalabagh,20-Sept-23,156097,148097
INDUS,Chashma,20-Sept-23,149695,144995
INDUS,Taunsa,20-Sept-23,136950,118190
INDUS,Guddu,20-Sept-23,117561,93198
INDUS,Sukkar,20-Sept-23,93575,43445
INDUS,Kotri,20-Sept-23,40767,22172
JHELUM,Kotli,20-Sept-23,-,1170
JHELUM,Mangla,20-Sept-23,15000,30915
JHELUM,Rasul,20-Sept-23,39405,19705
CHENAB,Marala,20-Sept-23,46690,16865
CHENAB,Khanki,20-Sept-23,28904,21064
CHENAB,Qadirabad,20-Sept-23,32823,10823
CHENAB,Trimmu,20-Sept-23,35242,22642
CHENAB,Punjnad,20-Sept-23,22450,5170
RAVI,Thein,20-Sept-23,-,-
RAVI,Jassar,20-Sept-23,-,6353
RAVI,Shahdara,20-Sept-23,-,31415
RAVI,Balloki,20-Sept-23,44280,17980
RAVI,Sidhnai,20-Sept-23,26312,8712
SUTLEJ,Bhakara**,20-Sept-23,-,-
SUTLEJ,Sulemanki,20-Sept-23,22986,10240
SUTLEJ,Islam,20-Sept-23,3407,1777
INDUS,khairabad,20-Sept-23,-,89700
INDUS,Kalabagh,20-Sept-23,142399,134399
INDUS,Chashma,20-Sept-23,149803,145103
INDUS,Taunsa,20-Sept-23,136950,118190
INDUS,Guddu,20-Sept-23,117164,93198
INDUS,Sukkar,20-Sept-23,93575,43445
INDUS,Kotri,20-Sept-23,40767,22172
JHELUM,Kotli,20-Sept-23,-,1020
JHELUM,Mangla,20-Sept-23,13000,57831
JHELUM,Rasul,20-Sept-23,43310,23610
CHENAB,Marala,20-Sept-23,41337,11512
CHENAB,Khanki,20-Sept-23,28904,21064
CHENAB,Qadirabad,20-Sept-23,32823,10823
CHENAB,Trimmu,20-Sept-23,30588,17988
CHENAB,Punjnad,20-Sept-23,22450,5170
RAVI,Thein,20-Sept-23,-,-
RAVI,Jassar,20-Sept-23,-,6353
RAVI,Shahdara,20-Sept-23,-,30692
RAVI,Balloki,20-Sept-23,45400,19100
RAVI,Sidhnai,20-Sept-23,26312,8712
SUTLEJ,Bhakara**,20-Sept-23,-,-
SUTLEJ,Sulemanki,20-Sept-23,22490,8941
SUTLEJ,Islam,20-Sept-23,4479,2849
INDUS,khairabad,20-Sept-23,-,105900
INDUS,Kalabagh,20-Sept-23,128559,120559
INDUS,Chashma,20-Sept-23,149673,144973
INDUS,Taunsa,20-Sept-23,136950,118190
INDUS,Guddu,20-Sept-23,117164,93198
INDUS,Sukkar,20-Sept-23,93575,43445
INDUS,Kotri,20-Sept-23,40767,22172
JHELUM,Kotli,20-Sept-23,-,1020
JHELUM,Mangla,20-Sept-23,10000,57532
JHELUM,Rasul,20-Sept-23,35500,15800
CHENAB,Marala,20-Sept-23,37563,7738
CHENAB,Khanki,20-Sept-23,19036,11196
CHENAB,Qadirabad,20-Sept-23,36766,14766
CHENAB,Trimmu,20-Sept-23,30588,17988
CHENAB,Punjnad,20-Sept-23,22450,5170
RAVI,Thein,20-Sept-23,-,-
RAVI,Jassar,20-Sept-23,-,6353
RAVI,Shahdara,20-Sept-23,-,30692
RAVI,Balloki,20-Sept-23,46000,19100
RAVI,Sidhnai,20-Sept-23,26312,8712
SUTLEJ,Bhakara**,20-Sept-23,-,-
SUTLEJ,Sulemanki,20-Sept-23,22490,8941
SUTLEJ,Islam,20-Sept-23,4479,2849
INDUS,khairabad,21-Sept-23,-,126000
INDUS,Kalabagh,21-Sept-23,144309,136309
INDUS,Chashma,21-Sept-23,149334,144634
INDUS,Taunsa,21-Sept-23,137122,117443
INDUS,Guddu,21-Sept-23,115087,91422
INDUS,Sukkar,21-Sept-23,90120,40960
INDUS,Kotri,21-Sept-23,40277,20442
JHELUM,Kotli,21-Sept-23,-,880
JHELUM,Mangla,21-Sept-23,16000,30915
JHELUM,Rasul,21-Sept-23,31595,11895
CHENAB,Marala,21-Sept-23,37563,7738
CHENAB,Khanki,21-Sept-23,17170,9330
CHENAB,Qadirabad,21-Sept-23,32323,10823
CHENAB,Trimmu,21-Sept-23,27433,14833
CHENAB,Punjnad,21-Sept-23,29240,11960
RAVI,Thein,21-Sept-23,-,-
RAVI,Jassar,21-Sept-23,-,6353
RAVI,Shahdara,21-Sept-23,-,30692
RAVI,Balloki,21-Sept-23,47200,19100
RAVI,Sidhnai,21-Sept-23,26812,8712
SUTLEJ,Bhakara**,21-Sept-23,-,-
SUTLEJ,Sulemanki,21-Sept-23,23220,9671
SUTLEJ,Islam,21-Sept-23,4479,2849
INDUS,khairabad,21-Sept-23,-,87900
INDUS,Kalabagh,21-Sept-23,154187,146187
INDUS,Chashma,21-Sept-23,149729,145029
INDUS,Taunsa,21-Sept-23,136299,116579
INDUS,Guddu,21-Sept-23,114954,89382
INDUS,Sukkar,21-Sept-23,90120,40960
INDUS,Kotri,21-Sept-23,39712,18837
JHELUM,Kotli,21-Sept-23,-,1020
JHELUM,Mangla,21-Sept-23,16000,30915
JHELUM,Rasul,21-Sept-23,39405,19705
CHENAB,Marala,21-Sept-23,37563,7738
CHENAB,Khanki,21-Sept-23,13438,5598
CHENAB,Qadirabad,21-Sept-23,24795,2795
CHENAB,Trimmu,21-Sept-23,27433,14833
CHENAB,Punjnad,21-Sept-23,30375,13095
RAVI,Thein,21-Sept-23,-,-
RAVI,Jassar,21-Sept-23,-,5507
RAVI,Shahdara,21-Sept-23,-,30692
RAVI,Balloki,21-Sept-23,47400,19100
RAVI,Sidhnai,21-Sept-23,26812,8712
SUTLEJ,Bhakara**,21-Sept-23,-,-
SUTLEJ,Sulemanki,21-Sept-23,23220,9671
SUTLEJ,Islam,21-Sept-23,5866,4136
INDUS,khairabad,21-Sept-23,-,67100
INDUS,Kalabagh,21-Sept-23,142399,134399
INDUS,Chashma,21-Sept-23,149776,145076
INDUS,Taunsa,21-Sept-23,136819,116389
INDUS,Guddu,21-Sept-23,114954,89382
INDUS,Sukkar,21-Sept-23,90120,40960
INDUS,Kotri,21-Sept-23,39712,18837
JHELUM,Kotli,21-Sept-23,-,1170
JHELUM,Mangla,21-Sept-23,11000,57831
JHELUM,Rasul,21-Sept-23,43230,23610
CHENAB,Marala,21-Sept-23,41337,11512
CHENAB,Khanki,21-Sept-23,15304,7464
CHENAB,Qadirabad,21-Sept-23,24795,2795
CHENAB,Trimmu,21-Sept-23,25731,13131
CHENAB,Punjnad,21-Sept-23,30375,13095
RAVI,Thein,21-Sept-23,-,-
RAVI,Jassar,21-Sept-23,-,5507
RAVI,Shahdara,21-Sept-23,-,29317
RAVI,Balloki,21-Sept-23,47400,19100
RAVI,Sidhnai,21-Sept-23,26812,8712
SUTLEJ,Bhakara**,21-Sept-23,-,-
SUTLEJ,Sulemanki,21-Sept-23,31282,17332
SUTLEJ,Islam,21-Sept-23,5866,4136
INDUS,khairabad,21-Sept-23,-,85300
INDUS,Kalabagh,21-Sept-23,118242,110242
INDUS,Chashma,21-Sept-23,149631,144931
INDUS,Taunsa,21-Sept-23,136819,116389
INDUS,Guddu,21-Sept-23,114954,89382
INDUS,Sukkar,21-Sept-23,90120,40960
INDUS,Kotri,21-Sept-23,39712,18837
JHELUM,Kotli,21-Sept-23,-,1170
JHELUM,Mangla,21-Sept-23,10000,57831
JHELUM,Rasul,21-Sept-23,31515,11895
CHENAB,Marala,21-Sept-23,37563,7738
CHENAB,Khanki,21-Sept-23,11560,3732
CHENAB,Qadirabad,21-Sept-23,26142,4142
CHENAB,Trimmu,21-Sept-23,27433,14833
CHENAB,Punjnad,21-Sept-23,35234,17954
RAVI,Thein,21-Sept-23,-,-
RAVI,Jassar,21-Sept-23,-,5507
RAVI,Shahdara,21-Sept-23,-,29317
RAVI,Balloki,21-Sept-23,47400,19100
RAVI,Sidhnai,21-Sept-23,26812,8712
SUTLEJ,Bhakara**,21-Sept-23,-,-
SUTLEJ,Sulemanki,21-Sept-23,31282,17332
SUTLEJ,Islam,21-Sept-23,5866,4136
INDUS,khairabad,22-Sept-23,-,111600
INDUS,Kalabagh,22-Sept-23,103213,95213
INDUS,Chashma,22-Sept-23,149707,145007
INDUS,Taunsa,22-Sept-23,136819,116389
INDUS,Guddu,22-Sept-23,115959,89886
INDUS,Sukkar,22-Sept-23,89115,39655
INDUS,Kotri,22-Sept-23,38247,12952
JHELUM,Kotli,22-Sept-23,-,1330
JHELUM,Mangla,22-Sept-23,10000,30915
JHELUM,Rasul,22-Sept-23,24961,5341
CHENAB,Marala,22-Sept-23,37563,7738
CHENAB,Khanki,22-Sept-23,11560,3732
CHENAB,Qadirabad,22-Sept-23,27490,5490
CHENAB,Trimmu,22-Sept-23,27433,14833
CHENAB,Punjnad,22-Sept-23,35234,17954
RAVI,Thein,22-Sept-23,-,-
RAVI,Jassar,22-Sept-23,-,5507
RAVI,Shahdara,22-Sept-23,-,28666
RAVI,Balloki,22-Sept-23,46280,17980
RAVI,Sidhnai,22-Sept-23,26812,8712
SUTLEJ,Bhakara**,22-Sept-23,-,-
SUTLEJ,Sulemanki,22-Sept-23,31282,17332
SUTLEJ,Islam,22-Sept-23,7121,5391
INDUS,khairabad,22-Sept-23,-,94100
INDUS,Kalabagh,22-Sept-23,141445,133445
INDUS,Chashma,22-Sept-23,149634,144934
INDUS,Taunsa,22-Sept-23,136819,116200
INDUS,Guddu,22-Sept-23,117222,88258
INDUS,Sukkar,22-Sept-23,89115,39655
INDUS,Kotri,22-Sept-23,37981,9896
JHELUM,Kotli,22-Sept-23,-,1170
JHELUM,Mangla,22-Sept-23,16000,29315
JHELUM,Rasul,22-Sept-23,39325,19705
CHENAB,Marala,22-Sept-23,37563,7738
CHENAB,Khanki,22-Sept-23,13426,5598
CHENAB,Qadirabad,22-Sept-23,22000,-
CHENAB,Trimmu,22-Sept-23,30588,17988
CHENAB,Punjnad,22-Sept-23,36667,19387
RAVI,Thein,22-Sept-23,-,-
RAVI,Jassar,22-Sept-23,-,5507
RAVI,Shahdara,22-Sept-23,-,28666
RAVI,Balloki,22-Sept-23,46280,17980
RAVI,Sidhnai,22-Sept-23,26812,8712
SUTLEJ,Bhakara**,22-Sept-23,-,-
SUTLEJ,Sulemanki,22-Sept-23,31282,17332
SUTLEJ,Islam,22-Sept-23,7221,5391
INDUS,khairabad,22-Sept-23,-,88800
INDUS,Kalabagh,22-Sept-23,142399,134399
INDUS,Chashma,22-Sept-23,148524,145062
INDUS,Taunsa,22-Sept-23,137239,116302
INDUS,Guddu,22-Sept-23,117222,88258
INDUS,Sukkar,22-Sept-23,89115,39655
INDUS,Kotri,22-Sept-23,37981,9896
JHELUM,Kotli,22-Sept-23,-,1330
JHELUM,Mangla,22-Sept-23,14000,57714
JHELUM,Rasul,22-Sept-23,43230,23610
CHENAB,Marala,22-Sept-23,37563,7738
CHENAB,Khanki,22-Sept-23,15292,7464
CHENAB,Qadirabad,22-Sept-23,22000,-
CHENAB,Trimmu,22-Sept-23,30588,17988
CHENAB,Punjnad,22-Sept-23,38655,21375
RAVI,Thein,22-Sept-23,-,-
RAVI,Jassar,22-Sept-23,-,5507
RAVI,Shahdara,22-Sept-23,-,28666
RAVI,Balloki,22-Sept-23,46280,17980
RAVI,Sidhnai,22-Sept-23,28738,10638
SUTLEJ,Bhakara**,22-Sept-23,-,-
SUTLEJ,Sulemanki,22-Sept-23,33855,19905
SUTLEJ,Islam,22-Sept-23,7221,5391
INDUS,khairabad,22-Sept-23,-,94100
INDUS,Kalabagh,22-Sept-23,140490,132490
INDUS,Chashma,22-Sept-23,149757,145057
INDUS,Taunsa,22-Sept-23,136819,116200
INDUS,Guddu,22-Sept-23,117222,88258
INDUS,Sukkar,22-Sept-23,89115,39655
INDUS,Kotri,22-Sept-23,37981,9896
JHELUM,Kotli,22-Sept-23,-,1490
JHELUM,Mangla,22-Sept-23,10000,35212
JHELUM,Rasul,22-Sept-23,27610,7990
CHENAB,Marala,22-Sept-23,33789,3964
CHENAB,Khanki,22-Sept-23,15279,7464
CHENAB,Qadirabad,22-Sept-23,23459,1459
CHENAB,Trimmu,22-Sept-23,32263,19663
CHENAB,Punjnad,22-Sept-23,38655,21375
RAVI,Thein,22-Sept-23,-,-
RAVI,Jassar,22-Sept-23,-,5507
RAVI,Shahdara,22-Sept-23,-,28014
RAVI,Balloki,22-Sept-23,46340,2040
RAVI,Sidhnai,22-Sept-23,29804,11704
SUTLEJ,Bhakara**,22-Sept-23,-,-
SUTLEJ,Sulemanki,22-Sept-23,33855,19905
SUTLEJ,Islam,22-Sept-23,7221,5391
INDUS,khairabad,23-Sept-23,-,111600
INDUS,Kalabagh,23-Sept-23,103213,95213
INDUS,Chashma,23-Sept-23,149707,145007
INDUS,Taunsa,23-Sept-23,136819,116389
INDUS,Guddu,23-Sept-23,115959,89886
INDUS,Sukkar,23-Sept-23,89115,39655
INDUS,Kotri,23-Sept-23,38247,12952
JHELUM,Kotli,23-Sept-23,-,1330
JHELUM,Mangla,23-Sept-23,10000,30915
JHELUM,Rasul,23-Sept-23,24961,5341
CHENAB,Marala,23-Sept-23,37563,7738
CHENAB,Khanki,23-Sept-23,11560,3732
CHENAB,Qadirabad,23-Sept-23,27490,5490
CHENAB,Trimmu,23-Sept-23,27433,14833
CHENAB,Punjnad,23-Sept-23,35234,17954
RAVI,Thein,23-Sept-23,-,-
RAVI,Jassar,23-Sept-23,-,5507
RAVI,Shahdara,23-Sept-23,-,28666
RAVI,Balloki,23-Sept-23,46280,17980
RAVI,Sidhnai,23-Sept-23,26812,8712
SUTLEJ,Bhakara**,23-Sept-23,-,-
SUTLEJ,Sulemanki,23-Sept-23,31282,17332
SUTLEJ,Islam,23-Sept-23,7121,5391
INDUS,khairabad,23-Sept-23,-,87900
INDUS,Kalabagh,23-Sept-23,142399,134399
INDUS,Chashma,23-Sept-23,149771,145071
INDUS,Taunsa,23-Sept-23,137909,116884
INDUS,Guddu,23-Sept-23,127284,97160
INDUS,Sukkar,23-Sept-23,88080,38330
INDUS,Kotri,23-Sept-23,35534,5449
JHELUM,Kotli,23-Sept-23,-,2020
JHELUM,Mangla,23-Sept-23,14000,30915
JHELUM,Rasul,23-Sept-23,43160,23610
CHENAB,Marala,23-Sept-23,33689,3964
CHENAB,Khanki,23-Sept-23,13339,5598
CHENAB,Qadirabad,23-Sept-23,24795,2795
CHENAB,Trimmu,23-Sept-23,30588,17988
CHENAB,Punjnad,23-Sept-23,38655,21375
RAVI,Thein,23-Sept-23,-,-
RAVI,Jassar,23-Sept-23,-,5507
RAVI,Shahdara,23-Sept-23,-,28014
RAVI,Balloki,23-Sept-23,42945,22645
RAVI,Sidhnai,23-Sept-23,29812,11082
SUTLEJ,Bhakara**,23-Sept-23,-,-
SUTLEJ,Sulemanki,23-Sept-23,33855,19905
SUTLEJ,Islam,23-Sept-23,9809,7979
INDUS,khairabad,23-Sept-23,-,100400
INDUS,Kalabagh,23-Sept-23,129513,121513
INDUS,Chashma,23-Sept-23,135842,129980
INDUS,Taunsa,23-Sept-23,137909,116884
INDUS,Guddu,23-Sept-23,127284,97160
INDUS,Sukkar,23-Sept-23,88080,38330
INDUS,Kotri,23-Sept-23,35534,5449
JHELUM,Kotli,23-Sept-23,-,1840
JHELUM,Mangla,23-Sept-23,11000,57597
JHELUM,Rasul,23-Sept-23,43660,23610
CHENAB,Marala,23-Sept-23,32901,5946
CHENAB,Khanki,23-Sept-23,11400,3732
CHENAB,Qadirabad,23-Sept-23,22000,-
CHENAB,Trimmu,23-Sept-23,29090,16490
CHENAB,Punjnad,23-Sept-23,38655,21375
RAVI,Thein,23-Sept-23,-,-
RAVI,Jassar,23-Sept-23,-,5507
RAVI,Shahdara,23-Sept-23,-,28666
RAVI,Balloki,23-Sept-23,44065,23765
RAVI,Sidhnai,23-Sept-23,29182,11082
SUTLEJ,Bhakara**,23-Sept-23,-,-
SUTLEJ,Sulemanki,23-Sept-23,31282,17332
SUTLEJ,Islam,23-Sept-23,9809,7979
INDUS,khairabad,23-Sept-23,-,107800
INDUS,Kalabagh,23-Sept-23,140490,132490
INDUS,Chashma,23-Sept-23,134656,129956
INDUS,Taunsa,23-Sept-23,,
INDUS,Guddu,23-Sept-23,127284,97160
INDUS,Sukkar,23-Sept-23,88080,38330
INDUS,Kotri,23-Sept-23,35534,5449
JHELUM,Kotli,23-Sept-23,-,1660
JHELUM,Mangla,23-Sept-23,11000,30915
JHELUM,Rasul,23-Sept-23,36350,15800
CHENAB,Marala,23-Sept-23,30939,3964
CHENAB,Khanki,23-Sept-23,11400,3732
CHENAB,Qadirabad,23-Sept-23,18000,-
CHENAB,Trimmu,23-Sept-23,27433,14833
CHENAB,Punjnad,23-Sept-23,38655,21375
RAVI,Thein,23-Sept-23,-,-
RAVI,Jassar,23-Sept-23,-,5507
RAVI,Shahdara,23-Sept-23,-,28666
RAVI,Balloki,23-Sept-23,44065,23765
RAVI,Sidhnai,23-Sept-23,29182,11082
SUTLEJ,Bhakara**,23-Sept-23,-,-
SUTLEJ,Sulemanki,23-Sept-23,31282,17332
SUTLEJ,Islam,23-Sept-23,9809,7979
INDUS,khairabad,24-Sept-23,-,105900
INDUS,Kalabagh,24-Sept-23,125695,117695
INDUS,Chashma,24-Sept-23,134705,130005
INDUS,Taunsa,24-Sept-23,138048,117508
INDUS,Guddu,24-Sept-23,130462,99929
INDUS,Sukkar,24-Sept-23,94012,43252
INDUS,Kotri,24-Sept-23,35534,5449
JHELUM,Kotli,24-Sept-23,-,1660
JHELUM,Mangla,24-Sept-23,11000,30915
JHELUM,Rasul,24-Sept-23,32445,11895
CHENAB,Marala,24-Sept-23,30939,3964
CHENAB,Khanki,24-Sept-23,10489,2821
CHENAB,Qadirabad,24-Sept-23,20795,2795
CHENAB,Trimmu,24-Sept-23,27433,14833
CHENAB,Punjnad,24-Sept-23,34838,17558
RAVI,Thein,24-Sept-23,-,-
RAVI,Jassar,24-Sept-23,-,5507
RAVI,Shahdara,24-Sept-23,-,28666
RAVI,Balloki,24-Sept-23,45185,24885
RAVI,Sidhnai,24-Sept-23,29182,11082
SUTLEJ,Bhakara**,24-Sept-23,-,-
SUTLEJ,Sulemanki,24-Sept-23,23044,9094
SUTLEJ,Islam,24-Sept-23,10176,8546
INDUS,khairabad,24-Sept-23,-,76900
INDUS,Kalabagh,24-Sept-23,141445,133445
INDUS,Chashma,24-Sept-23,139353,134953
INDUS,Taunsa,24-Sept-23,138048,117508
INDUS,Guddu,24-Sept-23,131335,100502
INDUS,Sukkar,24-Sept-23,94012,43252
INDUS,Kotri,24-Sept-23,35534,5449
JHELUM,Kotli,24-Sept-23,-,1490
JHELUM,Mangla,24-Sept-23,11000,30915
JHELUM,Rasul,24-Sept-23,40255,19705
CHENAB,Marala,24-Sept-23,34413,7738
CHENAB,Khanki,24-Sept-23,11376,3732
CHENAB,Qadirabad,24-Sept-23,20795,2795
CHENAB,Trimmu,24-Sept-23,25731,13131
CHENAB,Punjnad,24-Sept-23,34838,17558
RAVI,Thein,24-Sept-23,-,-
RAVI,Jassar,24-Sept-23,-,4660
RAVI,Shahdara,24-Sept-23,-,28666
RAVI,Balloki,24-Sept-23,44735,23435
RAVI,Sidhnai,24-Sept-23,28623,10523
SUTLEJ,Bhakara**,24-Sept-23,-,-
SUTLEJ,Sulemanki,24-Sept-23,23044,9094
SUTLEJ,Islam,24-Sept-23,13783,12253
INDUS,khairabad,24-Sept-23,-,73600
INDUS,Kalabagh,24-Sept-23,128559,120559
INDUS,Chashma,24-Sept-23,139455,135055
INDUS,Taunsa,24-Sept-23,138048,117508
INDUS,Guddu,24-Sept-23,130039,99056
INDUS,Sukkar,24-Sept-23,94012,43252
INDUS,Kotri,24-Sept-23,35534,5449
JHELUM,Kotli,24-Sept-23,-,1330
JHELUM,Mangla,24-Sept-23,10000,57480
JHELUM,Rasul,24-Sept-23,40205,19705
CHENAB,Marala,24-Sept-23,30639,3964
CHENAB,Khanki,24-Sept-23,7644,-
CHENAB,Qadirabad,24-Sept-23,22142,4142
CHENAB,Trimmu,24-Sept-23,25731,13131
CHENAB,Punjnad,24-Sept-23,34838,17558
RAVI,Thein,24-Sept-23,-,-
RAVI,Jassar,24-Sept-23,-,4660
RAVI,Shahdara,24-Sept-23,-,28666
RAVI,Balloki,24-Sept-23,45020,22250
RAVI,Sidhnai,24-Sept-23,28623,10523
SUTLEJ,Bhakara**,24-Sept-23,-,-
SUTLEJ,Sulemanki,24-Sept-23,23044,9094
SUTLEJ,Islam,24-Sept-23,13783,12253
INDUS,khairabad,24-Sept-23,-,88800
INDUS,Kalabagh,24-Sept-23,104167,96167
INDUS,Chashma,24-Sept-23,139430,135030
INDUS,Taunsa,24-Sept-23,138048,117508
INDUS,Guddu,24-Sept-23,130039,99056
INDUS,Sukkar,24-Sept-23,94012,43252
INDUS,Kotri,24-Sept-23,35534,5449
JHELUM,Kotli,24-Sept-23,-,1490
JHELUM,Mangla,24-Sept-23,10000,30915
JHELUM,Rasul,24-Sept-23,32295,11895
CHENAB,Marala,24-Sept-23,28657,1982
CHENAB,Khanki,24-Sept-23,11182,3732
CHENAB,Qadirabad,24-Sept-23,20795,2795
CHENAB,Trimmu,24-Sept-23,25731,13131
CHENAB,Punjnad,24-Sept-23,34838,17558
RAVI,Thein,24-Sept-23,-,-
RAVI,Jassar,24-Sept-23,-,4660
RAVI,Shahdara,24-Sept-23,-,27362
RAVI,Balloki,24-Sept-23,46220,22520
RAVI,Sidhnai,24-Sept-23,28623,10523
SUTLEJ,Bhakara**,24-Sept-23,-,-
SUTLEJ,Sulemanki,24-Sept-23,23044,9094
SUTLEJ,Islam,24-Sept-23,13783,12253
INDUS,khairabad,25-Sept-23,-,96800
INDUS,Kalabagh,25-Sept-23,103212,95212
INDUS,Chashma,25-Sept-23,139743,135343
INDUS,Taunsa,25-Sept-23,138048,117508
INDUS,Guddu,25-Sept-23,130039,99056
INDUS,Sukkar,25-Sept-23,96740,44850
INDUS,Kotri,25-Sept-23,35469,404
JHELUM,Kotli,25-Sept-23,-,1840
JHELUM,Mangla,25-Sept-23,9000,30915
JHELUM,Rasul,25-Sept-23,28390,7990
CHENAB,Marala,25-Sept-23,30639,3964
CHENAB,Khanki,25-Sept-23,9316,1866
CHENAB,Qadirabad,25-Sept-23,20795,2795
CHENAB,Trimmu,25-Sept-23,25731,13131
CHENAB,Punjnad,25-Sept-23,34838,17558
RAVI,Thein,25-Sept-23,-,-
RAVI,Jassar,25-Sept-23,-,4660
RAVI,Shahdara,25-Sept-23,-,27362
RAVI,Balloki,25-Sept-23,45800,20900
RAVI,Sidhnai,25-Sept-23,28623,10523
SUTLEJ,Bhakara**,25-Sept-23,-,-
SUTLEJ,Sulemanki,25-Sept-23,19769,6119
SUTLEJ,Islam,25-Sept-23,15537,14007
INDUS,khairabad,25-Sept-23,-,74400
INDUS,Kalabagh,25-Sept-23,138581,130581
INDUS,Chashma,25-Sept-23,139275,134875
INDUS,Taunsa,25-Sept-23,138048,116728
INDUS,Guddu,25-Sept-23,133884,103750
INDUS,Sukkar,25-Sept-23,96740,44850
INDUS,Kotri,25-Sept-23,35469,404
JHELUM,Kotli,25-Sept-23,-,2020
JHELUM,Mangla,25-Sept-23,10000,31315
JHELUM,Rasul,25-Sept-23,40105,19705
CHENAB,Marala,25-Sept-23,34413,7738
CHENAB,Khanki,25-Sept-23,11134,3732
CHENAB,Qadirabad,25-Sept-23,19459,1459
CHENAB,Trimmu,25-Sept-23,25731,13131
CHENAB,Punjnad,25-Sept-23,40748,23468
RAVI,Thein,25-Sept-23,-,-
RAVI,Jassar,25-Sept-23,-,4660
RAVI,Shahdara,25-Sept-23,-,27362
RAVI,Balloki,25-Sept-23,46600,20900
RAVI,Sidhnai,25-Sept-23,28623,10523
SUTLEJ,Bhakara**,25-Sept-23,-,-
SUTLEJ,Sulemanki,25-Sept-23,19769,6119
SUTLEJ,Islam,25-Sept-23,15537,14007
INDUS,khairabad,25-Sept-23,-,74400
INDUS,Kalabagh,25-Sept-23,120917,112918
INDUS,Chashma,25-Sept-23,115331,110931
INDUS,Taunsa,25-Sept-23,131006,110615
INDUS,Guddu,25-Sept-23,133676,103750
INDUS,Sukkar,25-Sept-23,96740,44850
INDUS,Kotri,25-Sept-23,35469,404
JHELUM,Kotli,25-Sept-23,-,1840
JHELUM,Mangla,25-Sept-23,12000,57880
JHELUM,Rasul,25-Sept-23,36000,15800
CHENAB,Marala,25-Sept-23,28720,4000
CHENAB,Khanki,25-Sept-23,7402,-
CHENAB,Qadirabad,25-Sept-23,20795,2795
CHENAB,Trimmu,25-Sept-23,25731,13131
CHENAB,Punjnad,25-Sept-23,40748,23468
RAVI,Thein,25-Sept-23,-,-
RAVI,Jassar,25-Sept-23,-,4660
RAVI,Shahdara,25-Sept-23,-,27362
RAVI,Balloki,25-Sept-23,42530,15630
RAVI,Sidhnai,25-Sept-23,30145,12045
SUTLEJ,Bhakara**,25-Sept-23,-,-
SUTLEJ,Sulemanki,25-Sept-23,19280,5933
SUTLEJ,Islam,25-Sept-23,15537,14007
INDUS,khairabad,25-Sept-23,-,107800
INDUS,Kalabagh,25-Sept-23,118242,110242
INDUS,Chashma,25-Sept-23,115819,111419
INDUS,Taunsa,25-Sept-23,131006,110615
INDUS,Guddu,25-Sept-23,133676,103750
INDUS,Sukkar,25-Sept-23,96740,44850
INDUS,Kotri,25-Sept-23,35469,404
JHELUM,Kotli,25-Sept-23,-,2020
JHELUM,Mangla,25-Sept-23,12000,31315
JHELUM,Rasul,25-Sept-23,28190,7990
CHENAB,Marala,25-Sept-23,27485,4000
CHENAB,Khanki,25-Sept-23,7414,-
CHENAB,Qadirabad,25-Sept-23,19459,1459
CHENAB,Trimmu,25-Sept-23,25731,13131
CHENAB,Punjnad,25-Sept-23,40748,23468
RAVI,Thein,25-Sept-23,-,-
RAVI,Jassar,25-Sept-23,-,4660
RAVI,Shahdara,25-Sept-23,-,25407
RAVI,Balloki,25-Sept-23,43530,15630
RAVI,Sidhnai,25-Sept-23,30145,12045
SUTLEJ,Bhakara**,25-Sept-23,-,-
SUTLEJ,Sulemanki,25-Sept-23,19280,5933
SUTLEJ,Islam,25-Sept-23,15537,14007
INDUS,khairabad,26-Sept-23,-,101300
INDUS,Kalabagh,26-Sept-23,128559,120559
INDUS,Chashma,26-Sept-23,115087,110687
INDUS,Taunsa,26-Sept-23,131006,110615
INDUS,Guddu,26-Sept-23,133734,104614
INDUS,Sukkar,26-Sept-23,99120,46830
INDUS,Kotri,26-Sept-23,39784,2419
JHELUM,Kotli,26-Sept-23,-,2020
JHELUM,Mangla,26-Sept-23,9000,31315
JHELUM,Rasul,26-Sept-23,32095,11895
CHENAB,Marala,26-Sept-23,27485,4000
CHENAB,Khanki,26-Sept-23,7414,-
CHENAB,Qadirabad,26-Sept-23,19459,1459
CHENAB,Trimmu,26-Sept-23,25731,13131
CHENAB,Punjnad,26-Sept-23,40748,23468
RAVI,Thein,26-Sept-23,-,-
RAVI,Jassar,26-Sept-23,-,4660
RAVI,Shahdara,26-Sept-23,-,25407
RAVI,Balloki,26-Sept-23,42520,14620
RAVI,Sidhnai,26-Sept-23,30145,12045
SUTLEJ,Bhakara**,26-Sept-23,-,-
SUTLEJ,Sulemanki,26-Sept-23,24395,10940
SUTLEJ,Islam,26-Sept-23,15537,14007
INDUS,khairabad,26-Sept-23,-,57000
INDUS,Kalabagh,26-Sept-23,141445,133445
INDUS,Chashma,26-Sept-23,125902,120187
INDUS,Taunsa,26-Sept-23,131006,110615
INDUS,Guddu,26-Sept-23,133241,104614
INDUS,Sukkar,26-Sept-23,99120,46830
INDUS,Kotri,26-Sept-23,39784,2419
JHELUM,Kotli,26-Sept-23,-,1840
JHELUM,Mangla,26-Sept-23,13000,31315
JHELUM,Rasul,26-Sept-23,40005,19705
CHENAB,Marala,26-Sept-23,27687,4000
CHENAB,Khanki,26-Sept-23,7414,-
CHENAB,Qadirabad,26-Sept-23,18000,-
CHENAB,Trimmu,26-Sept-23,25731,13131
CHENAB,Punjnad,26-Sept-23,40748,23468
RAVI,Thein,26-Sept-23,-,-
RAVI,Jassar,26-Sept-23,-,4660
RAVI,Shahdara,26-Sept-23,-,25407
RAVI,Balloki,26-Sept-23,42820,14620
RAVI,Sidhnai,26-Sept-23,31359,13259
SUTLEJ,Bhakara**,26-Sept-23,-,-
SUTLEJ,Sulemanki,26-Sept-23,24395,10940
SUTLEJ,Islam,26-Sept-23,15537,14007
INDUS,khairabad,26-Sept-23,-,75200
INDUS,Kalabagh,26-Sept-23,120921,112921
INDUS,Chashma,26-Sept-23,124153,120053
INDUS,Taunsa,26-Sept-23,122758,103456
INDUS,Guddu,26-Sept-23,133241,104614
INDUS,Sukkar,26-Sept-23,99120,46830
INDUS,Kotri,26-Sept-23,39784,2419
JHELUM,Kotli,26-Sept-23,-,1660
JHELUM,Mangla,26-Sept-23,12000,57769
JHELUM,Rasul,26-Sept-23,40205,19705
CHENAB,Marala,26-Sept-23,27485,4000
CHENAB,Khanki,26-Sept-23,8441,955
CHENAB,Qadirabad,26-Sept-23,20339,2339
CHENAB,Trimmu,26-Sept-23,23920,11320
CHENAB,Punjnad,26-Sept-23,40748,23468
RAVI,Thein,26-Sept-23,-,-
RAVI,Jassar,26-Sept-23,-,4660
RAVI,Shahdara,26-Sept-23,-,25407
RAVI,Balloki,26-Sept-23,40680,12380
RAVI,Sidhnai,26-Sept-23,31359,13259
SUTLEJ,Bhakara**,26-Sept-23,-,-
SUTLEJ,Sulemanki,26-Sept-23,24711,11156
SUTLEJ,Islam,26-Sept-23,13783,12253
INDUS,khairabad,26-Sept-23,-,89700
INDUS,Kalabagh,26-Sept-23,117288,109288
INDUS,Chashma,26-Sept-23,125590,120075
INDUS,Taunsa,26-Sept-23,122758,103456
INDUS,Guddu,26-Sept-23,133241,104614
INDUS,Sukkar,26-Sept-23,99120,46830
INDUS,Kotri,26-Sept-23,39784,2419
JHELUM,Kotli,26-Sept-23,-,1660
JHELUM,Mangla,26-Sept-23,13000,31315
JHELUM,Rasul,26-Sept-23,32395,11895
CHENAB,Marala,26-Sept-23,27085,4000
CHENAB,Khanki,26-Sept-23,9352,1866
CHENAB,Qadirabad,26-Sept-23,18000,-
CHENAB,Trimmu,26-Sept-23,23920,11320
CHENAB,Punjnad,26-Sept-23,40748,23468
RAVI,Thein,26-Sept-23,-,-
RAVI,Jassar,26-Sept-23,-,4660
RAVI,Shahdara,26-Sept-23,-,22322
RAVI,Balloki,26-Sept-23,40680,12380
RAVI,Sidhnai,26-Sept-23,31359,13259
SUTLEJ,Bhakara**,26-Sept-23,-,-
SUTLEJ,Sulemanki,26-Sept-23,24711,11156
SUTLEJ,Islam,26-Sept-23,13783,12253
INDUS,khairabad,27-Sept-23,-,81100
INDUS,Kalabagh,27-Sept-23,116333,108333
INDUS,Chashma,27-Sept-23,123583,119483
INDUS,Taunsa,27-Sept-23,122758,103456
INDUS,Guddu,27-Sept-23,133241,104614
INDUS,Sukkar,27-Sept-23,100050,48060
INDUS,Kotri,27-Sept-23,38872,807
JHELUM,Kotli,27-Sept-23,-,1490
JHELUM,Mangla,27-Sept-23,13000,27515
JHELUM,Rasul,27-Sept-23,28490,7990
CHENAB,Marala,27-Sept-23,26495,4000
CHENAB,Khanki,27-Sept-23,8441,955
CHENAB,Qadirabad,27-Sept-23,18000,-
CHENAB,Trimmu,27-Sept-23,23920,11320
CHENAB,Punjnad,27-Sept-23,40748,23468
RAVI,Thein,27-Sept-23,-,-
RAVI,Jassar,27-Sept-23,-,4660
RAVI,Shahdara,27-Sept-23,-,20626
RAVI,Balloki,27-Sept-23,40680,12380
RAVI,Sidhnai,27-Sept-23,31359,13259
SUTLEJ,Bhakara**,27-Sept-23,-,-
SUTLEJ,Sulemanki,27-Sept-23,27095,13540
SUTLEJ,Islam,27-Sept-23,13783,12253
INDUS,khairabad,27-Sept-23,-,56200
INDUS,Kalabagh,27-Sept-23,132198,124198
INDUS,Chashma,27-Sept-23,122466,120030
INDUS,Taunsa,27-Sept-23,122758,103456
INDUS,Guddu,27-Sept-23,132010,102882
INDUS,Sukkar,27-Sept-23,100050,48060
INDUS,Kotri,27-Sept-23,38592,807
JHELUM,Kotli,27-Sept-23,-,1330
JHELUM,Mangla,27-Sept-23,16000,30715
JHELUM,Rasul,27-Sept-23,36300,15800
CHENAB,Marala,27-Sept-23,23740,4000
CHENAB,Khanki,27-Sept-23,11218,3732
CHENAB,Qadirabad,27-Sept-23,19232,1232
CHENAB,Trimmu,27-Sept-23,23920,11320
CHENAB,Punjnad,27-Sept-23,40748,23468
RAVI,Thein,27-Sept-23,-,-
RAVI,Jassar,27-Sept-23,-,4660
RAVI,Shahdara,27-Sept-23,-,20626
RAVI,Balloki,27-Sept-23,40680,12380
RAVI,Sidhnai,27-Sept-23,30145,12045
SUTLEJ,Bhakara**,27-Sept-23,-,-
SUTLEJ,Sulemanki,27-Sept-23,27095,13540
SUTLEJ,Islam,27-Sept-23,13783,12253
INDUS,khairabad,27-Sept-23,-,82800
INDUS,Kalabagh,27-Sept-23,111559,103559
INDUS,Chashma,27-Sept-23,124178,120078
INDUS,Taunsa,27-Sept-23,120843,101794
INDUS,Guddu,27-Sept-23,132010,102882
INDUS,Sukkar,27-Sept-23,100050,48060
INDUS,Kotri,27-Sept-23,38592,807
JHELUM,Kotli,27-Sept-23,-,1330
JHELUM,Mangla,27-Sept-23,13000,57769
JHELUM,Rasul,27-Sept-23,32395,11895
CHENAB,Marala,27-Sept-23,18650,4000
CHENAB,Khanki,27-Sept-23,7486,-
CHENAB,Qadirabad,27-Sept-23,19232,1232
CHENAB,Trimmu,27-Sept-23,23920,11320
CHENAB,Punjnad,27-Sept-23,40748,23468
RAVI,Thein,27-Sept-23,-,-
RAVI,Jassar,27-Sept-23,-,4660
RAVI,Shahdara,27-Sept-23,-,20061
RAVI,Balloki,27-Sept-23,40680,12380
RAVI,Sidhnai,27-Sept-23,29945,12045
SUTLEJ,Bhakara**,27-Sept-23,-,-
SUTLEJ,Sulemanki,27-Sept-23,27095,13540
SUTLEJ,Islam,27-Sept-23,13483,12253
INDUS,khairabad,27-Sept-23,-,91500
INDUS,Kalabagh,27-Sept-23,111635,103635
INDUS,Chashma,27-Sept-23,124037,119937
INDUS,Taunsa,27-Sept-23,120843,101794
INDUS,Guddu,27-Sept-23,132010,102882
INDUS,Sukkar,27-Sept-23,100050,48060
INDUS,Kotri,27-Sept-23,38592,807
JHELUM,Kotli,27-Sept-23,-,1490
JHELUM,Mangla,27-Sept-23,15000,31315
JHELUM,Rasul,27-Sept-23,28490,7990
CHENAB,Marala,27-Sept-23,18386,4000
CHENAB,Khanki,27-Sept-23,9364,1866
CHENAB,Qadirabad,27-Sept-23,19232,1232
CHENAB,Trimmu,27-Sept-23,23920,11320
CHENAB,Punjnad,27-Sept-23,40748,23468
RAVI,Thein,27-Sept-23,-,-
RAVI,Jassar,27-Sept-23,-,4660
RAVI,Shahdara,27-Sept-23,-,19496
RAVI,Balloki,27-Sept-23,38445,10145
RAVI,Sidhnai,27-Sept-23,26736,8836
SUTLEJ,Bhakara**,27-Sept-23,-,-
SUTLEJ,Sulemanki,27-Sept-23,27095,13540
SUTLEJ,Islam,27-Sept-23,9776,8546
INDUS,khairabad,28-Sept-23,-,79400
INDUS,Kalabagh,28-Sept-23,120152,112152
INDUS,Chashma,28-Sept-23,124144,120044
INDUS,Taunsa,28-Sept-23,109147,87796
INDUS,Guddu,28-Sept-23,132010,102882
INDUS,Sukkar,28-Sept-23,101500,49910
INDUS,Kotri,28-Sept-23,38189,404
JHELUM,Kotli,28-Sept-23,-,1490
JHELUM,Mangla,28-Sept-23,15000,27715
JHELUM,Rasul,28-Sept-23,28490,7990
CHENAB,Marala,28-Sept-23,17767,4000
CHENAB,Khanki,28-Sept-23,8454,955
CHENAB,Qadirabad,28-Sept-23,19232,1232
CHENAB,Trimmu,28-Sept-23,23920,11320
CHENAB,Punjnad,28-Sept-23,40748,23468
RAVI,Thein,28-Sept-23,-,-
RAVI,Jassar,28-Sept-23,-,4660
RAVI,Shahdara,28-Sept-23,-,16168
RAVI,Balloki,28-Sept-23,38445,10145
RAVI,Sidhnai,28-Sept-23,26736,8836
SUTLEJ,Bhakara**,28-Sept-23,-,-
SUTLEJ,Sulemanki,28-Sept-23,26381,12523
SUTLEJ,Islam,28-Sept-23,9776,8546
INDUS,khairabad,28-Sept-23,-,35200
INDUS,Kalabagh,28-Sept-23,131423,123423
INDUS,Chashma,28-Sept-23,122664,119979
INDUS,Taunsa,28-Sept-23,109147,88343
INDUS,Guddu,28-Sept-23,131510,102882
INDUS,Sukkar,28-Sept-23,101500,49910
INDUS,Kotri,28-Sept-23,38189,404
JHELUM,Kotli,28-Sept-23,-,1330
JHELUM,Mangla,28-Sept-23,17000,31315
JHELUM,Rasul,28-Sept-23,40205,19705
CHENAB,Marala,28-Sept-23,18619,4000
CHENAB,Khanki,28-Sept-23,9364,1866
CHENAB,Qadirabad,28-Sept-23,19232,1232
CHENAB,Trimmu,28-Sept-23,23920,11320
CHENAB,Punjnad,28-Sept-23,40748,23468
RAVI,Thein,28-Sept-23,-,-
RAVI,Jassar,28-Sept-23,-,3395
RAVI,Shahdara,28-Sept-23,-,16168
RAVI,Balloki,28-Sept-23,37290,8990
RAVI,Sidhnai,28-Sept-23,25153,7253
SUTLEJ,Bhakara**,28-Sept-23,-,-
SUTLEJ,Sulemanki,28-Sept-23,26381,12523
SUTLEJ,Islam,28-Sept-23,9776,8546
INDUS,khairabad,28-Sept-23,-,53200
INDUS,Kalabagh,28-Sept-23,107031,99031
INDUS,Chashma,28-Sept-23,124150,120050
INDUS,Taunsa,28-Sept-23,109147,88343
INDUS,Guddu,28-Sept-23,130808,102882
INDUS,Sukkar,28-Sept-23,101500,49910
INDUS,Kotri,28-Sept-23,38189,404
JHELUM,Kotli,28-Sept-23,-,1330
JHELUM,Mangla,28-Sept-23,12000,58058
JHELUM,Rasul,28-Sept-23,36350,15800
CHENAB,Marala,28-Sept-23,17494,4000
CHENAB,Khanki,28-Sept-23,9364,1866
CHENAB,Qadirabad,28-Sept-23,19232,1232
CHENAB,Trimmu,28-Sept-23,24323,11823
CHENAB,Punjnad,28-Sept-23,40748,23468
RAVI,Thein,28-Sept-23,-,-
RAVI,Jassar,28-Sept-23,-,3395
RAVI,Shahdara,28-Sept-23,-,16168
RAVI,Balloki,28-Sept-23,37390,8990
RAVI,Sidhnai,28-Sept-23,25153,7253
SUTLEJ,Bhakara**,28-Sept-23,-,-
SUTLEJ,Sulemanki,28-Sept-23,25921,12063
SUTLEJ,Islam,28-Sept-23,9776,8546
INDUS,khairabad,28-Sept-23,-,51000
INDUS,Kalabagh,28-Sept-23,80388,72388
INDUS,Chashma,28-Sept-23,124019,119919
INDUS,Taunsa,28-Sept-23,109147,88343
INDUS,Guddu,28-Sept-23,130808,102882
INDUS,Sukkar,28-Sept-23,101500,49910
INDUS,Kotri,28-Sept-23,38189,404
JHELUM,Kotli,28-Sept-23,-,1170
JHELUM,Mangla,28-Sept-23,12000,58058
JHELUM,Rasul,28-Sept-23,32445,11895
CHENAB,Marala,28-Sept-23,17494,4000
CHENAB,Khanki,28-Sept-23,10283,2821
CHENAB,Qadirabad,28-Sept-23,19232,1232
CHENAB,Trimmu,28-Sept-23,22454,9954
CHENAB,Punjnad,28-Sept-23,37351,20071
RAVI,Thein,28-Sept-23,-,-
RAVI,Jassar,28-Sept-23,-,3395
RAVI,Shahdara,28-Sept-23,-,8581
RAVI,Balloki,28-Sept-23,37390,8400
RAVI,Sidhnai,28-Sept-23,22994,5094
SUTLEJ,Bhakara**,28-Sept-23,-,-
SUTLEJ,Sulemanki,28-Sept-23,25921,12063
SUTLEJ,Islam,28-Sept-23,9776,8546
INDUS,khairabad,29-Sept-23,-,55500
INDUS,Kalabagh,29-Sept-23,80388,72388
INDUS,Chashma,29-Sept-23,124338,120238
INDUS,Taunsa,29-Sept-23,109147,88343
INDUS,Guddu,29-Sept-23,127348,100322
INDUS,Sukkar,29-Sept-23,100360,49910
INDUS,Kotri,29-Sept-23,38189,404
JHELUM,Kotli,29-Sept-23,-,1170
JHELUM,Mangla,29-Sept-23,15000,31715
JHELUM,Rasul,29-Sept-23,28540,7990
CHENAB,Marala,29-Sept-23,18595,4000
CHENAB,Khanki,29-Sept-23,9328,1866
CHENAB,Qadirabad,29-Sept-23,19232,1232
CHENAB,Trimmu,29-Sept-23,22454,9954
CHENAB,Punjnad,29-Sept-23,37351,20071
RAVI,Thein,29-Sept-23,-,-
RAVI,Jassar,29-Sept-23,-,3395
RAVI,Shahdara,29-Sept-23,-,6923
RAVI,Balloki,29-Sept-23,34670,6270
RAVI,Sidhnai,29-Sept-23,21866,3966
SUTLEJ,Bhakara**,29-Sept-23,-,-
SUTLEJ,Sulemanki,29-Sept-23,21040,7182
SUTLEJ,Islam,29-Sept-23,9776,8546
INDUS,khairabad,29-Sept-23,-,55500
INDUS,Kalabagh,29-Sept-23,106076,98076
INDUS,Chashma,29-Sept-23,122989,120127
INDUS,Taunsa,29-Sept-23,109147,88343
INDUS,Guddu,29-Sept-23,125654,100322
INDUS,Sukkar,29-Sept-23,100360,49910
INDUS,Kotri,29-Sept-23,38189,404
JHELUM,Kotli,29-Sept-23,-,1020
JHELUM,Mangla,29-Sept-23,14000,31715
JHELUM,Rasul,29-Sept-23,44160,23610
CHENAB,Marala,29-Sept-23,18595,4000
CHENAB,Khanki,29-Sept-23,9328,1866
CHENAB,Qadirabad,29-Sept-23,19232,1232
CHENAB,Trimmu,29-Sept-23,20664,8164
CHENAB,Punjnad,29-Sept-23,37351,20071
RAVI,Thein,29-Sept-23,-,-
RAVI,Jassar,29-Sept-23,-,3395
RAVI,Shahdara,29-Sept-23,-,6923
RAVI,Balloki,29-Sept-23,34670,6270
RAVI,Sidhnai,29-Sept-23,21866,3966
SUTLEJ,Bhakara**,29-Sept-23,-,-
SUTLEJ,Sulemanki,29-Sept-23,21040,7182
SUTLEJ,Islam,29-Sept-23,9976,8546
INDUS,khairabad,29-Sept-23,-,57000
INDUS,Kalabagh,29-Sept-23,112590,104590
INDUS,Chashma,29-Sept-23,122887,120025
INDUS,Taunsa,29-Sept-23,109147,88343
INDUS,Guddu,29-Sept-23,125654,100322
INDUS,Sukkar,29-Sept-23,100360,49910
INDUS,Kotri,29-Sept-23,38189,404
JHELUM,Kotli,29-Sept-23,-,1020
JHELUM,Mangla,29-Sept-23,13000,57947
JHELUM,Rasul,29-Sept-23,48065,27515
CHENAB,Marala,29-Sept-23,18169,4000
CHENAB,Khanki,29-Sept-23,7462,-
CHENAB,Qadirabad,29-Sept-23,19232,1232
CHENAB,Trimmu,29-Sept-23,22679,9954
CHENAB,Punjnad,29-Sept-23,37351,20071
RAVI,Thein,29-Sept-23,-,-
RAVI,Jassar,29-Sept-23,-,3395
RAVI,Shahdara,29-Sept-23,-,6923
RAVI,Balloki,29-Sept-23,32115,3715
RAVI,Sidhnai,29-Sept-23,21539,3639
SUTLEJ,Bhakara**,29-Sept-23,-,-
SUTLEJ,Sulemanki,29-Sept-23,21040,7182
SUTLEJ,Islam,29-Sept-23,10176,8546
INDUS,khairabad,29-Sept-23,-,58500
INDUS,Kalabagh,29-Sept-23,106076,98076
INDUS,Chashma,29-Sept-23,124040,119940
INDUS,Taunsa,29-Sept-23,109147,88343
INDUS,Guddu,29-Sept-23,125654,100322
INDUS,Sukkar,29-Sept-23,100360,49910
INDUS,Kotri,29-Sept-23,38189,404
JHELUM,Kotli,29-Sept-23,-,1170
JHELUM,Mangla,29-Sept-23,13000,57947
JHELUM,Rasul,29-Sept-23,40255,19705
CHENAB,Marala,29-Sept-23,18673,4000
CHENAB,Khanki,29-Sept-23,8429,955
CHENAB,Qadirabad,29-Sept-23,19232,1232
CHENAB,Trimmu,29-Sept-23,20184,6211
CHENAB,Punjnad,29-Sept-23,37351,20071
RAVI,Thein,29-Sept-23,-,-
RAVI,Jassar,29-Sept-23,-,3395
RAVI,Shahdara,29-Sept-23,-,6923
RAVI,Balloki,29-Sept-23,30130,1730
RAVI,Sidhnai,29-Sept-23,19883,1983
SUTLEJ,Bhakara**,29-Sept-23,-,-
SUTLEJ,Sulemanki,29-Sept-23,21040,7182
SUTLEJ,Islam,29-Sept-23,10176,8546
INDUS,khairabad,30-Sept-23,-,77700
INDUS,Kalabagh,30-Sept-23,107032,99032
INDUS,Chashma,30-Sept-23,124154,120054
INDUS,Taunsa,30-Sept-23,109147,88343
INDUS,Guddu,30-Sept-23,125654,100322
INDUS,Sukkar,30-Sept-23,98070,47830
INDUS,Kotri,30-Sept-23,38934,2419
JHELUM,Kotli,30-Sept-23,-,1170
JHELUM,Mangla,30-Sept-23,11000,31715
JHELUM,Rasul,30-Sept-23,32445,11895
CHENAB,Marala,30-Sept-23,18673,4000
CHENAB,Khanki,30-Sept-23,8429,955
CHENAB,Qadirabad,30-Sept-23,19232,1232
CHENAB,Trimmu,30-Sept-23,21711,6211
CHENAB,Punjnad,30-Sept-23,37351,20071
RAVI,Thein,30-Sept-23,-,-
RAVI,Jassar,30-Sept-23,-,3395
RAVI,Shahdara,30-Sept-23,-,6923
RAVI,Balloki,30-Sept-23,28400,Nil
RAVI,Sidhnai,30-Sept-23,20544,2644
SUTLEJ,Bhakara**,30-Sept-23,-,-
SUTLEJ,Sulemanki,30-Sept-23,21085,7182
SUTLEJ,Islam,30-Sept-23,10176,8546
INDUS,khairabad,30-Sept-23,-,43200
INDUS,Kalabagh,30-Sept-23,120152,112152
INDUS,Chashma,30-Sept-23,124185,120085
INDUS,Taunsa,30-Sept-23,110528,90040
INDUS,Guddu,30-Sept-23,124371,102300
INDUS,Sukkar,30-Sept-23,98070,47830
INDUS,Kotri,30-Sept-23,38934,2419
JHELUM,Kotli,30-Sept-23,-,1330
JHELUM,Mangla,30-Sept-23,10000,31715
JHELUM,Rasul,30-Sept-23,40255,19705
CHENAB,Marala,30-Sept-23,18673,4000
CHENAB,Khanki,30-Sept-23,9340,1866
CHENAB,Qadirabad,30-Sept-23,19232,1232
CHENAB,Trimmu,30-Sept-23,21711,6211
CHENAB,Punjnad,30-Sept-23,34007,16727
RAVI,Thein,30-Sept-23,-,-
RAVI,Jassar,30-Sept-23,-,3395
RAVI,Shahdara,30-Sept-23,-,6923
RAVI,Balloki,30-Sept-23,28400,-
RAVI,Sidhnai,30-Sept-23,20544,2644
SUTLEJ,Bhakara**,30-Sept-23,-,-
SUTLEJ,Sulemanki,30-Sept-23,21085,7182
SUTLEJ,Islam,30-Sept-23,10176,8546
INDUS,khairabad,30-Sept-23,-,54000
INDUS,Kalabagh,30-Sept-23,106077,98077
INDUS,Chashma,30-Sept-23,104150,100050
INDUS,Taunsa,30-Sept-23,110528,90040
INDUS,Guddu,30-Sept-23,123628,102300
INDUS,Sukkar,30-Sept-23,98070,47830
INDUS,Kotri,30-Sept-23,38934,2419
JHELUM,Kotli,30-Sept-23,-,1170
JHELUM,Mangla,30-Sept-23,14000,57836
JHELUM,Rasul,30-Sept-23,48065,27515
CHENAB,Marala,30-Sept-23,17921,5946
CHENAB,Khanki,30-Sept-23,7486,-
CHENAB,Qadirabad,30-Sept-23,18900,-
CHENAB,Trimmu,30-Sept-23,19735,3235
CHENAB,Punjnad,30-Sept-23,34007,16727
RAVI,Thein,30-Sept-23,-,-
RAVI,Jassar,30-Sept-23,-,3395
RAVI,Shahdara,30-Sept-23,-,6923
RAVI,Balloki,30-Sept-23,28400,-
RAVI,Sidhnai,30-Sept-23,20544,2644
SUTLEJ,Bhakara**,30-Sept-23,-,-
SUTLEJ,Sulemanki,30-Sept-23,21332,7182
SUTLEJ,Islam,30-Sept-23,10176,8546
INDUS,khairabad,30-Sept-23,-,57000
INDUS,Kalabagh,30-Sept-23,92893,84893
INDUS,Chashma,30-Sept-23,104100,100000
INDUS,Taunsa,30-Sept-23,110528,90040
INDUS,Guddu,30-Sept-23,123628,102300
INDUS,Sukkar,30-Sept-23,98070,47830
INDUS,Kotri,30-Sept-23,38934,2419
JHELUM,Kotli,30-Sept-23,-,1170
JHELUM,Mangla,30-Sept-23,11000,47708
JHELUM,Rasul,30-Sept-23,40255,19705
CHENAB,Marala,30-Sept-23,19713,7738
CHENAB,Khanki,30-Sept-23,8417,955
CHENAB,Qadirabad,30-Sept-23,18900,Nil
CHENAB,Trimmu,30-Sept-23,19735,3235
CHENAB,Punjnad,30-Sept-23,34007,16727
RAVI,Thein,30-Sept-23,-,-
RAVI,Jassar,30-Sept-23,-,3395
RAVI,Shahdara,30-Sept-23,-,6923
RAVI,Balloki,30-Sept-23,28400,Nil
RAVI,Sidhnai,30-Sept-23,19944,2644
SUTLEJ,Bhakara**,30-Sept-23,-,-
SUTLEJ,Sulemanki,30-Sept-23,21332,7182
SUTLEJ,Islam,30-Sept-23,10176,8546
INDUS,khairabad,01-Oct-23,-,79400
INDUS,Kalabagh,01-Oct-23,106077,98077
INDUS,Chashma,01-Oct-23,104423,100323
INDUS,Taunsa,01-Oct-23,110528,90040
INDUS,Guddu,01-Oct-23,119222,98895
INDUS,Sukkar,01-Oct-23,96960,47830
INDUS,Kotri,01-Oct-23,40465,5470
JHELUM,Kotli,01-Oct-23,-,1020
JHELUM,Mangla,01-Oct-23,12000,31715
JHELUM,Rasul,01-Oct-23,32445,11895
CHENAB,Marala,01-Oct-23,17921,5946
CHENAB,Khanki,01-Oct-23,8417,955
CHENAB,Qadirabad,01-Oct-23,18900,Nil
CHENAB,Trimmu,01-Oct-23,19735,3235
CHENAB,Punjnad,01-Oct-23,34007,16727
RAVI,Thein,01-Oct-23,-,-
RAVI,Jassar,01-Oct-23,-,3395
RAVI,Shahdara,01-Oct-23,-,6923
RAVI,Balloki,01-Oct-23,28400,Nil
RAVI,Sidhnai,01-Oct-23,20278,2978
SUTLEJ,Bhakara**,01-Oct-23,-,-
SUTLEJ,Sulemanki,01-Oct-23,20922,6772
SUTLEJ,Islam,01-Oct-23,7909,6179
INDUS,khairabad,01-Oct-23,-,48200
INDUS,Kalabagh,01-Oct-23,106077,98077
INDUS,Chashma,01-Oct-23,107779,104917
INDUS,Taunsa,01-Oct-23,110528,90040
INDUS,Guddu,01-Oct-23,117223,98895
INDUS,Sukkar,01-Oct-23,96960,47830
INDUS,Kotri,01-Oct-23,40465,5470
JHELUM,Kotli,01-Oct-23,-,1170
JHELUM,Mangla,01-Oct-23,11000,31715
JHELUM,Rasul,01-Oct-23,44160,23610
CHENAB,Marala,01-Oct-23,23487,11512
CHENAB,Khanki,01-Oct-23,8417,955
CHENAB,Qadirabad,01-Oct-23,18900,-
CHENAB,Trimmu,01-Oct-23,19735,3235
CHENAB,Punjnad,01-Oct-23,34007,16727
RAVI,Thein,01-Oct-23,-,-
RAVI,Jassar,01-Oct-23,-,2888
RAVI,Shahdara,01-Oct-23,-,6923
RAVI,Balloki,01-Oct-23,28400,-
RAVI,Sidhnai,01-Oct-23,19283,1983
SUTLEJ,Bhakara**,01-Oct-23,-,-
SUTLEJ,Sulemanki,01-Oct-23,20922,6772
SUTLEJ,Islam,01-Oct-23,7909,6179
INDUS,khairabad,01-Oct-23,-,57000
INDUS,Kalabagh,01-Oct-23,107032,99032
INDUS,Chashma,01-Oct-23,107870,105008
INDUS,Taunsa,01-Oct-23,110528,90040
INDUS,Guddu,01-Oct-23,116410,98895
INDUS,Sukkar,01-Oct-23,96960,47830
INDUS,Kotri,01-Oct-23,40465,5470
JHELUM,Kotli,01-Oct-23,-,1170
JHELUM,Mangla,01-Oct-23,12000,57725
JHELUM,Rasul,01-Oct-23,40255,19705
CHENAB,Marala,01-Oct-23,23587,11512
CHENAB,Khanki,01-Oct-23,11388,3732
CHENAB,Qadirabad,01-Oct-23,18900,-
CHENAB,Trimmu,01-Oct-23,20735,3235
CHENAB,Punjnad,01-Oct-23,34007,16727
RAVI,Thein,01-Oct-23,-,-
RAVI,Jassar,01-Oct-23,-,2888
RAVI,Shahdara,01-Oct-23,-,6923
RAVI,Balloki,01-Oct-23,28400,-
RAVI,Sidhnai,01-Oct-23,18622,1322
SUTLEJ,Bhakara**,01-Oct-23,-,-
SUTLEJ,Sulemanki,01-Oct-23,20922,6772
SUTLEJ,Islam,01-Oct-23,7909,6179
INDUS,khairabad,01-Oct-23,-,49600
INDUS,Kalabagh,01-Oct-23,107032,99032
INDUS,Chashma,01-Oct-23,109092,104992
INDUS,Taunsa,01-Oct-23,110528,90040
INDUS,Guddu,01-Oct-23,116410,98895
INDUS,Sukkar,01-Oct-23,96960,47830
INDUS,Kotri,01-Oct-23,40465,5470
JHELUM,Kotli,01-Oct-23,-,1330
JHELUM,Mangla,01-Oct-23,11000,48485
JHELUM,Rasul,01-Oct-23,32445,11895
CHENAB,Marala,01-Oct-23,18021,5946
CHENAB,Khanki,01-Oct-23,9522,1866
CHENAB,Qadirabad,01-Oct-23,18900,-
CHENAB,Trimmu,01-Oct-23,19703,2203
CHENAB,Punjnad,01-Oct-23,34007,16727
RAVI,Thein,01-Oct-23,-,-
RAVI,Jassar,01-Oct-23,-,2888
RAVI,Shahdara,01-Oct-23,-,6923
RAVI,Balloki,01-Oct-23,28400,-
RAVI,Sidhnai,01-Oct-23,18295,995
SUTLEJ,Bhakara**,01-Oct-23,-,-
SUTLEJ,Sulemanki,01-Oct-23,20922,6772
SUTLEJ,Islam,01-Oct-23,6241,4561
INDUS,khairabad,02-Oct-23,-,71100
INDUS,Kalabagh,02-Oct-23,98598,90598
INDUS,Chashma,02-Oct-23,109168,105068
INDUS,Taunsa,02-Oct-23,110528,90040
INDUS,Guddu,02-Oct-23,111167,94103
INDUS,Sukkar,02-Oct-23,95010,47070
INDUS,Kotri,02-Oct-23,41720,8405
JHELUM,Kotli,02-Oct-23,-,1170
JHELUM,Mangla,02-Oct-23,11000,31715
JHELUM,Rasul,02-Oct-23,28540,7990
CHENAB,Marala,02-Oct-23,18021,5946
CHENAB,Khanki,02-Oct-23,9522,1866
CHENAB,Qadirabad,02-Oct-23,18900,-
CHENAB,Trimmu,02-Oct-23,18624,1124
CHENAB,Punjnad,02-Oct-23,34007,16727
RAVI,Thein,02-Oct-23,-,-
RAVI,Jassar,02-Oct-23,-,2888
RAVI,Shahdara,02-Oct-23,-,6923
RAVI,Balloki,02-Oct-23,28400,-
RAVI,Sidhnai,02-Oct-23,17300,-
SUTLEJ,Bhakara**,02-Oct-23,-,-
SUTLEJ,Sulemanki,02-Oct-23,19568,5418
SUTLEJ,Islam,02-Oct-23,6241,4561
INDUS,khairabad,02-Oct-23,-,53200
INDUS,Kalabagh,02-Oct-23,107466,99466
INDUS,Chashma,02-Oct-23,109125,105025
INDUS,Taunsa,02-Oct-23,110528,90040
INDUS,Guddu,02-Oct-23,108822,92196
INDUS,Sukkar,02-Oct-23,95010,47070
INDUS,Kotri,02-Oct-23,41720,8405
JHELUM,Kotli,02-Oct-23,-,1170
JHELUM,Mangla,02-Oct-23,11000,31715
JHELUM,Rasul,02-Oct-23,40255,19705
CHENAB,Marala,02-Oct-23,19813,7738
CHENAB,Khanki,02-Oct-23,15120,7464
CHENAB,Qadirabad,02-Oct-23,20250,-
CHENAB,Trimmu,02-Oct-23,18624,1124
CHENAB,Punjnad,02-Oct-23,34007,16727
RAVI,Thein,02-Oct-23,-,-
RAVI,Jassar,02-Oct-23,-,2888
RAVI,Shahdara,02-Oct-23,-,6923
RAVI,Balloki,02-Oct-23,28400,-
RAVI,Sidhnai,02-Oct-23,16800,-
SUTLEJ,Bhakara**,02-Oct-23,-,-
SUTLEJ,Sulemanki,02-Oct-23,19568,5418
SUTLEJ,Islam,02-Oct-23,4529,2849
INDUS,khairabad,02-Oct-23,-,53200
INDUS,Kalabagh,02-Oct-23,92848,84848
INDUS,Chashma,02-Oct-23,108173,105193
INDUS,Taunsa,02-Oct-23,108799,89889
INDUS,Guddu,02-Oct-23,109013,92196
INDUS,Sukkar,02-Oct-23,95010,47070
INDUS,Kotri,02-Oct-23,41720,8405
JHELUM,Kotli,02-Oct-23,-,1020
JHELUM,Mangla,02-Oct-23,11000,57725
JHELUM,Rasul,02-Oct-23,40305,19705
CHENAB,Marala,02-Oct-23,16150,4000
CHENAB,Khanki,02-Oct-23,8611,955
CHENAB,Qadirabad,02-Oct-23,21600,-
CHENAB,Trimmu,02-Oct-23,19735,3235
CHENAB,Punjnad,02-Oct-23,25934,8654
RAVI,Thein,02-Oct-23,-,-
RAVI,Jassar,02-Oct-23,-,2888
RAVI,Shahdara,02-Oct-23,-,6923
RAVI,Balloki,02-Oct-23,28400,-
RAVI,Sidhnai,02-Oct-23,16800,-
SUTLEJ,Bhakara**,02-Oct-23,-,-
SUTLEJ,Sulemanki,02-Oct-23,19190,4942
SUTLEJ,Islam,02-Oct-23,4529,2849
INDUS,khairabad,02-Oct-23,-,43900
INDUS,Kalabagh,02-Oct-23,92848,84848
INDUS,Chashma,02-Oct-23,109100,105000
INDUS,Taunsa,02-Oct-23,108799,89889
INDUS,Guddu,02-Oct-23,109013,92196
INDUS,Sukkar,02-Oct-23,95010,47070
INDUS,Kotri,02-Oct-23,41720,8405
JHELUM,Kotli,02-Oct-23,-,880
JHELUM,Mangla,02-Oct-23,10000,48929
JHELUM,Rasul,02-Oct-23,32495,11895
CHENAB,Marala,02-Oct-23,18096,5946
CHENAB,Khanki,02-Oct-23,11400,3732
CHENAB,Qadirabad,02-Oct-23,23232,1232
CHENAB,Trimmu,02-Oct-23,18624,1124
CHENAB,Punjnad,02-Oct-23,25934,8654
RAVI,Thein,02-Oct-23,-,-
RAVI,Jassar,02-Oct-23,-,2888
RAVI,Shahdara,02-Oct-23,-,6923
RAVI,Balloki,02-Oct-23,28400,-
RAVI,Sidhnai,02-Oct-23,16550,-
SUTLEJ,Bhakara**,02-Oct-23,-,-
SUTLEJ,Sulemanki,02-Oct-23,19190,4942
SUTLEJ,Islam,02-Oct-23,4529,2849
INDUS,khairabad,03-Oct-23,-,51000
INDUS,Kalabagh,03-Oct-23,99666,91666
INDUS,Chashma,03-Oct-23,108343,105363
INDUS,Taunsa,03-Oct-23,96494,80196
INDUS,Guddu,03-Oct-23,109013,92196
INDUS,Sukkar,03-Oct-23,90447,44247
INDUS,Kotri,03-Oct-23,42645,11320
JHELUM,Kotli,03-Oct-23,-,880
JHELUM,Mangla,03-Oct-23,10000,31715
JHELUM,Rasul,03-Oct-23,28590,7990
CHENAB,Marala,03-Oct-23,16114,3964
CHENAB,Khanki,03-Oct-23,11400,3732
CHENAB,Qadirabad,03-Oct-23,22000,-
CHENAB,Trimmu,03-Oct-23,18624,1124
CHENAB,Punjnad,03-Oct-23,25934,8654
RAVI,Thein,03-Oct-23,-,-
RAVI,Jassar,03-Oct-23,-,2888
RAVI,Shahdara,03-Oct-23,-,6923
RAVI,Balloki,03-Oct-23,27500,-
RAVI,Sidhnai,03-Oct-23,16000,-
SUTLEJ,Bhakara**,03-Oct-23,-,-
SUTLEJ,Sulemanki,03-Oct-23,18075,3827
SUTLEJ,Islam,03-Oct-23,4529,2849
INDUS,khairabad,03-Oct-23,-,57000
INDUS,Kalabagh,03-Oct-23,106511,98511
INDUS,Chashma,03-Oct-23,109112,105012
INDUS,Taunsa,03-Oct-23,96494,80196
INDUS,Guddu,03-Oct-23,108522,92196
INDUS,Sukkar,03-Oct-23,90447,44247
INDUS,Kotri,03-Oct-23,42645,11320
JHELUM,Kotli,03-Oct-23,-,1020
JHELUM,Mangla,03-Oct-23,10000,31715
JHELUM,Rasul,03-Oct-23,36400,15800
CHENAB,Marala,03-Oct-23,19888,7738
CHENAB,Khanki,03-Oct-23,11400,3732
CHENAB,Qadirabad,03-Oct-23,19000,-
CHENAB,Trimmu,03-Oct-23,18624,1124
CHENAB,Punjnad,03-Oct-23,25934,8654
RAVI,Thein,03-Oct-23,-,-
RAVI,Jassar,03-Oct-23,-,1753
RAVI,Shahdara,03-Oct-23,-,4735
RAVI,Balloki,03-Oct-23,27000,-
RAVI,Sidhnai,03-Oct-23,15800,-
SUTLEJ,Bhakara**,03-Oct-23,-,-
SUTLEJ,Sulemanki,03-Oct-23,18075,3827
SUTLEJ,Islam,03-Oct-23,4529,2849
INDUS,khairabad,03-Oct-23,-,46000
INDUS,Kalabagh,03-Oct-23,98711,90711
INDUS,Chashma,03-Oct-23,95481,91381
INDUS,Taunsa,03-Oct-23,96494,80196
INDUS,Guddu,03-Oct-23,108013,92196
INDUS,Sukkar,03-Oct-23,90447,44247
INDUS,Kotri,03-Oct-23,42645,11320
JHELUM,Kotli,03-Oct-23,-,1170
JHELUM,Mangla,03-Oct-23,13000,57614
JHELUM,Rasul,03-Oct-23,40305,19705
CHENAB,Marala,03-Oct-23,16150,4000
CHENAB,Khanki,03-Oct-23,11412,3732
CHENAB,Qadirabad,03-Oct-23,20350,-
CHENAB,Trimmu,03-Oct-23,21813,4313
CHENAB,Punjnad,03-Oct-23,25934,8654
RAVI,Thein,03-Oct-23,-,-
RAVI,Jassar,03-Oct-23,-,1753
RAVI,Shahdara,03-Oct-23,-,4735
RAVI,Balloki,03-Oct-23,27000,-
RAVI,Sidhnai,03-Oct-23,15800,-
SUTLEJ,Bhakara**,03-Oct-23,-,-
SUTLEJ,Sulemanki,03-Oct-23,18030,3827
SUTLEJ,Islam,03-Oct-23,4529,2849
INDUS,khairabad,03-Oct-23,-,53200
INDUS,Kalabagh,03-Oct-23,92749,84749
INDUS,Chashma,03-Oct-23,95801,91701
INDUS,Taunsa,03-Oct-23,96494,80196
INDUS,Guddu,03-Oct-23,108013,92196
INDUS,Sukkar,03-Oct-23,90447,44247
INDUS,Kotri,03-Oct-23,42645,11320
JHELUM,Kotli,03-Oct-23,-,1170
JHELUM,Mangla,03-Oct-23,13000,49264
JHELUM,Rasul,03-Oct-23,32620,11895
CHENAB,Marala,03-Oct-23,18096,5946
CHENAB,Khanki,03-Oct-23,9546,1866
CHENAB,Qadirabad,03-Oct-23,21700,-
CHENAB,Trimmu,03-Oct-23,21813,4313
CHENAB,Punjnad,03-Oct-23,25934,8654
RAVI,Thein,03-Oct-23,-,-
RAVI,Jassar,03-Oct-23,-,1753
RAVI,Shahdara,03-Oct-23,-,3013
RAVI,Balloki,03-Oct-23,27500,-
RAVI,Sidhnai,03-Oct-23,15800,-
SUTLEJ,Bhakara**,03-Oct-23,-,-
SUTLEJ,Sulemanki,03-Oct-23,18030,3827
SUTLEJ,Islam,03-Oct-23,4529,2849
INDUS,khairabad,04-Oct-23,-,63900
INDUS,Kalabagh,04-Oct-23,91784,83784
INDUS,Chashma,04-Oct-23,96689,91570
INDUS,Taunsa,04-Oct-23,99351,83474
INDUS,Guddu,04-Oct-23,105881,90255
INDUS,Sukkar,04-Oct-23,88615,43850
INDUS,Kotri,04-Oct-23,43346,13901
JHELUM,Kotli,04-Oct-23,-,1020
JHELUM,Mangla,04-Oct-23,12000,31715
JHELUM,Rasul,04-Oct-23,29090,7990
CHENAB,Marala,04-Oct-23,18096,5946
CHENAB,Khanki,04-Oct-23,9546,1866
CHENAB,Qadirabad,04-Oct-23,22000,-
CHENAB,Trimmu,04-Oct-23,21813,4313
CHENAB,Punjnad,04-Oct-23,25934,8654
RAVI,Thein,04-Oct-23,-,-
RAVI,Jassar,04-Oct-23,-,1753
RAVI,Shahdara,04-Oct-23,-,3013
RAVI,Balloki,04-Oct-23,27500,-
RAVI,Sidhnai,04-Oct-23,15800,-
SUTLEJ,Bhakara**,04-Oct-23,-,-
SUTLEJ,Sulemanki,04-Oct-23,16026,1823
SUTLEJ,Islam,04-Oct-23,4529,2849
INDUS,khairabad,04-Oct-23,-,46700
INDUS,Kalabagh,04-Oct-23,105556,97556
INDUS,Chashma,04-Oct-23,99254,95154
INDUS,Taunsa,04-Oct-23,99351,83981
INDUS,Guddu,04-Oct-23,104595,87462
INDUS,Sukkar,04-Oct-23,88615,43850
INDUS,Kotri,04-Oct-23,43346,13901
JHELUM,Kotli,04-Oct-23,-,1020
JHELUM,Mangla,04-Oct-23,11000,31715
JHELUM,Rasul,04-Oct-23,40805,19705
CHENAB,Marala,04-Oct-23,16250,4000
CHENAB,Khanki,04-Oct-23,9546,1866
CHENAB,Qadirabad,04-Oct-23,21000,-
CHENAB,Trimmu,04-Oct-23,22868,5368
CHENAB,Punjnad,04-Oct-23,22490,5210
RAVI,Thein,04-Oct-23,-,-
RAVI,Jassar,04-Oct-23,-,1753
RAVI,Shahdara,04-Oct-23,-,2817
RAVI,Balloki,04-Oct-23,27000,-
RAVI,Sidhnai,04-Oct-23,14700,-
SUTLEJ,Bhakara**,04-Oct-23,-,-
SUTLEJ,Sulemanki,04-Oct-23,16026,1823
SUTLEJ,Islam,04-Oct-23,4529,2849
INDUS,khairabad,04-Oct-23,-,46700
INDUS,Kalabagh,04-Oct-23,100783,92783
INDUS,Chashma,04-Oct-23,99048,94948
INDUS,Taunsa,04-Oct-23,99351,83981
INDUS,Guddu,04-Oct-23,104595,87462
INDUS,Sukkar,04-Oct-23,88615,43850
INDUS,Kotri,04-Oct-23,43346,13901
JHELUM,Kotli,04-Oct-23,-,880
JHELUM,Mangla,04-Oct-23,12000,57503
JHELUM,Rasul,04-Oct-23,40805,19705
CHENAB,Marala,04-Oct-23,16250,4000
CHENAB,Khanki,04-Oct-23,9546,1866
CHENAB,Qadirabad,04-Oct-23,21000,-
CHENAB,Trimmu,04-Oct-23,22868,5368
CHENAB,Punjnad,04-Oct-23,22490,5210
RAVI,Thein,04-Oct-23,-,-
RAVI,Jassar,04-Oct-23,-,1753
RAVI,Shahdara,04-Oct-23,-,2817
RAVI,Balloki,04-Oct-23,27000,-
RAVI,Sidhnai,04-Oct-23,14700,-
SUTLEJ,Bhakara**,04-Oct-23,-,-
SUTLEJ,Sulemanki,04-Oct-23,16489,2286
SUTLEJ,Islam,04-Oct-23,3261,1231
INDUS,khairabad,04-Oct-23,-,57000
INDUS,Kalabagh,04-Oct-23,87011,79011
INDUS,Chashma,04-Oct-23,99210,95110
INDUS,Taunsa,04-Oct-23,99351,83981
INDUS,Guddu,04-Oct-23,104595,87469
INDUS,Sukkar,04-Oct-23,88615,43850
INDUS,Kotri,04-Oct-23,43346,13901
JHELUM,Kotli,04-Oct-23,-,740
JHELUM,Mangla,04-Oct-23,12000,53639
JHELUM,Rasul,04-Oct-23,29090,7990
CHENAB,Marala,04-Oct-23,16250,4000
CHENAB,Khanki,04-Oct-23,9534,1866
CHENAB,Qadirabad,04-Oct-23,21000,-
CHENAB,Trimmu,04-Oct-23,22868,5368
CHENAB,Punjnad,04-Oct-23,22490,5210
RAVI,Thein,04-Oct-23,-,-
RAVI,Jassar,04-Oct-23,-,1753
RAVI,Shahdara,04-Oct-23,-,2817
RAVI,Balloki,04-Oct-23,27000,-
RAVI,Sidhnai,04-Oct-23,15200,-
SUTLEJ,Bhakara**,04-Oct-23,-,-
SUTLEJ,Sulemanki,04-Oct-23,16489,2286
SUTLEJ,Islam,04-Oct-23,3261,1231
INDUS,khairabad,05-Oct-23,-,61600
INDUS,Kalabagh,05-Oct-23,97756,89756
INDUS,Chashma,05-Oct-23,97952,93852
INDUS,Taunsa,05-Oct-23,99351,83981
INDUS,Guddu,05-Oct-23,101329,81456
INDUS,Sukkar,05-Oct-23,85731,42466
INDUS,Kotri,05-Oct-23,43346,13901
JHELUM,Kotli,05-Oct-23,-,740
JHELUM,Mangla,05-Oct-23,12000,28115
JHELUM,Rasul,05-Oct-23,29090,7990
CHENAB,Marala,05-Oct-23,16250,4000
CHENAB,Khanki,05-Oct-23,9534,1866
CHENAB,Qadirabad,05-Oct-23,21000,-
CHENAB,Trimmu,05-Oct-23,22868,5368
CHENAB,Punjnad,05-Oct-23,20173,3773
RAVI,Thein,05-Oct-23,-,-
RAVI,Jassar,05-Oct-23,-,1753
RAVI,Shahdara,05-Oct-23,-,1838
RAVI,Balloki,05-Oct-23,27000,-
RAVI,Sidhnai,05-Oct-23,15200,-
SUTLEJ,Bhakara**,05-Oct-23,-,-
SUTLEJ,Sulemanki,05-Oct-23,16439,2286
SUTLEJ,Islam,05-Oct-23,3261,1231
INDUS,khairabad,05-Oct-23,-,34600
INDUS,Kalabagh,05-Oct-23,105556,97556
INDUS,Chashma,05-Oct-23,99076,94976
INDUS,Taunsa,05-Oct-23,96640,82155
INDUS,Guddu,05-Oct-23,96031,76158
INDUS,Sukkar,05-Oct-23,85731,42466
INDUS,Kotri,05-Oct-23,43346,13901
JHELUM,Kotli,05-Oct-23,-,880
JHELUM,Mangla,05-Oct-23,12000,31715
JHELUM,Rasul,05-Oct-23,40930,19705
CHENAB,Marala,05-Oct-23,16250,4000
CHENAB,Khanki,05-Oct-23,11400,3732
CHENAB,Qadirabad,05-Oct-23,21000,-
CHENAB,Trimmu,05-Oct-23,22868,5368
CHENAB,Punjnad,05-Oct-23,18297,1897
RAVI,Thein,05-Oct-23,-,-
RAVI,Jassar,05-Oct-23,-,1753
RAVI,Shahdara,05-Oct-23,-,1838
RAVI,Balloki,05-Oct-23,27000,-
RAVI,Sidhnai,05-Oct-23,14700,-
SUTLEJ,Bhakara**,05-Oct-23,-,-
SUTLEJ,Sulemanki,05-Oct-23,16439,2286
SUTLEJ,Islam,05-Oct-23,3261,1231
INDUS,khairabad,05-Oct-23,-,21000
INDUS,Kalabagh,05-Oct-23,91893,83893
INDUS,Chashma,05-Oct-23,71209,68989
INDUS,Taunsa,05-Oct-23,96640,82310
INDUS,Guddu,05-Oct-23,96431,75466
INDUS,Sukkar,05-Oct-23,85731,42466
INDUS,Kotri,05-Oct-23,43346,13901
JHELUM,Kotli,05-Oct-23,-,740
JHELUM,Mangla,05-Oct-23,12000,48759
JHELUM,Rasul,05-Oct-23,37400,15800
CHENAB,Marala,05-Oct-23,16450,4000
CHENAB,Khanki,05-Oct-23,8635,955
CHENAB,Qadirabad,05-Oct-23,21000,-
CHENAB,Trimmu,05-Oct-23,19703,2203
CHENAB,Punjnad,05-Oct-23,18297,1897
RAVI,Thein,05-Oct-23,-,-
RAVI,Jassar,05-Oct-23,-,1753
RAVI,Shahdara,05-Oct-23,-,1838
RAVI,Balloki,05-Oct-23,26500,-
RAVI,Sidhnai,05-Oct-23,14700,-
SUTLEJ,Bhakara**,05-Oct-23,-,-
SUTLEJ,Sulemanki,05-Oct-23,16389,2286
SUTLEJ,Islam,05-Oct-23,3261,1231
INDUS,khairabad,05-Oct-23,-,22600
INDUS,Kalabagh,05-Oct-23,78700,70700
INDUS,Chashma,05-Oct-23,73232,69132
INDUS,Taunsa,05-Oct-23,96640,82310
INDUS,Guddu,05-Oct-23,96431,75466
INDUS,Sukkar,05-Oct-23,85731,42466
INDUS,Kotri,05-Oct-23,43346,13901
JHELUM,Kotli,05-Oct-23,-,740
JHELUM,Mangla,05-Oct-23,12000,48759
JHELUM,Rasul,05-Oct-23,29590,7990
CHENAB,Marala,05-Oct-23,16450,4000
CHENAB,Khanki,05-Oct-23,8635,955
CHENAB,Qadirabad,05-Oct-23,21000,-
CHENAB,Trimmu,05-Oct-23,19703,2203
CHENAB,Punjnad,05-Oct-23,18297,1897
RAVI,Thein,05-Oct-23,-,-
RAVI,Jassar,05-Oct-23,-,1753
RAVI,Shahdara,05-Oct-23,-,1838
RAVI,Balloki,05-Oct-23,26000,-
RAVI,Sidhnai,05-Oct-23,14700,-
SUTLEJ,Bhakara**,05-Oct-23,-,-
SUTLEJ,Sulemanki,05-Oct-23,16389,2286
SUTLEJ,Islam,05-Oct-23,3261,1231
INDUS,khairabad,06-Oct-23,-,29000
INDUS,Kalabagh,06-Oct-23,78700,70700
INDUS,Chashma,06-Oct-23,79522,75422
INDUS,Taunsa,06-Oct-23,96640,82310
INDUS,Guddu,06-Oct-23,86215,65250
INDUS,Sukkar,06-Oct-23,80335,37815
INDUS,Kotri,06-Oct-23,41526,13901
JHELUM,Kotli,06-Oct-23,-,880
JHELUM,Mangla,06-Oct-23,8000,31715
JHELUM,Rasul,06-Oct-23,29590,7990
CHENAB,Marala,06-Oct-23,16117,4000
CHENAB,Khanki,06-Oct-23,7680,-
CHENAB,Qadirabad,06-Oct-23,21000,-
CHENAB,Trimmu,06-Oct-23,19703,2203
CHENAB,Punjnad,06-Oct-23,16400,-
RAVI,Thein,06-Oct-23,-,-
RAVI,Jassar,06-Oct-23,-,1753
RAVI,Shahdara,06-Oct-23,-,1838
RAVI,Balloki,06-Oct-23,26000,-
RAVI,Sidhnai,06-Oct-23,14700,-
SUTLEJ,Bhakara**,06-Oct-23,-,-
SUTLEJ,Sulemanki,06-Oct-23,16291,2286
SUTLEJ,Islam,06-Oct-23,3261,1231
INDUS,khairabad,06-Oct-23,-,38500
INDUS,Kalabagh,06-Oct-23,83480,75480
INDUS,Chashma,06-Oct-23,83106,79006
INDUS,Taunsa,06-Oct-23,88118,82743
INDUS,Guddu,06-Oct-23,86215,65250
INDUS,Sukkar,06-Oct-23,80335,37815
INDUS,Kotri,06-Oct-23,41526,13901
JHELUM,Kotli,06-Oct-23,-,880
JHELUM,Mangla,06-Oct-23,8000,31915
JHELUM,Rasul,06-Oct-23,37400,15800
CHENAB,Marala,06-Oct-23,16117,4000
CHENAB,Khanki,06-Oct-23,7668,-
CHENAB,Qadirabad,06-Oct-23,21000,-
CHENAB,Trimmu,06-Oct-23,19703,2203
CHENAB,Punjnad,06-Oct-23,16400,-
RAVI,Thein,06-Oct-23,-,-
RAVI,Jassar,06-Oct-23,-,1378
RAVI,Shahdara,06-Oct-23,-,1838
RAVI,Balloki,06-Oct-23,26000,-
RAVI,Sidhnai,06-Oct-23,14000,-
SUTLEJ,Bhakara**,06-Oct-23,-,-
SUTLEJ,Sulemanki,06-Oct-23,16291,2286
SUTLEJ,Islam,06-Oct-23,2829,799
INDUS,khairabad,06-Oct-23,-,24900
INDUS,Kalabagh,06-Oct-23,83318,75318
INDUS,Chashma,06-Oct-23,82112,79250
INDUS,Taunsa,06-Oct-23,88118,82743
INDUS,Guddu,06-Oct-23,86215,65250
INDUS,Sukkar,06-Oct-23,80335,37815
INDUS,Kotri,06-Oct-23,41526,13901
JHELUM,Kotli,06-Oct-23,-,740
JHELUM,Mangla,06-Oct-23,9000,48887
JHELUM,Rasul,06-Oct-23,45210,23610
CHENAB,Marala,06-Oct-23,16117,4000
CHENAB,Khanki,06-Oct-23,9534,1866
CHENAB,Qadirabad,06-Oct-23,19000,-
CHENAB,Trimmu,06-Oct-23,19603,2203
CHENAB,Punjnad,06-Oct-23,16400,-
RAVI,Thein,06-Oct-23,-,-
RAVI,Jassar,06-Oct-23,-,1378
RAVI,Shahdara,06-Oct-23,-,1838
RAVI,Balloki,06-Oct-23,25500,-
RAVI,Sidhnai,06-Oct-23,14000,-
SUTLEJ,Bhakara**,06-Oct-23,-,-
SUTLEJ,Sulemanki,06-Oct-23,16991,3129
SUTLEJ,Islam,06-Oct-23,2829,799
INDUS,khairabad,06-Oct-23,-,23200
INDUS,Kalabagh,06-Oct-23,71063,63063
INDUS,Chashma,06-Oct-23,82900,78800
INDUS,Taunsa,06-Oct-23,88118,82743
INDUS,Guddu,06-Oct-23,86215,65250
INDUS,Sukkar,06-Oct-23,80335,37815
INDUS,Kotri,06-Oct-23,41526,13901
JHELUM,Kotli,06-Oct-23,-,740
JHELUM,Mangla,06-Oct-23,7000,48887
JHELUM,Rasul,06-Oct-23,37400,15800
CHENAB,Marala,06-Oct-23,15983,4000
CHENAB,Khanki,06-Oct-23,7655,-
CHENAB,Qadirabad,06-Oct-23,19000,-
CHENAB,Trimmu,06-Oct-23,19603,2203
CHENAB,Punjnad,06-Oct-23,16120,-
RAVI,Thein,06-Oct-23,-,-
RAVI,Jassar,06-Oct-23,-,1378
RAVI,Shahdara,06-Oct-23,-,1838
RAVI,Balloki,06-Oct-23,25500,-
RAVI,Sidhnai,06-Oct-23,14350,-
SUTLEJ,Bhakara**,06-Oct-23,-,-
SUTLEJ,Sulemanki,06-Oct-23,16991,3129
SUTLEJ,Islam,06-Oct-23,2829,799
INDUS,khairabad,07-Oct-23,-,32700
INDUS,Kalabagh,07-Oct-23,79997,71997
INDUS,Chashma,07-Oct-23,83121,79021
INDUS,Taunsa,07-Oct-23,88178,82799
INDUS,Guddu,07-Oct-23,84478,65250
INDUS,Sukkar,07-Oct-23,63413,23203
INDUS,Kotri,07-Oct-23,41226,13901
JHELUM,Kotli,07-Oct-23,-,880
JHELUM,Mangla,07-Oct-23,2000,28015
JHELUM,Rasul,07-Oct-23,29590,7990
CHENAB,Marala,07-Oct-23,15047,4000
CHENAB,Khanki,07-Oct-23,9521,1866
CHENAB,Qadirabad,07-Oct-23,18000,-
CHENAB,Trimmu,07-Oct-23,19603,2203
CHENAB,Punjnad,07-Oct-23,16120,-
RAVI,Thein,07-Oct-23,-,-
RAVI,Jassar,07-Oct-23,-,1378
RAVI,Shahdara,07-Oct-23,-,1838
RAVI,Balloki,07-Oct-23,25500,-
RAVI,Sidhnai,07-Oct-23,14350,-
SUTLEJ,Bhakara**,07-Oct-23,-,-
SUTLEJ,Sulemanki,07-Oct-23,16148,2286
SUTLEJ,Islam,07-Oct-23,2829,799
INDUS,khairabad,07-Oct-23,-,43200
INDUS,Kalabagh,07-Oct-23,94100,86100
INDUS,Chashma,07-Oct-23,83314,79214
INDUS,Taunsa,07-Oct-23,88178,82799
INDUS,Guddu,07-Oct-23,83893,67765
INDUS,Sukkar,07-Oct-23,63413,23203
INDUS,Kotri,07-Oct-23,41226,13901
JHELUM,Kotli,07-Oct-23,-,1020
JHELUM,Mangla,07-Oct-23,6000,31315
JHELUM,Rasul,07-Oct-23,41305,19705
CHENAB,Marala,07-Oct-23,14914,4000
CHENAB,Khanki,07-Oct-23,7655,NIL
CHENAB,Qadirabad,07-Oct-23,18000,-
CHENAB,Trimmu,07-Oct-23,19603,2203
CHENAB,Punjnad,07-Oct-23,16120,-
RAVI,Thein,07-Oct-23,-,-
RAVI,Jassar,07-Oct-23,-,1378
RAVI,Shahdara,07-Oct-23,-,1838
RAVI,Balloki,07-Oct-23,25000,-
RAVI,Sidhnai,07-Oct-23,14350,-
SUTLEJ,Bhakara**,07-Oct-23,-,-
SUTLEJ,Sulemanki,07-Oct-23,16991,3129
SUTLEJ,Islam,07-Oct-23,2030,NIL
INDUS,khairabad,07-Oct-23,-,36500
INDUS,Kalabagh,07-Oct-23,91236,83236
INDUS,Chashma,07-Oct-23,82020,79040
INDUS,Taunsa,07-Oct-23,83536,78440
INDUS,Guddu,07-Oct-23,83893,67765
INDUS,Sukkar,07-Oct-23,63413,23203
INDUS,Kotri,07-Oct-23,41226,13901
JHELUM,Kotli,07-Oct-23,-,880
JHELUM,Mangla,07-Oct-23,6000,57481
JHELUM,Rasul,07-Oct-23,45210,23610
CHENAB,Marala,07-Oct-23,15582,4000
CHENAB,Khanki,07-Oct-23,7753,NIL
CHENAB,Qadirabad,07-Oct-23,18900,-
CHENAB,Trimmu,07-Oct-23,19603,2203
CHENAB,Punjnad,07-Oct-23,16120,-
RAVI,Thein,07-Oct-23,-,-
RAVI,Jassar,07-Oct-23,-,1378
RAVI,Shahdara,07-Oct-23,-,1838
RAVI,Balloki,07-Oct-23,25000,-
RAVI,Sidhnai,07-Oct-23,14350,-
SUTLEJ,Bhakara**,07-Oct-23,-,-
SUTLEJ,Sulemanki,07-Oct-23,14578,618
SUTLEJ,Islam,07-Oct-23,2030,NIL
INDUS,khairabad,07-Oct-23,-,50300
INDUS,Kalabagh,07-Oct-23,67175,59175
INDUS,Chashma,07-Oct-23,82754,78654
INDUS,Taunsa,07-Oct-23,83536,78440
INDUS,Guddu,07-Oct-23,83893,67765
INDUS,Sukkar,07-Oct-23,63413,23203
INDUS,Kotri,07-Oct-23,41226,13901
JHELUM,Kotli,07-Oct-23,-,880
JHELUM,Mangla,07-Oct-23,7000,57481
JHELUM,Rasul,07-Oct-23,33495,11895
CHENAB,Marala,07-Oct-23,15850,4000
CHENAB,Khanki,07-Oct-23,7802,Nil
CHENAB,Qadirabad,07-Oct-23,18900,Nil
CHENAB,Trimmu,07-Oct-23,19603,2203
CHENAB,Punjnad,07-Oct-23,16120,Nil
RAVI,Thein,07-Oct-23,-,-
RAVI,Jassar,07-Oct-23,-,1378
RAVI,Shahdara,07-Oct-23,-,1838
RAVI,Balloki,07-Oct-23,24500,Nil
RAVI,Sidhnai,07-Oct-23,14350,Nil
SUTLEJ,Bhakara**,07-Oct-23,-,-
SUTLEJ,Sulemanki,07-Oct-23,14578,618
SUTLEJ,Islam,07-Oct-23,2230,Nil
INDUS,khairabad,08-Oct-23,-,35900
INDUS,Kalabagh,08-Oct-23,75767,67767
INDUS,Chashma,08-Oct-23,82935,78835
INDUS,Taunsa,08-Oct-23,73674,68075
INDUS,Guddu,08-Oct-23,83386,67765
INDUS,Sukkar,08-Oct-23,63413,23203
INDUS,Kotri,08-Oct-23,39531,13901
JHELUM,Kotli,08-Oct-23,-,1020
JHELUM,Mangla,08-Oct-23,7000,31915
JHELUM,Rasul,08-Oct-23,29590,7990
CHENAB,Marala,08-Oct-23,15047,4000
CHENAB,Khanki,08-Oct-23,7802,Nil
CHENAB,Qadirabad,08-Oct-23,18900,Nil
CHENAB,Trimmu,08-Oct-23,19603,2203
CHENAB,Punjnad,08-Oct-23,16120,Nil
RAVI,Thein,08-Oct-23,-,-
RAVI,Jassar,08-Oct-23,-,1378
RAVI,Shahdara,08-Oct-23,-,1838
RAVI,Balloki,08-Oct-23,24500,Nil
RAVI,Sidhnai,08-Oct-23,14350,Nil
SUTLEJ,Bhakara**,08-Oct-23,-,-
SUTLEJ,Sulemanki,08-Oct-23,14578,618
SUTLEJ,Islam,08-Oct-23,2230,Nil
INDUS,khairabad,08-Oct-23,-,33300
INDUS,Kalabagh,08-Oct-23,87774,79774
INDUS,Chashma,08-Oct-23,83094,78994
INDUS,Taunsa,08-Oct-23,73674,68075
INDUS,Guddu,08-Oct-23,82307,65379
INDUS,Sukkar,08-Oct-23,63413,23203
INDUS,Kotri,08-Oct-23,39531,13901
JHELUM,Kotli,08-Oct-23,-,880
JHELUM,Mangla,08-Oct-23,6000,32115
JHELUM,Rasul,08-Oct-23,41305,19705
CHENAB,Marala,08-Oct-23,15448,4000
CHENAB,Khanki,08-Oct-23,7802,-
CHENAB,Qadirabad,08-Oct-23,18900,-
CHENAB,Trimmu,08-Oct-23,18624,1124
CHENAB,Punjnad,08-Oct-23,15620,-
RAVI,Thein,08-Oct-23,-,-
RAVI,Jassar,08-Oct-23,-,1378
RAVI,Shahdara,08-Oct-23,-,1838
RAVI,Balloki,08-Oct-23,23500,-
RAVI,Sidhnai,08-Oct-23,14350,-
SUTLEJ,Bhakara**,08-Oct-23,-,-
SUTLEJ,Sulemanki,08-Oct-23,14578,618
SUTLEJ,Islam,08-Oct-23,2230,-
INDUS,khairabad,08-Oct-23,-,34600
INDUS,Kalabagh,08-Oct-23,72903,64903
INDUS,Chashma,08-Oct-23,83623,79123
INDUS,Taunsa,08-Oct-23,77742,71834
INDUS,Guddu,08-Oct-23,82307,65379
INDUS,Sukkar,08-Oct-23,63413,23203
INDUS,Kotri,08-Oct-23,39531,13901
JHELUM,Kotli,08-Oct-23,-,1020
JHELUM,Mangla,08-Oct-23,7000,57573
JHELUM,Rasul,08-Oct-23,41305,19705
CHENAB,Marala,08-Oct-23,17918,5667
CHENAB,Khanki,08-Oct-23,7802,-
CHENAB,Qadirabad,08-Oct-23,18900,-
CHENAB,Trimmu,08-Oct-23,18624,1124
CHENAB,Punjnad,08-Oct-23,15620,-
RAVI,Thein,08-Oct-23,-,-
RAVI,Jassar,08-Oct-23,-,1378
RAVI,Shahdara,08-Oct-23,-,1838
RAVI,Balloki,08-Oct-23,23500,-
RAVI,Sidhnai,08-Oct-23,14350,-
SUTLEJ,Bhakara**,08-Oct-23,-,-
SUTLEJ,Sulemanki,08-Oct-23,14428,418
SUTLEJ,Islam,08-Oct-23,2230,-
INDUS,khairabad,08-Oct-23,-,39800
INDUS,Kalabagh,08-Oct-23,66095,58095
INDUS,Chashma,08-Oct-23,83544,79044
INDUS,Taunsa,08-Oct-23,77742,71834
INDUS,Guddu,08-Oct-23,82307,65379
INDUS,Sukkar,08-Oct-23,63413,23203
INDUS,Kotri,08-Oct-23,39531,13901
JHELUM,Kotli,08-Oct-23,-,1020
JHELUM,Mangla,08-Oct-23,7000,43149
JHELUM,Rasul,08-Oct-23,33495,11895
CHENAB,Marala,08-Oct-23,15850,4000
CHENAB,Khanki,08-Oct-23,9705,1866
CHENAB,Qadirabad,08-Oct-23,18900,-
CHENAB,Trimmu,08-Oct-23,17400,-
CHENAB,Punjnad,08-Oct-23,15620,-
RAVI,Thein,08-Oct-23,-,-
RAVI,Jassar,08-Oct-23,-,1378
RAVI,Shahdara,08-Oct-23,-,1838
RAVI,Balloki,08-Oct-23,23000,-
RAVI,Sidhnai,08-Oct-23,14350,-
SUTLEJ,Bhakara**,08-Oct-23,-,-
SUTLEJ,Sulemanki,08-Oct-23,14428,418
SUTLEJ,Islam,08-Oct-23,2230,-
INDUS,khairabad,09-Oct-23,0,38500
INDUS,Kalabagh,09-Oct-23,87774,79774
INDUS,Chashma,09-Oct-23,83292,78792
INDUS,Taunsa,09-Oct-23,77742,71834
INDUS,Guddu,09-Oct-23,78036,60368
INDUS,Sukkar,09-Oct-23,63550,23550
INDUS,Kotri,09-Oct-23,38201,13901
JHELUM,Kotli,09-Oct-23,0,0
JHELUM,Mangla,09-Oct-23,7000,32115
JHELUM,Rasul,09-Oct-23,29590,0
CHENAB,Marala,09-Oct-23,15315,4000
CHENAB,Khanki,09-Oct-23,7839,-
CHENAB,Qadirabad,09-Oct-23,18000,0
CHENAB,Trimmu,09-Oct-23,17400,-
CHENAB,Punjnad,09-Oct-23,14241,-
RAVI,Thein,09-Oct-23,0,0
RAVI,Jassar,09-Oct-23,0,1378
RAVI,Shahdara,09-Oct-23,0,1838
RAVI,Balloki,09-Oct-23,23000,0
RAVI,Sidhnai,09-Oct-23,14350,0
SUTLEJ,Bhakara**,09-Oct-23,0,0
SUTLEJ,Sulemanki,09-Oct-23,14628,618
SUTLEJ,Islam,09-Oct-23,2230,-
INDUS,khairabad,09-Oct-23,-,32700
INDUS,Kalabagh,09-Oct-23,93602,85602
INDUS,Chashma,09-Oct-23,83667,79167
INDUS,Taunsa,09-Oct-23,77742,71834
INDUS,Guddu,09-Oct-23,78036,60368
INDUS,Sukkar,09-Oct-23,63550,23550
INDUS,Kotri,09-Oct-23,38201,13901
JHELUM,Kotli,09-Oct-23,-,1170
JHELUM,Mangla,09-Oct-23,7000,-
JHELUM,Rasul,09-Oct-23,41305,19705
CHENAB,Marala,09-Oct-23,15448,4000
CHENAB,Khanki,09-Oct-23,9705,1866
CHENAB,Qadirabad,09-Oct-23,18000,-
CHENAB,Trimmu,09-Oct-23,19603,2203
CHENAB,Punjnad,09-Oct-23,14241,-
RAVI,Thein,09-Oct-23,-,-
RAVI,Jassar,09-Oct-23,-,1378
RAVI,Shahdara,09-Oct-23,-,1838
RAVI,Balloki,09-Oct-23,23000,-
RAVI,Sidhnai,09-Oct-23,14350,-
SUTLEJ,Bhakara**,09-Oct-23,-,-
SUTLEJ,Sulemanki,09-Oct-23,14628,618
SUTLEJ,Islam,09-Oct-23,2230,-
INDUS,khairabad,09-Oct-23,-,46000
INDUS,Kalabagh,09-Oct-23,93602,85602
INDUS,Chashma,09-Oct-23,83288,78788
INDUS,Taunsa,09-Oct-23,77742,71834
INDUS,Guddu,09-Oct-23,78036,60368
INDUS,Sukkar,09-Oct-23,63550,23550
INDUS,Kotri,09-Oct-23,38201,13901
JHELUM,Kotli,09-Oct-23,-,1020
JHELUM,Mangla,09-Oct-23,8000,57465
JHELUM,Rasul,09-Oct-23,41305,19705
CHENAB,Marala,09-Oct-23,15716,4000
CHENAB,Khanki,09-Oct-23,8782,955
CHENAB,Qadirabad,09-Oct-23,18000,-
CHENAB,Trimmu,09-Oct-23,19603,2203
CHENAB,Punjnad,09-Oct-23,14241,-
RAVI,Thein,09-Oct-23,-,-
RAVI,Jassar,09-Oct-23,-,1378
RAVI,Shahdara,09-Oct-23,-,1838
RAVI,Balloki,09-Oct-23,23000,-
RAVI,Sidhnai,09-Oct-23,14000,-
SUTLEJ,Bhakara**,09-Oct-23,-,-
SUTLEJ,Sulemanki,09-Oct-23,14428,418
SUTLEJ,Islam,09-Oct-23,2230,-
INDUS,khairabad,09-Oct-23,-,43900
INDUS,Kalabagh,09-Oct-23,80598,72598
INDUS,Chashma,09-Oct-23,83443,78943
INDUS,Taunsa,09-Oct-23,77742,71834
INDUS,Guddu,09-Oct-23,78036,60368
INDUS,Sukkar,09-Oct-23,63550,23550
INDUS,Kotri,09-Oct-23,38201,13901
JHELUM,Kotli,09-Oct-23,-,1020
JHELUM,Mangla,09-Oct-23,7000,32115
JHELUM,Rasul,09-Oct-23,33495,11895
CHENAB,Marala,09-Oct-23,15350,4000
CHENAB,Khanki,09-Oct-23,9388,1866
CHENAB,Qadirabad,09-Oct-23,18475,-
CHENAB,Trimmu,09-Oct-23,17400,-
CHENAB,Punjnad,09-Oct-23,14241,-
RAVI,Thein,09-Oct-23,-,-
RAVI,Jassar,09-Oct-23,-,1378
RAVI,Shahdara,09-Oct-23,-,1838
RAVI,Balloki,09-Oct-23,23000,-
RAVI,Sidhnai,09-Oct-23,13800,-
SUTLEJ,Bhakara**,09-Oct-23,-,-
SUTLEJ,Sulemanki,09-Oct-23,14428,418
SUTLEJ,Islam,09-Oct-23,2230,-
INDUS,khairabad,10-Oct-23,-,35200
INDUS,Kalabagh,10-Oct-23,87281,79281
INDUS,Chashma,10-Oct-23,84220,79720
INDUS,Taunsa,10-Oct-23,77742,71834
INDUS,Guddu,10-Oct-23,77043,60368
INDUS,Sukkar,10-Oct-23,60315,20350
INDUS,Kotri,10-Oct-23,36396,13901
JHELUM,Kotli,10-Oct-23,-,1170
JHELUM,Mangla,10-Oct-23,8000,32115
JHELUM,Rasul,10-Oct-23,29590,7990
CHENAB,Marala,10-Oct-23,15047,4000
CHENAB,Khanki,10-Oct-23,7522,-
CHENAB,Qadirabad,10-Oct-23,19575,-
CHENAB,Trimmu,10-Oct-23,18524,1124
CHENAB,Punjnad,10-Oct-23,12705,-
RAVI,Thein,10-Oct-23,-,-
RAVI,Jassar,10-Oct-23,-,1378
RAVI,Shahdara,10-Oct-23,-,1838
RAVI,Balloki,10-Oct-23,22500,-
RAVI,Sidhnai,10-Oct-23,13800,-
SUTLEJ,Bhakara**,10-Oct-23,-,-
SUTLEJ,Sulemanki,10-Oct-23,14010,-
SUTLEJ,Islam,10-Oct-23,2230,-
INDUS,khairabad,10-Oct-23,-,21000
INDUS,Kalabagh,10-Oct-23,87281,79281
INDUS,Chashma,10-Oct-23,60215,54477
INDUS,Taunsa,10-Oct-23,77742,71834
INDUS,Guddu,10-Oct-23,76043,60368
INDUS,Sukkar,10-Oct-23,60315,20350
INDUS,Kotri,10-Oct-23,35305,12810
JHELUM,Kotli,10-Oct-23,-,1330
JHELUM,Mangla,10-Oct-23,8000,32115
JHELUM,Rasul,10-Oct-23,41305,19705
CHENAB,Marala,10-Oct-23,14513,4000
CHENAB,Khanki,10-Oct-23,9220,1866
CHENAB,Qadirabad,10-Oct-23,20250,-
CHENAB,Trimmu,10-Oct-23,18524,1124
CHENAB,Punjnad,10-Oct-23,12705,-
RAVI,Thein,10-Oct-23,-,-
RAVI,Jassar,10-Oct-23,-,1378
RAVI,Shahdara,10-Oct-23,-,1838
RAVI,Balloki,10-Oct-23,22500,-
RAVI,Sidhnai,10-Oct-23,14000,-
SUTLEJ,Bhakara**,10-Oct-23,-,-
SUTLEJ,Sulemanki,10-Oct-23,14010,-
SUTLEJ,Islam,10-Oct-23,1230,-
INDUS,khairabad,10-Oct-23,-,20400
INDUS,Kalabagh,10-Oct-23,75243,67243
INDUS,Chashma,10-Oct-23,58023,53523
INDUS,Taunsa,10-Oct-23,77742,71834
INDUS,Guddu,10-Oct-23,74629,60368
INDUS,Sukkar,10-Oct-23,60315,20350
INDUS,Kotri,10-Oct-23,35305,12810
JHELUM,Kotli,10-Oct-23,-,1170
JHELUM,Mangla,10-Oct-23,8000,57357
JHELUM,Rasul,10-Oct-23,41305,19705
CHENAB,Marala,10-Oct-23,14513,4000
CHENAB,Khanki,10-Oct-23,7306,-
CHENAB,Qadirabad,10-Oct-23,20000,-
CHENAB,Trimmu,10-Oct-23,18524,1124
CHENAB,Punjnad,10-Oct-23,12705,-
RAVI,Thein,10-Oct-23,-,-
RAVI,Jassar,10-Oct-23,-,1378
RAVI,Shahdara,10-Oct-23,-,1838
RAVI,Balloki,10-Oct-23,22500,-
RAVI,Sidhnai,10-Oct-23,14000,-
SUTLEJ,Bhakara**,10-Oct-23,-,-
SUTLEJ,Sulemanki,10-Oct-23,13904,-
SUTLEJ,Islam,10-Oct-23,1230,-
INDUS,khairabad,10-Oct-23,-,19400
INDUS,Kalabagh,10-Oct-23,75243,67243
INDUS,Chashma,10-Oct-23,58979,53064
INDUS,Taunsa,10-Oct-23,77742,71834
INDUS,Guddu,10-Oct-23,74629,60368
INDUS,Sukkar,10-Oct-23,60315,20350
INDUS,Kotri,10-Oct-23,35305,12810
JHELUM,Kotli,10-Oct-23,-,1020
JHELUM,Mangla,10-Oct-23,8000,44661
JHELUM,Rasul,10-Oct-23,33495,11895
CHENAB,Marala,10-Oct-23,16581,5481
CHENAB,Khanki,10-Oct-23,8213,955
CHENAB,Qadirabad,10-Oct-23,20000,-
CHENAB,Trimmu,10-Oct-23,18524,1124
CHENAB,Punjnad,10-Oct-23,12705,-
RAVI,Thein,10-Oct-23,-,-
RAVI,Jassar,10-Oct-23,-,1378
RAVI,Shahdara,10-Oct-23,-,1838
RAVI,Balloki,10-Oct-23,22500,-
RAVI,Sidhnai,10-Oct-23,14000,-
SUTLEJ,Bhakara**,10-Oct-23,-,-
SUTLEJ,Sulemanki,10-Oct-23,13904,-
SUTLEJ,Islam,10-Oct-23,1230,-
INDUS,khairabad,11-Oct-23,-,18300
INDUS,Kalabagh,11-Oct-23,67727,60727
INDUS,Chashma,11-Oct-23,59224,54724
INDUS,Taunsa,11-Oct-23,77742,71834
INDUS,Guddu,11-Oct-23,71650,58377
INDUS,Sukkar,11-Oct-23,58525,19675
INDUS,Kotri,11-Oct-23,32075,11320
JHELUM,Kotli,11-Oct-23,-,1020
JHELUM,Mangla,11-Oct-23,8000,32115
JHELUM,Rasul,11-Oct-23,29590,7990
CHENAB,Marala,11-Oct-23,14914,4000
CHENAB,Khanki,11-Oct-23,8213,955
CHENAB,Qadirabad,11-Oct-23,20000,-
CHENAB,Trimmu,11-Oct-23,18524,1124
CHENAB,Punjnad,11-Oct-23,12705,-
RAVI,Thein,11-Oct-23,-,-
RAVI,Jassar,11-Oct-23,-,1378
RAVI,Shahdara,11-Oct-23,-,1838
RAVI,Balloki,11-Oct-23,23500,-
RAVI,Sidhnai,11-Oct-23,14000,-
SUTLEJ,Bhakara**,11-Oct-23,-,-
SUTLEJ,Sulemanki,11-Oct-23,13904,-
SUTLEJ,Islam,11-Oct-23,1230,-
INDUS,khairabad,11-Oct-23,-,19900
INDUS,Kalabagh,11-Oct-23,67727,60727
INDUS,Chashma,11-Oct-23,63501,60516
INDUS,Taunsa,11-Oct-23,77742,71834
INDUS,Guddu,11-Oct-23,71650,58377
INDUS,Sukkar,11-Oct-23,58525,19675
INDUS,Kotri,11-Oct-23,30535,10690
JHELUM,Kotli,11-Oct-23,-,1170
JHELUM,Mangla,11-Oct-23,8000,32115
JHELUM,Rasul,11-Oct-23,41305,19705
CHENAB,Marala,11-Oct-23,15100,4000
CHENAB,Khanki,11-Oct-23,8213,955
CHENAB,Qadirabad,11-Oct-23,19000,-
CHENAB,Trimmu,11-Oct-23,18524,1124
CHENAB,Punjnad,11-Oct-23,12705,-
RAVI,Thein,11-Oct-23,-,-
RAVI,Jassar,11-Oct-23,-,1378
RAVI,Shahdara,11-Oct-23,-,1838
RAVI,Balloki,11-Oct-23,24500,-
RAVI,Sidhnai,11-Oct-23,14000,-
SUTLEJ,Bhakara**,11-Oct-23,-,-
SUTLEJ,Sulemanki,11-Oct-23,13904,-
SUTLEJ,Islam,11-Oct-23,1230,-
INDUS,khairabad,11-Oct-23,-,19400
INDUS,Kalabagh,11-Oct-23,47799,40749
INDUS,Chashma,11-Oct-23,63647,57832
INDUS,Taunsa,11-Oct-23,77742,71834
INDUS,Guddu,11-Oct-23,71650,58377
INDUS,Sukkar,11-Oct-23,58525,19675
INDUS,Kotri,11-Oct-23,30535,10690
JHELUM,Kotli,11-Oct-23,-,1020
JHELUM,Mangla,11-Oct-23,8000,57246
JHELUM,Rasul,11-Oct-23,41255,19703
CHENAB,Marala,11-Oct-23,24797,13697
CHENAB,Khanki,11-Oct-23,12856,5598
CHENAB,Qadirabad,11-Oct-23,19000,-
CHENAB,Trimmu,11-Oct-23,18524,1124
CHENAB,Punjnad,11-Oct-23,12705,-
RAVI,Thein,11-Oct-23,-,-
RAVI,Jassar,11-Oct-23,-,1378
RAVI,Shahdara,11-Oct-23,-,1838
RAVI,Balloki,11-Oct-23,25000,-
RAVI,Sidhnai,11-Oct-23,14000,-
SUTLEJ,Bhakara**,11-Oct-23,-,-
SUTLEJ,Sulemanki,11-Oct-23,13649,-
SUTLEJ,Islam,11-Oct-23,1230,-
INDUS,khairabad,11-Oct-23,-,17800
INDUS,Kalabagh,11-Oct-23,47799,40799
INDUS,Chashma,11-Oct-23,62585,58185
INDUS,Taunsa,11-Oct-23,77742,71834
INDUS,Guddu,11-Oct-23,71650,58377
INDUS,Sukkar,11-Oct-23,58525,19675
INDUS,Kotri,11-Oct-23,30535,10690
JHELUM,Kotli,11-Oct-23,-,1020
JHELUM,Mangla,11-Oct-23,10000,45438
JHELUM,Rasul,11-Oct-23,29540,5376
CHENAB,Marala,11-Oct-23,16276,5346
CHENAB,Khanki,11-Oct-23,9124,1866
CHENAB,Qadirabad,11-Oct-23,19900,-
CHENAB,Trimmu,11-Oct-23,18524,1124
CHENAB,Punjnad,11-Oct-23,12705,-
RAVI,Thein,11-Oct-23,-,-
RAVI,Jassar,11-Oct-23,-,1378
RAVI,Shahdara,11-Oct-23,-,1838
RAVI,Balloki,11-Oct-23,25000,-
RAVI,Sidhnai,11-Oct-23,14000,-
SUTLEJ,Bhakara**,11-Oct-23,-,-
SUTLEJ,Sulemanki,11-Oct-23,13649,-
SUTLEJ,Islam,11-Oct-23,1230,-
INDUS,khairabad,12-Oct-23,-,16800
INDUS,Kalabagh,12-Oct-23,54301,47301
INDUS,Chashma,12-Oct-23,62408,58008
INDUS,Taunsa,12-Oct-23,75393,69663
INDUS,Guddu,12-Oct-23,69019,58377
INDUS,Sukkar,12-Oct-23,57475,19675
INDUS,Kotri,12-Oct-23,28075,9370
JHELUM,Kotli,12-Oct-23,-,1170
JHELUM,Mangla,12-Oct-23,10000,32115
JHELUM,Rasul,12-Oct-23,29540,7990
CHENAB,Marala,12-Oct-23,16276,5376
CHENAB,Khanki,12-Oct-23,10990,3732
CHENAB,Qadirabad,12-Oct-23,20125,-
CHENAB,Trimmu,12-Oct-23,18524,1124
CHENAB,Punjnad,12-Oct-23,12097,-
RAVI,Thein,12-Oct-23,-,-
RAVI,Jassar,12-Oct-23,-,1378
RAVI,Shahdara,12-Oct-23,-,1838
RAVI,Balloki,12-Oct-23,25000,-
RAVI,Sidhnai,12-Oct-23,14000,-
SUTLEJ,Bhakara**,12-Oct-23,-,-
SUTLEJ,Sulemanki,12-Oct-23,16273,2774
SUTLEJ,Islam,12-Oct-23,1230,-
INDUS,khairabad,12-Oct-23,-,17800
INDUS,Kalabagh,12-Oct-23,60907,53907
INDUS,Chashma,12-Oct-23,57745,54583
INDUS,Taunsa,12-Oct-23,75393,69663
INDUS,Guddu,12-Oct-23,69019,58377
INDUS,Sukkar,12-Oct-23,57475,19675
INDUS,Kotri,12-Oct-23,25705,7600
JHELUM,Kotli,12-Oct-23,-,1020
JHELUM,Mangla,12-Oct-23,10000,32115
JHELUM,Rasul,12-Oct-23,41255,19705
CHENAB,Marala,12-Oct-23,17468,6955
CHENAB,Khanki,12-Oct-23,14830,7464
CHENAB,Qadirabad,12-Oct-23,20800,-
CHENAB,Trimmu,12-Oct-23,18524,1124
CHENAB,Punjnad,12-Oct-23,12097,-
RAVI,Thein,12-Oct-23,-,-
RAVI,Jassar,12-Oct-23,-,1378
RAVI,Shahdara,12-Oct-23,-,1838
RAVI,Balloki,12-Oct-23,25000,-
RAVI,Sidhnai,12-Oct-23,14000,-
SUTLEJ,Bhakara**,12-Oct-23,-,-
SUTLEJ,Sulemanki,12-Oct-23,16273,2774
SUTLEJ,Islam,12-Oct-23,1174,-
INDUS,khairabad,12-Oct-23,-,17800
INDUS,Kalabagh,12-Oct-23,54300,47300
INDUS,Chashma,12-Oct-23,61977,58997
INDUS,Taunsa,12-Oct-23,67977,62811
INDUS,Guddu,12-Oct-23,66403,58377
INDUS,Sukkar,12-Oct-23,57475,19675
INDUS,Kotri,12-Oct-23,25705,7600
JHELUM,Kotli,12-Oct-23,-,1170
JHELUM,Mangla,12-Oct-23,10000,57138
JHELUM,Rasul,12-Oct-23,45160,23610
CHENAB,Marala,12-Oct-23,17655,6955
CHENAB,Khanki,12-Oct-23,10187,2821
CHENAB,Qadirabad,12-Oct-23,22000,-
CHENAB,Trimmu,12-Oct-23,18524,1124
CHENAB,Punjnad,12-Oct-23,12097,-
RAVI,Thein,12-Oct-23,-,-
RAVI,Jassar,12-Oct-23,-,1378
RAVI,Shahdara,12-Oct-23,-,1838
RAVI,Balloki,12-Oct-23,25000,-
RAVI,Sidhnai,12-Oct-23,14000,-
SUTLEJ,Bhakara**,12-Oct-23,-,-
SUTLEJ,Sulemanki,12-Oct-23,16145,2799
SUTLEJ,Islam,12-Oct-23,1174,-
INDUS,khairabad,12-Oct-23,-,16300
INDUS,Kalabagh,12-Oct-23,48754,41754
INDUS,Chashma,12-Oct-23,62638,58538
INDUS,Taunsa,12-Oct-23,67977,62811
INDUS,Guddu,12-Oct-23,66403,58377
INDUS,Sukkar,12-Oct-23,57475,19675
INDUS,Kotri,12-Oct-23,25705,7600
JHELUM,Kotli,12-Oct-23,-,1170
JHELUM,Mangla,12-Oct-23,10000,44994
JHELUM,Rasul,12-Oct-23,29540,7990
CHENAB,Marala,12-Oct-23,16076,5376
CHENAB,Khanki,12-Oct-23,10187,2821
CHENAB,Qadirabad,12-Oct-23,24795,2795
CHENAB,Trimmu,12-Oct-23,18524,1124
CHENAB,Punjnad,12-Oct-23,12097,-
RAVI,Thein,12-Oct-23,-,-
RAVI,Jassar,12-Oct-23,-,1378
RAVI,Shahdara,12-Oct-23,-,1838
RAVI,Balloki,12-Oct-23,25000,-
RAVI,Sidhnai,12-Oct-23,14000,-
SUTLEJ,Bhakara**,12-Oct-23,-,-
SUTLEJ,Sulemanki,12-Oct-23,16145,2799
SUTLEJ,Islam,12-Oct-23,1174,-
INDUS,khairabad,13-Oct-23,-,14300
INDUS,Kalabagh,13-Oct-23,51436,44438
INDUS,Chashma,13-Oct-23,61084,56984
INDUS,Taunsa,13-Oct-23,55312,55312
INDUS,Guddu,13-Oct-23,68214,58377
INDUS,Sukkar,13-Oct-23,57445,19675
INDUS,Kotri,13-Oct-23,19550,2395
JHELUM,Kotli,13-Oct-23,-,1020
JHELUM,Mangla,13-Oct-23,10000,32315
JHELUM,Rasul,13-Oct-23,33445,11895
CHENAB,Marala,13-Oct-23,14700,4000
CHENAB,Khanki,13-Oct-23,10187,2821
CHENAB,Qadirabad,13-Oct-23,24795,2795
CHENAB,Trimmu,13-Oct-23,18524,1124
CHENAB,Punjnad,13-Oct-23,11755,-
RAVI,Thein,13-Oct-23,-,-
RAVI,Jassar,13-Oct-23,-,1378
RAVI,Shahdara,13-Oct-23,-,1838
RAVI,Balloki,13-Oct-23,25500,-
RAVI,Sidhnai,13-Oct-23,14000,-
SUTLEJ,Bhakara**,13-Oct-23,-,-
SUTLEJ,Sulemanki,13-Oct-23,17004,3658
SUTLEJ,Islam,13-Oct-23,1145,-
INDUS,khairabad,13-Oct-23,-,15300
INDUS,Kalabagh,13-Oct-23,58043,51043
INDUS,Chashma,13-Oct-23,63662,59562
INDUS,Taunsa,13-Oct-23,55312,55312
INDUS,Guddu,13-Oct-23,67914,58377
INDUS,Sukkar,13-Oct-23,57445,19675
INDUS,Kotri,13-Oct-23,19550,2395
JHELUM,Kotli,13-Oct-23,-,1170
JHELUM,Mangla,13-Oct-23,10000,32315
JHELUM,Rasul,13-Oct-23,41255,19705
CHENAB,Marala,13-Oct-23,17655,6955
CHENAB,Khanki,13-Oct-23,11098,3732
CHENAB,Qadirabad,13-Oct-23,22000,-
CHENAB,Trimmu,13-Oct-23,18524,1124
CHENAB,Punjnad,13-Oct-23,11755,-
RAVI,Thein,13-Oct-23,-,-
RAVI,Jassar,13-Oct-23,-,1284
RAVI,Shahdara,13-Oct-23,-,1838
RAVI,Balloki,13-Oct-23,25500,-
RAVI,Sidhnai,13-Oct-23,14000,-
SUTLEJ,Bhakara**,13-Oct-23,-,-
SUTLEJ,Sulemanki,13-Oct-23,17004,3658
SUTLEJ,Islam,13-Oct-23,1116,-
INDUS,khairabad,13-Oct-23,-,16800
INDUS,Kalabagh,13-Oct-23,53534,46534
INDUS,Chashma,13-Oct-23,62991,58591
INDUS,Taunsa,13-Oct-23,55312,55312
INDUS,Guddu,13-Oct-23,66913,58377
INDUS,Sukkar,13-Oct-23,57445,19675
INDUS,Kotri,13-Oct-23,19550,2395
JHELUM,Kotli,13-Oct-23,-,1020
JHELUM,Mangla,13-Oct-23,11000,57230
JHELUM,Rasul,13-Oct-23,41255,19705
CHENAB,Marala,13-Oct-23,17355,6955
CHENAB,Khanki,13-Oct-23,11050,3732
CHENAB,Qadirabad,13-Oct-23,21000,-
CHENAB,Trimmu,13-Oct-23,18524,1124
CHENAB,Punjnad,13-Oct-23,11755,-
RAVI,Thein,13-Oct-23,-,-
RAVI,Jassar,13-Oct-23,-,1284
RAVI,Shahdara,13-Oct-23,-,1838
RAVI,Balloki,13-Oct-23,25500,-
RAVI,Sidhnai,13-Oct-23,14000,-
SUTLEJ,Bhakara**,13-Oct-23,-,-
SUTLEJ,Sulemanki,13-Oct-23,15754,2408
SUTLEJ,Islam,13-Oct-23,1100,-
INDUS,khairabad,13-Oct-23,-,15800
INDUS,Kalabagh,13-Oct-23,53534,46534
INDUS,Chashma,13-Oct-23,62226,58326
INDUS,Taunsa,13-Oct-23,55312,55312
INDUS,Guddu,13-Oct-23,66913,58377
INDUS,Sukkar,13-Oct-23,57445,19675
INDUS,Kotri,13-Oct-23,19550,2395
JHELUM,Kotli,13-Oct-23,-,1020
JHELUM,Mangla,13-Oct-23,10000,42350
JHELUM,Rasul,13-Oct-23,29490,7990
CHENAB,Marala,13-Oct-23,14200,4000
CHENAB,Khanki,13-Oct-23,9172,1866
CHENAB,Qadirabad,13-Oct-23,20795,2795
CHENAB,Trimmu,13-Oct-23,18524,1124
CHENAB,Punjnad,13-Oct-23,11755,-
RAVI,Thein,13-Oct-23,-,-
RAVI,Jassar,13-Oct-23,-,1284
RAVI,Shahdara,13-Oct-23,-,1838
RAVI,Balloki,13-Oct-23,25500,-
RAVI,Sidhnai,13-Oct-23,14000,-
SUTLEJ,Bhakara**,13-Oct-23,-,-
SUTLEJ,Sulemanki,13-Oct-23,15754,2408
SUTLEJ,Islam,13-Oct-23,1100,-
INDUS,khairabad,14-Oct-23,-,13800
INDUS,Kalabagh,14-Oct-23,58998,51998
INDUS,Chashma,14-Oct-23,58447,54547
INDUS,Taunsa,14-Oct-23,57920,57920
INDUS,Guddu,14-Oct-23,66913,58377
INDUS,Sukkar,14-Oct-23,57010,20890
INDUS,Kotri,14-Oct-23,19480,2395
JHELUM,Kotli,14-Oct-23,-,1170
JHELUM,Mangla,14-Oct-23,10000,32315
JHELUM,Rasul,14-Oct-23,33395,11895
CHENAB,Marala,14-Oct-23,12509,4000
CHENAB,Khanki,14-Oct-23,10127,2821
CHENAB,Qadirabad,14-Oct-23,20795,2795
CHENAB,Trimmu,14-Oct-23,17467,2203
CHENAB,Punjnad,14-Oct-23,11755,-
RAVI,Thein,14-Oct-23,-,-
RAVI,Jassar,14-Oct-23,-,1284
RAVI,Shahdara,14-Oct-23,-,1838
RAVI,Balloki,14-Oct-23,25500,-
RAVI,Sidhnai,14-Oct-23,14000,-
SUTLEJ,Bhakara**,14-Oct-23,-,-
SUTLEJ,Sulemanki,14-Oct-23,17131,3785
SUTLEJ,Islam,14-Oct-23,1100,-
INDUS,khairabad,14-Oct-23,-,19900
INDUS,Kalabagh,14-Oct-23,58998,51998
INDUS,Chashma,14-Oct-23,62610,62034
INDUS,Taunsa,14-Oct-23,57920,57920
INDUS,Guddu,14-Oct-23,66913,58377
INDUS,Sukkar,14-Oct-23,57010,20890
INDUS,Kotri,14-Oct-23,19480,2395
JHELUM,Kotli,14-Oct-23,-,1020
JHELUM,Mangla,14-Oct-23,11000,32315
JHELUM,Rasul,14-Oct-23,41205,19705
CHENAB,Marala,14-Oct-23,12108,4000
CHENAB,Khanki,14-Oct-23,9172,1866
CHENAB,Qadirabad,14-Oct-23,20345,2345
CHENAB,Trimmu,14-Oct-23,17467,2203
CHENAB,Punjnad,14-Oct-23,11322,-
RAVI,Thein,14-Oct-23,-,-
RAVI,Jassar,14-Oct-23,-,1284
RAVI,Shahdara,14-Oct-23,-,1838
RAVI,Balloki,14-Oct-23,26000,-
RAVI,Sidhnai,14-Oct-23,13800,-
SUTLEJ,Bhakara**,14-Oct-23,-,-
SUTLEJ,Sulemanki,14-Oct-23,17131,3785
SUTLEJ,Islam,14-Oct-23,1100,-
INDUS,khairabad,14-Oct-23,-,39800
INDUS,Kalabagh,14-Oct-23,66095,58095
INDUS,Chashma,14-Oct-23,83544,79044
INDUS,Taunsa,14-Oct-23,77742,71834
INDUS,Guddu,14-Oct-23,82307,65379
INDUS,Sukkar,14-Oct-23,63413,23203
INDUS,Kotri,14-Oct-23,39531,13901
JHELUM,Kotli,14-Oct-23,-,1020
JHELUM,Mangla,14-Oct-23,7000,43149
JHELUM,Rasul,14-Oct-23,33495,11895
CHENAB,Marala,14-Oct-23,15850,4000
CHENAB,Khanki,14-Oct-23,9705,1866
CHENAB,Qadirabad,14-Oct-23,18900,Nil
CHENAB,Trimmu,14-Oct-23,17400,Nil
CHENAB,Punjnad,14-Oct-23,15620,Nil
RAVI,Thein,14-Oct-23,-,-
RAVI,Jassar,14-Oct-23,-,1378
RAVI,Shahdara,14-Oct-23,-,1838
RAVI,Balloki,14-Oct-23,23000,Nil
RAVI,Sidhnai,14-Oct-23,14350,Nil
SUTLEJ,Bhakara**,14-Oct-23,-,-
SUTLEJ,Sulemanki,14-Oct-23,14428,418
SUTLEJ,Islam,14-Oct-23,2230,Nil
INDUS,khairabad,14-Oct-23,-,15800
INDUS,Kalabagh,14-Oct-23,53534,46534
INDUS,Chashma,14-Oct-23,62226,58326
INDUS,Taunsa,14-Oct-23,55312,55312
INDUS,Guddu,14-Oct-23,66913,58377
INDUS,Sukkar,14-Oct-23,57445,19675
INDUS,Kotri,14-Oct-23,19550,2395
JHELUM,Kotli,14-Oct-23,-,1020
JHELUM,Mangla,14-Oct-23,10000,42350
JHELUM,Rasul,14-Oct-23,29490,7990
CHENAB,Marala,14-Oct-23,14200,4000
CHENAB,Khanki,14-Oct-23,9172,1866
CHENAB,Qadirabad,14-Oct-23,20795,2795
CHENAB,Trimmu,14-Oct-23,18524,1124
CHENAB,Punjnad,14-Oct-23,11755,-
RAVI,Thein,14-Oct-23,-,-
RAVI,Jassar,14-Oct-23,-,1284
RAVI,Shahdara,14-Oct-23,-,1838
RAVI,Balloki,14-Oct-23,25500,-
RAVI,Sidhnai,14-Oct-23,14000,-
SUTLEJ,Bhakara**,14-Oct-23,-,-
SUTLEJ,Sulemanki,14-Oct-23,15754,2408
SUTLEJ,Islam,14-Oct-23,1100,-
INDUS,khairabad,15-Oct-23,-,19900
INDUS,Kalabagh,15-Oct-23,60907,53907
INDUS,Chashma,15-Oct-23,57405,56419
INDUS,Taunsa,15-Oct-23,57920,57920
INDUS,Guddu,15-Oct-23,65262,56955
INDUS,Sukkar,15-Oct-23,56475,20890
INDUS,Kotri,15-Oct-23,19480,2395
JHELUM,Kotli,15-Oct-23,-,1490
JHELUM,Mangla,15-Oct-23,10000,32715
JHELUM,Rasul,15-Oct-23,37300,15800
CHENAB,Marala,15-Oct-23,11841,4000
CHENAB,Khanki,15-Oct-23,8736,1866
CHENAB,Qadirabad,15-Oct-23,20345,2345
CHENAB,Trimmu,15-Oct-23,17467,2203
CHENAB,Punjnad,15-Oct-23,11322,-
RAVI,Thein,15-Oct-23,-,-
RAVI,Jassar,15-Oct-23,-,1284
RAVI,Shahdara,15-Oct-23,-,1838
RAVI,Balloki,15-Oct-23,24500,-
RAVI,Sidhnai,15-Oct-23,8500,-
SUTLEJ,Bhakara**,15-Oct-23,-,-
SUTLEJ,Sulemanki,15-Oct-23,18580,5234
SUTLEJ,Islam,15-Oct-23,1023,-
INDUS,khairabad,15-Oct-23,-,19900
INDUS,Kalabagh,15-Oct-23,60907,53907
INDUS,Chashma,15-Oct-23,57405,56419
INDUS,Taunsa,15-Oct-23,57920,57920
INDUS,Guddu,15-Oct-23,65262,56955
INDUS,Sukkar,15-Oct-23,56475,20890
INDUS,Kotri,15-Oct-23,19480,2395
JHELUM,Kotli,15-Oct-23,-,1490
JHELUM,Mangla,15-Oct-23,10000,32715
JHELUM,Rasul,15-Oct-23,37300,15800
CHENAB,Marala,15-Oct-23,11841,4000
CHENAB,Khanki,15-Oct-23,8736,1866
CHENAB,Qadirabad,15-Oct-23,20345,2345
CHENAB,Trimmu,15-Oct-23,17467,2203
CHENAB,Punjnad,15-Oct-23,11322,-
RAVI,Thein,15-Oct-23,-,-
RAVI,Jassar,15-Oct-23,-,1284
RAVI,Shahdara,15-Oct-23,-,1838
RAVI,Balloki,15-Oct-23,24500,-
RAVI,Sidhnai,15-Oct-23,8500,-
SUTLEJ,Bhakara**,15-Oct-23,-,-
SUTLEJ,Sulemanki,15-Oct-23,18580,5234
SUTLEJ,Islam,15-Oct-23,1023,-
