River,Gauge Site,Date,Upstream,Downstream
Chenab,Qadirabad Barrage,01/01/2014,1130,1130
Chenab,Qadirabad Barrage,01/02/2014,622,622
Chenab,Qadirabad Barrage,01/03/2014,934,934
Chenab,Qadirabad Barrage,01/04/2014,2285,2285
Chenab,Qadirabad Barrage,01/05/2014,778,778
Chenab,Qadirabad Barrage,01/06/2014,778,778
Chenab,Qadirabad Barrage,01/07/2014,778,778
Chenab,Qadirabad Barrage,01/08/2014,778,778
Chenab,Qadirabad Barrage,01/09/2014,778,778
Chenab,Qadirabad Barrage,01/10/2014,570,570
Chenab,Qadirabad Barrage,01/11/2014,570,570
Chenab,Qadirabad Barrage,01/12/2014,570,570
Chenab,Qadirabad Barrage,13-01-2014,570,570
Chenab,Qadirabad Barrage,14-01-2014,570,570
Chenab,Qadirabad Barrage,15-01-2014,8785,8785
Chenab,Qadirabad Barrage,16-01-2014,9962,9962
Chenab,Qadirabad Barrage,17-01-2014,5797,5797
Chenab,Qadirabad Barrage,18-01-2014,5797,5797
Chenab,Qadirabad Barrage,19-01-2014,2309,2309
Chenab,Qadirabad Barrage,20-01-2014,2309,2309
Chenab,Qadirabad Barrage,21-01-2014,1483,1483
Chenab,Qadirabad Barrage,22-01-2014,798,798
Chenab,Qadirabad Barrage,23-01-2014,798,798
Chenab,Qadirabad Barrage,24-01-2014,11044,11044
Chenab,Qadirabad Barrage,25-01-2014,12884,12884
Chenab,Qadirabad Barrage,26-01-2014,5596,5596
Chenab,Qadirabad Barrage,27-01-2014,1552,1552
Chenab,Qadirabad Barrage,28-01-2014,1243,1243
Chenab,Qadirabad Barrage,29-01-2014,7750,7750
Chenab,Qadirabad Barrage,30-01-2014,6207,6207
Chenab,Qadirabad Barrage,31-01-2014,6207,6207
Chenab,Trimmu H/W-,01/01/2014,8346,NIL
Chenab,Trimmu H/W-,01/02/2014,11389,NIL
Chenab,Trimmu H/W-,01/03/2014,9867,NIL
Chenab,Trimmu H/W-,01/04/2014,8384,NIL
Chenab,Trimmu H/W-,01/05/2014,9154,NIL
Chenab,Trimmu H/W-,01/06/2014,6763,NIL
Chenab,Trimmu H/W-,01/07/2014,8360,NIL
Chenab,Trimmu H/W-,01/08/2014,6800,NIL
Chenab,Trimmu H/W-,01/09/2014,6766,NIL
Chenab,Trimmu H/W-,01/10/2014,15692,NIL
Chenab,Trimmu H/W-,01/11/2014,6606,NIL
Chenab,Trimmu H/W-,01/12/2014,4011,NIL
Chenab,Trimmu H/W-,13-01-2014,3460,NIL
Chenab,Trimmu H/W-,14-01-2014,3288,NIL
Chenab,Trimmu H/W-,15-01-2014,4011,NIL
Chenab,Trimmu H/W-,16-01-2014,4011,NIL
Chenab,Trimmu H/W-,17-01-2014,3288,NIL
Chenab,Trimmu H/W-,18-01-2014,6248,NIL
Chenab,Trimmu H/W-,19-01-2014,8072,NIL
Chenab,Trimmu H/W-,20-01-2014,8072,NIL
Chenab,Trimmu H/W-,21-01-2014,9769,NIL
Chenab,Trimmu H/W-,22-01-2014,7217,NIL
Chenab,Trimmu H/W-,23-01-2014,5515,NIL
Chenab,Trimmu H/W-,24-01-2014,3915,NIL
Chenab,Trimmu H/W-,25-01-2014,1924,NIL
Chenab,Trimmu H/W-,26-01-2014,1533,NIL
Chenab,Trimmu H/W-,27-01-2014,1175,NIL
Chenab,Trimmu H/W-,28-01-2014,3714,NIL
Chenab,Trimmu H/W-,29-01-2014,4269,NIL
Chenab,Trimmu H/W-,30-01-2014,3585,NIL
Chenab,Trimmu H/W-,31-01-2014,2054,NIL
Chenab,Panjnad H/W,01/01/2014,3.89,NIL
Chenab,Panjnad H/W,01/02/2014,3.89,NIL
Chenab,Panjnad H/W,01/03/2014,Closed,NIL
Chenab,Panjnad H/W,01/04/2014,Closed,NIL
Chenab,Panjnad H/W,01/05/2014,Closed,NIL
Chenab,Panjnad H/W,01/06/2014,Closed,NIL
Chenab,Panjnad H/W,01/07/2014,Closed,NIL
Chenab,Panjnad H/W,01/08/2014,Closed,NIL
Chenab,Panjnad H/W,01/09/2014,Closed,NIL
Chenab,Panjnad H/W,01/10/2014,Closed,NIL
Chenab,Panjnad H/W,01/11/2014,Closed,NIL
Chenab,Panjnad H/W,01/12/2014,Closed,NIL
Chenab,Panjnad H/W,13-01-2014,Closed,NIL
Chenab,Panjnad H/W,14-01-2014,Closed,NIL
Chenab,Panjnad H/W,15-01-2014,Closed,NIL
Chenab,Panjnad H/W,16-01-2014,Closed,NIL
Chenab,Panjnad H/W,17-01-2014,Closed,NIL
Chenab,Panjnad H/W,18-01-2014,Closed,NIL
Chenab,Panjnad H/W,19-01-2014,Closed,NIL
Chenab,Panjnad H/W,20-01-2014,Closed,NIL
Chenab,Panjnad H/W,21-01-2014,Closed,NIL
Chenab,Panjnad H/W,22-01-2014,Closed,NIL
Chenab,Panjnad H/W,23-01-2014,Closed,NIL
Chenab,Panjnad H/W,24-01-2014,Closed,NIL
Chenab,Panjnad H/W,25-01-2014,Closed,NIL
Chenab,Panjnad H/W,26-01-2014,Closed,NIL
Chenab,Panjnad H/W,27-01-2014,Closed,NIL
Chenab,Panjnad H/W,28-01-2014,Closed,NIL
Chenab,Panjnad H/W,29-01-2014,3.89,NIL
Chenab,Panjnad H/W,30-01-2014,3.89,NIL
Chenab,Panjnad H/W,31-01-2014,3.89,NIL
Chenab,Qadirabad Barrage,02/01/2014,6207,6207
Chenab,Qadirabad Barrage,02/02/2014,6207,6207
Chenab,Qadirabad Barrage,02/03/2014,1500,NIL
Chenab,Qadirabad Barrage,02/04/2014,4200,NIL
Chenab,Qadirabad Barrage,02/05/2014,12000,NIL
Chenab,Qadirabad Barrage,02/06/2014,10941,NIL
Chenab,Qadirabad Barrage,02/07/2014,15000,NIL
Chenab,Qadirabad Barrage,02/08/2014,12922,NIL
Chenab,Qadirabad Barrage,02/09/2014,19767,4767
Chenab,Qadirabad Barrage,02/10/2014,19767,4767
Chenab,Qadirabad Barrage,02/11/2014,17187,2446
Chenab,Qadirabad Barrage,02/12/2014,14000,NIL
Chenab,Qadirabad Barrage,13-02-2014,13000,NIL
Chenab,Qadirabad Barrage,14-02-2014,12000,NIL
Chenab,Qadirabad Barrage,15-02-2014,13070,NIL
Chenab,Qadirabad Barrage,16-02-2014,14538,NIL
Chenab,Qadirabad Barrage,17-02-2014,17446,2446
Chenab,Qadirabad Barrage,18-02-2014,17446,2446
Chenab,Qadirabad Barrage,19-02-2014,16292,1292
Chenab,Qadirabad Barrage,20-02-2014,15000,NIL
Chenab,Qadirabad Barrage,21-02-2014,15006,NIL
Chenab,Qadirabad Barrage,22-02-2014,15000,NIL
Chenab,Qadirabad Barrage,23-02-2014,16520,NIL
Chenab,Qadirabad Barrage,24-02-2014,17000,NIL
Chenab,Qadirabad Barrage,25-02-2014,17000,NIL
Chenab,Qadirabad Barrage,26-02-2014,17000,NIL
Chenab,Qadirabad Barrage,27-02-2014,17000,NIL
Chenab,Qadirabad Barrage,28-02-2014,17500,NIL
Chenab,Trimmu H/W-,02/01/2014,NIL,NIL
Chenab,Trimmu H/W-,02/02/2014,14621,NIL
Chenab,Trimmu H/W-,02/03/2014,13506,NIL
Chenab,Trimmu H/W-,02/04/2014,12149,NIL
Chenab,Trimmu H/W-,02/05/2014,17035,NIL
Chenab,Trimmu H/W-,02/06/2014,26255,NIL
Chenab,Trimmu H/W-,02/07/2014,23897,NIL
Chenab,Trimmu H/W-,02/08/2014,23022,NIL
Chenab,Trimmu H/W-,02/09/2014,15245,NIL
Chenab,Trimmu H/W-,02/10/2014,17382,NIL
Chenab,Trimmu H/W-,02/11/2014,14780,NIL
Chenab,Trimmu H/W-,02/12/2014,19149,NIL
Chenab,Trimmu H/W-,13-02-2014,15973,NIL
Chenab,Trimmu H/W-,14-02-2014,18702,NIL
Chenab,Trimmu H/W-,15-02-2014,18692,NIL
Chenab,Trimmu H/W-,16-02-2014,17077,NIL
Chenab,Trimmu H/W-,17-02-2014,17161,NIL
Chenab,Trimmu H/W-,18-02-2014,10522,NIL
Chenab,Trimmu H/W-,19-02-2014,14644,NIL
Chenab,Trimmu H/W-,20-02-2014,18035,NIL
Chenab,Trimmu H/W-,21-02-2014,14730,NIL
Chenab,Trimmu H/W-,22-02-2014,16404,NIL
Chenab,Trimmu H/W-,23-02-2014,17067,NIL
Chenab,Trimmu H/W-,24-02-2014,13699,NIL
Chenab,Trimmu H/W-,25-02-2014,12339,NIL
Chenab,Trimmu H/W-,26-02-2014,14818,NIL
Chenab,Trimmu H/W-,27-02-2014,14958,NIL
Chenab,Trimmu H/W-,28-02-2014,13793,NIL
Chenab,Panjnad H/W,02/01/2014,4.33,NIL
Chenab,Panjnad H/W,02/02/2014,4.33,NIL
Chenab,Panjnad H/W,02/03/2014,4.33,NIL
Chenab,Panjnad H/W,02/04/2014,4.33,NIL
Chenab,Panjnad H/W,02/05/2014,4.33,NIL
Chenab,Panjnad H/W,02/06/2014,4.33,NIL
Chenab,Panjnad H/W,02/07/2014,4.33,NIL
Chenab,Panjnad H/W,02/08/2014,4.33,NIL
Chenab,Panjnad H/W,02/09/2014,4.33,NIL
Chenab,Panjnad H/W,02/10/2014,4.33,NIL
Chenab,Panjnad H/W,02/11/2014,4.33,NIL
Chenab,Panjnad H/W,02/12/2014,4.33,NIL
Chenab,Panjnad H/W,13-02-2014,4.33,NIL
Chenab,Panjnad H/W,14-02-2014,4.33,NIL
Chenab,Panjnad H/W,15-02-2014,4.33,NIL
Chenab,Panjnad H/W,16-02-2014,4.41,NIL
Chenab,Panjnad H/W,17-02-2014,4.41,NIL
Chenab,Panjnad H/W,18-02-2014,4.41,NIL
Chenab,Panjnad H/W,19-02-2014,4.41,NIL
Chenab,Panjnad H/W,20-02-2014,4.41,NIL
Chenab,Panjnad H/W,21-02-2014,4.41,NIL
Chenab,Panjnad H/W,22-02-2014,4.41,NIL
Chenab,Panjnad H/W,23-02-2014,4.07,NIL
Chenab,Panjnad H/W,24-02-2014,4.41,NIL
Chenab,Panjnad H/W,25-02-2014,3.95,NIL
Chenab,Panjnad H/W,26-02-2014,4.41,NIL
Chenab,Panjnad H/W,27-02-2014,4.41,NIL
Chenab,Panjnad H/W,28-02-2014,4.41,NIL
Chenab,Qadirabad Barrage,03/01/2014,17458,NIL
Chenab,Qadirabad Barrage,03/02/2014,17000,NIL
Chenab,Qadirabad Barrage,03/03/2014,16279,NIL
Chenab,Qadirabad Barrage,03/04/2014,17500,NIL
Chenab,Qadirabad Barrage,03/05/2014,17000,NIL
Chenab,Qadirabad Barrage,03/06/2014,17000,NIL
Chenab,Qadirabad Barrage,03/07/2014,15537,NIL
Chenab,Qadirabad Barrage,03/08/2014,16000,NIL
Chenab,Qadirabad Barrage,03/09/2014,16000,NIL
Chenab,Qadirabad Barrage,03/10/2014,16000,NIL
Chenab,Qadirabad Barrage,03/11/2014,16000,NIL
Chenab,Qadirabad Barrage,03/12/2014,46813,27686
Chenab,Qadirabad Barrage,13-03-2014,92102,69235
Chenab,Qadirabad Barrage,14-03-2014,43595,21595
Chenab,Qadirabad Barrage,15-03-2014,33508,11508
Chenab,Qadirabad Barrage,16-03-2014,33508,11508
Chenab,Qadirabad Barrage,17-03-2014,32296,10296
Chenab,Qadirabad Barrage,18-03-2014,31021,9021
Chenab,Qadirabad Barrage,19-03-2014,31021,9021
Chenab,Qadirabad Barrage,20-03-2014,43595,21595
Chenab,Qadirabad Barrage,21-03-2014,35678,14006
Chenab,Qadirabad Barrage,22-03-2014,31021,9021
Chenab,Qadirabad Barrage,23-03-2014,27288,5288
Chenab,Qadirabad Barrage,24-03-2014,27288,5288
Chenab,Qadirabad Barrage,25-03-2014,26373,3985
Chenab,Qadirabad Barrage,26-03-2014,43595,21595
Chenab,Qadirabad Barrage,27-03-2014,37270,15270
Chenab,Qadirabad Barrage,28-03-2014,29747,7747
Chenab,Qadirabad Barrage,29-03-2014,24676,2676
Chenab,Qadirabad Barrage,30-03-2014,27239,5239
Chenab,Trimmu H/W-,03/01/2014,19428,NIL
Chenab,Trimmu H/W-,03/02/2014,17816,NIL
Chenab,Trimmu H/W-,03/03/2014,18478,NIL
Chenab,Trimmu H/W-,03/04/2014,16465,NIL
Chenab,Trimmu H/W-,03/05/2014,9505,NIL
Chenab,Trimmu H/W-,03/06/2014,9887,NIL
Chenab,Trimmu H/W-,03/07/2014,9773,NIL
Chenab,Trimmu H/W-,03/08/2014,9720,NIL
Chenab,Trimmu H/W-,03/09/2014,9865,NIL
Chenab,Trimmu H/W-,03/10/2014,9311,NIL
Chenab,Trimmu H/W-,03/11/2014,9598,NIL
Chenab,Trimmu H/W-,03/12/2014,9271,NIL
Chenab,Trimmu H/W-,13-03-2014,9977,NIL
Chenab,Trimmu H/W-,14-03-2014,11702,NIL
Chenab,Trimmu H/W-,15-03-2014,47358,NIL
Chenab,Trimmu H/W-,16-03-2014,27948,NIL
Chenab,Trimmu H/W-,17-03-2014,19430,NIL
Chenab,Trimmu H/W-,18-03-2014,15335,NIL
Chenab,Trimmu H/W-,19-03-2014,16062,NIL
Chenab,Trimmu H/W-,20-03-2014,18996,NIL
Chenab,Trimmu H/W-,21-03-2014,16369,NIL
Chenab,Trimmu H/W-,22-03-2014,19189,NIL
Chenab,Trimmu H/W-,23-03-2014,29161,NIL
Chenab,Trimmu H/W-,24-03-2014,16289,NIL
Chenab,Trimmu H/W-,25-03-2014,19913,NIL
Chenab,Trimmu H/W-,26-03-2014,19972,NIL
Chenab,Trimmu H/W-,27-03-2014,16682,NIL
Chenab,Trimmu H/W-,28-03-2014,16123,NIL
Chenab,Trimmu H/W-,29-03-2014,18759,NIL
Chenab,Trimmu H/W-,30-03-2014,26232,NIL
Chenab,Panjnad H/W,03/01/2014,4.41,NIL
Chenab,Panjnad H/W,03/02/2014,4.41,NIL
Chenab,Panjnad H/W,03/03/2014,4.41,NIL
Chenab,Panjnad H/W,03/04/2014,5.85,NIL
Chenab,Panjnad H/W,03/05/2014,5.85,NIL
Chenab,Panjnad H/W,03/06/2014,5.85,NIL
Chenab,Panjnad H/W,03/07/2014,4.95,NIL
Chenab,Panjnad H/W,03/08/2014,4.24,NIL
Chenab,Panjnad H/W,03/09/2014,2.7,NIL
Chenab,Panjnad H/W,03/10/2014,5.85,NIL
Chenab,Panjnad H/W,03/11/2014,5.85,NIL
Chenab,Panjnad H/W,03/12/2014,5.85,NIL
Chenab,Panjnad H/W,13-03-2014,5.85,NIL
Chenab,Panjnad H/W,14-03-2014,5.85,NIL
Chenab,Panjnad H/W,15-03-2014,5.85,NIL
Chenab,Panjnad H/W,16-03-2014,5.85,NIL
Chenab,Panjnad H/W,17-03-2014,5.85,NIL
Chenab,Panjnad H/W,18-03-2014,6.25,NIL
Chenab,Panjnad H/W,19-03-2014,6.25,NIL
Chenab,Panjnad H/W,20-03-2014,6.25,NIL
Chenab,Panjnad H/W,21-03-2014,6.45,NIL
Chenab,Panjnad H/W,22-03-2014,6.83,NIL
Chenab,Panjnad H/W,23-03-2014,6.83,NIL
Chenab,Panjnad H/W,24-03-2014,Closed,NIL
Chenab,Panjnad H/W,25-03-2014,Closed,400
Chenab,Panjnad H/W,26-03-2014,Closed,NIL
Chenab,Panjnad H/W,27-03-2014,3.26,NIL
Chenab,Panjnad H/W,28-03-2014,3.6,NIL
Chenab,Panjnad H/W,29-03-2014,3.9,NIL
Chenab,Panjnad H/W,30-03-2014,4.45,NIL
Chenab,Qadirabad Barrage,04/01/2014,26767,3965
Chenab,Qadirabad Barrage,04/02/2014,24690,2690
Chenab,Qadirabad Barrage,04/03/2014,24690,2690
Chenab,Qadirabad Barrage,04/04/2014,24690,2690
Chenab,Qadirabad Barrage,04/05/2014,22000,NIL
Chenab,Qadirabad Barrage,04/06/2014,23413,1413
Chenab,Qadirabad Barrage,04/07/2014,23413,1413
Chenab,Qadirabad Barrage,04/08/2014,27909,6523
Chenab,Qadirabad Barrage,04/09/2014,55770,33770
Chenab,Qadirabad Barrage,04/10/2014,37311,15311
Chenab,Qadirabad Barrage,04/11/2014,33137,10295
Chenab,Qadirabad Barrage,04/12/2014,32295,10295
Chenab,Qadirabad Barrage,13-04-2014,31045,9045
Chenab,Qadirabad Barrage,14-04-2014,31045,9045
Chenab,Qadirabad Barrage,15-04-2014,31045,9045
Chenab,Qadirabad Barrage,16-04-2014,29767,7767
Chenab,Qadirabad Barrage,17-04-2014,25975,3975
Chenab,Qadirabad Barrage,18-04-2014,25540,2690
Chenab,Qadirabad Barrage,19-04-2014,24690,2690
Chenab,Qadirabad Barrage,20-04-2014,31045,9045
Chenab,Qadirabad Barrage,21-04-2014,44895,22670
Chenab,Qadirabad Barrage,22-04-2014,40960,18960
Chenab,Qadirabad Barrage,23-04-2014,33570,11570
Chenab,Qadirabad Barrage,24-04-2014,28507,6507
Chenab,Qadirabad Barrage,25-04-2014,28507,6507
Chenab,Qadirabad Barrage,26-04-2014,28507,6507
Chenab,Qadirabad Barrage,27-04-2014,33570,11570
Chenab,Qadirabad Barrage,28-04-2014,42379,18960
Chenab,Qadirabad Barrage,29-04-2014,40960,18960
Chenab,Qadirabad Barrage,30-04-2014,44670,22670
Chenab,Trimmu H/W-,04/01/2014,12616,NIL
Chenab,Trimmu H/W-,04/02/2014,11552,NIL
Chenab,Trimmu H/W-,04/03/2014,12216,NIL
Chenab,Trimmu H/W-,04/04/2014,12181,NIL
Chenab,Trimmu H/W-,04/05/2014,6500,NIL
Chenab,Trimmu H/W-,04/06/2014,4541,NIL
Chenab,Trimmu H/W-,04/07/2014,4343,NIL
Chenab,Trimmu H/W-,04/08/2014,4293,NIL
Chenab,Trimmu H/W-,04/09/2014,4137,NIL
Chenab,Trimmu H/W-,04/10/2014,10882,NIL
Chenab,Trimmu H/W-,04/11/2014,16120,NIL
Chenab,Trimmu H/W-,04/12/2014,27370,NIL
Chenab,Trimmu H/W-,13-04-2014,27570,NIL
Chenab,Trimmu H/W-,14-04-2014,17485,NIL
Chenab,Trimmu H/W-,15-04-2014,16101,NIL
Chenab,Trimmu H/W-,16-04-2014,16369,NIL
Chenab,Trimmu H/W-,17-04-2014,22801,NIL
Chenab,Trimmu H/W-,18-04-2014,28964,NIL
Chenab,Trimmu H/W-,19-04-2014,25407,NIL
Chenab,Trimmu H/W-,20-04-2014,23659,NIL
Chenab,Trimmu H/W-,21-04-2014,19687,NIL
Chenab,Trimmu H/W-,22-04-2014,19679,NIL
Chenab,Trimmu H/W-,23-04-2014,19719,NIL
Chenab,Trimmu H/W-,24-04-2014,22322,NIL
Chenab,Trimmu H/W-,25-04-2014,22676,NIL
Chenab,Trimmu H/W-,26-04-2014,19494,NIL
Chenab,Trimmu H/W-,27-04-2014,24450,NIL
Chenab,Trimmu H/W-,28-04-2014,23220,NIL
Chenab,Trimmu H/W-,29-04-2014,22945,NIL
Chenab,Trimmu H/W-,30-04-2014,22993,NIL
Chenab,Panjnad H/W,04/01/2014,5.41,NIL
Chenab,Panjnad H/W,04/02/2014,5.85,NIL
Chenab,Panjnad H/W,04/03/2014,6.38,NIL
Chenab,Panjnad H/W,04/04/2014,6.56,NIL
Chenab,Panjnad H/W,04/05/2014,6.72,NIL
Chenab,Panjnad H/W,04/06/2014,6.72,NIL
Chenab,Panjnad H/W,04/07/2014,5.41,NIL
Chenab,Panjnad H/W,04/08/2014,6.05,NIL
Chenab,Panjnad H/W,04/09/2014,6.05,NIL
Chenab,Panjnad H/W,04/10/2014,6.05,NIL
Chenab,Panjnad H/W,04/11/2014,6.05,NIL
Chenab,Panjnad H/W,04/12/2014,6.25,NIL
Chenab,Panjnad H/W,13-04-2014,6.45,NIL
Chenab,Panjnad H/W,14-04-2014,6.72,NIL
Chenab,Panjnad H/W,15-04-2014,6.72,NIL
Chenab,Panjnad H/W,16-04-2014,6.72,NIL
Chenab,Panjnad H/W,17-04-2014,6.72,NIL
Chenab,Panjnad H/W,18-04-2014,6.72,NIL
Chenab,Panjnad H/W,19-04-2014,6.13,NIL
Chenab,Panjnad H/W,20-04-2014,6.69,NIL
Chenab,Panjnad H/W,21-04-2014,6.69,NIL
Chenab,Panjnad H/W,22-04-2014,6.53,NIL
Chenab,Panjnad H/W,23-04-2014,6.53,NIL
Chenab,Panjnad H/W,24-04-2014,6.53,NIL
Chenab,Panjnad H/W,25-04-2014,6.64,NIL
Chenab,Panjnad H/W,26-04-2014,6.64,NIL
Chenab,Panjnad H/W,27-04-2014,6.82,NIL
Chenab,Panjnad H/W,28-04-2014,7.15,NIL
Chenab,Panjnad H/W,29-04-2014,7.15,NIL
Chenab,Panjnad H/W,30-04-2014,7.15,NIL
Chenab,Qadirabad Barrage,05/01/2014,44721,22670
Chenab,Qadirabad Barrage,05/02/2014,44670,22670
Chenab,Qadirabad Barrage,05/03/2014,44670,22670
Chenab,Qadirabad Barrage,05/04/2014,40960,18960
Chenab,Qadirabad Barrage,05/05/2014,40960,18960
Chenab,Qadirabad Barrage,05/06/2014,40960,18960
Chenab,Qadirabad Barrage,05/07/2014,48360,26360
Chenab,Qadirabad Barrage,05/08/2014,33141,11570
Chenab,Qadirabad Barrage,05/09/2014,27239,5239
Chenab,Qadirabad Barrage,05/10/2014,27239,5239
Chenab,Qadirabad Barrage,05/11/2014,32397,10296
Chenab,Qadirabad Barrage,05/12/2014,32296,10296
Chenab,Qadirabad Barrage,13-05-2014,28507,6507
Chenab,Qadirabad Barrage,14-05-2014,28507,6507
Chenab,Qadirabad Barrage,15-05-2014,28507,6507
Chenab,Qadirabad Barrage,16-05-2014,28507,6507
Chenab,Qadirabad Barrage,17-05-2014,23413,1413
Chenab,Qadirabad Barrage,18-05-2014,23350,1413
Chenab,Qadirabad Barrage,19-05-2014,23413,1413
Chenab,Qadirabad Barrage,20-05-2014,23413,1413
Chenab,Qadirabad Barrage,21-05-2014,26223,3964
Chenab,Qadirabad Barrage,22-05-2014,24690,2690
Chenab,Qadirabad Barrage,23-05-2014,23413,1413
Chenab,Qadirabad Barrage,24-05-2014,25964,3964
Chenab,Qadirabad Barrage,25-05-2014,22000,NIL
Chenab,Qadirabad Barrage,26-05-2014,23413,1413
Chenab,Qadirabad Barrage,27-05-2014,22000,NIL
Chenab,Qadirabad Barrage,28-05-2014,22571,NIL
Chenab,Qadirabad Barrage,29-05-2014,22000,NIL
Chenab,Qadirabad Barrage,30-05-2014,22000,NIL
Chenab,Qadirabad Barrage,31-05-2014,24690,2690
Chenab,Trimmu H/W-,05/01/2014,31796,18096
Chenab,Trimmu H/W-,05/02/2014,38630,24870
Chenab,Trimmu H/W-,05/03/2014,43466,27659
Chenab,Trimmu H/W-,05/04/2014,38886,23086
Chenab,Trimmu H/W-,05/05/2014,45709,29690
Chenab,Trimmu H/W-,05/06/2014,39861,23461
Chenab,Trimmu H/W-,05/07/2014,41895,25465
Chenab,Trimmu H/W-,05/08/2014,47329,30797
Chenab,Trimmu H/W-,05/09/2014,54182,37420
Chenab,Trimmu H/W-,05/10/2014,46420,29828
Chenab,Trimmu H/W-,05/11/2014,24658,7958
Chenab,Trimmu H/W-,05/12/2014,21007,4207
Chenab,Trimmu H/W-,13-05-2014,20749,4249
Chenab,Trimmu H/W-,14-05-2014,20659,4249
Chenab,Trimmu H/W-,15-05-2014,20905,4940
Chenab,Trimmu H/W-,16-05-2014,16065,NIL
Chenab,Trimmu H/W-,17-05-2014,20451,4393
Chenab,Trimmu H/W-,18-05-2014,16100,NIL
Chenab,Trimmu H/W-,19-05-2014,20001,5878
Chenab,Trimmu H/W-,20-05-2014,17232,2959
Chenab,Trimmu H/W-,21-05-2014,17279,2959
Chenab,Trimmu H/W-,22-05-2014,23177,7217
Chenab,Trimmu H/W-,23-05-2014,27054,11074
Chenab,Trimmu H/W-,24-05-2014,27045,11074
Chenab,Trimmu H/W-,25-05-2014,29396,13396
Chenab,Trimmu H/W-,26-05-2014,29373,13396
Chenab,Trimmu H/W-,27-05-2014,31628,15661
Chenab,Trimmu H/W-,28-05-2014,31720,15661
Chenab,Trimmu H/W-,29-05-2014,31750,15661
Chenab,Trimmu H/W-,30-05-2014,33683,17617
Chenab,Trimmu H/W-,31-05-2014,31349,15283
Chenab,Panjnad H/W,05/01/2014,6665,NIL
Chenab,Panjnad H/W,05/02/2014,6707,NIL
Chenab,Panjnad H/W,05/03/2014,6356,NIL
Chenab,Panjnad H/W,05/04/2014,5956,NIL
Chenab,Panjnad H/W,05/05/2014,6734,NIL
Chenab,Panjnad H/W,05/06/2014,7852,NIL
Chenab,Panjnad H/W,05/07/2014,12025,4112
Chenab,Panjnad H/W,05/08/2014,13981,6086
Chenab,Panjnad H/W,05/09/2014,13001,5101
Chenab,Panjnad H/W,05/10/2014,16168,7893
Chenab,Panjnad H/W,05/11/2014,14186,6086
Chenab,Panjnad H/W,05/12/2014,19012,10907
Chenab,Panjnad H/W,13-05-2014,22753,14577
Chenab,Panjnad H/W,14-05-2014,19060,10907
Chenab,Panjnad H/W,15-05-2014,15201,6656
Chenab,Panjnad H/W,16-05-2014,12642,4112
Chenab,Panjnad H/W,17-05-2014,12502,4112
Chenab,Panjnad H/W,18-05-2014,10894,2894
Chenab,Panjnad H/W,19-05-2014,10079,2074
Chenab,Panjnad H/W,20-05-2014,11374,2894
Chenab,Panjnad H/W,21-05-2014,12512,4112
Chenab,Panjnad H/W,22-05-2014,13591,5109
Chenab,Panjnad H/W,23-05-2014,11568,3093
Chenab,Panjnad H/W,24-05-2014,11580,3093
Chenab,Panjnad H/W,25-05-2014,12592,4112
Chenab,Panjnad H/W,26-05-2014,9733,835
Chenab,Panjnad H/W,27-05-2014,10493,1663
Chenab,Panjnad H/W,28-05-2014,10996,2074
Chenab,Panjnad H/W,29-05-2014,8823,NIL
Chenab,Panjnad H/W,30-05-2014,8757,NIL
Chenab,Panjnad H/W,31-05-2014,9317,NIL
Chenab,Qadirabad Barrage,06/01/2014,33414,11601
Chenab,Qadirabad Barrage,06/02/2014,29788,7788
Chenab,Qadirabad Barrage,06/03/2014,24690,2690
Chenab,Qadirabad Barrage,06/04/2014,25969,3969
Chenab,Qadirabad Barrage,06/05/2014,24690,2690
Chenab,Qadirabad Barrage,06/06/2014,25964,3964
Chenab,Qadirabad Barrage,06/07/2014,25964,3964
Chenab,Qadirabad Barrage,06/08/2014,40422,19063
Chenab,Qadirabad Barrage,06/09/2014,41063,19063
Chenab,Qadirabad Barrage,06/10/2014,41063,19063
Chenab,Qadirabad Barrage,06/11/2014,38186,16579
Chenab,Qadirabad Barrage,06/12/2014,28507,6507
Chenab,Qadirabad Barrage,13-06-2014,28507,6507
Chenab,Qadirabad Barrage,14-06-2014,24690,2690
Chenab,Qadirabad Barrage,15-06-2014,22000,NIL
Chenab,Qadirabad Barrage,16-06-2014,36119,14119
Chenab,Qadirabad Barrage,17-06-2014,50861,28861
Chenab,Qadirabad Barrage,18-06-2014,58499,36165
Chenab,Qadirabad Barrage,19-06-2014,64267,42267
Chenab,Qadirabad Barrage,20-06-2014,64267,42267
Chenab,Qadirabad Barrage,21-06-2014,51029,28861
Chenab,Qadirabad Barrage,22-06-2014,55771,33771
Chenab,Qadirabad Barrage,23-06-2014,59409,37409
Chenab,Qadirabad Barrage,24-06-2014,50861,28861
Chenab,Qadirabad Barrage,25-06-2014,28507,6507
Chenab,Qadirabad Barrage,26-06-2014,27225,5225
Chenab,Qadirabad Barrage,27-06-2014,28507,6507
Chenab,Qadirabad Barrage,28-06-2014,34102,11570
Chenab,Qadirabad Barrage,29-06-2014,29787,7787
Chenab,Qadirabad Barrage,30-06-2014,43475,21475
Chenab,Trimmu H/W-,06/01/2014,31383,15283
Chenab,Trimmu H/W-,06/02/2014,31343,15283
Chenab,Trimmu H/W-,06/03/2014,30358,15296
Chenab,Trimmu H/W-,06/04/2014,33042,17918
Chenab,Trimmu H/W-,06/05/2014,35991,20940
Chenab,Trimmu H/W-,06/06/2014,34770,19706
Chenab,Trimmu H/W-,06/07/2014,37160,22061
Chenab,Trimmu H/W-,06/08/2014,36040,20940
Chenab,Trimmu H/W-,06/09/2014,35068,20940
Chenab,Trimmu H/W-,06/10/2014,36135,22061
Chenab,Trimmu H/W-,06/11/2014,36153,22061
Chenab,Trimmu H/W-,06/12/2014,25811,11721
Chenab,Trimmu H/W-,13-06-2014,31746,17666
Chenab,Trimmu H/W-,14-06-2014,30748,17666
Chenab,Trimmu H/W-,15-06-2014,29813,16713
Chenab,Trimmu H/W-,16-06-2014,29784,16713
Chenab,Trimmu H/W-,17-06-2014,28842,14269
Chenab,Trimmu H/W-,18-06-2014,33948,19377
Chenab,Trimmu H/W-,19-06-2014,30400,15777
Chenab,Trimmu H/W-,20-06-2014,33947,18247
Chenab,Trimmu H/W-,21-06-2014,46304,30604
Chenab,Trimmu H/W-,22-06-2014,44733,29033
Chenab,Trimmu H/W-,23-06-2014,34484,18815
Chenab,Trimmu H/W-,24-06-2014,28576,12894
Chenab,Trimmu H/W-,25-06-2014,28585,12894
Chenab,Trimmu H/W-,26-06-2014,34953,19538
Chenab,Trimmu H/W-,27-06-2014,25730,10337
Chenab,Trimmu H/W-,28-06-2014,15518,NIL
Chenab,Trimmu H/W-,29-06-2014,15600,NIL
Chenab,Trimmu H/W-,30-06-2014,14417,NIL
Chenab,Panjnad H/W,06/01/2014,9650,NIL
Chenab,Panjnad H/W,06/02/2014,9635,NIL
Chenab,Panjnad H/W,06/03/2014,9678,NIL
Chenab,Panjnad H/W,06/04/2014,10909,1245
Chenab,Panjnad H/W,06/05/2014,10494,831
Chenab,Panjnad H/W,06/06/2014,10158,NIL
Chenab,Panjnad H/W,06/07/2014,11462,1245
Chenab,Panjnad H/W,06/08/2014,11395,1245
Chenab,Panjnad H/W,06/09/2014,14244,4094
Chenab,Panjnad H/W,06/10/2014,14805,4495
Chenab,Panjnad H/W,06/11/2014,13281,3081
Chenab,Panjnad H/W,06/12/2014,12882,2678
Chenab,Panjnad H/W,13-06-2014,13162,2883
Chenab,Panjnad H/W,14-06-2014,12267,2061
Chenab,Panjnad H/W,15-06-2014,12261,2061
Chenab,Panjnad H/W,16-06-2014,11069,831
Chenab,Panjnad H/W,17-06-2014,11443,1245
Chenab,Panjnad H/W,18-06-2014,11517,1245
Chenab,Panjnad H/W,19-06-2014,11031,831
Chenab,Panjnad H/W,20-06-2014,10317,NIL
Chenab,Panjnad H/W,21-06-2014,10230,NIL
Chenab,Panjnad H/W,22-06-2014,9746,NIL
Chenab,Panjnad H/W,23-06-2014,9696,NIL
Chenab,Panjnad H/W,24-06-2014,10228,NIL
Chenab,Panjnad H/W,25-06-2014,15356,5089
Chenab,Panjnad H/W,26-06-2014,17269,7056
Chenab,Panjnad H/W,27-06-2014,14379,4094
Chenab,Panjnad H/W,28-06-2014,10262,NIL
Chenab,Panjnad H/W,29-06-2014,10230,NIL
Chenab,Panjnad H/W,30-06-2014,11761,1245
Chenab,Qadirabad Barrage,07/01/2014,51458,28861
Chenab,Qadirabad Barrage,07/02/2014,55771,33771
Chenab,Qadirabad Barrage,07/03/2014,71594,49594
Chenab,Qadirabad Barrage,07/04/2014,78620,56620
Chenab,Qadirabad Barrage,07/05/2014,59510,37510
Chenab,Qadirabad Barrage,07/06/2014,46958,24958
Chenab,Qadirabad Barrage,07/07/2014,36677,15270
Chenab,Qadirabad Barrage,07/08/2014,29726,7726
Chenab,Qadirabad Barrage,07/09/2014,34776,12776
Chenab,Qadirabad Barrage,07/10/2014,29726,7726
Chenab,Qadirabad Barrage,07/11/2014,36785,15270
Chenab,Qadirabad Barrage,07/12/2014,37270,15270
Chenab,Qadirabad Barrage,13-07-2014,37270,15270
Chenab,Qadirabad Barrage,14-07-2014,50861,28861
Chenab,Qadirabad Barrage,15-07-2014,47110,25110
Chenab,Qadirabad Barrage,16-07-2014,55771,33771
Chenab,Qadirabad Barrage,17-07-2014,63009,41009
Chenab,Qadirabad Barrage,18-07-2014,75079,53378
Chenab,Qadirabad Barrage,19-07-2014,50861,28861
Chenab,Qadirabad Barrage,20-07-2014,34776,12776
Chenab,Qadirabad Barrage,21-07-2014,30185,7767
Chenab,Qadirabad Barrage,22-07-2014,25964,3964
Chenab,Qadirabad Barrage,23-07-2014,29767,7767
Chenab,Qadirabad Barrage,24-07-2014,44917,22917
Chenab,Qadirabad Barrage,25-07-2014,59717,37717
Chenab,Qadirabad Barrage,26-07-2014,49761,27761
Chenab,Qadirabad Barrage,27-07-2014,49761,27761
Chenab,Qadirabad Barrage,28-07-2014,50235,27761
Chenab,Qadirabad Barrage,29-07-2014,54791,32791
Chenab,Qadirabad Barrage,30-07-2014,59717,37717
Chenab,Qadirabad Barrage,31-07-2014,59717,37717
Chenab,Trimmu H/W-,07/01/2014,19540,3940
Chenab,Trimmu H/W-,07/02/2014,23927,8339
Chenab,Trimmu H/W-,07/03/2014,29029,13452
Chenab,Trimmu H/W-,07/04/2014,41583,25979
Chenab,Trimmu H/W-,07/05/2014,45172,29572
Chenab,Trimmu H/W-,07/06/2014,55117,39517
Chenab,Trimmu H/W-,07/07/2014,56087,40527
Chenab,Trimmu H/W-,07/08/2014,41732,26023
Chenab,Trimmu H/W-,07/09/2014,24876,9176
Chenab,Trimmu H/W-,07/10/2014,15718,NIL
Chenab,Trimmu H/W-,07/11/2014,20454,4769
Chenab,Trimmu H/W-,07/12/2014,20444,4769
Chenab,Trimmu H/W-,13-07-2014,17222,1422
Chenab,Trimmu H/W-,14-07-2014,17341,1422
Chenab,Trimmu H/W-,15-07-2014,19028,2133
Chenab,Trimmu H/W-,16-07-2014,19039,2133
Chenab,Trimmu H/W-,17-07-2014,24376,7003
Chenab,Trimmu H/W-,18-07-2014,26665,9613
Chenab,Trimmu H/W-,19-07-2014,27656,10533
Chenab,Trimmu H/W-,20-07-2014,39686,23786
Chenab,Trimmu H/W-,21-07-2014,44032,27141
Chenab,Trimmu H/W-,22-07-2014,26615,10217
Chenab,Trimmu H/W-,23-07-2014,22374,7488
Chenab,Trimmu H/W-,24-07-2014,22355,7488
Chenab,Trimmu H/W-,25-07-2014,18391,3528
Chenab,Trimmu H/W-,26-07-2014,16404,NIL
Chenab,Trimmu H/W-,27-07-2014,23457,7057
Chenab,Trimmu H/W-,28-07-2014,32016,15661
Chenab,Trimmu H/W-,29-07-2014,35069,18669
Chenab,Trimmu H/W-,30-07-2014,39778,23378
Chenab,Trimmu H/W-,31-07-2014,39778,23378
Chenab,Panjnad H/W,07/01/2014,10480,NIL
Chenab,Panjnad H/W,07/02/2014,9023,NIL
Chenab,Panjnad H/W,07/03/2014,8386,NIL
Chenab,Panjnad H/W,07/04/2014,8598,NIL
Chenab,Panjnad H/W,07/05/2014,9181,NIL
Chenab,Panjnad H/W,07/06/2014,10230,NIL
Chenab,Panjnad H/W,07/07/2014,10261,NIL
Chenab,Panjnad H/W,07/08/2014,14234,4092
Chenab,Panjnad H/W,07/09/2014,19246,9016
Chenab,Panjnad H/W,07/10/2014,28622,18346
Chenab,Panjnad H/W,07/11/2014,32889,22641
Chenab,Panjnad H/W,07/12/2014,25259,15062
Chenab,Panjnad H/W,13-07-2014,20974,10744
Chenab,Panjnad H/W,14-07-2014,16240,6138
Chenab,Panjnad H/W,15-07-2014,12487,2066
Chenab,Panjnad H/W,16-07-2014,12160,2066
Chenab,Panjnad H/W,17-07-2014,11896,1656
Chenab,Panjnad H/W,18-07-2014,11071,831
Chenab,Panjnad H/W,19-07-2014,11061,831
Chenab,Panjnad H/W,20-07-2014,10255,NIL
Chenab,Panjnad H/W,21-07-2014,10230,NIL
Chenab,Panjnad H/W,22-07-2014,13492,3088
Chenab,Panjnad H/W,23-07-2014,15323,5094
Chenab,Panjnad H/W,24-07-2014,19239,9001
Chenab,Panjnad H/W,25-07-2014,21111,10877
Chenab,Panjnad H/W,26-07-2014,19665,9390
Chenab,Panjnad H/W,27-07-2014,15314,5084
Chenab,Panjnad H/W,28-07-2014,13262,3080
Chenab,Panjnad H/W,29-07-2014,12496,2266
Chenab,Panjnad H/W,30-07-2014,11039,831
Chenab,Panjnad H/W,31-07-2014,12305,2075
Chenab,Qadirabad Barrage,08/01/2014,34689,12776
Chenab,Qadirabad Barrage,08/02/2014,44917,22917
Chenab,Qadirabad Barrage,08/03/2014,44917,22917
Chenab,Qadirabad Barrage,08/04/2014,26519,5225
Chenab,Qadirabad Barrage,08/05/2014,26511,15311
Chenab,Qadirabad Barrage,08/06/2014,32917,22917
Chenab,Qadirabad Barrage,08/07/2014,25311,15311
Chenab,Qadirabad Barrage,08/08/2014,24385,6472
Chenab,Qadirabad Barrage,08/09/2014,43667,22917
Chenab,Qadirabad Barrage,08/10/2014,28507,6507
Chenab,Qadirabad Barrage,08/11/2014,18135,NIL
Chenab,Qadirabad Barrage,08/12/2014,20825,NIL
Chenab,Qadirabad Barrage,13-08-2014,24606,2690
Chenab,Qadirabad Barrage,14-08-2014,28507,6507
Chenab,Qadirabad Barrage,15-08-2014,28507,6507
Chenab,Qadirabad Barrage,16-08-2014,33570,11570
Chenab,Qadirabad Barrage,17-08-2014,71410,49410
Chenab,Qadirabad Barrage,18-08-2014,59717,37717
Chenab,Qadirabad Barrage,19-08-2014,24690,2690
Chenab,Qadirabad Barrage,20-08-2014,21000,NIL
Chenab,Qadirabad Barrage,21-08-2014,10969,NIL
Chenab,Qadirabad Barrage,22-08-2014,13234,NIL
Chenab,Qadirabad Barrage,23-08-2014,30665,9069
Chenab,Qadirabad Barrage,24-08-2014,28507,6507
Chenab,Qadirabad Barrage,25-08-2014,27253,5253
Chenab,Qadirabad Barrage,26-08-2014,22000,NIL
Chenab,Qadirabad Barrage,27-08-2014,22000,NIL
Chenab,Qadirabad Barrage,28-08-2014,22000,NIL
Chenab,Qadirabad Barrage,29-08-2014,21322,NIL
Chenab,Qadirabad Barrage,30-08-2014,20900,NIL
Chenab,Qadirabad Barrage,31-08-2014,21575,NIL
Chenab,Trimmu H/W-,08/01/2014,38278,23378
Chenab,Trimmu H/W-,08/02/2014,41660,26760
Chenab,Trimmu H/W-,08/03/2014,29789,15889
Chenab,Trimmu H/W-,08/04/2014,30397,16553
Chenab,Trimmu H/W-,08/05/2014,34603,18731
Chenab,Trimmu H/W-,08/06/2014,38860,22983
Chenab,Trimmu H/W-,08/07/2014,27434,10557
Chenab,Trimmu H/W-,08/08/2014,24993,7522
Chenab,Trimmu H/W-,08/09/2014,33686,16168
Chenab,Trimmu H/W-,08/10/2014,36990,19490
Chenab,Trimmu H/W-,08/11/2014,29797,12319
Chenab,Trimmu H/W-,08/12/2014,29813,12319
Chenab,Trimmu H/W-,13-08-2014,39451,21969
Chenab,Trimmu H/W-,14-08-2014,27339,11339
Chenab,Trimmu H/W-,15-08-2014,22239,6253
Chenab,Trimmu H/W-,16-08-2014,23369,9069
Chenab,Trimmu H/W-,17-08-2014,32407,18107
Chenab,Trimmu H/W-,18-08-2014,31191,16966
Chenab,Trimmu H/W-,19-08-2014,35648,21341
Chenab,Trimmu H/W-,20-08-2014,62819,47529
Chenab,Trimmu H/W-,21-08-2014,61533,48260
Chenab,Trimmu H/W-,22-08-2014,47800,34517
Chenab,Trimmu H/W-,23-08-2014,28405,12107
Chenab,Trimmu H/W-,24-08-2014,16800,NIL
Chenab,Trimmu H/W-,25-08-2014,10875,NIL
Chenab,Trimmu H/W-,26-08-2014,10454,NIL
Chenab,Trimmu H/W-,27-08-2014,15910,NIL
Chenab,Trimmu H/W-,28-08-2014,15905,NIL
Chenab,Trimmu H/W-,29-08-2014,17424,NIL
Chenab,Trimmu H/W-,30-08-2014,17382,NIL
Chenab,Trimmu H/W-,31-08-2014,21855,4455
Chenab,Panjnad H/W,08/01/2014,16362,6141
Chenab,Panjnad H/W,08/02/2014,18693,8396
Chenab,Panjnad H/W,08/03/2014,21726,11496
Chenab,Panjnad H/W,08/04/2014,21708,11496
Chenab,Panjnad H/W,08/05/2014,23565,13350
Chenab,Panjnad H/W,08/06/2014,23566,13350
Chenab,Panjnad H/W,08/07/2014,22284,12070
Chenab,Panjnad H/W,08/08/2014,22677,12447
Chenab,Panjnad H/W,08/09/2014,22677,12447
Chenab,Panjnad H/W,08/10/2014,21234,10979
Chenab,Panjnad H/W,08/11/2014,16590,6360
Chenab,Panjnad H/W,08/12/2014,15317,5148
Chenab,Panjnad H/W,13-08-2014,16561,6360
Chenab,Panjnad H/W,14-08-2014,16590,6360
Chenab,Panjnad H/W,15-08-2014,16569,6360
Chenab,Panjnad H/W,16-08-2014,19401,9159
Chenab,Panjnad H/W,17-08-2014,21525,11095
Chenab,Panjnad H/W,18-08-2014,16380,6372
Chenab,Panjnad H/W,19-08-2014,16771,6741
Chenab,Panjnad H/W,20-08-2014,19318,9137
Chenab,Panjnad H/W,21-08-2014,18491,8161
Chenab,Panjnad H/W,22-08-2014,18630,8161
Chenab,Panjnad H/W,23-08-2014,28690,18267
Chenab,Panjnad H/W,24-08-2014,36861,26431
Chenab,Panjnad H/W,25-08-2014,32287,21840
Chenab,Panjnad H/W,26-08-2014,22597,12209
Chenab,Panjnad H/W,27-08-2014,18585,8234
Chenab,Panjnad H/W,28-08-2014,13556,3093
Chenab,Panjnad H/W,29-08-2014,10421,NIL
Chenab,Panjnad H/W,30-08-2014,10408,NIL
Chenab,Panjnad H/W,31-08-2014,10430,NIL
Chenab,Qadirabad Barrage,09/01/2014,23167,1413
Chenab,Qadirabad Barrage,09/02/2014,25985,3985
Chenab,Qadirabad Barrage,09/03/2014,28507,6507
Chenab,Qadirabad Barrage,09/04/2014,33377,17847
Chenab,Qadirabad Barrage,09/05/2014,272090,261490
Chenab,Qadirabad Barrage,09/06/2014,655746,649271
Chenab,Qadirabad Barrage,09/07/2014,776666,774135
Chenab,Qadirabad Barrage,09/08/2014,256335,256335
Chenab,Qadirabad Barrage,09/09/2014,103022,102022
Chenab,Qadirabad Barrage,09/10/2014,93893,93893
Chenab,Qadirabad Barrage,09/11/2014,89470,89470
Chenab,Qadirabad Barrage,09/12/2014,67600,67600
Chenab,Qadirabad Barrage,13-09-2014,61427,61427
Chenab,Qadirabad Barrage,14-09-2014,61427,61427
Chenab,Qadirabad Barrage,15-09-2014,61427,61427
Chenab,Qadirabad Barrage,16-09-2014,51259,51259
Chenab,Qadirabad Barrage,17-09-2014,46081,46081
Chenab,Qadirabad Barrage,18-09-2014,42220,38470
Chenab,Qadirabad Barrage,19-09-2014,32724,19291
Chenab,Qadirabad Barrage,20-09-2014,33712,17141
Chenab,Qadirabad Barrage,21-09-2014,30941,10088
Chenab,Qadirabad Barrage,22-09-2014,31263,10263
Chenab,Qadirabad Barrage,23-09-2014,36263,15263
Chenab,Qadirabad Barrage,24-09-2014,36458,15458
Chenab,Qadirabad Barrage,25-09-2014,35740,14740
Chenab,Qadirabad Barrage,26-09-2014,38386,17386
Chenab,Qadirabad Barrage,27-09-2014,35982,13394
Chenab,Qadirabad Barrage,28-09-2014,30167,8167
Chenab,Qadirabad Barrage,29-09-2014,28904,6904
Chenab,Qadirabad Barrage,30-09-2014,26182,4182
Chenab,Trimmu H/W-,09/01/2014,25033,NIL
Chenab,Trimmu H/W-,09/02/2014,27580,NIL
Chenab,Trimmu H/W-,09/03/2014,20737,NIL
Chenab,Trimmu H/W-,09/04/2014,23887,NIL
Chenab,Trimmu H/W-,09/05/2014,25076,NIL
Chenab,Trimmu H/W-,09/06/2014,84136,NIL
Chenab,Trimmu H/W-,09/07/2014,126919,NIL
Chenab,Trimmu H/W-,09/08/2014,163024,NIL
Chenab,Trimmu H/W-,09/09/2014,298307,NIL
Chenab,Trimmu H/W-,09/10/2014,509400,NIL
Chenab,Trimmu H/W-,09/11/2014,592304,NIL
Chenab,Trimmu H/W-,09/12/2014,438857,NIL
Chenab,Trimmu H/W-,13-09-2014,241656,NIL
Chenab,Trimmu H/W-,14-09-2014,197762,NIL
Chenab,Trimmu H/W-,15-09-2014,153728,NIL
Chenab,Trimmu H/W-,16-09-2014,132572,NIL
Chenab,Trimmu H/W-,17-09-2014,130782,NIL
Chenab,Trimmu H/W-,18-09-2014,128537,NIL
Chenab,Trimmu H/W-,19-09-2014,130537,NIL
Chenab,Trimmu H/W-,20-09-2014,112942,NIL
Chenab,Trimmu H/W-,21-09-2014,95290,NIL
Chenab,Trimmu H/W-,22-09-2014,86209,NIL
Chenab,Trimmu H/W-,23-09-2014,78905,NIL
Chenab,Trimmu H/W-,24-09-2014,75590,NIL
Chenab,Trimmu H/W-,25-09-2014,69364,NIL
Chenab,Trimmu H/W-,26-09-2014,57623,NIL
Chenab,Trimmu H/W-,27-09-2014,49848,NIL
Chenab,Trimmu H/W-,28-09-2014,47330,NIL
Chenab,Trimmu H/W-,29-09-2014,45878,NIL
Chenab,Trimmu H/W-,30-09-2014,37783,NIL
Chenab,Panjnad H/W,09/01/2014,8.08,NIL
Chenab,Panjnad H/W,09/02/2014,8.08,NIL
Chenab,Panjnad H/W,09/03/2014,8.08,NIL
Chenab,Panjnad H/W,09/04/2014,7.72,NIL
Chenab,Panjnad H/W,09/05/2014,7.72,NIL
Chenab,Panjnad H/W,09/06/2014,7.72,NIL
Chenab,Panjnad H/W,09/07/2014,7.72,NIL
Chenab,Panjnad H/W,09/08/2014,8.08,NIL
Chenab,Panjnad H/W,09/09/2014,8.08,NIL
Chenab,Panjnad H/W,09/10/2014,8.08,NIL
Chenab,Panjnad H/W,09/11/2014,8.08,NIL
Chenab,Panjnad H/W,09/12/2014,8.08,NIL
Chenab,Panjnad H/W,13-09-2014,8.08,NIL
Chenab,Panjnad H/W,14-09-2014,Closed,NIL
Chenab,Panjnad H/W,15-09-2014,Closed,NIL
Chenab,Panjnad H/W,16-09-2014,Closed,NIL
Chenab,Panjnad H/W,17-09-2014,Closed,NIL
Chenab,Panjnad H/W,18-09-2014,8.08,NIL
Chenab,Panjnad H/W,19-09-2014,8.08,NIL
Chenab,Panjnad H/W,20-09-2014,8.08,NIL
Chenab,Panjnad H/W,21-09-2014,8.08,NIL
Chenab,Panjnad H/W,22-09-2014,8.08,NIL
Chenab,Panjnad H/W,23-09-2014,8.08,NIL
Chenab,Panjnad H/W,24-09-2014,8.08,NIL
Chenab,Panjnad H/W,25-09-2014,8.08,NIL
Chenab,Panjnad H/W,26-09-2014,8.08,NIL
Chenab,Panjnad H/W,27-09-2014,8.08,NIL
Chenab,Panjnad H/W,28-09-2014,8.08,NIL
Chenab,Panjnad H/W,29-09-2014,8.08,NIL
Chenab,Panjnad H/W,30-09-2014,8.08,NIL
Chenab,Qadirabad Barrage,10/01/2014,25227,2836
Chenab,Qadirabad Barrage,10/02/2014,23477,1477
Chenab,Qadirabad Barrage,10/03/2014,22000,NIL
Chenab,Qadirabad Barrage,10/04/2014,22000,NIL
Chenab,Qadirabad Barrage,10/05/2014,22000,NIL
Chenab,Qadirabad Barrage,10/06/2014,21000,NIL
Chenab,Qadirabad Barrage,10/07/2014,20729,NIL
Chenab,Qadirabad Barrage,10/08/2014,21000,NIL
Chenab,Qadirabad Barrage,10/09/2014,22000,NIL
Chenab,Qadirabad Barrage,10/10/2014,24836,2836
Chenab,Qadirabad Barrage,10/11/2014,21127,NIL
Chenab,Qadirabad Barrage,10/12/2014,21000,NIL
Chenab,Qadirabad Barrage,13-10-2014,21000,NIL
Chenab,Qadirabad Barrage,14-10-2014,21000,NIL
Chenab,Qadirabad Barrage,15-10-2014,21000,NIL
Chenab,Qadirabad Barrage,16-10-2014,20840,NIL
Chenab,Qadirabad Barrage,17-10-2014,20500,NIL
Chenab,Qadirabad Barrage,18-10-2014,19000,NIL
Chenab,Qadirabad Barrage,19-10-2014,19000,NIL
Chenab,Qadirabad Barrage,20-10-2014,19000,NIL
Chenab,Qadirabad Barrage,21-10-2014,20209,NIL
Chenab,Qadirabad Barrage,22-10-2014,21000,NIL
Chenab,Qadirabad Barrage,23-10-2014,21000,NIL
Chenab,Qadirabad Barrage,24-10-2014,20757,NIL
Chenab,Qadirabad Barrage,25-10-2014,20500,NIL
Chenab,Qadirabad Barrage,26-10-2014,19000,NIL
Chenab,Qadirabad Barrage,27-10-2014,19000,NIL
Chenab,Qadirabad Barrage,28-10-2014,21000,NIL
Chenab,Qadirabad Barrage,29-10-2014,19000,NIL
Chenab,Qadirabad Barrage,30-10-2014,19000,NIL
Chenab,Qadirabad Barrage,31-10-2014,19450,NIL
Chenab,Trimmu H/W-,10/01/2014,33815,NIL
Chenab,Trimmu H/W-,10/02/2014,26519,NIL
Chenab,Trimmu H/W-,10/03/2014,26474,NIL
Chenab,Trimmu H/W-,10/04/2014,26472,NIL
Chenab,Trimmu H/W-,10/05/2014,25373,NIL
Chenab,Trimmu H/W-,10/06/2014,25373,NIL
Chenab,Trimmu H/W-,10/07/2014,24039,NIL
Chenab,Trimmu H/W-,10/08/2014,24039,NIL
Chenab,Trimmu H/W-,10/09/2014,23989,NIL
Chenab,Trimmu H/W-,10/10/2014,21228,NIL
Chenab,Trimmu H/W-,10/11/2014,23757,NIL
Chenab,Trimmu H/W-,10/12/2014,23916,NIL
Chenab,Trimmu H/W-,13-10-2014,23664,NIL
Chenab,Trimmu H/W-,14-10-2014,34064,NIL
Chenab,Trimmu H/W-,15-10-2014,30306,NIL
Chenab,Trimmu H/W-,16-10-2014,28138,NIL
Chenab,Trimmu H/W-,17-10-2014,26321,NIL
Chenab,Trimmu H/W-,18-10-2014,26540,NIL
Chenab,Trimmu H/W-,19-10-2014,26740,NIL
Chenab,Trimmu H/W-,20-10-2014,20740,NIL
Chenab,Trimmu H/W-,21-10-2014,18388,NIL
Chenab,Trimmu H/W-,22-10-2014,14299,NIL
Chenab,Trimmu H/W-,23-10-2014,11556,NIL
Chenab,Trimmu H/W-,24-10-2014,8689,NIL
Chenab,Trimmu H/W-,25-10-2014,8698,NIL
Chenab,Trimmu H/W-,26-10-2014,8700,NIL
Chenab,Trimmu H/W-,27-10-2014,8661,NIL
Chenab,Trimmu H/W-,28-10-2014,8077,NIL
Chenab,Trimmu H/W-,29-10-2014,8074,NIL
Chenab,Trimmu H/W-,30-10-2014,8075,NIL
Chenab,Trimmu H/W-,31-10-2014,7683,NIL
Chenab,Panjnad H/W,10/01/2014,7.96,NIL
Chenab,Panjnad H/W,10/02/2014,7.96,NIL
Chenab,Panjnad H/W,10/03/2014,7.96,NIL
Chenab,Panjnad H/W,10/04/2014,7.96,NIL
Chenab,Panjnad H/W,10/05/2014,7.96,NIL
Chenab,Panjnad H/W,10/06/2014,7.77,NIL
Chenab,Panjnad H/W,10/07/2014,7.77,NIL
Chenab,Panjnad H/W,10/08/2014,7.77,NIL
Chenab,Panjnad H/W,10/09/2014,7.77,NIL
Chenab,Panjnad H/W,10/10/2014,7.77,NIL
Chenab,Panjnad H/W,10/11/2014,7.77,NIL
Chenab,Panjnad H/W,10/12/2014,7.77,NIL
Chenab,Panjnad H/W,13-10-2014,7.77,NIL
Chenab,Panjnad H/W,14-10-2014,7.48,NIL
Chenab,Panjnad H/W,15-10-2014,7.48,NIL
Chenab,Panjnad H/W,16-10-2014,7.48,NIL
Chenab,Panjnad H/W,17-10-2014,7.48,NIL
Chenab,Panjnad H/W,18-10-2014,7.48,NIL
Chenab,Panjnad H/W,19-10-2014,7.48,NIL
Chenab,Panjnad H/W,20-10-2014,7.48,NIL
Chenab,Panjnad H/W,21-10-2014,5.9,NIL
Chenab,Panjnad H/W,22-10-2014,5.9,NIL
Chenab,Panjnad H/W,23-10-2014,5.9,NIL
Chenab,Panjnad H/W,24-10-2014,5.9,NIL
Chenab,Panjnad H/W,25-10-2014,5.9,NIL
Chenab,Panjnad H/W,26-10-2014,5.9,NIL
Chenab,Panjnad H/W,27-10-2014,5.9,NIL
Chenab,Panjnad H/W,28-10-2014,5.9,NIL
Chenab,Panjnad H/W,29-10-2014,5.9,NIL
Chenab,Panjnad H/W,30-10-2014,5.9,NIL
Chenab,Panjnad H/W,31-10-2014,5.9,NIL
Chenab,Qadirabad Barrage,11/01/2014,21861,NIL
Chenab,Qadirabad Barrage,11/02/2014,20000,NIL
Chenab,Qadirabad Barrage,11/03/2014,20000,NIL
Chenab,Qadirabad Barrage,11/04/2014,20000,NIL
Chenab,Qadirabad Barrage,11/05/2014,20000,NIL
Chenab,Qadirabad Barrage,11/06/2014,20000,NIL
Chenab,Qadirabad Barrage,11/07/2014,20415,NIL
Chenab,Qadirabad Barrage,11/08/2014,21000,NIL
Chenab,Qadirabad Barrage,11/09/2014,22000,NIL
Chenab,Qadirabad Barrage,11/10/2014,21000,NIL
Chenab,Qadirabad Barrage,11/11/2014,20507,NIL
Chenab,Qadirabad Barrage,11/12/2014,22000,NIL
Chenab,Qadirabad Barrage,13-11-2014,21500,NIL
Chenab,Qadirabad Barrage,14-11-2014,22000,NIL
Chenab,Qadirabad Barrage,15-11-2014,22000,NIL
Chenab,Qadirabad Barrage,16-11-2014,22000,NIL
Chenab,Qadirabad Barrage,17-11-2014,21657,NIL
Chenab,Qadirabad Barrage,18-11-2014,21500,NIL
Chenab,Qadirabad Barrage,19-11-2014,21500,NIL
Chenab,Qadirabad Barrage,20-11-2014,21000,NIL
Chenab,Qadirabad Barrage,21-11-2014,21460,NIL
Chenab,Qadirabad Barrage,22-11-2014,21450,NIL
Chenab,Qadirabad Barrage,23-11-2014,21450,NIL
Chenab,Qadirabad Barrage,24-11-2014,21450,NIL
Chenab,Qadirabad Barrage,25-11-2014,20674,NIL
Chenab,Qadirabad Barrage,26-11-2014,21000,NIL
Chenab,Qadirabad Barrage,27-11-2014,21000,NIL
Chenab,Qadirabad Barrage,28-11-2014,21000,NIL
Chenab,Qadirabad Barrage,29-11-2014,19500,NIL
Chenab,Qadirabad Barrage,30-11-2014,19000,NIL
Chenab,Trimmu H/W-,11/01/2014,7245,NIL
Chenab,Trimmu H/W-,11/02/2014,8000,NIL
Chenab,Trimmu H/W-,11/03/2014,8000,NIL
Chenab,Trimmu H/W-,11/04/2014,8000,NIL
Chenab,Trimmu H/W-,11/05/2014,10925,2939
Chenab,Trimmu H/W-,11/06/2014,9064,NIL
Chenab,Trimmu H/W-,11/07/2014,7987,NIL
Chenab,Trimmu H/W-,11/08/2014,10871,2918
Chenab,Trimmu H/W-,11/09/2014,9474,1474
Chenab,Trimmu H/W-,11/10/2014,12323,4340
Chenab,Trimmu H/W-,11/11/2014,13717,5710
Chenab,Trimmu H/W-,11/12/2014,16843,6866
Chenab,Trimmu H/W-,13-11-2014,12980,NIL
Chenab,Trimmu H/W-,14-11-2014,13974,NIL
Chenab,Trimmu H/W-,15-11-2014,17367,2876
Chenab,Trimmu H/W-,16-11-2014,17576,2876
Chenab,Trimmu H/W-,17-11-2014,17556,2876
Chenab,Trimmu H/W-,18-11-2014,20790,5602
Chenab,Trimmu H/W-,19-11-2014,23464,8273
Chenab,Trimmu H/W-,20-11-2014,30551,14874
Chenab,Trimmu H/W-,21-11-2014,34719,19045
Chenab,Trimmu H/W-,22-11-2014,32266,16583
Chenab,Trimmu H/W-,23-11-2014,32283,16583
Chenab,Trimmu H/W-,24-11-2014,34716,19045
Chenab,Trimmu H/W-,25-11-2014,32274,16587
Chenab,Trimmu H/W-,26-11-2014,27476,11799
Chenab,Trimmu H/W-,27-11-2014,27469,11799
Chenab,Trimmu H/W-,28-11-2014,27894,14227
Chenab,Trimmu H/W-,29-11-2014,26492,11799
Chenab,Trimmu H/W-,30-11-2014,26499,11799
Chenab,Panjnad H/W,11/01/2014,5951,5268
Chenab,Panjnad H/W,11/02/2014,3514,2814
Chenab,Panjnad H/W,11/03/2014,3515,2814
Chenab,Panjnad H/W,11/04/2014,3287,2647
Chenab,Panjnad H/W,11/05/2014,4363,3738
Chenab,Panjnad H/W,11/06/2014,4369,3738
Chenab,Panjnad H/W,11/07/2014,4064,NIL
Chenab,Panjnad H/W,11/08/2014,4092,NIL
Chenab,Panjnad H/W,11/09/2014,4150,NIL
Chenab,Panjnad H/W,11/10/2014,5381,1216
Chenab,Panjnad H/W,11/11/2014,5650,NIL
Chenab,Panjnad H/W,11/12/2014,5633,NIL
Chenab,Panjnad H/W,13-11-2014,7053,1216
Chenab,Panjnad H/W,14-11-2014,8671,3017
Chenab,Panjnad H/W,15-11-2014,8743,3017
Chenab,Panjnad H/W,16-11-2014,9167,3017
Chenab,Panjnad H/W,17-11-2014,7397,1216
Chenab,Panjnad H/W,18-11-2014,6707,NIL
Chenab,Panjnad H/W,19-11-2014,4980,NIL
Chenab,Panjnad H/W,20-11-2014,5406,NIL
Chenab,Panjnad H/W,21-11-2014,5468,NIL
Chenab,Panjnad H/W,22-11-2014,5679,NIL
Chenab,Panjnad H/W,23-11-2014,5836,NIL
Chenab,Panjnad H/W,24-11-2014,7387,NIL
Chenab,Panjnad H/W,25-11-2014,11635,3927
Chenab,Panjnad H/W,26-11-2014,11772,3927
Chenab,Panjnad H/W,27-11-2014,12591,4879
Chenab,Panjnad H/W,28-11-2014,10731,2955
Chenab,Panjnad H/W,29-11-2014,9886,6385
Chenab,Panjnad H/W,30-11-2014,9885,6385
Chenab,Qadirabad Barrage,12/01/2014,19000,NIL
Chenab,Qadirabad Barrage,12/02/2014,20208,NIL
Chenab,Qadirabad Barrage,12/03/2014,20000,NIL
Chenab,Qadirabad Barrage,12/04/2014,19000,NIL
Chenab,Qadirabad Barrage,12/05/2014,19000,NIL
Chenab,Qadirabad Barrage,12/06/2014,19000,NIL
Chenab,Qadirabad Barrage,12/07/2014,19000,NIL
Chenab,Qadirabad Barrage,12/08/2014,19116,NIL
Chenab,Qadirabad Barrage,12/09/2014,19000,NIL
Chenab,Qadirabad Barrage,12/10/2014,20000,NIL
Chenab,Qadirabad Barrage,12/11/2014,19024,NIL
Chenab,Qadirabad Barrage,12/12/2014,19000,NIL
Chenab,Qadirabad Barrage,13-12-2014,19000,NIL
Chenab,Qadirabad Barrage,14-12-2014,19000,NIL
Chenab,Qadirabad Barrage,15-12-2014,18500,NIL
Chenab,Qadirabad Barrage,16-12-2014,19000,NIL
Chenab,Qadirabad Barrage,17-12-2014,19000,NIL
Chenab,Qadirabad Barrage,18-12-2014,19448,NIL
Chenab,Qadirabad Barrage,19-12-2014,19000,NIL
Chenab,Qadirabad Barrage,20-12-2014,19000,NIL
Chenab,Qadirabad Barrage,21-12-2014,19355,NIL
Chenab,Qadirabad Barrage,22-12-2014,19450,NIL
Chenab,Qadirabad Barrage,23-12-2014,19450,NIL
Chenab,Qadirabad Barrage,24-12-2014,19450,NIL
Chenab,Qadirabad Barrage,25-12-2014,14280,NIL
Chenab,Qadirabad Barrage,26-12-2014,4800,NIL
Chenab,Qadirabad Barrage,27-12-2014,2567,2567
Chenab,Qadirabad Barrage,28-12-2014,2351,2351
Chenab,Qadirabad Barrage,29-12-2014,2351,2351
Chenab,Qadirabad Barrage,30-12-2014,1691,1691
Chenab,Qadirabad Barrage,31-12-2014,1691,1691
Chenab,Trimmu H/W-,12/01/2014,27469,NIL
Chenab,Trimmu H/W-,12/02/2014,27494,NIL
Chenab,Trimmu H/W-,12/03/2014,27590,NIL
Chenab,Trimmu H/W-,12/04/2014,27594,NIL
Chenab,Trimmu H/W-,12/05/2014,30038,NIL
Chenab,Trimmu H/W-,12/06/2014,26956,NIL
Chenab,Trimmu H/W-,12/07/2014,26683,NIL
Chenab,Trimmu H/W-,12/08/2014,23464,NIL
Chenab,Trimmu H/W-,12/09/2014,22260,NIL
Chenab,Trimmu H/W-,12/10/2014,22283,NIL
Chenab,Trimmu H/W-,12/11/2014,19900,NIL
Chenab,Trimmu H/W-,12/12/2014,19893,NIL
Chenab,Trimmu H/W-,13-12-2014,19860,NIL
Chenab,Trimmu H/W-,14-12-2014,19902,NIL
Chenab,Trimmu H/W-,15-12-2014,19900,NIL
Chenab,Trimmu H/W-,16-12-2014,17369,NIL
Chenab,Trimmu H/W-,17-12-2014,16359,NIL
Chenab,Trimmu H/W-,18-12-2014,20138,NIL
Chenab,Trimmu H/W-,19-12-2014,20129,NIL
Chenab,Trimmu H/W-,20-12-2014,20152,NIL
Chenab,Trimmu H/W-,21-12-2014,20158,NIL
Chenab,Trimmu H/W-,22-12-2014,20140,NIL
Chenab,Trimmu H/W-,23-12-2014,22483,NIL
Chenab,Trimmu H/W-,24-12-2014,18836,NIL
Chenab,Trimmu H/W-,25-12-2014,20158,NIL
Chenab,Trimmu H/W-,26-12-2014,20169,NIL
Chenab,Trimmu H/W-,27-12-2014,20153,NIL
Chenab,Trimmu H/W-,28-12-2014,8000,NIL
Chenab,Trimmu H/W-,29-12-2014,16192,NIL
Chenab,Trimmu H/W-,30-12-2014,18833,NIL
Chenab,Trimmu H/W-,31-12-2014,18826,NIL
Chenab,Panjnad H/W,12/01/2014,4.31,NIL
Chenab,Panjnad H/W,12/02/2014,4.31,NIL
Chenab,Panjnad H/W,12/03/2014,4.31,NIL
Chenab,Panjnad H/W,12/04/2014,4.31,NIL
Chenab,Panjnad H/W,12/05/2014,4.31,NIL
Chenab,Panjnad H/W,12/06/2014,4.31,NIL
Chenab,Panjnad H/W,12/07/2014,4.31,NIL
Chenab,Panjnad H/W,12/08/2014,4.31,NIL
Chenab,Panjnad H/W,12/09/2014,4.31,NIL
Chenab,Panjnad H/W,12/10/2014,4.31,NIL
Chenab,Panjnad H/W,12/11/2014,5.27,NIL
Chenab,Panjnad H/W,12/12/2014,5.61,NIL
Chenab,Panjnad H/W,13-12-2014,5.61,NIL
Chenab,Panjnad H/W,14-12-2014,5.61,NIL
Chenab,Panjnad H/W,15-12-2014,4.98,NIL
Chenab,Panjnad H/W,16-12-2014,5.42,NIL
Chenab,Panjnad H/W,17-12-2014,5.42,NIL
Chenab,Panjnad H/W,18-12-2014,4.31,NIL
Chenab,Panjnad H/W,19-12-2014,5.42,NIL
Chenab,Panjnad H/W,20-12-2014,5.42,NIL
Chenab,Panjnad H/W,21-12-2014,5.42,NIL
Chenab,Panjnad H/W,22-12-2014,5.42,NIL
Chenab,Panjnad H/W,23-12-2014,4.91,NIL
Chenab,Panjnad H/W,24-12-2014,4.91,NIL
Chenab,Panjnad H/W,25-12-2014,4.91,NIL
Chenab,Panjnad H/W,26-12-2014,4.91,NIL
Chenab,Panjnad H/W,27-12-2014,4.91,NIL
Chenab,Panjnad H/W,28-12-2014,4.91,NIL
Chenab,Panjnad H/W,29-12-2014,4.91,NIL
Chenab,Panjnad H/W,30-12-2014,4.91,NIL
Chenab,Panjnad H/W,31-12-2014,4.91,NIL
Indus,Kalabagh,01/01/2014,27598,21598
Indus,Kalabagh,01/02/2014,24102,18102
Indus,Kalabagh,01/03/2014,24503,18503
Indus,Kalabagh,01/04/2014,18540,13424
Indus,Kalabagh,01/05/2014,22951,18485
Indus,Kalabagh,01/06/2014,16845,13329
Indus,Kalabagh,01/07/2014,25793,23043
Indus,Kalabagh,01/08/2014,22726,20476
Indus,Kalabagh,01/09/2014,23611,21761
Indus,Kalabagh,01/10/2014,23507,22025
Indus,Kalabagh,01/11/2014,23420,22520
Indus,Kalabagh,01/12/2014,28784,28034
Indus,Kalabagh,13-01-2014,48150,48150
Indus,Kalabagh,14-01-2014,32295,32295
Indus,Kalabagh,15-01-2014,26292,26292
Indus,Kalabagh,16-01-2014,34295,34295
Indus,Kalabagh,17-01-2014,32295,32295
Indus,Kalabagh,18-01-2014,34295,34295
Indus,Kalabagh,19-01-2014,18822,18822
Indus,Kalabagh,20-01-2014,32295,32295
Indus,Kalabagh,21-01-2014,26292,26292
Indus,Kalabagh,22-01-2014,38765,38765
Indus,Kalabagh,23-01-2014,34295,34295
Indus,Kalabagh,24-01-2014,36443,36443
Indus,Kalabagh,25-01-2014,38765,38765
Indus,Kalabagh,26-01-2014,40928,40928
Indus,Kalabagh,27-01-2014,34280,34280
Indus,Kalabagh,28-01-2014,38765,38765
Indus,Kalabagh,29-01-2014,40928,40928
Indus,Kalabagh,30-01-2014,36443,36443
Indus,Kalabagh,31-01-2014,34280,34280
Indus,Chashma Barrage,01/01/2014,16974,12774
Indus,Chashma Barrage,01/02/2014,21412,15000
Indus,Chashma Barrage,01/03/2014,14410,12422
Indus,Chashma Barrage,01/04/2014,14458,10258
Indus,Chashma Barrage,01/05/2014,18969,14769
Indus,Chashma Barrage,01/06/2014,19200,15000
Indus,Chashma Barrage,01/07/2014,14365,10521
Indus,Chashma Barrage,01/08/2014,32913,15000
Indus,Chashma Barrage,01/09/2014,18978,15000
Indus,Chashma Barrage,01/10/2014,25139,15000
Indus,Chashma Barrage,01/11/2014,21804,18000
Indus,Chashma Barrage,01/12/2014,22103,18000
Indus,Chashma Barrage,13-01-2014,23129,18000
Indus,Chashma Barrage,14-01-2014,25543,20000
Indus,Chashma Barrage,15-01-2014,21109,20000
Indus,Chashma Barrage,16-01-2014,22217,20000
Indus,Chashma Barrage,17-01-2014,21109,20000
Indus,Chashma Barrage,18-01-2014,20000,20000
Indus,Chashma Barrage,19-01-2014,21109,20000
Indus,Chashma Barrage,20-01-2014,20000,20000
Indus,Chashma Barrage,21-01-2014,20000,20000
Indus,Chashma Barrage,22-01-2014,21457,27000
Indus,Chashma Barrage,23-01-2014,20431,27000
Indus,Chashma Barrage,24-01-2014,29134,27000
Indus,Chashma Barrage,25-01-2014,30326,27000
Indus,Chashma Barrage,26-01-2014,34674,38000
Indus,Chashma Barrage,27-01-2014,38000,38000
Indus,Chashma Barrage,28-01-2014,39109,38000
Indus,Chashma Barrage,29-01-2014,38731,43000
Indus,Chashma Barrage,30-01-2014,37871,43000
Indus,Chashma Barrage,31-01-2014,43000,43000
Indus,Taunsa Barrage,01/01/2014,23375,23375
Indus,Taunsa Barrage,01/02/2014,21468,21468
Indus,Taunsa Barrage,01/03/2014,20181,20181
Indus,Taunsa Barrage,01/04/2014,20559,20559
Indus,Taunsa Barrage,01/05/2014,20559,20559
Indus,Taunsa Barrage,01/06/2014,20295,20295
Indus,Taunsa Barrage,01/07/2014,17170,17170
Indus,Taunsa Barrage,01/08/2014,17170,17170
Indus,Taunsa Barrage,01/09/2014,17230,17230
Indus,Taunsa Barrage,01/10/2014,17230,17230
Indus,Taunsa Barrage,01/11/2014,17129,17129
Indus,Taunsa Barrage,01/12/2014,17129,17129
Indus,Taunsa Barrage,13-01-2014,17129,17129
Indus,Taunsa Barrage,14-01-2014,17129,17129
Indus,Taunsa Barrage,15-01-2014,18065,18065
Indus,Taunsa Barrage,16-01-2014,18065,18065
Indus,Taunsa Barrage,17-01-2014,18065,18065
Indus,Taunsa Barrage,18-01-2014,18823,18823
Indus,Taunsa Barrage,19-01-2014,20266,20266
Indus,Taunsa Barrage,20-01-2014,20266,20266
Indus,Taunsa Barrage,21-01-2014,20266,20266
Indus,Taunsa Barrage,22-01-2014,20113,20113
Indus,Taunsa Barrage,23-01-2014,20113,20113
Indus,Taunsa Barrage,24-01-2014,20907,20907
Indus,Taunsa Barrage,25-01-2014,26529,26529
Indus,Taunsa Barrage,26-01-2014,26529,26529
Indus,Taunsa Barrage,27-01-2014,26904,26904
Indus,Taunsa Barrage,28-01-2014,26904,26904
Indus,Taunsa Barrage,29-01-2014,38269,38269
Indus,Taunsa Barrage,30-01-2014,37461,37461
Indus,Taunsa Barrage,31-01-2014,37461,37461
Indus,Guddu Barrage,01/01/2014,24929,19815
Indus,Guddu Barrage,01/02/2014,21304,16190
Indus,Guddu Barrage,01/03/2014,18961,13847
Indus,Guddu Barrage,01/04/2014,21710,12817
Indus,Guddu Barrage,01/05/2014,22000,10758
Indus,Guddu Barrage,01/06/2014,22005,8105
Indus,Guddu Barrage,01/07/2014,23820,8003
Indus,Guddu Barrage,01/08/2014,23821,8000
Indus,Guddu Barrage,01/09/2014,24319,8000
Indus,Guddu Barrage,01/10/2014,22346,5426
Indus,Guddu Barrage,01/11/2014,21082,5362
Indus,Guddu Barrage,01/12/2014,19956,4166
Indus,Guddu Barrage,13-01-2014,19339,4230
Indus,Guddu Barrage,14-01-2014,19691,4277
Indus,Guddu Barrage,15-01-2014,20669,4339
Indus,Guddu Barrage,16-01-2014,23665,5675
Indus,Guddu Barrage,17-01-2014,24629,6639
Indus,Guddu Barrage,18-01-2014,24839,6639
Indus,Guddu Barrage,19-01-2014,24839,6639
Indus,Guddu Barrage,20-01-2014,26298,11154
Indus,Guddu Barrage,21-01-2014,31838,20928
Indus,Guddu Barrage,22-01-2014,31838,20928
Indus,Guddu Barrage,23-01-2014,31539,20629
Indus,Guddu Barrage,24-01-2014,31239,20629
Indus,Guddu Barrage,25-01-2014,32869,22839
Indus,Guddu Barrage,26-01-2014,35572,27212
Indus,Guddu Barrage,27-01-2014,31697,23139
Indus,Guddu Barrage,28-01-2014,32790,23724
Indus,Guddu Barrage,29-01-2014,32790,23724
Indus,Guddu Barrage,30-01-2014,33544,24168
Indus,Guddu Barrage,31-01-2014,34576,26210
Indus,Sukkur Barrage,01/01/2014,21595,NIL
Indus,Sukkur Barrage,01/02/2014,20485,NIL
Indus,Sukkur Barrage,01/03/2014,18950,NIL
Indus,Sukkur Barrage,01/04/2014,16985,NIL
Indus,Sukkur Barrage,01/05/2014,14645,NIL
Indus,Sukkur Barrage,01/06/2014,11790,11790
Indus,Sukkur Barrage,01/07/2014,9430,9430
Indus,Sukkur Barrage,01/08/2014,8036,8036
Indus,Sukkur Barrage,01/09/2014,7500,7500
Indus,Sukkur Barrage,01/10/2014,7500,7500
Indus,Sukkur Barrage,01/11/2014,6500,6500
Indus,Sukkur Barrage,01/12/2014,5000,5000
Indus,Sukkur Barrage,13-01-2014,4100,4100
Indus,Sukkur Barrage,14-01-2014,4100,4100
Indus,Sukkur Barrage,15-01-2014,4100,4100
Indus,Sukkur Barrage,16-01-2014,4100,4100
Indus,Sukkur Barrage,17-01-2014,4100,4100
Indus,Sukkur Barrage,18-01-2014,4100,4100
Indus,Sukkur Barrage,19-01-2014,4100,4100
Indus,Sukkur Barrage,20-01-2014,5000,5000
Indus,Sukkur Barrage,21-01-2014,6100,4700
Indus,Sukkur Barrage,22-01-2014,7360,3260
Indus,Sukkur Barrage,23-01-2014,16490,10590
Indus,Sukkur Barrage,24-01-2014,17650,11700
Indus,Sukkur Barrage,25-01-2014,18016,9766
Indus,Sukkur Barrage,26-01-2014,18016,9766
Indus,Sukkur Barrage,27-01-2014,19655,9955
Indus,Sukkur Barrage,28-01-2014,20930,10230
Indus,Sukkur Barrage,29-01-2014,21340,7990
Indus,Sukkur Barrage,30-01-2014,22306,7360
Indus,Sukkur Barrage,31-01-2014,24310,7385
Indus,Kotri Barrage,01/01/2014,3043,3043
Indus,Kotri Barrage,01/02/2014,3043,3043
Indus,Kotri Barrage,01/03/2014,3043,3043
Indus,Kotri Barrage,01/04/2014,3043,3043
Indus,Kotri Barrage,01/05/2014,3043,3043
Indus,Kotri Barrage,01/06/2014,3043,3043
Indus,Kotri Barrage,01/07/2014,2793,2793
Indus,Kotri Barrage,01/08/2014,2793,2793
Indus,Kotri Barrage,01/09/2014,2793,2793
Indus,Kotri Barrage,01/10/2014,2793,2793
Indus,Kotri Barrage,01/11/2014,3600,NIL
Indus,Kotri Barrage,01/12/2014,8320,NIL
Indus,Kotri Barrage,13-01-2014,8460,NIL
Indus,Kotri Barrage,14-01-2014,7415,NIL
Indus,Kotri Barrage,15-01-2014,6965,NIL
Indus,Kotri Barrage,16-01-2014,6815,NIL
Indus,Kotri Barrage,17-01-2014,6285,NIL
Indus,Kotri Barrage,18-01-2014,5215,NIL
Indus,Kotri Barrage,19-01-2014,4960,NIL
Indus,Kotri Barrage,20-01-2014,3965,NIL
Indus,Kotri Barrage,21-01-2014,3960,NIL
Indus,Kotri Barrage,22-01-2014,3960,NIL
Indus,Kotri Barrage,23-01-2014,3960,NIL
Indus,Kotri Barrage,24-01-2014,3960,NIL
Indus,Kotri Barrage,25-01-2014,3960,NIL
Indus,Kotri Barrage,26-01-2014,3960,NIL
Indus,Kotri Barrage,27-01-2014,4495,NIL
Indus,Kotri Barrage,28-01-2014,4495,NIL
Indus,Kotri Barrage,29-01-2014,6495,NIL
Indus,Kotri Barrage,30-01-2014,9385,NIL
Indus,Kotri Barrage,31-01-2014,9385,NIL
Indus,Kalabagh,02/01/2014,40928,40928
Indus,Kalabagh,02/02/2014,36443,36443
Indus,Kalabagh,02/03/2014,40928,40928
Indus,Kalabagh,02/04/2014,52961,52961
Indus,Kalabagh,02/05/2014,60608,60608
Indus,Kalabagh,02/06/2014,44791,44691
Indus,Kalabagh,02/07/2014,35920,33920
Indus,Kalabagh,02/08/2014,59053,56053
Indus,Kalabagh,02/09/2014,63781,60781
Indus,Kalabagh,02/10/2014,57557,54571
Indus,Kalabagh,02/11/2014,48355,44755
Indus,Kalabagh,02/12/2014,51059,46059
Indus,Kalabagh,13-02-2014,48543,43243
Indus,Kalabagh,14-02-2014,63003,57703
Indus,Kalabagh,15-02-2014,61994,56494
Indus,Kalabagh,16-02-2014,57256,51756
Indus,Kalabagh,17-02-2014,70609,64809
Indus,Kalabagh,18-02-2014,58195,52395
Indus,Kalabagh,19-02-2014,70699,63699
Indus,Kalabagh,20-02-2014,66116,59128
Indus,Kalabagh,21-02-2014,55972,48972
Indus,Kalabagh,22-02-2014,66138,59138
Indus,Kalabagh,23-02-2014,63848,56848
Indus,Kalabagh,24-02-2014,65968,58968
Indus,Kalabagh,25-02-2014,67976,60976
Indus,Kalabagh,26-02-2014,67698,60698
Indus,Kalabagh,27-02-2014,61776,54776
Indus,Kalabagh,28-02-2014,62235,55235
Indus,Chashma Barrage,02/01/2014,43000,43000
Indus,Chashma Barrage,02/02/2014,41218,48000
Indus,Chashma Barrage,02/03/2014,45222,48000
Indus,Chashma Barrage,02/04/2014,49852,48000
Indus,Chashma Barrage,02/05/2014,52785,42000
Indus,Chashma Barrage,02/06/2014,53863,42000
Indus,Chashma Barrage,02/07/2014,45000,45000
Indus,Chashma Barrage,02/08/2014,45217,43000
Indus,Chashma Barrage,02/09/2014,52032,46000
Indus,Chashma Barrage,02/10/2014,44769,46000
Indus,Chashma Barrage,02/11/2014,47538,50000
Indus,Chashma Barrage,02/12/2014,41009,50000
Indus,Chashma Barrage,13-02-2014,51109,50000
Indus,Chashma Barrage,14-02-2014,47674,51000
Indus,Chashma Barrage,15-02-2014,53217,51000
Indus,Chashma Barrage,16-02-2014,52109,51000
Indus,Chashma Barrage,17-02-2014,49891,51000
Indus,Chashma Barrage,18-02-2014,46731,51000
Indus,Chashma Barrage,19-02-2014,51000,51000
Indus,Chashma Barrage,20-02-2014,47923,51000
Indus,Chashma Barrage,21-02-2014,48949,51000
Indus,Chashma Barrage,22-02-2014,46997,51000
Indus,Chashma Barrage,23-02-2014,49148,51000
Indus,Chashma Barrage,24-02-2014,52852,51000
Indus,Chashma Barrage,25-02-2014,47074,48000
Indus,Chashma Barrage,26-02-2014,51095,48000
Indus,Chashma Barrage,27-02-2014,50486,48000
Indus,Chashma Barrage,28-02-2014,46615,48000
Indus,Taunsa Barrage,02/01/2014,37461,37461
Indus,Taunsa Barrage,02/02/2014,40600,40600
Indus,Taunsa Barrage,02/03/2014,41969,41969
Indus,Taunsa Barrage,02/04/2014,40643,40643
Indus,Taunsa Barrage,02/05/2014,44205,41530
Indus,Taunsa Barrage,02/06/2014,44928,39824
Indus,Taunsa Barrage,02/07/2014,39435,36435
Indus,Taunsa Barrage,02/08/2014,40377,35314
Indus,Taunsa Barrage,02/09/2014,40314,35314
Indus,Taunsa Barrage,02/10/2014,42620,37581
Indus,Taunsa Barrage,02/11/2014,41011,32797
Indus,Taunsa Barrage,02/12/2014,41101,32955
Indus,Taunsa Barrage,13-02-2014,40554,30560
Indus,Taunsa Barrage,14-02-2014,45346,35316
Indus,Taunsa Barrage,15-02-2014,45322,35149
Indus,Taunsa Barrage,16-02-2014,47864,37364
Indus,Taunsa Barrage,17-02-2014,51794,41268
Indus,Taunsa Barrage,18-02-2014,49410,38887
Indus,Taunsa Barrage,19-02-2014,50616,40078
Indus,Taunsa Barrage,20-02-2014,50623,40078
Indus,Taunsa Barrage,21-02-2014,50581,40078
Indus,Taunsa Barrage,22-02-2014,50612,40078
Indus,Taunsa Barrage,23-02-2014,48296,37796
Indus,Taunsa Barrage,24-02-2014,48385,37844
Indus,Taunsa Barrage,25-02-2014,49536,39036
Indus,Taunsa Barrage,26-02-2014,49553,39036
Indus,Taunsa Barrage,27-02-2014,49541,38987
Indus,Taunsa Barrage,28-02-2014,48392,37844
Indus,Guddu Barrage,02/01/2014,28883,25855
Indus,Guddu Barrage,02/02/2014,32333,29305
Indus,Guddu Barrage,02/03/2014,40363,37335
Indus,Guddu Barrage,02/04/2014,40363,37335
Indus,Guddu Barrage,02/05/2014,40363,37335
Indus,Guddu Barrage,02/06/2014,43710,40682
Indus,Guddu Barrage,02/07/2014,43710,40682
Indus,Guddu Barrage,02/08/2014,43710,40682
Indus,Guddu Barrage,02/09/2014,43710,40682
Indus,Guddu Barrage,02/10/2014,46668,43640
Indus,Guddu Barrage,02/11/2014,47266,44238
Indus,Guddu Barrage,02/12/2014,45414,42386
Indus,Guddu Barrage,13-02-2014,45034,42006
Indus,Guddu Barrage,14-02-2014,43535,40507
Indus,Guddu Barrage,15-02-2014,41998,38970
Indus,Guddu Barrage,16-02-2014,41998,38970
Indus,Guddu Barrage,17-02-2014,40807,37245
Indus,Guddu Barrage,18-02-2014,40971,37409
Indus,Guddu Barrage,19-02-2014,44240,40678
Indus,Guddu Barrage,20-02-2014,44240,40678
Indus,Guddu Barrage,21-02-2014,44709,40312
Indus,Guddu Barrage,22-02-2014,43783,39386
Indus,Guddu Barrage,23-02-2014,40649,36252
Indus,Guddu Barrage,24-02-2014,40649,36252
Indus,Guddu Barrage,25-02-2014,40649,36252
Indus,Guddu Barrage,26-02-2014,40649,36252
Indus,Guddu Barrage,27-02-2014,40649,36252
Indus,Guddu Barrage,28-02-2014,39434,35037
Indus,Sukkur Barrage,02/01/2014,24310,7385
Indus,Sukkur Barrage,02/02/2014,24880,5655
Indus,Sukkur Barrage,02/03/2014,27555,5655
Indus,Sukkur Barrage,02/04/2014,30860,6660
Indus,Sukkur Barrage,02/05/2014,34235,7635
Indus,Sukkur Barrage,02/06/2014,36060,7660
Indus,Sukkur Barrage,02/07/2014,36860,7660
Indus,Sukkur Barrage,02/08/2014,38210,7660
Indus,Sukkur Barrage,02/09/2014,38460,7660
Indus,Sukkur Barrage,02/10/2014,38710,7660
Indus,Sukkur Barrage,02/11/2014,38496,6666
Indus,Sukkur Barrage,02/12/2014,39120,5790
Indus,Sukkur Barrage,13-02-2014,39345,5790
Indus,Sukkur Barrage,14-02-2014,38360,5750
Indus,Sukkur Barrage,15-02-2014,36240,4800
Indus,Sukkur Barrage,16-02-2014,34115,4400
Indus,Sukkur Barrage,17-02-2014,34115,4400
Indus,Sukkur Barrage,18-02-2014,32007,3787
Indus,Sukkur Barrage,19-02-2014,32007,3787
Indus,Sukkur Barrage,20-02-2014,32102,3787
Indus,Sukkur Barrage,21-02-2014,34260,4600
Indus,Sukkur Barrage,22-02-2014,34260,4600
Indus,Sukkur Barrage,23-02-2014,34260,4600
Indus,Sukkur Barrage,24-02-2014,33335,4570
Indus,Sukkur Barrage,25-02-2014,32785,4570
Indus,Sukkur Barrage,26-02-2014,32785,4570
Indus,Sukkur Barrage,27-02-2014,32820,4570
Indus,Sukkur Barrage,28-02-2014,32845,4570
Indus,Kotri Barrage,02/01/2014,9120,NIL
Indus,Kotri Barrage,02/02/2014,8540,NIL
Indus,Kotri Barrage,02/03/2014,7395,NIL
Indus,Kotri Barrage,02/04/2014,7160,NIL
Indus,Kotri Barrage,02/05/2014,6260,NIL
Indus,Kotri Barrage,02/06/2014,6210,NIL
Indus,Kotri Barrage,02/07/2014,5085,NIL
Indus,Kotri Barrage,02/08/2014,5085,NIL
Indus,Kotri Barrage,02/09/2014,5005,NIL
Indus,Kotri Barrage,02/10/2014,4927,NIL
Indus,Kotri Barrage,02/11/2014,4657,NIL
Indus,Kotri Barrage,02/12/2014,4657,NIL
Indus,Kotri Barrage,13-02-2014,5595,NIL
Indus,Kotri Barrage,14-02-2014,5920,NIL
Indus,Kotri Barrage,15-02-2014,5940,NIL
Indus,Kotri Barrage,16-02-2014,5940,NIL
Indus,Kotri Barrage,17-02-2014,5380,NIL
Indus,Kotri Barrage,18-02-2014,5134,NIL
Indus,Kotri Barrage,19-02-2014,5034,NIL
Indus,Kotri Barrage,20-02-2014,4529,NIL
Indus,Kotri Barrage,21-02-2014,4065,NIL
Indus,Kotri Barrage,22-02-2014,4065,NIL
Indus,Kotri Barrage,23-02-2014,3475,NIL
Indus,Kotri Barrage,24-02-2014,3475,NIL
Indus,Kotri Barrage,25-02-2014,3425,NIL
Indus,Kotri Barrage,26-02-2014,3425,NIL
Indus,Kotri Barrage,27-02-2014,3470,NIL
Indus,Kotri Barrage,28-02-2014,3769,NIL
Indus,Kalabagh,03/01/2014,63107,56107
Indus,Kalabagh,03/02/2014,68322,61322
Indus,Kalabagh,03/03/2014,55233,48233
Indus,Kalabagh,03/04/2014,61483,54483
Indus,Kalabagh,03/05/2014,58556,51556
Indus,Kalabagh,03/06/2014,56648,49648
Indus,Kalabagh,03/07/2014,64187,57187
Indus,Kalabagh,03/08/2014,55328,48328
Indus,Kalabagh,03/09/2014,64187,57187
Indus,Kalabagh,03/10/2014,69837,62844
Indus,Kalabagh,03/11/2014,59227,53927
Indus,Kalabagh,03/12/2014,55707,50407
Indus,Kalabagh,13-03-2014,57259,51959
Indus,Kalabagh,14-03-2014,47028,41728
Indus,Kalabagh,15-03-2014,57773,51773
Indus,Kalabagh,16-03-2014,59149,53149
Indus,Kalabagh,17-03-2014,53194,47194
Indus,Kalabagh,18-03-2014,59275,53259
Indus,Kalabagh,19-03-2014,70363,64363
Indus,Kalabagh,20-03-2014,50042,44057
Indus,Kalabagh,21-03-2014,55801,48801
Indus,Kalabagh,22-03-2014,52998,45998
Indus,Kalabagh,23-03-2014,47408,40408
Indus,Kalabagh,24-03-2014,41758,34758
Indus,Kalabagh,25-03-2014,55345,48345
Indus,Kalabagh,26-03-2014,88260,81260
Indus,Kalabagh,27-03-2014,54773,47773
Indus,Kalabagh,28-03-2014,57185,50185
Indus,Kalabagh,29-03-2014,51652,44652
Indus,Kalabagh,30-03-2014,48436,41436
Indus,Kalabagh,31-03-2014,48340,41340
Indus,Chashma Barrage,03/01/2014,48148,47000
Indus,Chashma Barrage,03/02/2014,48148,47000
Indus,Chashma Barrage,03/03/2014,49074,47000
Indus,Chashma Barrage,03/04/2014,46195,47000
Indus,Chashma Barrage,03/05/2014,47097,47000
Indus,Chashma Barrage,03/06/2014,49600,47000
Indus,Chashma Barrage,03/07/2014,49097,49000
Indus,Chashma Barrage,03/08/2014,49097,49000
Indus,Chashma Barrage,03/09/2014,46447,49000
Indus,Chashma Barrage,03/10/2014,47495,49000
Indus,Chashma Barrage,03/11/2014,64695,41000
Indus,Chashma Barrage,03/12/2014,59788,43000
Indus,Chashma Barrage,13-03-2014,63266,43000
Indus,Chashma Barrage,14-03-2014,51517,43000
Indus,Chashma Barrage,15-03-2014,45937,43000
Indus,Chashma Barrage,16-03-2014,41276,43000
Indus,Chashma Barrage,17-03-2014,44969,43000
Indus,Chashma Barrage,18-03-2014,40264,43000
Indus,Chashma Barrage,19-03-2014,46706,43000
Indus,Chashma Barrage,20-03-2014,84598,43000
Indus,Chashma Barrage,21-03-2014,49886,41000
Indus,Chashma Barrage,22-03-2014,50297,42000
Indus,Chashma Barrage,23-03-2014,44261,42000
Indus,Chashma Barrage,24-03-2014,38990,42000
Indus,Chashma Barrage,25-03-2014,40445,42000
Indus,Chashma Barrage,26-03-2014,43213,37000
Indus,Chashma Barrage,27-03-2014,72271,42567
Indus,Chashma Barrage,28-03-2014,66998,64198
Indus,Chashma Barrage,29-03-2014,37761,37000
Indus,Chashma Barrage,30-03-2014,47945,43106
Indus,Chashma Barrage,31-03-2014,42573,39773
Indus,Taunsa Barrage,03/01/2014,51130,43830
Indus,Taunsa Barrage,03/02/2014,49788,42636
Indus,Taunsa Barrage,03/03/2014,48377,41361
Indus,Taunsa Barrage,03/04/2014,48401,41364
Indus,Taunsa Barrage,03/05/2014,50222,45968
Indus,Taunsa Barrage,03/06/2014,47582,43545
Indus,Taunsa Barrage,03/07/2014,47656,43545
Indus,Taunsa Barrage,03/08/2014,47601,43545
Indus,Taunsa Barrage,03/09/2014,49780,45559
Indus,Taunsa Barrage,03/10/2014,51736,46515
Indus,Taunsa Barrage,03/11/2014,47259,45416
Indus,Taunsa Barrage,03/12/2014,49545,47613
Indus,Taunsa Barrage,13-03-2014,49545,47552
Indus,Taunsa Barrage,14-03-2014,44947,43149
Indus,Taunsa Barrage,15-03-2014,44947,42826
Indus,Taunsa Barrage,16-03-2014,42768,41768
Indus,Taunsa Barrage,17-03-2014,42768,41768
Indus,Taunsa Barrage,18-03-2014,42768,41768
Indus,Taunsa Barrage,19-03-2014,41483,40483
Indus,Taunsa Barrage,20-03-2014,40281,40281
Indus,Taunsa Barrage,21-03-2014,42648,42648
Indus,Taunsa Barrage,22-03-2014,41465,41465
Indus,Taunsa Barrage,23-03-2014,41465,41465
Indus,Taunsa Barrage,24-03-2014,43832,43832
Indus,Taunsa Barrage,25-03-2014,42648,42648
Indus,Taunsa Barrage,26-03-2014,41910,40381
Indus,Taunsa Barrage,27-03-2014,41881,40381
Indus,Taunsa Barrage,28-03-2014,43393,40381
Indus,Taunsa Barrage,29-03-2014,37915,37915
Indus,Taunsa Barrage,30-03-2014,43828,43828
Indus,Taunsa Barrage,31-03-2014,49745,49745
Indus,Guddu Barrage,03/01/2014,39837,35037
Indus,Guddu Barrage,03/02/2014,39837,35037
Indus,Guddu Barrage,03/03/2014,39837,35037
Indus,Guddu Barrage,03/04/2014,38196,33396
Indus,Guddu Barrage,03/05/2014,38196,33396
Indus,Guddu Barrage,03/06/2014,39212,34412
Indus,Guddu Barrage,03/07/2014,40425,35625
Indus,Guddu Barrage,03/08/2014,40425,35625
Indus,Guddu Barrage,03/09/2014,42257,37457
Indus,Guddu Barrage,03/10/2014,43124,38324
Indus,Guddu Barrage,03/11/2014,45023,38530
Indus,Guddu Barrage,03/12/2014,41711,35218
Indus,Guddu Barrage,13-03-2014,41711,35218
Indus,Guddu Barrage,14-03-2014,44865,38372
Indus,Guddu Barrage,15-03-2014,44865,38372
Indus,Guddu Barrage,16-03-2014,44865,38372
Indus,Guddu Barrage,17-03-2014,44865,38372
Indus,Guddu Barrage,18-03-2014,41940,35447
Indus,Guddu Barrage,19-03-2014,40448,33955
Indus,Guddu Barrage,20-03-2014,38887,32394
Indus,Guddu Barrage,21-03-2014,40268,35168
Indus,Guddu Barrage,22-03-2014,43313,38213
Indus,Guddu Barrage,23-03-2014,43313,38213
Indus,Guddu Barrage,24-03-2014,43313,38213
Indus,Guddu Barrage,25-03-2014,43313,38213
Indus,Guddu Barrage,26-03-2014,42262,37162
Indus,Guddu Barrage,27-03-2014,42262,37162
Indus,Guddu Barrage,28-03-2014,44165,39065
Indus,Guddu Barrage,29-03-2014,46275,40875
Indus,Guddu Barrage,30-03-2014,46275,40875
Indus,Guddu Barrage,31-03-2014,42262,37162
Indus,Sukkur Barrage,03/01/2014,32845,4570
Indus,Sukkur Barrage,03/02/2014,32480,4530
Indus,Sukkur Barrage,03/03/2014,32530,4530
Indus,Sukkur Barrage,03/04/2014,32300,5500
Indus,Sukkur Barrage,03/05/2014,32745,8995
Indus,Sukkur Barrage,03/06/2014,32700,9950
Indus,Sukkur Barrage,03/07/2014,32600,9150
Indus,Sukkur Barrage,03/08/2014,33090,7360
Indus,Sukkur Barrage,03/09/2014,33725,7360
Indus,Sukkur Barrage,03/10/2014,35505,8335
Indus,Sukkur Barrage,03/11/2014,35880,8425
Indus,Sukkur Barrage,03/12/2014,35742,7522
Indus,Sukkur Barrage,13-03-2014,34535,6590
Indus,Sukkur Barrage,14-03-2014,33475,5580
Indus,Sukkur Barrage,15-03-2014,32080,4615
Indus,Sukkur Barrage,16-03-2014,33230,5620
Indus,Sukkur Barrage,17-03-2014,35010,6715
Indus,Sukkur Barrage,18-03-2014,34365,5645
Indus,Sukkur Barrage,19-03-2014,33005,4665
Indus,Sukkur Barrage,20-03-2014,33005,4665
Indus,Sukkur Barrage,21-03-2014,32405,4615
Indus,Sukkur Barrage,22-03-2014,31635,4565
Indus,Sukkur Barrage,23-03-2014,34020,6495
Indus,Sukkur Barrage,24-03-2014,36400,11100
Indus,Sukkur Barrage,25-03-2014,37980,11940
Indus,Sukkur Barrage,26-03-2014,37980,14280
Indus,Sukkur Barrage,27-03-2014,37255,12490
Indus,Sukkur Barrage,28-03-2014,37855,12490
Indus,Sukkur Barrage,29-03-2014,38005,11155
Indus,Sukkur Barrage,30-03-2014,38305,11155
Indus,Sukkur Barrage,31-03-2014,38155,10350
Indus,Kotri Barrage,03/01/2014,4120,NIL
Indus,Kotri Barrage,03/02/2014,4125,NIL
Indus,Kotri Barrage,03/03/2014,4125,NIL
Indus,Kotri Barrage,03/04/2014,4125,NIL
Indus,Kotri Barrage,03/05/2014,4125,NIL
Indus,Kotri Barrage,03/06/2014,4125,NIL
Indus,Kotri Barrage,03/07/2014,4080,NIL
Indus,Kotri Barrage,03/08/2014,4080,NIL
Indus,Kotri Barrage,03/09/2014,4080,NIL
Indus,Kotri Barrage,03/10/2014,4925,NIL
Indus,Kotri Barrage,03/11/2014,6730,NIL
Indus,Kotri Barrage,03/12/2014,8010,NIL
Indus,Kotri Barrage,13-03-2014,6960,NIL
Indus,Kotri Barrage,14-03-2014,6060,NIL
Indus,Kotri Barrage,15-03-2014,6060,NIL
Indus,Kotri Barrage,16-03-2014,6450,NIL
Indus,Kotri Barrage,17-03-2014,6390,NIL
Indus,Kotri Barrage,18-03-2014,5630,NIL
Indus,Kotri Barrage,19-03-2014,5100,NIL
Indus,Kotri Barrage,20-03-2014,4635,NIL
Indus,Kotri Barrage,21-03-2014,3775,NIL
Indus,Kotri Barrage,22-03-2014,3725,NIL
Indus,Kotri Barrage,23-03-2014,3725,NIL
Indus,Kotri Barrage,24-03-2014,3825,NIL
Indus,Kotri Barrage,25-03-2014,4180,NIL
Indus,Kotri Barrage,26-03-2014,4080,NIL
Indus,Kotri Barrage,27-03-2014,4080,NIL
Indus,Kotri Barrage,28-03-2014,4080,NIL
Indus,Kotri Barrage,29-03-2014,4080,NIL
Indus,Kotri Barrage,30-03-2014,4960,NIL
Indus,Kotri Barrage,31-03-2014,7320,NIL
Indus,Kalabagh,04/01/2014,45171,38171
Indus,Kalabagh,04/02/2014,39900,32900
Indus,Kalabagh,04/03/2014,38287,31271
Indus,Kalabagh,04/04/2014,47756,40740
Indus,Kalabagh,04/05/2014,40308,33308
Indus,Kalabagh,04/06/2014,34141,27141
Indus,Kalabagh,04/07/2014,43552,38052
Indus,Kalabagh,04/08/2014,60089,54589
Indus,Kalabagh,04/09/2014,47804,42320
Indus,Kalabagh,04/10/2014,67548,62068
Indus,Kalabagh,04/11/2014,48989,43489
Indus,Kalabagh,04/12/2014,49042,43558
Indus,Kalabagh,13-04-2014,41097,35097
Indus,Kalabagh,14-04-2014,50588,44588
Indus,Kalabagh,15-04-2014,59306,53306
Indus,Kalabagh,16-04-2014,41306,35306
Indus,Kalabagh,17-04-2014,41657,35657
Indus,Kalabagh,18-04-2014,88235,82235
Indus,Kalabagh,19-04-2014,75466,71266
Indus,Kalabagh,20-04-2014,70455,66276
Indus,Kalabagh,21-04-2014,53770,49070
Indus,Kalabagh,22-04-2014,52390,47690
Indus,Kalabagh,23-04-2014,61920,56720
Indus,Kalabagh,24-04-2014,80557,75357
Indus,Kalabagh,25-04-2014,72779,67579
Indus,Kalabagh,26-04-2014,57097,51897
Indus,Kalabagh,27-04-2014,77987,72487
Indus,Kalabagh,28-04-2014,83686,78186
Indus,Kalabagh,29-04-2014,77262,71762
Indus,Kalabagh,30-04-2014,91588,85188
Indus,Chashma Barrage,04/01/2014,36827,40000
Indus,Chashma Barrage,04/02/2014,31124,40000
Indus,Chashma Barrage,04/03/2014,32249,37000
Indus,Chashma Barrage,04/04/2014,37743,37000
Indus,Chashma Barrage,04/05/2014,39215,37000
Indus,Chashma Barrage,04/06/2014,43739,45000
Indus,Chashma Barrage,04/07/2014,50953,45000
Indus,Chashma Barrage,04/08/2014,64407,45000
Indus,Chashma Barrage,04/09/2014,71753,53141
Indus,Chashma Barrage,04/10/2014,73243,70943
Indus,Chashma Barrage,04/11/2014,44144,50000
Indus,Chashma Barrage,04/12/2014,44811,55000
Indus,Chashma Barrage,13-04-2014,48069,55000
Indus,Chashma Barrage,14-04-2014,47977,55000
Indus,Chashma Barrage,15-04-2014,58481,55000
Indus,Chashma Barrage,16-04-2014,52125,55000
Indus,Chashma Barrage,17-04-2014,49841,59000
Indus,Chashma Barrage,18-04-2014,51277,59000
Indus,Chashma Barrage,19-04-2014,74169,59000
Indus,Chashma Barrage,20-04-2014,76328,59000
Indus,Chashma Barrage,21-04-2014,70631,65000
Indus,Chashma Barrage,22-04-2014,64695,65000
Indus,Chashma Barrage,23-04-2014,62881,65000
Indus,Chashma Barrage,24-04-2014,71009,65000
Indus,Chashma Barrage,25-04-2014,67683,65000
Indus,Chashma Barrage,26-04-2014,58120,65000
Indus,Chashma Barrage,27-04-2014,67849,65000
Indus,Chashma Barrage,28-04-2014,83732,65000
Indus,Chashma Barrage,29-04-2014,74154,70000
Indus,Chashma Barrage,30-04-2014,81424,70000
Indus,Taunsa Barrage,04/01/2014,43828,43828
Indus,Taunsa Barrage,04/02/2014,50928,50928
Indus,Taunsa Barrage,04/03/2014,40277,40277
Indus,Taunsa Barrage,04/04/2014,45011,45011
Indus,Taunsa Barrage,04/05/2014,42644,42644
Indus,Taunsa Barrage,04/06/2014,39094,39094
Indus,Taunsa Barrage,04/07/2014,42644,42644
Indus,Taunsa Barrage,04/08/2014,40277,40277
Indus,Taunsa Barrage,04/09/2014,46194,46194
Indus,Taunsa Barrage,04/10/2014,45011,45011
Indus,Taunsa Barrage,04/11/2014,47377,47377
Indus,Taunsa Barrage,04/12/2014,48561,48561
Indus,Taunsa Barrage,13-04-2014,55776,55776
Indus,Taunsa Barrage,14-04-2014,46198,46198
Indus,Taunsa Barrage,15-04-2014,48565,48565
Indus,Taunsa Barrage,16-04-2014,53747,46679
Indus,Taunsa Barrage,17-04-2014,53824,46394
Indus,Taunsa Barrage,18-04-2014,50388,43906
Indus,Taunsa Barrage,19-04-2014,53047,46594
Indus,Taunsa Barrage,20-04-2014,55723,48869
Indus,Taunsa Barrage,21-04-2014,55805,47778
Indus,Taunsa Barrage,22-04-2014,55897,48861
Indus,Taunsa Barrage,23-04-2014,56361,48861
Indus,Taunsa Barrage,24-04-2014,61127,53595
Indus,Taunsa Barrage,25-04-2014,63793,56263
Indus,Taunsa Barrage,26-04-2014,60970,51933
Indus,Taunsa Barrage,27-04-2014,62161,53161
Indus,Taunsa Barrage,28-04-2014,60957,51932
Indus,Taunsa Barrage,29-04-2014,61147,51932
Indus,Taunsa Barrage,30-04-2014,63916,54389
Indus,Guddu Barrage,04/01/2014,43570,43570
Indus,Guddu Barrage,04/02/2014,42890,42890
Indus,Guddu Barrage,04/03/2014,43760,43760
Indus,Guddu Barrage,04/04/2014,46630,46630
Indus,Guddu Barrage,04/05/2014,46630,46630
Indus,Guddu Barrage,04/06/2014,46630,46630
Indus,Guddu Barrage,04/07/2014,45550,45550
Indus,Guddu Barrage,04/08/2014,42230,42230
Indus,Guddu Barrage,04/09/2014,42230,42230
Indus,Guddu Barrage,04/10/2014,40140,40140
Indus,Guddu Barrage,04/11/2014,40140,40140
Indus,Guddu Barrage,04/12/2014,37335,37335
Indus,Guddu Barrage,13-04-2014,37335,37335
Indus,Guddu Barrage,14-04-2014,41448,41448
Indus,Guddu Barrage,15-04-2014,44280,44280
Indus,Guddu Barrage,16-04-2014,47684,47684
Indus,Guddu Barrage,17-04-2014,47684,47684
Indus,Guddu Barrage,18-04-2014,47684,47684
Indus,Guddu Barrage,19-04-2014,47684,47684
Indus,Guddu Barrage,20-04-2014,47684,47684
Indus,Guddu Barrage,21-04-2014,46330,46330
Indus,Guddu Barrage,22-04-2014,46110,46110
Indus,Guddu Barrage,23-04-2014,46110,46110
Indus,Guddu Barrage,24-04-2014,48890,48890
Indus,Guddu Barrage,25-04-2014,48890,48890
Indus,Guddu Barrage,26-04-2014,51930,51930
Indus,Guddu Barrage,27-04-2014,51930,51930
Indus,Guddu Barrage,28-04-2014,53770,53770
Indus,Guddu Barrage,29-04-2014,53770,53770
Indus,Guddu Barrage,30-04-2014,49860,49860
Indus,Sukkur Barrage,04/01/2014,38150,12850
Indus,Sukkur Barrage,04/02/2014,39341,13666
Indus,Sukkur Barrage,04/03/2014,40450,14625
Indus,Sukkur Barrage,04/04/2014,42795,16120
Indus,Sukkur Barrage,04/05/2014,43390,16120
Indus,Sukkur Barrage,04/06/2014,44720,17050
Indus,Sukkur Barrage,04/07/2014,44720,17050
Indus,Sukkur Barrage,04/08/2014,44920,17050
Indus,Sukkur Barrage,04/09/2014,43120,15225
Indus,Sukkur Barrage,04/10/2014,41040,12145
Indus,Sukkur Barrage,04/11/2014,39350,10455
Indus,Sukkur Barrage,04/12/2014,38230,9360
Indus,Sukkur Barrage,13-04-2014,37290,8270
Indus,Sukkur Barrage,14-04-2014,37290,8270
Indus,Sukkur Barrage,15-04-2014,37295,8050
Indus,Sukkur Barrage,16-04-2014,37395,8050
Indus,Sukkur Barrage,17-04-2014,40655,11160
Indus,Sukkur Barrage,18-04-2014,42430,14030
Indus,Sukkur Barrage,19-04-2014,44233,15333
Indus,Sukkur Barrage,20-04-2014,44708,15333
Indus,Sukkur Barrage,21-04-2014,45053,15333
Indus,Sukkur Barrage,22-04-2014,45358,15333
Indus,Sukkur Barrage,23-04-2014,42860,12635
Indus,Sukkur Barrage,24-04-2014,42890,12635
Indus,Sukkur Barrage,25-04-2014,42945,12635
Indus,Sukkur Barrage,26-04-2014,43005,12645
Indus,Sukkur Barrage,27-04-2014,47570,16760
Indus,Sukkur Barrage,28-04-2014,47730,16760
Indus,Sukkur Barrage,29-04-2014,47785,16760
Indus,Sukkur Barrage,30-04-2014,45500,14250
Indus,Kotri Barrage,04/01/2014,8240,NIL
Indus,Kotri Barrage,04/02/2014,9860,NIL
Indus,Kotri Barrage,04/03/2014,9260,NIL
Indus,Kotri Barrage,04/04/2014,8510,NIL
Indus,Kotri Barrage,04/05/2014,8230,NIL
Indus,Kotri Barrage,04/06/2014,7735,NIL
Indus,Kotri Barrage,04/07/2014,8275,NIL
Indus,Kotri Barrage,04/08/2014,9450,NIL
Indus,Kotri Barrage,04/09/2014,10285,NIL
Indus,Kotri Barrage,04/10/2014,11790,NIL
Indus,Kotri Barrage,04/11/2014,12085,NIL
Indus,Kotri Barrage,04/12/2014,12690,NIL
Indus,Kotri Barrage,13-04-2014,12720,NIL
Indus,Kotri Barrage,14-04-2014,12720,NIL
Indus,Kotri Barrage,15-04-2014,12720,NIL
Indus,Kotri Barrage,16-04-2014,11315,NIL
Indus,Kotri Barrage,17-04-2014,9885,NIL
Indus,Kotri Barrage,18-04-2014,8345,NIL
Indus,Kotri Barrage,19-04-2014,7595,NIL
Indus,Kotri Barrage,20-04-2014,7595,NIL
Indus,Kotri Barrage,21-04-2014,7260,NIL
Indus,Kotri Barrage,22-04-2014,7260,NIL
Indus,Kotri Barrage,23-04-2014,7560,NIL
Indus,Kotri Barrage,24-04-2014,8375,NIL
Indus,Kotri Barrage,25-04-2014,10020,NIL
Indus,Kotri Barrage,26-04-2014,10810,NIL
Indus,Kotri Barrage,27-04-2014,11560,NIL
Indus,Kotri Barrage,28-04-2014,11560,NIL
Indus,Kotri Barrage,29-04-2014,11550,NIL
Indus,Kotri Barrage,30-04-2014,10200,NIL
Indus,Kalabagh,05/01/2014,89674,83074
Indus,Kalabagh,05/02/2014,105252,98652
Indus,Kalabagh,05/03/2014,97020,90020
Indus,Kalabagh,05/04/2014,84964,77964
Indus,Kalabagh,05/05/2014,106436,99436
Indus,Kalabagh,05/06/2014,93687,86687
Indus,Kalabagh,05/07/2014,117656,110156
Indus,Kalabagh,05/08/2014,108940,101440
Indus,Kalabagh,05/09/2014,116513,109013
Indus,Kalabagh,05/10/2014,113334,105845
Indus,Kalabagh,05/11/2014,139299,131799
Indus,Kalabagh,05/12/2014,108427,100927
Indus,Kalabagh,13-05-2014,117417,111117
Indus,Kalabagh,14-05-2014,121529,116029
Indus,Kalabagh,15-05-2014,132943,127443
Indus,Kalabagh,16-05-2014,130859,125359
Indus,Kalabagh,17-05-2014,118909,113409
Indus,Kalabagh,18-05-2014,143143,137643
Indus,Kalabagh,19-05-2014,115864,109364
Indus,Kalabagh,20-05-2014,147826,140842
Indus,Kalabagh,21-05-2014,130339,123339
Indus,Kalabagh,22-05-2014,144719,137219
Indus,Kalabagh,23-05-2014,107034,99534
Indus,Kalabagh,24-05-2014,137771,130271
Indus,Kalabagh,25-05-2014,112876,105376
Indus,Kalabagh,26-05-2014,95637,88137
Indus,Kalabagh,27-05-2014,107063,99563
Indus,Kalabagh,28-05-2014,107803,100303
Indus,Kalabagh,29-05-2014,127861,120361
Indus,Kalabagh,30-05-2014,117437,109937
Indus,Kalabagh,31-05-2014,141031,133531
Indus,Chashma Barrage,05/01/2014,76766,75000
Indus,Chashma Barrage,05/02/2014,86865,75000
Indus,Chashma Barrage,05/03/2014,99363,75000
Indus,Chashma Barrage,05/04/2014,93886,75000
Indus,Chashma Barrage,05/05/2014,100250,80000
Indus,Chashma Barrage,05/06/2014,106400,100000
Indus,Chashma Barrage,05/07/2014,104482,100000
Indus,Chashma Barrage,05/08/2014,101532,110000
Indus,Chashma Barrage,05/09/2014,99400,110000
Indus,Chashma Barrage,05/10/2014,115369,110000
Indus,Chashma Barrage,05/11/2014,124644,117000
Indus,Chashma Barrage,05/12/2014,124794,117000
Indus,Chashma Barrage,13-05-2014,127583,117000
Indus,Chashma Barrage,14-05-2014,128865,117000
Indus,Chashma Barrage,15-05-2014,129246,117000
Indus,Chashma Barrage,16-05-2014,128086,117000
Indus,Chashma Barrage,17-05-2014,109480,117000
Indus,Chashma Barrage,18-05-2014,102525,117000
Indus,Chashma Barrage,19-05-2014,130585,117000
Indus,Chashma Barrage,20-05-2014,119708,122000
Indus,Chashma Barrage,21-05-2014,140637,131000
Indus,Chashma Barrage,22-05-2014,131692,136000
Indus,Chashma Barrage,23-05-2014,154726,131000
Indus,Chashma Barrage,24-05-2014,132430,131000
Indus,Chashma Barrage,25-05-2014,122261,131000
Indus,Chashma Barrage,26-05-2014,128404,138000
Indus,Chashma Barrage,27-05-2014,119549,136646
Indus,Chashma Barrage,28-05-2014,145664,138000
Indus,Chashma Barrage,29-05-2014,143768,138000
Indus,Chashma Barrage,30-05-2014,150609,138000
Indus,Chashma Barrage,31-05-2014,178160,138000
Indus,Taunsa Barrage,05/01/2014,63853,54389
Indus,Taunsa Barrage,05/02/2014,66372,56848
Indus,Taunsa Barrage,05/03/2014,68096,57227
Indus,Taunsa Barrage,05/04/2014,70631,61590
Indus,Taunsa Barrage,05/05/2014,70929,61825
Indus,Taunsa Barrage,05/06/2014,70845,61825
Indus,Taunsa Barrage,05/07/2014,77758,67240
Indus,Taunsa Barrage,05/08/2014,76339,65789
Indus,Taunsa Barrage,05/09/2014,84289,71795
Indus,Taunsa Barrage,05/10/2014,96603,76777
Indus,Taunsa Barrage,05/11/2014,102320,82568
Indus,Taunsa Barrage,05/12/2014,104755,83659
Indus,Taunsa Barrage,13-05-2014,107025,84136
Indus,Taunsa Barrage,14-05-2014,107032,84230
Indus,Taunsa Barrage,15-05-2014,107090,84230
Indus,Taunsa Barrage,16-05-2014,106759,86197
Indus,Taunsa Barrage,17-05-2014,109563,93563
Indus,Taunsa Barrage,18-05-2014,112588,95088
Indus,Taunsa Barrage,19-05-2014,111903,91888
Indus,Taunsa Barrage,20-05-2014,110547,90008
Indus,Taunsa Barrage,21-05-2014,107246,86684
Indus,Taunsa Barrage,22-05-2014,107579,86732
Indus,Taunsa Barrage,23-05-2014,110003,89856
Indus,Taunsa Barrage,24-05-2014,117021,97060
Indus,Taunsa Barrage,25-05-2014,118025,98483
Indus,Taunsa Barrage,26-05-2014,107969,94058
Indus,Taunsa Barrage,27-05-2014,111911,97355
Indus,Taunsa Barrage,28-05-2014,115717,100612
Indus,Taunsa Barrage,29-05-2014,112172,101961
Indus,Taunsa Barrage,30-05-2014,112645,102376
Indus,Taunsa Barrage,31-05-2014,114077,103746
Indus,Guddu Barrage,05/01/2014,52781,52481
Indus,Guddu Barrage,05/02/2014,52781,52481
Indus,Guddu Barrage,05/03/2014,52481,52481
Indus,Guddu Barrage,05/04/2014,52481,52481
Indus,Guddu Barrage,05/05/2014,52481,52481
Indus,Guddu Barrage,05/06/2014,51325,51325
Indus,Guddu Barrage,05/07/2014,52900,52900
Indus,Guddu Barrage,05/08/2014,54264,54264
Indus,Guddu Barrage,05/09/2014,55224,55224
Indus,Guddu Barrage,05/10/2014,55224,52224
Indus,Guddu Barrage,05/11/2014,55224,55224
Indus,Guddu Barrage,05/12/2014,63800,59795
Indus,Guddu Barrage,13-05-2014,71250,67245
Indus,Guddu Barrage,14-05-2014,77245,74177
Indus,Guddu Barrage,15-05-2014,88951,85333
Indus,Guddu Barrage,16-05-2014,89420,85333
Indus,Guddu Barrage,17-05-2014,86361,82763
Indus,Guddu Barrage,18-05-2014,81954,78356
Indus,Guddu Barrage,19-05-2014,82976,78356
Indus,Guddu Barrage,20-05-2014,84375,79755
Indus,Guddu Barrage,21-05-2014,88024,81880
Indus,Guddu Barrage,22-05-2014,85109,76555
Indus,Guddu Barrage,23-05-2014,85166,74132
Indus,Guddu Barrage,24-05-2014,81473,68743
Indus,Guddu Barrage,25-05-2014,81473,68743
Indus,Guddu Barrage,26-05-2014,83653,70529
Indus,Guddu Barrage,27-05-2014,84391,70665
Indus,Guddu Barrage,28-05-2014,88461,74429
Indus,Guddu Barrage,29-05-2014,86970,72840
Indus,Guddu Barrage,30-05-2014,87165,71419
Indus,Guddu Barrage,31-05-2014,89671,73431
Indus,Sukkur Barrage,05/01/2014,45500,14250
Indus,Sukkur Barrage,05/02/2014,45500,14250
Indus,Sukkur Barrage,05/03/2014,44385,12635
Indus,Sukkur Barrage,05/04/2014,43885,12635
Indus,Sukkur Barrage,05/05/2014,44435,12635
Indus,Sukkur Barrage,05/06/2014,42475,10755
Indus,Sukkur Barrage,05/07/2014,42490,10755
Indus,Sukkur Barrage,05/08/2014,44015,11760
Indus,Sukkur Barrage,05/09/2014,46819,14414
Indus,Sukkur Barrage,05/10/2014,46839,14414
Indus,Sukkur Barrage,05/11/2014,49153,16028
Indus,Sukkur Barrage,05/12/2014,49315,16090
Indus,Sukkur Barrage,13-05-2014,50985,17510
Indus,Sukkur Barrage,14-05-2014,53475,19950
Indus,Sukkur Barrage,15-05-2014,60165,26740
Indus,Sukkur Barrage,16-05-2014,67750,33830
Indus,Sukkur Barrage,17-05-2014,72480,37710
Indus,Sukkur Barrage,18-05-2014,72965,37710
Indus,Sukkur Barrage,19-05-2014,68815,33185
Indus,Sukkur Barrage,20-05-2014,68213,31788
Indus,Sukkur Barrage,21-05-2014,65240,28480
Indus,Sukkur Barrage,22-05-2014,65775,28480
Indus,Sukkur Barrage,23-05-2014,62835,24905
Indus,Sukkur Barrage,24-05-2014,61966,23666
Indus,Sukkur Barrage,25-05-2014,60080,21430
Indus,Sukkur Barrage,26-05-2014,57816,19016
Indus,Sukkur Barrage,27-05-2014,57640,18340
Indus,Sukkur Barrage,28-05-2014,60304,20029
Indus,Sukkur Barrage,29-05-2014,60554,20029
Indus,Sukkur Barrage,30-05-2014,60755,19330
Indus,Sukkur Barrage,31-05-2014,60010,19330
Indus,Kotri Barrage,05/01/2014,10200,NIL
Indus,Kotri Barrage,05/02/2014,10200,NIL
Indus,Kotri Barrage,05/03/2014,10360,NIL
Indus,Kotri Barrage,05/04/2014,11800,NIL
Indus,Kotri Barrage,05/05/2014,12500,NIL
Indus,Kotri Barrage,05/06/2014,11100,NIL
Indus,Kotri Barrage,05/07/2014,11100,NIL
Indus,Kotri Barrage,05/08/2014,11100,NIL
Indus,Kotri Barrage,05/09/2014,10120,NIL
Indus,Kotri Barrage,05/10/2014,9990,NIL
Indus,Kotri Barrage,05/11/2014,9230,NIL
Indus,Kotri Barrage,05/12/2014,9080,NIL
Indus,Kotri Barrage,13-05-2014,9010,NIL
Indus,Kotri Barrage,14-05-2014,9010,NIL
Indus,Kotri Barrage,15-05-2014,9360,NIL
Indus,Kotri Barrage,16-05-2014,9360,NIL
Indus,Kotri Barrage,17-05-2014,11545,NIL
Indus,Kotri Barrage,18-05-2014,11645,NIL
Indus,Kotri Barrage,19-05-2014,13315,NIL
Indus,Kotri Barrage,20-05-2014,15595,NIL
Indus,Kotri Barrage,21-05-2014,21575,NIL
Indus,Kotri Barrage,22-05-2014,25185,NIL
Indus,Kotri Barrage,23-05-2014,26610,1075
Indus,Kotri Barrage,24-05-2014,30620,6405
Indus,Kotri Barrage,25-05-2014,26677,1882
Indus,Kotri Barrage,26-05-2014,26489,1344
Indus,Kotri Barrage,27-05-2014,25631,806
Indus,Kotri Barrage,28-05-2014,25463,538
Indus,Kotri Barrage,29-05-2014,22775,NIL
Indus,Kotri Barrage,30-05-2014,21805,NIL
Indus,Kotri Barrage,31-05-2014,20485,NIL
Indus,Kalabagh,06/01/2014,133401,125901
Indus,Kalabagh,06/02/2014,122947,115447
Indus,Kalabagh,06/03/2014,142577,135077
Indus,Kalabagh,06/04/2014,133344,125844
Indus,Kalabagh,06/05/2014,144751,137251
Indus,Kalabagh,06/06/2014,133600,126100
Indus,Kalabagh,06/07/2014,132031,124531
Indus,Kalabagh,06/08/2014,143951,136451
Indus,Kalabagh,06/09/2014,133686,126186
Indus,Kalabagh,06/10/2014,164872,157386
Indus,Kalabagh,06/11/2014,182283,175983
Indus,Kalabagh,06/12/2014,164648,159148
Indus,Kalabagh,13-06-2014,172979,167479
Indus,Kalabagh,14-06-2014,171138,166138
Indus,Kalabagh,15-06-2014,168844,163244
Indus,Kalabagh,16-06-2014,179425,173425
Indus,Kalabagh,17-06-2014,179989,172489
Indus,Kalabagh,18-06-2014,202681,195181
Indus,Kalabagh,19-06-2014,190929,183429
Indus,Kalabagh,20-06-2014,185182,177197
Indus,Kalabagh,21-06-2014,201621,193621
Indus,Kalabagh,22-06-2014,182175,174175
Indus,Kalabagh,23-06-2014,197654,189654
Indus,Kalabagh,24-06-2014,182752,174752
Indus,Kalabagh,25-06-2014,175110,167110
Indus,Kalabagh,26-06-2014,230754,222754
Indus,Kalabagh,27-06-2014,209054,201054
Indus,Kalabagh,28-06-2014,239421,231421
Indus,Kalabagh,29-06-2014,227613,219613
Indus,Kalabagh,30-06-2014,236340,228340
Indus,Chashma Barrage,06/01/2014,174632,147000
Indus,Chashma Barrage,06/02/2014,174057,147000
Indus,Chashma Barrage,06/03/2014,163600,157000
Indus,Chashma Barrage,06/04/2014,155691,157000
Indus,Chashma Barrage,06/05/2014,139973,157000
Indus,Chashma Barrage,06/06/2014,159043,157000
Indus,Chashma Barrage,06/07/2014,159504,170000
Indus,Chashma Barrage,06/08/2014,171670,170000
Indus,Chashma Barrage,06/09/2014,191130,180000
Indus,Chashma Barrage,06/10/2014,196740,180000
Indus,Chashma Barrage,06/11/2014,204160,190000
Indus,Chashma Barrage,06/12/2014,196400,190000
Indus,Chashma Barrage,13-06-2014,198617,190000
Indus,Chashma Barrage,14-06-2014,202555,190000
Indus,Chashma Barrage,15-06-2014,196920,200000
Indus,Chashma Barrage,16-06-2014,209626,200000
Indus,Chashma Barrage,17-06-2014,213785,200000
Indus,Chashma Barrage,18-06-2014,209798,213000
Indus,Chashma Barrage,19-06-2014,232310,220000
Indus,Chashma Barrage,20-06-2014,235016,220000
Indus,Chashma Barrage,21-06-2014,236160,220000
Indus,Chashma Barrage,22-06-2014,232212,220000
Indus,Chashma Barrage,23-06-2014,220981,240000
Indus,Chashma Barrage,24-06-2014,228749,240000
Indus,Chashma Barrage,25-06-2014,204288,234382
Indus,Chashma Barrage,26-06-2014,229674,223274
Indus,Chashma Barrage,27-06-2014,273106,240000
Indus,Chashma Barrage,28-06-2014,253382,240000
Indus,Chashma Barrage,29-06-2014,255997,240000
Indus,Chashma Barrage,30-06-2014,254360,240000
Indus,Taunsa Barrage,06/01/2014,114132,103746
Indus,Taunsa Barrage,06/02/2014,115538,105017
Indus,Taunsa Barrage,06/03/2014,115714,105158
Indus,Taunsa Barrage,06/04/2014,121100,108728
Indus,Taunsa Barrage,06/05/2014,121119,108770
Indus,Taunsa Barrage,06/06/2014,123269,111560
Indus,Taunsa Barrage,06/07/2014,125668,113624
Indus,Taunsa Barrage,06/08/2014,125682,113624
Indus,Taunsa Barrage,06/09/2014,126112,113739
Indus,Taunsa Barrage,06/10/2014,131493,117864
Indus,Taunsa Barrage,06/11/2014,134571,120789
Indus,Taunsa Barrage,06/12/2014,139074,125755
Indus,Taunsa Barrage,13-06-2014,146189,132191
Indus,Taunsa Barrage,14-06-2014,150660,137082
Indus,Taunsa Barrage,15-06-2014,149011,135565
Indus,Taunsa Barrage,16-06-2014,151929,138373
Indus,Taunsa Barrage,17-06-2014,154544,140675
Indus,Taunsa Barrage,18-06-2014,157721,144209
Indus,Taunsa Barrage,19-06-2014,159877,146203
Indus,Taunsa Barrage,20-06-2014,170251,155734
Indus,Taunsa Barrage,21-06-2014,170205,154202
Indus,Taunsa Barrage,22-06-2014,170542,155193
Indus,Taunsa Barrage,23-06-2014,174994,159257
Indus,Taunsa Barrage,24-06-2014,177515,161347
Indus,Taunsa Barrage,25-06-2014,190015,172456
Indus,Taunsa Barrage,26-06-2014,196709,178315
Indus,Taunsa Barrage,27-06-2014,200344,181935
Indus,Taunsa Barrage,28-06-2014,222389,202344
Indus,Taunsa Barrage,29-06-2014,231242,210430
Indus,Taunsa Barrage,30-06-2014,229641,208838
Indus,Guddu Barrage,06/01/2014,89671,73431
Indus,Guddu Barrage,06/02/2014,88335,70801
Indus,Guddu Barrage,06/03/2014,91220,72260
Indus,Guddu Barrage,06/04/2014,90057,71303
Indus,Guddu Barrage,06/05/2014,89820,70332
Indus,Guddu Barrage,06/06/2014,89539,69349
Indus,Guddu Barrage,06/07/2014,90477,70088
Indus,Guddu Barrage,06/08/2014,88932,68852
Indus,Guddu Barrage,06/09/2014,89289,69101
Indus,Guddu Barrage,06/10/2014,94024,71626
Indus,Guddu Barrage,06/11/2014,99473,73903
Indus,Guddu Barrage,06/12/2014,100000,74166
Indus,Guddu Barrage,13-06-2014,103221,74951
Indus,Guddu Barrage,14-06-2014,106631,79334
Indus,Guddu Barrage,15-06-2014,110032,82735
Indus,Guddu Barrage,16-06-2014,113936,84854
Indus,Guddu Barrage,17-06-2014,119304,89754
Indus,Guddu Barrage,18-06-2014,121438,91748
Indus,Guddu Barrage,19-06-2014,121438,91748
Indus,Guddu Barrage,20-06-2014,121438,91748
Indus,Guddu Barrage,21-06-2014,119008,89843
Indus,Guddu Barrage,22-06-2014,121055,89843
Indus,Guddu Barrage,23-06-2014,128238,94228
Indus,Guddu Barrage,24-06-2014,134094,98481
Indus,Guddu Barrage,25-06-2014,154955,121293
Indus,Guddu Barrage,26-06-2014,154955,121293
Indus,Guddu Barrage,27-06-2014,159661,124102
Indus,Guddu Barrage,28-06-2014,164666,127754
Indus,Guddu Barrage,29-06-2014,168171,130451
Indus,Guddu Barrage,30-06-2014,169008,131696
Indus,Sukkur Barrage,06/01/2014,58445,17615
Indus,Sukkur Barrage,06/02/2014,57565,14090
Indus,Sukkur Barrage,06/03/2014,57570,14020
Indus,Sukkur Barrage,06/04/2014,57295,14000
Indus,Sukkur Barrage,06/05/2014,57295,14000
Indus,Sukkur Barrage,06/06/2014,56925,14000
Indus,Sukkur Barrage,06/07/2014,57345,14000
Indus,Sukkur Barrage,06/08/2014,57345,14000
Indus,Sukkur Barrage,06/09/2014,56610,13800
Indus,Sukkur Barrage,06/10/2014,56610,13800
Indus,Sukkur Barrage,06/11/2014,56610,13800
Indus,Sukkur Barrage,06/12/2014,57885,14650
Indus,Sukkur Barrage,13-06-2014,58955,15470
Indus,Sukkur Barrage,14-06-2014,60210,16250
Indus,Sukkur Barrage,15-06-2014,62785,18060
Indus,Sukkur Barrage,16-06-2014,66010,20005
Indus,Sukkur Barrage,17-06-2014,67265,20800
Indus,Sukkur Barrage,18-06-2014,70120,23500
Indus,Sukkur Barrage,19-06-2014,73235,25050
Indus,Sukkur Barrage,20-06-2014,73385,25350
Indus,Sukkur Barrage,21-06-2014,72275,25240
Indus,Sukkur Barrage,22-06-2014,71720,25240
Indus,Sukkur Barrage,23-06-2014,72135,25350
Indus,Sukkur Barrage,24-06-2014,72135,25350
Indus,Sukkur Barrage,25-06-2014,75910,28015
Indus,Sukkur Barrage,26-06-2014,82685,34015
Indus,Sukkur Barrage,27-06-2014,90405,41035
Indus,Sukkur Barrage,28-06-2014,92005,41845
Indus,Sukkur Barrage,29-06-2014,96034,42744
Indus,Sukkur Barrage,30-06-2014,100098,45852
Indus,Kotri Barrage,06/01/2014,18265,NIL
Indus,Kotri Barrage,06/02/2014,17455,NIL
Indus,Kotri Barrage,06/03/2014,17455,NIL
Indus,Kotri Barrage,06/04/2014,17385,NIL
Indus,Kotri Barrage,06/05/2014,17385,NIL
Indus,Kotri Barrage,06/06/2014,17281,NIL
Indus,Kotri Barrage,06/07/2014,15805,NIL
Indus,Kotri Barrage,06/08/2014,12705,NIL
Indus,Kotri Barrage,06/09/2014,12625,NIL
Indus,Kotri Barrage,06/10/2014,12605,NIL
Indus,Kotri Barrage,06/11/2014,12575,NIL
Indus,Kotri Barrage,06/12/2014,12515,NIL
Indus,Kotri Barrage,13-06-2014,12505,NIL
Indus,Kotri Barrage,14-06-2014,12505,NIL
Indus,Kotri Barrage,15-06-2014,12115,NIL
Indus,Kotri Barrage,16-06-2014,12115,NIL
Indus,Kotri Barrage,17-06-2014,12115,NIL
Indus,Kotri Barrage,18-06-2014,12115,NIL
Indus,Kotri Barrage,19-06-2014,12710,NIL
Indus,Kotri Barrage,20-06-2014,13135,NIL
Indus,Kotri Barrage,21-06-2014,13715,NIL
Indus,Kotri Barrage,22-06-2014,14015,NIL
Indus,Kotri Barrage,23-06-2014,15795,NIL
Indus,Kotri Barrage,24-06-2014,16915,NIL
Indus,Kotri Barrage,25-06-2014,18765,NIL
Indus,Kotri Barrage,26-06-2014,19700,NIL
Indus,Kotri Barrage,27-06-2014,20335,NIL
Indus,Kotri Barrage,28-06-2014,20390,NIL
Indus,Kotri Barrage,29-06-2014,20390,NIL
Indus,Kotri Barrage,30-06-2014,20390,NIL
Indus,Kalabagh,07/01/2014,250992,242992
Indus,Kalabagh,07/02/2014,245108,237108
Indus,Kalabagh,07/03/2014,250200,241900
Indus,Kalabagh,07/04/2014,248519,240219
Indus,Kalabagh,07/05/2014,245473,237173
Indus,Kalabagh,07/06/2014,224783,216483
Indus,Kalabagh,07/07/2014,247658,239358
Indus,Kalabagh,07/08/2014,245154,236854
Indus,Kalabagh,07/09/2014,248898,240598
Indus,Kalabagh,07/10/2014,244441,236159
Indus,Kalabagh,07/11/2014,240065,231765
Indus,Kalabagh,07/12/2014,235218,226918
Indus,Kalabagh,13-07-2014,231556,223256
Indus,Kalabagh,14-07-2014,234312,226012
Indus,Kalabagh,15-07-2014,238629,230329
Indus,Kalabagh,16-07-2014,239555,231255
Indus,Kalabagh,17-07-2014,247625,239325
Indus,Kalabagh,18-07-2014,251155,242855
Indus,Kalabagh,19-07-2014,248321,240021
Indus,Kalabagh,20-07-2014,241169,232880
Indus,Kalabagh,21-07-2014,226136,217836
Indus,Kalabagh,22-07-2014,226135,217835
Indus,Kalabagh,23-07-2014,241633,233333
Indus,Kalabagh,24-07-2014,231397,223097
Indus,Kalabagh,25-07-2014,242533,234233
Indus,Kalabagh,26-07-2014,237519,229219
Indus,Kalabagh,27-07-2014,237977,229677
Indus,Kalabagh,28-07-2014,224994,216694
Indus,Kalabagh,29-07-2014,255889,247589
Indus,Kalabagh,30-07-2014,239109,231309
Indus,Kalabagh,31-07-2014,242253,234453
Indus,Chashma Barrage,07/01/2014,254273,240000
Indus,Chashma Barrage,07/02/2014,259689,240000
Indus,Chashma Barrage,07/03/2014,255234,240000
Indus,Chashma Barrage,07/04/2014,257800,240000
Indus,Chashma Barrage,07/05/2014,235000,240000
Indus,Chashma Barrage,07/06/2014,243143,240000
Indus,Chashma Barrage,07/07/2014,229995,240000
Indus,Chashma Barrage,07/08/2014,245169,240000
Indus,Chashma Barrage,07/09/2014,237784,240000
Indus,Chashma Barrage,07/10/2014,252555,240000
Indus,Chashma Barrage,07/11/2014,238862,230000
Indus,Chashma Barrage,07/12/2014,225566,230000
Indus,Chashma Barrage,13-07-2014,233074,230000
Indus,Chashma Barrage,14-07-2014,225857,225000
Indus,Chashma Barrage,15-07-2014,234726,225000
Indus,Chashma Barrage,16-07-2014,229183,225000
Indus,Chashma Barrage,17-07-2014,228240,225000
Indus,Chashma Barrage,18-07-2014,239460,215000
Indus,Chashma Barrage,19-07-2014,239940,215000
Indus,Chashma Barrage,20-07-2014,232507,215000
Indus,Chashma Barrage,21-07-2014,217992,215000
Indus,Chashma Barrage,22-07-2014,224451,215000
Indus,Chashma Barrage,23-07-2014,231476,215000
Indus,Chashma Barrage,24-07-2014,242480,215000
Indus,Chashma Barrage,25-07-2014,231292,215000
Indus,Chashma Barrage,26-07-2014,245403,215000
Indus,Chashma Barrage,27-07-2014,234543,215000
Indus,Chashma Barrage,28-07-2014,249196,214149
Indus,Chashma Barrage,29-07-2014,240052,228652
Indus,Chashma Barrage,30-07-2014,233152,221752
Indus,Chashma Barrage,31-07-2014,224339,212939
Indus,Taunsa Barrage,07/01/2014,227299,206797
Indus,Taunsa Barrage,07/02/2014,229434,208759
Indus,Taunsa Barrage,07/03/2014,229428,208759
Indus,Taunsa Barrage,07/04/2014,253529,230698
Indus,Taunsa Barrage,07/05/2014,248546,226133
Indus,Taunsa Barrage,07/06/2014,245280,223205
Indus,Taunsa Barrage,07/07/2014,260529,236667
Indus,Taunsa Barrage,07/08/2014,257790,233777
Indus,Taunsa Barrage,07/09/2014,253972,228691
Indus,Taunsa Barrage,07/10/2014,251973,227511
Indus,Taunsa Barrage,07/11/2014,257362,233797
Indus,Taunsa Barrage,07/12/2014,250368,226773
Indus,Taunsa Barrage,13-07-2014,244066,216366
Indus,Taunsa Barrage,14-07-2014,256221,228261
Indus,Taunsa Barrage,15-07-2014,251889,223910
Indus,Taunsa Barrage,16-07-2014,247662,219762
Indus,Taunsa Barrage,17-07-2014,252187,224206
Indus,Taunsa Barrage,18-07-2014,267352,247412
Indus,Taunsa Barrage,19-07-2014,251913,227943
Indus,Taunsa Barrage,20-07-2014,248375,224419
Indus,Taunsa Barrage,21-07-2014,240187,216224
Indus,Taunsa Barrage,22-07-2014,237104,213154
Indus,Taunsa Barrage,23-07-2014,237054,213154
Indus,Taunsa Barrage,24-07-2014,231649,207679
Indus,Taunsa Barrage,25-07-2014,239685,215754
Indus,Taunsa Barrage,26-07-2014,242437,218502
Indus,Taunsa Barrage,27-07-2014,244402,218502
Indus,Taunsa Barrage,28-07-2014,237484,209571
Indus,Taunsa Barrage,29-07-2014,241958,214058
Indus,Taunsa Barrage,30-07-2014,257604,229698
Indus,Taunsa Barrage,31-07-2014,248351,220391
Indus,Guddu Barrage,07/01/2014,172111,133591
Indus,Guddu Barrage,07/02/2014,185843,146227
Indus,Guddu Barrage,07/03/2014,200349,161500
Indus,Guddu Barrage,07/04/2014,201032,162683
Indus,Guddu Barrage,07/05/2014,205073,166724
Indus,Guddu Barrage,07/06/2014,202429,163412
Indus,Guddu Barrage,07/07/2014,199037,158618
Indus,Guddu Barrage,07/08/2014,194029,154610
Indus,Guddu Barrage,07/09/2014,186093,147270
Indus,Guddu Barrage,07/10/2014,202242,163373
Indus,Guddu Barrage,07/11/2014,215850,176237
Indus,Guddu Barrage,07/12/2014,216052,176237
Indus,Guddu Barrage,13-07-2014,213309,173292
Indus,Guddu Barrage,14-07-2014,212715,173292
Indus,Guddu Barrage,15-07-2014,198486,159063
Indus,Guddu Barrage,16-07-2014,191526,151809
Indus,Guddu Barrage,17-07-2014,187437,149519
Indus,Guddu Barrage,18-07-2014,187143,149519
Indus,Guddu Barrage,19-07-2014,199006,161088
Indus,Guddu Barrage,20-07-2014,200643,162118
Indus,Guddu Barrage,21-07-2014,204022,165787
Indus,Guddu Barrage,22-07-2014,205112,166840
Indus,Guddu Barrage,23-07-2014,198780,160506
Indus,Guddu Barrage,24-07-2014,191710,155448
Indus,Guddu Barrage,25-07-2014,191316,155448
Indus,Guddu Barrage,26-07-2014,191316,155448
Indus,Guddu Barrage,27-07-2014,194890,159022
Indus,Guddu Barrage,28-07-2014,197681,162118
Indus,Guddu Barrage,29-07-2014,197681,162118
Indus,Guddu Barrage,30-07-2014,195738,162118
Indus,Guddu Barrage,31-07-2014,195738,162118
Indus,Sukkur Barrage,07/01/2014,103295,48665
Indus,Sukkur Barrage,07/02/2014,108310,52480
Indus,Sukkur Barrage,07/03/2014,116785,60955
Indus,Sukkur Barrage,07/04/2014,125530,69500
Indus,Sukkur Barrage,07/05/2014,137360,81330
Indus,Sukkur Barrage,07/06/2014,139125,83295
Indus,Sukkur Barrage,07/07/2014,136566,80736
Indus,Sukkur Barrage,07/08/2014,129540,73710
Indus,Sukkur Barrage,07/09/2014,125480,69650
Indus,Sukkur Barrage,07/10/2014,120502,64672
Indus,Sukkur Barrage,07/11/2014,125840,70010
Indus,Sukkur Barrage,07/12/2014,140390,84560
Indus,Sukkur Barrage,13-07-2014,142350,86520
Indus,Sukkur Barrage,14-07-2014,142400,86520
Indus,Sukkur Barrage,15-07-2014,140440,84560
Indus,Sukkur Barrage,16-07-2014,133030,77200
Indus,Sukkur Barrage,17-07-2014,128350,72520
Indus,Sukkur Barrage,18-07-2014,126320,70490
Indus,Sukkur Barrage,19-07-2014,126320,70490
Indus,Sukkur Barrage,20-07-2014,133007,77177
Indus,Sukkur Barrage,21-07-2014,138010,82180
Indus,Sukkur Barrage,22-07-2014,142265,86185
Indus,Sukkur Barrage,23-07-2014,145534,89504
Indus,Sukkur Barrage,24-07-2014,142215,86185
Indus,Sukkur Barrage,25-07-2014,142185,86185
Indus,Sukkur Barrage,26-07-2014,142145,86185
Indus,Sukkur Barrage,27-07-2014,138580,82725
Indus,Sukkur Barrage,28-07-2014,140440,84560
Indus,Sukkur Barrage,29-07-2014,144140,88615
Indus,Sukkur Barrage,30-07-2014,146445,90990
Indus,Sukkur Barrage,31-07-2014,146060,90990
Indus,Kotri Barrage,07/01/2014,24605,NIL
Indus,Kotri Barrage,07/02/2014,29235,NIL
Indus,Kotri Barrage,07/03/2014,35555,NIL
Indus,Kotri Barrage,07/04/2014,36605,NIL
Indus,Kotri Barrage,07/05/2014,38045,NIL
Indus,Kotri Barrage,07/06/2014,41529,3144
Indus,Kotri Barrage,07/07/2014,48584,9609
Indus,Kotri Barrage,07/08/2014,55248,16073
Indus,Kotri Barrage,07/09/2014,62124,22669
Indus,Kotri Barrage,07/10/2014,70457,30942
Indus,Kotri Barrage,07/11/2014,70487,30942
Indus,Kotri Barrage,07/12/2014,68830,29285
Indus,Kotri Barrage,13-07-2014,63329,22964
Indus,Kotri Barrage,14-07-2014,60429,19914
Indus,Kotri Barrage,15-07-2014,58260,18355
Indus,Kotri Barrage,16-07-2014,63160,23255
Indus,Kotri Barrage,17-07-2014,67662,27617
Indus,Kotri Barrage,18-07-2014,72014,31982
Indus,Kotri Barrage,19-07-2014,72157,31982
Indus,Kotri Barrage,20-07-2014,70859,30544
Indus,Kotri Barrage,21-07-2014,66583,26128
Indus,Kotri Barrage,22-07-2014,64751,24296
Indus,Kotri Barrage,23-07-2014,63438,22983
Indus,Kotri Barrage,24-07-2014,63438,22913
Indus,Kotri Barrage,25-07-2014,65682,26127
Indus,Kotri Barrage,26-07-2014,72024,34969
Indus,Kotri Barrage,27-07-2014,74154,34969
Indus,Kotri Barrage,28-07-2014,74574,34969
Indus,Kotri Barrage,29-07-2014,73257,33442
Indus,Kotri Barrage,30-07-2014,69030,30545
Indus,Kotri Barrage,31-07-2014,68188,32143
Indus,Kalabagh,08/01/2014,219071,211271
Indus,Kalabagh,08/02/2014,216863,209063
Indus,Kalabagh,08/03/2014,226016,218216
Indus,Kalabagh,08/04/2014,217947,210147
Indus,Kalabagh,08/05/2014,193572,185372
Indus,Kalabagh,08/06/2014,231539,223339
Indus,Kalabagh,08/07/2014,220132,211932
Indus,Kalabagh,08/08/2014,209617,201417
Indus,Kalabagh,08/09/2014,233412,225212
Indus,Kalabagh,08/10/2014,243925,235737
Indus,Kalabagh,08/11/2014,245594,237394
Indus,Kalabagh,08/12/2014,219487,211287
Indus,Kalabagh,13-08-2014,211037,202837
Indus,Kalabagh,14-08-2014,209442,201242
Indus,Kalabagh,15-08-2014,219781,211481
Indus,Kalabagh,16-08-2014,253808,245508
Indus,Kalabagh,17-08-2014,251142,243458
Indus,Kalabagh,18-08-2014,239623,232939
Indus,Kalabagh,19-08-2014,216276,209276
Indus,Kalabagh,20-08-2014,193871,186385
Indus,Kalabagh,21-08-2014,140006,131706
Indus,Kalabagh,22-08-2014,123734,115734
Indus,Kalabagh,23-08-2014,122975,114975
Indus,Kalabagh,24-08-2014,178859,170859
Indus,Kalabagh,25-08-2014,190850,182834
Indus,Kalabagh,26-08-2014,192920,184904
Indus,Kalabagh,27-08-2014,208108,200708
Indus,Kalabagh,28-08-2014,188939,181539
Indus,Kalabagh,29-08-2014,177556,170156
Indus,Kalabagh,30-08-2014,178804,171404
Indus,Kalabagh,31-08-2014,186485,178485
Indus,Chashma Barrage,08/01/2014,200088,205000
Indus,Chashma Barrage,08/02/2014,204179,205000
Indus,Chashma Barrage,08/03/2014,224543,205000
Indus,Chashma Barrage,08/04/2014,228634,205000
Indus,Chashma Barrage,08/05/2014,200909,205000
Indus,Chashma Barrage,08/06/2014,189630,205000
Indus,Chashma Barrage,08/07/2014,212784,205000
Indus,Chashma Barrage,08/08/2014,220719,205000
Indus,Chashma Barrage,08/09/2014,232432,205000
Indus,Chashma Barrage,08/10/2014,252614,205000
Indus,Chashma Barrage,08/11/2014,255452,205000
Indus,Chashma Barrage,08/12/2014,267053,238595
Indus,Chashma Barrage,13-08-2014,236278,211898
Indus,Chashma Barrage,14-08-2014,207361,205000
Indus,Chashma Barrage,15-08-2014,224494,205000
Indus,Chashma Barrage,16-08-2014,216237,205000
Indus,Chashma Barrage,17-08-2014,276843,217416
Indus,Chashma Barrage,18-08-2014,274625,250245
Indus,Chashma Barrage,19-08-2014,268834,244454
Indus,Chashma Barrage,20-08-2014,213068,205000
Indus,Chashma Barrage,21-08-2014,165742,190000
Indus,Chashma Barrage,22-08-2014,148918,165000
Indus,Chashma Barrage,23-08-2014,179714,165000
Indus,Chashma Barrage,24-08-2014,202131,165000
Indus,Chashma Barrage,25-08-2014,197435,165000
Indus,Chashma Barrage,26-08-2014,191675,165000
Indus,Chashma Barrage,27-08-2014,201484,165000
Indus,Chashma Barrage,28-08-2014,201483,165000
Indus,Chashma Barrage,29-08-2014,171116,165250
Indus,Chashma Barrage,30-08-2014,166921,165000
Indus,Chashma Barrage,31-08-2014,172796,165000
Indus,Taunsa Barrage,08/01/2014,243514,215550
Indus,Taunsa Barrage,08/02/2014,222140,194666
Indus,Taunsa Barrage,08/03/2014,222066,194666
Indus,Taunsa Barrage,08/04/2014,225537,198105
Indus,Taunsa Barrage,08/05/2014,221280,193316
Indus,Taunsa Barrage,08/06/2014,219154,191254
Indus,Taunsa Barrage,08/07/2014,219196,191254
Indus,Taunsa Barrage,08/08/2014,216106,188501
Indus,Taunsa Barrage,08/09/2014,209908,182957
Indus,Taunsa Barrage,08/10/2014,209941,183124
Indus,Taunsa Barrage,08/11/2014,214583,187795
Indus,Taunsa Barrage,08/12/2014,212678,186267
Indus,Taunsa Barrage,13-08-2014,241048,213099
Indus,Taunsa Barrage,14-08-2014,227686,199786
Indus,Taunsa Barrage,15-08-2014,202677,177319
Indus,Taunsa Barrage,16-08-2014,206176,180085
Indus,Taunsa Barrage,17-08-2014,209518,182824
Indus,Taunsa Barrage,18-08-2014,216678,189602
Indus,Taunsa Barrage,19-08-2014,235297,207369
Indus,Taunsa Barrage,20-08-2014,252537,224566
Indus,Taunsa Barrage,21-08-2014,225680,197736
Indus,Taunsa Barrage,22-08-2014,202486,174586
Indus,Taunsa Barrage,23-08-2014,169857,144319
Indus,Taunsa Barrage,24-08-2014,149272,121372
Indus,Taunsa Barrage,25-08-2014,163112,135176
Indus,Taunsa Barrage,26-08-2014,158956,131261
Indus,Taunsa Barrage,27-08-2014,158861,131261
Indus,Taunsa Barrage,28-08-2014,156922,129304
Indus,Taunsa Barrage,29-08-2014,149757,122464
Indus,Taunsa Barrage,30-08-2014,150099,122464
Indus,Taunsa Barrage,31-08-2014,155064,127164
Indus,Guddu Barrage,08/01/2014,194800,160570
Indus,Guddu Barrage,08/02/2014,201524,171554
Indus,Guddu Barrage,08/03/2014,202958,173928
Indus,Guddu Barrage,08/04/2014,193875,163695
Indus,Guddu Barrage,08/05/2014,187010,155038
Indus,Guddu Barrage,08/06/2014,186206,153575
Indus,Guddu Barrage,08/07/2014,186497,153090
Indus,Guddu Barrage,08/08/2014,190421,157315
Indus,Guddu Barrage,08/09/2014,190127,157315
Indus,Guddu Barrage,08/10/2014,189146,158721
Indus,Guddu Barrage,08/11/2014,187171,155868
Indus,Guddu Barrage,08/12/2014,175225,144728
Indus,Guddu Barrage,13-08-2014,173738,142375
Indus,Guddu Barrage,14-08-2014,172139,138945
Indus,Guddu Barrage,15-08-2014,179031,144031
Indus,Guddu Barrage,16-08-2014,192315,157315
Indus,Guddu Barrage,17-08-2014,186885,172329
Indus,Guddu Barrage,18-08-2014,185324,167269
Indus,Guddu Barrage,19-08-2014,184428,165956
Indus,Guddu Barrage,20-08-2014,178134,151563
Indus,Guddu Barrage,21-08-2014,188973,161208
Indus,Guddu Barrage,22-08-2014,206685,177980
Indus,Guddu Barrage,23-08-2014,209496,177980
Indus,Guddu Barrage,24-08-2014,179243,145416
Indus,Guddu Barrage,25-08-2014,160145,126470
Indus,Guddu Barrage,26-08-2014,151822,117624
Indus,Guddu Barrage,27-08-2014,136341,102143
Indus,Guddu Barrage,28-08-2014,134613,115570
Indus,Guddu Barrage,29-08-2014,136216,110422
Indus,Guddu Barrage,30-08-2014,133739,102143
Indus,Guddu Barrage,31-08-2014,127086,101850
Indus,Sukkur Barrage,08/01/2014,146595,90990
Indus,Sukkur Barrage,08/02/2014,146290,90990
Indus,Sukkur Barrage,08/03/2014,150020,95645
Indus,Sukkur Barrage,08/04/2014,152007,97282
Indus,Sukkur Barrage,08/05/2014,144415,89310
Indus,Sukkur Barrage,08/06/2014,139124,84044
Indus,Sukkur Barrage,08/07/2014,137769,82759
Indus,Sukkur Barrage,08/08/2014,137040,81730
Indus,Sukkur Barrage,08/09/2014,137715,82760
Indus,Sukkur Barrage,08/10/2014,140035,85085
Indus,Sukkur Barrage,08/11/2014,140460,85085
Indus,Sukkur Barrage,08/12/2014,140485,85085
Indus,Sukkur Barrage,13-08-2014,137270,81640
Indus,Sukkur Barrage,14-08-2014,129775,74045
Indus,Sukkur Barrage,15-08-2014,125425,69635
Indus,Sukkur Barrage,16-08-2014,125325,69635
Indus,Sukkur Barrage,17-08-2014,141140,86660
Indus,Sukkur Barrage,18-08-2014,150012,97192
Indus,Sukkur Barrage,19-08-2014,155110,101400
Indus,Sukkur Barrage,20-08-2014,154905,100315
Indus,Sukkur Barrage,21-08-2014,142670,87660
Indus,Sukkur Barrage,22-08-2014,142990,87660
Indus,Sukkur Barrage,23-08-2014,151900,96540
Indus,Sukkur Barrage,24-08-2014,160110,104710
Indus,Sukkur Barrage,25-08-2014,152036,96536
Indus,Sukkur Barrage,26-08-2014,138425,82995
Indus,Sukkur Barrage,27-08-2014,119060,63630
Indus,Sukkur Barrage,28-08-2014,98475,44385
Indus,Sukkur Barrage,29-08-2014,91611,37711
Indus,Sukkur Barrage,30-08-2014,91751,37711
Indus,Sukkur Barrage,31-08-2014,89660,36100
Indus,Kotri Barrage,08/01/2014,66170,33615
Indus,Kotri Barrage,08/02/2014,67948,43613
Indus,Kotri Barrage,08/03/2014,72068,43613
Indus,Kotri Barrage,08/04/2014,73328,36273
Indus,Kotri Barrage,08/05/2014,74748,36273
Indus,Kotri Barrage,08/06/2014,74905,35590
Indus,Kotri Barrage,08/07/2014,75247,36272
Indus,Kotri Barrage,08/08/2014,76374,38099
Indus,Kotri Barrage,08/09/2014,77928,39433
Indus,Kotri Barrage,08/10/2014,72251,33616
Indus,Kotri Barrage,08/11/2014,67296,28491
Indus,Kotri Barrage,08/12/2014,65296,25921
Indus,Kotri Barrage,13-08-2014,64116,24681
Indus,Kotri Barrage,14-08-2014,62697,23062
Indus,Kotri Barrage,15-08-2014,62697,23002
Indus,Kotri Barrage,16-08-2014,64021,24296
Indus,Kotri Barrage,17-08-2014,65227,25922
Indus,Kotri Barrage,18-08-2014,62227,23062
Indus,Kotri Barrage,19-08-2014,59855,20550
Indus,Kotri Barrage,20-08-2014,56922,17057
Indus,Kotri Barrage,21-08-2014,56742,17057
Indus,Kotri Barrage,22-08-2014,66410,27145
Indus,Kotri Barrage,23-08-2014,75472,36177
Indus,Kotri Barrage,24-08-2014,75922,36177
Indus,Kotri Barrage,25-08-2014,74017,33992
Indus,Kotri Barrage,26-08-2014,69742,29607
Indus,Kotri Barrage,27-08-2014,69742,29607
Indus,Kotri Barrage,28-08-2014,74128,33993
Indus,Kotri Barrage,29-08-2014,74128,33993
Indus,Kotri Barrage,30-08-2014,64604,25029
Indus,Kotri Barrage,31-08-2014,52694,14119
Indus,Kalabagh,09/01/2014,160451,152451
Indus,Kalabagh,09/02/2014,188112,180128
Indus,Kalabagh,09/03/2014,193494,185494
Indus,Kalabagh,09/04/2014,126658,118658
Indus,Kalabagh,09/05/2014,173420,165420
Indus,Kalabagh,09/06/2014,232236,224236
Indus,Kalabagh,09/07/2014,195764,187764
Indus,Kalabagh,09/08/2014,101264,93280
Indus,Kalabagh,09/09/2014,131969,123985
Indus,Kalabagh,09/10/2014,120218,112233
Indus,Kalabagh,09/11/2014,99002,90702
Indus,Kalabagh,09/12/2014,91260,82960
Indus,Kalabagh,13-09-2014,105447,97147
Indus,Kalabagh,14-09-2014,71047,62747
Indus,Kalabagh,15-09-2014,93724,85924
Indus,Kalabagh,16-09-2014,90490,82490
Indus,Kalabagh,17-09-2014,75815,67815
Indus,Kalabagh,18-09-2014,88967,80967
Indus,Kalabagh,19-09-2014,90215,81915
Indus,Kalabagh,20-09-2014,96974,88688
Indus,Kalabagh,21-09-2014,76435,68135
Indus,Kalabagh,22-09-2014,98748,90448
Indus,Kalabagh,23-09-2014,111700,103400
Indus,Kalabagh,24-09-2014,63717,55417
Indus,Kalabagh,25-09-2014,82737,74437
Indus,Kalabagh,26-09-2014,68767,60467
Indus,Kalabagh,27-09-2014,71484,63184
Indus,Kalabagh,28-09-2014,105690,97390
Indus,Kalabagh,29-09-2014,87474,79174
Indus,Kalabagh,30-09-2014,106304,98004
Indus,Chashma Barrage,09/01/2014,171322,165000
Indus,Chashma Barrage,09/02/2014,163166,165000
Indus,Chashma Barrage,09/03/2014,172072,165000
Indus,Chashma Barrage,09/04/2014,166514,165000
Indus,Chashma Barrage,09/05/2014,151868,165000
Indus,Chashma Barrage,09/06/2014,167217,165000
Indus,Chashma Barrage,09/07/2014,248811,206194
Indus,Chashma Barrage,09/08/2014,167101,122299
Indus,Chashma Barrage,09/09/2014,97423,91423
Indus,Chashma Barrage,09/10/2014,108259,102259
Indus,Chashma Barrage,09/11/2014,90029,84029
Indus,Chashma Barrage,09/12/2014,68900,77570
Indus,Chashma Barrage,13-09-2014,86185,75295
Indus,Chashma Barrage,14-09-2014,70430,74210
Indus,Chashma Barrage,15-09-2014,71451,74419
Indus,Chashma Barrage,16-09-2014,92496,75083
Indus,Chashma Barrage,17-09-2014,76432,75322
Indus,Chashma Barrage,18-09-2014,72112,70596
Indus,Chashma Barrage,19-09-2014,65921,68077
Indus,Chashma Barrage,20-09-2014,74375,64237
Indus,Chashma Barrage,21-09-2014,89105,71998
Indus,Chashma Barrage,22-09-2014,84750,73760
Indus,Chashma Barrage,23-09-2014,95721,87176
Indus,Chashma Barrage,24-09-2014,96189,90089
Indus,Chashma Barrage,25-09-2014,86049,79949
Indus,Chashma Barrage,26-09-2014,79105,77895
Indus,Chashma Barrage,27-09-2014,86531,100000
Indus,Chashma Barrage,28-09-2014,93058,100000
Indus,Chashma Barrage,29-09-2014,97957,100000
Indus,Chashma Barrage,30-09-2014,100054,100000
Indus,Taunsa Barrage,09/01/2014,149376,122179
Indus,Taunsa Barrage,09/02/2014,157036,129065
Indus,Taunsa Barrage,09/03/2014,154576,127064
Indus,Taunsa Barrage,09/04/2014,154445,127697
Indus,Taunsa Barrage,09/05/2014,149029,121997
Indus,Taunsa Barrage,09/06/2014,149325,122125
Indus,Taunsa Barrage,09/07/2014,153497,125797
Indus,Taunsa Barrage,09/08/2014,161911,143995
Indus,Taunsa Barrage,09/09/2014,164681,149057
Indus,Taunsa Barrage,09/10/2014,105120,89347
Indus,Taunsa Barrage,09/11/2014,85474,69620
Indus,Taunsa Barrage,09/12/2014,84334,69210
Indus,Taunsa Barrage,13-09-2014,74568,59036
Indus,Taunsa Barrage,14-09-2014,67306,51406
Indus,Taunsa Barrage,15-09-2014,67352,51407
Indus,Taunsa Barrage,16-09-2014,67354,51407
Indus,Taunsa Barrage,17-09-2014,71122,55222
Indus,Taunsa Barrage,18-09-2014,71178,55222
Indus,Taunsa Barrage,19-09-2014,64801,48863
Indus,Taunsa Barrage,20-09-2014,62317,46320
Indus,Taunsa Barrage,21-09-2014,61021,45047
Indus,Taunsa Barrage,22-09-2014,64788,48862
Indus,Taunsa Barrage,23-09-2014,69670,53767
Indus,Taunsa Barrage,24-09-2014,76391,61580
Indus,Taunsa Barrage,25-09-2014,80094,64123
Indus,Taunsa Barrage,26-09-2014,69886,53949
Indus,Taunsa Barrage,27-09-2014,67391,51405
Indus,Taunsa Barrage,28-09-2014,22320,6920
Indus,Taunsa Barrage,29-09-2014,91866,76442
Indus,Taunsa Barrage,30-09-2014,91643,76442
Indus,Guddu Barrage,09/01/2014,120740,94482
Indus,Guddu Barrage,09/02/2014,116590,94204
Indus,Guddu Barrage,09/03/2014,118170,94204
Indus,Guddu Barrage,09/04/2014,121944,95766
Indus,Guddu Barrage,09/05/2014,119630,90904
Indus,Guddu Barrage,09/06/2014,122144,88831
Indus,Guddu Barrage,09/07/2014,122144,88831
Indus,Guddu Barrage,09/08/2014,121003,86338
Indus,Guddu Barrage,09/09/2014,121716,89398
Indus,Guddu Barrage,09/10/2014,146250,117980
Indus,Guddu Barrage,09/11/2014,190422,164897
Indus,Guddu Barrage,09/12/2014,205250,177508
Indus,Guddu Barrage,13-09-2014,207580,180380
Indus,Guddu Barrage,14-09-2014,219654,197142
Indus,Guddu Barrage,15-09-2014,260942,238880
Indus,Guddu Barrage,16-09-2014,270529,246077
Indus,Guddu Barrage,17-09-2014,300009,274130
Indus,Guddu Barrage,18-09-2014,309400,284488
Indus,Guddu Barrage,19-09-2014,366764,340864
Indus,Guddu Barrage,20-09-2014,339649,313749
Indus,Guddu Barrage,21-09-2014,284996,259400
Indus,Guddu Barrage,22-09-2014,185937,173503
Indus,Guddu Barrage,23-09-2014,158955,136061
Indus,Guddu Barrage,24-09-2014,125724,105341
Indus,Guddu Barrage,25-09-2014,107729,88509
Indus,Guddu Barrage,26-09-2014,102100,80530
Indus,Guddu Barrage,27-09-2014,99711,74343
Indus,Guddu Barrage,28-09-2014,97287,74343
Indus,Guddu Barrage,29-09-2014,97693,75067
Indus,Guddu Barrage,30-09-2014,92644,69296
Indus,Sukkur Barrage,09/01/2014,85635,32505
Indus,Sukkur Barrage,09/02/2014,85205,32505
Indus,Sukkur Barrage,09/03/2014,85050,32505
Indus,Sukkur Barrage,09/04/2014,83305,30010
Indus,Sukkur Barrage,09/05/2014,83305,30010
Indus,Sukkur Barrage,09/06/2014,83745,30010
Indus,Sukkur Barrage,09/07/2014,81305,27640
Indus,Sukkur Barrage,09/08/2014,78660,25825
Indus,Sukkur Barrage,09/09/2014,77960,25825
Indus,Sukkur Barrage,09/10/2014,77760,25825
Indus,Sukkur Barrage,09/11/2014,81370,28755
Indus,Sukkur Barrage,09/12/2014,97663,44173
Indus,Sukkur Barrage,13-09-2014,124727,70777
Indus,Sukkur Barrage,14-09-2014,135860,81950
Indus,Sukkur Barrage,15-09-2014,150462,96477
Indus,Sukkur Barrage,16-09-2014,163005,109595
Indus,Sukkur Barrage,17-09-2014,178634,125199
Indus,Sukkur Barrage,18-09-2014,200980,147585
Indus,Sukkur Barrage,19-09-2014,280067,197868
Indus,Sukkur Barrage,20-09-2014,304792,252697
Indus,Sukkur Barrage,21-09-2014,321030,268935
Indus,Sukkur Barrage,22-09-2014,255660,203600
Indus,Sukkur Barrage,23-09-2014,190660,138845
Indus,Sukkur Barrage,24-09-2014,129960,77975
Indus,Sukkur Barrage,25-09-2014,91872,38872
Indus,Sukkur Barrage,26-09-2014,80563,28683
Indus,Sukkur Barrage,27-09-2014,73316,22296
Indus,Sukkur Barrage,28-09-2014,69860,19385
Indus,Sukkur Barrage,29-09-2014,69060,18520
Indus,Sukkur Barrage,30-09-2014,69030,18520
Indus,Kotri Barrage,09/01/2014,44030,10675
Indus,Kotri Barrage,09/02/2014,37903,21678
Indus,Kotri Barrage,09/03/2014,31791,14346
Indus,Kotri Barrage,09/04/2014,29872,3467
Indus,Kotri Barrage,09/05/2014,29408,953
Indus,Kotri Barrage,09/06/2014,29382,537
Indus,Kotri Barrage,09/07/2014,29325,NIL
Indus,Kotri Barrage,09/08/2014,29325,NIL
Indus,Kotri Barrage,09/09/2014,29035,NIL
Indus,Kotri Barrage,09/10/2014,28875,NIL
Indus,Kotri Barrage,09/11/2014,28725,NIL
Indus,Kotri Barrage,09/12/2014,28725,NIL
Indus,Kotri Barrage,13-09-2014,26735,NIL
Indus,Kotri Barrage,14-09-2014,25025,NIL
Indus,Kotri Barrage,15-09-2014,24465,NIL
Indus,Kotri Barrage,16-09-2014,26075,NIL
Indus,Kotri Barrage,17-09-2014,50843,11078
Indus,Kotri Barrage,18-09-2014,69958,32203
Indus,Kotri Barrage,19-09-2014,82400,44785
Indus,Kotri Barrage,20-09-2014,93853,56998
Indus,Kotri Barrage,21-09-2014,110561,73606
Indus,Kotri Barrage,22-09-2014,129191,93596
Indus,Kotri Barrage,23-09-2014,133240,98205
Indus,Kotri Barrage,24-09-2014,139130,103955
Indus,Kotri Barrage,25-09-2014,145360,110345
Indus,Kotri Barrage,26-09-2014,128321,93586
Indus,Kotri Barrage,27-09-2014,109157,75262
Indus,Kotri Barrage,28-09-2014,77373,43328
Indus,Kotri Barrage,29-09-2014,57713,23198
Indus,Kotri Barrage,30-09-2014,45150,10675
Indus,Kalabagh,10/01/2014,86190,77874
Indus,Kalabagh,10/02/2014,108292,99976
Indus,Kalabagh,10/03/2014,94774,86474
Indus,Kalabagh,10/04/2014,110976,102476
Indus,Kalabagh,10/05/2014,96584,88084
Indus,Kalabagh,10/06/2014,102481,93981
Indus,Kalabagh,10/07/2014,113288,104788
Indus,Kalabagh,10/08/2014,104247,96547
Indus,Kalabagh,10/09/2014,123413,115713
Indus,Kalabagh,10/10/2014,110795,102513
Indus,Kalabagh,10/11/2014,114984,106684
Indus,Kalabagh,10/12/2014,104601,96601
Indus,Kalabagh,13-10-2014,116793,108793
Indus,Kalabagh,14-10-2014,99523,92323
Indus,Kalabagh,15-10-2014,111099,103899
Indus,Kalabagh,16-10-2014,93912,86712
Indus,Kalabagh,17-10-2014,104315,97115
Indus,Kalabagh,18-10-2014,79318,71618
Indus,Kalabagh,19-10-2014,69344,63344
Indus,Kalabagh,20-10-2014,66664,62179
Indus,Kalabagh,21-10-2014,66708,63708
Indus,Kalabagh,22-10-2014,72106,69106
Indus,Kalabagh,23-10-2014,63499,60499
Indus,Kalabagh,24-10-2014,84155,81155
Indus,Kalabagh,25-10-2014,55946,52946
Indus,Kalabagh,26-10-2014,59499,56499
Indus,Kalabagh,27-10-2014,48261,45261
Indus,Kalabagh,28-10-2014,62272,59272
Indus,Kalabagh,29-10-2014,62999,59999
Indus,Kalabagh,30-10-2014,59663,56663
Indus,Kalabagh,31-10-2014,64403,60203
Indus,Chashma Barrage,10/01/2014,99128,100000
Indus,Chashma Barrage,10/02/2014,92070,100000
Indus,Chashma Barrage,10/03/2014,104869,100000
Indus,Chashma Barrage,10/04/2014,92757,100000
Indus,Chashma Barrage,10/05/2014,99946,100000
Indus,Chashma Barrage,10/06/2014,95163,94000
Indus,Chashma Barrage,10/07/2014,102778,94000
Indus,Chashma Barrage,10/08/2014,116892,94000
Indus,Chashma Barrage,10/09/2014,106149,92000
Indus,Chashma Barrage,10/10/2014,113651,92000
Indus,Chashma Barrage,10/11/2014,94382,90000
Indus,Chashma Barrage,10/12/2014,111870,90000
Indus,Chashma Barrage,13-10-2014,99140,90000
Indus,Chashma Barrage,14-10-2014,107506,90000
Indus,Chashma Barrage,15-10-2014,101145,90000
Indus,Chashma Barrage,16-10-2014,99543,72000
Indus,Chashma Barrage,17-10-2014,84177,60000
Indus,Chashma Barrage,18-10-2014,87601,60000
Indus,Chashma Barrage,19-10-2014,66137,60000
Indus,Chashma Barrage,20-10-2014,61916,60000
Indus,Chashma Barrage,21-10-2014,62451,56000
Indus,Chashma Barrage,22-10-2014,61559,56000
Indus,Chashma Barrage,23-10-2014,52215,56000
Indus,Chashma Barrage,24-10-2014,55304,56000
Indus,Chashma Barrage,25-10-2014,53148,56000
Indus,Chashma Barrage,26-10-2014,57774,55000
Indus,Chashma Barrage,27-10-2014,54697,55000
Indus,Chashma Barrage,28-10-2014,54697,55000
Indus,Chashma Barrage,29-10-2014,55922,55000
Indus,Chashma Barrage,30-10-2014,64755,55000
Indus,Chashma Barrage,31-10-2014,60851,55000
Indus,Taunsa Barrage,10/01/2014,91060,76442
Indus,Taunsa Barrage,10/02/2014,89812,75177
Indus,Taunsa Barrage,10/03/2014,90480,67129
Indus,Taunsa Barrage,10/04/2014,90470,67594
Indus,Taunsa Barrage,10/05/2014,89931,66557
Indus,Taunsa Barrage,10/06/2014,88918,66557
Indus,Taunsa Barrage,10/07/2014,88988,66118
Indus,Taunsa Barrage,10/08/2014,88041,62041
Indus,Taunsa Barrage,10/09/2014,87413,62041
Indus,Taunsa Barrage,10/10/2014,81104,55978
Indus,Taunsa Barrage,10/11/2014,79610,56047
Indus,Taunsa Barrage,10/12/2014,81849,57793
Indus,Taunsa Barrage,13-10-2014,84123,59499
Indus,Taunsa Barrage,14-10-2014,86433,64429
Indus,Taunsa Barrage,15-10-2014,87366,66841
Indus,Taunsa Barrage,16-10-2014,89352,76295
Indus,Taunsa Barrage,17-10-2014,86133,69609
Indus,Taunsa Barrage,18-10-2014,77728,58197
Indus,Taunsa Barrage,19-10-2014,65789,56928
Indus,Taunsa Barrage,20-10-2014,62194,53572
Indus,Taunsa Barrage,21-10-2014,62137,53567
Indus,Taunsa Barrage,22-10-2014,60829,52810
Indus,Taunsa Barrage,23-10-2014,60866,56609
Indus,Taunsa Barrage,24-10-2014,57135,53017
Indus,Taunsa Barrage,25-10-2014,54893,52868
Indus,Taunsa Barrage,26-10-2014,55952,54024
Indus,Taunsa Barrage,27-10-2014,60181,58158
Indus,Taunsa Barrage,28-10-2014,52562,49587
Indus,Taunsa Barrage,29-10-2014,52480,49500
Indus,Taunsa Barrage,30-10-2014,54743,51702
Indus,Taunsa Barrage,31-10-2014,54743,51702
Indus,Guddu Barrage,10/01/2014,81549,61120
Indus,Guddu Barrage,10/02/2014,89200,73492
Indus,Guddu Barrage,10/03/2014,94232,81096
Indus,Guddu Barrage,10/04/2014,93143,80007
Indus,Guddu Barrage,10/05/2014,86100,72177
Indus,Guddu Barrage,10/06/2014,86100,72177
Indus,Guddu Barrage,10/07/2014,77976,68796
Indus,Guddu Barrage,10/08/2014,80104,71935
Indus,Guddu Barrage,10/09/2014,77662,69066
Indus,Guddu Barrage,10/10/2014,77662,69066
Indus,Guddu Barrage,10/11/2014,76604,67428
Indus,Guddu Barrage,10/12/2014,72323,62723
Indus,Guddu Barrage,13-10-2014,62836,53236
Indus,Guddu Barrage,14-10-2014,62526,53236
Indus,Guddu Barrage,15-10-2014,61009,53236
Indus,Guddu Barrage,16-10-2014,60738,53236
Indus,Guddu Barrage,17-10-2014,73880,66000
Indus,Guddu Barrage,18-10-2014,76735,72824
Indus,Guddu Barrage,19-10-2014,80584,73706
Indus,Guddu Barrage,20-10-2014,81092,73706
Indus,Guddu Barrage,21-10-2014,77863,70477
Indus,Guddu Barrage,22-10-2014,71159,63294
Indus,Guddu Barrage,23-10-2014,71150,62990
Indus,Guddu Barrage,24-10-2014,68998,60443
Indus,Guddu Barrage,25-10-2014,66991,58436
Indus,Guddu Barrage,26-10-2014,66991,58436
Indus,Guddu Barrage,27-10-2014,66991,58436
Indus,Guddu Barrage,28-10-2014,66231,58436
Indus,Guddu Barrage,29-10-2014,64988,58436
Indus,Guddu Barrage,30-10-2014,64988,58436
Indus,Guddu Barrage,31-10-2014,62823,56271
Indus,Sukkur Barrage,10/01/2014,67236,17506
Indus,Sukkur Barrage,10/02/2014,60415,12170
Indus,Sukkur Barrage,10/03/2014,60415,12170
Indus,Sukkur Barrage,10/04/2014,63745,14615
Indus,Sukkur Barrage,10/05/2014,72004,22204
Indus,Sukkur Barrage,10/06/2014,72004,22204
Indus,Sukkur Barrage,10/07/2014,69164,20394
Indus,Sukkur Barrage,10/08/2014,68694,20394
Indus,Sukkur Barrage,10/09/2014,65834,17334
Indus,Sukkur Barrage,10/10/2014,65759,17334
Indus,Sukkur Barrage,10/11/2014,62265,20190
Indus,Sukkur Barrage,10/12/2014,61667,20017
Indus,Sukkur Barrage,13-10-2014,59815,17925
Indus,Sukkur Barrage,14-10-2014,34025,14720
Indus,Sukkur Barrage,15-10-2014,52435,13180
Indus,Sukkur Barrage,16-10-2014,52265,13180
Indus,Sukkur Barrage,17-10-2014,51415,13180
Indus,Sukkur Barrage,18-10-2014,59730,22945
Indus,Sukkur Barrage,19-10-2014,65840,29055
Indus,Sukkur Barrage,20-10-2014,66470,29685
Indus,Sukkur Barrage,21-10-2014,66640,31765
Indus,Sukkur Barrage,22-10-2014,66640,31765
Indus,Sukkur Barrage,23-10-2014,63770,29685
Indus,Sukkur Barrage,24-10-2014,60494,26694
Indus,Sukkur Barrage,25-10-2014,57395,23775
Indus,Sukkur Barrage,26-10-2014,52843,19718
Indus,Sukkur Barrage,27-10-2014,52703,19718
Indus,Sukkur Barrage,28-10-2014,52430,19225
Indus,Sukkur Barrage,29-10-2014,52465,20670
Indus,Sukkur Barrage,30-10-2014,52601,22666
Indus,Sukkur Barrage,31-10-2014,52283,24638
Indus,Kotri Barrage,10/01/2014,36111,2016
Indus,Kotri Barrage,10/02/2014,34459,1344
Indus,Kotri Barrage,10/03/2014,27655,NIL
Indus,Kotri Barrage,10/04/2014,25715,NIL
Indus,Kotri Barrage,10/05/2014,23975,NIL
Indus,Kotri Barrage,10/06/2014,22795,NIL
Indus,Kotri Barrage,10/07/2014,19645,NIL
Indus,Kotri Barrage,10/08/2014,17825,NIL
Indus,Kotri Barrage,10/09/2014,14990,NIL
Indus,Kotri Barrage,10/10/2014,15065,NIL
Indus,Kotri Barrage,10/11/2014,20070,NIL
Indus,Kotri Barrage,10/12/2014,20100,NIL
Indus,Kotri Barrage,13-10-2014,20100,NIL
Indus,Kotri Barrage,14-10-2014,18590,NIL
Indus,Kotri Barrage,15-10-2014,16580,NIL
Indus,Kotri Barrage,16-10-2014,16580,NIL
Indus,Kotri Barrage,17-10-2014,18620,NIL
Indus,Kotri Barrage,18-10-2014,18620,NIL
Indus,Kotri Barrage,19-10-2014,15610,NIL
Indus,Kotri Barrage,20-10-2014,13705,NIL
Indus,Kotri Barrage,21-10-2014,12280,NIL
Indus,Kotri Barrage,22-10-2014,12220,NIL
Indus,Kotri Barrage,23-10-2014,18260,NIL
Indus,Kotri Barrage,24-10-2014,23470,NIL
Indus,Kotri Barrage,25-10-2014,26732,1612
Indus,Kotri Barrage,26-10-2014,27025,3225
Indus,Kotri Barrage,27-10-2014,27175,4055
Indus,Kotri Barrage,28-10-2014,25355,4055
Indus,Kotri Barrage,29-10-2014,21391,11176
Indus,Kotri Barrage,30-10-2014,18721,18721
Indus,Kotri Barrage,31-10-2014,15856,15856
Indus,Kalabagh,11/01/2014,69232,63232
Indus,Kalabagh,11/02/2014,70656,64656
Indus,Kalabagh,11/03/2014,59653,53653
Indus,Kalabagh,11/04/2014,67499,61499
Indus,Kalabagh,11/05/2014,65010,59010
Indus,Kalabagh,11/06/2014,59591,53591
Indus,Kalabagh,11/07/2014,63846,57846
Indus,Kalabagh,11/08/2014,59359,53359
Indus,Kalabagh,11/09/2014,76404,70404
Indus,Kalabagh,11/10/2014,79657,73669
Indus,Kalabagh,11/11/2014,79905,72905
Indus,Kalabagh,11/12/2014,59522,52022
Indus,Kalabagh,13-11-2014,58820,51320
Indus,Kalabagh,14-11-2014,60027,52527
Indus,Kalabagh,15-11-2014,67547,60047
Indus,Kalabagh,16-11-2014,68633,61133
Indus,Kalabagh,17-11-2014,70151,62651
Indus,Kalabagh,18-11-2014,70223,62723
Indus,Kalabagh,19-11-2014,69954,62454
Indus,Kalabagh,20-11-2014,70017,62532
Indus,Kalabagh,21-11-2014,73936,66436
Indus,Kalabagh,22-11-2014,80656,73156
Indus,Kalabagh,23-11-2014,72131,64631
Indus,Kalabagh,24-11-2014,70076,62576
Indus,Kalabagh,25-11-2014,69922,62422
Indus,Kalabagh,26-11-2014,67320,59820
Indus,Kalabagh,27-11-2014,58040,50540
Indus,Kalabagh,28-11-2014,68230,60730
Indus,Kalabagh,29-11-2014,59974,52474
Indus,Kalabagh,30-11-2014,60958,53458
Indus,Chashma Barrage,11/01/2014,56731,50000
Indus,Chashma Barrage,11/02/2014,53600,50000
Indus,Chashma Barrage,11/03/2014,53600,50000
Indus,Chashma Barrage,11/04/2014,55734,50000
Indus,Chashma Barrage,11/05/2014,52491,50000
Indus,Chashma Barrage,11/06/2014,50518,61000
Indus,Chashma Barrage,11/07/2014,49763,61000
Indus,Chashma Barrage,11/08/2014,68328,61000
Indus,Chashma Barrage,11/09/2014,69206,61000
Indus,Chashma Barrage,11/10/2014,81667,61000
Indus,Chashma Barrage,11/11/2014,73337,57000
Indus,Chashma Barrage,11/12/2014,72509,57000
Indus,Chashma Barrage,13-11-2014,56507,57000
Indus,Chashma Barrage,14-11-2014,55551,57000
Indus,Chashma Barrage,15-11-2014,50256,57000
Indus,Chashma Barrage,16-11-2014,51037,57000
Indus,Chashma Barrage,17-11-2014,61626,57000
Indus,Chashma Barrage,18-11-2014,67870,62000
Indus,Chashma Barrage,19-11-2014,71431,62000
Indus,Chashma Barrage,20-11-2014,67209,62000
Indus,Chashma Barrage,21-11-2014,66426,59000
Indus,Chashma Barrage,22-11-2014,62669,53000
Indus,Chashma Barrage,23-11-2014,61724,53000
Indus,Chashma Barrage,24-11-2014,60493,53000
Indus,Chashma Barrage,25-11-2014,56581,53000
Indus,Chashma Barrage,26-11-2014,56125,50000
Indus,Chashma Barrage,27-11-2014,59077,50000
Indus,Chashma Barrage,28-11-2014,57683,50000
Indus,Chashma Barrage,29-11-2014,52106,50000
Indus,Chashma Barrage,30-11-2014,54894,50000
Indus,Taunsa Barrage,11/01/2014,54125,51037
Indus,Taunsa Barrage,11/02/2014,51913,49067
Indus,Taunsa Barrage,11/03/2014,51913,49067
Indus,Taunsa Barrage,11/04/2014,49413,46706
Indus,Taunsa Barrage,11/05/2014,51532,49376
Indus,Taunsa Barrage,11/06/2014,51532,49376
Indus,Taunsa Barrage,11/07/2014,48723,46823
Indus,Taunsa Barrage,11/08/2014,55243,53089
Indus,Taunsa Barrage,11/09/2014,57475,55233
Indus,Taunsa Barrage,11/10/2014,55652,43136
Indus,Taunsa Barrage,11/11/2014,58151,45357
Indus,Taunsa Barrage,11/12/2014,57687,44976
Indus,Taunsa Barrage,13-11-2014,54555,42545
Indus,Taunsa Barrage,14-11-2014,53422,40975
Indus,Taunsa Barrage,15-11-2014,53957,45229
Indus,Taunsa Barrage,16-11-2014,52422,43940
Indus,Taunsa Barrage,17-11-2014,54558,45986
Indus,Taunsa Barrage,18-11-2014,54529,46173
Indus,Taunsa Barrage,19-11-2014,54513,46173
Indus,Taunsa Barrage,20-11-2014,57432,48615
Indus,Taunsa Barrage,21-11-2014,61740,49581
Indus,Taunsa Barrage,22-11-2014,58660,46129
Indus,Taunsa Barrage,23-11-2014,59573,46076
Indus,Taunsa Barrage,24-11-2014,56002,44199
Indus,Taunsa Barrage,25-11-2014,53973,42263
Indus,Taunsa Barrage,26-11-2014,53782,42263
Indus,Taunsa Barrage,27-11-2014,53547,42074
Indus,Taunsa Barrage,28-11-2014,52961,41815
Indus,Taunsa Barrage,29-11-2014,51250,39739
Indus,Taunsa Barrage,30-11-2014,49141,39089
Indus,Guddu Barrage,11/01/2014,62823,56271
Indus,Guddu Barrage,11/02/2014,60424,53872
Indus,Guddu Barrage,11/03/2014,60424,53872
Indus,Guddu Barrage,11/04/2014,60424,53872
Indus,Guddu Barrage,11/05/2014,59880,52846
Indus,Guddu Barrage,11/06/2014,59880,52846
Indus,Guddu Barrage,11/07/2014,57720,50686
Indus,Guddu Barrage,11/08/2014,57720,50686
Indus,Guddu Barrage,11/09/2014,56324,49290
Indus,Guddu Barrage,11/10/2014,52084,45050
Indus,Guddu Barrage,11/11/2014,52084,45050
Indus,Guddu Barrage,11/12/2014,52084,45050
Indus,Guddu Barrage,13-11-2014,52084,45050
Indus,Guddu Barrage,14-11-2014,48684,41650
Indus,Guddu Barrage,15-11-2014,45217,38183
Indus,Guddu Barrage,16-11-2014,43068,38183
Indus,Guddu Barrage,17-11-2014,43068,38183
Indus,Guddu Barrage,18-11-2014,45217,38183
Indus,Guddu Barrage,19-11-2014,44200,37166
Indus,Guddu Barrage,20-11-2014,42837,35803
Indus,Guddu Barrage,21-11-2014,42837,35803
Indus,Guddu Barrage,22-11-2014,42837,35803
Indus,Guddu Barrage,23-11-2014,42837,35803
Indus,Guddu Barrage,24-11-2014,44200,37166
Indus,Guddu Barrage,25-11-2014,42837,35803
Indus,Guddu Barrage,26-11-2014,42837,35803
Indus,Guddu Barrage,27-11-2014,43713,36679
Indus,Guddu Barrage,28-11-2014,40529,33495
Indus,Guddu Barrage,29-11-2014,40529,33495
Indus,Guddu Barrage,30-11-2014,40529,33495
Indus,Sukkur Barrage,11/01/2014,51740,21135
Indus,Sukkur Barrage,11/02/2014,50415,19510
Indus,Sukkur Barrage,11/03/2014,49762,18757
Indus,Sukkur Barrage,11/04/2014,47175,16520
Indus,Sukkur Barrage,11/05/2014,47430,16520
Indus,Sukkur Barrage,11/06/2014,47520,16520
Indus,Sukkur Barrage,11/07/2014,46255,14950
Indus,Sukkur Barrage,11/08/2014,46605,14950
Indus,Sukkur Barrage,11/09/2014,43153,11133
Indus,Sukkur Barrage,11/10/2014,42803,11133
Indus,Sukkur Barrage,11/11/2014,42438,10468
Indus,Sukkur Barrage,11/12/2014,41715,9595
Indus,Sukkur Barrage,13-11-2014,41115,8675
Indus,Sukkur Barrage,14-11-2014,40900,8650
Indus,Sukkur Barrage,15-11-2014,40896,8566
Indus,Sukkur Barrage,16-11-2014,39620,7715
Indus,Sukkur Barrage,17-11-2014,38895,7715
Indus,Sukkur Barrage,18-11-2014,38355,7715
Indus,Sukkur Barrage,19-11-2014,37560,7715
Indus,Sukkur Barrage,20-11-2014,36785,7468
Indus,Sukkur Barrage,21-11-2014,35712,6367
Indus,Sukkur Barrage,22-11-2014,35103,6350
Indus,Sukkur Barrage,23-11-2014,34635,6350
Indus,Sukkur Barrage,24-11-2014,34648,6350
Indus,Sukkur Barrage,25-11-2014,35002,7280
Indus,Sukkur Barrage,26-11-2014,36080,6415
Indus,Sukkur Barrage,27-11-2014,36050,6415
Indus,Sukkur Barrage,28-11-2014,34965,6370
Indus,Sukkur Barrage,29-11-2014,33640,6050
Indus,Sukkur Barrage,30-11-2014,33640,6050
Indus,Kotri Barrage,11/01/2014,15301,9331
Indus,Kotri Barrage,11/02/2014,15156,2281
Indus,Kotri Barrage,11/03/2014,15770,NIL
Indus,Kotri Barrage,11/04/2014,18390,NIL
Indus,Kotri Barrage,11/05/2014,20162,1612
Indus,Kotri Barrage,11/06/2014,17720,NIL
Indus,Kotri Barrage,11/07/2014,16650,NIL
Indus,Kotri Barrage,11/08/2014,16650,NIL
Indus,Kotri Barrage,11/09/2014,15150,NIL
Indus,Kotri Barrage,11/10/2014,15150,NIL
Indus,Kotri Barrage,11/11/2014,15151,NIL
Indus,Kotri Barrage,11/12/2014,13870,NIL
Indus,Kotri Barrage,13-11-2014,13870,NIL
Indus,Kotri Barrage,14-11-2014,10195,NIL
Indus,Kotri Barrage,15-11-2014,10195,NIL
Indus,Kotri Barrage,16-11-2014,9290,NIL
Indus,Kotri Barrage,17-11-2014,9225,NIL
Indus,Kotri Barrage,18-11-2014,8950,NIL
Indus,Kotri Barrage,19-11-2014,8170,NIL
Indus,Kotri Barrage,20-11-2014,8170,NIL
Indus,Kotri Barrage,21-11-2014,8095,NIL
Indus,Kotri Barrage,22-11-2014,7290,NIL
Indus,Kotri Barrage,23-11-2014,7290,NIL
Indus,Kotri Barrage,24-11-2014,7290,NIL
Indus,Kotri Barrage,25-11-2014,6990,NIL
Indus,Kotri Barrage,26-11-2014,6690,NIL
Indus,Kotri Barrage,27-11-2014,6045,NIL
Indus,Kotri Barrage,28-11-2014,5990,NIL
Indus,Kotri Barrage,29-11-2014,5980,NIL
Indus,Kotri Barrage,30-11-2014,5980,NIL
Indus,Kalabagh,12/01/2014,60387,52887
Indus,Kalabagh,12/02/2014,61188,53688
Indus,Kalabagh,12/03/2014,61172,53672
Indus,Kalabagh,12/04/2014,51223,43723
Indus,Kalabagh,12/05/2014,59418,51918
Indus,Kalabagh,12/06/2014,60645,53145
Indus,Kalabagh,12/07/2014,60016,52516
Indus,Kalabagh,12/08/2014,48064,40564
Indus,Kalabagh,12/09/2014,49694,42194
Indus,Kalabagh,12/10/2014,46893,39404
Indus,Kalabagh,12/11/2014,48274,40774
Indus,Kalabagh,12/12/2014,47425,39925
Indus,Kalabagh,13-12-2014,36485,28985
Indus,Kalabagh,14-12-2014,57694,50194
Indus,Kalabagh,15-12-2014,60682,53182
Indus,Kalabagh,16-12-2014,58785,51285
Indus,Kalabagh,17-12-2014,53360,45860
Indus,Kalabagh,18-12-2014,71744,64244
Indus,Kalabagh,19-12-2014,50316,42816
Indus,Kalabagh,20-12-2014,61712,54221
Indus,Kalabagh,21-12-2014,61508,54008
Indus,Kalabagh,22-12-2014,57193,49693
Indus,Kalabagh,23-12-2014,66867,59367
Indus,Kalabagh,24-12-2014,50047,42547
Indus,Kalabagh,25-12-2014,32199,24699
Indus,Kalabagh,26-12-2014,29279,21779
Indus,Kalabagh,27-12-2014,28092,20592
Indus,Kalabagh,28-12-2014,27579,20079
Indus,Kalabagh,29-12-2014,25817,18317
Indus,Kalabagh,30-12-2014,28774,21274
Indus,Kalabagh,31-12-2014,25449,17949
Indus,Chashma Barrage,12/01/2014,53500,50000
Indus,Chashma Barrage,12/02/2014,50894,46000
Indus,Chashma Barrage,12/03/2014,52377,46000
Indus,Chashma Barrage,12/04/2014,43488,46000
Indus,Chashma Barrage,12/05/2014,45117,46000
Indus,Chashma Barrage,12/06/2014,42492,46000
Indus,Chashma Barrage,12/07/2014,40069,38000
Indus,Chashma Barrage,12/08/2014,42531,38000
Indus,Chashma Barrage,12/09/2014,43925,38000
Indus,Chashma Barrage,12/10/2014,39906,38000
Indus,Chashma Barrage,12/11/2014,36089,30000
Indus,Chashma Barrage,12/12/2014,30511,30000
Indus,Chashma Barrage,13-12-2014,28538,30000
Indus,Chashma Barrage,14-12-2014,26115,30000
Indus,Chashma Barrage,15-12-2014,37193,30000
Indus,Chashma Barrage,16-12-2014,38424,30000
Indus,Chashma Barrage,17-12-2014,40807,41000
Indus,Chashma Barrage,18-12-2014,41359,45000
Indus,Chashma Barrage,19-12-2014,46283,45000
Indus,Chashma Barrage,20-12-2014,46283,45000
Indus,Chashma Barrage,21-12-2014,47934,40000
Indus,Chashma Barrage,22-12-2014,40174,40000
Indus,Chashma Barrage,23-12-2014,42270,40000
Indus,Chashma Barrage,24-12-2014,39974,40000
Indus,Chashma Barrage,25-12-2014,29156,40000
Indus,Chashma Barrage,26-12-2014,22374,20000
Indus,Chashma Barrage,27-12-2014,22133,10000
Indus,Chashma Barrage,28-12-2014,16377,10000
Indus,Chashma Barrage,29-12-2014,20894,10000
Indus,Chashma Barrage,30-12-2014,14628,10000
Indus,Chashma Barrage,31-12-2014,10607,20564
Indus,Taunsa Barrage,12/01/2014,50058,39650
Indus,Taunsa Barrage,12/02/2014,48384,42370
Indus,Taunsa Barrage,12/03/2014,47196,41173
Indus,Taunsa Barrage,12/04/2014,49558,44558
Indus,Taunsa Barrage,12/05/2014,46123,41082
Indus,Taunsa Barrage,12/06/2014,46142,41082
Indus,Taunsa Barrage,12/07/2014,46082,41082
Indus,Taunsa Barrage,12/08/2014,44969,39924
Indus,Taunsa Barrage,12/09/2014,37824,32796
Indus,Taunsa Barrage,12/10/2014,36694,31644
Indus,Taunsa Barrage,12/11/2014,36547,36547
Indus,Taunsa Barrage,12/12/2014,37204,37204
Indus,Taunsa Barrage,13-12-2014,31613,31613
Indus,Taunsa Barrage,14-12-2014,31613,31613
Indus,Taunsa Barrage,15-12-2014,29376,29376
Indus,Taunsa Barrage,16-12-2014,29376,29376
Indus,Taunsa Barrage,17-12-2014,29376,29376
Indus,Taunsa Barrage,18-12-2014,29376,29376
Indus,Taunsa Barrage,19-12-2014,29376,29376
Indus,Taunsa Barrage,20-12-2014,40017,40017
Indus,Taunsa Barrage,21-12-2014,41740,32006
Indus,Taunsa Barrage,22-12-2014,44007,33960
Indus,Taunsa Barrage,23-12-2014,41891,32189
Indus,Taunsa Barrage,24-12-2014,41661,31991
Indus,Taunsa Barrage,25-12-2014,40521,30487
Indus,Taunsa Barrage,26-12-2014,37964,30964
Indus,Taunsa Barrage,27-12-2014,37875,29842
Indus,Taunsa Barrage,28-12-2014,34455,25568
Indus,Taunsa Barrage,29-12-2014,20696,15337
Indus,Taunsa Barrage,30-12-2014,18059,9059
Indus,Taunsa Barrage,31-12-2014,19655,19655
Indus,Guddu Barrage,12/01/2014,39722,34944
Indus,Guddu Barrage,12/02/2014,39722,34944
Indus,Guddu Barrage,12/03/2014,39323,34545
Indus,Guddu Barrage,12/04/2014,40832,34545
Indus,Guddu Barrage,12/05/2014,44311,38024
Indus,Guddu Barrage,12/06/2014,44311,38024
Indus,Guddu Barrage,12/07/2014,44311,38024
Indus,Guddu Barrage,12/08/2014,44311,38024
Indus,Guddu Barrage,12/09/2014,41804,35517
Indus,Guddu Barrage,12/10/2014,41804,35517
Indus,Guddu Barrage,12/11/2014,41804,35517
Indus,Guddu Barrage,12/12/2014,41804,35517
Indus,Guddu Barrage,13-12-2014,41804,35517
Indus,Guddu Barrage,14-12-2014,41804,35517
Indus,Guddu Barrage,15-12-2014,40698,34411
Indus,Guddu Barrage,16-12-2014,40698,34411
Indus,Guddu Barrage,17-12-2014,38224,31937
Indus,Guddu Barrage,18-12-2014,35427,29140
Indus,Guddu Barrage,19-12-2014,34065,27778
Indus,Guddu Barrage,20-12-2014,34065,27778
Indus,Guddu Barrage,21-12-2014,34065,27778
Indus,Guddu Barrage,22-12-2014,34065,27778
Indus,Guddu Barrage,23-12-2014,36735,30448
Indus,Guddu Barrage,24-12-2014,36735,30448
Indus,Guddu Barrage,25-12-2014,36735,30448
Indus,Guddu Barrage,26-12-2014,36300,29758
Indus,Guddu Barrage,27-12-2014,36045,29758
Indus,Guddu Barrage,28-12-2014,34637,28350
Indus,Guddu Barrage,29-12-2014,34637,28350
Indus,Guddu Barrage,30-12-2014,31353,24566
Indus,Guddu Barrage,31-12-2014,27593,21306
Indus,Sukkur Barrage,12/01/2014,33435,6050
Indus,Sukkur Barrage,12/02/2014,33240,6050
Indus,Sukkur Barrage,12/03/2014,33210,6050
Indus,Sukkur Barrage,12/04/2014,32860,6050
Indus,Sukkur Barrage,12/05/2014,32885,6050
Indus,Sukkur Barrage,12/06/2014,33445,6050
Indus,Sukkur Barrage,12/07/2014,33475,6050
Indus,Sukkur Barrage,12/08/2014,36299,7410
Indus,Sukkur Barrage,12/09/2014,35959,7410
Indus,Sukkur Barrage,12/10/2014,34594,6550
Indus,Sukkur Barrage,12/11/2014,34355,6550
Indus,Sukkur Barrage,12/12/2014,33760,5660
Indus,Sukkur Barrage,13-12-2014,32975,5640
Indus,Sukkur Barrage,14-12-2014,32525,4790
Indus,Sukkur Barrage,15-12-2014,32675,4790
Indus,Sukkur Barrage,16-12-2014,32590,4790
Indus,Sukkur Barrage,17-12-2014,31650,3815
Indus,Sukkur Barrage,18-12-2014,30200,2780
Indus,Sukkur Barrage,19-12-2014,29310,2780
Indus,Sukkur Barrage,20-12-2014,27195,1900
Indus,Sukkur Barrage,21-12-2014,26195,900
Indus,Sukkur Barrage,22-12-2014,25114,NIL
Indus,Sukkur Barrage,23-12-2014,24932,890
Indus,Sukkur Barrage,24-12-2014,26933,1788
Indus,Sukkur Barrage,25-12-2014,28265,2690
Indus,Sukkur Barrage,26-12-2014,28325,2690
Indus,Sukkur Barrage,27-12-2014,28370,2700
Indus,Sukkur Barrage,28-12-2014,27345,1800
Indus,Sukkur Barrage,29-12-2014,26985,900
Indus,Sukkur Barrage,30-12-2014,26385,NIL
Indus,Sukkur Barrage,31-12-2014,24960,NIL
Indus,Kotri Barrage,12/01/2014,5990,NIL
Indus,Kotri Barrage,12/02/2014,5990,NIL
Indus,Kotri Barrage,12/03/2014,5985,NIL
Indus,Kotri Barrage,12/04/2014,5735,NIL
Indus,Kotri Barrage,12/05/2014,5570,NIL
Indus,Kotri Barrage,12/06/2014,5470,NIL
Indus,Kotri Barrage,12/07/2014,5470,NIL
Indus,Kotri Barrage,12/08/2014,5470,NIL
Indus,Kotri Barrage,12/09/2014,5435,NIL
Indus,Kotri Barrage,12/10/2014,5435,NIL
Indus,Kotri Barrage,12/11/2014,5435,NIL
Indus,Kotri Barrage,12/12/2014,5435,NIL
Indus,Kotri Barrage,13-12-2014,5875,NIL
Indus,Kotri Barrage,14-12-2014,5890,NIL
Indus,Kotri Barrage,15-12-2014,6255,NIL
Indus,Kotri Barrage,16-12-2014,6087,NIL
Indus,Kotri Barrage,17-12-2014,6087,NIL
Indus,Kotri Barrage,18-12-2014,5265,NIL
Indus,Kotri Barrage,19-12-2014,5165,NIL
Indus,Kotri Barrage,20-12-2014,4475,NIL
Indus,Kotri Barrage,21-12-2014,4430,NIL
Indus,Kotri Barrage,22-12-2014,3675,NIL
Indus,Kotri Barrage,23-12-2014,3615,NIL
Indus,Kotri Barrage,24-12-2014,3625,NIL
Indus,Kotri Barrage,25-12-2014,2585,NIL
Indus,Kotri Barrage,26-12-2014,3491,3686
Indus,Kotri Barrage,27-12-2014,4210,4210
Indus,Kotri Barrage,28-12-2014,3951,3951
Indus,Kotri Barrage,29-12-2014,3951,3951
Indus,Kotri Barrage,30-12-2014,3806,3806
Indus,Kotri Barrage,31-12-2014,3546,3546
Jhelum,Rasul Barrage,01/01/2014,6409,6409
Jhelum,Rasul Barrage,01/02/2014,3032,3032
Jhelum,Rasul Barrage,01/03/2014,3032,3032
Jhelum,Rasul Barrage,01/04/2014,3032,3032
Jhelum,Rasul Barrage,01/05/2014,3869,3869
Jhelum,Rasul Barrage,01/06/2014,3869,3869
Jhelum,Rasul Barrage,01/07/2014,4163,4163
Jhelum,Rasul Barrage,01/08/2014,4163,4163
Jhelum,Rasul Barrage,01/09/2014,3303,3303
Jhelum,Rasul Barrage,01/10/2014,2768,2768
Jhelum,Rasul Barrage,01/11/2014,2768,2768
Jhelum,Rasul Barrage,01/12/2014,5407,5407
Jhelum,Rasul Barrage,13-01-2014,NIL,NIL
Jhelum,Rasul Barrage,14-01-2014,NIL,NIL
Jhelum,Rasul Barrage,15-01-2014,9100,NIL
Jhelum,Rasul Barrage,16-01-2014,6441,5341
Jhelum,Rasul Barrage,17-01-2014,6741,5341
Jhelum,Rasul Barrage,18-01-2014,3000,NIL
Jhelum,Rasul Barrage,19-01-2014,9041,5341
Jhelum,Rasul Barrage,20-01-2014,9057,5341
Jhelum,Rasul Barrage,21-01-2014,3850,NIL
Jhelum,Rasul Barrage,22-01-2014,9241,5341
Jhelum,Rasul Barrage,23-01-2014,3900,NIL
Jhelum,Rasul Barrage,24-01-2014,4000,NIL
Jhelum,Rasul Barrage,25-01-2014,4051,NIL
Jhelum,Rasul Barrage,26-01-2014,9341,5341
Jhelum,Rasul Barrage,27-01-2014,9341,5341
Jhelum,Rasul Barrage,28-01-2014,10500,NIL
Jhelum,Rasul Barrage,29-01-2014,28720,19705
Jhelum,Rasul Barrage,30-01-2014,28705,19705
Jhelum,Rasul Barrage,31-01-2014,28705,19705
Jhelum,Rasul Barrage,02/01/2014,32610,23610
Jhelum,Rasul Barrage,02/02/2014,28705,19705
Jhelum,Rasul Barrage,02/03/2014,35610,23610
Jhelum,Rasul Barrage,02/04/2014,33705,19705
Jhelum,Rasul Barrage,02/05/2014,33705,19705
Jhelum,Rasul Barrage,02/06/2014,33771,19705
Jhelum,Rasul Barrage,02/07/2014,29800,15800
Jhelum,Rasul Barrage,02/08/2014,49125,35325
Jhelum,Rasul Barrage,02/09/2014,33505,19705
Jhelum,Rasul Barrage,02/10/2014,33529,19705
Jhelum,Rasul Barrage,02/11/2014,29800,15800
Jhelum,Rasul Barrage,02/12/2014,33705,19705
Jhelum,Rasul Barrage,13-02-2014,29817,15800
Jhelum,Rasul Barrage,14-02-2014,25895,11895
Jhelum,Rasul Barrage,15-02-2014,31800,15800
Jhelum,Rasul Barrage,16-02-2014,37830,19705
Jhelum,Rasul Barrage,17-02-2014,34800,15800
Jhelum,Rasul Barrage,18-02-2014,34800,15800
Jhelum,Rasul Barrage,19-02-2014,34800,15800
Jhelum,Rasul Barrage,20-02-2014,38748,19705
Jhelum,Rasul Barrage,21-02-2014,38705,19705
Jhelum,Rasul Barrage,22-02-2014,39705,19705
Jhelum,Rasul Barrage,23-02-2014,39705,19705
Jhelum,Rasul Barrage,24-02-2014,39705,19705
Jhelum,Rasul Barrage,25-02-2014,43610,23610
Jhelum,Rasul Barrage,26-02-2014,39705,19705
Jhelum,Rasul Barrage,27-02-2014,39705,19705
Jhelum,Rasul Barrage,28-02-2014,39833,19705
Jhelum,Rasul Barrage,03/01/2014,31995,11895
Jhelum,Rasul Barrage,03/02/2014,31995,11895
Jhelum,Rasul Barrage,03/03/2014,28090,7990
Jhelum,Rasul Barrage,03/04/2014,28090,7990
Jhelum,Rasul Barrage,03/05/2014,35900,15800
Jhelum,Rasul Barrage,03/06/2014,31065,11895
Jhelum,Rasul Barrage,03/07/2014,30995,11895
Jhelum,Rasul Barrage,03/08/2014,27040,7990
Jhelum,Rasul Barrage,03/09/2014,30945,11895
Jhelum,Rasul Barrage,03/10/2014,34870,15800
Jhelum,Rasul Barrage,03/11/2014,39755,19705
Jhelum,Rasul Barrage,03/12/2014,58580,39230
Jhelum,Rasul Barrage,13-03-2014,31245,11895
Jhelum,Rasul Barrage,14-03-2014,31245,11895
Jhelum,Rasul Barrage,15-03-2014,24841,5341
Jhelum,Rasul Barrage,16-03-2014,35250,15800
Jhelum,Rasul Barrage,17-03-2014,31345,11895
Jhelum,Rasul Barrage,18-03-2014,31345,11895
Jhelum,Rasul Barrage,19-03-2014,35250,15800
Jhelum,Rasul Barrage,20-03-2014,35170,15800
Jhelum,Rasul Barrage,21-03-2014,31345,11895
Jhelum,Rasul Barrage,22-03-2014,39255,19705
Jhelum,Rasul Barrage,23-03-2014,31445,11895
Jhelum,Rasul Barrage,24-03-2014,35400,15800
Jhelum,Rasul Barrage,25-03-2014,35050,15800
Jhelum,Rasul Barrage,26-03-2014,30950,15800
Jhelum,Rasul Barrage,27-03-2014,15104,NIL
Jhelum,Rasul Barrage,28-03-2014,15250,NIL
Jhelum,Rasul Barrage,29-03-2014,23340,7990
Jhelum,Rasul Barrage,30-03-2014,27245,11895
Jhelum,Rasul Barrage,31-03-2014,27395,11895
Jhelum,Rasul Barrage,04/01/2014,21041,5341
Jhelum,Rasul Barrage,04/02/2014,15750,NIL
Jhelum,Rasul Barrage,04/03/2014,15800,NIL
Jhelum,Rasul Barrage,04/04/2014,15800,NIL
Jhelum,Rasul Barrage,04/05/2014,15832,NIL
Jhelum,Rasul Barrage,04/06/2014,39410,23610
Jhelum,Rasul Barrage,04/07/2014,35005,19705
Jhelum,Rasul Barrage,04/08/2014,27245,11895
Jhelum,Rasul Barrage,04/09/2014,35155,19705
Jhelum,Rasul Barrage,04/10/2014,23858,7990
Jhelum,Rasul Barrage,04/11/2014,27695,11895
Jhelum,Rasul Barrage,04/12/2014,33700,15800
Jhelum,Rasul Barrage,13-04-2014,34700,15800
Jhelum,Rasul Barrage,14-04-2014,38605,19705
Jhelum,Rasul Barrage,15-04-2014,31015,11895
Jhelum,Rasul Barrage,16-04-2014,38905,19705
Jhelum,Rasul Barrage,17-04-2014,35000,15800
Jhelum,Rasul Barrage,18-04-2014,31295,11895
Jhelum,Rasul Barrage,19-04-2014,31295,11895
Jhelum,Rasul Barrage,20-04-2014,34851,15800
Jhelum,Rasul Barrage,21-04-2014,26990,7990
Jhelum,Rasul Barrage,22-04-2014,27240,7990
Jhelum,Rasul Barrage,23-04-2014,38955,19705
Jhelum,Rasul Barrage,24-04-2014,39055,19705
Jhelum,Rasul Barrage,25-04-2014,39500,19705
Jhelum,Rasul Barrage,26-04-2014,39555,19705
Jhelum,Rasul Barrage,27-04-2014,43460,23610
Jhelum,Rasul Barrage,28-04-2014,43510,23610
Jhelum,Rasul Barrage,29-04-2014,43510,23610
Jhelum,Rasul Barrage,30-04-2014,43510,23610
Jhelum,Rasul Barrage,05/01/2014,43610,23610
Jhelum,Rasul Barrage,05/02/2014,43710,23610
Jhelum,Rasul Barrage,05/03/2014,31905,19705
Jhelum,Rasul Barrage,05/04/2014,37725,27525
Jhelum,Rasul Barrage,05/05/2014,41620,31420
Jhelum,Rasul Barrage,05/06/2014,37773,27525
Jhelum,Rasul Barrage,05/07/2014,33810,23610
Jhelum,Rasul Barrage,05/08/2014,33810,23610
Jhelum,Rasul Barrage,05/09/2014,33810,23610
Jhelum,Rasul Barrage,05/10/2014,28162,11895
Jhelum,Rasul Barrage,05/11/2014,30495,11895
Jhelum,Rasul Barrage,05/12/2014,28190,7990
Jhelum,Rasul Barrage,13-05-2014,32095,11895
Jhelum,Rasul Barrage,14-05-2014,32095,11895
Jhelum,Rasul Barrage,15-05-2014,25041,5341
Jhelum,Rasul Barrage,16-05-2014,31766,11895
Jhelum,Rasul Barrage,17-05-2014,36750,15800
Jhelum,Rasul Barrage,18-05-2014,37800,15800
Jhelum,Rasul Barrage,19-05-2014,46510,23610
Jhelum,Rasul Barrage,20-05-2014,46756,23610
Jhelum,Rasul Barrage,21-05-2014,43805,19705
Jhelum,Rasul Barrage,22-05-2014,51715,27515
Jhelum,Rasul Barrage,23-05-2014,47810,23610
Jhelum,Rasul Barrage,24-05-2014,47810,23610
Jhelum,Rasul Barrage,25-05-2014,47810,23610
Jhelum,Rasul Barrage,26-05-2014,51775,27515
Jhelum,Rasul Barrage,27-05-2014,55670,31470
Jhelum,Rasul Barrage,28-05-2014,59525,35325
Jhelum,Rasul Barrage,29-05-2014,59525,35325
Jhelum,Rasul Barrage,30-05-2014,51715,27515
Jhelum,Rasul Barrage,31-05-2014,59625,35325
Jhelum,Rasul Barrage,06/01/2014,59625,35325
Jhelum,Rasul Barrage,06/02/2014,55720,31420
Jhelum,Rasul Barrage,06/03/2014,55720,31420
Jhelum,Rasul Barrage,06/04/2014,55720,31420
Jhelum,Rasul Barrage,06/05/2014,55775,31420
Jhelum,Rasul Barrage,06/06/2014,55720,31420
Jhelum,Rasul Barrage,06/07/2014,55720,31420
Jhelum,Rasul Barrage,06/08/2014,44005,19705
Jhelum,Rasul Barrage,06/09/2014,36195,11895
Jhelum,Rasul Barrage,06/10/2014,36206,11895
Jhelum,Rasul Barrage,06/11/2014,35005,19705
Jhelum,Rasul Barrage,06/12/2014,38910,23610
Jhelum,Rasul Barrage,13-06-2014,38910,23610
Jhelum,Rasul Barrage,14-06-2014,42815,27515
Jhelum,Rasul Barrage,15-06-2014,37005,19705
Jhelum,Rasul Barrage,16-06-2014,43910,23610
Jhelum,Rasul Barrage,17-06-2014,43947,23610
Jhelum,Rasul Barrage,18-06-2014,36100,15800
Jhelum,Rasul Barrage,19-06-2014,25641,5341
Jhelum,Rasul Barrage,20-06-2014,32229,11895
Jhelum,Rasul Barrage,21-06-2014,25641,5341
Jhelum,Rasul Barrage,22-06-2014,20300,NIL
Jhelum,Rasul Barrage,23-06-2014,25641,5341
Jhelum,Rasul Barrage,24-06-2014,20300,NIL
Jhelum,Rasul Barrage,25-06-2014,25141,5341
Jhelum,Rasul Barrage,26-06-2014,36148,15800
Jhelum,Rasul Barrage,27-06-2014,43910,23610
Jhelum,Rasul Barrage,28-06-2014,40005,19705
Jhelum,Rasul Barrage,29-06-2014,36100,15800
Jhelum,Rasul Barrage,30-06-2014,25641,5341
Jhelum,Rasul Barrage,07/01/2014,36100,15800
Jhelum,Rasul Barrage,07/02/2014,36100,15800
Jhelum,Rasul Barrage,07/03/2014,32195,11895
Jhelum,Rasul Barrage,07/04/2014,32195,11895
Jhelum,Rasul Barrage,07/05/2014,19641,5341
Jhelum,Rasul Barrage,07/06/2014,10300,NIL
Jhelum,Rasul Barrage,07/07/2014,26100,15800
Jhelum,Rasul Barrage,07/08/2014,26100,15800
Jhelum,Rasul Barrage,07/09/2014,22125,11825
Jhelum,Rasul Barrage,07/10/2014,22142,11825
Jhelum,Rasul Barrage,07/11/2014,26100,15800
Jhelum,Rasul Barrage,07/12/2014,26100,15800
Jhelum,Rasul Barrage,13-07-2014,22195,11895
Jhelum,Rasul Barrage,14-07-2014,15641,5341
Jhelum,Rasul Barrage,15-07-2014,15641,5341
Jhelum,Rasul Barrage,16-07-2014,15641,5341
Jhelum,Rasul Barrage,17-07-2014,10300,NIL
Jhelum,Rasul Barrage,18-07-2014,10300,NIL
Jhelum,Rasul Barrage,19-07-2014,10300,NIL
Jhelum,Rasul Barrage,20-07-2014,10350,NIL
Jhelum,Rasul Barrage,21-07-2014,10300,NIL
Jhelum,Rasul Barrage,22-07-2014,10300,NIL
Jhelum,Rasul Barrage,23-07-2014,10300,NIL
Jhelum,Rasul Barrage,24-07-2014,10300,NIL
Jhelum,Rasul Barrage,25-07-2014,10300,NIL
Jhelum,Rasul Barrage,26-07-2014,15641,5341
Jhelum,Rasul Barrage,27-07-2014,10300,NIL
Jhelum,Rasul Barrage,28-07-2014,5300,NIL
Jhelum,Rasul Barrage,29-07-2014,4800,NIL
Jhelum,Rasul Barrage,30-07-2014,4300,NIL
Jhelum,Rasul Barrage,31-07-2014,16695,11895
Jhelum,Rasul Barrage,08/01/2014,13290,7990
Jhelum,Rasul Barrage,08/02/2014,10641,5341
Jhelum,Rasul Barrage,08/03/2014,17195,11895
Jhelum,Rasul Barrage,08/04/2014,13290,7990
Jhelum,Rasul Barrage,08/05/2014,10715,5341
Jhelum,Rasul Barrage,08/06/2014,10641,5341
Jhelum,Rasul Barrage,08/07/2014,5300,NIL
Jhelum,Rasul Barrage,08/08/2014,5300,NIL
Jhelum,Rasul Barrage,08/09/2014,10641,5341
Jhelum,Rasul Barrage,08/10/2014,5327,NIL
Jhelum,Rasul Barrage,08/11/2014,5300,NIL
Jhelum,Rasul Barrage,08/12/2014,5300,NIL
Jhelum,Rasul Barrage,13-08-2014,5300,NIL
Jhelum,Rasul Barrage,14-08-2014,10641,5341
Jhelum,Rasul Barrage,15-08-2014,5336,NIL
Jhelum,Rasul Barrage,16-08-2014,10641,5341
Jhelum,Rasul Barrage,17-08-2014,10091,5341
Jhelum,Rasul Barrage,18-08-2014,4900,NIL
Jhelum,Rasul Barrage,19-08-2014,5200,NIL
Jhelum,Rasul Barrage,20-08-2014,5213,NIL
Jhelum,Rasul Barrage,21-08-2014,5200,NIL
Jhelum,Rasul Barrage,22-08-2014,14200,NIL
Jhelum,Rasul Barrage,23-08-2014,26541,5341
Jhelum,Rasul Barrage,24-08-2014,29541,5341
Jhelum,Rasul Barrage,25-08-2014,32228,7990
Jhelum,Rasul Barrage,26-08-2014,36095,11895
Jhelum,Rasul Barrage,27-08-2014,36095,11895
Jhelum,Rasul Barrage,28-08-2014,36095,11895
Jhelum,Rasul Barrage,29-08-2014,35995,11895
Jhelum,Rasul Barrage,30-08-2014,39850,15800
Jhelum,Rasul Barrage,31-08-2014,35945,11895
Jhelum,Rasul Barrage,09/01/2014,39850,15800
Jhelum,Rasul Barrage,09/02/2014,35945,11895
Jhelum,Rasul Barrage,09/03/2014,39800,15800
Jhelum,Rasul Barrage,09/04/2014,23610,23610
Jhelum,Rasul Barrage,09/05/2014,144345,144345
Jhelum,Rasul Barrage,09/06/2014,391614,391614
Jhelum,Rasul Barrage,09/07/2014,185200,185200
Jhelum,Rasul Barrage,09/08/2014,112654,110354
Jhelum,Rasul Barrage,09/09/2014,74488,71788
Jhelum,Rasul Barrage,09/10/2014,56997,54280
Jhelum,Rasul Barrage,09/11/2014,69362,66162
Jhelum,Rasul Barrage,09/12/2014,75337,72137
Jhelum,Rasul Barrage,13-09-2014,93918,90618
Jhelum,Rasul Barrage,14-09-2014,73442,69962
Jhelum,Rasul Barrage,15-09-2014,98384,95234
Jhelum,Rasul Barrage,16-09-2014,74992,71842
Jhelum,Rasul Barrage,17-09-2014,69084,65934
Jhelum,Rasul Barrage,18-09-2014,69084,65934
Jhelum,Rasul Barrage,19-09-2014,60520,57420
Jhelum,Rasul Barrage,20-09-2014,52510,48826
Jhelum,Rasul Barrage,21-09-2014,58494,51994
Jhelum,Rasul Barrage,22-09-2014,60526,48826
Jhelum,Rasul Barrage,23-09-2014,55192,37242
Jhelum,Rasul Barrage,24-09-2014,50570,31420
Jhelum,Rasul Barrage,25-09-2014,42960,23610
Jhelum,Rasul Barrage,26-09-2014,38805,19705
Jhelum,Rasul Barrage,27-09-2014,41230,19705
Jhelum,Rasul Barrage,28-09-2014,35145,11895
Jhelum,Rasul Barrage,29-09-2014,34745,11895
Jhelum,Rasul Barrage,30-09-2014,34745,11895
Jhelum,Rasul Barrage,10/01/2014,34845,11895
Jhelum,Rasul Barrage,10/02/2014,28291,5341
Jhelum,Rasul Barrage,10/03/2014,34845,11895
Jhelum,Rasul Barrage,10/04/2014,27891,5341
Jhelum,Rasul Barrage,10/05/2014,36450,15800
Jhelum,Rasul Barrage,10/06/2014,36450,15800
Jhelum,Rasul Barrage,10/07/2014,36450,15800
Jhelum,Rasul Barrage,10/08/2014,40755,19705
Jhelum,Rasul Barrage,10/09/2014,34845,11895
Jhelum,Rasul Barrage,10/10/2014,31167,7990
Jhelum,Rasul Barrage,10/11/2014,31240,7990
Jhelum,Rasul Barrage,10/12/2014,35245,11895
Jhelum,Rasul Barrage,13-10-2014,31340,7990
Jhelum,Rasul Barrage,14-10-2014,28691,5341
Jhelum,Rasul Barrage,15-10-2014,31440,7990
Jhelum,Rasul Barrage,16-10-2014,28791,5341
Jhelum,Rasul Barrage,17-10-2014,31440,7990
Jhelum,Rasul Barrage,18-10-2014,28791,5341
Jhelum,Rasul Barrage,19-10-2014,28791,5341
Jhelum,Rasul Barrage,20-10-2014,28822,5341
Jhelum,Rasul Barrage,21-10-2014,28791,5341
Jhelum,Rasul Barrage,22-10-2014,35345,11895
Jhelum,Rasul Barrage,23-10-2014,26791,5341
Jhelum,Rasul Barrage,24-10-2014,29440,7990
Jhelum,Rasul Barrage,25-10-2014,26791,5341
Jhelum,Rasul Barrage,26-10-2014,26791,5341
Jhelum,Rasul Barrage,27-10-2014,26791,5341
Jhelum,Rasul Barrage,28-10-2014,26791,5341
Jhelum,Rasul Barrage,29-10-2014,26791,5341
Jhelum,Rasul Barrage,30-10-2014,26791,5341
Jhelum,Rasul Barrage,31-10-2014,27791,5341
Jhelum,Rasul Barrage,11/01/2014,31290,7990
Jhelum,Rasul Barrage,11/02/2014,31290,7990
Jhelum,Rasul Barrage,11/03/2014,31090,7990
Jhelum,Rasul Barrage,11/04/2014,34995,11895
Jhelum,Rasul Barrage,11/05/2014,31090,7990
Jhelum,Rasul Barrage,11/06/2014,28441,5341
Jhelum,Rasul Barrage,11/07/2014,34995,11895
Jhelum,Rasul Barrage,11/08/2014,34995,11895
Jhelum,Rasul Barrage,11/09/2014,34745,11895
Jhelum,Rasul Barrage,11/10/2014,34809,11895
Jhelum,Rasul Barrage,11/11/2014,42705,19705
Jhelum,Rasul Barrage,11/12/2014,34895,11895
Jhelum,Rasul Barrage,13-11-2014,34895,11895
Jhelum,Rasul Barrage,14-11-2014,34895,11895
Jhelum,Rasul Barrage,15-11-2014,42705,19705
Jhelum,Rasul Barrage,16-11-2014,42705,19705
Jhelum,Rasul Barrage,17-11-2014,42705,19705
Jhelum,Rasul Barrage,18-11-2014,42655,19705
Jhelum,Rasul Barrage,19-11-2014,46560,23610
Jhelum,Rasul Barrage,20-11-2014,58276,35325
Jhelum,Rasul Barrage,21-11-2014,46480,23610
Jhelum,Rasul Barrage,22-11-2014,38670,15800
Jhelum,Rasul Barrage,23-11-2014,46385,23610
Jhelum,Rasul Barrage,24-11-2014,42480,19705
Jhelum,Rasul Barrage,25-11-2014,38575,15800
Jhelum,Rasul Barrage,26-11-2014,38575,15800
Jhelum,Rasul Barrage,27-11-2014,50195,27515
Jhelum,Rasul Barrage,28-11-2014,38480,15800
Jhelum,Rasul Barrage,29-11-2014,38480,15800
Jhelum,Rasul Barrage,30-11-2014,42385,19705
Jhelum,Rasul Barrage,12/01/2014,42425,19705
Jhelum,Rasul Barrage,12/02/2014,34655,11895
Jhelum,Rasul Barrage,12/03/2014,50275,27515
Jhelum,Rasul Barrage,12/04/2014,42505,19705
Jhelum,Rasul Barrage,12/05/2014,38600,15800
Jhelum,Rasul Barrage,12/06/2014,38600,15800
Jhelum,Rasul Barrage,12/07/2014,46410,23610
Jhelum,Rasul Barrage,12/08/2014,42505,19705
Jhelum,Rasul Barrage,12/09/2014,42605,19705
Jhelum,Rasul Barrage,12/10/2014,42690,19705
Jhelum,Rasul Barrage,12/11/2014,42605,19705
Jhelum,Rasul Barrage,12/12/2014,38700,15800
Jhelum,Rasul Barrage,13-12-2014,20900,NIL
Jhelum,Rasul Barrage,14-12-2014,41705,19705
Jhelum,Rasul Barrage,15-12-2014,38800,15800
Jhelum,Rasul Barrage,16-12-2014,42705,19705
Jhelum,Rasul Barrage,17-12-2014,42705,19705
Jhelum,Rasul Barrage,18-12-2014,42705,19705
Jhelum,Rasul Barrage,19-12-2014,42705,19705
Jhelum,Rasul Barrage,20-12-2014,42796,19705
Jhelum,Rasul Barrage,21-12-2014,42755,19705
Jhelum,Rasul Barrage,22-12-2014,42755,19705
Jhelum,Rasul Barrage,23-12-2014,38850,15800
Jhelum,Rasul Barrage,24-12-2014,42755,19705
Jhelum,Rasul Barrage,25-12-2014,11550,NIL
Jhelum,Rasul Barrage,26-12-2014,21064,21064
Jhelum,Rasul Barrage,27-12-2014,8957,8957
Jhelum,Rasul Barrage,28-12-2014,8201,8201
Jhelum,Rasul Barrage,29-12-2014,7830,7830
Jhelum,Rasul Barrage,30-12-2014,7830,7830
Jhelum,Rasul Barrage,31-12-2014,7108,7108
Ravi,Balloki H/W,01/01/2014,3345,3345
Ravi,Balloki H/W,01/02/2014,3240,3240
Ravi,Balloki H/W,01/03/2014,3240,3240
Ravi,Balloki H/W,01/04/2014,3240,3240
Ravi,Balloki H/W,01/05/2014,2920,2920
Ravi,Balloki H/W,01/06/2014,3535,3535
Ravi,Balloki H/W,01/07/2014,3535,3535
Ravi,Balloki H/W,01/08/2014,3535,3535
Ravi,Balloki H/W,01/09/2014,3240,3240
Ravi,Balloki H/W,01/10/2014,3240,3240
Ravi,Balloki H/W,01/11/2014,3240,3240
Ravi,Balloki H/W,01/12/2014,2990,2990
Ravi,Balloki H/W,13-01-2014,2990,2990
Ravi,Balloki H/W,14-01-2014,2720,2720
Ravi,Balloki H/W,15-01-2014,2720,2720
Ravi,Balloki H/W,16-01-2014,2720,2720
Ravi,Balloki H/W,17-01-2014,2720,2720
Ravi,Balloki H/W,18-01-2014,2720,2720
Ravi,Balloki H/W,19-01-2014,2720,2720
Ravi,Balloki H/W,20-01-2014,2720,2720
Ravi,Balloki H/W,21-01-2014,3250,3250
Ravi,Balloki H/W,22-01-2014,4265,4265
Ravi,Balloki H/W,23-01-2014,4720,4720
Ravi,Balloki H/W,24-01-2014,4720,4720
Ravi,Balloki H/W,25-01-2014,4720,4720
Ravi,Balloki H/W,26-01-2014,8735,8735
Ravi,Balloki H/W,27-01-2014,8735,8735
Ravi,Balloki H/W,28-01-2014,7460,7460
Ravi,Balloki H/W,29-01-2014,6635,6635
Ravi,Balloki H/W,30-01-2014,5475,5475
Ravi,Balloki H/W,31-01-2014,5105,5105
Ravi,Sidhnai H/W,01/01/2014,6493,NIL
Ravi,Sidhnai H/W,01/02/2014,8630,995
Ravi,Sidhnai H/W,01/03/2014,8302,661
Ravi,Sidhnai H/W,01/04/2014,8311,668
Ravi,Sidhnai H/W,01/05/2014,8632,982
Ravi,Sidhnai H/W,01/06/2014,8368,668
Ravi,Sidhnai H/W,01/07/2014,8343,668
Ravi,Sidhnai H/W,01/08/2014,9016,1322
Ravi,Sidhnai H/W,01/09/2014,8368,668
Ravi,Sidhnai H/W,01/10/2014,8650,995
Ravi,Sidhnai H/W,01/11/2014,3494,3494
Ravi,Sidhnai H/W,01/12/2014,4410,4410
Ravi,Sidhnai H/W,13-01-2014,4410,4410
Ravi,Sidhnai H/W,14-01-2014,2453,2453
Ravi,Sidhnai H/W,15-01-2014,3133,3133
Ravi,Sidhnai H/W,16-01-2014,3133,3133
Ravi,Sidhnai H/W,17-01-2014,3133,3133
Ravi,Sidhnai H/W,18-01-2014,3133,3133
Ravi,Sidhnai H/W,19-01-2014,3133,3133
Ravi,Sidhnai H/W,20-01-2014,3133,3133
Ravi,Sidhnai H/W,21-01-2014,3133,3133
Ravi,Sidhnai H/W,22-01-2014,3133,3133
Ravi,Sidhnai H/W,23-01-2014,3133,3133
Ravi,Sidhnai H/W,24-01-2014,3133,3133
Ravi,Sidhnai H/W,25-01-2014,3133,3133
Ravi,Sidhnai H/W,26-01-2014,3133,3133
Ravi,Sidhnai H/W,27-01-2014,3133,3133
Ravi,Sidhnai H/W,28-01-2014,3133,3133
Ravi,Sidhnai H/W,29-01-2014,NIL,NIL
Ravi,Sidhnai H/W,30-01-2014,500,NIL
Ravi,Sidhnai H/W,31-01-2014,500,NIL
Ravi,Balloki H/W,02/01/2014,4400,NIL
Ravi,Balloki H/W,02/02/2014,5500,NIL
Ravi,Balloki H/W,02/03/2014,6500,NIL
Ravi,Balloki H/W,02/04/2014,7000,NIL
Ravi,Balloki H/W,02/05/2014,7000,NIL
Ravi,Balloki H/W,02/06/2014,8454,NIL
Ravi,Balloki H/W,02/07/2014,13734,3140
Ravi,Balloki H/W,02/08/2014,17274,6280
Ravi,Balloki H/W,02/09/2014,17235,5235
Ravi,Balloki H/W,02/10/2014,18158,5235
Ravi,Balloki H/W,02/11/2014,18389,8375
Ravi,Balloki H/W,02/12/2014,20418,9420
Ravi,Balloki H/W,13-02-2014,19315,7330
Ravi,Balloki H/W,14-02-2014,18235,5235
Ravi,Balloki H/W,15-02-2014,17000,4000
Ravi,Balloki H/W,16-02-2014,15525,1625
Ravi,Balloki H/W,17-02-2014,15719,2715
Ravi,Balloki H/W,18-02-2014,16683,2715
Ravi,Balloki H/W,19-02-2014,17632,3255
Ravi,Balloki H/W,20-02-2014,17373,1625
Ravi,Balloki H/W,21-02-2014,16000,NIL
Ravi,Balloki H/W,22-02-2014,16000,NIL
Ravi,Balloki H/W,23-02-2014,16000,NIL
Ravi,Balloki H/W,24-02-2014,16288,NIL
Ravi,Balloki H/W,25-02-2014,16204,NIL
Ravi,Balloki H/W,26-02-2014,16700,NIL
Ravi,Balloki H/W,27-02-2014,16700,NIL
Ravi,Balloki H/W,28-02-2014,16900,NIL
Ravi,Sidhnai H/W,02/01/2014,3805,3305
Ravi,Sidhnai H/W,02/02/2014,3805,3305
Ravi,Sidhnai H/W,02/03/2014,5259,3966
Ravi,Sidhnai H/W,02/04/2014,5096,3305
Ravi,Sidhnai H/W,02/05/2014,6605,3305
Ravi,Sidhnai H/W,02/06/2014,6570,3305
Ravi,Sidhnai H/W,02/07/2014,5992,2592
Ravi,Sidhnai H/W,02/08/2014,6492,2592
Ravi,Sidhnai H/W,02/09/2014,6024,1964
Ravi,Sidhnai H/W,02/10/2014,6884,2298
Ravi,Sidhnai H/W,02/11/2014,10240,4840
Ravi,Sidhnai H/W,02/12/2014,9492,3607
Ravi,Sidhnai H/W,13-02-2014,12901,6480
Ravi,Sidhnai H/W,14-02-2014,12943,6412
Ravi,Sidhnai H/W,15-02-2014,11722,5184
Ravi,Sidhnai H/W,16-02-2014,11072,4222
Ravi,Sidhnai H/W,17-02-2014,11046,4222
Ravi,Sidhnai H/W,18-02-2014,9256,2926
Ravi,Sidhnai H/W,19-02-2014,9250,2926
Ravi,Sidhnai H/W,20-02-2014,11613,5288
Ravi,Sidhnai H/W,21-02-2014,10205,3305
Ravi,Sidhnai H/W,22-02-2014,10132,3305
Ravi,Sidhnai H/W,23-02-2014,10155,3305
Ravi,Sidhnai H/W,24-02-2014,10133,3305
Ravi,Sidhnai H/W,25-02-2014,9148,2317
Ravi,Sidhnai H/W,26-02-2014,8500,1656
Ravi,Sidhnai H/W,27-02-2014,8924,1983
Ravi,Sidhnai H/W,28-02-2014,9605,3305
Ravi,Balloki H/W,03/01/2014,17050,1680
Ravi,Balloki H/W,03/02/2014,17080,1680
Ravi,Balloki H/W,03/03/2014,17280,1680
Ravi,Balloki H/W,03/04/2014,17257,1680
Ravi,Balloki H/W,03/05/2014,17980,2480
Ravi,Balloki H/W,03/06/2014,18305,2800
Ravi,Balloki H/W,03/07/2014,16164,550
Ravi,Balloki H/W,03/08/2014,15000,NIL
Ravi,Balloki H/W,03/09/2014,15500,NIL
Ravi,Balloki H/W,03/10/2014,14285,NIL
Ravi,Balloki H/W,03/11/2014,14764,NIL
Ravi,Balloki H/W,03/12/2014,16956,1480
Ravi,Balloki H/W,13-03-2014,21450,4550
Ravi,Balloki H/W,14-03-2014,25895,6495
Ravi,Balloki H/W,15-03-2014,29161,9740
Ravi,Balloki H/W,16-03-2014,29115,6715
Ravi,Balloki H/W,17-03-2014,26942,4550
Ravi,Balloki H/W,18-03-2014,24952,4550
Ravi,Balloki H/W,19-03-2014,25150,4550
Ravi,Balloki H/W,20-03-2014,24734,3970
Ravi,Balloki H/W,21-03-2014,23933,3120
Ravi,Balloki H/W,22-03-2014,23805,4005
Ravi,Balloki H/W,23-03-2014,23805,4005
Ravi,Balloki H/W,24-03-2014,24107,5385
Ravi,Balloki H/W,25-03-2014,23453,5385
Ravi,Balloki H/W,26-03-2014,24313,6715
Ravi,Balloki H/W,27-03-2014,24307,6715
Ravi,Balloki H/W,28-03-2014,23815,6715
Ravi,Balloki H/W,29-03-2014,24710,8110
Ravi,Balloki H/W,30-03-2014,25210,8110
Ravi,Balloki H/W,31-03-2014,24487,6715
Ravi,Sidhnai H/W,03/01/2014,9848,3305
Ravi,Sidhnai H/W,03/02/2014,9955,3305
Ravi,Sidhnai H/W,03/03/2014,9985,3305
Ravi,Sidhnai H/W,03/04/2014,9705,3305
Ravi,Sidhnai H/W,03/05/2014,9705,3305
Ravi,Sidhnai H/W,03/06/2014,9742,3305
Ravi,Sidhnai H/W,03/07/2014,8098,1983
Ravi,Sidhnai H/W,03/08/2014,8537,2317
Ravi,Sidhnai H/W,03/09/2014,9555,3305
Ravi,Sidhnai H/W,03/10/2014,8839,2625
Ravi,Sidhnai H/W,03/11/2014,8494,2644
Ravi,Sidhnai H/W,03/12/2014,8227,1983
Ravi,Sidhnai H/W,13-03-2014,7726,995
Ravi,Sidhnai H/W,14-03-2014,9280,NIL
Ravi,Sidhnai H/W,15-03-2014,11789,NIL
Ravi,Sidhnai H/W,16-03-2014,12472,1322
Ravi,Sidhnai H/W,17-03-2014,17530,6480
Ravi,Sidhnai H/W,18-03-2014,16860,8269
Ravi,Sidhnai H/W,19-03-2014,14964,4786
Ravi,Sidhnai H/W,20-03-2014,15147,4786
Ravi,Sidhnai H/W,21-03-2014,14885,4494
Ravi,Sidhnai H/W,22-03-2014,14329,3859
Ravi,Sidhnai H/W,23-03-2014,15086,4786
Ravi,Sidhnai H/W,24-03-2014,15389,8408
Ravi,Sidhnai H/W,25-03-2014,13264,8578
Ravi,Sidhnai H/W,26-03-2014,13362,9562
Ravi,Sidhnai H/W,27-03-2014,13755,9562
Ravi,Sidhnai H/W,28-03-2014,14350,10770
Ravi,Sidhnai H/W,29-03-2014,11036,8736
Ravi,Sidhnai H/W,30-03-2014,11036,8736
Ravi,Sidhnai H/W,31-03-2014,11486,8736
Ravi,Balloki H/W,04/01/2014,25115,6715
Ravi,Balloki H/W,04/02/2014,24385,5385
Ravi,Balloki H/W,04/03/2014,24396,5385
Ravi,Balloki H/W,04/04/2014,24419,5385
Ravi,Balloki H/W,04/05/2014,24185,5385
Ravi,Balloki H/W,04/06/2014,24185,5385
Ravi,Balloki H/W,04/07/2014,22810,4005
Ravi,Balloki H/W,04/08/2014,23414,4565
Ravi,Balloki H/W,04/09/2014,23354,4565
Ravi,Balloki H/W,04/10/2014,23757,4565
Ravi,Balloki H/W,04/11/2014,23205,4005
Ravi,Balloki H/W,04/12/2014,24480,2280
Ravi,Balloki H/W,13-04-2014,23615,1415
Ravi,Balloki H/W,14-04-2014,23345,745
Ravi,Balloki H/W,15-04-2014,23471,745
Ravi,Balloki H/W,16-04-2014,23347,745
Ravi,Balloki H/W,17-04-2014,23345,745
Ravi,Balloki H/W,18-04-2014,23345,745
Ravi,Balloki H/W,19-04-2014,24636,3410
Ravi,Balloki H/W,20-04-2014,25410,3410
Ravi,Balloki H/W,21-04-2014,26193,4265
Ravi,Balloki H/W,22-04-2014,26065,4265
Ravi,Balloki H/W,23-04-2014,27367,5600
Ravi,Balloki H/W,24-04-2014,27400,5600
Ravi,Balloki H/W,25-04-2014,27282,5175
Ravi,Balloki H/W,26-04-2014,24682,2275
Ravi,Balloki H/W,27-04-2014,24675,2275
Ravi,Balloki H/W,28-04-2014,23615,1120
Ravi,Balloki H/W,29-04-2014,19024,NIL
Ravi,Balloki H/W,30-04-2014,19028,NIL
Ravi,Sidhnai H/W,04/01/2014,11694,8158
Ravi,Sidhnai H/W,04/02/2014,12247,9397
Ravi,Sidhnai H/W,04/03/2014,10502,7002
Ravi,Sidhnai H/W,04/04/2014,9908,5518
Ravi,Sidhnai H/W,04/05/2014,9881,5518
Ravi,Sidhnai H/W,04/06/2014,9918,5518
Ravi,Sidhnai H/W,04/07/2014,7823,3540
Ravi,Sidhnai H/W,04/08/2014,7803,3253
Ravi,Sidhnai H/W,04/09/2014,7441,2939
Ravi,Sidhnai H/W,04/10/2014,6857,1983
Ravi,Sidhnai H/W,04/11/2014,9770,4870
Ravi,Sidhnai H/W,04/12/2014,9757,4870
Ravi,Sidhnai H/W,13-04-2014,13101,8101
Ravi,Sidhnai H/W,14-04-2014,13424,8465
Ravi,Sidhnai H/W,15-04-2014,12490,5100
Ravi,Sidhnai H/W,16-04-2014,13200,5100
Ravi,Sidhnai H/W,17-04-2014,12293,3804
Ravi,Sidhnai H/W,18-04-2014,13671,5706
Ravi,Sidhnai H/W,19-04-2014,13302,7708
Ravi,Sidhnai H/W,20-04-2014,10088,3888
Ravi,Sidhnai H/W,21-04-2014,9057,995
Ravi,Sidhnai H/W,22-04-2014,9295,995
Ravi,Sidhnai H/W,23-04-2014,10265,995
Ravi,Sidhnai H/W,24-04-2014,10792,NIL
Ravi,Sidhnai H/W,25-04-2014,10600,NIL
Ravi,Sidhnai H/W,26-04-2014,10756,NIL
Ravi,Sidhnai H/W,27-04-2014,12495,995
Ravi,Sidhnai H/W,28-04-2014,11663,NIL
Ravi,Sidhnai H/W,29-04-2014,11685,NIL
Ravi,Sidhnai H/W,30-04-2014,12000,NIL
Ravi,Balloki H/W,05/01/2014,19000,NIL
Ravi,Balloki H/W,05/02/2014,18979,NIL
Ravi,Balloki H/W,05/03/2014,18432,NIL
Ravi,Balloki H/W,05/04/2014,19000,NIL
Ravi,Balloki H/W,05/05/2014,19315,NIL
Ravi,Balloki H/W,05/06/2014,19000,NIL
Ravi,Balloki H/W,05/07/2014,18500,NIL
Ravi,Balloki H/W,05/08/2014,18497,NIL
Ravi,Balloki H/W,05/09/2014,18486,NIL
Ravi,Balloki H/W,05/10/2014,22711,NIL
Ravi,Balloki H/W,05/11/2014,28685,2885
Ravi,Balloki H/W,05/12/2014,29580,1680
Ravi,Balloki H/W,13-05-2014,30870,2970
Ravi,Balloki H/W,14-05-2014,33670,5770
Ravi,Balloki H/W,15-05-2014,34817,6310
Ravi,Balloki H/W,16-05-2014,35697,6310
Ravi,Balloki H/W,17-05-2014,36110,6310
Ravi,Balloki H/W,18-05-2014,35570,5770
Ravi,Balloki H/W,19-05-2014,34053,4390
Ravi,Balloki H/W,20-05-2014,33370,4110
Ravi,Balloki H/W,21-05-2014,32373,2970
Ravi,Balloki H/W,22-05-2014,31410,1910
Ravi,Balloki H/W,23-05-2014,33445,3545
Ravi,Balloki H/W,24-05-2014,32859,2970
Ravi,Balloki H/W,25-05-2014,33445,3545
Ravi,Balloki H/W,26-05-2014,35670,5770
Ravi,Balloki H/W,27-05-2014,36304,6310
Ravi,Balloki H/W,28-05-2014,36273,6575
Ravi,Balloki H/W,29-05-2014,35400,5285
Ravi,Balloki H/W,30-05-2014,36535,5835
Ravi,Balloki H/W,31-05-2014,37950,6650
Ravi,Sidhnai H/W,05/01/2014,11200,NIL
Ravi,Sidhnai H/W,05/02/2014,11179,NIL
Ravi,Sidhnai H/W,05/03/2014,10584,NIL
Ravi,Sidhnai H/W,05/04/2014,12400,NIL
Ravi,Sidhnai H/W,05/05/2014,12382,NIL
Ravi,Sidhnai H/W,05/06/2014,12400,NIL
Ravi,Sidhnai H/W,05/07/2014,12369,NIL
Ravi,Sidhnai H/W,05/08/2014,12770,NIL
Ravi,Sidhnai H/W,05/09/2014,13000,NIL
Ravi,Sidhnai H/W,05/10/2014,13134,NIL
Ravi,Sidhnai H/W,05/11/2014,13000,NIL
Ravi,Sidhnai H/W,05/12/2014,12666,NIL
Ravi,Sidhnai H/W,13-05-2014,12773,NIL
Ravi,Sidhnai H/W,14-05-2014,14234,334
Ravi,Sidhnai H/W,15-05-2014,14046,NIL
Ravi,Sidhnai H/W,16-05-2014,13850,1322
Ravi,Sidhnai H/W,17-05-2014,15216,3252
Ravi,Sidhnai H/W,18-05-2014,16610,8110
Ravi,Sidhnai H/W,19-05-2014,15618,6418
Ravi,Sidhnai H/W,20-05-2014,15252,3909
Ravi,Sidhnai H/W,21-05-2014,14592,2592
Ravi,Sidhnai H/W,22-05-2014,14635,1983
Ravi,Sidhnai H/W,23-05-2014,16738,2625
Ravi,Sidhnai H/W,24-05-2014,14996,661
Ravi,Sidhnai H/W,25-05-2014,14861,661
Ravi,Sidhnai H/W,26-05-2014,14506,NIL
Ravi,Sidhnai H/W,27-05-2014,15395,995
Ravi,Sidhnai H/W,28-05-2014,15132,661
Ravi,Sidhnai H/W,29-05-2014,16072,1322
Ravi,Sidhnai H/W,30-05-2014,16132,1322
Ravi,Sidhnai H/W,31-05-2014,16733,1983
Ravi,Balloki H/W,06/01/2014,38910,7310
Ravi,Balloki H/W,06/02/2014,40817,8645
Ravi,Balloki H/W,06/03/2014,39238,7040
Ravi,Balloki H/W,06/04/2014,40398,8120
Ravi,Balloki H/W,06/05/2014,40626,8265
Ravi,Balloki H/W,06/06/2014,39826,7445
Ravi,Balloki H/W,06/07/2014,40592,8265
Ravi,Balloki H/W,06/08/2014,43720,11320
Ravi,Balloki H/W,06/09/2014,42930,10535
Ravi,Balloki H/W,06/10/2014,43746,11320
Ravi,Balloki H/W,06/11/2014,42884,10535
Ravi,Balloki H/W,06/12/2014,42914,10535
Ravi,Balloki H/W,13-06-2014,42910,10535
Ravi,Balloki H/W,14-06-2014,41540,9470
Ravi,Balloki H/W,15-06-2014,41870,9470
Ravi,Balloki H/W,16-06-2014,40948,8650
Ravi,Balloki H/W,17-06-2014,39815,7445
Ravi,Balloki H/W,18-06-2014,39798,7445
Ravi,Balloki H/W,19-06-2014,39808,7445
Ravi,Balloki H/W,20-06-2014,40633,8265
Ravi,Balloki H/W,21-06-2014,40665,8265
Ravi,Balloki H/W,22-06-2014,40665,8265
Ravi,Balloki H/W,23-06-2014,40660,8265
Ravi,Balloki H/W,24-06-2014,40545,8265
Ravi,Balloki H/W,25-06-2014,39837,7445
Ravi,Balloki H/W,26-06-2014,39845,7445
Ravi,Balloki H/W,27-06-2014,39820,7445
Ravi,Balloki H/W,28-06-2014,39845,7445
Ravi,Balloki H/W,29-06-2014,39845,7445
Ravi,Balloki H/W,30-06-2014,40617,8265
Ravi,Sidhnai H/W,06/01/2014,17133,1983
Ravi,Sidhnai H/W,06/02/2014,17096,1983
Ravi,Sidhnai H/W,06/03/2014,16456,1322
Ravi,Sidhnai H/W,06/04/2014,16425,1322
Ravi,Sidhnai H/W,06/05/2014,16522,1322
Ravi,Sidhnai H/W,06/06/2014,17140,1983
Ravi,Sidhnai H/W,06/07/2014,17165,1983
Ravi,Sidhnai H/W,06/08/2014,17183,1983
Ravi,Sidhnai H/W,06/09/2014,16532,1322
Ravi,Sidhnai H/W,06/10/2014,15747,661
Ravi,Sidhnai H/W,06/11/2014,17304,2304
Ravi,Sidhnai H/W,06/12/2014,18215,3233
Ravi,Sidhnai H/W,13-06-2014,18223,3233
Ravi,Sidhnai H/W,14-06-2014,18199,3233
Ravi,Sidhnai H/W,15-06-2014,16422,1322
Ravi,Sidhnai H/W,16-06-2014,15564,334
Ravi,Sidhnai H/W,17-06-2014,15634,334
Ravi,Sidhnai H/W,18-06-2014,16157,995
Ravi,Sidhnai H/W,19-06-2014,15200,NIL
Ravi,Sidhnai H/W,20-06-2014,15807,661
Ravi,Sidhnai H/W,21-06-2014,16522,1322
Ravi,Sidhnai H/W,22-06-2014,15861,661
Ravi,Sidhnai H/W,23-06-2014,16502,1322
Ravi,Sidhnai H/W,24-06-2014,16498,1322
Ravi,Sidhnai H/W,25-06-2014,17147,1983
Ravi,Sidhnai H/W,26-06-2014,17483,1983
Ravi,Sidhnai H/W,27-06-2014,18052,2644
Ravi,Sidhnai H/W,28-06-2014,17422,1983
Ravi,Sidhnai H/W,29-06-2014,11700,NIL
Ravi,Sidhnai H/W,30-06-2014,12500,NIL
Ravi,Balloki H/W,07/01/2014,41285,8885
Ravi,Balloki H/W,07/02/2014,41285,8885
Ravi,Balloki H/W,07/03/2014,41265,8885
Ravi,Balloki H/W,07/04/2014,41239,8885
Ravi,Balloki H/W,07/05/2014,41236,8885
Ravi,Balloki H/W,07/06/2014,40665,8265
Ravi,Balloki H/W,07/07/2014,40647,8265
Ravi,Balloki H/W,07/08/2014,40665,8265
Ravi,Balloki H/W,07/09/2014,40665,8265
Ravi,Balloki H/W,07/10/2014,40612,8265
Ravi,Balloki H/W,07/11/2014,39798,7445
Ravi,Balloki H/W,07/12/2014,39832,7445
Ravi,Balloki H/W,13-07-2014,39845,7445
Ravi,Balloki H/W,14-07-2014,39825,7445
Ravi,Balloki H/W,15-07-2014,38515,6040
Ravi,Balloki H/W,16-07-2014,36670,4245
Ravi,Balloki H/W,17-07-2014,36733,4245
Ravi,Balloki H/W,18-07-2014,38177,5675
Ravi,Balloki H/W,19-07-2014,42617,10140
Ravi,Balloki H/W,20-07-2014,45335,12835
Ravi,Balloki H/W,21-07-2014,44022,11625
Ravi,Balloki H/W,22-07-2014,41164,8650
Ravi,Balloki H/W,23-07-2014,40580,8090
Ravi,Balloki H/W,24-07-2014,38540,6040
Ravi,Balloki H/W,25-07-2014,38540,6040
Ravi,Balloki H/W,26-07-2014,40955,8455
Ravi,Balloki H/W,27-07-2014,41750,9250
Ravi,Balloki H/W,28-07-2014,40955,8455
Ravi,Balloki H/W,29-07-2014,42160,9660
Ravi,Balloki H/W,30-07-2014,43070,10570
Ravi,Balloki H/W,31-07-2014,43070,10570
Ravi,Sidhnai H/W,07/01/2014,16080,661
Ravi,Sidhnai H/W,07/02/2014,16757,1322
Ravi,Sidhnai H/W,07/03/2014,17433,1983
Ravi,Sidhnai H/W,07/04/2014,17396,1983
Ravi,Sidhnai H/W,07/05/2014,17431,1983
Ravi,Sidhnai H/W,07/06/2014,18453,2978
Ravi,Sidhnai H/W,07/07/2014,18435,2978
Ravi,Sidhnai H/W,07/08/2014,18453,2978
Ravi,Sidhnai H/W,07/09/2014,17940,2978
Ravi,Sidhnai H/W,07/10/2014,18405,2978
Ravi,Sidhnai H/W,07/11/2014,17448,1983
Ravi,Sidhnai H/W,07/12/2014,16783,1322
Ravi,Sidhnai H/W,13-07-2014,16837,1322
Ravi,Sidhnai H/W,14-07-2014,16156,661
Ravi,Sidhnai H/W,15-07-2014,16211,661
Ravi,Sidhnai H/W,16-07-2014,17231,1656
Ravi,Sidhnai H/W,17-07-2014,18236,2644
Ravi,Sidhnai H/W,18-07-2014,17083,1983
Ravi,Sidhnai H/W,19-07-2014,16684,1983
Ravi,Sidhnai H/W,20-07-2014,17006,1656
Ravi,Sidhnai H/W,21-07-2014,16713,1322
Ravi,Sidhnai H/W,22-07-2014,21399,5949
Ravi,Sidhnai H/W,23-07-2014,20663,5236
Ravi,Sidhnai H/W,24-07-2014,18676,3253
Ravi,Sidhnai H/W,25-07-2014,17413,1983
Ravi,Sidhnai H/W,26-07-2014,16772,1322
Ravi,Sidhnai H/W,27-07-2014,16772,1322
Ravi,Sidhnai H/W,28-07-2014,16729,1322
Ravi,Sidhnai H/W,29-07-2014,16572,1322
Ravi,Sidhnai H/W,30-07-2014,17233,1983
Ravi,Sidhnai H/W,31-07-2014,19316,3966
Ravi,Balloki H/W,08/01/2014,47390,14890
Ravi,Balloki H/W,08/02/2014,49025,16525
Ravi,Balloki H/W,08/03/2014,47390,14890
Ravi,Balloki H/W,08/04/2014,48920,16525
Ravi,Balloki H/W,08/05/2014,46270,13780
Ravi,Balloki H/W,08/06/2014,36189,3675
Ravi,Balloki H/W,08/07/2014,28500,NIL
Ravi,Balloki H/W,08/08/2014,28500,NIL
Ravi,Balloki H/W,08/09/2014,33369,945
Ravi,Balloki H/W,08/10/2014,39850,7350
Ravi,Balloki H/W,08/11/2014,49002,16525
Ravi,Balloki H/W,08/12/2014,45640,13215
Ravi,Balloki H/W,13-08-2014,44568,12080
Ravi,Balloki H/W,14-08-2014,43250,10870
Ravi,Balloki H/W,15-08-2014,40955,8455
Ravi,Balloki H/W,16-08-2014,39745,7245
Ravi,Balloki H/W,17-08-2014,40955,8455
Ravi,Balloki H/W,18-08-2014,51863,19370
Ravi,Balloki H/W,19-08-2014,54788,22335
Ravi,Balloki H/W,20-08-2014,46903,14535
Ravi,Balloki H/W,21-08-2014,40924,8455
Ravi,Balloki H/W,22-08-2014,32482,NIL
Ravi,Balloki H/W,23-08-2014,32499,NIL
Ravi,Balloki H/W,24-08-2014,35720,3720
Ravi,Balloki H/W,25-08-2014,37465,4965
Ravi,Balloki H/W,26-08-2014,37465,4965
Ravi,Balloki H/W,27-08-2014,36794,4340
Ravi,Balloki H/W,28-08-2014,36215,3720
Ravi,Balloki H/W,29-08-2014,36169,3720
Ravi,Balloki H/W,30-08-2014,36220,3720
Ravi,Balloki H/W,31-08-2014,34980,2480
Ravi,Sidhnai H/W,08/01/2014,18705,3305
Ravi,Sidhnai H/W,08/02/2014,18755,3305
Ravi,Sidhnai H/W,08/03/2014,17767,2317
Ravi,Sidhnai H/W,08/04/2014,19401,3966
Ravi,Sidhnai H/W,08/05/2014,18397,3305
Ravi,Sidhnai H/W,08/06/2014,19150,3966
Ravi,Sidhnai H/W,08/07/2014,22010,6610
Ravi,Sidhnai H/W,08/08/2014,19359,3966
Ravi,Sidhnai H/W,08/09/2014,17035,1656
Ravi,Sidhnai H/W,08/10/2014,14850,NIL
Ravi,Sidhnai H/W,08/11/2014,14118,NIL
Ravi,Sidhnai H/W,08/12/2014,13634,NIL
Ravi,Sidhnai H/W,13-08-2014,19399,3966
Ravi,Sidhnai H/W,14-08-2014,21449,5949
Ravi,Sidhnai H/W,15-08-2014,18774,3305
Ravi,Sidhnai H/W,16-08-2014,18466,2978
Ravi,Sidhnai H/W,17-08-2014,17156,1656
Ravi,Sidhnai H/W,18-08-2014,16811,1322
Ravi,Sidhnai H/W,19-08-2014,15787,334
Ravi,Sidhnai H/W,20-08-2014,21730,6283
Ravi,Sidhnai H/W,21-08-2014,27703,12267
Ravi,Sidhnai H/W,22-08-2014,19270,3966
Ravi,Sidhnai H/W,23-08-2014,17994,2644
Ravi,Sidhnai H/W,24-08-2014,16111,661
Ravi,Sidhnai H/W,25-08-2014,11790,NIL
Ravi,Sidhnai H/W,26-08-2014,6500,NIL
Ravi,Sidhnai H/W,27-08-2014,10759,NIL
Ravi,Sidhnai H/W,28-08-2014,15188,NIL
Ravi,Sidhnai H/W,29-08-2014,16806,1322
Ravi,Sidhnai H/W,30-08-2014,16899,1322
Ravi,Sidhnai H/W,31-08-2014,16922,1322
Ravi,Balloki H/W,09/01/2014,30000,NIL
Ravi,Balloki H/W,09/02/2014,32000,NIL
Ravi,Balloki H/W,09/03/2014,32000,NIL
Ravi,Balloki H/W,09/04/2014,36140,4340
Ravi,Balloki H/W,09/05/2014,45580,22480
Ravi,Balloki H/W,09/06/2014,75532,62535
Ravi,Balloki H/W,09/07/2014,84645,73645
Ravi,Balloki H/W,09/08/2014,105090,92590
Ravi,Balloki H/W,09/09/2014,131768,118000
Ravi,Balloki H/W,09/10/2014,109240,94945
Ravi,Balloki H/W,09/11/2014,63121,48835
Ravi,Balloki H/W,09/12/2014,44053,29450
Ravi,Balloki H/W,13-09-2014,38070,24100
Ravi,Balloki H/W,14-09-2014,37635,23135
Ravi,Balloki H/W,15-09-2014,36270,19170
Ravi,Balloki H/W,16-09-2014,34829,15335
Ravi,Balloki H/W,17-09-2014,32111,8530
Ravi,Balloki H/W,18-09-2014,30040,3050
Ravi,Balloki H/W,19-09-2014,26986,NIL
Ravi,Balloki H/W,20-09-2014,27925,NIL
Ravi,Balloki H/W,21-09-2014,31870,3670
Ravi,Balloki H/W,22-09-2014,32832,3670
Ravi,Balloki H/W,23-09-2014,30991,1840
Ravi,Balloki H/W,24-09-2014,28150,NIL
Ravi,Balloki H/W,25-09-2014,27160,NIL
Ravi,Balloki H/W,26-09-2014,26615,NIL
Ravi,Balloki H/W,27-09-2014,26702,NIL
Ravi,Balloki H/W,28-09-2014,27000,NIL
Ravi,Balloki H/W,29-09-2014,25993,NIL
Ravi,Balloki H/W,30-09-2014,26000,NIL
Ravi,Sidhnai H/W,09/01/2014,16852,1322
Ravi,Sidhnai H/W,09/02/2014,16622,1322
Ravi,Sidhnai H/W,09/03/2014,17598,2317
Ravi,Sidhnai H/W,09/04/2014,14455,3305
Ravi,Sidhnai H/W,09/05/2014,12511,661
Ravi,Sidhnai H/W,09/06/2014,19947,6610
Ravi,Sidhnai H/W,09/07/2014,21010,6610
Ravi,Sidhnai H/W,09/08/2014,21442,6610
Ravi,Sidhnai H/W,09/09/2014,28139,15439
Ravi,Sidhnai H/W,09/10/2014,35757,23205
Ravi,Sidhnai H/W,09/11/2014,50401,37551
Ravi,Sidhnai H/W,09/12/2014,78943,64658
Ravi,Sidhnai H/W,13-09-2014,79440,64843
Ravi,Sidhnai H/W,14-09-2014,79693,64843
Ravi,Sidhnai H/W,15-09-2014,47046,32154
Ravi,Sidhnai H/W,16-09-2014,29779,14752
Ravi,Sidhnai H/W,17-09-2014,23852,8847
Ravi,Sidhnai H/W,18-09-2014,18487,3305
Ravi,Sidhnai H/W,19-09-2014,12788,NIL
Ravi,Sidhnai H/W,20-09-2014,12341,NIL
Ravi,Sidhnai H/W,21-09-2014,14250,NIL
Ravi,Sidhnai H/W,22-09-2014,15240,NIL
Ravi,Sidhnai H/W,23-09-2014,15437,NIL
Ravi,Sidhnai H/W,24-09-2014,18081,2644
Ravi,Sidhnai H/W,25-09-2014,18069,2644
Ravi,Sidhnai H/W,26-09-2014,18089,2644
Ravi,Sidhnai H/W,27-09-2014,16733,1322
Ravi,Sidhnai H/W,28-09-2014,15000,NIL
Ravi,Sidhnai H/W,29-09-2014,14673,NIL
Ravi,Sidhnai H/W,30-09-2014,14500,NIL
Ravi,Balloki H/W,10/01/2014,25987,NIL
Ravi,Balloki H/W,10/02/2014,26628,NIL
Ravi,Balloki H/W,10/03/2014,27580,NIL
Ravi,Balloki H/W,10/04/2014,27909,NIL
Ravi,Balloki H/W,10/05/2014,29300,NIL
Ravi,Balloki H/W,10/06/2014,29230,930
Ravi,Balloki H/W,10/07/2014,29230,930
Ravi,Balloki H/W,10/08/2014,28920,620
Ravi,Balloki H/W,10/09/2014,29300,NIL
Ravi,Balloki H/W,10/10/2014,29509,NIL
Ravi,Balloki H/W,10/11/2014,29943,620
Ravi,Balloki H/W,10/12/2014,29970,620
Ravi,Balloki H/W,13-10-2014,27426,NIL
Ravi,Balloki H/W,14-10-2014,27384,NIL
Ravi,Balloki H/W,15-10-2014,25029,NIL
Ravi,Balloki H/W,16-10-2014,24642,NIL
Ravi,Balloki H/W,17-10-2014,23770,NIL
Ravi,Balloki H/W,18-10-2014,23500,NIL
Ravi,Balloki H/W,19-10-2014,19500,NIL
Ravi,Balloki H/W,20-10-2014,18841,NIL
Ravi,Balloki H/W,21-10-2014,18369,2375
Ravi,Balloki H/W,22-10-2014,19979,3565
Ravi,Balloki H/W,23-10-2014,18956,2375
Ravi,Balloki H/W,24-10-2014,18860,2375
Ravi,Balloki H/W,25-10-2014,19447,2930
Ravi,Balloki H/W,26-10-2014,18280,1780
Ravi,Balloki H/W,27-10-2014,18280,1780
Ravi,Balloki H/W,28-10-2014,18280,1780
Ravi,Balloki H/W,29-10-2014,19130,1780
Ravi,Balloki H/W,30-10-2014,19090,1780
Ravi,Balloki H/W,31-10-2014,19020,1260
Ravi,Sidhnai H/W,10/01/2014,14787,NIL
Ravi,Sidhnai H/W,10/02/2014,14494,NIL
Ravi,Sidhnai H/W,10/03/2014,14680,NIL
Ravi,Sidhnai H/W,10/04/2014,14476,NIL
Ravi,Sidhnai H/W,10/05/2014,14000,NIL
Ravi,Sidhnai H/W,10/06/2014,14000,NIL
Ravi,Sidhnai H/W,10/07/2014,14000,NIL
Ravi,Sidhnai H/W,10/08/2014,14000,NIL
Ravi,Sidhnai H/W,10/09/2014,14800,NIL
Ravi,Sidhnai H/W,10/10/2014,13928,NIL
Ravi,Sidhnai H/W,10/11/2014,14005,NIL
Ravi,Sidhnai H/W,10/12/2014,14400,NIL
Ravi,Sidhnai H/W,13-10-2014,13897,NIL
Ravi,Sidhnai H/W,14-10-2014,14658,NIL
Ravi,Sidhnai H/W,15-10-2014,14050,NIL
Ravi,Sidhnai H/W,16-10-2014,14785,NIL
Ravi,Sidhnai H/W,17-10-2014,14126,NIL
Ravi,Sidhnai H/W,18-10-2014,14107,NIL
Ravi,Sidhnai H/W,19-10-2014,13920,NIL
Ravi,Sidhnai H/W,20-10-2014,13871,NIL
Ravi,Sidhnai H/W,21-10-2014,14722,1322
Ravi,Sidhnai H/W,22-10-2014,11577,4627
Ravi,Sidhnai H/W,23-10-2014,7652,661
Ravi,Sidhnai H/W,24-10-2014,9367,2317
Ravi,Sidhnai H/W,25-10-2014,11017,3966
Ravi,Sidhnai H/W,26-10-2014,11066,3966
Ravi,Sidhnai H/W,27-10-2014,11053,3966
Ravi,Sidhnai H/W,28-10-2014,11059,3966
Ravi,Sidhnai H/W,29-10-2014,11066,3966
Ravi,Sidhnai H/W,30-10-2014,10076,2996
Ravi,Sidhnai H/W,31-10-2014,10096,2996
Ravi,Balloki H/W,11/01/2014,19069,1260
Ravi,Balloki H/W,11/02/2014,19975,2375
Ravi,Balloki H/W,11/03/2014,19360,1760
Ravi,Balloki H/W,11/04/2014,18860,1760
Ravi,Balloki H/W,11/05/2014,18860,1760
Ravi,Balloki H/W,11/06/2014,18933,1760
Ravi,Balloki H/W,11/07/2014,18973,1760
Ravi,Balloki H/W,11/08/2014,18953,1760
Ravi,Balloki H/W,11/09/2014,19375,2375
Ravi,Balloki H/W,11/10/2014,19212,2375
Ravi,Balloki H/W,11/11/2014,19233,2375
Ravi,Balloki H/W,11/12/2014,19886,NIL
Ravi,Balloki H/W,13-11-2014,19879,NIL
Ravi,Balloki H/W,14-11-2014,21326,NIL
Ravi,Balloki H/W,15-11-2014,21124,NIL
Ravi,Balloki H/W,16-11-2014,21500,NIL
Ravi,Balloki H/W,17-11-2014,21183,NIL
Ravi,Balloki H/W,18-11-2014,19595,NIL
Ravi,Balloki H/W,19-11-2014,19479,NIL
Ravi,Balloki H/W,20-11-2014,20193,NIL
Ravi,Balloki H/W,21-11-2014,19625,NIL
Ravi,Balloki H/W,22-11-2014,19705,NIL
Ravi,Balloki H/W,23-11-2014,19700,NIL
Ravi,Balloki H/W,24-11-2014,19630,NIL
Ravi,Balloki H/W,25-11-2014,19815,NIL
Ravi,Balloki H/W,26-11-2014,19623,NIL
Ravi,Balloki H/W,27-11-2014,19791,NIL
Ravi,Balloki H/W,28-11-2014,19009,NIL
Ravi,Balloki H/W,29-11-2014,18964,NIL
Ravi,Balloki H/W,30-11-2014,19000,NIL
Ravi,Sidhnai H/W,11/01/2014,8412,1322
Ravi,Sidhnai H/W,11/02/2014,9744,2644
Ravi,Sidhnai H/W,11/03/2014,9669,2644
Ravi,Sidhnai H/W,11/04/2014,9669,2644
Ravi,Sidhnai H/W,11/05/2014,10300,3305
Ravi,Sidhnai H/W,11/06/2014,10991,3966
Ravi,Sidhnai H/W,11/07/2014,10949,3966
Ravi,Sidhnai H/W,11/08/2014,9633,2644
Ravi,Sidhnai H/W,11/09/2014,9644,2644
Ravi,Sidhnai H/W,11/10/2014,9620,2644
Ravi,Sidhnai H/W,11/11/2014,9644,2644
Ravi,Sidhnai H/W,11/12/2014,9618,2644
Ravi,Sidhnai H/W,13-11-2014,10383,NIL
Ravi,Sidhnai H/W,14-11-2014,13784,NIL
Ravi,Sidhnai H/W,15-11-2014,13102,NIL
Ravi,Sidhnai H/W,16-11-2014,13337,NIL
Ravi,Sidhnai H/W,17-11-2014,12871,NIL
Ravi,Sidhnai H/W,18-11-2014,12865,NIL
Ravi,Sidhnai H/W,19-11-2014,13222,NIL
Ravi,Sidhnai H/W,20-11-2014,13007,NIL
Ravi,Sidhnai H/W,21-11-2014,12922,NIL
Ravi,Sidhnai H/W,22-11-2014,13339,NIL
Ravi,Sidhnai H/W,23-11-2014,13350,NIL
Ravi,Sidhnai H/W,24-11-2014,13335,NIL
Ravi,Sidhnai H/W,25-11-2014,13341,NIL
Ravi,Sidhnai H/W,26-11-2014,13300,NIL
Ravi,Sidhnai H/W,27-11-2014,13619,334
Ravi,Sidhnai H/W,28-11-2014,12695,NIL
Ravi,Sidhnai H/W,29-11-2014,11578,NIL
Ravi,Sidhnai H/W,30-11-2014,12480,NIL
Ravi,Balloki H/W,12/01/2014,18950,NIL
Ravi,Balloki H/W,12/02/2014,18030,NIL
Ravi,Balloki H/W,12/03/2014,17693,NIL
Ravi,Balloki H/W,12/04/2014,18197,NIL
Ravi,Balloki H/W,12/05/2014,17125,NIL
Ravi,Balloki H/W,12/06/2014,16613,NIL
Ravi,Balloki H/W,12/07/2014,16600,NIL
Ravi,Balloki H/W,12/08/2014,16599,NIL
Ravi,Balloki H/W,12/09/2014,16661,NIL
Ravi,Balloki H/W,12/10/2014,16731,NIL
Ravi,Balloki H/W,12/11/2014,16651,NIL
Ravi,Balloki H/W,12/12/2014,16725,NIL
Ravi,Balloki H/W,13-12-2014,16087,NIL
Ravi,Balloki H/W,14-12-2014,16100,NIL
Ravi,Balloki H/W,15-12-2014,16133,NIL
Ravi,Balloki H/W,16-12-2014,15407,NIL
Ravi,Balloki H/W,17-12-2014,15823,NIL
Ravi,Balloki H/W,18-12-2014,15826,NIL
Ravi,Balloki H/W,19-12-2014,15760,NIL
Ravi,Balloki H/W,20-12-2014,15955,NIL
Ravi,Balloki H/W,21-12-2014,16400,NIL
Ravi,Balloki H/W,22-12-2014,16375,NIL
Ravi,Balloki H/W,23-12-2014,16430,NIL
Ravi,Balloki H/W,24-12-2014,16422,NIL
Ravi,Balloki H/W,25-12-2014,16400,NIL
Ravi,Balloki H/W,26-12-2014,11400,NIL
Ravi,Balloki H/W,27-12-2014,9000,NIL
Ravi,Balloki H/W,28-12-2014,6500,NIL
Ravi,Balloki H/W,29-12-2014,6350,6350
Ravi,Balloki H/W,30-12-2014,6275,6275
Ravi,Balloki H/W,31-12-2014,6515,6515
Ravi,Sidhnai H/W,12/01/2014,12463,NIL
Ravi,Sidhnai H/W,12/02/2014,13282,NIL
Ravi,Sidhnai H/W,12/03/2014,13500,NIL
Ravi,Sidhnai H/W,12/04/2014,13432,NIL
Ravi,Sidhnai H/W,12/05/2014,12692,NIL
Ravi,Sidhnai H/W,12/06/2014,6993,NIL
Ravi,Sidhnai H/W,12/07/2014,7000,NIL
Ravi,Sidhnai H/W,12/08/2014,7004,NIL
Ravi,Sidhnai H/W,12/09/2014,7000,NIL
Ravi,Sidhnai H/W,12/10/2014,7156,NIL
Ravi,Sidhnai H/W,12/11/2014,7200,NIL
Ravi,Sidhnai H/W,12/12/2014,7180,NIL
Ravi,Sidhnai H/W,13-12-2014,7189,NIL
Ravi,Sidhnai H/W,14-12-2014,6750,NIL
Ravi,Sidhnai H/W,15-12-2014,7187,NIL
Ravi,Sidhnai H/W,16-12-2014,7050,NIL
Ravi,Sidhnai H/W,17-12-2014,7050,NIL
Ravi,Sidhnai H/W,18-12-2014,6760,NIL
Ravi,Sidhnai H/W,19-12-2014,6925,NIL
Ravi,Sidhnai H/W,20-12-2014,6894,NIL
Ravi,Sidhnai H/W,21-12-2014,6938,NIL
Ravi,Sidhnai H/W,22-12-2014,6983,NIL
Ravi,Sidhnai H/W,23-12-2014,6935,NIL
Ravi,Sidhnai H/W,24-12-2014,6936,NIL
Ravi,Sidhnai H/W,25-12-2014,6950,NIL
Ravi,Sidhnai H/W,26-12-2014,6928,NIL
Ravi,Sidhnai H/W,27-12-2014,7150,NIL
Ravi,Sidhnai H/W,28-12-2014,7150,NIL
Ravi,Sidhnai H/W,29-12-2014,7140,NIL
Ravi,Sidhnai H/W,30-12-2014,6411,NIL
Ravi,Sidhnai H/W,31-12-2014,6000,NIL
Sutlej,Suleimanki H/W,01/01/2014,733,733
Sutlej,Suleimanki H/W,01/02/2014,733,733
Sutlej,Suleimanki H/W,01/03/2014,733,733
Sutlej,Suleimanki H/W,01/04/2014,733,733
Sutlej,Suleimanki H/W,01/05/2014,733,733
Sutlej,Suleimanki H/W,01/06/2014,733,733
Sutlej,Suleimanki H/W,01/07/2014,733,733
Sutlej,Suleimanki H/W,01/08/2014,733,733
Sutlej,Suleimanki H/W,01/09/2014,733,733
Sutlej,Suleimanki H/W,01/10/2014,733,733
Sutlej,Suleimanki H/W,01/11/2014,733,733
Sutlej,Suleimanki H/W,01/12/2014,733,733
Sutlej,Suleimanki H/W,13-01-2014,733,733
Sutlej,Suleimanki H/W,14-01-2014,733,733
Sutlej,Suleimanki H/W,15-01-2014,733,733
Sutlej,Suleimanki H/W,16-01-2014,733,733
Sutlej,Suleimanki H/W,17-01-2014,733,733
Sutlej,Suleimanki H/W,18-01-2014,733,733
Sutlej,Suleimanki H/W,19-01-2014,733,733
Sutlej,Suleimanki H/W,20-01-2014,733,733
Sutlej,Suleimanki H/W,21-01-2014,733,733
Sutlej,Suleimanki H/W,22-01-2014,733,733
Sutlej,Suleimanki H/W,23-01-2014,733,733
Sutlej,Suleimanki H/W,24-01-2014,733,733
Sutlej,Suleimanki H/W,25-01-2014,733,733
Sutlej,Suleimanki H/W,26-01-2014,733,733
Sutlej,Suleimanki H/W,27-01-2014,733,733
Sutlej,Suleimanki H/W,28-01-2014,733,733
Sutlej,Suleimanki H/W,29-01-2014,733,733
Sutlej,Suleimanki H/W,30-01-2014,733,733
Sutlej,Suleimanki H/W,31-01-2014,733,733
Sutlej,Islam H/W,01/01/2014,1200,NIL
Sutlej,Islam H/W,01/02/2014,1350,NIL
Sutlej,Islam H/W,01/03/2014,1150,NIL
Sutlej,Islam H/W,01/04/2014,1150,NIL
Sutlej,Islam H/W,01/05/2014,1015,NIL
Sutlej,Islam H/W,01/06/2014,900,NIL
Sutlej,Islam H/W,01/07/2014,820,NIL
Sutlej,Islam H/W,01/08/2014,800,NIL
Sutlej,Islam H/W,01/09/2014,450,NIL
Sutlej,Islam H/W,01/10/2014,439,NIL
Sutlej,Islam H/W,01/11/2014,450,NIL
Sutlej,Islam H/W,01/12/2014,450,NIL
Sutlej,Islam H/W,13-01-2014,6609,6609
Sutlej,Islam H/W,14-01-2014,2271,2271
Sutlej,Islam H/W,15-01-2014,749,749
Sutlej,Islam H/W,16-01-2014,749,749
Sutlej,Islam H/W,17-01-2014,749,749
Sutlej,Islam H/W,18-01-2014,749,749
Sutlej,Islam H/W,19-01-2014,749,749
Sutlej,Islam H/W,20-01-2014,749,749
Sutlej,Islam H/W,21-01-2014,749,749
Sutlej,Islam H/W,22-01-2014,749,749
Sutlej,Islam H/W,23-01-2014,749,749
Sutlej,Islam H/W,24-01-2014,749,749
Sutlej,Islam H/W,25-01-2014,749,749
Sutlej,Islam H/W,26-01-2014,749,749
Sutlej,Islam H/W,27-01-2014,749,749
Sutlej,Islam H/W,28-01-2014,749,749
Sutlej,Islam H/W,29-01-2014,535,535
Sutlej,Islam H/W,30-01-2014,535,535
Sutlej,Islam H/W,31-01-2014,535,535
Sutlej,Suleimanki H/W,02/01/2014,733,NIL
Sutlej,Suleimanki H/W,02/02/2014,733,NIL
Sutlej,Suleimanki H/W,02/03/2014,2732,1723
Sutlej,Suleimanki H/W,02/04/2014,3846,1923
Sutlej,Suleimanki H/W,02/05/2014,5278,2715
Sutlej,Suleimanki H/W,02/06/2014,5703,4040
Sutlej,Suleimanki H/W,02/07/2014,6702,5039
Sutlej,Suleimanki H/W,02/08/2014,8560,5823
Sutlej,Suleimanki H/W,02/09/2014,8831,6218
Sutlej,Suleimanki H/W,02/10/2014,8894,6586
Sutlej,Suleimanki H/W,02/11/2014,8868,6905
Sutlej,Suleimanki H/W,02/12/2014,7619,6911
Sutlej,Suleimanki H/W,13-02-2014,7753,7416
Sutlej,Suleimanki H/W,14-02-2014,7822,7485
Sutlej,Suleimanki H/W,15-02-2014,7875,7538
Sutlej,Suleimanki H/W,16-02-2014,7745,7538
Sutlej,Suleimanki H/W,17-02-2014,7538,7538
Sutlej,Suleimanki H/W,18-02-2014,7538,7538
Sutlej,Suleimanki H/W,19-02-2014,7538,7538
Sutlej,Suleimanki H/W,20-02-2014,7625,7625
Sutlej,Suleimanki H/W,21-02-2014,7538,7538
Sutlej,Suleimanki H/W,22-02-2014,8795,7471
Sutlej,Suleimanki H/W,23-02-2014,8809,7471
Sutlej,Suleimanki H/W,24-02-2014,8809,7471
Sutlej,Suleimanki H/W,25-02-2014,8805,7516
Sutlej,Suleimanki H/W,26-02-2014,8805,7516
Sutlej,Suleimanki H/W,27-02-2014,9034,7471
Sutlej,Suleimanki H/W,28-02-2014,9338,6867
Sutlej,Islam H/W,02/01/2014,NIL,433.35
Sutlej,Islam H/W,02/02/2014,NIL,433.35
Sutlej,Islam H/W,02/03/2014,NIL,433.35
Sutlej,Islam H/W,02/04/2014,NIL,433
Sutlej,Islam H/W,02/05/2014,NIL,433
Sutlej,Islam H/W,02/06/2014,NIL,433
Sutlej,Islam H/W,02/07/2014,NIL,433
Sutlej,Islam H/W,02/08/2014,NIL,433
Sutlej,Islam H/W,02/09/2014,NIL,433
Sutlej,Islam H/W,02/10/2014,NIL,433
Sutlej,Islam H/W,02/11/2014,NIL,433
Sutlej,Islam H/W,02/12/2014,NIL,433
Sutlej,Islam H/W,13-02-2014,NIL,434
Sutlej,Islam H/W,14-02-2014,NIL,433.3
Sutlej,Islam H/W,15-02-2014,NIL,433.3
Sutlej,Islam H/W,16-02-2014,NIL,433.3
Sutlej,Islam H/W,17-02-2014,NIL,433
Sutlej,Islam H/W,18-02-2014,NIL,433
Sutlej,Islam H/W,19-02-2014,NIL,433
Sutlej,Islam H/W,20-02-2014,NIL,433
Sutlej,Islam H/W,21-02-2014,NIL,433
Sutlej,Islam H/W,22-02-2014,NIL,433
Sutlej,Islam H/W,23-02-2014,NIL,433
Sutlej,Islam H/W,24-02-2014,NIL,433
Sutlej,Islam H/W,25-02-2014,NIL,433
Sutlej,Islam H/W,26-02-2014,NIL,433
Sutlej,Islam H/W,27-02-2014,NIL,433
Sutlej,Islam H/W,28-02-2014,NIL,433
Sutlej,Suleimanki H/W,03/01/2014,9030,6812
Sutlej,Suleimanki H/W,03/02/2014,8069,7268
Sutlej,Suleimanki H/W,03/03/2014,8121,7313
Sutlej,Suleimanki H/W,03/04/2014,8172,7209
Sutlej,Suleimanki H/W,03/05/2014,8172,7209
Sutlej,Suleimanki H/W,03/06/2014,8172,7209
Sutlej,Suleimanki H/W,03/07/2014,7984,7313
Sutlej,Suleimanki H/W,03/08/2014,7650,7313
Sutlej,Suleimanki H/W,03/09/2014,7291,7291
Sutlej,Suleimanki H/W,03/10/2014,7391,7391
Sutlej,Suleimanki H/W,03/11/2014,6713,6713
Sutlej,Suleimanki H/W,03/12/2014,6714,6377
Sutlej,Suleimanki H/W,13-03-2014,7310,6173
Sutlej,Suleimanki H/W,14-03-2014,7455,6318
Sutlej,Suleimanki H/W,15-03-2014,8913,7421
Sutlej,Suleimanki H/W,16-03-2014,9463,7724
Sutlej,Suleimanki H/W,17-03-2014,10373,8416
Sutlej,Suleimanki H/W,18-03-2014,11577,8010
Sutlej,Suleimanki H/W,19-03-2014,11290,8389
Sutlej,Suleimanki H/W,20-03-2014,11313,8412
Sutlej,Suleimanki H/W,21-03-2014,11219,8538
Sutlej,Suleimanki H/W,22-03-2014,10203,8386
Sutlej,Suleimanki H/W,23-03-2014,10203,8386
Sutlej,Suleimanki H/W,24-03-2014,8682,7115
Sutlej,Suleimanki H/W,25-03-2014,10285,4522
Sutlej,Suleimanki H/W,26-03-2014,10238,4125
Sutlej,Suleimanki H/W,27-03-2014,10280,5007
Sutlej,Suleimanki H/W,28-03-2014,10247,5310
Sutlej,Suleimanki H/W,29-03-2014,10247,5310
Sutlej,Suleimanki H/W,30-03-2014,10215,5501
Sutlej,Suleimanki H/W,31-03-2014,10227,5914
Sutlej,Islam H/W,03/01/2014,NIL,433
Sutlej,Islam H/W,03/02/2014,NIL,433
Sutlej,Islam H/W,03/03/2014,NIL,433
Sutlej,Islam H/W,03/04/2014,NIL,433
Sutlej,Islam H/W,03/05/2014,NIL,433
Sutlej,Islam H/W,03/06/2014,NIL,433
Sutlej,Islam H/W,03/07/2014,NIL,433
Sutlej,Islam H/W,03/08/2014,NIL,433
Sutlej,Islam H/W,03/09/2014,NIL,433
Sutlej,Islam H/W,03/10/2014,NIL,433
Sutlej,Islam H/W,03/11/2014,NIL,433
Sutlej,Islam H/W,03/12/2014,NIL,433
Sutlej,Islam H/W,13-03-2014,NIL,433
Sutlej,Islam H/W,14-03-2014,NIL,433
Sutlej,Islam H/W,15-03-2014,NIL,433
Sutlej,Islam H/W,16-03-2014,NIL,433
Sutlej,Islam H/W,17-03-2014,NIL,433
Sutlej,Islam H/W,18-03-2014,NIL,433
Sutlej,Islam H/W,19-03-2014,NIL,433
Sutlej,Islam H/W,20-03-2014,NIL,433
Sutlej,Islam H/W,21-03-2014,NIL,433.3
Sutlej,Islam H/W,22-03-2014,NIL,434
Sutlej,Islam H/W,23-03-2014,NIL,434
Sutlej,Islam H/W,24-03-2014,NIL,434.7
Sutlej,Islam H/W,25-03-2014,NIL,434
Sutlej,Islam H/W,26-03-2014,NIL,434.7
Sutlej,Islam H/W,27-03-2014,NIL,434.7
Sutlej,Islam H/W,28-03-2014,NIL,435.6
Sutlej,Islam H/W,29-03-2014,NIL,435.7
Sutlej,Islam H/W,30-03-2014,NIL,435.5
Sutlej,Islam H/W,31-03-2014,NIL,435.4
Sutlej,Suleimanki H/W,04/01/2014,10242,6459
Sutlej,Suleimanki H/W,04/02/2014,10237,5970
Sutlej,Suleimanki H/W,04/03/2014,10242,6459
Sutlej,Suleimanki H/W,04/04/2014,10242,6459
Sutlej,Suleimanki H/W,04/05/2014,10242,6459
Sutlej,Suleimanki H/W,04/06/2014,10242,6459
Sutlej,Suleimanki H/W,04/07/2014,10267,5956
Sutlej,Suleimanki H/W,04/08/2014,10709,5956
Sutlej,Suleimanki H/W,04/09/2014,10682,6459
Sutlej,Suleimanki H/W,04/10/2014,10812,6753
Sutlej,Suleimanki H/W,04/11/2014,10662,6652
Sutlej,Suleimanki H/W,04/12/2014,10738,6855
Sutlej,Suleimanki H/W,13-04-2014,11359,6855
Sutlej,Suleimanki H/W,14-04-2014,13035,6905
Sutlej,Suleimanki H/W,15-04-2014,13185,7055
Sutlej,Suleimanki H/W,16-04-2014,11677,7540
Sutlej,Suleimanki H/W,17-04-2014,11570,7880
Sutlej,Suleimanki H/W,18-04-2014,11469,7640
Sutlej,Suleimanki H/W,19-04-2014,11590,5709
Sutlej,Suleimanki H/W,20-04-2014,11708,7201
Sutlej,Suleimanki H/W,21-04-2014,13923,7358
Sutlej,Suleimanki H/W,22-04-2014,13702,7557
Sutlej,Suleimanki H/W,23-04-2014,13877,7732
Sutlej,Suleimanki H/W,24-04-2014,11699,7932
Sutlej,Suleimanki H/W,25-04-2014,11747,8353
Sutlej,Suleimanki H/W,26-04-2014,11847,8453
Sutlej,Suleimanki H/W,27-04-2014,10561,8553
Sutlej,Suleimanki H/W,28-04-2014,9876,8808
Sutlej,Suleimanki H/W,29-04-2014,9900,9392
Sutlej,Suleimanki H/W,30-04-2014,9508,9508
Sutlej,Islam H/W,04/01/2014,NIL,435.4
Sutlej,Islam H/W,04/02/2014,NIL,435.4
Sutlej,Islam H/W,04/03/2014,NIL,435.3
Sutlej,Islam H/W,04/04/2014,NIL,435.3
Sutlej,Islam H/W,04/05/2014,NIL,435.3
Sutlej,Islam H/W,04/06/2014,NIL,435.25
Sutlej,Islam H/W,04/07/2014,NIL,435.25
Sutlej,Islam H/W,04/08/2014,NIL,435.3
Sutlej,Islam H/W,04/09/2014,NIL,435.3
Sutlej,Islam H/W,04/10/2014,NIL,435.3
Sutlej,Islam H/W,04/11/2014,NIL,435
Sutlej,Islam H/W,04/12/2014,NIL,435
Sutlej,Islam H/W,13-04-2014,NIL,435
Sutlej,Islam H/W,14-04-2014,NIL,435
Sutlej,Islam H/W,15-04-2014,NIL,435
Sutlej,Islam H/W,16-04-2014,NIL,435.1
Sutlej,Islam H/W,17-04-2014,NIL,435.25
Sutlej,Islam H/W,18-04-2014,NIL,435.4
Sutlej,Islam H/W,19-04-2014,NIL,435.7
Sutlej,Islam H/W,20-04-2014,NIL,435.6
Sutlej,Islam H/W,21-04-2014,NIL,435.5
Sutlej,Islam H/W,22-04-2014,NIL,435.4
Sutlej,Islam H/W,23-04-2014,NIL,435.4
Sutlej,Islam H/W,24-04-2014,NIL,435.4
Sutlej,Islam H/W,25-04-2014,NIL,435.4
Sutlej,Islam H/W,26-04-2014,NIL,435
Sutlej,Islam H/W,27-04-2014,NIL,434.7
Sutlej,Islam H/W,28-04-2014,NIL,433.5
Sutlej,Islam H/W,29-04-2014,NIL,433
Sutlej,Islam H/W,30-04-2014,NIL,433
Sutlej,Suleimanki H/W,05/01/2014,8000,1193
Sutlej,Suleimanki H/W,05/02/2014,7497,1348
Sutlej,Suleimanki H/W,05/03/2014,7504,1614
Sutlej,Suleimanki H/W,05/04/2014,7005,1690
Sutlej,Suleimanki H/W,05/05/2014,7503,1590
Sutlej,Suleimanki H/W,05/06/2014,7238,1542
Sutlej,Suleimanki H/W,05/07/2014,7238,1542
Sutlej,Suleimanki H/W,05/08/2014,7498,1588
Sutlej,Suleimanki H/W,05/09/2014,6918,1472
Sutlej,Suleimanki H/W,05/10/2014,8024,1758
Sutlej,Suleimanki H/W,05/11/2014,9437,1990
Sutlej,Suleimanki H/W,05/12/2014,12234,2559
Sutlej,Suleimanki H/W,13-05-2014,12996,2495
Sutlej,Suleimanki H/W,14-05-2014,12790,2001
Sutlej,Suleimanki H/W,15-05-2014,14074,2001
Sutlej,Suleimanki H/W,16-05-2014,14182,2511
Sutlej,Suleimanki H/W,17-05-2014,15463,2203
Sutlej,Suleimanki H/W,18-05-2014,14780,2203
Sutlej,Suleimanki H/W,19-05-2014,14951,2511
Sutlej,Suleimanki H/W,20-05-2014,14791,2564
Sutlej,Suleimanki H/W,21-05-2014,14586,2403
Sutlej,Suleimanki H/W,22-05-2014,14841,2403
Sutlej,Suleimanki H/W,23-05-2014,14941,2403
Sutlej,Suleimanki H/W,24-05-2014,14982,2511
Sutlej,Suleimanki H/W,25-05-2014,15032,2511
Sutlej,Suleimanki H/W,26-05-2014,13947,2568
Sutlej,Suleimanki H/W,27-05-2014,13368,2601
Sutlej,Suleimanki H/W,28-05-2014,13368,2601
Sutlej,Suleimanki H/W,29-05-2014,13222,2601
Sutlej,Suleimanki H/W,30-05-2014,13271,2700
Sutlej,Suleimanki H/W,31-05-2014,13925,2700
Sutlej,Islam H/W,05/01/2014,NIL,1050
Sutlej,Islam H/W,05/02/2014,NIL,1050
Sutlej,Islam H/W,05/03/2014,NIL,1050
Sutlej,Islam H/W,05/04/2014,NIL,900
Sutlej,Islam H/W,05/05/2014,NIL,550
Sutlej,Islam H/W,05/06/2014,NIL,550
Sutlej,Islam H/W,05/07/2014,NIL,550
Sutlej,Islam H/W,05/08/2014,NIL,550
Sutlej,Islam H/W,05/09/2014,NIL,450
Sutlej,Islam H/W,05/10/2014,NIL,383
Sutlej,Islam H/W,05/11/2014,NIL,NIL
Sutlej,Islam H/W,05/12/2014,NIL,NIL
Sutlej,Islam H/W,13-05-2014,2251,NIL
Sutlej,Islam H/W,14-05-2014,1881,NIL
Sutlej,Islam H/W,15-05-2014,2767,NIL
Sutlej,Islam H/W,16-05-2014,2363,NIL
Sutlej,Islam H/W,17-05-2014,4081,NIL
Sutlej,Islam H/W,18-05-2014,3967,450
Sutlej,Islam H/W,19-05-2014,3737,800
Sutlej,Islam H/W,20-05-2014,3005,1488
Sutlej,Islam H/W,21-05-2014,3005,1550
Sutlej,Islam H/W,22-05-2014,3005,1550
Sutlej,Islam H/W,23-05-2014,3005,1550
Sutlej,Islam H/W,24-05-2014,2863,1550
Sutlej,Islam H/W,25-05-2014,2863,1575
Sutlej,Islam H/W,26-05-2014,1621,2275
Sutlej,Islam H/W,27-05-2014,1009,1075
Sutlej,Islam H/W,28-05-2014,1009,1075
Sutlej,Islam H/W,29-05-2014,863,1075
Sutlej,Islam H/W,30-05-2014,813,1075
Sutlej,Islam H/W,31-05-2014,1567,1175
Sutlej,Suleimanki H/W,06/01/2014,13925,2700
Sutlej,Suleimanki H/W,06/02/2014,13925,2700
Sutlej,Suleimanki H/W,06/03/2014,14369,2850
Sutlej,Suleimanki H/W,06/04/2014,14319,2850
Sutlej,Suleimanki H/W,06/05/2014,14816,2850
Sutlej,Suleimanki H/W,06/06/2014,14816,2850
Sutlej,Suleimanki H/W,06/07/2014,14865,2850
Sutlej,Suleimanki H/W,06/08/2014,14931,2850
Sutlej,Suleimanki H/W,06/09/2014,15211,2850
Sutlej,Suleimanki H/W,06/10/2014,15720,2906
Sutlej,Suleimanki H/W,06/11/2014,15577,2850
Sutlej,Suleimanki H/W,06/12/2014,15616,2850
Sutlej,Suleimanki H/W,13-06-2014,15687,2923
Sutlej,Suleimanki H/W,14-06-2014,15831,2923
Sutlej,Suleimanki H/W,15-06-2014,15763,2923
Sutlej,Suleimanki H/W,16-06-2014,16035,2923
Sutlej,Suleimanki H/W,17-06-2014,16092,2923
Sutlej,Suleimanki H/W,18-06-2014,16092,2923
Sutlej,Suleimanki H/W,19-06-2014,16092,2923
Sutlej,Suleimanki H/W,20-06-2014,16153,2952
Sutlej,Suleimanki H/W,21-06-2014,16092,2923
Sutlej,Suleimanki H/W,22-06-2014,16035,2708
Sutlej,Suleimanki H/W,23-06-2014,16072,2708
Sutlej,Suleimanki H/W,24-06-2014,16072,2708
Sutlej,Suleimanki H/W,25-06-2014,16072,2708
Sutlej,Suleimanki H/W,26-06-2014,16037,2708
Sutlej,Suleimanki H/W,27-06-2014,16056,2892
Sutlej,Suleimanki H/W,28-06-2014,16095,2892
Sutlej,Suleimanki H/W,29-06-2014,16095,2892
Sutlej,Suleimanki H/W,30-06-2014,15195,2892
Sutlej,Islam H/W,06/01/2014,1567,1375
Sutlej,Islam H/W,06/02/2014,1567,1385
Sutlej,Islam H/W,06/03/2014,1614,1385
Sutlej,Islam H/W,06/04/2014,1614,1385
Sutlej,Islam H/W,06/05/2014,4749,1385
Sutlej,Islam H/W,06/06/2014,4749,1385
Sutlej,Islam H/W,06/07/2014,3761,2125
Sutlej,Islam H/W,06/08/2014,3381,2125
Sutlej,Islam H/W,06/09/2014,3306,2325
Sutlej,Islam H/W,06/10/2014,2614,2606
Sutlej,Islam H/W,06/11/2014,2614,2625
Sutlej,Islam H/W,06/12/2014,2614,2625
Sutlej,Islam H/W,13-06-2014,2511,2625
Sutlej,Islam H/W,14-06-2014,3983,2425
Sutlej,Islam H/W,15-06-2014,3213,2275
Sutlej,Islam H/W,16-06-2014,3003,2275
Sutlej,Islam H/W,17-06-2014,2753,2625
Sutlej,Islam H/W,18-06-2014,2753,2625
Sutlej,Islam H/W,19-06-2014,2753,2625
Sutlej,Islam H/W,20-06-2014,2753,2111
Sutlej,Islam H/W,21-06-2014,2753,1991
Sutlej,Islam H/W,22-06-2014,3011,1991
Sutlej,Islam H/W,23-06-2014,2948,1991
Sutlej,Islam H/W,24-06-2014,2948,2625
Sutlej,Islam H/W,25-06-2014,2948,2625
Sutlej,Islam H/W,26-06-2014,3113,2625
Sutlej,Islam H/W,27-06-2014,2948,2125
Sutlej,Islam H/W,28-06-2014,2948,2425
Sutlej,Islam H/W,29-06-2014,2948,2425
Sutlej,Islam H/W,30-06-2014,2048,2425
Sutlej,Suleimanki H/W,07/01/2014,15447,2892
Sutlej,Suleimanki H/W,07/02/2014,16511,2892
Sutlej,Suleimanki H/W,07/03/2014,16412,2892
Sutlej,Suleimanki H/W,07/04/2014,16412,2892
Sutlej,Suleimanki H/W,07/05/2014,16412,2892
Sutlej,Suleimanki H/W,07/06/2014,16461,2892
Sutlej,Suleimanki H/W,07/07/2014,16461,2892
Sutlej,Suleimanki H/W,07/08/2014,16461,2892
Sutlej,Suleimanki H/W,07/09/2014,16906,2892
Sutlej,Suleimanki H/W,07/10/2014,17068,2933
Sutlej,Suleimanki H/W,07/11/2014,16906,2892
Sutlej,Suleimanki H/W,07/12/2014,16337,2892
Sutlej,Suleimanki H/W,13-07-2014,16436,2892
Sutlej,Suleimanki H/W,14-07-2014,16636,2892
Sutlej,Suleimanki H/W,15-07-2014,16013,2892
Sutlej,Suleimanki H/W,16-07-2014,16078,2892
Sutlej,Suleimanki H/W,17-07-2014,16088,2892
Sutlej,Suleimanki H/W,18-07-2014,16078,2892
Sutlej,Suleimanki H/W,19-07-2014,16091,2892
Sutlej,Suleimanki H/W,20-07-2014,16522,2933
Sutlej,Suleimanki H/W,21-07-2014,16842,2892
Sutlej,Suleimanki H/W,22-07-2014,16842,2892
Sutlej,Suleimanki H/W,23-07-2014,16939,2892
Sutlej,Suleimanki H/W,24-07-2014,16817,2892
Sutlej,Suleimanki H/W,25-07-2014,16576,2892
Sutlej,Suleimanki H/W,26-07-2014,16606,2892
Sutlej,Suleimanki H/W,27-07-2014,15695,2892
Sutlej,Suleimanki H/W,28-07-2014,15405,2892
Sutlej,Suleimanki H/W,29-07-2014,15009,2892
Sutlej,Suleimanki H/W,30-07-2014,15130,2892
Sutlej,Suleimanki H/W,31-07-2014,15424,2892
Sutlej,Islam H/W,07/01/2014,2048,2425
Sutlej,Islam H/W,07/02/2014,3013,2425
Sutlej,Islam H/W,07/03/2014,3013,2350
Sutlej,Islam H/W,07/04/2014,3013,2410
Sutlej,Islam H/W,07/05/2014,3013,2390
Sutlej,Islam H/W,07/06/2014,3013,2390
Sutlej,Islam H/W,07/07/2014,3013,2390
Sutlej,Islam H/W,07/08/2014,3013,2390
Sutlej,Islam H/W,07/09/2014,3649,2390
Sutlej,Islam H/W,07/10/2014,3649,2402
Sutlej,Islam H/W,07/11/2014,3649,2585
Sutlej,Islam H/W,07/12/2014,3031,2785
Sutlej,Islam H/W,13-07-2014,3031,2685
Sutlej,Islam H/W,14-07-2014,3031,2385
Sutlej,Islam H/W,15-07-2014,2263,1785
Sutlej,Islam H/W,16-07-2014,2263,1785
Sutlej,Islam H/W,17-07-2014,3031,1785
Sutlej,Islam H/W,18-07-2014,2263,2085
Sutlej,Islam H/W,19-07-2014,2439,1885
Sutlej,Islam H/W,20-07-2014,2763,2704
Sutlej,Islam H/W,21-07-2014,3591,2085
Sutlej,Islam H/W,22-07-2014,3591,2085
Sutlej,Islam H/W,23-07-2014,3591,2385
Sutlej,Islam H/W,24-07-2014,3371,2385
Sutlej,Islam H/W,25-07-2014,3031,2585
Sutlej,Islam H/W,26-07-2014,2912,2685
Sutlej,Islam H/W,27-07-2014,2001,2785
Sutlej,Islam H/W,28-07-2014,1711,1785
Sutlej,Islam H/W,29-07-2014,2461,1485
Sutlej,Islam H/W,30-07-2014,3367,1285
Sutlej,Islam H/W,31-07-2014,2912,1385
Sutlej,Suleimanki H/W,08/01/2014,15406,2892
Sutlej,Suleimanki H/W,08/02/2014,15502,2892
Sutlej,Suleimanki H/W,08/03/2014,15765,2892
Sutlej,Suleimanki H/W,08/04/2014,15811,2892
Sutlej,Suleimanki H/W,08/05/2014,16086,2892
Sutlej,Suleimanki H/W,08/06/2014,16356,2892
Sutlej,Suleimanki H/W,08/07/2014,14659,2892
Sutlej,Suleimanki H/W,08/08/2014,13851,2892
Sutlej,Suleimanki H/W,08/09/2014,13692,2892
Sutlej,Suleimanki H/W,08/10/2014,14473,2922
Sutlej,Suleimanki H/W,08/11/2014,15159,2892
Sutlej,Suleimanki H/W,08/12/2014,15651,2892
Sutlej,Suleimanki H/W,13-08-2014,16998,2892
Sutlej,Suleimanki H/W,14-08-2014,16998,2892
Sutlej,Suleimanki H/W,15-08-2014,16577,2892
Sutlej,Suleimanki H/W,16-08-2014,16577,2892
Sutlej,Suleimanki H/W,17-08-2014,14659,2892
Sutlej,Suleimanki H/W,18-08-2014,15324,2892
Sutlej,Suleimanki H/W,19-08-2014,15719,2892
Sutlej,Suleimanki H/W,20-08-2014,16817,2922
Sutlej,Suleimanki H/W,21-08-2014,17224,3036
Sutlej,Suleimanki H/W,22-08-2014,17224,3036
Sutlej,Suleimanki H/W,23-08-2014,16657,3036
Sutlej,Suleimanki H/W,24-08-2014,16708,3036
Sutlej,Suleimanki H/W,25-08-2014,15938,3036
Sutlej,Suleimanki H/W,26-08-2014,15962,3036
Sutlej,Suleimanki H/W,27-08-2014,15630,3036
Sutlej,Suleimanki H/W,28-08-2014,15630,3036
Sutlej,Suleimanki H/W,29-08-2014,14796,3007
Sutlej,Suleimanki H/W,30-08-2014,14796,3007
Sutlej,Suleimanki H/W,31-08-2014,15300,3007
Sutlej,Islam H/W,08/01/2014,2001,2085
Sutlej,Islam H/W,08/02/2014,2001,2185
Sutlej,Islam H/W,08/03/2014,2461,2585
Sutlej,Islam H/W,08/04/2014,2713,2385
Sutlej,Islam H/W,08/05/2014,2789,2285
Sutlej,Islam H/W,08/06/2014,2912,2185
Sutlej,Islam H/W,08/07/2014,1009,2085
Sutlej,Islam H/W,08/08/2014,201,2085
Sutlej,Islam H/W,08/09/2014,NIL,1785
Sutlej,Islam H/W,08/10/2014,713,1794
Sutlej,Islam H/W,08/11/2014,1567,560
Sutlej,Islam H/W,08/12/2014,2001,560
Sutlej,Islam H/W,13-08-2014,3348,560
Sutlej,Islam H/W,14-08-2014,3348,560
Sutlej,Islam H/W,15-08-2014,2927,560
Sutlej,Islam H/W,16-08-2014,2927,2385
Sutlej,Islam H/W,17-08-2014,1009,2185
Sutlej,Islam H/W,18-08-2014,1674,2385
Sutlej,Islam H/W,19-08-2014,2069,2385
Sutlej,Islam H/W,20-08-2014,2981,2082
Sutlej,Islam H/W,21-08-2014,3379,1385
Sutlej,Islam H/W,22-08-2014,3379,1385
Sutlej,Islam H/W,23-08-2014,2863,1385
Sutlej,Islam H/W,24-08-2014,2863,1385
Sutlej,Islam H/W,25-08-2014,2093,1385
Sutlej,Islam H/W,26-08-2014,2093,1585
Sutlej,Islam H/W,27-08-2014,1761,1585
Sutlej,Islam H/W,28-08-2014,1761,1585
Sutlej,Islam H/W,29-08-2014,1063,1585
Sutlej,Islam H/W,30-08-2014,1063,1385
Sutlej,Islam H/W,31-08-2014,1567,1385
Sutlej,Suleimanki H/W,09/01/2014,15287,3007
Sutlej,Suleimanki H/W,09/02/2014,14742,3007
Sutlej,Suleimanki H/W,09/03/2014,15377,3007
Sutlej,Suleimanki H/W,09/04/2014,15591,2813
Sutlej,Suleimanki H/W,09/05/2014,20971,NIL
Sutlej,Suleimanki H/W,09/06/2014,24113,NIL
Sutlej,Suleimanki H/W,09/07/2014,26103,NIL
Sutlej,Suleimanki H/W,09/08/2014,25929,NIL
Sutlej,Suleimanki H/W,09/09/2014,21060,NIL
Sutlej,Suleimanki H/W,09/10/2014,18266,NIL
Sutlej,Suleimanki H/W,09/11/2014,16516,NIL
Sutlej,Suleimanki H/W,09/12/2014,15415,NIL
Sutlej,Suleimanki H/W,13-09-2014,15352,NIL
Sutlej,Suleimanki H/W,14-09-2014,11592,NIL
Sutlej,Suleimanki H/W,15-09-2014,11752,505
Sutlej,Suleimanki H/W,16-09-2014,9789,809
Sutlej,Suleimanki H/W,17-09-2014,9917,809
Sutlej,Suleimanki H/W,18-09-2014,11239,809
Sutlej,Suleimanki H/W,19-09-2014,12538,1208
Sutlej,Suleimanki H/W,20-09-2014,13431,2031
Sutlej,Suleimanki H/W,21-09-2014,12641,2001
Sutlej,Suleimanki H/W,22-09-2014,12718,2001
Sutlej,Suleimanki H/W,23-09-2014,12901,1602
Sutlej,Suleimanki H/W,24-09-2014,13012,1803
Sutlej,Suleimanki H/W,25-09-2014,11982,2112
Sutlej,Suleimanki H/W,26-09-2014,11500,2112
Sutlej,Suleimanki H/W,27-09-2014,11504,2112
Sutlej,Suleimanki H/W,28-09-2014,11013,2201
Sutlej,Suleimanki H/W,29-09-2014,11013,2201
Sutlej,Suleimanki H/W,30-09-2014,10809,2250
Sutlej,Islam H/W,09/01/2014,1767,1585
Sutlej,Islam H/W,09/02/2014,1009,1585
Sutlej,Islam H/W,09/03/2014,1912,1585
Sutlej,Islam H/W,09/04/2014,4263,885
Sutlej,Islam H/W,09/05/2014,19463,885
Sutlej,Islam H/W,09/06/2014,20095,1785
Sutlej,Islam H/W,09/07/2014,21383,2285
Sutlej,Islam H/W,09/08/2014,20717,2385
Sutlej,Islam H/W,09/09/2014,15848,2085
Sutlej,Islam H/W,09/10/2014,12934,2080
Sutlej,Islam H/W,09/11/2014,10809,2085
Sutlej,Islam H/W,09/12/2014,9893,2385
Sutlej,Islam H/W,13-09-2014,8636,2385
Sutlej,Islam H/W,14-09-2014,3888,2785
Sutlej,Islam H/W,15-09-2014,3888,2785
Sutlej,Islam H/W,16-09-2014,467,2785
Sutlej,Islam H/W,17-09-2014,NIL,2585
Sutlej,Islam H/W,18-09-2014,913,2385
Sutlej,Islam H/W,19-09-2014,2001,2385
Sutlej,Islam H/W,20-09-2014,1661,2079
Sutlej,Islam H/W,21-09-2014,1009,2085
Sutlej,Islam H/W,22-09-2014,1009,2785
Sutlej,Islam H/W,23-09-2014,1567,2285
Sutlej,Islam H/W,24-09-2014,1339,2285
Sutlej,Islam H/W,25-09-2014,NIL,2285
Sutlej,Islam H/W,26-09-2014,NIL,2285
Sutlej,Islam H/W,27-09-2014,NIL,1585
Sutlej,Islam H/W,28-09-2014,NIL,1585
Sutlej,Islam H/W,29-09-2014,NIL,1185
Sutlej,Islam H/W,30-09-2014,NIL,1185
Sutlej,Suleimanki H/W,10/01/2014,10511,2250
Sutlej,Suleimanki H/W,10/02/2014,10009,2225
Sutlej,Suleimanki H/W,10/03/2014,10020,2292
Sutlej,Suleimanki H/W,10/04/2014,11437,2311
Sutlej,Suleimanki H/W,10/05/2014,11550,2311
Sutlej,Suleimanki H/W,10/06/2014,11741,2311
Sutlej,Suleimanki H/W,10/07/2014,11741,2311
Sutlej,Suleimanki H/W,10/08/2014,11640,2210
Sutlej,Suleimanki H/W,10/09/2014,11752,2210
Sutlej,Suleimanki H/W,10/10/2014,11862,2187
Sutlej,Suleimanki H/W,10/11/2014,11546,2004
Sutlej,Suleimanki H/W,10/12/2014,11445,2004
Sutlej,Suleimanki H/W,13-10-2014,11445,2004
Sutlej,Suleimanki H/W,14-10-2014,11443,1901
Sutlej,Suleimanki H/W,15-10-2014,11065,1701
Sutlej,Suleimanki H/W,16-10-2014,10819,1701
Sutlej,Suleimanki H/W,17-10-2014,10819,1701
Sutlej,Suleimanki H/W,18-10-2014,10214,1701
Sutlej,Suleimanki H/W,19-10-2014,9814,1301
Sutlej,Suleimanki H/W,20-10-2014,8727,1225
Sutlej,Suleimanki H/W,21-10-2014,7413,NIL
Sutlej,Suleimanki H/W,22-10-2014,7551,NIL
Sutlej,Suleimanki H/W,23-10-2014,7133,NIL
Sutlej,Suleimanki H/W,24-10-2014,6940,NIL
Sutlej,Suleimanki H/W,25-10-2014,6876,NIL
Sutlej,Suleimanki H/W,26-10-2014,6876,NIL
Sutlej,Suleimanki H/W,27-10-2014,6876,NIL
Sutlej,Suleimanki H/W,28-10-2014,6876,NIL
Sutlej,Suleimanki H/W,29-10-2014,6876,NIL
Sutlej,Suleimanki H/W,30-10-2014,7230,NIL
Sutlej,Suleimanki H/W,31-10-2014,7328,NIL
Sutlej,Islam H/W,10/01/2014,NIL,825
Sutlej,Islam H/W,10/02/2014,NIL,825
Sutlej,Islam H/W,10/03/2014,NIL,825
Sutlej,Islam H/W,10/04/2014,613,825
Sutlej,Islam H/W,10/05/2014,NIL,825
Sutlej,Islam H/W,10/06/2014,NIL,825
Sutlej,Islam H/W,10/07/2014,NIL,825
Sutlej,Islam H/W,10/08/2014,NIL,560
Sutlej,Islam H/W,10/09/2014,NIL,560
Sutlej,Islam H/W,10/10/2014,NIL,1192
Sutlej,Islam H/W,10/11/2014,NIL,1160
Sutlej,Islam H/W,10/12/2014,NIL,1385
Sutlej,Islam H/W,13-10-2014,NIL,1415
Sutlej,Islam H/W,14-10-2014,NIL,1385
Sutlej,Islam H/W,15-10-2014,318,2085
Sutlej,Islam H/W,16-10-2014,NIL,2085
Sutlej,Islam H/W,17-10-2014,NIL,2085
Sutlej,Islam H/W,18-10-2014,NIL,2085
Sutlej,Islam H/W,19-10-2014,NIL,2085
Sutlej,Islam H/W,20-10-2014,NIL,2086
Sutlej,Islam H/W,21-10-2014,NIL,1525
Sutlej,Islam H/W,22-10-2014,535,1525
Sutlej,Islam H/W,23-10-2014,NIL,1225
Sutlej,Islam H/W,24-10-2014,NIL,1225
Sutlej,Islam H/W,25-10-2014,NIL,1225
Sutlej,Islam H/W,26-10-2014,NIL,1225
Sutlej,Islam H/W,27-10-2014,NIL,1225
Sutlej,Islam H/W,28-10-2014,NIL,1225
Sutlej,Islam H/W,29-10-2014,NIL,1025
Sutlej,Islam H/W,30-10-2014,NIL,1025
Sutlej,Islam H/W,31-10-2014,NIL,1025
Sutlej,Suleimanki H/W,11/01/2014,7328,7328
Sutlej,Suleimanki H/W,11/02/2014,7428,7428
Sutlej,Suleimanki H/W,11/03/2014,7428,7428
Sutlej,Suleimanki H/W,11/04/2014,7428,7428
Sutlej,Suleimanki H/W,11/05/2014,7428,7428
Sutlej,Suleimanki H/W,11/06/2014,7494,7494
Sutlej,Suleimanki H/W,11/07/2014,7494,7494
Sutlej,Suleimanki H/W,11/08/2014,7494,7494
Sutlej,Suleimanki H/W,11/09/2014,7494,7494
Sutlej,Suleimanki H/W,11/10/2014,7591,7591
Sutlej,Suleimanki H/W,11/11/2014,7378,7378
Sutlej,Suleimanki H/W,11/12/2014,7378,7378
Sutlej,Suleimanki H/W,13-11-2014,8315,8315
Sutlej,Suleimanki H/W,14-11-2014,9165,9165
Sutlej,Suleimanki H/W,15-11-2014,9165,9165
Sutlej,Suleimanki H/W,16-11-2014,10126,9063
Sutlej,Suleimanki H/W,17-11-2014,10078,9015
Sutlej,Suleimanki H/W,18-11-2014,10937,8765
Sutlej,Suleimanki H/W,19-11-2014,9282,8763
Sutlej,Suleimanki H/W,20-11-2014,8834,8834
Sutlej,Suleimanki H/W,21-11-2014,9282,8763
Sutlej,Suleimanki H/W,22-11-2014,9282,8763
Sutlej,Suleimanki H/W,23-11-2014,9236,8663
Sutlej,Suleimanki H/W,24-11-2014,9236,8663
Sutlej,Suleimanki H/W,25-11-2014,9338,8765
Sutlej,Suleimanki H/W,26-11-2014,9388,8815
Sutlej,Suleimanki H/W,27-11-2014,9286,8713
Sutlej,Suleimanki H/W,28-11-2014,9286,8713
Sutlej,Suleimanki H/W,29-11-2014,8713,8713
Sutlej,Suleimanki H/W,30-11-2014,9064,8551
Sutlej,Islam H/W,11/01/2014,NIL,433
Sutlej,Islam H/W,11/02/2014,NIL,433
Sutlej,Islam H/W,11/03/2014,NIL,433
Sutlej,Islam H/W,11/04/2014,NIL,433
Sutlej,Islam H/W,11/05/2014,NIL,433
Sutlej,Islam H/W,11/06/2014,NIL,433
Sutlej,Islam H/W,11/07/2014,NIL,433
Sutlej,Islam H/W,11/08/2014,NIL,433
Sutlej,Islam H/W,11/09/2014,NIL,433
Sutlej,Islam H/W,11/10/2014,NIL,433
Sutlej,Islam H/W,11/11/2014,NIL,433
Sutlej,Islam H/W,11/12/2014,NIL,433
Sutlej,Islam H/W,13-11-2014,NIL,433
Sutlej,Islam H/W,14-11-2014,NIL,433
Sutlej,Islam H/W,15-11-2014,NIL,433
Sutlej,Islam H/W,16-11-2014,NIL,433
Sutlej,Islam H/W,17-11-2014,NIL,433
Sutlej,Islam H/W,18-11-2014,NIL,433
Sutlej,Islam H/W,19-11-2014,NIL,433
Sutlej,Islam H/W,20-11-2014,NIL,433
Sutlej,Islam H/W,21-11-2014,NIL,433
Sutlej,Islam H/W,22-11-2014,NIL,433
Sutlej,Islam H/W,23-11-2014,NIL,433
Sutlej,Islam H/W,24-11-2014,NIL,433
Sutlej,Islam H/W,25-11-2014,NIL,433
Sutlej,Islam H/W,26-11-2014,NIL,433
Sutlej,Islam H/W,27-11-2014,NIL,433
Sutlej,Islam H/W,28-11-2014,NIL,433
Sutlej,Islam H/W,29-11-2014,NIL,433
Sutlej,Islam H/W,30-11-2014,NIL,433
Sutlej,Suleimanki H/W,12/01/2014,8651,NIL
Sutlej,Suleimanki H/W,12/02/2014,8153,NIL
Sutlej,Suleimanki H/W,12/03/2014,8153,NIL
Sutlej,Suleimanki H/W,12/04/2014,7765,NIL
Sutlej,Suleimanki H/W,12/05/2014,8216,NIL
Sutlej,Suleimanki H/W,12/06/2014,8467,911
Sutlej,Suleimanki H/W,12/07/2014,7924,712
Sutlej,Suleimanki H/W,12/08/2014,7506,1001
Sutlej,Suleimanki H/W,12/09/2014,7504,1150
Sutlej,Suleimanki H/W,12/10/2014,7398,1187
Sutlej,Suleimanki H/W,12/11/2014,7278,1307
Sutlej,Suleimanki H/W,12/12/2014,7218,1307
Sutlej,Suleimanki H/W,13-12-2014,7218,1307
Sutlej,Suleimanki H/W,14-12-2014,7010,NIL
Sutlej,Suleimanki H/W,15-12-2014,6504,NIL
Sutlej,Suleimanki H/W,16-12-2014,6705,NIL
Sutlej,Suleimanki H/W,17-12-2014,6300,NIL
Sutlej,Suleimanki H/W,18-12-2014,6705,NIL
Sutlej,Suleimanki H/W,19-12-2014,6705,NIL
Sutlej,Suleimanki H/W,20-12-2014,6777,NIL
Sutlej,Suleimanki H/W,21-12-2014,6799,NIL
Sutlej,Suleimanki H/W,22-12-2014,7145,NIL
Sutlej,Suleimanki H/W,23-12-2014,7145,NIL
Sutlej,Suleimanki H/W,24-12-2014,7278,NIL
Sutlej,Suleimanki H/W,25-12-2014,7145,NIL
Sutlej,Suleimanki H/W,26-12-2014,6799,NIL
Sutlej,Suleimanki H/W,27-12-2014,5797,NIL
Sutlej,Suleimanki H/W,28-12-2014,4500,NIL
Sutlej,Suleimanki H/W,29-12-2014,2511,NIL
Sutlej,Suleimanki H/W,30-12-2014,1021,NIL
Sutlej,Suleimanki H/W,31-12-2014,815,NIL
Sutlej,Islam H/W,12/01/2014,NIL,989
Sutlej,Islam H/W,12/02/2014,NIL,989
Sutlej,Islam H/W,12/03/2014,NIL,989
Sutlej,Islam H/W,12/04/2014,312,989
Sutlej,Islam H/W,12/05/2014,763,989
Sutlej,Islam H/W,12/06/2014,NIL,NIL
Sutlej,Islam H/W,12/07/2014,NIL,NIL
Sutlej,Islam H/W,12/08/2014,NIL,NIL
Sutlej,Islam H/W,12/09/2014,NIL,NIL
Sutlej,Islam H/W,12/10/2014,NIL,NIL
Sutlej,Islam H/W,12/11/2014,NIL,NIL
Sutlej,Islam H/W,12/12/2014,NIL,NIL
Sutlej,Islam H/W,13-12-2014,NIL,NIL
Sutlej,Islam H/W,14-12-2014,NIL,NIL
Sutlej,Islam H/W,15-12-2014,NIL,NIL
Sutlej,Islam H/W,16-12-2014,NIL,NIL
Sutlej,Islam H/W,17-12-2014,NIL,NIL
Sutlej,Islam H/W,18-12-2014,NIL,NIL
Sutlej,Islam H/W,19-12-2014,NIL,NIL
Sutlej,Islam H/W,20-12-2014,NIL,NIL
Sutlej,Islam H/W,21-12-2014,NIL,NIL
Sutlej,Islam H/W,22-12-2014,NIL,NIL
Sutlej,Islam H/W,23-12-2014,NIL,325
Sutlej,Islam H/W,24-12-2014,NIL,325
Sutlej,Islam H/W,25-12-2014,NIL,325
Sutlej,Islam H/W,26-12-2014,NIL,325
Sutlej,Islam H/W,27-12-2014,NIL,325
Sutlej,Islam H/W,28-12-2014,NIL,325
Sutlej,Islam H/W,29-12-2014,NIL,325
Sutlej,Islam H/W,30-12-2014,1021,325
Sutlej,Islam H/W,31-12-2014,815,325
