Rivers,Gauge Sites,Date,Up Stream,Down Stream
INDUS,Kalabagh,15-Jun-19,148191,141191
INDUS,Chashma,15-Jun-19,176511,170011
INDUS,Taunsa,15-Jun-19,162207,145175
INDUS,Guddu,15-Jun-19,91613,70374
INDUS,Sukkar,15-Jun-19,62480,26760
INDUS,Kotri,15-Jun-19,15385,Nil
JHELUM,Kotli,15-Jun-19,-,4400
JHELUM,Mangla,15-Jun-19,60000,75000
JHELUM,Rasul,15-Jun-19,60995,39230
CHENAB,Jammu Tavi,15-Jun-19,,
CHENAB,Marala,15-Jun-19,41387,11512
CHENAB,Khanki,15-Jun-19,19797,12455
CHENAB,Qadirabad,15-Jun-19,37353,18353
CHENAB,Trimmu,15-Jun-19,27691,17091
CHENAB,Punjnad,15-Jun-19,10526,
RAVI,Jassar,15-Jun-19,-,5337
RAVI,Balloki,15-Jun-19,,
RAVI,Sidhnai,15-Jun-19,,
SUTLEJ,Sulemanki,15-Jun-19,18836,7533
SUTLEJ,Islam,15-Jun-19,5866,4866
INDUS,Kalabagh,15-Jun-19,174569,167569
INDUS,Chashma,15-Jun-19,176764,170264
INDUS,Taunsa,15-Jun-19,162407,145175
INDUS,Guddu,15-Jun-19,91613,70374
INDUS,Sukkar,15-Jun-19,62480,26760
INDUS,Kotri,15-Jun-19,15385,NIL
JHELUM,Kotli,15-Jun-19,-,4270
JHELUM,Mangla,15-Jun-19,59800,88487
JHELUM,Rasul,15-Jun-19,65150,43135
CHENAB,Jammu Tavi,15-Jun-19,_,_
CHENAB,Marala,15-Jun-19,45161,15286
CHENAB,Khanki,15-Jun-19,23017,15626
CHENAB,Qadirabad,15-Jun-19,32172,13172
CHENAB,Trimmu,15-Jun-19,27691,17091
CHENAB,Punjnad,15-Jun-19,10526,NIL
RAVI,Jassar,15-Jun-19,-,10709
RAVI,Balloki,15-Jun-19,34645,10845
RAVI,Sidhnai,15-Jun-19,NR,NR
SUTLEJ,Sulemanki,15-Jun-19,18890,7533
SUTLEJ,Islam,15-Jun-19,5866,4866
INDUS,Kalabagh,15-Jun-19,174569,167569
INDUS,Chashma,15-Jun-19,176600,170100
INDUS,Taunsa,15-Jun-19,162407,145175
INDUS,Guddu,15-Jun-19,91613,70374
INDUS,Sukkar,15-Jun-19,62480,26760
INDUS,Kotri,15-Jun-19,15385,NIL
JHELUM,Kotli,15-Jun-19,,4150
JHELUM,Mangla,15-Jun-19,69000,88487
JHELUM,Rasul,15-Jun-19,65150,43135
CHENAB,Jammu Tavi,15-Jun-19,-,-
CHENAB,Marala,15-Jun-19,45161,15286
CHENAB,Khanki,15-Jun-19,19845,12455
CHENAB,Qadirabad,15-Jun-19,34745,15745
CHENAB,Trimmu,15-Jun-19,29730,19130
CHENAB,Punjnad,15-Jun-19,10526,Nil
RAVI,Jassar,15-Jun-19,-,10709
RAVI,Balloki,15-Jun-19,34645,10845
RAVI,Sidhnai,15-Jun-19,15667,2317
SUTLEJ,Sulemanki,15-Jun-19,18890,7533
SUTLEJ,Islam,15-Jun-19,5866,4866
INDUS,Kalabagh,16-Jun-19,151055,144055
INDUS,Chashma,16-Jun-19,176488,169988
INDUS,Taunsa,16-Jun-19,162407,145175
INDUS,Guddu,16-Jun-19,91613,70374
INDUS,Sukkar,16-Jun-19,62550,26200
INDUS,Kotri,16-Jun-19,15445,Nil
JHELUM,Kotli,16-Jun-19,,4020
JHELUM,Mangla,16-Jun-19,60000,88487
JHELUM,Rasul,16-Jun-19,69055,47040
CHENAB,Jammu Tavi,16-Jun-19,,
CHENAB,Marala,16-Jun-19,41387,11512
CHENAB,Khanki,16-Jun-19,14490,7100
CHENAB,Qadirabad,16-Jun-19,37353,18353
CHENAB,Trimmu,16-Jun-19,29730,19130
CHENAB,Punjnad,16-Jun-19,10526,Nil
RAVI,Jassar,16-Jun-19,-,9219
RAVI,Balloki,16-Jun-19,33770,9970
RAVI,Sidhnai,16-Jun-19,15667,2317
SUTLEJ,Sulemanki,16-Jun-19,18041,6331
SUTLEJ,Islam,16-Jun-19,5866,4866
INDUS,Kalabagh,16-Jun-19,164574,157574
INDUS,Chashma,16-Jun-19,176753,170253
INDUS,Taunsa,16-Jun-19,155817,139277
INDUS,Guddu,16-Jun-19,93381,71069
INDUS,Sukkar,16-Jun-19,62550,26200
INDUS,Kotri,16-Jun-19,15445,Nil
JHELUM,Kotli,16-Jun-19,-,4150
JHELUM,Mangla,16-Jun-19,56700,85000
JHELUM,Rasul,16-Jun-19,80770,58755
CHENAB,Jammu Tavi,16-Jun-19,,
CHENAB,Marala,16-Jun-19,45161,15286
CHENAB,Khanki,16-Jun-19,13625,6235
CHENAB,Qadirabad,16-Jun-19,28299,9299
CHENAB,Trimmu,16-Jun-19,29730,19130
CHENAB,Punjnad,16-Jun-19,12234,Nil
RAVI,Jassar,16-Jun-19,-,4999
RAVI,Balloki,16-Jun-19,33770,9970
RAVI,Sidhnai,16-Jun-19,15667,2317
SUTLEJ,Sulemanki,16-Jun-19,18041,6331
SUTLEJ,Islam,16-Jun-19,5597,3597
INDUS,Kalabagh,16-Jun-19,164574,157574
INDUS,Chashma,16-Jun-19,175281,169901
INDUS,Taunsa,16-Jun-19,157103,140428
INDUS,Guddu,16-Jun-19,93381,71069
INDUS,Sukkar,16-Jun-19,62550,26200
INDUS,Kotri,16-Jun-19,15445,NIL
JHELUM,Kotli,16-Jun-19,-,4020
JHELUM,Mangla,16-Jun-19,57000,85000
JHELUM,Rasul,16-Jun-19,80770,58755
CHENAB,Jammu Tavi,16-Jun-19,-,-
CHENAB,Marala,16-Jun-19,45161,15286
CHENAB,Khanki,16-Jun-19,13625,6235
CHENAB,Qadirabad,16-Jun-19,28299,9299
CHENAB,Trimmu,16-Jun-19,31775,21175
CHENAB,Punjnad,16-Jun-19,12234,NIL
RAVI,Jassar,16-Jun-19,-,4829
RAVI,Balloki,16-Jun-19,34645,10845
RAVI,Sidhnai,16-Jun-19,15667,2317
SUTLEJ,Sulemanki,16-Jun-19,16409,5596
SUTLEJ,Islam,16-Jun-19,5597,3597
INDUS,Kalabagh,16-Jun-19,164574,157574
INDUS,Chashma,16-Jun-19,164034,157534
INDUS,Taunsa,16-Jun-19,157103,140428
INDUS,Guddu,16-Jun-19,93381,72069
INDUS,Sukkar,16-Jun-19,62550,26200
INDUS,Kotri,16-Jun-19,15445,NIL
JHELUM,Kotli,16-Jun-19,-,3900
JHELUM,Mangla,16-Jun-19,59000,85000
JHELUM,Rasul,16-Jun-19,84685,62660
CHENAB,Jammu Tavi,16-Jun-19,,
CHENAB,Marala,16-Jun-19,45161,15286
CHENAB,Khanki,16-Jun-19,22036,14646
CHENAB,Qadirabad,16-Jun-19,28299,9299
CHENAB,Trimmu,16-Jun-19,34000,23400
CHENAB,Punjnad,16-Jun-19,12883,NIL
RAVI,Jassar,16-Jun-19,-,4999
RAVI,Balloki,16-Jun-19,34645,10845
RAVI,Sidhnai,16-Jun-19,15667,2317
SUTLEJ,Sulemanki,16-Jun-19,16409,5596
SUTLEJ,Islam,16-Jun-19,5597,3597
INDUS,Kalabagh,17-Jun-19,177433,170433
INDUS,Chashma,17-Jun-19,164889,158389
INDUS,Taunsa,17-Jun-19,161531,144391
INDUS,Guddu,17-Jun-19,97211,73406
INDUS,Sukkar,17-Jun-19,62550,26200
INDUS,Kotri,17-Jun-19,15495,NIL
JHELUM,Kotli,17-Jun-19,-,3780
JHELUM,Mangla,17-Jun-19,58000,85000
JHELUM,Rasul,17-Jun-19,88590,66565
CHENAB,Jammu Tavi,17-Jun-19,,
CHENAB,Marala,17-Jun-19,45161,15286
CHENAB,Khanki,17-Jun-19,22026,14646
CHENAB,Qadirabad,17-Jun-19,32207,13207
CHENAB,Trimmu,17-Jun-19,34000,23400
CHENAB,Punjnad,17-Jun-19,12883,NIL
RAVI,Jassar,17-Jun-19,-,5168
RAVI,Balloki,17-Jun-19,35525,11725
RAVI,Sidhnai,17-Jun-19,15994,2644
SUTLEJ,Sulemanki,17-Jun-19,16400,5587
SUTLEJ,Islam,17-Jun-19,5597,3597
INDUS,Kalabagh,17-Jun-19,152174,145174
INDUS,Chashma,17-Jun-19,164466,157966
INDUS,Taunsa,17-Jun-19,175606,156988
INDUS,Guddu,17-Jun-19,105574,79524
INDUS,Sukkar,17-Jun-19,64520,27250
INDUS,Kotri,17-Jun-19,16160,Nil
JHELUM,Kotli,17-Jun-19,-,4150
JHELUM,Mangla,17-Jun-19,58000,105000
JHELUM,Rasul,17-Jun-19,95617,73592
CHENAB,Jammu Tavi,17-Jun-19,-,-
CHENAB,Marala,17-Jun-19,45386,15286
CHENAB,Khanki,17-Jun-19,18707,11317
CHENAB,Qadirabad,17-Jun-19,25706,6706
CHENAB,Trimmu,17-Jun-19,37888,27288
CHENAB,Punjnad,17-Jun-19,14100,Nil
RAVI,Jassar,17-Jun-19,-,5168
RAVI,Balloki,17-Jun-19,33090,9090
RAVI,Sidhnai,17-Jun-19,15344,2644
SUTLEJ,Sulemanki,17-Jun-19,14722,3212
SUTLEJ,Islam,17-Jun-19,4597,3597
INDUS,Kalabagh,17-Jun-19,135651,128651
INDUS,Chashma,17-Jun-19,163325,156825
INDUS,Taunsa,17-Jun-19,163784,146408
INDUS,Guddu,17-Jun-19,105574,79524
INDUS,Sukkar,17-Jun-19,64520,27250
INDUS,Kotri,17-Jun-19,16160,NIL
JHELUM,Kotli,17-Jun-19,-,4020
JHELUM,Mangla,17-Jun-19,58000,105000
JHELUM,Rasul,17-Jun-19,110107,88082
CHENAB,Jammu Tavi,17-Jun-19,-,-
CHENAB,Marala,17-Jun-19,41612,11512
CHENAB,Khanki,17-Jun-19,14490,7100
CHENAB,Qadirabad,17-Jun-19,28299,9299
CHENAB,Trimmu,17-Jun-19,38689,28089
CHENAB,Punjnad,17-Jun-19,14100,NIL
RAVI,Jassar,17-Jun-19,-,1753
RAVI,Balloki,17-Jun-19,33090,9090
RAVI,Sidhnai,17-Jun-19,16466,3966
SUTLEJ,Sulemanki,17-Jun-19,14822,3212
SUTLEJ,Islam,17-Jun-19,4597,3597
INDUS,Kalabagh,17-Jun-19,146927,139927
INDUS,Chashma,17-Jun-19,171527,165027
INDUS,Taunsa,17-Jun-19,161531,144391
INDUS,Guddu,17-Jun-19,98465,73406
INDUS,Sukkar,17-Jun-19,62550,26200
INDUS,Kotri,17-Jun-19,15495,Nil
JHELUM,Kotli,17-Jun-19,-,3780
JHELUM,Mangla,17-Jun-19,56000,125171
JHELUM,Rasul,17-Jun-19,84685,62660
CHENAB,Jammu Tavi,17-Jun-19,-,-
CHENAB,Marala,17-Jun-19,41612,11512
CHENAB,Khanki,17-Jun-19,14490,7100
CHENAB,Qadirabad,17-Jun-19,28299,9299
CHENAB,Trimmu,17-Jun-19,37888,27288
CHENAB,Punjnad,17-Jun-19,13466,Nil
RAVI,Jassar,17-Jun-19,-,5507
RAVI,Balloki,17-Jun-19,34845,10845
RAVI,Sidhnai,17-Jun-19,15894,2644
SUTLEJ,Sulemanki,17-Jun-19,14722,3212
SUTLEJ,Islam,17-Jun-19,5085,3085
INDUS,Kalabagh,18-Jun-19,160612,153612
INDUS,Chashma,18-Jun-19,170283,164903
INDUS,Taunsa,18-Jun-19,175606,156988
INDUS,Guddu,18-Jun-19,105574,79524
INDUS,Sukkar,18-Jun-19,64520,27250
INDUS,Kotri,18-Jun-19,16160,Nil
JHELUM,Kotli,18-Jun-19,-,3780
JHELUM,Mangla,18-Jun-19,57000,125171
JHELUM,Rasul,18-Jun-19,84885,62660
CHENAB,Jammu Tavi,18-Jun-19,-,-
CHENAB,Marala,18-Jun-19,45386,15286
CHENAB,Khanki,18-Jun-19,14490,7100
CHENAB,Qadirabad,18-Jun-19,28299,9299
CHENAB,Trimmu,18-Jun-19,37888,27288
CHENAB,Punjnad,18-Jun-19,13466,Nil
RAVI,Jassar,18-Jun-19,-,5337
RAVI,Balloki,18-Jun-19,33090,9090
RAVI,Sidhnai,18-Jun-19,15894,2644
SUTLEJ,Sulemanki,18-Jun-19,14722,3212
SUTLEJ,Islam,18-Jun-19,5085,3085
INDUS,Kalabagh,18-Jun-19,152174,145174
INDUS,Chashma,18-Jun-19,164466,157966
INDUS,Taunsa,18-Jun-19,175606,156988
INDUS,Guddu,18-Jun-19,105574,79524
INDUS,Sukkar,18-Jun-19,64520,27250
INDUS,Kotri,18-Jun-19,16160,Nil
JHELUM,Kotli,18-Jun-19,-,4150
JHELUM,Mangla,18-Jun-19,58000,105000
JHELUM,Rasul,18-Jun-19,95617,73592
CHENAB,Jammu Tavi,18-Jun-19,-,-
CHENAB,Marala,18-Jun-19,45386,15286
CHENAB,Khanki,18-Jun-19,18707,11317
CHENAB,Qadirabad,18-Jun-19,25706,6706
CHENAB,Trimmu,18-Jun-19,37888,27288
CHENAB,Punjnad,18-Jun-19,14100,Nil
RAVI,Jassar,18-Jun-19,-,5168
RAVI,Balloki,18-Jun-19,33090,9090
RAVI,Sidhnai,18-Jun-19,15344,2644
SUTLEJ,Sulemanki,18-Jun-19,14722,3212
SUTLEJ,Islam,18-Jun-19,4597,3597
INDUS,Kalabagh,18-Jun-19,135651,128651
INDUS,Chashma,18-Jun-19,163325,156825
INDUS,Taunsa,18-Jun-19,163784,146408
INDUS,Guddu,18-Jun-19,105574,79524
INDUS,Sukkar,18-Jun-19,64520,27250
INDUS,Kotri,18-Jun-19,16160,Nil
JHELUM,Kotli,18-Jun-19,-,4020
JHELUM,Mangla,18-Jun-19,58000,105000
JHELUM,Rasul,18-Jun-19,110107,88082
CHENAB,Jammu Tavi,18-Jun-19,-,-
CHENAB,Marala,18-Jun-19,41612,11512
CHENAB,Khanki,18-Jun-19,14490,7100
CHENAB,Qadirabad,18-Jun-19,28299,9299
CHENAB,Trimmu,18-Jun-19,38689,28089
CHENAB,Punjnad,18-Jun-19,14100,Nil
RAVI,Jassar,18-Jun-19,-,1753
RAVI,Balloki,18-Jun-19,33090,9090
RAVI,Sidhnai,18-Jun-19,16466,3966
SUTLEJ,Sulemanki,18-Jun-19,14822,3212
SUTLEJ,Islam,18-Jun-19,4597,3597
INDUS,Kalabagh,18-Jun-19,154866,147866
INDUS,Chashma,18-Jun-19,164921,159440
INDUS,Taunsa,18-Jun-19,163784,146408
INDUS,Guddu,18-Jun-19,105574,79524
INDUS,Sukkar,18-Jun-19,64520,27250
INDUS,Kotri,18-Jun-19,16160,Nil
JHELUM,Kotli,18-Jun-19,-,3900
JHELUM,Mangla,18-Jun-19,58000,105000
JHELUM,Rasul,18-Jun-19,112579,90554
CHENAB,Jammu Tavi,18-Jun-19,-,-
CHENAB,Marala,18-Jun-19,41712,11512
CHENAB,Khanki,18-Jun-19,13625,6235
CHENAB,Qadirabad,18-Jun-19,28299,9299
CHENAB,Trimmu,18-Jun-19,38689,28089
CHENAB,Punjnad,18-Jun-19,,Nil
RAVI,Jassar,18-Jun-19,-,1842
RAVI,Balloki,18-Jun-19,33090,9090
RAVI,Sidhnai,18-Jun-19,15117,2317
SUTLEJ,Sulemanki,18-Jun-19,14822,3212
SUTLEJ,Islam,18-Jun-19,4597,3597
INDUS,Kalabagh,19-Jun-19,169316,162316
INDUS,Chashma,19-Jun-19,165595,160009
INDUS,Taunsa,19-Jun-19,166470,148682
INDUS,Guddu,19-Jun-19,116902,90329
INDUS,Sukkar,19-Jun-19,67010,28290
INDUS,Kotri,19-Jun-19,16245,Nil
JHELUM,Kotli,19-Jun-19,-,4020
JHELUM,Mangla,19-Jun-19,58000,101570
JHELUM,Rasul,19-Jun-19,112579,90554
CHENAB,Jammu Tavi,19-Jun-19,-,-
CHENAB,Marala,19-Jun-19,45486,15286
CHENAB,Khanki,19-Jun-19,13625,6235
CHENAB,Qadirabad,19-Jun-19,28299,9299
CHENAB,Trimmu,19-Jun-19,38689,28089
CHENAB,Punjnad,19-Jun-19,15332,1232
RAVI,Jassar,19-Jun-19,-,2035
RAVI,Balloki,19-Jun-19,33090,9090
RAVI,Sidhnai,19-Jun-19,14117,2317
SUTLEJ,Sulemanki,19-Jun-19,14822,3212
SUTLEJ,Islam,19-Jun-19,4085,3085
INDUS,Kalabagh,19-Jun-19,149779,142779
INDUS,Chashma,19-Jun-19,166484,159984
INDUS,Taunsa,19-Jun-19,162556,145179
INDUS,Guddu,19-Jun-19,116902,90329
INDUS,Sukkar,19-Jun-19,67010,28290
INDUS,Kotri,19-Jun-19,16245,Nil
JHELUM,Kotli,19-Jun-19,-,3900
JHELUM,Mangla,19-Jun-19,57000,105166
JHELUM,Rasul,19-Jun-19,107573,85548
CHENAB,Jammu Tavi,19-Jun-19,-,-
CHENAB,Marala,19-Jun-19,45486,15286
CHENAB,Khanki,19-Jun-19,14490,7100
CHENAB,Qadirabad,19-Jun-19,25723,6723
CHENAB,Trimmu,19-Jun-19,46311,35711
CHENAB,Punjnad,19-Jun-19,15332,1232
RAVI,Jassar,19-Jun-19,-,2129
RAVI,Balloki,19-Jun-19,33090,9090
RAVI,Sidhnai,19-Jun-19,14967,2317
SUTLEJ,Sulemanki,19-Jun-19,14822,3212
SUTLEJ,Islam,19-Jun-19,4085,3085
INDUS,Kalabagh,19-Jun-19,149779,142779
INDUS,Chashma,19-Jun-19,166917,160417
INDUS,Taunsa,19-Jun-19,162556,145179
INDUS,Guddu,19-Jun-19,116902,90329
INDUS,Sukkar,19-Jun-19,67010,28290
INDUS,Kotri,19-Jun-19,16845,Nil
JHELUM,Kotli,19-Jun-19,-,3900
JHELUM,Mangla,19-Jun-19,58000,105166
JHELUM,Rasul,19-Jun-19,107573,85548
CHENAB,Jammu Tavi,19-Jun-19,-,-
CHENAB,Marala,19-Jun-19,41712,11512
CHENAB,Khanki,19-Jun-19,13625,6235
CHENAB,Qadirabad,19-Jun-19,27027,8027
CHENAB,Trimmu,19-Jun-19,43275,32675
CHENAB,Punjnad,19-Jun-19,15432,1232
RAVI,Jassar,19-Jun-19,-,2382
RAVI,Balloki,19-Jun-19,33090,9090
RAVI,Sidhnai,19-Jun-19,15194,2644
SUTLEJ,Sulemanki,19-Jun-19,15021,3212
SUTLEJ,Islam,19-Jun-19,4085,3085
INDUS,Kalabagh,19-Jun-19,160585,153585
INDUS,Chashma,19-Jun-19,166514,160014
INDUS,Taunsa,19-Jun-19,162556,145179
INDUS,Guddu,19-Jun-19,116902,90329
INDUS,Sukkar,19-Jun-19,67010,28290
INDUS,Kotri,19-Jun-19,16245,Nil
JHELUM,Kotli,19-Jun-19,-,3780
JHELUM,Mangla,19-Jun-19,53000,106022
JHELUM,Rasul,19-Jun-19,107573,85548
CHENAB,Jammu Tavi,19-Jun-19,-,-
CHENAB,Marala,19-Jun-19,45586,15286
CHENAB,Khanki,19-Jun-19,13625,6235
CHENAB,Qadirabad,19-Jun-19,27027,8027
CHENAB,Trimmu,19-Jun-19,45809,35209
CHENAB,Punjnad,19-Jun-19,16242,2042
RAVI,Jassar,19-Jun-19,-,2635
RAVI,Balloki,19-Jun-19,32210,8210
RAVI,Sidhnai,19-Jun-19,15394,2644
SUTLEJ,Sulemanki,19-Jun-19,15021,3212
SUTLEJ,Islam,19-Jun-19,4085,3085
INDUS,Kalabagh,20-Jun-19,139296,132296
INDUS,Chashma,20-Jun-19,166315,159815
INDUS,Taunsa,20-Jun-19,158532,141281
INDUS,Guddu,20-Jun-19,116954,86424
INDUS,Sukkar,20-Jun-19,71195,30605
INDUS,Kotri,20-Jun-19,17255,Nil
JHELUM,Kotli,20-Jun-19,-,3900
JHELUM,Mangla,20-Jun-19,51000,106226
JHELUM,Rasul,20-Jun-19,107573,85548
CHENAB,Jammu Tavi,20-Jun-19,-,-
CHENAB,Marala,20-Jun-19,45586,15286
CHENAB,Khanki,20-Jun-19,18707,11317
CHENAB,Qadirabad,20-Jun-19,27027,8027
CHENAB,Trimmu,20-Jun-19,45809,35209
CHENAB,Punjnad,20-Jun-19,16242,2042
RAVI,Jassar,20-Jun-19,-,2129
RAVI,Balloki,20-Jun-19,32210,8210
RAVI,Sidhnai,20-Jun-19,15394,2644
SUTLEJ,Sulemanki,20-Jun-19,14389,2580
SUTLEJ,Islam,20-Jun-19,2955,2155
INDUS,Kalabagh,20-Jun-19,149779,142779
INDUS,Chashma,20-Jun-19,165631,159943
INDUS,Taunsa,20-Jun-19,158532,141281
INDUS,Guddu,20-Jun-19,116954,86424
INDUS,Sukkar,20-Jun-19,71195,30605
INDUS,Kotri,20-Jun-19,17255,Nil
JHELUM,Kotli,20-Jun-19,-,3780
JHELUM,Mangla,20-Jun-19,54000,104576
JHELUM,Rasul,20-Jun-19,107573,85548
CHENAB,Jammu Tavi,20-Jun-19,-,-
CHENAB,Marala,20-Jun-19,41812,11512
CHENAB,Khanki,20-Jun-19,14600,7100
CHENAB,Qadirabad,20-Jun-19,27027,8027
CHENAB,Trimmu,20-Jun-19,48009,37409
CHENAB,Punjnad,20-Jun-19,18555,4055
RAVI,Jassar,20-Jun-19,-,2035
RAVI,Balloki,20-Jun-19,32210,8210
RAVI,Sidhnai,20-Jun-19,15394,2644
SUTLEJ,Sulemanki,20-Jun-19,14389,2580
SUTLEJ,Islam,20-Jun-19,2955,2155
INDUS,Kalabagh,20-Jun-19,160585,153585
INDUS,Chashma,20-Jun-19,153273,145961
INDUS,Taunsa,20-Jun-19,158532,141281
INDUS,Guddu,20-Jun-19,116954,86424
INDUS,Sukkar,20-Jun-19,71195,30605
INDUS,Kotri,20-Jun-19,17255,NiL
JHELUM,Kotli,20-Jun-19,-,3780
JHELUM,Mangla,20-Jun-19,56000,104576
JHELUM,Rasul,20-Jun-19,107573,85548
CHENAB,Jammu Tavi,20-Jun-19,-,-
CHENAB,Marala,20-Jun-19,45586,15286
CHENAB,Khanki,20-Jun-19,19955,12455
CHENAB,Qadirabad,20-Jun-19,27027,8027
CHENAB,Trimmu,20-Jun-19,50261,39661
CHENAB,Punjnad,20-Jun-19,18555,4055
RAVI,Jassar,20-Jun-19,-,2129
RAVI,Balloki,20-Jun-19,33090,9090
RAVI,Sidhnai,20-Jun-19,15394,2644
SUTLEJ,Sulemanki,20-Jun-19,13930,2021
SUTLEJ,Islam,20-Jun-19,2955,2155
INDUS,Kalabagh,20-Jun-19,160585,153585
INDUS,Chashma,20-Jun-19,152410,145910
INDUS,Taunsa,20-Jun-19,158532,141281
INDUS,Guddu,20-Jun-19,116954,86424
INDUS,Sukkar,20-Jun-19,71195,17255
INDUS,Kotri,20-Jun-19,17255,Nil
JHELUM,Kotli,20-Jun-19,-,3900
JHELUM,Mangla,20-Jun-19,60000,104000
JHELUM,Rasul,20-Jun-19,107573,85548
CHENAB,Jammu Tavi,20-Jun-19,-,-
CHENAB,Marala,20-Jun-19,41912,11512
CHENAB,Khanki,20-Jun-19,19955,12455
CHENAB,Qadirabad,20-Jun-19,28299,9299
CHENAB,Trimmu,20-Jun-19,53849,43749
CHENAB,Punjnad,20-Jun-19,18555,4055
RAVI,Jassar,20-Jun-19,-,2635
RAVI,Balloki,20-Jun-19,33090,9090
RAVI,Sidhnai,20-Jun-19,15625,3305
SUTLEJ,Sulemanki,20-Jun-19,13627,2021
SUTLEJ,Islam,20-Jun-19,2955,2155
INDUS,Kalabagh,21-Jun-19,150734,143734
INDUS,Chashma,21-Jun-19,152358,145858
INDUS,Taunsa,21-Jun-19,156111,138807
INDUS,Guddu,21-Jun-19,118823,87278
INDUS,Sukkar,21-Jun-19,75050,33675
INDUS,Kotri,21-Jun-19,18300,Nil
JHELUM,Kotli,21-Jun-19,-,3780
JHELUM,Mangla,21-Jun-19,55000,106809
JHELUM,Rasul,21-Jun-19,107573,85548
CHENAB,Jammu Tavi,21-Jun-19,-,-
CHENAB,Marala,21-Jun-19,45686,15286
CHENAB,Khanki,21-Jun-19,12825,5325
CHENAB,Qadirabad,21-Jun-19,28324,9324
CHENAB,Trimmu,21-Jun-19,56007,46007
CHENAB,Punjnad,21-Jun-19,21483,6983
RAVI,Jassar,21-Jun-19,-,2888
RAVI,Balloki,21-Jun-19,32210,8210
RAVI,Sidhnai,21-Jun-19,15605,3305
SUTLEJ,Sulemanki,21-Jun-19,13627,2021
SUTLEJ,Islam,21-Jun-19,2131,1231
INDUS,Kalabagh,21-Jun-19,161540,154540
INDUS,Chashma,21-Jun-19,156529,150029
INDUS,Taunsa,21-Jun-19,156111,138807
INDUS,Guddu,21-Jun-19,120200,88142
INDUS,Sukkar,21-Jun-19,75050,33675
INDUS,Kotri,21-Jun-19,18300,Nil
JHELUM,Kotli,21-Jun-19,-,4020
JHELUM,Mangla,21-Jun-19,54000,106809
JHELUM,Rasul,21-Jun-19,107573,85548
CHENAB,Jammu Tavi,21-Jun-19,-,-
CHENAB,Marala,21-Jun-19,45709,15286
CHENAB,Khanki,21-Jun-19,13735,6235
CHENAB,Qadirabad,21-Jun-19,28324,9324
CHENAB,Trimmu,21-Jun-19,62141,52141
CHENAB,Punjnad,21-Jun-19,22470,7970
RAVI,Jassar,21-Jun-19,-,2382
RAVI,Balloki,21-Jun-19,32210,8210
RAVI,Sidhnai,21-Jun-19,15605,3305
SUTLEJ,Sulemanki,21-Jun-19,13627,2021
SUTLEJ,Islam,21-Jun-19,2131,1231
INDUS,Kalabagh,21-Jun-19,169318,162318
INDUS,Chashma,21-Jun-19,156477,149977
INDUS,Taunsa,21-Jun-19,156111,138807
INDUS,Guddu,21-Jun-19,122387,90329
INDUS,Sukkar,21-Jun-19,75050,33675
INDUS,Kotri,21-Jun-19,18355,NiL
JHELUM,Kotli,21-Jun-19,-,3900
JHELUM,Mangla,21-Jun-19,54000,106043
JHELUM,Rasul,21-Jun-19,107573,85548
CHENAB,Jammu Tavi,21-Jun-19,-,-
CHENAB,Marala,21-Jun-19,45709,15286
CHENAB,Khanki,21-Jun-19,14600,7100
CHENAB,Qadirabad,21-Jun-19,25723,6723
CHENAB,Trimmu,21-Jun-19,62141,52141
CHENAB,Punjnad,21-Jun-19,22470,7970
RAVI,Jassar,21-Jun-19,-,2035
RAVI,Balloki,21-Jun-19,32210,8210
RAVI,Sidhnai,21-Jun-19,15144,2644
SUTLEJ,Sulemanki,21-Jun-19,11606,NiL
SUTLEJ,Islam,21-Jun-19,2131,1231
INDUS,Kalabagh,21-Jun-19,179962,172962
INDUS,Chashma,21-Jun-19,156582,150082
INDUS,Taunsa,21-Jun-19,156111,138807
INDUS,Guddu,21-Jun-19,122387,90329
INDUS,Sukkar,21-Jun-19,75050,33675
INDUS,Kotri,21-Jun-19,18355,Nil
JHELUM,Kotli,21-Jun-19,-,3900
JHELUM,Mangla,21-Jun-19,52000,106043
JHELUM,Rasul,21-Jun-19,107573,85548
CHENAB,Jammu Tavi,21-Jun-19,-,-
CHENAB,Marala,21-Jun-19,42035,11512
CHENAB,Khanki,21-Jun-19,19955,12455
CHENAB,Qadirabad,21-Jun-19,25723,6723
CHENAB,Trimmu,21-Jun-19,63196,52596
CHENAB,Punjnad,21-Jun-19,22470,7970
RAVI,Jassar,21-Jun-19,-,1941
RAVI,Balloki,21-Jun-19,32210,8210
RAVI,Sidhnai,21-Jun-19,13922,1322
SUTLEJ,Sulemanki,21-Jun-19,11709,Nil
SUTLEJ,Islam,21-Jun-19,2131,1231
INDUS,Kalabagh,22-Jun-19,178053,171053
INDUS,Chashma,22-Jun-19,157743,150329
INDUS,Taunsa,22-Jun-19,156111,138554
INDUS,Guddu,22-Jun-19,122387,90329
INDUS,Sukkar,22-Jun-19,76605,34630
INDUS,Kotri,22-Jun-19,18355,Nil
JHELUM,Kotli,22-Jun-19,-,3780
JHELUM,Mangla,22-Jun-19,53000,102085
JHELUM,Rasul,22-Jun-19,107573,85548
CHENAB,Jammu Tavi,22-Jun-19,-,-
CHENAB,Marala,22-Jun-19,42035,11512
CHENAB,Khanki,22-Jun-19,19955,12455
CHENAB,Qadirabad,22-Jun-19,28324,9324
CHENAB,Trimmu,22-Jun-19,63196,52596
CHENAB,Punjnad,22-Jun-19,23898,9398
RAVI,Jassar,22-Jun-19,-,2129
RAVI,Balloki,22-Jun-19,33090,9090
RAVI,Sidhnai,22-Jun-19,13922,1322
SUTLEJ,Sulemanki,22-Jun-19,12326,617
SUTLEJ,Islam,22-Jun-19,1999,799
INDUS,Kalabagh,22-Jun-19,178053,171053
INDUS,Chashma,22-Jun-19,159392,149941
INDUS,Taunsa,22-Jun-19,156111,138554
INDUS,Guddu,22-Jun-19,122387,90329
INDUS,Sukkar,22-Jun-19,76605,34630
INDUS,Kotri,22-Jun-19,18355,Nil
JHELUM,Kotli,22-Jun-19,-,3900
JHELUM,Mangla,22-Jun-19,52000,105150
JHELUM,Rasul,22-Jun-19,107573,85548
CHENAB,Jammu Tavi,22-Jun-19,-,-
CHENAB,Marala,22-Jun-19,42035,11512
CHENAB,Khanki,22-Jun-19,14784,7284
CHENAB,Qadirabad,22-Jun-19,30897,11897
CHENAB,Trimmu,22-Jun-19,63196,52596
CHENAB,Punjnad,22-Jun-19,25390,10890
RAVI,Jassar,22-Jun-19,-,1941
RAVI,Balloki,22-Jun-19,33090,9090
RAVI,Sidhnai,22-Jun-19,13922,1322
SUTLEJ,Sulemanki,22-Jun-19,12326,617
SUTLEJ,Islam,22-Jun-19,1999,799
INDUS,Kalabagh,22-Jun-19,179962,172962
INDUS,Chashma,22-Jun-19,156680,150180
INDUS,Taunsa,22-Jun-19,150317,136270
INDUS,Guddu,22-Jun-19,119756,88163
INDUS,Sukkar,22-Jun-19,79605,37010
INDUS,Kotri,22-Jun-19,18565,NiL
JHELUM,Kotli,22-Jun-19,0,4270
JHELUM,Mangla,22-Jun-19,55000,104943
JHELUM,Rasul,22-Jun-19,107573,85548
CHENAB,Jammu Tavi,22-Jun-19,0,0
CHENAB,Marala,22-Jun-19,38261,7738
CHENAB,Khanki,22-Jun-19,9321,1821
CHENAB,Qadirabad,22-Jun-19,24399,5399
CHENAB,Trimmu,22-Jun-19,64196,52596
CHENAB,Punjnad,22-Jun-19,26535,12235
RAVI,Jassar,22-Jun-19,0,1941
RAVI,Balloki,22-Jun-19,33655,6455
RAVI,Sidhnai,22-Jun-19,14372,1322
SUTLEJ,Sulemanki,22-Jun-19,11612,NiL
SUTLEJ,Islam,22-Jun-19,1500,NiL
INDUS,Kalabagh,22-Jun-19,166454,159454
INDUS,Chashma,22-Jun-19,157654,150034
INDUS,Taunsa,22-Jun-19,156111,138554
INDUS,Guddu,22-Jun-19,122367,90329
INDUS,Sukkar,22-Jun-19,76605,34630
INDUS,Kotri,22-Jun-19,18355,Nil
JHELUM,Kotli,22-Jun-19,-,3900
JHELUM,Mangla,22-Jun-19,53000,105150
JHELUM,Rasul,22-Jun-19,107573,85548
CHENAB,Jammu Tavi,22-Jun-19,-,-
CHENAB,Marala,22-Jun-19,38261,7738
CHENAB,Khanki,22-Jun-19,11142,3642
CHENAB,Qadirabad,22-Jun-19,28324,9324
CHENAB,Trimmu,22-Jun-19,63967,52596
CHENAB,Punjnad,22-Jun-19,25390,10890
RAVI,Jassar,22-Jun-19,-,1753
RAVI,Balloki,22-Jun-19,33970,9970
RAVI,Sidhnai,22-Jun-19,13922,1322
SUTLEJ,Sulemanki,22-Jun-19,11417,Nil
SUTLEJ,Islam,22-Jun-19,1500,Nil
INDUS,Kalabagh,23-Jun-19,149779,142779
INDUS,Chashma,23-Jun-19,157537,149917
INDUS,Taunsa,23-Jun-19,150317,136270
INDUS,Guddu,23-Jun-19,120931,89188
INDUS,Sukkar,23-Jun-19,79605,37010
INDUS,Kotri,23-Jun-19,18565,Nil
JHELUM,Kotli,23-Jun-19,-,3780
JHELUM,Mangla,23-Jun-19,51000,105150
JHELUM,Rasul,23-Jun-19,107573,85548
CHENAB,Jammu Tavi,23-Jun-19,-,-
CHENAB,Marala,23-Jun-19,42035,11512
CHENAB,Khanki,23-Jun-19,13896,6396
CHENAB,Qadirabad,23-Jun-19,28324,9324
CHENAB,Trimmu,23-Jun-19,64196,52596
CHENAB,Punjnad,23-Jun-19,25390,10890
RAVI,Jassar,23-Jun-19,-,1753
RAVI,Balloki,23-Jun-19,33410,8210
RAVI,Sidhnai,23-Jun-19,13922,1322
SUTLEJ,Sulemanki,23-Jun-19,11612,Nil
SUTLEJ,Islam,23-Jun-19,1500,Nil
INDUS,Kalabagh,23-Jun-19,160585,153585
INDUS,Chashma,23-Jun-19,156437,149937
INDUS,Taunsa,23-Jun-19,150317,136270
INDUS,Guddu,23-Jun-19,120931,89188
INDUS,Sukkar,23-Jun-19,79605,37010
INDUS,Kotri,23-Jun-19,18565,Nil
JHELUM,Kotli,23-Jun-19,-,4020
JHELUM,Mangla,23-Jun-19,56000,104943
JHELUM,Rasul,23-Jun-19,107573,85548
CHENAB,Jammu Tavi,23-Jun-19,-,-
CHENAB,Marala,23-Jun-19,42035,11512
CHENAB,Khanki,23-Jun-19,12963,5463
CHENAB,Qadirabad,23-Jun-19,24399,5399
CHENAB,Trimmu,23-Jun-19,64196,52596
CHENAB,Punjnad,23-Jun-19,26535,12235
RAVI,Jassar,23-Jun-19,-,1847
RAVI,Balloki,23-Jun-19,34610,8210
RAVI,Sidhnai,23-Jun-19,14583,1983
SUTLEJ,Sulemanki,23-Jun-19,11612,Nil
SUTLEJ,Islam,23-Jun-19,1500,Nil
INDUS,Kalabagh,23-Jun-19,179962,172962
INDUS,Chashma,23-Jun-19,156680,150180
INDUS,Taunsa,23-Jun-19,150317,136270
INDUS,Guddu,23-Jun-19,119756,88163
INDUS,Sukkar,23-Jun-19,79605,37010
INDUS,Kotri,23-Jun-19,18565,NiL
JHELUM,Kotli,23-Jun-19,0,4270
JHELUM,Mangla,23-Jun-19,55000,104943
JHELUM,Rasul,23-Jun-19,107573,85548
CHENAB,Jammu Tavi,23-Jun-19,0,0
CHENAB,Marala,23-Jun-19,38261,7738
CHENAB,Khanki,23-Jun-19,9321,1821
CHENAB,Qadirabad,23-Jun-19,24399,5399
CHENAB,Trimmu,23-Jun-19,64196,52596
CHENAB,Punjnad,23-Jun-19,26535,12235
RAVI,Jassar,23-Jun-19,0,1941
RAVI,Balloki,23-Jun-19,33655,6455
RAVI,Sidhnai,23-Jun-19,14372,1322
SUTLEJ,Sulemanki,23-Jun-19,11612,NiL
SUTLEJ,Islam,23-Jun-19,1500,NiL
INDUS,Kalabagh,23-Jun-19,193604,186604
INDUS,Chashma,23-Jun-19,156494,149994
INDUS,Taunsa,23-Jun-19,150317,136270
INDUS,Guddu,23-Jun-19,119756,88163
INDUS,Sukkar,23-Jun-19,79605,37010
INDUS,Kotri,23-Jun-19,18565,NiL
JHELUM,Kotli,23-Jun-19,,4270
JHELUM,Mangla,23-Jun-19,52000,104943
JHELUM,Rasul,23-Jun-19,108457,86432
CHENAB,Jammu Tavi,23-Jun-19,,
CHENAB,Marala,23-Jun-19,42035,11512
CHENAB,Khanki,23-Jun-19,12963,5463
CHENAB,Qadirabad,23-Jun-19,24399,5399
CHENAB,Trimmu,23-Jun-19,63996,52596
CHENAB,Punjnad,23-Jun-19,26535,12235
RAVI,Jassar,23-Jun-19,,2035
RAVI,Balloki,23-Jun-19,34055,6455
RAVI,Sidhnai,23-Jun-19,15172,1322
SUTLEJ,Sulemanki,23-Jun-19,11612,NiL
SUTLEJ,Islam,23-Jun-19,1500,NiL
INDUS,Kalabagh,24-Jun-19,168363,161363
INDUS,Chashma,24-Jun-19,157552,149814
INDUS,Taunsa,24-Jun-19,154430,139468
INDUS,Guddu,24-Jun-19,117865,86122
INDUS,Sukkar,24-Jun-19,81165,38190
INDUS,Kotri,24-Jun-19,18565,NiL
JHELUM,Kotli,24-Jun-19,,5640
JHELUM,Mangla,24-Jun-19,50000,101519
JHELUM,Rasul,24-Jun-19,108457,86432
CHENAB,Jammu Tavi,24-Jun-19,,
CHENAB,Marala,24-Jun-19,42035,11512
CHENAB,Khanki,24-Jun-19,11142,3642
CHENAB,Qadirabad,24-Jun-19,21749,2749
CHENAB,Trimmu,24-Jun-19,65404,54004
CHENAB,Punjnad,24-Jun-19,31723,17423
RAVI,Jassar,24-Jun-19,,2129
RAVI,Balloki,24-Jun-19,34055,6455
RAVI,Sidhnai,24-Jun-19,14422,1322
SUTLEJ,Sulemanki,24-Jun-19,11612,NiL
SUTLEJ,Islam,24-Jun-19,1000,NiL
INDUS,Kalabagh,24-Jun-19,168363,161363
INDUS,Chashma,24-Jun-19,157781,150043
INDUS,Taunsa,24-Jun-19,154430,139468
INDUS,Guddu,24-Jun-19,117865,86122
INDUS,Sukkar,24-Jun-19,81165,38190
INDUS,Kotri,24-Jun-19,18565,Nil
JHELUM,Kotli,24-Jun-19,-,4400
JHELUM,Mangla,24-Jun-19,50900,101521
JHELUM,Rasul,24-Jun-19,108457,86432
CHENAB,Jammu Tavi,24-Jun-19,-,-
CHENAB,Marala,24-Jun-19,45809,15286
CHENAB,Khanki,24-Jun-19,9321,1821
CHENAB,Qadirabad,24-Jun-19,23074,4074
CHENAB,Trimmu,24-Jun-19,65404,54004
CHENAB,Punjnad,24-Jun-19,32672,17972
RAVI,Jassar,24-Jun-19,-,1941
RAVI,Balloki,24-Jun-19,35810,8210
RAVI,Sidhnai,24-Jun-19,14622,1322
SUTLEJ,Sulemanki,24-Jun-19,11612,Nil
SUTLEJ,Islam,24-Jun-19,1000,Nil
INDUS,Kalabagh,24-Jun-19,169451,162451
INDUS,Chashma,24-Jun-19,157948,150033
INDUS,Taunsa,24-Jun-19,154430,139468
INDUS,Guddu,24-Jun-19,117865,86122
INDUS,Sukkar,24-Jun-19,81165,38190
INDUS,Kotri,24-Jun-19,18565,NiL
JHELUM,Kotli,24-Jun-19,-,4150
JHELUM,Mangla,24-Jun-19,56200,101521
JHELUM,Rasul,24-Jun-19,105683,83658
CHENAB,Jammu Tavi,24-Jun-19,-,-
CHENAB,Marala,24-Jun-19,45809,15286
CHENAB,Khanki,24-Jun-19,14784,7284
CHENAB,Qadirabad,24-Jun-19,20350,NiL
CHENAB,Trimmu,24-Jun-19,68619,57219
CHENAB,Punjnad,24-Jun-19,32672,17972
RAVI,Jassar,24-Jun-19,-,2129
RAVI,Balloki,24-Jun-19,35810,8210
RAVI,Sidhnai,24-Jun-19,13961,661
SUTLEJ,Sulemanki,24-Jun-19,11612,NiL
SUTLEJ,Islam,24-Jun-19,400,NiL
INDUS,Kalabagh,24-Jun-19,176143,169143
INDUS,Chashma,24-Jun-19,182139,175639
INDUS,Taunsa,24-Jun-19,154430,139468
INDUS,Guddu,24-Jun-19,117865,86122
INDUS,Sukkar,24-Jun-19,81165,38190
INDUS,Kotri,24-Jun-19,18565,Nil
JHELUM,Kotli,24-Jun-19,-,4020
JHELUM,Mangla,24-Jun-19,56000,110295
JHELUM,Rasul,24-Jun-19,105683,83658
CHENAB,Jammu Tavi,24-Jun-19,-,-
CHENAB,Marala,24-Jun-19,45809,15286
CHENAB,Khanki,24-Jun-19,14784,7284
CHENAB,Qadirabad,24-Jun-19,24224,2749
CHENAB,Trimmu,24-Jun-19,68942,57219
CHENAB,Punjnad,24-Jun-19,32672,17972
RAVI,Jassar,24-Jun-19,-,2382
RAVI,Balloki,24-Jun-19,36210,8210
RAVI,Sidhnai,24-Jun-19,14461,661
SUTLEJ,Sulemanki,24-Jun-19,11661,NR
SUTLEJ,Islam,24-Jun-19,400,NR
INDUS,Kalabagh,25-Jun-19,171378,164378
INDUS,Chashma,25-Jun-19,182355,175855
INDUS,Taunsa,25-Jun-19,154430,139421
INDUS,Guddu,25-Jun-19,122066,88169
INDUS,Sukkar,25-Jun-19,78215,36100
INDUS,Kotri,25-Jun-19,18565,NR
JHELUM,Kotli,25-Jun-19,-,3900
JHELUM,Mangla,25-Jun-19,58000,105895
JHELUM,Rasul,25-Jun-19,105683,83658
CHENAB,Jammu Tavi,25-Jun-19,-,-
CHENAB,Marala,25-Jun-19,49583,19060
CHENAB,Khanki,25-Jun-19,14784,7284
CHENAB,Qadirabad,25-Jun-19,26074,4074
CHENAB,Trimmu,25-Jun-19,69619,57219
CHENAB,Punjnad,25-Jun-19,32672,17972
RAVI,Jassar,25-Jun-19,-,2635
RAVI,Balloki,25-Jun-19,36410,8210
RAVI,Sidhnai,25-Jun-19,14461,661
SUTLEJ,Sulemanki,25-Jun-19,12901,1240
SUTLEJ,Islam,25-Jun-19,400,NR
INDUS,Kalabagh,25-Jun-19,171378,164378
INDUS,Chashma,25-Jun-19,166530,160030
INDUS,Taunsa,25-Jun-19,154430,139421
INDUS,Guddu,25-Jun-19,123049,89630
INDUS,Sukkar,25-Jun-19,78215,36100
INDUS,Kotri,25-Jun-19,18565,NiL
JHELUM,Kotli,25-Jun-19,-,3780
JHELUM,Mangla,25-Jun-19,58300,95563
JHELUM,Rasul,25-Jun-19,105683,83658
CHENAB,Jammu Tavi,25-Jun-19,-,-
CHENAB,Marala,25-Jun-19,49583,19060
CHENAB,Khanki,25-Jun-19,20255,12755
CHENAB,Qadirabad,25-Jun-19,26074,4074
CHENAB,Trimmu,25-Jun-19,69619,57219
CHENAB,Punjnad,25-Jun-19,36152,23052
RAVI,Jassar,25-Jun-19,-,1847
RAVI,Balloki,25-Jun-19,35855,6455
RAVI,Sidhnai,25-Jun-19,15422,1322
SUTLEJ,Sulemanki,25-Jun-19,12901,1240
SUTLEJ,Islam,25-Jun-19,400,NiL
INDUS,Kalabagh,25-Jun-19,194735,187335
INDUS,Chashma,25-Jun-19,166488,159988
INDUS,Taunsa,25-Jun-19,154430,139421
INDUS,Guddu,25-Jun-19,123930,90033
INDUS,Sukkar,25-Jun-19,78215,36100
INDUS,Kotri,25-Jun-19,18565,Nil
JHELUM,Kotli,25-Jun-19,-,3780
JHELUM,Mangla,25-Jun-19,56000,79141
JHELUM,Rasul,25-Jun-19,105683,83658
CHENAB,Jammu Tavi,25-Jun-19,-,-
CHENAB,Marala,25-Jun-19,45809,15286
CHENAB,Khanki,25-Jun-19,20255,12755
CHENAB,Qadirabad,25-Jun-19,30027,8027
CHENAB,Trimmu,25-Jun-19,70505,57219
CHENAB,Punjnad,25-Jun-19,36152,23052
RAVI,Jassar,25-Jun-19,-,1753
RAVI,Balloki,25-Jun-19,35580,5580
RAVI,Sidhnai,25-Jun-19,15395,995
SUTLEJ,Sulemanki,25-Jun-19,13149,1240
SUTLEJ,Islam,25-Jun-19,400,Nil
INDUS,Kalabagh,25-Jun-19,204067,196067
INDUS,Chashma,25-Jun-19,166666,160166
INDUS,Taunsa,25-Jun-19,154430,139421
INDUS,Guddu,25-Jun-19,123049,89630
INDUS,Sukkar,25-Jun-19,78215,36100
INDUS,Kotri,25-Jun-19,18565,NR
JHELUM,Kotli,25-Jun-19,-,3900
JHELUM,Mangla,25-Jun-19,56000,78197
JHELUM,Rasul,25-Jun-19,111591,89566
CHENAB,Jammu Tavi,25-Jun-19,-,-
CHENAB,Marala,25-Jun-19,45809,15286
CHENAB,Khanki,25-Jun-19,21332,13832
CHENAB,Qadirabad,25-Jun-19,27399,5399
CHENAB,Trimmu,25-Jun-19,70657,57219
CHENAB,Punjnad,25-Jun-19,36152,23052
RAVI,Jassar,25-Jun-19,-,1941
RAVI,Balloki,25-Jun-19,35580,5580
RAVI,Sidhnai,25-Jun-19,15595,995
SUTLEJ,Sulemanki,25-Jun-19,13149,1240
SUTLEJ,Islam,25-Jun-19,NIL,NR
INDUS,Kalabagh,26-Jun-19,173333,165333
INDUS,Chashma,26-Jun-19,166118,159618
INDUS,Taunsa,26-Jun-19,146265,131521
INDUS,Guddu,26-Jun-19,123930,90033
INDUS,Sukkar,26-Jun-19,76701,36006
INDUS,Kotri,26-Jun-19,19165,NR
JHELUM,Kotli,26-Jun-19,-,3780
JHELUM,Mangla,26-Jun-19,55000,73689
JHELUM,Rasul,26-Jun-19,103629,81604
CHENAB,Jammu Tavi,26-Jun-19,-,-
CHENAB,Marala,26-Jun-19,45809,15286
CHENAB,Khanki,26-Jun-19,22446,14946
CHENAB,Qadirabad,26-Jun-19,30027,8027
CHENAB,Trimmu,26-Jun-19,72135,58535
CHENAB,Punjnad,26-Jun-19,37652,23052
RAVI,Jassar,26-Jun-19,-,2035
RAVI,Balloki,26-Jun-19,36455,6455
RAVI,Sidhnai,26-Jun-19,15595,995
SUTLEJ,Sulemanki,26-Jun-19,13149,1240
SUTLEJ,Islam,26-Jun-19,NR,NR
INDUS,Kalabagh,26-Jun-19,173333,165333
INDUS,Chashma,26-Jun-19,183710,177210
INDUS,Taunsa,26-Jun-19,146265,131521
INDUS,Guddu,26-Jun-19,123930,90033
INDUS,Sukkar,26-Jun-19,76701,36006
INDUS,Kotri,26-Jun-19,19165,Nil
JHELUM,Kotli,26-Jun-19,-,4150
JHELUM,Mangla,26-Jun-19,55000,86985
JHELUM,Rasul,26-Jun-19,91213,69188
CHENAB,Jammu Tavi,26-Jun-19,-,-
CHENAB,Marala,26-Jun-19,49583,19060
CHENAB,Khanki,26-Jun-19,21332,13832
CHENAB,Qadirabad,26-Jun-19,30027,8027
CHENAB,Trimmu,26-Jun-19,72135,58535
CHENAB,Punjnad,26-Jun-19,38542,23942
RAVI,Jassar,26-Jun-19,-,1753
RAVI,Balloki,26-Jun-19,36455,6455
RAVI,Sidhnai,26-Jun-19,16583,1983
SUTLEJ,Sulemanki,26-Jun-19,13149,1240
SUTLEJ,Islam,26-Jun-19,Nil,Nil
INDUS,Kalabagh,26-Jun-19,201004,193004
INDUS,Chashma,26-Jun-19,183735,177235
INDUS,Taunsa,26-Jun-19,146265,131521
INDUS,Guddu,26-Jun-19,123930,90033
INDUS,Sukkar,26-Jun-19,76701,36006
INDUS,Kotri,26-Jun-19,19165,NiL
JHELUM,Kotli,26-Jun-19,-,4020
JHELUM,Mangla,26-Jun-19,54000,65207
JHELUM,Rasul,26-Jun-19,77308,55283
CHENAB,Jammu Tavi,26-Jun-19,-,-
CHENAB,Marala,26-Jun-19,49583,19060
CHENAB,Khanki,26-Jun-19,15717,8217
CHENAB,Qadirabad,26-Jun-19,32614,10614
CHENAB,Trimmu,26-Jun-19,74320,60720
CHENAB,Punjnad,26-Jun-19,38542,23942
RAVI,Jassar,26-Jun-19,-,1660
RAVI,Balloki,26-Jun-19,36455,6455
RAVI,Sidhnai,26-Jun-19,16583,1983
SUTLEJ,Sulemanki,26-Jun-19,13198,1240
SUTLEJ,Islam,26-Jun-19,NiL,NiL
INDUS,Kalabagh,26-Jun-19,197244,189244
INDUS,Chashma,26-Jun-19,183505,177005
INDUS,Taunsa,26-Jun-19,146265,131521
INDUS,Guddu,26-Jun-19,123930,90033
INDUS,Sukkar,26-Jun-19,76701,36006
INDUS,Kotri,26-Jun-19,19165,NR
JHELUM,Kotli,26-Jun-19,-,3900
JHELUM,Mangla,26-Jun-19,51000,63373
JHELUM,Rasul,26-Jun-19,77308,55283
CHENAB,Jammu Tavi,26-Jun-19,-,-
CHENAB,Marala,26-Jun-19,49583,19060
CHENAB,Khanki,26-Jun-19,21500,13832
CHENAB,Qadirabad,26-Jun-19,30027,8027
CHENAB,Trimmu,26-Jun-19,74519,60919
CHENAB,Punjnad,26-Jun-19,38542,23942
RAVI,Jassar,26-Jun-19,-,1847
RAVI,Balloki,26-Jun-19,36255,6455
RAVI,Sidhnai,26-Jun-19,15822,1322
SUTLEJ,Sulemanki,26-Jun-19,13246,1240
SUTLEJ,Islam,26-Jun-19,NIL,NR
INDUS,Kalabagh,27-Jun-19,169677,161677
INDUS,Chashma,27-Jun-19,182965,176465
INDUS,Taunsa,27-Jun-19,149536,134434
INDUS,Guddu,27-Jun-19,125604,91707
INDUS,Sukkar,27-Jun-19,78115,37020
INDUS,Kotri,27-Jun-19,20650,NR
JHELUM,Kotli,27-Jun-19,-,3780
JHELUM,Mangla,27-Jun-19,51000,58873
JHELUM,Rasul,27-Jun-19,65160,43135
CHENAB,Jammu Tavi,27-Jun-19,-,-
CHENAB,Marala,27-Jun-19,53357,22834
CHENAB,Khanki,27-Jun-19,20423,12755
CHENAB,Qadirabad,27-Jun-19,32614,10614
CHENAB,Trimmu,27-Jun-19,75080,61480
CHENAB,Punjnad,27-Jun-19,38542,23942
RAVI,Jassar,27-Jun-19,-,1941
RAVI,Balloki,27-Jun-19,37855,6455
RAVI,Sidhnai,27-Jun-19,16483,1983
SUTLEJ,Sulemanki,27-Jun-19,13246,1240
SUTLEJ,Islam,27-Jun-19,NR,NR
INDUS,Kalabagh,27-Jun-19,185403,177403
INDUS,Chashma,27-Jun-19,181475,174975
INDUS,Taunsa,27-Jun-19,149536,134434
INDUS,Guddu,27-Jun-19,125604,91707
INDUS,Sukkar,27-Jun-19,78115,37020
INDUS,Kotri,27-Jun-19,20650,NiL
JHELUM,Kotli,27-Jun-19,-,3900
JHELUM,Mangla,27-Jun-19,50000,66919
JHELUM,Rasul,27-Jun-19,72970,50945
CHENAB,Jammu Tavi,27-Jun-19,-,-
CHENAB,Marala,27-Jun-19,45809,15286
CHENAB,Khanki,27-Jun-19,16087,8419
CHENAB,Qadirabad,27-Jun-19,31324,9324
CHENAB,Trimmu,27-Jun-19,75080,61480
CHENAB,Punjnad,27-Jun-19,41173,26473
RAVI,Jassar,27-Jun-19,-,1847
RAVI,Balloki,27-Jun-19,37580,5580
RAVI,Sidhnai,27-Jun-19,16483,1983
SUTLEJ,Sulemanki,27-Jun-19,13246,1240
SUTLEJ,Islam,27-Jun-19,NiL,NiL
INDUS,Kalabagh,27-Jun-19,197384,189384
INDUS,Chashma,27-Jun-19,174580,168080
INDUS,Taunsa,27-Jun-19,149536,134434
INDUS,Guddu,27-Jun-19,125604,91707
INDUS,Sukkar,27-Jun-19,78115,37020
INDUS,Kotri,27-Jun-19,20650,NiL
JHELUM,Kotli,27-Jun-19,-,3780
JHELUM,Mangla,27-Jun-19,50000,71419
JHELUM,Rasul,27-Jun-19,65160,43135
CHENAB,Jammu Tavi,27-Jun-19,-,-
CHENAB,Marala,27-Jun-19,45809,15286
CHENAB,Khanki,27-Jun-19,25189,17521
CHENAB,Qadirabad,27-Jun-19,27399,5399
CHENAB,Trimmu,27-Jun-19,75080,61480
CHENAB,Punjnad,27-Jun-19,41123,26473
RAVI,Jassar,27-Jun-19,-,1566
RAVI,Balloki,27-Jun-19,37880,5580
RAVI,Sidhnai,27-Jun-19,17144,2644
SUTLEJ,Sulemanki,27-Jun-19,13246,1240
SUTLEJ,Islam,27-Jun-19,NiL,NiL
INDUS,Kalabagh,27-Jun-19,178720,170720
INDUS,Chashma,27-Jun-19,175784,167869
INDUS,Taunsa,27-Jun-19,149536,134434
INDUS,Guddu,27-Jun-19,125604,91707
INDUS,Sukkar,27-Jun-19,78115,37020
INDUS,Kotri,27-Jun-19,20650,NR
JHELUM,Kotli,27-Jun-19,-,3900
JHELUM,Mangla,27-Jun-19,52000,69274
JHELUM,Rasul,27-Jun-19,61255,39230
CHENAB,Jammu Tavi,27-Jun-19,-,-
CHENAB,Marala,27-Jun-19,49583,19060
CHENAB,Khanki,27-Jun-19,28314,20646
CHENAB,Qadirabad,27-Jun-19,35207,13207
CHENAB,Trimmu,27-Jun-19,75080,61480
CHENAB,Punjnad,27-Jun-19,41123,26473
RAVI,Jassar,27-Jun-19,-,1660
RAVI,Balloki,27-Jun-19,37880,5580
RAVI,Sidhnai,27-Jun-19,15161,661
SUTLEJ,Sulemanki,27-Jun-19,13246,1240
SUTLEJ,Islam,27-Jun-19,NIL,NR
INDUS,Kalabagh,28-Jun-19,151802,143802
INDUS,Chashma,28-Jun-19,174528,168028
INDUS,Taunsa,28-Jun-19,156275,141081
INDUS,Guddu,28-Jun-19,128983,95086
INDUS,Sukkar,28-Jun-19,80055,37755
INDUS,Kotri,28-Jun-19,21320,NR
JHELUM,Kotli,28-Jun-19,-,3900
JHELUM,Mangla,28-Jun-19,51000,67225
JHELUM,Rasul,28-Jun-19,69065,47040
CHENAB,Jammu Tavi,28-Jun-19,-,-
CHENAB,Marala,28-Jun-19,45809,15286
CHENAB,Khanki,28-Jun-19,22902,15234
CHENAB,Qadirabad,28-Jun-19,39049,17049
CHENAB,Trimmu,28-Jun-19,75080,61480
CHENAB,Punjnad,28-Jun-19,41123,26473
RAVI,Jassar,28-Jun-19,-,1753
RAVI,Balloki,28-Jun-19,37880,5580
RAVI,Sidhnai,28-Jun-19,16483,1983
SUTLEJ,Sulemanki,28-Jun-19,13879,4371
SUTLEJ,Islam,28-Jun-19,NR,NR
INDUS,Kalabagh,28-Jun-19,173333,165333
INDUS,Chashma,28-Jun-19,170491,163991
INDUS,Taunsa,28-Jun-19,156257,139812
INDUS,Guddu,28-Jun-19,128983,95086
INDUS,Sukkar,28-Jun-19,80055,37755
INDUS,Kotri,28-Jun-19,21320,NiL
JHELUM,Kotli,28-Jun-19,-,4530
JHELUM,Mangla,28-Jun-19,50000,71725
JHELUM,Rasul,28-Jun-19,69065,47040
CHENAB,Jammu Tavi,28-Jun-19,-,-
CHENAB,Marala,28-Jun-19,45809,15286
CHENAB,Khanki,28-Jun-19,16087,8419
CHENAB,Qadirabad,28-Jun-19,33928,11328
CHENAB,Trimmu,28-Jun-19,75080,61480
CHENAB,Punjnad,28-Jun-19,41023,26473
RAVI,Jassar,28-Jun-19,-,1660
RAVI,Balloki,28-Jun-19,38080,5580
RAVI,Sidhnai,28-Jun-19,15161,661
SUTLEJ,Sulemanki,28-Jun-19,13879,4371
SUTLEJ,Islam,28-Jun-19,NiL,NiL
INDUS,Kalabagh,28-Jun-19,183494,175494
INDUS,Chashma,28-Jun-19,176716,171880
INDUS,Taunsa,28-Jun-19,156257,139812
INDUS,Guddu,28-Jun-19,128983,95086
INDUS,Sukkar,28-Jun-19,80055,37755
INDUS,Kotri,28-Jun-19,21320,Nil
JHELUM,Kotli,28-Jun-19,-,4150
JHELUM,Mangla,28-Jun-19,50000,45615
JHELUM,Rasul,28-Jun-19,69065,47040
CHENAB,Jammu Tavi,28-Jun-19,-,-
CHENAB,Marala,28-Jun-19,45809,15286
CHENAB,Khanki,28-Jun-19,13266,5598
CHENAB,Qadirabad,28-Jun-19,31324,9324
CHENAB,Trimmu,28-Jun-19,75080,61480
CHENAB,Punjnad,28-Jun-19,41023,26473
RAVI,Jassar,28-Jun-19,-,1753
RAVI,Balloki,28-Jun-19,38080,5580
RAVI,Sidhnai,28-Jun-19,15261,661
SUTLEJ,Sulemanki,28-Jun-19,14908,5400
SUTLEJ,Islam,28-Jun-19,400,Nil
INDUS,Kalabagh,28-Jun-19,197244,189244
INDUS,Chashma,28-Jun-19,176052,170967
INDUS,Taunsa,28-Jun-19,156257,139812
INDUS,Guddu,28-Jun-19,128983,95086
INDUS,Sukkar,28-Jun-19,80055,37755
INDUS,Kotri,28-Jun-19,21320,NR
JHELUM,Kotli,28-Jun-19,-,4150
JHELUM,Mangla,28-Jun-19,50000,31415
JHELUM,Rasul,28-Jun-19,69065,47040
CHENAB,Jammu Tavi,28-Jun-19,-,-
CHENAB,Marala,28-Jun-19,45809,15286
CHENAB,Khanki,28-Jun-19,22902,15234
CHENAB,Qadirabad,28-Jun-19,26074,4074
CHENAB,Trimmu,28-Jun-19,75080,61480
CHENAB,Punjnad,28-Jun-19,41023,26473
RAVI,Jassar,28-Jun-19,-,1941
RAVI,Balloki,28-Jun-19,38080,5580
RAVI,Sidhnai,28-Jun-19,15361,661
SUTLEJ,Sulemanki,28-Jun-19,14908,5400
SUTLEJ,Islam,28-Jun-19,400,NR
INDUS,Kalabagh,29-Jun-19,151802,143802
INDUS,Chashma,29-Jun-19,174528,168028
INDUS,Taunsa,29-Jun-19,156275,141081
INDUS,Guddu,29-Jun-19,128983,95086
INDUS,Sukkar,29-Jun-19,80055,37755
INDUS,Kotri,29-Jun-19,21320,NR
JHELUM,Kotli,29-Jun-19,-,3900
JHELUM,Mangla,29-Jun-19,51000,67225
JHELUM,Rasul,29-Jun-19,69065,47040
CHENAB,Jammu Tavi,29-Jun-19,-,-
CHENAB,Marala,29-Jun-19,45809,15286
CHENAB,Khanki,29-Jun-19,22902,15234
CHENAB,Qadirabad,29-Jun-19,39049,17049
CHENAB,Trimmu,29-Jun-19,75080,61480
CHENAB,Punjnad,29-Jun-19,41123,26473
RAVI,Jassar,29-Jun-19,-,1753
RAVI,Balloki,29-Jun-19,37880,5580
RAVI,Sidhnai,29-Jun-19,16483,1983
SUTLEJ,Sulemanki,29-Jun-19,13879,4371
SUTLEJ,Islam,29-Jun-19,NR,NR
INDUS,Kalabagh,29-Jun-19,174328,166328
INDUS,Chashma,29-Jun-19,176531,170031
INDUS,Taunsa,29-Jun-19,168690,150963
INDUS,Guddu,29-Jun-19,128150,95090
INDUS,Sukkar,29-Jun-19,81240,38200
INDUS,Kotri,29-Jun-19,24075,Nil
JHELUM,Kotli,29-Jun-19,-,4020
JHELUM,Mangla,29-Jun-19,57000,31415
JHELUM,Rasul,29-Jun-19,45635,23610
CHENAB,Jammu Tavi,29-Jun-19,-,-
CHENAB,Marala,29-Jun-19,49583,19060
CHENAB,Khanki,29-Jun-19,15132,7464
CHENAB,Qadirabad,29-Jun-19,31324,9324
CHENAB,Trimmu,29-Jun-19,75080,61480
CHENAB,Punjnad,29-Jun-19,41571,28521
RAVI,Jassar,29-Jun-19,-,1847
RAVI,Balloki,29-Jun-19,38080,5580
RAVI,Sidhnai,29-Jun-19,16022,1322
SUTLEJ,Sulemanki,29-Jun-19,14872,4165
SUTLEJ,Islam,29-Jun-19,1100,Nil
INDUS,Kalabagh,29-Jun-19,196289,188289
INDUS,Chashma,29-Jun-19,176584,170084
INDUS,Taunsa,29-Jun-19,168698,150963
INDUS,Guddu,29-Jun-19,128150,95090
INDUS,Sukkar,29-Jun-19,81240,38200
INDUS,Kotri,29-Jun-19,24075,NIL
JHELUM,Kotli,29-Jun-19,-,4150
JHELUM,Mangla,29-Jun-19,53000,58833
JHELUM,Rasul,29-Jun-19,33920,11895
CHENAB,Jammu Tavi,29-Jun-19,-,-
CHENAB,Marala,29-Jun-19,57131,26608
CHENAB,Khanki,29-Jun-19,229,15234
CHENAB,Qadirabad,29-Jun-19,31324,9324
CHENAB,Trimmu,29-Jun-19,75592,61480
CHENAB,Punjnad,29-Jun-19,45180,30580
RAVI,Jassar,29-Jun-19,-,2035
RAVI,Balloki,29-Jun-19,38955,6455
RAVI,Sidhnai,29-Jun-19,15561,661
SUTLEJ,Sulemanki,29-Jun-19,14872,4165
SUTLEJ,Islam,29-Jun-19,1100,NIL
INDUS,Kalabagh,29-Jun-19,196289,188289
INDUS,Chashma,29-Jun-19,176584,170084
INDUS,Taunsa,29-Jun-19,168698,150963
INDUS,Guddu,29-Jun-19,128150,95090
INDUS,Sukkar,29-Jun-19,81240,38200
INDUS,Kotri,29-Jun-19,24075,NIL
JHELUM,Kotli,29-Jun-19,-,4150
JHELUM,Mangla,29-Jun-19,53000,58833
JHELUM,Rasul,29-Jun-19,33920,11895
CHENAB,Jammu Tavi,29-Jun-19,-,-
CHENAB,Marala,29-Jun-19,57131,26608
CHENAB,Khanki,29-Jun-19,22902,15234
CHENAB,Qadirabad,29-Jun-19,31324,9324
CHENAB,Trimmu,29-Jun-19,75592,61480
CHENAB,Punjnad,29-Jun-19,45180,30580
RAVI,Jassar,29-Jun-19,-,2035
RAVI,Balloki,29-Jun-19,38955,6455
RAVI,Sidhnai,29-Jun-19,15561,661
SUTLEJ,Sulemanki,29-Jun-19,14872,4165
SUTLEJ,Islam,29-Jun-19,1100,NIL
INDUS,Kalabagh,30-Jun-19,163160,155160
INDUS,Chashma,30-Jun-19,176073,169573
INDUS,Taunsa,30-Jun-19,168698,150780
INDUS,Guddu,30-Jun-19,126734,94034
INDUS,Sukkar,30-Jun-19,83025,39415
INDUS,Kotri,30-Jun-19,24975,NIL
JHELUM,Kotli,30-Jun-19,-,3900
JHELUM,Mangla,30-Jun-19,52500,34840
JHELUM,Rasul,30-Jun-19,30015,7990
CHENAB,Jammu Tavi,30-Jun-19,-,-
CHENAB,Marala,30-Jun-19,53357,22834
CHENAB,Khanki,30-Jun-19,22902,15234
CHENAB,Qadirabad,30-Jun-19,31324,9324
CHENAB,Trimmu,30-Jun-19,76080,61480
CHENAB,Punjnad,30-Jun-19,45180,30580
RAVI,Jassar,30-Jun-19,-,2129
RAVI,Balloki,30-Jun-19,38955,6455
RAVI,Sidhnai,30-Jun-19,15561,661
SUTLEJ,Sulemanki,30-Jun-19,14872,4165
SUTLEJ,Islam,30-Jun-19,1100,NIL
INDUS,Kalabagh,30-Jun-19,184449,176449
INDUS,Chashma,30-Jun-19,177854,169939
INDUS,Taunsa,30-Jun-19,168698,150780
INDUS,Guddu,30-Jun-19,126734,94034
INDUS,Sukkar,30-Jun-19,83025,39415
INDUS,Kotri,30-Jun-19,24975,Nil
JHELUM,Kotli,30-Jun-19,-,4660
JHELUM,Mangla,30-Jun-19,51000,31415
JHELUM,Rasul,30-Jun-19,49540,27515
CHENAB,Jammu Tavi,30-Jun-19,-,-
CHENAB,Marala,30-Jun-19,53357,22834
CHENAB,Khanki,30-Jun-19,22902,15234
CHENAB,Qadirabad,30-Jun-19,33928,11928
CHENAB,Trimmu,30-Jun-19,76080,61480
CHENAB,Punjnad,30-Jun-19,45180,30580
RAVI,Jassar,30-Jun-19,-,1847
RAVI,Balloki,30-Jun-19,38955,6455
RAVI,Sidhnai,30-Jun-19,16072,1322
SUTLEJ,Sulemanki,30-Jun-19,14872,4165
SUTLEJ,Islam,30-Jun-19,1100,Nil
INDUS,Kalabagh,30-Jun-19,194380,186380
INDUS,Chashma,30-Jun-19,176480,169980
INDUS,Taunsa,30-Jun-19,168698,150780
INDUS,Guddu,30-Jun-19,129063,95173
INDUS,Sukkar,30-Jun-19,83025,39415
INDUS,Kotri,30-Jun-19,24975,NIL
JHELUM,Kotli,30-Jun-19,-,4270
JHELUM,Mangla,30-Jun-19,52000,49701
JHELUM,Rasul,30-Jun-19,53445,31420
CHENAB,Jammu Tavi,30-Jun-19,-,-
CHENAB,Marala,30-Jun-19,57131,26608
CHENAB,Khanki,30-Jun-19,28314,20646
CHENAB,Qadirabad,30-Jun-19,33928,11928
CHENAB,Trimmu,30-Jun-19,76080,61480
CHENAB,Punjnad,30-Jun-19,45180,30580
RAVI,Jassar,30-Jun-19,-,2035
RAVI,Balloki,30-Jun-19,38080,5580
RAVI,Sidhnai,30-Jun-19,17319,2644
SUTLEJ,Sulemanki,30-Jun-19,14701,3548
SUTLEJ,Islam,30-Jun-19,1100,NIL
INDUS,Kalabagh,30-Jun-19,194380,186380
INDUS,Chashma,30-Jun-19,176586,170086
INDUS,Taunsa,30-Jun-19,168698,150780
INDUS,Guddu,30-Jun-19,129063,95173
INDUS,Sukkar,30-Jun-19,83025,39415
INDUS,Kotri,30-Jun-19,24975,NIL
JHELUM,Kotli,30-Jun-19,-,4150
JHELUM,Mangla,30-Jun-19,52000,49701
JHELUM,Rasul,30-Jun-19,33920,11895
CHENAB,Jammu Tavi,30-Jun-19,-,-
CHENAB,Marala,30-Jun-19,60905,30382
CHENAB,Khanki,30-Jun-19,30135,22467
CHENAB,Qadirabad,30-Jun-19,37787,15787
CHENAB,Trimmu,30-Jun-19,74049,59449
CHENAB,Punjnad,30-Jun-19,45180,30580
RAVI,Jassar,30-Jun-19,-,2129
RAVI,Balloki,30-Jun-19,38080,5580
RAVI,Sidhnai,30-Jun-19,17419,2644
SUTLEJ,Sulemanki,30-Jun-19,14701,3548
SUTLEJ,Islam,30-Jun-19,1100,NIL
INDUS,Kalabagh,01-Jul-19,154666,146666
INDUS,Chashma,01-Jul-19,175942,169442
INDUS,Taunsa,01-Jul-19,168698,150780
INDUS,Guddu,01-Jul-19,131365,96300
INDUS,Sukkar,01-Jul-19,82730,39450
INDUS,Kotri,01-Jul-19,24975,NIL
JHELUM,Kotli,01-Jul-19,-,4020
JHELUM,Mangla,01-Jul-19,55000,31415
JHELUM,Rasul,01-Jul-19,27366,5341
CHENAB,Jammu Tavi,01-Jul-19,-,-
CHENAB,Marala,01-Jul-19,53357,22834
CHENAB,Khanki,01-Jul-19,26253,18585
CHENAB,Qadirabad,01-Jul-19,40353,18353
CHENAB,Trimmu,01-Jul-19,74049,59449
CHENAB,Punjnad,01-Jul-19,45180,30580
RAVI,Jassar,01-Jul-19,-,2382
RAVI,Balloki,01-Jul-19,38080,5580
RAVI,Sidhnai,01-Jul-19,17419,2644
SUTLEJ,Sulemanki,01-Jul-19,14701,3548
SUTLEJ,Islam,01-Jul-19,2581,1481
INDUS,Kalabagh,01-Jul-19,176197,168197
INDUS,Chashma,01-Jul-19,182800,176300
INDUS,Taunsa,01-Jul-19,168698,150780
INDUS,Guddu,01-Jul-19,13393,96858
INDUS,Sukkar,01-Jul-19,82730,39450
INDUS,Kotri,01-Jul-19,24625,NIL
JHELUM,Kotli,01-Jul-19,-,4150
JHELUM,Mangla,01-Jul-19,53000,31415
JHELUM,Rasul,01-Jul-19,45635,23610
CHENAB,Jammu Tavi,01-Jul-19,-,-
CHENAB,Marala,01-Jul-19,49583,19060
CHENAB,Khanki,01-Jul-19,30257,22467
CHENAB,Qadirabad,01-Jul-19,40353,18353
CHENAB,Trimmu,01-Jul-19,74049,59449
CHENAB,Punjnad,01-Jul-19,45972,31572
RAVI,Jassar,01-Jul-19,-,1753
RAVI,Balloki,01-Jul-19,38080,5580
RAVI,Sidhnai,01-Jul-19,16097,1322
SUTLEJ,Sulemanki,01-Jul-19,15005,3548
SUTLEJ,Islam,01-Jul-19,2581,1481
INDUS,Kalabagh,01-Jul-19,197244,189244
INDUS,Chashma,01-Jul-19,182823,176323
INDUS,Taunsa,01-Jul-19,168698,150780
INDUS,Guddu,01-Jul-19,134048,97513
INDUS,Sukkar,01-Jul-19,82730,39450
INDUS,Kotri,01-Jul-19,24625,Nil
JHELUM,Kotli,01-Jul-19,-,4020
JHELUM,Mangla,01-Jul-19,54000,33889
JHELUM,Rasul,01-Jul-19,45635,23610
CHENAB,Jammu Tavi,01-Jul-19,-,-
CHENAB,Marala,01-Jul-19,42235,11512
CHENAB,Khanki,01-Jul-19,40880,33090
CHENAB,Qadirabad,01-Jul-19,40353,18353
CHENAB,Trimmu,01-Jul-19,74049,59449
CHENAB,Punjnad,01-Jul-19,45972,31572
RAVI,Jassar,01-Jul-19,-,1660
RAVI,Balloki,01-Jul-19,38080,5580
RAVI,Sidhnai,01-Jul-19,16883,1983
SUTLEJ,Sulemanki,01-Jul-19,14250,2743
SUTLEJ,Islam,01-Jul-19,2581,1481
INDUS,Kalabagh,01-Jul-19,197244,189244
INDUS,Chashma,01-Jul-19,182133,175633
INDUS,Taunsa,01-Jul-19,168698,150780
INDUS,Guddu,01-Jul-19,134048,97513
INDUS,Sukkar,01-Jul-19,82730,39450
INDUS,Kotri,01-Jul-19,24625,NR
JHELUM,Kotli,01-Jul-19,-,3900
JHELUM,Mangla,01-Jul-19,54000,49921
JHELUM,Rasul,01-Jul-19,33920,11895
CHENAB,Jammu Tavi,01-Jul-19,-,-
CHENAB,Marala,01-Jul-19,57331,26608
CHENAB,Khanki,01-Jul-19,31190,23400
CHENAB,Qadirabad,01-Jul-19,50476,28476
CHENAB,Trimmu,01-Jul-19,61702,47102
CHENAB,Punjnad,01-Jul-19,45942,31572
RAVI,Jassar,01-Jul-19,-,1566
RAVI,Balloki,01-Jul-19,38080,5580
RAVI,Sidhnai,01-Jul-19,16883,1983
SUTLEJ,Sulemanki,01-Jul-19,14250,2743
SUTLEJ,Islam,01-Jul-19,2581,1481
INDUS,Kalabagh,02-Jul-19,176277,168277
INDUS,Chashma,02-Jul-19,182522,176022
INDUS,Taunsa,02-Jul-19,168698,150692
INDUS,Guddu,02-Jul-19,138195,100658
INDUS,Sukkar,02-Jul-19,84430,40060
INDUS,Kotri,02-Jul-19,24635,NiL
JHELUM,Kotli,02-Jul-19,-,4020
JHELUM,Mangla,02-Jul-19,55000,31415
JHELUM,Rasul,02-Jul-19,30015,7990
CHENAB,Jammu Tavi,02-Jul-19,-,-
CHENAB,Marala,02-Jul-19,57331,26608
CHENAB,Khanki,02-Jul-19,23024,15234
CHENAB,Qadirabad,02-Jul-19,50476,28476
CHENAB,Trimmu,02-Jul-19,61702,47102
CHENAB,Punjnad,02-Jul-19,45942,31572
RAVI,Jassar,02-Jul-19,-,1847
RAVI,Balloki,02-Jul-19,38080,5580
RAVI,Sidhnai,02-Jul-19,15561,661
SUTLEJ,Sulemanki,02-Jul-19,14250,2743
SUTLEJ,Islam,02-Jul-19,2931,1481
INDUS,Kalabagh,02-Jul-19,186438,178438
INDUS,Chashma,02-Jul-19,181459,174959
INDUS,Taunsa,02-Jul-19,168698,150692
INDUS,Guddu,02-Jul-19,138195,100658
INDUS,Sukkar,02-Jul-19,84430,40060
INDUS,Kotri,02-Jul-19,24985,Nil
JHELUM,Kotli,02-Jul-19,-,4400
JHELUM,Mangla,02-Jul-19,51500,31415
JHELUM,Rasul,02-Jul-19,37825,15800
CHENAB,Jammu Tavi,02-Jul-19,-,-
CHENAB,Marala,02-Jul-19,46009,15286
CHENAB,Khanki,02-Jul-19,29309,21519
CHENAB,Qadirabad,02-Jul-19,37787,15787
CHENAB,Trimmu,02-Jul-19,59758,45158
CHENAB,Punjnad,02-Jul-19,45942,31572
RAVI,Jassar,02-Jul-19,-,1753
RAVI,Balloki,02-Jul-19,38955,6455
RAVI,Sidhnai,02-Jul-19,14900,NiL
SUTLEJ,Sulemanki,02-Jul-19,14250,2743
SUTLEJ,Islam,02-Jul-19,2931,1481
INDUS,Kalabagh,02-Jul-19,193505,185505
INDUS,Chashma,02-Jul-19,181541,175041
INDUS,Taunsa,02-Jul-19,168968,150692
INDUS,Guddu,02-Jul-19,139077,101344
INDUS,Sukkar,02-Jul-19,84430,40060
INDUS,Kotri,02-Jul-19,24985,Nil
JHELUM,Kotli,02-Jul-19,-,4150
JHELUM,Mangla,02-Jul-19,54000,38825
JHELUM,Rasul,02-Jul-19,41730,19705
CHENAB,Jammu Tavi,02-Jul-19,-,-
CHENAB,Marala,02-Jul-19,49783,19060
CHENAB,Khanki,02-Jul-19,27422,19632
CHENAB,Qadirabad,02-Jul-19,33928,11928
CHENAB,Trimmu,02-Jul-19,48417,33817
CHENAB,Punjnad,02-Jul-19,45742,31572
RAVI,Jassar,02-Jul-19,-,1660
RAVI,Balloki,02-Jul-19,38955,6455
RAVI,Sidhnai,02-Jul-19,14900,Nil
SUTLEJ,Sulemanki,02-Jul-19,15611,3908
SUTLEJ,Islam,02-Jul-19,2931,1481
INDUS,Kalabagh,02-Jul-19,176577,168277
INDUS,Chashma,02-Jul-19,181505,175005
INDUS,Taunsa,02-Jul-19,168698,150692
INDUS,Guddu,02-Jul-19,139077,101344
INDUS,Sukkar,02-Jul-19,84430,40060
INDUS,Kotri,02-Jul-19,24985,NR
JHELUM,Kotli,02-Jul-19,-,4150
JHELUM,Mangla,02-Jul-19,52000,50139
JHELUM,Rasul,02-Jul-19,33920,11895
CHENAB,Jammu Tavi,02-Jul-19,-,-
CHENAB,Marala,02-Jul-19,53557,22834
CHENAB,Khanki,02-Jul-19,31240,23400
CHENAB,Qadirabad,02-Jul-19,37787,15787
CHENAB,Trimmu,02-Jul-19,48417,33817
CHENAB,Punjnad,02-Jul-19,45742,31572
RAVI,Jassar,02-Jul-19,-,1566
RAVI,Balloki,02-Jul-19,38955,6455
RAVI,Sidhnai,02-Jul-19,14900,NIL
SUTLEJ,Sulemanki,02-Jul-19,15611,3908
SUTLEJ,Islam,02-Jul-19,2931,1481
INDUS,Kalabagh,03-Jul-19,164194,156194
INDUS,Chashma,03-Jul-19,181104,174604
INDUS,Taunsa,03-Jul-19,170201,152867
INDUS,Guddu,03-Jul-19,144234,105134
INDUS,Sukkar,03-Jul-19,86225,40505
INDUS,Kotri,03-Jul-19,25085,Nil
JHELUM,Kotli,03-Jul-19,-,3900
JHELUM,Mangla,03-Jul-19,50000,31415
JHELUM,Rasul,03-Jul-19,27366,5341
CHENAB,Jammu Tavi,03-Jul-19,-,-
CHENAB,Marala,03-Jul-19,53557,22834
CHENAB,Khanki,03-Jul-19,28486,20646
CHENAB,Qadirabad,03-Jul-19,41656,19656
CHENAB,Trimmu,03-Jul-19,37866,23266
CHENAB,Punjnad,03-Jul-19,45742,31572
RAVI,Jassar,03-Jul-19,-,1753
RAVI,Balloki,03-Jul-19,39835,7335
RAVI,Sidhnai,03-Jul-19,14850,Nil
SUTLEJ,Sulemanki,03-Jul-19,15612,3908
SUTLEJ,Islam,03-Jul-19,2881,1231
INDUS,Kalabagh,03-Jul-19,185483,177483
INDUS,Chashma,03-Jul-19,181651,175151
INDUS,Taunsa,03-Jul-19,170201,152867
INDUS,Guddu,03-Jul-19,148953,109853
INDUS,Sukkar,03-Jul-19,86225,40505
INDUS,Kotri,03-Jul-19,25775,NIL
JHELUM,Kotli,03-Jul-19,-,3780
JHELUM,Mangla,03-Jul-19,49500,34415
JHELUM,Rasul,03-Jul-19,41730,19705
CHENAB,Jammu Tavi,03-Jul-19,-,-
CHENAB,Marala,03-Jul-19,49783,19060
CHENAB,Khanki,03-Jul-19,29359,21519
CHENAB,Qadirabad,03-Jul-19,41656,19656
CHENAB,Trimmu,03-Jul-19,37866,23266
CHENAB,Punjnad,03-Jul-19,46866,32696
RAVI,Jassar,03-Jul-19,-,1660
RAVI,Balloki,03-Jul-19,39835,7335
RAVI,Sidhnai,03-Jul-19,14850,NIL
SUTLEJ,Sulemanki,03-Jul-19,15512,3908
SUTLEJ,Islam,03-Jul-19,2881,1231
INDUS,Kalabagh,03-Jul-19,206288,198288
INDUS,Chashma,03-Jul-19,216043,209543
INDUS,Taunsa,03-Jul-19,170201,152867
INDUS,Guddu,03-Jul-19,148953,109853
INDUS,Sukkar,03-Jul-19,86225,40505
INDUS,Kotri,03-Jul-19,25775,Nil
JHELUM,Kotli,03-Jul-19,-,3780
JHELUM,Mangla,03-Jul-19,50000,45261
JHELUM,Rasul,03-Jul-19,41730,19705
CHENAB,Jammu Tavi,03-Jul-19,-,-
CHENAB,Marala,03-Jul-19,64879,34156
CHENAB,Khanki,03-Jul-19,29359,21519
CHENAB,Qadirabad,03-Jul-19,34132,12132
CHENAB,Trimmu,03-Jul-19,36967,21676
CHENAB,Punjnad,03-Jul-19,46866,32696
RAVI,Jassar,03-Jul-19,-,1566
RAVI,Balloki,03-Jul-19,38955,6255
RAVI,Sidhnai,03-Jul-19,14850,Nil
SUTLEJ,Sulemanki,03-Jul-19,14642,3038
SUTLEJ,Islam,03-Jul-19,2881,1231
INDUS,Kalabagh,03-Jul-19,195415,187415
INDUS,Chashma,03-Jul-19,215792,210707
INDUS,Taunsa,03-Jul-19,170201,152867
INDUS,Guddu,03-Jul-19,148953,109853
INDUS,Sukkar,03-Jul-19,86225,40505
INDUS,Kotri,03-Jul-19,25775,Nil
JHELUM,Kotli,03-Jul-19,-,3900
JHELUM,Mangla,03-Jul-19,52000,45261
JHELUM,Rasul,03-Jul-19,33920,11895
CHENAB,Jammu Tavi,03-Jul-19,-,-
CHENAB,Marala,03-Jul-19,68653,37930
CHENAB,Khanki,03-Jul-19,31252,23400
CHENAB,Qadirabad,03-Jul-19,39341,17341
CHENAB,Trimmu,03-Jul-19,35380,19780
CHENAB,Punjnad,03-Jul-19,46866,32696
RAVI,Jassar,03-Jul-19,-,1847
RAVI,Balloki,03-Jul-19,38955,6455
RAVI,Sidhnai,03-Jul-19,14850,Nil
SUTLEJ,Sulemanki,03-Jul-19,14843,3038
SUTLEJ,Islam,03-Jul-19,2881,1231
INDUS,Kalabagh,04-Jul-19,171503,163503
INDUS,Chashma,04-Jul-19,214193,209108
INDUS,Taunsa,04-Jul-19,170201,152772
INDUS,Guddu,04-Jul-19,150123,111023
INDUS,Sukkar,04-Jul-19,90160,42270
INDUS,Kotri,04-Jul-19,25675,Nil
JHELUM,Kotli,04-Jul-19,-,3780
JHELUM,Mangla,04-Jul-19,55000,40963
JHELUM,Rasul,04-Jul-19,33920,11895
CHENAB,Jammu Tavi,04-Jul-19,-,-
CHENAB,Marala,04-Jul-19,64879,34156
CHENAB,Khanki,04-Jul-19,31252,23400
CHENAB,Qadirabad,04-Jul-19,39341,17341
CHENAB,Trimmu,04-Jul-19,35380,19780
CHENAB,Punjnad,04-Jul-19,46866,32696
RAVI,Jassar,04-Jul-19,-,2382
RAVI,Balloki,04-Jul-19,38080,5580
RAVI,Sidhnai,04-Jul-19,14850,Nil
SUTLEJ,Sulemanki,04-Jul-19,14943,3038
SUTLEJ,Islam,04-Jul-19,1950,Nil
INDUS,Kalabagh,04-Jul-19,192550,184550
INDUS,Chashma,04-Jul-19,201500,195000
INDUS,Taunsa,04-Jul-19,170201,152772
INDUS,Guddu,04-Jul-19,150123,111023
INDUS,Sukkar,04-Jul-19,91050,42850
INDUS,Kotri,04-Jul-19,26835,Nil
JHELUM,Kotli,04-Jul-19,-,3780
JHELUM,Mangla,04-Jul-19,56000,35915
JHELUM,Rasul,04-Jul-19,37825,15800
CHENAB,Jammu Tavi,04-Jul-19,-,-
CHENAB,Marala,04-Jul-19,57331,26608
CHENAB,Khanki,04-Jul-19,33405,25443
CHENAB,Qadirabad,04-Jul-19,41993,1993
CHENAB,Trimmu,04-Jul-19,31306,15706
CHENAB,Punjnad,04-Jul-19,46866,32696
RAVI,Jassar,04-Jul-19,-,7350
RAVI,Balloki,04-Jul-19,38080,5580
RAVI,Sidhnai,04-Jul-19,16172,1322
SUTLEJ,Sulemanki,04-Jul-19,14943,3038
SUTLEJ,Islam,04-Jul-19,1950,Nil
INDUS,Kalabagh,04-Jul-19,210247,202247
INDUS,Chashma,04-Jul-19,212997,208972
INDUS,Taunsa,04-Jul-19,170201,152772
INDUS,Guddu,04-Jul-19,152832,113732
INDUS,Sukkar,04-Jul-19,92150,43550
INDUS,Kotri,04-Jul-19,26835,Nil
JHELUM,Kotli,04-Jul-19,-,4020
JHELUM,Mangla,04-Jul-19,54000,22715
JHELUM,Rasul,04-Jul-19,45430,23610
CHENAB,Jammu Tavi,04-Jul-19,-,-
CHENAB,Marala,04-Jul-19,72427,41704
CHENAB,Khanki,04-Jul-19,37342,29380
CHENAB,Qadirabad,04-Jul-19,41993,19993
CHENAB,Trimmu,04-Jul-19,31306,15706
CHENAB,Punjnad,04-Jul-19,47066,32696
RAVI,Jassar,04-Jul-19,-,6602
RAVI,Balloki,04-Jul-19,38080,5580
RAVI,Sidhnai,04-Jul-19,15511,661
SUTLEJ,Sulemanki,04-Jul-19,14842,2889
SUTLEJ,Islam,04-Jul-19,1950,Nil
INDUS,Kalabagh,04-Jul-19,233514,225514
INDUS,Chashma,04-Jul-19,216551,211289
INDUS,Taunsa,04-Jul-19,170201,152772
INDUS,Guddu,04-Jul-19,152832,113732
INDUS,Sukkar,04-Jul-19,92150,43550
INDUS,Kotri,04-Jul-19,26835,Nil
JHELUM,Kotli,04-Jul-19,-,4530
JHELUM,Mangla,04-Jul-19,56000,33715
JHELUM,Rasul,04-Jul-19,37620,15800
CHENAB,Jammu Tavi,04-Jul-19,-,-
CHENAB,Marala,04-Jul-19,83749,53026
CHENAB,Khanki,04-Jul-19,35406,27444
CHENAB,Qadirabad,04-Jul-19,47163,25163
CHENAB,Trimmu,04-Jul-19,31306,15706
CHENAB,Punjnad,04-Jul-19,47066,32696
RAVI,Jassar,04-Jul-19,-,7101
RAVI,Balloki,04-Jul-19,39235,7335
RAVI,Sidhnai,04-Jul-19,15611,661
SUTLEJ,Sulemanki,04-Jul-19,14842,2889
SUTLEJ,Islam,04-Jul-19,1950,Nil
INDUS,Kalabagh,05-Jul-19,222882,214882
INDUS,Chashma,05-Jul-19,214947,208447
INDUS,Taunsa,05-Jul-19,170201,152772
INDUS,Guddu,05-Jul-19,153476,114376
INDUS,Sukkar,05-Jul-19,97255,46280
INDUS,Kotri,05-Jul-19,26835,Nil
JHELUM,Kotli,05-Jul-19,-,4790
JHELUM,Mangla,05-Jul-19,62000,26115
JHELUM,Rasul,05-Jul-19,22025,NIL
CHENAB,Jammu Tavi,05-Jul-19,-,-
CHENAB,Marala,05-Jul-19,83749,53026
CHENAB,Khanki,05-Jul-19,39224,31262
CHENAB,Qadirabad,05-Jul-19,49727,27727
CHENAB,Trimmu,05-Jul-19,29128,13528
CHENAB,Punjnad,05-Jul-19,47066,32696
RAVI,Jassar,05-Jul-19,-,7600
RAVI,Balloki,05-Jul-19,38955,6455
RAVI,Sidhnai,05-Jul-19,15611,661
SUTLEJ,Sulemanki,05-Jul-19,14945,2889
SUTLEJ,Islam,05-Jul-19,1850,Nil
INDUS,Kalabagh,05-Jul-19,237484,229484
INDUS,Chashma,05-Jul-19,211490,204990
INDUS,Taunsa,05-Jul-19,170201,152772
INDUS,Guddu,05-Jul-19,153476,114376
INDUS,Sukkar,05-Jul-19,97255,46280
INDUS,Kotri,05-Jul-19,26875,Nil
JHELUM,Kotli,05-Jul-19,-,4400
JHELUM,Mangla,05-Jul-19,60000,34715
JHELUM,Rasul,05-Jul-19,27366,5341
CHENAB,Jammu Tavi,05-Jul-19,-,-
CHENAB,Marala,05-Jul-19,76201,45478
CHENAB,Khanki,05-Jul-19,51600,43638
CHENAB,Qadirabad,05-Jul-19,53588,31588
CHENAB,Trimmu,05-Jul-19,33429,17829
CHENAB,Punjnad,05-Jul-19,46267,31897
RAVI,Jassar,05-Jul-19,-,6184
RAVI,Balloki,05-Jul-19,38955,6455
RAVI,Sidhnai,05-Jul-19,15611,661
SUTLEJ,Sulemanki,05-Jul-19,14945,2889
SUTLEJ,Islam,05-Jul-19,1850,Nil
INDUS,Kalabagh,05-Jul-19,231397,223397
INDUS,Chashma,05-Jul-19,212675,204937
INDUS,Taunsa,05-Jul-19,170201,152772
INDUS,Guddu,05-Jul-19,153476,114376
INDUS,Sukkar,05-Jul-19,99200,47700
INDUS,Kotri,05-Jul-19,26875,Nil
JHELUM,Kotli,05-Jul-19,-,5350
JHELUM,Mangla,05-Jul-19,56000,22515
JHELUM,Rasul,05-Jul-19,22025,Nil
CHENAB,Jammu Tavi,05-Jul-19,-,-
CHENAB,Marala,05-Jul-19,79975,49252
CHENAB,Khanki,05-Jul-19,52688,44726
CHENAB,Qadirabad,05-Jul-19,62553,40553
CHENAB,Trimmu,05-Jul-19,33429,17829
CHENAB,Punjnad,05-Jul-19,46267,31897
RAVI,Jassar,05-Jul-19,-,5845
RAVI,Balloki,05-Jul-19,38955,6455
RAVI,Sidhnai,05-Jul-19,15611,661
SUTLEJ,Sulemanki,05-Jul-19,14945,2889
SUTLEJ,Islam,05-Jul-19,1850,Nil
INDUS,Kalabagh,05-Jul-19,237484,229484
INDUS,Chashma,05-Jul-19,211490,204990
INDUS,Taunsa,05-Jul-19,170201,152772
INDUS,Guddu,05-Jul-19,153476,114376
INDUS,Sukkar,05-Jul-19,97255,46280
INDUS,Kotri,05-Jul-19,26875,Nil
JHELUM,Kotli,05-Jul-19,-,4400
JHELUM,Mangla,05-Jul-19,60000,34715
JHELUM,Rasul,05-Jul-19,27366,5341
CHENAB,Jammu Tavi,05-Jul-19,-,-
CHENAB,Marala,05-Jul-19,76201,45478
CHENAB,Khanki,05-Jul-19,51600,43638
CHENAB,Qadirabad,05-Jul-19,53588,31588
CHENAB,Trimmu,05-Jul-19,33429,17829
CHENAB,Punjnad,05-Jul-19,46267,31897
RAVI,Jassar,05-Jul-19,-,6184
RAVI,Balloki,05-Jul-19,38955,6455
RAVI,Sidhnai,05-Jul-19,15611,661
SUTLEJ,Sulemanki,05-Jul-19,14945,2889
SUTLEJ,Islam,05-Jul-19,1850,Nil
INDUS,Kalabagh,06-Jul-19,231397,223397
INDUS,Chashma,06-Jul-19,239410,232910
INDUS,Taunsa,06-Jul-19,170201,152772
INDUS,Guddu,06-Jul-19,155392,115336
INDUS,Sukkar,06-Jul-19,101703,49088
INDUS,Kotri,06-Jul-19,26875,Nil
JHELUM,Kotli,06-Jul-19,-,4790
JHELUM,Mangla,06-Jul-19,62000,15215
JHELUM,Rasul,06-Jul-19,21995,Nil
CHENAB,Jammu Tavi,06-Jul-19,-,-
CHENAB,Marala,06-Jul-19,77151,45478
CHENAB,Khanki,06-Jul-19,49802,41840
CHENAB,Qadirabad,06-Jul-19,64319,42319
CHENAB,Trimmu,06-Jul-19,33429,17829
CHENAB,Punjnad,06-Jul-19,46267,31897
RAVI,Jassar,06-Jul-19,-,6353
RAVI,Balloki,06-Jul-19,40110,8210
RAVI,Sidhnai,06-Jul-19,15711,661
SUTLEJ,Sulemanki,06-Jul-19,14945,2889
SUTLEJ,Islam,06-Jul-19,1425,Nil
INDUS,Kalabagh,06-Jul-19,240354,232354
INDUS,Chashma,06-Jul-19,222680,214942
INDUS,Taunsa,06-Jul-19,186958,168172
INDUS,Guddu,06-Jul-19,155392,115336
INDUS,Sukkar,06-Jul-19,101703,49088
INDUS,Kotri,06-Jul-19,26875,Nil
JHELUM,Kotli,06-Jul-19,-,4790
JHELUM,Mangla,06-Jul-19,64000,19115
JHELUM,Rasul,06-Jul-19,21995,Nil
CHENAB,Jammu Tavi,06-Jul-19,-,-
CHENAB,Marala,06-Jul-19,77128,45478
CHENAB,Khanki,06-Jul-19,56034,48072
CHENAB,Qadirabad,06-Jul-19,68031,46031
CHENAB,Trimmu,06-Jul-19,33429,17829
CHENAB,Punjnad,06-Jul-19,39272,24902
RAVI,Jassar,06-Jul-19,-,4407
RAVI,Balloki,06-Jul-19,40930,8830
RAVI,Sidhnai,06-Jul-19,15711,661
SUTLEJ,Sulemanki,06-Jul-19,14945,2889
SUTLEJ,Islam,06-Jul-19,1425,Nil
INDUS,Kalabagh,06-Jul-19,240354,232354
INDUS,Chashma,06-Jul-19,235560,229060
INDUS,Taunsa,06-Jul-19,186958,168172
INDUS,Guddu,06-Jul-19,155392,115336
INDUS,Sukkar,06-Jul-19,101703,49088
INDUS,Kotri,06-Jul-19,26875,Nil
JHELUM,Kotli,06-Jul-19,-,4530
JHELUM,Mangla,06-Jul-19,64900,17815
JHELUM,Rasul,06-Jul-19,16025,Nil
CHENAB,Jammu Tavi,06-Jul-19,-,-
CHENAB,Marala,06-Jul-19,77151,45478
CHENAB,Khanki,06-Jul-19,49802,41840
CHENAB,Qadirabad,06-Jul-19,68031,46031
CHENAB,Trimmu,06-Jul-19,33429,17829
CHENAB,Punjnad,06-Jul-19,39272,24902
RAVI,Jassar,06-Jul-19,-,3901
RAVI,Balloki,06-Jul-19,41330,8830
RAVI,Sidhnai,06-Jul-19,15711,661
SUTLEJ,Sulemanki,06-Jul-19,15042,2889
SUTLEJ,Islam,06-Jul-19,1425,Nil
INDUS,Kalabagh,06-Jul-19,240354,232354
INDUS,Chashma,06-Jul-19,236506,230006
INDUS,Taunsa,06-Jul-19,196555,177548
INDUS,Guddu,06-Jul-19,155392,115336
INDUS,Sukkar,06-Jul-19,101703,49088
INDUS,Kotri,06-Jul-19,26875,NIL
JHELUM,Kotli,06-Jul-19,-,4270
JHELUM,Mangla,06-Jul-19,64000,26015
JHELUM,Rasul,06-Jul-19,13025,NIL
CHENAB,Jammu Tavi,06-Jul-19,-,-
CHENAB,Marala,06-Jul-19,77501,45478
CHENAB,Khanki,06-Jul-19,46410,38448
CHENAB,Qadirabad,06-Jul-19,64319,42319
CHENAB,Trimmu,06-Jul-19,33429,17829
CHENAB,Punjnad,06-Jul-19,39272,24902
RAVI,Jassar,06-Jul-19,-,2635
RAVI,Balloki,06-Jul-19,41330,8830
RAVI,Sidhnai,06-Jul-19,15711,661
SUTLEJ,Sulemanki,06-Jul-19,15042,2889
SUTLEJ,Islam,06-Jul-19,1425,NIL
INDUS,Kalabagh,07-Jul-19,238440,230440
INDUS,Chashma,07-Jul-19,234813,228313
INDUS,Taunsa,07-Jul-19,205290,187234
INDUS,Guddu,07-Jul-19,155392,115336
INDUS,Sukkar,07-Jul-19,103571,51086
INDUS,Kotri,07-Jul-19,27025,Nil
JHELUM,Kotli,07-Jul-19,-,4530
JHELUM,Mangla,07-Jul-19,62000,18255
JHELUM,Rasul,07-Jul-19,13025,Nil
CHENAB,Jammu Tavi,07-Jul-19,-,-
CHENAB,Marala,07-Jul-19,77501,45478
CHENAB,Khanki,07-Jul-19,44750,36788
CHENAB,Qadirabad,07-Jul-19,64319,42319
CHENAB,Trimmu,07-Jul-19,33429,17829
CHENAB,Punjnad,07-Jul-19,29722,15352
RAVI,Jassar,07-Jul-19,-,3141
RAVI,Balloki,07-Jul-19,41330,8830
RAVI,Sidhnai,07-Jul-19,15711,661
SUTLEJ,Sulemanki,07-Jul-19,15042,2889
SUTLEJ,Islam,07-Jul-19,1625,Nil
INDUS,Kalabagh,07-Jul-19,251527,243527
INDUS,Chashma,07-Jul-19,251426,244926
INDUS,Taunsa,07-Jul-19,222615,203952
INDUS,Guddu,07-Jul-19,150817,112357
INDUS,Sukkar,07-Jul-19,104484,51699
INDUS,Kotri,07-Jul-19,28225,Nil
JHELUM,Kotli,07-Jul-19,-,4270
JHELUM,Mangla,07-Jul-19,60800,19415
JHELUM,Rasul,07-Jul-19,18366,5341
CHENAB,Jammu Tavi,07-Jul-19,-,-
CHENAB,Marala,07-Jul-19,70303,37930
CHENAB,Khanki,07-Jul-19,42810,34848
CHENAB,Qadirabad,07-Jul-19,44145,22145
CHENAB,Trimmu,07-Jul-19,40188,24588
CHENAB,Punjnad,07-Jul-19,19699,3699
RAVI,Jassar,07-Jul-19,-,1566
RAVI,Balloki,07-Jul-19,42210,9710
RAVI,Sidhnai,07-Jul-19,16045,995
SUTLEJ,Sulemanki,07-Jul-19,14436,2133
SUTLEJ,Islam,07-Jul-19,1350,Nil
INDUS,Kalabagh,07-Jul-19,246124,238124
INDUS,Chashma,07-Jul-19,256932,250432
INDUS,Taunsa,07-Jul-19,221736,203292
INDUS,Guddu,07-Jul-19,149783,111727
INDUS,Sukkar,07-Jul-19,104484,51699
INDUS,Kotri,07-Jul-19,28225,Nil
JHELUM,Kotli,07-Jul-19,-,4150
JHELUM,Mangla,07-Jul-19,64000,21615
JHELUM,Rasul,07-Jul-19,13025,Nil
CHENAB,Jammu Tavi,07-Jul-19,-,-
CHENAB,Marala,07-Jul-19,85399,53026
CHENAB,Khanki,07-Jul-19,42810,34848
CHENAB,Qadirabad,07-Jul-19,45442,23442
CHENAB,Trimmu,07-Jul-19,40188,24588
CHENAB,Punjnad,07-Jul-19,19699,3699
RAVI,Jassar,07-Jul-19,-,1660
RAVI,Balloki,07-Jul-19,41330,8830
RAVI,Sidhnai,07-Jul-19,16372,1322
SUTLEJ,Sulemanki,07-Jul-19,14436,2133
SUTLEJ,Islam,07-Jul-19,1350,Nil
INDUS,Kalabagh,07-Jul-19,253437,245437
INDUS,Chashma,07-Jul-19,260224,253724
INDUS,Taunsa,07-Jul-19,221736,203292
INDUS,Guddu,07-Jul-19,149783,111727
INDUS,Sukkar,07-Jul-19,104484,51699
INDUS,Kotri,07-Jul-19,28225,Nil
JHELUM,Kotli,07-Jul-19,-,4270
JHELUM,Mangla,07-Jul-19,61000,18315
JHELUM,Rasul,07-Jul-19,13025,Nil
CHENAB,Jammu Tavi,07-Jul-19,-,-
CHENAB,Marala,07-Jul-19,85749,53026
CHENAB,Khanki,07-Jul-19,42810,34848
CHENAB,Qadirabad,07-Jul-19,45442,23442
CHENAB,Trimmu,07-Jul-19,42003,26403
CHENAB,Punjnad,07-Jul-19,19699,3699
RAVI,Jassar,07-Jul-19,-,1847
RAVI,Balloki,07-Jul-19,41330,8830
RAVI,Sidhnai,07-Jul-19,16372,1322
SUTLEJ,Sulemanki,07-Jul-19,14436,2133
SUTLEJ,Islam,07-Jul-19,1350,Nil
INDUS,Kalabagh,08-Jul-19,240108,232108
INDUS,Chashma,08-Jul-19,256508,250008
INDUS,Taunsa,08-Jul-19,222615,203952
INDUS,Guddu,08-Jul-19,150817,112357
INDUS,Sukkar,08-Jul-19,104484,51699
INDUS,Kotri,08-Jul-19,28225,Nil
JHELUM,Kotli,08-Jul-19,-,4150
JHELUM,Mangla,08-Jul-19,55000,15315
JHELUM,Rasul,08-Jul-19,13025,Nil
CHENAB,Jammu Tavi,08-Jul-19,-,-
CHENAB,Marala,08-Jul-19,74077,41704
CHENAB,Khanki,08-Jul-19,39224,31262
CHENAB,Qadirabad,08-Jul-19,51846,29846
CHENAB,Trimmu,08-Jul-19,33429,17829
CHENAB,Punjnad,08-Jul-19,21529,5529
RAVI,Jassar,08-Jul-19,-,2888
RAVI,Balloki,08-Jul-19,42210,9710
RAVI,Sidhnai,08-Jul-19,16045,995
SUTLEJ,Sulemanki,08-Jul-19,14436,2133
SUTLEJ,Islam,08-Jul-19,1350,Nil
INDUS,Kalabagh,08-Jul-19,251527,243527
INDUS,Chashma,08-Jul-19,251426,244926
INDUS,Taunsa,08-Jul-19,222615,203952
INDUS,Guddu,08-Jul-19,150817,112357
INDUS,Sukkar,08-Jul-19,104484,51699
INDUS,Kotri,08-Jul-19,28225,Nil
JHELUM,Kotli,08-Jul-19,-,4270
JHELUM,Mangla,08-Jul-19,60800,19415
JHELUM,Rasul,08-Jul-19,18366,5341
CHENAB,Jammu Tavi,08-Jul-19,-,-
CHENAB,Marala,08-Jul-19,70303,37930
CHENAB,Khanki,08-Jul-19,42810,34848
CHENAB,Qadirabad,08-Jul-19,44145,22145
CHENAB,Trimmu,08-Jul-19,40188,24588
CHENAB,Punjnad,08-Jul-19,19699,3699
RAVI,Jassar,08-Jul-19,-,1566
RAVI,Balloki,08-Jul-19,42210,9710
RAVI,Sidhnai,08-Jul-19,16045,995
SUTLEJ,Sulemanki,08-Jul-19,14436,2133
SUTLEJ,Islam,08-Jul-19,1350,Nil
INDUS,Kalabagh,08-Jul-19,246124,238124
INDUS,Chashma,08-Jul-19,256932,250432
INDUS,Taunsa,08-Jul-19,221736,203292
INDUS,Guddu,08-Jul-19,149783,111727
INDUS,Sukkar,08-Jul-19,104484,51699
INDUS,Kotri,08-Jul-19,28225,Nil
JHELUM,Kotli,08-Jul-19,-,4150
JHELUM,Mangla,08-Jul-19,64000,21615
JHELUM,Rasul,08-Jul-19,13025,Nil
CHENAB,Jammu Tavi,08-Jul-19,-,-
CHENAB,Marala,08-Jul-19,85399,53026
CHENAB,Khanki,08-Jul-19,42810,34848
CHENAB,Qadirabad,08-Jul-19,45442,23442
CHENAB,Trimmu,08-Jul-19,40188,24588
CHENAB,Punjnad,08-Jul-19,19699,3699
RAVI,Jassar,08-Jul-19,-,1660
RAVI,Balloki,08-Jul-19,41330,8830
RAVI,Sidhnai,08-Jul-19,16372,1322
SUTLEJ,Sulemanki,08-Jul-19,14436,2133
SUTLEJ,Islam,08-Jul-19,1350,Nil
INDUS,Kalabagh,08-Jul-19,253437,245437
INDUS,Chashma,08-Jul-19,260224,253724
INDUS,Taunsa,08-Jul-19,221736,203292
INDUS,Guddu,08-Jul-19,149783,111727
INDUS,Sukkar,08-Jul-19,104484,51699
INDUS,Kotri,08-Jul-19,28225,Nil
JHELUM,Kotli,08-Jul-19,-,4270
JHELUM,Mangla,08-Jul-19,61000,18315
JHELUM,Rasul,08-Jul-19,13025,Nil
CHENAB,Jammu Tavi,08-Jul-19,-,-
CHENAB,Marala,08-Jul-19,85749,53026
CHENAB,Khanki,08-Jul-19,42810,34848
CHENAB,Qadirabad,08-Jul-19,45442,23442
CHENAB,Trimmu,08-Jul-19,42003,26403
CHENAB,Punjnad,08-Jul-19,19699,3699
RAVI,Jassar,08-Jul-19,-,1847
RAVI,Balloki,08-Jul-19,41330,8830
RAVI,Sidhnai,08-Jul-19,16372,1322
SUTLEJ,Sulemanki,08-Jul-19,14436,2133
SUTLEJ,Islam,08-Jul-19,1350,Nil
INDUS,Kalabagh,09-Jul-19,253437,245437
INDUS,Chashma,09-Jul-19,257733,251233
INDUS,Taunsa,09-Jul-19,227928,206205
INDUS,Guddu,09-Jul-19,149783,111727
INDUS,Sukkar,09-Jul-19,102300,50310
INDUS,Kotri,09-Jul-19,28225,Nil
JHELUM,Kotli,09-Jul-19,-,4660
JHELUM,Mangla,09-Jul-19,87000,21415
JHELUM,Rasul,09-Jul-19,18366,5341
CHENAB,Jammu Tavi,09-Jul-19,-,-
CHENAB,Marala,09-Jul-19,85749,53026
CHENAB,Khanki,09-Jul-19,44750,36788
CHENAB,Qadirabad,09-Jul-19,45442,23442
CHENAB,Trimmu,09-Jul-19,43903,28303
CHENAB,Punjnad,09-Jul-19,19699,3699
RAVI,Jassar,09-Jul-19,-,1847
RAVI,Balloki,09-Jul-19,40710,8210
RAVI,Sidhnai,09-Jul-19,16372,1322
SUTLEJ,Sulemanki,09-Jul-19,14436,2133
SUTLEJ,Islam,09-Jul-19,1450,Nil
INDUS,Kalabagh,09-Jul-19,253437,245437
INDUS,Chashma,09-Jul-19,256518,250018
INDUS,Taunsa,09-Jul-19,227928,206205
INDUS,Guddu,09-Jul-19,149783,111727
INDUS,Sukkar,09-Jul-19,102300,50310
INDUS,Kotri,09-Jul-19,28225,Nil
JHELUM,Kotli,09-Jul-19,-,5070
JHELUM,Mangla,09-Jul-19,77300,18715
JHELUM,Rasul,09-Jul-19,13025,Nil
CHENAB,Jammu Tavi,09-Jul-19,-,-
CHENAB,Marala,09-Jul-19,85651,53026
CHENAB,Khanki,09-Jul-19,51600,43638
CHENAB,Qadirabad,09-Jul-19,53056,31056
CHENAB,Trimmu,09-Jul-19,43903,28303
CHENAB,Punjnad,09-Jul-19,18055,2055
RAVI,Jassar,09-Jul-19,-,2035
RAVI,Balloki,09-Jul-19,40710,8210
RAVI,Sidhnai,09-Jul-19,16372,1322
SUTLEJ,Sulemanki,09-Jul-19,14436,2133
SUTLEJ,Islam,09-Jul-19,1450,Nil
INDUS,Kalabagh,09-Jul-19,252983,244983
INDUS,Chashma,09-Jul-19,256893,250393
INDUS,Taunsa,09-Jul-19,227372,205701
INDUS,Guddu,09-Jul-19,150614,112352
INDUS,Sukkar,09-Jul-19,102300,50310
INDUS,Kotri,09-Jul-19,28225,Nil
JHELUM,Kotli,09-Jul-19,-,4790
JHELUM,Mangla,09-Jul-19,68000,13315
JHELUM,Rasul,09-Jul-19,21015,7990
CHENAB,Jammu Tavi,09-Jul-19,-,-
CHENAB,Marala,09-Jul-19,96973,64348
CHENAB,Khanki,09-Jul-19,54525,46415
CHENAB,Qadirabad,09-Jul-19,54345,32345
CHENAB,Trimmu,09-Jul-19,41843,26243
CHENAB,Punjnad,09-Jul-19,18055,2055
RAVI,Jassar,09-Jul-19,-,1847
RAVI,Balloki,09-Jul-19,39575,7075
RAVI,Sidhnai,09-Jul-19,16372,1322
SUTLEJ,Sulemanki,09-Jul-19,14436,2133
SUTLEJ,Islam,09-Jul-19,1450,Nil
INDUS,Kalabagh,09-Jul-19,252983,244983
INDUS,Chashma,09-Jul-19,256548,250048
INDUS,Taunsa,09-Jul-19,227572,206035
INDUS,Guddu,09-Jul-19,150614,112352
INDUS,Sukkar,09-Jul-19,102300,50310
INDUS,Kotri,09-Jul-19,28225,Nil
JHELUM,Kotli,09-Jul-19,-,4660
JHELUM,Mangla,09-Jul-19,64600,15615
JHELUM,Rasul,09-Jul-19,12185,Nil
CHENAB,Jammu Tavi,09-Jul-19,-,-
CHENAB,Marala,09-Jul-19,97323,64348
CHENAB,Khanki,09-Jul-19,54525,46414
CHENAB,Qadirabad,09-Jul-19,56831,34831
CHENAB,Trimmu,09-Jul-19,40879,25279
CHENAB,Punjnad,09-Jul-19,18205,2055
RAVI,Jassar,09-Jul-19,-,2035
RAVI,Balloki,09-Jul-19,39575,7075
RAVI,Sidhnai,09-Jul-19,16372,1322
SUTLEJ,Sulemanki,09-Jul-19,14436,2133
SUTLEJ,Islam,09-Jul-19,1450,Nil
INDUS,Kalabagh,10-Jul-19,254070,246070
INDUS,Chashma,10-Jul-19,256944,250444
INDUS,Taunsa,10-Jul-19,242013,218889
INDUS,Guddu,10-Jul-19,153276,113915
INDUS,Sukkar,10-Jul-19,102300,50310
INDUS,Kotri,10-Jul-19,29675,Nil
JHELUM,Kotli,10-Jul-19,-,4660
JHELUM,Mangla,10-Jul-19,64600,13615
JHELUM,Rasul,10-Jul-19,10935,Nil
CHENAB,Jammu Tavi,10-Jul-19,-,-
CHENAB,Marala,10-Jul-19,97323,64348
CHENAB,Khanki,10-Jul-19,67817,59706
CHENAB,Qadirabad,10-Jul-19,56831,34831
CHENAB,Trimmu,10-Jul-19,34797,19197
CHENAB,Punjnad,10-Jul-19,18205,2055
RAVI,Jassar,10-Jul-19,-,2382
RAVI,Balloki,10-Jul-19,39575,7075
RAVI,Sidhnai,10-Jul-19,16372,1322
SUTLEJ,Sulemanki,10-Jul-19,14436,2133
SUTLEJ,Islam,10-Jul-19,1450,Nil
INDUS,Kalabagh,10-Jul-19,254070,246070
INDUS,Chashma,10-Jul-19,256443,249943
INDUS,Taunsa,10-Jul-19,248193,224488
INDUS,Guddu,10-Jul-19,157283,117922
INDUS,Sukkar,10-Jul-19,102300,50310
INDUS,Kotri,10-Jul-19,29675,Nil
JHELUM,Kotli,10-Jul-19,-,6550
JHELUM,Mangla,10-Jul-19,75000,11515
JHELUM,Rasul,10-Jul-19,9435,Nil
CHENAB,Jammu Tavi,10-Jul-19,-,-
CHENAB,Marala,10-Jul-19,97398,64348
CHENAB,Khanki,10-Jul-19,84929,76818
CHENAB,Qadirabad,10-Jul-19,70583,48583
CHENAB,Trimmu,10-Jul-19,34797,19197
CHENAB,Punjnad,10-Jul-19,18205,2055
RAVI,Jassar,10-Jul-19,-,2888
RAVI,Balloki,10-Jul-19,39575,7075
RAVI,Sidhnai,10-Jul-19,17033,1983
SUTLEJ,Sulemanki,10-Jul-19,14436,2153
SUTLEJ,Islam,10-Jul-19,1450,Nil
INDUS,Kalabagh,10-Jul-19,254889,246889
INDUS,Chashma,10-Jul-19,256546,250046
INDUS,Taunsa,10-Jul-19,248193,224488
INDUS,Guddu,10-Jul-19,157283,117922
INDUS,Sukkar,10-Jul-19,102300,50310
INDUS,Kotri,10-Jul-19,29675,Nil
JHELUM,Kotli,10-Jul-19,-,5640
JHELUM,Mangla,10-Jul-19,73400,14315
JHELUM,Rasul,10-Jul-19,8435,Nil
CHENAB,Jammu Tavi,10-Jul-19,-,-
CHENAB,Marala,10-Jul-19,97398,64348
CHENAB,Khanki,10-Jul-19,80066,71955
CHENAB,Qadirabad,10-Jul-19,82876,60876
CHENAB,Trimmu,10-Jul-19,32751,17151
CHENAB,Punjnad,10-Jul-19,18205,2055
RAVI,Jassar,10-Jul-19,-,4407
RAVI,Balloki,10-Jul-19,39575,7075
RAVI,Sidhnai,10-Jul-19,17033,1983
SUTLEJ,Sulemanki,10-Jul-19,14486,2133
SUTLEJ,Islam,10-Jul-19,1295,Nil
INDUS,Kalabagh,10-Jul-19,255980,247980
INDUS,Chashma,10-Jul-19,256697,250197
INDUS,Taunsa,10-Jul-19,248193,224488
INDUS,Guddu,10-Jul-19,157283,117922
INDUS,Sukkar,10-Jul-19,102300,50310
INDUS,Kotri,10-Jul-19,29675,Nil
JHELUM,Kotli,10-Jul-19,-,5070
JHELUM,Mangla,10-Jul-19,62000,10355
JHELUM,Rasul,10-Jul-19,8435,Nil
CHENAB,Jammu Tavi,10-Jul-19,-,-
CHENAB,Marala,10-Jul-19,93874,60574
CHENAB,Khanki,10-Jul-19,75719,67608
CHENAB,Qadirabad,10-Jul-19,82876,60876
CHENAB,Trimmu,10-Jul-19,32751,17151
CHENAB,Punjnad,10-Jul-19,18205,2055
RAVI,Jassar,10-Jul-19,-,4829
RAVI,Balloki,10-Jul-19,39575,7075
RAVI,Sidhnai,10-Jul-19,17033,1983
SUTLEJ,Sulemanki,10-Jul-19,14486,2133
SUTLEJ,Islam,10-Jul-19,1295,Nil
INDUS,Kalabagh,11-Jul-19,255025,247025
INDUS,Chashma,11-Jul-19,256428,249928
INDUS,Taunsa,11-Jul-19,248193,222988
INDUS,Guddu,11-Jul-19,164525,123444
INDUS,Sukkar,11-Jul-19,104020,51050
INDUS,Kotri,11-Jul-19,32795,Nil
JHELUM,Kotli,11-Jul-19,-,4790
JHELUM,Mangla,11-Jul-19,69000,10515
JHELUM,Rasul,11-Jul-19,8435,Nil
CHENAB,Jammu Tavi,11-Jul-19,-,-
CHENAB,Marala,11-Jul-19,86326,53026
CHENAB,Khanki,11-Jul-19,71727,63016
CHENAB,Qadirabad,11-Jul-19,80251,58251
CHENAB,Trimmu,11-Jul-19,30100,14500
CHENAB,Punjnad,11-Jul-19,18205,2055
RAVI,Jassar,11-Jul-19,-,5168
RAVI,Balloki,11-Jul-19,39575,7075
RAVI,Sidhnai,11-Jul-19,17033,1983
SUTLEJ,Sulemanki,11-Jul-19,14486,2133
SUTLEJ,Islam,11-Jul-19,1295,Nil
INDUS,Kalabagh,11-Jul-19,265428,257428
INDUS,Chashma,11-Jul-19,257922,250007
INDUS,Taunsa,11-Jul-19,248193,222988
INDUS,Guddu,11-Jul-19,166539,125458
INDUS,Sukkar,11-Jul-19,104020,51050
INDUS,Kotri,11-Jul-19,32795,Nil
JHELUM,Kotli,11-Jul-19,-,4660
JHELUM,Mangla,11-Jul-19,68600,9315
JHELUM,Rasul,11-Jul-19,8435,Nil
CHENAB,Jammu Tavi,11-Jul-19,-,-
CHENAB,Marala,11-Jul-19,86176,53026
CHENAB,Khanki,11-Jul-19,67491,59392
CHENAB,Qadirabad,11-Jul-19,77954,55954
CHENAB,Trimmu,11-Jul-19,30100,14500
CHENAB,Punjnad,11-Jul-19,18205,2055
RAVI,Jassar,11-Jul-19,-,3848
RAVI,Balloki,11-Jul-19,39575,7075
RAVI,Sidhnai,11-Jul-19,17033,1983
SUTLEJ,Sulemanki,11-Jul-19,14486,2133
SUTLEJ,Islam,11-Jul-19,1295,Nil
INDUS,Kalabagh,11-Jul-19,261476,253476
INDUS,Chashma,11-Jul-19,256273,249773
INDUS,Taunsa,11-Jul-19,248193,222988
INDUS,Guddu,11-Jul-19,170497,129318
INDUS,Sukkar,11-Jul-19,106700,53150
INDUS,Kotri,11-Jul-19,32795,Nil
JHELUM,Kotli,11-Jul-19,-,4530
JHELUM,Mangla,11-Jul-19,60000,11515
JHELUM,Rasul,11-Jul-19,8435,Nil
CHENAB,Jammu Tavi,11-Jul-19,-,-
CHENAB,Marala,11-Jul-19,89950,56800
CHENAB,Khanki,11-Jul-19,63800,55701
CHENAB,Qadirabad,11-Jul-19,71723,49723
CHENAB,Trimmu,11-Jul-19,30100,14500
CHENAB,Punjnad,11-Jul-19,18405,2055
RAVI,Jassar,11-Jul-19,-,2635
RAVI,Balloki,11-Jul-19,39575,7075
RAVI,Sidhnai,11-Jul-19,17033,1983
SUTLEJ,Sulemanki,11-Jul-19,14486,2133
SUTLEJ,Islam,11-Jul-19,1150,Nil
INDUS,Kalabagh,11-Jul-19,239560,231560
INDUS,Chashma,11-Jul-19,257002,250502
INDUS,Taunsa,11-Jul-19,248193,222988
INDUS,Guddu,11-Jul-19,170497,129318
INDUS,Sukkar,11-Jul-19,106700,53150
INDUS,Kotri,11-Jul-19,32795,Nil
JHELUM,Kotli,11-Jul-19,-,8230
JHELUM,Mangla,11-Jul-19,73000,13615
JHELUM,Rasul,11-Jul-19,8435,Nil
CHENAB,Jammu Tavi,11-Jul-19,-,-
CHENAB,Marala,11-Jul-19,89950,56800
CHENAB,Khanki,11-Jul-19,59003,50904
CHENAB,Qadirabad,11-Jul-19,61760,39760
CHENAB,Trimmu,11-Jul-19,30100,14500
CHENAB,Punjnad,11-Jul-19,18405,2055
RAVI,Jassar,11-Jul-19,-,2129
RAVI,Balloki,11-Jul-19,39575,7075
RAVI,Sidhnai,11-Jul-19,17033,1983
SUTLEJ,Sulemanki,11-Jul-19,14486,2133
SUTLEJ,Islam,11-Jul-19,1150,Nil
INDUS,Kalabagh,12-Jul-19,241471,233471
INDUS,Chashma,12-Jul-19,256723,250223
INDUS,Taunsa,12-Jul-19,254140,228340
INDUS,Guddu,12-Jul-19,177073,135788
INDUS,Sukkar,12-Jul-19,110085,55055
INDUS,Kotri,12-Jul-19,34906,261
JHELUM,Kotli,12-Jul-19,-,5930
JHELUM,Mangla,12-Jul-19,56000,13615
JHELUM,Rasul,12-Jul-19,8435,Nil
CHENAB,Jammu Tavi,12-Jul-19,-,-
CHENAB,Marala,12-Jul-19,90724,60574
CHENAB,Khanki,12-Jul-19,59003,50904
CHENAB,Qadirabad,12-Jul-19,61760,39760
CHENAB,Trimmu,12-Jul-19,30100,14500
CHENAB,Punjnad,12-Jul-19,18405,2055
RAVI,Jassar,12-Jul-19,-,2888
RAVI,Balloki,12-Jul-19,39575,7075
RAVI,Sidhnai,12-Jul-19,18355,3305
SUTLEJ,Sulemanki,12-Jul-19,14486,2133
SUTLEJ,Islam,12-Jul-19,1150,Nil
INDUS,Kalabagh,12-Jul-19,265536,257536
INDUS,Chashma,12-Jul-19,256487,249987
INDUS,Taunsa,12-Jul-19,254140,228340
INDUS,Guddu,12-Jul-19,181397,140317
INDUS,Sukkar,12-Jul-19,110085,55055
INDUS,Kotri,12-Jul-19,34906,261
JHELUM,Kotli,12-Jul-19,-,4790
JHELUM,Mangla,12-Jul-19,60000,9315
JHELUM,Rasul,12-Jul-19,7685,Nil
CHENAB,Jammu Tavi,12-Jul-19,-,-
CHENAB,Marala,12-Jul-19,83251,53026
CHENAB,Khanki,12-Jul-19,67491,59392
CHENAB,Qadirabad,12-Jul-19,61760,39760
CHENAB,Trimmu,12-Jul-19,30100,14500
CHENAB,Punjnad,12-Jul-19,23871,7521
RAVI,Jassar,12-Jul-19,-,1847
RAVI,Balloki,12-Jul-19,39575,7075
RAVI,Sidhnai,12-Jul-19,18355,3305
SUTLEJ,Sulemanki,12-Jul-19,14486,2133
SUTLEJ,Islam,12-Jul-19,1150,Nil
INDUS,Kalabagh,12-Jul-19,261584,253584
INDUS,Chashma,12-Jul-19,256738,250238
INDUS,Taunsa,12-Jul-19,254819,228405
INDUS,Guddu,12-Jul-19,184123,143183
INDUS,Sukkar,12-Jul-19,114120,57990
INDUS,Kotri,12-Jul-19,35796,261
JHELUM,Kotli,12-Jul-19,-,4660
JHELUM,Mangla,12-Jul-19,64300,13015
JHELUM,Rasul,12-Jul-19,6435,Nil
CHENAB,Jammu Tavi,12-Jul-19,-,-
CHENAB,Marala,12-Jul-19,87025,56800
CHENAB,Khanki,12-Jul-19,68639,60540
CHENAB,Qadirabad,12-Jul-19,64319,42319
CHENAB,Trimmu,12-Jul-19,33535,17935
CHENAB,Punjnad,12-Jul-19,23871,7521
RAVI,Jassar,12-Jul-19,-,1660
RAVI,Balloki,12-Jul-19,40455,7955
RAVI,Sidhnai,12-Jul-19,18355,3305
SUTLEJ,Sulemanki,12-Jul-19,14861,2508
SUTLEJ,Islam,12-Jul-19,1191,Nil
INDUS,Kalabagh,12-Jul-19,247459,239459
INDUS,Chashma,12-Jul-19,256459,249959
INDUS,Taunsa,12-Jul-19,254819,228405
INDUS,Guddu,12-Jul-19,184123,143183
INDUS,Sukkar,12-Jul-19,114120,57990
INDUS,Kotri,12-Jul-19,35796,261
JHELUM,Kotli,12-Jul-19,-,4530
JHELUM,Mangla,12-Jul-19,59700,12415
JHELUM,Rasul,12-Jul-19,6435,Nil
CHENAB,Jammu Tavi,12-Jul-19,-,-
CHENAB,Marala,12-Jul-19,87025,56800
CHENAB,Khanki,12-Jul-19,63800,55701
CHENAB,Qadirabad,12-Jul-19,64319,42319
CHENAB,Trimmu,12-Jul-19,37245,21645
CHENAB,Punjnad,12-Jul-19,23871,7521
RAVI,Jassar,12-Jul-19,-,1566
RAVI,Balloki,12-Jul-19,40455,7955
RAVI,Sidhnai,12-Jul-19,17744,2644
SUTLEJ,Sulemanki,12-Jul-19,14861,2508
SUTLEJ,Islam,12-Jul-19,1150,Nil
INDUS,Kalabagh,13-Jul-19,247459,239459
INDUS,Chashma,13-Jul-19,256459,249959
INDUS,Taunsa,13-Jul-19,254819,228405
INDUS,Guddu,13-Jul-19,184123,143183
INDUS,Sukkar,13-Jul-19,114120,57990
INDUS,Kotri,13-Jul-19,35796,261
JHELUM,Kotli,13-Jul-19,-,4530
JHELUM,Mangla,13-Jul-19,59700,12415
JHELUM,Rasul,13-Jul-19,6435,Nil
CHENAB,Jammu Tavi,13-Jul-19,-,-
CHENAB,Marala,13-Jul-19,87025,56800
CHENAB,Khanki,13-Jul-19,63800,55701
CHENAB,Qadirabad,13-Jul-19,64319,42319
CHENAB,Trimmu,13-Jul-19,37245,21645
CHENAB,Punjnad,13-Jul-19,23871,7521
RAVI,Jassar,13-Jul-19,-,1566
RAVI,Balloki,13-Jul-19,40455,7955
RAVI,Sidhnai,13-Jul-19,17744,2644
SUTLEJ,Sulemanki,13-Jul-19,14861,2508
SUTLEJ,Islam,13-Jul-19,1150,Nil
INDUS,Kalabagh,13-Jul-19,257044,249044
INDUS,Chashma,13-Jul-19,255077,249992
INDUS,Taunsa,13-Jul-19,263880,236560
INDUS,Guddu,13-Jul-19,198260,159852
INDUS,Sukkar,13-Jul-19,120088,63108
INDUS,Kotri,13-Jul-19,37316,261
JHELUM,Kotli,13-Jul-19,-,4930
JHELUM,Mangla,13-Jul-19,60000,9315
JHELUM,Rasul,13-Jul-19,8435,Nil
CHENAB,Jammu Tavi,13-Jul-19,-,-
CHENAB,Marala,13-Jul-19,83176,53026
CHENAB,Khanki,13-Jul-19,63577,55701
CHENAB,Qadirabad,13-Jul-19,61976,39976
CHENAB,Trimmu,13-Jul-19,43126,27526
CHENAB,Punjnad,13-Jul-19,28155,11805
RAVI,Jassar,13-Jul-19,-,1660
RAVI,Balloki,13-Jul-19,40455,7955
RAVI,Sidhnai,13-Jul-19,18355,3305
SUTLEJ,Sulemanki,13-Jul-19,14861,2508
SUTLEJ,Islam,13-Jul-19,1191,Nil
INDUS,Kalabagh,13-Jul-19,253092,245092
INDUS,Chashma,13-Jul-19,256560,250060
INDUS,Taunsa,13-Jul-19,249658,223332
INDUS,Guddu,13-Jul-19,198260,159852
INDUS,Sukkar,13-Jul-19,120088,63108
INDUS,Kotri,13-Jul-19,38815,530
JHELUM,Kotli,13-Jul-19,-,4930
JHELUM,Mangla,13-Jul-19,61000,10115
JHELUM,Rasul,13-Jul-19,8435,Nil
CHENAB,Jammu Tavi,13-Jul-19,-,-
CHENAB,Marala,13-Jul-19,79402,49252
CHENAB,Khanki,13-Jul-19,58780,50904
CHENAB,Qadirabad,13-Jul-19,61976,39976
CHENAB,Trimmu,13-Jul-19,45553,29953
CHENAB,Punjnad,13-Jul-19,28155,11805
RAVI,Jassar,13-Jul-19,-,1566
RAVI,Balloki,13-Jul-19,41330,8830
RAVI,Sidhnai,13-Jul-19,17083,1983
SUTLEJ,Sulemanki,13-Jul-19,14861,2508
SUTLEJ,Islam,13-Jul-19,1150,Nil
INDUS,Kalabagh,13-Jul-19,241579,233579
INDUS,Chashma,13-Jul-19,256261,249761
INDUS,Taunsa,13-Jul-19,249658,223332
INDUS,Guddu,13-Jul-19,198260,159852
INDUS,Sukkar,13-Jul-19,120088,63108
INDUS,Kotri,13-Jul-19,38815,530
JHELUM,Kotli,13-Jul-19,-,4660
JHELUM,Mangla,13-Jul-19,72000,14255
JHELUM,Rasul,13-Jul-19,8435,NIL
CHENAB,Jammu Tavi,13-Jul-19,-,-
CHENAB,Marala,13-Jul-19,83176,53026
CHENAB,Khanki,13-Jul-19,60004,52300
CHENAB,Qadirabad,13-Jul-19,61976,39976
CHENAB,Trimmu,13-Jul-19,45553,29953
CHENAB,Punjnad,13-Jul-19,28255,11805
RAVI,Jassar,13-Jul-19,-,1753
RAVI,Balloki,13-Jul-19,41330,8830
RAVI,Sidhnai,13-Jul-19,17083,1983
SUTLEJ,Sulemanki,13-Jul-19,14861,2508
SUTLEJ,Islam,13-Jul-19,1150,NIL
INDUS,Kalabagh,14-Jul-19,248414,240414
INDUS,Chashma,14-Jul-19,256514,250014
INDUS,Taunsa,14-Jul-19,249658,223332
INDUS,Guddu,14-Jul-19,199754,159852
INDUS,Sukkar,14-Jul-19,130063,72303
INDUS,Kotri,14-Jul-19,39145,710
JHELUM,Kotli,14-Jul-19,-,4530
JHELUM,Mangla,14-Jul-19,60000,13915
JHELUM,Rasul,14-Jul-19,8435,NIL
CHENAB,Jammu Tavi,14-Jul-19,-,-
CHENAB,Marala,14-Jul-19,83176,53026
CHENAB,Khanki,14-Jul-19,55764,48060
CHENAB,Qadirabad,14-Jul-19,61976,39976
CHENAB,Trimmu,14-Jul-19,45553,29953
CHENAB,Punjnad,14-Jul-19,28255,11805
RAVI,Jassar,14-Jul-19,-,1941
RAVI,Balloki,14-Jul-19,40455,7955
RAVI,Sidhnai,14-Jul-19,17083,1983
SUTLEJ,Sulemanki,14-Jul-19,14861,2508
SUTLEJ,Islam,14-Jul-19,1150,NIL
INDUS,Kalabagh,14-Jul-19,266491,258491
INDUS,Chashma,14-Jul-19,256480,249980
INDUS,Taunsa,14-Jul-19,249658,223332
INDUS,Guddu,14-Jul-19,202124,161262
INDUS,Sukkar,14-Jul-19,130063,72303
INDUS,Kotri,14-Jul-19,39325,710
JHELUM,Kotli,14-Jul-19,-,4530
JHELUM,Mangla,14-Jul-19,67000,11515
JHELUM,Rasul,14-Jul-19,7255,NIL
CHENAB,Jammu Tavi,14-Jul-19,-,-
CHENAB,Marala,14-Jul-19,82876,53026
CHENAB,Khanki,14-Jul-19,59666,52300
CHENAB,Qadirabad,14-Jul-19,61976,39976
CHENAB,Trimmu,14-Jul-19,45553,29953
CHENAB,Punjnad,14-Jul-19,26369,9919
RAVI,Jassar,14-Jul-19,-,2888
RAVI,Balloki,14-Jul-19,40330,8830
RAVI,Sidhnai,14-Jul-19,17083,1983
SUTLEJ,Sulemanki,14-Jul-19,14861,2508
SUTLEJ,Islam,14-Jul-19,1150,NIL
INDUS,Kalabagh,14-Jul-19,265536,257536
INDUS,Chashma,14-Jul-19,257533,250098
INDUS,Taunsa,14-Jul-19,256541,229715
INDUS,Guddu,14-Jul-19,206469,165607
INDUS,Sukkar,14-Jul-19,134750,77050
INDUS,Kotri,14-Jul-19,39065,710
JHELUM,Kotli,14-Jul-19,-,6080
JHELUM,Mangla,14-Jul-19,57000,11115
JHELUM,Rasul,14-Jul-19,13596,5341
CHENAB,Jammu Tavi,14-Jul-19,-,-
CHENAB,Marala,14-Jul-19,82876,53026
CHENAB,Khanki,14-Jul-19,62876,55701
CHENAB,Qadirabad,14-Jul-19,59404,37404
CHENAB,Trimmu,14-Jul-19,42238,26638
CHENAB,Punjnad,14-Jul-19,26369,9919
RAVI,Jassar,14-Jul-19,-,2635
RAVI,Balloki,14-Jul-19,40330,8830
RAVI,Sidhnai,14-Jul-19,17097,1997
SUTLEJ,Sulemanki,14-Jul-19,14861,2508
SUTLEJ,Islam,14-Jul-19,1094,NIL
INDUS,Kalabagh,14-Jul-19,247486,239486
INDUS,Chashma,14-Jul-19,258707,249959
INDUS,Taunsa,14-Jul-19,256541,229715
INDUS,Guddu,14-Jul-19,206469,165607
INDUS,Sukkar,14-Jul-19,134750,77050
INDUS,Kotri,14-Jul-19,39065,710
JHELUM,Kotli,14-Jul-19,-,4790
JHELUM,Mangla,14-Jul-19,64000,18015
JHELUM,Rasul,14-Jul-19,8255,Nil
CHENAB,Jammu Tavi,14-Jul-19,-,-
CHENAB,Marala,14-Jul-19,82826,53026
CHENAB,Khanki,14-Jul-19,58009,50904
CHENAB,Qadirabad,14-Jul-19,59404,37404
CHENAB,Trimmu,14-Jul-19,42238,26638
CHENAB,Punjnad,14-Jul-19,26369,9919
RAVI,Jassar,14-Jul-19,-,2382
RAVI,Balloki,14-Jul-19,40455,7955
RAVI,Sidhnai,14-Jul-19,17097,1997
SUTLEJ,Sulemanki,14-Jul-19,14861,2508
SUTLEJ,Islam,14-Jul-19,1094,NIL
INDUS,Kalabagh,15-Jul-19,255153,247153
INDUS,Chashma,15-Jul-19,260402,250152
INDUS,Taunsa,15-Jul-19,261682,234582
INDUS,Guddu,15-Jul-19,214935,174823
INDUS,Sukkar,15-Jul-19,139665,80265
INDUS,Kotri,15-Jul-19,39065,710
JHELUM,Kotli,15-Jul-19,-,4660
JHELUM,Mangla,15-Jul-19,61000,10115
JHELUM,Rasul,15-Jul-19,8255,Nil
CHENAB,Jammu Tavi,15-Jul-19,-,-
CHENAB,Marala,15-Jul-19,79052,49252
CHENAB,Khanki,15-Jul-19,52255,45150
CHENAB,Qadirabad,15-Jul-19,59404,37404
CHENAB,Trimmu,15-Jul-19,40318,24718
CHENAB,Punjnad,15-Jul-19,23971,7521
RAVI,Jassar,15-Jul-19,-,2888
RAVI,Balloki,15-Jul-19,40455,7955
RAVI,Sidhnai,15-Jul-19,17083,1983
SUTLEJ,Sulemanki,15-Jul-19,14861,2508
SUTLEJ,Islam,15-Jul-19,1150,NIL
INDUS,Kalabagh,15-Jul-19,265536,257536
INDUS,Chashma,15-Jul-19,261578,250078
INDUS,Taunsa,15-Jul-19,261682,234582
INDUS,Guddu,15-Jul-19,222502,182067
INDUS,Sukkar,15-Jul-19,139665,80265
INDUS,Kotri,15-Jul-19,39095,710
JHELUM,Kotli,15-Jul-19,-,4530
JHELUM,Mangla,15-Jul-19,67000,11615
JHELUM,Rasul,15-Jul-19,8255,Nil
CHENAB,Jammu Tavi,15-Jul-19,-,-
CHENAB,Marala,15-Jul-19,75278,45478
CHENAB,Khanki,15-Jul-19,58009,50904
CHENAB,Qadirabad,15-Jul-19,59404,37404
CHENAB,Trimmu,15-Jul-19,38340,22740
CHENAB,Punjnad,15-Jul-19,23971,7521
RAVI,Jassar,15-Jul-19,-,5845
RAVI,Balloki,15-Jul-19,39830,8830
RAVI,Sidhnai,15-Jul-19,17083,1983
SUTLEJ,Sulemanki,15-Jul-19,14861,2508
SUTLEJ,Islam,15-Jul-19,1150,Nil
INDUS,Kalabagh,15-Jul-19,266491,258491
INDUS,Chashma,15-Jul-19,261464,249964
INDUS,Taunsa,15-Jul-19,261760,240060
INDUS,Guddu,15-Jul-19,222502,182067
INDUS,Sukkar,15-Jul-19,139665,80265
INDUS,Kotri,15-Jul-19,39095,710
JHELUM,Kotli,15-Jul-19,-,4530
JHELUM,Mangla,15-Jul-19,63000,10715
JHELUM,Rasul,15-Jul-19,8255,Nil
CHENAB,Jammu Tavi,15-Jul-19,-,-
CHENAB,Marala,15-Jul-19,89439,59689
CHENAB,Khanki,15-Jul-19,58009,50904
CHENAB,Qadirabad,15-Jul-19,59404,37404
CHENAB,Trimmu,15-Jul-19,38340,22740
CHENAB,Punjnad,15-Jul-19,23971,7521
RAVI,Jassar,15-Jul-19,-,4407
RAVI,Balloki,15-Jul-19,40455,7955
RAVI,Sidhnai,15-Jul-19,17056,1656
SUTLEJ,Sulemanki,15-Jul-19,14811,2508
SUTLEJ,Islam,15-Jul-19,1150,Nil
INDUS,Kalabagh,15-Jul-19,252136,244136
INDUS,Chashma,15-Jul-19,261529,250029
INDUS,Taunsa,15-Jul-19,259760,240060
INDUS,Guddu,15-Jul-19,222502,182067
INDUS,Sukkar,15-Jul-19,139665,80265
INDUS,Kotri,15-Jul-19,39095,710
JHELUM,Kotli,15-Jul-19,-,6870
JHELUM,Mangla,15-Jul-19,63000,14115
JHELUM,Rasul,15-Jul-19,8305,Nil
CHENAB,Jammu Tavi,15-Jul-19,-,-
CHENAB,Marala,15-Jul-19,89439,59689
CHENAB,Khanki,15-Jul-19,48451,41382
CHENAB,Qadirabad,15-Jul-19,56925,34925
CHENAB,Trimmu,15-Jul-19,38240,22740
CHENAB,Punjnad,15-Jul-19,23971,7521
RAVI,Jassar,15-Jul-19,-,3648
RAVI,Balloki,15-Jul-19,40455,7955
RAVI,Sidhnai,15-Jul-19,18044,2644
SUTLEJ,Sulemanki,15-Jul-19,14811,2508
SUTLEJ,Islam,15-Jul-19,1150,NIL
INDUS,Kalabagh,16-Jul-19,214428,206428
INDUS,Chashma,16-Jul-19,261456,249956
INDUS,Taunsa,16-Jul-19,260426,240726
INDUS,Guddu,16-Jul-19,223467,182067
INDUS,Sukkar,16-Jul-19,141485,81785
INDUS,Kotri,16-Jul-19,39175,790
JHELUM,Kotli,16-Jul-19,-,6870
JHELUM,Mangla,16-Jul-19,61000,11815
JHELUM,Rasul,16-Jul-19,8305,Nil
CHENAB,Jammu Tavi,16-Jul-19,-,-
CHENAB,Marala,16-Jul-19,84086,54336
CHENAB,Khanki,16-Jul-19,50349,43280
CHENAB,Qadirabad,16-Jul-19,56925,34925
CHENAB,Trimmu,16-Jul-19,38240,22740
CHENAB,Punjnad,16-Jul-19,23971,7521
RAVI,Jassar,16-Jul-19,-,3901
RAVI,Balloki,16-Jul-19,41330,8830
RAVI,Sidhnai,16-Jul-19,18044,2644
SUTLEJ,Sulemanki,16-Jul-19,14811,2508
SUTLEJ,Islam,16-Jul-19,1150,NIL
INDUS,Kalabagh,16-Jul-19,256088,248088
INDUS,Chashma,16-Jul-19,262105,250605
INDUS,Taunsa,16-Jul-19,260426,240726
INDUS,Guddu,16-Jul-19,223467,182067
INDUS,Sukkar,16-Jul-19,141485,81785
INDUS,Kotri,16-Jul-19,39595,790
JHELUM,Kotli,16-Jul-19,-,4790
JHELUM,Mangla,16-Jul-19,59000,11615
JHELUM,Rasul,16-Jul-19,8305,Nil
CHENAB,Jammu Tavi,16-Jul-19,-,-
CHENAB,Marala,16-Jul-19,84186,54336
CHENAB,Khanki,16-Jul-19,61298,54028
CHENAB,Qadirabad,16-Jul-19,51926,29926
CHENAB,Trimmu,16-Jul-19,38240,22740
CHENAB,Punjnad,16-Jul-19,23971,7521
RAVI,Jassar,16-Jul-19,-,1941
RAVI,Balloki,16-Jul-19,42210,9710
RAVI,Sidhnai,16-Jul-19,18044,2644
SUTLEJ,Sulemanki,16-Jul-19,14811,2508
SUTLEJ,Islam,16-Jul-19,1150,NIL
INDUS,Kalabagh,16-Jul-19,265536,257536
INDUS,Chashma,16-Jul-19,261543,250043
INDUS,Taunsa,16-Jul-19,260426,240726
INDUS,Guddu,16-Jul-19,223467,182067
INDUS,Sukkar,16-Jul-19,141485,81785
INDUS,Kotri,16-Jul-19,39975,790
JHELUM,Kotli,16-Jul-19,-,4530
JHELUM,Mangla,16-Jul-19,58000,11815
JHELUM,Rasul,16-Jul-19,8305,Nil
CHENAB,Jammu Tavi,16-Jul-19,-,-
CHENAB,Marala,16-Jul-19,82014,52814
CHENAB,Khanki,16-Jul-19,62617,55701
CHENAB,Qadirabad,16-Jul-19,59404,37404
CHENAB,Trimmu,16-Jul-19,38340,22740
CHENAB,Punjnad,16-Jul-19,23971,7521
RAVI,Jassar,16-Jul-19,-,1660
RAVI,Balloki,16-Jul-19,41585,10585
RAVI,Sidhnai,16-Jul-19,18705,3305
SUTLEJ,Sulemanki,16-Jul-19,16478,4175
SUTLEJ,Islam,16-Jul-19,1150,Nil
INDUS,Kalabagh,16-Jul-19,255133,247133
INDUS,Chashma,16-Jul-19,259979,249894
INDUS,Taunsa,16-Jul-19,260426,240726
INDUS,Guddu,16-Jul-19,223467,182067
INDUS,Sukkar,16-Jul-19,141485,81785
INDUS,Kotri,16-Jul-19,39975,790
JHELUM,Kotli,16-Jul-19,-,4660
JHELUM,Mangla,16-Jul-19,60000,13415
JHELUM,Rasul,16-Jul-19,8305,Nil
CHENAB,Jammu Tavi,16-Jul-19,-,-
CHENAB,Marala,16-Jul-19,85667,58167
CHENAB,Khanki,16-Jul-19,57358,50904
CHENAB,Qadirabad,16-Jul-19,59404,37404
CHENAB,Trimmu,16-Jul-19,37801,22301
CHENAB,Punjnad,16-Jul-19,23971,7521
RAVI,Jassar,16-Jul-19,-,2035
RAVI,Balloki,16-Jul-19,43965,11465
RAVI,Sidhnai,16-Jul-19,18705,3305
SUTLEJ,Sulemanki,16-Jul-19,16331,4175
SUTLEJ,Islam,16-Jul-19,1150,NIL
INDUS,Kalabagh,17-Jul-19,244672,236672
INDUS,Chashma,17-Jul-19,261207,249707
INDUS,Taunsa,17-Jul-19,259211,239511
INDUS,Guddu,17-Jul-19,223687,182067
INDUS,Sukkar,17-Jul-19,150020,90330
INDUS,Kotri,17-Jul-19,40320,795
JHELUM,Kotli,17-Jul-19,-,4530
JHELUM,Mangla,17-Jul-19,55000,13415
JHELUM,Rasul,17-Jul-19,8305,Nil
CHENAB,Jammu Tavi,17-Jul-19,-,-
CHENAB,Marala,17-Jul-19,80314,52814
CHENAB,Khanki,17-Jul-19,49734,43280
CHENAB,Qadirabad,17-Jul-19,59404,37404
CHENAB,Trimmu,17-Jul-19,42061,26561
CHENAB,Punjnad,17-Jul-19,28225,11805
RAVI,Jassar,17-Jul-19,-,2635
RAVI,Balloki,17-Jul-19,46600,14100
RAVI,Sidhnai,17-Jul-19,18044,2644
SUTLEJ,Sulemanki,17-Jul-19,19074,6918
SUTLEJ,Islam,17-Jul-19,1295,NIL
INDUS,Kalabagh,17-Jul-19,247459,239459
INDUS,Chashma,17-Jul-19,261460,249960
INDUS,Taunsa,17-Jul-19,259211,239511
INDUS,Guddu,17-Jul-19,229383,189263
INDUS,Sukkar,17-Jul-19,150020,90330
INDUS,Kotri,17-Jul-19,41440,795
JHELUM,Kotli,17-Jul-19,-,4530
JHELUM,Mangla,17-Jul-19,55000,13415
JHELUM,Rasul,17-Jul-19,8435,Nil
CHENAB,Jammu Tavi,17-Jul-19,-,-
CHENAB,Marala,17-Jul-19,69608,42108
CHENAB,Khanki,17-Jul-19,54514,48060
CHENAB,Qadirabad,17-Jul-19,59404,37404
CHENAB,Trimmu,17-Jul-19,42061,26561
CHENAB,Punjnad,17-Jul-19,29179,12759
RAVI,Jassar,17-Jul-19,-,1847
RAVI,Balloki,17-Jul-19,48050,15550
RAVI,Sidhnai,17-Jul-19,18705,3305
SUTLEJ,Sulemanki,17-Jul-19,19074,6918
SUTLEJ,Islam,17-Jul-19,1295,NIL
INDUS,Kalabagh,17-Jul-19,266491,258491
INDUS,Chashma,17-Jul-19,261220,249720
INDUS,Taunsa,17-Jul-19,259211,239511
INDUS,Guddu,17-Jul-19,231544,191634
INDUS,Sukkar,17-Jul-19,150020,90330
INDUS,Kotri,17-Jul-19,44621,2396
JHELUM,Kotli,17-Jul-19,-,4270
JHELUM,Mangla,17-Jul-19,52000,11015
JHELUM,Rasul,17-Jul-19,8435,Nil
CHENAB,Jammu Tavi,17-Jul-19,-,-
CHENAB,Marala,17-Jul-19,80314,52814
CHENAB,Khanki,17-Jul-19,58800,52300
CHENAB,Qadirabad,17-Jul-19,55726,33726
CHENAB,Trimmu,17-Jul-19,42061,26561
CHENAB,Punjnad,17-Jul-19,29179,12759
RAVI,Jassar,17-Jul-19,-,1753
RAVI,Balloki,17-Jul-19,48050,15550
RAVI,Sidhnai,17-Jul-19,18705,3305
SUTLEJ,Sulemanki,17-Jul-19,20883,8727
SUTLEJ,Islam,17-Jul-19,1295,Nil
INDUS,Kalabagh,17-Jul-19,256088,248088
INDUS,Chashma,17-Jul-19,261679,250179
INDUS,Taunsa,17-Jul-19,272853,259153
INDUS,Guddu,17-Jul-19,231544,191634
INDUS,Sukkar,17-Jul-19,150020,90330
INDUS,Kotri,17-Jul-19,44621,2396
JHELUM,Kotli,17-Jul-19,-,4150
JHELUM,Mangla,17-Jul-19,48000,16415
JHELUM,Rasul,17-Jul-19,8435,Nil
CHENAB,Jammu Tavi,17-Jul-19,-,-
CHENAB,Marala,17-Jul-19,74961,47461
CHENAB,Khanki,17-Jul-19,51650,45150
CHENAB,Qadirabad,17-Jul-19,58215,36215
CHENAB,Trimmu,17-Jul-19,42061,26561
CHENAB,Punjnad,17-Jul-19,29179,12759
RAVI,Jassar,17-Jul-19,-,2035
RAVI,Balloki,17-Jul-19,48050,15550
RAVI,Sidhnai,17-Jul-19,18705,3305
SUTLEJ,Sulemanki,17-Jul-19,20883,8727
SUTLEJ,Islam,17-Jul-19,1295,NIL
INDUS,Kalabagh,18-Jul-19,223795,215795
INDUS,Chashma,18-Jul-19,260655,250393
INDUS,Taunsa,18-Jul-19,272853,259153
INDUS,Guddu,18-Jul-19,232425,195763
INDUS,Sukkar,18-Jul-19,156014,96744
INDUS,Kotri,18-Jul-19,48274,5449
JHELUM,Kotli,18-Jul-19,-,4020
JHELUM,Mangla,18-Jul-19,45000,9515
JHELUM,Rasul,18-Jul-19,8435,Nil
CHENAB,Jammu Tavi,18-Jul-19,-,-
CHENAB,Marala,18-Jul-19,69608,42108
CHENAB,Khanki,18-Jul-19,46442,39942
CHENAB,Qadirabad,18-Jul-19,58215,36215
CHENAB,Trimmu,18-Jul-19,42061,26561
CHENAB,Punjnad,18-Jul-19,28225,11805
RAVI,Jassar,18-Jul-19,-,2382
RAVI,Balloki,18-Jul-19,48050,15550
RAVI,Sidhnai,18-Jul-19,18705,3305
SUTLEJ,Sulemanki,18-Jul-19,20883,8727
SUTLEJ,Islam,18-Jul-19,1450,NIL
INDUS,Kalabagh,18-Jul-19,256907,248907
INDUS,Chashma,18-Jul-19,261582,250082
INDUS,Taunsa,18-Jul-19,272853,259153
INDUS,Guddu,18-Jul-19,237246,202574
INDUS,Sukkar,18-Jul-19,156014,96744
INDUS,Kotri,18-Jul-19,58056,14561
JHELUM,Kotli,18-Jul-19,-,6080
JHELUM,Mangla,18-Jul-19,53000,13915
JHELUM,Rasul,18-Jul-19,8435,Nil
CHENAB,Jammu Tavi,18-Jul-19,-,-
CHENAB,Marala,18-Jul-19,69808,42108
CHENAB,Khanki,18-Jul-19,48321,41382
CHENAB,Qadirabad,18-Jul-19,50629,28629
CHENAB,Trimmu,18-Jul-19,42061,26561
CHENAB,Punjnad,18-Jul-19,28225,11805
RAVI,Jassar,18-Jul-19,-,1941
RAVI,Balloki,18-Jul-19,48485,15985
RAVI,Sidhnai,18-Jul-19,19366,3966
SUTLEJ,Sulemanki,18-Jul-19,20883,8727
SUTLEJ,Islam,18-Jul-19,1450,NIL
INDUS,Kalabagh,18-Jul-19,279890,271890
INDUS,Chashma,18-Jul-19,254314,242814
INDUS,Taunsa,18-Jul-19,266917,248717
INDUS,Guddu,18-Jul-19,238236,202574
INDUS,Sukkar,18-Jul-19,156014,96744
INDUS,Kotri,18-Jul-19,64207,20892
JHELUM,Kotli,18-Jul-19,-,4660
JHELUM,Mangla,18-Jul-19,48000,9115
JHELUM,Rasul,18-Jul-19,8435,Nil
CHENAB,Jammu Tavi,18-Jul-19,-,-
CHENAB,Marala,18-Jul-19,80464,52814
CHENAB,Khanki,18-Jul-19,48344,41382
CHENAB,Qadirabad,18-Jul-19,50629,28629
CHENAB,Trimmu,18-Jul-19,41861,26561
CHENAB,Punjnad,18-Jul-19,26831,10411
RAVI,Jassar,18-Jul-19,-,2035
RAVI,Balloki,18-Jul-19,46680,14180
RAVI,Sidhnai,18-Jul-19,19366,3966
SUTLEJ,Sulemanki,18-Jul-19,20883,8727
SUTLEJ,Islam,18-Jul-19,1450,Nil
INDUS,Kalabagh,18-Jul-19,264321,256321
INDUS,Chashma,18-Jul-19,255598,244098
INDUS,Taunsa,18-Jul-19,266917,248717
INDUS,Guddu,18-Jul-19,238236,202574
INDUS,Sukkar,18-Jul-19,156014,96744
INDUS,Kotri,18-Jul-19,64207,20892
JHELUM,Kotli,18-Jul-19,-,7360
JHELUM,Mangla,18-Jul-19,52000,16515
JHELUM,Rasul,18-Jul-19,8435,Nil
CHENAB,Jammu Tavi,18-Jul-19,-,-
CHENAB,Marala,18-Jul-19,85917,58167
CHENAB,Khanki,18-Jul-19,48344,41382
CHENAB,Qadirabad,18-Jul-19,50629,28629
CHENAB,Trimmu,18-Jul-19,41123,26561
CHENAB,Punjnad,18-Jul-19,26831,10411
RAVI,Jassar,18-Jul-19,-,2380
RAVI,Balloki,18-Jul-19,46680,14180
RAVI,Sidhnai,18-Jul-19,20388,5288
SUTLEJ,Sulemanki,18-Jul-19,20934,9677
SUTLEJ,Islam,18-Jul-19,1450,NIL
INDUS,Kalabagh,19-Jul-19,246504,238504
INDUS,Chashma,19-Jul-19,254335,242835
INDUS,Taunsa,19-Jul-19,268948,248748
INDUS,Guddu,19-Jul-19,242391,204724
INDUS,Sukkar,19-Jul-19,168770,109500
INDUS,Kotri,19-Jul-19,65409,22614
JHELUM,Kotli,19-Jul-19,-,6240
JHELUM,Mangla,19-Jul-19,55000,10815
JHELUM,Rasul,19-Jul-19,7435,Nil
CHENAB,Jammu Tavi,19-Jul-19,-,-
CHENAB,Marala,19-Jul-19,80564,52814
CHENAB,Khanki,19-Jul-19,45161,38199
CHENAB,Qadirabad,19-Jul-19,50629,28629
CHENAB,Trimmu,19-Jul-19,41103,28303
CHENAB,Punjnad,19-Jul-19,23941,7521
RAVI,Jassar,19-Jul-19,-,2888
RAVI,Balloki,19-Jul-19,44875,12375
RAVI,Sidhnai,19-Jul-19,19877,4627
SUTLEJ,Sulemanki,19-Jul-19,20934,9677
SUTLEJ,Islam,19-Jul-19,1650,NIL
INDUS,Kalabagh,19-Jul-19,246504,238504
INDUS,Chashma,19-Jul-19,255640,244140
INDUS,Taunsa,19-Jul-19,268948,248748
INDUS,Guddu,19-Jul-19,238888,200726
INDUS,Sukkar,19-Jul-19,168770,109500
INDUS,Kotri,19-Jul-19,69058,25983
JHELUM,Kotli,19-Jul-19,-,5355
JHELUM,Mangla,19-Jul-19,56000,12315
JHELUM,Rasul,19-Jul-19,6435,NIL
CHENAB,Jammu Tavi,19-Jul-19,-,-
CHENAB,Marala,19-Jul-19,75461,47461
CHENAB,Khanki,19-Jul-19,52444,45150
CHENAB,Qadirabad,19-Jul-19,44205,22205
CHENAB,Trimmu,19-Jul-19,43133,30333
CHENAB,Punjnad,19-Jul-19,23941,7521
RAVI,Jassar,19-Jul-19,-,2382
RAVI,Balloki,19-Jul-19,44875,12375
RAVI,Sidhnai,19-Jul-19,19877,4627
SUTLEJ,Sulemanki,19-Jul-19,21534,9677
SUTLEJ,Islam,19-Jul-19,1650,NIL
INDUS,Kalabagh,19-Jul-19,254178,246178
INDUS,Chashma,19-Jul-19,257038,245538
INDUS,Taunsa,19-Jul-19,268824,247124
INDUS,Guddu,19-Jul-19,238888,200726
INDUS,Sukkar,19-Jul-19,172040,112770
INDUS,Kotri,19-Jul-19,73499,30284
JHELUM,Kotli,19-Jul-19,-,4660
JHELUM,Mangla,19-Jul-19,-,15515
JHELUM,Rasul,19-Jul-19,6435,NIL
CHENAB,Jammu Tavi,19-Jul-19,-,-
CHENAB,Marala,19-Jul-19,75461,47461
CHENAB,Khanki,19-Jul-19,55354,48060
CHENAB,Qadirabad,19-Jul-19,48036,26036
CHENAB,Trimmu,19-Jul-19,41103,28303
CHENAB,Punjnad,19-Jul-19,23941,7521
RAVI,Jassar,19-Jul-19,-,1753
RAVI,Balloki,19-Jul-19,45780,14180
RAVI,Sidhnai,19-Jul-19,19366,3966
SUTLEJ,Sulemanki,19-Jul-19,21534,9677
SUTLEJ,Islam,19-Jul-19,1650,NIL
INDUS,Kalabagh,19-Jul-19,256801,248801
INDUS,Chashma,19-Jul-19,256604,245104
INDUS,Taunsa,19-Jul-19,268824,247124
INDUS,Guddu,19-Jul-19,238888,200726
INDUS,Sukkar,19-Jul-19,172040,112770
INDUS,Kotri,19-Jul-19,73499,30284
JHELUM,Kotli,19-Jul-19,-,6080
JHELUM,Mangla,19-Jul-19,54000,13615
JHELUM,Rasul,19-Jul-19,6435,NIL
CHENAB,Jammu Tavi,19-Jul-19,-,-
CHENAB,Marala,19-Jul-19,86667,58167
CHENAB,Khanki,19-Jul-19,55318,48060
CHENAB,Qadirabad,19-Jul-19,50629,28629
CHENAB,Trimmu,19-Jul-19,41103,28303
CHENAB,Punjnad,19-Jul-19,23941,7521
RAVI,Jassar,19-Jul-19,-,1847
RAVI,Balloki,19-Jul-19,45780,14180
RAVI,Sidhnai,19-Jul-19,19316,3966
SUTLEJ,Sulemanki,19-Jul-19,21534,9677
SUTLEJ,Islam,19-Jul-19,1650,NIL
INDUS,Kalabagh,20-Jul-19,247459,239459
INDUS,Chashma,20-Jul-19,251831,240331
INDUS,Taunsa,20-Jul-19,266658,244958
INDUS,Guddu,20-Jul-19,238888,200726
INDUS,Sukkar,20-Jul-19,180100,120680
INDUS,Kotri,20-Jul-19,73499,30284
JHELUM,Kotli,20-Jul-19,-,6240
JHELUM,Mangla,20-Jul-19,52000,11315
JHELUM,Rasul,20-Jul-19,6435,NIL
CHENAB,Jammu Tavi,20-Jul-19,-,-
CHENAB,Marala,20-Jul-19,86667,58167
CHENAB,Khanki,20-Jul-19,50538,43280
CHENAB,Qadirabad,20-Jul-19,50629,28629
CHENAB,Trimmu,20-Jul-19,41103,28303
CHENAB,Punjnad,20-Jul-19,23941,7521
RAVI,Jassar,20-Jul-19,-,2035
RAVI,Balloki,20-Jul-19,44875,13275
RAVI,Sidhnai,20-Jul-19,19316,3966
SUTLEJ,Sulemanki,20-Jul-19,21534,9677
SUTLEJ,Islam,20-Jul-19,3427,1777
INDUS,Kalabagh,20-Jul-19,228149,220149
INDUS,Chashma,20-Jul-19,246357,234857
INDUS,Taunsa,20-Jul-19,266658,244958
INDUS,Guddu,20-Jul-19,237890,200726
INDUS,Sukkar,20-Jul-19,180100,120680
INDUS,Kotri,20-Jul-19,74997,31782
JHELUM,Kotli,20-Jul-19,-,5070
JHELUM,Mangla,20-Jul-19,53000,18015
JHELUM,Rasul,20-Jul-19,8435,Nil
CHENAB,Jammu Tavi,20-Jul-19,-,-
CHENAB,Marala,20-Jul-19,75961,47461
CHENAB,Khanki,20-Jul-19,58210,50904
CHENAB,Qadirabad,20-Jul-19,50629,28629
CHENAB,Trimmu,20-Jul-19,41103,28303
CHENAB,Punjnad,20-Jul-19,22977,6557
RAVI,Jassar,20-Jul-19,-,2129
RAVI,Balloki,20-Jul-19,43975,12375
RAVI,Sidhnai,20-Jul-19,20638,5288
SUTLEJ,Sulemanki,20-Jul-19,21534,9677
SUTLEJ,Islam,20-Jul-19,3427,1777
INDUS,Kalabagh,20-Jul-19,247459,239459
INDUS,Chashma,20-Jul-19,247863,234948
INDUS,Taunsa,20-Jul-19,266658,244958
INDUS,Guddu,20-Jul-19,239468,204646
INDUS,Sukkar,20-Jul-19,180100,120680
INDUS,Kotri,20-Jul-19,75039,30284
JHELUM,Kotli,20-Jul-19,-,4660
JHELUM,Mangla,20-Jul-19,50000,7615
JHELUM,Rasul,20-Jul-19,3435,NIL
CHENAB,Jammu Tavi,20-Jul-19,-,-
CHENAB,Marala,20-Jul-19,82708,52814
CHENAB,Khanki,20-Jul-19,59606,52300
CHENAB,Qadirabad,20-Jul-19,54925,34925
CHENAB,Trimmu,20-Jul-19,40574,27774
CHENAB,Punjnad,20-Jul-19,22977,6557
RAVI,Jassar,20-Jul-19,-,2035
RAVI,Balloki,20-Jul-19,43975,12375
RAVI,Sidhnai,20-Jul-19,20538,5288
SUTLEJ,Sulemanki,20-Jul-19,21534,9677
SUTLEJ,Islam,20-Jul-19,3427,1777
INDUS,Kalabagh,20-Jul-19,256907,248907
INDUS,Chashma,20-Jul-19,246698,235198
INDUS,Taunsa,20-Jul-19,266658,244958
INDUS,Guddu,20-Jul-19,239468,204646
INDUS,Sukkar,20-Jul-19,180100,120680
INDUS,Kotri,20-Jul-19,75039,30284
JHELUM,Kotli,20-Jul-19,-,4660
JHELUM,Mangla,20-Jul-19,50000,7615
JHELUM,Rasul,20-Jul-19,8776,5341
CHENAB,Jammu Tavi,20-Jul-19,-,-
CHENAB,Marala,20-Jul-19,73464,42108
CHENAB,Khanki,20-Jul-19,55402,48060
CHENAB,Qadirabad,20-Jul-19,53726,33726
CHENAB,Trimmu,20-Jul-19,40574,27774
CHENAB,Punjnad,20-Jul-19,23007,6557
RAVI,Jassar,20-Jul-19,-,1941
RAVI,Balloki,20-Jul-19,39840,7540
RAVI,Sidhnai,20-Jul-19,20538,5288
SUTLEJ,Sulemanki,20-Jul-19,21534,9677
SUTLEJ,Islam,20-Jul-19,3427,1777
INDUS,Kalabagh,21-Jul-19,251181,243181
INDUS,Chashma,21-Jul-19,246976,235476
INDUS,Taunsa,21-Jul-19,255103,233403
INDUS,Guddu,21-Jul-19,239755,205292
INDUS,Sukkar,21-Jul-19,180205,120680
INDUS,Kotri,21-Jul-19,75739,30284
JHELUM,Kotli,21-Jul-19,-,4400
JHELUM,Mangla,21-Jul-19,52000,7615
JHELUM,Rasul,21-Jul-19,8776,5341
CHENAB,Jammu Tavi,21-Jul-19,-,-
CHENAB,Marala,21-Jul-19,73608,42108
CHENAB,Khanki,21-Jul-19,48722,41382
CHENAB,Qadirabad,21-Jul-19,53726,33726
CHENAB,Trimmu,21-Jul-19,40574,27774
CHENAB,Punjnad,21-Jul-19,26369,9919
RAVI,Jassar,21-Jul-19,-,2382
RAVI,Balloki,21-Jul-19,40745,8445
RAVI,Sidhnai,21-Jul-19,20488,5288
SUTLEJ,Sulemanki,21-Jul-19,21534,9677
SUTLEJ,Islam,21-Jul-19,5543,4293
INDUS,Kalabagh,21-Jul-19,240617,232617
INDUS,Chashma,21-Jul-19,246510,235010
INDUS,Taunsa,21-Jul-19,255103,233403
INDUS,Guddu,21-Jul-19,237409,201914
INDUS,Sukkar,21-Jul-19,145540,134990
INDUS,Kotri,21-Jul-19,80171,34086
JHELUM,Kotli,21-Jul-19,-,4400
JHELUM,Mangla,21-Jul-19,52000,10515
JHELUM,Rasul,21-Jul-19,3435,Nil
CHENAB,Jammu Tavi,21-Jul-19,-,-
CHENAB,Marala,21-Jul-19,62902,31402
CHENAB,Khanki,21-Jul-19,48629,28629
CHENAB,Qadirabad,21-Jul-19,50629,28629
CHENAB,Trimmu,21-Jul-19,38883,26083
CHENAB,Punjnad,21-Jul-19,26369,9919
RAVI,Jassar,21-Jul-19,-,1660
RAVI,Balloki,21-Jul-19,40745,8445
RAVI,Sidhnai,21-Jul-19,20488,5288
SUTLEJ,Sulemanki,21-Jul-19,21534,9677
SUTLEJ,Islam,21-Jul-19,5543,4293
INDUS,Kalabagh,21-Jul-19,251181,243181
INDUS,Chashma,21-Jul-19,247452,234537
INDUS,Taunsa,21-Jul-19,255103,233403
INDUS,Guddu,21-Jul-19,237065,200600
INDUS,Sukkar,21-Jul-19,185460,141110
INDUS,Kotri,21-Jul-19,81365,35840
JHELUM,Kotli,21-Jul-19,-,4790
JHELUM,Mangla,21-Jul-19,46000,12115
JHELUM,Rasul,21-Jul-19,3435,NIL
CHENAB,Jammu Tavi,21-Jul-19,-,-
CHENAB,Marala,21-Jul-19,73638,42108
CHENAB,Khanki,21-Jul-19,44656,37290
CHENAB,Qadirabad,21-Jul-19,43594,23594
CHENAB,Trimmu,21-Jul-19,35559,22559
CHENAB,Punjnad,21-Jul-19,26369,9919
RAVI,Jassar,21-Jul-19,-,1378
RAVI,Balloki,21-Jul-19,39840,7540
RAVI,Sidhnai,21-Jul-19,20488,5288
SUTLEJ,Sulemanki,21-Jul-19,21534,9677
SUTLEJ,Islam,21-Jul-19,6278,5028
INDUS,Kalabagh,21-Jul-19,255137,247137
INDUS,Chashma,21-Jul-19,246512,235012
INDUS,Taunsa,21-Jul-19,255103,233403
INDUS,Guddu,21-Jul-19,237065,200600
INDUS,Sukkar,21-Jul-19,185460,141110
INDUS,Kotri,21-Jul-19,81365,35840
JHELUM,Kotli,21-Jul-19,-,4930
JHELUM,Mangla,21-Jul-19,46000,9315
JHELUM,Rasul,21-Jul-19,3435,NIL
CHENAB,Jammu Tavi,21-Jul-19,-,-
CHENAB,Marala,21-Jul-19,78991,47461
CHENAB,Khanki,21-Jul-19,40126,32760
CHENAB,Qadirabad,21-Jul-19,40904,20904
CHENAB,Trimmu,21-Jul-19,35559,22559
CHENAB,Punjnad,21-Jul-19,26369,9919
RAVI,Jassar,21-Jul-19,-,1472
RAVI,Balloki,21-Jul-19,39840,7540
RAVI,Sidhnai,21-Jul-19,20188,5288
SUTLEJ,Sulemanki,21-Jul-19,21534,9677
SUTLEJ,Islam,21-Jul-19,6278,5028
INDUS,Kalabagh,22-Jul-19,250236,242236
INDUS,Chashma,22-Jul-19,247043,235543
INDUS,Taunsa,22-Jul-19,255103,233403
INDUS,Guddu,22-Jul-19,227897,191132
INDUS,Sukkar,22-Jul-19,187020,142170
INDUS,Kotri,22-Jul-19,81365,35840
JHELUM,Kotli,22-Jul-19,-,4660
JHELUM,Mangla,22-Jul-19,46000,9055
JHELUM,Rasul,22-Jul-19,3435,NIL
CHENAB,Jammu Tavi,22-Jul-19,-,-
CHENAB,Marala,22-Jul-19,68285,36755
CHENAB,Khanki,22-Jul-19,40126,32760
CHENAB,Qadirabad,22-Jul-19,38401,18401
CHENAB,Trimmu,22-Jul-19,35559,22559
CHENAB,Punjnad,22-Jul-19,26369,9919
RAVI,Jassar,22-Jul-19,-,1660
RAVI,Balloki,22-Jul-19,38035,5735
RAVI,Sidhnai,22-Jul-19,20188,5288
SUTLEJ,Sulemanki,22-Jul-19,21534,9677
SUTLEJ,Islam,22-Jul-19,6278,5028
INDUS,Kalabagh,22-Jul-19,235940,227940
INDUS,Chashma,22-Jul-19,246495,234995
INDUS,Taunsa,22-Jul-19,255103,233403
INDUS,Guddu,22-Jul-19,225853,188295
INDUS,Sukkar,22-Jul-19,187020,142170
INDUS,Kotri,22-Jul-19,86825,42000
JHELUM,Kotli,22-Jul-19,-,5660
JHELUM,Mangla,22-Jul-19,43000,12115
JHELUM,Rasul,22-Jul-19,3435,Nil
CHENAB,Jammu Tavi,22-Jul-19,-,-
CHENAB,Marala,22-Jul-19,52226,20696
CHENAB,Khanki,22-Jul-19,47440,39942
CHENAB,Qadirabad,22-Jul-19,34556,14556
CHENAB,Trimmu,22-Jul-19,35559,22559
CHENAB,Punjnad,22-Jul-19,27051,10601
RAVI,Jassar,22-Jul-19,-,1472
RAVI,Balloki,22-Jul-19,38035,5735
RAVI,Sidhnai,22-Jul-19,19527,4627
SUTLEJ,Sulemanki,22-Jul-19,21587,9677
SUTLEJ,Islam,22-Jul-19,6278,5028
INDUS,Kalabagh,22-Jul-19,246504,238504
INDUS,Chashma,22-Jul-19,246458,234958
INDUS,Taunsa,22-Jul-19,252441,230741
INDUS,Guddu,22-Jul-19,225853,188295
INDUS,Sukkar,22-Jul-19,186130,140050
INDUS,Kotri,22-Jul-19,89377,45602
JHELUM,Kotli,22-Jul-19,-,4400
JHELUM,Mangla,22-Jul-19,55000,8915
JHELUM,Rasul,22-Jul-19,3435,Nil
CHENAB,Jammu Tavi,22-Jul-19,-,-
CHENAB,Marala,22-Jul-19,73888,42108
CHENAB,Khanki,22-Jul-19,47440,39942
CHENAB,Qadirabad,22-Jul-19,40002,20002
CHENAB,Trimmu,22-Jul-19,33587,20587
CHENAB,Punjnad,22-Jul-19,27051,10601
RAVI,Jassar,22-Jul-19,-,1378
RAVI,Balloki,22-Jul-19,38035,5735
RAVI,Sidhnai,22-Jul-19,19577,4627
SUTLEJ,Sulemanki,22-Jul-19,21686,9677
SUTLEJ,Islam,22-Jul-19,6278,5028
INDUS,Kalabagh,22-Jul-19,256907,248907
INDUS,Chashma,22-Jul-19,246742,235242
INDUS,Taunsa,22-Jul-19,252441,230471
INDUS,Guddu,22-Jul-19,225853,188295
INDUS,Sukkar,22-Jul-19,186130,140050
INDUS,Kotri,22-Jul-19,89377,45602
JHELUM,Kotli,22-Jul-19,-,5350
JHELUM,Mangla,22-Jul-19,50000,10515
JHELUM,Rasul,22-Jul-19,3435,Nil
CHENAB,Jammu Tavi,22-Jul-19,-,-
CHENAB,Marala,22-Jul-19,73888,42108
CHENAB,Khanki,22-Jul-19,36190,28692
CHENAB,Qadirabad,22-Jul-19,39709,19709
CHENAB,Trimmu,22-Jul-19,33587,20587
CHENAB,Punjnad,22-Jul-19,27051,10601
RAVI,Jassar,22-Jul-19,-,1566
RAVI,Balloki,22-Jul-19,38035,5735
RAVI,Sidhnai,22-Jul-19,19577,4627
SUTLEJ,Sulemanki,22-Jul-19,21686,9677
SUTLEJ,Islam,22-Jul-19,6478,5028
INDUS,Kalabagh,23-Jul-19,237850,229850
INDUS,Chashma,23-Jul-19,244964,234879
INDUS,Taunsa,23-Jul-19,252441,230741
INDUS,Guddu,23-Jul-19,223604,186194
INDUS,Sukkar,23-Jul-19,182837,134642
INDUS,Kotri,23-Jul-19,90499,48684
JHELUM,Kotli,23-Jul-19,-,5780
JHELUM,Mangla,23-Jul-19,52000,9915
JHELUM,Rasul,23-Jul-19,3435,Nil
CHENAB,Jammu Tavi,23-Jul-19,-,-
CHENAB,Marala,23-Jul-19,79241,47461
CHENAB,Khanki,23-Jul-19,38243,30745
CHENAB,Qadirabad,23-Jul-19,39709,19709
CHENAB,Trimmu,23-Jul-19,33587,20587
CHENAB,Punjnad,23-Jul-19,28255,11805
RAVI,Jassar,23-Jul-19,-,1653
RAVI,Balloki,23-Jul-19,38035,5735
RAVI,Sidhnai,23-Jul-19,18916,3966
SUTLEJ,Sulemanki,23-Jul-19,18593,6584
SUTLEJ,Islam,23-Jul-19,7278,5828
INDUS,Kalabagh,23-Jul-19,237850,229850
INDUS,Chashma,23-Jul-19,246481,234981
INDUS,Taunsa,23-Jul-19,252441,230741
INDUS,Guddu,23-Jul-19,223604,186194
INDUS,Sukkar,23-Jul-19,182837,134642
INDUS,Kotri,23-Jul-19,96560,53325
JHELUM,Kotli,23-Jul-19,-,4530
JHELUM,Mangla,23-Jul-19,40000,9915
JHELUM,Rasul,23-Jul-19,3435,Nil
CHENAB,Jammu Tavi,23-Jul-19,-,-
CHENAB,Marala,23-Jul-19,74388,42108
CHENAB,Khanki,23-Jul-19,45721,38199
CHENAB,Qadirabad,23-Jul-19,27985,7985
CHENAB,Trimmu,23-Jul-19,35559,22559
CHENAB,Punjnad,23-Jul-19,28255,11805
RAVI,Jassar,23-Jul-19,-,1378
RAVI,Balloki,23-Jul-19,38035,5735
RAVI,Sidhnai,23-Jul-19,18255,3305
SUTLEJ,Sulemanki,23-Jul-19,18593,6584
SUTLEJ,Islam,23-Jul-19,7278,5828
INDUS,Kalabagh,23-Jul-19,248414,240414
INDUS,Chashma,23-Jul-19,259521,249436
INDUS,Taunsa,23-Jul-19,249068,227368
INDUS,Guddu,23-Jul-19,223604,186194
INDUS,Sukkar,23-Jul-19,181055,130660
INDUS,Kotri,23-Jul-19,96940,53325
JHELUM,Kotli,23-Jul-19,-,5070
JHELUM,Mangla,23-Jul-19,25000,10715
JHELUM,Rasul,23-Jul-19,3435,Nil
CHENAB,Jammu Tavi,23-Jul-19,-,-
CHENAB,Marala,23-Jul-19,79741,47461
CHENAB,Khanki,23-Jul-19,47464,39942
CHENAB,Qadirabad,23-Jul-19,38401,18401
CHENAB,Trimmu,23-Jul-19,36581,23581
CHENAB,Punjnad,23-Jul-19,28255,11805
RAVI,Jassar,23-Jul-19,-,1472
RAVI,Balloki,23-Jul-19,35350,3050
RAVI,Sidhnai,23-Jul-19,17267,2317
SUTLEJ,Sulemanki,23-Jul-19,18694,6584
SUTLEJ,Islam,23-Jul-19,7278,5828
INDUS,Kalabagh,23-Jul-19,256907,248907
INDUS,Chashma,23-Jul-19,260023,249761
INDUS,Taunsa,23-Jul-19,249068,227368
INDUS,Guddu,23-Jul-19,223604,186194
INDUS,Sukkar,23-Jul-19,181065,130660
INDUS,Kotri,23-Jul-19,96940,53325
JHELUM,Kotli,23-Jul-19,-,4660
JHELUM,Mangla,23-Jul-19,50000,11555
JHELUM,Rasul,23-Jul-19,3435,Nil
CHENAB,Jammu Tavi,23-Jul-19,-,-
CHENAB,Marala,23-Jul-19,85094,52814
CHENAB,Khanki,23-Jul-19,43906,36384
CHENAB,Qadirabad,23-Jul-19,38401,18401
CHENAB,Trimmu,23-Jul-19,36581,23581
CHENAB,Punjnad,23-Jul-19,28255,11805
RAVI,Jassar,23-Jul-19,-,1378
RAVI,Balloki,23-Jul-19,35350,3050
RAVI,Sidhnai,23-Jul-19,17367,2317
SUTLEJ,Sulemanki,23-Jul-19,18590,6584
SUTLEJ,Islam,23-Jul-19,7378,5828
INDUS,Kalabagh,24-Jul-19,245550,237550
INDUS,Chashma,24-Jul-19,261382,249882
INDUS,Taunsa,24-Jul-19,249068,227368
INDUS,Guddu,24-Jul-19,218883,183524
INDUS,Sukkar,24-Jul-19,171270,118800
INDUS,Kotri,24-Jul-19,97040,53325
JHELUM,Kotli,24-Jul-19,-,4530
JHELUM,Mangla,24-Jul-19,48000,8515
JHELUM,Rasul,24-Jul-19,3435,Nil
CHENAB,Jammu Tavi,24-Jul-19,-,-
CHENAB,Marala,24-Jul-19,79741,47461
CHENAB,Khanki,24-Jul-19,45712,38190
CHENAB,Qadirabad,24-Jul-19,38401,18401
CHENAB,Trimmu,24-Jul-19,36581,23581
CHENAB,Punjnad,24-Jul-19,29209,12759
RAVI,Jassar,24-Jul-19,-,1472
RAVI,Balloki,24-Jul-19,35350,3050
RAVI,Sidhnai,24-Jul-19,17367,2317
SUTLEJ,Sulemanki,24-Jul-19,18590,6584
SUTLEJ,Islam,24-Jul-19,7378,5828
INDUS,Kalabagh,24-Jul-19,227195,219195
INDUS,Chashma,24-Jul-19,256940,245440
INDUS,Taunsa,24-Jul-19,249068,227368
INDUS,Guddu,24-Jul-19,218239,183524
INDUS,Sukkar,24-Jul-19,171270,118800
INDUS,Kotri,24-Jul-19,98790,54935
JHELUM,Kotli,24-Jul-19,-,4780
JHELUM,Mangla,24-Jul-19,45000,10515
JHELUM,Rasul,24-Jul-19,3435,Nil
CHENAB,Jammu Tavi,24-Jul-19,-,-
CHENAB,Marala,24-Jul-19,79741,47461
CHENAB,Khanki,24-Jul-19,47537,39942
CHENAB,Qadirabad,24-Jul-19,38401,18401
CHENAB,Trimmu,24-Jul-19,37589,24589
CHENAB,Punjnad,24-Jul-19,29209,12759
RAVI,Jassar,24-Jul-19,-,1284
RAVI,Balloki,24-Jul-19,35550,3050
RAVI,Sidhnai,24-Jul-19,16372,1322
SUTLEJ,Sulemanki,24-Jul-19,18590,6584
SUTLEJ,Islam,24-Jul-19,7378,5828
INDUS,Kalabagh,24-Jul-19,254998,246998
INDUS,Chashma,24-Jul-19,260254,248754
INDUS,Taunsa,24-Jul-19,245736,224036
INDUS,Guddu,24-Jul-19,218239,183524
INDUS,Sukkar,24-Jul-19,171000,116800
INDUS,Kotri,24-Jul-19,98850,54935
JHELUM,Kotli,24-Jul-19,-,4530
JHELUM,Mangla,24-Jul-19,48000,10115
JHELUM,Rasul,24-Jul-19,3435,Nil
CHENAB,Jammu Tavi,24-Jul-19,-,-
CHENAB,Marala,24-Jul-19,90447,58167
CHENAB,Khanki,24-Jul-19,52745,45150
CHENAB,Qadirabad,24-Jul-19,39976,18401
CHENAB,Trimmu,24-Jul-19,34524,21524
CHENAB,Punjnad,24-Jul-19,29209,12759
RAVI,Jassar,24-Jul-19,-,1378
RAVI,Balloki,24-Jul-19,35550,3050
RAVI,Sidhnai,24-Jul-19,15911,661
SUTLEJ,Sulemanki,24-Jul-19,18554,6548
SUTLEJ,Islam,24-Jul-19,7378,5828
INDUS,Kalabagh,24-Jul-19,244595,236595
INDUS,Chashma,24-Jul-19,254783,243293
INDUS,Taunsa,24-Jul-19,245736,224036
INDUS,Guddu,24-Jul-19,218239,183524
INDUS,Sukkar,24-Jul-19,171000,116800
INDUS,Kotri,24-Jul-19,98850,54935
JHELUM,Kotli,24-Jul-19,-,4900
JHELUM,Mangla,24-Jul-19,46000,9615
JHELUM,Rasul,24-Jul-19,2820,Nil
CHENAB,Jammu Tavi,24-Jul-19,-,-
CHENAB,Marala,24-Jul-19,90167,58167
CHENAB,Khanki,24-Jul-19,50875,43280
CHENAB,Qadirabad,24-Jul-19,45568,23568
CHENAB,Trimmu,24-Jul-19,30115,16828
CHENAB,Punjnad,24-Jul-19,29209,12759
RAVI,Jassar,24-Jul-19,-,1472
RAVI,Balloki,24-Jul-19,35550,3050
RAVI,Sidhnai,24-Jul-19,15911,661
SUTLEJ,Sulemanki,24-Jul-19,18554,6548
SUTLEJ,Islam,24-Jul-19,7378,5828
INDUS,Kalabagh,25-Jul-19,228161,220161
INDUS,Chashma,25-Jul-19,255321,243821
INDUS,Taunsa,25-Jul-19,245736,224036
INDUS,Guddu,25-Jul-19,218237,183322
INDUS,Sukkar,25-Jul-19,165020,108600
INDUS,Kotri,25-Jul-19,99987,56492
JHELUM,Kotli,25-Jul-19,-,5410
JHELUM,Mangla,25-Jul-19,70000,9615
JHELUM,Rasul,25-Jul-19,2820,Nil
CHENAB,Jammu Tavi,25-Jul-19,-,-
CHENAB,Marala,25-Jul-19,92674,60674
CHENAB,Khanki,25-Jul-19,52745,45150
CHENAB,Qadirabad,25-Jul-19,45568,23568
CHENAB,Trimmu,25-Jul-19,28724,14724
CHENAB,Punjnad,25-Jul-19,29209,12759
RAVI,Jassar,25-Jul-19,-,1566
RAVI,Balloki,25-Jul-19,35550,3050
RAVI,Sidhnai,25-Jul-19,15584,334
SUTLEJ,Sulemanki,25-Jul-19,18554,6548
SUTLEJ,Islam,25-Jul-19,6678,5028
INDUS,Kalabagh,25-Jul-19,253091,245091
INDUS,Chashma,25-Jul-19,252229,241849
INDUS,Taunsa,25-Jul-19,245736,224036
INDUS,Guddu,25-Jul-19,216913,181398
INDUS,Sukkar,25-Jul-19,165020,108600
INDUS,Kotri,25-Jul-19,101998,58323
JHELUM,Kotli,25-Jul-19,-,8020
JHELUM,Mangla,25-Jul-19,75000,8015
JHELUM,Rasul,25-Jul-19,8161,5341
CHENAB,Jammu Tavi,25-Jul-19,-,-
CHENAB,Marala,25-Jul-19,88874,60674
CHENAB,Khanki,25-Jul-19,75324,67970
CHENAB,Qadirabad,25-Jul-19,56925,34925
CHENAB,Trimmu,25-Jul-19,26454,12454
CHENAB,Punjnad,25-Jul-19,29209,12759
RAVI,Jassar,25-Jul-19,-,4660
RAVI,Balloki,25-Jul-19,35550,3050
RAVI,Sidhnai,25-Jul-19,15250,NIL
SUTLEJ,Sulemanki,25-Jul-19,18603,6548
SUTLEJ,Islam,25-Jul-19,6678,5028
INDUS,Kalabagh,25-Jul-19,233948,225948
INDUS,Chashma,25-Jul-19,257276,245776
INDUS,Taunsa,25-Jul-19,245736,224036
INDUS,Guddu,25-Jul-19,216913,181398
INDUS,Sukkar,25-Jul-19,165010,107350
INDUS,Kotri,25-Jul-19,101998,58323
JHELUM,Kotli,25-Jul-19,-,8830
JHELUM,Mangla,25-Jul-19,60000,12215
JHELUM,Rasul,25-Jul-19,8161,5341
CHENAB,Jammu Tavi,25-Jul-19,-,-
CHENAB,Marala,25-Jul-19,151862,124962
CHENAB,Khanki,25-Jul-19,76666,69336
CHENAB,Qadirabad,25-Jul-19,66878,44878
CHENAB,Trimmu,25-Jul-19,28133,13633
CHENAB,Punjnad,25-Jul-19,29209,12759
RAVI,Jassar,25-Jul-19,-,3141
RAVI,Balloki,25-Jul-19,37330,4830
RAVI,Sidhnai,25-Jul-19,15300,Nil
SUTLEJ,Sulemanki,25-Jul-19,18606,6548
SUTLEJ,Islam,25-Jul-19,6678,5028
INDUS,Kalabagh,25-Jul-19,223304,215304
INDUS,Chashma,25-Jul-19,256186,244686
INDUS,Taunsa,25-Jul-19,245736,224036
INDUS,Guddu,25-Jul-19,216913,181398
INDUS,Sukkar,25-Jul-19,165010,107350
INDUS,Kotri,25-Jul-19,101998,58323
JHELUM,Kotli,25-Jul-19,-,6960
JHELUM,Mangla,25-Jul-19,52000,8515
JHELUM,Rasul,25-Jul-19,14715,Nil
CHENAB,Jammu Tavi,25-Jul-19,-,-
CHENAB,Marala,25-Jul-19,127952,102002
CHENAB,Khanki,25-Jul-19,72439,65109
CHENAB,Qadirabad,25-Jul-19,67992,45992
CHENAB,Trimmu,25-Jul-19,26372,11372
CHENAB,Punjnad,25-Jul-19,29209,12759
RAVI,Jassar,25-Jul-19,-,4154
RAVI,Balloki,25-Jul-19,38235,5735
RAVI,Sidhnai,25-Jul-19,15100,Nil
SUTLEJ,Sulemanki,25-Jul-19,18606,6548
SUTLEJ,Islam,25-Jul-19,6678,5028
INDUS,Kalabagh,26-Jul-19,228161,220161
INDUS,Chashma,26-Jul-19,254162,242662
INDUS,Taunsa,26-Jul-19,260767,239067
INDUS,Guddu,26-Jul-19,213437,176811
INDUS,Sukkar,26-Jul-19,164005,106585
INDUS,Kotri,26-Jul-19,106141,62566
JHELUM,Kotli,26-Jul-19,-,6380
JHELUM,Mangla,26-Jul-19,60000,11215
JHELUM,Rasul,26-Jul-19,2820,Nil
CHENAB,Jammu Tavi,26-Jul-19,-,-
CHENAB,Marala,26-Jul-19,118768,92818
CHENAB,Khanki,26-Jul-19,100280,92950
CHENAB,Qadirabad,26-Jul-19,67992,45992
CHENAB,Trimmu,26-Jul-19,26172,11372
CHENAB,Punjnad,26-Jul-19,26861,10411
RAVI,Jassar,26-Jul-19,-,4407
RAVI,Balloki,26-Jul-19,40040,7540
RAVI,Sidhnai,26-Jul-19,15945,995
SUTLEJ,Sulemanki,26-Jul-19,18714,7804
SUTLEJ,Islam,26-Jul-19,4947,3597
INDUS,Kalabagh,26-Jul-19,255133,247133
INDUS,Chashma,26-Jul-19,254801,243301
INDUS,Taunsa,26-Jul-19,270406,248706
INDUS,Guddu,26-Jul-19,213203,174643
INDUS,Sukkar,26-Jul-19,164005,106585
INDUS,Kotri,26-Jul-19,106141,62566
JHELUM,Kotli,26-Jul-19,,5920
JHELUM,Mangla,26-Jul-19,54000,9515
JHELUM,Rasul,26-Jul-19,2820,NIL
CHENAB,Jammu Tavi,26-Jul-19,-,-
CHENAB,Marala,26-Jul-19,109584,83634
CHENAB,Khanki,26-Jul-19,100280,92950
CHENAB,Qadirabad,26-Jul-19,92834,70834
CHENAB,Trimmu,26-Jul-19,26172,11372
CHENAB,Punjnad,26-Jul-19,26369,9919
RAVI,Jassar,26-Jul-19,-,7101
RAVI,Balloki,26-Jul-19,40945,8445
RAVI,Sidhnai,26-Jul-19,15945,995
SUTLEJ,Sulemanki,26-Jul-19,17914,7804
SUTLEJ,Islam,26-Jul-19,4947,3597
INDUS,Kalabagh,26-Jul-19,255133,247133
INDUS,Chashma,26-Jul-19,249382,237882
INDUS,Taunsa,26-Jul-19,270406,248706
INDUS,Guddu,26-Jul-19,213203,174643
INDUS,Sukkar,26-Jul-19,164005,106585
INDUS,Kotri,26-Jul-19,108219,64644
JHELUM,Kotli,26-Jul-19,-,5530
JHELUM,Mangla,26-Jul-19,48000,9515
JHELUM,Rasul,26-Jul-19,8161,5341
CHENAB,Jammu Tavi,26-Jul-19,-,-
CHENAB,Marala,26-Jul-19,104992,79042
CHENAB,Khanki,26-Jul-19,100280,92950
CHENAB,Qadirabad,26-Jul-19,99347,77347
CHENAB,Trimmu,26-Jul-19,26172,11372
CHENAB,Punjnad,26-Jul-19,26369,9919
RAVI,Jassar,26-Jul-19,-,6852
RAVI,Balloki,26-Jul-19,40945,8445
RAVI,Sidhnai,26-Jul-19,15945,995
SUTLEJ,Sulemanki,26-Jul-19,17012,6495
SUTLEJ,Islam,26-Jul-19,5147,3597
INDUS,Kalabagh,26-Jul-19,247459,239459
INDUS,Chashma,26-Jul-19,258420,246920
INDUS,Taunsa,26-Jul-19,270406,248706
INDUS,Guddu,26-Jul-19,213203,174643
INDUS,Sukkar,26-Jul-19,164005,106585
INDUS,Kotri,26-Jul-19,108219,64644
JHELUM,Kotli,26-Jul-19,-,5150
JHELUM,Mangla,26-Jul-19,48000,9515
JHELUM,Rasul,26-Jul-19,2820,Nil
CHENAB,Jammu Tavi,26-Jul-19,-,-
CHENAB,Marala,26-Jul-19,95808,69858
CHENAB,Khanki,26-Jul-19,92674,85344
CHENAB,Qadirabad,26-Jul-19,92834,70834
CHENAB,Trimmu,26-Jul-19,23894,9094
CHENAB,Punjnad,26-Jul-19,26369,9919
RAVI,Jassar,26-Jul-19,-,5337
RAVI,Balloki,26-Jul-19,40945,8445
RAVI,Sidhnai,26-Jul-19,15611,661
SUTLEJ,Sulemanki,26-Jul-19,17012,6495
SUTLEJ,Islam,26-Jul-19,5147,3597
INDUS,Kalabagh,27-Jul-19,247459,239459
INDUS,Chashma,27-Jul-19,258420,246920
INDUS,Taunsa,27-Jul-19,270406,248706
INDUS,Guddu,27-Jul-19,213203,174643
INDUS,Sukkar,27-Jul-19,164005,106585
INDUS,Kotri,27-Jul-19,108219,64644
JHELUM,Kotli,27-Jul-19,-,5150
JHELUM,Mangla,27-Jul-19,48000,9515
JHELUM,Rasul,27-Jul-19,2820,Nil
CHENAB,Jammu Tavi,27-Jul-19,-,-
CHENAB,Marala,27-Jul-19,95808,69858
CHENAB,Khanki,27-Jul-19,92674,85344
CHENAB,Qadirabad,27-Jul-19,92834,70834
CHENAB,Trimmu,27-Jul-19,23894,9094
CHENAB,Punjnad,27-Jul-19,26369,9919
RAVI,Jassar,27-Jul-19,-,5337
RAVI,Balloki,27-Jul-19,40945,8445
RAVI,Sidhnai,27-Jul-19,15611,661
SUTLEJ,Sulemanki,27-Jul-19,17012,6495
SUTLEJ,Islam,27-Jul-19,5147,3597
INDUS,Kalabagh,27-Jul-19,267386,259386
INDUS,Chashma,27-Jul-19,275306,263956
INDUS,Taunsa,27-Jul-19,265519,243819
INDUS,Guddu,27-Jul-19,212931,178426
INDUS,Sukkar,27-Jul-19,161305,103770
INDUS,Kotri,27-Jul-19,110086,66511
JHELUM,Kotli,27-Jul-19,,6570
JHELUM,Mangla,27-Jul-19,44000,9715
JHELUM,Rasul,27-Jul-19,2820,NIL
CHENAB,Jammu Tavi,27-Jul-19,-,-
CHENAB,Marala,27-Jul-19,95758,69858
CHENAB,Khanki,27-Jul-19,93547,86289
CHENAB,Qadirabad,27-Jul-19,79884,57884
CHENAB,Trimmu,27-Jul-19,25053,10253
CHENAB,Punjnad,27-Jul-19,23971,7521
RAVI,Jassar,27-Jul-19,-,3648
RAVI,Balloki,27-Jul-19,40945,8445
RAVI,Sidhnai,27-Jul-19,15611,661
SUTLEJ,Sulemanki,27-Jul-19,16721,5895
SUTLEJ,Islam,27-Jul-19,4605,3055
INDUS,Kalabagh,27-Jul-19,250456,242456
INDUS,Chashma,27-Jul-19,278939,268803
INDUS,Taunsa,27-Jul-19,265519,243819
INDUS,Guddu,27-Jul-19,215055,180550
INDUS,Sukkar,27-Jul-19,161305,103770
INDUS,Kotri,27-Jul-19,108219,64644
JHELUM,Kotli,27-Jul-19,-,6190
JHELUM,Mangla,27-Jul-19,44000,9515
JHELUM,Rasul,27-Jul-19,8366,5341
CHENAB,Jammu Tavi,27-Jul-19,-,-
CHENAB,Marala,27-Jul-19,97586,71886
CHENAB,Khanki,27-Jul-19,93547,86289
CHENAB,Qadirabad,27-Jul-19,85713,63713
CHENAB,Trimmu,27-Jul-19,27536,12636
CHENAB,Punjnad,27-Jul-19,23971,7521
RAVI,Jassar,27-Jul-19,-,2888
RAVI,Balloki,27-Jul-19,41845,9345
RAVI,Sidhnai,27-Jul-19,15611,661
SUTLEJ,Sulemanki,27-Jul-19,17999,7173
SUTLEJ,Islam,27-Jul-19,4605,3055
INDUS,Kalabagh,27-Jul-19,256088,248088
INDUS,Chashma,27-Jul-19,284097,273097
INDUS,Taunsa,27-Jul-19,265519,243819
INDUS,Guddu,27-Jul-19,215055,180550
INDUS,Sukkar,27-Jul-19,161305,103770
INDUS,Kotri,27-Jul-19,108219,64644
JHELUM,Kotli,27-Jul-19,-,9960
JHELUM,Mangla,27-Jul-19,50000,9915
JHELUM,Rasul,27-Jul-19,3025,NIL
CHENAB,Jammu Tavi,27-Jul-19,-,-
CHENAB,Marala,27-Jul-19,95970,69858
CHENAB,Khanki,27-Jul-19,98688,91478
CHENAB,Qadirabad,27-Jul-19,90065,68065
CHENAB,Trimmu,27-Jul-19,27536,12636
CHENAB,Punjnad,27-Jul-19,23971,7521
RAVI,Jassar,27-Jul-19,-,2129
RAVI,Balloki,27-Jul-19,41845,9345
RAVI,Sidhnai,27-Jul-19,15872,1322
SUTLEJ,Sulemanki,27-Jul-19,18016,7794
SUTLEJ,Islam,27-Jul-19,4605,3055
INDUS,Kalabagh,28-Jul-19,250226,242226
INDUS,Chashma,28-Jul-19,269476,258476
INDUS,Taunsa,28-Jul-19,258595,236895
INDUS,Guddu,28-Jul-19,221111,190066
INDUS,Sukkar,28-Jul-19,160190,106585
INDUS,Kotri,28-Jul-19,101852,58537
JHELUM,Kotli,28-Jul-19,-,8620
JHELUM,Mangla,28-Jul-19,55000,8415
JHELUM,Rasul,28-Jul-19,3025,NIL
CHENAB,Jammu Tavi,28-Jul-19,-,-
CHENAB,Marala,28-Jul-19,96258,69858
CHENAB,Khanki,28-Jul-19,100160,92950
CHENAB,Qadirabad,28-Jul-19,90065,68065
CHENAB,Trimmu,28-Jul-19,31992,17092
CHENAB,Punjnad,28-Jul-19,23971,7521
RAVI,Jassar,28-Jul-19,-,3141
RAVI,Balloki,28-Jul-19,42750,10250
RAVI,Sidhnai,28-Jul-19,15872,1322
SUTLEJ,Sulemanki,28-Jul-19,18208,7791
SUTLEJ,Islam,28-Jul-19,4605,3055
INDUS,Kalabagh,28-Jul-19,250226,242226
INDUS,Chashma,28-Jul-19,278008,267008
INDUS,Taunsa,28-Jul-19,253708,232008
INDUS,Guddu,28-Jul-19,227086,199019
INDUS,Sukkar,28-Jul-19,160190,106585
INDUS,Kotri,28-Jul-19,101652,58537
JHELUM,Kotli,28-Jul-19,-,6570
JHELUM,Mangla,28-Jul-19,61000,8415
JHELUM,Rasul,28-Jul-19,3025,NIL
CHENAB,Jammu Tavi,28-Jul-19,-,-
CHENAB,Marala,28-Jul-19,96158,69858
CHENAB,Khanki,28-Jul-19,106170,98960
CHENAB,Qadirabad,28-Jul-19,92924,70924
CHENAB,Trimmu,28-Jul-19,35226,20326
CHENAB,Punjnad,28-Jul-19,23001,6551
RAVI,Jassar,28-Jul-19,-,11454
RAVI,Balloki,28-Jul-19,42750,10250
RAVI,Sidhnai,28-Jul-19,15872,1322
SUTLEJ,Sulemanki,28-Jul-19,18208,7791
SUTLEJ,Islam,28-Jul-19,4605,3055
INDUS,Kalabagh,28-Jul-19,250226,242226
INDUS,Chashma,28-Jul-19,277493,267305
INDUS,Taunsa,28-Jul-19,258324,236624
INDUS,Guddu,28-Jul-19,231183,203561
INDUS,Sukkar,28-Jul-19,162542,111222
INDUS,Kotri,28-Jul-19,101372,58537
JHELUM,Kotli,28-Jul-19,-,9280
JHELUM,Mangla,28-Jul-19,50000,9715
JHELUM,Rasul,28-Jul-19,3025,NIL
CHENAB,Jammu Tavi,28-Jul-19,-,-
CHENAB,Marala,28-Jul-19,95558,69858
CHENAB,Khanki,28-Jul-19,106136,98960
CHENAB,Qadirabad,28-Jul-19,99232,79232
CHENAB,Trimmu,28-Jul-19,43325,28425
CHENAB,Punjnad,28-Jul-19,22931,6551
RAVI,Jassar,28-Jul-19,-,12571
RAVI,Balloki,28-Jul-19,43650,11150
RAVI,Sidhnai,28-Jul-19,16122,1322
SUTLEJ,Sulemanki,28-Jul-19,18741,8723
SUTLEJ,Islam,28-Jul-19,4605,3055
INDUS,Kalabagh,28-Jul-19,254178,246178
INDUS,Chashma,28-Jul-19,264166,253166
INDUS,Taunsa,28-Jul-19,258324,236624
INDUS,Guddu,28-Jul-19,231183,203561
INDUS,Sukkar,28-Jul-19,162542,111222
INDUS,Kotri,28-Jul-19,101372,58537
JHELUM,Kotli,28-Jul-19,-,15650
JHELUM,Mangla,28-Jul-19,55000,12015
JHELUM,Rasul,28-Jul-19,3025,NIL
CHENAB,Jammu Tavi,28-Jul-19,-,-
CHENAB,Marala,28-Jul-19,127702,102002
CHENAB,Khanki,28-Jul-19,106136,98960
CHENAB,Qadirabad,28-Jul-19,99232,79232
CHENAB,Trimmu,28-Jul-19,55427,40527
CHENAB,Punjnad,28-Jul-19,22931,6551
RAVI,Jassar,28-Jul-19,-,8597
RAVI,Balloki,28-Jul-19,44870,12370
RAVI,Sidhnai,28-Jul-19,16122,1322
SUTLEJ,Sulemanki,28-Jul-19,18839,9021
SUTLEJ,Islam,28-Jul-19,4605,3055
INDUS,Kalabagh,29-Jul-19,282447,274447
INDUS,Chashma,29-Jul-19,273030,262842
INDUS,Taunsa,29-Jul-19,258324,236624
INDUS,Guddu,29-Jul-19,231183,203561
INDUS,Sukkar,29-Jul-19,171936,120666
INDUS,Kotri,29-Jul-19,97452,58537
JHELUM,Kotli,29-Jul-19,-,9280
JHELUM,Mangla,29-Jul-19,55000,9715
JHELUM,Rasul,29-Jul-19,3025,NIL
CHENAB,Jammu Tavi,29-Jul-19,-,-
CHENAB,Marala,29-Jul-19,136886,111186
CHENAB,Khanki,29-Jul-19,106136,98960
CHENAB,Qadirabad,29-Jul-19,99232,79232
CHENAB,Trimmu,29-Jul-19,57612,42712
CHENAB,Punjnad,29-Jul-19,18335,2055
RAVI,Jassar,29-Jul-19,-,6602
RAVI,Balloki,29-Jul-19,45300,14200
RAVI,Sidhnai,29-Jul-19,16122,1322
SUTLEJ,Sulemanki,29-Jul-19,18839,9021
SUTLEJ,Islam,29-Jul-19,4605,3055
INDUS,Kalabagh,29-Jul-19,302687,294687
INDUS,Chashma,29-Jul-19,272680,261682
INDUS,Taunsa,29-Jul-19,264840,243140
INDUS,Guddu,29-Jul-19,233665,208069
INDUS,Sukkar,29-Jul-19,171936,120666
INDUS,Kotri,29-Jul-19,79429,68554
JHELUM,Kotli,29-Jul-19,-,7770
JHELUM,Mangla,29-Jul-19,58000,11815
JHELUM,Rasul,29-Jul-19,11015,7990
CHENAB,Jammu Tavi,29-Jul-19,-,-
CHENAB,Marala,29-Jul-19,127702,102002
CHENAB,Khanki,29-Jul-19,113560,106350
CHENAB,Qadirabad,29-Jul-19,99232,79232
CHENAB,Trimmu,29-Jul-19,60637,45737
CHENAB,Punjnad,29-Jul-19,18335,2055
RAVI,Jassar,29-Jul-19,-,6014
RAVI,Balloki,29-Jul-19,46580,15080
RAVI,Sidhnai,29-Jul-19,17694,2644
SUTLEJ,Sulemanki,29-Jul-19,19136,9021
SUTLEJ,Islam,29-Jul-19,4605,3055
INDUS,Kalabagh,29-Jul-19,302687,294687
INDUS,Chashma,29-Jul-19,283629,272629
INDUS,Taunsa,29-Jul-19,264840,243140
INDUS,Guddu,29-Jul-19,235949,211849
INDUS,Sukkar,29-Jul-19,179050,129090
INDUS,Kotri,29-Jul-19,97391,78256
JHELUM,Kotli,29-Jul-19,-,6960
JHELUM,Mangla,29-Jul-19,47000,11215
JHELUM,Rasul,29-Jul-19,8366,5341
CHENAB,Jammu Tavi,29-Jul-19,-,-
CHENAB,Marala,29-Jul-19,99136,73436
CHENAB,Khanki,29-Jul-19,107941,100731
CHENAB,Qadirabad,29-Jul-19,108030,90030
CHENAB,Trimmu,29-Jul-19,62765,47965
CHENAB,Punjnad,29-Jul-19,18335,2055
RAVI,Jassar,29-Jul-19,-,5507
RAVI,Balloki,29-Jul-19,46580,15080
RAVI,Sidhnai,29-Jul-19,18355,3305
SUTLEJ,Sulemanki,29-Jul-19,19134,9021
SUTLEJ,Islam,29-Jul-19,4605,3055
INDUS,Kalabagh,29-Jul-19,302687,294687
INDUS,Chashma,29-Jul-19,306958,295958
INDUS,Taunsa,29-Jul-19,264840,243140
INDUS,Guddu,29-Jul-19,235949,211849
INDUS,Sukkar,29-Jul-19,179050,129090
INDUS,Kotri,29-Jul-19,97391,78256
JHELUM,Kotli,29-Jul-19,-,6570
JHELUM,Mangla,29-Jul-19,48000,8015
JHELUM,Rasul,29-Jul-19,3025,Nil
CHENAB,Jammu Tavi,29-Jul-19,-,-
CHENAB,Marala,29-Jul-19,99136,73436
CHENAB,Khanki,29-Jul-19,105370,98160
CHENAB,Qadirabad,29-Jul-19,108030,90030
CHENAB,Trimmu,29-Jul-19,66940,52540
CHENAB,Punjnad,29-Jul-19,17835,2055
RAVI,Jassar,29-Jul-19,-,5337
RAVI,Balloki,29-Jul-19,47580,15080
RAVI,Sidhnai,29-Jul-19,20238,5288
SUTLEJ,Sulemanki,29-Jul-19,19584,9021
SUTLEJ,Islam,29-Jul-19,4605,3055
INDUS,Kalabagh,30-Jul-19,302687,294687
INDUS,Chashma,30-Jul-19,315267,304267
INDUS,Taunsa,30-Jul-19,274692,252992
INDUS,Guddu,30-Jul-19,233873,211849
INDUS,Sukkar,30-Jul-19,190010,144340
INDUS,Kotri,30-Jul-19,93806,88316
JHELUM,Kotli,30-Jul-19,-,6190
JHELUM,Mangla,30-Jul-19,48000,8015
JHELUM,Rasul,30-Jul-19,3025,NIL
CHENAB,Jammu Tavi,30-Jul-19,-,-
CHENAB,Marala,30-Jul-19,95558,69858
CHENAB,Khanki,30-Jul-19,94410,87200
CHENAB,Qadirabad,30-Jul-19,100829,82829
CHENAB,Trimmu,30-Jul-19,67673,54935
CHENAB,Punjnad,30-Jul-19,15780,NIL
RAVI,Jassar,30-Jul-19,-,5845
RAVI,Balloki,30-Jul-19,47580,15080
RAVI,Sidhnai,30-Jul-19,20238,5288
SUTLEJ,Sulemanki,30-Jul-19,17104,6541
SUTLEJ,Islam,30-Jul-19,4405,3055
INDUS,Kalabagh,30-Jul-19,310101,302101
INDUS,Chashma,30-Jul-19,317663,306663
INDUS,Taunsa,30-Jul-19,279381,257681
INDUS,Guddu,30-Jul-19,232331,207467
INDUS,Sukkar,30-Jul-19,190010,144340
INDUS,Kotri,30-Jul-19,93494,86729
JHELUM,Kotli,30-Jul-19,-,5920
JHELUM,Mangla,30-Jul-19,44000,11015
JHELUM,Rasul,30-Jul-19,8366,5341
CHENAB,Jammu Tavi,30-Jul-19,-,-
CHENAB,Marala,30-Jul-19,95558,69858
CHENAB,Khanki,30-Jul-19,87300,80066
CHENAB,Qadirabad,30-Jul-19,88645,70645
CHENAB,Trimmu,30-Jul-19,69706,56706
CHENAB,Punjnad,30-Jul-19,15780,NIL
RAVI,Jassar,30-Jul-19,-,4154
RAVI,Balloki,30-Jul-19,47580,15080
RAVI,Sidhnai,30-Jul-19,20238,5288
SUTLEJ,Sulemanki,30-Jul-19,17104,6541
SUTLEJ,Islam,30-Jul-19,4405,3055
INDUS,Kalabagh,30-Jul-19,306284,298284
INDUS,Chashma,30-Jul-19,319558,308358
INDUS,Taunsa,30-Jul-19,279381,257681
INDUS,Guddu,30-Jul-19,229638,203533
INDUS,Sukkar,30-Jul-19,191410,144340
INDUS,Kotri,30-Jul-19,92473,85098
JHELUM,Kotli,30-Jul-19,-,5790
JHELUM,Mangla,30-Jul-19,48000,14115
JHELUM,Rasul,30-Jul-19,3025,Nil
CHENAB,Jammu Tavi,30-Jul-19,-,-
CHENAB,Marala,30-Jul-19,95558,69858
CHENAB,Khanki,30-Jul-19,83066,75760
CHENAB,Qadirabad,30-Jul-19,81713,63713
CHENAB,Trimmu,30-Jul-19,67512,54912
CHENAB,Punjnad,30-Jul-19,15800,Nil
RAVI,Jassar,30-Jul-19,-,3395
RAVI,Balloki,30-Jul-19,48480,15980
RAVI,Sidhnai,30-Jul-19,20238,5288
SUTLEJ,Sulemanki,30-Jul-19,17405,6541
SUTLEJ,Islam,30-Jul-19,4405,3055
INDUS,Kalabagh,30-Jul-19,295472,287472
INDUS,Chashma,30-Jul-19,323771,312571
INDUS,Taunsa,30-Jul-19,279381,257681
INDUS,Guddu,30-Jul-19,229638,203533
INDUS,Sukkar,30-Jul-19,191410,144340
INDUS,Kotri,30-Jul-19,92473,85098
JHELUM,Kotli,30-Jul-19,-,5530
JHELUM,Mangla,30-Jul-19,46000,7815
JHELUM,Rasul,30-Jul-19,3025,Nil
CHENAB,Jammu Tavi,30-Jul-19,-,-
CHENAB,Marala,30-Jul-19,99636,73436
CHENAB,Khanki,30-Jul-19,79160,71854
CHENAB,Qadirabad,30-Jul-19,75884,57884
CHENAB,Trimmu,30-Jul-19,70678,58078
CHENAB,Punjnad,30-Jul-19,15600,NIL
RAVI,Jassar,30-Jul-19,-,2888
RAVI,Balloki,30-Jul-19,48480,15980
RAVI,Sidhnai,30-Jul-19,18916,3966
SUTLEJ,Sulemanki,30-Jul-19,17405,6541
SUTLEJ,Islam,30-Jul-19,4405,3055
INDUS,Kalabagh,31-Jul-19,292607,284607
INDUS,Chashma,31-Jul-19,322467,311267
INDUS,Taunsa,31-Jul-19,282282,260582
INDUS,Guddu,31-Jul-19,225157,197040
INDUS,Sukkar,31-Jul-19,200120,153300
INDUS,Kotri,31-Jul-19,86741,75526
JHELUM,Kotli,31-Jul-19,-,5530
JHELUM,Mangla,31-Jul-19,44000,8215
JHELUM,Rasul,31-Jul-19,3025,NIL
CHENAB,Jammu Tavi,31-Jul-19,-,-
CHENAB,Marala,31-Jul-19,123610,97410
CHENAB,Khanki,31-Jul-19,87372,80066
CHENAB,Qadirabad,31-Jul-19,75884,57884
CHENAB,Trimmu,31-Jul-19,70678,58078
CHENAB,Punjnad,31-Jul-19,15700,NIL
RAVI,Jassar,31-Jul-19,-,3395
RAVI,Balloki,31-Jul-19,46675,14175
RAVI,Sidhnai,31-Jul-19,18916,3966
SUTLEJ,Sulemanki,31-Jul-19,17405,6541
SUTLEJ,Islam,31-Jul-19,4947,3597
INDUS,Kalabagh,31-Jul-19,292607,284607
INDUS,Chashma,31-Jul-19,318861,307611
INDUS,Taunsa,31-Jul-19,282282,260582
INDUS,Guddu,31-Jul-19,225107,196000
INDUS,Sukkar,31-Jul-19,200120,153300
INDUS,Kotri,31-Jul-19,86384,72559
JHELUM,Kotli,31-Jul-19,-,9060
JHELUM,Mangla,31-Jul-19,47800,9415
JHELUM,Rasul,31-Jul-19,3025,NIL
CHENAB,Jammu Tavi,31-Jul-19,-,-
CHENAB,Marala,31-Jul-19,182243,156043
CHENAB,Khanki,31-Jul-19,97032,89750
CHENAB,Qadirabad,31-Jul-19,85879,67879
CHENAB,Trimmu,31-Jul-19,73519,60919
CHENAB,Punjnad,31-Jul-19,15900,NIL
RAVI,Jassar,31-Jul-19,-,4154
RAVI,Balloki,31-Jul-19,46675,14175
RAVI,Sidhnai,31-Jul-19,18916,3966
SUTLEJ,Sulemanki,31-Jul-19,17506,6541
SUTLEJ,Islam,31-Jul-19,4947,3597
INDUS,Kalabagh,31-Jul-19,283402,275402
INDUS,Chashma,31-Jul-19,308489,296989
INDUS,Taunsa,31-Jul-19,288491,266791
INDUS,Guddu,31-Jul-19,222871,190715
INDUS,Sukkar,31-Jul-19,201820,153300
INDUS,Kotri,31-Jul-19,85894,68969
JHELUM,Kotli,31-Jul-19,-,10200
JHELUM,Mangla,31-Jul-19,55000,10315
JHELUM,Rasul,31-Jul-19,3025,Nil
CHENAB,Jammu Tavi,31-Jul-19,-,-
CHENAB,Marala,31-Jul-19,219041,192841
CHENAB,Khanki,31-Jul-19,169388,162094
CHENAB,Qadirabad,31-Jul-19,122070,104070
CHENAB,Trimmu,31-Jul-19,77334,64734
CHENAB,Punjnad,31-Jul-19,17617,1637
RAVI,Jassar,31-Jul-19,-,4999
RAVI,Balloki,31-Jul-19,45775,13275
RAVI,Sidhnai,31-Jul-19,20238,5288
SUTLEJ,Sulemanki,31-Jul-19,17709,6541
SUTLEJ,Islam,31-Jul-19,4947,3597
INDUS,Kalabagh,31-Jul-19,283402,275402
INDUS,Chashma,31-Jul-19,311126,299626
INDUS,Taunsa,31-Jul-19,288491,266791
INDUS,Guddu,31-Jul-19,222871,190715
INDUS,Sukkar,31-Jul-19,201820,153300
INDUS,Kotri,31-Jul-19,85894,68969
JHELUM,Kotli,31-Jul-19,-,6570
JHELUM,Mangla,31-Jul-19,52000,12315
JHELUM,Rasul,31-Jul-19,3025,Nil
CHENAB,Jammu Tavi,31-Jul-19,-,-
CHENAB,Marala,31-Jul-19,139419,113219
CHENAB,Khanki,31-Jul-19,189238,181944
CHENAB,Qadirabad,31-Jul-19,165747,147747
CHENAB,Trimmu,31-Jul-19,81492,68892
CHENAB,Punjnad,31-Jul-19,17617,1637
RAVI,Jassar,31-Jul-19,-,21600
RAVI,Balloki,31-Jul-19,45775,13275
RAVI,Sidhnai,31-Jul-19,20238,5288
SUTLEJ,Sulemanki,31-Jul-19,17810,6541
SUTLEJ,Islam,31-Jul-19,4947,3597
INDUS,Kalabagh,01-Aug-19,293562,285562
INDUS,Chashma,01-Aug-19,305299,293799
INDUS,Taunsa,01-Aug-19,305722,284022
INDUS,Guddu,01-Aug-19,222871,190715
INDUS,Sukkar,01-Aug-19,188150,136350
INDUS,Kotri,01-Aug-19,84171,64091
JHELUM,Kotli,01-Aug-19,-,7160
JHELUM,Mangla,01-Aug-19,55000,9715
JHELUM,Rasul,01-Aug-19,3025,NIL
CHENAB,Jammu Tavi,01-Aug-19,-,-
CHENAB,Marala,01-Aug-19,134066,107866
CHENAB,Khanki,01-Aug-19,179495,172201
CHENAB,Qadirabad,01-Aug-19,177544,159544
CHENAB,Trimmu,01-Aug-19,81078,68478
CHENAB,Punjnad,01-Aug-19,21973,5993
RAVI,Jassar,01-Aug-19,-,17400
RAVI,Balloki,01-Aug-19,44875,12375
RAVI,Sidhnai,01-Aug-19,20238,5288
SUTLEJ,Sulemanki,01-Aug-19,14603,3334
SUTLEJ,Islam,01-Aug-19,5643,4293
INDUS,Kalabagh,01-Aug-19,292607,284607
INDUS,Chashma,01-Aug-19,309659,298159
INDUS,Taunsa,01-Aug-19,313051,291351
INDUS,Guddu,01-Aug-19,224955,190715
INDUS,Sukkar,01-Aug-19,188150,136350
INDUS,Kotri,01-Aug-19,83630,60520
JHELUM,Kotli,01-Aug-19,-,12660
JHELUM,Mangla,01-Aug-19,118500,9715
JHELUM,Rasul,01-Aug-19,11015,7990
CHENAB,Jammu Tavi,01-Aug-19,-,-
CHENAB,Marala,01-Aug-19,128713,102513
CHENAB,Khanki,01-Aug-19,140523,133229
CHENAB,Qadirabad,01-Aug-19,177544,159544
CHENAB,Trimmu,01-Aug-19,81078,68478
CHENAB,Punjnad,01-Aug-19,23902,7922
RAVI,Jassar,01-Aug-19,-,27424
RAVI,Balloki,01-Aug-19,44875,12375
RAVI,Sidhnai,01-Aug-19,20238,5288
SUTLEJ,Sulemanki,01-Aug-19,14700,3334
SUTLEJ,Islam,01-Aug-19,5643,4293
INDUS,Kalabagh,01-Aug-19,302687,294687
INDUS,Chashma,01-Aug-19,292924,280812
INDUS,Taunsa,01-Aug-19,326359,304659
INDUS,Guddu,01-Aug-19,225822,190715
INDUS,Sukkar,01-Aug-19,188150,136350
INDUS,Kotri,01-Aug-19,86710,60520
JHELUM,Kotli,01-Aug-19,-,11400
JHELUM,Mangla,01-Aug-19,80000,8815
JHELUM,Rasul,01-Aug-19,8326,5341
CHENAB,Jammu Tavi,01-Aug-19,-,-
CHENAB,Marala,01-Aug-19,121360,97160
CHENAB,Khanki,01-Aug-19,112114,104820
CHENAB,Qadirabad,01-Aug-19,157313,139313
CHENAB,Trimmu,01-Aug-19,74794,62194
CHENAB,Punjnad,01-Aug-19,23902,7922
RAVI,Jassar,01-Aug-19,-,19500
RAVI,Balloki,01-Aug-19,44875,12375
RAVI,Sidhnai,01-Aug-19,20238,5288
SUTLEJ,Sulemanki,01-Aug-19,14148,3334
SUTLEJ,Islam,01-Aug-19,5643,4293
INDUS,Kalabagh,01-Aug-19,311056,303056
INDUS,Chashma,01-Aug-19,301724,289612
INDUS,Taunsa,01-Aug-19,326359,304659
INDUS,Guddu,01-Aug-19,225822,190715
INDUS,Sukkar,01-Aug-19,188150,136350
INDUS,Kotri,01-Aug-19,86710,60520
JHELUM,Kotli,01-Aug-19,-,7980
JHELUM,Mangla,01-Aug-19,70000,11755
JHELUM,Rasul,01-Aug-19,14790,Nil
CHENAB,Jammu Tavi,01-Aug-19,-,-
CHENAB,Marala,01-Aug-19,132066,107866
CHENAB,Khanki,01-Aug-19,110077,102783
CHENAB,Qadirabad,01-Aug-19,116282,98282
CHENAB,Trimmu,01-Aug-19,71259,58659
CHENAB,Punjnad,01-Aug-19,23902,7922
RAVI,Jassar,01-Aug-19,-,15461
RAVI,Balloki,01-Aug-19,44875,12375
RAVI,Sidhnai,01-Aug-19,20860,6610
SUTLEJ,Sulemanki,01-Aug-19,14148,3334
SUTLEJ,Islam,01-Aug-19,5643,4293
INDUS,Kalabagh,02-Aug-19,331290,323290
INDUS,Chashma,02-Aug-19,311068,289768
INDUS,Taunsa,02-Aug-19,329591,307891
INDUS,Guddu,02-Aug-19,228026,190715
INDUS,Sukkar,02-Aug-19,178244,122444
INDUS,Kotri,02-Aug-19,90375,60520
JHELUM,Kotli,02-Aug-19,-,7360
JHELUM,Mangla,02-Aug-19,55000,11215
JHELUM,Rasul,02-Aug-19,8236,5341
CHENAB,Jammu Tavi,02-Aug-19,-,-
CHENAB,Marala,02-Aug-19,126713,102513
CHENAB,Khanki,02-Aug-19,119064,111770
CHENAB,Qadirabad,02-Aug-19,116282,98282
CHENAB,Trimmu,02-Aug-19,71259,58659
CHENAB,Punjnad,02-Aug-19,33875,17895
RAVI,Jassar,02-Aug-19,-,13810
RAVI,Balloki,02-Aug-19,43475,12375
RAVI,Sidhnai,02-Aug-19,20860,6610
SUTLEJ,Sulemanki,02-Aug-19,14148,3334
SUTLEJ,Islam,02-Aug-19,4294,2944
INDUS,Kalabagh,02-Aug-19,344184,336184
INDUS,Chashma,02-Aug-19,335367,324067
INDUS,Taunsa,02-Aug-19,339117,317417
INDUS,Guddu,02-Aug-19,228026,190715
INDUS,Sukkar,02-Aug-19,178244,122444
INDUS,Kotri,02-Aug-19,91875,60520
JHELUM,Kotli,02-Aug-19,-,7360
JHELUM,Mangla,02-Aug-19,52000,10115
JHELUM,Rasul,02-Aug-19,8236,5341
CHENAB,Jammu Tavi,02-Aug-19,-,-
CHENAB,Marala,02-Aug-19,99948,75748
CHENAB,Khanki,02-Aug-19,114364,107070
CHENAB,Qadirabad,02-Aug-19,116282,98282
CHENAB,Trimmu,02-Aug-19,71259,58659
CHENAB,Punjnad,02-Aug-19,35363,19083
RAVI,Jassar,02-Aug-19,-,13397
RAVI,Balloki,02-Aug-19,43475,12375
RAVI,Sidhnai,02-Aug-19,22727,8477
SUTLEJ,Sulemanki,02-Aug-19,13946,3334
SUTLEJ,Islam,02-Aug-19,4294,2944
INDUS,Kalabagh,02-Aug-19,339138,331138
INDUS,Chashma,02-Aug-19,339302,328102
INDUS,Taunsa,02-Aug-19,339117,317417
INDUS,Guddu,02-Aug-19,229823,190715
INDUS,Sukkar,02-Aug-19,178244,122444
INDUS,Kotri,02-Aug-19,96085,64090
JHELUM,Kotli,02-Aug-19,-,6960
JHELUM,Mangla,02-Aug-19,55000,9215
JHELUM,Rasul,02-Aug-19,8236,5341
CHENAB,Jammu Tavi,02-Aug-19,-,-
CHENAB,Marala,02-Aug-19,94595,70395
CHENAB,Khanki,02-Aug-19,102224,94930
CHENAB,Qadirabad,02-Aug-19,110538,92538
CHENAB,Trimmu,02-Aug-19,81968,69368
CHENAB,Punjnad,02-Aug-19,39113,22833
RAVI,Jassar,02-Aug-19,-,12571
RAVI,Balloki,02-Aug-19,45280,14180
RAVI,Sidhnai,02-Aug-19,21964,7214
SUTLEJ,Sulemanki,02-Aug-19,14047,3334
SUTLEJ,Islam,02-Aug-19,4294,2944
INDUS,Kalabagh,02-Aug-19,329381,321381
INDUS,Chashma,02-Aug-19,352638,341638
INDUS,Taunsa,02-Aug-19,329591,307891
INDUS,Guddu,02-Aug-19,229823,190715
INDUS,Sukkar,02-Aug-19,178244,122444
INDUS,Kotri,02-Aug-19,96085,64090
JHELUM,Kotli,02-Aug-19,-,6570
JHELUM,Mangla,02-Aug-19,52000,11315
JHELUM,Rasul,02-Aug-19,8236,5341
CHENAB,Jammu Tavi,02-Aug-19,-,-
CHENAB,Marala,02-Aug-19,94595,70395
CHENAB,Khanki,02-Aug-19,94270,86976
CHENAB,Qadirabad,02-Aug-19,96296,78296
CHENAB,Trimmu,02-Aug-19,85116,72516
CHENAB,Punjnad,02-Aug-19,39113,22833
RAVI,Jassar,02-Aug-19,-,12199
RAVI,Balloki,02-Aug-19,47580,15080
RAVI,Sidhnai,02-Aug-19,21964,7214
SUTLEJ,Sulemanki,02-Aug-19,14150,3334
SUTLEJ,Islam,02-Aug-19,4294,2944
INDUS,Kalabagh,03-Aug-19,332518,324518
INDUS,Chashma,03-Aug-19,362209,351209
INDUS,Taunsa,03-Aug-19,329591,307891
INDUS,Guddu,03-Aug-19,234552,195444
INDUS,Sukkar,03-Aug-19,178222,120822
INDUS,Kotri,03-Aug-19,101274,69469
JHELUM,Kotli,03-Aug-19,-,6050
JHELUM,Mangla,03-Aug-19,52000,8015
JHELUM,Rasul,03-Aug-19,2895,NIL
CHENAB,Jammu Tavi,03-Aug-19,-,-
CHENAB,Marala,03-Aug-19,90821,66621
CHENAB,Khanki,03-Aug-19,93257,85963
CHENAB,Qadirabad,03-Aug-19,92181,74181
CHENAB,Trimmu,03-Aug-19,87002,74402
CHENAB,Punjnad,03-Aug-19,42132,25852
RAVI,Jassar,03-Aug-19,-,12571
RAVI,Balloki,03-Aug-19,50285,17785
RAVI,Sidhnai,03-Aug-19,21964,7214
SUTLEJ,Sulemanki,03-Aug-19,14150,3334
SUTLEJ,Islam,03-Aug-19,3655,2155
INDUS,Kalabagh,03-Aug-19,336268,328268
INDUS,Chashma,03-Aug-19,381673,370823
INDUS,Taunsa,03-Aug-19,329591,307891
INDUS,Guddu,03-Aug-19,241950,203533
INDUS,Sukkar,03-Aug-19,178222,120822
INDUS,Kotri,03-Aug-19,107401,73936
JHELUM,Kotli,03-Aug-19,-,5920
JHELUM,Mangla,03-Aug-19,47600,11715
JHELUM,Rasul,03-Aug-19,2815,NIL
CHENAB,Jammu Tavi,03-Aug-19,-,-
CHENAB,Marala,03-Aug-19,89242,65042
CHENAB,Khanki,03-Aug-19,91084,83790
CHENAB,Qadirabad,03-Aug-19,88259,70259
CHENAB,Trimmu,03-Aug-19,92062,79462
CHENAB,Punjnad,03-Aug-19,47776,31496
RAVI,Jassar,03-Aug-19,-,8597
RAVI,Balloki,03-Aug-19,50285,17785
RAVI,Sidhnai,03-Aug-19,21964,7214
SUTLEJ,Sulemanki,03-Aug-19,14354,3334
SUTLEJ,Islam,03-Aug-19,3655,2155
INDUS,Kalabagh,03-Aug-19,329381,321381
INDUS,Chashma,03-Aug-19,354567,344017
INDUS,Taunsa,03-Aug-19,329591,307891
INDUS,Guddu,03-Aug-19,254921,216504
INDUS,Sukkar,03-Aug-19,178222,120822
INDUS,Kotri,03-Aug-19,108571,75526
JHELUM,Kotli,03-Aug-19,-,6760
JHELUM,Mangla,03-Aug-19,52000,12315
JHELUM,Rasul,03-Aug-19,8156,5341
CHENAB,Jammu Tavi,03-Aug-19,-,-
CHENAB,Marala,03-Aug-19,84618,59689
CHENAB,Khanki,03-Aug-19,88736,81442
CHENAB,Qadirabad,03-Aug-19,86172,68172
CHENAB,Trimmu,03-Aug-19,92062,79462
CHENAB,Punjnad,03-Aug-19,47776,31496
RAVI,Jassar,03-Aug-19,-,7849
RAVI,Balloki,03-Aug-19,50285,17785
RAVI,Sidhnai,03-Aug-19,22014,7214
SUTLEJ,Sulemanki,03-Aug-19,14462,3334
SUTLEJ,Islam,03-Aug-19,3655,2155
INDUS,Kalabagh,03-Aug-19,313642,305642
INDUS,Chashma,03-Aug-19,356321,345821
INDUS,Taunsa,03-Aug-19,329591,307891
INDUS,Guddu,03-Aug-19,254921,216504
INDUS,Sukkar,03-Aug-19,178222,120822
INDUS,Kotri,03-Aug-19,108571,75526
JHELUM,Kotli,03-Aug-19,-,6760
JHELUM,Mangla,03-Aug-19,50000,8015
JHELUM,Rasul,03-Aug-19,8236,5341
CHENAB,Jammu Tavi,03-Aug-19,-,-
CHENAB,Marala,03-Aug-19,86102,59689
CHENAB,Khanki,03-Aug-19,82268,74974
CHENAB,Qadirabad,03-Aug-19,78597,60597
CHENAB,Trimmu,03-Aug-19,92062,79462
CHENAB,Punjnad,03-Aug-19,47776,31496
RAVI,Jassar,03-Aug-19,-,6602
RAVI,Balloki,03-Aug-19,50285,17785
RAVI,Sidhnai,03-Aug-19,22014,7214
SUTLEJ,Sulemanki,03-Aug-19,14609,3334
SUTLEJ,Islam,03-Aug-19,3655,2155
INDUS,Kalabagh,04-Aug-19,322525,314525
INDUS,Chashma,04-Aug-19,358542,348042
INDUS,Taunsa,04-Aug-19,343456,321756
INDUS,Guddu,04-Aug-19,262429,224667
INDUS,Sukkar,04-Aug-19,183280,125770
INDUS,Kotri,04-Aug-19,109971,75526
JHELUM,Kotli,04-Aug-19,-,7160
JHELUM,Mangla,04-Aug-19,52000,8015
JHELUM,Rasul,04-Aug-19,2895,NIL
CHENAB,Jammu Tavi,04-Aug-19,-,-
CHENAB,Marala,04-Aug-19,82131,54336
CHENAB,Khanki,04-Aug-19,82268,74974
CHENAB,Qadirabad,04-Aug-19,78597,60597
CHENAB,Trimmu,04-Aug-19,93676,81076
CHENAB,Punjnad,04-Aug-19,52935,36655
RAVI,Jassar,04-Aug-19,-,6852
RAVI,Balloki,04-Aug-19,50285,17785
RAVI,Sidhnai,04-Aug-19,20088,5288
SUTLEJ,Sulemanki,04-Aug-19,14609,3334
SUTLEJ,Islam,04-Aug-19,2731,1231
INDUS,Kalabagh,04-Aug-19,322525,314525
INDUS,Chashma,04-Aug-19,358213,347713
INDUS,Taunsa,04-Aug-19,343456,321756
INDUS,Guddu,04-Aug-19,285481,248026
INDUS,Sukkar,04-Aug-19,183280,125770
INDUS,Kotri,04-Aug-19,109971,75526
JHELUM,Kotli,04-Aug-19,-,5790
JHELUM,Mangla,04-Aug-19,46000,10015
JHELUM,Rasul,04-Aug-19,8441,5341
CHENAB,Jammu Tavi,04-Aug-19,-,-
CHENAB,Marala,04-Aug-19,88039,59689
CHENAB,Khanki,04-Aug-19,82292,74974
CHENAB,Qadirabad,04-Aug-19,75200,57200
CHENAB,Trimmu,04-Aug-19,93676,81076
CHENAB,Punjnad,04-Aug-19,57633,41353
RAVI,Jassar,04-Aug-19,-,5507
RAVI,Balloki,04-Aug-19,50285,17785
RAVI,Sidhnai,04-Aug-19,18766,3966
SUTLEJ,Sulemanki,04-Aug-19,18042,6569
SUTLEJ,Islam,04-Aug-19,2731,1231
INDUS,Kalabagh,04-Aug-19,312687,304687
INDUS,Chashma,04-Aug-19,346554,336054
INDUS,Taunsa,04-Aug-19,349838,328138
INDUS,Guddu,04-Aug-19,285481,248026
INDUS,Sukkar,04-Aug-19,188280,130770
INDUS,Kotri,04-Aug-19,109971,75526
JHELUM,Kotli,04-Aug-19,-,5530
JHELUM,Mangla,04-Aug-19,46000,10315
JHELUM,Rasul,04-Aug-19,3100,NIL
CHENAB,Jammu Tavi,04-Aug-19,-,-
CHENAB,Marala,04-Aug-19,88139,59689
CHENAB,Khanki,04-Aug-19,77447,70105
CHENAB,Qadirabad,04-Aug-19,75200,57200
CHENAB,Trimmu,04-Aug-19,90390,77790
CHENAB,Punjnad,04-Aug-19,57633,41353
RAVI,Jassar,04-Aug-19,-,5168
RAVI,Balloki,04-Aug-19,49390,16890
RAVI,Sidhnai,04-Aug-19,20050,5250
SUTLEJ,Sulemanki,04-Aug-19,18116,6561
SUTLEJ,Islam,04-Aug-19,2731,1231
INDUS,Kalabagh,04-Aug-19,312011,304011
INDUS,Chashma,04-Aug-19,332294,321794
INDUS,Taunsa,04-Aug-19,349838,328138
INDUS,Guddu,04-Aug-19,285481,248026
INDUS,Sukkar,04-Aug-19,188280,130770
INDUS,Kotri,04-Aug-19,109971,75526
JHELUM,Kotli,04-Aug-19,-,5280
JHELUM,Mangla,04-Aug-19,48000,10315
JHELUM,Rasul,04-Aug-19,2995,NIL
CHENAB,Jammu Tavi,04-Aug-19,-,-
CHENAB,Marala,04-Aug-19,86677,57897
CHENAB,Khanki,04-Aug-19,73936,66594
CHENAB,Qadirabad,04-Aug-19,71540,53540
CHENAB,Trimmu,04-Aug-19,87848,75248
CHENAB,Punjnad,04-Aug-19,57633,41353
RAVI,Jassar,04-Aug-19,-,4660
RAVI,Balloki,04-Aug-19,49390,16890
RAVI,Sidhnai,04-Aug-19,20050,5250
SUTLEJ,Sulemanki,04-Aug-19,18166,6561
SUTLEJ,Islam,04-Aug-19,2731,1231
INDUS,Kalabagh,05-Aug-19,306284,298284
INDUS,Chashma,05-Aug-19,330106,319606
INDUS,Taunsa,05-Aug-19,359274,337574
INDUS,Guddu,05-Aug-19,311680,274225
INDUS,Sukkar,05-Aug-19,204170,146660
INDUS,Kotri,05-Aug-19,111673,77333
JHELUM,Kotli,05-Aug-19,-,5030
JHELUM,Mangla,05-Aug-19,47000,10355
JHELUM,Rasul,05-Aug-19,2995,NIL
CHENAB,Jammu Tavi,05-Aug-19,-,-
CHENAB,Marala,05-Aug-19,86997,57897
CHENAB,Khanki,05-Aug-19,73936,66594
CHENAB,Qadirabad,05-Aug-19,67732,49732
CHENAB,Trimmu,05-Aug-19,84108,71508
CHENAB,Punjnad,05-Aug-19,57633,41353
RAVI,Jassar,05-Aug-19,-,4829
RAVI,Balloki,05-Aug-19,44875,12375
RAVI,Sidhnai,05-Aug-19,19950,5250
SUTLEJ,Sulemanki,05-Aug-19,19429,7824
SUTLEJ,Islam,05-Aug-19,2731,1231
INDUS,Kalabagh,05-Aug-19,310157,302157
INDUS,Chashma,05-Aug-19,319947,309447
INDUS,Taunsa,05-Aug-19,359274,337574
INDUS,Guddu,05-Aug-19,311956,275200
INDUS,Sukkar,05-Aug-19,212060,154550
INDUS,Kotri,05-Aug-19,112093,77333
JHELUM,Kotli,05-Aug-19,-,5530
JHELUM,Mangla,05-Aug-19,49000,13215
JHELUM,Rasul,05-Aug-19,2810,Nil
CHENAB,Jammu Tavi,05-Aug-19,-,-
CHENAB,Marala,05-Aug-19,83536,54336
CHENAB,Khanki,05-Aug-19,77507,70105
CHENAB,Qadirabad,05-Aug-19,67732,49732
CHENAB,Trimmu,05-Aug-19,79300,66700
CHENAB,Punjnad,05-Aug-19,59674,43394
RAVI,Jassar,05-Aug-19,-,6014
RAVI,Balloki,05-Aug-19,44875,12375
RAVI,Sidhnai,05-Aug-19,19988,5288
SUTLEJ,Sulemanki,05-Aug-19,20758,9051
SUTLEJ,Islam,05-Aug-19,2731,1231
INDUS,Kalabagh,05-Aug-19,296260,288260
INDUS,Chashma,05-Aug-19,326856,313656
INDUS,Taunsa,05-Aug-19,359274,337574
INDUS,Guddu,05-Aug-19,311970,276055
INDUS,Sukkar,05-Aug-19,217100,160070
INDUS,Kotri,05-Aug-19,112909,78674
JHELUM,Kotli,05-Aug-19,-,5660
JHELUM,Mangla,05-Aug-19,46000,8755
JHELUM,Rasul,05-Aug-19,3025,Nil
CHENAB,Jammu Tavi,05-Aug-19,-,-
CHENAB,Marala,05-Aug-19,84286,54336
CHENAB,Khanki,05-Aug-19,73996,66594
CHENAB,Qadirabad,05-Aug-19,71540,53540
CHENAB,Trimmu,05-Aug-19,78757,66157
CHENAB,Punjnad,05-Aug-19,59674,43394
RAVI,Jassar,05-Aug-19,-,4999
RAVI,Balloki,05-Aug-19,44875,12375
RAVI,Sidhnai,05-Aug-19,19988,5288
SUTLEJ,Sulemanki,05-Aug-19,20854,9147
SUTLEJ,Islam,05-Aug-19,2731,1231
INDUS,Kalabagh,05-Aug-19,268240,260240
INDUS,Chashma,05-Aug-19,306170,290270
INDUS,Taunsa,05-Aug-19,359274,337574
INDUS,Guddu,05-Aug-19,311970,276055
INDUS,Sukkar,05-Aug-19,217100,160070
INDUS,Kotri,05-Aug-19,112909,78674
JHELUM,Kotli,05-Aug-19,-,11900
JHELUM,Mangla,05-Aug-19,55000,8515
JHELUM,Rasul,05-Aug-19,3015,NIL
CHENAB,Jammu Tavi,05-Aug-19,-,-
CHENAB,Marala,05-Aug-19,89739,59689
CHENAB,Khanki,05-Aug-19,67325,59827
CHENAB,Qadirabad,05-Aug-19,68996,50996
CHENAB,Trimmu,05-Aug-19,75709,63109
CHENAB,Punjnad,05-Aug-19,59774,43394
RAVI,Jassar,05-Aug-19,-,4660
RAVI,Balloki,05-Aug-19,44875,12375
RAVI,Sidhnai,05-Aug-19,19988,5288
SUTLEJ,Sulemanki,05-Aug-19,20854,9147
SUTLEJ,Islam,05-Aug-19,2731,1231
INDUS,Kalabagh,06-Aug-19,286074,278074
INDUS,Chashma,06-Aug-19,284895,266825
INDUS,Taunsa,06-Aug-19,358358,336658
INDUS,Guddu,06-Aug-19,322425,286510
INDUS,Sukkar,06-Aug-19,250050,193490
INDUS,Kotri,06-Aug-19,116437,81572
JHELUM,Kotli,06-Aug-19,-,8190
JHELUM,Mangla,06-Aug-19,48000,8515
JHELUM,Rasul,06-Aug-19,2810,NIL
CHENAB,Jammu Tavi,06-Aug-19,-,-
CHENAB,Marala,06-Aug-19,87947,57897
CHENAB,Khanki,06-Aug-19,70521,63023
CHENAB,Qadirabad,06-Aug-19,68996,50996
CHENAB,Trimmu,06-Aug-19,68954,56354
CHENAB,Punjnad,06-Aug-19,59774,43394
RAVI,Jassar,06-Aug-19,-,4999
RAVI,Balloki,06-Aug-19,43385,10885
RAVI,Sidhnai,06-Aug-19,19988,5288
SUTLEJ,Sulemanki,06-Aug-19,20854,9147
SUTLEJ,Islam,06-Aug-19,2299,799
INDUS,Kalabagh,06-Aug-19,286074,278074
INDUS,Chashma,06-Aug-19,251103,230065
INDUS,Taunsa,06-Aug-19,358358,336658
INDUS,Guddu,06-Aug-19,337366,302536
INDUS,Sukkar,06-Aug-19,253815,198555
INDUS,Kotri,06-Aug-19,113539,78674
JHELUM,Kotli,06-Aug-19,-,6050
JHELUM,Mangla,06-Aug-19,47000,10415
JHELUM,Rasul,06-Aug-19,8356,5341
CHENAB,Jammu Tavi,06-Aug-19,-,-
CHENAB,Marala,06-Aug-19,95092,65042
CHENAB,Khanki,06-Aug-19,81864,74366
CHENAB,Qadirabad,06-Aug-19,71540,53540
CHENAB,Trimmu,06-Aug-19,68954,56354
CHENAB,Punjnad,06-Aug-19,62338,45958
RAVI,Jassar,06-Aug-19,-,5168
RAVI,Balloki,06-Aug-19,43385,10885
RAVI,Sidhnai,06-Aug-19,22556,7856
SUTLEJ,Sulemanki,06-Aug-19,20854,9147
SUTLEJ,Islam,06-Aug-19,2731,1231
INDUS,Kalabagh,06-Aug-19,276491,268491
INDUS,Chashma,06-Aug-19,271337,249818
INDUS,Taunsa,06-Aug-19,358358,336658
INDUS,Guddu,06-Aug-19,355230,320400
INDUS,Sukkar,06-Aug-19,258050,204490
INDUS,Kotri,06-Aug-19,110021,75526
JHELUM,Kotli,06-Aug-19,-,5410
JHELUM,Mangla,06-Aug-19,46000,9715
JHELUM,Rasul,06-Aug-19,3015,Nil
CHENAB,Jammu Tavi,06-Aug-19,-,-
CHENAB,Marala,06-Aug-19,89739,59689
CHENAB,Khanki,06-Aug-19,74092,66594
CHENAB,Qadirabad,06-Aug-19,75200,57200
CHENAB,Trimmu,06-Aug-19,66096,53496
CHENAB,Punjnad,06-Aug-19,62338,45958
RAVI,Jassar,06-Aug-19,-,4829
RAVI,Balloki,06-Aug-19,42480,9980
RAVI,Sidhnai,06-Aug-19,22606,7856
SUTLEJ,Sulemanki,06-Aug-19,20628,9527
SUTLEJ,Islam,06-Aug-19,2731,1231
INDUS,Kalabagh,06-Aug-19,276491,268491
INDUS,Chashma,06-Aug-19,289768,269268
INDUS,Taunsa,06-Aug-19,358358,336658
INDUS,Guddu,06-Aug-19,355230,320400
INDUS,Sukkar,06-Aug-19,258050,204490
INDUS,Kotri,06-Aug-19,110021,75526
JHELUM,Kotli,06-Aug-19,-,14800
JHELUM,Mangla,06-Aug-19,46000,11115
JHELUM,Rasul,06-Aug-19,8366,5341
CHENAB,Jammu Tavi,06-Aug-19,-,-
CHENAB,Marala,06-Aug-19,89739,59689
CHENAB,Khanki,06-Aug-19,70521,63023
CHENAB,Qadirabad,06-Aug-19,68996,50996
CHENAB,Trimmu,06-Aug-19,64066,51466
CHENAB,Punjnad,06-Aug-19,62338,45958
RAVI,Jassar,06-Aug-19,-,4407
RAVI,Balloki,06-Aug-19,42480,9980
RAVI,Sidhnai,06-Aug-19,22706,7856
SUTLEJ,Sulemanki,06-Aug-19,21933,10078
SUTLEJ,Islam,06-Aug-19,2781,1231
INDUS,Kalabagh,07-Aug-19,293618,285618
INDUS,Chashma,07-Aug-19,283701,263201
INDUS,Taunsa,07-Aug-19,347319,325619
INDUS,Guddu,07-Aug-19,356173,320923
INDUS,Sukkar,07-Aug-19,265970,213910
INDUS,Kotri,07-Aug-19,104731,75526
JHELUM,Kotli,07-Aug-19,-,8190
JHELUM,Mangla,07-Aug-19,47000,11115
JHELUM,Rasul,07-Aug-19,8366,5341
CHENAB,Jammu Tavi,07-Aug-19,-,-
CHENAB,Marala,07-Aug-19,95092,65042
CHENAB,Khanki,07-Aug-19,67325,59827
CHENAB,Qadirabad,07-Aug-19,68996,50996
CHENAB,Trimmu,07-Aug-19,59332,46732
CHENAB,Punjnad,07-Aug-19,66099,49719
RAVI,Jassar,07-Aug-19,-,4999
RAVI,Balloki,07-Aug-19,41580,9080
RAVI,Sidhnai,07-Aug-19,22706,7856
SUTLEJ,Sulemanki,07-Aug-19,21910,10055
SUTLEJ,Islam,07-Aug-19,3327,1777
INDUS,Kalabagh,07-Aug-19,303698,295698
INDUS,Chashma,07-Aug-19,283531,263031
INDUS,Taunsa,07-Aug-19,338176,316476
INDUS,Guddu,07-Aug-19,356173,320923
INDUS,Sukkar,07-Aug-19,266100,217050
INDUS,Kotri,07-Aug-19,98681,75525
JHELUM,Kotli,07-Aug-19,-,13450
JHELUM,Mangla,07-Aug-19,82000,10115
JHELUM,Rasul,07-Aug-19,14340,11895
CHENAB,Jammu Tavi,07-Aug-19,-,-
CHENAB,Marala,07-Aug-19,148622,118572
CHENAB,Khanki,07-Aug-19,79006,71568
CHENAB,Qadirabad,07-Aug-19,65307,47307
CHENAB,Trimmu,07-Aug-19,59332,46732
CHENAB,Punjnad,07-Aug-19,67505,51125
RAVI,Jassar,07-Aug-19,-,6852
RAVI,Balloki,07-Aug-19,41580,9080
RAVI,Sidhnai,07-Aug-19,22706,7856
SUTLEJ,Sulemanki,07-Aug-19,21910,10055
SUTLEJ,Islam,07-Aug-19,3327,1777
INDUS,Kalabagh,07-Aug-19,305608,297608
INDUS,Chashma,07-Aug-19,302006,282476
INDUS,Taunsa,07-Aug-19,311454,289754
INDUS,Guddu,07-Aug-19,367009,332059
INDUS,Sukkar,07-Aug-19,266100,217050
INDUS,Kotri,07-Aug-19,98268,83063
JHELUM,Kotli,07-Aug-19,-,8620
JHELUM,Mangla,07-Aug-19,60000,8615
JHELUM,Rasul,07-Aug-19,22000,19705
CHENAB,Jammu Tavi,07-Aug-19,-,-
CHENAB,Marala,07-Aug-19,164681,134631
CHENAB,Khanki,07-Aug-19,102368,94930
CHENAB,Qadirabad,07-Aug-19,75200,57200
CHENAB,Trimmu,07-Aug-19,59332,46732
CHENAB,Punjnad,07-Aug-19,67505,51125
RAVI,Jassar,07-Aug-19,-,6353
RAVI,Balloki,07-Aug-19,41580,9080
RAVI,Sidhnai,07-Aug-19,23263,8463
SUTLEJ,Sulemanki,07-Aug-19,20524,8669
SUTLEJ,Islam,07-Aug-19,3327,1777
INDUS,Kalabagh,07-Aug-19,311112,303112
INDUS,Chashma,07-Aug-19,331765,310965
INDUS,Taunsa,07-Aug-19,307954,289754
INDUS,Guddu,07-Aug-19,367009,332059
INDUS,Sukkar,07-Aug-19,266100,217050
INDUS,Kotri,07-Aug-19,98268,83063
JHELUM,Kotli,07-Aug-19,-,7160
JHELUM,Mangla,07-Aug-19,50000,10755
JHELUM,Rasul,07-Aug-19,10285,7990
CHENAB,Jammu Tavi,07-Aug-19,-,-
CHENAB,Marala,07-Aug-19,132563,102513
CHENAB,Khanki,07-Aug-19,136738,129300
CHENAB,Qadirabad,07-Aug-19,117096,99096
CHENAB,Trimmu,07-Aug-19,56684,44084
CHENAB,Punjnad,07-Aug-19,67505,51125
RAVI,Jassar,07-Aug-19,-,15874
RAVI,Balloki,07-Aug-19,40675,8175
RAVI,Sidhnai,07-Aug-19,21360,6610
SUTLEJ,Sulemanki,07-Aug-19,20457,8546
SUTLEJ,Islam,07-Aug-19,4494,2944
INDUS,Kalabagh,08-Aug-19,321112,313112
INDUS,Chashma,08-Aug-19,320590,300809
INDUS,Taunsa,08-Aug-19,288937,270737
INDUS,Guddu,08-Aug-19,368114,334664
INDUS,Sukkar,08-Aug-19,300470,256060
INDUS,Kotri,08-Aug-19,NR,NR
JHELUM,Kotli,08-Aug-19,-,6570
JHELUM,Mangla,08-Aug-19,52000,11615
JHELUM,Rasul,08-Aug-19,10285,7990
CHENAB,Jammu Tavi,08-Aug-19,-,-
CHENAB,Marala,08-Aug-19,105798,75748
CHENAB,Khanki,08-Aug-19,136738,129300
CHENAB,Qadirabad,08-Aug-19,131575,113575
CHENAB,Trimmu,08-Aug-19,60564,47964
CHENAB,Punjnad,08-Aug-19,67505,51125
RAVI,Jassar,08-Aug-19,-,16287
RAVI,Balloki,08-Aug-19,40675,8175
RAVI,Sidhnai,08-Aug-19,21322,6572
SUTLEJ,Sulemanki,08-Aug-19,19640,7729
SUTLEJ,Islam,08-Aug-19,4494,2944
INDUS,Kalabagh,08-Aug-19,323536,315536
INDUS,Chashma,08-Aug-19,312761,291961
INDUS,Taunsa,08-Aug-19,297465,279265
INDUS,Guddu,08-Aug-19,377495,345988
INDUS,Sukkar,08-Aug-19,301030,260980
INDUS,Kotri,08-Aug-19,98233,98233
JHELUM,Kotli,08-Aug-19,-,5920
JHELUM,Mangla,08-Aug-19,55000,11515
JHELUM,Rasul,08-Aug-19,7916,5341
CHENAB,Jammu Tavi,08-Aug-19,-,-
CHENAB,Marala,08-Aug-19,98866,68816
CHENAB,Khanki,08-Aug-19,110925,103535
CHENAB,Qadirabad,08-Aug-19,131575,113575
CHENAB,Trimmu,08-Aug-19,60564,47964
CHENAB,Punjnad,08-Aug-19,67305,51125
RAVI,Jassar,08-Aug-19,-,15461
RAVI,Balloki,08-Aug-19,40675,8175
RAVI,Sidhnai,08-Aug-19,21322,6572
SUTLEJ,Sulemanki,08-Aug-19,19640,7729
SUTLEJ,Islam,08-Aug-19,4494,2944
INDUS,Kalabagh,08-Aug-19,313698,305698
INDUS,Chashma,08-Aug-19,329724,308924
INDUS,Taunsa,08-Aug-19,297465,279265
INDUS,Guddu,08-Aug-19,380487,355525
INDUS,Sukkar,08-Aug-19,301990,263880
INDUS,Kotri,08-Aug-19,98233,98233
JHELUM,Kotli,08-Aug-19,-,5530
JHELUM,Mangla,08-Aug-19,48000,9815
JHELUM,Rasul,08-Aug-19,2575,Nil
CHENAB,Jammu Tavi,08-Aug-19,-,-
CHENAB,Marala,08-Aug-19,98896,68816
CHENAB,Khanki,08-Aug-19,95345,87955
CHENAB,Qadirabad,08-Aug-19,117096,99096
CHENAB,Trimmu,08-Aug-19,64614,52014
CHENAB,Punjnad,08-Aug-19,67305,51125
RAVI,Jassar,08-Aug-19,-,11081
RAVI,Balloki,08-Aug-19,43270,11470
RAVI,Sidhnai,08-Aug-19,20038,5288
SUTLEJ,Sulemanki,08-Aug-19,19288,7729
SUTLEJ,Islam,08-Aug-19,4494,2944
INDUS,Kalabagh,08-Aug-19,303698,295698
INDUS,Chashma,08-Aug-19,308396,287596
INDUS,Taunsa,08-Aug-19,297465,279265
INDUS,Guddu,08-Aug-19,380487,355525
INDUS,Sukkar,08-Aug-19,301990,263880
INDUS,Kotri,08-Aug-19,98233,98233
JHELUM,Kotli,08-Aug-19,-,5280
JHELUM,Mangla,08-Aug-19,45000,10115
JHELUM,Rasul,08-Aug-19,7916,5341
CHENAB,Jammu Tavi,08-Aug-19,-,-
CHENAB,Marala,08-Aug-19,93543,63463
CHENAB,Khanki,08-Aug-19,86266,78876
CHENAB,Qadirabad,08-Aug-19,95185,77185
CHENAB,Trimmu,08-Aug-19,64614,52014
CHENAB,Punjnad,08-Aug-19,67305,51125
RAVI,Jassar,08-Aug-19,-,8597
RAVI,Balloki,08-Aug-19,42505,10005
RAVI,Sidhnai,08-Aug-19,18616,3966
SUTLEJ,Sulemanki,08-Aug-19,19288,7729
SUTLEJ,Islam,08-Aug-19,5521,3971
INDUS,Kalabagh,09-Aug-19,293618,285618
INDUS,Chashma,09-Aug-19,311327,290527
INDUS,Taunsa,09-Aug-19,297196,278996
INDUS,Guddu,09-Aug-19,380487,358029
INDUS,Sukkar,09-Aug-19,315084,282664
INDUS,Kotri,09-Aug-19,98233,98233
JHELUM,Kotli,09-Aug-19,-,5150
JHELUM,Mangla,09-Aug-19,41000,8115
JHELUM,Rasul,09-Aug-19,7916,5341
CHENAB,Jammu Tavi,09-Aug-19,-,-
CHENAB,Marala,09-Aug-19,93543,63463
CHENAB,Khanki,09-Aug-19,84423,77040
CHENAB,Qadirabad,09-Aug-19,86288,68288
CHENAB,Trimmu,09-Aug-19,67075,54475
CHENAB,Punjnad,09-Aug-19,65719,49719
RAVI,Jassar,09-Aug-19,-,9219
RAVI,Balloki,09-Aug-19,42505,10005
RAVI,Sidhnai,09-Aug-19,19277,4627
SUTLEJ,Sulemanki,09-Aug-19,21192,9633
SUTLEJ,Islam,09-Aug-19,5521,3971
INDUS,Kalabagh,09-Aug-19,303698,295698
INDUS,Chashma,09-Aug-19,313888,293088
INDUS,Taunsa,09-Aug-19,297196,278996
INDUS,Guddu,09-Aug-19,380487,361478
INDUS,Sukkar,09-Aug-19,316550,287150
INDUS,Kotri,09-Aug-19,98233,98233
JHELUM,Kotli,09-Aug-19,-,5530
JHELUM,Mangla,09-Aug-19,45000,9915
JHELUM,Rasul,09-Aug-19,2575,Nil
CHENAB,Jammu Tavi,09-Aug-19,-,-
CHENAB,Marala,09-Aug-19,89769,59689
CHENAB,Khanki,09-Aug-19,84286,77040
CHENAB,Qadirabad,09-Aug-19,74376,56376
CHENAB,Trimmu,09-Aug-19,67075,54475
CHENAB,Punjnad,09-Aug-19,62204,46204
RAVI,Jassar,09-Aug-19,-,6852
RAVI,Balloki,09-Aug-19,42505,10005
RAVI,Sidhnai,09-Aug-19,17294,2644
SUTLEJ,Sulemanki,09-Aug-19,21192,9633
SUTLEJ,Islam,09-Aug-19,5521,3971
INDUS,Kalabagh,09-Aug-19,303698,295698
INDUS,Chashma,09-Aug-19,295881,275231
INDUS,Taunsa,09-Aug-19,302022,283822
INDUS,Guddu,09-Aug-19,380487,361478
INDUS,Sukkar,09-Aug-19,316550,287150
INDUS,Kotri,09-Aug-19,109684,109684
JHELUM,Kotli,09-Aug-19,-,5530
JHELUM,Mangla,09-Aug-19,50000,9815
JHELUM,Rasul,09-Aug-19,7686,5341
CHENAB,Jammu Tavi,09-Aug-19,-,-
CHENAB,Marala,09-Aug-19,93543,63463
CHENAB,Khanki,09-Aug-19,84073,77040
CHENAB,Qadirabad,09-Aug-19,76958,58958
CHENAB,Trimmu,09-Aug-19,70221,57621
CHENAB,Punjnad,09-Aug-19,62008,45958
RAVI,Jassar,09-Aug-19,-,6184
RAVI,Balloki,09-Aug-19,43970,11470
RAVI,Sidhnai,09-Aug-19,16456,1656
SUTLEJ,Sulemanki,09-Aug-19,21284,9725
SUTLEJ,Islam,09-Aug-19,5521,3971
INDUS,Kalabagh,09-Aug-19,303698,295698
INDUS,Chashma,09-Aug-19,291179,270829
INDUS,Taunsa,09-Aug-19,302022,283822
INDUS,Guddu,09-Aug-19,380487,361478
INDUS,Sukkar,09-Aug-19,316550,287150
INDUS,Kotri,09-Aug-19,109684,109684
JHELUM,Kotli,09-Aug-19,-,19230
JHELUM,Mangla,09-Aug-19,65000,9815
JHELUM,Rasul,09-Aug-19,7481,5341
CHENAB,Jammu Tavi,09-Aug-19,-,-
CHENAB,Marala,09-Aug-19,137916,107836
CHENAB,Khanki,09-Aug-19,77485,70452
CHENAB,Qadirabad,09-Aug-19,76958,58958
CHENAB,Trimmu,09-Aug-19,76013,63413
CHENAB,Punjnad,09-Aug-19,62008,45958
RAVI,Jassar,09-Aug-19,-,5337
RAVI,Balloki,09-Aug-19,44870,12370
RAVI,Sidhnai,09-Aug-19,17465,2965
SUTLEJ,Sulemanki,09-Aug-19,21284,9725
SUTLEJ,Islam,09-Aug-19,5521,3971
INDUS,Kalabagh,10-Aug-19,302743,294743
INDUS,Chashma,10-Aug-19,315956,295906
INDUS,Taunsa,10-Aug-19,325253,307053
INDUS,Guddu,10-Aug-19,378085,360053
INDUS,Sukkar,10-Aug-19,324310,298190
INDUS,Kotri,10-Aug-19,109684,109684
JHELUM,Kotli,10-Aug-19,-,10200
JHELUM,Mangla,10-Aug-19,53000,10315
JHELUM,Rasul,10-Aug-19,7481,5341
CHENAB,Jammu Tavi,10-Aug-19,-,-
CHENAB,Marala,10-Aug-19,98896,68816
CHENAB,Khanki,10-Aug-19,101963,94930
CHENAB,Qadirabad,10-Aug-19,76958,58958
CHENAB,Trimmu,10-Aug-19,80855,68355
CHENAB,Punjnad,10-Aug-19,59444,43394
RAVI,Jassar,10-Aug-19,-,5676
RAVI,Balloki,10-Aug-19,46680,14180
RAVI,Sidhnai,10-Aug-19,17365,2965
SUTLEJ,Sulemanki,10-Aug-19,21284,9725
SUTLEJ,Islam,10-Aug-19,7378,5828
INDUS,Kalabagh,10-Aug-19,309557,302157
INDUS,Chashma,10-Aug-19,303330,283380
INDUS,Taunsa,10-Aug-19,329677,311477
INDUS,Guddu,10-Aug-19,375600,357064
INDUS,Sukkar,10-Aug-19,327300,300500
INDUS,Kotri,10-Aug-19,109684,109684
JHELUM,Kotli,10-Aug-19,-,8190
JHELUM,Mangla,10-Aug-19,51000,10815
JHELUM,Rasul,10-Aug-19,10130,7990
CHENAB,Jammu Tavi,10-Aug-19,-,-
CHENAB,Marala,10-Aug-19,98896,68816
CHENAB,Khanki,10-Aug-19,108042,101056
CHENAB,Qadirabad,10-Aug-19,100103,82103
CHENAB,Trimmu,10-Aug-19,86944,74444
CHENAB,Punjnad,10-Aug-19,58026,42476
RAVI,Jassar,10-Aug-19,-,6353
RAVI,Balloki,10-Aug-19,46680,14180
RAVI,Sidhnai,10-Aug-19,15722,1322
SUTLEJ,Sulemanki,10-Aug-19,21284,9725
SUTLEJ,Islam,10-Aug-19,7378,5828
INDUS,Kalabagh,10-Aug-19,319157,312157
INDUS,Chashma,10-Aug-19,333229,313529
INDUS,Taunsa,10-Aug-19,328062,315862
INDUS,Guddu,10-Aug-19,363052,345026
INDUS,Sukkar,10-Aug-19,329300,300500
INDUS,Kotri,10-Aug-19,112740,112400
JHELUM,Kotli,10-Aug-19,-,6960
JHELUM,Mangla,10-Aug-19,55000,9915
JHELUM,Rasul,10-Aug-19,2140,NIL
CHENAB,Jammu Tavi,10-Aug-19,-,-
CHENAB,Marala,10-Aug-19,98896,68816
CHENAB,Khanki,10-Aug-19,101264,94278
CHENAB,Qadirabad,10-Aug-19,101273,83273
CHENAB,Trimmu,10-Aug-19,90137,77637
CHENAB,Punjnad,10-Aug-19,57926,42476
RAVI,Jassar,10-Aug-19,-,7600
RAVI,Balloki,10-Aug-19,46680,14180
RAVI,Sidhnai,10-Aug-19,17044,2644
SUTLEJ,Sulemanki,10-Aug-19,21284,9725
SUTLEJ,Islam,10-Aug-19,7378,5828
INDUS,Kalabagh,10-Aug-19,336278,329278
INDUS,Chashma,10-Aug-19,325881,306181
INDUS,Taunsa,10-Aug-19,327062,315862
INDUS,Guddu,10-Aug-19,363052,345026
INDUS,Sukkar,10-Aug-19,329300,300500
INDUS,Kotri,10-Aug-19,112740,112400
JHELUM,Kotli,10-Aug-19,-,6570
JHELUM,Mangla,10-Aug-19,54000,9915
JHELUM,Rasul,10-Aug-19,10130,7990
CHENAB,Jammu Tavi,10-Aug-19,-,-
CHENAB,Marala,10-Aug-19,98816,68816
CHENAB,Khanki,10-Aug-19,91120,84134
CHENAB,Qadirabad,10-Aug-19,99855,81855
CHENAB,Trimmu,10-Aug-19,93620,81120
CHENAB,Punjnad,10-Aug-19,55976,42476
RAVI,Jassar,10-Aug-19,-,8098
RAVI,Balloki,10-Aug-19,46680,14180
RAVI,Sidhnai,10-Aug-19,15722,1322
SUTLEJ,Sulemanki,10-Aug-19,22782,11615
SUTLEJ,Islam,10-Aug-19,7559,6609
INDUS,Kalabagh,11-Aug-19,344877,338477
INDUS,Chashma,11-Aug-19,339684,319984
INDUS,Taunsa,11-Aug-19,322377,311177
INDUS,Guddu,11-Aug-19,362552,345026
INDUS,Sukkar,11-Aug-19,330095,303125
INDUS,Kotri,11-Aug-19,115870,115530
JHELUM,Kotli,11-Aug-19,-,6050
JHELUM,Mangla,11-Aug-19,56000,9515
JHELUM,Rasul,11-Aug-19,2140,NIL
CHENAB,Jammu Tavi,11-Aug-19,-,-
CHENAB,Marala,11-Aug-19,98816,68816
CHENAB,Khanki,11-Aug-19,91120,84134
CHENAB,Qadirabad,11-Aug-19,99855,81855
CHENAB,Trimmu,11-Aug-19,94909,82409
CHENAB,Punjnad,11-Aug-19,55976,42476
RAVI,Jassar,11-Aug-19,-,8597
RAVI,Balloki,11-Aug-19,44870,12370
RAVI,Sidhnai,11-Aug-19,15722,1322
SUTLEJ,Sulemanki,11-Aug-19,22783,11616
SUTLEJ,Islam,11-Aug-19,7559,6609
INDUS,Kalabagh,11-Aug-19,359875,353875
INDUS,Chashma,11-Aug-19,353146,333546
INDUS,Taunsa,11-Aug-19,322377,311177
INDUS,Guddu,11-Aug-19,362552,345026
INDUS,Sukkar,11-Aug-19,330095,303125
INDUS,Kotri,11-Aug-19,115870,115530
JHELUM,Kotli,11-Aug-19,-,8400
JHELUM,Mangla,11-Aug-19,50000,9615
JHELUM,Rasul,11-Aug-19,2140,NIL
CHENAB,Jammu Tavi,11-Aug-19,-,-
CHENAB,Marala,11-Aug-19,98816,68816
CHENAB,Khanki,11-Aug-19,94765,87955
CHENAB,Qadirabad,11-Aug-19,88821,70821
CHENAB,Trimmu,11-Aug-19,94909,82409
CHENAB,Punjnad,11-Aug-19,52639,39139
RAVI,Jassar,11-Aug-19,-,6184
RAVI,Balloki,11-Aug-19,44870,12370
RAVI,Sidhnai,11-Aug-19,15545,995
SUTLEJ,Sulemanki,11-Aug-19,22783,11616
SUTLEJ,Islam,11-Aug-19,7559,6609
INDUS,Kalabagh,11-Aug-19,356193,350193
INDUS,Chashma,11-Aug-19,339077,319577
INDUS,Taunsa,11-Aug-19,322377,311177
INDUS,Guddu,11-Aug-19,362552,345026
INDUS,Sukkar,11-Aug-19,330095,303125
INDUS,Kotri,11-Aug-19,115970,115530
JHELUM,Kotli,11-Aug-19,-,6570
JHELUM,Mangla,11-Aug-19,50000,9615
JHELUM,Rasul,11-Aug-19,7481,5341
CHENAB,Jammu Tavi,11-Aug-19,-,-
CHENAB,Marala,11-Aug-19,121807,91807
CHENAB,Khanki,11-Aug-19,98382,91572
CHENAB,Qadirabad,11-Aug-19,94288,76288
CHENAB,Trimmu,11-Aug-19,94909,82409
CHENAB,Punjnad,11-Aug-19,52939,39139
RAVI,Jassar,11-Aug-19,-,5168
RAVI,Balloki,11-Aug-19,45375,13275
RAVI,Sidhnai,11-Aug-19,15311,661
SUTLEJ,Sulemanki,11-Aug-19,22783,11616
SUTLEJ,Islam,11-Aug-19,7559,6609
INDUS,Kalabagh,11-Aug-19,356193,350193
INDUS,Chashma,11-Aug-19,363180,343680
INDUS,Taunsa,11-Aug-19,322377,311177
INDUS,Guddu,11-Aug-19,362552,345026
INDUS,Sukkar,11-Aug-19,330095,303125
INDUS,Kotri,11-Aug-19,115970,115530
JHELUM,Kotli,11-Aug-19,-,6190
JHELUM,Mangla,11-Aug-19,50000,9615
JHELUM,Rasul,11-Aug-19,2140,Nil
CHENAB,Jammu Tavi,11-Aug-19,-,-
CHENAB,Marala,11-Aug-19,98816,68816
CHENAB,Khanki,11-Aug-19,95710,88900
CHENAB,Qadirabad,11-Aug-19,94288,76288
CHENAB,Trimmu,11-Aug-19,92425,79925
CHENAB,Punjnad,11-Aug-19,52639,39139
RAVI,Jassar,11-Aug-19,-,5507
RAVI,Balloki,11-Aug-19,45375,13275
RAVI,Sidhnai,11-Aug-19,15311,661
SUTLEJ,Sulemanki,11-Aug-19,22783,11616
SUTLEJ,Islam,11-Aug-19,7559,6609
INDUS,Kalabagh,12-Aug-19,355238,349238
INDUS,Chashma,12-Aug-19,362333,342833
INDUS,Taunsa,12-Aug-19,336267,325067
INDUS,Guddu,12-Aug-19,374585,357411
INDUS,Sukkar,12-Aug-19,330942,303272
INDUS,Kotri,12-Aug-19,115970,115530
JHELUM,Kotli,12-Aug-19,,5920
JHELUM,Mangla,12-Aug-19,46000,11315
JHELUM,Rasul,12-Aug-19,7481,5341
CHENAB,Jammu Tavi,12-Aug-19,,
CHENAB,Marala,12-Aug-19,98816,68816
CHENAB,Khanki,12-Aug-19,98382,91572
CHENAB,Qadirabad,12-Aug-19,94288,76288
CHENAB,Trimmu,12-Aug-19,89328,76828
CHENAB,Punjnad,12-Aug-19,52639,39139
RAVI,Jassar,12-Aug-19,,5842
RAVI,Balloki,12-Aug-19,45375,13275
RAVI,Sidhnai,12-Aug-19,15311,661
SUTLEJ,Sulemanki,12-Aug-19,22906,11739
SUTLEJ,Islam,12-Aug-19,7559,6609
INDUS,Kalabagh,12-Aug-19,355238,349238
INDUS,Chashma,12-Aug-19,366288,346788
INDUS,Taunsa,12-Aug-19,336267,325067
INDUS,Guddu,12-Aug-19,374585,357411
INDUS,Sukkar,12-Aug-19,330942,303272
INDUS,Kotri,12-Aug-19,115970,115530
JHELUM,Kotli,12-Aug-19,-,5920
JHELUM,Mangla,12-Aug-19,47000,9615
JHELUM,Rasul,12-Aug-19,7481,5341
CHENAB,Jammu Tavi,12-Aug-19,-,-
CHENAB,Marala,12-Aug-19,89689,59689
CHENAB,Khanki,12-Aug-19,94602,87792
CHENAB,Qadirabad,12-Aug-19,94288,76288
CHENAB,Trimmu,12-Aug-19,87761,75261
CHENAB,Punjnad,12-Aug-19,52639,39139
RAVI,Jassar,12-Aug-19,-,5168
RAVI,Balloki,12-Aug-19,45375,13275
RAVI,Sidhnai,12-Aug-19,15722,1322
SUTLEJ,Sulemanki,12-Aug-19,22906,11739
SUTLEJ,Islam,12-Aug-19,7559,6609
INDUS,Kalabagh,12-Aug-19,335885,329885
INDUS,Chashma,12-Aug-19,359189,339689
INDUS,Taunsa,12-Aug-19,363145,350945
INDUS,Guddu,12-Aug-19,363851,345241
INDUS,Sukkar,12-Aug-19,330942,303272
INDUS,Kotri,12-Aug-19,120465,119465
JHELUM,Kotli,12-Aug-19,-,6050
JHELUM,Mangla,12-Aug-19,48000,10515
JHELUM,Rasul,12-Aug-19,7686,5341
CHENAB,Jammu Tavi,12-Aug-19,-,-
CHENAB,Marala,12-Aug-19,111101,81101
CHENAB,Khanki,12-Aug-19,86900,80066
CHENAB,Qadirabad,12-Aug-19,76694,58694
CHENAB,Trimmu,12-Aug-19,92257,79757
CHENAB,Punjnad,12-Aug-19,58675,43675
RAVI,Jassar,12-Aug-19,-,6014
RAVI,Balloki,12-Aug-19,45375,13275
RAVI,Sidhnai,12-Aug-19,18255,3305
SUTLEJ,Sulemanki,12-Aug-19,23296,11739
SUTLEJ,Islam,12-Aug-19,7559,6609
INDUS,Kalabagh,12-Aug-19,331460,325460
INDUS,Chashma,12-Aug-19,360002,340502
INDUS,Taunsa,12-Aug-19,340776,329576
INDUS,Guddu,12-Aug-19,363851,345241
INDUS,Sukkar,12-Aug-19,330942,303272
INDUS,Kotri,12-Aug-19,120465,119465
JHELUM,Kotli,12-Aug-19,-,5660
JHELUM,Mangla,12-Aug-19,46000,9615
JHELUM,Rasul,12-Aug-19,7481,5341
CHENAB,Jammu Tavi,12-Aug-19,-,-
CHENAB,Marala,12-Aug-19,95042,65042
CHENAB,Khanki,12-Aug-19,78664,71854
CHENAB,Qadirabad,12-Aug-19,76694,58694
CHENAB,Trimmu,12-Aug-19,87761,75261
CHENAB,Punjnad,12-Aug-19,53639,39139
RAVI,Jassar,12-Aug-19,-,5507
RAVI,Balloki,12-Aug-19,45375,13275
RAVI,Sidhnai,12-Aug-19,17778,2978
SUTLEJ,Sulemanki,12-Aug-19,23144,11739
SUTLEJ,Islam,12-Aug-19,7559,6609
INDUS,Kalabagh,13-Aug-19,342171,336171
INDUS,Chashma,13-Aug-19,365511,346011
INDUS,Taunsa,13-Aug-19,354954,343754
INDUS,Guddu,13-Aug-19,354150,331100
INDUS,Sukkar,13-Aug-19,330300,290680
INDUS,Kotri,13-Aug-19,124498,122548
JHELUM,Kotli,13-Aug-19,-,5530
JHELUM,Mangla,13-Aug-19,43000,8415
JHELUM,Rasul,13-Aug-19,2140,Nil
CHENAB,Jammu Tavi,13-Aug-19,-,-
CHENAB,Marala,13-Aug-19,95042,65042
CHENAB,Khanki,13-Aug-19,83850,77040
CHENAB,Qadirabad,13-Aug-19,72492,54492
CHENAB,Trimmu,13-Aug-19,89328,76828
CHENAB,Punjnad,13-Aug-19,53639,39139
RAVI,Jassar,13-Aug-19,-,5676
RAVI,Balloki,13-Aug-19,45375,13275
RAVI,Sidhnai,13-Aug-19,17778,2978
SUTLEJ,Sulemanki,13-Aug-19,23192,11739
SUTLEJ,Islam,13-Aug-19,7559,6609
INDUS,Kalabagh,13-Aug-19,342171,336171
INDUS,Chashma,13-Aug-19,357800,338300
INDUS,Taunsa,13-Aug-19,362145,350945
INDUS,Guddu,13-Aug-19,349566,322517
INDUS,Sukkar,13-Aug-19,330300,290680
INDUS,Kotri,13-Aug-19,125333,122548
JHELUM,Kotli,13-Aug-19,-,6190
JHELUM,Mangla,13-Aug-19,45000,8415
JHELUM,Rasul,13-Aug-19,2345,Nil
CHENAB,Jammu Tavi,13-Aug-19,-,-
CHENAB,Marala,13-Aug-19,121807,91807
CHENAB,Khanki,13-Aug-19,86900,80066
CHENAB,Qadirabad,13-Aug-19,76694,58694
CHENAB,Trimmu,13-Aug-19,92257,79757
CHENAB,Punjnad,13-Aug-19,58675,43675
RAVI,Jassar,13-Aug-19,-,5168
RAVI,Balloki,13-Aug-19,45375,13275
RAVI,Sidhnai,13-Aug-19,18105,3305
SUTLEJ,Sulemanki,13-Aug-19,23192,11739
SUTLEJ,Islam,13-Aug-19,7559,6609
INDUS,Kalabagh,13-Aug-19,335885,329885
INDUS,Chashma,13-Aug-19,365558,346058
INDUS,Taunsa,13-Aug-19,363145,350945
INDUS,Guddu,13-Aug-19,349556,319966
INDUS,Sukkar,13-Aug-19,331140,287150
INDUS,Kotri,13-Aug-19,136297,131612
JHELUM,Kotli,13-Aug-19,-,6380
JHELUM,Mangla,13-Aug-19,48000,11215
JHELUM,Rasul,13-Aug-19,7686,5341
CHENAB,Jammu Tavi,13-Aug-19,-,-
CHENAB,Marala,13-Aug-19,111101,81101
CHENAB,Khanki,13-Aug-19,86900,80066
CHENAB,Qadirabad,13-Aug-19,76694,58694
CHENAB,Trimmu,13-Aug-19,92257,79757
CHENAB,Punjnad,13-Aug-19,58675,43675
RAVI,Jassar,13-Aug-19,-,6014
RAVI,Balloki,13-Aug-19,45375,13275
RAVI,Sidhnai,13-Aug-19,18255,3305
SUTLEJ,Sulemanki,13-Aug-19,23296,11739
SUTLEJ,Islam,13-Aug-19,7559,6609
INDUS,Kalabagh,13-Aug-19,342671,336171
INDUS,Chashma,13-Aug-19,370992,351492
INDUS,Taunsa,13-Aug-19,363145,350945
INDUS,Guddu,13-Aug-19,349556,319966
INDUS,Sukkar,13-Aug-19,331140,287150
INDUS,Kotri,13-Aug-19,136297,131612
JHELUM,Kotli,13-Aug-19,-,6570
JHELUM,Mangla,13-Aug-19,44000,9615
JHELUM,Rasul,13-Aug-19,2645,Nil
CHENAB,Jammu Tavi,13-Aug-19,-,-
CHENAB,Marala,13-Aug-19,95042,65042
CHENAB,Khanki,13-Aug-19,94789,87955
CHENAB,Qadirabad,13-Aug-19,84082,66082
CHENAB,Trimmu,13-Aug-19,92257,79757
CHENAB,Punjnad,13-Aug-19,58675,43675
RAVI,Jassar,13-Aug-19,-,8597
RAVI,Balloki,13-Aug-19,43800,11700
RAVI,Sidhnai,13-Aug-19,18255,3305
SUTLEJ,Sulemanki,13-Aug-19,23296,11739
SUTLEJ,Islam,13-Aug-19,7559,6609
INDUS,Kalabagh,14-Aug-19,347039,340039
INDUS,Chashma,14-Aug-19,377115,357615
INDUS,Taunsa,14-Aug-19,377051,364851
INDUS,Guddu,14-Aug-19,348393,316321
INDUS,Sukkar,14-Aug-19,327385,282605
INDUS,Kotri,14-Aug-19,139827,133632
JHELUM,Kotli,14-Aug-19,-,10910
JHELUM,Mangla,14-Aug-19,47000,9615
JHELUM,Rasul,14-Aug-19,2645,Nil
CHENAB,Jammu Tavi,14-Aug-19,-,-
CHENAB,Marala,14-Aug-19,95042,65042
CHENAB,Khanki,14-Aug-19,98406,91572
CHENAB,Qadirabad,14-Aug-19,84082,66082
CHENAB,Trimmu,14-Aug-19,92257,79757
CHENAB,Punjnad,14-Aug-19,58725,43675
RAVI,Jassar,14-Aug-19,-,6602
RAVI,Balloki,14-Aug-19,41765,9665
RAVI,Sidhnai,14-Aug-19,18255,3305
SUTLEJ,Sulemanki,14-Aug-19,23296,11739
SUTLEJ,Islam,14-Aug-19,7959,6609
INDUS,Kalabagh,14-Aug-19,354192,347192
INDUS,Chashma,14-Aug-19,363705,344205
INDUS,Taunsa,14-Aug-19,377051,364851
INDUS,Guddu,14-Aug-19,351008,316321
INDUS,Sukkar,14-Aug-19,327385,282605
INDUS,Kotri,14-Aug-19,146010,138515
JHELUM,Kotli,14-Aug-19,-,11150
JHELUM,Mangla,14-Aug-19,128800,10015
JHELUM,Rasul,14-Aug-19,8086,5341
CHENAB,Jammu Tavi,14-Aug-19,-,-
CHENAB,Marala,14-Aug-19,164631,134631
CHENAB,Khanki,14-Aug-19,95781,88900
CHENAB,Qadirabad,14-Aug-19,91521,73521
CHENAB,Trimmu,14-Aug-19,92257,79757
CHENAB,Punjnad,14-Aug-19,60571,45521
RAVI,Jassar,14-Aug-19,-,16287
RAVI,Balloki,14-Aug-19,41765,9665
RAVI,Sidhnai,14-Aug-19,18255,3305
SUTLEJ,Sulemanki,14-Aug-19,23444,11739
SUTLEJ,Islam,14-Aug-19,7959,6609
INDUS,Kalabagh,14-Aug-19,350858,343858
INDUS,Chashma,14-Aug-19,379793,360293
INDUS,Taunsa,14-Aug-19,377051,364851
INDUS,Guddu,14-Aug-19,352786,316321
INDUS,Sukkar,14-Aug-19,327385,282605
INDUS,Kotri,14-Aug-19,147936,138515
JHELUM,Kotli,14-Aug-19,-,13180
JHELUM,Mangla,14-Aug-19,70000,11415
JHELUM,Rasul,14-Aug-19,2745,NIL
CHENAB,Jammu Tavi,14-Aug-19,-,-
CHENAB,Marala,14-Aug-19,148572,118572
CHENAB,Khanki,14-Aug-19,101811,94930
CHENAB,Qadirabad,14-Aug-19,91521,73521
CHENAB,Trimmu,14-Aug-19,92257,79757
CHENAB,Punjnad,14-Aug-19,60971,45521
RAVI,Jassar,14-Aug-19,-,14223
RAVI,Balloki,14-Aug-19,43800,11700
RAVI,Sidhnai,14-Aug-19,18255,3305
SUTLEJ,Sulemanki,14-Aug-19,23444,11739
SUTLEJ,Islam,14-Aug-19,7959,6609
INDUS,Kalabagh,14-Aug-19,346642,339642
INDUS,Chashma,14-Aug-19,379643,360143
INDUS,Taunsa,14-Aug-19,390394,378194
INDUS,Guddu,14-Aug-19,352786,316321
INDUS,Sukkar,14-Aug-19,327385,282605
INDUS,Kotri,14-Aug-19,147936,138515
JHELUM,Kotli,14-Aug-19,-,10430
JHELUM,Mangla,14-Aug-19,53000,9815
JHELUM,Rasul,14-Aug-19,8186,5341
CHENAB,Jammu Tavi,14-Aug-19,-,-
CHENAB,Marala,14-Aug-19,121857,91807
CHENAB,Khanki,14-Aug-19,133613,126426
CHENAB,Qadirabad,14-Aug-19,101273,83273
CHENAB,Trimmu,14-Aug-19,92257,79757
CHENAB,Punjnad,14-Aug-19,60971,45521
RAVI,Jassar,14-Aug-19,-,24940
RAVI,Balloki,14-Aug-19,43800,11700
RAVI,Sidhnai,14-Aug-19,18255,3305
SUTLEJ,Sulemanki,14-Aug-19,23444,11739
SUTLEJ,Islam,14-Aug-19,7959,6609
INDUS,Kalabagh,15-Aug-19,359102,352102
INDUS,Chashma,15-Aug-19,382759,363259
INDUS,Taunsa,15-Aug-19,381331,369131
INDUS,Guddu,15-Aug-19,353951,317636
INDUS,Sukkar,15-Aug-19,312100,263500
INDUS,Kotri,15-Aug-19,153220,138515
JHELUM,Kotli,15-Aug-19,-,7980
JHELUM,Mangla,15-Aug-19,53000,8215
JHELUM,Rasul,15-Aug-19,8186,5341
CHENAB,Jammu Tavi,15-Aug-19,-,-
CHENAB,Marala,15-Aug-19,116504,86454
CHENAB,Khanki,15-Aug-19,136338,129151
CHENAB,Qadirabad,15-Aug-19,121546,103546
CHENAB,Trimmu,15-Aug-19,89328,76828
CHENAB,Punjnad,15-Aug-19,65169,49719
RAVI,Jassar,15-Aug-19,-,23000
RAVI,Balloki,15-Aug-19,43800,11700
RAVI,Sidhnai,15-Aug-19,19016,3966
SUTLEJ,Sulemanki,15-Aug-19,24139,12335
SUTLEJ,Islam,15-Aug-19,8762,7212
INDUS,Kalabagh,15-Aug-19,361830,354830
INDUS,Chashma,15-Aug-19,378348,358848
INDUS,Taunsa,15-Aug-19,377051,364851
INDUS,Guddu,15-Aug-19,355546,317636
INDUS,Sukkar,15-Aug-19,312100,263500
INDUS,Kotri,15-Aug-19,154000,138515
JHELUM,Kotli,15-Aug-19,-,8400
JHELUM,Mangla,15-Aug-19,52000,12115
JHELUM,Rasul,15-Aug-19,2920,NIL
CHENAB,Jammu Tavi,15-Aug-19,-,-
CHENAB,Marala,15-Aug-19,111251,81101
CHENAB,Khanki,15-Aug-19,101992,94758
CHENAB,Qadirabad,15-Aug-19,131899,113899
CHENAB,Trimmu,15-Aug-19,89428,76828
CHENAB,Punjnad,15-Aug-19,65169,49719
RAVI,Jassar,15-Aug-19,-,24320
RAVI,Balloki,15-Aug-19,43800,11700
RAVI,Sidhnai,15-Aug-19,19016,3966
SUTLEJ,Sulemanki,15-Aug-19,24293,12335
SUTLEJ,Islam,15-Aug-19,8762,7212
INDUS,Kalabagh,15-Aug-19,358648,351148
INDUS,Chashma,15-Aug-19,388504,369004
INDUS,Taunsa,15-Aug-19,375336,362136
INDUS,Guddu,15-Aug-19,356136,317636
INDUS,Sukkar,15-Aug-19,312100,263500
INDUS,Kotri,15-Aug-19,154030,138515
JHELUM,Kotli,15-Aug-19,-,7770
JHELUM,Mangla,15-Aug-19,52000,10015
JHELUM,Rasul,15-Aug-19,8261,5341
CHENAB,Jammu Tavi,15-Aug-19,-,-
CHENAB,Marala,15-Aug-19,97545,70395
CHENAB,Khanki,15-Aug-19,93736,86310
CHENAB,Qadirabad,15-Aug-19,121546,103546
CHENAB,Trimmu,15-Aug-19,87058,74458
CHENAB,Punjnad,15-Aug-19,70125,54675
RAVI,Jassar,15-Aug-19,-,20200
RAVI,Balloki,15-Aug-19,45090,12890
RAVI,Sidhnai,15-Aug-19,17694,2644
SUTLEJ,Sulemanki,15-Aug-19,24343,12335
SUTLEJ,Islam,15-Aug-19,8762,7212
INDUS,Kalabagh,15-Aug-19,346081,338081
INDUS,Chashma,15-Aug-19,385049,365549
INDUS,Taunsa,15-Aug-19,375336,362136
INDUS,Guddu,15-Aug-19,356136,317636
INDUS,Sukkar,15-Aug-19,312100,263500
INDUS,Kotri,15-Aug-19,154030,138515
JHELUM,Kotli,15-Aug-19,-,7560
JHELUM,Mangla,15-Aug-19,52000,8215
JHELUM,Rasul,15-Aug-19,2920,Nil
CHENAB,Jammu Tavi,15-Aug-19,-,-
CHENAB,Marala,15-Aug-19,97545,70245
CHENAB,Khanki,15-Aug-19,85954,78528
CHENAB,Qadirabad,15-Aug-19,99855,81855
CHENAB,Trimmu,15-Aug-19,83698,71098
CHENAB,Punjnad,15-Aug-19,70125,54675
RAVI,Jassar,15-Aug-19,-,16700
RAVI,Balloki,15-Aug-19,45090,12890
RAVI,Sidhnai,15-Aug-19,19016,3966
SUTLEJ,Sulemanki,15-Aug-19,24343,12335
SUTLEJ,Islam,15-Aug-19,8762,7212
INDUS,Kalabagh,16-Aug-19,346081,338081
INDUS,Chashma,16-Aug-19,382683,363183
INDUS,Taunsa,16-Aug-19,381353,368153
INDUS,Guddu,16-Aug-19,373930,335430
INDUS,Sukkar,16-Aug-19,312050,260875
INDUS,Kotri,16-Aug-19,154715,138160
JHELUM,Kotli,16-Aug-19,-,7160
JHELUM,Mangla,16-Aug-19,49000,8215
JHELUM,Rasul,16-Aug-19,2920,Nil
CHENAB,Jammu Tavi,16-Aug-19,-,-
CHENAB,Marala,16-Aug-19,86989,59689
CHENAB,Khanki,16-Aug-19,79932,72506
CHENAB,Qadirabad,16-Aug-19,99855,81855
CHENAB,Trimmu,16-Aug-19,82775,70175
CHENAB,Punjnad,16-Aug-19,70125,54675
RAVI,Jassar,16-Aug-19,-,15874
RAVI,Balloki,16-Aug-19,49360,17060
RAVI,Sidhnai,16-Aug-19,19016,3966
SUTLEJ,Sulemanki,16-Aug-19,24343,12335
SUTLEJ,Islam,16-Aug-19,8762,7212
INDUS,Kalabagh,16-Aug-19,355677,347677
INDUS,Chashma,16-Aug-19,370110,350510
INDUS,Taunsa,16-Aug-19,381353,368153
INDUS,Guddu,16-Aug-19,375130,335430
INDUS,Sukkar,16-Aug-19,312050,260875
INDUS,Kotri,16-Aug-19,154925,138160
JHELUM,Kotli,16-Aug-19,-,6570
JHELUM,Mangla,16-Aug-19,42000,12715
JHELUM,Rasul,16-Aug-19,2920,NILL
CHENAB,Jammu Tavi,16-Aug-19,-,-
CHENAB,Marala,16-Aug-19,92342,65042
CHENAB,Khanki,16-Aug-19,77588,70029
CHENAB,Qadirabad,16-Aug-19,84273,66273
CHENAB,Trimmu,16-Aug-19,82975,70175
CHENAB,Punjnad,16-Aug-19,70125,54675
RAVI,Jassar,16-Aug-19,-,12984
RAVI,Balloki,16-Aug-19,50555,18255
RAVI,Sidhnai,16-Aug-19,19016,3966
SUTLEJ,Sulemanki,16-Aug-19,24343,12335
SUTLEJ,Islam,16-Aug-19,8762,7212
INDUS,Kalabagh,16-Aug-19,351927,343927
INDUS,Chashma,16-Aug-19,379956,360056
INDUS,Taunsa,16-Aug-19,373144,359944
INDUS,Guddu,16-Aug-19,375130,335430
INDUS,Sukkar,16-Aug-19,318350,263500
INDUS,Kotri,16-Aug-19,158953,142288
JHELUM,Kotli,16-Aug-19,-,6050
JHELUM,Mangla,16-Aug-19,50000,9515
JHELUM,Rasul,16-Aug-19,2920,NIL
CHENAB,Jammu Tavi,16-Aug-19,-,-
CHENAB,Marala,16-Aug-19,97695,70395
CHENAB,Khanki,16-Aug-19,77551,70029
CHENAB,Qadirabad,16-Aug-19,84273,66273
CHENAB,Trimmu,16-Aug-19,83898,71098
CHENAB,Punjnad,16-Aug-19,70125,54675
RAVI,Jassar,16-Aug-19,-,11826
RAVI,Balloki,16-Aug-19,50555,18255
RAVI,Sidhnai,16-Aug-19,17033,1983
SUTLEJ,Sulemanki,16-Aug-19,24448,12335
SUTLEJ,Islam,16-Aug-19,8762,7212
INDUS,Kalabagh,16-Aug-19,351927,343927
INDUS,Chashma,16-Aug-19,375406,355406
INDUS,Taunsa,16-Aug-19,373144,359944
INDUS,Guddu,16-Aug-19,375130,335430
INDUS,Sukkar,16-Aug-19,318350,263500
INDUS,Kotri,16-Aug-19,158953,142288
JHELUM,Kotli,16-Aug-19,-,5790
JHELUM,Mangla,16-Aug-19,44000,10015
JHELUM,Rasul,16-Aug-19,8311,5341
CHENAB,Jammu Tavi,16-Aug-19,-,-
CHENAB,Marala,16-Aug-19,97795,70395
CHENAB,Khanki,16-Aug-19,71929,64407
CHENAB,Qadirabad,16-Aug-19,72492,54492
CHENAB,Trimmu,16-Aug-19,85584,72784
CHENAB,Punjnad,16-Aug-19,70425,54675
RAVI,Jassar,16-Aug-19,-,11081
RAVI,Balloki,16-Aug-19,50555,18255
RAVI,Sidhnai,16-Aug-19,17033,1983
SUTLEJ,Sulemanki,16-Aug-19,24448,12335
SUTLEJ,Islam,16-Aug-19,8762,7212
INDUS,Kalabagh,17-Aug-19,351121,343121
INDUS,Chashma,17-Aug-19,383883,363883
INDUS,Taunsa,17-Aug-19,386200,373000
INDUS,Guddu,17-Aug-19,394787,354985
INDUS,Sukkar,17-Aug-19,328263,272888
INDUS,Kotri,17-Aug-19,159093,142288
JHELUM,Kotli,17-Aug-19,-,5530
JHELUM,Mangla,17-Aug-19,40000,9015
JHELUM,Rasul,17-Aug-19,8311,5341
CHENAB,Jammu Tavi,17-Aug-19,-,-
CHENAB,Marala,17-Aug-19,92442,65042
CHENAB,Khanki,17-Aug-19,80028,72506
CHENAB,Qadirabad,17-Aug-19,72492,54492
CHENAB,Trimmu,17-Aug-19,85584,72784
CHENAB,Punjnad,17-Aug-19,70425,54675
RAVI,Jassar,17-Aug-19,-,10336
RAVI,Balloki,17-Aug-19,50555,18255
RAVI,Sidhnai,17-Aug-19,17033,1983
SUTLEJ,Sulemanki,17-Aug-19,24448,12335
SUTLEJ,Islam,17-Aug-19,9224,7874
INDUS,Kalabagh,17-Aug-19,354713,346713
INDUS,Chashma,17-Aug-19,375771,355771
INDUS,Taunsa,17-Aug-19,386200,373000
INDUS,Guddu,17-Aug-19,406060,366258
INDUS,Sukkar,17-Aug-19,328263,272888
INDUS,Kotri,17-Aug-19,166531,147526
JHELUM,Kotli,17-Aug-19,-,15650
JHELUM,Mangla,17-Aug-19,50000,11215
JHELUM,Rasul,17-Aug-19,2970,NILL
CHENAB,Jammu Tavi,17-Aug-19,-,-
CHENAB,Marala,17-Aug-19,92392,65042
CHENAB,Khanki,17-Aug-19,77551,70029
CHENAB,Qadirabad,17-Aug-19,72492,54492
CHENAB,Trimmu,17-Aug-19,91580,78780
CHENAB,Punjnad,17-Aug-19,72163,56413
RAVI,Jassar,17-Aug-19,-,9964
RAVI,Balloki,17-Aug-19,50555,18255
RAVI,Sidhnai,17-Aug-19,17033,1983
SUTLEJ,Sulemanki,17-Aug-19,24596,12335
SUTLEJ,Islam,17-Aug-19,9224,7874
INDUS,Kalabagh,17-Aug-19,338798,330798
INDUS,Chashma,17-Aug-19,375848,355848
INDUS,Taunsa,17-Aug-19,375744,362544
INDUS,Guddu,17-Aug-19,406558,336258
INDUS,Sukkar,17-Aug-19,338175,280680
INDUS,Kotri,17-Aug-19,174749,153544
JHELUM,Kotli,17-Aug-19,-,9500
JHELUM,Mangla,17-Aug-19,80000,8915
JHELUM,Rasul,17-Aug-19,2970,NIL
CHENAB,Jammu Tavi,17-Aug-19,-,-
CHENAB,Marala,17-Aug-19,180603,156043
CHENAB,Khanki,17-Aug-19,74603,67032
CHENAB,Qadirabad,17-Aug-19,72492,54492
CHENAB,Trimmu,17-Aug-19,91580,78780
CHENAB,Punjnad,17-Aug-19,72163,56413
RAVI,Jassar,17-Aug-19,-,11454
RAVI,Balloki,17-Aug-19,50740,19440
RAVI,Sidhnai,17-Aug-19,17033,1983
SUTLEJ,Sulemanki,17-Aug-19,24596,12335
SUTLEJ,Islam,17-Aug-19,9224,7874
INDUS,Kalabagh,17-Aug-19,346081,338081
INDUS,Chashma,17-Aug-19,367020,347020
INDUS,Taunsa,17-Aug-19,375744,362544
INDUS,Guddu,17-Aug-19,406558,336258
INDUS,Sukkar,17-Aug-19,338175,280680
INDUS,Kotri,17-Aug-19,174749,153544
JHELUM,Kotli,17-Aug-19,-,7980
JHELUM,Mangla,17-Aug-19,54000,10915
JHELUM,Rasul,17-Aug-19,2970,NIL
CHENAB,Jammu Tavi,17-Aug-19,-,-
CHENAB,Marala,17-Aug-19,146325,123925
CHENAB,Khanki,17-Aug-19,80077,72506
CHENAB,Qadirabad,17-Aug-19,72492,54492
CHENAB,Trimmu,17-Aug-19,92318,79518
CHENAB,Punjnad,17-Aug-19,72163,56413
RAVI,Jassar,17-Aug-19,-,28040
RAVI,Balloki,17-Aug-19,50115,21815
RAVI,Sidhnai,17-Aug-19,17033,1983
SUTLEJ,Sulemanki,17-Aug-19,24596,12335
SUTLEJ,Islam,17-Aug-19,9224,7874
INDUS,Kalabagh,18-Aug-19,347035,339035
INDUS,Chashma,18-Aug-19,372552,352552
INDUS,Taunsa,18-Aug-19,375744,362544
INDUS,Guddu,18-Aug-19,408829,368529
INDUS,Sukkar,18-Aug-19,338480,280680
INDUS,Kotri,18-Aug-19,175599,153544
JHELUM,Kotli,18-Aug-19,-,7560
JHELUM,Mangla,18-Aug-19,50000,10415
JHELUM,Rasul,18-Aug-19,2970,NIL
CHENAB,Jammu Tavi,18-Aug-19,-,-
CHENAB,Marala,18-Aug-19,135619,113219
CHENAB,Khanki,18-Aug-19,103350,95779
CHENAB,Qadirabad,18-Aug-19,82483,64483
CHENAB,Trimmu,18-Aug-19,92318,79518
CHENAB,Punjnad,18-Aug-19,72163,56413
RAVI,Jassar,18-Aug-19,-,51000
RAVI,Balloki,18-Aug-19,47740,19440
RAVI,Sidhnai,18-Aug-19,17033,1983
SUTLEJ,Sulemanki,18-Aug-19,24596,12335
SUTLEJ,Islam,18-Aug-19,9224,7874
INDUS,Kalabagh,18-Aug-19,324269,316269
INDUS,Chashma,18-Aug-19,382525,362525
INDUS,Taunsa,18-Aug-19,375744,362544
INDUS,Guddu,18-Aug-19,409529,368529
INDUS,Sukkar,18-Aug-19,340050,281250
INDUS,Kotri,18-Aug-19,188462,163737
JHELUM,Kotli,18-Aug-19,-,6190
JHELUM,Mangla,18-Aug-19,40000,8715
JHELUM,Rasul,18-Aug-19,2970,NIL
CHENAB,Jammu Tavi,18-Aug-19,-,-
CHENAB,Marala,18-Aug-19,124963,102513
CHENAB,Khanki,18-Aug-19,103350,95779
CHENAB,Qadirabad,18-Aug-19,96962,80962
CHENAB,Trimmu,18-Aug-19,94196,81396
CHENAB,Punjnad,18-Aug-19,68976,53226
RAVI,Jassar,18-Aug-19,-,41760
RAVI,Balloki,18-Aug-19,47740,19440
RAVI,Sidhnai,18-Aug-19,17367,2317
SUTLEJ,Sulemanki,18-Aug-19,24596,12335
SUTLEJ,Islam,18-Aug-19,9224,7874
INDUS,Kalabagh,18-Aug-19,291709,283709
INDUS,Chashma,18-Aug-19,357064,336764
INDUS,Taunsa,18-Aug-19,372744,362544
INDUS,Guddu,18-Aug-19,409179,368529
INDUS,Sukkar,18-Aug-19,345010,285810
INDUS,Kotri,18-Aug-19,192042,163737
JHELUM,Kotli,18-Aug-19,-,6050
JHELUM,Mangla,18-Aug-19,43000,10215
JHELUM,Rasul,18-Aug-19,2715,NIL
CHENAB,Jammu Tavi,18-Aug-19,-,-
CHENAB,Marala,18-Aug-19,123737,106287
CHENAB,Khanki,18-Aug-19,111116,103521
CHENAB,Qadirabad,18-Aug-19,106202,94552
CHENAB,Trimmu,18-Aug-19,94196,81396
CHENAB,Punjnad,18-Aug-19,69076,53226
RAVI,Jassar,18-Aug-19,-,44400
RAVI,Balloki,18-Aug-19,46555,18255
RAVI,Sidhnai,18-Aug-19,17367,2317
SUTLEJ,Sulemanki,18-Aug-19,24491,12335
SUTLEJ,Islam,18-Aug-19,9224,7874
INDUS,Kalabagh,18-Aug-19,267343,259343
INDUS,Chashma,18-Aug-19,310540,290040
INDUS,Taunsa,18-Aug-19,372744,362544
INDUS,Guddu,18-Aug-19,409179,368529
INDUS,Sukkar,18-Aug-19,345010,285810
INDUS,Kotri,18-Aug-19,192042,163737
JHELUM,Kotli,18-Aug-19,-,5920
JHELUM,Mangla,18-Aug-19,44000,10355
JHELUM,Rasul,18-Aug-19,2715,NIL
CHENAB,Jammu Tavi,18-Aug-19,-,-
CHENAB,Marala,18-Aug-19,114660,97160
CHENAB,Khanki,18-Aug-19,103374,95779
CHENAB,Qadirabad,18-Aug-19,105152,94552
CHENAB,Trimmu,18-Aug-19,94196,81396
CHENAB,Punjnad,18-Aug-19,69076,53226
RAVI,Jassar,18-Aug-19,-,35430
RAVI,Balloki,18-Aug-19,46555,18255
RAVI,Sidhnai,18-Aug-19,17367,2317
SUTLEJ,Sulemanki,18-Aug-19,24491,12335
SUTLEJ,Islam,18-Aug-19,9224,7874
INDUS,Kalabagh,19-Aug-19,266300,258300
INDUS,Chashma,19-Aug-19,273538,253038
INDUS,Taunsa,19-Aug-19,372744,362544
INDUS,Guddu,19-Aug-19,409179,368529
INDUS,Sukkar,19-Aug-19,353287,294162
INDUS,Kotri,19-Aug-19,193517,163737
JHELUM,Kotli,19-Aug-19,-,5920
JHELUM,Mangla,19-Aug-19,50000,8815
JHELUM,Rasul,19-Aug-19,8261,5341
CHENAB,Jammu Tavi,19-Aug-19,-,-
CHENAB,Marala,19-Aug-19,98601,81101
CHENAB,Khanki,19-Aug-19,101195,93600
CHENAB,Qadirabad,19-Aug-19,103927,94552
CHENAB,Trimmu,19-Aug-19,94196,81396
CHENAB,Punjnad,19-Aug-19,69076,53226
RAVI,Jassar,19-Aug-19,-,30690
RAVI,Balloki,19-Aug-19,48385,23085
RAVI,Sidhnai,19-Aug-19,19016,3966
SUTLEJ,Sulemanki,19-Aug-19,24491,12335
SUTLEJ,Islam,19-Aug-19,9424,7874
INDUS,Kalabagh,19-Aug-19,268363,260363
INDUS,Chashma,19-Aug-19,278106,257556
INDUS,Taunsa,19-Aug-19,367452,357252
INDUS,Guddu,19-Aug-19,409179,368529
INDUS,Sukkar,19-Aug-19,353287,294162
INDUS,Kotri,19-Aug-19,186770,155465
JHELUM,Kotli,19-Aug-19,-,7770
JHELUM,Mangla,19-Aug-19,48000,10715
JHELUM,Rasul,19-Aug-19,2920,NIL
CHENAB,Jammu Tavi,19-Aug-19,-,-
CHENAB,Marala,19-Aug-19,98601,81201
CHENAB,Khanki,19-Aug-19,101195,93600
CHENAB,Qadirabad,19-Aug-19,99681,91341
CHENAB,Trimmu,19-Aug-19,90970,78170
CHENAB,Punjnad,19-Aug-19,66987,51137
RAVI,Jassar,19-Aug-19,-,29280
RAVI,Balloki,19-Aug-19,47895,26595
RAVI,Sidhnai,19-Aug-19,19016,3966
SUTLEJ,Sulemanki,19-Aug-19,26476,15537
SUTLEJ,Islam,19-Aug-19,9424,7874
INDUS,Kalabagh,19-Aug-19,251370,243370
INDUS,Chashma,19-Aug-19,268841,247991
INDUS,Taunsa,19-Aug-19,367452,357258
INDUS,Guddu,19-Aug-19,415666,375466
INDUS,Sukkar,19-Aug-19,353287,294162
INDUS,Kotri,19-Aug-19,186375,154145
JHELUM,Kotli,19-Aug-19,-,6570
JHELUM,Mangla,19-Aug-19,45000,11515
JHELUM,Rasul,19-Aug-19,2920,Nil
CHENAB,Jammu Tavi,19-Aug-19,-,-
CHENAB,Marala,19-Aug-19,130619,113219
CHENAB,Khanki,19-Aug-19,93905,86310
CHENAB,Qadirabad,19-Aug-19,99341,91341
CHENAB,Trimmu,19-Aug-19,87930,75130
CHENAB,Punjnad,19-Aug-19,66987,51137
RAVI,Jassar,19-Aug-19,-,24320
RAVI,Balloki,19-Aug-19,53200,34900
RAVI,Sidhnai,19-Aug-19,21660,6610
SUTLEJ,Sulemanki,19-Aug-19,28701,16945
SUTLEJ,Islam,19-Aug-19,9424,7874
INDUS,Kalabagh,19-Aug-19,255254,247254
INDUS,Chashma,19-Aug-19,246458,224439
INDUS,Taunsa,19-Aug-19,364519,354319
INDUS,Guddu,19-Aug-19,415666,375466
INDUS,Sukkar,19-Aug-19,353287,294162
INDUS,Kotri,19-Aug-19,186375,154145
JHELUM,Kotli,19-Aug-19,-,6190
JHELUM,Mangla,19-Aug-19,37000,8415
JHELUM,Rasul,19-Aug-19,8261,5341
CHENAB,Jammu Tavi,19-Aug-19,-,-
CHENAB,Marala,19-Aug-19,114489,97027
CHENAB,Khanki,19-Aug-19,90077,82482
CHENAB,Qadirabad,19-Aug-19,88962,80962
CHENAB,Trimmu,19-Aug-19,87930,75130
CHENAB,Punjnad,19-Aug-19,66987,51137
RAVI,Jassar,19-Aug-19,-,27420
RAVI,Balloki,19-Aug-19,53200,34900
RAVI,Sidhnai,19-Aug-19,22302,7252
SUTLEJ,Sulemanki,19-Aug-19,29536,17627
SUTLEJ,Islam,19-Aug-19,9424,7874
INDUS,Kalabagh,20-Aug-19,256209,248209
INDUS,Chashma,20-Aug-19,269837,247818
INDUS,Taunsa,20-Aug-19,342978,332778
INDUS,Guddu,20-Aug-19,422653,383453
INDUS,Sukkar,20-Aug-19,360125,300500
INDUS,Kotri,20-Aug-19,185015,152060
JHELUM,Kotli,20-Aug-19,-,5920
JHELUM,Mangla,20-Aug-19,42000,8415
JHELUM,Rasul,20-Aug-19,2920,NIL
CHENAB,Jammu Tavi,20-Aug-19,-,-
CHENAB,Marala,20-Aug-19,109407,91807
CHENAB,Khanki,20-Aug-19,93905,86310
CHENAB,Qadirabad,20-Aug-19,88962,80962
CHENAB,Trimmu,20-Aug-19,87202,74402
CHENAB,Punjnad,20-Aug-19,66987,51137
RAVI,Jassar,20-Aug-19,-,28040
RAVI,Balloki,20-Aug-19,53200,34900
RAVI,Sidhnai,20-Aug-19,22302,7252
SUTLEJ,Sulemanki,20-Aug-19,29536,17627
SUTLEJ,Islam,20-Aug-19,9424,7874
INDUS,Kalabagh,20-Aug-19,235042,227042
INDUS,Chashma,20-Aug-19,265946,244946
INDUS,Taunsa,20-Aug-19,342978,332778
INDUS,Guddu,20-Aug-19,422653,383453
INDUS,Sukkar,20-Aug-19,360125,300500
INDUS,Kotri,20-Aug-19,185015,152060
JHELUM,Kotli,20-Aug-19,-,5530
JHELUM,Mangla,20-Aug-19,40000,9815
JHELUM,Rasul,20-Aug-19,2920,NIL
CHENAB,Jammu Tavi,20-Aug-19,-,-
CHENAB,Marala,20-Aug-19,98701,81101
CHENAB,Khanki,20-Aug-19,93929,86310
CHENAB,Qadirabad,20-Aug-19,90470,82470
CHENAB,Trimmu,20-Aug-19,87202,74402
CHENAB,Punjnad,20-Aug-19,64147,48297
RAVI,Jassar,20-Aug-19,-,24940
RAVI,Balloki,20-Aug-19,51615,33715
RAVI,Sidhnai,20-Aug-19,24247,9197
SUTLEJ,Sulemanki,20-Aug-19,29536,17627
SUTLEJ,Islam,20-Aug-19,9424,7874
INDUS,Kalabagh,20-Aug-19,208655,200655
INDUS,Chashma,20-Aug-19,155499,132260
INDUS,Taunsa,20-Aug-19,314209,304009
INDUS,Guddu,20-Aug-19,422653,383453
INDUS,Sukkar,20-Aug-19,360525,300500
INDUS,Kotri,20-Aug-19,184336,150231
JHELUM,Kotli,20-Aug-19,-,5410
JHELUM,Mangla,20-Aug-19,37000,9715
JHELUM,Rasul,20-Aug-19,8261,5341
CHENAB,Jammu Tavi,20-Aug-19,-,-
CHENAB,Marala,20-Aug-19,82642,65042
CHENAB,Khanki,20-Aug-19,86147,78528
CHENAB,Qadirabad,20-Aug-19,91983,83983
CHENAB,Trimmu,20-Aug-19,89528,76728
CHENAB,Punjnad,20-Aug-19,64147,48297
RAVI,Jassar,20-Aug-19,-,18800
RAVI,Balloki,20-Aug-19,51615,33715
RAVI,Sidhnai,20-Aug-19,24811,10011
SUTLEJ,Sulemanki,20-Aug-19,29534,17528
SUTLEJ,Islam,20-Aug-19,9424,7874
INDUS,Kalabagh,20-Aug-19,212673,204673
INDUS,Chashma,20-Aug-19,148470,124640
INDUS,Taunsa,20-Aug-19,290567,280367
INDUS,Guddu,20-Aug-19,422653,383453
INDUS,Sukkar,20-Aug-19,360525,300500
INDUS,Kotri,20-Aug-19,184336,150231
JHELUM,Kotli,20-Aug-19,-,5280
JHELUM,Mangla,20-Aug-19,36000,9815
JHELUM,Rasul,20-Aug-19,2920,NIL
CHENAB,Jammu Tavi,20-Aug-19,-,-
CHENAB,Marala,20-Aug-19,82642,65042
CHENAB,Khanki,20-Aug-19,84507,76888
CHENAB,Qadirabad,20-Aug-19,83618,75618
CHENAB,Trimmu,20-Aug-19,92557,79757
CHENAB,Punjnad,20-Aug-19,64147,48297
RAVI,Jassar,20-Aug-19,-,16700
RAVI,Balloki,20-Aug-19,48055,30155
RAVI,Sidhnai,20-Aug-19,24811,10011
SUTLEJ,Sulemanki,20-Aug-19,29534,17528
SUTLEJ,Islam,20-Aug-19,9424,7874
INDUS,Kalabagh,21-Aug-19,216537,208537
INDUS,Chashma,21-Aug-19,147326,124911
INDUS,Taunsa,21-Aug-19,273377,263177
INDUS,Guddu,21-Aug-19,422653,386041
INDUS,Sukkar,21-Aug-19,363850,303625
INDUS,Kotri,21-Aug-19,182620,146485
JHELUM,Kotli,21-Aug-19,-,5150
JHELUM,Mangla,21-Aug-19,35000,9815
JHELUM,Rasul,21-Aug-19,2920,NIL
CHENAB,Jammu Tavi,21-Aug-19,-,-
CHENAB,Marala,21-Aug-19,77289,59689
CHENAB,Khanki,21-Aug-19,77648,70029
CHENAB,Qadirabad,21-Aug-19,77648,70029
CHENAB,Trimmu,21-Aug-19,96260,83460
CHENAB,Punjnad,21-Aug-19,64147,48297
RAVI,Jassar,21-Aug-19,-,18100
RAVI,Balloki,21-Aug-19,45680,27780
RAVI,Sidhnai,21-Aug-19,25084,10284
SUTLEJ,Sulemanki,21-Aug-19,30996,18880
SUTLEJ,Islam,21-Aug-19,9424,7874
INDUS,Kalabagh,21-Aug-19,227262,219262
INDUS,Chashma,21-Aug-19,191064,170064
INDUS,Taunsa,21-Aug-19,265981,254781
INDUS,Guddu,21-Aug-19,422653,386041
INDUS,Sukkar,21-Aug-19,363850,303625
INDUS,Kotri,21-Aug-19,181514,144639
JHELUM,Kotli,21-Aug-19,-,5150
JHELUM,Mangla,21-Aug-19,31000,11815
JHELUM,Rasul,21-Aug-19,2715,NIL
CHENAB,Jammu Tavi,21-Aug-19,-,-
CHENAB,Marala,21-Aug-19,61280,43630
CHENAB,Khanki,21-Aug-19,64929,57310
CHENAB,Qadirabad,21-Aug-19,66477,58477
CHENAB,Trimmu,21-Aug-19,97519,84719
CHENAB,Punjnad,21-Aug-19,68470,52570
RAVI,Jassar,21-Aug-19,-,11454
RAVI,Balloki,21-Aug-19,44495,26595
RAVI,Sidhnai,21-Aug-19,25084,10284
SUTLEJ,Sulemanki,21-Aug-19,30940,18880
SUTLEJ,Islam,21-Aug-19,9424,7874
INDUS,Kalabagh,21-Aug-19,202786,194786
INDUS,Chashma,21-Aug-19,192500,171500
INDUS,Taunsa,21-Aug-19,257877,245677
INDUS,Guddu,21-Aug-19,422653,386041
INDUS,Sukkar,21-Aug-19,363850,303625
INDUS,Kotri,21-Aug-19,181514,144639
JHELUM,Kotli,21-Aug-19,-,5030
JHELUM,Mangla,21-Aug-19,32000,10315
JHELUM,Rasul,21-Aug-19,8056,5341
CHENAB,Jammu Tavi,21-Aug-19,-,-
CHENAB,Marala,21-Aug-19,54921,32924
CHENAB,Khanki,21-Aug-19,56065,48446
CHENAB,Qadirabad,21-Aug-19,63123,54173
CHENAB,Trimmu,21-Aug-19,97519,84719
CHENAB,Punjnad,21-Aug-19,68470,52570
RAVI,Jassar,21-Aug-19,-,9964
RAVI,Balloki,21-Aug-19,39845,21845
RAVI,Sidhnai,21-Aug-19,25084,10284
SUTLEJ,Sulemanki,21-Aug-19,35704,23645
SUTLEJ,Islam,21-Aug-19,9424,7874
INDUS,Kalabagh,21-Aug-19,202786,194786
INDUS,Chashma,21-Aug-19,194166,171502
INDUS,Taunsa,21-Aug-19,226775,214575
INDUS,Guddu,21-Aug-19,422653,386041
INDUS,Sukkar,21-Aug-19,363850,303625
INDUS,Kotri,21-Aug-19,181514,144639
JHELUM,Kotli,21-Aug-19,-,4900
JHELUM,Mangla,21-Aug-19,35000,8015
JHELUM,Rasul,21-Aug-19,2715,Nil
CHENAB,Jammu Tavi,21-Aug-19,-,-
CHENAB,Marala,21-Aug-19,56027,32157
CHENAB,Khanki,21-Aug-19,46319,38700
CHENAB,Qadirabad,21-Aug-19,48220,40220
CHENAB,Trimmu,21-Aug-19,104029,91229
CHENAB,Punjnad,21-Aug-19,68520,52570
RAVI,Jassar,21-Aug-19,-,9219
RAVI,Balloki,21-Aug-19,39845,21845
RAVI,Sidhnai,21-Aug-19,25084,10284
SUTLEJ,Sulemanki,21-Aug-19,40835,28974
SUTLEJ,Islam,21-Aug-19,9424,7874
INDUS,Kalabagh,22-Aug-19,202786,194786
INDUS,Chashma,22-Aug-19,193783,172783
INDUS,Taunsa,22-Aug-19,197298,185098
INDUS,Guddu,22-Aug-19,406451,369989
INDUS,Sukkar,22-Aug-19,364630,303625
INDUS,Kotri,22-Aug-19,181444,144639
JHELUM,Kotli,22-Aug-19,-,4780
JHELUM,Mangla,22-Aug-19,33000,8015
JHELUM,Rasul,22-Aug-19,2715,NIL
CHENAB,Jammu Tavi,22-Aug-19,-,-
CHENAB,Marala,22-Aug-19,52230,27168
CHENAB,Khanki,22-Aug-19,41119,33500
CHENAB,Qadirabad,22-Aug-19,45189,37189
CHENAB,Trimmu,22-Aug-19,104029,91229
CHENAB,Punjnad,22-Aug-19,70625,54675
RAVI,Jassar,22-Aug-19,-,9591
RAVI,Balloki,22-Aug-19,37475,19475
RAVI,Sidhnai,22-Aug-19,26380,11580
SUTLEJ,Sulemanki,22-Aug-19,40882,29318
SUTLEJ,Islam,22-Aug-19,9424,7874
INDUS,Kalabagh,22-Aug-19,213673,205673
INDUS,Chashma,22-Aug-19,192732,169663
INDUS,Taunsa,22-Aug-19,189435,177235
INDUS,Guddu,22-Aug-19,404947,369989
INDUS,Sukkar,22-Aug-19,364630,303625
INDUS,Kotri,22-Aug-19,181944,144639
JHELUM,Kotli,22-Aug-19,-,4900
JHELUM,Mangla,22-Aug-19,30000,10015
JHELUM,Rasul,22-Aug-19,2715,NIL
CHENAB,Jammu Tavi,22-Aug-19,-,-
CHENAB,Marala,22-Aug-19,47910,21605
CHENAB,Khanki,22-Aug-19,41119,33500
CHENAB,Qadirabad,22-Aug-19,34117,24692
CHENAB,Trimmu,22-Aug-19,105821,93021
CHENAB,Punjnad,22-Aug-19,70625,54675
RAVI,Jassar,22-Aug-19,-,6852
RAVI,Balloki,22-Aug-19,35065,17065
RAVI,Sidhnai,22-Aug-19,26380,11580
SUTLEJ,Sulemanki,22-Aug-19,42952,31989
SUTLEJ,Islam,22-Aug-19,9424,7874
INDUS,Kalabagh,22-Aug-19,195949,187949
INDUS,Chashma,22-Aug-19,178494,157880
INDUS,Taunsa,22-Aug-19,164726,152526
INDUS,Guddu,22-Aug-19,397089,326839
INDUS,Sukkar,22-Aug-19,364630,303625
INDUS,Kotri,22-Aug-19,181944,144639
JHELUM,Kotli,22-Aug-19,-,4780
JHELUM,Mangla,22-Aug-19,30000,9815
JHELUM,Rasul,22-Aug-19,8081,5341
CHENAB,Jammu Tavi,22-Aug-19,-,-
CHENAB,Marala,22-Aug-19,54116,26518
CHENAB,Khanki,22-Aug-19,41119,33500
CHENAB,Qadirabad,22-Aug-19,35917,24692
CHENAB,Trimmu,22-Aug-19,105821,93021
CHENAB,Punjnad,22-Aug-19,71570,55045
RAVI,Jassar,22-Aug-19,-,9964
RAVI,Balloki,22-Aug-19,30370,12370
RAVI,Sidhnai,22-Aug-19,26380,11580
SUTLEJ,Sulemanki,22-Aug-19,53188,43226
SUTLEJ,Islam,22-Aug-19,9424,7874
INDUS,Kalabagh,22-Aug-19,185417,177417
INDUS,Chashma,22-Aug-19,178509,157440
INDUS,Taunsa,22-Aug-19,164726,152526
INDUS,Guddu,22-Aug-19,397089,326839
INDUS,Sukkar,22-Aug-19,364630,303625
INDUS,Kotri,22-Aug-19,181944,144639
JHELUM,Kotli,22-Aug-19,-,4650
JHELUM,Mangla,22-Aug-19,33000,19315
JHELUM,Rasul,22-Aug-19,2740,Nil
CHENAB,Jammu Tavi,22-Aug-19,-,-
CHENAB,Marala,22-Aug-19,53021,27571
CHENAB,Khanki,22-Aug-19,37181,29562
CHENAB,Qadirabad,22-Aug-19,37459,24692
CHENAB,Trimmu,22-Aug-19,103409,90609
CHENAB,Punjnad,22-Aug-19,71595,55045
RAVI,Jassar,22-Aug-19,-,10336
RAVI,Balloki,22-Aug-19,30370,12370
RAVI,Sidhnai,22-Aug-19,26380,11580
SUTLEJ,Sulemanki,22-Aug-19,58248,58248
SUTLEJ,Islam,22-Aug-19,9424,7874
INDUS,Kalabagh,23-Aug-19,187327,179327
INDUS,Chashma,23-Aug-19,174463,155463
INDUS,Taunsa,23-Aug-19,174680,162480
INDUS,Guddu,23-Aug-19,373600,339350
INDUS,Sukkar,23-Aug-19,358025,296110
INDUS,Kotri,23-Aug-19,181244,144639
JHELUM,Kotli,23-Aug-19,-,4780
JHELUM,Mangla,23-Aug-19,33000,19315
JHELUM,Rasul,23-Aug-19,2740,Nil
CHENAB,Jammu Tavi,23-Aug-19,-,-
CHENAB,Marala,23-Aug-19,58374,32924
CHENAB,Khanki,23-Aug-19,33067,25448
CHENAB,Qadirabad,23-Aug-19,28784,14453
CHENAB,Trimmu,23-Aug-19,103409,90609
CHENAB,Punjnad,23-Aug-19,72963,56413
RAVI,Jassar,23-Aug-19,-,11454
RAVI,Balloki,23-Aug-19,29470,11470
RAVI,Sidhnai,23-Aug-19,27702,12902
SUTLEJ,Sulemanki,23-Aug-19,56161,56161
SUTLEJ,Islam,23-Aug-19,9424,7874
INDUS,Kalabagh,23-Aug-19,176279,168279
INDUS,Chashma,23-Aug-19,178935,159935
INDUS,Taunsa,23-Aug-19,174680,162480
INDUS,Guddu,23-Aug-19,345492,310384
INDUS,Sukkar,23-Aug-19,358025,296110
INDUS,Kotri,23-Aug-19,182464,144639
JHELUM,Kotli,23-Aug-19,-,4780
JHELUM,Mangla,23-Aug-19,31000,15115
JHELUM,Rasul,23-Aug-19,7740,Nil
CHENAB,Jammu Tavi,23-Aug-19,-,-
CHENAB,Marala,23-Aug-19,53021,27571
CHENAB,Khanki,23-Aug-19,35445,27606
CHENAB,Qadirabad,23-Aug-19,24991,9991
CHENAB,Trimmu,23-Aug-19,100450,87650
CHENAB,Punjnad,23-Aug-19,77457,60907
RAVI,Jassar,23-Aug-19,-,7600
RAVI,Balloki,23-Aug-19,28790,10590
RAVI,Sidhnai,23-Aug-19,27702,12902
SUTLEJ,Sulemanki,23-Aug-19,59522,59522
SUTLEJ,Islam,23-Aug-19,13692,12142
INDUS,Kalabagh,23-Aug-19,155359,147359
INDUS,Chashma,23-Aug-19,179076,160076
INDUS,Taunsa,23-Aug-19,174680,162480
INDUS,Guddu,23-Aug-19,322413,286909
INDUS,Sukkar,23-Aug-19,351935,290020
INDUS,Kotri,23-Aug-19,182944,144639
JHELUM,Kotli,23-Aug-19,-,4650
JHELUM,Mangla,23-Aug-19,30000,13115
JHELUM,Rasul,23-Aug-19,7740,Nil
CHENAB,Jammu Tavi,23-Aug-19,-,-
CHENAB,Marala,23-Aug-19,47668,22218
CHENAB,Khanki,23-Aug-19,35494,27606
CHENAB,Qadirabad,23-Aug-19,32743,17743
CHENAB,Trimmu,23-Aug-19,93456,80656
CHENAB,Punjnad,23-Aug-19,77457,60907
RAVI,Jassar,23-Aug-19,-,12984
RAVI,Balloki,23-Aug-19,28790,10590
RAVI,Sidhnai,23-Aug-19,28023,13223
SUTLEJ,Sulemanki,23-Aug-19,60268,60268
SUTLEJ,Islam,23-Aug-19,13692,12142
INDUS,Kalabagh,23-Aug-19,142574,134574
INDUS,Chashma,23-Aug-19,179296,160296
INDUS,Taunsa,23-Aug-19,174680,162480
INDUS,Guddu,23-Aug-19,322413,286909
INDUS,Sukkar,23-Aug-19,351935,290020
INDUS,Kotri,23-Aug-19,182944,144639
JHELUM,Kotli,23-Aug-19,-,4530
JHELUM,Mangla,23-Aug-19,30000,13815
JHELUM,Rasul,23-Aug-19,7740,Nil
CHENAB,Jammu Tavi,23-Aug-19,-,-
CHENAB,Marala,23-Aug-19,47836,21066
CHENAB,Khanki,23-Aug-19,31412,23524
CHENAB,Qadirabad,23-Aug-19,30149,15149
CHENAB,Trimmu,23-Aug-19,88278,75478
CHENAB,Punjnad,23-Aug-19,77457,60907
RAVI,Jassar,23-Aug-19,-,15048
RAVI,Balloki,23-Aug-19,29670,11470
RAVI,Sidhnai,23-Aug-19,28323,13223
SUTLEJ,Sulemanki,23-Aug-19,59455,59455
SUTLEJ,Islam,23-Aug-19,12142,12142
INDUS,Kalabagh,24-Aug-19,158609,150609
INDUS,Chashma,24-Aug-19,176713,159782
INDUS,Taunsa,24-Aug-19,169603,157403
INDUS,Guddu,24-Aug-19,274152,241202
INDUS,Sukkar,24-Aug-19,328367,266222
INDUS,Kotri,24-Aug-19,186798,148613
JHELUM,Kotli,24-Aug-19,-,4650
JHELUM,Mangla,24-Aug-19,30000,13815
JHELUM,Rasul,24-Aug-19,7740,Nil
CHENAB,Jammu Tavi,24-Aug-19,-,-
CHENAB,Marala,24-Aug-19,47220,19060
CHENAB,Khanki,24-Aug-19,35494,27606
CHENAB,Qadirabad,24-Aug-19,30149,15149
CHENAB,Trimmu,24-Aug-19,74020,61220
CHENAB,Punjnad,24-Aug-19,77457,60907
RAVI,Jassar,24-Aug-19,-,15874
RAVI,Balloki,24-Aug-19,31475,13275
RAVI,Sidhnai,24-Aug-19,30442,15342
SUTLEJ,Sulemanki,24-Aug-19,66459,66459
SUTLEJ,Islam,24-Aug-19,12142,12142
INDUS,Kalabagh,24-Aug-19,158609,150609
INDUS,Chashma,24-Aug-19,167007,148007
INDUS,Taunsa,24-Aug-19,165726,152526
INDUS,Guddu,24-Aug-19,240023,207073
INDUS,Sukkar,24-Aug-19,328367,266222
INDUS,Kotri,24-Aug-19,187218,148613
JHELUM,Kotli,24-Aug-19,-,4530
JHELUM,Mangla,24-Aug-19,30000,15915
JHELUM,Rasul,24-Aug-19,7740,Nil
CHENAB,Jammu Tavi,24-Aug-19,-,-
CHENAB,Marala,24-Aug-19,47974,19060
CHENAB,Khanki,24-Aug-19,33312,25448
CHENAB,Qadirabad,24-Aug-19,29332,13207
CHENAB,Trimmu,24-Aug-19,74020,61220
CHENAB,Punjnad,24-Aug-19,77457,60907
RAVI,Jassar,24-Aug-19,-,12984
RAVI,Balloki,24-Aug-19,33280,15080
RAVI,Sidhnai,24-Aug-19,29203,14103
SUTLEJ,Sulemanki,24-Aug-19,NR,NR
SUTLEJ,Islam,24-Aug-19,12142,12142
INDUS,Kalabagh,24-Aug-19,144641,136641
INDUS,Chashma,24-Aug-19,166771,147771
INDUS,Taunsa,24-Aug-19,166726,152526
INDUS,Guddu,24-Aug-19,218702,185452
INDUS,Sukkar,24-Aug-19,323745,261600
INDUS,Kotri,24-Aug-19,191562,152457
JHELUM,Kotli,24-Aug-19,-,4530
JHELUM,Mangla,24-Aug-19,29000,14515
JHELUM,Rasul,24-Aug-19,7740,Nil
CHENAB,Jammu Tavi,24-Aug-19,-,-
CHENAB,Marala,24-Aug-19,48776,19060
CHENAB,Khanki,24-Aug-19,37426,29562
CHENAB,Qadirabad,24-Aug-19,30682,13207
CHENAB,Trimmu,24-Aug-19,58597,45797
CHENAB,Punjnad,24-Aug-19,77457,60907
RAVI,Jassar,24-Aug-19,-,16287
RAVI,Balloki,24-Aug-19,33280,15080
RAVI,Sidhnai,24-Aug-19,27372,12272
SUTLEJ,Sulemanki,24-Aug-19,58425,58425
SUTLEJ,Islam,24-Aug-19,12142,12142
INDUS,Kalabagh,24-Aug-19,156314,148314
INDUS,Chashma,24-Aug-19,166772,147772
INDUS,Taunsa,24-Aug-19,166726,152526
INDUS,Guddu,24-Aug-19,218702,185452
INDUS,Sukkar,24-Aug-19,323745,261600
INDUS,Kotri,24-Aug-19,191562,152457
JHELUM,Kotli,24-Aug-19,-,4410
JHELUM,Mangla,24-Aug-19,26000,12715
JHELUM,Rasul,24-Aug-19,7740,Nil
CHENAB,Jammu Tavi,24-Aug-19,-,-
CHENAB,Marala,24-Aug-19,53085,22567
CHENAB,Khanki,24-Aug-19,29500,21636
CHENAB,Qadirabad,24-Aug-19,28642,10642
CHENAB,Trimmu,24-Aug-19,56275,43375
CHENAB,Punjnad,24-Aug-19,77457,60907
RAVI,Jassar,24-Aug-19,-,16700
RAVI,Balloki,24-Aug-19,33985,15985
RAVI,Sidhnai,24-Aug-19,25389,10289
SUTLEJ,Sulemanki,24-Aug-19,60559,60559
SUTLEJ,Islam,24-Aug-19,12142,12142
INDUS,Kalabagh,25-Aug-19,143529,135529
INDUS,Chashma,25-Aug-19,166754,147754
INDUS,Taunsa,25-Aug-19,166726,152526
INDUS,Guddu,25-Aug-19,216760,183210
INDUS,Sukkar,25-Aug-19,239145,177000
INDUS,Kotri,25-Aug-19,191662,152757
JHELUM,Kotli,25-Aug-19,-,4530
JHELUM,Mangla,25-Aug-19,30000,12715
JHELUM,Rasul,25-Aug-19,7740,Nil
CHENAB,Jammu Tavi,25-Aug-19,-,-
CHENAB,Marala,25-Aug-19,50381,19060
CHENAB,Khanki,25-Aug-19,20499,12635
CHENAB,Qadirabad,25-Aug-19,28642,10642
CHENAB,Trimmu,25-Aug-19,51738,38838
CHENAB,Punjnad,25-Aug-19,77457,60907
RAVI,Jassar,25-Aug-19,-,15874
RAVI,Balloki,25-Aug-19,33985,15985
RAVI,Sidhnai,25-Aug-19,22804,7704
SUTLEJ,Sulemanki,25-Aug-19,54105,49600
SUTLEJ,Islam,25-Aug-19,18670,18670
INDUS,Kalabagh,25-Aug-19,154521,146521
INDUS,Chashma,25-Aug-19,168778,149778
INDUS,Taunsa,25-Aug-19,166726,152526
INDUS,Guddu,25-Aug-19,216745,183045
INDUS,Sukkar,25-Aug-19,232315,173010
INDUS,Kotri,25-Aug-19,191962,152757
JHELUM,Kotli,25-Aug-19,-,4650
JHELUM,Mangla,25-Aug-19,29000,15315
JHELUM,Rasul,25-Aug-19,7740,Nil
CHENAB,Jammu Tavi,25-Aug-19,-,-
CHENAB,Marala,25-Aug-19,46666,15286
CHENAB,Khanki,25-Aug-19,25042,17178
CHENAB,Qadirabad,25-Aug-19,20749,2749
CHENAB,Trimmu,25-Aug-19,49589,36601
CHENAB,Punjnad,25-Aug-19,79222,62672
RAVI,Jassar,25-Aug-19,-,13397
RAVI,Balloki,25-Aug-19,36090,17790
RAVI,Sidhnai,25-Aug-19,21559,6459
SUTLEJ,Sulemanki,25-Aug-19,54118,49600
SUTLEJ,Islam,25-Aug-19,18670,18670
INDUS,Kalabagh,25-Aug-19,144641,136641
INDUS,Chashma,25-Aug-19,168900,149900
INDUS,Taunsa,25-Aug-19,165687,149487
INDUS,Guddu,25-Aug-19,216745,183045
INDUS,Sukkar,25-Aug-19,230490,173010
INDUS,Kotri,25-Aug-19,192382,152757
JHELUM,Kotli,25-Aug-19,-,4530
JHELUM,Mangla,25-Aug-19,28000,15315
JHELUM,Rasul,25-Aug-19,7740,Nil
CHENAB,Jammu Tavi,25-Aug-19,-,-
CHENAB,Marala,25-Aug-19,53598,22218
CHENAB,Khanki,25-Aug-19,29524,21636
CHENAB,Qadirabad,25-Aug-19,22074,4074
CHENAB,Trimmu,25-Aug-19,44041,30941
CHENAB,Punjnad,25-Aug-19,79222,62672
RAVI,Jassar,25-Aug-19,-,14636
RAVI,Balloki,25-Aug-19,36990,18690
RAVI,Sidhnai,25-Aug-19,17692,2592
SUTLEJ,Sulemanki,25-Aug-19,56108,49600
SUTLEJ,Islam,25-Aug-19,18670,18670
INDUS,Kalabagh,25-Aug-19,140665,132665
INDUS,Chashma,25-Aug-19,168274,149274
INDUS,Taunsa,25-Aug-19,165687,149487
INDUS,Guddu,25-Aug-19,216745,183045
INDUS,Sukkar,25-Aug-19,230490,173010
INDUS,Kotri,25-Aug-19,192382,152757
JHELUM,Kotli,25-Aug-19,-,4650
JHELUM,Mangla,25-Aug-19,29000,15115
JHELUM,Rasul,25-Aug-19,7740,Nil
CHENAB,Jammu Tavi,25-Aug-19,-,-
CHENAB,Marala,25-Aug-19,58951,27571
CHENAB,Khanki,25-Aug-19,22906,15018
CHENAB,Qadirabad,25-Aug-19,24727,6723
CHENAB,Trimmu,25-Aug-19,40557,27457
CHENAB,Punjnad,25-Aug-19,79252,62672
RAVI,Jassar,25-Aug-19,-,16287
RAVI,Balloki,25-Aug-19,38925,20625
RAVI,Sidhnai,25-Aug-19,17692,2592
SUTLEJ,Sulemanki,25-Aug-19,56660,49452
SUTLEJ,Islam,25-Aug-19,18670,18670
INDUS,Kalabagh,26-Aug-19,155591,147591
INDUS,Chashma,26-Aug-19,167026,150095
INDUS,Taunsa,26-Aug-19,161230,145030
INDUS,Guddu,26-Aug-19,205921,171919
INDUS,Sukkar,26-Aug-19,180230,139555
INDUS,Kotri,26-Aug-19,197523,158438
JHELUM,Kotli,26-Aug-19,-,4900
JHELUM,Mangla,26-Aug-19,50000,12915
JHELUM,Rasul,26-Aug-19,7740,Nil
CHENAB,Jammu Tavi,26-Aug-19,-,-
CHENAB,Marala,26-Aug-19,53598,22218
CHENAB,Khanki,26-Aug-19,27320,19432
CHENAB,Qadirabad,26-Aug-19,24723,6723
CHENAB,Trimmu,26-Aug-19,40557,27457
CHENAB,Punjnad,26-Aug-19,79252,62672
RAVI,Jassar,26-Aug-19,-,16700
RAVI,Balloki,26-Aug-19,38925,20625
RAVI,Sidhnai,26-Aug-19,17083,1983
SUTLEJ,Sulemanki,26-Aug-19,56660,49452
SUTLEJ,Islam,26-Aug-19,23747,23747
INDUS,Kalabagh,26-Aug-19,168064,160064
INDUS,Chashma,26-Aug-19,166930,149999
INDUS,Taunsa,26-Aug-19,161230,145030
INDUS,Guddu,26-Aug-19,205921,171919
INDUS,Sukkar,26-Aug-19,180230,139555
INDUS,Kotri,26-Aug-19,197723,158438
JHELUM,Kotli,26-Aug-19,-,5150
JHELUM,Mangla,26-Aug-19,30000,17515
JHELUM,Rasul,26-Aug-19,7740,Nil
CHENAB,Jammu Tavi,26-Aug-19,-,-
CHENAB,Marala,26-Aug-19,58951,27571
CHENAB,Khanki,26-Aug-19,37450,29562
CHENAB,Qadirabad,26-Aug-19,22074,4074
CHENAB,Trimmu,26-Aug-19,40557,27457
CHENAB,Punjnad,26-Aug-19,81220,64640
RAVI,Jassar,26-Aug-19,-,15874
RAVI,Balloki,26-Aug-19,40115,21815
RAVI,Sidhnai,26-Aug-19,17083,1983
SUTLEJ,Sulemanki,26-Aug-19,57859,49452
SUTLEJ,Islam,26-Aug-19,23747,23747
INDUS,Kalabagh,26-Aug-19,168064,160064
INDUS,Chashma,26-Aug-19,152968,135788
INDUS,Taunsa,26-Aug-19,154563,137363
INDUS,Guddu,26-Aug-19,205921,171919
INDUS,Sukkar,26-Aug-19,180230,139555
INDUS,Kotri,26-Aug-19,200908,161623
JHELUM,Kotli,26-Aug-19,-,8190
JHELUM,Mangla,26-Aug-19,30000,17315
JHELUM,Rasul,26-Aug-19,7740,Nil
CHENAB,Jammu Tavi,26-Aug-19,-,-
CHENAB,Marala,26-Aug-19,64304,32924
CHENAB,Khanki,26-Aug-19,37499,29562
CHENAB,Qadirabad,26-Aug-19,28624,10642
CHENAB,Trimmu,26-Aug-19,38915,25815
CHENAB,Punjnad,26-Aug-19,87336,70556
RAVI,Jassar,26-Aug-19,-,12984
RAVI,Balloki,26-Aug-19,40115,21815
RAVI,Sidhnai,26-Aug-19,17083,1983
SUTLEJ,Sulemanki,26-Aug-19,52701,43483
SUTLEJ,Islam,26-Aug-19,23747,23747
INDUS,Kalabagh,26-Aug-19,148526,140526
INDUS,Chashma,26-Aug-19,152020,136100
INDUS,Taunsa,26-Aug-19,154563,137363
INDUS,Guddu,26-Aug-19,205921,171919
INDUS,Sukkar,26-Aug-19,180230,139555
INDUS,Kotri,26-Aug-19,200908,161623
JHELUM,Kotli,26-Aug-19,-,6190
JHELUM,Mangla,26-Aug-19,30000,8715
JHELUM,Rasul,26-Aug-19,7740,-
CHENAB,Jammu Tavi,26-Aug-19,-,-
CHENAB,Marala,26-Aug-19,64304,32924
CHENAB,Khanki,26-Aug-19,35543,27606
CHENAB,Qadirabad,26-Aug-19,33829,15829
CHENAB,Trimmu,26-Aug-19,38915,25815
CHENAB,Punjnad,26-Aug-19,87336,70556
RAVI,Jassar,26-Aug-19,-,20900
RAVI,Balloki,26-Aug-19,40925,20625
RAVI,Sidhnai,26-Aug-19,17083,1983
SUTLEJ,Sulemanki,26-Aug-19,41642,31922
SUTLEJ,Islam,26-Aug-19,23747,23747
INDUS,Kalabagh,27-Aug-19,164247,156247
INDUS,Chashma,27-Aug-19,151337,136677
INDUS,Taunsa,27-Aug-19,154563,137363
INDUS,Guddu,27-Aug-19,NR,NR
INDUS,Sukkar,27-Aug-19,NR,NR
INDUS,Kotri,27-Aug-19,NR,NR
JHELUM,Kotli,27-Aug-19,-,5790
JHELUM,Mangla,27-Aug-19,29000,8715
JHELUM,Rasul,27-Aug-19,7740,NIL
CHENAB,Jammu Tavi,27-Aug-19,-,-
CHENAB,Marala,27-Aug-19,58951,27571
CHENAB,Khanki,27-Aug-19,39389,31458
CHENAB,Qadirabad,27-Aug-19,33829,15829
CHENAB,Trimmu,27-Aug-19,36214,23114
CHENAB,Punjnad,27-Aug-19,87336,70556
RAVI,Jassar,27-Aug-19,-,21600
RAVI,Balloki,27-Aug-19,42115,21815
RAVI,Sidhnai,27-Aug-19,19727,2627
SUTLEJ,Sulemanki,27-Aug-19,41642,31922
SUTLEJ,Islam,27-Aug-19,29210,29210
INDUS,Kalabagh,27-Aug-19,176398,168398
INDUS,Chashma,27-Aug-19,156329,139960
INDUS,Taunsa,27-Aug-19,154563,137363
INDUS,Guddu,27-Aug-19,NR,NR
INDUS,Sukkar,27-Aug-19,NR,NR
INDUS,Kotri,27-Aug-19,NR,NR
JHELUM,Kotli,27-Aug-19,-,4780
JHELUM,Mangla,27-Aug-19,28000,8715
JHELUM,Rasul,27-Aug-19,7740,NIL
CHENAB,Jammu Tavi,27-Aug-19,-,-
CHENAB,Marala,27-Aug-19,58951,27571
CHENAB,Khanki,27-Aug-19,41437,33500
CHENAB,Qadirabad,27-Aug-19,36353,18353
CHENAB,Trimmu,27-Aug-19,36214,23114
CHENAB,Punjnad,27-Aug-19,87336,70556
RAVI,Jassar,27-Aug-19,-,25560
RAVI,Balloki,27-Aug-19,42115,21815
RAVI,Sidhnai,27-Aug-19,19727,4627
SUTLEJ,Sulemanki,27-Aug-19,41939,31922
SUTLEJ,Islam,27-Aug-19,30310,29210
INDUS,Kalabagh,27-Aug-19,176398,168398
INDUS,Chashma,27-Aug-19,146317,133067
INDUS,Taunsa,27-Aug-19,152027,134327
INDUS,Guddu,27-Aug-19,NR,NR
INDUS,Sukkar,27-Aug-19,NR,NR
INDUS,Kotri,27-Aug-19,NR,NR
JHELUM,Kotli,27-Aug-19,-,4530
JHELUM,Mangla,27-Aug-19,28000,8715
JHELUM,Rasul,27-Aug-19,7740,NIL
CHENAB,Jammu Tavi,27-Aug-19,-,-
CHENAB,Marala,27-Aug-19,58951,27571
CHENAB,Khanki,27-Aug-19,44966,37029
CHENAB,Qadirabad,27-Aug-19,37656,19656
CHENAB,Trimmu,27-Aug-19,33249,20149
CHENAB,Punjnad,27-Aug-19,83873,67093
RAVI,Jassar,27-Aug-19,-,24940
RAVI,Balloki,27-Aug-19,43300,23000
RAVI,Sidhnai,27-Aug-19,19727,4627
SUTLEJ,Sulemanki,27-Aug-19,42639,31922
SUTLEJ,Islam,27-Aug-19,30310,29210
INDUS,Kalabagh,27-Aug-19,167397,159397
INDUS,Chashma,27-Aug-19,145068,133078
INDUS,Taunsa,27-Aug-19,152027,134327
INDUS,Guddu,27-Aug-19,NR,NR
INDUS,Sukkar,27-Aug-19,NR,NR
INDUS,Kotri,27-Aug-19,NR,NR
JHELUM,Kotli,27-Aug-19,-,4410
JHELUM,Mangla,27-Aug-19,28000,10115
JHELUM,Rasul,27-Aug-19,7740,NIL
CHENAB,Jammu Tavi,27-Aug-19,-,-
CHENAB,Marala,27-Aug-19,64274,32924
CHENAB,Khanki,27-Aug-19,37499,29562
CHENAB,Qadirabad,27-Aug-19,35049,17049
CHENAB,Trimmu,27-Aug-19,33249,20149
CHENAB,Punjnad,27-Aug-19,83873,67093
RAVI,Jassar,27-Aug-19,-,26800
RAVI,Balloki,27-Aug-19,43300,23000
RAVI,Sidhnai,27-Aug-19,19727,4627
SUTLEJ,Sulemanki,27-Aug-19,42693,31922
SUTLEJ,Islam,27-Aug-19,30310,29210
INDUS,Kalabagh,28-Aug-19,182074,174074
INDUS,Chashma,28-Aug-19,143962,133232
INDUS,Taunsa,28-Aug-19,142298,124598
INDUS,Guddu,28-Aug-19,NR,NR
INDUS,Sukkar,28-Aug-19,NR,NR
INDUS,Kotri,28-Aug-19,NR,NR
JHELUM,Kotli,28-Aug-19,-,4290
JHELUM,Mangla,28-Aug-19,26000,11715
JHELUM,Rasul,28-Aug-19,7945,NIL
CHENAB,Jammu Tavi,28-Aug-19,-,-
CHENAB,Marala,28-Aug-19,64274,32924
CHENAB,Khanki,28-Aug-19,33385,25448
CHENAB,Qadirabad,28-Aug-19,35049,17049
CHENAB,Trimmu,28-Aug-19,29489,16389
CHENAB,Punjnad,28-Aug-19,83873,67093
RAVI,Jassar,28-Aug-19,-,28040
RAVI,Balloki,28-Aug-19,44485,24185
RAVI,Sidhnai,28-Aug-19,22954,7854
SUTLEJ,Sulemanki,28-Aug-19,42728,31922
SUTLEJ,Islam,28-Aug-19,30310,29210
INDUS,Kalabagh,28-Aug-19,186100,178100
INDUS,Chashma,28-Aug-19,153883,144433
INDUS,Taunsa,28-Aug-19,142298,124598
INDUS,Guddu,28-Aug-19,NR,NR
INDUS,Sukkar,28-Aug-19,NR,NR
INDUS,Kotri,28-Aug-19,NR,NR
JHELUM,Kotli,28-Aug-19,-,4410
JHELUM,Mangla,28-Aug-19,25000,10215
JHELUM,Rasul,28-Aug-19,5945,NIL
CHENAB,Jammu Tavi,28-Aug-19,-,-
CHENAB,Marala,28-Aug-19,58921,27571
CHENAB,Khanki,28-Aug-19,35543,27606
CHENAB,Qadirabad,28-Aug-19,35049,17049
CHENAB,Trimmu,28-Aug-19,29489,16389
CHENAB,Punjnad,28-Aug-19,68117,51337
RAVI,Jassar,28-Aug-19,-,26180
RAVI,Balloki,28-Aug-19,45385,24185
RAVI,Sidhnai,28-Aug-19,22954,7854
SUTLEJ,Sulemanki,28-Aug-19,42728,31922
SUTLEJ,Islam,28-Aug-19,23690,22440
INDUS,Kalabagh,28-Aug-19,164497,156497
INDUS,Chashma,28-Aug-19,188385,178830
INDUS,Taunsa,28-Aug-19,142298,124598
INDUS,Guddu,28-Aug-19,201392,167434
INDUS,Sukkar,28-Aug-19,160850,108600
INDUS,Kotri,28-Aug-19,207170,186515
JHELUM,Kotli,28-Aug-19,-,4290
JHELUM,Mangla,28-Aug-19,25000,10215
JHELUM,Rasul,28-Aug-19,2945,Nil
CHENAB,Jammu Tavi,28-Aug-19,-,-
CHENAB,Marala,28-Aug-19,58921,27571
CHENAB,Khanki,28-Aug-19,37499,29562
CHENAB,Qadirabad,28-Aug-19,29928,11928
CHENAB,Trimmu,28-Aug-19,29489,16389
CHENAB,Punjnad,28-Aug-19,68117,51337
RAVI,Jassar,28-Aug-19,-,25560
RAVI,Balloki,28-Aug-19,45385,24185
RAVI,Sidhnai,28-Aug-19,23377,8277
SUTLEJ,Sulemanki,28-Aug-19,42932,31922
SUTLEJ,Islam,28-Aug-19,23690,22440
INDUS,Kalabagh,28-Aug-19,164497,156497
INDUS,Chashma,28-Aug-19,184657,173052
INDUS,Taunsa,28-Aug-19,142298,124598
INDUS,Guddu,28-Aug-19,201392,167434
INDUS,Sukkar,28-Aug-19,160850,108600
INDUS,Kotri,28-Aug-19,207170,186515
JHELUM,Kotli,28-Aug-19,-,4410
JHELUM,Mangla,28-Aug-19,25000,8815
JHELUM,Rasul,28-Aug-19,2945,-
CHENAB,Jammu Tavi,28-Aug-19,-,-
CHENAB,Marala,28-Aug-19,60903,29553
CHENAB,Khanki,28-Aug-19,37499,29562
CHENAB,Qadirabad,28-Aug-19,29928,11928
CHENAB,Trimmu,28-Aug-19,29489,16389
CHENAB,Punjnad,28-Aug-19,63791,47041
RAVI,Jassar,28-Aug-19,-,24940
RAVI,Balloki,28-Aug-19,46575,25375
RAVI,Sidhnai,28-Aug-19,23377,8277
SUTLEJ,Sulemanki,28-Aug-19,40066,28856
SUTLEJ,Islam,28-Aug-19,23690,22440
INDUS,Kalabagh,29-Aug-19,165452,157452
INDUS,Chashma,29-Aug-19,178014,164214
INDUS,Taunsa,29-Aug-19,137348,119648
INDUS,Guddu,29-Aug-19,195491,178445
INDUS,Sukkar,29-Aug-19,157050,104020
INDUS,Kotri,29-Aug-19,207204,198579
JHELUM,Kotli,29-Aug-19,-,4410
JHELUM,Mangla,29-Aug-19,26000,8815
JHELUM,Rasul,29-Aug-19,2945,Nil
CHENAB,Jammu Tavi,29-Aug-19,-,-
CHENAB,Marala,29-Aug-19,60903,29553
CHENAB,Khanki,29-Aug-19,33385,25448
CHENAB,Qadirabad,29-Aug-19,29928,11928
CHENAB,Trimmu,29-Aug-19,25452,12352
CHENAB,Punjnad,29-Aug-19,63791,47041
RAVI,Jassar,29-Aug-19,-,26180
RAVI,Balloki,29-Aug-19,46575,25375
RAVI,Sidhnai,29-Aug-19,23377,8277
SUTLEJ,Sulemanki,29-Aug-19,40066,28856
SUTLEJ,Islam,29-Aug-19,24190,22440
INDUS,Kalabagh,29-Aug-19,180129,172129
INDUS,Chashma,29-Aug-19,168051,151551
INDUS,Taunsa,29-Aug-19,134498,114798
INDUS,Guddu,29-Aug-19,188532,178445
INDUS,Sukkar,29-Aug-19,157050,104020
INDUS,Kotri,29-Aug-19,207729,198579
JHELUM,Kotli,29-Aug-19,-,4410
JHELUM,Mangla,29-Aug-19,24000,12415
JHELUM,Rasul,29-Aug-19,2945,Nil
CHENAB,Jammu Tavi,29-Aug-19,-,-
CHENAB,Marala,29-Aug-19,60903,29553
CHENAB,Khanki,29-Aug-19,33385,25448
CHENAB,Qadirabad,29-Aug-19,24723,6723
CHENAB,Trimmu,29-Aug-19,25452,12352
CHENAB,Punjnad,29-Aug-19,53151,36301
RAVI,Jassar,29-Aug-19,-,26800
RAVI,Balloki,29-Aug-19,46575,25375
RAVI,Sidhnai,29-Aug-19,24749,9649
SUTLEJ,Sulemanki,29-Aug-19,40315,28856
SUTLEJ,Islam,29-Aug-19,24190,22440
INDUS,Kalabagh,29-Aug-19,163742,155542
INDUS,Chashma,29-Aug-19,169856,150986
INDUS,Taunsa,29-Aug-19,134498,114798
INDUS,Guddu,29-Aug-19,188532,178445
INDUS,Sukkar,29-Aug-19,157050,104020
INDUS,Kotri,29-Aug-19,207729,198579
JHELUM,Kotli,29-Aug-19,-,4290
JHELUM,Mangla,29-Aug-19,24000,12415
JHELUM,Rasul,29-Aug-19,2945,Nil
CHENAB,Jammu Tavi,29-Aug-19,-,-
CHENAB,Marala,29-Aug-19,58921,27571
CHENAB,Khanki,29-Aug-19,33385,25448
CHENAB,Qadirabad,29-Aug-19,27324,9324
CHENAB,Trimmu,29-Aug-19,23314,10214
CHENAB,Punjnad,29-Aug-19,52901,36301
RAVI,Jassar,29-Aug-19,-,26180
RAVI,Balloki,29-Aug-19,48405,27205
RAVI,Sidhnai,29-Aug-19,24749,9649
SUTLEJ,Sulemanki,29-Aug-19,38737,26975
SUTLEJ,Islam,29-Aug-19,24190,22440
INDUS,Kalabagh,29-Aug-19,171559,163359
INDUS,Chashma,29-Aug-19,170096,151516
INDUS,Taunsa,29-Aug-19,134498,114798
INDUS,Guddu,29-Aug-19,188532,178445
INDUS,Sukkar,29-Aug-19,157050,104020
INDUS,Kotri,29-Aug-19,207729,198579
JHELUM,Kotli,29-Aug-19,-,4410
JHELUM,Mangla,29-Aug-19,24000,8815
JHELUM,Rasul,29-Aug-19,2945,Nil
CHENAB,Jammu Tavi,29-Aug-19,-,-
CHENAB,Marala,29-Aug-19,64274,32924
CHENAB,Khanki,29-Aug-19,37475,29562
CHENAB,Qadirabad,29-Aug-19,27324,9324
CHENAB,Trimmu,29-Aug-19,23314,10214
CHENAB,Punjnad,29-Aug-19,52901,36301
RAVI,Jassar,29-Aug-19,-,23700
RAVI,Balloki,29-Aug-19,48405,27205
RAVI,Sidhnai,29-Aug-19,24749,9649
SUTLEJ,Sulemanki,29-Aug-19,32531,20726
SUTLEJ,Islam,29-Aug-19,24190,22440
INDUS,Kalabagh,30-Aug-19,172899,164699
INDUS,Chashma,30-Aug-19,175051,153751
INDUS,Taunsa,30-Aug-19,140448,119748
INDUS,Guddu,30-Aug-19,170452,158277
INDUS,Sukkar,30-Aug-19,166835,119215
INDUS,Kotri,30-Aug-19,204404,198579
JHELUM,Kotli,30-Aug-19,-,4530
JHELUM,Mangla,30-Aug-19,26000,8815
JHELUM,Rasul,30-Aug-19,2945,Nil
CHENAB,Jammu Tavi,30-Aug-19,-,-
CHENAB,Marala,30-Aug-19,58921,27571
CHENAB,Khanki,30-Aug-19,35519,27606
CHENAB,Qadirabad,30-Aug-19,27324,9324
CHENAB,Trimmu,30-Aug-19,23314,10214
CHENAB,Punjnad,30-Aug-19,52901,36301
RAVI,Jassar,30-Aug-19,-,24320
RAVI,Balloki,30-Aug-19,49600,28400
RAVI,Sidhnai,30-Aug-19,27257,12157
SUTLEJ,Sulemanki,30-Aug-19,32531,20726
SUTLEJ,Islam,30-Aug-19,24190,22440
INDUS,Kalabagh,30-Aug-19,172899,164699
INDUS,Chashma,30-Aug-19,182169,160869
INDUS,Taunsa,30-Aug-19,147735,127035
INDUS,Guddu,30-Aug-19,168449,158277
INDUS,Sukkar,30-Aug-19,166835,119215
INDUS,Kotri,30-Aug-19,197784,191434
JHELUM,Kotli,30-Aug-19,-,4290
JHELUM,Mangla,30-Aug-19,24000,10215
JHELUM,Rasul,30-Aug-19,2945,Nil
CHENAB,Jammu Tavi,30-Aug-19,-,-
CHENAB,Marala,30-Aug-19,64174,32924
CHENAB,Khanki,30-Aug-19,37340,29562
CHENAB,Qadirabad,30-Aug-19,29928,11928
CHENAB,Trimmu,30-Aug-19,25520,12420
CHENAB,Punjnad,30-Aug-19,49330,32730
RAVI,Jassar,30-Aug-19,-,23700
RAVI,Balloki,30-Aug-19,49600,28400
RAVI,Sidhnai,30-Aug-19,27257,12157
SUTLEJ,Sulemanki,30-Aug-19,32852,20736
SUTLEJ,Islam,30-Aug-19,24190,22440
INDUS,Kalabagh,30-Aug-19,172514,164314
INDUS,Chashma,30-Aug-19,207311,186011
INDUS,Taunsa,30-Aug-19,154850,133650
INDUS,Guddu,30-Aug-19,150941,135009
INDUS,Sukkar,30-Aug-19,147050,98780
INDUS,Kotri,30-Aug-19,178864,169734
JHELUM,Kotli,30-Aug-19,-,4050
JHELUM,Mangla,30-Aug-19,24000,11855
JHELUM,Rasul,30-Aug-19,2945,Nil
CHENAB,Jammu Tavi,30-Aug-19,-,-
CHENAB,Marala,30-Aug-19,64224,32874
CHENAB,Khanki,30-Aug-19,44758,37029
CHENAB,Qadirabad,30-Aug-19,46553,28553
CHENAB,Trimmu,30-Aug-19,27643,14543
CHENAB,Punjnad,30-Aug-19,43666,26816
RAVI,Jassar,30-Aug-19,-,28040
RAVI,Balloki,30-Aug-19,50600,23000
RAVI,Sidhnai,30-Aug-19,28469,13369
SUTLEJ,Sulemanki,30-Aug-19,23753,11397
SUTLEJ,Islam,30-Aug-19,38922,37172
INDUS,Kalabagh,30-Aug-19,184355,176155
INDUS,Chashma,30-Aug-19,179995,158695
INDUS,Taunsa,30-Aug-19,154850,133650
INDUS,Guddu,30-Aug-19,164444,150558
INDUS,Sukkar,30-Aug-19,166835,119215
INDUS,Kotri,30-Aug-19,195226,188876
JHELUM,Kotli,30-Aug-19,-,4410
JHELUM,Mangla,30-Aug-19,25000,8815
JHELUM,Rasul,30-Aug-19,2945,Nil
CHENAB,Jammu Tavi,30-Aug-19,-,-
CHENAB,Marala,30-Aug-19,74880,43630
CHENAB,Khanki,30-Aug-19,41278,33500
CHENAB,Qadirabad,30-Aug-19,35049,17049
CHENAB,Trimmu,30-Aug-19,25520,12420
CHENAB,Punjnad,30-Aug-19,49580,32730
RAVI,Jassar,30-Aug-19,-,23700
RAVI,Balloki,30-Aug-19,49975,25375
RAVI,Sidhnai,30-Aug-19,27257,12157
SUTLEJ,Sulemanki,30-Aug-19,25662,13645
SUTLEJ,Islam,30-Aug-19,42153,40403
INDUS,Kalabagh,31-Aug-19,191738,183538
INDUS,Chashma,31-Aug-19,179783,158483
INDUS,Taunsa,31-Aug-19,154850,133650
INDUS,Guddu,31-Aug-19,153146,140055
INDUS,Sukkar,31-Aug-19,148005,103395
INDUS,Kotri,31-Aug-19,187285,180935
JHELUM,Kotli,31-Aug-19,-,4410
JHELUM,Mangla,31-Aug-19,24000,8815
JHELUM,Rasul,31-Aug-19,2945,Nil
CHENAB,Jammu Tavi,31-Aug-19,-,-
CHENAB,Marala,31-Aug-19,69527,38277
CHENAB,Khanki,31-Aug-19,46478,38700
CHENAB,Qadirabad,31-Aug-19,35049,17049
CHENAB,Trimmu,31-Aug-19,25520,12420
CHENAB,Punjnad,31-Aug-19,43666,26816
RAVI,Jassar,31-Aug-19,-,24940
RAVI,Balloki,31-Aug-19,50100,23000
RAVI,Sidhnai,31-Aug-19,28469,13369
SUTLEJ,Sulemanki,31-Aug-19,23414,11397
SUTLEJ,Islam,31-Aug-19,54145,52355
INDUS,Kalabagh,31-Aug-19,194776,186576
INDUS,Chashma,31-Aug-19,190008,168708
INDUS,Taunsa,31-Aug-19,154850,133650
INDUS,Guddu,31-Aug-19,150941,135009
INDUS,Sukkar,31-Aug-19,148005,103395
INDUS,Kotri,31-Aug-19,183495,176325
JHELUM,Kotli,31-Aug-19,-,4170
JHELUM,Mangla,31-Aug-19,24000,10515
JHELUM,Rasul,31-Aug-19,2945,Nil
CHENAB,Jammu Tavi,31-Aug-19,-,-
CHENAB,Marala,31-Aug-19,64224,32874
CHENAB,Khanki,31-Aug-19,56114,48446
CHENAB,Qadirabad,31-Aug-19,40264,22264
CHENAB,Trimmu,31-Aug-19,27643,14543
CHENAB,Punjnad,31-Aug-19,43666,26816
RAVI,Jassar,31-Aug-19,-,30690
RAVI,Balloki,31-Aug-19,50600,23000
RAVI,Sidhnai,31-Aug-19,28469,13369
SUTLEJ,Sulemanki,31-Aug-19,23566,11397
SUTLEJ,Islam,31-Aug-19,52120,50370
INDUS,Kalabagh,31-Aug-19,172514,164314
INDUS,Chashma,31-Aug-19,207311,186011
INDUS,Taunsa,31-Aug-19,154850,133650
INDUS,Guddu,31-Aug-19,150941,135009
INDUS,Sukkar,31-Aug-19,147050,98780
INDUS,Kotri,31-Aug-19,178864,169734
JHELUM,Kotli,31-Aug-19,-,4050
JHELUM,Mangla,31-Aug-19,24000,11855
JHELUM,Rasul,31-Aug-19,2945,Nil
CHENAB,Jammu Tavi,31-Aug-19,-,-
CHENAB,Marala,31-Aug-19,64224,32874
CHENAB,Khanki,31-Aug-19,44758,37029
CHENAB,Qadirabad,31-Aug-19,46553,28553
CHENAB,Trimmu,31-Aug-19,27643,14543
CHENAB,Punjnad,31-Aug-19,43666,26816
RAVI,Jassar,31-Aug-19,-,28040
RAVI,Balloki,31-Aug-19,50600,23000
RAVI,Sidhnai,31-Aug-19,28469,13369
SUTLEJ,Sulemanki,31-Aug-19,23753,11397
SUTLEJ,Islam,31-Aug-19,38922,37172
INDUS,Kalabagh,31-Aug-19,184355,176155
INDUS,Chashma,31-Aug-19,203850,182550
INDUS,Taunsa,31-Aug-19,154850,133650
INDUS,Guddu,31-Aug-19,150941,135009
INDUS,Sukkar,31-Aug-19,147050,98780
INDUS,Kotri,31-Aug-19,178864,169734
JHELUM,Kotli,31-Aug-19,-,3930
JHELUM,Mangla,31-Aug-19,24000,8815
JHELUM,Rasul,31-Aug-19,2945,Nil
CHENAB,Jammu Tavi,31-Aug-19,-,-
CHENAB,Marala,31-Aug-19,58971,27571
CHENAB,Khanki,31-Aug-19,39187,31458
CHENAB,Qadirabad,31-Aug-19,40264,22264
CHENAB,Trimmu,31-Aug-19,27643,14543
CHENAB,Punjnad,31-Aug-19,43166,26816
RAVI,Jassar,31-Aug-19,-,24320
RAVI,Balloki,31-Aug-19,50900,23000
RAVI,Sidhnai,31-Aug-19,29104,14004
SUTLEJ,Sulemanki,31-Aug-19,23753,11397
SUTLEJ,Islam,31-Aug-19,34247,32497
INDUS,Kalabagh,01-Sept-19,184355,176155
INDUS,Chashma,01-Sept-19,184454,163154
INDUS,Taunsa,01-Sept-19,154850,133650
INDUS,Guddu,01-Sept-19,137783,122992
INDUS,Sukkar,01-Sept-19,131410,79100
INDUS,Kotri,01-Sept-19,167361,156686
JHELUM,Kotli,01-Sept-19,-,3810
JHELUM,Mangla,01-Sept-19,23000,8815
JHELUM,Rasul,01-Sept-19,5945,Nil
CHENAB,Jammu Tavi,01-Sept-19,-,-
CHENAB,Marala,01-Sept-19,62745,31345
CHENAB,Khanki,01-Sept-19,37291,29562
CHENAB,Qadirabad,01-Sept-19,32480,14480
CHENAB,Trimmu,01-Sept-19,27643,14543
CHENAB,Punjnad,01-Sept-19,43166,26816
RAVI,Jassar,01-Sept-19,-,23700
RAVI,Balloki,01-Sept-19,50900,23000
RAVI,Sidhnai,01-Sept-19,29104,14004
SUTLEJ,Sulemanki,01-Sept-19,28187,15831
SUTLEJ,Islam,01-Sept-19,25550,23800
INDUS,Kalabagh,01-Sept-19,195080,186880
INDUS,Chashma,01-Sept-19,176270,154970
INDUS,Taunsa,01-Sept-19,154850,133650
INDUS,Guddu,01-Sept-19,139718,122992
INDUS,Sukkar,01-Sept-19,131410,79100
INDUS,Kotri,01-Sept-19,151405,139250
JHELUM,Kotli,01-Sept-19,-,3700
JHELUM,Mangla,01-Sept-19,23000,10415
JHELUM,Rasul,01-Sept-19,5945,Nil
CHENAB,Jammu Tavi,01-Sept-19,-,-
CHENAB,Marala,01-Sept-19,58971,27571
CHENAB,Khanki,01-Sept-19,37315,29562
CHENAB,Qadirabad,01-Sept-19,35049,17049
CHENAB,Trimmu,01-Sept-19,28717,15617
CHENAB,Punjnad,01-Sept-19,43166,26816
RAVI,Jassar,01-Sept-19,-,11826
RAVI,Balloki,01-Sept-19,50900,23000
RAVI,Sidhnai,01-Sept-19,28554,13454
SUTLEJ,Sulemanki,01-Sept-19,28187,15831
SUTLEJ,Islam,01-Sept-19,25550,23800
INDUS,Kalabagh,01-Sept-19,195681,187481
INDUS,Chashma,01-Sept-19,178789,154941
INDUS,Taunsa,01-Sept-19,154850,133650
INDUS,Guddu,01-Sept-19,139718,122992
INDUS,Sukkar,01-Sept-19,131410,79100
INDUS,Kotri,01-Sept-19,151310,137355
JHELUM,Kotli,01-Sept-19,-,3700
JHELUM,Mangla,01-Sept-19,23000,8615
JHELUM,Rasul,01-Sept-19,2945,Nil
CHENAB,Jammu Tavi,01-Sept-19,-,-
CHENAB,Marala,01-Sept-19,58971,27571
CHENAB,Khanki,01-Sept-19,37352,29562
CHENAB,Qadirabad,01-Sept-19,32480,14480
CHENAB,Trimmu,01-Sept-19,28717,15617
CHENAB,Punjnad,01-Sept-19,43166,26816
RAVI,Jassar,01-Sept-19,-,12199
RAVI,Balloki,01-Sept-19,50900,23000
RAVI,Sidhnai,01-Sept-19,28554,13454
SUTLEJ,Sulemanki,01-Sept-19,28187,15831
SUTLEJ,Islam,01-Sept-19,25550,23800
INDUS,Kalabagh,01-Sept-19,184875,176675
INDUS,Chashma,01-Sept-19,192665,171365
INDUS,Taunsa,01-Sept-19,154850,133650
INDUS,Guddu,01-Sept-19,139718,122992
INDUS,Sukkar,01-Sept-19,131410,79100
INDUS,Kotri,01-Sept-19,151310,137355
JHELUM,Kotli,01-Sept-19,-,3580
JHELUM,Mangla,01-Sept-19,24000,10415
JHELUM,Rasul,01-Sept-19,2945,Nil
CHENAB,Jammu Tavi,01-Sept-19,-,-
CHENAB,Marala,01-Sept-19,64574,32924
CHENAB,Khanki,01-Sept-19,33262,25448
CHENAB,Qadirabad,01-Sept-19,29928,11928
CHENAB,Trimmu,01-Sept-19,27643,14543
CHENAB,Punjnad,01-Sept-19,42996,26816
RAVI,Jassar,01-Sept-19,-,11826
RAVI,Balloki,01-Sept-19,50900,23000
RAVI,Sidhnai,01-Sept-19,29396,14296
SUTLEJ,Sulemanki,01-Sept-19,27900,15831
SUTLEJ,Islam,01-Sept-19,25550,23800
INDUS,Kalabagh,02-Sept-19,188853,180653
INDUS,Chashma,02-Sept-19,197397,176097
INDUS,Taunsa,02-Sept-19,159718,138518
INDUS,Guddu,02-Sept-19,160792,143956
INDUS,Sukkar,02-Sept-19,115190,61290
INDUS,Kotri,02-Sept-19,136284,126334
JHELUM,Kotli,02-Sept-19,-,3810
JHELUM,Mangla,02-Sept-19,26000,10415
JHELUM,Rasul,02-Sept-19,2945,Nil
CHENAB,Jammu Tavi,02-Sept-19,-,-
CHENAB,Marala,02-Sept-19,66356,34906
CHENAB,Khanki,02-Sept-19,33262,25448
CHENAB,Qadirabad,02-Sept-19,27324,9324
CHENAB,Trimmu,02-Sept-19,27643,14543
CHENAB,Punjnad,02-Sept-19,44972,28922
RAVI,Jassar,02-Sept-19,-,12571
RAVI,Balloki,02-Sept-19,52085,24185
RAVI,Sidhnai,02-Sept-19,29285,14185
SUTLEJ,Sulemanki,02-Sept-19,27804,15831
SUTLEJ,Islam,02-Sept-19,25550,23800
INDUS,Kalabagh,02-Sept-19,195681,187481
INDUS,Chashma,02-Sept-19,202101,180801
INDUS,Taunsa,02-Sept-19,165843,144643
INDUS,Guddu,02-Sept-19,160313,140446
INDUS,Sukkar,02-Sept-19,115190,61290
INDUS,Kotri,02-Sept-19,125454,115504
JHELUM,Kotli,02-Sept-19,-,4650
JHELUM,Mangla,02-Sept-19,23000,10315
JHELUM,Rasul,02-Sept-19,5945,Nil
CHENAB,Jammu Tavi,02-Sept-19,-,-
CHENAB,Marala,02-Sept-19,59021,27571
CHENAB,Khanki,02-Sept-19,35420,27606
CHENAB,Qadirabad,02-Sept-19,26048,8048
CHENAB,Trimmu,02-Sept-19,28717,15617
CHENAB,Punjnad,02-Sept-19,47382,31332
RAVI,Jassar,02-Sept-19,-,12984
RAVI,Balloki,02-Sept-19,52085,24185
RAVI,Sidhnai,02-Sept-19,30484,15384
SUTLEJ,Sulemanki,02-Sept-19,27804,15831
SUTLEJ,Islam,02-Sept-19,25550,23800
INDUS,Kalabagh,02-Sept-19,188622,180422
INDUS,Chashma,02-Sept-19,198570,177270
INDUS,Taunsa,02-Sept-19,165843,144643
INDUS,Guddu,02-Sept-19,160284,136474
INDUS,Sukkar,02-Sept-19,118750,65025
INDUS,Kotri,02-Sept-19,125454,115504
JHELUM,Kotli,02-Sept-19,-,4290
JHELUM,Mangla,02-Sept-19,23000,10051
JHELUM,Rasul,02-Sept-19,5945,Nil
CHENAB,Jammu Tavi,02-Sept-19,-,-
CHENAB,Marala,02-Sept-19,59021,27371
CHENAB,Khanki,02-Sept-19,39272,31458
CHENAB,Qadirabad,02-Sept-19,32480,14480
CHENAB,Trimmu,02-Sept-19,30826,17726
CHENAB,Punjnad,02-Sept-19,47382,31332
RAVI,Jassar,02-Sept-19,-,15461
RAVI,Balloki,02-Sept-19,49815,21815
RAVI,Sidhnai,02-Sept-19,30484,15384
SUTLEJ,Sulemanki,02-Sept-19,27804,15831
SUTLEJ,Islam,02-Sept-19,17607,16057
INDUS,Kalabagh,02-Sept-19,187667,179467
INDUS,Chashma,02-Sept-19,200688,179388
INDUS,Taunsa,02-Sept-19,165843,144643
INDUS,Guddu,02-Sept-19,160284,136474
INDUS,Sukkar,02-Sept-19,118750,65025
INDUS,Kotri,02-Sept-19,125454,115504
JHELUM,Kotli,02-Sept-19,-,4170
JHELUM,Mangla,02-Sept-19,21000,10955
JHELUM,Rasul,02-Sept-19,5945,Nil
CHENAB,Jammu Tavi,02-Sept-19,-,-
CHENAB,Marala,02-Sept-19,63045,31345
CHENAB,Khanki,02-Sept-19,31538,23724
CHENAB,Qadirabad,02-Sept-19,32480,14480
CHENAB,Trimmu,02-Sept-19,32761,19661
CHENAB,Punjnad,02-Sept-19,47382,31332
RAVI,Jassar,02-Sept-19,-,12984
RAVI,Balloki,02-Sept-19,48625,20625
RAVI,Sidhnai,02-Sept-19,30184,15384
SUTLEJ,Sulemanki,02-Sept-19,27907,15831
SUTLEJ,Islam,02-Sept-19,17607,16057
INDUS,Kalabagh,03-Sept-19,182965,174765
INDUS,Chashma,03-Sept-19,201289,179989
INDUS,Taunsa,03-Sept-19,167776,146576
INDUS,Guddu,03-Sept-19,162596,140838
INDUS,Sukkar,03-Sept-19,135060,82420
INDUS,Kotri,03-Sept-19,117169,107219
JHELUM,Kotli,03-Sept-19,-,4050
JHELUM,Mangla,03-Sept-19,21000,8615
JHELUM,Rasul,03-Sept-19,2945,Nil
CHENAB,Jammu Tavi,03-Sept-19,-,-
CHENAB,Marala,03-Sept-19,61253,29553
CHENAB,Khanki,03-Sept-19,33263,25448
CHENAB,Qadirabad,03-Sept-19,27324,9324
CHENAB,Trimmu,03-Sept-19,32761,19661
CHENAB,Punjnad,03-Sept-19,47382,31332
RAVI,Jassar,03-Sept-19,-,13397
RAVI,Balloki,03-Sept-19,47440,19440
RAVI,Sidhnai,03-Sept-19,30184,15384
SUTLEJ,Sulemanki,03-Sept-19,27907,15831
SUTLEJ,Islam,03-Sept-19,17607,16057
INDUS,Kalabagh,03-Sept-19,193771,185571
INDUS,Chashma,03-Sept-19,196973,175673
INDUS,Taunsa,03-Sept-19,167776,146576
INDUS,Guddu,03-Sept-19,163135,140838
INDUS,Sukkar,03-Sept-19,135060,82420
INDUS,Kotri,03-Sept-19,112298,101848
JHELUM,Kotli,03-Sept-19,-,3810
JHELUM,Mangla,03-Sept-19,21000,10615
JHELUM,Rasul,03-Sept-19,2945,NIL
CHENAB,Jammu Tavi,03-Sept-19,-,-
CHENAB,Marala,03-Sept-19,59271,27571
CHENAB,Khanki,03-Sept-19,35420,27606
CHENAB,Qadirabad,03-Sept-19,27324,9324
CHENAB,Trimmu,03-Sept-19,33633,20533
CHENAB,Punjnad,03-Sept-19,44813,28763
RAVI,Jassar,03-Sept-19,-,6602
RAVI,Balloki,03-Sept-19,45065,17065
RAVI,Sidhnai,03-Sept-19,30184,15384
SUTLEJ,Sulemanki,03-Sept-19,28148,15831
SUTLEJ,Islam,03-Sept-19,14133,12583
INDUS,Kalabagh,03-Sept-19,178603,170403
INDUS,Chashma,03-Sept-19,187325,166025
INDUS,Taunsa,03-Sept-19,167776,146576
INDUS,Guddu,03-Sept-19,163135,140838
INDUS,Sukkar,03-Sept-19,135060,82420
INDUS,Kotri,03-Sept-19,108095,977555
JHELUM,Kotli,03-Sept-19,-,3700
JHELUM,Mangla,03-Sept-19,22000,11215
JHELUM,Rasul,03-Sept-19,2945,Nil
CHENAB,Jammu Tavi,03-Sept-19,-,-
CHENAB,Marala,03-Sept-19,53918,22218
CHENAB,Khanki,03-Sept-19,39272,31458
CHENAB,Qadirabad,03-Sept-19,27324,9324
CHENAB,Trimmu,03-Sept-19,36366,23266
CHENAB,Punjnad,03-Sept-19,45013,28763
RAVI,Jassar,03-Sept-19,-,6353
RAVI,Balloki,03-Sept-19,45165,17065
RAVI,Sidhnai,03-Sept-19,30184,15384
SUTLEJ,Sulemanki,03-Sept-19,28148,15831
SUTLEJ,Islam,03-Sept-19,14133,12583
INDUS,Kalabagh,03-Sept-19,172219,164019
INDUS,Chashma,03-Sept-19,184384,163084
INDUS,Taunsa,03-Sept-19,167776,146576
INDUS,Guddu,03-Sept-19,163135,140838
INDUS,Sukkar,03-Sept-19,135060,82420
INDUS,Kotri,03-Sept-19,108095,97555
JHELUM,Kotli,03-Sept-19,-,3580
JHELUM,Mangla,03-Sept-19,20000,7915
JHELUM,Rasul,03-Sept-19,2945,Nil
CHENAB,Jammu Tavi,03-Sept-19,-,-
CHENAB,Marala,03-Sept-19,59271,27571
CHENAB,Khanki,03-Sept-19,33403,25589
CHENAB,Qadirabad,03-Sept-19,29928,11928
CHENAB,Trimmu,03-Sept-19,36366,23266
CHENAB,Punjnad,03-Sept-19,45013,28763
RAVI,Jassar,03-Sept-19,-,6602
RAVI,Balloki,03-Sept-19,45265,17065
RAVI,Sidhnai,03-Sept-19,30284,15384
SUTLEJ,Sulemanki,03-Sept-19,28188,15831
SUTLEJ,Islam,03-Sept-19,14133,12583
INDUS,Kalabagh,04-Sept-19,180513,172313
INDUS,Chashma,04-Sept-19,186185,164885
INDUS,Taunsa,04-Sept-19,167776,146576
INDUS,Guddu,04-Sept-19,165175,140838
INDUS,Sukkar,04-Sept-19,133690,82420
INDUS,Kotri,04-Sept-19,98499,85774
JHELUM,Kotli,04-Sept-19,-,3580
JHELUM,Mangla,04-Sept-19,19000,7915
JHELUM,Rasul,04-Sept-19,5945,Nil
CHENAB,Jammu Tavi,04-Sept-19,-,-
CHENAB,Marala,04-Sept-19,57289,25589
CHENAB,Khanki,04-Sept-19,29450,21636
CHENAB,Qadirabad,04-Sept-19,27324,9324
CHENAB,Trimmu,04-Sept-19,36366,23266
CHENAB,Punjnad,04-Sept-19,45013,28763
RAVI,Jassar,04-Sept-19,-,6602
RAVI,Balloki,04-Sept-19,45265,17065
RAVI,Sidhnai,04-Sept-19,30284,15384
SUTLEJ,Sulemanki,04-Sept-19,28188,15831
SUTLEJ,Islam,04-Sept-19,14133,12583
INDUS,Kalabagh,04-Sept-19,187851,179651
INDUS,Chashma,04-Sept-19,174875,153575
INDUS,Taunsa,04-Sept-19,174161,152961
INDUS,Guddu,04-Sept-19,165957,137260
INDUS,Sukkar,04-Sept-19,133690,82420
INDUS,Kotri,04-Sept-19,85877,70857
JHELUM,Kotli,04-Sept-19,-,3700
JHELUM,Mangla,04-Sept-19,19000,12115
JHELUM,Rasul,04-Sept-19,5945,Nil
CHENAB,Jammu Tavi,04-Sept-19,-,-
CHENAB,Marala,04-Sept-19,53918,22218
CHENAB,Khanki,04-Sept-19,28460,20646
CHENAB,Qadirabad,04-Sept-19,24723,6723
CHENAB,Trimmu,04-Sept-19,36366,23266
CHENAB,Punjnad,04-Sept-19,45313,28763
RAVI,Jassar,04-Sept-19,-,4999
RAVI,Balloki,04-Sept-19,45265,17065
RAVI,Sidhnai,04-Sept-19,30284,15384
SUTLEJ,Sulemanki,04-Sept-19,28188,15831
SUTLEJ,Islam,04-Sept-19,14133,12583
INDUS,Kalabagh,04-Sept-19,176117,167717
INDUS,Chashma,04-Sept-19,181347,160047
INDUS,Taunsa,04-Sept-19,174161,152961
INDUS,Guddu,04-Sept-19,168810,137260
INDUS,Sukkar,04-Sept-19,133690,82420
INDUS,Kotri,04-Sept-19,83926,66151
JHELUM,Kotli,04-Sept-19,-,3580
JHELUM,Mangla,04-Sept-19,19000,10015
JHELUM,Rasul,04-Sept-19,2945,Nil
CHENAB,Jammu Tavi,04-Sept-19,-,-
CHENAB,Marala,04-Sept-19,59271,27571
CHENAB,Khanki,04-Sept-19,30417,22591
CHENAB,Qadirabad,04-Sept-19,23399,5399
CHENAB,Trimmu,04-Sept-19,32642,19542
CHENAB,Punjnad,04-Sept-19,45313,28763
RAVI,Jassar,04-Sept-19,-,4829
RAVI,Balloki,04-Sept-19,45365,17065
RAVI,Sidhnai,04-Sept-19,30284,15384
SUTLEJ,Sulemanki,04-Sept-19,29103,16746
SUTLEJ,Islam,04-Sept-19,14133,12583
INDUS,Kalabagh,04-Sept-19,168780,160380
INDUS,Chashma,04-Sept-19,183325,162025
INDUS,Taunsa,04-Sept-19,174161,152961
INDUS,Guddu,04-Sept-19,168810,137260
INDUS,Sukkar,04-Sept-19,133690,82420
INDUS,Kotri,04-Sept-19,83926,66151
JHELUM,Kotli,04-Sept-19,-,3460
JHELUM,Mangla,04-Sept-19,18000,10415
JHELUM,Rasul,04-Sept-19,2945,Nil
CHENAB,Jammu Tavi,04-Sept-19,-,-
CHENAB,Marala,04-Sept-19,59511,26448
CHENAB,Khanki,04-Sept-19,30417,22591
CHENAB,Qadirabad,04-Sept-19,24723,6723
CHENAB,Trimmu,04-Sept-19,32642,19542
CHENAB,Punjnad,04-Sept-19,45313,28763
RAVI,Jassar,04-Sept-19,-,5845
RAVI,Balloki,04-Sept-19,45365,17065
RAVI,Sidhnai,04-Sept-19,30284,15384
SUTLEJ,Sulemanki,04-Sept-19,29103,16746
SUTLEJ,Islam,04-Sept-19,14133,12583
INDUS,Kalabagh,05-Sept-19,167825,159425
INDUS,Chashma,05-Sept-19,184137,163437
INDUS,Taunsa,05-Sept-19,174161,152961
INDUS,Guddu,05-Sept-19,168810,137260
INDUS,Sukkar,05-Sept-19,133055,79290
INDUS,Kotri,05-Sept-19,70312,55897
JHELUM,Kotli,05-Sept-19,-,3350
JHELUM,Mangla,05-Sept-19,19000,8615
JHELUM,Rasul,05-Sept-19,2945,Nil
CHENAB,Jammu Tavi,05-Sept-19,-,-
CHENAB,Marala,05-Sept-19,61271,27571
CHENAB,Khanki,05-Sept-19,32981,25155
CHENAB,Qadirabad,05-Sept-19,24723,6723
CHENAB,Trimmu,05-Sept-19,31828,18728
CHENAB,Punjnad,05-Sept-19,45313,28763
RAVI,Jassar,05-Sept-19,-,5676
RAVI,Balloki,05-Sept-19,41020,12320
RAVI,Sidhnai,05-Sept-19,30284,15384
SUTLEJ,Sulemanki,05-Sept-19,29103,16746
SUTLEJ,Islam,05-Sept-19,14133,12583
INDUS,Kalabagh,05-Sept-19,175164,166764
INDUS,Chashma,05-Sept-19,180666,159366
INDUS,Taunsa,05-Sept-19,174161,152961
INDUS,Guddu,05-Sept-19,168810,137260
INDUS,Sukkar,05-Sept-19,133055,79290
INDUS,Kotri,05-Sept-19,69414,52179
JHELUM,Kotli,05-Sept-19,-,3460
JHELUM,Mangla,05-Sept-19,19000,10015
JHELUM,Rasul,05-Sept-19,5945,Nil
CHENAB,Jammu Tavi,05-Sept-19,-,-
CHENAB,Marala,05-Sept-19,55918,22218
CHENAB,Khanki,05-Sept-19,38531,30705
CHENAB,Qadirabad,05-Sept-19,24723,6723
CHENAB,Trimmu,05-Sept-19,31828,18728
CHENAB,Punjnad,05-Sept-19,43208,26658
RAVI,Jassar,05-Sept-19,-,8597
RAVI,Balloki,05-Sept-19,42220,12320
RAVI,Sidhnai,05-Sept-19,30284,15384
SUTLEJ,Sulemanki,05-Sept-19,29103,16746
SUTLEJ,Islam,05-Sept-19,14133,12583
INDUS,Kalabagh,05-Sept-19,147208,138808
INDUS,Chashma,05-Sept-19,174186,154166
INDUS,Taunsa,05-Sept-19,169287,148087
INDUS,Guddu,05-Sept-19,170807,137260
INDUS,Sukkar,05-Sept-19,132888,77323
INDUS,Kotri,05-Sept-19,68820,49645
JHELUM,Kotli,05-Sept-19,-,3350
JHELUM,Mangla,05-Sept-19,19000,10015
JHELUM,Rasul,05-Sept-19,5945,Nil
CHENAB,Jammu Tavi,05-Sept-19,-,-
CHENAB,Marala,05-Sept-19,61271,27571
CHENAB,Khanki,05-Sept-19,39284,31458
CHENAB,Qadirabad,05-Sept-19,32480,14480
CHENAB,Trimmu,05-Sept-19,28895,15795
CHENAB,Punjnad,05-Sept-19,42108,26658
RAVI,Jassar,05-Sept-19,-,7849
RAVI,Balloki,05-Sept-19,40765,9665
RAVI,Sidhnai,05-Sept-19,28408,13508
SUTLEJ,Sulemanki,05-Sept-19,29155,16746
SUTLEJ,Islam,05-Sept-19,14133,12583
INDUS,Kalabagh,05-Sept-19,154050,145650
INDUS,Chashma,05-Sept-19,170140,152680
INDUS,Taunsa,05-Sept-19,169287,148087
INDUS,Guddu,05-Sept-19,170807,137260
INDUS,Sukkar,05-Sept-19,132888,77323
INDUS,Kotri,05-Sept-19,68820,49645
JHELUM,Kotli,05-Sept-19,-,3350
JHELUM,Mangla,05-Sept-19,18000,12115
JHELUM,Rasul,05-Sept-19,5945,Nil
CHENAB,Jammu Tavi,05-Sept-19,-,-
CHENAB,Marala,05-Sept-19,61271,27571
CHENAB,Khanki,05-Sept-19,35431,27605
CHENAB,Qadirabad,05-Sept-19,33829,15829
CHENAB,Trimmu,05-Sept-19,31828,18728
CHENAB,Punjnad,05-Sept-19,42108,26658
RAVI,Jassar,05-Sept-19,-,14223
RAVI,Balloki,05-Sept-19,41965,9665
RAVI,Sidhnai,05-Sept-19,28408,13508
SUTLEJ,Sulemanki,05-Sept-19,29155,16746
SUTLEJ,Islam,05-Sept-19,14133,12583
INDUS,Kalabagh,06-Sept-19,168968,160568
INDUS,Chashma,06-Sept-19,170566,154266
INDUS,Taunsa,06-Sept-19,159771,138571
INDUS,Guddu,06-Sept-19,177304,143252
INDUS,Sukkar,06-Sept-19,130913,74598
INDUS,Kotri,06-Sept-19,68820,49645
JHELUM,Kotli,06-Sept-19,-,3240
JHELUM,Mangla,06-Sept-19,21000,8615
JHELUM,Rasul,06-Sept-19,2945,Nil
CHENAB,Jammu Tavi,06-Sept-19,-,-
CHENAB,Marala,06-Sept-19,63253,29553
CHENAB,Khanki,06-Sept-19,35431,27605
CHENAB,Qadirabad,06-Sept-19,31207,13207
CHENAB,Trimmu,06-Sept-19,28895,15795
CHENAB,Punjnad,06-Sept-19,42108,26658
RAVI,Jassar,06-Sept-19,-,13810
RAVI,Balloki,06-Sept-19,41965,9665
RAVI,Sidhnai,06-Sept-19,28408,13508
SUTLEJ,Sulemanki,06-Sept-19,29155,16746
SUTLEJ,Islam,06-Sept-19,14133,12583
INDUS,Kalabagh,06-Sept-19,168968,160568
INDUS,Chashma,06-Sept-19,171352,155052
INDUS,Taunsa,06-Sept-19,156960,135760
INDUS,Guddu,06-Sept-19,177304,143252
INDUS,Sukkar,06-Sept-19,130913,74598
INDUS,Kotri,06-Sept-19,68820,49645
JHELUM,Kotli,06-Sept-19,-,4170
JHELUM,Mangla,06-Sept-19,19000,9315
JHELUM,Rasul,06-Sept-19,2945,Nil
CHENAB,Jammu Tavi,06-Sept-19,-,-
CHENAB,Marala,06-Sept-19,50515,16865
CHENAB,Khanki,06-Sept-19,35743,27917
CHENAB,Qadirabad,06-Sept-19,28642,10642
CHENAB,Trimmu,06-Sept-19,28895,15795
CHENAB,Punjnad,06-Sept-19,42658,26658
RAVI,Jassar,06-Sept-19,-,12571
RAVI,Balloki,06-Sept-19,41965,9665
RAVI,Sidhnai,06-Sept-19,24397,9497
SUTLEJ,Sulemanki,06-Sept-19,29300,16746
SUTLEJ,Islam,06-Sept-19,14133,12583
INDUS,Kalabagh,06-Sept-19,168004,159604
INDUS,Chashma,06-Sept-19,199644,183344
INDUS,Taunsa,06-Sept-19,156960,135760
INDUS,Guddu,06-Sept-19,178113,146255
INDUS,Sukkar,06-Sept-19,132050,74900
INDUS,Kotri,06-Sept-19,68415,45580
JHELUM,Kotli,06-Sept-19,-,3350
JHELUM,Mangla,06-Sept-19,21000,8615
JHELUM,Rasul,06-Sept-19,5815,Nil
CHENAB,Jammu Tavi,06-Sept-19,-,-
CHENAB,Marala,06-Sept-19,50515,16865
CHENAB,Khanki,06-Sept-19,27161,19432
CHENAB,Qadirabad,06-Sept-19,27324,9324
CHENAB,Trimmu,06-Sept-19,25721,12621
CHENAB,Punjnad,06-Sept-19,45633,30133
RAVI,Jassar,06-Sept-19,-,5676
RAVI,Balloki,06-Sept-19,50190,17790
RAVI,Sidhnai,06-Sept-19,21712,6812
SUTLEJ,Sulemanki,06-Sept-19,29455,16746
SUTLEJ,Islam,06-Sept-19,14633,12583
INDUS,Kalabagh,06-Sept-19,173733,165333
INDUS,Chashma,06-Sept-19,170836,154536
INDUS,Taunsa,06-Sept-19,156960,135760
INDUS,Guddu,06-Sept-19,177304,143252
INDUS,Sukkar,06-Sept-19,130913,74598
INDUS,Kotri,06-Sept-19,68820,49645
JHELUM,Kotli,06-Sept-19,-,3580
JHELUM,Mangla,06-Sept-19,18000,12015
JHELUM,Rasul,06-Sept-19,5945,Nil
CHENAB,Jammu Tavi,06-Sept-19,-,-
CHENAB,Marala,06-Sept-19,55868,22218
CHENAB,Khanki,06-Sept-19,33702,25876
CHENAB,Qadirabad,06-Sept-19,31207,13207
CHENAB,Trimmu,06-Sept-19,27886,14786
CHENAB,Punjnad,06-Sept-19,41958,26658
RAVI,Jassar,06-Sept-19,-,7600
RAVI,Balloki,06-Sept-19,43770,11470
RAVI,Sidhnai,06-Sept-19,24397,9497
SUTLEJ,Sulemanki,06-Sept-19,29411,16746
SUTLEJ,Islam,06-Sept-19,14633,12583
INDUS,Kalabagh,07-Sept-19,231195,222795
INDUS,Chashma,07-Sept-19,171540,155240
INDUS,Taunsa,07-Sept-19,156960,135760
INDUS,Guddu,07-Sept-19,181880,148421
INDUS,Sukkar,07-Sept-19,131165,74150
INDUS,Kotri,07-Sept-19,68820,49645
JHELUM,Kotli,07-Sept-19,-,3460
JHELUM,Mangla,07-Sept-19,21000,9915
JHELUM,Rasul,07-Sept-19,5945,Nil
CHENAB,Jammu Tavi,07-Sept-19,-,-
CHENAB,Marala,07-Sept-19,61221,27571
CHENAB,Khanki,07-Sept-19,31866,24040
CHENAB,Qadirabad,07-Sept-19,27324,9324
CHENAB,Trimmu,07-Sept-19,27886,14786
CHENAB,Punjnad,07-Sept-19,41958,26658
RAVI,Jassar,07-Sept-19,-,7849
RAVI,Balloki,07-Sept-19,43770,11470
RAVI,Sidhnai,07-Sept-19,24397,9497
SUTLEJ,Sulemanki,07-Sept-19,29411,16746
SUTLEJ,Islam,07-Sept-19,14633,12583
INDUS,Kalabagh,07-Sept-19,202380,193980
INDUS,Chashma,07-Sept-19,188971,172671
INDUS,Taunsa,07-Sept-19,156960,135760
INDUS,Guddu,07-Sept-19,181825,148421
INDUS,Sukkar,07-Sept-19,131165,74150
INDUS,Kotri,07-Sept-19,68441,47746
JHELUM,Kotli,07-Sept-19,-,3450
JHELUM,Mangla,07-Sept-19,21000,9915
JHELUM,Rasul,07-Sept-19,5815,Nil
CHENAB,Jammu Tavi,07-Sept-19,-,-
CHENAB,Marala,07-Sept-19,54289,20639
CHENAB,Khanki,07-Sept-19,31769,24040
CHENAB,Qadirabad,07-Sept-19,27324,9324
CHENAB,Trimmu,07-Sept-19,25721,12621
CHENAB,Punjnad,07-Sept-19,45633,30133
RAVI,Jassar,07-Sept-19,-,6014
RAVI,Balloki,07-Sept-19,45575,13275
RAVI,Sidhnai,07-Sept-19,24397,9497
SUTLEJ,Sulemanki,07-Sept-19,29411,16746
SUTLEJ,Islam,07-Sept-19,14633,12583
INDUS,Kalabagh,07-Sept-19,168004,159604
INDUS,Chashma,07-Sept-19,199644,183344
INDUS,Taunsa,07-Sept-19,156960,135760
INDUS,Guddu,07-Sept-19,178113,146255
INDUS,Sukkar,07-Sept-19,132050,74900
INDUS,Kotri,07-Sept-19,68415,45580
JHELUM,Kotli,07-Sept-19,-,3350
JHELUM,Mangla,07-Sept-19,21000,8615
JHELUM,Rasul,07-Sept-19,5815,Nil
CHENAB,Jammu Tavi,07-Sept-19,-,-
CHENAB,Marala,07-Sept-19,50515,16865
CHENAB,Khanki,07-Sept-19,27161,19432
CHENAB,Qadirabad,07-Sept-19,27324,9324
CHENAB,Trimmu,07-Sept-19,25721,12621
CHENAB,Punjnad,07-Sept-19,45633,30133
RAVI,Jassar,07-Sept-19,-,5676
RAVI,Balloki,07-Sept-19,50190,17790
RAVI,Sidhnai,07-Sept-19,21712,6812
SUTLEJ,Sulemanki,07-Sept-19,29455,16746
SUTLEJ,Islam,07-Sept-19,14633,12583
INDUS,Kalabagh,07-Sept-19,198945,190545
INDUS,Chashma,07-Sept-19,194445,178145
INDUS,Taunsa,07-Sept-19,156960,135760
INDUS,Guddu,07-Sept-19,178113,146255
INDUS,Sukkar,07-Sept-19,132050,74900
INDUS,Kotri,07-Sept-19,68415,45580
JHELUM,Kotli,07-Sept-19,-,3350
JHELUM,Mangla,07-Sept-19,19000,10115
JHELUM,Rasul,07-Sept-19,2815,Nil
CHENAB,Jammu Tavi,07-Sept-19,-,-
CHENAB,Marala,07-Sept-19,55868,22218
CHENAB,Khanki,07-Sept-19,27161,19432
CHENAB,Qadirabad,07-Sept-19,23399,5399
CHENAB,Trimmu,07-Sept-19,25721,12621
CHENAB,Punjnad,07-Sept-19,45713,30133
RAVI,Jassar,07-Sept-19,-,5845
RAVI,Balloki,07-Sept-19,50190,17790
RAVI,Sidhnai,07-Sept-19,19861,4961
SUTLEJ,Sulemanki,07-Sept-19,29455,16746
SUTLEJ,Islam,07-Sept-19,14633,12583
INDUS,Kalabagh,08-Sept-19,191929,183529
INDUS,Chashma,08-Sept-19,195469,179169
INDUS,Taunsa,08-Sept-19,156960,135760
INDUS,Guddu,08-Sept-19,174090,142232
INDUS,Sukkar,08-Sept-19,135005,77390
INDUS,Kotri,08-Sept-19,67743,44388
JHELUM,Kotli,08-Sept-19,-,3350
JHELUM,Mangla,08-Sept-19,19000,10115
JHELUM,Rasul,08-Sept-19,8156,5341
CHENAB,Jammu Tavi,08-Sept-19,-,-
CHENAB,Marala,08-Sept-19,57850,24200
CHENAB,Khanki,08-Sept-19,25250,17521
CHENAB,Qadirabad,08-Sept-19,24723,6723
CHENAB,Trimmu,08-Sept-19,22532,9432
CHENAB,Punjnad,08-Sept-19,45713,30133
RAVI,Jassar,08-Sept-19,-,6014
RAVI,Balloki,08-Sept-19,48385,15985
RAVI,Sidhnai,08-Sept-19,18205,3305
SUTLEJ,Sulemanki,08-Sept-19,29455,16746
SUTLEJ,Islam,08-Sept-19,14633,12583
INDUS,Kalabagh,08-Sept-19,202380,193980
INDUS,Chashma,08-Sept-19,188971,172671
INDUS,Taunsa,08-Sept-19,156960,135760
INDUS,Guddu,08-Sept-19,181825,148421
INDUS,Sukkar,08-Sept-19,131165,74150
INDUS,Kotri,08-Sept-19,68441,47746
JHELUM,Kotli,08-Sept-19,-,3450
JHELUM,Mangla,08-Sept-19,21000,9915
JHELUM,Rasul,08-Sept-19,5815,Nil
CHENAB,Jammu Tavi,08-Sept-19,-,-
CHENAB,Marala,08-Sept-19,54289,20639
CHENAB,Khanki,08-Sept-19,31769,24040
CHENAB,Qadirabad,08-Sept-19,27324,9324
CHENAB,Trimmu,08-Sept-19,25721,12621
CHENAB,Punjnad,08-Sept-19,45633,30133
RAVI,Jassar,08-Sept-19,-,6014
RAVI,Balloki,08-Sept-19,45575,13275
RAVI,Sidhnai,08-Sept-19,24397,9497
SUTLEJ,Sulemanki,08-Sept-19,29411,16746
SUTLEJ,Islam,08-Sept-19,14633,12583
INDUS,Kalabagh,08-Sept-19,168004,159604
INDUS,Chashma,08-Sept-19,199644,183344
INDUS,Taunsa,08-Sept-19,156960,135760
INDUS,Guddu,08-Sept-19,178113,146255
INDUS,Sukkar,08-Sept-19,132050,74900
INDUS,Kotri,08-Sept-19,68415,45580
JHELUM,Kotli,08-Sept-19,-,3350
JHELUM,Mangla,08-Sept-19,21000,8615
JHELUM,Rasul,08-Sept-19,5815,Nil
CHENAB,Jammu Tavi,08-Sept-19,-,-
CHENAB,Marala,08-Sept-19,50515,16865
CHENAB,Khanki,08-Sept-19,27161,19432
CHENAB,Qadirabad,08-Sept-19,27324,9324
CHENAB,Trimmu,08-Sept-19,25721,12621
CHENAB,Punjnad,08-Sept-19,45633,30133
RAVI,Jassar,08-Sept-19,-,5676
RAVI,Balloki,08-Sept-19,50190,17790
RAVI,Sidhnai,08-Sept-19,21712,6812
SUTLEJ,Sulemanki,08-Sept-19,29455,16746
SUTLEJ,Islam,08-Sept-19,14633,12583
INDUS,Kalabagh,08-Sept-19,198945,190545
INDUS,Chashma,08-Sept-19,194445,178145
INDUS,Taunsa,08-Sept-19,156960,135760
INDUS,Guddu,08-Sept-19,178113,146255
INDUS,Sukkar,08-Sept-19,132050,74900
INDUS,Kotri,08-Sept-19,68415,45580
JHELUM,Kotli,08-Sept-19,-,3350
JHELUM,Mangla,08-Sept-19,19000,10115
JHELUM,Rasul,08-Sept-19,2815,Nil
CHENAB,Jammu Tavi,08-Sept-19,-,-
CHENAB,Marala,08-Sept-19,55868,22218
CHENAB,Khanki,08-Sept-19,27161,19432
CHENAB,Qadirabad,08-Sept-19,23399,5399
CHENAB,Trimmu,08-Sept-19,25721,12621
CHENAB,Punjnad,08-Sept-19,45713,30133
RAVI,Jassar,08-Sept-19,-,5845
RAVI,Balloki,08-Sept-19,50190,17790
RAVI,Sidhnai,08-Sept-19,19861,4961
SUTLEJ,Sulemanki,08-Sept-19,29455,16746
SUTLEJ,Islam,08-Sept-19,14633,12583
INDUS,Kalabagh,09-Sept-19,191929,183529
INDUS,Chashma,09-Sept-19,195469,179169
INDUS,Taunsa,09-Sept-19,156960,135760
INDUS,Guddu,09-Sept-19,174090,142232
INDUS,Sukkar,09-Sept-19,135005,77390
INDUS,Kotri,09-Sept-19,67743,44388
JHELUM,Kotli,09-Sept-19,-,3350
JHELUM,Mangla,09-Sept-19,19000,10115
JHELUM,Rasul,09-Sept-19,8156,5341
CHENAB,Jammu Tavi,09-Sept-19,-,-
CHENAB,Marala,09-Sept-19,57850,24200
CHENAB,Khanki,09-Sept-19,25250,17521
CHENAB,Qadirabad,09-Sept-19,24723,6723
CHENAB,Trimmu,09-Sept-19,22532,9432
CHENAB,Punjnad,09-Sept-19,45713,30133
RAVI,Jassar,09-Sept-19,-,6014
RAVI,Balloki,09-Sept-19,48385,15985
RAVI,Sidhnai,09-Sept-19,18205,3305
SUTLEJ,Sulemanki,09-Sept-19,29455,16746
SUTLEJ,Islam,09-Sept-19,14633,12583
INDUS,Kalabagh,09-Sept-19,191929,183529
INDUS,Chashma,09-Sept-19,194834,178534
INDUS,Taunsa,09-Sept-19,156960,135760
INDUS,Guddu,09-Sept-19,170737,139587
INDUS,Sukkar,09-Sept-19,135005,77390
INDUS,Kotri,09-Sept-19,69593,44388
JHELUM,Kotli,09-Sept-19,-,3350
JHELUM,Mangla,09-Sept-19,19000,8815
JHELUM,Rasul,09-Sept-19,2815,Nil
CHENAB,Jammu Tavi,09-Sept-19,-,-
CHENAB,Marala,09-Sept-19,50515,16865
CHENAB,Khanki,09-Sept-19,25335,17521
CHENAB,Qadirabad,09-Sept-19,18000,Nil
CHENAB,Trimmu,09-Sept-19,22532,9432
CHENAB,Punjnad,09-Sept-19,43466,27686
RAVI,Jassar,09-Sept-19,-,5507
RAVI,Balloki,09-Sept-19,48385,15985
RAVI,Sidhnai,09-Sept-19,18205,3305
SUTLEJ,Sulemanki,09-Sept-19,29455,16746
SUTLEJ,Islam,09-Sept-19,14633,12583
INDUS,Kalabagh,09-Sept-19,172912,164512
INDUS,Chashma,09-Sept-19,171416,155116
INDUS,Taunsa,09-Sept-19,167776,146576
INDUS,Guddu,09-Sept-19,161335,130130
INDUS,Sukkar,09-Sept-19,132065,74150
INDUS,Kotri,09-Sept-19,74893,44388
JHELUM,Kotli,09-Sept-19,-,3120
JHELUM,Mangla,09-Sept-19,17000,9915
JHELUM,Rasul,09-Sept-19,8156,5341
CHENAB,Jammu Tavi,09-Sept-19,-,-
CHENAB,Marala,09-Sept-19,45212,11512
CHENAB,Khanki,09-Sept-19,24317,16503
CHENAB,Qadirabad,09-Sept-19,16500,Nil
CHENAB,Trimmu,09-Sept-19,22532,9432
CHENAB,Punjnad,09-Sept-19,40595,24615
RAVI,Jassar,09-Sept-19,-,4999
RAVI,Balloki,09-Sept-19,47480,15080
RAVI,Sidhnai,09-Sept-19,17644,2644
SUTLEJ,Sulemanki,09-Sept-19,34091,21382
SUTLEJ,Islam,09-Sept-19,14633,12583
INDUS,Kalabagh,09-Sept-19,184430,176030
INDUS,Chashma,09-Sept-19,196289,179989
INDUS,Taunsa,09-Sept-19,156960,135760
INDUS,Guddu,09-Sept-19,170737,139587
INDUS,Sukkar,09-Sept-19,135005,77390
INDUS,Kotri,09-Sept-19,72633,44388
JHELUM,Kotli,09-Sept-19,-,3240
JHELUM,Mangla,09-Sept-19,19000,9915
JHELUM,Rasul,09-Sept-19,2815,Nil
CHENAB,Jammu Tavi,09-Sept-19,-,-
CHENAB,Marala,09-Sept-19,55868,22218
CHENAB,Khanki,09-Sept-19,29450,21636
CHENAB,Qadirabad,09-Sept-19,20749,2749
CHENAB,Trimmu,09-Sept-19,22532,9432
CHENAB,Punjnad,09-Sept-19,43466,27686
RAVI,Jassar,09-Sept-19,-,4829
RAVI,Balloki,09-Sept-19,47480,15080
RAVI,Sidhnai,09-Sept-19,18305,3305
SUTLEJ,Sulemanki,09-Sept-19,29455,16746
SUTLEJ,Islam,09-Sept-19,14633,12583
INDUS,Kalabagh,10-Sept-19,190974,182574
INDUS,Chashma,10-Sept-19,196642,180342
INDUS,Taunsa,10-Sept-19,161652,140452
INDUS,Guddu,10-Sept-19,166030,134880
INDUS,Sukkar,10-Sept-19,132065,74150
INDUS,Kotri,10-Sept-19,72943,44388
JHELUM,Kotli,10-Sept-19,-,3350
JHELUM,Mangla,10-Sept-19,16000,9915
JHELUM,Rasul,10-Sept-19,2815,Nil
CHENAB,Jammu Tavi,10-Sept-19,-,-
CHENAB,Marala,10-Sept-19,61221,27571
CHENAB,Khanki,10-Sept-19,24317,16503
CHENAB,Qadirabad,10-Sept-19,20749,2749
CHENAB,Trimmu,10-Sept-19,24757,11657
CHENAB,Punjnad,10-Sept-19,40595,24615
RAVI,Jassar,10-Sept-19,-,5168
RAVI,Balloki,10-Sept-19,47480,15080
RAVI,Sidhnai,10-Sept-19,17644,2644
SUTLEJ,Sulemanki,10-Sept-19,30605,17896
SUTLEJ,Islam,10-Sept-19,14633,12583
INDUS,Kalabagh,10-Sept-19,176930,168530
INDUS,Chashma,10-Sept-19,171825,155525
INDUS,Taunsa,10-Sept-19,176778,155578
INDUS,Guddu,10-Sept-19,155090,124600
INDUS,Sukkar,10-Sept-19,125020,67105
INDUS,Kotri,10-Sept-19,74893,44388
JHELUM,Kotli,10-Sept-19,-,3120
JHELUM,Mangla,10-Sept-19,16000,8515
JHELUM,Rasul,10-Sept-19,2815,Nil
CHENAB,Jammu Tavi,10-Sept-19,-,-
CHENAB,Marala,10-Sept-19,55918,22218
CHENAB,Khanki,10-Sept-19,15278,7464
CHENAB,Qadirabad,10-Sept-19,11650,Nil
CHENAB,Trimmu,10-Sept-19,24757,11657
CHENAB,Punjnad,10-Sept-19,36474,20494
RAVI,Jassar,10-Sept-19,-,4829
RAVI,Balloki,10-Sept-19,42065,9665
RAVI,Sidhnai,10-Sept-19,20288,5288
SUTLEJ,Sulemanki,10-Sept-19,35443,25386
SUTLEJ,Islam,10-Sept-19,14633,12583
INDUS,Kalabagh,10-Sept-19,169753,161353
INDUS,Chashma,10-Sept-19,171271,154971
INDUS,Taunsa,10-Sept-19,176778,155578
INDUS,Guddu,10-Sept-19,155090,124600
INDUS,Sukkar,10-Sept-19,125020,67105
INDUS,Kotri,10-Sept-19,74893,44388
JHELUM,Kotli,10-Sept-19,-,3010
JHELUM,Mangla,10-Sept-19,16000,8515
JHELUM,Rasul,10-Sept-19,2815,Nil
CHENAB,Jammu Tavi,10-Sept-19,-,-
CHENAB,Marala,10-Sept-19,48986,15286
CHENAB,Khanki,10-Sept-19,23192,1578
CHENAB,Qadirabad,10-Sept-19,10950,Nil
CHENAB,Trimmu,10-Sept-19,21353,8253
CHENAB,Punjnad,10-Sept-19,36474,20494
RAVI,Jassar,10-Sept-19,-,4660
RAVI,Balloki,10-Sept-19,41185,8785
RAVI,Sidhnai,10-Sept-19,20288,5288
SUTLEJ,Sulemanki,10-Sept-19,35443,25386
SUTLEJ,Islam,10-Sept-19,14633,12583
INDUS,Kalabagh,10-Sept-19,151763,143363
INDUS,Chashma,10-Sept-19,171130,154830
INDUS,Taunsa,10-Sept-19,176778,155578
INDUS,Guddu,10-Sept-19,155090,124600
INDUS,Sukkar,10-Sept-19,125020,67105
INDUS,Kotri,10-Sept-19,74893,44388
JHELUM,Kotli,10-Sept-19,-,3010
JHELUM,Mangla,10-Sept-19,15000,13815
JHELUM,Rasul,10-Sept-19,2815,Nil
CHENAB,Jammu Tavi,10-Sept-19,-,-
CHENAB,Marala,10-Sept-19,55918,22218
CHENAB,Khanki,10-Sept-19,23192,15378
CHENAB,Qadirabad,10-Sept-19,12364,Nil
CHENAB,Trimmu,10-Sept-19,21353,8253
CHENAB,Punjnad,10-Sept-19,36474,20494
RAVI,Jassar,10-Sept-19,-,4154
RAVI,Balloki,10-Sept-19,37230,4830
RAVI,Sidhnai,10-Sept-19,20288,5288
SUTLEJ,Sulemanki,10-Sept-19,35443,25386
SUTLEJ,Islam,10-Sept-19,14633,12583
INDUS,Kalabagh,11-Sept-19,152477,144077
INDUS,Chashma,11-Sept-19,168481,154729
INDUS,Taunsa,11-Sept-19,176778,155578
INDUS,Guddu,11-Sept-19,155540,124600
INDUS,Sukkar,11-Sept-19,120020,63155
INDUS,Kotri,11-Sept-19,74893,44388
JHELUM,Kotli,11-Sept-19,-,2900
JHELUM,Mangla,11-Sept-19,15000,9915
JHELUM,Rasul,11-Sept-19,2815,Nil
CHENAB,Jammu Tavi,11-Sept-19,-,-
CHENAB,Marala,11-Sept-19,50565,16865
CHENAB,Khanki,11-Sept-19,23192,15378
CHENAB,Qadirabad,11-Sept-19,13939,Nil
CHENAB,Trimmu,11-Sept-19,17585,4485
CHENAB,Punjnad,11-Sept-19,33803,17823
RAVI,Jassar,11-Sept-19,-,4660
RAVI,Balloki,11-Sept-19,36330,3930
RAVI,Sidhnai,11-Sept-19,20228,5288
SUTLEJ,Sulemanki,11-Sept-19,35443,25386
SUTLEJ,Islam,11-Sept-19,14633,12583
INDUS,Kalabagh,11-Sept-19,162967,154567
INDUS,Chashma,11-Sept-19,170670,154370
INDUS,Taunsa,11-Sept-19,176778,155578
INDUS,Guddu,11-Sept-19,158626,124600
INDUS,Sukkar,11-Sept-19,120020,63155
INDUS,Kotri,11-Sept-19,73752,41277
JHELUM,Kotli,11-Sept-19,-,3010
JHELUM,Mangla,11-Sept-19,15000,8515
JHELUM,Rasul,11-Sept-19,2765,Nil
CHENAB,Jammu Tavi,11-Sept-19,-,-
CHENAB,Marala,11-Sept-19,50565,16865
CHENAB,Khanki,11-Sept-19,20864,13050
CHENAB,Qadirabad,11-Sept-19,14389,Nil
CHENAB,Trimmu,11-Sept-19,15813,2713
CHENAB,Punjnad,11-Sept-19,28579,12599
RAVI,Jassar,11-Sept-19,-,7101
RAVI,Balloki,11-Sept-19,36330,3930
RAVI,Sidhnai,11-Sept-19,20288,5288
SUTLEJ,Sulemanki,11-Sept-19,35443,25386
SUTLEJ,Islam,11-Sept-19,14633,12583
INDUS,Kalabagh,11-Sept-19,155195,146795
INDUS,Chashma,11-Sept-19,169302,155071
INDUS,Taunsa,11-Sept-19,169732,146532
INDUS,Guddu,11-Sept-19,158626,124600
INDUS,Sukkar,11-Sept-19,116855,59990
INDUS,Kotri,11-Sept-19,73230,37895
JHELUM,Kotli,11-Sept-19,-,2900
JHELUM,Mangla,11-Sept-19,16000,30615
JHELUM,Rasul,11-Sept-19,2815,Nil
CHENAB,Jammu Tavi,11-Sept-19,-,-
CHENAB,Marala,11-Sept-19,48986,15286
CHENAB,Khanki,11-Sept-19,25335,17521
CHENAB,Qadirabad,11-Sept-19,13000,Nil
CHENAB,Trimmu,11-Sept-19,19655,6555
CHENAB,Punjnad,11-Sept-19,28579,12599
RAVI,Jassar,11-Sept-19,-,7600
RAVI,Balloki,11-Sept-19,35450,3050
RAVI,Sidhnai,11-Sept-19,20288,5288
SUTLEJ,Sulemanki,11-Sept-19,35641,25386
SUTLEJ,Islam,11-Sept-19,14633,12583
INDUS,Kalabagh,11-Sept-19,155195,146795
INDUS,Chashma,11-Sept-19,171299,154999
INDUS,Taunsa,11-Sept-19,171732,146532
INDUS,Guddu,11-Sept-19,158626,124600
INDUS,Sukkar,11-Sept-19,116855,59990
INDUS,Kotri,11-Sept-19,73230,37895
JHELUM,Kotli,11-Sept-19,-,2900
JHELUM,Mangla,11-Sept-19,16000,30615
JHELUM,Rasul,11-Sept-19,8106,5341
CHENAB,Jammu Tavi,11-Sept-19,-,-
CHENAB,Marala,11-Sept-19,49016,15286
CHENAB,Khanki,11-Sept-19,23192,15378
CHENAB,Qadirabad,11-Sept-19,13000,Nil
CHENAB,Trimmu,11-Sept-19,15813,2713
CHENAB,Punjnad,11-Sept-19,28579,12599
RAVI,Jassar,11-Sept-19,-,8347
RAVI,Balloki,11-Sept-19,33620,1220
RAVI,Sidhnai,11-Sept-19,20288,5288
SUTLEJ,Sulemanki,11-Sept-19,35695,25386
SUTLEJ,Islam,11-Sept-19,14633,12583
INDUS,Kalabagh,12-Sept-19,153333,144933
INDUS,Chashma,12-Sept-19,171495,155195
INDUS,Taunsa,12-Sept-19,172843,144643
INDUS,Guddu,12-Sept-19,159594,124600
INDUS,Sukkar,12-Sept-19,114115,57250
INDUS,Kotri,12-Sept-19,69362,34027
JHELUM,Kotli,12-Sept-19,-,2790
JHELUM,Mangla,12-Sept-19,17000,30615
JHELUM,Rasul,12-Sept-19,14660,11895
CHENAB,Jammu Tavi,12-Sept-19,-,-
CHENAB,Marala,12-Sept-19,52790,19060
CHENAB,Khanki,12-Sept-19,20864,13050
CHENAB,Qadirabad,12-Sept-19,14284,Nil
CHENAB,Trimmu,12-Sept-19,15813,2713
CHENAB,Punjnad,12-Sept-19,28579,12599
RAVI,Jassar,12-Sept-19,-,8846
RAVI,Balloki,12-Sept-19,33620,1220
RAVI,Sidhnai,12-Sept-19,18305,3305
SUTLEJ,Sulemanki,12-Sept-19,35695,25386
SUTLEJ,Islam,12-Sept-19,14633,12583
INDUS,Kalabagh,12-Sept-19,166393,157993
INDUS,Chashma,12-Sept-19,171172,154872
INDUS,Taunsa,12-Sept-19,172843,144643
INDUS,Guddu,12-Sept-19,159594,124600
INDUS,Sukkar,12-Sept-19,114115,57250
INDUS,Kotri,12-Sept-19,68876,31761
JHELUM,Kotli,12-Sept-19,-,2900
JHELUM,Mangla,12-Sept-19,16000,22715
JHELUM,Rasul,12-Sept-19,18565,15800
CHENAB,Jammu Tavi,12-Sept-19,-,-
CHENAB,Marala,12-Sept-19,49016,15286
CHENAB,Khanki,12-Sept-19,20864,13050
CHENAB,Qadirabad,12-Sept-19,11825,Nil
CHENAB,Trimmu,12-Sept-19,15745,2051
CHENAB,Punjnad,12-Sept-19,28579,12599
RAVI,Jassar,12-Sept-19,-,6602
RAVI,Balloki,12-Sept-19,34840,2440
RAVI,Sidhnai,12-Sept-19,16983,1983
SUTLEJ,Sulemanki,12-Sept-19,33294,22318
SUTLEJ,Islam,12-Sept-19,15033,12583
INDUS,Kalabagh,12-Sept-19,169681,161281
INDUS,Chashma,12-Sept-19,169606,154970
INDUS,Taunsa,12-Sept-19,172843,144643
INDUS,Guddu,12-Sept-19,159594,124600
INDUS,Sukkar,12-Sept-19,114115,57250
INDUS,Kotri,12-Sept-19,67502,30227
JHELUM,Kotli,12-Sept-19,-,3010
JHELUM,Mangla,12-Sept-19,16000,24715
JHELUM,Rasul,12-Sept-19,18565,15800
CHENAB,Jammu Tavi,12-Sept-19,-,-
CHENAB,Marala,12-Sept-19,45242,11512
CHENAB,Khanki,12-Sept-19,20864,13050
CHENAB,Qadirabad,12-Sept-19,11125,Nil
CHENAB,Trimmu,12-Sept-19,16151,2051
CHENAB,Punjnad,12-Sept-19,28579,12599
RAVI,Jassar,12-Sept-19,-,6184
RAVI,Balloki,12-Sept-19,35135,5735
RAVI,Sidhnai,12-Sept-19,16983,1983
SUTLEJ,Sulemanki,12-Sept-19,25266,13695
SUTLEJ,Islam,12-Sept-19,15033,12583
INDUS,Kalabagh,12-Sept-19,176930,168530
INDUS,Chashma,12-Sept-19,171219,154919
INDUS,Taunsa,12-Sept-19,166771,139148
INDUS,Guddu,12-Sept-19,159594,124600
INDUS,Sukkar,12-Sept-19,114115,57250
INDUS,Kotri,12-Sept-19,67502,30227
JHELUM,Kotli,12-Sept-19,-,3010
JHELUM,Mangla,12-Sept-19,15000,26715
JHELUM,Rasul,12-Sept-19,18565,15800
CHENAB,Jammu Tavi,12-Sept-19,-,-
CHENAB,Marala,12-Sept-19,45242,11512
CHENAB,Khanki,12-Sept-19,23168,15378
CHENAB,Qadirabad,12-Sept-19,11125,Nil
CHENAB,Trimmu,12-Sept-19,16151,2051
CHENAB,Punjnad,12-Sept-19,28629,12599
RAVI,Jassar,12-Sept-19,-,4407
RAVI,Balloki,12-Sept-19,32135,5735
RAVI,Sidhnai,12-Sept-19,16472,1322
SUTLEJ,Sulemanki,12-Sept-19,25266,13695
SUTLEJ,Islam,12-Sept-19,15033,12583
INDUS,Kalabagh,13-Sept-19,176261,167861
INDUS,Chashma,13-Sept-19,170155,155519
INDUS,Taunsa,13-Sept-19,162606,135455
INDUS,Guddu,13-Sept-19,164287,128774
INDUS,Sukkar,13-Sept-19,114150,57250
INDUS,Kotri,13-Sept-19,67502,30167
JHELUM,Kotli,13-Sept-19,-,2900
JHELUM,Mangla,13-Sept-19,15000,17415
JHELUM,Rasul,13-Sept-19,18565,15800
CHENAB,Jammu Tavi,13-Sept-19,-,-
CHENAB,Marala,13-Sept-19,49016,15286
CHENAB,Khanki,13-Sept-19,20840,13050
CHENAB,Qadirabad,13-Sept-19,12239,Nil
CHENAB,Trimmu,13-Sept-19,16151,2051
CHENAB,Punjnad,13-Sept-19,25657,9627
RAVI,Jassar,13-Sept-19,-,4829
RAVI,Balloki,13-Sept-19,33035,6635
RAVI,Sidhnai,13-Sept-19,16145,995
SUTLEJ,Sulemanki,13-Sept-19,25266,13695
SUTLEJ,Islam,13-Sept-19,15033,12583
INDUS,Kalabagh,13-Sept-19,183761,175361
INDUS,Chashma,13-Sept-19,171306,155006
INDUS,Taunsa,13-Sept-19,162606,135455
INDUS,Guddu,13-Sept-19,164287,128774
INDUS,Sukkar,13-Sept-19,114150,57250
INDUS,Kotri,13-Sept-19,66932,30167
JHELUM,Kotli,13-Sept-19,-,2900
JHELUM,Mangla,13-Sept-19,16000,23615
JHELUM,Rasul,13-Sept-19,18615,15800
CHENAB,Jammu Tavi,13-Sept-19,-,-
CHENAB,Marala,13-Sept-19,45242,11512
CHENAB,Khanki,13-Sept-19,13388,5598
CHENAB,Qadirabad,13-Sept-19,13095,Nil
CHENAB,Trimmu,13-Sept-19,16151,2051
CHENAB,Punjnad,13-Sept-19,25657,9627
RAVI,Jassar,13-Sept-19,-,3141
RAVI,Balloki,13-Sept-19,33035,6635
RAVI,Sidhnai,13-Sept-19,16145,995
SUTLEJ,Sulemanki,13-Sept-19,25266,13695
SUTLEJ,Islam,13-Sept-19,17318,14868
INDUS,Kalabagh,13-Sept-19,161057,152657
INDUS,Chashma,13-Sept-19,172989,155025
INDUS,Taunsa,13-Sept-19,158916,132791
INDUS,Guddu,13-Sept-19,164287,128774
INDUS,Sukkar,13-Sept-19,114150,57250
INDUS,Kotri,13-Sept-19,66932,30167
JHELUM,Kotli,13-Sept-19,-,2790
JHELUM,Mangla,13-Sept-19,16000,27515
JHELUM,Rasul,13-Sept-19,14710,11895
CHENAB,Jammu Tavi,13-Sept-19,-,-
CHENAB,Marala,13-Sept-19,41468,7738
CHENAB,Khanki,13-Sept-19,20840,13050
CHENAB,Qadirabad,13-Sept-19,11650,Nil
CHENAB,Trimmu,13-Sept-19,14100,Nil
CHENAB,Punjnad,13-Sept-19,26057,9627
RAVI,Jassar,13-Sept-19,-,3395
RAVI,Balloki,13-Sept-19,33045,6645
RAVI,Sidhnai,13-Sept-19,16145,995
SUTLEJ,Sulemanki,13-Sept-19,23849,11869
SUTLEJ,Islam,13-Sept-19,17318,14868
INDUS,Kalabagh,13-Sept-19,175903,167503
INDUS,Chashma,13-Sept-19,171388,155088
INDUS,Taunsa,13-Sept-19,158916,132791
INDUS,Guddu,13-Sept-19,164287,128774
INDUS,Sukkar,13-Sept-19,114150,57250
INDUS,Kotri,13-Sept-19,66932,30167
JHELUM,Kotli,13-Sept-19,-,2790
JHELUM,Mangla,13-Sept-19,16000,27515
JHELUM,Rasul,13-Sept-19,10805,7990
CHENAB,Jammu Tavi,13-Sept-19,-,-
CHENAB,Marala,13-Sept-19,45242,11512
CHENAB,Khanki,13-Sept-19,23168,15378
CHENAB,Qadirabad,13-Sept-19,10600,Nil
CHENAB,Trimmu,13-Sept-19,14100,Nil
CHENAB,Punjnad,13-Sept-19,26057,9627
RAVI,Jassar,13-Sept-19,-,2888
RAVI,Balloki,13-Sept-19,32135,5735
RAVI,Sidhnai,13-Sept-19,16145,995
SUTLEJ,Sulemanki,13-Sept-19,23849,11869
SUTLEJ,Islam,13-Sept-19,17318,14868
INDUS,Kalabagh,14-Sept-19,175903,167503
INDUS,Chashma,14-Sept-19,171118,154818
INDUS,Taunsa,14-Sept-19,154983,129464
INDUS,Guddu,14-Sept-19,160948,125721
INDUS,Sukkar,14-Sept-19,114150,57250
INDUS,Kotri,14-Sept-19,66932,30167
JHELUM,Kotli,14-Sept-19,-,2900
JHELUM,Mangla,14-Sept-19,14000,24515
JHELUM,Rasul,14-Sept-19,22520,19705
CHENAB,Jammu Tavi,14-Sept-19,-,-
CHENAB,Marala,14-Sept-19,47224,13494
CHENAB,Khanki,14-Sept-19,13388,5598
CHENAB,Qadirabad,14-Sept-19,10600,Nil
CHENAB,Trimmu,14-Sept-19,14100,Nil
CHENAB,Punjnad,14-Sept-19,27556,11126
RAVI,Jassar,14-Sept-19,-,3395
RAVI,Balloki,14-Sept-19,32135,5735
RAVI,Sidhnai,14-Sept-19,14400,Nil
SUTLEJ,Sulemanki,14-Sept-19,21329,9048
SUTLEJ,Islam,14-Sept-19,17318,14868
INDUS,Kalabagh,14-Sept-19,183403,175003
INDUS,Chashma,14-Sept-19,169520,154480
INDUS,Taunsa,14-Sept-19,154983,129464
INDUS,Guddu,14-Sept-19,155445,120526
INDUS,Sukkar,14-Sept-19,114150,57250
INDUS,Kotri,14-Sept-19,66932,30167
JHELUM,Kotli,14-Sept-19,-,2900
JHELUM,Mangla,14-Sept-19,14000,21815
JHELUM,Rasul,14-Sept-19,22520,19705
CHENAB,Jammu Tavi,14-Sept-19,-,-
CHENAB,Marala,14-Sept-19,45242,11512
CHENAB,Khanki,14-Sept-19,13388,5598
CHENAB,Qadirabad,14-Sept-19,9900,Nil
CHENAB,Trimmu,14-Sept-19,14100,Nil
CHENAB,Punjnad,14-Sept-19,27556,11126
RAVI,Jassar,14-Sept-19,-,2382
RAVI,Balloki,14-Sept-19,32135,5735
RAVI,Sidhnai,14-Sept-19,13900,Nil
SUTLEJ,Sulemanki,14-Sept-19,21329,9048
SUTLEJ,Islam,14-Sept-19,19826,17276
INDUS,Kalabagh,14-Sept-19,169681,161281
INDUS,Chashma,14-Sept-19,175757,161977
INDUS,Taunsa,14-Sept-19,154983,129464
INDUS,Guddu,14-Sept-19,155445,120526
INDUS,Sukkar,14-Sept-19,114150,57250
INDUS,Kotri,14-Sept-19,65850,28665
JHELUM,Kotli,14-Sept-19,-,2790
JHELUM,Mangla,14-Sept-19,16000,39174
JHELUM,Rasul,14-Sept-19,19710,11895
CHENAB,Jammu Tavi,14-Sept-19,-,-
CHENAB,Marala,14-Sept-19,37714,3964
CHENAB,Khanki,14-Sept-19,14343,6553
CHENAB,Qadirabad,14-Sept-19,9025,Nil
CHENAB,Trimmu,14-Sept-19,14100,Nil
CHENAB,Punjnad,14-Sept-19,27556,11126
RAVI,Jassar,14-Sept-19,-,2635
RAVI,Balloki,14-Sept-19,30330,3930
RAVI,Sidhnai,14-Sept-19,14200,Nil
SUTLEJ,Sulemanki,14-Sept-19,21376,9048
SUTLEJ,Islam,14-Sept-19,19826,17276
INDUS,Kalabagh,14-Sept-19,169681,161281
INDUS,Chashma,14-Sept-19,173710,161190
INDUS,Taunsa,14-Sept-19,154983,129464
INDUS,Guddu,14-Sept-19,155445,120526
INDUS,Sukkar,14-Sept-19,114150,57250
INDUS,Kotri,14-Sept-19,65850,28665
JHELUM,Kotli,14-Sept-19,-,2790
JHELUM,Mangla,14-Sept-19,15000,39374
JHELUM,Rasul,14-Sept-19,15805,7990
CHENAB,Jammu Tavi,14-Sept-19,-,-
CHENAB,Marala,14-Sept-19,41488,7738
CHENAB,Khanki,14-Sept-19,20840,13050
CHENAB,Qadirabad,14-Sept-19,9400,Nil
CHENAB,Trimmu,14-Sept-19,14100,Nil
CHENAB,Punjnad,14-Sept-19,27556,11126
RAVI,Jassar,14-Sept-19,-,2129
RAVI,Balloki,14-Sept-19,30330,3930
RAVI,Sidhnai,14-Sept-19,14800,Nil
SUTLEJ,Sulemanki,14-Sept-19,21376,9048
SUTLEJ,Islam,14-Sept-19,19826,17276
INDUS,Kalabagh,15-Sept-19,168726,160326
INDUS,Chashma,15-Sept-19,172326,161066
INDUS,Taunsa,15-Sept-19,154983,129464
INDUS,Guddu,15-Sept-19,144155,109236
INDUS,Sukkar,15-Sept-19,113662,56797
INDUS,Kotri,15-Sept-19,64539,27074
JHELUM,Kotli,15-Sept-19,-,2790
JHELUM,Mangla,15-Sept-19,14000,30815
JHELUM,Rasul,15-Sept-19,23615,3964
CHENAB,Jammu Tavi,15-Sept-19,-,-
CHENAB,Marala,15-Sept-19,37714,3964
CHENAB,Khanki,15-Sept-19,13388,5598
CHENAB,Qadirabad,15-Sept-19,11200,Nil
CHENAB,Trimmu,15-Sept-19,14100,Nil
CHENAB,Punjnad,15-Sept-19,27556,11126
RAVI,Jassar,15-Sept-19,-,2635
RAVI,Balloki,15-Sept-19,27620,1220
RAVI,Sidhnai,15-Sept-19,14200,Nil
SUTLEJ,Sulemanki,15-Sept-19,19960,7188
SUTLEJ,Islam,15-Sept-19,19826,17276
INDUS,Kalabagh,15-Sept-19,175903,167503
INDUS,Chashma,15-Sept-19,170456,160371
INDUS,Taunsa,15-Sept-19,154983,129464
INDUS,Guddu,15-Sept-19,143143,109236
INDUS,Sukkar,15-Sept-19,113662,56797
INDUS,Kotri,15-Sept-19,64539,27074
JHELUM,Kotli,15-Sept-19,-,2900
JHELUM,Mangla,15-Sept-19,14000,30815
JHELUM,Rasul,15-Sept-19,27520,19705
CHENAB,Jammu Tavi,15-Sept-19,-,-
CHENAB,Marala,15-Sept-19,49036,15286
CHENAB,Khanki,15-Sept-19,11522,3732
CHENAB,Qadirabad,15-Sept-19,12642,Nil
CHENAB,Trimmu,15-Sept-19,13850,Nil
CHENAB,Punjnad,15-Sept-19,27556,11126
RAVI,Jassar,15-Sept-19,-,2129
RAVI,Balloki,15-Sept-19,27620,1220
RAVI,Sidhnai,15-Sept-19,14200,Nil
SUTLEJ,Sulemanki,15-Sept-19,19960,7188
SUTLEJ,Islam,15-Sept-19,19826,17276
INDUS,Kalabagh,15-Sept-19,160985,152585
INDUS,Chashma,15-Sept-19,168728,159933
INDUS,Taunsa,15-Sept-19,154983,129464
INDUS,Guddu,15-Sept-19,143143,109236
INDUS,Sukkar,15-Sept-19,112925,56060
INDUS,Kotri,15-Sept-19,64539,27074
JHELUM,Kotli,15-Sept-19,-,2900
JHELUM,Mangla,15-Sept-19,13000,47859
JHELUM,Rasul,15-Sept-19,26615,15800
CHENAB,Jammu Tavi,15-Sept-19,-,-
CHENAB,Marala,15-Sept-19,46018,17268
CHENAB,Khanki,15-Sept-19,20840,13050
CHENAB,Qadirabad,15-Sept-19,13712,Nil
CHENAB,Trimmu,15-Sept-19,13235,Nil
CHENAB,Punjnad,15-Sept-19,27556,11126
RAVI,Jassar,15-Sept-19,-,2035
RAVI,Balloki,15-Sept-19,26400,Nil
RAVI,Sidhnai,15-Sept-19,13900,Nil
SUTLEJ,Sulemanki,15-Sept-19,20157,7188
SUTLEJ,Islam,15-Sept-19,19826,17276
INDUS,Kalabagh,15-Sept-19,156892,148492
INDUS,Chashma,15-Sept-19,167615,160110
INDUS,Taunsa,15-Sept-19,154983,129464
INDUS,Guddu,15-Sept-19,143143,109236
INDUS,Sukkar,15-Sept-19,112925,56060
INDUS,Kotri,15-Sept-19,64539,27074
JHELUM,Kotli,15-Sept-19,-,2790
JHELUM,Mangla,15-Sept-19,13000,47859
JHELUM,Rasul,15-Sept-19,24710,11895
CHENAB,Jammu Tavi,15-Sept-19,-,-
CHENAB,Marala,15-Sept-19,46018,17268
CHENAB,Khanki,15-Sept-19,20840,13050
CHENAB,Qadirabad,15-Sept-19,16154,Nil
CHENAB,Trimmu,15-Sept-19,13489,Nil
CHENAB,Punjnad,15-Sept-19,27556,11126
RAVI,Jassar,15-Sept-19,-,1941
RAVI,Balloki,15-Sept-19,26400,Nil
RAVI,Sidhnai,15-Sept-19,13900,Nil
SUTLEJ,Sulemanki,15-Sept-19,20263,7188
SUTLEJ,Islam,15-Sept-19,19826,17276
INDUS,Kalabagh,16-Sept-19,169164,160764
INDUS,Chashma,16-Sept-19,166284,159984
INDUS,Taunsa,16-Sept-19,154983,129464
INDUS,Guddu,16-Sept-19,132795,98430
INDUS,Sukkar,16-Sept-19,100900,44795
INDUS,Kotri,16-Sept-19,61785,24320
JHELUM,Kotli,16-Sept-19,-,2790
JHELUM,Mangla,16-Sept-19,16000,30815
JHELUM,Rasul,16-Sept-19,24710,11895
CHENAB,Jammu Tavi,16-Sept-19,-,-
CHENAB,Marala,16-Sept-19,46018,17268
CHENAB,Khanki,16-Sept-19,15217,7464
CHENAB,Qadirabad,16-Sept-19,23399,5399
CHENAB,Trimmu,16-Sept-19,14484,Nil
CHENAB,Punjnad,16-Sept-19,26057,9627
RAVI,Jassar,16-Sept-19,-,2035
RAVI,Balloki,16-Sept-19,27620,1220
RAVI,Sidhnai,16-Sept-19,14800,Nil
SUTLEJ,Sulemanki,16-Sept-19,20151,7188
SUTLEJ,Islam,16-Sept-19,19826,17276
INDUS,Kalabagh,16-Sept-19,176341,167941
INDUS,Chashma,16-Sept-19,166238,159938
INDUS,Taunsa,16-Sept-19,154983,129464
INDUS,Guddu,16-Sept-19,129389,96064
INDUS,Sukkar,16-Sept-19,100900,44795
INDUS,Kotri,16-Sept-19,61785,24320
JHELUM,Kotli,16-Sept-19,-,2900
JHELUM,Mangla,16-Sept-19,25000,30815
JHELUM,Rasul,16-Sept-19,32520,19705
CHENAB,Jammu Tavi,16-Sept-19,-,-
CHENAB,Marala,16-Sept-19,40162,11512
CHENAB,Khanki,16-Sept-19,16901,9148
CHENAB,Qadirabad,16-Sept-19,19436,1436
CHENAB,Trimmu,16-Sept-19,15600,Nil
CHENAB,Punjnad,16-Sept-19,26057,9627
RAVI,Jassar,16-Sept-19,-,2035
RAVI,Balloki,16-Sept-19,28840,2440
RAVI,Sidhnai,16-Sept-19,15250,Nil
SUTLEJ,Sulemanki,16-Sept-19,20151,7188
SUTLEJ,Islam,16-Sept-19,20026,17276
INDUS,Kalabagh,16-Sept-19,161423,153023
INDUS,Chashma,16-Sept-19,166273,159973
INDUS,Taunsa,16-Sept-19,156198,130492
INDUS,Guddu,16-Sept-19,129389,96064
INDUS,Sukkar,16-Sept-19,98930,43330
INDUS,Kotri,16-Sept-19,61505,24320
JHELUM,Kotli,16-Sept-19,-,2790
JHELUM,Mangla,16-Sept-19,16000,39337
JHELUM,Rasul,16-Sept-19,36425,23610
CHENAB,Jammu Tavi,16-Sept-19,-,-
CHENAB,Marala,16-Sept-19,43986,15286
CHENAB,Khanki,16-Sept-19,23131,15378
CHENAB,Qadirabad,16-Sept-19,19436,1436
CHENAB,Trimmu,16-Sept-19,22096,6496
CHENAB,Punjnad,16-Sept-19,26057,9627
RAVI,Jassar,16-Sept-19,-,2129
RAVI,Balloki,16-Sept-19,29425,3025
RAVI,Sidhnai,16-Sept-19,16372,1322
SUTLEJ,Sulemanki,16-Sept-19,20721,7758
SUTLEJ,Islam,16-Sept-19,20026,17276
INDUS,Kalabagh,16-Sept-19,156673,148273
INDUS,Chashma,16-Sept-19,166127,159827
INDUS,Taunsa,16-Sept-19,156198,130492
INDUS,Guddu,16-Sept-19,129389,96064
INDUS,Sukkar,16-Sept-19,98930,43330
INDUS,Kotri,16-Sept-19,61505,24320
JHELUM,Kotli,16-Sept-19,-,2790
JHELUM,Mangla,16-Sept-19,15000,39337
JHELUM,Rasul,16-Sept-19,28615,15800
CHENAB,Jammu Tavi,16-Sept-19,-,-
CHENAB,Marala,16-Sept-19,43986,15286
CHENAB,Khanki,16-Sept-19,25274,17521
CHENAB,Qadirabad,16-Sept-19,23399,5399
CHENAB,Trimmu,16-Sept-19,19515,3915
CHENAB,Punjnad,16-Sept-19,26057,9627
RAVI,Jassar,16-Sept-19,-,1940
RAVI,Balloki,16-Sept-19,30060,3660
RAVI,Sidhnai,16-Sept-19,16372,1322
SUTLEJ,Sulemanki,16-Sept-19,20721,7758
SUTLEJ,Islam,16-Sept-19,20026,17276
INDUS,Kalabagh,17-Sept-19,158085,149685
INDUS,Chashma,17-Sept-19,166168,159868
INDUS,Taunsa,17-Sept-19,156198,130492
INDUS,Guddu,17-Sept-19,129032,96807
INDUS,Sukkar,17-Sept-19,92235,37650
INDUS,Kotri,17-Sept-19,57760,20575
JHELUM,Kotli,17-Sept-19,-,2680
JHELUM,Mangla,17-Sept-19,14000,39337
JHELUM,Rasul,17-Sept-19,28615,15800
CHENAB,Jammu Tavi,17-Sept-19,-,-
CHENAB,Marala,17-Sept-19,43986,15286
CHENAB,Khanki,17-Sept-19,16901,9148
CHENAB,Qadirabad,17-Sept-19,26048,8048
CHENAB,Trimmu,17-Sept-19,22096,6496
CHENAB,Punjnad,17-Sept-19,22559,6129
RAVI,Jassar,17-Sept-19,-,2129
RAVI,Balloki,17-Sept-19,30330,3930
RAVI,Sidhnai,17-Sept-19,16372,1322
SUTLEJ,Sulemanki,17-Sept-19,20721,7758
SUTLEJ,Islam,17-Sept-19,20026,17276
INDUS,Kalabagh,17-Sept-19,173003,164603
INDUS,Chashma,17-Sept-19,166228,159928
INDUS,Taunsa,17-Sept-19,158869,131807
INDUS,Guddu,17-Sept-19,129032,96807
INDUS,Sukkar,17-Sept-19,92235,37650
INDUS,Kotri,17-Sept-19,57760,20575
JHELUM,Kotli,17-Sept-19,-,2680
JHELUM,Mangla,17-Sept-19,16000,39301
JHELUM,Rasul,17-Sept-19,28615,15800
CHENAB,Jammu Tavi,17-Sept-19,-,-
CHENAB,Marala,17-Sept-19,42194,13494
CHENAB,Khanki,17-Sept-19,15217,7464
CHENAB,Qadirabad,17-Sept-19,20749,2749
CHENAB,Trimmu,17-Sept-19,22096,6496
CHENAB,Punjnad,17-Sept-19,22329,6129
RAVI,Jassar,17-Sept-19,-,2888
RAVI,Balloki,17-Sept-19,30330,3930
RAVI,Sidhnai,17-Sept-19,16372,1322
SUTLEJ,Sulemanki,17-Sept-19,22935,9972
SUTLEJ,Islam,17-Sept-19,20026,17276
INDUS,Kalabagh,17-Sept-19,165826,157426
INDUS,Chashma,17-Sept-19,164746,160110
INDUS,Taunsa,17-Sept-19,158869,131807
INDUS,Guddu,17-Sept-19,129032,96807
INDUS,Sukkar,17-Sept-19,92235,37650
INDUS,Kotri,17-Sept-19,57760,20575
JHELUM,Kotli,17-Sept-19,-,2680
JHELUM,Mangla,17-Sept-19,14000,28915
JHELUM,Rasul,17-Sept-19,32520,19705
CHENAB,Jammu Tavi,17-Sept-19,-,-
CHENAB,Marala,17-Sept-19,40212,11512
CHENAB,Khanki,17-Sept-19,15217,7464
CHENAB,Qadirabad,17-Sept-19,20749,2749
CHENAB,Trimmu,17-Sept-19,18222,2622
CHENAB,Punjnad,17-Sept-19,22329,6129
RAVI,Jassar,17-Sept-19,-,2635
RAVI,Balloki,17-Sept-19,30330,3930
RAVI,Sidhnai,17-Sept-19,15761,661
SUTLEJ,Sulemanki,17-Sept-19,24709,11548
SUTLEJ,Islam,17-Sept-19,10213,7463
INDUS,Kalabagh,17-Sept-19,149168,140768
INDUS,Chashma,17-Sept-19,164646,160010
INDUS,Taunsa,17-Sept-19,158869,131807
INDUS,Guddu,17-Sept-19,129032,96807
INDUS,Sukkar,17-Sept-19,92235,37650
INDUS,Kotri,17-Sept-19,57760,20575
JHELUM,Kotli,17-Sept-19,-,2570
JHELUM,Mangla,17-Sept-19,14000,28915
JHELUM,Rasul,17-Sept-19,32520,19705
CHENAB,Jammu Tavi,17-Sept-19,-,-
CHENAB,Marala,17-Sept-19,40212,11512
CHENAB,Khanki,17-Sept-19,16901,9148
CHENAB,Qadirabad,17-Sept-19,19436,1436
CHENAB,Trimmu,17-Sept-19,18222,2622
CHENAB,Punjnad,17-Sept-19,22329,6129
RAVI,Jassar,17-Sept-19,-,2035
RAVI,Balloki,17-Sept-19,30330,3930
RAVI,Sidhnai,17-Sept-19,16472,1322
SUTLEJ,Sulemanki,17-Sept-19,24709,11548
SUTLEJ,Islam,17-Sept-19,10213,7463
INDUS,Kalabagh,18-Sept-19,158996,150596
INDUS,Chashma,18-Sept-19,166407,160107
INDUS,Taunsa,18-Sept-19,158869,131807
INDUS,Guddu,18-Sept-19,132956,102349
INDUS,Sukkar,18-Sept-19,89095,36060
INDUS,Kotri,18-Sept-19,54519,17614
JHELUM,Kotli,18-Sept-19,-,2570
JHELUM,Mangla,18-Sept-19,14000,28915
JHELUM,Rasul,18-Sept-19,32520,19705
CHENAB,Jammu Tavi,18-Sept-19,-,-
CHENAB,Marala,18-Sept-19,40212,11512
CHENAB,Khanki,18-Sept-19,16901,9148
CHENAB,Qadirabad,18-Sept-19,19436,1436
CHENAB,Trimmu,18-Sept-19,19568,3968
CHENAB,Punjnad,18-Sept-19,22329,6129
RAVI,Jassar,18-Sept-19,-,2382
RAVI,Balloki,18-Sept-19,30330,3930
RAVI,Sidhnai,18-Sept-19,15100,Nil
SUTLEJ,Sulemanki,18-Sept-19,21538,8377
SUTLEJ,Islam,18-Sept-19,10213,7463
INDUS,Kalabagh,18-Sept-19,172084,163684
INDUS,Chashma,18-Sept-19,164712,160076
INDUS,Taunsa,18-Sept-19,158869,131807
INDUS,Guddu,18-Sept-19,134636,109626
INDUS,Sukkar,18-Sept-19,89095,36060
INDUS,Kotri,18-Sept-19,54239,17614
JHELUM,Kotli,18-Sept-19,-,2680
JHELUM,Mangla,18-Sept-19,13000,30815
JHELUM,Rasul,18-Sept-19,24710,11895
CHENAB,Jammu Tavi,18-Sept-19,-,-
CHENAB,Marala,18-Sept-19,36438,7738
CHENAB,Khanki,18-Sept-19,12440,4687
CHENAB,Qadirabad,18-Sept-19,18000,Nil
CHENAB,Trimmu,18-Sept-19,20168,4568
CHENAB,Punjnad,18-Sept-19,22279,6129
RAVI,Jassar,18-Sept-19,-,2129
RAVI,Balloki,18-Sept-19,30330,3930
RAVI,Sidhnai,18-Sept-19,15100,Nil
SUTLEJ,Sulemanki,18-Sept-19,21600,8377
SUTLEJ,Islam,18-Sept-19,10213,7463
INDUS,Kalabagh,18-Sept-19,158121,149721
INDUS,Chashma,18-Sept-19,149273,142973
INDUS,Taunsa,18-Sept-19,158869,131807
INDUS,Guddu,18-Sept-19,134636,109626
INDUS,Sukkar,18-Sept-19,89095,36060
INDUS,Kotri,18-Sept-19,54239,17614
JHELUM,Kotli,18-Sept-19,-,2680
JHELUM,Mangla,18-Sept-19,13000,39265
JHELUM,Rasul,18-Sept-19,24710,11895
CHENAB,Jammu Tavi,18-Sept-19,-,-
CHENAB,Marala,18-Sept-19,34646,5946
CHENAB,Khanki,18-Sept-19,11485,3732
CHENAB,Qadirabad,18-Sept-19,18000,Nil
CHENAB,Trimmu,18-Sept-19,18222,2622
CHENAB,Punjnad,18-Sept-19,22279,6129
RAVI,Jassar,18-Sept-19,-,2035
RAVI,Balloki,18-Sept-19,30330,3930
RAVI,Sidhnai,18-Sept-19,15200,Nil
SUTLEJ,Sulemanki,18-Sept-19,21658,8377
SUTLEJ,Islam,18-Sept-19,10213,7463
INDUS,Kalabagh,18-Sept-19,153954,145554
INDUS,Chashma,18-Sept-19,148209,141909
INDUS,Taunsa,18-Sept-19,158869,131807
INDUS,Guddu,18-Sept-19,134636,109626
INDUS,Sukkar,18-Sept-19,89095,36060
INDUS,Kotri,18-Sept-19,54239,17614
JHELUM,Kotli,18-Sept-19,-,2680
JHELUM,Mangla,18-Sept-19,13000,30815
JHELUM,Rasul,18-Sept-19,24710,11895
CHENAB,Jammu Tavi,18-Sept-19,-,-
CHENAB,Marala,18-Sept-19,36488,7738
CHENAB,Khanki,18-Sept-19,11485,3732
CHENAB,Qadirabad,18-Sept-19,18000,Nil
CHENAB,Trimmu,18-Sept-19,18192,2092
CHENAB,Punjnad,18-Sept-19,22279,6129
RAVI,Jassar,18-Sept-19,-,2129
RAVI,Balloki,18-Sept-19,30330,3930
RAVI,Sidhnai,18-Sept-19,15200,Nil
SUTLEJ,Sulemanki,18-Sept-19,21658,8377
SUTLEJ,Islam,18-Sept-19,10213,7463
INDUS,Kalabagh,19-Sept-19,159990,151590
INDUS,Chashma,19-Sept-19,150042,142078
INDUS,Taunsa,19-Sept-19,158869,131807
INDUS,Guddu,19-Sept-19,133682,108472
INDUS,Sukkar,19-Sept-19,91085,37600
INDUS,Kotri,19-Sept-19,54239,17614
JHELUM,Kotli,19-Sept-19,-,2570
JHELUM,Mangla,19-Sept-19,13000,30815
JHELUM,Rasul,19-Sept-19,24710,11895
CHENAB,Jammu Tavi,19-Sept-19,-,-
CHENAB,Marala,19-Sept-19,36488,7738
CHENAB,Khanki,19-Sept-19,11485,3732
CHENAB,Qadirabad,19-Sept-19,15000,Nil
CHENAB,Trimmu,19-Sept-19,18192,2092
CHENAB,Punjnad,19-Sept-19,22279,6129
RAVI,Jassar,19-Sept-19,-,2382
RAVI,Balloki,19-Sept-19,30330,3930
RAVI,Sidhnai,19-Sept-19,15200,Nil
SUTLEJ,Sulemanki,19-Sept-19,19588,6307
SUTLEJ,Islam,19-Sept-19,10213,7463
INDUS,Kalabagh,19-Sept-19,164907,156507
INDUS,Chashma,19-Sept-19,156267,149967
INDUS,Taunsa,19-Sept-19,158869,131807
INDUS,Guddu,19-Sept-19,133682,108472
INDUS,Sukkar,19-Sept-19,91085,37600
INDUS,Kotri,19-Sept-19,54099,17614
JHELUM,Kotli,19-Sept-19,-,2680
JHELUM,Mangla,19-Sept-19,13000,30815
JHELUM,Rasul,19-Sept-19,24710,11895
CHENAB,Jammu Tavi,19-Sept-19,-,-
CHENAB,Marala,19-Sept-19,36488,7738
CHENAB,Khanki,19-Sept-19,9619,1866
CHENAB,Qadirabad,19-Sept-19,14000,Nil
CHENAB,Trimmu,19-Sept-19,18192,2092
CHENAB,Punjnad,19-Sept-19,21249,5069
RAVI,Jassar,19-Sept-19,-,2129
RAVI,Balloki,19-Sept-19,30330,3930
RAVI,Sidhnai,19-Sept-19,15200,Nil
SUTLEJ,Sulemanki,19-Sept-19,19626,6307
SUTLEJ,Islam,19-Sept-19,6843,4293
INDUS,Kalabagh,19-Sept-19,142498,134098
INDUS,Chashma,19-Sept-19,156380,150080
INDUS,Taunsa,19-Sept-19,158869,131807
INDUS,Guddu,19-Sept-19,133682,108472
INDUS,Sukkar,19-Sept-19,91085,37600
INDUS,Kotri,19-Sept-19,54099,17614
JHELUM,Kotli,19-Sept-19,-,2680
JHELUM,Mangla,19-Sept-19,13000,39265
JHELUM,Rasul,19-Sept-19,32520,19705
CHENAB,Jammu Tavi,19-Sept-19,-,-
CHENAB,Marala,19-Sept-19,40262,11512
CHENAB,Khanki,19-Sept-19,11485,3732
CHENAB,Qadirabad,19-Sept-19,13000,Nil
CHENAB,Trimmu,19-Sept-19,18722,2622
CHENAB,Punjnad,19-Sept-19,21249,5069
RAVI,Jassar,19-Sept-19,-,2382
RAVI,Balloki,19-Sept-19,31135,5735
RAVI,Sidhnai,19-Sept-19,15200,Nil
SUTLEJ,Sulemanki,19-Sept-19,19624,6307
SUTLEJ,Islam,19-Sept-19,6843,4293
INDUS,Kalabagh,19-Sept-19,138536,130136
INDUS,Chashma,19-Sept-19,156234,149934
INDUS,Taunsa,19-Sept-19,158869,131807
INDUS,Guddu,19-Sept-19,133682,108472
INDUS,Sukkar,19-Sept-19,91085,37600
INDUS,Kotri,19-Sept-19,54099,17614
JHELUM,Kotli,19-Sept-19,-,2570
JHELUM,Mangla,19-Sept-19,13000,39265
JHELUM,Rasul,19-Sept-19,28615,15800
CHENAB,Jammu Tavi,19-Sept-19,-,-
CHENAB,Marala,19-Sept-19,36538,7738
CHENAB,Khanki,19-Sept-19,13351,5598
CHENAB,Qadirabad,19-Sept-19,13428,Nil
CHENAB,Trimmu,19-Sept-19,20015,3915
CHENAB,Punjnad,19-Sept-19,21249,5069
RAVI,Jassar,19-Sept-19,-,2035
RAVI,Balloki,19-Sept-19,31940,7540
RAVI,Sidhnai,19-Sept-19,15200,Nil
SUTLEJ,Sulemanki,19-Sept-19,19624,6307
SUTLEJ,Islam,19-Sept-19,6843,4293
INDUS,Kalabagh,20-Sept-19,144407,136007
INDUS,Chashma,20-Sept-19,154372,149736
INDUS,Taunsa,20-Sept-19,158869,131980
INDUS,Guddu,20-Sept-19,137972,113835
INDUS,Sukkar,20-Sept-19,91055,37600
INDUS,Kotri,20-Sept-19,53399,17614
JHELUM,Kotli,20-Sept-19,-,2570
JHELUM,Mangla,20-Sept-19,16000,39265
JHELUM,Rasul,20-Sept-19,28615,15800
CHENAB,Jammu Tavi,20-Sept-19,-,-
CHENAB,Marala,20-Sept-19,36538,7738
CHENAB,Khanki,20-Sept-19,12440,4687
CHENAB,Qadirabad,20-Sept-19,14498,Nil
CHENAB,Trimmu,20-Sept-19,20015,3915
CHENAB,Punjnad,20-Sept-19,21249,5069
RAVI,Jassar,20-Sept-19,-,2383
RAVI,Balloki,20-Sept-19,31035,6635
RAVI,Sidhnai,20-Sept-19,15200,Nil
SUTLEJ,Sulemanki,20-Sept-19,19624,6307
SUTLEJ,Islam,20-Sept-19,6843,4293
INDUS,Kalabagh,20-Sept-19,156004,147604
INDUS,Chashma,20-Sept-19,156558,150258
INDUS,Taunsa,20-Sept-19,158869,131980
INDUS,Guddu,20-Sept-19,137972,113835
INDUS,Sukkar,20-Sept-19,91055,37600
INDUS,Kotri,20-Sept-19,52699,17614
JHELUM,Kotli,20-Sept-19,-,2680
JHELUM,Mangla,20-Sept-19,29000,30815
JHELUM,Rasul,20-Sept-19,28615,15800
CHENAB,Jammu Tavi,20-Sept-19,-,-
CHENAB,Marala,20-Sept-19,36538,7738
CHENAB,Khanki,20-Sept-19,11485,3732
CHENAB,Qadirabad,20-Sept-19,14000,Nil
CHENAB,Trimmu,20-Sept-19,21947,5847
CHENAB,Punjnad,20-Sept-19,21094,4914
RAVI,Jassar,20-Sept-19,-,6602
RAVI,Balloki,20-Sept-19,31035,6635
RAVI,Sidhnai,20-Sept-19,15861,661
SUTLEJ,Sulemanki,20-Sept-19,19624,6307
SUTLEJ,Islam,20-Sept-19,6843,4293
INDUS,Kalabagh,20-Sept-19,142490,134090
INDUS,Chashma,20-Sept-19,146085,141200
INDUS,Taunsa,20-Sept-19,155747,129392
INDUS,Guddu,20-Sept-19,137972,113835
INDUS,Sukkar,20-Sept-19,91055,37600
INDUS,Kotri,20-Sept-19,52419,17614
JHELUM,Kotli,20-Sept-19,-,2680
JHELUM,Mangla,20-Sept-19,18000,39229
JHELUM,Rasul,20-Sept-19,36425,23610
CHENAB,Jammu Tavi,20-Sept-19,-,-
CHENAB,Marala,20-Sept-19,36538,7738
CHENAB,Khanki,20-Sept-19,11485,3732
CHENAB,Qadirabad,20-Sept-19,14428,Nil
CHENAB,Trimmu,20-Sept-19,21947,5847
CHENAB,Punjnad,20-Sept-19,21094,4914
RAVI,Jassar,20-Sept-19,-,7101
RAVI,Balloki,20-Sept-19,29815,5415
RAVI,Sidhnai,20-Sept-19,15861,661
SUTLEJ,Sulemanki,20-Sept-19,19624,6307
SUTLEJ,Islam,20-Sept-19,6843,4293
INDUS,Kalabagh,20-Sept-19,151407,143007
INDUS,Chashma,20-Sept-19,147672,141372
INDUS,Taunsa,20-Sept-19,151913,126183
INDUS,Guddu,20-Sept-19,137972,113835
INDUS,Sukkar,20-Sept-19,91055,37600
INDUS,Kotri,20-Sept-19,52419,17614
JHELUM,Kotli,20-Sept-19,-,2900
JHELUM,Mangla,20-Sept-19,18000,39229
JHELUM,Rasul,20-Sept-19,36425,23610
CHENAB,Jammu Tavi,20-Sept-19,-,-
CHENAB,Marala,20-Sept-19,36538,7688
CHENAB,Khanki,20-Sept-19,12440,4687
CHENAB,Qadirabad,20-Sept-19,14856,Nil
CHENAB,Trimmu,20-Sept-19,21947,5847
CHENAB,Punjnad,20-Sept-19,21094,4914
RAVI,Jassar,20-Sept-19,-,5676
RAVI,Balloki,20-Sept-19,28060,3660
RAVI,Sidhnai,20-Sept-19,15661,661
SUTLEJ,Sulemanki,20-Sept-19,19624,6307
SUTLEJ,Islam,20-Sept-19,6843,4293
INDUS,Kalabagh,21-Sept-19,160390,151990
INDUS,Chashma,21-Sept-19,148583,142283
INDUS,Taunsa,21-Sept-19,151913,126183
INDUS,Guddu,21-Sept-19,137660,11360
INDUS,Sukkar,21-Sept-19,91025,37600
INDUS,Kotri,21-Sept-19,52419,17614
JHELUM,Kotli,21-Sept-19,-,3010
JHELUM,Mangla,21-Sept-19,17000,30815
JHELUM,Rasul,21-Sept-19,28615,15800
CHENAB,Jammu Tavi,21-Sept-19,-,-
CHENAB,Marala,21-Sept-19,34796,5946
CHENAB,Khanki,21-Sept-19,12440,4687
CHENAB,Qadirabad,21-Sept-19,16195,Nil
CHENAB,Trimmu,21-Sept-19,21947,5847
CHENAB,Punjnad,21-Sept-19,21094,4914
RAVI,Jassar,21-Sept-19,-,5507
RAVI,Balloki,21-Sept-19,26840,2440
RAVI,Sidhnai,21-Sept-19,15661,661
SUTLEJ,Sulemanki,21-Sept-19,17982,4665
SUTLEJ,Islam,21-Sept-19,6843,4293
INDUS,Kalabagh,21-Sept-19,167567,159167
INDUS,Chashma,21-Sept-19,151148,144948
INDUS,Taunsa,21-Sept-19,147988,122898
INDUS,Guddu,21-Sept-19,137660,111360
INDUS,Sukkar,21-Sept-19,91025,37600
INDUS,Kotri,21-Sept-19,52419,17614
JHELUM,Kotli,21-Sept-19,-,3120
JHELUM,Mangla,21-Sept-19,16000,30815
JHELUM,Rasul,21-Sept-19,32520,19705
CHENAB,Jammu Tavi,21-Sept-19,-,-
CHENAB,Marala,21-Sept-19,32717,5000
CHENAB,Khanki,21-Sept-19,11485,3732
CHENAB,Qadirabad,21-Sept-19,16195,Nil
CHENAB,Trimmu,21-Sept-19,23860,7760
CHENAB,Punjnad,21-Sept-19,19372,3092
RAVI,Jassar,21-Sept-19,-,4829
RAVI,Balloki,21-Sept-19,26840,2440
RAVI,Sidhnai,21-Sept-19,15661,661
SUTLEJ,Sulemanki,21-Sept-19,17982,4665
SUTLEJ,Islam,21-Sept-19,6843,4293
INDUS,Kalabagh,21-Sept-19,149505,141105
INDUS,Chashma,21-Sept-19,152745,144981
INDUS,Taunsa,21-Sept-19,147988,122898
INDUS,Guddu,21-Sept-19,137660,111360
INDUS,Sukkar,21-Sept-19,91025,37600
INDUS,Kotri,21-Sept-19,51704,16199
JHELUM,Kotli,21-Sept-19,-,3010
JHELUM,Mangla,21-Sept-19,16000,39229
JHELUM,Rasul,21-Sept-19,36405,23610
CHENAB,Jammu Tavi,21-Sept-19,-,-
CHENAB,Marala,21-Sept-19,30070,5000
CHENAB,Khanki,21-Sept-19,9619,1866
CHENAB,Qadirabad,21-Sept-19,16195,Nil
CHENAB,Trimmu,21-Sept-19,21344,5244
CHENAB,Punjnad,21-Sept-19,19372,3092
RAVI,Jassar,21-Sept-19,-,4407
RAVI,Balloki,21-Sept-19,28010,3610
RAVI,Sidhnai,21-Sept-19,15872,1322
SUTLEJ,Sulemanki,21-Sept-19,17982,4665
SUTLEJ,Islam,21-Sept-19,2750,Nil
INDUS,Kalabagh,21-Sept-19,129124,120724
INDUS,Chashma,21-Sept-19,175130,169030
INDUS,Taunsa,21-Sept-19,147988,123195
INDUS,Guddu,21-Sept-19,137660,111360
INDUS,Sukkar,21-Sept-19,91025,37600
INDUS,Kotri,21-Sept-19,51704,16199
JHELUM,Kotli,21-Sept-19,-,2900
JHELUM,Mangla,21-Sept-19,13000,39229
JHELUM,Rasul,21-Sept-19,32500,19705
CHENAB,Jammu Tavi,21-Sept-19,-,-
CHENAB,Marala,21-Sept-19,29926,5000
CHENAB,Khanki,21-Sept-19,11485,3732
CHENAB,Qadirabad,21-Sept-19,13000,Nil
CHENAB,Trimmu,21-Sept-19,21344,5244
CHENAB,Punjnad,21-Sept-19,19372,3092
RAVI,Jassar,21-Sept-19,-,3901
RAVI,Balloki,21-Sept-19,28010,3610
RAVI,Sidhnai,21-Sept-19,15872,1322
SUTLEJ,Sulemanki,21-Sept-19,17982,4665
SUTLEJ,Islam,21-Sept-19,2750,Nil
INDUS,Kalabagh,22-Sept-19,133970,125570
INDUS,Chashma,22-Sept-19,173587,169151
INDUS,Taunsa,22-Sept-19,147988,123195
INDUS,Guddu,22-Sept-19,133900,107600
INDUS,Sukkar,22-Sept-19,91025,37600
INDUS,Kotri,22-Sept-19,51704,16199
JHELUM,Kotli,22-Sept-19,-,2900
JHELUM,Mangla,22-Sept-19,12000,30815
JHELUM,Rasul,22-Sept-19,24690,11895
CHENAB,Jammu Tavi,22-Sept-19,-,-
CHENAB,Marala,22-Sept-19,29543,5000
CHENAB,Khanki,22-Sept-19,8708,955
CHENAB,Qadirabad,22-Sept-19,13000,Nil
CHENAB,Trimmu,22-Sept-19,21344,5244
CHENAB,Punjnad,22-Sept-19,16280,Nil
RAVI,Jassar,22-Sept-19,-,4407
RAVI,Balloki,22-Sept-19,28010,3610
RAVI,Sidhnai,22-Sept-19,15872,1322
SUTLEJ,Sulemanki,22-Sept-19,17290,3973
SUTLEJ,Islam,22-Sept-19,2750,Nil
INDUS,Kalabagh,22-Sept-19,149512,141112
INDUS,Chashma,22-Sept-19,158157,154887
INDUS,Taunsa,22-Sept-19,147988,123699
INDUS,Guddu,22-Sept-19,133900,107600
INDUS,Sukkar,22-Sept-19,91025,37600
INDUS,Kotri,22-Sept-19,49732,13327
JHELUM,Kotli,22-Sept-19,-,3010
JHELUM,Mangla,22-Sept-19,13000,30815
JHELUM,Rasul,22-Sept-19,28565,15800
CHENAB,Jammu Tavi,22-Sept-19,-,-
CHENAB,Marala,22-Sept-19,29543,5000
CHENAB,Khanki,22-Sept-19,9619,1866
CHENAB,Qadirabad,22-Sept-19,13000,Nil
CHENAB,Trimmu,22-Sept-19,18857,2757
CHENAB,Punjnad,22-Sept-19,16280,Nil
RAVI,Jassar,22-Sept-19,-,3901
RAVI,Balloki,22-Sept-19,28915,4515
RAVI,Sidhnai,22-Sept-19,15872,1322
SUTLEJ,Sulemanki,22-Sept-19,17290,3973
SUTLEJ,Islam,22-Sept-19,2750,Nil
INDUS,Kalabagh,22-Sept-19,149512,141112
INDUS,Chashma,22-Sept-19,161065,154965
INDUS,Taunsa,22-Sept-19,147988,123699
INDUS,Guddu,22-Sept-19,133900,107600
INDUS,Sukkar,22-Sept-19,91025,37600
INDUS,Kotri,22-Sept-19,47003,10598
JHELUM,Kotli,22-Sept-19,-,2900
JHELUM,Mangla,22-Sept-19,14000,39192
JHELUM,Rasul,22-Sept-19,36375,23610
CHENAB,Jammu Tavi,22-Sept-19,-,-
CHENAB,Marala,22-Sept-19,29588,7738
CHENAB,Khanki,22-Sept-19,8708,955
CHENAB,Qadirabad,22-Sept-19,13000,Nil
CHENAB,Trimmu,22-Sept-19,18857,2757
CHENAB,Punjnad,22-Sept-19,16280,Nil
RAVI,Jassar,22-Sept-19,-,4154
RAVI,Balloki,22-Sept-19,30365,5965
RAVI,Sidhnai,22-Sept-19,16533,1983
SUTLEJ,Sulemanki,22-Sept-19,15318,2001
SUTLEJ,Islam,22-Sept-19,2750,Nil
INDUS,Kalabagh,22-Sept-19,149512,141112
INDUS,Chashma,22-Sept-19,161104,155004
INDUS,Taunsa,22-Sept-19,147988,123699
INDUS,Guddu,22-Sept-19,133900,107600
INDUS,Sukkar,22-Sept-19,91025,37600
INDUS,Kotri,22-Sept-19,47003,10598
JHELUM,Kotli,22-Sept-19,-,2900
JHELUM,Mangla,22-Sept-19,12000,39192
JHELUM,Rasul,22-Sept-19,32470,19705
CHENAB,Jammu Tavi,22-Sept-19,-,-
CHENAB,Marala,22-Sept-19,29638,7738
CHENAB,Khanki,22-Sept-19,11485,3732
CHENAB,Qadirabad,22-Sept-19,12000,Nil
CHENAB,Trimmu,22-Sept-19,17522,1422
CHENAB,Punjnad,22-Sept-19,16280,Nil
RAVI,Jassar,22-Sept-19,-,3901
RAVI,Balloki,22-Sept-19,30365,5965
RAVI,Sidhnai,22-Sept-19,16533,1983
SUTLEJ,Sulemanki,22-Sept-19,15318,2001
SUTLEJ,Islam,22-Sept-19,2750,Nil
INDUS,Kalabagh,23-Sept-19,159662,151262
INDUS,Chashma,23-Sept-19,161234,155134
INDUS,Taunsa,23-Sept-19,142122,114922
INDUS,Guddu,23-Sept-19,128829,102529
INDUS,Sukkar,23-Sept-19,89062,36077
INDUS,Kotri,23-Sept-19,43513,7108
JHELUM,Kotli,23-Sept-19,-,2790
JHELUM,Mangla,23-Sept-19,12000,37831
JHELUM,Rasul,23-Sept-19,24660,11895
CHENAB,Jammu Tavi,23-Sept-19,-,-
CHENAB,Marala,23-Sept-19,29638,7738
CHENAB,Khanki,23-Sept-19,9619,1866
CHENAB,Qadirabad,23-Sept-19,12000,Nil
CHENAB,Trimmu,23-Sept-19,18225,2125
CHENAB,Punjnad,23-Sept-19,15030,Nil
RAVI,Jassar,23-Sept-19,-,4407
RAVI,Balloki,23-Sept-19,28915,4515
RAVI,Sidhnai,23-Sept-19,16533,1983
SUTLEJ,Sulemanki,23-Sept-19,15318,2001
SUTLEJ,Islam,23-Sept-19,2750,Nil
INDUS,Kalabagh,23-Sept-19,167403,159003
INDUS,Chashma,23-Sept-19,161119,155019
INDUS,Taunsa,23-Sept-19,142122,114922
INDUS,Guddu,23-Sept-19,126537,100237
INDUS,Sukkar,23-Sept-19,89062,36077
INDUS,Kotri,23-Sept-19,40368,3963
JHELUM,Kotli,23-Sept-19,-,2900
JHELUM,Mangla,23-Sept-19,13000,30815
JHELUM,Rasul,23-Sept-19,28565,15800
CHENAB,Jammu Tavi,23-Sept-19,-,-
CHENAB,Marala,23-Sept-19,33412,11512
CHENAB,Khanki,23-Sept-19,13351,5598
CHENAB,Qadirabad,23-Sept-19,11650,Nil
CHENAB,Trimmu,23-Sept-19,18225,2125
CHENAB,Punjnad,23-Sept-19,15030,Nil
RAVI,Jassar,23-Sept-19,-,3395
RAVI,Balloki,23-Sept-19,28010,3610
RAVI,Sidhnai,23-Sept-19,16533,1983
SUTLEJ,Sulemanki,23-Sept-19,15318,2001
SUTLEJ,Islam,23-Sept-19,1550,Nil
INDUS,Kalabagh,23-Sept-19,159016,150616
INDUS,Chashma,23-Sept-19,161201,155101
INDUS,Taunsa,23-Sept-19,142122,114922
INDUS,Guddu,23-Sept-19,126537,100237
INDUS,Sukkar,23-Sept-19,89062,36077
INDUS,Kotri,23-Sept-19,38808,3963
JHELUM,Kotli,23-Sept-19,-,2790
JHELUM,Mangla,23-Sept-19,12000,39156
JHELUM,Rasul,23-Sept-19,32470,19705
CHENAB,Jammu Tavi,23-Sept-19,-,-
CHENAB,Marala,23-Sept-19,29638,7738
CHENAB,Khanki,23-Sept-19,14306,6553
CHENAB,Qadirabad,23-Sept-19,13106,Nil
CHENAB,Trimmu,23-Sept-19,18879,2779
CHENAB,Punjnad,23-Sept-19,15169,Nil
RAVI,Jassar,23-Sept-19,-,3648
RAVI,Balloki,23-Sept-19,26840,2440
RAVI,Sidhnai,23-Sept-19,16172,1322
SUTLEJ,Sulemanki,23-Sept-19,15318,2001
SUTLEJ,Islam,23-Sept-19,1550,Nil
INDUS,Kalabagh,23-Sept-19,142438,134038
INDUS,Chashma,23-Sept-19,161719,155619
INDUS,Taunsa,23-Sept-19,142122,114922
INDUS,Guddu,23-Sept-19,126537,100237
INDUS,Sukkar,23-Sept-19,89062,36077
INDUS,Kotri,23-Sept-19,38808,3963
JHELUM,Kotli,23-Sept-19,-,2790
JHELUM,Mangla,23-Sept-19,13000,39156
JHELUM,Rasul,23-Sept-19,32470,19705
CHENAB,Jammu Tavi,23-Sept-19,-,-
CHENAB,Marala,23-Sept-19,27896,5946
CHENAB,Khanki,23-Sept-19,13351,5598
CHENAB,Qadirabad,23-Sept-19,14390,Nil
CHENAB,Trimmu,23-Sept-19,18879,2779
CHENAB,Punjnad,23-Sept-19,15969,Nil
RAVI,Jassar,23-Sept-19,-,2635
RAVI,Balloki,23-Sept-19,26230,1830
RAVI,Sidhnai,23-Sept-19,16172,1322
SUTLEJ,Sulemanki,23-Sept-19,15318,2001
SUTLEJ,Islam,23-Sept-19,1550,Nil
INDUS,Kalabagh,24-Sept-19,151385,142985
INDUS,Chashma,24-Sept-19,160933,154833
INDUS,Taunsa,24-Sept-19,146782,120344
INDUS,Guddu,24-Sept-19,122115,95815
INDUS,Sukkar,24-Sept-19,87029,34444
INDUS,Kotri,24-Sept-19,36268,3963
JHELUM,Kotli,24-Sept-19,-,2900
JHELUM,Mangla,24-Sept-19,12000,31163
JHELUM,Rasul,24-Sept-19,28565,15800
CHENAB,Jammu Tavi,24-Sept-19,-,-
CHENAB,Marala,24-Sept-19,27896,5946
CHENAB,Khanki,24-Sept-19,16901,9148
CHENAB,Qadirabad,24-Sept-19,15707,Nil
CHENAB,Trimmu,24-Sept-19,18879,2779
CHENAB,Punjnad,24-Sept-19,16280,Nil
RAVI,Jassar,24-Sept-19,-,2888
RAVI,Balloki,24-Sept-19,25900,Nil
RAVI,Sidhnai,24-Sept-19,16172,1322
SUTLEJ,Sulemanki,24-Sept-19,15318,2001
SUTLEJ,Islam,24-Sept-19,1550,Nil
INDUS,Kalabagh,24-Sept-19,166787,158387
INDUS,Chashma,24-Sept-19,161079,154979
INDUS,Taunsa,24-Sept-19,146782,120344
INDUS,Guddu,24-Sept-19,122115,95815
INDUS,Sukkar,24-Sept-19,87029,34444
INDUS,Kotri,24-Sept-19,36088,3963
JHELUM,Kotli,24-Sept-19,-,3010
JHELUM,Mangla,24-Sept-19,13000,30815
JHELUM,Rasul,24-Sept-19,28565,15800
CHENAB,Jammu Tavi,24-Sept-19,-,-
CHENAB,Marala,24-Sept-19,29306,7356
CHENAB,Khanki,24-Sept-19,11485,3732
CHENAB,Qadirabad,24-Sept-19,17057,Nil
CHENAB,Trimmu,24-Sept-19,21413,5313
CHENAB,Punjnad,24-Sept-19,16280,Nil
RAVI,Jassar,24-Sept-19,-,2129
RAVI,Balloki,24-Sept-19,25900,Nil
RAVI,Sidhnai,24-Sept-19,15811,661
SUTLEJ,Sulemanki,24-Sept-19,15318,2001
SUTLEJ,Islam,24-Sept-19,1550,Nil
INDUS,Kalabagh,24-Sept-19,152307,143907
INDUS,Chashma,24-Sept-19,161054,154954
INDUS,Taunsa,24-Sept-19,146782,120344
INDUS,Guddu,24-Sept-19,122115,95815
INDUS,Sukkar,24-Sept-19,86040,33990
INDUS,Kotri,24-Sept-19,36266,4811
JHELUM,Kotli,24-Sept-19,-,2900
JHELUM,Mangla,24-Sept-19,13000,14856
JHELUM,Rasul,24-Sept-19,32470,19705
CHENAB,Jammu Tavi,24-Sept-19,-,-
CHENAB,Marala,24-Sept-19,26306,7356
CHENAB,Khanki,24-Sept-19,7753,Nil
CHENAB,Qadirabad,24-Sept-19,18000,Nil
CHENAB,Trimmu,24-Sept-19,24106,5899
CHENAB,Punjnad,24-Sept-19,16280,Nil
RAVI,Jassar,24-Sept-19,-,2035
RAVI,Balloki,24-Sept-19,25900,Nil
RAVI,Sidhnai,24-Sept-19,15250,Nil
SUTLEJ,Sulemanki,24-Sept-19,15318,2001
SUTLEJ,Islam,24-Sept-19,1550,Nil
INDUS,Kalabagh,24-Sept-19,143390,134990
INDUS,Chashma,24-Sept-19,161180,155080
INDUS,Taunsa,24-Sept-19,146782,120344
INDUS,Guddu,24-Sept-19,122115,95815
INDUS,Sukkar,24-Sept-19,86040,33990
INDUS,Kotri,24-Sept-19,36266,4811
JHELUM,Kotli,24-Sept-19,-,3240
JHELUM,Mangla,24-Sept-19,13000,22856
JHELUM,Rasul,24-Sept-19,36030,23610
CHENAB,Jammu Tavi,24-Sept-19,-,-
CHENAB,Marala,24-Sept-19,24617,5667
CHENAB,Khanki,24-Sept-19,9619,1866
CHENAB,Qadirabad,24-Sept-19,16000,Nil
CHENAB,Trimmu,24-Sept-19,23212,6612
CHENAB,Punjnad,24-Sept-19,16280,Nil
RAVI,Jassar,24-Sept-19,-,1941
RAVI,Balloki,24-Sept-19,25900,Nil
RAVI,Sidhnai,24-Sept-19,15250,Nil
SUTLEJ,Sulemanki,24-Sept-19,15318,2001
SUTLEJ,Islam,24-Sept-19,1550,Nil
INDUS,Kalabagh,25-Sept-19,159968,151568
INDUS,Chashma,25-Sept-19,161497,155397
INDUS,Taunsa,25-Sept-19,146782,120344
INDUS,Guddu,25-Sept-19,122115,95815
INDUS,Sukkar,25-Sept-19,83706,33391
INDUS,Kotri,25-Sept-19,36266,4811
JHELUM,Kotli,25-Sept-19,-,3120
JHELUM,Mangla,25-Sept-19,14000,34347
JHELUM,Rasul,25-Sept-19,26215,11895
CHENAB,Jammu Tavi,25-Sept-19,-,-
CHENAB,Marala,25-Sept-19,24617,5667
CHENAB,Khanki,25-Sept-19,7753,Nil
CHENAB,Qadirabad,25-Sept-19,11650,Nil
CHENAB,Trimmu,25-Sept-19,23212,6612
CHENAB,Punjnad,25-Sept-19,16280,Nil
RAVI,Jassar,25-Sept-19,-,2129
RAVI,Balloki,25-Sept-19,27620,1220
RAVI,Sidhnai,25-Sept-19,15250,Nil
SUTLEJ,Sulemanki,25-Sept-19,14346,1029
SUTLEJ,Islam,25-Sept-19,1550,Nil
INDUS,Kalabagh,25-Sept-19,167709,159309
INDUS,Chashma,25-Sept-19,159979,154999
INDUS,Taunsa,25-Sept-19,147670,121073
INDUS,Guddu,25-Sept-19,119860,93560
INDUS,Sukkar,25-Sept-19,83706,33391
INDUS,Kotri,25-Sept-19,36284,5299
JHELUM,Kotli,25-Sept-19,-,4780
JHELUM,Mangla,25-Sept-19,16000,15715
JHELUM,Rasul,25-Sept-19,26215,11895
CHENAB,Jammu Tavi,25-Sept-19,-,-
CHENAB,Marala,25-Sept-19,29884,10934
CHENAB,Khanki,25-Sept-19,11437,3732
CHENAB,Qadirabad,25-Sept-19,11300,Nil
CHENAB,Trimmu,25-Sept-19,23212,6612
CHENAB,Punjnad,25-Sept-19,16280,Nil
RAVI,Jassar,25-Sept-19,-,2035
RAVI,Balloki,25-Sept-19,26500,Nil
RAVI,Sidhnai,25-Sept-19,16572,1322
SUTLEJ,Sulemanki,25-Sept-19,13317,NIL
SUTLEJ,Islam,25-Sept-19,1550,Nil
INDUS,Kalabagh,25-Sept-19,143784,135384
INDUS,Chashma,25-Sept-19,130403,123183
INDUS,Taunsa,25-Sept-19,147670,121073
INDUS,Guddu,25-Sept-19,114840,88540
INDUS,Sukkar,25-Sept-19,83706,33391
INDUS,Kotri,25-Sept-19,36240,6845
JHELUM,Kotli,25-Sept-19,-,3460
JHELUM,Mangla,25-Sept-19,17000,40630
JHELUM,Rasul,25-Sept-19,30820,15800
CHENAB,Jammu Tavi,25-Sept-19,-,-
CHENAB,Marala,25-Sept-19,30351,16401
CHENAB,Khanki,25-Sept-19,11485,3732
CHENAB,Qadirabad,25-Sept-19,12628,Nil
CHENAB,Trimmu,25-Sept-19,21958,5358
CHENAB,Punjnad,25-Sept-19,16280,Nil
RAVI,Jassar,25-Sept-19,-,2129
RAVI,Balloki,25-Sept-19,26500,Nil
RAVI,Sidhnai,25-Sept-19,16572,1322
SUTLEJ,Sulemanki,25-Sept-19,13317,Nil
SUTLEJ,Islam,25-Sept-19,1550,Nil
INDUS,Kalabagh,25-Sept-19,91305,82905
INDUS,Chashma,25-Sept-19,130958,124858
INDUS,Taunsa,25-Sept-19,147670,121073
INDUS,Guddu,25-Sept-19,114840,88540
INDUS,Sukkar,25-Sept-19,83706,33391
INDUS,Kotri,25-Sept-19,36240,6845
JHELUM,Kotli,25-Sept-19,-,3350
JHELUM,Mangla,25-Sept-19,18000,40630
JHELUM,Rasul,25-Sept-19,30820,15800
CHENAB,Jammu Tavi,25-Sept-19,-,-
CHENAB,Marala,25-Sept-19,24884,10934
CHENAB,Khanki,25-Sept-19,9619,1866
CHENAB,Qadirabad,25-Sept-19,13912,Nil
CHENAB,Trimmu,25-Sept-19,21958,5358
CHENAB,Punjnad,25-Sept-19,16280,Nil
RAVI,Jassar,25-Sept-19,-,1941
RAVI,Balloki,25-Sept-19,26000,Nil
RAVI,Sidhnai,25-Sept-19,16572,1322
SUTLEJ,Sulemanki,25-Sept-19,13317,Nil
SUTLEJ,Islam,25-Sept-19,1550,Nil
INDUS,Kalabagh,26-Sept-19,129005,120605
INDUS,Chashma,26-Sept-19,126096,119996
INDUS,Taunsa,26-Sept-19,147670,121073
INDUS,Guddu,26-Sept-19,110372,84072
INDUS,Sukkar,26-Sept-19,83015,33550
INDUS,Kotri,26-Sept-19,36334,8279
JHELUM,Kotli,26-Sept-19,-,3240
JHELUM,Mangla,26-Sept-19,17000,34660
JHELUM,Rasul,26-Sept-19,20361,5341
CHENAB,Jammu Tavi,26-Sept-19,-,-
CHENAB,Marala,26-Sept-19,24884,10934
CHENAB,Khanki,26-Sept-19,11485,3732
CHENAB,Qadirabad,26-Sept-19,15196,Nil
CHENAB,Trimmu,26-Sept-19,21958,5358
CHENAB,Punjnad,26-Sept-19,16280,Nil
RAVI,Jassar,26-Sept-19,-,2129
RAVI,Balloki,26-Sept-19,24500,Nil
RAVI,Sidhnai,26-Sept-19,16572,1322
SUTLEJ,Sulemanki,26-Sept-19,14590,1273
SUTLEJ,Islam,26-Sept-19,1150,Nil
INDUS,Kalabagh,26-Sept-19,159970,151570
INDUS,Chashma,26-Sept-19,140010,135030
INDUS,Taunsa,26-Sept-19,147670,121073
INDUS,Guddu,26-Sept-19,109500,83200
INDUS,Sukkar,26-Sept-19,83015,33550
INDUS,Kotri,26-Sept-19,36491,9736
JHELUM,Kotli,26-Sept-19,-,3010
JHELUM,Mangla,26-Sept-19,17000,15715
JHELUM,Rasul,26-Sept-19,30820,15800
CHENAB,Jammu Tavi,26-Sept-19,-,-
CHENAB,Marala,26-Sept-19,32090,18090
CHENAB,Khanki,26-Sept-19,15193,7464
CHENAB,Qadirabad,26-Sept-19,14428,Nil
CHENAB,Trimmu,26-Sept-19,21958,5358
CHENAB,Punjnad,26-Sept-19,16280,Nil
RAVI,Jassar,26-Sept-19,-,1941
RAVI,Balloki,26-Sept-19,21500,Nil
RAVI,Sidhnai,26-Sept-19,16245,995
SUTLEJ,Sulemanki,26-Sept-19,14590,1273
SUTLEJ,Islam,26-Sept-19,1150,Nil
INDUS,Kalabagh,26-Sept-19,136347,127947
INDUS,Chashma,26-Sept-19,141105,135005
INDUS,Taunsa,26-Sept-19,147670,121073
INDUS,Guddu,26-Sept-19,109500,83200
INDUS,Sukkar,26-Sept-19,83015,33550
INDUS,Kotri,26-Sept-19,36277,11172
JHELUM,Kotli,26-Sept-19,-,3010
JHELUM,Mangla,26-Sept-19,18000,60546
JHELUM,Rasul,26-Sept-19,38630,23610
CHENAB,Jammu Tavi,26-Sept-19,-,-
CHENAB,Marala,26-Sept-19,30451,16401
CHENAB,Khanki,26-Sept-19,13327,5598
CHENAB,Qadirabad,26-Sept-19,15745,Nil
CHENAB,Trimmu,26-Sept-19,20047,3447
CHENAB,Punjnad,26-Sept-19,16280,Nil
RAVI,Jassar,26-Sept-19,-,2035
RAVI,Balloki,26-Sept-19,21500,Nil
RAVI,Sidhnai,26-Sept-19,15911,661
SUTLEJ,Sulemanki,26-Sept-19,13317,Nil
SUTLEJ,Islam,26-Sept-19,1150,Nil
INDUS,Kalabagh,26-Sept-19,136347,127947
INDUS,Chashma,26-Sept-19,141097,134997
INDUS,Taunsa,26-Sept-19,147670,121073
INDUS,Guddu,26-Sept-19,109500,83200
INDUS,Sukkar,26-Sept-19,83015,33550
INDUS,Kotri,26-Sept-19,36277,11172
JHELUM,Kotli,26-Sept-19,-,3010
JHELUM,Mangla,26-Sept-19,17000,60546
JHELUM,Rasul,26-Sept-19,26945,11895
CHENAB,Jammu Tavi,26-Sept-19,-,-
CHENAB,Marala,26-Sept-19,30501,16401
CHENAB,Khanki,26-Sept-19,20839,13110
CHENAB,Qadirabad,26-Sept-19,16870,Nil
CHENAB,Trimmu,26-Sept-19,20047,3447
CHENAB,Punjnad,26-Sept-19,16280,Nil
RAVI,Jassar,26-Sept-19,-,1941
RAVI,Balloki,26-Sept-19,21500,Nil
RAVI,Sidhnai,26-Sept-19,15911,661
SUTLEJ,Sulemanki,26-Sept-19,13317,Nil
SUTLEJ,Islam,26-Sept-19,1150,Nil
INDUS,Kalabagh,27-Sept-19,152309,143909
INDUS,Chashma,27-Sept-19,139374,134394
INDUS,Taunsa,27-Sept-19,147670,121073
INDUS,Guddu,27-Sept-19,111700,85400
INDUS,Sukkar,27-Sept-19,79985,32070
INDUS,Kotri,27-Sept-19,36965,17510
JHELUM,Kotli,27-Sept-19,-,2900
JHELUM,Mangla,27-Sept-19,12000,27837
JHELUM,Rasul,27-Sept-19,26945,11895
CHENAB,Jammu Tavi,27-Sept-19,-,-
CHENAB,Marala,27-Sept-19,30501,16401
CHENAB,Khanki,27-Sept-19,20839,13110
CHENAB,Qadirabad,27-Sept-19,23399,5399
CHENAB,Trimmu,27-Sept-19,20047,3447
CHENAB,Punjnad,27-Sept-19,15830,Nil
RAVI,Jassar,27-Sept-19,-,2129
RAVI,Balloki,27-Sept-19,21500,Nil
RAVI,Sidhnai,27-Sept-19,15250,Nil
SUTLEJ,Sulemanki,27-Sept-19,12438,428
SUTLEJ,Islam,27-Sept-19,1150,Nil
INDUS,Kalabagh,27-Sept-19,152309,143909
INDUS,Chashma,27-Sept-19,141098,134998
INDUS,Taunsa,27-Sept-19,147670,121073
INDUS,Guddu,27-Sept-19,113870,87570
INDUS,Sukkar,27-Sept-19,79985,32070
INDUS,Kotri,27-Sept-19,36965,17510
JHELUM,Kotli,27-Sept-19,-,4530
JHELUM,Mangla,27-Sept-19,35000,15715
JHELUM,Rasul,27-Sept-19,42565,27515
CHENAB,Jammu Tavi,27-Sept-19,-,-
CHENAB,Marala,27-Sept-19,36128,21668
CHENAB,Khanki,27-Sept-19,20754,13110
CHENAB,Qadirabad,27-Sept-19,23399,5399
CHENAB,Trimmu,27-Sept-19,20047,3447
CHENAB,Punjnad,27-Sept-19,15637,Nil
RAVI,Jassar,27-Sept-19,-,2382
RAVI,Balloki,27-Sept-19,21500,Nil
RAVI,Sidhnai,27-Sept-19,14000,Nil
SUTLEJ,Sulemanki,27-Sept-19,11470,437
SUTLEJ,Islam,27-Sept-19,1150,Nil
INDUS,Kalabagh,27-Sept-19,137702,129302
INDUS,Chashma,27-Sept-19,141089,134989
INDUS,Taunsa,27-Sept-19,140597,115269
INDUS,Guddu,27-Sept-19,113870,87570
INDUS,Sukkar,27-Sept-19,79985,32070
INDUS,Kotri,27-Sept-19,36965,17510
JHELUM,Kotli,27-Sept-19,-,3930
JHELUM,Mangla,27-Sept-19,21000,62857
JHELUM,Rasul,27-Sept-19,48470,31420
CHENAB,Jammu Tavi,27-Sept-19,-,-
CHENAB,Marala,27-Sept-19,37190,18090
CHENAB,Khanki,27-Sept-19,25333,17689
CHENAB,Qadirabad,27-Sept-19,23399,5399
CHENAB,Trimmu,27-Sept-19,20047,3447
CHENAB,Punjnad,27-Sept-19,15394,Nil
RAVI,Jassar,27-Sept-19,-,2888
RAVI,Balloki,27-Sept-19,21500,Nil
RAVI,Sidhnai,27-Sept-19,14500,Nil
SUTLEJ,Sulemanki,27-Sept-19,11559,526
SUTLEJ,Islam,27-Sept-19,1150,Nil
INDUS,Kalabagh,27-Sept-19,137702,129302
INDUS,Chashma,27-Sept-19,140292,134192
INDUS,Taunsa,27-Sept-19,140597,115269
INDUS,Guddu,27-Sept-19,113870,87570
INDUS,Sukkar,27-Sept-19,79985,32070
INDUS,Kotri,27-Sept-19,36965,17510
JHELUM,Kotli,27-Sept-19,-,3460
JHELUM,Mangla,27-Sept-19,19000,62195
JHELUM,Rasul,27-Sept-19,38255,19705
CHENAB,Jammu Tavi,27-Sept-19,-,-
CHENAB,Marala,27-Sept-19,37190,18090
CHENAB,Khanki,27-Sept-19,25333,17689
CHENAB,Qadirabad,27-Sept-19,27581,8006
CHENAB,Trimmu,27-Sept-19,20047,3447
CHENAB,Punjnad,27-Sept-19,15394,Nil
RAVI,Jassar,27-Sept-19,-,2129
RAVI,Balloki,27-Sept-19,21500,Nil
RAVI,Sidhnai,27-Sept-19,14500,Nil
SUTLEJ,Sulemanki,27-Sept-19,11559,526
SUTLEJ,Islam,27-Sept-19,1191,Nil
INDUS,Kalabagh,28-Sept-19,144960,136560
INDUS,Chashma,28-Sept-19,141528,135428
INDUS,Taunsa,28-Sept-19,130802,104202
INDUS,Guddu,28-Sept-19,116008,89708
INDUS,Sukkar,28-Sept-19,76575,30050
INDUS,Kotri,28-Sept-19,37030,33445
JHELUM,Kotli,28-Sept-19,-,3250
JHELUM,Mangla,28-Sept-19,26000,35611
JHELUM,Rasul,28-Sept-19,24391,5341
CHENAB,Jammu Tavi,28-Sept-19,-,-
CHENAB,Marala,28-Sept-19,37190,18090
CHENAB,Khanki,28-Sept-19,27372,19728
CHENAB,Qadirabad,28-Sept-19,28931,8006
CHENAB,Trimmu,28-Sept-19,20047,3447
CHENAB,Punjnad,28-Sept-19,14926,Nil
RAVI,Jassar,28-Sept-19,-,2382
RAVI,Balloki,28-Sept-19,21500,Nil
RAVI,Sidhnai,28-Sept-19,14500,Nil
SUTLEJ,Sulemanki,28-Sept-19,10511,Nil
SUTLEJ,Islam,28-Sept-19,1191,Nil
INDUS,Kalabagh,28-Sept-19,160925,152525
INDUS,Chashma,28-Sept-19,139950,134970
INDUS,Taunsa,28-Sept-19,130802,104202
INDUS,Guddu,28-Sept-19,116008,89708
INDUS,Sukkar,28-Sept-19,76575,30050
INDUS,Kotri,28-Sept-19,36770,34610
JHELUM,Kotli,28-Sept-19,-,3240
JHELUM,Mangla,28-Sept-19,36000,16045
JHELUM,Rasul,28-Sept-19,47565,27515
CHENAB,Jammu Tavi,28-Sept-19,-,-
CHENAB,Marala,28-Sept-19,41028,21668
CHENAB,Khanki,28-Sept-19,25369,17689
CHENAB,Qadirabad,28-Sept-19,31963,9963
CHENAB,Trimmu,28-Sept-19,20047,3447
CHENAB,Punjnad,28-Sept-19,14926,Nil
RAVI,Jassar,28-Sept-19,-,4407
RAVI,Balloki,28-Sept-19,21500,Nil
RAVI,Sidhnai,28-Sept-19,14000,Nil
SUTLEJ,Sulemanki,28-Sept-19,11429,Nil
SUTLEJ,Islam,28-Sept-19,550,Nil
INDUS,Kalabagh,28-Sept-19,152581,144181
INDUS,Chashma,28-Sept-19,127113,121013
INDUS,Taunsa,28-Sept-19,129902,104202
INDUS,Guddu,28-Sept-19,116008,89708
INDUS,Sukkar,28-Sept-19,76575,30050
INDUS,Kotri,28-Sept-19,35705,31560
JHELUM,Kotli,28-Sept-19,-,3580
JHELUM,Mangla,28-Sept-19,19000,61012
JHELUM,Rasul,28-Sept-19,51470,31420
CHENAB,Jammu Tavi,28-Sept-19,-,-
CHENAB,Marala,28-Sept-19,33221,10482
CHENAB,Khanki,28-Sept-19,23130,15450
CHENAB,Qadirabad,28-Sept-19,32586,10586
CHENAB,Trimmu,28-Sept-19,18011,1411
CHENAB,Punjnad,28-Sept-19,14926,Nil
RAVI,Jassar,28-Sept-19,-,4660
RAVI,Balloki,28-Sept-19,21500,Nil
RAVI,Sidhnai,28-Sept-19,13500,Nil
SUTLEJ,Sulemanki,28-Sept-19,11429,Nil
SUTLEJ,Islam,28-Sept-19,550,Nil
INDUS,Kalabagh,28-Sept-19,144960,136560
INDUS,Chashma,28-Sept-19,127734,120514
INDUS,Taunsa,28-Sept-19,129902,104202
INDUS,Guddu,28-Sept-19,116008,89708
INDUS,Sukkar,28-Sept-19,76575,30050
INDUS,Kotri,28-Sept-19,35705,31560
JHELUM,Kotli,28-Sept-19,-,3460
JHELUM,Mangla,28-Sept-19,19000,61012
JHELUM,Rasul,28-Sept-19,39755,19705
CHENAB,Jammu Tavi,28-Sept-19,-,-
CHENAB,Marala,28-Sept-19,38312,14512
CHENAB,Khanki,28-Sept-19,23130,15450
CHENAB,Qadirabad,28-Sept-19,30006,8006
CHENAB,Trimmu,28-Sept-19,18011,1411
CHENAB,Punjnad,28-Sept-19,14926,Nil
RAVI,Jassar,28-Sept-19,-,4407
RAVI,Balloki,28-Sept-19,21500,Nil
RAVI,Sidhnai,28-Sept-19,14500,Nil
SUTLEJ,Sulemanki,28-Sept-19,11429,Nil
SUTLEJ,Islam,28-Sept-19,550,Nil
INDUS,Kalabagh,29-Sept-19,159934,151534
INDUS,Chashma,29-Sept-19,128553,121333
INDUS,Taunsa,29-Sept-19,129902,104202
INDUS,Guddu,29-Sept-19,113870,87570
INDUS,Sukkar,29-Sept-19,76575,30050
INDUS,Kotri,29-Sept-19,35775,25820
JHELUM,Kotli,29-Sept-19,-,3460
JHELUM,Mangla,29-Sept-19,16000,16375
JHELUM,Rasul,29-Sept-19,28040,7990
CHENAB,Jammu Tavi,29-Sept-19,-,-
CHENAB,Marala,29-Sept-19,33800,10000
CHENAB,Khanki,29-Sept-19,23130,15450
CHENAB,Qadirabad,29-Sept-19,30006,8006
CHENAB,Trimmu,29-Sept-19,18011,1411
CHENAB,Punjnad,29-Sept-19,15637,Nil
RAVI,Jassar,29-Sept-19,-,4829
RAVI,Balloki,29-Sept-19,22000,Nil
RAVI,Sidhnai,29-Sept-19,14500,Nil
SUTLEJ,Sulemanki,29-Sept-19,11429,Nil
SUTLEJ,Islam,29-Sept-19,550,Nil
INDUS,Kalabagh,29-Sept-19,159934,151534
INDUS,Chashma,29-Sept-19,132037,124999
INDUS,Taunsa,29-Sept-19,129902,104202
INDUS,Guddu,29-Sept-19,113870,87570
INDUS,Sukkar,29-Sept-19,76575,30050
INDUS,Kotri,29-Sept-19,34804,19054
JHELUM,Kotli,29-Sept-19,-,3240
JHELUM,Mangla,29-Sept-19,19000,16375
JHELUM,Rasul,29-Sept-19,51470,31420
CHENAB,Jammu Tavi,29-Sept-19,-,-
CHENAB,Marala,29-Sept-19,38112,14512
CHENAB,Khanki,29-Sept-19,15144,7464
CHENAB,Qadirabad,29-Sept-19,30006,8006
CHENAB,Trimmu,29-Sept-19,18011,1411
CHENAB,Punjnad,29-Sept-19,15637,Nil
RAVI,Jassar,29-Sept-19,-,4154
RAVI,Balloki,29-Sept-19,25000,Nil
RAVI,Sidhnai,29-Sept-19,15000,Nil
SUTLEJ,Sulemanki,29-Sept-19,11429,Nil
SUTLEJ,Islam,29-Sept-19,550,Nil
INDUS,Kalabagh,29-Sept-19,151626,143226
INDUS,Chashma,29-Sept-19,132120,125082
INDUS,Taunsa,29-Sept-19,129902,104202
INDUS,Guddu,29-Sept-19,113870,87570
INDUS,Sukkar,29-Sept-19,76575,30050
INDUS,Kotri,29-Sept-19,34490,12810
JHELUM,Kotli,29-Sept-19,-,3120
JHELUM,Mangla,29-Sept-19,17000,61012
JHELUM,Rasul,29-Sept-19,51470,31420
CHENAB,Jammu Tavi,29-Sept-19,-,-
CHENAB,Marala,29-Sept-19,33200,10000
CHENAB,Khanki,29-Sept-19,15144,7464
CHENAB,Qadirabad,29-Sept-19,30006,8006
CHENAB,Trimmu,29-Sept-19,18011,1411
CHENAB,Punjnad,29-Sept-19,15637,Nil
RAVI,Jassar,29-Sept-19,-,3901
RAVI,Balloki,29-Sept-19,26500,Nil
RAVI,Sidhnai,29-Sept-19,15000,Nil
SUTLEJ,Sulemanki,29-Sept-19,11429,Nil
SUTLEJ,Islam,29-Sept-19,550,Nil
INDUS,Kalabagh,29-Sept-19,143965,135565
INDUS,Chashma,29-Sept-19,132350,125135
INDUS,Taunsa,29-Sept-19,129902,104202
INDUS,Guddu,29-Sept-19,113870,87570
INDUS,Sukkar,29-Sept-19,76575,30050
INDUS,Kotri,29-Sept-19,34490,12810
JHELUM,Kotli,29-Sept-19,-,3580
JHELUM,Mangla,29-Sept-19,16000,61012
JHELUM,Rasul,29-Sept-19,28040,7990
CHENAB,Jammu Tavi,29-Sept-19,-,-
CHENAB,Marala,29-Sept-19,37712,14512
CHENAB,Khanki,29-Sept-19,15144,7464
CHENAB,Qadirabad,29-Sept-19,24749,2749
CHENAB,Trimmu,29-Sept-19,18011,1411
CHENAB,Punjnad,29-Sept-19,15637,Nil
RAVI,Jassar,29-Sept-19,-,3648
RAVI,Balloki,29-Sept-19,27500,Nil
RAVI,Sidhnai,29-Sept-19,14600,Nil
SUTLEJ,Sulemanki,29-Sept-19,11511,Nil
SUTLEJ,Islam,29-Sept-19,550,Nil
INDUS,Kalabagh,30-Sept-19,136707,128307
INDUS,Chashma,30-Sept-19,132723,126923
INDUS,Taunsa,30-Sept-19,129902,104202
INDUS,Guddu,30-Sept-19,113870,87570
INDUS,Sukkar,30-Sept-19,76560,30050
INDUS,Kotri,30-Sept-19,33823,6843
JHELUM,Kotli,30-Sept-19,-,3460
JHELUM,Mangla,30-Sept-19,13000,16373
JHELUM,Rasul,30-Sept-19,28040,7990
CHENAB,Jammu Tavi,30-Sept-19,-,-
CHENAB,Marala,30-Sept-19,37712,14512
CHENAB,Khanki,30-Sept-19,15144,7464
CHENAB,Qadirabad,30-Sept-19,24749,2749
CHENAB,Trimmu,30-Sept-19,18011,1411
CHENAB,Punjnad,30-Sept-19,14926,Nil
RAVI,Jassar,30-Sept-19,-,4407
RAVI,Balloki,30-Sept-19,30720,1220
RAVI,Sidhnai,30-Sept-19,14600,Nil
SUTLEJ,Sulemanki,30-Sept-19,12305,Nil
SUTLEJ,Islam,30-Sept-19,550,Nil
INDUS,Kalabagh,30-Sept-19,152309,143909
INDUS,Chashma,30-Sept-19,130838,125038
INDUS,Taunsa,30-Sept-19,129902,104202
INDUS,Guddu,30-Sept-19,107513,81213
INDUS,Sukkar,30-Sept-19,76560,30050
INDUS,Kotri,30-Sept-19,33891,5386
JHELUM,Kotli,30-Sept-19,-,3580
JHELUM,Mangla,30-Sept-19,15000,16373
JHELUM,Rasul,30-Sept-19,43660,23610
CHENAB,Jammu Tavi,30-Sept-19,-,-
CHENAB,Marala,30-Sept-19,37712,14512
CHENAB,Khanki,30-Sept-19,20693,13110
CHENAB,Qadirabad,30-Sept-19,27399,5399
CHENAB,Trimmu,30-Sept-19,20515,3915
CHENAB,Punjnad,30-Sept-19,14084,Nil
RAVI,Jassar,30-Sept-19,-,7600
RAVI,Balloki,30-Sept-19,31940,2440
RAVI,Sidhnai,30-Sept-19,14600,Nil
SUTLEJ,Sulemanki,30-Sept-19,13108,Nil
SUTLEJ,Islam,30-Sept-19,550,Nil
INDUS,Kalabagh,30-Sept-19,144920,136520
INDUS,Chashma,30-Sept-19,122673,116923
INDUS,Taunsa,30-Sept-19,129902,104202
INDUS,Guddu,30-Sept-19,107513,81213
INDUS,Sukkar,30-Sept-19,76560,30050
INDUS,Kotri,30-Sept-19,33948,3963
JHELUM,Kotli,30-Sept-19,-,3350
JHELUM,Mangla,30-Sept-19,14000,65719
JHELUM,Rasul,30-Sept-19,51470,31420
CHENAB,Jammu Tavi,30-Sept-19,-,-
CHENAB,Marala,30-Sept-19,32750,10000
CHENAB,Khanki,30-Sept-19,23033,15450
CHENAB,Qadirabad,30-Sept-19,24749,2749
CHENAB,Trimmu,30-Sept-19,20315,3915
CHENAB,Punjnad,30-Sept-19,14084,Nil
RAVI,Jassar,30-Sept-19,-,8098
RAVI,Balloki,30-Sept-19,34330,4830
RAVI,Sidhnai,30-Sept-19,14550,Nil
SUTLEJ,Sulemanki,30-Sept-19,15565,2696
SUTLEJ,Islam,30-Sept-19,550,Nil
INDUS,Kalabagh,30-Sept-19,129920,121520
INDUS,Chashma,30-Sept-19,120601,115001
INDUS,Taunsa,30-Sept-19,129902,104202
INDUS,Guddu,30-Sept-19,107513,81213
INDUS,Sukkar,30-Sept-19,76560,30050
INDUS,Kotri,30-Sept-19,33948,3963
JHELUM,Kotli,30-Sept-19,-,3120
JHELUM,Mangla,30-Sept-19,13000,65719
JHELUM,Rasul,30-Sept-19,31945,11895
CHENAB,Jammu Tavi,30-Sept-19,-,-
CHENAB,Marala,30-Sept-19,32750,10000
CHENAB,Khanki,30-Sept-19,23033,15450
CHENAB,Qadirabad,30-Sept-19,27399,5399
CHENAB,Trimmu,30-Sept-19,24159,7759
CHENAB,Punjnad,30-Sept-19,14084,Nil
RAVI,Jassar,30-Sept-19,-,6852
RAVI,Balloki,30-Sept-19,34330,4830
RAVI,Sidhnai,30-Sept-19,14750,Nil
SUTLEJ,Sulemanki,30-Sept-19,15565,2696
SUTLEJ,Islam,30-Sept-19,550,Nil
INDUS,Kalabagh,01-Oct-19,137662,129262
INDUS,Chashma,01-Oct-19,122363,116763
INDUS,Taunsa,01-Oct-19,121175,95475
INDUS,Guddu,01-Oct-19,102180,75880
INDUS,Sukkar,01-Oct-19,76480,28470
INDUS,Kotri,01-Oct-19,33948,3963
JHELUM,Kotli,01-Oct-19,-,3120
JHELUM,Mangla,01-Oct-19,15000,16373
JHELUM,Rasul,01-Oct-19,31945,11895
CHENAB,Jammu Tavi,01-Oct-19,-,-
CHENAB,Marala,01-Oct-19,32750,10000
CHENAB,Khanki,01-Oct-19,15047,7464
CHENAB,Qadirabad,01-Oct-19,30006,8006
CHENAB,Trimmu,01-Oct-19,24159,7759
CHENAB,Punjnad,01-Oct-19,14084,Nil
RAVI,Jassar,01-Oct-19,-,6602
RAVI,Balloki,01-Oct-19,35330,4830
RAVI,Sidhnai,01-Oct-19,14750,Nil
SUTLEJ,Sulemanki,01-Oct-19,18499,5730
SUTLEJ,Islam,01-Oct-19,600,Nil
INDUS,Kalabagh,01-Oct-19,153224,144824
INDUS,Chashma,01-Oct-19,126194,118930
INDUS,Taunsa,01-Oct-19,121175,95475
INDUS,Guddu,01-Oct-19,102180,75880
INDUS,Sukkar,01-Oct-19,76480,28470
INDUS,Kotri,01-Oct-19,33948,3963
JHELUM,Kotli,01-Oct-19,-,4410
JHELUM,Mangla,01-Oct-19,16000,16377
JHELUM,Rasul,01-Oct-19,59280,39230
CHENAB,Jammu Tavi,01-Oct-19,-,-
CHENAB,Marala,01-Oct-19,32750,10000
CHENAB,Khanki,01-Oct-19,15953,8419
CHENAB,Qadirabad,01-Oct-19,24749,2749
CHENAB,Trimmu,01-Oct-19,26460,10060
CHENAB,Punjnad,01-Oct-19,14250,Nil
RAVI,Jassar,01-Oct-19,-,5507
RAVI,Balloki,01-Oct-19,37235,5735
RAVI,Sidhnai,01-Oct-19,14750,Nil
SUTLEJ,Sulemanki,01-Oct-19,18499,5730
SUTLEJ,Islam,01-Oct-19,600,Nil
INDUS,Kalabagh,01-Oct-19,121458,113058
INDUS,Chashma,01-Oct-19,126360,119396
INDUS,Taunsa,01-Oct-19,120875,95475
INDUS,Guddu,01-Oct-19,102180,75880
INDUS,Sukkar,01-Oct-19,76480,28470
INDUS,Kotri,01-Oct-19,35065,3180
JHELUM,Kotli,01-Oct-19,-,5150
JHELUM,Mangla,01-Oct-19,15000,65510
JHELUM,Rasul,01-Oct-19,59280,39230
CHENAB,Jammu Tavi,01-Oct-19,-,-
CHENAB,Marala,01-Oct-19,28500,10000
CHENAB,Khanki,01-Oct-19,20644,13110
CHENAB,Qadirabad,01-Oct-19,24749,2749
CHENAB,Trimmu,01-Oct-19,26460,10060
CHENAB,Punjnad,01-Oct-19,14250,Nil
RAVI,Jassar,01-Oct-19,-,5168
RAVI,Balloki,01-Oct-19,38135,6635
RAVI,Sidhnai,01-Oct-19,14750,Nil
SUTLEJ,Sulemanki,01-Oct-19,20416,7750
SUTLEJ,Islam,01-Oct-19,600,Nil
INDUS,Kalabagh,01-Oct-19,112588,104188
INDUS,Chashma,01-Oct-19,124054,119054
INDUS,Taunsa,01-Oct-19,120875,95475
INDUS,Guddu,01-Oct-19,102180,75880
INDUS,Sukkar,01-Oct-19,76480,28470
INDUS,Kotri,01-Oct-19,35065,3180
JHELUM,Kotli,01-Oct-19,-,4170
JHELUM,Mangla,01-Oct-19,14000,65910
JHELUM,Rasul,01-Oct-19,31945,11895
CHENAB,Jammu Tavi,01-Oct-19,-,-
CHENAB,Marala,01-Oct-19,27927,10000
CHENAB,Khanki,01-Oct-19,13122,5598
CHENAB,Qadirabad,01-Oct-19,24749,2749
CHENAB,Trimmu,01-Oct-19,28732,12332
CHENAB,Punjnad,01-Oct-19,14250,Nil
RAVI,Jassar,01-Oct-19,-,4829
RAVI,Balloki,01-Oct-19,38135,6635
RAVI,Sidhnai,01-Oct-19,14200,Nil
SUTLEJ,Sulemanki,01-Oct-19,20963,8297
SUTLEJ,Islam,01-Oct-19,600,Nil
INDUS,Kalabagh,02-Oct-19,129569,121169
INDUS,Chashma,02-Oct-19,124279,119279
INDUS,Taunsa,02-Oct-19,120175,95475
INDUS,Guddu,02-Oct-19,102423,78136
INDUS,Sukkar,02-Oct-19,69170,23800
INDUS,Kotri,02-Oct-19,33770,2385
JHELUM,Kotli,02-Oct-19,-,4050
JHELUM,Mangla,02-Oct-19,18000,16777
JHELUM,Rasul,02-Oct-19,31945,11895
CHENAB,Jammu Tavi,02-Oct-19,-,-
CHENAB,Marala,02-Oct-19,27927,10000
CHENAB,Khanki,02-Oct-19,14998,7464
CHENAB,Qadirabad,02-Oct-19,24749,2749
CHENAB,Trimmu,02-Oct-19,28432,12332
CHENAB,Punjnad,02-Oct-19,14070,Nil
RAVI,Jassar,02-Oct-19,-,4999
RAVI,Balloki,02-Oct-19,39945,8445
RAVI,Sidhnai,02-Oct-19,14083,1983
SUTLEJ,Sulemanki,02-Oct-19,20963,8297
SUTLEJ,Islam,02-Oct-19,600,Nil
INDUS,Kalabagh,02-Oct-19,144568,136168
INDUS,Chashma,02-Oct-19,124077,119077
INDUS,Taunsa,02-Oct-19,122088,97388
INDUS,Guddu,02-Oct-19,102423,78136
INDUS,Sukkar,02-Oct-19,69170,23800
INDUS,Kotri,02-Oct-19,33770,2385
JHELUM,Kotli,02-Oct-19,-,3350
JHELUM,Mangla,02-Oct-19,18000,16777
JHELUM,Rasul,02-Oct-19,59280,39230
CHENAB,Jammu Tavi,02-Oct-19,-,-
CHENAB,Marala,02-Oct-19,27699,10000
CHENAB,Khanki,02-Oct-19,11194,3732
CHENAB,Qadirabad,02-Oct-19,21000,Nil
CHENAB,Trimmu,02-Oct-19,28432,12332
CHENAB,Punjnad,02-Oct-19,14070,Nil
RAVI,Jassar,02-Oct-19,-,6014
RAVI,Balloki,02-Oct-19,39945,8445
RAVI,Sidhnai,02-Oct-19,14417,2317
SUTLEJ,Sulemanki,02-Oct-19,20963,8297
SUTLEJ,Islam,02-Oct-19,600,Nil
INDUS,Kalabagh,02-Oct-19,116465,108065
INDUS,Chashma,02-Oct-19,122466,117466
INDUS,Taunsa,02-Oct-19,122088,97388
INDUS,Guddu,02-Oct-19,102423,78136
INDUS,Sukkar,02-Oct-19,69170,23800
INDUS,Kotri,02-Oct-19,34470,2385
JHELUM,Kotli,02-Oct-19,-,3240
JHELUM,Mangla,02-Oct-19,16000,65697
JHELUM,Rasul,02-Oct-19,59280,39230
CHENAB,Jammu Tavi,02-Oct-19,-,-
CHENAB,Marala,02-Oct-19,30754,10000
CHENAB,Khanki,02-Oct-19,13060,5598
CHENAB,Qadirabad,02-Oct-19,21000,Nil
CHENAB,Trimmu,02-Oct-19,28432,12332
CHENAB,Punjnad,02-Oct-19,14070,Nil
RAVI,Jassar,02-Oct-19,-,6353
RAVI,Balloki,02-Oct-19,39945,8445
RAVI,Sidhnai,02-Oct-19,15105,3305
SUTLEJ,Sulemanki,02-Oct-19,21015,8297
SUTLEJ,Islam,02-Oct-19,400,Nil
INDUS,Kalabagh,02-Oct-19,115458,107058
INDUS,Chashma,02-Oct-19,120274,115274
INDUS,Taunsa,02-Oct-19,121688,97488
INDUS,Guddu,02-Oct-19,102423,78136
INDUS,Sukkar,02-Oct-19,69170,23800
INDUS,Kotri,02-Oct-19,34470,2385
JHELUM,Kotli,02-Oct-19,-,3240
JHELUM,Mangla,02-Oct-19,15000,65697
JHELUM,Rasul,02-Oct-19,35850,15800
CHENAB,Jammu Tavi,02-Oct-19,-,-
CHENAB,Marala,02-Oct-19,27294,10000
CHENAB,Khanki,02-Oct-19,13060,5598
CHENAB,Qadirabad,02-Oct-19,21000,Nil
CHENAB,Trimmu,02-Oct-19,28432,12332
CHENAB,Punjnad,02-Oct-19,14070,Nil
RAVI,Jassar,02-Oct-19,-,6014
RAVI,Balloki,02-Oct-19,39945,8445
RAVI,Sidhnai,02-Oct-19,14805,3305
SUTLEJ,Sulemanki,02-Oct-19,21015,8297
SUTLEJ,Islam,02-Oct-19,400,Nil
INDUS,Kalabagh,03-Oct-19,140526,132126
INDUS,Chashma,03-Oct-19,121926,116926
INDUS,Taunsa,03-Oct-19,117433,95545
INDUS,Guddu,03-Oct-19,101800,78520
INDUS,Sukkar,03-Oct-19,69155,23800
INDUS,Kotri,03-Oct-19,33719,1334
JHELUM,Kotli,03-Oct-19,-,3120
JHELUM,Mangla,03-Oct-19,15000,24938
JHELUM,Rasul,03-Oct-19,35850,15800
CHENAB,Jammu Tavi,03-Oct-19,-,-
CHENAB,Marala,03-Oct-19,27407,10000
CHENAB,Khanki,03-Oct-19,13060,5598
CHENAB,Qadirabad,03-Oct-19,24749,2749
CHENAB,Trimmu,03-Oct-19,28432,12332
CHENAB,Punjnad,03-Oct-19,14084,Nil
RAVI,Jassar,03-Oct-19,-,6353
RAVI,Balloki,03-Oct-19,39945,8445
RAVI,Sidhnai,03-Oct-19,14805,3305
SUTLEJ,Sulemanki,03-Oct-19,19368,6650
SUTLEJ,Islam,03-Oct-19,400,Nil
INDUS,Kalabagh,03-Oct-19,132785,124385
INDUS,Chashma,03-Oct-19,121896,116946
INDUS,Taunsa,03-Oct-19,117433,95545
INDUS,Guddu,03-Oct-19,101800,78520
INDUS,Sukkar,03-Oct-19,69155,23800
INDUS,Kotri,03-Oct-19,33763,538
JHELUM,Kotli,03-Oct-19,-,3010
JHELUM,Mangla,03-Oct-19,15000,24902
JHELUM,Rasul,03-Oct-19,55375,35325
CHENAB,Jammu Tavi,03-Oct-19,-,-
CHENAB,Marala,03-Oct-19,27262,10000
CHENAB,Khanki,03-Oct-19,12197,4687
CHENAB,Qadirabad,03-Oct-19,22000,Nil
CHENAB,Trimmu,03-Oct-19,28432,12332
CHENAB,Punjnad,03-Oct-19,13615,Nil
RAVI,Jassar,03-Oct-19,-,5168
RAVI,Balloki,03-Oct-19,38435,6635
RAVI,Sidhnai,03-Oct-19,14505,3305
SUTLEJ,Sulemanki,03-Oct-19,19368,6650
SUTLEJ,Islam,03-Oct-19,400,Nil
INDUS,Kalabagh,03-Oct-19,115452,107052
INDUS,Chashma,03-Oct-19,123047,116733
INDUS,Taunsa,03-Oct-19,117433,95545
INDUS,Guddu,03-Oct-19,101800,78520
INDUS,Sukkar,03-Oct-19,69155,23800
INDUS,Kotri,03-Oct-19,33763,538
JHELUM,Kotli,03-Oct-19,-,3120
JHELUM,Mangla,03-Oct-19,15000,24125
JHELUM,Rasul,03-Oct-19,59280,39230
CHENAB,Jammu Tavi,03-Oct-19,-,-
CHENAB,Marala,03-Oct-19,25647,10000
CHENAB,Khanki,03-Oct-19,12197,4687
CHENAB,Qadirabad,03-Oct-19,22000,Nil
CHENAB,Trimmu,03-Oct-19,26719,11127
CHENAB,Punjnad,03-Oct-19,13590,Nil
RAVI,Jassar,03-Oct-19,-,4999
RAVI,Balloki,03-Oct-19,37935,6635
RAVI,Sidhnai,03-Oct-19,12972,1322
SUTLEJ,Sulemanki,03-Oct-19,19321,6650
SUTLEJ,Islam,03-Oct-19,400,Nil
INDUS,Kalabagh,03-Oct-19,103990,95590
INDUS,Chashma,03-Oct-19,121553,117053
INDUS,Taunsa,03-Oct-19,117433,95545
INDUS,Guddu,03-Oct-19,101800,78520
INDUS,Sukkar,03-Oct-19,69155,23800
INDUS,Kotri,03-Oct-19,33763,538
JHELUM,Kotli,03-Oct-19,-,3240
JHELUM,Mangla,03-Oct-19,14000,62256
JHELUM,Rasul,03-Oct-19,39605,19705
CHENAB,Jammu Tavi,03-Oct-19,-,-
CHENAB,Marala,03-Oct-19,23250,10000
CHENAB,Khanki,03-Oct-19,13859,6553
CHENAB,Qadirabad,03-Oct-19,22000,Nil
CHENAB,Trimmu,03-Oct-19,26719,11127
CHENAB,Punjnad,03-Oct-19,13190,Nil
RAVI,Jassar,03-Oct-19,-,5168
RAVI,Balloki,03-Oct-19,38340,7540
RAVI,Sidhnai,03-Oct-19,15166,3966
SUTLEJ,Sulemanki,03-Oct-19,19269,6650
SUTLEJ,Islam,03-Oct-19,400,Nil
INDUS,Kalabagh,04-Oct-19,119231,110831
INDUS,Chashma,04-Oct-19,121557,117057
INDUS,Taunsa,04-Oct-19,120461,98013
INDUS,Guddu,04-Oct-19,98029,78520
INDUS,Sukkar,04-Oct-19,70560,24750
INDUS,Kotri,04-Oct-19,31675,11320
JHELUM,Kotli,04-Oct-19,-,3460
JHELUM,Mangla,04-Oct-19,15000,60258
JHELUM,Rasul,04-Oct-19,31795,11895
CHENAB,Jammu Tavi,04-Oct-19,-,-
CHENAB,Marala,04-Oct-19,23250,10000
CHENAB,Khanki,04-Oct-19,12714,5598
CHENAB,Qadirabad,04-Oct-19,22000,Nil
CHENAB,Trimmu,04-Oct-19,26432,12332
CHENAB,Punjnad,04-Oct-19,13616,Nil
RAVI,Jassar,04-Oct-19,-,4999
RAVI,Balloki,04-Oct-19,36535,5735
RAVI,Sidhnai,04-Oct-19,15166,3966
SUTLEJ,Sulemanki,04-Oct-19,20512,8350
SUTLEJ,Islam,04-Oct-19,400,Nil
INDUS,Kalabagh,04-Oct-19,119231,110831
INDUS,Chashma,04-Oct-19,119904,117068
INDUS,Taunsa,04-Oct-19,122716,101316
INDUS,Guddu,04-Oct-19,97614,79503
INDUS,Sukkar,04-Oct-19,70560,24750
INDUS,Kotri,04-Oct-19,31675,11320
JHELUM,Kotli,04-Oct-19,-,3240
JHELUM,Mangla,04-Oct-19,15000,24902
JHELUM,Rasul,04-Oct-19,51320,31420
CHENAB,Jammu Tavi,04-Oct-19,-,-
CHENAB,Marala,04-Oct-19,23100,10000
CHENAB,Khanki,04-Oct-19,12608,5598
CHENAB,Qadirabad,04-Oct-19,22000,Nil
CHENAB,Trimmu,04-Oct-19,26432,12332
CHENAB,Punjnad,04-Oct-19,14383,Nil
RAVI,Jassar,04-Oct-19,-,4154
RAVI,Balloki,04-Oct-19,36535,5735
RAVI,Sidhnai,04-Oct-19,16488,5288
SUTLEJ,Sulemanki,04-Oct-19,20317,8350
SUTLEJ,Islam,04-Oct-19,2927,1777
INDUS,Kalabagh,04-Oct-19,88539,80139
INDUS,Chashma,04-Oct-19,119754,116918
INDUS,Taunsa,04-Oct-19,122716,101316
INDUS,Guddu,04-Oct-19,97614,79503
INDUS,Sukkar,04-Oct-19,70560,24750
INDUS,Kotri,04-Oct-19,31675,11320
JHELUM,Kotli,04-Oct-19,-,3120
JHELUM,Mangla,04-Oct-19,14000,62066
JHELUM,Rasul,04-Oct-19,55975,35325
CHENAB,Jammu Tavi,04-Oct-19,-,-
CHENAB,Marala,04-Oct-19,23434,10934
CHENAB,Khanki,04-Oct-19,8876,1866
CHENAB,Qadirabad,04-Oct-19,22000,Nil
CHENAB,Trimmu,04-Oct-19,29561,15461
CHENAB,Punjnad,04-Oct-19,14583,Nil
RAVI,Jassar,04-Oct-19,-,4154
RAVI,Balloki,04-Oct-19,35630,4830
RAVI,Sidhnai,04-Oct-19,17910,6610
SUTLEJ,Sulemanki,04-Oct-19,20317,8350
SUTLEJ,Islam,04-Oct-19,2927,1777
INDUS,Kalabagh,04-Oct-19,92445,84345
INDUS,Chashma,04-Oct-19,121522,117022
INDUS,Taunsa,04-Oct-19,122716,101316
INDUS,Guddu,04-Oct-19,97614,79503
INDUS,Sukkar,04-Oct-19,70560,24750
INDUS,Kotri,04-Oct-19,31675,11320
JHELUM,Kotli,04-Oct-19,-,3240
JHELUM,Mangla,04-Oct-19,14000,62066
JHELUM,Rasul,04-Oct-19,41355,19705
CHENAB,Jammu Tavi,04-Oct-19,-,-
CHENAB,Marala,04-Oct-19,20300,8000
CHENAB,Khanki,04-Oct-19,14426,7464
CHENAB,Qadirabad,04-Oct-19,22000,Nil
CHENAB,Trimmu,04-Oct-19,29561,15461
CHENAB,Punjnad,04-Oct-19,14583,Nil
RAVI,Jassar,04-Oct-19,-,4407
RAVI,Balloki,04-Oct-19,35630,4830
RAVI,Sidhnai,04-Oct-19,18260,6610
SUTLEJ,Sulemanki,04-Oct-19,20268,8350
SUTLEJ,Islam,04-Oct-19,2927,1777
INDUS,Kalabagh,05-Oct-19,118938,110938
INDUS,Chashma,05-Oct-19,121391,116891
INDUS,Taunsa,05-Oct-19,122716,101566
INDUS,Guddu,05-Oct-19,97944,80587
INDUS,Sukkar,05-Oct-19,71100,25660
INDUS,Kotri,05-Oct-19,30018,9863
JHELUM,Kotli,05-Oct-19,-,3350
JHELUM,Mangla,05-Oct-19,13000,61422
JHELUM,Rasul,05-Oct-19,37950,15800
CHENAB,Jammu Tavi,05-Oct-19,-,-
CHENAB,Marala,05-Oct-19,23234,10934
CHENAB,Khanki,05-Oct-19,12560,5598
CHENAB,Qadirabad,05-Oct-19,22000,Nil
CHENAB,Trimmu,05-Oct-19,29561,15461
CHENAB,Punjnad,05-Oct-19,14890,Nil
RAVI,Jassar,05-Oct-19,-,4660
RAVI,Balloki,05-Oct-19,35630,4830
RAVI,Sidhnai,05-Oct-19,18310,6610
SUTLEJ,Sulemanki,05-Oct-19,20268,8350
SUTLEJ,Islam,05-Oct-19,2927,1777
INDUS,Kalabagh,05-Oct-19,118938,110938
INDUS,Chashma,05-Oct-19,101845,100050
INDUS,Taunsa,05-Oct-19,118820,98336
INDUS,Guddu,05-Oct-19,97944,80587
INDUS,Sukkar,05-Oct-19,71100,25660
INDUS,Kotri,05-Oct-19,30088,6393
JHELUM,Kotli,05-Oct-19,-,3240
JHELUM,Mangla,05-Oct-19,14000,24833
JHELUM,Rasul,05-Oct-19,54320,31420
CHENAB,Jammu Tavi,05-Oct-19,-,-
CHENAB,Marala,05-Oct-19,19700,8000
CHENAB,Khanki,05-Oct-19,12560,5598
CHENAB,Qadirabad,05-Oct-19,24749,2749
CHENAB,Trimmu,05-Oct-19,30480,16380
CHENAB,Punjnad,05-Oct-19,15354,Nil
RAVI,Jassar,05-Oct-19,-,4407
RAVI,Balloki,05-Oct-19,35630,4830
RAVI,Sidhnai,05-Oct-19,18310,6610
SUTLEJ,Sulemanki,05-Oct-19,20268,8350
SUTLEJ,Islam,05-Oct-19,4747,3597
INDUS,Kalabagh,05-Oct-19,103027,95027
INDUS,Chashma,05-Oct-19,102705,100205
INDUS,Taunsa,05-Oct-19,118317,97919
INDUS,Guddu,05-Oct-19,97944,80587
INDUS,Sukkar,05-Oct-19,71100,25660
INDUS,Kotri,05-Oct-19,29720,1605
JHELUM,Kotli,05-Oct-19,-,3120
JHELUM,Mangla,05-Oct-19,14000,57057
JHELUM,Rasul,05-Oct-19,54320,31420
CHENAB,Jammu Tavi,05-Oct-19,-,-
CHENAB,Marala,05-Oct-19,22334,10934
CHENAB,Khanki,05-Oct-19,12596,5598
CHENAB,Qadirabad,05-Oct-19,24749,2749
CHENAB,Trimmu,05-Oct-19,30480,16380
CHENAB,Punjnad,05-Oct-19,16000,Nil
RAVI,Jassar,05-Oct-19,-,4660
RAVI,Balloki,05-Oct-19,35630,4830
RAVI,Sidhnai,05-Oct-19,18594,6944
SUTLEJ,Sulemanki,05-Oct-19,20268,8350
SUTLEJ,Islam,05-Oct-19,4747,3597
INDUS,Kalabagh,05-Oct-19,103027,95027
INDUS,Chashma,05-Oct-19,102457,99957
INDUS,Taunsa,05-Oct-19,117619,97919
INDUS,Guddu,05-Oct-19,97944,80587
INDUS,Sukkar,05-Oct-19,71100,25660
INDUS,Kotri,05-Oct-19,29720,1605
JHELUM,Kotli,05-Oct-19,-,3010
JHELUM,Mangla,05-Oct-19,13000,57057
JHELUM,Rasul,05-Oct-19,42605,19705
CHENAB,Jammu Tavi,05-Oct-19,-,-
CHENAB,Marala,05-Oct-19,18900,8000
CHENAB,Khanki,05-Oct-19,12596,5598
CHENAB,Qadirabad,05-Oct-19,24749,2749
CHENAB,Trimmu,05-Oct-19,30480,16380
CHENAB,Punjnad,05-Oct-19,15200,Nil
RAVI,Jassar,05-Oct-19,-,4407
RAVI,Balloki,05-Oct-19,33640,2440
RAVI,Sidhnai,05-Oct-19,18144,6944
SUTLEJ,Sulemanki,05-Oct-19,20268,8350
SUTLEJ,Islam,05-Oct-19,4747,3597
INDUS,Kalabagh,06-Oct-19,108803,100603
INDUS,Chashma,06-Oct-19,102505,100005
INDUS,Taunsa,06-Oct-19,117619,97919
INDUS,Guddu,06-Oct-19,98554,85744
INDUS,Sukkar,06-Oct-19,76085,43775
INDUS,Kotri,06-Oct-19,29641,806
JHELUM,Kotli,06-Oct-19,-,3120
JHELUM,Mangla,06-Oct-19,10000,24833
JHELUM,Rasul,06-Oct-19,34795,11895
CHENAB,Jammu Tavi,06-Oct-19,-,-
CHENAB,Marala,06-Oct-19,21834,10934
CHENAB,Khanki,06-Oct-19,10730,3732
CHENAB,Qadirabad,06-Oct-19,24749,2749
CHENAB,Trimmu,06-Oct-19,30480,16380
CHENAB,Punjnad,06-Oct-19,17772,2572
RAVI,Jassar,06-Oct-19,-,4660
RAVI,Balloki,06-Oct-19,33030,1830
RAVI,Sidhnai,06-Oct-19,16272,4627
SUTLEJ,Sulemanki,06-Oct-19,20371,8350
SUTLEJ,Islam,06-Oct-19,4747,3597
INDUS,Kalabagh,06-Oct-19,108803,100603
INDUS,Chashma,06-Oct-19,101587,99087
INDUS,Taunsa,06-Oct-19,118167,98967
INDUS,Guddu,06-Oct-19,98554,85744
INDUS,Sukkar,06-Oct-19,76085,43775
INDUS,Kotri,06-Oct-19,29641,806
JHELUM,Kotli,06-Oct-19,-,3010
JHELUM,Mangla,06-Oct-19,12000,24833
JHELUM,Rasul,06-Oct-19,54320,31420
CHENAB,Jammu Tavi,06-Oct-19,-,-
CHENAB,Marala,06-Oct-19,22284,10934
CHENAB,Khanki,06-Oct-19,14462,7464
CHENAB,Qadirabad,06-Oct-19,24749,2749
CHENAB,Trimmu,06-Oct-19,30480,16380
CHENAB,Punjnad,06-Oct-19,19303,4103
RAVI,Jassar,06-Oct-19,-,4660
RAVI,Balloki,06-Oct-19,33030,1830
RAVI,Sidhnai,06-Oct-19,16277,4627
SUTLEJ,Sulemanki,06-Oct-19,20371,8350
SUTLEJ,Islam,06-Oct-19,4747,3597
INDUS,Kalabagh,06-Oct-19,104650,96450
INDUS,Chashma,06-Oct-19,95308,92808
INDUS,Taunsa,06-Oct-19,118167,98967
INDUS,Guddu,06-Oct-19,98554,85744
INDUS,Sukkar,06-Oct-19,76085,43775
INDUS,Kotri,06-Oct-19,29641,806
JHELUM,Kotli,06-Oct-19,-,2900
JHELUM,Mangla,06-Oct-19,11000,48823
JHELUM,Rasul,06-Oct-19,50415,27515
CHENAB,Jammu Tavi,06-Oct-19,-,-
CHENAB,Marala,06-Oct-19,22384,10934
CHENAB,Khanki,06-Oct-19,11885,4687
CHENAB,Qadirabad,06-Oct-19,24749,2749
CHENAB,Trimmu,06-Oct-19,30480,16380
CHENAB,Punjnad,06-Oct-19,18203,4103
RAVI,Jassar,06-Oct-19,-,4154
RAVI,Balloki,06-Oct-19,32730,1830
RAVI,Sidhnai,06-Oct-19,16231,5288
SUTLEJ,Sulemanki,06-Oct-19,20469,8350
SUTLEJ,Islam,06-Oct-19,4747,3597
INDUS,Kalabagh,06-Oct-19,104650,96450
INDUS,Chashma,06-Oct-19,94230,91730
INDUS,Taunsa,06-Oct-19,116967,98767
INDUS,Guddu,06-Oct-19,98554,85744
INDUS,Sukkar,06-Oct-19,76085,43775
INDUS,Kotri,06-Oct-19,29641,806
JHELUM,Kotli,06-Oct-19,-,2790
JHELUM,Mangla,06-Oct-19,11000,48823
JHELUM,Rasul,06-Oct-19,38700,15800
CHENAB,Jammu Tavi,06-Oct-19,-,-
CHENAB,Marala,06-Oct-19,19150,8000
CHENAB,Khanki,06-Oct-19,11885,4687
CHENAB,Qadirabad,06-Oct-19,24749,2749
CHENAB,Trimmu,06-Oct-19,30480,16380
CHENAB,Punjnad,06-Oct-19,18203,4103
RAVI,Jassar,06-Oct-19,-,4407
RAVI,Balloki,06-Oct-19,32120,1220
RAVI,Sidhnai,06-Oct-19,16515,8215
SUTLEJ,Sulemanki,06-Oct-19,19955,8350
SUTLEJ,Islam,06-Oct-19,4747,3597
INDUS,Kalabagh,07-Oct-19,109933,101733
INDUS,Chashma,07-Oct-19,94823,92323
INDUS,Taunsa,07-Oct-19,116967,98767
INDUS,Guddu,07-Oct-19,99584,89059
INDUS,Sukkar,07-Oct-19,81020,49200
INDUS,Kotri,07-Oct-19,30061,806
JHELUM,Kotli,07-Oct-19,-,2900
JHELUM,Mangla,07-Oct-19,9000,24798
JHELUM,Rasul,07-Oct-19,30890,7990
CHENAB,Jammu Tavi,07-Oct-19,-,-
CHENAB,Marala,07-Oct-19,19150,8000
CHENAB,Khanki,07-Oct-19,11885,4687
CHENAB,Qadirabad,07-Oct-19,24749,2749
CHENAB,Trimmu,07-Oct-19,30480,16380
CHENAB,Punjnad,07-Oct-19,22136,8036
RAVI,Jassar,07-Oct-19,-,4660
RAVI,Balloki,07-Oct-19,31520,620
RAVI,Sidhnai,07-Oct-19,17299,9499
SUTLEJ,Sulemanki,07-Oct-19,17251,5646
SUTLEJ,Islam,07-Oct-19,4747,3597
INDUS,Kalabagh,07-Oct-19,118183,109983
INDUS,Chashma,07-Oct-19,96477,93977
INDUS,Taunsa,07-Oct-19,116967,98767
INDUS,Guddu,07-Oct-19,99584,89059
INDUS,Sukkar,07-Oct-19,81020,49200
INDUS,Kotri,07-Oct-19,30061,806
JHELUM,Kotli,07-Oct-19,-,2790
JHELUM,Mangla,07-Oct-19,9000,24798
JHELUM,Rasul,07-Oct-19,46510,23610
CHENAB,Jammu Tavi,07-Oct-19,-,-
CHENAB,Marala,07-Oct-19,19400,8000
CHENAB,Khanki,07-Oct-19,9017,1866
CHENAB,Qadirabad,07-Oct-19,22000,Nil
CHENAB,Trimmu,07-Oct-19,30380,16380
CHENAB,Punjnad,07-Oct-19,27942,13842
RAVI,Jassar,07-Oct-19,-,3648
RAVI,Balloki,07-Oct-19,30700,Nil
RAVI,Sidhnai,07-Oct-19,17299,9499
SUTLEJ,Sulemanki,07-Oct-19,17251,5646
SUTLEJ,Islam,07-Oct-19,6228,5828
INDUS,Kalabagh,07-Oct-19,98643,90443
INDUS,Chashma,07-Oct-19,89536,87036
INDUS,Taunsa,07-Oct-19,113992,95792
INDUS,Guddu,07-Oct-19,99584,89059
INDUS,Sukkar,07-Oct-19,81020,49200
INDUS,Kotri,07-Oct-19,30061,806
JHELUM,Kotli,07-Oct-19,-,2680
JHELUM,Mangla,07-Oct-19,10000,48823
JHELUM,Rasul,07-Oct-19,42605,19705
CHENAB,Jammu Tavi,07-Oct-19,-,-
CHENAB,Marala,07-Oct-19,14884,3584
CHENAB,Khanki,07-Oct-19,10833,3732
CHENAB,Qadirabad,07-Oct-19,22000,Nil
CHENAB,Trimmu,07-Oct-19,28347,14347
CHENAB,Punjnad,07-Oct-19,28442,13842
RAVI,Jassar,07-Oct-19,-,3901
RAVI,Balloki,07-Oct-19,30700,Nil
RAVI,Sidhnai,07-Oct-19,17599,9499
SUTLEJ,Sulemanki,07-Oct-19,17447,5646
SUTLEJ,Islam,07-Oct-19,6228,5828
INDUS,Kalabagh,07-Oct-19,89103,80903
INDUS,Chashma,07-Oct-19,90924,86760
INDUS,Taunsa,07-Oct-19,113992,95792
INDUS,Guddu,07-Oct-19,99584,89059
INDUS,Sukkar,07-Oct-19,81020,49200
INDUS,Kotri,07-Oct-19,30061,806
JHELUM,Kotli,07-Oct-19,-,2570
JHELUM,Mangla,07-Oct-19,10000,48823
JHELUM,Rasul,07-Oct-19,28241,5341
CHENAB,Jammu Tavi,07-Oct-19,-,-
CHENAB,Marala,07-Oct-19,14845,5000
CHENAB,Khanki,07-Oct-19,7175,Nil
CHENAB,Qadirabad,07-Oct-19,22000,Nil
CHENAB,Trimmu,07-Oct-19,28347,14347
CHENAB,Punjnad,07-Oct-19,28342,13842
RAVI,Jassar,07-Oct-19,-,3648
RAVI,Balloki,07-Oct-19,30200,Nil
RAVI,Sidhnai,07-Oct-19,15410,6610
SUTLEJ,Sulemanki,07-Oct-19,17355,5646
SUTLEJ,Islam,07-Oct-19,6428,5828
INDUS,Kalabagh,08-Oct-19,115996,107796
INDUS,Chashma,08-Oct-19,89213,86713
INDUS,Taunsa,08-Oct-19,107975,89775
INDUS,Guddu,08-Oct-19,100972,91402
INDUS,Sukkar,08-Oct-19,83310,50550
INDUS,Kotri,08-Oct-19,30061,806
JHELUM,Kotli,08-Oct-19,-,2570
JHELUM,Mangla,08-Oct-19,13000,24798
JHELUM,Rasul,08-Oct-19,28241,5341
CHENAB,Jammu Tavi,08-Oct-19,-,-
CHENAB,Marala,08-Oct-19,14845,5000
CHENAB,Khanki,08-Oct-19,9996,2821
CHENAB,Qadirabad,08-Oct-19,22000,Nil
CHENAB,Trimmu,08-Oct-19,28347,14347
CHENAB,Punjnad,08-Oct-19,28342,13842
RAVI,Jassar,08-Oct-19,-,4154
RAVI,Balloki,08-Oct-19,27700,Nil
RAVI,Sidhnai,08-Oct-19,16675,7875
SUTLEJ,Sulemanki,08-Oct-19,17355,5646
SUTLEJ,Islam,08-Oct-19,6428,5828
INDUS,Kalabagh,08-Oct-19,100553,92353
INDUS,Chashma,08-Oct-19,92587,90087
INDUS,Taunsa,08-Oct-19,103422,85222
INDUS,Guddu,08-Oct-19,100972,91402
INDUS,Sukkar,08-Oct-19,83310,50550
INDUS,Kotri,08-Oct-19,30061,806
JHELUM,Kotli,08-Oct-19,-,2470
JHELUM,Mangla,08-Oct-19,12000,24764
JHELUM,Rasul,08-Oct-19,46510,23610
CHENAB,Jammu Tavi,08-Oct-19,-,-
CHENAB,Marala,08-Oct-19,15245,5000
CHENAB,Khanki,08-Oct-19,7175,Nil
CHENAB,Qadirabad,08-Oct-19,18000,Nil
CHENAB,Trimmu,08-Oct-19,29544,15544
CHENAB,Punjnad,08-Oct-19,29272,14772
RAVI,Jassar,08-Oct-19,-,2888
RAVI,Balloki,08-Oct-19,27700,Nil
RAVI,Sidhnai,08-Oct-19,16675,7875
SUTLEJ,Sulemanki,08-Oct-19,17459,5646
SUTLEJ,Islam,08-Oct-19,6728,5828
INDUS,Kalabagh,08-Oct-19,92275,84075
INDUS,Chashma,08-Oct-19,84952,82452
INDUS,Taunsa,08-Oct-19,103422,85222
INDUS,Guddu,08-Oct-19,100972,91402
INDUS,Sukkar,08-Oct-19,83310,50550
INDUS,Kotri,08-Oct-19,30061,806
JHELUM,Kotli,08-Oct-19,-,2470
JHELUM,Mangla,08-Oct-19,12000,48687
JHELUM,Rasul,08-Oct-19,42605,19705
CHENAB,Jammu Tavi,08-Oct-19,-,-
CHENAB,Marala,08-Oct-19,15780,5000
CHENAB,Khanki,08-Oct-19,7222,Nil
CHENAB,Qadirabad,08-Oct-19,18000,Nil
CHENAB,Trimmu,08-Oct-19,28347,14347
CHENAB,Punjnad,08-Oct-19,29272,14772
RAVI,Jassar,08-Oct-19,-,2635
RAVI,Balloki,08-Oct-19,27700,Nil
RAVI,Sidhnai,08-Oct-19,15327,4627
SUTLEJ,Sulemanki,08-Oct-19,17563,5646
SUTLEJ,Islam,08-Oct-19,6728,5828
INDUS,Kalabagh,08-Oct-19,71000,62800
INDUS,Chashma,08-Oct-19,84676,82176
INDUS,Taunsa,08-Oct-19,103422,85222
INDUS,Guddu,08-Oct-19,100972,91402
INDUS,Sukkar,08-Oct-19,83310,50550
INDUS,Kotri,08-Oct-19,30061,806
JHELUM,Kotli,08-Oct-19,-,2570
JHELUM,Mangla,08-Oct-19,12000,48687
JHELUM,Rasul,08-Oct-19,30890,7990
CHENAB,Jammu Tavi,08-Oct-19,-,-
CHENAB,Marala,08-Oct-19,14978,5000
CHENAB,Khanki,08-Oct-19,7222,Nil
CHENAB,Qadirabad,08-Oct-19,18000,Nil
CHENAB,Trimmu,08-Oct-19,28347,14347
CHENAB,Punjnad,08-Oct-19,29322,14772
RAVI,Jassar,08-Oct-19,-,2888
RAVI,Balloki,08-Oct-19,27600,Nil
RAVI,Sidhnai,08-Oct-19,15827,4627
SUTLEJ,Sulemanki,08-Oct-19,17563,5646
SUTLEJ,Islam,08-Oct-19,6728,5828
INDUS,Kalabagh,09-Oct-19,108232,100032
INDUS,Chashma,09-Oct-19,84544,82044
INDUS,Taunsa,09-Oct-19,95329,81062
INDUS,Guddu,09-Oct-19,102855,94021
INDUS,Sukkar,09-Oct-19,86170,56790
INDUS,Kotri,09-Oct-19,29658,403
JHELUM,Kotli,09-Oct-19,-,2570
JHELUM,Mangla,09-Oct-19,13000,24764
JHELUM,Rasul,09-Oct-19,28241,5341
CHENAB,Jammu Tavi,09-Oct-19,-,-
CHENAB,Marala,09-Oct-19,14978,5000
CHENAB,Khanki,09-Oct-19,7222,Nil
CHENAB,Qadirabad,09-Oct-19,18000,Nil
CHENAB,Trimmu,09-Oct-19,28347,14347
CHENAB,Punjnad,09-Oct-19,29322,14772
RAVI,Jassar,09-Oct-19,-,3395
RAVI,Balloki,09-Oct-19,25600,Nil
RAVI,Sidhnai,09-Oct-19,15166,3966
SUTLEJ,Sulemanki,09-Oct-19,17563,5646
SUTLEJ,Islam,09-Oct-19,6728,5828
INDUS,Kalabagh,09-Oct-19,96943,88743
INDUS,Chashma,09-Oct-19,86958,84458
INDUS,Taunsa,09-Oct-19,95329,81062
INDUS,Guddu,09-Oct-19,102855,94021
INDUS,Sukkar,09-Oct-19,86190,56790
INDUS,Kotri,09-Oct-19,29658,403
JHELUM,Kotli,09-Oct-19,-,2470
JHELUM,Mangla,09-Oct-19,12000,24764
JHELUM,Rasul,09-Oct-19,46560,23610
CHENAB,Jammu Tavi,09-Oct-19,-,-
CHENAB,Marala,09-Oct-19,15513,5000
CHENAB,Khanki,09-Oct-19,7222,Nil
CHENAB,Qadirabad,09-Oct-19,18000,Nil
CHENAB,Trimmu,09-Oct-19,27208,12208
CHENAB,Punjnad,09-Oct-19,33124,18574
RAVI,Jassar,09-Oct-19,-,2888
RAVI,Balloki,09-Oct-19,25100,Nil
RAVI,Sidhnai,09-Oct-19,15166,3966
SUTLEJ,Sulemanki,09-Oct-19,17563,5646
SUTLEJ,Islam,09-Oct-19,4980,3980
INDUS,Kalabagh,09-Oct-19,96943,88743
INDUS,Chashma,09-Oct-19,88579,84010
INDUS,Taunsa,09-Oct-19,93211,78728
INDUS,Guddu,09-Oct-19,102855,94021
INDUS,Sukkar,09-Oct-19,86190,56790
INDUS,Kotri,09-Oct-19,29658,403
JHELUM,Kotli,09-Oct-19,-,2470
JHELUM,Mangla,09-Oct-19,13000,48550
JHELUM,Rasul,09-Oct-19,38750,15800
CHENAB,Jammu Tavi,09-Oct-19,-,-
CHENAB,Marala,09-Oct-19,15780,5000
CHENAB,Khanki,09-Oct-19,7270,Nil
CHENAB,Qadirabad,09-Oct-19,18000,Nil
CHENAB,Trimmu,09-Oct-19,27208,12208
CHENAB,Punjnad,09-Oct-19,32924,18574
RAVI,Jassar,09-Oct-19,-,2888
RAVI,Balloki,09-Oct-19,24100,Nil
RAVI,Sidhnai,09-Oct-19,14694,2644
SUTLEJ,Sulemanki,09-Oct-19,16243,4326
SUTLEJ,Islam,09-Oct-19,4980,3980
INDUS,Kalabagh,09-Oct-19,71431,63231
INDUS,Chashma,09-Oct-19,85409,82909
INDUS,Taunsa,09-Oct-19,93211,78728
INDUS,Guddu,09-Oct-19,102855,94021
INDUS,Sukkar,09-Oct-19,86190,56790
INDUS,Kotri,09-Oct-19,29658,403
JHELUM,Kotli,09-Oct-19,-,2470
JHELUM,Mangla,09-Oct-19,12000,48550
JHELUM,Rasul,09-Oct-19,28291,5341
CHENAB,Jammu Tavi,09-Oct-19,-,-
CHENAB,Marala,09-Oct-19,14978,5000
CHENAB,Khanki,09-Oct-19,7270,Nil
CHENAB,Qadirabad,09-Oct-19,18000,Nil
CHENAB,Trimmu,09-Oct-19,23888,8888
CHENAB,Punjnad,09-Oct-19,32974,18574
RAVI,Jassar,09-Oct-19,-,3141
RAVI,Balloki,09-Oct-19,23000,Nil
RAVI,Sidhnai,09-Oct-19,14694,2644
SUTLEJ,Sulemanki,09-Oct-19,16243,4326
SUTLEJ,Islam,09-Oct-19,4980,3780
INDUS,Kalabagh,10-Oct-19,79592,71392
INDUS,Chashma,10-Oct-19,86876,84376
INDUS,Taunsa,10-Oct-19,88095,74267
INDUS,Guddu,10-Oct-19,103795,95291
INDUS,Sukkar,10-Oct-19,91315,62840
INDUS,Kotri,10-Oct-19,29658,403
JHELUM,Kotli,10-Oct-19,-,2360
JHELUM,Mangla,10-Oct-19,11000,24729
JHELUM,Rasul,10-Oct-19,28291,5341
CHENAB,Jammu Tavi,10-Oct-19,-,-
CHENAB,Marala,10-Oct-19,14978,5000
CHENAB,Khanki,10-Oct-19,9136,1866
CHENAB,Qadirabad,10-Oct-19,18000,Nil
CHENAB,Trimmu,10-Oct-19,23888,8888
CHENAB,Punjnad,10-Oct-19,32974,18574
RAVI,Jassar,10-Oct-19,-,3395
RAVI,Balloki,10-Oct-19,21000,Nil
RAVI,Sidhnai,10-Oct-19,14694,2644
SUTLEJ,Sulemanki,10-Oct-19,14662,2745
SUTLEJ,Islam,10-Oct-19,4980,3980
INDUS,Kalabagh,10-Oct-19,68061,59861
INDUS,Chashma,10-Oct-19,86505,84005
INDUS,Taunsa,10-Oct-19,88095,74267
INDUS,Guddu,10-Oct-19,103795,95291
INDUS,Sukkar,10-Oct-19,91315,62840
INDUS,Kotri,10-Oct-19,29658,403
JHELUM,Kotli,10-Oct-19,-,2360
JHELUM,Mangla,10-Oct-19,12000,24729
JHELUM,Rasul,10-Oct-19,34895,11895
CHENAB,Jammu Tavi,10-Oct-19,-,-
CHENAB,Marala,10-Oct-19,14978,5000
CHENAB,Khanki,10-Oct-19,9136,1866
CHENAB,Qadirabad,10-Oct-19,18450,Nil
CHENAB,Trimmu,10-Oct-19,23888,8888
CHENAB,Punjnad,10-Oct-19,33486,19086
RAVI,Jassar,10-Oct-19,-,2635
RAVI,Balloki,10-Oct-19,21000,Nil
RAVI,Sidhnai,10-Oct-19,13372,1322
SUTLEJ,Sulemanki,10-Oct-19,14662,2745
SUTLEJ,Islam,10-Oct-19,4672,3597
INDUS,Kalabagh,10-Oct-19,68061,59861
INDUS,Chashma,10-Oct-19,49241,46741
INDUS,Taunsa,10-Oct-19,88095,74267
INDUS,Guddu,10-Oct-19,103795,95291
INDUS,Sukkar,10-Oct-19,91315,62840
INDUS,Kotri,10-Oct-19,29658,403
JHELUM,Kotli,10-Oct-19,-,2250
JHELUM,Mangla,10-Oct-19,12000,48412
JHELUM,Rasul,10-Oct-19,42705,19705
CHENAB,Jammu Tavi,10-Oct-19,-,-
CHENAB,Marala,10-Oct-19,17402,6889
CHENAB,Khanki,10-Oct-19,7270,Nil
CHENAB,Qadirabad,10-Oct-19,19575,Nil
CHENAB,Trimmu,10-Oct-19,23888,8888
CHENAB,Punjnad,10-Oct-19,33786,19086
RAVI,Jassar,10-Oct-19,-,2888
RAVI,Balloki,10-Oct-19,21000,Nil
RAVI,Sidhnai,10-Oct-19,13522,1322
SUTLEJ,Sulemanki,10-Oct-19,12125,208
SUTLEJ,Islam,10-Oct-19,4672,3597
INDUS,Kalabagh,10-Oct-19,61045,52845
INDUS,Chashma,10-Oct-19,52383,49883
INDUS,Taunsa,10-Oct-19,84774,71306
INDUS,Guddu,10-Oct-19,103795,95291
INDUS,Sukkar,10-Oct-19,91315,62840
INDUS,Kotri,10-Oct-19,29658,403
JHELUM,Kotli,10-Oct-19,-,2250
JHELUM,Mangla,10-Oct-19,12000,48412
JHELUM,Rasul,10-Oct-19,30990,7990
CHENAB,Jammu Tavi,10-Oct-19,-,-
CHENAB,Marala,10-Oct-19,16047,5000
CHENAB,Khanki,10-Oct-19,11002,3722
CHENAB,Qadirabad,10-Oct-19,20700,Nil
CHENAB,Trimmu,10-Oct-19,20313,5313
CHENAB,Punjnad,10-Oct-19,33786,19086
RAVI,Jassar,10-Oct-19,-,3141
RAVI,Balloki,10-Oct-19,21000,Nil
RAVI,Sidhnai,10-Oct-19,13822,1322
SUTLEJ,Sulemanki,10-Oct-19,12230,208
SUTLEJ,Islam,10-Oct-19,4672,3597
INDUS,Kalabagh,11-Oct-19,79999,72399
INDUS,Chashma,11-Oct-19,50291,47791
INDUS,Taunsa,11-Oct-19,84774,71306
INDUS,Guddu,11-Oct-19,102045,93685
INDUS,Sukkar,11-Oct-19,92015,64390
INDUS,Kotri,11-Oct-19,30868,1613
JHELUM,Kotli,11-Oct-19,-,2250
JHELUM,Mangla,11-Oct-19,10000,24694
JHELUM,Rasul,11-Oct-19,23000,Nil
CHENAB,Jammu Tavi,11-Oct-19,-,-
CHENAB,Marala,11-Oct-19,16047,5000
CHENAB,Khanki,11-Oct-19,8225,955
CHENAB,Qadirabad,11-Oct-19,22000,Nil
CHENAB,Trimmu,11-Oct-19,20313,5313
CHENAB,Punjnad,11-Oct-19,29472,14772
RAVI,Jassar,11-Oct-19,-,3395
RAVI,Balloki,11-Oct-19,21000,Nil
RAVI,Sidhnai,11-Oct-19,13495,995
SUTLEJ,Sulemanki,11-Oct-19,12230,208
SUTLEJ,Islam,11-Oct-19,4692,3597
INDUS,Kalabagh,11-Oct-19,79592,71392
INDUS,Chashma,11-Oct-19,60415,57915
INDUS,Taunsa,11-Oct-19,84774,71306
INDUS,Guddu,11-Oct-19,102045,93685
INDUS,Sukkar,11-Oct-19,92015,64390
INDUS,Kotri,11-Oct-19,30868,1613
JHELUM,Kotli,11-Oct-19,-,2360
JHELUM,Mangla,11-Oct-19,11000,24694
JHELUM,Rasul,11-Oct-19,42705,19705
CHENAB,Jammu Tavi,11-Oct-19,-,-
CHENAB,Marala,11-Oct-19,14177,5000
CHENAB,Khanki,11-Oct-19,10907,3732
CHENAB,Qadirabad,11-Oct-19,21000,Nil
CHENAB,Trimmu,11-Oct-19,20313,5313
CHENAB,Punjnad,11-Oct-19,29472,14772
RAVI,Jassar,11-Oct-19,-,3395
RAVI,Balloki,11-Oct-19,21000,Nil
RAVI,Sidhnai,11-Oct-19,13161,661
SUTLEJ,Sulemanki,11-Oct-19,12230,208
SUTLEJ,Islam,11-Oct-19,3636,2261
INDUS,Kalabagh,11-Oct-19,61319,53819
INDUS,Chashma,11-Oct-19,60592,58092
INDUS,Taunsa,11-Oct-19,84774,71306
INDUS,Guddu,11-Oct-19,102045,93685
INDUS,Sukkar,11-Oct-19,92015,64390
INDUS,Kotri,11-Oct-19,30868,1613
JHELUM,Kotli,11-Oct-19,-,2360
JHELUM,Mangla,11-Oct-19,11000,48412
JHELUM,Rasul,11-Oct-19,42705,19705
CHENAB,Jammu Tavi,11-Oct-19,-,-
CHENAB,Marala,11-Oct-19,14177,5000
CHENAB,Khanki,11-Oct-19,8130,955
CHENAB,Qadirabad,11-Oct-19,21000,Nil
CHENAB,Trimmu,11-Oct-19,17790,2790
CHENAB,Punjnad,11-Oct-19,29472,14772
RAVI,Jassar,11-Oct-19,-,3141
RAVI,Balloki,11-Oct-19,21000,Nil
RAVI,Sidhnai,11-Oct-19,13111,661
SUTLEJ,Sulemanki,11-Oct-19,12335,208
SUTLEJ,Islam,11-Oct-19,3636,2261
INDUS,Kalabagh,11-Oct-19,61319,53819
INDUS,Chashma,11-Oct-19,55815,53315
INDUS,Taunsa,11-Oct-19,84380,71514
INDUS,Guddu,11-Oct-19,102045,93685
INDUS,Sukkar,11-Oct-19,92015,64390
INDUS,Kotri,11-Oct-19,30868,1613
JHELUM,Kotli,11-Oct-19,-,2360
JHELUM,Mangla,11-Oct-19,11000,49612
JHELUM,Rasul,11-Oct-19,23000,Nil
CHENAB,Jammu Tavi,11-Oct-19,-,-
CHENAB,Marala,11-Oct-19,14444,5000
CHENAB,Khanki,11-Oct-19,9041,1866
CHENAB,Qadirabad,11-Oct-19,20000,Nil
CHENAB,Trimmu,11-Oct-19,17790,2790
CHENAB,Punjnad,11-Oct-19,29472,14772
RAVI,Jassar,11-Oct-19,-,2382
RAVI,Balloki,11-Oct-19,22000,Nil
RAVI,Sidhnai,11-Oct-19,12734,334
SUTLEJ,Sulemanki,11-Oct-19,12335,208
SUTLEJ,Islam,11-Oct-19,3636,2261
INDUS,Kalabagh,12-Oct-19,61319,53819
INDUS,Chashma,12-Oct-19,63827,61327
INDUS,Taunsa,12-Oct-19,84380,71514
INDUS,Guddu,12-Oct-19,95287,88327
INDUS,Sukkar,12-Oct-19,87855,59700
INDUS,Kotri,12-Oct-19,36821,5806
JHELUM,Kotli,12-Oct-19,-,2250
JHELUM,Mangla,12-Oct-19,11500,25860
JHELUM,Rasul,12-Oct-19,23000,Nil
CHENAB,Jammu Tavi,12-Oct-19,-,-
CHENAB,Marala,12-Oct-19,14444,5000
CHENAB,Khanki,12-Oct-19,7175,Nil
CHENAB,Qadirabad,12-Oct-19,20000,Nil
CHENAB,Trimmu,12-Oct-19,17790,2790
CHENAB,Punjnad,12-Oct-19,22730,8030
RAVI,Jassar,12-Oct-19,-,2635
RAVI,Balloki,12-Oct-19,23000,Nil
RAVI,Sidhnai,12-Oct-19,12709,334
SUTLEJ,Sulemanki,12-Oct-19,12524,397
SUTLEJ,Islam,12-Oct-19,3636,2261
INDUS,Kalabagh,12-Oct-19,70488,62988
INDUS,Chashma,12-Oct-19,59437,56937
INDUS,Taunsa,12-Oct-19,84380,72988
INDUS,Guddu,12-Oct-19,91948,84988
INDUS,Sukkar,12-Oct-19,87855,59700
INDUS,Kotri,12-Oct-19,40878,9863
JHELUM,Kotli,12-Oct-19,-,2360
JHELUM,Mangla,12-Oct-19,11000,25860
JHELUM,Rasul,12-Oct-19,38850,15800
CHENAB,Jammu Tavi,12-Oct-19,-,-
CHENAB,Marala,12-Oct-19,14177,5000
CHENAB,Khanki,12-Oct-19,7175,Nil
CHENAB,Qadirabad,12-Oct-19,20000,Nil
CHENAB,Trimmu,12-Oct-19,16438,1438
CHENAB,Punjnad,12-Oct-19,22730,8030
RAVI,Jassar,12-Oct-19,-,2382
RAVI,Balloki,12-Oct-19,23000,Nil
RAVI,Sidhnai,12-Oct-19,12734,334
SUTLEJ,Sulemanki,12-Oct-19,12524,397
SUTLEJ,Islam,12-Oct-19,2474,1099
INDUS,Kalabagh,12-Oct-19,59414,51914
INDUS,Chashma,12-Oct-19,61138,58638
INDUS,Taunsa,12-Oct-19,76754,65727
INDUS,Guddu,12-Oct-19,91948,84988
INDUS,Sukkar,12-Oct-19,87855,59700
INDUS,Kotri,12-Oct-19,40878,9863
JHELUM,Kotli,12-Oct-19,-,2360
JHELUM,Mangla,12-Oct-19,11000,49476
JHELUM,Rasul,12-Oct-19,42755,19705
CHENAB,Jammu Tavi,12-Oct-19,-,-
CHENAB,Marala,12-Oct-19,14177,5000
CHENAB,Khanki,12-Oct-19,7175,Nil
CHENAB,Qadirabad,12-Oct-19,20000,Nil
CHENAB,Trimmu,12-Oct-19,16438,1438
CHENAB,Punjnad,12-Oct-19,22830,8030
RAVI,Jassar,12-Oct-19,-,2124
RAVI,Balloki,12-Oct-19,22500,Nil
RAVI,Sidhnai,12-Oct-19,12734,334
SUTLEJ,Sulemanki,12-Oct-19,12524,397
SUTLEJ,Islam,12-Oct-19,2474,1099
INDUS,Kalabagh,12-Oct-19,55451,47951
INDUS,Chashma,12-Oct-19,61526,59026
INDUS,Taunsa,12-Oct-19,76754,65727
INDUS,Guddu,12-Oct-19,91948,84988
INDUS,Sukkar,12-Oct-19,87855,59700
INDUS,Kotri,12-Oct-19,40878,9863
JHELUM,Kotli,12-Oct-19,-,2250
JHELUM,Mangla,12-Oct-19,12000,49476
JHELUM,Rasul,12-Oct-19,28391,5341
CHENAB,Jammu Tavi,12-Oct-19,-,-
CHENAB,Marala,12-Oct-19,13776,5000
CHENAB,Khanki,12-Oct-19,7175,Nil
CHENAB,Qadirabad,12-Oct-19,18000,Nil
CHENAB,Trimmu,12-Oct-19,16438,1438
CHENAB,Punjnad,12-Oct-19,22830,8030
RAVI,Jassar,12-Oct-19,-,2382
RAVI,Balloki,12-Oct-19,22000,Nil
RAVI,Sidhnai,12-Oct-19,12734,334
SUTLEJ,Sulemanki,12-Oct-19,13115,988
SUTLEJ,Islam,12-Oct-19,2474,1099
INDUS,Kalabagh,13-Oct-19,63767,56267
INDUS,Chashma,13-Oct-19,59348,56848
INDUS,Taunsa,13-Oct-19,66757,57905
INDUS,Guddu,13-Oct-19,87562,78062
INDUS,Sukkar,13-Oct-19,81682,52952
INDUS,Kotri,13-Oct-19,43186,12971
JHELUM,Kotli,13-Oct-19,-,2250
JHELUM,Mangla,13-Oct-19,11500,25860
JHELUM,Rasul,13-Oct-19,28391,5341
CHENAB,Jammu Tavi,13-Oct-19,-,-
CHENAB,Marala,13-Oct-19,13776,5000
CHENAB,Khanki,13-Oct-19,7175,Nil
CHENAB,Qadirabad,13-Oct-19,18000,Nil
CHENAB,Trimmu,13-Oct-19,16438,1438
CHENAB,Punjnad,13-Oct-19,22409,7609
RAVI,Jassar,13-Oct-19,-,2635
RAVI,Balloki,13-Oct-19,20500,Nil
RAVI,Sidhnai,13-Oct-19,12834,334
SUTLEJ,Sulemanki,13-Oct-19,13115,988
SUTLEJ,Islam,13-Oct-19,2474,1099
INDUS,Kalabagh,13-Oct-19,67052,59552
INDUS,Chashma,13-Oct-19,62352,59852
INDUS,Taunsa,13-Oct-19,66757,57954
INDUS,Guddu,13-Oct-19,87562,78062
INDUS,Sukkar,13-Oct-19,81682,52952
INDUS,Kotri,13-Oct-19,43186,14400
JHELUM,Kotli,13-Oct-19,-,2360
JHELUM,Mangla,13-Oct-19,11000,25860
JHELUM,Rasul,13-Oct-19,42805,19705
CHENAB,Jammu Tavi,13-Oct-19,-,-
CHENAB,Marala,13-Oct-19,13776,5000
CHENAB,Khanki,13-Oct-19,9318,2657
CHENAB,Qadirabad,13-Oct-19,18000,Nil
CHENAB,Trimmu,13-Oct-19,15000,Nil
CHENAB,Punjnad,13-Oct-19,22409,7609
RAVI,Jassar,13-Oct-19,-,2129
RAVI,Balloki,13-Oct-19,20500,Nil
RAVI,Sidhnai,13-Oct-19,12500,Nil
SUTLEJ,Sulemanki,13-Oct-19,13115,988
SUTLEJ,Islam,13-Oct-19,1775,Nil
INDUS,Kalabagh,13-Oct-19,61323,53823
INDUS,Chashma,13-Oct-19,62164,59664
INDUS,Taunsa,13-Oct-19,60127,52093
INDUS,Guddu,13-Oct-19,87562,78062
INDUS,Sukkar,13-Oct-19,81682,52952
INDUS,Kotri,13-Oct-19,43815,14400
JHELUM,Kotli,13-Oct-19,-,2360
JHELUM,Mangla,13-Oct-19,11000,49476
JHELUM,Rasul,13-Oct-19,42805,19705
CHENAB,Jammu Tavi,13-Oct-19,-,-
CHENAB,Marala,13-Oct-19,13909,5000
CHENAB,Khanki,13-Oct-19,8890,2571
CHENAB,Qadirabad,13-Oct-19,18000,Nil
CHENAB,Trimmu,13-Oct-19,15000,Nil
CHENAB,Punjnad,13-Oct-19,22409,7609
RAVI,Jassar,13-Oct-19,-,2129
RAVI,Balloki,13-Oct-19,20000,Nil
RAVI,Sidhnai,13-Oct-19,12500,Nil
SUTLEJ,Sulemanki,13-Oct-19,13115,988
SUTLEJ,Islam,13-Oct-19,1775,Nil
INDUS,Kalabagh,13-Oct-19,61323,53823
INDUS,Chashma,13-Oct-19,63900,61400
INDUS,Taunsa,13-Oct-19,60127,52093
INDUS,Guddu,13-Oct-19,87562,78062
INDUS,Sukkar,13-Oct-19,81682,52952
INDUS,Kotri,13-Oct-19,43815,14400
JHELUM,Kotli,13-Oct-19,-,2250
JHELUM,Mangla,13-Oct-19,10000,49476
JHELUM,Rasul,13-Oct-19,23000,Nil
CHENAB,Jammu Tavi,13-Oct-19,-,-
CHENAB,Marala,13-Oct-19,13242,5000
CHENAB,Khanki,13-Oct-19,7623,1639
CHENAB,Qadirabad,13-Oct-19,19350,Nil
CHENAB,Trimmu,13-Oct-19,14591,Nil
CHENAB,Punjnad,13-Oct-19,22409,7609
RAVI,Jassar,13-Oct-19,-,2035
RAVI,Balloki,13-Oct-19,19000,Nil
RAVI,Sidhnai,13-Oct-19,12650,Nil
SUTLEJ,Sulemanki,13-Oct-19,13115,988
SUTLEJ,Islam,13-Oct-19,1775,Nil
INDUS,Kalabagh,14-Oct-19,63233,55733
INDUS,Chashma,14-Oct-19,63956,61456
INDUS,Taunsa,14-Oct-19,60127,52093
INDUS,Guddu,14-Oct-19,81215,71715
INDUS,Sukkar,14-Oct-19,72430,43930
INDUS,Kotri,14-Oct-19,48419,19284
JHELUM,Kotli,14-Oct-19,-,2250
JHELUM,Mangla,14-Oct-19,11500,25825
JHELUM,Rasul,14-Oct-19,23000,Nil
CHENAB,Jammu Tavi,14-Oct-19,-,-
CHENAB,Marala,14-Oct-19,13242,5000
CHENAB,Khanki,14-Oct-19,7234,1577
CHENAB,Qadirabad,14-Oct-19,20700,Nil
CHENAB,Trimmu,14-Oct-19,14591,Nil
CHENAB,Punjnad,14-Oct-19,18402,3602
RAVI,Jassar,14-Oct-19,-,2035
RAVI,Balloki,14-Oct-19,18500,Nil
RAVI,Sidhnai,14-Oct-19,12984,334
SUTLEJ,Sulemanki,14-Oct-19,13115,988
SUTLEJ,Islam,14-Oct-19,1775,Nil
INDUS,Kalabagh,14-Oct-19,63233,55733
INDUS,Chashma,14-Oct-19,62578,60078
INDUS,Taunsa,14-Oct-19,60127,52093
INDUS,Guddu,14-Oct-19,79000,69100
INDUS,Sukkar,14-Oct-19,72430,43930
INDUS,Kotri,14-Oct-19,48419,19284
JHELUM,Kotli,14-Oct-19,-,2360
JHELUM,Mangla,14-Oct-19,11000,25825
JHELUM,Rasul,14-Oct-19,42805,19705
CHENAB,Jammu Tavi,14-Oct-19,-,-
CHENAB,Marala,14-Oct-19,13242,5000
CHENAB,Khanki,14-Oct-19,5337,Nil
CHENAB,Qadirabad,14-Oct-19,21600,Nil
CHENAB,Trimmu,14-Oct-19,14591,Nil
CHENAB,Punjnad,14-Oct-19,14800,Nil
RAVI,Jassar,14-Oct-19,-,2129
RAVI,Balloki,14-Oct-19,18500,Nil
RAVI,Sidhnai,14-Oct-19,12000,Nil
SUTLEJ,Sulemanki,14-Oct-19,11510,Nil
SUTLEJ,Islam,14-Oct-19,975,Nil
INDUS,Kalabagh,14-Oct-19,63182,55682
INDUS,Chashma,14-Oct-19,61035,60199
INDUS,Taunsa,14-Oct-19,59983,52848
INDUS,Guddu,14-Oct-19,79000,69100
INDUS,Sukkar,14-Oct-19,72430,43930
INDUS,Kotri,14-Oct-19,48419,19284
JHELUM,Kotli,14-Oct-19,-,2360
JHELUM,Mangla,14-Oct-19,11000,49338
JHELUM,Rasul,14-Oct-19,34995,11895
CHENAB,Jammu Tavi,14-Oct-19,-,-
CHENAB,Marala,14-Oct-19,14177,5000
CHENAB,Khanki,14-Oct-19,7416,2391
CHENAB,Qadirabad,14-Oct-19,21000,Nil
CHENAB,Trimmu,14-Oct-19,14371,Nil
CHENAB,Punjnad,14-Oct-19,14800,Nil
RAVI,Jassar,14-Oct-19,-,2035
RAVI,Balloki,14-Oct-19,18500,Nil
RAVI,Sidhnai,14-Oct-19,12650,Nil
SUTLEJ,Sulemanki,14-Oct-19,11510,Nil
SUTLEJ,Islam,14-Oct-19,975,Nil
INDUS,Kalabagh,14-Oct-19,55296,47796
INDUS,Chashma,14-Oct-19,62526,60026
INDUS,Taunsa,14-Oct-19,59983,52848
INDUS,Guddu,14-Oct-19,79000,69100
INDUS,Sukkar,14-Oct-19,72430,43930
INDUS,Kotri,14-Oct-19,48419,19284
JHELUM,Kotli,14-Oct-19,-,2250
JHELUM,Mangla,14-Oct-19,10000,49338
JHELUM,Rasul,14-Oct-19,28441,5341
CHENAB,Jammu Tavi,14-Oct-19,-,-
CHENAB,Marala,14-Oct-19,14444,5000
CHENAB,Khanki,14-Oct-19,5534,814
CHENAB,Qadirabad,14-Oct-19,20000,Nil
CHENAB,Trimmu,14-Oct-19,14371,Nil
CHENAB,Punjnad,14-Oct-19,14800,Nil
RAVI,Jassar,14-Oct-19,-,2035
RAVI,Balloki,14-Oct-19,18500,Nil
RAVI,Sidhnai,14-Oct-19,12650,Nil
SUTLEJ,Sulemanki,14-Oct-19,11510,Nil
SUTLEJ,Islam,14-Oct-19,975,Nil
INDUS,Kalabagh,15-Oct-19,63220,55720
INDUS,Chashma,15-Oct-19,60812,59727
INDUS,Taunsa,15-Oct-19,59983,52848
INDUS,Guddu,15-Oct-19,56346,46446
INDUS,Sukkar,15-Oct-19,64620,36010
INDUS,Kotri,15-Oct-19,55670,26535
JHELUM,Kotli,15-Oct-19,-,2360
JHELUM,Mangla,15-Oct-19,11500,25825
JHELUM,Rasul,15-Oct-19,23100,Nil
CHENAB,Jammu Tavi,15-Oct-19,-,-
CHENAB,Marala,15-Oct-19,14444,5000
CHENAB,Khanki,15-Oct-19,6000,1577
CHENAB,Qadirabad,15-Oct-19,20000,Nil
CHENAB,Trimmu,15-Oct-19,14208,Nil
CHENAB,Punjnad,15-Oct-19,12933,Nil
RAVI,Jassar,15-Oct-19,-,2035
RAVI,Balloki,15-Oct-19,19500,Nil
RAVI,Sidhnai,15-Oct-19,12650,Nil
SUTLEJ,Sulemanki,15-Oct-19,11510,Nil
SUTLEJ,Islam,15-Oct-19,975,Nil
