River,Gauge Site,Date,Upstream,Downstream
Chenab,Marala H/W,1-01-2017,4905,4905
Chenab,Marala H/W,2-01-2017,4905,4905
Chenab,Marala H/W,3-01-2017,4905,4905
Chenab,Marala H/W,4-01-2017,5193,5193
Chenab,Marala H/W,5-01-2017,5193,5193
Chenab,Marala H/W,6-01-2017,5193,5193
Chenab,Marala H/W,7-01-2017,5193,5193
Chenab,Marala H/W,8-01-2017,5630,5630
Chenab,Marala H/W,9-01-2017,5630,5630
Chenab,Marala H/W,10-01-2017,5630,5630
Chenab,Marala H/W,11-01-2017,5350,5350
Chenab,Marala H/W,12-01-2017,5350,5350
Chenab,Marala H/W,13-01-2017,5350,5350
Chenab,Marala H/W,14-01-2017,5350,5350
Chenab,Marala H/W,15-01-2017,5350,5350
Chenab,Marala H/W,16-01-2017,5700,5700
Chenab,Marala H/W,17-01-2017,5700,5700
Chenab,Marala H/W,18-01-2017,5135,5135
Chenab,Marala H/W,19-01-2017,5135,5135
Chenab,Marala H/W,20-01-2017,5687,5687
Chenab,Marala H/W,21-01-2017,5687,5687
Chenab,Marala H/W,22-01-2017,5687,5687
Chenab,Marala H/W,23-01-2017,5687,5687
Chenab,Marala H/W,24-01-2017,5687,5687
Chenab,Marala H/W,25-01-2017,6086,6086
Chenab,Marala H/W,26-01-2017,7616,7616
Chenab,Marala H/W,27-01-2017,32803,32803
Chenab,Marala H/W,28-01-2017,11484,11484
Chenab,Marala H/W,29-01-2017,7565,NIL
Chenab,Marala H/W,30-01-2017,9823,NIL
Chenab,Marala H/W,31-01-2017,12197,NIL
Chenab,Khanki H/W,1-01-2017,7797,200
Chenab,Khanki H/W,2-01-2017,7821,200
Chenab,Khanki H/W,3-01-2017,7897,197
Chenab,Khanki H/W,4-01-2017,8314,814
Chenab,Khanki H/W,5-01-2017,8528,814
Chenab,Khanki H/W,6-01-2017,7903,203
Chenab,Khanki H/W,7-01-2017,7073,200
Chenab,Khanki H/W,8-01-2017,12584,4884
Chenab,Khanki H/W,9-01-2017,12657,4857
Chenab,Khanki H/W,10-01-2017,9427,1628
Chenab,Khanki H/W,11-01-2017,10599,2799
Chenab,Khanki H/W,12-01-2017,9474,1628
Chenab,Khanki H/W,13-01-2017,7667,7667
Chenab,Khanki H/W,14-01-2017,5922,5922
Chenab,Khanki H/W,15-01-2017,5841,5841
Chenab,Khanki H/W,16-01-2017,5841,5841
Chenab,Khanki H/W,17-01-2017,5845,5845
Chenab,Khanki H/W,18-01-2017,5841,5841
Chenab,Khanki H/W,19-01-2017,5841,5841
Chenab,Khanki H/W,20-01-2017,5874,5874
Chenab,Khanki H/W,21-01-2017,5841,5841
Chenab,Khanki H/W,22-01-2017,5841,5841
Chenab,Khanki H/W,23-01-2017,5841,5841
Chenab,Khanki H/W,24-01-2017,5841,5841
Chenab,Khanki H/W,25-01-2017,5841,5841
Chenab,Khanki H/W,26-01-2017,5841,5841
Chenab,Khanki H/W,27-01-2017,31160,31160
Chenab,Khanki H/W,28-01-2017,27119,27119
Chenab,Khanki H/W,29-01-2017,14328,14328
Chenab,Khanki H/W,30-01-2017,6713,6713
Chenab,Khanki H/W,31-01-2017,2184,2184
Chenab,Qadirabad Barrage,1-01-2017,474,474
Chenab,Qadirabad Barrage,2-01-2017,474,474
Chenab,Qadirabad Barrage,3-01-2017,474,474
Chenab,Qadirabad Barrage,4-01-2017,474,474
Chenab,Qadirabad Barrage,5-01-2017,1026,1026
Chenab,Qadirabad Barrage,6-01-2017,1026,1026
Chenab,Qadirabad Barrage,7-01-2017,346,346
Chenab,Qadirabad Barrage,8-01-2017,1053,1053
Chenab,Qadirabad Barrage,9-01-2017,1053,1053
Chenab,Qadirabad Barrage,10-01-2017,4428,4428
Chenab,Qadirabad Barrage,11-01-2017,4428,4428
Chenab,Qadirabad Barrage,12-01-2017,2516,2516
Chenab,Qadirabad Barrage,13-01-2017,2516,2516
Chenab,Qadirabad Barrage,14-01-2017,11065,11065
Chenab,Qadirabad Barrage,15-01-2017,11065,11065
Chenab,Qadirabad Barrage,16-01-2017,11065,11065
Chenab,Qadirabad Barrage,17-01-2017,11065,11065
Chenab,Qadirabad Barrage,18-01-2017,11065,11065
Chenab,Qadirabad Barrage,19-01-2017,11065,11065
Chenab,Qadirabad Barrage,20-01-2017,11065,11065
Chenab,Qadirabad Barrage,21-01-2017,11065,11065
Chenab,Qadirabad Barrage,22-01-2017,11065,11065
Chenab,Qadirabad Barrage,23-01-2017,11065,11065
Chenab,Qadirabad Barrage,24-01-2017,11065,11065
Chenab,Qadirabad Barrage,25-01-2017,11065,11065
Chenab,Qadirabad Barrage,26-01-2017,9883,8383
Chenab,Qadirabad Barrage,27-01-2017,37434,29428
Chenab,Qadirabad Barrage,28-01-2017,52781,40781
Chenab,Qadirabad Barrage,29-01-2017,32525,19791
Chenab,Qadirabad Barrage,30-01-2017,25312,13312
Chenab,Qadirabad Barrage,31-01-2017,11125,NIL
Chenab,Trimmu H/W,1-01-2017,6190,NIL
Chenab,Trimmu H/W,2-01-2017,6166,NIL
Chenab,Trimmu H/W,3-01-2017,6190,NIL
Chenab,Trimmu H/W,4-01-2017,6190,NIL
Chenab,Trimmu H/W,5-01-2017,6185,NIL
Chenab,Trimmu H/W,6-01-2017,6190,NIL
Chenab,Trimmu H/W,7-01-2017,6175,NIL
Chenab,Trimmu H/W,8-01-2017,6190,NIL
Chenab,Trimmu H/W,9-01-2017,6181,NIL
Chenab,Trimmu H/W,10-01-2017,NIL,NIL
Chenab,Trimmu H/W,11-01-2017,4800,NIL
Chenab,Trimmu H/W,12-01-2017,4276,NIL
Chenab,Trimmu H/W,13-01-2017,4276,NIL
Chenab,Trimmu H/W,14-01-2017,4276,NIL
Chenab,Trimmu H/W,15-01-2017,3875,NIL
Chenab,Trimmu H/W,16-01-2017,3875,NIL
Chenab,Trimmu H/W,17-01-2017,7193,NIL
Chenab,Trimmu H/W,18-01-2017,10093,NIL
Chenab,Trimmu H/W,19-01-2017,11402,NIL
Chenab,Trimmu H/W,20-01-2017,11402,NIL
Chenab,Trimmu H/W,21-01-2017,11402,NIL
Chenab,Trimmu H/W,22-01-2017,11402,NIL
Chenab,Trimmu H/W,23-01-2017,12086,NIL
Chenab,Trimmu H/W,24-01-2017,12086,NIL
Chenab,Trimmu H/W,25-01-2017,12086,NIL
Chenab,Trimmu H/W,26-01-2017,12086,NIL
Chenab,Trimmu H/W,27-01-2017,12086,NIL
Chenab,Trimmu H/W,28-01-2017,12086,NIL
Chenab,Trimmu H/W,29-01-2017,37439,NIL
Chenab,Trimmu H/W,30-01-2017,27914,NIL
Chenab,Trimmu H/W,31-01-2017,19470,NIL
Chenab,Panjnad H/W,1-01-2017,4.5,NIL
Chenab,Panjnad H/W,2-01-2017,4.5,NIL
Chenab,Panjnad H/W,3-01-2017,Closed,NIL
Chenab,Panjnad H/W,4-01-2017,Closed,NIL
Chenab,Panjnad H/W,5-01-2017,Closed,NIL
Chenab,Panjnad H/W,6-01-2017,Closed,NIL
Chenab,Panjnad H/W,7-01-2017,Closed,NIL
Chenab,Panjnad H/W,8-01-2017,Closed,NIL
Chenab,Panjnad H/W,9-01-2017,Closed,NIL
Chenab,Panjnad H/W,10-01-2017,Closed,NIL
Chenab,Panjnad H/W,11-01-2017,Closed,NIL
Chenab,Panjnad H/W,12-01-2017,Closed,NIL
Chenab,Panjnad H/W,13-01-2017,Closed,NIL
Chenab,Panjnad H/W,14-01-2017,Closed,NIL
Chenab,Panjnad H/W,15-01-2017,Closed,NIL
Chenab,Panjnad H/W,16-01-2017,Closed,NIL
Chenab,Panjnad H/W,17-01-2017,Closed,NIL
Chenab,Panjnad H/W,18-01-2017,Closed,NIL
Chenab,Panjnad H/W,19-01-2017,Closed,NIL
Chenab,Panjnad H/W,20-01-2017,Closed,NIL
Chenab,Panjnad H/W,21-01-2017,Closed,NIL
Chenab,Panjnad H/W,22-01-2017,Closed,NIL
Chenab,Panjnad H/W,23-01-2017,Closed,NIL
Chenab,Panjnad H/W,24-01-2017,Closed,NIL
Chenab,Panjnad H/W,25-01-2017,Closed,NIL
Chenab,Panjnad H/W,26-01-2017,Closed,NIL
Chenab,Panjnad H/W,27-01-2017,Closed,NIL
Chenab,Panjnad H/W,28-01-2017,Closed,NIL
Chenab,Panjnad H/W,29-01-2017,Closed,NIL
Chenab,Panjnad H/W,30-01-2017,4.26,NIL
Chenab,Panjnad H/W,31-01-2017,4.26,NIL
Chenab,Marala H/W,1-02-2017,9977,NIL
Chenab,Marala H/W,2-02-2017,10335,NIL
Chenab,Marala H/W,3-02-2017,9907,NIL
Chenab,Marala H/W,4-02-2017,9920,NIL
Chenab,Marala H/W,5-02-2017,9781,NIL
Chenab,Marala H/W,6-02-2017,57037,40766
Chenab,Marala H/W,7-02-2017,30610,14810
Chenab,Marala H/W,8-02-2017,22439,6316
Chenab,Marala H/W,9-02-2017,19843,3158
Chenab,Marala H/W,10-02-2017,16875,NIL
Chenab,Marala H/W,11-02-2017,15298,NIL
Chenab,Marala H/W,12-02-2017,13479,1579
Chenab,Marala H/W,13-02-2017,11964,4737
Chenab,Marala H/W,14-02-2017,10392,3158
Chenab,Marala H/W,15-02-2017,10058,3158
Chenab,Marala H/W,16-02-2017,11800,4731
Chenab,Marala H/W,17-02-2017,11900,5000
Chenab,Marala H/W,18-02-2017,14810,5000
Chenab,Marala H/W,19-02-2017,13646,5000
Chenab,Marala H/W,20-02-2017,17131,8984
Chenab,Marala H/W,21-02-2017,22266,8984
Chenab,Marala H/W,22-02-2017,21891,8984
Chenab,Marala H/W,23-02-2017,21884,8984
Chenab,Marala H/W,24-02-2017,18072,5000
Chenab,Marala H/W,25-02-2017,14000,5000
Chenab,Marala H/W,26-02-2017,12335,5000
Chenab,Marala H/W,27-02-2017,11956,5000
Chenab,Marala H/W,28-02-2017,13551,5000
Chenab,Khanki H/W,1-02-2017,1963,1963
Chenab,Khanki H/W,2-02-2017,1409,1409
Chenab,Khanki H/W,3-02-2017,1107,1107
Chenab,Khanki H/W,4-02-2017,879,879
Chenab,Khanki H/W,5-02-2017,879,879
Chenab,Khanki H/W,6-02-2017,36040,36040
Chenab,Khanki H/W,7-02-2017,20448,20448
Chenab,Khanki H/W,8-02-2017,6214,6214
Chenab,Khanki H/W,9-02-2017,6306,6306
Chenab,Khanki H/W,10-02-2017,630,630
Chenab,Khanki H/W,11-02-2017,1360,1360
Chenab,Khanki H/W,12-02-2017,800,800
Chenab,Khanki H/W,13-02-2017,309,309
Chenab,Khanki H/W,14-02-2017,125,125
Chenab,Khanki H/W,15-02-2017,775,125
Chenab,Khanki H/W,16-02-2017,5760,2808
Chenab,Khanki H/W,17-02-2017,6047,1468
Chenab,Khanki H/W,18-02-2017,7716,2936
Chenab,Khanki H/W,19-02-2017,8218,2391
Chenab,Khanki H/W,20-02-2017,8189,2391
Chenab,Khanki H/W,21-02-2017,8178,2351
Chenab,Khanki H/W,22-02-2017,19121,13169
Chenab,Khanki H/W,23-02-2017,20603,14555
Chenab,Khanki H/W,24-02-2017,10495,4035
Chenab,Khanki H/W,25-02-2017,10872,4159
Chenab,Khanki H/W,26-02-2017,8404,1654
Chenab,Khanki H/W,27-02-2017,8419,1669
Chenab,Khanki H/W,28-02-2017,7166,200
Chenab,Qadirabad Barrage,1-02-2017,11355,NIL
Chenab,Qadirabad Barrage,2-02-2017,12000,NIL
Chenab,Qadirabad Barrage,3-02-2017,13926,NIL
Chenab,Qadirabad Barrage,4-02-2017,18150,NIL
Chenab,Qadirabad Barrage,5-02-2017,17000,NIL
Chenab,Qadirabad Barrage,6-02-2017,28323,8948
Chenab,Qadirabad Barrage,7-02-2017,51089,29089
Chenab,Qadirabad Barrage,8-02-2017,24347,2749
Chenab,Qadirabad Barrage,9-02-2017,17000,NIL
Chenab,Qadirabad Barrage,10-02-2017,20600,NIL
Chenab,Qadirabad Barrage,11-02-2017,16689,NIL
Chenab,Qadirabad Barrage,12-02-2017,18350,NIL
Chenab,Qadirabad Barrage,13-02-2017,19700,NIL
Chenab,Qadirabad Barrage,14-02-2017,17125,NIL
Chenab,Qadirabad Barrage,15-02-2017,17575,NIL
Chenab,Qadirabad Barrage,16-02-2017,19825,NIL
Chenab,Qadirabad Barrage,17-02-2017,20000,NIL
Chenab,Qadirabad Barrage,18-02-2017,18702,NIL
Chenab,Qadirabad Barrage,19-02-2017,19000,NIL
Chenab,Qadirabad Barrage,20-02-2017,21000,NIL
Chenab,Qadirabad Barrage,21-02-2017,21165,NIL
Chenab,Qadirabad Barrage,22-02-2017,27399,5399
Chenab,Qadirabad Barrage,23-02-2017,27399,5399
Chenab,Qadirabad Barrage,24-02-2017,24749,2749
Chenab,Qadirabad Barrage,25-02-2017,21000,NIL
Chenab,Qadirabad Barrage,26-02-2017,18000,NIL
Chenab,Qadirabad Barrage,27-02-2017,19204,NIL
Chenab,Qadirabad Barrage,28-02-2017,21175,NIL
Chenab,Trimmu H/W,1-02-2017,15708,15708
Chenab,Trimmu H/W,2-02-2017,13357,13357
Chenab,Trimmu H/W,3-02-2017,8694,8694
Chenab,Trimmu H/W,4-02-2017,NIL,NIL
Chenab,Trimmu H/W,5-02-2017,3022,3022
Chenab,Trimmu H/W,6-02-2017,2462,2462
Chenab,Trimmu H/W,7-02-2017,NIL,NIL
Chenab,Trimmu H/W,8-02-2017,2188,2188
Chenab,Trimmu H/W,9-02-2017,23085,23085
Chenab,Trimmu H/W,10-02-2017,20176,20176
Chenab,Trimmu H/W,11-02-2017,NIL,NIL
Chenab,Trimmu H/W,12-02-2017,2618,NIL
Chenab,Trimmu H/W,13-02-2017,3123,NIL
Chenab,Trimmu H/W,14-02-2017,2400,NIL
Chenab,Trimmu H/W,15-02-2017,2995,NIL
Chenab,Trimmu H/W,16-02-2017,2998,NIL
Chenab,Trimmu H/W,17-02-2017,4325,NIL
Chenab,Trimmu H/W,18-02-2017,4297,NIL
Chenab,Trimmu H/W,19-02-2017,5025,NIL
Chenab,Trimmu H/W,20-02-2017,6217,NIL
Chenab,Trimmu H/W,21-02-2017,6740,NIL
Chenab,Trimmu H/W,22-02-2017,7477,NIL
Chenab,Trimmu H/W,23-02-2017,8089,NIL
Chenab,Trimmu H/W,24-02-2017,5819,NIL
Chenab,Trimmu H/W,25-02-2017,7929,NIL
Chenab,Trimmu H/W,26-02-2017,9700,NIL
Chenab,Trimmu H/W,27-02-2017,9690,NIL
Chenab,Trimmu H/W,28-02-2017,11648,1957
Chenab,Panjnad H/W,1-02-2017,13818,13525
Chenab,Panjnad H/W,2-02-2017,23546,23250
Chenab,Panjnad H/W,3-02-2017,25175,24876
Chenab,Panjnad H/W,4-02-2017,24312,24004
Chenab,Panjnad H/W,5-02-2017,24252,24004
Chenab,Panjnad H/W,6-02-2017,23038,22795
Chenab,Panjnad H/W,7-02-2017,19815,19326
Chenab,Panjnad H/W,8-02-2017,16900,16426
Chenab,Panjnad H/W,9-02-2017,15300,14694
Chenab,Panjnad H/W,10-02-2017,15295,14694
Chenab,Panjnad H/W,11-02-2017,15553,15076
Chenab,Panjnad H/W,12-02-2017,15572,15076
Chenab,Panjnad H/W,13-02-2017,16034,15545
Chenab,Panjnad H/W,14-02-2017,14582,14083
Chenab,Panjnad H/W,15-02-2017,12885,12383
Chenab,Panjnad H/W,16-02-2017,7926,7431
Chenab,Panjnad H/W,17-02-2017,1722,1221
Chenab,Panjnad H/W,18-02-2017,491,NIL
Chenab,Panjnad H/W,19-02-2017,500,NIL
Chenab,Panjnad H/W,20-02-2017,489,NIL
Chenab,Panjnad H/W,21-02-2017,498,NIL
Chenab,Panjnad H/W,22-02-2017,507,NIL
Chenab,Panjnad H/W,23-02-2017,488,NIL
Chenab,Panjnad H/W,24-02-2017,301,NIL
Chenab,Panjnad H/W,25-02-2017,353,NIL
Chenab,Panjnad H/W,26-02-2017,428,NIL
Chenab,Panjnad H/W,27-02-2017,437,NIL
Chenab,Panjnad H/W,28-02-2017,427,NIL
Chenab,Marala H/W,1-03-2017,14504,5000
Chenab,Marala H/W,2-03-2017,12615,5000
Chenab,Marala H/W,3-03-2017,9108,5000
Chenab,Marala H/W,4-03-2017,11499,5000
Chenab,Marala H/W,5-03-2017,11400,5000
Chenab,Marala H/W,6-03-2017,10827,4000
Chenab,Marala H/W,7-03-2017,10900,4000
Chenab,Marala H/W,8-03-2017,9709,3500
Chenab,Marala H/W,9-03-2017,10128,4500
Chenab,Marala H/W,10-03-2017,16130,8984
Chenab,Marala H/W,11-03-2017,21822,14810
Chenab,Marala H/W,12-03-2017,21710,14810
Chenab,Marala H/W,13-03-2017,18797,11897
Chenab,Marala H/W,14-03-2017,11768,4500
Chenab,Marala H/W,15-03-2017,14630,6071
Chenab,Marala H/W,16-03-2017,11681,4500
Chenab,Marala H/W,17-03-2017,11860,4500
Chenab,Marala H/W,18-03-2017,11987,4500
Chenab,Marala H/W,19-03-2017,11000,4500
Chenab,Marala H/W,20-03-2017,11580,4500
Chenab,Marala H/W,21-03-2017,11677,4500
Chenab,Marala H/W,22-03-2017,11775,4500
Chenab,Marala H/W,23-03-2017,11545,4500
Chenab,Marala H/W,24-03-2017,12292,4500
Chenab,Marala H/W,25-03-2017,18275,8986
Chenab,Marala H/W,26-03-2017,14729,6529
Chenab,Marala H/W,27-03-2017,14941,6529
Chenab,Marala H/W,28-03-2017,15103,6529
Chenab,Marala H/W,29-03-2017,18080,9680
Chenab,Marala H/W,30-03-2017,21303,12831
Chenab,Marala H/W,31-03-2017,27533,19133
Chenab,Khanki H/W,1-03-2017,7739,864
Chenab,Khanki H/W,2-03-2017,7166,200
Chenab,Khanki H/W,3-03-2017,7199,233
Chenab,Khanki H/W,4-03-2017,7857,864
Chenab,Khanki H/W,5-03-2017,7166,200
Chenab,Khanki H/W,6-03-2017,5611,242
Chenab,Khanki H/W,7-03-2017,4330,200
Chenab,Khanki H/W,8-03-2017,4955,200
Chenab,Khanki H/W,9-03-2017,6608,200
Chenab,Khanki H/W,10-03-2017,6798,200
Chenab,Khanki H/W,11-03-2017,20081,14774
Chenab,Khanki H/W,12-03-2017,19853,14546
Chenab,Khanki H/W,13-03-2017,20293,14546
Chenab,Khanki H/W,14-03-2017,16899,10890
Chenab,Khanki H/W,15-03-2017,9366,3357
Chenab,Khanki H/W,16-03-2017,7650,1679
Chenab,Khanki H/W,17-03-2017,9218,3358
Chenab,Khanki H/W,18-03-2017,6752,892
Chenab,Khanki H/W,19-03-2017,7783,1679
Chenab,Khanki H/W,20-03-2017,6996,864
Chenab,Khanki H/W,21-03-2017,7177,864
Chenab,Khanki H/W,22-03-2017,7435,925
Chenab,Khanki H/W,23-03-2017,6745,200
Chenab,Khanki H/W,24-03-2017,8219,1669
Chenab,Khanki H/W,25-03-2017,8381,1679
Chenab,Khanki H/W,26-03-2017,22614,15894
Chenab,Khanki H/W,27-03-2017,10064,3358
Chenab,Khanki H/W,28-03-2017,11757,5037
Chenab,Khanki H/W,29-03-2017,10942,4222
Chenab,Khanki H/W,30-03-2017,21266,14546
Chenab,Khanki H/W,31-03-2017,19098,12378
Chenab,Qadirabad Barrage,1-03-2017,18879,NIL
Chenab,Qadirabad Barrage,2-03-2017,21600,NIL
Chenab,Qadirabad Barrage,3-03-2017,20000,NIL
Chenab,Qadirabad Barrage,4-03-2017,20000,NIL
Chenab,Qadirabad Barrage,5-03-2017,20000,NIL
Chenab,Qadirabad Barrage,6-03-2017,18000,NIL
Chenab,Qadirabad Barrage,7-03-2017,18000,NIL
Chenab,Qadirabad Barrage,8-03-2017,18687,NIL
Chenab,Qadirabad Barrage,9-03-2017,17000,NIL
Chenab,Qadirabad Barrage,10-03-2017,17000,NIL
Chenab,Qadirabad Barrage,11-03-2017,27205,5399
Chenab,Qadirabad Barrage,12-03-2017,24749,2749
Chenab,Qadirabad Barrage,13-03-2017,24749,2749
Chenab,Qadirabad Barrage,14-03-2017,20749,2749
Chenab,Qadirabad Barrage,15-03-2017,18000,NIL
Chenab,Qadirabad Barrage,16-03-2017,18000,NIL
Chenab,Qadirabad Barrage,17-03-2017,17495,NIL
Chenab,Qadirabad Barrage,18-03-2017,15450,NIL
Chenab,Qadirabad Barrage,19-03-2017,15450,NIL
Chenab,Qadirabad Barrage,20-03-2017,13000,NIL
Chenab,Qadirabad Barrage,21-03-2017,9293,NIL
Chenab,Qadirabad Barrage,22-03-2017,12956,NIL
Chenab,Qadirabad Barrage,23-03-2017,15996,NIL
Chenab,Qadirabad Barrage,24-03-2017,14000,NIL
Chenab,Qadirabad Barrage,25-03-2017,16000,NIL
Chenab,Qadirabad Barrage,26-03-2017,16900,NIL
Chenab,Qadirabad Barrage,27-03-2017,18000,NIL
Chenab,Qadirabad Barrage,28-03-2017,17800,NIL
Chenab,Qadirabad Barrage,29-03-2017,18520,NIL
Chenab,Qadirabad Barrage,30-03-2017,23399,5399
Chenab,Qadirabad Barrage,31-03-2017,27224,5399
Chenab,Trimmu H/W,1-03-2017,9681,NIL
Chenab,Trimmu H/W,2-03-2017,11095,NIL
Chenab,Trimmu H/W,3-03-2017,8687,NIL
Chenab,Trimmu H/W,4-03-2017,8700,NIL
Chenab,Trimmu H/W,5-03-2017,8700,NIL
Chenab,Trimmu H/W,6-03-2017,8700,NIL
Chenab,Trimmu H/W,7-03-2017,8680,NIL
Chenab,Trimmu H/W,8-03-2017,7102,NIL
Chenab,Trimmu H/W,9-03-2017,6076,NIL
Chenab,Trimmu H/W,10-03-2017,7942,NIL
Chenab,Trimmu H/W,11-03-2017,8700,NIL
Chenab,Trimmu H/W,12-03-2017,7030,NIL
Chenab,Trimmu H/W,13-03-2017,6702,NIL
Chenab,Trimmu H/W,14-03-2017,4441,NIL
Chenab,Trimmu H/W,15-03-2017,4310,NIL
Chenab,Trimmu H/W,16-03-2017,5054,NIL
Chenab,Trimmu H/W,17-03-2017,4665,NIL
Chenab,Trimmu H/W,18-03-2017,3671,NIL
Chenab,Trimmu H/W,19-03-2017,5700,NIL
Chenab,Trimmu H/W,20-03-2017,7823,NIL
Chenab,Trimmu H/W,21-03-2017,4520,NIL
Chenab,Trimmu H/W,22-03-2017,3700,NIL
Chenab,Trimmu H/W,23-03-2017,3159,NIL
Chenab,Trimmu H/W,24-03-2017,3754,NIL
Chenab,Trimmu H/W,25-03-2017,3754,NIL
Chenab,Trimmu H/W,26-03-2017,2562,NIL
Chenab,Trimmu H/W,27-03-2017,1966,NIL
Chenab,Trimmu H/W,28-03-2017,3507,NIL
Chenab,Trimmu H/W,29-03-2017,3507,NIL
Chenab,Trimmu H/W,30-03-2017,3507,NIL
Chenab,Trimmu H/W,31-03-2017,1416,NIL
Chenab,Panjnad H/W,1-03-2017,5.34,NIL
Chenab,Panjnad H/W,2-03-2017,5.34,NIL
Chenab,Panjnad H/W,3-03-2017,5.34,NIL
Chenab,Panjnad H/W,4-03-2017,5.3,NIL
Chenab,Panjnad H/W,5-03-2017,5.34,NIL
Chenab,Panjnad H/W,6-03-2017,5.32,NIL
Chenab,Panjnad H/W,7-03-2017,5.33,NIL
Chenab,Panjnad H/W,8-03-2017,5.33,NIL
Chenab,Panjnad H/W,9-03-2017,5.34,NIL
Chenab,Panjnad H/W,10-03-2017,5.74,NIL
Chenab,Panjnad H/W,11-03-2017,5.79,NIL
Chenab,Panjnad H/W,12-03-2017,5.79,NIL
Chenab,Panjnad H/W,13-03-2017,5.54,NIL
Chenab,Panjnad H/W,14-03-2017,5.57,NIL
Chenab,Panjnad H/W,15-03-2017,4.8,NIL
Chenab,Panjnad H/W,16-03-2017,5.07,NIL
Chenab,Panjnad H/W,17-03-2017,5.32,NIL
Chenab,Panjnad H/W,18-03-2017,5.56,NIL
Chenab,Panjnad H/W,19-03-2017,5.32,NIL
Chenab,Panjnad H/W,20-03-2017,5.5,NIL
Chenab,Panjnad H/W,21-03-2017,5.54,NIL
Chenab,Panjnad H/W,22-03-2017,5.79,NIL
Chenab,Panjnad H/W,23-03-2017,5.32,NIL
Chenab,Panjnad H/W,24-03-2017,Closed,NIL
Chenab,Panjnad H/W,25-03-2017,Closed,NIL
Chenab,Panjnad H/W,26-03-2017,Closed,NIL
Chenab,Panjnad H/W,27-03-2017,Closed,NIL
Chenab,Panjnad H/W,28-03-2017,Closed,NIL
Chenab,Panjnad H/W,29-03-2017,Closed,NIL
Chenab,Panjnad H/W,30-03-2017,Closed,NIL
Chenab,Panjnad H/W,31-03-2017,Closed,NIL
Chenab,Marala H/W,1-04-2017,21438,12831
Chenab,Marala H/W,2-04-2017,21231,12831
Chenab,Marala H/W,3-04-2017,18191,9680
Chenab,Marala H/W,4-04-2017,22314,12831
Chenab,Marala H/W,5-04-2017,19789,9680
Chenab,Marala H/W,6-04-2017,24080,9680
Chenab,Marala H/W,7-04-2017,71803,56945
Chenab,Marala H/W,8-04-2017,46137,31737
Chenab,Marala H/W,9-04-2017,30682,15982
Chenab,Marala H/W,10-04-2017,24858,9680
Chenab,Marala H/W,11-04-2017,24760,9680
Chenab,Marala H/W,12-04-2017,23648,6529
Chenab,Marala H/W,13-04-2017,27531,12831
Chenab,Marala H/W,14-04-2017,30788,12831
Chenab,Marala H/W,15-04-2017,31640,15982
Chenab,Marala H/W,16-04-2017,35333,19133
Chenab,Marala H/W,17-04-2017,41125,22284
Chenab,Marala H/W,18-04-2017,40484,22284
Chenab,Marala H/W,19-04-2017,44325,25435
Chenab,Marala H/W,20-04-2017,52269,30552
Chenab,Marala H/W,21-04-2017,52892,30552
Chenab,Marala H/W,22-04-2017,56723,33923
Chenab,Marala H/W,23-04-2017,54102,30552
Chenab,Marala H/W,24-04-2017,44871,20439
Chenab,Marala H/W,25-04-2017,38705,13697
Chenab,Marala H/W,26-04-2017,35626,10326
Chenab,Marala H/W,27-04-2017,30281,4500
Chenab,Marala H/W,28-04-2017,33026,10326
Chenab,Marala H/W,29-04-2017,28199,5376
Chenab,Marala H/W,30-04-2017,23076,5376
Chenab,Khanki H/W,1-04-2017,24885,18184
Chenab,Khanki H/W,2-04-2017,22128,15396
Chenab,Khanki H/W,3-04-2017,21923,15191
Chenab,Khanki H/W,4-04-2017,21278,14546
Chenab,Khanki H/W,5-04-2017,17643,10896
Chenab,Khanki H/W,6-04-2017,21222,14546
Chenab,Khanki H/W,7-04-2017,68734,62184
Chenab,Khanki H/W,8-04-2017,57191,51066
Chenab,Khanki H/W,9-04-2017,42705,36580
Chenab,Khanki H/W,10-04-2017,20854,14749
Chenab,Khanki H/W,11-04-2017,19363,13238
Chenab,Khanki H/W,12-04-2017,9631,3358
Chenab,Khanki H/W,13-04-2017,9028,2543
Chenab,Khanki H/W,14-04-2017,22410,15860
Chenab,Khanki H/W,15-04-2017,21912,15344
Chenab,Khanki H/W,16-04-2017,23820,17088
Chenab,Khanki H/W,17-04-2017,27203,20483
Chenab,Khanki H/W,18-04-2017,29270,22550
Chenab,Khanki H/W,19-04-2017,30352,23676
Chenab,Khanki H/W,20-04-2017,33397,26745
Chenab,Khanki H/W,21-04-2017,36986,30310
Chenab,Khanki H/W,22-04-2017,38330,31654
Chenab,Khanki H/W,23-04-2017,49832,43358
Chenab,Khanki H/W,24-04-2017,36784,30310
Chenab,Khanki H/W,25-04-2017,26881,20407
Chenab,Khanki H/W,26-04-2017,19793,13236
Chenab,Khanki H/W,27-04-2017,9220,2543
Chenab,Khanki H/W,28-04-2017,7541,864
Chenab,Khanki H/W,29-04-2017,9300,2614
Chenab,Khanki H/W,30-04-2017,12663,5977
Chenab,Qadirabad Barrage,1-04-2017,30150,9373
Chenab,Qadirabad Barrage,2-04-2017,25899,5399
Chenab,Qadirabad Barrage,3-04-2017,26899,5399
Chenab,Qadirabad Barrage,4-04-2017,24749,2749
Chenab,Qadirabad Barrage,5-04-2017,22000,NIL
Chenab,Qadirabad Barrage,6-04-2017,22000,NIL
Chenab,Qadirabad Barrage,7-04-2017,31373,9373
Chenab,Qadirabad Barrage,8-04-2017,68406,46533
Chenab,Qadirabad Barrage,9-04-2017,36556,14556
Chenab,Qadirabad Barrage,10-04-2017,36556,14556
Chenab,Qadirabad Barrage,11-04-2017,26212,4074
Chenab,Qadirabad Barrage,12-04-2017,24749,2749
Chenab,Qadirabad Barrage,13-04-2017,24749,2749
Chenab,Qadirabad Barrage,14-04-2017,24749,2749
Chenab,Qadirabad Barrage,15-04-2017,34022,12022
Chenab,Qadirabad Barrage,16-04-2017,34022,12022
Chenab,Qadirabad Barrage,17-04-2017,34022,12022
Chenab,Qadirabad Barrage,18-04-2017,41813,19813
Chenab,Qadirabad Barrage,19-04-2017,42051,19813
Chenab,Qadirabad Barrage,20-04-2017,43071,21071
Chenab,Qadirabad Barrage,21-04-2017,47044,24871
Chenab,Qadirabad Barrage,22-04-2017,46871,24871
Chenab,Qadirabad Barrage,23-04-2017,49406,27406
Chenab,Qadirabad Barrage,24-04-2017,49406,27406
Chenab,Qadirabad Barrage,25-04-2017,41813,19813
Chenab,Qadirabad Barrage,26-04-2017,28723,6723
Chenab,Qadirabad Barrage,27-04-2017,28723,6723
Chenab,Qadirabad Barrage,28-04-2017,22000,NIL
Chenab,Qadirabad Barrage,29-04-2017,20966,NIL
Chenab,Qadirabad Barrage,30-04-2017,22000,NIL
Chenab,Trimmu H/W,1-04-2017,4808,NIL
Chenab,Trimmu H/W,2-04-2017,6308,NIL
Chenab,Trimmu H/W,3-04-2017,6922,NIL
Chenab,Trimmu H/W,4-04-2017,6557,NIL
Chenab,Trimmu H/W,5-04-2017,8062,NIL
Chenab,Trimmu H/W,6-04-2017,10027,NIL
Chenab,Trimmu H/W,7-04-2017,12339,NIL
Chenab,Trimmu H/W,8-04-2017,11162,NIL
Chenab,Trimmu H/W,9-04-2017,13545,NIL
Chenab,Trimmu H/W,10-04-2017,35347,NIL
Chenab,Trimmu H/W,11-04-2017,35347,NIL
Chenab,Trimmu H/W,12-04-2017,27577,NIL
Chenab,Trimmu H/W,13-04-2017,22985,NIL
Chenab,Trimmu H/W,14-04-2017,20517,NIL
Chenab,Trimmu H/W,15-04-2017,28726,NIL
Chenab,Trimmu H/W,16-04-2017,31796,NIL
Chenab,Trimmu H/W,17-04-2017,35235,NIL
Chenab,Trimmu H/W,18-04-2017,35274,NIL
Chenab,Trimmu H/W,19-04-2017,40971,NIL
Chenab,Trimmu H/W,20-04-2017,41002,NIL
Chenab,Trimmu H/W,21-04-2017,35957,NIL
Chenab,Trimmu H/W,22-04-2017,35957,NIL
Chenab,Trimmu H/W,23-04-2017,40759,NIL
Chenab,Trimmu H/W,24-04-2017,36662,NIL
Chenab,Trimmu H/W,25-04-2017,36982,NIL
Chenab,Trimmu H/W,26-04-2017,39977,NIL
Chenab,Trimmu H/W,27-04-2017,32027,NIL
Chenab,Trimmu H/W,28-04-2017,27378,NIL
Chenab,Trimmu H/W,29-04-2017,25296,NIL
Chenab,Trimmu H/W,30-04-2017,25304,NIL
Chenab,Panjnad H/W,1-04-2017,4.26,N.R
Chenab,Panjnad H/W,2-04-2017,4.27,N.R
Chenab,Panjnad H/W,3-04-2017,4.81,N.R
Chenab,Panjnad H/W,4-04-2017,4.82,N.R
Chenab,Panjnad H/W,5-04-2017,4.08,N.R
Chenab,Panjnad H/W,6-04-2017,3.8,N.R
Chenab,Panjnad H/W,7-04-2017,4.7,N.R
Chenab,Panjnad H/W,8-04-2017,4.81,N.R
Chenab,Panjnad H/W,9-04-2017,4.8,N.R
Chenab,Panjnad H/W,10-04-2017,5.32,N.R
Chenab,Panjnad H/W,11-04-2017,5.79,N.R
Chenab,Panjnad H/W,12-04-2017,6.24,N.R
Chenab,Panjnad H/W,13-04-2017,6.25,N.R
Chenab,Panjnad H/W,14-04-2017,6.83,N.R
Chenab,Panjnad H/W,15-04-2017,7.21,N.R
Chenab,Panjnad H/W,16-04-2017,6.42,N.R
Chenab,Panjnad H/W,17-04-2017,7.36,N.R
Chenab,Panjnad H/W,18-04-2017,7.36,N.R
Chenab,Panjnad H/W,19-04-2017,7.36,N.R
Chenab,Panjnad H/W,20-04-2017,7.36,N.R
Chenab,Panjnad H/W,21-04-2017,7.35,N.R
Chenab,Panjnad H/W,22-04-2017,7.34,N.R
Chenab,Panjnad H/W,23-04-2017,7.35,N.R
Chenab,Panjnad H/W,24-04-2017,7.36,N.R
Chenab,Panjnad H/W,25-04-2017,7.36,N.R
Chenab,Panjnad H/W,26-04-2017,7.36,N.R
Chenab,Panjnad H/W,27-04-2017,7.36,N.R
Chenab,Panjnad H/W,28-04-2017,7.76,N.R
Chenab,Panjnad H/W,29-04-2017,7.76,N.R
Chenab,Panjnad H/W,30-04-2017,7.76,N.R
Chenab,Marala H/W,1-05-2017,29126,10326
Chenab,Marala H/W,2-05-2017,30165,10326
Chenab,Marala H/W,3-05-2017,26928,6955
Chenab,Marala H/W,4-05-2017,24726,4500
Chenab,Marala H/W,5-05-2017,22965,4500
Chenab,Marala H/W,6-05-2017,25054,4500
Chenab,Marala H/W,7-05-2017,26955,6955
Chenab,Marala H/W,8-05-2017,34257,13697
Chenab,Marala H/W,9-05-2017,37168,17068
Chenab,Marala H/W,10-05-2017,42130,20439
Chenab,Marala H/W,11-05-2017,38414,17068
Chenab,Marala H/W,12-05-2017,44456,20439
Chenab,Marala H/W,13-05-2017,40173,13697
Chenab,Marala H/W,14-05-2017,46639,20439
Chenab,Marala H/W,15-05-2017,50462,23810
Chenab,Marala H/W,16-05-2017,50010,23810
Chenab,Marala H/W,17-05-2017,55266,27181
Chenab,Marala H/W,18-05-2017,54703,27181
Chenab,Marala H/W,19-05-2017,47091,20439
Chenab,Marala H/W,20-05-2017,50907,23810
Chenab,Marala H/W,21-05-2017,53581,27181
Chenab,Marala H/W,22-05-2017,54066,27181
Chenab,Marala H/W,23-05-2017,43944,17068
Chenab,Marala H/W,24-05-2017,50210,23810
Chenab,Marala H/W,25-05-2017,50767,23810
Chenab,Marala H/W,26-05-2017,57207,30552
Chenab,Marala H/W,27-05-2017,66721,40665
Chenab,Marala H/W,28-05-2017,60573,33923
Chenab,Marala H/W,29-05-2017,64387,37294
Chenab,Marala H/W,30-05-2017,68426,40665
Chenab,Marala H/W,31-05-2017,64644,37294
Chenab,Khanki H/W,1-05-2017,12477,5777
Chenab,Khanki H/W,2-05-2017,12752,5959
Chenab,Khanki H/W,3-05-2017,10151,3358
Chenab,Khanki H/W,4-05-2017,8552,1679
Chenab,Khanki H/W,5-05-2017,7354,412
Chenab,Khanki H/W,6-05-2017,7235,250
Chenab,Khanki H/W,7-05-2017,8771,1703
Chenab,Khanki H/W,8-05-2017,11365,4297
Chenab,Khanki H/W,9-05-2017,9350,2256
Chenab,Khanki H/W,10-05-2017,21835,14423
Chenab,Khanki H/W,11-05-2017,24378,17088
Chenab,Khanki H/W,12-05-2017,28202,21007
Chenab,Khanki H/W,13-05-2017,24362,17088
Chenab,Khanki H/W,14-05-2017,26356,19092
Chenab,Khanki H/W,15-05-2017,28067,20827
Chenab,Khanki H/W,16-05-2017,27948,20633
Chenab,Khanki H/W,17-05-2017,30083,22693
Chenab,Khanki H/W,18-05-2017,40437,33014
Chenab,Khanki H/W,19-05-2017,37793,30277
Chenab,Khanki H/W,20-05-2017,29057,21500
Chenab,Khanki H/W,21-05-2017,32900,25384
Chenab,Khanki H/W,22-05-2017,37736,30311
Chenab,Khanki H/W,23-05-2017,35915,28473
Chenab,Khanki H/W,24-05-2017,32889,25384
Chenab,Khanki H/W,25-05-2017,21423,13918
Chenab,Khanki H/W,26-05-2017,32984,25286
Chenab,Khanki H/W,27-05-2017,43226,35376
Chenab,Khanki H/W,28-05-2017,47775,39949
Chenab,Khanki H/W,29-05-2017,41757,34167
Chenab,Khanki H/W,30-05-2017,49012,41045
Chenab,Khanki H/W,31-05-2017,50204,42259
Chenab,Qadirabad Barrage,1-05-2017,27428,5399
Chenab,Qadirabad Barrage,2-05-2017,24749,2749
Chenab,Qadirabad Barrage,3-05-2017,24749,2749
Chenab,Qadirabad Barrage,4-05-2017,24749,2749
Chenab,Qadirabad Barrage,5-05-2017,21000,NIL
Chenab,Qadirabad Barrage,6-05-2017,20000,NIL
Chenab,Qadirabad Barrage,7-05-2017,21436,NIL
Chenab,Qadirabad Barrage,8-05-2017,22000,NIL
Chenab,Qadirabad Barrage,9-05-2017,27399,5399
Chenab,Qadirabad Barrage,10-05-2017,30048,8048
Chenab,Qadirabad Barrage,11-05-2017,39438,17230
Chenab,Qadirabad Barrage,12-05-2017,39230,17230
Chenab,Qadirabad Barrage,13-05-2017,39230,17230
Chenab,Qadirabad Barrage,14-05-2017,34022,12022
Chenab,Qadirabad Barrage,15-05-2017,39230,17230
Chenab,Qadirabad Barrage,16-05-2017,39230,17230
Chenab,Qadirabad Barrage,17-05-2017,39230,17230
Chenab,Qadirabad Barrage,18-05-2017,40308,18548
Chenab,Qadirabad Barrage,19-05-2017,48175,26175
Chenab,Qadirabad Barrage,20-05-2017,40548,18548
Chenab,Qadirabad Barrage,21-05-2017,36105,13346
Chenab,Qadirabad Barrage,22-05-2017,45630,23630
Chenab,Qadirabad Barrage,23-05-2017,45630,23630
Chenab,Qadirabad Barrage,24-05-2017,32697,10697
Chenab,Qadirabad Barrage,25-05-2017,41866,19866
Chenab,Qadirabad Barrage,26-05-2017,41866,19866
Chenab,Qadirabad Barrage,27-05-2017,48175,26175
Chenab,Qadirabad Barrage,28-05-2017,45606,23907
Chenab,Qadirabad Barrage,29-05-2017,46871,24871
Chenab,Qadirabad Barrage,30-05-2017,60795,38795
Chenab,Qadirabad Barrage,31-05-2017,57019,35019
Chenab,Trimmu H/W,1-05-2017,28281,19100
Chenab,Trimmu H/W,2-05-2017,36661,25461
Chenab,Trimmu H/W,3-05-2017,45731,33544
Chenab,Trimmu H/W,4-05-2017,49441,37255
Chenab,Trimmu H/W,5-05-2017,50456,37256
Chenab,Trimmu H/W,6-05-2017,50436,37256
Chenab,Trimmu H/W,7-05-2017,48839,35639
Chenab,Trimmu H/W,8-05-2017,46216,33016
Chenab,Trimmu H/W,9-05-2017,46208,33016
Chenab,Trimmu H/W,10-05-2017,47216,33016
Chenab,Trimmu H/W,11-05-2017,44492,29598
Chenab,Trimmu H/W,12-05-2017,42036,26845
Chenab,Trimmu H/W,13-05-2017,38209,23019
Chenab,Trimmu H/W,14-05-2017,32603,17353
Chenab,Trimmu H/W,15-05-2017,33528,18298
Chenab,Trimmu H/W,16-05-2017,34435,19214
Chenab,Trimmu H/W,17-05-2017,28802,13602
Chenab,Trimmu H/W,18-05-2017,26742,11292
Chenab,Trimmu H/W,19-05-2017,25725,11292
Chenab,Trimmu H/W,20-05-2017,29489,15025
Chenab,Trimmu H/W,21-05-2017,29122,14647
Chenab,Trimmu H/W,22-05-2017,29106,14647
Chenab,Trimmu H/W,23-05-2017,26683,12208
Chenab,Trimmu H/W,24-05-2017,22057,7582
Chenab,Trimmu H/W,25-05-2017,20880,6408
Chenab,Trimmu H/W,26-05-2017,22570,8095
Chenab,Trimmu H/W,27-05-2017,18390,3915
Chenab,Trimmu H/W,28-05-2017,20853,6378
Chenab,Trimmu H/W,29-05-2017,20853,6378
Chenab,Trimmu H/W,30-05-2017,23150,8675
Chenab,Trimmu H/W,31-05-2017,23140,8675
Chenab,Panjnad H/W,1-05-2017,18200,12100
Chenab,Panjnad H/W,2-05-2017,16559,10413
Chenab,Panjnad H/W,3-05-2017,15917,9790
Chenab,Panjnad H/W,4-05-2017,15864,9790
Chenab,Panjnad H/W,5-05-2017,17849,11780
Chenab,Panjnad H/W,6-05-2017,19544,13444
Chenab,Panjnad H/W,7-05-2017,20891,14783
Chenab,Panjnad H/W,8-05-2017,26479,20389
Chenab,Panjnad H/W,9-05-2017,29529,23419
Chenab,Panjnad H/W,10-05-2017,28668,22545
Chenab,Panjnad H/W,11-05-2017,27518,21428
Chenab,Panjnad H/W,12-05-2017,23276,16160
Chenab,Panjnad H/W,13-05-2017,23251,16160
Chenab,Panjnad H/W,14-05-2017,23222,16160
Chenab,Panjnad H/W,15-05-2017,24327,17234
Chenab,Panjnad H/W,16-05-2017,21890,14940
Chenab,Panjnad H/W,17-05-2017,19724,12643
Chenab,Panjnad H/W,18-05-2017,16918,9825
Chenab,Panjnad H/W,19-05-2017,15090,7964
Chenab,Panjnad H/W,20-05-2017,12154,5028
Chenab,Panjnad H/W,21-05-2017,7102,NIL
Chenab,Panjnad H/W,22-05-2017,7136,NIL
Chenab,Panjnad H/W,23-05-2017,7062,NIL
Chenab,Panjnad H/W,24-05-2017,7125,NIL
Chenab,Panjnad H/W,25-05-2017,9138,2026
Chenab,Panjnad H/W,26-05-2017,12096,4985
Chenab,Panjnad H/W,27-05-2017,11130,4027
Chenab,Panjnad H/W,28-05-2017,8200,NIL
Chenab,Panjnad H/W,29-05-2017,7295,NIL
Chenab,Panjnad H/W,30-05-2017,7265,NIL
Chenab,Panjnad H/W,31-05-2017,7759,NIL
Chenab,Marala H/W,1-06-2017,69252,40665
Chenab,Marala H/W,2-06-2017,54386,25246
Chenab,Marala H/W,3-06-2017,47456,18090
Chenab,Marala H/W,4-06-2017,47890,18090
Chenab,Marala H/W,5-06-2017,58685,28824
Chenab,Marala H/W,6-06-2017,70050,39554
Chenab,Marala H/W,7-06-2017,72308,41704
Chenab,Marala H/W,8-06-2017,72054,41704
Chenab,Marala H/W,9-06-2017,54081,22834
Chenab,Marala H/W,10-06-2017,47189,15826
Chenab,Marala H/W,11-06-2017,47326,15826
Chenab,Marala H/W,12-06-2017,37150,10000
Chenab,Marala H/W,13-06-2017,37137,10000
Chenab,Marala H/W,14-06-2017,39540,10000
Chenab,Marala H/W,15-06-2017,42091,10000
Chenab,Marala H/W,16-06-2017,44361,11512
Chenab,Marala H/W,17-06-2017,44153,11512
Chenab,Marala H/W,18-06-2017,55909,22834
Chenab,Marala H/W,19-06-2017,59879,26608
Chenab,Marala H/W,20-06-2017,75735,41704
Chenab,Marala H/W,21-06-2017,67856,34156
Chenab,Marala H/W,22-06-2017,75772,41704
Chenab,Marala H/W,23-06-2017,67071,32924
Chenab,Marala H/W,24-06-2017,53451,19010
Chenab,Marala H/W,25-06-2017,61058,26608
Chenab,Marala H/W,26-06-2017,68906,34156
Chenab,Marala H/W,27-06-2017,76604,41704
Chenab,Marala H/W,28-06-2017,84202,49252
Chenab,Marala H/W,29-06-2017,91750,56800
Chenab,Marala H/W,30-06-2017,95524,60574
Chenab,Khanki H/W,1-06-2017,50272,42259
Chenab,Khanki H/W,2-06-2017,45057,37083
Chenab,Khanki H/W,3-06-2017,31688,23882
Chenab,Khanki H/W,4-06-2017,21770,13764
Chenab,Khanki H/W,5-06-2017,32113,24023
Chenab,Khanki H/W,6-06-2017,39359,31173
Chenab,Khanki H/W,7-06-2017,48753,40451
Chenab,Khanki H/W,8-06-2017,56305,47985
Chenab,Khanki H/W,9-06-2017,48777,40457
Chenab,Khanki H/W,10-06-2017,34524,26138
Chenab,Khanki H/W,11-06-2017,28591,20344
Chenab,Khanki H/W,12-06-2017,12069,3801
Chenab,Khanki H/W,13-06-2017,15793,7509
Chenab,Khanki H/W,14-06-2017,12083,3550
Chenab,Khanki H/W,15-06-2017,12123,3590
Chenab,Khanki H/W,16-06-2017,16062,7509
Chenab,Khanki H/W,17-06-2017,16057,7509
Chenab,Khanki H/W,18-06-2017,18460,9912
Chenab,Khanki H/W,19-06-2017,33168,24666
Chenab,Khanki H/W,20-06-2017,41294,32776
Chenab,Khanki H/W,21-06-2017,46002,37778
Chenab,Khanki H/W,22-06-2017,46002,37778
Chenab,Khanki H/W,23-06-2017,66126,57902
Chenab,Khanki H/W,24-06-2017,34362,26138
Chenab,Khanki H/W,25-06-2017,24417,16193
Chenab,Khanki H/W,26-06-2017,37925,29701
Chenab,Khanki H/W,27-06-2017,48675,40451
Chenab,Khanki H/W,28-06-2017,52912,44688
Chenab,Khanki H/W,29-06-2017,66126,57902
Chenab,Khanki H/W,30-06-2017,62919,54695
Chenab,Qadirabad Barrage,1-06-2017,50803,28706
Chenab,Qadirabad Barrage,2-06-2017,49552,27552
Chenab,Qadirabad Barrage,3-06-2017,32697,10697
Chenab,Qadirabad Barrage,4-06-2017,31373,9373
Chenab,Qadirabad Barrage,5-06-2017,28723,6723
Chenab,Qadirabad Barrage,6-06-2017,40499,18499
Chenab,Qadirabad Barrage,7-06-2017,52006,30006
Chenab,Qadirabad Barrage,8-06-2017,48071,26245
Chenab,Qadirabad Barrage,9-06-2017,48245,26245
Chenab,Qadirabad Barrage,10-06-2017,30048,8048
Chenab,Qadirabad Barrage,11-06-2017,24749,2749
Chenab,Qadirabad Barrage,12-06-2017,18274,NIL
Chenab,Qadirabad Barrage,13-06-2017,18134,NIL
Chenab,Qadirabad Barrage,14-06-2017,18438,NIL
Chenab,Qadirabad Barrage,15-06-2017,24749,2749
Chenab,Qadirabad Barrage,16-06-2017,28723,6723
Chenab,Qadirabad Barrage,17-06-2017,28723,6723
Chenab,Qadirabad Barrage,18-06-2017,28723,6723
Chenab,Qadirabad Barrage,19-06-2017,42328,19866
Chenab,Qadirabad Barrage,20-06-2017,45630,23630
Chenab,Qadirabad Barrage,21-06-2017,50603,28783
Chenab,Qadirabad Barrage,22-06-2017,50783,28783
Chenab,Qadirabad Barrage,23-06-2017,74554,52554
Chenab,Qadirabad Barrage,24-06-2017,30048,8048
Chenab,Qadirabad Barrage,25-06-2017,17724,NIL
Chenab,Qadirabad Barrage,26-06-2017,24449,5399
Chenab,Qadirabad Barrage,27-06-2017,40548,18548
Chenab,Qadirabad Barrage,28-06-2017,44382,22382
Chenab,Qadirabad Barrage,29-06-2017,51334,28782
Chenab,Qadirabad Barrage,30-06-2017,53306,31306
Chenab,Trimmu H/W,1-06-2017,23150,8675
Chenab,Trimmu H/W,2-06-2017,26729,12270
Chenab,Trimmu H/W,3-06-2017,26745,12270
Chenab,Trimmu H/W,4-06-2017,25061,10586
Chenab,Trimmu H/W,5-06-2017,23994,9522
Chenab,Trimmu H/W,6-06-2017,17643,2668
Chenab,Trimmu H/W,7-06-2017,19363,3898
Chenab,Trimmu H/W,8-06-2017,21142,5767
Chenab,Trimmu H/W,9-06-2017,22203,6348
Chenab,Trimmu H/W,10-06-2017,27328,11828
Chenab,Trimmu H/W,11-06-2017,22624,7324
Chenab,Trimmu H/W,12-06-2017,24951,9666
Chenab,Trimmu H/W,13-06-2017,18413,3113
Chenab,Trimmu H/W,14-06-2017,15286,NIL
Chenab,Trimmu H/W,15-06-2017,14800,NIL
Chenab,Trimmu H/W,16-06-2017,22023,7242
Chenab,Trimmu H/W,17-06-2017,23829,8929
Chenab,Trimmu H/W,18-06-2017,23217,7242
Chenab,Trimmu H/W,19-06-2017,26335,10843
Chenab,Trimmu H/W,20-06-2017,34326,17867
Chenab,Trimmu H/W,21-06-2017,34544,20292
Chenab,Trimmu H/W,22-06-2017,33792,20292
Chenab,Trimmu H/W,23-06-2017,30917,17867
Chenab,Trimmu H/W,24-06-2017,27356,14116
Chenab,Trimmu H/W,25-06-2017,27366,14116
Chenab,Trimmu H/W,26-06-2017,26758,13528
Chenab,Trimmu H/W,27-06-2017,20491,7250
Chenab,Trimmu H/W,28-06-2017,12600,NIL
Chenab,Trimmu H/W,29-06-2017,12600,NIL
Chenab,Trimmu H/W,30-06-2017,18300,5054
Chenab,Panjnad H/W,1-06-2017,7402,NIL
Chenab,Panjnad H/W,2-06-2017,8713,NIL
Chenab,Panjnad H/W,3-06-2017,9717,NIL
Chenab,Panjnad H/W,4-06-2017,12191,2426
Chenab,Panjnad H/W,5-06-2017,13186,3080
Chenab,Panjnad H/W,6-06-2017,12542,2475
Chenab,Panjnad H/W,7-06-2017,13393,3287
Chenab,Panjnad H/W,8-06-2017,13463,3287
Chenab,Panjnad H/W,9-06-2017,10921,828
Chenab,Panjnad H/W,10-06-2017,10072,NIL
Chenab,Panjnad H/W,11-06-2017,10056,NIL
Chenab,Panjnad H/W,12-06-2017,10086,NIL
Chenab,Panjnad H/W,13-06-2017,10108,NIL
Chenab,Panjnad H/W,14-06-2017,12286,2066
Chenab,Panjnad H/W,15-06-2017,13353,3080
Chenab,Panjnad H/W,16-06-2017,13351,3080
Chenab,Panjnad H/W,17-06-2017,12764,2484
Chenab,Panjnad H/W,18-06-2017,9590,NIL
Chenab,Panjnad H/W,19-06-2017,9598,NIL
Chenab,Panjnad H/W,20-06-2017,12395,2074
Chenab,Panjnad H/W,21-06-2017,10368,3068
Chenab,Panjnad H/W,22-06-2017,17771,8971
Chenab,Panjnad H/W,23-06-2017,18571,8971
Chenab,Panjnad H/W,24-06-2017,19673,9909
Chenab,Panjnad H/W,25-06-2017,24414,14664
Chenab,Panjnad H/W,26-06-2017,27504,19554
Chenab,Panjnad H/W,27-06-2017,27504,19554
Chenab,Panjnad H/W,28-06-2017,25729,17779
Chenab,Panjnad H/W,29-06-2017,29295,19839
Chenab,Panjnad H/W,30-06-2017,20696,11057
Chenab,Marala H/W,1-07-2017,142950,107866
Chenab,Marala H/W,2-07-2017,83983,48983
Chenab,Marala H/W,3-07-2017,79032,43630
Chenab,Marala H/W,4-07-2017,84206,48983
Chenab,Marala H/W,5-07-2017,84195,48983
Chenab,Marala H/W,6-07-2017,79041,43630
Chenab,Marala H/W,7-07-2017,78853,43630
Chenab,Marala H/W,8-07-2017,79501,43497
Chenab,Marala H/W,9-07-2017,79120,43497
Chenab,Marala H/W,10-07-2017,74394,38144
Chenab,Marala H/W,11-07-2017,95573,59556
Chenab,Marala H/W,12-07-2017,86970,51490
Chenab,Marala H/W,13-07-2017,135233,102002
Chenab,Marala H/W,14-07-2017,117041,83634
Chenab,Marala H/W,15-07-2017,89232,56082
Chenab,Marala H/W,16-07-2017,98441,65266
Chenab,Marala H/W,17-07-2017,100047,66280
Chenab,Marala H/W,18-07-2017,116934,83634
Chenab,Marala H/W,19-07-2017,139745,111186
Chenab,Marala H/W,20-07-2017,109268,79042
Chenab,Marala H/W,21-07-2017,92451,60674
Chenab,Marala H/W,22-07-2017,88974,56082
Chenab,Marala H/W,23-07-2017,88782,56082
Chenab,Marala H/W,24-07-2017,80251,46898
Chenab,Marala H/W,25-07-2017,93374,60674
Chenab,Marala H/W,26-07-2017,84824,51490
Chenab,Marala H/W,27-07-2017,89145,56082
Chenab,Marala H/W,28-07-2017,88805,56082
Chenab,Marala H/W,29-07-2017,98417,65266
Chenab,Marala H/W,30-07-2017,93324,60674
Chenab,Marala H/W,31-07-2017,125468,92818
Chenab,Khanki H/W,1-07-2017,115351,107194
Chenab,Khanki H/W,2-07-2017,83404,75268
Chenab,Khanki H/W,3-07-2017,70265,62129
Chenab,Khanki H/W,4-07-2017,60511,52136
Chenab,Khanki H/W,5-07-2017,63122,54769
Chenab,Khanki H/W,6-07-2017,55246,46721
Chenab,Khanki H/W,7-07-2017,50594,42269
Chenab,Khanki H/W,8-07-2017,46033,37666
Chenab,Khanki H/W,9-07-2017,47811,39486
Chenab,Khanki H/W,10-07-2017,46012,37666
Chenab,Khanki H/W,11-07-2017,58033,49708
Chenab,Khanki H/W,12-07-2017,75453,66928
Chenab,Khanki H/W,13-07-2017,178230,170026
Chenab,Khanki H/W,14-07-2017,131331,123145
Chenab,Khanki H/W,15-07-2017,92028,83803
Chenab,Khanki H/W,16-07-2017,76727,68302
Chenab,Khanki H/W,17-07-2017,100611,92186
Chenab,Khanki H/W,18-07-2017,114988,106534
Chenab,Khanki H/W,19-07-2017,178446,170021
Chenab,Khanki H/W,20-07-2017,138181,129735
Chenab,Khanki H/W,21-07-2017,85939,77414
Chenab,Khanki H/W,22-07-2017,80498,71979
Chenab,Khanki H/W,23-07-2017,80504,71979
Chenab,Khanki H/W,24-07-2017,71920,63395
Chenab,Khanki H/W,25-07-2017,85343,76818
Chenab,Khanki H/W,26-07-2017,73244,64692
Chenab,Khanki H/W,27-07-2017,76541,68016
Chenab,Khanki H/W,28-07-2017,74166,65641
Chenab,Khanki H/W,29-07-2017,82491,73966
Chenab,Khanki H/W,30-07-2017,95964,87439
Chenab,Khanki H/W,31-07-2017,87634,79109
Chenab,Qadirabad Barrage,1-07-2017,169702,147697
Chenab,Qadirabad Barrage,2-07-2017,76652,54652
Chenab,Qadirabad Barrage,3-07-2017,56800,34800
Chenab,Qadirabad Barrage,4-07-2017,51692,29692
Chenab,Qadirabad Barrage,5-07-2017,51692,29692
Chenab,Qadirabad Barrage,6-07-2017,47929,25929
Chenab,Qadirabad Barrage,7-07-2017,39230,17230
Chenab,Qadirabad Barrage,8-07-2017,31412,9373
Chenab,Qadirabad Barrage,9-07-2017,35347,13347
Chenab,Qadirabad Barrage,10-07-2017,37954,15954
Chenab,Qadirabad Barrage,11-07-2017,46950,24937
Chenab,Qadirabad Barrage,12-07-2017,60899,38899
Chenab,Qadirabad Barrage,13-07-2017,159299,137299
Chenab,Qadirabad Barrage,14-07-2017,117215,95215
Chenab,Qadirabad Barrage,15-07-2017,80330,58330
Chenab,Qadirabad Barrage,16-07-2017,54520,32520
Chenab,Qadirabad Barrage,17-07-2017,92789,70789
Chenab,Qadirabad Barrage,18-07-2017,106052,83734
Chenab,Qadirabad Barrage,19-07-2017,141204,119204
Chenab,Qadirabad Barrage,20-07-2017,130624,108624
Chenab,Qadirabad Barrage,21-07-2017,65662,43598
Chenab,Qadirabad Barrage,22-07-2017,70716,48716
Chenab,Qadirabad Barrage,23-07-2017,61004,39004
Chenab,Qadirabad Barrage,24-07-2017,68282,46282
Chenab,Qadirabad Barrage,25-07-2017,61004,39004
Chenab,Qadirabad Barrage,26-07-2017,61004,39004
Chenab,Qadirabad Barrage,27-07-2017,60928,39004
Chenab,Qadirabad Barrage,28-07-2017,68408,46408
Chenab,Qadirabad Barrage,29-07-2017,64664,42664
Chenab,Qadirabad Barrage,30-07-2017,87233,65233
Chenab,Qadirabad Barrage,31-07-2017,73414,51414
Chenab,Trimmu H/W,1-07-2017,490.2,480.6
Chenab,Trimmu H/W,2-07-2017,490.2,481.5
Chenab,Trimmu H/W,3-07-2017,490.2,486
Chenab,Trimmu H/W,4-07-2017,490.2,484.6
Chenab,Trimmu H/W,5-07-2017,490.2,482.3
Chenab,Trimmu H/W,6-07-2017,490.2,481
Chenab,Trimmu H/W,7-07-2017,490.2,480.9
Chenab,Trimmu H/W,8-07-2017,490.2,481.1
Chenab,Trimmu H/W,9-07-2017,490.2,480
Chenab,Trimmu H/W,10-07-2017,490.2,480
Chenab,Trimmu H/W,11-07-2017,490.2,477.5
Chenab,Trimmu H/W,12-07-2017,490.2,477.5
Chenab,Trimmu H/W,13-07-2017,490.2,477.5
Chenab,Trimmu H/W,14-07-2017,490.2,479.4
Chenab,Trimmu H/W,15-07-2017,490.2,484.6
Chenab,Trimmu H/W,16-07-2017,490.2,485.2
Chenab,Trimmu H/W,17-07-2017,490.2,484.2
Chenab,Trimmu H/W,18-07-2017,490.2,482.2
Chenab,Trimmu H/W,19-07-2017,490.2,484.3
Chenab,Trimmu H/W,20-07-2017,490.2,485.4
Chenab,Trimmu H/W,21-07-2017,490.2,486.7
Chenab,Trimmu H/W,22-07-2017,490.2,486
Chenab,Trimmu H/W,23-07-2017,490.2,484.1
Chenab,Trimmu H/W,24-07-2017,490.2,482
Chenab,Trimmu H/W,25-07-2017,490.2,482.9
Chenab,Trimmu H/W,26-07-2017,490.2,483
Chenab,Trimmu H/W,27-07-2017,490.2,482.5
Chenab,Trimmu H/W,28-07-2017,490.2,482.9
Chenab,Trimmu H/W,29-07-2017,490.2,482.6
Chenab,Trimmu H/W,30-07-2017,490.2,482.2
Chenab,Trimmu H/W,31-07-2017,490.2,482.4
Chenab,Panjnad H/W,1-07-2017,338.1,N.R
Chenab,Panjnad H/W,2-07-2017,338.1,N.R
Chenab,Panjnad H/W,3-07-2017,338.1,N.R
Chenab,Panjnad H/W,4-07-2017,338.1,N.R
Chenab,Panjnad H/W,5-07-2017,338.1,N.R
Chenab,Panjnad H/W,6-07-2017,338.1,N.R
Chenab,Panjnad H/W,7-07-2017,338.1,N.R
Chenab,Panjnad H/W,8-07-2017,338.1,N.R
Chenab,Panjnad H/W,9-07-2017,338.1,N.R
Chenab,Panjnad H/W,10-07-2017,338.1,N.R
Chenab,Panjnad H/W,11-07-2017,338.1,N.R
Chenab,Panjnad H/W,12-07-2017,338.1,N.R
Chenab,Panjnad H/W,13-07-2017,338.1,N.R
Chenab,Panjnad H/W,14-07-2017,338.1,N.R
Chenab,Panjnad H/W,15-07-2017,338.1,N.R
Chenab,Panjnad H/W,16-07-2017,338.1,N.R
Chenab,Panjnad H/W,17-07-2017,337.8,N.R
Chenab,Panjnad H/W,18-07-2017,338.1,N.R
Chenab,Panjnad H/W,19-07-2017,338.1,N.R
Chenab,Panjnad H/W,20-07-2017,338.1,N.R
Chenab,Panjnad H/W,21-07-2017,338.1,N.R
Chenab,Panjnad H/W,22-07-2017,338.1,N.R
Chenab,Panjnad H/W,23-07-2017,338.1,N.R
Chenab,Panjnad H/W,24-07-2017,338.1,N.R
Chenab,Panjnad H/W,25-07-2017,338.1,N.R
Chenab,Panjnad H/W,26-07-2017,338.1,N.R
Chenab,Panjnad H/W,27-07-2017,338.1,N.R
Chenab,Panjnad H/W,28-07-2017,338.1,N.R
Chenab,Panjnad H/W,29-07-2017,338.1,N.R
Chenab,Panjnad H/W,30-07-2017,338.1,N.R
Chenab,Panjnad H/W,31-07-2017,338.1,N.R
Chenab,Marala H/W,1-08-2017,122766,92766
Chenab,Marala H/W,2-08-2017,126620,98820
Chenab,Marala H/W,3-08-2017,144860,124560
Chenab,Marala H/W,4-08-2017,80484,68184
Chenab,Marala H/W,5-08-2017,95337,82800
Chenab,Marala H/W,6-08-2017,89307,68184
Chenab,Marala H/W,7-08-2017,91511,68184
Chenab,Marala H/W,8-08-2017,91596,68184
Chenab,Marala H/W,9-08-2017,86219,63096
Chenab,Marala H/W,10-08-2017,91768,68183
Chenab,Marala H/W,11-08-2017,89059,63096
Chenab,Marala H/W,12-08-2017,75739,46992
Chenab,Marala H/W,13-08-2017,81819,52596
Chenab,Marala H/W,14-08-2017,71146,41286
Chenab,Marala H/W,15-08-2017,89518,59520
Chenab,Marala H/W,16-08-2017,72188,42588
Chenab,Marala H/W,17-08-2017,49498,19346
Chenab,Marala H/W,18-08-2017,58544,26894
Chenab,Marala H/W,19-08-2017,62711,30668
Chenab,Marala H/W,20-08-2017,62556,30668
Chenab,Marala H/W,21-08-2017,59180,26894
Chenab,Marala H/W,22-08-2017,50996,19346
Chenab,Marala H/W,23-08-2017,51996,19346
Chenab,Marala H/W,24-08-2017,56034,23120
Chenab,Marala H/W,25-08-2017,63769,30668
Chenab,Marala H/W,26-08-2017,64111,30668
Chenab,Marala H/W,27-08-2017,55820,23120
Chenab,Marala H/W,28-08-2017,41908,8895
Chenab,Marala H/W,29-08-2017,47451,14701
Chenab,Marala H/W,30-08-2017,50996,17604
Chenab,Marala H/W,31-08-2017,54920,23120
Chenab,Khanki H/W,1-08-2017,167040,158515
Chenab,Khanki H/W,2-08-2017,157396,148855
Chenab,Khanki H/W,3-08-2017,178546,170021
Chenab,Khanki H/W,4-08-2017,116189,107664
Chenab,Khanki H/W,5-08-2017,107661,99018
Chenab,Khanki H/W,6-08-2017,112666,104041
Chenab,Khanki H/W,7-08-2017,101041,92416
Chenab,Khanki H/W,8-08-2017,94386,85761
Chenab,Khanki H/W,9-08-2017,107643,99018
Chenab,Khanki H/W,10-08-2017,90167,81515
Chenab,Khanki H/W,11-08-2017,82345,73720
Chenab,Khanki H/W,12-08-2017,75093,66468
Chenab,Khanki H/W,13-08-2017,56118,47493
Chenab,Khanki H/W,14-08-2017,56118,47493
Chenab,Khanki H/W,15-08-2017,56122,47493
Chenab,Khanki H/W,16-08-2017,51947,43322
Chenab,Khanki H/W,17-08-2017,30550,21920
Chenab,Khanki H/W,18-08-2017,18108,9483
Chenab,Khanki H/W,19-08-2017,31127,22470
Chenab,Khanki H/W,20-08-2017,26817,18192
Chenab,Khanki H/W,21-08-2017,31127,22502
Chenab,Khanki H/W,22-08-2017,28965,20340
Chenab,Khanki H/W,23-08-2017,31125,22470
Chenab,Khanki H/W,24-08-2017,20645,12020
Chenab,Khanki H/W,25-08-2017,26817,18192
Chenab,Khanki H/W,26-08-2017,31425,22825
Chenab,Khanki H/W,27-08-2017,35072,26472
Chenab,Khanki H/W,28-08-2017,18522,9912
Chenab,Khanki H/W,29-08-2017,16395,7795
Chenab,Khanki H/W,30-08-2017,22854,14268
Chenab,Khanki H/W,31-08-2017,22868,14268
Chenab,Qadirabad Barrage,1-08-2017,156195,134371
Chenab,Qadirabad Barrage,2-08-2017,141371,119371
Chenab,Qadirabad Barrage,3-08-2017,164177,142177
Chenab,Qadirabad Barrage,4-08-2017,109791,87791
Chenab,Qadirabad Barrage,5-08-2017,96337,74337
Chenab,Qadirabad Barrage,6-08-2017,84693,62693
Chenab,Qadirabad Barrage,7-08-2017,84693,62693
Chenab,Qadirabad Barrage,8-08-2017,80037,58762
Chenab,Qadirabad Barrage,9-08-2017,113321,91321
Chenab,Qadirabad Barrage,10-08-2017,73444,51444
Chenab,Qadirabad Barrage,11-08-2017,73344,51444
Chenab,Qadirabad Barrage,12-08-2017,60795,38795
Chenab,Qadirabad Barrage,13-08-2017,46805,24805
Chenab,Qadirabad Barrage,14-08-2017,51926,29926
Chenab,Qadirabad Barrage,15-08-2017,36518,14518
Chenab,Qadirabad Barrage,16-08-2017,48105,26105
Chenab,Qadirabad Barrage,17-08-2017,22000,NIL
Chenab,Qadirabad Barrage,18-08-2017,22596,NIL
Chenab,Qadirabad Barrage,19-08-2017,28723,6723
Chenab,Qadirabad Barrage,20-08-2017,35277,13277
Chenab,Qadirabad Barrage,21-08-2017,41830,21016
Chenab,Qadirabad Barrage,22-08-2017,40450,18450
Chenab,Qadirabad Barrage,23-08-2017,35277,13277
Chenab,Qadirabad Barrage,24-08-2017,36595,14595
Chenab,Qadirabad Barrage,25-08-2017,37912,15912
Chenab,Qadirabad Barrage,26-08-2017,41761,19761
Chenab,Qadirabad Barrage,27-08-2017,41761,19761
Chenab,Qadirabad Barrage,28-08-2017,33519,11991
Chenab,Qadirabad Barrage,29-08-2017,22000,NIL
Chenab,Qadirabad Barrage,30-08-2017,28688,6688
Chenab,Qadirabad Barrage,31-08-2017,31324,9324
Chenab,Trimmu H/W,1-08-2017,43747,NIL
Chenab,Trimmu H/W,2-08-2017,51892,NIL
Chenab,Trimmu H/W,3-08-2017,74739,NIL
Chenab,Trimmu H/W,4-08-2017,92792,NIL
Chenab,Trimmu H/W,5-08-2017,100404,NIL
Chenab,Trimmu H/W,6-08-2017,80702,NIL
Chenab,Trimmu H/W,7-08-2017,72880,NIL
Chenab,Trimmu H/W,8-08-2017,71549,NIL
Chenab,Trimmu H/W,9-08-2017,67031,NIL
Chenab,Trimmu H/W,10-08-2017,67031,NIL
Chenab,Trimmu H/W,11-08-2017,69124,NIL
Chenab,Trimmu H/W,12-08-2017,69121,NIL
Chenab,Trimmu H/W,13-08-2017,64514,NIL
Chenab,Trimmu H/W,14-08-2017,56914,NIL
Chenab,Trimmu H/W,15-08-2017,42440,NIL
Chenab,Trimmu H/W,16-08-2017,36446,NIL
Chenab,Trimmu H/W,17-08-2017,36446,NIL
Chenab,Trimmu H/W,18-08-2017,32927,NIL
Chenab,Trimmu H/W,19-08-2017,28047,NIL
Chenab,Trimmu H/W,20-08-2017,21238,NIL
Chenab,Trimmu H/W,21-08-2017,16950,NIL
Chenab,Trimmu H/W,22-08-2017,24548,NIL
Chenab,Trimmu H/W,23-08-2017,32521,NIL
Chenab,Trimmu H/W,24-08-2017,33522,NIL
Chenab,Trimmu H/W,25-08-2017,31267,NIL
Chenab,Trimmu H/W,26-08-2017,24648,NIL
Chenab,Trimmu H/W,27-08-2017,26788,NIL
Chenab,Trimmu H/W,28-08-2017,26779,NIL
Chenab,Trimmu H/W,29-08-2017,33910,NIL
Chenab,Trimmu H/W,30-08-2017,36394,NIL
Chenab,Trimmu H/W,31-08-2017,32035,NIL
Chenab,Panjnad H/W,1-08-2017,8.46,N.R
Chenab,Panjnad H/W,2-08-2017,8.43,N.R
Chenab,Panjnad H/W,3-08-2017,8.46,N.R
Chenab,Panjnad H/W,4-08-2017,8.43,N.R
Chenab,Panjnad H/W,5-08-2017,8.43,N.R
Chenab,Panjnad H/W,6-08-2017,8.43,N.R
Chenab,Panjnad H/W,7-08-2017,8.43,N.R
Chenab,Panjnad H/W,8-08-2017,8.43,N.R
Chenab,Panjnad H/W,9-08-2017,8.43,N.R
Chenab,Panjnad H/W,10-08-2017,8.44,N.R
Chenab,Panjnad H/W,11-08-2017,8.45,N.R
Chenab,Panjnad H/W,12-08-2017,8.43,N.R
Chenab,Panjnad H/W,13-08-2017,8.43,N.R
Chenab,Panjnad H/W,14-08-2017,8.43,N.R
Chenab,Panjnad H/W,15-08-2017,8.43,N.R
Chenab,Panjnad H/W,16-08-2017,8.46,N.R
Chenab,Panjnad H/W,17-08-2017,8.43,N.R
Chenab,Panjnad H/W,18-08-2017,8.43,N.R
Chenab,Panjnad H/W,19-08-2017,8.43,N.R
Chenab,Panjnad H/W,20-08-2017,8.44,N.R
Chenab,Panjnad H/W,21-08-2017,8.43,N.R
Chenab,Panjnad H/W,22-08-2017,8.43,N.R
Chenab,Panjnad H/W,23-08-2017,8.42,N.R
Chenab,Panjnad H/W,24-08-2017,8.43,N.R
Chenab,Panjnad H/W,25-08-2017,8.43,N.R
Chenab,Panjnad H/W,26-08-2017,8.43,N.R
Chenab,Panjnad H/W,27-08-2017,8.43,N.R
Chenab,Panjnad H/W,28-08-2017,8.42,N.R
Chenab,Panjnad H/W,29-08-2017,8.43,N.R
Chenab,Panjnad H/W,30-08-2017,8.43,N.R
Chenab,Panjnad H/W,31-08-2017,7.76,N.R
Chenab,Marala H/W,1-09-2017,52357,20507
Chenab,Marala H/W,2-09-2017,62518,30668
Chenab,Marala H/W,3-09-2017,54920,23120
Chenab,Marala H/W,4-09-2017,43598,11798
Chenab,Marala H/W,5-09-2017,42793,11798
Chenab,Marala H/W,6-09-2017,39102,7974
Chenab,Marala H/W,7-09-2017,39864,7974
Chenab,Marala H/W,8-09-2017,37592,5992
Chenab,Marala H/W,9-09-2017,34088,8000
Chenab,Marala H/W,10-09-2017,29754,8000
Chenab,Marala H/W,11-09-2017,28860,8000
Chenab,Marala H/W,12-09-2017,31879,8000
Chenab,Marala H/W,13-09-2017,27187,8000
Chenab,Marala H/W,14-09-2017,26839,8000
Chenab,Marala H/W,15-09-2017,22139,8000
Chenab,Marala H/W,16-09-2017,22979,8000
Chenab,Marala H/W,17-09-2017,22860,8000
Chenab,Marala H/W,18-09-2017,22839,8000
Chenab,Marala H/W,19-09-2017,21707,8000
Chenab,Marala H/W,20-09-2017,21039,8000
Chenab,Marala H/W,21-09-2017,20796,8000
Chenab,Marala H/W,22-09-2017,21860,7000
Chenab,Marala H/W,23-09-2017,21211,7000
Chenab,Marala H/W,24-09-2017,21860,7000
Chenab,Marala H/W,25-09-2017,24946,9910
Chenab,Marala H/W,26-09-2017,21891,7000
Chenab,Marala H/W,27-09-2017,22057,7000
Chenab,Marala H/W,28-09-2017,19120,4010
Chenab,Marala H/W,29-09-2017,18920,4010
Chenab,Marala H/W,30-09-2017,18870,4010
Chenab,Khanki H/W,1-09-2017,30167,22060
Chenab,Khanki H/W,2-09-2017,39052,30945
Chenab,Khanki H/W,3-09-2017,37395,29288
Chenab,Khanki H/W,4-09-2017,26403,18296
Chenab,Khanki H/W,5-09-2017,20414,12148
Chenab,Khanki H/W,6-09-2017,15919,7617
Chenab,Khanki H/W,7-09-2017,18319,9912
Chenab,Khanki H/W,8-09-2017,12095,3642
Chenab,Khanki H/W,9-09-2017,8895,488
Chenab,Khanki H/W,10-09-2017,10228,1821
Chenab,Khanki H/W,11-09-2017,10243,1821
Chenab,Khanki H/W,12-09-2017,10228,1821
Chenab,Khanki H/W,13-09-2017,10240,1833
Chenab,Khanki H/W,14-09-2017,10228,1821
Chenab,Khanki H/W,15-09-2017,9342,928
Chenab,Khanki H/W,16-09-2017,10096,1755
Chenab,Khanki H/W,17-09-2017,10025,1775
Chenab,Khanki H/W,18-09-2017,9992,1775
Chenab,Khanki H/W,19-09-2017,11005,2703
Chenab,Khanki H/W,20-09-2017,10128,1775
Chenab,Khanki H/W,21-09-2017,10221,1775
Chenab,Khanki H/W,22-09-2017,10138,1862
Chenab,Khanki H/W,23-09-2017,9944,1775
Chenab,Khanki H/W,24-09-2017,10103,1775
Chenab,Khanki H/W,25-09-2017,11084,2656
Chenab,Khanki H/W,26-09-2017,11978,3550
Chenab,Khanki H/W,27-09-2017,11941,3550
Chenab,Khanki H/W,28-09-2017,10279,1851
Chenab,Khanki H/W,29-09-2017,8634,250
Chenab,Khanki H/W,30-09-2017,8628,250
Chenab,Qadirabad Barrage,1-09-2017,33928,11928
Chenab,Qadirabad Barrage,2-09-2017,37787,15787
Chenab,Qadirabad Barrage,3-09-2017,48105,26105
Chenab,Qadirabad Barrage,4-09-2017,36737,14556
Chenab,Qadirabad Barrage,5-09-2017,32669,10669
Chenab,Qadirabad Barrage,6-09-2017,24749,2749
Chenab,Qadirabad Barrage,7-09-2017,20000,NIL
Chenab,Qadirabad Barrage,8-09-2017,21130,NIL
Chenab,Qadirabad Barrage,9-09-2017,22000,NIL
Chenab,Qadirabad Barrage,10-09-2017,19800,NIL
Chenab,Qadirabad Barrage,11-09-2017,22026,NIL
Chenab,Qadirabad Barrage,12-09-2017,19000,NIL
Chenab,Qadirabad Barrage,13-09-2017,21700,NIL
Chenab,Qadirabad Barrage,14-09-2017,22000,NIL
Chenab,Qadirabad Barrage,15-09-2017,22000,NIL
Chenab,Qadirabad Barrage,16-09-2017,21324,NIL
Chenab,Qadirabad Barrage,17-09-2017,22000,NIL
Chenab,Qadirabad Barrage,18-09-2017,22559,NIL
Chenab,Qadirabad Barrage,19-09-2017,22000,NIL
Chenab,Qadirabad Barrage,20-09-2017,22000,NIL
Chenab,Qadirabad Barrage,21-09-2017,21657,NIL
Chenab,Qadirabad Barrage,22-09-2017,21000,NIL
Chenab,Qadirabad Barrage,23-09-2017,22000,NIL
Chenab,Qadirabad Barrage,24-09-2017,22000,NIL
Chenab,Qadirabad Barrage,25-09-2017,22000,NIL
Chenab,Qadirabad Barrage,26-09-2017,22000,NIL
Chenab,Qadirabad Barrage,27-09-2017,23436,1436
Chenab,Qadirabad Barrage,28-09-2017,24224,1436
Chenab,Qadirabad Barrage,29-09-2017,21000,NIL
Chenab,Qadirabad Barrage,30-09-2017,20000,NIL
Chenab,Trimmu H/W,1-09-2017,21230,8546
Chenab,Trimmu H/W,2-09-2017,18988,6288
Chenab,Trimmu H/W,3-09-2017,30347,17647
Chenab,Trimmu H/W,4-09-2017,33286,20586
Chenab,Trimmu H/W,5-09-2017,43018,30136
Chenab,Trimmu H/W,6-09-2017,46684,33806
Chenab,Trimmu H/W,7-09-2017,33461,20561
Chenab,Trimmu H/W,8-09-2017,29099,16011
Chenab,Trimmu H/W,9-09-2017,25285,12208
Chenab,Trimmu H/W,10-09-2017,19388,6288
Chenab,Trimmu H/W,11-09-2017,24419,11319
Chenab,Trimmu H/W,12-09-2017,24419,11319
Chenab,Trimmu H/W,13-09-2017,22008,6408
Chenab,Trimmu H/W,14-09-2017,21977,6408
Chenab,Trimmu H/W,15-09-2017,22008,6408
Chenab,Trimmu H/W,16-09-2017,21981,6408
Chenab,Trimmu H/W,17-09-2017,19552,3984
Chenab,Trimmu H/W,18-09-2017,22008,6408
Chenab,Trimmu H/W,19-09-2017,22162,7582
Chenab,Trimmu H/W,20-09-2017,23386,8803
Chenab,Trimmu H/W,21-09-2017,26810,11210
Chenab,Trimmu H/W,22-09-2017,27910,11210
Chenab,Trimmu H/W,23-09-2017,27895,11210
Chenab,Trimmu H/W,24-09-2017,28908,12208
Chenab,Trimmu H/W,25-09-2017,31104,14424
Chenab,Trimmu H/W,26-09-2017,31124,14424
Chenab,Trimmu H/W,27-09-2017,28299,11099
Chenab,Trimmu H/W,28-09-2017,31408,14424
Chenab,Trimmu H/W,29-09-2017,31524,14424
Chenab,Trimmu H/W,30-09-2017,30392,13292
Chenab,Panjnad H/W,1-09-2017,24012,15205
Chenab,Panjnad H/W,2-09-2017,26415,17877
Chenab,Panjnad H/W,3-09-2017,35359,26859
Chenab,Panjnad H/W,4-09-2017,28998,20281
Chenab,Panjnad H/W,5-09-2017,24996,16689
Chenab,Panjnad H/W,6-09-2017,23071,13239
Chenab,Panjnad H/W,7-09-2017,24380,14190
Chenab,Panjnad H/W,8-09-2017,27857,17661
Chenab,Panjnad H/W,9-09-2017,31248,21082
Chenab,Panjnad H/W,10-09-2017,31402,21082
Chenab,Panjnad H/W,11-09-2017,28704,18321
Chenab,Panjnad H/W,12-09-2017,21815,11558
Chenab,Panjnad H/W,13-09-2017,13983,3630
Chenab,Panjnad H/W,14-09-2017,12135,1663
Chenab,Panjnad H/W,15-09-2017,10414,NIL
Chenab,Panjnad H/W,16-09-2017,10469,NIL
Chenab,Panjnad H/W,17-09-2017,7757,NIL
Chenab,Panjnad H/W,18-09-2017,7422,NIL
Chenab,Panjnad H/W,19-09-2017,7262,NIL
Chenab,Panjnad H/W,20-09-2017,8001,NIL
Chenab,Panjnad H/W,21-09-2017,8745,NIL
Chenab,Panjnad H/W,22-09-2017,8106,NIL
Chenab,Panjnad H/W,23-09-2017,8365,NIL
Chenab,Panjnad H/W,24-09-2017,8844,NIL
Chenab,Panjnad H/W,25-09-2017,8951,NIL
Chenab,Panjnad H/W,26-09-2017,8758,NIL
Chenab,Panjnad H/W,27-09-2017,8792,NIL
Chenab,Panjnad H/W,28-09-2017,9352,NIL
Chenab,Panjnad H/W,29-09-2017,9095,NIL
Chenab,Panjnad H/W,30-09-2017,9204,NIL
Chenab,Marala H/W,1-10-2017,18870,4010
Chenab,Marala H/W,2-10-2017,19884,5024
Chenab,Marala H/W,3-10-2017,18870,4010
Chenab,Marala H/W,4-10-2017,18870,4010
Chenab,Marala H/W,5-10-2017,18444,3634
Chenab,Marala H/W,6-10-2017,19365,4555
Chenab,Marala H/W,7-10-2017,19365,4555
Chenab,Marala H/W,8-10-2017,18444,3634
Chenab,Marala H/W,9-10-2017,18013,4000
Chenab,Marala H/W,10-10-2017,16645,4000
Chenab,Marala H/W,11-10-2017,16195,4000
Chenab,Marala H/W,12-10-2017,16645,4000
Chenab,Marala H/W,13-10-2017,15897,4000
Chenab,Marala H/W,14-10-2017,14863,4000
Chenab,Marala H/W,15-10-2017,13130,4000
Chenab,Marala H/W,16-10-2017,11729,4000
Chenab,Marala H/W,17-10-2017,11867,4000
Chenab,Marala H/W,18-10-2017,11454,4000
Chenab,Marala H/W,19-10-2017,11181,4000
Chenab,Marala H/W,20-10-2017,11454,4000
Chenab,Marala H/W,21-10-2017,10560,2560
Chenab,Marala H/W,22-10-2017,10560,2560
Chenab,Marala H/W,23-10-2017,10560,2560
Chenab,Marala H/W,24-10-2017,13120,5120
Chenab,Marala H/W,25-10-2017,10560,2560
Chenab,Marala H/W,26-10-2017,10560,2560
Chenab,Marala H/W,27-10-2017,9742,1742
Chenab,Marala H/W,28-10-2017,9742,1742
Chenab,Marala H/W,29-10-2017,9742,1742
Chenab,Marala H/W,30-10-2017,8471,871
Chenab,Marala H/W,31-10-2017,8474,2000
Chenab,Khanki H/W,1-10-2017,7658,NIL
Chenab,Khanki H/W,2-10-2017,8276,NIL
Chenab,Khanki H/W,3-10-2017,7000,NIL
Chenab,Khanki H/W,4-10-2017,7000,NIL
Chenab,Khanki H/W,5-10-2017,7000,NIL
Chenab,Khanki H/W,6-10-2017,7000,NIL
Chenab,Khanki H/W,7-10-2017,7000,NIL
Chenab,Khanki H/W,8-10-2017,7000,NIL
Chenab,Khanki H/W,9-10-2017,5909,NIL
Chenab,Khanki H/W,10-10-2017,5025,NIL
Chenab,Khanki H/W,11-10-2017,6492,NIL
Chenab,Khanki H/W,12-10-2017,7000,NIL
Chenab,Khanki H/W,13-10-2017,7000,NIL
Chenab,Khanki H/W,14-10-2017,7000,NIL
Chenab,Khanki H/W,15-10-2017,7000,NIL
Chenab,Khanki H/W,16-10-2017,6080,NIL
Chenab,Khanki H/W,17-10-2017,6080,NIL
Chenab,Khanki H/W,18-10-2017,6080,NIL
Chenab,Khanki H/W,19-10-2017,6080,NIL
Chenab,Khanki H/W,20-10-2017,5917,1857
Chenab,Khanki H/W,21-10-2017,7044,7044
Chenab,Khanki H/W,22-10-2017,2508,2508
Chenab,Khanki H/W,23-10-2017,2508,2508
Chenab,Khanki H/W,24-10-2017,2469,2469
Chenab,Khanki H/W,25-10-2017,2469,2469
Chenab,Khanki H/W,26-10-2017,2469,2469
Chenab,Khanki H/W,27-10-2017,2469,2469
Chenab,Khanki H/W,28-10-2017,1932,1932
Chenab,Khanki H/W,29-10-2017,1835,1835
Chenab,Khanki H/W,30-10-2017,1835,1835
Chenab,Khanki H/W,31-10-2017,NIL,NIL
Chenab,Qadirabad Barrage,1-10-2017,19500,NIL
Chenab,Qadirabad Barrage,2-10-2017,19500,NIL
Chenab,Qadirabad Barrage,3-10-2017,19500,NIL
Chenab,Qadirabad Barrage,4-10-2017,19500,NIL
Chenab,Qadirabad Barrage,5-10-2017,19500,NIL
Chenab,Qadirabad Barrage,6-10-2017,19500,NIL
Chenab,Qadirabad Barrage,7-10-2017,19500,NIL
Chenab,Qadirabad Barrage,8-10-2017,19500,NIL
Chenab,Qadirabad Barrage,9-10-2017,19500,NIL
Chenab,Qadirabad Barrage,10-10-2017,19500,NIL
Chenab,Qadirabad Barrage,11-10-2017,19500,NIL
Chenab,Qadirabad Barrage,12-10-2017,19500,NIL
Chenab,Qadirabad Barrage,13-10-2017,19500,NIL
Chenab,Qadirabad Barrage,14-10-2017,19500,NIL
Chenab,Qadirabad Barrage,15-10-2017,19500,NIL
Chenab,Qadirabad Barrage,16-10-2017,18000,NIL
Chenab,Qadirabad Barrage,17-10-2017,15000,NIL
Chenab,Qadirabad Barrage,18-10-2017,15000,NIL
Chenab,Qadirabad Barrage,19-10-2017,15000,NIL
Chenab,Qadirabad Barrage,20-10-2017,8675,NIL
Chenab,Qadirabad Barrage,21-10-2017,11700,NIL
Chenab,Qadirabad Barrage,22-10-2017,12428,NIL
Chenab,Qadirabad Barrage,23-10-2017,10500,NIL
Chenab,Qadirabad Barrage,24-10-2017,10400,NIL
Chenab,Qadirabad Barrage,25-10-2017,9525,NIL
Chenab,Qadirabad Barrage,26-10-2017,6171,NIL
Chenab,Qadirabad Barrage,27-10-2017,5107,NIL
Chenab,Qadirabad Barrage,28-10-2017,8371,NIL
Chenab,Qadirabad Barrage,29-10-2017,14261,NIL
Chenab,Qadirabad Barrage,30-10-2017,16436,NIL
Chenab,Qadirabad Barrage,31-10-2017,16436,NIL
Chenab,Trimmu H/W,1-10-2017,31524,NIL
Chenab,Trimmu H/W,2-10-2017,31524,NIL
Chenab,Trimmu H/W,3-10-2017,31024,NIL
Chenab,Trimmu H/W,4-10-2017,31024,NIL
Chenab,Trimmu H/W,5-10-2017,29822,NIL
Chenab,Trimmu H/W,6-10-2017,28746,NIL
Chenab,Trimmu H/W,7-10-2017,28746,NIL
Chenab,Trimmu H/W,8-10-2017,28946,NIL
Chenab,Trimmu H/W,9-10-2017,28946,NIL
Chenab,Trimmu H/W,10-10-2017,24418,NIL
Chenab,Trimmu H/W,11-10-2017,22113,NIL
Chenab,Trimmu H/W,12-10-2017,19655,NIL
Chenab,Trimmu H/W,13-10-2017,19655,NIL
Chenab,Trimmu H/W,14-10-2017,19655,NIL
Chenab,Trimmu H/W,15-10-2017,19655,NIL
Chenab,Trimmu H/W,16-10-2017,12108,NIL
Chenab,Trimmu H/W,17-10-2017,12108,NIL
Chenab,Trimmu H/W,18-10-2017,12108,NIL
Chenab,Trimmu H/W,19-10-2017,12108,NIL
Chenab,Trimmu H/W,20-10-2017,12108,NIL
Chenab,Trimmu H/W,21-10-2017,6108,NIL
Chenab,Trimmu H/W,22-10-2017,5859,NIL
Chenab,Trimmu H/W,23-10-2017,4904,NIL
Chenab,Trimmu H/W,24-10-2017,3973,NIL
Chenab,Trimmu H/W,25-10-2017,1034,NIL
Chenab,Trimmu H/W,26-10-2017,4023,NIL
Chenab,Trimmu H/W,27-10-2017,4023,NIL
Chenab,Trimmu H/W,28-10-2017,4023,NIL
Chenab,Trimmu H/W,29-10-2017,4023,NIL
Chenab,Trimmu H/W,30-10-2017,4023,NIL
Chenab,Trimmu H/W,31-10-2017,4023,NIL
Chenab,Panjnad H/W,1-10-2017,8.11,NIL
Chenab,Panjnad H/W,2-10-2017,7.76,NIL
Chenab,Panjnad H/W,3-10-2017,7.56,NIL
Chenab,Panjnad H/W,4-10-2017,7.56,NIL
Chenab,Panjnad H/W,5-10-2017,7.4,NIL
Chenab,Panjnad H/W,6-10-2017,7.4,NIL
Chenab,Panjnad H/W,7-10-2017,7.4,NIL
Chenab,Panjnad H/W,8-10-2017,7.4,NIL
Chenab,Panjnad H/W,9-10-2017,7.76,NIL
Chenab,Panjnad H/W,10-10-2017,7.76,NIL
Chenab,Panjnad H/W,11-10-2017,7.76,NIL
Chenab,Panjnad H/W,12-10-2017,7.76,NIL
Chenab,Panjnad H/W,13-10-2017,7.76,NIL
Chenab,Panjnad H/W,14-10-2017,7.68,NIL
Chenab,Panjnad H/W,15-10-2017,7.32,NIL
Chenab,Panjnad H/W,16-10-2017,6.23,NIL
Chenab,Panjnad H/W,17-10-2017,5.69,NIL
Chenab,Panjnad H/W,18-10-2017,5.26,NIL
Chenab,Panjnad H/W,19-10-2017,5.87,NIL
Chenab,Panjnad H/W,20-10-2017,5.94,NIL
Chenab,Panjnad H/W,21-10-2017,NIL,NIL
Chenab,Panjnad H/W,22-10-2017,NIL,NIL
Chenab,Panjnad H/W,23-10-2017,NIL,NIL
Chenab,Panjnad H/W,24-10-2017,NIL,NIL
Chenab,Panjnad H/W,25-10-2017,NIL,NIL
Chenab,Panjnad H/W,26-10-2017,NIL,NIL
Chenab,Panjnad H/W,27-10-2017,NIL,NIL
Chenab,Panjnad H/W,28-10-2017,NIL,NIL
Chenab,Panjnad H/W,29-10-2017,NIL,NIL
Chenab,Panjnad H/W,30-10-2017,NIL,NIL
Chenab,Panjnad H/W,31-10-2017,NIL,NIL
Chenab,Marala H/W,1-11-2017,8774,2000
Chenab,Marala H/W,2-11-2017,8774,2000
Chenab,Marala H/W,3-11-2017,8774,2000
Chenab,Marala H/W,4-11-2017,8774,2000
Chenab,Marala H/W,5-11-2017,8774,2000
Chenab,Marala H/W,6-11-2017,8774,2000
Chenab,Marala H/W,7-11-2017,8774,2000
Chenab,Marala H/W,8-11-2017,8505,2000
Chenab,Marala H/W,9-11-2017,8505,2000
Chenab,Marala H/W,10-11-2017,7842,2000
Chenab,Marala H/W,11-11-2017,7556,3000
Chenab,Marala H/W,12-11-2017,7182,3000
Chenab,Marala H/W,13-11-2017,7182,3000
Chenab,Marala H/W,14-11-2017,7182,3000
Chenab,Marala H/W,15-11-2017,7182,3000
Chenab,Marala H/W,16-11-2017,6935,3000
Chenab,Marala H/W,17-11-2017,7306,3000
Chenab,Marala H/W,18-11-2017,8450,3000
Chenab,Marala H/W,19-11-2017,7431,3000
Chenab,Marala H/W,20-11-2017,8064,3000
Chenab,Marala H/W,21-11-2017,7182,3000
Chenab,Marala H/W,22-11-2017,6935,3000
Chenab,Marala H/W,23-11-2017,6692,3000
Chenab,Marala H/W,24-11-2017,6813,3000
Chenab,Marala H/W,25-11-2017,6692,3000
Chenab,Marala H/W,26-11-2017,6813,3000
Chenab,Marala H/W,27-11-2017,6813,3000
Chenab,Marala H/W,28-11-2017,6451,3000
Chenab,Marala H/W,29-11-2017,6451,3000
Chenab,Marala H/W,30-11-2017,6331,3000
Chenab,Khanki H/W,1-11-2017,1050,NIL
Chenab,Khanki H/W,2-11-2017,2556,NIL
Chenab,Khanki H/W,3-11-2017,3460,NIL
Chenab,Khanki H/W,4-11-2017,4814,814
Chenab,Khanki H/W,5-11-2017,5000,NIL
Chenab,Khanki H/W,6-11-2017,5000,NIL
Chenab,Khanki H/W,7-11-2017,5000,NIL
Chenab,Khanki H/W,8-11-2017,5000,NIL
Chenab,Khanki H/W,9-11-2017,5000,NIL
Chenab,Khanki H/W,10-11-2017,5000,NIL
Chenab,Khanki H/W,11-11-2017,5967,NIL
Chenab,Khanki H/W,12-11-2017,5909,NIL
Chenab,Khanki H/W,13-11-2017,6292,NIL
Chenab,Khanki H/W,14-11-2017,6050,NIL
Chenab,Khanki H/W,15-11-2017,6464,814
Chenab,Khanki H/W,16-11-2017,6164,814
Chenab,Khanki H/W,17-11-2017,6364,814
Chenab,Khanki H/W,18-11-2017,6769,814
Chenab,Khanki H/W,19-11-2017,6769,814
Chenab,Khanki H/W,20-11-2017,6769,814
Chenab,Khanki H/W,21-11-2017,6769,5955
Chenab,Khanki H/W,22-11-2017,6769,5955
Chenab,Khanki H/W,23-11-2017,6864,6050
Chenab,Khanki H/W,24-11-2017,6919,6105
Chenab,Khanki H/W,25-11-2017,6719,6105
Chenab,Khanki H/W,26-11-2017,7023,6209
Chenab,Khanki H/W,27-11-2017,7023,6209
Chenab,Khanki H/W,28-11-2017,7023,6209
Chenab,Khanki H/W,29-11-2017,6209,6209
Chenab,Khanki H/W,30-11-2017,6255,6255
Chenab,Qadirabad Barrage,1-11-2017,19275,NIL
Chenab,Qadirabad Barrage,2-11-2017,17500,NIL
Chenab,Qadirabad Barrage,3-11-2017,19000,NIL
Chenab,Qadirabad Barrage,4-11-2017,20000,NIL
Chenab,Qadirabad Barrage,5-11-2017,20000,NIL
Chenab,Qadirabad Barrage,6-11-2017,20000,NIL
Chenab,Qadirabad Barrage,7-11-2017,19000,NIL
Chenab,Qadirabad Barrage,8-11-2017,19500,NIL
Chenab,Qadirabad Barrage,9-11-2017,19500,NIL
Chenab,Qadirabad Barrage,10-11-2017,20000,NIL
Chenab,Qadirabad Barrage,11-11-2017,20000,NIL
Chenab,Qadirabad Barrage,12-11-2017,19500,NIL
Chenab,Qadirabad Barrage,13-11-2017,19500,NIL
Chenab,Qadirabad Barrage,14-11-2017,19500,NIL
Chenab,Qadirabad Barrage,15-11-2017,19500,NIL
Chenab,Qadirabad Barrage,16-11-2017,20000,NIL
Chenab,Qadirabad Barrage,17-11-2017,20000,NIL
Chenab,Qadirabad Barrage,18-11-2017,20000,NIL
Chenab,Qadirabad Barrage,19-11-2017,20000,NIL
Chenab,Qadirabad Barrage,20-11-2017,20000,NIL
Chenab,Qadirabad Barrage,21-11-2017,20000,NIL
Chenab,Qadirabad Barrage,22-11-2017,20000,NIL
Chenab,Qadirabad Barrage,23-11-2017,20000,NIL
Chenab,Qadirabad Barrage,24-11-2017,17000,NIL
Chenab,Qadirabad Barrage,25-11-2017,17900,NIL
Chenab,Qadirabad Barrage,26-11-2017,19450,NIL
Chenab,Qadirabad Barrage,27-11-2017,19450,NIL
Chenab,Qadirabad Barrage,28-11-2017,19450,NIL
Chenab,Qadirabad Barrage,29-11-2017,20000,NIL
Chenab,Qadirabad Barrage,30-11-2017,19500,NIL
Chenab,Trimmu H/W,1-11-2017,6000,NIL
Chenab,Trimmu H/W,2-11-2017,4584,NIL
Chenab,Trimmu H/W,3-11-2017,7000,NIL
Chenab,Trimmu H/W,4-11-2017,13029,NIL
Chenab,Trimmu H/W,5-11-2017,13029,NIL
Chenab,Trimmu H/W,6-11-2017,10833,NIL
Chenab,Trimmu H/W,7-11-2017,10833,NIL
Chenab,Trimmu H/W,8-11-2017,10092,NIL
Chenab,Trimmu H/W,9-11-2017,9065,NIL
Chenab,Trimmu H/W,10-11-2017,11079,NIL
Chenab,Trimmu H/W,11-11-2017,12350,NIL
Chenab,Trimmu H/W,12-11-2017,12700,NIL
Chenab,Trimmu H/W,13-11-2017,15079,NIL
Chenab,Trimmu H/W,14-11-2017,16056,NIL
Chenab,Trimmu H/W,15-11-2017,19571,NIL
Chenab,Trimmu H/W,16-11-2017,19571,NIL
Chenab,Trimmu H/W,17-11-2017,20571,NIL
Chenab,Trimmu H/W,18-11-2017,19806,NIL
Chenab,Trimmu H/W,19-11-2017,21478,NIL
Chenab,Trimmu H/W,20-11-2017,18960,NIL
Chenab,Trimmu H/W,21-11-2017,18710,NIL
Chenab,Trimmu H/W,22-11-2017,16910,NIL
Chenab,Trimmu H/W,23-11-2017,16710,NIL
Chenab,Trimmu H/W,24-11-2017,16710,NIL
Chenab,Trimmu H/W,25-11-2017,14910,NIL
Chenab,Trimmu H/W,26-11-2017,14910,NIL
Chenab,Trimmu H/W,27-11-2017,14910,NIL
Chenab,Trimmu H/W,28-11-2017,15776,NIL
Chenab,Trimmu H/W,29-11-2017,14910,NIL
Chenab,Trimmu H/W,30-11-2017,11108,NIL
Chenab,Panjnad H/W,1-11-2017,4.67,N.R
Chenab,Panjnad H/W,2-11-2017,4.67,N.R
Chenab,Panjnad H/W,3-11-2017,4.67,N.R
Chenab,Panjnad H/W,4-11-2017,4.67,N.R
Chenab,Panjnad H/W,5-11-2017,4.81,N.R
Chenab,Panjnad H/W,6-11-2017,5.31,N.R
Chenab,Panjnad H/W,7-11-2017,5.31,N.R
Chenab,Panjnad H/W,8-11-2017,5.31,N.R
Chenab,Panjnad H/W,9-11-2017,5.31,N.R
Chenab,Panjnad H/W,10-11-2017,5.31,N.R
Chenab,Panjnad H/W,11-11-2017,5.19,N.R
Chenab,Panjnad H/W,12-11-2017,4.67,N.R
Chenab,Panjnad H/W,13-11-2017,5.31,N.R
Chenab,Panjnad H/W,14-11-2017,5.31,N.R
Chenab,Panjnad H/W,15-11-2017,5.31,N.R
Chenab,Panjnad H/W,16-11-2017,5.31,N.R
Chenab,Panjnad H/W,17-11-2017,5.31,N.R
Chenab,Panjnad H/W,18-11-2017,5.31,N.R
Chenab,Panjnad H/W,19-11-2017,5.31,N.R
Chenab,Panjnad H/W,20-11-2017,5.31,N.R
Chenab,Panjnad H/W,21-11-2017,5.31,N.R
Chenab,Panjnad H/W,22-11-2017,5.31,N.R
Chenab,Panjnad H/W,23-11-2017,5.31,N.R
Chenab,Panjnad H/W,24-11-2017,5.31,N.R
Chenab,Panjnad H/W,25-11-2017,5.31,N.R
Chenab,Panjnad H/W,26-11-2017,5.31,N.R
Chenab,Panjnad H/W,27-11-2017,5.31,N.R
Chenab,Panjnad H/W,28-11-2017,5.31,N.R
Chenab,Panjnad H/W,29-11-2017,5.31,N.R
Chenab,Panjnad H/W,30-11-2017,5.79,N.R
Chenab,Marala H/W,1-12-2017,6331,3000
Chenab,Marala H/W,2-12-2017,6128,2000
Chenab,Marala H/W,3-12-2017,6182,2000
Chenab,Marala H/W,4-12-2017,6306,2000
Chenab,Marala H/W,5-12-2017,6182,2000
Chenab,Marala H/W,6-12-2017,6182,2000
Chenab,Marala H/W,7-12-2017,6306,2000
Chenab,Marala H/W,8-12-2017,6182,2000
Chenab,Marala H/W,9-12-2017,5935,2000
Chenab,Marala H/W,10-12-2017,5692,2000
Chenab,Marala H/W,11-12-2017,5451,2000
Chenab,Marala H/W,12-12-2017,6306,2000
Chenab,Marala H/W,13-12-2017,18617,1267
Chenab,Marala H/W,14-12-2017,13424,7074
Chenab,Marala H/W,15-12-2017,9808,3158
Chenab,Marala H/W,16-12-2017,7580,2000
Chenab,Marala H/W,17-12-2017,7321,2000
Chenab,Marala H/W,18-12-2017,6556,2000
Chenab,Marala H/W,19-12-2017,5692,2000
Chenab,Marala H/W,20-12-2017,6182,2000
Chenab,Marala H/W,21-12-2017,6431,2000
Chenab,Marala H/W,22-12-2017,6182,2000
Chenab,Marala H/W,23-12-2017,5935,2000
Chenab,Marala H/W,24-12-2017,6182,2000
Chenab,Marala H/W,25-12-2017,5331,2000
Chenab,Marala H/W,26-12-2017,6316,6316
Chenab,Marala H/W,27-12-2017,6538,6538
Chenab,Marala H/W,28-12-2017,6194,6194
Chenab,Marala H/W,29-12-2017,6247,6247
Chenab,Marala H/W,30-12-2017,6247,6247
Chenab,Marala H/W,31-12-2017,6247,6247
Chenab,Khanki H/W,1-12-2017,7117,814
Chenab,Khanki H/W,2-12-2017,7117,814
Chenab,Khanki H/W,3-12-2017,6255,NIL
Chenab,Khanki H/W,4-12-2017,5852,NIL
Chenab,Khanki H/W,5-12-2017,5796,NIL
Chenab,Khanki H/W,6-12-2017,5627,NIL
Chenab,Khanki H/W,7-12-2017,5661,NIL
Chenab,Khanki H/W,8-12-2017,5909,NIL
Chenab,Khanki H/W,9-12-2017,5909,NIL
Chenab,Khanki H/W,10-12-2017,5875,NIL
Chenab,Khanki H/W,11-12-2017,5500,NIL
Chenab,Khanki H/W,12-12-2017,6314,814
Chenab,Khanki H/W,13-12-2017,6314,814
Chenab,Khanki H/W,14-12-2017,16595,11095
Chenab,Khanki H/W,15-12-2017,10231,4731
Chenab,Khanki H/W,16-12-2017,7891,2391
Chenab,Khanki H/W,17-12-2017,5500,NIL
Chenab,Khanki H/W,18-12-2017,6314,814
Chenab,Khanki H/W,19-12-2017,6314,814
Chenab,Khanki H/W,20-12-2017,6314,814
Chenab,Khanki H/W,21-12-2017,5500,NIL
Chenab,Khanki H/W,22-12-2017,6314,814
Chenab,Khanki H/W,23-12-2017,5500,NIL
Chenab,Khanki H/W,24-12-2017,6314,814
Chenab,Khanki H/W,25-12-2017,5500,NIL
Chenab,Khanki H/W,26-12-2017,5500,NIL
Chenab,Khanki H/W,27-12-2017,10234,3358
Chenab,Khanki H/W,28-12-2017,11913,5037
Chenab,Khanki H/W,29-12-2017,8507,1679
Chenab,Khanki H/W,30-12-2017,10529,3358
Chenab,Khanki H/W,31-12-2017,8998,1679
Chenab,Qadirabad Barrage,1-12-2017,19500,NIL
Chenab,Qadirabad Barrage,2-12-2017,19500,NIL
Chenab,Qadirabad Barrage,3-12-2017,18000,NIL
Chenab,Qadirabad Barrage,4-12-2017,18000,NIL
Chenab,Qadirabad Barrage,5-12-2017,18000,NIL
Chenab,Qadirabad Barrage,6-12-2017,18000,NIL
Chenab,Qadirabad Barrage,7-12-2017,18000,NIL
Chenab,Qadirabad Barrage,8-12-2017,18000,NIL
Chenab,Qadirabad Barrage,9-12-2017,18000,NIL
Chenab,Qadirabad Barrage,10-12-2017,17000,NIL
Chenab,Qadirabad Barrage,11-12-2017,16000,NIL
Chenab,Qadirabad Barrage,12-12-2017,16000,NIL
Chenab,Qadirabad Barrage,13-12-2017,16500,NIL
Chenab,Qadirabad Barrage,14-12-2017,28048,8048
Chenab,Qadirabad Barrage,15-12-2017,20000,NIL
Chenab,Qadirabad Barrage,16-12-2017,13000,NIL
Chenab,Qadirabad Barrage,17-12-2017,12000,NIL
Chenab,Qadirabad Barrage,18-12-2017,15250,NIL
Chenab,Qadirabad Barrage,19-12-2017,16000,NIL
Chenab,Qadirabad Barrage,20-12-2017,16000,NIL
Chenab,Qadirabad Barrage,21-12-2017,12000,NIL
Chenab,Qadirabad Barrage,22-12-2017,8900,NIL
Chenab,Qadirabad Barrage,23-12-2017,6135,NIL
Chenab,Qadirabad Barrage,24-12-2017,5655,NIL
Chenab,Qadirabad Barrage,25-12-2017,5000,NIL
Chenab,Qadirabad Barrage,26-12-2017,3664,NIL
Chenab,Qadirabad Barrage,27-12-2017,2000,NIL
Chenab,Qadirabad Barrage,28-12-2017,8596,8596
Chenab,Qadirabad Barrage,29-12-2017,4303,4303
Chenab,Qadirabad Barrage,30-12-2017,1629,1629
Chenab,Qadirabad Barrage,31-12-2017,2329,2329
Chenab,Trimmu H/W,1-12-2017,11108,NIL
Chenab,Trimmu H/W,2-12-2017,10062,NIL
Chenab,Trimmu H/W,3-12-2017,9000,NIL
Chenab,Trimmu H/W,4-12-2017,8608,NIL
Chenab,Trimmu H/W,5-12-2017,8108,NIL
Chenab,Trimmu H/W,6-12-2017,9139,NIL
Chenab,Trimmu H/W,7-12-2017,6000,NIL
Chenab,Trimmu H/W,8-12-2017,9079,NIL
Chenab,Trimmu H/W,9-12-2017,8092,NIL
Chenab,Trimmu H/W,10-12-2017,7065,NIL
Chenab,Trimmu H/W,11-12-2017,8092,NIL
Chenab,Trimmu H/W,12-12-2017,8985,NIL
Chenab,Trimmu H/W,13-12-2017,8985,NIL
Chenab,Trimmu H/W,14-12-2017,8985,NIL
Chenab,Trimmu H/W,15-12-2017,10779,NIL
Chenab,Trimmu H/W,16-12-2017,8985,NIL
Chenab,Trimmu H/W,17-12-2017,8985,NIL
Chenab,Trimmu H/W,18-12-2017,8985,NIL
Chenab,Trimmu H/W,19-12-2017,7056,NIL
Chenab,Trimmu H/W,20-12-2017,7579,NIL
Chenab,Trimmu H/W,21-12-2017,8523,NIL
Chenab,Trimmu H/W,22-12-2017,9509,NIL
Chenab,Trimmu H/W,23-12-2017,8523,NIL
Chenab,Trimmu H/W,24-12-2017,7591,NIL
Chenab,Trimmu H/W,25-12-2017,5000,NIL
Chenab,Trimmu H/W,26-12-2017,5000,NIL
Chenab,Trimmu H/W,27-12-2017,3809,NIL
Chenab,Trimmu H/W,28-12-2017,3995,NIL
Chenab,Trimmu H/W,29-12-2017,3995,NIL
Chenab,Trimmu H/W,30-12-2017,6085,NIL
Chenab,Trimmu H/W,31-12-2017,6085,NIL
Chenab,Panjnad H/W,1-12-2017,5.79,NIL
Chenab,Panjnad H/W,2-12-2017,5.79,NIL
Chenab,Panjnad H/W,3-12-2017,6.01,NIL
Chenab,Panjnad H/W,4-12-2017,5.56,NIL
Chenab,Panjnad H/W,5-12-2017,5.32,NIL
Chenab,Panjnad H/W,6-12-2017,5.31,NIL
Chenab,Panjnad H/W,7-12-2017,5.32,NIL
Chenab,Panjnad H/W,8-12-2017,5.32,NIL
Chenab,Panjnad H/W,9-12-2017,4.673,NIL
Chenab,Panjnad H/W,10-12-2017,4.67,NIL
Chenab,Panjnad H/W,11-12-2017,4.32,NIL
Chenab,Panjnad H/W,12-12-2017,4.32,NIL
Chenab,Panjnad H/W,13-12-2017,4.32,NIL
Chenab,Panjnad H/W,14-12-2017,4.32,NIL
Chenab,Panjnad H/W,15-12-2017,4.32,NIL
Chenab,Panjnad H/W,16-12-2017,2.64,NIL
Chenab,Panjnad H/W,17-12-2017,4.31,NIL
Chenab,Panjnad H/W,18-12-2017,4.31,NIL
Chenab,Panjnad H/W,19-12-2017,2.64,NIL
Chenab,Panjnad H/W,20-12-2017,2.64,N.R
Chenab,Panjnad H/W,21-12-2017,4.26,NIL
Chenab,Panjnad H/W,22-12-2017,4.26,NIL
Chenab,Panjnad H/W,23-12-2017,4.26,NIL
Chenab,Panjnad H/W,24-12-2017,4.27,NIL
Chenab,Panjnad H/W,25-12-2017,4.26,NIL
Chenab,Panjnad H/W,26-12-2017,4.26,NIL
Chenab,Panjnad H/W,27-12-2017,4.26,NIL
Chenab,Panjnad H/W,28-12-2017,4.31,NIL
Chenab,Panjnad H/W,29-12-2017,4.31,NIL
Chenab,Panjnad H/W,30-12-2017,4.32,NIL
Chenab,Panjnad H/W,31-12-2017,4.32,NIL
Indus,Kalabagh,1-01-2017,29414,22414
Indus,Kalabagh,2-01-2017,30893,23893
Indus,Kalabagh,3-01-2017,23912,17862
Indus,Kalabagh,4-01-2017,25593,20493
Indus,Kalabagh,5-01-2017,26643,22143
Indus,Kalabagh,6-01-2017,29467,25967
Indus,Kalabagh,7-01-2017,28985,26235
Indus,Kalabagh,8-01-2017,32366,30116
Indus,Kalabagh,9-01-2017,27250,25400
Indus,Kalabagh,10-01-2017,29475,27995
Indus,Kalabagh,11-01-2017,22553,21603
Indus,Kalabagh,12-01-2017,18575,17825
Indus,Kalabagh,13-01-2017,18760,18760
Indus,Kalabagh,14-01-2017,29163,29163
Indus,Kalabagh,15-01-2017,28775,28775
Indus,Kalabagh,16-01-2017,27136,27136
Indus,Kalabagh,17-01-2017,22272,22272
Indus,Kalabagh,18-01-2017,23105,23105
Indus,Kalabagh,19-01-2017,25550,25550
Indus,Kalabagh,20-01-2017,22670,22670
Indus,Kalabagh,21-01-2017,26279,26279
Indus,Kalabagh,22-01-2017,24710,24710
Indus,Kalabagh,23-01-2017,25542,25542
Indus,Kalabagh,24-01-2017,27780,27780
Indus,Kalabagh,25-01-2017,25912,25912
Indus,Kalabagh,26-01-2017,29742,29742
Indus,Kalabagh,27-01-2017,27275,27275
Indus,Kalabagh,28-01-2017,28967,28967
Indus,Kalabagh,29-01-2017,26469,26469
Indus,Kalabagh,30-01-2017,28633,28633
Indus,Kalabagh,31-01-2017,27276,27276
Indus,Chashma Barrage,1-01-2017,16536,12000
Indus,Chashma Barrage,2-01-2017,13591,12000
Indus,Chashma Barrage,3-01-2017,14328,12000
Indus,Chashma Barrage,4-01-2017,18745,12000
Indus,Chashma Barrage,5-01-2017,16272,11000
Indus,Chashma Barrage,6-01-2017,15536,11000
Indus,Chashma Barrage,7-01-2017,19687,11000
Indus,Chashma Barrage,8-01-2017,20925,11000
Indus,Chashma Barrage,9-01-2017,22863,32210
Indus,Chashma Barrage,10-01-2017,23178,22603
Indus,Chashma Barrage,11-01-2017,23824,23824
Indus,Chashma Barrage,12-01-2017,18000,18000
Indus,Chashma Barrage,13-01-2017,22223,22223
Indus,Chashma Barrage,14-01-2017,21621,21621
Indus,Chashma Barrage,15-01-2017,16528,18000
Indus,Chashma Barrage,16-01-2017,22669,21197
Indus,Chashma Barrage,17-01-2017,19376,19376
Indus,Chashma Barrage,18-01-2017,19583,24000
Indus,Chashma Barrage,19-01-2017,19159,24000
Indus,Chashma Barrage,20-01-2017,24000,24000
Indus,Chashma Barrage,21-01-2017,30313,24000
Indus,Chashma Barrage,22-01-2017,33621,24000
Indus,Chashma Barrage,23-01-2017,29373,24000
Indus,Chashma Barrage,24-01-2017,30634,22000
Indus,Chashma Barrage,25-01-2017,29180,22000
Indus,Chashma Barrage,26-01-2017,30434,26000
Indus,Chashma Barrage,27-01-2017,30434,26000
Indus,Chashma Barrage,28-01-2017,30679,26000
Indus,Chashma Barrage,29-01-2017,28462,26000
Indus,Chashma Barrage,30-01-2017,28462,26000
Indus,Chashma Barrage,31-01-2017,23538,26000
Indus,Taunsa Barrage,1-01-2017,18255,18255
Indus,Taunsa Barrage,2-01-2017,15706,15706
Indus,Taunsa Barrage,3-01-2017,13565,13565
Indus,Taunsa Barrage,4-01-2017,14227,14227
Indus,Taunsa Barrage,5-01-2017,13373,13373
Indus,Taunsa Barrage,6-01-2017,13373,13373
Indus,Taunsa Barrage,7-01-2017,13173,13173
Indus,Taunsa Barrage,8-01-2017,12137,12137
Indus,Taunsa Barrage,9-01-2017,12137,12137
Indus,Taunsa Barrage,10-01-2017,12489,12489
Indus,Taunsa Barrage,11-01-2017,12489,12489
Indus,Taunsa Barrage,12-01-2017,22149,22149
Indus,Taunsa Barrage,13-01-2017,22149,22149
Indus,Taunsa Barrage,14-01-2017,22742,22742
Indus,Taunsa Barrage,15-01-2017,22742,22742
Indus,Taunsa Barrage,16-01-2017,20407,20407
Indus,Taunsa Barrage,17-01-2017,20407,20407
Indus,Taunsa Barrage,18-01-2017,20407,20407
Indus,Taunsa Barrage,19-01-2017,21237,21237
Indus,Taunsa Barrage,20-01-2017,19483,19483
Indus,Taunsa Barrage,21-01-2017,22978,22978
Indus,Taunsa Barrage,22-01-2017,22978,22978
Indus,Taunsa Barrage,23-01-2017,23310,23310
Indus,Taunsa Barrage,24-01-2017,23310,23310
Indus,Taunsa Barrage,25-01-2017,23798,23798
Indus,Taunsa Barrage,26-01-2017,23328,23328
Indus,Taunsa Barrage,27-01-2017,21605,21605
Indus,Taunsa Barrage,28-01-2017,22916,22916
Indus,Taunsa Barrage,29-01-2017,25726,25726
Indus,Taunsa Barrage,30-01-2017,25517,25517
Indus,Taunsa Barrage,31-01-2017,25490,25490
Indus,Kalabagh,1-02-2017,23173,23173
Indus,Kalabagh,2-02-2017,24615,24615
Indus,Kalabagh,3-02-2017,36561,36561
Indus,Kalabagh,4-02-2017,37788,36588
Indus,Kalabagh,5-02-2017,41161,39961
Indus,Kalabagh,6-02-2017,32371,31171
Indus,Kalabagh,7-02-2017,28998,27798
Indus,Kalabagh,8-02-2017,32371,31171
Indus,Kalabagh,9-02-2017,33292,31592
Indus,Kalabagh,10-02-2017,35570,32985
Indus,Kalabagh,11-02-2017,38394,35394
Indus,Kalabagh,12-02-2017,41508,37508
Indus,Kalabagh,13-02-2017,43194,39194
Indus,Kalabagh,14-02-2017,53458,49458
Indus,Kalabagh,15-02-2017,53966,49966
Indus,Kalabagh,16-02-2017,51293,47293
Indus,Kalabagh,17-02-2017,48700,43400
Indus,Kalabagh,18-02-2017,57398,51398
Indus,Kalabagh,19-02-2017,55589,49589
Indus,Kalabagh,20-02-2017,58119,52136
Indus,Kalabagh,21-02-2017,69706,63706
Indus,Kalabagh,22-02-2017,75685,69685
Indus,Kalabagh,23-02-2017,69263,63263
Indus,Kalabagh,24-02-2017,79275,73275
Indus,Kalabagh,25-02-2017,76482,70482
Indus,Kalabagh,26-02-2017,66443,60443
Indus,Kalabagh,27-02-2017,63225,57225
Indus,Kalabagh,28-02-2017,63790,57790
Indus,Chashma Barrage,1-02-2017,20750,29000
Indus,Chashma Barrage,2-02-2017,21240,29000
Indus,Chashma Barrage,3-02-2017,29000,29000
Indus,Chashma Barrage,4-02-2017,36760,29000
Indus,Chashma Barrage,5-02-2017,33557,29000
Indus,Chashma Barrage,6-02-2017,41693,38000
Indus,Chashma Barrage,7-02-2017,40462,38000
Indus,Chashma Barrage,8-02-2017,39231,38000
Indus,Chashma Barrage,9-02-2017,36769,38000
Indus,Chashma Barrage,10-02-2017,28846,35000
Indus,Chashma Barrage,11-02-2017,36231,35000
Indus,Chashma Barrage,12-02-2017,33104,40000
Indus,Chashma Barrage,13-02-2017,36297,45000
Indus,Chashma Barrage,14-02-2017,42949,45000
Indus,Chashma Barrage,15-02-2017,53212,48000
Indus,Chashma Barrage,16-02-2017,53217,51000
Indus,Chashma Barrage,17-02-2017,56000,56000
Indus,Chashma Barrage,18-02-2017,48571,56000
Indus,Chashma Barrage,19-02-2017,58051,56000
Indus,Chashma Barrage,20-02-2017,57026,56000
Indus,Chashma Barrage,21-02-2017,53923,57000
Indus,Chashma Barrage,22-02-2017,61782,57000
Indus,Chashma Barrage,23-02-2017,58000,57000
Indus,Chashma Barrage,24-02-2017,54376,57000
Indus,Chashma Barrage,25-02-2017,57209,57000
Indus,Chashma Barrage,26-02-2017,52619,57000
Indus,Chashma Barrage,27-02-2017,57028,57000
Indus,Chashma Barrage,28-02-2017,46256,57000
Indus,Taunsa Barrage,1-02-2017,25490,25490
Indus,Taunsa Barrage,2-02-2017,25490,25490
Indus,Taunsa Barrage,3-02-2017,23106,23106
Indus,Taunsa Barrage,4-02-2017,26675,23588
Indus,Taunsa Barrage,5-02-2017,26079,21379
Indus,Taunsa Barrage,6-02-2017,26353,20324
Indus,Taunsa Barrage,7-02-2017,27500,21496
Indus,Taunsa Barrage,8-02-2017,27506,21830
Indus,Taunsa Barrage,9-02-2017,33270,27083
Indus,Taunsa Barrage,10-02-2017,35888,29579
Indus,Taunsa Barrage,11-02-2017,35896,29579
Indus,Taunsa Barrage,12-02-2017,33570,27270
Indus,Taunsa Barrage,13-02-2017,33584,27270
Indus,Taunsa Barrage,14-02-2017,33589,27270
Indus,Taunsa Barrage,15-02-2017,37059,30736
Indus,Taunsa Barrage,16-02-2017,39274,32958
Indus,Taunsa Barrage,17-02-2017,41599,35271
Indus,Taunsa Barrage,18-02-2017,43852,37402
Indus,Taunsa Barrage,19-02-2017,43801,37303
Indus,Taunsa Barrage,20-02-2017,51684,44521
Indus,Taunsa Barrage,21-02-2017,51082,44640
Indus,Taunsa Barrage,22-02-2017,51069,44640
Indus,Taunsa Barrage,23-02-2017,51084,44640
Indus,Taunsa Barrage,24-02-2017,52790,46138
Indus,Taunsa Barrage,25-02-2017,51720,44422
Indus,Taunsa Barrage,26-02-2017,51714,44422
Indus,Taunsa Barrage,27-02-2017,51727,44422
Indus,Taunsa Barrage,28-02-2017,51725,44422
Indus,Kalabagh,1-03-2017,70676,64676
Indus,Kalabagh,2-03-2017,65110,59110
Indus,Kalabagh,3-03-2017,66314,61314
Indus,Kalabagh,4-03-2017,68958,63958
Indus,Kalabagh,5-03-2017,54968,49968
Indus,Kalabagh,6-03-2017,54189,49189
Indus,Kalabagh,7-03-2017,59422,54422
Indus,Kalabagh,8-03-2017,62872,57872
Indus,Kalabagh,9-03-2017,52106,47106
Indus,Kalabagh,10-03-2017,53187,48202
Indus,Kalabagh,11-03-2017,46414,42414
Indus,Kalabagh,12-03-2017,35058,31058
Indus,Kalabagh,13-03-2017,18806,14806
Indus,Kalabagh,14-03-2017,19752,15752
Indus,Kalabagh,15-03-2017,27495,23493
Indus,Kalabagh,16-03-2017,24312,21312
Indus,Kalabagh,17-03-2017,30917,27917
Indus,Kalabagh,18-03-2017,31191,28191
Indus,Kalabagh,19-03-2017,23885,20885
Indus,Kalabagh,20-03-2017,26927,23937
Indus,Kalabagh,21-03-2017,22060,20060
Indus,Kalabagh,22-03-2017,24496,22496
Indus,Kalabagh,23-03-2017,29179,27179
Indus,Kalabagh,24-03-2017,38147,36147
Indus,Kalabagh,25-03-2017,63605,61605
Indus,Kalabagh,26-03-2017,50753,48753
Indus,Kalabagh,27-03-2017,53742,51742
Indus,Kalabagh,28-03-2017,28497,26497
Indus,Kalabagh,29-03-2017,35720,33720
Indus,Kalabagh,30-03-2017,46131,44131
Indus,Kalabagh,31-03-2017,53754,51754
Indus,Chashma Barrage,1-03-2017,53064,50000
Indus,Chashma Barrage,2-03-2017,51591,50000
Indus,Chashma Barrage,3-03-2017,50959,50000
Indus,Chashma Barrage,4-03-2017,53800,50000
Indus,Chashma Barrage,5-03-2017,51591,50000
Indus,Chashma Barrage,6-03-2017,50536,46000
Indus,Chashma Barrage,7-03-2017,35738,35414
Indus,Chashma Barrage,8-03-2017,50116,46000
Indus,Chashma Barrage,9-03-2017,37306,33822
Indus,Chashma Barrage,10-03-2017,44698,32000
Indus,Chashma Barrage,11-03-2017,36236,32000
Indus,Chashma Barrage,12-03-2017,33809,32000
Indus,Chashma Barrage,13-03-2017,27198,32000
Indus,Chashma Barrage,14-03-2017,20855,17971
Indus,Chashma Barrage,15-03-2017,20661,17461
Indus,Chashma Barrage,16-03-2017,25998,22798
Indus,Chashma Barrage,17-03-2017,22694,19494
Indus,Chashma Barrage,18-03-2017,24228,21028
Indus,Chashma Barrage,19-03-2017,23482,20282
Indus,Chashma Barrage,20-03-2017,23084,19884
Indus,Chashma Barrage,21-03-2017,22975,19775
Indus,Chashma Barrage,22-03-2017,13633,10433
Indus,Chashma Barrage,23-03-2017,25990,22790
Indus,Chashma Barrage,24-03-2017,24928,21728
Indus,Chashma Barrage,25-03-2017,30469,27269
Indus,Chashma Barrage,26-03-2017,50935,35000
Indus,Chashma Barrage,27-03-2017,42203,35000
Indus,Chashma Barrage,28-03-2017,35446,35000
Indus,Chashma Barrage,29-03-2017,35922,35000
Indus,Chashma Barrage,30-03-2017,35217,38000
Indus,Chashma Barrage,31-03-2017,41351,40000
Indus,Taunsa Barrage,1-03-2017,52481,45049
Indus,Taunsa Barrage,2-03-2017,52458,44708
Indus,Taunsa Barrage,3-03-2017,50507,42936
Indus,Taunsa Barrage,4-03-2017,46320,44406
Indus,Taunsa Barrage,5-03-2017,45997,44169
Indus,Taunsa Barrage,6-03-2017,46056,44228
Indus,Taunsa Barrage,7-03-2017,46060,44232
Indus,Taunsa Barrage,8-03-2017,46082,44226
Indus,Taunsa Barrage,9-03-2017,42897,41224
Indus,Taunsa Barrage,10-03-2017,37863,36197
Indus,Taunsa Barrage,11-03-2017,41342,39523
Indus,Taunsa Barrage,12-03-2017,36847,35226
Indus,Taunsa Barrage,13-03-2017,33163,31704
Indus,Taunsa Barrage,14-03-2017,33163,31704
Indus,Taunsa Barrage,15-03-2017,30677,29327
Indus,Taunsa Barrage,16-03-2017,31730,30334
Indus,Taunsa Barrage,17-03-2017,22479,21490
Indus,Taunsa Barrage,18-03-2017,20450,19550
Indus,Taunsa Barrage,19-03-2017,21983,21016
Indus,Taunsa Barrage,20-03-2017,19726,18858
Indus,Taunsa Barrage,21-03-2017,21951,20985
Indus,Taunsa Barrage,22-03-2017,20887,19968
Indus,Taunsa Barrage,23-03-2017,18759,18759
Indus,Taunsa Barrage,24-03-2017,18759,18759
Indus,Taunsa Barrage,25-03-2017,16435,16435
Indus,Taunsa Barrage,26-03-2017,20083,20083
Indus,Taunsa Barrage,27-03-2017,20083,20083
Indus,Taunsa Barrage,28-03-2017,24570,24570
Indus,Taunsa Barrage,29-03-2017,30380,30380
Indus,Taunsa Barrage,30-03-2017,30380,30380
Indus,Taunsa Barrage,31-03-2017,31542,31542
Indus,Kalabagh,1-04-2017,55543,51543
Indus,Kalabagh,2-04-2017,61875,57875
Indus,Kalabagh,3-04-2017,58151,54151
Indus,Kalabagh,4-04-2017,48287,44287
Indus,Kalabagh,5-04-2017,54584,50584
Indus,Kalabagh,6-04-2017,57853,52853
Indus,Kalabagh,7-04-2017,63010,58010
Indus,Kalabagh,8-04-2017,58070,52070
Indus,Kalabagh,9-04-2017,61228,55228
Indus,Kalabagh,10-04-2017,62419,56448
Indus,Kalabagh,11-04-2017,60867,54867
Indus,Kalabagh,12-04-2017,62276,56276
Indus,Kalabagh,13-04-2017,56435,50435
Indus,Kalabagh,14-04-2017,54493,48493
Indus,Kalabagh,15-04-2017,53307,47307
Indus,Kalabagh,16-04-2017,61008,55008
Indus,Kalabagh,17-04-2017,61386,55386
Indus,Kalabagh,18-04-2017,62840,56840
Indus,Kalabagh,19-04-2017,61248,55248
Indus,Kalabagh,20-04-2017,69799,63811
Indus,Kalabagh,21-04-2017,70367,64367
Indus,Kalabagh,22-04-2017,80350,74350
Indus,Kalabagh,23-04-2017,77280,71280
Indus,Kalabagh,24-04-2017,79952,73952
Indus,Kalabagh,25-04-2017,79558,72558
Indus,Kalabagh,26-04-2017,70257,63257
Indus,Kalabagh,27-04-2017,85217,78217
Indus,Kalabagh,28-04-2017,83277,76277
Indus,Kalabagh,29-04-2017,80194,73194
Indus,Kalabagh,30-04-2017,94722,87722
Indus,Chashma Barrage,1-04-2017,43900,40000
Indus,Chashma Barrage,2-04-2017,46403,40000
Indus,Chashma Barrage,3-04-2017,47604,40000
Indus,Chashma Barrage,4-04-2017,48531,40000
Indus,Chashma Barrage,5-04-2017,44826,40000
Indus,Chashma Barrage,6-04-2017,48792,40000
Indus,Chashma Barrage,7-04-2017,49326,45000
Indus,Chashma Barrage,8-04-2017,54157,49000
Indus,Chashma Barrage,9-04-2017,46871,49000
Indus,Chashma Barrage,10-04-2017,46145,49000
Indus,Chashma Barrage,11-04-2017,48242,45000
Indus,Chashma Barrage,12-04-2017,54255,45000
Indus,Chashma Barrage,13-04-2017,41837,45000
Indus,Chashma Barrage,14-04-2017,41474,45000
Indus,Chashma Barrage,15-04-2017,35519,45000
Indus,Chashma Barrage,16-04-2017,38380,40589
Indus,Chashma Barrage,17-04-2017,45498,41598
Indus,Chashma Barrage,18-04-2017,47377,40000
Indus,Chashma Barrage,19-04-2017,51685,40000
Indus,Chashma Barrage,20-04-2017,54633,40000
Indus,Chashma Barrage,21-04-2017,63418,40000
Indus,Chashma Barrage,22-04-2017,70202,49000
Indus,Chashma Barrage,23-04-2017,65401,49000
Indus,Chashma Barrage,24-04-2017,64895,49000
Indus,Chashma Barrage,25-04-2017,63043,49000
Indus,Chashma Barrage,26-04-2017,74157,65000
Indus,Chashma Barrage,27-04-2017,66014,65000
Indus,Chashma Barrage,28-04-2017,69386,70000
Indus,Chashma Barrage,29-04-2017,76482,75000
Indus,Chashma Barrage,30-04-2017,83689,75000
Indus,Taunsa Barrage,1-04-2017,31542,31542
Indus,Taunsa Barrage,2-04-2017,35028,35028
Indus,Taunsa Barrage,3-04-2017,37352,37352
Indus,Taunsa Barrage,4-04-2017,37352,37352
Indus,Taunsa Barrage,5-04-2017,37352,37352
Indus,Taunsa Barrage,6-04-2017,37352,37352
Indus,Taunsa Barrage,7-04-2017,37352,37352
Indus,Taunsa Barrage,8-04-2017,38514,38514
Indus,Taunsa Barrage,9-04-2017,38514,38514
Indus,Taunsa Barrage,10-04-2017,41067,41067
Indus,Taunsa Barrage,11-04-2017,42237,42237
Indus,Taunsa Barrage,12-04-2017,45553,42530
Indus,Taunsa Barrage,13-04-2017,46360,42233
Indus,Taunsa Barrage,14-04-2017,45680,41461
Indus,Taunsa Barrage,15-04-2017,42409,38909
Indus,Taunsa Barrage,16-04-2017,42971,39971
Indus,Taunsa Barrage,17-04-2017,42985,39971
Indus,Taunsa Barrage,18-04-2017,42609,38909
Indus,Taunsa Barrage,19-04-2017,39477,35423
Indus,Taunsa Barrage,20-04-2017,39783,35259
Indus,Taunsa Barrage,21-04-2017,38818,34161
Indus,Taunsa Barrage,22-04-2017,37908,33107
Indus,Taunsa Barrage,23-04-2017,36151,30851
Indus,Taunsa Barrage,24-04-2017,36179,30851
Indus,Taunsa Barrage,25-04-2017,40070,34766
Indus,Taunsa Barrage,26-04-2017,41971,36624
Indus,Taunsa Barrage,27-04-2017,45492,39793
Indus,Taunsa Barrage,28-04-2017,45481,39949
Indus,Taunsa Barrage,29-04-2017,53150,46898
Indus,Taunsa Barrage,30-04-2017,55968,49668
Indus,Kalabagh,1-05-2017,106872,99872
Indus,Kalabagh,2-05-2017,98168,91168
Indus,Kalabagh,3-05-2017,101760,94760
Indus,Kalabagh,4-05-2017,90794,83794
Indus,Kalabagh,5-05-2017,101585,94585
Indus,Kalabagh,6-05-2017,87791,80791
Indus,Kalabagh,7-05-2017,85010,78010
Indus,Kalabagh,8-05-2017,95905,88905
Indus,Kalabagh,9-05-2017,85364,78364
Indus,Kalabagh,10-05-2017,112728,105742
Indus,Kalabagh,11-05-2017,101724,94724
Indus,Kalabagh,12-05-2017,103689,96689
Indus,Kalabagh,13-05-2017,90935,83935
Indus,Kalabagh,14-05-2017,88376,81376
Indus,Kalabagh,15-05-2017,103422,96422
Indus,Kalabagh,16-05-2017,111788,104788
Indus,Kalabagh,17-05-2017,137313,130313
Indus,Kalabagh,18-05-2017,138450,131450
Indus,Kalabagh,19-05-2017,139467,132467
Indus,Kalabagh,20-05-2017,160227,153236
Indus,Kalabagh,21-05-2017,161802,154802
Indus,Kalabagh,22-05-2017,163387,156387
Indus,Kalabagh,23-05-2017,168603,161603
Indus,Kalabagh,24-05-2017,159315,152315
Indus,Kalabagh,25-05-2017,140682,133682
Indus,Kalabagh,26-05-2017,161941,154941
Indus,Kalabagh,27-05-2017,167797,160781
Indus,Kalabagh,28-05-2017,170796,163780
Indus,Kalabagh,29-05-2017,167237,160237
Indus,Kalabagh,30-05-2017,171046,164030
Indus,Kalabagh,31-05-2017,175523,168023
Indus,Chashma Barrage,1-05-2017,99157,90000
Indus,Chashma Barrage,2-05-2017,97529,90000
Indus,Chashma Barrage,3-05-2017,95900,90000
Indus,Chashma Barrage,4-05-2017,94157,85000
Indus,Chashma Barrage,5-05-2017,90786,80000
Indus,Chashma Barrage,6-05-2017,91196,80000
Indus,Chashma Barrage,7-05-2017,92017,80000
Indus,Chashma Barrage,8-05-2017,85900,80000
Indus,Chashma Barrage,9-05-2017,89978,80000
Indus,Chashma Barrage,10-05-2017,92017,80000
Indus,Chashma Barrage,11-05-2017,110274,95000
Indus,Chashma Barrage,12-05-2017,98565,100000
Indus,Chashma Barrage,13-05-2017,97804,100000
Indus,Chashma Barrage,14-05-2017,92252,105000
Indus,Chashma Barrage,15-05-2017,94257,105000
Indus,Chashma Barrage,16-05-2017,106951,119000
Indus,Chashma Barrage,17-05-2017,108580,119000
Indus,Chashma Barrage,18-05-2017,141470,119000
Indus,Chashma Barrage,19-05-2017,146261,125000
Indus,Chashma Barrage,20-05-2017,147274,125000
Indus,Chashma Barrage,21-05-2017,150886,140000
Indus,Chashma Barrage,22-05-2017,159042,140000
Indus,Chashma Barrage,23-05-2017,164206,150000
Indus,Chashma Barrage,24-05-2017,160128,150000
Indus,Chashma Barrage,25-05-2017,156083,150000
Indus,Chashma Barrage,26-05-2017,166061,162000
Indus,Chashma Barrage,27-05-2017,169973,172000
Indus,Chashma Barrage,28-05-2017,172698,180000
Indus,Chashma Barrage,29-05-2017,179636,180000
Indus,Chashma Barrage,30-05-2017,179680,180000
Indus,Chashma Barrage,31-05-2017,184844,180000
Indus,Taunsa Barrage,1-05-2017,59482,53165
Indus,Taunsa Barrage,2-05-2017,63131,56354
Indus,Taunsa Barrage,3-05-2017,67097,60019
Indus,Taunsa Barrage,4-05-2017,74538,69062
Indus,Taunsa Barrage,5-05-2017,75888,69303
Indus,Taunsa Barrage,6-05-2017,75880,69177
Indus,Taunsa Barrage,7-05-2017,72786,66218
Indus,Taunsa Barrage,8-05-2017,69227,62511
Indus,Taunsa Barrage,9-05-2017,69066,60724
Indus,Taunsa Barrage,10-05-2017,69079,60803
Indus,Taunsa Barrage,11-05-2017,69831,61579
Indus,Taunsa Barrage,12-05-2017,70975,63133
Indus,Taunsa Barrage,13-05-2017,71943,64469
Indus,Taunsa Barrage,14-05-2017,79376,68867
Indus,Taunsa Barrage,15-05-2017,82903,71889
Indus,Taunsa Barrage,16-05-2017,84603,73633
Indus,Taunsa Barrage,17-05-2017,86900,75940
Indus,Taunsa Barrage,18-05-2017,94371,82884
Indus,Taunsa Barrage,19-05-2017,101505,90459
Indus,Taunsa Barrage,20-05-2017,104814,93704
Indus,Taunsa Barrage,21-05-2017,108911,97908
Indus,Taunsa Barrage,22-05-2017,110398,94506
Indus,Taunsa Barrage,23-05-2017,125675,107578
Indus,Taunsa Barrage,24-05-2017,131637,113524
Indus,Taunsa Barrage,25-05-2017,130640,113524
Indus,Taunsa Barrage,26-05-2017,130660,114363
Indus,Taunsa Barrage,27-05-2017,130655,114478
Indus,Taunsa Barrage,28-05-2017,138100,121528
Indus,Taunsa Barrage,29-05-2017,146259,128119
Indus,Taunsa Barrage,30-05-2017,152708,134814
Indus,Taunsa Barrage,31-05-2017,152240,128490
Indus,Kalabagh,1-06-2017,171559,164075
Indus,Kalabagh,2-06-2017,189597,182113
Indus,Kalabagh,3-06-2017,174876,167392
Indus,Kalabagh,4-06-2017,208327,200843
Indus,Kalabagh,5-06-2017,216696,209212
Indus,Kalabagh,6-06-2017,204852,197368
Indus,Kalabagh,7-06-2017,213930,206146
Indus,Kalabagh,8-06-2017,210467,202683
Indus,Kalabagh,9-06-2017,203907,196123
Indus,Kalabagh,10-06-2017,201570,193795
Indus,Kalabagh,11-06-2017,205143,197359
Indus,Kalabagh,12-06-2017,228437,220653
Indus,Kalabagh,13-06-2017,225772,217988
Indus,Kalabagh,14-06-2017,222531,214747
Indus,Kalabagh,15-06-2017,222355,214571
Indus,Kalabagh,16-06-2017,226750,218966
Indus,Kalabagh,17-06-2017,227270,219486
Indus,Kalabagh,18-06-2017,224960,217176
Indus,Kalabagh,19-06-2017,228434,220650
Indus,Kalabagh,20-06-2017,224586,216814
Indus,Kalabagh,21-06-2017,213800,206016
Indus,Kalabagh,22-06-2017,218246,210462
Indus,Kalabagh,23-06-2017,213158,205374
Indus,Kalabagh,24-06-2017,179061,171277
Indus,Kalabagh,25-06-2017,226834,219050
Indus,Kalabagh,26-06-2017,216761,208977
Indus,Kalabagh,27-06-2017,226761,218977
Indus,Kalabagh,28-06-2017,242670,235386
Indus,Kalabagh,29-06-2017,224543,217259
Indus,Kalabagh,30-06-2017,216124,208840
Indus,Chashma Barrage,1-06-2017,192715,192000
Indus,Chashma Barrage,2-06-2017,213414,192000
Indus,Chashma Barrage,3-06-2017,212604,192000
Indus,Chashma Barrage,4-06-2017,214274,192000
Indus,Chashma Barrage,5-06-2017,215544,192000
Indus,Chashma Barrage,6-06-2017,224106,210000
Indus,Chashma Barrage,7-06-2017,229539,210000
Indus,Chashma Barrage,8-06-2017,231501,214000
Indus,Chashma Barrage,9-06-2017,234773,214000
Indus,Chashma Barrage,10-06-2017,230579,214000
Indus,Chashma Barrage,11-06-2017,222423,214000
Indus,Chashma Barrage,12-06-2017,222423,214000
Indus,Chashma Barrage,13-06-2017,243458,214000
Indus,Chashma Barrage,14-06-2017,243187,214000
Indus,Chashma Barrage,15-06-2017,221120,214000
Indus,Chashma Barrage,16-06-2017,242538,214000
Indus,Chashma Barrage,17-06-2017,235065,219000
Indus,Chashma Barrage,18-06-2017,244836,219000
Indus,Chashma Barrage,19-06-2017,241579,219000
Indus,Chashma Barrage,20-06-2017,242974,219000
Indus,Chashma Barrage,21-06-2017,241514,224000
Indus,Chashma Barrage,22-06-2017,248804,224000
Indus,Chashma Barrage,23-06-2017,224345,224000
Indus,Chashma Barrage,24-06-2017,232093,219000
Indus,Chashma Barrage,25-06-2017,218695,219000
Indus,Chashma Barrage,26-06-2017,238465,219000
Indus,Chashma Barrage,27-06-2017,231950,219000
Indus,Chashma Barrage,28-06-2017,235133,219000
Indus,Chashma Barrage,29-06-2017,278670,219000
Indus,Chashma Barrage,30-06-2017,240514,219000
Indus,Taunsa Barrage,1-06-2017,156074,131701
Indus,Taunsa Barrage,2-06-2017,160193,135170
Indus,Taunsa Barrage,3-06-2017,165916,140208
Indus,Taunsa Barrage,4-06-2017,171372,145997
Indus,Taunsa Barrage,5-06-2017,172678,146997
Indus,Taunsa Barrage,6-06-2017,172757,147097
Indus,Taunsa Barrage,7-06-2017,172663,146967
Indus,Taunsa Barrage,8-06-2017,186895,159099
Indus,Taunsa Barrage,9-06-2017,192787,166829
Indus,Taunsa Barrage,10-06-2017,190073,164601
Indus,Taunsa Barrage,11-06-2017,193590,165594
Indus,Taunsa Barrage,12-06-2017,193598,165594
Indus,Taunsa Barrage,13-06-2017,199031,171017
Indus,Taunsa Barrage,14-06-2017,194826,166826
Indus,Taunsa Barrage,15-06-2017,192375,164362
Indus,Taunsa Barrage,16-06-2017,194627,166614
Indus,Taunsa Barrage,17-06-2017,195946,167923
Indus,Taunsa Barrage,18-06-2017,199129,171129
Indus,Taunsa Barrage,19-06-2017,203456,176063
Indus,Taunsa Barrage,20-06-2017,201471,173270
Indus,Taunsa Barrage,21-06-2017,206195,181168
Indus,Taunsa Barrage,22-06-2017,202637,177627
Indus,Taunsa Barrage,23-06-2017,204874,180574
Indus,Taunsa Barrage,24-06-2017,210036,185707
Indus,Taunsa Barrage,25-06-2017,203853,178553
Indus,Taunsa Barrage,26-06-2017,203853,178553
Indus,Taunsa Barrage,27-06-2017,202924,177624
Indus,Taunsa Barrage,28-06-2017,202424,177624
Indus,Taunsa Barrage,29-06-2017,215214,190406
Indus,Taunsa Barrage,30-06-2017,211860,187046
Indus,Kalabagh,1-07-2017,176224,168740
Indus,Kalabagh,2-07-2017,203010,195226
Indus,Kalabagh,3-07-2017,166374,158590
Indus,Kalabagh,4-07-2017,178546,170762
Indus,Kalabagh,5-07-2017,177624,169640
Indus,Kalabagh,6-07-2017,229470,221486
Indus,Kalabagh,7-07-2017,207285,199301
Indus,Kalabagh,8-07-2017,237525,229541
Indus,Kalabagh,9-07-2017,210161,202177
Indus,Kalabagh,10-07-2017,234099,226125
Indus,Kalabagh,11-07-2017,238596,230667
Indus,Kalabagh,12-07-2017,243531,235602
Indus,Kalabagh,13-07-2017,234680,227235
Indus,Kalabagh,14-07-2017,268501,261056
Indus,Kalabagh,15-07-2017,201490,193761
Indus,Kalabagh,16-07-2017,234891,227146
Indus,Kalabagh,17-07-2017,181202,173457
Indus,Kalabagh,18-07-2017,226682,218937
Indus,Kalabagh,19-07-2017,279547,271802
Indus,Kalabagh,20-07-2017,265750,258034
Indus,Kalabagh,21-07-2017,227044,219315
Indus,Kalabagh,22-07-2017,305347,297618
Indus,Kalabagh,23-07-2017,262573,254844
Indus,Kalabagh,24-07-2017,284736,277007
Indus,Kalabagh,25-07-2017,273240,265511
Indus,Kalabagh,26-07-2017,287097,279168
Indus,Kalabagh,27-07-2017,261813,253884
Indus,Kalabagh,28-07-2017,301272,293343
Indus,Kalabagh,29-07-2017,271062,263133
Indus,Kalabagh,30-07-2017,282487,274558
Indus,Kalabagh,31-07-2017,237466,229537
Indus,Chashma Barrage,1-07-2017,244998,219000
Indus,Chashma Barrage,2-07-2017,211542,219000
Indus,Chashma Barrage,3-07-2017,210127,219000
Indus,Chashma Barrage,4-07-2017,193341,205000
Indus,Chashma Barrage,5-07-2017,203517,210000
Indus,Chashma Barrage,6-07-2017,211367,225000
Indus,Chashma Barrage,7-07-2017,250248,232000
Indus,Chashma Barrage,8-07-2017,228367,232000
Indus,Chashma Barrage,9-07-2017,243556,232000
Indus,Chashma Barrage,10-07-2017,228699,232000
Indus,Chashma Barrage,11-07-2017,251166,232000
Indus,Chashma Barrage,12-07-2017,252144,240000
Indus,Chashma Barrage,13-07-2017,268065,245000
Indus,Chashma Barrage,14-07-2017,266059,245000
Indus,Chashma Barrage,15-07-2017,260951,245000
Indus,Chashma Barrage,16-07-2017,216108,245000
Indus,Chashma Barrage,17-07-2017,240585,225000
Indus,Chashma Barrage,18-07-2017,212770,225000
Indus,Chashma Barrage,19-07-2017,252045,250000
Indus,Chashma Barrage,20-07-2017,286473,276668
Indus,Chashma Barrage,21-07-2017,274385,271232
Indus,Chashma Barrage,22-07-2017,253806,220000
Indus,Chashma Barrage,23-07-2017,280957,220000
Indus,Chashma Barrage,24-07-2017,266589,265000
Indus,Chashma Barrage,25-07-2017,293579,282210
Indus,Chashma Barrage,26-07-2017,287450,280971
Indus,Chashma Barrage,27-07-2017,290737,284258
Indus,Chashma Barrage,28-07-2017,291340,284861
Indus,Chashma Barrage,29-07-2017,298249,291770
Indus,Chashma Barrage,30-07-2017,284054,300000
Indus,Chashma Barrage,31-07-2017,294655,300000
Indus,Taunsa Barrage,1-07-2017,205279,180455
Indus,Taunsa Barrage,2-07-2017,203155,176155
Indus,Taunsa Barrage,3-07-2017,203409,178900
Indus,Taunsa Barrage,4-07-2017,202428,178402
Indus,Taunsa Barrage,5-07-2017,200706,179774
Indus,Taunsa Barrage,6-07-2017,190504,170293
Indus,Taunsa Barrage,7-07-2017,206175,183153
Indus,Taunsa Barrage,8-07-2017,227907,204379
Indus,Taunsa Barrage,9-07-2017,212668,187868
Indus,Taunsa Barrage,10-07-2017,215787,190961
Indus,Taunsa Barrage,11-07-2017,216272,190961
Indus,Taunsa Barrage,12-07-2017,212655,184155
Indus,Taunsa Barrage,13-07-2017,217055,190507
Indus,Taunsa Barrage,14-07-2017,229716,202706
Indus,Taunsa Barrage,15-07-2017,228004,200002
Indus,Taunsa Barrage,16-07-2017,223015,201515
Indus,Taunsa Barrage,17-07-2017,225089,203548
Indus,Taunsa Barrage,18-07-2017,216356,194816
Indus,Taunsa Barrage,19-07-2017,208632,188112
Indus,Taunsa Barrage,20-07-2017,207948,186730
Indus,Taunsa Barrage,21-07-2017,247714,226515
Indus,Taunsa Barrage,22-07-2017,260168,238636
Indus,Taunsa Barrage,23-07-2017,234989,212989
Indus,Taunsa Barrage,24-07-2017,211032,189232
Indus,Taunsa Barrage,25-07-2017,230851,209051
Indus,Taunsa Barrage,26-07-2017,249149,227119
Indus,Taunsa Barrage,27-07-2017,266885,244852
Indus,Taunsa Barrage,28-07-2017,268978,246678
Indus,Taunsa Barrage,29-07-2017,267633,245322
Indus,Taunsa Barrage,30-07-2017,274697,252397
Indus,Taunsa Barrage,31-07-2017,275870,253549
Indus,Kalabagh,1-08-2017,374209,366280
Indus,Kalabagh,2-08-2017,375233,367304
Indus,Kalabagh,3-08-2017,427389,419460
Indus,Kalabagh,4-08-2017,420615,412686
Indus,Kalabagh,5-08-2017,390610,382681
Indus,Kalabagh,6-08-2017,329821,321892
Indus,Kalabagh,7-08-2017,302663,294734
Indus,Kalabagh,8-08-2017,302660,294731
Indus,Kalabagh,9-08-2017,321799,313870
Indus,Kalabagh,10-08-2017,313077,305161
Indus,Kalabagh,11-08-2017,319106,311177
Indus,Kalabagh,12-08-2017,300554,292625
Indus,Kalabagh,13-08-2017,296492,288563
Indus,Kalabagh,14-08-2017,273821,266692
Indus,Kalabagh,15-08-2017,263157,256528
Indus,Kalabagh,16-08-2017,223199,216070
Indus,Kalabagh,17-08-2017,221555,214426
Indus,Kalabagh,18-08-2017,210613,202984
Indus,Kalabagh,19-08-2017,229034,221405
Indus,Kalabagh,20-08-2017,213140,205227
Indus,Kalabagh,21-08-2017,185077,177148
Indus,Kalabagh,22-08-2017,194270,186341
Indus,Kalabagh,23-08-2017,174778,166849
Indus,Kalabagh,24-08-2017,174538,166609
Indus,Kalabagh,25-08-2017,215973,208044
Indus,Kalabagh,26-08-2017,219970,212041
Indus,Kalabagh,27-08-2017,195703,187774
Indus,Kalabagh,28-08-2017,194224,186279
Indus,Kalabagh,29-08-2017,163690,155745
Indus,Kalabagh,30-08-2017,161425,153480
Indus,Kalabagh,31-08-2017,148124,140179
Indus,Chashma Barrage,1-08-2017,318658,312179
Indus,Chashma Barrage,2-08-2017,387694,389358
Indus,Chashma Barrage,3-08-2017,407138,407173
Indus,Chashma Barrage,4-08-2017,427275,427694
Indus,Chashma Barrage,5-08-2017,444797,441770
Indus,Chashma Barrage,6-08-2017,403724,394349
Indus,Chashma Barrage,7-08-2017,347138,333714
Indus,Chashma Barrage,8-08-2017,308563,300070
Indus,Chashma Barrage,9-08-2017,299926,290604
Indus,Chashma Barrage,10-08-2017,318966,299516
Indus,Chashma Barrage,11-08-2017,312888,294436
Indus,Chashma Barrage,12-08-2017,322975,309220
Indus,Chashma Barrage,13-08-2017,302602,290223
Indus,Chashma Barrage,14-08-2017,297669,285290
Indus,Chashma Barrage,15-08-2017,265958,200000
Indus,Chashma Barrage,16-08-2017,229867,200000
Indus,Chashma Barrage,17-08-2017,220364,210000
Indus,Chashma Barrage,18-08-2017,222625,230000
Indus,Chashma Barrage,19-08-2017,227289,210000
Indus,Chashma Barrage,20-08-2017,232175,210000
Indus,Chashma Barrage,21-08-2017,224500,210000
Indus,Chashma Barrage,22-08-2017,218243,207000
Indus,Chashma Barrage,23-08-2017,215688,207000
Indus,Chashma Barrage,24-08-2017,205961,197000
Indus,Chashma Barrage,25-08-2017,208733,190000
Indus,Chashma Barrage,26-08-2017,217226,190000
Indus,Chashma Barrage,27-08-2017,219726,190000
Indus,Chashma Barrage,28-08-2017,205428,190000
Indus,Chashma Barrage,29-08-2017,203389,190000
Indus,Chashma Barrage,30-08-2017,183194,180000
Indus,Chashma Barrage,31-08-2017,182575,170000
Indus,Taunsa Barrage,1-08-2017,275946,253647
Indus,Taunsa Barrage,2-08-2017,277788,255478
Indus,Taunsa Barrage,3-08-2017,312368,290048
Indus,Taunsa Barrage,4-08-2017,404057,381530
Indus,Taunsa Barrage,5-08-2017,357557,351557
Indus,Taunsa Barrage,6-08-2017,418169,412169
Indus,Taunsa Barrage,7-08-2017,424388,418388
Indus,Taunsa Barrage,8-08-2017,353595,347595
Indus,Taunsa Barrage,9-08-2017,310024,290019
Indus,Taunsa Barrage,10-08-2017,288141,265332
Indus,Taunsa Barrage,11-08-2017,290596,267741
Indus,Taunsa Barrage,12-08-2017,293599,270751
Indus,Taunsa Barrage,13-08-2017,298089,283589
Indus,Taunsa Barrage,14-08-2017,301395,279874
Indus,Taunsa Barrage,15-08-2017,287915,265425
Indus,Taunsa Barrage,16-08-2017,237431,214731
Indus,Taunsa Barrage,17-08-2017,183862,160829
Indus,Taunsa Barrage,18-08-2017,201600,178561
Indus,Taunsa Barrage,19-08-2017,209063,186046
Indus,Taunsa Barrage,20-08-2017,217025,193985
Indus,Taunsa Barrage,21-08-2017,199483,176472
Indus,Taunsa Barrage,22-08-2017,197716,183016
Indus,Taunsa Barrage,23-08-2017,210248,187537
Indus,Taunsa Barrage,24-08-2017,193743,171043
Indus,Taunsa Barrage,25-08-2017,191364,168345
Indus,Taunsa Barrage,26-08-2017,185467,160007
Indus,Taunsa Barrage,27-08-2017,179627,154702
Indus,Taunsa Barrage,28-08-2017,183782,158568
Indus,Taunsa Barrage,29-08-2017,180259,155519
Indus,Taunsa Barrage,30-08-2017,180319,155704
Indus,Taunsa Barrage,31-08-2017,23715,N.R
Indus,Kalabagh,1-09-2017,152617,144672
Indus,Kalabagh,2-09-2017,156907,148962
Indus,Kalabagh,3-09-2017,159451,152006
Indus,Kalabagh,4-09-2017,150562,143117
Indus,Kalabagh,5-09-2017,154819,154819
Indus,Kalabagh,6-09-2017,153023,145578
Indus,Kalabagh,7-09-2017,147956,140511
Indus,Kalabagh,8-09-2017,147834,140389
Indus,Kalabagh,9-09-2017,151143,143698
Indus,Kalabagh,10-09-2017,151490,144058
Indus,Kalabagh,11-09-2017,161128,153683
Indus,Kalabagh,12-09-2017,150138,142693
Indus,Kalabagh,13-09-2017,160938,153493
Indus,Kalabagh,14-09-2017,160804,153359
Indus,Kalabagh,15-09-2017,150034,142589
Indus,Kalabagh,16-09-2017,150803,143358
Indus,Kalabagh,17-09-2017,151037,143608
Indus,Kalabagh,18-09-2017,146212,138783
Indus,Kalabagh,19-09-2017,146590,139161
Indus,Kalabagh,20-09-2017,161557,154144
Indus,Kalabagh,21-09-2017,131161,123732
Indus,Kalabagh,22-09-2017,123944,116515
Indus,Kalabagh,23-09-2017,105585,98156
Indus,Kalabagh,24-09-2017,122341,114912
Indus,Kalabagh,25-09-2017,111133,103704
Indus,Kalabagh,26-09-2017,94267,86838
Indus,Kalabagh,27-09-2017,103351,95922
Indus,Kalabagh,28-09-2017,105611,98182
Indus,Kalabagh,29-09-2017,93210,85781
Indus,Kalabagh,30-09-2017,100740,93311
Indus,Chashma Barrage,1-09-2017,163766,170000
Indus,Chashma Barrage,2-09-2017,167743,165000
Indus,Chashma Barrage,3-09-2017,171000,165000
Indus,Chashma Barrage,4-09-2017,166292,162000
Indus,Chashma Barrage,5-09-2017,176764,162000
Indus,Chashma Barrage,6-09-2017,171990,162000
Indus,Chashma Barrage,7-09-2017,165961,162000
Indus,Chashma Barrage,8-09-2017,169117,157000
Indus,Chashma Barrage,9-09-2017,158961,155000
Indus,Chashma Barrage,10-09-2017,150805,155000
Indus,Chashma Barrage,11-09-2017,159486,160000
Indus,Chashma Barrage,12-09-2017,166146,160000
Indus,Chashma Barrage,13-09-2017,155034,160000
Indus,Chashma Barrage,14-09-2017,159806,155000
Indus,Chashma Barrage,15-09-2017,151440,155000
Indus,Chashma Barrage,16-09-2017,148728,155000
Indus,Chashma Barrage,17-09-2017,153317,155000
Indus,Chashma Barrage,18-09-2017,152663,155000
Indus,Chashma Barrage,19-09-2017,166258,155000
Indus,Chashma Barrage,20-09-2017,138151,150000
Indus,Chashma Barrage,21-09-2017,144957,120000
Indus,Chashma Barrage,22-09-2017,121732,120000
Indus,Chashma Barrage,23-09-2017,117923,115000
Indus,Chashma Barrage,24-09-2017,99100,115000
Indus,Chashma Barrage,25-09-2017,116841,105000
Indus,Chashma Barrage,26-09-2017,113595,105000
Indus,Chashma Barrage,27-09-2017,101736,100000
Indus,Chashma Barrage,28-09-2017,110264,100000
Indus,Chashma Barrage,29-09-2017,95994,100000
Indus,Chashma Barrage,30-09-2017,103405,95000
Indus,Taunsa Barrage,1-09-2017,168404,147587
Indus,Taunsa Barrage,2-09-2017,157836,137003
Indus,Taunsa Barrage,3-09-2017,161788,140288
Indus,Taunsa Barrage,4-09-2017,159270,138223
Indus,Taunsa Barrage,5-09-2017,158159,137689
Indus,Taunsa Barrage,6-09-2017,155683,137948
Indus,Taunsa Barrage,7-09-2017,155024,137250
Indus,Taunsa Barrage,8-09-2017,152448,134559
Indus,Taunsa Barrage,9-09-2017,152080,134200
Indus,Taunsa Barrage,10-09-2017,146874,128726
Indus,Taunsa Barrage,11-09-2017,146885,129024
Indus,Taunsa Barrage,12-09-2017,147003,129867
Indus,Taunsa Barrage,13-09-2017,153769,136127
Indus,Taunsa Barrage,14-09-2017,153882,136461
Indus,Taunsa Barrage,15-09-2017,152063,135013
Indus,Taunsa Barrage,16-09-2017,145665,129335
Indus,Taunsa Barrage,17-09-2017,148307,131697
Indus,Taunsa Barrage,18-09-2017,148365,129510
Indus,Taunsa Barrage,19-09-2017,150984,131773
Indus,Taunsa Barrage,20-09-2017,147722,128964
Indus,Taunsa Barrage,21-09-2017,147752,128964
Indus,Taunsa Barrage,22-09-2017,141326,123378
Indus,Taunsa Barrage,23-09-2017,110383,92937
Indus,Taunsa Barrage,24-09-2017,110376,92937
Indus,Taunsa Barrage,25-09-2017,105787,89032
Indus,Taunsa Barrage,26-09-2017,105762,89032
Indus,Taunsa Barrage,27-09-2017,95241,77301
Indus,Taunsa Barrage,28-09-2017,95239,77301
Indus,Taunsa Barrage,29-09-2017,92611,75179
Indus,Taunsa Barrage,30-09-2017,90763,73700
Indus,Kalabagh,1-10-2017,84536,77036
Indus,Kalabagh,2-10-2017,95413,87913
Indus,Kalabagh,3-10-2017,105660,98160
Indus,Kalabagh,4-10-2017,85012,77512
Indus,Kalabagh,5-10-2017,99859,92359
Indus,Kalabagh,6-10-2017,88105,80605
Indus,Kalabagh,7-10-2017,102228,94728
Indus,Kalabagh,8-10-2017,86150,78650
Indus,Kalabagh,9-10-2017,86834,79334
Indus,Kalabagh,10-10-2017,90895,83395
Indus,Kalabagh,11-10-2017,90772,83272
Indus,Kalabagh,12-10-2017,99933,92433
Indus,Kalabagh,13-10-2017,85944,78944
Indus,Kalabagh,14-10-2017,78530,71530
Indus,Kalabagh,15-10-2017,69653,62653
Indus,Kalabagh,16-10-2017,56632,49632
Indus,Kalabagh,17-10-2017,61728,55728
Indus,Kalabagh,18-10-2017,50628,44628
Indus,Kalabagh,19-10-2017,67496,61496
Indus,Kalabagh,20-10-2017,48675,42675
Indus,Kalabagh,21-10-2017,46901,40901
Indus,Kalabagh,22-10-2017,44251,38251
Indus,Kalabagh,23-10-2017,47323,41323
Indus,Kalabagh,24-10-2017,43187,27187
Indus,Kalabagh,25-10-2017,51813,45813
Indus,Kalabagh,26-10-2017,44939,38939
Indus,Kalabagh,27-10-2017,53127,47127
Indus,Kalabagh,28-10-2017,45750,45750
Indus,Kalabagh,29-10-2017,56906,50906
Indus,Kalabagh,30-10-2017,51711,45711
Indus,Kalabagh,31-10-2017,57788,51788
Indus,Chashma Barrage,1-10-2017,92123,90000
Indus,Chashma Barrage,2-10-2017,90113,90000
Indus,Chashma Barrage,3-10-2017,93641,85000
Indus,Chashma Barrage,4-10-2017,105223,85000
Indus,Chashma Barrage,5-10-2017,84867,80000
Indus,Chashma Barrage,6-10-2017,88714,80000
Indus,Chashma Barrage,7-10-2017,80662,79062
Indus,Chashma Barrage,8-10-2017,79724,66425
Indus,Chashma Barrage,9-10-2017,70425,69550
Indus,Chashma Barrage,10-10-2017,73550,70000
Indus,Chashma Barrage,11-10-2017,82344,70000
Indus,Chashma Barrage,12-10-2017,76778,70000
Indus,Chashma Barrage,13-10-2017,69691,70000
Indus,Chashma Barrage,14-10-2017,66788,70000
Indus,Chashma Barrage,15-10-2017,54001,62080
Indus,Chashma Barrage,16-10-2017,53818,40000
Indus,Chashma Barrage,17-10-2017,41991,40000
Indus,Chashma Barrage,18-10-2017,48617,40000
Indus,Chashma Barrage,19-10-2017,44936,40000
Indus,Chashma Barrage,20-10-2017,45869,40000
Indus,Chashma Barrage,21-10-2017,38850,40000
Indus,Chashma Barrage,22-10-2017,34665,40000
Indus,Chashma Barrage,23-10-2017,35251,31751
Indus,Chashma Barrage,24-10-2017,41857,38257
Indus,Chashma Barrage,25-10-2017,36924,33424
Indus,Chashma Barrage,26-10-2017,46951,35000
Indus,Chashma Barrage,27-10-2017,38151,35000
Indus,Chashma Barrage,28-10-2017,33932,35000
Indus,Chashma Barrage,29-10-2017,39330,35000
Indus,Chashma Barrage,30-10-2017,36708,35000
Indus,Chashma Barrage,31-10-2017,36316,33764
Indus,Taunsa Barrage,1-10-2017,90763,73700
Indus,Taunsa Barrage,2-10-2017,86705,70404
Indus,Taunsa Barrage,3-10-2017,82404,68725
Indus,Taunsa Barrage,4-10-2017,79606,66391
Indus,Taunsa Barrage,5-10-2017,77903,64971
Indus,Taunsa Barrage,6-10-2017,76382,63703
Indus,Taunsa Barrage,7-10-2017,76382,63703
Indus,Taunsa Barrage,8-10-2017,72213,58781
Indus,Taunsa Barrage,9-10-2017,72213,58781
Indus,Taunsa Barrage,10-10-2017,71993,58847
Indus,Taunsa Barrage,11-10-2017,63405,55036
Indus,Taunsa Barrage,12-10-2017,64753,56206
Indus,Taunsa Barrage,13-10-2017,65457,56162
Indus,Taunsa Barrage,14-10-2017,66205,56804
Indus,Taunsa Barrage,15-10-2017,66783,57300
Indus,Taunsa Barrage,16-10-2017,66783,57300
Indus,Taunsa Barrage,17-10-2017,61677,52919
Indus,Taunsa Barrage,18-10-2017,48462,48462
Indus,Taunsa Barrage,19-10-2017,44588,44588
Indus,Taunsa Barrage,20-10-2017,38215,38215
Indus,Taunsa Barrage,21-10-2017,38215,38215
Indus,Taunsa Barrage,22-10-2017,39392,39392
Indus,Taunsa Barrage,23-10-2017,39391,39391
Indus,Taunsa Barrage,24-10-2017,37101,37101
Indus,Taunsa Barrage,25-10-2017,35949,35949
Indus,Taunsa Barrage,26-10-2017,34927,34927
Indus,Taunsa Barrage,27-10-2017,37069,37069
Indus,Taunsa Barrage,28-10-2017,37069,37069
Indus,Taunsa Barrage,29-10-2017,37069,37069
Indus,Taunsa Barrage,30-10-2017,37069,37069
Indus,Taunsa Barrage,31-10-2017,37069,37069
Indus,Kalabagh,1-11-2017,69593,64093
Indus,Kalabagh,2-11-2017,58738,53238
Indus,Kalabagh,3-11-2017,60037,54537
Indus,Kalabagh,4-11-2017,59547,54047
Indus,Kalabagh,5-11-2017,56452,50952
Indus,Kalabagh,6-11-2017,54903,49403
Indus,Kalabagh,7-11-2017,64138,58638
Indus,Kalabagh,8-11-2017,60925,55425
Indus,Kalabagh,9-11-2017,63256,57756
Indus,Kalabagh,10-11-2017,58913,53413
Indus,Kalabagh,11-11-2017,71003,65003
Indus,Kalabagh,12-11-2017,62450,56450
Indus,Kalabagh,13-11-2017,59914,53914
Indus,Kalabagh,14-11-2017,61867,55867
Indus,Kalabagh,15-11-2017,61937,55937
Indus,Kalabagh,16-11-2017,62501,56501
Indus,Kalabagh,17-11-2017,61392,55392
Indus,Kalabagh,18-11-2017,62878,56878
Indus,Kalabagh,19-11-2017,60269,54269
Indus,Kalabagh,20-11-2017,62316,56316
Indus,Kalabagh,21-11-2017,66032,60032
Indus,Kalabagh,22-11-2017,52093,46093
Indus,Kalabagh,23-11-2017,62743,56743
Indus,Kalabagh,24-11-2017,58388,52388
Indus,Kalabagh,25-11-2017,51888,45888
Indus,Kalabagh,26-11-2017,49725,43725
Indus,Kalabagh,27-11-2017,57387,51387
Indus,Kalabagh,28-11-2017,54243,48243
Indus,Kalabagh,29-11-2017,53683,47683
Indus,Kalabagh,30-11-2017,54765,48765
Indus,Chashma Barrage,1-11-2017,45457,35000
Indus,Chashma Barrage,2-11-2017,53369,35000
Indus,Chashma Barrage,3-11-2017,47434,38000
Indus,Chashma Barrage,4-11-2017,52430,38000
Indus,Chashma Barrage,5-11-2017,47903,38000
Indus,Chashma Barrage,6-11-2017,48717,43000
Indus,Chashma Barrage,7-11-2017,42066,43000
Indus,Chashma Barrage,8-11-2017,46391,44000
Indus,Chashma Barrage,9-11-2017,46328,44000
Indus,Chashma Barrage,10-11-2017,54978,44000
Indus,Chashma Barrage,11-11-2017,52517,47000
Indus,Chashma Barrage,12-11-2017,57409,47000
Indus,Chashma Barrage,13-11-2017,52640,47000
Indus,Chashma Barrage,14-11-2017,50300,47000
Indus,Chashma Barrage,15-11-2017,51312,47000
Indus,Chashma Barrage,16-11-2017,51243,46000
Indus,Chashma Barrage,17-11-2017,56085,46000
Indus,Chashma Barrage,18-11-2017,55517,46000
Indus,Chashma Barrage,19-11-2017,49894,46000
Indus,Chashma Barrage,20-11-2017,57289,48000
Indus,Chashma Barrage,21-11-2017,50143,45000
Indus,Chashma Barrage,22-11-2017,43300,45000
Indus,Chashma Barrage,23-11-2017,45906,45000
Indus,Chashma Barrage,24-11-2017,41723,45000
Indus,Chashma Barrage,25-11-2017,44511,45000
Indus,Chashma Barrage,26-11-2017,39622,45000
Indus,Chashma Barrage,27-11-2017,37031,39000
Indus,Chashma Barrage,28-11-2017,33873,39000
Indus,Chashma Barrage,29-11-2017,37566,39000
Indus,Chashma Barrage,30-11-2017,34654,39000
Indus,Taunsa Barrage,1-11-2017,37777,37277
Indus,Taunsa Barrage,2-11-2017,37320,36820
Indus,Taunsa Barrage,3-11-2017,36947,36447
Indus,Taunsa Barrage,4-11-2017,36947,36447
Indus,Taunsa Barrage,5-11-2017,36947,36447
Indus,Taunsa Barrage,6-11-2017,36947,36447
Indus,Taunsa Barrage,7-11-2017,39099,38599
Indus,Taunsa Barrage,8-11-2017,40268,39768
Indus,Taunsa Barrage,9-11-2017,42606,42106
Indus,Taunsa Barrage,10-11-2017,43497,3997
Indus,Taunsa Barrage,11-11-2017,43433,37953
Indus,Taunsa Barrage,12-11-2017,43533,38033
Indus,Taunsa Barrage,13-11-2017,45078,40578
Indus,Taunsa Barrage,14-11-2017,52434,45087
Indus,Taunsa Barrage,15-11-2017,50070,43443
Indus,Taunsa Barrage,16-11-2017,50282,43628
Indus,Taunsa Barrage,17-11-2017,49043,42678
Indus,Taunsa Barrage,18-11-2017,48834,42496
Indus,Taunsa Barrage,19-11-2017,47709,41515
Indus,Taunsa Barrage,20-11-2017,47392,42137
Indus,Taunsa Barrage,21-11-2017,45902,40810
Indus,Taunsa Barrage,22-11-2017,45902,40810
Indus,Taunsa Barrage,23-11-2017,45902,40810
Indus,Taunsa Barrage,24-11-2017,45902,40810
Indus,Taunsa Barrage,25-11-2017,44560,38547
Indus,Taunsa Barrage,26-11-2017,44560,38547
Indus,Taunsa Barrage,27-11-2017,44560,38547
Indus,Taunsa Barrage,28-11-2017,44560,38547
Indus,Taunsa Barrage,29-11-2017,43199,37367
Indus,Taunsa Barrage,30-11-2017,43199,37234
Indus,Kalabagh,1-12-2017,56259,51259
Indus,Kalabagh,2-12-2017,51060,46060
Indus,Kalabagh,3-12-2017,61377,56377
Indus,Kalabagh,4-12-2017,51983,46983
Indus,Kalabagh,5-12-2017,57912,52912
Indus,Kalabagh,6-12-2017,53605,48605
Indus,Kalabagh,7-12-2017,54873,49873
Indus,Kalabagh,8-12-2017,54392,49392
Indus,Kalabagh,9-12-2017,53294,48294
Indus,Kalabagh,10-12-2017,64142,59142
Indus,Kalabagh,11-12-2017,54722,50722
Indus,Kalabagh,12-12-2017,56752,52752
Indus,Kalabagh,13-12-2017,51833,47833
Indus,Kalabagh,14-12-2017,59237,55237
Indus,Kalabagh,15-12-2017,52777,48777
Indus,Kalabagh,16-12-2017,46643,42643
Indus,Kalabagh,17-12-2017,56602,52602
Indus,Kalabagh,18-12-2017,47920,43920
Indus,Kalabagh,19-12-2017,54802,50802
Indus,Kalabagh,20-12-2017,52873,48873
Indus,Kalabagh,21-12-2017,38485,34485
Indus,Kalabagh,22-12-2017,43227,39227
Indus,Kalabagh,23-12-2017,29786,25786
Indus,Kalabagh,24-12-2017,24138,20138
Indus,Kalabagh,25-12-2017,21839,17839
Indus,Kalabagh,26-12-2017,23945,19945
Indus,Kalabagh,27-12-2017,27732,23732
Indus,Kalabagh,28-12-2017,23977,19977
Indus,Kalabagh,29-12-2017,15619,11619
Indus,Kalabagh,30-12-2017,20472,16472
Indus,Kalabagh,31-12-2017,17223,13223
Indus,Chashma Barrage,1-12-2017,38923,39000
Indus,Chashma Barrage,2-12-2017,39949,39000
Indus,Chashma Barrage,3-12-2017,43026,39000
Indus,Chashma Barrage,4-12-2017,46103,39000
Indus,Chashma Barrage,5-12-2017,37897,39000
Indus,Chashma Barrage,6-12-2017,44275,35000
Indus,Chashma Barrage,7-12-2017,33071,35000
Indus,Chashma Barrage,8-12-2017,34297,35000
Indus,Chashma Barrage,9-12-2017,31957,37000
Indus,Chashma Barrage,10-12-2017,36028,37000
Indus,Chashma Barrage,11-12-2017,42058,32000
Indus,Chashma Barrage,12-12-2017,35866,32000
Indus,Chashma Barrage,13-12-2017,42209,32000
Indus,Chashma Barrage,14-12-2017,47258,32000
Indus,Chashma Barrage,15-12-2017,40243,3200
Indus,Chashma Barrage,16-12-2017,35809,32000
Indus,Chashma Barrage,17-12-2017,33591,32000
Indus,Chashma Barrage,18-12-2017,34700,32000
Indus,Chashma Barrage,19-12-2017,35809,32000
Indus,Chashma Barrage,20-12-2017,37300,32000
Indus,Chashma Barrage,21-12-2017,30662,25000
Indus,Chashma Barrage,22-12-2017,23098,21000
Indus,Chashma Barrage,23-12-2017,24400,21000
Indus,Chashma Barrage,24-12-2017,23169,21000
Indus,Chashma Barrage,25-12-2017,12083,21000
Indus,Chashma Barrage,26-12-2017,13349,12000
Indus,Chashma Barrage,27-12-2017,15400,12000
Indus,Chashma Barrage,28-12-2017,13349,12000
Indus,Chashma Barrage,29-12-2017,13323,13000
Indus,Chashma Barrage,30-12-2017,10535,11000
Indus,Chashma Barrage,31-12-2017,9969,11000
Indus,Taunsa Barrage,1-12-2017,41093,40993
Indus,Taunsa Barrage,2-12-2017,39872,39772
Indus,Taunsa Barrage,3-12-2017,39872,39772
Indus,Taunsa Barrage,4-12-2017,39872,39772
Indus,Taunsa Barrage,5-12-2017,39872,39772
Indus,Taunsa Barrage,6-12-2017,39872,39772
Indus,Taunsa Barrage,7-12-2017,39872,39772
Indus,Taunsa Barrage,8-12-2017,38651,38551
Indus,Taunsa Barrage,9-12-2017,36208,36108
Indus,Taunsa Barrage,10-12-2017,36208,36108
Indus,Taunsa Barrage,11-12-2017,36208,36108
Indus,Taunsa Barrage,12-12-2017,37429,37329
Indus,Taunsa Barrage,13-12-2017,37166,35066
Indus,Taunsa Barrage,14-12-2017,33503,31555
Indus,Taunsa Barrage,15-12-2017,32488,28388
Indus,Taunsa Barrage,16-12-2017,32319,28219
Indus,Taunsa Barrage,17-12-2017,32319,28219
Indus,Taunsa Barrage,18-12-2017,32319,28219
Indus,Taunsa Barrage,19-12-2017,32519,28419
Indus,Taunsa Barrage,20-12-2017,32519,28419
Indus,Taunsa Barrage,21-12-2017,32519,28419
Indus,Taunsa Barrage,22-12-2017,32519,28419
Indus,Taunsa Barrage,23-12-2017,31294,27194
Indus,Taunsa Barrage,24-12-2017,30101,26001
Indus,Taunsa Barrage,25-12-2017,26355,22255
Indus,Taunsa Barrage,26-12-2017,25232,25132
Indus,Taunsa Barrage,27-12-2017,22678,22578
Indus,Taunsa Barrage,28-12-2017,22678,22578
Indus,Taunsa Barrage,29-12-2017,15346,15246
Indus,Taunsa Barrage,30-12-2017,16269,16169
Indus,Taunsa Barrage,31-12-2017,23230,23230
Jhelum,Rasul Barrage,1-01-2017,5086,5086
Jhelum,Rasul Barrage,2-01-2017,5086,5086
Jhelum,Rasul Barrage,3-01-2017,4463,4463
Jhelum,Rasul Barrage,4-01-2017,4463,4463
Jhelum,Rasul Barrage,5-01-2017,4463,4463
Jhelum,Rasul Barrage,6-01-2017,4463,4463
Jhelum,Rasul Barrage,7-01-2017,2513,2513
Jhelum,Rasul Barrage,8-01-2017,2513,2513
Jhelum,Rasul Barrage,9-01-2017,2266,2266
Jhelum,Rasul Barrage,10-01-2017,2266,2266
Jhelum,Rasul Barrage,11-01-2017,2266,2266
Jhelum,Rasul Barrage,12-01-2017,2266,2266
Jhelum,Rasul Barrage,13-01-2017,NIL,NIL
Jhelum,Rasul Barrage,14-01-2017,3000,NIL
Jhelum,Rasul Barrage,15-01-2017,7000,NIL
Jhelum,Rasul Barrage,16-01-2017,6000,NIL
Jhelum,Rasul Barrage,17-01-2017,6000,NIL
Jhelum,Rasul Barrage,18-01-2017,6000,NIL
Jhelum,Rasul Barrage,19-01-2017,6000,NIL
Jhelum,Rasul Barrage,20-01-2017,6000,NIL
Jhelum,Rasul Barrage,21-01-2017,5500,NIL
Jhelum,Rasul Barrage,22-01-2017,5700,NIL
Jhelum,Rasul Barrage,23-01-2017,5800,NIL
Jhelum,Rasul Barrage,24-01-2017,6000,NIL
Jhelum,Rasul Barrage,25-01-2017,6100,NIL
Jhelum,Rasul Barrage,26-01-2017,5200,NIL
Jhelum,Rasul Barrage,27-01-2017,9000,NIL
Jhelum,Rasul Barrage,28-01-2017,7200,NIL
Jhelum,Rasul Barrage,29-01-2017,7950,NIL
Jhelum,Rasul Barrage,30-01-2017,6000,NIL
Jhelum,Rasul Barrage,31-01-2017,6200,NIL
Jhelum,Rasul Barrage,1-02-2017,12400,NIL
Jhelum,Rasul Barrage,2-02-2017,22690,7990
Jhelum,Rasul Barrage,3-02-2017,29345,11895
Jhelum,Rasul Barrage,4-02-2017,19200,NIL
Jhelum,Rasul Barrage,5-02-2017,18500,NIL
Jhelum,Rasul Barrage,6-02-2017,18500,NIL
Jhelum,Rasul Barrage,7-02-2017,14800,NIL
Jhelum,Rasul Barrage,8-02-2017,8300,NIL
Jhelum,Rasul Barrage,9-02-2017,12800,NIL
Jhelum,Rasul Barrage,10-02-2017,13826,NIL
Jhelum,Rasul Barrage,11-02-2017,22591,5341
Jhelum,Rasul Barrage,12-02-2017,24691,5341
Jhelum,Rasul Barrage,13-02-2017,19350,NIL
Jhelum,Rasul Barrage,14-02-2017,19350,NIL
Jhelum,Rasul Barrage,15-02-2017,31345,11895
Jhelum,Rasul Barrage,16-02-2017,31395,11895
Jhelum,Rasul Barrage,17-02-2017,24841,5341
Jhelum,Rasul Barrage,18-02-2017,27490,7990
Jhelum,Rasul Barrage,19-02-2017,24841,5341
Jhelum,Rasul Barrage,20-02-2017,27506,7990
Jhelum,Rasul Barrage,21-02-2017,27490,7990
Jhelum,Rasul Barrage,22-02-2017,31395,11895
Jhelum,Rasul Barrage,23-02-2017,31395,11895
Jhelum,Rasul Barrage,24-02-2017,31395,11895
Jhelum,Rasul Barrage,25-02-2017,35300,15800
Jhelum,Rasul Barrage,26-02-2017,32395,11895
Jhelum,Rasul Barrage,27-02-2017,33395,11895
Jhelum,Rasul Barrage,28-02-2017,33395,11895
Jhelum,Rasul Barrage,1-03-2017,33395,11895
Jhelum,Rasul Barrage,2-03-2017,33895,11895
Jhelum,Rasul Barrage,3-03-2017,33895,11895
Jhelum,Rasul Barrage,4-03-2017,28490,7990
Jhelum,Rasul Barrage,5-03-2017,20500,NIL
Jhelum,Rasul Barrage,6-03-2017,32395,11895
Jhelum,Rasul Barrage,7-03-2017,32395,11895
Jhelum,Rasul Barrage,8-03-2017,24341,5341
Jhelum,Rasul Barrage,9-03-2017,24341,5341
Jhelum,Rasul Barrage,10-03-2017,15544,NIL
Jhelum,Rasul Barrage,11-03-2017,12500,NIL
Jhelum,Rasul Barrage,12-03-2017,14500,NIL
Jhelum,Rasul Barrage,13-03-2017,14500,NIL
Jhelum,Rasul Barrage,14-03-2017,13000,NIL
Jhelum,Rasul Barrage,15-03-2017,34305,19705
Jhelum,Rasul Barrage,16-03-2017,16000,NIL
Jhelum,Rasul Barrage,17-03-2017,20341,5341
Jhelum,Rasul Barrage,18-03-2017,14000,NIL
Jhelum,Rasul Barrage,19-03-2017,15000,NIL
Jhelum,Rasul Barrage,20-03-2017,12041,NIL
Jhelum,Rasul Barrage,21-03-2017,18341,5341
Jhelum,Rasul Barrage,22-03-2017,14000,NIL
Jhelum,Rasul Barrage,23-03-2017,16000,NIL
Jhelum,Rasul Barrage,24-03-2017,21341,5341
Jhelum,Rasul Barrage,25-03-2017,16000,NIL
Jhelum,Rasul Barrage,26-03-2017,14000,NIL
Jhelum,Rasul Barrage,27-03-2017,20341,5341
Jhelum,Rasul Barrage,28-03-2017,21341,5341
Jhelum,Rasul Barrage,29-03-2017,27395,11895
Jhelum,Rasul Barrage,30-03-2017,26639,10639
Jhelum,Rasul Barrage,31-03-2017,34574,18574
Jhelum,Rasul Barrage,1-04-2017,21341,5341
Jhelum,Rasul Barrage,2-04-2017,27895,11895
Jhelum,Rasul Barrage,3-04-2017,23990,7990
Jhelum,Rasul Barrage,4-04-2017,27895,11895
Jhelum,Rasul Barrage,5-04-2017,27895,11895
Jhelum,Rasul Barrage,6-04-2017,47422,31422
Jhelum,Rasul Barrage,7-04-2017,39610,23610
Jhelum,Rasul Barrage,8-04-2017,31800,15800
Jhelum,Rasul Barrage,9-04-2017,28895,11895
Jhelum,Rasul Barrage,10-04-2017,36740,19705
Jhelum,Rasul Barrage,11-04-2017,37705,19705
Jhelum,Rasul Barrage,12-04-2017,55325,35325
Jhelum,Rasul Barrage,13-04-2017,56325,35325
Jhelum,Rasul Barrage,14-04-2017,64635,43135
Jhelum,Rasul Barrage,15-04-2017,65135,43135
Jhelum,Rasul Barrage,16-04-2017,65135,43135
Jhelum,Rasul Barrage,17-04-2017,61230,39230
Jhelum,Rasul Barrage,18-04-2017,53520,31420
Jhelum,Rasul Barrage,19-04-2017,45810,23610
Jhelum,Rasul Barrage,20-04-2017,45944,23610
Jhelum,Rasul Barrage,21-04-2017,38100,15800
Jhelum,Rasul Barrage,22-04-2017,30290,7990
Jhelum,Rasul Barrage,23-04-2017,38100,15800
Jhelum,Rasul Barrage,24-04-2017,38100,15800
Jhelum,Rasul Barrage,25-04-2017,38100,15800
Jhelum,Rasul Barrage,26-04-2017,34345,11895
Jhelum,Rasul Barrage,27-04-2017,38300,15800
Jhelum,Rasul Barrage,28-04-2017,61730,39230
Jhelum,Rasul Barrage,29-04-2017,65635,43135
Jhelum,Rasul Barrage,30-04-2017,69540,47040
Jhelum,Rasul Barrage,1-05-2017,69740,47040
Jhelum,Rasul Barrage,2-05-2017,73695,50945
Jhelum,Rasul Barrage,3-05-2017,69840,47040
Jhelum,Rasul Barrage,4-05-2017,73795,50945
Jhelum,Rasul Barrage,5-05-2017,73845,50945
Jhelum,Rasul Barrage,6-05-2017,77850,54850
Jhelum,Rasul Barrage,7-05-2017,73945,50945
Jhelum,Rasul Barrage,8-05-2017,74045,50945
Jhelum,Rasul Barrage,9-05-2017,62330,39230
Jhelum,Rasul Barrage,10-05-2017,61456,38325
Jhelum,Rasul Barrage,11-05-2017,42905,19705
Jhelum,Rasul Barrage,12-05-2017,46810,23610
Jhelum,Rasul Barrage,13-05-2017,35175,11895
Jhelum,Rasul Barrage,14-05-2017,43005,19705
Jhelum,Rasul Barrage,15-05-2017,39100,15800
Jhelum,Rasul Barrage,16-05-2017,39100,15800
Jhelum,Rasul Barrage,17-05-2017,39100,15800
Jhelum,Rasul Barrage,18-05-2017,43005,19705
Jhelum,Rasul Barrage,19-05-2017,43005,19705
Jhelum,Rasul Barrage,20-05-2017,39161,15800
Jhelum,Rasul Barrage,21-05-2017,23300,NIL
Jhelum,Rasul Barrage,22-05-2017,28641,5341
Jhelum,Rasul Barrage,23-05-2017,31290,7990
Jhelum,Rasul Barrage,24-05-2017,35195,11895
Jhelum,Rasul Barrage,25-05-2017,39100,15800
Jhelum,Rasul Barrage,26-05-2017,39100,15800
Jhelum,Rasul Barrage,27-05-2017,35195,11895
Jhelum,Rasul Barrage,28-05-2017,35195,11895
Jhelum,Rasul Barrage,29-05-2017,28641,5341
Jhelum,Rasul Barrage,30-05-2017,23300,NIL
Jhelum,Rasul Barrage,31-05-2017,23300,NIL
Jhelum,Rasul Barrage,1-06-2017,14550,NIL
Jhelum,Rasul Barrage,2-06-2017,15300,NIL
Jhelum,Rasul Barrage,3-06-2017,15300,NIL
Jhelum,Rasul Barrage,4-06-2017,16300,NIL
Jhelum,Rasul Barrage,5-06-2017,14300,NIL
Jhelum,Rasul Barrage,6-06-2017,15300,NIL
Jhelum,Rasul Barrage,7-06-2017,13300,NIL
Jhelum,Rasul Barrage,8-06-2017,11300,NIL
Jhelum,Rasul Barrage,9-06-2017,11300,NIL
Jhelum,Rasul Barrage,10-06-2017,11338,NIL
Jhelum,Rasul Barrage,11-06-2017,11300,NIL
Jhelum,Rasul Barrage,12-06-2017,10300,NIL
Jhelum,Rasul Barrage,13-06-2017,25290,7990
Jhelum,Rasul Barrage,14-06-2017,31195,11895
Jhelum,Rasul Barrage,15-06-2017,33195,11895
Jhelum,Rasul Barrage,16-06-2017,46160,23610
Jhelum,Rasul Barrage,17-06-2017,46910,23610
Jhelum,Rasul Barrage,18-06-2017,35195,11895
Jhelum,Rasul Barrage,19-06-2017,31290,7990
Jhelum,Rasul Barrage,20-06-2017,20726,5391
Jhelum,Rasul Barrage,21-06-2017,15300,NIL
Jhelum,Rasul Barrage,22-06-2017,15200,NIL
Jhelum,Rasul Barrage,23-06-2017,9950,NIL
Jhelum,Rasul Barrage,24-06-2017,5300,NIL
Jhelum,Rasul Barrage,25-06-2017,10641,5341
Jhelum,Rasul Barrage,26-06-2017,4800,NIL
Jhelum,Rasul Barrage,27-06-2017,4800,NIL
Jhelum,Rasul Barrage,28-06-2017,19200,15500
Jhelum,Rasul Barrage,29-06-2017,11690,7990
Jhelum,Rasul Barrage,30-06-2017,9941,5341
Jhelum,Rasul Barrage,1-07-2017,10541,5341
Jhelum,Rasul Barrage,2-07-2017,10641,5341
Jhelum,Rasul Barrage,3-07-2017,10641,5341
Jhelum,Rasul Barrage,4-07-2017,10641,5341
Jhelum,Rasul Barrage,5-07-2017,5000,NIL
Jhelum,Rasul Barrage,6-07-2017,10391,5341
Jhelum,Rasul Barrage,7-07-2017,10391,5341
Jhelum,Rasul Barrage,8-07-2017,10391,5341
Jhelum,Rasul Barrage,9-07-2017,5050,NIL
Jhelum,Rasul Barrage,10-07-2017,10391,5341
Jhelum,Rasul Barrage,11-07-2017,10391,5341
Jhelum,Rasul Barrage,12-07-2017,10391,5341
Jhelum,Rasul Barrage,13-07-2017,13040,7990
Jhelum,Rasul Barrage,14-07-2017,10591,5341
Jhelum,Rasul Barrage,15-07-2017,10591,5341
Jhelum,Rasul Barrage,16-07-2017,10591,5341
Jhelum,Rasul Barrage,17-07-2017,10591,5341
Jhelum,Rasul Barrage,18-07-2017,5250,NIL
Jhelum,Rasul Barrage,19-07-2017,10591,5341
Jhelum,Rasul Barrage,20-07-2017,10591,5341
Jhelum,Rasul Barrage,21-07-2017,10591,5341
Jhelum,Rasul Barrage,22-07-2017,10591,5341
Jhelum,Rasul Barrage,23-07-2017,5250,NIL
Jhelum,Rasul Barrage,24-07-2017,5300,NIL
Jhelum,Rasul Barrage,25-07-2017,10641,5341
Jhelum,Rasul Barrage,26-07-2017,10641,5341
Jhelum,Rasul Barrage,27-07-2017,5300,NIL
Jhelum,Rasul Barrage,28-07-2017,5300,NIL
Jhelum,Rasul Barrage,29-07-2017,5300,NIL
Jhelum,Rasul Barrage,30-07-2017,5300,NIL
Jhelum,Rasul Barrage,31-07-2017,10641,5341
Jhelum,Rasul Barrage,1-08-2017,5150,NIL
Jhelum,Rasul Barrage,2-08-2017,17045,11895
Jhelum,Rasul Barrage,3-08-2017,13140,7990
Jhelum,Rasul Barrage,4-08-2017,10491,5341
Jhelum,Rasul Barrage,5-08-2017,10491,5341
Jhelum,Rasul Barrage,6-08-2017,10541,5341
Jhelum,Rasul Barrage,7-08-2017,10541,5341
Jhelum,Rasul Barrage,8-08-2017,10641,5341
Jhelum,Rasul Barrage,9-08-2017,10641,5341
Jhelum,Rasul Barrage,10-08-2017,5306,NIL
Jhelum,Rasul Barrage,11-08-2017,5300,NIL
Jhelum,Rasul Barrage,12-08-2017,10641,5341
Jhelum,Rasul Barrage,13-08-2017,10641,5341
Jhelum,Rasul Barrage,14-08-2017,10241,5341
Jhelum,Rasul Barrage,15-08-2017,10241,5341
Jhelum,Rasul Barrage,16-08-2017,4800,NIL
Jhelum,Rasul Barrage,17-08-2017,16745,11845
Jhelum,Rasul Barrage,18-08-2017,16795,11895
Jhelum,Rasul Barrage,19-08-2017,23241,5341
Jhelum,Rasul Barrage,20-08-2017,31795,11895
Jhelum,Rasul Barrage,21-08-2017,31791,11845
Jhelum,Rasul Barrage,22-08-2017,27940,7990
Jhelum,Rasul Barrage,23-08-2017,31845,11895
Jhelum,Rasul Barrage,24-08-2017,31845,11895
Jhelum,Rasul Barrage,25-08-2017,27940,7990
Jhelum,Rasul Barrage,26-08-2017,35750,15800
Jhelum,Rasul Barrage,27-08-2017,35750,15800
Jhelum,Rasul Barrage,28-08-2017,25291,5341
Jhelum,Rasul Barrage,29-08-2017,27940,7990
Jhelum,Rasul Barrage,30-08-2017,55476,35526
Jhelum,Rasul Barrage,31-08-2017,43560,23610
Jhelum,Rasul Barrage,1-09-2017,46615,27515
Jhelum,Rasul Barrage,2-09-2017,38805,19705
Jhelum,Rasul Barrage,3-09-2017,38805,19705
Jhelum,Rasul Barrage,4-09-2017,27090,7990
Jhelum,Rasul Barrage,5-09-2017,35200,15800
Jhelum,Rasul Barrage,6-09-2017,31845,11895
Jhelum,Rasul Barrage,7-09-2017,31745,11895
Jhelum,Rasul Barrage,8-09-2017,39355,19705
Jhelum,Rasul Barrage,9-09-2017,39205,19705
Jhelum,Rasul Barrage,10-09-2017,35350,15800
Jhelum,Rasul Barrage,11-09-2017,43255,23610
Jhelum,Rasul Barrage,12-09-2017,35400,15800
Jhelum,Rasul Barrage,13-09-2017,37900,15800
Jhelum,Rasul Barrage,14-09-2017,41755,19705
Jhelum,Rasul Barrage,15-09-2017,41805,19705
Jhelum,Rasul Barrage,16-09-2017,38000,15800
Jhelum,Rasul Barrage,17-09-2017,38250,15800
Jhelum,Rasul Barrage,18-09-2017,42355,19705
Jhelum,Rasul Barrage,19-09-2017,46410,23610
Jhelum,Rasul Barrage,20-09-2017,46424,23610
Jhelum,Rasul Barrage,21-09-2017,47410,23610
Jhelum,Rasul Barrage,22-09-2017,51415,27515
Jhelum,Rasul Barrage,23-09-2017,35795,11895
Jhelum,Rasul Barrage,24-09-2017,51415,27515
Jhelum,Rasul Barrage,25-09-2017,47510,23610
Jhelum,Rasul Barrage,26-09-2017,47510,23610
Jhelum,Rasul Barrage,27-09-2017,51415,27515
Jhelum,Rasul Barrage,28-09-2017,43655,19705
Jhelum,Rasul Barrage,29-09-2017,51465,27515
Jhelum,Rasul Barrage,30-09-2017,55370,31420
Jhelum,Rasul Barrage,1-10-2017,48390,27515
Jhelum,Rasul Barrage,2-10-2017,48390,27515
Jhelum,Rasul Barrage,3-10-2017,44790,23610
Jhelum,Rasul Barrage,4-10-2017,44585,23610
Jhelum,Rasul Barrage,5-10-2017,44585,23610
Jhelum,Rasul Barrage,6-10-2017,44635,23610
Jhelum,Rasul Barrage,7-10-2017,40730,19705
Jhelum,Rasul Barrage,8-10-2017,40730,19705
Jhelum,Rasul Barrage,9-10-2017,40730,19705
Jhelum,Rasul Barrage,10-10-2017,36825,15800
Jhelum,Rasul Barrage,11-10-2017,719,15800
Jhelum,Rasul Barrage,12-10-2017,719,11895
Jhelum,Rasul Barrage,13-10-2017,719,15800
Jhelum,Rasul Barrage,14-10-2017,719,11895
Jhelum,Rasul Barrage,15-10-2017,719,7990
Jhelum,Rasul Barrage,16-10-2017,719,7990
Jhelum,Rasul Barrage,17-10-2017,719,11895
Jhelum,Rasul Barrage,18-10-2017,719,5341
Jhelum,Rasul Barrage,19-10-2017,718.8,NIL
Jhelum,Rasul Barrage,20-10-2017,719,NIL
Jhelum,Rasul Barrage,21-10-2017,718.8,NIL
Jhelum,Rasul Barrage,22-10-2017,719,NIL
Jhelum,Rasul Barrage,23-10-2017,719,NIL
Jhelum,Rasul Barrage,24-10-2017,719,NIL
Jhelum,Rasul Barrage,25-10-2017,718,NIL
Jhelum,Rasul Barrage,26-10-2017,718.5,NIL
Jhelum,Rasul Barrage,27-10-2017,719,NIL
Jhelum,Rasul Barrage,28-10-2017,719,NIL
Jhelum,Rasul Barrage,29-10-2017,719,7990
Jhelum,Rasul Barrage,30-10-2017,719,NIL
Jhelum,Rasul Barrage,31-10-2017,719.1,19705
Jhelum,Rasul Barrage,1-11-2017,34300,15800
Jhelum,Rasul Barrage,2-11-2017,32895,11895
Jhelum,Rasul Barrage,3-11-2017,30795,11895
Jhelum,Rasul Barrage,4-11-2017,26222,7990
Jhelum,Rasul Barrage,5-11-2017,30230,11895
Jhelum,Rasul Barrage,6-11-2017,34032,15800
Jhelum,Rasul Barrage,7-11-2017,41945,23610
Jhelum,Rasul Barrage,8-11-2017,38040,19705
Jhelum,Rasul Barrage,9-11-2017,41945,23610
Jhelum,Rasul Barrage,10-11-2017,34135,15800
Jhelum,Rasul Barrage,11-11-2017,43548,23610
Jhelum,Rasul Barrage,12-11-2017,27825,7990
Jhelum,Rasul Barrage,13-11-2017,43343,23610
Jhelum,Rasul Barrage,14-11-2017,35533,15800
Jhelum,Rasul Barrage,15-11-2017,35533,15800
Jhelum,Rasul Barrage,16-11-2017,31525,11895
Jhelum,Rasul Barrage,17-11-2017,31525,11895
Jhelum,Rasul Barrage,18-11-2017,27620,7990
Jhelum,Rasul Barrage,19-11-2017,31525,11895
Jhelum,Rasul Barrage,20-11-2017,39335,19705
Jhelum,Rasul Barrage,21-11-2017,34430,15800
Jhelum,Rasul Barrage,22-11-2017,30525,11895
Jhelum,Rasul Barrage,23-11-2017,32430,15800
Jhelum,Rasul Barrage,24-11-2017,32430,15800
Jhelum,Rasul Barrage,25-11-2017,29525,11895
Jhelum,Rasul Barrage,26-11-2017,34230,15800
Jhelum,Rasul Barrage,27-11-2017,38335,19705
Jhelum,Rasul Barrage,28-11-2017,30525,11895
Jhelum,Rasul Barrage,29-11-2017,26620,7990
Jhelum,Rasul Barrage,30-11-2017,26723,7990
Jhelum,Rasul Barrage,1-12-2017,27223,7990
Jhelum,Rasul Barrage,2-12-2017,26123,7990
Jhelum,Rasul Barrage,3-12-2017,30028,11895
Jhelum,Rasul Barrage,4-12-2017,23474,5341
Jhelum,Rasul Barrage,5-12-2017,25520,7990
Jhelum,Rasul Barrage,6-12-2017,23371,5341
Jhelum,Rasul Barrage,7-12-2017,23371,5341
Jhelum,Rasul Barrage,8-12-2017,23371,5341
Jhelum,Rasul Barrage,9-12-2017,25020,7990
Jhelum,Rasul Barrage,10-12-2017,28925,11895
Jhelum,Rasul Barrage,11-12-2017,27895,11895
Jhelum,Rasul Barrage,12-12-2017,21341,5341
Jhelum,Rasul Barrage,13-12-2017,26895,11895
Jhelum,Rasul Barrage,14-12-2017,22990,7990
Jhelum,Rasul Barrage,15-12-2017,17990,7990
Jhelum,Rasul Barrage,16-12-2017,15341,5341
Jhelum,Rasul Barrage,17-12-2017,12000,NIL
Jhelum,Rasul Barrage,18-12-2017,25895,11895
Jhelum,Rasul Barrage,19-12-2017,26895,11895
Jhelum,Rasul Barrage,20-12-2017,26895,11895
Jhelum,Rasul Barrage,21-12-2017,21895,11895
Jhelum,Rasul Barrage,22-12-2017,7000,NIL
Jhelum,Rasul Barrage,23-12-2017,5000,NIL
Jhelum,Rasul Barrage,24-12-2017,5000,NIL
Jhelum,Rasul Barrage,25-12-2017,6570,NIL
Jhelum,Rasul Barrage,26-12-2017,4377,NIL
Jhelum,Rasul Barrage,27-12-2017,7651,7651
Jhelum,Rasul Barrage,28-12-2017,2513,2513
Jhelum,Rasul Barrage,29-12-2017,2513,2513
Jhelum,Rasul Barrage,30-12-2017,2513,2513
Jhelum,Rasul Barrage,31-12-2017,2266,2266
Ravi,Balloki H/W,1-01-2017,3290,3290
Ravi,Balloki H/W,2-01-2017,3180,3180
Ravi,Balloki H/W,3-01-2017,3065,3065
Ravi,Balloki H/W,4-01-2017,3065,3065
Ravi,Balloki H/W,5-01-2017,3065,3065
Ravi,Balloki H/W,6-01-2017,2945,2945
Ravi,Balloki H/W,7-01-2017,2945,2945
Ravi,Balloki H/W,8-01-2017,2945,2945
Ravi,Balloki H/W,9-01-2017,2945,2945
Ravi,Balloki H/W,10-01-2017,2945,2945
Ravi,Balloki H/W,11-01-2017,2665,2665
Ravi,Balloki H/W,12-01-2017,2665,2665
Ravi,Balloki H/W,13-01-2017,2665,2665
Ravi,Balloki H/W,14-01-2017,2665,2665
Ravi,Balloki H/W,15-01-2017,2665,2665
Ravi,Balloki H/W,16-01-2017,2665,2665
Ravi,Balloki H/W,17-01-2017,2365,2365
Ravi,Balloki H/W,18-01-2017,2365,2365
Ravi,Balloki H/W,19-01-2017,2365,2365
Ravi,Balloki H/W,20-01-2017,2365,2365
Ravi,Balloki H/W,21-01-2017,2365,2365
Ravi,Balloki H/W,22-01-2017,2365,2365
Ravi,Balloki H/W,23-01-2017,2665,2665
Ravi,Balloki H/W,24-01-2017,2665,2665
Ravi,Balloki H/W,25-01-2017,2665,2665
Ravi,Balloki H/W,26-01-2017,2970,2970
Ravi,Balloki H/W,27-01-2017,2970,2970
Ravi,Balloki H/W,28-01-2017,5095,5095
Ravi,Balloki H/W,29-01-2017,10030,10030
Ravi,Balloki H/W,30-01-2017,17360,17360
Ravi,Balloki H/W,31-01-2017,15790,15790
Ravi,Sidhnai H/W,1-01-2017,5589,NIL
Ravi,Sidhnai H/W,2-01-2017,4743,NIL
Ravi,Sidhnai H/W,3-01-2017,5700,NIL
Ravi,Sidhnai H/W,4-01-2017,5692,NIL
Ravi,Sidhnai H/W,5-01-2017,5700,NIL
Ravi,Sidhnai H/W,6-01-2017,5680,NIL
Ravi,Sidhnai H/W,7-01-2017,5683,NIL
Ravi,Sidhnai H/W,8-01-2017,5700,NIL
Ravi,Sidhnai H/W,9-01-2017,5700,NIL
Ravi,Sidhnai H/W,10-01-2017,5376,NIL
Ravi,Sidhnai H/W,11-01-2017,2644,2644
Ravi,Sidhnai H/W,12-01-2017,2770,2770
Ravi,Sidhnai H/W,13-01-2017,2770,2770
Ravi,Sidhnai H/W,14-01-2017,1844,1844
Ravi,Sidhnai H/W,15-01-2017,1844,1844
Ravi,Sidhnai H/W,16-01-2017,1844,1844
Ravi,Sidhnai H/W,17-01-2017,1844,1844
Ravi,Sidhnai H/W,18-01-2017,1844,1844
Ravi,Sidhnai H/W,19-01-2017,1247,1247
Ravi,Sidhnai H/W,20-01-2017,1247,1247
Ravi,Sidhnai H/W,21-01-2017,1247,1247
Ravi,Sidhnai H/W,22-01-2017,1247,1247
Ravi,Sidhnai H/W,23-01-2017,1247,1247
Ravi,Sidhnai H/W,24-01-2017,1247,1247
Ravi,Sidhnai H/W,25-01-2017,1247,1247
Ravi,Sidhnai H/W,26-01-2017,1247,1247
Ravi,Sidhnai H/W,27-01-2017,1247,1247
Ravi,Sidhnai H/W,28-01-2017,1247,1247
Ravi,Sidhnai H/W,29-01-2017,NIL,NIL
Ravi,Sidhnai H/W,30-01-2017,NIL,NIL
Ravi,Sidhnai H/W,31-01-2017,NIL,NIL
Ravi,Balloki H/W,1-02-2017,14210,14210
Ravi,Balloki H/W,2-02-2017,17360,17360
Ravi,Balloki H/W,3-02-2017,19730,19730
Ravi,Balloki H/W,4-02-2017,19730,19730
Ravi,Balloki H/W,5-02-2017,23100,22100
Ravi,Balloki H/W,6-02-2017,20760,16760
Ravi,Balloki H/W,7-02-2017,23100,13600
Ravi,Balloki H/W,8-02-2017,28600,13600
Ravi,Balloki H/W,9-02-2017,33180,18180
Ravi,Balloki H/W,10-02-2017,29159,12135
Ravi,Balloki H/W,11-02-2017,27325,10290
Ravi,Balloki H/W,12-02-2017,25985,13985
Ravi,Balloki H/W,13-02-2017,26489,13985
Ravi,Balloki H/W,14-02-2017,25512,12935
Ravi,Balloki H/W,15-02-2017,22545,10040
Ravi,Balloki H/W,16-02-2017,20952,8440
Ravi,Balloki H/W,17-02-2017,20143,7640
Ravi,Balloki H/W,18-02-2017,21194,7640
Ravi,Balloki H/W,19-02-2017,18740,5240
Ravi,Balloki H/W,20-02-2017,18338,4230
Ravi,Balloki H/W,21-02-2017,19680,5275
Ravi,Balloki H/W,22-02-2017,19177,4230
Ravi,Balloki H/W,23-02-2017,22724,7420
Ravi,Balloki H/W,24-02-2017,22959,7420
Ravi,Balloki H/W,25-02-2017,23432,7420
Ravi,Balloki H/W,26-02-2017,21655,5455
Ravi,Balloki H/W,27-02-2017,21655,5455
Ravi,Balloki H/W,28-02-2017,17880,1680
Ravi,Sidhnai H/W,1-02-2017,NIL,NIL
Ravi,Sidhnai H/W,2-02-2017,1983,1983
Ravi,Sidhnai H/W,3-02-2017,5629,5629
Ravi,Sidhnai H/W,4-02-2017,9197,9197
Ravi,Sidhnai H/W,5-02-2017,9518,9518
Ravi,Sidhnai H/W,6-02-2017,12679,12679
Ravi,Sidhnai H/W,7-02-2017,12993,12993
Ravi,Sidhnai H/W,8-02-2017,14307,13307
Ravi,Sidhnai H/W,9-02-2017,14036,11036
Ravi,Sidhnai H/W,10-02-2017,12761,5288
Ravi,Sidhnai H/W,11-02-2017,11044,3253
Ravi,Sidhnai H/W,12-02-2017,10678,2278
Ravi,Sidhnai H/W,13-02-2017,11006,2317
Ravi,Sidhnai H/W,14-02-2017,10495,995
Ravi,Sidhnai H/W,15-02-2017,11664,1964
Ravi,Sidhnai H/W,16-02-2017,11685,995
Ravi,Sidhnai H/W,17-02-2017,8800,NIL
Ravi,Sidhnai H/W,18-02-2017,8785,NIL
Ravi,Sidhnai H/W,19-02-2017,8000,NIL
Ravi,Sidhnai H/W,20-02-2017,9492,NIL
Ravi,Sidhnai H/W,21-02-2017,8996,NIL
Ravi,Sidhnai H/W,22-02-2017,7800,NIL
Ravi,Sidhnai H/W,23-02-2017,7800,NIL
Ravi,Sidhnai H/W,24-02-2017,9288,NIL
Ravi,Sidhnai H/W,25-02-2017,8983,NIL
Ravi,Sidhnai H/W,26-02-2017,12088,5288
Ravi,Sidhnai H/W,27-02-2017,14179,7191
Ravi,Sidhnai H/W,28-02-2017,13132,6532
Ravi,Balloki H/W,1-03-2017,19012,2800
Ravi,Balloki H/W,2-03-2017,18440,2240
Ravi,Balloki H/W,3-03-2017,20630,4130
Ravi,Balloki H/W,4-03-2017,19270,2770
Ravi,Balloki H/W,5-03-2017,17620,1120
Ravi,Balloki H/W,6-03-2017,19247,2240
Ravi,Balloki H/W,7-03-2017,17177,NIL
Ravi,Balloki H/W,8-03-2017,17689,585
Ravi,Balloki H/W,9-03-2017,18255,1155
Ravi,Balloki H/W,10-03-2017,17165,NIL
Ravi,Balloki H/W,11-03-2017,19405,2305
Ravi,Balloki H/W,12-03-2017,20560,3460
Ravi,Balloki H/W,13-03-2017,22314,5190
Ravi,Balloki H/W,14-03-2017,23378,6270
Ravi,Balloki H/W,15-03-2017,19999,2885
Ravi,Balloki H/W,16-03-2017,18836,1730
Ravi,Balloki H/W,17-03-2017,19997,2885
Ravi,Balloki H/W,18-03-2017,19991,2885
Ravi,Balloki H/W,19-03-2017,18255,1155
Ravi,Balloki H/W,20-03-2017,18258,1155
Ravi,Balloki H/W,21-03-2017,16300,NIL
Ravi,Balloki H/W,22-03-2017,13700,NIL
Ravi,Balloki H/W,23-03-2017,15900,NIL
Ravi,Balloki H/W,24-03-2017,19063,2240
Ravi,Balloki H/W,25-03-2017,17059,NIL
Ravi,Balloki H/W,26-03-2017,17050,NIL
Ravi,Balloki H/W,27-03-2017,18780,1730
Ravi,Balloki H/W,28-03-2017,19935,2885
Ravi,Balloki H/W,29-03-2017,19945,2885
Ravi,Balloki H/W,30-03-2017,20522,3460
Ravi,Balloki H/W,31-03-2017,19830,1730
Ravi,Sidhnai H/W,1-03-2017,12508,6532
Ravi,Sidhnai H/W,2-03-2017,7922,1322
Ravi,Sidhnai H/W,3-03-2017,8939,2644
Ravi,Sidhnai H/W,4-03-2017,8929,2644
Ravi,Sidhnai H/W,5-03-2017,8222,2644
Ravi,Sidhnai H/W,6-03-2017,8420,2644
Ravi,Sidhnai H/W,7-03-2017,9366,3966
Ravi,Sidhnai H/W,8-03-2017,8966,3966
Ravi,Sidhnai H/W,9-03-2017,6506,1322
Ravi,Sidhnai H/W,10-03-2017,8478,3305
Ravi,Sidhnai H/W,11-03-2017,7036,1656
Ravi,Sidhnai H/W,12-03-2017,8025,2625
Ravi,Sidhnai H/W,13-03-2017,5716,334
Ravi,Sidhnai H/W,14-03-2017,5376,NIL
Ravi,Sidhnai H/W,15-03-2017,4335,NIL
Ravi,Sidhnai H/W,16-03-2017,7968,3305
Ravi,Sidhnai H/W,17-03-2017,7805,3305
Ravi,Sidhnai H/W,18-03-2017,6130,1656
Ravi,Sidhnai H/W,19-03-2017,5034,334
Ravi,Sidhnai H/W,20-03-2017,8736,3966
Ravi,Sidhnai H/W,21-03-2017,6777,1983
Ravi,Sidhnai H/W,22-03-2017,5453,661
Ravi,Sidhnai H/W,23-03-2017,3000,NIL
Ravi,Sidhnai H/W,24-03-2017,1000,NIL
Ravi,Sidhnai H/W,25-03-2017,600,NIL
Ravi,Sidhnai H/W,26-03-2017,600,NIL
Ravi,Sidhnai H/W,27-03-2017,600,NIL
Ravi,Sidhnai H/W,28-03-2017,500,NIL
Ravi,Sidhnai H/W,29-03-2017,500,NIL
Ravi,Sidhnai H/W,30-03-2017,500,NIL
Ravi,Sidhnai H/W,31-03-2017,500,NIL
Ravi,Balloki H/W,1-04-2017,20830,1730
Ravi,Balloki H/W,2-04-2017,20630,1730
Ravi,Balloki H/W,3-04-2017,21205,2305
Ravi,Balloki H/W,4-04-2017,21793,2885
Ravi,Balloki H/W,5-04-2017,21944,2885
Ravi,Balloki H/W,6-04-2017,24030,5115
Ravi,Balloki H/W,7-04-2017,24370,5970
Ravi,Balloki H/W,8-04-2017,23515,5115
Ravi,Balloki H/W,9-04-2017,24370,5970
Ravi,Balloki H/W,10-04-2017,24366,5970
Ravi,Balloki H/W,11-04-2017,25788,4265
Ravi,Balloki H/W,12-04-2017,25674,4265
Ravi,Balloki H/W,13-04-2017,26630,5115
Ravi,Balloki H/W,14-04-2017,28529,6820
Ravi,Balloki H/W,15-04-2017,28584,6820
Ravi,Balloki H/W,16-04-2017,28820,6820
Ravi,Balloki H/W,17-04-2017,28820,6820
Ravi,Balloki H/W,18-04-2017,29565,4265
Ravi,Balloki H/W,19-04-2017,29665,4265
Ravi,Balloki H/W,20-04-2017,29824,4265
Ravi,Balloki H/W,21-04-2017,30915,5115
Ravi,Balloki H/W,22-04-2017,31870,5970
Ravi,Balloki H/W,23-04-2017,34720,8820
Ravi,Balloki H/W,24-04-2017,33435,8525
Ravi,Balloki H/W,25-04-2017,34527,6820
Ravi,Balloki H/W,26-04-2017,36527,7625
Ravi,Balloki H/W,27-04-2017,36546,7625
Ravi,Balloki H/W,28-04-2017,37430,8530
Ravi,Balloki H/W,29-04-2017,37630,8530
Ravi,Balloki H/W,30-04-2017,35070,5970
Ravi,Sidhnai H/W,1-04-2017,600,NIL
Ravi,Sidhnai H/W,2-04-2017,1200,NIL
Ravi,Sidhnai H/W,3-04-2017,3000,NIL
Ravi,Sidhnai H/W,4-04-2017,4013,NIL
Ravi,Sidhnai H/W,5-04-2017,4050,NIL
Ravi,Sidhnai H/W,6-04-2017,4321,NIL
Ravi,Sidhnai H/W,7-04-2017,5048,661
Ravi,Sidhnai H/W,8-04-2017,6358,1983
Ravi,Sidhnai H/W,9-04-2017,7044,2644
Ravi,Sidhnai H/W,10-04-2017,7018,2644
Ravi,Sidhnai H/W,11-04-2017,8945,4627
Ravi,Sidhnai H/W,12-04-2017,7630,3305
Ravi,Sidhnai H/W,13-04-2017,8957,4627
Ravi,Sidhnai H/W,14-04-2017,11180,6610
Ravi,Sidhnai H/W,15-04-2017,9407,4627
Ravi,Sidhnai H/W,16-04-2017,7102,1322
Ravi,Sidhnai H/W,17-04-2017,8800,2644
Ravi,Sidhnai H/W,18-04-2017,8610,2644
Ravi,Sidhnai H/W,19-04-2017,8822,1322
Ravi,Sidhnai H/W,20-04-2017,9717,1656
Ravi,Sidhnai H/W,21-04-2017,9000,NIL
Ravi,Sidhnai H/W,22-04-2017,9793,NIL
Ravi,Sidhnai H/W,23-04-2017,9550,NIL
Ravi,Sidhnai H/W,24-04-2017,9841,NIL
Ravi,Sidhnai H/W,25-04-2017,13182,3305
Ravi,Sidhnai H/W,26-04-2017,13584,3305
Ravi,Sidhnai H/W,27-04-2017,14005,3305
Ravi,Sidhnai H/W,28-04-2017,12869,1983
Ravi,Sidhnai H/W,29-04-2017,11552,661
Ravi,Sidhnai H/W,30-04-2017,11561,661
Ravi,Balloki H/W,1-05-2017,35070,5970
Ravi,Balloki H/W,2-05-2017,32510,3410
Ravi,Balloki H/W,3-05-2017,32818,3410
Ravi,Balloki H/W,4-05-2017,32859,3410
Ravi,Balloki H/W,5-05-2017,33144,3410
Ravi,Balloki H/W,6-05-2017,32700,2560
Ravi,Balloki H/W,7-05-2017,31730,1730
Ravi,Balloki H/W,8-05-2017,31730,1730
Ravi,Balloki H/W,9-05-2017,32385,2885
Ravi,Balloki H/W,10-05-2017,32463,2885
Ravi,Balloki H/W,11-05-2017,32393,2885
Ravi,Balloki H/W,12-05-2017,32969,2885
Ravi,Balloki H/W,13-05-2017,32890,2885
Ravi,Balloki H/W,14-05-2017,33460,3460
Ravi,Balloki H/W,15-05-2017,34891,4615
Ravi,Balloki H/W,16-05-2017,35190,2970
Ravi,Balloki H/W,17-05-2017,38380,6145
Ravi,Balloki H/W,18-05-2017,38357,6145
Ravi,Balloki H/W,19-05-2017,38371,6145
Ravi,Balloki H/W,20-05-2017,38423,6145
Ravi,Balloki H/W,21-05-2017,38045,6145
Ravi,Balloki H/W,22-05-2017,38069,6145
Ravi,Balloki H/W,23-05-2017,38040,6145
Ravi,Balloki H/W,24-05-2017,38833,7020
Ravi,Balloki H/W,25-05-2017,37803,6145
Ravi,Balloki H/W,26-05-2017,37960,6145
Ravi,Balloki H/W,27-05-2017,38015,6145
Ravi,Balloki H/W,28-05-2017,38345,6145
Ravi,Balloki H/W,29-05-2017,38345,6145
Ravi,Balloki H/W,30-05-2017,38565,5265
Ravi,Balloki H/W,31-05-2017,38565,5265
Ravi,Sidhnai H/W,1-05-2017,11300,NIL
Ravi,Sidhnai H/W,2-05-2017,12830,661
Ravi,Sidhnai H/W,3-05-2017,12433,NIL
Ravi,Sidhnai H/W,4-05-2017,12805,661
Ravi,Sidhnai H/W,5-05-2017,11450,NIL
Ravi,Sidhnai H/W,6-05-2017,11709,NIL
Ravi,Sidhnai H/W,7-05-2017,12050,NIL
Ravi,Sidhnai H/W,8-05-2017,12136,NIL
Ravi,Sidhnai H/W,9-05-2017,12126,NIL
Ravi,Sidhnai H/W,10-05-2017,11361,NIL
Ravi,Sidhnai H/W,11-05-2017,11776,NIL
Ravi,Sidhnai H/W,12-05-2017,13050,NIL
Ravi,Sidhnai H/W,13-05-2017,13340,NIL
Ravi,Sidhnai H/W,14-05-2017,13650,NIL
Ravi,Sidhnai H/W,15-05-2017,13730,NIL
Ravi,Sidhnai H/W,16-05-2017,13850,NIL
Ravi,Sidhnai H/W,17-05-2017,14937,995
Ravi,Sidhnai H/W,18-05-2017,14584,334
Ravi,Sidhnai H/W,19-05-2017,15026,995
Ravi,Sidhnai H/W,20-05-2017,15013,995
Ravi,Sidhnai H/W,21-05-2017,14945,995
Ravi,Sidhnai H/W,22-05-2017,15512,1983
Ravi,Sidhnai H/W,23-05-2017,15266,1322
Ravi,Sidhnai H/W,24-05-2017,15335,1322
Ravi,Sidhnai H/W,25-05-2017,15447,1322
Ravi,Sidhnai H/W,26-05-2017,15365,1322
Ravi,Sidhnai H/W,27-05-2017,15187,1322
Ravi,Sidhnai H/W,28-05-2017,15170,1322
Ravi,Sidhnai H/W,29-05-2017,15237,1322
Ravi,Sidhnai H/W,30-05-2017,15231,1322
Ravi,Sidhnai H/W,31-05-2017,15497,1322
Ravi,Balloki H/W,1-06-2017,38565,5265
Ravi,Balloki H/W,2-06-2017,38591,5265
Ravi,Balloki H/W,3-06-2017,38580,6145
Ravi,Balloki H/W,4-06-2017,37665,5265
Ravi,Balloki H/W,5-06-2017,37783,5265
Ravi,Balloki H/W,6-06-2017,37687,5265
Ravi,Balloki H/W,7-06-2017,39420,7020
Ravi,Balloki H/W,8-06-2017,38571,6145
Ravi,Balloki H/W,9-06-2017,39426,7020
Ravi,Balloki H/W,10-06-2017,40481,7900
Ravi,Balloki H/W,11-06-2017,38545,6145
Ravi,Balloki H/W,12-06-2017,38620,7020
Ravi,Balloki H/W,13-06-2017,36705,5205
Ravi,Balloki H/W,14-06-2017,30099,NIL
Ravi,Balloki H/W,15-06-2017,31813,NIL
Ravi,Balloki H/W,16-06-2017,33438,1780
Ravi,Balloki H/W,17-06-2017,34785,2970
Ravi,Balloki H/W,18-06-2017,35365,3565
Ravi,Balloki H/W,19-06-2017,37065,5265
Ravi,Balloki H/W,20-06-2017,37098,5265
Ravi,Balloki H/W,21-06-2017,40685,10385
Ravi,Balloki H/W,22-06-2017,40530,9230
Ravi,Balloki H/W,23-06-2017,40600,9230
Ravi,Balloki H/W,24-06-2017,40547,9230
Ravi,Balloki H/W,25-06-2017,39375,8075
Ravi,Balloki H/W,26-06-2017,38220,6920
Ravi,Balloki H/W,27-06-2017,37070,5770
Ravi,Balloki H/W,28-06-2017,36970,5770
Ravi,Balloki H/W,29-06-2017,32275,3075
Ravi,Balloki H/W,30-06-2017,39075,8075
Ravi,Sidhnai H/W,1-06-2017,15636,1322
Ravi,Sidhnai H/W,2-06-2017,15205,995
Ravi,Sidhnai H/W,3-06-2017,15586,995
Ravi,Sidhnai H/W,4-06-2017,14800,NIL
Ravi,Sidhnai H/W,5-06-2017,14773,NIL
Ravi,Sidhnai H/W,6-06-2017,14892,NIL
Ravi,Sidhnai H/W,7-06-2017,16272,1322
Ravi,Sidhnai H/W,8-06-2017,15026,NIL
Ravi,Sidhnai H/W,9-06-2017,15845,995
Ravi,Sidhnai H/W,10-06-2017,15798,995
Ravi,Sidhnai H/W,11-06-2017,17094,2644
Ravi,Sidhnai H/W,12-06-2017,17175,2644
Ravi,Sidhnai H/W,13-06-2017,17179,2644
Ravi,Sidhnai H/W,14-06-2017,17094,2644
Ravi,Sidhnai H/W,15-06-2017,16525,1983
Ravi,Sidhnai H/W,16-06-2017,16833,1983
Ravi,Sidhnai H/W,17-06-2017,14740,NIL
Ravi,Sidhnai H/W,18-06-2017,14500,NIL
Ravi,Sidhnai H/W,19-06-2017,14490,NIL
Ravi,Sidhnai H/W,20-06-2017,14707,NIL
Ravi,Sidhnai H/W,21-06-2017,15623,2644
Ravi,Sidhnai H/W,22-06-2017,15996,8515
Ravi,Sidhnai H/W,23-06-2017,13166,3966
Ravi,Sidhnai H/W,24-06-2017,13152,3966
Ravi,Sidhnai H/W,25-06-2017,13866,3966
Ravi,Sidhnai H/W,26-06-2017,13266,3966
Ravi,Sidhnai H/W,27-06-2017,13727,4627
Ravi,Sidhnai H/W,28-06-2017,14088,5288
Ravi,Sidhnai H/W,29-06-2017,14541,7245
Ravi,Sidhnai H/W,30-06-2017,14322,5622
Ravi,Balloki H/W,1-07-2017,40230,9230
Ravi,Balloki H/W,2-07-2017,39675,8075
Ravi,Balloki H/W,3-07-2017,39872,8075
Ravi,Balloki H/W,4-07-2017,40287,8075
Ravi,Balloki H/W,5-07-2017,41434,9230
Ravi,Balloki H/W,6-07-2017,40379,8075
Ravi,Balloki H/W,7-07-2017,40275,8075
Ravi,Balloki H/W,8-07-2017,40150,16150
Ravi,Balloki H/W,9-07-2017,40335,11535
Ravi,Balloki H/W,10-07-2017,38091,5770
Ravi,Balloki H/W,11-07-2017,37986,5770
Ravi,Balloki H/W,12-07-2017,37970,5770
Ravi,Balloki H/W,13-07-2017,38075,8075
Ravi,Balloki H/W,14-07-2017,42480,10385
Ravi,Balloki H/W,15-07-2017,47311,15000
Ravi,Balloki H/W,16-07-2017,50755,18455
Ravi,Balloki H/W,17-07-2017,48546,16150
Ravi,Balloki H/W,18-07-2017,42970,10870
Ravi,Balloki H/W,19-07-2017,42875,11175
Ravi,Balloki H/W,20-07-2017,44426,12690
Ravi,Balloki H/W,21-07-2017,48270,16570
Ravi,Balloki H/W,22-07-2017,46565,14765
Ravi,Balloki H/W,23-07-2017,42995,11195
Ravi,Balloki H/W,24-07-2017,43108,11195
Ravi,Balloki H/W,25-07-2017,43260,11195
Ravi,Balloki H/W,26-07-2017,41707,9390
Ravi,Balloki H/W,27-07-2017,41742,9390
Ravi,Balloki H/W,28-07-2017,42090,9390
Ravi,Balloki H/W,29-07-2017,42990,10290
Ravi,Balloki H/W,30-07-2017,42090,9390
Ravi,Balloki H/W,31-07-2017,42090,9390
Ravi,Sidhnai H/W,1-07-2017,14038,2644
Ravi,Sidhnai H/W,2-07-2017,15044,2644
Ravi,Sidhnai H/W,3-07-2017,17020,4627
Ravi,Sidhnai H/W,4-07-2017,12315,NIL
Ravi,Sidhnai H/W,5-07-2017,15162,1983
Ravi,Sidhnai H/W,6-07-2017,17175,3639
Ravi,Sidhnai H/W,7-07-2017,16739,3639
Ravi,Sidhnai H/W,8-07-2017,17230,3639
Ravi,Sidhnai H/W,9-07-2017,17239,3639
Ravi,Sidhnai H/W,10-07-2017,17416,3639
Ravi,Sidhnai H/W,11-07-2017,17920,3639
Ravi,Sidhnai H/W,12-07-2017,15817,1322
Ravi,Sidhnai H/W,13-07-2017,15622,1322
Ravi,Sidhnai H/W,14-07-2017,16840,2644
Ravi,Sidhnai H/W,15-07-2017,16577,1983
Ravi,Sidhnai H/W,16-07-2017,17444,2644
Ravi,Sidhnai H/W,17-07-2017,19184,4300
Ravi,Sidhnai H/W,18-07-2017,21965,7880
Ravi,Sidhnai H/W,19-07-2017,24076,11376
Ravi,Sidhnai H/W,20-07-2017,23739,11376
Ravi,Sidhnai H/W,21-07-2017,21398,8215
Ravi,Sidhnai H/W,22-07-2017,20693,6893
Ravi,Sidhnai H/W,23-07-2017,20777,6893
Ravi,Sidhnai H/W,24-07-2017,23455,9105
Ravi,Sidhnai H/W,25-07-2017,24284,9499
Ravi,Sidhnai H/W,26-07-2017,21075,5892
Ravi,Sidhnai H/W,27-07-2017,19814,4627
Ravi,Sidhnai H/W,28-07-2017,18505,3305
Ravi,Sidhnai H/W,29-07-2017,17538,2317
Ravi,Sidhnai H/W,30-07-2017,17417,2317
Ravi,Sidhnai H/W,31-07-2017,17417,2317
Ravi,Balloki H/W,1-08-2017,43090,10290
Ravi,Balloki H/W,2-08-2017,46700,13900
Ravi,Balloki H/W,3-08-2017,53132,20330
Ravi,Balloki H/W,4-08-2017,68267,35345
Ravi,Balloki H/W,5-08-2017,62592,29660
Ravi,Balloki H/W,6-08-2017,51990,19090
Ravi,Balloki H/W,7-08-2017,50185,17285
Ravi,Balloki H/W,8-08-2017,54360,21360
Ravi,Balloki H/W,9-08-2017,60308,27290
Ravi,Balloki H/W,10-08-2017,61530,28480
Ravi,Balloki H/W,11-08-2017,65787,32680
Ravi,Balloki H/W,12-08-2017,65890,36790
Ravi,Balloki H/W,13-08-2017,63515,34415
Ravi,Balloki H/W,14-08-2017,55301,26101
Ravi,Balloki H/W,15-08-2017,53620,24920
Ravi,Balloki H/W,16-08-2017,52467,23735
Ravi,Balloki H/W,17-08-2017,53190,20175
Ravi,Balloki H/W,18-08-2017,52063,18990
Ravi,Balloki H/W,19-08-2017,48815,15765
Ravi,Balloki H/W,20-08-2017,47525,14275
Ravi,Balloki H/W,21-08-2017,44783,11355
Ravi,Balloki H/W,22-08-2017,43964,10745
Ravi,Balloki H/W,23-08-2017,42691,9525
Ravi,Balloki H/W,24-08-2017,41496,8305
Ravi,Balloki H/W,25-08-2017,42675,9525
Ravi,Balloki H/W,26-08-2017,44165,11015
Ravi,Balloki H/W,27-08-2017,49860,16610
Ravi,Balloki H/W,28-08-2017,51047,17800
Ravi,Balloki H/W,29-08-2017,44307,11015
Ravi,Balloki H/W,30-08-2017,44265,11015
Ravi,Balloki H/W,31-08-2017,44265,11015
Ravi,Sidhnai H/W,1-08-2017,17510,2317
Ravi,Sidhnai H/W,2-08-2017,17817,2317
Ravi,Sidhnai H/W,3-08-2017,17798,2317
Ravi,Sidhnai H/W,4-08-2017,18144,2644
Ravi,Sidhnai H/W,5-08-2017,20119,4627
Ravi,Sidhnai H/W,6-08-2017,24878,9478
Ravi,Sidhnai H/W,7-08-2017,29402,14172
Ravi,Sidhnai H/W,8-08-2017,31947,16667
Ravi,Sidhnai H/W,9-08-2017,29181,13881
Ravi,Sidhnai H/W,10-08-2017,25097,9785
Ravi,Sidhnai H/W,11-08-2017,25135,9785
Ravi,Sidhnai H/W,12-08-2017,28651,13314
Ravi,Sidhnai H/W,13-08-2017,28664,13314
Ravi,Sidhnai H/W,14-08-2017,28907,13607
Ravi,Sidhnai H/W,15-08-2017,29753,14414
Ravi,Sidhnai H/W,16-08-2017,29805,14414
Ravi,Sidhnai H/W,17-08-2017,29864,14414
Ravi,Sidhnai H/W,18-08-2017,29577,14091
Ravi,Sidhnai H/W,19-08-2017,29772,14091
Ravi,Sidhnai H/W,20-08-2017,25904,10454
Ravi,Sidhnai H/W,21-08-2017,23811,8396
Ravi,Sidhnai H/W,22-08-2017,20461,4961
Ravi,Sidhnai H/W,23-08-2017,16040,661
Ravi,Sidhnai H/W,24-08-2017,19361,3966
Ravi,Sidhnai H/W,25-08-2017,19466,3966
Ravi,Sidhnai H/W,26-08-2017,19253,3966
Ravi,Sidhnai H/W,27-08-2017,19927,4627
Ravi,Sidhnai H/W,28-08-2017,21243,5949
Ravi,Sidhnai H/W,29-08-2017,21560,6610
Ravi,Sidhnai H/W,30-08-2017,21632,6610
Ravi,Sidhnai H/W,31-08-2017,20029,5629
Ravi,Balloki H/W,1-09-2017,44125,14625
Ravi,Balloki H/W,2-09-2017,43220,13720
Ravi,Balloki H/W,3-09-2017,43220,13720
Ravi,Balloki H/W,4-09-2017,45225,14625
Ravi,Balloki H/W,5-09-2017,48042,16430
Ravi,Balloki H/W,6-09-2017,47172,15530
Ravi,Balloki H/W,7-09-2017,46729,13720
Ravi,Balloki H/W,8-09-2017,43945,10745
Ravi,Balloki H/W,9-09-2017,43945,10745
Ravi,Balloki H/W,10-09-2017,42725,9525
Ravi,Balloki H/W,11-09-2017,39088,5935
Ravi,Balloki H/W,12-09-2017,35067,1830
Ravi,Balloki H/W,13-09-2017,34902,1830
Ravi,Balloki H/W,14-09-2017,40220,7120
Ravi,Balloki H/W,15-09-2017,33142,NIL
Ravi,Balloki H/W,16-09-2017,29020,NIL
Ravi,Balloki H/W,17-09-2017,27000,NIL
Ravi,Balloki H/W,18-09-2017,26000,NIL
Ravi,Balloki H/W,19-09-2017,23500,NIL
Ravi,Balloki H/W,20-09-2017,23524,NIL
Ravi,Balloki H/W,21-09-2017,23553,NIL
Ravi,Balloki H/W,22-09-2017,22004,NIL
Ravi,Balloki H/W,23-09-2017,22056,NIL
Ravi,Balloki H/W,24-09-2017,22600,NIL
Ravi,Balloki H/W,25-09-2017,22025,NIL
Ravi,Balloki H/W,26-09-2017,22036,NIL
Ravi,Balloki H/W,27-09-2017,22616,NIL
Ravi,Balloki H/W,28-09-2017,22103,NIL
Ravi,Balloki H/W,29-09-2017,22520,NIL
Ravi,Balloki H/W,30-09-2017,22000,NIL
Ravi,Sidhnai H/W,1-09-2017,17960,6610
Ravi,Sidhnai H/W,2-09-2017,19060,6610
Ravi,Sidhnai H/W,3-09-2017,19860,6610
Ravi,Sidhnai H/W,4-09-2017,20660,6610
Ravi,Sidhnai H/W,5-09-2017,21552,6610
Ravi,Sidhnai H/W,6-09-2017,22205,7271
Ravi,Sidhnai H/W,7-09-2017,21921,7271
Ravi,Sidhnai H/W,8-09-2017,23269,8536
Ravi,Sidhnai H/W,9-09-2017,23265,8536
Ravi,Sidhnai H/W,10-09-2017,20599,5949
Ravi,Sidhnai H/W,11-09-2017,18672,3966
Ravi,Sidhnai H/W,12-09-2017,18797,3966
Ravi,Sidhnai H/W,13-09-2017,16222,1322
Ravi,Sidhnai H/W,14-09-2017,16207,1322
Ravi,Sidhnai H/W,15-09-2017,15050,NIL
Ravi,Sidhnai H/W,16-09-2017,15034,NIL
Ravi,Sidhnai H/W,17-09-2017,15911,661
Ravi,Sidhnai H/W,18-09-2017,15896,661
Ravi,Sidhnai H/W,19-09-2017,15231,NIL
Ravi,Sidhnai H/W,20-09-2017,13558,NIL
Ravi,Sidhnai H/W,21-09-2017,13480,NIL
Ravi,Sidhnai H/W,22-09-2017,14000,NIL
Ravi,Sidhnai H/W,23-09-2017,14388,NIL
Ravi,Sidhnai H/W,24-09-2017,14000,NIL
Ravi,Sidhnai H/W,25-09-2017,14400,NIL
Ravi,Sidhnai H/W,26-09-2017,14082,NIL
Ravi,Sidhnai H/W,27-09-2017,14188,NIL
Ravi,Sidhnai H/W,28-09-2017,14825,NIL
Ravi,Sidhnai H/W,29-09-2017,15000,NIL
Ravi,Sidhnai H/W,30-09-2017,15000,NIL
Ravi,Balloki H/W,1-10-2017,21000,NIL
Ravi,Balloki H/W,2-10-2017,20000,NIL
Ravi,Balloki H/W,3-10-2017,20000,NIL
Ravi,Balloki H/W,4-10-2017,20000,NIL
Ravi,Balloki H/W,5-10-2017,20000,NIL
Ravi,Balloki H/W,6-10-2017,20000,NIL
Ravi,Balloki H/W,7-10-2017,20000,NIL
Ravi,Balloki H/W,8-10-2017,20000,NIL
Ravi,Balloki H/W,9-10-2017,20000,NIL
Ravi,Balloki H/W,10-10-2017,20000,NIL
Ravi,Balloki H/W,11-10-2017,19000,NIL
Ravi,Balloki H/W,12-10-2017,18000,NIL
Ravi,Balloki H/W,13-10-2017,18000,NIL
Ravi,Balloki H/W,14-10-2017,18500,NIL
Ravi,Balloki H/W,15-10-2017,18000,NIL
Ravi,Balloki H/W,16-10-2017,18000,NIL
Ravi,Balloki H/W,17-10-2017,18000,NIL
Ravi,Balloki H/W,18-10-2017,16000,NIL
Ravi,Balloki H/W,19-10-2017,15500,NIL
Ravi,Balloki H/W,20-10-2017,15500,NIL
Ravi,Balloki H/W,21-10-2017,11500,NIL
Ravi,Balloki H/W,22-10-2017,12000,NIL
Ravi,Balloki H/W,23-10-2017,16185,4185
Ravi,Balloki H/W,24-10-2017,15500,NIL
Ravi,Balloki H/W,25-10-2017,15500,NIL
Ravi,Balloki H/W,26-10-2017,14500,NIL
Ravi,Balloki H/W,27-10-2017,12000,NIL
Ravi,Balloki H/W,28-10-2017,11000,NIL
Ravi,Balloki H/W,29-10-2017,11000,NIL
Ravi,Balloki H/W,30-10-2017,17545,5545
Ravi,Balloki H/W,31-10-2017,16985,4985
Ravi,Sidhnai H/W,1-10-2017,15000,NIL
Ravi,Sidhnai H/W,2-10-2017,15000,NIL
Ravi,Sidhnai H/W,3-10-2017,15000,NIL
Ravi,Sidhnai H/W,4-10-2017,15000,NIL
Ravi,Sidhnai H/W,5-10-2017,14500,NIL
Ravi,Sidhnai H/W,6-10-2017,14500,NIL
Ravi,Sidhnai H/W,7-10-2017,14000,NIL
Ravi,Sidhnai H/W,8-10-2017,14000,NIL
Ravi,Sidhnai H/W,9-10-2017,14350,NIL
Ravi,Sidhnai H/W,10-10-2017,14350,NIL
Ravi,Sidhnai H/W,11-10-2017,14000,NIL
Ravi,Sidhnai H/W,12-10-2017,14200,NIL
Ravi,Sidhnai H/W,13-10-2017,14200,NIL
Ravi,Sidhnai H/W,14-10-2017,13200,NIL
Ravi,Sidhnai H/W,15-10-2017,12500,NIL
Ravi,Sidhnai H/W,16-10-2017,6661,661
Ravi,Sidhnai H/W,17-10-2017,8978,2978
Ravi,Sidhnai H/W,18-10-2017,8978,2978
Ravi,Sidhnai H/W,19-10-2017,6995,995
Ravi,Sidhnai H/W,20-10-2017,6000,NIL
Ravi,Sidhnai H/W,21-10-2017,7252,7252
Ravi,Sidhnai H/W,22-10-2017,2994,2994
Ravi,Sidhnai H/W,23-10-2017,661,661
Ravi,Sidhnai H/W,24-10-2017,661,661
Ravi,Sidhnai H/W,25-10-2017,334,334
Ravi,Sidhnai H/W,26-10-2017,334,334
Ravi,Sidhnai H/W,27-10-2017,334,334
Ravi,Sidhnai H/W,28-10-2017,334,334
Ravi,Sidhnai H/W,29-10-2017,334,334
Ravi,Sidhnai H/W,30-10-2017,334,334
Ravi,Sidhnai H/W,31-10-2017,334,334
Ravi,Balloki H/W,1-11-2017,15000,NIL
Ravi,Balloki H/W,2-11-2017,17500,NIL
Ravi,Balloki H/W,3-11-2017,16500,NIL
Ravi,Balloki H/W,4-11-2017,17410,3410
Ravi,Balloki H/W,5-11-2017,18475,4475
Ravi,Balloki H/W,6-11-2017,18475,4475
Ravi,Balloki H/W,7-11-2017,18475,4475
Ravi,Balloki H/W,8-11-2017,18475,4475
Ravi,Balloki H/W,9-11-2017,18475,4475
Ravi,Balloki H/W,10-11-2017,18475,4475
Ravi,Balloki H/W,11-11-2017,18060,2560
Ravi,Balloki H/W,12-11-2017,18060,2560
Ravi,Balloki H/W,13-11-2017,15500,NIL
Ravi,Balloki H/W,14-11-2017,15500,NIL
Ravi,Balloki H/W,15-11-2017,15500,NIL
Ravi,Balloki H/W,16-11-2017,15500,NIL
Ravi,Balloki H/W,17-11-2017,15500,NIL
Ravi,Balloki H/W,18-11-2017,15500,NIL
Ravi,Balloki H/W,19-11-2017,15300,NIL
Ravi,Balloki H/W,20-11-2017,15300,NIL
Ravi,Balloki H/W,21-11-2017,15500,NIL
Ravi,Balloki H/W,22-11-2017,15500,NIL
Ravi,Balloki H/W,23-11-2017,15300,NIL
Ravi,Balloki H/W,24-11-2017,15300,NIL
Ravi,Balloki H/W,25-11-2017,13400,NIL
Ravi,Balloki H/W,26-11-2017,12900,NIL
Ravi,Balloki H/W,27-11-2017,14400,NIL
Ravi,Balloki H/W,28-11-2017,14900,NIL
Ravi,Balloki H/W,29-11-2017,14900,NIL
Ravi,Balloki H/W,30-11-2017,14500,NIL
Ravi,Sidhnai H/W,1-11-2017,467,NIL
Ravi,Sidhnai H/W,2-11-2017,467,NIL
Ravi,Sidhnai H/W,3-11-2017,467,661
Ravi,Sidhnai H/W,4-11-2017,467,2978
Ravi,Sidhnai H/W,5-11-2017,467,1983
Ravi,Sidhnai H/W,6-11-2017,467,661
Ravi,Sidhnai H/W,7-11-2017,467,NIL
Ravi,Sidhnai H/W,8-11-2017,467,661
Ravi,Sidhnai H/W,9-11-2017,467,NIL
Ravi,Sidhnai H/W,10-11-2017,467,NIL
Ravi,Sidhnai H/W,11-11-2017,10000,NIL
Ravi,Sidhnai H/W,12-11-2017,12000,NIL
Ravi,Sidhnai H/W,13-11-2017,12861,661
Ravi,Sidhnai H/W,14-11-2017,12761,661
Ravi,Sidhnai H/W,15-11-2017,12761,661
Ravi,Sidhnai H/W,16-11-2017,12350,NIL
Ravi,Sidhnai H/W,17-11-2017,12150,NIL
Ravi,Sidhnai H/W,18-11-2017,12072,1322
Ravi,Sidhnai H/W,19-11-2017,12611,661
Ravi,Sidhnai H/W,20-11-2017,12111,661
Ravi,Sidhnai H/W,21-11-2017,10000,NIL
Ravi,Sidhnai H/W,22-11-2017,10500,NIL
Ravi,Sidhnai H/W,23-11-2017,9050,NIL
Ravi,Sidhnai H/W,24-11-2017,8000,NIL
Ravi,Sidhnai H/W,25-11-2017,8200,NIL
Ravi,Sidhnai H/W,26-11-2017,8105,3305
Ravi,Sidhnai H/W,27-11-2017,8205,3305
Ravi,Sidhnai H/W,28-11-2017,8205,3305
Ravi,Sidhnai H/W,29-11-2017,8205,3305
Ravi,Sidhnai H/W,30-11-2017,8205,3305
Ravi,Balloki H/W,1-12-2017,15000,NIL
Ravi,Balloki H/W,2-12-2017,15000,NIL
Ravi,Balloki H/W,3-12-2017,15000,NIL
Ravi,Balloki H/W,4-12-2017,14000,NIL
Ravi,Balloki H/W,5-12-2017,14000,NIL
Ravi,Balloki H/W,6-12-2017,14000,NIL
Ravi,Balloki H/W,7-12-2017,14000,NIL
Ravi,Balloki H/W,8-12-2017,14000,NIL
Ravi,Balloki H/W,9-12-2017,14000,NIL
Ravi,Balloki H/W,10-12-2017,14000,NIL
Ravi,Balloki H/W,11-12-2017,12000,NIL
Ravi,Balloki H/W,12-12-2017,12585,585
Ravi,Balloki H/W,13-12-2017,13310,2310
Ravi,Balloki H/W,14-12-2017,16970,5970
Ravi,Balloki H/W,15-12-2017,23340,12340
Ravi,Balloki H/W,16-12-2017,23340,12340
Ravi,Balloki H/W,17-12-2017,14705,3405
Ravi,Balloki H/W,18-12-2017,13310,2310
Ravi,Balloki H/W,19-12-2017,13810,2310
Ravi,Balloki H/W,20-12-2017,13155,1155
Ravi,Balloki H/W,21-12-2017,13155,1155
Ravi,Balloki H/W,22-12-2017,12000,NIL
Ravi,Balloki H/W,23-12-2017,11000,NIL
Ravi,Balloki H/W,24-12-2017,8000,NIL
Ravi,Balloki H/W,25-12-2017,6000,NIL
Ravi,Balloki H/W,26-12-2017,5000,NIL
Ravi,Balloki H/W,27-12-2017,4000,NIL
Ravi,Balloki H/W,28-12-2017,3500,NIL
Ravi,Balloki H/W,29-12-2017,3580,3580
Ravi,Balloki H/W,30-12-2017,2960,2960
Ravi,Balloki H/W,31-12-2017,3005,3005
Ravi,Sidhnai H/W,1-12-2017,8205,3305
Ravi,Sidhnai H/W,2-12-2017,8205,3305
Ravi,Sidhnai H/W,3-12-2017,8205,3305
Ravi,Sidhnai H/W,4-12-2017,5561,661
Ravi,Sidhnai H/W,5-12-2017,4900,NIL
Ravi,Sidhnai H/W,6-12-2017,4900,NIL
Ravi,Sidhnai H/W,7-12-2017,5561,661
Ravi,Sidhnai H/W,8-12-2017,5234,334
Ravi,Sidhnai H/W,9-12-2017,5234,334
Ravi,Sidhnai H/W,10-12-2017,4900,NIL
Ravi,Sidhnai H/W,11-12-2017,4100,NIL
Ravi,Sidhnai H/W,12-12-2017,3522,1322
Ravi,Sidhnai H/W,13-12-2017,2500,NIL
Ravi,Sidhnai H/W,14-12-2017,2500,NIL
Ravi,Sidhnai H/W,15-12-2017,3000,NIL
Ravi,Sidhnai H/W,16-12-2017,2800,NIL
Ravi,Sidhnai H/W,17-12-2017,4700,NIL
Ravi,Sidhnai H/W,18-12-2017,7405,3305
Ravi,Sidhnai H/W,19-12-2017,6083,1983
Ravi,Sidhnai H/W,20-12-2017,4761,661
Ravi,Sidhnai H/W,21-12-2017,4761,661
Ravi,Sidhnai H/W,22-12-2017,4761,661
Ravi,Sidhnai H/W,23-12-2017,4761,661
Ravi,Sidhnai H/W,24-12-2017,4100,NIL
Ravi,Sidhnai H/W,25-12-2017,4761,661
Ravi,Sidhnai H/W,26-12-2017,4761,661
Ravi,Sidhnai H/W,27-12-2017,4100,NIL
Ravi,Sidhnai H/W,28-12-2017,3100,NIL
Ravi,Sidhnai H/W,29-12-2017,3100,NIL
Ravi,Sidhnai H/W,30-12-2017,3400,NIL
Ravi,Sidhnai H/W,31-12-2017,4100,NIL
Sutlej,Suleimanki H/W,1-01-2017,1083,1083
Sutlej,Suleimanki H/W,2-01-2017,1083,1083
Sutlej,Suleimanki H/W,3-01-2017,1083,1083
Sutlej,Suleimanki H/W,4-01-2017,1083,1083
Sutlej,Suleimanki H/W,5-01-2017,1083,1083
Sutlej,Suleimanki H/W,6-01-2017,513,513
Sutlej,Suleimanki H/W,7-01-2017,513,513
Sutlej,Suleimanki H/W,8-01-2017,513,513
Sutlej,Suleimanki H/W,9-01-2017,513,513
Sutlej,Suleimanki H/W,10-01-2017,513,513
Sutlej,Suleimanki H/W,11-01-2017,513,513
Sutlej,Suleimanki H/W,12-01-2017,513,513
Sutlej,Suleimanki H/W,13-01-2017,513,513
Sutlej,Suleimanki H/W,14-01-2017,513,513
Sutlej,Suleimanki H/W,15-01-2017,513,513
Sutlej,Suleimanki H/W,16-01-2017,513,513
Sutlej,Suleimanki H/W,17-01-2017,513,513
Sutlej,Suleimanki H/W,18-01-2017,513,513
Sutlej,Suleimanki H/W,19-01-2017,513,513
Sutlej,Suleimanki H/W,20-01-2017,513,513
Sutlej,Suleimanki H/W,21-01-2017,513,513
Sutlej,Suleimanki H/W,22-01-2017,513,513
Sutlej,Suleimanki H/W,23-01-2017,513,513
Sutlej,Suleimanki H/W,24-01-2017,513,513
Sutlej,Suleimanki H/W,25-01-2017,513,513
Sutlej,Suleimanki H/W,26-01-2017,513,513
Sutlej,Suleimanki H/W,27-01-2017,513,513
Sutlej,Suleimanki H/W,28-01-2017,513,513
Sutlej,Suleimanki H/W,29-01-2017,513,513
Sutlej,Suleimanki H/W,30-01-2017,513,513
Sutlej,Suleimanki H/W,31-01-2017,513,513
Sutlej,Islam H/W,1-01-2017,NIL,NIL
Sutlej,Islam H/W,2-01-2017,NIL,NIL
Sutlej,Islam H/W,3-01-2017,NIL,NIL
Sutlej,Islam H/W,4-01-2017,NIL,NIL
Sutlej,Islam H/W,5-01-2017,NIL,NIL
Sutlej,Islam H/W,6-01-2017,1025,NIL
Sutlej,Islam H/W,7-01-2017,225,NIL
Sutlej,Islam H/W,8-01-2017,525,NIL
Sutlej,Islam H/W,9-01-2017,725,NIL
Sutlej,Islam H/W,10-01-2017,723,NIL
Sutlej,Islam H/W,11-01-2017,725,NIL
Sutlej,Islam H/W,12-01-2017,725,NIL
Sutlej,Islam H/W,13-01-2017,1271,1271
Sutlej,Islam H/W,14-01-2017,1271,1271
Sutlej,Islam H/W,15-01-2017,1271,1271
Sutlej,Islam H/W,16-01-2017,1271,1271
Sutlej,Islam H/W,17-01-2017,449,449
Sutlej,Islam H/W,18-01-2017,449,449
Sutlej,Islam H/W,19-01-2017,449,449
Sutlej,Islam H/W,20-01-2017,449,449
Sutlej,Islam H/W,21-01-2017,449,449
Sutlej,Islam H/W,22-01-2017,449,449
Sutlej,Islam H/W,23-01-2017,449,449
Sutlej,Islam H/W,24-01-2017,449,449
Sutlej,Islam H/W,25-01-2017,449,449
Sutlej,Islam H/W,26-01-2017,449,449
Sutlej,Islam H/W,27-01-2017,449,449
Sutlej,Islam H/W,28-01-2017,449,449
Sutlej,Islam H/W,29-01-2017,449,449
Sutlej,Islam H/W,30-01-2017,449,449
Sutlej,Islam H/W,31-01-2017,449,449
Sutlej,Suleimanki H/W,1-02-2017,513,513
Sutlej,Suleimanki H/W,2-02-2017,513,513
Sutlej,Suleimanki H/W,3-02-2017,513,513
Sutlej,Suleimanki H/W,4-02-2017,513,513
Sutlej,Suleimanki H/W,5-02-2017,513,513
Sutlej,Suleimanki H/W,6-02-2017,513,513
Sutlej,Suleimanki H/W,7-02-2017,863,863
Sutlej,Suleimanki H/W,8-02-2017,6019,3517
Sutlej,Suleimanki H/W,9-02-2017,8650,5130
Sutlej,Suleimanki H/W,10-02-2017,13585,8262
Sutlej,Suleimanki H/W,11-02-2017,13573,7056
Sutlej,Suleimanki H/W,12-02-2017,12161,5371
Sutlej,Suleimanki H/W,13-02-2017,12570,5371
Sutlej,Suleimanki H/W,14-02-2017,11274,3412
Sutlej,Suleimanki H/W,15-02-2017,10000,2088
Sutlej,Suleimanki H/W,16-02-2017,8908,996
Sutlej,Suleimanki H/W,17-02-2017,8908,996
Sutlej,Suleimanki H/W,18-02-2017,8908,996
Sutlej,Suleimanki H/W,19-02-2017,8552,590
Sutlej,Suleimanki H/W,20-02-2017,8596,590
Sutlej,Suleimanki H/W,21-02-2017,8552,590
Sutlej,Suleimanki H/W,22-02-2017,8552,590
Sutlej,Suleimanki H/W,23-02-2017,9006,1044
Sutlej,Suleimanki H/W,24-02-2017,9276,1314
Sutlej,Suleimanki H/W,25-02-2017,9006,1044
Sutlej,Suleimanki H/W,26-02-2017,9006,1044
Sutlej,Suleimanki H/W,27-02-2017,9006,1044
Sutlej,Suleimanki H/W,28-02-2017,9006,1044
Sutlej,Islam H/W,1-02-2017,449,449
Sutlej,Islam H/W,2-02-2017,449,449
Sutlej,Islam H/W,3-02-2017,449,449
Sutlej,Islam H/W,4-02-2017,449,449
Sutlej,Islam H/W,5-02-2017,449,449
Sutlej,Islam H/W,6-02-2017,449,449
Sutlej,Islam H/W,7-02-2017,135,135
Sutlej,Islam H/W,8-02-2017,NIL,NIL
Sutlej,Islam H/W,9-02-2017,NIL,NIL
Sutlej,Islam H/W,10-02-2017,NIL,NIL
Sutlej,Islam H/W,11-02-2017,799,799
Sutlej,Islam H/W,12-02-2017,2096,1271
Sutlej,Islam H/W,13-02-2017,2824,1999
Sutlej,Islam H/W,14-02-2017,2824,1999
Sutlej,Islam H/W,15-02-2017,3954,2949
Sutlej,Islam H/W,16-02-2017,3104,1999
Sutlej,Islam H/W,17-02-2017,2376,1271
Sutlej,Islam H/W,18-02-2017,1554,449
Sutlej,Islam H/W,19-02-2017,1405,NIL
Sutlej,Islam H/W,20-02-2017,1416,NIL
Sutlej,Islam H/W,21-02-2017,480,NIL
Sutlej,Islam H/W,22-02-2017,480,NIL
Sutlej,Islam H/W,23-02-2017,480,NIL
Sutlej,Islam H/W,24-02-2017,525,NIL
Sutlej,Islam H/W,25-02-2017,525,NIL
Sutlej,Islam H/W,26-02-2017,525,NIL
Sutlej,Islam H/W,27-02-2017,525,NIL
Sutlej,Islam H/W,28-02-2017,525,NIL
Sutlej,Suleimanki H/W,1-03-2017,8211,249
Sutlej,Suleimanki H/W,2-03-2017,8211,249
Sutlej,Suleimanki H/W,3-03-2017,8347,385
Sutlej,Suleimanki H/W,4-03-2017,8347,385
Sutlej,Suleimanki H/W,5-03-2017,8347,385
Sutlej,Suleimanki H/W,6-03-2017,8397,385
Sutlej,Suleimanki H/W,7-03-2017,8397,385
Sutlej,Suleimanki H/W,8-03-2017,8397,385
Sutlej,Suleimanki H/W,9-03-2017,7976,NIL
Sutlej,Suleimanki H/W,10-03-2017,8829,705
Sutlej,Suleimanki H/W,11-03-2017,9650,1638
Sutlej,Suleimanki H/W,12-03-2017,9650,1638
Sutlej,Suleimanki H/W,13-03-2017,9732,1720
Sutlej,Suleimanki H/W,14-03-2017,9732,1720
Sutlej,Suleimanki H/W,15-03-2017,8449,437
Sutlej,Suleimanki H/W,16-03-2017,8869,964
Sutlej,Suleimanki H/W,17-03-2017,8342,437
Sutlej,Suleimanki H/W,18-03-2017,8293,437
Sutlej,Suleimanki H/W,19-03-2017,7806,NIL
Sutlej,Suleimanki H/W,20-03-2017,7880,NIL
Sutlej,Suleimanki H/W,21-03-2017,7764,NIL
Sutlej,Suleimanki H/W,22-03-2017,7008,NIL
Sutlej,Suleimanki H/W,23-03-2017,4537,NIL
Sutlej,Suleimanki H/W,24-03-2017,6500,NIL
Sutlej,Suleimanki H/W,25-03-2017,7025,NIL
Sutlej,Suleimanki H/W,26-03-2017,6801,NIL
Sutlej,Suleimanki H/W,27-03-2017,7008,NIL
Sutlej,Suleimanki H/W,28-03-2017,7695,NIL
Sutlej,Suleimanki H/W,29-03-2017,7008,NIL
Sutlej,Suleimanki H/W,30-03-2017,6801,NIL
Sutlej,Suleimanki H/W,31-03-2017,7275,NIL
Sutlej,Islam H/W,1-03-2017,525,NIL
Sutlej,Islam H/W,2-03-2017,525,NIL
Sutlej,Islam H/W,3-03-2017,525,NIL
Sutlej,Islam H/W,4-03-2017,525,NIL
Sutlej,Islam H/W,5-03-2017,525,NIL
Sutlej,Islam H/W,6-03-2017,525,NIL
Sutlej,Islam H/W,7-03-2017,369,NIL
Sutlej,Islam H/W,8-03-2017,200,NIL
Sutlej,Islam H/W,9-03-2017,200,NIL
Sutlej,Islam H/W,10-03-2017,224,NIL
Sutlej,Islam H/W,11-03-2017,200,NIL
Sutlej,Islam H/W,12-03-2017,NIL,NIL
Sutlej,Islam H/W,13-03-2017,NIL,NIL
Sutlej,Islam H/W,14-03-2017,NIL,NIL
Sutlej,Islam H/W,15-03-2017,NIL,NIL
Sutlej,Islam H/W,16-03-2017,NIL,NIL
Sutlej,Islam H/W,17-03-2017,NIL,NIL
Sutlej,Islam H/W,18-03-2017,NIL,NIL
Sutlej,Islam H/W,19-03-2017,NIL,NIL
Sutlej,Islam H/W,20-03-2017,NIL,NIL
Sutlej,Islam H/W,21-03-2017,NIL,NIL
Sutlej,Islam H/W,22-03-2017,NIL,NIL
Sutlej,Islam H/W,23-03-2017,NIL,NIL
Sutlej,Islam H/W,24-03-2017,NIL,NIL
Sutlej,Islam H/W,25-03-2017,NIL,NIL
Sutlej,Islam H/W,26-03-2017,NIL,NIL
Sutlej,Islam H/W,27-03-2017,NIL,NIL
Sutlej,Islam H/W,28-03-2017,NIL,NIL
Sutlej,Islam H/W,29-03-2017,NIL,NIL
Sutlej,Islam H/W,30-03-2017,NIL,NIL
Sutlej,Islam H/W,31-03-2017,NIL,NIL
Sutlej,Suleimanki H/W,1-04-2017,8599,849
Sutlej,Suleimanki H/W,2-04-2017,10822,3072
Sutlej,Suleimanki H/W,3-04-2017,10676,3072
Sutlej,Suleimanki H/W,4-04-2017,9256,1652
Sutlej,Suleimanki H/W,5-04-2017,10975,3921
Sutlej,Suleimanki H/W,6-04-2017,10918,4267
Sutlej,Suleimanki H/W,7-04-2017,11250,7544
Sutlej,Suleimanki H/W,8-04-2017,9129,9129
Sutlej,Suleimanki H/W,9-04-2017,11653,11653
Sutlej,Suleimanki H/W,10-04-2017,10221,10221
Sutlej,Suleimanki H/W,11-04-2017,10494,10494
Sutlej,Suleimanki H/W,12-04-2017,10176,10176
Sutlej,Suleimanki H/W,13-04-2017,10062,9371
Sutlej,Suleimanki H/W,14-04-2017,10741,6224
Sutlej,Suleimanki H/W,15-04-2017,11598,6583
Sutlej,Suleimanki H/W,16-04-2017,11313,5698
Sutlej,Suleimanki H/W,17-04-2017,10400,2721
Sutlej,Suleimanki H/W,18-04-2017,10787,2721
Sutlej,Suleimanki H/W,19-04-2017,11356,2721
Sutlej,Suleimanki H/W,20-04-2017,12533,3281
Sutlej,Suleimanki H/W,21-04-2017,12835,2721
Sutlej,Suleimanki H/W,22-04-2017,11992,1478
Sutlej,Suleimanki H/W,23-04-2017,11792,1478
Sutlej,Suleimanki H/W,24-04-2017,11185,1881
Sutlej,Suleimanki H/W,25-04-2017,11485,1881
Sutlej,Suleimanki H/W,26-04-2017,11264,1009
Sutlej,Suleimanki H/W,27-04-2017,12361,1505
Sutlej,Suleimanki H/W,28-04-2017,13143,1890
Sutlej,Suleimanki H/W,29-04-2017,14217,2864
Sutlej,Suleimanki H/W,30-04-2017,12890,1890
Sutlej,Islam H/W,1-04-2017,NIL,NIL
Sutlej,Islam H/W,2-04-2017,NIL,NIL
Sutlej,Islam H/W,3-04-2017,NIL,NIL
Sutlej,Islam H/W,4-04-2017,NIL,NIL
Sutlej,Islam H/W,5-04-2017,NIL,NIL
Sutlej,Islam H/W,6-04-2017,NIL,NIL
Sutlej,Islam H/W,7-04-2017,NIL,NIL
Sutlej,Islam H/W,8-04-2017,NIL,NIL
Sutlej,Islam H/W,9-04-2017,NIL,NIL
Sutlej,Islam H/W,10-04-2017,799,799
Sutlej,Islam H/W,11-04-2017,3469,2944
Sutlej,Islam H/W,12-04-2017,7534,6609
Sutlej,Islam H/W,13-04-2017,8377,7452
Sutlej,Islam H/W,14-04-2017,9554,8329
Sutlej,Islam H/W,15-04-2017,9454,8029
Sutlej,Islam H/W,16-04-2017,10029,8029
Sutlej,Islam H/W,17-04-2017,8609,6609
Sutlej,Islam H/W,18-04-2017,5597,3597
Sutlej,Islam H/W,19-04-2017,4944,2944
Sutlej,Islam H/W,20-04-2017,4880,2944
Sutlej,Islam H/W,21-04-2017,4869,2944
Sutlej,Islam H/W,22-04-2017,3771,1271
Sutlej,Islam H/W,23-04-2017,3771,1271
Sutlej,Islam H/W,24-04-2017,3271,1271
Sutlej,Islam H/W,25-04-2017,2000,NIL
Sutlej,Islam H/W,26-04-2017,2030,NIL
Sutlej,Islam H/W,27-04-2017,1275,NIL
Sutlej,Islam H/W,28-04-2017,1460,NIL
Sutlej,Islam H/W,29-04-2017,1530,NIL
Sutlej,Islam H/W,30-04-2017,1330,NIL
Sutlej,Suleimanki H/W,1-05-2017,13140,1890
Sutlej,Suleimanki H/W,2-05-2017,12571,1196
Sutlej,Suleimanki H/W,3-05-2017,12721,1196
Sutlej,Suleimanki H/W,4-05-2017,12732,901
Sutlej,Suleimanki H/W,5-05-2017,12752,1196
Sutlej,Suleimanki H/W,6-05-2017,12752,1196
Sutlej,Suleimanki H/W,7-05-2017,12707,901
Sutlej,Suleimanki H/W,8-05-2017,12807,901
Sutlej,Suleimanki H/W,9-05-2017,12594,535
Sutlej,Suleimanki H/W,10-05-2017,12666,535
Sutlej,Suleimanki H/W,11-05-2017,13439,1075
Sutlej,Suleimanki H/W,12-05-2017,12949,535
Sutlej,Suleimanki H/W,13-05-2017,12999,535
Sutlej,Suleimanki H/W,14-05-2017,12999,535
Sutlej,Suleimanki H/W,15-05-2017,13009,251
Sutlej,Suleimanki H/W,16-05-2017,12808,251
Sutlej,Suleimanki H/W,17-05-2017,12808,251
Sutlej,Suleimanki H/W,18-05-2017,13866,1209
Sutlej,Suleimanki H/W,19-05-2017,13475,1115
Sutlej,Suleimanki H/W,20-05-2017,13839,906
Sutlej,Suleimanki H/W,21-05-2017,13593,1209
Sutlej,Suleimanki H/W,22-05-2017,13447,1763
Sutlej,Suleimanki H/W,23-05-2017,13224,737
Sutlej,Suleimanki H/W,24-05-2017,13032,501
Sutlej,Suleimanki H/W,25-05-2017,13794,1478
Sutlej,Suleimanki H/W,26-05-2017,13719,1478
Sutlej,Suleimanki H/W,27-05-2017,13819,1478
Sutlej,Suleimanki H/W,28-05-2017,13517,2503
Sutlej,Suleimanki H/W,29-05-2017,13928,2503
Sutlej,Suleimanki H/W,30-05-2017,13928,2503
Sutlej,Suleimanki H/W,31-05-2017,14948,2503
Sutlej,Islam H/W,1-05-2017,1505,NIL
Sutlej,Islam H/W,2-05-2017,1505,NIL
Sutlej,Islam H/W,3-05-2017,875,NIL
Sutlej,Islam H/W,4-05-2017,781,NIL
Sutlej,Islam H/W,5-05-2017,625,NIL
Sutlej,Islam H/W,6-05-2017,625,NIL
Sutlej,Islam H/W,7-05-2017,625,NIL
Sutlej,Islam H/W,8-05-2017,NIL,NIL
Sutlej,Islam H/W,9-05-2017,NIL,NIL
Sutlej,Islam H/W,10-05-2017,NIL,NIL
Sutlej,Islam H/W,11-05-2017,NIL,NIL
Sutlej,Islam H/W,12-05-2017,NIL,NIL
Sutlej,Islam H/W,13-05-2017,NIL,NIL
Sutlej,Islam H/W,14-05-2017,NIL,NIL
Sutlej,Islam H/W,15-05-2017,NIL,NIL
Sutlej,Islam H/W,16-05-2017,NIL,NIL
Sutlej,Islam H/W,17-05-2017,NIL,NIL
Sutlej,Islam H/W,18-05-2017,NIL,NIL
Sutlej,Islam H/W,19-05-2017,NIL,NIL
Sutlej,Islam H/W,20-05-2017,NIL,NIL
Sutlej,Islam H/W,21-05-2017,NIL,NIL
Sutlej,Islam H/W,22-05-2017,NIL,NIL
Sutlej,Islam H/W,23-05-2017,NIL,NIL
Sutlej,Islam H/W,24-05-2017,1375,NIL
Sutlej,Islam H/W,25-05-2017,1276,NIL
Sutlej,Islam H/W,26-05-2017,1181,NIL
Sutlej,Islam H/W,27-05-2017,1025,NIL
Sutlej,Islam H/W,28-05-2017,805,NIL
Sutlej,Islam H/W,29-05-2017,805,NIL
Sutlej,Islam H/W,30-05-2017,805,NIL
Sutlej,Islam H/W,31-05-2017,425,NIL
Sutlej,Suleimanki H/W,1-06-2017,15119,2503
Sutlej,Suleimanki H/W,2-06-2017,16335,3619
Sutlej,Suleimanki H/W,3-06-2017,17289,4573
Sutlej,Suleimanki H/W,4-06-2017,17397,4573
Sutlej,Suleimanki H/W,5-06-2017,16529,3813
Sutlej,Suleimanki H/W,6-06-2017,16529,3813
Sutlej,Suleimanki H/W,7-06-2017,17062,5335
Sutlej,Suleimanki H/W,8-06-2017,17635,4919
Sutlej,Suleimanki H/W,9-06-2017,17105,4389
Sutlej,Suleimanki H/W,10-06-2017,17921,4999
Sutlej,Suleimanki H/W,11-06-2017,18452,6881
Sutlej,Suleimanki H/W,12-06-2017,18380,6881
Sutlej,Suleimanki H/W,13-06-2017,18589,6881
Sutlej,Suleimanki H/W,14-06-2017,16280,4124
Sutlej,Suleimanki H/W,15-06-2017,15736,4124
Sutlej,Suleimanki H/W,16-06-2017,15115,2995
Sutlej,Suleimanki H/W,17-06-2017,15322,2661
Sutlej,Suleimanki H/W,18-06-2017,15324,2524
Sutlej,Suleimanki H/W,19-06-2017,14524,2524
Sutlej,Suleimanki H/W,20-06-2017,14805,2524
Sutlej,Suleimanki H/W,21-06-2017,15268,3157
Sutlej,Suleimanki H/W,22-06-2017,15397,2937
Sutlej,Suleimanki H/W,23-06-2017,17482,5276
Sutlej,Suleimanki H/W,24-06-2017,17482,5276
Sutlej,Suleimanki H/W,25-06-2017,16858,4852
Sutlej,Suleimanki H/W,26-06-2017,16723,4923
Sutlej,Suleimanki H/W,27-06-2017,16607,5307
Sutlej,Suleimanki H/W,28-06-2017,16862,5307
Sutlej,Suleimanki H/W,29-06-2017,16860,6201
Sutlej,Suleimanki H/W,30-06-2017,16592,5126
Sutlej,Islam H/W,1-06-2017,425,NIL
Sutlej,Islam H/W,2-06-2017,425,NIL
Sutlej,Islam H/W,3-06-2017,425,NIL
Sutlej,Islam H/W,4-06-2017,425,NIL
Sutlej,Islam H/W,5-06-2017,625,NIL
Sutlej,Islam H/W,6-06-2017,925,NIL
Sutlej,Islam H/W,7-06-2017,1775,NIL
Sutlej,Islam H/W,8-06-2017,3047,1272
Sutlej,Islam H/W,9-06-2017,3047,1272
Sutlej,Islam H/W,10-06-2017,3139,1272
Sutlej,Islam H/W,11-06-2017,3552,1777
Sutlej,Islam H/W,12-06-2017,3352,1777
Sutlej,Islam H/W,13-06-2017,3352,1777
Sutlej,Islam H/W,14-06-2017,3911,2336
Sutlej,Islam H/W,15-06-2017,4719,2944
Sutlej,Islam H/W,16-06-2017,4311,2336
Sutlej,Islam H/W,17-06-2017,3447,1272
Sutlej,Islam H/W,18-06-2017,1975,NIL
Sutlej,Islam H/W,19-06-2017,2075,NIL
Sutlej,Islam H/W,20-06-2017,2078,NIL
Sutlej,Islam H/W,21-06-2017,1075,NIL
Sutlej,Islam H/W,22-06-2017,1822,1272
Sutlej,Islam H/W,23-06-2017,1822,1272
Sutlej,Islam H/W,24-06-2017,2327,1777
Sutlej,Islam H/W,25-06-2017,2886,2336
Sutlej,Islam H/W,26-06-2017,3030,2580
Sutlej,Islam H/W,27-06-2017,3394,2944
Sutlej,Islam H/W,28-06-2017,3494,2944
Sutlej,Islam H/W,29-06-2017,3494,2944
Sutlej,Islam H/W,30-06-2017,3494,2944
Sutlej,Suleimanki H/W,1-07-2017,17504,5826
Sutlej,Suleimanki H/W,2-07-2017,18097,5826
Sutlej,Suleimanki H/W,3-07-2017,18258,5694
Sutlej,Suleimanki H/W,4-07-2017,19580,6817
Sutlej,Suleimanki H/W,5-07-2017,19033,6223
Sutlej,Suleimanki H/W,6-07-2017,17195,4287
Sutlej,Suleimanki H/W,7-07-2017,16378,3669
Sutlej,Suleimanki H/W,8-07-2017,16282,3523
Sutlej,Suleimanki H/W,9-07-2017,16435,3523
Sutlej,Suleimanki H/W,10-07-2017,15908,2845
Sutlej,Suleimanki H/W,11-07-2017,15038,2529
Sutlej,Suleimanki H/W,12-07-2017,15342,2529
Sutlej,Suleimanki H/W,13-07-2017,15802,3686
Sutlej,Suleimanki H/W,14-07-2017,16593,3686
Sutlej,Suleimanki H/W,15-07-2017,16648,3741
Sutlej,Suleimanki H/W,16-07-2017,16648,3741
Sutlej,Suleimanki H/W,17-07-2017,18442,5487
Sutlej,Suleimanki H/W,18-07-2017,17370,4210
Sutlej,Suleimanki H/W,19-07-2017,16429,3219
Sutlej,Suleimanki H/W,20-07-2017,16528,3219
Sutlej,Suleimanki H/W,21-07-2017,16429,3219
Sutlej,Suleimanki H/W,22-07-2017,16449,3219
Sutlej,Suleimanki H/W,23-07-2017,15839,2609
Sutlej,Suleimanki H/W,24-07-2017,15839,2609
Sutlej,Suleimanki H/W,25-07-2017,15438,2523
Sutlej,Suleimanki H/W,26-07-2017,15247,2523
Sutlej,Suleimanki H/W,27-07-2017,14738,2523
Sutlej,Suleimanki H/W,28-07-2017,15839,2609
Sutlej,Suleimanki H/W,29-07-2017,16013,2783
Sutlej,Suleimanki H/W,30-07-2017,16243,3013
Sutlej,Suleimanki H/W,31-07-2017,16013,2783
Sutlej,Islam H/W,1-07-2017,3361,2336
Sutlej,Islam H/W,2-07-2017,3602,1777
Sutlej,Islam H/W,3-07-2017,4311,2336
Sutlej,Islam H/W,4-07-2017,4561,2336
Sutlej,Islam H/W,5-07-2017,4002,1777
Sutlej,Islam H/W,6-07-2017,4002,1777
Sutlej,Islam H/W,7-07-2017,4469,2944
Sutlej,Islam H/W,8-07-2017,5019,2944
Sutlej,Islam H/W,9-07-2017,3347,1272
Sutlej,Islam H/W,10-07-2017,1071,NIL
Sutlej,Islam H/W,11-07-2017,550,NIL
Sutlej,Islam H/W,12-07-2017,1075,NIL
Sutlej,Islam H/W,13-07-2017,1225,NIL
Sutlej,Islam H/W,14-07-2017,1225,NIL
Sutlej,Islam H/W,15-07-2017,1225,NIL
Sutlej,Islam H/W,16-07-2017,1575,NIL
Sutlej,Islam H/W,17-07-2017,2275,NIL
Sutlej,Islam H/W,18-07-2017,2075,NIL
Sutlej,Islam H/W,19-07-2017,1275,NIL
Sutlej,Islam H/W,20-07-2017,1275,NIL
Sutlej,Islam H/W,21-07-2017,1575,NIL
Sutlej,Islam H/W,22-07-2017,1575,NIL
Sutlej,Islam H/W,23-07-2017,1575,NIL
Sutlej,Islam H/W,24-07-2017,725,NIL
Sutlej,Islam H/W,25-07-2017,2944,2944
Sutlej,Islam H/W,26-07-2017,1272,1272
Sutlej,Islam H/W,27-07-2017,NIL,NIL
Sutlej,Islam H/W,28-07-2017,NIL,NIL
Sutlej,Islam H/W,29-07-2017,NIL,NIL
Sutlej,Islam H/W,30-07-2017,NIL,NIL
Sutlej,Islam H/W,31-07-2017,NIL,NIL
Sutlej,Suleimanki H/W,1-08-2017,16148,3013
Sutlej,Suleimanki H/W,2-08-2017,16263,3033
Sutlej,Suleimanki H/W,3-08-2017,16349,3064
Sutlej,Suleimanki H/W,4-08-2017,16193,2806
Sutlej,Suleimanki H/W,5-08-2017,16907,3520
Sutlej,Suleimanki H/W,6-08-2017,17809,4392
Sutlej,Suleimanki H/W,7-08-2017,17863,4392
Sutlej,Suleimanki H/W,8-08-2017,19734,6263
Sutlej,Suleimanki H/W,9-08-2017,20232,6761
Sutlej,Suleimanki H/W,10-08-2017,21367,8028
Sutlej,Suleimanki H/W,11-08-2017,26762,13547
Sutlej,Suleimanki H/W,12-08-2017,25730,13519
Sutlej,Suleimanki H/W,13-08-2017,30942,17830
Sutlej,Suleimanki H/W,14-08-2017,33934,20722
Sutlej,Suleimanki H/W,15-08-2017,33898,20893
Sutlej,Suleimanki H/W,16-08-2017,26689,13684
Sutlej,Suleimanki H/W,17-08-2017,22008,8901
Sutlej,Suleimanki H/W,18-08-2017,24978,13722
Sutlej,Suleimanki H/W,19-08-2017,25037,13781
Sutlej,Suleimanki H/W,20-08-2017,22395,9941
Sutlej,Suleimanki H/W,21-08-2017,21068,7962
Sutlej,Suleimanki H/W,22-08-2017,18637,5481
Sutlej,Suleimanki H/W,23-08-2017,17250,3892
Sutlej,Suleimanki H/W,24-08-2017,19822,6464
Sutlej,Suleimanki H/W,25-08-2017,22702,9344
Sutlej,Suleimanki H/W,26-08-2017,22100,10093
Sutlej,Suleimanki H/W,27-08-2017,22922,10119
Sutlej,Suleimanki H/W,28-08-2017,23377,10119
Sutlej,Suleimanki H/W,29-08-2017,21452,8194
Sutlej,Suleimanki H/W,30-08-2017,22008,8750
Sutlej,Suleimanki H/W,31-08-2017,19605,7473
Sutlej,Islam H/W,1-08-2017,NIL,NIL
Sutlej,Islam H/W,2-08-2017,825,NIL
Sutlej,Islam H/W,3-08-2017,1008,NIL
Sutlej,Islam H/W,4-08-2017,2075,NIL
Sutlej,Islam H/W,5-08-2017,1969,NIL
Sutlej,Islam H/W,6-08-2017,2075,NIL
Sutlej,Islam H/W,7-08-2017,2075,NIL
Sutlej,Islam H/W,8-08-2017,1875,NIL
Sutlej,Islam H/W,9-08-2017,2075,NIL
Sutlej,Islam H/W,10-08-2017,2096,NIL
Sutlej,Islam H/W,11-08-2017,4411,2336
Sutlej,Islam H/W,12-08-2017,5219,2944
Sutlej,Islam H/W,13-08-2017,5219,2944
Sutlej,Islam H/W,14-08-2017,8121,5446
Sutlej,Islam H/W,15-08-2017,10704,8029
Sutlej,Islam H/W,16-08-2017,13920,11145
Sutlej,Islam H/W,17-08-2017,16996,14221
Sutlej,Islam H/W,18-08-2017,16996,14221
Sutlej,Islam H/W,19-08-2017,14917,12142
Sutlej,Islam H/W,20-08-2017,10219,7452
Sutlej,Islam H/W,21-08-2017,10227,7452
Sutlej,Islam H/W,22-08-2017,8221,5446
Sutlej,Islam H/W,23-08-2017,8221,5446
Sutlej,Islam H/W,24-08-2017,4047,1272
Sutlej,Islam H/W,25-08-2017,2675,NIL
Sutlej,Islam H/W,26-08-2017,2700,NIL
Sutlej,Islam H/W,27-08-2017,2700,NIL
Sutlej,Islam H/W,28-08-2017,2635,NIL
Sutlej,Islam H/W,29-08-2017,5544,2944
Sutlej,Islam H/W,30-08-2017,6450,3750
Sutlej,Islam H/W,31-08-2017,6450,3750
Sutlej,Suleimanki H/W,1-09-2017,21184,10162
Sutlej,Suleimanki H/W,2-09-2017,20736,10770
Sutlej,Suleimanki H/W,3-09-2017,20922,10162
Sutlej,Suleimanki H/W,4-09-2017,20833,9070
Sutlej,Suleimanki H/W,5-09-2017,22189,10574
Sutlej,Suleimanki H/W,6-09-2017,22897,10574
Sutlej,Suleimanki H/W,7-09-2017,23514,11502
Sutlej,Suleimanki H/W,8-09-2017,23514,11502
Sutlej,Suleimanki H/W,9-09-2017,19991,7631
Sutlej,Suleimanki H/W,10-09-2017,17626,4881
Sutlej,Suleimanki H/W,11-09-2017,17537,4881
Sutlej,Suleimanki H/W,12-09-2017,17160,4504
Sutlej,Suleimanki H/W,13-09-2017,17160,4504
Sutlej,Suleimanki H/W,14-09-2017,15459,2499
Sutlej,Suleimanki H/W,15-09-2017,15459,2499
Sutlej,Suleimanki H/W,16-09-2017,15459,2499
Sutlej,Suleimanki H/W,17-09-2017,15463,2499
Sutlej,Suleimanki H/W,18-09-2017,14539,2499
Sutlej,Suleimanki H/W,19-09-2017,14169,1205
Sutlej,Suleimanki H/W,20-09-2017,11888,NIL
Sutlej,Suleimanki H/W,21-09-2017,11056,NIL
Sutlej,Suleimanki H/W,22-09-2017,11056,NIL
Sutlej,Suleimanki H/W,23-09-2017,10506,NIL
Sutlej,Suleimanki H/W,24-09-2017,10006,NIL
Sutlej,Suleimanki H/W,25-09-2017,11056,NIL
Sutlej,Suleimanki H/W,26-09-2017,11056,NIL
Sutlej,Suleimanki H/W,27-09-2017,11056,NIL
Sutlej,Suleimanki H/W,28-09-2017,11470,NIL
Sutlej,Suleimanki H/W,29-09-2017,11624,NIL
Sutlej,Suleimanki H/W,30-09-2017,11624,NIL
Sutlej,Islam H/W,1-09-2017,7363,6263
Sutlej,Islam H/W,2-09-2017,7363,6263
Sutlej,Islam H/W,3-09-2017,7363,6263
Sutlej,Islam H/W,4-09-2017,6546,5446
Sutlej,Islam H/W,5-09-2017,7746,5446
Sutlej,Islam H/W,6-09-2017,8815,7015
Sutlej,Islam H/W,7-09-2017,8815,7015
Sutlej,Islam H/W,8-09-2017,9850,7850
Sutlej,Islam H/W,9-09-2017,10150,7850
Sutlej,Islam H/W,10-09-2017,10156,7850
Sutlej,Islam H/W,11-09-2017,2300,NIL
Sutlej,Islam H/W,12-09-2017,2600,NIL
Sutlej,Islam H/W,13-09-2017,2600,NIL
Sutlej,Islam H/W,14-09-2017,1900,NIL
Sutlej,Islam H/W,15-09-2017,2000,NIL
Sutlej,Islam H/W,16-09-2017,2600,NIL
Sutlej,Islam H/W,17-09-2017,2600,NIL
Sutlej,Islam H/W,18-09-2017,2600,NIL
Sutlej,Islam H/W,19-09-2017,2600,NIL
Sutlej,Islam H/W,20-09-2017,1531,NIL
Sutlej,Islam H/W,21-09-2017,1525,NIL
Sutlej,Islam H/W,22-09-2017,1525,NIL
Sutlej,Islam H/W,23-09-2017,NIL,NIL
Sutlej,Islam H/W,24-09-2017,NIL,NIL
Sutlej,Islam H/W,25-09-2017,NIL,NIL
Sutlej,Islam H/W,26-09-2017,NIL,NIL
Sutlej,Islam H/W,27-09-2017,NIL,NIL
Sutlej,Islam H/W,28-09-2017,NIL,NIL
Sutlej,Islam H/W,29-09-2017,975,NIL
Sutlej,Islam H/W,30-09-2017,975,NIL
Sutlej,Suleimanki H/W,1-10-2017,11056,NIL
Sutlej,Suleimanki H/W,2-10-2017,10516,NIL
Sutlej,Suleimanki H/W,3-10-2017,11030,NIL
Sutlej,Suleimanki H/W,4-10-2017,10516,NIL
Sutlej,Suleimanki H/W,5-10-2017,10516,NIL
Sutlej,Suleimanki H/W,6-10-2017,10516,NIL
Sutlej,Suleimanki H/W,7-10-2017,10022,NIL
Sutlej,Suleimanki H/W,8-10-2017,10516,NIL
Sutlej,Suleimanki H/W,9-10-2017,10211,NIL
Sutlej,Suleimanki H/W,10-10-2017,10841,NIL
Sutlej,Suleimanki H/W,11-10-2017,10516,NIL
Sutlej,Suleimanki H/W,12-10-2017,9439,NIL
Sutlej,Suleimanki H/W,13-10-2017,10022,NIL
Sutlej,Suleimanki H/W,14-10-2017,9439,NIL
Sutlej,Suleimanki H/W,15-10-2017,10022,NIL
Sutlej,Suleimanki H/W,16-10-2017,11882,4220
Sutlej,Suleimanki H/W,17-10-2017,10743,2872
Sutlej,Suleimanki H/W,18-10-2017,11418,3582
Sutlej,Suleimanki H/W,19-10-2017,7853,NIL
Sutlej,Suleimanki H/W,20-10-2017,7853,NIL
Sutlej,Suleimanki H/W,21-10-2017,7877,5366
Sutlej,Suleimanki H/W,22-10-2017,11370,8859
Sutlej,Suleimanki H/W,23-10-2017,11327,8816
Sutlej,Suleimanki H/W,24-10-2017,15141,12630
Sutlej,Suleimanki H/W,25-10-2017,14993,12482
Sutlej,Suleimanki H/W,26-10-2017,13209,10698
Sutlej,Suleimanki H/W,27-10-2017,11457,8946
Sutlej,Suleimanki H/W,28-10-2017,12676,10165
Sutlej,Suleimanki H/W,29-10-2017,12676,10165
Sutlej,Suleimanki H/W,30-10-2017,12676,10165
Sutlej,Suleimanki H/W,31-10-2017,13160,10649
Sutlej,Islam H/W,1-10-2017,950,NIL
Sutlej,Islam H/W,2-10-2017,700,NIL
Sutlej,Islam H/W,3-10-2017,500,NIL
Sutlej,Islam H/W,4-10-2017,500,NIL
Sutlej,Islam H/W,5-10-2017,500,NIL
Sutlej,Islam H/W,6-10-2017,500,NIL
Sutlej,Islam H/W,7-10-2017,466,NIL
Sutlej,Islam H/W,8-10-2017,300,NIL
Sutlej,Islam H/W,9-10-2017,300,NIL
Sutlej,Islam H/W,10-10-2017,300,NIL
Sutlej,Islam H/W,11-10-2017,300,NIL
Sutlej,Islam H/W,12-10-2017,300,NIL
Sutlej,Islam H/W,13-10-2017,300,NIL
Sutlej,Islam H/W,14-10-2017,NIL,NIL
Sutlej,Islam H/W,15-10-2017,NIL,NIL
Sutlej,Islam H/W,16-10-2017,NIL,NIL
Sutlej,Islam H/W,17-10-2017,NIL,NIL
Sutlej,Islam H/W,18-10-2017,NIL,NIL
Sutlej,Islam H/W,19-10-2017,NIL,NIL
Sutlej,Islam H/W,20-10-2017,NIL,NIL
Sutlej,Islam H/W,21-10-2017,NIL,NIL
Sutlej,Islam H/W,22-10-2017,NIL,NIL
Sutlej,Islam H/W,23-10-2017,NIL,NIL
Sutlej,Islam H/W,24-10-2017,NIL,NIL
Sutlej,Islam H/W,25-10-2017,NIL,NIL
Sutlej,Islam H/W,26-10-2017,4293,NIL
Sutlej,Islam H/W,27-10-2017,7452,NIL
Sutlej,Islam H/W,28-10-2017,7752,NIL
Sutlej,Islam H/W,29-10-2017,7752,NIL
Sutlej,Islam H/W,30-10-2017,7752,NIL
Sutlej,Islam H/W,31-10-2017,7752,NIL
Sutlej,Suleimanki H/W,1-11-2017,12674,6148
Sutlej,Suleimanki H/W,2-11-2017,13152,6148
Sutlej,Suleimanki H/W,3-11-2017,15429,8425
Sutlej,Suleimanki H/W,4-11-2017,15429,8425
Sutlej,Suleimanki H/W,5-11-2017,12063,4250
Sutlej,Suleimanki H/W,6-11-2017,11549,3736
Sutlej,Suleimanki H/W,7-11-2017,11549,3736
Sutlej,Suleimanki H/W,8-11-2017,11549,3736
Sutlej,Suleimanki H/W,9-11-2017,11743,3736
Sutlej,Suleimanki H/W,10-11-2017,11423,3416
Sutlej,Suleimanki H/W,11-11-2017,11211,3199
Sutlej,Suleimanki H/W,12-11-2017,11211,3199
Sutlej,Suleimanki H/W,13-11-2017,11211,3199
Sutlej,Suleimanki H/W,14-11-2017,11211,3189
Sutlej,Suleimanki H/W,15-11-2017,11211,3189
Sutlej,Suleimanki H/W,16-11-2017,11344,3322
Sutlej,Suleimanki H/W,17-11-2017,11234,3212
Sutlej,Suleimanki H/W,18-11-2017,11234,3212
Sutlej,Suleimanki H/W,19-11-2017,11234,3212
Sutlej,Suleimanki H/W,20-11-2017,11234,3212
Sutlej,Suleimanki H/W,21-11-2017,11234,3212
Sutlej,Suleimanki H/W,22-11-2017,12477,4455
Sutlej,Suleimanki H/W,23-11-2017,12477,4455
Sutlej,Suleimanki H/W,24-11-2017,11888,3866
Sutlej,Suleimanki H/W,25-11-2017,11301,3279
Sutlej,Suleimanki H/W,26-11-2017,8666,644
Sutlej,Suleimanki H/W,27-11-2017,8022,NIL
Sutlej,Suleimanki H/W,28-11-2017,9576,1528
Sutlej,Suleimanki H/W,29-11-2017,10220,2172
Sutlej,Suleimanki H/W,30-11-2017,9459,1411
Sutlej,Islam H/W,1-11-2017,7752,7452
Sutlej,Islam H/W,2-11-2017,7752,7452
Sutlej,Islam H/W,3-11-2017,7752,7452
Sutlej,Islam H/W,4-11-2017,7752,7452
Sutlej,Islam H/W,5-11-2017,7752,7452
Sutlej,Islam H/W,6-11-2017,7752,7452
Sutlej,Islam H/W,7-11-2017,5328,5028
Sutlej,Islam H/W,8-11-2017,2636,2336
Sutlej,Islam H/W,9-11-2017,2077,1777
Sutlej,Islam H/W,10-11-2017,2077,1777
Sutlej,Islam H/W,11-11-2017,2099,799
Sutlej,Islam H/W,12-11-2017,1300,NIL
Sutlej,Islam H/W,13-11-2017,2100,NIL
Sutlej,Islam H/W,14-11-2017,1800,NIL
Sutlej,Islam H/W,15-11-2017,1300,NIL
Sutlej,Islam H/W,16-11-2017,1300,NIL
Sutlej,Islam H/W,17-11-2017,1300,NIL
Sutlej,Islam H/W,18-11-2017,1000,NIL
Sutlej,Islam H/W,19-11-2017,2377,1777
Sutlej,Islam H/W,20-11-2017,2377,1777
Sutlej,Islam H/W,21-11-2017,2377,1777
Sutlej,Islam H/W,22-11-2017,2377,1777
Sutlej,Islam H/W,23-11-2017,2531,1231
Sutlej,Islam H/W,24-11-2017,3531,1231
Sutlej,Islam H/W,25-11-2017,3431,1231
Sutlej,Islam H/W,26-11-2017,3431,1231
Sutlej,Islam H/W,27-11-2017,2649,449
Sutlej,Islam H/W,28-11-2017,2200,449
Sutlej,Islam H/W,29-11-2017,1800,449
Sutlej,Islam H/W,30-11-2017,1800,449
Sutlej,Suleimanki H/W,1-12-2017,9956,1978
Sutlej,Suleimanki H/W,2-12-2017,9956,1978
Sutlej,Suleimanki H/W,3-12-2017,10036,1988
Sutlej,Suleimanki H/W,4-12-2017,9379,1331
Sutlej,Suleimanki H/W,5-12-2017,8048,NIL
Sutlej,Suleimanki H/W,6-12-2017,8687,1667
Sutlej,Suleimanki H/W,7-12-2017,8026,1006
Sutlej,Suleimanki H/W,8-12-2017,8026,1006
Sutlej,Suleimanki H/W,9-12-2017,8018,998
Sutlej,Suleimanki H/W,10-12-2017,8018,998
Sutlej,Suleimanki H/W,11-12-2017,8199,2672
Sutlej,Suleimanki H/W,12-12-2017,8198,2671
Sutlej,Suleimanki H/W,13-12-2017,8810,3283
Sutlej,Suleimanki H/W,14-12-2017,7585,2058
Sutlej,Suleimanki H/W,15-12-2017,7585,2058
Sutlej,Suleimanki H/W,16-12-2017,6580,552
Sutlej,Suleimanki H/W,17-12-2017,6589,561
Sutlej,Suleimanki H/W,18-12-2017,6028,NIL
Sutlej,Suleimanki H/W,19-12-2017,6028,NIL
Sutlej,Suleimanki H/W,20-12-2017,7788,1760
Sutlej,Suleimanki H/W,21-12-2017,8328,2302
Sutlej,Suleimanki H/W,22-12-2017,8338,2312
Sutlej,Suleimanki H/W,23-12-2017,7472,1446
Sutlej,Suleimanki H/W,24-12-2017,6026,NIL
Sutlej,Suleimanki H/W,25-12-2017,5308,NIL
Sutlej,Suleimanki H/W,26-12-2017,4815,NIL
Sutlej,Suleimanki H/W,27-12-2017,4815,NIL
Sutlej,Suleimanki H/W,28-12-2017,4535,NIL
Sutlej,Suleimanki H/W,29-12-2017,3219,NIL
Sutlej,Suleimanki H/W,30-12-2017,1438,1438
Sutlej,Suleimanki H/W,31-12-2017,1438,1438
Sutlej,Islam H/W,1-12-2017,700,NIL
Sutlej,Islam H/W,2-12-2017,700,NIL
Sutlej,Islam H/W,3-12-2017,1000,NIL
Sutlej,Islam H/W,4-12-2017,1153,NIL
Sutlej,Islam H/W,5-12-2017,1217,NIL
Sutlej,Islam H/W,6-12-2017,1217,NIL
Sutlej,Islam H/W,7-12-2017,745,NIL
Sutlej,Islam H/W,8-12-2017,500,NIL
Sutlej,Islam H/W,9-12-2017,NIL,NIL
Sutlej,Islam H/W,10-12-2017,NIL,NIL
Sutlej,Islam H/W,11-12-2017,NIL,NIL
Sutlej,Islam H/W,12-12-2017,300,NIL
Sutlej,Islam H/W,13-12-2017,300,NIL
Sutlej,Islam H/W,14-12-2017,800,NIL
Sutlej,Islam H/W,15-12-2017,800,NIL
Sutlej,Islam H/W,16-12-2017,800,NIL
Sutlej,Islam H/W,17-12-2017,800,NIL
Sutlej,Islam H/W,18-12-2017,1200,NIL
Sutlej,Islam H/W,19-12-2017,1000,NIL
Sutlej,Islam H/W,20-12-2017,600,NIL
Sutlej,Islam H/W,21-12-2017,350,NIL
Sutlej,Islam H/W,22-12-2017,350,NIL
Sutlej,Islam H/W,23-12-2017,350,NIL
Sutlej,Islam H/W,24-12-2017,350,NIL
Sutlej,Islam H/W,25-12-2017,350,NIL
Sutlej,Islam H/W,26-12-2017,500,NIL
Sutlej,Islam H/W,27-12-2017,500,NIL
Sutlej,Islam H/W,28-12-2017,1200,NIL
Sutlej,Islam H/W,29-12-2017,1200,NIL
Sutlej,Islam H/W,30-12-2017,800,NIL
Sutlej,Islam H/W,31-12-2017,500,NIL
