River,Gauge Site,Date,Up Stream,Down Stream
INDUS,Kalabagh,15-Jun-22,90969,87969
INDUS,Chashma,15-Jun-22,111475,104966
INDUS,Taunsa,15-Jun-22,97322,87805
INDUS,Guddu,15-Jun-22,52552,43240
INDUS,Sukkar,15-Jun-22,41890,16510
INDUS,Kotri,15-Jun-22,9914,115
JHELUM,Kotli,15-Jun-22,-,1230
JHELUM,Mangla,15-Jun-22,26000,20315
JHELUM,Rasul,15-Jun-22,17240,15800
CHENAB,Marala,15-Jun-22,31382,21382
CHENAB,Khanki,15-Jun-22,NR,NR
CHENAB,Qadirabad,15-Jun-22,NR,NR
CHENAB,Trimmu,15-Jun-22,15064,Nil
CHENAB,Punjnad,15-Jun-22,2784,Nil
RAVI,Jassar,15-Jun-22,-,4154
RAVI,Shahdara,15-Jun-22,-,284
RAVI,Balloki,15-Jun-22,1400,-
RAVI,Sidhnai,15-Jun-22,8350,-
SUTLEJ,Sulemanki,15-Jun-22,7540,-
SUTLEJ,Islam,15-Jun-22,500,-
INDUS,Kalabagh,15-Jun-22,90969,87969
INDUS,Chashma,15-Jun-22,110242,105142
INDUS,Taunsa,15-Jun-22,97322,87805
INDUS,Guddu,15-Jun-22,52552,43240
INDUS,Sukkar,15-Jun-22,41890,16510
INDUS,Kotri,15-Jun-22,9914,115
JHELUM,Kotli,15-Jun-22,-,1370
JHELUM,Mangla,15-Jun-22,25000,27515
JHELUM,Rasul,15-Jun-22,17240,15800
CHENAB,Marala,15-Jun-22,31382,21382
CHENAB,Khanki,15-Jun-22,NR,NR
CHENAB,Qadirabad,15-Jun-22,NR,NR
CHENAB,Trimmu,15-Jun-22,15064,Nil
CHENAB,Punjnad,15-Jun-22,2784,Nil
RAVI,Jassar,15-Jun-22,-,4154
RAVI,Shahdara,15-Jun-22,-,284
RAVI,Balloki,15-Jun-22,1400,-
RAVI,Sidhnai,15-Jun-22,8350,-
SUTLEJ,Sulemanki,15-Jun-22,7540,-
SUTLEJ,Islam,15-Jun-22,500,-
INDUS,Kalabagh,15-Jun-22,90969,87969
INDUS,Chashma,15-Jun-22,110100,105000
INDUS,Taunsa,15-Jun-22,97322,87805
INDUS,Guddu,15-Jun-22,52552,43240
INDUS,Sukkar,15-Jun-22,41890,16510
INDUS,Kotri,15-Jun-22,9914,115
JHELUM,Kotli,15-Jun-22,-,1230
JHELUM,Mangla,15-Jun-22,20000,28315
JHELUM,Rasul,15-Jun-22,17240,15800
CHENAB,Marala,15-Jun-22,31382,21382
CHENAB,Khanki,15-Jun-22,NR,NR
CHENAB,Qadirabad,15-Jun-22,NR,NR
CHENAB,Trimmu,15-Jun-22,15064,Nil
CHENAB,Punjnad,15-Jun-22,2784,Nil
RAVI,Jassar,15-Jun-22,-,4154
RAVI,Shahdara,15-Jun-22,-,284
RAVI,Balloki,15-Jun-22,1400,-
RAVI,Sidhnai,15-Jun-22,8350,-
SUTLEJ,Sulemanki,15-Jun-22,7540,-
SUTLEJ,Islam,15-Jun-22,500,-
INDUS,Kalabagh,16-Jun-22,90969,87969
INDUS,Chashma,16-Jun-22,109208,104804
INDUS,Taunsa,16-Jun-22,97322,87805
INDUS,Guddu,16-Jun-22,55000,45688
INDUS,Sukkar,16-Jun-22,40890,16250
INDUS,Kotri,16-Jun-22,10034,115
JHELUM,Kotli,16-Jun-22,-,1520
JHELUM,Mangla,16-Jun-22,20000,25015
JHELUM,Rasul,16-Jun-22,17240,15800
CHENAB,Marala,16-Jun-22,31382,21382
CHENAB,Khanki,16-Jun-22,NR,NR
CHENAB,Qadirabad,16-Jun-22,NR,NR
CHENAB,Trimmu,16-Jun-22,15064,Nil
CHENAB,Punjnad,16-Jun-22,2784,Nil
RAVI,Jassar,16-Jun-22,-,4154
RAVI,Shahdara,16-Jun-22,-,284
RAVI,Balloki,16-Jun-22,1400,-
RAVI,Sidhnai,16-Jun-22,8350,-
SUTLEJ,Sulemanki,16-Jun-22,7540,-
SUTLEJ,Islam,16-Jun-22,500,-
INDUS,Kalabagh,16-Jun-22,80342,77342
INDUS,Chashma,16-Jun-22,110044,104944
INDUS,Taunsa,16-Jun-22,97322,87805
INDUS,Guddu,16-Jun-22,55000,45688
INDUS,Sukkar,16-Jun-22,40890,16250
INDUS,Kotri,16-Jun-22,10034,115
JHELUM,Kotli,16-Jun-22,-,1520
JHELUM,Mangla,16-Jun-22,23000,21215
JHELUM,Rasul,16-Jun-22,17240,15800
CHENAB,Marala,16-Jun-22,27092,17192
CHENAB,Khanki,16-Jun-22,19724,14724
CHENAB,Qadirabad,16-Jun-22,14428,-
CHENAB,Trimmu,16-Jun-22,17300,2100
CHENAB,Punjnad,16-Jun-22,2784,-
RAVI,Jassar,16-Jun-22,-,4154
RAVI,Shahdara,16-Jun-22,-,284
RAVI,Balloki,16-Jun-22,NR,14000
RAVI,Sidhnai,16-Jun-22,11300,-
SUTLEJ,Sulemanki,16-Jun-22,7540,-
SUTLEJ,Islam,16-Jun-22,-,435
INDUS,Kalabagh,16-Jun-22,85459,82459
INDUS,Chashma,16-Jun-22,117744,113440
INDUS,Taunsa,16-Jun-22,96066,86668
INDUS,Guddu,16-Jun-22,55000,45688
INDUS,Sukkar,16-Jun-22,40890,16250
INDUS,Kotri,16-Jun-22,10034,115
JHELUM,Kotli,16-Jun-22,-,1680
JHELUM,Mangla,16-Jun-22,27000,21215
JHELUM,Rasul,16-Jun-22,13335,11895
CHENAB,Marala,16-Jun-22,31282,21382
CHENAB,Khanki,16-Jun-22,21737,16737
CHENAB,Qadirabad,16-Jun-22,14428,NIL
CHENAB,Trimmu,16-Jun-22,17300,2100
CHENAB,Punjnad,16-Jun-22,2784,NIL
RAVI,Jassar,16-Jun-22,-,4154
RAVI,Shahdara,16-Jun-22,-,283
RAVI,Balloki,16-Jun-22,14000,NIL
RAVI,Sidhnai,16-Jun-22,11300,NIL
SUTLEJ,Sulemanki,16-Jun-22,6695,NIL
SUTLEJ,Islam,16-Jun-22,435,NIL
INDUS,Kalabagh,16-Jun-22,111776,108476
INDUS,Chashma,16-Jun-22,116724,113020
INDUS,Taunsa,16-Jun-22,96066,86668
INDUS,Guddu,16-Jun-22,55000,45688
INDUS,Sukkar,16-Jun-22,40890,16250
INDUS,Kotri,16-Jun-22,10034,115
JHELUM,Kotli,16-Jun-22,-,2020
JHELUM,Mangla,16-Jun-22,NR,NR
JHELUM,Rasul,16-Jun-22,13335,11895
CHENAB,Marala,16-Jun-22,39662,29762
CHENAB,Khanki,16-Jun-22,25817,20817
CHENAB,Qadirabad,16-Jun-22,15520,NIL
CHENAB,Trimmu,16-Jun-22,16606,1406
CHENAB,Punjnad,16-Jun-22,2919,NIL
RAVI,Jassar,16-Jun-22,-,4154
RAVI,Shahdara,16-Jun-22,-,284
RAVI,Balloki,16-Jun-22,13000,NIL
RAVI,Sidhnai,16-Jun-22,11000,NIL
SUTLEJ,Sulemanki,16-Jun-22,6695,NIL
SUTLEJ,Islam,16-Jun-22,435,NIL
INDUS,Kalabagh,17-Jun-22,90079,86079
INDUS,Chashma,17-Jun-22,103658,99558
INDUS,Taunsa,17-Jun-22,96066,86668
INDUS,Guddu,17-Jun-22,57354,47832
INDUS,Sukkar,17-Jun-22,40890,16250
INDUS,Kotri,17-Jun-22,10034,115
JHELUM,Kotli,17-Jun-22,-,2600
JHELUM,Mangla,17-Jun-22,29000,22315
JHELUM,Rasul,17-Jun-22,13335,11895
CHENAB,Marala,17-Jun-22,35472,25572
CHENAB,Khanki,17-Jun-22,25817,20817
CHENAB,Qadirabad,17-Jun-22,16870,NIL
CHENAB,Trimmu,17-Jun-22,16606,1406
CHENAB,Punjnad,17-Jun-22,3331,NIL
RAVI,Jassar,17-Jun-22,-,4154
RAVI,Shahdara,17-Jun-22,-,284
RAVI,Balloki,17-Jun-22,12500,NIL
RAVI,Sidhnai,17-Jun-22,11000,NIL
SUTLEJ,Sulemanki,17-Jun-22,6402,NIL
SUTLEJ,Islam,17-Jun-22,435,NIL
INDUS,Kalabagh,17-Jun-22,75933,71763
INDUS,Chashma,17-Jun-22,115232,109936
INDUS,Taunsa,17-Jun-22,96066,86668
INDUS,Guddu,17-Jun-22,59584,49957
INDUS,Sukkar,17-Jun-22,40890,16250
INDUS,Kotri,17-Jun-22,10034,115
JHELUM,Kotli,17-Jun-22,,2820
JHELUM,Mangla,17-Jun-22,29000,22615
JHELUM,Rasul,17-Jun-22,9430,7990
CHENAB,Marala,17-Jun-22,35472,25572
CHENAB,Khanki,17-Jun-22,29860,24860
CHENAB,Qadirabad,17-Jun-22,18895,Nil
CHENAB,Trimmu,17-Jun-22,16606,1406
CHENAB,Punjnad,17-Jun-22,3528,Nil
RAVI,Jassar,17-Jun-22,-,3901
RAVI,Shahdara,17-Jun-22,-,284
RAVI,Balloki,17-Jun-22,12500,Nil
RAVI,Sidhnai,17-Jun-22,11000,Nil
SUTLEJ,Sulemanki,17-Jun-22,6402,Nil
SUTLEJ,Islam,17-Jun-22,435,Nil
INDUS,Kalabagh,17-Jun-22,102980,98480
INDUS,Chashma,17-Jun-22,115317,110217
INDUS,Taunsa,17-Jun-22,96066,86668
INDUS,Guddu,17-Jun-22,59584,49957
INDUS,Sukkar,17-Jun-22,40890,16250
INDUS,Kotri,17-Jun-22,10034,115
JHELUM,Kotli,17-Jun-22,-,2600
JHELUM,Mangla,17-Jun-22,28000,27215
JHELUM,Rasul,17-Jun-22,6781,5341
CHENAB,Marala,17-Jun-22,31282,21382
CHENAB,Khanki,17-Jun-22,29860,24860
CHENAB,Qadirabad,17-Jun-22,24369,2774
CHENAB,Trimmu,17-Jun-22,16606,1406
CHENAB,Punjnad,17-Jun-22,3528,NIL
RAVI,Jassar,17-Jun-22,-,3901
RAVI,Shahdara,17-Jun-22,-,284
RAVI,Balloki,17-Jun-22,12500,NIL
RAVI,Sidhnai,17-Jun-22,11000,NIL
SUTLEJ,Sulemanki,17-Jun-22,6402,NIL
SUTLEJ,Islam,17-Jun-22,435,NIL
INDUS,Kalabagh,17-Jun-22,83614,79114
INDUS,Chashma,17-Jun-22,114105,109901
INDUS,Taunsa,17-Jun-22,96066,86668
INDUS,Guddu,17-Jun-22,59584,49957
INDUS,Sukkar,17-Jun-22,40890,16250
INDUS,Kotri,17-Jun-22,10034,115
JHELUM,Kotli,17-Jun-22,-,2400
JHELUM,Mangla,17-Jun-22,30000,29215
JHELUM,Rasul,17-Jun-22,13335,11895
CHENAB,Marala,17-Jun-22,35522,25572
CHENAB,Khanki,17-Jun-22,29860,24860
CHENAB,Qadirabad,17-Jun-22,27419,5419
CHENAB,Trimmu,17-Jun-22,16006,1406
CHENAB,Punjnad,17-Jun-22,3528,NIL
RAVI,Jassar,17-Jun-22,-,3901
RAVI,Shahdara,17-Jun-22,-,284
RAVI,Balloki,17-Jun-22,14500,NIL
RAVI,Sidhnai,17-Jun-22,11300,NIL
SUTLEJ,Sulemanki,17-Jun-22,6402,NIL
SUTLEJ,Islam,17-Jun-22,435,NIL
INDUS,Kalabagh,18-Jun-22,83614,79114
INDUS,Chashma,18-Jun-22,113578,109078
INDUS,Taunsa,18-Jun-22,96066,86668
INDUS,Guddu,18-Jun-22,65520,55276
INDUS,Sukkar,18-Jun-22,42070,16550
INDUS,Kotri,18-Jun-22,10274,115
JHELUM,Kotli,18-Jun-22,-,2200
JHELUM,Mangla,18-Jun-22,,
JHELUM,Rasul,18-Jun-22,13335,11895
CHENAB,Marala,18-Jun-22,35522,25572
CHENAB,Khanki,18-Jun-22,29860,24860
CHENAB,Qadirabad,18-Jun-22,27419,5419
CHENAB,Trimmu,18-Jun-22,16006,1406
CHENAB,Punjnad,18-Jun-22,3525,Nil
RAVI,Jassar,18-Jun-22,-,3901
RAVI,Shahdara,18-Jun-22,-,284
RAVI,Balloki,18-Jun-22,14500,Nil
RAVI,Sidhnai,18-Jun-22,11300,Nil
SUTLEJ,Sulemanki,18-Jun-22,6204,NIL
SUTLEJ,Islam,18-Jun-22,435,NIL
INDUS,Kalabagh,18-Jun-22,103035,98535
INDUS,Chashma,18-Jun-22,115716,110020
INDUS,Taunsa,18-Jun-22,96066,86668
INDUS,Guddu,18-Jun-22,68211,58075
INDUS,Sukkar,18-Jun-22,42070,16550
INDUS,Kotri,18-Jun-22,10274,115
JHELUM,Kotli,18-Jun-22,-,2020
JHELUM,Mangla,18-Jun-22,29000,27015
JHELUM,Rasul,18-Jun-22,17240,15800
CHENAB,Marala,18-Jun-22,35522,25572
CHENAB,Khanki,18-Jun-22,27870,22870
CHENAB,Qadirabad,18-Jun-22,27419,5419
CHENAB,Trimmu,18-Jun-22,14221,NIL
CHENAB,Punjnad,18-Jun-22,3528,NIL
RAVI,Jassar,18-Jun-22,-,4154
RAVI,Shahdara,18-Jun-22,-,392
RAVI,Balloki,18-Jun-22,16200,NIL
RAVI,Sidhnai,18-Jun-22,11300,NIL
SUTLEJ,Sulemanki,18-Jun-22,6204,NIL
SUTLEJ,Islam,18-Jun-22,435,NIL
INDUS,Kalabagh,18-Jun-22,116530,112030
INDUS,Chashma,18-Jun-22,127609,124001
INDUS,Taunsa,18-Jun-22,103663,93544
INDUS,Guddu,18-Jun-22,68211,58075
INDUS,Sukkar,18-Jun-22,43070,17000
INDUS,Kotri,18-Jun-22,10274,115
JHELUM,Kotli,18-Jun-22,-,2400
JHELUM,Mangla,18-Jun-22,33000,24715
JHELUM,Rasul,18-Jun-22,21453,19705
CHENAB,Marala,18-Jun-22,35522,25572
CHENAB,Khanki,18-Jun-22,31796,26796
CHENAB,Qadirabad,18-Jun-22,27419,5419
CHENAB,Trimmu,18-Jun-22,14153,2100
CHENAB,Punjnad,18-Jun-22,4158,NIL
RAVI,Jassar,18-Jun-22,-,4154
RAVI,Shahdara,18-Jun-22,-,392
RAVI,Balloki,18-Jun-22,16400,NIL
RAVI,Sidhnai,18-Jun-22,11600,NIL
SUTLEJ,Sulemanki,18-Jun-22,6823,NIL
SUTLEJ,Islam,18-Jun-22,435,NIL
INDUS,Kalabagh,18-Jun-22,116530,112030
INDUS,Chashma,18-Jun-22,128669,124469
INDUS,Taunsa,18-Jun-22,103663,93544
INDUS,Guddu,18-Jun-22,68211,58075
INDUS,Sukkar,18-Jun-22,43070,17000
INDUS,Kotri,18-Jun-22,10274,115
JHELUM,Kotli,18-Jun-22,-,4590
JHELUM,Mangla,18-Jun-22,35000,24715
JHELUM,Rasul,18-Jun-22,17548,15800
CHENAB,Marala,18-Jun-22,31332,21382
CHENAB,Khanki,18-Jun-22,29860,24860
CHENAB,Qadirabad,18-Jun-22,24774,2774
CHENAB,Trimmu,18-Jun-22,14153,2100
CHENAB,Punjnad,18-Jun-22,4158,NIL
RAVI,Jassar,18-Jun-22,-,4154
RAVI,Shahdara,18-Jun-22,-,392
RAVI,Balloki,18-Jun-22,16400,NIL
RAVI,Sidhnai,18-Jun-22,10000,NIL
SUTLEJ,Sulemanki,18-Jun-22,6823,NIL
SUTLEJ,Islam,18-Jun-22,435,NIL
INDUS,Kalabagh,19-Jun-22,120915,116415
INDUS,Chashma,19-Jun-22,101607,125915
INDUS,Taunsa,19-Jun-22,97253,87742
INDUS,Guddu,19-Jun-22,66902,56766
INDUS,Sukkar,19-Jun-22,45995,17520
INDUS,Kotri,19-Jun-22,10514,115
JHELUM,Kotli,19-Jun-22,-,4030
JHELUM,Mangla,19-Jun-22,30000,24715
JHELUM,Rasul,19-Jun-22,21453,19705
CHENAB,Marala,19-Jun-22,39712,29762
CHENAB,Khanki,19-Jun-22,29860,24860
CHENAB,Qadirabad,19-Jun-22,24774,2774
CHENAB,Trimmu,19-Jun-22,13374,2100
CHENAB,Punjnad,19-Jun-22,4309,NIL
RAVI,Jassar,19-Jun-22,-,4154
RAVI,Shahdara,19-Jun-22,-,392
RAVI,Balloki,19-Jun-22,17800,NIL
RAVI,Sidhnai,19-Jun-22,9000,NIL
SUTLEJ,Sulemanki,19-Jun-22,8505,NIL
SUTLEJ,Islam,19-Jun-22,435,NIL
INDUS,Kalabagh,19-Jun-22,133918,129418
INDUS,Chashma,19-Jun-22,125864,119355
INDUS,Taunsa,19-Jun-22,125291,110242
INDUS,Guddu,19-Jun-22,66902,56766
INDUS,Sukkar,19-Jun-22,45995,17520
INDUS,Kotri,19-Jun-22,11640,115
JHELUM,Kotli,19-Jun-22,-,3510
JHELUM,Mangla,19-Jun-22,44000,24715
JHELUM,Rasul,19-Jun-22,17548,15800
CHENAB,Marala,19-Jun-22,60737,50787
CHENAB,Khanki,19-Jun-22,25817,20817
CHENAB,Qadirabad,19-Jun-22,24774,2774
CHENAB,Trimmu,19-Jun-22,13000,NIL
CHENAB,Punjnad,19-Jun-22,4309,NIL
RAVI,Jassar,19-Jun-22,-,3901
RAVI,Shahdara,19-Jun-22,-,392
RAVI,Balloki,19-Jun-22,17800,NIL
RAVI,Sidhnai,19-Jun-22,7900,NIL
SUTLEJ,Sulemanki,19-Jun-22,8505,NIL
SUTLEJ,Islam,19-Jun-22,435,NIL
INDUS,Kalabagh,19-Jun-22,120199,115699
INDUS,Chashma,19-Jun-22,126980,120052
INDUS,Taunsa,19-Jun-22,106150,93360
INDUS,Guddu,19-Jun-22,66902,56766
INDUS,Sukkar,19-Jun-22,48590,18470
INDUS,Kotri,19-Jun-22,11640,115
JHELUM,Kotli,19-Jun-22,-,3270
JHELUM,Mangla,19-Jun-22,41000,29315
JHELUM,Rasul,19-Jun-22,13643,11895
CHENAB,Marala,19-Jun-22,39712,29762
CHENAB,Khanki,19-Jun-22,31801,26801
CHENAB,Qadirabad,19-Jun-22,24774,2774
CHENAB,Trimmu,19-Jun-22,13000,NIL
CHENAB,Punjnad,19-Jun-22,4309,NIL
RAVI,Jassar,19-Jun-22,-,3901
RAVI,Shahdara,19-Jun-22,-,392
RAVI,Balloki,19-Jun-22,19000,NIL
RAVI,Sidhnai,19-Jun-22,7600,NIL
SUTLEJ,Sulemanki,19-Jun-22,9228,NIL
SUTLEJ,Islam,19-Jun-22,435,NIL
INDUS,Kalabagh,19-Jun-22,103575,99075
INDUS,Chashma,19-Jun-22,126285,120166
INDUS,Taunsa,19-Jun-22,106150,93360
INDUS,Guddu,19-Jun-22,66902,56766
INDUS,Sukkar,19-Jun-22,48565,18470
INDUS,Kotri,19-Jun-22,11640,115
JHELUM,Kotli,19-Jun-22,-,3270
JHELUM,Mangla,19-Jun-22,32000,29315
JHELUM,Rasul,19-Jun-22,17548,15800
CHENAB,Marala,19-Jun-22,39712,29762
CHENAB,Khanki,19-Jun-22,40296,35296
CHENAB,Qadirabad,19-Jun-22,27419,5419
CHENAB,Trimmu,19-Jun-22,13000,NIL
CHENAB,Punjnad,19-Jun-22,4309,NIL
RAVI,Jassar,19-Jun-22,-,3901
RAVI,Shahdara,19-Jun-22,-,392
RAVI,Balloki,19-Jun-22,19000,NIL
RAVI,Sidhnai,19-Jun-22,7900,NIL
SUTLEJ,Sulemanki,19-Jun-22,9228,NIL
SUTLEJ,Islam,19-Jun-22,Nil,NIL
INDUS,Kalabagh,20-Jun-22,80591,76091
INDUS,Chashma,20-Jun-22,125050,119950
INDUS,Taunsa,20-Jun-22,99969,87908
INDUS,Guddu,20-Jun-22,70353,60217
INDUS,Sukkar,20-Jun-22,52810,19530
INDUS,Kotri,20-Jun-22,11405,120
JHELUM,Kotli,20-Jun-22,-,3770
JHELUM,Mangla,20-Jun-22,30000,29315
JHELUM,Rasul,20-Jun-22,17548,15800
CHENAB,Marala,20-Jun-22,35522,25572
CHENAB,Khanki,20-Jun-22,40296,35296
CHENAB,Qadirabad,20-Jun-22,27419,5419
CHENAB,Trimmu,20-Jun-22,15789,2789
CHENAB,Punjnad,20-Jun-22,4480,NIL
RAVI,Jassar,20-Jun-22,-,3901
RAVI,Shahdara,20-Jun-22,-,284
RAVI,Balloki,20-Jun-22,19000,NIL
RAVI,Sidhnai,20-Jun-22,8700,NIL
SUTLEJ,Sulemanki,20-Jun-22,9201,NIL
SUTLEJ,Islam,20-Jun-22,300,NIL
INDUS,Kalabagh,20-Jun-22,123191,118691
INDUS,Chashma,20-Jun-22,124045,119964
INDUS,Taunsa,20-Jun-22,99969,87908
INDUS,Guddu,20-Jun-22,70460,60324
INDUS,Sukkar,20-Jun-22,52810,19530
INDUS,Kotri,20-Jun-22,12175,120
JHELUM,Kotli,20-Jun-22,-,4030
JHELUM,Mangla,20-Jun-22,30000,29315
JHELUM,Rasul,20-Jun-22,17548,15800
CHENAB,Marala,20-Jun-22,35522,25572
CHENAB,Khanki,20-Jun-22,40296,35296
CHENAB,Qadirabad,20-Jun-22,36496,14496
CHENAB,Trimmu,20-Jun-22,15789,2789
CHENAB,Punjnad,20-Jun-22,4480,Nil
RAVI,Jassar,20-Jun-22,-,4154
RAVI,Shahdara,20-Jun-22,-,284
RAVI,Balloki,20-Jun-22,19000,Nil
RAVI,Sidhnai,20-Jun-22,9000,Nil
SUTLEJ,Sulemanki,20-Jun-22,9201,Nil
SUTLEJ,Islam,20-Jun-22,300,Nil
INDUS,Kalabagh,20-Jun-22,113007,108252
INDUS,Chashma,20-Jun-22,180549,177900
INDUS,Taunsa,20-Jun-22,99969,87908
INDUS,Guddu,20-Jun-22,70650,60514
INDUS,Sukkar,20-Jun-22,52810,19530
INDUS,Kotri,20-Jun-22,12055,120
JHELUM,Kotli,20-Jun-22,-,3770
JHELUM,Mangla,20-Jun-22,27000,28545
JHELUM,Rasul,20-Jun-22,21453,19705
CHENAB,Marala,20-Jun-22,27142,17192
CHENAB,Khanki,20-Jun-22,36072,31072
CHENAB,Qadirabad,20-Jun-22,36496,14496
CHENAB,Trimmu,20-Jun-22,15100,2100
CHENAB,Punjnad,20-Jun-22,5030,Nil
RAVI,Jassar,20-Jun-22,-,4154
RAVI,Shahdara,20-Jun-22,-,284
RAVI,Balloki,20-Jun-22,19000,Nil
RAVI,Sidhnai,20-Jun-22,9400,Nil
SUTLEJ,Sulemanki,20-Jun-22,10309,Nil
SUTLEJ,Islam,20-Jun-22,300,Nil
INDUS,Kalabagh,20-Jun-22,122777,117777
INDUS,Chashma,20-Jun-22,171007,168653
INDUS,Taunsa,20-Jun-22,104639,92027
INDUS,Guddu,20-Jun-22,70650,60514
INDUS,Sukkar,20-Jun-22,52810,19530
INDUS,Kotri,20-Jun-22,11730,115
JHELUM,Kotli,20-Jun-22,-,3270
JHELUM,Mangla,20-Jun-22,30000,29215
JHELUM,Rasul,20-Jun-22,21453,19705
CHENAB,Marala,20-Jun-22,31332,21382
CHENAB,Khanki,20-Jun-22,31796,26796
CHENAB,Qadirabad,20-Jun-22,26786,4786
CHENAB,Trimmu,20-Jun-22,13312,Nil
CHENAB,Punjnad,20-Jun-22,5480,Nil
RAVI,Jassar,20-Jun-22,-,4154
RAVI,Shahdara,20-Jun-22,-,284
RAVI,Balloki,20-Jun-22,19100,Nil
RAVI,Sidhnai,20-Jun-22,9400,Nil
SUTLEJ,Sulemanki,20-Jun-22,10309,Nil
SUTLEJ,Islam,20-Jun-22,300,Nil
INDUS,Kalabagh,21-Jun-22,129148,123808
INDUS,Chashma,21-Jun-22,174273,168873
INDUS,Taunsa,21-Jun-22,104639,92027
INDUS,Guddu,21-Jun-22,71819,61683
INDUS,Sukkar,21-Jun-22,58750,24030
INDUS,Kotri,21-Jun-22,11430,115
JHELUM,Kotli,21-Jun-22,-,2820
JHELUM,Mangla,21-Jun-22,32000,29215
JHELUM,Rasul,21-Jun-22,21453,19705
CHENAB,Marala,21-Jun-22,31332,21382
CHENAB,Khanki,21-Jun-22,23720,18720
CHENAB,Qadirabad,21-Jun-22,26786,4786
CHENAB,Trimmu,21-Jun-22,14505,Nil
CHENAB,Punjnad,21-Jun-22,5970,Nil
RAVI,Jassar,21-Jun-22,-,4154
RAVI,Shahdara,21-Jun-22,-,392
RAVI,Balloki,21-Jun-22,19600,NIL
RAVI,Sidhnai,21-Jun-22,9400,Nil
SUTLEJ,Sulemanki,21-Jun-22,10642,631
SUTLEJ,Islam,21-Jun-22,300,Nil
INDUS,Kalabagh,21-Jun-22,131698,125933
INDUS,Chashma,21-Jun-22,154852,148948
INDUS,Taunsa,21-Jun-22,104639,92027
INDUS,Guddu,21-Jun-22,74182,63020
INDUS,Sukkar,21-Jun-22,58750,24030
INDUS,Kotri,21-Jun-22,11710,115
JHELUM,Kotli,21-Jun-22,-,14990
JHELUM,Mangla,21-Jun-22,30000,29115
JHELUM,Rasul,21-Jun-22,17548,15800
CHENAB,Marala,21-Jun-22,27142,17192
CHENAB,Khanki,21-Jun-22,21737,16737
CHENAB,Qadirabad,21-Jun-22,24156,2156
CHENAB,Trimmu,21-Jun-22,13069,NIL
CHENAB,Punjnad,21-Jun-22,6385,NIL
RAVI,Jassar,21-Jun-22,-,3901
RAVI,Shahdara,21-Jun-22,-,392
RAVI,Balloki,21-Jun-22,19600,NIL
RAVI,Sidhnai,21-Jun-22,10400,NIL
SUTLEJ,Sulemanki,21-Jun-22,10642,631
SUTLEJ,Islam,21-Jun-22,300,NIL
INDUS,Kalabagh,21-Jun-22,125989,119989
INDUS,Chashma,21-Jun-22,155384,149080
INDUS,Taunsa,21-Jun-22,113675,99997
INDUS,Guddu,21-Jun-22,75425,63763
INDUS,Sukkar,21-Jun-22,58750,24030
INDUS,Kotri,21-Jun-22,11810,115
JHELUM,Kotli,21-Jun-22,-,6160
JHELUM,Mangla,21-Jun-22,31000,28515
JHELUM,Rasul,21-Jun-22,21453,19705
CHENAB,Marala,21-Jun-22,22902,13002
CHENAB,Khanki,21-Jun-22,25817,20817
CHENAB,Qadirabad,21-Jun-22,22000,NIL
CHENAB,Trimmu,21-Jun-22,12769,NIL
CHENAB,Punjnad,21-Jun-22,6385,NIL
RAVI,Jassar,21-Jun-22,-,3901
RAVI,Shahdara,21-Jun-22,-,392
RAVI,Balloki,21-Jun-22,19600,NIL
RAVI,Sidhnai,21-Jun-22,10400,NIL
SUTLEJ,Sulemanki,21-Jun-22,9807,Nil
SUTLEJ,Islam,21-Jun-22,300,Nil
INDUS,Kalabagh,21-Jun-22,105651,100151
INDUS,Chashma,21-Jun-22,155930,149007
INDUS,Taunsa,21-Jun-22,113675,99997
INDUS,Guddu,21-Jun-22,75425,63763
INDUS,Sukkar,21-Jun-22,58750,24030
INDUS,Kotri,21-Jun-22,11910,115
JHELUM,Kotli,21-Jun-22,-,12050
JHELUM,Mangla,21-Jun-22,32000,29215
JHELUM,Rasul,21-Jun-22,21453,19705
CHENAB,Marala,21-Jun-22,27042,17192
CHENAB,Khanki,21-Jun-22,23720,18720
CHENAB,Qadirabad,21-Jun-22,22000,NIL
CHENAB,Trimmu,21-Jun-22,12532,NIL
CHENAB,Punjnad,21-Jun-22,6385,NIL
RAVI,Jassar,21-Jun-22,-,3901
RAVI,Shahdara,21-Jun-22,-,392
RAVI,Balloki,21-Jun-22,19600,NIL
RAVI,Sidhnai,21-Jun-22,10400,NIL
SUTLEJ,Sulemanki,21-Jun-22,9807,Nil
SUTLEJ,Islam,21-Jun-22,300,Nil
INDUS,Kalabagh,22-Jun-22,70355,65455
INDUS,Chashma,22-Jun-22,153761,148561
INDUS,Taunsa,22-Jun-22,112425,100015
INDUS,Guddu,22-Jun-22,78588,66726
INDUS,Sukkar,22-Jun-22,59767,25047
INDUS,Kotri,22-Jun-22,11910,115
JHELUM,Kotli,22-Jun-22,-,10130
JHELUM,Mangla,22-Jun-22,32000,29215
JHELUM,Rasul,22-Jun-22,21453,19705
CHENAB,Marala,22-Jun-22,27042,17192
CHENAB,Khanki,22-Jun-22,17390,12390
CHENAB,Qadirabad,22-Jun-22,22000,NIL
CHENAB,Trimmu,22-Jun-22,11615,NIL
CHENAB,Punjnad,22-Jun-22,6385,NIL
RAVI,Jassar,22-Jun-22,-,3901
RAVI,Shahdara,22-Jun-22,-,499
RAVI,Balloki,22-Jun-22,19600,NIL
RAVI,Sidhnai,22-Jun-22,9400,NIL
SUTLEJ,Sulemanki,22-Jun-22,10431,624
SUTLEJ,Islam,22-Jun-22,300,Nil
INDUS,Kalabagh,22-Jun-22,126398,121898
INDUS,Chashma,22-Jun-22,152140,149053
INDUS,Taunsa,22-Jun-22,118166,105136
INDUS,Guddu,22-Jun-22,79654,67792
INDUS,Sukkar,22-Jun-22,59767,25047
INDUS,Kotri,22-Jun-22,11910,115
JHELUM,Kotli,22-Jun-22,-,23820
JHELUM,Mangla,22-Jun-22,60000,29415
JHELUM,Rasul,22-Jun-22,25358,23610
CHENAB,Marala,22-Jun-22,81922,72072
CHENAB,Khanki,22-Jun-22,19724,14724
CHENAB,Qadirabad,22-Jun-22,21000,Nil
CHENAB,Trimmu,22-Jun-22,13251,NIL
CHENAB,Punjnad,22-Jun-22,6385,NIL
RAVI,Jassar,22-Jun-22,-,3141
RAVI,Shahdara,22-Jun-22,-,499
RAVI,Balloki,22-Jun-22,19400,NIL
RAVI,Sidhnai,22-Jun-22,9000,NIL
SUTLEJ,Sulemanki,22-Jun-22,10431,624
SUTLEJ,Islam,22-Jun-22,300,NIL
INDUS,Kalabagh,22-Jun-22,118289,113789
INDUS,Chashma,22-Jun-22,153265,149061
INDUS,Taunsa,22-Jun-22,120036,106805
INDUS,Guddu,22-Jun-22,81906,69794
INDUS,Sukkar,22-Jun-22,59767,25047
INDUS,Kotri,22-Jun-22,11910,115
JHELUM,Kotli,22-Jun-22,-,13070
JHELUM,Mangla,22-Jun-22,75000,29815
JHELUM,Rasul,22-Jun-22,21453,19705
CHENAB,Marala,22-Jun-22,94630,84780
CHENAB,Khanki,22-Jun-22,19724,14724
CHENAB,Qadirabad,22-Jun-22,19000,NIL
CHENAB,Trimmu,22-Jun-22,15358,NIL
CHENAB,Punjnad,22-Jun-22,6385,NIL
RAVI,Jassar,22-Jun-22,-,3141
RAVI,Shahdara,22-Jun-22,-,499
RAVI,Balloki,22-Jun-22,19400,NIL
RAVI,Sidhnai,22-Jun-22,9000,NIL
SUTLEJ,Sulemanki,22-Jun-22,10616,Nil
SUTLEJ,Islam,22-Jun-22,300,Nil
INDUS,Kalabagh,22-Jun-22,132333,127408
INDUS,Chashma,22-Jun-22,143781,139181
INDUS,Taunsa,22-Jun-22,117711,104731
INDUS,Guddu,22-Jun-22,81906,69794
INDUS,Sukkar,22-Jun-22,59767,25047
INDUS,Kotri,22-Jun-22,11730,115
JHELUM,Kotli,22-Jun-22,-,8010
JHELUM,Mangla,22-Jun-22,72000,29815
JHELUM,Rasul,22-Jun-22,21555,19705
CHENAB,Marala,22-Jun-22,117370,107520
CHENAB,Khanki,22-Jun-22,65104,60104
CHENAB,Qadirabad,22-Jun-22,19000,NIL
CHENAB,Trimmu,22-Jun-22,15759,NIL
CHENAB,Punjnad,22-Jun-22,6385,NIL
RAVI,Jassar,22-Jun-22,-,3141
RAVI,Shahdara,22-Jun-22,-,499
RAVI,Balloki,22-Jun-22,19400,NR
RAVI,Sidhnai,22-Jun-22,10000,NIL
SUTLEJ,Sulemanki,22-Jun-22,10616,NIL
SUTLEJ,Islam,22-Jun-22,450,Nil
INDUS,Kalabagh,23-Jun-22,89407,84407
INDUS,Chashma,23-Jun-22,153300,148700
INDUS,Taunsa,23-Jun-22,117711,104731
INDUS,Guddu,23-Jun-22,81906,69794
INDUS,Sukkar,23-Jun-22,59767,25047
INDUS,Kotri,23-Jun-22,11730,115
JHELUM,Kotli,23-Jun-22,-,5820
JHELUM,Mangla,23-Jun-22,66000,29615
JHELUM,Rasul,23-Jun-22,21555,19705
CHENAB,Marala,23-Jun-22,74892,65042
CHENAB,Khanki,23-Jun-22,112976,107976
CHENAB,Qadirabad,23-Jun-22,61787,41437
CHENAB,Trimmu,23-Jun-22,20174,4074
CHENAB,Punjnad,23-Jun-22,6385,NIL
RAVI,Jassar,23-Jun-22,-,3141
RAVI,Shahdara,23-Jun-22,-,499
RAVI,Balloki,23-Jun-22,19400,NIL
RAVI,Sidhnai,23-Jun-22,11400,NIL
SUTLEJ,Sulemanki,23-Jun-22,11732,1116
SUTLEJ,Islam,23-Jun-22,450,Nil
INDUS,Kalabagh,23-Jun-22,78811,73386
INDUS,Chashma,23-Jun-22,146045,141445
INDUS,Taunsa,23-Jun-22,117422,101428
INDUS,Guddu,23-Jun-22,78856,66744
INDUS,Sukkar,23-Jun-22,61155,25150
INDUS,Kotri,23-Jun-22,11230,115
JHELUM,Kotli,23-Jun-22,-,4880
JHELUM,Mangla,23-Jun-22,60000,30015
JHELUM,Rasul,23-Jun-22,17650,15800
CHENAB,Marala,23-Jun-22,64236,54336
CHENAB,Khanki,23-Jun-22,74760,69760
CHENAB,Qadirabad,23-Jun-22,119715,98015
CHENAB,Trimmu,23-Jun-22,19507,3407
CHENAB,Punjnad,23-Jun-22,6385,NIL
RAVI,Jassar,23-Jun-22,-,5676
RAVI,Shahdara,23-Jun-22,-,499
RAVI,Balloki,23-Jun-22,19400,NIL
RAVI,Sidhnai,23-Jun-22,11700,NIL
SUTLEJ,Sulemanki,23-Jun-22,11732,1116
SUTLEJ,Islam,23-Jun-22,450,NIL
INDUS,Kalabagh,23-Jun-22,113182,107256
INDUS,Chashma,23-Jun-22,129582,124982
INDUS,Taunsa,23-Jun-22,121225,104721
INDUS,Guddu,23-Jun-22,80127,68015
INDUS,Sukkar,23-Jun-22,61590,25200
INDUS,Kotri,23-Jun-22,11230,115
JHELUM,Kotli,23-Jun-22,-,4590
JHELUM,Mangla,23-Jun-22,60000,30015
JHELUM,Rasul,23-Jun-22,24150,15800
CHENAB,Marala,23-Jun-22,32396,22218
CHENAB,Khanki,23-Jun-22,67446,61446
CHENAB,Qadirabad,23-Jun-22,69742,47742
CHENAB,Trimmu,23-Jun-22,18973,2065
CHENAB,Punjnad,23-Jun-22,6385,NIL
RAVI,Jassar,23-Jun-22,-,6353
RAVI,Shahdara,23-Jun-22,-,392
RAVI,Balloki,23-Jun-22,18600,NIL
RAVI,Sidhnai,23-Jun-22,12300,NIL
SUTLEJ,Sulemanki,23-Jun-22,11232,Nil
SUTLEJ,Islam,23-Jun-22,450,Nil
INDUS,Kalabagh,23-Jun-22,122781,116781
INDUS,Chashma,23-Jun-22,122120,117520
INDUS,Taunsa,23-Jun-22,121225,104721
INDUS,Guddu,23-Jun-22,80127,68015
INDUS,Sukkar,23-Jun-22,61590,25200
INDUS,Kotri,23-Jun-22,11230,115
JHELUM,Kotli,23-Jun-22,-,4590
JHELUM,Mangla,23-Jun-22,50000,30015
JHELUM,Rasul,23-Jun-22,24845,11895
CHENAB,Marala,23-Jun-22,37671,27571
CHENAB,Khanki,23-Jun-22,48833,42833
CHENAB,Qadirabad,23-Jun-22,63437,41437
CHENAB,Trimmu,23-Jun-22,18570,1384
CHENAB,Punjnad,23-Jun-22,6385,NIL
RAVI,Jassar,23-Jun-22,-,5676
RAVI,Shahdara,23-Jun-22,-,392
RAVI,Balloki,23-Jun-22,18100,NIL
RAVI,Sidhnai,23-Jun-22,12300,NIL
SUTLEJ,Sulemanki,23-Jun-22,11232,Nil
SUTLEJ,Islam,23-Jun-22,450,Nil
INDUS,Kalabagh,24-Jun-22,98392,92392
INDUS,Chashma,24-Jun-22,134639,130039
INDUS,Taunsa,24-Jun-22,121225,104721
INDUS,Guddu,24-Jun-22,80365,68253
INDUS,Sukkar,24-Jun-22,63040,25650
INDUS,Kotri,24-Jun-22,11210,115
JHELUM,Kotli,24-Jun-22,-,4590
JHELUM,Mangla,24-Jun-22,50000,11515
JHELUM,Rasul,24-Jun-22,27845,11895
CHENAB,Marala,24-Jun-22,32318,22218
CHENAB,Khanki,24-Jun-22,38609,32609
CHENAB,Qadirabad,24-Jun-22,53419,31419
CHENAB,Trimmu,24-Jun-22,20234,2734
CHENAB,Punjnad,24-Jun-22,6160,NIL
RAVI,Jassar,24-Jun-22,-,5676
RAVI,Shahdara,24-Jun-22,-,499
RAVI,Balloki,24-Jun-22,17700,NIL
RAVI,Sidhnai,24-Jun-22,12300,NIL
SUTLEJ,Sulemanki,24-Jun-22,11107,Nil
SUTLEJ,Islam,24-Jun-22,350,Nil
INDUS,Kalabagh,24-Jun-22,103819,97819
INDUS,Chashma,24-Jun-22,136023,131423
INDUS,Taunsa,24-Jun-22,121225,104721
INDUS,Guddu,24-Jun-22,81747,69635
INDUS,Sukkar,24-Jun-22,63040,25650
INDUS,Kotri,24-Jun-22,11050,115
JHELUM,Kotli,24-Jun-22,-,3770
JHELUM,Mangla,24-Jun-22,46000,20715
JHELUM,Rasul,24-Jun-22,16850,Nil
CHENAB,Marala,24-Jun-22,37771,27571
CHENAB,Khanki,24-Jun-22,35659,29659
CHENAB,Qadirabad,24-Jun-22,53419,31419
CHENAB,Trimmu,24-Jun-22,20895,3395
CHENAB,Punjnad,24-Jun-22,6160,NIL
RAVI,Jassar,24-Jun-22,-,4660
RAVI,Shahdara,24-Jun-22,-,392
RAVI,Balloki,24-Jun-22,17700,NIL
RAVI,Sidhnai,24-Jun-22,12700,NIL
SUTLEJ,Sulemanki,24-Jun-22,11107,Nil
SUTLEJ,Islam,24-Jun-22,350,NIL
INDUS,Kalabagh,24-Jun-22,103819,97819
INDUS,Chashma,24-Jun-22,131645,127545
INDUS,Taunsa,24-Jun-22,121225,104721
INDUS,Guddu,24-Jun-22,83423,71311
INDUS,Sukkar,24-Jun-22,63040,25650
INDUS,Kotri,24-Jun-22,11050,115
JHELUM,Kotli,24-Jun-22,-,3270
JHELUM,Mangla,24-Jun-22,37000,22115
JHELUM,Rasul,24-Jun-22,17700,NIL
CHENAB,Marala,24-Jun-22,32418,22218
CHENAB,Khanki,24-Jun-22,31144,25144
CHENAB,Qadirabad,24-Jun-22,41787,19787
CHENAB,Trimmu,24-Jun-22,23456,5956
CHENAB,Punjnad,24-Jun-22,6160,NIL
RAVI,Jassar,24-Jun-22,-,4154
RAVI,Shahdara,24-Jun-22,-,392
RAVI,Balloki,24-Jun-22,18100,NIL
RAVI,Sidhnai,24-Jun-22,12700,NIL
SUTLEJ,Sulemanki,24-Jun-22,10900,NIL
SUTLEJ,Islam,24-Jun-22,350,NIL
INDUS,Kalabagh,24-Jun-22,101980,96480
INDUS,Chashma,24-Jun-22,122888,118788
INDUS,Taunsa,24-Jun-22,121225,104721
INDUS,Guddu,24-Jun-22,83423,71311
INDUS,Sukkar,24-Jun-22,63040,25650
INDUS,Kotri,24-Jun-22,11050,115
JHELUM,Kotli,24-Jun-22,-,3040
JHELUM,Mangla,24-Jun-22,44000,29515
JHELUM,Rasul,24-Jun-22,15700,NIL
CHENAB,Marala,24-Jun-22,21862,11512
CHENAB,Khanki,24-Jun-22,29832,23832
CHENAB,Qadirabad,24-Jun-22,41787,19737
CHENAB,Trimmu,24-Jun-22,23456,5956
CHENAB,Punjnad,24-Jun-22,6160,NIL
RAVI,Jassar,24-Jun-22,-,4154
RAVI,Shahdara,24-Jun-22,-,392
RAVI,Balloki,24-Jun-22,19400,NIL
RAVI,Sidhnai,24-Jun-22,12700,NIL
SUTLEJ,Sulemanki,24-Jun-22,10900,NIL
SUTLEJ,Islam,24-Jun-22,350,NIL
INDUS,Kalabagh,25-Jun-22,83159,78159
INDUS,Chashma,25-Jun-22,135322,131222
INDUS,Taunsa,25-Jun-22,121225,104721
INDUS,Guddu,25-Jun-22,85368,73256
INDUS,Sukkar,25-Jun-22,63490,26050
INDUS,Kotri,25-Jun-22,10740,115
JHELUM,Kotli,25-Jun-22,-,3040
JHELUM,Mangla,25-Jun-22,36000,29515
JHELUM,Rasul,25-Jun-22,15700,NIL
CHENAB,Marala,25-Jun-22,27215,16865
CHENAB,Khanki,25-Jun-22,23930,17930
CHENAB,Qadirabad,25-Jun-22,41787,19737
CHENAB,Trimmu,25-Jun-22,23456,5956
CHENAB,Punjnad,25-Jun-22,6160,NIL
RAVI,Jassar,25-Jun-22,-,4154
RAVI,Shahdara,25-Jun-22,-,821
RAVI,Balloki,25-Jun-22,20600,NIL
RAVI,Sidhnai,25-Jun-22,12700,NIL
SUTLEJ,Sulemanki,25-Jun-22,10303,NIL
SUTLEJ,Islam,25-Jun-22,350,NIL
INDUS,Kalabagh,25-Jun-22,100910,95910
INDUS,Chashma,25-Jun-22,129131,125031
INDUS,Taunsa,25-Jun-22,121225,104721
INDUS,Guddu,25-Jun-22,87770,75658
INDUS,Sukkar,25-Jun-22,63490,26050
INDUS,Kotri,25-Jun-22,10740,115
JHELUM,Kotli,25-Jun-22,-,2600
JHELUM,Mangla,25-Jun-22,44000,30415
JHELUM,Rasul,25-Jun-22,16450,NIL
CHENAB,Marala,25-Jun-22,27315,16865
CHENAB,Khanki,25-Jun-22,24720,18720
CHENAB,Qadirabad,25-Jun-22,32778,10778
CHENAB,Trimmu,25-Jun-22,23456,5956
CHENAB,Punjnad,25-Jun-22,6160,NIL
RAVI,Jassar,25-Jun-22,-,3141
RAVI,Shahdara,25-Jun-22,-,821
RAVI,Balloki,25-Jun-22,20600,NIL
RAVI,Sidhnai,25-Jun-22,12700,NIL
SUTLEJ,Sulemanki,25-Jun-22,10303,NIL
SUTLEJ,Islam,25-Jun-22,350,NIL
INDUS,Kalabagh,25-Jun-22,69000,64500
INDUS,Chashma,25-Jun-22,97156,89847
INDUS,Taunsa,25-Jun-22,121225,104721
INDUS,Guddu,25-Jun-22,90707,76685
INDUS,Sukkar,25-Jun-22,63490,26050
INDUS,Kotri,25-Jun-22,10740,115
JHELUM,Kotli,25-Jun-22,-,2400
JHELUM,Mangla,25-Jun-22,49000,41674
JHELUM,Rasul,25-Jun-22,23291,5341
CHENAB,Marala,25-Jun-22,27315,16865
CHENAB,Khanki,25-Jun-22,18390,12390
CHENAB,Qadirabad,25-Jun-22,30379,8379
CHENAB,Trimmu,25-Jun-22,23456,5956
CHENAB,Punjnad,25-Jun-22,6160,NIL
RAVI,Jassar,25-Jun-22,-,3141
RAVI,Shahdara,25-Jun-22,-,821
RAVI,Balloki,25-Jun-22,20200,NIL
RAVI,Sidhnai,25-Jun-22,12700,NIL
SUTLEJ,Sulemanki,25-Jun-22,10569,NIL
SUTLEJ,Islam,25-Jun-22,350,NIL
INDUS,Kalabagh,25-Jun-22,90470,87270
INDUS,Chashma,25-Jun-22,94967,89867
INDUS,Taunsa,25-Jun-22,118379,102256
INDUS,Guddu,25-Jun-22,90707,76685
INDUS,Sukkar,25-Jun-22,63490,26050
INDUS,Kotri,25-Jun-22,10740,115
JHELUM,Kotli,25-Jun-22,-,2400
JHELUM,Mangla,25-Jun-22,43000,41674
JHELUM,Rasul,25-Jun-22,24291,5341
CHENAB,Marala,25-Jun-22,27365,16865
CHENAB,Khanki,25-Jun-22,22737,16737
CHENAB,Qadirabad,25-Jun-22,30379,8379
CHENAB,Trimmu,25-Jun-22,29509,12009
CHENAB,Punjnad,25-Jun-22,6160,NIL
RAVI,Jassar,25-Jun-22,-,3141
RAVI,Shahdara,25-Jun-22,-,606
RAVI,Balloki,25-Jun-22,19000,NIL
RAVI,Sidhnai,25-Jun-22,12700,NIL
SUTLEJ,Sulemanki,25-Jun-22,10569,NIL
SUTLEJ,Islam,25-Jun-22,350,NIL
INDUS,Kalabagh,26-Jun-22,67377,95377
INDUS,Chashma,26-Jun-22,94693,89593
INDUS,Taunsa,26-Jun-22,118379,102256
INDUS,Guddu,26-Jun-22,93922,77885
INDUS,Sukkar,26-Jun-22,64525,27035
INDUS,Kotri,26-Jun-22,10745,110
JHELUM,Kotli,26-Jun-22,-,2400
JHELUM,Mangla,26-Jun-22,45000,31666
JHELUM,Rasul,26-Jun-22,24791,5341
CHENAB,Marala,26-Jun-22,27365,16865
CHENAB,Khanki,26-Jun-22,22737,16737
CHENAB,Qadirabad,26-Jun-22,30379,8379
CHENAB,Trimmu,26-Jun-22,36537,19037
CHENAB,Punjnad,26-Jun-22,6446,NIL
RAVI,Jassar,26-Jun-22,-,3141
RAVI,Shahdara,26-Jun-22,-,499
RAVI,Balloki,26-Jun-22,18500,NIL
RAVI,Sidhnai,26-Jun-22,12456,NIL
SUTLEJ,Sulemanki,26-Jun-22,11304,NIL
SUTLEJ,Islam,26-Jun-22,350,NIL
INDUS,Kalabagh,26-Jun-22,60772,58772
INDUS,Chashma,26-Jun-22,105087,99987
INDUS,Taunsa,26-Jun-22,118345,102227
INDUS,Guddu,26-Jun-22,94833,78796
INDUS,Sukkar,26-Jun-22,65150,27660
INDUS,Kotri,26-Jun-22,10745,110
JHELUM,Kotli,26-Jun-22,-,2200
JHELUM,Mangla,26-Jun-22,48000,31916
JHELUM,Rasul,26-Jun-22,19950,NIL
CHENAB,Marala,26-Jun-22,27365,16865
CHENAB,Khanki,26-Jun-22,20724,14724
CHENAB,Qadirabad,26-Jun-22,32776,10776
CHENAB,Trimmu,26-Jun-22,40506,23006
CHENAB,Punjnad,26-Jun-22,6446,NIL
RAVI,Jassar,26-Jun-22,-,2888
RAVI,Shahdara,26-Jun-22,-,499
RAVI,Balloki,26-Jun-22,18500,NIL
RAVI,Sidhnai,26-Jun-22,12456,NIL
SUTLEJ,Sulemanki,26-Jun-22,11304,NIL
SUTLEJ,Islam,26-Jun-22,350,NIL
INDUS,Kalabagh,26-Jun-22,63636,61636
INDUS,Chashma,26-Jun-22,105874,99962
INDUS,Taunsa,26-Jun-22,113883,98363
INDUS,Guddu,26-Jun-22,95935,79898
INDUS,Sukkar,26-Jun-22,66020,28530
INDUS,Kotri,26-Jun-22,10825,110
JHELUM,Kotli,26-Jun-22,-,1840
JHELUM,Mangla,26-Jun-22,51000,43824
JHELUM,Rasul,26-Jun-22,25816,5341
CHENAB,Marala,26-Jun-22,27365,16865
CHENAB,Khanki,26-Jun-22,18390,12390
CHENAB,Qadirabad,26-Jun-22,32776,10776
CHENAB,Trimmu,26-Jun-22,38405,20805
CHENAB,Punjnad,26-Jun-22,7654,NIL
RAVI,Jassar,26-Jun-22,-,2888
RAVI,Shahdara,26-Jun-22,-,499
RAVI,Balloki,26-Jun-22,19600,NIL
RAVI,Sidhnai,26-Jun-22,12456,NIL
SUTLEJ,Sulemanki,26-Jun-22,11489,NIL
SUTLEJ,Islam,26-Jun-22,350,NIL
INDUS,Kalabagh,26-Jun-22,84497,82497
INDUS,Chashma,26-Jun-22,104311,100023
INDUS,Taunsa,26-Jun-22,113883,98363
INDUS,Guddu,26-Jun-22,95935,79898
INDUS,Sukkar,26-Jun-22,66020,28530
INDUS,Kotri,26-Jun-22,10825,110
JHELUM,Kotli,26-Jun-22,-,2020
JHELUM,Mangla,26-Jun-22,46000,43824
JHELUM,Rasul,26-Jun-22,32845,11895
CHENAB,Marala,26-Jun-22,27365,13865
CHENAB,Khanki,26-Jun-22,22737,16737
CHENAB,Qadirabad,26-Jun-22,30379,8379
CHENAB,Trimmu,26-Jun-22,38405,20805
CHENAB,Punjnad,26-Jun-22,7654,NIL
RAVI,Jassar,26-Jun-22,-,2888
RAVI,Shahdara,26-Jun-22,-,499
RAVI,Balloki,26-Jun-22,20000,NIL
RAVI,Sidhnai,26-Jun-22,12456,NIL
SUTLEJ,Sulemanki,26-Jun-22,11489,NIL
SUTLEJ,Islam,26-Jun-22,600,NIL
INDUS,Kalabagh,27-Jun-22,98865,96865
INDUS,Chashma,27-Jun-22,105945,100033
INDUS,Taunsa,27-Jun-22,113883,98363
INDUS,Guddu,27-Jun-22,98326,79003
INDUS,Sukkar,27-Jun-22,68190,29030
INDUS,Kotri,27-Jun-22,11945,110
JHELUM,Kotli,27-Jun-22,-,2200
JHELUM,Mangla,27-Jun-22,47000,34254
JHELUM,Rasul,27-Jun-22,27041,5341
CHENAB,Marala,27-Jun-22,32718,22218
CHENAB,Khanki,27-Jun-22,18390,12390
CHENAB,Qadirabad,27-Jun-22,32776,10776
CHENAB,Trimmu,27-Jun-22,38405,20805
CHENAB,Punjnad,27-Jun-22,1654,NIL
RAVI,Jassar,27-Jun-22,-,2888
RAVI,Shahdara,27-Jun-22,-,392
RAVI,Balloki,27-Jun-22,20000,NIL
RAVI,Sidhnai,27-Jun-22,12456,NIL
SUTLEJ,Sulemanki,27-Jun-22,10965,NIL
SUTLEJ,Islam,27-Jun-22,600,NIL
INDUS,Kalabagh,27-Jun-22,79725,77725
INDUS,Chashma,27-Jun-22,105047,99947
INDUS,Taunsa,27-Jun-22,115569,98823
INDUS,Guddu,27-Jun-22,98602,79003
INDUS,Sukkar,27-Jun-22,68190,29030
INDUS,Kotri,27-Jun-22,12185,110
JHELUM,Kotli,27-Jun-22,-,1840
JHELUM,Mangla,27-Jun-22,39000,32466
JHELUM,Rasul,27-Jun-22,33845,11895
CHENAB,Marala,27-Jun-22,38071,27571
CHENAB,Khanki,27-Jun-22,20724,14724
CHENAB,Qadirabad,27-Jun-22,32776,10776
CHENAB,Trimmu,27-Jun-22,35243,17643
CHENAB,Punjnad,27-Jun-22,7412,NIL
RAVI,Jassar,27-Jun-22,-,2635
RAVI,Shahdara,27-Jun-22,-,392
RAVI,Balloki,27-Jun-22,19600,NIL
RAVI,Sidhnai,27-Jun-22,13000,NIL
SUTLEJ,Sulemanki,27-Jun-22,10965,Nil
SUTLEJ,Islam,27-Jun-22,600,NIL
INDUS,Kalabagh,27-Jun-22,63399,61399
INDUS,Chashma,27-Jun-22,103839,100043
INDUS,Taunsa,27-Jun-22,113583,98103
INDUS,Guddu,27-Jun-22,98602,79003
INDUS,Sukkar,27-Jun-22,70860,30110
INDUS,Kotri,27-Jun-22,12185,110
JHELUM,Kotli,27-Jun-22,-,1840
JHELUM,Mangla,27-Jun-22,46000,46474
JHELUM,Rasul,27-Jun-22,33640,11895
CHENAB,Marala,27-Jun-22,27365,16865
CHENAB,Khanki,27-Jun-22,20724,14724
CHENAB,Qadirabad,27-Jun-22,30379,8379
CHENAB,Trimmu,27-Jun-22,27216,9616
CHENAB,Punjnad,27-Jun-22,7412,NIL
RAVI,Jassar,27-Jun-22,-,2635
RAVI,Shahdara,27-Jun-22,-,392
RAVI,Balloki,27-Jun-22,19400,NIL
RAVI,Sidhnai,27-Jun-22,12456,NIL
SUTLEJ,Sulemanki,27-Jun-22,11320,NIL
SUTLEJ,Islam,27-Jun-22,500,NIL
INDUS,Kalabagh,27-Jun-22,84260,82260
INDUS,Chashma,27-Jun-22,104655,100255
INDUS,Taunsa,27-Jun-22,113583,98103
INDUS,Guddu,27-Jun-22,98602,79003
INDUS,Sukkar,27-Jun-22,70860,30110
INDUS,Kotri,27-Jun-22,12185,110
JHELUM,Kotli,27-Jun-22,-,1680
JHELUM,Mangla,27-Jun-22,47000,46474
JHELUM,Rasul,27-Jun-22,33640,11895
CHENAB,Marala,27-Jun-22,32718,22218
CHENAB,Khanki,27-Jun-22,18390,12390
CHENAB,Qadirabad,27-Jun-22,32776,10776
CHENAB,Trimmu,27-Jun-22,27216,9616
CHENAB,Punjnad,27-Jun-22,7332,NIL
RAVI,Jassar,27-Jun-22,-,2635
RAVI,Shahdara,27-Jun-22,-,392
RAVI,Balloki,27-Jun-22,19200,NIL
RAVI,Sidhnai,27-Jun-22,12456,NIL
SUTLEJ,Sulemanki,27-Jun-22,11320,NIL
SUTLEJ,Islam,27-Jun-22,500,NIL
INDUS,Kalabagh,28-Jun-22,88079,86079
INDUS,Chashma,28-Jun-22,104802,100402
INDUS,Taunsa,28-Jun-22,110247,95214
INDUS,Guddu,28-Jun-22,98929,76531
INDUS,Sukkar,28-Jun-22,72440,30110
INDUS,Kotri,28-Jun-22,12555,110
JHELUM,Kotli,28-Jun-22,-,2020
JHELUM,Mangla,28-Jun-22,47000,46474
JHELUM,Rasul,28-Jun-22,21745,NIL
CHENAB,Marala,28-Jun-22,32718,22218
CHENAB,Khanki,28-Jun-22,22737,16737
CHENAB,Qadirabad,28-Jun-22,32776,10776
CHENAB,Trimmu,28-Jun-22,24861,7261
CHENAB,Punjnad,28-Jun-22,7085,NIL
RAVI,Jassar,28-Jun-22,-,2635
RAVI,Shahdara,28-Jun-22,-,284
RAVI,Balloki,28-Jun-22,19000,NIL
RAVI,Sidhnai,28-Jun-22,12700,NIL
SUTLEJ,Sulemanki,28-Jun-22,11076,NIL
SUTLEJ,Islam,28-Jun-22,500,NIL
INDUS,Kalabagh,28-Jun-22,88079,86079
INDUS,Chashma,28-Jun-22,105725,99916
INDUS,Taunsa,28-Jun-22,110247,95214
INDUS,Guddu,28-Jun-22,96407,74009
INDUS,Sukkar,28-Jun-22,72440,30110
INDUS,Kotri,28-Jun-22,12555,110
JHELUM,Kotli,28-Jun-22,-,1840
JHELUM,Mangla,28-Jun-22,53000,46476
JHELUM,Rasul,28-Jun-22,33640,11895
CHENAB,Marala,28-Jun-22,38071,27571
CHENAB,Khanki,28-Jun-22,24720,18720
CHENAB,Qadirabad,28-Jun-22,35374,13374
CHENAB,Trimmu,28-Jun-22,21544,3944
CHENAB,Punjnad,28-Jun-22,7085,NIL
RAVI,Jassar,28-Jun-22,-,2129
RAVI,Shahdara,28-Jun-22,-,284
RAVI,Balloki,28-Jun-22,19000,NIL
RAVI,Sidhnai,28-Jun-22,12700,NIL
SUTLEJ,Sulemanki,28-Jun-22,11076,Nil
SUTLEJ,Islam,28-Jun-22,500,NIL
INDUS,Kalabagh,28-Jun-22,67218,65218
INDUS,Chashma,28-Jun-22,106000,99977
INDUS,Taunsa,28-Jun-22,101042,87243
INDUS,Guddu,28-Jun-22,95428,73030
INDUS,Sukkar,28-Jun-22,71960,30110
INDUS,Kotri,28-Jun-22,13345,110
JHELUM,Kotli,28-Jun-22,-,1680
JHELUM,Mangla,28-Jun-22,46000,46474
JHELUM,Rasul,28-Jun-22,37045,15800
CHENAB,Marala,28-Jun-22,32718,22218
CHENAB,Khanki,28-Jun-22,24220,18720
CHENAB,Qadirabad,28-Jun-22,36942,15942
CHENAB,Trimmu,28-Jun-22,21544,3944
CHENAB,Punjnad,28-Jun-22,7085,NIL
RAVI,Jassar,28-Jun-22,-,2129
RAVI,Shahdara,28-Jun-22,-,284
RAVI,Balloki,28-Jun-22,17500,NIL
RAVI,Sidhnai,28-Jun-22,12456,NIL
SUTLEJ,Sulemanki,28-Jun-22,10861,NIL
SUTLEJ,Islam,28-Jun-22,500,NIL
INDUS,Kalabagh,28-Jun-22,97289,95289
INDUS,Chashma,28-Jun-22,103420,99832
INDUS,Taunsa,28-Jun-22,101042,87243
INDUS,Guddu,28-Jun-22,95428,73030
INDUS,Sukkar,28-Jun-22,71960,30110
INDUS,Kotri,28-Jun-22,13345,110
JHELUM,Kotli,28-Jun-22,-,1840
JHELUM,Mangla,28-Jun-22,48000,46474
JHELUM,Rasul,28-Jun-22,29235,7990
CHENAB,Marala,28-Jun-22,43424,32924
CHENAB,Khanki,28-Jun-22,30360,24860
CHENAB,Qadirabad,28-Jun-22,36942,15942
CHENAB,Trimmu,28-Jun-22,17600,NIL
CHENAB,Punjnad,28-Jun-22,7245,NIL
RAVI,Jassar,28-Jun-22,-,2129
RAVI,Shahdara,28-Jun-22,-,284
RAVI,Balloki,28-Jun-22,17500,NIL
RAVI,Sidhnai,28-Jun-22,12456,NIL
SUTLEJ,Sulemanki,28-Jun-22,10861,NIL
SUTLEJ,Islam,28-Jun-22,500,NIL
INDUS,Kalabagh,29-Jun-22,89988,87988
INDUS,Chashma,29-Jun-22,103678,100090
INDUS,Taunsa,29-Jun-22,97709,95461
INDUS,Guddu,29-Jun-22,87237,66688
INDUS,Sukkar,29-Jun-22,70410,29525
INDUS,Kotri,29-Jun-22,14735,230
JHELUM,Kotli,29-Jun-22,-,2020
JHELUM,Mangla,29-Jun-22,47000,46474
JHELUM,Rasul,29-Jun-22,37045,15800
CHENAB,Marala,29-Jun-22,43424,32924
CHENAB,Khanki,29-Jun-22,28370,22870
CHENAB,Qadirabad,29-Jun-22,40787,19787
CHENAB,Trimmu,29-Jun-22,16529,NIL
CHENAB,Punjnad,29-Jun-22,7245,NIL
RAVI,Jassar,29-Jun-22,-,2129
RAVI,Shahdara,29-Jun-22,-,284
RAVI,Balloki,29-Jun-22,18085,585
RAVI,Sidhnai,29-Jun-22,12456,NIL
SUTLEJ,Sulemanki,29-Jun-22,10497,NIL
SUTLEJ,Islam,29-Jun-22,500,NIL
INDUS,Kalabagh,29-Jun-22,69127,67127
INDUS,Chashma,29-Jun-22,105212,100108
INDUS,Taunsa,29-Jun-22,97709,95461
INDUS,Guddu,29-Jun-22,87237,66688
INDUS,Sukkar,29-Jun-22,68570,29500
INDUS,Kotri,29-Jun-22,15005,230
JHELUM,Kotli,29-Jun-22,-,2020
JHELUM,Mangla,29-Jun-22,46000,46474
JHELUM,Rasul,29-Jun-22,37045,15800
CHENAB,Marala,29-Jun-22,43424,32924
CHENAB,Khanki,29-Jun-22,28370,22870
CHENAB,Qadirabad,29-Jun-22,43389,22389
CHENAB,Trimmu,29-Jun-22,15858,Nil
CHENAB,Punjnad,29-Jun-22,7245,NIL
RAVI,Jassar,29-Jun-22,-,2129
RAVI,Shahdara,29-Jun-22,-,284
RAVI,Balloki,29-Jun-22,18085,585
RAVI,Sidhnai,29-Jun-22,12456,NIL
SUTLEJ,Sulemanki,29-Jun-22,10497,Nil
SUTLEJ,Islam,29-Jun-22,500,NIL
INDUS,Kalabagh,29-Jun-22,92043,89943
INDUS,Chashma,29-Jun-22,120380,115980
INDUS,Taunsa,29-Jun-22,97709,95461
INDUS,Guddu,29-Jun-22,85459,64910
INDUS,Sukkar,29-Jun-22,68570,29500
INDUS,Kotri,29-Jun-22,15005,230
JHELUM,Kotli,29-Jun-22,-,2020
JHELUM,Mangla,29-Jun-22,43000,35968
JHELUM,Rasul,29-Jun-22,37045,15800
CHENAB,Marala,29-Jun-22,38071,27571
CHENAB,Khanki,29-Jun-22,44200,38700
CHENAB,Qadirabad,29-Jun-22,43389,22389
CHENAB,Trimmu,29-Jun-22,15334,Nil
CHENAB,Punjnad,29-Jun-22,7736,Nil
RAVI,Jassar,29-Jun-22,-,2129
RAVI,Shahdara,29-Jun-22,-,284
RAVI,Balloki,29-Jun-22,18085,585
RAVI,Sidhnai,29-Jun-22,11700,Nil
SUTLEJ,Sulemanki,29-Jun-22,10549,NIL
SUTLEJ,Islam,29-Jun-22,500,NIL
INDUS,Kalabagh,29-Jun-22,111628,108928
INDUS,Chashma,29-Jun-22,119565,115165
INDUS,Taunsa,29-Jun-22,97709,95461
INDUS,Guddu,29-Jun-22,85459,64910
INDUS,Sukkar,29-Jun-22,68570,29500
INDUS,Kotri,29-Jun-22,15005,230
JHELUM,Kotli,29-Jun-22,-,2020
JHELUM,Mangla,29-Jun-22,41000,35968
JHELUM,Rasul,29-Jun-22,37045,15800
CHENAB,Marala,29-Jun-22,53777,38277
CHENAB,Khanki,29-Jun-22,40348,34848
CHENAB,Qadirabad,29-Jun-22,48412,27412
CHENAB,Trimmu,29-Jun-22,15334,Nil
CHENAB,Punjnad,29-Jun-22,9407,Nil
RAVI,Jassar,29-Jun-22,-,2129
RAVI,Shahdara,29-Jun-22,-,284
RAVI,Balloki,29-Jun-22,17500,NIL
RAVI,Sidhnai,29-Jun-22,11400,Nil
SUTLEJ,Sulemanki,29-Jun-22,10549,NIL
SUTLEJ,Islam,29-Jun-22,500,NIL
INDUS,Kalabagh,30-Jun-22,81680,78680
INDUS,Chashma,30-Jun-22,121763,117363
INDUS,Taunsa,30-Jun-22,97709,95461
INDUS,Guddu,30-Jun-22,85790,66010
INDUS,Sukkar,30-Jun-22,64220,26300
INDUS,Kotri,30-Jun-22,15015,235
JHELUM,Kotli,30-Jun-22,-,2820
JHELUM,Mangla,30-Jun-22,43000,35968
JHELUM,Rasul,30-Jun-22,37045,15800
CHENAB,Marala,30-Jun-22,48424,32924
CHENAB,Khanki,30-Jun-22,36384,30884
CHENAB,Qadirabad,30-Jun-22,53514,32514
CHENAB,Trimmu,30-Jun-22,15334,Nil
CHENAB,Punjnad,30-Jun-22,9407,Nil
RAVI,Jassar,30-Jun-22,-,2129
RAVI,Shahdara,30-Jun-22,-,284
RAVI,Balloki,30-Jun-22,17500,NIL
RAVI,Sidhnai,30-Jun-22,11400,Nil
SUTLEJ,Sulemanki,30-Jun-22,10699,NIL
SUTLEJ,Islam,30-Jun-22,500,NIL
INDUS,Kalabagh,30-Jun-22,110019,107019
INDUS,Chashma,30-Jun-22,115030,109926
INDUS,Taunsa,30-Jun-22,97709,95461
INDUS,Guddu,30-Jun-22,85790,66010
INDUS,Sukkar,30-Jun-22,64220,26300
INDUS,Kotri,30-Jun-22,15015,235
JHELUM,Kotli,30-Jun-22,-,4030
JHELUM,Mangla,30-Jun-22,39000,39470
JHELUM,Rasul,30-Jun-22,33140,11895
CHENAB,Marala,30-Jun-22,53777,38277
CHENAB,Khanki,30-Jun-22,40348,34848
CHENAB,Qadirabad,30-Jun-22,49497,28697
CHENAB,Trimmu,30-Jun-22,15076,Nil
CHENAB,Punjnad,30-Jun-22,9775,NIL
RAVI,Jassar,30-Jun-22,-,2635
RAVI,Shahdara,30-Jun-22,-,284
RAVI,Balloki,30-Jun-22,17500,Nil
RAVI,Sidhnai,30-Jun-22,10500,NIL
SUTLEJ,Sulemanki,30-Jun-22,10699,Nil
SUTLEJ,Islam,30-Jun-22,500,NIL
INDUS,Kalabagh,30-Jun-22,110019,107019
INDUS,Chashma,30-Jun-22,116047,110024
INDUS,Taunsa,30-Jun-22,97709,95461
INDUS,Guddu,30-Jun-22,85423,66243
INDUS,Sukkar,30-Jun-22,63050,25500
INDUS,Kotri,30-Jun-22,15015,235
JHELUM,Kotli,30-Jun-22,-,3510
JHELUM,Mangla,30-Jun-22,40000,40720
JHELUM,Rasul,30-Jun-22,29735,7990
CHENAB,Marala,30-Jun-22,59169,43630
CHENAB,Khanki,30-Jun-22,44700,38700
CHENAB,Qadirabad,30-Jun-22,54414,32514
CHENAB,Trimmu,30-Jun-22,15334,NIL
CHENAB,Punjnad,30-Jun-22,10369,NIL
RAVI,Jassar,30-Jun-22,-,2635
RAVI,Shahdara,30-Jun-22,-,284
RAVI,Balloki,30-Jun-22,17500,NIL
RAVI,Sidhnai,30-Jun-22,10900,NIL
SUTLEJ,Sulemanki,30-Jun-22,10549,NIL
SUTLEJ,Islam,30-Jun-22,500,NIL
INDUS,Kalabagh,30-Jun-22,110019,107019
INDUS,Chashma,30-Jun-22,164562,160974
INDUS,Taunsa,30-Jun-22,97709,95461
INDUS,Guddu,30-Jun-22,85423,66243
INDUS,Sukkar,30-Jun-22,63050,25500
INDUS,Kotri,30-Jun-22,15015,235
JHELUM,Kotli,30-Jun-22,-,3040
JHELUM,Mangla,30-Jun-22,42000,40720
JHELUM,Rasul,30-Jun-22,29735,7990
CHENAB,Marala,30-Jun-22,73158,55188
CHENAB,Khanki,30-Jun-22,40848,34848
CHENAB,Qadirabad,30-Jun-22,58244,36244
CHENAB,Trimmu,30-Jun-22,15334,NIL
CHENAB,Punjnad,30-Jun-22,10369,NIL
RAVI,Jassar,30-Jun-22,-,2635
RAVI,Shahdara,30-Jun-22,-,284
RAVI,Balloki,30-Jun-22,17500,NIL
RAVI,Sidhnai,30-Jun-22,10900,NIL
SUTLEJ,Sulemanki,30-Jun-22,10549,NIL
SUTLEJ,Islam,30-Jun-22,500,NIL
INDUS,Kalabagh,01-Jul-22,122408,119408
INDUS,Chashma,01-Jul-22,167598,164607
INDUS,Taunsa,01-Jul-22,97709,95461
INDUS,Guddu,01-Jul-22,81700,64085
INDUS,Sukkar,01-Jul-22,59010,24440
INDUS,Kotri,01-Jul-22,16285,235
JHELUM,Kotli,01-Jul-22,-,3040
JHELUM,Mangla,01-Jul-22,44000,36718
JHELUM,Rasul,01-Jul-22,33640,11895
CHENAB,Marala,01-Jul-22,73158,55188
CHENAB,Khanki,01-Jul-22,46584,40584
CHENAB,Qadirabad,01-Jul-22,58244,36244
CHENAB,Trimmu,01-Jul-22,17216,NIL
CHENAB,Punjnad,01-Jul-22,10597,NIL
RAVI,Jassar,01-Jul-22,-,2635
RAVI,Shahdara,01-Jul-22,-,284
RAVI,Balloki,01-Jul-22,16500,NIL
RAVI,Sidhnai,01-Jul-22,10900,NIL
SUTLEJ,Sulemanki,01-Jul-22,10204,NIL
SUTLEJ,Islam,01-Jul-22,450,NIL
INDUS,Kalabagh,01-Jul-22,133035,130035
INDUS,Chashma,01-Jul-22,134202,128286
INDUS,Taunsa,01-Jul-22,96326,90745
INDUS,Guddu,01-Jul-22,81700,64085
INDUS,Sukkar,01-Jul-22,59010,24440
INDUS,Kotri,01-Jul-22,16485,235
JHELUM,Kotli,01-Jul-22,-,4880
JHELUM,Mangla,01-Jul-22,48000,40720
JHELUM,Rasul,01-Jul-22,33640,11895
CHENAB,Marala,01-Jul-22,61600,43630
CHENAB,Khanki,01-Jul-22,56695,50695
CHENAB,Qadirabad,01-Jul-22,60680,38980
CHENAB,Trimmu,01-Jul-22,20357,2757
CHENAB,Punjnad,01-Jul-22,10140,NIL
RAVI,Jassar,01-Jul-22,-,2635
RAVI,Shahdara,01-Jul-22,-,392
RAVI,Balloki,01-Jul-22,16500,Nil
RAVI,Sidhnai,01-Jul-22,11400,NIL
SUTLEJ,Sulemanki,01-Jul-22,10204,Nil
SUTLEJ,Islam,01-Jul-22,450,NIL
INDUS,Kalabagh,01-Jul-22,112983,109883
INDUS,Chashma,01-Jul-22,149237,144025
INDUS,Taunsa,01-Jul-22,96326,90745
INDUS,Guddu,01-Jul-22,77625,60875
INDUS,Sukkar,01-Jul-22,59010,24440
INDUS,Kotri,01-Jul-22,17650,300
JHELUM,Kotli,01-Jul-22,-,4030
JHELUM,Mangla,01-Jul-22,43000,28715
JHELUM,Rasul,01-Jul-22,33640,11895
CHENAB,Marala,01-Jul-22,85158,67188
CHENAB,Khanki,01-Jul-22,53409,47034
CHENAB,Qadirabad,01-Jul-22,70801,48801
CHENAB,Trimmu,01-Jul-22,20357,2757
CHENAB,Punjnad,01-Jul-22,9510,NIL
RAVI,Jassar,01-Jul-22,-,2635
RAVI,Shahdara,01-Jul-22,-,392
RAVI,Balloki,01-Jul-22,16500,NIL
RAVI,Sidhnai,01-Jul-22,12333,NIL
SUTLEJ,Sulemanki,01-Jul-22,10067,NIL
SUTLEJ,Islam,01-Jul-22,450,NIL
INDUS,Kalabagh,01-Jul-22,124367,120667
INDUS,Chashma,01-Jul-22,148397,143997
INDUS,Taunsa,01-Jul-22,96326,90745
INDUS,Guddu,01-Jul-22,77625,60875
INDUS,Sukkar,01-Jul-22,59010,24440
INDUS,Kotri,01-Jul-22,17650,300
JHELUM,Kotli,01-Jul-22,-,3510
JHELUM,Mangla,01-Jul-22,48000,9728
JHELUM,Rasul,01-Jul-22,33640,11895
CHENAB,Marala,01-Jul-22,75798,55674
CHENAB,Khanki,01-Jul-22,48525,41525
CHENAB,Qadirabad,01-Jul-22,70801,48801
CHENAB,Trimmu,01-Jul-22,20357,2757
CHENAB,Punjnad,01-Jul-22,8650,NIL
RAVI,Jassar,01-Jul-22,-,2635
RAVI,Shahdara,01-Jul-22,-,821
RAVI,Balloki,01-Jul-22,16500,NIL
RAVI,Sidhnai,01-Jul-22,12333,NIL
SUTLEJ,Sulemanki,01-Jul-22,10067,NIL
SUTLEJ,Islam,01-Jul-22,450,NIL
INDUS,Kalabagh,02-Jul-22,134990,130990
INDUS,Chashma,02-Jul-22,150897,146497
INDUS,Taunsa,02-Jul-22,99219,93478
INDUS,Guddu,02-Jul-22,72610,56141
INDUS,Sukkar,02-Jul-22,57525,23730
INDUS,Kotri,02-Jul-22,19275,300
JHELUM,Kotli,02-Jul-22,-,4030
JHELUM,Mangla,02-Jul-22,43000,10515
JHELUM,Rasul,02-Jul-22,27086,5341
CHENAB,Marala,02-Jul-22,76694,55674
CHENAB,Khanki,02-Jul-22,60101,53101
CHENAB,Qadirabad,02-Jul-22,65814,43514
CHENAB,Trimmu,02-Jul-22,24116,6566
CHENAB,Punjnad,02-Jul-22,6897,NIL
RAVI,Jassar,02-Jul-22,-,2635
RAVI,Shahdara,02-Jul-22,-,2029
RAVI,Balloki,02-Jul-22,18500,NIL
RAVI,Sidhnai,02-Jul-22,12333,NIL
SUTLEJ,Sulemanki,02-Jul-22,9913,NIL
SUTLEJ,Islam,02-Jul-22,450,NIL
INDUS,Kalabagh,02-Jul-22,124363,120363
INDUS,Chashma,02-Jul-22,145371,140057
INDUS,Taunsa,02-Jul-22,99219,93478
INDUS,Guddu,02-Jul-22,71947,55379
INDUS,Sukkar,02-Jul-22,57525,23730
INDUS,Kotri,02-Jul-22,19648,363
JHELUM,Kotli,02-Jul-22,-,4030
JHELUM,Mangla,02-Jul-22,42000,25515
JHELUM,Rasul,02-Jul-22,20745,NIL
CHENAB,Marala,02-Jul-22,64860,43630
CHENAB,Khanki,02-Jul-22,57695,50695
CHENAB,Qadirabad,02-Jul-22,75942,53942
CHENAB,Trimmu,02-Jul-22,24166,6566
CHENAB,Punjnad,02-Jul-22,6051,NIL
RAVI,Jassar,02-Jul-22,-,3141
RAVI,Shahdara,02-Jul-22,-,2817
RAVI,Balloki,02-Jul-22,19000,NIL
RAVI,Sidhnai,02-Jul-22,12333,NIL
SUTLEJ,Sulemanki,02-Jul-22,9913,NIL
SUTLEJ,Islam,02-Jul-22,450,NIL
INDUS,Kalabagh,02-Jul-22,114838,110838
INDUS,Chashma,02-Jul-22,171972,167572
INDUS,Taunsa,02-Jul-22,100938,95103
INDUS,Guddu,02-Jul-22,74321,57753
INDUS,Sukkar,02-Jul-22,57525,23730
INDUS,Kotri,02-Jul-22,20218,363
JHELUM,Kotli,02-Jul-22,-,3770
JHELUM,Mangla,02-Jul-22,41000,22315
JHELUM,Rasul,02-Jul-22,15745,NIL
CHENAB,Marala,02-Jul-22,87850,66330
CHENAB,Khanki,02-Jul-22,57695,50695
CHENAB,Qadirabad,02-Jul-22,75942,53942
CHENAB,Trimmu,02-Jul-22,28754,11154
CHENAB,Punjnad,02-Jul-22,5451,NIL
RAVI,Jassar,02-Jul-22,-,3141
RAVI,Shahdara,02-Jul-22,-,3514
RAVI,Balloki,02-Jul-22,19000,NIL
RAVI,Sidhnai,02-Jul-22,12850,NIL
SUTLEJ,Sulemanki,02-Jul-22,10023,NIL
SUTLEJ,Islam,02-Jul-22,450,NIL
INDUS,Kalabagh,02-Jul-22,136607,132182
INDUS,Chashma,02-Jul-22,170561,166161
INDUS,Taunsa,02-Jul-22,100938,95103
INDUS,Guddu,02-Jul-22,74321,57753
INDUS,Sukkar,02-Jul-22,57525,23730
INDUS,Kotri,02-Jul-22,20218,363
JHELUM,Kotli,02-Jul-22,-,3270
JHELUM,Mangla,02-Jul-22,42000,23655
JHELUM,Rasul,02-Jul-22,15745,Nil
CHENAB,Marala,02-Jul-22,81965,59520
CHENAB,Khanki,02-Jul-22,48488,41525
CHENAB,Qadirabad,02-Jul-22,70801,48801
CHENAB,Trimmu,02-Jul-22,28754,11154
CHENAB,Punjnad,02-Jul-22,4831,NIL
RAVI,Jassar,02-Jul-22,-,3648
RAVI,Shahdara,02-Jul-22,-,3819
RAVI,Balloki,02-Jul-22,19000,NIL
RAVI,Sidhnai,02-Jul-22,12850,NIL
SUTLEJ,Sulemanki,02-Jul-22,10023,NIL
SUTLEJ,Islam,02-Jul-22,450,NIL
INDUS,Kalabagh,03-Jul-22,140154,135654
INDUS,Chashma,03-Jul-22,150897,146497
INDUS,Taunsa,03-Jul-22,103224,97263
INDUS,Guddu,03-Jul-22,74519,57951
INDUS,Sukkar,03-Jul-22,55245,22650
INDUS,Kotri,03-Jul-22,21263,363
JHELUM,Kotli,03-Jul-22,-,3270
JHELUM,Mangla,03-Jul-22,42000,14515
JHELUM,Rasul,03-Jul-22,12745,Nil
CHENAB,Marala,03-Jul-22,71428,48983
CHENAB,Khanki,03-Jul-22,58538,51575
CHENAB,Qadirabad,03-Jul-22,60680,38680
CHENAB,Trimmu,03-Jul-22,33992,16392
CHENAB,Punjnad,03-Jul-22,4474,NIL
RAVI,Jassar,03-Jul-22,-,3648
RAVI,Shahdara,03-Jul-22,-,4429
RAVI,Balloki,03-Jul-22,19000,NIL
RAVI,Sidhnai,03-Jul-22,12850,NIL
SUTLEJ,Sulemanki,03-Jul-22,9702,NIL
SUTLEJ,Islam,03-Jul-22,450,NIL
INDUS,Kalabagh,03-Jul-22,140154,135654
INDUS,Chashma,03-Jul-22,157988,154400
INDUS,Taunsa,03-Jul-22,103224,97057
INDUS,Guddu,03-Jul-22,74519,57951
INDUS,Sukkar,03-Jul-22,55245,22650
INDUS,Kotri,03-Jul-22,21263,363
JHELUM,Kotli,03-Jul-22,-,2820
JHELUM,Mangla,03-Jul-22,38000,25015
JHELUM,Rasul,03-Jul-22,12745,Nil
CHENAB,Marala,03-Jul-22,76781,54336
CHENAB,Khanki,03-Jul-22,63498,56535
CHENAB,Qadirabad,03-Jul-22,60680,38680
CHENAB,Trimmu,03-Jul-22,33992,16392
CHENAB,Punjnad,03-Jul-22,4285,NIL
RAVI,Jassar,03-Jul-22,-,3901
RAVI,Shahdara,03-Jul-22,-,5345
RAVI,Balloki,03-Jul-22,21000,NIL
RAVI,Sidhnai,03-Jul-22,12850,NIL
SUTLEJ,Sulemanki,03-Jul-22,9702,NIL
SUTLEJ,Islam,03-Jul-22,450,NIL
INDUS,Kalabagh,03-Jul-22,121585,117085
INDUS,Chashma,03-Jul-22,160264,154950
INDUS,Taunsa,03-Jul-22,105446,99153
INDUS,Guddu,03-Jul-22,74519,57951
INDUS,Sukkar,03-Jul-22,55245,22650
INDUS,Kotri,03-Jul-22,21883,363
JHELUM,Kotli,03-Jul-22,-,2400
JHELUM,Mangla,03-Jul-22,36000,17315
JHELUM,Rasul,03-Jul-22,12745,NIL
CHENAB,Marala,03-Jul-22,95267,72072
CHENAB,Khanki,03-Jul-22,58538,51575
CHENAB,Qadirabad,03-Jul-22,65814,43814
CHENAB,Trimmu,03-Jul-22,39328,21728
CHENAB,Punjnad,03-Jul-22,4285,NIL
RAVI,Jassar,03-Jul-22,-,3909
RAVI,Shahdara,03-Jul-22,-,6260
RAVI,Balloki,03-Jul-22,22730,1730
RAVI,Sidhnai,03-Jul-22,12850,NIL
SUTLEJ,Sulemanki,03-Jul-22,9702,NIL
SUTLEJ,Islam,03-Jul-22,450,NIL
INDUS,Kalabagh,03-Jul-22,130953,126453
INDUS,Chashma,03-Jul-22,159447,154133
INDUS,Taunsa,03-Jul-22,105446,99153
INDUS,Guddu,03-Jul-22,74519,57951
INDUS,Sukkar,03-Jul-22,55245,22650
INDUS,Kotri,03-Jul-22,21883,363
JHELUM,Kotli,03-Jul-22,-,2020
JHELUM,Mangla,03-Jul-22,38500,10015
JHELUM,Rasul,03-Jul-22,12745,Nil
CHENAB,Marala,03-Jul-22,97838,74568
CHENAB,Khanki,03-Jul-22,54034,47034
CHENAB,Qadirabad,03-Jul-22,70801,48801
CHENAB,Trimmu,03-Jul-22,42031,24431
CHENAB,Punjnad,03-Jul-22,4035,NIL
RAVI,Jassar,03-Jul-22,-,4660
RAVI,Shahdara,03-Jul-22,-,6923
RAVI,Balloki,03-Jul-22,22730,NIL
RAVI,Sidhnai,03-Jul-22,12600,NIL
SUTLEJ,Sulemanki,03-Jul-22,9702,NIL
SUTLEJ,Islam,03-Jul-22,450,NIL
INDUS,Kalabagh,04-Jul-22,142063,137563
INDUS,Chashma,04-Jul-22,159019,154619
INDUS,Taunsa,04-Jul-22,108851,102364
INDUS,Guddu,04-Jul-22,74519,57951
INDUS,Sukkar,04-Jul-22,54035,21850
INDUS,Kotri,04-Jul-22,21583,363
JHELUM,Kotli,04-Jul-22,-,2400
JHELUM,Mangla,04-Jul-22,32000,13955
JHELUM,Rasul,04-Jul-22,12745,Nil
CHENAB,Marala,04-Jul-22,89336,66066
CHENAB,Khanki,04-Jul-22,71761,64761
CHENAB,Qadirabad,04-Jul-22,65814,43814
CHENAB,Trimmu,04-Jul-22,43754,26154
CHENAB,Punjnad,04-Jul-22,4035,NIL
RAVI,Jassar,04-Jul-22,-,4660
RAVI,Shahdara,04-Jul-22,-,7586
RAVI,Balloki,04-Jul-22,23305,2305
RAVI,Sidhnai,04-Jul-22,12600,NIL
SUTLEJ,Sulemanki,04-Jul-22,10602,NIL
SUTLEJ,Islam,04-Jul-22,450,NIL
INDUS,Kalabagh,04-Jul-22,160405,155905
INDUS,Chashma,04-Jul-22,159245,154845
INDUS,Taunsa,04-Jul-22,108851,102364
INDUS,Guddu,04-Jul-22,74040,57472
INDUS,Sukkar,04-Jul-22,54035,21850
INDUS,Kotri,04-Jul-22,21843,363
JHELUM,Kotli,04-Jul-22,-,2820
JHELUM,Mangla,04-Jul-22,48000,16215
JHELUM,Rasul,04-Jul-22,12245,Nil
CHENAB,Marala,04-Jul-22,84110,60840
CHENAB,Khanki,04-Jul-22,73344,66344
CHENAB,Qadirabad,04-Jul-22,70801,48801
CHENAB,Trimmu,04-Jul-22,45567,27967
CHENAB,Punjnad,04-Jul-22,4035,Nil
RAVI,Jassar,04-Jul-22,-,8846
RAVI,Shahdara,04-Jul-22,-,8249
RAVI,Balloki,04-Jul-22,24715,3715
RAVI,Sidhnai,04-Jul-22,12850,NIL
SUTLEJ,Sulemanki,04-Jul-22,10602,Nil
SUTLEJ,Islam,04-Jul-22,450,NIL
INDUS,Kalabagh,04-Jul-22,150486,145986
INDUS,Chashma,04-Jul-22,160440,155021
INDUS,Taunsa,04-Jul-22,108851,102364
INDUS,Guddu,04-Jul-22,73435,56867
INDUS,Sukkar,04-Jul-22,54035,21850
INDUS,Kotri,04-Jul-22,21843,363
JHELUM,Kotli,04-Jul-22,-,2820
JHELUM,Mangla,04-Jul-22,44000,18915
JHELUM,Rasul,04-Jul-22,10495,Nil
CHENAB,Marala,04-Jul-22,90086,66066
CHENAB,Khanki,04-Jul-22,67596,60596
CHENAB,Qadirabad,04-Jul-22,74651,52651
CHENAB,Trimmu,04-Jul-22,45567,27967
CHENAB,Punjnad,04-Jul-22,2120,Nil
RAVI,Jassar,04-Jul-22,-,8347
RAVI,Shahdara,04-Jul-22,-,8912
RAVI,Balloki,04-Jul-22,25565,4565
RAVI,Sidhnai,04-Jul-22,12850,Nil
SUTLEJ,Sulemanki,04-Jul-22,10602,NIL
SUTLEJ,Islam,04-Jul-22,450,NIL
INDUS,Kalabagh,04-Jul-22,122710,118040
INDUS,Chashma,04-Jul-22,240414,236014
INDUS,Taunsa,04-Jul-22,108851,102364
INDUS,Guddu,04-Jul-22,73435,56867
INDUS,Sukkar,04-Jul-22,54035,21850
INDUS,Kotri,04-Jul-22,21843,363
JHELUM,Kotli,04-Jul-22,-,2400
JHELUM,Mangla,04-Jul-22,51000,13815
JHELUM,Rasul,04-Jul-22,9745,NIL
CHENAB,Marala,04-Jul-22,90086,66066
CHENAB,Khanki,04-Jul-22,60101,53101
CHENAB,Qadirabad,04-Jul-22,74651,52651
CHENAB,Trimmu,04-Jul-22,47703,30103
CHENAB,Punjnad,04-Jul-22,NIL,NIL
RAVI,Jassar,04-Jul-22,-,7849
RAVI,Shahdara,04-Jul-22,-,11648
RAVI,Balloki,04-Jul-22,25565,4565
RAVI,Sidhnai,04-Jul-22,12600,NIL
SUTLEJ,Sulemanki,04-Jul-22,10602,NIL
SUTLEJ,Islam,04-Jul-22,380,NIL
INDUS,Kalabagh,05-Jul-22,132408,127408
INDUS,Chashma,05-Jul-22,238917,236554
INDUS,Taunsa,05-Jul-22,108851,102364
INDUS,Guddu,05-Jul-22,71593,55025
INDUS,Sukkar,05-Jul-22,54035,21850
INDUS,Kotri,05-Jul-22,20713,363
JHELUM,Kotli,05-Jul-22,-,2820
JHELUM,Mangla,05-Jul-22,37000,13155
JHELUM,Rasul,05-Jul-22,9745,NIL
CHENAB,Marala,05-Jul-22,79424,55404
CHENAB,Khanki,05-Jul-22,66379,59379
CHENAB,Qadirabad,05-Jul-22,65814,43814
CHENAB,Trimmu,05-Jul-22,47703,30103
CHENAB,Punjnad,05-Jul-22,NIL,NIL
RAVI,Jassar,05-Jul-22,-,7849
RAVI,Shahdara,05-Jul-22,-,16576
RAVI,Balloki,05-Jul-22,27270,6270
RAVI,Sidhnai,05-Jul-22,12600,NIL
SUTLEJ,Sulemanki,05-Jul-22,11508,NIL
SUTLEJ,Islam,05-Jul-22,380,NIL
INDUS,Kalabagh,05-Jul-22,151156,145986
INDUS,Chashma,05-Jul-22,186322,183150
INDUS,Taunsa,05-Jul-22,116573,109645
INDUS,Guddu,05-Jul-22,71593,55025
INDUS,Sukkar,05-Jul-22,54035,21850
INDUS,Kotri,05-Jul-22,20423,363
JHELUM,Kotli,05-Jul-22,-,4030
JHELUM,Mangla,05-Jul-22,45000,17515
JHELUM,Rasul,05-Jul-22,8245,Nil
CHENAB,Marala,05-Jul-22,84860,60840
CHENAB,Khanki,05-Jul-22,66379,59379
CHENAB,Qadirabad,05-Jul-22,70801,48801
CHENAB,Trimmu,05-Jul-22,48003,30403
CHENAB,Punjnad,05-Jul-22,Nil,Nil
RAVI,Jassar,05-Jul-22,-,6353
RAVI,Shahdara,05-Jul-22,-,16985
RAVI,Balloki,05-Jul-22,27270,6270
RAVI,Sidhnai,05-Jul-22,13120,Nil
SUTLEJ,Sulemanki,05-Jul-22,11508,Nil
SUTLEJ,Islam,05-Jul-22,380,Nil
INDUS,Kalabagh,05-Jul-22,151666,145986
INDUS,Chashma,05-Jul-22,187052,182764
INDUS,Taunsa,05-Jul-22,119428,105309
INDUS,Guddu,05-Jul-22,72216,55648
INDUS,Sukkar,05-Jul-22,54035,21850
INDUS,Kotri,05-Jul-22,20423,363
JHELUM,Kotli,05-Jul-22,-,7230
JHELUM,Mangla,05-Jul-22,50000,13815
JHELUM,Rasul,05-Jul-22,7745,Nil
CHENAB,Marala,05-Jul-22,99650,74880
CHENAB,Khanki,05-Jul-22,60078,53101
CHENAB,Qadirabad,05-Jul-22,70801,48801
CHENAB,Trimmu,05-Jul-22,47165,29565
CHENAB,Punjnad,05-Jul-22,Nil,Nil
RAVI,Jassar,05-Jul-22,-,6014
RAVI,Shahdara,05-Jul-22,-,14945
RAVI,Balloki,05-Jul-22,28975,7975
RAVI,Sidhnai,05-Jul-22,12600,Nil
SUTLEJ,Sulemanki,05-Jul-22,10984,NIL
SUTLEJ,Islam,05-Jul-22,450,NIL
INDUS,Kalabagh,05-Jul-22,180010,174010
INDUS,Chashma,05-Jul-22,190300,185200
INDUS,Taunsa,05-Jul-22,119428,105309
INDUS,Guddu,05-Jul-22,72216,55648
INDUS,Sukkar,05-Jul-22,54035,21850
INDUS,Kotri,05-Jul-22,20423,363
JHELUM,Kotli,05-Jul-22,-,4300
JHELUM,Mangla,05-Jul-22,40500,15215
JHELUM,Rasul,05-Jul-22,7745,Nil
CHENAB,Marala,05-Jul-22,94898,70128
CHENAB,Khanki,05-Jul-22,63512,56535
CHENAB,Qadirabad,05-Jul-22,70801,48801
CHENAB,Trimmu,05-Jul-22,47165,29565
CHENAB,Punjnad,05-Jul-22,Nil,Nil
RAVI,Jassar,05-Jul-22,-,5676
RAVI,Shahdara,05-Jul-22,-,14537
RAVI,Balloki,05-Jul-22,30025,7125
RAVI,Sidhnai,05-Jul-22,12600,Nil
SUTLEJ,Sulemanki,05-Jul-22,10984,NIL
SUTLEJ,Islam,05-Jul-22,450,NIL
INDUS,Kalabagh,06-Jul-22,160166,153966
INDUS,Chashma,06-Jul-22,179984,172449
INDUS,Taunsa,06-Jul-22,121315,106977
INDUS,Guddu,06-Jul-22,72216,55648
INDUS,Sukkar,06-Jul-22,54035,21850
INDUS,Kotri,06-Jul-22,20318,363
JHELUM,Kotli,06-Jul-22,-,3770
JHELUM,Mangla,06-Jul-22,41500,17455
JHELUM,Rasul,06-Jul-22,7945,Nil
CHENAB,Marala,06-Jul-22,90836,66066
CHENAB,Khanki,06-Jul-22,74429,68452
CHENAB,Qadirabad,06-Jul-22,65814,43814
CHENAB,Trimmu,06-Jul-22,42504,24904
CHENAB,Punjnad,06-Jul-22,Nil,Nil
RAVI,Jassar,06-Jul-22,-,5676
RAVI,Shahdara,06-Jul-22,-,13721
RAVI,Balloki,06-Jul-22,30625,7125
RAVI,Sidhnai,06-Jul-22,12850,Nil
SUTLEJ,Sulemanki,06-Jul-22,10299,NIL
SUTLEJ,Islam,06-Jul-22,450,NIL
INDUS,Kalabagh,06-Jul-22,168919,162419
INDUS,Chashma,06-Jul-22,191833,184905
INDUS,Taunsa,06-Jul-22,121315,106977
INDUS,Guddu,06-Jul-22,73579,56246
INDUS,Sukkar,06-Jul-22,54035,21850
INDUS,Kotri,06-Jul-22,20688,363
JHELUM,Kotli,06-Jul-22,-,3270
JHELUM,Mangla,06-Jul-22,41000,13715
JHELUM,Rasul,06-Jul-22,7945,Nil
CHENAB,Marala,06-Jul-22,99333,74613
CHENAB,Khanki,06-Jul-22,84705,77789
CHENAB,Qadirabad,06-Jul-22,78311,56311
CHENAB,Trimmu,06-Jul-22,39811,22211
CHENAB,Punjnad,06-Jul-22,Nil,Nil
RAVI,Jassar,06-Jul-22,-,6353
RAVI,Shahdara,06-Jul-22,-,13721
RAVI,Balloki,06-Jul-22,31480,7980
RAVI,Sidhnai,06-Jul-22,12850,Nil
SUTLEJ,Sulemanki,06-Jul-22,10299,Nil
SUTLEJ,Islam,06-Jul-22,450,Nil
INDUS,Kalabagh,06-Jul-22,161217,154547
INDUS,Chashma,06-Jul-22,220824,216743
INDUS,Taunsa,06-Jul-22,121315,106977
INDUS,Guddu,06-Jul-22,74912,57032
INDUS,Sukkar,06-Jul-22,54035,21850
INDUS,Kotri,06-Jul-22,20688,363
JHELUM,Kotli,06-Jul-22,-,2820
JHELUM,Mangla,06-Jul-22,45000,18015
JHELUM,Rasul,06-Jul-22,7995,Nil
CHENAB,Marala,06-Jul-22,97492,72072
CHENAB,Khanki,06-Jul-22,69715,63509
CHENAB,Qadirabad,06-Jul-22,84701,62701
CHENAB,Trimmu,06-Jul-22,42404,24904
CHENAB,Punjnad,06-Jul-22,1670,Nil
RAVI,Jassar,06-Jul-22,-,5676
RAVI,Shahdara,06-Jul-22,-,13721
RAVI,Balloki,06-Jul-22,30575,6575
RAVI,Sidhnai,06-Jul-22,12850,Nil
SUTLEJ,Sulemanki,06-Jul-22,11046,NIL
SUTLEJ,Islam,06-Jul-22,450,NIL
INDUS,Kalabagh,06-Jul-22,171328,164328
INDUS,Chashma,06-Jul-22,226267,221167
INDUS,Taunsa,06-Jul-22,123996,109595
INDUS,Guddu,06-Jul-22,74912,57032
INDUS,Sukkar,06-Jul-22,54035,21850
INDUS,Kotri,06-Jul-22,20688,363
JHELUM,Kotli,06-Jul-22,-,2400
JHELUM,Mangla,06-Jul-22,26000,13915
JHELUM,Rasul,06-Jul-22,7445,Nil
CHENAB,Marala,06-Jul-22,91486,66066
CHENAB,Khanki,06-Jul-22,66802,60595
CHENAB,Qadirabad,06-Jul-22,84701,62701
CHENAB,Trimmu,06-Jul-22,42404,24904
CHENAB,Punjnad,06-Jul-22,3532,Nil
RAVI,Jassar,06-Jul-22,-,5337
RAVI,Shahdara,06-Jul-22,-,12892
RAVI,Balloki,06-Jul-22,30420,5720
RAVI,Sidhnai,06-Jul-22,12850,Nil
SUTLEJ,Sulemanki,06-Jul-22,11046,NIL
SUTLEJ,Islam,06-Jul-22,450,NIL
INDUS,Kalabagh,07-Jul-22,180225,173055
INDUS,Chashma,07-Jul-22,226335,221235
INDUS,Taunsa,07-Jul-22,123996,109595
INDUS,Guddu,07-Jul-22,92102,72314
INDUS,Sukkar,07-Jul-22,55145,22500
INDUS,Kotri,07-Jul-22,20088,363
JHELUM,Kotli,07-Jul-22,-,2820
JHELUM,Mangla,07-Jul-22,29000,16855
JHELUM,Rasul,07-Jul-22,7845,Nil
CHENAB,Marala,07-Jul-22,86020,60600
CHENAB,Khanki,07-Jul-22,69715,63509
CHENAB,Qadirabad,07-Jul-22,77187,55187
CHENAB,Trimmu,07-Jul-22,45297,27797
CHENAB,Punjnad,07-Jul-22,5621,Nil
RAVI,Jassar,07-Jul-22,-,5337
RAVI,Shahdara,07-Jul-22,-,13306
RAVI,Balloki,07-Jul-22,29265,4565
RAVI,Sidhnai,07-Jul-22,12850,Nil
SUTLEJ,Sulemanki,07-Jul-22,11509,NIL
SUTLEJ,Islam,07-Jul-22,450,NIL
INDUS,Kalabagh,07-Jul-22,182287,174787
INDUS,Chashma,07-Jul-22,211081,205067
INDUS,Taunsa,07-Jul-22,156599,138481
INDUS,Guddu,07-Jul-22,NR,NR
INDUS,Sukkar,07-Jul-22,55145,22500
INDUS,Kotri,07-Jul-22,20498,363
JHELUM,Kotli,07-Jul-22,-,2820
JHELUM,Mangla,07-Jul-22,44000,16915
JHELUM,Rasul,07-Jul-22,8845,Nil
CHENAB,Marala,07-Jul-22,91486,66066
CHENAB,Khanki,07-Jul-22,65607,59379
CHENAB,Qadirabad,07-Jul-22,70801,48801
CHENAB,Trimmu,07-Jul-22,45297,27797
CHENAB,Punjnad,07-Jul-22,6405,Nil
RAVI,Jassar,07-Jul-22,-,3648
RAVI,Shahdara,07-Jul-22,-,13306
RAVI,Balloki,07-Jul-22,30995,6295
RAVI,Sidhnai,07-Jul-22,13120,Nil
SUTLEJ,Sulemanki,07-Jul-22,11509,Nil
SUTLEJ,Islam,07-Jul-22,450,Nil
INDUS,Kalabagh,07-Jul-22,172054,164554
INDUS,Chashma,07-Jul-22,212270,205155
INDUS,Taunsa,07-Jul-22,156599,138481
INDUS,Guddu,07-Jul-22,94924,70601
INDUS,Sukkar,07-Jul-22,55145,22500
INDUS,Kotri,07-Jul-22,22298,363
JHELUM,Kotli,07-Jul-22,-,2600
JHELUM,Mangla,07-Jul-22,35000,13315
JHELUM,Rasul,07-Jul-22,10345,Nil
CHENAB,Marala,07-Jul-22,91486,65511
CHENAB,Khanki,07-Jul-22,62763,56535
CHENAB,Qadirabad,07-Jul-22,70801,48801
CHENAB,Trimmu,07-Jul-22,45297,27797
CHENAB,Punjnad,07-Jul-22,8401,Nil
RAVI,Jassar,07-Jul-22,-,3141
RAVI,Shahdara,07-Jul-22,-,12892
RAVI,Balloki,07-Jul-22,30995,6295
RAVI,Sidhnai,07-Jul-22,12800,Nil
SUTLEJ,Sulemanki,07-Jul-22,13036,1023
SUTLEJ,Islam,07-Jul-22,350,NIL
INDUS,Kalabagh,07-Jul-22,200797,193297
INDUS,Chashma,07-Jul-22,211611,205011
INDUS,Taunsa,07-Jul-22,177632,157116
INDUS,Guddu,07-Jul-22,94924,70601
INDUS,Sukkar,07-Jul-22,55145,22500
INDUS,Kotri,07-Jul-22,22298,363
JHELUM,Kotli,07-Jul-22,-,2200
JHELUM,Mangla,07-Jul-22,41000,20315
JHELUM,Rasul,07-Jul-22,10345,Nil
CHENAB,Marala,07-Jul-22,86620,60600
CHENAB,Khanki,07-Jul-22,62763,56535
CHENAB,Qadirabad,07-Jul-22,70801,48801
CHENAB,Trimmu,07-Jul-22,44303,26803
CHENAB,Punjnad,07-Jul-22,9800,Nil
RAVI,Jassar,07-Jul-22,-,3141
RAVI,Shahdara,07-Jul-22,-,12063
RAVI,Balloki,07-Jul-22,30695,6295
RAVI,Sidhnai,07-Jul-22,13000,Nil
SUTLEJ,Sulemanki,07-Jul-22,13036,1023
SUTLEJ,Islam,07-Jul-22,350,NIL
INDUS,Kalabagh,08-Jul-22,180446,172946
INDUS,Chashma,08-Jul-22,213703,204864
INDUS,Taunsa,08-Jul-22,177632,157116
INDUS,Guddu,08-Jul-22,96835,71665
INDUS,Sukkar,08-Jul-22,58210,24560
INDUS,Kotri,08-Jul-22,22298,363
JHELUM,Kotli,08-Jul-22,-,2600
JHELUM,Mangla,08-Jul-22,28000,16615
JHELUM,Rasul,08-Jul-22,10345,Nil
CHENAB,Marala,08-Jul-22,81424,55404
CHENAB,Khanki,08-Jul-22,62763,56535
CHENAB,Qadirabad,08-Jul-22,65814,43814
CHENAB,Trimmu,08-Jul-22,44303,26803
CHENAB,Punjnad,08-Jul-22,9800,Nil
RAVI,Jassar,08-Jul-22,-,3141
RAVI,Shahdara,08-Jul-22,-,11648
RAVI,Balloki,08-Jul-22,32400,8000
RAVI,Sidhnai,08-Jul-22,13000,Nil
SUTLEJ,Sulemanki,08-Jul-22,13401,1742
SUTLEJ,Islam,08-Jul-22,350,NIL
INDUS,Kalabagh,08-Jul-22,180446,172946
INDUS,Chashma,08-Jul-22,212800,204962
INDUS,Taunsa,08-Jul-22,177632,157116
INDUS,Guddu,08-Jul-22,102536,76364
INDUS,Sukkar,08-Jul-22,58210,24560
INDUS,Kotri,08-Jul-22,22298,363
JHELUM,Kotli,08-Jul-22,-,5180
JHELUM,Mangla,08-Jul-22,34000,20315
JHELUM,Rasul,08-Jul-22,9645,Nil
CHENAB,Marala,08-Jul-22,74884,48864
CHENAB,Khanki,08-Jul-22,56523,50695
CHENAB,Qadirabad,08-Jul-22,65814,43814
CHENAB,Trimmu,08-Jul-22,44303,26803
CHENAB,Punjnad,08-Jul-22,10500,Nil
RAVI,Jassar,08-Jul-22,-,3141
RAVI,Shahdara,08-Jul-22,-,11648
RAVI,Balloki,08-Jul-22,32400,8000
RAVI,Sidhnai,08-Jul-22,13000,Nil
SUTLEJ,Sulemanki,08-Jul-22,13401,1742
SUTLEJ,Islam,08-Jul-22,350,Nil
INDUS,Kalabagh,08-Jul-22,178213,162713
INDUS,Chashma,08-Jul-22,222298,214460
INDUS,Taunsa,08-Jul-22,177632,157116
INDUS,Guddu,08-Jul-22,104285,78113
INDUS,Sukkar,08-Jul-22,62036,27086
INDUS,Kotri,08-Jul-22,22298,363
JHELUM,Kotli,08-Jul-22,-,4590
JHELUM,Mangla,08-Jul-22,29500,19515
JHELUM,Rasul,08-Jul-22,8645,Nil
CHENAB,Marala,08-Jul-22,98044,71424
CHENAB,Khanki,08-Jul-22,47753,41525
CHENAB,Qadirabad,08-Jul-22,65814,43814
CHENAB,Trimmu,08-Jul-22,44303,26803
CHENAB,Punjnad,08-Jul-22,11200,Nil
RAVI,Jassar,08-Jul-22,-,3141
RAVI,Shahdara,08-Jul-22,-,11230
RAVI,Balloki,08-Jul-22,31975,6575
RAVI,Sidhnai,08-Jul-22,13000,Nil
SUTLEJ,Sulemanki,08-Jul-22,13642,2027
SUTLEJ,Islam,08-Jul-22,500,NIL
INDUS,Kalabagh,08-Jul-22,178537,171037
INDUS,Chashma,08-Jul-22,219254,213852
INDUS,Taunsa,08-Jul-22,177632,157116
INDUS,Guddu,08-Jul-22,104285,78113
INDUS,Sukkar,08-Jul-22,62036,27086
INDUS,Kotri,08-Jul-22,22298,363
JHELUM,Kotli,08-Jul-22,-,4030
JHELUM,Mangla,08-Jul-22,25500,12915
JHELUM,Rasul,08-Jul-22,8495,Nil
CHENAB,Marala,08-Jul-22,98044,71424
CHENAB,Khanki,08-Jul-22,59431,53101
CHENAB,Qadirabad,08-Jul-22,60680,38680
CHENAB,Trimmu,08-Jul-22,49742,32242
CHENAB,Punjnad,08-Jul-22,11300,Nil
RAVI,Jassar,08-Jul-22,-,3141
RAVI,Shahdara,08-Jul-22,-,11230
RAVI,Balloki,08-Jul-22,32175,6575
RAVI,Sidhnai,08-Jul-22,13122,1322
SUTLEJ,Sulemanki,08-Jul-22,11642,2027
SUTLEJ,Islam,08-Jul-22,500,NIL
INDUS,Kalabagh,09-Jul-22,179491,171991
INDUS,Chashma,09-Jul-22,221133,214533
INDUS,Taunsa,09-Jul-22,185093,165944
INDUS,Guddu,09-Jul-22,103415,75134
INDUS,Sukkar,09-Jul-22,68565,33065
INDUS,Kotri,09-Jul-22,21998,363
JHELUM,Kotli,09-Jul-22,-,4030
JHELUM,Mangla,09-Jul-22,28000,16455
JHELUM,Rasul,09-Jul-22,8495,Nil
CHENAB,Marala,09-Jul-22,82024,55404
CHENAB,Khanki,09-Jul-22,73782,67452
CHENAB,Qadirabad,09-Jul-22,65814,43814
CHENAB,Trimmu,09-Jul-22,52358,34858
CHENAB,Punjnad,09-Jul-22,10800,NIL
RAVI,Jassar,09-Jul-22,-,3141
RAVI,Shahdara,09-Jul-22,-,11648
RAVI,Balloki,09-Jul-22,32175,6575
RAVI,Sidhnai,09-Jul-22,15105,3305
SUTLEJ,Sulemanki,09-Jul-22,13656,2240
SUTLEJ,Islam,09-Jul-22,500,NIL
INDUS,Kalabagh,09-Jul-22,179491,171991
INDUS,Chashma,09-Jul-22,216586,209986
INDUS,Taunsa,09-Jul-22,188461,168969
INDUS,Guddu,09-Jul-22,109681,80672
INDUS,Sukkar,09-Jul-22,68565,33065
INDUS,Kotri,09-Jul-22,21998,363
JHELUM,Kotli,09-Jul-22,-,4590
JHELUM,Mangla,09-Jul-22,32000,16415
JHELUM,Rasul,09-Jul-22,11495,NIL
CHENAB,Marala,09-Jul-22,98044,71424
CHENAB,Khanki,09-Jul-22,80646,74316
CHENAB,Qadirabad,09-Jul-22,77187,55187
CHENAB,Trimmu,09-Jul-22,52358,34858
CHENAB,Punjnad,09-Jul-22,10800,NIL
RAVI,Jassar,09-Jul-22,-,2635
RAVI,Shahdara,09-Jul-22,-,11648
RAVI,Balloki,09-Jul-22,32175,6575
RAVI,Sidhnai,09-Jul-22,15105,3305
SUTLEJ,Sulemanki,09-Jul-22,13656,2240
SUTLEJ,Islam,09-Jul-22,500,NIL
INDUS,Kalabagh,09-Jul-22,169258,161758
INDUS,Chashma,09-Jul-22,217116,210516
INDUS,Taunsa,09-Jul-22,196916,176561
INDUS,Guddu,09-Jul-22,109681,80672
INDUS,Sukkar,09-Jul-22,69665,33065
INDUS,Kotri,09-Jul-22,21998,363
JHELUM,Kotli,09-Jul-22,-,4590
JHELUM,Mangla,09-Jul-22,28000,15715
JHELUM,Rasul,09-Jul-22,11495,NIL
CHENAB,Marala,09-Jul-22,97844,71424
CHENAB,Khanki,09-Jul-22,62865,57535
CHENAB,Qadirabad,09-Jul-22,80071,58071
CHENAB,Trimmu,09-Jul-22,52358,34858
CHENAB,Punjnad,09-Jul-22,10800,NIL
RAVI,Jassar,09-Jul-22,-,4999
RAVI,Shahdara,09-Jul-22,-,12063
RAVI,Balloki,09-Jul-22,30970,4870
RAVI,Sidhnai,09-Jul-22,14556,1656
SUTLEJ,Sulemanki,09-Jul-22,14116,2240
SUTLEJ,Islam,09-Jul-22,500,NIL
INDUS,Kalabagh,09-Jul-22,185919,178919
INDUS,Chashma,09-Jul-22,216566,209966
INDUS,Taunsa,09-Jul-22,196916,176561
INDUS,Guddu,09-Jul-22,109681,80672
INDUS,Sukkar,09-Jul-22,69665,33065
INDUS,Kotri,09-Jul-22,21998,363
JHELUM,Kotli,09-Jul-22,-,4880
JHELUM,Mangla,09-Jul-22,32000,15215
JHELUM,Rasul,09-Jul-22,11495,Nil
CHENAB,Marala,09-Jul-22,97844,71424
CHENAB,Khanki,09-Jul-22,70995,64665
CHENAB,Qadirabad,09-Jul-22,77187,55187
CHENAB,Trimmu,09-Jul-22,52258,34858
CHENAB,Punjnad,09-Jul-22,11858,2058
RAVI,Jassar,09-Jul-22,-,5337
RAVI,Shahdara,09-Jul-22,-,12063
RAVI,Balloki,09-Jul-22,30970,4870
RAVI,Sidhnai,09-Jul-22,14629,2644
SUTLEJ,Sulemanki,09-Jul-22,14116,2240
SUTLEJ,Islam,09-Jul-22,500,NIL
INDUS,Kalabagh,10-Jul-22,184010,177010
INDUS,Chashma,10-Jul-22,217885,211285
INDUS,Taunsa,10-Jul-22,196916,176561
INDUS,Guddu,10-Jul-22,121058,89265
INDUS,Sukkar,10-Jul-22,73400,35080
INDUS,Kotri,10-Jul-22,21158,363
JHELUM,Kotli,10-Jul-22,-,5820
JHELUM,Mangla,10-Jul-22,32000,17415
JHELUM,Rasul,10-Jul-22,11495,Nil
CHENAB,Marala,10-Jul-22,87020,60600
CHENAB,Khanki,10-Jul-22,73782,67452
CHENAB,Qadirabad,10-Jul-22,72313,50313
CHENAB,Trimmu,10-Jul-22,49929,32529
CHENAB,Punjnad,10-Jul-22,13905,4105
RAVI,Jassar,10-Jul-22,-,5337
RAVI,Shahdara,10-Jul-22,-,12063
RAVI,Balloki,10-Jul-22,31470,4870
RAVI,Sidhnai,10-Jul-22,15388,5288
SUTLEJ,Sulemanki,10-Jul-22,14178,2948
SUTLEJ,Islam,10-Jul-22,400,NIL
INDUS,Kalabagh,10-Jul-22,184010,177010
INDUS,Chashma,10-Jul-22,218021,210006
INDUS,Taunsa,10-Jul-22,196916,176561
INDUS,Guddu,10-Jul-22,124009,92988
INDUS,Sukkar,10-Jul-22,73400,35080
INDUS,Kotri,10-Jul-22,21158,363
JHELUM,Kotli,10-Jul-22,-,9250
JHELUM,Mangla,10-Jul-22,45000,10615
JHELUM,Rasul,10-Jul-22,11495,NIL
CHENAB,Marala,10-Jul-22,87020,60600
CHENAB,Khanki,10-Jul-22,74900,68672
CHENAB,Qadirabad,10-Jul-22,72313,50313
CHENAB,Trimmu,10-Jul-22,49929,32529
CHENAB,Punjnad,10-Jul-22,17742,8942
RAVI,Jassar,10-Jul-22,-,4660
RAVI,Shahdara,10-Jul-22,-,12063
RAVI,Balloki,10-Jul-22,31470,4870
RAVI,Sidhnai,10-Jul-22,15388,5288
SUTLEJ,Sulemanki,10-Jul-22,14178,2948
SUTLEJ,Islam,10-Jul-22,400,NIL
INDUS,Kalabagh,10-Jul-22,181146,174146
INDUS,Chashma,10-Jul-22,218619,210604
INDUS,Taunsa,10-Jul-22,202208,180401
INDUS,Guddu,10-Jul-22,131127,99336
INDUS,Sukkar,10-Jul-22,73400,35080
INDUS,Kotri,10-Jul-22,21158,363
JHELUM,Kotli,10-Jul-22,-,8410
JHELUM,Mangla,10-Jul-22,32000,14715
JHELUM,Rasul,10-Jul-22,11495,NIL
CHENAB,Marala,10-Jul-22,92156,65736
CHENAB,Khanki,10-Jul-22,74823,68672
CHENAB,Qadirabad,10-Jul-22,77187,55187
CHENAB,Trimmu,10-Jul-22,48507,31507
CHENAB,Punjnad,10-Jul-22,18668,9868
RAVI,Jassar,10-Jul-22,-,3901
RAVI,Shahdara,10-Jul-22,-,12063
RAVI,Balloki,10-Jul-22,32895,6285
RAVI,Sidhnai,10-Jul-22,15388,5288
SUTLEJ,Sulemanki,10-Jul-22,14634,3608
SUTLEJ,Islam,10-Jul-22,400,NIL
INDUS,Kalabagh,10-Jul-22,191010,184010
INDUS,Chashma,10-Jul-22,218007,209992
INDUS,Taunsa,10-Jul-22,202208,180401
INDUS,Guddu,10-Jul-22,131127,99336
INDUS,Sukkar,10-Jul-22,73400,35080
INDUS,Kotri,10-Jul-22,21158,363
JHELUM,Kotli,10-Jul-22,-,7610
JHELUM,Mangla,10-Jul-22,38000,23415
JHELUM,Rasul,10-Jul-22,11495,Nil
CHENAB,Marala,10-Jul-22,92156,65736
CHENAB,Khanki,10-Jul-22,65407,59379
CHENAB,Qadirabad,10-Jul-22,77187,55187
CHENAB,Trimmu,10-Jul-22,45713,28313
CHENAB,Punjnad,10-Jul-22,19803,12803
RAVI,Jassar,10-Jul-22,-,3901
RAVI,Shahdara,10-Jul-22,-,13306
RAVI,Balloki,10-Jul-22,32895,6295
RAVI,Sidhnai,10-Jul-22,15388,5288
SUTLEJ,Sulemanki,10-Jul-22,14634,3608
SUTLEJ,Islam,10-Jul-22,400,NIL
INDUS,Kalabagh,11-Jul-22,183334,176334
INDUS,Chashma,11-Jul-22,216171,209571
INDUS,Taunsa,11-Jul-22,202991,177061
INDUS,Guddu,11-Jul-22,142619,110523
INDUS,Sukkar,11-Jul-22,82160,43660
INDUS,Kotri,11-Jul-22,20558,363
JHELUM,Kotli,11-Jul-22,-,6860
JHELUM,Mangla,11-Jul-22,27000,12215
JHELUM,Rasul,11-Jul-22,14495,Nil
CHENAB,Marala,11-Jul-22,87020,60600
CHENAB,Khanki,11-Jul-22,65407,59379
CHENAB,Qadirabad,11-Jul-22,72313,50313
CHENAB,Trimmu,11-Jul-22,45713,28313
CHENAB,Punjnad,11-Jul-22,19684,12684
RAVI,Jassar,11-Jul-22,-,3901
RAVI,Shahdara,11-Jul-22,-,13306
RAVI,Balloki,11-Jul-22,32895,6295
RAVI,Sidhnai,11-Jul-22,15388,5288
SUTLEJ,Sulemanki,11-Jul-22,13744,3418
SUTLEJ,Islam,11-Jul-22,400,NIL
INDUS,Kalabagh,11-Jul-22,191113,183858
INDUS,Chashma,11-Jul-22,215802,210002
INDUS,Taunsa,11-Jul-22,202991,177061
INDUS,Guddu,11-Jul-22,145495,112563
INDUS,Sukkar,11-Jul-22,82160,43660
INDUS,Kotri,11-Jul-22,20558,363
JHELUM,Kotli,11-Jul-22,-,6160
JHELUM,Mangla,11-Jul-22,38000,10015
JHELUM,Rasul,11-Jul-22,11495,NIL
CHENAB,Marala,11-Jul-22,81674,55404
CHENAB,Khanki,11-Jul-22,65407,59379
CHENAB,Qadirabad,11-Jul-22,72313,50313
CHENAB,Trimmu,11-Jul-22,43863,26520
CHENAB,Punjnad,11-Jul-22,20884,12684
RAVI,Jassar,11-Jul-22,-,3141
RAVI,Shahdara,11-Jul-22,-,13306
RAVI,Balloki,11-Jul-22,32895,6295
RAVI,Sidhnai,11-Jul-22,15549,5949
SUTLEJ,Sulemanki,11-Jul-22,13744,3418
SUTLEJ,Islam,11-Jul-22,400,NIL
INDUS,Kalabagh,11-Jul-22,184510,177010
INDUS,Chashma,11-Jul-22,217426,209957
INDUS,Taunsa,11-Jul-22,202991,177061
INDUS,Guddu,11-Jul-22,142299,109461
INDUS,Sukkar,11-Jul-22,84560,45550
INDUS,Kotri,11-Jul-22,20558,363
JHELUM,Kotli,11-Jul-22,-,5820
JHELUM,Mangla,11-Jul-22,29000,13015
JHELUM,Rasul,11-Jul-22,11905,NIL
CHENAB,Marala,11-Jul-22,86870,60600
CHENAB,Khanki,11-Jul-22,59196,53101
CHENAB,Qadirabad,11-Jul-22,69504,47504
CHENAB,Trimmu,11-Jul-22,46757,30765
CHENAB,Punjnad,11-Jul-22,21384,12684
RAVI,Jassar,11-Jul-22,-,3141
RAVI,Shahdara,11-Jul-22,-,13306
RAVI,Balloki,11-Jul-22,32895,6295
RAVI,Sidhnai,11-Jul-22,15549,5949
SUTLEJ,Sulemanki,11-Jul-22,13831,2608
SUTLEJ,Islam,11-Jul-22,400,NIL
INDUS,Kalabagh,11-Jul-22,204741,197241
INDUS,Chashma,11-Jul-22,215117,209717
INDUS,Taunsa,11-Jul-22,202991,177061
INDUS,Guddu,11-Jul-22,142299,109461
INDUS,Sukkar,11-Jul-22,84560,45550
INDUS,Kotri,11-Jul-22,20558,363
JHELUM,Kotli,11-Jul-22,-,5180
JHELUM,Mangla,11-Jul-22,33000,25715
JHELUM,Rasul,11-Jul-22,11155,NIL
CHENAB,Marala,11-Jul-22,81724,55404
CHENAB,Khanki,11-Jul-22,53262,47034
CHENAB,Qadirabad,11-Jul-22,69504,47501
CHENAB,Trimmu,11-Jul-22,47186,31786
CHENAB,Punjnad,11-Jul-22,18024,9024
RAVI,Jassar,11-Jul-22,-,4999
RAVI,Shahdara,11-Jul-22,-,12892
RAVI,Balloki,11-Jul-22,32345,5445
RAVI,Sidhnai,11-Jul-22,16631,6931
SUTLEJ,Sulemanki,11-Jul-22,13831,2608
SUTLEJ,Islam,11-Jul-22,400,NIL
INDUS,Kalabagh,12-Jul-22,210875,203375
INDUS,Chashma,12-Jul-22,215286,209886
INDUS,Taunsa,12-Jul-22,202991,177061
INDUS,Guddu,12-Jul-22,145196,111945
INDUS,Sukkar,12-Jul-22,90080,50430
INDUS,Kotri,12-Jul-22,20145,360
JHELUM,Kotli,12-Jul-22,-,4590
JHELUM,Mangla,12-Jul-22,35000,12555
JHELUM,Rasul,12-Jul-22,9653,NIL
CHENAB,Marala,12-Jul-22,81724,55404
CHENAB,Khanki,12-Jul-22,53262,47043
CHENAB,Qadirabad,12-Jul-22,69504,47500
CHENAB,Trimmu,12-Jul-22,51880,36480
CHENAB,Punjnad,12-Jul-22,17632,8632
RAVI,Jassar,12-Jul-22,-,5337
RAVI,Shahdara,12-Jul-22,-,12892
RAVI,Balloki,12-Jul-22,32345,5445
RAVI,Sidhnai,12-Jul-22,14327,4627
SUTLEJ,Sulemanki,12-Jul-22,14274,2948
SUTLEJ,Islam,12-Jul-22,500,NIL
INDUS,Kalabagh,12-Jul-22,226934,219434
INDUS,Chashma,12-Jul-22,215883,210483
INDUS,Taunsa,12-Jul-22,201515,175634
INDUS,Guddu,12-Jul-22,146683,113432
INDUS,Sukkar,12-Jul-22,90080,50430
INDUS,Kotri,12-Jul-22,20145,360
JHELUM,Kotli,12-Jul-22,-,4030
JHELUM,Mangla,12-Jul-22,40000,11015
JHELUM,Rasul,12-Jul-22,9655,NIL
CHENAB,Marala,12-Jul-22,69950,43307
CHENAB,Khanki,12-Jul-22,53262,47034
CHENAB,Qadirabad,12-Jul-22,56560,34560
CHENAB,Trimmu,12-Jul-22,51730,36480
CHENAB,Punjnad,12-Jul-22,23349,13749
RAVI,Jassar,12-Jul-22,-,6353
RAVI,Shahdara,12-Jul-22,-,12892
RAVI,Balloki,12-Jul-22,32345,5445
RAVI,Sidhnai,12-Jul-22,14600,4300
SUTLEJ,Sulemanki,12-Jul-22,14274,2948
SUTLEJ,Islam,12-Jul-22,500,NIL
INDUS,Kalabagh,12-Jul-22,192204,184704
INDUS,Chashma,12-Jul-22,215433,210033
INDUS,Taunsa,12-Jul-22,201515,175634
INDUS,Guddu,12-Jul-22,154265,121014
INDUS,Sukkar,12-Jul-22,92380,50430
INDUS,Kotri,12-Jul-22,20145,360
JHELUM,Kotli,12-Jul-22,-,3510
JHELUM,Mangla,12-Jul-22,25000,9715
JHELUM,Rasul,12-Jul-22,12005,NIL
CHENAB,Marala,12-Jul-22,86920,60600
CHENAB,Khanki,12-Jul-22,47753,41525
CHENAB,Qadirabad,12-Jul-22,53808,31808
CHENAB,Trimmu,12-Jul-22,51730,36480
CHENAB,Punjnad,12-Jul-22,23349,13749
RAVI,Jassar,12-Jul-22,-,5337
RAVI,Shahdara,12-Jul-22,-,12892
RAVI,Balloki,12-Jul-22,32345,5445
RAVI,Sidhnai,12-Jul-22,14378,2978
SUTLEJ,Sulemanki,12-Jul-22,14561,2948
SUTLEJ,Islam,12-Jul-22,500,NIL
INDUS,Kalabagh,12-Jul-22,202831,195331
INDUS,Chashma,12-Jul-22,243933,238533
INDUS,Taunsa,12-Jul-22,201515,175634
INDUS,Guddu,12-Jul-22,154265,121014
INDUS,Sukkar,12-Jul-22,92380,50430
INDUS,Kotri,12-Jul-22,20145,360
JHELUM,Kotli,12-Jul-22,-,3270
JHELUM,Mangla,12-Jul-22,29000,21215
JHELUM,Rasul,12-Jul-22,11255,NIL
CHENAB,Marala,12-Jul-22,81804,55404
CHENAB,Khanki,12-Jul-22,46188,39960
CHENAB,Qadirabad,12-Jul-22,53808,31808
CHENAB,Trimmu,12-Jul-22,51730,36480
CHENAB,Punjnad,12-Jul-22,24136,14336
RAVI,Jassar,12-Jul-22,-,5337
RAVI,Shahdara,12-Jul-22,-,12892
RAVI,Balloki,12-Jul-22,32345,5445
RAVI,Sidhnai,12-Jul-22,14378,2978
SUTLEJ,Sulemanki,12-Jul-22,14561,2948
SUTLEJ,Islam,12-Jul-22,500,NIL
INDUS,Kalabagh,13-Jul-22,201877,194377
INDUS,Chashma,13-Jul-22,254640,249240
INDUS,Taunsa,13-Jul-22,201515,175634
INDUS,Guddu,13-Jul-22,156212,122961
INDUS,Sukkar,13-Jul-22,100069,59119
INDUS,Kotri,13-Jul-22,19275,360
JHELUM,Kotli,13-Jul-22,-,3040
JHELUM,Mangla,13-Jul-22,29000,21415
JHELUM,Rasul,13-Jul-22,10755,NIL
CHENAB,Marala,13-Jul-22,70630,43630
CHENAB,Khanki,13-Jul-22,47753,41525
CHENAB,Qadirabad,13-Jul-22,49897,27897
CHENAB,Trimmu,13-Jul-22,56458,41208
CHENAB,Punjnad,13-Jul-22,24136,14336
RAVI,Jassar,13-Jul-22,-,5337
RAVI,Shahdara,13-Jul-22,-,13306
RAVI,Balloki,13-Jul-22,32345,5445
RAVI,Sidhnai,13-Jul-22,13783,1983
SUTLEJ,Sulemanki,13-Jul-22,14346,2634
SUTLEJ,Islam,13-Jul-22,500,NIL
INDUS,Kalabagh,13-Jul-22,181646,174146
INDUS,Chashma,13-Jul-22,301613,296213
INDUS,Taunsa,13-Jul-22,202840,176518
INDUS,Guddu,13-Jul-22,166679,131804
INDUS,Sukkar,13-Jul-22,103320,64440
INDUS,Kotri,13-Jul-22,19275,360
JHELUM,Kotli,13-Jul-22,-,3270
JHELUM,Mangla,13-Jul-22,38000,12915
JHELUM,Rasul,13-Jul-22,9855,Nil
CHENAB,Marala,13-Jul-22,65427,38277
CHENAB,Khanki,13-Jul-22,51100,44781
CHENAB,Qadirabad,13-Jul-22,49897,27897
CHENAB,Trimmu,13-Jul-22,56947,41697
CHENAB,Punjnad,13-Jul-22,25930,16130
RAVI,Jassar,13-Jul-22,-,3141
RAVI,Shahdara,13-Jul-22,-,13306
RAVI,Balloki,13-Jul-22,32345,5445
RAVI,Sidhnai,13-Jul-22,15505,Nil
SUTLEJ,Sulemanki,13-Jul-22,14346,2634
SUTLEJ,Islam,13-Jul-22,500,Nil
INDUS,Kalabagh,13-Jul-22,173763,166263
INDUS,Chashma,13-Jul-22,281178,274528
INDUS,Taunsa,13-Jul-22,202840,176518
INDUS,Guddu,13-Jul-22,165306,130176
INDUS,Sukkar,13-Jul-22,103320,64440
INDUS,Kotri,13-Jul-22,19275,360
JHELUM,Kotli,13-Jul-22,-,3510
JHELUM,Mangla,13-Jul-22,25000,9715
JHELUM,Rasul,13-Jul-22,20345,7990
CHENAB,Marala,13-Jul-22,70780,43630
CHENAB,Khanki,13-Jul-22,50688,44781
CHENAB,Qadirabad,13-Jul-22,56560,34560
CHENAB,Trimmu,13-Jul-22,56947,41697
CHENAB,Punjnad,13-Jul-22,26530,16130
RAVI,Jassar,13-Jul-22,-,3141
RAVI,Shahdara,13-Jul-22,-,13721
RAVI,Balloki,13-Jul-22,32745,5445
RAVI,Sidhnai,13-Jul-22,15505,3305
SUTLEJ,Sulemanki,13-Jul-22,13602,2634
SUTLEJ,Islam,13-Jul-22,500,NIL
INDUS,Kalabagh,13-Jul-22,173763,166263
INDUS,Chashma,13-Jul-22,271454,263304
INDUS,Taunsa,13-Jul-22,202840,176518
INDUS,Guddu,13-Jul-22,165306,130176
INDUS,Sukkar,13-Jul-22,103320,64440
INDUS,Kotri,13-Jul-22,19275,360
JHELUM,Kotli,13-Jul-22,-,3270
JHELUM,Mangla,13-Jul-22,36000,25115
JHELUM,Rasul,13-Jul-22,26955,11895
CHENAB,Marala,13-Jul-22,71380,43630
CHENAB,Khanki,13-Jul-22,43331,37424
CHENAB,Qadirabad,13-Jul-22,56560,34560
CHENAB,Trimmu,13-Jul-22,56947,41697
CHENAB,Punjnad,13-Jul-22,26530,16130
RAVI,Jassar,13-Jul-22,-,3901
RAVI,Shahdara,13-Jul-22,-,13721
RAVI,Balloki,13-Jul-22,31545,5445
RAVI,Sidhnai,13-Jul-22,15505,3305
SUTLEJ,Sulemanki,13-Jul-22,13602,2634
SUTLEJ,Islam,13-Jul-22,500,NIL
INDUS,Kalabagh,14-Jul-22,190694,183194
INDUS,Chashma,14-Jul-22,272574,262739
INDUS,Taunsa,14-Jul-22,202840,176518
INDUS,Guddu,14-Jul-22,168833,133703
INDUS,Sukkar,14-Jul-22,107420,66680
INDUS,Kotri,14-Jul-22,20015,360
JHELUM,Kotli,14-Jul-22,-,3270
JHELUM,Mangla,14-Jul-22,30000,12115
JHELUM,Rasul,14-Jul-22,15060,NIL
CHENAB,Marala,14-Jul-22,71380,43630
CHENAB,Khanki,14-Jul-22,50688,44781
CHENAB,Qadirabad,14-Jul-22,49897,27897
CHENAB,Trimmu,14-Jul-22,56947,41697
CHENAB,Punjnad,14-Jul-22,26530,16130
RAVI,Jassar,14-Jul-22,-,3901
RAVI,Shahdara,14-Jul-22,-,13721
RAVI,Balloki,14-Jul-22,32395,6295
RAVI,Sidhnai,14-Jul-22,15966,3966
SUTLEJ,Sulemanki,14-Jul-22,13847,3587
SUTLEJ,Islam,14-Jul-22,300,NIL
INDUS,Kalabagh,14-Jul-22,208568,201068
INDUS,Chashma,14-Jul-22,248615,236172
INDUS,Taunsa,14-Jul-22,202840,176518
INDUS,Guddu,14-Jul-22,173365,136335
INDUS,Sukkar,14-Jul-22,107420,66680
INDUS,Kotri,14-Jul-22,20575,360
JHELUM,Kotli,14-Jul-22,-,4880
JHELUM,Mangla,14-Jul-22,37000,14815
JHELUM,Rasul,14-Jul-22,12960,Nil
CHENAB,Marala,14-Jul-22,64377,38277
CHENAB,Khanki,14-Jul-22,52864,47034
CHENAB,Qadirabad,14-Jul-22,49897,27897
CHENAB,Trimmu,14-Jul-22,49581,34331
CHENAB,Punjnad,14-Jul-22,26830,16130
RAVI,Jassar,14-Jul-22,-,4660
RAVI,Shahdara,14-Jul-22,-,13721
RAVI,Balloki,14-Jul-22,32395,6295
RAVI,Sidhnai,14-Jul-22,15966,3966
SUTLEJ,Sulemanki,14-Jul-22,13847,3587
SUTLEJ,Islam,14-Jul-22,300,Nil
INDUS,Kalabagh,14-Jul-22,180691,173191
INDUS,Chashma,14-Jul-22,255857,242457
INDUS,Taunsa,14-Jul-22,202840,176518
INDUS,Guddu,14-Jul-22,165597,142988
INDUS,Sukkar,14-Jul-22,110041,73201
INDUS,Kotri,14-Jul-22,20635,360
JHELUM,Kotli,14-Jul-22,-,4590
JHELUM,Mangla,14-Jul-22,26500,11515
JHELUM,Rasul,14-Jul-22,27155,11895
CHENAB,Marala,14-Jul-22,68930,43630
CHENAB,Khanki,14-Jul-22,50567,44781
CHENAB,Qadirabad,14-Jul-22,56560,34560
CHENAB,Trimmu,14-Jul-22,49581,34331
CHENAB,Punjnad,14-Jul-22,26830,16130
RAVI,Jassar,14-Jul-22,-,4999
RAVI,Shahdara,14-Jul-22,-,16985
RAVI,Balloki,14-Jul-22,33230,9130
RAVI,Sidhnai,14-Jul-22,15966,3966
SUTLEJ,Sulemanki,14-Jul-22,19375,11408
SUTLEJ,Islam,14-Jul-22,300,NIL
INDUS,Kalabagh,14-Jul-22,163530,156030
INDUS,Chashma,14-Jul-22,267647,254247
INDUS,Taunsa,14-Jul-22,206433,185633
INDUS,Guddu,14-Jul-22,165597,142988
INDUS,Sukkar,14-Jul-22,110041,73201
INDUS,Kotri,14-Jul-22,20635,360
JHELUM,Kotli,14-Jul-22,-,4030
JHELUM,Mangla,14-Jul-22,30000,20715
JHELUM,Rasul,14-Jul-22,28450,11895
CHENAB,Marala,14-Jul-22,74283,48983
CHENAB,Khanki,14-Jul-22,43508,37424
CHENAB,Qadirabad,14-Jul-22,56560,34560
CHENAB,Trimmu,14-Jul-22,44894,29644
CHENAB,Punjnad,14-Jul-22,24057,18357
RAVI,Jassar,14-Jul-22,-,5337
RAVI,Shahdara,14-Jul-22,-,14945
RAVI,Balloki,14-Jul-22,33430,9130
RAVI,Sidhnai,14-Jul-22,15966,3966
SUTLEJ,Sulemanki,14-Jul-22,19375,11408
SUTLEJ,Islam,14-Jul-22,300,NIL
INDUS,Kalabagh,15-Jul-22,157802,150302
INDUS,Chashma,15-Jul-22,264383,250983
INDUS,Taunsa,15-Jul-22,211635,190835
INDUS,Guddu,15-Jul-22,184582,164820
INDUS,Sukkar,15-Jul-22,128555,96185
INDUS,Kotri,15-Jul-22,20415,370
JHELUM,Kotli,15-Jul-22,-,3510
JHELUM,Mangla,15-Jul-22,30500,13455
JHELUM,Rasul,15-Jul-22,16555,NIL
CHENAB,Marala,15-Jul-22,68930,43630
CHENAB,Khanki,15-Jul-22,46949,40865
CHENAB,Qadirabad,15-Jul-22,56560,34560
CHENAB,Trimmu,15-Jul-22,40911,25661
CHENAB,Punjnad,15-Jul-22,28235,22535
RAVI,Jassar,15-Jul-22,-,5337
RAVI,Shahdara,15-Jul-22,-,14537
RAVI,Balloki,15-Jul-22,34355,10055
RAVI,Sidhnai,15-Jul-22,15700,4300
SUTLEJ,Sulemanki,15-Jul-22,15231,7264
SUTLEJ,Islam,15-Jul-22,300,NIL
INDUS,Kalabagh,15-Jul-22,173053,165553
INDUS,Chashma,15-Jul-22,247500,234100
INDUS,Taunsa,15-Jul-22,211563,187263
INDUS,Guddu,15-Jul-22,200667,180401
INDUS,Sukkar,15-Jul-22,134050,100150
INDUS,Kotri,15-Jul-22,20795,1450
JHELUM,Kotli,15-Jul-22,-,3040
JHELUM,Mangla,15-Jul-22,34000,16615
JHELUM,Rasul,15-Jul-22,16555,Nil
CHENAB,Marala,15-Jul-22,63327,38277
CHENAB,Khanki,15-Jul-22,60616,54532
CHENAB,Qadirabad,15-Jul-22,56560,34560
CHENAB,Trimmu,15-Jul-22,40911,25661
CHENAB,Punjnad,15-Jul-22,30120,24420
RAVI,Jassar,15-Jul-22,-,4999
RAVI,Shahdara,15-Jul-22,-,14945
RAVI,Balloki,15-Jul-22,34355,10055
RAVI,Sidhnai,15-Jul-22,14940,3540
SUTLEJ,Sulemanki,15-Jul-22,15231,7264
SUTLEJ,Islam,15-Jul-22,500,Nil
INDUS,Kalabagh,15-Jul-22,158802,151302
INDUS,Chashma,15-Jul-22,237249,223849
INDUS,Taunsa,15-Jul-22,211563,187263
INDUS,Guddu,15-Jul-22,212149,189529
INDUS,Sukkar,15-Jul-22,138010,105090
INDUS,Kotri,15-Jul-22,21205,1450
JHELUM,Kotli,15-Jul-22,-,2820
JHELUM,Mangla,15-Jul-22,32000,15415
JHELUM,Rasul,15-Jul-22,16555,NIL
CHENAB,Marala,15-Jul-22,68680,43630
CHENAB,Khanki,15-Jul-22,56846,50695
CHENAB,Qadirabad,15-Jul-22,63817,41817
CHENAB,Trimmu,15-Jul-22,37063,21813
CHENAB,Punjnad,15-Jul-22,32372,27672
RAVI,Jassar,15-Jul-22,-,3901
RAVI,Shahdara,15-Jul-22,-,15353
RAVI,Balloki,15-Jul-22,36190,11690
RAVI,Sidhnai,15-Jul-22,14940,3540
SUTLEJ,Sulemanki,15-Jul-22,19085,13029
SUTLEJ,Islam,15-Jul-22,500,NIL
INDUS,Kalabagh,15-Jul-22,140460,132960
INDUS,Chashma,15-Jul-22,219100,205400
INDUS,Taunsa,15-Jul-22,249080,230780
INDUS,Guddu,15-Jul-22,212149,189529
INDUS,Sukkar,15-Jul-22,138010,105090
INDUS,Kotri,15-Jul-22,21205,1450
JHELUM,Kotli,15-Jul-22,-,2400
JHELUM,Mangla,15-Jul-22,30000,13115
JHELUM,Rasul,15-Jul-22,14155,NIL
CHENAB,Marala,15-Jul-22,68680,43630
CHENAB,Khanki,15-Jul-22,50278,44116
CHENAB,Qadirabad,15-Jul-22,63817,41817
CHENAB,Trimmu,15-Jul-22,37063,21813
CHENAB,Punjnad,15-Jul-22,33872,27672
RAVI,Jassar,15-Jul-22,-,4999
RAVI,Shahdara,15-Jul-22,-,15353
RAVI,Balloki,15-Jul-22,36490,11690
RAVI,Sidhnai,15-Jul-22,14044,2644
SUTLEJ,Sulemanki,15-Jul-22,19085,13029
SUTLEJ,Islam,15-Jul-22,500,NIL
INDUS,Kalabagh,16-Jul-22,137865,130365
INDUS,Chashma,16-Jul-22,225245,210945
INDUS,Taunsa,16-Jul-22,239678,221378
INDUS,Guddu,16-Jul-22,200364,173292
INDUS,Sukkar,16-Jul-22,156345,129175
INDUS,Kotri,16-Jul-22,25310,6505
JHELUM,Kotli,16-Jul-22,-,2820
JHELUM,Mangla,16-Jul-22,29000,11455
JHELUM,Rasul,16-Jul-22,11905,NIL
CHENAB,Marala,16-Jul-22,68680,43630
CHENAB,Khanki,16-Jul-22,47027,40865
CHENAB,Qadirabad,16-Jul-22,61276,39276
CHENAB,Trimmu,16-Jul-22,37063,21813
CHENAB,Punjnad,16-Jul-22,33872,27672
RAVI,Jassar,16-Jul-22,-,4999
RAVI,Shahdara,16-Jul-22,-,14537
RAVI,Balloki,16-Jul-22,37645,12845
RAVI,Sidhnai,16-Jul-22,14944,2644
SUTLEJ,Sulemanki,16-Jul-22,19085,13029
SUTLEJ,Islam,16-Jul-22,1354,554
INDUS,Kalabagh,16-Jul-22,148335,140835
INDUS,Chashma,16-Jul-22,221882,210030
INDUS,Taunsa,16-Jul-22,239678,221378
INDUS,Guddu,16-Jul-22,185360,158288
INDUS,Sukkar,16-Jul-22,157295,129175
INDUS,Kotri,16-Jul-22,28211,8266
JHELUM,Kotli,16-Jul-22,-,2820
JHELUM,Mangla,16-Jul-22,30000,9815
JHELUM,Rasul,16-Jul-22,11805,NIL
CHENAB,Marala,16-Jul-22,74183,48983
CHENAB,Khanki,16-Jul-22,52086,45847
CHENAB,Qadirabad,16-Jul-22,53810,31810
CHENAB,Trimmu,16-Jul-22,38003,22753
CHENAB,Punjnad,16-Jul-22,38383,31383
RAVI,Jassar,16-Jul-22,-,6353
RAVI,Shahdara,16-Jul-22,-,13721
RAVI,Balloki,16-Jul-22,39775,14575
RAVI,Sidhnai,16-Jul-22,15005,3305
SUTLEJ,Sulemanki,16-Jul-22,19085,13029
SUTLEJ,Islam,16-Jul-22,1354,554
INDUS,Kalabagh,16-Jul-22,148590,140835
INDUS,Chashma,16-Jul-22,222012,210060
INDUS,Taunsa,16-Jul-22,240178,221378
INDUS,Guddu,16-Jul-22,188655,160572
INDUS,Sukkar,16-Jul-22,157295,129175
INDUS,Kotri,16-Jul-22,29165,10770
JHELUM,Kotli,16-Jul-22,-,2400
JHELUM,Mangla,16-Jul-22,31000,17515
JHELUM,Rasul,16-Jul-22,12055,NIL
CHENAB,Marala,16-Jul-22,68830,43630
CHENAB,Khanki,16-Jul-22,53319,47034
CHENAB,Qadirabad,16-Jul-22,53810,31810
CHENAB,Trimmu,16-Jul-22,43740,28490
CHENAB,Punjnad,16-Jul-22,39084,31684
RAVI,Jassar,16-Jul-22,-,6014
RAVI,Shahdara,16-Jul-22,-,13306
RAVI,Balloki,16-Jul-22,39675,14575
RAVI,Sidhnai,16-Jul-22,15227,4627
SUTLEJ,Sulemanki,16-Jul-22,17831,13770
SUTLEJ,Islam,16-Jul-22,1354,554
INDUS,Kalabagh,16-Jul-22,129457,121657
INDUS,Chashma,16-Jul-22,221597,209166
INDUS,Taunsa,16-Jul-22,240178,221378
INDUS,Guddu,16-Jul-22,188655,160572
INDUS,Sukkar,16-Jul-22,157295,129175
INDUS,Kotri,16-Jul-22,29165,10770
JHELUM,Kotli,16-Jul-22,-,2200
JHELUM,Mangla,16-Jul-22,27000,22215
JHELUM,Rasul,16-Jul-22,12055,Nil
CHENAB,Marala,16-Jul-22,63577,38277
CHENAB,Khanki,16-Jul-22,57860,51575
CHENAB,Qadirabad,16-Jul-22,59382,37382
CHENAB,Trimmu,16-Jul-22,42534,27284
CHENAB,Punjnad,16-Jul-22,39284,31684
RAVI,Jassar,16-Jul-22,-,5337
RAVI,Shahdara,16-Jul-22,-,13306
RAVI,Balloki,16-Jul-22,39275,14575
RAVI,Sidhnai,16-Jul-22,15161,4961
SUTLEJ,Sulemanki,16-Jul-22,17831,13773
SUTLEJ,Islam,16-Jul-22,1354,554
INDUS,Kalabagh,17-Jul-22,130382,122582
INDUS,Chashma,17-Jul-22,222367,209936
INDUS,Taunsa,17-Jul-22,230842,211542
INDUS,Guddu,17-Jul-22,197521,170173
INDUS,Sukkar,17-Jul-22,167650,138700
INDUS,Kotri,17-Jul-22,33275,16870
JHELUM,Kotli,17-Jul-22,-,2400
JHELUM,Mangla,17-Jul-22,23000,15115
JHELUM,Rasul,17-Jul-22,11555,Nil
CHENAB,Marala,17-Jul-22,63577,38277
CHENAB,Khanki,17-Jul-22,56716,50425
CHENAB,Qadirabad,17-Jul-22,59382,37382
CHENAB,Trimmu,17-Jul-22,42534,27284
CHENAB,Punjnad,17-Jul-22,39284,31684
RAVI,Jassar,17-Jul-22,-,5337
RAVI,Shahdara,17-Jul-22,-,14537
RAVI,Balloki,17-Jul-22,38425,13725
RAVI,Sidhnai,17-Jul-22,16149,5949
SUTLEJ,Sulemanki,17-Jul-22,21980,17527
SUTLEJ,Islam,17-Jul-22,1541,841
INDUS,Kalabagh,17-Jul-22,139592,131792
INDUS,Chashma,17-Jul-22,224421,209921
INDUS,Taunsa,17-Jul-22,230842,211542
INDUS,Guddu,17-Jul-22,201993,174340
INDUS,Sukkar,17-Jul-22,167650,138700
INDUS,Kotri,17-Jul-22,35705,16810
JHELUM,Kotli,17-Jul-22,-,2600
JHELUM,Mangla,17-Jul-22,29000,12215
JHELUM,Rasul,17-Jul-22,11055,Nil
CHENAB,Marala,17-Jul-22,58224,32924
CHENAB,Khanki,17-Jul-22,45317,39032
CHENAB,Qadirabad,17-Jul-22,59382,37382
CHENAB,Trimmu,17-Jul-22,44502,29252
CHENAB,Punjnad,17-Jul-22,39284,31684
RAVI,Jassar,17-Jul-22,-,4999
RAVI,Shahdara,17-Jul-22,-,14537
RAVI,Balloki,17-Jul-22,38425,13725
RAVI,Sidhnai,17-Jul-22,18715,8515
SUTLEJ,Sulemanki,17-Jul-22,21980,17523
SUTLEJ,Islam,17-Jul-22,1541,841
INDUS,Kalabagh,17-Jul-22,138637,130837
INDUS,Chashma,17-Jul-22,222809,209973
INDUS,Taunsa,17-Jul-22,228330,210030
INDUS,Guddu,17-Jul-22,205347,177694
INDUS,Sukkar,17-Jul-22,167650,135950
INDUS,Kotri,17-Jul-22,37615,16810
JHELUM,Kotli,17-Jul-22,-,2600
JHELUM,Mangla,17-Jul-22,24000,18315
JHELUM,Rasul,17-Jul-22,11055,NIL
CHENAB,Marala,17-Jul-22,52871,27571
CHENAB,Khanki,17-Jul-22,42170,35509
CHENAB,Qadirabad,17-Jul-22,51808,29808
CHENAB,Trimmu,17-Jul-22,47831,32581
CHENAB,Punjnad,17-Jul-22,39284,31684
RAVI,Jassar,17-Jul-22,-,4999
RAVI,Shahdara,17-Jul-22,-,14537
RAVI,Balloki,17-Jul-22,38425,13725
RAVI,Sidhnai,17-Jul-22,18715,8515
SUTLEJ,Sulemanki,17-Jul-22,20045,14886
SUTLEJ,Islam,17-Jul-22,2161,1461
INDUS,Kalabagh,17-Jul-22,129527,121627
INDUS,Chashma,17-Jul-22,200256,187420
INDUS,Taunsa,17-Jul-22,228830,210030
INDUS,Guddu,17-Jul-22,205347,177694
INDUS,Sukkar,17-Jul-22,167650,135950
INDUS,Kotri,17-Jul-22,37615,16810
JHELUM,Kotli,17-Jul-22,-,3040
JHELUM,Mangla,17-Jul-22,25000,17615
JHELUM,Rasul,17-Jul-22,11105,NIL
CHENAB,Marala,17-Jul-22,52871,27371
CHENAB,Khanki,17-Jul-22,35132,28471
CHENAB,Qadirabad,17-Jul-22,45877,23877
CHENAB,Trimmu,17-Jul-22,49346,34096
CHENAB,Punjnad,17-Jul-22,38784,31684
RAVI,Jassar,17-Jul-22,-,6353
RAVI,Shahdara,17-Jul-22,-,14537
RAVI,Balloki,17-Jul-22,38425,13725
RAVI,Sidhnai,17-Jul-22,18171,9471
SUTLEJ,Sulemanki,17-Jul-22,20045,14886
SUTLEJ,Islam,17-Jul-22,2426,2426
INDUS,Kalabagh,18-Jul-22,131537,123537
INDUS,Chashma,18-Jul-22,202220,187720
INDUS,Taunsa,18-Jul-22,211211,191911
INDUS,Guddu,18-Jul-22,217993,189948
INDUS,Sukkar,18-Jul-22,165010,132240
INDUS,Kotri,18-Jul-22,39495,20040
JHELUM,Kotli,18-Jul-22,-,3040
JHELUM,Mangla,18-Jul-22,25000,12615
JHELUM,Rasul,18-Jul-22,11105,NIL
CHENAB,Marala,18-Jul-22,52871,27371
CHENAB,Khanki,18-Jul-22,35132,28471
CHENAB,Qadirabad,18-Jul-22,36756,14756
CHENAB,Trimmu,18-Jul-22,49346,34096
CHENAB,Punjnad,18-Jul-22,38784,31684
RAVI,Jassar,18-Jul-22,-,6353
RAVI,Shahdara,18-Jul-22,-,14945
RAVI,Balloki,18-Jul-22,36720,12020
RAVI,Sidhnai,18-Jul-22,18230,11430
SUTLEJ,Sulemanki,18-Jul-22,21313,16053
SUTLEJ,Islam,18-Jul-22,3735,3735
INDUS,Kalabagh,18-Jul-22,150430,142430
INDUS,Chashma,18-Jul-22,213075,199990
INDUS,Taunsa,18-Jul-22,207617,188317
INDUS,Guddu,18-Jul-22,218973,189948
INDUS,Sukkar,18-Jul-22,165010,132240
INDUS,Kotri,18-Jul-22,39445,20040
JHELUM,Kotli,18-Jul-22,-,3040
JHELUM,Mangla,18-Jul-22,25000,11615
JHELUM,Rasul,18-Jul-22,17705,Nil
CHENAB,Marala,18-Jul-22,53071,27501
CHENAB,Khanki,18-Jul-22,33258,26529
CHENAB,Qadirabad,18-Jul-22,36756,14756
CHENAB,Trimmu,18-Jul-22,53638,38388
CHENAB,Punjnad,18-Jul-22,31777,23877
RAVI,Jassar,18-Jul-22,-,8846
RAVI,Shahdara,18-Jul-22,-,14945
RAVI,Balloki,18-Jul-22,36720,12020
RAVI,Sidhnai,18-Jul-22,20921,14121
SUTLEJ,Sulemanki,18-Jul-22,21313,16053
SUTLEJ,Islam,18-Jul-22,4232,4232
INDUS,Kalabagh,18-Jul-22,154483,146483
INDUS,Chashma,18-Jul-22,199937,186597
INDUS,Taunsa,18-Jul-22,208117,188317
INDUS,Guddu,18-Jul-22,223936,190226
INDUS,Sukkar,18-Jul-22,165010,132240
INDUS,Kotri,18-Jul-22,39795,20040
JHELUM,Kotli,18-Jul-22,-,2600
JHELUM,Mangla,18-Jul-22,31000,15715
JHELUM,Rasul,18-Jul-22,12305,NIL
CHENAB,Marala,18-Jul-22,53221,27571
CHENAB,Khanki,18-Jul-22,35212,28471
CHENAB,Qadirabad,18-Jul-22,36756,14756
CHENAB,Trimmu,18-Jul-22,55870,40620
CHENAB,Punjnad,18-Jul-22,31777,23877
RAVI,Jassar,18-Jul-22,-,7101
RAVI,Shahdara,18-Jul-22,-,15353
RAVI,Balloki,18-Jul-22,35865,11165
RAVI,Sidhnai,18-Jul-22,21421,14121
SUTLEJ,Sulemanki,18-Jul-22,21614,15504
SUTLEJ,Islam,18-Jul-22,4482,4232
INDUS,Kalabagh,18-Jul-22,154483,146483
INDUS,Chashma,18-Jul-22,199056,186456
INDUS,Taunsa,18-Jul-22,208117,188317
INDUS,Guddu,18-Jul-22,223936,190226
INDUS,Sukkar,18-Jul-22,165010,132240
INDUS,Kotri,18-Jul-22,39795,20040
JHELUM,Kotli,18-Jul-22,-,2600
JHELUM,Mangla,18-Jul-22,30000,18015
JHELUM,Rasul,18-Jul-22,12055,NIL
CHENAB,Marala,18-Jul-22,53611,27471
CHENAB,Khanki,18-Jul-22,33270,26529
CHENAB,Qadirabad,18-Jul-22,36756,14756
CHENAB,Trimmu,18-Jul-22,57144,41894
CHENAB,Punjnad,18-Jul-22,33477,23877
RAVI,Jassar,18-Jul-22,-,6353
RAVI,Shahdara,18-Jul-22,-,14537
RAVI,Balloki,18-Jul-22,36065,11165
RAVI,Sidhnai,18-Jul-22,21421,14121
SUTLEJ,Sulemanki,18-Jul-22,21614,15504
SUTLEJ,Islam,18-Jul-22,6420,6070
INDUS,Kalabagh,19-Jul-22,164716,156716
INDUS,Chashma,19-Jul-22,199242,187720
INDUS,Taunsa,19-Jul-22,200981,181181
INDUS,Guddu,19-Jul-22,218985,183373
INDUS,Sukkar,19-Jul-22,165131,128715
INDUS,Kotri,19-Jul-22,49795,28170
JHELUM,Kotli,19-Jul-22,-,2820
JHELUM,Mangla,19-Jul-22,30000,13915
JHELUM,Rasul,19-Jul-22,11305,NIL
CHENAB,Marala,19-Jul-22,54421,27471
CHENAB,Khanki,19-Jul-22,25253,18512
CHENAB,Qadirabad,19-Jul-22,36756,14756
CHENAB,Trimmu,19-Jul-22,57144,41894
CHENAB,Punjnad,19-Jul-22,29379,19779
RAVI,Jassar,19-Jul-22,-,6353
RAVI,Shahdara,19-Jul-22,-,15761
RAVI,Balloki,19-Jul-22,34360,9460
RAVI,Sidhnai,19-Jul-22,21421,14121
SUTLEJ,Sulemanki,19-Jul-22,20602,14191
SUTLEJ,Islam,19-Jul-22,7302,6952
INDUS,Kalabagh,19-Jul-22,174508,166508
INDUS,Chashma,19-Jul-22,203820,189982
INDUS,Taunsa,19-Jul-22,200981,181181
INDUS,Guddu,19-Jul-22,218495,183373
INDUS,Sukkar,19-Jul-22,165131,128751
INDUS,Kotri,19-Jul-22,52375,28170
JHELUM,Kotli,19-Jul-22,-,2820
JHELUM,Mangla,19-Jul-22,26000,14215
JHELUM,Rasul,19-Jul-22,10555,NIL
CHENAB,Marala,19-Jul-22,54521,27571
CHENAB,Khanki,19-Jul-22,27266,20490
CHENAB,Qadirabad,19-Jul-22,30361,8361
CHENAB,Trimmu,19-Jul-22,57144,41894
CHENAB,Punjnad,19-Jul-22,26721,16521
RAVI,Jassar,19-Jul-22,-,5337
RAVI,Shahdara,19-Jul-22,-,15761
RAVI,Balloki,19-Jul-22,34360,9460
RAVI,Sidhnai,19-Jul-22,21571,14121
SUTLEJ,Bhakara**,19-Jul-22,35626,18455
SUTLEJ,Sulemanki,19-Jul-22,20602,14191
SUTLEJ,Islam,19-Jul-22,8404,7654
INDUS,Kalabagh,19-Jul-22,148520,140520
INDUS,Chashma,19-Jul-22,202556,189956
INDUS,Taunsa,19-Jul-22,195539,170040
INDUS,Guddu,19-Jul-22,216773,179646
INDUS,Sukkar,19-Jul-22,165131,128751
INDUS,Kotri,19-Jul-22,54985,28170
JHELUM,Kotli,19-Jul-22,-,2600
JHELUM,Mangla,19-Jul-22,32000,13715
JHELUM,Rasul,19-Jul-22,10305,NIL
CHENAB,Marala,19-Jul-22,54923,27571
CHENAB,Khanki,19-Jul-22,27266,20490
CHENAB,Qadirabad,19-Jul-22,28118,6118
CHENAB,Trimmu,19-Jul-22,49315,34065
CHENAB,Punjnad,19-Jul-22,26821,16521
RAVI,Jassar,19-Jul-22,-,5337
RAVI,Shahdara,19-Jul-22,-,16168
RAVI,Balloki,19-Jul-22,34360,9460
RAVI,Sidhnai,19-Jul-22,20924,12274
SUTLEJ,Bhakara**,19-Jul-22,-,-
SUTLEJ,Sulemanki,19-Jul-22,24670,17462
SUTLEJ,Islam,19-Jul-22,8404,7654
INDUS,Kalabagh,19-Jul-22,138050,130050
INDUS,Chashma,19-Jul-22,202565,189965
INDUS,Taunsa,19-Jul-22,195539,170040
INDUS,Guddu,19-Jul-22,216773,179646
INDUS,Sukkar,19-Jul-22,165131,128751
INDUS,Kotri,19-Jul-22,54985,28170
JHELUM,Kotli,19-Jul-22,-,2200
JHELUM,Mangla,19-Jul-22,28000,13515
JHELUM,Rasul,19-Jul-22,10305,NIL
CHENAB,Marala,19-Jul-22,60464,32414
CHENAB,Khanki,19-Jul-22,25288,18512
CHENAB,Qadirabad,19-Jul-22,28118,6118
CHENAB,Trimmu,19-Jul-22,49315,34065
CHENAB,Punjnad,19-Jul-22,26821,16521
RAVI,Jassar,19-Jul-22,-,4999
RAVI,Shahdara,19-Jul-22,-,15761
RAVI,Balloki,19-Jul-22,34860,9460
RAVI,Sidhnai,19-Jul-22,20924,12274
SUTLEJ,Bhakara**,19-Jul-22,-,-
SUTLEJ,Sulemanki,19-Jul-22,24670,17462
SUTLEJ,Islam,19-Jul-22,8404,7654
INDUS,Kalabagh,20-Jul-22,131050,130050
INDUS,Chashma,20-Jul-22,202642,190042
INDUS,Taunsa,20-Jul-22,195539,170040
INDUS,Guddu,20-Jul-22,203581,166454
INDUS,Sukkar,20-Jul-22,181401,141141
INDUS,Kotri,20-Jul-22,63005,32550
JHELUM,Kotli,20-Jul-22,-,2600
JHELUM,Mangla,20-Jul-22,30000,13515
JHELUM,Rasul,20-Jul-22,10305,NIL
CHENAB,Marala,20-Jul-22,60974,32924
CHENAB,Khanki,20-Jul-22,29496,22720
CHENAB,Qadirabad,20-Jul-22,28118,6118
CHENAB,Trimmu,20-Jul-22,49315,34065
CHENAB,Punjnad,20-Jul-22,26821,16521
RAVI,Jassar,20-Jul-22,-,4999
RAVI,Shahdara,20-Jul-22,-,15353
RAVI,Balloki,20-Jul-22,33705,8305
RAVI,Sidhnai,20-Jul-22,20924,12274
SUTLEJ,Bhakara**,20-Jul-22,-,-
SUTLEJ,Sulemanki,20-Jul-22,24785,17876
SUTLEJ,Islam,20-Jul-22,10714,9964
INDUS,Kalabagh,20-Jul-22,156392,148392
INDUS,Chashma,20-Jul-22,202034,189434
INDUS,Taunsa,20-Jul-22,195539,170040
INDUS,Guddu,20-Jul-22,190637,152815
INDUS,Sukkar,20-Jul-22,181401,141141
INDUS,Kotri,20-Jul-22,64315,32550
JHELUM,Kotli,20-Jul-22,-,6860
JHELUM,Mangla,20-Jul-22,28000,13915
JHELUM,Rasul,20-Jul-22,10305,Nil
CHENAB,Marala,20-Jul-22,77033,48983
CHENAB,Khanki,20-Jul-22,38612,31836
CHENAB,Qadirabad,20-Jul-22,28118,6118
CHENAB,Trimmu,20-Jul-22,49315,34065
CHENAB,Punjnad,20-Jul-22,26821,16521
RAVI,Jassar,20-Jul-22,-,6014
RAVI,Shahdara,20-Jul-22,-,15353
RAVI,Balloki,20-Jul-22,33705,8305
RAVI,Sidhnai,20-Jul-22,20924,12274
SUTLEJ,Bhakara**,20-Jul-22,34977,20159
SUTLEJ,Sulemanki,20-Jul-22,24785,17876
SUTLEJ,Islam,20-Jul-22,11285,10535
INDUS,Kalabagh,20-Jul-22,156392,148392
INDUS,Chashma,20-Jul-22,217327,203325
INDUS,Taunsa,20-Jul-22,182900,158905
INDUS,Guddu,20-Jul-22,176500,138678
INDUS,Sukkar,20-Jul-22,181401,141141
INDUS,Kotri,20-Jul-22,65330,32550
JHELUM,Kotli,20-Jul-22,-,4300
JHELUM,Mangla,20-Jul-22,33000,15915
JHELUM,Rasul,20-Jul-22,12305,NIL
CHENAB,Marala,20-Jul-22,93786,65736
CHENAB,Khanki,20-Jul-22,45980,39204
CHENAB,Qadirabad,20-Jul-22,45795,23795
CHENAB,Trimmu,20-Jul-22,40140,24890
CHENAB,Punjnad,20-Jul-22,27978,17478
RAVI,Jassar,20-Jul-22,-,4999
RAVI,Shahdara,20-Jul-22,-,15353
RAVI,Balloki,20-Jul-22,33905,8305
RAVI,Sidhnai,20-Jul-22,19784,10434
SUTLEJ,Bhakara**,20-Jul-22,-,-
SUTLEJ,Sulemanki,20-Jul-22,23142,16235
SUTLEJ,Islam,20-Jul-22,11285,10535
INDUS,Kalabagh,20-Jul-22,156392,148392
INDUS,Chashma,20-Jul-22,219747,203045
INDUS,Taunsa,20-Jul-22,182900,158905
INDUS,Guddu,20-Jul-22,176500,138678
INDUS,Sukkar,20-Jul-22,181401,141141
INDUS,Kotri,20-Jul-22,65330,32550
JHELUM,Kotli,20-Jul-22,-,3770
JHELUM,Mangla,20-Jul-22,35000,12915
JHELUM,Rasul,20-Jul-22,12305,NIL
CHENAB,Marala,20-Jul-22,93706,64924
CHENAB,Khanki,20-Jul-22,50717,43941
CHENAB,Qadirabad,20-Jul-22,45795,23795
CHENAB,Trimmu,20-Jul-22,37199,21949
CHENAB,Punjnad,20-Jul-22,27978,17478
RAVI,Jassar,20-Jul-22,-,5337
RAVI,Shahdara,20-Jul-22,-,15353
RAVI,Balloki,20-Jul-22,33905,8305
RAVI,Sidhnai,20-Jul-22,18000,9150
SUTLEJ,Bhakara**,20-Jul-22,-,-
SUTLEJ,Sulemanki,20-Jul-22,23142,16235
SUTLEJ,Islam,20-Jul-22,11726,10976
INDUS,Kalabagh,21-Jul-22,156392,148392
INDUS,Chashma,21-Jul-22,221505,203025
INDUS,Taunsa,21-Jul-22,182900,158791
INDUS,Guddu,21-Jul-22,166262,128590
INDUS,Sukkar,21-Jul-22,174120,135810
INDUS,Kotri,21-Jul-22,83368,49888
JHELUM,Kotli,21-Jul-22,-,4030
JHELUM,Mangla,21-Jul-22,38000,12915
JHELUM,Rasul,21-Jul-22,12305,NIL
CHENAB,Marala,21-Jul-22,93706,64873
CHENAB,Khanki,21-Jul-22,67911,61135
CHENAB,Qadirabad,21-Jul-22,53553,31553
CHENAB,Trimmu,21-Jul-22,32230,16980
CHENAB,Punjnad,21-Jul-22,29816,19316
RAVI,Jassar,21-Jul-22,-,6353
RAVI,Shahdara,21-Jul-22,-,16985
RAVI,Balloki,21-Jul-22,33905,8305
RAVI,Sidhnai,21-Jul-22,18000,9150
SUTLEJ,Bhakara**,21-Jul-22,-,-
SUTLEJ,Sulemanki,21-Jul-22,22588,15681
SUTLEJ,Islam,21-Jul-22,11726,10976
INDUS,Kalabagh,21-Jul-22,166625,158625
INDUS,Chashma,21-Jul-22,218570,199970
INDUS,Taunsa,21-Jul-22,181324,157019
INDUS,Guddu,21-Jul-22,166262,128590
INDUS,Sukkar,21-Jul-22,174120,135810
INDUS,Kotri,21-Jul-22,83368,49888
JHELUM,Kotli,21-Jul-22,-,4590
JHELUM,Mangla,21-Jul-22,70000,10315
JHELUM,Rasul,21-Jul-22,13805,NIL
CHENAB,Marala,21-Jul-22,82973,54540
CHENAB,Khanki,21-Jul-22,68198,61446
CHENAB,Qadirabad,21-Jul-22,68785,46785
CHENAB,Trimmu,21-Jul-22,30374,15124
CHENAB,Punjnad,21-Jul-22,31197,20697
RAVI,Jassar,21-Jul-22,-,7849
RAVI,Shahdara,21-Jul-22,-,19496
RAVI,Balloki,21-Jul-22,33905,8305
RAVI,Sidhnai,21-Jul-22,18500,9150
SUTLEJ,Bhakara**,21-Jul-22,38325,16096
SUTLEJ,Sulemanki,21-Jul-22,22588,15681
SUTLEJ,Islam,21-Jul-22,11916,11166
INDUS,Kalabagh,21-Jul-22,182957,175157
INDUS,Chashma,21-Jul-22,218187,200027
INDUS,Taunsa,21-Jul-22,181520,156980
INDUS,Guddu,21-Jul-22,166262,128590
INDUS,Sukkar,21-Jul-22,162130,125080
INDUS,Kotri,21-Jul-22,89630,56150
JHELUM,Kotli,21-Jul-22,-,4880
JHELUM,Mangla,21-Jul-22,44000,9115
JHELUM,Rasul,21-Jul-22,21745,7990
CHENAB,Marala,21-Jul-22,99738,80278
CHENAB,Khanki,21-Jul-22,67969,61446
CHENAB,Qadirabad,21-Jul-22,72353,50353
CHENAB,Trimmu,21-Jul-22,30374,15124
CHENAB,Punjnad,21-Jul-22,32674,22474
RAVI,Jassar,21-Jul-22,-,7101
RAVI,Shahdara,21-Jul-22,-,20061
RAVI,Balloki,21-Jul-22,35310,10010
RAVI,Sidhnai,21-Jul-22,18015,8515
SUTLEJ,Bhakara**,21-Jul-22,-,-
SUTLEJ,Sulemanki,21-Jul-22,20533,13626
SUTLEJ,Islam,21-Jul-22,11916,11166
INDUS,Kalabagh,21-Jul-22,170044,163644
INDUS,Chashma,21-Jul-22,216273,200155
INDUS,Taunsa,21-Jul-22,188905,168605
INDUS,Guddu,21-Jul-22,166262,128590
INDUS,Sukkar,21-Jul-22,162130,125080
INDUS,Kotri,21-Jul-22,89630,56150
JHELUM,Kotli,21-Jul-22,-,4880
JHELUM,Mangla,21-Jul-22,36000,9115
JHELUM,Rasul,21-Jul-22,19246,5341
CHENAB,Marala,21-Jul-22,131736,119592
CHENAB,Khanki,21-Jul-22,57713,52090
CHENAB,Qadirabad,21-Jul-22,77187,55187
CHENAB,Trimmu,21-Jul-22,34391,20585
CHENAB,Punjnad,21-Jul-22,34719,28019
RAVI,Jassar,21-Jul-22,-,7849
RAVI,Shahdara,21-Jul-22,-,20061
RAVI,Balloki,21-Jul-22,37040,11740
RAVI,Sidhnai,21-Jul-22,18083,11983
SUTLEJ,Bhakara**,21-Jul-22,-,-
SUTLEJ,Sulemanki,21-Jul-22,20533,13626
SUTLEJ,Islam,21-Jul-22,11916,11166
INDUS,Kalabagh,22-Jul-22,180657,175157
INDUS,Chashma,22-Jul-22,213649,200029
INDUS,Taunsa,22-Jul-22,190212,169912
INDUS,Guddu,22-Jul-22,170162,143350
INDUS,Sukkar,22-Jul-22,157685,125025
INDUS,Kotri,22-Jul-22,97160,63680
JHELUM,Kotli,22-Jul-22,-,4030
JHELUM,Mangla,22-Jul-22,34000,10515
JHELUM,Rasul,22-Jul-22,14155,NIL
CHENAB,Marala,22-Jul-22,94580,85680
CHENAB,Khanki,22-Jul-22,71895,66272
CHENAB,Qadirabad,22-Jul-22,77187,22000
CHENAB,Trimmu,22-Jul-22,32595,20585
CHENAB,Punjnad,22-Jul-22,39426,33720
RAVI,Jassar,22-Jul-22,-,7849
RAVI,Shahdara,22-Jul-22,-,20620
RAVI,Balloki,22-Jul-22,42155,16855
RAVI,Sidhnai,22-Jul-22,17911,12911
SUTLEJ,Bhakara**,22-Jul-22,-,-
SUTLEJ,Sulemanki,22-Jul-22,18132,12273
SUTLEJ,Islam,22-Jul-22,12246,11846
INDUS,Kalabagh,22-Jul-22,189802,184602
INDUS,Chashma,22-Jul-22,232399,221877
INDUS,Taunsa,22-Jul-22,211956,191656
INDUS,Guddu,22-Jul-22,163360,133880
INDUS,Sukkar,22-Jul-22,157685,125025
INDUS,Kotri,22-Jul-22,97160,63680
JHELUM,Kotli,22-Jul-22,-,3510
JHELUM,Mangla,22-Jul-22,50000,9615
JHELUM,Rasul,22-Jul-22,11455,NIL
CHENAB,Marala,22-Jul-22,73773,64873
CHENAB,Khanki,22-Jul-22,102903,97280
CHENAB,Qadirabad,22-Jul-22,91741,69741
CHENAB,Trimmu,22-Jul-22,24879,14271
CHENAB,Punjnad,22-Jul-22,40326,33726
RAVI,Jassar,22-Jul-22,-,7101
RAVI,Shahdara,22-Jul-22,-,21756
RAVI,Balloki,22-Jul-22,41710,17710
RAVI,Sidhnai,22-Jul-22,17911,12911
SUTLEJ,Bhakara**,22-Jul-22,34466,12238
SUTLEJ,Sulemanki,22-Jul-22,18132,12273
SUTLEJ,Islam,22-Jul-22,12246,11846
INDUS,Kalabagh,22-Jul-22,181112,176112
INDUS,Chashma,22-Jul-22,266859,257697
INDUS,Taunsa,22-Jul-22,211956,191656
INDUS,Guddu,22-Jul-22,166280,138780
INDUS,Sukkar,22-Jul-22,157685,125025
INDUS,Kotri,22-Jul-22,98185,66770
JHELUM,Kotli,22-Jul-22,-,3040
JHELUM,Mangla,22-Jul-22,30000,9515
JHELUM,Rasul,22-Jul-22,9955,NIL
CHENAB,Marala,22-Jul-22,80324,71424
CHENAB,Khanki,22-Jul-22,92833,87360
CHENAB,Qadirabad,22-Jul-22,115195,96195
CHENAB,Trimmu,22-Jul-22,26788,16288
CHENAB,Punjnad,22-Jul-22,40526,33726
RAVI,Jassar,22-Jul-22,-,14223
RAVI,Shahdara,22-Jul-22,-,22862
RAVI,Balloki,22-Jul-22,42665,18865
RAVI,Sidhnai,22-Jul-22,17246,13546
SUTLEJ,Bhakara**,22-Jul-22,-,-
SUTLEJ,Sulemanki,22-Jul-22,18582,12273
SUTLEJ,Islam,22-Jul-22,13251,12501
INDUS,Kalabagh,22-Jul-22,180662,176112
INDUS,Chashma,22-Jul-22,275959,266797
INDUS,Taunsa,22-Jul-22,211956,191656
INDUS,Guddu,22-Jul-22,166280,138780
INDUS,Sukkar,22-Jul-22,157685,125025
INDUS,Kotri,22-Jul-22,98185,66770
JHELUM,Kotli,22-Jul-22,-,2820
JHELUM,Mangla,22-Jul-22,30000,12715
JHELUM,Rasul,22-Jul-22,9355,NIL
CHENAB,Marala,22-Jul-22,80424,71424
CHENAB,Khanki,22-Jul-22,71695,66272
CHENAB,Qadirabad,22-Jul-22,106870,87870
CHENAB,Trimmu,22-Jul-22,26788,16288
CHENAB,Punjnad,22-Jul-22,40526,33726
RAVI,Jassar,22-Jul-22,-,13810
RAVI,Shahdara,22-Jul-22,-,18365
RAVI,Balloki,22-Jul-22,44350,22950
RAVI,Sidhnai,22-Jul-22,17246,13546
SUTLEJ,Bhakara**,22-Jul-22,-,-
SUTLEJ,Sulemanki,22-Jul-22,18582,12273
SUTLEJ,Islam,22-Jul-22,13251,12501
INDUS,Kalabagh,23-Jul-22,166863,162463
INDUS,Chashma,23-Jul-22,271617,261217
INDUS,Taunsa,23-Jul-22,188755,168455
INDUS,Guddu,23-Jul-22,151155,124055
INDUS,Sukkar,23-Jul-22,134907,106847
INDUS,Kotri,23-Jul-22,102745,71490
JHELUM,Kotli,23-Jul-22,-,3270
JHELUM,Mangla,23-Jul-22,30000,8815
JHELUM,Rasul,23-Jul-22,9355,NIL
CHENAB,Marala,23-Jul-22,74736,65736
CHENAB,Khanki,23-Jul-22,67609,62186
CHENAB,Qadirabad,23-Jul-22,88741,69741
CHENAB,Trimmu,23-Jul-22,31085,20585
CHENAB,Punjnad,23-Jul-22,40526,33726
RAVI,Jassar,23-Jul-22,-,12571
RAVI,Shahdara,23-Jul-22,-,15353
RAVI,Balloki,23-Jul-22,44350,22950
RAVI,Sidhnai,23-Jul-22,17246,13546
SUTLEJ,Bhakara**,23-Jul-22,-,-
SUTLEJ,Sulemanki,23-Jul-22,18582,12273
SUTLEJ,Islam,23-Jul-22,13251,12501
INDUS,Kalabagh,23-Jul-22,166463,162463
INDUS,Chashma,23-Jul-22,267121,256721
INDUS,Taunsa,23-Jul-22,188755,168455
INDUS,Guddu,23-Jul-22,160717,134997
INDUS,Sukkar,23-Jul-22,134907,106847
INDUS,Kotri,23-Jul-22,100645,71490
JHELUM,Kotli,23-Jul-22,-,2820
JHELUM,Mangla,23-Jul-22,32000,8115
JHELUM,Rasul,23-Jul-22,8605,Nil
CHENAB,Marala,23-Jul-22,94680,85680
CHENAB,Khanki,23-Jul-22,70781,65157
CHENAB,Qadirabad,23-Jul-22,75137,56137
CHENAB,Trimmu,23-Jul-22,36026,25526
CHENAB,Punjnad,23-Jul-22,40526,33726
RAVI,Jassar,23-Jul-22,8846,8846
RAVI,Shahdara,23-Jul-22,-,15353
RAVI,Balloki,23-Jul-22,46055,24655
RAVI,Sidhnai,23-Jul-22,16290,11690
SUTLEJ,Bhakara**,23-Jul-22,-,-
SUTLEJ,Sulemanki,23-Jul-22,19987,13626
SUTLEJ,Islam,23-Jul-22,13251,12501
INDUS,Kalabagh,23-Jul-22,160490,156494
INDUS,Chashma,23-Jul-22,256820,247540
INDUS,Taunsa,23-Jul-22,205367,192067
INDUS,Guddu,23-Jul-22,171802,147402
INDUS,Sukkar,23-Jul-22,134527,106977
INDUS,Kotri,23-Jul-22,98545,71490
JHELUM,Kotli,23-Jul-22,-,2400
JHELUM,Mangla,23-Jul-22,28000,8115
JHELUM,Rasul,23-Jul-22,7055,NIL
CHENAB,Marala,23-Jul-22,142650,133650
CHENAB,Khanki,23-Jul-22,67810,62186
CHENAB,Qadirabad,23-Jul-22,75137,56137
CHENAB,Trimmu,23-Jul-22,40903,30103
CHENAB,Punjnad,23-Jul-22,40826,33726
RAVI,Jassar,23-Jul-22,-,12571
RAVI,Shahdara,23-Jul-22,-,14945
RAVI,Balloki,23-Jul-22,46055,24655
RAVI,Sidhnai,23-Jul-22,15690,11690
SUTLEJ,Bhakara**,23-Jul-22,-,-
SUTLEJ,Sulemanki,23-Jul-22,20027,13463
SUTLEJ,Islam,23-Jul-22,13326,12501
INDUS,Kalabagh,23-Jul-22,142385,138385
INDUS,Chashma,23-Jul-22,262799,253519
INDUS,Taunsa,23-Jul-22,205367,192067
INDUS,Guddu,23-Jul-22,171802,147402
INDUS,Sukkar,23-Jul-22,134527,106977
INDUS,Kotri,23-Jul-22,98545,71490
JHELUM,Kotli,23-Jul-22,-,2820
JHELUM,Mangla,23-Jul-22,30000,12715
JHELUM,Rasul,23-Jul-22,7055,NIL
CHENAB,Marala,23-Jul-22,128592,119592
CHENAB,Khanki,23-Jul-22,128324,122760
CHENAB,Qadirabad,23-Jul-22,75137,56137
CHENAB,Trimmu,23-Jul-22,53053,42753
CHENAB,Punjnad,23-Jul-22,40826,33726
RAVI,Jassar,23-Jul-22,-,18800
RAVI,Shahdara,23-Jul-22,-,11648
RAVI,Balloki,23-Jul-22,46055,24655
RAVI,Sidhnai,23-Jul-22,16211,12911
SUTLEJ,Bhakara**,23-Jul-22,-,-
SUTLEJ,Sulemanki,23-Jul-22,20027,13463
SUTLEJ,Islam,23-Jul-22,12851,12501
INDUS,Kalabagh,24-Jul-22,150257,146257
INDUS,Chashma,24-Jul-22,253189,242789
INDUS,Taunsa,24-Jul-22,213944,202644
INDUS,Guddu,24-Jul-22,209581,188164
INDUS,Sukkar,24-Jul-22,134602,111242
INDUS,Kotri,24-Jul-22,99485,78680
JHELUM,Kotli,24-Jul-22,-,2820
JHELUM,Mangla,24-Jul-22,31000,12715
JHELUM,Rasul,24-Jul-22,7055,NIL
CHENAB,Marala,24-Jul-22,94680,85680
CHENAB,Khanki,24-Jul-22,124609,118985
CHENAB,Qadirabad,24-Jul-22,134173,115173
CHENAB,Trimmu,24-Jul-22,57497,47197
CHENAB,Punjnad,24-Jul-22,39388,32288
RAVI,Jassar,24-Jul-22,-,20900
RAVI,Shahdara,24-Jul-22,-,8912
RAVI,Balloki,24-Jul-22,46055,24655
RAVI,Sidhnai,24-Jul-22,16914,14114
SUTLEJ,Bhakara**,24-Jul-22,-,-
SUTLEJ,Sulemanki,24-Jul-22,21384,14932
SUTLEJ,Islam,24-Jul-22,12851,12501
INDUS,Kalabagh,24-Jul-22,160490,156490
INDUS,Chashma,24-Jul-22,209479,210579
INDUS,Taunsa,24-Jul-22,219525,212225
INDUS,Guddu,24-Jul-22,207474,188164
INDUS,Sukkar,24-Jul-22,144520,121160
INDUS,Kotri,24-Jul-22,99605,83800
JHELUM,Kotli,24-Jul-22,-,2400
JHELUM,Mangla,24-Jul-22,29000,8115
JHELUM,Rasul,24-Jul-22,6555,Nil
CHENAB,Marala,24-Jul-22,75116,66066
CHENAB,Khanki,24-Jul-22,102989,97311
CHENAB,Qadirabad,24-Jul-22,136966,117966
CHENAB,Trimmu,24-Jul-22,71351,61051
CHENAB,Punjnad,24-Jul-22,38988,32288
RAVI,Jassar,24-Jul-22,-,20200
RAVI,Shahdara,24-Jul-22,-,11648
RAVI,Balloki,24-Jul-22,44350,22950
RAVI,Sidhnai,24-Jul-22,18761,15961
SUTLEJ,Bhakara**,24-Jul-22,-,-
SUTLEJ,Sulemanki,24-Jul-22,21384,14932
SUTLEJ,Islam,24-Jul-22,12196,11846
INDUS,Kalabagh,24-Jul-22,149302,145302
INDUS,Chashma,24-Jul-22,214494,206294
INDUS,Taunsa,24-Jul-22,322517,315217
INDUS,Guddu,24-Jul-22,216294,196984
INDUS,Sukkar,24-Jul-22,148200,125050
INDUS,Kotri,24-Jul-22,99375,88550
JHELUM,Kotli,24-Jul-22,-,2200
JHELUM,Mangla,24-Jul-22,26000,8115
JHELUM,Rasul,24-Jul-22,5855,NIL
CHENAB,Marala,24-Jul-22,85724,76674
CHENAB,Khanki,24-Jul-22,70025,64238
CHENAB,Qadirabad,24-Jul-22,113484,94484
CHENAB,Trimmu,24-Jul-22,78220,68020
CHENAB,Punjnad,24-Jul-22,38088,32288
RAVI,Jassar,24-Jul-22,-,18100
RAVI,Shahdara,24-Jul-22,-,12063
RAVI,Balloki,24-Jul-22,44350,22950
RAVI,Sidhnai,24-Jul-22,20566,18066
SUTLEJ,Bhakara**,24-Jul-22,,
SUTLEJ,Sulemanki,24-Jul-22,21785,14932
SUTLEJ,Islam,24-Jul-22,12196,11846
INDUS,Kalabagh,24-Jul-22,149302,145302
INDUS,Chashma,24-Jul-22,213064,204864
INDUS,Taunsa,24-Jul-22,286512,280212
INDUS,Guddu,24-Jul-22,216294,196984
INDUS,Sukkar,24-Jul-22,148200,125050
INDUS,Kotri,24-Jul-22,99375,88550
JHELUM,Kotli,24-Jul-22,-,2400
JHELUM,Mangla,24-Jul-22,30000,12515
JHELUM,Rasul,24-Jul-22,5000,NIL
CHENAB,Marala,24-Jul-22,85724,76674
CHENAB,Khanki,24-Jul-22,63285,57455
CHENAB,Qadirabad,24-Jul-22,88741,69741
CHENAB,Trimmu,24-Jul-22,82035,74335
CHENAB,Punjnad,24-Jul-22,37988,32288
RAVI,Jassar,24-Jul-22,-,14223
RAVI,Shahdara,24-Jul-22,-,18930
RAVI,Balloki,24-Jul-22,39645,21245
RAVI,Sidhnai,24-Jul-22,21642,21642
SUTLEJ,Bhakara**,24-Jul-22,-,-
SUTLEJ,Sulemanki,24-Jul-22,21785,14932
SUTLEJ,Islam,24-Jul-22,12196,11846
INDUS,Kalabagh,25-Jul-22,150257,146257
INDUS,Chashma,25-Jul-22,213000,205819
INDUS,Taunsa,25-Jul-22,272742,266442
INDUS,Guddu,25-Jul-22,216431,197466
INDUS,Sukkar,25-Jul-22,179498,158698
INDUS,Kotri,25-Jul-22,97730,93305
JHELUM,Kotli,25-Jul-22,-,2820
JHELUM,Mangla,25-Jul-22,34000,12715
JHELUM,Rasul,25-Jul-22,5000,NIL
CHENAB,Marala,25-Jul-22,85724,76674
CHENAB,Khanki,25-Jul-22,65704,59874
CHENAB,Qadirabad,25-Jul-22,72493,53493
CHENAB,Trimmu,25-Jul-22,85489,77789
CHENAB,Punjnad,25-Jul-22,37988,32288
RAVI,Jassar,25-Jul-22,-,12571
RAVI,Shahdara,25-Jul-22,-,20061
RAVI,Balloki,25-Jul-22,41350,22950
RAVI,Sidhnai,25-Jul-22,21642,21642
SUTLEJ,Bhakara**,25-Jul-22,-,-
SUTLEJ,Sulemanki,25-Jul-22,22396,13039
SUTLEJ,Islam,25-Jul-22,11996,11846
INDUS,Kalabagh,25-Jul-22,178003,174203
INDUS,Chashma,25-Jul-22,214637,206437
INDUS,Taunsa,25-Jul-22,271742,266442
INDUS,Guddu,25-Jul-22,225665,210843
INDUS,Sukkar,25-Jul-22,179498,158698
INDUS,Kotri,25-Jul-22,97055,93305
JHELUM,Kotli,25-Jul-22,-,2820
JHELUM,Mangla,25-Jul-22,30000,9815
JHELUM,Rasul,25-Jul-22,5000,NIL
CHENAB,Marala,25-Jul-22,96260,87210
CHENAB,Khanki,25-Jul-22,68625,62784
CHENAB,Qadirabad,25-Jul-22,68828,49828
CHENAB,Trimmu,25-Jul-22,85489,77789
CHENAB,Punjnad,25-Jul-22,37988,32288
RAVI,Jassar,25-Jul-22,-,12984
RAVI,Shahdara,25-Jul-22,-,20061
RAVI,Balloki,25-Jul-22,41050,22950
RAVI,Sidhnai,25-Jul-22,21642,21642
SUTLEJ,Bhakara**,25-Jul-22,40903,11500
SUTLEJ,Sulemanki,25-Jul-22,22396,16039
SUTLEJ,Islam,25-Jul-22,11996,11846
INDUS,Kalabagh,25-Jul-22,159990,156490
INDUS,Chashma,25-Jul-22,231548,223348
INDUS,Taunsa,25-Jul-22,284650,279350
INDUS,Guddu,25-Jul-22,276472,261959
INDUS,Sukkar,25-Jul-22,181780,160770
INDUS,Kotri,25-Jul-22,94505,93305
JHELUM,Kotli,25-Jul-22,-,3270
JHELUM,Mangla,25-Jul-22,30000,9815
JHELUM,Rasul,25-Jul-22,5000,NIL
CHENAB,Marala,25-Jul-22,134078,125028
CHENAB,Khanki,25-Jul-22,71912,65928
CHENAB,Qadirabad,25-Jul-22,72493,53493
CHENAB,Trimmu,25-Jul-22,85289,77789
CHENAB,Punjnad,25-Jul-22,31533,27033
RAVI,Jassar,25-Jul-22,-,11826
RAVI,Shahdara,25-Jul-22,-,16168
RAVI,Balloki,25-Jul-22,41050,22950
RAVI,Sidhnai,25-Jul-22,21642,21642
SUTLEJ,Bhakara**,25-Jul-22,-,-
SUTLEJ,Sulemanki,25-Jul-22,22095,16039
SUTLEJ,Islam,25-Jul-22,11996,11846
INDUS,Kalabagh,25-Jul-22,166918,163418
INDUS,Chashma,25-Jul-22,262850,256478
INDUS,Taunsa,25-Jul-22,284650,279350
INDUS,Guddu,25-Jul-22,276472,261959
INDUS,Sukkar,25-Jul-22,181780,160770
INDUS,Kotri,25-Jul-22,94505,93305
JHELUM,Kotli,25-Jul-22,-,3770
JHELUM,Mangla,25-Jul-22,30000,9815
JHELUM,Rasul,25-Jul-22,9000,NIL
CHENAB,Marala,25-Jul-22,138074,128924
CHENAB,Khanki,25-Jul-22,136696,130712
CHENAB,Qadirabad,25-Jul-22,72493,53493
CHENAB,Trimmu,25-Jul-22,88574,81074
CHENAB,Punjnad,25-Jul-22,31533,27033
RAVI,Jassar,25-Jul-22,-,11454
RAVI,Shahdara,25-Jul-22,-,13306
RAVI,Balloki,25-Jul-22,41050,22950
RAVI,Sidhnai,25-Jul-22,22289,21289
SUTLEJ,Bhakara**,25-Jul-22,-,-
SUTLEJ,Sulemanki,25-Jul-22,22095,16039
SUTLEJ,Islam,25-Jul-22,12146,11846
INDUS,Kalabagh,26-Jul-22,187603,184603
INDUS,Chashma,26-Jul-22,257771,250383
INDUS,Taunsa,26-Jul-22,258932,253632
INDUS,Guddu,26-Jul-22,273970,268886
INDUS,Sukkar,26-Jul-22,190528,169408
INDUS,Kotri,26-Jul-22,95015,95015
JHELUM,Kotli,26-Jul-22,-,3510
JHELUM,Mangla,26-Jul-22,34000,8415
JHELUM,Rasul,26-Jul-22,9000,NIL
CHENAB,Marala,26-Jul-22,104418,95268
CHENAB,Khanki,26-Jul-22,160874,154890
CHENAB,Qadirabad,26-Jul-22,136966,117966
CHENAB,Trimmu,26-Jul-22,94213,86713
CHENAB,Punjnad,26-Jul-22,31533,27033
RAVI,Jassar,26-Jul-22,-,11454
RAVI,Shahdara,26-Jul-22,-,9990
RAVI,Balloki,26-Jul-22,43295,25195
RAVI,Sidhnai,26-Jul-22,22289,21289
SUTLEJ,Bhakara**,26-Jul-22,-,-
SUTLEJ,Sulemanki,26-Jul-22,17384,11970
SUTLEJ,Islam,26-Jul-22,12146,11846
INDUS,Kalabagh,26-Jul-22,194294,191294
INDUS,Chashma,26-Jul-22,254365,246977
INDUS,Taunsa,26-Jul-22,258932,253632
INDUS,Guddu,26-Jul-22,275349,270265
INDUS,Sukkar,26-Jul-22,190528,169408
INDUS,Kotri,26-Jul-22,94940,91290
JHELUM,Kotli,26-Jul-22,-,3040
JHELUM,Mangla,26-Jul-22,50000,9815
JHELUM,Rasul,26-Jul-22,8250,NIL
CHENAB,Marala,26-Jul-22,96360,87210
CHENAB,Khanki,26-Jul-22,137530,131535
CHENAB,Qadirabad,26-Jul-22,171290,152290
CHENAB,Trimmu,26-Jul-22,94213,86713
CHENAB,Punjnad,26-Jul-22,31533,27033
RAVI,Jassar,26-Jul-22,-,20200
RAVI,Shahdara,26-Jul-22,-,8249
RAVI,Balloki,26-Jul-22,43295,25195
RAVI,Sidhnai,26-Jul-22,22289,21289
SUTLEJ,Bhakara**,26-Jul-22,41141,12797
SUTLEJ,Sulemanki,26-Jul-22,17384,11970
SUTLEJ,Islam,26-Jul-22,12446,11846
INDUS,Kalabagh,26-Jul-22,191430,188430
INDUS,Chashma,26-Jul-22,274659,267163
INDUS,Taunsa,26-Jul-22,283389,278389
INDUS,Guddu,26-Jul-22,277431,271446
INDUS,Sukkar,26-Jul-22,190528,169408
INDUS,Kotri,26-Jul-22,92925,87620
JHELUM,Kotli,26-Jul-22,-,2600
JHELUM,Mangla,26-Jul-22,33000,10415
JHELUM,Rasul,26-Jul-22,6775,Nil
CHENAB,Marala,26-Jul-22,96360,86910
CHENAB,Khanki,26-Jul-22,114139,108144
CHENAB,Qadirabad,26-Jul-22,144616,125616
CHENAB,Trimmu,26-Jul-22,98074,90574
CHENAB,Punjnad,26-Jul-22,33494,28994
RAVI,Jassar,26-Jul-22,-,15874
RAVI,Shahdara,26-Jul-22,-,8249
RAVI,Balloki,26-Jul-22,43295,25195
RAVI,Sidhnai,26-Jul-22,22289,21289
SUTLEJ,Bhakara**,26-Jul-22,-,-
SUTLEJ,Sulemanki,26-Jul-22,15334,9669
SUTLEJ,Islam,26-Jul-22,11866,11166
INDUS,Kalabagh,26-Jul-22,183421,180421
INDUS,Chashma,26-Jul-22,281568,273368
INDUS,Taunsa,26-Jul-22,283389,278389
INDUS,Guddu,26-Jul-22,277431,271446
INDUS,Sukkar,26-Jul-22,190528,169408
INDUS,Kotri,26-Jul-22,92925,87620
JHELUM,Kotli,26-Jul-22,-,2820
JHELUM,Mangla,26-Jul-22,33000,10415
JHELUM,Rasul,26-Jul-22,6025,Nil
CHENAB,Marala,26-Jul-22,80424,71424
CHENAB,Khanki,26-Jul-22,94228,88077
CHENAB,Qadirabad,26-Jul-22,106870,87870
CHENAB,Trimmu,26-Jul-22,94860,87360
CHENAB,Punjnad,26-Jul-22,35375,30375
RAVI,Jassar,26-Jul-22,-,14223
RAVI,Shahdara,26-Jul-22,-,7586
RAVI,Balloki,26-Jul-22,41050,22950
RAVI,Sidhnai,26-Jul-22,20611,19911
SUTLEJ,Bhakara**,26-Jul-22,-,-
SUTLEJ,Sulemanki,26-Jul-22,15334,9669
SUTLEJ,Islam,26-Jul-22,10664,9964
INDUS,Kalabagh,27-Jul-22,174112,171112
INDUS,Chashma,27-Jul-22,288892,281396
INDUS,Taunsa,27-Jul-22,283389,278389
INDUS,Guddu,27-Jul-22,283088,272937
INDUS,Sukkar,27-Jul-22,258625,238475
INDUS,Kotri,27-Jul-22,90005,78700
JHELUM,Kotli,27-Jul-22,-,3270
JHELUM,Mangla,27-Jul-22,95000,8815
JHELUM,Rasul,27-Jul-22,6025,Nil
CHENAB,Marala,27-Jul-22,74510,60060
CHENAB,Khanki,27-Jul-22,94373,88077
CHENAB,Qadirabad,27-Jul-22,96877,77877
CHENAB,Trimmu,27-Jul-22,89178,81678
CHENAB,Punjnad,27-Jul-22,40500,35500
RAVI,Jassar,27-Jul-22,-,14223
RAVI,Shahdara,27-Jul-22,-,12063
RAVI,Balloki,27-Jul-22,39345,21245
RAVI,Sidhnai,27-Jul-22,20611,19911
SUTLEJ,Bhakara**,27-Jul-22,-,-
SUTLEJ,Sulemanki,27-Jul-22,14565,8900
SUTLEJ,Islam,27-Jul-22,10664,9964
INDUS,Kalabagh,27-Jul-22,183321,180321
INDUS,Chashma,27-Jul-22,274213,266013
INDUS,Taunsa,27-Jul-22,236650,231650
INDUS,Guddu,27-Jul-22,285109,270265
INDUS,Sukkar,27-Jul-22,258625,238475
INDUS,Kotri,27-Jul-22,93705,78700
JHELUM,Kotli,27-Jul-22,-,3770
JHELUM,Mangla,27-Jul-22,40000,12715
JHELUM,Rasul,27-Jul-22,5305,NIL
CHENAB,Marala,27-Jul-22,91174,76674
CHENAB,Khanki,27-Jul-22,86263,79911
CHENAB,Qadirabad,27-Jul-22,96877,77877
CHENAB,Trimmu,27-Jul-22,89178,81678
CHENAB,Punjnad,27-Jul-22,44183,41183
RAVI,Jassar,27-Jul-22,-,8846
RAVI,Shahdara,27-Jul-22,-,12892
RAVI,Balloki,27-Jul-22,39345,21245
RAVI,Sidhnai,27-Jul-22,20611,19911
SUTLEJ,Bhakara**,27-Jul-22,46113,17063
SUTLEJ,Sulemanki,27-Jul-22,14565,8900
SUTLEJ,Islam,27-Jul-22,10864,9964
INDUS,Kalabagh,27-Jul-22,166318,163318
INDUS,Chashma,27-Jul-22,268976,260776
INDUS,Taunsa,27-Jul-22,236650,231650
INDUS,Guddu,27-Jul-22,312816,288705
INDUS,Sukkar,27-Jul-22,269200,249050
INDUS,Kotri,27-Jul-22,97525,78700
JHELUM,Kotli,27-Jul-22,-,3270
JHELUM,Mangla,27-Jul-22,56000,9615
JHELUM,Rasul,27-Jul-22,5305,Nil
CHENAB,Marala,27-Jul-22,132406,117406
CHENAB,Khanki,27-Jul-22,78009,71623
CHENAB,Qadirabad,27-Jul-22,90575,71575
CHENAB,Trimmu,27-Jul-22,91538,83705
CHENAB,Punjnad,27-Jul-22,56815,54815
RAVI,Jassar,27-Jul-22,-,8846
RAVI,Shahdara,27-Jul-22,-,13306
RAVI,Balloki,27-Jul-22,33855,15355
RAVI,Sidhnai,27-Jul-22,22742,21642
SUTLEJ,Bhakara**,27-Jul-22,-,-
SUTLEJ,Sulemanki,27-Jul-22,13372,6614
SUTLEJ,Islam,27-Jul-22,10864,9964
INDUS,Kalabagh,27-Jul-22,166311,163311
INDUS,Chashma,27-Jul-22,269041,260841
INDUS,Taunsa,27-Jul-22,236650,231650
INDUS,Guddu,27-Jul-22,312816,288705
INDUS,Sukkar,27-Jul-22,269200,249050
INDUS,Kotri,27-Jul-22,97525,78700
JHELUM,Kotli,27-Jul-22,-,2820
JHELUM,Mangla,27-Jul-22,32000,9415
JHELUM,Rasul,27-Jul-22,15146,5341
CHENAB,Marala,27-Jul-22,116508,101508
CHENAB,Khanki,27-Jul-22,86297,79911
CHENAB,Qadirabad,27-Jul-22,86482,67482
CHENAB,Trimmu,27-Jul-22,94665,86665
CHENAB,Punjnad,27-Jul-22,56815,54815
RAVI,Jassar,27-Jul-22,-,9219
RAVI,Shahdara,27-Jul-22,-,7255
RAVI,Balloki,27-Jul-22,33855,15355
RAVI,Sidhnai,27-Jul-22,22742,21642
SUTLEJ,Bhakara**,27-Jul-22,-,-
SUTLEJ,Sulemanki,27-Jul-22,13372,6614
SUTLEJ,Islam,27-Jul-22,10864,9964
INDUS,Kalabagh,28-Jul-22,163553,160553
INDUS,Chashma,28-Jul-22,262404,254204
INDUS,Taunsa,28-Jul-22,250246,245246
INDUS,Guddu,28-Jul-22,312528,291812
INDUS,Sukkar,28-Jul-22,269245,248085
INDUS,Kotri,28-Jul-22,98285,79180
JHELUM,Kotli,28-Jul-22,-,3040
JHELUM,Mangla,28-Jul-22,30000,10455
JHELUM,Rasul,28-Jul-22,10305,Nil
CHENAB,Marala,28-Jul-22,95310,80310
CHENAB,Khanki,28-Jul-22,126131,119745
CHENAB,Qadirabad,28-Jul-22,86482,67482
CHENAB,Trimmu,28-Jul-22,99988,91988
CHENAB,Punjnad,28-Jul-22,74669,72669
RAVI,Jassar,28-Jul-22,-,9219
RAVI,Shahdara,28-Jul-22,-,4735
RAVI,Balloki,28-Jul-22,36385,17885
RAVI,Sidhnai,28-Jul-22,22742,21642
SUTLEJ,Bhakara**,28-Jul-22,-,-
SUTLEJ,Sulemanki,28-Jul-22,13145,6387
SUTLEJ,Islam,28-Jul-22,10864,9964
INDUS,Kalabagh,28-Jul-22,211965,208965
INDUS,Chashma,28-Jul-22,252873,244673
INDUS,Taunsa,28-Jul-22,250246,245246
INDUS,Guddu,28-Jul-22,311536,290820
INDUS,Sukkar,28-Jul-22,269635,248085
INDUS,Kotri,28-Jul-22,98435,79180
JHELUM,Kotli,28-Jul-22,-,43460
JHELUM,Mangla,28-Jul-22,100000,10515
JHELUM,Rasul,28-Jul-22,10405,NIL
CHENAB,Marala,28-Jul-22,169403,154503
CHENAB,Marala,28-Jul-22,195900,181000
CHENAB,Marala,28-Jul-22,217098,202198
CHENAB,Marala,28-Jul-22,214160,199260
CHENAB,Marala,28-Jul-22,225836,210936
CHENAB,Marala,28-Jul-22,225836,210936
CHENAB,Khanki,28-Jul-22,127814,121325
CHENAB,Qadirabad,28-Jul-22,123561,104561
CHENAB,Trimmu,28-Jul-22,99988,91988
CHENAB,Punjnad,28-Jul-22,74669,72669
RAVI,Jassar,28-Jul-22,-,8846
RAVI,Shahdara,28-Jul-22,-,4735
RAVI,Balloki,28-Jul-22,36385,17885
RAVI,Sidhnai,28-Jul-22,22742,21642
SUTLEJ,Bhakara**,28-Jul-22,46113,17063
SUTLEJ,Sulemanki,28-Jul-22,13145,6387
SUTLEJ,Islam,28-Jul-22,10864,9964
INDUS,Kalabagh,28-Jul-22,212465,208965
INDUS,Chashma,28-Jul-22,271767,263767
INDUS,Taunsa,28-Jul-22,250246,245246
INDUS,Guddu,28-Jul-22,314931,291728
INDUS,Sukkar,28-Jul-22,269635,248085
INDUS,Kotri,28-Jul-22,100965,79830
JHELUM,Kotli,28-Jul-22,-,33670
JHELUM,Mangla,28-Jul-22,100000,9315
JHELUM,Rasul,28-Jul-22,9155,Nil
CHENAB,Marala,28-Jul-22,225836,210936
CHENAB,Marala,28-Jul-22,225836,210936
CHENAB,Marala,28-Jul-22,214160,199260
CHENAB,Marala,28-Jul-22,201860,186960
CHENAB,Marala,28-Jul-22,201860,186960
CHENAB,Marala,28-Jul-22,184424,169524
CHENAB,Khanki,28-Jul-22,96651,90140
CHENAB,Qadirabad,28-Jul-22,130379,111379
CHENAB,Trimmu,28-Jul-22,101020,93020
CHENAB,Punjnad,28-Jul-22,78294,76294
RAVI,Jassar,28-Jul-22,-,9219
RAVI,Shahdara,28-Jul-22,-,6923
RAVI,Balloki,28-Jul-22,35010,15910
RAVI,Sidhnai,28-Jul-22,24317,22767
SUTLEJ,Bhakara**,28-Jul-22,-,-
SUTLEJ,Sulemanki,28-Jul-22,11139,4034
SUTLEJ,Islam,28-Jul-22,10864,9964
INDUS,Kalabagh,28-Jul-22,226784,223284
INDUS,Chashma,28-Jul-22,305410,297410
INDUS,Taunsa,28-Jul-22,253376,248376
INDUS,Guddu,28-Jul-22,314931,291728
INDUS,Sukkar,28-Jul-22,269635,248085
INDUS,Kotri,28-Jul-22,100965,79830
JHELUM,Kotli,28-Jul-22,-,43460
JHELUM,Mangla,28-Jul-22,77000,10315
JHELUM,Rasul,28-Jul-22,9215,Nil
CHENAB,Marala,28-Jul-22,184424,169524
CHENAB,Marala,28-Jul-22,162800,147900
CHENAB,Khanki,28-Jul-22,209180,202669
CHENAB,Qadirabad,28-Jul-22,144616,125616
CHENAB,Qadirabad,29-Jul-22,171290,152290
CHENAB,Qadirabad,29-Jul-22,196027,177027
CHENAB,Qadirabad,29-Jul-22,196027,177027
CHENAB,Qadirabad,29-Jul-22,210280,191280
CHENAB,Qadirabad,29-Jul-22,210280,191280
CHENAB,Trimmu,28-Jul-22,101020,93020
CHENAB,Punjnad,28-Jul-22,85136,83136
RAVI,Jassar,28-Jul-22,-,16700
RAVI,Shahdara,28-Jul-22,-,7255
RAVI,Balloki,28-Jul-22,33310,15910
RAVI,Sidhnai,28-Jul-22,24393,22843
SUTLEJ,Bhakara**,28-Jul-22,-,-
SUTLEJ,Sulemanki,28-Jul-22,11139,4034
SUTLEJ,Islam,28-Jul-22,10434,9964
INDUS,Kalabagh,29-Jul-22,220230,216730
INDUS,Chashma,29-Jul-22,316131,308131
INDUS,Taunsa,29-Jul-22,268930,263930
INDUS,Guddu,29-Jul-22,306081,283176
INDUS,Sukkar,29-Jul-22,280055,251085
INDUS,Kotri,29-Jul-22,102435,79830
JHELUM,Kotli,29-Jul-22,-,20280
JHELUM,Mangla,29-Jul-22,40000,9615
JHELUM,Rasul,29-Jul-22,10650,Nil
CHENAB,Marala,29-Jul-22,118754,103854
CHENAB,Marala,29-Jul-22,118754,103854
CHENAB,Marala,29-Jul-22,118754,103854
CHENAB,Khanki,29-Jul-22,195100,188589
CHENAB,Qadirabad,29-Jul-22,210280,191280
CHENAB,Qadirabad,29-Jul-22,210280,191280
CHENAB,Qadirabad,29-Jul-22,210280,191280
CHENAB,Trimmu,29-Jul-22,98625,90625
CHENAB,Punjnad,29-Jul-22,100758,98758
RAVI,Jassar,29-Jul-22,-,18800
RAVI,Shahdara,29-Jul-22,-,7586
RAVI,Balloki,29-Jul-22,33110,15910
RAVI,Sidhnai,29-Jul-22,24393,22843
SUTLEJ,Bhakara**,29-Jul-22,-,-
SUTLEJ,Sulemanki,29-Jul-22,11988,5083
SUTLEJ,Islam,29-Jul-22,10434,9964
INDUS,Kalabagh,29-Jul-22,224875,221375
INDUS,Chashma,29-Jul-22,311728,303728
INDUS,Taunsa,29-Jul-22,268930,263930
INDUS,Guddu,29-Jul-22,298942,275322
INDUS,Sukkar,29-Jul-22,280055,251085
INDUS,Kotri,29-Jul-22,105435,79830
JHELUM,Kotli,29-Jul-22,-,20280
JHELUM,Mangla,29-Jul-22,54300,9815
JHELUM,Rasul,29-Jul-22,11100,NIL
CHENAB,Marala,29-Jul-22,116096,101196
CHENAB,Marala,29-Jul-22,112004,97104
CHENAB,Khanki,29-Jul-22,139167,132587
CHENAB,Qadirabad,29-Jul-22,196027,177027
CHENAB,Qadirabad,29-Jul-22,171290,152290
CHENAB,Qadirabad,29-Jul-22,144616,125616
CHENAB,Qadirabad,29-Jul-22,144616,125615
CHENAB,Qadirabad,29-Jul-22,144616,125616
CHENAB,Trimmu,29-Jul-22,95999,87999
CHENAB,Punjnad,29-Jul-22,100758,98758
RAVI,Jassar,29-Jul-22,-,28040
RAVI,Shahdara,29-Jul-22,-,8249
RAVI,Balloki,29-Jul-22,33110,15910
RAVI,Sidhnai,29-Jul-22,24393,22843
SUTLEJ,Bhakara**,29-Jul-22,NR,NR
SUTLEJ,Sulemanki,29-Jul-22,11988,5083
SUTLEJ,Islam,29-Jul-22,10234,9964
INDUS,Kalabagh,29-Jul-22,224875,221375
INDUS,Chashma,29-Jul-22,333888,325888
INDUS,Taunsa,29-Jul-22,273996,268996
INDUS,Guddu,29-Jul-22,298209,274589
INDUS,Sukkar,29-Jul-22,280055,251085
INDUS,Kotri,29-Jul-22,112030,84845
JHELUM,Kotli,29-Jul-22,-,14150
JHELUM,Mangla,29-Jul-22,54000,9015
JHELUM,Rasul,29-Jul-22,11300,Nil
CHENAB,Marala,29-Jul-22,112054,97104
CHENAB,Khanki,29-Jul-22,105989,99409
CHENAB,Qadirabad,29-Jul-22,144616,125616
CHENAB,Trimmu,29-Jul-22,94259,86259
CHENAB,Punjnad,29-Jul-22,101758,98758
RAVI,Jassar,29-Jul-22,-,30690
RAVI,Shahdara,29-Jul-22,-,16985
RAVI,Balloki,29-Jul-22,33110,15910
RAVI,Sidhnai,29-Jul-22,24393,22843
SUTLEJ,Bhakara**,29-Jul-22,-,-
SUTLEJ,Sulemanki,29-Jul-22,10058,4147
SUTLEJ,Islam,29-Jul-22,10234,9964
INDUS,Kalabagh,29-Jul-22,224875,221375
INDUS,Chashma,29-Jul-22,340806,332806
INDUS,Taunsa,29-Jul-22,273996,268996
INDUS,Guddu,29-Jul-22,298209,274589
INDUS,Sukkar,29-Jul-22,280055,251085
INDUS,Kotri,29-Jul-22,112030,84845
JHELUM,Kotli,29-Jul-22,-,8410
JHELUM,Mangla,29-Jul-22,75000,11715
JHELUM,Rasul,29-Jul-22,11300,Nil
CHENAB,Marala,29-Jul-22,102160,87210
CHENAB,Khanki,29-Jul-22,96778,90198
CHENAB,Qadirabad,29-Jul-22,113484,94484
CHENAB,Trimmu,29-Jul-22,91460,83460
CHENAB,Punjnad,29-Jul-22,101758,98758
RAVI,Jassar,29-Jul-22,-,24940
RAVI,Shahdara,29-Jul-22,-,22322
RAVI,Balloki,29-Jul-22,33110,15910
RAVI,Sidhnai,29-Jul-22,24393,22843
SUTLEJ,Bhakara**,29-Jul-22,-,-
SUTLEJ,Sulemanki,29-Jul-22,10058,4147
SUTLEJ,Islam,29-Jul-22,10384,9964
INDUS,Kalabagh,30-Jul-22,241282,237782
INDUS,Kalabagh,30-Jul-22,257498,253998
INDUS,Kalabagh,30-Jul-22,257498,253998
INDUS,Kalabagh,30-Jul-22,257498,253998
INDUS,Chashma,30-Jul-22,335759,327759
INDUS,Taunsa,30-Jul-22,273996,268996
INDUS,Guddu,30-Jul-22,291138,267518
INDUS,Sukkar,30-Jul-22,275048,240598
INDUS,Kotri,30-Jul-22,118390,90985
JHELUM,Kotli,30-Jul-22,-,10130
JHELUM,Mangla,30-Jul-22,55000,11715
JHELUM,Rasul,30-Jul-22,11300,Nil
CHENAB,Marala,30-Jul-22,97522,82572
CHENAB,Marala,30-Jul-22,97522,82572
CHENAB,Khanki,30-Jul-22,96778,90198
CHENAB,Qadirabad,30-Jul-22,106870,87870
CHENAB,Trimmu,30-Jul-22,93519,85519
CHENAB,Punjnad,30-Jul-22,101758,98758
RAVI,Jassar,30-Jul-22,-,20900
RAVI,Shahdara,30-Jul-22,-,26711
RAVI,Balloki,30-Jul-22,33110,15910
RAVI,Sidhnai,30-Jul-22,24393,22843
SUTLEJ,Bhakara**,30-Jul-22,-,-
SUTLEJ,Sulemanki,30-Jul-22,11852,6686
SUTLEJ,Islam,30-Jul-22,9431,9011
INDUS,Kalabagh,30-Jul-22,257498,253998
INDUS,Chashma,30-Jul-22,324837,316837
INDUS,Taunsa,30-Jul-22,273996,268996
INDUS,Guddu,30-Jul-22,259533,233352
INDUS,Sukkar,30-Jul-22,275048,240598
INDUS,Kotri,30-Jul-22,128830,102720
JHELUM,Kotli,30-Jul-22,-,12550
JHELUM,Mangla,30-Jul-22,55000,10115
JHELUM,Rasul,30-Jul-22,13300,Nil
CHENAB,Marala,30-Jul-22,97522,82522
CHENAB,Khanki,30-Jul-22,87746,81166
CHENAB,Qadirabad,30-Jul-22,102159,83159
CHENAB,Trimmu,30-Jul-22,95532,87532
CHENAB,Punjnad,30-Jul-22,101758,98758
RAVI,Jassar,30-Jul-22,-,16700
RAVI,Shahdara,30-Jul-22,-,28666
RAVI,Balloki,30-Jul-22,34815,17615
RAVI,Sidhnai,30-Jul-22,24228,21178
SUTLEJ,Sulemanki,30-Jul-22,11852,6686
SUTLEJ,Islam,30-Jul-22,9631,9011
INDUS,Kalabagh,30-Jul-22,257498,253998
INDUS,Chashma,30-Jul-22,342803,334803
INDUS,Taunsa,30-Jul-22,284323,278323
INDUS,Guddu,30-Jul-22,274667,248486
INDUS,Sukkar,30-Jul-22,271560,235550
INDUS,Kotri,30-Jul-22,130109,103754
JHELUM,Kotli,30-Jul-22,-,9680
JHELUM,Mangla,30-Jul-22,59000,6715
JHELUM,Rasul,30-Jul-22,14400,NIL
CHENAB,Marala,30-Jul-22,99772,82572
CHENAB,Khanki,30-Jul-22,82111,75531
CHENAB,Qadirabad,30-Jul-22,96877,77877
CHENAB,Trimmu,30-Jul-22,102894,94894
CHENAB,Punjnad,30-Jul-22,103158,98758
RAVI,Jassar,30-Jul-22,-,16700
RAVI,Shahdara,30-Jul-22,-,28014
RAVI,Balloki,30-Jul-22,41855,24655
RAVI,Sidhnai,30-Jul-22,21872,18322
SUTLEJ,Sulemanki,30-Jul-22,11845,6686
SUTLEJ,Islam,30-Jul-22,9631,9011
INDUS,Kalabagh,30-Jul-22,271589,268089
INDUS,Chashma,30-Jul-22,359019,351019
INDUS,Taunsa,30-Jul-22,284323,278323
INDUS,Guddu,30-Jul-22,274667,248486
INDUS,Sukkar,30-Jul-22,271560,235550
INDUS,Kotri,30-Jul-22,130109,103754
JHELUM,Kotli,30-Jul-22,-,7230
JHELUM,Mangla,30-Jul-22,36000,11215
JHELUM,Rasul,30-Jul-22,14400,NIL
CHENAB,Marala,30-Jul-22,99772,82572
CHENAB,Khanki,30-Jul-22,79830,73260
CHENAB,Qadirabad,30-Jul-22,86482,67482
CHENAB,Trimmu,30-Jul-22,106074,98074
CHENAB,Punjnad,30-Jul-22,97043,91643
RAVI,Jassar,30-Jul-22,-,14636
RAVI,Shahdara,30-Jul-22,-,26059
RAVI,Balloki,30-Jul-22,41855,24655
RAVI,Sidhnai,30-Jul-22,21211,17661
SUTLEJ,Sulemanki,30-Jul-22,11845,6686
SUTLEJ,Islam,30-Jul-22,9631,9011
INDUS,Kalabagh,31-Jul-22,271579,268079
INDUS,Chashma,31-Jul-22,364166,356166
INDUS,Taunsa,31-Jul-22,298900,292900
INDUS,Guddu,31-Jul-22,311615,286085
INDUS,Sukkar,31-Jul-22,261584,222034
INDUS,Kotri,31-Jul-22,140985,114630
JHELUM,Kotli,31-Jul-22,-,9680
JHELUM,Mangla,31-Jul-22,52000,11215
JHELUM,Rasul,31-Jul-22,14400,NIL
CHENAB,Marala,31-Jul-22,94264,77014
CHENAB,Khanki,31-Jul-22,79830,73260
CHENAB,Qadirabad,31-Jul-22,86482,67482
CHENAB,Trimmu,31-Jul-22,110584,102584
CHENAB,Punjnad,31-Jul-22,97043,91643
RAVI,Jassar,31-Jul-22,-,14636
RAVI,Shahdara,31-Jul-22,-,21191
RAVI,Balloki,31-Jul-22,44680,27480
RAVI,Sidhnai,31-Jul-22,19321,15771
SUTLEJ,Sulemanki,31-Jul-22,12556,7597
SUTLEJ,Islam,31-Jul-22,7832,7212
INDUS,Kalabagh,31-Jul-22,278766,275166
INDUS,Chashma,31-Jul-22,374433,366433
INDUS,Taunsa,31-Jul-22,299900,292900
INDUS,Guddu,31-Jul-22,322048,293208
INDUS,Sukkar,31-Jul-22,261584,222034
INDUS,Kotri,31-Jul-22,145940,119585
JHELUM,Kotli,31-Jul-22,-,11550
JHELUM,Mangla,31-Jul-22,60000,6515
JHELUM,Rasul,31-Jul-22,12650,NIL
CHENAB,Marala,31-Jul-22,96930,79680
CHENAB,Khanki,31-Jul-22,79692,73260
CHENAB,Qadirabad,31-Jul-22,86482,67482
CHENAB,Trimmu,31-Jul-22,116366,108366
CHENAB,Punjnad,31-Jul-22,97043,91643
RAVI,Jassar,31-Jul-22,-,15048
RAVI,Shahdara,31-Jul-22,-,21191
RAVI,Balloki,31-Jul-22,44680,27480
RAVI,Sidhnai,31-Jul-22,19321,15771
SUTLEJ,Sulemanki,31-Jul-22,12556,7597
SUTLEJ,Islam,31-Jul-22,7832,7212
INDUS,Kalabagh,31-Jul-22,276524,272724
INDUS,Chashma,31-Jul-22,380744,372744
INDUS,Taunsa,31-Jul-22,324463,317463
INDUS,Guddu,31-Jul-22,332469,303629
INDUS,Sukkar,31-Jul-22,261584,222034
INDUS,Kotri,31-Jul-22,146460,119585
JHELUM,Kotli,31-Jul-22,-,8820
JHELUM,Mangla,31-Jul-22,59000,8415
JHELUM,Rasul,31-Jul-22,11200,NIL
CHENAB,Marala,31-Jul-22,96830,79680
CHENAB,Khanki,31-Jul-22,74610,68178
CHENAB,Qadirabad,31-Jul-22,86482,67482
CHENAB,Trimmu,31-Jul-22,116166,108366
CHENAB,Punjnad,31-Jul-22,99043,91643
RAVI,Jassar,31-Jul-22,-,16700
RAVI,Shahdara,31-Jul-22,-,19496
RAVI,Balloki,31-Jul-22,46940,29740
RAVI,Sidhnai,31-Jul-22,19321,15771
SUTLEJ,Sulemanki,31-Jul-22,12446,6686
SUTLEJ,Islam,31-Jul-22,6488,5868
INDUS,Kalabagh,31-Jul-22,278966,275166
INDUS,Chashma,31-Jul-22,383453,375453
INDUS,Taunsa,31-Jul-22,329727,322727
INDUS,Guddu,31-Jul-22,332469,303629
INDUS,Sukkar,31-Jul-22,261584,222034
INDUS,Kotri,31-Jul-22,146460,119585
JHELUM,Kotli,31-Jul-22,-,6510
JHELUM,Mangla,31-Jul-22,42000,13315
JHELUM,Rasul,31-Jul-22,13700,NIL
CHENAB,Marala,31-Jul-22,96830,79680
CHENAB,Khanki,31-Jul-22,88813,82607
CHENAB,Qadirabad,31-Jul-22,79962,60962
CHENAB,Trimmu,31-Jul-22,144147,106347
CHENAB,Punjnad,31-Jul-22,99043,91643
RAVI,Jassar,31-Jul-22,-,30690
RAVI,Shahdara,31-Jul-22,-,21191
RAVI,Balloki,31-Jul-22,46940,29740
RAVI,Sidhnai,31-Jul-22,20521,15771
SUTLEJ,Sulemanki,31-Jul-22,12446,6686
SUTLEJ,Islam,31-Jul-22,6068,5868
INDUS,Kalabagh,01-Aug-22,287288,283488
INDUS,Chashma,01-Aug-22,381216,373216
INDUS,Taunsa,01-Aug-22,335972,328972
INDUS,Guddu,01-Aug-22,332469,303629
INDUS,Sukkar,01-Aug-22,277830,236730
INDUS,Kotri,01-Aug-22,154349,127474
JHELUM,Kotli,01-Aug-22,-,8820
JHELUM,Mangla,01-Aug-22,60000,13115
JHELUM,Rasul,01-Aug-22,14200,NIL
CHENAB,Marala,01-Aug-22,94214,77064
CHENAB,Khanki,01-Aug-22,95596,89820
CHENAB,Qadirabad,01-Aug-22,90575,71575
CHENAB,Trimmu,01-Aug-22,112039,104239
CHENAB,Punjnad,01-Aug-22,103752,96352
RAVI,Jassar,01-Aug-22,-,33850
RAVI,Shahdara,01-Aug-22,-,21191
RAVI,Balloki,01-Aug-22,46940,29740
RAVI,Sidhnai,01-Aug-22,18359,14059
SUTLEJ,Sulemanki,01-Aug-22,13635,8324
SUTLEJ,Islam,01-Aug-22,5397,5197
INDUS,Kalabagh,01-Aug-22,287288,283488
INDUS,Chashma,01-Aug-22,403351,395351
INDUS,Taunsa,01-Aug-22,344250,337250
INDUS,Guddu,01-Aug-22,348480,320178
INDUS,Sukkar,01-Aug-22,278360,238010
INDUS,Kotri,01-Aug-22,154629,127474
JHELUM,Kotli,01-Aug-22,-,18310
JHELUM,Mangla,01-Aug-22,87000,10615
JHELUM,Rasul,01-Aug-22,13750,NIL
CHENAB,Marala,01-Aug-22,92210,75010
CHENAB,Khanki,01-Aug-22,90199,84542
CHENAB,Qadirabad,01-Aug-22,106870,87870
CHENAB,Trimmu,01-Aug-22,107565,99765
CHENAB,Punjnad,01-Aug-22,103752,96352
RAVI,Jassar,01-Aug-22,-,33850
RAVI,Shahdara,01-Aug-22,-,24104
RAVI,Balloki,01-Aug-22,46940,29740
RAVI,Sidhnai,01-Aug-22,18359,14059
SUTLEJ,Bhakara**,01-Aug-22,NR,NR
SUTLEJ,Sulemanki,01-Aug-22,13635,8324
SUTLEJ,Islam,01-Aug-22,5397,5197
INDUS,Kalabagh,01-Aug-22,284132,280332
INDUS,Chashma,01-Aug-22,408117,400117
INDUS,Taunsa,01-Aug-22,346479,339479
INDUS,Guddu,01-Aug-22,348480,320178
INDUS,Sukkar,01-Aug-22,278360,238010
INDUS,Kotri,01-Aug-22,158376,131221
JHELUM,Kotli,01-Aug-22,-,12550
JHELUM,Mangla,01-Aug-22,63000,11715
JHELUM,Rasul,01-Aug-22,14525,Nil
CHENAB,Marala,01-Aug-22,87976,70776
CHENAB,Khanki,01-Aug-22,85781,80038
CHENAB,Qadirabad,01-Aug-22,102159,83159
CHENAB,Trimmu,01-Aug-22,101787,93987
CHENAB,Punjnad,01-Aug-22,104252,96352
RAVI,Jassar,01-Aug-22,-,29900
RAVI,Shahdara,01-Aug-22,-,28014
RAVI,Balloki,01-Aug-22,46940,29740
RAVI,Sidhnai,01-Aug-22,19571,15271
SUTLEJ,Bhakara**,01-Aug-22,-,-
SUTLEJ,Sulemanki,01-Aug-22,12619,8814
SUTLEJ,Islam,01-Aug-22,5197,5197
INDUS,Kalabagh,01-Aug-22,285126,281326
INDUS,Chashma,01-Aug-22,395510,387510
INDUS,Taunsa,01-Aug-22,346479,339479
INDUS,Guddu,01-Aug-22,348480,320178
INDUS,Sukkar,01-Aug-22,278360,238010
INDUS,Kotri,01-Aug-22,158376,131221
JHELUM,Kotli,01-Aug-22,-,13610
JHELUM,Mangla,01-Aug-22,33000,8215
JHELUM,Rasul,01-Aug-22,14525,Nil
CHENAB,Marala,01-Aug-22,87976,70776
CHENAB,Khanki,01-Aug-22,90285,84542
CHENAB,Qadirabad,01-Aug-22,102159,83159
CHENAB,Trimmu,01-Aug-22,94340,91040
CHENAB,Punjnad,01-Aug-22,104252,96352
RAVI,Jassar,01-Aug-22,-,23700
RAVI,Shahdara,01-Aug-22,-,29969
RAVI,Balloki,01-Aug-22,46940,29740
RAVI,Sidhnai,01-Aug-22,21603,17703
SUTLEJ,Bhakara**,01-Aug-22,-,-
SUTLEJ,Sulemanki,01-Aug-22,12619,8814
SUTLEJ,Islam,01-Aug-22,5197,5197
INDUS,Kalabagh,02-Aug-22,285087,281287
INDUS,Chashma,02-Aug-22,384267,376267
INDUS,Taunsa,02-Aug-22,353838,346838
INDUS,Guddu,02-Aug-22,357628,329326
INDUS,Sukkar,02-Aug-22,294810,258900
INDUS,Kotri,02-Aug-22,174237,147082
JHELUM,Kotli,02-Aug-22,-,17060
JHELUM,Mangla,02-Aug-22,59000,8055
JHELUM,Rasul,02-Aug-22,14525,Nil
CHENAB,Marala,02-Aug-22,72388,55188
CHENAB,Khanki,02-Aug-22,85781,80038
CHENAB,Qadirabad,02-Aug-22,102159,83159
CHENAB,Trimmu,02-Aug-22,86087,82787
CHENAB,Punjnad,02-Aug-22,104252,96352
RAVI,Jassar,02-Aug-22,-,25940
RAVI,Shahdara,02-Aug-22,-,31415
RAVI,Balloki,02-Aug-22,48060,30860
RAVI,Sidhnai,02-Aug-22,21471,15771
SUTLEJ,Bhakara**,02-Aug-22,-,-
SUTLEJ,Sulemanki,02-Aug-22,15183,11578
SUTLEJ,Islam,02-Aug-22,5197,5197
INDUS,Kalabagh,02-Aug-22,283178,279378
INDUS,Chashma,02-Aug-22,351636,342932
INDUS,Taunsa,02-Aug-22,365559,358559
INDUS,Guddu,02-Aug-22,360245,331943
INDUS,Sukkar,02-Aug-22,294810,258900
INDUS,Kotri,02-Aug-22,180960,153475
JHELUM,Kotli,02-Aug-22,-,13610
JHELUM,Mangla,02-Aug-22,40000,9215
JHELUM,Rasul,02-Aug-22,12525,NIL
CHENAB,Marala,02-Aug-22,65762,48512
CHENAB,Khanki,02-Aug-22,76424,70681
CHENAB,Qadirabad,02-Aug-22,98786,79786
CHENAB,Trimmu,02-Aug-22,86087,82787
CHENAB,Punjnad,02-Aug-22,120964,112564
RAVI,Jassar,02-Aug-22,-,18100
RAVI,Shahdara,02-Aug-22,-,29317
RAVI,Balloki,02-Aug-22,48060,30860
RAVI,Sidhnai,02-Aug-22,21471,15771
SUTLEJ,Bhakara**,02-Aug-22,42060,11560
SUTLEJ,Sulemanki,02-Aug-22,15183,11578
SUTLEJ,Islam,02-Aug-22,5497,5197
INDUS,Kalabagh,02-Aug-22,276915,273115
INDUS,Chashma,02-Aug-22,368973,358661
INDUS,Taunsa,02-Aug-22,370842,367842
INDUS,Guddu,02-Aug-22,361095,331943
INDUS,Sukkar,02-Aug-22,294810,258900
INDUS,Kotri,02-Aug-22,180960,153475
JHELUM,Kotli,02-Aug-22,-,10590
JHELUM,Mangla,02-Aug-22,28000,11015
JHELUM,Rasul,02-Aug-22,11025,Nil
CHENAB,Marala,02-Aug-22,64080,43630
CHENAB,Khanki,02-Aug-22,67342,61446
CHENAB,Qadirabad,02-Aug-22,86482,67482
CHENAB,Trimmu,02-Aug-22,82449,79149
CHENAB,Punjnad,02-Aug-22,121264,112564
RAVI,Jassar,02-Aug-22,-,16700
RAVI,Shahdara,02-Aug-22,-,27362
RAVI,Balloki,02-Aug-22,50195,32995
RAVI,Sidhnai,02-Aug-22,20789,14589
SUTLEJ,Bhakara**,02-Aug-22,-,-
SUTLEJ,Sulemanki,02-Aug-22,15266,11863
SUTLEJ,Islam,02-Aug-22,6780,6480
INDUS,Kalabagh,02-Aug-22,255865,252065
INDUS,Chashma,02-Aug-22,335231,323717
INDUS,Taunsa,02-Aug-22,373293,373293
INDUS,Guddu,02-Aug-22,361095,331943
INDUS,Sukkar,02-Aug-22,294810,258900
INDUS,Kotri,02-Aug-22,180960,153475
JHELUM,Kotli,02-Aug-22,-,8010
JHELUM,Mangla,02-Aug-22,36000,10355
JHELUM,Rasul,02-Aug-22,9675,Nil
CHENAB,Marala,02-Aug-22,64080,43630
CHENAB,Khanki,02-Aug-22,58751,52855
CHENAB,Qadirabad,02-Aug-22,72493,53493
CHENAB,Trimmu,02-Aug-22,82449,79149
CHENAB,Punjnad,02-Aug-22,121264,112564
RAVI,Jassar,02-Aug-22,-,15048
RAVI,Shahdara,02-Aug-22,-,23452
RAVI,Balloki,02-Aug-22,50195,32995
RAVI,Sidhnai,02-Aug-22,19787,12687
SUTLEJ,Bhakara**,02-Aug-22,-,-
SUTLEJ,Sulemanki,02-Aug-22,15266,11863
SUTLEJ,Islam,02-Aug-22,6980,6480
INDUS,Kalabagh,03-Aug-22,240633,236263
INDUS,Chashma,03-Aug-22,316796,305596
INDUS,Taunsa,03-Aug-22,381243,381243
INDUS,Taunsa,03-Aug-22,381243,381243
INDUS,Taunsa,03-Aug-22,381243,381243
INDUS,Taunsa,03-Aug-22,393229,393229
INDUS,Taunsa,03-Aug-22,393229,393229
INDUS,Taunsa,03-Aug-22,393229,393229
INDUS,Guddu,03-Aug-22,361095,331943
INDUS,Sukkar,03-Aug-22,304860,269550
INDUS,Kotri,03-Aug-22,180960,153475
JHELUM,Kotli,03-Aug-22,-,9680
JHELUM,Mangla,03-Aug-22,34000,8415
JHELUM,Rasul,03-Aug-22,8675,Nil
CHENAB,Marala,03-Aug-22,53374,32924
CHENAB,Khanki,03-Aug-22,58751,52855
CHENAB,Qadirabad,03-Aug-22,68828,49828
CHENAB,Trimmu,03-Aug-22,86087,82787
CHENAB,Punjnad,03-Aug-22,121764,112564
RAVI,Jassar,03-Aug-22,-,15048
RAVI,Shahdara,03-Aug-22,-,21191
RAVI,Balloki,03-Aug-22,52435,35235
RAVI,Sidhnai,03-Aug-22,19787,12687
SUTLEJ,Bhakara**,03-Aug-22,-,-
SUTLEJ,Sulemanki,03-Aug-22,16395,12992
SUTLEJ,Islam,03-Aug-22,6980,6480
INDUS,Kalabagh,03-Aug-22,200781,196281
INDUS,Chashma,03-Aug-22,284797,272683
INDUS,Taunsa,03-Aug-22,393229,393229
INDUS,Taunsa,03-Aug-22,393229,393229
INDUS,Taunsa,03-Aug-22,393229,393229
INDUS,Taunsa,03-Aug-22,393229,393229
INDUS,Taunsa,03-Aug-22,393229,393229
INDUS,Taunsa,03-Aug-22,393229,393229
INDUS,Guddu,03-Aug-22,366776,335111
INDUS,Sukkar,03-Aug-22,304860,269550
INDUS,Kotri,03-Aug-22,181040,153475
JHELUM,Kotli,03-Aug-22,-,8820
JHELUM,Mangla,03-Aug-22,36000,9515
JHELUM,Rasul,03-Aug-22,7875,NIL
CHENAB,Marala,03-Aug-22,49692,29242
CHENAB,Khanki,03-Aug-22,56426,50464
CHENAB,Qadirabad,03-Aug-22,62448,43448
CHENAB,Trimmu,03-Aug-22,89633,86333
CHENAB,Punjnad,03-Aug-22,121764,112564
RAVI,Jassar,03-Aug-22,-,10709
RAVI,Shahdara,03-Aug-22,-,20061
RAVI,Balloki,03-Aug-22,52435,35235
RAVI,Sidhnai,03-Aug-22,19202,12102
SUTLEJ,Bhakara**,03-Aug-22,NR,NR
SUTLEJ,Sulemanki,03-Aug-22,16395,12992
SUTLEJ,Islam,03-Aug-22,6980,6480
INDUS,Kalabagh,03-Aug-22,195781,191281
INDUS,Chashma,03-Aug-22,260264,245727
INDUS,Taunsa,03-Aug-22,393229,393229
INDUS,Taunsa,03-Aug-22,393229,393229
INDUS,Taunsa,03-Aug-22,393229,393229
INDUS,Taunsa,03-Aug-22,393229,393229
INDUS,Taunsa,03-Aug-22,393229,393229
INDUS,Taunsa,03-Aug-22,393229,393229
INDUS,Guddu,03-Aug-22,375817,343964
INDUS,Sukkar,03-Aug-22,304860,269550
INDUS,Kotri,03-Aug-22,181040,153475
JHELUM,Kotli,03-Aug-22,-,7610
JHELUM,Mangla,03-Aug-22,40000,10915
JHELUM,Rasul,03-Aug-22,7875,Nil
CHENAB,Marala,03-Aug-22,53574,32924
CHENAB,Khanki,03-Aug-22,44410,38448
CHENAB,Qadirabad,03-Aug-22,59980,40980
CHENAB,Trimmu,03-Aug-22,91805,88005
CHENAB,Punjnad,03-Aug-22,110870,101670
RAVI,Jassar,03-Aug-22,-,8846
RAVI,Shahdara,03-Aug-22,-,19496
RAVI,Balloki,03-Aug-22,52435,35235
RAVI,Sidhnai,03-Aug-22,20858,13758
SUTLEJ,Bhakara**,03-Aug-22,-,-
SUTLEJ,Sulemanki,03-Aug-22,17127,13724
SUTLEJ,Islam,03-Aug-22,6980,6480
INDUS,Kalabagh,03-Aug-22,195781,191281
INDUS,Chashma,03-Aug-22,191180,173341
INDUS,Taunsa,03-Aug-22,375268,375268
INDUS,Taunsa,03-Aug-22,371753,371753
INDUS,Guddu,03-Aug-22,375817,343964
INDUS,Sukkar,03-Aug-22,304860,269550
INDUS,Kotri,03-Aug-22,181040,153475
JHELUM,Kotli,03-Aug-22,-,6510
JHELUM,Mangla,03-Aug-22,36500,10915
JHELUM,Rasul,03-Aug-22,7773,Nil
CHENAB,Marala,03-Aug-22,48221,27471
CHENAB,Khanki,03-Aug-22,46269,40307
CHENAB,Qadirabad,03-Aug-22,50810,31810
CHENAB,Trimmu,03-Aug-22,92574,88774
CHENAB,Punjnad,03-Aug-22,110870,101670
RAVI,Jassar,03-Aug-22,-,8846
RAVI,Shahdara,03-Aug-22,-,18365
RAVI,Balloki,03-Aug-22,52435,35235
RAVI,Sidhnai,03-Aug-22,20502,12102
SUTLEJ,Bhakara**,03-Aug-22,-,-
SUTLEJ,Sulemanki,03-Aug-22,17127,13724
SUTLEJ,Islam,03-Aug-22,6980,6480
INDUS,Kalabagh,04-Aug-22,194806,190306
INDUS,Chashma,04-Aug-22,202524,181811
INDUS,Taunsa,04-Aug-22,365576,365576
INDUS,Guddu,04-Aug-22,379475,347622
INDUS,Sukkar,04-Aug-22,312814,276574
INDUS,Kotri,04-Aug-22,181040,153475
JHELUM,Kotli,04-Aug-22,-,7610
JHELUM,Mangla,04-Aug-22,34500,9255
JHELUM,Rasul,04-Aug-22,6523,Nil
CHENAB,Marala,04-Aug-22,48221,27471
CHENAB,Khanki,04-Aug-22,44410,38448
CHENAB,Qadirabad,04-Aug-22,50810,31810
CHENAB,Trimmu,04-Aug-22,94623,90823
CHENAB,Punjnad,04-Aug-22,109967,99767
RAVI,Jassar,04-Aug-22,-,8846
RAVI,Shahdara,04-Aug-22,-,16985
RAVI,Balloki,04-Aug-22,50195,32995
RAVI,Sidhnai,04-Aug-22,20955,13355
SUTLEJ,Bhakara**,04-Aug-22,-,-
SUTLEJ,Sulemanki,04-Aug-22,18799,15598
SUTLEJ,Islam,04-Aug-22,7712,7212
INDUS,Kalabagh,04-Aug-22,176582,172082
INDUS,Chashma,04-Aug-22,174700,154870
INDUS,Taunsa,04-Aug-22,365576,365576
INDUS,Guddu,04-Aug-22,384984,352721
INDUS,Sukkar,04-Aug-22,312814,276574
INDUS,Kotri,04-Aug-22,182112,154667
JHELUM,Kotli,04-Aug-22,-,8410
JHELUM,Mangla,04-Aug-22,35000,9515
JHELUM,Rasul,04-Aug-22,5898,-
CHENAB,Marala,04-Aug-22,59480,38277
CHENAB,Khanki,04-Aug-22,46291,40307
CHENAB,Qadirabad,04-Aug-22,44173,25173
CHENAB,Trimmu,04-Aug-22,94623,90823
CHENAB,Punjnad,04-Aug-22,109967,99767
RAVI,Jassar,04-Aug-22,-,8597
RAVI,Shahdara,04-Aug-22,-,16985
RAVI,Balloki,04-Aug-22,46940,29740
RAVI,Sidhnai,04-Aug-22,20697,13097
SUTLEJ,Bhakara**,04-Aug-22,35508,17821
SUTLEJ,Sulemanki,04-Aug-22,18799,15598
SUTLEJ,Islam,04-Aug-22,7712,7212
INDUS,Kalabagh,04-Aug-22,138939,133939
INDUS,Chashma,04-Aug-22,145081,124753
INDUS,Taunsa,04-Aug-22,342984,342984
INDUS,Guddu,04-Aug-22,396204,363801
INDUS,Sukkar,04-Aug-22,312814,276574
INDUS,Kotri,04-Aug-22,182112,154667
JHELUM,Kotli,04-Aug-22,-,7610
JHELUM,Mangla,04-Aug-22,32000,6415
JHELUM,Rasul,04-Aug-22,6223,-
CHENAB,Marala,04-Aug-22,60837,38277
CHENAB,Khanki,04-Aug-22,46313,40307
CHENAB,Qadirabad,04-Aug-22,44173,25173
CHENAB,Trimmu,04-Aug-22,94623,90823
CHENAB,Punjnad,04-Aug-22,110967,99767
RAVI,Jassar,04-Aug-22,-,7101
RAVI,Shahdara,04-Aug-22,-,16168
RAVI,Balloki,04-Aug-22,43615,26415
RAVI,Sidhnai,04-Aug-22,21063,12763
SUTLEJ,Bhakara**,04-Aug-22,-,-
SUTLEJ,Sulemanki,04-Aug-22,19605,15598
SUTLEJ,Islam,04-Aug-22,8012,7212
INDUS,Kalabagh,04-Aug-22,116096,111096
INDUS,Chashma,04-Aug-22,122501,101363
INDUS,Taunsa,04-Aug-22,322194,322194
INDUS,Guddu,04-Aug-22,396204,363801
INDUS,Sukkar,04-Aug-22,312814,276574
INDUS,Kotri,04-Aug-22,182112,154667
JHELUM,Kotli,04-Aug-22,-,6860
JHELUM,Mangla,04-Aug-22,38000,13115
JHELUM,Rasul,04-Aug-22,6323,-
CHENAB,Marala,04-Aug-22,56314,31662
CHENAB,Khanki,04-Aug-22,37089,31072
CHENAB,Qadirabad,04-Aug-22,44173,25173
CHENAB,Trimmu,04-Aug-22,94623,90823
CHENAB,Punjnad,04-Aug-22,110667,99767
RAVI,Jassar,04-Aug-22,-,9964
RAVI,Shahdara,04-Aug-22,-,14945
RAVI,Balloki,04-Aug-22,42495,25295
RAVI,Sidhnai,04-Aug-22,21263,12763
SUTLEJ,Bhakara**,04-Aug-22,-,-
SUTLEJ,Sulemanki,04-Aug-22,19605,15598
SUTLEJ,Islam,04-Aug-22,8012,7212
INDUS,Kalabagh,05-Aug-22,101640,96045
INDUS,Chashma,05-Aug-22,123673,106673
INDUS,Taunsa,05-Aug-22,284259,284259
INDUS,Guddu,05-Aug-22,397940,367530
INDUS,Sukkar,05-Aug-22,330085,293625
INDUS,Kotri,05-Aug-22,184385,156600
JHELUM,Kotli,05-Aug-22,-,7610
JHELUM,Mangla,05-Aug-22,35000,9755
JHELUM,Rasul,05-Aug-22,9323,-
CHENAB,Marala,05-Aug-22,63127,38277
CHENAB,Khanki,05-Aug-22,37089,31072
CHENAB,Qadirabad,05-Aug-22,44173,25173
CHENAB,Trimmu,05-Aug-22,87538,83738
CHENAB,Punjnad,05-Aug-22,96111,85211
RAVI,Jassar,05-Aug-22,-,9964
RAVI,Shahdara,05-Aug-22,-,14945
RAVI,Balloki,05-Aug-22,39640,22440
RAVI,Sidhnai,05-Aug-22,21263,12763
SUTLEJ,Bhakara**,05-Aug-22,-,-
SUTLEJ,Sulemanki,05-Aug-22,20031,16024
SUTLEJ,Islam,05-Aug-22,8012,7212
INDUS,Kalabagh,05-Aug-22,126237,120237
INDUS,Chashma,05-Aug-22,150132,130584
INDUS,Taunsa,05-Aug-22,242108,242108
INDUS,Guddu,05-Aug-22,408655,377783
INDUS,Sukkar,05-Aug-22,330085,293625
INDUS,Kotri,05-Aug-22,185845,159440
JHELUM,Kotli,05-Aug-22,-,10130
JHELUM,Mangla,05-Aug-22,37000,8715
JHELUM,Rasul,05-Aug-22,9323,-
CHENAB,Marala,05-Aug-22,63127,38277
CHENAB,Khanki,05-Aug-22,43292,37264
CHENAB,Qadirabad,05-Aug-22,44173,25173
CHENAB,Trimmu,05-Aug-22,83463,79356
CHENAB,Punjnad,05-Aug-22,96111,85211
RAVI,Jassar,05-Aug-22,-,8846
RAVI,Shahdara,05-Aug-22,-,14129
RAVI,Balloki,05-Aug-22,37405,20205
RAVI,Sidhnai,05-Aug-22,21263,12763
SUTLEJ,Bhakara**,05-Aug-22,40768,17790
SUTLEJ,Sulemanki,05-Aug-22,20031,16024
SUTLEJ,Islam,05-Aug-22,9811,9011
INDUS,Kalabagh,05-Aug-22,151478,145478
INDUS,Chashma,05-Aug-22,147298,130298
INDUS,Taunsa,05-Aug-22,194637,194637
INDUS,Guddu,05-Aug-22,415999,386589
INDUS,Sukkar,05-Aug-22,336650,300050
INDUS,Kotri,05-Aug-22,185891,164966
JHELUM,Kotli,05-Aug-22,-,10130
JHELUM,Mangla,05-Aug-22,38000,9515
JHELUM,Rasul,05-Aug-22,7823,NIL
CHENAB,Marala,05-Aug-22,63782,38277
CHENAB,Khanki,05-Aug-22,46335,40307
CHENAB,Qadirabad,05-Aug-22,44173,25173
CHENAB,Trimmu,05-Aug-22,69236,64936
CHENAB,Punjnad,05-Aug-22,95611,85211
RAVI,Jassar,05-Aug-22,-,14636
RAVI,Shahdara,05-Aug-22,-,14129
RAVI,Balloki,05-Aug-22,37405,20205
RAVI,Sidhnai,05-Aug-22,22263,12763
SUTLEJ,Bhakara**,05-Aug-22,-,-
SUTLEJ,Sulemanki,05-Aug-22,16588,11833
SUTLEJ,Islam,05-Aug-22,9811,9011
INDUS,Kalabagh,05-Aug-22,118051,112051
INDUS,Chashma,05-Aug-22,166988,149588
INDUS,Taunsa,05-Aug-22,177260,177260
INDUS,Guddu,05-Aug-22,415999,386589
INDUS,Sukkar,05-Aug-22,336650,300050
INDUS,Kotri,05-Aug-22,185891,164966
JHELUM,Kotli,05-Aug-22,-,7610
JHELUM,Mangla,05-Aug-22,38000,9515
JHELUM,Rasul,05-Aug-22,7323,NIL
CHENAB,Marala,05-Aug-22,59403,32705
CHENAB,Khanki,05-Aug-22,49969,43941
CHENAB,Qadirabad,05-Aug-22,46155,27155
CHENAB,Trimmu,05-Aug-22,68632,62832
CHENAB,Punjnad,05-Aug-22,83614,73214
RAVI,Jassar,05-Aug-22,-,24320
RAVI,Shahdara,05-Aug-22,-,14945
RAVI,Balloki,05-Aug-22,37705,20205
RAVI,Sidhnai,05-Aug-22,22263,12763
SUTLEJ,Bhakara**,05-Aug-22,-,-
SUTLEJ,Sulemanki,05-Aug-22,16588,11833
SUTLEJ,Islam,05-Aug-22,9811,9011
INDUS,Kalabagh,06-Aug-22,119940,113940
INDUS,Chashma,06-Aug-22,196842,179442
INDUS,Taunsa,06-Aug-22,140780,138780
INDUS,Guddu,06-Aug-22,416954,386589
INDUS,Sukkar,06-Aug-22,355710,316250
INDUS,Kotri,06-Aug-22,188075,170550
JHELUM,Kotli,06-Aug-22,-,7230
JHELUM,Mangla,06-Aug-22,37000,8615
JHELUM,Rasul,06-Aug-22,7323,NIL
CHENAB,Marala,06-Aug-22,65027,38277
CHENAB,Khanki,06-Aug-22,53007,46979
CHENAB,Qadirabad,06-Aug-22,46155,27155
CHENAB,Trimmu,06-Aug-22,61213,55413
CHENAB,Punjnad,06-Aug-22,83614,73214
RAVI,Jassar,06-Aug-22,-,25560
RAVI,Shahdara,06-Aug-22,-,17800
RAVI,Balloki,06-Aug-22,35465,17965
RAVI,Sidhnai,06-Aug-22,22263,12763
SUTLEJ,Bhakara**,06-Aug-22,-,-
SUTLEJ,Sulemanki,06-Aug-22,15015,9751
SUTLEJ,Islam,06-Aug-22,9811,9011
INDUS,Kalabagh,06-Aug-22,130685,124685
INDUS,Chashma,06-Aug-22,166481,149081
INDUS,Taunsa,06-Aug-22,140780,138780
INDUS,Guddu,06-Aug-22,416502,386589
INDUS,Sukkar,06-Aug-22,355710,316250
INDUS,Kotri,06-Aug-22,188209,175484
JHELUM,Kotli,06-Aug-22,-,14150
JHELUM,Mangla,06-Aug-22,37000,9015
JHELUM,Rasul,06-Aug-22,7323,-
CHENAB,Marala,06-Aug-22,59674,32924
CHENAB,Khanki,06-Aug-22,53007,46979
CHENAB,Qadirabad,06-Aug-22,54117,35117
CHENAB,Trimmu,06-Aug-22,57384,51584
CHENAB,Punjnad,06-Aug-22,83614,73214
RAVI,Jassar,06-Aug-22,-,28040
RAVI,Shahdara,06-Aug-22,-,21191
RAVI,Balloki,06-Aug-22,35465,17965
RAVI,Sidhnai,06-Aug-22,22263,12763
SUTLEJ,Bhakara**,06-Aug-22,45818,16650
SUTLEJ,Sulemanki,06-Aug-22,15015,9751
SUTLEJ,Islam,06-Aug-22,11916,11116
INDUS,Kalabagh,06-Aug-22,127954,121954
INDUS,Chashma,06-Aug-22,167839,150439
INDUS,Taunsa,06-Aug-22,140780,138780
INDUS,Guddu,06-Aug-22,416703,386589
INDUS,Sukkar,06-Aug-22,381015,350045
INDUS,Kotri,06-Aug-22,189803,178328
JHELUM,Kotli,06-Aug-22,-,11550
JHELUM,Mangla,06-Aug-22,39000,10515
JHELUM,Rasul,06-Aug-22,7323,-
CHENAB,Marala,06-Aug-22,53321,27571
CHENAB,Khanki,06-Aug-22,45192,39186
CHENAB,Qadirabad,06-Aug-22,54117,35117
CHENAB,Trimmu,06-Aug-22,59636,53836
CHENAB,Punjnad,06-Aug-22,79850,69450
RAVI,Jassar,06-Aug-22,-,20900
RAVI,Shahdara,06-Aug-22,-,22322
RAVI,Balloki,06-Aug-22,35865,17965
RAVI,Sidhnai,06-Aug-22,24668,15018
SUTLEJ,Bhakara**,06-Aug-22,-,-
SUTLEJ,Sulemanki,06-Aug-22,13033,7769
SUTLEJ,Islam,06-Aug-22,11916,11116
INDUS,Kalabagh,06-Aug-22,102557,96472
INDUS,Chashma,06-Aug-22,167296,149896
INDUS,Taunsa,06-Aug-22,133481,131481
INDUS,Guddu,06-Aug-22,416703,386589
INDUS,Sukkar,06-Aug-22,381015,350045
INDUS,Kotri,06-Aug-22,189803,178328
JHELUM,Kotli,06-Aug-22,-,8410
JHELUM,Mangla,06-Aug-22,39000,12215
JHELUM,Rasul,06-Aug-22,7323,-
CHENAB,Marala,06-Aug-22,58674,32924
CHENAB,Khanki,06-Aug-22,45192,39186
CHENAB,Qadirabad,06-Aug-22,46155,27155
CHENAB,Trimmu,06-Aug-22,54142,48342
CHENAB,Punjnad,06-Aug-22,80450,69450
RAVI,Jassar,06-Aug-22,-,16700
RAVI,Shahdara,06-Aug-22,-,26711
RAVI,Balloki,06-Aug-22,38405,20205
RAVI,Sidhnai,06-Aug-22,24668,15018
SUTLEJ,Bhakara**,06-Aug-22,-,-
SUTLEJ,Sulemanki,06-Aug-22,13033,7769
SUTLEJ,Islam,06-Aug-22,11866,11116
INDUS,Kalabagh,07-Aug-22,103927,97427
INDUS,Chashma,07-Aug-22,169218,151818
INDUS,Taunsa,07-Aug-22,126204,124204
INDUS,Guddu,07-Aug-22,409109,386589
INDUS,Sukkar,07-Aug-22,384560,350080
INDUS,Kotri,07-Aug-22,192589,184214
JHELUM,Kotli,07-Aug-22,-,8350
JHELUM,Mangla,07-Aug-22,38000,10515
JHELUM,Rasul,07-Aug-22,7323,-
CHENAB,Marala,07-Aug-22,58674,32924
CHENAB,Khanki,07-Aug-22,41887,35881
CHENAB,Qadirabad,07-Aug-22,46155,27155
CHENAB,Trimmu,07-Aug-22,54142,48342
CHENAB,Punjnad,07-Aug-22,76837,65837
RAVI,Jassar,07-Aug-22,-,16700
RAVI,Shahdara,07-Aug-22,-,27362
RAVI,Balloki,07-Aug-22,40640,22440
RAVI,Sidhnai,07-Aug-22,24818,15018
SUTLEJ,Bhakara**,07-Aug-22,-,-
SUTLEJ,Sulemanki,07-Aug-22,12294,6886
SUTLEJ,Islam,07-Aug-22,11866,11116
INDUS,Kalabagh,07-Aug-22,140215,133715
INDUS,Chashma,07-Aug-22,178983,161583
INDUS,Taunsa,07-Aug-22,126204,124204
INDUS,Guddu,07-Aug-22,402704,379185
INDUS,Sukkar,07-Aug-22,384560,350080
INDUS,Kotri,07-Aug-22,195105,187780
JHELUM,Kotli,07-Aug-22,-,8820
JHELUM,Mangla,07-Aug-22,36000,8815
JHELUM,Rasul,07-Aug-22,6623,-
CHENAB,Marala,07-Aug-22,58724,32924
CHENAB,Khanki,07-Aug-22,40606,34600
CHENAB,Qadirabad,07-Aug-22,46155,27155
CHENAB,Trimmu,07-Aug-22,49205,43405
CHENAB,Punjnad,07-Aug-22,76837,65837
RAVI,Jassar,07-Aug-22,-,12571
RAVI,Shahdara,07-Aug-22,-,28014
RAVI,Balloki,07-Aug-22,42025,23825
RAVI,Sidhnai,07-Aug-22,24655,15355
SUTLEJ,Bhakara**,07-Aug-22,45182,15572
SUTLEJ,Sulemanki,07-Aug-22,12294,6886
SUTLEJ,Islam,07-Aug-22,11866,11116
INDUS,Kalabagh,07-Aug-22,152280,145780
INDUS,Chashma,07-Aug-22,178203,161403
INDUS,Taunsa,07-Aug-22,126204,124204
INDUS,Guddu,07-Aug-22,370836,343990
INDUS,Sukkar,07-Aug-22,384560,350080
INDUS,Kotri,07-Aug-22,196855,187780
JHELUM,Kotli,07-Aug-22,-,8820
JHELUM,Mangla,07-Aug-22,38000,9715
JHELUM,Rasul,07-Aug-22,6673,-
CHENAB,Marala,07-Aug-22,63977,38277
CHENAB,Khanki,07-Aug-22,36805,30810
CHENAB,Qadirabad,07-Aug-22,39126,20126
CHENAB,Trimmu,07-Aug-22,49505,43405
CHENAB,Punjnad,07-Aug-22,76937,65837
RAVI,Jassar,07-Aug-22,-,10709
RAVI,Shahdara,07-Aug-22,-,24755
RAVI,Balloki,07-Aug-22,45895,27395
RAVI,Sidhnai,07-Aug-22,23263,12763
SUTLEJ,Bhakara**,07-Aug-22,-,-
SUTLEJ,Sulemanki,07-Aug-22,12694,6886
SUTLEJ,Islam,07-Aug-22,12016,11166
INDUS,Kalabagh,07-Aug-22,151225,144725
INDUS,Chashma,07-Aug-22,179096,162296
INDUS,Taunsa,07-Aug-22,126204,124204
INDUS,Guddu,07-Aug-22,370836,343990
INDUS,Sukkar,07-Aug-22,384560,350080
INDUS,Kotri,07-Aug-22,196855,187780
JHELUM,Kotli,07-Aug-22,-,6510
JHELUM,Mangla,07-Aug-22,40000,12215
JHELUM,Rasul,07-Aug-22,6673,-
CHENAB,Marala,07-Aug-22,63977,38277
CHENAB,Khanki,07-Aug-22,40702,34707
CHENAB,Qadirabad,07-Aug-22,39126,20126
CHENAB,Trimmu,07-Aug-22,49505,43405
CHENAB,Punjnad,07-Aug-22,76937,65837
RAVI,Jassar,07-Aug-22,-,9964
RAVI,Shahdara,07-Aug-22,-,21191
RAVI,Balloki,07-Aug-22,46095,27395
RAVI,Sidhnai,07-Aug-22,23263,12763
SUTLEJ,Bhakara**,07-Aug-22,-,-
SUTLEJ,Sulemanki,07-Aug-22,12694,6886
SUTLEJ,Islam,07-Aug-22,12116,11166
INDUS,Kalabagh,08-Aug-22,150270,143770
INDUS,Chashma,08-Aug-22,179356,162556
INDUS,Taunsa,08-Aug-22,133448,126448
INDUS,Guddu,08-Aug-22,286294,260563
INDUS,Sukkar,08-Aug-22,383325,340730
INDUS,Kotri,08-Aug-22,199505,187780
JHELUM,Kotli,08-Aug-22,-,6860
JHELUM,Mangla,08-Aug-22,55000,9955
JHELUM,Rasul,08-Aug-22,6673,NIL
CHENAB,Marala,08-Aug-22,63977,38277
CHENAB,Khanki,08-Aug-22,40702,34707
CHENAB,Qadirabad,08-Aug-22,39126,20126
CHENAB,Trimmu,08-Aug-22,49505,43405
CHENAB,Punjnad,08-Aug-22,76937,65837
RAVI,Jassar,08-Aug-22,-,9964
RAVI,Shahdara,08-Aug-22,-,18930
RAVI,Balloki,08-Aug-22,48335,29635
RAVI,Sidhnai,08-Aug-22,23363,12763
SUTLEJ,Bhakara**,08-Aug-22,-,-
SUTLEJ,Sulemanki,08-Aug-22,12027,6114
SUTLEJ,Islam,08-Aug-22,12116,11116
INDUS,Kalabagh,08-Aug-22,150270,143770
INDUS,Chashma,08-Aug-22,177188,160388
INDUS,Taunsa,08-Aug-22,133448,126448
INDUS,Guddu,08-Aug-22,245780,213603
INDUS,Sukkar,08-Aug-22,373705,331110
INDUS,Kotri,08-Aug-22,199875,187700
JHELUM,Kotli,08-Aug-22,-,9250
JHELUM,Mangla,08-Aug-22,64000,8015
JHELUM,Rasul,08-Aug-22,6365,-
CHENAB,Marala,08-Aug-22,69380,43630
CHENAB,Khanki,08-Aug-22,38769,32774
CHENAB,Qadirabad,08-Aug-22,39126,20126
CHENAB,Trimmu,08-Aug-22,47075,40975
CHENAB,Punjnad,08-Aug-22,76937,65837
RAVI,Jassar,08-Aug-22,-,9964
RAVI,Shahdara,08-Aug-22,-,18930
RAVI,Balloki,08-Aug-22,48335,29635
RAVI,Sidhnai,08-Aug-22,23363,12763
SUTLEJ,Bhakara**,08-Aug-22,48219,16381
SUTLEJ,Sulemanki,08-Aug-22,12027,6114
SUTLEJ,Islam,08-Aug-22,12116,11166
INDUS,Kalabagh,08-Aug-22,143064,136564
INDUS,Chashma,08-Aug-22,176849,160049
INDUS,Taunsa,08-Aug-22,139588,130588
INDUS,Guddu,08-Aug-22,227119,196469
INDUS,Sukkar,08-Aug-22,352060,310050
INDUS,Kotri,08-Aug-22,201095,187780
JHELUM,Kotli,08-Aug-22,-,6510
JHELUM,Mangla,08-Aug-22,40000,11915
JHELUM,Rasul,08-Aug-22,6565,-
CHENAB,Marala,08-Aug-22,91816,65966
CHENAB,Khanki,08-Aug-22,41876,35881
CHENAB,Qadirabad,08-Aug-22,39126,20126
CHENAB,Trimmu,08-Aug-22,51861,45761
CHENAB,Punjnad,08-Aug-22,76937,65837
RAVI,Jassar,08-Aug-22,-,12571
RAVI,Shahdara,08-Aug-22,-,18365
RAVI,Balloki,08-Aug-22,48335,29635
RAVI,Sidhnai,08-Aug-22,23363,12763
SUTLEJ,Bhakara**,08-Aug-22,-,-
SUTLEJ,Sulemanki,08-Aug-22,12327,6114
SUTLEJ,Islam,08-Aug-22,12116,11166
INDUS,Kalabagh,08-Aug-22,143064,136564
INDUS,Chashma,08-Aug-22,176528,159728
INDUS,Taunsa,08-Aug-22,141659,124783
INDUS,Guddu,08-Aug-22,227119,196469
INDUS,Sukkar,08-Aug-22,352060,310050
INDUS,Kotri,08-Aug-22,201095,187780
JHELUM,Kotli,08-Aug-22,-,4590
JHELUM,Mangla,08-Aug-22,40000,10115
JHELUM,Rasul,08-Aug-22,7615,-
CHENAB,Marala,08-Aug-22,91816,65966
CHENAB,Khanki,08-Aug-22,47331,41336
CHENAB,Qadirabad,08-Aug-22,39126,20126
CHENAB,Trimmu,08-Aug-22,51861,45761
CHENAB,Punjnad,08-Aug-22,76937,65837
RAVI,Jassar,08-Aug-22,-,14636
RAVI,Shahdara,08-Aug-22,-,17800
RAVI,Balloki,08-Aug-22,46095,27395
RAVI,Sidhnai,08-Aug-22,20171,8771
SUTLEJ,Bhakara**,08-Aug-22,-,-
SUTLEJ,Sulemanki,08-Aug-22,12327,6114
SUTLEJ,Islam,08-Aug-22,12116,11166
INDUS,Kalabagh,09-Aug-22,155134,148634
INDUS,Chashma,09-Aug-22,176146,159346
INDUS,Taunsa,09-Aug-22,143743,127659
INDUS,Guddu,09-Aug-22,212684,180507
INDUS,Sukkar,09-Aug-22,329111,288066
INDUS,Kotri,09-Aug-22,205317,191942
JHELUM,Kotli,09-Aug-22,-,6510
JHELUM,Mangla,09-Aug-22,40000,6315
JHELUM,Rasul,09-Aug-22,7615,NIL
CHENAB,Marala,09-Aug-22,91816,65966
CHENAB,Khanki,09-Aug-22,63212,57217
CHENAB,Qadirabad,09-Aug-22,46155,27155
CHENAB,Trimmu,09-Aug-22,51861,45761
CHENAB,Punjnad,09-Aug-22,64955,53855
RAVI,Jassar,09-Aug-22,-,14636
RAVI,Shahdara,09-Aug-22,-,17392
RAVI,Balloki,09-Aug-22,43855,25155
RAVI,Sidhnai,09-Aug-22,20171,8771
SUTLEJ,Bhakara**,09-Aug-22,-,-
SUTLEJ,Sulemanki,09-Aug-22,12327,6114
SUTLEJ,Islam,09-Aug-22,12116,11166
INDUS,Kalabagh,09-Aug-22,155134,148634
INDUS,Chashma,09-Aug-22,210016,193216
INDUS,Taunsa,09-Aug-22,143743,127659
INDUS,Guddu,09-Aug-22,204346,171869
INDUS,Sukkar,09-Aug-22,316080,276060
INDUS,Kotri,09-Aug-22,205317,191942
JHELUM,Kotli,09-Aug-22,-,8820
JHELUM,Mangla,09-Aug-22,34500,6315
JHELUM,Rasul,09-Aug-22,9718,-
CHENAB,Marala,09-Aug-22,97562,71712
CHENAB,Khanki,09-Aug-22,67668,61673
CHENAB,Qadirabad,09-Aug-22,64703,45703
CHENAB,Trimmu,09-Aug-22,56807,50707
CHENAB,Punjnad,09-Aug-22,64955,53855
RAVI,Jassar,09-Aug-22,-,12571
RAVI,Shahdara,09-Aug-22,-,17392
RAVI,Balloki,09-Aug-22,44155,25155
RAVI,Sidhnai,09-Aug-22,20171,8771
SUTLEJ,Bhakara**,09-Aug-22,53070,17569
SUTLEJ,Sulemanki,09-Aug-22,11991,5778
SUTLEJ,Islam,09-Aug-22,12116,11166
INDUS,Kalabagh,09-Aug-22,144973,138473
INDUS,Chashma,09-Aug-22,209119,192319
INDUS,Taunsa,09-Aug-22,143743,127659
INDUS,Guddu,09-Aug-22,204346,171869
INDUS,Sukkar,09-Aug-22,299070,260020
INDUS,Kotri,09-Aug-22,206105,194730
JHELUM,Kotli,09-Aug-22,-,7230
JHELUM,Mangla,09-Aug-22,37500,9315
JHELUM,Rasul,09-Aug-22,10025,-
CHENAB,Marala,09-Aug-22,91916,66066
CHENAB,Khanki,09-Aug-22,67668,61673
CHENAB,Qadirabad,09-Aug-22,67295,48295
CHENAB,Trimmu,09-Aug-22,56807,50707
CHENAB,Punjnad,09-Aug-22,64955,53855
RAVI,Jassar,09-Aug-22,-,11826
RAVI,Shahdara,09-Aug-22,-,17392
RAVI,Balloki,09-Aug-22,40865,21865
RAVI,Sidhnai,09-Aug-22,20171,8771
SUTLEJ,Bhakara**,09-Aug-22,-,-
SUTLEJ,Sulemanki,09-Aug-22,12619,6012
SUTLEJ,Islam,09-Aug-22,12116,11166
INDUS,Kalabagh,09-Aug-22,145173,138473
INDUS,Chashma,09-Aug-22,206186,189386
INDUS,Taunsa,09-Aug-22,143743,127659
INDUS,Guddu,09-Aug-22,204346,171869
INDUS,Sukkar,09-Aug-22,299070,260020
INDUS,Kotri,09-Aug-22,206105,194730
JHELUM,Kotli,09-Aug-22,-,5180
JHELUM,Mangla,09-Aug-22,37000,14515
JHELUM,Rasul,09-Aug-22,9685,-
CHENAB,Marala,09-Aug-22,74833,48983
CHENAB,Khanki,09-Aug-22,65027,58832
CHENAB,Qadirabad,09-Aug-22,67295,48295
CHENAB,Trimmu,09-Aug-22,50148,44048
CHENAB,Punjnad,09-Aug-22,64955,53855
RAVI,Jassar,09-Aug-22,-,10709
RAVI,Shahdara,09-Aug-22,-,20626
RAVI,Balloki,09-Aug-22,37910,18610
RAVI,Sidhnai,09-Aug-22,21171,8771
SUTLEJ,Bhakara**,09-Aug-22,-,-
SUTLEJ,Sulemanki,09-Aug-22,12619,6012
SUTLEJ,Islam,09-Aug-22,10011,9011
INDUS,Kalabagh,10-Aug-22,154680,147680
INDUS,Chashma,10-Aug-22,208980,192180
INDUS,Taunsa,10-Aug-22,152342,135570
INDUS,Guddu,10-Aug-22,202173,167733
INDUS,Sukkar,10-Aug-22,174225,138315
INDUS,Kotri,10-Aug-22,206105,194730
JHELUM,Kotli,10-Aug-22,-,5820
JHELUM,Mangla,10-Aug-22,32000,9615
JHELUM,Rasul,10-Aug-22,7434,NIL
CHENAB,Marala,10-Aug-22,74833,48983
CHENAB,Khanki,10-Aug-22,61227,55032
CHENAB,Qadirabad,10-Aug-22,67295,48295
CHENAB,Trimmu,10-Aug-22,50148,44048
CHENAB,Punjnad,10-Aug-22,64955,53855
RAVI,Jassar,10-Aug-22,-,10709
RAVI,Shahdara,10-Aug-22,-,21191
RAVI,Balloki,10-Aug-22,37910,18610
RAVI,Sidhnai,10-Aug-22,20937,8437
SUTLEJ,Bhakara**,10-Aug-22,-,-
SUTLEJ,Sulemanki,10-Aug-22,12060,5006
SUTLEJ,Islam,10-Aug-22,10011,9011
INDUS,Kalabagh,10-Aug-22,154880,147680
INDUS,Chashma,10-Aug-22,184925,168125
INDUS,Taunsa,10-Aug-22,152342,136321
INDUS,Guddu,10-Aug-22,193590,157321
INDUS,Sukkar,10-Aug-22,174225,138315
INDUS,Kotri,10-Aug-22,207655,194730
JHELUM,Kotli,10-Aug-22,-,8010
JHELUM,Mangla,10-Aug-22,30000,11715
JHELUM,Rasul,10-Aug-22,4025,-
CHENAB,Marala,10-Aug-22,84961,59111
CHENAB,Khanki,10-Aug-22,58974,52779
CHENAB,Qadirabad,10-Aug-22,64703,45703
CHENAB,Trimmu,10-Aug-22,46086,45703
CHENAB,Punjnad,10-Aug-22,56273,44473
RAVI,Jassar,10-Aug-22,-,14636
RAVI,Shahdara,10-Aug-22,-,21191
RAVI,Balloki,10-Aug-22,37916,18610
RAVI,Sidhnai,10-Aug-22,20937,8437
SUTLEJ,Bhakara**,10-Aug-22,50002,18800
SUTLEJ,Sulemanki,10-Aug-22,12060,5006
SUTLEJ,Islam,10-Aug-22,8212,7212
INDUS,Kalabagh,10-Aug-22,133994,126794
INDUS,Chashma,10-Aug-22,219818,207513
INDUS,Taunsa,10-Aug-22,152342,136321
INDUS,Guddu,10-Aug-22,189021,152451
INDUS,Sukkar,10-Aug-22,174225,138315
INDUS,Kotri,10-Aug-22,209910,195285
JHELUM,Kotli,10-Aug-22,-,7230
JHELUM,Mangla,10-Aug-22,42000,13115
JHELUM,Rasul,10-Aug-22,4435,Nil
CHENAB,Marala,10-Aug-22,91916,66066
CHENAB,Khanki,10-Aug-22,60976,54567
CHENAB,Qadirabad,10-Aug-22,59314,40314
CHENAB,Trimmu,10-Aug-22,44112,36312
CHENAB,Punjnad,10-Aug-22,56423,44473
RAVI,Jassar,10-Aug-22,-,17400
RAVI,Shahdara,10-Aug-22,-,20626
RAVI,Balloki,10-Aug-22,38110,18610
RAVI,Sidhnai,10-Aug-22,21537,8437
SUTLEJ,Bhakara**,10-Aug-22,-,-
SUTLEJ,Sulemanki,10-Aug-22,11587,2678
SUTLEJ,Islam,10-Aug-22,8262,7212
INDUS,Kalabagh,10-Aug-22,154880,147680
INDUS,Chashma,10-Aug-22,283428,269561
INDUS,Taunsa,10-Aug-22,152342,136321
INDUS,Guddu,10-Aug-22,189021,152451
INDUS,Sukkar,10-Aug-22,174225,138315
INDUS,Kotri,10-Aug-22,209910,195285
JHELUM,Kotli,10-Aug-22,-,5180
JHELUM,Mangla,10-Aug-22,32000,7215
JHELUM,Rasul,10-Aug-22,7535,Nil
CHENAB,Marala,10-Aug-22,91916,66066
CHENAB,Khanki,10-Aug-22,60976,54567
CHENAB,Qadirabad,10-Aug-22,56382,37382
CHENAB,Trimmu,10-Aug-22,41347,33547
CHENAB,Punjnad,10-Aug-22,56423,44473
RAVI,Jassar,10-Aug-22,-,14636
RAVI,Shahdara,10-Aug-22,-,18365
RAVI,Balloki,10-Aug-22,38110,18610
RAVI,Sidhnai,10-Aug-22,21937,8437
SUTLEJ,Bhakara**,10-Aug-22,-,-
SUTLEJ,Sulemanki,10-Aug-22,11587,2678
SUTLEJ,Islam,10-Aug-22,6247,5197
INDUS,Kalabagh,11-Aug-22,144719,137519
INDUS,Chashma,11-Aug-22,294961,280191
INDUS,Taunsa,11-Aug-22,152342,136321
INDUS,Guddu,11-Aug-22,182606,146182
INDUS,Sukkar,11-Aug-22,162655,126085
INDUS,Kotri,11-Aug-22,212886,200711
JHELUM,Kotli,11-Aug-22,-,5380
JHELUM,Mangla,11-Aug-22,29995,10000
JHELUM,Rasul,11-Aug-22,7025,-
CHENAB,Marala,11-Aug-22,88160,62310
CHENAB,Khanki,11-Aug-22,65607,59198
CHENAB,Qadirabad,11-Aug-22,56382,37382
CHENAB,Trimmu,11-Aug-22,41347,33547
CHENAB,Punjnad,11-Aug-22,56423,44473
RAVI,Jassar,11-Aug-22,-,12571
RAVI,Shahdara,11-Aug-22,-,17800
RAVI,Balloki,11-Aug-22,39265,19765
RAVI,Sidhnai,11-Aug-22,21937,8437
SUTLEJ,Bhakara**,11-Aug-22,-,-
SUTLEJ,Sulemanki,11-Aug-22,12068,3112
SUTLEJ,Islam,11-Aug-22,6247,5197
INDUS,Kalabagh,11-Aug-22,164485,157200
INDUS,Chashma,11-Aug-22,231442,213842
INDUS,Taunsa,11-Aug-22,151602,136144
INDUS,Guddu,11-Aug-22,979811,142987
INDUS,Sukkar,11-Aug-22,162655,126085
INDUS,Kotri,11-Aug-22,214036,200711
JHELUM,Kotli,11-Aug-22,-,7290
JHELUM,Mangla,11-Aug-22,66000,13215
JHELUM,Rasul,11-Aug-22,7025,-
CHENAB,Marala,11-Aug-22,149013,123288
CHENAB,Khanki,11-Aug-22,67255,60846
CHENAB,Qadirabad,11-Aug-22,62232,43232
CHENAB,Trimmu,11-Aug-22,39382,31582
CHENAB,Punjnad,11-Aug-22,50123,38173
RAVI,Jassar,11-Aug-22,-,10709
RAVI,Shahdara,11-Aug-22,-,22322
RAVI,Balloki,11-Aug-22,39265,19765
RAVI,Sidhnai,11-Aug-22,24094,10394
SUTLEJ,Bhakara**,11-Aug-22,49108,19340
SUTLEJ,Sulemanki,11-Aug-22,12068,3112
SUTLEJ,Islam,11-Aug-22,6247,5197
INDUS,Kalabagh,11-Aug-22,154816,147316
INDUS,Chashma,11-Aug-22,213943,196343
INDUS,Taunsa,11-Aug-22,151602,136324
INDUS,Guddu,11-Aug-22,180412,142987
INDUS,Sukkar,11-Aug-22,157080,120010
INDUS,Kotri,11-Aug-22,215596,200711
JHELUM,Kotli,11-Aug-22,-,7010
JHELUM,Mangla,11-Aug-22,37000,9015
JHELUM,Rasul,11-Aug-22,9125,Nil
CHENAB,Marala,11-Aug-22,176283,159180
CHENAB,Khanki,11-Aug-22,102967,97005
CHENAB,Qadirabad,11-Aug-22,79962,60962
CHENAB,Trimmu,11-Aug-22,44511,35711
CHENAB,Punjnad,11-Aug-22,48176,35926
RAVI,Jassar,11-Aug-22,-,10336
RAVI,Shahdara,11-Aug-22,-,22862
RAVI,Balloki,11-Aug-22,39380,16880
RAVI,Sidhnai,11-Aug-22,24394,10394
SUTLEJ,Bhakara**,11-Aug-22,-,-
SUTLEJ,Sulemanki,11-Aug-22,12068,3112
SUTLEJ,Islam,11-Aug-22,6247,5197
INDUS,Kalabagh,11-Aug-22,196722,190222
INDUS,Chashma,11-Aug-22,250786,235425
INDUS,Taunsa,11-Aug-22,151602,136324
INDUS,Guddu,11-Aug-22,180412,142987
INDUS,Sukkar,11-Aug-22,157080,120010
INDUS,Kotri,11-Aug-22,215596,200711
JHELUM,Kotli,11-Aug-22,-,5380
JHELUM,Mangla,11-Aug-22,35000,13515
JHELUM,Rasul,11-Aug-22,7825,Nil
CHENAB,Marala,11-Aug-22,177360,166332
CHENAB,Khanki,11-Aug-22,204958,198996
CHENAB,Khanki,11-Aug-22,204958,198996
CHENAB,Khanki,11-Aug-22,204958,198996
CHENAB,Khanki,11-Aug-22,204958,198996
CHENAB,Khanki,11-Aug-22,204958,198996
CHENAB,Khanki,11-Aug-22,216907,210945
CHENAB,Qadirabad,11-Aug-22,144616,125616
CHENAB,Trimmu,11-Aug-22,53356,44556
CHENAB,Punjnad,11-Aug-22,46425,34175
RAVI,Jassar,11-Aug-22,-,14636
RAVI,Shahdara,11-Aug-22,-,20626
RAVI,Balloki,11-Aug-22,40225,15725
RAVI,Sidhnai,11-Aug-22,24294,10394
SUTLEJ,Bhakara**,11-Aug-22,-,-
SUTLEJ,Sulemanki,11-Aug-22,10755,1292
SUTLEJ,Islam,11-Aug-22,5382,4232
INDUS,Kalabagh,12-Aug-22,220434,213934
INDUS,Chashma,12-Aug-22,256165,240603
INDUS,Taunsa,12-Aug-22,171039,154346
INDUS,Guddu,12-Aug-22,180262,142987
INDUS,Sukkar,12-Aug-22,139130,101920
INDUS,Kotri,12-Aug-22,220895,204520
JHELUM,Kotli,12-Aug-22,-,7580
JHELUM,Mangla,12-Aug-22,32000,13655
JHELUM,Rasul,12-Aug-22,16316,5341
CHENAB,Marala,12-Aug-22,141844,129744
CHENAB,Marala,12-Aug-22,122500,110400
CHENAB,Marala,12-Aug-22,122500,110400
CHENAB,Marala,12-Aug-22,118907,106807
CHENAB,Marala,12-Aug-22,118907,106807
CHENAB,Marala,12-Aug-22,113296,101196
CHENAB,Khanki,12-Aug-22,216907,210945
CHENAB,Khanki,12-Aug-22,194730,188768
CHENAB,Khanki,12-Aug-22,194730,188768
CHENAB,Khanki,12-Aug-22,194730,188768
CHENAB,Khanki,12-Aug-22,190445,184483
CHENAB,Khanki,12-Aug-22,190445,184483
CHENAB,Qadirabad,12-Aug-22,196027,177027
CHENAB,Qadirabad,12-Aug-22,196027,177027
CHENAB,Qadirabad,12-Aug-22,196027,177027
CHENAB,Qadirabad,12-Aug-22,208246,189246
CHENAB,Qadirabad,12-Aug-22,221149,202149
CHENAB,Qadirabad,12-Aug-22,221149,202149
CHENAB,Trimmu,12-Aug-22,58262,49462
CHENAB,Punjnad,12-Aug-22,46425,34175
RAVI,Jassar,12-Aug-22,-,20900
RAVI,Shahdara,12-Aug-22,-,18930
RAVI,Balloki,12-Aug-22,40225,15725
RAVI,Sidhnai,12-Aug-22,25590,11690
SUTLEJ,Bhakara**,12-Aug-22,-,-
SUTLEJ,Sulemanki,12-Aug-22,11156,1292
SUTLEJ,Islam,12-Aug-22,5382,4232
INDUS,Kalabagh,12-Aug-22,220434,213934
INDUS,Chashma,12-Aug-22,309359,291759
INDUS,Taunsa,12-Aug-22,182572,164956
INDUS,Guddu,12-Aug-22,179251,142987
INDUS,Sukkar,12-Aug-22,139130,101920
INDUS,Kotri,12-Aug-22,222335,204520
JHELUM,Kotli,12-Aug-22,-,6730
JHELUM,Mangla,12-Aug-22,36000,7915
JHELUM,Rasul,12-Aug-22,13475,-
CHENAB,Marala,12-Aug-22,113296,101196
CHENAB,Marala,12-Aug-22,113296,101196
CHENAB,Marala,12-Aug-22,124180,112080
CHENAB,Marala,12-Aug-22,124180,112080
CHENAB,Marala,12-Aug-22,118918,106818
CHENAB,Khanki,12-Aug-22,179651,173445
CHENAB,Khanki,12-Aug-22,179651,173445
CHENAB,Khanki,12-Aug-22,163861,157395
CHENAB,Khanki,12-Aug-22,146879,140413
CHENAB,Khanki,12-Aug-22,146879,140413
CHENAB,Qadirabad,12-Aug-22,221149,202149
CHENAB,Qadirabad,12-Aug-22,221149,202149
CHENAB,Qadirabad,12-Aug-22,212577,193577
CHENAB,Qadirabad,12-Aug-22,212577,193577
CHENAB,Qadirabad,12-Aug-22,212577,193577
CHENAB,Trimmu,12-Aug-22,61900,53100
CHENAB,Punjnad,12-Aug-22,46425,34175
RAVI,Jassar,12-Aug-22,-,30690
RAVI,Shahdara,12-Aug-22,-,18930
RAVI,Balloki,12-Aug-22,40525,15725
RAVI,Sidhnai,12-Aug-22,25590,11690
SUTLEJ,Bhakara**,12-Aug-22,64577,18569
SUTLEJ,Sulemanki,12-Aug-22,11156,1292
SUTLEJ,Islam,12-Aug-22,5382,4232
INDUS,Kalabagh,12-Aug-22,177628,171128
INDUS,Chashma,12-Aug-22,306389,288389
INDUS,Taunsa,12-Aug-22,193618,175119
INDUS,Guddu,12-Aug-22,179251,142987
INDUS,Sukkar,12-Aug-22,139130,101920
INDUS,Kotri,12-Aug-22,229430,210255
JHELUM,Kotli,12-Aug-22,-,5120
JHELUM,Mangla,12-Aug-22,38000,10415
JHELUM,Rasul,12-Aug-22,11725,Nil
CHENAB,Marala,12-Aug-22,118918,106818
CHENAB,Marala,12-Aug-22,113936,101736
CHENAB,Marala,12-Aug-22,109712,97512
CHENAB,Khanki,12-Aug-22,146879,140413
CHENAB,Khanki,12-Aug-22,113936,101736
CHENAB,Khanki,12-Aug-22,121837,115371
CHENAB,Khanki,12-Aug-22,107547,101081
CHENAB,Qadirabad,12-Aug-22,212577,193577
CHENAB,Qadirabad,12-Aug-22,212577,193577
CHENAB,Qadirabad,12-Aug-22,212577,193577
CHENAB,Qadirabad,12-Aug-22,167819,148899
CHENAB,Qadirabad,12-Aug-22,166009,147099
CHENAB,Trimmu,12-Aug-22,65035,56235
CHENAB,Punjnad,12-Aug-22,46825,34175
RAVI,Jassar,12-Aug-22,-,28660
RAVI,Shahdara,12-Aug-22,-,17800
RAVI,Balloki,12-Aug-22,41025,15725
RAVI,Sidhnai,12-Aug-22,25590,11690
SUTLEJ,Bhakara**,12-Aug-22,-,-
SUTLEJ,Sulemanki,12-Aug-22,12440,2274
SUTLEJ,Islam,12-Aug-22,3999,2849
INDUS,Kalabagh,12-Aug-22,163700,157200
INDUS,Chashma,12-Aug-22,296289,278289
INDUS,Taunsa,12-Aug-22,193618,175119
INDUS,Guddu,12-Aug-22,179251,142987
INDUS,Sukkar,12-Aug-22,139130,101920
INDUS,Kotri,12-Aug-22,229430,210255
JHELUM,Kotli,12-Aug-22,-,4370
JHELUM,Mangla,12-Aug-22,36000,8715
JHELUM,Rasul,12-Aug-22,10475,Nil
CHENAB,Marala,12-Aug-22,114476,102276
CHENAB,Khanki,12-Aug-22,107547,101081
CHENAB,Qadirabad,12-Aug-22,141618,122618
CHENAB,Trimmu,12-Aug-22,66551,57751
CHENAB,Punjnad,12-Aug-22,46825,34175
RAVI,Jassar,12-Aug-22,-,24940
RAVI,Shahdara,12-Aug-22,-,21191
RAVI,Balloki,12-Aug-22,41025,15725
RAVI,Sidhnai,12-Aug-22,25340,11690
SUTLEJ,Bhakara**,12-Aug-22,-,-
SUTLEJ,Sulemanki,12-Aug-22,12440,2274
SUTLEJ,Islam,12-Aug-22,3999,2849
INDUS,Kalabagh,13-Aug-22,186763,180263
INDUS,Chashma,13-Aug-22,253521,235521
INDUS,Taunsa,13-Aug-22,223918,203635
INDUS,Guddu,13-Aug-22,183619,149480
INDUS,Sukkar,13-Aug-22,131486,94236
INDUS,Kotri,13-Aug-22,229430,210705
JHELUM,Kotli,13-Aug-22,-,5640
JHELUM,Mangla,13-Aug-22,27000,10355
JHELUM,Rasul,13-Aug-22,9475,Nil
CHENAB,Marala,13-Aug-22,114476,102276
CHENAB,Khanki,13-Aug-22,98941,92475
CHENAB,Qadirabad,13-Aug-22,127927,108927
CHENAB,Trimmu,13-Aug-22,66551,57751
CHENAB,Punjnad,13-Aug-22,37423,26173
RAVI,Jassar,13-Aug-22,-,20900
RAVI,Shahdara,13-Aug-22,-,23452
RAVI,Balloki,13-Aug-22,41025,15725
RAVI,Sidhnai,13-Aug-22,26552,12902
SUTLEJ,Bhakara**,13-Aug-22,-,-
SUTLEJ,Sulemanki,13-Aug-22,14216,3901
SUTLEJ,Islam,13-Aug-22,3999,2849
INDUS,Kalabagh,13-Aug-22,208703,202203
INDUS,Chashma,13-Aug-22,237925,219925
INDUS,Taunsa,13-Aug-22,223918,203635
INDUS,Guddu,13-Aug-22,191763,161423
INDUS,Sukkar,13-Aug-22,131486,94236
INDUS,Kotri,13-Aug-22,231853,214628
JHELUM,Kotli,13-Aug-22,-,6180
JHELUM,Mangla,13-Aug-22,36000,8515
JHELUM,Rasul,13-Aug-22,7618,Nil
CHENAB,Marala,13-Aug-22,124430,112080
CHENAB,Khanki,13-Aug-22,96361,89793
CHENAB,Qadirabad,13-Aug-22,113484,94484
CHENAB,Trimmu,13-Aug-22,74162,65362
CHENAB,Punjnad,13-Aug-22,37423,26173
RAVI,Jassar,13-Aug-22,-,14636
RAVI,Shahdara,13-Aug-22,-,23452
RAVI,Balloki,13-Aug-22,41025,15725
RAVI,Sidhnai,13-Aug-22,24705,11055
SUTLEJ,Bhakara**,13-Aug-22,-,-
SUTLEJ,Sulemanki,13-Aug-22,14216,3901
SUTLEJ,Islam,13-Aug-22,3999,2849
INDUS,Kalabagh,13-Aug-22,196722,190222
INDUS,Chashma,13-Aug-22,242386,224386
INDUS,Taunsa,13-Aug-22,223918,203635
INDUS,Guddu,13-Aug-22,192709,161109
INDUS,Sukkar,13-Aug-22,131486,94236
INDUS,Kotri,13-Aug-22,232255,220180
JHELUM,Kotli,13-Aug-22,-,5640
JHELUM,Mangla,13-Aug-22,40000,11315
JHELUM,Rasul,13-Aug-22,5868,Nil
CHENAB,Marala,13-Aug-22,99586,82236
CHENAB,Khanki,13-Aug-22,102471,95875
CHENAB,Qadirabad,13-Aug-22,102159,83159
CHENAB,Trimmu,13-Aug-22,101800,93000
CHENAB,Punjnad,13-Aug-22,37473,26173
RAVI,Jassar,13-Aug-22,-,12571
RAVI,Shahdara,13-Aug-22,-,21191
RAVI,Balloki,13-Aug-22,42180,16880
RAVI,Sidhnai,13-Aug-22,24705,11055
SUTLEJ,Bhakara**,13-Aug-22,-,-
SUTLEJ,Sulemanki,13-Aug-22,14055,3496
SUTLEJ,Islam,13-Aug-22,2870,1720
INDUS,Kalabagh,13-Aug-22,196722,190222
INDUS,Chashma,13-Aug-22,276213,257813
INDUS,Taunsa,13-Aug-22,223918,203635
INDUS,Guddu,13-Aug-22,192709,161109
INDUS,Sukkar,13-Aug-22,131486,94236
INDUS,Kotri,13-Aug-22,232255,220180
JHELUM,Kotli,13-Aug-22,-,4850
JHELUM,Mangla,13-Aug-22,34000,12115
JHELUM,Rasul,13-Aug-22,6068,Nil
CHENAB,Marala,13-Aug-22,66433,48983
CHENAB,Khanki,13-Aug-22,102471,95857
CHENAB,Qadirabad,13-Aug-22,102159,83159
CHENAB,Trimmu,13-Aug-22,105930,97130
CHENAB,Punjnad,13-Aug-22,40249,32049
RAVI,Jassar,13-Aug-22,-,10709
RAVI,Shahdara,13-Aug-22,-,16576
RAVI,Balloki,13-Aug-22,42180,16880
RAVI,Sidhnai,13-Aug-22,23327,11577
SUTLEJ,Bhakara**,13-Aug-22,-,-
SUTLEJ,Sulemanki,13-Aug-22,14055,3496
SUTLEJ,Islam,13-Aug-22,2870,1720
INDUS,Kalabagh,14-Aug-22,187647,181147
INDUS,Chashma,14-Aug-22,266211,247811
INDUS,Taunsa,14-Aug-22,223918,203165
INDUS,Guddu,14-Aug-22,207774,201564
INDUS,Sukkar,14-Aug-22,140020,105770
INDUS,Kotri,14-Aug-22,232255,220180
JHELUM,Kotli,14-Aug-22,-,5640
JHELUM,Mangla,14-Aug-22,30000,9555
JHELUM,Rasul,14-Aug-22,6068,Nil
CHENAB,Marala,14-Aug-22,61080,43630
CHENAB,Khanki,14-Aug-22,77336,70722
CHENAB,Qadirabad,14-Aug-22,102159,83159
CHENAB,Trimmu,14-Aug-22,112540,103740
CHENAB,Punjnad,14-Aug-22,40249,32049
RAVI,Jassar,14-Aug-22,-,10709
RAVI,Shahdara,14-Aug-22,-,11648
RAVI,Balloki,14-Aug-22,43335,18035
RAVI,Sidhnai,14-Aug-22,23327,11577
SUTLEJ,Bhakara**,14-Aug-22,-,-
SUTLEJ,Sulemanki,14-Aug-22,13893,3684
SUTLEJ,Islam,14-Aug-22,2870,1720
INDUS,Kalabagh,14-Aug-22,187647,181147
INDUS,Chashma,14-Aug-22,257636,239236
INDUS,Taunsa,14-Aug-22,235813,218513
INDUS,Guddu,14-Aug-22,222001,218991
INDUS,Sukkar,14-Aug-22,148810,115010
INDUS,Kotri,14-Aug-22,227508,215083
JHELUM,Kotli,14-Aug-22,-,7010
JHELUM,Mangla,14-Aug-22,37000,9615
JHELUM,Rasul,14-Aug-22,6068,Nil
CHENAB,Marala,14-Aug-22,95578,78078
CHENAB,Khanki,14-Aug-22,75914,69346
CHENAB,Qadirabad,14-Aug-22,79962,60962
CHENAB,Trimmu,14-Aug-22,118830,110030
CHENAB,Punjnad,14-Aug-22,41249,32049
RAVI,Jassar,14-Aug-22,-,8846
RAVI,Shahdara,14-Aug-22,-,11648
RAVI,Balloki,14-Aug-22,43335,18035
RAVI,Sidhnai,14-Aug-22,23327,11577
SUTLEJ,Bhakara**,14-Aug-22,-,-
SUTLEJ,Sulemanki,14-Aug-22,13893,3684
SUTLEJ,Islam,14-Aug-22,2301,1231
INDUS,Kalabagh,14-Aug-22,197606,191106
INDUS,Chashma,14-Aug-22,250827,232427
INDUS,Taunsa,14-Aug-22,262367,245067
INDUS,Guddu,14-Aug-22,237009,233999
INDUS,Sukkar,14-Aug-22,152180,118880
INDUS,Kotri,14-Aug-22,226158,215083
JHELUM,Kotli,14-Aug-22,-,7290
JHELUM,Mangla,14-Aug-22,37000,8815
JHELUM,Rasul,14-Aug-22,6068,Nil
CHENAB,Marala,14-Aug-22,89860,72360
CHENAB,Khanki,14-Aug-22,71169,64601
CHENAB,Qadirabad,14-Aug-22,68829,49829
CHENAB,Trimmu,14-Aug-22,121691,112891
CHENAB,Punjnad,14-Aug-22,41249,32049
RAVI,Jassar,14-Aug-22,-,8846
RAVI,Shahdara,14-Aug-22,-,11230
RAVI,Balloki,14-Aug-22,43835,18035
RAVI,Sidhnai,14-Aug-22,23427,11570
SUTLEJ,Bhakara**,14-Aug-22,-,-
SUTLEJ,Sulemanki,14-Aug-22,13127,2616
SUTLEJ,Islam,14-Aug-22,1783,713
INDUS,Kalabagh,14-Aug-22,197606,191106
INDUS,Chashma,14-Aug-22,271082,252682
INDUS,Taunsa,14-Aug-22,417142,405842
INDUS,Guddu,14-Aug-22,237009,233999
INDUS,Sukkar,14-Aug-22,152180,118880
INDUS,Kotri,14-Aug-22,226158,215083
JHELUM,Kotli,14-Aug-22,-,6180
JHELUM,Mangla,14-Aug-22,34000,8915
JHELUM,Rasul,14-Aug-22,7068,Nil
CHENAB,Marala,14-Aug-22,95528,78078
CHENAB,Khanki,14-Aug-22,71123,64601
CHENAB,Qadirabad,14-Aug-22,64703,45703
CHENAB,Trimmu,14-Aug-22,121691,112891
CHENAB,Punjnad,14-Aug-22,41249,32049
RAVI,Jassar,14-Aug-22,-,7849
RAVI,Shahdara,14-Aug-22,-,7586
RAVI,Balloki,14-Aug-22,42205,16305
RAVI,Sidhnai,14-Aug-22,21174,9124
SUTLEJ,Bhakara**,14-Aug-22,-,-
SUTLEJ,Sulemanki,14-Aug-22,13127,2616
SUTLEJ,Islam,14-Aug-22,1783,713
INDUS,Kalabagh,15-Aug-22,196722,190222
INDUS,Chashma,15-Aug-22,256821,238421
INDUS,Taunsa,15-Aug-22,417142,405842
INDUS,Taunsa,15-Aug-22,417142,405842
INDUS,Taunsa,15-Aug-22,399740,39440
INDUS,Taunsa,15-Aug-22,399740,394440
INDUS,Taunsa,15-Aug-22,399740,394440
INDUS,Taunsa,15-Aug-22,399740,394440
INDUS,Taunsa,15-Aug-22,370427,365427
INDUS,Guddu,15-Aug-22,264169,261159
INDUS,Sukkar,15-Aug-22,192430,161710
INDUS,Kotri,15-Aug-22,223177,210102
JHELUM,Kotli,15-Aug-22,-,6730
JHELUM,Mangla,15-Aug-22,70000,10155
JHELUM,Rasul,15-Aug-22,7068,Nil
CHENAB,Marala,15-Aug-22,89810,72360
CHENAB,Khanki,15-Aug-22,75868,69346
CHENAB,Qadirabad,15-Aug-22,64703,45703
CHENAB,Trimmu,15-Aug-22,121691,122891
CHENAB,Punjnad,15-Aug-22,39712,30512
RAVI,Jassar,15-Aug-22,-,7849
RAVI,Shahdara,15-Aug-22,-,9240
RAVI,Balloki,15-Aug-22,35130,9230
RAVI,Sidhnai,15-Aug-22,21174,9124
SUTLEJ,Bhakara**,15-Aug-22,-,-
SUTLEJ,Sulemanki,15-Aug-22,13755,3244
SUTLEJ,Islam,15-Aug-22,1783,713
INDUS,Kalabagh,15-Aug-22,209587,203087
INDUS,Chashma,15-Aug-22,272778,254978
INDUS,Taunsa,15-Aug-22,370427,365427
INDUS,Guddu,15-Aug-22,264674,261159
INDUS,Sukkar,15-Aug-22,192430,161710
INDUS,Kotri,15-Aug-22,217068,203993
JHELUM,Kotli,15-Aug-22,-,10320
JHELUM,Mangla,15-Aug-22,40000,9415
JHELUM,Rasul,15-Aug-22,7368,-
CHENAB,Marala,15-Aug-22,172484,155034
CHENAB,Marala,15-Aug-22,172484,155034
CHENAB,Marala,15-Aug-22,195950,178500
CHENAB,Marala,15-Aug-22,186938,169488
CHENAB,Marala,15-Aug-22,186938,169488
CHENAB,Khanki,15-Aug-22,79770,73248
CHENAB,Qadirabad,15-Aug-22,79962,60962
CHENAB,Trimmu,15-Aug-22,118707,109807
CHENAB,Punjnad,15-Aug-22,39712,30512
RAVI,Jassar,15-Aug-22,-,8347
RAVI,Shahdara,15-Aug-22,-,9990
RAVI,Balloki,15-Aug-22,32920,6920
RAVI,Sidhnai,15-Aug-22,21174,9124
SUTLEJ,Bhakara**,15-Aug-22,52353,20355
SUTLEJ,Sulemanki,15-Aug-22,13755,3244
SUTLEJ,Islam,15-Aug-22,1783,713
INDUS,Kalabagh,15-Aug-22,196722,190222
INDUS,Chashma,15-Aug-22,294079,277593
INDUS,Taunsa,15-Aug-22,324004,319004
INDUS,Guddu,15-Aug-22,265057,261542
INDUS,Sukkar,15-Aug-22,225970,200200
INDUS,Kotri,15-Aug-22,212735,202710
JHELUM,Kotli,15-Aug-22,-,7290
JHELUM,Mangla,15-Aug-22,39000,8115
JHELUM,Rasul,15-Aug-22,10868,Nil
CHENAB,Marala,15-Aug-22,187024,174624
CHENAB,Marala,15-Aug-22,187024,174624
CHENAB,Marala,15-Aug-22,187024,174624
CHENAB,Marala,15-Aug-22,187024,174624
CHENAB,Marala,15-Aug-22,187024,174624
CHENAB,Marala,15-Aug-22,187024,174624
CHENAB,Khanki,15-Aug-22,79634,73248
CHENAB,Qadirabad,15-Aug-22,79962,60962
CHENAB,Trimmu,15-Aug-22,117965,109065
CHENAB,Punjnad,15-Aug-22,45187,35287
RAVI,Jassar,15-Aug-22,-,14636
RAVI,Shahdara,15-Aug-22,-,9990
RAVI,Balloki,15-Aug-22,32365,5765
RAVI,Sidhnai,15-Aug-22,21524,9124
SUTLEJ,Bhakara**,15-Aug-22,-,-
SUTLEJ,Sulemanki,15-Aug-22,14103,3244
SUTLEJ,Islam,15-Aug-22,1816,713
INDUS,Kalabagh,15-Aug-22,197206,191106
INDUS,Chashma,15-Aug-22,295553,278965
INDUS,Taunsa,15-Aug-22,324004,319004
INDUS,Guddu,15-Aug-22,265057,261542
INDUS,Sukkar,15-Aug-22,225970,200200
INDUS,Kotri,15-Aug-22,212735,202710
JHELUM,Kotli,15-Aug-22,-,5910
JHELUM,Mangla,15-Aug-22,40000,11915
JHELUM,Rasul,15-Aug-22,12368,Nil
CHENAB,Marala,15-Aug-22,187024,174624
CHENAB,Khanki,15-Aug-22,191427,185443
CHENAB,Qadirabad,15-Aug-22,143616,125616
CHENAB,Trimmu,15-Aug-22,114848,105948
CHENAB,Punjnad,15-Aug-22,44687,35287
RAVI,Jassar,15-Aug-22,-,27420
RAVI,Shahdara,15-Aug-22,-,8912
RAVI,Balloki,15-Aug-22,32265,5765
RAVI,Sidhnai,15-Aug-22,21374,9124
SUTLEJ,Bhakara**,15-Aug-22,-,-
SUTLEJ,Sulemanki,15-Aug-22,14103,3244
SUTLEJ,Islam,15-Aug-22,1543,713
INDUS,Kalabagh,16-Aug-22,235096,229396
INDUS,Kalabagh,16-Aug-22,272075,266375
INDUS,Kalabagh,16-Aug-22,272075,266375
INDUS,Chashma,16-Aug-22,277663,261075
INDUS,Taunsa,16-Aug-22,290894,290894
INDUS,Guddu,16-Aug-22,296439,292924
INDUS,Sukkar,16-Aug-22,250050,227650
INDUS,Kotri,16-Aug-22,212735,202710
JHELUM,Kotli,16-Aug-22,-,5120
JHELUM,Mangla,16-Aug-22,40000,10115
JHELUM,Rasul,16-Aug-22,12368,Nil
CHENAB,Marala,16-Aug-22,182680,170280
CHENAB,Marala,16-Aug-22,173290,160890
CHENAB,Marala,16-Aug-22,173290,160890
CHENAB,Marala,16-Aug-22,164824,152424
CHENAB,Marala,16-Aug-22,164824,152424
CHENAB,Marala,16-Aug-22,155932,143532
CHENAB,Marala,16-Aug-22,135106,122706
CHENAB,Marala,16-Aug-22,135106,122706
CHENAB,Marala,16-Aug-22,135106,122656
CHENAB,Khanki,16-Aug-22,160743,154759
CHENAB,Khanki,16-Aug-22,172256,166272
CHENAB,Khanki,16-Aug-22,173354,167370
CHENAB,Khanki,16-Aug-22,173354,167370
CHENAB,Khanki,16-Aug-22,173354,167370
CHENAB,Khanki,16-Aug-22,173354,167370
CHENAB,Khanki,16-Aug-22,173354,167370
CHENAB,Khanki,16-Aug-22,173354,167370
CHENAB,Khanki,16-Aug-22,173354,167370
CHENAB,Khanki,16-Aug-22,160347,154364
CHENAB,Khanki,16-Aug-22,160347,154363
CHENAB,Qadirabad,16-Aug-22,193027,177027
CHENAB,Qadirabad,16-Aug-22,193027,177020
CHENAB,Qadirabad,16-Aug-22,193027,177027
CHENAB,Qadirabad,16-Aug-22,188618,172618
CHENAB,Qadirabad,16-Aug-22,188618,172618
CHENAB,Qadirabad,16-Aug-22,182396,166396
CHENAB,Qadirabad,16-Aug-22,182396,166396
CHENAB,Qadirabad,16-Aug-22,182396,166396
CHENAB,Qadirabad,16-Aug-22,182396,166396
CHENAB,Qadirabad,16-Aug-22,182396,166396
CHENAB,Qadirabad,16-Aug-22,182396,166396
CHENAB,Trimmu,16-Aug-22,105697,96797
CHENAB,Punjnad,16-Aug-22,47211,37811
RAVI,Jassar,16-Aug-22,-,31480
RAVI,Jassar,16-Aug-22,-,34640
RAVI,Jassar,16-Aug-22,-,39120
RAVI,Jassar,16-Aug-22,-,45720
RAVI,Jassar,16-Aug-22,-,51000
RAVI,Shahdara,16-Aug-22,-,9240
RAVI,Balloki,16-Aug-22,32265,5765
RAVI,Sidhnai,16-Aug-22,21374,9124
SUTLEJ,Bhakara**,16-Aug-22,-,-
SUTLEJ,Sulemanki,16-Aug-22,13834,2922
SUTLEJ,Islam,16-Aug-22,1543,713
INDUS,Kalabagh,16-Aug-22,272075,266375
INDUS,Chashma,16-Aug-22,324599,307903
INDUS,Taunsa,16-Aug-22,290894,290894
INDUS,Guddu,16-Aug-22,312305,308790
INDUS,Sukkar,16-Aug-22,256240,240040
INDUS,Kotri,16-Aug-22,212135,202710
JHELUM,Kotli,16-Aug-22,-,5640
JHELUM,Mangla,16-Aug-22,41000,11215
JHELUM,Rasul,16-Aug-22,10618,-
CHENAB,Marala,16-Aug-22,135106,122656
CHENAB,Khanki,16-Aug-22,160347,154363
CHENAB,Khanki,16-Aug-22,137459,131475
CHENAB,Khanki,16-Aug-22,137459,131475
CHENAB,Khanki,16-Aug-22,123719,117735
CHENAB,Qadirabad,16-Aug-22,182396,166396
CHENAB,Qadirabad,16-Aug-22,182396,166396
CHENAB,Qadirabad,16-Aug-22,169418,153418
CHENAB,Qadirabad,16-Aug-22,169418,153418
CHENAB,Qadirabad,16-Aug-22,169418,153418
CHENAB,Qadirabad,16-Aug-22,169418,153418
CHENAB,Trimmu,16-Aug-22,97852,88952
CHENAB,Punjnad,16-Aug-22,53899,44499
RAVI,Jassar,16-Aug-22,-,51000
RAVI,Jassar,16-Aug-22,-,52272
RAVI,Jassar,16-Aug-22,-,58632
RAVI,Jassar,16-Aug-22,-,63720
RAVI,Jassar,16-Aug-22,-,63720
RAVI,Jassar,16-Aug-22,-,61176
RAVI,Shahdara,16-Aug-22,-,17800
RAVI,Balloki,16-Aug-22,32265,5765
RAVI,Sidhnai,16-Aug-22,21547,8797
SUTLEJ,Bhakara**,16-Aug-22,62702,18567
SUTLEJ,Sulemanki,16-Aug-22,13834,2922
SUTLEJ,Islam,16-Aug-22,1696,713
INDUS,Kalabagh,16-Aug-22,260843,255143
INDUS,Chashma,16-Aug-22,355118,340472
INDUS,Taunsa,16-Aug-22,286974,286974
INDUS,Guddu,16-Aug-22,326535,321765
INDUS,Sukkar,16-Aug-22,275075,258875
INDUS,Kotri,16-Aug-22,204050,196325
JHELUM,Kotli,16-Aug-22,-,5120
JHELUM,Mangla,16-Aug-22,45000,14515
JHELUM,Rasul,16-Aug-22,8118,Nil
CHENAB,Marala,16-Aug-22,123450,111000
CHENAB,Khanki,16-Aug-22,123209,117225
CHENAB,Qadirabad,16-Aug-22,169418,153418
CHENAB,Qadirabad,16-Aug-22,169418,153418
CHENAB,Qadirabad,16-Aug-22,141616,125616
CHENAB,Trimmu,16-Aug-22,89684,79907
CHENAB,Punjnad,16-Aug-22,58919,49719
RAVI,Jassar,16-Aug-22,-,61176
RAVI,Jassar,16-Aug-22,-,61176
RAVI,Jassar,16-Aug-22,-,61176
RAVI,Jassar,16-Aug-22,-,61175
RAVI,Jassar,16-Aug-22,-,58632
RAVI,Shahdara,16-Aug-22,-,25407
RAVI,Balloki,16-Aug-22,32265,5765
RAVI,Sidhnai,16-Aug-22,21547,8797
SUTLEJ,Bhakara**,16-Aug-22,-,-
SUTLEJ,Sulemanki,16-Aug-22,14280,2922
SUTLEJ,Islam,16-Aug-22,1696,713
INDUS,Kalabagh,16-Aug-22,258933,253233
INDUS,Chashma,16-Aug-22,365433,351033
INDUS,Taunsa,16-Aug-22,262130,262130
INDUS,Guddu,16-Aug-22,326535,321765
INDUS,Sukkar,16-Aug-22,275075,258875
INDUS,Kotri,16-Aug-22,204050,196325
JHELUM,Kotli,16-Aug-22,-,5380
JHELUM,Mangla,16-Aug-22,30000,10055
JHELUM,Rasul,16-Aug-22,6618,Nil
CHENAB,Marala,16-Aug-22,115748,103248
CHENAB,Khanki,16-Aug-22,109102,103118
CHENAB,Qadirabad,16-Aug-22,141616,125616
CHENAB,Trimmu,16-Aug-22,82889,71984
CHENAB,Punjnad,16-Aug-22,58819,49719
RAVI,Jassar,16-Aug-22,-,58632
RAVI,Shahdara,16-Aug-22,-,28666
RAVI,Balloki,16-Aug-22,32265,5765
RAVI,Sidhnai,16-Aug-22,21547,8797
SUTLEJ,Bhakara**,16-Aug-22,-,-
SUTLEJ,Sulemanki,16-Aug-22,14280,2922
SUTLEJ,Islam,16-Aug-22,1696,713
INDUS,Kalabagh,17-Aug-22,259888,254188
INDUS,Chashma,17-Aug-22,362771,348371
INDUS,Taunsa,17-Aug-22,269215,269215
INDUS,Guddu,17-Aug-22,347680,343415
INDUS,Sukkar,17-Aug-22,279722,276222
INDUS,Kotri,17-Aug-22,199375,196325
JHELUM,Kotli,17-Aug-22,-,6180
JHELUM,Mangla,17-Aug-22,34000,9615
JHELUM,Rasul,17-Aug-22,6368,Nil
CHENAB,Marala,17-Aug-22,105524,93024
CHENAB,Khanki,17-Aug-22,104594,98610
CHENAB,Qadirabad,17-Aug-22,124927,108927
CHENAB,Trimmu,17-Aug-22,83884,71984
CHENAB,Punjnad,17-Aug-22,64962,55862
RAVI,Jassar,17-Aug-22,-,56088
RAVI,Jassar,17-Aug-22,-,56088
RAVI,Jassar,17-Aug-22,-,52272
RAVI,Jassar,17-Aug-22,-,52272
RAVI,Jassar,17-Aug-22,-,52272
RAVI,Jassar,17-Aug-22,-,48360
RAVI,Shahdara,17-Aug-22,-,29317
RAVI,Balloki,17-Aug-22,36805,10305
RAVI,Sidhnai,17-Aug-22,21547,8797
SUTLEJ,Bhakara**,17-Aug-22,-,-
SUTLEJ,Sulemanki,17-Aug-22,15175,4510
SUTLEJ,Islam,17-Aug-22,1696,713
INDUS,Kalabagh,17-Aug-22,259888,254188
INDUS,Chashma,17-Aug-22,339861,326461
INDUS,Taunsa,17-Aug-22,296494,296494
INDUS,Guddu,17-Aug-22,354084,352074
INDUS,Sukkar,17-Aug-22,279722,276222
INDUS,Kotri,17-Aug-22,196325,196325
JHELUM,Kotli,17-Aug-22,-,9070
JHELUM,Mangla,17-Aug-22,44000,13815
JHELUM,Rasul,17-Aug-22,6468,-
CHENAB,Marala,17-Aug-22,103409,90859
CHENAB,Khanki,17-Aug-22,105940,99956
CHENAB,Qadirabad,17-Aug-22,112501,96501
CHENAB,Trimmu,17-Aug-22,96296,84396
CHENAB,Punjnad,17-Aug-22,70949,61849
RAVI,Jassar,17-Aug-22,-,45720
RAVI,Shahdara,17-Aug-22,-,29317
RAVI,Balloki,17-Aug-22,42700,15700
RAVI,Sidhnai,17-Aug-22,20251,7501
SUTLEJ,Bhakara**,17-Aug-22,67100,19322
SUTLEJ,Sulemanki,17-Aug-22,15175,4510
SUTLEJ,Islam,17-Aug-22,2214,1231
INDUS,Kalabagh,17-Aug-22,260843,255143
INDUS,Chashma,17-Aug-22,326539,310416
INDUS,Taunsa,17-Aug-22,369740,369740
INDUS,Taunsa,17-Aug-22,394864,394864
INDUS,Taunsa,17-Aug-22,394864,394864
INDUS,Taunsa,17-Aug-22,423637,423637
INDUS,Guddu,17-Aug-22,354157,354157
INDUS,Sukkar,17-Aug-22,303040,299540
INDUS,Kotri,17-Aug-22,179383,178383
JHELUM,Kotli,17-Aug-22,-,8170
JHELUM,Mangla,17-Aug-22,41000,8015
JHELUM,Rasul,17-Aug-22,6618,Nil
CHENAB,Marala,17-Aug-22,99760,87210
CHENAB,Khanki,17-Aug-22,106502,99956
CHENAB,Qadirabad,17-Aug-22,107789,91789
CHENAB,Trimmu,17-Aug-22,107039,95139
CHENAB,Punjnad,17-Aug-22,73633,66733
RAVI,Jassar,17-Aug-22,-,30690
RAVI,Shahdara,17-Aug-22,-,28014
RAVI,Balloki,17-Aug-22,43055,16555
RAVI,Sidhnai,17-Aug-22,19028,7828
SUTLEJ,Bhakara**,17-Aug-22,-,-
SUTLEJ,Sulemanki,17-Aug-22,14917,5451
SUTLEJ,Islam,17-Aug-22,2214,1231
INDUS,Kalabagh,17-Aug-22,260193,255143
INDUS,Chashma,17-Aug-22,345777,330777
INDUS,Taunsa,17-Aug-22,423637,423637
INDUS,Guddu,17-Aug-22,354157,354157
INDUS,Sukkar,17-Aug-22,303040,299540
INDUS,Kotri,17-Aug-22,179383,178383
JHELUM,Kotli,17-Aug-22,-,7580
JHELUM,Mangla,17-Aug-22,35000,11055
JHELUM,Rasul,17-Aug-22,6218,Nil
CHENAB,Marala,17-Aug-22,99760,87210
CHENAB,Khanki,17-Aug-22,98071,91525
CHENAB,Qadirabad,17-Aug-22,99159,83159
CHENAB,Trimmu,17-Aug-22,111979,100279
CHENAB,Punjnad,17-Aug-22,77442,70542
RAVI,Jassar,17-Aug-22,-,26180
RAVI,Shahdara,17-Aug-22,-,26711
RAVI,Balloki,17-Aug-22,44265,18865
RAVI,Sidhnai,17-Aug-22,17955,11055
SUTLEJ,Bhakara**,17-Aug-22,-,-
SUTLEJ,Sulemanki,17-Aug-22,14917,5451
SUTLEJ,Islam,17-Aug-22,2214,1231
INDUS,Kalabagh,18-Aug-22,271375,266375
INDUS,Chashma,18-Aug-22,382629,367629
INDUS,Taunsa,18-Aug-22,423637,423637
INDUS,Taunsa,18-Aug-22,423637,423637
INDUS,Taunsa,18-Aug-22,423637,423637
INDUS,Taunsa,18-Aug-22,423637,423637
INDUS,Taunsa,18-Aug-22,438534,438534
INDUS,Taunsa,18-Aug-22,438534,438534
INDUS,Taunsa,18-Aug-22,497103,497103
INDUS,Taunsa,18-Aug-22,504999,504999
INDUS,Taunsa,18-Aug-22,504999,504999
INDUS,Taunsa,18-Aug-22,504999,504999
INDUS,Guddu,18-Aug-22,329762,329762
INDUS,Sukkar,18-Aug-22,325544,322044
INDUS,Kotri,18-Aug-22,176806,176806
JHELUM,Kotli,18-Aug-22,-,6730
JHELUM,Mangla,18-Aug-22,35000,8715
JHELUM,Rasul,18-Aug-22,5968,Nil
CHENAB,Marala,18-Aug-22,94366,81816
CHENAB,Khanki,18-Aug-22,93634,87088
CHENAB,Qadirabad,18-Aug-22,99159,83159
CHENAB,Trimmu,18-Aug-22,116224,107900
CHENAB,Punjnad,18-Aug-22,93846,86946
RAVI,Jassar,18-Aug-22,-,23000
RAVI,Shahdara,18-Aug-22,-,19496
RAVI,Balloki,18-Aug-22,50735,24835
RAVI,Sidhnai,18-Aug-22,17955,11055
SUTLEJ,Bhakara**,18-Aug-22,-,-
SUTLEJ,Sulemanki,18-Aug-22,14710,6802
SUTLEJ,Islam,18-Aug-22,2114,1231
INDUS,Kalabagh,18-Aug-22,283506,278506
INDUS,Chashma,18-Aug-22,396526,381526
INDUS,Chashma,18-Aug-22,398071,383071
INDUS,Taunsa,18-Aug-22,510308,510308
INDUS,Taunsa,18-Aug-22,510308,510308
INDUS,Taunsa,18-Aug-22,579966,579966
INDUS,Taunsa,18-Aug-22,579966,579966
INDUS,Taunsa,18-Aug-22,579966,579966
INDUS,Taunsa,18-Aug-22,557847,557847
INDUS,Guddu,18-Aug-22,336726,336726
INDUS,Sukkar,18-Aug-22,327040,327040
INDUS,Kotri,18-Aug-22,176806,176806
JHELUM,Kotli,18-Aug-22,-,6180
JHELUM,Mangla,18-Aug-22,39000,9515
JHELUM,Rasul,18-Aug-22,5968,NIL
CHENAB,Marala,18-Aug-22,80002,67452
CHENAB,Khanki,18-Aug-22,88571,81934
CHENAB,Qadirabad,18-Aug-22,89883,73883
CHENAB,Trimmu,18-Aug-22,121039,113339
CHENAB,Punjnad,18-Aug-22,93346,86946
RAVI,Jassar,18-Aug-22,-,15048
RAVI,Shahdara,18-Aug-22,-,16576
RAVI,Balloki,18-Aug-22,51540,25640
RAVI,Sidhnai,18-Aug-22,17955,11055
SUTLEJ,Bhakara**,18-Aug-22,61201,19667
SUTLEJ,Sulemanki,18-Aug-22,14710,6802
SUTLEJ,Islam,18-Aug-22,2231,1231
INDUS,Kalabagh,18-Aug-22,271375,266375
INDUS,Chashma,18-Aug-22,385094,370094
INDUS,Taunsa,18-Aug-22,557847,557847
INDUS,Taunsa,18-Aug-22,557847,557847
INDUS,Taunsa,18-Aug-22,535728,535728
INDUS,Taunsa,18-Aug-22,512259,512259
INDUS,Taunsa,18-Aug-22,512259,512259
INDUS,Taunsa,18-Aug-22,494834,494834
INDUS,Guddu,18-Aug-22,342233,342233
INDUS,Sukkar,18-Aug-22,327040,327040
INDUS,Kotri,18-Aug-22,191935,191935
JHELUM,Kotli,18-Aug-22,-,5640
JHELUM,Mangla,18-Aug-22,44000,13415
JHELUM,Rasul,18-Aug-22,6268,Nil
CHENAB,Marala,18-Aug-22,85846,68296
CHENAB,Khanki,18-Aug-22,79884,73143
CHENAB,Qadirabad,18-Aug-22,85421,69421
CHENAB,Trimmu,18-Aug-22,129815,122115
CHENAB,Punjnad,18-Aug-22,96833,90432
RAVI,Jassar,18-Aug-22,-,12984
RAVI,Shahdara,18-Aug-22,-,14129
RAVI,Balloki,18-Aug-22,55245,29345
RAVI,Sidhnai,18-Aug-22,17259,9759
SUTLEJ,Bhakara**,18-Aug-22,-,-
SUTLEJ,Sulemanki,18-Aug-22,15601,6591
SUTLEJ,Islam,18-Aug-22,2231,1231
INDUS,Kalabagh,18-Aug-22,279187,274687
INDUS,Chashma,18-Aug-22,390904,375904
INDUS,Taunsa,18-Aug-22,494834,494834
INDUS,Guddu,18-Aug-22,342233,342233
INDUS,Sukkar,18-Aug-22,327040,327040
INDUS,Kotri,18-Aug-22,191935,191935
JHELUM,Kotli,18-Aug-22,-,5380
JHELUM,Mangla,18-Aug-22,36000,7115
JHELUM,Rasul,18-Aug-22,6418,Nil
CHENAB,Marala,18-Aug-22,77239,59689
CHENAB,Khanki,18-Aug-22,74400,67624
CHENAB,Qadirabad,18-Aug-22,81877,65877
CHENAB,Trimmu,18-Aug-22,129815,122115
CHENAB,Punjnad,18-Aug-22,96833,90432
RAVI,Jassar,18-Aug-22,-,11081
RAVI,Shahdara,18-Aug-22,-,13721
RAVI,Balloki,18-Aug-22,53077,27177
RAVI,Sidhnai,18-Aug-22,16110,6610
SUTLEJ,Bhakara**,18-Aug-22,-,-
SUTLEJ,Sulemanki,18-Aug-22,15601,6591
SUTLEJ,Islam,18-Aug-22,2231,1231
INDUS,Kalabagh,19-Aug-22,281096,276596
INDUS,Chashma,19-Aug-22,387719,372719
INDUS,Taunsa,19-Aug-22,494834,494834
INDUS,Taunsa,19-Aug-22,494834,494834
INDUS,Taunsa,19-Aug-22,494834,494834
INDUS,Taunsa,19-Aug-22,494834,494834
INDUS,Taunsa,19-Aug-22,461402,461402
INDUS,Taunsa,19-Aug-22,461402,461402
INDUS,Taunsa,19-Aug-22,461402,461402
INDUS,Taunsa,19-Aug-22,461402,461402
INDUS,Taunsa,19-Aug-22,441570,441570
INDUS,Taunsa,19-Aug-22,441570,441570
INDUS,Taunsa,19-Aug-22,441570,441570
INDUS,Guddu,19-Aug-22,345692,345692
INDUS,Sukkar,19-Aug-22,344040,344040
INDUS,Kotri,19-Aug-22,198813,198813
JHELUM,Kotli,19-Aug-22,-,5640
JHELUM,Mangla,19-Aug-22,28000,7115
JHELUM,Rasul,19-Aug-22,6418,Nil
CHENAB,Marala,19-Aug-22,71886,54336
CHENAB,Khanki,19-Aug-22,65388,58612
CHENAB,Qadirabad,19-Aug-22,75715,59715
CHENAB,Trimmu,19-Aug-22,129815,122115
CHENAB,Punjnad,19-Aug-22,96332,90432
RAVI,Jassar,19-Aug-22,-,11081
RAVI,Shahdara,19-Aug-22,-,11230
RAVI,Balloki,19-Aug-22,48602,22702
RAVI,Sidhnai,19-Aug-22,14788,5288
SUTLEJ,Bhakara**,19-Aug-22,-,-
SUTLEJ,Sulemanki,19-Aug-22,16733,6826
SUTLEJ,Islam,19-Aug-22,2720,1720
INDUS,Kalabagh,19-Aug-22,281096,276596
INDUS,Chashma,19-Aug-22,381336,366336
INDUS,Taunsa,19-Aug-22,441570,441570
INDUS,Taunsa,19-Aug-22,441570,441570
INDUS,Taunsa,19-Aug-22,441570,441570
INDUS,Taunsa,19-Aug-22,441570,441570
INDUS,Taunsa,19-Aug-22,441570,441570
INDUS,Taunsa,19-Aug-22,435078,435078
INDUS,Guddu,19-Aug-22,353920,353920
INDUS,Sukkar,19-Aug-22,344040,344040
INDUS,Kotri,19-Aug-22,215674,215674
JHELUM,Kotli,19-Aug-22,-,5643
JHELUM,Mangla,19-Aug-22,40000,9515
JHELUM,Rasul,19-Aug-22,3418,-
CHENAB,Marala,19-Aug-22,61180,43630
CHENAB,Khanki,19-Aug-22,70365,63589
CHENAB,Qadirabad,19-Aug-22,67031,51031
CHENAB,Trimmu,19-Aug-22,126318,118618
CHENAB,Punjnad,19-Aug-22,95932,90432
RAVI,Jassar,19-Aug-22,-,9964
RAVI,Shahdara,19-Aug-22,-,11230
RAVI,Balloki,19-Aug-22,46490,20390
RAVI,Sidhnai,19-Aug-22,16449,5949
SUTLEJ,Bhakara**,19-Aug-22,55770,20651
SUTLEJ,Sulemanki,19-Aug-22,16733,6826
SUTLEJ,Islam,19-Aug-22,3849,2849
INDUS,Kalabagh,19-Aug-22,269918,265418
INDUS,Chashma,19-Aug-22,396369,381369
INDUS,Taunsa,19-Aug-22,435078,435078
INDUS,Taunsa,19-Aug-22,435078,435078
INDUS,Taunsa,19-Aug-22,435078,435078
INDUS,Taunsa,19-Aug-22,435078,435078
INDUS,Taunsa,19-Aug-22,435078,435078
INDUS,Taunsa,19-Aug-22,494834,494834
INDUS,Guddu,19-Aug-22,358432,358432
INDUS,Sukkar,19-Aug-22,344040,344040
INDUS,Kotri,19-Aug-22,215674,215674
JHELUM,Kotli,19-Aug-22,-,5380
JHELUM,Mangla,19-Aug-22,38000,8715
JHELUM,Rasul,19-Aug-22,3568,Nil
CHENAB,Marala,19-Aug-22,97270,77376
CHENAB,Khanki,19-Aug-22,65422,58612
CHENAB,Qadirabad,19-Aug-22,67031,51031
CHENAB,Trimmu,19-Aug-22,126004,118304
CHENAB,Punjnad,19-Aug-22,95932,90432
RAVI,Jassar,19-Aug-22,-,10336
RAVI,Shahdara,19-Aug-22,-,9990
RAVI,Balloki,19-Aug-22,41270,14670
RAVI,Sidhnai,19-Aug-22,16638,5288
SUTLEJ,Bhakara**,19-Aug-22,-,-
SUTLEJ,Sulemanki,19-Aug-22,15802,5395
SUTLEJ,Islam,19-Aug-22,3849,2849
INDUS,Kalabagh,19-Aug-22,269918,265418
INDUS,Chashma,19-Aug-22,375426,359614
INDUS,Taunsa,19-Aug-22,435078,435078
INDUS,Guddu,19-Aug-22,358432,358432
INDUS,Sukkar,19-Aug-22,344040,344040
INDUS,Kotri,19-Aug-22,215674,215674
JHELUM,Kotli,19-Aug-22,-,5120
JHELUM,Mangla,19-Aug-22,29000,10715
JHELUM,Rasul,19-Aug-22,3568,Nil
CHENAB,Marala,19-Aug-22,86383,66330
CHENAB,Khanki,19-Aug-22,53538,6810
CHENAB,Qadirabad,19-Aug-22,62331,46331
CHENAB,Trimmu,19-Aug-22,126004,118304
CHENAB,Punjnad,19-Aug-22,95932,90432
RAVI,Jassar,19-Aug-22,-,10709
RAVI,Shahdara,19-Aug-22,-,7586
RAVI,Balloki,19-Aug-22,36585,9985
RAVI,Sidhnai,19-Aug-22,18060,6610
SUTLEJ,Bhakara**,19-Aug-22,-,-
SUTLEJ,Sulemanki,19-Aug-22,15802,5395
SUTLEJ,Islam,19-Aug-22,3949,2844
INDUS,Kalabagh,20-Aug-22,258688,254188
INDUS,Chashma,20-Aug-22,375020,359208
INDUS,Taunsa,20-Aug-22,435078,435078
INDUS,Taunsa,20-Aug-22,435078,435078
INDUS,Taunsa,20-Aug-22,435078,435078
INDUS,Taunsa,20-Aug-22,435078,435078
INDUS,Taunsa,20-Aug-22,435078,435078
INDUS,Taunsa,20-Aug-22,435078,435078
INDUS,Taunsa,20-Aug-22,435078,435078
INDUS,Taunsa,20-Aug-22,437672,437672
INDUS,Taunsa,20-Aug-22,437672,437672
INDUS,Taunsa,20-Aug-22,437672,437672
INDUS,Taunsa,20-Aug-22,437672,437672
INDUS,Guddu,20-Aug-22,361761,361761
INDUS,Sukkar,20-Aug-22,351102,351102
INDUS,Kotri,20-Aug-22,219327,219327
JHELUM,Kotli,20-Aug-22,-,5640
JHELUM,Mangla,20-Aug-22,26000,10355
JHELUM,Rasul,20-Aug-22,6568,Nil
CHENAB,Marala,20-Aug-22,76146,54336
CHENAB,Khanki,20-Aug-22,65422,58612
CHENAB,Qadirabad,20-Aug-22,53382,37382
CHENAB,Trimmu,20-Aug-22,120619,112919
CHENAB,Punjnad,20-Aug-22,95932,90432
RAVI,Jassar,20-Aug-22,-,10709
RAVI,Shahdara,20-Aug-22,-,9990
RAVI,Balloki,20-Aug-22,34880,8280
RAVI,Sidhnai,20-Aug-22,19913,8463
SUTLEJ,Bhakara**,20-Aug-22,-,-
SUTLEJ,Sulemanki,20-Aug-22,17763,7300
SUTLEJ,Islam,20-Aug-22,3949,2849
INDUS,Kalabagh,20-Aug-22,258688,254188
INDUS,Chashma,20-Aug-22,337347,321433
INDUS,Taunsa,20-Aug-22,437672,437672
INDUS,Taunsa,20-Aug-22,493694,493694
INDUS,Taunsa,20-Aug-22,493694,493694
INDUS,Taunsa,20-Aug-22,510111,510111
INDUS,Taunsa,20-Aug-22,510111,510111
INDUS,Taunsa,20-Aug-22,517704,517704
INDUS,Guddu,20-Aug-22,367974,367974
INDUS,Sukkar,20-Aug-22,351102,351102
INDUS,Kotri,20-Aug-22,226287,226287
JHELUM,Kotli,20-Aug-22,-,4870
JHELUM,Mangla,20-Aug-22,39000,10115
JHELUM,Rasul,20-Aug-22,6568,Nil
CHENAB,Marala,20-Aug-22,106163,83118
CHENAB,Khanki,20-Aug-22,65422,58612
CHENAB,Qadirabad,20-Aug-22,56314,40314
CHENAB,Trimmu,20-Aug-22,109522,100822
CHENAB,Punjnad,20-Aug-22,90508,84508
RAVI,Jassar,20-Aug-22,-,12571
RAVI,Shahdara,20-Aug-22,-,9990
RAVI,Balloki,20-Aug-22,33472,6872
RAVI,Sidhnai,20-Aug-22,19913,8463
SUTLEJ,Bhakara**,20-Aug-22,59129,20800
SUTLEJ,Sulemanki,20-Aug-22,17763,7300
SUTLEJ,Islam,20-Aug-22,3949,2849
INDUS,Kalabagh,20-Aug-22,257733,253233
INDUS,Chashma,20-Aug-22,342973,327973
INDUS,Taunsa,20-Aug-22,517704,517704
INDUS,Taunsa,20-Aug-22,517704,517704
INDUS,Taunsa,20-Aug-22,517704,517704
INDUS,Taunsa,20-Aug-22,517704,517704
INDUS,Taunsa,20-Aug-22,517704,517704
INDUS,Taunsa,20-Aug-22,517704,517704
INDUS,Guddu,20-Aug-22,374834,374834
INDUS,Sukkar,20-Aug-22,351102,351102
INDUS,Kotri,20-Aug-22,226287,226287
JHELUM,Kotli,20-Aug-22,-,4620
JHELUM,Mangla,20-Aug-22,20000,11915
JHELUM,Rasul,20-Aug-22,6568,Nil
CHENAB,Marala,20-Aug-22,96256,71927
CHENAB,Khanki,20-Aug-22,65434,58612
CHENAB,Qadirabad,20-Aug-22,67031,51031
CHENAB,Trimmu,20-Aug-22,104921,95825
CHENAB,Punjnad,20-Aug-22,83952,77952
RAVI,Jassar,20-Aug-22,-,16700
RAVI,Shahdara,20-Aug-22,-,9990
RAVI,Balloki,20-Aug-22,31765,4565
RAVI,Sidhnai,20-Aug-22,20413,8463
SUTLEJ,Bhakara**,20-Aug-22,-,-
SUTLEJ,Sulemanki,20-Aug-22,16311,5142
SUTLEJ,Islam,20-Aug-22,3949,2849
INDUS,Kalabagh,20-Aug-22,259643,255143
INDUS,Chashma,20-Aug-22,325255,308830
INDUS,Taunsa,20-Aug-22,517704,517704
INDUS,Guddu,20-Aug-22,374834,374834
INDUS,Sukkar,20-Aug-22,351102,351102
INDUS,Kotri,20-Aug-22,226287,226287
JHELUM,Kotli,20-Aug-22,-,4620
JHELUM,Mangla,20-Aug-22,23000,8815
JHELUM,Rasul,20-Aug-22,6568,-
CHENAB,Marala,20-Aug-22,96256,71656
CHENAB,Khanki,20-Aug-22,70762,63940
CHENAB,Qadirabad,20-Aug-22,67031,51031
CHENAB,Trimmu,20-Aug-22,96926,86333
CHENAB,Punjnad,20-Aug-22,83952,77952
RAVI,Jassar,20-Aug-22,-,17400
RAVI,Shahdara,20-Aug-22,-,14537
RAVI,Balloki,20-Aug-22,31765,4565
RAVI,Sidhnai,20-Aug-22,22640,11690
SUTLEJ,Bhakara**,20-Aug-22,-,-
SUTLEJ,Sulemanki,20-Aug-22,16311,5142
SUTLEJ,Islam,20-Aug-22,3899,2849
INDUS,Kalabagh,21-Aug-22,263256,258756
INDUS,Chashma,21-Aug-22,318152,300152
INDUS,Taunsa,21-Aug-22,510111,510111
INDUS,Taunsa,21-Aug-22,510111,510111
INDUS,Taunsa,21-Aug-22,510111,510111
INDUS,Taunsa,21-Aug-22,510111,510111
INDUS,Taunsa,21-Aug-22,510111,510111
INDUS,Taunsa,21-Aug-22,490488,490488
INDUS,Taunsa,21-Aug-22,490488,490488
INDUS,Taunsa,21-Aug-22,490488,490488
INDUS,Guddu,21-Aug-22,403389,403389
INDUS,Sukkar,21-Aug-22,369233,369233
INDUS,Kotri,21-Aug-22,234044,234044
JHELUM,Kotli,21-Aug-22,-,5120
JHELUM,Mangla,21-Aug-22,48000,8215
JHELUM,Rasul,21-Aug-22,6568,-
CHENAB,Marala,21-Aug-22,111450,86850
CHENAB,Khanki,21-Aug-22,76336,69514
CHENAB,Qadirabad,21-Aug-22,67031,51031
CHENAB,Trimmu,21-Aug-22,88012,77212
CHENAB,Punjnad,21-Aug-22,83952,77952
RAVI,Jassar,21-Aug-22,-,17400
RAVI,Shahdara,21-Aug-22,-,15761
RAVI,Balloki,21-Aug-22,31765,4565
RAVI,Sidhnai,21-Aug-22,24458,13508
SUTLEJ,Bhakara**,21-Aug-22,-,-
SUTLEJ,Sulemanki,21-Aug-22,18715,7300
SUTLEJ,Islam,21-Aug-22,3899,2849
INDUS,Kalabagh,21-Aug-22,258688,254188
INDUS,Chashma,21-Aug-22,304831,286831
INDUS,Taunsa,21-Aug-22,490488,490488
INDUS,Taunsa,21-Aug-22,490488,490488
INDUS,Taunsa,21-Aug-22,543353,543353
INDUS,Guddu,21-Aug-22,412105,412105
INDUS,Sukkar,21-Aug-22,378191,378198
INDUS,Kotri,21-Aug-22,235350,235350
JHELUM,Kotli,21-Aug-22,-,4870
JHELUM,Mangla,21-Aug-22,46000,8915
JHELUM,Rasul,21-Aug-22,6568,Nil
CHENAB,Marala,21-Aug-22,91260,66660
CHENAB,Khanki,21-Aug-22,91556,84605
CHENAB,Qadirabad,21-Aug-22,75574,59574
CHENAB,Trimmu,21-Aug-22,85113,74313
CHENAB,Punjnad,21-Aug-22,90883,84883
RAVI,Jassar,21-Aug-22,-,22300
RAVI,Shahdara,21-Aug-22,-,15761
RAVI,Balloki,21-Aug-22,31765,4565
RAVI,Sidhnai,21-Aug-22,24458,13508
SUTLEJ,Bhakara**,21-Aug-22,60000,20840
SUTLEJ,Sulemanki,21-Aug-22,18715,7300
SUTLEJ,Islam,21-Aug-22,3899,2849
INDUS,Kalabagh,21-Aug-22,258688,254188
INDUS,Chashma,21-Aug-22,317334,299334
INDUS,Taunsa,21-Aug-22,543353,543353
INDUS,Taunsa,21-Aug-22,543353,543353
INDUS,Taunsa,21-Aug-22,550518,550518
INDUS,Guddu,21-Aug-22,453954,453954
INDUS,Sukkar,21-Aug-22,400150,400150
INDUS,Kotri,21-Aug-22,235350,235350
JHELUM,Kotli,21-Aug-22,-,4370
JHELUM,Mangla,21-Aug-22,30000,9315
JHELUM,Rasul,21-Aug-22,6568,Nil
CHENAB,Marala,21-Aug-22,91260,66660
CHENAB,Khanki,21-Aug-22,91556,84605
CHENAB,Qadirabad,21-Aug-22,89892,73892
CHENAB,Trimmu,21-Aug-22,83724,72924
CHENAB,Punjnad,21-Aug-22,96774,90774
RAVI,Jassar,21-Aug-22,-,23700
RAVI,Shahdara,21-Aug-22,-,21756
RAVI,Balloki,21-Aug-22,32820,5420
RAVI,Sidhnai,21-Aug-22,24458,13508
SUTLEJ,Bhakara**,21-Aug-22,60000,20840
SUTLEJ,Sulemanki,21-Aug-22,16557,5142
SUTLEJ,Islam,21-Aug-22,3829,2849
INDUS,Kalabagh,21-Aug-22,264211,259711
INDUS,Chashma,21-Aug-22,325421,307421
INDUS,Taunsa,21-Aug-22,550518,550518
INDUS,Guddu,21-Aug-22,468604,468604
INDUS,Sukkar,21-Aug-22,400150,400150
INDUS,Kotri,21-Aug-22,235350,235350
JHELUM,Kotli,21-Aug-22,-,4620
JHELUM,Mangla,21-Aug-22,30000,10015
JHELUM,Rasul,21-Aug-22,6568,Nil
CHENAB,Marala,21-Aug-22,85680,61080
CHENAB,Khanki,21-Aug-22,77270,70284
CHENAB,Qadirabad,21-Aug-22,85421,69421
CHENAB,Trimmu,21-Aug-22,76956,66156
CHENAB,Punjnad,21-Aug-22,96774,90774
RAVI,Jassar,21-Aug-22,-,21600
RAVI,Shahdara,21-Aug-22,-,21756
RAVI,Balloki,21-Aug-22,33670,6270
RAVI,Sidhnai,21-Aug-22,24458,13508
SUTLEJ,Bhakara**,21-Aug-22,-,-
SUTLEJ,Sulemanki,21-Aug-22,16557,5142
SUTLEJ,Islam,21-Aug-22,3829,2849
INDUS,Kalabagh,22-Aug-22,268963,264463
INDUS,Chashma,22-Aug-22,340843,322843
INDUS,Taunsa,22-Aug-22,550518,550518
INDUS,Taunsa,22-Aug-22,550518,550518
INDUS,Taunsa,22-Aug-22,550518,550518
INDUS,Taunsa,22-Aug-22,550518,550518
INDUS,Taunsa,22-Aug-22,550518,550518
INDUS,Taunsa,22-Aug-22,535318,535318
INDUS,Taunsa,22-Aug-22,535318,535318
INDUS,Taunsa,22-Aug-22,529751,529751
INDUS,Taunsa,22-Aug-22,529751,529751
INDUS,Taunsa,22-Aug-22,529751,529751
INDUS,Guddu,22-Aug-22,482940,482940
INDUS,Sukkar,22-Aug-22,417925,417925
INDUS,Kotri,22-Aug-22,246785,247085
JHELUM,Kotli,22-Aug-22,-,4870
JHELUM,Mangla,22-Aug-22,38000,9915
JHELUM,Rasul,22-Aug-22,6568,Nil
CHENAB,Marala,22-Aug-22,68230,43630
CHENAB,Khanki,22-Aug-22,66239,59253
CHENAB,Qadirabad,22-Aug-22,75574,59574
CHENAB,Trimmu,22-Aug-22,73555,62755
CHENAB,Punjnad,22-Aug-22,96774,90774
RAVI,Jassar,22-Aug-22,-,23700
RAVI,Shahdara,22-Aug-22,-,24104
RAVI,Balloki,22-Aug-22,35680,8280
RAVI,Sidhnai,22-Aug-22,22827,11577
SUTLEJ,Bhakara**,22-Aug-22,-,-
SUTLEJ,Sulemanki,22-Aug-22,16326,4911
SUTLEJ,Islam,22-Aug-22,3829,2849
INDUS,Kalabagh,22-Aug-22,281096,276596
INDUS,Chashma,22-Aug-22,373608,355608
INDUS,Taunsa,22-Aug-22,513143,513143
INDUS,Taunsa,22-Aug-22,513143,513143
INDUS,Taunsa,22-Aug-22,513143,513143
INDUS,Taunsa,22-Aug-22,496074,496074
INDUS,Taunsa,22-Aug-22,496074,496074
INDUS,Taunsa,22-Aug-22,496074,496074
INDUS,Guddu,22-Aug-22,501658,501658
INDUS,Sukkar,22-Aug-22,432537,432537
INDUS,Kotri,22-Aug-22,246785,247085
JHELUM,Kotli,22-Aug-22,-,4620
JHELUM,Mangla,22-Aug-22,34000,11815
JHELUM,Rasul,22-Aug-22,6568,-
CHENAB,Marala,22-Aug-22,68230,43630
CHENAB,Khanki,22-Aug-22,63049,55992
CHENAB,Qadirabad,22-Aug-22,67031,51031
CHENAB,Trimmu,22-Aug-22,73555,62755
CHENAB,Punjnad,22-Aug-22,97374,90774
RAVI,Jassar,22-Aug-22,-,20200
RAVI,Shahdara,22-Aug-22,-,25407
RAVI,Balloki,22-Aug-22,35680,8280
RAVI,Sidhnai,22-Aug-22,22827,11577
SUTLEJ,Bhakara**,22-Aug-22,55302,22820
SUTLEJ,Sulemanki,22-Aug-22,16326,4911
SUTLEJ,Islam,22-Aug-22,3829,2849
INDUS,Kalabagh,22-Aug-22,269873,265373
INDUS,Chashma,22-Aug-22,382306,364306
INDUS,Taunsa,22-Aug-22,496074,496074
INDUS,Taunsa,22-Aug-22,478036,478036
INDUS,Taunsa,22-Aug-22,478036,478036
INDUS,Taunsa,22-Aug-22,465198,465198
INDUS,Taunsa,22-Aug-22,465198,465198
INDUS,Taunsa,22-Aug-22,446321,446321
INDUS,Guddu,22-Aug-22,510433,510433
INDUS,Sukkar,22-Aug-22,455050,455050
INDUS,Kotri,22-Aug-22,251700,252000
JHELUM,Kotli,22-Aug-22,-,4130
JHELUM,Mangla,22-Aug-22,26000,8015
JHELUM,Rasul,22-Aug-22,6768,Nil
CHENAB,Marala,22-Aug-22,80119,53843
CHENAB,Khanki,22-Aug-22,58442,51385
CHENAB,Qadirabad,22-Aug-22,62331,46331
CHENAB,Trimmu,22-Aug-22,73251,61451
CHENAB,Punjnad,22-Aug-22,101437,94837
RAVI,Jassar,22-Aug-22,-,18100
RAVI,Shahdara,22-Aug-22,-,24755
RAVI,Balloki,22-Aug-22,40900,13500
RAVI,Sidhnai,22-Aug-22,15816,3966
SUTLEJ,Bhakara**,22-Aug-22,-,-
SUTLEJ,Sulemanki,22-Aug-22,15463,3949
SUTLEJ,Islam,22-Aug-22,3829,2849
INDUS,Kalabagh,22-Aug-22,269373,265373
INDUS,Chashma,22-Aug-22,392196,374196
INDUS,Taunsa,22-Aug-22,446321,446321
INDUS,Guddu,22-Aug-22,520000,520000
INDUS,Sukkar,22-Aug-22,455050,455050
INDUS,Kotri,22-Aug-22,251700,252000
JHELUM,Kotli,22-Aug-22,-,4130
JHELUM,Mangla,22-Aug-22,27000,9415
JHELUM,Rasul,22-Aug-22,6768,Nil
CHENAB,Marala,22-Aug-22,71005,43630
CHENAB,Khanki,22-Aug-22,49045,41988
CHENAB,Qadirabad,22-Aug-22,53382,37382
CHENAB,Trimmu,22-Aug-22,72909,60109
CHENAB,Punjnad,22-Aug-22,101437,94837
RAVI,Jassar,22-Aug-22,-,16700
RAVI,Shahdara,22-Aug-22,-,24755
RAVI,Balloki,22-Aug-22,40900,13500
RAVI,Sidhnai,22-Aug-22,15766,3966
SUTLEJ,Bhakara**,22-Aug-22,-,-
SUTLEJ,Sulemanki,22-Aug-22,15463,3949
SUTLEJ,Islam,22-Aug-22,3829,2849
INDUS,Kalabagh,23-Aug-22,260597,256097
INDUS,Chashma,23-Aug-22,368668,350668
INDUS,Taunsa,23-Aug-22,446321,446321
INDUS,Taunsa,23-Aug-22,446321,446321
INDUS,Taunsa,23-Aug-22,446321,446321
INDUS,Taunsa,23-Aug-22,446321,446321
INDUS,Taunsa,23-Aug-22,435669,435669
INDUS,Taunsa,23-Aug-22,435669,435669
INDUS,Taunsa,23-Aug-22,435669,435669
INDUS,Taunsa,23-Aug-22,435669,435669
INDUS,Taunsa,23-Aug-22,435669,435669
INDUS,Taunsa,23-Aug-22,435669,435669
INDUS,Guddu,23-Aug-22,550122,550122
INDUS,Sukkar,23-Aug-22,474377,474377
INDUS,Kotri,23-Aug-22,257537,257737
JHELUM,Kotli,23-Aug-22,-,4130
JHELUM,Mangla,23-Aug-22,29000,12155
JHELUM,Rasul,23-Aug-22,6768,Nil
CHENAB,Marala,23-Aug-22,65652,38277
CHENAB,Khanki,23-Aug-22,58442,51385
CHENAB,Qadirabad,23-Aug-22,45808,29808
CHENAB,Trimmu,23-Aug-22,74251,61451
CHENAB,Punjnad,23-Aug-22,101437,94837
RAVI,Jassar,23-Aug-22,-,16700
RAVI,Shahdara,23-Aug-22,-,24104
RAVI,Balloki,23-Aug-22,42020,16420
RAVI,Sidhnai,23-Aug-22,13783,1983
SUTLEJ,Bhakara**,23-Aug-22,-,-
SUTLEJ,Sulemanki,23-Aug-22,15712,4198
SUTLEJ,Islam,23-Aug-22,3829,2849
INDUS,Kalabagh,23-Aug-22,283960,279460
INDUS,Chashma,23-Aug-22,351460,333460
INDUS,Taunsa,23-Aug-22,435669,435669
INDUS,Taunsa,23-Aug-22,435669,435669
INDUS,Taunsa,23-Aug-22,435669,435669
INDUS,Taunsa,23-Aug-22,496074,496074
INDUS,Taunsa,23-Aug-22,434865,434865
INDUS,Taunsa,23-Aug-22,434865,434865
INDUS,Guddu,23-Aug-22,562115,562115
INDUS,Sukkar,23-Aug-22,500065,500065
INDUS,Kotri,23-Aug-22,260763,260963
JHELUM,Kotli,23-Aug-22,-,4620
JHELUM,Mangla,23-Aug-22,28000,12215
JHELUM,Rasul,23-Aug-22,6518,-
CHENAB,Marala,23-Aug-22,60299,32756
CHENAB,Khanki,23-Aug-22,58442,51385
CHENAB,Qadirabad,23-Aug-22,53382,37382
CHENAB,Trimmu,23-Aug-22,74251,61451
CHENAB,Punjnad,23-Aug-22,101437,94837
RAVI,Jassar,23-Aug-22,-,12571
RAVI,Shahdara,23-Aug-22,-,21756
RAVI,Balloki,23-Aug-22,42020,14620
RAVI,Sidhnai,23-Aug-22,13783,1983
SUTLEJ,Bhakara**,23-Aug-22,46700,23346
SUTLEJ,Sulemanki,23-Aug-22,15712,4198
SUTLEJ,Islam,23-Aug-22,3829,2849
INDUS,Kalabagh,23-Aug-22,283960,279460
INDUS,Chashma,23-Aug-22,373325,355325
INDUS,Taunsa,23-Aug-22,434865,434865
INDUS,Taunsa,23-Aug-22,434865,434865
INDUS,Taunsa,23-Aug-22,434865,434865
INDUS,Taunsa,23-Aug-22,434865,434865
INDUS,Taunsa,23-Aug-22,434865,434865
INDUS,Taunsa,23-Aug-22,434865,434865
INDUS,Guddu,23-Aug-22,576075,516075
INDUS,Sukkar,23-Aug-22,523250,523250
INDUS,Kotri,23-Aug-22,267617,267817
JHELUM,Kotli,23-Aug-22,-,4870
JHELUM,Mangla,23-Aug-22,26000,11315
JHELUM,Rasul,23-Aug-22,6368,Nil
CHENAB,Marala,23-Aug-22,71005,43630
CHENAB,Khanki,23-Aug-22,49258,41988
CHENAB,Qadirabad,23-Aug-22,54282,37382
CHENAB,Trimmu,23-Aug-22,77972,64022
CHENAB,Punjnad,23-Aug-22,102437,94837
RAVI,Jassar,23-Aug-22,-,11081
RAVI,Shahdara,23-Aug-22,-,21191
RAVI,Balloki,23-Aug-22,43140,15740
RAVI,Sidhnai,23-Aug-22,13033,1983
SUTLEJ,Bhakara**,23-Aug-22,-,-
SUTLEJ,Sulemanki,23-Aug-22,15860,3949
SUTLEJ,Islam,23-Aug-22,5395,4312
INDUS,Kalabagh,23-Aug-22,284915,280415
INDUS,Chashma,23-Aug-22,390016,372016
INDUS,Taunsa,23-Aug-22,434865,434865
INDUS,Guddu,23-Aug-22,576075,576075
INDUS,Sukkar,23-Aug-22,523250,523250
INDUS,Kotri,23-Aug-22,267617,267817
JHELUM,Kotli,23-Aug-22,-,4620
JHELUM,Mangla,23-Aug-22,24000,10415
JHELUM,Rasul,23-Aug-22,6368,Nil
CHENAB,Marala,23-Aug-22,65652,38277
CHENAB,Khanki,23-Aug-22,49294,41988
CHENAB,Qadirabad,23-Aug-22,43423,25173
CHENAB,Trimmu,23-Aug-22,85984,72034
CHENAB,Punjnad,23-Aug-22,102437,94837
RAVI,Jassar,23-Aug-22,-,10336
RAVI,Shahdara,23-Aug-22,-,20626
RAVI,Balloki,23-Aug-22,43140,15740
RAVI,Sidhnai,23-Aug-22,13955,3308
SUTLEJ,Bhakara**,23-Aug-22,-,-
SUTLEJ,Sulemanki,23-Aug-22,15860,3949
SUTLEJ,Islam,23-Aug-22,5395,4312
INDUS,Kalabagh,24-Aug-22,270873,266373
INDUS,Chashma,24-Aug-22,381510,363510
INDUS,Taunsa,24-Aug-22,434865,434865
INDUS,Taunsa,24-Aug-22,434865,434865
INDUS,Taunsa,24-Aug-22,434865,434865
INDUS,Taunsa,24-Aug-22,434865,434865
INDUS,Taunsa,24-Aug-22,434865,434865
INDUS,Taunsa,24-Aug-22,445360,445360
INDUS,Taunsa,24-Aug-22,445360,445360
INDUS,Taunsa,24-Aug-22,445360,445360
INDUS,Taunsa,24-Aug-22,445360,445360
INDUS,Taunsa,24-Aug-22,445360,445360
INDUS,Taunsa,24-Aug-22,445360,445360
INDUS,Guddu,24-Aug-22,546978,546978
INDUS,Sukkar,24-Aug-22,559816,559816
INDUS,Kotri,24-Aug-22,270958,271158
JHELUM,Kotli,24-Aug-22,-,4620
JHELUM,Mangla,24-Aug-22,40000,9455
JHELUM,Rasul,24-Aug-22,6368,Nil
CHENAB,Marala,24-Aug-22,60277,32924
CHENAB,Khanki,24-Aug-22,47866,40560
CHENAB,Qadirabad,24-Aug-22,44773,25173
CHENAB,Trimmu,24-Aug-22,88191,74241
CHENAB,Punjnad,24-Aug-22,101125,93525
RAVI,Jassar,24-Aug-22,-,10336
RAVI,Shahdara,24-Aug-22,-,20626
RAVI,Balloki,24-Aug-22,43140,15740
RAVI,Sidhnai,24-Aug-22,15938,5288
SUTLEJ,Bhakara**,24-Aug-22,-,-
SUTLEJ,Sulemanki,24-Aug-22,16109,4198
SUTLEJ,Islam,24-Aug-22,5395,4312
INDUS,Kalabagh,24-Aug-22,283051,278551
INDUS,Chashma,24-Aug-22,346439,328439
INDUS,Taunsa,24-Aug-22,445360,445360
INDUS,Taunsa,24-Aug-22,445360,445360
INDUS,Taunsa,24-Aug-22,487989,487989
INDUS,Taunsa,24-Aug-22,513939,513939
INDUS,Taunsa,24-Aug-22,548448,548448
INDUS,Taunsa,24-Aug-22,548448,548448
INDUS,Guddu,24-Aug-22,540690,540690
INDUS,Sukkar,24-Aug-22,567010,567010
INDUS,Kotri,24-Aug-22,279339,279539
JHELUM,Kotli,24-Aug-22,-,7580
JHELUM,Mangla,24-Aug-22,39000,10815
JHELUM,Rasul,24-Aug-22,6368,-
CHENAB,Marala,24-Aug-22,60299,32924
CHENAB,Khanki,24-Aug-22,52272,44942
CHENAB,Qadirabad,24-Aug-22,36937,16937
CHENAB,Trimmu,24-Aug-22,88191,74241
CHENAB,Punjnad,24-Aug-22,90540,82940
RAVI,Jassar,24-Aug-22,-,12571
RAVI,Shahdara,24-Aug-22,-,21191
RAVI,Balloki,24-Aug-22,43140,15740
RAVI,Sidhnai,24-Aug-22,16199,5949
SUTLEJ,Bhakara**,24-Aug-22,-,-
SUTLEJ,Sulemanki,24-Aug-22,16109,4198
SUTLEJ,Islam,24-Aug-22,5395,4312
INDUS,Kalabagh,24-Aug-22,259688,255188
INDUS,Chashma,24-Aug-22,343198,325198
INDUS,Taunsa,24-Aug-22,548448,548448
INDUS,Taunsa,24-Aug-22,517731,517731
INDUS,Taunsa,24-Aug-22,517731,517731
INDUS,Taunsa,24-Aug-22,548448,548448
INDUS,Taunsa,24-Aug-22,484045,484045
INDUS,Taunsa,24-Aug-22,484045,484045
INDUS,Guddu,24-Aug-22,523983,523983
INDUS,Sukkar,24-Aug-22,567010,567010
INDUS,Kotri,24-Aug-22,290745,290745
JHELUM,Kotli,24-Aug-22,-,8170
JHELUM,Mangla,24-Aug-22,31000,15415
JHELUM,Rasul,24-Aug-22,8368,Nil
CHENAB,Marala,24-Aug-22,93441,66066
CHENAB,Khanki,24-Aug-22,49318,41988
CHENAB,Qadirabad,24-Aug-22,47261,27261
CHENAB,Trimmu,24-Aug-22,88191,74241
CHENAB,Punjnad,24-Aug-22,82899,75299
RAVI,Jassar,24-Aug-22,-,15874
RAVI,Shahdara,24-Aug-22,-,20626
RAVI,Balloki,24-Aug-22,40900,13500
RAVI,Sidhnai,24-Aug-22,17803,7553
SUTLEJ,Bhakara**,24-Aug-22,-,-
SUTLEJ,Sulemanki,24-Aug-22,16257,4198
SUTLEJ,Islam,24-Aug-22,5395,4312
INDUS,Kalabagh,24-Aug-22,259388,255188
INDUS,Chashma,24-Aug-22,326415,308415
INDUS,Taunsa,24-Aug-22,470718,470718
INDUS,Guddu,24-Aug-22,523983,523983
INDUS,Sukkar,24-Aug-22,567010,567010
INDUS,Kotri,24-Aug-22,290745,290745
JHELUM,Kotli,24-Aug-22,-,7290
JHELUM,Mangla,24-Aug-22,30000,8315
JHELUM,Rasul,24-Aug-22,7868,Nil
CHENAB,Marala,24-Aug-22,93366,66066
CHENAB,Khanki,24-Aug-22,43823,36505
CHENAB,Qadirabad,24-Aug-22,47261,27261
CHENAB,Trimmu,24-Aug-22,85984,72034
CHENAB,Punjnad,24-Aug-22,77538,71438
RAVI,Jassar,24-Aug-22,-,17400
RAVI,Shahdara,24-Aug-22,-,21191
RAVI,Balloki,24-Aug-22,40900,13500
RAVI,Sidhnai,24-Aug-22,17803,7553
SUTLEJ,Bhakara**,24-Aug-22,-,-
SUTLEJ,Sulemanki,24-Aug-22,16257,4198
SUTLEJ,Islam,24-Aug-22,5395,4312
INDUS,Kalabagh,25-Aug-22,258188,254188
INDUS,Chashma,25-Aug-22,316088,298088
INDUS,Taunsa,25-Aug-22,470718,470718
INDUS,Taunsa,25-Aug-22,470718,470718
INDUS,Taunsa,25-Aug-22,470718,470718
INDUS,Taunsa,25-Aug-22,470718,470718
INDUS,Taunsa,25-Aug-22,470718,470718
INDUS,Taunsa,25-Aug-22,470718,470718
INDUS,Taunsa,25-Aug-22,470718,470718
INDUS,Taunsa,25-Aug-22,467078,467078
INDUS,Taunsa,25-Aug-22,467078,467078
INDUS,Taunsa,25-Aug-22,467078,467078
INDUS,Taunsa,25-Aug-22,467078,467078
INDUS,Guddu,25-Aug-22,517392,517392
INDUS,Sukkar,25-Aug-22,579753,579753
INDUS,Kotri,25-Aug-22,297178,297178
JHELUM,Kotli,25-Aug-22,-,6450
JHELUM,Mangla,25-Aug-22,28000,8155
JHELUM,Rasul,25-Aug-22,7868,Nil
CHENAB,Marala,25-Aug-22,88380,61080
CHENAB,Khanki,25-Aug-22,58703,51385
CHENAB,Qadirabad,25-Aug-22,47261,27261
CHENAB,Trimmu,25-Aug-22,74313,60363
CHENAB,Punjnad,25-Aug-22,70772,64672
RAVI,Jassar,25-Aug-22,-,21600
RAVI,Shahdara,25-Aug-22,-,22322
RAVI,Balloki,25-Aug-22,40900,13500
RAVI,Sidhnai,25-Aug-22,20092,9792
SUTLEJ,Bhakara**,25-Aug-22,-,-
SUTLEJ,Sulemanki,25-Aug-22,16435,4426
SUTLEJ,Islam,25-Aug-22,5395,4312
INDUS,Kalabagh,25-Aug-22,258188,254188
INDUS,Chashma,25-Aug-22,275385,257385
INDUS,Taunsa,25-Aug-22,467078,467078
INDUS,Taunsa,25-Aug-22,467078,467078
INDUS,Taunsa,25-Aug-22,467078,467078
INDUS,Taunsa,25-Aug-22,467078,467078
INDUS,Taunsa,25-Aug-22,467078,467078
INDUS,Taunsa,25-Aug-22,467078,467078
INDUS,Guddu,25-Aug-22,504081,504081
INDUS,Sukkar,25-Aug-22,5797.53,579753
INDUS,Kotri,25-Aug-22,297178,297178
JHELUM,Kotli,25-Aug-22,-,5640
JHELUM,Mangla,25-Aug-22,30000,8115
JHELUM,Rasul,25-Aug-22,7868,-
CHENAB,Marala,25-Aug-22,76283,48983
CHENAB,Khanki,25-Aug-22,66523,59253
CHENAB,Qadirabad,25-Aug-22,53792,33792
CHENAB,Trimmu,25-Aug-22,70310,56360
CHENAB,Punjnad,25-Aug-22,61487,55387
RAVI,Jassar,25-Aug-22,-,25560
RAVI,Shahdara,25-Aug-22,-,23452
RAVI,Balloki,25-Aug-22,41100,13500
RAVI,Sidhnai,25-Aug-22,20092,9792
SUTLEJ,Bhakara**,25-Aug-22,40805,24582
SUTLEJ,Sulemanki,25-Aug-22,16435,4426
SUTLEJ,Islam,25-Aug-22,3932,2849
INDUS,Kalabagh,25-Aug-22,257233,253233
INDUS,Chashma,25-Aug-22,303187,285187
INDUS,Taunsa,25-Aug-22,467078,467078
INDUS,Taunsa,25-Aug-22,458261,458261
INDUS,Taunsa,25-Aug-22,458261,458261
INDUS,Taunsa,25-Aug-22,458261,458261
INDUS,Taunsa,25-Aug-22,458261,458261
INDUS,Taunsa,25-Aug-22,458261,458261
INDUS,Guddu,25-Aug-22,501411,501411
INDUS,Sukkar,25-Aug-22,576414,576414
INDUS,Kotri,25-Aug-22,301641,301641
JHELUM,Kotli,25-Aug-22,-,4870
JHELUM,Mangla,25-Aug-22,22000,11715
JHELUM,Rasul,25-Aug-22,10765,-
CHENAB,Marala,25-Aug-22,76283,48933
CHENAB,Khanki,25-Aug-22,66523,59253
CHENAB,Qadirabad,25-Aug-22,70313,50313
CHENAB,Trimmu,25-Aug-22,62892,48942
CHENAB,Punjnad,25-Aug-22,61487,55387
RAVI,Jassar,25-Aug-22,-,26180
RAVI,Shahdara,25-Aug-22,-,23452
RAVI,Balloki,25-Aug-22,41100,13500
RAVI,Sidhnai,25-Aug-22,24550,13000
SUTLEJ,Bhakara**,25-Aug-22,-,-
SUTLEJ,Sulemanki,25-Aug-22,16900,5384
SUTLEJ,Islam,25-Aug-22,3932,2940
INDUS,Kalabagh,25-Aug-22,258140,254140
INDUS,Chashma,25-Aug-22,310746,292746
INDUS,Taunsa,25-Aug-22,458261,458261
INDUS,Guddu,25-Aug-22,501411,501411
INDUS,Sukkar,25-Aug-22,576414,576414
INDUS,Kotri,25-Aug-22,301641,301641
JHELUM,Kotli,25-Aug-22,-,4870
JHELUM,Mangla,25-Aug-22,38000,11215
JHELUM,Rasul,25-Aug-22,9765,-
CHENAB,Marala,25-Aug-22,76333,48983
CHENAB,Khanki,25-Aug-22,63262,55992
CHENAB,Qadirabad,25-Aug-22,67959,47959
CHENAB,Trimmu,25-Aug-22,62892,48942
CHENAB,Punjnad,25-Aug-22,57838,51738
RAVI,Jassar,25-Aug-22,-,23700
RAVI,Shahdara,25-Aug-22,-,23452
RAVI,Balloki,25-Aug-22,42220,14620
RAVI,Sidhnai,25-Aug-22,25000,13000
SUTLEJ,Bhakara**,25-Aug-22,-,-
SUTLEJ,Sulemanki,25-Aug-22,16900,5384
SUTLEJ,Islam,25-Aug-22,3849,2849
INDUS,Kalabagh,26-Aug-22,274150,270150
INDUS,Chashma,26-Aug-22,333103,315103
INDUS,Taunsa,26-Aug-22,458261,458261
INDUS,Taunsa,26-Aug-22,458261,458261
INDUS,Taunsa,26-Aug-22,458261,458261
INDUS,Taunsa,26-Aug-22,458261,458261
INDUS,Taunsa,26-Aug-22,458261,458261
INDUS,Taunsa,26-Aug-22,482928,482928
INDUS,Taunsa,26-Aug-22,482928,482928
INDUS,Taunsa,26-Aug-22,482928,482928
INDUS,Taunsa,26-Aug-22,482928,482928
INDUS,Taunsa,26-Aug-22,482928,482928
INDUS,Taunsa,26-Aug-22,482928,482928
INDUS,Guddu,26-Aug-22,505048,505048
INDUS,Sukkar,26-Aug-22,576414,576414
INDUS,Kotri,26-Aug-22,304808,304808
JHELUM,Kotli,26-Aug-22,-,5640
JHELUM,Mangla,26-Aug-22,50000,11015
JHELUM,Rasul,26-Aug-22,8265,-
CHENAB,Marala,26-Aug-22,70980,43630
CHENAB,Khanki,26-Aug-22,53820,46550
CHENAB,Qadirabad,26-Aug-22,67959,47959
CHENAB,Trimmu,26-Aug-22,60036,46086
CHENAB,Punjnad,26-Aug-22,57838,51738
RAVI,Jassar,26-Aug-22,-,21600
RAVI,Shahdara,26-Aug-22,-,24755
RAVI,Balloki,26-Aug-22,42220,14620
RAVI,Sidhnai,26-Aug-22,22394,10394
SUTLEJ,Bhakara**,26-Aug-22,-,-
SUTLEJ,Sulemanki,26-Aug-22,18326,6510
SUTLEJ,Islam,26-Aug-22,3849,2849
INDUS,Kalabagh,26-Aug-22,286352,282352
INDUS,Chashma,26-Aug-22,345484,327484
INDUS,Taunsa,26-Aug-22,505989,505989
INDUS,Taunsa,26-Aug-22,505989,505989
INDUS,Taunsa,26-Aug-22,513863,513863
INDUS,Taunsa,26-Aug-22,513863,513863
INDUS,Taunsa,26-Aug-22,513863,513863
INDUS,Taunsa,26-Aug-22,513863,513863
INDUS,Guddu,26-Aug-22,505048,505048
INDUS,Sukkar,26-Aug-22,576414,576414
INDUS,Kotri,26-Aug-22,310286,310286
JHELUM,Kotli,26-Aug-22,-,5640
JHELUM,Mangla,26-Aug-22,45000,12215
JHELUM,Rasul,26-Aug-22,6765,-
CHENAB,Marala,26-Aug-22,65627,38277
CHENAB,Khanki,26-Aug-22,57306,50012
CHENAB,Qadirabad,26-Aug-22,56813,36813
CHENAB,Trimmu,26-Aug-22,55335,41385
CHENAB,Punjnad,26-Aug-22,57838,51737
RAVI,Jassar,26-Aug-22,-,16700
RAVI,Shahdara,26-Aug-22,-,25407
RAVI,Balloki,26-Aug-22,42220,14620
RAVI,Sidhnai,26-Aug-22,22394,10394
SUTLEJ,Bhakara**,26-Aug-22,36747,23913
SUTLEJ,Sulemanki,26-Aug-22,18326,6510
SUTLEJ,Islam,26-Aug-22,3849,2849
INDUS,Kalabagh,26-Aug-22,286352,282352
INDUS,Chashma,26-Aug-22,420411,414846
INDUS,Chashma,26-Aug-22,420411,414846
INDUS,Chashma,26-Aug-22,410985,406608
INDUS,Chashma,26-Aug-22,425487,421896
INDUS,Chashma,26-Aug-22,422481,420594
INDUS,Chashma,26-Aug-22,428894,427303
INDUS,Taunsa,26-Aug-22,513285,513285
INDUS,Taunsa,26-Aug-22,513285,513285
INDUS,Taunsa,26-Aug-22,513285,513285
INDUS,Taunsa,26-Aug-22,506817,506817
INDUS,Taunsa,26-Aug-22,506817,506817
INDUS,Taunsa,26-Aug-22,506817,506817
INDUS,Guddu,26-Aug-22,507515,507515
INDUS,Sukkar,26-Aug-22,576414,576414
INDUS,Kotri,26-Aug-22,315279,315279
JHELUM,Kotli,26-Aug-22,-,5910
JHELUM,Mangla,26-Aug-22,45000,11015
JHELUM,Rasul,26-Aug-22,5405,NIL
CHENAB,Marala,26-Aug-22,70980,43630
CHENAB,Khanki,26-Aug-22,53844,46550
CHENAB,Qadirabad,26-Aug-22,53972,33972
CHENAB,Trimmu,26-Aug-22,50547,36877
CHENAB,Punjnad,26-Aug-22,57838,51737
RAVI,Jassar,26-Aug-22,-,12571
RAVI,Shahdara,26-Aug-22,-,24755
RAVI,Balloki,26-Aug-22,42220,14620
RAVI,Sidhnai,26-Aug-22,24190,11690
SUTLEJ,Bhakara**,26-Aug-22,-,-
SUTLEJ,Sulemanki,26-Aug-22,17464,6949
SUTLEJ,Islam,26-Aug-22,3932,2849
INDUS,Kalabagh,26-Aug-22,297363,293363
INDUS,Chashma,26-Aug-22,425698,425107
INDUS,Taunsa,26-Aug-22,506817,506817
INDUS,Guddu,26-Aug-22,507515,507515
INDUS,Sukkar,26-Aug-22,573010,573010
INDUS,Kotri,26-Aug-22,315279,315279
JHELUM,Kotli,26-Aug-22,-,5380
JHELUM,Mangla,26-Aug-22,26000,7815
JHELUM,Rasul,26-Aug-22,5405,NIL
CHENAB,Marala,26-Aug-22,76333,48983
CHENAB,Khanki,26-Aug-22,42015,34625
CHENAB,Qadirabad,26-Aug-22,47261,27261
CHENAB,Trimmu,26-Aug-22,53868,41693
CHENAB,Punjnad,26-Aug-22,58138,51738
RAVI,Jassar,26-Aug-22,-,11081
RAVI,Shahdara,26-Aug-22,-,23452
RAVI,Balloki,26-Aug-22,45580,17980
RAVI,Sidhnai,26-Aug-22,24490,11690
SUTLEJ,Bhakara**,26-Aug-22,-,-
SUTLEJ,Sulemanki,26-Aug-22,17464,6949
SUTLEJ,Islam,26-Aug-22,3932,2849
INDUS,Kalabagh,27-Aug-22,320192,316192
INDUS,Kalabagh,27-Aug-22,349627,345627
INDUS,Kalabagh,27-Aug-22,349627,345627
INDUS,Kalabagh,27-Aug-22,349627,345627
INDUS,Kalabagh,27-Aug-22,349627,345627
INDUS,Kalabagh,27-Aug-22,372188,368188
INDUS,Chashma,27-Aug-22,419470,419770
INDUS,Chashma,27-Aug-22,414751,415943
INDUS,Chashma,27-Aug-22,407226,408418
INDUS,Chashma,27-Aug-22,425685,426254
INDUS,Chashma,27-Aug-22,424189,424785
INDUS,Chashma,27-Aug-22,424261,425155
INDUS,Chashma,27-Aug-22,399027,399027
INDUS,Chashma,27-Aug-22,413824,413824
INDUS,Chashma,27-Aug-22,412808,412808
INDUS,Chashma,27-Aug-22,420490,420490
INDUS,Chashma,27-Aug-22,425171,425171
INDUS,Taunsa,27-Aug-22,506817,506817
INDUS,Taunsa,27-Aug-22,506817,506817
INDUS,Taunsa,27-Aug-22,506817,506817
INDUS,Taunsa,27-Aug-22,506817,506817
INDUS,Taunsa,27-Aug-22,506817,506817
INDUS,Taunsa,27-Aug-22,504232,504232
INDUS,Taunsa,27-Aug-22,504232,504232
INDUS,Taunsa,27-Aug-22,504232,504232
INDUS,Taunsa,27-Aug-22,504232,504232
INDUS,Taunsa,27-Aug-22,504232,504232
INDUS,Taunsa,27-Aug-22,504232,504232
INDUS,Guddu,27-Aug-22,490393,490393
INDUS,Sukkar,27-Aug-22,569756,569756
INDUS,Kotri,27-Aug-22,315279,315279
JHELUM,Kotli,27-Aug-22,-,5380
JHELUM,Mangla,27-Aug-22,75000,7915
JHELUM,Rasul,27-Aug-22,5405,NIL
CHENAB,Marala,27-Aug-22,65627,38277
CHENAB,Khanki,27-Aug-22,45298,37908
CHENAB,Qadirabad,27-Aug-22,40126,20126
CHENAB,Trimmu,27-Aug-22,51299,39349
CHENAB,Punjnad,27-Aug-22,58138,51738
RAVI,Jassar,27-Aug-22,-,11081
RAVI,Shahdara,27-Aug-22,-,19496
RAVI,Balloki,27-Aug-22,45580,17980
RAVI,Sidhnai,27-Aug-22,24490,11690
SUTLEJ,Bhakara**,27-Aug-22,-,-
SUTLEJ,Sulemanki,27-Aug-22,18487,8025
SUTLEJ,Islam,27-Aug-22,3932,2849
INDUS,Kalabagh,27-Aug-22,372188,368188
INDUS,Kalabagh,27-Aug-22,375714,371714
INDUS,Kalabagh,27-Aug-22,375714,371714
INDUS,Kalabagh,27-Aug-22,375714,371714
INDUS,Kalabagh,27-Aug-22,375714,371714
INDUS,Kalabagh,27-Aug-22,394850,390850
INDUS,Chashma,27-Aug-22,412521,412521
INDUS,Chashma,27-Aug-22,412771,412771
INDUS,Chashma,27-Aug-22,412771,412771
INDUS,Chashma,27-Aug-22,413994,413994
INDUS,Chashma,27-Aug-22,427705,427705
INDUS,Chashma,27-Aug-22,458900,458900
INDUS,Taunsa,27-Aug-22,515871,515871
INDUS,Taunsa,27-Aug-22,504232,504232
INDUS,Taunsa,27-Aug-22,515871,515871
INDUS,Taunsa,27-Aug-22,515871,515871
INDUS,Taunsa,27-Aug-22,506000,506000
INDUS,Taunsa,27-Aug-22,506000,506000
INDUS,Guddu,27-Aug-22,490393,490393
INDUS,Sukkar,27-Aug-22,569756,569756
INDUS,Kotri,27-Aug-22,323213,323213
JHELUM,Kotli,27-Aug-22,-,7010
JHELUM,Mangla,27-Aug-22,78000,11315
JHELUM,Rasul,27-Aug-22,5505,Nil
CHENAB,Marala,27-Aug-22,65627,38277
CHENAB,Khanki,27-Aug-22,47095,39705
CHENAB,Qadirabad,27-Aug-22,38012,18012
CHENAB,Trimmu,27-Aug-22,51299,39349
CHENAB,Punjnad,27-Aug-22,58138,51738
RAVI,Jassar,27-Aug-22,-,9964
RAVI,Shahdara,27-Aug-22,-,17800
RAVI,Balloki,27-Aug-22,45580,17980
RAVI,Sidhnai,27-Aug-22,21313,8463
SUTLEJ,Bhakara**,27-Aug-22,-,-
SUTLEJ,Sulemanki,27-Aug-22,18487,8025
SUTLEJ,Islam,27-Aug-22,3932,2849
INDUS,Kalabagh,27-Aug-22,394850,390850
INDUS,Kalabagh,27-Aug-22,394850,390850
INDUS,Kalabagh,27-Aug-22,394850,390850
INDUS,Kalabagh,27-Aug-22,394850,390850
INDUS,Kalabagh,27-Aug-22,NR,NR
INDUS,Kalabagh,27-Aug-22,425673,421673
INDUS,Chashma,27-Aug-22,471642,471642
INDUS,Chashma,27-Aug-22,503213,503213
INDUS,Chashma,27-Aug-22,488047,487153
INDUS,Chashma,27-Aug-22,481007,479815
INDUS,Chashma,27-Aug-22,466619,465427
INDUS,Chashma,27-Aug-22,466261,465069
INDUS,Taunsa,27-Aug-22,506000,506000
INDUS,Taunsa,27-Aug-22,506000,506000
INDUS,Taunsa,27-Aug-22,506000,506000
INDUS,Taunsa,27-Aug-22,506000,506000
INDUS,Taunsa,27-Aug-22,507292,507292
INDUS,Taunsa,27-Aug-22,507292,507292
INDUS,Guddu,27-Aug-22,489543,489543
INDUS,Sukkar,27-Aug-22,565092,565092
INDUS,Kotri,27-Aug-22,328443,328443
JHELUM,Kotli,27-Aug-22,-,6450
JHELUM,Mangla,27-Aug-22,45000,11415
JHELUM,Rasul,27-Aug-22,5705,Nil
CHENAB,Marala,27-Aug-22,76333,48983
CHENAB,Khanki,27-Aug-22,45298,37908
CHENAB,Qadirabad,27-Aug-22,42129,22129
CHENAB,Trimmu,27-Aug-22,53643,41693
CHENAB,Punjnad,27-Aug-22,60438,53538
RAVI,Jassar,27-Aug-22,-,9964
RAVI,Shahdara,27-Aug-22,-,17392
RAVI,Balloki,27-Aug-22,45780,17980
RAVI,Sidhnai,27-Aug-22,21117,7167
SUTLEJ,Bhakara**,27-Aug-22,-,-
SUTLEJ,Sulemanki,27-Aug-22,20743,9280
SUTLEJ,Islam,27-Aug-22,3932,2849
INDUS,Kalabagh,27-Aug-22,425673,421673
INDUS,Chashma,27-Aug-22,459324,458024
INDUS,Taunsa,27-Aug-22,507292,507292
INDUS,Guddu,27-Aug-22,489543,489543
INDUS,Sukkar,27-Aug-22,565092,565092
INDUS,Kotri,27-Aug-22,328443,328443
JHELUM,Kotli,27-Aug-22,-,6450
JHELUM,Mangla,27-Aug-22,45000,12815
JHELUM,Rasul,27-Aug-22,5905,Nil
CHENAB,Marala,27-Aug-22,65627,38277
CHENAB,Khanki,27-Aug-22,38581,31215
CHENAB,Qadirabad,27-Aug-22,42129,22129
CHENAB,Trimmu,27-Aug-22,63829,51879
CHENAB,Punjnad,27-Aug-22,60438,53538
RAVI,Jassar,27-Aug-22,-,9591
RAVI,Shahdara,27-Aug-22,-,16576
RAVI,Balloki,27-Aug-22,44660,16860
RAVI,Sidhnai,27-Aug-22,21167,7167
SUTLEJ,Bhakara**,27-Aug-22,-,-
SUTLEJ,Sulemanki,27-Aug-22,20743,9280
SUTLEJ,Islam,27-Aug-22,3932,2849
INDUS,Kalabagh,28-Aug-22,425673,421673
INDUS,Kalabagh,28-Aug-22,425673,421673
INDUS,Kalabagh,28-Aug-22,425673,421673
INDUS,Kalabagh,28-Aug-22,425673,421673
INDUS,Kalabagh,28-Aug-22,425361,421361
INDUS,Kalabagh,28-Aug-22,427271,423271
INDUS,Kalabagh,28-Aug-22,427271,423271
INDUS,Kalabagh,28-Aug-22,425361,421361
INDUS,Kalabagh,28-Aug-22,437910,433910
INDUS,Kalabagh,28-Aug-22,437910,433910
INDUS,Chashma,28-Aug-22,444574,443165
INDUS,Chashma,28-Aug-22,446182,444773
INDUS,Chashma,28-Aug-22,449327,447918
INDUS,Chashma,28-Aug-22,455316,453907
INDUS,Chashma,28-Aug-22,488562,487046
INDUS,Chashma,28-Aug-22,503196,501573
INDUS,Chashma,28-Aug-22,503196,501573
INDUS,Chashma,28-Aug-22,499389,498889
INDUS,Chashma,28-Aug-22,503313,502563
INDUS,Chashma,28-Aug-22,502645,501645
INDUS,Taunsa,28-Aug-22,507292,507292
INDUS,Taunsa,28-Aug-22,507292,507292
INDUS,Taunsa,28-Aug-22,507292,507292
INDUS,Taunsa,28-Aug-22,507292,507292
INDUS,Taunsa,28-Aug-22,515723,515723
INDUS,Taunsa,28-Aug-22,515723,515723
INDUS,Taunsa,28-Aug-22,515723,515723
INDUS,Taunsa,28-Aug-22,515723,515723
INDUS,Taunsa,28-Aug-22,522766,522766
INDUS,Taunsa,28-Aug-22,522766,522766
INDUS,Guddu,28-Aug-22,485320,485320
INDUS,Sukkar,28-Aug-22,562200,562200
INDUS,Kotri,28-Aug-22,334911,334911
JHELUM,Kotli,28-Aug-22,-,7010
JHELUM,Mangla,28-Aug-22,44000,9455
JHELUM,Rasul,28-Aug-22,5905,Nil
CHENAB,Marala,28-Aug-22,60274,32924
CHENAB,Khanki,28-Aug-22,45274,37908
CHENAB,Qadirabad,28-Aug-22,37392,17392
CHENAB,Trimmu,28-Aug-22,72575,60625
CHENAB,Punjnad,28-Aug-22,60438,53538
RAVI,Jassar,28-Aug-22,-,9591
RAVI,Shahdara,28-Aug-22,-,16168
RAVI,Balloki,28-Aug-22,42420,14620
RAVI,Sidhnai,28-Aug-22,21167,7167
SUTLEJ,Bhakara**,28-Aug-22,-,-
SUTLEJ,Sulemanki,28-Aug-22,21335,10578
SUTLEJ,Islam,28-Aug-22,3932,2849
INDUS,Kalabagh,28-Aug-22,423692,419692
INDUS,Kalabagh,28-Aug-22,423692,419692
INDUS,Kalabagh,28-Aug-22,423692,419692
INDUS,Kalabagh,28-Aug-22,398041,394041
INDUS,Kalabagh,28-Aug-22,398048,394048
INDUS,Kalabagh,28-Aug-22,398048,394048
INDUS,Chashma,28-Aug-22,525437,523937
INDUS,Chashma,28-Aug-22,505380,503630
INDUS,Chashma,28-Aug-22,520734,520734
INDUS,Chashma,28-Aug-22,512643,510393
INDUS,Chashma,28-Aug-22,515330,512830
INDUS,Chashma,28-Aug-22,512578,509828
INDUS,Taunsa,28-Aug-22,557906,557906
INDUS,Taunsa,28-Aug-22,557906,557906
INDUS,Taunsa,28-Aug-22,557906,557906
INDUS,Taunsa,28-Aug-22,557906,557906
INDUS,Taunsa,28-Aug-22,557906,557906
INDUS,Taunsa,28-Aug-22,557906,557906
INDUS,Guddu,28-Aug-22,479858,479858
INDUS,Sukkar,28-Aug-22,551204,551204
INDUS,Kotri,28-Aug-22,334911,334911
JHELUM,Kotli,28-Aug-22,-,6450
JHELUM,Mangla,28-Aug-22,45000,11715
JHELUM,Rasul,28-Aug-22,5905,Nil
CHENAB,Marala,28-Aug-22,60274,32924
CHENAB,Khanki,28-Aug-22,45274,37908
CHENAB,Qadirabad,28-Aug-22,43147,23147
CHENAB,Trimmu,28-Aug-22,72675,60625
CHENAB,Punjnad,28-Aug-22,60438,53538
RAVI,Jassar,28-Aug-22,-,8846
RAVI,Shahdara,28-Aug-22,-,16168
RAVI,Balloki,28-Aug-22,40185,12385
RAVI,Sidhnai,28-Aug-22,22463,8463
SUTLEJ,Bhakara**,28-Aug-22,-,-
SUTLEJ,Sulemanki,28-Aug-22,21335,10578
SUTLEJ,Islam,28-Aug-22,3932,2849
INDUS,Kalabagh,28-Aug-22,422606,418606
INDUS,Kalabagh,28-Aug-22,422606,418606
INDUS,Kalabagh,28-Aug-22,408930,404930
INDUS,Kalabagh,28-Aug-22,408930,404930
INDUS,Kalabagh,28-Aug-22,408930,404930
INDUS,Kalabagh,28-Aug-22,408930,404930
INDUS,Chashma,28-Aug-22,511204,508204
INDUS,Chashma,28-Aug-22,512972,509722
INDUS,Chashma,28-Aug-22,526470,522970
INDUS,Chashma,28-Aug-22,525664,521914
INDUS,Chashma,28-Aug-22,526288,522288
INDUS,Chashma,28-Aug-22,523605,519355
INDUS,Taunsa,28-Aug-22,557906,557906
INDUS,Taunsa,28-Aug-22,557906,557906
INDUS,Taunsa,28-Aug-22,557906,557906
INDUS,Taunsa,28-Aug-22,560051,560051
INDUS,Taunsa,28-Aug-22,560051,560051
INDUS,Taunsa,28-Aug-22,560051,560051
INDUS,Guddu,28-Aug-22,497528,497528
INDUS,Sukkar,28-Aug-22,544711,544711
INDUS,Kotri,28-Aug-22,334911,334911
JHELUM,Kotli,28-Aug-22,-,6180
JHELUM,Mangla,28-Aug-22,43000,9615
JHELUM,Rasul,28-Aug-22,5805,NIL
CHENAB,Marala,28-Aug-22,70980,43630
CHENAB,Khanki,28-Aug-22,45286,37908
CHENAB,Qadirabad,28-Aug-22,43147,23147
CHENAB,Trimmu,28-Aug-22,72675,60625
CHENAB,Punjnad,28-Aug-22,60438,53538
RAVI,Jassar,28-Aug-22,-,6353
RAVI,Shahdara,28-Aug-22,-,16168
RAVI,Balloki,28-Aug-22,38180,10280
RAVI,Sidhnai,28-Aug-22,21852,7802
SUTLEJ,Bhakara**,28-Aug-22,-,-
SUTLEJ,Sulemanki,28-Aug-22,20453,9263
SUTLEJ,Islam,28-Aug-22,3932,2849
INDUS,Kalabagh,28-Aug-22,408930,404930
INDUS,Chashma,28-Aug-22,519484,514984
INDUS,Taunsa,28-Aug-22,560051,560051
INDUS,Guddu,28-Aug-22,500944,500944
INDUS,Sukkar,28-Aug-22,544711,544711
INDUS,Kotri,28-Aug-22,334911,334911
JHELUM,Kotli,28-Aug-22,-,5640
JHELUM,Mangla,28-Aug-22,38000,9615
JHELUM,Rasul,28-Aug-22,5805,NIL
CHENAB,Marala,28-Aug-22,65627,38277
CHENAB,Khanki,28-Aug-22,38593,31215
CHENAB,Qadirabad,28-Aug-22,43147,23147
CHENAB,Trimmu,28-Aug-22,65989,53939
CHENAB,Punjnad,28-Aug-22,60438,53538
RAVI,Jassar,28-Aug-22,-,6014
RAVI,Shahdara,28-Aug-22,-,14945
RAVI,Balloki,28-Aug-22,38180,10280
RAVI,Sidhnai,28-Aug-22,22232,7802
SUTLEJ,Bhakara**,28-Aug-22,-,-
SUTLEJ,Sulemanki,28-Aug-22,20453,9263
SUTLEJ,Islam,28-Aug-22,3932,2849
INDUS,Kalabagh,29-Aug-22,408930,404930
INDUS,Kalabagh,29-Aug-22,408930,404930
INDUS,Kalabagh,29-Aug-22,408930,404930
INDUS,Kalabagh,29-Aug-22,408930,404930
INDUS,Kalabagh,29-Aug-22,410594,406594
INDUS,Kalabagh,29-Aug-22,410594,406594
INDUS,Kalabagh,29-Aug-22,410594,406594
INDUS,Kalabagh,29-Aug-22,410594,406594
INDUS,Kalabagh,29-Aug-22,410594,406594
INDUS,Kalabagh,29-Aug-22,410594,406594
INDUS,Kalabagh,29-Aug-22,410594,406594
INDUS,Chashma,29-Aug-22,518922,514172
INDUS,Chashma,29-Aug-22,526990,521990
INDUS,Chashma,29-Aug-22,521647,516397
INDUS,Chashma,29-Aug-22,518507,513007
INDUS,Chashma,29-Aug-22,516991,511241
INDUS,Chashma,29-Aug-22,525362,519362
INDUS,Chashma,29-Aug-22,525668,518833
INDUS,Chashma,29-Aug-22,526374,519504
INDUS,Chashma,29-Aug-22,524659,517354
INDUS,Chashma,29-Aug-22,525906,518166
INDUS,Chashma,29-Aug-22,508945,500770
INDUS,Taunsa,29-Aug-22,560051,560051
INDUS,Taunsa,29-Aug-22,560051,560051
INDUS,Taunsa,29-Aug-22,560051,560051
INDUS,Taunsa,29-Aug-22,560051,560051
INDUS,Taunsa,29-Aug-22,567083,567083
INDUS,Taunsa,29-Aug-22,567083,567083
INDUS,Taunsa,29-Aug-22,567083,567083
INDUS,Taunsa,29-Aug-22,567083,567083
INDUS,Taunsa,29-Aug-22,588986,588986
INDUS,Taunsa,29-Aug-22,588986,588986
INDUS,Taunsa,29-Aug-22,588986,588986
INDUS,Guddu,29-Aug-22,500944,500944
INDUS,Sukkar,29-Aug-22,530750,530750
INDUS,Kotri,29-Aug-22,338373,336948
JHELUM,Kotli,29-Aug-22,-,5910
JHELUM,Mangla,29-Aug-22,42000,9615
JHELUM,Rasul,29-Aug-22,5805,NIL
CHENAB,Marala,29-Aug-22,60274,32924
CHENAB,Khanki,29-Aug-22,42003,34625
CHENAB,Qadirabad,29-Aug-22,41175,21175
CHENAB,Trimmu,29-Aug-22,51399,39349
CHENAB,Punjnad,29-Aug-22,57838,50938
RAVI,Jassar,29-Aug-22,-,6014
RAVI,Shahdara,29-Aug-22,-,14537
RAVI,Balloki,29-Aug-22,36180,8280
RAVI,Sidhnai,29-Aug-22,22232,7802
SUTLEJ,Bhakara**,29-Aug-22,-,-
SUTLEJ,Sulemanki,29-Aug-22,20492,9103
SUTLEJ,Islam,29-Aug-22,3932,2849
INDUS,Kalabagh,29-Aug-22,410594,406594
INDUS,Kalabagh,29-Aug-22,410594,406594
INDUS,Kalabagh,29-Aug-22,410594,406594
INDUS,Kalabagh,29-Aug-22,389321,385321
INDUS,Kalabagh,29-Aug-22,389321,385321
INDUS,Kalabagh,29-Aug-22,389321,385321
INDUS,Chashma,29-Aug-22,516200,507590
INDUS,Chashma,29-Aug-22,517825,509215
INDUS,Chashma,29-Aug-22,524765,516155
INDUS,Chashma,29-Aug-22,519008,510398
INDUS,Chashma,29-Aug-22,517432,507575
INDUS,Chashma,29-Aug-22,513376,503084
INDUS,Taunsa,29-Aug-22,588986,588986
INDUS,Taunsa,29-Aug-22,603339,603339
INDUS,Taunsa,29-Aug-22,603339,603339
INDUS,Taunsa,29-Aug-22,603339,603339
INDUS,Taunsa,29-Aug-22,603339,603339
INDUS,Taunsa,29-Aug-22,603339,603339
INDUS,Guddu,29-Aug-22,500944,500944
INDUS,Sukkar,29-Aug-22,530750,530750
INDUS,Kotri,29-Aug-22,343993,342373
JHELUM,Kotli,29-Aug-22,-,5640
JHELUM,Mangla,29-Aug-22,45000,10915
JHELUM,Rasul,29-Aug-22,5805,-
CHENAB,Marala,29-Aug-22,60274,32924
CHENAB,Khanki,29-Aug-22,42015,34625
CHENAB,Qadirabad,29-Aug-22,38012,18012
CHENAB,Trimmu,29-Aug-22,46227,34177
CHENAB,Punjnad,29-Aug-22,50025,42525
RAVI,Jassar,29-Aug-22,-,6353
RAVI,Shahdara,29-Aug-22,-,14537
RAVI,Balloki,29-Aug-22,36180,8280
RAVI,Sidhnai,29-Aug-22,22893,8463
SUTLEJ,Bhakara**,29-Aug-22,40798,23877
SUTLEJ,Sulemanki,29-Aug-22,20492,9103
SUTLEJ,Islam,29-Aug-22,5813,4730
INDUS,Kalabagh,29-Aug-22,389321,385321
INDUS,Kalabagh,29-Aug-22,389406,385321
INDUS,Kalabagh,29-Aug-22,389491,385321
INDUS,Kalabagh,29-Aug-22,389576,385321
INDUS,Kalabagh,29-Aug-22,389661,385321
INDUS,Kalabagh,29-Aug-22,389746,385321
INDUS,Chashma,29-Aug-22,508560,498248
INDUS,Chashma,29-Aug-22,505669,494907
INDUS,Chashma,29-Aug-22,504802,493590
INDUS,Chashma,29-Aug-22,510957,499193
INDUS,Chashma,29-Aug-22,507392,495178
INDUS,Chashma,29-Aug-22,504169,491505
INDUS,Taunsa,29-Aug-22,603339,603339
INDUS,Taunsa,29-Aug-22,608039,608039
INDUS,Taunsa,29-Aug-22,608039,608039
INDUS,Taunsa,29-Aug-22,608039,608039
INDUS,Taunsa,29-Aug-22,608039,608039
INDUS,Taunsa,29-Aug-22,608039,608039
INDUS,Guddu,29-Aug-22,506803,506803
INDUS,Sukkar,29-Aug-22,530750,530750
INDUS,Kotri,29-Aug-22,343993,342373
JHELUM,Kotli,29-Aug-22,-,5120
JHELUM,Mangla,29-Aug-22,41000,7915
JHELUM,Rasul,29-Aug-22,5805,NIL
CHENAB,Marala,29-Aug-22,65627,38277
CHENAB,Khanki,29-Aug-22,38569,31215
CHENAB,Qadirabad,29-Aug-22,38012,18012
CHENAB,Trimmu,29-Aug-22,43635,31585
CHENAB,Punjnad,29-Aug-22,51325,42525
RAVI,Jassar,29-Aug-22,-,6602
RAVI,Shahdara,29-Aug-22,-,14537
RAVI,Balloki,29-Aug-22,35980,8280
RAVI,Sidhnai,29-Aug-22,23854,9124
SUTLEJ,Bhakara**,29-Aug-22,-,-
SUTLEJ,Sulemanki,29-Aug-22,20794,9103
SUTLEJ,Islam,29-Aug-22,6480,5397
INDUS,Kalabagh,29-Aug-22,389821,385321
INDUS,Chashma,29-Aug-22,501855,488741
INDUS,Taunsa,29-Aug-22,608039,608039
INDUS,Guddu,29-Aug-22,506803,506803
INDUS,Sukkar,29-Aug-22,530750,530750
INDUS,Kotri,29-Aug-22,343993,342373
JHELUM,Kotli,29-Aug-22,-,4870
JHELUM,Mangla,29-Aug-22,30000,11315
JHELUM,Rasul,29-Aug-22,5805,NIL
CHENAB,Marala,29-Aug-22,60274,32924
CHENAB,Khanki,29-Aug-22,31807,24655
CHENAB,Qadirabad,29-Aug-22,38012,18012
CHENAB,Trimmu,29-Aug-22,41262,29212
CHENAB,Punjnad,29-Aug-22,51325,42525
RAVI,Jassar,29-Aug-22,-,8597
RAVI,Shahdara,29-Aug-22,-,14129
RAVI,Balloki,29-Aug-22,36180,8280
RAVI,Sidhnai,29-Aug-22,24188,9458
SUTLEJ,Bhakara**,29-Aug-22,-,-
SUTLEJ,Sulemanki,29-Aug-22,20794,9103
SUTLEJ,Islam,29-Aug-22,6480,5397
INDUS,Kalabagh,30-Aug-22,389821,385321
INDUS,Kalabagh,30-Aug-22,389821,385321
INDUS,Kalabagh,30-Aug-22,389821,385321
INDUS,Kalabagh,30-Aug-22,389821,385321
INDUS,Kalabagh,30-Aug-22,389821,385321
INDUS,Kalabagh,30-Aug-22,384659,380159
INDUS,Kalabagh,30-Aug-22,386501,382001
INDUS,Kalabagh,30-Aug-22,386501,382001
INDUS,Kalabagh,30-Aug-22,386501,382001
INDUS,Kalabagh,30-Aug-22,386501,382001
INDUS,Kalabagh,30-Aug-22,386501,382001
INDUS,Chashma,30-Aug-22,499857,486293
INDUS,Chashma,30-Aug-22,509714,493700
INDUS,Chashma,30-Aug-22,508255,493791
INDUS,Chashma,30-Aug-22,NR,NR
INDUS,Chashma,30-Aug-22,512146,496947
INDUS,Chashma,30-Aug-22,519109,503625
INDUS,Chashma,30-Aug-22,516644,501789
INDUS,Chashma,30-Aug-22,520919,505779
INDUS,Chashma,30-Aug-22,517496,502071
INDUS,Chashma,30-Aug-22,519123,503413
INDUS,Chashma,30-Aug-22,510059,494064
INDUS,Taunsa,30-Aug-22,608039,608039
INDUS,Taunsa,30-Aug-22,608039,608039
INDUS,Taunsa,30-Aug-22,608039,608039
INDUS,Taunsa,30-Aug-22,608039,608039
INDUS,Taunsa,30-Aug-22,608039,608039
INDUS,Taunsa,30-Aug-22,622095,622095
INDUS,Taunsa,30-Aug-22,622095,622095
INDUS,Taunsa,30-Aug-22,622095,622095
INDUS,Taunsa,30-Aug-22,622095,622095
INDUS,Taunsa,30-Aug-22,609141,609141
INDUS,Taunsa,30-Aug-22,609141,609141
INDUS,Guddu,30-Aug-22,512595,512595
INDUS,Sukkar,30-Aug-22,530750,530750
INDUS,Kotri,30-Aug-22,353063,350568
JHELUM,Kotli,30-Aug-22,-,5380
JHELUM,Mangla,30-Aug-22,30000,10555
JHELUM,Rasul,30-Aug-22,5805,NIL
CHENAB,Marala,30-Aug-22,54921,27571
CHENAB,Khanki,30-Aug-22,38367,31215
CHENAB,Qadirabad,30-Aug-22,36075,16075
CHENAB,Trimmu,30-Aug-22,37411,25161
CHENAB,Punjnad,30-Aug-22,43740,34640
RAVI,Jassar,30-Aug-22,-,8597
RAVI,Shahdara,30-Aug-22,-,14129
RAVI,Balloki,30-Aug-22,36180,8280
RAVI,Sidhnai,30-Aug-22,24188,9458
SUTLEJ,Bhakara**,30-Aug-22,-,-
SUTLEJ,Sulemanki,30-Aug-22,20022,8231
SUTLEJ,Islam,30-Aug-22,6480,5397
INDUS,Kalabagh,30-Aug-22,386501,382001
INDUS,Kalabagh,30-Aug-22,386501,382001
INDUS,Kalabagh,30-Aug-22,386501,382001
INDUS,Kalabagh,30-Aug-22,386501,382001
INDUS,Kalabagh,30-Aug-22,386501,382001
INDUS,Kalabagh,30-Aug-22,386501,382001
INDUS,Chashma,30-Aug-22,511650,495370
INDUS,Chashma,30-Aug-22,506356,489791
INDUS,Chashma,30-Aug-22,510243,493393
INDUS,Chashma,30-Aug-22,498784,481649
INDUS,Chashma,30-Aug-22,489142,471722
INDUS,Chashma,30-Aug-22,488014,470309
INDUS,Taunsa,30-Aug-22,609141,609141
INDUS,Taunsa,30-Aug-22,609141,609141
INDUS,Taunsa,30-Aug-22,609141,609141
INDUS,Taunsa,30-Aug-22,609141,609141
INDUS,Taunsa,30-Aug-22,609141,609141
INDUS,Taunsa,30-Aug-22,609141,609141
INDUS,Guddu,30-Aug-22,512595,512595
INDUS,Sukkar,30-Aug-22,530750,530750
INDUS,Kotri,30-Aug-22,363606,361111
JHELUM,Kotli,30-Aug-22,-,5380
JHELUM,Mangla,30-Aug-22,45000,11915
JHELUM,Rasul,30-Aug-22,6105,-
CHENAB,Marala,30-Aug-22,54921,27521
CHENAB,Khanki,30-Aug-22,41777,34625
CHENAB,Qadirabad,30-Aug-22,30106,10106
CHENAB,Trimmu,30-Aug-22,37411,25161
CHENAB,Punjnad,30-Aug-22,43740,34640
RAVI,Jassar,30-Aug-22,-,6353
RAVI,Shahdara,30-Aug-22,-,14129
RAVI,Balloki,30-Aug-22,35875,7975
RAVI,Sidhnai,30-Aug-22,24488,9458
SUTLEJ,Bhakara**,30-Aug-22,38778,24000
SUTLEJ,Sulemanki,30-Aug-22,20022,8231
SUTLEJ,Islam,30-Aug-22,7563,6480
INDUS,Kalabagh,30-Aug-22,376140,371640
INDUS,Chashma,30-Aug-22,481584,464594
INDUS,Taunsa,30-Aug-22,609141,609141
INDUS,Taunsa,30-Aug-22,602664,602664
INDUS,Taunsa,30-Aug-22,602664,602664
INDUS,Taunsa,30-Aug-22,602664,602664
INDUS,Taunsa,30-Aug-22,602664,602664
INDUS,Taunsa,30-Aug-22,602664,602664
INDUS,Guddu,30-Aug-22,515750,515750
INDUS,Sukkar,30-Aug-22,530750,530750
INDUS,Kotri,30-Aug-22,372749,370149
JHELUM,Kotli,30-Aug-22,-,6180
JHELUM,Mangla,30-Aug-22,42000,9615
JHELUM,Rasul,30-Aug-22,6355,-
CHENAB,Marala,30-Aug-22,60424,32756
CHENAB,Khanki,30-Aug-22,46450,39204
CHENAB,Qadirabad,30-Aug-22,40362,20362
CHENAB,Trimmu,30-Aug-22,36405,24155
CHENAB,Punjnad,30-Aug-22,41163,31663
RAVI,Jassar,30-Aug-22,-,6353
RAVI,Shahdara,30-Aug-22,-,14537
RAVI,Balloki,30-Aug-22,35025,7125
RAVI,Sidhnai,30-Aug-22,23793,8463
SUTLEJ,Bhakara**,30-Aug-22,-,-
SUTLEJ,Sulemanki,30-Aug-22,20471,8680
SUTLEJ,Islam,30-Aug-22,7563,6480
INDUS,Kalabagh,30-Aug-22,334585,329585
INDUS,Chashma,30-Aug-22,472997,454997
INDUS,Taunsa,30-Aug-22,602664,602664
INDUS,Guddu,30-Aug-22,515750,515750
INDUS,Sukkar,30-Aug-22,530750,530750
INDUS,Kotri,30-Aug-22,372749,370149
JHELUM,Kotli,30-Aug-22,-,6450
JHELUM,Mangla,30-Aug-22,36000,12115
JHELUM,Rasul,30-Aug-22,6355,-
CHENAB,Marala,30-Aug-22,56071,27571
CHENAB,Khanki,30-Aug-22,38704,31458
CHENAB,Qadirabad,30-Aug-22,38275,18275
CHENAB,Trimmu,30-Aug-22,39698,27448
CHENAB,Punjnad,30-Aug-22,42013,31663
RAVI,Jassar,30-Aug-22,-,6014
RAVI,Shahdara,30-Aug-22,-,15353
RAVI,Balloki,30-Aug-22,35025,7125
RAVI,Sidhnai,30-Aug-22,22805,7475
SUTLEJ,Bhakara**,30-Aug-22,-,-
SUTLEJ,Sulemanki,30-Aug-22,20471,8680
SUTLEJ,Islam,30-Aug-22,7563,6480
INDUS,Kalabagh,31-Aug-22,303579,298579
INDUS,Chashma,31-Aug-22,462825,444825
INDUS,Taunsa,31-Aug-22,602664,602664
INDUS,Guddu,31-Aug-22,518706,518706
INDUS,Sukkar,31-Aug-22,529817,529817
INDUS,Kotri,31-Aug-22,379923,377148
JHELUM,Kotli,31-Aug-22,-,7010
JHELUM,Mangla,31-Aug-22,34000,8555
JHELUM,Rasul,31-Aug-22,6355,-
CHENAB,Marala,31-Aug-22,61424,32924
CHENAB,Khanki,31-Aug-22,38704,31458
CHENAB,Qadirabad,31-Aug-22,37558,17558
CHENAB,Trimmu,31-Aug-22,40757,28507
CHENAB,Punjnad,31-Aug-22,42013,31663
RAVI,Jassar,31-Aug-22,-,6014
RAVI,Shahdara,31-Aug-22,-,15353
RAVI,Balloki,31-Aug-22,35875,7975
RAVI,Sidhnai,31-Aug-22,21836,6506
SUTLEJ,Bhakara**,31-Aug-22,-,-
SUTLEJ,Sulemanki,31-Aug-22,18972,7335
SUTLEJ,Islam,31-Aug-22,7563,6480
INDUS,Kalabagh,31-Aug-22,263217,257792
INDUS,Chashma,31-Aug-22,363117,344098
INDUS,Taunsa,31-Aug-22,608154,608154
INDUS,Guddu,31-Aug-22,521645,521645
INDUS,Sukkar,31-Aug-22,529817,529817
INDUS,Kotri,31-Aug-22,387992,384617
JHELUM,Kotli,31-Aug-22,-,7580
JHELUM,Mangla,31-Aug-22,45000,11315
JHELUM,Rasul,31-Aug-22,6355,-
CHENAB,Marala,31-Aug-22,45365,16865
CHENAB,Khanki,31-Aug-22,38824,31458
CHENAB,Qadirabad,31-Aug-22,32427,12427
CHENAB,Trimmu,31-Aug-22,40757,28507
CHENAB,Punjnad,31-Aug-22,42013,31663
RAVI,Jassar,31-Aug-22,-,6184
RAVI,Shahdara,31-Aug-22,-,15353
RAVI,Balloki,31-Aug-22,35875,7975
RAVI,Sidhnai,31-Aug-22,21201,5871
SUTLEJ,Bhakara**,31-Aug-22,36681,24041
SUTLEJ,Sulemanki,31-Aug-22,18972,7335
SUTLEJ,Islam,31-Aug-22,8312,7212
INDUS,Kalabagh,31-Aug-22,261450,255450
INDUS,Chashma,31-Aug-22,317056,300936
INDUS,Taunsa,31-Aug-22,606313,606313
INDUS,Guddu,31-Aug-22,521645,521645
INDUS,Sukkar,31-Aug-22,529817,529817
INDUS,Kotri,31-Aug-22,395215,391440
JHELUM,Kotli,31-Aug-22,-,7290
JHELUM,Mangla,31-Aug-22,47000,13015
JHELUM,Rasul,31-Aug-22,3355,-
CHENAB,Marala,31-Aug-22,56071,27281
CHENAB,Khanki,31-Aug-22,38704,31458
CHENAB,Qadirabad,31-Aug-22,36253,16253
CHENAB,Trimmu,31-Aug-22,40757,28507
CHENAB,Punjnad,31-Aug-22,44381,34031
RAVI,Jassar,31-Aug-22,-,6184
RAVI,Shahdara,31-Aug-22,-,15353
RAVI,Balloki,31-Aug-22,35920,7870
RAVI,Sidhnai,31-Aug-22,20333,4883
SUTLEJ,Bhakara**,31-Aug-22,-,-
SUTLEJ,Sulemanki,31-Aug-22,18622,6831
SUTLEJ,Islam,31-Aug-22,8442,7212
INDUS,Kalabagh,31-Aug-22,261450,255450
INDUS,Chashma,31-Aug-22,299077,282957
INDUS,Taunsa,31-Aug-22,596121,596121
INDUS,Guddu,31-Aug-22,527462,527462
INDUS,Sukkar,31-Aug-22,529817,529817
INDUS,Kotri,31-Aug-22,395215,391440
JHELUM,Kotli,31-Aug-22,-,6450
JHELUM,Mangla,31-Aug-22,35000,11015
JHELUM,Rasul,31-Aug-22,3355,-
CHENAB,Marala,31-Aug-22,57071,27571
CHENAB,Khanki,31-Aug-22,31430,24040
CHENAB,Qadirabad,31-Aug-22,28493,8493
CHENAB,Trimmu,31-Aug-22,40757,28507
CHENAB,Punjnad,31-Aug-22,44381,34031
RAVI,Jassar,31-Aug-22,-,6014
RAVI,Shahdara,31-Aug-22,-,14945
RAVI,Balloki,31-Aug-22,35920,7870
RAVI,Sidhnai,31-Aug-22,19285,3305
SUTLEJ,Bhakara**,31-Aug-22,-,-
SUTLEJ,Sulemanki,31-Aug-22,18622,6831
SUTLEJ,Islam,31-Aug-22,8442,7212
INDUS,Kalabagh,01-Sept-22,251721,245721
INDUS,Chashma,01-Sept-22,279569,263331
INDUS,Taunsa,01-Sept-22,580056,580056
INDUS,Taunsa,01-Sept-22,580056,580056
INDUS,Taunsa,01-Sept-22,580056,580056
INDUS,Taunsa,01-Sept-22,580056,580056
INDUS,Guddu,01-Sept-22,531408,531408
INDUS,Sukkar,01-Sept-22,529817,529817
INDUS,Kotri,01-Sept-22,408736,403926
JHELUM,Kotli,01-Sept-22,-,6730
JHELUM,Mangla,01-Sept-22,28000,9355
JHELUM,Rasul,01-Sept-22,3355,-
CHENAB,Marala,01-Sept-22,51718,22218
CHENAB,Khanki,01-Sept-22,37633,30243
CHENAB,Qadirabad,01-Sept-22,28493,8493
CHENAB,Trimmu,01-Sept-22,41725,29475
CHENAB,Punjnad,01-Sept-22,44381,34031
RAVI,Jassar,01-Sept-22,-,6014
RAVI,Shahdara,01-Sept-22,-,15353
RAVI,Balloki,01-Sept-22,35920,7870
RAVI,Sidhnai,01-Sept-22,18624,2644
SUTLEJ,Bhakara**,01-Sept-22,-,-
SUTLEJ,Sulemanki,01-Sept-22,19543,7752
SUTLEJ,Islam,01-Sept-22,8442,7212
INDUS,Kalabagh,01-Sept-22,228389,222389
INDUS,Chashma,01-Sept-22,243297,225349
INDUS,Taunsa,01-Sept-22,562707,562707
INDUS,Taunsa,01-Sept-22,562707,562707
INDUS,Taunsa,01-Sept-22,562707,562707
INDUS,Taunsa,01-Sept-22,562707,562707
INDUS,Taunsa,01-Sept-22,531943,531943
INDUS,Guddu,01-Sept-22,540493,540493
INDUS,Sukkar,01-Sept-22,529817,529817
INDUS,Kotri,01-Sept-22,437947,432087
JHELUM,Kotli,01-Sept-22,-,7290
JHELUM,Mangla,01-Sept-22,35000,10415
JHELUM,Rasul,01-Sept-22,3455,-
CHENAB,Marala,01-Sept-22,57071,27571
CHENAB,Khanki,01-Sept-22,35494,28080
CHENAB,Qadirabad,01-Sept-22,22318,2318
CHENAB,Trimmu,01-Sept-22,41725,29475
CHENAB,Punjnad,01-Sept-22,40461,30111
RAVI,Jassar,01-Sept-22,-,5845
RAVI,Shahdara,01-Sept-22,-,15353
RAVI,Balloki,01-Sept-22,35920,7870
RAVI,Sidhnai,01-Sept-22,17302,1322
SUTLEJ,Bhakara**,01-Sept-22,36750,23917
SUTLEJ,Sulemanki,01-Sept-22,19543,7752
SUTLEJ,Islam,01-Sept-22,8442,7212
INDUS,Kalabagh,01-Sept-22,193431,187006
INDUS,Chashma,01-Sept-22,215576,194746
INDUS,Taunsa,01-Sept-22,518414,518414
INDUS,Taunsa,01-Sept-22,498103,498103
INDUS,Taunsa,01-Sept-22,498103,498103
INDUS,Taunsa,01-Sept-22,486859,486859
INDUS,Taunsa,01-Sept-22,486859,486859
INDUS,Guddu,01-Sept-22,540493,540493
INDUS,Sukkar,01-Sept-22,529817,529817
INDUS,Kotri,01-Sept-22,437947,432087
JHELUM,Kotli,01-Sept-22,-,7290
JHELUM,Mangla,01-Sept-22,46000,12615
JHELUM,Rasul,01-Sept-22,3455,NIL
CHENAB,Marala,01-Sept-22,57071,27571
CHENAB,Khanki,01-Sept-22,35494,28080
CHENAB,Qadirabad,01-Sept-22,29800,9800
CHENAB,Trimmu,01-Sept-22,36413,22873
CHENAB,Punjnad,01-Sept-22,40961,30111
RAVI,Jassar,01-Sept-22,-,5845
RAVI,Shahdara,01-Sept-22,-,15353
RAVI,Balloki,01-Sept-22,35920,7870
RAVI,Sidhnai,01-Sept-22,19585,3305
SUTLEJ,Bhakara**,01-Sept-22,,
SUTLEJ,Sulemanki,01-Sept-22,19693,7752
SUTLEJ,Islam,01-Sept-22,8442,7212
INDUS,Kalabagh,01-Sept-22,202540,196040
INDUS,Chashma,01-Sept-22,184329,162191
INDUS,Taunsa,01-Sept-22,453553,453553
INDUS,Guddu,01-Sept-22,540493,540493
INDUS,Sukkar,01-Sept-22,529817,529817
INDUS,Kotri,01-Sept-22,437947,432087
JHELUM,Kotli,01-Sept-22,-,6730
JHELUM,Mangla,01-Sept-22,26000,8115
JHELUM,Rasul,01-Sept-22,6455,NIL
CHENAB,Marala,01-Sept-22,57071,27221
CHENAB,Khanki,01-Sept-22,29209,21747
CHENAB,Qadirabad,01-Sept-22,28493,8493
CHENAB,Trimmu,01-Sept-22,37664,22873
CHENAB,Punjnad,01-Sept-22,37811,26370
RAVI,Jassar,01-Sept-22,-,5845
RAVI,Shahdara,01-Sept-22,-,15353
RAVI,Balloki,01-Sept-22,36070,7870
RAVI,Sidhnai,01-Sept-22,18413,1983
SUTLEJ,Bhakara**,01-Sept-22,,
SUTLEJ,Sulemanki,01-Sept-22,19693,7752
SUTLEJ,Islam,01-Sept-22,8442,7212
INDUS,Kalabagh,02-Sept-22,193931,187006
INDUS,Chashma,02-Sept-22,124269,103721
INDUS,Taunsa,02-Sept-22,416546,416546
INDUS,Guddu,02-Sept-22,558218,558218
INDUS,Sukkar,02-Sept-22,531865,531865
INDUS,Kotri,02-Sept-22,447024,440424
JHELUM,Kotli,02-Sept-22,-,6450
JHELUM,Mangla,02-Sept-22,28000,7555
JHELUM,Rasul,02-Sept-22,6455,NIL
CHENAB,Marala,02-Sept-22,52068,22218
CHENAB,Khanki,02-Sept-22,33624,26162
CHENAB,Qadirabad,02-Sept-22,22318,2318
CHENAB,Trimmu,02-Sept-22,40344,25094
CHENAB,Punjnad,02-Sept-22,38320,26370
RAVI,Jassar,02-Sept-22,-,5845
RAVI,Shahdara,02-Sept-22,-,14537
RAVI,Balloki,02-Sept-22,36070,7870
RAVI,Sidhnai,02-Sept-22,18413,1983
SUTLEJ,Bhakara**,02-Sept-22,,
SUTLEJ,Sulemanki,02-Sept-22,18818,6831
SUTLEJ,Islam,02-Sept-22,8442,7212
INDUS,Kalabagh,02-Sept-22,203210,196040
INDUS,Chashma,02-Sept-22,206661,188661
INDUS,Taunsa,02-Sept-22,378457,378457
INDUS,Guddu,02-Sept-22,558218,558218
INDUS,Sukkar,02-Sept-22,531865,531865
INDUS,Kotri,02-Sept-22,472049,463599
JHELUM,Kotli,02-Sept-22,-,7010
JHELUM,Mangla,02-Sept-22,30000,12315
JHELUM,Rasul,02-Sept-22,6455,-
CHENAB,Marala,02-Sept-22,46715,16865
CHENAB,Khanki,02-Sept-22,33624,26162
CHENAB,Qadirabad,02-Sept-22,29886,9886
CHENAB,Trimmu,02-Sept-22,39405,24155
CHENAB,Punjnad,02-Sept-22,38470,26370
RAVI,Jassar,02-Sept-22,-,6014
RAVI,Shahdara,02-Sept-22,-,14537
RAVI,Balloki,02-Sept-22,35570,7870
RAVI,Sidhnai,02-Sept-22,18413,1983
SUTLEJ,Bhakara**,02-Sept-22,36116,23474
SUTLEJ,Sulemanki,02-Sept-22,18818,6831
SUTLEJ,Islam,02-Sept-22,7710,6480
INDUS,Kalabagh,02-Sept-22,183225,175725
INDUS,Chashma,02-Sept-22,244075,226075
INDUS,Taunsa,02-Sept-22,348208,348208
INDUS,Guddu,02-Sept-22,561118,561118
INDUS,Sukkar,02-Sept-22,531865,531865
INDUS,Kotri,02-Sept-22,508102,498497
JHELUM,Kotli,02-Sept-22,-,7290
JHELUM,Mangla,02-Sept-22,30000,10215
JHELUM,Rasul,02-Sept-22,6455,NIL
CHENAB,Marala,02-Sept-22,57421,27571
CHENAB,Khanki,02-Sept-22,39668,32206
CHENAB,Qadirabad,02-Sept-22,27509,7509
CHENAB,Trimmu,02-Sept-22,39405,24155
CHENAB,Punjnad,02-Sept-22,38470,26370
RAVI,Jassar,02-Sept-22,-,6014
RAVI,Shahdara,02-Sept-22,-,14537
RAVI,Balloki,02-Sept-22,35570,7870
RAVI,Sidhnai,02-Sept-22,18413,1983
SUTLEJ,Bhakara**,02-Sept-22,,
SUTLEJ,Sulemanki,02-Sept-22,18388,6373
SUTLEJ,Islam,02-Sept-22,7710,6480
INDUS,Kalabagh,02-Sept-22,173743,166073
INDUS,Chashma,02-Sept-22,249848,231848
INDUS,Taunsa,02-Sept-22,295997,295997
INDUS,Guddu,02-Sept-22,561118,561118
INDUS,Sukkar,02-Sept-22,531865,531865
INDUS,Kotri,02-Sept-22,508102,498497
JHELUM,Kotli,02-Sept-22,-,6730
JHELUM,Mangla,02-Sept-22,25000,12715
JHELUM,Rasul,02-Sept-22,6455,NIL
CHENAB,Marala,02-Sept-22,57421,27221
CHENAB,Khanki,02-Sept-22,31550,24040
CHENAB,Qadirabad,02-Sept-22,27509,7509
CHENAB,Trimmu,02-Sept-22,39405,24155
CHENAB,Punjnad,02-Sept-22,38570,26370
RAVI,Jassar,02-Sept-22,-,6014
RAVI,Shahdara,02-Sept-22,-,14945
RAVI,Balloki,02-Sept-22,35570,7870
RAVI,Sidhnai,02-Sept-22,20135,3305
SUTLEJ,Bhakara**,02-Sept-22,,
SUTLEJ,Sulemanki,02-Sept-22,18388,6373
SUTLEJ,Islam,02-Sept-22,7710,6480
INDUS,Kalabagh,03-Sept-22,191363,183363
INDUS,Chashma,03-Sept-22,224917,206917
INDUS,Taunsa,03-Sept-22,295997,295997
INDUS,Guddu,03-Sept-22,553183,553183
INDUS,Sukkar,03-Sept-22,559998,559998
INDUS,Kotri,03-Sept-22,513669,503464
JHELUM,Kotli,03-Sept-22,-,6450
JHELUM,Mangla,03-Sept-22,25000,10155
JHELUM,Rasul,03-Sept-22,6455,NIL
CHENAB,Marala,03-Sept-22,47065,16865
CHENAB,Khanki,03-Sept-22,31550,24040
CHENAB,Qadirabad,03-Sept-22,29886,9886
CHENAB,Trimmu,03-Sept-22,38322,23072
CHENAB,Punjnad,03-Sept-22,27542,15342
RAVI,Jassar,03-Sept-22,-,6014
RAVI,Shahdara,03-Sept-22,-,14537
RAVI,Balloki,03-Sept-22,35070,7870
RAVI,Sidhnai,03-Sept-22,20135,3305
SUTLEJ,Bhakara**,03-Sept-22,,
SUTLEJ,Sulemanki,03-Sept-22,18145,5934
SUTLEJ,Islam,03-Sept-22,7710,6480
INDUS,Kalabagh,03-Sept-22,201617,193617
INDUS,Chashma,03-Sept-22,222343,204343
INDUS,Taunsa,03-Sept-22,213162,208162
INDUS,Guddu,03-Sept-22,532634,532634
INDUS,Sukkar,03-Sept-22,559998,559998
INDUS,Kotri,03-Sept-22,543592,532787
JHELUM,Kotli,03-Sept-22,-,6730
JHELUM,Mangla,03-Sept-22,27000,11015
JHELUM,Rasul,03-Sept-22,3455,NIL
CHENAB,Marala,03-Sept-22,57771,27571
CHENAB,Khanki,03-Sept-22,35590,28080
CHENAB,Qadirabad,03-Sept-22,24986,4986
CHENAB,Trimmu,03-Sept-22,38322,23072
CHENAB,Punjnad,03-Sept-22,27542,15342
RAVI,Jassar,03-Sept-22,-,5845
RAVI,Shahdara,03-Sept-22,-,14537
RAVI,Balloki,03-Sept-22,35170,7870
RAVI,Sidhnai,03-Sept-22,20135,3305
SUTLEJ,Bhakara**,03-Sept-22,,
SUTLEJ,Sulemanki,03-Sept-22,18145,5934
SUTLEJ,Islam,03-Sept-22,6427,5197
INDUS,Kalabagh,03-Sept-22,180756,172756
INDUS,Chashma,03-Sept-22,230575,212575
INDUS,Taunsa,03-Sept-22,205106,198606
INDUS,Guddu,03-Sept-22,522626,522626
INDUS,Sukkar,03-Sept-22,559998,559998
INDUS,Kotri,03-Sept-22,575141,562886
JHELUM,Kotli,03-Sept-22,-,7290
JHELUM,Mangla,03-Sept-22,25000,11315
JHELUM,Rasul,03-Sept-22,3455,NIL
CHENAB,Marala,03-Sept-22,57771,27571
CHENAB,Khanki,03-Sept-22,39813,32206
CHENAB,Qadirabad,03-Sept-22,27509,7509
CHENAB,Trimmu,03-Sept-22,35127,19777
CHENAB,Punjnad,03-Sept-22,26650,13600
RAVI,Jassar,03-Sept-22,-,6602
RAVI,Shahdara,03-Sept-22,-,14945
RAVI,Balloki,03-Sept-22,35170,7870
RAVI,Sidhnai,03-Sept-22,20074,2644
SUTLEJ,Bhakara**,03-Sept-22,-,-
SUTLEJ,Sulemanki,03-Sept-22,17467,5058
SUTLEJ,Islam,03-Sept-22,6427,5197
INDUS,Kalabagh,03-Sept-22,180756,172756
INDUS,Chashma,03-Sept-22,232276,214276
INDUS,Taunsa,03-Sept-22,205106,198606
INDUS,Guddu,03-Sept-22,522626,522626
INDUS,Sukkar,03-Sept-22,559998,559998
INDUS,Kotri,03-Sept-22,575141,562886
JHELUM,Kotli,03-Sept-22,-,6730
JHELUM,Mangla,03-Sept-22,25000,9115
JHELUM,Rasul,03-Sept-22,3455,NIL
CHENAB,Marala,03-Sept-22,57913,27413
CHENAB,Khanki,03-Sept-22,35663,28080
CHENAB,Qadirabad,03-Sept-22,27509,7509
CHENAB,Trimmu,03-Sept-22,35127,19777
CHENAB,Punjnad,03-Sept-22,26650,13600
RAVI,Jassar,03-Sept-22,-,7350
RAVI,Shahdara,03-Sept-22,-,14945
RAVI,Balloki,03-Sept-22,34050,6750
RAVI,Sidhnai,03-Sept-22,19467,1983
SUTLEJ,Bhakara**,03-Sept-22,-,-
SUTLEJ,Sulemanki,03-Sept-22,17467,5058
SUTLEJ,Islam,03-Sept-22,6427,5197
INDUS,Kalabagh,04-Sept-22,181711,173711
INDUS,Chashma,04-Sept-22,236011,218011
INDUS,Taunsa,04-Sept-22,205106,198606
INDUS,Guddu,04-Sept-22,484795,484795
INDUS,Sukkar,04-Sept-22,544650,544650
INDUS,Kotri,04-Sept-22,584691,572436
JHELUM,Kotli,04-Sept-22,-,6180
JHELUM,Mangla,04-Sept-22,25000,8215
JHELUM,Rasul,04-Sept-22,3455,NIL
CHENAB,Marala,04-Sept-22,52718,22218
CHENAB,Khanki,04-Sept-22,35663,28080
CHENAB,Qadirabad,04-Sept-22,27509,7509
CHENAB,Trimmu,04-Sept-22,31730,16380
CHENAB,Punjnad,04-Sept-22,26650,13600
RAVI,Jassar,04-Sept-22,-,7350
RAVI,Shahdara,04-Sept-22,-,14945
RAVI,Balloki,04-Sept-22,34050,6750
RAVI,Sidhnai,04-Sept-22,20124,2644
SUTLEJ,Bhakara**,04-Sept-22,-,-
SUTLEJ,Sulemanki,04-Sept-22,16990,4581
SUTLEJ,Islam,04-Sept-22,6427,5197
INDUS,Kalabagh,04-Sept-22,191363,183363
INDUS,Chashma,04-Sept-22,188409,170409
INDUS,Taunsa,04-Sept-22,218790,207290
INDUS,Guddu,04-Sept-22,459072,459072
INDUS,Sukkar,04-Sept-22,544650,544650
INDUS,Kotri,04-Sept-22,585651,572436
JHELUM,Kotli,04-Sept-22,-,8770
JHELUM,Mangla,04-Sept-22,28000,8115
JHELUM,Rasul,04-Sept-22,3455,NIL
CHENAB,Marala,04-Sept-22,68777,38277
CHENAB,Khanki,04-Sept-22,31623,24040
CHENAB,Qadirabad,04-Sept-22,29886,9886
CHENAB,Trimmu,04-Sept-22,31730,16380
CHENAB,Punjnad,04-Sept-22,26650,13600
RAVI,Jassar,04-Sept-22,-,6353
RAVI,Shahdara,04-Sept-22,-,14945
RAVI,Balloki,04-Sept-22,33550,6750
RAVI,Sidhnai,04-Sept-22,20124,2644
SUTLEJ,Bhakara**,04-Sept-22,,
SUTLEJ,Sulemanki,04-Sept-22,16990,4581
SUTLEJ,Islam,04-Sept-22,6427,5197
INDUS,Kalabagh,04-Sept-22,181711,173711
INDUS,Chashma,04-Sept-22,231817,213817
INDUS,Taunsa,04-Sept-22,218689,206189
INDUS,Guddu,04-Sept-22,416209,416209
INDUS,Sukkar,04-Sept-22,534750,534750
INDUS,Kotri,04-Sept-22,587767,573512
JHELUM,Kotli,04-Sept-22,-,9070
JHELUM,Mangla,04-Sept-22,26000,9215
JHELUM,Rasul,04-Sept-22,3455,Nil
CHENAB,Marala,04-Sept-22,74130,43630
CHENAB,Khanki,04-Sept-22,35663,28080
CHENAB,Qadirabad,04-Sept-22,27509,7509
CHENAB,Trimmu,04-Sept-22,29543,14193
CHENAB,Punjnad,04-Sept-22,26850,13600
RAVI,Jassar,04-Sept-22,-,6184
RAVI,Shahdara,04-Sept-22,-,14945
RAVI,Balloki,04-Sept-22,33550,6750
RAVI,Sidhnai,04-Sept-22,20124,2644
SUTLEJ,Bhakara**,04-Sept-22,-,-
SUTLEJ,Sulemanki,04-Sept-22,17040,4581
SUTLEJ,Islam,04-Sept-22,6427,5197
INDUS,Kalabagh,04-Sept-22,179950,171950
INDUS,Chashma,04-Sept-22,250922,232922
INDUS,Taunsa,04-Sept-22,218689,206189
INDUS,Guddu,04-Sept-22,416209,416209
INDUS,Sukkar,04-Sept-22,534750,534750
INDUS,Kotri,04-Sept-22,587767,573512
JHELUM,Kotli,04-Sept-22,-,7290
JHELUM,Mangla,04-Sept-22,25000,10515
JHELUM,Rasul,04-Sept-22,3455,Nil
CHENAB,Marala,04-Sept-22,68777,38277
CHENAB,Khanki,04-Sept-22,35663,28080
CHENAB,Qadirabad,04-Sept-22,24986,4986
CHENAB,Trimmu,04-Sept-22,29543,14193
CHENAB,Punjnad,04-Sept-22,26850,13600
RAVI,Jassar,04-Sept-22,-,6353
RAVI,Shahdara,04-Sept-22,-,15761
RAVI,Balloki,04-Sept-22,33550,6750
RAVI,Sidhnai,04-Sept-22,19463,1983
SUTLEJ,Bhakara**,04-Sept-22,-,-
SUTLEJ,Sulemanki,04-Sept-22,17040,4581
SUTLEJ,Islam,04-Sept-22,6427,5197
INDUS,Kalabagh,05-Sept-22,180905,172905
INDUS,Chashma,05-Sept-22,238533,220533
INDUS,Taunsa,05-Sept-22,214987,200987
INDUS,Guddu,05-Sept-22,389545,389545
INDUS,Sukkar,05-Sept-22,498880,498880
INDUS,Kotri,05-Sept-22,599027,584272
JHELUM,Kotli,05-Sept-22,-,7010
JHELUM,Mangla,05-Sept-22,35000,9315
JHELUM,Rasul,05-Sept-22,3455,Nil
CHENAB,Marala,05-Sept-22,68777,38277
CHENAB,Khanki,05-Sept-22,46787,39204
CHENAB,Qadirabad,05-Sept-22,29886,9886
CHENAB,Trimmu,05-Sept-22,29543,14193
CHENAB,Punjnad,05-Sept-22,26850,13600
RAVI,Jassar,05-Sept-22,-,7350
RAVI,Shahdara,05-Sept-22,-,15761
RAVI,Balloki,05-Sept-22,35290,8990
RAVI,Sidhnai,05-Sept-22,19463,1983
SUTLEJ,Bhakara**,05-Sept-22,-,-
SUTLEJ,Sulemanki,05-Sept-22,15783,3419
SUTLEJ,Islam,05-Sept-22,6427,5197
INDUS,Kalabagh,05-Sept-22,169699,161699
INDUS,Chashma,05-Sept-22,194689,176689
INDUS,Taunsa,05-Sept-22,214987,200987
INDUS,Guddu,05-Sept-22,312175,312175
INDUS,Sukkar,05-Sept-22,498880,498880
INDUS,Kotri,05-Sept-22,599887,584272
JHELUM,Kotli,05-Sept-22,-,9070
JHELUM,Mangla,05-Sept-22,44000,11415
JHELUM,Rasul,05-Sept-22,6455,-
CHENAB,Marala,05-Sept-22,57921,27571
CHENAB,Khanki,05-Sept-22,49723,42140
CHENAB,Qadirabad,05-Sept-22,41175,21175
CHENAB,Trimmu,05-Sept-22,29543,14193
CHENAB,Punjnad,05-Sept-22,25272,12022
RAVI,Jassar,05-Sept-22,-,9219
RAVI,Shahdara,05-Sept-22,-,15761
RAVI,Balloki,05-Sept-22,35290,8990
RAVI,Sidhnai,05-Sept-22,19463,1983
SUTLEJ,Bhakara**,05-Sept-22,NR,NR
SUTLEJ,Sulemanki,05-Sept-22,15783,3419
SUTLEJ,Islam,05-Sept-22,5462,4232
INDUS,Kalabagh,05-Sept-22,179950,171950
INDUS,Chashma,05-Sept-22,194752,176752
INDUS,Taunsa,05-Sept-22,214982,199982
INDUS,Guddu,05-Sept-22,312007,311007
INDUS,Sukkar,05-Sept-22,469025,469025
INDUS,Kotri,05-Sept-22,603327,584272
JHELUM,Kotli,05-Sept-22,-,7580
JHELUM,Mangla,05-Sept-22,20000,10315
JHELUM,Rasul,05-Sept-22,7020,NIL
CHENAB,Marala,05-Sept-22,63274,32924
CHENAB,Khanki,05-Sept-22,46787,39204
CHENAB,Qadirabad,05-Sept-22,38998,18998
CHENAB,Trimmu,05-Sept-22,29543,14193
CHENAB,Punjnad,05-Sept-22,25272,12022
RAVI,Jassar,05-Sept-22,-,8846
RAVI,Shahdara,05-Sept-22,-,15761
RAVI,Balloki,05-Sept-22,37650,12350
RAVI,Sidhnai,05-Sept-22,19513,1983
SUTLEJ,Bhakara**,05-Sept-22,-,
SUTLEJ,Sulemanki,05-Sept-22,15831,3419
SUTLEJ,Islam,05-Sept-22,5462,4232
INDUS,Kalabagh,05-Sept-22,168654,160654
INDUS,Chashma,05-Sept-22,200743,182743
INDUS,Taunsa,05-Sept-22,214982,199982
INDUS,Guddu,05-Sept-22,306332,306332
INDUS,Sukkar,05-Sept-22,469025,469025
INDUS,Kotri,05-Sept-22,603327,584272
JHELUM,Kotli,05-Sept-22,-,6730
JHELUM,Mangla,05-Sept-22,30000,10615
JHELUM,Rasul,05-Sept-22,6570,NIL
CHENAB,Marala,05-Sept-22,63274,32924
CHENAB,Khanki,05-Sept-22,46787,39204
CHENAB,Qadirabad,05-Sept-22,38998,18998
CHENAB,Trimmu,05-Sept-22,29543,14193
CHENAB,Punjnad,05-Sept-22,25272,12022
RAVI,Jassar,05-Sept-22,-,9219
RAVI,Shahdara,05-Sept-22,-,16168
RAVI,Balloki,05-Sept-22,37650,12350
RAVI,Sidhnai,05-Sept-22,19874,2644
SUTLEJ,Bhakara**,05-Sept-22,-,
SUTLEJ,Sulemanki,05-Sept-22,15831,3419
SUTLEJ,Islam,05-Sept-22,5462,4232
INDUS,Kalabagh,06-Sept-22,161801,153801
INDUS,Chashma,06-Sept-22,220171,202171
INDUS,Taunsa,06-Sept-22,222914,206914
INDUS,Guddu,06-Sept-22,297999,297999
INDUS,Sukkar,06-Sept-22,419090,419090
INDUS,Kotri,06-Sept-22,604147,584272
JHELUM,Kotli,06-Sept-22,-,6730
JHELUM,Mangla,06-Sept-22,30000,10515
JHELUM,Rasul,06-Sept-22,6570,NIL
CHENAB,Marala,06-Sept-22,63274,32924
CHENAB,Khanki,06-Sept-22,43318,35735
CHENAB,Qadirabad,06-Sept-22,38998,18998
CHENAB,Trimmu,06-Sept-22,29543,14193
CHENAB,Punjnad,06-Sept-22,23708,10458
RAVI,Jassar,06-Sept-22,-,9219
RAVI,Shahdara,06-Sept-22,-,16168
RAVI,Balloki,06-Sept-22,38885,14585
RAVI,Sidhnai,06-Sept-22,19213,1983
SUTLEJ,Bhakara**,06-Sept-22,-,
SUTLEJ,Sulemanki,06-Sept-22,15026,2561
SUTLEJ,Islam,06-Sept-22,5462,4232
INDUS,Kalabagh,06-Sept-22,181859,173859
INDUS,Chashma,06-Sept-22,240466,222466
INDUS,Taunsa,06-Sept-22,228746,212746
INDUS,Guddu,06-Sept-22,250952,250952
INDUS,Sukkar,06-Sept-22,399135,399135
INDUS,Kotri,06-Sept-22,604147,584282
JHELUM,Kotli,06-Sept-22,-,6180
JHELUM,Mangla,06-Sept-22,30000,12515
JHELUM,Rasul,06-Sept-22,6570,-
CHENAB,Marala,06-Sept-22,52668,22218
CHENAB,Khanki,06-Sept-22,41489,33906
CHENAB,Qadirabad,06-Sept-22,38998,18998
CHENAB,Trimmu,06-Sept-22,27432,12082
CHENAB,Punjnad,06-Sept-22,23708,10458
RAVI,Jassar,06-Sept-22,-,7600
RAVI,Shahdara,06-Sept-22,-,16168
RAVI,Balloki,06-Sept-22,38885,14585
RAVI,Sidhnai,06-Sept-22,19874,2644
SUTLEJ,Bhakara**,06-Sept-22,34610,24500
SUTLEJ,Sulemanki,06-Sept-22,15026,2561
SUTLEJ,Islam,06-Sept-22,5462,4232
INDUS,Kalabagh,06-Sept-22,171608,163608
INDUS,Chashma,06-Sept-22,224721,206721
INDUS,Taunsa,06-Sept-22,209611,194111
INDUS,Guddu,06-Sept-22,247922,244342
INDUS,Sukkar,06-Sept-22,388122,388122
INDUS,Kotri,06-Sept-22,604147,583882
JHELUM,Kotli,06-Sept-22,-,5120
JHELUM,Mangla,06-Sept-22,25000,12815
JHELUM,Rasul,06-Sept-22,6570,Nil
CHENAB,Marala,06-Sept-22,47315,16865
CHENAB,Khanki,06-Sept-22,35663,28080
CHENAB,Qadirabad,06-Sept-22,34945,14945
CHENAB,Trimmu,06-Sept-22,27432,12082
CHENAB,Punjnad,06-Sept-22,23708,10458
RAVI,Jassar,06-Sept-22,-,7600
RAVI,Shahdara,06-Sept-22,-,16985
RAVI,Balloki,06-Sept-22,39385,14585
RAVI,Sidhnai,06-Sept-22,19874,2644
SUTLEJ,Bhakara**,06-Sept-22,-,-
SUTLEJ,Sulemanki,06-Sept-22,14898,2338
SUTLEJ,Islam,06-Sept-22,5462,4232
INDUS,Kalabagh,06-Sept-22,171608,163608
INDUS,Chashma,06-Sept-22,221405,203405
INDUS,Taunsa,06-Sept-22,206288,190788
INDUS,Guddu,06-Sept-22,247922,244342
INDUS,Sukkar,06-Sept-22,388122,388122
INDUS,Kotri,06-Sept-22,604147,583882
JHELUM,Kotli,06-Sept-22,-,4370
JHELUM,Mangla,06-Sept-22,26000,10615
JHELUM,Rasul,06-Sept-22,6770,Nil
CHENAB,Marala,06-Sept-22,47315,16865
CHENAB,Khanki,06-Sept-22,35663,28080
CHENAB,Qadirabad,06-Sept-22,32427,12427
CHENAB,Trimmu,06-Sept-22,27432,12082
CHENAB,Punjnad,06-Sept-22,24418,11168
RAVI,Jassar,06-Sept-22,-,6353
RAVI,Shahdara,06-Sept-22,-,16985
RAVI,Balloki,06-Sept-22,39420,14620
RAVI,Sidhnai,06-Sept-22,19874,2644
SUTLEJ,Bhakara**,06-Sept-22,-,-
SUTLEJ,Sulemanki,06-Sept-22,14898,2338
SUTLEJ,Islam,06-Sept-22,5462,4332
INDUS,Kalabagh,07-Sept-22,169699,161699
INDUS,Chashma,07-Sept-22,205205,187205
INDUS,Taunsa,07-Sept-22,191452,175952
INDUS,Guddu,07-Sept-22,211265,207685
INDUS,Sukkar,07-Sept-22,323218,323218
INDUS,Kotri,07-Sept-22,604127,583882
JHELUM,Kotli,07-Sept-22,-,4620
JHELUM,Mangla,07-Sept-22,20000,8315
JHELUM,Rasul,07-Sept-22,6770,Nil
CHENAB,Marala,07-Sept-22,47315,16865
CHENAB,Khanki,07-Sept-22,29669,22086
CHENAB,Qadirabad,07-Sept-22,32427,12427
CHENAB,Trimmu,07-Sept-22,27432,12082
CHENAB,Punjnad,07-Sept-22,23210,9960
RAVI,Jassar,07-Sept-22,-,6353
RAVI,Shahdara,07-Sept-22,-,16985
RAVI,Balloki,07-Sept-22,39320,14620
RAVI,Sidhnai,07-Sept-22,19874,2644
SUTLEJ,Bhakara**,07-Sept-22,-,-
SUTLEJ,Sulemanki,07-Sept-22,14362,1852
SUTLEJ,Islam,07-Sept-22,5462,4232
INDUS,Kalabagh,07-Sept-22,192665,184665
INDUS,Chashma,07-Sept-22,210398,183398
INDUS,Taunsa,07-Sept-22,206505,191005
INDUS,Guddu,07-Sept-22,210860,206480
INDUS,Sukkar,07-Sept-22,302476,302476
INDUS,Kotri,07-Sept-22,604127,583882
JHELUM,Kotli,07-Sept-22,-,4870
JHELUM,Mangla,07-Sept-22,19000,12015
JHELUM,Rasul,07-Sept-22,6770,-
CHENAB,Marala,07-Sept-22,45786,15286
CHENAB,Khanki,07-Sept-22,22961,15378
CHENAB,Qadirabad,07-Sept-22,22318,2318
CHENAB,Trimmu,07-Sept-22,27432,12082
CHENAB,Punjnad,07-Sept-22,23210,9960
RAVI,Jassar,07-Sept-22,-,6184
RAVI,Shahdara,07-Sept-22,-,16985
RAVI,Balloki,07-Sept-22,39320,14620
RAVI,Sidhnai,07-Sept-22,19874,2644
SUTLEJ,Bhakara**,07-Sept-22,31350,24542
SUTLEJ,Sulemanki,07-Sept-22,14362,1852
SUTLEJ,Islam,07-Sept-22,5462,4232
INDUS,Kalabagh,07-Sept-22,161801,153801
INDUS,Chashma,07-Sept-22,228892,210892
INDUS,Taunsa,07-Sept-22,206505,191005
INDUS,Guddu,07-Sept-22,205918,198453
INDUS,Sukkar,07-Sept-22,288770,288770
INDUS,Kotri,07-Sept-22,604127,583882
JHELUM,Kotli,07-Sept-22,-,4370
JHELUM,Mangla,07-Sept-22,19000,11515
JHELUM,Rasul,07-Sept-22,6770,Nil
CHENAB,Marala,07-Sept-22,42012,11512
CHENAB,Khanki,07-Sept-22,22961,15378
CHENAB,Qadirabad,07-Sept-22,20000,Nil
CHENAB,Trimmu,07-Sept-22,27432,12082
CHENAB,Punjnad,07-Sept-22,23210,9960
RAVI,Jassar,07-Sept-22,-,6184
RAVI,Shahdara,07-Sept-22,-,16985
RAVI,Balloki,07-Sept-22,39320,14620
RAVI,Sidhnai,07-Sept-22,20675,3305
SUTLEJ,Bhakara**,07-Sept-22,-,-
SUTLEJ,Sulemanki,07-Sept-22,14457,1852
SUTLEJ,Islam,07-Sept-22,2461,1231
INDUS,Kalabagh,07-Sept-22,161801,153801
INDUS,Chashma,07-Sept-22,221903,203903
INDUS,Taunsa,07-Sept-22,206505,191005
INDUS,Guddu,07-Sept-22,205918,198453
INDUS,Sukkar,07-Sept-22,288770,288770
INDUS,Kotri,07-Sept-22,604127,583882
JHELUM,Kotli,07-Sept-22,-,3900
JHELUM,Mangla,07-Sept-22,26000,7815
JHELUM,Rasul,07-Sept-22,3770,Nil
CHENAB,Marala,07-Sept-22,42012,11512
CHENAB,Khanki,07-Sept-22,22961,15378
CHENAB,Qadirabad,07-Sept-22,20000,Nil
CHENAB,Trimmu,07-Sept-22,27432,12082
CHENAB,Punjnad,07-Sept-22,22456,9256
RAVI,Jassar,07-Sept-22,-,5845
RAVI,Shahdara,07-Sept-22,-,16985
RAVI,Balloki,07-Sept-22,39320,14620
RAVI,Sidhnai,07-Sept-22,21336,3966
SUTLEJ,Bhakara**,07-Sept-22,-,-
SUTLEJ,Sulemanki,07-Sept-22,14457,1852
SUTLEJ,Islam,07-Sept-22,2461,1231
INDUS,Kalabagh,08-Sept-22,167079,159079
INDUS,Chashma,08-Sept-22,197809,179809
INDUS,Taunsa,08-Sept-22,198813,182813
INDUS,Guddu,08-Sept-22,193300,185835
INDUS,Sukkar,08-Sept-22,273416,273416
INDUS,Kotri,08-Sept-22,604099,583882
JHELUM,Kotli,08-Sept-22,-,4370
JHELUM,Mangla,08-Sept-22,25000,9515
JHELUM,Rasul,08-Sept-22,3770,Nil
CHENAB,Marala,08-Sept-22,42012,11512
CHENAB,Khanki,08-Sept-22,15047,7464
CHENAB,Qadirabad,08-Sept-22,17000,Nil
CHENAB,Trimmu,08-Sept-22,29543,14193
CHENAB,Punjnad,08-Sept-22,22456,9256
RAVI,Jassar,08-Sept-22,-,5845
RAVI,Shahdara,08-Sept-22,-,16985
RAVI,Balloki,08-Sept-22,39320,14620
RAVI,Sidhnai,08-Sept-22,21336,3966
SUTLEJ,Bhakara**,08-Sept-22,-,-
SUTLEJ,Sulemanki,08-Sept-22,13772,1167
SUTLEJ,Islam,08-Sept-22,2461,1231
INDUS,Kalabagh,08-Sept-22,149420,141420
INDUS,Chashma,08-Sept-22,191700,173700
INDUS,Taunsa,08-Sept-22,199313,182813
INDUS,Guddu,08-Sept-22,192295,185835
INDUS,Sukkar,08-Sept-22,255050,255050
INDUS,Kotri,08-Sept-22,604099,583882
JHELUM,Kotli,08-Sept-22,-,4620
JHELUM,Mangla,08-Sept-22,25000,11115
JHELUM,Rasul,08-Sept-22,3870,-
CHENAB,Marala,08-Sept-22,40220,9720
CHENAB,Khanki,08-Sept-22,15047,7464
CHENAB,Qadirabad,08-Sept-22,11825,-
CHENAB,Trimmu,08-Sept-22,32800,17450
CHENAB,Punjnad,08-Sept-22,22456,9256
RAVI,Jassar,08-Sept-22,-,5845
RAVI,Shahdara,08-Sept-22,-,16576
RAVI,Balloki,08-Sept-22,37135,12435
RAVI,Sidhnai,08-Sept-22,22992,5622
SUTLEJ,Bhakara**,08-Sept-22,28987,25292
SUTLEJ,Sulemanki,08-Sept-22,13772,1167
SUTLEJ,Islam,08-Sept-22,2461,1231
INDUS,Kalabagh,08-Sept-22,149420,141420
INDUS,Chashma,08-Sept-22,194101,176101
INDUS,Taunsa,08-Sept-22,195851,179351
INDUS,Guddu,08-Sept-22,190841,184381
INDUS,Sukkar,08-Sept-22,235942,235942
INDUS,Kotri,08-Sept-22,604099,583882
JHELUM,Kotli,08-Sept-22,-,4130
JHELUM,Mangla,08-Sept-22,20000,14915
JHELUM,Rasul,08-Sept-22,3870,NIL
CHENAB,Marala,08-Sept-22,52718,22218
CHENAB,Khanki,08-Sept-22,13181,5598
CHENAB,Qadirabad,08-Sept-22,10775,NIL
CHENAB,Trimmu,08-Sept-22,32800,17450
CHENAB,Punjnad,08-Sept-22,23156,9256
RAVI,Jassar,08-Sept-22,-,5845
RAVI,Shahdara,08-Sept-22,-,16576
RAVI,Balloki,08-Sept-22,37435,12435
RAVI,Sidhnai,08-Sept-22,23279,5949
SUTLEJ,Bhakara**,08-Sept-22,-,-
SUTLEJ,Sulemanki,08-Sept-22,13772,1167
SUTLEJ,Islam,08-Sept-22,2461,1231
INDUS,Kalabagh,08-Sept-22,152203,144203
INDUS,Chashma,08-Sept-22,205080,187080
INDUS,Taunsa,08-Sept-22,195851,179351
INDUS,Guddu,08-Sept-22,190841,184381
INDUS,Sukkar,08-Sept-22,235942,235942
INDUS,Kotri,08-Sept-22,604099,583882
JHELUM,Kotli,08-Sept-22,-,3660
JHELUM,Mangla,08-Sept-22,25000,28315
JHELUM,Rasul,08-Sept-22,6870,NIL
CHENAB,Marala,08-Sept-22,42092,11512
CHENAB,Khanki,08-Sept-22,22961,15378
CHENAB,Qadirabad,08-Sept-22,9725,NIL
CHENAB,Trimmu,08-Sept-22,32800,17450
CHENAB,Punjnad,08-Sept-22,23156,9256
RAVI,Jassar,08-Sept-22,-,5845
RAVI,Shahdara,08-Sept-22,-,16576
RAVI,Balloki,08-Sept-22,37435,12435
RAVI,Sidhnai,08-Sept-22,24563,7233
SUTLEJ,Bhakara**,08-Sept-22,-,-
SUTLEJ,Sulemanki,08-Sept-22,13772,1167
SUTLEJ,Islam,08-Sept-22,2461,1233
INDUS,Kalabagh,09-Sept-22,165575,157575
INDUS,Chashma,09-Sept-22,221683,203683
INDUS,Taunsa,09-Sept-22,202391,185391
INDUS,Guddu,09-Sept-22,167866,163416
INDUS,Sukkar,09-Sept-22,205945,205945
INDUS,Kotri,09-Sept-22,604087,583882
JHELUM,Kotli,09-Sept-22,-,4130
JHELUM,Mangla,09-Sept-22,24000,13055
JHELUM,Rasul,09-Sept-22,3870,NIL
CHENAB,Marala,09-Sept-22,42092,11512
CHENAB,Khanki,09-Sept-22,11315,3732
CHENAB,Qadirabad,09-Sept-22,10150,NIL
CHENAB,Trimmu,09-Sept-22,37329,21979
CHENAB,Punjnad,09-Sept-22,23156,9256
RAVI,Jassar,09-Sept-22,-,5845
RAVI,Shahdara,09-Sept-22,-,16576
RAVI,Balloki,09-Sept-22,33990,8990
RAVI,Sidhnai,09-Sept-22,24563,7233
SUTLEJ,Bhakara**,09-Sept-22,-,-
SUTLEJ,Sulemanki,09-Sept-22,13772,1167
SUTLEJ,Islam,09-Sept-22,   ,1231
INDUS,Kalabagh,09-Sept-22,165575,157575
INDUS,Chashma,09-Sept-22,183929,165929
INDUS,Taunsa,09-Sept-22,202391,185391
INDUS,Guddu,09-Sept-22,167866,163416
INDUS,Sukkar,09-Sept-22,199020,199020
INDUS,Kotri,09-Sept-22,604087,583882
JHELUM,Kotli,09-Sept-22,-,4370
JHELUM,Mangla,09-Sept-22,19000,13815
JHELUM,Rasul,09-Sept-22,8870,-
CHENAB,Marala,09-Sept-22,45866,15286
CHENAB,Khanki,09-Sept-22,31897,24290
CHENAB,Qadirabad,09-Sept-22,12678,Nil
CHENAB,Trimmu,09-Sept-22,37329,21979
CHENAB,Punjnad,09-Sept-22,22956,9256
RAVI,Jassar,09-Sept-22,-,6014
RAVI,Shahdara,09-Sept-22,-,16576
RAVI,Balloki,09-Sept-22,33990,8990
RAVI,Sidhnai,09-Sept-22,24563,7233
SUTLEJ,Bhakara**,09-Sept-22,28874,25376
SUTLEJ,Sulemanki,09-Sept-22,13772,1167
SUTLEJ,Islam,09-Sept-22,2461,1231
INDUS,Kalabagh,09-Sept-22,153239,145239
INDUS,Chashma,09-Sept-22,199787,181787
INDUS,Taunsa,09-Sept-22,193347,176347
INDUS,Guddu,09-Sept-22,165497,158537
INDUS,Sukkar,09-Sept-22,195616,195616
INDUS,Kotri,09-Sept-22,604087,583882
JHELUM,Kotli,09-Sept-22,-,17970
JHELUM,Mangla,09-Sept-22,16000,12115
JHELUM,Rasul,09-Sept-22,12870,Nil
CHENAB,Marala,09-Sept-22,42092,11512
CHENAB,Khanki,09-Sept-22,15071,7464
CHENAB,Qadirabad,09-Sept-22,17564,2318
CHENAB,Trimmu,09-Sept-22,35128,19778
CHENAB,Punjnad,09-Sept-22,26956,9256
RAVI,Jassar,09-Sept-22,-,6014
RAVI,Shahdara,09-Sept-22,-,16576
RAVI,Balloki,09-Sept-22,29715,4515
RAVI,Sidhnai,09-Sept-22,24863,7233
SUTLEJ,Bhakara**,09-Sept-22,-,-
SUTLEJ,Sulemanki,09-Sept-22,13772,1167
SUTLEJ,Islam,09-Sept-22,2461,1231
INDUS,Kalabagh,09-Sept-22,153239,145239
INDUS,Chashma,09-Sept-22,207395,189395
INDUS,Taunsa,09-Sept-22,193347,176347
INDUS,Guddu,09-Sept-22,165497,158537
INDUS,Sukkar,09-Sept-22,195616,195616
INDUS,Kotri,09-Sept-22,604087,583882
JHELUM,Kotli,09-Sept-22,-,3210
JHELUM,Mangla,09-Sept-22,22000,24715
JHELUM,Rasul,09-Sept-22,12870,Nil
CHENAB,Marala,09-Sept-22,42092,11512
CHENAB,Khanki,09-Sept-22,20597,12990
CHENAB,Qadirabad,09-Sept-22,20264,2318
CHENAB,Trimmu,09-Sept-22,35128,19778
CHENAB,Punjnad,09-Sept-22,23056,9256
RAVI,Jassar,09-Sept-22,-,6014
RAVI,Shahdara,09-Sept-22,-,16576
RAVI,Balloki,09-Sept-22,29715,4515
RAVI,Sidhnai,09-Sept-22,26107,8517
SUTLEJ,Bhakara**,09-Sept-22,-,-
SUTLEJ,Sulemanki,09-Sept-22,13772,1167
SUTLEJ,Islam,09-Sept-22,2461,1231
INDUS,Kalabagh,10-Sept-22,153158,145158
INDUS,Chashma,10-Sept-22,213539,195539
INDUS,Taunsa,10-Sept-22,181245,164245
INDUS,Guddu,10-Sept-22,165161,158537
INDUS,Sukkar,10-Sept-22,185010,185010
INDUS,Kotri,10-Sept-22,626053,600018
JHELUM,Kotli,10-Sept-22,-,3900
JHELUM,Mangla,10-Sept-22,18000,14255
JHELUM,Rasul,10-Sept-22,12870,Nil
CHENAB,Marala,10-Sept-22,45866,15286
CHENAB,Khanki,10-Sept-22,15071,7464
CHENAB,Qadirabad,10-Sept-22,22318,2318
CHENAB,Trimmu,10-Sept-22,30560,15210
CHENAB,Punjnad,10-Sept-22,23056,9256
RAVI,Jassar,10-Sept-22,-,6014
RAVI,Shahdara,10-Sept-22,-,16576
RAVI,Balloki,10-Sept-22,29715,4515
RAVI,Sidhnai,10-Sept-22,25392,7802
SUTLEJ,Bhakara**,10-Sept-22,-,-
SUTLEJ,Sulemanki,10-Sept-22,13772,1167
SUTLEJ,Islam,10-Sept-22,2461,1231
INDUS,Kalabagh,10-Sept-22,175746,167746
INDUS,Chashma,10-Sept-22,205890,187890
INDUS,Taunsa,10-Sept-22,181245,164245
INDUS,Guddu,10-Sept-22,165161,158537
INDUS,Sukkar,10-Sept-22,182260,182260
INDUS,Kotri,10-Sept-22,626193,600018
JHELUM,Kotli,10-Sept-22,-,5380
JHELUM,Mangla,10-Sept-22,18000,12115
JHELUM,Rasul,10-Sept-22,11620,NIL
CHENAB,Marala,10-Sept-22,47445,16865
CHENAB,Khanki,10-Sept-22,13205,5598
CHENAB,Qadirabad,10-Sept-22,20000,NIL
CHENAB,Trimmu,10-Sept-22,28254,12904
CHENAB,Punjnad,10-Sept-22,23256,9256
RAVI,Jassar,10-Sept-22,-,5845
RAVI,Shahdara,10-Sept-22,-,16168
RAVI,Balloki,10-Sept-22,29715,4515
RAVI,Sidhnai,10-Sept-22,26395,9105
SUTLEJ,Bhakara**,10-Sept-22,,
SUTLEJ,Sulemanki,10-Sept-22,13772,1167
SUTLEJ,Islam,10-Sept-22,2461,1231
INDUS,Kalabagh,10-Sept-22,165575,157575
INDUS,Chashma,10-Sept-22,200082,181882
INDUS,Taunsa,10-Sept-22,170899,153899
INDUS,Guddu,10-Sept-22,165161,158537
INDUS,Sukkar,10-Sept-22,177860,177860
INDUS,Kotri,10-Sept-22,626193,600018
JHELUM,Kotli,10-Sept-22,-,7100
JHELUM,Mangla,10-Sept-22,18000,5615
JHELUM,Rasul,10-Sept-22,10270,NIL
CHENAB,Marala,10-Sept-22,52723,22218
CHENAB,Khanki,10-Sept-22,25296,18689
CHENAB,Qadirabad,10-Sept-22,17000,NIL
CHENAB,Trimmu,10-Sept-22,28254,12904
CHENAB,Punjnad,10-Sept-22,23256,9256
RAVI,Jassar,10-Sept-22,-,5845
RAVI,Shahdara,10-Sept-22,-,15761
RAVI,Balloki,10-Sept-22,30930,5630
RAVI,Sidhnai,10-Sept-22,25165,7875
SUTLEJ,Bhakara**,10-Sept-22,,
SUTLEJ,Sulemanki,10-Sept-22,13772,1167
SUTLEJ,Islam,10-Sept-22,2461,1231
INDUS,Kalabagh,10-Sept-22,165575,157575
INDUS,Chashma,10-Sept-22,178106,159906
INDUS,Taunsa,10-Sept-22,170899,153899
INDUS,Guddu,10-Sept-22,165161,158537
INDUS,Sukkar,10-Sept-22,177860,177860
INDUS,Kotri,10-Sept-22,626193,600018
JHELUM,Kotli,10-Sept-22,-,5380
JHELUM,Mangla,10-Sept-22,37000,25715
JHELUM,Rasul,10-Sept-22,9700,Nil
CHENAB,Marala,10-Sept-22,42017,11512
CHENAB,Khanki,10-Sept-22,15254,7464
CHENAB,Qadirabad,10-Sept-22,17900,Nil
CHENAB,Trimmu,10-Sept-22,28254,12904
CHENAB,Punjnad,10-Sept-22,23256,9256
RAVI,Jassar,10-Sept-22,-,5845
RAVI,Shahdara,10-Sept-22,-,14945
RAVI,Balloki,10-Sept-22,32050,6750
RAVI,Sidhnai,10-Sept-22,25165,7878
SUTLEJ,Bhakara**,10-Sept-22,,
SUTLEJ,Sulemanki,10-Sept-22,13772,1167
SUTLEJ,Islam,10-Sept-22,2461,1231
INDUS,Kalabagh,11-Sept-22,174791,166791
INDUS,Chashma,11-Sept-22,181738,163538
INDUS,Taunsa,11-Sept-22,481345,164345
INDUS,Guddu,11-Sept-22,163022,156098
INDUS,Sukkar,11-Sept-22,177666,176055
INDUS,Kotri,11-Sept-22,626193,600018
JHELUM,Kotli,11-Sept-22,-,5640
JHELUM,Mangla,11-Sept-22,28000,14355
JHELUM,Rasul,11-Sept-22,9375,Nil
CHENAB,Marala,11-Sept-22,63429,32924
CHENAB,Khanki,11-Sept-22,23096,15306
CHENAB,Qadirabad,11-Sept-22,19025,Nil
CHENAB,Trimmu,11-Sept-22,23444,8094
CHENAB,Punjnad,11-Sept-22,23256,9256
RAVI,Jassar,11-Sept-22,-,5845
RAVI,Shahdara,11-Sept-22,-,14945
RAVI,Balloki,11-Sept-22,34290,8990
RAVI,Sidhnai,11-Sept-22,24561,7271
SUTLEJ,Bhakara**,11-Sept-22,,
SUTLEJ,Sulemanki,11-Sept-22,13018,413
SUTLEJ,Islam,11-Sept-22,2029,799
INDUS,Kalabagh,11-Sept-22,185678,177678
INDUS,Chashma,11-Sept-22,182021,163821
INDUS,Taunsa,11-Sept-22,181345,164345
INDUS,Guddu,11-Sept-22,163498,156098
INDUS,Sukkar,11-Sept-22,177666,176055
INDUS,Kotri,11-Sept-22,620092,593597
JHELUM,Kotli,11-Sept-22,-,6180
JHELUM,Mangla,11-Sept-22,47000,10515
JHELUM,Rasul,11-Sept-22,9975,-
CHENAB,Marala,11-Sept-22,45791,15286
CHENAB,Khanki,11-Sept-22,32204,24414
CHENAB,Qadirabad,11-Sept-22,22018,2318
CHENAB,Trimmu,11-Sept-22,23444,8094
CHENAB,Punjnad,11-Sept-22,23256,9256
RAVI,Jassar,11-Sept-22,-,6184
RAVI,Shahdara,11-Sept-22,-,14945
RAVI,Balloki,11-Sept-22,34290,8990
RAVI,Sidhnai,11-Sept-22,22559,5269
SUTLEJ,Bhakara**,11-Sept-22,,
SUTLEJ,Sulemanki,11-Sept-22,13018,413
SUTLEJ,Islam,11-Sept-22,1230,-
INDUS,Kalabagh,11-Sept-22,174473,166473
INDUS,Chashma,11-Sept-22,203099,184849
INDUS,Taunsa,11-Sept-22,181345,164345
INDUS,Guddu,11-Sept-22,169472,162072
INDUS,Sukkar,11-Sept-22,177666,176055
INDUS,Kotri,11-Sept-22,620092,593597
JHELUM,Kotli,11-Sept-22,-,6450
JHELUM,Mangla,11-Sept-22,44000,8115
JHELUM,Rasul,11-Sept-22,20465,7990
CHENAB,Marala,11-Sept-22,45716,15286
CHENAB,Khanki,11-Sept-22,31756,24414
CHENAB,Qadirabad,11-Sept-22,31133,11133
CHENAB,Trimmu,11-Sept-22,23444,8094
CHENAB,Punjnad,11-Sept-22,23256,9256
RAVI,Jassar,11-Sept-22,-,6184
RAVI,Shahdara,11-Sept-22,-,14945
RAVI,Balloki,11-Sept-22,34270,7870
RAVI,Sidhnai,11-Sept-22,21237,3947
SUTLEJ,Bhakara**,11-Sept-22,-,-
SUTLEJ,Sulemanki,11-Sept-22,13245,217
SUTLEJ,Islam,11-Sept-22,1230,Nil
INDUS,Kalabagh,11-Sept-22,174473,166473
INDUS,Chashma,11-Sept-22,206567,188027
INDUS,Taunsa,11-Sept-22,187415,170415
INDUS,Guddu,11-Sept-22,169472,162072
INDUS,Sukkar,11-Sept-22,177666,176055
INDUS,Kotri,11-Sept-22,613092,587197
JHELUM,Kotli,11-Sept-22,-,5120
JHELUM,Mangla,11-Sept-22,30000,22615
JHELUM,Rasul,11-Sept-22,12475,NIL
CHENAB,Marala,11-Sept-22,52648,22218
CHENAB,Khanki,11-Sept-22,27306,19928
CHENAB,Qadirabad,11-Sept-22,31133,11133
CHENAB,Trimmu,11-Sept-22,23444,8094
CHENAB,Punjnad,11-Sept-22,28666,14666
RAVI,Jassar,11-Sept-22,-,6184
RAVI,Shahdara,11-Sept-22,-,15761
RAVI,Balloki,11-Sept-22,34270,7870
RAVI,Sidhnai,11-Sept-22,20234,2644
SUTLEJ,Bhakara**,11-Sept-22,-,-
SUTLEJ,Sulemanki,11-Sept-22,13245,217
SUTLEJ,Islam,11-Sept-22,1230,Nil
INDUS,Kalabagh,12-Sept-22,194575,186575
INDUS,Chashma,12-Sept-22,217614,199014
INDUS,Taunsa,12-Sept-22,187415,170415
INDUS,Guddu,12-Sept-22,169472,162072
INDUS,Sukkar,12-Sept-22,167963,165825
INDUS,Kotri,12-Sept-22,607770,581900
JHELUM,Kotli,12-Sept-22,-,3600
JHELUM,Mangla,12-Sept-22,28000,11555
JHELUM,Rasul,12-Sept-22,12475,NIL
CHENAB,Marala,12-Sept-22,52648,22218
CHENAB,Khanki,12-Sept-22,25153,17775
CHENAB,Qadirabad,12-Sept-22,31133,11133
CHENAB,Trimmu,12-Sept-22,23444,8094
CHENAB,Punjnad,12-Sept-22,30085,16085
RAVI,Jassar,12-Sept-22,-,6184
RAVI,Shahdara,12-Sept-22,-,15353
RAVI,Balloki,12-Sept-22,34270,7870
RAVI,Sidhnai,12-Sept-22,18912,-
SUTLEJ,Bhakara**,12-Sept-22,-,-
SUTLEJ,Sulemanki,12-Sept-22,13028,NIL
SUTLEJ,Islam,12-Sept-22,1230,Nil
INDUS,Kalabagh,12-Sept-22,180959,172959
INDUS,Chashma,12-Sept-22,231254,212654
INDUS,Taunsa,12-Sept-22,187415,170415
INDUS,Guddu,12-Sept-22,154533,147133
INDUS,Sukkar,12-Sept-22,167963,167963
INDUS,Kotri,12-Sept-22,593376,568026
JHELUM,Kotli,12-Sept-22,-,5380
JHELUM,Mangla,12-Sept-22,27000,12715
JHELUM,Rasul,12-Sept-22,11975,-
CHENAB,Marala,12-Sept-22,47295,16865
CHENAB,Khanki,12-Sept-22,27270,19928
CHENAB,Qadirabad,12-Sept-22,26295,6295
CHENAB,Trimmu,12-Sept-22,23444,8094
CHENAB,Punjnad,12-Sept-22,30085,16085
RAVI,Jassar,12-Sept-22,-,6014
RAVI,Shahdara,12-Sept-22,-,15353
RAVI,Balloki,12-Sept-22,34270,7870
RAVI,Sidhnai,12-Sept-22,18251,661
SUTLEJ,Bhakara**,12-Sept-22,N.R,N.R
SUTLEJ,Sulemanki,12-Sept-22,13028,-
SUTLEJ,Islam,12-Sept-22,1230,-
INDUS,Kalabagh,12-Sept-22,180959,172959
INDUS,Chashma,12-Sept-22,216782,198082
INDUS,Taunsa,12-Sept-22,175383,158383
INDUS,Guddu,12-Sept-22,159034,147517
INDUS,Sukkar,12-Sept-22,167963,165825
INDUS,Kotri,12-Sept-22,588276,568026
JHELUM,Kotli,12-Sept-22,-,4620
JHELUM,Mangla,12-Sept-22,25000,17215
JHELUM,Rasul,12-Sept-22,14425,-
CHENAB,Marala,12-Sept-22,52648,22218
CHENAB,Khanki,12-Sept-22,31985,24414
CHENAB,Qadirabad,12-Sept-22,28670,8670
CHENAB,Trimmu,12-Sept-22,21637,6287
CHENAB,Punjnad,12-Sept-22,29885,16085
RAVI,Jassar,12-Sept-22,-,6353
RAVI,Shahdara,12-Sept-22,-,14945
RAVI,Balloki,12-Sept-22,34150,6750
RAVI,Sidhnai,12-Sept-22,18251,661
SUTLEJ,Bhakara**,12-Sept-22,,
SUTLEJ,Sulemanki,12-Sept-22,12548,-
SUTLEJ,Islam,12-Sept-22,1230,-
INDUS,Kalabagh,12-Sept-22,170306,162306
INDUS,Chashma,12-Sept-22,210496,191796
INDUS,Taunsa,12-Sept-22,181395,164395
INDUS,Guddu,12-Sept-22,159034,147517
INDUS,Sukkar,12-Sept-22,167963,165825
INDUS,Kotri,12-Sept-22,588276,568026
JHELUM,Kotli,12-Sept-22,-,3900
JHELUM,Mangla,12-Sept-22,28000,19715
JHELUM,Rasul,12-Sept-22,13775,Nil
CHENAB,Marala,12-Sept-22,52648,22168
CHENAB,Khanki,12-Sept-22,29657,22086
CHENAB,Qadirabad,12-Sept-22,32427,12427
CHENAB,Trimmu,12-Sept-22,21637,6287
CHENAB,Punjnad,12-Sept-22,29004,15204
RAVI,Jassar,12-Sept-22,-,6353
RAVI,Shahdara,12-Sept-22,-,14945
RAVI,Balloki,12-Sept-22,34150,6750
RAVI,Sidhnai,12-Sept-22,18051,661
SUTLEJ,Bhakara**,12-Sept-22,,
SUTLEJ,Sulemanki,12-Sept-22,12548,-
SUTLEJ,Islam,12-Sept-22,1230,-
INDUS,Kalabagh,13-Sept-22,173169,165169
INDUS,Chashma,13-Sept-22,206904,188204
INDUS,Taunsa,13-Sept-22,181395,164395
INDUS,Guddu,13-Sept-22,165173,153656
INDUS,Sukkar,13-Sept-22,162096,159958
INDUS,Kotri,13-Sept-22,575435,555185
JHELUM,Kotli,13-Sept-22,-,4870
JHELUM,Mangla,13-Sept-22,18000,8215
JHELUM,Rasul,13-Sept-22,11775,-
CHENAB,Marala,13-Sept-22,52648,22168
CHENAB,Khanki,13-Sept-22,31985,24414
CHENAB,Qadirabad,13-Sept-22,32427,12427
CHENAB,Trimmu,13-Sept-22,21637,6287
CHENAB,Punjnad,13-Sept-22,29004,15204
RAVI,Jassar,13-Sept-22,-,6353
RAVI,Shahdara,13-Sept-22,-,15353
RAVI,Balloki,13-Sept-22,36390,8990
RAVI,Sidhnai,13-Sept-22,18712,1322
SUTLEJ,Bhakara**,13-Sept-22,,
SUTLEJ,Sulemanki,13-Sept-22,12912,-
SUTLEJ,Islam,13-Sept-22,1230,-
INDUS,Kalabagh,13-Sept-22,173169,165169
INDUS,Chashma,13-Sept-22,207953,189253
INDUS,Taunsa,13-Sept-22,184073,167073
INDUS,Guddu,13-Sept-22,165251,153656
INDUS,Sukkar,13-Sept-22,162096,159958
INDUS,Kotri,13-Sept-22,563872,542222
JHELUM,Kotli,13-Sept-22,-,4870
JHELUM,Mangla,13-Sept-22,17000,12515
JHELUM,Rasul,13-Sept-22,10775,-
CHENAB,Marala,13-Sept-22,41992,11512
CHENAB,Khanki,13-Sept-22,29828,22197
CHENAB,Qadirabad,13-Sept-22,28670,8670
CHENAB,Trimmu,13-Sept-22,21637,6287
CHENAB,Punjnad,13-Sept-22,29004,15204
RAVI,Jassar,13-Sept-22,-,6184
RAVI,Shahdara,13-Sept-22,-,15353
RAVI,Balloki,13-Sept-22,35320,7870
RAVI,Sidhnai,13-Sept-22,18712,1322
SUTLEJ,Bhakara**,13-Sept-22,28807,25500
SUTLEJ,Sulemanki,13-Sept-22,12912,-
SUTLEJ,Islam,13-Sept-22,1230,-
INDUS,Kalabagh,13-Sept-22,151129,143129
INDUS,Chashma,13-Sept-22,204139,185439
INDUS,Taunsa,13-Sept-22,187466,170466
INDUS,Guddu,13-Sept-22,166426,155641
INDUS,Sukkar,13-Sept-22,158800,156662
INDUS,Kotri,13-Sept-22,545543,522928
JHELUM,Kotli,13-Sept-22,-,4130
JHELUM,Mangla,13-Sept-22,21000,13615
JHELUM,Rasul,13-Sept-22,11075,-
CHENAB,Marala,13-Sept-22,41992,11512
CHENAB,Khanki,13-Sept-22,32045,24414
CHENAB,Qadirabad,13-Sept-22,31133,11133
CHENAB,Trimmu,13-Sept-22,21637,6287
CHENAB,Punjnad,13-Sept-22,24839,11039
RAVI,Jassar,13-Sept-22,-,6184
RAVI,Shahdara,13-Sept-22,-,15353
RAVI,Balloki,13-Sept-22,35320,7870
RAVI,Sidhnai,13-Sept-22,20034,2444
SUTLEJ,Bhakara**,13-Sept-22,,
SUTLEJ,Sulemanki,13-Sept-22,13459,442
SUTLEJ,Islam,13-Sept-22,1230,-
INDUS,Kalabagh,13-Sept-22,140324,132324
INDUS,Chashma,13-Sept-22,215016,196316
INDUS,Taunsa,13-Sept-22,187466,170466
INDUS,Guddu,13-Sept-22,166426,155641
INDUS,Sukkar,13-Sept-22,158800,156662
INDUS,Kotri,13-Sept-22,545543,522928
JHELUM,Kotli,13-Sept-22,-,3440
JHELUM,Mangla,13-Sept-22,26000,24915
JHELUM,Rasul,13-Sept-22,11125,-
CHENAB,Marala,13-Sept-22,41992,11512
CHENAB,Khanki,13-Sept-22,23149,15518
CHENAB,Qadirabad,13-Sept-22,28670,8670
CHENAB,Trimmu,13-Sept-22,22858,7508
CHENAB,Punjnad,13-Sept-22,24839,11039
RAVI,Jassar,13-Sept-22,-,6184
RAVI,Shahdara,13-Sept-22,-,14945
RAVI,Balloki,13-Sept-22,35320,7870
RAVI,Sidhnai,13-Sept-22,20034,2444
SUTLEJ,Bhakara**,13-Sept-22,,
SUTLEJ,Sulemanki,13-Sept-22,13459,442
SUTLEJ,Islam,13-Sept-22,1230,-
INDUS,Kalabagh,14-Sept-22,150175,142175
INDUS,Chashma,14-Sept-22,203539,184839
INDUS,Taunsa,14-Sept-22,187466,170466
INDUS,Guddu,14-Sept-22,166436,154678
INDUS,Sukkar,14-Sept-22,157995,155495
INDUS,Kotri,14-Sept-22,525696,508981
JHELUM,Kotli,14-Sept-22,-,3900
JHELUM,Mangla,14-Sept-22,18000,13415
JHELUM,Rasul,14-Sept-22,11125,-
CHENAB,Marala,14-Sept-22,41992,11512
CHENAB,Khanki,14-Sept-22,16961,9330
CHENAB,Qadirabad,14-Sept-22,26295,6295
CHENAB,Trimmu,14-Sept-22,22858,7508
CHENAB,Punjnad,14-Sept-22,21952,8152
RAVI,Jassar,14-Sept-22,-,6184
RAVI,Shahdara,14-Sept-22,-,14945
RAVI,Balloki,14-Sept-22,35820,7870
RAVI,Sidhnai,14-Sept-22,20034,2644
SUTLEJ,Bhakara**,14-Sept-22,,
SUTLEJ,Sulemanki,14-Sept-22,14458,1441
SUTLEJ,Islam,14-Sept-22,1230,-
INDUS,Kalabagh,14-Sept-22,150175,142175
INDUS,Chashma,14-Sept-22,193366,174666
INDUS,Taunsa,14-Sept-22,187466,170466
INDUS,Guddu,14-Sept-22,164946,154678
INDUS,Sukkar,14-Sept-22,157995,155495
INDUS,Kotri,14-Sept-22,504827,487312
JHELUM,Kotli,14-Sept-22,-,3900
JHELUM,Mangla,14-Sept-22,17000,15515
JHELUM,Rasul,14-Sept-22,9325,-
CHENAB,Marala,14-Sept-22,41992,11512
CHENAB,Khanki,14-Sept-22,13253,5598
CHENAB,Qadirabad,14-Sept-22,18000,-
CHENAB,Trimmu,14-Sept-22,22858,7508
CHENAB,Punjnad,14-Sept-22,19363,5563
RAVI,Jassar,14-Sept-22,-,6014
RAVI,Shahdara,14-Sept-22,-,14945
RAVI,Balloki,14-Sept-22,35820,7870
RAVI,Sidhnai,14-Sept-22,20695,3305
SUTLEJ,Bhakara**,14-Sept-22,N.R,N.R
SUTLEJ,Sulemanki,14-Sept-22,14458,1441
SUTLEJ,Islam,14-Sept-22,1230,-
INDUS,Kalabagh,14-Sept-22,144745,136745
INDUS,Chashma,14-Sept-22,190308,171558
INDUS,Taunsa,14-Sept-22,187466,170466
INDUS,Guddu,14-Sept-22,166431,153656
INDUS,Sukkar,14-Sept-22,157995,155495
INDUS,Kotri,14-Sept-22,492417,472782
JHELUM,Kotli,14-Sept-22,-,3440
JHELUM,Mangla,14-Sept-22,16000,16215
JHELUM,Rasul,14-Sept-22,8325,-
CHENAB,Marala,14-Sept-22,41992,11512
CHENAB,Khanki,14-Sept-22,16985,9330
CHENAB,Qadirabad,14-Sept-22,15000,-
CHENAB,Trimmu,14-Sept-22,22858,7508
CHENAB,Punjnad,14-Sept-22,19363,5563
RAVI,Jassar,14-Sept-22,-,6014
RAVI,Shahdara,14-Sept-22,-,14945
RAVI,Balloki,14-Sept-22,35820,7870
RAVI,Sidhnai,14-Sept-22,20695,3305
SUTLEJ,Bhakara**,14-Sept-22,,
SUTLEJ,Sulemanki,14-Sept-22,14604,1441
SUTLEJ,Islam,14-Sept-22,1230,-
INDUS,Kalabagh,14-Sept-22,162514,154514
INDUS,Chashma,14-Sept-22,190873,172123
INDUS,Taunsa,14-Sept-22,187466,170466
INDUS,Guddu,14-Sept-22,166431,153656
INDUS,Sukkar,14-Sept-22,157995,155495
INDUS,Kotri,14-Sept-22,492417,472782
JHELUM,Kotli,14-Sept-22,-,2780
JHELUM,Mangla,14-Sept-22,20000,11555
JHELUM,Rasul,14-Sept-22,8325,-
CHENAB,Marala,14-Sept-22,41992,11512
CHENAB,Khanki,14-Sept-22,16985,9330
CHENAB,Qadirabad,14-Sept-22,15000,-
CHENAB,Trimmu,14-Sept-22,22858,7508
CHENAB,Punjnad,14-Sept-22,19413,5563
RAVI,Jassar,14-Sept-22,-,6014
RAVI,Shahdara,14-Sept-22,-,14945
RAVI,Balloki,14-Sept-22,35820,7820
RAVI,Sidhnai,14-Sept-22,20695,3305
SUTLEJ,Bhakara**,14-Sept-22,,
SUTLEJ,Sulemanki,14-Sept-22,14604,1441
SUTLEJ,Islam,14-Sept-22,1230,-
INDUS,Kalabagh,15-Sept-22,152084,144084
INDUS,Chashma,15-Sept-22,186747,167997
INDUS,Taunsa,15-Sept-22,191549,172549
INDUS,Guddu,15-Sept-22,166431,153656
INDUS,Sukkar,15-Sept-22,155948,153810
INDUS,Kotri,15-Sept-22,452265,428850
JHELUM,Kotli,15-Sept-22,-,3440
JHELUM,Mangla,15-Sept-22,20000,8015
JHELUM,Rasul,15-Sept-22,8325,-
CHENAB,Marala,15-Sept-22,41992,11512
CHENAB,Khanki,15-Sept-22,13253,5598
CHENAB,Qadirabad,15-Sept-22,26295,6295
CHENAB,Trimmu,15-Sept-22,22858,7508
CHENAB,Punjnad,15-Sept-22,18935,5085
RAVI,Jassar,15-Sept-22,-,6014
RAVI,Shahdara,15-Sept-22,-,14537
RAVI,Balloki,15-Sept-22,33880,5630
RAVI,Sidhnai,15-Sept-22,20368,2978
SUTLEJ,Bhakara**,15-Sept-22,,
SUTLEJ,Sulemanki,15-Sept-22,15350,2091
SUTLEJ,Islam,15-Sept-22,1230,-
INDUS,Kalabagh,15-Sept-22,129627,121627
INDUS,Chashma,15-Sept-22,196352,177602
INDUS,Taunsa,15-Sept-22,191549,172549
INDUS,Guddu,15-Sept-22,168026,153656
INDUS,Sukkar,15-Sept-22,155948,153810
INDUS,Kotri,15-Sept-22,437292,413877
JHELUM,Kotli,15-Sept-22,-,3900
JHELUM,Mangla,15-Sept-22,18000,12315
JHELUM,Rasul,15-Sept-22,10925,-
CHENAB,Marala,15-Sept-22,42042,11512
CHENAB,Khanki,15-Sept-22,13303,5598
CHENAB,Qadirabad,15-Sept-22,15675,-
CHENAB,Trimmu,15-Sept-22,25313,9963
CHENAB,Punjnad,15-Sept-22,18735,5085
RAVI,Jassar,15-Sept-22,-,5845
RAVI,Shahdara,15-Sept-22,-,14537
RAVI,Balloki,15-Sept-22,33015,4565
RAVI,Sidhnai,15-Sept-22,20084,2644
SUTLEJ,Bhakara**,15-Sept-22,N.R,N.R
SUTLEJ,Sulemanki,15-Sept-22,15350,2091
SUTLEJ,Islam,15-Sept-22,1230,-
INDUS,Kalabagh,15-Sept-22,129627,121627
INDUS,Chashma,15-Sept-22,170786,152036
INDUS,Taunsa,15-Sept-22,183591,164591
INDUS,Guddu,15-Sept-22,168616,153656
INDUS,Sukkar,15-Sept-22,155948,153810
INDUS,Kotri,15-Sept-22,424458,401043
JHELUM,Kotli,15-Sept-22,-,3440
JHELUM,Mangla,15-Sept-22,15000,12715
JHELUM,Rasul,15-Sept-22,12425,-
CHENAB,Marala,15-Sept-22,42042,11512
CHENAB,Khanki,15-Sept-22,17035,9330
CHENAB,Qadirabad,15-Sept-22,17025,-
CHENAB,Trimmu,15-Sept-22,30148,14798
CHENAB,Punjnad,15-Sept-22,19135,5085
RAVI,Jassar,15-Sept-22,-,5845
RAVI,Shahdara,15-Sept-22,-,14537
RAVI,Balloki,15-Sept-22,30755,2305
RAVI,Sidhnai,15-Sept-22,20745,3305
SUTLEJ,Bhakara**,15-Sept-22,-,-
SUTLEJ,Sulemanki,15-Sept-22,15403,2091
SUTLEJ,Islam,15-Sept-22,1230,-
INDUS,Kalabagh,15-Sept-22,107669,99669
INDUS,Chashma,15-Sept-22,159325,140575
INDUS,Taunsa,15-Sept-22,183591,164591
INDUS,Guddu,15-Sept-22,168616,153656
INDUS,Sukkar,15-Sept-22,155948,153810
INDUS,Kotri,15-Sept-22,424458,401043
JHELUM,Kotli,15-Sept-22,-,2780
JHELUM,Mangla,15-Sept-22,21000,21015
JHELUM,Rasul,15-Sept-22,11275,-
CHENAB,Marala,15-Sept-22,42042,11512
CHENAB,Khanki,15-Sept-22,15217,7464
CHENAB,Qadirabad,15-Sept-22,18375,-
CHENAB,Trimmu,15-Sept-22,30148,14798
CHENAB,Punjnad,15-Sept-22,19135,5085
RAVI,Jassar,15-Sept-22,-,5845
RAVI,Shahdara,15-Sept-22,-,14537
RAVI,Balloki,15-Sept-22,30755,2305
RAVI,Sidhnai,15-Sept-22,20084,2644
SUTLEJ,Bhakara**,15-Sept-22,-,-
SUTLEJ,Sulemanki,15-Sept-22,15403,2091
SUTLEJ,Islam,15-Sept-22,1230,-
INDUS,Kalabagh,16-Sept-22,111188,103188
INDUS,Chashma,16-Sept-22,148059,129309
INDUS,Taunsa,16-Sept-22,177632,158632
INDUS,Guddu,16-Sept-22,167548,152588
INDUS,Sukkar,16-Sept-22,154730,152482
INDUS,Kotri,16-Sept-22,410088,386293
JHELUM,Kotli,16-Sept-22,-,3210
JHELUM,Mangla,16-Sept-22,17000,13315
JHELUM,Rasul,16-Sept-22,9775,-
CHENAB,Marala,16-Sept-22,38268,7738
CHENAB,Khanki,16-Sept-22,15217,7464
CHENAB,Qadirabad,16-Sept-22,22043,2318
CHENAB,Trimmu,16-Sept-22,30148,14798
CHENAB,Punjnad,16-Sept-22,16600,2550
RAVI,Jassar,16-Sept-22,-,5845
RAVI,Shahdara,16-Sept-22,-,14537
RAVI,Balloki,16-Sept-22,30755,2305
RAVI,Sidhnai,16-Sept-22,19423,1983
SUTLEJ,Bhakara**,16-Sept-22,-,-
SUTLEJ,Sulemanki,16-Sept-22,15579,2415
SUTLEJ,Islam,16-Sept-22,1230,-
INDUS,Kalabagh,16-Sept-22,122290,114290
INDUS,Chashma,16-Sept-22,126601,107851
INDUS,Taunsa,16-Sept-22,177632,158632
INDUS,Guddu,16-Sept-22,167548,152588
INDUS,Sukkar,16-Sept-22,154732,152482
INDUS,Kotri,16-Sept-22,390324,366109
JHELUM,Kotli,16-Sept-22,-,3440
JHELUM,Mangla,16-Sept-22,17000,8715
JHELUM,Rasul,16-Sept-22,8525,-
CHENAB,Marala,16-Sept-22,42042,11512
CHENAB,Khanki,16-Sept-22,13351,5598
CHENAB,Qadirabad,16-Sept-22,19000,-
CHENAB,Trimmu,16-Sept-22,30148,14798
CHENAB,Punjnad,16-Sept-22,16600,2550
RAVI,Jassar,16-Sept-22,-,5845
RAVI,Shahdara,16-Sept-22,-,14537
RAVI,Balloki,16-Sept-22,30755,2305
RAVI,Sidhnai,16-Sept-22,19423,1983
SUTLEJ,Bhakara**,16-Sept-22,27135,28108
SUTLEJ,Sulemanki,16-Sept-22,15579,2415
SUTLEJ,Islam,16-Sept-22,1230,-
INDUS,Kalabagh,16-Sept-22,125127,117127
INDUS,Chashma,16-Sept-22,134928,116178
INDUS,Taunsa,16-Sept-22,172174,153174
INDUS,Guddu,16-Sept-22,167585,152588
INDUS,Sukkar,16-Sept-22,154732,152482
INDUS,Kotri,16-Sept-22,373024,348529
JHELUM,Kotli,16-Sept-22,-,2780
JHELUM,Mangla,16-Sept-22,17000,14515
JHELUM,Rasul,16-Sept-22,9525,Nil
CHENAB,Marala,16-Sept-22,42042,11512
CHENAB,Khanki,16-Sept-22,15217,7464
CHENAB,Qadirabad,16-Sept-22,14000,Nil
CHENAB,Trimmu,16-Sept-22,30148,14798
CHENAB,Punjnad,16-Sept-22,16600,2550
RAVI,Jassar,16-Sept-22,-,5845
RAVI,Shahdara,16-Sept-22,-,14537
RAVI,Balloki,16-Sept-22,30755,2305
RAVI,Sidhnai,16-Sept-22,19423,1983
SUTLEJ,Bhakara**,16-Sept-22,-,-
SUTLEJ,Sulemanki,16-Sept-22,15579,2415
SUTLEJ,Islam,16-Sept-22,1230,Nil
INDUS,Kalabagh,16-Sept-22,119726,117126
INDUS,Chashma,16-Sept-22,143258,124508
INDUS,Taunsa,16-Sept-22,172174,153174
INDUS,Guddu,16-Sept-22,167585,152588
INDUS,Sukkar,16-Sept-22,154732,152482
INDUS,Kotri,16-Sept-22,373024,348529
JHELUM,Kotli,16-Sept-22,-,2990
JHELUM,Mangla,16-Sept-22,18000,28515
JHELUM,Rasul,16-Sept-22,9525,Nil
CHENAB,Marala,16-Sept-22,42042,11512
CHENAB,Khanki,16-Sept-22,13351,5598
CHENAB,Qadirabad,16-Sept-22,14000,Nil
CHENAB,Trimmu,16-Sept-22,30148,14798
CHENAB,Punjnad,16-Sept-22,16600,2550
RAVI,Jassar,16-Sept-22,-,7101
RAVI,Shahdara,16-Sept-22,-,14537
RAVI,Balloki,16-Sept-22,30755,2305
RAVI,Sidhnai,16-Sept-22,19423,1983
SUTLEJ,Bhakara**,16-Sept-22,-,-
SUTLEJ,Sulemanki,16-Sept-22,15579,2415
SUTLEJ,Islam,16-Sept-22,1230,Nil
INDUS,Kalabagh,17-Sept-22,108385,100385
INDUS,Chashma,17-Sept-22,139663,120913
INDUS,Taunsa,17-Sept-22,159077,140077
INDUS,Guddu,17-Sept-22,155014,140017
INDUS,Sukkar,17-Sept-22,153413,151163
INDUS,Kotri,17-Sept-22,351418,326923
JHELUM,Kotli,17-Sept-22,-,3430
JHELUM,Mangla,17-Sept-22,45000,21655
JHELUM,Rasul,17-Sept-22,9525,Nil
CHENAB,Marala,17-Sept-22,42042,11512
CHENAB,Khanki,17-Sept-22,17083,9330
CHENAB,Qadirabad,17-Sept-22,11475,Nil
CHENAB,Trimmu,17-Sept-22,28982,13632
CHENAB,Punjnad,17-Sept-22,16600,2550
RAVI,Jassar,17-Sept-22,-,7101
RAVI,Shahdara,17-Sept-22,-,14537
RAVI,Balloki,17-Sept-22,31335,2885
RAVI,Sidhnai,17-Sept-22,19423,1983
SUTLEJ,Bhakara**,17-Sept-22,-,-
SUTLEJ,Sulemanki,17-Sept-22,155940,2776
SUTLEJ,Islam,17-Sept-22,1230,Nil
INDUS,Kalabagh,17-Sept-22,118761,110761
INDUS,Chashma,17-Sept-22,145022,126272
INDUS,Taunsa,17-Sept-22,159077,140077
INDUS,Guddu,17-Sept-22,150905,135908
INDUS,Sukkar,17-Sept-22,153413,151163
INDUS,Kotri,17-Sept-22,332416,306421
JHELUM,Kotli,17-Sept-22,-,4130
JHELUM,Mangla,17-Sept-22,20000,20715
JHELUM,Rasul,17-Sept-22,9525,Nil
CHENAB,Marala,17-Sept-22,38168,7738
CHENAB,Khanki,17-Sept-22,15217,7464
CHENAB,Qadirabad,17-Sept-22,13284,Nil
CHENAB,Trimmu,17-Sept-22,28982,13632
CHENAB,Punjnad,17-Sept-22,16600,2550
RAVI,Jassar,17-Sept-22,-,6353
RAVI,Shahdara,17-Sept-22,-,14537
RAVI,Balloki,17-Sept-22,31335,2885
RAVI,Sidhnai,17-Sept-22,18735,995
SUTLEJ,Bhakara**,17-Sept-22,-,-
SUTLEJ,Sulemanki,17-Sept-22,15940,2776
SUTLEJ,Islam,17-Sept-22,1230,Nil
INDUS,Kalabagh,17-Sept-22,131537,123537
INDUS,Chashma,17-Sept-22,145270,126520
INDUS,Taunsa,17-Sept-22,146175,127175
INDUS,Guddu,17-Sept-22,147634,135940
INDUS,Sukkar,17-Sept-22,153413,151163
INDUS,Kotri,17-Sept-22,316385,290390
JHELUM,Kotli,17-Sept-22,-,3900
JHELUM,Mangla,17-Sept-22,19000,15515
JHELUM,Rasul,17-Sept-22,21515,7990
CHENAB,Marala,17-Sept-22,41942,11512
CHENAB,Khanki,17-Sept-22,13351,5598
CHENAB,Qadirabad,17-Sept-22,15874,NIL
CHENAB,Trimmu,17-Sept-22,26362,10012
CHENAB,Punjnad,17-Sept-22,16600,2550
RAVI,Jassar,17-Sept-22,-,6353
RAVI,Shahdara,17-Sept-22,-,14537
RAVI,Balloki,17-Sept-22,30180,1730
RAVI,Sidhnai,17-Sept-22,18735,995
SUTLEJ,Bhakara**,17-Sept-22,-,-
SUTLEJ,Sulemanki,17-Sept-22,15940,2776
SUTLEJ,Islam,17-Sept-22,1230,NIL
INDUS,Kalabagh,17-Sept-22,109579,101579
INDUS,Chashma,17-Sept-22,151061,132311
INDUS,Taunsa,17-Sept-22,150390,133390
INDUS,Guddu,17-Sept-22,147634,135940
INDUS,Sukkar,17-Sept-22,153413,151163
INDUS,Kotri,17-Sept-22,316385,290390
JHELUM,Kotli,17-Sept-22,-,3660
JHELUM,Mangla,17-Sept-22,19000,13715
JHELUM,Rasul,17-Sept-22,13525,Nil
CHENAB,Marala,17-Sept-22,35480,5000
CHENAB,Khanki,17-Sept-22,17083,9330
CHENAB,Qadirabad,17-Sept-22,18124,Nil
CHENAB,Trimmu,17-Sept-22,23739,7689
CHENAB,Punjnad,17-Sept-22,16600,2550
RAVI,Jassar,17-Sept-22,-,6353
RAVI,Shahdara,17-Sept-22,-,14537
RAVI,Balloki,17-Sept-22,29605,1155
RAVI,Sidhnai,17-Sept-22,18501,661
SUTLEJ,Bhakara**,17-Sept-22,-,-
SUTLEJ,Sulemanki,17-Sept-22,15940,2776
SUTLEJ,Islam,17-Sept-22,1230,Nil
INDUS,Kalabagh,18-Sept-22,120243,112243
INDUS,Chashma,18-Sept-22,147812,129062
INDUS,Taunsa,18-Sept-22,131424,114424
INDUS,Guddu,18-Sept-22,147634,135940
INDUS,Sukkar,18-Sept-22,150745,147015
INDUS,Kotri,18-Sept-22,294482,268487
JHELUM,Kotli,18-Sept-22,-,3210
JHELUM,Mangla,18-Sept-22,15000,9755
JHELUM,Rasul,18-Sept-22,13525,Nil
CHENAB,Marala,18-Sept-22,36426,5946
CHENAB,Khanki,18-Sept-22,13351,5598
CHENAB,Qadirabad,18-Sept-22,20000,Nil
CHENAB,Trimmu,18-Sept-22,24739,7689
CHENAB,Punjnad,18-Sept-22,16600,2550
RAVI,Jassar,18-Sept-22,-,Nil
RAVI,Shahdara,18-Sept-22,-,15348
RAVI,Balloki,18-Sept-22,29005,555
RAVI,Sidhnai,18-Sept-22,17840,Nil
SUTLEJ,Bhakara**,18-Sept-22,-,-
SUTLEJ,Sulemanki,18-Sept-22,15940,2776
SUTLEJ,Islam,18-Sept-22,1230,Nil
INDUS,Kalabagh,18-Sept-22,130582,122582
INDUS,Chashma,18-Sept-22,127320,108570
INDUS,Taunsa,18-Sept-22,122716,105716
INDUS,Guddu,18-Sept-22,141222,129331
INDUS,Sukkar,18-Sept-22,150745,147015
INDUS,Kotri,18-Sept-22,282556,255261
JHELUM,Kotli,18-Sept-22,-,2980
JHELUM,Mangla,18-Sept-22,17000,13915
JHELUM,Rasul,18-Sept-22,15525,-
CHENAB,Marala,18-Sept-22,41992,11512
CHENAB,Khanki,18-Sept-22,11485,3732
CHENAB,Qadirabad,18-Sept-22,20000,-
CHENAB,Trimmu,18-Sept-22,24739,7689
CHENAB,Punjnad,18-Sept-22,18140,4090
RAVI,Jassar,18-Sept-22,-,6014
RAVI,Shahdara,18-Sept-22,-,14537
RAVI,Balloki,18-Sept-22,29605,1155
RAVI,Sidhnai,18-Sept-22,17350,-
SUTLEJ,Bhakara**,18-Sept-22,-,-
SUTLEJ,Sulemanki,18-Sept-22,15968,2776
SUTLEJ,Islam,18-Sept-22,1230,-
INDUS,Kalabagh,18-Sept-22,109579,101579
INDUS,Chashma,18-Sept-22,116132,97382
INDUS,Taunsa,18-Sept-22,122716,104016
INDUS,Guddu,18-Sept-22,140351,128664
INDUS,Sukkar,18-Sept-22,150745,147015
INDUS,Kotri,18-Sept-22,280950,251155
JHELUM,Kotli,18-Sept-22,-,2780
JHELUM,Mangla,18-Sept-22,17000,15515
JHELUM,Rasul,18-Sept-22,15525,-
CHENAB,Marala,18-Sept-22,34444,3964
CHENAB,Khanki,18-Sept-22,9619,1866
CHENAB,Qadirabad,18-Sept-22,20000,-
CHENAB,Trimmu,18-Sept-22,22346,5196
CHENAB,Punjnad,18-Sept-22,18140,4090
RAVI,Jassar,18-Sept-22,-,6014
RAVI,Shahdara,18-Sept-22,-,16168
RAVI,Balloki,18-Sept-22,30755,2305
RAVI,Sidhnai,18-Sept-22,17350,-
SUTLEJ,Bhakara**,18-Sept-22,-,-
SUTLEJ,Sulemanki,18-Sept-22,16009,2776
SUTLEJ,Islam,18-Sept-22,1230,-
INDUS,Kalabagh,18-Sept-22,109579,101579
INDUS,Chashma,18-Sept-22,151486,132736
INDUS,Taunsa,18-Sept-22,124016,105716
INDUS,Guddu,18-Sept-22,140351,128664
INDUS,Sukkar,18-Sept-22,150745,147015
INDUS,Kotri,18-Sept-22,280950,251155
JHELUM,Kotli,18-Sept-22,-,2980
JHELUM,Mangla,18-Sept-22,18000,32315
JHELUM,Rasul,18-Sept-22,14525,-
CHENAB,Marala,18-Sept-22,34444,3964
CHENAB,Khanki,18-Sept-22,9619,1866
CHENAB,Qadirabad,18-Sept-22,17000,-
CHENAB,Trimmu,18-Sept-22,22346,5196
CHENAB,Punjnad,18-Sept-22,18140,4090
RAVI,Jassar,18-Sept-22,-,6014
RAVI,Shahdara,18-Sept-22,-,16168
RAVI,Balloki,18-Sept-22,31335,2885
RAVI,Sidhnai,18-Sept-22,17350,-
SUTLEJ,Bhakara**,18-Sept-22,-,-
SUTLEJ,Sulemanki,18-Sept-22,16009,2776
SUTLEJ,Islam,18-Sept-22,1230,-
INDUS,Kalabagh,19-Sept-22,119726,111726
INDUS,Chashma,19-Sept-22,153268,134518
INDUS,Taunsa,19-Sept-22,132806,114506
INDUS,Guddu,19-Sept-22,138351,128664
INDUS,Sukkar,19-Sept-22,146408,139198
INDUS,Kotri,19-Sept-22,272851,243056
JHELUM,Kotli,19-Sept-22,-,3210
JHELUM,Mangla,19-Sept-22,18000,9715
JHELUM,Rasul,19-Sept-22,13525,-
CHENAB,Marala,19-Sept-22,34444,3964
CHENAB,Khanki,19-Sept-22,11485,3732
CHENAB,Qadirabad,19-Sept-22,14000,-
CHENAB,Trimmu,19-Sept-22,22346,5196
CHENAB,Punjnad,19-Sept-22,18140,4090
RAVI,Jassar,19-Sept-22,-,6014
RAVI,Shahdara,19-Sept-22,-,16168
RAVI,Balloki,19-Sept-22,32485,4035
RAVI,Sidhnai,19-Sept-22,17000,-
SUTLEJ,Bhakara**,19-Sept-22,-,-
SUTLEJ,Sulemanki,19-Sept-22,16165,2932
SUTLEJ,Islam,19-Sept-22,1230,-
INDUS,Kalabagh,19-Sept-22,119726,111726
INDUS,Chashma,19-Sept-22,146311,127561
INDUS,Taunsa,19-Sept-22,118955,100055
INDUS,Guddu,19-Sept-22,127823,121186
INDUS,Sukkar,19-Sept-22,144990,137780
INDUS,Kotri,19-Sept-22,259517,229722
JHELUM,Kotli,19-Sept-22,-,3210
JHELUM,Mangla,19-Sept-22,18000,14715
JHELUM,Rasul,19-Sept-22,13525,-
CHENAB,Marala,19-Sept-22,34444,3964
CHENAB,Khanki,19-Sept-22,9619,1866
CHENAB,Qadirabad,19-Sept-22,12000,-
CHENAB,Trimmu,19-Sept-22,22346,5196
CHENAB,Punjnad,19-Sept-22,18140,4090
RAVI,Jassar,19-Sept-22,-,6014
RAVI,Shahdara,19-Sept-22,-,14945
RAVI,Balloki,19-Sept-22,32485,4035
RAVI,Sidhnai,19-Sept-22,17000,-
SUTLEJ,Bhakara**,19-Sept-22,25374,25958
SUTLEJ,Sulemanki,19-Sept-22,16165,2932
SUTLEJ,Islam,19-Sept-22,1230,-
INDUS,Kalabagh,19-Sept-22,110533,102533
INDUS,Chashma,19-Sept-22,124736,105886
INDUS,Taunsa,19-Sept-22,119455,100055
INDUS,Guddu,19-Sept-22,120271,112589
INDUS,Sukkar,19-Sept-22,144990,137780
INDUS,Kotri,19-Sept-22,254039,222824
JHELUM,Kotli,19-Sept-22,-,2990
JHELUM,Mangla,19-Sept-22,19000,25015
JHELUM,Rasul,19-Sept-22,13525,-
CHENAB,Marala,19-Sept-22,33950,4000
CHENAB,Khanki,19-Sept-22,9619,1866
CHENAB,Qadirabad,19-Sept-22,12000,-
CHENAB,Trimmu,19-Sept-22,22346,5196
CHENAB,Punjnad,19-Sept-22,18140,4090
RAVI,Jassar,19-Sept-22,-,6014
RAVI,Shahdara,19-Sept-22,-,14945
RAVI,Balloki,19-Sept-22,32485,4035
RAVI,Sidhnai,19-Sept-22,16700,-
SUTLEJ,Bhakara**,19-Sept-22,-,-
SUTLEJ,Sulemanki,19-Sept-22,16165,2932
SUTLEJ,Islam,19-Sept-22,1230,-
INDUS,Kalabagh,19-Sept-22,99485,91485
INDUS,Chashma,19-Sept-22,118774,99924
INDUS,Taunsa,19-Sept-22,119455,100055
INDUS,Guddu,19-Sept-22,120271,112589
INDUS,Sukkar,19-Sept-22,144990,137780
INDUS,Kotri,19-Sept-22,254039,222824
JHELUM,Kotli,19-Sept-22,-,2570
JHELUM,Mangla,19-Sept-22,17000,19815
JHELUM,Rasul,19-Sept-22,13525,-
CHENAB,Marala,19-Sept-22,33950,4000
CHENAB,Khanki,19-Sept-22,7753,-
CHENAB,Qadirabad,19-Sept-22,12000,-
CHENAB,Trimmu,19-Sept-22,22346,5196
CHENAB,Punjnad,19-Sept-22,18140,4090
RAVI,Jassar,19-Sept-22,-,6014
RAVI,Shahdara,19-Sept-22,-,14945
RAVI,Balloki,19-Sept-22,32485,4035
RAVI,Sidhnai,19-Sept-22,16700,-
SUTLEJ,Bhakara**,19-Sept-22,-,-
SUTLEJ,Sulemanki,19-Sept-22,16165,2932
SUTLEJ,Islam,19-Sept-22,1230,-
INDUS,Kalabagh,20-Sept-22,110533,102533
INDUS,Chashma,20-Sept-22,128563,109713
INDUS,Taunsa,20-Sept-22,119455,100055
INDUS,Guddu,20-Sept-22,117514,109832
INDUS,Sukkar,20-Sept-22,134440,124280
INDUS,Kotri,20-Sept-22,245909,212194
JHELUM,Kotli,20-Sept-22,-,2990
JHELUM,Mangla,20-Sept-22,16000,13415
JHELUM,Rasul,20-Sept-22,13525,-
CHENAB,Marala,20-Sept-22,33950,4000
CHENAB,Khanki,20-Sept-22,7753,-
CHENAB,Qadirabad,20-Sept-22,12000,-
CHENAB,Trimmu,20-Sept-22,22346,5196
CHENAB,Punjnad,20-Sept-22,18140,4090
RAVI,Jassar,20-Sept-22,-,6014
RAVI,Shahdara,20-Sept-22,-,14945
RAVI,Balloki,20-Sept-22,30755,2305
RAVI,Sidhnai,20-Sept-22,17000,-
SUTLEJ,Bhakara**,20-Sept-22,-,-
SUTLEJ,Sulemanki,20-Sept-22,16643,3410
SUTLEJ,Islam,20-Sept-22,1230,-
INDUS,Kalabagh,20-Sept-22,110533,102533
INDUS,Chashma,20-Sept-22,148206,129356
INDUS,Taunsa,20-Sept-22,103765,84365
INDUS,Guddu,20-Sept-22,100060,91959
INDUS,Sukkar,20-Sept-22,134440,124280
INDUS,Kotri,20-Sept-22,244109,210194
JHELUM,Kotli,20-Sept-22,-,2990
JHELUM,Mangla,20-Sept-22,16000,14815
JHELUM,Rasul,20-Sept-22,13525,-
CHENAB,Marala,20-Sept-22,31017,4000
CHENAB,Khanki,20-Sept-22,9730,1866
CHENAB,Qadirabad,20-Sept-22,12000,-
CHENAB,Trimmu,20-Sept-22,21065,3915
CHENAB,Punjnad,20-Sept-22,18140,4090
RAVI,Jassar,20-Sept-22,-,5845
RAVI,Shahdara,20-Sept-22,-,14945
RAVI,Balloki,20-Sept-22,29605,1155
RAVI,Sidhnai,20-Sept-22,17000,-
SUTLEJ,Bhakara**,20-Sept-22,23472,26000
SUTLEJ,Sulemanki,20-Sept-22,16643,3410
SUTLEJ,Islam,20-Sept-22,1230,-
INDUS,Kalabagh,20-Sept-22,98646,90646
INDUS,Chashma,20-Sept-22,145219,126369
INDUS,Taunsa,20-Sept-22,114826,94426
INDUS,Guddu,20-Sept-22,86125,76037
INDUS,Sukkar,20-Sept-22,134440,124280
INDUS,Kotri,20-Sept-22,241076,207081
JHELUM,Kotli,20-Sept-22,-,2780
JHELUM,Mangla,20-Sept-22,16000,23015
JHELUM,Rasul,20-Sept-22,13475,-
CHENAB,Marala,20-Sept-22,31017,4000
CHENAB,Khanki,20-Sept-22,7852,-
CHENAB,Qadirabad,20-Sept-22,12000,-
CHENAB,Trimmu,20-Sept-22,21065,3915
CHENAB,Punjnad,20-Sept-22,16110,2060
RAVI,Jassar,20-Sept-22,-,5845
RAVI,Shahdara,20-Sept-22,-,14945
RAVI,Balloki,20-Sept-22,28450,-
RAVI,Sidhnai,20-Sept-22,16500,-
SUTLEJ,Bhakara**,20-Sept-22,-,-
SUTLEJ,Sulemanki,20-Sept-22,16602,3410
SUTLEJ,Islam,20-Sept-22,1230,-
INDUS,Kalabagh,20-Sept-22,88985,80985
INDUS,Chashma,20-Sept-22,140708,121858
INDUS,Taunsa,20-Sept-22,114826,94426
INDUS,Guddu,20-Sept-22,86125,76037
INDUS,Sukkar,20-Sept-22,134440,124280
INDUS,Kotri,20-Sept-22,241076,207081
JHELUM,Kotli,20-Sept-22,-,2990
JHELUM,Mangla,20-Sept-22,17000,25615
JHELUM,Rasul,20-Sept-22,13475,-
CHENAB,Marala,20-Sept-22,30372,4000
CHENAB,Khanki,20-Sept-22,9718,1866
CHENAB,Qadirabad,20-Sept-22,12000,-
CHENAB,Trimmu,20-Sept-22,21065,3915
CHENAB,Punjnad,20-Sept-22,16110,2060
RAVI,Jassar,20-Sept-22,-,5845
RAVI,Shahdara,20-Sept-22,-,14129
RAVI,Balloki,20-Sept-22,28450,-
RAVI,Sidhnai,20-Sept-22,16500,-
SUTLEJ,Bhakara**,20-Sept-22,-,-
SUTLEJ,Sulemanki,20-Sept-22,16602,3410
SUTLEJ,Islam,20-Sept-22,1230,-
INDUS,Kalabagh,21-Sept-22,88985,80985
INDUS,Chashma,21-Sept-22,122009,103159
INDUS,Taunsa,21-Sept-22,118545,97145
INDUS,Guddu,21-Sept-22,85096,74605
INDUS,Sukkar,21-Sept-22,109965,100965
INDUS,Kotri,21-Sept-22,237355,202260
JHELUM,Kotli,21-Sept-22,-,2990
JHELUM,Mangla,21-Sept-22,13000,13215
JHELUM,Rasul,21-Sept-22,13475,-
CHENAB,Marala,21-Sept-22,30372,4000
CHENAB,Khanki,21-Sept-22,7852,-
CHENAB,Qadirabad,21-Sept-22,12000,-
CHENAB,Trimmu,21-Sept-22,21065,3915
CHENAB,Punjnad,21-Sept-22,16110,2060
RAVI,Jassar,21-Sept-22,-,5845
RAVI,Shahdara,21-Sept-22,-,14129
RAVI,Balloki,21-Sept-22,28450,-
RAVI,Sidhnai,21-Sept-22,16500,-
SUTLEJ,Bhakara**,21-Sept-22,-,-
SUTLEJ,Sulemanki,21-Sept-22,16602,3410
SUTLEJ,Islam,21-Sept-22,1230,-
INDUS,Kalabagh,21-Sept-22,98646,90646
INDUS,Chashma,21-Sept-22,106089,89687
INDUS,Taunsa,21-Sept-22,118545,97145
INDUS,Guddu,21-Sept-22,87071,76580
INDUS,Sukkar,21-Sept-22,105090,96090
INDUS,Kotri,21-Sept-22,234755,202260
JHELUM,Kotli,21-Sept-22,-,2780
JHELUM,Mangla,21-Sept-22,14000,15715
JHELUM,Rasul,21-Sept-22,14975,-
CHENAB,Marala,21-Sept-22,31017,4000
CHENAB,Khanki,21-Sept-22,9730,1866
CHENAB,Qadirabad,21-Sept-22,11475,-
CHENAB,Trimmu,21-Sept-22,21065,3915
CHENAB,Punjnad,21-Sept-22,16110,2060
RAVI,Jassar,21-Sept-22,-,5845
RAVI,Shahdara,21-Sept-22,-,13721
RAVI,Balloki,21-Sept-22,27450,-
RAVI,Sidhnai,21-Sept-22,16214,-
SUTLEJ,Bhakara**,21-Sept-22,-,-
SUTLEJ,Sulemanki,21-Sept-22,16602,3410
SUTLEJ,Islam,21-Sept-22,1230,-
INDUS,Kalabagh,21-Sept-22,90894,82894
INDUS,Chashma,21-Sept-22,110445,91495
INDUS,Taunsa,21-Sept-22,110077,88677
INDUS,Guddu,21-Sept-22,87329,76038
INDUS,Sukkar,21-Sept-22,99980,90730
INDUS,Kotri,21-Sept-22,234755,202260
JHELUM,Kotli,21-Sept-22,-,2570
JHELUM,Mangla,21-Sept-22,14000,20415
JHELUM,Rasul,21-Sept-22,15975,-
CHENAB,Marala,21-Sept-22,31234,4000
CHENAB,Khanki,21-Sept-22,7864,-
CHENAB,Qadirabad,21-Sept-22,12289,-
CHENAB,Trimmu,21-Sept-22,21065,3915
CHENAB,Punjnad,21-Sept-22,15564,1514
RAVI,Jassar,21-Sept-22,-,5845
RAVI,Shahdara,21-Sept-22,-,13721
RAVI,Balloki,21-Sept-22,26450,-
RAVI,Sidhnai,21-Sept-22,16214,-
SUTLEJ,Bhakara**,21-Sept-22,-,-
SUTLEJ,Sulemanki,21-Sept-22,16574,3410
SUTLEJ,Islam,21-Sept-22,1230,-
INDUS,Kalabagh,21-Sept-22,85149,77149
INDUS,Chashma,21-Sept-22,109738,90788
INDUS,Taunsa,21-Sept-22,110077,88677
INDUS,Guddu,21-Sept-22,87329,76038
INDUS,Sukkar,21-Sept-22,99980,90730
INDUS,Kotri,21-Sept-22,234755,202260
JHELUM,Kotli,21-Sept-22,-,2780
JHELUM,Mangla,21-Sept-22,14000,27315
JHELUM,Rasul,21-Sept-22,15475,-
CHENAB,Marala,21-Sept-22,31238,4000
CHENAB,Khanki,21-Sept-22,7864,-
CHENAB,Qadirabad,21-Sept-22,12717,-
CHENAB,Trimmu,21-Sept-22,21065,3915
CHENAB,Punjnad,21-Sept-22,14150,-
RAVI,Jassar,21-Sept-22,-,5845
RAVI,Shahdara,21-Sept-22,-,12477
RAVI,Balloki,21-Sept-22,26450,-
RAVI,Sidhnai,21-Sept-22,16214,-
SUTLEJ,Bhakara**,21-Sept-22,-,-
SUTLEJ,Sulemanki,21-Sept-22,16574,3410
SUTLEJ,Islam,21-Sept-22,1230,-
INDUS,Kalabagh,22-Sept-22,88030,80030
INDUS,Chashma,22-Sept-22,108022,89272
INDUS,Taunsa,22-Sept-22,110077,88677
INDUS,Guddu,22-Sept-22,87329,76038
INDUS,Sukkar,22-Sept-22,92220,82820
INDUS,Kotri,22-Sept-22,231022,199307
JHELUM,Kotli,22-Sept-22,-,2990
JHELUM,Mangla,22-Sept-22,14000,21915
JHELUM,Rasul,22-Sept-22,15475,-
CHENAB,Marala,22-Sept-22,31586,4000
CHENAB,Khanki,22-Sept-22,7864,-
CHENAB,Qadirabad,22-Sept-22,12717,-
CHENAB,Trimmu,22-Sept-22,21065,3915
CHENAB,Punjnad,22-Sept-22,14150,-
RAVI,Jassar,22-Sept-22,-,5845
RAVI,Shahdara,22-Sept-22,-,12063
RAVI,Balloki,22-Sept-22,26450,-
RAVI,Sidhnai,22-Sept-22,17000,-
SUTLEJ,Bhakara**,22-Sept-22,-,-
SUTLEJ,Sulemanki,22-Sept-22,16088,2924
SUTLEJ,Islam,22-Sept-22,1230,-
INDUS,Kalabagh,22-Sept-22,98646,90646
INDUS,Chashma,22-Sept-22,108844,90244
INDUS,Taunsa,22-Sept-22,118545,97145
INDUS,Guddu,22-Sept-22,87329,76038
INDUS,Sukkar,22-Sept-22,82090,73690
INDUS,Kotri,22-Sept-22,231022,199307
JHELUM,Kotli,22-Sept-22,-,2570
JHELUM,Mangla,22-Sept-22,14000,23315
JHELUM,Rasul,22-Sept-22,15475,-
CHENAB,Marala,22-Sept-22,40185,11290
CHENAB,Khanki,22-Sept-22,9730,1866
CHENAB,Qadirabad,22-Sept-22,13359,-
CHENAB,Trimmu,22-Sept-22,19772,2622
CHENAB,Punjnad,22-Sept-22,14150,-
RAVI,Jassar,22-Sept-22,-,5507
RAVI,Shahdara,22-Sept-22,-,12063
RAVI,Balloki,22-Sept-22,26450,-
RAVI,Sidhnai,22-Sept-22,17840,-
SUTLEJ,Bhakara**,22-Sept-22,-,-
SUTLEJ,Sulemanki,22-Sept-22,16088,2924
SUTLEJ,Islam,22-Sept-22,1230,-
INDUS,Kalabagh,22-Sept-22,90894,82894
INDUS,Chashma,22-Sept-22,107704,89104
INDUS,Taunsa,22-Sept-22,117189,92989
INDUS,Guddu,22-Sept-22,84531,73240
INDUS,Sukkar,22-Sept-22,82090,73690
INDUS,Kotri,22-Sept-22,231022,199307
JHELUM,Kotli,22-Sept-22,-,2570
JHELUM,Mangla,22-Sept-22,16000,27915
JHELUM,Rasul,22-Sept-22,28620,11895
CHENAB,Marala,22-Sept-22,31017,4000
CHENAB,Khanki,22-Sept-22,7864,-
CHENAB,Qadirabad,22-Sept-22,14000,-
CHENAB,Trimmu,22-Sept-22,19772,2622
CHENAB,Punjnad,22-Sept-22,14150,-
RAVI,Jassar,22-Sept-22,-,5507
RAVI,Shahdara,22-Sept-22,-,11648
RAVI,Balloki,22-Sept-22,26450,-
RAVI,Sidhnai,22-Sept-22,17500,-
SUTLEJ,Bhakara**,22-Sept-22,-,-
SUTLEJ,Sulemanki,22-Sept-22,16131,2924
SUTLEJ,Islam,22-Sept-22,1230,-
INDUS,Kalabagh,22-Sept-22,90894,82894
INDUS,Chashma,22-Sept-22,108416,89816
INDUS,Taunsa,22-Sept-22,110002,85802
INDUS,Guddu,22-Sept-22,84531,73240
INDUS,Sukkar,22-Sept-22,82090,73690
INDUS,Kotri,22-Sept-22,231022,199307
JHELUM,Kotli,22-Sept-22,-,2570
JHELUM,Mangla,22-Sept-22,14000,26715
JHELUM,Rasul,22-Sept-22,17475,-
CHENAB,Marala,22-Sept-22,30160,4000
CHENAB,Khanki,22-Sept-22,9730,1866
CHENAB,Qadirabad,22-Sept-22,14000,-
CHENAB,Trimmu,22-Sept-22,19772,2622
CHENAB,Punjnad,22-Sept-22,13850,-
RAVI,Jassar,22-Sept-22,-,5507
RAVI,Shahdara,22-Sept-22,-,12477
RAVI,Balloki,22-Sept-22,26450,-
RAVI,Sidhnai,22-Sept-22,17500,-
SUTLEJ,Bhakara**,22-Sept-22,-,-
SUTLEJ,Sulemanki,22-Sept-22,16131,2924
SUTLEJ,Islam,22-Sept-22,1230,-
INDUS,Kalabagh,23-Sept-22,96185,88185
INDUS,Chashma,23-Sept-22,108980,90380
INDUS,Taunsa,23-Sept-22,102815,78615
INDUS,Guddu,23-Sept-22,83175,71884
INDUS,Sukkar,23-Sept-22,79950,70400
INDUS,Kotri,23-Sept-22,221988,191573
JHELUM,Kotli,23-Sept-22,-,2990
JHELUM,Mangla,23-Sept-22,15000,18115
JHELUM,Rasul,23-Sept-22,17475,-
CHENAB,Marala,23-Sept-22,30801,4000
CHENAB,Khanki,23-Sept-22,7864,-
CHENAB,Qadirabad,23-Sept-22,14000,-
CHENAB,Trimmu,23-Sept-22,19822,2622
CHENAB,Punjnad,23-Sept-22,13850,-
RAVI,Jassar,23-Sept-22,-,5507
RAVI,Shahdara,23-Sept-22,-,12892
RAVI,Balloki,23-Sept-22,26450,-
RAVI,Sidhnai,23-Sept-22,17840,-
SUTLEJ,Bhakara**,23-Sept-22,-,-
SUTLEJ,Sulemanki,23-Sept-22,13835,628
SUTLEJ,Islam,23-Sept-22,1230,-
INDUS,Kalabagh,23-Sept-22,96135,88135
INDUS,Chashma,23-Sept-22,108742,89992
INDUS,Taunsa,23-Sept-22,87970,64482
INDUS,Guddu,23-Sept-22,84470,71184
INDUS,Sukkar,23-Sept-22,79950,70400
INDUS,Kotri,23-Sept-22,221988,191573
JHELUM,Kotli,23-Sept-22,-,2780
JHELUM,Mangla,23-Sept-22,14000,24615
JHELUM,Rasul,23-Sept-22,18065,-
CHENAB,Marala,23-Sept-22,31673,4000
CHENAB,Khanki,23-Sept-22,9730,1866
CHENAB,Qadirabad,23-Sept-22,14642,-
CHENAB,Trimmu,23-Sept-22,19822,2622
CHENAB,Punjnad,23-Sept-22,13850,-
RAVI,Jassar,23-Sept-22,-,5507
RAVI,Shahdara,23-Sept-22,-,12892
RAVI,Balloki,23-Sept-22,26450,-
RAVI,Sidhnai,23-Sept-22,17300,-
SUTLEJ,Bhakara**,23-Sept-22,-,-
SUTLEJ,Sulemanki,23-Sept-22,13835,628
SUTLEJ,Islam,23-Sept-22,1230,-
INDUS,Kalabagh,23-Sept-22,100555,92555
INDUS,Chashma,23-Sept-22,106159,86439
INDUS,Taunsa,23-Sept-22,87970,64482
INDUS,Guddu,23-Sept-22,85549,71184
INDUS,Sukkar,23-Sept-22,79950,70400
INDUS,Kotri,23-Sept-22,221988,191573
JHELUM,Kotli,23-Sept-22,-,2570
JHELUM,Mangla,23-Sept-22,12000,29115
JHELUM,Rasul,23-Sept-22,24246,5341
CHENAB,Marala,23-Sept-22,31820,4000
CHENAB,Khanki,23-Sept-22,7864,Nil
CHENAB,Qadirabad,23-Sept-22,15570,Nil
CHENAB,Trimmu,23-Sept-22,19872,2622
CHENAB,Punjnad,23-Sept-22,13850,Nil
RAVI,Jassar,23-Sept-22,-,5507
RAVI,Shahdara,23-Sept-22,-,13721
RAVI,Balloki,23-Sept-22,26600,Nil
RAVI,Sidhnai,23-Sept-22,17000,Nil
SUTLEJ,Bhakara**,23-Sept-22,-,-
SUTLEJ,Sulemanki,23-Sept-22,13887,628
SUTLEJ,Islam,23-Sept-22,1230,Nil
INDUS,Kalabagh,23-Sept-22,85149,77149
INDUS,Chashma,23-Sept-22,107527,86727
INDUS,Taunsa,23-Sept-22,87970,64482
INDUS,Guddu,23-Sept-22,85549,71184
INDUS,Sukkar,23-Sept-22,79950,70400
INDUS,Kotri,23-Sept-22,221988,191573
JHELUM,Kotli,23-Sept-22,-,2370
JHELUM,Mangla,23-Sept-22,11000,29515
JHELUM,Rasul,23-Sept-22,18405,Nil
CHENAB,Marala,23-Sept-22,31820,4000
CHENAB,Khanki,23-Sept-22,9730,1866
CHENAB,Qadirabad,23-Sept-22,17320,Nil
CHENAB,Trimmu,23-Sept-22,19872,2622
CHENAB,Punjnad,23-Sept-22,13467,Nil
RAVI,Jassar,23-Sept-22,-,5507
RAVI,Shahdara,23-Sept-22,-,12477
RAVI,Balloki,23-Sept-22,26800,Nil
RAVI,Sidhnai,23-Sept-22,16500,Nil
SUTLEJ,Bhakara**,23-Sept-22,-,-
SUTLEJ,Sulemanki,23-Sept-22,13887,628
SUTLEJ,Islam,23-Sept-22,1230,Nil
INDUS,Kalabagh,24-Sept-22,91849,83849
INDUS,Chashma,24-Sept-22,107659,86859
INDUS,Taunsa,24-Sept-22,87970,64482
INDUS,Guddu,24-Sept-22,85549,71184
INDUS,Sukkar,24-Sept-22,77635,67385
INDUS,Kotri,24-Sept-22,218490,186375
JHELUM,Kotli,24-Sept-22,-,2780
JHELUM,Mangla,24-Sept-22,10500,21815
JHELUM,Rasul,24-Sept-22,18405,Nil
CHENAB,Marala,24-Sept-22,31159,4000
CHENAB,Khanki,24-Sept-22,11596,3732
CHENAB,Qadirabad,24-Sept-22,17545,Nil
CHENAB,Trimmu,24-Sept-22,19872,2622
CHENAB,Punjnad,24-Sept-22,13164,Nil
RAVI,Jassar,24-Sept-22,-,5507
RAVI,Shahdara,24-Sept-22,-,12477
RAVI,Balloki,24-Sept-22,28000,Nil
RAVI,Sidhnai,24-Sept-22,15800,Nil
SUTLEJ,Bhakara**,24-Sept-22,-,-
SUTLEJ,Sulemanki,24-Sept-22,13911,652
SUTLEJ,Islam,24-Sept-22,1230,Nil
INDUS,Kalabagh,24-Sept-22,86104,78104
INDUS,Chashma,24-Sept-22,109093,88143
INDUS,Taunsa,24-Sept-22,87870,64482
INDUS,Guddu,24-Sept-22,85204,69787
INDUS,Sukkar,24-Sept-22,77635,67385
INDUS,Kotri,24-Sept-22,218490,186375
JHELUM,Kotli,24-Sept-22,-,2570
JHELUM,Mangla,24-Sept-22,11000,25315
JHELUM,Rasul,24-Sept-22,24746,5341
CHENAB,Marala,24-Sept-22,28842,4000
CHENAB,Khanki,24-Sept-22,11596,3732
CHENAB,Qadirabad,24-Sept-22,18670,Nil
CHENAB,Trimmu,24-Sept-22,19872,2622
CHENAB,Punjnad,24-Sept-22,13065,Nil
RAVI,Jassar,24-Sept-22,-,5845
RAVI,Shahdara,24-Sept-22,-,12892
RAVI,Balloki,24-Sept-22,28600,Nil
RAVI,Sidhnai,24-Sept-22,15500,Nil
SUTLEJ,Bhakara**,24-Sept-22,-,-
SUTLEJ,Sulemanki,24-Sept-22,13911,652
SUTLEJ,Islam,24-Sept-22,1230,Nil
INDUS,Kalabagh,24-Sept-22,88985,80985
INDUS,Chashma,24-Sept-22,108918,87918
INDUS,Taunsa,24-Sept-22,87970,64482
INDUS,Guddu,24-Sept-22,84392,68975
INDUS,Sukkar,24-Sept-22,77635,67385
INDUS,Kotri,24-Sept-22,218490,186375
JHELUM,Kotli,24-Sept-22,-,2570
JHELUM,Mangla,24-Sept-22,9000,27315
JHELUM,Rasul,24-Sept-22,19205,NIL
CHENAB,Marala,24-Sept-22,25420,4000
CHENAB,Khanki,24-Sept-22,7864,NIL
CHENAB,Qadirabad,24-Sept-22,20000,Nil
CHENAB,Trimmu,24-Sept-22,19872,2622
CHENAB,Punjnad,24-Sept-22,13065,Nil
RAVI,Jassar,24-Sept-22,-,5845
RAVI,Shahdara,24-Sept-22,-,12892
RAVI,Balloki,24-Sept-22,29236,586
RAVI,Sidhnai,24-Sept-22,15500,Nil
SUTLEJ,Bhakara**,24-Sept-22,-,-
SUTLEJ,Sulemanki,24-Sept-22,13911,652
SUTLEJ,Islam,24-Sept-22,1230,Nil
INDUS,Kalabagh,24-Sept-22,83240,75240
INDUS,Chashma,24-Sept-22,109429,88429
INDUS,Taunsa,24-Sept-22,87970,64482
INDUS,Guddu,24-Sept-22,84392,68975
INDUS,Sukkar,24-Sept-22,77635,67385
INDUS,Kotri,24-Sept-22,218490,186375
JHELUM,Kotli,24-Sept-22,-,2370
JHELUM,Mangla,24-Sept-22,12000,26215
JHELUM,Rasul,24-Sept-22,19005,Nil
CHENAB,Marala,24-Sept-22,24384,4000
CHENAB,Khanki,24-Sept-22,9730,1866
CHENAB,Qadirabad,24-Sept-22,20000,Nil
CHENAB,Trimmu,24-Sept-22,19872,2622
CHENAB,Punjnad,24-Sept-22,13065,Nil
RAVI,Jassar,24-Sept-22,-,5845
RAVI,Shahdara,24-Sept-22,-,13721
RAVI,Balloki,24-Sept-22,29236,586
RAVI,Sidhnai,24-Sept-22,15500,Nil
SUTLEJ,Bhakara**,24-Sept-22,-,-
SUTLEJ,Sulemanki,24-Sept-22,13911,652
SUTLEJ,Islam,24-Sept-22,1230,Nil
INDUS,Kalabagh,25-Sept-22,85149,77149
INDUS,Chashma,25-Sept-22,109747,88747
INDUS,Taunsa,25-Sept-22,97426,72326
INDUS,Guddu,25-Sept-22,83410,68120
INDUS,Sukkar,25-Sept-22,70932,60982
INDUS,Kotri,25-Sept-22,217930,186375
JHELUM,Kotli,25-Sept-22,-,2780
JHELUM,Mangla,25-Sept-22,12000,26215
JHELUM,Rasul,25-Sept-22,19005,Nil
CHENAB,Marala,25-Sept-22,24724,4000
CHENAB,Khanki,25-Sept-22,7864,Nil
CHENAB,Qadirabad,25-Sept-22,19000,Nil
CHENAB,Trimmu,25-Sept-22,19872,2622
CHENAB,Punjnad,25-Sept-22,13065,Nil
RAVI,Jassar,25-Sept-22,-,5845
RAVI,Shahdara,25-Sept-22,-,12477
RAVI,Balloki,25-Sept-22,29805,1155
RAVI,Sidhnai,25-Sept-22,15500,Nil
SUTLEJ,Bhakara**,25-Sept-22,-,-
SUTLEJ,Sulemanki,25-Sept-22,15378,2119
SUTLEJ,Islam,25-Sept-22,1230,Nil
INDUS,Kalabagh,25-Sept-22,85149,77149
INDUS,Chashma,25-Sept-22,109095,88095
INDUS,Taunsa,25-Sept-22,85473,62652
INDUS,Guddu,25-Sept-22,82410,68120
INDUS,Sukkar,25-Sept-22,70932,60982
INDUS,Kotri,25-Sept-22,210236,179381
JHELUM,Kotli,25-Sept-22,-,3210
JHELUM,Mangla,25-Sept-22,12000,25915
JHELUM,Rasul,25-Sept-22,24971,5341
CHENAB,Marala,25-Sept-22,25420,4000
CHENAB,Khanki,25-Sept-22,7864,-
CHENAB,Qadirabad,25-Sept-22,17000,-
CHENAB,Trimmu,25-Sept-22,19922,2622
CHENAB,Punjnad,25-Sept-22,13065,-
RAVI,Jassar,25-Sept-22,-,5845
RAVI,Shahdara,25-Sept-22,-,12477
RAVI,Balloki,25-Sept-22,30380,1730
RAVI,Sidhnai,25-Sept-22,15000,-
SUTLEJ,Bhakara**,25-Sept-22,-,-
SUTLEJ,Sulemanki,25-Sept-22,15378,2119
SUTLEJ,Islam,25-Sept-22,1230,-
INDUS,Kalabagh,25-Sept-22,77311,69311
INDUS,Chashma,25-Sept-22,109342,88342
INDUS,Taunsa,25-Sept-22,85473,62652
INDUS,Guddu,25-Sept-22,86560,70792
INDUS,Sukkar,25-Sept-22,70932,60982
INDUS,Kotri,25-Sept-22,210236,179381
JHELUM,Kotli,25-Sept-22,-,3210
JHELUM,Mangla,25-Sept-22,14000,27315
JHELUM,Rasul,25-Sept-22,20380,-
CHENAB,Marala,25-Sept-22,24889,4000
CHENAB,Khanki,25-Sept-22,7864,-
CHENAB,Qadirabad,25-Sept-22,17450,-
CHENAB,Trimmu,25-Sept-22,20615,2622
CHENAB,Punjnad,25-Sept-22,13065,-
RAVI,Jassar,25-Sept-22,-,5845
RAVI,Shahdara,25-Sept-22,-,12477
RAVI,Balloki,25-Sept-22,30955,2305
RAVI,Sidhnai,25-Sept-22,15000,-
SUTLEJ,Bhakara**,25-Sept-22,-,-
SUTLEJ,Sulemanki,25-Sept-22,16601,3423
SUTLEJ,Islam,25-Sept-22,1230,-
INDUS,Kalabagh,25-Sept-22,77311,69311
INDUS,Chashma,25-Sept-22,108756,87856
INDUS,Taunsa,25-Sept-22,85473,62652
INDUS,Guddu,25-Sept-22,86560,70792
INDUS,Sukkar,25-Sept-22,70932,60982
INDUS,Kotri,25-Sept-22,210236,179381
JHELUM,Kotli,25-Sept-22,-,2990
JHELUM,Mangla,25-Sept-22,18000,27315
JHELUM,Rasul,25-Sept-22,28995,7990
CHENAB,Marala,25-Sept-22,25240,4000
CHENAB,Khanki,25-Sept-22,9730,1866
CHENAB,Qadirabad,25-Sept-22,17450,-
CHENAB,Trimmu,25-Sept-22,20672,2622
CHENAB,Punjnad,25-Sept-22,13065,-
RAVI,Jassar,25-Sept-22,-,6014
RAVI,Shahdara,25-Sept-22,-,8581
RAVI,Balloki,25-Sept-22,30955,2305
RAVI,Sidhnai,25-Sept-22,15350,-
SUTLEJ,Bhakara**,25-Sept-22,-,-
SUTLEJ,Sulemanki,25-Sept-22,16601,3423
SUTLEJ,Islam,25-Sept-22,1230,-
INDUS,Kalabagh,26-Sept-22,101510,93510
INDUS,Chashma,26-Sept-22,106170,85470
INDUS,Taunsa,26-Sept-22,85101,63826
INDUS,Guddu,26-Sept-22,72535,56767
INDUS,Sukkar,26-Sept-22,66738,57488
INDUS,Kotri,26-Sept-22,210236,179381
JHELUM,Kotli,26-Sept-22,-,2990
JHELUM,Mangla,26-Sept-22,16000,23415
JHELUM,Rasul,26-Sept-22,26346,5341
CHENAB,Marala,26-Sept-22,25597,4000
CHENAB,Khanki,26-Sept-22,7864,-
CHENAB,Qadirabad,26-Sept-22,18000,-
CHENAB,Trimmu,26-Sept-22,22972,5172
CHENAB,Punjnad,26-Sept-22,13065,-
RAVI,Jassar,26-Sept-22,-,6014
RAVI,Shahdara,26-Sept-22,-,7586
RAVI,Balloki,26-Sept-22,30955,2305
RAVI,Sidhnai,26-Sept-22,15350,-
SUTLEJ,Bhakara**,26-Sept-22,-,-
SUTLEJ,Sulemanki,26-Sept-22,17472,4294
SUTLEJ,Islam,26-Sept-22,1230,-
INDUS,Kalabagh,26-Sept-22,101510,93510
INDUS,Chashma,26-Sept-22,108598,87898
INDUS,Taunsa,26-Sept-22,85101,63826
INDUS,Guddu,26-Sept-22,64306,48400
INDUS,Sukkar,26-Sept-22,66738,57488
INDUS,Kotri,26-Sept-22,210236,179381
JHELUM,Kotli,26-Sept-22,-,2990
JHELUM,Mangla,26-Sept-22,15000,27515
JHELUM,Rasul,26-Sept-22,21380,-
CHENAB,Marala,26-Sept-22,51527,28057
CHENAB,Khanki,26-Sept-22,9730,1866
CHENAB,Qadirabad,26-Sept-22,18000,-
CHENAB,Trimmu,26-Sept-22,21062,3262
CHENAB,Punjnad,26-Sept-22,12949,-
RAVI,Jassar,26-Sept-22,-,12571
RAVI,Shahdara,26-Sept-22,-,7586
RAVI,Balloki,26-Sept-22,29805,1155
RAVI,Sidhnai,26-Sept-22,15350,-
SUTLEJ,Bhakara**,26-Sept-22,NR,NR
SUTLEJ,Sulemanki,26-Sept-22,17472,4294
SUTLEJ,Islam,26-Sept-22,1230,-
INDUS,Kalabagh,26-Sept-22,80744,72744
INDUS,Chashma,26-Sept-22,106647,88495
INDUS,Taunsa,26-Sept-22,85101,63826
INDUS,Guddu,26-Sept-22,60280,43534
INDUS,Sukkar,26-Sept-22,66738,57488
INDUS,Kotri,26-Sept-22,210236,179381
JHELUM,Kotli,26-Sept-22,-,2780
JHELUM,Mangla,26-Sept-22,15000,29715
JHELUM,Rasul,26-Sept-22,22205,-
CHENAB,Marala,26-Sept-22,49505,24843
CHENAB,Khanki,26-Sept-22,7864,-
CHENAB,Qadirabad,26-Sept-22,18675,-
CHENAB,Trimmu,26-Sept-22,21062,3262
CHENAB,Punjnad,26-Sept-22,12949,-
RAVI,Jassar,26-Sept-22,-,15461
RAVI,Shahdara,26-Sept-22,-,8581
RAVI,Balloki,26-Sept-22,29805,1155
RAVI,Sidhnai,26-Sept-22,15600,-
SUTLEJ,Bhakara**,26-Sept-22,-,-
SUTLEJ,Sulemanki,26-Sept-22,17472,4294
SUTLEJ,Islam,26-Sept-22,1230,-
INDUS,Kalabagh,26-Sept-22,80744,72744
INDUS,Chashma,26-Sept-22,108700,88000
INDUS,Taunsa,26-Sept-22,85101,63826
INDUS,Guddu,26-Sept-22,60280,43534
INDUS,Sukkar,26-Sept-22,66738,57488
INDUS,Kotri,26-Sept-22,210236,179381
JHELUM,Kotli,26-Sept-22,-,2570
JHELUM,Mangla,26-Sept-22,18000,26315
JHELUM,Rasul,26-Sept-22,22205,-
CHENAB,Marala,26-Sept-22,47363,21458
CHENAB,Khanki,26-Sept-22,27592,19728
CHENAB,Qadirabad,26-Sept-22,19800,-
CHENAB,Trimmu,26-Sept-22,22822,5172
CHENAB,Punjnad,26-Sept-22,12949,-
RAVI,Jassar,26-Sept-22,-,12571
RAVI,Shahdara,26-Sept-22,-,8581
RAVI,Balloki,26-Sept-22,29805,1155
RAVI,Sidhnai,26-Sept-22,15800,-
SUTLEJ,Bhakara**,26-Sept-22,-,-
SUTLEJ,Sulemanki,26-Sept-22,17918,4811
SUTLEJ,Islam,26-Sept-22,1230,-
INDUS,Kalabagh,27-Sept-22,91849,83849
INDUS,Chashma,27-Sept-22,108133,87433
INDUS,Taunsa,27-Sept-22,81518,61138
INDUS,Guddu,27-Sept-22,60280,43534
INDUS,Sukkar,27-Sept-22,56696,48495
INDUS,Kotri,27-Sept-22,197710,166855
JHELUM,Kotli,27-Sept-22,-,2570
JHELUM,Mangla,27-Sept-22,18000,19955
JHELUM,Rasul,27-Sept-22,30195,7990
CHENAB,Marala,27-Sept-22,45288,18090
CHENAB,Khanki,27-Sept-22,34165,26301
CHENAB,Qadirabad,27-Sept-22,30427,12427
CHENAB,Trimmu,27-Sept-22,22822,5172
CHENAB,Punjnad,27-Sept-22,12567,-
RAVI,Jassar,27-Sept-22,-,12571
RAVI,Shahdara,27-Sept-22,-,14945
RAVI,Balloki,27-Sept-22,29805,1155
RAVI,Sidhnai,27-Sept-22,15800,-
SUTLEJ,Bhakara**,27-Sept-22,-,-
SUTLEJ,Sulemanki,27-Sept-22,17918,4811
SUTLEJ,Islam,27-Sept-22,1230,-
INDUS,Kalabagh,27-Sept-22,97140,89140
INDUS,Chashma,27-Sept-22,108622,87622
INDUS,Taunsa,27-Sept-22,81518,61138
INDUS,Guddu,27-Sept-22,61504,44758
INDUS,Sukkar,27-Sept-22,56696,48495
INDUS,Kotri,27-Sept-22,197710,166855
JHELUM,Kotli,27-Sept-22,-,2780
JHELUM,Mangla,27-Sept-22,18000,28515
JHELUM,Rasul,27-Sept-22,22205,-
CHENAB,Marala,27-Sept-22,38574,10034
CHENAB,Khanki,27-Sept-22,29725,21861
CHENAB,Qadirabad,27-Sept-22,43147,23147
CHENAB,Trimmu,27-Sept-22,22822,5172
CHENAB,Punjnad,27-Sept-22,12567,-
RAVI,Jassar,27-Sept-22,-,10336
RAVI,Shahdara,27-Sept-22,-,17800
RAVI,Balloki,27-Sept-22,28650,-
RAVI,Sidhnai,27-Sept-22,15350,-
SUTLEJ,Bhakara**,27-Sept-22,NR,NR
SUTLEJ,Sulemanki,27-Sept-22,19402,6391
SUTLEJ,Islam,27-Sept-22,1230,-
INDUS,Kalabagh,27-Sept-22,97140,89140
INDUS,Chashma,27-Sept-22,109567,88567
INDUS,Taunsa,27-Sept-22,82722,62042
INDUS,Guddu,27-Sept-22,60933,43738
INDUS,Sukkar,27-Sept-22,56696,48495
INDUS,Kotri,27-Sept-22,187635,156780
JHELUM,Kotli,27-Sept-22,-,2570
JHELUM,Mangla,27-Sept-22,17000,19915
JHELUM,Rasul,27-Sept-22,22355,-
CHENAB,Marala,27-Sept-22,36818,7356
CHENAB,Khanki,27-Sept-22,27688,19824
CHENAB,Qadirabad,27-Sept-22,38208,18208
CHENAB,Trimmu,27-Sept-22,23022,5172
CHENAB,Punjnad,27-Sept-22,11676,-
RAVI,Jassar,27-Sept-22,-,9591
RAVI,Shahdara,27-Sept-22,-,19496
RAVI,Balloki,27-Sept-22,29805,1155
RAVI,Sidhnai,27-Sept-22,15500,-
SUTLEJ,Bhakara**,27-Sept-22,-,-
SUTLEJ,Sulemanki,27-Sept-22,21314,8502
SUTLEJ,Islam,27-Sept-22,1230,-
INDUS,Kalabagh,27-Sept-22,91849,83849
INDUS,Chashma,27-Sept-22,109462,88462
INDUS,Taunsa,27-Sept-22,82722,62042
INDUS,Guddu,27-Sept-22,60933,43738
INDUS,Sukkar,27-Sept-22,56696,48495
INDUS,Kotri,27-Sept-22,187635,156780
JHELUM,Kotli,27-Sept-22,-,2570
JHELUM,Mangla,27-Sept-22,13000,27615
JHELUM,Rasul,27-Sept-22,22355,-
CHENAB,Marala,27-Sept-22,33606,7356
CHENAB,Khanki,27-Sept-22,17194,9330
CHENAB,Qadirabad,27-Sept-22,32427,12427
CHENAB,Trimmu,27-Sept-22,23022,5172
CHENAB,Punjnad,27-Sept-22,11676,-
RAVI,Jassar,27-Sept-22,-,9591
RAVI,Shahdara,27-Sept-22,-,18365
RAVI,Balloki,27-Sept-22,30380,1730
RAVI,Sidhnai,27-Sept-22,15850,-
SUTLEJ,Bhakara**,27-Sept-22,-,-
SUTLEJ,Sulemanki,27-Sept-22,21314,8502
SUTLEJ,Islam,27-Sept-22,1230,-
INDUS,Kalabagh,28-Sept-22,85166,77166
INDUS,Chashma,28-Sept-22,109136,88136
INDUS,Taunsa,28-Sept-22,82722,62042
INDUS,Guddu,28-Sept-22,64603,47408
INDUS,Sukkar,28-Sept-22,49605,40875
INDUS,Kotri,28-Sept-22,187635,156780
JHELUM,Kotli,28-Sept-22,-,2780
JHELUM,Mangla,28-Sept-22,9000,24355
JHELUM,Rasul,28-Sept-22,22355,-
CHENAB,Marala,28-Sept-22,33606,7356
CHENAB,Khanki,28-Sept-22,15328,7464
CHENAB,Qadirabad,28-Sept-22,32427,12427
CHENAB,Trimmu,28-Sept-22,23022,5172
CHENAB,Punjnad,28-Sept-22,11118,-
RAVI,Jassar,28-Sept-22,-,9591
RAVI,Shahdara,28-Sept-22,-,17392
RAVI,Balloki,28-Sept-22,32685,4035
RAVI,Sidhnai,28-Sept-22,15850,-
SUTLEJ,Bhakara**,28-Sept-22,-,-
SUTLEJ,Sulemanki,28-Sept-22,21417,8605
SUTLEJ,Islam,28-Sept-22,1230,-
INDUS,Kalabagh,28-Sept-22,85166,77166
INDUS,Chashma,28-Sept-22,108801,87801
INDUS,Taunsa,28-Sept-22,82722,62042
INDUS,Guddu,28-Sept-22,64603,47408
INDUS,Sukkar,28-Sept-22,49605,40875
INDUS,Kotri,28-Sept-22,187635,156780
JHELUM,Kotli,28-Sept-22,-,2570
JHELUM,Mangla,28-Sept-22,10000,18715
JHELUM,Rasul,28-Sept-22,18355,-
CHENAB,Marala,28-Sept-22,33606,7356
CHENAB,Khanki,28-Sept-22,11596,3732
CHENAB,Qadirabad,28-Sept-22,27542,7542
CHENAB,Trimmu,28-Sept-22,23022,5172
CHENAB,Punjnad,28-Sept-22,11118,-
RAVI,Jassar,28-Sept-22,-,8846
RAVI,Shahdara,28-Sept-22,-,19496
RAVI,Balloki,28-Sept-22,35775,7125
RAVI,Sidhnai,28-Sept-22,15850,-
SUTLEJ,Bhakara**,28-Sept-22,NR,NR
SUTLEJ,Sulemanki,28-Sept-22,21417,8605
SUTLEJ,Islam,28-Sept-22,1230,-
INDUS,Kalabagh,28-Sept-22,80376,72376
INDUS,Chashma,28-Sept-22,108205,87205
INDUS,Taunsa,28-Sept-22,82722,62042
INDUS,Guddu,28-Sept-22,62468,47408
INDUS,Sukkar,28-Sept-22,49605,40875
INDUS,Kotri,28-Sept-22,187635,156780
JHELUM,Kotli,28-Sept-22,-,2370
JHELUM,Mangla,28-Sept-22,11000,18515
JHELUM,Rasul,28-Sept-22,18355,-
CHENAB,Marala,28-Sept-22,31917,5667
CHENAB,Khanki,28-Sept-22,13462,5598
CHENAB,Qadirabad,28-Sept-22,20000,-
CHENAB,Trimmu,28-Sept-22,23022,5172
CHENAB,Punjnad,28-Sept-22,11118,-
RAVI,Jassar,28-Sept-22,-,8846
RAVI,Shahdara,28-Sept-22,-,17800
RAVI,Balloki,28-Sept-22,34920,6270
RAVI,Sidhnai,28-Sept-22,15850,-
SUTLEJ,Bhakara**,28-Sept-22,-,-
SUTLEJ,Sulemanki,28-Sept-22,20291,7479
SUTLEJ,Islam,28-Sept-22,1230,-
INDUS,Kalabagh,28-Sept-22,80376,72376
INDUS,Chashma,28-Sept-22,108999,87999
INDUS,Taunsa,28-Sept-22,82722,62042
INDUS,Guddu,28-Sept-22,62468,47408
INDUS,Sukkar,28-Sept-22,49605,40875
INDUS,Kotri,28-Sept-22,187635,156780
JHELUM,Kotli,28-Sept-22,-,2570
JHELUM,Mangla,28-Sept-22,15000,28515
JHELUM,Rasul,28-Sept-22,19355,-
CHENAB,Marala,28-Sept-22,26703,4000
CHENAB,Khanki,28-Sept-22,7864,-
CHENAB,Qadirabad,28-Sept-22,20000,-
CHENAB,Trimmu,28-Sept-22,22972,5172
CHENAB,Punjnad,28-Sept-22,11118,-
RAVI,Jassar,28-Sept-22,-,8846
RAVI,Shahdara,28-Sept-22,-,14945
RAVI,Balloki,28-Sept-22,35775,7125
RAVI,Sidhnai,28-Sept-22,16350,-
SUTLEJ,Bhakara**,28-Sept-22,-,-
SUTLEJ,Sulemanki,28-Sept-22,20291,7479
SUTLEJ,Islam,28-Sept-22,1230,-
INDUS,Kalabagh,29-Sept-22,78466,70466
INDUS,Chashma,29-Sept-22,108975,87975
INDUS,Taunsa,29-Sept-22,82722,62042
INDUS,Guddu,29-Sept-22,64735,49675
INDUS,Sukkar,29-Sept-22,45830,36300
INDUS,Kotri,29-Sept-22,161851,130496
JHELUM,Kotli,29-Sept-22,-,2780
JHELUM,Mangla,29-Sept-22,10000,21935
JHELUM,Rasul,29-Sept-22,19355,-
CHENAB,Marala,29-Sept-22,26703,4000
CHENAB,Khanki,29-Sept-22,11546,3732
CHENAB,Qadirabad,29-Sept-22,20000,-
CHENAB,Trimmu,29-Sept-22,22972,5172
CHENAB,Punjnad,29-Sept-22,11118,-
RAVI,Jassar,29-Sept-22,-,8846
RAVI,Shahdara,29-Sept-22,-,14129
RAVI,Balloki,29-Sept-22,35775,7125
RAVI,Sidhnai,29-Sept-22,16350,-
SUTLEJ,Bhakara**,29-Sept-22,-,-
SUTLEJ,Sulemanki,29-Sept-22,21522,8605
SUTLEJ,Islam,29-Sept-22,1230,-
INDUS,Kalabagh,29-Sept-22,78466,70466
INDUS,Chashma,29-Sept-22,109321,88321
INDUS,Taunsa,29-Sept-22,82722,62042
INDUS,Guddu,29-Sept-22,65278,50218
INDUS,Sukkar,29-Sept-22,45830,36300
INDUS,Kotri,29-Sept-22,161851,130496
JHELUM,Kotli,29-Sept-22,-,2570
JHELUM,Mangla,29-Sept-22,13000,19415
JHELUM,Rasul,29-Sept-22,19355,-
CHENAB,Marala,29-Sept-22,26703,4000
CHENAB,Khanki,29-Sept-22,9730,1866
CHENAB,Qadirabad,29-Sept-22,20000,-
CHENAB,Trimmu,29-Sept-22,22972,5172
CHENAB,Punjnad,29-Sept-22,11118,-
RAVI,Jassar,29-Sept-22,-,6353
RAVI,Shahdara,29-Sept-22,-,14129
RAVI,Balloki,29-Sept-22,34920,6270
RAVI,Sidhnai,29-Sept-22,16700,-
SUTLEJ,Bhakara**,29-Sept-22,29473,12361
SUTLEJ,Sulemanki,29-Sept-22,21522,8605
SUTLEJ,Islam,29-Sept-22,2950,1720
INDUS,Kalabagh,29-Sept-22,72537,64537
INDUS,Chashma,29-Sept-22,108915,87915
INDUS,Taunsa,29-Sept-22,82722,62042
INDUS,Guddu,29-Sept-22,66108,50218
INDUS,Sukkar,29-Sept-22,45830,36300
INDUS,Kotri,29-Sept-22,161851,130496
JHELUM,Kotli,29-Sept-22,-,2370
JHELUM,Mangla,29-Sept-22,15000,23515
JHELUM,Rasul,29-Sept-22,19355,-
CHENAB,Marala,29-Sept-22,26893,4000
CHENAB,Khanki,29-Sept-22,9730,1866
CHENAB,Qadirabad,29-Sept-22,20000,-
CHENAB,Trimmu,29-Sept-22,22972,5172
CHENAB,Punjnad,29-Sept-22,10684,-
RAVI,Jassar,29-Sept-22,-,6353
RAVI,Shahdara,29-Sept-22,-,14129
RAVI,Balloki,29-Sept-22,35640,8990
RAVI,Sidhnai,29-Sept-22,16700,-
SUTLEJ,Bhakara**,29-Sept-22,-,-
SUTLEJ,Sulemanki,29-Sept-22,21425,8463
SUTLEJ,Islam,29-Sept-22,2950,1720
INDUS,Kalabagh,29-Sept-22,78466,70466
INDUS,Chashma,29-Sept-22,109252,88252
INDUS,Taunsa,29-Sept-22,82722,62042
INDUS,Guddu,29-Sept-22,66108,50218
INDUS,Sukkar,29-Sept-22,45830,36300
INDUS,Kotri,29-Sept-22,161851,130496
JHELUM,Kotli,29-Sept-22,-,2370
JHELUM,Mangla,29-Sept-22,16000,33115
JHELUM,Rasul,29-Sept-22,19355,-
CHENAB,Marala,29-Sept-22,25960,4000
CHENAB,Khanki,29-Sept-22,7864,-
CHENAB,Qadirabad,29-Sept-22,19000,-
CHENAB,Trimmu,29-Sept-22,22972,5172
CHENAB,Punjnad,29-Sept-22,10684,-
RAVI,Jassar,29-Sept-22,-,6353
RAVI,Shahdara,29-Sept-22,-,11230
RAVI,Balloki,29-Sept-22,35640,8990
RAVI,Sidhnai,29-Sept-22,16350,-
SUTLEJ,Bhakara**,29-Sept-22,-,-
SUTLEJ,Sulemanki,29-Sept-22,21425,8463
SUTLEJ,Islam,29-Sept-22,2950,1720
INDUS,Kalabagh,30-Sept-22,90459,82459
INDUS,Chashma,30-Sept-22,109200,88200
INDUS,Taunsa,30-Sept-22,82722,62042
INDUS,Guddu,30-Sept-22,62584,46694
INDUS,Sukkar,30-Sept-22,45005,33905
INDUS,Kotri,30-Sept-22,144703,113848
JHELUM,Kotli,30-Sept-22,-,2370
JHELUM,Mangla,30-Sept-22,11000,11215
JHELUM,Rasul,30-Sept-22,19355,-
CHENAB,Marala,30-Sept-22,25960,4000
CHENAB,Khanki,30-Sept-22,9730,1866
CHENAB,Qadirabad,30-Sept-22,19000,-
CHENAB,Trimmu,30-Sept-22,22972,5172
CHENAB,Punjnad,30-Sept-22,10684,-
RAVI,Jassar,30-Sept-22,-,6353
RAVI,Shahdara,30-Sept-22,-,9240
RAVI,Balloki,30-Sept-22,33400,6750
RAVI,Sidhnai,30-Sept-22,16350,-
SUTLEJ,Bhakara**,30-Sept-22,-,-
SUTLEJ,Sulemanki,30-Sept-22,21089,8127
SUTLEJ,Islam,30-Sept-22,2950,1720
INDUS,Kalabagh,30-Sept-22,79423,71423
INDUS,Chashma,30-Sept-22,107227,87891
INDUS,Taunsa,30-Sept-22,82722,62042
INDUS,Guddu,30-Sept-22,58277,41737
INDUS,Sukkar,30-Sept-22,45005,33905
INDUS,Kotri,30-Sept-22,144703,113848
JHELUM,Kotli,30-Sept-22,-,2370
JHELUM,Mangla,30-Sept-22,13000,25115
JHELUM,Rasul,30-Sept-22,19355,-
CHENAB,Marala,30-Sept-22,23064,4000
CHENAB,Khanki,30-Sept-22,7741,-
CHENAB,Qadirabad,30-Sept-22,18000,-
CHENAB,Trimmu,30-Sept-22,22972,5172
CHENAB,Punjnad,30-Sept-22,10684,-
RAVI,Jassar,30-Sept-22,-,6014
RAVI,Shahdara,30-Sept-22,-,9240
RAVI,Balloki,30-Sept-22,33400,6750
RAVI,Sidhnai,30-Sept-22,16000,-
SUTLEJ,Bhakara**,30-Sept-22,-,-
SUTLEJ,Sulemanki,30-Sept-22,21089,8127
SUTLEJ,Islam,30-Sept-22,5542,4312
INDUS,Kalabagh,30-Sept-22,68795,60795
INDUS,Chashma,30-Sept-22,111901,92565
INDUS,Taunsa,30-Sept-22,82722,62042
INDUS,Guddu,30-Sept-22,57304,41737
INDUS,Sukkar,30-Sept-22,45005,33905
INDUS,Kotri,30-Sept-22,144703,113848
JHELUM,Kotli,30-Sept-22,-,2170
JHELUM,Mangla,30-Sept-22,12000,19915
JHELUM,Rasul,30-Sept-22,19355,Nil
CHENAB,Marala,30-Sept-22,22296,4000
CHENAB,Khanki,30-Sept-22,7741,Nil
CHENAB,Qadirabad,30-Sept-22,17000,Nil
CHENAB,Trimmu,30-Sept-22,25524,7724
CHENAB,Punjnad,30-Sept-22,10684,Nil
RAVI,Jassar,30-Sept-22,-,6014
RAVI,Shahdara,30-Sept-22,-,9240
RAVI,Balloki,30-Sept-22,33400,6750
RAVI,Sidhnai,30-Sept-22,15500,Nil
SUTLEJ,Bhakara**,30-Sept-22,-,-
SUTLEJ,Sulemanki,30-Sept-22,21127,8165
SUTLEJ,Islam,30-Sept-22,5542,4312
INDUS,Kalabagh,30-Sept-22,57597,49597
INDUS,Chashma,30-Sept-22,114373,93373
INDUS,Taunsa,30-Sept-22,82722,62042
INDUS,Guddu,30-Sept-22,57304,41737
INDUS,Sukkar,30-Sept-22,45005,33905
INDUS,Kotri,30-Sept-22,144703,113848
JHELUM,Kotli,30-Sept-22,-,2370
JHELUM,Mangla,30-Sept-22,9000,34115
JHELUM,Rasul,30-Sept-22,19355,Nil
CHENAB,Marala,30-Sept-22,22200,4000
CHENAB,Khanki,30-Sept-22,7741,Nil
CHENAB,Qadirabad,30-Sept-22,17000,Nil
CHENAB,Trimmu,30-Sept-22,29280,11480
CHENAB,Punjnad,30-Sept-22,10792,Nil
RAVI,Jassar,30-Sept-22,-,6014
RAVI,Shahdara,30-Sept-22,-,9240
RAVI,Balloki,30-Sept-22,28955,2305
RAVI,Sidhnai,30-Sept-22,16000,Nil
SUTLEJ,Bhakara**,30-Sept-22,-,-
SUTLEJ,Sulemanki,30-Sept-22,21127,8165
SUTLEJ,Islam,30-Sept-22,5542,4312
INDUS,Kalabagh,01-Oct-22,79421,71421
INDUS,Chashma,01-Oct-22,112634,93049
INDUS,Taunsa,01-Oct-22,82722,62042
INDUS,Guddu,01-Oct-22,60362,46818
INDUS,Sukkar,01-Oct-22,45155,33905
INDUS,Kotri,01-Oct-22,131435,100580
JHELUM,Kotli,01-Oct-22,-,2570
JHELUM,Mangla,01-Oct-22,12000,23615
JHELUM,Rasul,01-Oct-22,19355,Nil
CHENAB,Marala,01-Oct-22,21487,4000
CHENAB,Khanki,01-Oct-22,7741,-
CHENAB,Qadirabad,01-Oct-22,16000,Nil
CHENAB,Trimmu,01-Oct-22,29280,11480
CHENAB,Punjnad,01-Oct-22,11008,Nil
RAVI,Jassar,01-Oct-22,-,6014
RAVI,Shahdara,01-Oct-22,-,7586
RAVI,Balloki,01-Oct-22,28955,2305
RAVI,Sidhnai,01-Oct-22,17500,Nil
SUTLEJ,Bhakara**,01-Oct-22,-,-
SUTLEJ,Sulemanki,01-Oct-22,20571,7580
SUTLEJ,Islam,01-Oct-22,5542,4312
INDUS,Kalabagh,01-Oct-22,67480,59480
INDUS,Chashma,01-Oct-22,110407,90845
INDUS,Taunsa,01-Oct-22,82722,62042
INDUS,Guddu,01-Oct-22,60569,48896
INDUS,Sukkar,01-Oct-22,45155,33905
INDUS,Kotri,01-Oct-22,131435,100580
JHELUM,Kotli,01-Oct-22,-,2570
JHELUM,Mangla,01-Oct-22,12000,20315
JHELUM,Rasul,01-Oct-22,19605,-
CHENAB,Marala,01-Oct-22,21487,4000
CHENAB,Khanki,01-Oct-22,7741,-
CHENAB,Qadirabad,01-Oct-22,16000,-
CHENAB,Trimmu,01-Oct-22,29280,11480
CHENAB,Punjnad,01-Oct-22,11008,-
RAVI,Jassar,01-Oct-22,-,5507
RAVI,Shahdara,01-Oct-22,-,7586
RAVI,Balloki,01-Oct-22,28955,2305
RAVI,Sidhnai,01-Oct-22,18084,334
SUTLEJ,Bhakara**,01-Oct-22,-,-
SUTLEJ,Sulemanki,01-Oct-22,20571,7580
SUTLEJ,Islam,01-Oct-22,6427,5197
INDUS,Kalabagh,01-Oct-22,85166,77166
INDUS,Chashma,01-Oct-22,110895,91333
INDUS,Taunsa,01-Oct-22,82722,62042
INDUS,Guddu,01-Oct-22,61839,50166
INDUS,Sukkar,01-Oct-22,45155,33905
INDUS,Kotri,01-Oct-22,123092,92137
JHELUM,Kotli,01-Oct-22,-,2370
JHELUM,Mangla,01-Oct-22,15000,32515
JHELUM,Rasul,01-Oct-22,28345,7990
CHENAB,Marala,01-Oct-22,21768,4000
CHENAB,Khanki,01-Oct-22,7741,-
CHENAB,Qadirabad,01-Oct-22,16000,-
CHENAB,Trimmu,01-Oct-22,32891,15091
CHENAB,Punjnad,01-Oct-22,11008,-
RAVI,Jassar,01-Oct-22,-,5507
RAVI,Shahdara,01-Oct-22,-,7586
RAVI,Balloki,01-Oct-22,27805,1155
RAVI,Sidhnai,01-Oct-22,19072,1322
SUTLEJ,Bhakara**,01-Oct-22,-,-
SUTLEJ,Sulemanki,01-Oct-22,19743,6752
SUTLEJ,Islam,01-Oct-22,6511,5281
INDUS,Kalabagh,01-Oct-22,94827,86827
INDUS,Chashma,01-Oct-22,110522,90960
INDUS,Taunsa,01-Oct-22,82722,62042
INDUS,Guddu,01-Oct-22,61839,50166
INDUS,Sukkar,01-Oct-22,45155,33905
INDUS,Kotri,01-Oct-22,123092,92137
JHELUM,Kotli,01-Oct-22,-,2170
JHELUM,Mangla,01-Oct-22,14000,32515
JHELUM,Rasul,01-Oct-22,21105,-
CHENAB,Marala,01-Oct-22,21768,4000
CHENAB,Khanki,01-Oct-22,7741,-
CHENAB,Qadirabad,01-Oct-22,16000,-
CHENAB,Trimmu,01-Oct-22,29280,11480
CHENAB,Punjnad,01-Oct-22,11008,-
RAVI,Jassar,01-Oct-22,-,5507
RAVI,Shahdara,01-Oct-22,-,5040
RAVI,Balloki,01-Oct-22,26650,-
RAVI,Sidhnai,01-Oct-22,19072,1322
SUTLEJ,Bhakara**,01-Oct-22,-,-
SUTLEJ,Sulemanki,01-Oct-22,19743,6752
SUTLEJ,Islam,01-Oct-22,6511,5281
INDUS,Kalabagh,02-Oct-22,74447,66447
INDUS,Chashma,02-Oct-22,111108,91428
INDUS,Taunsa,02-Oct-22,82722,62042
INDUS,Guddu,02-Oct-22,60240,50166
INDUS,Sukkar,02-Oct-22,45455,33905
INDUS,Kotri,02-Oct-22,113621,82666
JHELUM,Kotli,02-Oct-22,-,2370
JHELUM,Mangla,02-Oct-22,10000,17115
JHELUM,Rasul,02-Oct-22,21355,-
CHENAB,Marala,02-Oct-22,21079,4000
CHENAB,Khanki,02-Oct-22,7741,-
CHENAB,Qadirabad,02-Oct-22,17125,-
CHENAB,Trimmu,02-Oct-22,29280,11480
CHENAB,Punjnad,02-Oct-22,11118,-
RAVI,Jassar,02-Oct-22,-,5507
RAVI,Shahdara,02-Oct-22,-,4735
RAVI,Balloki,02-Oct-22,26650,-
RAVI,Sidhnai,02-Oct-22,20067,2317
SUTLEJ,Bhakara**,02-Oct-22,-,-
SUTLEJ,Sulemanki,02-Oct-22,18311,5320
SUTLEJ,Islam,02-Oct-22,6511,5281
INDUS,Kalabagh,02-Oct-22,95782,87782
INDUS,Chashma,02-Oct-22,114524,91249
INDUS,Taunsa,02-Oct-22,82722,62042
INDUS,Guddu,02-Oct-22,60110,48886
INDUS,Sukkar,02-Oct-22,45455,33905
INDUS,Kotri,02-Oct-22,113621,82666
JHELUM,Kotli,02-Oct-22,-,2990
JHELUM,Mangla,02-Oct-22,12000,28715
JHELUM,Rasul,02-Oct-22,29970,7990
CHENAB,Marala,02-Oct-22,21079,4000
CHENAB,Khanki,02-Oct-22,7741,-
CHENAB,Qadirabad,02-Oct-22,18000,-
CHENAB,Trimmu,02-Oct-22,28053,10253
CHENAB,Punjnad,02-Oct-22,11118,-
RAVI,Jassar,02-Oct-22,-,4660
RAVI,Shahdara,02-Oct-22,-,4735
RAVI,Balloki,02-Oct-22,26000,-
RAVI,Sidhnai,02-Oct-22,20728,2978
SUTLEJ,Bhakara**,02-Oct-22,-,-
SUTLEJ,Sulemanki,02-Oct-22,18311,5320
SUTLEJ,Islam,02-Oct-22,6511,5281
INDUS,Kalabagh,02-Oct-22,95782,87782
INDUS,Chashma,02-Oct-22,112051,91251
INDUS,Taunsa,02-Oct-22,86557,64918
INDUS,Guddu,02-Oct-22,59380,48886
INDUS,Sukkar,02-Oct-22,45455,33905
INDUS,Kotri,02-Oct-22,113621,82666
JHELUM,Kotli,02-Oct-22,-,2990
JHELUM,Mangla,02-Oct-22,14000,32515
JHELUM,Rasul,02-Oct-22,22355,-
CHENAB,Marala,02-Oct-22,21079,4000
CHENAB,Khanki,02-Oct-22,7741,-
CHENAB,Qadirabad,02-Oct-22,18450,-
CHENAB,Trimmu,02-Oct-22,25630,7830
CHENAB,Punjnad,02-Oct-22,11118,-
RAVI,Jassar,02-Oct-22,-,4660
RAVI,Shahdara,02-Oct-22,-,4735
RAVI,Balloki,02-Oct-22,26000,-
RAVI,Sidhnai,02-Oct-22,20394,2644
SUTLEJ,Bhakara**,02-Oct-22,-,-
SUTLEJ,Sulemanki,02-Oct-22,15583,2592
SUTLEJ,Islam,02-Oct-22,6511,5281
INDUS,Kalabagh,02-Oct-22,86121,78121
INDUS,Chashma,02-Oct-22,111937,91137
INDUS,Taunsa,02-Oct-22,86557,64918
INDUS,Guddu,02-Oct-22,59380,48886
INDUS,Sukkar,02-Oct-22,45455,33905
INDUS,Kotri,02-Oct-22,113621,82666
JHELUM,Kotli,02-Oct-22,-,2780
JHELUM,Mangla,02-Oct-22,14000,32515
JHELUM,Rasul,02-Oct-22,22355,-
CHENAB,Marala,02-Oct-22,20840,4000
CHENAB,Khanki,02-Oct-22,7741,-
CHENAB,Qadirabad,02-Oct-22,18450,-
CHENAB,Trimmu,02-Oct-22,25630,7830
CHENAB,Punjnad,02-Oct-22,11118,-
RAVI,Jassar,02-Oct-22,-,4660
RAVI,Shahdara,02-Oct-22,-,4735
RAVI,Balloki,02-Oct-22,25500,-
RAVI,Sidhnai,02-Oct-22,20394,2644
SUTLEJ,Bhakara**,02-Oct-22,-,-
SUTLEJ,Sulemanki,02-Oct-22,15583,2592
SUTLEJ,Islam,02-Oct-22,6511,5281
INDUS,Kalabagh,03-Oct-22,87275,79075
INDUS,Chashma,03-Oct-22,111612,90812
INDUS,Taunsa,03-Oct-22,84290,59490
INDUS,Guddu,03-Oct-22,59380,48886
INDUS,Sukkar,03-Oct-22,47095,35595
INDUS,Kotri,03-Oct-22,103699,72744
JHELUM,Kotli,03-Oct-22,-,2570
JHELUM,Mangla,03-Oct-22,9000,15615
JHELUM,Rasul,03-Oct-22,22355,-
CHENAB,Marala,03-Oct-22,20840,4000
CHENAB,Khanki,03-Oct-22,7741,-
CHENAB,Qadirabad,03-Oct-22,18450,-
CHENAB,Trimmu,03-Oct-22,25630,7830
CHENAB,Punjnad,03-Oct-22,11008,-
RAVI,Jassar,03-Oct-22,-,4660
RAVI,Shahdara,03-Oct-22,-,3514
RAVI,Balloki,03-Oct-22,25500,-
RAVI,Sidhnai,03-Oct-22,20394,2644
SUTLEJ,Bhakara**,03-Oct-22,-,-
SUTLEJ,Sulemanki,03-Oct-22,15595,2604
SUTLEJ,Islam,03-Oct-22,6511,5281
INDUS,Kalabagh,03-Oct-22,108916,100916
INDUS,Chashma,03-Oct-22,111703,90903
INDUS,Taunsa,03-Oct-22,84290,59490
INDUS,Guddu,03-Oct-22,59380,48886
INDUS,Sukkar,03-Oct-22,47095,35595
INDUS,Kotri,03-Oct-22,103135,72744
JHELUM,Kotli,03-Oct-22,-,2370
JHELUM,Mangla,03-Oct-22,14000,28715
JHELUM,Rasul,03-Oct-22,30345,7990
CHENAB,Marala,03-Oct-22,20840,4000
CHENAB,Khanki,03-Oct-22,7754,-
CHENAB,Qadirabad,03-Oct-22,17000,-
CHENAB,Trimmu,03-Oct-22,25630,7830
CHENAB,Punjnad,03-Oct-22,11008,-
RAVI,Jassar,03-Oct-22,-,4660
RAVI,Shahdara,03-Oct-22,-,3514
RAVI,Balloki,03-Oct-22,26000,-
RAVI,Sidhnai,03-Oct-22,19072,1322
SUTLEJ,Bhakara**,03-Oct-22,NR,NR
SUTLEJ,Sulemanki,03-Oct-22,15595,2604
SUTLEJ,Islam,03-Oct-22,6511,5281
INDUS,Kalabagh,03-Oct-22,108916,100916
INDUS,Chashma,03-Oct-22,109742,90942
INDUS,Taunsa,03-Oct-22,85717,60917
INDUS,Guddu,03-Oct-22,58632,47714
INDUS,Sukkar,03-Oct-22,47095,35595
INDUS,Kotri,03-Oct-22,102494,72744
JHELUM,Kotli,03-Oct-22,-,2370
JHELUM,Mangla,03-Oct-22,16000,32915
JHELUM,Rasul,03-Oct-22,21355,-
CHENAB,Marala,03-Oct-22,20582,4000
CHENAB,Khanki,03-Oct-22,7754,-
CHENAB,Qadirabad,03-Oct-22,16000,-
CHENAB,Trimmu,03-Oct-22,23090,5290
CHENAB,Punjnad,03-Oct-22,11008,-
RAVI,Jassar,03-Oct-22,-,4660
RAVI,Shahdara,03-Oct-22,-,3209
RAVI,Balloki,03-Oct-22,26000,-
RAVI,Sidhnai,03-Oct-22,19072,1322
SUTLEJ,Bhakara**,03-Oct-22,-,-
SUTLEJ,Sulemanki,03-Oct-22,12911,-
SUTLEJ,Islam,03-Oct-22,6511,5281
INDUS,Kalabagh,03-Oct-22,86991,78991
INDUS,Chashma,03-Oct-22,109858,91058
INDUS,Taunsa,03-Oct-22,85717,60917
INDUS,Guddu,03-Oct-22,58632,47714
INDUS,Sukkar,03-Oct-22,47095,35595
INDUS,Kotri,03-Oct-22,102494,72744
JHELUM,Kotli,03-Oct-22,-,2170
JHELUM,Mangla,03-Oct-22,12000,32915
JHELUM,Rasul,03-Oct-22,20355,-
CHENAB,Marala,03-Oct-22,20582,4000
CHENAB,Khanki,03-Oct-22,7754,-
CHENAB,Qadirabad,03-Oct-22,16000,-
CHENAB,Trimmu,03-Oct-22,23090,5290
CHENAB,Punjnad,03-Oct-22,10908,-
RAVI,Jassar,03-Oct-22,-,4660
RAVI,Shahdara,03-Oct-22,-,3209
RAVI,Balloki,03-Oct-22,26000,-
RAVI,Sidhnai,03-Oct-22,17850,-
SUTLEJ,Bhakara**,03-Oct-22,-,-
SUTLEJ,Sulemanki,03-Oct-22,12991,-
SUTLEJ,Islam,03-Oct-22,6511,5281
INDUS,Kalabagh,04-Oct-22,88030,80030
INDUS,Chashma,04-Oct-22,109578,90778
INDUS,Taunsa,04-Oct-22,85717,60917
INDUS,Guddu,04-Oct-22,59893,48570
INDUS,Sukkar,04-Oct-22,47095,35595
INDUS,Kotri,04-Oct-22,102494,72744
JHELUM,Kotli,04-Oct-22,-,2370
JHELUM,Mangla,04-Oct-22,12000,11115
JHELUM,Rasul,04-Oct-22,27595,7990
CHENAB,Marala,04-Oct-22,20582,4000
CHENAB,Khanki,04-Oct-22,7754,-
CHENAB,Qadirabad,04-Oct-22,16000,-
CHENAB,Trimmu,04-Oct-22,23090,5290
CHENAB,Punjnad,04-Oct-22,11239,-
RAVI,Jassar,04-Oct-22,-,4660
RAVI,Shahdara,04-Oct-22,-,3209
RAVI,Balloki,04-Oct-22,25500,-
RAVI,Sidhnai,04-Oct-22,17500,-
SUTLEJ,Bhakara**,04-Oct-22,-,-
SUTLEJ,Sulemanki,04-Oct-22,12991,-
SUTLEJ,Islam,04-Oct-22,6511,5281
INDUS,Kalabagh,04-Oct-22,108916,100916
INDUS,Chashma,04-Oct-22,111703,90903
INDUS,Taunsa,04-Oct-22,84290,59490
INDUS,Guddu,04-Oct-22,59380,48886
INDUS,Sukkar,04-Oct-22,47095,35595
INDUS,Kotri,04-Oct-22,103135,72744
JHELUM,Kotli,04-Oct-22,-,2370
JHELUM,Mangla,04-Oct-22,14000,28715
JHELUM,Rasul,04-Oct-22,30345,7990
CHENAB,Marala,04-Oct-22,20840,4000
CHENAB,Khanki,04-Oct-22,7754,-
CHENAB,Qadirabad,04-Oct-22,17000,-
CHENAB,Trimmu,04-Oct-22,25630,7830
CHENAB,Punjnad,04-Oct-22,11008,-
RAVI,Jassar,04-Oct-22,-,4660
RAVI,Shahdara,04-Oct-22,-,3514
RAVI,Balloki,04-Oct-22,26000,-
RAVI,Sidhnai,04-Oct-22,19072,1322
SUTLEJ,Bhakara**,04-Oct-22,NR,NR
SUTLEJ,Sulemanki,04-Oct-22,15595,2604
SUTLEJ,Islam,04-Oct-22,6511,5281
INDUS,Kalabagh,04-Oct-22,103351,95351
INDUS,Chashma,04-Oct-22,109912,91112
INDUS,Taunsa,04-Oct-22,85717,60917
INDUS,Guddu,04-Oct-22,59893,48570
INDUS,Sukkar,04-Oct-22,46445,35595
INDUS,Kotri,04-Oct-22,95594,66124
JHELUM,Kotli,04-Oct-22,-,2170
JHELUM,Mangla,04-Oct-22,14000,29015
JHELUM,Rasul,04-Oct-22,20355,-
CHENAB,Marala,04-Oct-22,20582,4000
CHENAB,Khanki,04-Oct-22,7754,-
CHENAB,Qadirabad,04-Oct-22,16675,-
CHENAB,Trimmu,04-Oct-22,23090,5290
CHENAB,Punjnad,04-Oct-22,11576,-
RAVI,Jassar,04-Oct-22,-,3395
RAVI,Shahdara,04-Oct-22,-,3013
RAVI,Balloki,04-Oct-22,25000,-
RAVI,Sidhnai,04-Oct-22,17500,-
SUTLEJ,Bhakara**,04-Oct-22,NR,NR
SUTLEJ,Sulemanki,04-Oct-22,13253,212
SUTLEJ,Islam,04-Oct-22,6511,5281
INDUS,Kalabagh,04-Oct-22,64388,56388
INDUS,Chashma,04-Oct-22,108111,90896
INDUS,Taunsa,04-Oct-22,85717,60917
INDUS,Guddu,04-Oct-22,60963,49640
INDUS,Sukkar,04-Oct-22,46445,35595
INDUS,Kotri,04-Oct-22,95594,66124
JHELUM,Kotli,04-Oct-22,-,1980
JHELUM,Mangla,04-Oct-22,14000,31015
JHELUM,Rasul,04-Oct-22,19355,-
CHENAB,Marala,04-Oct-22,18294,4000
CHENAB,Khanki,04-Oct-22,7754,-
CHENAB,Qadirabad,04-Oct-22,16900,-
CHENAB,Trimmu,04-Oct-22,21784,3984
CHENAB,Punjnad,04-Oct-22,13700,-
RAVI,Jassar,04-Oct-22,-,3395
RAVI,Shahdara,04-Oct-22,-,3013
RAVI,Balloki,04-Oct-22,24000,-
RAVI,Sidhnai,04-Oct-22,16350,-
SUTLEJ,Bhakara**,04-Oct-22,-,-
SUTLEJ,Sulemanki,04-Oct-22,13888,847
SUTLEJ,Islam,04-Oct-22,5542,4312
INDUS,Kalabagh,05-Oct-22,77311,69311
INDUS,Chashma,05-Oct-22,107021,91221
INDUS,Taunsa,05-Oct-22,85717,60917
INDUS,Guddu,05-Oct-22,57999,46676
INDUS,Sukkar,05-Oct-22,45868,33818
INDUS,Kotri,05-Oct-22,95174,66124
JHELUM,Kotli,05-Oct-22,-,2170
JHELUM,Mangla,05-Oct-22,10000,18515
JHELUM,Rasul,05-Oct-22,24821,5341
CHENAB,Marala,05-Oct-22,18294,4000
CHENAB,Khanki,05-Oct-22,7754,-
CHENAB,Qadirabad,05-Oct-22,16900,-
CHENAB,Trimmu,05-Oct-22,21784,3984
CHENAB,Punjnad,05-Oct-22,16760,3060
RAVI,Jassar,05-Oct-22,-,3395
RAVI,Shahdara,05-Oct-22,-,3013
RAVI,Balloki,05-Oct-22,24000,-
RAVI,Sidhnai,05-Oct-22,16650,-
SUTLEJ,Bhakara**,05-Oct-22,-,-
SUTLEJ,Sulemanki,05-Oct-22,12991,-
SUTLEJ,Islam,05-Oct-22,5542,4312
INDUS,Kalabagh,05-Oct-22,98646,90646
INDUS,Chashma,05-Oct-22,106747,90947
INDUS,Taunsa,05-Oct-22,85717,60917
INDUS,Guddu,05-Oct-22,56040,44478
INDUS,Sukkar,05-Oct-22,45868,33818
INDUS,Kotri,05-Oct-22,94954,66124
JHELUM,Kotli,05-Oct-22,-,2170
JHELUM,Mangla,05-Oct-22,13000,26915
JHELUM,Rasul,05-Oct-22,20230,-
CHENAB,Marala,05-Oct-22,18132,4000
CHENAB,Khanki,05-Oct-22,7754,-
CHENAB,Qadirabad,05-Oct-22,16000,-
CHENAB,Trimmu,05-Oct-22,21784,3984
CHENAB,Punjnad,05-Oct-22,15960,3060
RAVI,Jassar,05-Oct-22,-,3395
RAVI,Shahdara,05-Oct-22,-,3013
RAVI,Balloki,05-Oct-22,23500,-
RAVI,Sidhnai,05-Oct-22,16300,-
SUTLEJ,Bhakara**,05-Oct-22,NR,NR
SUTLEJ,Sulemanki,05-Oct-22,12991,-
SUTLEJ,Islam,05-Oct-22,2950,1720
INDUS,Kalabagh,05-Oct-22,77311,69311
INDUS,Chashma,05-Oct-22,105530,91145
INDUS,Taunsa,05-Oct-22,85717,60917
INDUS,Guddu,05-Oct-22,54660,42908
INDUS,Sukkar,05-Oct-22,45868,33818
INDUS,Kotri,05-Oct-22,94954,66124
JHELUM,Kotli,05-Oct-22,-,1980
JHELUM,Mangla,05-Oct-22,14000,32915
JHELUM,Rasul,05-Oct-22,20073,-
CHENAB,Marala,05-Oct-22,18132,4000
CHENAB,Khanki,05-Oct-22,7741,-
CHENAB,Qadirabad,05-Oct-22,16000,-
CHENAB,Trimmu,05-Oct-22,21834,3984
CHENAB,Punjnad,05-Oct-22,16760,3060
RAVI,Jassar,05-Oct-22,-,3395
RAVI,Shahdara,05-Oct-22,-,3013
RAVI,Balloki,05-Oct-22,23500,-
RAVI,Sidhnai,05-Oct-22,15900,-
SUTLEJ,Bhakara**,05-Oct-22,-,-
SUTLEJ,Sulemanki,05-Oct-22,12836,-
SUTLEJ,Islam,05-Oct-22,2950,1720
INDUS,Kalabagh,05-Oct-22,77311,69311
INDUS,Chashma,05-Oct-22,106960,91160
INDUS,Taunsa,05-Oct-22,85717,60917
INDUS,Guddu,05-Oct-22,54660,42908
INDUS,Sukkar,05-Oct-22,45868,33818
INDUS,Kotri,05-Oct-22,94954,66124
JHELUM,Kotli,05-Oct-22,-,1790
JHELUM,Mangla,05-Oct-22,10000,32915
JHELUM,Rasul,05-Oct-22,19073,-
CHENAB,Marala,05-Oct-22,15263,2763
CHENAB,Khanki,05-Oct-22,7741,-
CHENAB,Qadirabad,05-Oct-22,16000,-
CHENAB,Trimmu,05-Oct-22,21834,3984
CHENAB,Punjnad,05-Oct-22,16760,3060
RAVI,Jassar,05-Oct-22,-,3395
RAVI,Shahdara,05-Oct-22,-,3209
RAVI,Balloki,05-Oct-22,23500,-
RAVI,Sidhnai,05-Oct-22,15900,-
SUTLEJ,Bhakara**,05-Oct-22,-,-
SUTLEJ,Sulemanki,05-Oct-22,12836,-
SUTLEJ,Islam,05-Oct-22,2950,1720
INDUS,Kalabagh,06-Oct-22,78265,70268
INDUS,Chashma,06-Oct-22,107373,91573
INDUS,Taunsa,06-Oct-22,85717,60917
INDUS,Guddu,06-Oct-22,56308,45558
INDUS,Sukkar,06-Oct-22,45431,33601
INDUS,Kotri,06-Oct-22,88262,59112
JHELUM,Kotli,06-Oct-22,-,1980
JHELUM,Mangla,06-Oct-22,10000,21515
JHELUM,Rasul,06-Oct-22,19448,-
CHENAB,Marala,06-Oct-22,17836,5336
CHENAB,Khanki,06-Oct-22,7741,-
CHENAB,Qadirabad,06-Oct-22,16000,-
CHENAB,Trimmu,06-Oct-22,21834,3984
CHENAB,Punjnad,06-Oct-22,16760,3060
RAVI,Jassar,06-Oct-22,-,3395
RAVI,Shahdara,06-Oct-22,-,2230
RAVI,Balloki,06-Oct-22,23500,-
RAVI,Sidhnai,06-Oct-22,15500,-
SUTLEJ,Bhakara**,06-Oct-22,-,-
SUTLEJ,Sulemanki,06-Oct-22,12991,-
SUTLEJ,Islam,06-Oct-22,2950,1720
INDUS,Kalabagh,06-Oct-22,89939,81939
INDUS,Chashma,06-Oct-22,106716,90916
INDUS,Taunsa,06-Oct-22,85717,60917
INDUS,Guddu,06-Oct-22,56308,45558
INDUS,Sukkar,06-Oct-22,45431,33601
INDUS,Kotri,06-Oct-22,86997,57487
JHELUM,Kotli,06-Oct-22,-,1980
JHELUM,Mangla,06-Oct-22,13000,28715
JHELUM,Rasul,06-Oct-22,28188,7990
CHENAB,Marala,06-Oct-22,17836,5336
CHENAB,Khanki,06-Oct-22,7714,-
CHENAB,Qadirabad,06-Oct-22,16675,-
CHENAB,Trimmu,06-Oct-22,21834,3984
CHENAB,Punjnad,06-Oct-22,16860,3060
RAVI,Jassar,06-Oct-22,-,3395
RAVI,Shahdara,06-Oct-22,-,2230
RAVI,Balloki,06-Oct-22,23000,-
RAVI,Sidhnai,06-Oct-22,15500,-
SUTLEJ,Bhakara**,06-Oct-22,NR,NR
SUTLEJ,Sulemanki,06-Oct-22,12991,-
SUTLEJ,Islam,06-Oct-22,1230,-
INDUS,Kalabagh,06-Oct-22,99600,91600
INDUS,Chashma,06-Oct-22,106762,90962
INDUS,Taunsa,06-Oct-22,85717,60917
INDUS,Guddu,06-Oct-22,59708,48958
INDUS,Sukkar,06-Oct-22,45431,33601
INDUS,Kotri,06-Oct-22,86997,57487
JHELUM,Kotli,06-Oct-22,-,1790
JHELUM,Mangla,06-Oct-22,16000,32915
JHELUM,Rasul,06-Oct-22,20948,-
CHENAB,Marala,06-Oct-22,20446,7946
CHENAB,Khanki,06-Oct-22,7741,-
CHENAB,Qadirabad,06-Oct-22,17125,-
CHENAB,Trimmu,06-Oct-22,21834,3984
CHENAB,Punjnad,06-Oct-22,17260,3060
RAVI,Jassar,06-Oct-22,-,3395
RAVI,Shahdara,06-Oct-22,-,2230
RAVI,Balloki,06-Oct-22,23000,-
RAVI,Sidhnai,06-Oct-22,15500,-
SUTLEJ,Bhakara**,06-Oct-22,-,-
SUTLEJ,Sulemanki,06-Oct-22,12991,-
SUTLEJ,Islam,06-Oct-22,1230,-
INDUS,Kalabagh,06-Oct-22,66298,58298
INDUS,Chashma,06-Oct-22,106412,90612
INDUS,Taunsa,06-Oct-22,85717,60917
INDUS,Guddu,06-Oct-22,59708,48958
INDUS,Sukkar,06-Oct-22,45431,33601
INDUS,Kotri,06-Oct-22,86997,57487
JHELUM,Kotli,06-Oct-22,-,1790
JHELUM,Mangla,06-Oct-22,11000,27715
JHELUM,Rasul,06-Oct-22,20893,-
CHENAB,Marala,06-Oct-22,15263,2763
CHENAB,Khanki,06-Oct-22,7741,-
CHENAB,Qadirabad,06-Oct-22,18000,-
CHENAB,Trimmu,06-Oct-22,21834,3984
CHENAB,Punjnad,06-Oct-22,17260,3060
RAVI,Jassar,06-Oct-22,-,3395
RAVI,Shahdara,06-Oct-22,-,1250
RAVI,Balloki,06-Oct-22,23000,-
RAVI,Sidhnai,06-Oct-22,15500,-
SUTLEJ,Bhakara**,06-Oct-22,-,-
SUTLEJ,Sulemanki,06-Oct-22,12991,-
SUTLEJ,Islam,06-Oct-22,1230,-
INDUS,Kalabagh,07-Oct-22,75401,67401
INDUS,Chashma,07-Oct-22,107178,91378
INDUS,Taunsa,07-Oct-22,85717,60917
INDUS,Guddu,07-Oct-22,59372,48419
INDUS,Sukkar,07-Oct-22,45501,33601
INDUS,Kotri,07-Oct-22,86872,57487
JHELUM,Kotli,07-Oct-22,-,1610
JHELUM,Mangla,07-Oct-22,11000,21455
JHELUM,Rasul,07-Oct-22,28883,7990
CHENAB,Marala,07-Oct-22,17836,5336
CHENAB,Khanki,07-Oct-22,7741,-
CHENAB,Qadirabad,07-Oct-22,18000,-
CHENAB,Trimmu,07-Oct-22,21834,3984
CHENAB,Punjnad,07-Oct-22,16260,2060
RAVI,Jassar,07-Oct-22,-,3395
RAVI,Shahdara,07-Oct-22,-,1250
RAVI,Balloki,07-Oct-22,23000,-
RAVI,Sidhnai,07-Oct-22,15500,-
SUTLEJ,Bhakara**,07-Oct-22,-,-
SUTLEJ,Sulemanki,07-Oct-22,12006,-
SUTLEJ,Islam,07-Oct-22,1230,-
INDUS,Kalabagh,07-Oct-22,81330,73330
INDUS,Chashma,07-Oct-22,106423,92038
INDUS,Taunsa,07-Oct-22,85717,60917
INDUS,Guddu,07-Oct-22,57412,46187
INDUS,Sukkar,07-Oct-22,45501,33601
INDUS,Kotri,07-Oct-22,86872,57487
JHELUM,Kotli,07-Oct-22,-,1790
JHELUM,Mangla,07-Oct-22,10000,32115
JHELUM,Rasul,07-Oct-22,20893,-
CHENAB,Marala,07-Oct-22,17836,5336
CHENAB,Khanki,07-Oct-22,9607,1866
CHENAB,Qadirabad,07-Oct-22,18000,-
CHENAB,Trimmu,07-Oct-22,20518,2668
CHENAB,Punjnad,07-Oct-22,16260,2060
RAVI,Jassar,07-Oct-22,-,3141
RAVI,Shahdara,07-Oct-22,-,1250
RAVI,Balloki,07-Oct-22,23000,-
RAVI,Sidhnai,07-Oct-22,15300,-
SUTLEJ,Bhakara**,07-Oct-22,NR,NR
SUTLEJ,Sulemanki,07-Oct-22,12006,-
SUTLEJ,Islam,07-Oct-22,1230,-
INDUS,Kalabagh,07-Oct-22,102396,94396
INDUS,Chashma,07-Oct-22,105720,91158
INDUS,Taunsa,07-Oct-22,85717,60917
INDUS,Guddu,07-Oct-22,57242,46187
INDUS,Sukkar,07-Oct-22,45501,33601
INDUS,Kotri,07-Oct-22,86872,57487
JHELUM,Kotli,07-Oct-22,-,1610
JHELUM,Mangla,07-Oct-22,14000,32915
JHELUM,Rasul,07-Oct-22,20893,Nil
CHENAB,Marala,07-Oct-22,17836,5336
CHENAB,Khanki,07-Oct-22,11473,3732
CHENAB,Qadirabad,07-Oct-22,18000,Nil
CHENAB,Trimmu,07-Oct-22,20518,2668
CHENAB,Punjnad,07-Oct-22,15644,1444
RAVI,Jassar,07-Oct-22,-,3141
RAVI,Shahdara,07-Oct-22,-,1250
RAVI,Balloki,07-Oct-22,23617,Nil
RAVI,Sidhnai,07-Oct-22,15300,Nil
SUTLEJ,Bhakara**,07-Oct-22,-,-
SUTLEJ,Sulemanki,07-Oct-22,11708,Nil
SUTLEJ,Islam,07-Oct-22,1230,Nil
INDUS,Kalabagh,07-Oct-22,87075,79075
INDUS,Chashma,07-Oct-22,103172,90660
INDUS,Taunsa,07-Oct-22,85717,60917
INDUS,Guddu,07-Oct-22,57242,46187
INDUS,Sukkar,07-Oct-22,45501,33601
INDUS,Kotri,07-Oct-22,86872,57487
JHELUM,Kotli,07-Oct-22,-,1610
JHELUM,Mangla,07-Oct-22,10000,22915
JHELUM,Rasul,07-Oct-22,20893,Nil
CHENAB,Marala,07-Oct-22,15263,2763
CHENAB,Khanki,07-Oct-22,7741,Nil
CHENAB,Qadirabad,07-Oct-22,18675,Nil
CHENAB,Trimmu,07-Oct-22,20518,2668
CHENAB,Punjnad,07-Oct-22,15027,827
RAVI,Jassar,07-Oct-22,-,3141
RAVI,Shahdara,07-Oct-22,-,1250
RAVI,Balloki,07-Oct-22,22000,Nil
RAVI,Sidhnai,07-Oct-22,15300,Nil
SUTLEJ,Bhakara**,07-Oct-22,-,-
SUTLEJ,Sulemanki,07-Oct-22,11708,Nil
SUTLEJ,Islam,07-Oct-22,1230,Nil
INDUS,Kalabagh,08-Oct-22,77311,69311
INDUS,Chashma,08-Oct-22,105216,91488
INDUS,Taunsa,08-Oct-22,85717,60917
INDUS,Guddu,08-Oct-22,57242,46187
INDUS,Sukkar,08-Oct-22,45501,33601
INDUS,Kotri,08-Oct-22,86772,57487
JHELUM,Kotli,08-Oct-22,-,1790
JHELUM,Mangla,08-Oct-22,9000,21155
JHELUM,Rasul,08-Oct-22,29065,8172
CHENAB,Marala,08-Oct-22,17836,5336
CHENAB,Khanki,08-Oct-22,9607,1866
CHENAB,Qadirabad,08-Oct-22,18900,Nil
CHENAB,Trimmu,08-Oct-22,19195,1345
CHENAB,Punjnad,08-Oct-22,15028,828
RAVI,Jassar,08-Oct-22,-,3141
RAVI,Shahdara,08-Oct-22,-,1250
RAVI,Balloki,08-Oct-22,22000,Nil
RAVI,Sidhnai,08-Oct-22,15300,Nil
SUTLEJ,Bhakara**,08-Oct-22,-,-
SUTLEJ,Sulemanki,08-Oct-22,11002,Nil
SUTLEJ,Islam,08-Oct-22,1230,Nil
INDUS,Kalabagh,08-Oct-22,88985,80985
INDUS,Chashma,08-Oct-22,102731,91501
INDUS,Taunsa,08-Oct-22,84290,59490
INDUS,Guddu,08-Oct-22,59423,48368
INDUS,Sukkar,08-Oct-22,45501,33601
INDUS,Kotri,08-Oct-22,86772,57487
JHELUM,Kotli,08-Oct-22,-,1610
JHELUM,Mangla,08-Oct-22,10000,29715
JHELUM,Rasul,08-Oct-22,26321,5428
CHENAB,Marala,08-Oct-22,15263,2763
CHENAB,Khanki,08-Oct-22,7741,-
CHENAB,Qadirabad,08-Oct-22,18900,-
CHENAB,Trimmu,08-Oct-22,19195,1345
CHENAB,Punjnad,08-Oct-22,15028,828
RAVI,Jassar,08-Oct-22,-,2382
RAVI,Shahdara,08-Oct-22,-,821
RAVI,Balloki,08-Oct-22,22000,-
RAVI,Sidhnai,08-Oct-22,14900,-
SUTLEJ,Bhakara**,08-Oct-22,-,-
SUTLEJ,Sulemanki,08-Oct-22,11002,-
SUTLEJ,Islam,08-Oct-22,1230,-
INDUS,Kalabagh,08-Oct-22,77311,69311
INDUS,Chashma,08-Oct-22,101874,91074
INDUS,Taunsa,08-Oct-22,84290,59490
INDUS,Guddu,08-Oct-22,60467,49897
INDUS,Sukkar,08-Oct-22,45501,33601
INDUS,Kotri,08-Oct-22,86772,57487
JHELUM,Kotli,08-Oct-22,-,1610
JHELUM,Mangla,08-Oct-22,14000,29715
JHELUM,Rasul,08-Oct-22,21073,-
CHENAB,Marala,08-Oct-22,15263,2763
CHENAB,Khanki,08-Oct-22,7741,-
CHENAB,Qadirabad,08-Oct-22,19575,-
CHENAB,Trimmu,08-Oct-22,19859,2009
CHENAB,Punjnad,08-Oct-22,14200,-
RAVI,Jassar,08-Oct-22,-,2382
RAVI,Shahdara,08-Oct-22,-,821
RAVI,Balloki,08-Oct-22,21500,-
RAVI,Sidhnai,08-Oct-22,15300,-
SUTLEJ,Bhakara**,08-Oct-22,-,-
SUTLEJ,Sulemanki,08-Oct-22,10508,-
SUTLEJ,Islam,08-Oct-22,1230,-
INDUS,Kalabagh,08-Oct-22,71659,63659
INDUS,Chashma,08-Oct-22,101971,91071
INDUS,Taunsa,08-Oct-22,84290,59490
INDUS,Guddu,08-Oct-22,60467,49897
INDUS,Sukkar,08-Oct-22,45501,33601
INDUS,Kotri,08-Oct-22,86772,57487
JHELUM,Kotli,08-Oct-22,-,1790
JHELUM,Mangla,08-Oct-22,12000,27115
JHELUM,Rasul,08-Oct-22,21073,NIL
CHENAB,Marala,08-Oct-22,15263,2763
CHENAB,Khanki,08-Oct-22,7741,NIL
CHENAB,Qadirabad,08-Oct-22,20000,NIL
CHENAB,Trimmu,08-Oct-22,19859,2009
CHENAB,Punjnad,08-Oct-22,13600,Nil
RAVI,Jassar,08-Oct-22,-,2382
RAVI,Shahdara,08-Oct-22,-,821
RAVI,Balloki,08-Oct-22,21500,Nil
RAVI,Sidhnai,08-Oct-22,15300,Nil
SUTLEJ,Bhakara**,08-Oct-22,-,-
SUTLEJ,Sulemanki,08-Oct-22,10508,Nil
SUTLEJ,Islam,08-Oct-22,1230,Nil
INDUS,Kalabagh,09-Oct-22,66298,58298
INDUS,Chashma,09-Oct-22,101920,91020
INDUS,Taunsa,09-Oct-22,84290,59490
INDUS,Guddu,09-Oct-22,59792,49897
INDUS,Sukkar,09-Oct-22,46635,36485
INDUS,Kotri,09-Oct-22,86212,57487
JHELUM,Kotli,09-Oct-22,-,1980
JHELUM,Mangla,09-Oct-22,10000,24955
JHELUM,Rasul,09-Oct-22,26414,5341
CHENAB,Marala,09-Oct-22,14342,1842
CHENAB,Khanki,09-Oct-22,7741,NIL
CHENAB,Qadirabad,09-Oct-22,19000,NIL
CHENAB,Trimmu,09-Oct-22,19859,2009
CHENAB,Punjnad,09-Oct-22,12629,Nil
RAVI,Jassar,09-Oct-22,-,2382
RAVI,Shahdara,09-Oct-22,-,821
RAVI,Balloki,09-Oct-22,21500,Nil
RAVI,Sidhnai,09-Oct-22,15300,Nil
SUTLEJ,Bhakara**,09-Oct-22,-,-
SUTLEJ,Sulemanki,09-Oct-22,10509,Nil
SUTLEJ,Islam,09-Oct-22,1230,Nil
INDUS,Kalabagh,09-Oct-22,54993,46993
INDUS,Chashma,09-Oct-22,101512,90612
INDUS,Taunsa,09-Oct-22,84290,59490
INDUS,Guddu,09-Oct-22,59792,49897
INDUS,Sukkar,09-Oct-22,46635,36485
INDUS,Kotri,09-Oct-22,86212,57487
JHELUM,Kotli,09-Oct-22,-,1980
JHELUM,Mangla,09-Oct-22,10000,30515
JHELUM,Rasul,09-Oct-22,21073,-
CHENAB,Marala,09-Oct-22,15263,2763
CHENAB,Khanki,09-Oct-22,7741,-
CHENAB,Qadirabad,09-Oct-22,18000,-
CHENAB,Trimmu,09-Oct-22,19859,2009
CHENAB,Punjnad,09-Oct-22,12629,-
RAVI,Jassar,09-Oct-22,-,2129
RAVI,Shahdara,09-Oct-22,-,713
RAVI,Balloki,09-Oct-22,21500,-
RAVI,Sidhnai,09-Oct-22,15300,-
SUTLEJ,Bhakara**,09-Oct-22,-,-
SUTLEJ,Sulemanki,09-Oct-22,10509,-
SUTLEJ,Islam,09-Oct-22,1230,-
INDUS,Kalabagh,09-Oct-22,66105,58105
INDUS,Chashma,09-Oct-22,100869,91089
INDUS,Taunsa,09-Oct-22,84290,59490
INDUS,Guddu,09-Oct-22,59792,49897
INDUS,Sukkar,09-Oct-22,46635,36485
INDUS,Kotri,09-Oct-22,86212,57487
JHELUM,Kotli,09-Oct-22,-,1790
JHELUM,Mangla,09-Oct-22,13000,26015
JHELUM,Rasul,09-Oct-22,21073,-
CHENAB,Marala,09-Oct-22,15226,2726
CHENAB,Khanki,09-Oct-22,7741,-
CHENAB,Qadirabad,09-Oct-22,18000,-
CHENAB,Trimmu,09-Oct-22,19859,2009
CHENAB,Punjnad,09-Oct-22,12629,-
RAVI,Jassar,09-Oct-22,-,2129
RAVI,Shahdara,09-Oct-22,-,713
RAVI,Balloki,09-Oct-22,21500,-
RAVI,Sidhnai,09-Oct-22,14400,-
SUTLEJ,Bhakara**,09-Oct-22,-,-
SUTLEJ,Sulemanki,09-Oct-22,10509,-
SUTLEJ,Islam,09-Oct-22,1230,-
INDUS,Kalabagh,09-Oct-22,75401,67401
INDUS,Chashma,09-Oct-22,100708,90928
INDUS,Taunsa,09-Oct-22,84290,59490
INDUS,Guddu,09-Oct-22,59792,49897
INDUS,Sukkar,09-Oct-22,46635,36485
INDUS,Kotri,09-Oct-22,86212,57487
JHELUM,Kotli,09-Oct-22,-,1610
JHELUM,Mangla,09-Oct-22,10000,30315
JHELUM,Rasul,09-Oct-22,21173,-
CHENAB,Marala,09-Oct-22,17836,5336
CHENAB,Khanki,09-Oct-22,7741,-
CHENAB,Qadirabad,09-Oct-22,18000,-
CHENAB,Trimmu,09-Oct-22,19859,2009
CHENAB,Punjnad,09-Oct-22,12230,-
RAVI,Jassar,09-Oct-22,-,2129
RAVI,Shahdara,09-Oct-22,-,713
RAVI,Balloki,09-Oct-22,21500,-
RAVI,Sidhnai,09-Oct-22,14400,-
SUTLEJ,Bhakara**,09-Oct-22,-,-
SUTLEJ,Sulemanki,09-Oct-22,10509,-
SUTLEJ,Islam,09-Oct-22,1230,-
INDUS,Kalabagh,10-Oct-22,74447,66447
INDUS,Chashma,10-Oct-22,102322,91422
INDUS,Taunsa,10-Oct-22,84290,59490
INDUS,Guddu,10-Oct-22,59304,49897
INDUS,Sukkar,10-Oct-22,47466,37016
INDUS,Kotri,10-Oct-22,86212,57487
JHELUM,Kotli,10-Oct-22,-,1790
JHELUM,Mangla,10-Oct-22,9000,24115
JHELUM,Rasul,10-Oct-22,26514,5341
CHENAB,Marala,10-Oct-22,17836,5336
CHENAB,Khanki,10-Oct-22,7330,-
CHENAB,Qadirabad,10-Oct-22,18000,-
CHENAB,Trimmu,10-Oct-22,17850,-
CHENAB,Punjnad,10-Oct-22,11497,-
RAVI,Jassar,10-Oct-22,-,2129
RAVI,Shahdara,10-Oct-22,-,N/R
RAVI,Balloki,10-Oct-22,21500,-
RAVI,Sidhnai,10-Oct-22,14700,-
SUTLEJ,Bhakara**,10-Oct-22,-,-
SUTLEJ,Sulemanki,10-Oct-22,10007,-
SUTLEJ,Islam,10-Oct-22,1230,-
INDUS,Kalabagh,10-Oct-22,86121,78121
INDUS,Chashma,10-Oct-22,101746,90846
INDUS,Taunsa,10-Oct-22,84290,59490
INDUS,Guddu,10-Oct-22,59304,49897
INDUS,Sukkar,10-Oct-22,47466,37016
INDUS,Kotri,10-Oct-22,79210,49785
JHELUM,Kotli,10-Oct-22,-,1790
JHELUM,Mangla,10-Oct-22,10000,30815
JHELUM,Rasul,10-Oct-22,26514,5341
CHENAB,Marala,10-Oct-22,20446,7946
CHENAB,Khanki,10-Oct-22,7607,-
CHENAB,Qadirabad,10-Oct-22,18000,-
CHENAB,Trimmu,10-Oct-22,17850,-
CHENAB,Punjnad,10-Oct-22,11497,-
RAVI,Jassar,10-Oct-22,-,2129
RAVI,Shahdara,10-Oct-22,-,713
RAVI,Balloki,10-Oct-22,21500,-
RAVI,Sidhnai,10-Oct-22,14700,-
SUTLEJ,Bhakara**,10-Oct-22,NR,NR
SUTLEJ,Sulemanki,10-Oct-22,10007,-
SUTLEJ,Islam,10-Oct-22,1230,-
INDUS,Kalabagh,10-Oct-22,86121,78121
INDUS,Chashma,10-Oct-22,88324,77424
INDUS,Taunsa,10-Oct-22,84290,59490
INDUS,Guddu,10-Oct-22,59304,49897
INDUS,Sukkar,10-Oct-22,47466,37016
INDUS,Kotri,10-Oct-22,79210,49785
JHELUM,Kotli,10-Oct-22,-,1610
JHELUM,Mangla,10-Oct-22,14000,35915
JHELUM,Rasul,10-Oct-22,21073,-
CHENAB,Marala,10-Oct-22,17836,5336
CHENAB,Khanki,10-Oct-22,7741,-
CHENAB,Qadirabad,10-Oct-22,18000,-
CHENAB,Trimmu,10-Oct-22,17176,-
CHENAB,Punjnad,10-Oct-22,10870,-
RAVI,Jassar,10-Oct-22,-,2129
RAVI,Shahdara,10-Oct-22,-,713
RAVI,Balloki,10-Oct-22,21500,-
RAVI,Sidhnai,10-Oct-22,14900,-
SUTLEJ,Bhakara**,10-Oct-22,NR,NR
SUTLEJ,Sulemanki,10-Oct-22,9505,-
SUTLEJ,Islam,10-Oct-22,700,-
INDUS,Kalabagh,10-Oct-22,63241,55241
INDUS,Chashma,10-Oct-22,73665,62796
INDUS,Taunsa,10-Oct-22,84290,59490
INDUS,Guddu,10-Oct-22,59304,49897
INDUS,Sukkar,10-Oct-22,47466,37016
INDUS,Kotri,10-Oct-22,79210,49785
JHELUM,Kotli,10-Oct-22,-,1610
JHELUM,Mangla,10-Oct-22,10000,35915
JHELUM,Rasul,10-Oct-22,21273,-
CHENAB,Marala,10-Oct-22,15226,2726
CHENAB,Khanki,10-Oct-22,7741,-
CHENAB,Qadirabad,10-Oct-22,18000,-
CHENAB,Trimmu,10-Oct-22,15541,-
CHENAB,Punjnad,10-Oct-22,10870,-
RAVI,Jassar,10-Oct-22,-,2129
RAVI,Shahdara,10-Oct-22,-,713
RAVI,Balloki,10-Oct-22,21500,-
RAVI,Sidhnai,10-Oct-22,14900,-
SUTLEJ,Bhakara**,10-Oct-22,-,-
SUTLEJ,Sulemanki,10-Oct-22,9505,-
SUTLEJ,Islam,10-Oct-22,700,-
INDUS,Kalabagh,11-Oct-22,77311,69311
INDUS,Chashma,11-Oct-22,79721,71131
INDUS,Taunsa,11-Oct-22,84290,59490
INDUS,Guddu,11-Oct-22,59304,49897
INDUS,Sukkar,11-Oct-22,46066,37016
INDUS,Kotri,11-Oct-22,79210,49785
JHELUM,Kotli,11-Oct-22,-,1790
JHELUM,Mangla,11-Oct-22,9000,32948
JHELUM,Rasul,11-Oct-22,29337,8064
CHENAB,Marala,11-Oct-22,15226,2726
CHENAB,Khanki,11-Oct-22,7741,-
CHENAB,Qadirabad,11-Oct-22,18000,-
CHENAB,Trimmu,11-Oct-22,13932,-
CHENAB,Punjnad,11-Oct-22,10870,-
RAVI,Jassar,11-Oct-22,-,2129
RAVI,Shahdara,11-Oct-22,-,713
RAVI,Balloki,11-Oct-22,21500,-
RAVI,Sidhnai,11-Oct-22,14400,-
SUTLEJ,Bhakara**,11-Oct-22,-,-
SUTLEJ,Sulemanki,11-Oct-22,10007,-
SUTLEJ,Islam,11-Oct-22,700,-
INDUS,Kalabagh,11-Oct-22,77311,69311
INDUS,Chashma,11-Oct-22,87638,80308
INDUS,Taunsa,11-Oct-22,85717,60917
INDUS,Guddu,11-Oct-22,58810,49106
INDUS,Sukkar,11-Oct-22,48066,37016
INDUS,Kotri,11-Oct-22,79210,49785
JHELUM,Kotli,11-Oct-22,-,1980
JHELUM,Mangla,11-Oct-22,9000,30915
JHELUM,Rasul,11-Oct-22,33282,12009
CHENAB,Marala,11-Oct-22,17836,5336
CHENAB,Khanki,11-Oct-22,7741,-
CHENAB,Qadirabad,11-Oct-22,18000,-
CHENAB,Trimmu,11-Oct-22,13932,-
CHENAB,Punjnad,11-Oct-22,10870,-
RAVI,Jassar,11-Oct-22,-,2035
RAVI,Shahdara,11-Oct-22,-,713
RAVI,Balloki,11-Oct-22,22000,-
RAVI,Sidhnai,11-Oct-22,13000,-
SUTLEJ,Bhakara**,11-Oct-22,NR,NR
SUTLEJ,Sulemanki,11-Oct-22,10007,-
SUTLEJ,Islam,11-Oct-22,700,-
INDUS,Kalabagh,11-Oct-22,77311,69311
INDUS,Chashma,11-Oct-22,86190,79939
INDUS,Taunsa,11-Oct-22,85717,60917
INDUS,Guddu,11-Oct-22,58810,49106
INDUS,Sukkar,11-Oct-22,48066,37016
INDUS,Kotri,11-Oct-22,78441,48456
JHELUM,Kotli,11-Oct-22,-,1790
JHELUM,Mangla,11-Oct-22,12000,50171
JHELUM,Rasul,11-Oct-22,29337,8064
CHENAB,Marala,11-Oct-22,17856,5336
CHENAB,Khanki,11-Oct-22,7741,-
CHENAB,Qadirabad,11-Oct-22,18000,-
CHENAB,Trimmu,11-Oct-22,13932,-
CHENAB,Punjnad,11-Oct-22,10870,-
RAVI,Jassar,11-Oct-22,-,2035
RAVI,Shahdara,11-Oct-22,-,713
RAVI,Balloki,11-Oct-22,22500,-
RAVI,Sidhnai,11-Oct-22,12600,-
SUTLEJ,Bhakara**,11-Oct-22,NR,NR
SUTLEJ,Sulemanki,11-Oct-22,9588,-
SUTLEJ,Islam,11-Oct-22,700,-
INDUS,Kalabagh,11-Oct-22,65065,58065
INDUS,Chashma,11-Oct-22,85781,79881
INDUS,Taunsa,11-Oct-22,85717,60917
INDUS,Guddu,11-Oct-22,58810,49106
INDUS,Sukkar,11-Oct-22,48066,37016
INDUS,Kotri,11-Oct-22,78441,48456
JHELUM,Kotli,11-Oct-22,-,1790
JHELUM,Mangla,11-Oct-22,10000,37824
JHELUM,Rasul,11-Oct-22,26614,5341
CHENAB,Marala,11-Oct-22,19049,6699
CHENAB,Khanki,11-Oct-22,9607,1866
CHENAB,Qadirabad,11-Oct-22,18000,-
CHENAB,Trimmu,11-Oct-22,13932,-
CHENAB,Punjnad,11-Oct-22,10870,-
RAVI,Jassar,11-Oct-22,-,2035
RAVI,Shahdara,11-Oct-22,-,713
RAVI,Balloki,11-Oct-22,22500,-
RAVI,Sidhnai,11-Oct-22,12407,-
SUTLEJ,Bhakara**,11-Oct-22,-,-
SUTLEJ,Sulemanki,11-Oct-22,9588,-
SUTLEJ,Islam,11-Oct-22,700,-
INDUS,Kalabagh,12-Oct-22,74361,67361
INDUS,Chashma,12-Oct-22,86416,80516
INDUS,Taunsa,12-Oct-22,85717,60917
INDUS,Guddu,12-Oct-22,58618,48419
INDUS,Sukkar,12-Oct-22,48066,37016
INDUS,Kotri,12-Oct-22,78441,48456
JHELUM,Kotli,12-Oct-22,-,1610
JHELUM,Mangla,12-Oct-22,9000,35915
JHELUM,Rasul,12-Oct-22,29415,8042
CHENAB,Marala,12-Oct-22,20296,7946
CHENAB,Khanki,12-Oct-22,11473,3732
CHENAB,Qadirabad,12-Oct-22,18000,-
CHENAB,Trimmu,12-Oct-22,13932,-
CHENAB,Punjnad,12-Oct-22,10870,-
RAVI,Jassar,12-Oct-22,-,2035
RAVI,Shahdara,12-Oct-22,-,713
RAVI,Balloki,12-Oct-22,22500,-
RAVI,Sidhnai,12-Oct-22,17600,-
SUTLEJ,Bhakara**,12-Oct-22,-,-
SUTLEJ,Sulemanki,12-Oct-22,10407,-
SUTLEJ,Islam,12-Oct-22,700,-
INDUS,Kalabagh,12-Oct-22,74361,67361
INDUS,Chashma,12-Oct-22,86077,80177
INDUS,Taunsa,12-Oct-22,84290,59490
INDUS,Guddu,12-Oct-22,58467,47658
INDUS,Sukkar,12-Oct-22,48066,37016
INDUS,Kotri,12-Oct-22,78441,48456
JHELUM,Kotli,12-Oct-22,-,1780
JHELUM,Mangla,12-Oct-22,9000,36115
JHELUM,Rasul,12-Oct-22,33382,12009
CHENAB,Marala,12-Oct-22,20296,7946
CHENAB,Khanki,12-Oct-22,7741,-
CHENAB,Qadirabad,12-Oct-22,18675,-
CHENAB,Trimmu,12-Oct-22,13932,-
CHENAB,Punjnad,12-Oct-22,10870,-
RAVI,Jassar,12-Oct-22,-,2382
RAVI,Shahdara,12-Oct-22,-,713
RAVI,Balloki,12-Oct-22,22500,-
RAVI,Sidhnai,12-Oct-22,12600,-
SUTLEJ,Bhakara**,12-Oct-22,NR,NR
SUTLEJ,Sulemanki,12-Oct-22,10407,-
SUTLEJ,Islam,12-Oct-22,700,-
INDUS,Kalabagh,12-Oct-22,80290,73290
INDUS,Chashma,12-Oct-22,64419,57711
INDUS,Taunsa,12-Oct-22,84290,59490
INDUS,Guddu,12-Oct-22,58467,47658
INDUS,Sukkar,12-Oct-22,48066,37016
INDUS,Kotri,12-Oct-22,78441,48456
JHELUM,Kotli,12-Oct-22,-,1790
JHELUM,Mangla,12-Oct-22,10000,43215
JHELUM,Rasul,12-Oct-22,37173,15800
CHENAB,Marala,12-Oct-22,22606,10856
CHENAB,Khanki,12-Oct-22,11098,3732
CHENAB,Qadirabad,12-Oct-22,20000,-
CHENAB,Trimmu,12-Oct-22,13319,-
CHENAB,Punjnad,12-Oct-22,10560,-
RAVI,Jassar,12-Oct-22,-,2382
RAVI,Shahdara,12-Oct-22,-,713
RAVI,Balloki,12-Oct-22,22500,-
RAVI,Sidhnai,12-Oct-22,12600,-
SUTLEJ,Bhakara**,12-Oct-22,NR,NR
SUTLEJ,Sulemanki,12-Oct-22,11206,-
SUTLEJ,Islam,12-Oct-22,700,-
INDUS,Kalabagh,12-Oct-22,63155,56155
INDUS,Chashma,12-Oct-22,61965,55310
INDUS,Taunsa,12-Oct-22,84290,59490
INDUS,Guddu,12-Oct-22,58467,47658
INDUS,Sukkar,12-Oct-22,48066,37016
INDUS,Kotri,12-Oct-22,78441,48456
JHELUM,Kotli,12-Oct-22,-,1790
JHELUM,Mangla,12-Oct-22,8000,39355
JHELUM,Rasul,12-Oct-22,37273,15800
CHENAB,Marala,12-Oct-22,19196,7946
CHENAB,Khanki,12-Oct-22,12964,5598
CHENAB,Qadirabad,12-Oct-22,22318,2318
CHENAB,Trimmu,12-Oct-22,13319,-
CHENAB,Punjnad,12-Oct-22,10560,-
RAVI,Jassar,12-Oct-22,-,2382
RAVI,Shahdara,12-Oct-22,-,713
RAVI,Balloki,12-Oct-22,22500,-
RAVI,Sidhnai,12-Oct-22,12100,-
SUTLEJ,Bhakara**,12-Oct-22,-,NR
SUTLEJ,Sulemanki,12-Oct-22,11206,-
SUTLEJ,Islam,12-Oct-22,700,-
INDUS,Kalabagh,13-Oct-22,80449,73449
INDUS,Chashma,13-Oct-22,63443,56863
INDUS,Taunsa,13-Oct-22,84290,59490
INDUS,Guddu,13-Oct-22,58239,47658
INDUS,Sukkar,13-Oct-22,47035,34760
INDUS,Kotri,13-Oct-22,75755,45140
JHELUM,Kotli,13-Oct-22,-,1610
JHELUM,Mangla,13-Oct-22,7000,36115
JHELUM,Rasul,13-Oct-22,33368,11895
CHENAB,Marala,13-Oct-22,16586,5336
CHENAB,Khanki,13-Oct-22,11098,3732
CHENAB,Qadirabad,13-Oct-22,22318,2318
CHENAB,Trimmu,13-Oct-22,12607,-
CHENAB,Punjnad,13-Oct-22,10560,-
RAVI,Jassar,13-Oct-22,-,2382
RAVI,Shahdara,13-Oct-22,-,821
RAVI,Balloki,13-Oct-22,22500,-
RAVI,Sidhnai,13-Oct-22,12100,-
SUTLEJ,Bhakara**,13-Oct-22,-,NR
SUTLEJ,Sulemanki,13-Oct-22,11601,-
SUTLEJ,Islam,13-Oct-22,700,-
INDUS,Kalabagh,13-Oct-22,81801,74801
INDUS,Chashma,13-Oct-22,71097,63932
INDUS,Taunsa,13-Oct-22,74587,54076
INDUS,Guddu,13-Oct-22,58239,47658
INDUS,Sukkar,13-Oct-22,47035,34760
INDUS,Kotri,13-Oct-22,75755,45140
JHELUM,Kotli,13-Oct-22,-,1790
JHELUM,Mangla,13-Oct-22,7000,36115
JHELUM,Rasul,13-Oct-22,29463,7990
CHENAB,Marala,13-Oct-22,16586,5286
CHENAB,Khanki,13-Oct-22,14830,7464
CHENAB,Qadirabad,13-Oct-22,24823,4823
CHENAB,Trimmu,13-Oct-22,12607,-
CHENAB,Punjnad,13-Oct-22,10560,-
RAVI,Jassar,13-Oct-22,-,2129
RAVI,Shahdara,13-Oct-22,-,928
RAVI,Balloki,13-Oct-22,22000,-
RAVI,Sidhnai,13-Oct-22,11800,-
SUTLEJ,Bhakara**,13-Oct-22,NR,NR
SUTLEJ,Sulemanki,13-Oct-22,11601,-
SUTLEJ,Islam,13-Oct-22,700,-
INDUS,Kalabagh,13-Oct-22,53953,46953
INDUS,Chashma,13-Oct-22,73992,68827
INDUS,Taunsa,13-Oct-22,74587,54076
INDUS,Guddu,13-Oct-22,58162,49462
INDUS,Sukkar,13-Oct-22,47035,34760
INDUS,Kotri,13-Oct-22,75755,45140
JHELUM,Kotli,13-Oct-22,-,1790
JHELUM,Mangla,13-Oct-22,14000,43157
JHELUM,Rasul,13-Oct-22,37273,15800
CHENAB,Marala,13-Oct-22,16586,5286
CHENAB,Khanki,13-Oct-22,12964,5598
CHENAB,Qadirabad,13-Oct-22,25490,5490
CHENAB,Trimmu,13-Oct-22,11643,-
CHENAB,Punjnad,13-Oct-22,10225,-
RAVI,Jassar,13-Oct-22,-,2129
RAVI,Shahdara,13-Oct-22,-,928
RAVI,Balloki,13-Oct-22,23500,-
RAVI,Sidhnai,13-Oct-22,10200,-
SUTLEJ,Bhakara**,13-Oct-22,NR,NR
SUTLEJ,Sulemanki,13-Oct-22,11404,-
SUTLEJ,Islam,13-Oct-22,700,-
INDUS,Kalabagh,13-Oct-22,53953,46953
INDUS,Chashma,13-Oct-22,76250,70840
INDUS,Taunsa,13-Oct-22,74587,54076
INDUS,Guddu,13-Oct-22,58162,49462
INDUS,Sukkar,13-Oct-22,47035,34760
INDUS,Kotri,13-Oct-22,75755,45140
JHELUM,Kotli,13-Oct-22,-,1610
JHELUM,Mangla,13-Oct-22,12000,39103
JHELUM,Rasul,13-Oct-22,33468,11895
CHENAB,Marala,13-Oct-22,14389,4089
CHENAB,Khanki,13-Oct-22,9232,1866
CHENAB,Qadirabad,13-Oct-22,22794,2794
CHENAB,Trimmu,13-Oct-22,11643,-
CHENAB,Punjnad,13-Oct-22,10225,-
RAVI,Jassar,13-Oct-22,-,2129
RAVI,Shahdara,13-Oct-22,-,928
RAVI,Balloki,13-Oct-22,23500,-
RAVI,Sidhnai,13-Oct-22,10200,-
SUTLEJ,Bhakara**,13-Oct-22,NR,NR
SUTLEJ,Sulemanki,13-Oct-22,11404,-
SUTLEJ,Islam,13-Oct-22,700,-
INDUS,Kalabagh,14-Oct-22,63434,56434
INDUS,Chashma,14-Oct-22,75971,70557
INDUS,Taunsa,14-Oct-22,74587,54076
INDUS,Guddu,14-Oct-22,59711,52069
INDUS,Sukkar,14-Oct-22,46945,29945
INDUS,Kotri,14-Oct-22,75625,45140
JHELUM,Kotli,14-Oct-22,-,1440
JHELUM,Mangla,14-Oct-22,14000,36115
JHELUM,Rasul,14-Oct-22,33468,11895
CHENAB,Marala,14-Oct-22,15636,5336
CHENAB,Khanki,14-Oct-22,9232,1866
CHENAB,Qadirabad,14-Oct-22,22794,2794
CHENAB,Trimmu,14-Oct-22,9736,-
CHENAB,Punjnad,14-Oct-22,10225,-
RAVI,Jassar,14-Oct-22,-,2129
RAVI,Shahdara,14-Oct-22,-,713
RAVI,Balloki,14-Oct-22,24000,-
RAVI,Sidhnai,14-Oct-22,9000,-
SUTLEJ,Bhakara**,14-Oct-22,-,NR
SUTLEJ,Sulemanki,14-Oct-22,11914,-
SUTLEJ,Islam,14-Oct-22,700,-
INDUS,Kalabagh,14-Oct-22,79321,72321
INDUS,Chashma,14-Oct-22,69890,66355
INDUS,Taunsa,14-Oct-22,74587,54076
INDUS,Guddu,14-Oct-22,59711,52069
INDUS,Sukkar,14-Oct-22,46945,29945
INDUS,Kotri,14-Oct-22,75625,45140
JHELUM,Kotli,14-Oct-22,-,1440
JHELUM,Mangla,14-Oct-22,10000,36115
JHELUM,Rasul,14-Oct-22,33468,11895
CHENAB,Marala,14-Oct-22,14389,4289
CHENAB,Khanki,14-Oct-22,9232,1866
CHENAB,Qadirabad,14-Oct-22,21459,1459
CHENAB,Trimmu,14-Oct-22,9736,-
CHENAB,Punjnad,14-Oct-22,9875,-
RAVI,Jassar,14-Oct-22,-,2129
RAVI,Shahdara,14-Oct-22,-,928
RAVI,Balloki,14-Oct-22,24500,-
RAVI,Sidhnai,14-Oct-22,9000,-
SUTLEJ,Bhakara**,14-Oct-22,NR,NR
SUTLEJ,Sulemanki,14-Oct-22,11914,-
SUTLEJ,Islam,14-Oct-22,304,-
INDUS,Kalabagh,14-Oct-22,71312,64312
INDUS,Chashma,14-Oct-22,71971,67202
INDUS,Taunsa,14-Oct-22,74587,54076
INDUS,Guddu,14-Oct-22,59880,52069
INDUS,Sukkar,14-Oct-22,46945,29945
INDUS,Kotri,14-Oct-22,75625,45140
JHELUM,Kotli,14-Oct-22,-,1610
JHELUM,Mangla,14-Oct-22,13000,43105
JHELUM,Rasul,14-Oct-22,37373,15800
CHENAB,Marala,14-Oct-22,14436,5336
CHENAB,Khanki,14-Oct-22,9232,1866
CHENAB,Qadirabad,14-Oct-22,20000,Nil
CHENAB,Trimmu,14-Oct-22,9546,-
CHENAB,Punjnad,14-Oct-22,9875,-
RAVI,Jassar,14-Oct-22,-,2129
RAVI,Shahdara,14-Oct-22,-,928
RAVI,Balloki,14-Oct-22,24500,-
RAVI,Sidhnai,14-Oct-22,8700,-
SUTLEJ,Bhakara**,14-Oct-22,NR,NR
SUTLEJ,Sulemanki,14-Oct-22,12144,-
SUTLEJ,Islam,14-Oct-22,336,-
INDUS,Kalabagh,14-Oct-22,54907,47907
INDUS,Chashma,14-Oct-22,66216,61877
INDUS,Taunsa,14-Oct-22,74587,54076
INDUS,Guddu,14-Oct-22,59880,52069
INDUS,Sukkar,14-Oct-22,46945,29945
INDUS,Kotri,14-Oct-22,75625,45140
JHELUM,Kotli,14-Oct-22,-,1440
JHELUM,Mangla,14-Oct-22,12000,39415
JHELUM,Rasul,14-Oct-22,29663,7990
CHENAB,Marala,14-Oct-22,13189,4089
CHENAB,Khanki,14-Oct-22,10566,3732
CHENAB,Qadirabad,14-Oct-22,20000,Nil
CHENAB,Trimmu,14-Oct-22,9546,-
CHENAB,Punjnad,14-Oct-22,9875,-
RAVI,Jassar,14-Oct-22,-,2129
RAVI,Shahdara,14-Oct-22,-,713
RAVI,Balloki,14-Oct-22,24500,-
RAVI,Sidhnai,14-Oct-22,8200,-
SUTLEJ,Bhakara**,14-Oct-22,NR,NR
SUTLEJ,Sulemanki,14-Oct-22,12144,-
SUTLEJ,Islam,14-Oct-22,336,-
INDUS,Kalabagh,15-Oct-22,52043,45043
INDUS,Chashma,15-Oct-22,71177,66433
INDUS,Taunsa,15-Oct-22,74587,54076
INDUS,Guddu,15-Oct-22,59880,52069
INDUS,Sukkar,15-Oct-22,48295,29945
INDUS,Kotri,15-Oct-22,74915,45140
JHELUM,Kotli,15-Oct-22,-,1270
JHELUM,Mangla,15-Oct-22,9000,36115
JHELUM,Rasul,15-Oct-22,33568,11895
CHENAB,Marala,15-Oct-22,14436,5336
CHENAB,Khanki,15-Oct-22,10566,3732
CHENAB,Qadirabad,15-Oct-22,22794,2794
CHENAB,Trimmu,15-Oct-22,8225,-
CHENAB,Punjnad,15-Oct-22,9800,-
RAVI,Jassar,15-Oct-22,-,2129
RAVI,Shahdara,15-Oct-22,-,713
RAVI,Balloki,15-Oct-22,24500,-
RAVI,Sidhnai,15-Oct-22,8000,-
SUTLEJ,Bhakara**,15-Oct-22,NR,NR
SUTLEJ,Sulemanki,15-Oct-22,12556,-
SUTLEJ,Islam,15-Oct-22,336,-
