River,Gauge Site,Date,Up Stream,Down Stream
INDUS,Kalabagh,15-Jun-21,197466,189966
INDUS,Chashma,15-Jun-21,203432,193247
INDUS,Taunsa,15-Jun-21,179532,161932
INDUS,Guddu,15-Jun-21,106390,81546
INDUS,Sukkar,15-Jun-21,75020,31800
INDUS,Kotri,15-Jun-21,21985,380
JHELUM,Kotli,15-Jun-21,-,5670
JHELUM,Mangla,15-Jun-21,55000,15315
JHELUM,Rasul,15-Jun-21,51180,43135
CHENAB,Marala,15-Jun-21,50668,21668
CHENAB,Khanki,15-Jun-21,26545,18816
CHENAB,Qadirabad,15-Jun-21,17000,NR
CHENAB,Trimmu,15-Jun-21,14828,6228
CHENAB,Punjnad,15-Jun-21,NR,NR
RAVI,Jassar,15-Jun-21,-,NR
RAVI,Shahdara,15-Jun-21,-,21756
RAVI,Balloki,15-Jun-21,36995,6795
RAVI,Sidhnai,15-Jun-21,17050,2217
SUTLEJ,Sulemanki,15-Jun-21,12857,2881
SUTLEJ,Islam,15-Jun-21,1230,NR
INDUS,Kalabagh,15-Jun-21,197466,189966
INDUS,Chashma,15-Jun-21,204479,193179
INDUS,Taunsa,15-Jun-21,179532,161932
INDUS,Guddu,15-Jun-21,106390,81546
INDUS,Sukkar,15-Jun-21,75020,31800
INDUS,Kotri,15-Jun-21,21985,380
JHELUM,Kotli,15-Jun-21,-,5960
JHELUM,Mangla,15-Jun-21,73000,12515
JHELUM,Rasul,15-Jun-21,51180,43135
CHENAB,Marala,15-Jun-21,50668,21668
CHENAB,Khanki,15-Jun-21,26545,18816
CHENAB,Qadirabad,15-Jun-21,17000,NR
CHENAB,Trimmu,15-Jun-21,14828,6228
CHENAB,Punjnad,15-Jun-21,NR,NR
RAVI,Jassar,15-Jun-21,-,NR
RAVI,Shahdara,15-Jun-21,-,21756
RAVI,Balloki,15-Jun-21,36995,6795
RAVI,Sidhnai,15-Jun-21,17050,2217
SUTLEJ,Sulemanki,15-Jun-21,12857,2881
SUTLEJ,Islam,15-Jun-21,1230,NR
INDUS,Kalabagh,15-Jun-21,178458,170458
INDUS,Chashma,15-Jun-21,NR,NR
INDUS,Taunsa,15-Jun-21,184582,157682
INDUS,Guddu,15-Jun-21,NR,NR
INDUS,Sukkar,15-Jun-21,NR,NR
INDUS,Kotri,15-Jun-21,NR,NR
JHELUM,Kotli,15-Jun-21,-,NR
JHELUM,Mangla,15-Jun-21,NR,NR
JHELUM,Rasul,15-Jun-21,2943,NR
CHENAB,Marala,15-Jun-21,53520,23120
CHENAB,Khanki,15-Jun-21,NR,NR
CHENAB,Qadirabad,15-Jun-21,33316,11316
CHENAB,Trimmu,15-Jun-21,14451,2757
CHENAB,Punjnad,15-Jun-21,NR,NR
RAVI,Jassar,15-Jun-21,NR,NR
RAVI,Shahdara,15-Jun-21,-,NR
RAVI,Balloki,15-Jun-21,36995,6795
RAVI,Sidhnai,15-Jun-21,12886,NR
SUTLEJ,Sulemanki,15-Jun-21,12857,2881
SUTLEJ,Islam,15-Jun-21,1300,NR
INDUS,Kalabagh,16-Jun-21,184504,176504
INDUS,Chashma,16-Jun-21,204696,193396
INDUS,Taunsa,16-Jun-21,182876,154876
INDUS,Guddu,16-Jun-21,NR,NR
INDUS,Sukkar,16-Jun-21,NR,NR
INDUS,Kotri,16-Jun-21,NR,NR
JHELUM,Kotli,16-Jun-21,-,5380
JHELUM,Mangla,16-Jun-21,62000,12555
JHELUM,Rasul,16-Jun-21,8284,5341
CHENAB,Marala,16-Jun-21,49746,19346
CHENAB,Khanki,16-Jun-21,NR,NR
CHENAB,Qadirabad,16-Jun-21,26794,4794
CHENAB,Trimmu,16-Jun-21,14451,2757
CHENAB,Punjnad,16-Jun-21,14500,NR
RAVI,Jassar,16-Jun-21,-,NR
RAVI,Shahdara,16-Jun-21,-,21756
RAVI,Balloki,16-Jun-21,36995,6795
RAVI,Sidhnai,16-Jun-21,12886,NR
SUTLEJ,Sulemanki,16-Jun-21,13201,3225
SUTLEJ,Islam,16-Jun-21,1300,NR
INDUS,Kalabagh,16-Jun-21,199820,191820
INDUS,Chashma,16-Jun-21,204228,192928
INDUS,Taunsa,16-Jun-21,183276,154530
INDUS,Guddu,16-Jun-21,120017,91175
INDUS,Sukkar,16-Jun-21,77065,32225
INDUS,Kotri,16-Jun-21,23285,380
JHELUM,Kotli,16-Jun-21,-,5100
JHELUM,Mangla,16-Jun-21,55000,17315
JHELUM,Rasul,16-Jun-21,10933,7990
CHENAB,Marala,16-Jun-21,49746,19346
CHENAB,Khanki,16-Jun-21,27644,20646
CHENAB,Qadirabad,16-Jun-21,21000,NR
CHENAB,Trimmu,16-Jun-21,15322,2757
CHENAB,Punjnad,16-Jun-21,14500,NR
RAVI,Jassar,16-Jun-21,-,1753
RAVI,Shahdara,16-Jun-21,-,21756
RAVI,Balloki,16-Jun-21,36955,6795
RAVI,Sidhnai,16-Jun-21,13300,NR
SUTLEJ,Sulemanki,16-Jun-21,13201,3225
SUTLEJ,Islam,16-Jun-21,1300,NR
INDUS,Kalabagh,16-Jun-21,183231,175231
INDUS,Chashma,16-Jun-21,202841,192656
INDUS,Taunsa,16-Jun-21,183276,154530
INDUS,Guddu,16-Jun-21,120017,91175
INDUS,Sukkar,16-Jun-21,78110,33360
INDUS,Kotri,16-Jun-21,24125,380
JHELUM,Kotli,16-Jun-21,-,4810
JHELUM,Mangla,16-Jun-21,61000,17015
JHELUM,Rasul,16-Jun-21,8284,5341
CHENAB,Marala,16-Jun-21,42198,11798
CHENAB,Khanki,16-Jun-21,25505,18495
CHENAB,Qadirabad,16-Jun-21,21000,Nil
CHENAB,Trimmu,16-Jun-21,16316,2757
CHENAB,Punjnad,16-Jun-21,14500,Nil
RAVI,Jassar,16-Jun-21,-,1753
RAVI,Shahdara,16-Jun-21,-,21756
RAVI,Balloki,16-Jun-21,36995,6795
RAVI,Sidhnai,16-Jun-21,13300,Nil
SUTLEJ,Sulemanki,16-Jun-21,13267,3235
SUTLEJ,Islam,16-Jun-21,1900,Nil
INDUS,Kalabagh,16-Jun-21,192908,184908
INDUS,Chashma,16-Jun-21,NR,NR
INDUS,Taunsa,16-Jun-21,183276,154530
INDUS,Guddu,16-Jun-21,NR,NR
INDUS,Sukkar,16-Jun-21,NR,NR
INDUS,Kotri,16-Jun-21,NR,NR
JHELUM,Kotli,16-Jun-21,NR,NR
JHELUM,Mangla,16-Jun-21,NR,NR
JHELUM,Rasul,16-Jun-21,8284,5341
CHENAB,Marala,16-Jun-21,46072,15572
CHENAB,Khanki,16-Jun-21,26538,19528
CHENAB,Qadirabad,16-Jun-21,22000,NIL
CHENAB,Trimmu,16-Jun-21,19503,5403
CHENAB,Punjnad,16-Jun-21,14500,NIL
RAVI,Jassar,16-Jun-21,NR,1753
RAVI,Shahdara,16-Jun-21,-,21756
RAVI,Balloki,16-Jun-21,38995,6795
RAVI,Sidhnai,16-Jun-21,14000,NIL
SUTLEJ,Sulemanki,16-Jun-21,13267,3225
SUTLEJ,Islam,16-Jun-21,1699,799
INDUS,Kalabagh,17-Jun-21,195772,187772
INDUS,Chashma,17-Jun-21,208832,193382
INDUS,Taunsa,17-Jun-21,183276,154530
INDUS,Guddu,17-Jun-21,121263,93745
INDUS,Sukkar,17-Jun-21,80292,35042
INDUS,Kotri,17-Jun-21,25445,380
JHELUM,Kotli,17-Jun-21,-,5100
JHELUM,Mangla,17-Jun-21,53000,17155
JHELUM,Rasul,17-Jun-21,8284,5341
CHENAB,Marala,17-Jun-21,46072,15572
CHENAB,Khanki,17-Jun-21,22172,15162
CHENAB,Qadirabad,17-Jun-21,21000,NIL
CHENAB,Trimmu,17-Jun-21,19169,4069
CHENAB,Punjnad,17-Jun-21,14500,NIL
RAVI,Jassar,17-Jun-21,NR,1753
RAVI,Shahdara,17-Jun-21,-,21756
RAVI,Balloki,17-Jun-21,36995,6795
RAVI,Sidhnai,17-Jun-21,14800,NIL
SUTLEJ,Sulemanki,17-Jun-21,13451,2605
SUTLEJ,Islam,17-Jun-21,1699,799
INDUS,Kalabagh,17-Jun-21,202684,194684
INDUS,Chashma,17-Jun-21,209586,192986
INDUS,Taunsa,17-Jun-21,183276,154530
INDUS,Guddu,17-Jun-21,126711,99192
INDUS,Sukkar,17-Jun-21,80340,35660
INDUS,Kotri,17-Jun-21,25625,380
JHELUM,Kotli,17-Jun-21,-,5380
JHELUM,Mangla,17-Jun-21,61000,14215
JHELUM,Rasul,17-Jun-21,18743,15800
CHENAB,Marala,17-Jun-21,49846,19346
CHENAB,Khanki,17-Jun-21,19963,12930
CHENAB,Qadirabad,17-Jun-21,16000,NR
CHENAB,Trimmu,17-Jun-21,19369,4069
CHENAB,Punjnad,17-Jun-21,12658,NR
RAVI,Jassar,17-Jun-21,-,1660
RAVI,Shahdara,17-Jun-21,-,22322
RAVI,Balloki,17-Jun-21,36995,6795
RAVI,Sidhnai,17-Jun-21,14800,NR
SUTLEJ,Sulemanki,17-Jun-21,13451,2605
SUTLEJ,Islam,17-Jun-21,1699,799
INDUS,Kalabagh,17-Jun-21,186135,178135
INDUS,Chashma,17-Jun-21,209553,192953
INDUS,Taunsa,17-Jun-21,183276,154530
INDUS,Guddu,17-Jun-21,136637,109627
INDUS,Sukkar,17-Jun-21,82704,37604
INDUS,Kotri,17-Jun-21,27865,380
JHELUM,Kotli,17-Jun-21,-,5380
JHELUM,Mangla,17-Jun-21,55000,12715
JHELUM,Rasul,17-Jun-21,18743,15800
CHENAB,Marala,17-Jun-21,42298,11798
CHENAB,Khanki,17-Jun-21,19963,12930
CHENAB,Qadirabad,17-Jun-21,15000,NIL
CHENAB,Trimmu,17-Jun-21,23166,7866
CHENAB,Punjnad,17-Jun-21,12658,NIL
RAVI,Jassar,17-Jun-21,-,1660
RAVI,Shahdara,17-Jun-21,-,22322
RAVI,Balloki,17-Jun-21,37140,5940
RAVI,Sidhnai,17-Jun-21,15361,661
SUTLEJ,Sulemanki,17-Jun-21,13408,2293
SUTLEJ,Islam,17-Jun-21,1700,NIL
INDUS,Kalabagh,17-Jun-21,200804,192804
INDUS,Chashma,17-Jun-21,NR,NR
INDUS,Taunsa,17-Jun-21,183276,154530
INDUS,Guddu,17-Jun-21,NR,NR
INDUS,Sukkar,17-Jun-21,NR,NR
INDUS,Kotri,17-Jun-21,NR,NR
JHELUM,Kotli,17-Jun-21,NR,NR
JHELUM,Mangla,17-Jun-21,NR,NR
JHELUM,Rasul,17-Jun-21,8284,5341
CHENAB,Marala,17-Jun-21,46072,15572
CHENAB,Khanki,17-Jun-21,24447,17437
CHENAB,Qadirabad,17-Jun-21,15000,NIL
CHENAB,Trimmu,17-Jun-21,23566,7866
CHENAB,Punjnad,17-Jun-21,11752,NIL
RAVI,Jassar,17-Jun-21,NR,1753
RAVI,Shahdara,17-Jun-21,-,21756
RAVI,Balloki,17-Jun-21,38995,6795
RAVI,Sidhnai,17-Jun-21,14000,NIL
SUTLEJ,Sulemanki,17-Jun-21,13267,3225
SUTLEJ,Islam,17-Jun-21,1699,799
INDUS,Kalabagh,18-Jun-21,193913,185913
INDUS,Chashma,18-Jun-21,209369,192769
INDUS,Taunsa,18-Jun-21,183276,154530
INDUS,Guddu,18-Jun-21,140684,112016
INDUS,Sukkar,18-Jun-21,85630,38490
INDUS,Kotri,18-Jun-21,28325,380
JHELUM,Kotli,18-Jun-21,-,5100
JHELUM,Mangla,18-Jun-21,46000,15655
JHELUM,Rasul,18-Jun-21,8284,5341
CHENAB,Marala,18-Jun-21,42298,17798
CHENAB,Khanki,18-Jun-21,19940,12930
CHENAB,Qadirabad,18-Jun-21,15900,NIL
CHENAB,Trimmu,18-Jun-21,23566,7866
CHENAB,Punjnad,18-Jun-21,11752,NIL
RAVI,Jassar,18-Jun-21,NR,1660
RAVI,Shahdara,18-Jun-21,-,21756
RAVI,Balloki,18-Jun-21,36545,5345
RAVI,Sidhnai,18-Jun-21,15522,1322
SUTLEJ,Sulemanki,18-Jun-21,13608,2293
SUTLEJ,Islam,18-Jun-21,1700,NIL
INDUS,Kalabagh,18-Jun-21,200815,192815
INDUS,Chashma,18-Jun-21,209538,192938
INDUS,Taunsa,18-Jun-21,183276,154530
INDUS,Guddu,18-Jun-21,142700,112016
INDUS,Sukkar,18-Jun-21,85630,38490
INDUS,Kotri,18-Jun-21,28565,380
JHELUM,Kotli,18-Jun-21,-,5100
JHELUM,Mangla,18-Jun-21,53000,9415
JHELUM,Rasul,18-Jun-21,8181,5341
CHENAB,Marala,18-Jun-21,42348,11798
CHENAB,Khanki,18-Jun-21,18755,11745
CHENAB,Qadirabad,18-Jun-21,15000,NR
CHENAB,Trimmu,18-Jun-21,26094,10394
CHENAB,Punjnad,18-Jun-21,12075,NR
RAVI,Jassar,18-Jun-21,-,1660
RAVI,Shahdara,18-Jun-21,-,21756
RAVI,Balloki,18-Jun-21,35950,4750
RAVI,Sidhnai,18-Jun-21,16122,1322
SUTLEJ,Sulemanki,18-Jun-21,13608,2293
SUTLEJ,Islam,18-Jun-21,1700,NR
INDUS,Kalabagh,18-Jun-21,183271,175271
INDUS,Chashma,18-Jun-21,209449,192849
INDUS,Taunsa,18-Jun-21,183276,154530
INDUS,Guddu,18-Jun-21,142700,112016
INDUS,Sukkar,18-Jun-21,86220,39050
INDUS,Kotri,18-Jun-21,28525,380
JHELUM,Kotli,18-Jun-21,-,5380
JHELUM,Mangla,18-Jun-21,51000,9215
JHELUM,Rasul,18-Jun-21,8181,5341
CHENAB,Marala,18-Jun-21,39460,8810
CHENAB,Khanki,18-Jun-21,19940,12930
CHENAB,Qadirabad,18-Jun-21,14000,NIL
CHENAB,Trimmu,18-Jun-21,24915,9115
CHENAB,Punjnad,18-Jun-21,12075,NIL
RAVI,Jassar,18-Jun-21,-,1660
RAVI,Shahdara,18-Jun-21,-,21756
RAVI,Balloki,18-Jun-21,33875,2375
RAVI,Sidhnai,18-Jun-21,15961,661
SUTLEJ,Sulemanki,18-Jun-21,13452,2001
SUTLEJ,Islam,18-Jun-21,1830,NIL
INDUS,Kalabagh,18-Jun-21,192941,184941
INDUS,Chashma,18-Jun-21,209281,192681
INDUS,Taunsa,18-Jun-21,183276,154530
INDUS,Guddu,18-Jun-21,142700,112016
INDUS,Sukkar,18-Jun-21,86220,39050
INDUS,Kotri,18-Jun-21,28525,380
JHELUM,Kotli,18-Jun-21,-,5380
JHELUM,Mangla,18-Jun-21,52000,24715
JHELUM,Rasul,18-Jun-21,8181,5341
CHENAB,Marala,18-Jun-21,39460,8810
CHENAB,Khanki,18-Jun-21,10742,3732
CHENAB,Qadirabad,18-Jun-21,13000,NIL
CHENAB,Trimmu,18-Jun-21,24915,9115
CHENAB,Punjnad,18-Jun-21,12075,NIL
RAVI,Jassar,18-Jun-21,-,1660
RAVI,Shahdara,18-Jun-21,-,21756
RAVI,Balloki,18-Jun-21,30250,4750
RAVI,Sidhnai,18-Jun-21,15961,661
SUTLEJ,Sulemanki,18-Jun-21,13452,2001
SUTLEJ,Islam,18-Jun-21,1830,NIL
INDUS,Kalabagh,19-Jun-21,193903,185903
INDUS,Chashma,19-Jun-21,210156,193556
INDUS,Taunsa,19-Jun-21,184939,155935
INDUS,Guddu,19-Jun-21,NR,NR
INDUS,Sukkar,19-Jun-21,NR,NR
INDUS,Kotri,19-Jun-21,NR,NR
JHELUM,Kotli,19-Jun-21,-,NR
JHELUM,Mangla,19-Jun-21,45000,15155
JHELUM,Rasul,19-Jun-21,2943,NIL
CHENAB,Marala,19-Jun-21,39460,8810
CHENAB,Khanki,19-Jun-21,11697,4687
CHENAB,Qadirabad,19-Jun-21,11125,NIL
CHENAB,Trimmu,19-Jun-21,24915,9115
CHENAB,Punjnad,19-Jun-21,12075,NIL
RAVI,Jassar,19-Jun-21,-,1660
RAVI,Shahdara,19-Jun-21,-,21756
RAVI,Balloki,19-Jun-21,30450,4750
RAVI,Sidhnai,19-Jun-21,17583,1983
SUTLEJ,Sulemanki,19-Jun-21,13442,2001
SUTLEJ,Islam,19-Jun-21,1830,NIL
INDUS,Kalabagh,19-Jun-21,193903,185903
INDUS,Chashma,19-Jun-21,210252,192937
INDUS,Taunsa,19-Jun-21,184939,155935
INDUS,Guddu,19-Jun-21,14456,112244
INDUS,Sukkar,19-Jun-21,90830,42470
INDUS,Kotri,19-Jun-21,28945,380
JHELUM,Kotli,19-Jun-21,-,NR
JHELUM,Mangla,19-Jun-21,43000,14615
JHELUM,Rasul,19-Jun-21,8181,5341
CHENAB,Marala,19-Jun-21,36906,5909
CHENAB,Khanki,19-Jun-21,10772,3732
CHENAB,Qadirabad,19-Jun-21,9725,NIL
CHENAB,Trimmu,19-Jun-21,24915,9115
CHENAB,Punjnad,19-Jun-21,12075,NIL
RAVI,Jassar,19-Jun-21,-,1753
RAVI,Shahdara,19-Jun-21,-,22322
RAVI,Balloki,19-Jun-21,30500,4750
RAVI,Sidhnai,19-Jun-21,17583,1983
SUTLEJ,Sulemanki,19-Jun-21,13442,2001
SUTLEJ,Islam,19-Jun-21,1830,NIL
INDUS,Kalabagh,19-Jun-21,184226,176226
INDUS,Chashma,19-Jun-21,210868,192604
INDUS,Taunsa,19-Jun-21,181268,152833
INDUS,Guddu,19-Jun-21,144255,111933
INDUS,Sukkar,19-Jun-21,92040,43380
INDUS,Kotri,19-Jun-21,28945,380
JHELUM,Kotli,19-Jun-21,-,5380
JHELUM,Mangla,19-Jun-21,50000,13715
JHELUM,Rasul,19-Jun-21,14735,11895
CHENAB,Marala,19-Jun-21,39510,8810
CHENAB,Khanki,19-Jun-21,11727,4687
CHENAB,Qadirabad,19-Jun-21,7685,NIL
CHENAB,Trimmu,19-Jun-21,23648,7848
CHENAB,Punjnad,19-Jun-21,12075,NIL
RAVI,Jassar,19-Jun-21,-,1753
RAVI,Shahdara,19-Jun-21,-,21756
RAVI,Balloki,19-Jun-21,29905,4155
RAVI,Sidhnai,19-Jun-21,17722,1322
SUTLEJ,Sulemanki,19-Jun-21,12058,617
SUTLEJ,Islam,19-Jun-21,2030,NIL
INDUS,Kalabagh,19-Jun-21,183271,17527
INDUS,Chashma,19-Jun-21,208512,193327
INDUS,Taunsa,19-Jun-21,184066,155798
INDUS,Guddu,19-Jun-21,142374,110052
INDUS,Sukkar,19-Jun-21,94480,44770
INDUS,Kotri,19-Jun-21,28945,380
JHELUM,Kotli,19-Jun-21,-,5670
JHELUM,Mangla,19-Jun-21,56000,24755
JHELUM,Rasul,19-Jun-21,8284,5341
CHENAB,Marala,19-Jun-21,36609,5909
CHENAB,Khanki,19-Jun-21,9861,2821
CHENAB,Qadirabad,19-Jun-21,3945,NIL
CHENAB,Trimmu,19-Jun-21,22441,6641
CHENAB,Punjnad,19-Jun-21,12075,NIL
RAVI,Jassar,19-Jun-21,-,1753
RAVI,Shahdara,19-Jun-21,-,21191
RAVI,Balloki,19-Jun-21,275,1780
RAVI,Sidhnai,19-Jun-21,17722,1322
SUTLEJ,Sulemanki,19-Jun-21,12156,617
SUTLEJ,Islam,19-Jun-21,2030,NIL
INDUS,Kalabagh,20-Jun-21,183271,17527
INDUS,Chashma,20-Jun-21,208512,193327
INDUS,Taunsa,20-Jun-21,184066,155798
INDUS,Guddu,20-Jun-21,142374,110052
INDUS,Sukkar,20-Jun-21,94480,44770
INDUS,Kotri,20-Jun-21,28945,380
JHELUM,Kotli,20-Jun-21,-,5670
JHELUM,Mangla,20-Jun-21,56000,24755
JHELUM,Rasul,20-Jun-21,8284,5341
CHENAB,Marala,20-Jun-21,36609,5909
CHENAB,Khanki,20-Jun-21,9861,2821
CHENAB,Qadirabad,20-Jun-21,3945,NIL
CHENAB,Trimmu,20-Jun-21,22441,6641
CHENAB,Punjnad,20-Jun-21,12075,NIL
RAVI,Jassar,20-Jun-21,-,1753
RAVI,Shahdara,20-Jun-21,-,21191
RAVI,Balloki,20-Jun-21,275,1780
RAVI,Sidhnai,20-Jun-21,17722,1322
SUTLEJ,Sulemanki,20-Jun-21,12156,617
SUTLEJ,Islam,20-Jun-21,2030,NIL
INDUS,Kalabagh,20-Jun-21,192948,184948
INDUS,Chashma,20-Jun-21,210021,193421
INDUS,Taunsa,20-Jun-21,184066,155198
INDUS,Guddu,20-Jun-21,142374,110052
INDUS,Sukkar,20-Jun-21,95020,44770
INDUS,Kotri,20-Jun-21,28945,380
JHELUM,Kotli,20-Jun-21,-,5960
JHELUM,Mangla,20-Jun-21,49000,21015
JHELUM,Rasul,20-Jun-21,14735,11895
CHENAB,Marala,20-Jun-21,34334,5000
CHENAB,Khanki,20-Jun-21,10772,3732
CHENAB,Qadirabad,20-Jun-21,3110,NIL
CHENAB,Trimmu,20-Jun-21,22441,6641
CHENAB,Punjnad,20-Jun-21,11821,NIL
RAVI,Jassar,20-Jun-21,-,1660
RAVI,Shahdara,20-Jun-21,-,21191
RAVI,Balloki,20-Jun-21,26900,NIL
RAVI,Sidhnai,20-Jun-21,17722,1322
SUTLEJ,Sulemanki,20-Jun-21,12156,617
SUTLEJ,Islam,20-Jun-21,2030,NIL
INDUS,Kalabagh,20-Jun-21,179453,171453
INDUS,Chashma,20-Jun-21,207927,192742
INDUS,Taunsa,20-Jun-21,184066,155198
INDUS,Guddu,20-Jun-21,142374,110052
INDUS,Sukkar,20-Jun-21,95020,44770
INDUS,Kotri,20-Jun-21,28945,380
JHELUM,Kotli,20-Jun-21,-,5960
JHELUM,Mangla,20-Jun-21,45000,26215
JHELUM,Rasul,20-Jun-21,24743,15800
CHENAB,Marala,20-Jun-21,33617,5000
CHENAB,Khanki,20-Jun-21,10772,3732
CHENAB,Qadirabad,20-Jun-21,3110,NIL
CHENAB,Trimmu,20-Jun-21,22441,6641
CHENAB,Punjnad,20-Jun-21,11821,NIL
RAVI,Jassar,20-Jun-21,-,1660
RAVI,Shahdara,20-Jun-21,-,21191
RAVI,Balloki,20-Jun-21,27900,NIL
RAVI,Sidhnai,20-Jun-21,17722,1322
SUTLEJ,Sulemanki,20-Jun-21,11955,416
SUTLEJ,Islam,20-Jun-21,1530,NIL
INDUS,Kalabagh,20-Jun-21,195812,187812
INDUS,Chashma,20-Jun-21,210108,193508
INDUS,Taunsa,20-Jun-21,193784,167416
INDUS,Guddu,20-Jun-21,142374,110052
INDUS,Sukkar,20-Jun-21,95020,44770
INDUS,Kotri,20-Jun-21,28945,380
JHELUM,Kotli,20-Jun-21,-,5670
JHELUM,Mangla,20-Jun-21,45000,36115
JHELUM,Rasul,20-Jun-21,11943,NIL
CHENAB,Marala,20-Jun-21,33717,5000
CHENAB,Khanki,20-Jun-21,8909,1866
CHENAB,Qadirabad,20-Jun-21,4360,NIL
CHENAB,Trimmu,20-Jun-21,23331,7831
CHENAB,Punjnad,20-Jun-21,12075,NIL
RAVI,Jassar,20-Jun-21,-,1660
RAVI,Shahdara,20-Jun-21,-,21191
RAVI,Balloki,20-Jun-21,25500,NiL
RAVI,Sidhnai,20-Jun-21,17722,1322
SUTLEJ,Sulemanki,20-Jun-21,11955,416
SUTLEJ,Islam,20-Jun-21,1000,NIL
INDUS,Kalabagh,21-Jun-21,188044,180044
INDUS,Chashma,21-Jun-21,209926,193526
INDUS,Taunsa,21-Jun-21,193616,167416
INDUS,Guddu,21-Jun-21,142374,110052
INDUS,Sukkar,21-Jun-21,97020,44920
INDUS,Kotri,21-Jun-21,28945,380
JHELUM,Kotli,21-Jun-21,-,5380
JHELUM,Mangla,21-Jun-21,45000,20055
JHELUM,Rasul,21-Jun-21,15193,NIL
CHENAB,Marala,21-Jun-21,35163,5000
CHENAB,Khanki,21-Jun-21,8906,1866
CHENAB,Qadirabad,21-Jun-21,6110,NIL
CHENAB,Trimmu,21-Jun-21,22141,6641
CHENAB,Punjnad,21-Jun-21,12075,NIL
RAVI,Jassar,21-Jun-21,-,1660
RAVI,Shahdara,21-Jun-21,-,21191
RAVI,Balloki,21-Jun-21,24000,6795
RAVI,Sidhnai,21-Jun-21,17522,1322
SUTLEJ,Sulemanki,21-Jun-21,11751,416
SUTLEJ,Islam,21-Jun-21,1000,NIL
INDUS,Kalabagh,21-Jun-21,188044,180044
INDUS,Chashma,21-Jun-21,209810,193410
INDUS,Taunsa,21-Jun-21,193616,167416
INDUS,Guddu,21-Jun-21,142576,110052
INDUS,Sukkar,21-Jun-21,97020,44920
INDUS,Kotri,21-Jun-21,28945,380
JHELUM,Kotli,21-Jun-21,-,5670
JHELUM,Mangla,21-Jun-21,51000,29515
JHELUM,Rasul,21-Jun-21,24433,7990
CHENAB,Marala,21-Jun-21,36759,5909
CHENAB,Khanki,21-Jun-21,8906,1866
CHENAB,Qadirabad,21-Jun-21,7985,NR
CHENAB,Trimmu,21-Jun-21,22141,6641
CHENAB,Punjnad,21-Jun-21,13566,NR
RAVI,Jassar,21-Jun-21,-,1753
RAVI,Shahdara,21-Jun-21,-,21191
RAVI,Balloki,21-Jun-21,24000,Nil
RAVI,Sidhnai,21-Jun-21,17522,1322
SUTLEJ,Sulemanki,21-Jun-21,11751,416
SUTLEJ,Islam,21-Jun-21,1000,NR
INDUS,Kalabagh,21-Jun-21,181362,173362
INDUS,Chashma,21-Jun-21,201997,187012
INDUS,Taunsa,21-Jun-21,190004,163204
INDUS,Guddu,21-Jun-21,142576,110052
INDUS,Sukkar,21-Jun-21,97420,44920
INDUS,Kotri,21-Jun-21,28945,380
JHELUM,Kotli,21-Jun-21,-,5960
JHELUM,Mangla,21-Jun-21,53000,52882
JHELUM,Rasul,21-Jun-21,22784,5341
CHENAB,Marala,21-Jun-21,39662,8812
CHENAB,Khanki,21-Jun-21,7342,NIL
CHENAB,Qadirabad,21-Jun-21,10010,NIL
CHENAB,Trimmu,21-Jun-21,20903,5403
CHENAB,Punjnad,21-Jun-21,14150,NIL
RAVI,Jassar,21-Jun-21,-,1753
RAVI,Shahdara,21-Jun-21,-,21191
RAVI,Balloki,21-Jun-21,23500,NIL
RAVI,Sidhnai,21-Jun-21,17361,661
SUTLEJ,Sulemanki,21-Jun-21,11375,NIL
SUTLEJ,Islam,21-Jun-21,1000,NIL
INDUS,Kalabagh,21-Jun-21,204633,196633
INDUS,Chashma,21-Jun-21,204593,188193
INDUS,Taunsa,21-Jun-21,190004,163204
INDUS,Guddu,21-Jun-21,142576,110052
INDUS,Sukkar,21-Jun-21,97420,44920
INDUS,Kotri,21-Jun-21,28945,380
JHELUM,Kotli,21-Jun-21,-,5670
JHELUM,Mangla,21-Jun-21,52000,52882
JHELUM,Rasul,21-Jun-21,18693,NIL
CHENAB,Marala,21-Jun-21,39662,8812
CHENAB,Khanki,21-Jun-21,11074,3732
CHENAB,Qadirabad,21-Jun-21,14584,2774
CHENAB,Trimmu,21-Jun-21,20903,5403
CHENAB,Punjnad,21-Jun-21,14150,NIL
RAVI,Jassar,21-Jun-21,-,1753
RAVI,Shahdara,21-Jun-21,-,21191
RAVI,Balloki,21-Jun-21,22500,NiL
RAVI,Sidhnai,21-Jun-21,17361,661
SUTLEJ,Sulemanki,21-Jun-21,11375,NIL
SUTLEJ,Islam,21-Jun-21,1130,NIL
INDUS,Kalabagh,22-Jun-21,195812,187812
INDUS,Chashma,22-Jun-21,204390,187990
INDUS,Taunsa,22-Jun-21,183923,155623
INDUS,Guddu,22-Jun-21,142414,110052
INDUS,Sukkar,22-Jun-21,97460,44920
INDUS,Kotri,22-Jun-21,28945,380
JHELUM,Kotli,22-Jun-21,-,5960
JHELUM,Mangla,22-Jun-21,48000,36115
JHELUM,Rasul,22-Jun-21,27308,7990
CHENAB,Marala,22-Jun-21,36759,5909
CHENAB,Khanki,22-Jun-21,11074,3732
CHENAB,Qadirabad,22-Jun-21,16168,2774
CHENAB,Trimmu,22-Jun-21,19603,4103
CHENAB,Punjnad,22-Jun-21,14150,NIL
RAVI,Jassar,22-Jun-21,-,1753
RAVI,Shahdara,22-Jun-21,-,21191
RAVI,Balloki,22-Jun-21,21000,NIL
RAVI,Sidhnai,22-Jun-21,17361,661
SUTLEJ,Sulemanki,22-Jun-21,11001,NIL
SUTLEJ,Islam,22-Jun-21,1130,NIL
INDUS,Kalabagh,22-Jun-21,186135,178135
INDUS,Chashma,22-Jun-21,202868,185053
INDUS,Taunsa,22-Jun-21,183923,155623
INDUS,Guddu,22-Jun-21,142414,110052
INDUS,Sukkar,22-Jun-21,97460,44920
INDUS,Kotri,22-Jun-21,30325,380
JHELUM,Kotli,22-Jun-21,-,5380
JHELUM,Mangla,22-Jun-21,48000,36115
JHELUM,Rasul,22-Jun-21,39648,19705
CHENAB,Marala,22-Jun-21,36759,5909
CHENAB,Khanki,22-Jun-21,10163,2821
CHENAB,Qadirabad,22-Jun-21,17238,2774
CHENAB,Trimmu,22-Jun-21,19803,4103
CHENAB,Punjnad,22-Jun-21,14150,NR
RAVI,Jassar,22-Jun-21,-,1660
RAVI,Shahdara,22-Jun-21,-,21191
RAVI,Balloki,22-Jun-21,21000,Nil
RAVI,Sidhnai,22-Jun-21,16700,Nil
SUTLEJ,Sulemanki,22-Jun-21,11001,Nil
SUTLEJ,Islam,22-Jun-21,1130,NR
INDUS,Kalabagh,22-Jun-21,179453,171453
INDUS,Chashma,22-Jun-21,201433,184933
INDUS,Taunsa,22-Jun-21,183923,155623
INDUS,Guddu,22-Jun-21,142414,110052
INDUS,Sukkar,22-Jun-21,97460,44920
INDUS,Kotri,22-Jun-21,30325,380
JHELUM,Kotli,22-Jun-21,-,5380
JHELUM,Mangla,22-Jun-21,53000,52882
JHELUM,Rasul,22-Jun-21,44428,23610
CHENAB,Marala,22-Jun-21,36859,5909
CHENAB,Khanki,22-Jun-21,10187,2821
CHENAB,Qadirabad,22-Jun-21,19230,2774
CHENAB,Trimmu,22-Jun-21,17138,1438
CHENAB,Punjnad,22-Jun-21,14150,NIL
RAVI,Jassar,22-Jun-21,-,1660
RAVI,Shahdara,22-Jun-21,-,21756
RAVI,Balloki,22-Jun-21,21000,NIL
RAVI,Sidhnai,22-Jun-21,16700,NIL
SUTLEJ,Sulemanki,22-Jun-21,10484,NIL
SUTLEJ,Islam,22-Jun-21,1180,NIL
INDUS,Kalabagh,22-Jun-21,195812,187812
INDUS,Chashma,22-Jun-21,201469,184969
INDUS,Taunsa,22-Jun-21,183923,155623
INDUS,Guddu,22-Jun-21,142414,110052
INDUS,Sukkar,22-Jun-21,97460,44920
INDUS,Kotri,22-Jun-21,30325,380
JHELUM,Kotli,22-Jun-21,-,5100
JHELUM,Mangla,22-Jun-21,48000,36115
JHELUM,Rasul,22-Jun-21,44678,23610
CHENAB,Marala,22-Jun-21,39762,8812
CHENAB,Khanki,22-Jun-21,10187,2821
CHENAB,Qadirabad,22-Jun-21,19156,NIL
CHENAB,Trimmu,22-Jun-21,17138,1438
CHENAB,Punjnad,22-Jun-21,14150,NIL
RAVI,Jassar,22-Jun-21,-,1660
RAVI,Shahdara,22-Jun-21,-,21756
RAVI,Balloki,22-Jun-21,21500,NIL
RAVI,Sidhnai,22-Jun-21,16700,NIL
SUTLEJ,Sulemanki,22-Jun-21,10484,NIL
SUTLEJ,Islam,22-Jun-21,1180,NIL
INDUS,Kalabagh,23-Jun-21,186135,178135
INDUS,Chashma,23-Jun-21,199942,184857
INDUS,Taunsa,23-Jun-21,183923,155623
INDUS,Guddu,23-Jun-21,142414,110052
INDUS,Sukkar,23-Jun-21,97460,44920
INDUS,Kotri,23-Jun-21,32825,380
JHELUM,Kotli,23-Jun-21,-,4810
JHELUM,Mangla,23-Jun-21,42000,36115
JHELUM,Rasul,23-Jun-21,33838,11895
CHENAB,Marala,23-Jun-21,36859,5909
CHENAB,Khanki,23-Jun-21,9232,1866
CHENAB,Qadirabad,23-Jun-21,22000,NIL
CHENAB,Trimmu,23-Jun-21,17138,1438
CHENAB,Punjnad,23-Jun-21,14150,NIL
RAVI,Jassar,23-Jun-21,-,1660
RAVI,Shahdara,23-Jun-21,-,20626
RAVI,Balloki,23-Jun-21,23900,NIL
RAVI,Sidhnai,23-Jun-21,16700,NIL
SUTLEJ,Sulemanki,23-Jun-21,9999,NIL
SUTLEJ,Islam,23-Jun-21,1180,NIL
INDUS,Kalabagh,23-Jun-21,179453,171453
INDUS,Chashma,23-Jun-21,201486,184986
INDUS,Taunsa,23-Jun-21,183862,155062
INDUS,Guddu,23-Jun-21,142414,110052
INDUS,Sukkar,23-Jun-21,97460,44920
INDUS,Kotri,23-Jun-21,34023,653
JHELUM,Kotli,23-Jun-21,-,4530
JHELUM,Mangla,23-Jun-21,48000,36115
JHELUM,Rasul,23-Jun-21,41648,19705
CHENAB,Marala,23-Jun-21,36884,5909
CHENAB,Khanki,23-Jun-21,8935,1866
CHENAB,Qadirabad,23-Jun-21,22000,Nil
CHENAB,Trimmu,23-Jun-21,17138,1438
CHENAB,Punjnad,23-Jun-21,14200,Nil
RAVI,Jassar,23-Jun-21,-,1753
RAVI,Shahdara,23-Jun-21,-,20626
RAVI,Balloki,23-Jun-21,27380,1780
RAVI,Sidhnai,23-Jun-21,16700,Nil
SUTLEJ,Sulemanki,23-Jun-21,9999,Nil
SUTLEJ,Islam,23-Jun-21,1180,NR
INDUS,Kalabagh,23-Jun-21,186135,178135
INDUS,Chashma,23-Jun-21,201678,185078
INDUS,Taunsa,23-Jun-21,183862,155062
INDUS,Guddu,23-Jun-21,142414,110052
INDUS,Sukkar,23-Jun-21,97460,44920
INDUS,Kotri,23-Jun-21,35593,653
JHELUM,Kotli,23-Jun-21,-,4810
JHELUM,Mangla,23-Jun-21,53000,52882
JHELUM,Rasul,23-Jun-21,37743,15800
CHENAB,Marala,23-Jun-21,36984,5909
CHENAB,Khanki,23-Jun-21,8273,955
CHENAB,Qadirabad,23-Jun-21,20000,NIL
CHENAB,Trimmu,23-Jun-21,18623,2823
CHENAB,Punjnad,23-Jun-21,14200,NIL
RAVI,Jassar,23-Jun-21,-,1753
RAVI,Shahdara,23-Jun-21,-,20626
RAVI,Balloki,23-Jun-21,28580,1780
RAVI,Sidhnai,23-Jun-21,15466,NIL
SUTLEJ,Sulemanki,23-Jun-21,10199,NIL
SUTLEJ,Islam,23-Jun-21,1180,NIL
INDUS,Kalabagh,23-Jun-21,186135,178135
INDUS,Chashma,23-Jun-21,201542,184942
INDUS,Taunsa,23-Jun-21,183862,155062
INDUS,Guddu,23-Jun-21,142414,110052
INDUS,Sukkar,23-Jun-21,97460,44920
INDUS,Kotri,23-Jun-21,30325,380
JHELUM,Kotli,23-Jun-21,-,35920
JHELUM,Mangla,23-Jun-21,48000,36115
JHELUM,Rasul,23-Jun-21,33838,11895
CHENAB,Marala,23-Jun-21,34709,5000
CHENAB,Khanki,23-Jun-21,10139,2821
CHENAB,Qadirabad,23-Jun-21,20000,NIL
CHENAB,Trimmu,23-Jun-21,17925,2125
CHENAB,Punjnad,23-Jun-21,14200,NIL
RAVI,Jassar,23-Jun-21,-,1753
RAVI,Shahdara,23-Jun-21,-,20626
RAVI,Balloki,23-Jun-21,31565,3565
RAVI,Sidhnai,23-Jun-21,14879,NIL
SUTLEJ,Sulemanki,23-Jun-21,10199,NIL
SUTLEJ,Islam,23-Jun-21,1180,NIL
INDUS,Kalabagh,24-Jun-21,168591,160591
INDUS,Chashma,24-Jun-21,201996,185396
INDUS,Taunsa,24-Jun-21,181458,152910
INDUS,Guddu,24-Jun-21,142414,110052
INDUS,Sukkar,24-Jun-21,97520,44920
INDUS,Kotri,24-Jun-21,37163,653
JHELUM,Kotli,24-Jun-21,-,4240
JHELUM,Mangla,24-Jun-21,42000,36115
JHELUM,Rasul,24-Jun-21,33838,11895
CHENAB,Marala,24-Jun-21,34709,5000
CHENAB,Khanki,24-Jun-21,8273,955
CHENAB,Qadirabad,24-Jun-21,20000,NIL
CHENAB,Trimmu,24-Jun-21,18623,2823
CHENAB,Punjnad,24-Jun-21,14200,NIL
RAVI,Jassar,24-Jun-21,-,1753
RAVI,Shahdara,24-Jun-21,-,20626
RAVI,Balloki,24-Jun-21,33950,4750
RAVI,Sidhnai,24-Jun-21,14879,NIL
SUTLEJ,Sulemanki,24-Jun-21,10199,NIL
SUTLEJ,Islam,24-Jun-21,1180,NIL
INDUS,Kalabagh,24-Jun-21,194857,186857
INDUS,Chashma,24-Jun-21,207843,191453
INDUS,Taunsa,24-Jun-21,181458,152910
INDUS,Guddu,24-Jun-21,142414,110052
INDUS,Sukkar,24-Jun-21,97520,44920
INDUS,Kotri,24-Jun-21,37348,653
JHELUM,Kotli,24-Jun-21,-,4530
JHELUM,Mangla,24-Jun-21,40000,36115
JHELUM,Rasul,24-Jun-21,35743,15800
CHENAB,Marala,24-Jun-21,36075,5000
CHENAB,Khanki,24-Jun-21,8273,955
CHENAB,Qadirabad,24-Jun-21,20000,Nil
CHENAB,Trimmu,24-Jun-21,18723,2323
CHENAB,Punjnad,24-Jun-21,13379,Nil
RAVI,Jassar,24-Jun-21,-,1753
RAVI,Shahdara,24-Jun-21,-,20626
RAVI,Balloki,24-Jun-21,35150,4750
RAVI,Sidhnai,24-Jun-21,14879,Nil
SUTLEJ,Sulemanki,24-Jun-21,10199,Nil
SUTLEJ,Islam,24-Jun-21,1180,NR
INDUS,Kalabagh,24-Jun-21,185180,177180
INDUS,Chashma,24-Jun-21,205251,191359
INDUS,Taunsa,24-Jun-21,181458,152910
INDUS,Guddu,24-Jun-21,142414,110052
INDUS,Sukkar,24-Jun-21,97520,44920
INDUS,Kotri,24-Jun-21,38353,1613
JHELUM,Kotli,24-Jun-21,-,4530
JHELUM,Mangla,24-Jun-21,53000,52882
JHELUM,Rasul,24-Jun-21,41648,19705
CHENAB,Marala,24-Jun-21,36984,5909
CHENAB,Khanki,24-Jun-21,7498,NIL
CHENAB,Qadirabad,24-Jun-21,20000,NIL
CHENAB,Trimmu,24-Jun-21,17322,1422
CHENAB,Punjnad,24-Jun-21,13379,NIL
RAVI,Jassar,24-Jun-21,-,1753
RAVI,Shahdara,24-Jun-21,-,20626
RAVI,Balloki,24-Jun-21,35165,3565
RAVI,Sidhnai,24-Jun-21,14142,NIL
SUTLEJ,Sulemanki,24-Jun-21,11043,NIL
SUTLEJ,Islam,24-Jun-21,1180,NIL
INDUS,Kalabagh,24-Jun-21,178498,170498
INDUS,Chashma,24-Jun-21,205239,191369
INDUS,Taunsa,24-Jun-21,181458,152910
INDUS,Guddu,24-Jun-21,142414,110052
INDUS,Sukkar,24-Jun-21,97520,44920
INDUS,Kotri,24-Jun-21,38353,1613
JHELUM,Kotli,24-Jun-21,-,4240
JHELUM,Mangla,24-Jun-21,41000,36115
JHELUM,Rasul,24-Jun-21,33838,11895
CHENAB,Marala,24-Jun-21,42790,11715
CHENAB,Khanki,24-Jun-21,9364,1866
CHENAB,Qadirabad,24-Jun-21,20000,NIL
CHENAB,Trimmu,24-Jun-21,15800,NIL
CHENAB,Punjnad,24-Jun-21,13379,NIL
RAVI,Jassar,24-Jun-21,-,1753
RAVI,Shahdara,24-Jun-21,-,20626
RAVI,Balloki,24-Jun-21,34275,2375
RAVI,Sidhnai,24-Jun-21,14142,NIL
SUTLEJ,Sulemanki,24-Jun-21,11043,NIL
SUTLEJ,Islam,24-Jun-21,1141,NIL
INDUS,Kalabagh,25-Jun-21,151498,143498
INDUS,Chashma,25-Jun-21,204147,191537
INDUS,Taunsa,25-Jun-21,181458,152910
INDUS,Guddu,25-Jun-21,140573,108459
INDUS,Sukkar,25-Jun-21,97520,44920
INDUS,Kotri,25-Jun-21,40362,3997
JHELUM,Kotli,25-Jun-21,-,3950
JHELUM,Mangla,25-Jun-21,40000,36115
JHELUM,Rasul,25-Jun-21,33838,11895
CHENAB,Marala,25-Jun-21,42790,11715
CHENAB,Khanki,25-Jun-21,8453,955
CHENAB,Qadirabad,25-Jun-21,20000,NIL
CHENAB,Trimmu,25-Jun-21,15900,NIL
CHENAB,Punjnad,25-Jun-21,13379,NIL
RAVI,Jassar,25-Jun-21,-,1753
RAVI,Shahdara,25-Jun-21,-,21191
RAVI,Balloki,25-Jun-21,34275,2375
RAVI,Sidhnai,25-Jun-21,14142,NIL
SUTLEJ,Sulemanki,25-Jun-21,11727,NIL
SUTLEJ,Islam,25-Jun-21,1141,NIL
INDUS,Kalabagh,25-Jun-21,187090,179090
INDUS,Chashma,25-Jun-21,196673,190173
INDUS,Taunsa,25-Jun-21,179405,151175
INDUS,Guddu,25-Jun-21,136698,105861
INDUS,Sukkar,25-Jun-21,97720,44920
INDUS,Kotri,25-Jun-21,42232,3997
JHELUM,Kotli,25-Jun-21,-,2810
JHELUM,Mangla,25-Jun-21,44000,36115
JHELUM,Rasul,25-Jun-21,41648,19705
CHENAB,Marala,25-Jun-21,37100,5000
CHENAB,Khanki,25-Jun-21,11074,3732
CHENAB,Qadirabad,25-Jun-21,20000,NIL
CHENAB,Trimmu,25-Jun-21,23835,7935
CHENAB,Punjnad,25-Jun-21,11565,NIL
RAVI,Jassar,25-Jun-21,-,6353
RAVI,Shahdara,25-Jun-21,-,22322
RAVI,Balloki,25-Jun-21,35765,3565
RAVI,Sidhnai,25-Jun-21,13300,Nil
SUTLEJ,Sulemanki,25-Jun-21,12755,1137
SUTLEJ,Islam,25-Jun-21,650,NIL
INDUS,Kalabagh,25-Jun-21,179608,172408
INDUS,Chashma,25-Jun-21,197820,190070
INDUS,Taunsa,25-Jun-21,179405,151175
INDUS,Guddu,25-Jun-21,136698,105861
INDUS,Sukkar,25-Jun-21,94130,41050
INDUS,Kotri,25-Jun-21,42432,3997
JHELUM,Kotli,25-Jun-21,-,3100
JHELUM,Mangla,25-Jun-21,50000,52882
JHELUM,Rasul,25-Jun-21,37640,15800
CHENAB,Marala,25-Jun-21,38009,5909
CHENAB,Khanki,25-Jun-21,7342,NIL
CHENAB,Qadirabad,25-Jun-21,20000,NIL
CHENAB,Trimmu,25-Jun-21,24459,8559
CHENAB,Punjnad,25-Jun-21,11565,NIL
RAVI,Jassar,25-Jun-21,-,6353
RAVI,Shahdara,25-Jun-21,-,22322
RAVI,Balloki,25-Jun-21,35765,3565
RAVI,Sidhnai,25-Jun-21,13000,Nil
SUTLEJ,Sulemanki,25-Jun-21,13340,2001
SUTLEJ,Islam,25-Jun-21,650,NIL
INDUS,Kalabagh,25-Jun-21,179208,172408
INDUS,Chashma,25-Jun-21,199120,189870
INDUS,Taunsa,25-Jun-21,179405,151175
INDUS,Guddu,25-Jun-21,136698,105861
INDUS,Sukkar,25-Jun-21,94130,41050
INDUS,Kotri,25-Jun-21,42432,3997
JHELUM,Kotli,25-Jun-21,-,3380
JHELUM,Mangla,25-Jun-21,42000,56222
JHELUM,Rasul,25-Jun-21,41648,19705
CHENAB,Marala,25-Jun-21,38309,5909
CHENAB,Khanki,25-Jun-21,10259,2821
CHENAB,Qadirabad,25-Jun-21,20000,NIL
CHENAB,Trimmu,25-Jun-21,24458,8558
CHENAB,Punjnad,25-Jun-21,9683,NIL
RAVI,Jassar,25-Jun-21,-,7101
RAVI,Shahdara,25-Jun-21,-,22322
RAVI,Balloki,25-Jun-21,35765,3565
RAVI,Sidhnai,25-Jun-21,13000,Nil
SUTLEJ,Sulemanki,25-Jun-21,13340,2001
SUTLEJ,Islam,25-Jun-21,650,NIL
INDUS,Kalabagh,26-Jun-21,180408,172408
INDUS,Chashma,26-Jun-21,197287,189797
INDUS,Taunsa,26-Jun-21,179405,151175
INDUS,Guddu,26-Jun-21,136699,105861
INDUS,Sukkar,26-Jun-21,97720,44920
INDUS,Kotri,26-Jun-21,41672,3997
JHELUM,Kotli,26-Jun-21,-,3100
JHELUM,Mangla,26-Jun-21,43000,36115
JHELUM,Rasul,26-Jun-21,33838,11895
CHENAB,Marala,26-Jun-21,38009,5909
CHENAB,Khanki,26-Jun-21,10319,2821
CHENAB,Qadirabad,26-Jun-21,20000,NIL
CHENAB,Trimmu,26-Jun-21,23835,7935
CHENAB,Punjnad,26-Jun-21,12699,NIL
RAVI,Jassar,26-Jun-21,-,1847
RAVI,Shahdara,26-Jun-21,-,22322
RAVI,Balloki,26-Jun-21,35175,2975
RAVI,Sidhnai,26-Jun-21,13300,NIL
SUTLEJ,Sulemanki,26-Jun-21,12755,1137
SUTLEJ,Islam,26-Jun-21,650,NIL
INDUS,Kalabagh,26-Jun-21,187090,179090
INDUS,Chashma,26-Jun-21,196673,190173
INDUS,Taunsa,26-Jun-21,179405,151175
INDUS,Guddu,26-Jun-21,136698,105861
INDUS,Sukkar,26-Jun-21,97720,44920
INDUS,Kotri,26-Jun-21,42232,3997
JHELUM,Kotli,26-Jun-21,-,2810
JHELUM,Mangla,26-Jun-21,44000,36115
JHELUM,Rasul,26-Jun-21,41648,19705
CHENAB,Marala,26-Jun-21,37100,5000
CHENAB,Khanki,26-Jun-21,11074,3732
CHENAB,Qadirabad,26-Jun-21,20000,NIL
CHENAB,Trimmu,26-Jun-21,23835,7935
CHENAB,Punjnad,26-Jun-21,11565,NIL
RAVI,Jassar,26-Jun-21,-,6353
RAVI,Shahdara,26-Jun-21,-,22322
RAVI,Balloki,26-Jun-21,35765,3565
RAVI,Sidhnai,26-Jun-21,13300,Nil
SUTLEJ,Sulemanki,26-Jun-21,12755,1137
SUTLEJ,Islam,26-Jun-21,650,NIL
INDUS,Kalabagh,26-Jun-21,179608,172408
INDUS,Chashma,26-Jun-21,197820,190070
INDUS,Taunsa,26-Jun-21,179405,151175
INDUS,Guddu,26-Jun-21,136698,105861
INDUS,Sukkar,26-Jun-21,94130,41050
INDUS,Kotri,26-Jun-21,42432,3997
JHELUM,Kotli,26-Jun-21,-,3100
JHELUM,Mangla,26-Jun-21,50000,52882
JHELUM,Rasul,26-Jun-21,37640,15800
CHENAB,Marala,26-Jun-21,38009,5909
CHENAB,Khanki,26-Jun-21,7342,NIL
CHENAB,Qadirabad,26-Jun-21,20000,NIL
CHENAB,Trimmu,26-Jun-21,24459,8559
CHENAB,Punjnad,26-Jun-21,11565,NIL
RAVI,Jassar,26-Jun-21,-,6353
RAVI,Shahdara,26-Jun-21,-,22322
RAVI,Balloki,26-Jun-21,35765,3565
RAVI,Sidhnai,26-Jun-21,13000,Nil
SUTLEJ,Sulemanki,26-Jun-21,13340,2001
SUTLEJ,Islam,26-Jun-21,650,NIL
INDUS,Kalabagh,26-Jun-21,179208,172408
INDUS,Chashma,26-Jun-21,199120,189870
INDUS,Taunsa,26-Jun-21,179405,151175
INDUS,Guddu,26-Jun-21,136698,105861
INDUS,Sukkar,26-Jun-21,94130,41050
INDUS,Kotri,26-Jun-21,42432,3997
JHELUM,Kotli,26-Jun-21,-,3380
JHELUM,Mangla,26-Jun-21,42000,56222
JHELUM,Rasul,26-Jun-21,41648,19705
CHENAB,Marala,26-Jun-21,38309,5909
CHENAB,Khanki,26-Jun-21,10259,2821
CHENAB,Qadirabad,26-Jun-21,20000,NIL
CHENAB,Trimmu,26-Jun-21,24458,8558
CHENAB,Punjnad,26-Jun-21,9683,NIL
RAVI,Jassar,26-Jun-21,-,7101
RAVI,Shahdara,26-Jun-21,-,22322
RAVI,Balloki,26-Jun-21,35765,3565
RAVI,Sidhnai,26-Jun-21,13000,Nil
SUTLEJ,Sulemanki,26-Jun-21,13340,2001
SUTLEJ,Islam,26-Jun-21,650,NIL
INDUS,Kalabagh,27-Jun-21,177453,171453
INDUS,Chashma,27-Jun-21,199330,189830
INDUS,Taunsa,27-Jun-21,180874,152416
INDUS,Guddu,27-Jun-21,134914,101123
INDUS,Sukkar,27-Jun-21,93200,39640
INDUS,Kotri,27-Jun-21,42420,2035
JHELUM,Kotli,27-Jun-21,-,3100
JHELUM,Mangla,27-Jun-21,42000,36115
JHELUM,Rasul,27-Jun-21,41648,19705
CHENAB,Marala,27-Jun-21,38309,5909
CHENAB,Khanki,27-Jun-21,9304,1866
CHENAB,Qadirabad,27-Jun-21,20000,NIL
CHENAB,Trimmu,27-Jun-21,24459,8559
CHENAB,Punjnad,27-Jun-21,9683,NIL
RAVI,Jassar,27-Jun-21,-,7101
RAVI,Shahdara,27-Jun-21,-,21756
RAVI,Balloki,27-Jun-21,36355,4155
RAVI,Sidhnai,27-Jun-21,13000,Nil
SUTLEJ,Sulemanki,27-Jun-21,12556,2001
SUTLEJ,Islam,27-Jun-21,650,NIL
INDUS,Kalabagh,27-Jun-21,184135,178135
INDUS,Chashma,27-Jun-21,199283,189783
INDUS,Taunsa,27-Jun-21,180874,152416
INDUS,Guddu,27-Jun-21,133305,98364
INDUS,Sukkar,27-Jun-21,93200,39640
INDUS,Kotri,27-Jun-21,42420,1615
JHELUM,Kotli,27-Jun-21,-,2810
JHELUM,Mangla,27-Jun-21,44000,36115
JHELUM,Rasul,27-Jun-21,33838,11895
CHENAB,Marala,27-Jun-21,38309,5909
CHENAB,Khanki,27-Jun-21,7438,Nil
CHENAB,Qadirabad,27-Jun-21,20000,NIL
CHENAB,Trimmu,27-Jun-21,22541,6641
CHENAB,Punjnad,27-Jun-21,9683,NIL
RAVI,Jassar,27-Jun-21,-,4154
RAVI,Shahdara,27-Jun-21,-,21756
RAVI,Balloki,27-Jun-21,36355,4155
RAVI,Sidhnai,27-Jun-21,13600,Nil
SUTLEJ,Sulemanki,27-Jun-21,12556,2001
SUTLEJ,Islam,27-Jun-21,650,NIL
INDUS,Kalabagh,27-Jun-21,167546,161546
INDUS,Chashma,27-Jun-21,199867,190367
INDUS,Taunsa,27-Jun-21,180874,152416
INDUS,Guddu,27-Jun-21,134166,98925
INDUS,Sukkar,27-Jun-21,93200,39640
INDUS,Kotri,27-Jun-21,42420,1615
JHELUM,Kotli,27-Jun-21,-,2520
JHELUM,Mangla,27-Jun-21,45000,52882
JHELUM,Rasul,27-Jun-21,45553,23610
CHENAB,Marala,27-Jun-21,38309,5909
CHENAB,Khanki,27-Jun-21,10259,2821
CHENAB,Qadirabad,27-Jun-21,20000,NIL
CHENAB,Trimmu,27-Jun-21,21303,5403
CHENAB,Punjnad,27-Jun-21,9683,NIL
RAVI,Jassar,27-Jun-21,-,4154
RAVI,Shahdara,27-Jun-21,-,21756
RAVI,Balloki,27-Jun-21,36355,4155
RAVI,Sidhnai,27-Jun-21,14000,Nil
SUTLEJ,Sulemanki,27-Jun-21,12620,2001
SUTLEJ,Islam,27-Jun-21,650,NIL
INDUS,Kalabagh,27-Jun-21,167546,161546
INDUS,Chashma,27-Jun-21,199555,190055
INDUS,Taunsa,27-Jun-21,180874,152416
INDUS,Guddu,27-Jun-21,134166,98925
INDUS,Sukkar,27-Jun-21,93200,39640
INDUS,Kotri,27-Jun-21,42420,1615
JHELUM,Kotli,27-Jun-21,-,2520
JHELUM,Mangla,27-Jun-21,43000,52882
JHELUM,Rasul,27-Jun-21,45553,23610
CHENAB,Marala,27-Jun-21,36163,5000
CHENAB,Khanki,27-Jun-21,8393,955
CHENAB,Qadirabad,27-Jun-21,20000,NIL
CHENAB,Trimmu,27-Jun-21,20152,4052
CHENAB,Punjnad,27-Jun-21,9683,NIL
RAVI,Jassar,27-Jun-21,-,4154
RAVI,Shahdara,27-Jun-21,-,21756
RAVI,Balloki,27-Jun-21,36355,4155
RAVI,Sidhnai,27-Jun-21,14000,Nil
SUTLEJ,Sulemanki,27-Jun-21,12620,2001
SUTLEJ,Islam,27-Jun-21,650,NIL
INDUS,Kalabagh,28-Jun-21,166591,160591
INDUS,Chashma,28-Jun-21,200115,190615
INDUS,Taunsa,28-Jun-21,180874,152416
INDUS,Guddu,28-Jun-21,134166,98925
INDUS,Sukkar,28-Jun-21,93200,39640
INDUS,Kotri,28-Jun-21,42420,1615
JHELUM,Kotli,28-Jun-21,-,2240
JHELUM,Mangla,28-Jun-21,39000,48151
JHELUM,Rasul,28-Jun-21,33838,11895
CHENAB,Marala,28-Jun-21,36163,5000
CHENAB,Khanki,28-Jun-21,7438,NIL
CHENAB,Qadirabad,28-Jun-21,20000,NIL
CHENAB,Trimmu,28-Jun-21,18923,2823
CHENAB,Punjnad,28-Jun-21,9683,NIL
RAVI,Jassar,28-Jun-21,-,4154
RAVI,Shahdara,28-Jun-21,-,24755
RAVI,Balloki,28-Jun-21,36355,4155
RAVI,Sidhnai,28-Jun-21,15060,Nil
SUTLEJ,Sulemanki,28-Jun-21,12620,2001
SUTLEJ,Islam,28-Jun-21,650,NIL
INDUS,Kalabagh,28-Jun-21,176498,170498
INDUS,Chashma,28-Jun-21,179467,171087
INDUS,Taunsa,28-Jun-21,180874,152416
INDUS,Guddu,28-Jun-21,134272,98925
INDUS,Sukkar,28-Jun-21,89003,37238
INDUS,Kotri,28-Jun-21,42425,1560
JHELUM,Kotli,28-Jun-21,-,2520
JHELUM,Mangla,28-Jun-21,40000,36115
JHELUM,Rasul,28-Jun-21,41648,19705
CHENAB,Marala,28-Jun-21,31312,5000
CHENAB,Khanki,28-Jun-21,8393,955
CHENAB,Qadirabad,28-Jun-21,20000,Nil
CHENAB,Trimmu,28-Jun-21,18923,2823
CHENAB,Punjnad,28-Jun-21,9683,Nil
RAVI,Jassar,28-Jun-21,-,3141
RAVI,Shahdara,28-Jun-21,-,24755
RAVI,Balloki,28-Jun-21,36355,4155
RAVI,Sidhnai,28-Jun-21,15060,Nil
SUTLEJ,Sulemanki,28-Jun-21,12620,2001
SUTLEJ,Islam,28-Jun-21,650,Nill
INDUS,Kalabagh,28-Jun-21,168552,162552
INDUS,Chashma,28-Jun-21,180902,171402
INDUS,Taunsa,28-Jun-21,180874,152416
INDUS,Guddu,28-Jun-21,134272,98925
INDUS,Sukkar,28-Jun-21,89003,37238
INDUS,Kotri,28-Jun-21,42425,1560
JHELUM,Kotli,28-Jun-21,-,2240
JHELUM,Mangla,28-Jun-21,35000,52882
JHELUM,Rasul,28-Jun-21,45553,23610
CHENAB,Marala,28-Jun-21,31312,5000
CHENAB,Khanki,28-Jun-21,8393,955
CHENAB,Qadirabad,28-Jun-21,20000,NIL
CHENAB,Trimmu,28-Jun-21,18241,2141
CHENAB,Punjnad,28-Jun-21,9683,NIL
RAVI,Jassar,28-Jun-21,-,3141
RAVI,Shahdara,28-Jun-21,-,24755
RAVI,Balloki,28-Jun-21,36455,4155
RAVI,Sidhnai,28-Jun-21,15060,NIL
SUTLEJ,Sulemanki,28-Jun-21,12620,2001
SUTLEJ,Islam,28-Jun-21,650,NIL
INDUS,Kalabagh,28-Jun-21,165458,159458
INDUS,Chashma,28-Jun-21,179844,170344
INDUS,Taunsa,28-Jun-21,180874,152416
INDUS,Guddu,28-Jun-21,134272,98925
INDUS,Sukkar,28-Jun-21,89003,37238
INDUS,Kotri,28-Jun-21,42425,1560
JHELUM,Kotli,28-Jun-21,-,2240
JHELUM,Mangla,28-Jun-21,37000,65174
JHELUM,Rasul,28-Jun-21,45553,23610
CHENAB,Marala,28-Jun-21,31312,5000
CHENAB,Khanki,28-Jun-21,7583,NIL
CHENAB,Qadirabad,28-Jun-21,20000,Nil
CHENAB,Trimmu,28-Jun-21,19615,3515
CHENAB,Punjnad,28-Jun-21,8722,Nil
RAVI,Jassar,28-Jun-21,-,3141
RAVI,Shahdara,28-Jun-21,-,24755
RAVI,Balloki,28-Jun-21,36455,4155
RAVI,Sidhnai,28-Jun-21,15060,Nil
SUTLEJ,Sulemanki,28-Jun-21,12620,2001
SUTLEJ,Islam,28-Jun-21,650,Nill
INDUS,Kalabagh,29-Jun-21,186828,180828
INDUS,Chashma,29-Jun-21,181376,171876
INDUS,Taunsa,29-Jun-21,182433,153733
INDUS,Guddu,29-Jun-21,133347,98000
INDUS,Sukkar,29-Jun-21,88565,36750
INDUS,Kotri,29-Jun-21,42425,1560
JHELUM,Kotli,29-Jun-21,-,1950
JHELUM,Mangla,29-Jun-21,39000,51961
JHELUM,Rasul,29-Jun-21,37743,15800
CHENAB,Marala,29-Jun-21,31312,5000
CHENAB,Khanki,29-Jun-21,7583,NIL
CHENAB,Qadirabad,29-Jun-21,20000,Nil
CHENAB,Trimmu,29-Jun-21,18441,3515
CHENAB,Punjnad,29-Jun-21,8722,Nil
RAVI,Jassar,29-Jun-21,-,3141
RAVI,Shahdara,29-Jun-21,-,21756
RAVI,Balloki,29-Jun-21,37050,4750
RAVI,Sidhnai,29-Jun-21,15060,Nil
SUTLEJ,Sulemanki,29-Jun-21,12620,2001
SUTLEJ,Islam,29-Jun-21,650,Nil
INDUS,Kalabagh,29-Jun-21,156147,150147
INDUS,Chashma,29-Jun-21,172494,162994
INDUS,Taunsa,29-Jun-21,182433,153733
INDUS,Guddu,29-Jun-21,133347,98000
INDUS,Sukkar,29-Jun-21,88565,36750
INDUS,Kotri,29-Jun-21,42425,1560
JHELUM,Kotli,29-Jun-21,-,2240
JHELUM,Mangla,29-Jun-21,37000,36115
JHELUM,Rasul,29-Jun-21,37743,15800
CHENAB,Marala,29-Jun-21,39128,11715
CHENAB,Khanki,29-Jun-21,7583,Nil
CHENAB,Qadirabad,29-Jun-21,19000,Nil
CHENAB,Trimmu,29-Jun-21,18662,3515
CHENAB,Punjnad,29-Jun-21,8722,Nil
RAVI,Jassar,29-Jun-21,-,3901
RAVI,Shahdara,29-Jun-21,-,21756
RAVI,Balloki,29-Jun-21,37050,4750
RAVI,Sidhnai,29-Jun-21,15381,Nil
SUTLEJ,Sulemanki,29-Jun-21,12620,2001
SUTLEJ,Islam,29-Jun-21,650,Nill
INDUS,Kalabagh,29-Jun-21,156147,150147
INDUS,Chashma,29-Jun-21,172471,162971
INDUS,Taunsa,29-Jun-21,182433,153733
INDUS,Guddu,29-Jun-21,133347,98000
INDUS,Sukkar,29-Jun-21,88565,36750
INDUS,Kotri,29-Jun-21,42425,1560
JHELUM,Kotli,29-Jun-21,-,1950
JHELUM,Mangla,29-Jun-21,36000,64060
JHELUM,Rasul,29-Jun-21,53363,31420
CHENAB,Marala,29-Jun-21,34688,5909
CHENAB,Khanki,29-Jun-21,7583,NIL
CHENAB,Qadirabad,29-Jun-21,18500,NIL
CHENAB,Trimmu,29-Jun-21,18884,3515
CHENAB,Punjnad,29-Jun-21,8722,NIL
RAVI,Jassar,29-Jun-21,-,3901
RAVI,Shahdara,29-Jun-21,-,21756
RAVI,Balloki,29-Jun-21,37050,4750
RAVI,Sidhnai,29-Jun-21,13900,NIL
SUTLEJ,Sulemanki,29-Jun-21,13285,2001
SUTLEJ,Islam,29-Jun-21,650,NIL
INDUS,Kalabagh,29-Jun-21,165458,159458
INDUS,Chashma,29-Jun-21,172339,162839
INDUS,Taunsa,29-Jun-21,182433,153733
INDUS,Guddu,29-Jun-21,133347,98000
INDUS,Sukkar,29-Jun-21,88565,36750
INDUS,Kotri,29-Jun-21,42425,1560
JHELUM,Kotli,29-Jun-21,-,2240
JHELUM,Mangla,29-Jun-21,39000,64060
JHELUM,Rasul,29-Jun-21,41648,19705
CHENAB,Marala,29-Jun-21,46554,16360
CHENAB,Khanki,29-Jun-21,10452,2821
CHENAB,Qadirabad,29-Jun-21,18500,NIL
CHENAB,Trimmu,29-Jun-21,18768,3542
CHENAB,Punjnad,29-Jun-21,8722,NIL
RAVI,Jassar,29-Jun-21,-,3901
RAVI,Shahdara,29-Jun-21,-,21756
RAVI,Balloki,29-Jun-21,36455,4155
RAVI,Sidhnai,29-Jun-21,13900,NIL
SUTLEJ,Sulemanki,29-Jun-21,13285,2001
SUTLEJ,Islam,29-Jun-21,650,NIL
INDUS,Kalabagh,30-Jun-21,167368,161368
INDUS,Chashma,30-Jun-21,172606,163106
INDUS,Taunsa,30-Jun-21,182433,153733
INDUS,Guddu,30-Jun-21,133347,98000
INDUS,Sukkar,30-Jun-21,88620,36555
INDUS,Kotri,30-Jun-21,42425,1560
JHELUM,Kotli,30-Jun-21,-,2240
JHELUM,Mangla,30-Jun-21,40000,45215
JHELUM,Rasul,30-Jun-21,37743,15800
CHENAB,Marala,30-Jun-21,48016,16360
CHENAB,Khanki,30-Jun-21,13229,5598
CHENAB,Qadirabad,30-Jun-21,19625,NIL
CHENAB,Trimmu,30-Jun-21,18768,3542
CHENAB,Punjnad,30-Jun-21,8722,NIL
RAVI,Jassar,30-Jun-21,-,3901
RAVI,Shahdara,30-Jun-21,-,21756
RAVI,Balloki,30-Jun-21,35865,3565
RAVI,Sidhnai,30-Jun-21,14700,NIL
SUTLEJ,Sulemanki,30-Jun-21,13211,2001
SUTLEJ,Islam,30-Jun-21,650,NIL
INDUS,Kalabagh,30-Jun-21,167368,161368
INDUS,Chashma,30-Jun-21,172598,162998
INDUS,Taunsa,30-Jun-21,182433,153733
INDUS,Guddu,30-Jun-21,133347,98000
INDUS,Sukkar,30-Jun-21,88620,36555
INDUS,Kotri,30-Jun-21,42425,1560
JHELUM,Kotli,30-Jun-21,-,1950
JHELUM,Mangla,30-Jun-21,40000,36115
JHELUM,Rasul,30-Jun-21,53363,31420
CHENAB,Marala,30-Jun-21,41212,8812
CHENAB,Khanki,30-Jun-21,11363,3732
CHENAB,Qadirabad,30-Jun-21,20000,Nil
CHENAB,Trimmu,30-Jun-21,19267,3542
CHENAB,Punjnad,30-Jun-21,10231,Nil
RAVI,Jassar,30-Jun-21,-,11454
RAVI,Shahdara,30-Jun-21,-,23452
RAVI,Balloki,30-Jun-21,35865,3565
RAVI,Sidhnai,30-Jun-21,14700,Nil
SUTLEJ,Sulemanki,30-Jun-21,13211,2001
SUTLEJ,Islam,30-Jun-21,650,Nil
INDUS,Kalabagh,30-Jun-21,156147,150147
INDUS,Chashma,30-Jun-21,172579,162979
INDUS,Taunsa,30-Jun-21,182433,153733
INDUS,Guddu,30-Jun-21,133347,98000
INDUS,Sukkar,30-Jun-21,88620,36555
INDUS,Kotri,30-Jun-21,42425,1560
JHELUM,Kotli,30-Jun-21,-,1950
JHELUM,Mangla,30-Jun-21,45000,36720
JHELUM,Rasul,30-Jun-21,53363,31420
CHENAB,Marala,30-Jun-21,54692,22192
CHENAB,Khanki,30-Jun-21,25068,17437
CHENAB,Qadirabad,30-Jun-21,22908,2908
CHENAB,Trimmu,30-Jun-21,19942,3542
CHENAB,Punjnad,30-Jun-21,10231,NIL
RAVI,Jassar,30-Jun-21,-,11081
RAVI,Shahdara,30-Jun-21,-,24104
RAVI,Balloki,30-Jun-21,32675,2375
RAVI,Sidhnai,30-Jun-21,14304,NIL
SUTLEJ,Sulemanki,30-Jun-21,12906,2001
SUTLEJ,Islam,30-Jun-21,650,NIL
INDUS,Kalabagh,30-Jun-21,156147,150147
INDUS,Chashma,30-Jun-21,172341,162741
INDUS,Taunsa,30-Jun-21,180151,151805
INDUS,Guddu,30-Jun-21,133347,98000
INDUS,Sukkar,30-Jun-21,88620,36555
INDUS,Kotri,30-Jun-21,42425,1560
JHELUM,Kotli,30-Jun-21,-,2240
JHELUM,Mangla,30-Jun-21,42000,36720
JHELUM,Rasul,30-Jun-21,53260,31420
CHENAB,Marala,30-Jun-21,58372,25572
CHENAB,Khanki,30-Jun-21,20561,12930
CHENAB,Qadirabad,30-Jun-21,32635,12635
CHENAB,Trimmu,30-Jun-21,19942,3542
CHENAB,Punjnad,30-Jun-21,10231,NIL
RAVI,Jassar,30-Jun-21,-,9219
RAVI,Shahdara,30-Jun-21,-,24104
RAVI,Balloki,30-Jun-21,30376,1780
RAVI,Sidhnai,30-Jun-21,14304,NIL
SUTLEJ,Sulemanki,30-Jun-21,12906,2001
SUTLEJ,Islam,30-Jun-21,650,NIL
INDUS,Kalabagh,01-Jul-21,157382,151382
INDUS,Chashma,01-Jul-21,173064,163464
INDUS,Taunsa,01-Jul-21,180151,151805
INDUS,Guddu,01-Jul-21,133347,98000
INDUS,Sukkar,01-Jul-21,88620,36555
INDUS,Kotri,01-Jul-21,42425,1560
JHELUM,Kotli,01-Jul-21,-,1950
JHELUM,Mangla,01-Jul-21,42000,38095
JHELUM,Rasul,01-Jul-21,37640,15800
CHENAB,Marala,01-Jul-21,58372,25572
CHENAB,Khanki,01-Jul-21,10452,2821
CHENAB,Qadirabad,01-Jul-21,32635,12635
CHENAB,Trimmu,01-Jul-21,19942,3542
CHENAB,Punjnad,01-Jul-21,10231,NIL
RAVI,Jassar,01-Jul-21,-,9219
RAVI,Shahdara,01-Jul-21,-,26711
RAVI,Balloki,01-Jul-21,30376,1780
RAVI,Sidhnai,01-Jul-21,15045,NIL
SUTLEJ,Sulemanki,01-Jul-21,13261,2001
SUTLEJ,Islam,01-Jul-21,500,NIL
INDUS,Kalabagh,01-Jul-21,165458,159458
INDUS,Chashma,01-Jul-21,171361,162999
INDUS,Taunsa,01-Jul-21,170943,144024
INDUS,Guddu,01-Jul-21,133347,98000
INDUS,Sukkar,01-Jul-21,88620,36555
INDUS,Kotri,01-Jul-21,42425,1560
JHELUM,Kotli,01-Jul-21,-,2240
JHELUM,Mangla,01-Jul-21,45000,36115
JHELUM,Rasul,01-Jul-21,49355,27515
CHENAB,Marala,01-Jul-21,49772,17192
CHENAB,Khanki,01-Jul-21,24174,16347
CHENAB,Qadirabad,01-Jul-21,25686,5686
CHENAB,Trimmu,01-Jul-21,19942,3542
CHENAB,Punjnad,01-Jul-21,10929,Nil
RAVI,Jassar,01-Jul-21,-,5676
RAVI,Shahdara,01-Jul-21,-,26711
RAVI,Balloki,01-Jul-21,30607,1700
RAVI,Sidhnai,01-Jul-21,15045,Nil
SUTLEJ,Sulemanki,01-Jul-21,13211,2001
SUTLEJ,Islam,01-Jul-21,500,Nil
INDUS,Kalabagh,01-Jul-21,156147,150147
INDUS,Chashma,01-Jul-21,179670,170070
INDUS,Taunsa,01-Jul-21,170943,144024
INDUS,Guddu,01-Jul-21,133347,98000
INDUS,Sukkar,01-Jul-21,88620,36555
INDUS,Kotri,01-Jul-21,42425,1560
JHELUM,Kotli,01-Jul-21,-,2240
JHELUM,Mangla,01-Jul-21,42000,52678
JHELUM,Rasul,01-Jul-21,53260,31420
CHENAB,Marala,01-Jul-21,62562,29762
CHENAB,Khanki,01-Jul-21,26322,18495
CHENAB,Qadirabad,01-Jul-21,33856,13856
CHENAB,Trimmu,01-Jul-21,23330,7030
CHENAB,Punjnad,01-Jul-21,10929,NIL
RAVI,Jassar,01-Jul-21,-,5676
RAVI,Shahdara,01-Jul-21,-,26711
RAVI,Balloki,01-Jul-21,32675,3565
RAVI,Sidhnai,01-Jul-21,15900,NIL
SUTLEJ,Sulemanki,01-Jul-21,13509,2001
SUTLEJ,Islam,01-Jul-21,500,NIL
INDUS,Kalabagh,01-Jul-21,165458,159458
INDUS,Chashma,01-Jul-21,180038,170438
INDUS,Taunsa,01-Jul-21,166870,140583
INDUS,Guddu,01-Jul-21,133347,98000
INDUS,Sukkar,01-Jul-21,88620,36555
INDUS,Kotri,01-Jul-21,42425,1560
JHELUM,Kotli,01-Jul-21,-,2240
JHELUM,Mangla,01-Jul-21,45000,36115
JHELUM,Rasul,01-Jul-21,45450,23610
CHENAB,Marala,01-Jul-21,67052,33952
CHENAB,Khanki,01-Jul-21,29463,21636
CHENAB,Qadirabad,01-Jul-21,37770,17770
CHENAB,Trimmu,01-Jul-21,23330,7030
CHENAB,Punjnad,01-Jul-21,10431,NIL
RAVI,Jassar,01-Jul-21,-,5676
RAVI,Shahdara,01-Jul-21,-,26711
RAVI,Balloki,01-Jul-21,32675,3565
RAVI,Sidhnai,01-Jul-21,15900,NIL
SUTLEJ,Sulemanki,01-Jul-21,13509,2001
SUTLEJ,Islam,01-Jul-21,500,NIL
INDUS,Kalabagh,02-Jul-21,156427,150427
INDUS,Chashma,02-Jul-21,179669,170069
INDUS,Taunsa,02-Jul-21,166870,140583
INDUS,Guddu,02-Jul-21,134000,98153
INDUS,Sukkar,02-Jul-21,88620,36555
INDUS,Kotri,02-Jul-21,42425,1560
JHELUM,Kotli,02-Jul-21,-,2240
JHELUM,Mangla,02-Jul-21,44000,36115
JHELUM,Rasul,02-Jul-21,34350,11895
CHENAB,Marala,02-Jul-21,67052,33952
CHENAB,Khanki,02-Jul-21,25264,17437
CHENAB,Qadirabad,02-Jul-21,37770,17770
CHENAB,Trimmu,02-Jul-21,23330,7030
CHENAB,Punjnad,02-Jul-21,10431,NIL
RAVI,Jassar,02-Jul-21,-,5676
RAVI,Shahdara,02-Jul-21,-,26711
RAVI,Balloki,02-Jul-21,33860,4750
RAVI,Sidhnai,02-Jul-21,15381,NIL
SUTLEJ,Sulemanki,02-Jul-21,13764,2001
SUTLEJ,Islam,02-Jul-21,500,NIL
INDUS,Kalabagh,02-Jul-21,165458,159458
INDUS,Chashma,02-Jul-21,176435,168073
INDUS,Taunsa,02-Jul-21,164093,138236
INDUS,Guddu,02-Jul-21,134000,98153
INDUS,Sukkar,02-Jul-21,88620,36555
INDUS,Kotri,02-Jul-21,42425,1560
JHELUM,Kotli,02-Jul-21,-,2810
JHELUM,Mangla,02-Jul-21,45000,36115
JHELUM,Rasul,02-Jul-21,42365,19705
CHENAB,Marala,02-Jul-21,58672,25572
CHENAB,Khanki,02-Jul-21,29512,21636
CHENAB,Qadirabad,02-Jul-21,40434,20434
CHENAB,Trimmu,02-Jul-21,23330,7030
CHENAB,Punjnad,02-Jul-21,9037,Nil
RAVI,Jassar,02-Jul-21,-,5337
RAVI,Shahdara,02-Jul-21,-,26711
RAVI,Balloki,02-Jul-21,33810,4750
RAVI,Sidhnai,02-Jul-21,15900,Nil
SUTLEJ,Sulemanki,02-Jul-21,13764,2001
SUTLEJ,Islam,02-Jul-21,530,Nil
INDUS,Kalabagh,02-Jul-21,156427,150427
INDUS,Chashma,02-Jul-21,179669,170069
INDUS,Taunsa,02-Jul-21,163993,138236
INDUS,Guddu,02-Jul-21,133203,97610
INDUS,Sukkar,02-Jul-21,88620,36555
INDUS,Kotri,02-Jul-21,42425,1560
JHELUM,Kotli,02-Jul-21,-,2240
JHELUM,Mangla,02-Jul-21,44000,36115
JHELUM,Rasul,02-Jul-21,42570,19705
CHENAB,Marala,02-Jul-21,58672,25572
CHENAB,Khanki,02-Jul-21,33616,25740
CHENAB,Qadirabad,02-Jul-21,36455,16455
CHENAB,Trimmu,02-Jul-21,2557,9257
CHENAB,Punjnad,02-Jul-21,8691,NIL
RAVI,Jassar,02-Jul-21,-,5337
RAVI,Shahdara,02-Jul-21,-,26711
RAVI,Balloki,02-Jul-21,33810,4750
RAVI,Sidhnai,02-Jul-21,14714,NIL
SUTLEJ,Sulemanki,02-Jul-21,13764,2001
SUTLEJ,Islam,02-Jul-21,530,NIL
INDUS,Kalabagh,02-Jul-21,157382,151382
INDUS,Chashma,02-Jul-21,183190,173591
INDUS,Taunsa,02-Jul-21,163993,138236
INDUS,Guddu,02-Jul-21,133203,97610
INDUS,Sukkar,02-Jul-21,88620,36555
INDUS,Kotri,02-Jul-21,42425,1560
JHELUM,Kotli,02-Jul-21,-,2520
JHELUM,Mangla,02-Jul-21,42000,29115
JHELUM,Rasul,02-Jul-21,42570,19705
CHENAB,Marala,02-Jul-21,58972,25572
CHENAB,Khanki,02-Jul-21,31428,23650
CHENAB,Qadirabad,02-Jul-21,43083,23083
CHENAB,Trimmu,02-Jul-21,25457,9257
CHENAB,Punjnad,02-Jul-21,8691,NIL
RAVI,Jassar,02-Jul-21,-,5337
RAVI,Shahdara,02-Jul-21,-,26711
RAVI,Balloki,02-Jul-21,33810,4750
RAVI,Sidhnai,02-Jul-21,14714,NIL
SUTLEJ,Sulemanki,02-Jul-21,13764,2001
SUTLEJ,Islam,02-Jul-21,530,NIL
INDUS,Kalabagh,03-Jul-21,164504,158504
INDUS,Chashma,03-Jul-21,184470,175990
INDUS,Taunsa,03-Jul-21,157023,138298
INDUS,Guddu,03-Jul-21,129129,94390
INDUS,Sukkar,03-Jul-21,88605,36555
INDUS,Kotri,03-Jul-21,40945,1060
JHELUM,Kotli,03-Jul-21,-,3380
JHELUM,Mangla,03-Jul-21,43000,18015
JHELUM,Rasul,03-Jul-21,29933,7990
CHENAB,Marala,03-Jul-21,58972,25572
CHENAB,Khanki,03-Jul-21,27306,19528
CHENAB,Qadirabad,03-Jul-21,43083,23083
CHENAB,Trimmu,03-Jul-21,26688,10488
CHENAB,Punjnad,03-Jul-21,8691,NIL
RAVI,Jassar,03-Jul-21,-,5337
RAVI,Shahdara,03-Jul-21,-,26059
RAVI,Balloki,03-Jul-21,33810,4750
RAVI,Sidhnai,03-Jul-21,14714,NIL
SUTLEJ,Sulemanki,03-Jul-21,14088,2001
SUTLEJ,Islam,03-Jul-21,530,NIL
INDUS,Kalabagh,03-Jul-21,176116,170116
INDUS,Chashma,03-Jul-21,180589,172017
INDUS,Taunsa,03-Jul-21,157023,138298
INDUS,Guddu,03-Jul-21,129129,94390
INDUS,Sukkar,03-Jul-21,88605,36555
INDUS,Kotri,03-Jul-21,40945,1060
JHELUM,Kotli,03-Jul-21,-,5960
JHELUM,Mangla,03-Jul-21,43000,33315
JHELUM,Rasul,03-Jul-21,30035,7990
CHENAB,Marala,03-Jul-21,50592,17192
CHENAB,Khanki,03-Jul-21,35222,27444
CHENAB,Qadirabad,03-Jul-21,43083,23083
CHENAB,Trimmu,03-Jul-21,26688,10488
CHENAB,Punjnad,03-Jul-21,9037,NIL
RAVI,Jassar,03-Jul-21,-,6014
RAVI,Shahdara,03-Jul-21,-,26059
RAVI,Balloki,03-Jul-21,35000,5940
RAVI,Sidhnai,03-Jul-21,14714,Nil
SUTLEJ,Sulemanki,03-Jul-21,14088,2001
SUTLEJ,Islam,03-Jul-21,530,NIL
INDUS,Kalabagh,03-Jul-21,155473,149473
INDUS,Chashma,03-Jul-21,181540,171940
INDUS,Taunsa,03-Jul-21,157023,138298
INDUS,Guddu,03-Jul-21,124727,91917
INDUS,Sukkar,03-Jul-21,88605,36555
INDUS,Kotri,03-Jul-21,40580,1050
JHELUM,Kotli,03-Jul-21,-,5380
JHELUM,Mangla,03-Jul-21,42000,26315
JHELUM,Rasul,03-Jul-21,21943,NIL
CHENAB,Marala,03-Jul-21,58972,25572
CHENAB,Khanki,03-Jul-21,35222,27444
CHENAB,Qadirabad,03-Jul-21,43083,23083
CHENAB,Trimmu,03-Jul-21,27680,11480
CHENAB,Punjnad,03-Jul-21,9037,NIL
RAVI,Jassar,03-Jul-21,-,6014
RAVI,Shahdara,03-Jul-21,-,26059
RAVI,Balloki,03-Jul-21,34600,5940
RAVI,Sidhnai,03-Jul-21,15045,Nil
SUTLEJ,Sulemanki,03-Jul-21,14088,2001
SUTLEJ,Islam,03-Jul-21,530,NIL
INDUS,Kalabagh,03-Jul-21,158337,152337
INDUS,Chashma,03-Jul-21,101522,171922
INDUS,Taunsa,03-Jul-21,157023,13829
INDUS,Guddu,03-Jul-21,124727,91917
INDUS,Sukkar,03-Jul-21,88605,36555
INDUS,Kotri,03-Jul-21,40580,1050
JHELUM,Kotli,03-Jul-21,-,5100
JHELUM,Mangla,03-Jul-21,48000,34515
JHELUM,Rasul,03-Jul-21,21943,Nil
CHENAB,Marala,03-Jul-21,50892,17192
CHENAB,Khanki,03-Jul-21,31428,23650
CHENAB,Qadirabad,03-Jul-21,43083,23083
CHENAB,Trimmu,03-Jul-21,27680,11480
CHENAB,Punjnad,03-Jul-21,9037,NIL
RAVI,Jassar,03-Jul-21,-,6014
RAVI,Shahdara,03-Jul-21,-,26059
RAVI,Balloki,03-Jul-21,34150,5940
RAVI,Sidhnai,03-Jul-21,15045,Nil
SUTLEJ,Sulemanki,03-Jul-21,14088,2001
SUTLEJ,Islam,03-Jul-21,530,NIL
INDUS,Kalabagh,04-Jul-21,167549,161549
INDUS,Chashma,04-Jul-21,181217,172531
INDUS,Taunsa,04-Jul-21,160990,142443
INDUS,Guddu,04-Jul-21,117138,85588
INDUS,Sukkar,04-Jul-21,86255,35005
INDUS,Kotri,04-Jul-21,39450,795
JHELUM,Kotli,04-Jul-21,-,4810
JHELUM,Mangla,04-Jul-21,43000,23815
JHELUM,Rasul,04-Jul-21,27284,5341
CHENAB,Marala,04-Jul-21,50892,17192
CHENAB,Khanki,04-Jul-21,27306,19528
CHENAB,Qadirabad,04-Jul-21,45787,25787
CHENAB,Trimmu,04-Jul-21,27680,11480
CHENAB,Punjnad,04-Jul-21,9037,NIL
RAVI,Jassar,04-Jul-21,-,6014
RAVI,Shahdara,04-Jul-21,-,26059
RAVI,Balloki,04-Jul-21,34150,5940
RAVI,Sidhnai,04-Jul-21,15045,Nil
SUTLEJ,Sulemanki,04-Jul-21,13651,2001
SUTLEJ,Islam,04-Jul-21,530,NIL
INDUS,Kalabagh,04-Jul-21,167549,161549
INDUS,Chashma,04-Jul-21,180759,172073
INDUS,Taunsa,04-Jul-21,160990,142443
INDUS,Guddu,04-Jul-21,117138,85588
INDUS,Sukkar,04-Jul-21,86255,35005
INDUS,Kotri,04-Jul-21,39200,795
JHELUM,Kotli,04-Jul-21,-,4240
JHELUM,Mangla,04-Jul-21,43000,33515
JHELUM,Rasul,04-Jul-21,29933,7990
CHENAB,Marala,04-Jul-21,46702,13002
CHENAB,Khanki,04-Jul-21,24125,16347
CHENAB,Qadirabad,04-Jul-21,41790,21790
CHENAB,Trimmu,04-Jul-21,27780,11480
CHENAB,Punjnad,04-Jul-21,8691,NIL
RAVI,Jassar,04-Jul-21,-,5337
RAVI,Shahdara,04-Jul-21,-,26059
RAVI,Balloki,04-Jul-21,34150,5940
RAVI,Sidhnai,04-Jul-21,15045,Nil
SUTLEJ,Sulemanki,04-Jul-21,13651,2001
SUTLEJ,Islam,04-Jul-21,530,NIL
INDUS,Kalabagh,04-Jul-21,148034,142034
INDUS,Chashma,04-Jul-21,172154,162554
INDUS,Taunsa,04-Jul-21,160990,142443
INDUS,Guddu,04-Jul-21,117138,85588
INDUS,Sukkar,04-Jul-21,86255,35005
INDUS,Kotri,04-Jul-21,39200,795
JHELUM,Kotli,04-Jul-21,-,3950
JHELUM,Mangla,04-Jul-21,40000,52882
JHELUM,Rasul,04-Jul-21,21943,NIL
CHENAB,Marala,04-Jul-21,46702,13002
CHENAB,Khanki,04-Jul-21,20708,12930
CHENAB,Qadirabad,04-Jul-21,36455,16455
CHENAB,Trimmu,04-Jul-21,28936,12636
CHENAB,Punjnad,04-Jul-21,8691,NIL
RAVI,Jassar,04-Jul-21,-,5337
RAVI,Shahdara,04-Jul-21,-,26059
RAVI,Balloki,04-Jul-21,34055,5345
RAVI,Sidhnai,04-Jul-21,14000,NIL
SUTLEJ,Sulemanki,04-Jul-21,14680,2929
SUTLEJ,Islam,04-Jul-21,530,NIL
INDUS,Kalabagh,04-Jul-21,158518,152518
INDUS,Chashma,04-Jul-21,172093,162493
INDUS,Taunsa,04-Jul-21,160990,142443
INDUS,Guddu,04-Jul-21,117138,85588
INDUS,Sukkar,04-Jul-21,86255,35005
INDUS,Kotri,04-Jul-21,39200,795
JHELUM,Kotli,04-Jul-21,-,4240
JHELUM,Mangla,04-Jul-21,40000,52882
JHELUM,Rasul,04-Jul-21,21943,Nil
CHENAB,Marala,04-Jul-21,42712,8812
CHENAB,Khanki,04-Jul-21,22940,15162
CHENAB,Qadirabad,04-Jul-21,36455,16455
CHENAB,Trimmu,04-Jul-21,28936,12636
CHENAB,Punjnad,04-Jul-21,8691,NIL
RAVI,Jassar,04-Jul-21,-,5337
RAVI,Shahdara,04-Jul-21,-,26059
RAVI,Balloki,04-Jul-21,34524,5345
RAVI,Sidhnai,04-Jul-21,14000,Nil
SUTLEJ,Sulemanki,04-Jul-21,14680,2929
SUTLEJ,Islam,04-Jul-21,530,NIL
INDUS,Kalabagh,05-Jul-21,156666,150666
INDUS,Chashma,05-Jul-21,171967,162367
INDUS,Taunsa,05-Jul-21,162215,144015
INDUS,Guddu,05-Jul-21,117138,85588
INDUS,Sukkar,05-Jul-21,80550,31020
INDUS,Kotri,05-Jul-21,38790,795
JHELUM,Kotli,05-Jul-21,-,4530
JHELUM,Mangla,05-Jul-21,40000,36115
JHELUM,Rasul,05-Jul-21,33838,11895
CHENAB,Marala,05-Jul-21,51092,17192
CHENAB,Khanki,05-Jul-21,13376,5598
CHENAB,Qadirabad,05-Jul-21,31032,11032
CHENAB,Trimmu,05-Jul-21,29036,12636
CHENAB,Punjnad,05-Jul-21,8691,NIL
RAVI,Jassar,05-Jul-21,-,5337
RAVI,Shahdara,05-Jul-21,-,24755
RAVI,Balloki,05-Jul-21,34524,5345
RAVI,Sidhnai,05-Jul-21,14250,Nil
SUTLEJ,Sulemanki,05-Jul-21,13851,2001
SUTLEJ,Islam,05-Jul-21,530,NIL
INDUS,Kalabagh,05-Jul-21,165697,159697
INDUS,Chashma,05-Jul-21,173656,164970
INDUS,Taunsa,05-Jul-21,162215,144015
INDUS,Guddu,05-Jul-21,116435,85327
INDUS,Sukkar,05-Jul-21,80550,31020
INDUS,Kotri,05-Jul-21,38270,785
JHELUM,Kotli,05-Jul-21,-,4240
JHELUM,Mangla,05-Jul-21,42000,36115
JHELUM,Rasul,05-Jul-21,41648,19705
CHENAB,Marala,05-Jul-21,38900,5000
CHENAB,Khanki,05-Jul-21,18310,10532
CHENAB,Qadirabad,05-Jul-21,28321,8321
CHENAB,Trimmu,05-Jul-21,30167,13767
CHENAB,Punjnad,05-Jul-21,9037,Nil
RAVI,Jassar,05-Jul-21,-,4154
RAVI,Shahdara,05-Jul-21,-,24755
RAVI,Balloki,05-Jul-21,34524,5345
RAVI,Sidhnai,05-Jul-21,14250,Nil
SUTLEJ,Sulemanki,05-Jul-21,13851,2001
SUTLEJ,Islam,05-Jul-21,530,Nil
INDUS,Kalabagh,05-Jul-21,146182,140182
INDUS,Chashma,05-Jul-21,174036,165350
INDUS,Taunsa,05-Jul-21,162215,144015
INDUS,Guddu,05-Jul-21,116435,85327
INDUS,Sukkar,05-Jul-21,80550,31020
INDUS,Kotri,05-Jul-21,38270,785
JHELUM,Kotli,05-Jul-21,-,3670
JHELUM,Mangla,05-Jul-21,40000,54882
JHELUM,Rasul,05-Jul-21,41648,19705
CHENAB,Marala,05-Jul-21,38900,5000
CHENAB,Khanki,05-Jul-21,13499,5598
CHENAB,Qadirabad,05-Jul-21,25596,5596
CHENAB,Trimmu,05-Jul-21,30167,13767
CHENAB,Punjnad,05-Jul-21,9037,NIL
RAVI,Jassar,05-Jul-21,-,4154
RAVI,Shahdara,05-Jul-21,-,26059
RAVI,Balloki,05-Jul-21,34029,4750
RAVI,Sidhnai,05-Jul-21,14550,NIL
SUTLEJ,Sulemanki,05-Jul-21,13951,2001
SUTLEJ,Islam,05-Jul-21,530,NIL
INDUS,Kalabagh,05-Jul-21,156427,150427
INDUS,Chashma,05-Jul-21,174251,164651
INDUS,Taunsa,05-Jul-21,166638,147952
INDUS,Guddu,05-Jul-21,116435,85327
INDUS,Sukkar,05-Jul-21,80550,31020
INDUS,Kotri,05-Jul-21,38270,785
JHELUM,Kotli,05-Jul-21,-,3380
JHELUM,Mangla,05-Jul-21,42000,36115
JHELUM,Rasul,05-Jul-21,41648,19705
CHENAB,Marala,05-Jul-21,51092,12192
CHENAB,Khanki,05-Jul-21,18334,10532
CHENAB,Qadirabad,05-Jul-21,25596,5596
CHENAB,Trimmu,05-Jul-21,30167,13767
CHENAB,Punjnad,05-Jul-21,11005,NIL
RAVI,Jassar,05-Jul-21,-,4154
RAVI,Shahdara,05-Jul-21,-,26059
RAVI,Balloki,05-Jul-21,34029,4750
RAVI,Sidhnai,05-Jul-21,14550,NIL
SUTLEJ,Sulemanki,05-Jul-21,13951,2001
SUTLEJ,Islam,05-Jul-21,530,NIL
INDUS,Kalabagh,06-Jul-21,162543,156543
INDUS,Chashma,06-Jul-21,174330,164730
INDUS,Taunsa,06-Jul-21,166638,147952
INDUS,Guddu,06-Jul-21,116435,85327
INDUS,Sukkar,06-Jul-21,78050,29150
INDUS,Kotri,06-Jul-21,36250,785
JHELUM,Kotli,06-Jul-21,-,3380
JHELUM,Mangla,06-Jul-21,37000,31615
JHELUM,Rasul,06-Jul-21,37743,15800
CHENAB,Marala,06-Jul-21,51092,17192
CHENAB,Khanki,06-Jul-21,12489,4687
CHENAB,Qadirabad,06-Jul-21,28321,8321
CHENAB,Trimmu,06-Jul-21,30167,13767
CHENAB,Punjnad,06-Jul-21,11005,NIL
RAVI,Jassar,06-Jul-21,-,4154
RAVI,Shahdara,06-Jul-21,-,23452
RAVI,Balloki,06-Jul-21,33149,3870
RAVI,Sidhnai,06-Jul-21,15045,NIL
SUTLEJ,Sulemanki,06-Jul-21,13951,2001
SUTLEJ,Islam,06-Jul-21,530,NIL
INDUS,Kalabagh,06-Jul-21,157382,151382
INDUS,Chashma,06-Jul-21,173679,164993
INDUS,Taunsa,06-Jul-21,166638,147952
INDUS,Guddu,06-Jul-21,116435,85327
INDUS,Sukkar,06-Jul-21,78050,29150
INDUS,Kotri,06-Jul-21,36250,785
JHELUM,Kotli,06-Jul-21,-,3100
JHELUM,Mangla,06-Jul-21,38000,36115
JHELUM,Rasul,06-Jul-21,41648,19705
CHENAB,Marala,06-Jul-21,46902,13002
CHENAB,Khanki,06-Jul-21,10635,2821
CHENAB,Qadirabad,06-Jul-21,25596,5596
CHENAB,Trimmu,06-Jul-21,30267,13767
CHENAB,Punjnad,06-Jul-21,11005,Nil
RAVI,Jassar,06-Jul-21,-,9964
RAVI,Shahdara,06-Jul-21,-,23452
RAVI,Balloki,06-Jul-21,33149,3870
RAVI,Sidhnai,06-Jul-21,15045,Nil
SUTLEJ,Sulemanki,06-Jul-21,13951,2001
SUTLEJ,Islam,06-Jul-21,530,Nil
INDUS,Kalabagh,06-Jul-21,157382,151382
INDUS,Chashma,06-Jul-21,173636,164950
INDUS,Taunsa,06-Jul-21,162354,144139
INDUS,Guddu,06-Jul-21,116435,85327
INDUS,Sukkar,06-Jul-21,78050,29150
INDUS,Kotri,06-Jul-21,35517,772
JHELUM,Kotli,06-Jul-21,-,2810
JHELUM,Mangla,06-Jul-21,40000,52882
JHELUM,Rasul,06-Jul-21,37743,15800
CHENAB,Marala,06-Jul-21,51092,17192
CHENAB,Khanki,06-Jul-21,20744,12930
CHENAB,Qadirabad,06-Jul-21,25500,5500
CHENAB,Trimmu,06-Jul-21,27872,11372
CHENAB,Punjnad,06-Jul-21,10052,NIL
RAVI,Jassar,06-Jul-21,-,10336
RAVI,Shahdara,06-Jul-21,-,23452
RAVI,Balloki,06-Jul-21,32249,2970
RAVI,Sidhnai,06-Jul-21,15807,NIL
SUTLEJ,Sulemanki,06-Jul-21,14718,2699
SUTLEJ,Islam,06-Jul-21,530,NIL
INDUS,Kalabagh,06-Jul-21,165458,159458
INDUS,Chashma,06-Jul-21,174639,165039
INDUS,Taunsa,06-Jul-21,162354,144139
INDUS,Guddu,06-Jul-21,116435,85327
INDUS,Sukkar,06-Jul-21,78050,29150
INDUS,Kotri,06-Jul-21,35517,722
JHELUM,Kotli,06-Jul-21,-,2520
JHELUM,Mangla,06-Jul-21,40000,40053
JHELUM,Rasul,06-Jul-21,29933,7990
CHENAB,Marala,06-Jul-21,55282,21382
CHENAB,Khanki,06-Jul-21,25350,17437
CHENAB,Qadirabad,06-Jul-21,26850,6850
CHENAB,Trimmu,06-Jul-21,26288,9788
CHENAB,Punjnad,06-Jul-21,10052,NIL
RAVI,Jassar,06-Jul-21,-,8846
RAVI,Shahdara,06-Jul-21,-,23452
RAVI,Balloki,06-Jul-21,32249,2970
RAVI,Sidhnai,06-Jul-21,15857,NIL
SUTLEJ,Sulemanki,06-Jul-21,14718,2699
SUTLEJ,Islam,06-Jul-21,530,NIL
INDUS,Kalabagh,07-Jul-21,166413,160413
INDUS,Chashma,07-Jul-21,174544,164944
INDUS,Taunsa,07-Jul-21,162354,144139
INDUS,Guddu,07-Jul-21,117812,85492
INDUS,Sukkar,07-Jul-21,78010,30150
INDUS,Kotri,07-Jul-21,34597,722
JHELUM,Kotli,07-Jul-21,-,2240
JHELUM,Mangla,07-Jul-21,34000,36115
JHELUM,Rasul,07-Jul-21,37743,15800
CHENAB,Marala,07-Jul-21,55282,21382
CHENAB,Khanki,07-Jul-21,18445,10532
CHENAB,Qadirabad,07-Jul-21,32217,12217
CHENAB,Trimmu,07-Jul-21,26288,9788
CHENAB,Punjnad,07-Jul-21,10052,NIL
RAVI,Jassar,07-Jul-21,-,8846
RAVI,Shahdara,07-Jul-21,-,26711
RAVI,Balloki,07-Jul-21,32249,2970
RAVI,Sidhnai,07-Jul-21,15857,NIL
SUTLEJ,Sulemanki,07-Jul-21,14519,2699
SUTLEJ,Islam,07-Jul-21,530,NIL
INDUS,Kalabagh,07-Jul-21,162543,156543
INDUS,Chashma,07-Jul-21,174585,164985
INDUS,Taunsa,07-Jul-21,160200,142222
INDUS,Guddu,07-Jul-21,117812,85492
INDUS,Sukkar,07-Jul-21,78010,30150
INDUS,Kotri,07-Jul-21,33305,760
JHELUM,Kotli,07-Jul-21,-,1950
JHELUM,Mangla,07-Jul-21,38000,36115
JHELUM,Rasul,07-Jul-21,41648,19705
CHENAB,Marala,07-Jul-21,51115,17192
CHENAB,Khanki,07-Jul-21,19658,11745
CHENAB,Qadirabad,07-Jul-21,32217,12217
CHENAB,Trimmu,07-Jul-21,26388,9788
CHENAB,Punjnad,07-Jul-21,10268,Nil
RAVI,Jassar,07-Jul-21,-,5168
RAVI,Shahdara,07-Jul-21,-,28014
RAVI,Balloki,07-Jul-21,32249,2970
RAVI,Sidhnai,07-Jul-21,15857,Nil
SUTLEJ,Sulemanki,07-Jul-21,14519,2699
SUTLEJ,Islam,07-Jul-21,530,Nil
INDUS,Kalabagh,07-Jul-21,162543,156543
INDUS,Chashma,07-Jul-21,174585,164985
INDUS,Taunsa,07-Jul-21,160200,142222
INDUS,Guddu,07-Jul-21,117812,85492
INDUS,Sukkar,07-Jul-21,78010,30150
INDUS,Kotri,07-Jul-21,33305,760
JHELUM,Kotli,07-Jul-21,-,1950
JHELUM,Mangla,07-Jul-21,38000,36115
JHELUM,Rasul,07-Jul-21,41648,19705
CHENAB,Marala,07-Jul-21,51115,17192
CHENAB,Khanki,07-Jul-21,19658,11745
CHENAB,Qadirabad,07-Jul-21,32217,12217
CHENAB,Trimmu,07-Jul-21,26388,9788
CHENAB,Punjnad,07-Jul-21,10268,Nil
RAVI,Jassar,07-Jul-21,-,5168
RAVI,Shahdara,07-Jul-21,-,28014
RAVI,Balloki,07-Jul-21,32249,2970
RAVI,Sidhnai,07-Jul-21,15857,Nil
SUTLEJ,Sulemanki,07-Jul-21,14519,2699
SUTLEJ,Islam,07-Jul-21,530,Nil
INDUS,Kalabagh,07-Jul-21,166413,160413
INDUS,Chashma,07-Jul-21,167394,157794
INDUS,Taunsa,07-Jul-21,158098,140362
INDUS,Guddu,07-Jul-21,119471,86021
INDUS,Sukkar,07-Jul-21,78010,30150
INDUS,Kotri,07-Jul-21,33305,760
JHELUM,Kotli,07-Jul-21,-,2520
JHELUM,Mangla,07-Jul-21,38000,36115
JHELUM,Rasul,07-Jul-21,29933,7990
CHENAB,Marala,07-Jul-21,55305,21382
CHENAB,Khanki,07-Jul-21,25350,17437
CHENAB,Qadirabad,07-Jul-21,33729,13729
CHENAB,Trimmu,07-Jul-21,25158,8558
CHENAB,Punjnad,07-Jul-21,10641,NIL
RAVI,Jassar,07-Jul-21,-,4829
RAVI,Shahdara,07-Jul-21,-,28014
RAVI,Balloki,07-Jul-21,33439,4160
RAVI,Sidhnai,07-Jul-21,16375,NIL
SUTLEJ,Sulemanki,07-Jul-21,14114,2699
SUTLEJ,Islam,07-Jul-21,1030,NIL
INDUS,Kalabagh,08-Jul-21,156427,150427
INDUS,Chashma,08-Jul-21,167379,157779
INDUS,Taunsa,08-Jul-21,158098,140362
INDUS,Guddu,08-Jul-21,121280,86600
INDUS,Sukkar,08-Jul-21,78010,30160
INDUS,Kotri,08-Jul-21,32485,500
JHELUM,Kotli,08-Jul-21,-,2810
JHELUM,Mangla,08-Jul-21,36000,31615
JHELUM,Rasul,08-Jul-21,37743,15800
CHENAB,Marala,08-Jul-21,55305,21382
CHENAB,Khanki,08-Jul-21,23075,15162
CHENAB,Qadirabad,08-Jul-21,34872,14872
CHENAB,Trimmu,08-Jul-21,25158,8558
CHENAB,Punjnad,08-Jul-21,10641,NIL
RAVI,Jassar,08-Jul-21,-,4829
RAVI,Shahdara,08-Jul-21,-,27362
RAVI,Balloki,08-Jul-21,34624,5345
RAVI,Sidhnai,08-Jul-21,16375,NIL
SUTLEJ,Sulemanki,08-Jul-21,14634,2917
SUTLEJ,Islam,08-Jul-21,1180,NIL
INDUS,Kalabagh,08-Jul-21,156427,150427
INDUS,Chashma,08-Jul-21,168613,159013
INDUS,Taunsa,08-Jul-21,157998,140262
INDUS,Guddu,08-Jul-21,121280,86600
INDUS,Sukkar,08-Jul-21,78010,30160
INDUS,Kotri,08-Jul-21,32485,500
JHELUM,Kotli,08-Jul-21,-,2520
JHELUM,Mangla,08-Jul-21,37000,36115
JHELUM,Rasul,08-Jul-21,41648,19705
CHENAB,Marala,08-Jul-21,51115,17192
CHENAB,Khanki,08-Jul-21,23075,15162
CHENAB,Qadirabad,08-Jul-21,34872,14872
CHENAB,Trimmu,08-Jul-21,23874,7274
CHENAB,Punjnad,08-Jul-21,11283,Nil
RAVI,Jassar,08-Jul-21,-,7849
RAVI,Shahdara,08-Jul-21,-,27362
RAVI,Balloki,08-Jul-21,34624,5345
RAVI,Sidhnai,08-Jul-21,16375,Nil
SUTLEJ,Sulemanki,08-Jul-21,14634,2917
SUTLEJ,Islam,08-Jul-21,1180,Nil
INDUS,Kalabagh,08-Jul-21,145943,139943
INDUS,Chashma,08-Jul-21,169576,159976
INDUS,Taunsa,08-Jul-21,157998,140262
INDUS,Guddu,08-Jul-21,121280,86600
INDUS,Sukkar,08-Jul-21,78010,30160
INDUS,Kotri,08-Jul-21,32485,500
JHELUM,Kotli,08-Jul-21,-,2240
JHELUM,Mangla,08-Jul-21,36000,52882
JHELUM,Rasul,08-Jul-21,37743,15800
CHENAB,Marala,08-Jul-21,55305,21382
CHENAB,Khanki,08-Jul-21,27441,19528
CHENAB,Qadirabad,08-Jul-21,34872,14872
CHENAB,Trimmu,08-Jul-21,24074,7274
CHENAB,Punjnad,08-Jul-21,11283,NIL
RAVI,Jassar,08-Jul-21,-,7849
RAVI,Shahdara,08-Jul-21,-,27362
RAVI,Balloki,08-Jul-21,34624,5345
RAVI,Sidhnai,08-Jul-21,16462,NIL
SUTLEJ,Sulemanki,08-Jul-21,14783,2917
SUTLEJ,Islam,08-Jul-21,1180,NIL
INDUS,Kalabagh,08-Jul-21,145943,139943
INDUS,Chashma,08-Jul-21,169701,160101
INDUS,Taunsa,08-Jul-21,157998,140262
INDUS,Guddu,08-Jul-21,121280,86600
INDUS,Sukkar,08-Jul-21,78010,30160
INDUS,Kotri,08-Jul-21,32485,500
JHELUM,Kotli,08-Jul-21,-,1950
JHELUM,Mangla,08-Jul-21,38000,42253
JHELUM,Rasul,08-Jul-21,33838,11895
CHENAB,Marala,08-Jul-21,55305,21382
CHENAB,Khanki,08-Jul-21,28559,20646
CHENAB,Qadirabad,08-Jul-21,34872,14872
CHENAB,Trimmu,08-Jul-21,22381,5581
CHENAB,Punjnad,08-Jul-21,11781,NIL
RAVI,Jassar,08-Jul-21,-,7101
RAVI,Shahdara,08-Jul-21,-,27362
RAVI,Balloki,08-Jul-21,34624,5345
RAVI,Sidhnai,08-Jul-21,16462,NIL
SUTLEJ,Sulemanki,08-Jul-21,14783,2917
SUTLEJ,Islam,08-Jul-21,1180,NIL
INDUS,Kalabagh,09-Jul-21,157382,151382
INDUS,Chashma,09-Jul-21,169881,160281
INDUS,Taunsa,09-Jul-21,157998,140262
INDUS,Guddu,09-Jul-21,123092,87326
INDUS,Sukkar,09-Jul-21,78680,30400
INDUS,Kotri,09-Jul-21,32485,500
JHELUM,Kotli,09-Jul-21,-,1950
JHELUM,Mangla,09-Jul-21,36000,36115
JHELUM,Rasul,09-Jul-21,27284,5341
CHENAB,Marala,09-Jul-21,55305,21382
CHENAB,Khanki,09-Jul-21,23075,15162
CHENAB,Qadirabad,09-Jul-21,38849,18849
CHENAB,Trimmu,09-Jul-21,26255,9455
CHENAB,Punjnad,09-Jul-21,11781,NIL
RAVI,Jassar,09-Jul-21,-,7101
RAVI,Shahdara,09-Jul-21,-,26711
RAVI,Balloki,09-Jul-21,35219,5940
RAVI,Sidhnai,09-Jul-21,16462,NIL
SUTLEJ,Sulemanki,09-Jul-21,14936,2917
SUTLEJ,Islam,09-Jul-21,1180,NIL
INDUS,Kalabagh,09-Jul-21,166413,160413
INDUS,Chashma,09-Jul-21,168924,160238
INDUS,Taunsa,09-Jul-21,157998,140262
INDUS,Guddu,09-Jul-21,123092,87326
INDUS,Sukkar,09-Jul-21,78680,30400
INDUS,Kotri,09-Jul-21,32485,500
JHELUM,Kotli,09-Jul-21,,2240
JHELUM,Mangla,09-Jul-21,40000,36115
JHELUM,Rasul,09-Jul-21,37743,15800
CHENAB,Marala,09-Jul-21,63685,29762
CHENAB,Khanki,09-Jul-21,27465,19528
CHENAB,Qadirabad,09-Jul-21,38849,18849
CHENAB,Trimmu,09-Jul-21,27472,10672
CHENAB,Punjnad,09-Jul-21,11781,Nil
RAVI,Jassar,09-Jul-21,-,8597
RAVI,Shahdara,09-Jul-21,-,26711
RAVI,Balloki,09-Jul-21,35219,5940
RAVI,Sidhnai,09-Jul-21,16201,Nil
SUTLEJ,Sulemanki,09-Jul-21,14936,2917
SUTLEJ,Islam,09-Jul-21,1180,Nil
INDUS,Kalabagh,09-Jul-21,146898,140898
INDUS,Chashma,09-Jul-21,169605,160005
INDUS,Taunsa,09-Jul-21,157998,140262
INDUS,Guddu,09-Jul-21,123092,87326
INDUS,Sukkar,09-Jul-21,78680,30400
INDUS,Kotri,09-Jul-21,32485,500
JHELUM,Kotli,09-Jul-21,-,2520
JHELUM,Mangla,09-Jul-21,38000,34915
JHELUM,Rasul,09-Jul-21,41648,19705
CHENAB,Marala,09-Jul-21,63685,29762
CHENAB,Khanki,09-Jul-21,26432,18495
CHENAB,Qadirabad,09-Jul-21,38849,18849
CHENAB,Trimmu,09-Jul-21,27472,10672
CHENAB,Punjnad,09-Jul-21,11781,NIL
RAVI,Jassar,09-Jul-21,-,7849
RAVI,Shahdara,09-Jul-21,-,26711
RAVI,Balloki,09-Jul-21,35219,5940
RAVI,Sidhnai,09-Jul-21,16115,NIL
SUTLEJ,Sulemanki,09-Jul-21,14936,2917
SUTLEJ,Islam,09-Jul-21,1530,NIL
INDUS,Kalabagh,09-Jul-21,162543,156543
INDUS,Chashma,09-Jul-21,170682,160063
INDUS,Taunsa,09-Jul-21,157998,140262
INDUS,Guddu,09-Jul-21,123092,87326
INDUS,Sukkar,09-Jul-21,78680,30400
INDUS,Kotri,09-Jul-21,32485,500
JHELUM,Kotli,09-Jul-21,-,2240
JHELUM,Mangla,09-Jul-21,35000,34515
JHELUM,Rasul,09-Jul-21,33838,11895
CHENAB,Marala,09-Jul-21,80093,46170
CHENAB,Khanki,09-Jul-21,28583,20646
CHENAB,Qadirabad,09-Jul-21,38849,18849
CHENAB,Trimmu,09-Jul-21,26256,9456
CHENAB,Punjnad,09-Jul-21,11781,NIL
RAVI,Jassar,09-Jul-21,-,7849
RAVI,Shahdara,09-Jul-21,-,26711
RAVI,Balloki,09-Jul-21,35219,5940
RAVI,Sidhnai,09-Jul-21,16115,NIL
SUTLEJ,Sulemanki,09-Jul-21,14936,2917
SUTLEJ,Islam,09-Jul-21,1730,NIL
INDUS,Kalabagh,10-Jul-21,167368,161368
INDUS,Chashma,10-Jul-21,169511,159911
INDUS,Taunsa,10-Jul-21,157998,140262
INDUS,Guddu,10-Jul-21,119934,85621
INDUS,Sukkar,10-Jul-21,79380,30600
INDUS,Kotri,10-Jul-21,31985,500
JHELUM,Kotli,10-Jul-21,-,1950
JHELUM,Mangla,10-Jul-21,40000,29515
JHELUM,Rasul,10-Jul-21,37743,15800
CHENAB,Marala,10-Jul-21,67875,33952
CHENAB,Khanki,10-Jul-21,29573,21636
CHENAB,Qadirabad,10-Jul-21,38849,18849
CHENAB,Trimmu,10-Jul-21,26256,9456
CHENAB,Punjnad,10-Jul-21,11781,NIL
RAVI,Jassar,10-Jul-21,-,7849
RAVI,Shahdara,10-Jul-21,-,28014
RAVI,Balloki,10-Jul-21,34029,4750
RAVI,Sidhnai,10-Jul-21,15942,NIL
SUTLEJ,Sulemanki,10-Jul-21,14838,2917
SUTLEJ,Islam,10-Jul-21,1730,NIL
INDUS,Kalabagh,10-Jul-21,182703,176703
INDUS,Chashma,10-Jul-21,181825,172225
INDUS,Taunsa,10-Jul-21,156353,138498
INDUS,Guddu,10-Jul-21,118595,84880
INDUS,Sukkar,10-Jul-21,79380,30600
INDUS,Kotri,10-Jul-21,31985,500
JHELUM,Kotli,10-Jul-21,-,1950
JHELUM,Mangla,10-Jul-21,42000,33715
JHELUM,Rasul,10-Jul-21,29933,7990
CHENAB,Marala,10-Jul-21,63685,29762
CHENAB,Khanki,10-Jul-21,29573,21636
CHENAB,Qadirabad,10-Jul-21,38849,18849
CHENAB,Trimmu,10-Jul-21,24973,8173
CHENAB,Punjnad,10-Jul-21,12694,NIL
RAVI,Jassar,10-Jul-21,-,8846
RAVI,Shahdara,10-Jul-21,-,28014
RAVI,Balloki,10-Jul-21,34029,4750
RAVI,Sidhnai,10-Jul-21,15942,Nil
SUTLEJ,Sulemanki,10-Jul-21,14838,2917
SUTLEJ,Islam,10-Jul-21,1730,NIL
INDUS,Kalabagh,10-Jul-21,182703,176703
INDUS,Chashma,10-Jul-21,182597,171877
INDUS,Taunsa,10-Jul-21,156353,138798
INDUS,Guddu,10-Jul-21,118595,84880
INDUS,Sukkar,10-Jul-21,79380,30600
INDUS,Kotri,10-Jul-21,30785,500
JHELUM,Kotli,10-Jul-21,-,2240
JHELUM,Mangla,10-Jul-21,42000,32815
JHELUM,Rasul,10-Jul-21,29933,7990
CHENAB,Marala,10-Jul-21,83918,49995
CHENAB,Khanki,10-Jul-21,37317,29380
CHENAB,Qadirabad,10-Jul-21,40188,20188
CHENAB,Trimmu,10-Jul-21,24973,8173
CHENAB,Punjnad,10-Jul-21,12694,NIL
RAVI,Jassar,10-Jul-21,-,8347
RAVI,Shahdara,10-Jul-21,-,28014
RAVI,Balloki,10-Jul-21,34029,4750
RAVI,Sidhnai,10-Jul-21,14764,Nil
SUTLEJ,Sulemanki,10-Jul-21,14838,2917
SUTLEJ,Islam,10-Jul-21,1730,NIL
INDUS,Kalabagh,10-Jul-21,187787,181787
INDUS,Chashma,10-Jul-21,181678,172078
INDUS,Taunsa,10-Jul-21,156353,138798
INDUS,Guddu,10-Jul-21,118595,84880
INDUS,Sukkar,10-Jul-21,79380,30600
INDUS,Kotri,10-Jul-21,30785,500
JHELUM,Kotli,10-Jul-21,-,2240
JHELUM,Mangla,10-Jul-21,38000,11515
JHELUM,Rasul,10-Jul-21,37743,15800
CHENAB,Marala,10-Jul-21,79733,45810
CHENAB,Khanki,10-Jul-21,37317,29380
CHENAB,Qadirabad,10-Jul-21,47996,27996
CHENAB,Trimmu,10-Jul-21,24973,8173
CHENAB,Punjnad,10-Jul-21,12694,NIL
RAVI,Jassar,10-Jul-21,-,8347
RAVI,Shahdara,10-Jul-21,-,28014
RAVI,Balloki,10-Jul-21,34624,5345
RAVI,Sidhnai,10-Jul-21,14436,NIL
SUTLEJ,Sulemanki,10-Jul-21,14438,2917
SUTLEJ,Islam,10-Jul-21,1730,NIL
INDUS,Kalabagh,11-Jul-21,186828,180828
INDUS,Chashma,11-Jul-21,181474,171874
INDUS,Taunsa,11-Jul-21,156353,138798
INDUS,Guddu,11-Jul-21,116772,83718
INDUS,Sukkar,11-Jul-21,79365,30600
INDUS,Kotri,11-Jul-21,29525,500
JHELUM,Kotli,11-Jul-21,-,1950
JHELUM,Mangla,11-Jul-21,44000,11555
JHELUM,Rasul,11-Jul-21,33388,11895
CHENAB,Marala,11-Jul-21,79733,45810
CHENAB,Khanki,11-Jul-21,33677,25740
CHENAB,Qadirabad,11-Jul-21,47996,27996
CHENAB,Trimmu,11-Jul-21,27562,10762
CHENAB,Punjnad,11-Jul-21,12694,NIL
RAVI,Jassar,11-Jul-21,-,8347
RAVI,Shahdara,11-Jul-21,-,28014
RAVI,Balloki,11-Jul-21,34624,5345
RAVI,Sidhnai,11-Jul-21,14436,NIL
SUTLEJ,Sulemanki,11-Jul-21,14886,3072
SUTLEJ,Islam,11-Jul-21,1730,NIL
INDUS,Kalabagh,11-Jul-21,186828,180828
INDUS,Chashma,11-Jul-21,182039,170200
INDUS,Taunsa,11-Jul-21,154770,137389
INDUS,Guddu,11-Jul-21,116772,83718
INDUS,Sukkar,11-Jul-21,79365,30600
INDUS,Kotri,11-Jul-21,29525,500
JHELUM,Kotli,11-Jul-21,-,2520
JHELUM,Mangla,11-Jul-21,48000,24815
JHELUM,Rasul,11-Jul-21,21493,Nil
CHENAB,Marala,11-Jul-21,79913,45990
CHENAB,Khanki,11-Jul-21,39114,31262
CHENAB,Qadirabad,11-Jul-21,47996,27996
CHENAB,Trimmu,11-Jul-21,27562,10762
CHENAB,Punjnad,11-Jul-21,11880,NIL
RAVI,Jassar,11-Jul-21,-,8846
RAVI,Shahdara,11-Jul-21,-,28014
RAVI,Balloki,11-Jul-21,34624,5343
RAVI,Sidhnai,11-Jul-21,14436,Nil
SUTLEJ,Sulemanki,11-Jul-21,14886,3072
SUTLEJ,Islam,11-Jul-21,1730,NIL
INDUS,Kalabagh,11-Jul-21,177070,171070
INDUS,Chashma,11-Jul-21,181178,170340
INDUS,Taunsa,11-Jul-21,154770,137389
INDUS,Guddu,11-Jul-21,116772,83718
INDUS,Sukkar,11-Jul-21,79365,30600
INDUS,Kotri,11-Jul-21,29325,500
JHELUM,Kotli,11-Jul-21,-,3100
JHELUM,Mangla,11-Jul-21,52000,17215
JHELUM,Rasul,11-Jul-21,16493,Nil
CHENAB,Marala,11-Jul-21,79913,45990
CHENAB,Khanki,11-Jul-21,41978,34624
CHENAB,Qadirabad,11-Jul-21,53130,33130
CHENAB,Trimmu,11-Jul-21,27562,10762
CHENAB,Punjnad,11-Jul-21,11880,NIL
RAVI,Jassar,11-Jul-21,-,10336
RAVI,Shahdara,11-Jul-21,-,28014
RAVI,Balloki,11-Jul-21,35464,6535
RAVI,Sidhnai,11-Jul-21,14764,Nil
SUTLEJ,Sulemanki,11-Jul-21,14786,3072
SUTLEJ,Islam,11-Jul-21,1730,NIL
INDUS,Kalabagh,11-Jul-21,177070,171070
INDUS,Chashma,11-Jul-21,179437,169837
INDUS,Taunsa,11-Jul-21,154770,137389
INDUS,Guddu,11-Jul-21,116772,83718
INDUS,Sukkar,11-Jul-21,79365,30600
INDUS,Kotri,11-Jul-21,29525,500
JHELUM,Kotli,11-Jul-21,-,2810
JHELUM,Mangla,11-Jul-21,52000,25815
JHELUM,Rasul,11-Jul-21,13143,
CHENAB,Marala,11-Jul-21,91955,58032
CHENAB,Khanki,11-Jul-21,41966,34624
CHENAB,Qadirabad,11-Jul-21,53130,33130
CHENAB,Trimmu,11-Jul-21,28651,11851
CHENAB,Punjnad,11-Jul-21,11480,NIL
RAVI,Jassar,11-Jul-21,-,10336
RAVI,Shahdara,11-Jul-21,-,28014
RAVI,Balloki,11-Jul-21,35464,6535
RAVI,Sidhnai,11-Jul-21,15095,NIL
SUTLEJ,Sulemanki,11-Jul-21,14786,3072
SUTLEJ,Islam,11-Jul-21,1730,NIL
INDUS,Kalabagh,12-Jul-21,178025,172025
INDUS,Chashma,12-Jul-21,180169,169331
INDUS,Taunsa,12-Jul-21,154770,138798
INDUS,Guddu,12-Jul-21,116772,83718
INDUS,Sukkar,12-Jul-21,77805,30065
INDUS,Kotri,12-Jul-21,27890,495
JHELUM,Kotli,12-Jul-21,-,3380
JHELUM,Mangla,12-Jul-21,46000,8115
JHELUM,Rasul,12-Jul-21,22538,11895
CHENAB,Marala,12-Jul-21,88895,54972
CHENAB,Khanki,12-Jul-21,40222,32880
CHENAB,Qadirabad,12-Jul-21,50570,30570
CHENAB,Trimmu,12-Jul-21,28651,11851
CHENAB,Punjnad,12-Jul-21,11480,NIL
RAVI,Jassar,12-Jul-21,-,10336
RAVI,Shahdara,12-Jul-21,-,28666
RAVI,Balloki,12-Jul-21,35464,6535
RAVI,Sidhnai,12-Jul-21,15095,NIL
SUTLEJ,Sulemanki,12-Jul-21,14742,3231
SUTLEJ,Islam,12-Jul-21,1730,NIL
INDUS,Kalabagh,12-Jul-21,196976,190976
INDUS,Chashma,12-Jul-21,180922,169907
INDUS,Taunsa,12-Jul-21,154770,137389
INDUS,Guddu,12-Jul-21,116772,83718
INDUS,Sukkar,12-Jul-21,77805,30065
INDUS,Kotri,12-Jul-21,27890,495
JHELUM,Kotli,12-Jul-21,-,40130
JHELUM,Mangla,12-Jul-21,58000,8515
JHELUM,Rasul,12-Jul-21,24243,15800
CHENAB,Marala,12-Jul-21,88272,61047
CHENAB,Khanki,12-Jul-21,48388,41260
CHENAB,Qadirabad,12-Jul-21,53130,33130
CHENAB,Trimmu,12-Jul-21,28651,11851
CHENAB,Punjnad,12-Jul-21,11060,Nil
RAVI,Jassar,12-Jul-21,-,10336
RAVI,Shahdara,12-Jul-21,-,29317
RAVI,Balloki,12-Jul-21,35464,6535
RAVI,Sidhnai,12-Jul-21,15416,Nil
SUTLEJ,Sulemanki,12-Jul-21,14742,3231
SUTLEJ,Islam,12-Jul-21,2030,Nil
CHENAB,Qadirabad,12-Jul-21,55119,35119
CHENAB,Marala,12-Jul-21,79291,52866
CHENAB,Marala,12-Jul-21,101624,75199
CHENAB,Marala,12-Jul-21,113837,87412
CHENAB,Marala,12-Jul-21,118885,92460
INDUS,Kalabagh,12-Jul-21,188208,181783
INDUS,Chashma,12-Jul-21,199555,189955
INDUS,Taunsa,12-Jul-21,154770,137389
INDUS,Guddu,12-Jul-21,116772,83718
INDUS,Sukkar,12-Jul-21,77805,30065
INDUS,Kotri,12-Jul-21,27890,495
JHELUM,Kotli,12-Jul-21,-,7670
JHELUM,Mangla,12-Jul-21,59000,8515
JHELUM,Rasul,12-Jul-21,14984,5341
CHENAB,Marala,12-Jul-21,118885,92460
CHENAB,Khanki,12-Jul-21,55164,48072
CHENAB,Qadirabad,12-Jul-21,55119,35119
CHENAB,Trimmu,12-Jul-21,28451,11851
CHENAB,Punjnad,12-Jul-21,11060,NIL
RAVI,Jassar,12-Jul-21,-,11081
RAVI,Shahdara,12-Jul-21,-,29317
RAVI,Balloki,12-Jul-21,35464,6535
RAVI,Sidhnai,12-Jul-21,15612,NIL
SUTLEJ,Sulemanki,12-Jul-21,14598,3231
SUTLEJ,Islam,12-Jul-21,2030,NIL
CHENAB,Marala,12-Jul-21,118885,92460
CHENAB,Marala,12-Jul-21,105854,79429
CHENAB,Marala,12-Jul-21,105854,79429
CHENAB,Marala,12-Jul-21,105854,79429
CHENAB,Marala,12-Jul-21,102382,75817
INDUS,Kalabagh,12-Jul-21,188283,181783
INDUS,Chashma,12-Jul-21,199812,190212
INDUS,Taunsa,12-Jul-21,166399,147739
INDUS,Guddu,12-Jul-21,116772,83718
INDUS,Sukkar,12-Jul-21,77805,30065
INDUS,Kotri,12-Jul-21,27890,495
JHELUM,Kotli,12-Jul-21,-,5960
JHELUM,Mangla,12-Jul-21,61000,9615
JHELUM,Rasul,12-Jul-21,14984,5341
CHENAB,Marala,12-Jul-21,102322,75897
CHENAB,Khanki,12-Jul-21,72009,64940
CHENAB,Qadirabad,12-Jul-21,60209,40209
CHENAB,Trimmu,12-Jul-21,32884,16584
CHENAB,Punjnad,12-Jul-21,11060,NIL
RAVI,Jassar,12-Jul-21,-,11454
RAVI,Shahdara,12-Jul-21,-,28666
RAVI,Balloki,12-Jul-21,35759,7130
RAVI,Sidhnai,12-Jul-21,15200,NIL
SUTLEJ,Sulemanki,12-Jul-21,14598,3231
SUTLEJ,Islam,12-Jul-21,1080,NIL
INDUS,Kalabagh,13-Jul-21,187828,180828
INDUS,Chashma,13-Jul-21,200022,190422
INDUS,Taunsa,13-Jul-21,166399,147739
INDUS,Guddu,13-Jul-21,114035,80981
INDUS,Sukkar,13-Jul-21,77715,30065
INDUS,Kotri,13-Jul-21,28090,495
JHELUM,Kotli,13-Jul-21,-,5380
JHELUM,Mangla,13-Jul-21,54000,12635
JHELUM,Rasul,13-Jul-21,9643,NIL
CHENAB,Marala,13-Jul-21,99559,73134
CHENAB,Khanki,13-Jul-21,91434,84365
CHENAB,Qadirabad,13-Jul-21,73131,53131
CHENAB,Trimmu,13-Jul-21,32884,16584
CHENAB,Punjnad,13-Jul-21,11060,NIL
RAVI,Jassar,13-Jul-21,-,13810
RAVI,Shahdara,13-Jul-21,-,32138
RAVI,Balloki,13-Jul-21,36349,7720
RAVI,Sidhnai,13-Jul-21,15827,1327
SUTLEJ,Sulemanki,13-Jul-21,15162,3795
SUTLEJ,Islam,13-Jul-21,1709,629
CHENAB,Qadirabad,13-Jul-21,91018,71018
INDUS,Kalabagh,13-Jul-21,202020,195020
INDUS,Chashma,13-Jul-21,204141,193303
INDUS,Taunsa,13-Jul-21,171868,152607
INDUS,Guddu,13-Jul-21,114035,80981
INDUS,Sukkar,13-Jul-21,77715,30065
INDUS,Kotri,13-Jul-21,28090,495
JHELUM,Kotli,13-Jul-21,-,4810
JHELUM,Mangla,13-Jul-21,59500,8515
JHELUM,Rasul,13-Jul-21,9643,-
CHENAB,Marala,13-Jul-21,104577,76707
CHENAB,Khanki,13-Jul-21,82714,75645
CHENAB,Qadirabad,13-Jul-21,91018,71018
CHENAB,Trimmu,13-Jul-21,32884,16584
CHENAB,Punjnad,13-Jul-21,10478,-
RAVI,Jassar,13-Jul-21,-,14223
RAVI,Shahdara,13-Jul-21,-,32861
RAVI,Balloki,13-Jul-21,37539,8910
RAVI,Sidhnai,13-Jul-21,15827,1327
SUTLEJ,Sulemanki,13-Jul-21,15162,3795
SUTLEJ,Islam,13-Jul-21,1809,629
INDUS,Kalabagh,13-Jul-21,202445,195020
INDUS,Chashma,13-Jul-21,205201,195438
INDUS,Taunsa,13-Jul-21,162217,144017
INDUS,Guddu,13-Jul-21,114035,80981
INDUS,Sukkar,13-Jul-21,77715,30065
INDUS,Kotri,13-Jul-21,28090,495
JHELUM,Kotli,13-Jul-21,-,4530
JHELUM,Mangla,13-Jul-21,39000,12715
JHELUM,Rasul,13-Jul-21,8200,NIL
CHENAB,Marala,13-Jul-21,98488,68832
CHENAB,Khanki,13-Jul-21,82714,75645
CHENAB,Qadirabad,13-Jul-21,91018,71018
CHENAB,Trimmu,13-Jul-21,33084,16584
CHENAB,Punjnad,13-Jul-21,10478,NIL
RAVI,Jassar,13-Jul-21,-,11464
RAVI,Shahdara,13-Jul-21,-,31415
RAVI,Balloki,13-Jul-21,38959,10330
RAVI,Sidhnai,13-Jul-21,15861,661
SUTLEJ,Sulemanki,13-Jul-21,14669,3009
SUTLEJ,Islam,13-Jul-21,1809,629
INDUS,Kalabagh,13-Jul-21,188583,180828
INDUS,Chashma,13-Jul-21,202684,195449
INDUS,Taunsa,13-Jul-21,162217,144017
INDUS,Guddu,13-Jul-21,114035,80981
INDUS,Sukkar,13-Jul-21,77715,30065
INDUS,Kotri,13-Jul-21,28090,495
JHELUM,Kotli,13-Jul-21,-,4530
JHELUM,Mangla,13-Jul-21,60000,7515
JHELUM,Rasul,13-Jul-21,8150,NIL
CHENAB,Marala,13-Jul-21,85989,54054
CHENAB,Khanki,13-Jul-21,85917,78647
CHENAB,Qadirabad,13-Jul-21,91018,71018
CHENAB,Trimmu,13-Jul-21,31735,15235
CHENAB,Punjnad,13-Jul-21,10706,NIL
RAVI,Jassar,13-Jul-21,-,11464
RAVI,Shahdara,13-Jul-21,-,31415
RAVI,Balloki,13-Jul-21,38959,10330
RAVI,Sidhnai,13-Jul-21,15861,661
SUTLEJ,Sulemanki,13-Jul-21,14669,3009
SUTLEJ,Islam,13-Jul-21,1809,629
INDUS,Kalabagh,14-Jul-21,187913,179913
INDUS,Chashma,14-Jul-21,204944,195514
INDUS,Taunsa,14-Jul-21,162217,144017
INDUS,Guddu,14-Jul-21,113441,80981
INDUS,Sukkar,14-Jul-21,77715,30065
INDUS,Kotri,14-Jul-21,27420,495
JHELUM,Kotli,14-Jul-21,-,5380
JHELUM,Mangla,14-Jul-21,64000,9655
JHELUM,Rasul,14-Jul-21,8150,NIL
CHENAB,Marala,14-Jul-21,87657,54054
CHENAB,Khanki,14-Jul-21,76756,69486
CHENAB,Qadirabad,14-Jul-21,85121,65121
CHENAB,Trimmu,14-Jul-21,34190,17690
CHENAB,Punjnad,14-Jul-21,10706,NIL
RAVI,Jassar,14-Jul-21,-,11464
RAVI,Shahdara,14-Jul-21,-,36477
RAVI,Balloki,14-Jul-21,39834,11205
RAVI,Sidhnai,14-Jul-21,15861,661
SUTLEJ,Sulemanki,14-Jul-21,14718,3009
SUTLEJ,Islam,14-Jul-21,1809,629
INDUS,Kalabagh,14-Jul-21,206605,199105
INDUS,Chashma,14-Jul-21,199314,192914
INDUS,Taunsa,14-Jul-21,176566,156788
INDUS,Guddu,14-Jul-21,113441,80981
INDUS,Sukkar,14-Jul-21,77715,30065
INDUS,Kotri,14-Jul-21,27420,495
JHELUM,Kotli,14-Jul-21,-,7960
JHELUM,Mangla,14-Jul-21,66000,9715
JHELUM,Rasul,14-Jul-21,8000,-
CHENAB,Marala,14-Jul-21,71867,38142
CHENAB,Khanki,14-Jul-21,65933,58710
CHENAB,Qadirabad,14-Jul-21,78023,58023
CHENAB,Trimmu,14-Jul-21,34798,18498
CHENAB,Punjnad,14-Jul-21,11283,-
RAVI,Jassar,14-Jul-21,-,8347
RAVI,Shahdara,14-Jul-21,-,35754
RAVI,Balloki,14-Jul-21,43914,15285
RAVI,Sidhnai,14-Jul-21,16395,995
SUTLEJ,Sulemanki,14-Jul-21,14718,3009
SUTLEJ,Islam,14-Jul-21,1809,629
INDUS,Kalabagh,14-Jul-21,206605,199105
INDUS,Chashma,14-Jul-21,201140,193076
INDUS,Taunsa,14-Jul-21,176566,156788
INDUS,Guddu,14-Jul-21,113441,80981
INDUS,Sukkar,14-Jul-21,77715,30065
INDUS,Kotri,14-Jul-21,27420,495
JHELUM,Kotli,14-Jul-21,-,3530
JHELUM,Mangla,14-Jul-21,68000,11915
JHELUM,Rasul,14-Jul-21,8000,NIL
CHENAB,Marala,14-Jul-21,76057,42332
CHENAB,Khanki,14-Jul-21,51972,44726
CHENAB,Qadirabad,14-Jul-21,61926,41926
CHENAB,Trimmu,14-Jul-21,38387,22087
CHENAB,Punjnad,14-Jul-21,11480,NIL
RAVI,Jassar,14-Jul-21,-,8347
RAVI,Shahdara,14-Jul-21,-,29969
RAVI,Balloki,14-Jul-21,44214,15285
RAVI,Sidhnai,14-Jul-21,17150,NIL
SUTLEJ,Sulemanki,14-Jul-21,14951,3403
SUTLEJ,Islam,14-Jul-21,1809,629
INDUS,Kalabagh,14-Jul-21,187437,179937
INDUS,Chashma,14-Jul-21,199379,192979
INDUS,Taunsa,14-Jul-21,176566,156788
INDUS,Guddu,14-Jul-21,113441,80981
INDUS,Sukkar,14-Jul-21,77715,30065
INDUS,Kotri,14-Jul-21,27420,495
JHELUM,Kotli,14-Jul-21,-,5960
JHELUM,Mangla,14-Jul-21,58000,9315
JHELUM,Rasul,14-Jul-21,8200,NIL
CHENAB,Marala,14-Jul-21,76057,42332
CHENAB,Khanki,14-Jul-21,41870,34624
CHENAB,Qadirabad,14-Jul-21,52876,32876
CHENAB,Trimmu,14-Jul-21,36032,19732
CHENAB,Punjnad,14-Jul-21,11480,NIL
RAVI,Jassar,14-Jul-21,-,7849
RAVI,Shahdara,14-Jul-21,-,29969
RAVI,Balloki,14-Jul-21,44214,15285
RAVI,Sidhnai,14-Jul-21,16150,NIL
SUTLEJ,Sulemanki,14-Jul-21,14951,3403
SUTLEJ,Islam,14-Jul-21,1809,629
INDUS,Kalabagh,15-Jul-21,167913,160413
INDUS,Chashma,15-Jul-21,201111,193047
INDUS,Taunsa,15-Jul-21,176566,156788
INDUS,Guddu,15-Jul-21,113441,80981
INDUS,Sukkar,15-Jul-21,77565,30065
INDUS,Kotri,15-Jul-21,25975,495
JHELUM,Kotli,15-Jul-21,-,5380
JHELUM,Mangla,15-Jul-21,50000,7755
JHELUM,Rasul,15-Jul-21,8098,NIL
CHENAB,Marala,15-Jul-21,67677,33952
CHENAB,Khanki,15-Jul-21,41870,34624
CHENAB,Qadirabad,15-Jul-21,43969,23969
CHENAB,Trimmu,15-Jul-21,38387,22087
CHENAB,Punjnad,15-Jul-21,11480,NIL
RAVI,Jassar,15-Jul-21,-,7849
RAVI,Shahdara,15-Jul-21,-,27362
RAVI,Balloki,15-Jul-21,45969,17040
RAVI,Sidhnai,15-Jul-21,14150,NIL
SUTLEJ,Sulemanki,15-Jul-21,14951,3403
SUTLEJ,Islam,15-Jul-21,1809,629
INDUS,Kalabagh,15-Jul-21,189707,181807
INDUS,Chashma,15-Jul-21,199335,192935
INDUS,Taunsa,15-Jul-21,177834,157916
INDUS,Guddu,15-Jul-21,113441,80981
INDUS,Sukkar,15-Jul-21,77565,30065
INDUS,Kotri,15-Jul-21,25975,495
JHELUM,Kotli,15-Jul-21,-,5100
JHELUM,Mangla,15-Jul-21,43000,7415
JHELUM,Rasul,15-Jul-21,8248,-
CHENAB,Marala,15-Jul-21,63487,29762
CHENAB,Khanki,15-Jul-21,43796,36550
CHENAB,Qadirabad,15-Jul-21,43969,23969
CHENAB,Trimmu,15-Jul-21,58405,42005
CHENAB,Punjnad,15-Jul-21,11060,-
RAVI,Jassar,15-Jul-21,-,8347
RAVI,Shahdara,15-Jul-21,-,27312
RAVI,Balloki,15-Jul-21,47469,18540
RAVI,Sidhnai,15-Jul-21,16484,334
SUTLEJ,Sulemanki,15-Jul-21,14951,3403
SUTLEJ,Islam,15-Jul-21,1809,629
INDUS,Kalabagh,15-Jul-21,198500,191000
INDUS,Chashma,15-Jul-21,200015,193415
INDUS,Taunsa,15-Jul-21,177834,157916
INDUS,Guddu,15-Jul-21,113441,80981
INDUS,Sukkar,15-Jul-21,77565,30065
INDUS,Kotri,15-Jul-21,25975,495
JHELUM,Kotli,15-Jul-21,-,4810
JHELUM,Mangla,15-Jul-21,37000,7415
JHELUM,Rasul,15-Jul-21,8248,NIL
CHENAB,Marala,15-Jul-21,63487,29762
CHENAB,Khanki,15-Jul-21,43928,36550
CHENAB,Qadirabad,15-Jul-21,43969,23969
CHENAB,Trimmu,15-Jul-21,58405,42005
CHENAB,Punjnad,15-Jul-21,11060,NIL
RAVI,Jassar,15-Jul-21,-,6353
RAVI,Shahdara,15-Jul-21,-,27362
RAVI,Balloki,15-Jul-21,45964,16785
RAVI,Sidhnai,15-Jul-21,16684,334
SUTLEJ,Sulemanki,15-Jul-21,14851,3009
SUTLEJ,Islam,15-Jul-21,2030,NIL
INDUS,Kalabagh,15-Jul-21,215029,207520
INDUS,Chashma,15-Jul-21,199630,193030
INDUS,Taunsa,15-Jul-21,177834,157916
INDUS,Guddu,15-Jul-21,113441,80981
INDUS,Sukkar,15-Jul-21,77565,30065
INDUS,Kotri,15-Jul-21,25975,495
JHELUM,Kotli,15-Jul-21,-,4530
JHELUM,Mangla,15-Jul-21,45000,12415
JHELUM,Rasul,15-Jul-21,8448,NIL
CHENAB,Marala,15-Jul-21,50917,17192
CHENAB,Khanki,15-Jul-21,38664,31262
CHENAB,Qadirabad,15-Jul-21,43969,23969
CHENAB,Trimmu,15-Jul-21,58775,42175
CHENAB,Punjnad,15-Jul-21,11060,NIL
RAVI,Jassar,15-Jul-21,-,6353
RAVI,Shahdara,15-Jul-21,-,27362
RAVI,Balloki,15-Jul-21,45964,16785
RAVI,Sidhnai,15-Jul-21,16684,334
SUTLEJ,Sulemanki,15-Jul-21,15021,3009
SUTLEJ,Islam,15-Jul-21,2030,NIL
INDUS,Kalabagh,16-Jul-21,197545,190045
INDUS,Chashma,16-Jul-21,199682,193082
INDUS,Taunsa,16-Jul-21,177834,157916
INDUS,Guddu,16-Jul-21,121227,84407
INDUS,Sukkar,16-Jul-21,77640,30065
INDUS,Kotri,16-Jul-21,25640,495
JHELUM,Kotli,16-Jul-21,-,4530
JHELUM,Mangla,16-Jul-21,44000,12415
JHELUM,Rasul,16-Jul-21,7198,NIL
CHENAB,Marala,16-Jul-21,50917,17192
CHENAB,Khanki,16-Jul-21,31052,23650
CHENAB,Qadirabad,16-Jul-21,37158,17158
CHENAB,Trimmu,16-Jul-21,62638,46038
CHENAB,Punjnad,16-Jul-21,11060,NIL
RAVI,Jassar,16-Jul-21,-,6353
RAVI,Shahdara,16-Jul-21,-,26711
RAVI,Balloki,16-Jul-21,43329,14150
RAVI,Sidhnai,16-Jul-21,16684,334
SUTLEJ,Sulemanki,16-Jul-21,14619,2607
SUTLEJ,Islam,16-Jul-21,2030,NIL
INDUS,Kalabagh,16-Jul-21,197545,190045
INDUS,Chashma,16-Jul-21,199612,193012
INDUS,Taunsa,16-Jul-21,183025,162536
INDUS,Guddu,16-Jul-21,123565,85290
INDUS,Sukkar,16-Jul-21,77640,30065
INDUS,Kotri,16-Jul-21,25640,495
JHELUM,Kotli,16-Jul-21,-,4530
JHELUM,Mangla,16-Jul-21,50000,10015
JHELUM,Rasul,16-Jul-21,6448,-
CHENAB,Marala,16-Jul-21,42587,8812
CHENAB,Khanki,16-Jul-21,31124,23650
CHENAB,Qadirabad,16-Jul-21,29525,9525
CHENAB,Trimmu,16-Jul-21,62638,46038
CHENAB,Punjnad,16-Jul-21,11480,-
RAVI,Jassar,16-Jul-21,-,5373
RAVI,Shahdara,16-Jul-21,-,26711
RAVI,Balloki,16-Jul-21,42764,13585
RAVI,Sidhnai,16-Jul-21,16684,334
SUTLEJ,Sulemanki,16-Jul-21,14619,2607
SUTLEJ,Islam,16-Jul-21,2030,-
INDUS,Kalabagh,16-Jul-21,166982,159482
INDUS,Chashma,16-Jul-21,211595,204245
INDUS,Taunsa,16-Jul-21,185684,162309
INDUS,Guddu,16-Jul-21,126481,86815
INDUS,Sukkar,16-Jul-21,78050,31195
INDUS,Kotri,16-Jul-21,25640,495
JHELUM,Kotli,16-Jul-21,-,4240
JHELUM,Mangla,16-Jul-21,39000,10015
JHELUM,Rasul,16-Jul-21,2448,Nil
CHENAB,Marala,16-Jul-21,67727,33952
CHENAB,Khanki,16-Jul-21,22733,15162
CHENAB,Qadirabad,16-Jul-21,26868,6868
CHENAB,Trimmu,16-Jul-21,62638,46038
CHENAB,Punjnad,16-Jul-21,11480,Nil
RAVI,Jassar,16-Jul-21,-,5373
RAVI,Shahdara,16-Jul-21,-,26711
RAVI,Balloki,16-Jul-21,41579,12400
RAVI,Sidhnai,16-Jul-21,20055,3305
SUTLEJ,Sulemanki,16-Jul-21,14658,2607
SUTLEJ,Islam,16-Jul-21,1384,Nil
INDUS,Kalabagh,16-Jul-21,199055,191955
INDUS,Chashma,16-Jul-21,222516,206885
INDUS,Taunsa,16-Jul-21,185684,162309
INDUS,Guddu,16-Jul-21,137158,94988
INDUS,Sukkar,16-Jul-21,80005,33600
INDUS,Kotri,16-Jul-21,25185,480
JHELUM,Kotli,16-Jul-21,-,3670
JHELUM,Mangla,16-Jul-21,39000,9915
JHELUM,Rasul,16-Jul-21,2798,NIL
CHENAB,Marala,16-Jul-21,80347,46522
CHENAB,Khanki,16-Jul-21,29110,21636
CHENAB,Qadirabad,16-Jul-21,18800,NIL
CHENAB,Trimmu,16-Jul-21,38720,22120
CHENAB,Punjnad,16-Jul-21,12150,NIL
RAVI,Jassar,16-Jul-21,-,5507
RAVI,Shahdara,16-Jul-21,-,26059
RAVI,Balloki,16-Jul-21,36824,7645
RAVI,Sidhnai,16-Jul-21,21138,5288
SUTLEJ,Sulemanki,16-Jul-21,14862,2917
SUTLEJ,Islam,16-Jul-21,1180,NIL
INDUS,Kalabagh,17-Jul-21,189307,181807
INDUS,Chashma,17-Jul-21,213592,203242
INDUS,Taunsa,17-Jul-21,185684,162309
INDUS,Guddu,17-Jul-21,130880,90210
INDUS,Sukkar,17-Jul-21,80005,33600
INDUS,Kotri,17-Jul-21,25185,480
JHELUM,Kotli,17-Jul-21,-,3950
JHELUM,Mangla,17-Jul-21,40000,8315
JHELUM,Rasul,17-Jul-21,2448,Nil
CHENAB,Marala,17-Jul-21,59347,25572
CHENAB,Khanki,17-Jul-21,22733,15162
CHENAB,Qadirabad,17-Jul-21,18000,Nil
CHENAB,Trimmu,17-Jul-21,52651,36051
CHENAB,Punjnad,17-Jul-21,11480,Nil
RAVI,Jassar,17-Jul-21,-,5373
RAVI,Shahdara,17-Jul-21,-,26059
RAVI,Balloki,17-Jul-21,39794,10615
RAVI,Sidhnai,17-Jul-21,20055,3305
SUTLEJ,Sulemanki,17-Jul-21,14552,2607
SUTLEJ,Islam,17-Jul-21,1579,Nil
INDUS,Kalabagh,17-Jul-21,199455,191955
INDUS,Chashma,17-Jul-21,213250,200475
INDUS,Taunsa,17-Jul-21,185684,162309
INDUS,Guddu,17-Jul-21,134652,93162
INDUS,Sukkar,17-Jul-21,80005,33600
INDUS,Kotri,17-Jul-21,25185,480
JHELUM,Kotli,17-Jul-21,-,4240
JHELUM,Mangla,17-Jul-21,40000,11315
JHELUM,Rasul,17-Jul-21,2648,Nil
CHENAB,Marala,17-Jul-21,63587,29762
CHENAB,Khanki,17-Jul-21,31221,23650
CHENAB,Qadirabad,17-Jul-21,17000,Nil
CHENAB,Trimmu,17-Jul-21,40849,24249
CHENAB,Punjnad,17-Jul-21,12150,Nil
RAVI,Jassar,17-Jul-21,-,5507
RAVI,Shahdara,17-Jul-21,-,26059
RAVI,Balloki,17-Jul-21,39794,10615
RAVI,Sidhnai,17-Jul-21,20877,4627
SUTLEJ,Sulemanki,17-Jul-21,14552,2607
SUTLEJ,Islam,17-Jul-21,1180,Nil
INDUS,Kalabagh,17-Jul-21,180504,173004
INDUS,Chashma,17-Jul-21,224155,207086
INDUS,Taunsa,17-Jul-21,185684,162309
INDUS,Guddu,17-Jul-21,137158,94988
INDUS,Sukkar,17-Jul-21,80005,33600
INDUS,Kotri,17-Jul-21,25185,480
JHELUM,Kotli,17-Jul-21,-,3950
JHELUM,Mangla,17-Jul-21,39000,9915
JHELUM,Rasul,17-Jul-21,2798,Nil
CHENAB,Marala,17-Jul-21,71967,38142
CHENAB,Khanki,17-Jul-21,33214,25740
CHENAB,Qadirabad,17-Jul-21,17450,Nil
CHENAB,Trimmu,17-Jul-21,40849,24249
CHENAB,Punjnad,17-Jul-21,12150,Nil
RAVI,Jassar,17-Jul-21,-,5507
RAVI,Shahdara,17-Jul-21,-,26059
RAVI,Balloki,17-Jul-21,36824,7645
RAVI,Sidhnai,17-Jul-21,21583,5288
SUTLEJ,Sulemanki,17-Jul-21,14862,2917
SUTLEJ,Islam,17-Jul-21,1180,NIL
INDUS,Kalabagh,17-Jul-21,199055,191955
INDUS,Chashma,17-Jul-21,222516,206885
INDUS,Taunsa,17-Jul-21,185684,162309
INDUS,Guddu,17-Jul-21,137158,94988
INDUS,Sukkar,17-Jul-21,80005,33600
INDUS,Kotri,17-Jul-21,25185,480
JHELUM,Kotli,17-Jul-21,-,3670
JHELUM,Mangla,17-Jul-21,39000,9915
JHELUM,Rasul,17-Jul-21,2798,NIL
CHENAB,Marala,17-Jul-21,80347,46522
CHENAB,Khanki,17-Jul-21,29110,21636
CHENAB,Qadirabad,17-Jul-21,18800,NIL
CHENAB,Trimmu,17-Jul-21,38720,22120
CHENAB,Punjnad,17-Jul-21,12150,NIL
RAVI,Jassar,17-Jul-21,-,5507
RAVI,Shahdara,17-Jul-21,-,26059
RAVI,Balloki,17-Jul-21,36824,7645
RAVI,Sidhnai,17-Jul-21,21138,5288
SUTLEJ,Sulemanki,17-Jul-21,14862,2917
SUTLEJ,Islam,17-Jul-21,1180,NIL
INDUS,Kalabagh,18-Jul-21,196800,191000
INDUS,Chashma,18-Jul-21,226791,207051
INDUS,Taunsa,18-Jul-21,185684,162309
INDUS,Guddu,18-Jul-21,137458,94988
INDUS,Sukkar,18-Jul-21,86105,35580
INDUS,Kotri,18-Jul-21,25325,480
JHELUM,Kotli,18-Jul-21,-,3100
JHELUM,Mangla,18-Jul-21,40000,8255
JHELUM,Rasul,18-Jul-21,6798,NIL
CHENAB,Marala,18-Jul-21,80347,46522
CHENAB,Khanki,18-Jul-21,,
CHENAB,Qadirabad,18-Jul-21,25543,5543
CHENAB,Trimmu,18-Jul-21,35905,19305
CHENAB,Punjnad,18-Jul-21,12150,NIL
RAVI,Jassar,18-Jul-21,-,5507
RAVI,Shahdara,18-Jul-21,-,24104
RAVI,Balloki,18-Jul-21,36824,7645
RAVI,Sidhnai,18-Jul-21,21538,5288
SUTLEJ,Sulemanki,18-Jul-21,14862,2917
SUTLEJ,Islam,18-Jul-21,1180,NIL
INDUS,Kalabagh,18-Jul-21,196800,191000
INDUS,Chashma,18-Jul-21,224449,205068
INDUS,Taunsa,18-Jul-21,185684,162309
INDUS,Guddu,18-Jul-21,138154,94988
INDUS,Sukkar,18-Jul-21,86105,35580
INDUS,Kotri,18-Jul-21,25325,480
JHELUM,Kotli,18-Jul-21,-,3100
JHELUM,Mangla,18-Jul-21,37000,9715
JHELUM,Rasul,18-Jul-21,8240,Nil
CHENAB,Marala,18-Jul-21,67777,33952
CHENAB,Khanki,18-Jul-21,40511,32880
CHENAB,Qadirabad,18-Jul-21,29550,9550
CHENAB,Trimmu,18-Jul-21,30434,13834
CHENAB,Punjnad,18-Jul-21,12150,Nil
RAVI,Jassar,18-Jul-21,-,4154
RAVI,Shahdara,18-Jul-21,-,24104
RAVI,Balloki,18-Jul-21,34524,5345
RAVI,Sidhnai,18-Jul-21,22460,6610
SUTLEJ,Sulemanki,18-Jul-21,14862,2917
SUTLEJ,Islam,18-Jul-21,1180,Nil
INDUS,Kalabagh,18-Jul-21,177849,172049
INDUS,Chashma,18-Jul-21,226567,204967
INDUS,Taunsa,18-Jul-21,187103,163552
INDUS,Guddu,18-Jul-21,138154,94988
INDUS,Sukkar,18-Jul-21,88465,36050
INDUS,Kotri,18-Jul-21,25325,480
JHELUM,Kotli,18-Jul-21,-,2910
JHELUM,Mangla,18-Jul-21,38000,9915
JHELUM,Rasul,18-Jul-21,8390,Nil
CHENAB,Marala,18-Jul-21,83820,49995
CHENAB,Khanki,18-Jul-21,40511,32880
CHENAB,Qadirabad,18-Jul-21,34910,14910
CHENAB,Trimmu,18-Jul-21,30434,13834
CHENAB,Punjnad,18-Jul-21,12150,Nil
RAVI,Jassar,18-Jul-21,-,4154
RAVI,Shahdara,18-Jul-21,-,24104
RAVI,Balloki,18-Jul-21,34524,5345
RAVI,Sidhnai,18-Jul-21,22460,6610
SUTLEJ,Sulemanki,18-Jul-21,14658,2607
SUTLEJ,Islam,18-Jul-21,1180,Nil
INDUS,Kalabagh,18-Jul-21,177849,172049
INDUS,Chashma,18-Jul-21,261867,242675
INDUS,Taunsa,18-Jul-21,187103,163552
INDUS,Guddu,18-Jul-21,138154,94988
INDUS,Sukkar,18-Jul-21,88465,36050
INDUS,Kotri,18-Jul-21,25325,480
JHELUM,Kotli,18-Jul-21,-,3100
JHELUM,Mangla,18-Jul-21,40000,11815
JHELUM,Rasul,18-Jul-21,8240,NIL
CHENAB,Marala,18-Jul-21,98368,63984
CHENAB,Khanki,18-Jul-21,38917,31262
CHENAB,Qadirabad,18-Jul-21,36136,16136
CHENAB,Trimmu,18-Jul-21,25857,9257
CHENAB,Punjnad,18-Jul-21,13836,NIL
RAVI,Jassar,18-Jul-21,-,4154
RAVI,Shahdara,18-Jul-21,-,24104
RAVI,Balloki,18-Jul-21,34524,5345
RAVI,Sidhnai,18-Jul-21,22460,6610
SUTLEJ,Sulemanki,18-Jul-21,14658,2607
SUTLEJ,Islam,18-Jul-21,1180,NIL
INDUS,Kalabagh,19-Jul-21,188562,182762
INDUS,Chashma,19-Jul-21,261134,242505
INDUS,Taunsa,19-Jul-21,187103,163552
INDUS,Guddu,19-Jul-21,138154,94988
INDUS,Sukkar,19-Jul-21,91880,37390
INDUS,Kotri,19-Jul-21,24445,480
JHELUM,Kotli,19-Jul-21,-,4810
JHELUM,Mangla,19-Jul-21,52000,12355
JHELUM,Rasul,19-Jul-21,7240,NIL
CHENAB,Marala,19-Jul-21,88479,54054
CHENAB,Khanki,19-Jul-21,42279,34624
CHENAB,Qadirabad,19-Jul-21,38084,18084
CHENAB,Trimmu,19-Jul-21,25857,9257
CHENAB,Punjnad,19-Jul-21,13836,NIL
RAVI,Jassar,19-Jul-21,-,4150
RAVI,Shahdara,19-Jul-21,-,23452
RAVI,Balloki,19-Jul-21,34524,5345
RAVI,Sidhnai,19-Jul-21,22660,6610
SUTLEJ,Sulemanki,19-Jul-21,14658,2607
SUTLEJ,Islam,19-Jul-21,1180,NIL
INDUS,Kalabagh,19-Jul-21,207754,201954
INDUS,Chashma,19-Jul-21,240340,219940
INDUS,Taunsa,19-Jul-21,193161,163761
INDUS,Guddu,19-Jul-21,138154,94988
INDUS,Sukkar,19-Jul-21,92940,38000
INDUS,Kotri,19-Jul-21,24445,480
JHELUM,Kotli,19-Jul-21,-,7390
JHELUM,Mangla,19-Jul-21,64000,8315
JHELUM,Rasul,19-Jul-21,6850,-
CHENAB,Marala,19-Jul-21,96254,61929
CHENAB,Khanki,19-Jul-21,54257,46759
CHENAB,Qadirabad,19-Jul-21,42494,22494
CHENAB,Trimmu,19-Jul-21,25857,9257
CHENAB,Punjnad,19-Jul-21,19816,5066
RAVI,Jassar,19-Jul-21,-,4999
RAVI,Shahdara,19-Jul-21,-,23452
RAVI,Balloki,19-Jul-21,34524,5345
RAVI,Sidhnai,19-Jul-21,22660,6610
SUTLEJ,Sulemanki,19-Jul-21,14658,2607
SUTLEJ,Islam,19-Jul-21,1180,-
INDUS,Kalabagh,19-Jul-21,188562,182762
INDUS,Chashma,19-Jul-21,237145,220085
INDUS,Taunsa,19-Jul-21,193161,163761
INDUS,Guddu,19-Jul-21,138154,94988
INDUS,Sukkar,19-Jul-21,92940,38000
INDUS,Kotri,19-Jul-21,24445,480
JHELUM,Kotli,19-Jul-21,-,5100
JHELUM,Mangla,19-Jul-21,44000,8315
JHELUM,Rasul,19-Jul-21,6150,NIL
CHENAB,Marala,19-Jul-21,98009,63984
CHENAB,Khanki,19-Jul-21,55522,48072
CHENAB,Qadirabad,19-Jul-21,47536,27536
CHENAB,Trimmu,19-Jul-21,25857,9257
CHENAB,Punjnad,19-Jul-21,20784,6034
RAVI,Jassar,19-Jul-21,-,5337
RAVI,Shahdara,19-Jul-21,-,23452
RAVI,Balloki,19-Jul-21,34524,5345
RAVI,Sidhnai,19-Jul-21,18694,2644
SUTLEJ,Sulemanki,19-Jul-21,14524,2607
SUTLEJ,Islam,19-Jul-21,1180,NIL
INDUS,Kalabagh,19-Jul-21,167192,161392
INDUS,Chashma,19-Jul-21,260678,241819
INDUS,Taunsa,19-Jul-21,193161,163761
INDUS,Guddu,19-Jul-21,138154,94988
INDUS,Sukkar,19-Jul-21,92940,38000
INDUS,Kotri,19-Jul-21,24445,480
JHELUM,Kotli,19-Jul-21,-,5960
JHELUM,Mangla,19-Jul-21,45000,12415
JHELUM,Rasul,19-Jul-21,7200,NIL
CHENAB,Marala,19-Jul-21,97959,63984
CHENAB,Khanki,19-Jul-21,52032,44726
CHENAB,Qadirabad,19-Jul-21,49489,29489
CHENAB,Trimmu,19-Jul-21,23549,6949
CHENAB,Punjnad,19-Jul-21,20784,6034
RAVI,Jassar,19-Jul-21,-,9219
RAVI,Shahdara,19-Jul-21,-,23452
RAVI,Balloki,19-Jul-21,34524,5345
RAVI,Sidhnai,19-Jul-21,18694,2644
SUTLEJ,Sulemanki,19-Jul-21,14524,2607
SUTLEJ,Islam,19-Jul-21,1180,NIL
INDUS,Kalabagh,20-Jul-21,210938,205938
INDUS,Chashma,20-Jul-21,253839,239498
INDUS,Taunsa,20-Jul-21,193161,163761
INDUS,Guddu,20-Jul-21,138454,94988
INDUS,Sukkar,20-Jul-21,94425,55365
INDUS,Kotri,20-Jul-21,24515,24035
JHELUM,Kotli,20-Jul-21,-,7960
JHELUM,Mangla,20-Jul-21,45000,12415
JHELUM,Rasul,20-Jul-21,8200,NIL
CHENAB,Marala,20-Jul-21,95904,61929
CHENAB,Khanki,20-Jul-21,52032,44726
CHENAB,Qadirabad,20-Jul-21,53287,33287
CHENAB,Trimmu,20-Jul-21,23549,6949
CHENAB,Punjnad,20-Jul-21,20784,6034
RAVI,Jassar,20-Jul-21,-,9219
RAVI,Shahdara,20-Jul-21,-,24755
RAVI,Balloki,20-Jul-21,34524,5345
RAVI,Sidhnai,20-Jul-21,18694,2644
SUTLEJ,Sulemanki,20-Jul-21,15151,3234
SUTLEJ,Islam,20-Jul-21,1180,NIL
INDUS,Kalabagh,20-Jul-21,233604,228604
INDUS,Chashma,20-Jul-21,229708,215708
INDUS,Taunsa,20-Jul-21,194851,165451
INDUS,Guddu,20-Jul-21,148184,104718
INDUS,Sukkar,20-Jul-21,94425,39060
INDUS,Kotri,20-Jul-21,24515,480
JHELUM,Kotli,20-Jul-21,-,17880
JHELUM,Mangla,20-Jul-21,68000,6615
JHELUM,Rasul,20-Jul-21,8200,-
CHENAB,Jammu Tavi,20-Jul-21,,
CHENAB,Marala,20-Jul-21,108488,81738
CHENAB,Khanki,20-Jul-21,87702,81540
CHENAB,Qadirabad,20-Jul-21,70061,50061
CHENAB,Trimmu,20-Jul-21,22224,5624
CHENAB,Punjnad,20-Jul-21,23692,8942
RAVI,Jassar,20-Jul-21,-,17400
RAVI,Shahdara,20-Jul-21,-,26059
RAVI,Balloki,20-Jul-21,35644,8265
RAVI,Sidhnai,20-Jul-21,18033,1983
SUTLEJ,Bhakra,20-Jul-21,,
SUTLEJ,Sulemanki,20-Jul-21,15151,3234
SUTLEJ,Islam,20-Jul-21,1180,-
INDUS,Kalabagh,20-Jul-21,214355,209855
INDUS,Chashma,20-Jul-21,249856,235856
INDUS,Taunsa,20-Jul-21,196648,168548
INDUS,Guddu,20-Jul-21,149775,106845
INDUS,Sukkar,20-Jul-21,94425,39060
INDUS,Kotri,20-Jul-21,24515,480
JHELUM,Kotli,20-Jul-21,-,12620
JHELUM,Mangla,20-Jul-21,102000,9715
JHELUM,Rasul,20-Jul-21,15141,5341
CHENAB,Jammu Tavi,20-Jul-21,,
CHENAB,Marala,20-Jul-21,126987,100237
CHENAB,Khanki,20-Jul-21,87702,81540
CHENAB,Qadirabad,20-Jul-21,84622,64622
CHENAB,Trimmu,20-Jul-21,22074,5624
CHENAB,Punjnad,20-Jul-21,25596,10496
RAVI,Jassar,20-Jul-21,-,14636
RAVI,Shahdara,20-Jul-21,-,26711
RAVI,Balloki,20-Jul-21,38839,12060
RAVI,Sidhnai,20-Jul-21,17933,1983
SUTLEJ,Bhakra,20-Jul-21,,
SUTLEJ,Sulemanki,20-Jul-21,14849,3234
SUTLEJ,Islam,20-Jul-21,1180,-
INDUS,Kalabagh,20-Jul-21,223793,219693
INDUS,Chashma,20-Jul-21,2614432,247432
INDUS,Taunsa,20-Jul-21,196648,168548
INDUS,Guddu,20-Jul-21,149775,106845
INDUS,Sukkar,20-Jul-21,94425,39060
INDUS,Kotri,20-Jul-21,24515,480
JHELUM,Kotli,20-Jul-21,-,9360
JHELUM,Mangla,20-Jul-21,58000,12115
JHELUM,Rasul,20-Jul-21,15971,5341
CHENAB,Jammu Tavi,20-Jul-21,,
CHENAB,Marala,20-Jul-21,130412,103662
CHENAB,Khanki,20-Jul-21,90523,84528
CHENAB,Qadirabad,20-Jul-21,90755,70755
CHENAB,Trimmu,20-Jul-21,27302,10852
CHENAB,Punjnad,20-Jul-21,25146,10496
RAVI,Jassar,20-Jul-21,-,13810
RAVI,Shahdara,20-Jul-21,-,27362
RAVI,Balloki,20-Jul-21,39139,12060
RAVI,Sidhnai,20-Jul-21,17933,1983
SUTLEJ,Bhakra,20-Jul-21,,
SUTLEJ,Sulemanki,20-Jul-21,14849,3234
SUTLEJ,Islam,20-Jul-21,1180,NIL
INDUS,Kalabagh,21-Jul-21,225603,221603
INDUS,Chashma,21-Jul-21,249951,235951
INDUS,Taunsa,21-Jul-21,196648,168548
INDUS,Guddu,21-Jul-21,154339,112107
INDUS,Sukkar,21-Jul-21,94350,40085
INDUS,Kotri,21-Jul-21,24515,480
JHELUM,Kotli,21-Jul-21,-,7960
JHELUM,Mangla,21-Jul-21,70000,8255
JHELUM,Rasul,21-Jul-21,8630,NIL
CHENAB,Jammu Tavi,21-Jul-21,,
CHENAB,Marala,21-Jul-21,108488,81738
CHENAB,Khanki,21-Jul-21,135620,129625
CHENAB,Qadirabad,21-Jul-21,98360,78360
CHENAB,Trimmu,21-Jul-21,30413,14163
CHENAB,Punjnad,21-Jul-21,25146,10496
RAVI,Jassar,21-Jul-21,-,14636
RAVI,Shahdara,21-Jul-21,-,35031
RAVI,Balloki,21-Jul-21,40524,13845
RAVI,Sidhnai,21-Jul-21,17022,1322
SUTLEJ,Bhakra,21-Jul-21,,
SUTLEJ,Sulemanki,21-Jul-21,14705,3795
SUTLEJ,Islam,21-Jul-21,1979,799
INDUS,Kalabagh,21-Jul-21,202944,198944
INDUS,Chashma,21-Jul-21,252264,238264
INDUS,Taunsa,21-Jul-21,201016,173616
INDUS,Guddu,21-Jul-21,159080,117045
INDUS,Sukkar,21-Jul-21,94350,40085
INDUS,Kotri,21-Jul-21,24515,480
JHELUM,Kotli,21-Jul-21,-,8250
JHELUM,Mangla,21-Jul-21,50000,7315
JHELUM,Rasul,21-Jul-21,8630,-
CHENAB,Jammu Tavi,21-Jul-21,,
CHENAB,Marala,21-Jul-21,112540,87790
CHENAB,Khanki,21-Jul-21,114510,108767
CHENAB,Qadirabad,21-Jul-21,135757,115757
CHENAB,Trimmu,21-Jul-21,30413,14163
CHENAB,Punjnad,21-Jul-21,25146,10496
RAVI,Jassar,21-Jul-21,-,17400
RAVI,Shahdara,21-Jul-21,-,35754
RAVI,Balloki,21-Jul-21,39829,13150
RAVI,Sidhnai,21-Jul-21,17022,1322
SUTLEJ,Bhakra,21-Jul-21,,
SUTLEJ,Sulemanki,21-Jul-21,14705,3795
SUTLEJ,Islam,21-Jul-21,1979,799
INDUS,Kalabagh,21-Jul-21,202944,198944
INDUS,Chashma,21-Jul-21,234320,202030
INDUS,Taunsa,21-Jul-21,201016,173616
INDUS,Guddu,21-Jul-21,163580,121545
INDUS,Sukkar,21-Jul-21,94350,40085
INDUS,Kotri,21-Jul-21,24515,480
JHELUM,Kotli,21-Jul-21,-,8250
JHELUM,Mangla,21-Jul-21,70000,9715
JHELUM,Rasul,21-Jul-21,8630,-
CHENAB,Jammu Tavi,21-Jul-21,,
CHENAB,Marala,21-Jul-21,96174,71424
CHENAB,Khanki,21-Jul-21,94728,88985
CHENAB,Qadirabad,21-Jul-21,122309,102309
CHENAB,Trimmu,21-Jul-21,30413,14163
CHENAB,Punjnad,21-Jul-21,25146,10496
RAVI,Jassar,21-Jul-21,-,14636
RAVI,Shahdara,21-Jul-21,-,36477
RAVI,Balloki,21-Jul-21,45529,18850
RAVI,Sidhnai,21-Jul-21,16811,661
SUTLEJ,Bhakra,21-Jul-21,,
SUTLEJ,Sulemanki,21-Jul-21,14705,3795
SUTLEJ,Islam,21-Jul-21,1979,799
INDUS,Kalabagh,21-Jul-21,196388,192388
INDUS,Chashma,21-Jul-21,182340,165914
INDUS,Taunsa,21-Jul-21,208617,181217
INDUS,Guddu,21-Jul-21,163580,121545
INDUS,Sukkar,21-Jul-21,94350,40085
INDUS,Kotri,21-Jul-21,24515,480
JHELUM,Kotli,21-Jul-21,-,8820
JHELUM,Mangla,21-Jul-21,53000,12115
JHELUM,Rasul,21-Jul-21,8630,-
CHENAB,Jammu Tavi,21-Jul-21,,
CHENAB,Marala,21-Jul-21,96174,71424
CHENAB,Khanki,21-Jul-21,94728,88985
CHENAB,Qadirabad,21-Jul-21,107493,87493
CHENAB,Trimmu,21-Jul-21,38153,21903
CHENAB,Punjnad,21-Jul-21,23594,8944
RAVI,Jassar,21-Jul-21,-,13810
RAVI,Shahdara,21-Jul-21,-,36477
RAVI,Balloki,21-Jul-21,47289,20610
RAVI,Sidhnai,21-Jul-21,16811,661
SUTLEJ,Bhakra,21-Jul-21,,
SUTLEJ,Sulemanki,21-Jul-21,14705,3795
SUTLEJ,Islam,21-Jul-21,2457,1277
INDUS,Kalabagh,22-Jul-21,191614,187614
INDUS,Chashma,22-Jul-21,224531,210182
INDUS,Taunsa,22-Jul-21,208617,181217
INDUS,Guddu,22-Jul-21,163580,121545
INDUS,Sukkar,22-Jul-21,106457,50742
INDUS,Kotri,22-Jul-21,24515,480
JHELUM,Kotli,22-Jul-21,-,8250
JHELUM,Mangla,22-Jul-21,51000,10255
JHELUM,Rasul,22-Jul-21,9130,-
CHENAB,Jammu Tavi,22-Jul-21,,
CHENAB,Marala,22-Jul-21,79020,54270
CHENAB,Khanki,22-Jul-21,81388,75645
CHENAB,Qadirabad,22-Jul-21,90755,70755
CHENAB,Trimmu,22-Jul-21,38153,21903
CHENAB,Punjnad,22-Jul-21,23594,8944
RAVI,Jassar,22-Jul-21,-,13810
RAVI,Shahdara,22-Jul-21,-,35754
RAVI,Balloki,22-Jul-21,49664,22985
RAVI,Sidhnai,22-Jul-21,17472,1322
SUTLEJ,Bhakra,22-Jul-21,,
SUTLEJ,Sulemanki,22-Jul-21,13952,3234
SUTLEJ,Islam,22-Jul-21,2457,1277
INDUS,Kalabagh,22-Jul-21,210991,206991
INDUS,Chashma,22-Jul-21,209582,198762
INDUS,Taunsa,22-Jul-21,213684,186284
INDUS,Guddu,22-Jul-21,171292,129257
INDUS,Sukkar,22-Jul-21,106457,50742
INDUS,Kotri,22-Jul-21,24515,480
JHELUM,Kotli,22-Jul-21,-,7390
JHELUM,Mangla,22-Jul-21,68000,7315
JHELUM,Rasul,22-Jul-21,6130,-
CHENAB,Jammu Tavi,22-Jul-21,,
CHENAB,Marala,22-Jul-21,75641,50391
CHENAB,Khanki,22-Jul-21,75229,69486
CHENAB,Qadirabad,22-Jul-21,79690,59690
CHENAB,Trimmu,22-Jul-21,72209,55959
CHENAB,Punjnad,22-Jul-21,19323,4673
RAVI,Jassar,22-Jul-21,-,10336
RAVI,Shahdara,22-Jul-21,-,37200
RAVI,Balloki,22-Jul-21,51414,24735
RAVI,Sidhnai,22-Jul-21,17472,1322
SUTLEJ,Bhakra,22-Jul-21,"43,959",16372
SUTLEJ,Sulemanki,22-Jul-21,13952,3234
SUTLEJ,Islam,22-Jul-21,2457,1277
INDUS,Kalabagh,22-Jul-21,191699,187614
INDUS,Chashma,22-Jul-21,196291,184246
INDUS,Taunsa,22-Jul-21,215384,186284
INDUS,Guddu,22-Jul-21,171292,129257
INDUS,Sukkar,22-Jul-21,106457,50742
INDUS,Kotri,22-Jul-21,24515,480
JHELUM,Kotli,22-Jul-21,-,6820
JHELUM,Mangla,22-Jul-21,56000,9715
JHELUM,Rasul,22-Jul-21,7800,-
CHENAB,Jammu Tavi,22-Jul-21,,
CHENAB,Marala,22-Jul-21,80269,54756
CHENAB,Khanki,22-Jul-21,67375,61632
CHENAB,Qadirabad,22-Jul-21,71498,51498
CHENAB,Trimmu,22-Jul-21,105040,84240
CHENAB,Punjnad,22-Jul-21,19323,4673
RAVI,Jassar,22-Jul-21,-,9219
RAVI,Shahdara,22-Jul-21,-,36477
RAVI,Balloki,22-Jul-21,53624,26945
RAVI,Sidhnai,22-Jul-21,19094,2644
SUTLEJ,Bhakra,22-Jul-21,,
SUTLEJ,Sulemanki,22-Jul-21,13959,2611
SUTLEJ,Islam,22-Jul-21,2457,1277
INDUS,Kalabagh,22-Jul-21,182129,177534
INDUS,Chashma,22-Jul-21,193717,184022
INDUS,Taunsa,22-Jul-21,215384,186284
INDUS,Guddu,22-Jul-21,171292,129257
INDUS,Sukkar,22-Jul-21,106457,50742
INDUS,Kotri,22-Jul-21,24515,480
JHELUM,Kotli,22-Jul-21,-,6530
JHELUM,Mangla,22-Jul-21,54000,12115
JHELUM,Rasul,22-Jul-21,7800,NIL
CHENAB,Jammu Tavi,22-Jul-21,,
CHENAB,Marala,22-Jul-21,84835,58472
CHENAB,Khanki,22-Jul-21,53815,48072
CHENAB,Qadirabad,22-Jul-21,66541,46541
CHENAB,Trimmu,22-Jul-21,100540,84290
CHENAB,Punjnad,22-Jul-21,19323,4673
RAVI,Jassar,22-Jul-21,-,8846
RAVI,Shahdara,22-Jul-21,-,36477
RAVI,Balloki,22-Jul-21,59679,32200
RAVI,Sidhnai,22-Jul-21,20766,3966
SUTLEJ,Bhakra,22-Jul-21,,
SUTLEJ,Sulemanki,22-Jul-21,13959,2611
SUTLEJ,Islam,22-Jul-21,2457,1277
INDUS,Kalabagh,23-Jul-21,184443,179443
INDUS,Chashma,23-Jul-21,191242,184252
INDUS,Taunsa,23-Jul-21,215384,186284
INDUS,Guddu,23-Jul-21,177248,134718
INDUS,Sukkar,23-Jul-21,110700,54635
INDUS,Kotri,23-Jul-21,25385,480
JHELUM,Kotli,23-Jul-21,-,6530
JHELUM,Mangla,23-Jul-21,54000,7455
JHELUM,Rasul,23-Jul-21,7800,-
CHENAB,Jammu Tavi,23-Jul-21,,
CHENAB,Marala,23-Jul-21,61681,33952
CHENAB,Khanki,23-Jul-21,53815,48072
CHENAB,Qadirabad,23-Jul-21,57138,37138
CHENAB,Trimmu,23-Jul-21,104424,88174
CHENAB,Punjnad,23-Jul-21,19773,4673
RAVI,Jassar,23-Jul-21,-,8846
RAVI,Shahdara,23-Jul-21,-,24755
RAVI,Balloki,23-Jul-21,60879,32200
RAVI,Sidhnai,23-Jul-21,20766,3966
SUTLEJ,Bhakra,23-Jul-21,,
SUTLEJ,Sulemanki,23-Jul-21,14057,2611
SUTLEJ,Islam,23-Jul-21,2457,1277
INDUS,Kalabagh,23-Jul-21,201079,196079
INDUS,Chashma,23-Jul-21,196409,190009
INDUS,Taunsa,23-Jul-21,220170,191070
INDUS,Guddu,23-Jul-21,177248,134718
INDUS,Sukkar,23-Jul-21,110700,54365
INDUS,Kotri,23-Jul-21,26255,480
JHELUM,Kotli,23-Jul-21,-,5380
JHELUM,Mangla,23-Jul-21,60000,8315
JHELUM,Rasul,23-Jul-21,6800,Nil
CHENAB,Jammu Tavi,23-Jul-21,,
CHENAB,Marala,23-Jul-21,54477,25333
CHENAB,Khanki,23-Jul-21,57916,51688
CHENAB,Qadirabad,23-Jul-21,57138,37138
CHENAB,Trimmu,23-Jul-21,104424,88174
CHENAB,Punjnad,23-Jul-21,16751,1651
RAVI,Jassar,23-Jul-21,-,8347
RAVI,Shahdara,23-Jul-21,-,24755
RAVI,Balloki,23-Jul-21,60879,32200
RAVI,Sidhnai,23-Jul-21,22749,5949
SUTLEJ,Bhakra,23-Jul-21,,
SUTLEJ,Sulemanki,23-Jul-21,14057,2611
SUTLEJ,Islam,23-Jul-21,1974,799
INDUS,Kalabagh,23-Jul-21,185038,179443
INDUS,Chashma,23-Jul-21,185108,176439
INDUS,Taunsa,23-Jul-21,237626,208526
INDUS,Guddu,23-Jul-21,177248,134718
INDUS,Sukkar,23-Jul-21,111875,56010
INDUS,Kotri,23-Jul-21,27260,480
JHELUM,Kotli,23-Jul-21,-,4810
JHELUM,Mangla,23-Jul-21,52000,7315
JHELUM,Rasul,23-Jul-21,3650,NIL
CHENAB,Jammu Tavi,23-Jul-21,,
CHENAB,Marala,23-Jul-21,64658,33952
CHENAB,Khanki,23-Jul-21,40920,34624
CHENAB,Qadirabad,23-Jul-21,53294,33294
CHENAB,Trimmu,23-Jul-21,98598,82348
CHENAB,Punjnad,23-Jul-21,16751,1651
RAVI,Jassar,23-Jul-21,-,7849
RAVI,Shahdara,23-Jul-21,-,24104
RAVI,Balloki,23-Jul-21,58874,29895
RAVI,Sidhnai,23-Jul-21,22749,5949
SUTLEJ,Bhakra,23-Jul-21,,
SUTLEJ,Sulemanki,23-Jul-21,14319,2611
SUTLEJ,Islam,23-Jul-21,1979,799
INDUS,Kalabagh,23-Jul-21,165042,159042
INDUS,Chashma,23-Jul-21,184848,176139
INDUS,Taunsa,23-Jul-21,226665,197265
INDUS,Guddu,23-Jul-21,177248,134718
INDUS,Sukkar,23-Jul-21,111875,56010
INDUS,Kotri,23-Jul-21,27260,480
JHELUM,Kotli,23-Jul-21,-,4530
JHELUM,Mangla,23-Jul-21,48000,11915
JHELUM,Rasul,23-Jul-21,3650,NIL
CHENAB,Jammu Tavi,23-Jul-21,,
CHENAB,Marala,23-Jul-21,56526,24311
CHENAB,Khanki,23-Jul-21,33740,24444
CHENAB,Qadirabad,23-Jul-21,49456,29456
CHENAB,Trimmu,23-Jul-21,73350,57100
CHENAB,Punjnad,23-Jul-21,15928,828
RAVI,Jassar,23-Jul-21,-,7849
RAVI,Shahdara,23-Jul-21,-,24104
RAVI,Balloki,23-Jul-21,56564,27585
RAVI,Sidhnai,23-Jul-21,24802,7802
SUTLEJ,Bhakra,23-Jul-21,,
SUTLEJ,Sulemanki,23-Jul-21,14319,2611
SUTLEJ,Islam,23-Jul-21,1979,799
INDUS,Kalabagh,24-Jul-21,169351,163181-
INDUS,Chashma,24-Jul-21,182784,176184
INDUS,Taunsa,24-Jul-21,226665,197265
INDUS,Guddu,24-Jul-21,181253,138119
INDUS,Sukkar,24-Jul-21,117337,62022
INDUS,Kotri,24-Jul-21,27870,480
JHELUM,Kotli,24-Jul-21,-,4240
JHELUM,Mangla,24-Jul-21,44000,9155
JHELUM,Rasul,24-Jul-21,3650,NIL
CHENAB,Jammu Tavi,24-Jul-21,,
CHENAB,Marala,24-Jul-21,54232,21382
CHENAB,Khanki,24-Jul-21,32036,25740
CHENAB,Qadirabad,24-Jul-21,29500,9500
CHENAB,Trimmu,24-Jul-21,73350,57100
CHENAB,Punjnad,24-Jul-21,15928,828
RAVI,Jassar,24-Jul-21,-,7849
RAVI,Shahdara,24-Jul-21,-,21756
RAVI,Balloki,24-Jul-21,52699,23520
RAVI,Sidhnai,24-Jul-21,24752,7802
SUTLEJ,Bhakra,24-Jul-21,,
SUTLEJ,Sulemanki,24-Jul-21,14319,2611
SUTLEJ,Islam,24-Jul-21,1979,799
INDUS,Kalabagh,24-Jul-21,184034,178034
INDUS,Chashma,24-Jul-21,189395,179997
INDUS,Taunsa,24-Jul-21,210617,181217
INDUS,Guddu,24-Jul-21,184537,141403
INDUS,Sukkar,24-Jul-21,117337,62022
INDUS,Kotri,24-Jul-21,29195,480
JHELUM,Kotli,24-Jul-21,-,3950
JHELUM,Mangla,24-Jul-21,50000,9115
JHELUM,Rasul,24-Jul-21,3650,Nil
CHENAB,Jammu Tavi,24-Jul-21,,
CHENAB,Marala,24-Jul-21,62762,29762
CHENAB,Khanki,24-Jul-21,32470,25740
CHENAB,Qadirabad,24-Jul-21,24161,4161
CHENAB,Trimmu,24-Jul-21,59035,42785
CHENAB,Punjnad,24-Jul-21,15100,Nil
RAVI,Jassar,24-Jul-21,-,6353
RAVI,Shahdara,24-Jul-21,-,21756
RAVI,Balloki,24-Jul-21,52699,23520
RAVI,Sidhnai,24-Jul-21,22752,7802
SUTLEJ,Bhakra,24-Jul-21,,
SUTLEJ,Sulemanki,24-Jul-21,14319,2611
SUTLEJ,Islam,24-Jul-21,1979,799
INDUS,Kalabagh,24-Jul-21,163718,157133
INDUS,Chashma,24-Jul-21,188350,180000
INDUS,Taunsa,24-Jul-21,195133,165733
INDUS,Guddu,24-Jul-21,184537,141403
INDUS,Sukkar,24-Jul-21,117337,62022
INDUS,Kotri,24-Jul-21,29885,480
JHELUM,Kotli,24-Jul-21,-,3950
JHELUM,Mangla,24-Jul-21,47000,9715
JHELUM,Rasul,24-Jul-21,3650,Nil
CHENAB,Jammu Tavi,24-Jul-21,,
CHENAB,Marala,24-Jul-21,62762,29762
CHENAB,Khanki,24-Jul-21,30402,23650
CHENAB,Qadirabad,24-Jul-21,24161,4161
CHENAB,Trimmu,24-Jul-21,59035,42785
CHENAB,Punjnad,24-Jul-21,15100,Nil
RAVI,Jassar,24-Jul-21,-,6353
RAVI,Shahdara,24-Jul-21,-,21756
RAVI,Balloki,24-Jul-21,47759,18580
RAVI,Sidhnai,24-Jul-21,25883,9133
SUTLEJ,Bhakra,24-Jul-21,,
SUTLEJ,Sulemanki,24-Jul-21,14722,2908
SUTLEJ,Islam,24-Jul-21,1979,799
INDUS,Kalabagh,24-Jul-21,145040,138040
INDUS,Chashma,24-Jul-21,189776,179926
INDUS,Taunsa,24-Jul-21,195133,165733
INDUS,Guddu,24-Jul-21,184537,141403
INDUS,Sukkar,24-Jul-21,117337,62022
INDUS,Kotri,24-Jul-21,29885,480
JHELUM,Kotli,24-Jul-21,-,3670
JHELUM,Mangla,24-Jul-21,44000,12115
JHELUM,Rasul,24-Jul-21,6820,Nil
CHENAB,Jammu Tavi,24-Jul-21,,
CHENAB,Marala,24-Jul-21,71242,38142
CHENAB,Khanki,24-Jul-21,30461,23650
CHENAB,Qadirabad,24-Jul-21,24161,4161
CHENAB,Trimmu,24-Jul-21,54750,38500
CHENAB,Punjnad,24-Jul-21,15625,Nil
RAVI,Jassar,24-Jul-21,-,7101
RAVI,Shahdara,24-Jul-21,-,21756
RAVI,Balloki,24-Jul-21,47914,19735
RAVI,Sidhnai,24-Jul-21,25883,9133
SUTLEJ,Bhakra,24-Jul-21,,
SUTLEJ,Sulemanki,24-Jul-21,14722,2908
SUTLEJ,Islam,24-Jul-21,1979,799
INDUS,Kalabagh,25-Jul-21,177520,170350
INDUS,Chashma,25-Jul-21,191549,179644
INDUS,Taunsa,25-Jul-21,195133,165733
INDUS,Guddu,25-Jul-21,201855,158721
INDUS,Sukkar,25-Jul-21,122115,65880
INDUS,Kotri,25-Jul-21,29885,480
JHELUM,Kotli,25-Jul-21,-,3380
JHELUM,Mangla,25-Jul-21,42000,9715
JHELUM,Rasul,25-Jul-21,6820,Nil
CHENAB,Jammu Tavi,25-Jul-21,,
CHENAB,Marala,25-Jul-21,62862,29762
CHENAB,Khanki,25-Jul-21,34255,27444
CHENAB,Qadirabad,25-Jul-21,26868,6868
CHENAB,Trimmu,25-Jul-21,54750,38500
CHENAB,Punjnad,25-Jul-21,15625,Nil
RAVI,Jassar,25-Jul-21,-,7101
RAVI,Shahdara,25-Jul-21,-,24755
RAVI,Balloki,25-Jul-21,41769,13590
RAVI,Sidhnai,25-Jul-21,25633,9133
SUTLEJ,Bhakra,25-Jul-21,,
SUTLEJ,Sulemanki,25-Jul-21,15398,3584
SUTLEJ,Islam,25-Jul-21,1979,799
INDUS,Kalabagh,25-Jul-21,177850,170350
INDUS,Chashma,25-Jul-21,194504,179989
INDUS,Taunsa,25-Jul-21,180047,159090
INDUS,Guddu,25-Jul-21,195387,152253
INDUS,Sukkar,25-Jul-21,122115,65880
INDUS,Kotri,25-Jul-21,31205,480
JHELUM,Kotli,25-Jul-21,-,3100
JHELUM,Mangla,25-Jul-21,50000,8015
JHELUM,Rasul,25-Jul-21,6820,Nil
CHENAB,Marala,25-Jul-21,79622,46522
CHENAB,Khanki,25-Jul-21,38073,31262
CHENAB,Qadirabad,25-Jul-21,29550,9550
CHENAB,Trimmu,25-Jul-21,46181,29781
CHENAB,Punjnad,25-Jul-21,22677,7052
RAVI,Jassar,25-Jul-21,-,7600
RAVI,Shahdara,25-Jul-21,-,24755
RAVI,Balloki,25-Jul-21,41769,13590
RAVI,Sidhnai,25-Jul-21,25633,9133
SUTLEJ,Sulemanki,25-Jul-21,15398,3584
SUTLEJ,Islam,25-Jul-21,1979,799
INDUS,Kalabagh,25-Jul-21,156480,148980
INDUS,Chashma,25-Jul-21,196881,180001
INDUS,Taunsa,25-Jul-21,180047,159090
INDUS,Guddu,25-Jul-21,192370,148686
INDUS,Sukkar,25-Jul-21,122115,65880
INDUS,Kotri,25-Jul-21,32925,480
JHELUM,Kotli,25-Jul-21,-,2810
JHELUM,Mangla,25-Jul-21,43000,10115
JHELUM,Rasul,25-Jul-21,6820,Nil
CHENAB,Marala,25-Jul-21,92753,59553
CHENAB,Khanki,25-Jul-21,38155,31262
CHENAB,Qadirabad,25-Jul-21,32217,12217
CHENAB,Trimmu,25-Jul-21,43457,27057
CHENAB,Punjnad,25-Jul-21,35557,19932
RAVI,Jassar,25-Jul-21,-,6353
RAVI,Shahdara,25-Jul-21,-,24755
RAVI,Balloki,25-Jul-21,39394,11215
RAVI,Sidhnai,25-Jul-21,25633,9133
SUTLEJ,Sulemanki,25-Jul-21,14290,2275
SUTLEJ,Islam,25-Jul-21,1979,799
INDUS,Kalabagh,25-Jul-21,147449,139949
INDUS,Chashma,25-Jul-21,199428,180285
INDUS,Taunsa,25-Jul-21,180047,159090
INDUS,Guddu,25-Jul-21,192370,148686
INDUS,Sukkar,25-Jul-21,122115,65880
INDUS,Kotri,25-Jul-21,32925,480
JHELUM,Kotli,25-Jul-21,-,2520
JHELUM,Mangla,25-Jul-21,43000,12115
JHELUM,Rasul,25-Jul-21,6820,Nil
CHENAB,Marala,25-Jul-21,94927,61677
CHENAB,Khanki,25-Jul-21,38155,31262
CHENAB,Qadirabad,25-Jul-21,32217,12217
CHENAB,Trimmu,25-Jul-21,41483,25083
CHENAB,Punjnad,25-Jul-21,37841,22216
RAVI,Jassar,25-Jul-21,-,6353
RAVI,Shahdara,25-Jul-21,-,24755
RAVI,Balloki,25-Jul-21,39394,11215
RAVI,Sidhnai,25-Jul-21,27562,11662
SUTLEJ,Sulemanki,25-Jul-21,14290,2275
SUTLEJ,Islam,25-Jul-21,1979,799
INDUS,Kalabagh,26-Jul-21,167138,159638
INDUS,Chashma,26-Jul-21,200593,179713
INDUS,Taunsa,26-Jul-21,180047,159090
INDUS,Guddu,26-Jul-21,186255,142571
INDUS,Sukkar,26-Jul-21,133050,76585
INDUS,Kotri,26-Jul-21,34562,527
JHELUM,Kotli,26-Jul-21,-,3100
JHELUM,Mangla,26-Jul-21,64000,10255
JHELUM,Rasul,26-Jul-21,6820,Nil
CHENAB,Marala,26-Jul-21,87304,54054
CHENAB,Khanki,26-Jul-21,51619,44726
CHENAB,Qadirabad,26-Jul-21,38899,18899
CHENAB,Trimmu,26-Jul-21,41483,25083
CHENAB,Punjnad,26-Jul-21,37841,22216
RAVI,Jassar,26-Jul-21,-,6353
RAVI,Shahdara,26-Jul-21,-,26059
RAVI,Balloki,26-Jul-21,39394,11215
RAVI,Sidhnai,26-Jul-21,27562,11662
SUTLEJ,Sulemanki,26-Jul-21,14290,2275
SUTLEJ,Islam,26-Jul-21,1979,799
INDUS,Kalabagh,26-Jul-21,167138,159638
INDUS,Chashma,26-Jul-21,200524,180003
INDUS,Taunsa,26-Jul-21,172330,150963
INDUS,Guddu,26-Jul-21,177059,133375
INDUS,Sukkar,26-Jul-21,133050,76585
INDUS,Kotri,26-Jul-21,36322,527
JHELUM,Kotli,26-Jul-21,-,5100
JHELUM,Mangla,26-Jul-21,70000,10115
JHELUM,Rasul,26-Jul-21,6820,-
CHENAB,Marala,26-Jul-21,99603,66353
CHENAB,Khanki,26-Jul-21,65603,58710
CHENAB,Qadirabad,26-Jul-21,51982,31982
CHENAB,Trimmu,26-Jul-21,39451,23051
CHENAB,Punjnad,26-Jul-21,47262,31637
RAVI,Jassar,26-Jul-21,-,5337
RAVI,Shahdara,26-Jul-21,-,26059
RAVI,Balloki,26-Jul-21,39394,11215
RAVI,Sidhnai,26-Jul-21,27562,11662
SUTLEJ,Sulemanki,26-Jul-21,14290,2275
SUTLEJ,Islam,26-Jul-21,1979,799
INDUS,Kalabagh,26-Jul-21,155526,148026
INDUS,Chashma,26-Jul-21,202596,179996
INDUS,Taunsa,26-Jul-21,172330,150963
INDUS,Guddu,26-Jul-21,168886,125202
INDUS,Sukkar,26-Jul-21,133050,76585
INDUS,Kotri,26-Jul-21,37582,527
JHELUM,Kotli,26-Jul-21,-,5960
JHELUM,Mangla,26-Jul-21,60000,9915
JHELUM,Rasul,26-Jul-21,6970,NIL
CHENAB,Marala,26-Jul-21,123835,90585
CHENAB,Khanki,26-Jul-21,68479,61632
CHENAB,Qadirabad,26-Jul-21,61057,41057
CHENAB,Trimmu,26-Jul-21,31636,15236
CHENAB,Punjnad,26-Jul-21,47262,31637
RAVI,Jassar,26-Jul-21,-,5337
RAVI,Shahdara,26-Jul-21,-,26059
RAVI,Balloki,26-Jul-21,39544,11215
RAVI,Sidhnai,26-Jul-21,29353,13553
SUTLEJ,Sulemanki,26-Jul-21,14454,2318
SUTLEJ,Islam,26-Jul-21,1979,799
INDUS,Kalabagh,26-Jul-21,146495,138995
INDUS,Chashma,26-Jul-21,198139,179749
INDUS,Taunsa,26-Jul-21,172330,150963
INDUS,Guddu,26-Jul-21,168886,125202
INDUS,Sukkar,26-Jul-21,133050,76585
INDUS,Kotri,26-Jul-21,37582,527
JHELUM,Kotli,26-Jul-21,-,5100
JHELUM,Mangla,26-Jul-21,52000,9915
JHELUM,Rasul,26-Jul-21,8970,NIL
CHENAB,Marala,26-Jul-21,117580,84320
CHENAB,Khanki,26-Jul-21,90650,84365
CHENAB,Qadirabad,26-Jul-21,63281,43281
CHENAB,Trimmu,26-Jul-21,29393,12993
CHENAB,Punjnad,26-Jul-21,47262,31637
RAVI,Jassar,26-Jul-21,-,5845
RAVI,Shahdara,26-Jul-21,-,26059
RAVI,Balloki,26-Jul-21,39544,11215
RAVI,Sidhnai,26-Jul-21,28718,12918
SUTLEJ,Sulemanki,26-Jul-21,14454,2318
SUTLEJ,Islam,26-Jul-21,1979,799
INDUS,Kalabagh,27-Jul-21,167138,159638
INDUS,Chashma,27-Jul-21,197101,179971
INDUS,Taunsa,27-Jul-21,172330,150963
INDUS,Guddu,27-Jul-21,164897,121213
INDUS,Sukkar,27-Jul-21,126765,70300
INDUS,Kotri,27-Jul-21,37590,635
JHELUM,Kotli,27-Jul-21,-,4530
JHELUM,Mangla,27-Jul-21,50000,10115
JHELUM,Rasul,27-Jul-21,9970,NIL
CHENAB,Marala,27-Jul-21,107072,73822
CHENAB,Khanki,27-Jul-21,99079,92950
CHENAB,Qadirabad,27-Jul-21,96147,76147
CHENAB,Trimmu,27-Jul-21,29393,12993
CHENAB,Punjnad,27-Jul-21,47262,31637
RAVI,Jassar,27-Jul-21,-,5845
RAVI,Shahdara,27-Jul-21,-,26711
RAVI,Balloki,27-Jul-21,39644,11215
RAVI,Sidhnai,27-Jul-21,28718,12918
SUTLEJ,Sulemanki,27-Jul-21,14454,2318
SUTLEJ,Islam,27-Jul-21,1979,799
INDUS,Kalabagh,27-Jul-21,176896,169396
INDUS,Chashma,27-Jul-21,194264,180058
INDUS,Taunsa,27-Jul-21,172740,151715
INDUS,Guddu,27-Jul-21,162493,121213
INDUS,Sukkar,27-Jul-21,124465,68000
INDUS,Kotri,27-Jul-21,39480,635
JHELUM,Kotli,27-Jul-21,-,3950
JHELUM,Mangla,27-Jul-21,77000,9915
JHELUM,Rasul,27-Jul-21,9970,-
CHENAB,Marala,27-Jul-21,103378,70128
CHENAB,Khanki,27-Jul-21,94177,88026
CHENAB,Qadirabad,27-Jul-21,96147,76147
CHENAB,Trimmu,27-Jul-21,24437,8037
CHENAB,Punjnad,27-Jul-21,43530,27905
RAVI,Jassar,27-Jul-21,-,20200
RAVI,Shahdara,27-Jul-21,-,26059
RAVI,Balloki,27-Jul-21,39644,11215
RAVI,Sidhnai,27-Jul-21,28718,12918
SUTLEJ,Sulemanki,27-Jul-21,14454,2318
SUTLEJ,Islam,27-Jul-21,1979,799
INDUS,Kalabagh,27-Jul-21,155526,148026
INDUS,Chashma,27-Jul-21,212342,200562
INDUS,Taunsa,27-Jul-21,172740,151715
INDUS,Guddu,27-Jul-21,162493,121213
INDUS,Sukkar,27-Jul-21,122475,66010
INDUS,Kotri,27-Jul-21,40895,790
JHELUM,Kotli,27-Jul-21,-,4240
JHELUM,Mangla,27-Jul-21,55000,10115
JHELUM,Rasul,27-Jul-21,9930,NIL
CHENAB,Marala,27-Jul-21,111315,78165
CHENAB,Khanki,27-Jul-21,90516,84365
CHENAB,Qadirabad,27-Jul-21,96147,76147
CHENAB,Trimmu,27-Jul-21,24437,8037
CHENAB,Punjnad,27-Jul-21,43530,27905
RAVI,Jassar,27-Jul-21,-,16700
RAVI,Shahdara,27-Jul-21,-,26059
RAVI,Balloki,27-Jul-21,38109,9430
RAVI,Sidhnai,27-Jul-21,30379,14579
SUTLEJ,Sulemanki,27-Jul-21,14454,2318
SUTLEJ,Islam,27-Jul-21,1979,799
INDUS,Kalabagh,27-Jul-21,146495,138995
INDUS,Chashma,27-Jul-21,213716,200354
INDUS,Taunsa,27-Jul-21,172262,151286
INDUS,Guddu,27-Jul-21,162493,121213
INDUS,Sukkar,27-Jul-21,122475,66010
INDUS,Kotri,27-Jul-21,40895,790
JHELUM,Kotli,27-Jul-21,-,5100
JHELUM,Mangla,27-Jul-21,50000,10115
JHELUM,Rasul,27-Jul-21,9930,NIL
CHENAB,Marala,27-Jul-21,111315,78165
CHENAB,Khanki,27-Jul-21,81796,75645
CHENAB,Qadirabad,27-Jul-21,96147,76147
CHENAB,Trimmu,27-Jul-21,24437,8037
CHENAB,Punjnad,27-Jul-21,43530,27905
RAVI,Jassar,27-Jul-21,-,14636
RAVI,Shahdara,27-Jul-21,-,26059
RAVI,Balloki,27-Jul-21,38109,9430
RAVI,Sidhnai,27-Jul-21,30360,14560
SUTLEJ,Sulemanki,27-Jul-21,14454,2318
SUTLEJ,Islam,27-Jul-21,1979,799
INDUS,Kalabagh,28-Jul-21,170861,163361
INDUS,Chashma,28-Jul-21,214232,200752
INDUS,Taunsa,28-Jul-21,172262,151286
INDUS,Guddu,28-Jul-21,160862,118432
INDUS,Sukkar,28-Jul-21,112010,56195
INDUS,Kotri,28-Jul-21,43565,3180
JHELUM,Kotli,28-Jul-21,-,38570
JHELUM,Mangla,28-Jul-21,45000,10555
JHELUM,Rasul,28-Jul-21,7430,NIL
CHENAB,Marala,28-Jul-21,107278,74128
CHENAB,Khanki,28-Jul-21,78769,72618
CHENAB,Qadirabad,28-Jul-21,81312,61312
CHENAB,Trimmu,28-Jul-21,27026,10626
CHENAB,Punjnad,28-Jul-21,43530,27905
RAVI,Jassar,28-Jul-21,-,14636
RAVI,Shahdara,28-Jul-21,-,35754
RAVI,Balloki,28-Jul-21,38984,10305
RAVI,Sidhnai,28-Jul-21,28206,12406
SUTLEJ,Sulemanki,28-Jul-21,14454,2318
SUTLEJ,Islam,28-Jul-21,1979,799
INDUS,Kalabagh,28-Jul-21,193682,186182
INDUS,Chashma,28-Jul-21,207586,195023
INDUS,Taunsa,28-Jul-21,172068,151530
INDUS,Guddu,28-Jul-21,152707,108975
INDUS,Sukkar,28-Jul-21,112010,56195
INDUS,Kotri,28-Jul-21,44225,3180
JHELUM,Kotli,28-Jul-21,-,20160
JHELUM,Mangla,28-Jul-21,109000,8515
JHELUM,Rasul,28-Jul-21,3930,-
CHENAB,Jammu Tavi,28-Jul-21,-,-
CHENAB,Marala,28-Jul-21,128370,95220
CHENAB,Khanki,28-Jul-21,94177,88026
CHENAB,Qadirabad,28-Jul-21,81312,61312
CHENAB,Trimmu,28-Jul-21,27026,10626
CHENAB,Punjnad,28-Jul-21,39475,23850
RAVI,Jassar,28-Jul-21,-,12571
RAVI,Shahdara,28-Jul-21,-,36477
RAVI,Balloki,28-Jul-21,39859,11180
RAVI,Sidhnai,28-Jul-21,28206,12406
SUTLEJ,Bhakra,28-Jul-21,47744,18167
SUTLEJ,Sulemanki,28-Jul-21,14454,2318
SUTLEJ,Islam,28-Jul-21,2125,945
INDUS,Kalabagh,28-Jul-21,185134,177634
INDUS,Chashma,28-Jul-21,207753,194907
INDUS,Taunsa,28-Jul-21,172068,151530
INDUS,Guddu,28-Jul-21,152707,108975
INDUS,Sukkar,28-Jul-21,112010,56195
INDUS,Kotri,28-Jul-21,46390,5115
JHELUM,Kotli,28-Jul-21,-,11930
JHELUM,Mangla,28-Jul-21,80000,14715
JHELUM,Rasul,28-Jul-21,6820,NIL
CHENAB,Jammu Tavi,28-Jul-21,-,-
CHENAB,Marala,28-Jul-21,165850,137700
CHENAB,Khanki,28-Jul-21,102791,96640
CHENAB,Qadirabad,28-Jul-21,85096,65096
CHENAB,Trimmu,28-Jul-21,30821,14421
CHENAB,Punjnad,28-Jul-21,39475,23850
RAVI,Jassar,28-Jul-21,-,11826
RAVI,Shahdara,28-Jul-21,-,27362
RAVI,Balloki,28-Jul-21,42524,13845
RAVI,Sidhnai,28-Jul-21,26039,9914
SUTLEJ,Bhakra,28-Jul-21,-,-
SUTLEJ,Sulemanki,28-Jul-21,14320,2381
SUTLEJ,Islam,28-Jul-21,2125,945
CHENAB,Qadirabad,28-Jul-21,99769,79769
CHENAB,Qadirabad,28-Jul-21,112648,92648
CHENAB,Qadirabad,28-Jul-21,119274,99274
CHENAB,Marala,28-Jul-21,165850,137700
CHENAB,Marala,28-Jul-21,165850,137700
CHENAB,Marala,28-Jul-21,164018,137700
CHENAB,Marala,28-Jul-21,153255,129000
CHENAB,Marala,28-Jul-21,151600,129000
CHENAB,Marala,28-Jul-21,159490,136890
CHENAB,Khanki,28-Jul-21,114840,108767
CHENAB,Khanki,28-Jul-21,135477,129625
CHENAB,Khanki,28-Jul-21,165310,159458
INDUS,Kalabagh,28-Jul-21,192882,186182
INDUS,Chashma,28-Jul-21,246839,236267
INDUS,Taunsa,28-Jul-21,172068,151530
INDUS,Guddu,28-Jul-21,152707,108975
INDUS,Sukkar,28-Jul-21,112010,56195
INDUS,Kotri,28-Jul-21,46390,5115
JHELUM,Kotli,28-Jul-21,-,13410
JHELUM,Mangla,28-Jul-21,78000,10915
JHELUM,Rasul,28-Jul-21,9820,NIL
CHENAB,Jammu Tavi,28-Jul-21,-,-
CHENAB,Marala,28-Jul-21,169108,146508
CHENAB,Khanki,28-Jul-21,165310,159458
CHENAB,Qadirabad,28-Jul-21,129524,109524
CHENAB,Trimmu,28-Jul-21,30821,14421
CHENAB,Punjnad,28-Jul-21,39475,23850
RAVI,Jassar,28-Jul-21,-,12571
RAVI,Shahdara,28-Jul-21,-,28014
RAVI,Balloki,28-Jul-21,42124,13845
RAVI,Sidhnai,28-Jul-21,25234,9109
SUTLEJ,Bhakra,28-Jul-21,-,-
SUTLEJ,Sulemanki,28-Jul-21,14867,2318
SUTLEJ,Islam,28-Jul-21,2125,945
CHENAB,Khanki,29-Jul-21,165310,159458
CHENAB,Khanki,29-Jul-21,165310,159458
CHENAB,Khanki,29-Jul-21,165310,159458
CHENAB,Khanki,29-Jul-21,165310,159458
CHENAB,Khanki,29-Jul-21,164337,158485
CHENAB,Qadirabad,29-Jul-21,151324,131324
CHENAB,Qadirabad,29-Jul-21,151324,131324
CHENAB,Qadirabad,29-Jul-21,164870,144870
CHENAB,Qadirabad,29-Jul-21,164870,144870
CHENAB,Qadirabad,29-Jul-21,164870,144870
INDUS,Kalabagh,29-Jul-21,223329,216829
INDUS,Chashma,29-Jul-21,242431,232303
INDUS,Taunsa,29-Jul-21,172068,151530
INDUS,Guddu,29-Jul-21,155088,112638
INDUS,Sukkar,29-Jul-21,107660,51800
INDUS,Kotri,29-Jul-21,49187,9832
JHELUM,Kotli,29-Jul-21,-,11650
JHELUM,Mangla,29-Jul-21,55000,8655
JHELUM,Rasul,29-Jul-21,9720,NIL
CHENAB,Jammu Tavi,29-Jul-21,-,-
CHENAB,Marala,29-Jul-21,193750,171150
CHENAB,Khanki,29-Jul-21,164337,158485
CHENAB,Qadirabad,29-Jul-21,164870,144870
CHENAB,Trimmu,29-Jul-21,45097,28697
CHENAB,Punjnad,29-Jul-21,39475,23850
RAVI,Jassar,29-Jul-21,-,14636
RAVI,Shahdara,29-Jul-21,-,32138
RAVI,Balloki,29-Jul-21,46279,18000
RAVI,Sidhnai,29-Jul-21,24594,8469
SUTLEJ,Bhakra,29-Jul-21,-,-
SUTLEJ,Sulemanki,29-Jul-21,14867,2318
SUTLEJ,Islam,29-Jul-21,2125,945
CHENAB,Marala,29-Jul-21,193750,171150
CHENAB,Marala,29-Jul-21,189880,167280
CHENAB,Marala,29-Jul-21,189880,167280
CHENAB,Marala,29-Jul-21,169768,147168
CHENAB,Marala,29-Jul-21,147628,125028
CHENAB,Marala,29-Jul-21,133000,110400
CHENAB,Marala,29-Jul-21,133000,110400
CHENAB,Khanki,29-Jul-21,164337,158485
CHENAB,Khanki,29-Jul-21,164337,158485
CHENAB,Khanki,29-Jul-21,175918,170066
CHENAB,Khanki,29-Jul-21,175918,170066
CHENAB,Khanki,29-Jul-21,189540,183688
CHENAB,Khanki,29-Jul-21,189606,183688
CHENAB,Khanki,29-Jul-21,189683,183688
CHENAB,Qadirabad,29-Jul-21,164870,144870
CHENAB,Qadirabad,29-Jul-21,164870,144870
CHENAB,Qadirabad,29-Jul-21,164870,144870
CHENAB,Qadirabad,29-Jul-21,164870,144870
CHENAB,Qadirabad,29-Jul-21,164870,144870
CHENAB,Qadirabad,29-Jul-21,167841,147841
CHENAB,Qadirabad,29-Jul-21,167841,147841
INDUS,Kalabagh,29-Jul-21,250084,243584
INDUS,Chashma,29-Jul-21,249199,239519
INDUS,Taunsa,29-Jul-21,171775,151832
INDUS,Guddu,29-Jul-21,156993,115193
INDUS,Sukkar,29-Jul-21,107660,51800
INDUS,Kotri,29-Jul-21,49187,9832
JHELUM,Kotli,29-Jul-21,-,8530
JHELUM,Mangla,29-Jul-21,50000,14815
JHELUM,Rasul,29-Jul-21,11720,-
CHENAB,Jammu Tavi,29-Jul-21,-,-
CHENAB,Marala,29-Jul-21,133000,110400
CHENAB,Khanki,29-Jul-21,189683,183688
CHENAB,Qadirabad,29-Jul-21,167841,147841
CHENAB,Trimmu,29-Jul-21,55486,39086
CHENAB,Punjnad,29-Jul-21,33986,18361
RAVI,Jassar,29-Jul-21,-,19500
RAVI,Shahdara,29-Jul-21,-,32861
RAVI,Balloki,29-Jul-21,46679,18000
RAVI,Sidhnai,29-Jul-21,24752,7802
SUTLEJ,Bhakra,29-Jul-21,66838,15185
SUTLEJ,Sulemanki,29-Jul-21,14867,2318
SUTLEJ,Islam,29-Jul-21,2125,945
CHENAB,Khanki,29-Jul-21,189683,183688
CHENAB,Khanki,29-Jul-21,189683,183688
CHENAB,Khanki,29-Jul-21,189683,183688
CHENAB,Khanki,29-Jul-21,189683,183688
CHENAB,Khanki,29-Jul-21,183000,177005
CHENAB,Qadirabad,29-Jul-21,184191,164191
CHENAB,Qadirabad,29-Jul-21,184191,164191
CHENAB,Qadirabad,29-Jul-21,187812,167812
CHENAB,Qadirabad,29-Jul-21,187812,167812
CHENAB,Qadirabad,29-Jul-21,187812,167812
INDUS,Kalabagh,29-Jul-21,279516,273016
INDUS,Chashma,29-Jul-21,252763,244567
INDUS,Taunsa,29-Jul-21,175966,155862
INDUS,Guddu,29-Jul-21,156993,115193
INDUS,Sukkar,29-Jul-21,105100,50050
INDUS,Kotri,29-Jul-21,49187,9832
JHELUM,Kotli,29-Jul-21,-,7670
JHELUM,Mangla,29-Jul-21,55000,12215
JHELUM,Rasul,29-Jul-21,11720,NIL
CHENAB,Jammu Tavi,29-Jul-21,-,-
CHENAB,Marala,29-Jul-21,118174,95574
CHENAB,Khanki,29-Jul-21,154217,148222
CHENAB,Qadirabad,29-Jul-21,187812,167812
CHENAB,Trimmu,29-Jul-21,61852,45452
CHENAB,Punjnad,29-Jul-21,31356,15731
RAVI,Jassar,29-Jul-21,-,20200
RAVI,Shahdara,29-Jul-21,-,30692
RAVI,Balloki,29-Jul-21,50219,21540
RAVI,Sidhnai,29-Jul-21,24353,8353
SUTLEJ,Bhakra,29-Jul-21,-,-
SUTLEJ,Sulemanki,29-Jul-21,14768,2318
SUTLEJ,Islam,29-Jul-21,2125,945
INDUS,Kalabagh,29-Jul-21,270082,263582
CHENAB,Khanki,29-Jul-21,154239,148222
CHENAB,Khanki,29-Jul-21,151222,145205
CHENAB,Khanki,29-Jul-21,151222,145205
CHENAB,Khanki,29-Jul-21,128051,121900
CHENAB,Qadirabad,29-Jul-21,187812,167812
CHENAB,Qadirabad,29-Jul-21,187812,167812
CHENAB,Qadirabad,29-Jul-21,18419,164119
CHENAB,Qadirabad,29-Jul-21,178817,158817
CHENAB,Qadirabad,29-Jul-21,178817,158817
INDUS,Kalabagh,29-Jul-21,265324,258824
INDUS,Chashma,29-Jul-21,332386,323586
INDUS,Taunsa,29-Jul-21,175966,155862
INDUS,Guddu,29-Jul-21,156993,115193
INDUS,Sukkar,29-Jul-21,105100,50050
INDUS,Kotri,29-Jul-21,49187,9832
JHELUM,Kotli,29-Jul-21,-,7100
JHELUM,Mangla,29-Jul-21,46000,8015
JHELUM,Rasul,29-Jul-21,11720,NIL
CHENAB,Jammu Tavi,29-Jul-21,-,-
CHENAB,Marala,29-Jul-21,113032,90432
CHENAB,Khanki,29-Jul-21,109789,103470
CHENAB,Qadirabad,29-Jul-21,138052,118052
CHENAB,Trimmu,29-Jul-21,61852,45452
CHENAB,Punjnad,29-Jul-21,31356,15731
RAVI,Jassar,29-Jul-21,-,18100
RAVI,Shahdara,29-Jul-21,-,30692
RAVI,Balloki,29-Jul-21,50219,21540
RAVI,Sidhnai,29-Jul-21,24453,8353
SUTLEJ,Bhakra,29-Jul-21,-,-
SUTLEJ,Sulemanki,29-Jul-21,14768,2318
SUTLEJ,Islam,29-Jul-21,2125,945
INDUS,Kalabagh,30-Jul-21,266279,259779
INDUS,Chashma,30-Jul-21,307825,299025
INDUS,Taunsa,30-Jul-21,185848,164720
INDUS,Guddu,30-Jul-21,152913,111113
INDUS,Sukkar,30-Jul-21,101015,46695
INDUS,Kotri,30-Jul-21,55885,17760
JHELUM,Kotli,30-Jul-21,-,6530
JHELUM,Mangla,30-Jul-21,50000,8015
JHELUM,Rasul,30-Jul-21,9720,NIL
CHENAB,Jammu Tavi,30-Jul-21,-,-
CHENAB,Marala,30-Jul-21,98182,75582
CHENAB,Khanki,30-Jul-21,102239,95920
CHENAB,Qadirabad,30-Jul-21,113923,93923
CHENAB,Trimmu,30-Jul-21,69299,52999
CHENAB,Punjnad,30-Jul-21,31356,15731
RAVI,Jassar,30-Jul-21,-,18100
RAVI,Shahdara,30-Jul-21,-,31415
RAVI,Balloki,30-Jul-21,52854,24175
RAVI,Sidhnai,30-Jul-21,24453,8353
SUTLEJ,Bhakra,30-Jul-21,-,-
SUTLEJ,Sulemanki,30-Jul-21,14768,2318
SUTLEJ,Islam,30-Jul-21,1979,799
INDUS,Kalabagh,30-Jul-21,264369,257869
INDUS,Chashma,30-Jul-21,298234,289434
INDUS,Taunsa,30-Jul-21,186758,165906
INDUS,Guddu,30-Jul-21,149872,108472
INDUS,Sukkar,30-Jul-21,101015,46695
INDUS,Kotri,30-Jul-21,55885,17760
JHELUM,Kotli,30-Jul-21,-,8530
JHELUM,Mangla,30-Jul-21,60000,8615
JHELUM,Rasul,30-Jul-21,8720,-
CHENAB,Jammu Tavi,30-Jul-21,-,-
CHENAB,Marala,30-Jul-21,98182,75582
CHENAB,Khanki,30-Jul-21,97981,91572
CHENAB,Qadirabad,30-Jul-21,106035,86035
CHENAB,Trimmu,30-Jul-21,114655,98355
CHENAB,Punjnad,30-Jul-21,27827,12202
RAVI,Jassar,30-Jul-21,-,12571
RAVI,Shahdara,30-Jul-21,-,31415
RAVI,Balloki,30-Jul-21,52854,24175
RAVI,Sidhnai,30-Jul-21,24453,8353
SUTLEJ,Bhakra,30-Jul-21,51993,19415
SUTLEJ,Sulemanki,30-Jul-21,14768,2318
SUTLEJ,Islam,30-Jul-21,1979,799
INDUS,Kalabagh,30-Jul-21,264369,257869
INDUS,Chashma,30-Jul-21,293119,284319
INDUS,Taunsa,30-Jul-21,186758,165906
INDUS,Guddu,30-Jul-21,149872,108472
INDUS,Sukkar,30-Jul-21,101015,46695
INDUS,Kotri,30-Jul-21,55885,17760
JHELUM,Kotli,30-Jul-21,-,7670
JHELUM,Mangla,30-Jul-21,55000,9715
JHELUM,Rasul,30-Jul-21,3820,NIL
CHENAB,Jammu Tavi,30-Jul-21,-,-
CHENAB,Marala,30-Jul-21,138196,120252
CHENAB,Khanki,30-Jul-21,87461,80754
CHENAB,Qadirabad,30-Jul-21,91696,71696
CHENAB,Trimmu,30-Jul-21,114655,98355
CHENAB,Punjnad,30-Jul-21,27827,12202
RAVI,Jassar,30-Jul-21,-,11454
RAVI,Shahdara,30-Jul-21,-,30692
RAVI,Balloki,30-Jul-21,52854,24175
RAVI,Sidhnai,30-Jul-21,24653,8353
SUTLEJ,Bhakra,30-Jul-21,-,-
SUTLEJ,Sulemanki,30-Jul-21,14768,2318
SUTLEJ,Islam,30-Jul-21,1979,799
INDUS,Kalabagh,30-Jul-21,280471,273971
INDUS,Chashma,30-Jul-21,292766,283966
INDUS,Taunsa,30-Jul-21,193347,171817
INDUS,Guddu,30-Jul-21,149872,108472
INDUS,Sukkar,30-Jul-21,101015,46695
INDUS,Kotri,30-Jul-21,55885,17760
JHELUM,Kotli,30-Jul-21,-,8250
JHELUM,Mangla,30-Jul-21,50000,11815
JHELUM,Rasul,30-Jul-21,3820,NIL
CHENAB,Jammu Tavi,30-Jul-21,-,-
CHENAB,Marala,30-Jul-21,109408,94758
CHENAB,Khanki,30-Jul-21,87599,80754
CHENAB,Qadirabad,30-Jul-21,86128,66128
CHENAB,Trimmu,30-Jul-21,114655,98355
CHENAB,Punjnad,30-Jul-21,27827,12202
RAVI,Jassar,30-Jul-21,-,11081
RAVI,Shahdara,30-Jul-21,-,30692
RAVI,Balloki,30-Jul-21,52604,24175
RAVI,Sidhnai,30-Jul-21,24753,8353
SUTLEJ,Bhakra,30-Jul-21,-,-
SUTLEJ,Sulemanki,30-Jul-21,14768,2318
SUTLEJ,Islam,30-Jul-21,1979,799
INDUS,Kalabagh,31-Jul-21,296854,290354
INDUS,Chashma,31-Jul-21,298115,289315
INDUS,Taunsa,31-Jul-21,193347,171817
INDUS,Guddu,31-Jul-21,148540,107890
INDUS,Sukkar,31-Jul-21,100061,45756
INDUS,Kotri,31-Jul-21,62985,25680
JHELUM,Kotli,31-Jul-21,-,7670
JHELUM,Mangla,31-Jul-21,50000,11355
JHELUM,Rasul,31-Jul-21,3820,NIL
CHENAB,Jammu Tavi,31-Jul-21,-,-
CHENAB,Marala,31-Jul-21,105562,90912
CHENAB,Khanki,31-Jul-21,119444,112599
CHENAB,Qadirabad,31-Jul-21,86128,66128
CHENAB,Trimmu,31-Jul-21,123167,106867
CHENAB,Punjnad,31-Jul-21,27827,12202
RAVI,Jassar,31-Jul-21,-,11081
RAVI,Shahdara,31-Jul-21,-,26711
RAVI,Balloki,31-Jul-21,53484,25055
RAVI,Sidhnai,31-Jul-21,25722,9322
SUTLEJ,Bhakra,31-Jul-21,-,-
SUTLEJ,Sulemanki,31-Jul-21,14768,2318
SUTLEJ,Islam,31-Jul-21,1979,799
INDUS,Kalabagh,31-Jul-21,296854,290354
INDUS,Chashma,31-Jul-21,318474,309674
INDUS,Taunsa,31-Jul-21,240943,214922
INDUS,Guddu,31-Jul-21,148540,107890
INDUS,Sukkar,31-Jul-21,100061,45756
INDUS,Kotri,31-Jul-21,62985,25680
JHELUM,Kotli,31-Jul-21,-,7670
JHELUM,Mangla,31-Jul-21,77000,10415
JHELUM,Rasul,31-Jul-21,3820,Nill
CHENAB,Jammu Tavi,31-Jul-21,-,-
CHENAB,Marala,31-Jul-21,109918,91250
CHENAB,Khanki,31-Jul-21,106845,99950
CHENAB,Qadirabad,31-Jul-21,111225,91225
CHENAB,Trimmu,31-Jul-21,123167,106867
CHENAB,Punjnad,31-Jul-21,23933,8208
RAVI,Jassar,31-Jul-21,-,9591
RAVI,Shahdara,31-Jul-21,-,26711
RAVI,Balloki,31-Jul-21,53134,25055
RAVI,Sidhnai,31-Jul-21,25722,9322
SUTLEJ,Bhakra,31-Jul-21,-,-
SUTLEJ,Sulemanki,31-Jul-21,14768,2318
SUTLEJ,Islam,31-Jul-21,1599,419
INDUS,Kalabagh,31-Jul-21,270082,263582
INDUS,Chashma,31-Jul-21,341603,332803
INDUS,Taunsa,31-Jul-21,258955,231078
INDUS,Guddu,31-Jul-21,148540,107890
INDUS,Sukkar,31-Jul-21,100061,45756
INDUS,Kotri,31-Jul-21,62985,25680
JHELUM,Kotli,31-Jul-21,-,8250
JHELUM,Mangla,31-Jul-21,75000,9215
JHELUM,Rasul,31-Jul-21,3715,Nil
CHENAB,Jammu Tavi,31-Jul-21,-,-
CHENAB,Marala,31-Jul-21,122849,101196
CHENAB,Khanki,31-Jul-21,99807,92950
CHENAB,Qadirabad,31-Jul-21,111225,91225
CHENAB,Trimmu,31-Jul-21,123167,106867
CHENAB,Punjnad,31-Jul-21,23933,8208
RAVI,Jassar,31-Jul-21,-,9591
RAVI,Shahdara,31-Jul-21,-,26711
RAVI,Balloki,31-Jul-21,53134,25055
RAVI,Sidhnai,31-Jul-21,25722,9322
SUTLEJ,Bhakra,31-Jul-21,-,-
SUTLEJ,Sulemanki,31-Jul-21,16723,3278
SUTLEJ,Islam,31-Jul-21,1599,419
INDUS,Kalabagh,31-Jul-21,262328,255828
INDUS,Chashma,31-Jul-21,349245,340445
INDUS,Taunsa,31-Jul-21,276147,246647
INDUS,Guddu,31-Jul-21,148540,107890
INDUS,Sukkar,31-Jul-21,100061,45756
INDUS,Kotri,31-Jul-21,62985,25680
JHELUM,Kotli,31-Jul-21,-,7960
JHELUM,Mangla,31-Jul-21,50000,10615
JHELUM,Rasul,31-Jul-21,6715,Nil
CHENAB,Jammu Tavi,31-Jul-21,-,-
CHENAB,Marala,31-Jul-21,134206,111006
CHENAB,Khanki,31-Jul-21,99807,92950
CHENAB,Qadirabad,31-Jul-21,111225,91225
CHENAB,Trimmu,31-Jul-21,116540,100440
CHENAB,Punjnad,31-Jul-21,24033,8208
RAVI,Jassar,31-Jul-21,-,8846
RAVI,Shahdara,31-Jul-21,-,27362
RAVI,Balloki,31-Jul-21,53134,25055
RAVI,Sidhnai,31-Jul-21,27980,11580
SUTLEJ,Bhakra,31-Jul-21,-,-
SUTLEJ,Sulemanki,31-Jul-21,16723,3278
SUTLEJ,Islam,31-Jul-21,1599,419
INDUS,Kalabagh,01-Aug-21,271037,264537
INDUS,Chashma,01-Aug-21,330811,322011
INDUS,Taunsa,01-Aug-21,276147,246647
INDUS,Guddu,01-Aug-21,153278,110768
INDUS,Sukkar,01-Aug-21,97850,44300
INDUS,Kotri,01-Aug-21,62985,25680
JHELUM,Kotli,01-Aug-21,-,7670
JHELUM,Mangla,01-Aug-21,50000,10615
JHELUM,Rasul,01-Aug-21,6715,Nil
CHENAB,Jammu Tavi,01-Aug-21,-,-
CHENAB,Marala,01-Aug-21,119284,96084
CHENAB,Khanki,01-Aug-21,106807,99950
CHENAB,Qadirabad,01-Aug-21,100698,80698
CHENAB,Trimmu,01-Aug-21,92417,76117
CHENAB,Punjnad,01-Aug-21,24033,8208
RAVI,Jassar,01-Aug-21,-,8846
RAVI,Shahdara,01-Aug-21,-,18930
RAVI,Balloki,01-Aug-21,51374,23295
RAVI,Sidhnai,01-Aug-21,27980,11580
SUTLEJ,Bhakra,01-Aug-21,-,-
SUTLEJ,Sulemanki,01-Aug-21,16723,3278
SUTLEJ,Islam,01-Aug-21,1599,419
INDUS,Kalabagh,01-Aug-21,297809,291309
INDUS,Chashma,01-Aug-21,304988,296188
INDUS,Taunsa,01-Aug-21,297433,267933
INDUS,Guddu,01-Aug-21,153278,110768
INDUS,Sukkar,01-Aug-21,97850,44300
INDUS,Kotri,01-Aug-21,62985,25680
JHELUM,Kotli,01-Aug-21,-,7390
JHELUM,Mangla,01-Aug-21,80000,8315
JHELUM,Rasul,01-Aug-21,6715,Nill
CHENAB,Jammu Tavi,01-Aug-21,-,-
CHENAB,Marala,01-Aug-21,103890,80640
CHENAB,Khanki,01-Aug-21,123234,116377
CHENAB,Qadirabad,01-Aug-21,115789,95789
CHENAB,Trimmu,01-Aug-21,61651,45551
CHENAB,Punjnad,01-Aug-21,25855,10030
RAVI,Jassar,01-Aug-21,-,8347
RAVI,Shahdara,01-Aug-21,-,18930
RAVI,Balloki,01-Aug-21,49619,21540
RAVI,Sidhnai,01-Aug-21,27980,11580
SUTLEJ,Bhakra,01-Aug-21,-,-
SUTLEJ,Sulemanki,01-Aug-21,16723,3278
SUTLEJ,Islam,01-Aug-21,1180,Nill
INDUS,Kalabagh,01-Aug-21,280471,273971
INDUS,Chashma,01-Aug-21,323536,314736
INDUS,Taunsa,01-Aug-21,305316,275816
INDUS,Guddu,01-Aug-21,165963,123038
INDUS,Sukkar,01-Aug-21,97850,44300
INDUS,Kotri,01-Aug-21,56359,19054
JHELUM,Kotli,01-Aug-21,-,7100
JHELUM,Mangla,01-Aug-21,53000,10915
JHELUM,Rasul,01-Aug-21,6765,Nill
CHENAB,Jammu Tavi,01-Aug-21,-,-
CHENAB,Marala,01-Aug-21,109508,85230
CHENAB,Khanki,01-Aug-21,109660,99950
CHENAB,Qadirabad,01-Aug-21,118494,98494
CHENAB,Trimmu,01-Aug-21,56028,39928
CHENAB,Punjnad,01-Aug-21,29499,13549
RAVI,Jassar,01-Aug-21,-,8347
RAVI,Shahdara,01-Aug-21,-,18930
RAVI,Balloki,01-Aug-21,47034,18905
RAVI,Sidhnai,01-Aug-21,29524,13124
SUTLEJ,Bhakra,01-Aug-21,-,-
SUTLEJ,Sulemanki,01-Aug-21,16177,2682
SUTLEJ,Islam,01-Aug-21,1180,Nill
INDUS,Kalabagh,01-Aug-21,280471,273971
INDUS,Chashma,01-Aug-21,335087,326287
INDUS,Taunsa,01-Aug-21,305316,275816
INDUS,Guddu,01-Aug-21,165963,123038
INDUS,Sukkar,01-Aug-21,97850,44300
INDUS,Kotri,01-Aug-21,56359,19054
JHELUM,Kotli,01-Aug-21,-,6820
JHELUM,Mangla,01-Aug-21,54000,11515
JHELUM,Rasul,01-Aug-21,6868,Nill
CHENAB,Jammu Tavi,01-Aug-21,-,-
CHENAB,Marala,01-Aug-21,107362,81816
CHENAB,Khanki,01-Aug-21,98556,91651
CHENAB,Qadirabad,01-Aug-21,115789,95789
CHENAB,Trimmu,01-Aug-21,56028,39928
CHENAB,Punjnad,01-Aug-21,33244,17294
RAVI,Jassar,01-Aug-21,-,8846
RAVI,Shahdara,01-Aug-21,-,18930
RAVI,Balloki,01-Aug-21,44659,16530
RAVI,Sidhnai,01-Aug-21,29524,13124
SUTLEJ,Bhakra,01-Aug-21,-,-
SUTLEJ,Sulemanki,01-Aug-21,16177,2682
SUTLEJ,Islam,01-Aug-21,1180,Nill
INDUS,Kalabagh,02-Aug-21,278561,272061
INDUS,Chashma,02-Aug-21,338902,330102
INDUS,Taunsa,02-Aug-21,305316,275816
INDUS,Guddu,02-Aug-21,177758,134833
INDUS,Sukkar,02-Aug-21,100050,45715
INDUS,Kotri,02-Aug-21,48475,11170
JHELUM,Kotli,02-Aug-21,-,7100
JHELUM,Mangla,02-Aug-21,50000,7755
JHELUM,Rasul,02-Aug-21,6868,Nill
CHENAB,Jammu Tavi,02-Aug-21,-,-
CHENAB,Marala,02-Aug-21,97403,70540
CHENAB,Khanki,02-Aug-21,98556,91651
CHENAB,Qadirabad,02-Aug-21,108298,88298
CHENAB,Trimmu,02-Aug-21,65521,49421
CHENAB,Punjnad,02-Aug-21,33244,17294
RAVI,Jassar,02-Aug-21,-,8846
RAVI,Shahdara,02-Aug-21,-,21756
RAVI,Balloki,02-Aug-21,37529,9400
RAVI,Sidhnai,02-Aug-21,29124,13124
SUTLEJ,Bhakra,02-Aug-21,-,-
SUTLEJ,Sulemanki,02-Aug-21,17458,3963
SUTLEJ,Islam,02-Aug-21,1180,Nill
INDUS,Kalabagh,02-Aug-21,286545,280045
INDUS,Chashma,02-Aug-21,335114,326914
INDUS,Taunsa,02-Aug-21,309347,279847
INDUS,Guddu,02-Aug-21,178475,135200
INDUS,Sukkar,02-Aug-21,100050,45715
INDUS,Kotri,02-Aug-21,48475,11170
JHELUM,Kotli,02-Aug-21,-,7100
JHELUM,Mangla,02-Aug-21,50000,9215
JHELUM,Rasul,02-Aug-21,6868,-
CHENAB,Jammu Tavi,02-Aug-21,-,-
CHENAB,Marala,02-Aug-21,99422,71172
CHENAB,Khanki,02-Aug-21,98637,91651
CHENAB,Qadirabad,02-Aug-21,92973,72973
CHENAB,Trimmu,02-Aug-21,69454,53354
CHENAB,Punjnad,02-Aug-21,56343,40393
RAVI,Jassar,02-Aug-21,-,6353
RAVI,Shahdara,02-Aug-21,-,21756
RAVI,Balloki,02-Aug-21,41689,13560
RAVI,Sidhnai,02-Aug-21,29124,13124
SUTLEJ,Bhakra,02-Aug-21,46591,15896
SUTLEJ,Sulemanki,02-Aug-21,17458,3963
SUTLEJ,Islam,02-Aug-21,1180,-
INDUS,Kalabagh,02-Aug-21,276650,270150
INDUS,Chashma,02-Aug-21,352707,344907
INDUS,Taunsa,02-Aug-21,319023,292523
INDUS,Guddu,02-Aug-21,189828,146553
INDUS,Sukkar,02-Aug-21,100050,45715
INDUS,Kotri,02-Aug-21,48475,11170
JHELUM,Kotli,02-Aug-21,-,7390
JHELUM,Mangla,02-Aug-21,60000,10115
JHELUM,Rasul,02-Aug-21,3765,NIL
CHENAB,Jammu Tavi,02-Aug-21,-,-
CHENAB,Marala,02-Aug-21,101183,71424
CHENAB,Khanki,02-Aug-21,79975,72941
CHENAB,Qadirabad,02-Aug-21,92973,72973
CHENAB,Trimmu,02-Aug-21,74347,58247
CHENAB,Punjnad,02-Aug-21,56343,40393
RAVI,Jassar,02-Aug-21,-,6014
RAVI,Shahdara,02-Aug-21,-,21191
RAVI,Balloki,02-Aug-21,39309,11180
RAVI,Sidhnai,02-Aug-21,30352,14352
SUTLEJ,Bhakra,02-Aug-21,-,-
SUTLEJ,Sulemanki,02-Aug-21,17860,4284
SUTLEJ,Islam,02-Aug-21,1180,NIL
INDUS,Kalabagh,02-Aug-21,267236,260736
INDUS,Chashma,02-Aug-21,332618,324818
INDUS,Taunsa,02-Aug-21,318268,294768
INDUS,Guddu,02-Aug-21,189828,146553
INDUS,Sukkar,02-Aug-21,100050,45715
INDUS,Kotri,02-Aug-21,48475,11170
JHELUM,Kotli,02-Aug-21,-,7670
JHELUM,Mangla,02-Aug-21,50000,10115
JHELUM,Rasul,02-Aug-21,3665,NIL
CHENAB,Jammu Tavi,02-Aug-21,-,-
CHENAB,Marala,02-Aug-21,102660,70687
CHENAB,Khanki,02-Aug-21,78642,71586
CHENAB,Qadirabad,02-Aug-21,71498,51498
CHENAB,Trimmu,02-Aug-21,83461,67361
CHENAB,Punjnad,02-Aug-21,67021,51071
RAVI,Jassar,02-Aug-21,-,6014
RAVI,Shahdara,02-Aug-21,-,21191
RAVI,Balloki,02-Aug-21,39309,11180
RAVI,Sidhnai,02-Aug-21,31774,15774
SUTLEJ,Bhakra,02-Aug-21,-,-
SUTLEJ,Sulemanki,02-Aug-21,17860,4284
SUTLEJ,Islam,02-Aug-21,1100,NIL
INDUS,Kalabagh,03-Aug-21,269127,262627
INDUS,Chashma,03-Aug-21,318215,310415
INDUS,Taunsa,03-Aug-21,318268,294768
INDUS,Guddu,03-Aug-21,234133,191611
INDUS,Sukkar,03-Aug-21,122365,65300
INDUS,Kotri,03-Aug-21,46461,9736
JHELUM,Kotli,03-Aug-21,-,7670
JHELUM,Mangla,03-Aug-21,50000,9455
JHELUM,Rasul,03-Aug-21,3665,NIL
CHENAB,Jammu Tavi,03-Aug-21,-,-
CHENAB,Marala,03-Aug-21,98470,64805
CHENAB,Khanki,03-Aug-21,82646,75590
CHENAB,Qadirabad,03-Aug-21,71498,51498
CHENAB,Trimmu,03-Aug-21,83461,67361
CHENAB,Punjnad,03-Aug-21,67021,51071
RAVI,Jassar,03-Aug-21,-,6014
RAVI,Shahdara,03-Aug-21,-,22862
RAVI,Balloki,03-Aug-21,37529,9400
RAVI,Sidhnai,03-Aug-21,31774,15774
SUTLEJ,Bhakra,03-Aug-21,-,-
SUTLEJ,Sulemanki,03-Aug-21,17860,4284
SUTLEJ,Islam,03-Aug-21,1100,NIL
INDUS,Kalabagh,03-Aug-21,273799,267299
INDUS,Chashma,03-Aug-21,314376,306576
INDUS,Taunsa,03-Aug-21,315124,291624
INDUS,Guddu,03-Aug-21,257551,216034
INDUS,Sukkar,03-Aug-21,122365,65300
INDUS,Kotri,03-Aug-21,46461,9736
JHELUM,Kotli,03-Aug-21,-,7390
JHELUM,Mangla,03-Aug-21,55000,10615
JHELUM,Rasul,03-Aug-21,9006,5341
CHENAB,Jammu Tavi,03-Aug-21,-,-
CHENAB,Marala,03-Aug-21,95620,61320
CHENAB,Khanki,03-Aug-21,80080,72941
CHENAB,Qadirabad,03-Aug-21,71498,51498
CHENAB,Trimmu,03-Aug-21,83461,67361
CHENAB,Punjnad,03-Aug-21,72683,56733
RAVI,Jassar,03-Aug-21,-,5845
RAVI,Shahdara,03-Aug-21,-,23452
RAVI,Balloki,03-Aug-21,37529,9400
RAVI,Sidhnai,03-Aug-21,31902,15902
SUTLEJ,Bhakra,03-Aug-21,45150,16335
SUTLEJ,Sulemanki,03-Aug-21,17860,4284
SUTLEJ,Islam,03-Aug-21,1100,-
INDUS,Kalabagh,03-Aug-21,267218,260718
INDUS,Chashma,03-Aug-21,308511,300011
INDUS,Taunsa,03-Aug-21,315124,291624
INDUS,Guddu,03-Aug-21,257551,216034
INDUS,Sukkar,03-Aug-21,125885,68800
INDUS,Kotri,03-Aug-21,40688,3963
JHELUM,Kotli,03-Aug-21,-,7670
JHELUM,Mangla,03-Aug-21,50000,8615
JHELUM,Rasul,03-Aug-21,9006,5341
CHENAB,Jammu Tavi,03-Aug-21,-,-
CHENAB,Marala,03-Aug-21,89974,55674
CHENAB,Khanki,03-Aug-21,69398,62223
CHENAB,Qadirabad,03-Aug-21,71498,51498
CHENAB,Trimmu,03-Aug-21,83461,67361
CHENAB,Punjnad,03-Aug-21,75225,59725
RAVI,Jassar,03-Aug-21,-,5845
RAVI,Shahdara,03-Aug-21,-,24104
RAVI,Balloki,03-Aug-21,35819,7390
RAVI,Sidhnai,03-Aug-21,31902,15902
SUTLEJ,Bhakra,03-Aug-21,-,-
SUTLEJ,Sulemanki,03-Aug-21,18216,4640
SUTLEJ,Islam,03-Aug-21,1180,NIL
INDUS,Kalabagh,03-Aug-21,263973,257473
INDUS,Chashma,03-Aug-21,300573,292073
INDUS,Taunsa,03-Aug-21,327621,304121
INDUS,Guddu,03-Aug-21,257551,216034
INDUS,Sukkar,03-Aug-21,125885,68800
INDUS,Kotri,03-Aug-21,40688,3563
JHELUM,Kotli,03-Aug-21,-,7670
JHELUM,Mangla,03-Aug-21,50000,10115
JHELUM,Rasul,03-Aug-21,3665,NIL
CHENAB,Jammu Tavi,03-Aug-21,-,-
CHENAB,Marala,03-Aug-21,89974,55674
CHENAB,Khanki,03-Aug-21,66683,59353
CHENAB,Qadirabad,03-Aug-21,62282,42282
CHENAB,Trimmu,03-Aug-21,85376,69276
CHENAB,Punjnad,03-Aug-21,75250,59725
RAVI,Jassar,03-Aug-21,-,5845
RAVI,Shahdara,03-Aug-21,-,24104
RAVI,Balloki,03-Aug-21,35819,7390
RAVI,Sidhnai,03-Aug-21,31902,15902
SUTLEJ,Bhakra,03-Aug-21,-,-
SUTLEJ,Sulemanki,03-Aug-21,18216,4640
SUTLEJ,Islam,03-Aug-21,1979,799
INDUS,Kalabagh,04-Aug-21,263018,256518
INDUS,Chashma,04-Aug-21,312224,303724
INDUS,Taunsa,04-Aug-21,327621,304121
INDUS,Guddu,04-Aug-21,263278,221761
INDUS,Sukkar,04-Aug-21,170460,113375
INDUS,Kotri,04-Aug-21,40168,3963
JHELUM,Kotli,04-Aug-21,-,7670
JHELUM,Mangla,04-Aug-21,49323,10000
JHELUM,Rasul,04-Aug-21,3665,NIL
CHENAB,Jammu Tavi,04-Aug-21,-,-
CHENAB,Marala,04-Aug-21,89974,55674
CHENAB,Khanki,04-Aug-21,66683,59353
CHENAB,Qadirabad,04-Aug-21,62282,42282
CHENAB,Trimmu,04-Aug-21,80836,64736
CHENAB,Punjnad,04-Aug-21,75250,59725
RAVI,Jassar,04-Aug-21,-,5845
RAVI,Shahdara,04-Aug-21,-,24755
RAVI,Balloki,04-Aug-21,35819,7390
RAVI,Sidhnai,04-Aug-21,32002,15902
SUTLEJ,Bhakra,04-Aug-21,-,-
SUTLEJ,Sulemanki,04-Aug-21,18166,4640
SUTLEJ,Islam,04-Aug-21,1979,799
INDUS,Kalabagh,04-Aug-21,232819,226319
INDUS,Chashma,04-Aug-21,288096,279596
INDUS,Taunsa,04-Aug-21,327621,304121
INDUS,Guddu,04-Aug-21,285164,243372
INDUS,Sukkar,04-Aug-21,179165,122080
INDUS,Kotri,04-Aug-21,40168,3963
JHELUM,Kotli,04-Aug-21,-,7100
JHELUM,Mangla,04-Aug-21,50000,10615
JHELUM,Rasul,04-Aug-21,3665,-
CHENAB,Jammu Tavi,04-Aug-21,-,-
CHENAB,Marala,04-Aug-21,77930,43630
CHENAB,Khanki,04-Aug-21,67965,60635
CHENAB,Qadirabad,04-Aug-21,58682,38692
CHENAB,Trimmu,04-Aug-21,73582,57482
CHENAB,Punjnad,04-Aug-21,68447,52922
RAVI,Jassar,04-Aug-21,-,6014
RAVI,Shahdara,04-Aug-21,-,24755
RAVI,Balloki,04-Aug-21,35819,7390
RAVI,Sidhnai,04-Aug-21,32002,15902
SUTLEJ,Bhakra,04-Aug-21,39394,16460
SUTLEJ,Sulemanki,04-Aug-21,18166,4640
SUTLEJ,Islam,04-Aug-21,1979,799
INDUS,Kalabagh,04-Aug-21,241527,235027
INDUS,Chashma,04-Aug-21,249006,240506
INDUS,Taunsa,04-Aug-21,329989,306489
INDUS,Guddu,04-Aug-21,303193,262396
INDUS,Sukkar,04-Aug-21,184020,126720
INDUS,Kotri,04-Aug-21,40168,3963
JHELUM,Kotli,04-Aug-21,-,6820
JHELUM,Mangla,04-Aug-21,46000,8615
JHELUM,Rasul,04-Aug-21,8801,5341
CHENAB,Jammu Tavi,04-Aug-21,-,-
CHENAB,Marala,04-Aug-21,81347,47047
CHENAB,Khanki,04-Aug-21,55580,48250
CHENAB,Qadirabad,04-Aug-21,58692,38692
CHENAB,Trimmu,04-Aug-21,57603,41503
CHENAB,Punjnad,04-Aug-21,68447,52922
RAVI,Jassar,04-Aug-21,-,6014
RAVI,Shahdara,04-Aug-21,-,24755
RAVI,Balloki,04-Aug-21,35709,7130
RAVI,Sidhnai,04-Aug-21,31332,15382
SUTLEJ,Bhakra,04-Aug-21,-,-
SUTLEJ,Sulemanki,04-Aug-21,18088,4640
SUTLEJ,Islam,04-Aug-21,1979,799
INDUS,Kalabagh,04-Aug-21,241527,235027
INDUS,Chashma,04-Aug-21,265502,256190
INDUS,Taunsa,04-Aug-21,329989,306489
INDUS,Guddu,04-Aug-21,303193,262396
INDUS,Sukkar,04-Aug-21,184020,126720
INDUS,Kotri,04-Aug-21,40168,3963
JHELUM,Kotli,04-Aug-21,-,6530
JHELUM,Mangla,04-Aug-21,47000,12015
JHELUM,Rasul,04-Aug-21,3460,-
CHENAB,Jammu Tavi,04-Aug-21,-,-
CHENAB,Marala,04-Aug-21,81347,47047
CHENAB,Khanki,04-Aug-21,53748,46418
CHENAB,Qadirabad,04-Aug-21,52748,32748
CHENAB,Trimmu,04-Aug-21,57603,41503
CHENAB,Punjnad,04-Aug-21,65534,50009
RAVI,Jassar,04-Aug-21,-,6014
RAVI,Shahdara,04-Aug-21,-,25407
RAVI,Balloki,04-Aug-21,35709,7130
RAVI,Sidhnai,04-Aug-21,28455,12505
SUTLEJ,Bhakra,04-Aug-21,-,-
SUTLEJ,Sulemanki,04-Aug-21,18088,4640
SUTLEJ,Islam,04-Aug-21,2457,1277
INDUS,Kalabagh,05-Aug-21,225764,219264
INDUS,Chashma,05-Aug-21,264996,255684
INDUS,Taunsa,05-Aug-21,329989,306489
INDUS,Guddu,05-Aug-21,303193,262396
INDUS,Sukkar,05-Aug-21,202170,144965
INDUS,Kotri,05-Aug-21,39888,3963
JHELUM,Kotli,05-Aug-21,-,6530
JHELUM,Mangla,05-Aug-21,43000,6715
JHELUM,Rasul,05-Aug-21,3460,-
CHENAB,Jammu Tavi,05-Aug-21,-,-
CHENAB,Marala,05-Aug-21,77930,43630
CHENAB,Khanki,05-Aug-21,53748,46418
CHENAB,Qadirabad,05-Aug-21,49696,29696
CHENAB,Trimmu,05-Aug-21,54058,37958
CHENAB,Punjnad,05-Aug-21,65534,50009
RAVI,Jassar,05-Aug-21,-,6014
RAVI,Shahdara,05-Aug-21,-,26711
RAVI,Balloki,05-Aug-21,36304,7725
RAVI,Sidhnai,05-Aug-21,28455,12505
SUTLEJ,Bhakra,05-Aug-21,-,-
SUTLEJ,Sulemanki,05-Aug-21,17335,4005
SUTLEJ,Islam,05-Aug-21,2457,1277
INDUS,Kalabagh,05-Aug-21,244392,237892
INDUS,Chashma,05-Aug-21,246641,238141
INDUS,Taunsa,05-Aug-21,319954,296454
INDUS,Guddu,05-Aug-21,306136,266344
INDUS,Sukkar,05-Aug-21,210015,152810
INDUS,Kotri,05-Aug-21,39888,3963
JHELUM,Kotli,05-Aug-21,-,5960
JHELUM,Mangla,05-Aug-21,48000,8415
JHELUM,Rasul,05-Aug-21,3460,-
CHENAB,Jammu Tavi,05-Aug-21,-,-
CHENAB,Marala,05-Aug-21,72577,38277
CHENAB,Khanki,05-Aug-21,57384,50054
CHENAB,Qadirabad,05-Aug-21,45768,25768
CHENAB,Trimmu,05-Aug-21,54058,37958
CHENAB,Punjnad,05-Aug-21,63479,47954
RAVI,Jassar,05-Aug-21,-,5845
RAVI,Shahdara,05-Aug-21,-,26711
RAVI,Balloki,05-Aug-21,36899,8320
RAVI,Sidhnai,05-Aug-21,27437,11487
SUTLEJ,Bhakra,05-Aug-21,45479,17612
SUTLEJ,Sulemanki,05-Aug-21,17335,4005
SUTLEJ,Islam,05-Aug-21,2457,1277
INDUS,Kalabagh,05-Aug-21,244392,237892
INDUS,Chashma,05-Aug-21,230894,218696
INDUS,Taunsa,05-Aug-21,313042,289542
INDUS,Guddu,05-Aug-21,306136,266344
INDUS,Sukkar,05-Aug-21,221025,163820
INDUS,Kotri,05-Aug-21,39888,3963
JHELUM,Kotli,05-Aug-21,-,5670
JHELUM,Mangla,05-Aug-21,46000,13415
JHELUM,Rasul,05-Aug-21,8801,5341
CHENAB,Jammu Tavi,05-Aug-21,-,-
CHENAB,Marala,05-Aug-21,77930,43630
CHENAB,Khanki,05-Aug-21,52566,45236
CHENAB,Qadirabad,05-Aug-21,49696,29696
CHENAB,Trimmu,05-Aug-21,49039,32939
CHENAB,Punjnad,05-Aug-21,63479,47954
RAVI,Jassar,05-Aug-21,-,5845
RAVI,Shahdara,05-Aug-21,-,26711
RAVI,Balloki,05-Aug-21,36899,8320
RAVI,Sidhnai,05-Aug-21,23843,7718
SUTLEJ,Bhakra,05-Aug-21,-,-
SUTLEJ,Sulemanki,05-Aug-21,16285,3004
SUTLEJ,Islam,05-Aug-21,2957,1777
INDUS,Kalabagh,05-Aug-21,224809,218309
INDUS,Chashma,05-Aug-21,237396,223397
INDUS,Taunsa,05-Aug-21,313042,289542
INDUS,Guddu,05-Aug-21,306136,266344
INDUS,Sukkar,05-Aug-21,221025,163820
INDUS,Kotri,05-Aug-21,39888,3963
JHELUM,Kotli,05-Aug-21,-,6530
JHELUM,Mangla,05-Aug-21,82000,9915
JHELUM,Rasul,05-Aug-21,3460,Nil
CHENAB,Jammu Tavi,05-Aug-21,-,-
CHENAB,Marala,05-Aug-21,78030,43630
CHENAB,Khanki,05-Aug-21,44933,37603
CHENAB,Qadirabad,05-Aug-21,49696,29696
CHENAB,Trimmu,05-Aug-21,51131,35031
CHENAB,Punjnad,05-Aug-21,63379,47954
RAVI,Jassar,05-Aug-21,-,5845
RAVI,Shahdara,05-Aug-21,-,26711
RAVI,Balloki,05-Aug-21,36899,8320
RAVI,Sidhnai,05-Aug-21,23943,7718
SUTLEJ,Bhakra,05-Aug-21,-,-
SUTLEJ,Sulemanki,05-Aug-21,16285,3004
SUTLEJ,Islam,05-Aug-21,2957,1777
INDUS,Kalabagh,06-Aug-21,205778,199278
INDUS,Chashma,06-Aug-21,236900,222381
INDUS,Taunsa,06-Aug-21,313042,289542
INDUS,Guddu,06-Aug-21,306136,266344
INDUS,Sukkar,06-Aug-21,243105,185808
INDUS,Kotri,06-Aug-21,37578,2373
JHELUM,Kotli,06-Aug-21,-,8530
JHELUM,Mangla,06-Aug-21,46000,8015
JHELUM,Rasul,06-Aug-21,3460,Nil
CHENAB,Jammu Tavi,06-Aug-21,-,-
CHENAB,Marala,06-Aug-21,78030,43630
CHENAB,Khanki,06-Aug-21,44933,37603
CHENAB,Qadirabad,06-Aug-21,45768,25768
CHENAB,Trimmu,06-Aug-21,51131,35031
CHENAB,Punjnad,06-Aug-21,63379,47954
RAVI,Jassar,06-Aug-21,-,5848
RAVI,Shahdara,06-Aug-21,-,26059
RAVI,Balloki,06-Aug-21,37684,9505
RAVI,Sidhnai,06-Aug-21,23616,7391
SUTLEJ,Bhakra,06-Aug-21,-,-
SUTLEJ,Sulemanki,06-Aug-21,16285,3004
SUTLEJ,Islam,06-Aug-21,2957,1777
INDUS,Kalabagh,06-Aug-21,186312,179812
INDUS,Chashma,06-Aug-21,212516,197896
INDUS,Taunsa,06-Aug-21,280310,256810
INDUS,Guddu,06-Aug-21,306136,266344
INDUS,Sukkar,06-Aug-21,243105,185808
INDUS,Kotri,06-Aug-21,37578,2373
JHELUM,Kotli,06-Aug-21,-,8820
JHELUM,Mangla,06-Aug-21,82000,10515
JHELUM,Rasul,06-Aug-21,8801,5341
CHENAB,Jammu Tavi,06-Aug-21,-,-
CHENAB,Marala,06-Aug-21,72677,38277
CHENAB,Khanki,06-Aug-21,48682,41352
CHENAB,Qadirabad,06-Aug-21,37726,17726
CHENAB,Trimmu,06-Aug-21,45424,29324
CHENAB,Punjnad,06-Aug-21,67241,52616
RAVI,Jassar,06-Aug-21,-,6014
RAVI,Shahdara,06-Aug-21,-,26059
RAVI,Balloki,06-Aug-21,38084,9505
RAVI,Sidhnai,06-Aug-21,23616,7391
SUTLEJ,Bhakra,06-Aug-21,39989,18959
SUTLEJ,Sulemanki,06-Aug-21,16285,3004
SUTLEJ,Islam,06-Aug-21,2957,1777
INDUS,Kalabagh,06-Aug-21,186312,179812
INDUS,Chashma,06-Aug-21,198959,184039
INDUS,Taunsa,06-Aug-21,268746,245446
INDUS,Guddu,06-Aug-21,306136,266344
INDUS,Sukkar,06-Aug-21,243105,185808
INDUS,Kotri,06-Aug-21,37578,2373
JHELUM,Kotli,06-Aug-21,-,8250
JHELUM,Mangla,06-Aug-21,50000,9215
JHELUM,Rasul,06-Aug-21,8801,5341
CHENAB,Jammu Tavi,06-Aug-21,-,-
CHENAB,Marala,06-Aug-21,72677,38277
CHENAB,Khanki,06-Aug-21,46706,39376
CHENAB,Qadirabad,06-Aug-21,41027,21027
CHENAB,Trimmu,06-Aug-21,45424,29324
CHENAB,Punjnad,06-Aug-21,72084,57459
RAVI,Jassar,06-Aug-21,-,6014
RAVI,Shahdara,06-Aug-21,-,25407
RAVI,Balloki,06-Aug-21,39269,10690
RAVI,Sidhnai,06-Aug-21,23716,7391
SUTLEJ,Bhakra,06-Aug-21,-,-
SUTLEJ,Sulemanki,06-Aug-21,16080,2799
SUTLEJ,Islam,06-Aug-21,2957,1777
INDUS,Kalabagh,06-Aug-21,196473,189973
INDUS,Chashma,06-Aug-21,197752,183952
INDUS,Taunsa,06-Aug-21,268746,245446
INDUS,Guddu,06-Aug-21,306136,266344
INDUS,Sukkar,06-Aug-21,243105,185808
INDUS,Kotri,06-Aug-21,37578,2373
JHELUM,Kotli,06-Aug-21,-,7960
JHELUM,Mangla,06-Aug-21,48000,11815
JHELUM,Rasul,06-Aug-21,3460,NIL
CHENAB,Jammu Tavi,06-Aug-21,-,-
CHENAB,Marala,06-Aug-21,72677,38277
CHENAB,Khanki,06-Aug-21,43090,35760
CHENAB,Qadirabad,06-Aug-21,41027,21027
CHENAB,Trimmu,06-Aug-21,40940,24840
CHENAB,Punjnad,06-Aug-21,72409,57459
RAVI,Jassar,06-Aug-21,-,6014
RAVI,Shahdara,06-Aug-21,-,26059
RAVI,Balloki,06-Aug-21,39269,10690
RAVI,Sidhnai,06-Aug-21,22370,5845
SUTLEJ,Bhakra,06-Aug-21,-,-
SUTLEJ,Sulemanki,06-Aug-21,16080,2799
SUTLEJ,Islam,06-Aug-21,2957,1777
INDUS,Kalabagh,07-Aug-21,195518,189018
INDUS,Chashma,07-Aug-21,199030,183992
INDUS,Taunsa,07-Aug-21,268746,245446
INDUS,Guddu,07-Aug-21,306136,266344
INDUS,Sukkar,07-Aug-21,250345,193045
INDUS,Kotri,07-Aug-21,37878,2373
JHELUM,Kotli,07-Aug-21,-,7670
JHELUM,Mangla,07-Aug-21,46000,6615
JHELUM,Rasul,07-Aug-21,8801,5341
CHENAB,Jammu Tavi,07-Aug-21,-,-
CHENAB,Marala,07-Aug-21,67324,32924
CHENAB,Khanki,07-Aug-21,43090,35760
CHENAB,Qadirabad,07-Aug-21,35432,15432
CHENAB,Trimmu,07-Aug-21,40940,24840
CHENAB,Punjnad,07-Aug-21,72409,57459
RAVI,Jassar,07-Aug-21,-,6014
RAVI,Shahdara,07-Aug-21,-,25407
RAVI,Balloki,07-Aug-21,39269,10690
RAVI,Sidhnai,07-Aug-21,22370,5845
SUTLEJ,Bhakra,07-Aug-21,-,-
SUTLEJ,Sulemanki,07-Aug-21,15627,2346
SUTLEJ,Islam,07-Aug-21,2957,1777
INDUS,Kalabagh,07-Aug-21,195518,189018
INDUS,Chashma,07-Aug-21,203313,189513
INDUS,Taunsa,07-Aug-21,268746,255446
INDUS,Guddu,07-Aug-21,306136,266344
INDUS,Sukkar,07-Aug-21,250345,193045
INDUS,Kotri,07-Aug-21,41191,5386
JHELUM,Kotli,07-Aug-21,-,7100
JHELUM,Mangla,07-Aug-21,48000,8415
JHELUM,Rasul,07-Aug-21,8801,5341
CHENAB,Jammu Tavi,07-Aug-21,-,-
CHENAB,Marala,07-Aug-21,61971,27571
CHENAB,Khanki,07-Aug-21,41195,33865
CHENAB,Qadirabad,07-Aug-21,35432,15432
CHENAB,Trimmu,07-Aug-21,40940,24840
CHENAB,Punjnad,07-Aug-21,67197,52047
RAVI,Jassar,07-Aug-21,-,5845
RAVI,Shahdara,07-Aug-21,-,26059
RAVI,Balloki,07-Aug-21,39269,10690
RAVI,Sidhnai,07-Aug-21,22370,5845
SUTLEJ,Bhakra,07-Aug-21,-,-
SUTLEJ,Sulemanki,07-Aug-21,15627,2346
SUTLEJ,Islam,07-Aug-21,3516,2336
INDUS,Kalabagh,07-Aug-21,177132,170632
INDUS,Chashma,07-Aug-21,204995,189780
INDUS,Taunsa,07-Aug-21,268746,245446
INDUS,Guddu,07-Aug-21,306296,266344
INDUS,Sukkar,07-Aug-21,250345,193045
INDUS,Kotri,07-Aug-21,44085,8280
JHELUM,Kotli,07-Aug-21,-,6820
JHELUM,Mangla,07-Aug-21,47000,9615
JHELUM,Rasul,07-Aug-21,3460,Nil
CHENAB,Jammu Tavi,07-Aug-21,-,-
CHENAB,Marala,07-Aug-21,56618,22218
CHENAB,Khanki,07-Aug-21,39190,31848
CHENAB,Qadirabad,07-Aug-21,35432,15432
CHENAB,Trimmu,07-Aug-21,40256,24156
CHENAB,Punjnad,07-Aug-21,67197,52047
RAVI,Jassar,07-Aug-21,-,5845
RAVI,Shahdara,07-Aug-21,-,26059
RAVI,Balloki,07-Aug-21,39269,10690
RAVI,Sidhnai,07-Aug-21,23526,6751
SUTLEJ,Bhakra,07-Aug-21,-,-
SUTLEJ,Sulemanki,07-Aug-21,16302,3021
SUTLEJ,Islam,07-Aug-21,3516,2336
INDUS,Kalabagh,07-Aug-21,156672,150172
INDUS,Chashma,07-Aug-21,203753,189953
INDUS,Taunsa,07-Aug-21,268746,245446
INDUS,Guddu,07-Aug-21,306296,266344
INDUS,Sukkar,07-Aug-21,250345,193045
INDUS,Kotri,07-Aug-21,44085,8280
JHELUM,Kotli,07-Aug-21,-,6530
JHELUM,Mangla,07-Aug-21,47000,12415
JHELUM,Rasul,07-Aug-21,3460,Nill
CHENAB,Jammu Tavi,07-Aug-21,-,-
CHENAB,Marala,07-Aug-21,61971,27571
CHENAB,Khanki,07-Aug-21,32970,25604
CHENAB,Qadirabad,07-Aug-21,35432,15432
CHENAB,Trimmu,07-Aug-21,40256,24156
CHENAB,Punjnad,07-Aug-21,63454,47954
RAVI,Jassar,07-Aug-21,-,5845
RAVI,Shahdara,07-Aug-21,-,25407
RAVI,Balloki,07-Aug-21,39269,10690
RAVI,Sidhnai,07-Aug-21,23526,6751
SUTLEJ,Bhakra,07-Aug-21,-,-
SUTLEJ,Sulemanki,07-Aug-21,16302,3021
SUTLEJ,Islam,07-Aug-21,3516,2336
INDUS,Kalabagh,08-Aug-21,157627,151127
INDUS,Chashma,08-Aug-21,204015,190215
INDUS,Taunsa,08-Aug-21,268746,245446
INDUS,Guddu,08-Aug-21,302461,261794
INDUS,Sukkar,08-Aug-21,250345,193045
INDUS,Kotri,08-Aug-21,56445,20640
JHELUM,Kotli,08-Aug-21,-,5960
JHELUM,Mangla,08-Aug-21,38000,9755
JHELUM,Rasul,08-Aug-21,3460,Nill
CHENAB,Jammu Tavi,08-Aug-21,-,-
CHENAB,Marala,08-Aug-21,56618,22218
CHENAB,Khanki,08-Aug-21,28813,21447
CHENAB,Qadirabad,08-Aug-21,32018,12018
CHENAB,Trimmu,08-Aug-21,40256,24156
CHENAB,Punjnad,08-Aug-21,63454,47954
RAVI,Jassar,08-Aug-21,-,5845
RAVI,Shahdara,08-Aug-21,-,25407
RAVI,Balloki,08-Aug-21,39269,10690
RAVI,Sidhnai,08-Aug-21,32526,6751
SUTLEJ,Bhakra,08-Aug-21,-,-
SUTLEJ,Sulemanki,08-Aug-21,16844,3513
SUTLEJ,Islam,08-Aug-21,3516,2336
INDUS,Kalabagh,08-Aug-21,178029,171529
INDUS,Chashma,08-Aug-21,202592,190030
INDUS,Taunsa,08-Aug-21,190722,167422
INDUS,Guddu,08-Aug-21,281057,240041
INDUS,Sukkar,08-Aug-21,250345,193045
INDUS,Kotri,08-Aug-21,67285,31780
JHELUM,Kotli,08-Aug-21,-,5380
JHELUM,Mangla,08-Aug-21,46000,9915
JHELUM,Rasul,08-Aug-21,3460,Nil
CHENAB,Jammu Tavi,08-Aug-21,-,-
CHENAB,Marala,08-Aug-21,56618,22218
CHENAB,Khanki,08-Aug-21,28818,21447
CHENAB,Qadirabad,08-Aug-21,22836,2836
CHENAB,Trimmu,08-Aug-21,40256,24156
CHENAB,Punjnad,08-Aug-21,54155,38605
RAVI,Jassar,08-Aug-21,-,6014
RAVI,Shahdara,08-Aug-21,-,25407
RAVI,Balloki,08-Aug-21,39269,10690
RAVI,Sidhnai,08-Aug-21,23526,6751
SUTLEJ,Bhakra,08-Aug-21,35717,19840
SUTLEJ,Sulemanki,08-Aug-21,16844,3513
SUTLEJ,Islam,08-Aug-21,3516,2336
INDUS,Kalabagh,08-Aug-21,178029,171529
INDUS,Chashma,08-Aug-21,188444,174644
INDUS,Taunsa,08-Aug-21,190722,167422
INDUS,Guddu,08-Aug-21,281057,240041
INDUS,Sukkar,08-Aug-21,250345,193045
INDUS,Kotri,08-Aug-21,80650,45145
JHELUM,Kotli,08-Aug-21,-,4810
JHELUM,Mangla,08-Aug-21,42000,9915
JHELUM,Rasul,08-Aug-21,8801,5841
CHENAB,Jammu Tavi,08-Aug-21,-,-
CHENAB,Marala,08-Aug-21,56618,22218
CHENAB,Khanki,08-Aug-21,32970,25604
CHENAB,Qadirabad,08-Aug-21,22836,2836
CHENAB,Trimmu,08-Aug-21,40256,24156
CHENAB,Punjnad,08-Aug-21,50015,34315
RAVI,Jassar,08-Aug-21,-,6014
RAVI,Shahdara,08-Aug-21,-,26059
RAVI,Balloki,08-Aug-21,39269,10690
RAVI,Sidhnai,08-Aug-21,24488,7713
SUTLEJ,Bhakra,08-Aug-21,-,-
SUTLEJ,Sulemanki,08-Aug-21,16113,2683
SUTLEJ,Islam,08-Aug-21,3516,2336
INDUS,Kalabagh,08-Aug-21,146189,139689
INDUS,Chashma,08-Aug-21,189782,175982
INDUS,Taunsa,08-Aug-21,190722,167422
INDUS,Guddu,08-Aug-21,281057,240041
INDUS,Sukkar,08-Aug-21,250345,193045
INDUS,Kotri,08-Aug-21,80650,45145
JHELUM,Kotli,08-Aug-21,-,4530
JHELUM,Mangla,08-Aug-21,34000,10515
JHELUM,Rasul,08-Aug-21,8801,5341
CHENAB,Jammu Tavi,08-Aug-21,-,-
CHENAB,Marala,08-Aug-21,61971,27571
CHENAB,Khanki,08-Aug-21,31056,23690
CHENAB,Qadirabad,08-Aug-21,25514,5514
CHENAB,Trimmu,08-Aug-21,40256,24156
CHENAB,Punjnad,08-Aug-21,50040,34315
RAVI,Jassar,08-Aug-21,-,6014
RAVI,Shahdara,08-Aug-21,-,26059
RAVI,Balloki,08-Aug-21,39269,10690
RAVI,Sidhnai,08-Aug-21,24488,7713
SUTLEJ,Bhakra,08-Aug-21,-,-
SUTLEJ,Sulemanki,08-Aug-21,16113,2683
SUTLEJ,Islam,08-Aug-21,3516,2336
INDUS,Kalabagh,09-Aug-21,138180,131680
INDUS,Chashma,09-Aug-21,189987,176187
INDUS,Taunsa,09-Aug-21,190722,167422
INDUS,Guddu,09-Aug-21,277761,240041
INDUS,Sukkar,09-Aug-21,248335,191085
INDUS,Kotri,09-Aug-21,92295,56790
JHELUM,Kotli,09-Aug-21,-,4530
JHELUM,Mangla,09-Aug-21,30000,8015
JHELUM,Rasul,09-Aug-21,3460,NIL
CHENAB,Jammu Tavi,09-Aug-21,-,-
CHENAB,Marala,09-Aug-21,61971,27571
CHENAB,Khanki,09-Aug-21,31056,23690
CHENAB,Qadirabad,09-Aug-21,25514,5514
CHENAB,Trimmu,09-Aug-21,40256,24156
CHENAB,Punjnad,09-Aug-21,50040,34315
RAVI,Jassar,09-Aug-21,-,6014
RAVI,Shahdara,09-Aug-21,-,26059
RAVI,Balloki,09-Aug-21,39269,10690
RAVI,Sidhnai,09-Aug-21,24488,7713
SUTLEJ,Bhakra,09-Aug-21,-,-
SUTLEJ,Sulemanki,09-Aug-21,16113,2683
SUTLEJ,Islam,09-Aug-21,3516,2336
INDUS,Kalabagh,09-Aug-21,168111,161611
INDUS,Chashma,09-Aug-21,180860,167060
INDUS,Taunsa,09-Aug-21,186217,163231
INDUS,Guddu,09-Aug-21,259996,222126
INDUS,Sukkar,09-Aug-21,245005,187690
INDUS,Kotri,09-Aug-21,92295,56790
JHELUM,Kotli,09-Aug-21,-,5100
JHELUM,Mangla,09-Aug-21,39000,11515
JHELUM,Rasul,09-Aug-21,3460,-
CHENAB,Jammu Tavi,09-Aug-21,-,-
CHENAB,Marala,09-Aug-21,61971,27571
CHENAB,Khanki,09-Aug-21,31056,23690
CHENAB,Qadirabad,09-Aug-21,20000,-
CHENAB,Trimmu,09-Aug-21,34130,18030
CHENAB,Punjnad,09-Aug-21,37117,21392
RAVI,Jassar,09-Aug-21,-,4660
RAVI,Shahdara,09-Aug-21,-,23452
RAVI,Balloki,09-Aug-21,39269,10690
RAVI,Sidhnai,09-Aug-21,24488,7713
SUTLEJ,Bhakra,09-Aug-21,39783,20007
SUTLEJ,Sulemanki,09-Aug-21,16113,2683
SUTLEJ,Islam,09-Aug-21,2457,1277
INDUS,Kalabagh,09-Aug-21,138180,131680
INDUS,Chashma,09-Aug-21,181977,167677
INDUS,Taunsa,09-Aug-21,185903,163372
INDUS,Guddu,09-Aug-21,240865,202545
INDUS,Sukkar,09-Aug-21,245005,187690
INDUS,Kotri,09-Aug-21,98431,62926
JHELUM,Kotli,09-Aug-21,-,5100
JHELUM,Mangla,09-Aug-21,32000,16615
JHELUM,Rasul,09-Aug-21,8801,5341
CHENAB,Jammu Tavi,09-Aug-21,-,-
CHENAB,Marala,09-Aug-21,63962,29762
CHENAB,Khanki,09-Aug-21,35902,28536
CHENAB,Qadirabad,09-Aug-21,22836,2836
CHENAB,Trimmu,09-Aug-21,34130,18030
CHENAB,Punjnad,09-Aug-21,37142,21392
RAVI,Jassar,09-Aug-21,-,4660
RAVI,Shahdara,09-Aug-21,-,24755
RAVI,Balloki,09-Aug-21,38674,10095
RAVI,Sidhnai,09-Aug-21,23985,7085
SUTLEJ,Bhakra,09-Aug-21,-,-
SUTLEJ,Sulemanki,09-Aug-21,16163,2683
SUTLEJ,Islam,09-Aug-21,2021,841
INDUS,Kalabagh,09-Aug-21,116810,110310
INDUS,Chashma,09-Aug-21,180138,167076
INDUS,Taunsa,09-Aug-21,185903,163372
INDUS,Guddu,09-Aug-21,240865,202545
INDUS,Sukkar,09-Aug-21,245005,187690
INDUS,Kotri,09-Aug-21,98431,62926
JHELUM,Kotli,09-Aug-21,-,4810
JHELUM,Mangla,09-Aug-21,34000,33715
JHELUM,Rasul,09-Aug-21,8801,5341
CHENAB,Jammu Tavi,09-Aug-21,-,-
CHENAB,Marala,09-Aug-21,68152,33952
CHENAB,Khanki,09-Aug-21,31776,24410
CHENAB,Qadirabad,09-Aug-21,25514,5514
CHENAB,Trimmu,09-Aug-21,34130,18030
CHENAB,Punjnad,09-Aug-21,33270,17520
RAVI,Jassar,09-Aug-21,-,5507
RAVI,Shahdara,09-Aug-21,-,24755
RAVI,Balloki,09-Aug-21,38674,10095
RAVI,Sidhnai,09-Aug-21,23985,7085
SUTLEJ,Bhakra,09-Aug-21,-,-
SUTLEJ,Sulemanki,09-Aug-21,16163,2683
SUTLEJ,Islam,09-Aug-21,1655,425
INDUS,Kalabagh,10-Aug-21,149053,142553
INDUS,Chashma,10-Aug-21,181735,167435
INDUS,Taunsa,10-Aug-21,185903,163372
INDUS,Guddu,10-Aug-21,230761,192441
INDUS,Sukkar,10-Aug-21,227155,169590
INDUS,Kotri,10-Aug-21,109020,73515
JHELUM,Kotli,10-Aug-21,-,4530
JHELUM,Mangla,10-Aug-21,34000,33715
JHELUM,Rasul,10-Aug-21,3460,Nil
CHENAB,Jammu Tavi,10-Aug-21,-,-
CHENAB,Marala,10-Aug-21,63962,29762
CHENAB,Khanki,10-Aug-21,34085,26719
CHENAB,Qadirabad,10-Aug-21,28555,8555
CHENAB,Trimmu,10-Aug-21,34130,18030
CHENAB,Punjnad,10-Aug-21,32270,17520
RAVI,Jassar,10-Aug-21,-,5507
RAVI,Shahdara,10-Aug-21,-,22322
RAVI,Balloki,10-Aug-21,37749,9170
RAVI,Sidhnai,10-Aug-21,23985,7085
SUTLEJ,Bhakra,10-Aug-21,-,-
SUTLEJ,Sulemanki,10-Aug-21,15847,2367
SUTLEJ,Islam,10-Aug-21,1655,425
INDUS,Kalabagh,10-Aug-21,159536,153036
INDUS,Chashma,10-Aug-21,183753,170373
INDUS,Taunsa,10-Aug-21,185448,163239
INDUS,Guddu,10-Aug-21,196441,159120
INDUS,Sukkar,10-Aug-21,227155,169590
INDUS,Kotri,10-Aug-21,109020,73515
JHELUM,Kotli,10-Aug-21,-,4240
JHELUM,Mangla,10-Aug-21,40000,22015
JHELUM,Rasul,10-Aug-21,23165,19705
CHENAB,Jammu Tavi,10-Aug-21,-,-
CHENAB,Marala,10-Aug-21,59972,25572
CHENAB,Khanki,10-Aug-21,35902,28536
CHENAB,Qadirabad,10-Aug-21,26868,6868
CHENAB,Trimmu,10-Aug-21,33181,17081
CHENAB,Punjnad,10-Aug-21,30781,15031
RAVI,Jassar,10-Aug-21,-,6014
RAVI,Shahdara,10-Aug-21,-,22322
RAVI,Balloki,10-Aug-21,37749,9170
RAVI,Sidhnai,10-Aug-21,23985,7085
SUTLEJ,Bhakra,10-Aug-21,41606,20300
SUTLEJ,Sulemanki,10-Aug-21,15847,2367
SUTLEJ,Islam,10-Aug-21,1655,425
INDUS,Kalabagh,10-Aug-21,159536,153036
INDUS,Chashma,10-Aug-21,176135,163074
INDUS,Taunsa,10-Aug-21,180340,158688
INDUS,Guddu,10-Aug-21,184304,146983
INDUS,Sukkar,10-Aug-21,227155,169590
INDUS,Kotri,10-Aug-21,112600,77095
JHELUM,Kotli,10-Aug-21,-,3950
JHELUM,Mangla,10-Aug-21,32000,21615
JHELUM,Rasul,10-Aug-21,23165,19705
CHENAB,Jammu Tavi,10-Aug-21,-,-
CHENAB,Marala,10-Aug-21,59972,25572
CHENAB,Khanki,10-Aug-21,39006,31640
CHENAB,Qadirabad,10-Aug-21,28555,8555
CHENAB,Trimmu,10-Aug-21,30898,14798
CHENAB,Punjnad,10-Aug-21,30781,15031
RAVI,Jassar,10-Aug-21,-,6014
RAVI,Shahdara,10-Aug-21,-,22322
RAVI,Balloki,10-Aug-21,37984,9405
RAVI,Sidhnai,10-Aug-21,25055,8055
SUTLEJ,Bhakra,10-Aug-21,-,-
SUTLEJ,Sulemanki,10-Aug-21,15847,2367
SUTLEJ,Islam,10-Aug-21,1250,-
INDUS,Kalabagh,10-Aug-21,149053,142553
INDUS,Chashma,10-Aug-21,176063,163243
INDUS,Taunsa,10-Aug-21,180340,158688
INDUS,Guddu,10-Aug-21,184304,146983
INDUS,Sukkar,10-Aug-21,227155,169590
INDUS,Kotri,10-Aug-21,112600,77095
JHELUM,Kotli,10-Aug-21,-,3670
JHELUM,Mangla,10-Aug-21,35000,27515
JHELUM,Rasul,10-Aug-21,15355,11895
CHENAB,Jammu Tavi,10-Aug-21,-,-
CHENAB,Marala,10-Aug-21,64162,29762
CHENAB,Khanki,10-Aug-21,31776,24410
CHENAB,Qadirabad,10-Aug-21,28555,8555
CHENAB,Trimmu,10-Aug-21,30898,14798
CHENAB,Punjnad,10-Aug-21,30781,15031
RAVI,Jassar,10-Aug-21,-,6014
RAVI,Shahdara,10-Aug-21,-,22322
RAVI,Balloki,10-Aug-21,37984,9405
RAVI,Sidhnai,10-Aug-21,25055,8055
SUTLEJ,Bhakra,10-Aug-21,-,-
SUTLEJ,Sulemanki,10-Aug-21,15847,2367
SUTLEJ,Islam,10-Aug-21,1250,-
INDUS,Kalabagh,11-Aug-21,146189,139689
INDUS,Chashma,11-Aug-21,175769,163190
INDUS,Taunsa,11-Aug-21,180340,158688
INDUS,Guddu,11-Aug-21,172267,134531
INDUS,Sukkar,11-Aug-21,169330,111750
INDUS,Kotri,11-Aug-21,116666,81161
JHELUM,Kotli,11-Aug-21,-,3380
JHELUM,Mangla,11-Aug-21,35000,13355
JHELUM,Rasul,11-Aug-21,19260,15800
CHENAB,Jammu Tavi,11-Aug-21,-,-
CHENAB,Marala,11-Aug-21,59972,25772
CHENAB,Khanki,11-Aug-21,31776,24410
CHENAB,Qadirabad,11-Aug-21,26868,6868
CHENAB,Trimmu,11-Aug-21,30898,14798
CHENAB,Punjnad,11-Aug-21,30781,15031
RAVI,Jassar,11-Aug-21,-,6014
RAVI,Shahdara,11-Aug-21,-,23452
RAVI,Balloki,11-Aug-21,37984,9405
RAVI,Sidhnai,11-Aug-21,25355,8055
SUTLEJ,Bhakra,11-Aug-21,-,-
SUTLEJ,Sulemanki,11-Aug-21,15815,2367
SUTLEJ,Islam,11-Aug-21,1250,-
INDUS,Kalabagh,11-Aug-21,156672,150172
INDUS,Chashma,11-Aug-21,176685,166390
INDUS,Taunsa,11-Aug-21,180340,158688
INDUS,Guddu,11-Aug-21,172247,133931
INDUS,Sukkar,11-Aug-21,164246,106666
INDUS,Kotri,11-Aug-21,116666,81161
JHELUM,Kotli,11-Aug-21,-,3380
JHELUM,Mangla,11-Aug-21,50000,23515
JHELUM,Rasul,11-Aug-21,19260,15800
CHENAB,Jammu Tavi,11-Aug-21,-,-
CHENAB,Marala,11-Aug-21,55782,21382
CHENAB,Khanki,11-Aug-21,29560,22194
CHENAB,Qadirabad,11-Aug-21,24193,4193
CHENAB,Trimmu,11-Aug-21,21746,5646
CHENAB,Punjnad,11-Aug-21,27421,11621
RAVI,Jassar,11-Aug-21,-,5507
RAVI,Shahdara,11-Aug-21,-,23452
RAVI,Balloki,11-Aug-21,37984,9405
RAVI,Sidhnai,11-Aug-21,25355,8055
SUTLEJ,Bhakra,11-Aug-21,34055,20825
SUTLEJ,Sulemanki,11-Aug-21,15815,2367
SUTLEJ,Islam,11-Aug-21,1250,-
INDUS,Kalabagh,11-Aug-21,182802,176302
INDUS,Chashma,11-Aug-21,175553,165953
INDUS,Taunsa,11-Aug-21,169226,149114
INDUS,Guddu,11-Aug-21,162971,124655
INDUS,Sukkar,11-Aug-21,164246,106666
INDUS,Kotri,11-Aug-21,121190,85685
JHELUM,Kotli,11-Aug-21,-,3380
JHELUM,Mangla,11-Aug-21,34000,26015
JHELUM,Rasul,11-Aug-21,8851,5341
CHENAB,Jammu Tavi,11-Aug-21,-,-
CHENAB,Marala,11-Aug-21,55782,21382
CHENAB,Khanki,11-Aug-21,29560,22194
CHENAB,Qadirabad,11-Aug-21,22836,2836
CHENAB,Trimmu,11-Aug-21,21746,5646
CHENAB,Punjnad,11-Aug-21,27421,11621
RAVI,Jassar,11-Aug-21,-,5507
RAVI,Shahdara,11-Aug-21,-,23452
RAVI,Balloki,11-Aug-21,37254,8525
RAVI,Sidhnai,11-Aug-21,25355,8055
SUTLEJ,Bhakra,11-Aug-21,-,-
SUTLEJ,Sulemanki,11-Aug-21,15899,2367
SUTLEJ,Islam,11-Aug-21,1250,NIL
INDUS,Kalabagh,11-Aug-21,192295,185540
INDUS,Chashma,11-Aug-21,175562,165962
INDUS,Taunsa,11-Aug-21,169226,149114
INDUS,Guddu,11-Aug-21,162971,124655
INDUS,Sukkar,11-Aug-21,164246,106666
INDUS,Kotri,11-Aug-21,121190,85685
JHELUM,Kotli,11-Aug-21,-,3100
JHELUM,Mangla,11-Aug-21,33000,25915
JHELUM,Rasul,11-Aug-21,15405,11895
CHENAB,Jammu Tavi,11-Aug-21,-,-
CHENAB,Marala,11-Aug-21,59972,25572
CHENAB,Khanki,11-Aug-21,27294,19928
CHENAB,Qadirabad,11-Aug-21,21477,1477
CHENAB,Trimmu,11-Aug-21,21746,5646
CHENAB,Punjnad,11-Aug-21,27421,11621
RAVI,Jassar,11-Aug-21,-,5507
RAVI,Shahdara,11-Aug-21,-,23452
RAVI,Balloki,11-Aug-21,37254,8525
RAVI,Sidhnai,11-Aug-21,23657,6357
SUTLEJ,Bhakra,11-Aug-21,-,-
SUTLEJ,Sulemanki,11-Aug-21,15899,2367
SUTLEJ,Islam,11-Aug-21,1250,NIL
INDUS,Kalabagh,12-Aug-21,152417,145417
INDUS,Chashma,12-Aug-21,177882,166042
INDUS,Taunsa,12-Aug-21,169226,149114
INDUS,Guddu,12-Aug-21,161215,122394
INDUS,Sukkar,12-Aug-21,122610,65030
INDUS,Kotri,12-Aug-21,127825,92320
JHELUM,Kotli,12-Aug-21,-,2810
JHELUM,Mangla,12-Aug-21,35000,11615
JHELUM,Rasul,12-Aug-21,19310,15800
CHENAB,Jammu Tavi,12-Aug-21,-,-
CHENAB,Marala,12-Aug-21,55782,21382
CHENAB,Khanki,12-Aug-21,27294,19928
CHENAB,Qadirabad,12-Aug-21,21477,1477
CHENAB,Trimmu,12-Aug-21,21746,5646
CHENAB,Punjnad,12-Aug-21,27421,11621
RAVI,Jassar,12-Aug-21,-,5507
RAVI,Shahdara,12-Aug-21,-,22322
RAVI,Balloki,12-Aug-21,37254,8525
RAVI,Sidhnai,12-Aug-21,23657,6357
SUTLEJ,Bhakra,12-Aug-21,-,-
SUTLEJ,Sulemanki,12-Aug-21,15965,2367
SUTLEJ,Islam,12-Aug-21,1250,NIL
INDUS,Kalabagh,12-Aug-21,183302,176302
INDUS,Chashma,12-Aug-21,176894,166056
INDUS,Taunsa,12-Aug-21,169226,149114
INDUS,Guddu,12-Aug-21,159491,120670
INDUS,Sukkar,12-Aug-21,122610,65030
INDUS,Kotri,12-Aug-21,127825,92320
JHELUM,Kotli,12-Aug-21,-,3320
JHELUM,Mangla,12-Aug-21,25000,24715
JHELUM,Rasul,12-Aug-21,23215,19705
CHENAB,Jammu Tavi,12-Aug-21,-,-
CHENAB,Marala,12-Aug-21,55782,21382
CHENAB,Khanki,12-Aug-21,27294,19928
CHENAB,Qadirabad,12-Aug-21,21477,1477
CHENAB,Trimmu,12-Aug-21,21746,5646
CHENAB,Punjnad,12-Aug-21,25397,9597
RAVI,Jassar,12-Aug-21,-,5337
RAVI,Shahdara,12-Aug-21,-,22322
RAVI,Balloki,12-Aug-21,37249,8525
RAVI,Sidhnai,12-Aug-21,23657,6357
SUTLEJ,Bhakra,12-Aug-21,34034,21082
SUTLEJ,Sulemanki,12-Aug-21,15965,2367
SUTLEJ,Islam,12-Aug-21,1250,-
INDUS,Kalabagh,12-Aug-21,183302,176302
INDUS,Chashma,12-Aug-21,176996,165981
INDUS,Taunsa,12-Aug-21,169226,149114
INDUS,Guddu,12-Aug-21,154994,115684
INDUS,Sukkar,12-Aug-21,120020,62440
INDUS,Kotri,12-Aug-21,130590,95085
JHELUM,Kotli,12-Aug-21,-,3100
JHELUM,Mangla,12-Aug-21,32000,26915
JHELUM,Rasul,12-Aug-21,8851,5341
CHENAB,Jammu Tavi,12-Aug-21,-,-
CHENAB,Marala,12-Aug-21,55782,21382
CHENAB,Khanki,12-Aug-21,34085,26719
CHENAB,Qadirabad,12-Aug-21,21477,1477
CHENAB,Trimmu,12-Aug-21,21746,5646
CHENAB,Punjnad,12-Aug-21,25397,9597
RAVI,Jassar,12-Aug-21,-,5337
RAVI,Shahdara,12-Aug-21,-,22862
RAVI,Balloki,12-Aug-21,36379,7650
RAVI,Sidhnai,12-Aug-21,22666,5366
SUTLEJ,Bhakra,12-Aug-21,-,-
SUTLEJ,Sulemanki,12-Aug-21,15703,2035
SUTLEJ,Islam,12-Aug-21,1250,NIL
INDUS,Kalabagh,12-Aug-21,173384,166384
INDUS,Chashma,12-Aug-21,175630,166030
INDUS,Taunsa,12-Aug-21,169226,149114
INDUS,Guddu,12-Aug-21,154994,115684
INDUS,Sukkar,12-Aug-21,120020,62440
INDUS,Kotri,12-Aug-21,130590,95085
JHELUM,Kotli,12-Aug-21,-,3380
JHELUM,Mangla,12-Aug-21,32000,20715
JHELUM,Rasul,12-Aug-21,8851,5341
CHENAB,Jammu Tavi,12-Aug-21,-,-
CHENAB,Marala,12-Aug-21,59972,25572
CHENAB,Khanki,12-Aug-21,24971,17605
CHENAB,Qadirabad,12-Aug-21,22836,2863
CHENAB,Trimmu,12-Aug-21,18846,2746
CHENAB,Punjnad,12-Aug-21,25397,9597
RAVI,Jassar,12-Aug-21,-,5337
RAVI,Shahdara,12-Aug-21,-,22862
RAVI,Balloki,12-Aug-21,36379,7650
RAVI,Sidhnai,12-Aug-21,22666,5366
SUTLEJ,Bhakra,12-Aug-21,-,-
SUTLEJ,Sulemanki,12-Aug-21,15703,2035
SUTLEJ,Islam,12-Aug-21,1250,NIL
INDUS,Kalabagh,13-Aug-21,186166,179166
INDUS,Chashma,13-Aug-21,175567,165967
INDUS,Taunsa,13-Aug-21,169226,149114
INDUS,Guddu,13-Aug-21,148905,109793
INDUS,Sukkar,13-Aug-21,109330,53700
INDUS,Kotri,13-Aug-21,130590,95085
JHELUM,Kotli,13-Aug-21,-,3960
JHELUM,Mangla,13-Aug-21,32000,16855
JHELUM,Rasul,13-Aug-21,23215,19705
CHENAB,Jammu Tavi,13-Aug-21,-,-
CHENAB,Marala,13-Aug-21,55782,21382
CHENAB,Khanki,13-Aug-21,27294,19928
CHENAB,Qadirabad,13-Aug-21,20000,NIL
CHENAB,Trimmu,13-Aug-21,20203,4103
CHENAB,Punjnad,13-Aug-21,25397,9597
RAVI,Jassar,13-Aug-21,-,5337
RAVI,Shahdara,13-Aug-21,-,22862
RAVI,Balloki,13-Aug-21,36064,7335
RAVI,Sidhnai,13-Aug-21,22766,5366
SUTLEJ,Bhakra,13-Aug-21,-,-
SUTLEJ,Sulemanki,13-Aug-21,15703,2035
SUTLEJ,Islam,13-Aug-21,1250,NIL
INDUS,Kalabagh,13-Aug-21,186166,179166
INDUS,Chashma,13-Aug-21,176774,165759
INDUS,Taunsa,13-Aug-21,159337,131251
INDUS,Guddu,13-Aug-21,143796,104684
INDUS,Sukkar,13-Aug-21,109330,53700
INDUS,Kotri,13-Aug-21,130590,95085
JHELUM,Kotli,13-Aug-21,-,3670
JHELUM,Mangla,13-Aug-21,30000,19115
JHELUM,Rasul,13-Aug-21,19310,15800
CHENAB,Jammu Tavi,13-Aug-21,-,-
CHENAB,Marala,13-Aug-21,55782,21382
CHENAB,Khanki,13-Aug-21,29596,22194
CHENAB,Qadirabad,13-Aug-21,22836,2836
CHENAB,Trimmu,13-Aug-21,20203,4103
CHENAB,Punjnad,13-Aug-21,20688,4888
RAVI,Jassar,13-Aug-21,-,4660
RAVI,Shahdara,13-Aug-21,-,22322
RAVI,Balloki,13-Aug-21,34309,5580
RAVI,Sidhnai,13-Aug-21,22766,5366
SUTLEJ,Bhakra,13-Aug-21,-,-
SUTLEJ,Sulemanki,13-Aug-21,15703,2035
SUTLEJ,Islam,13-Aug-21,1250,-
INDUS,Kalabagh,13-Aug-21,164810,157810
INDUS,Chashma,13-Aug-21,177219,165955
INDUS,Taunsa,13-Aug-21,159337,131251
INDUS,Guddu,13-Aug-21,137350,99727
INDUS,Sukkar,13-Aug-21,109330,53700
INDUS,Kotri,13-Aug-21,130590,95085
JHELUM,Kotli,13-Aug-21,-,25420
JHELUM,Mangla,13-Aug-21,32000,21815
JHELUM,Rasul,13-Aug-21,11500,7990
CHENAB,Jammu Tavi,13-Aug-21,-,-
CHENAB,Marala,13-Aug-21,60002,25572
CHENAB,Khanki,13-Aug-21,34121,26719
CHENAB,Qadirabad,13-Aug-21,22836,2836
CHENAB,Trimmu,13-Aug-21,20203,4103
CHENAB,Punjnad,13-Aug-21,20688,4888
RAVI,Jassar,13-Aug-21,-,4660
RAVI,Shahdara,13-Aug-21,-,22862
RAVI,Balloki,13-Aug-21,34309,5580
RAVI,Sidhnai,13-Aug-21,22008,4608
SUTLEJ,Bhakra,13-Aug-21,-,-
SUTLEJ,Sulemanki,13-Aug-21,15745,2035
SUTLEJ,Islam,13-Aug-21,1250,NIL
INDUS,Kalabagh,13-Aug-21,175634,168294
INDUS,Chashma,13-Aug-21,177264,166000
INDUS,Taunsa,13-Aug-21,159337,131251
INDUS,Guddu,13-Aug-21,137350,99727
INDUS,Sukkar,13-Aug-21,109330,53700
INDUS,Kotri,13-Aug-21,130590,95085
JHELUM,Kotli,13-Aug-21,-,3670
JHELUM,Mangla,13-Aug-21,32000,29315
JHELUM,Rasul,13-Aug-21,19310,15800
CHENAB,Jammu Tavi,13-Aug-21,-,-
CHENAB,Marala,13-Aug-21,64192,29762
CHENAB,Khanki,13-Aug-21,27306,19928
CHENAB,Qadirabad,13-Aug-21,22836,2836
CHENAB,Trimmu,13-Aug-21,19356,4103
CHENAB,Punjnad,13-Aug-21,20688,7888
RAVI,Jassar,13-Aug-21,-,4660
RAVI,Shahdara,13-Aug-21,-,22322
RAVI,Balloki,13-Aug-21,34309,5580
RAVI,Sidhnai,13-Aug-21,20653,3253
SUTLEJ,Bhakra,13-Aug-21,-,-
SUTLEJ,Sulemanki,13-Aug-21,15745,2035
SUTLEJ,Islam,13-Aug-21,1250,NIL
INDUS,Kalabagh,14-Aug-21,186507,179007
INDUS,Chashma,14-Aug-21,175825,166225
INDUS,Taunsa,14-Aug-21,159337,131251
INDUS,Guddu,14-Aug-21,132870,97300
INDUS,Sukkar,14-Aug-21,98030,44215
INDUS,Kotri,14-Aug-21,130590,95085
JHELUM,Kotli,14-Aug-21,-,3380
JHELUM,Mangla,14-Aug-21,34000,20555
JHELUM,Rasul,14-Aug-21,19310,15800
CHENAB,Jammu Tavi,14-Aug-21,-,-
CHENAB,Marala,14-Aug-21,60002,25572
CHENAB,Khanki,14-Aug-21,27306,19928
CHENAB,Qadirabad,14-Aug-21,22836,2836
CHENAB,Trimmu,14-Aug-21,21870,9054
CHENAB,Punjnad,14-Aug-21,20688,7888
RAVI,Jassar,14-Aug-21,-,4660
RAVI,Shahdara,14-Aug-21,-,22322
RAVI,Balloki,14-Aug-21,34309,5580
RAVI,Sidhnai,14-Aug-21,20653,3253
SUTLEJ,Bhakra,14-Aug-21,-,-
SUTLEJ,Sulemanki,14-Aug-21,15745,2035
SUTLEJ,Islam,14-Aug-21,1250,NIL
INDUS,Kalabagh,14-Aug-21,164355,156855
INDUS,Chashma,14-Aug-21,176042,166442
INDUS,Taunsa,14-Aug-21,160798,132091
INDUS,Guddu,14-Aug-21,125692,90122
INDUS,Sukkar,14-Aug-21,95215,42005
INDUS,Kotri,14-Aug-21,130590,95085
JHELUM,Kotli,14-Aug-21,-,4810
JHELUM,Mangla,14-Aug-21,25000,19515
JHELUM,Rasul,14-Aug-21,19310,15800
CHENAB,Jammu Tavi,14-Aug-21,-,-
CHENAB,Marala,14-Aug-21,60022,25572
CHENAB,Khanki,14-Aug-21,31788,24410
CHENAB,Qadirabad,14-Aug-21,21477,1477
CHENAB,Trimmu,14-Aug-21,24088,11588
CHENAB,Punjnad,14-Aug-21,19898,7098
RAVI,Jassar,14-Aug-21,-,4154
RAVI,Shahdara,14-Aug-21,-,22322
RAVI,Balloki,14-Aug-21,34309,5580
RAVI,Sidhnai,14-Aug-21,19698,2298
SUTLEJ,Bhakra,14-Aug-21,36057,20042
SUTLEJ,Sulemanki,14-Aug-21,15745,2035
SUTLEJ,Islam,14-Aug-21,1250,-
INDUS,Kalabagh,14-Aug-21,164355,156855
INDUS,Chashma,14-Aug-21,175650,166050
INDUS,Taunsa,14-Aug-21,160798,132091
INDUS,Guddu,14-Aug-21,125692,90122
INDUS,Sukkar,14-Aug-21,93120,41460
INDUS,Kotri,14-Aug-21,130590,95085
JHELUM,Kotli,14-Aug-21,-,4240
JHELUM,Mangla,14-Aug-21,36000,21315
JHELUM,Rasul,14-Aug-21,19310,15800
CHENAB,Jammu Tavi,14-Aug-21,-,-
CHENAB,Marala,14-Aug-21,60022,25572
CHENAB,Khanki,14-Aug-21,34097,26719
CHENAB,Qadirabad,14-Aug-21,22836,2836
CHENAB,Trimmu,14-Aug-21,24088,11588
CHENAB,Punjnad,14-Aug-21,19898,7098
RAVI,Jassar,14-Aug-21,-,4154
RAVI,Shahdara,14-Aug-21,-,22322
RAVI,Balloki,14-Aug-21,34309,5580
RAVI,Sidhnai,14-Aug-21,18395,995
SUTLEJ,Bhakra,14-Aug-21,36057,20042
SUTLEJ,Sulemanki,14-Aug-21,15788,2035
SUTLEJ,Islam,14-Aug-21,1250,-
INDUS,Kalabagh,14-Aug-21,153372,146372
INDUS,Chashma,14-Aug-21,175586,165986
INDUS,Taunsa,14-Aug-21,160798,132091
INDUS,Guddu,14-Aug-21,125692,90122
INDUS,Sukkar,14-Aug-21,93120,41460
INDUS,Kotri,14-Aug-21,130590,95085
JHELUM,Kotli,14-Aug-21,-,3950
JHELUM,Mangla,14-Aug-21,33000,23815
JHELUM,Rasul,14-Aug-21,15405,11895
CHENAB,Jammu Tavi,14-Aug-21,-,-
CHENAB,Marala,14-Aug-21,64212,29762
CHENAB,Khanki,14-Aug-21,31788,24410
CHENAB,Qadirabad,14-Aug-21,28555,8555
CHENAB,Trimmu,14-Aug-21,21554,9054
CHENAB,Punjnad,14-Aug-21,19898,7098
RAVI,Jassar,14-Aug-21,-,4154
RAVI,Shahdara,14-Aug-21,-,22322
RAVI,Balloki,14-Aug-21,34309,5580
RAVI,Sidhnai,14-Aug-21,18395,995
SUTLEJ,Bhakra,14-Aug-21,,
SUTLEJ,Sulemanki,14-Aug-21,15788,2035
SUTLEJ,Islam,14-Aug-21,1250,NIL
INDUS,Kalabagh,15-Aug-21,176390,168890
INDUS,Chashma,15-Aug-21,177513,165844
INDUS,Taunsa,15-Aug-21,160798,132091
INDUS,Guddu,15-Aug-21,125692,90122
INDUS,Sukkar,15-Aug-21,88970,40025
INDUS,Kotri,15-Aug-21,126955,91450
JHELUM,Kotli,15-Aug-21,-,3670
JHELUM,Mangla,15-Aug-21,28000,20255
JHELUM,Rasul,15-Aug-21,15405,11895
CHENAB,Jammu Tavi,15-Aug-21,-,-
CHENAB,Marala,15-Aug-21,60022,25572
CHENAB,Khanki,15-Aug-21,35914,28536
CHENAB,Qadirabad,15-Aug-21,26868,6868
CHENAB,Trimmu,15-Aug-21,21554,9054
CHENAB,Punjnad,15-Aug-21,19898,7098
RAVI,Jassar,15-Aug-21,-,4154
RAVI,Shahdara,15-Aug-21,-,21191
RAVI,Balloki,15-Aug-21,34309,5580
RAVI,Sidhnai,15-Aug-21,18395,995
SUTLEJ,Bhakra,15-Aug-21,,
SUTLEJ,Sulemanki,15-Aug-21,15838,2035
SUTLEJ,Islam,15-Aug-21,1250,NIL
INDUS,Kalabagh,15-Aug-21,176390,168890
INDUS,Chashma,15-Aug-21,175765,166165
INDUS,Taunsa,15-Aug-21,161419,132943
INDUS,Guddu,15-Aug-21,133881,98856
INDUS,Sukkar,15-Aug-21,88625,40025
INDUS,Kotri,15-Aug-21,116710,81205
JHELUM,Kotli,15-Aug-21,-,4530
JHELUM,Mangla,15-Aug-21,57000,18815
JHELUM,Rasul,15-Aug-21,23215,19705
CHENAB,Jammu Tavi,15-Aug-21,-,-
CHENAB,Marala,15-Aug-21,51642,17192
CHENAB,Khanki,15-Aug-21,35914,28536
CHENAB,Qadirabad,15-Aug-21,26868,6868
CHENAB,Trimmu,15-Aug-21,21554,9054
CHENAB,Punjnad,15-Aug-21,17913,5113
RAVI,Jassar,15-Aug-21,-,4660
RAVI,Shahdara,15-Aug-21,-,21191
RAVI,Balloki,15-Aug-21,33429,4700
RAVI,Sidhnai,15-Aug-21,18395,995
SUTLEJ,Bhakra,15-Aug-21,37092,20936
SUTLEJ,Sulemanki,15-Aug-21,15838,2035
SUTLEJ,Islam,15-Aug-21,1250,-
INDUS,Kalabagh,15-Aug-21,145863,138363
INDUS,Chashma,15-Aug-21,192274,182674
INDUS,Taunsa,15-Aug-21,161188,133439
INDUS,Guddu,15-Aug-21,130778,97804
INDUS,Sukkar,15-Aug-21,88625,40025
INDUS,Kotri,15-Aug-21,102606,67101
JHELUM,Kotli,15-Aug-21,-,4240
JHELUM,Mangla,15-Aug-21,33000,22115
JHELUM,Rasul,15-Aug-21,19310,15800
CHENAB,Jammu Tavi,15-Aug-21,-,-
CHENAB,Marala,15-Aug-21,55832,21382
CHENAB,Khanki,15-Aug-21,34097,26719
CHENAB,Qadirabad,15-Aug-21,26868,6868
CHENAB,Trimmu,15-Aug-21,21554,9054
CHENAB,Punjnad,15-Aug-21,16866,1036
RAVI,Jassar,15-Aug-21,-,4660
RAVI,Shahdara,15-Aug-21,-,21756
RAVI,Balloki,15-Aug-21,33429,4700
RAVI,Sidhnai,15-Aug-21,18061,661
SUTLEJ,Bhakra,15-Aug-21,37092,20936
SUTLEJ,Sulemanki,15-Aug-21,15838,2035
SUTLEJ,Islam,15-Aug-21,1250,Nil
INDUS,Kalabagh,15-Aug-21,135219,127719
INDUS,Chashma,15-Aug-21,192160,182560
INDUS,Taunsa,15-Aug-21,161188,133439
INDUS,Guddu,15-Aug-21,130778,97804
INDUS,Sukkar,15-Aug-21,88625,40025
INDUS,Kotri,15-Aug-21,102606,67101
JHELUM,Kotli,15-Aug-21,-,3950
JHELUM,Mangla,15-Aug-21,34000,21215
JHELUM,Rasul,15-Aug-21,11350,7990
CHENAB,Jammu Tavi,15-Aug-21,-,-
CHENAB,Marala,15-Aug-21,55832,21382
CHENAB,Khanki,15-Aug-21,29572,22194
CHENAB,Qadirabad,15-Aug-21,26868,6868
CHENAB,Trimmu,15-Aug-21,19112,6612
CHENAB,Punjnad,15-Aug-21,16866,1036
RAVI,Jassar,15-Aug-21,-,4660
RAVI,Shahdara,15-Aug-21,-,21756
RAVI,Balloki,15-Aug-21,33429,4700
RAVI,Sidhnai,15-Aug-21,18061,661
SUTLEJ,Bhakra,15-Aug-21,37092,20936
SUTLEJ,Sulemanki,15-Aug-21,15838,2035
SUTLEJ,Islam,15-Aug-21,1250,Nil
INDUS,Kalabagh,16-Aug-21,158646,151146
INDUS,Chashma,16-Aug-21,192320,182720
INDUS,Taunsa,16-Aug-21,161188,133439
INDUS,Guddu,16-Aug-21,128035,96489
INDUS,Sukkar,16-Aug-21,85795,38050
INDUS,Kotri,16-Aug-21,89080,53575
JHELUM,Kotli,16-Aug-21,-,3670
JHELUM,Mangla,16-Aug-21,35000,16455
JHELUM,Rasul,16-Aug-21,23065,19705
CHENAB,Jammu Tavi,16-Aug-21,-,-
CHENAB,Marala,16-Aug-21,55832,21382
CHENAB,Khanki,16-Aug-21,27306,19928
CHENAB,Qadirabad,16-Aug-21,22836,2836
CHENAB,Trimmu,16-Aug-21,19112,6612
CHENAB,Punjnad,16-Aug-21,16866,1036
RAVI,Jassar,16-Aug-21,-,4660
RAVI,Shahdara,16-Aug-21,-,21191
RAVI,Balloki,16-Aug-21,33454,4700
RAVI,Sidhnai,16-Aug-21,18061,661
SUTLEJ,Bhakra,16-Aug-21,37092,20936
SUTLEJ,Sulemanki,16-Aug-21,15888,2035
SUTLEJ,Islam,16-Aug-21,1250,Nil
INDUS,Kalabagh,16-Aug-21,169129,161629
INDUS,Chashma,16-Aug-21,184607,175007
INDUS,Taunsa,16-Aug-21,168314,139537
INDUS,Guddu,16-Aug-21,128035,96489
INDUS,Sukkar,16-Aug-21,85795,38050
INDUS,Kotri,16-Aug-21,79255,43750
JHELUM,Kotli,16-Aug-21,-,3380
JHELUM,Mangla,16-Aug-21,33000,19215
JHELUM,Rasul,16-Aug-21,23065,19705
CHENAB,Jammu Tavi,16-Aug-21,-,-
CHENAB,Marala,16-Aug-21,47452,13002
CHENAB,Khanki,16-Aug-21,24995,17605
CHENAB,Qadirabad,16-Aug-21,20000,-
CHENAB,Trimmu,16-Aug-21,19112,6612
CHENAB,Punjnad,16-Aug-21,15930,-
RAVI,Jassar,16-Aug-21,-,4154
RAVI,Shahdara,16-Aug-21,-,21191
RAVI,Balloki,16-Aug-21,33454,4700
RAVI,Sidhnai,16-Aug-21,17400,-
SUTLEJ,Bhakra,16-Aug-21,34861,21632
SUTLEJ,Sulemanki,16-Aug-21,15888,2035
SUTLEJ,Islam,16-Aug-21,1250,-
INDUS,Kalabagh,16-Aug-21,155781,148281
INDUS,Chashma,16-Aug-21,184667,175067
INDUS,Taunsa,16-Aug-21,168314,139537
INDUS,Guddu,16-Aug-21,128035,96489
INDUS,Sukkar,16-Aug-21,87180,36085
INDUS,Kotri,16-Aug-21,64305,28800
JHELUM,Kotli,16-Aug-21,-,3100
JHELUM,Mangla,16-Aug-21,29000,19815
JHELUM,Rasul,16-Aug-21,11350,7990
CHENAB,Jammu Tavi,16-Aug-21,-,-
CHENAB,Marala,16-Aug-21,47452,13002
CHENAB,Khanki,16-Aug-21,29584,22194
CHENAB,Qadirabad,16-Aug-21,20000,NIL
CHENAB,Trimmu,16-Aug-21,19112,6612
CHENAB,Punjnad,16-Aug-21,15930,NIL
RAVI,Jassar,16-Aug-21,-,4154
RAVI,Shahdara,16-Aug-21,-,21191
RAVI,Balloki,16-Aug-21,33554,4700
RAVI,Sidhnai,16-Aug-21,17109,NIL
SUTLEJ,Bhakra,16-Aug-21,-,-
SUTLEJ,Sulemanki,16-Aug-21,15973,2035
SUTLEJ,Islam,16-Aug-21,1250,NIL
INDUS,Kalabagh,16-Aug-21,156081,148281
INDUS,Chashma,16-Aug-21,184505,174902
INDUS,Taunsa,16-Aug-21,168314,139537
INDUS,Guddu,16-Aug-21,128035,96489
INDUS,Sukkar,16-Aug-21,87180,36085
INDUS,Kotri,16-Aug-21,64305,28800
JHELUM,Kotli,16-Aug-21,-,2810
JHELUM,Mangla,16-Aug-21,28000,28215
JHELUM,Rasul,16-Aug-21,11350,7990
CHENAB,Jammu Tavi,16-Aug-21,-,-
CHENAB,Marala,16-Aug-21,47952,13002
CHENAB,Khanki,16-Aug-21,22708,15306
CHENAB,Qadirabad,16-Aug-21,20000,NIL
CHENAB,Trimmu,16-Aug-21,19112,6612
CHENAB,Punjnad,16-Aug-21,15930,NIL
RAVI,Jassar,16-Aug-21,-,4154
RAVI,Shahdara,16-Aug-21,-,21191
RAVI,Balloki,16-Aug-21,33554,4700
RAVI,Sidhnai,16-Aug-21,17109,NIL
SUTLEJ,Bhakra,16-Aug-21,-,-
SUTLEJ,Sulemanki,16-Aug-21,15973,2035
SUTLEJ,Islam,16-Aug-21,550,NIL
INDUS,Kalabagh,17-Aug-21,156081,148281
INDUS,Chashma,17-Aug-21,184817,175217
INDUS,Taunsa,17-Aug-21,168314,139537
INDUS,Guddu,17-Aug-21,121498,89952
INDUS,Sukkar,17-Aug-21,86130,35020
INDUS,Kotri,17-Aug-21,57675,22170
JHELUM,Kotli,17-Aug-21,-,2520
JHELUM,Mangla,17-Aug-21,26000,11315
JHELUM,Rasul,17-Aug-21,19160,15800
CHENAB,Jammu Tavi,17-Aug-21,-,-
CHENAB,Marala,17-Aug-21,47952,13002
CHENAB,Khanki,17-Aug-21,15821,8419
CHENAB,Qadirabad,17-Aug-21,20000,NIL
CHENAB,Trimmu,17-Aug-21,19112,6612
CHENAB,Punjnad,17-Aug-21,15930,NIL
RAVI,Jassar,17-Aug-21,-,4154
RAVI,Shahdara,17-Aug-21,-,20626
RAVI,Balloki,17-Aug-21,33554,4700
RAVI,Sidhnai,17-Aug-21,17109,NIL
SUTLEJ,Bhakra,17-Aug-21,-,-
SUTLEJ,Sulemanki,17-Aug-21,15973,2035
SUTLEJ,Islam,17-Aug-21,550,NIL
INDUS,Kalabagh,17-Aug-21,166564,158764
INDUS,Chashma,17-Aug-21,182937,175001
INDUS,Taunsa,17-Aug-21,160890,133367
INDUS,Guddu,17-Aug-21,121498,89952
INDUS,Sukkar,17-Aug-21,86130,35020
INDUS,Kotri,17-Aug-21,57675,22170
JHELUM,Kotli,17-Aug-21,-,3380
JHELUM,Mangla,17-Aug-21,27000,19715
JHELUM,Rasul,17-Aug-21,19160,15800
CHENAB,Jammu Tavi,17-Aug-21,-,-
CHENAB,Marala,17-Aug-21,43762,8787
CHENAB,Khanki,17-Aug-21,15821,8419
CHENAB,Qadirabad,17-Aug-21,14000,-
CHENAB,Trimmu,17-Aug-21,21554,9054
CHENAB,Punjnad,17-Aug-21,14865,-
RAVI,Jassar,17-Aug-21,-,3901
RAVI,Shahdara,17-Aug-21,-,20626
RAVI,Balloki,17-Aug-21,33554,4700
RAVI,Sidhnai,17-Aug-21,16490,-
SUTLEJ,Bhakra,17-Aug-21,33909,21515
SUTLEJ,Sulemanki,17-Aug-21,15973,2035
SUTLEJ,Islam,17-Aug-21,550,-
INDUS,Kalabagh,17-Aug-21,147117,139317
INDUS,Chashma,17-Aug-21,176672,166572
INDUS,Taunsa,17-Aug-21,160890,133367
INDUS,Guddu,17-Aug-21,121498,89952
INDUS,Sukkar,17-Aug-21,85565,34850
INDUS,Kotri,17-Aug-21,50995,15490
JHELUM,Kotli,17-Aug-21,-,3100
JHELUM,Mangla,17-Aug-21,26000,21915
JHELUM,Rasul,17-Aug-21,11350,7990
CHENAB,Jammu Tavi,17-Aug-21,-,-
CHENAB,Marala,17-Aug-21,43762,8787
CHENAB,Khanki,17-Aug-21,13000,5598
CHENAB,Qadirabad,17-Aug-21,11825,NIL
CHENAB,Trimmu,17-Aug-21,24088,11588
CHENAB,Punjnad,17-Aug-21,14865,NIL
RAVI,Jassar,17-Aug-21,-,3901
RAVI,Shahdara,17-Aug-21,-,20626
RAVI,Balloki,17-Aug-21,33504,4700
RAVI,Sidhnai,17-Aug-21,16490,NIL
SUTLEJ,Bhakra,17-Aug-21,-,-
SUTLEJ,Sulemanki,17-Aug-21,16016,2035
SUTLEJ,Islam,17-Aug-21,550,NIL
INDUS,Kalabagh,17-Aug-21,136473,128673
INDUS,Chashma,17-Aug-21,178715,166375
INDUS,Taunsa,17-Aug-21,160890,133367
INDUS,Guddu,17-Aug-21,121498,89952
INDUS,Sukkar,17-Aug-21,85565,34850
INDUS,Kotri,17-Aug-21,50995,15490
JHELUM,Kotli,17-Aug-21,-,3100
JHELUM,Mangla,17-Aug-21,24000,29015
JHELUM,Rasul,17-Aug-21,11350,7990
CHENAB,Jammu Tavi,17-Aug-21,-,-
CHENAB,Marala,17-Aug-21,41419,5644
CHENAB,Khanki,17-Aug-21,11134,3732
CHENAB,Qadirabad,17-Aug-21,10950,NIL
CHENAB,Trimmu,17-Aug-21,21554,9054
CHENAB,Punjnad,17-Aug-21,14865,NIL
RAVI,Jassar,17-Aug-21,-,3901
RAVI,Shahdara,17-Aug-21,-,20626
RAVI,Balloki,17-Aug-21,33504,4700
RAVI,Sidhnai,17-Aug-21,16490,NIL
SUTLEJ,Bhakra,17-Aug-21,-,-
SUTLEJ,Sulemanki,17-Aug-21,16016,2035
SUTLEJ,Islam,17-Aug-21,550,NIL
INDUS,Kalabagh,18-Aug-21,144373,136573
INDUS,Chashma,18-Aug-21,181218,166668
INDUS,Taunsa,18-Aug-21,160890,133367
INDUS,Guddu,18-Aug-21,121498,89952
INDUS,Sukkar,18-Aug-21,82645,32030
INDUS,Kotri,18-Aug-21,44680,9175
JHELUM,Kotli,18-Aug-21,-,2810
JHELUM,Mangla,18-Aug-21,21000,15015
JHELUM,Rasul,18-Aug-21,15255,11895
CHENAB,Jammu Tavi,18-Aug-21,-,-
CHENAB,Marala,18-Aug-21,41419,5644
CHENAB,Khanki,18-Aug-21,11134,3732
CHENAB,Qadirabad,18-Aug-21,9900,NIL
CHENAB,Trimmu,18-Aug-21,21554,9054
CHENAB,Punjnad,18-Aug-21,14865,NIL
RAVI,Jassar,18-Aug-21,-,3901
RAVI,Shahdara,18-Aug-21,-,20626
RAVI,Balloki,18-Aug-21,31774,2970
RAVI,Sidhnai,18-Aug-21,15965,NIL
SUTLEJ,Bhakra,18-Aug-21,-,-
SUTLEJ,Sulemanki,18-Aug-21,16016,2035
SUTLEJ,Islam,18-Aug-21,550,NIL
INDUS,Kalabagh,18-Aug-21,154453,146653
INDUS,Chashma,18-Aug-21,182865,169929
INDUS,Taunsa,18-Aug-21,169175,140252
INDUS,Guddu,18-Aug-21,121498,89952
INDUS,Sukkar,18-Aug-21,82645,32030
INDUS,Kotri,18-Aug-21,44680,9175
JHELUM,Kotli,18-Aug-21,-,2520
JHELUM,Mangla,18-Aug-21,20000,15615
JHELUM,Rasul,18-Aug-21,19160,15800
CHENAB,Jammu Tavi,18-Aug-21,-,-
CHENAB,Marala,18-Aug-21,41684,5909
CHENAB,Khanki,18-Aug-21,9268,1866
CHENAB,Qadirabad,18-Aug-21,8850,NIL
CHENAB,Trimmu,18-Aug-21,21554,9054
CHENAB,Punjnad,18-Aug-21,14865,NIL
RAVI,Jassar,18-Aug-21,-,3648
RAVI,Shahdara,18-Aug-21,-,20626
RAVI,Balloki,18-Aug-21,29994,1190
RAVI,Sidhnai,18-Aug-21,15721,NIL
SUTLEJ,Bhakra,18-Aug-21,32000,21417
SUTLEJ,Sulemanki,18-Aug-21,16016,2035
SUTLEJ,Islam,18-Aug-21,550,NIL
INDUS,Kalabagh,18-Aug-21,164054,156254
INDUS,Chashma,18-Aug-21,184634,170034
INDUS,Taunsa,18-Aug-21,169175,140252
INDUS,Guddu,18-Aug-21,121498,89952
INDUS,Sukkar,18-Aug-21,82645,32030
INDUS,Kotri,18-Aug-21,44680,9175
JHELUM,Kotli,18-Aug-21,-,2520
JHELUM,Mangla,18-Aug-21,23000,41598
JHELUM,Rasul,18-Aug-21,12701,5341
CHENAB,Jammu Tavi,18-Aug-21,-,-
CHENAB,Marala,18-Aug-21,41684,5909
CHENAB,Khanki,18-Aug-21,9268,1866
CHENAB,Qadirabad,18-Aug-21,7860,NIL
CHENAB,Trimmu,18-Aug-21,24624,11588
CHENAB,Punjnad,18-Aug-21,14325,NIL
RAVI,Jassar,18-Aug-21,-,3648
RAVI,Shahdara,18-Aug-21,-,20626
RAVI,Balloki,18-Aug-21,29994,1190
RAVI,Sidhnai,18-Aug-21,15721,NIL
SUTLEJ,Bhakra,18-Aug-21,,
SUTLEJ,Sulemanki,18-Aug-21,15543,2035
SUTLEJ,Islam,18-Aug-21,550,NIL
INDUS,Kalabagh,18-Aug-21,183403,175603
INDUS,Chashma,18-Aug-21,184556,169956
INDUS,Taunsa,18-Aug-21,169175,140252
INDUS,Guddu,18-Aug-21,121498,89952
INDUS,Sukkar,18-Aug-21,82645,32030
INDUS,Kotri,18-Aug-21,44680,9175
JHELUM,Kotli,18-Aug-21,-,2240
JHELUM,Mangla,18-Aug-21,26000,57304
JHELUM,Rasul,18-Aug-21,11610,NIL
CHENAB,Jammu Tavi,18-Aug-21,-,-
CHENAB,Marala,18-Aug-21,41684,5909
CHENAB,Khanki,18-Aug-21,7402,NIL
CHENAB,Qadirabad,18-Aug-21,6900,NIL
CHENAB,Trimmu,18-Aug-21,25088,11588
CHENAB,Punjnad,18-Aug-21,14325,NIL
RAVI,Jassar,18-Aug-21,-,3648
RAVI,Shahdara,18-Aug-21,-,20626
RAVI,Balloki,18-Aug-21,28000,NIL
RAVI,Sidhnai,18-Aug-21,15721,NIL
SUTLEJ,Bhakra,18-Aug-21,,
SUTLEJ,Sulemanki,18-Aug-21,15543,2035
SUTLEJ,Islam,18-Aug-21,550,NIL
INDUS,Kalabagh,19-Aug-21,176161,168361
INDUS,Chashma,19-Aug-21,186400,170385
INDUS,Taunsa,19-Aug-21,169175,140252
INDUS,Guddu,19-Aug-21,121498,89952
INDUS,Sukkar,19-Aug-21,82645,32030
INDUS,Kotri,19-Aug-21,44680,9175
JHELUM,Kotli,19-Aug-21,-,2240
JHELUM,Mangla,19-Aug-21,23000,33715
JHELUM,Rasul,19-Aug-21,27255,11895
CHENAB,Jammu Tavi,19-Aug-21,-,-
CHENAB,Marala,19-Aug-21,41684,5909
CHENAB,Khanki,19-Aug-21,9268,1866
CHENAB,Qadirabad,19-Aug-21,8240,NIL
CHENAB,Trimmu,19-Aug-21,25088,11588
CHENAB,Punjnad,19-Aug-21,14325,NIL
RAVI,Jassar,19-Aug-21,-,3648
RAVI,Shahdara,19-Aug-21,-,20626
RAVI,Balloki,19-Aug-21,27500,NIL
RAVI,Sidhnai,19-Aug-21,15551,NIL
SUTLEJ,Bhakra,19-Aug-21,,
SUTLEJ,Sulemanki,19-Aug-21,15543,2035
SUTLEJ,Islam,19-Aug-21,550,NIL
INDUS,Kalabagh,19-Aug-21,185193,177393
INDUS,Chashma,19-Aug-21,186041,170026
INDUS,Taunsa,19-Aug-21,169475,140675
INDUS,Guddu,19-Aug-21,121498,89952
INDUS,Sukkar,19-Aug-21,82245,32030
INDUS,Kotri,19-Aug-21,37890,2385
JHELUM,Kotli,19-Aug-21,-,2520
JHELUM,Mangla,19-Aug-21,22000,33715
JHELUM,Rasul,19-Aug-21,35065,19705
CHENAB,Jammu Tavi,19-Aug-21,-,-
CHENAB,Marala,19-Aug-21,41684,5909
CHENAB,Khanki,19-Aug-21,9268,1866
CHENAB,Qadirabad,19-Aug-21,10200,-
CHENAB,Trimmu,19-Aug-21,25088,11588
CHENAB,Punjnad,19-Aug-21,13595,-
RAVI,Jassar,19-Aug-21,-,3648
RAVI,Shahdara,19-Aug-21,-,20061
RAVI,Balloki,19-Aug-21,27000,-
RAVI,Sidhnai,19-Aug-21,15551,-
SUTLEJ,Bhakra,19-Aug-21,,
SUTLEJ,Sulemanki,19-Aug-21,15543,2035
SUTLEJ,Islam,19-Aug-21,550,-
INDUS,Kalabagh,19-Aug-21,185193,177393
INDUS,Chashma,19-Aug-21,186323,170059
INDUS,Taunsa,19-Aug-21,169475,140675
INDUS,Guddu,19-Aug-21,121498,89952
INDUS,Sukkar,19-Aug-21,82245,32030
INDUS,Kotri,19-Aug-21,37890,2385
JHELUM,Kotli,19-Aug-21,-,2240
JHELUM,Mangla,19-Aug-21,23000,33715
JHELUM,Rasul,19-Aug-21,35065,19705
CHENAB,Jammu Tavi,19-Aug-21,-,-
CHENAB,Marala,19-Aug-21,44587,8812
CHENAB,Khanki,19-Aug-21,9268,1866
CHENAB,Qadirabad,19-Aug-21,12000,-
CHENAB,Trimmu,19-Aug-21,25088,11588
CHENAB,Punjnad,19-Aug-21,13595,-
RAVI,Jassar,19-Aug-21,-,3648
RAVI,Shahdara,19-Aug-21,-,20061
RAVI,Balloki,19-Aug-21,25500,-
RAVI,Sidhnai,19-Aug-21,15551,-
SUTLEJ,Bhakra,19-Aug-21,,
SUTLEJ,Sulemanki,19-Aug-21,15091,2035
SUTLEJ,Islam,19-Aug-21,550,-
INDUS,Kalabagh,19-Aug-21,176361,168361
INDUS,Chashma,19-Aug-21,184671,170071
INDUS,Taunsa,19-Aug-21,169475,140675
INDUS,Guddu,19-Aug-21,121498,89952
INDUS,Sukkar,19-Aug-21,82245,32030
INDUS,Kotri,19-Aug-21,37890,2385
JHELUM,Kotli,19-Aug-21,-,2240
JHELUM,Mangla,19-Aug-21,23000,33715
JHELUM,Rasul,19-Aug-21,30700,15800
CHENAB,Jammu Tavi,19-Aug-21,-,-
CHENAB,Marala,19-Aug-21,48777,13002
CHENAB,Khanki,19-Aug-21,11134,3732
CHENAB,Qadirabad,19-Aug-21,13284,-
CHENAB,Trimmu,19-Aug-21,25088,11588
CHENAB,Punjnad,19-Aug-21,13595,-
RAVI,Jassar,19-Aug-21,-,3648
RAVI,Shahdara,19-Aug-21,-,20061
RAVI,Balloki,19-Aug-21,24500,-
RAVI,Sidhnai,19-Aug-21,15551,-
SUTLEJ,Bhakra,19-Aug-21,,
SUTLEJ,Sulemanki,19-Aug-21,15091,2035
SUTLEJ,Islam,19-Aug-21,700,-
INDUS,Kalabagh,20-Aug-21,177315,169315
INDUS,Chashma,20-Aug-21,184441,169841
INDUS,Taunsa,20-Aug-21,169475,140675
INDUS,Guddu,20-Aug-21,121498,89952
INDUS,Sukkar,20-Aug-21,81415,32000
INDUS,Kotri,20-Aug-21,36311,806
JHELUM,Kotli,20-Aug-21,-,1950
JHELUM,Mangla,20-Aug-21,23000,33715
JHELUM,Rasul,20-Aug-21,26795,11895
CHENAB,Jammu Tavi,20-Aug-21,-,-
CHENAB,Marala,20-Aug-21,48777,13002
CHENAB,Khanki,20-Aug-21,13000,5598
CHENAB,Qadirabad,20-Aug-21,14568,14586
CHENAB,Trimmu,20-Aug-21,25088,11588
CHENAB,Punjnad,20-Aug-21,12912,-
RAVI,Jassar,20-Aug-21,-,3648
RAVI,Shahdara,20-Aug-21,-,20061
RAVI,Balloki,20-Aug-21,23500,-
RAVI,Sidhnai,20-Aug-21,15807,-
SUTLEJ,Bhakra,20-Aug-21,,
SUTLEJ,Sulemanki,20-Aug-21,14543,2035
SUTLEJ,Islam,20-Aug-21,700,-
INDUS,Kalabagh,20-Aug-21,177315,169315
INDUS,Chashma,20-Aug-21,182966,170030
INDUS,Taunsa,20-Aug-21,163202,140824
INDUS,Guddu,20-Aug-21,123613,92067
INDUS,Sukkar,20-Aug-21,81415,32000
INDUS,Kotri,20-Aug-21,36311,806
JHELUM,Kotli,20-Aug-21,-,2240
JHELUM,Mangla,20-Aug-21,21000,33715
JHELUM,Rasul,20-Aug-21,26795,11895
CHENAB,Jammu Tavi,20-Aug-21,-,-
CHENAB,Marala,20-Aug-21,48777,13002
CHENAB,Khanki,20-Aug-21,11134,3732
CHENAB,Qadirabad,20-Aug-21,15660,-
CHENAB,Trimmu,20-Aug-21,25088,11588
CHENAB,Punjnad,20-Aug-21,12912,-
RAVI,Jassar,20-Aug-21,-,3141
RAVI,Shahdara,20-Aug-21,-,20061
RAVI,Balloki,20-Aug-21,23500,-
RAVI,Sidhnai,20-Aug-21,15807,-
SUTLEJ,Bhakra,20-Aug-21,26470,21459
SUTLEJ,Sulemanki,20-Aug-21,14543,2035
SUTLEJ,Islam,20-Aug-21,700,-
INDUS,Kalabagh,20-Aug-21,174549,166549
INDUS,Chashma,20-Aug-21,151205,134941
INDUS,Taunsa,20-Aug-21,163202,140824
INDUS,Guddu,20-Aug-21,125722,94176
INDUS,Sukkar,20-Aug-21,81485,32500
INDUS,Kotri,20-Aug-21,36311,806
JHELUM,Kotli,20-Aug-21,-,1950
JHELUM,Mangla,20-Aug-21,22000,33715
JHELUM,Rasul,20-Aug-21,21391,5341
CHENAB,Jammu Tavi,20-Aug-21,-,-
CHENAB,Marala,20-Aug-21,52967,17192
CHENAB,Khanki,20-Aug-21,20452,13050
CHENAB,Qadirabad,20-Aug-21,17010,NIL
CHENAB,Trimmu,20-Aug-21,21022,6612
CHENAB,Punjnad,20-Aug-21,12912,NIL
RAVI,Jassar,20-Aug-21,-,3141
RAVI,Shahdara,20-Aug-21,-,20061
RAVI,Balloki,20-Aug-21,26500,NIL
RAVI,Sidhnai,20-Aug-21,15045,NIL
SUTLEJ,Bhakra,20-Aug-21,-,-
SUTLEJ,Sulemanki,20-Aug-21,14543,2035
SUTLEJ,Islam,20-Aug-21,700,NIL
INDUS,Kalabagh,20-Aug-21,166193,158990
INDUS,Chashma,20-Aug-21,133060,116391
INDUS,Taunsa,20-Aug-21,163202,140824
INDUS,Guddu,20-Aug-21,125722,94176
INDUS,Sukkar,20-Aug-21,81485,32500
INDUS,Kotri,20-Aug-21,36311,806
JHELUM,Kotli,20-Aug-21,-,1950
JHELUM,Mangla,20-Aug-21,22000,33715
JHELUM,Rasul,20-Aug-21,28945,11895
CHENAB,Jammu Tavi,20-Aug-21,-,-
CHENAB,Marala,20-Aug-21,52967,17192
CHENAB,Khanki,20-Aug-21,13096,5598
CHENAB,Qadirabad,20-Aug-21,22553,4193
CHENAB,Trimmu,20-Aug-21,21442,6612
CHENAB,Punjnad,20-Aug-21,12912,NIL
RAVI,Jassar,20-Aug-21,-,3141
RAVI,Shahdara,20-Aug-21,-,20626
RAVI,Balloki,20-Aug-21,28179,NIL
RAVI,Sidhnai,20-Aug-21,15045,NIL
SUTLEJ,Bhakra,20-Aug-21,-,-
SUTLEJ,Sulemanki,20-Aug-21,14543,2035
SUTLEJ,Islam,20-Aug-21,700,NIL
INDUS,Kalabagh,21-Aug-21,176315,169315
INDUS,Chashma,21-Aug-21,133560,116412
INDUS,Taunsa,21-Aug-21,163202,140824
INDUS,Guddu,21-Aug-21,128052,96506
INDUS,Sukkar,21-Aug-21,84350,33890
INDUS,Kotri,21-Aug-21,35902,397
JHELUM,Kotli,21-Aug-21,-,2520
JHELUM,Mangla,21-Aug-21,24000,33715
JHELUM,Rasul,21-Aug-21,26290,7990
CHENAB,Jammu Tavi,21-Aug-21,-,-
CHENAB,Marala,21-Aug-21,52967,17192
CHENAB,Khanki,21-Aug-21,14051,6553
CHENAB,Qadirabad,21-Aug-21,22546,2836
CHENAB,Trimmu,21-Aug-21,22712,6612
CHENAB,Punjnad,21-Aug-21,12912,NIL
RAVI,Jassar,21-Aug-21,-,3141
RAVI,Shahdara,21-Aug-21,-,20061
RAVI,Balloki,21-Aug-21,29994,1190
RAVI,Sidhnai,21-Aug-21,15045,NIL
SUTLEJ,Bhakra,21-Aug-21,-,-
SUTLEJ,Sulemanki,21-Aug-21,14039,2035
SUTLEJ,Islam,21-Aug-21,700,NIL
INDUS,Kalabagh,21-Aug-21,156397,149397
INDUS,Chashma,21-Aug-21,157079,139931
INDUS,Taunsa,21-Aug-21,163202,140824
INDUS,Guddu,21-Aug-21,128052,96506
INDUS,Sukkar,21-Aug-21,84770,34010
INDUS,Kotri,21-Aug-21,35902,397
JHELUM,Kotli,21-Aug-21,-,3100
JHELUM,Mangla,21-Aug-21,22000,33315
JHELUM,Rasul,21-Aug-21,27040,7990
CHENAB,Jammu Tavi,21-Aug-21,-,-
CHENAB,Marala,21-Aug-21,48277,13002
CHENAB,Khanki,21-Aug-21,20548,13050
CHENAB,Qadirabad,21-Aug-21,25543,5543
CHENAB,Trimmu,21-Aug-21,24000,7900
CHENAB,Punjnad,21-Aug-21,12912,NIL
RAVI,Jassar,21-Aug-21,-,3141
RAVI,Shahdara,21-Aug-21,-,20061
RAVI,Balloki,21-Aug-21,30584,1780
RAVI,Sidhnai,21-Aug-21,15045,NIL
SUTLEJ,Bhakra,21-Aug-21,-,-
SUTLEJ,Sulemanki,21-Aug-21,14039,2035
SUTLEJ,Islam,21-Aug-21,700,NIL
INDUS,Kalabagh,21-Aug-21,115016,108016
INDUS,Chashma,21-Aug-21,154762,140162
INDUS,Taunsa,21-Aug-21,163202,140824
INDUS,Guddu,21-Aug-21,128052,96506
INDUS,Sukkar,21-Aug-21,84770,34010
INDUS,Kotri,21-Aug-21,34642,397
JHELUM,Kotli,21-Aug-21,-,2520
JHELUM,Mangla,21-Aug-21,23000,31915
JHELUM,Rasul,21-Aug-21,30850,15800
CHENAB,Jammu Tavi,21-Aug-21,-,-
CHENAB,Marala,21-Aug-21,52467,17192
CHENAB,Khanki,21-Aug-21,25031,17605
CHENAB,Qadirabad,21-Aug-21,28243,8243
CHENAB,Trimmu,21-Aug-21,24000,7900
CHENAB,Punjnad,21-Aug-21,12912,NIL
RAVI,Jassar,21-Aug-21,-,3141
RAVI,Shahdara,21-Aug-21,-,20626
RAVI,Balloki,21-Aug-21,29994,1190
RAVI,Sidhnai,21-Aug-21,15381,NIL
SUTLEJ,Bhakra,21-Aug-21,-,-
SUTLEJ,Sulemanki,21-Aug-21,14696,2035
SUTLEJ,Islam,21-Aug-21,700,NIL
INDUS,Kalabagh,21-Aug-21,107130,100130
INDUS,Chashma,21-Aug-21,154547,139947
INDUS,Taunsa,21-Aug-21,163202,140824
INDUS,Guddu,21-Aug-21,128052,96506
INDUS,Sukkar,21-Aug-21,84770,34010
INDUS,Kotri,21-Aug-21,34642,397
JHELUM,Kotli,21-Aug-21,-,2240
JHELUM,Mangla,21-Aug-21,23000,27015
JHELUM,Rasul,21-Aug-21,23040,7990
CHENAB,Jammu Tavi,21-Aug-21,-,-
CHENAB,Marala,21-Aug-21,52467,17192
CHENAB,Khanki,21-Aug-21,22780,15306
CHENAB,Qadirabad,21-Aug-21,31950,14950
CHENAB,Trimmu,21-Aug-21,21526,5426
CHENAB,Punjnad,21-Aug-21,12912,NIL
RAVI,Jassar,21-Aug-21,-,3141
RAVI,Shahdara,21-Aug-21,-,20626
RAVI,Balloki,21-Aug-21,31774,2970
RAVI,Sidhnai,21-Aug-21,14846,NIL
SUTLEJ,Bhakra,21-Aug-21,-,-
SUTLEJ,Sulemanki,21-Aug-21,14696,2035
SUTLEJ,Islam,21-Aug-21,700,NIL
INDUS,Kalabagh,22-Aug-21,137680,130680
INDUS,Chashma,22-Aug-21,155081,140481
INDUS,Taunsa,22-Aug-21,163202,140824
INDUS,Guddu,22-Aug-21,128052,96506
INDUS,Sukkar,22-Aug-21,87250,34540
INDUS,Kotri,22-Aug-21,31402,397
JHELUM,Kotli,22-Aug-21,-,1950
JHELUM,Mangla,22-Aug-21,22000,23715
JHELUM,Rasul,22-Aug-21,30850,15800
CHENAB,Jammu Tavi,22-Aug-21,-,-
CHENAB,Marala,22-Aug-21,52467,17192
CHENAB,Khanki,22-Aug-21,14938,7464
CHENAB,Qadirabad,22-Aug-21,25243,8243
CHENAB,Trimmu,22-Aug-21,21526,5426
CHENAB,Punjnad,22-Aug-21,12912,NIL
RAVI,Jassar,22-Aug-21,-,3141
RAVI,Shahdara,22-Aug-21,-,19496
RAVI,Balloki,22-Aug-21,31774,2970
RAVI,Sidhnai,22-Aug-21,14846,NIL
SUTLEJ,Bhakra,22-Aug-21,-,-
SUTLEJ,Sulemanki,22-Aug-21,15543,2035
SUTLEJ,Islam,22-Aug-21,700,NIL
INDUS,Kalabagh,22-Aug-21,128326,121326
INDUS,Chashma,22-Aug-21,152110,140058
INDUS,Taunsa,22-Aug-21,163202,140824
INDUS,Guddu,22-Aug-21,128052,96506
INDUS,Sukkar,22-Aug-21,87250,34540
INDUS,Kotri,22-Aug-21,31402,397
JHELUM,Kotli,22-Aug-21,-,2520
JHELUM,Mangla,22-Aug-21,22000,29915
JHELUM,Rasul,22-Aug-21,23040,7990
CHENAB,Jammu Tavi,22-Aug-21,-,-
CHENAB,Marala,22-Aug-21,44087,8812
CHENAB,Khanki,22-Aug-21,20524,13050
CHENAB,Qadirabad,22-Aug-21,25543,5543
CHENAB,Trimmu,22-Aug-21,21526,5426
CHENAB,Punjnad,22-Aug-21,13595,NIL
RAVI,Jassar,22-Aug-21,-,3648
RAVI,Shahdara,22-Aug-21,-,19496
RAVI,Balloki,22-Aug-21,31774,2970
RAVI,Sidhnai,22-Aug-21,14846,NIL
SUTLEJ,Bhakra,22-Aug-21,-,-
SUTLEJ,Sulemanki,22-Aug-21,15543,2035
SUTLEJ,Islam,22-Aug-21,700,NIL
INDUS,Kalabagh,22-Aug-21,108085,101085
INDUS,Chashma,22-Aug-21,154669,140069
INDUS,Taunsa,22-Aug-21,163202,140824
INDUS,Guddu,22-Aug-21,125980,94434
INDUS,Sukkar,22-Aug-21,87250,34540
INDUS,Kotri,22-Aug-21,31402,397
JHELUM,Kotli,22-Aug-21,-,3100
JHELUM,Mangla,22-Aug-21,22000,32115
JHELUM,Rasul,22-Aug-21,20391,5341
CHENAB,Jammu Tavi,22-Aug-21,-,-
CHENAB,Marala,22-Aug-21,48277,13002
CHENAB,Khanki,22-Aug-21,20524,13050
CHENAB,Qadirabad,22-Aug-21,22543,5543
CHENAB,Trimmu,22-Aug-21,21526,5426
CHENAB,Punjnad,22-Aug-21,13595,NIL
RAVI,Jassar,22-Aug-21,-,3648
RAVI,Shahdara,22-Aug-21,-,19496
RAVI,Balloki,22-Aug-21,31774,2970
RAVI,Sidhnai,22-Aug-21,14000,NIL
SUTLEJ,Bhakra,22-Aug-21,-,-
SUTLEJ,Sulemanki,22-Aug-21,15922,2035
SUTLEJ,Islam,22-Aug-21,700,NIL
INDUS,Kalabagh,22-Aug-21,117598,110598
INDUS,Chashma,22-Aug-21,152077,139546
INDUS,Taunsa,22-Aug-21,146237,126149
INDUS,Guddu,22-Aug-21,125980,94434
INDUS,Sukkar,22-Aug-21,87250,34540
INDUS,Kotri,22-Aug-21,31402,397
JHELUM,Kotli,22-Aug-21,-,3100
JHELUM,Mangla,22-Aug-21,22000,32315
JHELUM,Rasul,22-Aug-21,20891,5341
CHENAB,Jammu Tavi,22-Aug-21,-,-
CHENAB,Marala,22-Aug-21,48277,13002
CHENAB,Khanki,22-Aug-21,15035,7464
CHENAB,Qadirabad,22-Aug-21,25243,8243
CHENAB,Trimmu,22-Aug-21,20253,4153
CHENAB,Punjnad,22-Aug-21,13595,NIL
RAVI,Jassar,22-Aug-21,-,3648
RAVI,Shahdara,22-Aug-21,-,19496
RAVI,Balloki,22-Aug-21,31774,2970
RAVI,Sidhnai,22-Aug-21,14000,NIL
SUTLEJ,Bhakra,22-Aug-21,-,-
SUTLEJ,Sulemanki,22-Aug-21,15922,2035
SUTLEJ,Islam,22-Aug-21,700,NIL
INDUS,Kalabagh,23-Aug-21,106175,99175
INDUS,Chashma,23-Aug-21,152609,140078
INDUS,Taunsa,23-Aug-21,146237,126149
INDUS,Guddu,23-Aug-21,124115,92569
INDUS,Sukkar,23-Aug-21,87070,34600
INDUS,Kotri,23-Aug-21,31402,397
JHELUM,Kotli,23-Aug-21,-,2810
JHELUM,Mangla,23-Aug-21,22000,24315
JHELUM,Rasul,23-Aug-21,27445,11895
CHENAB,Jammu Tavi,23-Aug-21,-,-
CHENAB,Marala,23-Aug-21,48277,13002
CHENAB,Khanki,23-Aug-21,13169,5598
CHENAB,Qadirabad,23-Aug-21,22543,5543
CHENAB,Trimmu,23-Aug-21,20253,4153
CHENAB,Punjnad,23-Aug-21,13595,NIL
RAVI,Jassar,23-Aug-21,-,3648
RAVI,Shahdara,23-Aug-21,-,19496
RAVI,Balloki,23-Aug-21,31579,2375
RAVI,Sidhnai,23-Aug-21,14000,NIL
SUTLEJ,Bhakra,23-Aug-21,-,-
SUTLEJ,Sulemanki,23-Aug-21,15922,2035
SUTLEJ,Islam,23-Aug-21,700,NIL
INDUS,Kalabagh,23-Aug-21,115691,108691
INDUS,Chashma,23-Aug-21,152913,139977
INDUS,Taunsa,23-Aug-21,135469,115754
INDUS,Guddu,23-Aug-21,121980,90434
INDUS,Sukkar,23-Aug-21,87070,34600
INDUS,Kotri,23-Aug-21,31402,397
JHELUM,Kotli,23-Aug-21,-,2240
JHELUM,Mangla,23-Aug-21,22000,32315
JHELUM,Rasul,23-Aug-21,27445,11895
CHENAB,Jammu Tavi,23-Aug-21,-,-
CHENAB,Marala,23-Aug-21,44087,8812
CHENAB,Khanki,23-Aug-21,15071,7464
CHENAB,Qadirabad,23-Aug-21,18477,1477
CHENAB,Trimmu,23-Aug-21,24000,7900
CHENAB,Punjnad,23-Aug-21,13595,-
RAVI,Jassar,23-Aug-21,-,3141
RAVI,Shahdara,23-Aug-21,-,19496
RAVI,Balloki,23-Aug-21,31179,2375
RAVI,Sidhnai,23-Aug-21,14250,-
SUTLEJ,Bhakra,23-Aug-21,27523,18469
SUTLEJ,Sulemanki,23-Aug-21,15922,2035
SUTLEJ,Islam,23-Aug-21,700,-
INDUS,Kalabagh,23-Aug-21,115691,108691
INDUS,Chashma,23-Aug-21,152736,139800
INDUS,Taunsa,23-Aug-21,135469,115754
INDUS,Guddu,23-Aug-21,121980,90434
INDUS,Sukkar,23-Aug-21,87070,34600
INDUS,Kotri,23-Aug-21,30602,397
JHELUM,Kotli,23-Aug-21,-,2240
JHELUM,Mangla,23-Aug-21,24000,41529
JHELUM,Rasul,23-Aug-21,23540,7990
CHENAB,Jammu Tavi,23-Aug-21,-,-
CHENAB,Marala,23-Aug-21,48277,13002
CHENAB,Khanki,23-Aug-21,15047,7464
CHENAB,Qadirabad,23-Aug-21,18702,1477
CHENAB,Trimmu,23-Aug-21,24000,7900
CHENAB,Punjnad,23-Aug-21,13595,NIL
RAVI,Jassar,23-Aug-21,-,3141
RAVI,Shahdara,23-Aug-21,-,19496
RAVI,Balloki,23-Aug-21,30019,1190
RAVI,Sidhnai,23-Aug-21,14250,NIL
SUTLEJ,Bhakra,23-Aug-21,-,-
SUTLEJ,Sulemanki,23-Aug-21,15922,2035
SUTLEJ,Islam,23-Aug-21,700,NIL
INDUS,Kalabagh,23-Aug-21,117601,110601
INDUS,Chashma,23-Aug-21,153259,140074
INDUS,Taunsa,23-Aug-21,135469,115754
INDUS,Guddu,23-Aug-21,121980,90434
INDUS,Sukkar,23-Aug-21,87070,34600
INDUS,Kotri,23-Aug-21,30602,397
JHELUM,Kotli,23-Aug-21,-,1950
JHELUM,Mangla,23-Aug-21,20000,41529
JHELUM,Rasul,23-Aug-21,23540,7990
CHENAB,Jammu Tavi,23-Aug-21,-,-
CHENAB,Marala,23-Aug-21,52467,17192
CHENAB,Khanki,23-Aug-21,14987,7464
CHENAB,Qadirabad,23-Aug-21,18575,Nil
CHENAB,Trimmu,23-Aug-21,24000,7900
CHENAB,Punjnad,23-Aug-21,13595,NIL
RAVI,Jassar,23-Aug-21,-,3141
RAVI,Shahdara,23-Aug-21,-,19496
RAVI,Balloki,23-Aug-21,30019,1190
RAVI,Sidhnai,23-Aug-21,13600,NIL
SUTLEJ,Bhakra,23-Aug-21,-,-
SUTLEJ,Sulemanki,23-Aug-21,15922,2035
SUTLEJ,Islam,23-Aug-21,700,NIL
INDUS,Kalabagh,24-Aug-21,117601,110601
INDUS,Chashma,24-Aug-21,154037,140852
INDUS,Taunsa,24-Aug-21,135469,115754
INDUS,Guddu,24-Aug-21,119819,88273
INDUS,Sukkar,24-Aug-21,85205,34195
INDUS,Kotri,24-Aug-21,28342,397
JHELUM,Kotli,24-Aug-21,-,1670
JHELUM,Mangla,24-Aug-21,20000,29415
JHELUM,Rasul,24-Aug-21,27445,11895
CHENAB,Jammu Tavi,24-Aug-21,-,-
CHENAB,Marala,24-Aug-21,48277,13002
CHENAB,Khanki,24-Aug-21,12210,4687
CHENAB,Qadirabad,24-Aug-21,19925,Nil
CHENAB,Trimmu,24-Aug-21,24000,7900
CHENAB,Punjnad,24-Aug-21,13595,NIL
RAVI,Jassar,24-Aug-21,-,3141
RAVI,Shahdara,24-Aug-21,-,20061
RAVI,Balloki,24-Aug-21,30019,1190
RAVI,Sidhnai,24-Aug-21,13600,NIL
SUTLEJ,Bhakra,24-Aug-21,-,-
SUTLEJ,Sulemanki,24-Aug-21,15916,2035
SUTLEJ,Islam,24-Aug-21,700,NIL
INDUS,Kalabagh,24-Aug-21,157839,150839
INDUS,Chashma,24-Aug-21,154653,140053
INDUS,Taunsa,24-Aug-21,135469,115754
INDUS,Guddu,24-Aug-21,119819,88273
INDUS,Sukkar,24-Aug-21,85205,34195
INDUS,Kotri,24-Aug-21,28342,397
JHELUM,Kotli,24-Aug-21,-,1950
JHELUM,Mangla,24-Aug-21,21000,33715
JHELUM,Rasul,24-Aug-21,27445,11895
CHENAB,Jammu Tavi,24-Aug-21,-,-
CHENAB,Marala,24-Aug-21,44087,8812
CHENAB,Khanki,24-Aug-21,20621,13050
CHENAB,Qadirabad,24-Aug-21,20000,-
CHENAB,Trimmu,24-Aug-21,24000,7900
CHENAB,Punjnad,24-Aug-21,12197,-
RAVI,Jassar,24-Aug-21,-,3141
RAVI,Shahdara,24-Aug-21,-,20061
RAVI,Balloki,24-Aug-21,30019,1190
RAVI,Sidhnai,24-Aug-21,13600,-
SUTLEJ,Bhakra,24-Aug-21,30865,19167
SUTLEJ,Sulemanki,24-Aug-21,15916,2035
SUTLEJ,Islam,24-Aug-21,700,-
INDUS,Kalabagh,24-Aug-21,159614,152614
INDUS,Chashma,24-Aug-21,153140,139778
INDUS,Taunsa,24-Aug-21,135469,115754
INDUS,Guddu,24-Aug-21,119819,88273
INDUS,Sukkar,24-Aug-21,85205,34195
INDUS,Kotri,24-Aug-21,28342,397
JHELUM,Kotli,24-Aug-21,-,1670
JHELUM,Mangla,24-Aug-21,24000,41529
JHELUM,Rasul,24-Aug-21,31400,15800
CHENAB,Jammu Tavi,24-Aug-21,-,-
CHENAB,Marala,24-Aug-21,52467,17192
CHENAB,Khanki,24-Aug-21,20645,13050
CHENAB,Qadirabad,24-Aug-21,25543,5543
CHENAB,Trimmu,24-Aug-21,21526,5426
CHENAB,Punjnad,24-Aug-21,12197,NIL
RAVI,Jassar,24-Aug-21,-,3141
RAVI,Shahdara,24-Aug-21,-,20061
RAVI,Balloki,24-Aug-21,30609,1780
RAVI,Sidhnai,24-Aug-21,13801,NIL
SUTLEJ,Bhakra,24-Aug-21,-,-
SUTLEJ,Sulemanki,24-Aug-21,15916,2035
SUTLEJ,Islam,24-Aug-21,700,NIL
INDUS,Kalabagh,24-Aug-21,159614,152614
INDUS,Chashma,24-Aug-21,154743,140143
INDUS,Taunsa,24-Aug-21,135469,115754
INDUS,Guddu,24-Aug-21,119819,88273
INDUS,Sukkar,24-Aug-21,85205,34195
INDUS,Kotri,24-Aug-21,28342,397
JHELUM,Kotli,24-Aug-21,-,1950
JHELUM,Mangla,24-Aug-21,21000,33715
JHELUM,Rasul,24-Aug-21,31400,15800
CHENAB,Jammu Tavi,24-Aug-21,-,-
CHENAB,Marala,24-Aug-21,52467,17192
CHENAB,Khanki,24-Aug-21,13193,5598
CHENAB,Qadirabad,24-Aug-21,30958,10958
CHENAB,Trimmu,24-Aug-21,21526,5426
CHENAB,Punjnad,24-Aug-21,11812,NIL
RAVI,Jassar,24-Aug-21,-,3141
RAVI,Shahdara,24-Aug-21,-,20061
RAVI,Balloki,24-Aug-21,30609,1780
RAVI,Sidhnai,24-Aug-21,14575,NIL
SUTLEJ,Bhakra,24-Aug-21,-,-
SUTLEJ,Sulemanki,24-Aug-21,15916,2035
SUTLEJ,Islam,24-Aug-21,700,NIL
INDUS,Kalabagh,25-Aug-21,138702,131702
INDUS,Chashma,25-Aug-21,154615,140015
INDUS,Taunsa,25-Aug-21,135469,115754
INDUS,Guddu,25-Aug-21,109071,78751
INDUS,Sukkar,25-Aug-21,80440,32020
INDUS,Kotri,25-Aug-21,28342,397
JHELUM,Kotli,25-Aug-21,-,2240
JHELUM,Mangla,25-Aug-21,22000,33715
JHELUM,Rasul,25-Aug-21,27968,11859
CHENAB,Jammu Tavi,25-Aug-21,-,-
CHENAB,Marala,25-Aug-21,48277,13002
CHENAB,Khanki,25-Aug-21,15059,7464
CHENAB,Qadirabad,25-Aug-21,22836,2836
CHENAB,Trimmu,25-Aug-21,24000,7900
CHENAB,Punjnad,25-Aug-21,11812,NIL
RAVI,Jassar,25-Aug-21,-,3141
RAVI,Shahdara,25-Aug-21,-,20061
RAVI,Balloki,25-Aug-21,31799,2970
RAVI,Sidhnai,25-Aug-21,14575,NIL
SUTLEJ,Bhakra,25-Aug-21,-,-
SUTLEJ,Sulemanki,25-Aug-21,15916,2035
SUTLEJ,Islam,25-Aug-21,700,NIL
INDUS,Kalabagh,25-Aug-21,164023,157023
INDUS,Chashma,25-Aug-21,153334,139972
INDUS,Taunsa,25-Aug-21,135469,115754
INDUS,Guddu,25-Aug-21,103557,74282
INDUS,Sukkar,25-Aug-21,80440,32020
INDUS,Kotri,25-Aug-21,28342,397
JHELUM,Kotli,25-Aug-21,-,1950
JHELUM,Mangla,25-Aug-21,21000,33715
JHELUM,Rasul,25-Aug-21,27968,11895
CHENAB,Jammu Tavi,25-Aug-21,-,-
CHENAB,Marala,25-Aug-21,48277,13002
CHENAB,Khanki,25-Aug-21,15059,7464
CHENAB,Qadirabad,25-Aug-21,19000,-
CHENAB,Trimmu,25-Aug-21,24000,7900
CHENAB,Punjnad,25-Aug-21,11309,-
RAVI,Jassar,25-Aug-21,-,2888
RAVI,Shahdara,25-Aug-21,-,20061
RAVI,Balloki,25-Aug-21,32654,3825
RAVI,Sidhnai,25-Aug-21,15531,-
SUTLEJ,Bhakra,25-Aug-21,31957,19541
SUTLEJ,Sulemanki,25-Aug-21,15916,2035
SUTLEJ,Islam,25-Aug-21,1100,-
INDUS,Kalabagh,25-Aug-21,138702,131702
INDUS,Chashma,25-Aug-21,153402,140040
INDUS,Taunsa,25-Aug-21,135469,115754
INDUS,Guddu,25-Aug-21,101346,74282
INDUS,Sukkar,25-Aug-21,80440,32020
INDUS,Kotri,25-Aug-21,28342,397
JHELUM,Kotli,25-Aug-21,-,1670
JHELUM,Mangla,25-Aug-21,20000,41529
JHELUM,Rasul,25-Aug-21,31873,15800
CHENAB,Jammu Tavi,25-Aug-21,-,-
CHENAB,Marala,25-Aug-21,60847,25572
CHENAB,Khanki,25-Aug-21,25200,17605
CHENAB,Qadirabad,25-Aug-21,19900,NIL
CHENAB,Trimmu,25-Aug-21,24000,7900
CHENAB,Punjnad,25-Aug-21,11309,NIL
RAVI,Jassar,25-Aug-21,-,2888
RAVI,Shahdara,25-Aug-21,-,20061
RAVI,Balloki,25-Aug-21,33554,4700
RAVI,Sidhnai,25-Aug-21,15531,NIL
SUTLEJ,Bhakra,25-Aug-21,-,-
SUTLEJ,Sulemanki,25-Aug-21,15916,2035
SUTLEJ,Islam,25-Aug-21,1250,NIL
INDUS,Kalabagh,25-Aug-21,138702,131702
INDUS,Chashma,25-Aug-21,184427,170947
INDUS,Taunsa,25-Aug-21,135469,115754
INDUS,Guddu,25-Aug-21,101346,74282
INDUS,Sukkar,25-Aug-21,80440,32020
INDUS,Kotri,25-Aug-21,28342,397
JHELUM,Kotli,25-Aug-21,-,1670
JHELUM,Mangla,25-Aug-21,21000,33715
JHELUM,Rasul,25-Aug-21,31873,15800
CHENAB,Jammu Tavi,25-Aug-21,-,-
CHENAB,Marala,25-Aug-21,60847,25572
CHENAB,Khanki,25-Aug-21,20645,13050
CHENAB,Qadirabad,25-Aug-21,29600,9600
CHENAB,Trimmu,25-Aug-21,24000,7900
CHENAB,Punjnad,25-Aug-21,11309,NIL
RAVI,Jassar,25-Aug-21,-,2888
RAVI,Shahdara,25-Aug-21,-,20061
RAVI,Balloki,25-Aug-21,33554,4700
RAVI,Sidhnai,25-Aug-21,16042,NIL
SUTLEJ,Bhakra,25-Aug-21,-,-
SUTLEJ,Sulemanki,25-Aug-21,15916,2035
SUTLEJ,Islam,25-Aug-21,1250,NIL
INDUS,Kalabagh,26-Aug-21,140612,133612
INDUS,Chashma,26-Aug-21,186134,172654
INDUS,Taunsa,26-Aug-21,135469,115754
INDUS,Guddu,26-Aug-21,99145,72621
INDUS,Sukkar,26-Aug-21,74985,28300
INDUS,Kotri,26-Aug-21,28340,395
JHELUM,Kotli,26-Aug-21,-,1400
JHELUM,Mangla,26-Aug-21,23000,33715
JHELUM,Rasul,26-Aug-21,27968,11895
CHENAB,Jammu Tavi,26-Aug-21,-,-
CHENAB,Marala,26-Aug-21,56657,21382
CHENAB,Khanki,26-Aug-21,25200,17605
CHENAB,Qadirabad,26-Aug-21,25543,5543
CHENAB,Trimmu,26-Aug-21,24000,7900
CHENAB,Punjnad,26-Aug-21,11309,NIL
RAVI,Jassar,26-Aug-21,-,2888
RAVI,Shahdara,26-Aug-21,-,20061
RAVI,Balloki,26-Aug-21,33554,4700
RAVI,Sidhnai,26-Aug-21,16042,NIL
SUTLEJ,Bhakra,26-Aug-21,-,-
SUTLEJ,Sulemanki,26-Aug-21,16016,2035
SUTLEJ,Islam,26-Aug-21,1250,NIL
INDUS,Kalabagh,26-Aug-21,154804,147804
INDUS,Chashma,26-Aug-21,166145,151545
INDUS,Taunsa,26-Aug-21,135469,115754
INDUS,Guddu,26-Aug-21,99145,72621
INDUS,Sukkar,26-Aug-21,74985,28300
INDUS,Kotri,26-Aug-21,28340,395
JHELUM,Kotli,26-Aug-21,-,1670
JHELUM,Mangla,26-Aug-21,22000,33715
JHELUM,Rasul,26-Aug-21,27968,11895
CHENAB,Jammu Tavi,26-Aug-21,-,-
CHENAB,Marala,26-Aug-21,56657,21382
CHENAB,Khanki,26-Aug-21,27523,19928
CHENAB,Qadirabad,26-Aug-21,26218,5543
CHENAB,Trimmu,26-Aug-21,24000,7900
CHENAB,Punjnad,26-Aug-21,10956,Nil
RAVI,Jassar,26-Aug-21,-,2888
RAVI,Shahdara,26-Aug-21,-,20061
RAVI,Balloki,26-Aug-21,32679,3825
RAVI,Sidhnai,26-Aug-21,16042,Nil
SUTLEJ,Bhakra,26-Aug-21,-,-
SUTLEJ,Sulemanki,26-Aug-21,16016,2035
SUTLEJ,Islam,26-Aug-21,1250,Nil
INDUS,Kalabagh,26-Aug-21,154804,147804
INDUS,Chashma,26-Aug-21,165860,151260
INDUS,Taunsa,26-Aug-21,135469,115754
INDUS,Guddu,26-Aug-21,99145,72621
INDUS,Sukkar,26-Aug-21,73735,27500
INDUS,Kotri,26-Aug-21,28340,395
JHELUM,Kotli,26-Aug-21,-,1400
JHELUM,Mangla,26-Aug-21,20000,41494
JHELUM,Rasul,26-Aug-21,27968,11895
CHENAB,Jammu Tavi,26-Aug-21,-,-
CHENAB,Marala,26-Aug-21,56657,21382
CHENAB,Khanki,26-Aug-21,29789,22194
CHENAB,Qadirabad,26-Aug-21,31600,9600
CHENAB,Trimmu,26-Aug-21,24000,7900
CHENAB,Punjnad,26-Aug-21,10956,NIL
RAVI,Jassar,26-Aug-21,-,2888
RAVI,Shahdara,26-Aug-21,-,20061
RAVI,Balloki,26-Aug-21,32679,3825
RAVI,Sidhnai,26-Aug-21,16042,NIL
SUTLEJ,Bhakra,26-Aug-21,-,-
SUTLEJ,Sulemanki,26-Aug-21,16016,2035
SUTLEJ,Islam,26-Aug-21,1250,NIL
INDUS,Kalabagh,26-Aug-21,154804,147804
INDUS,Chashma,26-Aug-21,166780,152180
INDUS,Taunsa,26-Aug-21,135469,115754
INDUS,Guddu,26-Aug-21,99145,72621
INDUS,Sukkar,26-Aug-21,73735,27500
INDUS,Kotri,26-Aug-21,28340,395
JHELUM,Kotli,26-Aug-21,-,1230
JHELUM,Mangla,26-Aug-21,23000,33715
JHELUM,Rasul,26-Aug-21,27968,11895
CHENAB,Jammu Tavi,26-Aug-21,-,-
CHENAB,Marala,26-Aug-21,65037,29762
CHENAB,Khanki,26-Aug-21,22816,15306
CHENAB,Qadirabad,26-Aug-21,32958,10958
CHENAB,Trimmu,26-Aug-21,22826,6726
CHENAB,Punjnad,26-Aug-21,10956,NIL
RAVI,Jassar,26-Aug-21,-,2888
RAVI,Shahdara,26-Aug-21,-,20061
RAVI,Balloki,26-Aug-21,32679,3825
RAVI,Sidhnai,26-Aug-21,15120,NIL
SUTLEJ,Bhakra,26-Aug-21,-,-
SUTLEJ,Sulemanki,26-Aug-21,16016,2035
SUTLEJ,Islam,26-Aug-21,1250,NIL
INDUS,Kalabagh,27-Aug-21,189250,182250
INDUS,Chashma,27-Aug-21,165983,151383
INDUS,Taunsa,27-Aug-21,135469,115754
INDUS,Guddu,27-Aug-21,99145,72621
INDUS,Sukkar,27-Aug-21,68750,26700
INDUS,Kotri,27-Aug-21,28700,395
JHELUM,Kotli,27-Aug-21,-,1230
JHELUM,Mangla,27-Aug-21,20000,29415
JHELUM,Rasul,27-Aug-21,27968,11895
CHENAB,Jammu Tavi,27-Aug-21,-,-
CHENAB,Marala,27-Aug-21,60847,25572
CHENAB,Khanki,27-Aug-21,27438,19928
CHENAB,Qadirabad,27-Aug-21,31600,9600
CHENAB,Trimmu,27-Aug-21,22826,6726
CHENAB,Punjnad,27-Aug-21,10956,NIL
RAVI,Jassar,27-Aug-21,-,2888
RAVI,Shahdara,27-Aug-21,-,19496
RAVI,Balloki,27-Aug-21,32679,3825
RAVI,Sidhnai,27-Aug-21,15120,NIL
SUTLEJ,Bhakra,27-Aug-21,-,-
SUTLEJ,Sulemanki,27-Aug-21,16664,2683
SUTLEJ,Islam,27-Aug-21,1250,NIL
INDUS,Kalabagh,27-Aug-21,172155,165155
INDUS,Chashma,27-Aug-21,166657,152057
INDUS,Taunsa,27-Aug-21,135469,115754
INDUS,Guddu,27-Aug-21,99145,72621
INDUS,Sukkar,27-Aug-21,68750,26700
INDUS,Kotri,27-Aug-21,28700,395
JHELUM,Kotli,27-Aug-21,-,1230
JHELUM,Mangla,27-Aug-21,20000,33715
JHELUM,Rasul,27-Aug-21,31873,15800
CHENAB,Jammu Tavi,27-Aug-21,-,-
CHENAB,Marala,27-Aug-21,56657,21382
CHENAB,Khanki,27-Aug-21,30908,23313
CHENAB,Qadirabad,27-Aug-21,30265,8265
CHENAB,Trimmu,27-Aug-21,22826,6726
CHENAB,Punjnad,27-Aug-21,10956,-
RAVI,Jassar,27-Aug-21,-,2888
RAVI,Shahdara,27-Aug-21,-,19496
RAVI,Balloki,27-Aug-21,32679,3825
RAVI,Sidhnai,27-Aug-21,15120,-
SUTLEJ,Bhakra,27-Aug-21,-,-
SUTLEJ,Sulemanki,27-Aug-21,16664,2683
SUTLEJ,Islam,27-Aug-21,1250,-
INDUS,Kalabagh,27-Aug-21,164091,157091
INDUS,Chashma,27-Aug-21,166541,151941
INDUS,Taunsa,27-Aug-21,135469,115754
INDUS,Guddu,27-Aug-21,99145,72621
INDUS,Sukkar,27-Aug-21,67610,26250
INDUS,Kotri,27-Aug-21,28700,395
JHELUM,Kotli,27-Aug-21,-,1400
JHELUM,Mangla,27-Aug-21,19000,19715
JHELUM,Rasul,27-Aug-21,27968,11895
CHENAB,Jammu Tavi,27-Aug-21,-,-
CHENAB,Marala,27-Aug-21,65037,29762
CHENAB,Khanki,27-Aug-21,34314,26719
CHENAB,Qadirabad,27-Aug-21,32958,10958
CHENAB,Trimmu,27-Aug-21,22826,6726
CHENAB,Punjnad,27-Aug-21,10956,NIL
RAVI,Jassar,27-Aug-21,-,2888
RAVI,Shahdara,27-Aug-21,-,19496
RAVI,Balloki,27-Aug-21,32679,3825
RAVI,Sidhnai,27-Aug-21,14954,NIL
SUTLEJ,Bhakra,27-Aug-21,-,-
SUTLEJ,Sulemanki,27-Aug-21,16716,2683
SUTLEJ,Islam,27-Aug-21,1250,NIL
INDUS,Kalabagh,27-Aug-21,164091,157091
INDUS,Chashma,27-Aug-21,204485,189885
INDUS,Taunsa,27-Aug-21,135469,115754
INDUS,Guddu,27-Aug-21,99145,72621
INDUS,Sukkar,27-Aug-21,67610,26250
INDUS,Kotri,27-Aug-21,28700,395
JHELUM,Kotli,27-Aug-21,-,1670
JHELUM,Mangla,27-Aug-21,19000,17015
JHELUM,Rasul,27-Aug-21,28968,11895
CHENAB,Jammu Tavi,27-Aug-21,-,-
CHENAB,Marala,27-Aug-21,77607,42332
CHENAB,Khanki,27-Aug-21,27523,19928
CHENAB,Qadirabad,27-Aug-21,38300,16300
CHENAB,Trimmu,27-Aug-21,20253,4153
CHENAB,Punjnad,27-Aug-21,10956,NIL
RAVI,Jassar,27-Aug-21,-,2888
RAVI,Shahdara,27-Aug-21,-,19496
RAVI,Balloki,27-Aug-21,33554,4700
RAVI,Sidhnai,27-Aug-21,14649,NIL
SUTLEJ,Bhakra,27-Aug-21,-,-
SUTLEJ,Sulemanki,27-Aug-21,16716,2683
SUTLEJ,Islam,27-Aug-21,1200,NIL
INDUS,Kalabagh,28-Aug-21,189250,182250
INDUS,Chashma,28-Aug-21,165983,151383
INDUS,Taunsa,28-Aug-21,135469,115754
INDUS,Guddu,28-Aug-21,99145,72621
INDUS,Sukkar,28-Aug-21,68750,26700
INDUS,Kotri,28-Aug-21,28700,395
JHELUM,Kotli,28-Aug-21,-,1230
JHELUM,Mangla,28-Aug-21,20000,29415
JHELUM,Rasul,28-Aug-21,27968,11895
CHENAB,Jammu Tavi,28-Aug-21,-,-
CHENAB,Marala,28-Aug-21,60847,25572
CHENAB,Khanki,28-Aug-21,27438,19928
CHENAB,Qadirabad,28-Aug-21,31600,9600
CHENAB,Trimmu,28-Aug-21,22826,6726
CHENAB,Punjnad,28-Aug-21,10956,NIL
RAVI,Jassar,28-Aug-21,-,2888
RAVI,Shahdara,28-Aug-21,-,19496
RAVI,Balloki,28-Aug-21,32679,3825
RAVI,Sidhnai,28-Aug-21,15120,NIL
SUTLEJ,Bhakra,28-Aug-21,-,-
SUTLEJ,Sulemanki,28-Aug-21,16664,2683
SUTLEJ,Islam,28-Aug-21,1250,NIL
INDUS,Kalabagh,28-Aug-21,173110,166110
INDUS,Chashma,28-Aug-21,179760,163332
INDUS,Taunsa,28-Aug-21,145670,126094
INDUS,Guddu,28-Aug-21,99145,72621
INDUS,Sukkar,28-Aug-21,67035,26200
INDUS,Kotri,28-Aug-21,28820,395
JHELUM,Kotli,28-Aug-21,-,5100
JHELUM,Mangla,28-Aug-21,26000,21515
JHELUM,Rasul,28-Aug-21,19073,Nill
CHENAB,Jammu Tavi,28-Aug-21,-,-
CHENAB,Marala,28-Aug-21,52467,17192
CHENAB,Khanki,28-Aug-21,41300,33705
CHENAB,Qadirabad,28-Aug-21,38300,16300
CHENAB,Trimmu,28-Aug-21,20253,4153
CHENAB,Punjnad,28-Aug-21,11309,Nill
RAVI,Jassar,28-Aug-21,-,3648
RAVI,Shahdara,28-Aug-21,-,19496
RAVI,Balloki,28-Aug-21,33554,4700
RAVI,Sidhnai,28-Aug-21,15313,Nill
SUTLEJ,Bhakra,28-Aug-21,43248,20166
SUTLEJ,Sulemanki,28-Aug-21,16766,2683
SUTLEJ,Islam,28-Aug-21,1200,-
INDUS,Kalabagh,28-Aug-21,165046,158046
INDUS,Chashma,28-Aug-21,177799,163199
INDUS,Taunsa,28-Aug-21,145670,126094
INDUS,Guddu,28-Aug-21,99145,72621
INDUS,Sukkar,28-Aug-21,67035,26200
INDUS,Kotri,28-Aug-21,28820,395
JHELUM,Kotli,28-Aug-21,-,4240
JHELUM,Mangla,28-Aug-21,19000,19515
JHELUM,Rasul,28-Aug-21,19073,Nil
CHENAB,Jammu Tavi,28-Aug-21,-,-
CHENAB,Marala,28-Aug-21,65037,29762
CHENAB,Khanki,28-Aug-21,37495,29900
CHENAB,Qadirabad,28-Aug-21,46270,24270
CHENAB,Trimmu,28-Aug-21,24000,7900
CHENAB,Punjnad,28-Aug-21,11309,Nill
RAVI,Jassar,28-Aug-21,-,3648
RAVI,Shahdara,28-Aug-21,-,19496
RAVI,Balloki,28-Aug-21,33554,4700
RAVI,Sidhnai,28-Aug-21,15381,Nill
SUTLEJ,Bhakra,28-Aug-21,,
SUTLEJ,Sulemanki,28-Aug-21,16669,2586
SUTLEJ,Islam,28-Aug-21,1200,-
INDUS,Kalabagh,28-Aug-21,183190,176190
INDUS,Chashma,28-Aug-21,178331,163731
INDUS,Taunsa,28-Aug-21,145670,126094
INDUS,Guddu,28-Aug-21,99145,72621
INDUS,Sukkar,28-Aug-21,67035,26200
INDUS,Kotri,28-Aug-21,28820,395
JHELUM,Kotli,28-Aug-21,-,3670
JHELUM,Mangla,28-Aug-21,25000,32515
JHELUM,Rasul,28-Aug-21,19073,Nil
CHENAB,Jammu Tavi,28-Aug-21,-,-
CHENAB,Marala,28-Aug-21,65037,29762
CHENAB,Khanki,28-Aug-21,25200,17605
CHENAB,Qadirabad,28-Aug-21,46270,24270
CHENAB,Trimmu,28-Aug-21,24000,7900
CHENAB,Punjnad,28-Aug-21,11309,Nill
RAVI,Jassar,28-Aug-21,-,3648
RAVI,Shahdara,28-Aug-21,-,19496
RAVI,Balloki,28-Aug-21,33554,4700
RAVI,Sidhnai,28-Aug-21,15381,Nill
SUTLEJ,Bhakra,28-Aug-21,,
SUTLEJ,Sulemanki,28-Aug-21,16669,2586
SUTLEJ,Islam,28-Aug-21,1200,Nil
INDUS,Kalabagh,29-Aug-21,173110,166110
INDUS,Chashma,29-Aug-21,177845,163245
INDUS,Taunsa,29-Aug-21,145670,126094
INDUS,Guddu,29-Aug-21,95858,69629
INDUS,Sukkar,29-Aug-21,67035,26200
INDUS,Kotri,29-Aug-21,28940,395
JHELUM,Kotli,29-Aug-21,-,3100
JHELUM,Mangla,29-Aug-21,21000,28355
JHELUM,Rasul,29-Aug-21,19073,Nil
CHENAB,Jammu Tavi,29-Aug-21,-,-
CHENAB,Marala,29-Aug-21,56657,21382
CHENAB,Khanki,29-Aug-21,32005,24410
CHENAB,Qadirabad,29-Aug-21,35600,13600
CHENAB,Trimmu,29-Aug-21,24000,7900
CHENAB,Punjnad,29-Aug-21,11309,Nill
RAVI,Jassar,29-Aug-21,-,3648
RAVI,Shahdara,29-Aug-21,-,19496
RAVI,Balloki,29-Aug-21,32679,3825
RAVI,Sidhnai,29-Aug-21,16138,Nill
SUTLEJ,Bhakra,29-Aug-21,,
SUTLEJ,Sulemanki,29-Aug-21,16669,2586
SUTLEJ,Islam,29-Aug-21,1200,Nil
INDUS,Kalabagh,29-Aug-21,173110,166110
INDUS,Chashma,29-Aug-21,178662,164062
INDUS,Taunsa,29-Aug-21,145670,126094
INDUS,Guddu,29-Aug-21,95858,69629
INDUS,Sukkar,29-Aug-21,67035,26200
INDUS,Kotri,29-Aug-21,28940,395
JHELUM,Kotli,29-Aug-21,-,2240
JHELUM,Mangla,29-Aug-21,21000,25215
JHELUM,Rasul,29-Aug-21,19073,Nil
CHENAB,Jammu Tavi,29-Aug-21,-,-
CHENAB,Marala,29-Aug-21,56657,21382
CHENAB,Khanki,29-Aug-21,37495,29900
CHENAB,Qadirabad,29-Aug-21,35600,13600
CHENAB,Trimmu,29-Aug-21,26588,10488
CHENAB,Punjnad,29-Aug-21,11480,Nill
RAVI,Jassar,29-Aug-21,-,3141
RAVI,Shahdara,29-Aug-21,-,19496
RAVI,Balloki,29-Aug-21,32679,3825
RAVI,Sidhnai,29-Aug-21,16138,Nill
SUTLEJ,Bhakra,29-Aug-21,38121,18540
SUTLEJ,Sulemanki,29-Aug-21,16669,2586
SUTLEJ,Islam,29-Aug-21,1250,-
INDUS,Kalabagh,29-Aug-21,165046,158046
INDUS,Chashma,29-Aug-21,179631,163911
INDUS,Taunsa,29-Aug-21,145670,126094
INDUS,Guddu,29-Aug-21,100431,74202
INDUS,Sukkar,29-Aug-21,67035,26200
INDUS,Kotri,29-Aug-21,28940,395
JHELUM,Kotli,29-Aug-21,-,1950
JHELUM,Mangla,29-Aug-21,25000,33715
JHELUM,Rasul,29-Aug-21,28165,7990
CHENAB,Jammu Tavi,29-Aug-21,-,-
CHENAB,Marala,29-Aug-21,52467,17192
CHENAB,Khanki,29-Aug-21,35675,28080
CHENAB,Qadirabad,29-Aug-21,42296,20296
CHENAB,Trimmu,29-Aug-21,26588,10488
CHENAB,Punjnad,29-Aug-21,11480,Nill
RAVI,Jassar,29-Aug-21,-,4660
RAVI,Shahdara,29-Aug-21,-,19496
RAVI,Balloki,29-Aug-21,32679,3825
RAVI,Sidhnai,29-Aug-21,16312,Nill
SUTLEJ,Bhakra,29-Aug-21,-,-
SUTLEJ,Sulemanki,29-Aug-21,16669,2586
SUTLEJ,Islam,29-Aug-21,1250,-
INDUS,Kalabagh,29-Aug-21,165046,158046
INDUS,Chashma,29-Aug-21,178533,163933
INDUS,Taunsa,29-Aug-21,165670,126094
INDUS,Guddu,29-Aug-21,100431,74202
INDUS,Sukkar,29-Aug-21,67035,26200
INDUS,Kotri,29-Aug-21,28940,395
JHELUM,Kotli,29-Aug-21,-,1950
JHELUM,Mangla,29-Aug-21,21000,33715
JHELUM,Rasul,29-Aug-21,20175,
CHENAB,Jammu Tavi,29-Aug-21,-,-
CHENAB,Marala,29-Aug-21,52467,17192
CHENAB,Khanki,29-Aug-21,29789,22194
CHENAB,Qadirabad,29-Aug-21,43527,21527
CHENAB,Trimmu,29-Aug-21,26588,10488
CHENAB,Punjnad,29-Aug-21,11480,Nill
RAVI,Jassar,29-Aug-21,-,4660
RAVI,Shahdara,29-Aug-21,-,19496
RAVI,Balloki,29-Aug-21,32679,3825
RAVI,Sidhnai,29-Aug-21,16312,Nill
SUTLEJ,Bhakra,29-Aug-21,-,-
SUTLEJ,Sulemanki,29-Aug-21,16669,2586
SUTLEJ,Islam,29-Aug-21,1250,-
INDUS,Kalabagh,30-Aug-21,172828,165828
INDUS,Chashma,30-Aug-21,179963,164243
INDUS,Taunsa,30-Aug-21,145670,126094
INDUS,Guddu,30-Aug-21,102936,76562
INDUS,Sukkar,30-Aug-21,67035,26200
INDUS,Kotri,30-Aug-21,28700,395
JHELUM,Kotli,30-Aug-21,-,2520
JHELUM,Mangla,30-Aug-21,17000,29415
JHELUM,Rasul,30-Aug-21,20175,NIL
CHENAB,Jammu Tavi,30-Aug-21,-,-
CHENAB,Marala,30-Aug-21,48277,13002
CHENAB,Khanki,30-Aug-21,22901,15306
CHENAB,Qadirabad,30-Aug-21,35600,13600
CHENAB,Trimmu,30-Aug-21,26588,10488
CHENAB,Punjnad,30-Aug-21,11480,Nill
RAVI,Jassar,30-Aug-21,-,4660
RAVI,Shahdara,30-Aug-21,-,19496
RAVI,Balloki,30-Aug-21,32679,3825
RAVI,Sidhnai,30-Aug-21,16312,Nill
SUTLEJ,Bhakra,30-Aug-21,-,-
SUTLEJ,Sulemanki,30-Aug-21,16669,2586
SUTLEJ,Islam,30-Aug-21,1250,-
INDUS,Kalabagh,30-Aug-21,172828,165828
INDUS,Chashma,30-Aug-21,178672,164072
INDUS,Taunsa,30-Aug-21,155385,136077
INDUS,Guddu,30-Aug-21,106687,80313
INDUS,Sukkar,30-Aug-21,67035,26200
INDUS,Kotri,30-Aug-21,28700,395
JHELUM,Kotli,30-Aug-21,-,1950
JHELUM,Mangla,30-Aug-21,20000,30915
JHELUM,Rasul,30-Aug-21,33070,11895
CHENAB,Jammu Tavi,30-Aug-21,-,-
CHENAB,Marala,30-Aug-21,44087,8812
CHENAB,Khanki,30-Aug-21,22901,15306
CHENAB,Qadirabad,30-Aug-21,35600,13600
CHENAB,Trimmu,30-Aug-21,26588,10488
CHENAB,Punjnad,30-Aug-21,11853,-
RAVI,Jassar,30-Aug-21,-,3648
RAVI,Shahdara,30-Aug-21,-,19496
RAVI,Balloki,30-Aug-21,32679,3825
RAVI,Sidhnai,30-Aug-21,16312,-
SUTLEJ,Bhakra,30-Aug-21,-,-
SUTLEJ,Sulemanki,30-Aug-21,16669,2586
SUTLEJ,Islam,30-Aug-21,1250,-
INDUS,Kalabagh,30-Aug-21,154522,147522
INDUS,Chashma,30-Aug-21,178610,164010
INDUS,Taunsa,30-Aug-21,155385,136077
INDUS,Guddu,30-Aug-21,106687,80313
INDUS,Sukkar,30-Aug-21,67035,26200
INDUS,Kotri,30-Aug-21,28700,395
JHELUM,Kotli,30-Aug-21,-,1400
JHELUM,Mangla,30-Aug-21,20000,41449
JHELUM,Rasul,30-Aug-21,29165,7990
CHENAB,Jammu Tavi,30-Aug-21,-,-
CHENAB,Marala,30-Aug-21,44087,8812
CHENAB,Khanki,30-Aug-21,20645,13050
CHENAB,Qadirabad,30-Aug-21,32958,10958
CHENAB,Trimmu,30-Aug-21,26588,10488
CHENAB,Punjnad,30-Aug-21,11853,NIL
RAVI,Jassar,30-Aug-21,-,3648
RAVI,Shahdara,30-Aug-21,-,19496
RAVI,Balloki,30-Aug-21,32679,3825
RAVI,Sidhnai,30-Aug-21,16382,NIL
SUTLEJ,Bhakra,30-Aug-21,-,-
SUTLEJ,Sulemanki,30-Aug-21,16669,2586
SUTLEJ,Islam,30-Aug-21,1250,NIL
INDUS,Kalabagh,30-Aug-21,154523,147522
INDUS,Chashma,30-Aug-21,178642,164042
INDUS,Taunsa,30-Aug-21,157651,138066
INDUS,Guddu,30-Aug-21,106687,80313
INDUS,Sukkar,30-Aug-21,67035,26200
INDUS,Kotri,30-Aug-21,28700,395
JHELUM,Kotli,30-Aug-21,-,1670
JHELUM,Mangla,30-Aug-21,22000,41449
JHELUM,Rasul,30-Aug-21,21175,Nil
CHENAB,Jammu Tavi,30-Aug-21,-,-
CHENAB,Marala,30-Aug-21,41184,5909
CHENAB,Khanki,30-Aug-21,13193,5598
CHENAB,Qadirabad,30-Aug-21,32958,10958
CHENAB,Trimmu,30-Aug-21,26588,10488
CHENAB,Punjnad,30-Aug-21,11853,NIL
RAVI,Jassar,30-Aug-21,-,3648
RAVI,Shahdara,30-Aug-21,-,19496
RAVI,Balloki,30-Aug-21,32279,3825
RAVI,Sidhnai,30-Aug-21,16382,NIL
SUTLEJ,Bhakra,30-Aug-21,-,-
SUTLEJ,Sulemanki,30-Aug-21,16669,2586
SUTLEJ,Islam,30-Aug-21,1250,NIL
INDUS,Kalabagh,31-Aug-21,159577,152577
INDUS,Chashma,31-Aug-21,179963,164243
INDUS,Taunsa,31-Aug-21,157651,138066
INDUS,Guddu,31-Aug-21,110734,84210
INDUS,Sukkar,31-Aug-21,68035,26500
INDUS,Kotri,31-Aug-21,27480,385
JHELUM,Kotli,31-Aug-21,-,1950
JHELUM,Mangla,31-Aug-21,14000,29815
JHELUM,Rasul,31-Aug-21,29365,7990
CHENAB,Jammu Tavi,31-Aug-21,-,-
CHENAB,Marala,31-Aug-21,44087,8812
CHENAB,Khanki,31-Aug-21,11327,3732
CHENAB,Qadirabad,31-Aug-21,24836,2836
CHENAB,Trimmu,31-Aug-21,29851,13901
CHENAB,Punjnad,31-Aug-21,11853,NIL
RAVI,Jassar,31-Aug-21,-,3648
RAVI,Shahdara,31-Aug-21,-,19496
RAVI,Balloki,31-Aug-21,33154,4700
RAVI,Sidhnai,31-Aug-21,16382,NIL
SUTLEJ,Bhakra,31-Aug-21,-,-
SUTLEJ,Sulemanki,31-Aug-21,16441,2358
SUTLEJ,Islam,31-Aug-21,1250,NIL
INDUS,Kalabagh,31-Aug-21,159577,152577
INDUS,Chashma,31-Aug-21,176367,164006
INDUS,Taunsa,31-Aug-21,170999,149786
INDUS,Guddu,31-Aug-21,117132,90608
INDUS,Sukkar,31-Aug-21,68035,26500
INDUS,Kotri,31-Aug-21,27480,385
JHELUM,Kotli,31-Aug-21,-,1670
JHELUM,Mangla,31-Aug-21,13000,33715
JHELUM,Rasul,31-Aug-21,29965,7990
CHENAB,Jammu Tavi,31-Aug-21,-,-
CHENAB,Marala,31-Aug-21,41184,5909
CHENAB,Khanki,31-Aug-21,11303,3732
CHENAB,Qadirabad,31-Aug-21,22000,Nil
CHENAB,Trimmu,31-Aug-21,29851,13901
CHENAB,Punjnad,31-Aug-21,11059,-
RAVI,Jassar,31-Aug-21,-,3141
RAVI,Shahdara,31-Aug-21,-,20061
RAVI,Balloki,31-Aug-21,33354,4700
RAVI,Sidhnai,31-Aug-21,16382,-
SUTLEJ,Bhakra,31-Aug-21,-,-
SUTLEJ,Sulemanki,31-Aug-21,16441,2358
SUTLEJ,Islam,31-Aug-21,1250,-
INDUS,Kalabagh,31-Aug-21,126837,119837
INDUS,Chashma,31-Aug-21,177769,164188
INDUS,Taunsa,31-Aug-21,170999,149786
INDUS,Guddu,31-Aug-21,117132,90608
INDUS,Sukkar,31-Aug-21,68035,26500
INDUS,Kotri,31-Aug-21,27480,385
JHELUM,Kotli,31-Aug-21,-,1400
JHELUM,Mangla,31-Aug-21,14000,41404
JHELUM,Rasul,31-Aug-21,31275,11895
CHENAB,Jammu Tavi,31-Aug-21,-,-
CHENAB,Marala,31-Aug-21,39784,4509
CHENAB,Khanki,31-Aug-21,9461,1866
CHENAB,Qadirabad,31-Aug-21,22000,NIL
CHENAB,Trimmu,31-Aug-21,31394,15294
CHENAB,Punjnad,31-Aug-21,10707,NIL
RAVI,Jassar,31-Aug-21,-,3141
RAVI,Shahdara,31-Aug-21,-,20061
RAVI,Balloki,31-Aug-21,33354,4700
RAVI,Sidhnai,31-Aug-21,17400,NIL
SUTLEJ,Bhakra,31-Aug-21,-,-
SUTLEJ,Sulemanki,31-Aug-21,16441,2358
SUTLEJ,Islam,31-Aug-21,1250,NIL
INDUS,Kalabagh,31-Aug-21,116193,109193
INDUS,Chashma,31-Aug-21,177542,163961
INDUS,Taunsa,31-Aug-21,161059,141059
INDUS,Guddu,31-Aug-21,117132,90608
INDUS,Sukkar,31-Aug-21,68035,26500
INDUS,Kotri,31-Aug-21,27480,385
JHELUM,Kotli,31-Aug-21,-,1950
JHELUM,Mangla,31-Aug-21,14000,41404
JHELUM,Rasul,31-Aug-21,31275,11895
CHENAB,Jammu Tavi,31-Aug-21,-,-
CHENAB,Marala,31-Aug-21,40275,5000
CHENAB,Khanki,31-Aug-21,11327,3732
CHENAB,Qadirabad,31-Aug-21,22000,NIL
CHENAB,Trimmu,31-Aug-21,28767,12667
CHENAB,Punjnad,31-Aug-21,10707,NIL
RAVI,Jassar,31-Aug-21,-,3141
RAVI,Shahdara,31-Aug-21,-,20061
RAVI,Balloki,31-Aug-21,36239,7585
RAVI,Sidhnai,31-Aug-21,17009,NIL
SUTLEJ,Bhakra,31-Aug-21,-,-
SUTLEJ,Sulemanki,31-Aug-21,16441,2358
SUTLEJ,Islam,31-Aug-21,1250,NIL
INDUS,Kalabagh,01-Sept-21,114703,107703
INDUS,Chashma,01-Sept-21,176124,164266
INDUS,Taunsa,01-Sept-21,161059,141059
INDUS,Guddu,01-Sept-21,119206,90708
INDUS,Sukkar,01-Sept-21,75535,28200
INDUS,Kotri,01-Sept-21,26870,385
JHELUM,Kotli,01-Sept-21,-,2520
JHELUM,Mangla,01-Sept-21,17000,39709
JHELUM,Rasul,01-Sept-21,31275,11895
CHENAB,Jammu Tavi,01-Sept-21,-,-
CHENAB,Marala,01-Sept-21,44087,8812
CHENAB,Khanki,01-Sept-21,9461,1866
CHENAB,Qadirabad,01-Sept-21,21000,NIL
CHENAB,Trimmu,01-Sept-21,28767,12667
CHENAB,Punjnad,01-Sept-21,10707,NIL
RAVI,Jassar,01-Sept-21,-,3141
RAVI,Shahdara,01-Sept-21,-,20061
RAVI,Balloki,01-Sept-21,35359,6705
RAVI,Sidhnai,01-Sept-21,17400,NIL
SUTLEJ,Bhakra,01-Sept-21,-,-
SUTLEJ,Sulemanki,01-Sept-21,16391,2358
SUTLEJ,Islam,01-Sept-21,1250,NIL
INDUS,Kalabagh,01-Sept-21,124058,117058
INDUS,Chashma,01-Sept-21,175837,163988
INDUS,Taunsa,01-Sept-21,158062,138427
INDUS,Guddu,01-Sept-21,122662,94164
INDUS,Sukkar,01-Sept-21,77385,30050
INDUS,Kotri,01-Sept-21,26870,385
JHELUM,Kotli,01-Sept-21,-,1950
JHELUM,Mangla,01-Sept-21,18000,33715
JHELUM,Rasul,01-Sept-21,31275,11895
CHENAB,Jammu Tavi,01-Sept-21,-,-
CHENAB,Marala,01-Sept-21,41184,5909
CHENAB,Khanki,01-Sept-21,7595,-
CHENAB,Qadirabad,01-Sept-21,20000,-
CHENAB,Trimmu,01-Sept-21,28767,12667
CHENAB,Punjnad,01-Sept-21,10707,-
RAVI,Jassar,01-Sept-21,-,3141
RAVI,Shahdara,01-Sept-21,-,20061
RAVI,Balloki,01-Sept-21,35359,6705
RAVI,Sidhnai,01-Sept-21,17009,-
SUTLEJ,Bhakra,01-Sept-21,-,-
SUTLEJ,Sulemanki,01-Sept-21,16391,2358
SUTLEJ,Islam,01-Sept-21,550,-
INDUS,Kalabagh,01-Sept-21,103091,96091
INDUS,Chashma,01-Sept-21,NR,NR
INDUS,Taunsa,01-Sept-21,158062,138427
INDUS,Guddu,01-Sept-21,NR,NR
INDUS,Sukkar,01-Sept-21,NR,NR
INDUS,Kotri,01-Sept-21,NR,NR
JHELUM,Kotli,01-Sept-21,-,NR
JHELUM,Mangla,01-Sept-21,NR,NR
JHELUM,Rasul,01-Sept-21,35230,15800
CHENAB,Jammu Tavi,01-Sept-21,-,-
CHENAB,Marala,01-Sept-21,41184,5909
CHENAB,Khanki,01-Sept-21,9268,1866
CHENAB,Qadirabad,01-Sept-21,19000,NIL
CHENAB,Trimmu,01-Sept-21,28916,12816
CHENAB,Punjnad,01-Sept-21,10707,NIL
RAVI,Jassar,01-Sept-21,-,3141
RAVI,Shahdara,01-Sept-21,-,20061
RAVI,Balloki,01-Sept-21,34984,6705
RAVI,Sidhnai,01-Sept-21,17009,NIL
SUTLEJ,Bhakra,01-Sept-21,-,-
SUTLEJ,Sulemanki,01-Sept-21,16018,2035
SUTLEJ,Islam,01-Sept-21,550,NIL
INDUS,Kalabagh,01-Sept-21,93092,86092
INDUS,Chashma,01-Sept-21,NR,NR
INDUS,Taunsa,01-Sept-21,158062,138427
INDUS,Guddu,01-Sept-21,NR,NR
INDUS,Sukkar,01-Sept-21,NR,NR
INDUS,Kotri,01-Sept-21,NR,NR
JHELUM,Kotli,01-Sept-21,-,NR
JHELUM,Mangla,01-Sept-21,NR,NR
JHELUM,Rasul,01-Sept-21,35230,15800
CHENAB,Jammu Tavi,01-Sept-21,-,-
CHENAB,Marala,01-Sept-21,41184,5909
CHENAB,Khanki,01-Sept-21,9268,1866
CHENAB,Qadirabad,01-Sept-21,17000,NIL
CHENAB,Trimmu,01-Sept-21,28916,12816
CHENAB,Punjnad,01-Sept-21,11059,NIL
RAVI,Jassar,01-Sept-21,-,3141
RAVI,Shahdara,01-Sept-21,-,20061
RAVI,Balloki,01-Sept-21,35384,6705
RAVI,Sidhnai,01-Sept-21,17109,NIL
SUTLEJ,Bhakra,01-Sept-21,-,-
SUTLEJ,Sulemanki,01-Sept-21,16018,2035
SUTLEJ,Islam,01-Sept-21,550,NIL
INDUS,Kalabagh,02-Sept-21,124058,117058
INDUS,Chashma,02-Sept-21,140426,135686
INDUS,Taunsa,02-Sept-21,158062,138427
INDUS,Guddu,02-Sept-21,129114,99539
INDUS,Sukkar,02-Sept-21,84135,33600
INDUS,Kotri,02-Sept-21,24825,380
JHELUM,Kotli,02-Sept-21,-,1950
JHELUM,Mangla,02-Sept-21,15000,36688
JHELUM,Rasul,02-Sept-21,31325,11895
CHENAB,Jammu Tavi,02-Sept-21,-,-
CHENAB,Marala,02-Sept-21,40275,5000
CHENAB,Khanki,02-Sept-21,9268,1866
CHENAB,Qadirabad,02-Sept-21,17000,NIL
CHENAB,Trimmu,02-Sept-21,28916,12816
CHENAB,Punjnad,02-Sept-21,11059,NIL
RAVI,Jassar,02-Sept-21,-,3141
RAVI,Shahdara,02-Sept-21,-,19496
RAVI,Balloki,02-Sept-21,35384,6705
RAVI,Sidhnai,02-Sept-21,17109,NIL
SUTLEJ,Bhakra,02-Sept-21,-,-
SUTLEJ,Sulemanki,02-Sept-21,15780,2035
SUTLEJ,Islam,02-Sept-21,550,NIL
INDUS,Kalabagh,02-Sept-21,152388,145388
INDUS,Chashma,02-Sept-21,113416,109106
INDUS,Taunsa,02-Sept-21,158062,138427
INDUS,Guddu,02-Sept-21,135484,105909
INDUS,Sukkar,02-Sept-21,84135,33600
INDUS,Kotri,02-Sept-21,24825,380
JHELUM,Kotli,02-Sept-21,-,1670
JHELUM,Mangla,02-Sept-21,17000,33915
JHELUM,Rasul,02-Sept-21,31120,11895
CHENAB,Jammu Tavi,02-Sept-21,-,-
CHENAB,Marala,02-Sept-21,38379,5000
CHENAB,Khanki,02-Sept-21,9244,1866
CHENAB,Qadirabad,02-Sept-21,17000,-
CHENAB,Trimmu,02-Sept-21,28916,12816
CHENAB,Punjnad,02-Sept-21,12015,-
RAVI,Jassar,02-Sept-21,-,2888
RAVI,Shahdara,02-Sept-21,-,19496
RAVI,Balloki,02-Sept-21,35384,6705
RAVI,Sidhnai,02-Sept-21,17109,-
SUTLEJ,Bhakra,02-Sept-21,31166,20499
SUTLEJ,Sulemanki,02-Sept-21,15780,2035
SUTLEJ,Islam,02-Sept-21,550,-
INDUS,Kalabagh,02-Sept-21,188918,181918
INDUS,Chashma,02-Sept-21,134744,130434
INDUS,Taunsa,02-Sept-21,158062,138427
INDUS,Guddu,02-Sept-21,NR,NR
INDUS,Sukkar,02-Sept-21,85195,34660
INDUS,Kotri,02-Sept-21,24825,380
JHELUM,Kotli,02-Sept-21,-,1400
JHELUM,Mangla,02-Sept-21,17000,49203
JHELUM,Rasul,02-Sept-21,34615,15800
CHENAB,Jammu Tavi,02-Sept-21,-,-
CHENAB,Marala,02-Sept-21,38379,13275
CHENAB,Khanki,02-Sept-21,7378,-
CHENAB,Qadirabad,02-Sept-21,17000,-
CHENAB,Trimmu,02-Sept-21,25154,9054
CHENAB,Punjnad,02-Sept-21,12015,-
RAVI,Jassar,02-Sept-21,-,2888
RAVI,Shahdara,02-Sept-21,-,19496
RAVI,Balloki,02-Sept-21,34484,5805
RAVI,Sidhnai,02-Sept-21,16841,-
SUTLEJ,Bhakra,02-Sept-21,-,-
SUTLEJ,Sulemanki,02-Sept-21,14560,2035
SUTLEJ,Islam,02-Sept-21,550,-
INDUS,Kalabagh,02-Sept-21,196740,189740
INDUS,Chashma,02-Sept-21,153678,147372
INDUS,Taunsa,02-Sept-21,158062,138427
INDUS,Guddu,02-Sept-21,139071,109496
INDUS,Sukkar,02-Sept-21,85195,34660
INDUS,Kotri,02-Sept-21,24825,380
JHELUM,Kotli,02-Sept-21,-,1230
JHELUM,Mangla,02-Sept-21,14000,49203
JHELUM,Rasul,02-Sept-21,34615,15800
CHENAB,Jammu Tavi,02-Sept-21,-,-
CHENAB,Marala,02-Sept-21,36275,5000
CHENAB,Khanki,02-Sept-21,7378,-
CHENAB,Qadirabad,02-Sept-21,15000,-
CHENAB,Trimmu,02-Sept-21,25154,9054
CHENAB,Punjnad,02-Sept-21,12015,-
RAVI,Jassar,02-Sept-21,-,2888
RAVI,Shahdara,02-Sept-21,-,19496
RAVI,Balloki,02-Sept-21,33379,4700
RAVI,Sidhnai,02-Sept-21,16841,-
SUTLEJ,Bhakra,02-Sept-21,-,-
SUTLEJ,Sulemanki,02-Sept-21,14560,2035
SUTLEJ,Islam,02-Sept-21,550,-
INDUS,Kalabagh,03-Sept-21,160532,153532
INDUS,Chashma,03-Sept-21,161037,149918
INDUS,Taunsa,03-Sept-21,158062,138427
INDUS,Guddu,03-Sept-21,139344,109496
INDUS,Sukkar,03-Sept-21,90001,36496
INDUS,Kotri,03-Sept-21,24325,380
JHELUM,Kotli,03-Sept-21,-,1400
JHELUM,Mangla,03-Sept-21,17000,33915
JHELUM,Rasul,03-Sept-21,30710,11895
CHENAB,Jammu Tavi,03-Sept-21,-,-
CHENAB,Marala,03-Sept-21,36275,5000
CHENAB,Khanki,03-Sept-21,7378,-
CHENAB,Qadirabad,03-Sept-21,15000,-
CHENAB,Trimmu,03-Sept-21,25154,9054
CHENAB,Punjnad,03-Sept-21,12015,-
RAVI,Jassar,03-Sept-21,-,2888
RAVI,Shahdara,03-Sept-21,-,18930
RAVI,Balloki,03-Sept-21,32504,3825
RAVI,Sidhnai,03-Sept-21,16841,-
SUTLEJ,Bhakra,03-Sept-21,-,-
SUTLEJ,Sulemanki,03-Sept-21,14560,2035
SUTLEJ,Islam,03-Sept-21,550,-
INDUS,Kalabagh,03-Sept-21,170774,163774
INDUS,Chashma,03-Sept-21,177925,166688
INDUS,Taunsa,03-Sept-21,158062,138427
INDUS,Guddu,03-Sept-21,139847,109496
INDUS,Sukkar,03-Sept-21,90001,36496
INDUS,Kotri,03-Sept-21,24325,380
JHELUM,Kotli,03-Sept-21,-,1670
JHELUM,Mangla,03-Sept-21,15000,33915
JHELUM,Rasul,03-Sept-21,38520,19705
CHENAB,Jammu Tavi,03-Sept-21,-,-
CHENAB,Marala,03-Sept-21,36275,5000
CHENAB,Khanki,03-Sept-21,7378,-
CHENAB,Qadirabad,03-Sept-21,15000,-
CHENAB,Trimmu,03-Sept-21,22770,6670
CHENAB,Punjnad,03-Sept-21,13008,-
RAVI,Jassar,03-Sept-21,-,2888
RAVI,Shahdara,03-Sept-21,-,18930
RAVI,Balloki,03-Sept-21,32504,3825
RAVI,Sidhnai,03-Sept-21,16841,-
SUTLEJ,Bhakra,03-Sept-21,29095,20500
SUTLEJ,Sulemanki,03-Sept-21,14560,2035
SUTLEJ,Islam,03-Sept-21,700,-
INDUS,Kalabagh,03-Sept-21,160532,153532
INDUS,Chashma,03-Sept-21,177066,166197
INDUS,Taunsa,03-Sept-21,158062,138427
INDUS,Guddu,03-Sept-21,135911,105560
INDUS,Sukkar,03-Sept-21,90001,36496
INDUS,Kotri,03-Sept-21,24325,380
JHELUM,Kotli,03-Sept-21,-,1950
JHELUM,Mangla,03-Sept-21,18000,49113
JHELUM,Rasul,03-Sept-21,38418,19705
CHENAB,Jammu Tavi,03-Sept-21,-,-
CHENAB,Marala,03-Sept-21,36275,5000
CHENAB,Khanki,03-Sept-21,7378,NIL
CHENAB,Qadirabad,03-Sept-21,15000,NIL
CHENAB,Trimmu,03-Sept-21,22770,6670
CHENAB,Punjnad,03-Sept-21,13008,NIL
RAVI,Jassar,03-Sept-21,-,2888
RAVI,Shahdara,03-Sept-21,-,18930
RAVI,Balloki,03-Sept-21,32504,3825
RAVI,Sidhnai,03-Sept-21,17209,NIL
SUTLEJ,Bhakra,03-Sept-21,-,-
SUTLEJ,Sulemanki,03-Sept-21,15059,2035
SUTLEJ,Islam,03-Sept-21,1250,NIL
INDUS,Kalabagh,03-Sept-21,188918,181918
INDUS,Chashma,03-Sept-21,180261,167236
INDUS,Taunsa,03-Sept-21,155163,135882
INDUS,Guddu,03-Sept-21,135911,105560
INDUS,Sukkar,03-Sept-21,90001,36496
INDUS,Kotri,03-Sept-21,24325,380
JHELUM,Kotli,03-Sept-21,-,2240
JHELUM,Mangla,03-Sept-21,16000,49113
JHELUM,Rasul,03-Sept-21,31608,11895
CHENAB,Jammu Tavi,03-Sept-21,-,-
CHENAB,Marala,03-Sept-21,34793,5000
CHENAB,Khanki,03-Sept-21,7378,NIL
CHENAB,Qadirabad,03-Sept-21,15000,NIL
CHENAB,Trimmu,03-Sept-21,20236,4136
CHENAB,Punjnad,03-Sept-21,13557,NIL
RAVI,Jassar,03-Sept-21,-,2888
RAVI,Shahdara,03-Sept-21,-,18930
RAVI,Balloki,03-Sept-21,32504,3825
RAVI,Sidhnai,03-Sept-21,17600,NIL
SUTLEJ,Bhakra,03-Sept-21,-,-
SUTLEJ,Sulemanki,03-Sept-21,15059,2035
SUTLEJ,Islam,03-Sept-21,1250,NIL
INDUS,Kalabagh,04-Sept-21,180748,173748
INDUS,Chashma,04-Sept-21,182240,167020
INDUS,Taunsa,04-Sept-21,155163,135882
INDUS,Guddu,04-Sept-21,130434,100083
INDUS,Sukkar,04-Sept-21,97905,44980
INDUS,Kotri,04-Sept-21,23590,395
JHELUM,Kotli,04-Sept-21,-,2520
JHELUM,Mangla,04-Sept-21,15000,33915
JHELUM,Rasul,04-Sept-21,31983,11895
CHENAB,Jammu Tavi,04-Sept-21,-,-
CHENAB,Marala,04-Sept-21,34793,5000
CHENAB,Khanki,04-Sept-21,7378,NIL
CHENAB,Qadirabad,04-Sept-21,16000,NIL
CHENAB,Trimmu,04-Sept-21,20236,4136
CHENAB,Punjnad,04-Sept-21,13557,NIL
RAVI,Jassar,04-Sept-21,-,2888
RAVI,Shahdara,04-Sept-21,-,17800
RAVI,Balloki,04-Sept-21,31054,2375
RAVI,Sidhnai,04-Sept-21,17600,NIL
SUTLEJ,Bhakra,04-Sept-21,-,-
SUTLEJ,Sulemanki,04-Sept-21,15059,2035
SUTLEJ,Islam,04-Sept-21,700,NIL
INDUS,Kalabagh,04-Sept-21,172684,165684
INDUS,Chashma,04-Sept-21,180181,163891
INDUS,Taunsa,04-Sept-21,155163,135882
INDUS,Guddu,04-Sept-21,126840,96489
INDUS,Sukkar,04-Sept-21,97905,44980
INDUS,Kotri,04-Sept-21,23590,395
JHELUM,Kotli,04-Sept-21,-,1950
JHELUM,Mangla,04-Sept-21,15000,33915
JHELUM,Rasul,04-Sept-21,32858,11895
CHENAB,Jammu Tavi,04-Sept-21,-,-
CHENAB,Marala,04-Sept-21,34793,5000
CHENAB,Khanki,04-Sept-21,8357,955
CHENAB,Qadirabad,04-Sept-21,16000,NIL
CHENAB,Trimmu,04-Sept-21,18912,2812
CHENAB,Punjnad,04-Sept-21,14902,NIL
RAVI,Jassar,04-Sept-21,-,3141
RAVI,Shahdara,04-Sept-21,-,17800
RAVI,Balloki,04-Sept-21,30459,1780
RAVI,Sidhnai,04-Sept-21,17600,NIL
SUTLEJ,Bhakra,04-Sept-21,23296,18997
SUTLEJ,Sulemanki,04-Sept-21,15059,2035
SUTLEJ,Islam,04-Sept-21,700,NIL
INDUS,Kalabagh,04-Sept-21,172684,165684
INDUS,Chashma,04-Sept-21,179759,164019
INDUS,Taunsa,04-Sept-21,155163,135882
INDUS,Guddu,04-Sept-21,124991,94640
INDUS,Sukkar,04-Sept-21,97905,44980
INDUS,Kotri,04-Sept-21,23590,395
JHELUM,Kotli,04-Sept-21,-,1670
JHELUM,Mangla,04-Sept-21,15000,56471
JHELUM,Rasul,04-Sept-21,37410,15800
CHENAB,Jammu Tavi,04-Sept-21,-,-
CHENAB,Marala,04-Sept-21,32571,5000
CHENAB,Khanki,04-Sept-21,7547,Nil
CHENAB,Qadirabad,04-Sept-21,16000,NIL
CHENAB,Trimmu,04-Sept-21,16100,Nil
CHENAB,Punjnad,04-Sept-21,14902,NIL
RAVI,Jassar,04-Sept-21,-,3141
RAVI,Shahdara,04-Sept-21,-,18365
RAVI,Balloki,04-Sept-21,28679,Nil
RAVI,Sidhnai,04-Sept-21,18261,661
SUTLEJ,Bhakra,04-Sept-21,,
SUTLEJ,Sulemanki,04-Sept-21,15059,2035
SUTLEJ,Islam,04-Sept-21,700,NIL
INDUS,Kalabagh,04-Sept-21,190828,183828
INDUS,Chashma,04-Sept-21,182862,163977
INDUS,Taunsa,04-Sept-21,155163,135882
INDUS,Guddu,04-Sept-21,124991,94640
INDUS,Sukkar,04-Sept-21,97905,44980
INDUS,Kotri,04-Sept-21,23590,395
JHELUM,Kotli,04-Sept-21,-,1950
JHELUM,Mangla,04-Sept-21,15000,56580
JHELUM,Rasul,04-Sept-21,37410,15800
CHENAB,Jammu Tavi,04-Sept-21,-,-
CHENAB,Marala,04-Sept-21,32571,5000
CHENAB,Khanki,04-Sept-21,7547,Nil
CHENAB,Qadirabad,04-Sept-21,17350,NIL
CHENAB,Trimmu,04-Sept-21,16200,Nil
CHENAB,Punjnad,04-Sept-21,15037,NIL
RAVI,Jassar,04-Sept-21,-,3141
RAVI,Shahdara,04-Sept-21,-,18365
RAVI,Balloki,04-Sept-21,28704,Nil
RAVI,Sidhnai,04-Sept-21,18261,661
SUTLEJ,Bhakra,04-Sept-21,,
SUTLEJ,Sulemanki,04-Sept-21,15059,2035
SUTLEJ,Islam,04-Sept-21,700,NIL
INDUS,Kalabagh,05-Sept-21,180748,173748
INDUS,Chashma,05-Sept-21,183666,164066
INDUS,Taunsa,05-Sept-21,155163,135882
INDUS,Guddu,05-Sept-21,124991,94640
INDUS,Sukkar,05-Sept-21,97905,44980
INDUS,Kotri,05-Sept-21,23590,395
JHELUM,Kotli,05-Sept-21,-,2240
JHELUM,Mangla,05-Sept-21,17000,33915
JHELUM,Rasul,05-Sept-21,29600,7990
CHENAB,Jammu Tavi,05-Sept-21,-,-
CHENAB,Marala,05-Sept-21,32571,5000
CHENAB,Khanki,05-Sept-21,7547,Nil
CHENAB,Qadirabad,05-Sept-21,18000,NIL
CHENAB,Trimmu,05-Sept-21,16200,Nil
CHENAB,Punjnad,05-Sept-21,15037,NIL
RAVI,Jassar,05-Sept-21,-,3141
RAVI,Shahdara,05-Sept-21,-,15353
RAVI,Balloki,05-Sept-21,28000,Nil
RAVI,Sidhnai,05-Sept-21,18261,661
SUTLEJ,Bhakra,05-Sept-21,,
SUTLEJ,Sulemanki,05-Sept-21,15418,2035
SUTLEJ,Islam,05-Sept-21,700,NIL
INDUS,Kalabagh,05-Sept-21,180748,173748
INDUS,Chashma,05-Sept-21,183479,163879
INDUS,Taunsa,05-Sept-21,155163,135882
INDUS,Guddu,05-Sept-21,125491,94640
INDUS,Sukkar,05-Sept-21,93035,40110
INDUS,Kotri,05-Sept-21,23540,395
JHELUM,Kotli,05-Sept-21,-,1950
JHELUM,Mangla,05-Sept-21,15000,33915
JHELUM,Rasul,05-Sept-21,41315,19705
CHENAB,Jammu Tavi,05-Sept-21,-,-
CHENAB,Marala,05-Sept-21,32356,5000
CHENAB,Khanki,05-Sept-21,7547,Nil
CHENAB,Qadirabad,05-Sept-21,18000,NIL
CHENAB,Trimmu,05-Sept-21,16200,Nil
CHENAB,Punjnad,05-Sept-21,15037,NIL
RAVI,Jassar,05-Sept-21,-,3141
RAVI,Shahdara,05-Sept-21,-,15353
RAVI,Balloki,05-Sept-21,27000,Nil
RAVI,Sidhnai,05-Sept-21,18508,1656
SUTLEJ,Bhakra,05-Sept-21,26497,19333
SUTLEJ,Sulemanki,05-Sept-21,15418,2035
SUTLEJ,Islam,05-Sept-21,700,NIL
INDUS,Kalabagh,05-Sept-21,162442,155442
INDUS,Chashma,05-Sept-21,183562,163807
INDUS,Taunsa,05-Sept-21,155163,135882
INDUS,Guddu,05-Sept-21,123326,92475
INDUS,Sukkar,05-Sept-21,88610,36660
INDUS,Kotri,05-Sept-21,23540,395
JHELUM,Kotli,05-Sept-21,-,1670
JHELUM,Mangla,05-Sept-21,16000,41425
JHELUM,Rasul,05-Sept-21,41710,19705
CHENAB,Jammu Tavi,05-Sept-21,-,-
CHENAB,Marala,05-Sept-21,32356,5000
CHENAB,Khanki,05-Sept-21,7547,Nil
CHENAB,Qadirabad,05-Sept-21,18000,NIL
CHENAB,Trimmu,05-Sept-21,22954,6754
CHENAB,Punjnad,05-Sept-21,15037,NIL
RAVI,Jassar,05-Sept-21,-,3141
RAVI,Shahdara,05-Sept-21,-,15353
RAVI,Balloki,05-Sept-21,27500,Nil
RAVI,Sidhnai,05-Sept-21,17483,1983
SUTLEJ,Bhakra,05-Sept-21,26497,19333
SUTLEJ,Sulemanki,05-Sept-21,15418,2035
SUTLEJ,Islam,05-Sept-21,700,NIL
INDUS,Kalabagh,05-Sept-21,180748,173748
INDUS,Chashma,05-Sept-21,184974,164136
INDUS,Taunsa,05-Sept-21,155163,135882
INDUS,Guddu,05-Sept-21,123326,92475
INDUS,Sukkar,05-Sept-21,88610,36660
INDUS,Kotri,05-Sept-21,23540,395
JHELUM,Kotli,05-Sept-21,-,1400
JHELUM,Mangla,05-Sept-21,15000,41425
JHELUM,Rasul,05-Sept-21,41710,19705
CHENAB,Jammu Tavi,05-Sept-21,-,-
CHENAB,Marala,05-Sept-21,30485,5000
CHENAB,Khanki,05-Sept-21,7523,Nil
CHENAB,Qadirabad,05-Sept-21,18000,NIL
CHENAB,Trimmu,05-Sept-21,20385,4185
CHENAB,Punjnad,05-Sept-21,13525,NIL
RAVI,Jassar,05-Sept-21,-,3141
RAVI,Shahdara,05-Sept-21,-,15353
RAVI,Balloki,05-Sept-21,28500,Nil
RAVI,Sidhnai,05-Sept-21,17483,1983
SUTLEJ,Bhakra,05-Sept-21,26497,19333
SUTLEJ,Sulemanki,05-Sept-21,15418,2035
SUTLEJ,Islam,05-Sept-21,700,NIL
INDUS,Kalabagh,06-Sept-21,173638,166638
INDUS,Chashma,06-Sept-21,183846,164246
INDUS,Taunsa,06-Sept-21,155163,135882
INDUS,Guddu,06-Sept-21,116280,85127
INDUS,Sukkar,06-Sept-21,87425,34740
INDUS,Kotri,06-Sept-21,23900,395
JHELUM,Kotli,06-Sept-21,-,1670
JHELUM,Mangla,06-Sept-21,12000,34325
JHELUM,Rasul,06-Sept-21,33900,11895
CHENAB,Jammu Tavi,06-Sept-21,-,-
CHENAB,Marala,06-Sept-21,29495,5000
CHENAB,Khanki,06-Sept-21,7523,Nil
CHENAB,Qadirabad,06-Sept-21,18000,NIL
CHENAB,Trimmu,06-Sept-21,20385,4185
CHENAB,Punjnad,06-Sept-21,13525,NIL
RAVI,Jassar,06-Sept-21,-,3141
RAVI,Shahdara,06-Sept-21,-,16168
RAVI,Balloki,06-Sept-21,28865,Nil
RAVI,Sidhnai,06-Sept-21,17483,1983
SUTLEJ,Bhakra,06-Sept-21,26497,19333
SUTLEJ,Sulemanki,06-Sept-21,15418,2035
SUTLEJ,Islam,06-Sept-21,700,NIL
INDUS,Kalabagh,06-Sept-21,181702,174702
INDUS,Chashma,06-Sept-21,183623,164023
INDUS,Taunsa,06-Sept-21,155163,135882
INDUS,Guddu,06-Sept-21,109389,78236
INDUS,Sukkar,06-Sept-21,87425,34740
INDUS,Kotri,06-Sept-21,23900,395
JHELUM,Kotli,06-Sept-21,-,1950
JHELUM,Mangla,06-Sept-21,12000,33915
JHELUM,Rasul,06-Sept-21,29793,7990
CHENAB,Jammu Tavi,06-Sept-21,-,-
CHENAB,Marala,06-Sept-21,27443,5000
CHENAB,Khanki,06-Sept-21,7523,-
CHENAB,Qadirabad,06-Sept-21,18000,-
CHENAB,Trimmu,06-Sept-21,22954,6754
CHENAB,Punjnad,06-Sept-21,13170,-
RAVI,Jassar,06-Sept-21,-,2888
RAVI,Shahdara,06-Sept-21,-,16168
RAVI,Balloki,06-Sept-21,29265,-
RAVI,Sidhnai,06-Sept-21,17483,1983
SUTLEJ,Bhakra,06-Sept-21,23979,20000
SUTLEJ,Sulemanki,06-Sept-21,15418,2035
SUTLEJ,Islam,06-Sept-21,700,-
INDUS,Kalabagh,06-Sept-21,173638,166638
INDUS,Chashma,06-Sept-21,183624,164024
INDUS,Taunsa,06-Sept-21,155163,135882
INDUS,Guddu,06-Sept-21,100984,71024
INDUS,Sukkar,06-Sept-21,87425,34740
INDUS,Kotri,06-Sept-21,23900,395
JHELUM,Kotli,06-Sept-21,-,1670
JHELUM,Mangla,06-Sept-21,12000,37125
JHELUM,Rasul,06-Sept-21,37603,15800
CHENAB,Jammu Tavi,06-Sept-21,-,-
CHENAB,Marala,06-Sept-21,28354,5000
CHENAB,Khanki,06-Sept-21,7571,NIL
CHENAB,Qadirabad,06-Sept-21,18000,NIL
CHENAB,Trimmu,06-Sept-21,22954,6754
CHENAB,Punjnad,06-Sept-21,13170,NIL
RAVI,Jassar,06-Sept-21,-,2888
RAVI,Shahdara,06-Sept-21,-,16168
RAVI,Balloki,06-Sept-21,30780,1190
RAVI,Sidhnai,06-Sept-21,16161,995
SUTLEJ,Bhakra,06-Sept-21,-,-
SUTLEJ,Sulemanki,06-Sept-21,15830,2035
SUTLEJ,Islam,06-Sept-21,700,NIL
INDUS,Kalabagh,06-Sept-21,181702,174702
INDUS,Chashma,06-Sept-21,183668,164068
INDUS,Taunsa,06-Sept-21,155163,135882
INDUS,Guddu,06-Sept-21,100984,77024
INDUS,Sukkar,06-Sept-21,87425,34740
INDUS,Kotri,06-Sept-21,23900,395
JHELUM,Kotli,06-Sept-21,-,1400
JHELUM,Mangla,06-Sept-21,12000,41425
JHELUM,Rasul,06-Sept-21,29793,7990
CHENAB,Jammu Tavi,06-Sept-21,-,-
CHENAB,Marala,06-Sept-21,28354,5000
CHENAB,Khanki,06-Sept-21,7571,NIL
CHENAB,Qadirabad,06-Sept-21,18000,NIL
CHENAB,Trimmu,06-Sept-21,22954,6754
CHENAB,Punjnad,06-Sept-21,12910,NIL
RAVI,Jassar,06-Sept-21,-,2888
RAVI,Shahdara,06-Sept-21,-,16168
RAVI,Balloki,06-Sept-21,30140,600
RAVI,Sidhnai,06-Sept-21,16161,661
SUTLEJ,Bhakra,06-Sept-21,-,-
SUTLEJ,Sulemanki,06-Sept-21,15830,2035
SUTLEJ,Islam,06-Sept-21,700,NIL
INDUS,Kalabagh,07-Sept-21,170774,163774
INDUS,Chashma,07-Sept-21,183610,164010
INDUS,Taunsa,07-Sept-21,155163,135882
INDUS,Guddu,07-Sept-21,100240,70620
INDUS,Sukkar,07-Sept-21,81235,30040
INDUS,Kotri,07-Sept-21,25850,395
JHELUM,Kotli,07-Sept-21,-,1230
JHELUM,Mangla,07-Sept-21,13000,38625
JHELUM,Rasul,07-Sept-21,33698,11895
CHENAB,Jammu Tavi,07-Sept-21,-,-
CHENAB,Marala,07-Sept-21,28354,5000
CHENAB,Khanki,07-Sept-21,7571,NIL
CHENAB,Qadirabad,07-Sept-21,18000,NIL
CHENAB,Trimmu,07-Sept-21,27841,11641
CHENAB,Punjnad,07-Sept-21,12910,NIL
RAVI,Jassar,07-Sept-21,-,2888
RAVI,Shahdara,07-Sept-21,-,13306
RAVI,Balloki,07-Sept-21,30730,1190
RAVI,Sidhnai,07-Sept-21,16161,661
SUTLEJ,Bhakra,07-Sept-21,-,-
SUTLEJ,Sulemanki,07-Sept-21,15830,2035
SUTLEJ,Islam,07-Sept-21,700,NIL
INDUS,Kalabagh,07-Sept-21,170774,163774
INDUS,Chashma,07-Sept-21,183520,163920
INDUS,Taunsa,07-Sept-21,155163,135882
INDUS,Guddu,07-Sept-21,100240,70620
INDUS,Sukkar,07-Sept-21,78950,28150
INDUS,Kotri,07-Sept-21,25850,395
JHELUM,Kotli,07-Sept-21,-,1400
JHELUM,Mangla,07-Sept-21,14000,33915
JHELUM,Rasul,07-Sept-21,27144,5341
CHENAB,Jammu Tavi,07-Sept-21,-,-
CHENAB,Marala,07-Sept-21,29497,5000
CHENAB,Khanki,07-Sept-21,9437,1866
CHENAB,Qadirabad,07-Sept-21,18000,-
CHENAB,Trimmu,07-Sept-21,27841,11641
CHENAB,Punjnad,07-Sept-21,11465,-
RAVI,Jassar,07-Sept-21,-,2635
RAVI,Shahdara,07-Sept-21,-,13306
RAVI,Balloki,07-Sept-21,30730,1190
RAVI,Sidhnai,07-Sept-21,15213,-
SUTLEJ,Bhakra,07-Sept-21,23343,20000
SUTLEJ,Sulemanki,07-Sept-21,15830,2035
SUTLEJ,Islam,07-Sept-21,700,-
INDUS,Kalabagh,07-Sept-21,170174,163774
INDUS,Chashma,07-Sept-21,183568,183968
INDUS,Taunsa,07-Sept-21,155163,135882
INDUS,Guddu,07-Sept-21,100240,70620
INDUS,Sukkar,07-Sept-21,78950,28150
INDUS,Kotri,07-Sept-21,25850,395
JHELUM,Kotli,07-Sept-21,-,1670
JHELUM,Mangla,07-Sept-21,16000,41380
JHELUM,Rasul,07-Sept-21,33698,11895
CHENAB,Jammu Tavi,07-Sept-21,-,-
CHENAB,Marala,07-Sept-21,30085,5000
CHENAB,Khanki,07-Sept-21,7535,NIL
CHENAB,Qadirabad,07-Sept-21,17000,NIL
CHENAB,Trimmu,07-Sept-21,27941,11641
CHENAB,Punjnad,07-Sept-21,11465,NIL
RAVI,Jassar,07-Sept-21,-,2635
RAVI,Shahdara,07-Sept-21,-,13306
RAVI,Balloki,07-Sept-21,29540,NIL
RAVI,Sidhnai,07-Sept-21,15045,NIL
SUTLEJ,Bhakra,07-Sept-21,-,-
SUTLEJ,Sulemanki,07-Sept-21,16153,2358
SUTLEJ,Islam,07-Sept-21,700,NIL
INDUS,Kalabagh,07-Sept-21,178838,171838
INDUS,Chashma,07-Sept-21,183680,164080
INDUS,Taunsa,07-Sept-21,155163,135882
INDUS,Guddu,07-Sept-21,100240,70620
INDUS,Sukkar,07-Sept-21,78950,28150
INDUS,Kotri,07-Sept-21,25850,395
JHELUM,Kotli,07-Sept-21,-,1950
JHELUM,Mangla,07-Sept-21,14000,33915
JHELUM,Rasul,07-Sept-21,37500,15800
CHENAB,Jammu Tavi,07-Sept-21,-,-
CHENAB,Marala,07-Sept-21,30085,5000
CHENAB,Khanki,07-Sept-21,8345,955
CHENAB,Qadirabad,07-Sept-21,17000,NIL
CHENAB,Trimmu,07-Sept-21,27941,11641
CHENAB,Punjnad,07-Sept-21,11003,NIL
RAVI,Jassar,07-Sept-21,-,2635
RAVI,Shahdara,07-Sept-21,-,13306
RAVI,Balloki,07-Sept-21,28965,NIL
RAVI,Sidhnai,07-Sept-21,14714,NIL
SUTLEJ,Bhakra,07-Sept-21,-,-
SUTLEJ,Sulemanki,07-Sept-21,16153,2358
SUTLEJ,Islam,07-Sept-21,700,NIL
INDUS,Kalabagh,08-Sept-21,173638,166638
INDUS,Chashma,08-Sept-21,183712,164112
INDUS,Taunsa,08-Sept-21,155163,135882
INDUS,Guddu,08-Sept-21,115762,84859
INDUS,Sukkar,08-Sept-21,68601,22016
INDUS,Kotri,08-Sept-21,28890,395
JHELUM,Kotli,08-Sept-21,-,2240
JHELUM,Mangla,08-Sept-21,30000,35815
JHELUM,Rasul,08-Sept-21,29690,7990
CHENAB,Jammu Tavi,08-Sept-21,-,-
CHENAB,Marala,08-Sept-21,30085,5000
CHENAB,Khanki,08-Sept-21,7390,NIL
CHENAB,Qadirabad,08-Sept-21,17450,NIL
CHENAB,Trimmu,08-Sept-21,27941,11641
CHENAB,Punjnad,08-Sept-21,11003,NIL
RAVI,Jassar,08-Sept-21,-,2635
RAVI,Shahdara,08-Sept-21,-,17800
RAVI,Balloki,08-Sept-21,28965,NIL
RAVI,Sidhnai,08-Sept-21,14714,NIL
SUTLEJ,Bhakra,08-Sept-21,-,-
SUTLEJ,Sulemanki,08-Sept-21,16059,2358
SUTLEJ,Islam,08-Sept-21,700,NIL
INDUS,Kalabagh,08-Sept-21,181702,174702
INDUS,Chashma,08-Sept-21,184999,163984
INDUS,Taunsa,08-Sept-21,159289,139505
INDUS,Guddu,08-Sept-21,116658,85357
INDUS,Sukkar,08-Sept-21,68601,22016
INDUS,Kotri,08-Sept-21,28890,395
JHELUM,Kotli,08-Sept-21,-,5100
JHELUM,Mangla,08-Sept-21,30000,33915
JHELUM,Rasul,08-Sept-21,29540,7990
CHENAB,Jammu Tavi,08-Sept-21,-,-
CHENAB,Marala,08-Sept-21,59743,33952
CHENAB,Khanki,08-Sept-21,11086,3732
CHENAB,Qadirabad,08-Sept-21,18125,-
CHENAB,Trimmu,08-Sept-21,29057,12757
CHENAB,Punjnad,08-Sept-21,10297,-
RAVI,Jassar,08-Sept-21,-,2635
RAVI,Shahdara,08-Sept-21,-,17800
RAVI,Balloki,08-Sept-21,28965,-
RAVI,Sidhnai,08-Sept-21,14714,-
SUTLEJ,Bhakra,08-Sept-21,N/R,N/R
SUTLEJ,Sulemanki,08-Sept-21,16059,2358
SUTLEJ,Islam,08-Sept-21,1250,-
INDUS,Kalabagh,08-Sept-21,173638,166638
INDUS,Chashma,08-Sept-21,184947,163932
INDUS,Taunsa,08-Sept-21,159289,139505
INDUS,Guddu,08-Sept-21,118154,86853
INDUS,Sukkar,08-Sept-21,68601,22016
INDUS,Kotri,08-Sept-21,28890,395
JHELUM,Kotli,08-Sept-21,-,4810
JHELUM,Mangla,08-Sept-21,24000,30115
JHELUM,Rasul,08-Sept-21,44663,23610
CHENAB,Jammu Tavi,08-Sept-21,-,-
CHENAB,Marala,08-Sept-21,55992,29550
CHENAB,Khanki,08-Sept-21,22387,15306
CHENAB,Qadirabad,08-Sept-21,23661,2836
CHENAB,Trimmu,08-Sept-21,32592,16192
CHENAB,Punjnad,08-Sept-21,10297,NIL
RAVI,Jassar,08-Sept-21,-,4660
RAVI,Shahdara,08-Sept-21,-,17800
RAVI,Balloki,08-Sept-21,28965,NIL
RAVI,Sidhnai,08-Sept-21,14714,NIL
SUTLEJ,Bhakra,08-Sept-21,-,-
SUTLEJ,Sulemanki,08-Sept-21,16059,2358
SUTLEJ,Islam,08-Sept-21,1250,NIL
INDUS,Kalabagh,08-Sept-21,163396,156396
INDUS,Chashma,08-Sept-21,183600,164000
INDUS,Taunsa,08-Sept-21,159289,139505
INDUS,Guddu,08-Sept-21,118154,86853
INDUS,Sukkar,08-Sept-21,68601,22016
INDUS,Kotri,08-Sept-21,28890,395
JHELUM,Kotli,08-Sept-21,-,4240
JHELUM,Mangla,08-Sept-21,24000,29915
JHELUM,Rasul,08-Sept-21,44663,23610
CHENAB,Jammu Tavi,08-Sept-21,-,-
CHENAB,Marala,08-Sept-21,61400,33732
CHENAB,Khanki,08-Sept-21,29275,22194
CHENAB,Qadirabad,08-Sept-21,32958,10958
CHENAB,Trimmu,08-Sept-21,32592,16192
CHENAB,Punjnad,08-Sept-21,9580,NIL
RAVI,Jassar,08-Sept-21,-,4660
RAVI,Shahdara,08-Sept-21,-,17800
RAVI,Balloki,08-Sept-21,28965,NIL
RAVI,Sidhnai,08-Sept-21,13900,NIL
SUTLEJ,Bhakra,08-Sept-21,-,-
SUTLEJ,Sulemanki,08-Sept-21,16059,2358
SUTLEJ,Islam,08-Sept-21,1250,NIL
INDUS,Kalabagh,09-Sept-21,184792,177792
INDUS,Chashma,09-Sept-21,183582,163982
INDUS,Taunsa,09-Sept-21,159289,139505
INDUS,Guddu,09-Sept-21,121819,90518
INDUS,Sukkar,09-Sept-21,66005,20770
INDUS,Kotri,09-Sept-21,30050,395
JHELUM,Kotli,09-Sept-21,-,3670
JHELUM,Mangla,09-Sept-21,14000,17815
JHELUM,Rasul,09-Sept-21,36853,15800
CHENAB,Jammu Tavi,09-Sept-21,-,-
CHENAB,Marala,09-Sept-21,62970,33952
CHENAB,Khanki,09-Sept-21,31491,24410
CHENAB,Qadirabad,09-Sept-21,40950,18950
CHENAB,Trimmu,09-Sept-21,32592,16192
CHENAB,Punjnad,09-Sept-21,9580,NIL
RAVI,Jassar,09-Sept-21,-,4660
RAVI,Shahdara,09-Sept-21,-,20626
RAVI,Balloki,09-Sept-21,30155,1190
RAVI,Sidhnai,09-Sept-21,13900,NIL
SUTLEJ,Bhakra,09-Sept-21,-,-
SUTLEJ,Sulemanki,09-Sept-21,15418,2035
SUTLEJ,Islam,09-Sept-21,1250,NIL
INDUS,Kalabagh,09-Sept-21,189873,182873
INDUS,Chashma,09-Sept-21,185171,164156
INDUS,Taunsa,09-Sept-21,159289,139505
INDUS,Guddu,09-Sept-21,134406,103105
INDUS,Sukkar,09-Sept-21,66005,20770
INDUS,Kotri,09-Sept-21,30050,395
JHELUM,Kotli,09-Sept-21,-,3100
JHELUM,Mangla,09-Sept-21,19000,31315
JHELUM,Rasul,09-Sept-21,33753,15800
CHENAB,Jammu Tavi,09-Sept-21,-,-
CHENAB,Marala,09-Sept-21,59474,29057
CHENAB,Khanki,09-Sept-21,35569,28536
CHENAB,Qadirabad,09-Sept-21,44928,22928
CHENAB,Trimmu,09-Sept-21,32592,16192
CHENAB,Punjnad,09-Sept-21,9939,-
RAVI,Jassar,09-Sept-21,-,11826
RAVI,Shahdara,09-Sept-21,-,20626
RAVI,Balloki,09-Sept-21,31640,2375
RAVI,Sidhnai,09-Sept-21,13607,-
SUTLEJ,Bhakra,09-Sept-21,28152,19396
SUTLEJ,Sulemanki,09-Sept-21,15418,2035
SUTLEJ,Islam,09-Sept-21,1250,-
INDUS,Kalabagh,09-Sept-21,189873,182873
INDUS,Chashma,09-Sept-21,183649,164049
INDUS,Taunsa,09-Sept-21,159289,139505
INDUS,Guddu,09-Sept-21,134406,103105
INDUS,Sukkar,09-Sept-21,66550,21000
INDUS,Kotri,09-Sept-21,30050,395
JHELUM,Kotli,09-Sept-21,-,2520
JHELUM,Mangla,09-Sept-21,19000,22015
JHELUM,Rasul,09-Sept-21,25740,7990
CHENAB,Jammu Tavi,09-Sept-21,-,-
CHENAB,Marala,09-Sept-21,52676,20413
CHENAB,Khanki,09-Sept-21,35417,28536
CHENAB,Qadirabad,09-Sept-21,44928,22928
CHENAB,Trimmu,09-Sept-21,32592,16192
CHENAB,Punjnad,09-Sept-21,10297,-
RAVI,Jassar,09-Sept-21,-,13397
RAVI,Shahdara,09-Sept-21,-,24755
RAVI,Balloki,09-Sept-21,34845,5580
RAVI,Sidhnai,09-Sept-21,13607,-
SUTLEJ,Bhakra,09-Sept-21,-,-
SUTLEJ,Sulemanki,09-Sept-21,15478,2035
SUTLEJ,Islam,09-Sept-21,1250,-
INDUS,Kalabagh,09-Sept-21,184792,177792
INDUS,Chashma,09-Sept-21,183557,163957
INDUS,Taunsa,09-Sept-21,159289,139505
INDUS,Guddu,09-Sept-21,134406,103105
INDUS,Sukkar,09-Sept-21,66550,21000
INDUS,Kotri,09-Sept-21,30050,395
JHELUM,Kotli,09-Sept-21,-,2240
JHELUM,Mangla,09-Sept-21,15000,20115
JHELUM,Rasul,09-Sept-21,23091,5341
CHENAB,Jammu Tavi,09-Sept-21,-,-
CHENAB,Marala,09-Sept-21,49948,16192
CHENAB,Khanki,09-Sept-21,35417,28536
CHENAB,Qadirabad,09-Sept-21,47613,25613
CHENAB,Trimmu,09-Sept-21,32592,16192
CHENAB,Punjnad,09-Sept-21,10297,-
RAVI,Jassar,09-Sept-21,-,11826
RAVI,Shahdara,09-Sept-21,-,25407
RAVI,Balloki,09-Sept-21,37375,8110
RAVI,Sidhnai,09-Sept-21,13607,-
SUTLEJ,Bhakra,09-Sept-21,-,-
SUTLEJ,Sulemanki,09-Sept-21,15478,2035
SUTLEJ,Islam,09-Sept-21,1250,-
INDUS,Kalabagh,10-Sept-21,178838,171838
INDUS,Chashma,10-Sept-21,185452,164188
INDUS,Taunsa,10-Sept-21,159289,139505
INDUS,Guddu,10-Sept-21,132911,101610
INDUS,Sukkar,10-Sept-21,75125,24440
INDUS,Kotri,10-Sept-21,32225,2650
JHELUM,Kotli,10-Sept-21,-,1950
JHELUM,Mangla,10-Sept-21,15000,18155
JHELUM,Rasul,10-Sept-21,23091,5341
CHENAB,Jammu Tavi,10-Sept-21,-,-
CHENAB,Marala,10-Sept-21,47902,13002
CHENAB,Khanki,10-Sept-21,39291,24410
CHENAB,Qadirabad,10-Sept-21,44928,22928
CHENAB,Trimmu,10-Sept-21,32592,16192
CHENAB,Punjnad,10-Sept-21,10297,-
RAVI,Jassar,10-Sept-21,-,11876
RAVI,Shahdara,10-Sept-21,-,29317
RAVI,Balloki,10-Sept-21,38530,9265
RAVI,Sidhnai,10-Sept-21,13607,-
SUTLEJ,Bhakra,10-Sept-21,-,-
SUTLEJ,Sulemanki,10-Sept-21,15408,2035
SUTLEJ,Islam,10-Sept-21,1250,-
INDUS,Kalabagh,10-Sept-21,178838,171838
INDUS,Chashma,10-Sept-21,183431,163931
INDUS,Taunsa,10-Sept-21,159289,139505
INDUS,Guddu,10-Sept-21,132911,101610
INDUS,Sukkar,10-Sept-21,75125,24440
INDUS,Kotri,10-Sept-21,32225,2650
JHELUM,Kotli,10-Sept-21,-,15400
JHELUM,Mangla,10-Sept-21,17000,21815
JHELUM,Rasul,10-Sept-21,29645,11895
CHENAB,Jammu Tavi,10-Sept-21,-,-
CHENAB,Marala,10-Sept-21,39900,5000
CHENAB,Khanki,10-Sept-21,29040,22194
CHENAB,Qadirabad,10-Sept-21,40950,18950
CHENAB,Trimmu,10-Sept-21,32592,16192
CHENAB,Punjnad,10-Sept-21,10297,-
RAVI,Jassar,10-Sept-21,-,13397
RAVI,Shahdara,10-Sept-21,-,31415
RAVI,Balloki,10-Sept-21,42390,16390
RAVI,Sidhnai,10-Sept-21,13607,-
SUTLEJ,Bhakra,10-Sept-21,33430,19580
SUTLEJ,Sulemanki,10-Sept-21,15408,2035
SUTLEJ,Islam,10-Sept-21,1250,-
INDUS,Kalabagh,10-Sept-21,160532,153532
INDUS,Chashma,10-Sept-21,167175,146011
INDUS,Taunsa,10-Sept-21,159289,139505
INDUS,Guddu,10-Sept-21,132911,101610
INDUS,Sukkar,10-Sept-21,77146,25660
INDUS,Kotri,10-Sept-21,32225,2650
JHELUM,Kotli,10-Sept-21,-,8530
JHELUM,Mangla,10-Sept-21,20000,33915
JHELUM,Rasul,10-Sept-21,17350,NIL
CHENAB,Jammu Tavi,10-Sept-21,-,-
CHENAB,Marala,10-Sept-21,44702,13002
CHENAB,Khanki,10-Sept-21,24451,17605
CHENAB,Qadirabad,10-Sept-21,38300,16300
CHENAB,Trimmu,10-Sept-21,32592,16192
CHENAB,Punjnad,10-Sept-21,10615,NIL
RAVI,Jassar,10-Sept-21,-,11081
RAVI,Shahdara,10-Sept-21,-,29317
RAVI,Balloki,10-Sept-21,47767,22267
RAVI,Sidhnai,10-Sept-21,13607,NIL
SUTLEJ,Bhakra,10-Sept-21,-,-
SUTLEJ,Sulemanki,10-Sept-21,17175,3989
SUTLEJ,Islam,10-Sept-21,1250,NIL
INDUS,Kalabagh,10-Sept-21,152388,145388
INDUS,Chashma,10-Sept-21,165900,146500
INDUS,Taunsa,10-Sept-21,159289,139505
INDUS,Guddu,10-Sept-21,132911,101610
INDUS,Sukkar,10-Sept-21,77140,25660
INDUS,Kotri,10-Sept-21,32225,2650
JHELUM,Kotli,10-Sept-21,-,7670
JHELUM,Mangla,10-Sept-21,25000,33515
JHELUM,Rasul,10-Sept-21,17155,NIL
CHENAB,Jammu Tavi,10-Sept-21,-,-
CHENAB,Marala,10-Sept-21,48892,17192
CHENAB,Khanki,10-Sept-21,19896,13050
CHENAB,Qadirabad,10-Sept-21,32958,10958
CHENAB,Trimmu,10-Sept-21,32592,16192
CHENAB,Punjnad,10-Sept-21,11003,NIL
RAVI,Jassar,10-Sept-21,-,10336
RAVI,Shahdara,10-Sept-21,-,27362
RAVI,Balloki,10-Sept-21,51227,25727
RAVI,Sidhnai,10-Sept-21,13607,NIL
SUTLEJ,Bhakra,10-Sept-21,-,-
SUTLEJ,Sulemanki,10-Sept-21,17175,3989
SUTLEJ,Islam,10-Sept-21,1250,NIL
INDUS,Kalabagh,11-Sept-21,159577,153577
INDUS,Chashma,11-Sept-21,166540,147140
INDUS,Taunsa,11-Sept-21,159289,139505
INDUS,Guddu,11-Sept-21,132911,101610
INDUS,Sukkar,11-Sept-21,92105,37825
INDUS,Kotri,11-Sept-21,30550,4705
JHELUM,Kotli,11-Sept-21,-,6530
JHELUM,Mangla,11-Sept-21,18000,26255
JHELUM,Rasul,11-Sept-21,32750,15800
CHENAB,Jammu Tavi,11-Sept-21,-,-
CHENAB,Marala,11-Sept-21,48892,17192
CHENAB,Khanki,11-Sept-21,14310,7464
CHENAB,Qadirabad,11-Sept-21,30243,8243
CHENAB,Trimmu,11-Sept-21,32592,16192
CHENAB,Punjnad,11-Sept-21,11003,NIL
RAVI,Jassar,11-Sept-21,-,11081
RAVI,Shahdara,11-Sept-21,-,26711
RAVI,Balloki,11-Sept-21,48885,23385
RAVI,Sidhnai,11-Sept-21,13607,NIL
SUTLEJ,Bhakra,11-Sept-21,-,-
SUTLEJ,Sulemanki,11-Sept-21,17026,3989
SUTLEJ,Islam,11-Sept-21,1250,NIL
INDUS,Kalabagh,11-Sept-21,169819,162819
INDUS,Chashma,11-Sept-21,172681,153281
INDUS,Taunsa,11-Sept-21,159289,139505
INDUS,Guddu,11-Sept-21,130777,98872
INDUS,Sukkar,11-Sept-21,92105,37825
INDUS,Kotri,11-Sept-21,30550,4705
JHELUM,Kotli,11-Sept-21,-,5670
JHELUM,Mangla,11-Sept-21,30000,30215
JHELUM,Rasul,11-Sept-21,32955,15800
CHENAB,Jammu Tavi,11-Sept-21,-,-
CHENAB,Marala,11-Sept-21,42352,13002
CHENAB,Khanki,11-Sept-21,22152,15306
CHENAB,Qadirabad,11-Sept-21,23477,1477
CHENAB,Trimmu,11-Sept-21,32592,16192
CHENAB,Punjnad,11-Sept-21,12891,NIL
RAVI,Jassar,11-Sept-21,-,8846
RAVI,Shahdara,11-Sept-21,-,23452
RAVI,Balloki,11-Sept-21,49385,23385
RAVI,Sidhnai,11-Sept-21,13607,NIL
SUTLEJ,Bhakra,11-Sept-21,35366,18810
SUTLEJ,Sulemanki,11-Sept-21,17026,3989
SUTLEJ,Islam,11-Sept-21,1250,NIL
INDUS,Kalabagh,11-Sept-21,169577,152577
INDUS,Chashma,11-Sept-21,172462,153062
INDUS,Taunsa,11-Sept-21,159289,139505
INDUS,Guddu,11-Sept-21,130567,98872
INDUS,Sukkar,11-Sept-21,92105,37825
INDUS,Kotri,11-Sept-21,30550,4705
JHELUM,Kotli,11-Sept-21,-,5100
JHELUM,Mangla,11-Sept-21,30000,32215
JHELUM,Rasul,11-Sept-21,32955,15800
CHENAB,Jammu Tavi,11-Sept-21,-,-
CHENAB,Marala,11-Sept-21,45842,17192
CHENAB,Khanki,11-Sept-21,26821,19928
CHENAB,Qadirabad,11-Sept-21,32958,10958
CHENAB,Trimmu,11-Sept-21,32592,16192
CHENAB,Punjnad,11-Sept-21,13266,NIL
RAVI,Jassar,11-Sept-21,-,8347
RAVI,Shahdara,11-Sept-21,-,24104
RAVI,Balloki,11-Sept-21,51690,25690
RAVI,Sidhnai,11-Sept-21,13607,NIL
SUTLEJ,Bhakra,11-Sept-21,-,-
SUTLEJ,Sulemanki,11-Sept-21,17296,4613
SUTLEJ,Islam,11-Sept-21,1250,NIL
INDUS,Kalabagh,11-Sept-21,141455,134030
INDUS,Chashma,11-Sept-21,172400,153000
INDUS,Taunsa,11-Sept-21,159289,139505
INDUS,Guddu,11-Sept-21,130567,98872
INDUS,Sukkar,11-Sept-21,92105,37825
INDUS,Kotri,11-Sept-21,30550,4705
JHELUM,Kotli,11-Sept-21,-,5670
JHELUM,Mangla,11-Sept-21,27000,31415
JHELUM,Rasul,11-Sept-21,32955,15800
CHENAB,Jammu Tavi,11-Sept-21,-,-
CHENAB,Marala,11-Sept-21,45842,17192
CHENAB,Khanki,11-Sept-21,24498,17605
CHENAB,Qadirabad,11-Sept-21,35600,13600
CHENAB,Trimmu,11-Sept-21,32592,16192
CHENAB,Punjnad,11-Sept-21,13266,NIL
RAVI,Jassar,11-Sept-21,-,7849
RAVI,Shahdara,11-Sept-21,-,24104
RAVI,Balloki,11-Sept-21,51690,25690
RAVI,Sidhnai,11-Sept-21,13607,NIL
SUTLEJ,Bhakra,11-Sept-21,-,-
SUTLEJ,Sulemanki,11-Sept-21,17296,4613
SUTLEJ,Islam,11-Sept-21,1250,NIL
INDUS,Kalabagh,12-Sept-21,158168,150668
INDUS,Chashma,12-Sept-21,172291,152891
INDUS,Taunsa,12-Sept-21,159289,139505
INDUS,Guddu,12-Sept-21,131816,100761
INDUS,Sukkar,12-Sept-21,92090,35450
INDUS,Kotri,12-Sept-21,29068,3963
JHELUM,Kotli,12-Sept-21,-,5970
JHELUM,Mangla,12-Sept-21,16000,19655
JHELUM,Rasul,12-Sept-21,32755,15800
CHENAB,Jammu Tavi,12-Sept-21,-,-
CHENAB,Marala,12-Sept-21,62602,33952
CHENAB,Khanki,12-Sept-21,19943,13050
CHENAB,Qadirabad,12-Sept-21,32958,10958
CHENAB,Trimmu,12-Sept-21,34706,18406
CHENAB,Punjnad,12-Sept-21,13266,NIL
RAVI,Jassar,12-Sept-21,-,7849
RAVI,Shahdara,12-Sept-21,-,21191
RAVI,Balloki,12-Sept-21,56340,30340
RAVI,Sidhnai,12-Sept-21,13607,NIL
SUTLEJ,Bhakra,12-Sept-21,-,-
SUTLEJ,Sulemanki,12-Sept-21,17296,4613
SUTLEJ,Islam,12-Sept-21,1250,NIL
INDUS,Kalabagh,12-Sept-21,168410,160910
INDUS,Chashma,12-Sept-21,172560,153160
INDUS,Taunsa,12-Sept-21,159289,139505
INDUS,Guddu,12-Sept-21,130493,100232
INDUS,Sukkar,12-Sept-21,92090,35450
INDUS,Kotri,12-Sept-21,29068,3963
JHELUM,Kotli,12-Sept-21,-,5380
JHELUM,Mangla,12-Sept-21,22000,30415
JHELUM,Rasul,12-Sept-21,28850,11895
CHENAB,Jammu Tavi,12-Sept-21,-,-
CHENAB,Marala,12-Sept-21,58412,29762
CHENAB,Khanki,12-Sept-21,24498,17605
CHENAB,Qadirabad,12-Sept-21,30243,8243
CHENAB,Trimmu,12-Sept-21,35049,18649
CHENAB,Punjnad,12-Sept-21,13702,NIL
RAVI,Jassar,12-Sept-21,-,5350
RAVI,Shahdara,12-Sept-21,-,21191
RAVI,Balloki,12-Sept-21,56340,30340
RAVI,Sidhnai,12-Sept-21,21368,4268
SUTLEJ,Bhakra,12-Sept-21,30959,15200
SUTLEJ,Sulemanki,12-Sept-21,17296,4613
SUTLEJ,Islam,12-Sept-21,1250,NIL
INDUS,Kalabagh,12-Sept-21,168410,160910
INDUS,Chashma,12-Sept-21,170423,153092
INDUS,Taunsa,12-Sept-21,159289,139505
INDUS,Guddu,12-Sept-21,132005,101123
INDUS,Sukkar,12-Sept-21,92090,35450
INDUS,Kotri,12-Sept-21,29068,3963
JHELUM,Kotli,12-Sept-21,-,5100
JHELUM,Mangla,12-Sept-21,28000,24015
JHELUM,Rasul,12-Sept-21,25043,7990
CHENAB,Jammu Tavi,12-Sept-21,-,-
CHENAB,Marala,12-Sept-21,70982,42332
CHENAB,Khanki,12-Sept-21,36793,29900
CHENAB,Qadirabad,12-Sept-21,30243,8243
CHENAB,Trimmu,12-Sept-21,43459,27059
CHENAB,Punjnad,12-Sept-21,14105,NIL
RAVI,Jassar,12-Sept-21,-,8347
RAVI,Shahdara,12-Sept-21,-,20061
RAVI,Balloki,12-Sept-21,56340,30340
RAVI,Sidhnai,12-Sept-21,22010,4910
SUTLEJ,Bhakra,12-Sept-21,30959,15200
SUTLEJ,Sulemanki,12-Sept-21,17296,4613
SUTLEJ,Islam,12-Sept-21,1250,NIL
INDUS,Kalabagh,12-Sept-21,150024,142524
INDUS,Chashma,12-Sept-21,172400,153000
INDUS,Taunsa,12-Sept-21,159289,139505
INDUS,Guddu,12-Sept-21,132005,101123
INDUS,Sukkar,12-Sept-21,92090,35450
INDUS,Kotri,12-Sept-21,29068,3963
JHELUM,Kotli,12-Sept-21,-,4810
JHELUM,Mangla,12-Sept-21,30000,25915
JHELUM,Rasul,12-Sept-21,22394,5341
CHENAB,Jammu Tavi,12-Sept-21,-,-
CHENAB,Marala,12-Sept-21,70982,42332
CHENAB,Khanki,12-Sept-21,35429,28536
CHENAB,Qadirabad,12-Sept-21,44928,22928
CHENAB,Trimmu,12-Sept-21,43459,27059
CHENAB,Punjnad,12-Sept-21,14105,NIL
RAVI,Jassar,12-Sept-21,-,8846
RAVI,Shahdara,12-Sept-21,-,20061
RAVI,Balloki,12-Sept-21,56340,30340
RAVI,Sidhnai,12-Sept-21,23692,6892
SUTLEJ,Bhakra,12-Sept-21,30959,15200
SUTLEJ,Sulemanki,12-Sept-21,17296,4613
SUTLEJ,Islam,12-Sept-21,1250,NIL
INDUS,Kalabagh,13-Sept-21,150415,142915
INDUS,Chashma,13-Sept-21,172423,153023
INDUS,Taunsa,13-Sept-21,159289,139505
INDUS,Guddu,13-Sept-21,135052,104170
INDUS,Sukkar,13-Sept-21,92325,35450
INDUS,Kotri,13-Sept-21,27055,2650
JHELUM,Kotli,13-Sept-21,-,4530
JHELUM,Mangla,13-Sept-21,27000,12855
JHELUM,Rasul,13-Sept-21,25043,7990
CHENAB,Jammu Tavi,13-Sept-21,-,-
CHENAB,Marala,13-Sept-21,66792,38142
CHENAB,Khanki,13-Sept-21,36793,29900
CHENAB,Qadirabad,13-Sept-21,44928,22928
CHENAB,Trimmu,13-Sept-21,44825,28425
CHENAB,Punjnad,13-Sept-21,14105,NIL
RAVI,Jassar,13-Sept-21,-,8846
RAVI,Shahdara,13-Sept-21,-,20061
RAVI,Balloki,13-Sept-21,56340,30340
RAVI,Sidhnai,13-Sept-21,23692,6892
SUTLEJ,Bhakra,13-Sept-21,30959,15200
SUTLEJ,Sulemanki,13-Sept-21,17393,4613
SUTLEJ,Islam,13-Sept-21,1250,NIL
INDUS,Kalabagh,13-Sept-21,176474,168974
INDUS,Chashma,13-Sept-21,172384,152984
INDUS,Taunsa,13-Sept-21,146974,127373
INDUS,Guddu,13-Sept-21,135342,104170
INDUS,Sukkar,13-Sept-21,92325,35450
INDUS,Kotri,13-Sept-21,27055,2650
JHELUM,Kotli,13-Sept-21,-,4240
JHELUM,Mangla,13-Sept-21,32000,33915
JHELUM,Rasul,13-Sept-21,25043,7990
CHENAB,Jammu Tavi,13-Sept-21,-,-
CHENAB,Marala,13-Sept-21,50032,21382
CHENAB,Khanki,13-Sept-21,47743,40850
CHENAB,Qadirabad,13-Sept-21,51483,29483
CHENAB,Trimmu,13-Sept-21,44825,28425
CHENAB,Punjnad,13-Sept-21,15344,-
RAVI,Jassar,13-Sept-21,-,14636
RAVI,Shahdara,13-Sept-21,-,20626
RAVI,Balloki,13-Sept-21,53380,26880
RAVI,Sidhnai,13-Sept-21,24675,7875
SUTLEJ,Bhakra,13-Sept-21,29402,13959
SUTLEJ,Sulemanki,13-Sept-21,17393,4613
SUTLEJ,Islam,13-Sept-21,1250,-
INDUS,Kalabagh,13-Sept-21,176474,168974
INDUS,Chashma,13-Sept-21,172360,152960
INDUS,Taunsa,13-Sept-21,146974,127373
INDUS,Guddu,13-Sept-21,135342,104170
INDUS,Sukkar,13-Sept-21,92325,35450
INDUS,Kotri,13-Sept-21,27055,2650
JHELUM,Kotli,13-Sept-21,-,3950
JHELUM,Mangla,13-Sept-21,27000,26175
JHELUM,Rasul,13-Sept-21,17355,-
CHENAB,Jammu Tavi,13-Sept-21,-,-
CHENAB,Marala,13-Sept-21,50032,21382
CHENAB,Khanki,13-Sept-21,45892,38952
CHENAB,Qadirabad,13-Sept-21,55310,33310
CHENAB,Trimmu,13-Sept-21,41996,25596
CHENAB,Punjnad,13-Sept-21,15344,-
RAVI,Jassar,13-Sept-21,-,13397
RAVI,Shahdara,13-Sept-21,-,20626
RAVI,Balloki,13-Sept-21,52725,25725
RAVI,Sidhnai,13-Sept-21,25396,8196
SUTLEJ,Bhakra,13-Sept-21,-,-
SUTLEJ,Sulemanki,13-Sept-21,17603,4823
SUTLEJ,Islam,13-Sept-21,1250,-
INDUS,Kalabagh,13-Sept-21,176474,168974
INDUS,Chashma,13-Sept-21,172528,153128
INDUS,Taunsa,13-Sept-21,146974,127373
INDUS,Guddu,13-Sept-21,135342,104170
INDUS,Sukkar,13-Sept-21,92325,35450
INDUS,Kotri,13-Sept-21,27055,2650
JHELUM,Kotli,13-Sept-21,-,3670
JHELUM,Mangla,13-Sept-21,24000,21915
JHELUM,Rasul,13-Sept-21,13855,-
CHENAB,Jammu Tavi,13-Sept-21,-,-
CHENAB,Marala,13-Sept-21,44082,21382
CHENAB,Khanki,13-Sept-21,42514,35504
CHENAB,Qadirabad,13-Sept-21,55310,33310
CHENAB,Trimmu,13-Sept-21,41996,25596
CHENAB,Punjnad,13-Sept-21,15540,-
RAVI,Jassar,13-Sept-21,-,10336
RAVI,Shahdara,13-Sept-21,-,20626
RAVI,Balloki,13-Sept-21,52725,25725
RAVI,Sidhnai,13-Sept-21,26038,8838
SUTLEJ,Bhakra,13-Sept-21,-,-
SUTLEJ,Sulemanki,13-Sept-21,17603,4823
SUTLEJ,Islam,13-Sept-21,1250,-
INDUS,Kalabagh,14-Sept-21,167475,159975
INDUS,Chashma,14-Sept-21,172225,152825
INDUS,Taunsa,14-Sept-21,146974,127373
INDUS,Guddu,14-Sept-21,132066,100894
INDUS,Sukkar,14-Sept-21,93050,35450
INDUS,Kotri,14-Sept-21,20404,399
JHELUM,Kotli,14-Sept-21,-,3380
JHELUM,Mangla,14-Sept-21,20000,22055
JHELUM,Rasul,14-Sept-21,23345,7990
CHENAB,Jammu Tavi,14-Sept-21,-,-
CHENAB,Marala,14-Sept-21,39892,17192
CHENAB,Khanki,14-Sept-21,35546,28536
CHENAB,Qadirabad,14-Sept-21,51483,29483
CHENAB,Trimmu,14-Sept-21,37922,21522
CHENAB,Punjnad,14-Sept-21,15540,-
RAVI,Jassar,14-Sept-21,-,10336
RAVI,Shahdara,14-Sept-21,-,22322
RAVI,Balloki,14-Sept-21,51575,24575
RAVI,Sidhnai,14-Sept-21,26038,8838
SUTLEJ,Bhakra,14-Sept-21,-,-
SUTLEJ,Sulemanki,14-Sept-21,19510,6680
SUTLEJ,Islam,14-Sept-21,1250,-
INDUS,Kalabagh,14-Sept-21,175519,168019
INDUS,Chashma,14-Sept-21,172424,153024
INDUS,Taunsa,14-Sept-21,146974,127373
INDUS,Guddu,14-Sept-21,129547,98365
INDUS,Sukkar,14-Sept-21,93050,35450
INDUS,Kotri,14-Sept-21,20224,399
JHELUM,Kotli,14-Sept-21,-,3100
JHELUM,Mangla,14-Sept-21,24000,24215
JHELUM,Rasul,14-Sept-21,15455,-
CHENAB,Jammu Tavi,14-Sept-21,-,-
CHENAB,Marala,14-Sept-21,39892,17192
CHENAB,Khanki,14-Sept-21,26985,19928
CHENAB,Qadirabad,14-Sept-21,38950,18950
CHENAB,Trimmu,14-Sept-21,37922,21522
CHENAB,Punjnad,14-Sept-21,15540,-
RAVI,Jassar,14-Sept-21,-,8347
RAVI,Shahdara,14-Sept-21,-,22322
RAVI,Balloki,14-Sept-21,51575,24575
RAVI,Sidhnai,14-Sept-21,26970,9770
SUTLEJ,Bhakra,14-Sept-21,NR,NR
SUTLEJ,Sulemanki,14-Sept-21,19510,6680
SUTLEJ,Islam,14-Sept-21,1250,-
INDUS,Kalabagh,14-Sept-21,157213,149713
INDUS,Chashma,14-Sept-21,172396,152996
INDUS,Taunsa,14-Sept-21,146974,127373
INDUS,Guddu,14-Sept-21,127544,96664
INDUS,Sukkar,14-Sept-21,93050,35450
INDUS,Kotri,14-Sept-21,20224,399
JHELUM,Kotli,14-Sept-21,-,2810
JHELUM,Mangla,14-Sept-21,22000,23315
JHELUM,Rasul,14-Sept-21,16358,NIL
CHENAB,Jammu Tavi,14-Sept-21,-,-
CHENAB,Marala,14-Sept-21,36977,12727
CHENAB,Khanki,14-Sept-21,29251,22194
CHENAB,Qadirabad,14-Sept-21,32950,18950
CHENAB,Trimmu,14-Sept-21,34806,18406
CHENAB,Punjnad,14-Sept-21,15540,NIL
RAVI,Jassar,14-Sept-21,-,7350
RAVI,Shahdara,14-Sept-21,-,22322
RAVI,Balloki,14-Sept-21,51430,24230
RAVI,Sidhnai,14-Sept-21,26970,9770
SUTLEJ,Bhakra,14-Sept-21,-,-
SUTLEJ,Sulemanki,14-Sept-21,20042,7212
SUTLEJ,Islam,14-Sept-21,1250,NIL
INDUS,Kalabagh,14-Sept-21,149069,141569
INDUS,Chashma,14-Sept-21,172407,153007
INDUS,Taunsa,14-Sept-21,146974,127373
INDUS,Guddu,14-Sept-21,127544,96664
INDUS,Sukkar,14-Sept-21,93050,35450
INDUS,Kotri,14-Sept-21,20224,399
JHELUM,Kotli,14-Sept-21,-,2520
JHELUM,Mangla,14-Sept-21,21000,29915
JHELUM,Rasul,14-Sept-21,17608,NIL
CHENAB,Jammu Tavi,14-Sept-21,-,-
CHENAB,Marala,14-Sept-21,36977,12727
CHENAB,Khanki,14-Sept-21,24662,17605
CHENAB,Qadirabad,14-Sept-21,32942,21642
CHENAB,Trimmu,14-Sept-21,34804,18406
CHENAB,Punjnad,14-Sept-21,15540,NIL
RAVI,Jassar,14-Sept-21,-,7350
RAVI,Shahdara,14-Sept-21,-,22322
RAVI,Balloki,14-Sept-21,50385,23185
RAVI,Sidhnai,14-Sept-21,29143,11943
SUTLEJ,Bhakra,14-Sept-21,-,-
SUTLEJ,Sulemanki,14-Sept-21,20042,7212
SUTLEJ,Islam,14-Sept-21,1250,NIL
INDUS,Kalabagh,15-Sept-21,167475,159975
INDUS,Chashma,15-Sept-21,172225,152825
INDUS,Taunsa,15-Sept-21,146974,127373
INDUS,Guddu,15-Sept-21,132066,100894
INDUS,Sukkar,15-Sept-21,93050,35450
INDUS,Kotri,15-Sept-21,20404,399
JHELUM,Kotli,15-Sept-21,-,3380
JHELUM,Mangla,15-Sept-21,20000,22055
JHELUM,Rasul,15-Sept-21,23345,7990
CHENAB,Jammu Tavi,15-Sept-21,-,-
CHENAB,Marala,15-Sept-21,39892,17192
CHENAB,Khanki,15-Sept-21,35546,28536
CHENAB,Qadirabad,15-Sept-21,51483,29483
CHENAB,Trimmu,15-Sept-21,37922,21522
CHENAB,Punjnad,15-Sept-21,15540,NIL
RAVI,Jassar,15-Sept-21,-,10336
RAVI,Shahdara,15-Sept-21,-,22322
RAVI,Balloki,15-Sept-21,51575,24575
RAVI,Sidhnai,15-Sept-21,26038,8838
SUTLEJ,Bhakra,15-Sept-21,-,-
SUTLEJ,Sulemanki,15-Sept-21,19510,6680
SUTLEJ,Islam,15-Sept-21,1250,NIL
INDUS,Kalabagh,15-Sept-21,156259,148759
INDUS,Chashma,15-Sept-21,172406,153006
INDUS,Taunsa,15-Sept-21,147242,127336
INDUS,Guddu,15-Sept-21,120850,91638
INDUS,Sukkar,15-Sept-21,91800,35450
INDUS,Kotri,15-Sept-21,20390,395
JHELUM,Kotli,15-Sept-21,-,2520
JHELUM,Mangla,15-Sept-21,20000,27915
JHELUM,Rasul,15-Sept-21,30445,11895
CHENAB,Jammu Tavi,15-Sept-21,-,-
CHENAB,Marala,15-Sept-21,33062,8812
CHENAB,Khanki,15-Sept-21,14521,7464
CHENAB,Qadirabad,15-Sept-21,31642,21642
CHENAB,Trimmu,15-Sept-21,39360,22960
CHENAB,Punjnad,15-Sept-21,17989,2059
RAVI,Jassar,15-Sept-21,-,6852
RAVI,Shahdara,15-Sept-21,-,17800
RAVI,Balloki,15-Sept-21,50385,23185
RAVI,Sidhnai,15-Sept-21,29293,11943
SUTLEJ,Bhakra,15-Sept-21,NR,NR
SUTLEJ,Sulemanki,15-Sept-21,20198,7212
SUTLEJ,Islam,15-Sept-21,2250,1000
INDUS,Kalabagh,15-Sept-21,141432,133932
INDUS,Chashma,15-Sept-21,159004,139604
INDUS,Taunsa,15-Sept-21,147242,127336
INDUS,Guddu,15-Sept-21,109339,79104
INDUS,Sukkar,15-Sept-21,91800,35450
INDUS,Kotri,15-Sept-21,20390,395
JHELUM,Kotli,15-Sept-21,-,2240
JHELUM,Mangla,15-Sept-21,19000,27915
JHELUM,Rasul,15-Sept-21,19425,NIL
CHENAB,Jammu Tavi,15-Sept-21,-,-
CHENAB,Marala,15-Sept-21,33062,7962
CHENAB,Khanki,15-Sept-21,14521,7464
CHENAB,Qadirabad,15-Sept-21,31642,21642
CHENAB,Trimmu,15-Sept-21,39360,22960
CHENAB,Punjnad,15-Sept-21,18189,2059
RAVI,Jassar,15-Sept-21,-,6353
RAVI,Shahdara,15-Sept-21,-,17800
RAVI,Balloki,15-Sept-21,45520,18120
RAVI,Sidhnai,15-Sept-21,29293,11943
SUTLEJ,Bhakra,15-Sept-21,-,-
SUTLEJ,Sulemanki,15-Sept-21,20198,7212
SUTLEJ,Islam,15-Sept-21,2970,1720
INDUS,Kalabagh,15-Sept-21,137712,130212
INDUS,Chashma,15-Sept-21,161250,139781
INDUS,Taunsa,15-Sept-21,147242,127336
INDUS,Guddu,15-Sept-21,109339,79104
INDUS,Sukkar,15-Sept-21,91800,35450
INDUS,Kotri,15-Sept-21,20390,395
JHELUM,Kotli,15-Sept-21,-,1950
JHELUM,Mangla,15-Sept-21,19000,24915
JHELUM,Rasul,15-Sept-21,20450,NIL
CHENAB,Jammu Tavi,15-Sept-21,-,-
CHENAB,Marala,15-Sept-21,33062,7962
CHENAB,Khanki,15-Sept-21,12655,5598
CHENAB,Qadirabad,15-Sept-21,26300,16300
CHENAB,Trimmu,15-Sept-21,39360,22960
CHENAB,Punjnad,15-Sept-21,18189,2059
RAVI,Jassar,15-Sept-21,-,6353
RAVI,Shahdara,15-Sept-21,-,17800
RAVI,Balloki,15-Sept-21,43310,15910
RAVI,Sidhnai,15-Sept-21,30807,13453
SUTLEJ,Bhakra,15-Sept-21,-,-
SUTLEJ,Sulemanki,15-Sept-21,20198,7212
SUTLEJ,Islam,15-Sept-21,3872,2622
INDUS,Kalabagh,16-Sept-21,147160,139660
INDUS,Chashma,16-Sept-21,158887,139487
INDUS,Taunsa,16-Sept-21,147242,127336
INDUS,Guddu,16-Sept-21,109339,79104
INDUS,Sukkar,16-Sept-21,88013,32013
INDUS,Kotri,16-Sept-21,22030,395
JHELUM,Kotli,16-Sept-21,-,1670
JHELUM,Mangla,16-Sept-21,18000,15055
JHELUM,Rasul,16-Sept-21,20450,NIL
CHENAB,Jammu Tavi,16-Sept-21,-,-
CHENAB,Marala,16-Sept-21,33062,7962
CHENAB,Khanki,16-Sept-21,10765,3732
CHENAB,Qadirabad,16-Sept-21,25400,13600
CHENAB,Trimmu,16-Sept-21,41376,24976
CHENAB,Punjnad,16-Sept-21,18189,2059
RAVI,Jassar,16-Sept-21,-,6353
RAVI,Shahdara,16-Sept-21,-,17800
RAVI,Balloki,16-Sept-21,38560,11160
RAVI,Sidhnai,16-Sept-21,30803,13453
SUTLEJ,Bhakra,16-Sept-21,-,-
SUTLEJ,Sulemanki,16-Sept-21,20198,7212
SUTLEJ,Islam,16-Sept-21,3872,2622
INDUS,Kalabagh,16-Sept-21,165546,158046
INDUS,Chashma,16-Sept-21,162404,143004
INDUS,Taunsa,16-Sept-21,146702,126274
INDUS,Guddu,16-Sept-21,109339,79104
INDUS,Sukkar,16-Sept-21,88013,32013
INDUS,Kotri,16-Sept-21,22030,395
JHELUM,Kotli,16-Sept-21,-,2240
JHELUM,Mangla,16-Sept-21,18000,22515
JHELUM,Rasul,16-Sept-21,20750,-
CHENAB,Jammu Tavi,16-Sept-21,-,-
CHENAB,Marala,16-Sept-21,30100,5000
CHENAB,Khanki,16-Sept-21,14662,7464
CHENAB,Qadirabad,16-Sept-21,26670,13600
CHENAB,Trimmu,16-Sept-21,44008,27608
CHENAB,Punjnad,16-Sept-21,22710,6580
RAVI,Jassar,16-Sept-21,-,5676
RAVI,Shahdara,16-Sept-21,-,18930
RAVI,Balloki,16-Sept-21,38560,11160
RAVI,Sidhnai,16-Sept-21,30803,13453
SUTLEJ,Bhakra,16-Sept-21,NR,NR
SUTLEJ,Sulemanki,16-Sept-21,20198,7212
SUTLEJ,Islam,16-Sept-21,3872,2622
INDUS,Kalabagh,16-Sept-21,154349,146849
INDUS,Chashma,16-Sept-21,162374,142974
INDUS,Taunsa,16-Sept-21,146702,126274
INDUS,Guddu,16-Sept-21,109339,79104
INDUS,Sukkar,16-Sept-21,88013,32013
INDUS,Kotri,16-Sept-21,23661,806
JHELUM,Kotli,16-Sept-21,-,1950
JHELUM,Mangla,16-Sept-21,19000,22315
JHELUM,Rasul,16-Sept-21,19750,NIL
CHENAB,Jammu Tavi,16-Sept-21,-,-
CHENAB,Marala,16-Sept-21,30100,5000
CHENAB,Khanki,16-Sept-21,14662,7464
CHENAB,Qadirabad,16-Sept-21,25283,10929
CHENAB,Trimmu,16-Sept-21,45962,29562
CHENAB,Punjnad,16-Sept-21,22710,6580
RAVI,Jassar,16-Sept-21,-,5676
RAVI,Shahdara,16-Sept-21,-,18930
RAVI,Balloki,16-Sept-21,36965,9415
RAVI,Sidhnai,16-Sept-21,30446,13196
SUTLEJ,Bhakra,16-Sept-21,-,-
SUTLEJ,Sulemanki,16-Sept-21,17459,4322
SUTLEJ,Islam,16-Sept-21,3872,2622
INDUS,Kalabagh,16-Sept-21,115965,108465
INDUS,Chashma,16-Sept-21,162397,142997
INDUS,Taunsa,16-Sept-21,146702,126274
INDUS,Guddu,16-Sept-21,109339,79104
INDUS,Sukkar,16-Sept-21,88013,32013
INDUS,Kotri,16-Sept-21,23661,806
JHELUM,Kotli,16-Sept-21,-,1670
JHELUM,Mangla,16-Sept-21,20000,32315
JHELUM,Rasul,16-Sept-21,18750,NIL
CHENAB,Jammu Tavi,16-Sept-21,-,-
CHENAB,Marala,16-Sept-21,29490,5000
CHENAB,Khanki,16-Sept-21,9064,1866
CHENAB,Qadirabad,16-Sept-21,23903,8243
CHENAB,Trimmu,16-Sept-21,45962,29562
CHENAB,Punjnad,16-Sept-21,24577,8447
RAVI,Jassar,16-Sept-21,-,5676
RAVI,Shahdara,16-Sept-21,-,18930
RAVI,Balloki,16-Sept-21,34085,6535
RAVI,Sidhnai,16-Sept-21,32430,15180
SUTLEJ,Bhakra,16-Sept-21,-,-
SUTLEJ,Sulemanki,16-Sept-21,17459,4322
SUTLEJ,Islam,16-Sept-21,3872,2622
INDUS,Kalabagh,17-Sept-21,122648,115148
INDUS,Chashma,17-Sept-21,162435,143035
INDUS,Taunsa,17-Sept-21,146702,126274
INDUS,Guddu,17-Sept-21,107691,76959
INDUS,Sukkar,17-Sept-21,73737,20017
INDUS,Kotri,17-Sept-21,28707,3202
JHELUM,Kotli,17-Sept-21,-,1400
JHELUM,Mangla,17-Sept-21,20000,24115
JHELUM,Rasul,17-Sept-21,18750,NIL
CHENAB,Jammu Tavi,17-Sept-21,-,-
CHENAB,Marala,17-Sept-21,29490,5000
CHENAB,Khanki,17-Sept-21,7198,Nil
CHENAB,Qadirabad,17-Sept-21,17010,Nil
CHENAB,Trimmu,17-Sept-21,45962,29562
CHENAB,Punjnad,17-Sept-21,24577,8447
RAVI,Jassar,17-Sept-21,-,5676
RAVI,Shahdara,17-Sept-21,-,19496
RAVI,Balloki,17-Sept-21,34085,6535
RAVI,Sidhnai,17-Sept-21,32430,15180
SUTLEJ,Bhakra,17-Sept-21,-,-
SUTLEJ,Sulemanki,17-Sept-21,17459,4322
SUTLEJ,Islam,17-Sept-21,3872,2622
INDUS,Kalabagh,17-Sept-21,133292,125792
INDUS,Chashma,17-Sept-21,160790,143054
INDUS,Taunsa,17-Sept-21,146702,125768
INDUS,Guddu,17-Sept-21,114127,83395
INDUS,Sukkar,17-Sept-21,73737,20017
INDUS,Kotri,17-Sept-21,28707,3202
JHELUM,Kotli,17-Sept-21,-,1670
JHELUM,Mangla,17-Sept-21,21000,21315
JHELUM,Rasul,17-Sept-21,19325,-
CHENAB,Jammu Tavi,17-Sept-21,-,-
CHENAB,Marala,17-Sept-21,30100,5000
CHENAB,Khanki,17-Sept-21,9064,1866
CHENAB,Qadirabad,17-Sept-21,17685,-
CHENAB,Trimmu,17-Sept-21,42857,26457
CHENAB,Punjnad,17-Sept-21,26574,10444
RAVI,Jassar,17-Sept-21,-,5507
RAVI,Shahdara,17-Sept-21,-,19496
RAVI,Balloki,17-Sept-21,34085,6535
RAVI,Sidhnai,17-Sept-21,32430,15180
SUTLEJ,Bhakra,17-Sept-21,NR,NR
SUTLEJ,Sulemanki,17-Sept-21,17459,4322
SUTLEJ,Islam,17-Sept-21,4731,3481
INDUS,Kalabagh,17-Sept-21,122648,115148
INDUS,Chashma,17-Sept-21,160455,142958
INDUS,Taunsa,17-Sept-21,146702,125768
INDUS,Guddu,17-Sept-21,112549,80311
INDUS,Sukkar,17-Sept-21,73737,20017
INDUS,Kotri,17-Sept-21,28707,28707
JHELUM,Kotli,17-Sept-21,-,1950
JHELUM,Mangla,17-Sept-21,19000,33915
JHELUM,Rasul,17-Sept-21,20000,NiL
CHENAB,Jammu Tavi,17-Sept-21,-,-
CHENAB,Marala,17-Sept-21,30100,5000
CHENAB,Khanki,17-Sept-21,8153,955
CHENAB,Qadirabad,17-Sept-21,17685,NiL
CHENAB,Trimmu,17-Sept-21,42857,26457
CHENAB,Punjnad,17-Sept-21,26574,10444
RAVI,Jassar,17-Sept-21,-,5507
RAVI,Shahdara,17-Sept-21,-,19496
RAVI,Balloki,17-Sept-21,34085,6535
RAVI,Sidhnai,17-Sept-21,32447,15197
SUTLEJ,Bhakra,17-Sept-21,-,-
SUTLEJ,Sulemanki,17-Sept-21,15866,2660
SUTLEJ,Islam,17-Sept-21,4731,3481
INDUS,Kalabagh,17-Sept-21,123073,115148
INDUS,Chashma,17-Sept-21,163963,142978
INDUS,Taunsa,17-Sept-21,146702,125768
INDUS,Guddu,17-Sept-21,112549,80311
INDUS,Sukkar,17-Sept-21,73737,20017
INDUS,Kotri,17-Sept-21,28707,3202
JHELUM,Kotli,17-Sept-21,-,1670
JHELUM,Mangla,17-Sept-21,19000,33915
JHELUM,Rasul,17-Sept-21,20000,NiL
CHENAB,Jammu Tavi,17-Sept-21,-,-
CHENAB,Marala,17-Sept-21,30100,5000
CHENAB,Khanki,17-Sept-21,9064,1866
CHENAB,Qadirabad,17-Sept-21,18135,NiL
CHENAB,Trimmu,17-Sept-21,42857,26457
CHENAB,Punjnad,17-Sept-21,26574,10444
RAVI,Jassar,17-Sept-21,-,5507
RAVI,Shahdara,17-Sept-21,-,19496
RAVI,Balloki,17-Sept-21,34135,6535
RAVI,Sidhnai,17-Sept-21,32447,15197
SUTLEJ,Bhakra,17-Sept-21,-,-
SUTLEJ,Sulemanki,17-Sept-21,15866,2660
SUTLEJ,Islam,17-Sept-21,4731,3481
INDUS,Kalabagh,18-Sept-21,126996,118996
INDUS,Chashma,18-Sept-21,166230,142831
INDUS,Taunsa,18-Sept-21,146702,125768
INDUS,Guddu,18-Sept-21,118026,85788
INDUS,Sukkar,18-Sept-21,70540,19330
INDUS,Kotri,18-Sept-21,26901,2396
JHELUM,Kotli,18-Sept-21,-,1400
JHELUM,Mangla,18-Sept-21,17000,33915
JHELUM,Rasul,18-Sept-21,25591,5341
CHENAB,Jammu Tavi,18-Sept-21,-,-
CHENAB,Marala,18-Sept-21,30100,5000
CHENAB,Khanki,18-Sept-21,9064,1866
CHENAB,Qadirabad,18-Sept-21,19035,NiL
CHENAB,Trimmu,18-Sept-21,42857,26457
CHENAB,Punjnad,18-Sept-21,26574,10444
RAVI,Jassar,18-Sept-21,-,5507
RAVI,Shahdara,18-Sept-21,-,19496
RAVI,Balloki,18-Sept-21,35375,7725
RAVI,Sidhnai,18-Sept-21,32447,15197
SUTLEJ,Bhakra,18-Sept-21,-,-
SUTLEJ,Sulemanki,18-Sept-21,15915,2660
SUTLEJ,Islam,18-Sept-21,5221,3971
INDUS,Kalabagh,18-Sept-21,120676,112676
INDUS,Chashma,18-Sept-21,165168,143183
INDUS,Taunsa,18-Sept-21,137031,115898
INDUS,Guddu,18-Sept-21,121111,88873
INDUS,Sukkar,18-Sept-21,70540,19330
INDUS,Kotri,18-Sept-21,26901,2396
JHELUM,Kotli,18-Sept-21,-,1670
JHELUM,Mangla,18-Sept-21,18000,29915
JHELUM,Rasul,18-Sept-21,32895,11895
CHENAB,Jammu Tavi,18-Sept-21,-,-
CHENAB,Marala,18-Sept-21,38102,13002
CHENAB,Khanki,18-Sept-21,9064,1866
CHENAB,Qadirabad,18-Sept-21,19935,NiL
CHENAB,Trimmu,18-Sept-21,40970,24570
CHENAB,Punjnad,18-Sept-21,27592,11462
RAVI,Jassar,18-Sept-21,-,5676
RAVI,Shahdara,18-Sept-21,-,19496
RAVI,Balloki,18-Sept-21,34590,5940
RAVI,Sidhnai,18-Sept-21,32447,15197
SUTLEJ,Bhakra,18-Sept-21,30488,15692
SUTLEJ,Sulemanki,18-Sept-21,15915,2660
SUTLEJ,Islam,18-Sept-21,5221,3971
INDUS,Kalabagh,18-Sept-21,129831,121831
INDUS,Chashma,18-Sept-21,165115,142953
INDUS,Taunsa,18-Sept-21,137031,115898
INDUS,Guddu,18-Sept-21,125568,93330
INDUS,Sukkar,18-Sept-21,70540,19330
INDUS,Kotri,18-Sept-21,26901,2396
JHELUM,Kotli,18-Sept-21,-,2240
JHELUM,Mangla,18-Sept-21,18000,31615
JHELUM,Rasul,18-Sept-21,26341,5341
CHENAB,Jammu Tavi,18-Sept-21,-,-
CHENAB,Marala,18-Sept-21,30100,5000
CHENAB,Khanki,18-Sept-21,7234,Nil
CHENAB,Qadirabad,18-Sept-21,21060,NiL
CHENAB,Trimmu,18-Sept-21,40970,24570
CHENAB,Punjnad,18-Sept-21,27592,11462
RAVI,Jassar,18-Sept-21,-,5676
RAVI,Shahdara,18-Sept-21,-,19496
RAVI,Balloki,18-Sept-21,35555,5940
RAVI,Sidhnai,18-Sept-21,26274,9024
SUTLEJ,Bhakra,18-Sept-21,-,-
SUTLEJ,Sulemanki,18-Sept-21,15672,2367
SUTLEJ,Islam,18-Sept-21,5221,3971
INDUS,Kalabagh,18-Sept-21,135153,127153
INDUS,Chashma,18-Sept-21,165227,143065
INDUS,Taunsa,18-Sept-21,137031,115898
INDUS,Guddu,18-Sept-21,125568,93330
INDUS,Sukkar,18-Sept-21,70540,19330
INDUS,Kotri,18-Sept-21,26901,2396
JHELUM,Kotli,18-Sept-21,-,2520
JHELUM,Mangla,18-Sept-21,18000,28115
JHELUM,Rasul,18-Sept-21,28990,7990
CHENAB,Jammu Tavi,18-Sept-21,-,-
CHENAB,Marala,18-Sept-21,30100,5000
CHENAB,Khanki,18-Sept-21,9100,1866
CHENAB,Qadirabad,18-Sept-21,21060,NiL
CHENAB,Trimmu,18-Sept-21,38875,22475
CHENAB,Punjnad,18-Sept-21,27592,11462
RAVI,Jassar,18-Sept-21,-,5676
RAVI,Shahdara,18-Sept-21,-,19496
RAVI,Balloki,18-Sept-21,35555,5940
RAVI,Sidhnai,18-Sept-21,26274,9024
SUTLEJ,Bhakra,18-Sept-21,-,-
SUTLEJ,Sulemanki,18-Sept-21,15672,2367
SUTLEJ,Islam,18-Sept-21,4099,2849
INDUS,Kalabagh,19-Sept-21,135153,127153
INDUS,Chashma,19-Sept-21,166312,142912
INDUS,Taunsa,19-Sept-21,137031,115898
INDUS,Guddu,19-Sept-21,130345,96915
INDUS,Sukkar,19-Sept-21,70540,19330
INDUS,Kotri,19-Sept-21,26900,1985
JHELUM,Kotli,19-Sept-21,-,2240
JHELUM,Mangla,19-Sept-21,18000,25915
JHELUM,Rasul,19-Sept-21,28990,7990
CHENAB,Jammu Tavi,19-Sept-21,-,-
CHENAB,Marala,19-Sept-21,30100,5000
CHENAB,Khanki,19-Sept-21,8189,955
CHENAB,Qadirabad,19-Sept-21,21060,NiL
CHENAB,Trimmu,19-Sept-21,37260,20860
CHENAB,Punjnad,19-Sept-21,27592,11462
RAVI,Jassar,19-Sept-21,-,5676
RAVI,Shahdara,19-Sept-21,-,19496
RAVI,Balloki,19-Sept-21,36150,6535
RAVI,Sidhnai,19-Sept-21,20555,3305
SUTLEJ,Bhakra,19-Sept-21,-,-
SUTLEJ,Sulemanki,19-Sept-21,15714,2367
SUTLEJ,Islam,19-Sept-21,4099,2849
INDUS,Kalabagh,19-Sept-21,160071,152071
INDUS,Chashma,19-Sept-21,166389,142989
INDUS,Taunsa,19-Sept-21,137230,115643
INDUS,Guddu,19-Sept-21,121111,88873
INDUS,Sukkar,19-Sept-21,70540,19330
INDUS,Kotri,19-Sept-21,26900,1985
JHELUM,Kotli,19-Sept-21,-,1950
JHELUM,Mangla,19-Sept-21,18000,29915
JHELUM,Rasul,19-Sept-21,21000,NiL
CHENAB,Jammu Tavi,19-Sept-21,-,-
CHENAB,Marala,19-Sept-21,33912,8812
CHENAB,Khanki,19-Sept-21,9148,1866
CHENAB,Qadirabad,19-Sept-21,21060,NiL
CHENAB,Trimmu,19-Sept-21,37260,20860
CHENAB,Punjnad,19-Sept-21,30634,14504
RAVI,Jassar,19-Sept-21,-,5373
RAVI,Shahdara,19-Sept-21,-,24104
RAVI,Balloki,19-Sept-21,36150,6535
RAVI,Sidhnai,19-Sept-21,20228,2978
SUTLEJ,Bhakra,19-Sept-21,26122,15959
SUTLEJ,Sulemanki,19-Sept-21,15714,2367
SUTLEJ,Islam,19-Sept-21,2970,1720
INDUS,Kalabagh,19-Sept-21,167260,159260
INDUS,Chashma,19-Sept-21,166357,142957
INDUS,Taunsa,19-Sept-21,137230,115643
INDUS,Guddu,19-Sept-21,123644,90408
INDUS,Sukkar,19-Sept-21,70540,19330
INDUS,Kotri,19-Sept-21,26900,1985
JHELUM,Kotli,19-Sept-21,-,1670
JHELUM,Mangla,19-Sept-21,18000,30415
JHELUM,Rasul,19-Sept-21,26291,5341
CHENAB,Jammu Tavi,19-Sept-21,-,-
CHENAB,Marala,19-Sept-21,33912,8812
CHENAB,Khanki,19-Sept-21,7282,Nil
CHENAB,Qadirabad,19-Sept-21,21060,NiL
CHENAB,Trimmu,19-Sept-21,32512,16112
CHENAB,Punjnad,19-Sept-21,30634,14504
RAVI,Jassar,19-Sept-21,-,5337
RAVI,Shahdara,19-Sept-21,-,24104
RAVI,Balloki,19-Sept-21,38140,8525
RAVI,Sidhnai,19-Sept-21,20630,3305
SUTLEJ,Bhakra,19-Sept-21,,
SUTLEJ,Sulemanki,19-Sept-21,15826,2358
SUTLEJ,Islam,19-Sept-21,2970,1720
INDUS,Kalabagh,19-Sept-21,177502,169502
INDUS,Chashma,19-Sept-21,167625,143105
INDUS,Taunsa,19-Sept-21,137230,115643
INDUS,Guddu,19-Sept-21,123644,90408
INDUS,Sukkar,19-Sept-21,70540,19330
INDUS,Kotri,19-Sept-21,26900,1985
JHELUM,Kotli,19-Sept-21,-,2240
JHELUM,Mangla,19-Sept-21,18000,28515
JHELUM,Rasul,19-Sept-21,26191,5341
CHENAB,Jammu Tavi,19-Sept-21,-,-
CHENAB,Marala,19-Sept-21,33912,8812
CHENAB,Khanki,19-Sept-21,11014,3732
CHENAB,Qadirabad,19-Sept-21,20000,NiL
CHENAB,Trimmu,19-Sept-21,32512,16112
CHENAB,Punjnad,19-Sept-21,30634,14504
RAVI,Jassar,19-Sept-21,-,5337
RAVI,Shahdara,19-Sept-21,-,24104
RAVI,Balloki,19-Sept-21,38140,8525
RAVI,Sidhnai,19-Sept-21,20730,3305
SUTLEJ,Bhakra,19-Sept-21,,
SUTLEJ,Sulemanki,19-Sept-21,15826,2358
SUTLEJ,Islam,19-Sept-21,2970,1720
INDUS,Kalabagh,20-Sept-21,177502,169502
INDUS,Chashma,20-Sept-21,166207,142807
INDUS,Taunsa,20-Sept-21,137230,115643
INDUS,Guddu,20-Sept-21,122978,90408
INDUS,Sukkar,20-Sept-21,75525,21150
INDUS,Kotri,20-Sept-21,26705,1590
JHELUM,Kotli,20-Sept-21,-,2520
JHELUM,Mangla,20-Sept-21,18000,26855
JHELUM,Rasul,20-Sept-21,26191,5341
CHENAB,Jammu Tavi,20-Sept-21,-,-
CHENAB,Marala,20-Sept-21,33912,8812
CHENAB,Khanki,20-Sept-21,8237,955
CHENAB,Qadirabad,20-Sept-21,20000,NiL
CHENAB,Trimmu,20-Sept-21,31564,15164
CHENAB,Punjnad,20-Sept-21,30634,14504
RAVI,Jassar,20-Sept-21,-,5337
RAVI,Shahdara,20-Sept-21,-,22322
RAVI,Balloki,20-Sept-21,38140,8525
RAVI,Sidhnai,20-Sept-21,21064,3639
SUTLEJ,Bhakra,20-Sept-21,,
SUTLEJ,Sulemanki,20-Sept-21,15764,2346
SUTLEJ,Islam,20-Sept-21,2049,799
INDUS,Kalabagh,20-Sept-21,177184,169184
INDUS,Chashma,20-Sept-21,167581,143061
INDUS,Taunsa,20-Sept-21,137684,115569
INDUS,Guddu,20-Sept-21,122978,90408
INDUS,Sukkar,20-Sept-21,75525,21150
INDUS,Kotri,20-Sept-21,26705,1590
JHELUM,Kotli,20-Sept-21,-,1950
JHELUM,Mangla,20-Sept-21,18000,32915
JHELUM,Rasul,20-Sept-21,28635,7990
CHENAB,Jammu Tavi,20-Sept-21,-,-
CHENAB,Marala,20-Sept-21,46482,21382
CHENAB,Khanki,20-Sept-21,11014,3732
CHENAB,Qadirabad,20-Sept-21,20675,-
CHENAB,Trimmu,20-Sept-21,31564,15164
CHENAB,Punjnad,20-Sept-21,34053,17823
RAVI,Jassar,20-Sept-21,-,5507
RAVI,Shahdara,20-Sept-21,-,22322
RAVI,Balloki,20-Sept-21,38140,8525
RAVI,Sidhnai,20-Sept-21,21064,3639
SUTLEJ,Bhakra,20-Sept-21,25343,17500
SUTLEJ,Sulemanki,20-Sept-21,15764,2346
SUTLEJ,Islam,20-Sept-21,1669,419
INDUS,Kalabagh,20-Sept-21,156252,148252
INDUS,Chashma,20-Sept-21,148198,123560
INDUS,Taunsa,20-Sept-21,137684,115569
INDUS,Guddu,20-Sept-21,122978,90408
INDUS,Sukkar,20-Sept-21,77310,22560
INDUS,Kotri,20-Sept-21,26705,1590
JHELUM,Kotli,20-Sept-21,-,1670
JHELUM,Mangla,20-Sept-21,20000,32315
JHELUM,Rasul,20-Sept-21,20645,NIL
CHENAB,Jammu Tavi,20-Sept-21,-,-
CHENAB,Marala,20-Sept-21,33912,8812
CHENAB,Khanki,20-Sept-21,11014,3732
CHENAB,Qadirabad,20-Sept-21,22000,NIL
CHENAB,Trimmu,20-Sept-21,29157,12757
CHENAB,Punjnad,20-Sept-21,34053,17823
RAVI,Jassar,20-Sept-21,-,5507
RAVI,Shahdara,20-Sept-21,-,22322
RAVI,Balloki,20-Sept-21,38140,8525
RAVI,Sidhnai,20-Sept-21,21064,3639
SUTLEJ,Bhakra,20-Sept-21,-,-
SUTLEJ,Sulemanki,20-Sept-21,15764,2346
SUTLEJ,Islam,20-Sept-21,1669,419
INDUS,Kalabagh,20-Sept-21,145849,137849
INDUS,Chashma,20-Sept-21,147766,122951
INDUS,Taunsa,20-Sept-21,137684,115569
INDUS,Guddu,20-Sept-21,122978,90408
INDUS,Sukkar,20-Sept-21,77310,22560
INDUS,Kotri,20-Sept-21,26705,1590
JHELUM,Kotli,20-Sept-21,-,2520
JHELUM,Mangla,20-Sept-21,18000,31815
JHELUM,Rasul,20-Sept-21,27735,7990
CHENAB,Jammu Tavi,20-Sept-21,-,-
CHENAB,Marala,20-Sept-21,33912,8812
CHENAB,Khanki,20-Sept-21,14674,7464
CHENAB,Qadirabad,20-Sept-21,22000,NIL
CHENAB,Trimmu,20-Sept-21,29157,12757
CHENAB,Punjnad,20-Sept-21,34552,19322
RAVI,Jassar,20-Sept-21,-,5507
RAVI,Shahdara,20-Sept-21,-,22322
RAVI,Balloki,20-Sept-21,38140,8525
RAVI,Sidhnai,20-Sept-21,21541,3966
SUTLEJ,Bhakra,20-Sept-21,-,-
SUTLEJ,Sulemanki,20-Sept-21,15764,2346
SUTLEJ,Islam,20-Sept-21,1669,419
INDUS,Kalabagh,21-Sept-21,162885,154885
INDUS,Chashma,21-Sept-21,150191,125376
INDUS,Taunsa,21-Sept-21,137684,115569
INDUS,Guddu,21-Sept-21,118705,86135
INDUS,Sukkar,21-Sept-21,78010,22965
INDUS,Kotri,21-Sept-21,26705,1590
JHELUM,Kotli,21-Sept-21,-,3380
JHELUM,Mangla,21-Sept-21,18000,19415
JHELUM,Rasul,21-Sept-21,27735,7990
CHENAB,Jammu Tavi,21-Sept-21,-,-
CHENAB,Marala,21-Sept-21,33912,8812
CHENAB,Khanki,21-Sept-21,20260,13050
CHENAB,Qadirabad,21-Sept-21,26193,4193
CHENAB,Trimmu,21-Sept-21,29157,12757
CHENAB,Punjnad,21-Sept-21,34552,19322
RAVI,Jassar,21-Sept-21,-,5507
RAVI,Shahdara,21-Sept-21,-,22862
RAVI,Balloki,21-Sept-21,38140,8525
RAVI,Sidhnai,21-Sept-21,21541,3966
SUTLEJ,Bhakra,21-Sept-21,-,-
SUTLEJ,Sulemanki,21-Sept-21,15764,2346
SUTLEJ,Islam,21-Sept-21,1669,419
INDUS,Kalabagh,21-Sept-21,173127,165127
INDUS,Chashma,21-Sept-21,148468,123504
INDUS,Taunsa,21-Sept-21,137684,115569
INDUS,Guddu,21-Sept-21,118705,86135
INDUS,Sukkar,21-Sept-21,78010,22965
INDUS,Kotri,21-Sept-21,26680,1985
JHELUM,Kotli,21-Sept-21,-,3950
JHELUM,Mangla,21-Sept-21,18000,30015
JHELUM,Rasul,21-Sept-21,27135,7990
CHENAB,Jammu Tavi,21-Sept-21,-,-
CHENAB,Marala,21-Sept-21,33912,8812
CHENAB,Khanki,21-Sept-21,12762,5598
CHENAB,Qadirabad,21-Sept-21,30243,8243
CHENAB,Trimmu,21-Sept-21,28041,11641
CHENAB,Punjnad,21-Sept-21,33053,17823
RAVI,Jassar,21-Sept-21,-,5337
RAVI,Shahdara,21-Sept-21,-,22862
RAVI,Balloki,21-Sept-21,38140,8525
RAVI,Sidhnai,21-Sept-21,21666,3966
SUTLEJ,Bhakra,21-Sept-21,28146,18875
SUTLEJ,Sulemanki,21-Sept-21,15764,2346
SUTLEJ,Islam,21-Sept-21,1250,-
INDUS,Kalabagh,21-Sept-21,126967,118967
INDUS,Chashma,21-Sept-21,147087,123987
INDUS,Taunsa,21-Sept-21,137684,115569
INDUS,Guddu,21-Sept-21,131943,100371
INDUS,Sukkar,21-Sept-21,78010,22965
INDUS,Kotri,21-Sept-21,26680,1985
JHELUM,Kotli,21-Sept-21,-,12170
JHELUM,Mangla,21-Sept-21,20000,25115
JHELUM,Rasul,21-Sept-21,19145,NIL
CHENAB,Jammu Tavi,21-Sept-21,-,-
CHENAB,Marala,21-Sept-21,33912,8887
CHENAB,Khanki,21-Sept-21,12703,5598
CHENAB,Qadirabad,21-Sept-21,26193,4193
CHENAB,Trimmu,21-Sept-21,28041,11641
CHENAB,Punjnad,21-Sept-21,33053,17823
RAVI,Jassar,21-Sept-21,-,5337
RAVI,Shahdara,21-Sept-21,-,24104
RAVI,Balloki,21-Sept-21,38120,9405
RAVI,Sidhnai,21-Sept-21,21977,4627
SUTLEJ,Bhakra,21-Sept-21,-,-
SUTLEJ,Sulemanki,21-Sept-21,18444,6232
SUTLEJ,Islam,21-Sept-21,1250,NIL
INDUS,Kalabagh,21-Sept-21,117612,109612
INDUS,Chashma,21-Sept-21,147529,124729
INDUS,Taunsa,21-Sept-21,137684,115569
INDUS,Guddu,21-Sept-21,131943,100371
INDUS,Sukkar,21-Sept-21,78010,22965
INDUS,Kotri,21-Sept-21,26680,1985
JHELUM,Kotli,21-Sept-21,-,3100
JHELUM,Mangla,21-Sept-21,20000,19415
JHELUM,Rasul,21-Sept-21,19145,NIL
CHENAB,Jammu Tavi,21-Sept-21,-,-
CHENAB,Marala,21-Sept-21,37527,13002
CHENAB,Khanki,21-Sept-21,12655,5598
CHENAB,Qadirabad,21-Sept-21,22000,NIL
CHENAB,Trimmu,21-Sept-21,28041,11641
CHENAB,Punjnad,21-Sept-21,29734,14504
RAVI,Jassar,21-Sept-21,-,5337
RAVI,Shahdara,21-Sept-21,-,24104
RAVI,Balloki,21-Sept-21,37905,11155
RAVI,Sidhnai,21-Sept-21,21588,5288
SUTLEJ,Bhakra,21-Sept-21,-,-
SUTLEJ,Sulemanki,21-Sept-21,18444,6232
SUTLEJ,Islam,21-Sept-21,1250,NIL
INDUS,Kalabagh,22-Sept-21,127822,119920
INDUS,Chashma,22-Sept-21,145949,123349
INDUS,Taunsa,22-Sept-21,137684,115569
INDUS,Guddu,22-Sept-21,134711,103141
INDUS,Sukkar,22-Sept-21,78010,22980
INDUS,Kotri,22-Sept-21,24032,1987
JHELUM,Kotli,22-Sept-21,-,2810
JHELUM,Mangla,22-Sept-21,19000,17415
JHELUM,Rasul,22-Sept-21,24486,5341
CHENAB,Jammu Tavi,22-Sept-21,-,-
CHENAB,Marala,22-Sept-21,37527,13002
CHENAB,Khanki,22-Sept-21,12655,5598
CHENAB,Qadirabad,22-Sept-21,26193,4193
CHENAB,Trimmu,22-Sept-21,28041,11641
CHENAB,Punjnad,22-Sept-21,29734,14504
RAVI,Jassar,22-Sept-21,-,5337
RAVI,Shahdara,22-Sept-21,-,23452
RAVI,Balloki,22-Sept-21,37905,11155
RAVI,Sidhnai,22-Sept-21,22910,6610
SUTLEJ,Bhakra,22-Sept-21,-,-
SUTLEJ,Sulemanki,22-Sept-21,15720,4299
SUTLEJ,Islam,22-Sept-21,1250,NIL
INDUS,Kalabagh,22-Sept-21,147759,139759
INDUS,Chashma,22-Sept-21,145925,124989
INDUS,Taunsa,22-Sept-21,137684,116373
INDUS,Guddu,22-Sept-21,131259,99539
INDUS,Sukkar,22-Sept-21,78010,22980
INDUS,Kotri,22-Sept-21,24032,1987
JHELUM,Kotli,22-Sept-21,-,2240
JHELUM,Mangla,22-Sept-21,20000,26815
JHELUM,Rasul,22-Sept-21,19145,-
CHENAB,Jammu Tavi,22-Sept-21,-,-
CHENAB,Marala,22-Sept-21,33337,8812
CHENAB,Khanki,22-Sept-21,12655,5598
CHENAB,Qadirabad,22-Sept-21,23477,1477
CHENAB,Trimmu,22-Sept-21,29830,13430
CHENAB,Punjnad,22-Sept-21,26708,12078
RAVI,Jassar,22-Sept-21,-,4660
RAVI,Shahdara,22-Sept-21,-,23452
RAVI,Balloki,22-Sept-21,38785,12035
RAVI,Sidhnai,22-Sept-21,22910,6610
SUTLEJ,Bhakra,22-Sept-21,33576,17354
SUTLEJ,Sulemanki,22-Sept-21,15720,4299
SUTLEJ,Islam,22-Sept-21,1250,-
INDUS,Kalabagh,22-Sept-21,147759,139759
INDUS,Chashma,22-Sept-21,147521,124921
INDUS,Taunsa,22-Sept-21,137684,116373
INDUS,Guddu,22-Sept-21,123326,92445
INDUS,Sukkar,22-Sept-21,78010,22980
INDUS,Kotri,22-Sept-21,24032,1987
JHELUM,Kotli,22-Sept-21,-,1950
JHELUM,Mangla,22-Sept-21,22000,24215
JHELUM,Rasul,22-Sept-21,19145,NIL
CHENAB,Jammu Tavi,22-Sept-21,-,-
CHENAB,Marala,22-Sept-21,33337,8812
CHENAB,Khanki,22-Sept-21,12597,5598
CHENAB,Qadirabad,22-Sept-21,24836,2830
CHENAB,Trimmu,22-Sept-21,29275,12875
CHENAB,Punjnad,22-Sept-21,26708,12078
RAVI,Jassar,22-Sept-21,-,4660
RAVI,Shahdara,22-Sept-21,-,22862
RAVI,Balloki,22-Sept-21,39660,12910
RAVI,Sidhnai,22-Sept-21,23360,6610
SUTLEJ,Bhakra,22-Sept-21,-,-
SUTLEJ,Sulemanki,22-Sept-21,16232,4935
SUTLEJ,Islam,22-Sept-21,1250,NIL
INDUS,Kalabagh,22-Sept-21,127922,119922
INDUS,Chashma,22-Sept-21,147582,124982
INDUS,Taunsa,22-Sept-21,137684,116373
INDUS,Guddu,22-Sept-21,123326,92445
INDUS,Sukkar,22-Sept-21,78010,22980
INDUS,Kotri,22-Sept-21,24032,1987
JHELUM,Kotli,22-Sept-21,-,2240
JHELUM,Mangla,22-Sept-21,19000,32515
JHELUM,Rasul,22-Sept-21,17145,NIL
CHENAB,Jammu Tavi,22-Sept-21,-,-
CHENAB,Marala,22-Sept-21,29525,5000
CHENAB,Khanki,22-Sept-21,14463,7464
CHENAB,Qadirabad,22-Sept-21,24836,2836
CHENAB,Trimmu,22-Sept-21,29275,12875
CHENAB,Punjnad,22-Sept-21,24231,9651
RAVI,Jassar,22-Sept-21,-,4660
RAVI,Shahdara,22-Sept-21,-,22862
RAVI,Balloki,22-Sept-21,39360,12910
RAVI,Sidhnai,22-Sept-21,23995,7245
SUTLEJ,Bhakra,22-Sept-21,-,-
SUTLEJ,Sulemanki,22-Sept-21,16232,4935
SUTLEJ,Islam,22-Sept-21,1250,NIL
INDUS,Kalabagh,23-Sept-21,118567,110567
INDUS,Chashma,23-Sept-21,147754,125154
INDUS,Taunsa,23-Sept-21,137684,116373
INDUS,Guddu,23-Sept-21,125909,93883
INDUS,Sukkar,23-Sept-21,81130,25500
INDUS,Kotri,23-Sept-21,19565,1060
JHELUM,Kotli,23-Sept-21,-,2520
JHELUM,Mangla,23-Sept-21,24000,17415
JHELUM,Rasul,23-Sept-21,17645,NIL
CHENAB,Jammu Tavi,23-Sept-21,-,-
CHENAB,Marala,23-Sept-21,29529,5000
CHENAB,Khanki,23-Sept-21,12597,5598
CHENAB,Qadirabad,23-Sept-21,24836,2836
CHENAB,Trimmu,23-Sept-21,29275,12875
CHENAB,Punjnad,23-Sept-21,24231,9651
RAVI,Jassar,23-Sept-21,-,4660
RAVI,Shahdara,23-Sept-21,-,22322
RAVI,Balloki,23-Sept-21,40240,13790
RAVI,Sidhnai,23-Sept-21,23995,7245
SUTLEJ,Bhakra,23-Sept-21,-,-
SUTLEJ,Sulemanki,23-Sept-21,16232,4935
SUTLEJ,Islam,23-Sept-21,1669,419
INDUS,Kalabagh,23-Sept-21,147759,139759
INDUS,Chashma,23-Sept-21,147603,125103
INDUS,Taunsa,23-Sept-21,125584,104419
INDUS,Guddu,23-Sept-21,121938,89120
INDUS,Sukkar,23-Sept-21,81130,25500
INDUS,Kotri,23-Sept-21,19565,1060
JHELUM,Kotli,23-Sept-21,-,1950
JHELUM,Mangla,23-Sept-21,27000,26415
JHELUM,Rasul,23-Sept-21,37850,19705
CHENAB,Jammu Tavi,23-Sept-21,-,-
CHENAB,Marala,23-Sept-21,29325,5000
CHENAB,Khanki,23-Sept-21,12655,5598
CHENAB,Qadirabad,23-Sept-21,24836,2836
CHENAB,Trimmu,23-Sept-21,31492,15092
CHENAB,Punjnad,23-Sept-21,24231,9651
RAVI,Jassar,23-Sept-21,-,4829
RAVI,Shahdara,23-Sept-21,-,22322
RAVI,Balloki,23-Sept-21,40540,13790
RAVI,Sidhnai,23-Sept-21,23995,7295
SUTLEJ,Bhakra,23-Sept-21,33576,17354
SUTLEJ,Sulemanki,23-Sept-21,16232,4935
SUTLEJ,Islam,23-Sept-21,1669,419
INDUS,Kalabagh,23-Sept-21,147759,139759
INDUS,Chashma,23-Sept-21,138483,116183
INDUS,Taunsa,23-Sept-21,125584,104419
INDUS,Guddu,23-Sept-21,120432,87319
INDUS,Sukkar,23-Sept-21,81130,25500
INDUS,Kotri,23-Sept-21,19565,1060
JHELUM,Kotli,23-Sept-21,-,1670
JHELUM,Mangla,23-Sept-21,25000,28615
JHELUM,Rasul,23-Sept-21,34845,15800
CHENAB,Jammu Tavi,23-Sept-21,-,-
CHENAB,Marala,23-Sept-21,33137,8812
CHENAB,Khanki,23-Sept-21,8911,1866
CHENAB,Qadirabad,23-Sept-21,24836,2836
CHENAB,Trimmu,23-Sept-21,30432,14032
CHENAB,Punjnad,23-Sept-21,24231,9651
RAVI,Jassar,23-Sept-21,-,4829
RAVI,Shahdara,23-Sept-21,-,22322
RAVI,Balloki,23-Sept-21,40540,13790
RAVI,Sidhnai,23-Sept-21,23995,7245
SUTLEJ,Bhakra,23-Sept-21,-,-
SUTLEJ,Sulemanki,23-Sept-21,15771,3639
SUTLEJ,Islam,23-Sept-21,1669,419
INDUS,Kalabagh,23-Sept-21,138566,130566
INDUS,Chashma,23-Sept-21,139273,116973
INDUS,Taunsa,23-Sept-21,125584,104419
INDUS,Guddu,23-Sept-21,120432,87319
INDUS,Sukkar,23-Sept-21,81130,25500
INDUS,Kotri,23-Sept-21,19565,1060
JHELUM,Kotli,23-Sept-21,-,1950
JHELUM,Mangla,23-Sept-21,21000,27815
JHELUM,Rasul,23-Sept-21,27660,7990
CHENAB,Jammu Tavi,23-Sept-21,-,-
CHENAB,Marala,23-Sept-21,29325,5000
CHENAB,Khanki,23-Sept-21,12643,5598
CHENAB,Qadirabad,23-Sept-21,22000,-
CHENAB,Trimmu,23-Sept-21,30432,14032
CHENAB,Punjnad,23-Sept-21,24231,9651
RAVI,Jassar,23-Sept-21,-,4829
RAVI,Shahdara,23-Sept-21,-,22322
RAVI,Balloki,23-Sept-21,40540,13790
RAVI,Sidhnai,23-Sept-21,23374,5949
SUTLEJ,Bhakra,23-Sept-21,-,-
SUTLEJ,Sulemanki,23-Sept-21,15771,3639
SUTLEJ,Islam,23-Sept-21,1669,419
INDUS,Kalabagh,24-Sept-21,139520,131520
INDUS,Chashma,24-Sept-21,147754,125154
INDUS,Taunsa,24-Sept-21,125584,104419
INDUS,Guddu,24-Sept-21,120432,87319
INDUS,Sukkar,24-Sept-21,81130,25500
INDUS,Kotri,24-Sept-21,19035,530
JHELUM,Kotli,24-Sept-21,-,2240
JHELUM,Mangla,24-Sept-21,20000,16055
JHELUM,Rasul,24-Sept-21,28035,7990
CHENAB,Jammu Tavi,24-Sept-21,-,-
CHENAB,Marala,24-Sept-21,29325,5000
CHENAB,Khanki,24-Sept-21,8911,1866
CHENAB,Qadirabad,24-Sept-21,22000,-
CHENAB,Trimmu,24-Sept-21,30432,14032
CHENAB,Punjnad,24-Sept-21,24231,9651
RAVI,Jassar,24-Sept-21,-,4829
RAVI,Shahdara,24-Sept-21,-,22322
RAVI,Balloki,24-Sept-21,40540,13790
RAVI,Sidhnai,24-Sept-21,23374,5949
SUTLEJ,Bhakra,24-Sept-21,-,-
SUTLEJ,Sulemanki,24-Sept-21,15121,2989
SUTLEJ,Islam,24-Sept-21,1669,419
INDUS,Kalabagh,24-Sept-21,148713,140713
INDUS,Chashma,24-Sept-21,141885,119985
INDUS,Taunsa,24-Sept-21,121136,100433
INDUS,Guddu,24-Sept-21,120432,87319
INDUS,Sukkar,24-Sept-21,81130,25500
INDUS,Kotri,24-Sept-21,19035,530
JHELUM,Kotli,24-Sept-21,-,1670
JHELUM,Mangla,24-Sept-21,20000,27815
JHELUM,Rasul,24-Sept-21,28035,7990
CHENAB,Jammu Tavi,24-Sept-21,-,-
CHENAB,Marala,24-Sept-21,29325,5000
CHENAB,Khanki,24-Sept-21,10777,3732
CHENAB,Qadirabad,24-Sept-21,22000,-
CHENAB,Trimmu,24-Sept-21,30482,14032
CHENAB,Punjnad,24-Sept-21,20702,6152
RAVI,Jassar,24-Sept-21,-,4660
RAVI,Shahdara,24-Sept-21,-,22322
RAVI,Balloki,24-Sept-21,40540,13790
RAVI,Sidhnai,24-Sept-21,23374,5949
SUTLEJ,Bhakra,24-Sept-21,34028,14062
SUTLEJ,Sulemanki,24-Sept-21,15121,2989
SUTLEJ,Islam,24-Sept-21,1669,419
INDUS,Kalabagh,24-Sept-21,148713,140713
INDUS,Chashma,24-Sept-21,141936,120036
INDUS,Taunsa,24-Sept-21,121136,100433
INDUS,Guddu,24-Sept-21,118320,85207
INDUS,Sukkar,24-Sept-21,81130,25500
INDUS,Kotri,24-Sept-21,19035,530
JHELUM,Kotli,24-Sept-21,-,1670
JHELUM,Mangla,24-Sept-21,17000,23415
JHELUM,Rasul,24-Sept-21,20545,NIL
CHENAB,Jammu Tavi,24-Sept-21,-,-
CHENAB,Marala,24-Sept-21,33837,8812
CHENAB,Khanki,24-Sept-21,8876,1866
CHENAB,Qadirabad,24-Sept-21,22000,NIL
CHENAB,Trimmu,24-Sept-21,30432,14032
CHENAB,Punjnad,24-Sept-21,20702,6152
RAVI,Jassar,24-Sept-21,-,4660
RAVI,Shahdara,24-Sept-21,-,22862
RAVI,Balloki,24-Sept-21,40540,13790
RAVI,Sidhnai,24-Sept-21,24235,6610
SUTLEJ,Bhakra,24-Sept-21,-,-
SUTLEJ,Sulemanki,24-Sept-21,15570,2989
SUTLEJ,Islam,24-Sept-21,1669,419
INDUS,Kalabagh,24-Sept-21,139520,131520
INDUS,Chashma,24-Sept-21,141588,119688
INDUS,Taunsa,24-Sept-21,121136,100433
INDUS,Guddu,24-Sept-21,118320,85207
INDUS,Sukkar,24-Sept-21,81130,25500
INDUS,Kotri,24-Sept-21,19035,530
JHELUM,Kotli,24-Sept-21,-,1670
JHELUM,Mangla,24-Sept-21,19000,28415
JHELUM,Rasul,24-Sept-21,20745,NIL
CHENAB,Jammu Tavi,24-Sept-21,-,-
CHENAB,Marala,24-Sept-21,33787,8812
CHENAB,Khanki,24-Sept-21,10789,3732
CHENAB,Qadirabad,24-Sept-21,21193,4193
CHENAB,Trimmu,24-Sept-21,30432,14032
CHENAB,Punjnad,24-Sept-21,19522,4972
RAVI,Jassar,24-Sept-21,-,4660
RAVI,Shahdara,24-Sept-21,-,22862
RAVI,Balloki,24-Sept-21,40540,13790
RAVI,Sidhnai,24-Sept-21,24235,6610
SUTLEJ,Bhakra,24-Sept-21,-,-
SUTLEJ,Sulemanki,24-Sept-21,15570,2989
SUTLEJ,Islam,24-Sept-21,1669,419
INDUS,Kalabagh,25-Sept-21,137606,129606
INDUS,Chashma,25-Sept-21,141280,119380
INDUS,Taunsa,25-Sept-21,121136,100433
INDUS,Guddu,25-Sept-21,118320,85207
INDUS,Sukkar,25-Sept-21,77075,25500
INDUS,Kotri,25-Sept-21,19035,530
JHELUM,Kotli,25-Sept-21,-,1950
JHELUM,Mangla,25-Sept-21,17000,16155
JHELUM,Rasul,25-Sept-21,26086,5341
CHENAB,Jammu Tavi,25-Sept-21,-,-
CHENAB,Marala,25-Sept-21,33787,8812
CHENAB,Khanki,25-Sept-21,8923,1866
CHENAB,Qadirabad,25-Sept-21,22543,5543
CHENAB,Trimmu,25-Sept-21,30432,14032
CHENAB,Punjnad,25-Sept-21,19522,4972
RAVI,Jassar,25-Sept-21,-,4660
RAVI,Shahdara,25-Sept-21,-,21756
RAVI,Balloki,25-Sept-21,40790,13790
RAVI,Sidhnai,25-Sept-21,25505,7880
SUTLEJ,Bhakra,25-Sept-21,-,-
SUTLEJ,Sulemanki,25-Sept-21,15241,2660
SUTLEJ,Islam,25-Sept-21,3027,1777
INDUS,Kalabagh,25-Sept-21,146804,138804
INDUS,Chashma,25-Sept-21,140258,120022
INDUS,Taunsa,25-Sept-21,119548,99289
INDUS,Guddu,25-Sept-21,117297,85207
INDUS,Sukkar,25-Sept-21,77825,25500
INDUS,Kotri,25-Sept-21,19035,530
JHELUM,Kotli,25-Sept-21,-,1670
JHELUM,Mangla,25-Sept-21,18000,26315
JHELUM,Rasul,25-Sept-21,26086,5341
CHENAB,Jammu Tavi,25-Sept-21,-,-
CHENAB,Marala,25-Sept-21,29975,5000
CHENAB,Khanki,25-Sept-21,12655,5598
CHENAB,Qadirabad,25-Sept-21,19836,2836
CHENAB,Trimmu,25-Sept-21,31492,15092
CHENAB,Punjnad,25-Sept-21,19522,4972
RAVI,Jassar,25-Sept-21,-,4660
RAVI,Shahdara,25-Sept-21,-,22322
RAVI,Balloki,25-Sept-21,40790,13790
RAVI,Sidhnai,25-Sept-21,25505,7880
SUTLEJ,Bhakra,25-Sept-21,27986,13190
SUTLEJ,Sulemanki,25-Sept-21,15241,2660
SUTLEJ,Islam,25-Sept-21,3027,1777
INDUS,Kalabagh,25-Sept-21,126967,118967
INDUS,Chashma,25-Sept-21,133459,111559
INDUS,Taunsa,25-Sept-21,119548,99289
INDUS,Guddu,25-Sept-21,116270,83961
INDUS,Sukkar,25-Sept-21,77825,25500
INDUS,Kotri,25-Sept-21,19035,530
JHELUM,Kotli,25-Sept-21,-,1400
JHELUM,Mangla,25-Sept-21,18000,23415
JHELUM,Rasul,25-Sept-21,20795,NIL
CHENAB,Jammu Tavi,25-Sept-21,-,-
CHENAB,Marala,25-Sept-21,29868,5000
CHENAB,Khanki,25-Sept-21,12655,5598
CHENAB,Qadirabad,25-Sept-21,22543,5543
CHENAB,Trimmu,25-Sept-21,30432,14032
CHENAB,Punjnad,25-Sept-21,19522,4972
RAVI,Jassar,25-Sept-21,-,4660
RAVI,Shahdara,25-Sept-21,-,21756
RAVI,Balloki,25-Sept-21,40790,13790
RAVI,Sidhnai,25-Sept-21,25505,7880
SUTLEJ,Bhakra,25-Sept-21,,
SUTLEJ,Sulemanki,25-Sept-21,15307,2726
SUTLEJ,Islam,25-Sept-21,3027,1777
INDUS,Kalabagh,25-Sept-21,109751,101751
INDUS,Chashma,25-Sept-21,133328,111428
INDUS,Taunsa,25-Sept-21,119548,99289
INDUS,Guddu,25-Sept-21,116270,83961
INDUS,Sukkar,25-Sept-21,77825,25500
INDUS,Kotri,25-Sept-21,19035,530
JHELUM,Kotli,25-Sept-21,-,1670
JHELUM,Mangla,25-Sept-21,16000,13215
JHELUM,Rasul,25-Sept-21,20795,NIL
CHENAB,Jammu Tavi,25-Sept-21,-,-
CHENAB,Marala,25-Sept-21,29868,5000
CHENAB,Khanki,25-Sept-21,11744,4687
CHENAB,Qadirabad,25-Sept-21,22543,5543
CHENAB,Trimmu,25-Sept-21,30432,14032
CHENAB,Punjnad,25-Sept-21,19522,4972
RAVI,Jassar,25-Sept-21,-,4660
RAVI,Shahdara,25-Sept-21,-,21756
RAVI,Balloki,25-Sept-21,38155,11155
RAVI,Sidhnai,25-Sept-21,25505,7880
SUTLEJ,Bhakra,25-Sept-21,,
SUTLEJ,Sulemanki,25-Sept-21,15307,2726
SUTLEJ,Islam,25-Sept-21,3027,1777
INDUS,Kalabagh,26-Sept-21,112615,104615
INDUS,Chashma,26-Sept-21,132230,110330
INDUS,Taunsa,26-Sept-21,119548,99289
INDUS,Guddu,26-Sept-21,107161,76045
INDUS,Sukkar,26-Sept-21,75010,23125
INDUS,Kotri,26-Sept-21,19235,530
JHELUM,Kotli,26-Sept-21,-,1950
JHELUM,Mangla,26-Sept-21,16000,9455
JHELUM,Rasul,26-Sept-21,20795,NIL
CHENAB,Jammu Tavi,26-Sept-21,-,-
CHENAB,Marala,26-Sept-21,29868,5000
CHENAB,Khanki,26-Sept-21,9897,2821
CHENAB,Qadirabad,26-Sept-21,22543,5543
CHENAB,Trimmu,26-Sept-21,30432,14032
CHENAB,Punjnad,26-Sept-21,19522,4972
RAVI,Jassar,26-Sept-21,-,4660
RAVI,Shahdara,26-Sept-21,-,21756
RAVI,Balloki,26-Sept-21,34745,7645
RAVI,Sidhnai,26-Sept-21,25455,7880
SUTLEJ,Bhakra,26-Sept-21,,
SUTLEJ,Sulemanki,26-Sept-21,15403,2726
SUTLEJ,Islam,26-Sept-21,3027,1777
INDUS,Kalabagh,26-Sept-21,143334,135334
INDUS,Chashma,26-Sept-21,136908,115008
INDUS,Taunsa,26-Sept-21,116695,96703
INDUS,Guddu,26-Sept-21,106327,75713
INDUS,Sukkar,26-Sept-21,75010,23125
INDUS,Kotri,26-Sept-21,19235,530
JHELUM,Kotli,26-Sept-21,-,1670
JHELUM,Mangla,26-Sept-21,15000,9915
JHELUM,Rasul,26-Sept-21,20795,NIL
CHENAB,Jammu Tavi,26-Sept-21,-,-
CHENAB,Marala,26-Sept-21,29868,5000
CHENAB,Khanki,26-Sept-21,8923,1866
CHENAB,Qadirabad,26-Sept-21,19836,2836
CHENAB,Trimmu,26-Sept-21,30432,14032
CHENAB,Punjnad,26-Sept-21,20702,6152
RAVI,Jassar,26-Sept-21,-,4829
RAVI,Shahdara,26-Sept-21,-,20626
RAVI,Balloki,26-Sept-21,34745,7645
RAVI,Sidhnai,26-Sept-21,25455,7880
SUTLEJ,Bhakra,26-Sept-21,-,-
SUTLEJ,Sulemanki,26-Sept-21,15403,2726
SUTLEJ,Islam,26-Sept-21,3511,2261
INDUS,Kalabagh,26-Sept-21,132695,124695
INDUS,Chashma,26-Sept-21,136905,115005
INDUS,Taunsa,26-Sept-21,116695,96703
INDUS,Guddu,26-Sept-21,102745,72131
INDUS,Sukkar,26-Sept-21,75010,23125
INDUS,Kotri,26-Sept-21,19235,530
JHELUM,Kotli,26-Sept-21,-,1400
JHELUM,Mangla,26-Sept-21,20000,24715
JHELUM,Rasul,26-Sept-21,16795,NIL
CHENAB,Jammu Tavi,26-Sept-21,-,-
CHENAB,Marala,26-Sept-21,29021,5000
CHENAB,Khanki,26-Sept-21,9878,2821
CHENAB,Qadirabad,26-Sept-21,19836,2836
CHENAB,Trimmu,26-Sept-21,29275,12875
CHENAB,Punjnad,26-Sept-21,20702,6152
RAVI,Jassar,26-Sept-21,-,4829
RAVI,Shahdara,26-Sept-21,-,20626
RAVI,Balloki,26-Sept-21,34745,7645
RAVI,Sidhnai,26-Sept-21,25890,8515
SUTLEJ,Bhakra,26-Sept-21,-,-
SUTLEJ,Sulemanki,26-Sept-21,15424,2726
SUTLEJ,Islam,26-Sept-21,3511,2261
INDUS,Kalabagh,26-Sept-21,112615,104615
INDUS,Chashma,26-Sept-21,137004,115104
INDUS,Taunsa,26-Sept-21,116695,96703
INDUS,Guddu,26-Sept-21,102745,72131
INDUS,Sukkar,26-Sept-21,75010,23125
INDUS,Kotri,26-Sept-21,19235,530
JHELUM,Kotli,26-Sept-21,-,1400
JHELUM,Mangla,26-Sept-21,16000,26615
JHELUM,Rasul,26-Sept-21,16795,NIL
CHENAB,Jammu Tavi,26-Sept-21,-,-
CHENAB,Marala,26-Sept-21,28460,5000
CHENAB,Khanki,26-Sept-21,8048,955
CHENAB,Qadirabad,26-Sept-21,16000,NIL
CHENAB,Trimmu,26-Sept-21,29275,12875
CHENAB,Punjnad,26-Sept-21,20702,6152
RAVI,Jassar,26-Sept-21,-,4829
RAVI,Shahdara,26-Sept-21,-,20626
RAVI,Balloki,26-Sept-21,34745,7645
RAVI,Sidhnai,26-Sept-21,25890,8515
SUTLEJ,Bhakra,26-Sept-21,-,-
SUTLEJ,Sulemanki,26-Sept-21,15424,2726
SUTLEJ,Islam,26-Sept-21,2481,1231
INDUS,Kalabagh,27-Sept-21,78047,70047
INDUS,Chashma,27-Sept-21,136685,114785
INDUS,Taunsa,27-Sept-21,116695,96703
INDUS,Guddu,27-Sept-21,102745,72131
INDUS,Sukkar,27-Sept-21,69885,19400
INDUS,Kotri,27-Sept-21,19475,530
JHELUM,Kotli,27-Sept-21,-,1950
JHELUM,Mangla,27-Sept-21,15000,18155
JHELUM,Rasul,27-Sept-21,16795,NIL
CHENAB,Jammu Tavi,27-Sept-21,-,-
CHENAB,Marala,27-Sept-21,28460,5000
CHENAB,Khanki,27-Sept-21,8048,955
CHENAB,Qadirabad,27-Sept-21,14000,NIL
CHENAB,Trimmu,27-Sept-21,30432,14032
CHENAB,Punjnad,27-Sept-21,20702,6152
RAVI,Jassar,27-Sept-21,-,4829
RAVI,Shahdara,27-Sept-21,-,20626
RAVI,Balloki,27-Sept-21,33655,6455
RAVI,Sidhnai,27-Sept-21,25890,8515
SUTLEJ,Bhakra,27-Sept-21,-,-
SUTLEJ,Sulemanki,27-Sept-21,15424,2726
SUTLEJ,Islam,27-Sept-21,2091,841
INDUS,Kalabagh,27-Sept-21,111651,103651
INDUS,Chashma,27-Sept-21,135277,115041
INDUS,Taunsa,27-Sept-21,116695,96865
INDUS,Guddu,27-Sept-21,101427,72131
INDUS,Sukkar,27-Sept-21,69885,19400
INDUS,Kotri,27-Sept-21,19475,530
JHELUM,Kotli,27-Sept-21,-,1950
JHELUM,Mangla,27-Sept-21,15000,16715
JHELUM,Rasul,27-Sept-21,15795,-
CHENAB,Jammu Tavi,27-Sept-21,-,-
CHENAB,Marala,27-Sept-21,29306,5000
CHENAB,Khanki,27-Sept-21,8959,1866
CHENAB,Qadirabad,27-Sept-21,11475,-
CHENAB,Trimmu,27-Sept-21,30432,14032
CHENAB,Punjnad,27-Sept-21,19694,5144
RAVI,Jassar,27-Sept-21,-,3648
RAVI,Shahdara,27-Sept-21,-,20626
RAVI,Balloki,27-Sept-21,33805,6455
RAVI,Sidhnai,27-Sept-21,25203,7828
SUTLEJ,Bhakra,27-Sept-21,25646,12990
SUTLEJ,Sulemanki,27-Sept-21,15424,2726
SUTLEJ,Islam,27-Sept-21,2091,841
INDUS,Kalabagh,27-Sept-21,131731,123731
INDUS,Chashma,27-Sept-21,128662,110986
INDUS,Taunsa,27-Sept-21,116695,96865
INDUS,Guddu,27-Sept-21,99343,72131
INDUS,Sukkar,27-Sept-21,69885,19400
INDUS,Kotri,27-Sept-21,19475,530
JHELUM,Kotli,27-Sept-21,-,1670
JHELUM,Mangla,27-Sept-21,16000,29815
JHELUM,Rasul,27-Sept-21,16795,NIL
CHENAB,Jammu Tavi,27-Sept-21,-,-
CHENAB,Marala,27-Sept-21,29727,5000
CHENAB,Khanki,27-Sept-21,8959,1866
CHENAB,Qadirabad,27-Sept-21,10600,NIL
CHENAB,Trimmu,27-Sept-21,30432,14032
CHENAB,Punjnad,27-Sept-21,19694,5144
RAVI,Jassar,27-Sept-21,-,3648
RAVI,Shahdara,27-Sept-21,-,14945
RAVI,Balloki,27-Sept-21,32061,3565
RAVI,Sidhnai,27-Sept-21,25203,7828
SUTLEJ,Bhakra,27-Sept-21,-,-
SUTLEJ,Sulemanki,27-Sept-21,15424,2726
SUTLEJ,Islam,27-Sept-21,2091,841
INDUS,Kalabagh,27-Sept-21,111651,103651
INDUS,Chashma,27-Sept-21,126473,109573
INDUS,Taunsa,27-Sept-21,116695,96865
INDUS,Guddu,27-Sept-21,99343,72131
INDUS,Sukkar,27-Sept-21,69885,19400
INDUS,Kotri,27-Sept-21,19475,530
JHELUM,Kotli,27-Sept-21,-,1670
JHELUM,Mangla,27-Sept-21,20000,44417
JHELUM,Rasul,27-Sept-21,16895,NIL
CHENAB,Jammu Tavi,27-Sept-21,-,-
CHENAB,Marala,27-Sept-21,29831,5000
CHENAB,Khanki,27-Sept-21,8024,955
CHENAB,Qadirabad,27-Sept-21,12100,NIL
CHENAB,Trimmu,27-Sept-21,30432,14032
CHENAB,Punjnad,27-Sept-21,19694,5144
RAVI,Jassar,27-Sept-21,-,3648
RAVI,Shahdara,27-Sept-21,-,14945
RAVI,Balloki,27-Sept-21,30505,1190
RAVI,Sidhnai,27-Sept-21,25203,7828
SUTLEJ,Bhakra,27-Sept-21,-,-
SUTLEJ,Sulemanki,27-Sept-21,15524,2726
SUTLEJ,Islam,27-Sept-21,2091,841
INDUS,Kalabagh,28-Sept-21,122386,114386
INDUS,Chashma,28-Sept-21,128041,109477
INDUS,Taunsa,28-Sept-21,116695,96865
INDUS,Guddu,28-Sept-21,98390,72062
INDUS,Sukkar,28-Sept-21,66435,17250
INDUS,Kotri,28-Sept-21,19445,1590
JHELUM,Kotli,28-Sept-21,-,1400
JHELUM,Mangla,28-Sept-21,16000,29815
JHELUM,Rasul,28-Sept-21,14895,-
CHENAB,Jammu Tavi,28-Sept-21,-,-
CHENAB,Marala,28-Sept-21,29831,5000
CHENAB,Khanki,28-Sept-21,8024,955
CHENAB,Qadirabad,28-Sept-21,13384,-
CHENAB,Trimmu,28-Sept-21,30432,14032
CHENAB,Punjnad,28-Sept-21,19694,5144
RAVI,Jassar,28-Sept-21,-,3648
RAVI,Shahdara,28-Sept-21,-,15353
RAVI,Balloki,28-Sept-21,29315,NIL
RAVI,Sidhnai,28-Sept-21,25203,7828
SUTLEJ,Bhakra,28-Sept-21,-,-
SUTLEJ,Sulemanki,28-Sept-21,15358,2660
SUTLEJ,Islam,28-Sept-21,2091,841
INDUS,Kalabagh,28-Sept-21,142380,134380
INDUS,Chashma,28-Sept-21,130560,111996
INDUS,Taunsa,28-Sept-21,110917,91202
INDUS,Guddu,28-Sept-21,98390,72062
INDUS,Sukkar,28-Sept-21,66435,17250
INDUS,Kotri,28-Sept-21,19545,2650
JHELUM,Kotli,28-Sept-21,-,1670
JHELUM,Mangla,28-Sept-21,17000,29815
JHELUM,Rasul,28-Sept-21,27540,11895
CHENAB,Jammu Tavi,28-Sept-21,-,-
CHENAB,Marala,28-Sept-21,28778,5000
CHENAB,Khanki,28-Sept-21,10801,3732
CHENAB,Qadirabad,28-Sept-21,14668,-
CHENAB,Trimmu,28-Sept-21,30432,14032
CHENAB,Punjnad,28-Sept-21,20194,5144
RAVI,Jassar,28-Sept-21,-,3648
RAVI,Shahdara,28-Sept-21,-,15353
RAVI,Balloki,28-Sept-21,27500,-
RAVI,Sidhnai,28-Sept-21,21902,4627
SUTLEJ,Bhakra,28-Sept-21,22985,12825
SUTLEJ,Sulemanki,28-Sept-21,15358,2660
SUTLEJ,Islam,28-Sept-21,1250,-
INDUS,Kalabagh,28-Sept-21,111661,103661
INDUS,Chashma,28-Sept-21,128873,111973
INDUS,Taunsa,28-Sept-21,110917,91202
INDUS,Guddu,28-Sept-21,98883,76363
INDUS,Sukkar,28-Sept-21,66435,17250
INDUS,Kotri,28-Sept-21,19545,2650
JHELUM,Kotli,28-Sept-21,-,1400
JHELUM,Mangla,28-Sept-21,17000,30315
JHELUM,Rasul,28-Sept-21,36650,19705
CHENAB,Jammu Tavi,28-Sept-21,-,-
CHENAB,Marala,28-Sept-21,26976,5000
CHENAB,Khanki,28-Sept-21,8024,955
CHENAB,Qadirabad,28-Sept-21,14668,NIL
CHENAB,Trimmu,28-Sept-21,29275,12875
CHENAB,Punjnad,28-Sept-21,20194,5144
RAVI,Jassar,28-Sept-21,-,3648
RAVI,Shahdara,28-Sept-21,-,15353
RAVI,Balloki,28-Sept-21,25500,NIL
RAVI,Sidhnai,28-Sept-21,21241,3966
SUTLEJ,Bhakra,28-Sept-21,-,-
SUTLEJ,Sulemanki,28-Sept-21,17184,4486
SUTLEJ,Islam,28-Sept-21,1250,NIL
INDUS,Kalabagh,28-Sept-21,111661,103661
INDUS,Chashma,28-Sept-21,128850,111950
INDUS,Taunsa,28-Sept-21,110917,91202
INDUS,Guddu,28-Sept-21,98883,76363
INDUS,Sukkar,28-Sept-21,66435,17250
INDUS,Kotri,28-Sept-21,19545,2650
JHELUM,Kotli,28-Sept-21,-,1670
JHELUM,Mangla,28-Sept-21,16000,30315
JHELUM,Rasul,28-Sept-21,29485,11895
CHENAB,Jammu Tavi,28-Sept-21,-,-
CHENAB,Marala,28-Sept-21,26029,5000
CHENAB,Khanki,28-Sept-21,8935,1866
CHENAB,Qadirabad,28-Sept-21,15771,NIL
CHENAB,Trimmu,28-Sept-21,29275,12875
CHENAB,Punjnad,28-Sept-21,20194,5144
RAVI,Jassar,28-Sept-21,-,4829
RAVI,Shahdara,28-Sept-21,-,15353
RAVI,Balloki,28-Sept-21,25500,NIL
RAVI,Sidhnai,28-Sept-21,21241,3966
SUTLEJ,Bhakra,28-Sept-21,-,-
SUTLEJ,Sulemanki,28-Sept-21,17184,4486
SUTLEJ,Islam,28-Sept-21,1250,NIL
INDUS,Kalabagh,29-Sept-21,109751,101751
INDUS,Chashma,29-Sept-21,129014,112114
INDUS,Taunsa,29-Sept-21,110917,91202
INDUS,Guddu,29-Sept-21,97164,74644
INDUS,Sukkar,29-Sept-21,66455,20370
INDUS,Kotri,29-Sept-21,19445,1590
JHELUM,Kotli,29-Sept-21,-,1950
JHELUM,Mangla,29-Sept-21,15000,27255
JHELUM,Rasul,29-Sept-21,24181,5341
CHENAB,Jammu Tavi,29-Sept-21,-,-
CHENAB,Marala,29-Sept-21,26029,5000
CHENAB,Khanki,29-Sept-21,8935,1866
CHENAB,Qadirabad,29-Sept-21,17000,NIL
CHENAB,Trimmu,29-Sept-21,30432,14032
CHENAB,Punjnad,29-Sept-21,20194,5144
RAVI,Jassar,29-Sept-21,-,4829
RAVI,Shahdara,29-Sept-21,-,16985
RAVI,Balloki,29-Sept-21,25500,NIL
RAVI,Sidhnai,29-Sept-21,21241,3966
SUTLEJ,Bhakra,29-Sept-21,-,-
SUTLEJ,Sulemanki,29-Sept-21,16347,3517
SUTLEJ,Islam,29-Sept-21,1250,NIL
INDUS,Kalabagh,29-Sept-21,120476,112476
INDUS,Chashma,29-Sept-21,128884,111984
INDUS,Taunsa,29-Sept-21,110917,91202
INDUS,Guddu,29-Sept-21,97164,74644
INDUS,Sukkar,29-Sept-21,67110,21670
INDUS,Kotri,29-Sept-21,20075,3180
JHELUM,Kotli,29-Sept-21,-,2240
JHELUM,Mangla,29-Sept-21,16000,30315
JHELUM,Rasul,29-Sept-21,24706,5341
CHENAB,Jammu Tavi,29-Sept-21,-,-
CHENAB,Marala,29-Sept-21,25894,5000
CHENAB,Khanki,29-Sept-21,9949,2821
CHENAB,Qadirabad,29-Sept-21,17000,-
CHENAB,Trimmu,29-Sept-21,30432,14032
CHENAB,Punjnad,29-Sept-21,20694,5144
RAVI,Jassar,29-Sept-21,-,3141
RAVI,Shahdara,29-Sept-21,-,16985
RAVI,Balloki,29-Sept-21,26000,-
RAVI,Sidhnai,29-Sept-21,19358,1983
SUTLEJ,Bhakra,29-Sept-21,22985,12825
SUTLEJ,Sulemanki,29-Sept-21,16347,3517
SUTLEJ,Islam,29-Sept-21,1669,419
INDUS,Kalabagh,29-Sept-21,109751,101751
INDUS,Chashma,29-Sept-21,128689,111789
INDUS,Taunsa,29-Sept-21,110917,91202
INDUS,Guddu,29-Sept-21,96179,74644
INDUS,Sukkar,29-Sept-21,67700,24450
INDUS,Kotri,29-Sept-21,20080,6315
JHELUM,Kotli,29-Sept-21,-,1950
JHELUM,Mangla,29-Sept-21,17000,30315
JHELUM,Rasul,29-Sept-21,25631,5341
CHENAB,Jammu Tavi,29-Sept-21,-,-
CHENAB,Marala,29-Sept-21,27143,5000
CHENAB,Khanki,29-Sept-21,7128,NIL
CHENAB,Qadirabad,29-Sept-21,18477,1477
CHENAB,Trimmu,29-Sept-21,26841,10441
CHENAB,Punjnad,29-Sept-21,20694,5144
RAVI,Jassar,29-Sept-21,-,3141
RAVI,Shahdara,29-Sept-21,-,16576
RAVI,Balloki,29-Sept-21,28500,NIL
RAVI,Sidhnai,29-Sept-21,21014,3639
SUTLEJ,Bhakra,29-Sept-21,-,-
SUTLEJ,Sulemanki,29-Sept-21,14991,2035
SUTLEJ,Islam,29-Sept-21,1669,419
INDUS,Kalabagh,29-Sept-21,120476,112476
INDUS,Chashma,29-Sept-21,128928,111028
INDUS,Taunsa,29-Sept-21,110917,91202
INDUS,Guddu,29-Sept-21,96179,74644
INDUS,Sukkar,29-Sept-21,67700,24450
INDUS,Kotri,29-Sept-21,20080,6315
JHELUM,Kotli,29-Sept-21,-,1950
JHELUM,Mangla,29-Sept-21,16000,30315
JHELUM,Rasul,29-Sept-21,26131,5341
CHENAB,Jammu Tavi,29-Sept-21,-,-
CHENAB,Marala,29-Sept-21,27143,5000
CHENAB,Khanki,29-Sept-21,9949,2821
CHENAB,Qadirabad,29-Sept-21,18477,1477
CHENAB,Trimmu,29-Sept-21,26691,10441
CHENAB,Punjnad,29-Sept-21,20694,5144
RAVI,Jassar,29-Sept-21,-,3141
RAVI,Shahdara,29-Sept-21,-,16576
RAVI,Balloki,29-Sept-21,28500,NIL
RAVI,Sidhnai,29-Sept-21,18847,1322
SUTLEJ,Bhakra,29-Sept-21,-,-
SUTLEJ,Sulemanki,29-Sept-21,14991,2035
SUTLEJ,Islam,29-Sept-21,1669,419
INDUS,Kalabagh,30-Sept-21,122386,114386
INDUS,Chashma,30-Sept-21,128837,111937
INDUS,Taunsa,30-Sept-21,110917,91202
INDUS,Guddu,30-Sept-21,96179,74644
INDUS,Sukkar,30-Sept-21,69227,43027
INDUS,Kotri,30-Sept-21,20075,17520
JHELUM,Kotli,30-Sept-21,-,1950
JHELUM,Mangla,30-Sept-21,16000,28755
JHELUM,Rasul,30-Sept-21,28780,7990
CHENAB,Jammu Tavi,30-Sept-21,-,-
CHENAB,Marala,30-Sept-21,27143,5000
CHENAB,Khanki,30-Sept-21,8083,955
CHENAB,Qadirabad,30-Sept-21,18477,1477
CHENAB,Trimmu,30-Sept-21,22862,6612
CHENAB,Punjnad,30-Sept-21,20694,5144
RAVI,Jassar,30-Sept-21,-,3141
RAVI,Shahdara,30-Sept-21,-,14129
RAVI,Balloki,30-Sept-21,29500,NIL
RAVI,Sidhnai,30-Sept-21,18847,1322
SUTLEJ,Bhakra,30-Sept-21,-,-
SUTLEJ,Sulemanki,30-Sept-21,14991,2035
SUTLEJ,Islam,30-Sept-21,1669,419
INDUS,Kalabagh,30-Sept-21,131741,123741
INDUS,Chashma,30-Sept-21,128927,112027
INDUS,Taunsa,30-Sept-21,108268,89171
INDUS,Guddu,30-Sept-21,96079,73062
INDUS,Sukkar,30-Sept-21,70020,43670
INDUS,Kotri,30-Sept-21,21435,20650
JHELUM,Kotli,30-Sept-21,-,2240
JHELUM,Mangla,30-Sept-21,16000,30315
JHELUM,Rasul,30-Sept-21,26131,5341
CHENAB,Jammu Tavi,30-Sept-21,-,-
CHENAB,Marala,30-Sept-21,28112,5000
CHENAB,Khanki,30-Sept-21,9949,2821
CHENAB,Qadirabad,30-Sept-21,18477,1477
CHENAB,Trimmu,30-Sept-21,22862,6612
CHENAB,Punjnad,30-Sept-21,19344,4094
RAVI,Jassar,30-Sept-21,-,3141
RAVI,Shahdara,30-Sept-21,-,14129
RAVI,Balloki,30-Sept-21,29500,-
RAVI,Sidhnai,30-Sept-21,18847,1322
SUTLEJ,Bhakra,30-Sept-21,21966,16082
SUTLEJ,Sulemanki,30-Sept-21,14991,2035
SUTLEJ,Islam,30-Sept-21,2049,799
INDUS,Kalabagh,30-Sept-21,122386,114386
INDUS,Chashma,30-Sept-21,115698,98408
INDUS,Taunsa,30-Sept-21,108268,89171
INDUS,Guddu,30-Sept-21,87637,75070
INDUS,Sukkar,30-Sept-21,70020,43670
INDUS,Kotri,30-Sept-21,20900,20650
JHELUM,Kotli,30-Sept-21,-,2520
JHELUM,Mangla,30-Sept-21,16000,30315
JHELUM,Rasul,30-Sept-21,26131,5341
CHENAB,Jammu Tavi,30-Sept-21,-,-
CHENAB,Marala,30-Sept-21,28212,5000
CHENAB,Khanki,30-Sept-21,8083,955
CHENAB,Qadirabad,30-Sept-21,19836,2836
CHENAB,Trimmu,30-Sept-21,22862,6612
CHENAB,Punjnad,30-Sept-21,19344,4094
RAVI,Jassar,30-Sept-21,-,3141
RAVI,Shahdara,30-Sept-21,-,14129
RAVI,Balloki,30-Sept-21,29500,NIL
RAVI,Sidhnai,30-Sept-21,16425,NIL
SUTLEJ,Bhakra,30-Sept-21,-,-
SUTLEJ,Sulemanki,30-Sept-21,16464,3367
SUTLEJ,Islam,30-Sept-21,2049,799
INDUS,Kalabagh,30-Sept-21,111661,103661
INDUS,Chashma,30-Sept-21,106927,89233
INDUS,Taunsa,30-Sept-21,108268,89171
INDUS,Guddu,30-Sept-21,87637,75070
INDUS,Sukkar,30-Sept-21,70020,43670
INDUS,Kotri,30-Sept-21,20900,20650
JHELUM,Kotli,30-Sept-21,-,2240
JHELUM,Mangla,30-Sept-21,16000,30315
JHELUM,Rasul,30-Sept-21,20790,NIL
CHENAB,Jammu Tavi,30-Sept-21,-,-
CHENAB,Marala,30-Sept-21,27726,11700
CHENAB,Khanki,30-Sept-21,8033,955
CHENAB,Qadirabad,30-Sept-21,19836,2836
CHENAB,Trimmu,30-Sept-21,21563,5313
CHENAB,Punjnad,30-Sept-21,17794,4094
RAVI,Jassar,30-Sept-21,-,3141
RAVI,Shahdara,30-Sept-21,-,14129
RAVI,Balloki,30-Sept-21,29500,NIL
RAVI,Sidhnai,30-Sept-21,16425,NIL
SUTLEJ,Bhakra,30-Sept-21,-,-
SUTLEJ,Sulemanki,30-Sept-21,16464,3367
SUTLEJ,Islam,30-Sept-21,2049,799
INDUS,Kalabagh,01-Oct-21,110706,102706
INDUS,Chashma,01-Oct-21,106403,89564
INDUS,Taunsa,01-Oct-21,108268,89171
INDUS,Guddu,01-Oct-21,83689,73620
INDUS,Sukkar,01-Oct-21,69255,54455
INDUS,Kotri,01-Oct-21,20900,20650
JHELUM,Kotli,01-Oct-21,-,3100
JHELUM,Mangla,01-Oct-21,14000,28215
JHELUM,Rasul,01-Oct-21,26131,5341
CHENAB,Jammu Tavi,01-Oct-21,-,-
CHENAB,Marala,01-Oct-21,27726,5000
CHENAB,Khanki,01-Oct-21,8083,955
CHENAB,Qadirabad,01-Oct-21,19836,2836
CHENAB,Trimmu,01-Oct-21,21563,5313
CHENAB,Punjnad,01-Oct-21,17794,4094
RAVI,Jassar,01-Oct-21,-,3141
RAVI,Shahdara,01-Oct-21,-,13721
RAVI,Balloki,01-Oct-21,29500,NIL
RAVI,Sidhnai,01-Oct-21,16425,NIL
SUTLEJ,Bhakra,01-Oct-21,-,-
SUTLEJ,Sulemanki,01-Oct-21,16549,3367
SUTLEJ,Islam,01-Oct-21,1669,419
INDUS,Kalabagh,01-Oct-21,121431,113431
INDUS,Chashma,01-Oct-21,113411,99901
INDUS,Taunsa,01-Oct-21,108529,91715
INDUS,Guddu,01-Oct-21,83689,73620
INDUS,Sukkar,01-Oct-21,69255,54455
INDUS,Kotri,01-Oct-21,20900,20650
JHELUM,Kotli,01-Oct-21,-,7670
JHELUM,Mangla,01-Oct-21,15000,30315
JHELUM,Rasul,01-Oct-21,20790,-
CHENAB,Jammu Tavi,01-Oct-21,-,-
CHENAB,Marala,01-Oct-21,31927,8812
CHENAB,Khanki,01-Oct-21,8994,1866
CHENAB,Qadirabad,01-Oct-21,18477,1477
CHENAB,Trimmu,01-Oct-21,18930,2680
CHENAB,Punjnad,01-Oct-21,19038,5088
RAVI,Jassar,01-Oct-21,-,2888
RAVI,Shahdara,01-Oct-21,-,13721
RAVI,Balloki,01-Oct-21,29500,-
RAVI,Sidhnai,01-Oct-21,16425,-
SUTLEJ,Bhakra,01-Oct-21,22416,16000
SUTLEJ,Sulemanki,01-Oct-21,16549,3367
SUTLEJ,Islam,01-Oct-21,1669,419
INDUS,Kalabagh,01-Oct-21,121431,113431
INDUS,Chashma,01-Oct-21,113764,100264
INDUS,Taunsa,01-Oct-21,108529,91713
INDUS,Guddu,01-Oct-21,83689,73620
INDUS,Sukkar,01-Oct-21,69255,54455
INDUS,Kotri,01-Oct-21,20900,20650
JHELUM,Kotli,01-Oct-21,-,6530
JHELUM,Mangla,01-Oct-21,16000,30315
JHELUM,Rasul,01-Oct-21,26131,5341
CHENAB,Jammu Tavi,01-Oct-21,-,-
CHENAB,Marala,01-Oct-21,37368,13002
CHENAB,Khanki,01-Oct-21,8970,1866
CHENAB,Qadirabad,01-Oct-21,19836,2836
CHENAB,Trimmu,01-Oct-21,18930,2680
CHENAB,Punjnad,01-Oct-21,19038,5088
RAVI,Jassar,01-Oct-21,-,2888
RAVI,Shahdara,01-Oct-21,-,13721
RAVI,Balloki,01-Oct-21,29500,NIL
RAVI,Sidhnai,01-Oct-21,14970,NIL
SUTLEJ,Bhakra,01-Oct-21,-,-
SUTLEJ,Sulemanki,01-Oct-21,16549,3367
SUTLEJ,Islam,01-Oct-21,1669,419
INDUS,Kalabagh,01-Oct-21,88053,80853
INDUS,Chashma,01-Oct-21,113428,99928
INDUS,Taunsa,01-Oct-21,108529,91713
INDUS,Guddu,01-Oct-21,83689,73620
INDUS,Sukkar,01-Oct-21,69255,54455
INDUS,Kotri,01-Oct-21,20900,20650
JHELUM,Kotli,01-Oct-21,-,5100
JHELUM,Mangla,01-Oct-21,21000,30315
JHELUM,Rasul,01-Oct-21,26131,5341
CHENAB,Jammu Tavi,01-Oct-21,-,-
CHENAB,Marala,01-Oct-21,38407,13002
CHENAB,Khanki,01-Oct-21,8059,955
CHENAB,Qadirabad,01-Oct-21,19377,1477
CHENAB,Trimmu,01-Oct-21,19030,2680
CHENAB,Punjnad,01-Oct-21,17694,4094
RAVI,Jassar,01-Oct-21,-,2888
RAVI,Shahdara,01-Oct-21,-,13721
RAVI,Balloki,01-Oct-21,29500,NIL
RAVI,Sidhnai,01-Oct-21,14639,NIL
SUTLEJ,Bhakra,01-Oct-21,-,-
SUTLEJ,Sulemanki,01-Oct-21,16549,3367
SUTLEJ,Islam,01-Oct-21,1669,419
INDUS,Kalabagh,02-Oct-21,78244,71244
INDUS,Chashma,02-Oct-21,113594,100094
INDUS,Taunsa,02-Oct-21,108529,91713
INDUS,Guddu,02-Oct-21,83689,73620
INDUS,Sukkar,02-Oct-21,66440,37390
INDUS,Kotri,02-Oct-21,20120,14375
JHELUM,Kotli,02-Oct-21,-,4530
JHELUM,Mangla,02-Oct-21,25000,27415
JHELUM,Rasul,02-Oct-21,26181,5341
CHENAB,Jammu Tavi,02-Oct-21,-,-
CHENAB,Marala,02-Oct-21,30405,5000
CHENAB,Khanki,02-Oct-21,14568,7464
CHENAB,Qadirabad,02-Oct-21,19250,NIL
CHENAB,Trimmu,02-Oct-21,19030,2680
CHENAB,Punjnad,02-Oct-21,17694,4094
RAVI,Jassar,02-Oct-21,-,2888
RAVI,Shahdara,02-Oct-21,-,16576
RAVI,Balloki,02-Oct-21,29500,NIL
RAVI,Sidhnai,02-Oct-21,14639,NIL
SUTLEJ,Bhakra,02-Oct-21,-,-
SUTLEJ,Sulemanki,02-Oct-21,16549,3367
SUTLEJ,Islam,02-Oct-21,1669,419
INDUS,Kalabagh,02-Oct-21,99775,92775
INDUS,Chashma,02-Oct-21,113543,100043
INDUS,Taunsa,02-Oct-21,105466,91920
INDUS,Guddu,02-Oct-21,84120,71548
INDUS,Sukkar,02-Oct-21,66440,37390
INDUS,Kotri,02-Oct-21,19065,10560
JHELUM,Kotli,02-Oct-21,-,4240
JHELUM,Mangla,02-Oct-21,25000,30315
JHELUM,Rasul,02-Oct-21,26031,5341
CHENAB,Jammu Tavi,02-Oct-21,-,-
CHENAB,Marala,02-Oct-21,39048,12569
CHENAB,Khanki,02-Oct-21,19932,13050
CHENAB,Qadirabad,02-Oct-21,23436,2836
CHENAB,Trimmu,02-Oct-21,21776,5426
CHENAB,Punjnad,02-Oct-21,16888,3288
RAVI,Jassar,02-Oct-21,-,2888
RAVI,Shahdara,02-Oct-21,-,16576
RAVI,Balloki,02-Oct-21,29500,NIL
RAVI,Sidhnai,02-Oct-21,14639,NIL
SUTLEJ,Bhakra,02-Oct-21,19566,16000
SUTLEJ,Sulemanki,02-Oct-21,16549,3367
SUTLEJ,Islam,02-Oct-21,1669,419
INDUS,Kalabagh,02-Oct-21,88808,81808
INDUS,Chashma,02-Oct-21,113652,100152
INDUS,Taunsa,02-Oct-21,108466,91920
INDUS,Guddu,02-Oct-21,84120,71548
INDUS,Sukkar,02-Oct-21,66440,37390
INDUS,Kotri,02-Oct-21,19065,10560
JHELUM,Kotli,02-Oct-21,-,3950
JHELUM,Mangla,02-Oct-21,20000,32915
JHELUM,Rasul,02-Oct-21,26031,5341
CHENAB,Jammu Tavi,02-Oct-21,-,-
CHENAB,Marala,02-Oct-21,31468,5000
CHENAB,Khanki,02-Oct-21,14298,7464
CHENAB,Qadirabad,02-Oct-21,27572,5512
CHENAB,Trimmu,02-Oct-21,23104,6754
CHENAB,Punjnad,02-Oct-21,16888,3288
RAVI,Jassar,02-Oct-21,-,2888
RAVI,Shahdara,02-Oct-21,-,16576
RAVI,Balloki,02-Oct-21,31857,2375
RAVI,Sidhnai,02-Oct-21,14804,NIL
SUTLEJ,Bhakra,02-Oct-21,-,-
SUTLEJ,Sulemanki,02-Oct-21,15676,2494
SUTLEJ,Islam,02-Oct-21,1669,419
INDUS,Kalabagh,02-Oct-21,88808,81808
INDUS,Chashma,02-Oct-21,113531,100031
INDUS,Taunsa,02-Oct-21,108466,91920
INDUS,Guddu,02-Oct-21,84120,71548
INDUS,Sukkar,02-Oct-21,66440,37390
INDUS,Kotri,02-Oct-21,19065,10560
JHELUM,Kotli,02-Oct-21,-,3670
JHELUM,Mangla,02-Oct-21,16000,29015
JHELUM,Rasul,02-Oct-21,28680,7990
CHENAB,Jammu Tavi,02-Oct-21,-,-
CHENAB,Marala,02-Oct-21,31140,5000
CHENAB,Khanki,02-Oct-21,10566,3732
CHENAB,Qadirabad,02-Oct-21,27572,5572
CHENAB,Trimmu,02-Oct-21,23104,6754
CHENAB,Punjnad,02-Oct-21,17088,3288
RAVI,Jassar,02-Oct-21,-,2888
RAVI,Shahdara,02-Oct-21,-,16576
RAVI,Balloki,02-Oct-21,31875,2375
RAVI,Sidhnai,02-Oct-21,14474,NIL
SUTLEJ,Bhakra,02-Oct-21,-,-
SUTLEJ,Sulemanki,02-Oct-21,15676,2494
SUTLEJ,Islam,02-Oct-21,1669,419
INDUS,Kalabagh,03-Oct-21,99775,92775
INDUS,Chashma,03-Oct-21,113556,100056
INDUS,Taunsa,03-Oct-21,108466,91920
INDUS,Guddu,03-Oct-21,88779,73641
INDUS,Sukkar,03-Oct-21,66465,32365
INDUS,Kotri,03-Oct-21,18335,530
JHELUM,Kotli,03-Oct-21,-,4240
JHELUM,Mangla,03-Oct-21,18000,21015
JHELUM,Rasul,03-Oct-21,28680,7990
CHENAB,Jammu Tavi,03-Oct-21,-,-
CHENAB,Marala,03-Oct-21,31140,5000
CHENAB,Khanki,03-Oct-21,12432,5598
CHENAB,Qadirabad,03-Oct-21,24836,2836
CHENAB,Trimmu,03-Oct-21,23104,6754
CHENAB,Punjnad,03-Oct-21,17088,3288
RAVI,Jassar,03-Oct-21,-,2888
RAVI,Shahdara,03-Oct-21,-,20626
RAVI,Balloki,03-Oct-21,32470,2970
RAVI,Sidhnai,03-Oct-21,14474,NIL
SUTLEJ,Bhakra,03-Oct-21,-,-
SUTLEJ,Sulemanki,03-Oct-21,15676,2494
SUTLEJ,Islam,03-Oct-21,1250,NIL
INDUS,Kalabagh,03-Oct-21,99775,92775
INDUS,Chashma,03-Oct-21,113615,100115
INDUS,Taunsa,03-Oct-21,108466,91920
INDUS,Guddu,03-Oct-21,83134,64094
INDUS,Sukkar,03-Oct-21,66465,32365
INDUS,Kotri,03-Oct-21,18335,530
JHELUM,Kotli,03-Oct-21,-,3950
JHELUM,Mangla,03-Oct-21,17000,30715
JHELUM,Rasul,03-Oct-21,28988,7990
CHENAB,Jammu Tavi,03-Oct-21,-,-
CHENAB,Marala,03-Oct-21,31750,5000
CHENAB,Khanki,03-Oct-21,12432,5598
CHENAB,Qadirabad,03-Oct-21,24836,2836
CHENAB,Trimmu,03-Oct-21,23104,6754
CHENAB,Punjnad,03-Oct-21,14300,NIL
RAVI,Jassar,03-Oct-21,-,2635
RAVI,Shahdara,03-Oct-21,-,20626
RAVI,Balloki,03-Oct-21,33325,3825
RAVI,Sidhnai,03-Oct-21,14474,NIL
SUTLEJ,Bhakra,03-Oct-21,21688,15626
SUTLEJ,Sulemanki,03-Oct-21,15676,2494
SUTLEJ,Islam,03-Oct-21,1250,NIL
INDUS,Kalabagh,03-Oct-21,110661,103661
INDUS,Chashma,03-Oct-21,113654,100154
INDUS,Taunsa,03-Oct-21,96572,80015
INDUS,Guddu,03-Oct-21,79460,60420
INDUS,Sukkar,03-Oct-21,66465,32365
INDUS,Kotri,03-Oct-21,18335,530
JHELUM,Kotli,03-Oct-21,-,3670
JHELUM,Mangla,03-Oct-21,20000,32515
JHELUM,Rasul,03-Oct-21,20998,NIL
CHENAB,Jammu Tavi,03-Oct-21,-,-
CHENAB,Marala,03-Oct-21,30990,5000
CHENAB,Khanki,03-Oct-21,15253,8419
CHENAB,Qadirabad,03-Oct-21,22000,NIL
CHENAB,Trimmu,03-Oct-21,20568,4218
CHENAB,Punjnad,03-Oct-21,14300,NIL
RAVI,Jassar,03-Oct-21,-,2635
RAVI,Shahdara,03-Oct-21,-,20626
RAVI,Balloki,03-Oct-21,35080,5580
RAVI,Sidhnai,03-Oct-21,14148,NIL
SUTLEJ,Bhakra,03-Oct-21,-,-
SUTLEJ,Sulemanki,03-Oct-21,15676,2494
SUTLEJ,Islam,03-Oct-21,1250,NIL
INDUS,Kalabagh,03-Oct-21,98820,91820
INDUS,Chashma,03-Oct-21,113188,99688
INDUS,Taunsa,03-Oct-21,96572,80015
INDUS,Guddu,03-Oct-21,79460,60420
INDUS,Sukkar,03-Oct-21,66465,32365
INDUS,Kotri,03-Oct-21,18335,530
JHELUM,Kotli,03-Oct-21,-,3380
JHELUM,Mangla,03-Oct-21,24000,30715
JHELUM,Rasul,03-Oct-21,20998,NIL
CHENAB,Jammu Tavi,03-Oct-21,-,-
CHENAB,Marala,03-Oct-21,30890,5000
CHENAB,Khanki,03-Oct-21,8700,1866
CHENAB,Qadirabad,03-Oct-21,26172,4172
CHENAB,Trimmu,03-Oct-21,20568,4218
CHENAB,Punjnad,03-Oct-21,13768,2168
RAVI,Jassar,03-Oct-21,-,2635
RAVI,Shahdara,03-Oct-21,-,20626
RAVI,Balloki,03-Oct-21,35955,6455
RAVI,Sidhnai,03-Oct-21,13826,NIL
SUTLEJ,Bhakra,03-Oct-21,-,-
SUTLEJ,Sulemanki,03-Oct-21,15676,2494
SUTLEJ,Islam,03-Oct-21,1250,NIL
INDUS,Kalabagh,04-Oct-21,87853,80853
INDUS,Chashma,04-Oct-21,113690,10190
INDUS,Taunsa,04-Oct-21,96572,80015
INDUS,Guddu,04-Oct-21,79460,60420
INDUS,Sukkar,04-Oct-21,65510,29260
INDUS,Kotri,04-Oct-21,18335,530
JHELUM,Kotli,04-Oct-21,-,3380
JHELUM,Mangla,04-Oct-21,21000,28515
JHELUM,Rasul,04-Oct-21,28988,7990
CHENAB,Jammu Tavi,04-Oct-21,-,-
CHENAB,Marala,04-Oct-21,30890,5000
CHENAB,Khanki,04-Oct-21,10566,3732
CHENAB,Qadirabad,04-Oct-21,23477,1477
CHENAB,Trimmu,04-Oct-21,19194,2844
CHENAB,Punjnad,04-Oct-21,13768,2168
RAVI,Jassar,04-Oct-21,-,2635
RAVI,Shahdara,04-Oct-21,-,20626
RAVI,Balloki,04-Oct-21,36835,7335
RAVI,Sidhnai,04-Oct-21,13826,NIL
SUTLEJ,Bhakra,04-Oct-21,-,-
SUTLEJ,Sulemanki,04-Oct-21,15676,2494
SUTLEJ,Islam,04-Oct-21,1250,NIL
INDUS,Kalabagh,04-Oct-21,98820,91820
INDUS,Chashma,04-Oct-21,113516,100016
INDUS,Taunsa,04-Oct-21,96672,80015
INDUS,Guddu,04-Oct-21,79460,60420
INDUS,Sukkar,04-Oct-21,65180,27700
INDUS,Kotri,04-Oct-21,18335,530
JHELUM,Kotli,04-Oct-21,-,3100
JHELUM,Mangla,04-Oct-21,19000,32615
JHELUM,Rasul,04-Oct-21,28938,7990
CHENAB,Jammu Tavi,04-Oct-21,-,-
CHENAB,Marala,04-Oct-21,30590,5000
CHENAB,Khanki,04-Oct-21,10566,3732
CHENAB,Qadirabad,04-Oct-21,22000,-
CHENAB,Trimmu,04-Oct-21,19194,2844
CHENAB,Punjnad,04-Oct-21,11600,-
RAVI,Jassar,04-Oct-21,-,2888
RAVI,Shahdara,04-Oct-21,-,20626
RAVI,Balloki,04-Oct-21,37710,8210
RAVI,Sidhnai,04-Oct-21,13826,-
SUTLEJ,Bhakra,04-Oct-21,20808,15945
SUTLEJ,Sulemanki,04-Oct-21,15676,2494
SUTLEJ,Islam,04-Oct-21,1250,-
INDUS,Kalabagh,04-Oct-21,109706,102706
INDUS,Chashma,04-Oct-21,110983,99987
INDUS,Taunsa,04-Oct-21,96672,80015
INDUS,Guddu,04-Oct-21,81455,60420
INDUS,Sukkar,04-Oct-21,65180,27700
INDUS,Kotri,04-Oct-21,18335,530
JHELUM,Kotli,04-Oct-21,-,2810
JHELUM,Mangla,04-Oct-21,17000,32815
JHELUM,Rasul,04-Oct-21,26289,5341
CHENAB,Jammu Tavi,04-Oct-21,-,-
CHENAB,Marala,04-Oct-21,30590,5000
CHENAB,Khanki,04-Oct-21,8700,1866
CHENAB,Qadirabad,04-Oct-21,23477,1477
CHENAB,Trimmu,04-Oct-21,19194,2844
CHENAB,Punjnad,04-Oct-21,11600,NIL
RAVI,Jassar,04-Oct-21,-,2888
RAVI,Shahdara,04-Oct-21,-,20626
RAVI,Balloki,04-Oct-21,38590,9090
RAVI,Sidhnai,04-Oct-21,13573,NIL
SUTLEJ,Bhakra,04-Oct-21,-,-
SUTLEJ,Sulemanki,04-Oct-21,16526,3344
SUTLEJ,Islam,04-Oct-21,1250,NIL
INDUS,Kalabagh,04-Oct-21,98820,91820
INDUS,Chashma,04-Oct-21,111302,99902
INDUS,Taunsa,04-Oct-21,96672,80015
INDUS,Guddu,04-Oct-21,81455,60420
INDUS,Sukkar,04-Oct-21,65180,27700
INDUS,Kotri,04-Oct-21,18335,530
JHELUM,Kotli,04-Oct-21,-,2810
JHELUM,Mangla,04-Oct-21,16000,31015
JHELUM,Rasul,04-Oct-21,26289,5341
CHENAB,Jammu Tavi,04-Oct-21,-,-
CHENAB,Marala,04-Oct-21,30090,5000
CHENAB,Khanki,04-Oct-21,10566,3732
CHENAB,Qadirabad,04-Oct-21,22000,NIL
CHENAB,Trimmu,04-Oct-21,19194,2844
CHENAB,Punjnad,04-Oct-21,11395,NIL
RAVI,Jassar,04-Oct-21,-,2888
RAVI,Shahdara,04-Oct-21,-,20626
RAVI,Balloki,04-Oct-21,37290,9090
RAVI,Sidhnai,04-Oct-21,13997,NIL
SUTLEJ,Bhakra,04-Oct-21,-,-
SUTLEJ,Sulemanki,04-Oct-21,16526,3344
SUTLEJ,Islam,04-Oct-21,1250,NIL
INDUS,Kalabagh,05-Oct-21,108035,101035
INDUS,Chashma,05-Oct-21,110181,100041
INDUS,Taunsa,05-Oct-21,96672,80015
INDUS,Guddu,05-Oct-21,79820,58785
INDUS,Sukkar,05-Oct-21,56018,16333
INDUS,Kotri,05-Oct-21,20985,3180
JHELUM,Kotli,05-Oct-21,-,2520
JHELUM,Mangla,05-Oct-21,15000,24555
JHELUM,Rasul,05-Oct-21,26289,5341
CHENAB,Jammu Tavi,05-Oct-21,-,-
CHENAB,Marala,05-Oct-21,30090,5000
CHENAB,Khanki,05-Oct-21,10566,3732
CHENAB,Qadirabad,05-Oct-21,22000,NIL
CHENAB,Trimmu,05-Oct-21,19194,2844
CHENAB,Punjnad,05-Oct-21,11395,NIL
RAVI,Jassar,05-Oct-21,-,2888
RAVI,Shahdara,05-Oct-21,-,19496
RAVI,Balloki,05-Oct-21,38170,9970
RAVI,Sidhnai,05-Oct-21,13997,NIL
SUTLEJ,Bhakra,05-Oct-21,-,-
SUTLEJ,Sulemanki,05-Oct-21,16944,4159
SUTLEJ,Islam,05-Oct-21,1250,NIL
INDUS,Kalabagh,05-Oct-21,108035,101035
INDUS,Chashma,05-Oct-21,109018,99948
INDUS,Taunsa,05-Oct-21,96672,80015
INDUS,Guddu,05-Oct-21,79820,58785
INDUS,Sukkar,05-Oct-21,56018,16333
INDUS,Kotri,05-Oct-21,20985,3180
JHELUM,Kotli,05-Oct-21,-,2240
JHELUM,Mangla,05-Oct-21,18000,31215
JHELUM,Rasul,05-Oct-21,28938,7990
CHENAB,Jammu Tavi,05-Oct-21,-,-
CHENAB,Marala,05-Oct-21,28567,5000
CHENAB,Khanki,05-Oct-21,8700,1866
CHENAB,Qadirabad,05-Oct-21,22000,-
CHENAB,Trimmu,05-Oct-21,19194,2844
CHENAB,Punjnad,05-Oct-21,10648,-
RAVI,Jassar,05-Oct-21,-,2888
RAVI,Shahdara,05-Oct-21,-,19496
RAVI,Balloki,05-Oct-21,37590,9090
RAVI,Sidhnai,05-Oct-21,13997,-
SUTLEJ,Bhakra,05-Oct-21,18951,16458
SUTLEJ,Sulemanki,05-Oct-21,16944,4159
SUTLEJ,Islam,05-Oct-21,1669,419
INDUS,Kalabagh,05-Oct-21,118707,111707
INDUS,Chashma,05-Oct-21,87626,79341
INDUS,Taunsa,05-Oct-21,96672,80015
INDUS,Guddu,05-Oct-21,78188,57153
INDUS,Sukkar,05-Oct-21,56018,16333
INDUS,Kotri,05-Oct-21,20985,3180
JHELUM,Kotli,05-Oct-21,-,2240
JHELUM,Mangla,05-Oct-21,19000,33015
JHELUM,Rasul,05-Oct-21,20948,NIL
CHENAB,Jammu Tavi,05-Oct-21,-,-
CHENAB,Marala,05-Oct-21,27235,5000
CHENAB,Khanki,05-Oct-21,8700,1866
CHENAB,Qadirabad,05-Oct-21,22000,NIL
CHENAB,Trimmu,05-Oct-21,19194,2844
CHENAB,Punjnad,05-Oct-21,10648,NIL
RAVI,Jassar,05-Oct-21,-,2888
RAVI,Shahdara,05-Oct-21,-,19496
RAVI,Balloki,05-Oct-21,37800,9300
RAVI,Sidhnai,05-Oct-21,14000,NIL
SUTLEJ,Bhakra,05-Oct-21,-,-
SUTLEJ,Sulemanki,05-Oct-21,16867,4159
SUTLEJ,Islam,05-Oct-21,1669,419
INDUS,Kalabagh,05-Oct-21,86182,79182
INDUS,Chashma,05-Oct-21,88545,79886
INDUS,Taunsa,05-Oct-21,96672,80015
INDUS,Guddu,05-Oct-21,78188,57153
INDUS,Sukkar,05-Oct-21,56018,16333
INDUS,Kotri,05-Oct-21,20985,3180
JHELUM,Kotli,05-Oct-21,-,1950
JHELUM,Mangla,05-Oct-21,16000,34015
JHELUM,Rasul,05-Oct-21,26239,5341
CHENAB,Jammu Tavi,05-Oct-21,-,-
CHENAB,Marala,05-Oct-21,27445,5000
CHENAB,Khanki,05-Oct-21,8700,1866
CHENAB,Qadirabad,05-Oct-21,22000,NIL
CHENAB,Trimmu,05-Oct-21,19044,2844
CHENAB,Punjnad,05-Oct-21,10648,NIL
RAVI,Jassar,05-Oct-21,-,2888
RAVI,Shahdara,05-Oct-21,-,19496
RAVI,Balloki,05-Oct-21,37800,9300
RAVI,Sidhnai,05-Oct-21,14800,NIL
SUTLEJ,Bhakra,05-Oct-21,-,-
SUTLEJ,Sulemanki,05-Oct-21,16867,4159
SUTLEJ,Islam,05-Oct-21,1669,419
INDUS,Kalabagh,06-Oct-21,86898,79898
INDUS,Chashma,06-Oct-21,86934,79565
INDUS,Taunsa,06-Oct-21,96672,80015
INDUS,Guddu,06-Oct-21,75681,54357
INDUS,Sukkar,06-Oct-21,54435,13860
INDUS,Kotri,06-Oct-21,22710,4905
JHELUM,Kotli,06-Oct-21,-,2240
JHELUM,Mangla,06-Oct-21,16000,18615
JHELUM,Rasul,06-Oct-21,26239,5341
CHENAB,Jammu Tavi,06-Oct-21,-,-
CHENAB,Marala,06-Oct-21,27445,5000
CHENAB,Khanki,06-Oct-21,8700,1866
CHENAB,Qadirabad,06-Oct-21,22000,NIL
CHENAB,Trimmu,06-Oct-21,19044,2844
CHENAB,Punjnad,06-Oct-21,10648,NIL
RAVI,Jassar,06-Oct-21,-,2888
RAVI,Shahdara,06-Oct-21,-,19496
RAVI,Balloki,06-Oct-21,37800,9300
RAVI,Sidhnai,06-Oct-21,15721,NIL
SUTLEJ,Bhakra,06-Oct-21,-,-
SUTLEJ,Sulemanki,06-Oct-21,16867,4159
SUTLEJ,Islam,06-Oct-21,1669,419
INDUS,Kalabagh,06-Oct-21,97865,90865
INDUS,Chashma,06-Oct-21,93315,88900
INDUS,Taunsa,06-Oct-21,96572,80015
INDUS,Guddu,06-Oct-21,73986,52662
INDUS,Sukkar,06-Oct-21,54435,13860
INDUS,Kotri,06-Oct-21,22710,4905
JHELUM,Kotli,06-Oct-21,-,2240
JHELUM,Mangla,06-Oct-21,18000,32615
JHELUM,Rasul,06-Oct-21,32793,11895
CHENAB,Jammu Tavi,06-Oct-21,-,-
CHENAB,Marala,06-Oct-21,27445,5000
CHENAB,Khanki,06-Oct-21,8700,1866
CHENAB,Qadirabad,06-Oct-21,22000,-
CHENAB,Trimmu,06-Oct-21,19044,2844
CHENAB,Punjnad,06-Oct-21,10230,-
RAVI,Jassar,06-Oct-21,-,2635
RAVI,Shahdara,06-Oct-21,-,16576
RAVI,Balloki,06-Oct-21,37800,9300
RAVI,Sidhnai,06-Oct-21,15721,-
SUTLEJ,Bhakra,06-Oct-21,-,-
SUTLEJ,Sulemanki,06-Oct-21,16867,4159
SUTLEJ,Islam,06-Oct-21,1669,419
INDUS,Kalabagh,06-Oct-21,81414,74414
INDUS,Chashma,06-Oct-21,92582,89082
INDUS,Taunsa,06-Oct-21,96572,80015
INDUS,Guddu,06-Oct-21,73986,52662
INDUS,Sukkar,06-Oct-21,54435,13860
INDUS,Kotri,06-Oct-21,22710,4905
JHELUM,Kotli,06-Oct-21,-,1950
JHELUM,Mangla,06-Oct-21,16000,33115
JHELUM,Rasul,06-Oct-21,20898,NIL
CHENAB,Jammu Tavi,06-Oct-21,-,-
CHENAB,Marala,06-Oct-21,25220,5000
CHENAB,Khanki,06-Oct-21,8700,1866
CHENAB,Qadirabad,06-Oct-21,22000,NIL
CHENAB,Trimmu,06-Oct-21,19044,2844
CHENAB,Punjnad,06-Oct-21,10230,NIL
RAVI,Jassar,06-Oct-21,-,2635
RAVI,Shahdara,06-Oct-21,-,16576
RAVI,Balloki,06-Oct-21,37645,8145
RAVI,Sidhnai,06-Oct-21,18997,1322
SUTLEJ,Bhakra,06-Oct-21,-,-
SUTLEJ,Sulemanki,06-Oct-21,16959,4159
SUTLEJ,Islam,06-Oct-21,2049,799
INDUS,Kalabagh,06-Oct-21,76334,69334
INDUS,Chashma,06-Oct-21,92529,89029
INDUS,Taunsa,06-Oct-21,96572,80015
INDUS,Guddu,06-Oct-21,73986,52662
INDUS,Sukkar,06-Oct-21,54435,13860
INDUS,Kotri,06-Oct-21,22710,4905
JHELUM,Kotli,06-Oct-21,-,1670
JHELUM,Mangla,06-Oct-21,15000,29115
JHELUM,Rasul,06-Oct-21,20898,NIL
CHENAB,Jammu Tavi,06-Oct-21,-,-
CHENAB,Marala,06-Oct-21,20046,5000
CHENAB,Khanki,06-Oct-21,8700,1866
CHENAB,Qadirabad,06-Oct-21,22000,NIL
CHENAB,Trimmu,06-Oct-21,19044,2844
CHENAB,Punjnad,06-Oct-21,10230,NIL
RAVI,Jassar,06-Oct-21,-,2635
RAVI,Shahdara,06-Oct-21,-,16576
RAVI,Balloki,06-Oct-21,36490,6990
RAVI,Sidhnai,06-Oct-21,19658,1983
SUTLEJ,Bhakra,06-Oct-21,-,-
SUTLEJ,Sulemanki,06-Oct-21,16959,4159
SUTLEJ,Islam,06-Oct-21,2049,799
INDUS,Kalabagh,07-Oct-21,76334,69334
INDUS,Chashma,07-Oct-21,94327,88758
INDUS,Taunsa,07-Oct-21,96572,80015
INDUS,Guddu,07-Oct-21,71983,50639
INDUS,Sukkar,07-Oct-21,50205,11370
INDUS,Kotri,07-Oct-21,33745,15940
JHELUM,Kotli,07-Oct-21,-,2240
JHELUM,Mangla,07-Oct-21,16000,18615
JHELUM,Rasul,07-Oct-21,26239,5341
CHENAB,Jammu Tavi,07-Oct-21,-,-
CHENAB,Marala,07-Oct-21,20046,5000
CHENAB,Khanki,07-Oct-21,8700,1866
CHENAB,Qadirabad,07-Oct-21,21000,NIL
CHENAB,Trimmu,07-Oct-21,19044,2844
CHENAB,Punjnad,07-Oct-21,10230,NIL
RAVI,Jassar,07-Oct-21,-,2635
RAVI,Shahdara,07-Oct-21,-,13721
RAVI,Balloki,07-Oct-21,36490,6990
RAVI,Sidhnai,07-Oct-21,19658,1983
SUTLEJ,Bhakra,07-Oct-21,-,-
SUTLEJ,Sulemanki,07-Oct-21,16959,4159
SUTLEJ,Islam,07-Oct-21,2049,799
INDUS,Kalabagh,07-Oct-21,73432,66432
INDUS,Chashma,07-Oct-21,90533,89102
INDUS,Taunsa,07-Oct-21,96163,79675
INDUS,Guddu,07-Oct-21,71963,50639
INDUS,Sukkar,07-Oct-21,50205,11370
INDUS,Kotri,07-Oct-21,28977,11172
JHELUM,Kotli,07-Oct-21,-,1950
JHELUM,Mangla,07-Oct-21,18000,33115
JHELUM,Rasul,07-Oct-21,28888,7990
CHENAB,Jammu Tavi,07-Oct-21,-,-
CHENAB,Marala,07-Oct-21,20046,5000
CHENAB,Khanki,07-Oct-21,7789,955
CHENAB,Qadirabad,07-Oct-21,21000,-
CHENAB,Trimmu,07-Oct-21,16200,-
CHENAB,Punjnad,07-Oct-21,10230,-
RAVI,Jassar,07-Oct-21,-,3648
RAVI,Shahdara,07-Oct-21,-,13721
RAVI,Balloki,07-Oct-21,35390,5890
RAVI,Sidhnai,07-Oct-21,20630,3305
SUTLEJ,Bhakra,07-Oct-21,16513,15800
SUTLEJ,Sulemanki,07-Oct-21,16959,4159
SUTLEJ,Islam,07-Oct-21,2049,799
INDUS,Kalabagh,07-Oct-21,73432,66432
INDUS,Chashma,07-Oct-21,90870,89034
INDUS,Taunsa,07-Oct-21,96163,79675
INDUS,Guddu,07-Oct-21,69887,48563
INDUS,Sukkar,07-Oct-21,21324,11370
INDUS,Kotri,07-Oct-21,28977,11172
JHELUM,Kotli,07-Oct-21,-,1670
JHELUM,Mangla,07-Oct-21,16000,33515
JHELUM,Rasul,07-Oct-21,20898,NIL
CHENAB,Jammu Tavi,07-Oct-21,-,-
CHENAB,Marala,07-Oct-21,19518,5000
CHENAB,Khanki,07-Oct-21,9447,2821
CHENAB,Qadirabad,07-Oct-21,21000,NIL
CHENAB,Trimmu,07-Oct-21,16300,NIL
CHENAB,Punjnad,07-Oct-21,10230,NIL
RAVI,Jassar,07-Oct-21,-,3648
RAVI,Shahdara,07-Oct-21,-,13721
RAVI,Balloki,07-Oct-21,34820,5320
RAVI,Sidhnai,07-Oct-21,20630,3305
SUTLEJ,Bhakra,07-Oct-21,-,-
SUTLEJ,Sulemanki,07-Oct-21,16959,4159
SUTLEJ,Islam,07-Oct-21,2481,1231
INDUS,Kalabagh,07-Oct-21,62660,55660
INDUS,Chashma,07-Oct-21,82326,78826
INDUS,Taunsa,07-Oct-21,96163,79675
INDUS,Guddu,07-Oct-21,69887,48563
INDUS,Sukkar,07-Oct-21,50205,11370
INDUS,Kotri,07-Oct-21,28977,11172
JHELUM,Kotli,07-Oct-21,-,1670
JHELUM,Mangla,07-Oct-21,15000,33115
JHELUM,Rasul,07-Oct-21,20898,Nil
CHENAB,Jammu Tavi,07-Oct-21,-,-
CHENAB,Marala,07-Oct-21,19518,5000
CHENAB,Khanki,07-Oct-21,7581,955
CHENAB,Qadirabad,07-Oct-21,21000,NIL
CHENAB,Trimmu,07-Oct-21,15676,Nil
CHENAB,Punjnad,07-Oct-21,10230,NIL
RAVI,Jassar,07-Oct-21,-,3648
RAVI,Shahdara,07-Oct-21,-,13721
RAVI,Balloki,07-Oct-21,34820,5320
RAVI,Sidhnai,07-Oct-21,20630,3305
SUTLEJ,Bhakra,07-Oct-21,-,-
SUTLEJ,Sulemanki,07-Oct-21,16959,4159
SUTLEJ,Islam,07-Oct-21,2481,1231
INDUS,Kalabagh,08-Oct-21,74387,67387
INDUS,Chashma,08-Oct-21,82710,79210
INDUS,Taunsa,08-Oct-21,96163,79675
INDUS,Guddu,08-Oct-21,67538,46214
INDUS,Sukkar,08-Oct-21,46705,10370
INDUS,Kotri,08-Oct-21,26085,2880
JHELUM,Kotli,08-Oct-21,-,1940
JHELUM,Mangla,08-Oct-21,13000,20155
JHELUM,Rasul,08-Oct-21,28888,7990
CHENAB,Jammu Tavi,08-Oct-21,-,-
CHENAB,Marala,08-Oct-21,19518,5000
CHENAB,Khanki,08-Oct-21,8492,1866
CHENAB,Qadirabad,08-Oct-21,20000,NIL
CHENAB,Trimmu,08-Oct-21,14650,Nil
CHENAB,Punjnad,08-Oct-21,10230,NIL
RAVI,Jassar,08-Oct-21,-,3648
RAVI,Shahdara,08-Oct-21,-,8249
RAVI,Balloki,08-Oct-21,34225,4725
RAVI,Sidhnai,08-Oct-21,20630,3305
SUTLEJ,Bhakra,08-Oct-21,-,-
SUTLEJ,Sulemanki,08-Oct-21,17417,4479
SUTLEJ,Islam,08-Oct-21,2481,1231
INDUS,Kalabagh,08-Oct-21,80147,73147
INDUS,Chashma,08-Oct-21,87515,84015
INDUS,Taunsa,08-Oct-21,85410,70643
INDUS,Guddu,08-Oct-21,67538,46214
INDUS,Sukkar,08-Oct-21,46705,10370
INDUS,Kotri,08-Oct-21,26085,2880
JHELUM,Kotli,08-Oct-21,-,1670
JHELUM,Mangla,08-Oct-21,16000,33815
JHELUM,Rasul,08-Oct-21,28888,7990
CHENAB,Jammu Tavi,08-Oct-21,-,-
CHENAB,Marala,08-Oct-21,19518,5000
CHENAB,Khanki,08-Oct-21,8492,1866
CHENAB,Qadirabad,08-Oct-21,20000,-
CHENAB,Trimmu,08-Oct-21,14650,-
CHENAB,Punjnad,08-Oct-21,9420,-
RAVI,Jassar,08-Oct-21,-,3648
RAVI,Shahdara,08-Oct-21,-,8249
RAVI,Balloki,08-Oct-21,34225,4725
RAVI,Sidhnai,08-Oct-21,20228,2978
SUTLEJ,Bhakra,08-Oct-21,14710,15067
SUTLEJ,Sulemanki,08-Oct-21,17417,4479
SUTLEJ,Islam,08-Oct-21,2481,1231
INDUS,Kalabagh,08-Oct-21,84447,77447
INDUS,Chashma,08-Oct-21,87783,84283
INDUS,Taunsa,08-Oct-21,85410,70643
INDUS,Guddu,08-Oct-21,67538,46214
INDUS,Sukkar,08-Oct-21,46705,10370
INDUS,Kotri,08-Oct-21,26085,2880
JHELUM,Kotli,08-Oct-21,-,1670
JHELUM,Mangla,08-Oct-21,15000,28015
JHELUM,Rasul,08-Oct-21,20795,NIL
CHENAB,Jammu Tavi,08-Oct-21,-,-
CHENAB,Marala,08-Oct-21,19518,5000
CHENAB,Khanki,08-Oct-21,7581,955
CHENAB,Qadirabad,08-Oct-21,20000,NIL
CHENAB,Trimmu,08-Oct-21,13370,NIL
CHENAB,Punjnad,08-Oct-21,9420,NIL
RAVI,Jassar,08-Oct-21,-,3648
RAVI,Shahdara,08-Oct-21,-,8249
RAVI,Balloki,08-Oct-21,31875,2375
RAVI,Sidhnai,08-Oct-21,20228,2978
SUTLEJ,Bhakra,08-Oct-21,-,-
SUTLEJ,Sulemanki,08-Oct-21,17097,4159
SUTLEJ,Islam,08-Oct-21,2481,1231
INDUS,Kalabagh,08-Oct-21,58067,51067
INDUS,Chashma,08-Oct-21,87290,83790
INDUS,Taunsa,08-Oct-21,85410,70643
INDUS,Guddu,08-Oct-21,67538,46214
INDUS,Sukkar,08-Oct-21,46705,10370
INDUS,Kotri,08-Oct-21,26085,17805
JHELUM,Kotli,08-Oct-21,-,1400
JHELUM,Mangla,08-Oct-21,12000,27115
JHELUM,Rasul,08-Oct-21,26136,5341
CHENAB,Jammu Tavi,08-Oct-21,-,-
CHENAB,Marala,08-Oct-21,19518,5000
CHENAB,Khanki,08-Oct-21,7581,955
CHENAB,Qadirabad,08-Oct-21,20000,NIL
CHENAB,Trimmu,08-Oct-21,12899,Nil
CHENAB,Punjnad,08-Oct-21,9420,NIL
RAVI,Jassar,08-Oct-21,-,3648
RAVI,Shahdara,08-Oct-21,-,8249
RAVI,Balloki,08-Oct-21,31875,2375
RAVI,Sidhnai,08-Oct-21,19233,1983
SUTLEJ,Bhakra,08-Oct-21,-,-
SUTLEJ,Sulemanki,08-Oct-21,17097,4159
SUTLEJ,Islam,08-Oct-21,2481,1231
INDUS,Kalabagh,09-Oct-21,68239,61329
INDUS,Chashma,09-Oct-21,87273,83773
INDUS,Taunsa,09-Oct-21,85410,70643
INDUS,Guddu,09-Oct-21,67538,46214
INDUS,Sukkar,09-Oct-21,43090,33890
INDUS,Kotri,09-Oct-21,23190,17805
JHELUM,Kotli,09-Oct-21,-,1670
JHELUM,Mangla,09-Oct-21,11000,25155
JHELUM,Rasul,09-Oct-21,26136,5341
CHENAB,Jammu Tavi,09-Oct-21,-,-
CHENAB,Marala,09-Oct-21,19518,5000
CHENAB,Khanki,09-Oct-21,8492,1866
CHENAB,Qadirabad,09-Oct-21,20000,NIL
CHENAB,Trimmu,09-Oct-21,12684,Nil
CHENAB,Punjnad,09-Oct-21,9420,NIL
RAVI,Jassar,09-Oct-21,-,3648
RAVI,Shahdara,09-Oct-21,-,4429
RAVI,Balloki,09-Oct-21,30690,1190
RAVI,Sidhnai,09-Oct-21,19233,1983
SUTLEJ,Bhakra,09-Oct-21,-,-
SUTLEJ,Sulemanki,09-Oct-21,17097,4159
SUTLEJ,Islam,09-Oct-21,2730,1481
INDUS,Kalabagh,09-Oct-21,62615,55615
INDUS,Chashma,09-Oct-21,85589,83753
INDUS,Taunsa,09-Oct-21,85410,70643
INDUS,Guddu,09-Oct-21,67538,46214
INDUS,Sukkar,09-Oct-21,43090,9200
INDUS,Kotri,09-Oct-21,23190,5385
JHELUM,Kotli,09-Oct-21,-,1670
JHELUM,Mangla,09-Oct-21,16000,34315
JHELUM,Rasul,09-Oct-21,26136,5341
CHENAB,Jammu Tavi,09-Oct-21,-,-
CHENAB,Marala,09-Oct-21,19518,5000
CHENAB,Khanki,09-Oct-21,8492,1866
CHENAB,Qadirabad,09-Oct-21,20000,NIL
CHENAB,Trimmu,09-Oct-21,11257,Nil
CHENAB,Punjnad,09-Oct-21,8910,NIL
RAVI,Jassar,09-Oct-21,-,3648
RAVI,Shahdara,09-Oct-21,-,4429
RAVI,Balloki,09-Oct-21,29000,NIL
RAVI,Sidhnai,09-Oct-21,19233,1983
SUTLEJ,Bhakra,09-Oct-21,15032,16458
SUTLEJ,Sulemanki,09-Oct-21,17097,4159
SUTLEJ,Islam,09-Oct-21,2731,1481
INDUS,Kalabagh,09-Oct-21,73387,66387
INDUS,Chashma,09-Oct-21,87613,84113
INDUS,Taunsa,09-Oct-21,85410,70643
INDUS,Guddu,09-Oct-21,67538,46214
INDUS,Sukkar,09-Oct-21,43090,9200
INDUS,Kotri,09-Oct-21,23190,5385
JHELUM,Kotli,09-Oct-21,-,1400
JHELUM,Mangla,09-Oct-21,13000,33815
JHELUM,Rasul,09-Oct-21,20795,NIL
CHENAB,Jammu Tavi,09-Oct-21,-,-
CHENAB,Marala,09-Oct-21,19687,5000
CHENAB,Khanki,09-Oct-21,7627,955
CHENAB,Qadirabad,09-Oct-21,20000,NIL
CHENAB,Trimmu,09-Oct-21,10874,Nil
CHENAB,Punjnad,09-Oct-21,8910,NIL
RAVI,Jassar,09-Oct-21,-,3648
RAVI,Shahdara,09-Oct-21,-,4429
RAVI,Balloki,09-Oct-21,29000,NIL
RAVI,Sidhnai,09-Oct-21,17250,NIL
SUTLEJ,Bhakra,09-Oct-21,-,-
SUTLEJ,Sulemanki,09-Oct-21,17136,4159
SUTLEJ,Islam,09-Oct-21,2731,1481
INDUS,Kalabagh,09-Oct-21,52518,45518
INDUS,Chashma,09-Oct-21,87347,83847
INDUS,Taunsa,09-Oct-21,85410,70643
INDUS,Guddu,09-Oct-21,67538,46214
INDUS,Sukkar,09-Oct-21,43090,9200
INDUS,Kotri,09-Oct-21,23190,5385
JHELUM,Kotli,09-Oct-21,-,1400
JHELUM,Mangla,09-Oct-21,12000,31315
JHELUM,Rasul,09-Oct-21,20795,NIL
CHENAB,Jammu Tavi,09-Oct-21,-,-
CHENAB,Marala,09-Oct-21,19687,5000
CHENAB,Khanki,09-Oct-21,7684,955
CHENAB,Qadirabad,09-Oct-21,20000,NIL
CHENAB,Trimmu,09-Oct-21,10874,Nil
CHENAB,Punjnad,09-Oct-21,8910,NIL
RAVI,Jassar,09-Oct-21,-,3648
RAVI,Shahdara,09-Oct-21,-,4429
RAVI,Balloki,09-Oct-21,29000,NIL
RAVI,Sidhnai,09-Oct-21,17250,NIL
SUTLEJ,Bhakra,09-Oct-21,-,-
SUTLEJ,Sulemanki,09-Oct-21,17136,4159
SUTLEJ,Islam,09-Oct-21,2731,1481
INDUS,Kalabagh,10-Oct-21,57467,51067
INDUS,Chashma,10-Oct-21,87430,83930
INDUS,Taunsa,10-Oct-21,85410,70643
INDUS,Guddu,10-Oct-21,67538,46214
INDUS,Sukkar,10-Oct-21,43090,9200
INDUS,Kotri,10-Oct-21,21768,3963
JHELUM,Kotli,10-Oct-21,-,1670
JHELUM,Mangla,10-Oct-21,12000,22855
JHELUM,Rasul,10-Oct-21,28785,7990
CHENAB,Jammu Tavi,10-Oct-21,-,-
CHENAB,Marala,10-Oct-21,19687,5000
CHENAB,Khanki,10-Oct-21,7684,955
CHENAB,Qadirabad,10-Oct-21,20000,NIL
CHENAB,Trimmu,10-Oct-21,10874,Nil
CHENAB,Punjnad,10-Oct-21,8910,NIL
RAVI,Jassar,10-Oct-21,-,3648
RAVI,Shahdara,10-Oct-21,-,3514
RAVI,Balloki,10-Oct-21,26000,NIL
RAVI,Sidhnai,10-Oct-21,17250,NIL
SUTLEJ,Bhakra,10-Oct-21,-,-
SUTLEJ,Sulemanki,10-Oct-21,17136,4159
SUTLEJ,Islam,10-Oct-21,2731,1481
INDUS,Kalabagh,10-Oct-21,67664,62164
INDUS,Chashma,10-Oct-21,72632,69132
INDUS,Taunsa,10-Oct-21,80747,70786
INDUS,Guddu,10-Oct-21,67538,46214
INDUS,Sukkar,10-Oct-21,43090,9200
INDUS,Kotri,10-Oct-21,21768,3963
JHELUM,Kotli,10-Oct-21,-,1400
JHELUM,Mangla,10-Oct-21,12000,34215
JHELUM,Rasul,10-Oct-21,26136,5341
CHENAB,Jammu Tavi,10-Oct-21,-,-
CHENAB,Marala,10-Oct-21,19687,5000
CHENAB,Khanki,10-Oct-21,8595,1866
CHENAB,Qadirabad,10-Oct-21,20000,NIL
CHENAB,Trimmu,10-Oct-21,10874,Nil
CHENAB,Punjnad,10-Oct-21,9816,NIL
RAVI,Jassar,10-Oct-21,-,3648
RAVI,Shahdara,10-Oct-21,-,4429
RAVI,Balloki,10-Oct-21,26000,NIL
RAVI,Sidhnai,10-Oct-21,12805,NIL
SUTLEJ,Bhakra,10-Oct-21,17088,17088
SUTLEJ,Sulemanki,10-Oct-21,17136,4159
SUTLEJ,Islam,10-Oct-21,2731,1481
INDUS,Kalabagh,10-Oct-21,67364,62164
INDUS,Chashma,10-Oct-21,73064,69564
INDUS,Taunsa,10-Oct-21,80747,70786
INDUS,Guddu,10-Oct-21,67538,46214
INDUS,Sukkar,10-Oct-21,43090,9200
INDUS,Kotri,10-Oct-21,21768,3963
JHELUM,Kotli,10-Oct-21,-,1400
JHELUM,Mangla,10-Oct-21,12000,28715
JHELUM,Rasul,10-Oct-21,20795,NIL
CHENAB,Jammu Tavi,10-Oct-21,-,-
CHENAB,Marala,10-Oct-21,19687,5000
CHENAB,Khanki,10-Oct-21,9550,2821
CHENAB,Qadirabad,10-Oct-21,20000,NIL
CHENAB,Trimmu,10-Oct-21,10733,Nil
CHENAB,Punjnad,10-Oct-21,9816,NIL
RAVI,Jassar,10-Oct-21,-,3648
RAVI,Shahdara,10-Oct-21,-,4429
RAVI,Balloki,10-Oct-21,26000,NIL
RAVI,Sidhnai,10-Oct-21,12805,NIL
SUTLEJ,Bhakra,10-Oct-21,-,-
SUTLEJ,Sulemanki,10-Oct-21,16372,3347
SUTLEJ,Islam,10-Oct-21,2781,1481
INDUS,Kalabagh,10-Oct-21,55967,51067
INDUS,Chashma,10-Oct-21,72453,68953
INDUS,Taunsa,10-Oct-21,80747,70786
INDUS,Guddu,10-Oct-21,67538,46214
INDUS,Sukkar,10-Oct-21,43090,9200
INDUS,Kotri,10-Oct-21,21768,3963
JHELUM,Kotli,10-Oct-21,-,1230
JHELUM,Mangla,10-Oct-21,15000,8315
JHELUM,Rasul,10-Oct-21,26136,5341
CHENAB,Jammu Tavi,10-Oct-21,-,-
CHENAB,Marala,10-Oct-21,18362,5000
CHENAB,Khanki,10-Oct-21,8595,1866
CHENAB,Qadirabad,10-Oct-21,20675,NIL
CHENAB,Trimmu,10-Oct-21,10733,Nil
CHENAB,Punjnad,10-Oct-21,9816,NIL
RAVI,Jassar,10-Oct-21,-,3648
RAVI,Shahdara,10-Oct-21,-,4429
RAVI,Balloki,10-Oct-21,25500,NIL
RAVI,Sidhnai,10-Oct-21,12805,NIL
SUTLEJ,Bhakra,10-Oct-21,-,-
SUTLEJ,Sulemanki,10-Oct-21,16372,3347
SUTLEJ,Islam,10-Oct-21,2731,1481
INDUS,Kalabagh,11-Oct-21,54451,50351
INDUS,Chashma,11-Oct-21,72296,68797
INDUS,Taunsa,11-Oct-21,80747,70786
INDUS,Guddu,11-Oct-21,67538,46214
INDUS,Sukkar,11-Oct-21,43090,9200
INDUS,Kotri,11-Oct-21,14595,350
JHELUM,Kotli,11-Oct-21,-,1670
JHELUM,Mangla,11-Oct-21,15000,8315
JHELUM,Rasul,11-Oct-21,28785,7990
CHENAB,Jammu Tavi,11-Oct-21,-,-
CHENAB,Marala,11-Oct-21,18362,5000
CHENAB,Khanki,11-Oct-21,6729,NIL
CHENAB,Qadirabad,11-Oct-21,21000,NIL
CHENAB,Trimmu,11-Oct-21,10033,Nil
CHENAB,Punjnad,11-Oct-21,9816,NIL
RAVI,Jassar,11-Oct-21,-,3648
RAVI,Shahdara,11-Oct-21,-,5955
RAVI,Balloki,11-Oct-21,23000,NIL
RAVI,Sidhnai,11-Oct-21,12805,NIL
SUTLEJ,Bhakra,11-Oct-21,-,-
SUTLEJ,Sulemanki,11-Oct-21,16372,3347
SUTLEJ,Islam,11-Oct-21,2481,1231
INDUS,Kalabagh,11-Oct-21,54451,50351
INDUS,Chashma,11-Oct-21,72361,68861
INDUS,Taunsa,11-Oct-21,80396,70476
INDUS,Guddu,11-Oct-21,67538,46214
INDUS,Sukkar,11-Oct-21,43090,9200
INDUS,Kotri,11-Oct-21,14595,350
JHELUM,Kotli,11-Oct-21,-,4530
JHELUM,Mangla,11-Oct-21,13000,14715
JHELUM,Rasul,11-Oct-21,19103,-
CHENAB,Jammu Tavi,11-Oct-21,-,-
CHENAB,Marala,11-Oct-21,18362,5000
CHENAB,Khanki,11-Oct-21,8595,1866
CHENAB,Qadirabad,11-Oct-21,21000,-
CHENAB,Trimmu,11-Oct-21,10033,-
CHENAB,Punjnad,11-Oct-21,9816,-
RAVI,Jassar,11-Oct-21,-,2636
RAVI,Shahdara,11-Oct-21,-,5955
RAVI,Balloki,11-Oct-21,23000,-
RAVI,Sidhnai,11-Oct-21,10627,4627
SUTLEJ,Bhakra,11-Oct-21,N/A,N/A
SUTLEJ,Sulemanki,11-Oct-21,16372,3347
SUTLEJ,Islam,11-Oct-21,2481,1231
INDUS,Kalabagh,11-Oct-21,65548,61448
INDUS,Chashma,11-Oct-21,72631,69131
INDUS,Taunsa,11-Oct-21,80396,70476
INDUS,Guddu,11-Oct-21,67538,46214
INDUS,Sukkar,11-Oct-21,43090,9200
INDUS,Kotri,11-Oct-21,14595,350
JHELUM,Kotli,11-Oct-21,-,3670
JHELUM,Mangla,11-Oct-21,12000,34115
JHELUM,Rasul,11-Oct-21,14898,Nil
CHENAB,Jammu Tavi,11-Oct-21,-,-
CHENAB,Marala,11-Oct-21,19379,5000
CHENAB,Khanki,11-Oct-21,8642,1866
CHENAB,Qadirabad,11-Oct-21,18000,Nil
CHENAB,Trimmu,11-Oct-21,10033,Nil
CHENAB,Punjnad,11-Oct-21,9816,Nil
RAVI,Jassar,11-Oct-21,-,2636
RAVI,Shahdara,11-Oct-21,-,5955
RAVI,Balloki,11-Oct-21,23000,Nil
RAVI,Sidhnai,11-Oct-21,9966,3966
SUTLEJ,Bhakra,11-Oct-21,-,-
SUTLEJ,Sulemanki,11-Oct-21,16372,3347
SUTLEJ,Islam,11-Oct-21,2481,1231
INDUS,Kalabagh,11-Oct-21,48902,44802
INDUS,Chashma,11-Oct-21,72434,68934
INDUS,Taunsa,11-Oct-21,80396,70476
INDUS,Guddu,11-Oct-21,67538,46214
INDUS,Sukkar,11-Oct-21,43090,9200
INDUS,Kotri,11-Oct-21,14595,350
JHELUM,Kotli,11-Oct-21,-,3380
JHELUM,Mangla,11-Oct-21,13000,29115
JHELUM,Rasul,11-Oct-21,12795,Nil
CHENAB,Jammu Tavi,11-Oct-21,-,-
CHENAB,Marala,11-Oct-21,19379,5000
CHENAB,Khanki,11-Oct-21,7731,955
CHENAB,Qadirabad,11-Oct-21,15000,Nil
CHENAB,Trimmu,11-Oct-21,9884,Nil
CHENAB,Punjnad,11-Oct-21,9816,Nil
RAVI,Jassar,11-Oct-21,-,2636
RAVI,Shahdara,11-Oct-21,-,5955
RAVI,Balloki,11-Oct-21,23000,Nil
RAVI,Sidhnai,11-Oct-21,9966,3966
SUTLEJ,Bhakra,11-Oct-21,-,-
SUTLEJ,Sulemanki,11-Oct-21,15060,2035
SUTLEJ,Islam,11-Oct-21,2481,1231
INDUS,Kalabagh,12-Oct-21,56122,52022
INDUS,Chashma,12-Oct-21,72427,70165
INDUS,Taunsa,12-Oct-21,80396,70476
INDUS,Guddu,12-Oct-21,65811,46214
INDUS,Sukkar,12-Oct-21,43090,9200
INDUS,Kotri,12-Oct-21,12030,530
JHELUM,Kotli,12-Oct-21,-,3100
JHELUM,Mangla,12-Oct-21,11000,22155
JHELUM,Rasul,12-Oct-21,12795,Nil
CHENAB,Jammu Tavi,12-Oct-21,-,-
CHENAB,Marala,12-Oct-21,19379,5000
CHENAB,Khanki,12-Oct-21,7731,955
CHENAB,Qadirabad,12-Oct-21,11475,Nil
CHENAB,Trimmu,12-Oct-21,9884,Nil
CHENAB,Punjnad,12-Oct-21,9816,Nil
RAVI,Jassar,12-Oct-21,-,2636
RAVI,Shahdara,12-Oct-21,-,3013
RAVI,Balloki,12-Oct-21,25000,Nil
RAVI,Sidhnai,12-Oct-21,9966,3966
SUTLEJ,Bhakra,12-Oct-21,-,-
SUTLEJ,Sulemanki,12-Oct-21,15060,2035
SUTLEJ,Islam,12-Oct-21,2091,841
INDUS,Kalabagh,12-Oct-21,72442,68342
INDUS,Chashma,12-Oct-21,72153,68653
INDUS,Taunsa,12-Oct-21,80396,70476
INDUS,Guddu,12-Oct-21,65811,46214
INDUS,Sukkar,12-Oct-21,43090,9200
INDUS,Kotri,12-Oct-21,12030,530
JHELUM,Kotli,12-Oct-21,-,2810
JHELUM,Mangla,12-Oct-21,14000,30415
JHELUM,Rasul,12-Oct-21,23035,7990
CHENAB,Jammu Tavi,12-Oct-21,-,-
CHENAB,Marala,12-Oct-21,19379,5000
CHENAB,Khanki,12-Oct-21,9597,2821
CHENAB,Qadirabad,12-Oct-21,10425,-
CHENAB,Trimmu,12-Oct-21,9884,-
CHENAB,Punjnad,12-Oct-21,7471,-
RAVI,Jassar,12-Oct-21,-,2636
RAVI,Shahdara,12-Oct-21,-,3013
RAVI,Balloki,12-Oct-21,25000,-
RAVI,Sidhnai,12-Oct-21,8978,2978
SUTLEJ,Bhakra,12-Oct-21,N/A,N/A
SUTLEJ,Sulemanki,12-Oct-21,15060,2035
SUTLEJ,Islam,12-Oct-21,2091,841
INDUS,Kalabagh,12-Oct-21,61670,57570
INDUS,Chashma,12-Oct-21,73620,69000
INDUS,Taunsa,12-Oct-21,80396,70476
INDUS,Guddu,12-Oct-21,65354,48563
INDUS,Sukkar,12-Oct-21,43090,9200
INDUS,Kotri,12-Oct-21,12030,530
JHELUM,Kotli,12-Oct-21,-,2810
JHELUM,Mangla,12-Oct-21,13000,34415
JHELUM,Rasul,12-Oct-21,16545,NIL
CHENAB,Jammu Tavi,12-Oct-21,-,-
CHENAB,Marala,12-Oct-21,19379,5000
CHENAB,Khanki,12-Oct-21,7731,955
CHENAB,Qadirabad,12-Oct-21,11450,NIL
CHENAB,Trimmu,12-Oct-21,9884,NIL
CHENAB,Punjnad,12-Oct-21,7471,NIL
RAVI,Jassar,12-Oct-21,-,2636
RAVI,Shahdara,12-Oct-21,-,3013
RAVI,Balloki,12-Oct-21,25000,NIL
RAVI,Sidhnai,12-Oct-21,8978,2978
SUTLEJ,Bhakra,12-Oct-21,-,-
SUTLEJ,Sulemanki,12-Oct-21,14968,2035
SUTLEJ,Islam,12-Oct-21,2091,841
INDUS,Kalabagh,12-Oct-21,50573,46473
INDUS,Chashma,12-Oct-21,72365,68865
INDUS,Taunsa,12-Oct-21,80396,70476
INDUS,Guddu,12-Oct-21,65354,48563
INDUS,Sukkar,12-Oct-21,43090,9200
INDUS,Kotri,12-Oct-21,12030,530
JHELUM,Kotli,12-Oct-21,-,2520
JHELUM,Mangla,12-Oct-21,11000,16115
JHELUM,Rasul,12-Oct-21,24785,7990
CHENAB,Jammu Tavi,12-Oct-21,-,-
CHENAB,Marala,12-Oct-21,19379,5000
CHENAB,Khanki,12-Oct-21,8458,1866
CHENAB,Qadirabad,12-Oct-21,12906,NIL
CHENAB,Trimmu,12-Oct-21,9486,NIL
CHENAB,Punjnad,12-Oct-21,7471,NIL
RAVI,Jassar,12-Oct-21,-,2636
RAVI,Shahdara,12-Oct-21,-,3013
RAVI,Balloki,12-Oct-21,24000,NIL
RAVI,Sidhnai,12-Oct-21,8200,NIL
SUTLEJ,Bhakra,12-Oct-21,-,-
SUTLEJ,Sulemanki,12-Oct-21,14968,2035
SUTLEJ,Islam,12-Oct-21,2091,841
INDUS,Kalabagh,13-Oct-21,68332,64232
INDUS,Chashma,13-Oct-21,73320,69820
INDUS,Taunsa,13-Oct-21,80396,70476
INDUS,Guddu,13-Oct-21,65354,48563
INDUS,Sukkar,13-Oct-21,43920,9200
INDUS,Kotri,13-Oct-21,10885,530
JHELUM,Kotli,13-Oct-21,-,2240
JHELUM,Mangla,13-Oct-21,13000,14855
JHELUM,Rasul,13-Oct-21,26535,7990
CHENAB,Jammu Tavi,13-Oct-21,-,-
CHENAB,Marala,13-Oct-21,18362,5000
CHENAB,Khanki,13-Oct-21,8458,1866
CHENAB,Qadirabad,13-Oct-21,14190,NIL
CHENAB,Trimmu,13-Oct-21,9486,NIL
CHENAB,Punjnad,13-Oct-21,7471,NIL
RAVI,Jassar,13-Oct-21,-,2636
RAVI,Shahdara,13-Oct-21,-,3819
RAVI,Balloki,13-Oct-21,21000,NIL
RAVI,Sidhnai,13-Oct-21,8200,NIL
SUTLEJ,Bhakra,13-Oct-21,-,-
SUTLEJ,Sulemanki,13-Oct-21,14968,2035
SUTLEJ,Islam,13-Oct-21,2049,799
INDUS,Kalabagh,13-Oct-21,68332,64232
INDUS,Chashma,13-Oct-21,72504,69004
INDUS,Taunsa,13-Oct-21,64355,59350
INDUS,Guddu,13-Oct-21,66879,50886
INDUS,Sukkar,13-Oct-21,43920,9200
INDUS,Kotri,13-Oct-21,10885,530
JHELUM,Kotli,13-Oct-21,-,2240
JHELUM,Mangla,13-Oct-21,13000,26515
JHELUM,Rasul,13-Oct-21,24136,5341
CHENAB,Jammu Tavi,13-Oct-21,-,-
CHENAB,Marala,13-Oct-21,18362,5000
CHENAB,Khanki,13-Oct-21,7547,955
CHENAB,Qadirabad,13-Oct-21,15496,-
CHENAB,Trimmu,13-Oct-21,9486,-
CHENAB,Punjnad,13-Oct-21,6769,-
RAVI,Jassar,13-Oct-21,-,2636
RAVI,Shahdara,13-Oct-21,-,3819
RAVI,Balloki,13-Oct-21,18000,-
RAVI,Sidhnai,13-Oct-21,8785,-
SUTLEJ,Bhakra,13-Oct-21,N/A,N/A
SUTLEJ,Sulemanki,13-Oct-21,14968,2035
SUTLEJ,Islam,13-Oct-21,1250,-
INDUS,Kalabagh,13-Oct-21,56122,52022
INDUS,Chashma,13-Oct-21,72421,68921
INDUS,Taunsa,13-Oct-21,64355,59350
INDUS,Guddu,13-Oct-21,68654,52661
INDUS,Sukkar,13-Oct-21,43920,9200
INDUS,Kotri,13-Oct-21,10885,530
JHELUM,Kotli,13-Oct-21,-,1950
JHELUM,Mangla,13-Oct-21,16000,26315
JHELUM,Rasul,13-Oct-21,16795,NIL
CHENAB,Jammu Tavi,13-Oct-21,-,-
CHENAB,Marala,13-Oct-21,18362,5000
CHENAB,Khanki,13-Oct-21,8562,1866
CHENAB,Qadirabad,13-Oct-21,16846,NIL
CHENAB,Trimmu,13-Oct-21,9486,NIL
CHENAB,Punjnad,13-Oct-21,6769,NIL
RAVI,Jassar,13-Oct-21,-,2636
RAVI,Shahdara,13-Oct-21,-,3819
RAVI,Balloki,13-Oct-21,16000,NIL
RAVI,Sidhnai,13-Oct-21,8200,NIL
SUTLEJ,Bhakra,13-Oct-21,-,-
SUTLEJ,Sulemanki,13-Oct-21,14698,2035
SUTLEJ,Islam,13-Oct-21,1250,NIL
INDUS,Kalabagh,13-Oct-21,50573,46473
INDUS,Chashma,13-Oct-21,72704,69204
INDUS,Taunsa,13-Oct-21,64355,59350
INDUS,Guddu,13-Oct-21,68654,52661
INDUS,Sukkar,13-Oct-21,43920,9200
INDUS,Kotri,13-Oct-21,10885,530
JHELUM,Kotli,13-Oct-21,-,1670
JHELUM,Mangla,13-Oct-21,13000,30915
JHELUM,Rasul,13-Oct-21,16795,NIL
CHENAB,Jammu Tavi,13-Oct-21,-,-
CHENAB,Marala,13-Oct-21,17781,5000
CHENAB,Khanki,13-Oct-21,8562,1866
CHENAB,Qadirabad,13-Oct-21,18196,NIL
CHENAB,Trimmu,13-Oct-21,9486,NIL
CHENAB,Punjnad,13-Oct-21,6513,NIL
RAVI,Jassar,13-Oct-21,-,2635
RAVI,Shahdara,13-Oct-21,-,3819
RAVI,Balloki,13-Oct-21,16000,NIL
RAVI,Sidhnai,13-Oct-21,8200,NIL
SUTLEJ,Bhakra,13-Oct-21,-,-
SUTLEJ,Sulemanki,13-Oct-21,14968,2035
SUTLEJ,Islam,13-Oct-21,1250,NIL
INDUS,Kalabagh,14-Oct-21,49651,45551
INDUS,Chashma,14-Oct-21,73320,69820
INDUS,Taunsa,14-Oct-21,64355,59350
INDUS,Guddu,14-Oct-21,64689,52661
INDUS,Sukkar,14-Oct-21,47045,11100
INDUS,Kotri,14-Oct-21,9955,530
JHELUM,Kotli,14-Oct-21,-,1670
JHELUM,Mangla,14-Oct-21,15000,19755
JHELUM,Rasul,14-Oct-21,16795,NIL
CHENAB,Jammu Tavi,14-Oct-21,-,-
CHENAB,Marala,14-Oct-21,17781,5000
CHENAB,Khanki,14-Oct-21,8562,1866
CHENAB,Qadirabad,14-Oct-21,16000,NIL
CHENAB,Trimmu,14-Oct-21,9486,NIL
CHENAB,Punjnad,14-Oct-21,6513,NIL
RAVI,Jassar,14-Oct-21,-,2635
RAVI,Shahdara,14-Oct-21,-,3013
RAVI,Balloki,14-Oct-21,18500,NIL
RAVI,Sidhnai,14-Oct-21,8200,NIL
SUTLEJ,Bhakra,14-Oct-21,-,-
SUTLEJ,Sulemanki,14-Oct-21,14274,2035
SUTLEJ,Islam,14-Oct-21,1250,NIL
INDUS,Kalabagh,14-Oct-21,60755,56655
INDUS,Chashma,14-Oct-21,72541,69041
INDUS,Taunsa,14-Oct-21,65151,60089
INDUS,Guddu,14-Oct-21,64689,52661
INDUS,Sukkar,14-Oct-21,47045,11100
INDUS,Kotri,14-Oct-21,9955,530
JHELUM,Kotli,14-Oct-21,-,1950
JHELUM,Mangla,14-Oct-21,14000,25615
JHELUM,Rasul,14-Oct-21,16795,NIL
CHENAB,Jammu Tavi,14-Oct-21,-,-
CHENAB,Marala,14-Oct-21,17781,5000
CHENAB,Khanki,14-Oct-21,7651,955
CHENAB,Qadirabad,14-Oct-21,16000,NIL
CHENAB,Trimmu,14-Oct-21,9486,-
CHENAB,Punjnad,14-Oct-21,6513,-
RAVI,Jassar,14-Oct-21,-,2635
RAVI,Shahdara,14-Oct-21,-,3013
RAVI,Balloki,14-Oct-21,18500,-
RAVI,Sidhnai,14-Oct-21,8200,-
SUTLEJ,Bhakra,14-Oct-21,N/A,N/A
SUTLEJ,Sulemanki,14-Oct-21,14274,2035
SUTLEJ,Islam,14-Oct-21,1250,-
INDUS,Kalabagh,14-Oct-21,66304,62204
INDUS,Chashma,14-Oct-21,72367,68867
INDUS,Taunsa,14-Oct-21,65151,60089
INDUS,Guddu,14-Oct-21,64689,52661
INDUS,Sukkar,14-Oct-21,47045,11100
INDUS,Kotri,14-Oct-21,9955,530
JHELUM,Kotli,14-Oct-21,-,1670
JHELUM,Mangla,14-Oct-21,13000,32915
JHELUM,Rasul,14-Oct-21,18045,NIL
CHENAB,Jammu Tavi,14-Oct-21,-,-
CHENAB,Marala,14-Oct-21,17670,5000
CHENAB,Khanki,14-Oct-21,7651,955
CHENAB,Qadirabad,14-Oct-21,16000,NIL
CHENAB,Trimmu,14-Oct-21,9486,NIL
CHENAB,Punjnad,14-Oct-21,6513,NIL
RAVI,Jassar,14-Oct-21,-,2635
RAVI,Shahdara,14-Oct-21,-,3013
RAVI,Balloki,14-Oct-21,20000,NIL
RAVI,Sidhnai,14-Oct-21,8600,NIL
SUTLEJ,Bhakra,14-Oct-21,-,-
SUTLEJ,Sulemanki,14-Oct-21,11264,2035
SUTLEJ,Islam,14-Oct-21,1250,NIL
INDUS,Kalabagh,14-Oct-21,55207,51107
INDUS,Chashma,14-Oct-21,71541,69060
INDUS,Taunsa,14-Oct-21,65151,60089
INDUS,Guddu,14-Oct-21,64689,52661
INDUS,Sukkar,14-Oct-21,47045,11100
INDUS,Kotri,14-Oct-21,9955,530
JHELUM,Kotli,14-Oct-21,-,1400
JHELUM,Mangla,14-Oct-21,11000,19215
JHELUM,Rasul,14-Oct-21,18795,NIL
CHENAB,Jammu Tavi,14-Oct-21,-,-
CHENAB,Marala,14-Oct-21,17670,5000
CHENAB,Khanki,14-Oct-21,7651,955
CHENAB,Qadirabad,14-Oct-21,16000,NIL
CHENAB,Trimmu,14-Oct-21,9486,NIL
CHENAB,Punjnad,14-Oct-21,6513,NIL
RAVI,Jassar,14-Oct-21,-,2635
RAVI,Shahdara,14-Oct-21,-,3013
RAVI,Balloki,14-Oct-21,20500,NIL
RAVI,Sidhnai,14-Oct-21,8300,NIL
SUTLEJ,Bhakra,14-Oct-21,-,-
SUTLEJ,Sulemanki,14-Oct-21,11264,2035
SUTLEJ,Islam,14-Oct-21,1250,NIL
INDUS,Kalabagh,15-Oct-21,51527,47427
INDUS,Chashma,15-Oct-21,73207,69703
INDUS,Taunsa,15-Oct-21,65151,60089
INDUS,Guddu,15-Oct-21,65375,54350
INDUS,Sukkar,15-Oct-21,48930,12035
INDUS,Kotri,15-Oct-21,8465,NIL
JHELUM,Kotli,15-Oct-21,-,1400
JHELUM,Mangla,15-Oct-21,11000,23215
JHELUM,Rasul,15-Oct-21,19670,NIL
CHENAB,Jammu Tavi,15-Oct-21,-,-
CHENAB,Marala,15-Oct-21,14750,5000
CHENAB,Khanki,15-Oct-21,8562,1866
CHENAB,Qadirabad,15-Oct-21,16000,NIL
CHENAB,Trimmu,15-Oct-21,9179,NIL
CHENAB,Punjnad,15-Oct-21,6513,NIL
RAVI,Jassar,15-Oct-21,-,2635
RAVI,Shahdara,15-Oct-21,-,2029
RAVI,Balloki,15-Oct-21,20500,NIL
RAVI,Sidhnai,15-Oct-21,8300,NIL
SUTLEJ,Bhakra,15-Oct-21,-,-
SUTLEJ,Sulemanki,15-Oct-21,11264,2035
SUTLEJ,Islam,15-Oct-21,1250,NIL
