River,Gauge Site,Date,Up Stream,Down Stream
INDUS,Kalabagh,02-Sept-20,460231,457031
INDUS,Chashma,16-Jun-20,NR,NR
INDUS,Taunsa,02-Sept-20,-,-
INDUS,Guddu,16-Jun-20,NR,NR
INDUS,Sukkar,16-Jun-20,NR,NR
INDUS,Kotri,16-Jun-20,NR,NR
JHELUM,Kotli,15-Jun-20,,3780
JHELUM,Mangla,16-Jun-20,NR,NR
JHELUM,Rasul,08-Jul-20,7730,NIL
JHELUM,Khushab bridge,15-Jun-20,NR,NR
CHENAB,Jammu Tavi,15-Jun-20,,
CHENAB,Marala,27-Aug-20,NA,NA
CHENAB,Khanki,30-Sept-20,7828,NIL
CHENAB,Qadirabad,15-Jun-20,16350,NIL
CHENAB,Trimmu,11-Jul-20,14900,NIL
CHENAB,Punjnad,09-Jul-20,16000,NIL
RAVI,Jassar,15-Jun-20,-,1449
RAVI,Shahdara,15-Jun-20,_,22322
RAVI,Balloki,15-Jun-20,36905,6455
RAVI,Sidhnai,15-Jun-20,17205,-
SUTLEJ,Bhakra,15-Jun-20,,
SUTLEJ,Sulemanki,02-Oct-20,13709,NIL
SUTLEJ,Islam,26-Jun-20,1130,NL
INDUS,Kalabagh,03-Sept-20,460003,457031
INDUS,Chashma,17-Jun-20,NR,NR
INDUS,Taunsa,06-Sept-20,-,-
INDUS,Guddu,17-Jun-20,NR,NR
INDUS,Sukkar,17-Jun-20,NR,NR
INDUS,Kotri,17-Jun-20,NR,NR
JHELUM,Kotli,15-Jun-20,,
JHELUM,Mangla,17-Jun-20,NR,NR
JHELUM,Rasul,09-Jul-20,7320,NIL
JHELUM,Khushab bridge,15-Jun-20,NR,NR
CHENAB,Jammu Tavi,15-Jun-20,,
CHENAB,Marala,29-Aug-20,N.A,N.A
CHENAB,Khanki,03-Oct-20,7741,NIL
CHENAB,Qadirabad,15-Jun-20,17025,NIL
CHENAB,Trimmu,12-Jul-20,14900,NIL
CHENAB,Punjnad,09-Jul-20,16000,NIL
RAVI,Jassar,15-Jun-20,-,1449
RAVI,Shahdara,15-Jun-20,_,22322
RAVI,Balloki,15-Jun-20,36905,6455
RAVI,Sidhnai,15-Jun-20,17205,
SUTLEJ,Bhakra,15-Jun-20,,
SUTLEJ,Sulemanki,10-Oct-20,10082,Nil
SUTLEJ,Islam,15-Jun-20,1520,NIL
INDUS,Kalabagh,03-Sept-20,460131,457031
INDUS,Chashma,18-Jun-20,NR,NR
INDUS,Taunsa,06-Sept-20,479866,479866
INDUS,Guddu,18-Jun-20,NR,NR
INDUS,Sukkar,18-Jun-20,NR,NR
INDUS,Kotri,18-Jun-20,NR,NR
JHELUM,Kotli,15-Jun-20,,N.R
JHELUM,Mangla,19-Jun-20,NR,NR
JHELUM,Rasul,09-Jul-20,7320,NIL
JHELUM,Khushab bridge,15-Jun-20,NR,NR
CHENAB,Jammu Tavi,15-Jun-20,,
CHENAB,Marala,29-Aug-20,N.A,N.A
CHENAB,Khanki,05-Oct-20,7729,Nil
CHENAB,Qadirabad,16-Jun-20,17025,NIL
CHENAB,Trimmu,12-Jul-20,14359,NIL
CHENAB,Punjnad,09-Jul-20,16000,NIL
RAVI,Jassar,15-Jun-20,4660,
RAVI,Shahdara,15-Jun-20,22322,
RAVI,Balloki,15-Jun-20,35150,4300
RAVI,Sidhnai,15-Jun-20,17205,3305
SUTLEJ,Bhakra,15-Jun-20,,
SUTLEJ,Sulemanki,10-Oct-20,10082,Nil
SUTLEJ,Islam,15-Jun-20,1530,NIL
INDUS,Kalabagh,03-Sept-20,460031,457031
INDUS,Chashma,19-Jun-20,NR,NR
INDUS,Taunsa,06-Sept-20,479866,479866
INDUS,Guddu,19-Jun-20,NR,NR
INDUS,Sukkar,19-Jun-20,NR,NR
INDUS,Kotri,19-Jun-20,NR,NR
JHELUM,Kotli,16-Jun-20,,N.R
JHELUM,Mangla,19-Jun-20,NR,NR
JHELUM,Rasul,10-Jul-20,7820,NIL
JHELUM,Khushab bridge,16-Jun-20,NR,NR
CHENAB,Jammu Tavi,16-Jun-20,,
CHENAB,Marala,27-Aug-20,303884,298884
CHENAB,Khanki,11-Oct-20,7547,Nil
CHENAB,Qadirabad,16-Jun-20,16000,NIL
CHENAB,Trimmu,12-Jul-20,13384,NIL
CHENAB,Punjnad,10-Jul-20,16000,NIL
RAVI,Jassar,16-Jun-20,4660,
RAVI,Shahdara,16-Jun-20,21756,
RAVI,Balloki,16-Jun-20,33595,2945
RAVI,Sidhnai,16-Jun-20,17205,3305
SUTLEJ,Bhakra,16-Jun-20,,
SUTLEJ,Sulemanki,11-Oct-20,11009,Nil
SUTLEJ,Islam,16-Jun-20,1530,NIL
INDUS,Kalabagh,03-Sept-20,460031,457031
INDUS,Chashma,19-Jun-20,NR,NR
INDUS,Taunsa,06-Sept-20,479866,479866
INDUS,Guddu,19-Jun-20,NR,NR
INDUS,Sukkar,19-Jun-20,NR,NR
INDUS,Kotri,19-Jun-20,NR,NR
JHELUM,Kotli,16-Jun-20,,N.R
JHELUM,Mangla,20-Jun-20,NR,NR
JHELUM,Rasul,10-Jul-20,7840,NIL
JHELUM,Khushab bridge,17-Jun-20,36586,-
CHENAB,Jammu Tavi,16-Jun-20,,
CHENAB,Marala,27-Aug-20,293326,288326
CHENAB,Khanki,12-Oct-20,20450,NIL
CHENAB,Qadirabad,16-Jun-20,13000,NIL
CHENAB,Trimmu,12-Jul-20,13434,NIL
CHENAB,Punjnad,10-Jul-20,15106,NIL
RAVI,Jassar,16-Jun-20,,5507
RAVI,Shahdara,16-Jun-20,,21756
RAVI,Balloki,16-Jun-20,33595,2945
RAVI,Sidhnai,16-Jun-20,18300,4400
SUTLEJ,Bhakra,16-Jun-20,,
SUTLEJ,Sulemanki,11-Oct-20,11009,NIL
SUTLEJ,Islam,16-Jun-20,1530,NIL
INDUS,Kalabagh,03-Sept-20,460031,457031
INDUS,Chashma,20-Jun-20,NR,NR
INDUS,Taunsa,06-Sept-20,479866,479866
INDUS,Guddu,20-Jun-20,NR,NR
INDUS,Sukkar,20-Jun-20,NR,NR
INDUS,Kotri,20-Jun-20,NR,NR
JHELUM,Kotli,16-Jun-20,NR,NR
JHELUM,Mangla,20-Jun-20,NR,NR
JHELUM,Rasul,10-Jul-20,7840,NIL
JHELUM,Khushab bridge,18-Jun-20,39420,-
CHENAB,Jammu Tavi,16-Jun-20,,
CHENAB,Marala,28-Aug-20,279584,274584
CHENAB,Khanki,12-Oct-20,7547,NIL
CHENAB,Qadirabad,16-Jun-20,12500,NIL
CHENAB,Trimmu,13-Jul-20,14900,NIL
CHENAB,Punjnad,10-Jul-20,15106,NIL
RAVI,Jassar,16-Jun-20,,6014
RAVI,Shahdara,16-Jun-20,,21191
RAVI,Balloki,16-Jun-20,33595,2945
RAVI,Sidhnai,16-Jun-20,17539,3639
SUTLEJ,Bhakra,16-Jun-20,,
SUTLEJ,Sulemanki,11-Oct-20,11500,Nil
SUTLEJ,Islam,17-Jun-20,1530,NIL
INDUS,Kalabagh,03-Sept-20,456212,453212
INDUS,Chashma,20-Jun-20,NR,NR
INDUS,Taunsa,06-Sept-20,479866,479866
INDUS,Guddu,20-Jun-20,NR,NR
INDUS,Sukkar,20-Jun-20,NR,NR
INDUS,Kotri,20-Jun-20,NR,NR
JHELUM,Kotli,16-Jun-20,,N.R
JHELUM,Mangla,21-Jun-20,NR,NR
JHELUM,Rasul,11-Jul-20,7840,NIL
JHELUM,Khushab bridge,04-Sept-20,-,114604
CHENAB,Jammu Tavi,16-Jun-20,,
CHENAB,Marala,27-Aug-20,280294,270294
CHENAB,Khanki,13-Oct-20,7547,NIL
CHENAB,Qadirabad,17-Jun-20,13570,NIL
CHENAB,Trimmu,27-Jul-20,14600,NIL
CHENAB,Punjnad,10-Jul-20,15106,NIL
RAVI,Jassar,16-Jun-20,,6014
RAVI,Shahdara,16-Jun-20,,20061
RAVI,Balloki,16-Jun-20,33595,2945
RAVI,Sidhnai,16-Jun-20,17539,3639
SUTLEJ,Bhakra,16-Jun-20,,
SUTLEJ,Sulemanki,11-Oct-20,11500,Nil
SUTLEJ,Islam,17-Jun-20,1530,NIL
INDUS,Kalabagh,03-Sept-20,456212,453212
INDUS,Chashma,21-Jun-20,NR,NR
INDUS,Taunsa,06-Sept-20,479866,479866
INDUS,Guddu,21-Jun-20,NR,NR
INDUS,Sukkar,21-Jun-20,NR,NR
INDUS,Kotri,21-Jun-20,NR,NR
JHELUM,Kotli,17-Jun-20,,N.R
JHELUM,Mangla,21-Jun-20,NR,NR
JHELUM,Rasul,22-Jul-20,7945,NIL
JHELUM,Khushab bridge,30-Aug-20,-,110224
CHENAB,Jammu Tavi,17-Jun-20,,
CHENAB,Marala,28-Aug-20,255432,250432
CHENAB,Khanki,13-Oct-20,7547,NIL
CHENAB,Qadirabad,17-Jun-20,13570,NIL
CHENAB,Trimmu,27-Jul-20,14600,NIL
CHENAB,Punjnad,11-Jul-20,15106,NIL
RAVI,Jassar,17-Jun-20,,6014
RAVI,Shahdara,17-Jun-20,,20626
RAVI,Balloki,17-Jun-20,33595,2945
RAVI,Sidhnai,17-Jun-20,18327,4627
SUTLEJ,Bhakra,17-Jun-20,,
SUTLEJ,Sulemanki,12-Oct-20,11500,Nil
SUTLEJ,Islam,17-Jun-20,1530,NIL
INDUS,Kalabagh,03-Sept-20,456212,453212
INDUS,Chashma,21-Jun-20,NR,NR
INDUS,Taunsa,05-Sept-20,469204,469204
INDUS,Guddu,21-Jun-20,NR,NR
INDUS,Sukkar,21-Jun-20,NR,NR
INDUS,Kotri,21-Jun-20,NR,NR
JHELUM,Kotli,17-Jun-20,-,NR
JHELUM,Mangla,22-Jun-20,NR,NR
JHELUM,Rasul,23-Jul-20,7945,NIL
JHELUM,Khushab bridge,05-Sept-20,-,110224
CHENAB,Jammu Tavi,17-Jun-20,-,-
CHENAB,Marala,27-Aug-20,249134,239134
CHENAB,Khanki,15-Oct-20,7474,NIL
CHENAB,Qadirabad,17-Jun-20,13570,NIL
CHENAB,Trimmu,28-Jul-20,14246,NIL
CHENAB,Punjnad,11-Jul-20,14837,NIL
RAVI,Jassar,17-Jun-20,-,5168
RAVI,Shahdara,17-Jun-20,-,20626
RAVI,Balloki,17-Jun-20,33025,2375
RAVI,Sidhnai,17-Jun-20,18327,4627
SUTLEJ,Bhakra,17-Jun-20,-,-
SUTLEJ,Sulemanki,12-Oct-20,11500,NIL
SUTLEJ,Islam,17-Jun-20,1530,NIL
INDUS,Kalabagh,03-Sept-20,455325,452325
INDUS,Chashma,22-Jun-20,NR,NR
INDUS,Taunsa,05-Sept-20,469204,469204
INDUS,Guddu,22-Jun-20,NR,NR
INDUS,Sukkar,22-Jun-20,NR,NR
INDUS,Kotri,22-Jun-20,NR,NR
JHELUM,Kotli,17-Jun-20,-,NR
JHELUM,Mangla,23-Jun-20,NR,NR
JHELUM,Rasul,23-Jul-20,7945,NIL
JHELUM,Khushab bridge,05-Sept-20,-,110224
CHENAB,Jammu Tavi,17-Jun-20,-,-
CHENAB,Marala,27-Aug-20,249134,239134
CHENAB,Khanki,15-Oct-20,7474,NIL
CHENAB,Qadirabad,17-Jun-20,15295,NIL
CHENAB,Trimmu,07-Aug-20,14900,NIL
CHENAB,Punjnad,11-Jul-20,14837,NIL
RAVI,Jassar,17-Jun-20,-,6014
RAVI,Shahdara,17-Jun-20,-,20626
RAVI,Balloki,17-Jun-20,33595,2945
RAVI,Sidhnai,17-Jun-20,18327,4627
SUTLEJ,Bhakra,17-Jun-20,,
SUTLEJ,Sulemanki,12-Oct-20,11009,NIL
SUTLEJ,Islam,18-Jun-20,1530,NIL
INDUS,Kalabagh,02-Sept-20,451903,448403
INDUS,Chashma,23-Jun-20,NR,NR
INDUS,Taunsa,05-Sept-20,469204,469204
INDUS,Guddu,23-Jun-20,NR,NR
INDUS,Sukkar,23-Jun-20,NR,NR
INDUS,Kotri,23-Jun-20,NR,NR
JHELUM,Kotli,17-Jun-20,-,NR
JHELUM,Mangla,23-Jun-20,NR,NR
JHELUM,Rasul,24-Jul-20,7970,NIL
JHELUM,Khushab bridge,30-Aug-20,-,107212
CHENAB,Jammu Tavi,17-Jun-20,-,-
CHENAB,Marala,28-Aug-20,236192,231192
CHENAB,Khanki,01-Oct-20,7828,-
CHENAB,Qadirabad,18-Jun-20,16420,NIL
CHENAB,Trimmu,07-Aug-20,14464,NIL
CHENAB,Punjnad,11-Jul-20,14837,NIL
RAVI,Jassar,17-Jun-20,-,4999
RAVI,Shahdara,17-Jun-20,-,20626
RAVI,Balloki,17-Jun-20,30650,NIL
RAVI,Sidhnai,17-Jun-20,18166,3966
SUTLEJ,Bhakra,17-Jun-20,-,-
SUTLEJ,Sulemanki,12-Oct-20,11009,NIL
SUTLEJ,Islam,18-Jun-20,1530,NIL
INDUS,Kalabagh,02-Sept-20,451903,448403
INDUS,Chashma,23-Jun-20,NR,NR
INDUS,Taunsa,05-Sept-20,469204,469204
INDUS,Guddu,23-Jun-20,NR,NR
INDUS,Sukkar,23-Jun-20,NR,NR
INDUS,Kotri,23-Jun-20,NR,NR
JHELUM,Kotli,18-Jun-20,-,NR
JHELUM,Mangla,16-Jun-20,N.R,N.R
JHELUM,Rasul,24-Jul-20,7945,NIL
JHELUM,Khushab bridge,30-Aug-20,-,107212
CHENAB,Jammu Tavi,18-Jun-20,-,-
CHENAB,Marala,28-Aug-20,231670,226670
CHENAB,Khanki,02-Oct-20,7729,-
CHENAB,Qadirabad,15-Jul-20,22000,NIL
CHENAB,Trimmu,07-Aug-20,13943,NIL
CHENAB,Punjnad,12-Jul-20,14837,NIL
RAVI,Jassar,18-Jun-20,-,4999
RAVI,Shahdara,18-Jun-20,-,21191
RAVI,Balloki,18-Jun-20,30650,NIL
RAVI,Sidhnai,18-Jun-20,18166,3966
SUTLEJ,Bhakra,18-Jun-20,-,-
SUTLEJ,Sulemanki,13-Oct-20,11009,NIL
SUTLEJ,Islam,18-Jun-20,530,NIL
INDUS,Kalabagh,02-Sept-20,451903,448403
INDUS,Chashma,11-Oct-20,NR,NR
INDUS,Taunsa,05-Sept-20,469204,469204
INDUS,Guddu,27-Aug-20,NR,NR
INDUS,Sukkar,27-Aug-20,NR,NR
INDUS,Kotri,27-Aug-20,NR,NR
JHELUM,Kotli,18-Jun-20,,N.R
JHELUM,Mangla,22-Jun-20,N.R,N.R
JHELUM,Rasul,30-Jul-20,7495,NIL
JHELUM,Khushab bridge,30-Aug-20,-,107212
CHENAB,Jammu Tavi,18-Jun-20,,
CHENAB,Marala,28-Aug-20,225438,220438
CHENAB,Khanki,28-Aug-20,292093,286230
CHENAB,Qadirabad,15-Jul-20,21000,NIL
CHENAB,Trimmu,08-Aug-20,13586,NIL
CHENAB,Punjnad,12-Jul-20,15280,NIL
RAVI,Jassar,18-Jun-20,,4829
RAVI,Shahdara,18-Jun-20,,21191
RAVI,Balloki,18-Jun-20,30650,NIL
RAVI,Sidhnai,18-Jun-20,18166,3966
SUTLEJ,Bhakra,18-Jun-20,,
SUTLEJ,Sulemanki,13-Oct-20,11009,NIL
SUTLEJ,Islam,19-Jun-20,530,NIL
INDUS,Kalabagh,02-Sept-20,451803,448403
INDUS,Chashma,16-Jun-20,N.R,N.R
INDUS,Taunsa,05-Sept-20,469204,469204
INDUS,Guddu,28-Aug-20,NR,NR
INDUS,Sukkar,28-Aug-20,NR,NR
INDUS,Kotri,28-Aug-20,NR,NR
JHELUM,Kotli,18-Jun-20,,
JHELUM,Mangla,28-Aug-20,90000,125803
JHELUM,Rasul,31-Jul-20,7495,NIL
JHELUM,Khushab bridge,04-Sept-20,-,107212
CHENAB,Jammu Tavi,18-Jun-20,,
CHENAB,Marala,27-Aug-20,224206,214206
CHENAB,Khanki,28-Aug-20,292093,286230
CHENAB,Qadirabad,23-Jul-20,20000,NIL
CHENAB,Trimmu,08-Aug-20,13185,NIL
CHENAB,Punjnad,12-Jul-20,15280,NIL
RAVI,Jassar,18-Jun-20,,4999
RAVI,Shahdara,18-Jun-20,,21191
RAVI,Balloki,18-Jun-20,30650,-
RAVI,Sidhnai,18-Jun-20,17067,2317
SUTLEJ,Bhakra,18-Jun-20,,
SUTLEJ,Sulemanki,13-Oct-20,11009,NIL
SUTLEJ,Islam,19-Jun-20,530,NIL
INDUS,Kalabagh,02-Sept-20,451703,448403
INDUS,Chashma,04-Sept-20,478348,475848
INDUS,Taunsa,05-Sept-20,469204,469204
INDUS,Guddu,28-Aug-20,NR,NR
INDUS,Sukkar,28-Aug-20,NR,NR
INDUS,Kotri,28-Aug-20,NR,NR
JHELUM,Kotli,18-Jun-20,,NR
JHELUM,Mangla,28-Aug-20,80000,125803
JHELUM,Rasul,31-Jul-20,7495,NIL
JHELUM,Khushab bridge,05-Sept-20,-,107212
CHENAB,Jammu Tavi,18-Jun-20,,
CHENAB,Marala,28-Aug-20,212974,207974
CHENAB,Khanki,28-Aug-20,292093,286230
CHENAB,Qadirabad,24-Jul-20,20000,NIL
CHENAB,Trimmu,08-Aug-20,13185,NIL
CHENAB,Punjnad,12-Jul-20,15280,NIL
RAVI,Jassar,18-Jun-20,,4999
RAVI,Shahdara,18-Jun-20,,21191
RAVI,Balloki,18-Jun-20,31840,1190
RAVI,Sidhnai,18-Jun-20,17017,2317
SUTLEJ,Bhakra,18-Jun-20,,
SUTLEJ,Sulemanki,13-Oct-20,11009,NIL
SUTLEJ,Islam,19-Jun-20,530,NIL
INDUS,Kalabagh,03-Sept-20,447583,444584
INDUS,Chashma,04-Sept-20,475947,473447
INDUS,Taunsa,05-Sept-20,469204,469204
INDUS,Guddu,31-Aug-20,NR,NR
INDUS,Sukkar,31-Aug-20,NR,NR
INDUS,Kotri,31-Aug-20,NR,NR
JHELUM,Kotli,19-Jun-20,,NR
JHELUM,Mangla,28-Aug-20,80000,125000
JHELUM,Rasul,31-Jul-20,7495,NIL
JHELUM,Khushab bridge,29-Aug-20,-,104199
CHENAB,Jammu Tavi,19-Jun-20,,
CHENAB,Marala,27-Aug-20,212767,202767
CHENAB,Khanki,28-Aug-20,292093,286230
CHENAB,Qadirabad,24-Jul-20,20000,NIL
CHENAB,Trimmu,08-Aug-20,13943,NIL
CHENAB,Punjnad,13-Jul-20,15280,NIL
RAVI,Jassar,19-Jun-20,,4999
RAVI,Shahdara,19-Jun-20,,20626
RAVI,Balloki,19-Jun-20,32430,1730
RAVI,Sidhnai,19-Jun-20,16022,1322
SUTLEJ,Bhakra,19-Jun-20,,
SUTLEJ,Sulemanki,14-Oct-20,11009,NIL
SUTLEJ,Islam,20-Jun-20,530,NIL
INDUS,Kalabagh,03-Sept-20,447584,444584
INDUS,Chashma,04-Sept-20,475623,473123
INDUS,Taunsa,05-Sept-20,469204,469204
INDUS,Guddu,31-Aug-20,NR,NR
INDUS,Sukkar,31-Aug-20,NR,NR
INDUS,Kotri,31-Aug-20,NR,NR
JHELUM,Kotli,19-Jun-20,,N.R
JHELUM,Mangla,28-Aug-20,80000,125000
JHELUM,Rasul,31-Jul-20,6995,NIL
JHELUM,Khushab bridge,30-Aug-20,-,104199
CHENAB,Jammu Tavi,19-Jun-20,,
CHENAB,Marala,27-Aug-20,212767,202767
CHENAB,Khanki,28-Aug-20,256202,250339
CHENAB,Qadirabad,25-Jul-20,20000,NIL
CHENAB,Trimmu,09-Aug-20,13185,NIL
CHENAB,Punjnad,15-Jul-20,14480,NIL
RAVI,Jassar,19-Jun-20,-,5168
RAVI,Shahdara,19-Jun-20,_,20626
RAVI,Balloki,19-Jun-20,32430,1780
RAVI,Sidhnai,19-Jun-20,15361,661
SUTLEJ,Bhakra,19-Jun-20,,
SUTLEJ,Sulemanki,14-Oct-20,11009,NIL
SUTLEJ,Islam,20-Jun-20,530,NIL
INDUS,Kalabagh,03-Sept-20,447584,444584
INDUS,Chashma,03-Sept-20,472206,469706
INDUS,Taunsa,05-Sept-20,466149,466149
INDUS,Guddu,01-Sept-20,NR,NR
INDUS,Sukkar,01-Sept-20,NR,NR
INDUS,Kotri,01-Sept-20,NR,NR
JHELUM,Kotli,19-Jun-20,NR,NR
JHELUM,Mangla,28-Aug-20,90000,108477
JHELUM,Rasul,02-Aug-20,6995,NIL
JHELUM,Khushab bridge,01-Sept-20,-,104199
CHENAB,Jammu Tavi,19-Jun-20,,
CHENAB,Marala,28-Aug-20,207730,202080
CHENAB,Khanki,28-Aug-20,256202,250339
CHENAB,Qadirabad,25-Jul-20,19000,NIL
CHENAB,Trimmu,09-Aug-20,13636,NIL
CHENAB,Punjnad,15-Jul-20,14480,NIL
RAVI,Jassar,19-Jun-20,,4999
RAVI,Shahdara,19-Jun-20,,20626
RAVI,Balloki,19-Jun-20,34475,3825
RAVI,Sidhnai,19-Jun-20,15361,661
SUTLEJ,Bhakra,19-Jun-20,,
SUTLEJ,Sulemanki,14-Oct-20,11009,NIL
SUTLEJ,Islam,20-Jun-20,530,NIL
INDUS,Kalabagh,02-Sept-20,441615,438115
INDUS,Chashma,05-Sept-20,467649,465149
INDUS,Taunsa,05-Sept-20,466149,466149
INDUS,Guddu,01-Sept-20,NR,NR
INDUS,Sukkar,01-Sept-20,NR,NR
INDUS,Kotri,01-Sept-20,NR,NR
JHELUM,Kotli,19-Jun-20,,NR
JHELUM,Mangla,27-Aug-20,130000,99814
JHELUM,Rasul,02-Aug-20,7895,NIL
JHELUM,Khushab bridge,01-Sept-20,-,104199
CHENAB,Jammu Tavi,19-Jun-20,,
CHENAB,Marala,28-Aug-20,207730,202080
CHENAB,Khanki,28-Aug-20,256202,250339
CHENAB,Qadirabad,25-Jul-20,17000,NIL
CHENAB,Trimmu,09-Aug-20,13943,NIL
CHENAB,Punjnad,15-Jul-20,14480,NIL
RAVI,Jassar,19-Jun-20,,5845
RAVI,Shahdara,19-Jun-20,,20061
RAVI,Balloki,19-Jun-20,34475,3825
RAVI,Sidhnai,19-Jun-20,15361,661
SUTLEJ,Bhakra,19-Jun-20,,
SUTLEJ,Sulemanki,14-Oct-20,11009,NIL
SUTLEJ,Islam,21-Jun-20,530,NIL
INDUS,Kalabagh,02-Sept-20,433390,429890
INDUS,Chashma,04-Sept-20,466780,464280
INDUS,Taunsa,06-Sept-20,464731,464731
INDUS,Guddu,02-Sept-20,NR,NR
INDUS,Sukkar,02-Sept-20,NR,NR
INDUS,Kotri,02-Sept-20,NR,NR
JHELUM,Kotli,20-Jun-20,,NR
JHELUM,Mangla,27-Aug-20,120000,99814
JHELUM,Rasul,03-Aug-20,7895,NIL
JHELUM,Khushab bridge,04-Sept-20,-,104199
CHENAB,Jammu Tavi,20-Jun-20,,
CHENAB,Marala,27-Aug-20,205510,195510
CHENAB,Khanki,28-Aug-20,256202,250339
CHENAB,Qadirabad,25-Jul-20,17900,NIL
CHENAB,Trimmu,09-Aug-20,13943,NIL
CHENAB,Punjnad,16-Jul-20,14480,NIL
RAVI,Jassar,20-Jun-20,,6014
RAVI,Shahdara,20-Jun-20,,20626
RAVI,Balloki,20-Jun-20,32830,1780
RAVI,Sidhnai,20-Jun-20,15361,661
SUTLEJ,Bhakra,20-Jun-20,,
SUTLEJ,Sulemanki,15-Oct-20,11009,NIL
SUTLEJ,Islam,21-Jun-20,530,NIL
INDUS,Kalabagh,02-Sept-20,433490,429890
INDUS,Chashma,04-Sept-20,465107,462607
INDUS,Taunsa,06-Sept-20,464731,464731
INDUS,Guddu,02-Sept-20,NR,NR
INDUS,Sukkar,02-Sept-20,NR,NR
INDUS,Kotri,02-Sept-20,NR,NR
JHELUM,Kotli,20-Jun-20,0,N.R
JHELUM,Mangla,28-Aug-20,120000,99814
JHELUM,Rasul,03-Aug-20,7920,NIL
JHELUM,Khushab bridge,01-Sept-20,-,101187
CHENAB,Jammu Tavi,20-Jun-20,0,0
CHENAB,Marala,27-Aug-20,205510,195510
CHENAB,Khanki,28-Aug-20,256202,250339
CHENAB,Qadirabad,26-Jul-20,19250,NIL
CHENAB,Trimmu,10-Aug-20,13943,NIL
CHENAB,Punjnad,16-Jul-20,13227,NIL
RAVI,Jassar,20-Jun-20,-,6353
RAVI,Shahdara,20-Jun-20,_,20626
RAVI,Balloki,20-Jun-20,33425,2375
RAVI,Sidhnai,20-Jun-20,15361,661
SUTLEJ,Bhakra,20-Jun-20,0,0
SUTLEJ,Sulemanki,15-Oct-20,11009,NIL
SUTLEJ,Islam,21-Jun-20,530,NIL
INDUS,Kalabagh,02-Sept-20,433390,429890
INDUS,Chashma,04-Sept-20,460467,457967
INDUS,Taunsa,06-Sept-20,464731,464731
INDUS,Guddu,03-Sept-20,NR,NR
INDUS,Sukkar,03-Sept-20,NR,NR
INDUS,Kotri,03-Sept-20,NR,NR
JHELUM,Kotli,20-Jun-20,NR,NR
JHELUM,Mangla,28-Aug-20,105000,99814
JHELUM,Rasul,04-Aug-20,7920,NIL
JHELUM,Khushab bridge,04-Sept-20,-,101187
CHENAB,Jammu Tavi,20-Jun-20,,
CHENAB,Marala,27-Aug-20,205510,195510
CHENAB,Khanki,28-Aug-20,256202,250339
CHENAB,Qadirabad,10-Sept-20,19000,Nil
CHENAB,Trimmu,10-Aug-20,13384,NIL
CHENAB,Punjnad,16-Jul-20,13227,NIL
RAVI,Jassar,20-Jun-20,,5845
RAVI,Shahdara,20-Jun-20,,20061
RAVI,Balloki,20-Jun-20,32830,1780
RAVI,Sidhnai,20-Jun-20,14700,NIL
SUTLEJ,Bhakra,20-Jun-20,,
SUTLEJ,Sulemanki,06-Sept-20,-,-
SUTLEJ,Islam,21-Jun-20,530,NIL
INDUS,Kalabagh,02-Sept-20,431577,428077
INDUS,Chashma,03-Sept-20,461587,457678
INDUS,Taunsa,06-Sept-20,464731,464731
INDUS,Guddu,03-Sept-20,NR,NR
INDUS,Sukkar,03-Sept-20,NR,NR
INDUS,Kotri,03-Sept-20,NR,NR
JHELUM,Kotli,20-Jun-20,NR,NR
JHELUM,Mangla,28-Aug-20,115000,99814
JHELUM,Rasul,04-Aug-20,7920,Nil
JHELUM,Khushab bridge,05-Sept-20,-,101187
CHENAB,Jammu Tavi,20-Jun-20,_,_
CHENAB,Marala,28-Aug-20,197410,191760
CHENAB,Khanki,28-Aug-20,248942,243082
CHENAB,Qadirabad,10-Sept-20,19000,NIL
CHENAB,Trimmu,10-Aug-20,13284,NIL
CHENAB,Punjnad,17-Jul-20,13227,NIL
RAVI,Jassar,20-Jun-20,_,6014
RAVI,Shahdara,20-Jun-20,_,20626
RAVI,Balloki,20-Jun-20,32830,1780
RAVI,Sidhnai,20-Jun-20,13914,NIL
SUTLEJ,Bhakra,20-Jun-20,_,_
SUTLEJ,Sulemanki,02-Oct-20,13709,-
SUTLEJ,Islam,22-Jun-20,530,NIL
INDUS,Kalabagh,03-Sept-20,430010,427085
INDUS,Chashma,05-Sept-20,459224,456724
INDUS,Taunsa,06-Sept-20,464731,464731
INDUS,Guddu,04-Sept-20,NR,NR
INDUS,Sukkar,04-Sept-20,NR,NR
INDUS,Kotri,04-Sept-20,NR,NR
JHELUM,Kotli,21-Jun-20,-,NR
JHELUM,Mangla,28-Aug-20,99800,99814
JHELUM,Rasul,04-Aug-20,7920,NIL
JHELUM,Khushab bridge,29-Aug-20,-,98174
CHENAB,Jammu Tavi,21-Jun-20,_,_
CHENAB,Marala,28-Aug-20,197410,191760
CHENAB,Khanki,28-Aug-20,241947,236084
CHENAB,Qadirabad,10-Sept-20,19450,Nil
CHENAB,Trimmu,10-Aug-20,13284,NIL
CHENAB,Punjnad,17-Jul-20,15451,NIL
RAVI,Jassar,21-Jun-20,_,6014
RAVI,Shahdara,21-Jun-20,_,21756
RAVI,Balloki,21-Jun-20,33030,1780
RAVI,Sidhnai,21-Jun-20,13538,NIL
SUTLEJ,Bhakra,21-Jun-20,_,_
SUTLEJ,Sulemanki,23-Jul-20,22918,11897
SUTLEJ,Islam,22-Jun-20,530,NIL
INDUS,Kalabagh,03-Sept-20,430010,427085
INDUS,Chashma,03-Sept-20,459024,456524
INDUS,Taunsa,06-Sept-20,464731,464731
INDUS,Guddu,26-Aug-20,NA,NA
INDUS,Sukkar,26-Aug-20,NA,NA
INDUS,Kotri,26-Aug-20,NA,NA
JHELUM,Kotli,21-Jun-20,,N.R
JHELUM,Mangla,28-Aug-20,120000,99814
JHELUM,Rasul,05-Aug-20,7920,NIL
JHELUM,Khushab bridge,06-Sept-20,-,98174
CHENAB,Jammu Tavi,21-Jun-20,,
CHENAB,Marala,28-Aug-20,197410,191760
CHENAB,Khanki,28-Aug-20,241947,236084
CHENAB,Qadirabad,11-Sept-20,20800,Nil
CHENAB,Trimmu,11-Aug-20,13284,NIL
CHENAB,Punjnad,17-Jul-20,15451,NIL
RAVI,Jassar,21-Jun-20,-,4660
RAVI,Shahdara,21-Jun-20,_,21756
RAVI,Balloki,21-Jun-20,33030,1780
RAVI,Sidhnai,21-Jun-20,12500,NIL
SUTLEJ,Bhakra,21-Jun-20,,
SUTLEJ,Sulemanki,24-Jul-20,23173,11897
SUTLEJ,Islam,22-Jun-20,530,NIL
INDUS,Kalabagh,04-Sept-20,428883,426633
INDUS,Chashma,05-Sept-20,452768,450268
INDUS,Taunsa,06-Sept-20,464731,464731
INDUS,Guddu,27-Aug-20,NA,NA
INDUS,Sukkar,27-Aug-20,NA,NA
INDUS,Kotri,27-Aug-20,NA,NA
JHELUM,Kotli,21-Jun-20,NR,NR
JHELUM,Mangla,28-Aug-20,120000,99814
JHELUM,Rasul,05-Aug-20,7995,NIL
JHELUM,Khushab bridge,07-Sept-20,-,98174
CHENAB,Jammu Tavi,21-Jun-20,_,_
CHENAB,Marala,28-Aug-20,197410,191760
CHENAB,Khanki,28-Aug-20,235476,229613
CHENAB,Qadirabad,11-Sept-20,22000,NIL
CHENAB,Trimmu,11-Aug-20,12791,NIL
CHENAB,Punjnad,18-Jul-20,15451,NIL
RAVI,Jassar,21-Jun-20,_,4407
RAVI,Shahdara,21-Jun-20,_,21756
RAVI,Balloki,21-Jun-20,33030,1780
RAVI,Sidhnai,21-Jun-20,12423,NIL
SUTLEJ,Bhakra,21-Jun-20,_,_
SUTLEJ,Sulemanki,24-Jul-20,23173,11897
SUTLEJ,Islam,22-Jun-20,530,NIL
INDUS,Kalabagh,04-Sept-20,428883,426633
INDUS,Chashma,03-Sept-20,451174,448674
INDUS,Taunsa,06-Sept-20,464731,464731
INDUS,Guddu,27-Aug-20,NA,NA
INDUS,Sukkar,27-Aug-20,NA,NA
INDUS,Kotri,27-Aug-20,NA,NA
JHELUM,Kotli,21-Jun-20,NR,NR
JHELUM,Mangla,28-Aug-20,115000,99814
JHELUM,Rasul,05-Aug-20,7995,NIL
JHELUM,Khushab bridge,07-Sept-20,-,98174
CHENAB,Jammu Tavi,21-Jun-20,_,_
CHENAB,Marala,27-Aug-20,198161,188161
CHENAB,Khanki,28-Aug-20,235476,229613
CHENAB,Qadirabad,11-Sept-20,22000,NIL
CHENAB,Trimmu,11-Aug-20,13284,NIL
CHENAB,Punjnad,22-Jul-20,15350,Nil
RAVI,Jassar,21-Jun-20,_,4660
RAVI,Shahdara,21-Jun-20,_,22322
RAVI,Balloki,21-Jun-20,33030,1780
RAVI,Sidhnai,21-Jun-20,12423,NIL
SUTLEJ,Bhakra,21-Jun-20,_,_
SUTLEJ,Sulemanki,24-Jul-20,23918,11897
SUTLEJ,Islam,23-Jun-20,530,NIL
INDUS,Kalabagh,04-Sept-20,428883,426633
INDUS,Chashma,03-Sept-20,444236,441736
INDUS,Taunsa,06-Sept-20,464731,464731
INDUS,Guddu,29-Aug-20,NA,NA
INDUS,Sukkar,29-Aug-20,NA,NA
INDUS,Kotri,29-Aug-20,NA,NA
JHELUM,Kotli,22-Jun-20,-,NR
JHELUM,Mangla,28-Aug-20,110000,99814
JHELUM,Rasul,06-Aug-20,7995,NIL
JHELUM,Khushab bridge,04-Sept-20,-,95162
CHENAB,Jammu Tavi,22-Jun-20,_,_
CHENAB,Marala,27-Aug-20,196755,177455
CHENAB,Khanki,28-Aug-20,227754,221891
CHENAB,Qadirabad,12-Sept-20,22000,NIL
CHENAB,Trimmu,12-Aug-20,13791,NIL
CHENAB,Punjnad,23-Jul-20,15350,NIL
RAVI,Jassar,22-Jun-20,_,4660
RAVI,Shahdara,22-Jun-20,_,20626
RAVI,Balloki,22-Jun-20,33825,2375
RAVI,Sidhnai,22-Jun-20,12423,NIL
SUTLEJ,Bhakra,22-Jun-20,_,_
SUTLEJ,Sulemanki,24-Jul-20,22918,11897
SUTLEJ,Islam,23-Jun-20,530,NIL
INDUS,Kalabagh,02-Sept-20,425473,421773
INDUS,Chashma,03-Sept-20,439305,436101
INDUS,Taunsa,07-Sept-20,464731,464731
INDUS,Guddu,31-Aug-20,NA,NA
INDUS,Sukkar,31-Aug-20,NA,NA
INDUS,Kotri,31-Aug-20,NA,NA
JHELUM,Kotli,22-Jun-20,-,N.R
JHELUM,Mangla,28-Aug-20,105000,99814
JHELUM,Rasul,06-Aug-20,8025,NIL
JHELUM,Khushab bridge,04-Sept-20,-,95162
CHENAB,Jammu Tavi,22-Jun-20,-,-
CHENAB,Marala,28-Aug-20,173494,167844
CHENAB,Khanki,28-Aug-20,227754,221891
CHENAB,Qadirabad,13-Sept-20,22000,Nil
CHENAB,Trimmu,12-Aug-20,14102,NIL
CHENAB,Punjnad,23-Jul-20,15500,Nil
RAVI,Jassar,22-Jun-20,-,4852
RAVI,Shahdara,22-Jun-20,-,20626
RAVI,Balloki,22-Jun-20,35275,3825
RAVI,Sidhnai,22-Jun-20,12423,NIL
SUTLEJ,Bhakra,22-Jun-20,-,-
SUTLEJ,Sulemanki,23-Jul-20,21805,11532
SUTLEJ,Islam,23-Jun-20,530,NIL
INDUS,Kalabagh,04-Sept-20,419764,418214
INDUS,Chashma,04-Sept-20,439305,436101
INDUS,Taunsa,07-Sept-20,464731,464731
INDUS,Guddu,02-Sept-20,NA,NA
INDUS,Sukkar,02-Sept-20,NA,NA
INDUS,Kotri,02-Sept-20,NA,NA
JHELUM,Kotli,22-Jun-20,N.R,N.R
JHELUM,Mangla,28-Aug-20,105000,99814
JHELUM,Rasul,06-Aug-20,7995,NIL
JHELUM,Khushab bridge,29-Aug-20,-,92150
CHENAB,Jammu Tavi,22-Jun-20,-,-
CHENAB,Marala,28-Aug-20,164651,159001
CHENAB,Khanki,28-Aug-20,227559,221696
CHENAB,Qadirabad,13-Sept-20,22000,Nil
CHENAB,Trimmu,12-Aug-20,14523,NIL
CHENAB,Punjnad,23-Jul-20,15500,NIL
RAVI,Jassar,22-Jun-20,-,6852
RAVI,Shahdara,22-Jun-20,-,20061
RAVI,Balloki,22-Jun-20,36250,4700
RAVI,Sidhnai,22-Jun-20,12853,NIL
SUTLEJ,Bhakra,22-Jun-20,-,-
SUTLEJ,Sulemanki,23-Jul-20,21805,11532
SUTLEJ,Islam,23-Jun-20,530,NIL
INDUS,Kalabagh,04-Sept-20,419764,418214
INDUS,Chashma,03-Sept-20,435069,432569
INDUS,Taunsa,07-Sept-20,464731,464731
INDUS,Guddu,03-Sept-20,NA,NA
INDUS,Sukkar,03-Sept-20,NA,NA
INDUS,Kotri,03-Sept-20,NA,NA
JHELUM,Kotli,22-Jun-20,NR,NR
JHELUM,Mangla,28-Aug-20,105000,99814
JHELUM,Rasul,06-Aug-20,7995,NIL
JHELUM,Khushab bridge,01-Sept-20,-,92150
CHENAB,Jammu Tavi,22-Jun-20,_,_
CHENAB,Marala,28-Aug-20,164651,159001
CHENAB,Khanki,28-Aug-20,227569,221696
CHENAB,Qadirabad,13-Sept-20,22000,Nil
CHENAB,Trimmu,12-Aug-20,14523,NIL
CHENAB,Punjnad,24-Jul-20,15500,NIL
RAVI,Jassar,22-Jun-20,_,5676
RAVI,Shahdara,22-Jun-20,_,20061
RAVI,Balloki,22-Jun-20,37130,5580
RAVI,Sidhnai,22-Jun-20,12883,NIL
SUTLEJ,Bhakra,22-Jun-20,_,_
SUTLEJ,Sulemanki,23-Jul-20,22395,11532
SUTLEJ,Islam,24-Jun-20,530,NIL
INDUS,Kalabagh,04-Sept-20,419764,418214
INDUS,Chashma,03-Sept-20,434643,432143
INDUS,Taunsa,06-Sept-20,464560,464560
INDUS,Guddu,04-Sept-20,NA,NA
INDUS,Sukkar,04-Sept-20,NA,NA
INDUS,Kotri,04-Sept-20,NA,NA
JHELUM,Kotli,23-Jun-20,-,N.R
JHELUM,Mangla,28-Aug-20,105000,99814
JHELUM,Rasul,07-Aug-20,7995,NIL
JHELUM,Khushab bridge,04-Sept-20,-,92150
CHENAB,Jammu Tavi,23-Jun-20,_,_
CHENAB,Marala,28-Aug-20,164651,159001
CHENAB,Khanki,28-Aug-20,227569,221696
CHENAB,Qadirabad,18-Sept-20,22000,NIL
CHENAB,Trimmu,12-Aug-20,14800,NIL
CHENAB,Punjnad,02-Aug-20,15825,Nil
RAVI,Jassar,23-Jun-20,_,5373
RAVI,Shahdara,23-Jun-20,_,21191
RAVI,Balloki,23-Jun-20,35775,3825
RAVI,Sidhnai,23-Jun-20,12883,NIL
SUTLEJ,Bhakra,23-Jun-20,_,_
SUTLEJ,Sulemanki,24-Aug-20,24671,11136
SUTLEJ,Islam,24-Jun-20,530,NIL
INDUS,Kalabagh,04-Sept-20,419764,418214
INDUS,Chashma,03-Sept-20,433763,431263
INDUS,Taunsa,06-Sept-20,464560,464560
INDUS,Guddu,01-Sept-20,N/R,N/R
INDUS,Sukkar,01-Sept-20,N/R,N/R
INDUS,Kotri,01-Sept-20,N/R,N/R
JHELUM,Kotli,23-Jun-20,-,N.R
JHELUM,Mangla,28-Aug-20,115000,99814
JHELUM,Rasul,07-Aug-20,6995,NIL
JHELUM,Khushab bridge,05-Sept-20,-,92150
CHENAB,Jammu Tavi,23-Jun-20,-,-
CHENAB,Marala,28-Aug-20,164651,159001
CHENAB,Khanki,28-Aug-20,213376,207513
CHENAB,Qadirabad,18-Sept-20,22000,NIL
CHENAB,Trimmu,14-Oct-20,15600,NIL
CHENAB,Punjnad,02-Aug-20,15825,NIL
RAVI,Jassar,23-Jun-20,-,4154
RAVI,Shahdara,23-Jun-20,-,21191
RAVI,Balloki,23-Jun-20,36650,4700
RAVI,Sidhnai,23-Jun-20,13680,NIL
SUTLEJ,Bhakra,23-Jun-20,-,-
SUTLEJ,Sulemanki,25-Aug-20,24671,11136
SUTLEJ,Islam,24-Jun-20,530,NIL
INDUS,Kalabagh,04-Sept-20,419764,418214
INDUS,Chashma,03-Sept-20,433763,431263
INDUS,Taunsa,06-Sept-20,464560,464560
INDUS,Guddu,28-Aug-20,N/A,N/A
INDUS,Sukkar,28-Aug-20,N/A,N/A
INDUS,Kotri,28-Aug-20,N/A,N/A
JHELUM,Kotli,23-Jun-20,NR,NR
JHELUM,Mangla,28-Aug-20,105000,99814
JHELUM,Rasul,10-Aug-20,2790,NIL
JHELUM,Khushab bridge,06-Sept-20,-,92150
CHENAB,Jammu Tavi,23-Jun-20,,
CHENAB,Marala,28-Aug-20,164651,159001
CHENAB,Khanki,28-Aug-20,213376,207513
CHENAB,Qadirabad,19-Sept-20,22000,NIL
CHENAB,Trimmu,14-Oct-20,15600,NIL
CHENAB,Punjnad,02-Aug-20,15825,NIL
RAVI,Jassar,23-Jun-20,-,4154
RAVI,Shahdara,23-Jun-20,-,21756
RAVI,Balloki,23-Jun-20,37530,5580
RAVI,Sidhnai,23-Jun-20,13688,NIL
SUTLEJ,Bhakra,23-Jun-20,,
SUTLEJ,Sulemanki,25-Aug-20,24671,11136
SUTLEJ,Islam,24-Jun-20,700,NIL
INDUS,Kalabagh,02-Sept-20,416702,412902
INDUS,Chashma,02-Sept-20,430606,428146
INDUS,Taunsa,06-Sept-20,464560,464560
INDUS,Guddu,16-Jun-20,N.R,N.R
INDUS,Sukkar,16-Jun-20,N.R,N.R
INDUS,Kotri,16-Jun-20,N.R,N.R
JHELUM,Kotli,23-Jun-20,-,NR
JHELUM,Mangla,28-Aug-20,100000,99814
JHELUM,Rasul,10-Aug-20,3200,NIL
JHELUM,Khushab bridge,29-Aug-20,-,89137
CHENAB,Jammu Tavi,23-Jun-20,_,_
CHENAB,Marala,27-Aug-20,175343,156043
CHENAB,Khanki,27-Aug-20,207348,201485
CHENAB,Qadirabad,19-Sept-20,21000,NIL
CHENAB,Trimmu,14-Oct-20,15600,NIL
CHENAB,Punjnad,03-Aug-20,15825,NIL
RAVI,Jassar,23-Jun-20,_,4407
RAVI,Shahdara,23-Jun-20,_,21756
RAVI,Balloki,23-Jun-20,37530,5580
RAVI,Sidhnai,23-Jun-20,13688,NIL
SUTLEJ,Bhakra,23-Jun-20,_,_
SUTLEJ,Sulemanki,25-Aug-20,24829,11136
SUTLEJ,Islam,25-Jun-20,700,NIL
INDUS,Kalabagh,03-Sept-20,410023,407248
INDUS,Chashma,04-Sept-20,429846,427346
INDUS,Taunsa,06-Sept-20,464560,464560
INDUS,Guddu,22-Jun-20,N.R,N.R
INDUS,Sukkar,22-Jun-20,N.R,N.R
INDUS,Kotri,22-Jun-20,N.R,N.R
JHELUM,Kotli,24-Jun-20,-,N.R
JHELUM,Mangla,28-Aug-20,99800,99814
JHELUM,Rasul,10-Aug-20,3200,NIL
JHELUM,Khushab bridge,29-Aug-20,-,89137
CHENAB,Jammu Tavi,24-Jun-20,_,_
CHENAB,Marala,26-Aug-20,165820,145320
CHENAB,Khanki,28-Aug-20,202602,196739
CHENAB,Qadirabad,19-Sept-20,21000,Nil
CHENAB,Trimmu,15-Oct-20,15600,NIL
CHENAB,Punjnad,03-Aug-20,15825,Nil
RAVI,Jassar,24-Jun-20,_,4407
RAVI,Shahdara,24-Jun-20,_,20626
RAVI,Balloki,24-Jun-20,37730,5580
RAVI,Sidhnai,24-Jun-20,13688,NIL
SUTLEJ,Bhakra,24-Jun-20,_,_
SUTLEJ,Sulemanki,25-Aug-20,24829,11136
SUTLEJ,Islam,25-Jun-20,700,NIL
INDUS,Kalabagh,03-Sept-20,409798,407248
INDUS,Chashma,05-Sept-20,429692,427192
INDUS,Taunsa,06-Sept-20,464560,464560
INDUS,Guddu,27-Aug-20,N.R,N.R
INDUS,Sukkar,27-Aug-20,N.R,N.R
INDUS,Kotri,27-Aug-20,N.R,N.R
JHELUM,Kotli,24-Jun-20,-,N.R
JHELUM,Mangla,29-Aug-20,48000,99814
JHELUM,Rasul,11-Aug-20,3200,NIL
JHELUM,Khushab bridge,30-Aug-20,-,89137
CHENAB,Jammu Tavi,24-Jun-20,-,-
CHENAB,Marala,26-Aug-20,164620,145320
CHENAB,Khanki,29-Aug-20,202602,196739
CHENAB,Qadirabad,19-Sept-20,22000,NIL
CHENAB,Trimmu,15-Oct-20,15600,NIL
CHENAB,Punjnad,03-Aug-20,15825,NIL
RAVI,Jassar,24-Jun-20,-,6014
RAVI,Shahdara,24-Jun-20,-,20626
RAVI,Balloki,24-Jun-20,37730,25580
RAVI,Sidhnai,24-Jun-20,14350,NIL
SUTLEJ,Bhakra,24-Jun-20,-,-
SUTLEJ,Sulemanki,05-Sept-20,21251,10701
SUTLEJ,Islam,25-Jun-20,700,NIL
INDUS,Kalabagh,04-Sept-20,409498,407248
INDUS,Chashma,02-Sept-20,428669,425573
INDUS,Taunsa,06-Sept-20,464560,464560
INDUS,Guddu,28-Aug-20,N.R,N.R
INDUS,Sukkar,28-Aug-20,N.R,N.R
INDUS,Kotri,28-Aug-20,N.R,N.R
JHELUM,Kotli,24-Jun-20,-,NIL
JHELUM,Mangla,29-Aug-20,48000,99814
JHELUM,Rasul,11-Aug-20,2995,NIL
JHELUM,Khushab bridge,30-Aug-20,-,89137
CHENAB,Jammu Tavi,24-Jun-20,-,-
CHENAB,Marala,26-Aug-20,164620,145320
CHENAB,Khanki,27-Aug-20,191065,184802
CHENAB,Qadirabad,20-Sept-20,21000,Nil
CHENAB,Trimmu,28-Jul-20,13584,-
CHENAB,Punjnad,04-Aug-20,15825,NIL
RAVI,Jassar,24-Jun-20,-,6184
RAVI,Shahdara,24-Jun-20,-,20626
RAVI,Balloki,24-Jun-20,37730,5580
RAVI,Sidhnai,24-Jun-20,14600,NIL
SUTLEJ,Bhakra,24-Jun-20,-,-
SUTLEJ,Sulemanki,16-Jul-20,22628,10017
SUTLEJ,Islam,25-Jun-20,1030,NIL
INDUS,Kalabagh,04-Sept-20,409423,407248
INDUS,Chashma,05-Sept-20,426372,423872
INDUS,Taunsa,06-Sept-20,464560,464560
INDUS,Guddu,01-Sept-20,N.A,N.A
INDUS,Sukkar,01-Sept-20,N.A,N.A
INDUS,Kotri,01-Sept-20,N.A,N.A
JHELUM,Kotli,24-Jun-20,-,N.R
JHELUM,Mangla,29-Aug-20,48000,99814
JHELUM,Rasul,12-Aug-20,2995,NIL
JHELUM,Khushab bridge,06-Sept-20,-,89137
CHENAB,Jammu Tavi,24-Jun-20,-,-
CHENAB,Marala,26-Aug-20,164620,145320
CHENAB,Khanki,27-Aug-20,191065,184802
CHENAB,Qadirabad,20-Sept-20,21000,Nil
CHENAB,Trimmu,28-Jul-20,12329,-
CHENAB,Punjnad,05-Aug-20,15750,NIL
RAVI,Jassar,24-Jun-20,-,4660
RAVI,Shahdara,24-Jun-20,-,20626
RAVI,Balloki,24-Jun-20,37730,5580
RAVI,Sidhnai,24-Jun-20,14850,NIL
SUTLEJ,Bhakra,24-Jun-20,-,-
SUTLEJ,Sulemanki,16-Jul-20,22628,10017
SUTLEJ,Islam,26-Jun-20,1030,NIL
INDUS,Kalabagh,04-Sept-20,409248,407248
INDUS,Chashma,05-Sept-20,424323,421823
INDUS,Taunsa,06-Sept-20,464560,464560
INDUS,Guddu,02-Sept-20,N.A,N.A
INDUS,Sukkar,02-Sept-20,N.A,N.A
INDUS,Kotri,02-Sept-20,N.A,N.A
JHELUM,Kotli,25-Jun-20,,N.R
JHELUM,Mangla,30-Aug-20,40000,99814
JHELUM,Rasul,12-Aug-20,2995,NIL
JHELUM,Khushab bridge,07-Sept-20,-,89137
CHENAB,Jammu Tavi,25-Jun-20,,
CHENAB,Marala,26-Aug-20,164620,145320
CHENAB,Khanki,29-Aug-20,181437,175574
CHENAB,Qadirabad,20-Sept-20,21000,Nil
CHENAB,Trimmu,28-Jul-20,12704,-
CHENAB,Punjnad,06-Aug-20,15750,NIL
RAVI,Jassar,25-Jun-20,,4660
RAVI,Shahdara,25-Jun-20,,21756
RAVI,Balloki,25-Jun-20,38650,6455
RAVI,Sidhnai,25-Jun-20,14850,NIL
SUTLEJ,Bhakra,25-Jun-20,,
SUTLEJ,Sulemanki,17-Jul-20,22628,10017
SUTLEJ,Islam,26-Jun-20,1030,NIL
INDUS,Kalabagh,04-Sept-20,409023,407248
INDUS,Chashma,02-Sept-20,419606,417106
INDUS,Taunsa,06-Sept-20,464560,464560
INDUS,Guddu,04-Sept-20,N.A,N.A
INDUS,Sukkar,04-Sept-20,N.A,N.A
INDUS,Kotri,04-Sept-20,N.A,N.A
JHELUM,Kotli,25-Jun-20,-,N.R
JHELUM,Mangla,30-Aug-20,40000,99814
JHELUM,Rasul,12-Aug-20,2790,NIL
JHELUM,Khushab bridge,29-Aug-20,-,86125
CHENAB,Jammu Tavi,25-Jun-20,-,-
CHENAB,Marala,27-Aug-20,164620,145320
CHENAB,Khanki,29-Aug-20,181437,175574
CHENAB,Qadirabad,20-Sept-20,21000,Nil
CHENAB,Trimmu,29-Jul-20,13887,-
CHENAB,Punjnad,06-Aug-20,15750,NIL
RAVI,Jassar,25-Jun-20,-,6353
RAVI,Shahdara,25-Jun-20,-,21756
RAVI,Balloki,25-Jun-20,38010,8210
RAVI,Sidhnai,25-Jun-20,14850,NIL
SUTLEJ,Bhakra,25-Jun-20,-,-
SUTLEJ,Sulemanki,17-Jul-20,22628,10017
SUTLEJ,Islam,26-Jun-20,1030,NIL
INDUS,Kalabagh,04-Sept-20,409498,407248
INDUS,Chashma,02-Sept-20,414435,411935
INDUS,Taunsa,07-Sept-20,464560,464560
INDUS,Guddu,30-Aug-20,-,-
INDUS,Sukkar,30-Aug-20,-,-
INDUS,Kotri,30-Aug-20,-,-
JHELUM,Kotli,25-Jun-20,-,NR
JHELUM,Mangla,30-Aug-20,40000,99814
JHELUM,Rasul,12-Aug-20,2995,NIL
JHELUM,Khushab bridge,29-Aug-20,-,86125
CHENAB,Jammu Tavi,25-Jun-20,-,-
CHENAB,Marala,27-Aug-20,164620,145320
CHENAB,Khanki,27-Aug-20,179353,173090
CHENAB,Qadirabad,21-Sept-20,21000,Nil
CHENAB,Trimmu,29-Jul-20,14612,-
CHENAB,Punjnad,06-Aug-20,15825,NIL
RAVI,Jassar,25-Jun-20,-,6602
RAVI,Shahdara,25-Jun-20,-,22322
RAVI,Balloki,25-Jun-20,36605,6455
RAVI,Sidhnai,25-Jun-20,14850,NIL
SUTLEJ,Bhakra,25-Jun-20,-,-
SUTLEJ,Sulemanki,25-Jul-20,22029,10008
SUTLEJ,Islam,27-Jun-20,1130,NIL
INDUS,Kalabagh,04-Sept-20,409498,407248
INDUS,Chashma,02-Sept-20,405095,401999
INDUS,Taunsa,07-Sept-20,464560,464560
INDUS,Guddu,31-Aug-20,-,-
INDUS,Sukkar,31-Aug-20,-,-
INDUS,Kotri,31-Aug-20,-,-
JHELUM,Kotli,25-Jun-20,-,NR
JHELUM,Mangla,30-Aug-20,40000,99814
JHELUM,Rasul,13-Aug-20,2995,NIL
JHELUM,Khushab bridge,31-Aug-20,-,86125
CHENAB,Jammu Tavi,25-Jun-20,_,_
CHENAB,Marala,27-Aug-20,164620,145320
CHENAB,Khanki,27-Aug-20,179353,173090
CHENAB,Qadirabad,21-Sept-20,21000,NIL
CHENAB,Trimmu,03-Sept-20,-,-
CHENAB,Punjnad,06-Aug-20,15825,NIL
RAVI,Jassar,25-Jun-20,_,5845
RAVI,Shahdara,25-Jun-20,_,22322
RAVI,Balloki,25-Jun-20,36605,6455
RAVI,Sidhnai,25-Jun-20,16833,1983
SUTLEJ,Bhakra,25-Jun-20,_,_
SUTLEJ,Sulemanki,25-Jul-20,22029,10008
SUTLEJ,Islam,27-Jun-20,1130,NIL
INDUS,Kalabagh,04-Sept-20,409498,407248
INDUS,Chashma,02-Sept-20,405095,401999
INDUS,Taunsa,07-Sept-20,464560,464560
INDUS,Guddu,09-Sept-20,570722,540650
INDUS,Sukkar,10-Sept-20,501125,458390
INDUS,Kotri,18-Sept-20,300415,283910
JHELUM,Kotli,26-Jun-20,-,NR
JHELUM,Mangla,30-Aug-20,40000,99814
JHELUM,Rasul,13-Aug-20,2995,NIL
JHELUM,Khushab bridge,01-Sept-20,-,86125
CHENAB,Jammu Tavi,26-Jun-20,_,_
CHENAB,Marala,28-Aug-20,143738,138088
CHENAB,Khanki,27-Aug-20,169682,165079
CHENAB,Qadirabad,21-Sept-20,21000,NIL
CHENAB,Trimmu,03-Sept-20,-,-
CHENAB,Punjnad,07-Aug-20,15825,NIL
RAVI,Jassar,26-Jun-20,_,5507
RAVI,Shahdara,26-Jun-20,_,22322
RAVI,Balloki,26-Jun-20,38605,6455
RAVI,Sidhnai,26-Jun-20,16172,1322
SUTLEJ,Bhakra,26-Jun-20,_,_
SUTLEJ,Sulemanki,25-Jul-20,22269,10008
SUTLEJ,Islam,27-Jun-20,1130,NIL
INDUS,Kalabagh,04-Sept-20,409348,407248
INDUS,Chashma,05-Sept-20,378873,376373
INDUS,Taunsa,07-Sept-20,464560,464560
INDUS,Guddu,09-Sept-20,570722,540650
INDUS,Sukkar,10-Sept-20,501125,458390
INDUS,Kotri,19-Sept-20,300415,283910
JHELUM,Kotli,26-Jun-20,-,N.R
JHELUM,Mangla,30-Aug-20,40000,99814
JHELUM,Rasul,14-Aug-20,3015,NIL
JHELUM,Khushab bridge,01-Sept-20,-,86125
CHENAB,Jammu Tavi,26-Jun-20,-,-
CHENAB,Marala,28-Aug-20,143738,138088
CHENAB,Khanki,27-Aug-20,169682,165079
CHENAB,Qadirabad,22-Sept-20,21000,NIL
CHENAB,Trimmu,03-Sept-20,-,-
CHENAB,Punjnad,07-Aug-20,14988,NIL
RAVI,Jassar,26-Jun-20,-,6353
RAVI,Shahdara,26-Jun-20,-,22322
RAVI,Balloki,26-Jun-20,36505,6455
RAVI,Sidhnai,26-Jun-20,16172,1322
SUTLEJ,Bhakra,26-Jun-20,-,-
SUTLEJ,Sulemanki,25-Jul-20,22269,10008
SUTLEJ,Islam,27-Jun-20,1130,NIL
INDUS,Kalabagh,04-Sept-20,409273,407248
INDUS,Chashma,05-Sept-20,378873,376373
INDUS,Taunsa,05-Sept-20,459279,459279
INDUS,Guddu,09-Sept-20,570722,540650
INDUS,Sukkar,11-Sept-20,495010,452275
INDUS,Kotri,19-Sept-20,300415,283910
JHELUM,Kotli,26-Jun-20,-,NR
JHELUM,Mangla,30-Aug-20,40000,99814
JHELUM,Rasul,14-Aug-20,3015,NIL
JHELUM,Khushab bridge,04-Sept-20,-,86125
CHENAB,Jammu Tavi,26-Jun-20,-,-
CHENAB,Marala,29-Aug-20,143738,138088
CHENAB,Khanki,27-Aug-20,169682,165079
CHENAB,Qadirabad,22-Sept-20,21000,Nil
CHENAB,Trimmu,03-Sept-20,-,-
CHENAB,Punjnad,07-Aug-20,14988,NIL
RAVI,Jassar,26-Jun-20,-,5676
RAVI,Shahdara,26-Jun-20,-,23452
RAVI,Balloki,26-Jun-20,38195,8145
RAVI,Sidhnai,26-Jun-20,16172,1322
SUTLEJ,Bhakra,26-Jun-20,-,-
SUTLEJ,Sulemanki,05-Sept-20,17965,9706
SUTLEJ,Islam,28-Jun-20,1130,NIL
INDUS,Kalabagh,04-Sept-20,408948,407248
INDUS,Chashma,02-Sept-20,368301,365205
INDUS,Taunsa,05-Sept-20,459279,459279
INDUS,Guddu,09-Sept-20,570722,540650
INDUS,Sukkar,10-Sept-20,489235,446500
INDUS,Kotri,19-Sept-20,300415,283910
JHELUM,Kotli,26-Jun-20,,NR
JHELUM,Mangla,30-Aug-20,40000,99814
JHELUM,Rasul,14-Aug-20,3425,NIL
JHELUM,Khushab bridge,29-Aug-20,-,83112
CHENAB,Jammu Tavi,26-Jun-20,,
CHENAB,Marala,29-Aug-20,143738,138088
CHENAB,Khanki,27-Aug-20,169682,163079
CHENAB,Qadirabad,22-Sept-20,21000,NIL
CHENAB,Trimmu,03-Sept-20,-,-
CHENAB,Punjnad,07-Aug-20,14988,NIL
RAVI,Jassar,26-Jun-20,,5168
RAVI,Shahdara,26-Jun-20,,23452
RAVI,Balloki,26-Jun-20,38195,8145
RAVI,Sidhnai,26-Jun-20,17494,2644
SUTLEJ,Bhakra,26-Jun-20,,
SUTLEJ,Sulemanki,05-Sept-20,17965,9706
SUTLEJ,Islam,28-Jun-20,1130,NIL
INDUS,Kalabagh,04-Sept-20,408873,407248
INDUS,Chashma,06-Sept-20,362462,359150
INDUS,Taunsa,05-Sept-20,459279,459279
INDUS,Guddu,10-Sept-20,569570,540650
INDUS,Sukkar,10-Sept-20,489235,446500
INDUS,Kotri,19-Sept-20,300415,283910
JHELUM,Kotli,27-Jun-20,-,NR
JHELUM,Mangla,26-Aug-20,60000,99215
JHELUM,Rasul,15-Aug-20,3425,NIL
JHELUM,Khushab bridge,06-Sept-20,-,83112
CHENAB,Jammu Tavi,27-Jun-20,_,_
CHENAB,Marala,27-Aug-20,153616,134316
CHENAB,Khanki,27-Aug-20,169682,163079
CHENAB,Qadirabad,22-Sept-20,21000,NIL
CHENAB,Trimmu,03-Sept-20,-,-
CHENAB,Punjnad,08-Aug-20,14988,NIL
RAVI,Jassar,27-Jun-20,_,5168
RAVI,Shahdara,27-Jun-20,_,22862
RAVI,Balloki,27-Jun-20,39195,8145
RAVI,Sidhnai,27-Jun-20,17494,2644
SUTLEJ,Bhakra,27-Jun-20,_,_
SUTLEJ,Sulemanki,05-Sept-20,17965,9706
SUTLEJ,Islam,28-Jun-20,1230,NIL
INDUS,Kalabagh,04-Sept-20,408798,407248
INDUS,Chashma,06-Sept-20,361164,357852
INDUS,Taunsa,07-Sept-20,455923,455923
INDUS,Guddu,10-Sept-20,569570,540650
INDUS,Sukkar,11-Sept-20,489550,446500
INDUS,Kotri,20-Sept-20,300595,283910
JHELUM,Kotli,27-Jun-20,,N.R
JHELUM,Mangla,26-Aug-20,60000,99215
JHELUM,Rasul,15-Aug-20,3118,NIL
JHELUM,Khushab bridge,07-Sept-20,-,83112
CHENAB,Jammu Tavi,27-Jun-20,,
CHENAB,Marala,29-Aug-20,136150,130500
CHENAB,Khanki,27-Aug-20,169740,163079
CHENAB,Qadirabad,23-Sept-20,21450,NIL
CHENAB,Trimmu,04-Sept-20,-,-
CHENAB,Punjnad,11-Aug-20,15400,Nil
RAVI,Jassar,27-Jun-20,-,4407
RAVI,Shahdara,27-Jun-20,_,22862
RAVI,Balloki,27-Jun-20,38995,8145
RAVI,Sidhnai,27-Jun-20,17494,2644
SUTLEJ,Bhakra,27-Jun-20,,
SUTLEJ,Sulemanki,05-Sept-20,17965,9706
SUTLEJ,Islam,28-Jun-20,1230,NIL
INDUS,Kalabagh,04-Sept-20,408798,407248
INDUS,Chashma,06-Sept-20,361164,357852
INDUS,Taunsa,07-Sept-20,455923,455923
INDUS,Guddu,08-Sept-20,562592,532520
INDUS,Sukkar,11-Sept-20,483770,440440
INDUS,Kotri,20-Sept-20,299498,282813
JHELUM,Kotli,27-Jun-20,NR,NR
JHELUM,Mangla,26-Aug-20,170000,99215
JHELUM,Rasul,15-Aug-20,2790,NIL
JHELUM,Khushab bridge,31-Aug-20,-,80100
CHENAB,Jammu Tavi,27-Jun-20,_,_
CHENAB,Marala,29-Aug-20,136150,130500
CHENAB,Khanki,27-Aug-20,169740,163079
CHENAB,Qadirabad,23-Sept-20,21450,NIL
CHENAB,Trimmu,04-Sept-20,-,-
CHENAB,Punjnad,11-Aug-20,15400,NIL
RAVI,Jassar,27-Jun-20,_,3901
RAVI,Shahdara,27-Jun-20,_,22862
RAVI,Balloki,27-Jun-20,38695,8145
RAVI,Sidhnai,27-Jun-20,17744,2644
SUTLEJ,Bhakra,27-Jun-20,_,_
SUTLEJ,Sulemanki,26-Jul-20,21487,9176
SUTLEJ,Islam,05-Jul-20,1530,NIL
INDUS,Kalabagh,05-Sept-20,408798,407248
INDUS,Chashma,06-Sept-20,357978,355478
INDUS,Taunsa,07-Sept-20,455923,455923
INDUS,Guddu,08-Sept-20,554335,524263
INDUS,Sukkar,11-Sept-20,483770,440440
INDUS,Kotri,20-Sept-20,299498,282723
JHELUM,Kotli,27-Jun-20,-,NR
JHELUM,Mangla,26-Aug-20,100000,99215
JHELUM,Rasul,16-Aug-20,2790,NIL
JHELUM,Khushab bridge,06-Sept-20,-,80100
CHENAB,Jammu Tavi,27-Jun-20,_,_
CHENAB,Marala,29-Aug-20,136150,130500
CHENAB,Khanki,27-Aug-20,169682,163079
CHENAB,Qadirabad,23-Sept-20,21450,NIL
CHENAB,Trimmu,01-Sept-20,206077,196077
CHENAB,Punjnad,12-Aug-20,15400,NIL
RAVI,Jassar,27-Jun-20,_,3901
RAVI,Shahdara,27-Jun-20,_,23452
RAVI,Balloki,27-Jun-20,38495,8145
RAVI,Sidhnai,27-Jun-20,18505,3305
SUTLEJ,Bhakra,27-Jun-20,_,_
SUTLEJ,Sulemanki,26-Jul-20,21487,9176
SUTLEJ,Islam,06-Jul-20,1530,NIL
INDUS,Kalabagh,05-Sept-20,408798,407248
INDUS,Chashma,02-Sept-20,358257,355161
INDUS,Taunsa,07-Sept-20,450349,450349
INDUS,Guddu,08-Sept-20,548104,520086
INDUS,Sukkar,12-Sept-20,483400,440440
INDUS,Kotri,20-Sept-20,297645,280370
JHELUM,Kotli,28-Jun-20,-,NR
JHELUM,Mangla,26-Aug-20,85000,99215
JHELUM,Rasul,16-Aug-20,2790,NIL
JHELUM,Khushab bridge,09-Sept-20,-,80100
CHENAB,Jammu Tavi,28-Jun-20,_,_
CHENAB,Marala,27-Aug-20,148578,129278
CHENAB,Khanki,29-Aug-20,161432,155569
CHENAB,Qadirabad,23-Sept-20,21450,NIL
CHENAB,Trimmu,01-Sept-20,206077,196077
CHENAB,Punjnad,12-Aug-20,15400,NIL
RAVI,Jassar,28-Jun-20,_,4660
RAVI,Shahdara,28-Jun-20,_,21756
RAVI,Balloki,28-Jun-20,38340,6990
RAVI,Sidhnai,28-Jun-20,18505,3305
SUTLEJ,Bhakra,28-Jun-20,_,_
SUTLEJ,Sulemanki,26-Jul-20,21537,9176
SUTLEJ,Islam,06-Jul-20,1530,NIL
INDUS,Kalabagh,02-Sept-20,404723,400323
INDUS,Chashma,02-Sept-20,353909,351409
INDUS,Taunsa,07-Sept-20,450349,450349
INDUS,Guddu,08-Sept-20,548104,520086
INDUS,Sukkar,12-Sept-20,483400,440440
INDUS,Kotri,18-Sept-20,292825,276140
JHELUM,Kotli,28-Jun-20,,N.R
JHELUM,Mangla,26-Aug-20,50000,99215
JHELUM,Rasul,16-Aug-20,2893,NIL
JHELUM,Khushab bridge,28-Aug-20,-,78011
CHENAB,Jammu Tavi,28-Jun-20,,
CHENAB,Marala,21-Aug-20,151684,127584
CHENAB,Khanki,29-Aug-20,161432,155569
CHENAB,Qadirabad,25-Sept-20,22000,Nil
CHENAB,Trimmu,01-Sept-20,206077,196077
CHENAB,Punjnad,12-Aug-20,12418,Nil
RAVI,Jassar,28-Jun-20,-,4407
RAVI,Shahdara,28-Jun-20,_,22862
RAVI,Balloki,28-Jun-20,38995,8145
RAVI,Sidhnai,28-Jun-20,17494,2644
SUTLEJ,Bhakra,28-Jun-20,,
SUTLEJ,Sulemanki,26-Jul-20,21537,9176
SUTLEJ,Islam,06-Jul-20,1530,NIL
INDUS,Kalabagh,02-Sept-20,404423,400323
INDUS,Chashma,02-Sept-20,352002,349502
INDUS,Taunsa,07-Sept-20,450349,450349
INDUS,Guddu,08-Sept-20,548104,520086
INDUS,Sukkar,09-Sept-20,475560,433360
INDUS,Kotri,18-Sept-20,292823,274938
JHELUM,Kotli,28-Jun-20,NR,NR
JHELUM,Mangla,27-Aug-20,40000,99215
JHELUM,Rasul,17-Aug-20,2790,NIL
JHELUM,Khushab bridge,09-Sept-20,-,78011
CHENAB,Jammu Tavi,28-Jun-20,_,_
CHENAB,Marala,27-Aug-20,143225,123925
CHENAB,Khanki,27-Aug-20,156206,149545
CHENAB,Qadirabad,25-Sept-20,22000,NIL
CHENAB,Trimmu,01-Sept-20,206077,196077
CHENAB,Punjnad,12-Aug-20,12418,NIL
RAVI,Jassar,28-Jun-20,_,4407
RAVI,Shahdara,28-Jun-20,_,22322
RAVI,Balloki,28-Jun-20,39495,8145
RAVI,Sidhnai,28-Jun-20,18839,3639
SUTLEJ,Bhakra,28-Jun-20,_,_
SUTLEJ,Sulemanki,22-Jul-20,18388,9059
SUTLEJ,Islam,07-Jul-20,1530,NIL
INDUS,Kalabagh,05-Sept-20,397334,395784
INDUS,Chashma,29-Aug-20,343549,338049
INDUS,Taunsa,05-Sept-20,446437,446437
INDUS,Guddu,07-Sept-20,527098,500082
INDUS,Sukkar,09-Sept-20,475560,433360
INDUS,Kotri,21-Sept-20,291582,274307
JHELUM,Kotli,28-Jun-20,-,-
JHELUM,Mangla,27-Aug-20,40000,99215
JHELUM,Rasul,17-Aug-20,2995,NIL
JHELUM,Khushab bridge,03-Sept-20,-,75925
CHENAB,Jammu Tavi,28-Jun-20,_,_
CHENAB,Marala,29-Aug-20,126826,121176
CHENAB,Khanki,27-Aug-20,151309,144900
CHENAB,Qadirabad,25-Sept-20,22000,NIL
CHENAB,Trimmu,01-Sept-20,206077,196077
CHENAB,Punjnad,12-Aug-20,12418,NIL
RAVI,Jassar,28-Jun-20,_,4999
RAVI,Shahdara,28-Jun-20,_,22322
RAVI,Balloki,28-Jun-20,39495,8145
RAVI,Sidhnai,28-Jun-20,18939,3639
SUTLEJ,Bhakra,28-Jun-20,_,_
SUTLEJ,Sulemanki,22-Jul-20,18388,9059
SUTLEJ,Islam,07-Jul-20,1530,NIL
INDUS,Kalabagh,05-Sept-20,397259,395784
INDUS,Chashma,01-Sept-20,338357,335807
INDUS,Taunsa,05-Sept-20,446437,446437
INDUS,Guddu,08-Sept-20,527098,500082
INDUS,Sukkar,12-Sept-20,472850,429090
INDUS,Kotri,21-Sept-20,281865,264680
JHELUM,Kotli,29-Jun-20,-,-
JHELUM,Mangla,28-Aug-20,70000,85858
JHELUM,Rasul,17-Aug-20,2870,NIL
JHELUM,Khushab bridge,03-Sept-20,-,75925
CHENAB,Jammu Tavi,29-Jun-20,_,_
CHENAB,Marala,29-Aug-20,126826,121176
CHENAB,Khanki,27-Aug-20,151503,144900
CHENAB,Qadirabad,26-Sept-20,22000,NIL
CHENAB,Trimmu,01-Sept-20,206077,196077
CHENAB,Punjnad,13-Aug-20,12418,NIL
RAVI,Jassar,29-Jun-20,_,4999
RAVI,Shahdara,29-Jun-20,_,21756
RAVI,Balloki,29-Jun-20,38340,6990
RAVI,Sidhnai,29-Jun-20,18939,3639
SUTLEJ,Bhakra,29-Jun-20,_,_
SUTLEJ,Sulemanki,22-Jul-20,18983,9059
SUTLEJ,Islam,07-Jul-20,1530,Nil
INDUS,Kalabagh,03-Sept-20,397179,394829
INDUS,Chashma,30-Aug-20,338890,333390
INDUS,Taunsa,05-Sept-20,446437,446437
INDUS,Guddu,10-Sept-20,527294,498374
INDUS,Sukkar,09-Sept-20,470150,427950
INDUS,Kotri,18-Sept-20,281860,263975
JHELUM,Kotli,29-Jun-20,-,N.R
JHELUM,Mangla,27-Aug-20,183000,85163
JHELUM,Rasul,18-Aug-20,2870,NIL
JHELUM,Khushab bridge,05-Sept-20,-,75925
CHENAB,Jammu Tavi,29-Jun-20,-,-
CHENAB,Marala,29-Aug-20,126826,121176
CHENAB,Khanki,27-Aug-20,151309,144900
CHENAB,Qadirabad,26-Sept-20,21000,NIL
CHENAB,Trimmu,01-Sept-20,206077,196077
CHENAB,Punjnad,13-Aug-20,11919,NIL
RAVI,Jassar,29-Jun-20,-,6602
RAVI,Shahdara,29-Jun-20,-,21756
RAVI,Balloki,29-Jun-20,38340,6990
RAVI,Sidhnai,29-Jun-20,18939,3639
SUTLEJ,Bhakra,29-Jun-20,-,-
SUTLEJ,Sulemanki,22-Jul-20,18983,9059
SUTLEJ,Islam,07-Jul-20,1530,NIL
INDUS,Kalabagh,03-Sept-20,397079,394829
INDUS,Chashma,30-Aug-20,335080,329580
INDUS,Taunsa,05-Sept-20,446437,446437
INDUS,Guddu,07-Sept-20,520462,493896
INDUS,Sukkar,09-Sept-20,460280,418555
INDUS,Kotri,17-Sept-20,281260,263705
JHELUM,Kotli,29-Jun-20,-,NR
JHELUM,Mangla,15-Jun-20,58000,85000
JHELUM,Rasul,18-Aug-20,2870,NIL
JHELUM,Khushab bridge,05-Sept-20,-,75925
CHENAB,Jammu Tavi,29-Jun-20,-,-
CHENAB,Marala,27-Aug-20,139552,120252
CHENAB,Khanki,27-Aug-20,151309,144900
CHENAB,Qadirabad,26-Sept-20,21000,Nil
CHENAB,Trimmu,01-Sept-20,206077,196077
CHENAB,Punjnad,13-Aug-20,11919,NIL
RAVI,Jassar,29-Jun-20,-,6353
RAVI,Shahdara,29-Jun-20,-,23452
RAVI,Balloki,29-Jun-20,38340,6990
RAVI,Sidhnai,29-Jun-20,18939,3639
SUTLEJ,Bhakra,29-Jun-20,-,-
SUTLEJ,Sulemanki,04-Sept-20,17386,8773
SUTLEJ,Islam,08-Jul-20,1530,NIL
INDUS,Kalabagh,04-Sept-20,397079,394829
INDUS,Chashma,29-Aug-20,333370,327870
INDUS,Taunsa,07-Sept-20,438110,438110
INDUS,Guddu,07-Sept-20,520462,493896
INDUS,Sukkar,08-Sept-20,455510,416460
INDUS,Kotri,17-Sept-20,281860,263705
JHELUM,Kotli,29-Jun-20,-,NR
JHELUM,Mangla,16-Jun-20,58000,85000
JHELUM,Rasul,18-Aug-20,2343,NIL
JHELUM,Khushab bridge,06-Sept-20,-,75925
CHENAB,Jammu Tavi,29-Jun-20,_,_
CHENAB,Marala,27-Aug-20,139552,120252
CHENAB,Khanki,27-Aug-20,151163,144900
CHENAB,Qadirabad,26-Sept-20,21450,Nil
CHENAB,Trimmu,31-Aug-20,201451,190751
CHENAB,Punjnad,13-Aug-20,11919,NIL
RAVI,Jassar,29-Jun-20,_,6184
RAVI,Shahdara,29-Jun-20,_,23452
RAVI,Balloki,29-Jun-20,38340,6990
RAVI,Sidhnai,29-Jun-20,18939,3639
SUTLEJ,Bhakra,29-Jun-20,_,_
SUTLEJ,Sulemanki,04-Sept-20,17386,8773
SUTLEJ,Islam,08-Jul-20,1530,NIL
INDUS,Kalabagh,05-Sept-20,395274,393874
INDUS,Chashma,29-Aug-20,332866,327366
INDUS,Taunsa,07-Sept-20,438110,438110
INDUS,Guddu,07-Sept-20,514743,489728
INDUS,Sukkar,08-Sept-20,455510,416460
INDUS,Kotri,17-Sept-20,281860,263705
JHELUM,Kotli,30-Jun-20,-,NR
JHELUM,Mangla,26-Aug-20,226000,78900
JHELUM,Rasul,22-Aug-20,540,Nil
JHELUM,Khushab bridge,07-Sept-20,-,75925
CHENAB,Jammu Tavi,30-Jun-20,_,_
CHENAB,Marala,27-Aug-20,139552,120252
CHENAB,Khanki,29-Aug-20,149418,143555
CHENAB,Qadirabad,27-Sept-20,21900,Nil
CHENAB,Trimmu,01-Sept-20,201251,190751
CHENAB,Punjnad,14-Aug-20,11919,NIL
RAVI,Jassar,30-Jun-20,_,6184
RAVI,Shahdara,30-Jun-20,_,21191
RAVI,Balloki,30-Jun-20,39495,8145
RAVI,Sidhnai,30-Jun-20,18939,3639
SUTLEJ,Bhakra,30-Jun-20,_,_
SUTLEJ,Sulemanki,04-Sept-20,17386,8773
SUTLEJ,Islam,08-Jul-20,1530,NIL
INDUS,Kalabagh,05-Sept-20,395074,393874
INDUS,Chashma,06-Sept-20,329484,326834
INDUS,Taunsa,07-Sept-20,438110,438110
INDUS,Guddu,07-Sept-20,514743,489728
INDUS,Sukkar,12-Sept-20,447650,404400
INDUS,Kotri,16-Sept-20,275829,260074
JHELUM,Kotli,30-Jun-20,-,N.R
JHELUM,Mangla,28-Aug-20,60000,76540
JHELUM,Rasul,24-Aug-20,940,NIL
JHELUM,Khushab bridge,09-Sept-20,-,75925
CHENAB,Jammu Tavi,30-Jun-20,-,-
CHENAB,Marala,29-Aug-20,113170,107520
CHENAB,Khanki,29-Aug-20,149418,143555
CHENAB,Qadirabad,27-Sept-20,22000,Nil
CHENAB,Trimmu,01-Sept-20,201251,190751
CHENAB,Punjnad,14-Aug-20,11653,NIL
RAVI,Jassar,30-Jun-20,-,10709
RAVI,Shahdara,30-Jun-20,-,21191
RAVI,Balloki,30-Jun-20,39495,8145
RAVI,Sidhnai,30-Jun-20,18939,3639
SUTLEJ,Bhakra,30-Jun-20,-,-
SUTLEJ,Sulemanki,04-Sept-20,17386,8773
SUTLEJ,Islam,08-Jul-20,1530,NIL
INDUS,Kalabagh,05-Sept-20,395199,393874
INDUS,Chashma,30-Aug-20,332047,326547
INDUS,Taunsa,07-Sept-20,438110,438110
INDUS,Guddu,10-Sept-20,511428,482508
INDUS,Sukkar,08-Sept-20,440208,401888
INDUS,Kotri,16-Sept-20,275829,260074
JHELUM,Kotli,30-Jun-20,-,NR
JHELUM,Mangla,28-Aug-20,60000,76540
JHELUM,Rasul,28-Aug-20,126951,126951
JHELUM,Khushab bridge,31-Aug-20,-,73833
CHENAB,Jammu Tavi,30-Jun-20,-,-
CHENAB,Marala,29-Aug-20,113220,107520
CHENAB,Khanki,29-Aug-20,149418,143555
CHENAB,Qadirabad,27-Sept-20,22000,Nil
CHENAB,Trimmu,31-Aug-20,200327,189277
CHENAB,Punjnad,14-Aug-20,11653,NIL
RAVI,Jassar,30-Jun-20,-,11081
RAVI,Shahdara,30-Jun-20,-,21191
RAVI,Balloki,30-Jun-20,40650,9300
RAVI,Sidhnai,30-Jun-20,18939,3639
SUTLEJ,Bhakra,30-Jun-20,-,-
SUTLEJ,Sulemanki,04-Sept-20,16686,8773
SUTLEJ,Islam,09-Jul-20,1530,NIL
INDUS,Kalabagh,05-Sept-20,395134,393874
INDUS,Chashma,29-Aug-20,328314,324927
INDUS,Taunsa,07-Sept-20,438110,438110
INDUS,Guddu,07-Sept-20,500523,477005
INDUS,Sukkar,08-Sept-20,440208,401888
INDUS,Kotri,17-Sept-20,275829,260074
JHELUM,Kotli,30-Jun-20,-,NR
JHELUM,Mangla,27-Aug-20,223000,75645
JHELUM,Rasul,27-Aug-20,115900,115900
JHELUM,Khushab bridge,01-Sept-20,-,73833
CHENAB,Jammu Tavi,30-Jun-20,_,_
CHENAB,Marala,29-Aug-20,113220,107520
CHENAB,Khanki,29-Aug-20,149418,143555
CHENAB,Qadirabad,27-Sept-20,22000,Nil
CHENAB,Trimmu,31-Aug-20,200527,189227
CHENAB,Punjnad,14-Aug-20,11653,NIL
RAVI,Jassar,30-Jun-20,_,8846
RAVI,Shahdara,30-Jun-20,_,21191
RAVI,Balloki,30-Jun-20,40750,9300
RAVI,Sidhnai,30-Jun-20,19227,4627
SUTLEJ,Bhakra,30-Jun-20,_,_
SUTLEJ,Sulemanki,04-Sept-20,16836,8773
SUTLEJ,Islam,09-Jul-20,2329,NIL
INDUS,Kalabagh,05-Sept-20,395074,393874
INDUS,Chashma,01-Sept-20,326133,323633
INDUS,Taunsa,07-Sept-20,438110,438110
INDUS,Guddu,07-Sept-20,500523,477005
INDUS,Sukkar,08-Sept-20,440208,401888
INDUS,Kotri,15-Sept-20,266825,255445
JHELUM,Kotli,01-Jul-20,-,NR
JHELUM,Mangla,27-Aug-20,223000,75645
JHELUM,Rasul,27-Aug-20,115900,115900
JHELUM,Khushab bridge,03-Sept-20,-,73833
CHENAB,Jammu Tavi,01-Jul-20,_,_
CHENAB,Marala,29-Aug-20,113220,107520
CHENAB,Khanki,29-Aug-20,149418,143555
CHENAB,Qadirabad,28-Sept-20,22000,Nil
CHENAB,Trimmu,31-Aug-20,200127,189227
CHENAB,Punjnad,15-Aug-20,11653,NIL
RAVI,Jassar,01-Jul-20,_,8846
RAVI,Shahdara,01-Jul-20,_,22862
RAVI,Balloki,01-Jul-20,40750,9300
RAVI,Sidhnai,01-Jul-20,19227,4627
SUTLEJ,Bhakra,01-Jul-20,_,_
SUTLEJ,Sulemanki,04-Sept-20,16836,8773
SUTLEJ,Islam,29-Jul-20,2300,NIL
INDUS,Kalabagh,05-Sept-20,395074,393874
INDUS,Chashma,30-Aug-20,326890,321390
INDUS,Taunsa,07-Sept-20,438110,438110
INDUS,Guddu,05-Sept-20,463723,453453
INDUS,Sukkar,07-Sept-20,427250,390900
INDUS,Kotri,15-Sept-20,267850,255445
JHELUM,Kotli,01-Jul-20,,N.R
JHELUM,Mangla,29-Aug-20,50000,75645
JHELUM,Rasul,27-Aug-20,115900,115900
JHELUM,Khushab bridge,31-Aug-20,-,71744
CHENAB,Jammu Tavi,01-Jul-20,,
CHENAB,Marala,29-Aug-20,107172,101472
CHENAB,Khanki,27-Aug-20,138954,132293
CHENAB,Qadirabad,29-Sept-20,22000,Nil
CHENAB,Trimmu,31-Aug-20,200677,188977
CHENAB,Punjnad,15-Aug-20,11653,NIL
RAVI,Jassar,01-Jul-20,,6852
RAVI,Shahdara,01-Jul-20,,23452
RAVI,Balloki,01-Jul-20,40750,5300
RAVI,Sidhnai,01-Jul-20,18839,3639
SUTLEJ,Bhakra,01-Jul-20,,
SUTLEJ,Sulemanki,17-Jul-20,21403,8744
SUTLEJ,Islam,30-Jul-20,2300,NIL
INDUS,Kalabagh,05-Sept-20,381837,380637
INDUS,Chashma,31-Aug-20,325988,321284
INDUS,Taunsa,07-Sept-20,438110,438110
INDUS,Guddu,05-Sept-20,463723,453453
INDUS,Sukkar,07-Sept-20,427250,390900
INDUS,Kotri,15-Sept-20,267850,255445
JHELUM,Kotli,01-Jul-20,,N.R
JHELUM,Mangla,29-Aug-20,50000,75645
JHELUM,Rasul,27-Aug-20,115900,115900
JHELUM,Khushab bridge,06-Sept-20,-,71744
CHENAB,Jammu Tavi,01-Jul-20,,
CHENAB,Marala,29-Aug-20,107172,101472
CHENAB,Khanki,29-Aug-20,133692,127829
CHENAB,Qadirabad,29-Sept-20,22000,NIL
CHENAB,Trimmu,01-Sept-20,195255,186255
CHENAB,Punjnad,15-Aug-20,11653,NIL
RAVI,Jassar,01-Jul-20,,6353
RAVI,Shahdara,01-Jul-20,,23452
RAVI,Balloki,01-Jul-20,41905,10455
RAVI,Sidhnai,01-Jul-20,18839,3639
SUTLEJ,Bhakra,01-Jul-20,,
SUTLEJ,Sulemanki,17-Jul-20,21403,8744
SUTLEJ,Islam,30-Jul-20,2300,NIL
INDUS,Kalabagh,05-Sept-20,381837,380637
INDUS,Chashma,30-Aug-20,326503,321003
INDUS,Taunsa,07-Sept-20,438110,438110
INDUS,Guddu,05-Sept-20,463723,453453
INDUS,Sukkar,07-Sept-20,427250,390900
INDUS,Kotri,16-Sept-20,267850,255445
JHELUM,Kotli,01-Jul-20,,N.R
JHELUM,Mangla,02-Sept-20,76000,75645
JHELUM,Rasul,28-Aug-20,112942,112942
JHELUM,Khushab bridge,06-Sept-20,-,71744
CHENAB,Jammu Tavi,01-Jul-20,,
CHENAB,Marala,29-Aug-20,107172,101472
CHENAB,Khanki,29-Aug-20,133692,127829
CHENAB,Qadirabad,29-Sept-20,22000,NIL
CHENAB,Trimmu,01-Sept-20,195255,186255
CHENAB,Punjnad,15-Aug-20,11653,NIL
RAVI,Jassar,01-Jul-20,,6184
RAVI,Shahdara,01-Jul-20,,23452
RAVI,Balloki,01-Jul-20,41905,10455
RAVI,Sidhnai,01-Jul-20,17694,2644
SUTLEJ,Bhakra,01-Jul-20,,
SUTLEJ,Sulemanki,18-Jul-20,21403,8744
SUTLEJ,Islam,31-Jul-20,2300,NIL
INDUS,Kalabagh,05-Sept-20,381837,380637
INDUS,Chashma,06-Sept-20,320841,317229
INDUS,Taunsa,07-Sept-20,438110,438110
INDUS,Guddu,05-Sept-20,463723,453453
INDUS,Sukkar,08-Sept-20,427250,390900
INDUS,Kotri,16-Sept-20,269715,255445
JHELUM,Kotli,02-Jul-20,,N.R
JHELUM,Mangla,02-Sept-20,72000,75645
JHELUM,Rasul,29-Aug-20,112590,112590
JHELUM,Khushab bridge,28-Aug-20,-,69655
CHENAB,Jammu Tavi,02-Jul-20,,
CHENAB,Marala,25-Aug-20,116507,91807
CHENAB,Khanki,29-Aug-20,133692,127829
CHENAB,Qadirabad,30-Sept-20,22000,NIL
CHENAB,Trimmu,31-Aug-20,195233,182833
CHENAB,Punjnad,16-Aug-20,11653,NIL
RAVI,Jassar,02-Jul-20,,6182
RAVI,Shahdara,02-Jul-20,,22862
RAVI,Balloki,02-Jul-20,43060,11610
RAVI,Sidhnai,02-Jul-20,17694,2644
SUTLEJ,Bhakra,02-Jul-20,,
SUTLEJ,Sulemanki,18-Jul-20,21403,8744
SUTLEJ,Islam,31-Jul-20,2300,NIL
INDUS,Kalabagh,05-Sept-20,369499,368299
INDUS,Chashma,29-Aug-20,321972,316976
INDUS,Taunsa,04-Sept-20,427867,427867
INDUS,Guddu,05-Sept-20,463723,453453
INDUS,Sukkar,07-Sept-20,420125,386630
INDUS,Kotri,15-Sept-20,264155,252775
JHELUM,Kotli,02-Jul-20,-,N.R
JHELUM,Mangla,02-Sept-20,72000,75645
JHELUM,Rasul,29-Aug-20,112590,112590
JHELUM,Khushab bridge,30-Aug-20,-,69655
CHENAB,Jammu Tavi,02-Jul-20,-,-
CHENAB,Marala,29-Aug-20,95186,89486
CHENAB,Khanki,29-Aug-20,133692,127829
CHENAB,Qadirabad,30-Sept-20,22000,NIL
CHENAB,Trimmu,31-Aug-20,194933,182833
CHENAB,Punjnad,16-Aug-20,11653,NIL
RAVI,Jassar,02-Jul-20,-,8098
RAVI,Shahdara,02-Jul-20,-,22322
RAVI,Balloki,02-Jul-20,43060,11610
RAVI,Sidhnai,02-Jul-20,18839,3639
SUTLEJ,Bhakra,02-Jul-20,-,-
SUTLEJ,Sulemanki,01-Sept-20,20785,8419
SUTLEJ,Islam,31-Jul-20,2300,NIL
INDUS,Kalabagh,02-Sept-20,373415,368256
INDUS,Chashma,30-Aug-20,321745,316295
INDUS,Taunsa,05-Sept-20,427867,427867
INDUS,Guddu,05-Sept-20,463723,453453
INDUS,Sukkar,07-Sept-20,420125,386630
INDUS,Kotri,21-Sept-20,270026,252341
JHELUM,Kotli,02-Jul-20,-,NR
JHELUM,Mangla,02-Sept-20,71000,75645
JHELUM,Rasul,29-Aug-20,108107,108107
JHELUM,Khushab bridge,31-Aug-20,-,69655
CHENAB,Jammu Tavi,02-Jul-20,-,-
CHENAB,Marala,29-Aug-20,95186,89486
CHENAB,Khanki,29-Aug-20,133692,127829
CHENAB,Qadirabad,30-Sept-20,20000,NIL
CHENAB,Trimmu,31-Aug-20,194933,182833
CHENAB,Punjnad,16-Aug-20,11653,NIL
RAVI,Jassar,02-Jul-20,-,8597
RAVI,Shahdara,02-Jul-20,-,21756
RAVI,Balloki,02-Jul-20,43060,11610
RAVI,Sidhnai,02-Jul-20,17944,2644
SUTLEJ,Bhakra,02-Jul-20,-,-
SUTLEJ,Sulemanki,01-Sept-20,20785,8419
SUTLEJ,Islam,31-Jul-20,1600,NIL
INDUS,Kalabagh,01-Sept-20,361054,356254
INDUS,Chashma,30-Aug-20,320885,315585
INDUS,Taunsa,05-Sept-20,427867,427867
INDUS,Guddu,06-Sept-20,463723,453453
INDUS,Sukkar,07-Sept-20,422155,386630
INDUS,Kotri,21-Sept-20,269726,252341
JHELUM,Kotli,02-Jul-20,-,NR
JHELUM,Mangla,03-Sept-20,70000,75645
JHELUM,Rasul,29-Aug-20,108107,108107
JHELUM,Khushab bridge,31-Aug-20,-,69655
CHENAB,Jammu Tavi,02-Jul-20,_,_
CHENAB,Marala,29-Aug-20,95186,89486
CHENAB,Khanki,29-Aug-20,133692,127829
CHENAB,Qadirabad,01-Oct-20,19000,NIL
CHENAB,Trimmu,01-Sept-20,188126,179126
CHENAB,Punjnad,16-Aug-20,11653,NIL
RAVI,Jassar,02-Jul-20,_,8597
RAVI,Shahdara,02-Jul-20,_,21756
RAVI,Balloki,02-Jul-20,43060,11610
RAVI,Sidhnai,02-Jul-20,17944,2644
SUTLEJ,Bhakra,02-Jul-20,_,_
SUTLEJ,Sulemanki,01-Sept-20,20785,8419
SUTLEJ,Islam,01-Aug-20,1600,NIL
INDUS,Kalabagh,01-Sept-20,360754,356254
INDUS,Chashma,30-Aug-20,319197,313697
INDUS,Taunsa,05-Sept-20,427867,427867
INDUS,Guddu,06-Sept-20,466700,453453
INDUS,Sukkar,07-Sept-20,422155,386630
INDUS,Kotri,22-Sept-20,263600,246215
JHELUM,Kotli,03-Jul-20,-,NR
JHELUM,Mangla,04-Sept-20,69000,75645
JHELUM,Rasul,28-Aug-20,105952,105952
JHELUM,Khushab bridge,03-Sept-20,-,69655
CHENAB,Jammu Tavi,03-Jul-20,_,_
CHENAB,Marala,29-Aug-20,95186,89486
CHENAB,Khanki,29-Aug-20,119551,113688
CHENAB,Qadirabad,01-Oct-20,19450,NIL
CHENAB,Trimmu,01-Sept-20,188126,179126
CHENAB,Punjnad,17-Aug-20,11653,NIL
RAVI,Jassar,03-Jul-20,_,8846
RAVI,Shahdara,03-Jul-20,_,22322
RAVI,Balloki,03-Jul-20,43060,11610
RAVI,Sidhnai,03-Jul-20,17944,2644
SUTLEJ,Bhakra,03-Jul-20,_,_
SUTLEJ,Sulemanki,01-Sept-20,20785,8419
SUTLEJ,Islam,01-Aug-20,1600,NIL
INDUS,Kalabagh,05-Sept-20,356838,355638
INDUS,Chashma,28-Aug-20,309865,305079
INDUS,Taunsa,07-Sept-20,422994,422994
INDUS,Guddu,06-Sept-20,466700,453453
INDUS,Sukkar,06-Sept-20,397750,373300
INDUS,Kotri,13-Sept-20,254227,244447
JHELUM,Kotli,03-Jul-20,,
JHELUM,Mangla,04-Sept-20,80000,75645
JHELUM,Rasul,29-Aug-20,105952,105952
JHELUM,Khushab bridge,08-Sept-20,-,69655
CHENAB,Jammu Tavi,03-Jul-20,,
CHENAB,Marala,29-Aug-20,95186,89486
CHENAB,Khanki,29-Aug-20,119551,113688
CHENAB,Qadirabad,02-Oct-20,20125,NIL
CHENAB,Trimmu,01-Sept-20,183068,174068
CHENAB,Punjnad,17-Aug-20,12270,Nil
RAVI,Jassar,03-Jul-20,,
RAVI,Shahdara,03-Jul-20,,
RAVI,Balloki,03-Jul-20,,
RAVI,Sidhnai,03-Jul-20,,
SUTLEJ,Bhakra,03-Jul-20,,
SUTLEJ,Sulemanki,01-Sept-20,20983,8419
SUTLEJ,Islam,01-Aug-20,1600,NIL
INDUS,Kalabagh,01-Sept-20,347926,342526
INDUS,Chashma,29-Aug-20,309895,305007
INDUS,Taunsa,04-Sept-20,419997,419997
INDUS,Guddu,05-Sept-20,458199,451471
INDUS,Sukkar,06-Sept-20,397750,373300
INDUS,Kotri,13-Sept-20,254407,244447
JHELUM,Kotli,03-Jul-20,-,NR
JHELUM,Mangla,04-Sept-20,73000,75645
JHELUM,Rasul,29-Aug-20,104534,104534
JHELUM,Khushab bridge,09-Sept-20,-,69655
CHENAB,Jammu Tavi,03-Jul-20,-,-
CHENAB,Marala,31-Aug-20,88458,82758
CHENAB,Khanki,29-Aug-20,119551,113688
CHENAB,Qadirabad,02-Oct-20,19000,NIL
CHENAB,Trimmu,01-Sept-20,183068,174068
CHENAB,Punjnad,17-Aug-20,12270,NIL
RAVI,Jassar,03-Jul-20,-,8597
RAVI,Shahdara,03-Jul-20,-,23452
RAVI,Balloki,03-Jul-20,43060,11610
RAVI,Sidhnai,03-Jul-20,18019,2644
SUTLEJ,Bhakra,03-Jul-20,-,-
SUTLEJ,Sulemanki,01-Sept-20,20983,8419
SUTLEJ,Islam,01-Aug-20,1600,NIL
INDUS,Kalabagh,05-Sept-20,343126,341926
INDUS,Chashma,29-Aug-20,308168,303280
INDUS,Taunsa,04-Sept-20,419997,419997
INDUS,Guddu,05-Sept-20,458199,451471
INDUS,Sukkar,06-Sept-20,400350,373300
INDUS,Kotri,13-Sept-20,254827,244447
JHELUM,Kotli,03-Jul-20,,
JHELUM,Mangla,06-Sept-20,115000,75645
JHELUM,Rasul,29-Aug-20,103624,103624
JHELUM,Khushab bridge,07-Sept-20,-,67565
CHENAB,Jammu Tavi,03-Jul-20,,
CHENAB,Marala,31-Aug-20,88458,82758
CHENAB,Khanki,29-Aug-20,119551,113688
CHENAB,Qadirabad,02-Oct-20,19000,NIL
CHENAB,Trimmu,01-Sept-20,183068,174068
CHENAB,Punjnad,17-Aug-20,12270,NIL
RAVI,Jassar,03-Jul-20,,
RAVI,Shahdara,03-Jul-20,,
RAVI,Balloki,03-Jul-20,,
RAVI,Sidhnai,03-Jul-20,,
SUTLEJ,Bhakra,03-Jul-20,,
SUTLEJ,Sulemanki,01-Sept-20,20983,8419
SUTLEJ,Islam,02-Aug-20,1900,NIL
INDUS,Kalabagh,05-Sept-20,343126,341926
INDUS,Chashma,29-Aug-20,305813,301027
INDUS,Taunsa,04-Sept-20,419997,419997
INDUS,Guddu,06-Sept-20,469873,447810
INDUS,Sukkar,06-Sept-20,400350,373300
INDUS,Kotri,13-Sept-20,255127,244447
JHELUM,Kotli,04-Jul-20,,
JHELUM,Mangla,07-Sept-20,80000,75645
JHELUM,Rasul,29-Aug-20,103624,103624
JHELUM,Khushab bridge,28-Aug-20,-,65476
CHENAB,Jammu Tavi,04-Jul-20,,
CHENAB,Marala,31-Aug-20,88458,82758
CHENAB,Khanki,27-Aug-20,164620,106960
CHENAB,Qadirabad,03-Oct-20,19000,NIL
CHENAB,Trimmu,01-Sept-20,183068,174068
CHENAB,Punjnad,18-Aug-20,12270,NIL
RAVI,Jassar,04-Jul-20,,
RAVI,Shahdara,04-Jul-20,,
RAVI,Balloki,04-Jul-20,,
RAVI,Sidhnai,04-Jul-20,,
SUTLEJ,Bhakra,04-Jul-20,,
SUTLEJ,Sulemanki,02-Sept-20,20983,8419
SUTLEJ,Islam,02-Aug-20,1900,NIL
INDUS,Kalabagh,01-Sept-20,334156,328656
INDUS,Chashma,01-Sept-20,302861,300161
INDUS,Taunsa,04-Sept-20,416730,416730
INDUS,Guddu,06-Sept-20,469873,447810
INDUS,Sukkar,06-Sept-20,401410,373300
INDUS,Kotri,14-Sept-20,255127,244447
JHELUM,Kotli,04-Jul-20,-,NR
JHELUM,Mangla,07-Sept-20,75000,75645
JHELUM,Rasul,27-Aug-20,103252,103252
JHELUM,Khushab bridge,31-Aug-20,-,65476
CHENAB,Jammu Tavi,04-Jul-20,_,_
CHENAB,Marala,01-Sept-20,88458,82758
CHENAB,Khanki,27-Aug-20,113621,106960
CHENAB,Qadirabad,03-Oct-20,19000,NIL
CHENAB,Trimmu,31-Aug-20,184646,172146
CHENAB,Punjnad,18-Aug-20,15600,Nil
RAVI,Jassar,04-Jul-20,_,11454
RAVI,Shahdara,04-Jul-20,_,23452
RAVI,Balloki,04-Jul-20,41905,10455
RAVI,Sidhnai,04-Jul-20,18353,2978
SUTLEJ,Bhakra,04-Jul-20,_,_
SUTLEJ,Sulemanki,08-Sept-20,21277,8388
SUTLEJ,Islam,02-Aug-20,2100,NIL
INDUS,Kalabagh,29-Aug-20,331127,324127
INDUS,Chashma,31-Aug-20,305416,300116
INDUS,Taunsa,04-Sept-20,416730,416730
INDUS,Guddu,06-Sept-20,469873,447810
INDUS,Sukkar,06-Sept-20,401410,373300
INDUS,Kotri,14-Sept-20,255337,244447
JHELUM,Kotli,04-Jul-20,NR,NR
JHELUM,Mangla,07-Sept-20,70000,75645
JHELUM,Rasul,27-Aug-20,102852,102852
JHELUM,Khushab bridge,03-Sept-20,-,63387
CHENAB,Jammu Tavi,04-Jul-20,_,_
CHENAB,Marala,29-Aug-20,83444,77744
CHENAB,Khanki,28-Aug-20,113621,106960
CHENAB,Qadirabad,03-Oct-20,19000,Nil
CHENAB,Trimmu,31-Aug-20,184946,172146
CHENAB,Punjnad,18-Aug-20,15600,NIL
RAVI,Jassar,04-Jul-20,_,11826
RAVI,Shahdara,04-Jul-20,_,23452
RAVI,Balloki,04-Jul-20,43110,11610
RAVI,Sidhnai,04-Jul-20,18353,2978
SUTLEJ,Bhakra,04-Jul-20,_,_
SUTLEJ,Sulemanki,09-Sept-20,21277,8388
SUTLEJ,Islam,02-Aug-20,2100,NIL
INDUS,Kalabagh,29-Aug-20,331127,324127
INDUS,Chashma,31-Aug-20,302293,296993
INDUS,Taunsa,04-Sept-20,416730,416730
INDUS,Guddu,07-Sept-20,469873,447810
INDUS,Sukkar,06-Sept-20,401410,373300
INDUS,Kotri,14-Sept-20,255827,244447
JHELUM,Kotli,04-Jul-20,NR,NR
JHELUM,Mangla,03-Sept-20,70000,72045
JHELUM,Rasul,28-Aug-20,99518,99518
JHELUM,Khushab bridge,07-Sept-20,-,63387
CHENAB,Jammu Tavi,04-Jul-20,_,_
CHENAB,Marala,29-Aug-20,83444,77744
CHENAB,Khanki,29-Aug-20,104500,98637
CHENAB,Qadirabad,03-Oct-20,19000,Nil
CHENAB,Trimmu,31-Aug-20,184946,172146
CHENAB,Punjnad,18-Aug-20,15600,NIL
RAVI,Jassar,04-Jul-20,_,11454
RAVI,Shahdara,04-Jul-20,_,23452
RAVI,Balloki,04-Jul-20,43265,12765
RAVI,Sidhnai,04-Jul-20,18373,2973
SUTLEJ,Bhakra,04-Jul-20,_,_
SUTLEJ,Sulemanki,09-Sept-20,21377,8388
SUTLEJ,Islam,03-Aug-20,2100,NIL
INDUS,Kalabagh,29-Aug-20,324541,317541
INDUS,Chashma,31-Aug-20,296917,292363
INDUS,Taunsa,07-Sept-20,414963,414963
INDUS,Guddu,06-Sept-20,466511,445751
INDUS,Sukkar,07-Sept-20,401410,373300
INDUS,Kotri,14-Sept-20,255827,244447
JHELUM,Kotli,05-Jul-20,NR,NR
JHELUM,Mangla,04-Sept-20,65000,69984
JHELUM,Rasul,28-Aug-20,99518,99518
JHELUM,Khushab bridge,01-Sept-20,-,63365
CHENAB,Jammu Tavi,05-Jul-20,_,_
CHENAB,Marala,29-Aug-20,83444,77744
CHENAB,Khanki,29-Aug-20,104500,98637
CHENAB,Qadirabad,04-Oct-20,19000,Nil
CHENAB,Trimmu,31-Aug-20,184946,172146
CHENAB,Punjnad,19-Aug-20,15600,NIL
RAVI,Jassar,05-Jul-20,_,12199
RAVI,Shahdara,05-Jul-20,_,24104
RAVI,Balloki,05-Jul-20,43265,12765
RAVI,Sidhnai,05-Jul-20,19039,3639
SUTLEJ,Bhakra,05-Jul-20,_,_
SUTLEJ,Sulemanki,18-Jul-20,20917,8207
SUTLEJ,Islam,03-Aug-20,2130,NIL
INDUS,Kalabagh,29-Aug-20,323761,316761
INDUS,Chashma,31-Aug-20,290568,285868
INDUS,Taunsa,08-Sept-20,414963,414963
INDUS,Guddu,06-Sept-20,466511,445751
INDUS,Sukkar,13-Sept-20,410900,367770
INDUS,Kotri,22-Sept-20,254930,237545
JHELUM,Kotli,05-Jul-20,NR,NR
JHELUM,Mangla,07-Sept-20,61000,66155
JHELUM,Rasul,28-Aug-20,99518,99518
JHELUM,Khushab bridge,08-Sept-20,-,61298
CHENAB,Jammu Tavi,05-Jul-20,_,_
CHENAB,Marala,30-Aug-20,83444,77744
CHENAB,Khanki,29-Aug-20,104500,98637
CHENAB,Qadirabad,04-Oct-20,19450,Nil
CHENAB,Trimmu,31-Aug-20,184946,172146
CHENAB,Punjnad,19-Aug-20,15800,Nil
RAVI,Jassar,05-Jul-20,_,9591
RAVI,Shahdara,05-Jul-20,_,24104
RAVI,Balloki,05-Jul-20,43265,12765
RAVI,Sidhnai,05-Jul-20,19039,3639
SUTLEJ,Bhakra,05-Jul-20,_,_
SUTLEJ,Sulemanki,18-Jul-20,20917,8207
SUTLEJ,Islam,03-Aug-20,2030,NIL
INDUS,Kalabagh,29-Aug-20,323761,316761
INDUS,Chashma,28-Aug-20,289755,285074
INDUS,Taunsa,08-Sept-20,414963,414963
INDUS,Guddu,11-Sept-20,475233,444167
INDUS,Sukkar,05-Sept-20,380835,360235
INDUS,Kotri,12-Sept-20,235310,225530
JHELUM,Kotli,05-Jul-20,NR,NR
JHELUM,Mangla,02-Sept-20,74000,65392
JHELUM,Rasul,28-Aug-20,99518,99518
JHELUM,Khushab bridge,10-Sept-20,-,59209
CHENAB,Jammu Tavi,05-Jul-20,_,_
CHENAB,Marala,30-Aug-20,83444,77744
CHENAB,Khanki,29-Aug-20,104500,98637
CHENAB,Qadirabad,04-Oct-20,19450,Nil
CHENAB,Trimmu,31-Aug-20,184946,172146
CHENAB,Punjnad,19-Aug-20,15800,NIL
RAVI,Jassar,05-Jul-20,_,8347
RAVI,Shahdara,05-Jul-20,_,25407
RAVI,Balloki,05-Jul-20,44420,13920
RAVI,Sidhnai,05-Jul-20,18655,3305
SUTLEJ,Bhakra,05-Jul-20,_,_
SUTLEJ,Sulemanki,15-Jul-20,20803,8192
SUTLEJ,Islam,04-Aug-20,1530,NIL
INDUS,Kalabagh,29-Aug-20,323491,316491
INDUS,Chashma,06-Sept-20,286781,283581
INDUS,Taunsa,08-Sept-20,414963,414963
INDUS,Guddu,11-Sept-20,453497,422431
INDUS,Sukkar,05-Sept-20,380835,360235
INDUS,Kotri,22-Sept-20,238963,221578
JHELUM,Kotli,05-Jul-20,-,N.R
JHELUM,Mangla,04-Sept-20,60000,62510
JHELUM,Rasul,27-Aug-20,98342,98342
JHELUM,Khushab bridge,02-Sept-20,-,57503
CHENAB,Jammu Tavi,05-Jul-20,_,_
CHENAB,Marala,30-Aug-20,83444,77744
CHENAB,Khanki,29-Aug-20,104500,98637
CHENAB,Qadirabad,04-Oct-20,20125,Nil
CHENAB,Trimmu,31-Aug-20,184946,172146
CHENAB,Punjnad,19-Aug-20,15800,NIL
RAVI,Jassar,05-Jul-20,_,8846
RAVI,Shahdara,05-Jul-20,_,25407
RAVI,Balloki,05-Jul-20,44420,13920
RAVI,Sidhnai,05-Jul-20,18989,3639
SUTLEJ,Bhakra,05-Jul-20,_,_
SUTLEJ,Sulemanki,15-Jul-20,20803,8192
SUTLEJ,Islam,04-Aug-20,1530,Nil
INDUS,Kalabagh,05-Sept-20,313853,312653
INDUS,Chashma,28-Aug-20,287113,282327
INDUS,Taunsa,08-Sept-20,414963,414963
INDUS,Guddu,04-Sept-20,428211,421833
INDUS,Sukkar,05-Sept-20,380835,360235
INDUS,Kotri,12-Sept-20,229729,219824
JHELUM,Kotli,06-Jul-20,-,NR
JHELUM,Mangla,04-Sept-20,64000,62510
JHELUM,Rasul,27-Aug-20,101342,98342
JHELUM,Khushab bridge,02-Sept-20,-,55797
CHENAB,Jammu Tavi,06-Jul-20,_,_
CHENAB,Marala,30-Aug-20,83444,77744
CHENAB,Khanki,22-Aug-20,103895,96920
CHENAB,Qadirabad,05-Oct-20,20000,Nil
CHENAB,Trimmu,01-Sept-20,179844,170844
CHENAB,Punjnad,20-Aug-20,15800,NIL
RAVI,Jassar,06-Jul-20,_,9964
RAVI,Shahdara,06-Jul-20,_,25407
RAVI,Balloki,06-Jul-20,44420,13920
RAVI,Sidhnai,06-Jul-20,18989,3639
SUTLEJ,Bhakra,06-Jul-20,_,_
SUTLEJ,Sulemanki,16-Jul-20,20803,8192
SUTLEJ,Islam,04-Aug-20,1530,NIL
INDUS,Kalabagh,05-Sept-20,313853,312653
INDUS,Chashma,28-Aug-20,286814,282133
INDUS,Taunsa,04-Sept-20,406027,406027
INDUS,Guddu,04-Sept-20,428211,421833
INDUS,Sukkar,05-Sept-20,380835,360235
INDUS,Kotri,12-Sept-20,231119,219824
JHELUM,Kotli,06-Jul-20,-,N.R
JHELUM,Mangla,04-Sept-20,58000,61574
JHELUM,Rasul,27-Aug-20,98342,98342
JHELUM,Khushab bridge,02-Sept-20,-,55797
CHENAB,Jammu Tavi,06-Jul-20,-,-
CHENAB,Marala,30-Aug-20,83444,77744
CHENAB,Khanki,01-Sept-20,99981,94118
CHENAB,Qadirabad,05-Oct-20,19000,NIL
CHENAB,Trimmu,01-Sept-20,179844,170844
CHENAB,Punjnad,20-Aug-20,14733,Nil
RAVI,Jassar,06-Jul-20,-,6184
RAVI,Shahdara,06-Jul-20,-,24755
RAVI,Balloki,06-Jul-20,44420,13920
RAVI,Sidhnai,06-Jul-20,18989,2339
SUTLEJ,Bhakra,06-Jul-20,-,-
SUTLEJ,Sulemanki,16-Jul-20,20803,8192
SUTLEJ,Islam,04-Aug-20,1530,NIL
INDUS,Kalabagh,29-Aug-20,316434,309434
INDUS,Chashma,28-Aug-20,284593,280930
INDUS,Taunsa,04-Sept-20,406027,406027
INDUS,Guddu,04-Sept-20,428211,421833
INDUS,Sukkar,05-Sept-20,380835,360235
INDUS,Kotri,12-Sept-20,231829,219824
JHELUM,Kotli,06-Jul-20,-,NR
JHELUM,Mangla,22-Sept-20,18000,57082
JHELUM,Rasul,27-Aug-20,95616,92616
JHELUM,Khushab bridge,03-Sept-20,-,55797
CHENAB,Jammu Tavi,06-Jul-20,-,-
CHENAB,Marala,30-Aug-20,83444,77744
CHENAB,Khanki,01-Sept-20,99981,94118
CHENAB,Qadirabad,05-Oct-20,19000,NIL
CHENAB,Trimmu,01-Sept-20,179844,170844
CHENAB,Punjnad,20-Aug-20,14733,NIL
RAVI,Jassar,06-Jul-20,-,6014
RAVI,Shahdara,06-Jul-20,-,24104
RAVI,Balloki,06-Jul-20,45020,13920
RAVI,Sidhnai,06-Jul-20,18939,3639
SUTLEJ,Bhakra,06-Jul-20,-,-
SUTLEJ,Sulemanki,23-Aug-20,21579,7817
SUTLEJ,Islam,05-Aug-20,1530,NIL
INDUS,Kalabagh,29-Aug-20,316434,309434
INDUS,Chashma,28-Aug-20,285019,280439
INDUS,Taunsa,04-Sept-20,406027,406027
INDUS,Guddu,04-Sept-20,408580,402202
INDUS,Sukkar,05-Sept-20,380835,360235
INDUS,Kotri,09-Sept-20,212563,206518
JHELUM,Kotli,06-Jul-20,-,NR
JHELUM,Mangla,29-Aug-20,52000,56993
JHELUM,Rasul,27-Aug-20,95616,92616
JHELUM,Khushab bridge,07-Sept-20,-,55797
CHENAB,Jammu Tavi,06-Jul-20,_,_
CHENAB,Marala,29-Aug-20,83444,77444
CHENAB,Khanki,01-Sept-20,99981,94118
CHENAB,Qadirabad,05-Oct-20,19675,NIL
CHENAB,Trimmu,01-Sept-20,179844,170844
CHENAB,Punjnad,20-Aug-20,14733,NIL
RAVI,Jassar,06-Jul-20,_,4829
RAVI,Shahdara,06-Jul-20,_,23452
RAVI,Balloki,06-Jul-20,45020,13920
RAVI,Sidhnai,06-Jul-20,19266,3966
SUTLEJ,Bhakra,06-Jul-20,_,_
SUTLEJ,Sulemanki,23-Aug-20,21579,7817
SUTLEJ,Islam,11-Aug-20,1230,NIL
INDUS,Kalabagh,30-Aug-20,316434,309434
INDUS,Chashma,07-Sept-20,279471,273557
INDUS,Taunsa,08-Sept-20,398867,398867
INDUS,Guddu,04-Sept-20,400296,394076
INDUS,Sukkar,06-Sept-20,380835,360235
INDUS,Kotri,10-Sept-20,212563,206518
JHELUM,Kotli,07-Jul-20,-,NR
JHELUM,Mangla,29-Aug-20,52000,56993
JHELUM,Rasul,30-Aug-20,90536,90536
JHELUM,Khushab bridge,02-Sept-20,-,54092
CHENAB,Jammu Tavi,07-Jul-20,_,_
CHENAB,Marala,30-Aug-20,83444,77444
CHENAB,Khanki,22-Aug-20,100566,93790
CHENAB,Qadirabad,06-Oct-20,21025,NIL
CHENAB,Trimmu,31-Aug-20,185578,170078
CHENAB,Punjnad,21-Aug-20,14733,NIL
RAVI,Jassar,07-Jul-20,_,5168
RAVI,Shahdara,07-Jul-20,_,22322
RAVI,Balloki,07-Jul-20,45020,13920
RAVI,Sidhnai,07-Jul-20,19266,3966
SUTLEJ,Bhakra,07-Jul-20,_,_
SUTLEJ,Sulemanki,23-Aug-20,21505,7817
SUTLEJ,Islam,11-Aug-20,1230,NIL
INDUS,Kalabagh,30-Aug-20,315480,308480
INDUS,Chashma,06-Sept-20,278115,273101
INDUS,Taunsa,08-Sept-20,398867,398867
INDUS,Guddu,11-Sept-20,420206,388390
INDUS,Sukkar,13-Sept-20,390910,347780
INDUS,Kotri,10-Sept-20,212683,206518
JHELUM,Kotli,07-Jul-20,-,N.R
JHELUM,Mangla,01-Sept-20,55000,56993
JHELUM,Rasul,29-Aug-20,90175,90175
JHELUM,Khushab bridge,02-Sept-20,-,54092
CHENAB,Jammu Tavi,07-Jul-20,-,-
CHENAB,Marala,30-Aug-20,83444,77444
CHENAB,Khanki,27-Aug-20,100451,93790
CHENAB,Qadirabad,06-Oct-20,21025,NIL
CHENAB,Trimmu,31-Aug-20,183578,170078
CHENAB,Punjnad,21-Aug-20,15850,Nil
RAVI,Jassar,07-Jul-20,-,6602
RAVI,Shahdara,07-Jul-20,-,22322
RAVI,Balloki,07-Jul-20,45020,13920
RAVI,Sidhnai,07-Jul-20,19266,3966
SUTLEJ,Bhakra,07-Jul-20,-,-
SUTLEJ,Sulemanki,23-Aug-20,21505,7817
SUTLEJ,Islam,12-Aug-20,1230,NIL
INDUS,Kalabagh,30-Aug-20,315480,308480
INDUS,Chashma,01-Sept-20,274893,271993
INDUS,Taunsa,08-Sept-20,398867,398867
INDUS,Guddu,11-Sept-20,420206,388390
INDUS,Sukkar,05-Sept-20,359878,339338
INDUS,Kotri,10-Sept-20,212863,206518
JHELUM,Kotli,07-Jul-20,-,NR
JHELUM,Mangla,01-Sept-20,55000,56993
JHELUM,Rasul,29-Aug-20,90175,90175
JHELUM,Khushab bridge,28-Aug-20,-,50680
CHENAB,Jammu Tavi,07-Jul-20,-,-
CHENAB,Marala,30-Aug-20,83444,77444
CHENAB,Khanki,22-Aug-20,100536,93760
CHENAB,Qadirabad,06-Oct-20,21025,NIL
CHENAB,Trimmu,01-Sept-20,178502,169502
CHENAB,Punjnad,21-Aug-20,15850,NIL
RAVI,Jassar,07-Jul-20,-,6852
RAVI,Shahdara,07-Jul-20,-,21756
RAVI,Balloki,07-Jul-20,45070,13920
RAVI,Sidhnai,07-Jul-20,19266,3966
SUTLEJ,Bhakra,07-Jul-20,-,-
SUTLEJ,Sulemanki,24-Aug-20,21403,7817
SUTLEJ,Islam,12-Aug-20,1230,NIL
INDUS,Kalabagh,01-Sept-20,304412,298012
INDUS,Chashma,21-Aug-20,275663,269363
INDUS,Taunsa,08-Sept-20,398867,398867
INDUS,Guddu,03-Sept-20,374974,368285
INDUS,Sukkar,05-Sept-20,359878,339338
INDUS,Kotri,10-Sept-20,213178,206518
JHELUM,Kotli,07-Jul-20,-,NR
JHELUM,Mangla,01-Sept-20,55000,56993
JHELUM,Rasul,27-Aug-20,89428,89428
JHELUM,Khushab bridge,31-Aug-20,-,50680
CHENAB,Jammu Tavi,07-Jul-20,_,_
CHENAB,Marala,30-Aug-20,83444,77444
CHENAB,Khanki,05-Sept-20,-,92150
CHENAB,Qadirabad,06-Oct-20,21025,NIL
CHENAB,Trimmu,01-Sept-20,178502,169502
CHENAB,Punjnad,21-Aug-20,15850,NIL
RAVI,Jassar,07-Jul-20,_,7600
RAVI,Shahdara,07-Jul-20,_,21756
RAVI,Balloki,07-Jul-20,45070,13920
RAVI,Sidhnai,07-Jul-20,19266,3966
SUTLEJ,Bhakra,07-Jul-20,_,_
SUTLEJ,Sulemanki,24-Aug-20,21403,7817
SUTLEJ,Islam,12-Aug-20,1230,NIL
INDUS,Kalabagh,01-Sept-20,303712,298012
INDUS,Chashma,28-Aug-20,271557,266977
INDUS,Taunsa,04-Sept-20,398216,398216
INDUS,Guddu,03-Sept-20,374974,368285
INDUS,Sukkar,13-Sept-20,379940,336810
INDUS,Kotri,11-Sept-20,213178,206518
JHELUM,Kotli,08-Jul-20,-,NR
JHELUM,Mangla,01-Sept-20,56000,56993
JHELUM,Rasul,27-Aug-20,89428,89428
JHELUM,Khushab bridge,02-Sept-20,-,50680
CHENAB,Jammu Tavi,08-Jul-20,_,_
CHENAB,Marala,01-Sept-20,82404,76704
CHENAB,Khanki,30-Aug-20,96479,91616
CHENAB,Qadirabad,07-Oct-20,20000,NIL
CHENAB,Trimmu,31-Aug-20,178719,166219
CHENAB,Punjnad,22-Aug-20,15850,NIL
RAVI,Jassar,08-Jul-20,_,8098
RAVI,Shahdara,08-Jul-20,_,21191
RAVI,Balloki,08-Jul-20,42760,11610
RAVI,Sidhnai,08-Jul-20,19336,3966
SUTLEJ,Bhakra,08-Jul-20,_,_
SUTLEJ,Sulemanki,24-Aug-20,21352,7817
SUTLEJ,Islam,12-Aug-20,1230,NIL
INDUS,Kalabagh,05-Sept-20,298612,297412
INDUS,Chashma,01-Sept-20,266772,263572
INDUS,Taunsa,04-Sept-20,386825,386825
INDUS,Guddu,03-Sept-20,374974,368285
INDUS,Sukkar,13-Sept-20,368180,325050
INDUS,Kotri,11-Sept-20,213568,206518
JHELUM,Kotli,08-Jul-20,-,N.R
JHELUM,Mangla,01-Sept-20,55000,56993
JHELUM,Rasul,27-Aug-20,89423,89423
JHELUM,Khushab bridge,02-Sept-20,-,50680
CHENAB,Jammu Tavi,08-Jul-20,-,-
CHENAB,Marala,22-Aug-20,99848,75748
CHENAB,Khanki,30-Aug-20,96479,91616
CHENAB,Qadirabad,07-Oct-20,20000,NIL
CHENAB,Trimmu,31-Aug-20,178719,166219
CHENAB,Punjnad,03-Oct-20,16004,NIL
RAVI,Jassar,08-Jul-20,-,8347
RAVI,Shahdara,08-Jul-20,-,21191
RAVI,Balloki,08-Jul-20,42760,11610
RAVI,Sidhnai,08-Jul-20,19336,3966
SUTLEJ,Bhakra,08-Jul-20,-,-
SUTLEJ,Sulemanki,08-Sept-20,20629,7740
SUTLEJ,Islam,12-Aug-20,1230,NIL
INDUS,Kalabagh,05-Sept-20,298612,297412
INDUS,Chashma,31-Aug-20,266459,262359
INDUS,Taunsa,04-Sept-20,386825,386825
INDUS,Guddu,12-Sept-20,383655,351255
INDUS,Sukkar,04-Sept-20,333540,316940
INDUS,Kotri,11-Sept-20,213568,206518
JHELUM,Kotli,08-Jul-20,,NR
JHELUM,Mangla,02-Sept-20,60000,56993
JHELUM,Rasul,30-Aug-20,88730,88730
JHELUM,Khushab bridge,02-Sept-20,-,50680
CHENAB,Jammu Tavi,08-Jul-20,,
CHENAB,Marala,22-Aug-20,99848,75748
CHENAB,Khanki,30-Aug-20,97479,91616
CHENAB,Qadirabad,07-Oct-20,20000,NIL
CHENAB,Trimmu,02-Sept-20,170618,161618
CHENAB,Punjnad,03-Oct-20,16004,Nil
RAVI,Jassar,08-Jul-20,,13397
RAVI,Shahdara,08-Jul-20,,22862
RAVI,Balloki,08-Jul-20,41955,10455
RAVI,Sidhnai,08-Jul-20,19997,4627
SUTLEJ,Bhakra,08-Jul-20,,
SUTLEJ,Sulemanki,14-Jul-20,20172,7561
SUTLEJ,Islam,13-Aug-20,530,NIL
INDUS,Kalabagh,06-Sept-20,298612,297412
INDUS,Chashma,07-Sept-20,266973,261073
INDUS,Taunsa,01-Sept-20,386692,386292
INDUS,Guddu,03-Sept-20,346360,338661
INDUS,Sukkar,04-Sept-20,329330,312280
INDUS,Kotri,11-Sept-20,213568,206518
JHELUM,Kotli,08-Jul-20,-,NR
JHELUM,Mangla,02-Sept-20,60000,56993
JHELUM,Rasul,30-Aug-20,88730,88730
JHELUM,Khushab bridge,10-Sept-20,-,50680
CHENAB,Jammu Tavi,08-Jul-20,_,_
CHENAB,Marala,22-Aug-20,99848,75748
CHENAB,Khanki,30-Aug-20,97479,91616
CHENAB,Qadirabad,07-Oct-20,20000,NIL
CHENAB,Trimmu,30-Aug-20,171504,159104
CHENAB,Punjnad,03-Oct-20,16004,Nil
RAVI,Jassar,08-Jul-20,_,7600
RAVI,Shahdara,08-Jul-20,_,21756
RAVI,Balloki,08-Jul-20,45070,13920
RAVI,Sidhnai,08-Jul-20,19266,3966
SUTLEJ,Bhakra,08-Jul-20,_,_
SUTLEJ,Sulemanki,14-Jul-20,20172,7561
SUTLEJ,Islam,13-Aug-20,530,NIL
INDUS,Kalabagh,06-Sept-20,298612,297412
INDUS,Chashma,20-Aug-20,265995,259695
INDUS,Taunsa,01-Sept-20,386292,386292
INDUS,Guddu,02-Sept-20,328005,320306
INDUS,Sukkar,04-Sept-20,329330,312280
INDUS,Kotri,09-Sept-20,208503,203733
JHELUM,Kotli,09-Jul-20,-,NR
JHELUM,Mangla,02-Sept-20,62000,56993
JHELUM,Rasul,27-Aug-20,90815,87815
JHELUM,Khushab bridge,08-Sept-20,-,48974
CHENAB,Jammu Tavi,09-Jul-20,_,_
CHENAB,Marala,25-Aug-20,98869,74169
CHENAB,Khanki,30-Aug-20,96479,91616
CHENAB,Qadirabad,08-Oct-20,20000,NIL
CHENAB,Trimmu,30-Aug-20,171504,159104
CHENAB,Punjnad,04-Oct-20,16004,Nil
RAVI,Jassar,09-Jul-20,_,15048
RAVI,Shahdara,09-Jul-20,_,23452
RAVI,Balloki,09-Jul-20,40800,9300
RAVI,Sidhnai,09-Jul-20,19997,4627
SUTLEJ,Bhakra,09-Jul-20,_,_
SUTLEJ,Sulemanki,15-Jul-20,20172,7561
SUTLEJ,Islam,13-Aug-20,530,NIL
INDUS,Kalabagh,06-Sept-20,298777,297412
INDUS,Chashma,31-Aug-20,264532,259532
INDUS,Taunsa,01-Sept-20,382016,382016
INDUS,Guddu,02-Sept-20,328005,320306
INDUS,Sukkar,04-Sept-20,315590,300040
INDUS,Kotri,09-Sept-20,209538,203733
JHELUM,Kotli,09-Jul-20,-,N.R
JHELUM,Mangla,03-Sept-20,66000,56993
JHELUM,Rasul,30-Aug-20,86890,86890
JHELUM,Khushab bridge,08-Sept-20,-,48974
CHENAB,Jammu Tavi,09-Jul-20,-,-
CHENAB,Marala,26-Aug-20,98869,74169
CHENAB,Khanki,30-Aug-20,96479,91616
CHENAB,Qadirabad,08-Oct-20,20000,NIL
CHENAB,Trimmu,31-Aug-20,171604,159104
CHENAB,Punjnad,04-Oct-20,15350,Nil
RAVI,Jassar,09-Jul-20,-,11454
RAVI,Shahdara,09-Jul-20,-,28014
RAVI,Balloki,09-Jul-20,40800,9300
RAVI,Sidhnai,09-Jul-20,19997,4627
SUTLEJ,Bhakra,09-Jul-20,-,-
SUTLEJ,Sulemanki,15-Jul-20,20172,7561
SUTLEJ,Islam,13-Aug-20,530,NIL
INDUS,Kalabagh,30-Aug-20,300239,293239
INDUS,Chashma,31-Aug-20,263680,259280
INDUS,Taunsa,01-Sept-20,382016,382016
INDUS,Guddu,03-Sept-20,328005,320306
INDUS,Sukkar,14-Sept-20,335428,292298
INDUS,Kotri,08-Sept-20,201121,197701
JHELUM,Kotli,09-Jul-20,-,NR
JHELUM,Mangla,03-Sept-20,57000,56993
JHELUM,Rasul,30-Aug-20,86890,86890
JHELUM,Khushab bridge,28-Aug-20,-,47268
CHENAB,Jammu Tavi,09-Jul-20,-,-
CHENAB,Marala,30-Aug-20,77771,72071
CHENAB,Khanki,30-Aug-20,96479,91616
CHENAB,Qadirabad,08-Oct-20,20450,NIL
CHENAB,Trimmu,31-Aug-20,171504,159104
CHENAB,Punjnad,04-Oct-20,15350,Nil
RAVI,Jassar,09-Jul-20,-,11826
RAVI,Shahdara,09-Jul-20,-,31415
RAVI,Balloki,09-Jul-20,42055,10455
RAVI,Sidhnai,09-Jul-20,19997,4627
SUTLEJ,Bhakra,09-Jul-20,-,-
SUTLEJ,Sulemanki,29-Jun-20,19842,7431
SUTLEJ,Islam,14-Aug-20,300,NIL
INDUS,Kalabagh,28-Aug-20,296831,289831
INDUS,Chashma,27-Aug-20,260186,255724
INDUS,Taunsa,01-Sept-20,382016,382016
INDUS,Guddu,12-Sept-20,349898,317948
INDUS,Sukkar,04-Sept-20,307025,291125
INDUS,Kotri,08-Sept-20,201121,197701
JHELUM,Kotli,09-Jul-20,-,NR
JHELUM,Mangla,05-Sept-20,50000,56993
JHELUM,Rasul,30-Aug-20,86890,86890
JHELUM,Khushab bridge,03-Sept-20,-,47268
CHENAB,Jammu Tavi,09-Jul-20,_,_
CHENAB,Marala,30-Aug-20,77771,72071
CHENAB,Khanki,30-Aug-20,96479,91616
CHENAB,Qadirabad,08-Oct-20,20450,NIL
CHENAB,Trimmu,31-Aug-20,171604,159104
CHENAB,Punjnad,04-Oct-20,15350,Nil
RAVI,Jassar,09-Jul-20,_,9964
RAVI,Shahdara,09-Jul-20,_,31415
RAVI,Balloki,09-Jul-20,42055,10455
RAVI,Sidhnai,09-Jul-20,19997,4627
SUTLEJ,Bhakra,09-Jul-20,_,_
SUTLEJ,Sulemanki,29-Jun-20,19842,7431
SUTLEJ,Islam,14-Aug-20,300,NIL
INDUS,Kalabagh,06-Sept-20,289112,287252
INDUS,Chashma,28-Aug-20,260186,255724
INDUS,Taunsa,01-Sept-20,382016,382016
INDUS,Guddu,02-Sept-20,308336,305336
INDUS,Sukkar,03-Sept-20,299770,285820
INDUS,Kotri,08-Sept-20,201431,197701
JHELUM,Kotli,10-Jul-20,-,NR
JHELUM,Mangla,07-Sept-20,50000,56993
JHELUM,Rasul,30-Aug-20,86890,86890
JHELUM,Khushab bridge,03-Sept-20,-,47268
CHENAB,Jammu Tavi,10-Jul-20,_,_
CHENAB,Marala,30-Aug-20,77771,72071
CHENAB,Khanki,23-Aug-20,95494,88519
CHENAB,Qadirabad,09-Oct-20,20450,NIL
CHENAB,Trimmu,31-Aug-20,171604,159104
CHENAB,Punjnad,05-Oct-20,15350,Nil
RAVI,Jassar,10-Jul-20,_,9219
RAVI,Shahdara,10-Jul-20,_,29969
RAVI,Balloki,10-Jul-20,43210,11610
RAVI,Sidhnai,10-Jul-20,20333,4961
SUTLEJ,Bhakra,10-Jul-20,_,_
SUTLEJ,Sulemanki,30-Jun-20,19842,7431
SUTLEJ,Islam,14-Aug-20,300,NIL
INDUS,Kalabagh,06-Sept-20,289252,287252
INDUS,Chashma,20-Aug-20,255447,248847
INDUS,Taunsa,01-Sept-20,382016,382016
INDUS,Guddu,02-Sept-20,308336,305336
INDUS,Sukkar,03-Sept-20,299770,285820
INDUS,Kotri,08-Sept-20,202071,197701
JHELUM,Kotli,10-Jul-20,-,N.R
JHELUM,Mangla,07-Sept-20,48000,56993
JHELUM,Rasul,30-Aug-20,86890,86890
JHELUM,Khushab bridge,08-Sept-20,-,47268
CHENAB,Jammu Tavi,10-Jul-20,-,-
CHENAB,Marala,30-Aug-20,77771,72071
CHENAB,Khanki,30-Aug-20,92824,86961
CHENAB,Qadirabad,09-Oct-20,20000,NIL
CHENAB,Trimmu,02-Sept-20,163606,154606
CHENAB,Punjnad,05-Oct-20,14166,NIL
RAVI,Jassar,10-Jul-20,-,9219
RAVI,Shahdara,10-Jul-20,-,29317
RAVI,Balloki,10-Jul-20,45520,13920
RAVI,Sidhnai,10-Jul-20,20331,4961
SUTLEJ,Bhakra,10-Jul-20,-,-
SUTLEJ,Sulemanki,30-Jun-20,19842,7431
SUTLEJ,Islam,14-Aug-20,300,NIL
INDUS,Kalabagh,20-Aug-20,287387,279387
INDUS,Chashma,19-Aug-20,253249,248718
INDUS,Taunsa,31-Aug-20,379446,379046
INDUS,Guddu,12-Sept-20,330632,298682
INDUS,Sukkar,14-Sept-20,323950,281150
INDUS,Kotri,08-Sept-20,202071,197701
JHELUM,Kotli,10-Jul-20,-,NR
JHELUM,Mangla,15-Sept-20,26000,56993
JHELUM,Rasul,30-Aug-20,86890,86890
JHELUM,Khushab bridge,16-Jun-20,-,42151
CHENAB,Jammu Tavi,10-Jul-20,-,-
CHENAB,Marala,30-Aug-20,77771,72071
CHENAB,Khanki,30-Aug-20,92824,86961
CHENAB,Qadirabad,09-Oct-20,20000,NIL
CHENAB,Trimmu,02-Sept-20,163606,154606
CHENAB,Punjnad,05-Oct-20,14055,NIL
RAVI,Jassar,10-Jul-20,-,8846
RAVI,Shahdara,10-Jul-20,-,28014
RAVI,Balloki,10-Jul-20,46720,15070
RAVI,Sidhnai,10-Jul-20,20331,4961
SUTLEJ,Bhakra,10-Jul-20,-,-
SUTLEJ,Sulemanki,30-Jun-20,19842,7431
SUTLEJ,Islam,15-Aug-20,300,NIL
INDUS,Kalabagh,06-Sept-20,280734,278734
INDUS,Chashma,20-Aug-20,254662,248212
INDUS,Taunsa,01-Sept-20,379446,379046
INDUS,Guddu,12-Sept-20,323258,291308
INDUS,Sukkar,03-Sept-20,284770,273050
INDUS,Kotri,09-Sept-20,202071,197701
JHELUM,Kotli,10-Jul-20,-,NR
JHELUM,Mangla,15-Sept-20,23000,56993
JHELUM,Rasul,30-Aug-20,86890,86890
JHELUM,Khushab bridge,10-Sept-20,-,42151
CHENAB,Jammu Tavi,10-Jul-20,_,_
CHENAB,Marala,30-Aug-20,77771,72071
CHENAB,Khanki,30-Aug-20,92824,86961
CHENAB,Qadirabad,09-Oct-20,20450,NIL
CHENAB,Trimmu,02-Sept-20,163606,154606
CHENAB,Punjnad,05-Oct-20,14055,NIL
RAVI,Jassar,10-Jul-20,_,9219
RAVI,Shahdara,10-Jul-20,_,27362
RAVI,Balloki,10-Jul-20,46720,15070
RAVI,Sidhnai,10-Jul-20,18675,3305
SUTLEJ,Bhakra,10-Jul-20,_,_
SUTLEJ,Sulemanki,30-Jun-20,19842,7431
SUTLEJ,Islam,15-Aug-20,300,NIL
INDUS,Kalabagh,30-Aug-20,284420,277420
INDUS,Chashma,20-Aug-20,251879,246943
INDUS,Taunsa,01-Sept-20,379446,379046
INDUS,Guddu,01-Sept-20,269938,267938
INDUS,Sukkar,03-Sept-20,285645,273050
INDUS,Kotri,07-Sept-20,197861,194746
JHELUM,Kotli,11-Jul-20,-,NR
JHELUM,Mangla,15-Sept-20,24000,56993
JHELUM,Rasul,30-Aug-20,86890,86890
JHELUM,Khushab bridge,10-Sept-20,-,39925
CHENAB,Jammu Tavi,11-Jul-20,_,_
CHENAB,Marala,30-Aug-20,77771,72071
CHENAB,Khanki,30-Aug-20,92824,86961
CHENAB,Qadirabad,10-Oct-20,20450,NIL
CHENAB,Trimmu,02-Sept-20,163606,154606
CHENAB,Punjnad,06-Oct-20,14055,NIL
RAVI,Jassar,11-Jul-20,_,9591
RAVI,Shahdara,11-Jul-20,_,26711
RAVI,Balloki,11-Jul-20,47870,16220
RAVI,Sidhnai,11-Jul-20,18675,3305
SUTLEJ,Bhakra,11-Jul-20,_,_
SUTLEJ,Sulemanki,01-Jul-20,19842,7431
SUTLEJ,Islam,15-Aug-20,500,NIL
INDUS,Kalabagh,20-Aug-20,282234,274234
INDUS,Chashma,07-Sept-20,256751,245122
INDUS,Taunsa,01-Sept-20,379446,379046
INDUS,Guddu,01-Sept-20,369938,267938
INDUS,Sukkar,14-Sept-20,312930,270330
INDUS,Kotri,07-Sept-20,197861,194746
JHELUM,Kotli,11-Jul-20,-,NR
JHELUM,Mangla,16-Sept-20,24000,56993
JHELUM,Rasul,30-Aug-20,86890,86890
JHELUM,Khushab bridge,20-Sept-20,-,39925
CHENAB,Jammu Tavi,11-Jul-20,_,_
CHENAB,Marala,01-Sept-20,76350,70650
CHENAB,Khanki,01-Sept-20,91894,86031
CHENAB,Qadirabad,10-Oct-20,20000,NIL
CHENAB,Trimmu,02-Sept-20,163606,154606
CHENAB,Punjnad,06-Oct-20,14055,NIL
RAVI,Jassar,11-Jul-20,_,7101
RAVI,Shahdara,11-Jul-20,_,26711
RAVI,Balloki,11-Jul-20,47870,16220
RAVI,Sidhnai,11-Jul-20,18675,3305
SUTLEJ,Bhakra,11-Jul-20,_,_
SUTLEJ,Sulemanki,01-Jul-20,19842,7431
SUTLEJ,Islam,15-Aug-20,700,NIL
INDUS,Kalabagh,20-Aug-20,276051,268051
INDUS,Chashma,22-Aug-20,250732,244732
INDUS,Taunsa,08-Sept-20,378558,378558
INDUS,Guddu,01-Sept-20,269938,267938
INDUS,Sukkar,14-Sept-20,299640,257080
INDUS,Kotri,07-Sept-20,198166,194746
JHELUM,Kotli,11-Jul-20,NR,NR
JHELUM,Mangla,16-Sept-20,23000,56993
JHELUM,Rasul,30-Aug-20,86890,86890
JHELUM,Khushab bridge,16-Jun-20,,38812
CHENAB,Jammu Tavi,11-Jul-20,_,_
CHENAB,Marala,26-Aug-20,95095,70395
CHENAB,Khanki,01-Sept-20,91894,86031
CHENAB,Qadirabad,10-Oct-20,20225,Nil
CHENAB,Trimmu,02-Sept-20,163606,154606
CHENAB,Punjnad,06-Oct-20,14055,NIL
RAVI,Jassar,11-Jul-20,_,7849
RAVI,Shahdara,11-Jul-20,_,26059
RAVI,Balloki,11-Jul-20,47420,16220
RAVI,Sidhnai,11-Jul-20,18675,3305
SUTLEJ,Bhakra,11-Jul-20,_,_
SUTLEJ,Sulemanki,07-Sept-20,18984,7395
SUTLEJ,Islam,16-Aug-20,700,NIL
INDUS,Kalabagh,28-Aug-20,275026,268026
INDUS,Chashma,07-Sept-20,254014,241345
INDUS,Taunsa,08-Sept-20,378558,378558
INDUS,Guddu,13-Sept-20,292838,260888
INDUS,Sukkar,02-Sept-20,261860,254500
INDUS,Kotri,07-Sept-20,198166,194746
JHELUM,Kotli,11-Jul-20,NR,NR
JHELUM,Mangla,23-Sept-20,18000,56965
JHELUM,Rasul,30-Aug-20,86890,86890
JHELUM,Khushab bridge,19-Jun-20,,38812
CHENAB,Jammu Tavi,11-Jul-20,_,_
CHENAB,Marala,18-Aug-20,96793,67070
CHENAB,Khanki,01-Sept-20,91894,86031
CHENAB,Qadirabad,10-Oct-20,20225,Nil
CHENAB,Trimmu,02-Sept-20,163606,154606
CHENAB,Punjnad,06-Oct-20,14489,NIL
RAVI,Jassar,11-Jul-20,_,9219
RAVI,Shahdara,11-Jul-20,_,26711
RAVI,Balloki,11-Jul-20,48530,18530
RAVI,Sidhnai,11-Jul-20,18144,2644
SUTLEJ,Bhakra,11-Jul-20,_,_
SUTLEJ,Sulemanki,07-Sept-20,18984,7395
SUTLEJ,Islam,16-Aug-20,700,NIL
INDUS,Kalabagh,28-Aug-20,271112,264112
INDUS,Chashma,27-Aug-20,245619,241157
INDUS,Taunsa,08-Sept-20,378558,378558
INDUS,Guddu,31-Aug-20,256489,255489
INDUS,Sukkar,02-Sept-20,261860,254500
INDUS,Kotri,07-Sept-20,198166,194746
JHELUM,Kotli,12-Jul-20,NR,NR
JHELUM,Mangla,23-Sept-20,17000,56965
JHELUM,Rasul,27-Aug-20,86758,83758
JHELUM,Khushab bridge,11-Sept-20,-,38812
CHENAB,Jammu Tavi,12-Jul-20,_,_
CHENAB,Marala,18-Aug-20,96793,67070
CHENAB,Khanki,26-Aug-20,91105,84444
CHENAB,Qadirabad,11-Oct-20,20225,Nil
CHENAB,Trimmu,02-Sept-20,163606,154606
CHENAB,Punjnad,07-Oct-20,14489,NIL
RAVI,Jassar,12-Jul-20,_,9964
RAVI,Shahdara,12-Jul-20,_,26059
RAVI,Balloki,12-Jul-20,49530,18530
RAVI,Sidhnai,12-Jul-20,18144,2644
SUTLEJ,Bhakra,12-Jul-20,_,_
SUTLEJ,Sulemanki,07-Sept-20,18984,7395
SUTLEJ,Islam,16-Aug-20,700,NIL
INDUS,Kalabagh,28-Aug-20,271112,264112
INDUS,Chashma,22-Aug-20,245617,239617
INDUS,Taunsa,08-Sept-20,378558,378558
INDUS,Guddu,31-Aug-20,256489,255489
INDUS,Sukkar,02-Sept-20,264900,254500
INDUS,Kotri,08-Sept-20,198166,194746
JHELUM,Kotli,12-Jul-20,NR,NR
JHELUM,Mangla,24-Sept-20,18000,56965
JHELUM,Rasul,03-Sept-20,83100,83100
JHELUM,Khushab bridge,19-Sept-20,-,38812
CHENAB,Jammu Tavi,12-Jul-20,_,_
CHENAB,Marala,19-Aug-20,96593,67070
CHENAB,Khanki,26-Aug-20,91105,84444
CHENAB,Qadirabad,11-Oct-20,20000,NIL
CHENAB,Trimmu,02-Sept-20,163606,154606
CHENAB,Punjnad,07-Oct-20,14605,NIL
RAVI,Jassar,12-Jul-20,_,9964
RAVI,Shahdara,12-Jul-20,_,25407
RAVI,Balloki,12-Jul-20,48575,17375
RAVI,Sidhnai,12-Jul-20,18144,2644
SUTLEJ,Bhakra,12-Jul-20,_,_
SUTLEJ,Sulemanki,07-Sept-20,18984,7395
SUTLEJ,Islam,16-Aug-20,700,NIL
INDUS,Kalabagh,06-Sept-20,263780,261558
INDUS,Chashma,07-Sept-20,256371,237951
INDUS,Taunsa,01-Sept-20,368256,368256
INDUS,Guddu,01-Sept-20,256489,255489
INDUS,Sukkar,02-Sept-20,264900,254500
INDUS,Kotri,22-Sept-20,210932,193547
JHELUM,Kotli,12-Jul-20,NR,NR
JHELUM,Mangla,16-Sept-20,24000,56873
JHELUM,Rasul,27-Aug-20,85870,82870
JHELUM,Khushab bridge,19-Sept-20,-,38812
CHENAB,Jammu Tavi,12-Jul-20,_,_
CHENAB,Marala,19-Aug-20,94070,67070
CHENAB,Khanki,26-Aug-20,90763,83600
CHENAB,Qadirabad,11-Oct-20,20000,Nil
CHENAB,Trimmu,02-Sept-20,163606,154606
CHENAB,Punjnad,07-Oct-20,14605,NIL
RAVI,Jassar,12-Jul-20,_,9591
RAVI,Shahdara,12-Jul-20,_,25407
RAVI,Balloki,12-Jul-20,50135,20835
RAVI,Sidhnai,12-Jul-20,16872,1322
SUTLEJ,Bhakra,12-Jul-20,_,_
SUTLEJ,Sulemanki,07-Sept-20,19646,7395
SUTLEJ,Islam,17-Aug-20,700,NIL
INDUS,Kalabagh,06-Sept-20,264113,261558
INDUS,Chashma,07-Sept-20,243111,235397
INDUS,Taunsa,01-Sept-20,368256,368256
INDUS,Guddu,13-Sept-20,267417,235467
INDUS,Sukkar,03-Sept-20,264900,254500
INDUS,Kotri,07-Sept-20,188915,185845
JHELUM,Kotli,12-Jul-20,NR,NR
JHELUM,Mangla,16-Sept-20,23000,56873
JHELUM,Rasul,30-Aug-20,82028,82028
JHELUM,Khushab bridge,20-Sept-20,-,38812
CHENAB,Jammu Tavi,12-Jul-20,_,_
CHENAB,Marala,19-Aug-20,93870,67070
CHENAB,Khanki,30-Aug-20,88728,82865
CHENAB,Qadirabad,11-Oct-20,20000,Nil
CHENAB,Trimmu,30-Aug-20,166977,154577
CHENAB,Punjnad,07-Oct-20,14489,NIL
RAVI,Jassar,12-Jul-20,_,10336
RAVI,Shahdara,12-Jul-20,_,25407
RAVI,Balloki,12-Jul-20,47030,18530
RAVI,Sidhnai,12-Jul-20,16872,1322
SUTLEJ,Bhakra,12-Jul-20,_,_
SUTLEJ,Sulemanki,07-Sept-20,19646,7395
SUTLEJ,Islam,17-Aug-20,700,NIL
INDUS,Kalabagh,30-Aug-20,267274,260244
INDUS,Chashma,01-Sept-20,236282,233078
INDUS,Taunsa,01-Sept-20,368256,368256
INDUS,Guddu,26-Aug-20,239823,234823
INDUS,Sukkar,01-Sept-20,247090,244390
INDUS,Kotri,07-Sept-20,188915,185845
JHELUM,Kotli,13-Jul-20,NR,NR
JHELUM,Mangla,25-Sept-20,17000,56848
JHELUM,Rasul,28-Aug-20,81164,81164
JHELUM,Khushab bridge,20-Sept-20,-,38812
CHENAB,Jammu Tavi,13-Jul-20,_,_
CHENAB,Marala,30-Aug-20,72098,66398
CHENAB,Khanki,30-Aug-20,88728,82865
CHENAB,Qadirabad,12-Oct-20,20000,Nil
CHENAB,Trimmu,02-Sept-20,151873,151873
CHENAB,Punjnad,08-Oct-20,14489,NIL
RAVI,Jassar,13-Jul-20,_,9591
RAVI,Shahdara,13-Jul-20,_,26059
RAVI,Balloki,13-Jul-20,45875,17375
RAVI,Sidhnai,13-Jul-20,16872,1322
SUTLEJ,Bhakra,13-Jul-20,_,_
SUTLEJ,Sulemanki,07-Sept-20,19646,7395
SUTLEJ,Islam,17-Aug-20,700,NIL
INDUS,Kalabagh,30-Aug-20,267244,260244
INDUS,Chashma,21-Aug-20,238939,232939
INDUS,Taunsa,01-Sept-20,368256,368256
INDUS,Guddu,26-Aug-20,239823,234823
INDUS,Sukkar,01-Sept-20,247090,244390
INDUS,Kotri,23-Sept-20,199183,181798
JHELUM,Kotli,13-Jul-20,-,N.R
JHELUM,Mangla,25-Sept-20,17000,56848
JHELUM,Rasul,28-Aug-20,81164,81164
JHELUM,Khushab bridge,21-Sept-20,-,38812
CHENAB,Jammu Tavi,13-Jul-20,-,-
CHENAB,Marala,30-Aug-20,72098,66398
CHENAB,Khanki,30-Aug-20,88728,82865
CHENAB,Qadirabad,12-Oct-20,20000,NIL
CHENAB,Trimmu,03-Sept-20,155836,148836
CHENAB,Punjnad,08-Oct-20,14489,NIL
RAVI,Jassar,13-Jul-20,-,7600
RAVI,Shahdara,13-Jul-20,-,26059
RAVI,Balloki,13-Jul-20,45875,17375
RAVI,Sidhnai,13-Jul-20,16872,1322
SUTLEJ,Bhakra,13-Jul-20,-,-
SUTLEJ,Sulemanki,08-Sept-20,19646,7395
SUTLEJ,Islam,17-Aug-20,700,NIL
INDUS,Kalabagh,30-Aug-20,267344,260244
INDUS,Chashma,01-Sept-20,236394,232894
INDUS,Taunsa,02-Sept-20,368256,368256
INDUS,Guddu,26-Aug-20,239823,234823
INDUS,Sukkar,01-Sept-20,228880,226180
INDUS,Kotri,06-Sept-20,182715,180615
JHELUM,Kotli,13-Jul-20,-,NR
JHELUM,Mangla,17-Sept-20,22000,56753
JHELUM,Rasul,28-Aug-20,81164,81164
JHELUM,Khushab bridge,22-Sept-20,-,38812
CHENAB,Jammu Tavi,13-Jul-20,-,-
CHENAB,Marala,30-Aug-20,72098,66398
CHENAB,Khanki,30-Aug-20,88728,82865
CHENAB,Qadirabad,12-Oct-20,20450,NIL
CHENAB,Trimmu,03-Sept-20,155836,148836
CHENAB,Punjnad,08-Oct-20,14489,NIL
RAVI,Jassar,13-Jul-20,-,6850
RAVI,Shahdara,13-Jul-20,-,26711
RAVI,Balloki,13-Jul-20,42965,13915
RAVI,Sidhnai,13-Jul-20,20491,4961
SUTLEJ,Bhakra,13-Jul-20,-,-
SUTLEJ,Sulemanki,08-Sept-20,19722,7395
SUTLEJ,Islam,18-Aug-20,700,NIL
INDUS,Kalabagh,20-Aug-20,263571,255771
INDUS,Chashma,07-Sept-20,241645,231471
INDUS,Taunsa,02-Sept-20,368256,368256
INDUS,Guddu,26-Aug-20,237479,230477
INDUS,Sukkar,28-Aug-20,214135,211435
INDUS,Kotri,06-Sept-20,181865,180165
JHELUM,Kotli,13-Jul-20,-,NR
JHELUM,Mangla,17-Sept-20,23000,56753
JHELUM,Rasul,28-Aug-20,81164,81164
JHELUM,Khushab bridge,05-Sept-20,40000,38341
CHENAB,Jammu Tavi,13-Jul-20,-,-
CHENAB,Marala,30-Aug-20,72098,66398
CHENAB,Khanki,26-Aug-20,90092,82810
CHENAB,Qadirabad,12-Oct-20,20450,NIL
CHENAB,Trimmu,03-Sept-20,155836,148836
CHENAB,Punjnad,08-Oct-20,14489,NIL
RAVI,Jassar,13-Jul-20,-,6353
RAVI,Shahdara,13-Jul-20,-,26711
RAVI,Balloki,13-Jul-20,42965,13915
RAVI,Sidhnai,13-Jul-20,21479,5949
SUTLEJ,Bhakra,13-Jul-20,-,-
SUTLEJ,Sulemanki,08-Sept-20,19722,7395
SUTLEJ,Islam,18-Aug-20,700,NIL
INDUS,Kalabagh,28-Aug-20,260910,253910
INDUS,Chashma,07-Sept-20,240078,231359
INDUS,Taunsa,02-Sept-20,368256,368256
INDUS,Guddu,31-Aug-20,234291,229291
INDUS,Sukkar,28-Aug-20,214135,211435
INDUS,Kotri,06-Sept-20,181865,180165
JHELUM,Kotli,14-Jul-20,-,NR
JHELUM,Mangla,17-Sept-20,22000,56753
JHELUM,Rasul,28-Aug-20,81164,81164
JHELUM,Khushab bridge,18-Jun-20,,37699
CHENAB,Jammu Tavi,14-Jul-20,-,-
CHENAB,Marala,30-Aug-20,70296,64596
CHENAB,Khanki,26-Aug-20,89938,82810
CHENAB,Qadirabad,13-Oct-20,20450,NIL
CHENAB,Trimmu,03-Sept-20,155836,148836
CHENAB,Punjnad,09-Oct-20,14489,NIL
RAVI,Jassar,14-Jul-20,-,6852
RAVI,Shahdara,14-Jul-20,-,25407
RAVI,Balloki,14-Jul-20,42965,13915
RAVI,Sidhnai,14-Jul-20,21479,5949
SUTLEJ,Bhakra,14-Jul-20,-,-
SUTLEJ,Sulemanki,08-Sept-20,19722,7395
SUTLEJ,Islam,18-Aug-20,1230,NIL
INDUS,Kalabagh,28-Aug-20,260910,253910
INDUS,Chashma,10-Jul-20,230478,227855
INDUS,Taunsa,02-Sept-20,368256,368256
INDUS,Guddu,31-Aug-20,234291,229291
INDUS,Sukkar,28-Aug-20,214135,211435
INDUS,Kotri,06-Sept-20,182715,180165
JHELUM,Kotli,14-Jul-20,-,N.R
JHELUM,Mangla,18-Sept-20,22000,56753
JHELUM,Rasul,28-Aug-20,81164,81164
JHELUM,Khushab bridge,19-Jun-20,-,37699
CHENAB,Jammu Tavi,14-Jul-20,-,-
CHENAB,Marala,30-Aug-20,70296,64596
CHENAB,Khanki,30-Aug-20,86087,80224
CHENAB,Qadirabad,13-Oct-20,20000,NIL
CHENAB,Trimmu,03-Sept-20,156336,148836
CHENAB,Punjnad,09-Oct-20,14006,NIL
RAVI,Jassar,14-Jul-20,-,5507
RAVI,Shahdara,14-Jul-20,-,25407
RAVI,Balloki,14-Jul-20,42965,13915
RAVI,Sidhnai,14-Jul-20,22801,7271
SUTLEJ,Bhakra,14-Jul-20,-,-
SUTLEJ,Sulemanki,19-Jul-20,20017,7307
SUTLEJ,Islam,18-Aug-20,1230,NIL
INDUS,Kalabagh,07-Sept-20,249437,246215
INDUS,Chashma,08-Sept-20,237857,224287
INDUS,Taunsa,31-Aug-20,368246,367846
INDUS,Guddu,27-Aug-20,235255,228253
INDUS,Sukkar,28-Aug-20,214135,211435
INDUS,Kotri,06-Sept-20,182715,180165
JHELUM,Kotli,14-Jul-20,-,NR
JHELUM,Mangla,18-Sept-20,22000,56753
JHELUM,Rasul,28-Aug-20,81164,81164
JHELUM,Khushab bridge,12-Sept-20,-,37699
CHENAB,Jammu Tavi,14-Jul-20,-,-
CHENAB,Marala,30-Aug-20,70296,64596
CHENAB,Khanki,30-Aug-20,86087,80224
CHENAB,Qadirabad,13-Oct-20,20000,NIL
CHENAB,Trimmu,30-Aug-20,160362,147962
CHENAB,Punjnad,09-Oct-20,13808,NIL
RAVI,Jassar,14-Jul-20,-,5676
RAVI,Shahdara,14-Jul-20,-,24755
RAVI,Balloki,14-Jul-20,46020,16220
RAVI,Sidhnai,14-Jul-20,22801,7271
SUTLEJ,Bhakra,14-Jul-20,-,-
SUTLEJ,Sulemanki,19-Jul-20,20017,7307
SUTLEJ,Islam,19-Aug-20,1230,NIL
INDUS,Kalabagh,07-Sept-20,249715,246215
INDUS,Chashma,23-Aug-20,229993,223843
INDUS,Taunsa,31-Aug-20,368246,367846
INDUS,Guddu,27-Aug-20,235255,228253
INDUS,Sukkar,31-Aug-20,214135,211435
INDUS,Kotri,07-Sept-20,182715,180165
JHELUM,Kotli,14-Jul-20,-,
JHELUM,Mangla,26-Sept-20,16000,56731
JHELUM,Rasul,28-Aug-20,81164,81164
JHELUM,Khushab bridge,18-Sept-20,-,37699
CHENAB,Jammu Tavi,14-Jul-20,_,_
CHENAB,Marala,30-Aug-20,70296,64596
CHENAB,Khanki,30-Aug-20,86087,80224
CHENAB,Qadirabad,13-Oct-20,20000,NIL
CHENAB,Trimmu,04-Sept-20,153190,146190
CHENAB,Punjnad,09-Oct-20,13808,NIL
RAVI,Jassar,14-Jul-20,_,6353
RAVI,Shahdara,14-Jul-20,_,24755
RAVI,Balloki,14-Jul-20,46020,16220
RAVI,Sidhnai,14-Jul-20,23443,7913
SUTLEJ,Bhakra,14-Jul-20,_,_
SUTLEJ,Sulemanki,31-Aug-20,20172,7305
SUTLEJ,Islam,19-Aug-20,1230,NIL
INDUS,Kalabagh,07-Sept-20,249715,246215
INDUS,Chashma,23-Aug-20,229116,223116
INDUS,Taunsa,04-Sept-20,364905,364905
INDUS,Guddu,27-Aug-20,235255,228253
INDUS,Sukkar,31-Aug-20,214135,211435
INDUS,Kotri,03-Sept-20,179592,179242
JHELUM,Kotli,15-Jul-20,-,
JHELUM,Mangla,26-Sept-20,15000,56731
JHELUM,Rasul,28-Aug-20,76241,76241
JHELUM,Khushab bridge,18-Sept-20,-,37699
CHENAB,Jammu Tavi,15-Jul-20,_,_
CHENAB,Marala,30-Aug-20,70296,64596
CHENAB,Khanki,30-Aug-20,86087,80224
CHENAB,Qadirabad,14-Oct-20,19000,NIL
CHENAB,Trimmu,04-Sept-20,153190,146190
CHENAB,Punjnad,10-Oct-20,13808,NIL
RAVI,Jassar,15-Jul-20,_,7101
RAVI,Shahdara,15-Jul-20,_,22862
RAVI,Balloki,15-Jul-20,46520,16220
RAVI,Sidhnai,15-Jul-20,23443,7913
SUTLEJ,Bhakra,15-Jul-20,_,_
SUTLEJ,Sulemanki,31-Aug-20,20172,7305
SUTLEJ,Islam,19-Aug-20,1230,NIL
INDUS,Kalabagh,27-Aug-20,252743,245743
INDUS,Chashma,27-Aug-20,226999,222714
INDUS,Taunsa,04-Sept-20,364905,364905
INDUS,Guddu,27-Aug-20,235255,228253
INDUS,Sukkar,01-Sept-20,214135,211435
INDUS,Kotri,03-Sept-20,179592,179242
JHELUM,Kotli,15-Jul-20,-,-
JHELUM,Mangla,20-Sept-20,20000,56719
JHELUM,Rasul,28-Aug-20,76241,76241
JHELUM,Khushab bridge,19-Sept-20,-,37699
CHENAB,Jammu Tavi,15-Jul-20,-,-
CHENAB,Marala,01-Sept-20,75296,64596
CHENAB,Khanki,30-Aug-20,86087,80224
CHENAB,Qadirabad,14-Oct-20,19000,NIL
CHENAB,Trimmu,04-Sept-20,153190,146190
CHENAB,Punjnad,10-Oct-20,13247,NIL
RAVI,Jassar,15-Jul-20,-,6014
RAVI,Shahdara,15-Jul-20,-,22862
RAVI,Balloki,15-Jul-20,45720,15070
RAVI,Sidhnai,15-Jul-20,23443,7913
SUTLEJ,Bhakra,15-Jul-20,-,-
SUTLEJ,Sulemanki,01-Sept-20,20172,7305
SUTLEJ,Islam,19-Aug-20,1230,NIL
INDUS,Kalabagh,28-Aug-20,252743,245743
INDUS,Chashma,10-Jul-20,226513,221328
INDUS,Taunsa,04-Sept-20,364905,364905
INDUS,Guddu,28-Aug-20,226443,217943
INDUS,Sukkar,27-Aug-20,214340,208880
INDUS,Kotri,03-Sept-20,179592,179242
JHELUM,Kotli,15-Jul-20,-,-
JHELUM,Mangla,20-Sept-20,21000,56719
JHELUM,Rasul,28-Aug-20,76241,76241
JHELUM,Khushab bridge,19-Sept-20,-,37699
CHENAB,Jammu Tavi,15-Jul-20,-,-
CHENAB,Marala,01-Sept-20,75246,64596
CHENAB,Khanki,30-Aug-20,86087,80224
CHENAB,Qadirabad,14-Oct-20,19225,NIL
CHENAB,Trimmu,04-Sept-20,153190,146190
CHENAB,Punjnad,10-Oct-20,12649,Nil
RAVI,Jassar,15-Jul-20,-,5845
RAVI,Shahdara,15-Jul-20,-,22322
RAVI,Balloki,15-Jul-20,44565,13915
RAVI,Sidhnai,15-Jul-20,24567,9197
SUTLEJ,Bhakra,15-Jul-20,-,-
SUTLEJ,Sulemanki,05-Sept-20,16513,6403
SUTLEJ,Islam,20-Aug-20,1230,NIL
INDUS,Kalabagh,19-Aug-20,250736,242736
INDUS,Chashma,30-Jun-20,226663,221163
INDUS,Taunsa,04-Sept-20,364905,364905
INDUS,Guddu,30-Aug-20,221943,217943
INDUS,Sukkar,27-Aug-20,214340,208880
INDUS,Kotri,04-Sept-20,176442,176092
JHELUM,Kotli,15-Jul-20,-,
JHELUM,Mangla,21-Sept-20,20000,56719
JHELUM,Rasul,28-Aug-20,76241,76241
JHELUM,Khushab bridge,22-Sept-20,-,37492
CHENAB,Jammu Tavi,15-Jul-20,-,-
CHENAB,Marala,02-Sept-20,75246,64596
CHENAB,Khanki,30-Aug-20,86087,80224
CHENAB,Qadirabad,14-Oct-20,2000,NIL
CHENAB,Trimmu,04-Sept-20,153190,146190
CHENAB,Punjnad,10-Oct-20,12649,Nil
RAVI,Jassar,15-Jul-20,-,6852
RAVI,Shahdara,15-Jul-20,-,22322
RAVI,Balloki,15-Jul-20,44565,13915
RAVI,Sidhnai,15-Jul-20,23484,8234
SUTLEJ,Bhakra,15-Jul-20,-,-
SUTLEJ,Sulemanki,05-Sept-20,16513,6403
SUTLEJ,Islam,14-Sept-20,1730,NIL
INDUS,Kalabagh,19-Aug-20,250736,242736
INDUS,Chashma,27-Aug-20,225159,220874
INDUS,Taunsa,04-Sept-20,364905,364905
INDUS,Guddu,30-Aug-20,221943,217943
INDUS,Sukkar,27-Aug-20,214340,208880
INDUS,Kotri,04-Sept-20,176442,176092
JHELUM,Kotli,16-Jul-20,-,
JHELUM,Mangla,18-Sept-20,22000,56636
JHELUM,Rasul,28-Aug-20,76241,76241
JHELUM,Khushab bridge,17-Jun-20,-,36812
CHENAB,Jammu Tavi,16-Jul-20,-,-
CHENAB,Marala,02-Sept-20,75246,64596
CHENAB,Khanki,30-Aug-20,86087,80224
CHENAB,Qadirabad,15-Oct-20,20000,NIL
CHENAB,Trimmu,04-Sept-20,153190,146190
CHENAB,Punjnad,11-Oct-20,12649,Nil
RAVI,Jassar,16-Jul-20,-,7350
RAVI,Shahdara,16-Jul-20,-,23452
RAVI,Balloki,16-Jul-20,43910,12760
RAVI,Sidhnai,16-Jul-20,24447,9197
SUTLEJ,Bhakra,16-Jul-20,-,-
SUTLEJ,Sulemanki,05-Sept-20,16513,6403
SUTLEJ,Islam,14-Sept-20,1730,NIL
INDUS,Kalabagh,27-Aug-20,248263,240863
INDUS,Chashma,16-Jul-20,227372,220772
INDUS,Taunsa,08-Sept-20,362607,362607
INDUS,Guddu,30-Aug-20,221943,217943
INDUS,Sukkar,27-Aug-20,214340,208880
INDUS,Kotri,04-Sept-20,176442,176092
JHELUM,Kotli,16-Jul-20,-,N.R
JHELUM,Mangla,18-Sept-20,22000,56636
JHELUM,Rasul,28-Aug-20,76241,76241
JHELUM,Khushab bridge,17-Jun-20,,36586
CHENAB,Jammu Tavi,16-Jul-20,-,-
CHENAB,Marala,02-Sept-20,75246,64596
CHENAB,Khanki,26-Aug-20,83926,77185
CHENAB,Qadirabad,15-Oct-20,20000,NIL
CHENAB,Trimmu,04-Sept-20,153190,146190
CHENAB,Punjnad,11-Oct-20,13247,NIL
RAVI,Jassar,16-Jul-20,-,8846
RAVI,Shahdara,16-Jul-20,-,23449
RAVI,Balloki,16-Jul-20,43910,12760
RAVI,Sidhnai,16-Jul-20,24447,9197
SUTLEJ,Bhakra,16-Jul-20,-,-
SUTLEJ,Sulemanki,06-Sept-20,16513,6403
SUTLEJ,Islam,15-Sept-20,1730,NIL
INDUS,Kalabagh,31-Aug-20,247887,240487
INDUS,Chashma,27-Aug-20,224811,220349
INDUS,Taunsa,08-Sept-20,362607,362607
INDUS,Guddu,30-Aug-20,221943,217943
INDUS,Sukkar,31-Aug-20,207725,205025
INDUS,Kotri,04-Sept-20,176442,176092
JHELUM,Kotli,16-Jul-20,-,NR
JHELUM,Mangla,19-Sept-20,23000,56636
JHELUM,Rasul,28-Aug-20,76241,76241
JHELUM,Khushab bridge,17-Jun-20,-,36586
CHENAB,Jammu Tavi,16-Jul-20,-,-
CHENAB,Marala,01-Sept-20,70196,64496
CHENAB,Khanki,26-Aug-20,83926,77185
CHENAB,Qadirabad,18-Jun-20,17000,-
CHENAB,Trimmu,02-Sept-20,152873,143873
CHENAB,Punjnad,11-Oct-20,13247,Nil
RAVI,Jassar,16-Jul-20,-,7600
RAVI,Shahdara,16-Jul-20,-,23452
RAVI,Balloki,16-Jul-20,43910,12760
RAVI,Sidhnai,16-Jul-20,24447,9197
SUTLEJ,Bhakra,16-Jul-20,-,-
SUTLEJ,Sulemanki,06-Sept-20,16615,6403
SUTLEJ,Islam,15-Sept-20,1730,Nil
INDUS,Kalabagh,31-Aug-20,247069,240469
INDUS,Chashma,15-Jul-20,226866,220266
INDUS,Taunsa,08-Sept-20,362607,362607
INDUS,Guddu,30-Aug-20,221943,217943
INDUS,Sukkar,31-Aug-20,207725,205025
INDUS,Kotri,04-Sept-20,176442,176092
JHELUM,Kotli,16-Jul-20,-,N.R
JHELUM,Mangla,19-Sept-20,22000,56636
JHELUM,Rasul,28-Aug-20,76241,76241
JHELUM,Khushab bridge,18-Jun-20,,36586
CHENAB,Jammu Tavi,16-Jul-20,-,-
CHENAB,Marala,14-Aug-20,92740,61717
CHENAB,Khanki,01-Sept-20,82981,77118
CHENAB,Qadirabad,14-Jul-20,22000,-
CHENAB,Trimmu,02-Sept-20,151873,143873
CHENAB,Punjnad,11-Oct-20,13247,Nil
RAVI,Jassar,16-Jul-20,-,7600
RAVI,Shahdara,16-Jul-20,-,23452
RAVI,Balloki,16-Jul-20,44910,12760
RAVI,Sidhnai,16-Jul-20,23755,8555
SUTLEJ,Bhakra,16-Jul-20,-,-
SUTLEJ,Sulemanki,06-Sept-20,16615,6403
SUTLEJ,Islam,15-Sept-20,1730,NIL
INDUS,Kalabagh,01-Sept-20,247069,240469
INDUS,Chashma,15-Jul-20,226759,220159
INDUS,Taunsa,08-Sept-20,362607,362607
INDUS,Guddu,30-Aug-20,221943,217943
INDUS,Sukkar,29-Aug-20,205165,200465
INDUS,Kotri,05-Sept-20,177617,176092
JHELUM,Kotli,17-Jul-20,-,N.R
JHELUM,Mangla,19-Sept-20,22000,56636
JHELUM,Rasul,28-Aug-20,76241,76241
JHELUM,Khushab bridge,28-Aug-20,-,36586
CHENAB,Jammu Tavi,17-Jul-20,-,-
CHENAB,Marala,17-Aug-20,92640,61717
CHENAB,Khanki,02-Sept-20,82981,77118
CHENAB,Qadirabad,15-Jul-20,22000,-
CHENAB,Trimmu,02-Sept-20,151873,143873
CHENAB,Punjnad,12-Oct-20,13247,Nil
RAVI,Jassar,17-Jul-20,-,8098
RAVI,Shahdara,17-Jul-20,-,24755
RAVI,Balloki,17-Jul-20,44410,12760
RAVI,Sidhnai,17-Jul-20,23755,8555
SUTLEJ,Bhakra,17-Jul-20,-,-
SUTLEJ,Sulemanki,06-Sept-20,16615,6403
SUTLEJ,Islam,15-Sept-20,1730,NIL
INDUS,Kalabagh,04-Jul-20,246337,239337
INDUS,Chashma,16-Jul-20,226733,220133
INDUS,Taunsa,02-Sept-20,354851,354851
INDUS,Guddu,30-Aug-20,221943,217943
INDUS,Sukkar,29-Aug-20,205165,200465
INDUS,Kotri,05-Sept-20,176892,176092
JHELUM,Kotli,17-Jul-20,-,N.R
JHELUM,Mangla,27-Sept-20,14000,56614
JHELUM,Rasul,30-Aug-20,76241,76241
JHELUM,Khushab bridge,11-Sept-20,-,36586
CHENAB,Jammu Tavi,17-Jul-20,-,-
CHENAB,Marala,17-Aug-20,92640,61717
CHENAB,Khanki,30-Aug-20,82890,77117
CHENAB,Qadirabad,24-Jul-20,21000,-
CHENAB,Trimmu,02-Sept-20,152873,143873
CHENAB,Punjnad,12-Oct-20,13247,NIL
RAVI,Jassar,17-Jul-20,-,12571
RAVI,Shahdara,17-Jul-20,-,25407
RAVI,Balloki,17-Jul-20,44410,12760
RAVI,Sidhnai,17-Jul-20,23755,8555
SUTLEJ,Bhakra,17-Jul-20,-,-
SUTLEJ,Sulemanki,06-Sept-20,17612,6403
SUTLEJ,Islam,16-Sept-20,1730,NIL
INDUS,Kalabagh,13-Jul-20,245739,238039
INDUS,Chashma,12-Jul-20,226729,220129
INDUS,Taunsa,02-Sept-20,354851,354851
INDUS,Guddu,28-Aug-20,226443,216938
INDUS,Sukkar,29-Aug-20,205165,200465
INDUS,Kotri,05-Sept-20,176892,176092
JHELUM,Kotli,17-Jul-20,-,NR
JHELUM,Mangla,28-Sept-20,13000,56614
JHELUM,Rasul,30-Aug-20,76241,76241
JHELUM,Khushab bridge,11-Sept-20,-,36586
CHENAB,Jammu Tavi,17-Jul-20,-,-
CHENAB,Marala,18-Aug-20,92640,61717
CHENAB,Khanki,30-Aug-20,82980,77117
CHENAB,Qadirabad,10-Sept-20,19000,-
CHENAB,Trimmu,02-Sept-20,152873,143873
CHENAB,Punjnad,12-Oct-20,13247,NIL
RAVI,Jassar,17-Jul-20,-,14223
RAVI,Shahdara,17-Jul-20,-,24755
RAVI,Balloki,17-Jul-20,45615,13915
RAVI,Sidhnai,17-Jul-20,23755,8555
SUTLEJ,Bhakra,17-Jul-20,-,-
SUTLEJ,Sulemanki,06-Sept-20,17612,6403
SUTLEJ,Islam,16-Sept-20,1730,NIL
INDUS,Kalabagh,11-Jul-20,243949,236249
INDUS,Chashma,13-Jul-20,228072,220057
INDUS,Taunsa,02-Sept-20,354851,354851
INDUS,Guddu,28-Aug-20,226443,216938
INDUS,Sukkar,29-Aug-20,205165,200465
INDUS,Kotri,05-Sept-20,176967,176092
JHELUM,Kotli,17-Jul-20,-,
JHELUM,Mangla,21-Sept-20,19000,56599
JHELUM,Rasul,27-Aug-20,78564,75564
JHELUM,Khushab bridge,11-Sept-20,-,36586
CHENAB,Jammu Tavi,17-Jul-20,_,_
CHENAB,Marala,18-Aug-20,91440,61717
CHENAB,Khanki,30-Aug-20,82980,77117
CHENAB,Qadirabad,21-Sept-20,21000,-
CHENAB,Trimmu,02-Sept-20,152873,143873
CHENAB,Punjnad,12-Oct-20,13247,NIL
RAVI,Jassar,17-Jul-20,_,13810
RAVI,Shahdara,17-Jul-20,_,24755
RAVI,Balloki,17-Jul-20,45615,13915
RAVI,Sidhnai,17-Jul-20,22805,7605
SUTLEJ,Bhakra,17-Jul-20,_,_
SUTLEJ,Sulemanki,06-Sept-20,17612,6403
SUTLEJ,Islam,16-Sept-20,1730,NIL
INDUS,Kalabagh,11-Jul-20,243949,236249
INDUS,Chashma,28-Jun-20,224615,220052
INDUS,Taunsa,02-Sept-20,354851,354851
INDUS,Guddu,28-Aug-20,226443,216938
INDUS,Sukkar,29-Aug-20,205165,200465
INDUS,Kotri,05-Sept-20,176967,176092
JHELUM,Kotli,18-Jul-20,-,
JHELUM,Mangla,21-Sept-20,19000,56599
JHELUM,Rasul,27-Aug-20,78564,75564
JHELUM,Khushab bridge,18-Sept-20,-,36586
CHENAB,Jammu Tavi,18-Jul-20,_,_
CHENAB,Marala,20-Aug-20,88417,61717
CHENAB,Khanki,30-Aug-20,82890,77117
CHENAB,Qadirabad,28-Sept-20,22000,-
CHENAB,Trimmu,02-Sept-20,152373,143873
CHENAB,Punjnad,13-Oct-20,13247,NIL
RAVI,Jassar,18-Jul-20,_,12984
RAVI,Shahdara,18-Jul-20,_,26059
RAVI,Balloki,18-Jul-20,45615,13915
RAVI,Sidhnai,18-Jul-20,22805,7605
SUTLEJ,Bhakra,18-Jul-20,_,_
SUTLEJ,Sulemanki,07-Sept-20,17612,6403
SUTLEJ,Islam,17-Sept-20,1730,NIL
INDUS,Kalabagh,12-Jul-20,243830,236130
INDUS,Chashma,11-Jul-20,226651,220051
INDUS,Taunsa,02-Sept-20,354851,354851
INDUS,Guddu,29-Aug-20,226298,216298
INDUS,Sukkar,29-Aug-20,205165,200465
INDUS,Kotri,05-Sept-20,177417,176092
JHELUM,Kotli,18-Jul-20,-,NR
JHELUM,Mangla,22-Sept-20,18000,56599
JHELUM,Rasul,29-Aug-20,72243,72243
JHELUM,Khushab bridge,18-Sept-20,-,36586
CHENAB,Jammu Tavi,18-Jul-20,_,_
CHENAB,Marala,20-Aug-20,86917,61717
CHENAB,Khanki,30-Aug-20,82980,77117
CHENAB,Qadirabad,28-Sept-20,22000,-
CHENAB,Trimmu,02-Sept-20,151873,143873
CHENAB,Punjnad,13-Oct-20,12746,NIL
RAVI,Jassar,18-Jul-20,_,12984
RAVI,Shahdara,18-Jul-20,_,28014
RAVI,Balloki,18-Jul-20,45615,13915
RAVI,Sidhnai,18-Jul-20,22805,7605
SUTLEJ,Bhakra,18-Jul-20,_,_
SUTLEJ,Sulemanki,13-Jul-20,18788,6374
SUTLEJ,Islam,17-Sept-20,1730,NIL
INDUS,Kalabagh,21-Aug-20,243589,236089
INDUS,Chashma,17-Jul-20,226649,220049
INDUS,Taunsa,02-Sept-20,354851,354851
INDUS,Guddu,29-Aug-20,226298,216298
INDUS,Sukkar,29-Aug-20,205165,200465
INDUS,Kotri,05-Sept-20,177617,176092
JHELUM,Kotli,18-Jul-20,NR,NR
JHELUM,Mangla,19-Sept-20,22000,56519
JHELUM,Rasul,29-Aug-20,72243,72243
JHELUM,Khushab bridge,20-Sept-20,-,36586
CHENAB,Jammu Tavi,18-Jul-20,_,_
CHENAB,Marala,21-Aug-20,85817,61717
CHENAB,Khanki,30-Aug-20,82980,77117
CHENAB,Qadirabad,28-Sept-20,22000,-
CHENAB,Trimmu,02-Sept-20,151873,143873
CHENAB,Punjnad,13-Oct-20,12746,NIL
RAVI,Jassar,18-Jul-20,_,12984
RAVI,Shahdara,18-Jul-20,_,28666
RAVI,Balloki,18-Jul-20,45615,13915
RAVI,Sidhnai,18-Jul-20,22805,7605
SUTLEJ,Bhakra,18-Jul-20,_,_
SUTLEJ,Sulemanki,13-Jul-20,18837,6374
SUTLEJ,Islam,17-Sept-20,1730,NIL
INDUS,Kalabagh,21-Aug-20,243589,236089
INDUS,Chashma,12-Jul-20,226629,220029
INDUS,Taunsa,02-Sept-20,354851,354851
INDUS,Guddu,29-Aug-20,226298,216298
INDUS,Sukkar,30-Aug-20,205165,200465
INDUS,Kotri,05-Sept-20,177617,176092
JHELUM,Kotli,18-Jul-20,NR,NR
JHELUM,Mangla,20-Sept-20,21000,56519
JHELUM,Rasul,05-Sept-20,71795,71795
JHELUM,Khushab bridge,21-Sept-20,-,36586
CHENAB,Jammu Tavi,18-Jul-20,_,_
CHENAB,Marala,30-Aug-20,66425,60725
CHENAB,Khanki,30-Aug-20,82980,77117
CHENAB,Qadirabad,29-Sept-20,22000,-
CHENAB,Trimmu,02-Sept-20,151873,143873
CHENAB,Punjnad,13-Oct-20,12746,NIL
RAVI,Jassar,18-Jul-20,_,12199
RAVI,Shahdara,18-Jul-20,_,29317
RAVI,Balloki,18-Jul-20,45615,13915
RAVI,Sidhnai,18-Jul-20,20568,5288
SUTLEJ,Bhakra,18-Jul-20,_,_
SUTLEJ,Sulemanki,14-Jul-20,18837,6374
SUTLEJ,Islam,18-Sept-20,1730,NIL
INDUS,Kalabagh,17-Jul-20,243905,235905
INDUS,Chashma,13-Jul-20,226629,220029
INDUS,Taunsa,02-Sept-20,354851,354851
INDUS,Guddu,29-Aug-20,226298,216298
INDUS,Sukkar,30-Aug-20,205165,200465
INDUS,Kotri,06-Sept-20,177617,176092
JHELUM,Kotli,19-Jul-20,NR,NR
JHELUM,Mangla,08-Oct-20,10000,56514
JHELUM,Rasul,05-Sept-20,71795,71795
JHELUM,Khushab bridge,21-Sept-20,-,36586
CHENAB,Jammu Tavi,19-Jul-20,_,_
CHENAB,Marala,30-Aug-20,66425,60725
CHENAB,Khanki,31-Aug-20,82980,77117
CHENAB,Qadirabad,30-Sept-20,22000,-
CHENAB,Trimmu,02-Sept-20,151873,143873
CHENAB,Punjnad,14-Oct-20,12746,NIL
RAVI,Jassar,19-Jul-20,_,11081
RAVI,Shahdara,19-Jul-20,_,28666
RAVI,Balloki,19-Jul-20,46770,15070
RAVI,Sidhnai,19-Jul-20,20568,5288
SUTLEJ,Bhakra,19-Jul-20,_,_
SUTLEJ,Sulemanki,14-Jul-20,18837,6374
SUTLEJ,Islam,18-Sept-20,700,Nil
INDUS,Kalabagh,10-Jul-20,243593,235893
INDUS,Chashma,14-Jul-20,226620,220020
INDUS,Taunsa,02-Sept-20,354851,354851
INDUS,Guddu,29-Aug-20,226298,216298
INDUS,Sukkar,30-Aug-20,205165,200465
INDUS,Kotri,06-Sept-20,177617,176092
JHELUM,Kotli,19-Jul-20,-,-
JHELUM,Mangla,29-Sept-20,12000,56497
JHELUM,Rasul,05-Sept-20,71795,71795
JHELUM,Khushab bridge,21-Sept-20,-,36586
CHENAB,Jammu Tavi,19-Jul-20,-,-
CHENAB,Marala,30-Aug-20,66425,60725
CHENAB,Khanki,31-Aug-20,82980,77117
CHENAB,Qadirabad,01-Oct-20,20000,-
CHENAB,Trimmu,03-Sept-20,151873,143873
CHENAB,Punjnad,14-Oct-20,12638,NIL
RAVI,Jassar,19-Jul-20,-,11081
RAVI,Shahdara,19-Jul-20,-,28666
RAVI,Balloki,19-Jul-20,46770,15070
RAVI,Sidhnai,19-Jul-20,20568,5288
SUTLEJ,Bhakra,19-Jul-20,-,-
SUTLEJ,Sulemanki,02-Sept-20,18740,6178
SUTLEJ,Islam,18-Sept-20,700,NIL
INDUS,Kalabagh,31-Aug-20,243296,235696
INDUS,Chashma,11-Jul-20,226619,220019
INDUS,Taunsa,02-Sept-20,354851,354851
INDUS,Guddu,29-Aug-20,226298,216298
INDUS,Sukkar,30-Aug-20,205165,200465
INDUS,Kotri,06-Sept-20,177617,176092
JHELUM,Kotli,19-Jul-20,-,-
JHELUM,Mangla,22-Sept-20,18000,56482
JHELUM,Rasul,03-Sept-20,71793,71793
JHELUM,Khushab bridge,16-Jun-20,,36585
CHENAB,Jammu Tavi,19-Jul-20,-,-
CHENAB,Marala,30-Aug-20,66425,60725
CHENAB,Khanki,23-Aug-20,81313,74292
CHENAB,Qadirabad,01-Oct-20,19000,-
CHENAB,Trimmu,03-Sept-20,151873,143873
CHENAB,Punjnad,14-Oct-20,12241,NIL
RAVI,Jassar,19-Jul-20,-,10336
RAVI,Shahdara,19-Jul-20,-,28014
RAVI,Balloki,19-Jul-20,46620,16220
RAVI,Sidhnai,19-Jul-20,20568,5288
SUTLEJ,Bhakra,19-Jul-20,-,-
SUTLEJ,Sulemanki,02-Sept-20,18740,6176
SUTLEJ,Islam,18-Sept-20,1230,NIL
INDUS,Kalabagh,31-Aug-20,243296,235696
INDUS,Chashma,17-Jul-20,226619,220019
INDUS,Taunsa,02-Sept-20,354851,354851
INDUS,Guddu,29-Aug-20,226298,216298
INDUS,Sukkar,30-Aug-20,205165,200465
INDUS,Kotri,03-Sept-20,168650,168300
JHELUM,Kotli,19-Jul-20,-,-
JHELUM,Mangla,25-Jul-20,31000,56469
JHELUM,Rasul,03-Sept-20,71761,71761
JHELUM,Khushab bridge,19-Jun-20,,35475
CHENAB,Jammu Tavi,19-Jul-20,-,-
CHENAB,Marala,30-Aug-20,66425,60725
CHENAB,Khanki,31-Aug-20,76462,70599
CHENAB,Qadirabad,02-Oct-20,20000,-
CHENAB,Trimmu,03-Sept-20,151873,143873
CHENAB,Punjnad,14-Oct-20,12241,NIL
RAVI,Jassar,19-Jul-20,-,8846
RAVI,Shahdara,19-Jul-20,-,28014
RAVI,Balloki,19-Jul-20,46120,16220
RAVI,Sidhnai,19-Jul-20,19957,4627
SUTLEJ,Bhakra,19-Jul-20,-,-
SUTLEJ,Sulemanki,02-Sept-20,18740,6176
SUTLEJ,Islam,19-Sept-20,1230,NIL
INDUS,Kalabagh,14-Jul-20,243307,235307
INDUS,Chashma,18-Jul-20,226612,220012
INDUS,Taunsa,02-Sept-20,351323,351323
INDUS,Guddu,25-Aug-20,229224,208222
INDUS,Sukkar,30-Aug-20,205165,200465
INDUS,Kotri,02-Sept-20,162461,162111
JHELUM,Kotli,20-Jul-20,-,-
JHELUM,Mangla,01-Oct-20,13000,56469
JHELUM,Rasul,03-Sept-20,71761,71761
JHELUM,Khushab bridge,18-Jun-20,,35472
CHENAB,Jammu Tavi,20-Jul-20,-,-
CHENAB,Marala,31-Aug-20,66425,60725
CHENAB,Khanki,31-Aug-20,76462,70599
CHENAB,Qadirabad,28-Aug-20,281540,267590
CHENAB,Trimmu,03-Sept-20,151599,143873
CHENAB,Punjnad,15-Oct-20,12241,NIL
RAVI,Jassar,20-Jul-20,-,8347
RAVI,Shahdara,20-Jul-20,-,26059
RAVI,Balloki,20-Jul-20,45720,16220
RAVI,Sidhnai,20-Jul-20,19827,4627
SUTLEJ,Bhakra,20-Jul-20,-,-
SUTLEJ,Sulemanki,02-Sept-20,18740,6176
SUTLEJ,Islam,19-Sept-20,1230,NIL
INDUS,Kalabagh,02-Jul-20,242673,235273
INDUS,Chashma,12-Jul-20,226591,219991
INDUS,Taunsa,02-Sept-20,351323,351323
INDUS,Guddu,25-Aug-20,229224,208222
INDUS,Sukkar,30-Aug-20,205165,200465
INDUS,Kotri,02-Sept-20,162461,162111
JHELUM,Kotli,20-Jul-20,-,-
JHELUM,Mangla,02-Oct-20,12000,56469
JHELUM,Rasul,03-Sept-20,71761,71761
JHELUM,Khushab bridge,19-Jun-20,,35472
CHENAB,Jammu Tavi,20-Jul-20,-,-
CHENAB,Marala,31-Aug-20,66425,60725
CHENAB,Khanki,31-Aug-20,76462,70599
CHENAB,Qadirabad,28-Aug-20,284540,267540
CHENAB,Trimmu,03-Sept-20,151873,143873
CHENAB,Punjnad,15-Oct-20,,NIL
RAVI,Jassar,20-Jul-20,-,9591
RAVI,Shahdara,20-Jul-20,-,26059
RAVI,Balloki,20-Jul-20,47175,17375
RAVI,Sidhnai,20-Jul-20,19827,4627
SUTLEJ,Bhakra,20-Jul-20,-,-
SUTLEJ,Sulemanki,02-Sept-20,18841,6176
SUTLEJ,Islam,19-Sept-20,1230,Nil
INDUS,Kalabagh,16-Jul-20,242948,234948
INDUS,Chashma,28-Jun-20,224250,219989
INDUS,Taunsa,02-Sept-20,351323,351323
INDUS,Guddu,25-Aug-20,227504,202494
INDUS,Sukkar,15-Sept-20,226660,189080
INDUS,Kotri,03-Sept-20,162461,162111
JHELUM,Kotli,20-Jul-20,-,NR
JHELUM,Mangla,07-Oct-20,10000,56445
JHELUM,Rasul,30-Aug-20,70452,70452
JHELUM,Khushab bridge,22-Sept-20,-,35472
CHENAB,Jammu Tavi,20-Jul-20,-,-
CHENAB,Marala,05-Sept-20,60486,60486
CHENAB,Khanki,31-Aug-20,76462,70599
CHENAB,Qadirabad,28-Aug-20,283540,267540
CHENAB,Trimmu,03-Sept-20,151873,143873
CHENAB,Punjnad,14-Jul-20,16000,-
RAVI,Jassar,20-Jul-20,-,11454
RAVI,Shahdara,20-Jul-20,-,25407
RAVI,Balloki,20-Jul-20,46875,17375
RAVI,Sidhnai,20-Jul-20,19827,4627
SUTLEJ,Bhakra,20-Jul-20,-,-
SUTLEJ,Sulemanki,20-Aug-20,18713,5922
SUTLEJ,Islam,19-Sept-20,1230,NIL
INDUS,Kalabagh,15-Jul-20,241993,233993
INDUS,Chashma,14-Jul-20,226560,219960
INDUS,Taunsa,02-Sept-20,351323,351323
INDUS,Guddu,13-Sept-20,233120,201170
INDUS,Sukkar,26-Aug-20,192050,185650
INDUS,Kotri,02-Sept-20,153268,153218
JHELUM,Kotli,20-Jul-20,-,
JHELUM,Mangla,09-Oct-20,10000,56403
JHELUM,Rasul,30-Aug-20,70452,70452
JHELUM,Khushab bridge,20-Jun-20,,33446
CHENAB,Jammu Tavi,20-Jul-20,-,-
CHENAB,Marala,22-Aug-20,83789,59689
CHENAB,Khanki,31-Aug-20,76462,70599
CHENAB,Qadirabad,28-Aug-20,282540,267540
CHENAB,Trimmu,03-Sept-20,151873,143873
CHENAB,Punjnad,14-Jul-20,16000,-
RAVI,Jassar,20-Jul-20,-,11454
RAVI,Shahdara,20-Jul-20,-,26711
RAVI,Balloki,20-Jul-20,45350,23150
RAVI,Sidhnai,20-Jul-20,19827,4627
SUTLEJ,Bhakra,20-Jul-20,-,-
SUTLEJ,Sulemanki,20-Aug-20,18713,5922
SUTLEJ,Islam,20-Sept-20,1230,Nil
INDUS,Kalabagh,05-Jul-20,240009,233609
INDUS,Chashma,17-Jul-20,226560,219960
INDUS,Taunsa,02-Sept-20,351323,351323
INDUS,Guddu,13-Sept-20,233120,201170
INDUS,Sukkar,26-Aug-20,192050,185650
INDUS,Kotri,02-Sept-20,153268,153218
JHELUM,Kotli,21-Jul-20,-,
JHELUM,Mangla,30-Sept-20,12000,56380
JHELUM,Rasul,30-Aug-20,70452,70452
JHELUM,Khushab bridge,22-Jun-20,_,33324
CHENAB,Jammu Tavi,21-Jul-20,-,-
CHENAB,Marala,25-Aug-20,84089,59689
CHENAB,Khanki,31-Aug-20,76462,70599
CHENAB,Qadirabad,28-Aug-20,280540,267540
CHENAB,Trimmu,03-Sept-20,151873,143873
CHENAB,Punjnad,14-Jul-20,16000,-
RAVI,Jassar,21-Jul-20,-,12199
RAVI,Shahdara,21-Jul-20,-,24104
RAVI,Balloki,21-Jul-20,50500,24300
RAVI,Sidhnai,21-Jul-20,19827,4627
SUTLEJ,Bhakra,21-Jul-20,-,-
SUTLEJ,Sulemanki,21-Aug-20,18615,5922
SUTLEJ,Islam,20-Sept-20,1230,Nil
INDUS,Kalabagh,06-Jul-20,239776,233376
INDUS,Chashma,29-Jun-20,224729,219957
INDUS,Taunsa,02-Sept-20,351323,351323
INDUS,Guddu,14-Sept-20,229690,201170
INDUS,Sukkar,26-Aug-20,188800,182400
INDUS,Kotri,23-Sept-20,115897,149317
JHELUM,Kotli,21-Jul-20,-,-
JHELUM,Mangla,03-Oct-20,12000,56358
JHELUM,Rasul,30-Aug-20,70452,70452
JHELUM,Khushab bridge,23-Jun-20,_,33324
CHENAB,Jammu Tavi,21-Jul-20,-,-
CHENAB,Marala,03-Sept-20,71792,58548
CHENAB,Khanki,31-Aug-20,76462,70599
CHENAB,Qadirabad,28-Aug-20,279540,267540
CHENAB,Trimmu,03-Sept-20,151873,143873
CHENAB,Punjnad,15-Jul-20,16000,-
RAVI,Jassar,21-Jul-20,-,7849
RAVI,Shahdara,21-Jul-20,-,23452
RAVI,Balloki,21-Jul-20,51550,29050
RAVI,Sidhnai,21-Jul-20,19827,4627
SUTLEJ,Bhakra,21-Jul-20,-,-
SUTLEJ,Sulemanki,21-Aug-20,18615,5922
SUTLEJ,Islam,20-Sept-20,1230,Nil
INDUS,Kalabagh,28-Aug-20,240332,233332
INDUS,Chashma,14-Jul-20,226556,219956
INDUS,Taunsa,02-Sept-20,351323,351323
INDUS,Guddu,25-Aug-20,216663,193645
INDUS,Sukkar,26-Aug-20,181565,173865
INDUS,Kotri,01-Sept-20,149130,148690
JHELUM,Kotli,21-Jul-20,-,NR
JHELUM,Mangla,14-Oct-20,9000,56273
JHELUM,Rasul,30-Aug-20,70452,70452
JHELUM,Khushab bridge,21-Jun-20,_,33246
CHENAB,Jammu Tavi,21-Jul-20,-,-
CHENAB,Marala,31-Aug-20,64242,58542
CHENAB,Khanki,31-Aug-20,76462,70599
CHENAB,Qadirabad,28-Aug-20,275639,264139
CHENAB,Trimmu,03-Sept-20,151873,143873
CHENAB,Punjnad,16-Jul-20,13227,-
RAVI,Jassar,21-Jul-20,-,7600
RAVI,Shahdara,21-Jul-20,-,23452
RAVI,Balloki,21-Jul-20,51550,29050
RAVI,Sidhnai,21-Jul-20,21982,11682
SUTLEJ,Bhakra,21-Jul-20,-,-
SUTLEJ,Sulemanki,21-Aug-20,19534,5922
SUTLEJ,Islam,20-Sept-20,1230,Nil
INDUS,Kalabagh,18-Aug-20,238204,230004
INDUS,Chashma,17-Jul-20,226552,219952
INDUS,Taunsa,03-Sept-20,351323,351323
INDUS,Guddu,14-Sept-20,190855,166087
INDUS,Sukkar,15-Sept-20,199950,162100
INDUS,Kotri,01-Sept-20,149130,148690
JHELUM,Kotli,21-Jul-20,-,
JHELUM,Mangla,15-Jun-20,46000,56190
JHELUM,Rasul,30-Aug-20,70452,70452
JHELUM,Khushab bridge,12-Sept-20,-,33246
CHENAB,Jammu Tavi,21-Jul-20,-,-
CHENAB,Marala,01-Sept-20,69192,58542
CHENAB,Khanki,01-Sept-20,76462,70599
CHENAB,Qadirabad,28-Aug-20,283139,264139
CHENAB,Trimmu,03-Sept-20,151599,143873
CHENAB,Punjnad,17-Jul-20,15451,-
RAVI,Jassar,21-Jul-20,-,9219
RAVI,Shahdara,21-Jul-20,-,23452
RAVI,Balloki,21-Jul-20,49240,26740
RAVI,Sidhnai,21-Jul-20,24188,14088
SUTLEJ,Bhakra,21-Jul-20,-,-
SUTLEJ,Sulemanki,21-Aug-20,19534,5922
SUTLEJ,Islam,21-Sept-20,1230,Nil
INDUS,Kalabagh,27-Aug-20,237372,229872
INDUS,Chashma,11-Jul-20,227962,219947
INDUS,Taunsa,03-Sept-20,351323,351323
INDUS,Guddu,14-Sept-20,190855,166087
INDUS,Sukkar,15-Sept-20,199950,162100
INDUS,Kotri,01-Sept-20,149130,148690
JHELUM,Kotli,22-Jul-20,-,
JHELUM,Mangla,15-Jun-20,50000,56190
JHELUM,Rasul,30-Aug-20,70452,70452
JHELUM,Khushab bridge,17-Sept-20,-,33246
CHENAB,Jammu Tavi,22-Jul-20,-,-
CHENAB,Marala,01-Sept-20,69192,58542
CHENAB,Khanki,19-Aug-20,75515,67564
CHENAB,Qadirabad,28-Aug-20,283139,264139
CHENAB,Trimmu,03-Sept-20,151599,143873
CHENAB,Punjnad,05-Sept-20,147296,133646
RAVI,Jassar,22-Jul-20,-,9964
RAVI,Shahdara,22-Jul-20,-,23452
RAVI,Balloki,22-Jul-20,49240,26740
RAVI,Sidhnai,22-Jul-20,24188,14088
SUTLEJ,Bhakra,22-Jul-20,-,-
SUTLEJ,Sulemanki,22-Aug-20,19534,5922
SUTLEJ,Islam,21-Sept-20,1230,NIL
INDUS,Kalabagh,27-Aug-20,237372,229872
INDUS,Chashma,12-Jul-20,226547,219947
INDUS,Taunsa,03-Sept-20,351323,351323
INDUS,Guddu,14-Sept-20,190855,166087
INDUS,Sukkar,15-Sept-20,194712,156862
INDUS,Kotri,23-Sept-20,146781,132416
JHELUM,Kotli,22-Jul-20,-,-
JHELUM,Mangla,06-Oct-20,10000,55594
JHELUM,Rasul,30-Aug-20,70452,70452
JHELUM,Khushab bridge,24-Sept-20,-,33246
CHENAB,Jammu Tavi,22-Jul-20,-,-
CHENAB,Marala,02-Sept-20,71792,58542
CHENAB,Khanki,20-Aug-20,74585,67564
CHENAB,Qadirabad,28-Aug-20,275464,264139
CHENAB,Trimmu,03-Sept-20,151599,143873
CHENAB,Punjnad,05-Sept-20,147296,133646
RAVI,Jassar,22-Jul-20,-,6353
RAVI,Shahdara,22-Jul-20,-,22322
RAVI,Balloki,22-Jul-20,48885,25585
RAVI,Sidhnai,22-Jul-20,24525,16525
SUTLEJ,Bhakra,22-Jul-20,-,-
SUTLEJ,Sulemanki,22-Aug-20,19534,5922
SUTLEJ,Islam,21-Sept-20,1230,NIL
INDUS,Kalabagh,27-Aug-20,237372,229872
INDUS,Chashma,16-Jul-20,226542,219942
INDUS,Taunsa,03-Sept-20,351323,351323
INDUS,Guddu,15-Sept-20,181981,158721
INDUS,Sukkar,18-Sept-20,144285,134300
INDUS,Kotri,23-Sept-20,144651,132416
JHELUM,Kotli,22-Jul-20,-,NR
JHELUM,Mangla,05-Oct-20,12000,55150
JHELUM,Rasul,03-Sept-20,68026,68026
JHELUM,Khushab bridge,24-Sept-20,-,33246
CHENAB,Jammu Tavi,22-Jul-20,-,-
CHENAB,Marala,03-Sept-20,71792,58542
CHENAB,Khanki,19-Aug-20,73121,65232
CHENAB,Qadirabad,28-Aug-20,278954,258954
CHENAB,Trimmu,30-Aug-20,154149,141749
CHENAB,Punjnad,05-Sept-20,147296,133646
RAVI,Jassar,22-Jul-20,-,5676
RAVI,Shahdara,22-Jul-20,-,22322
RAVI,Balloki,22-Jul-20,45470,20970
RAVI,Sidhnai,22-Jul-20,25725,16525
SUTLEJ,Bhakra,22-Jul-20,-,-
SUTLEJ,Sulemanki,22-Aug-20,19735,5922
SUTLEJ,Islam,22-Sept-20,1230,NIL
INDUS,Kalabagh,18-Aug-20,237249,229049
INDUS,Chashma,13-Jul-20,226535,219935
INDUS,Taunsa,03-Sept-20,346566,346566
INDUS,Guddu,15-Sept-20,181981,158721
INDUS,Sukkar,18-Sept-20,144285,134300
INDUS,Kotri,24-Sept-20,127506,115271
JHELUM,Kotli,22-Jul-20,-,
JHELUM,Mangla,04-Oct-20,12000,54669
JHELUM,Rasul,03-Sept-20,68026,68026
JHELUM,Khushab bridge,20-Jun-20,-,31020
CHENAB,Jammu Tavi,22-Jul-20,-,-
CHENAB,Marala,03-Sept-20,71842,58542
CHENAB,Khanki,25-Aug-20,72452,65170
CHENAB,Qadirabad,28-Aug-20,279954,258954
CHENAB,Trimmu,30-Aug-20,154149,141749
CHENAB,Punjnad,05-Sept-20,147296,133646
RAVI,Jassar,22-Jul-20,-,5337
RAVI,Shahdara,22-Jul-20,-,22322
RAVI,Balloki,22-Jul-20,46070,20970
RAVI,Sidhnai,22-Jul-20,24688,14088
SUTLEJ,Bhakra,22-Jul-20,-,-
SUTLEJ,Sulemanki,22-Aug-20,19684,5922
SUTLEJ,Islam,22-Sept-20,1230,Nil
INDUS,Kalabagh,18-Jul-20,235733,227733
INDUS,Chashma,13-Jul-20,226533,219933
INDUS,Taunsa,03-Sept-20,346566,346566
INDUS,Guddu,24-Aug-20,191180,157170
INDUS,Sukkar,18-Sept-20,144285,134300
INDUS,Kotri,31-Aug-20,108115,107450
JHELUM,Kotli,23-Jul-20,-,
JHELUM,Mangla,23-Sept-20,18000,51938
JHELUM,Rasul,07-Sept-20,69226,68026
JHELUM,Khushab bridge,20-Jun-20,,31020
CHENAB,Jammu Tavi,23-Jul-20,-,-
CHENAB,Marala,04-Sept-20,71842,58542
CHENAB,Khanki,31-Aug-20,70868,65005
CHENAB,Qadirabad,28-Aug-20,270104,258954
CHENAB,Trimmu,30-Aug-20,154149,141749
CHENAB,Punjnad,04-Sept-20,145296,131646
RAVI,Jassar,23-Jul-20,-,5337
RAVI,Shahdara,23-Jul-20,-,21756
RAVI,Balloki,23-Jul-20,46070,20970
RAVI,Sidhnai,23-Jul-20,24688,14088
SUTLEJ,Bhakra,23-Jul-20,-,-
SUTLEJ,Sulemanki,09-Sept-20,19227,5840
SUTLEJ,Islam,22-Sept-20,1230,NIL
INDUS,Kalabagh,07-Sept-20,230023,227023
INDUS,Chashma,14-Jul-20,228076,219812
INDUS,Taunsa,03-Sept-20,346566,346566
INDUS,Guddu,24-Aug-20,191180,157170
INDUS,Sukkar,18-Sept-20,144285,134300
INDUS,Kotri,31-Aug-20,108115,107450
JHELUM,Kotli,23-Jul-20,-,-
JHELUM,Mangla,24-Sept-20,18000,51938
JHELUM,Rasul,07-Sept-20,69074,68024
JHELUM,Khushab bridge,21-Jun-20,-,31020
CHENAB,Jammu Tavi,23-Jul-20,-,-
CHENAB,Marala,04-Sept-20,71842,58542
CHENAB,Khanki,31-Aug-20,70868,65005
CHENAB,Qadirabad,28-Aug-20,269929,258954
CHENAB,Trimmu,30-Aug-20,154149,141749
CHENAB,Punjnad,04-Sept-20,145296,131646
RAVI,Jassar,23-Jul-20,-,9591
RAVI,Shahdara,23-Jul-20,-,21756
RAVI,Balloki,23-Jul-20,44920,19820
RAVI,Sidhnai,23-Jul-20,24675,14075
SUTLEJ,Bhakra,23-Jul-20,-,-
SUTLEJ,Sulemanki,09-Sept-20,19227,5840
SUTLEJ,Islam,22-Sept-20,1230,NIL
INDUS,Kalabagh,07-Sept-20,230023,227023
INDUS,Chashma,11-Jul-20,226357,219757
INDUS,Taunsa,03-Sept-20,346566,346566
INDUS,Guddu,09-Aug-20,148673,155673
INDUS,Sukkar,19-Sept-20,144285,134300
INDUS,Kotri,01-Sept-20,108115,107450
JHELUM,Kotli,23-Jul-20,-,NR
JHELUM,Mangla,06-Sept-20,36000,50193
JHELUM,Rasul,07-Sept-20,68374,68024
JHELUM,Khushab bridge,22-Jun-20,-,31020
CHENAB,Jammu Tavi,23-Jul-20,-,-
CHENAB,Marala,04-Sept-20,70242,58542
CHENAB,Khanki,31-Aug-20,70868,65005
CHENAB,Qadirabad,29-Aug-20,269404,258954
CHENAB,Trimmu,30-Aug-20,150488,138088
CHENAB,Punjnad,04-Sept-20,145296,131646
RAVI,Jassar,23-Jul-20,-,9219
RAVI,Shahdara,23-Jul-20,-,20626
RAVI,Balloki,23-Jul-20,42560,16360
RAVI,Sidhnai,23-Jul-20,24675,14075
SUTLEJ,Bhakra,23-Jul-20,-,-
SUTLEJ,Sulemanki,10-Sept-20,19249,5840
SUTLEJ,Islam,23-Sept-20,1230,NIL
INDUS,Kalabagh,07-Sept-20,230523,227023
INDUS,Chashma,21-Jul-20,226250,219650
INDUS,Taunsa,03-Sept-20,346566,346566
INDUS,Guddu,22-Jul-20,186492,154856
INDUS,Sukkar,16-Sept-20,163320,125405
INDUS,Kotri,31-Aug-20,96245,95980
JHELUM,Kotli,23-Jul-20,-,NR
JHELUM,Mangla,06-Sept-20,36000,50193
JHELUM,Rasul,07-Sept-20,68374,68024
JHELUM,Khushab bridge,22-Jun-20,-,31020
CHENAB,Jammu Tavi,23-Jul-20,_,_
CHENAB,Marala,08-Aug-20,87687,56364
CHENAB,Khanki,31-Aug-20,70868,65005
CHENAB,Qadirabad,29-Aug-20,269754,258954
CHENAB,Trimmu,30-Aug-20,150488,138088
CHENAB,Punjnad,04-Sept-20,145296,131646
RAVI,Jassar,23-Jul-20,_,4999
RAVI,Shahdara,23-Jul-20,_,18930
RAVI,Balloki,23-Jul-20,39815,11115
RAVI,Sidhnai,23-Jul-20,26175,14075
SUTLEJ,Bhakra,23-Jul-20,_,_
SUTLEJ,Sulemanki,10-Sept-20,19249,5840
SUTLEJ,Islam,23-Sept-20,1230,NIL
INDUS,Kalabagh,07-Sept-20,230523,227023
INDUS,Chashma,23-Aug-20,225864,219446
INDUS,Taunsa,03-Sept-20,346566,346566
INDUS,Guddu,22-Jul-20,186692,154856
INDUS,Sukkar,16-Sept-20,163320,125405
INDUS,Kotri,24-Sept-20,102835,89950
JHELUM,Kotli,24-Jul-20,-,
JHELUM,Mangla,06-Sept-20,38000,50193
JHELUM,Rasul,08-Sept-20,68374,68024
JHELUM,Khushab bridge,22-Jun-20,_,31020
CHENAB,Jammu Tavi,24-Jul-20,-,-
CHENAB,Marala,09-Aug-20,87687,56364
CHENAB,Khanki,31-Aug-20,70868,65005
CHENAB,Qadirabad,29-Aug-20,269579,258954
CHENAB,Trimmu,30-Aug-20,150488,138088
CHENAB,Punjnad,04-Sept-20,145296,131646
RAVI,Jassar,24-Jul-20,-,9219
RAVI,Shahdara,24-Jul-20,-,19496
RAVI,Balloki,24-Jul-20,42250,14050
RAVI,Sidhnai,24-Jul-20,25775,14075
SUTLEJ,Bhakra,24-Jul-20,-,-
SUTLEJ,Sulemanki,21-Jul-20,14579,5660
SUTLEJ,Islam,23-Sept-20,1230,NIL
INDUS,Kalabagh,12-Jul-20,234470,226770
INDUS,Chashma,22-Jul-20,221024,219424
INDUS,Taunsa,03-Sept-20,346566,346566
INDUS,Guddu,22-Jul-20,186692,154856
INDUS,Sukkar,17-Sept-20,145945,124495
INDUS,Kotri,24-Sept-20,102835,89950
JHELUM,Kotli,24-Jul-20,-,-
JHELUM,Mangla,06-Sept-20,43000,50193
JHELUM,Rasul,31-Aug-20,67366,67366
JHELUM,Khushab bridge,23-Jun-20,-,31020
CHENAB,Jammu Tavi,24-Jul-20,-,-
CHENAB,Marala,10-Aug-20,87687,56364
CHENAB,Khanki,31-Aug-20,70868,65005
CHENAB,Qadirabad,28-Aug-20,258053,236053
CHENAB,Trimmu,30-Aug-20,150488,138088
CHENAB,Punjnad,04-Sept-20,145296,131646
RAVI,Jassar,24-Jul-20,-,9219
RAVI,Shahdara,24-Jul-20,-,19496
RAVI,Balloki,24-Jul-20,42250,14050
RAVI,Sidhnai,24-Jul-20,25775,14075
SUTLEJ,Bhakra,24-Jul-20,-,-
SUTLEJ,Sulemanki,21-Jul-20,14579,5660
SUTLEJ,Islam,23-Sept-20,1230,NIL
INDUS,Kalabagh,13-Jul-20,234470,226770
INDUS,Chashma,15-Jul-20,229349,219421
INDUS,Taunsa,03-Sept-20,346566,346566
INDUS,Guddu,23-Jul-20,185941,154856
INDUS,Sukkar,17-Sept-20,145945,124495
INDUS,Kotri,24-Sept-20,102835,89950
JHELUM,Kotli,24-Jul-20,-,NR
JHELUM,Mangla,29-Aug-20,52000,49221
JHELUM,Rasul,31-Aug-20,67366,67366
JHELUM,Khushab bridge,23-Sept-20,-,31020
CHENAB,Jammu Tavi,24-Jul-20,-,-
CHENAB,Marala,10-Aug-20,87687,56364
CHENAB,Khanki,31-Aug-20,70868,65005
CHENAB,Qadirabad,29-Aug-20,246282,236053
CHENAB,Trimmu,30-Aug-20,150488,138088
CHENAB,Punjnad,03-Sept-20,143806,130156
RAVI,Jassar,24-Jul-20,-,4829
RAVI,Shahdara,24-Jul-20,-,18930
RAVI,Balloki,24-Jul-20,41595,12895
RAVI,Sidhnai,24-Jul-20,25775,14075
SUTLEJ,Bhakra,24-Jul-20,-,-
SUTLEJ,Sulemanki,28-Aug-20,19044,5607
SUTLEJ,Islam,24-Sept-20,1230,NIL
INDUS,Kalabagh,07-Sept-20,228872,225984
INDUS,Chashma,22-Aug-20,224808,218808
INDUS,Taunsa,04-Sept-20,346566,346566
INDUS,Guddu,23-Jul-20,185530,153515
INDUS,Sukkar,17-Sept-20,145945,124495
INDUS,Kotri,31-Aug-20,86656,85900
JHELUM,Kotli,24-Jul-20,-,NR
JHELUM,Mangla,29-Aug-20,52000,49221
JHELUM,Rasul,31-Aug-20,67366,67366
JHELUM,Khushab bridge,25-Sept-20,-,31020
CHENAB,Jammu Tavi,24-Jul-20,_,_
CHENAB,Marala,10-Aug-20,87687,56364
CHENAB,Khanki,31-Aug-20,70868,65005
CHENAB,Qadirabad,28-Aug-20,237421,215596
CHENAB,Trimmu,30-Aug-20,150488,138088
CHENAB,Punjnad,04-Sept-20,143806,130156
RAVI,Jassar,24-Jul-20,_,4999
RAVI,Shahdara,24-Jul-20,_,18930
RAVI,Balloki,24-Jul-20,39815,11115
RAVI,Sidhnai,24-Jul-20,26175,14075
SUTLEJ,Bhakra,24-Jul-20,_,_
SUTLEJ,Sulemanki,28-Aug-20,19044,5607
SUTLEJ,Islam,25-Sept-20,1230,Nil
INDUS,Kalabagh,20-Jul-20,232981,224981
INDUS,Chashma,15-Jul-20,226599,217799
INDUS,Taunsa,04-Sept-20,346566,346566
INDUS,Guddu,15-Sept-20,174643,152675
INDUS,Sukkar,17-Sept-20,145945,124495
INDUS,Kotri,30-Aug-20,75892,75527
JHELUM,Kotli,25-Jul-20,-,NR
JHELUM,Mangla,14-Oct-20,8000,47807
JHELUM,Rasul,31-Aug-20,67366,67366
JHELUM,Khushab bridge,21-Jun-20,_,30328
CHENAB,Jammu Tavi,25-Jul-20,_,_
CHENAB,Marala,13-Aug-20,87387,56364
CHENAB,Khanki,31-Aug-20,70868,65005
CHENAB,Qadirabad,29-Aug-20,225650,215596
CHENAB,Trimmu,30-Aug-20,150488,138088
CHENAB,Punjnad,04-Sept-20,143806,130156
RAVI,Jassar,25-Jul-20,_,5337
RAVI,Shahdara,25-Jul-20,_,18930
RAVI,Balloki,25-Jul-20,40315,11115
RAVI,Sidhnai,25-Jul-20,28346,16596
SUTLEJ,Bhakra,25-Jul-20,_,_
SUTLEJ,Sulemanki,28-Aug-20,19044,5607
SUTLEJ,Islam,25-Sept-20,1230,NIL
INDUS,Kalabagh,17-Jul-20,232972,224972
INDUS,Chashma,22-Jul-20,223902,217302
INDUS,Taunsa,04-Sept-20,346566,346566
INDUS,Guddu,15-Sept-20,174643,152675
INDUS,Sukkar,16-Sept-20,154605,123805
INDUS,Kotri,30-Aug-20,75892,75527
JHELUM,Kotli,25-Jul-20,-,NR
JHELUM,Mangla,24-Sept-20,17000,41305
JHELUM,Rasul,31-Aug-20,67366,67366
JHELUM,Khushab bridge,21-Jun-20,_,30328
CHENAB,Jammu Tavi,25-Jul-20,_,_
CHENAB,Marala,13-Aug-20,87387,56364
CHENAB,Khanki,31-Aug-20,70868,65005
CHENAB,Qadirabad,28-Aug-20,234813,213438
CHENAB,Trimmu,30-Aug-20,150488,138088
CHENAB,Punjnad,03-Sept-20,140935,127435
RAVI,Jassar,25-Jul-20,_,5507
RAVI,Shahdara,25-Jul-20,_,18930
RAVI,Balloki,25-Jul-20,40315,11115
RAVI,Sidhnai,25-Jul-20,28346,16596
SUTLEJ,Bhakra,25-Jul-20,_,_
SUTLEJ,Sulemanki,29-Aug-20,19044,5607
SUTLEJ,Islam,25-Sept-20,1230,NIL
INDUS,Kalabagh,04-Jul-20,232117,224717
INDUS,Chashma,29-Jun-20,222188,216688
INDUS,Taunsa,04-Sept-20,346566,346566
INDUS,Guddu,16-Sept-20,172641,152675
INDUS,Sukkar,16-Sept-20,154605,123805
INDUS,Kotri,30-Aug-20,75892,75527
JHELUM,Kotli,25-Jul-20,NR,NR
JHELUM,Mangla,24-Jun-20,50000,40012
JHELUM,Rasul,31-Aug-20,67366,67366
JHELUM,Khushab bridge,23-Jun-20,-,30328
CHENAB,Jammu Tavi,25-Jul-20,_,_
CHENAB,Marala,16-Aug-20,87204,56364
CHENAB,Khanki,31-Aug-20,70868,65005
CHENAB,Qadirabad,28-Aug-20,235038,213438
CHENAB,Trimmu,30-Aug-20,150488,138088
CHENAB,Punjnad,03-Sept-20,141085,127435
RAVI,Jassar,25-Jul-20,_,5337
RAVI,Shahdara,25-Jul-20,_,18365
RAVI,Balloki,25-Jul-20,39115,9915
RAVI,Sidhnai,25-Jul-20,28946,16596
SUTLEJ,Bhakra,25-Jul-20,_,_
SUTLEJ,Sulemanki,29-Aug-20,18995,5607
SUTLEJ,Islam,26-Sept-20,1230,NIL
INDUS,Kalabagh,14-Jul-20,232374,224374
INDUS,Chashma,20-Jul-20,223037,216437
INDUS,Taunsa,03-Sept-20,341958,341958
INDUS,Guddu,16-Sept-20,172641,152675
INDUS,Sukkar,19-Sept-20,134040,116600
INDUS,Kotri,30-Aug-20,73695,73555
JHELUM,Kotli,25-Jul-20,NR,NR
JHELUM,Mangla,24-Jun-20,54000,40012
JHELUM,Rasul,04-Sept-20,64255,64255
JHELUM,Khushab bridge,20-Jun-20,_,29636
CHENAB,Jammu Tavi,25-Jul-20,_,_
CHENAB,Marala,16-Aug-20,87287,56364
CHENAB,Khanki,02-Sept-20,70868,65005
CHENAB,Qadirabad,29-Aug-20,218408,208529
CHENAB,Trimmu,30-Aug-20,150488,138088
CHENAB,Punjnad,03-Sept-20,137364,123864
RAVI,Jassar,25-Jul-20,_,6852
RAVI,Shahdara,25-Jul-20,_,18365
RAVI,Balloki,25-Jul-20,39125,9925
RAVI,Sidhnai,25-Jul-20,27130,16880
SUTLEJ,Bhakra,25-Jul-20,_,_
SUTLEJ,Sulemanki,29-Aug-20,18995,5607
SUTLEJ,Islam,26-Sept-20,1230,NIL
INDUS,Kalabagh,16-Jul-20,232015,224015
INDUS,Chashma,22-Aug-20,222053,216053
INDUS,Taunsa,03-Sept-20,341958,341958
INDUS,Guddu,07-Jul-20,186040,151085
INDUS,Sukkar,19-Sept-20,128220,109940
INDUS,Kotri,30-Aug-20,73695,73555
JHELUM,Kotli,26-Jul-20,-,NR
JHELUM,Mangla,11-Oct-20,9000,39374
JHELUM,Rasul,04-Sept-20,64255,64255
JHELUM,Khushab bridge,23-Jun-20,_,29636
CHENAB,Jammu Tavi,26-Jul-20,_,_
CHENAB,Marala,16-Aug-20,87287,56364
CHENAB,Khanki,02-Sept-20,70868,65005
CHENAB,Qadirabad,29-Aug-20,215090,205561
CHENAB,Trimmu,30-Aug-20,150488,138088
CHENAB,Punjnad,05-Sept-20,134764,120964
RAVI,Jassar,26-Jul-20,_,7600
RAVI,Shahdara,26-Jul-20,_,18930
RAVI,Balloki,26-Jul-20,37395,8145
RAVI,Sidhnai,26-Jul-20,29206,21056
SUTLEJ,Bhakra,26-Jul-20,_,_
SUTLEJ,Sulemanki,29-Aug-20,18995,5607
SUTLEJ,Islam,26-Sept-20,1230,Nil
INDUS,Kalabagh,21-Aug-20,230689,223189
INDUS,Chashma,16-Jul-20,226460,215860
INDUS,Taunsa,03-Sept-20,341958,341958
INDUS,Guddu,07-Jul-20,186040,151085
INDUS,Sukkar,08-Aug-20,138600,109700
INDUS,Kotri,30-Aug-20,69135,68770
JHELUM,Kotli,26-Jul-20,-,-
JHELUM,Mangla,11-Oct-20,9000,39374
JHELUM,Rasul,04-Sept-20,64255,64255
JHELUM,Khushab bridge,24-Jun-20,_,29636
CHENAB,Jammu Tavi,26-Jul-20,-,-
CHENAB,Marala,17-Aug-20,87204,56364
CHENAB,Khanki,02-Sept-20,70890,65005
CHENAB,Qadirabad,28-Aug-20,207490,186340
CHENAB,Trimmu,30-Aug-20,150488,138088
CHENAB,Punjnad,05-Sept-20,129658,116358
RAVI,Jassar,26-Jul-20,-,13810
RAVI,Shahdara,26-Jul-20,-,18930
RAVI,Balloki,26-Jul-20,35595,8145
RAVI,Sidhnai,26-Jul-20,29317,19167
SUTLEJ,Bhakra,26-Jul-20,-,-
SUTLEJ,Sulemanki,29-Aug-20,18995,5607
SUTLEJ,Islam,26-Sept-20,1230,Nil
INDUS,Kalabagh,15-Jul-20,231060,223060
INDUS,Chashma,05-Jul-20,222418,215818
INDUS,Taunsa,03-Sept-20,341958,341958
INDUS,Guddu,07-Jul-20,186040,151085
INDUS,Sukkar,09-Aug-20,138600,109700
INDUS,Kotri,30-Aug-20,69135,68770
JHELUM,Kotli,26-Jul-20,-,-
JHELUM,Mangla,04-Oct-20,12000,39359
JHELUM,Rasul,05-Sept-20,64255,64255
JHELUM,Khushab bridge,24-Jun-20,-,29636
CHENAB,Jammu Tavi,26-Jul-20,-,-
CHENAB,Marala,17-Aug-20,87286,56364
CHENAB,Khanki,18-Aug-20,70705,62730
CHENAB,Qadirabad,28-Aug-20,207261,186336
CHENAB,Trimmu,04-Sept-20,143786,136786
CHENAB,Punjnad,05-Sept-20,129658,116358
RAVI,Jassar,26-Jul-20,-,12199
RAVI,Shahdara,26-Jul-20,-,20061
RAVI,Balloki,26-Jul-20,35620,5870
RAVI,Sidhnai,26-Jul-20,23338,12888
SUTLEJ,Bhakra,26-Jul-20,-,-
SUTLEJ,Sulemanki,29-Aug-20,19095,5607
SUTLEJ,Islam,27-Sept-20,1230,Nil
INDUS,Kalabagh,06-Jul-20,228919,222519
INDUS,Chashma,01-Jul-20,221788,215788
INDUS,Taunsa,03-Sept-20,341958,341958
INDUS,Guddu,07-Jul-20,186040,151085
INDUS,Sukkar,09-Aug-20,138600,109700
INDUS,Kotri,29-Aug-20,66132,65617
JHELUM,Kotli,26-Jul-20,-,-
JHELUM,Mangla,04-Oct-20,12000,39359
JHELUM,Rasul,05-Sept-20,64255,64255
JHELUM,Khushab bridge,24-Jun-20,-,29636
CHENAB,Jammu Tavi,26-Jul-20,-,-
CHENAB,Marala,19-Aug-20,83164,56364
CHENAB,Khanki,19-Aug-20,70705,62730
CHENAB,Qadirabad,28-Aug-20,201767,181292
CHENAB,Trimmu,04-Sept-20,143786,136786
CHENAB,Punjnad,06-Sept-20,129658,116358
RAVI,Jassar,26-Jul-20,-,21600
RAVI,Shahdara,26-Jul-20,-,20061
RAVI,Balloki,26-Jul-20,35620,5870
RAVI,Sidhnai,26-Jul-20,23338,12888
SUTLEJ,Bhakra,26-Jul-20,-,-
SUTLEJ,Sulemanki,29-Aug-20,19095,5607
SUTLEJ,Islam,27-Sept-20,1230,Nil
INDUS,Kalabagh,13-Jul-20,230164,222464
INDUS,Chashma,06-Jul-20,221987,215387
INDUS,Taunsa,03-Sept-20,341958,341958
INDUS,Guddu,08-Jul-20,186040,151085
INDUS,Sukkar,09-Aug-20,138600,109700
INDUS,Kotri,29-Aug-20,66132,65617
JHELUM,Kotli,27-Jul-20,-,-
JHELUM,Mangla,05-Oct-20,12000,39359
JHELUM,Rasul,07-Sept-20,61688,60488
JHELUM,Khushab bridge,12-Sept-20,-,29636
CHENAB,Jammu Tavi,27-Jul-20,-,-
CHENAB,Marala,20-Aug-20,81564,56364
CHENAB,Khanki,21-Aug-20,69623,62730
CHENAB,Qadirabad,28-Aug-20,201542,181292
CHENAB,Trimmu,04-Sept-20,143786,136786
CHENAB,Punjnad,06-Sept-20,129658,116358
RAVI,Jassar,27-Jul-20,-,24320
RAVI,Shahdara,27-Jul-20,-,25407
RAVI,Balloki,27-Jul-20,37895,8145
RAVI,Sidhnai,27-Jul-20,23388,12888
SUTLEJ,Bhakra,27-Jul-20,-,-
SUTLEJ,Sulemanki,29-Aug-20,19095,5607
SUTLEJ,Islam,27-Sept-20,1230,Nil
INDUS,Kalabagh,01-Sept-20,229006,222406
INDUS,Chashma,01-Jul-20,221987,215283
INDUS,Taunsa,02-Sept-20,351323,341323
INDUS,Guddu,09-Aug-20,146943,150943
INDUS,Sukkar,09-Aug-20,138600,109700
INDUS,Kotri,29-Aug-20,66132,65617
JHELUM,Kotli,27-Jul-20,-,-
JHELUM,Mangla,05-Oct-20,12000,39359
JHELUM,Rasul,07-Sept-20,61538,60488
JHELUM,Khushab bridge,25-Jun-20,-,29631
CHENAB,Jammu Tavi,27-Jul-20,-,-
CHENAB,Marala,21-Aug-20,81564,56364
CHENAB,Khanki,18-Aug-20,69421,61446
CHENAB,Qadirabad,28-Aug-20,201992,181292
CHENAB,Trimmu,04-Sept-20,142786,136786
CHENAB,Punjnad,03-Sept-20,129302,115802
RAVI,Jassar,27-Jul-20,-,20900
RAVI,Shahdara,27-Jul-20,-,26711
RAVI,Balloki,27-Jul-20,39050,9300
RAVI,Sidhnai,27-Jul-20,23388,12888
SUTLEJ,Bhakra,27-Jul-20,-,-
SUTLEJ,Sulemanki,30-Aug-20,19095,5607
SUTLEJ,Islam,27-Sept-20,1230,Nil
INDUS,Kalabagh,21-Aug-20,229734,222234
INDUS,Chashma,02-Jul-20,223424,215201
INDUS,Taunsa,31-Aug-20,350819,339619
INDUS,Guddu,22-Jul-20,185557,150637
INDUS,Sukkar,10-Aug-20,146800,108000
INDUS,Kotri,26-Sept-20,65933,63683
JHELUM,Kotli,27-Jul-20,-,NR
JHELUM,Mangla,12-Oct-20,9000,39337
JHELUM,Rasul,27-Aug-20,63458,60458
JHELUM,Khushab bridge,25-Jun-20,,28944
CHENAB,Jammu Tavi,27-Jul-20,-,-
CHENAB,Marala,21-Aug-20,80464,56364
CHENAB,Khanki,18-Aug-20,68071,60096
CHENAB,Qadirabad,29-Aug-20,184499,175670
CHENAB,Trimmu,04-Sept-20,139053,133053
CHENAB,Punjnad,03-Sept-20,126219,112719
RAVI,Jassar,27-Jul-20,-,8846
RAVI,Shahdara,27-Jul-20,-,26711
RAVI,Balloki,27-Jul-20,40455,10455
RAVI,Sidhnai,27-Jul-20,20917,8817
SUTLEJ,Bhakra,27-Jul-20,-,-
SUTLEJ,Sulemanki,30-Aug-20,19155,5607
SUTLEJ,Islam,28-Sept-20,1230,Nil
INDUS,Kalabagh,06-Jul-20,228197,221797
INDUS,Chashma,03-Jul-20,220705,215119
INDUS,Taunsa,31-Aug-20,350819,339619
INDUS,Guddu,18-Jul-20,182200,149886
INDUS,Sukkar,10-Aug-20,146800,108000
INDUS,Kotri,25-Sept-20,76129,61944
JHELUM,Kotli,27-Jul-20,-,
JHELUM,Mangla,12-Oct-20,9000,39337
JHELUM,Rasul,27-Aug-20,63458,60458
JHELUM,Khushab bridge,25-Jun-20,-,28944
CHENAB,Jammu Tavi,27-Jul-20,-,-
CHENAB,Marala,13-Aug-20,87387,56354
CHENAB,Khanki,20-Aug-20,67522,60096
CHENAB,Qadirabad,29-Aug-20,184849,175670
CHENAB,Trimmu,30-Aug-20,139073,126673
CHENAB,Punjnad,06-Sept-20,118277,112277
RAVI,Jassar,27-Jul-20,-,8347
RAVI,Shahdara,27-Jul-20,-,26711
RAVI,Balloki,27-Jul-20,40455,10455
RAVI,Sidhnai,27-Jul-20,21191,9091
SUTLEJ,Bhakra,27-Jul-20,-,-
SUTLEJ,Sulemanki,30-Aug-20,19155,5607
SUTLEJ,Islam,29-Sept-20,1230,Nil
INDUS,Kalabagh,16-Jul-20,229626,221626
INDUS,Chashma,01-Jul-20,221141,215091
INDUS,Taunsa,08-Sept-20,335607,335607
INDUS,Guddu,08-Jul-20,185346,149636
INDUS,Sukkar,25-Aug-20,124025,105445
INDUS,Kotri,25-Sept-20,76129,61944
JHELUM,Kotli,28-Jul-20,-,
JHELUM,Mangla,05-Oct-20,12000,39322
JHELUM,Rasul,27-Aug-20,63458,60458
JHELUM,Khushab bridge,23-Sept-20,-,28944
CHENAB,Jammu Tavi,28-Jul-20,-,-
CHENAB,Marala,31-Aug-20,60752,55052
CHENAB,Khanki,21-Aug-20,67012,60096
CHENAB,Qadirabad,29-Aug-20,184149,175670
CHENAB,Trimmu,30-Aug-20,139073,126673
CHENAB,Punjnad,02-Sept-20,116205,102705
RAVI,Jassar,28-Jul-20,-,8597
RAVI,Shahdara,28-Jul-20,-,25407
RAVI,Balloki,28-Jul-20,41660,11610
RAVI,Sidhnai,28-Jul-20,19333,7233
SUTLEJ,Bhakra,28-Jul-20,-,-
SUTLEJ,Sulemanki,30-Aug-20,19155,5607
SUTLEJ,Islam,29-Sept-20,1230,NIL
INDUS,Kalabagh,07-Jul-20,228020,221620
INDUS,Chashma,05-Jul-20,221659,215059
INDUS,Taunsa,08-Sept-20,335607,335607
INDUS,Guddu,08-Jul-20,185346,149636
INDUS,Sukkar,25-Aug-20,124025,105445
INDUS,Kotri,25-Sept-20,71709,60824
JHELUM,Kotli,28-Jul-20,-,-
JHELUM,Mangla,06-Oct-20,10000,39322
JHELUM,Rasul,27-Aug-20,63457,60458
JHELUM,Khushab bridge,25-Sept-20,-,28944
CHENAB,Jammu Tavi,28-Jul-20,-,-
CHENAB,Marala,31-Aug-20,60752,55052
CHENAB,Khanki,22-Aug-20,66989,60096
CHENAB,Qadirabad,29-Aug-20,183989,175670
CHENAB,Trimmu,30-Aug-20,139073,126673
CHENAB,Punjnad,02-Sept-20,116205,102705
RAVI,Jassar,28-Jul-20,-,7101
RAVI,Shahdara,28-Jul-20,-,26059
RAVI,Balloki,28-Jul-20,41660,11610
RAVI,Sidhnai,28-Jul-20,19333,7233
SUTLEJ,Bhakra,28-Jul-20,-,-
SUTLEJ,Sulemanki,30-Aug-20,19155,5607
SUTLEJ,Islam,29-Sept-20,1230,NIL
INDUS,Kalabagh,07-Jul-20,228020,221620
INDUS,Chashma,02-Jul-20,221657,215057
INDUS,Taunsa,08-Sept-20,335607,335607
INDUS,Guddu,08-Jul-20,185346,149636
INDUS,Sukkar,19-Sept-20,122490,103010
INDUS,Kotri,25-Sept-20,71709,60824
JHELUM,Kotli,28-Jul-20,-,-
JHELUM,Mangla,06-Oct-20,10000,39322
JHELUM,Rasul,02-Sept-20,60458,60458
JHELUM,Khushab bridge,26-Sept-20,-,28944
CHENAB,Jammu Tavi,28-Jul-20,-,-
CHENAB,Marala,23-Aug-20,78436,54336
CHENAB,Khanki,02-Sept-20,64023,58138
CHENAB,Qadirabad,29-Aug-20,177925,169766
CHENAB,Trimmu,04-Sept-20,127649,121649
CHENAB,Punjnad,02-Sept-20,116205,102705
RAVI,Jassar,28-Jul-20,-,8347
RAVI,Shahdara,28-Jul-20,-,25407
RAVI,Balloki,28-Jul-20,42815,12765
RAVI,Sidhnai,28-Jul-20,16019,3319
SUTLEJ,Bhakra,28-Jul-20,-,-
SUTLEJ,Sulemanki,30-Aug-20,19155,5607
SUTLEJ,Islam,30-Sept-20,1230,NIL
INDUS,Kalabagh,31-Aug-20,228667,221067
INDUS,Chashma,02-Jul-20,221630,215030
INDUS,Taunsa,08-Sept-20,335607,335607
INDUS,Guddu,18-Jul-20,181869,148253
INDUS,Sukkar,10-Aug-20,141480,98880
INDUS,Kotri,29-Aug-20,60420,60520
JHELUM,Kotli,28-Jul-20,-,-
JHELUM,Mangla,06-Oct-20,10000,39322
JHELUM,Rasul,02-Sept-20,60458,60458
JHELUM,Khushab bridge,25-Jun-20,_,28252
CHENAB,Jammu Tavi,28-Jul-20,-,-
CHENAB,Marala,23-Aug-20,78436,54336
CHENAB,Khanki,02-Sept-20,64023,58138
CHENAB,Qadirabad,27-Aug-20,185001,165201
CHENAB,Trimmu,04-Sept-20,127649,121649
CHENAB,Punjnad,03-Sept-20,116205,102705
RAVI,Jassar,28-Jul-20,-,7849
RAVI,Shahdara,28-Jul-20,-,25407
RAVI,Balloki,28-Jul-20,42815,12765
RAVI,Sidhnai,28-Jul-20,16019,3319
SUTLEJ,Bhakra,28-Jul-20,-,-
SUTLEJ,Sulemanki,30-Aug-20,19155,5607
SUTLEJ,Islam,30-Sept-20,1230,NIL
INDUS,Kalabagh,03-Jul-20,227343,219943
INDUS,Chashma,30-Jun-20,221027,215027
INDUS,Taunsa,08-Sept-20,335607,335607
INDUS,Guddu,09-Jul-20,183682,147318
INDUS,Sukkar,10-Aug-20,141480,98880
INDUS,Kotri,29-Aug-20,60420,60520
JHELUM,Kotli,29-Jul-20,-,-
JHELUM,Mangla,07-Oct-20,10000,39322
JHELUM,Rasul,02-Sept-20,60458,60458
JHELUM,Khushab bridge,24-Sept-20,-,28252
CHENAB,Jammu Tavi,29-Jul-20,-,-
CHENAB,Marala,23-Aug-20,78436,54336
CHENAB,Khanki,02-Sept-20,64023,58138
CHENAB,Qadirabad,28-Aug-20,185226,165201
CHENAB,Trimmu,04-Sept-20,127649,121649
CHENAB,Punjnad,03-Sept-20,116205,102705
RAVI,Jassar,29-Jul-20,-,8098
RAVI,Shahdara,29-Jul-20,-,23452
RAVI,Balloki,29-Jul-20,42815,12765
RAVI,Sidhnai,29-Jul-20,14733,1983
SUTLEJ,Bhakra,29-Jul-20,-,-
SUTLEJ,Sulemanki,30-Aug-20,19155,5607
SUTLEJ,Islam,30-Sept-20,1230,NIL
INDUS,Kalabagh,02-Jul-20,227098,219698
INDUS,Chashma,30-Jun-20,221407,215011
INDUS,Taunsa,08-Sept-20,335607,335607
INDUS,Guddu,17-Jul-20,181347,147277
INDUS,Sukkar,11-Aug-20,141480,98880
INDUS,Kotri,29-Aug-20,60420,60520
JHELUM,Kotli,29-Jul-20,-,-
JHELUM,Mangla,13-Oct-20,10000,39301
JHELUM,Rasul,02-Sept-20,60458,60458
JHELUM,Khushab bridge,25-Sept-20,-,28252
CHENAB,Jammu Tavi,29-Jul-20,-,-
CHENAB,Marala,24-Aug-20,78436,54336
CHENAB,Khanki,03-Sept-20,64067,58138
CHENAB,Qadirabad,27-Aug-20,178687,159112
CHENAB,Trimmu,04-Sept-20,127649,121649
CHENAB,Punjnad,06-Sept-20,115613,102313
RAVI,Jassar,29-Jul-20,-,8597
RAVI,Shahdara,29-Jul-20,-,23452
RAVI,Balloki,29-Jul-20,42815,12765
RAVI,Sidhnai,29-Jul-20,14733,1983
SUTLEJ,Bhakra,29-Jul-20,-,-
SUTLEJ,Sulemanki,31-Aug-20,19155,5607
SUTLEJ,Islam,01-Oct-20,1230,NIL
INDUS,Kalabagh,11-Jul-20,227308,219608
INDUS,Chashma,05-Jul-20,221604,215004
INDUS,Taunsa,31-Aug-20,321920,310720
INDUS,Guddu,17-Jul-20,181347,147277
INDUS,Sukkar,08-Aug-20,119540,93330
INDUS,Kotri,29-Aug-20,60420,60520
JHELUM,Kotli,29-Jul-20,-,NR
JHELUM,Mangla,13-Oct-20,10000,39301
JHELUM,Rasul,02-Sept-20,60458,60458
JHELUM,Khushab bridge,26-Jun-20,_,27560
CHENAB,Jammu Tavi,29-Jul-20,-,-
CHENAB,Marala,02-Sept-20,63138,52488
CHENAB,Khanki,03-Sept-20,64067,58138
CHENAB,Qadirabad,27-Aug-20,164919,146919
CHENAB,Trimmu,29-Aug-20,128399,115999
CHENAB,Punjnad,06-Sept-20,115613,102313
RAVI,Jassar,29-Jul-20,-,10336
RAVI,Shahdara,29-Jul-20,-,23452
RAVI,Balloki,29-Jul-20,42815,12765
RAVI,Sidhnai,29-Jul-20,16136,3306
SUTLEJ,Bhakra,29-Jul-20,-,-
SUTLEJ,Sulemanki,31-Aug-20,19155,5607
SUTLEJ,Islam,01-Oct-20,1230,NIL
INDUS,Kalabagh,25-Jun-20,225789,217789
INDUS,Chashma,04-Jul-20,222620,215001
INDUS,Taunsa,31-Aug-20,321920,310720
INDUS,Guddu,17-Jul-20,181347,147277
INDUS,Sukkar,11-Aug-20,137360,93100
INDUS,Kotri,26-Sept-20,61962,59477
JHELUM,Kotli,29-Jul-20,-,
JHELUM,Mangla,07-Oct-20,10000,39285
JHELUM,Rasul,02-Sept-20,60458,60458
JHELUM,Khushab bridge,26-Jun-20,-,27560
CHENAB,Jammu Tavi,29-Jul-20,_,_
CHENAB,Marala,02-Sept-20,65738,52488
CHENAB,Khanki,03-Sept-20,64067,58138
CHENAB,Qadirabad,27-Aug-20,164919,146919
CHENAB,Trimmu,29-Aug-20,128399,115999
CHENAB,Punjnad,06-Sept-20,113581,100181
RAVI,Jassar,29-Jul-20,_,13397
RAVI,Shahdara,29-Jul-20,_,26059
RAVI,Balloki,29-Jul-20,43815,12765
RAVI,Sidhnai,29-Jul-20,18866,5336
SUTLEJ,Bhakra,29-Jul-20,_,_
SUTLEJ,Sulemanki,31-Aug-20,19179,5607
SUTLEJ,Islam,02-Oct-20,1230,NIL
INDUS,Kalabagh,15-Jul-20,225698,217698
INDUS,Chashma,07-Jul-20,221554,214954
INDUS,Taunsa,08-Sept-20,310582,310582
INDUS,Guddu,16-Sept-20,169802,147265
INDUS,Sukkar,11-Aug-20,137360,93100
INDUS,Kotri,26-Sept-20,61962,59477
JHELUM,Kotli,30-Jul-20,-,
JHELUM,Mangla,07-Oct-20,10000,39285
JHELUM,Rasul,03-Sept-20,60458,60458
JHELUM,Khushab bridge,23-Sept-20,-,26868
CHENAB,Jammu Tavi,30-Jul-20,-,-
CHENAB,Marala,03-Sept-20,65788,52488
CHENAB,Khanki,10-Aug-20,65275,57300
CHENAB,Qadirabad,27-Aug-20,165369,146919
CHENAB,Trimmu,29-Aug-20,128399,115999
CHENAB,Punjnad,06-Sept-20,113581,100181
RAVI,Jassar,30-Jul-20,-,12984
RAVI,Shahdara,30-Jul-20,-,24755
RAVI,Balloki,30-Jul-20,43815,12765
RAVI,Sidhnai,30-Jul-20,17878,4648
SUTLEJ,Bhakra,30-Jul-20,-,-
SUTLEJ,Sulemanki,31-Aug-20,19179,5607
SUTLEJ,Islam,02-Oct-20,1230,NIL
INDUS,Kalabagh,31-Aug-20,225133,217633
INDUS,Chashma,02-Jul-20,221520,214920
INDUS,Taunsa,30-Aug-20,291577,280377
INDUS,Guddu,16-Sept-20,169802,147265
INDUS,Sukkar,12-Aug-20,137360,93100
INDUS,Kotri,26-Sept-20,61962,59477
JHELUM,Kotli,30-Jul-20,-,-
JHELUM,Mangla,08-Oct-20,10000,39285
JHELUM,Rasul,29-Aug-20,60076,60076
JHELUM,Khushab bridge,25-Sept-20,-,26868
CHENAB,Jammu Tavi,30-Jul-20,-,-
CHENAB,Marala,03-Sept-20,65788,52488
CHENAB,Khanki,10-Aug-20,65275,57300
CHENAB,Qadirabad,27-Aug-20,166044,146919
CHENAB,Trimmu,30-Aug-20,128399,115999
CHENAB,Punjnad,06-Sept-20,113581,100181
RAVI,Jassar,30-Jul-20,-,14636
RAVI,Shahdara,30-Jul-20,-,24755
RAVI,Balloki,30-Jul-20,43815,12765
RAVI,Sidhnai,30-Jul-20,17678,4648
SUTLEJ,Bhakra,30-Jul-20,-,-
SUTLEJ,Sulemanki,31-Aug-20,19179,5607
SUTLEJ,Islam,02-Oct-20,1230,NIL
INDUS,Kalabagh,18-Jul-20,225220,217220
INDUS,Chashma,04-Jul-20,221404,214804
INDUS,Taunsa,30-Aug-20,291577,280377
INDUS,Guddu,17-Sept-20,168282,147265
INDUS,Sukkar,08-Aug-20,114321,87111
INDUS,Kotri,27-Sept-20,59713,57613
JHELUM,Kotli,30-Jul-20,-,30740
JHELUM,Mangla,15-Oct-20,8000,39265
JHELUM,Rasul,30-Aug-20,57293,57293
JHELUM,Khushab bridge,26-Sept-20,-,26864
CHENAB,Jammu Tavi,30-Jul-20,-,-
CHENAB,Marala,04-Sept-20,65788,52488
CHENAB,Khanki,11-Aug-20,65275,57300
CHENAB,Qadirabad,27-Aug-20,164919,146919
CHENAB,Trimmu,29-Aug-20,125531,113131
CHENAB,Punjnad,07-Sept-20,113581,100181
RAVI,Jassar,30-Jul-20,-,13810
RAVI,Shahdara,30-Jul-20,-,26059
RAVI,Balloki,30-Jul-20,43815,13765
RAVI,Sidhnai,30-Jul-20,18178,4648
SUTLEJ,Bhakra,30-Jul-20,-,-
SUTLEJ,Sulemanki,31-Aug-20,18926,5607
SUTLEJ,Islam,03-Oct-20,1230,NIL
INDUS,Kalabagh,18-Jul-20,225220,217220
INDUS,Chashma,06-Jul-20,221389,214789
INDUS,Taunsa,30-Aug-20,291577,280377
INDUS,Guddu,23-Jul-20,181690,147240
INDUS,Sukkar,08-Aug-20,114321,87111
INDUS,Kotri,27-Sept-20,59713,57613
JHELUM,Kotli,30-Jul-20,-,
JHELUM,Mangla,15-Oct-20,8000,39265
JHELUM,Rasul,08-Sept-20,57080,56730
JHELUM,Khushab bridge,27-Sept-20,-,26860
CHENAB,Jammu Tavi,30-Jul-20,_,_
CHENAB,Marala,04-Sept-20,64188,52488
CHENAB,Khanki,17-Aug-20,65275,57300
CHENAB,Qadirabad,27-Aug-20,164919,146919
CHENAB,Trimmu,29-Aug-20,125533,113131
CHENAB,Punjnad,07-Sept-20,113581,100181
RAVI,Jassar,30-Jul-20,_,13397
RAVI,Shahdara,30-Jul-20,_,26059
RAVI,Balloki,30-Jul-20,43815,12765
RAVI,Sidhnai,30-Jul-20,18866,5336
SUTLEJ,Bhakra,30-Jul-20,_,_
SUTLEJ,Sulemanki,28-Jun-20,17900,5529
SUTLEJ,Islam,03-Oct-20,1230,NIL
INDUS,Kalabagh,18-Jul-20,225220,217220
INDUS,Chashma,05-Jul-20,221296,214696
INDUS,Taunsa,31-Aug-20,291577,280377
INDUS,Guddu,18-Jul-20,181946,146586
INDUS,Sukkar,25-Aug-20,113060,82770
INDUS,Kotri,28-Aug-20,57302,56152
JHELUM,Kotli,31-Jul-20,-,NR
JHELUM,Mangla,08-Oct-20,10000,39248
JHELUM,Rasul,08-Sept-20,57080,56730
JHELUM,Khushab bridge,24-Jun-20,-,26176
CHENAB,Jammu Tavi,31-Jul-20,_,_
CHENAB,Marala,04-Sept-20,64188,52488
CHENAB,Khanki,18-Aug-20,65275,57300
CHENAB,Qadirabad,27-Aug-20,164919,146919
CHENAB,Trimmu,06-Sept-20,118277,112277
CHENAB,Punjnad,07-Sept-20,113881,100181
RAVI,Jassar,31-Jul-20,_,12571
RAVI,Shahdara,31-Jul-20,_,27362
RAVI,Balloki,31-Jul-20,45005,13955
RAVI,Sidhnai,31-Jul-20,18832,5302
SUTLEJ,Bhakra,31-Jul-20,_,_
SUTLEJ,Sulemanki,28-Jun-20,17900,5529
SUTLEJ,Islam,03-Oct-20,1230,Nil
INDUS,Kalabagh,08-Sept-20,220762,216932
INDUS,Chashma,30-Jun-20,219811,214515
INDUS,Taunsa,30-Aug-20,277588,266388
INDUS,Guddu,18-Jul-20,181946,146586
INDUS,Sukkar,23-Jul-20,139738,81818
INDUS,Kotri,28-Aug-20,57302,56151
JHELUM,Kotli,31-Jul-20,-,NR
JHELUM,Mangla,08-Oct-20,10000,39248
JHELUM,Rasul,08-Sept-20,57080,56730
JHELUM,Khushab bridge,26-Jun-20,-,26176
CHENAB,Jammu Tavi,31-Jul-20,_,_
CHENAB,Marala,04-Sept-20,63688,52488
CHENAB,Khanki,19-Aug-20,65103,57300
CHENAB,Qadirabad,27-Aug-20,164919,146919
CHENAB,Trimmu,06-Sept-20,118277,112277
CHENAB,Punjnad,07-Sept-20,113881,100181
RAVI,Jassar,31-Jul-20,_,18100
RAVI,Shahdara,31-Jul-20,_,27362
RAVI,Balloki,31-Jul-20,45005,13955
RAVI,Sidhnai,31-Jul-20,19159,5629
SUTLEJ,Bhakra,31-Jul-20,_,_
SUTLEJ,Sulemanki,29-Jun-20,17900,5529
SUTLEJ,Islam,03-Oct-20,1230,Nil
INDUS,Kalabagh,30-Jun-20,224034,216834
INDUS,Chashma,03-Jul-20,221106,214506
INDUS,Taunsa,30-Aug-20,277588,266388
INDUS,Guddu,17-Sept-20,168282,146222
INDUS,Sukkar,23-Jul-20,139738,81818
INDUS,Kotri,15-Aug-20,91515,55600
JHELUM,Kotli,31-Jul-20,NR,NR
JHELUM,Mangla,09-Oct-20,10000,39248
JHELUM,Rasul,29-Aug-20,53612,53612
JHELUM,Khushab bridge,12-Sept-20,-,26176
CHENAB,Jammu Tavi,31-Jul-20,_,_
CHENAB,Marala,07-Sept-20,63838,52488
CHENAB,Khanki,20-Aug-20,65103,57300
CHENAB,Qadirabad,27-Aug-20,164919,146919
CHENAB,Trimmu,06-Sept-20,118277,112277
CHENAB,Punjnad,07-Sept-20,113881,100181
RAVI,Jassar,31-Jul-20,_,13397
RAVI,Shahdara,31-Jul-20,_,30652
RAVI,Balloki,31-Jul-20,45005,13955
RAVI,Sidhnai,31-Jul-20,20540,7010
SUTLEJ,Bhakra,31-Jul-20,_,_
SUTLEJ,Sulemanki,29-Jun-20,17900,5529
SUTLEJ,Islam,04-Oct-20,1230,Nil
INDUS,Kalabagh,30-Jun-20,224034,216834
INDUS,Chashma,04-Jul-20,222167,214447
INDUS,Taunsa,09-Sept-20,259668,252768
INDUS,Guddu,08-Aug-20,147057,146057
INDUS,Sukkar,23-Jul-20,139738,81818
INDUS,Kotri,27-Sept-20,59597,53422
JHELUM,Kotli,31-Jul-20,NR,NR
JHELUM,Mangla,09-Oct-20,10000,39211
JHELUM,Rasul,29-Aug-20,53612,53612
JHELUM,Khushab bridge,22-Sept-20,-,26176
CHENAB,Jammu Tavi,31-Jul-20,_,_
CHENAB,Marala,07-Sept-20,66538,52488
CHENAB,Khanki,21-Aug-20,64193,57300
CHENAB,Qadirabad,27-Aug-20,165144,146919
CHENAB,Trimmu,06-Sept-20,118277,112277
CHENAB,Punjnad,07-Sept-20,113881,100181
RAVI,Jassar,31-Jul-20,_,12571
RAVI,Shahdara,31-Jul-20,_,31415
RAVI,Balloki,31-Jul-20,45990,15140
RAVI,Sidhnai,31-Jul-20,20940,7010
SUTLEJ,Bhakra,31-Jul-20,_,_
SUTLEJ,Sulemanki,01-Jul-20,17990,5529
SUTLEJ,Islam,04-Oct-20,1230,Nil
INDUS,Kalabagh,13-Jul-20,224324,216624
INDUS,Chashma,27-Aug-20,219447,213747
INDUS,Taunsa,09-Sept-20,260668,252768
INDUS,Guddu,08-Aug-20,147057,146057
INDUS,Sukkar,23-Jul-20,140098,81818
INDUS,Kotri,14-Aug-20,86922,51847
JHELUM,Kotli,01-Aug-20,NR,NR
JHELUM,Mangla,09-Oct-20,10000,39211
JHELUM,Rasul,09-Sept-20,53918,52948
JHELUM,Khushab bridge,23-Sept-20,-,26176
CHENAB,Jammu Tavi,01-Aug-20,_,_
CHENAB,Marala,25-Jun-20,82086,51011
CHENAB,Khanki,23-Aug-20,64344,57300
CHENAB,Qadirabad,27-Aug-20,165594,146919
CHENAB,Trimmu,06-Sept-20,118277,112277
CHENAB,Punjnad,02-Sept-20,112659,99659
RAVI,Jassar,01-Aug-20,_,14223
RAVI,Shahdara,01-Aug-20,_,32138
RAVI,Balloki,01-Aug-20,47180,16330
RAVI,Sidhnai,01-Aug-20,20940,7010
SUTLEJ,Bhakra,01-Aug-20,_,_
SUTLEJ,Sulemanki,02-Jul-20,17990,5529
SUTLEJ,Islam,04-Oct-20,1230,Nil
INDUS,Kalabagh,27-Aug-20,223675,216175
INDUS,Chashma,27-Aug-20,216718,211018
INDUS,Taunsa,30-Aug-20,257904,246704
INDUS,Guddu,08-Aug-20,147057,146052
INDUS,Sukkar,24-Jul-20,140098,81818
INDUS,Kotri,14-Aug-20,86922,51847
JHELUM,Kotli,01-Aug-20,NR,NR
JHELUM,Mangla,10-Oct-20,8500,39211
JHELUM,Rasul,04-Sept-20,52943,52943
JHELUM,Khushab bridge,24-Sept-20,-,26176
CHENAB,Jammu Tavi,01-Aug-20,_,_
CHENAB,Marala,26-Jun-20,82086,51011
CHENAB,Khanki,14-Aug-20,61903,54928
CHENAB,Qadirabad,27-Aug-20,165819,146919
CHENAB,Trimmu,06-Sept-20,118277,112277
CHENAB,Punjnad,02-Sept-20,112659,99659
RAVI,Jassar,01-Aug-20,_,11826
RAVI,Shahdara,01-Aug-20,_,32138
RAVI,Balloki,01-Aug-20,48365,17515
RAVI,Sidhnai,01-Aug-20,20940,7010
SUTLEJ,Bhakra,01-Aug-20,_,_
SUTLEJ,Sulemanki,02-Jul-20,17990,5529
SUTLEJ,Islam,04-Oct-20,1230,Nil
INDUS,Kalabagh,18-Aug-20,224339,216139
INDUS,Chashma,20-Jul-20,217505,210905
INDUS,Taunsa,30-Aug-20,257904,246704
INDUS,Guddu,10-Aug-20,148004,145994
INDUS,Sukkar,24-Jul-20,140098,81818
INDUS,Kotri,15-Aug-20,90675,51600
JHELUM,Kotli,01-Aug-20,NR,NR
JHELUM,Mangla,10-Oct-20,8000,39174
JHELUM,Rasul,31-Aug-20,53499,52934
JHELUM,Khushab bridge,26-Jun-20,,24100
CHENAB,Jammu Tavi,01-Aug-20,_,_
CHENAB,Marala,10-Aug-20,82334,51011
CHENAB,Khanki,03-Sept-20,60391,54462
CHENAB,Qadirabad,27-Aug-20,166269,146919
CHENAB,Trimmu,07-Sept-20,118277,112277
CHENAB,Punjnad,07-Sept-20,112249,98549
RAVI,Jassar,01-Aug-20,_,12571
RAVI,Shahdara,01-Aug-20,_,29317
RAVI,Balloki,01-Aug-20,49555,18705
RAVI,Sidhnai,01-Aug-20,21937,8007
SUTLEJ,Bhakra,01-Aug-20,_,_
SUTLEJ,Sulemanki,11-Jul-20,18041,5529
SUTLEJ,Islam,05-Oct-20,1230,Nil
INDUS,Kalabagh,01-Jul-20,222967,215767
INDUS,Chashma,07-Jul-20,218143,210128
INDUS,Taunsa,23-Aug-20,258970,235570
INDUS,Guddu,08-Aug-20,146933,145033
INDUS,Sukkar,24-Jul-20,140098,81818
INDUS,Kotri,15-Aug-20,87575,51100
JHELUM,Kotli,01-Aug-20,NR,NR
JHELUM,Mangla,10-Oct-20,8000,39174
JHELUM,Rasul,01-Sept-20,52934,52934
JHELUM,Khushab bridge,17-Sept-20,-,24100
CHENAB,Jammu Tavi,01-Aug-20,_,_
CHENAB,Marala,11-Aug-20,82334,51011
CHENAB,Khanki,03-Sept-20,60391,54462
CHENAB,Qadirabad,27-Aug-20,150152,132152
CHENAB,Trimmu,07-Sept-20,118277,112277
CHENAB,Punjnad,07-Sept-20,112249,98549
RAVI,Jassar,01-Aug-20,_,11081
RAVI,Shahdara,01-Aug-20,_,29317
RAVI,Balloki,01-Aug-20,50150,19300
RAVI,Sidhnai,01-Aug-20,20476,6546
SUTLEJ,Bhakra,01-Aug-20,_,_
SUTLEJ,Sulemanki,11-Jul-20,18041,5529
SUTLEJ,Islam,05-Oct-20,530,NIL
INDUS,Kalabagh,19-Aug-20,223184,215184
INDUS,Chashma,08-Jul-20,218121,210106
INDUS,Taunsa,23-Aug-20,252925,229525
INDUS,Guddu,09-Aug-20,146933,145033
INDUS,Sukkar,24-Jul-20,140098,81818
INDUS,Kotri,15-Aug-20,87575,51100
JHELUM,Kotli,02-Aug-20,NR,NR
JHELUM,Mangla,23-Sept-20,18000,38904
JHELUM,Rasul,02-Sept-20,52934,52934
JHELUM,Khushab bridge,26-Sept-20,-,24100
CHENAB,Jammu Tavi,02-Aug-20,_,_
CHENAB,Marala,14-Aug-20,81934,51011
CHENAB,Khanki,04-Sept-20,60391,54462
CHENAB,Qadirabad,29-Aug-20,139047,130298
CHENAB,Trimmu,07-Sept-20,118277,112277
CHENAB,Punjnad,08-Sept-20,112249,98549
RAVI,Jassar,02-Aug-20,_,11826
RAVI,Shahdara,02-Aug-20,_,26711
RAVI,Balloki,02-Aug-20,52455,21605
RAVI,Sidhnai,02-Aug-20,20476,6546
SUTLEJ,Bhakra,02-Aug-20,_,_
SUTLEJ,Sulemanki,17-Aug-20,19497,5462
SUTLEJ,Islam,05-Oct-20,530,NIL
INDUS,Kalabagh,08-Sept-20,219658,215077
INDUS,Chashma,10-Jul-20,216670,210070
INDUS,Taunsa,22-Aug-20,250251,227851
INDUS,Guddu,09-Aug-20,146933,145033
INDUS,Sukkar,08-Jul-20,136685,81555
INDUS,Kotri,16-Aug-20,87575,51100
JHELUM,Kotli,02-Aug-20,-,-
JHELUM,Mangla,01-Oct-20,13000,38870
JHELUM,Rasul,02-Sept-20,52934,52934
JHELUM,Khushab bridge,27-Sept-20,-,24100
CHENAB,Jammu Tavi,02-Aug-20,_,_
CHENAB,Marala,15-Aug-20,77934,51011
CHENAB,Khanki,04-Sept-20,60391,54462
CHENAB,Qadirabad,29-Aug-20,140022,130298
CHENAB,Trimmu,07-Sept-20,118537,112277
CHENAB,Punjnad,08-Sept-20,112249,98549
RAVI,Jassar,02-Aug-20,_,12194
RAVI,Shahdara,02-Aug-20,_,26711
RAVI,Balloki,02-Aug-20,51300,20450
RAVI,Sidhnai,02-Aug-20,20476,6546
SUTLEJ,Bhakra,02-Aug-20,_,_
SUTLEJ,Sulemanki,18-Aug-20,19477,5462
SUTLEJ,Islam,05-Oct-20,530,NIL
INDUS,Kalabagh,08-Sept-20,220077,215077
INDUS,Chashma,19-Jul-20,218703,210034
INDUS,Taunsa,22-Aug-20,251251,227851
INDUS,Guddu,06-Jul-20,179572,144017
INDUS,Sukkar,08-Jul-20,136685,81555
INDUS,Kotri,14-Aug-20,84070,48995
JHELUM,Kotli,02-Aug-20,-,-
JHELUM,Mangla,24-Sept-20,18000,38865
JHELUM,Rasul,04-Sept-20,52934,52934
JHELUM,Khushab bridge,29-Sept-20,-,24100
CHENAB,Jammu Tavi,02-Aug-20,_,_
CHENAB,Marala,15-Aug-20,80452,51011
CHENAB,Khanki,05-Sept-20,60413,54462
CHENAB,Qadirabad,29-Aug-20,138297,130298
CHENAB,Trimmu,07-Sept-20,119277,112277
CHENAB,Punjnad,08-Sept-20,111834,97934
RAVI,Jassar,02-Aug-20,_,12984
RAVI,Shahdara,02-Aug-20,_,26711
RAVI,Balloki,02-Aug-20,51300,20450
RAVI,Sidhnai,02-Aug-20,20476,6546
SUTLEJ,Bhakra,02-Aug-20,_,_
SUTLEJ,Sulemanki,18-Aug-20,19477,5462
SUTLEJ,Islam,06-Oct-20,530,NIL
INDUS,Kalabagh,09-Jul-20,222234,214834
INDUS,Chashma,09-Jul-20,216623,210023
INDUS,Taunsa,22-Aug-20,251251,227851
INDUS,Guddu,06-Jul-20,179267,144017
INDUS,Sukkar,08-Jul-20,136685,81555
INDUS,Kotri,16-Aug-20,85470,48295
JHELUM,Kotli,02-Aug-20,-,-
JHELUM,Mangla,25-Sept-20,16000,38865
JHELUM,Rasul,04-Sept-20,52934,52934
JHELUM,Khushab bridge,27-Jun-20,_,22880
CHENAB,Jammu Tavi,02-Aug-20,_,_
CHENAB,Marala,16-Aug-20,81934,51011
CHENAB,Khanki,10-Aug-20,61903,53928
CHENAB,Qadirabad,29-Aug-20,138672,130298
CHENAB,Trimmu,08-Sept-20,117536,110536
CHENAB,Punjnad,08-Sept-20,111834,97934
RAVI,Jassar,02-Aug-20,_,13810
RAVI,Shahdara,02-Aug-20,_,26711
RAVI,Balloki,02-Aug-20,51300,20450
RAVI,Sidhnai,02-Aug-20,20676,6546
SUTLEJ,Bhakra,02-Aug-20,_,_
SUTLEJ,Sulemanki,18-Aug-20,19229,5462
SUTLEJ,Islam,06-Oct-20,450,NIL
INDUS,Kalabagh,09-Jul-20,222234,214834
INDUS,Chashma,07-Jul-20,216622,210022
INDUS,Taunsa,29-Aug-20,238838,227638
INDUS,Guddu,06-Jul-20,179267,144017
INDUS,Sukkar,09-Jul-20,136995,80995
INDUS,Kotri,27-Sept-20,57099,46154
JHELUM,Kotli,03-Aug-20,-,-
JHELUM,Mangla,26-Jul-20,28000,38833
JHELUM,Rasul,26-Aug-20,55924,52924
JHELUM,Khushab bridge,27-Jun-20,-,22880
CHENAB,Jammu Tavi,03-Aug-20,_,_
CHENAB,Marala,20-Aug-20,76211,51011
CHENAB,Khanki,14-Aug-20,61903,53928
CHENAB,Qadirabad,29-Aug-20,139422,130298
CHENAB,Trimmu,08-Sept-20,117536,110536
CHENAB,Punjnad,08-Sept-20,112434,97934
RAVI,Jassar,03-Aug-20,_,14223
RAVI,Shahdara,03-Aug-20,_,26711
RAVI,Balloki,03-Aug-20,51300,20450
RAVI,Sidhnai,03-Aug-20,20676,6546
SUTLEJ,Bhakra,03-Aug-20,_,_
SUTLEJ,Sulemanki,18-Aug-20,18914,5462
SUTLEJ,Islam,06-Oct-20,450,NIL
INDUS,Kalabagh,11-Jul-20,222534,214834
INDUS,Chashma,08-Jul-20,216622,210022
INDUS,Taunsa,30-Aug-20,238838,227638
INDUS,Guddu,17-Sept-20,165360,143600
INDUS,Sukkar,09-Jul-20,136995,80995
INDUS,Kotri,16-Aug-20,83830,45955
JHELUM,Kotli,03-Aug-20,-,-
JHELUM,Mangla,26-Jul-20,29000,38833
JHELUM,Rasul,29-Aug-20,52418,52418
JHELUM,Khushab bridge,28-Jun-20,-,22880
CHENAB,Jammu Tavi,03-Aug-20,-,-
CHENAB,Marala,23-Aug-20,73083,48983
CHENAB,Khanki,23-Aug-20,60972,53928
CHENAB,Qadirabad,29-Aug-20,139722,130298
CHENAB,Trimmu,08-Sept-20,117736,110536
CHENAB,Punjnad,08-Sept-20,109558,95058
RAVI,Jassar,03-Aug-20,-,14636
RAVI,Shahdara,03-Aug-20,-,24755
RAVI,Balloki,03-Aug-20,43815,12765
RAVI,Sidhnai,03-Aug-20,17678,4648
SUTLEJ,Bhakra,03-Aug-20,-,-
SUTLEJ,Sulemanki,19-Aug-20,18704,5462
SUTLEJ,Islam,06-Oct-20,450,NIL
INDUS,Kalabagh,12-Jul-20,222534,214834
INDUS,Chashma,09-Jul-20,216615,210015
INDUS,Taunsa,09-Sept-20,237254,227354
INDUS,Guddu,17-Sept-20,165360,143600
INDUS,Sukkar,09-Jul-20,136995,80995
INDUS,Kotri,16-Aug-20,83830,45955
JHELUM,Kotli,03-Aug-20,-,NR
JHELUM,Mangla,01-Oct-20,12000,38833
JHELUM,Rasul,29-Aug-20,52418,52418
JHELUM,Khushab bridge,13-Sept-20,-,22880
CHENAB,Jammu Tavi,03-Aug-20,-,-
CHENAB,Marala,24-Aug-20,73283,48983
CHENAB,Khanki,17-Aug-20,61903,53908
CHENAB,Qadirabad,29-Aug-20,133679,123055
CHENAB,Trimmu,05-Sept-20,115548,109548
CHENAB,Punjnad,09-Sept-20,109558,95058
RAVI,Jassar,03-Aug-20,-,8098
RAVI,Shahdara,03-Aug-20,-,27362
RAVI,Balloki,03-Aug-20,50400,19300
RAVI,Sidhnai,03-Aug-20,20726,6546
SUTLEJ,Bhakra,03-Aug-20,-,-
SUTLEJ,Sulemanki,19-Aug-20,18704,5462
SUTLEJ,Islam,07-Oct-20,450,NIL
INDUS,Kalabagh,12-Jul-20,222534,214834
INDUS,Chashma,10-Jul-20,216598,209998
INDUS,Taunsa,09-Sept-20,237254,227354
INDUS,Guddu,19-Jul-20,178991,142978
INDUS,Sukkar,09-Jul-20,136995,80995
INDUS,Kotri,28-Aug-20,46610,45810
JHELUM,Kotli,03-Aug-20,-,-
JHELUM,Mangla,02-Oct-20,12000,38833
JHELUM,Rasul,29-Aug-20,52418,52418
JHELUM,Khushab bridge,26-Sept-20,-,22880
CHENAB,Jammu Tavi,03-Aug-20,_,_
CHENAB,Marala,25-Aug-20,73283,48983
CHENAB,Khanki,08-Sept-20,59874,53260
CHENAB,Qadirabad,29-Aug-20,133079,123055
CHENAB,Trimmu,05-Sept-20,115548,109548
CHENAB,Punjnad,09-Sept-20,109558,95058
RAVI,Jassar,03-Aug-20,_,7849
RAVI,Shahdara,03-Aug-20,_,28014
RAVI,Balloki,03-Aug-20,50400,19300
RAVI,Sidhnai,03-Aug-20,21126,6546
SUTLEJ,Bhakra,03-Aug-20,_,_
SUTLEJ,Sulemanki,19-Aug-20,18903,5462
SUTLEJ,Islam,07-Oct-20,450,NIL
INDUS,Kalabagh,14-Jul-20,222534,214834
INDUS,Chashma,20-Jul-20,216595,209995
INDUS,Taunsa,23-Aug-20,248566,224666
INDUS,Guddu,19-Jul-20,178991,142978
INDUS,Sukkar,07-Jul-20,134110,80880
INDUS,Kotri,28-Aug-20,46960,45810
JHELUM,Kotli,04-Aug-20,-,NIL
JHELUM,Mangla,02-Oct-20,12000,38833
JHELUM,Rasul,31-Aug-20,49731,49166
JHELUM,Khushab bridge,29-Sept-20,-,22880
CHENAB,Jammu Tavi,04-Aug-20,_,_
CHENAB,Marala,02-Sept-20,58741,46434
CHENAB,Khanki,08-Sept-20,59874,53260
CHENAB,Qadirabad,29-Aug-20,133379,123055
CHENAB,Trimmu,06-Sept-20,115548,109548
CHENAB,Punjnad,11-Sept-20,108975,94175
RAVI,Jassar,04-Aug-20,_,8597
RAVI,Shahdara,04-Aug-20,_,26059
RAVI,Balloki,04-Aug-20,50400,19300
RAVI,Sidhnai,04-Aug-20,22224,7194
SUTLEJ,Bhakra,04-Aug-20,_,_
SUTLEJ,Sulemanki,19-Aug-20,18903,5462
SUTLEJ,Islam,07-Oct-20,450,NIL
INDUS,Kalabagh,10-Jul-20,221952,214252
INDUS,Chashma,09-Jul-20,215175,209990
INDUS,Taunsa,23-Aug-20,248566,224666
INDUS,Guddu,19-Jul-20,178991,142978
INDUS,Sukkar,07-Jul-20,134110,80880
INDUS,Kotri,17-Aug-20,83104,43829
JHELUM,Kotli,04-Aug-20,-,-
JHELUM,Mangla,25-Sept-20,16000,38826
JHELUM,Rasul,31-Aug-20,49731,49166
JHELUM,Khushab bridge,10-Oct-20,-,22270
CHENAB,Jammu Tavi,04-Aug-20,-,-
CHENAB,Marala,02-Sept-20,59684,46434
CHENAB,Khanki,08-Sept-20,59910,53260
CHENAB,Qadirabad,29-Aug-20,133679,123055
CHENAB,Trimmu,04-Sept-20,115533,109533
CHENAB,Punjnad,11-Sept-20,108975,94175
RAVI,Jassar,04-Aug-20,-,8846
RAVI,Shahdara,04-Aug-20,-,26059
RAVI,Balloki,04-Aug-20,49245,18145
RAVI,Sidhnai,04-Aug-20,22224,7194
SUTLEJ,Bhakra,04-Aug-20,-,-
SUTLEJ,Sulemanki,02-Sept-20,18074,5439
SUTLEJ,Islam,07-Oct-20,450,NIL
INDUS,Kalabagh,10-Jul-20,221952,214252
INDUS,Chashma,19-Jul-20,216586,209986
INDUS,Taunsa,24-Aug-20,248566,224666
INDUS,Guddu,19-Jul-20,178991,142978
INDUS,Sukkar,08-Jul-20,134110,80880
INDUS,Kotri,14-Aug-20,78415,43340
JHELUM,Kotli,04-Aug-20,-,-
JHELUM,Mangla,26-Sept-20,16000,38826
JHELUM,Rasul,31-Aug-20,49731,49166
JHELUM,Khushab bridge,11-Oct-20,-,22270
CHENAB,Jammu Tavi,04-Aug-20,-,-
CHENAB,Marala,03-Sept-20,59684,46434
CHENAB,Khanki,02-Sept-20,57429,51500
CHENAB,Qadirabad,29-Aug-20,133979,123055
CHENAB,Trimmu,05-Sept-20,113787,107787
CHENAB,Punjnad,11-Sept-20,109175,94175
RAVI,Jassar,04-Aug-20,-,7350
RAVI,Shahdara,04-Aug-20,-,24104
RAVI,Balloki,04-Aug-20,49445,18145
RAVI,Sidhnai,04-Aug-20,24155,9125
SUTLEJ,Bhakra,04-Aug-20,-,-
SUTLEJ,Sulemanki,02-Sept-20,18074,5439
SUTLEJ,Islam,08-Oct-20,450,NIL
INDUS,Kalabagh,08-Jul-20,221070,213870
INDUS,Chashma,08-Jul-20,216585,209985
INDUS,Taunsa,29-Aug-20,230829,219829
INDUS,Guddu,06-Jul-20,180455,142600
INDUS,Sukkar,12-Aug-20,125235,80440
INDUS,Kotri,28-Sept-20,56552,41277
JHELUM,Kotli,04-Aug-20,-,-
JHELUM,Mangla,02-Oct-20,11000,38796
JHELUM,Rasul,05-Sept-20,49166,49166
JHELUM,Khushab bridge,27-Sept-20,-,21050
CHENAB,Jammu Tavi,04-Aug-20,_,_
CHENAB,Marala,03-Sept-20,59734,46434
CHENAB,Khanki,03-Sept-20,57429,51500
CHENAB,Qadirabad,29-Aug-20,123040,111816
CHENAB,Trimmu,05-Sept-20,113787,107787
CHENAB,Punjnad,12-Sept-20,109175,94175
RAVI,Jassar,04-Aug-20,_,7600
RAVI,Shahdara,04-Aug-20,_,23452
RAVI,Balloki,04-Aug-20,49445,18145
RAVI,Sidhnai,04-Aug-20,24155,9125
SUTLEJ,Bhakra,04-Aug-20,_,_
SUTLEJ,Sulemanki,03-Sept-20,18074,5439
SUTLEJ,Islam,08-Oct-20,450,NIL
INDUS,Kalabagh,08-Jul-20,221070,213870
INDUS,Chashma,19-Jul-20,216552,209952
INDUS,Taunsa,29-Aug-20,230829,219629
INDUS,Guddu,24-Aug-20,176985,142225
INDUS,Sukkar,12-Aug-20,125235,80440
INDUS,Kotri,26-Jul-20,70920,41175
JHELUM,Kotli,05-Aug-20,-,-
JHELUM,Mangla,03-Oct-20,12000,38796
JHELUM,Rasul,05-Sept-20,49166,49166
JHELUM,Khushab bridge,27-Sept-20,-,21050
CHENAB,Jammu Tavi,05-Aug-20,_,_
CHENAB,Marala,03-Sept-20,59734,46434
CHENAB,Khanki,03-Sept-20,57429,51500
CHENAB,Qadirabad,29-Aug-20,123340,111816
CHENAB,Trimmu,08-Sept-20,114050,106850
CHENAB,Punjnad,09-Sept-20,108661,94161
RAVI,Jassar,05-Aug-20,_,8098
RAVI,Shahdara,05-Aug-20,_,23452
RAVI,Balloki,05-Aug-20,48340,16990
RAVI,Sidhnai,05-Aug-20,24155,9125
SUTLEJ,Bhakra,05-Aug-20,_,_
SUTLEJ,Sulemanki,03-Sept-20,18074,5439
SUTLEJ,Islam,08-Oct-20,450,NIL
INDUS,Kalabagh,03-Jul-20,221258,213858
INDUS,Chashma,09-Jul-20,216471,209871
INDUS,Taunsa,24-Aug-20,242551,218651
INDUS,Guddu,10-Aug-20,151309,142064
INDUS,Sukkar,12-Aug-20,125235,80440
INDUS,Kotri,25-Jun-20,1590,39625
JHELUM,Kotli,05-Aug-20,-,NIL
JHELUM,Mangla,03-Oct-20,12000,38796
JHELUM,Rasul,06-Sept-20,49166,49166
JHELUM,Khushab bridge,28-Sept-20,-,21050
CHENAB,Jammu Tavi,05-Aug-20,-,-
CHENAB,Marala,04-Sept-20,57634,46434
CHENAB,Khanki,03-Sept-20,57429,51500
CHENAB,Qadirabad,30-Aug-20,123940,111816
CHENAB,Trimmu,08-Sept-20,114650,106850
CHENAB,Punjnad,02-Sept-20,98526,89026
RAVI,Jassar,05-Aug-20,-,8347
RAVI,Shahdara,05-Aug-20,-,23452
RAVI,Balloki,05-Aug-20,48340,16990
RAVI,Sidhnai,05-Aug-20,26099,11069
SUTLEJ,Bhakra,05-Aug-20,-,-
SUTLEJ,Sulemanki,03-Sept-20,18074,5439
SUTLEJ,Islam,08-Oct-20,450,NIL
INDUS,Kalabagh,04-Jul-20,220736,213336
INDUS,Chashma,21-Jul-20,215656,209056
INDUS,Taunsa,24-Aug-20,239130,215230
INDUS,Guddu,10-Aug-20,157146,142064
INDUS,Sukkar,12-Aug-20,125235,80440
INDUS,Kotri,17-Aug-20,78917,39442
JHELUM,Kotli,05-Aug-20,-,NR
JHELUM,Mangla,04-Oct-20,12000,38796
JHELUM,Rasul,06-Sept-20,49166,49166
JHELUM,Khushab bridge,29-Sept-20,-,21050
CHENAB,Jammu Tavi,05-Aug-20,-,-
CHENAB,Marala,05-Sept-20,57684,46434
CHENAB,Khanki,04-Sept-20,57429,51500
CHENAB,Qadirabad,30-Aug-20,123640,111816
CHENAB,Trimmu,09-Sept-20,114650,106850
CHENAB,Punjnad,09-Sept-20,103106,88606
RAVI,Jassar,05-Aug-20,-,8846
RAVI,Shahdara,05-Aug-20,-,23452
RAVI,Balloki,05-Aug-20,46030,14680
RAVI,Sidhnai,05-Aug-20,26099,11069
SUTLEJ,Bhakra,05-Aug-20,-,-
SUTLEJ,Sulemanki,03-Sept-20,18074,5439
SUTLEJ,Islam,09-Oct-20,450,NIL
INDUS,Kalabagh,14-Jul-20,220793,212993
INDUS,Chashma,23-Aug-20,215597,208997
INDUS,Taunsa,24-Aug-20,239130,215230
INDUS,Guddu,10-Aug-20,157146,142064
INDUS,Sukkar,07-Jul-20,132078,78888
INDUS,Kotri,28-Jul-20,73930,38715
JHELUM,Kotli,05-Aug-20,-,-
JHELUM,Mangla,27-Sept-20,13000,38787
JHELUM,Rasul,06-Sept-20,49166,49166
JHELUM,Khushab bridge,01-Oct-20,-,21050
CHENAB,Jammu Tavi,05-Aug-20,-,-
CHENAB,Marala,05-Sept-20,57634,46434
CHENAB,Khanki,04-Sept-20,57451,51500
CHENAB,Qadirabad,30-Aug-20,123940,111816
CHENAB,Trimmu,09-Sept-20,115950,106850
CHENAB,Punjnad,10-Sept-20,103106,88606
RAVI,Jassar,05-Aug-20,-,8597
RAVI,Shahdara,05-Aug-20,-,23452
RAVI,Balloki,05-Aug-20,46030,14680
RAVI,Sidhnai,05-Aug-20,25699,11069
SUTLEJ,Bhakra,05-Aug-20,-,-
SUTLEJ,Sulemanki,03-Sept-20,18074,5439
SUTLEJ,Islam,09-Oct-20,450,NIL
INDUS,Kalabagh,07-Jul-20,220116,212916
INDUS,Chashma,19-Jul-20,214667,208067
INDUS,Taunsa,29-Aug-20,223457,212257
INDUS,Guddu,11-Aug-20,157146,142064
INDUS,Sukkar,07-Jul-20,132078,78888
INDUS,Kotri,28-Jul-20,73930,38715
JHELUM,Kotli,06-Aug-20,-,-
JHELUM,Mangla,27-Sept-20,14000,38787
JHELUM,Rasul,06-Sept-20,49166,49166
JHELUM,Khushab bridge,01-Oct-20,-,21050
CHENAB,Jammu Tavi,06-Aug-20,-,-
CHENAB,Marala,05-Sept-20,57634,46434
CHENAB,Khanki,04-Sept-20,57451,51500
CHENAB,Qadirabad,30-Aug-20,123940,111816
CHENAB,Trimmu,07-Sept-20,112952,105952
CHENAB,Punjnad,10-Sept-20,103106,88606
RAVI,Jassar,06-Aug-20,-,9219
RAVI,Shahdara,06-Aug-20,-,24104
RAVI,Balloki,06-Aug-20,46030,14680
RAVI,Sidhnai,06-Aug-20,25699,11069
SUTLEJ,Bhakra,06-Aug-20,-,-
SUTLEJ,Sulemanki,03-Sept-20,560,5439
SUTLEJ,Islam,09-Oct-20,450,NIL
INDUS,Kalabagh,08-Jul-20,220116,212916
INDUS,Chashma,18-Jul-20,214631,208031
INDUS,Taunsa,29-Aug-20,223457,212257
INDUS,Guddu,05-Jul-20,180455,141850
INDUS,Sukkar,10-Jul-20,133790,77510
INDUS,Kotri,29-Jul-20,74350,38715
JHELUM,Kotli,06-Aug-20,-,NIL
JHELUM,Mangla,27-Sept-20,13000,38748
JHELUM,Rasul,07-Sept-20,49666,49166
JHELUM,Khushab bridge,04-Oct-20,-,21050
CHENAB,Marala,05-Sept-20,57684,46434
CHENAB,Khanki,04-Sept-20,57451,51500
CHENAB,Qadirabad,30-Aug-20,116441,103890
CHENAB,Trimmu,07-Sept-20,112952,105952
CHENAB,Punjnad,12-Sept-20,103184,88434
RAVI,Jassar,06-Aug-20,-,6353
RAVI,Shahdara,06-Aug-20,-,24104
RAVI,Balloki,06-Aug-20,46030,14680
RAVI,Sidhnai,06-Aug-20,27198,12618
SUTLEJ,Sulemanki,03-Sept-20,17863,5439
SUTLEJ,Islam,09-Oct-20,450,NIL
INDUS,Kalabagh,16-Jul-20,220634,212634
INDUS,Chashma,18-Jul-20,216679,208010
INDUS,Taunsa,29-Aug-20,223457,212257
INDUS,Guddu,05-Jul-20,180455,141850
INDUS,Sukkar,10-Jul-20,133790,77510
INDUS,Kotri,29-Jul-20,75050,38715
JHELUM,Kotli,06-Aug-20,-,NR
JHELUM,Mangla,28-Sept-20,12000,38748
JHELUM,Rasul,07-Sept-20,50366,49166
JHELUM,Khushab bridge,05-Oct-20,-,21050
CHENAB,Marala,05-Sept-20,57684,46434
CHENAB,Khanki,04-Sept-20,57451,51500
CHENAB,Qadirabad,30-Aug-20,116656,103890
CHENAB,Trimmu,07-Sept-20,112952,105952
CHENAB,Punjnad,12-Sept-20,103184,88434
RAVI,Jassar,06-Aug-20,-,6852
RAVI,Shahdara,06-Aug-20,-,24104
RAVI,Balloki,06-Aug-20,44840,13490
RAVI,Sidhnai,06-Aug-20,26768,12618
SUTLEJ,Sulemanki,03-Sept-20,17863,5439
SUTLEJ,Islam,10-Oct-20,450,NIL
INDUS,Kalabagh,17-Jul-20,220634,212634
INDUS,Chashma,18-Jul-20,216597,207928
INDUS,Taunsa,29-Aug-20,223457,212257
INDUS,Guddu,20-Jul-20,180288,141616
INDUS,Sukkar,10-Jul-20,133790,77510
INDUS,Kotri,29-Jul-20,76030,38715
JHELUM,Kotli,06-Aug-20,-,-
JHELUM,Mangla,28-Sept-20,13000,38748
JHELUM,Rasul,09-Sept-20,49166,49166
JHELUM,Khushab bridge,10-Oct-20,-,21050
CHENAB,Marala,06-Sept-20,57684,46434
CHENAB,Khanki,04-Sept-20,57451,51500
CHENAB,Qadirabad,30-Aug-20,111215,98235
CHENAB,Trimmu,08-Sept-20,112952,105952
CHENAB,Punjnad,10-Sept-20,100910,86110
RAVI,Jassar,06-Aug-20,-,7101
RAVI,Shahdara,06-Aug-20,-,24104
RAVI,Balloki,06-Aug-20,46840,13490
RAVI,Sidhnai,06-Aug-20,26768,12618
SUTLEJ,Sulemanki,04-Sept-20,17863,5439
SUTLEJ,Islam,10-Oct-20,441,NIL
INDUS,Kalabagh,17-Jul-20,220634,212634
INDUS,Chashma,07-Jul-20,214490,207890
INDUS,Taunsa,25-Aug-20,232978,209078
INDUS,Guddu,20-Jul-20,180288,141616
INDUS,Sukkar,10-Jul-20,133790,77510
INDUS,Kotri,30-Jul-20,76730,38715
JHELUM,Kotli,07-Aug-20,-,-
JHELUM,Mangla,28-Sept-20,12000,38748
JHELUM,Rasul,29-Aug-20,47685,47685
JHELUM,Khushab bridge,10-Oct-20,-,21050
CHENAB,Marala,06-Sept-20,57684,46434
CHENAB,Khanki,05-Sept-20,57539,51500
CHENAB,Qadirabad,30-Aug-20,111215,98235
CHENAB,Trimmu,05-Sept-20,111085,105085
CHENAB,Punjnad,10-Sept-20,100910,86110
RAVI,Jassar,07-Aug-20,-,7350
RAVI,Shahdara,07-Aug-20,-,22322
RAVI,Balloki,07-Aug-20,44840,13490
RAVI,Sidhnai,07-Aug-20,26768,12618
SUTLEJ,Sulemanki,27-Jul-20,18032,5166
SUTLEJ,Islam,10-Oct-20,441,Nil
INDUS,Kalabagh,08-Sept-20,216268,212268
INDUS,Chashma,08-Jul-20,214375,207775
INDUS,Taunsa,25-Aug-20,232978,209078
INDUS,Guddu,20-Jul-20,180288,141616
INDUS,Sukkar,19-Jul-20,131095,74100
INDUS,Kotri,08-Aug-20,52396,37301
JHELUM,Kotli,07-Aug-20,-,-
JHELUM,Mangla,29-Sept-20,12000,38748
JHELUM,Rasul,29-Aug-20,47685,47685
JHELUM,Khushab bridge,11-Oct-20,-,21050
CHENAB,Marala,06-Sept-20,57784,46434
CHENAB,Khanki,05-Sept-20,57572,51500
CHENAB,Qadirabad,01-Sept-20,86108,94108
CHENAB,Trimmu,05-Sept-20,111085,105085
CHENAB,Punjnad,11-Sept-20,100910,86110
RAVI,Jassar,07-Aug-20,-,6353
RAVI,Shahdara,07-Aug-20,-,22322
RAVI,Balloki,07-Aug-20,44840,13490
RAVI,Sidhnai,07-Aug-20,25792,11642
SUTLEJ,Sulemanki,27-Jul-20,18032,5166
SUTLEJ,Islam,10-Oct-20,441,Nil
INDUS,Kalabagh,08-Sept-20,216351,212268
INDUS,Chashma,20-Jul-20,213467,206867
INDUS,Taunsa,26-Aug-20,221519,207619
INDUS,Guddu,21-Jul-20,180381,141616
INDUS,Sukkar,19-Jul-20,131095,74100
INDUS,Kotri,08-Aug-20,53566,37301
JHELUM,Kotli,07-Aug-20,-,NR
JHELUM,Mangla,29-Sept-20,13000,38709
JHELUM,Rasul,29-Aug-20,47685,47685
JHELUM,Khushab bridge,11-Oct-20,-,21050
CHENAB,Marala,06-Sept-20,57784,46434
CHENAB,Khanki,05-Sept-20,57539,51500
CHENAB,Qadirabad,30-Aug-20,103011,89817
CHENAB,Trimmu,05-Sept-20,111085,105085
CHENAB,Punjnad,01-Sept-20,95558,86058
RAVI,Jassar,07-Aug-20,-,12199
RAVI,Shahdara,07-Aug-20,-,22322
RAVI,Balloki,07-Aug-20,44840,13490
RAVI,Sidhnai,07-Aug-20,24571,10421
SUTLEJ,Sulemanki,27-Jul-20,18137,5166
SUTLEJ,Islam,11-Oct-20,441,Nil
INDUS,Kalabagh,23-Jun-20,219744,212244
INDUS,Chashma,06-Jul-20,213297,206697
INDUS,Taunsa,27-Aug-20,221519,207619
INDUS,Guddu,21-Jul-20,180381,141616
INDUS,Sukkar,19-Jul-20,131095,74100
INDUS,Kotri,08-Aug-20,56626,37301
JHELUM,Kotli,07-Aug-20,-,NIL
JHELUM,Mangla,29-Sept-20,12000,38709
JHELUM,Rasul,30-Aug-20,47685,47685
JHELUM,Khushab bridge,13-Sept-20,-,20440
CHENAB,Marala,07-Sept-20,57784,46434
CHENAB,Khanki,05-Sept-20,57593,51500
CHENAB,Qadirabad,30-Aug-20,103225,89817
CHENAB,Trimmu,29-Aug-20,116447,104047
CHENAB,Punjnad,02-Sept-20,95558,86058
RAVI,Jassar,07-Aug-20,-,12199
RAVI,Shahdara,07-Aug-20,-,22322
RAVI,Balloki,07-Aug-20,44840,13490
RAVI,Sidhnai,07-Aug-20,24571,10421
SUTLEJ,Sulemanki,27-Jul-20,18137,5166
SUTLEJ,Islam,11-Oct-20,441,NIL
INDUS,Kalabagh,05-Jul-20,218594,212194
INDUS,Chashma,06-Jul-20,212925,206325
INDUS,Taunsa,27-Aug-20,221519,207619
INDUS,Guddu,21-Jul-20,180381,141616
INDUS,Sukkar,19-Jul-20,131095,74100
INDUS,Kotri,09-Aug-20,57426,37301
JHELUM,Kotli,08-Aug-20,-,-
JHELUM,Mangla,30-Sept-20,13000,38670
JHELUM,Rasul,30-Aug-20,47685,47685
JHELUM,Khushab bridge,28-Sept-20,-,20440
CHENAB,Marala,07-Sept-20,57784,46434
CHENAB,Khanki,05-Sept-20,57539,51500
CHENAB,Qadirabad,30-Aug-20,100483,86861
CHENAB,Trimmu,09-Sept-20,106337,96637
CHENAB,Punjnad,02-Sept-20,95558,86058
RAVI,Jassar,08-Aug-20,_,11454
RAVI,Shahdara,08-Aug-20,_,22322
RAVI,Balloki,08-Aug-20,43685,12335
RAVI,Sidhnai,08-Aug-20,24571,10421
SUTLEJ,Sulemanki,01-Jul-20,17990,5029
SUTLEJ,Islam,11-Oct-20,441,Nil
INDUS,Kalabagh,05-Jul-20,218594,212194
INDUS,Chashma,21-Aug-20,217375,205978
INDUS,Taunsa,27-Aug-20,221519,207619
INDUS,Guddu,21-Jul-20,180381,141616
INDUS,Sukkar,18-Jul-20,129880,72880
INDUS,Kotri,26-Aug-20,37965,37165
JHELUM,Kotli,08-Aug-20,-,NIL
JHELUM,Mangla,30-Sept-20,12000,38670
JHELUM,Rasul,30-Aug-20,47685,47685
JHELUM,Khushab bridge,29-Sept-20,-,20440
CHENAB,Marala,07-Sept-20,57784,46434
CHENAB,Khanki,05-Sept-20,57539,51500
CHENAB,Qadirabad,30-Aug-20,100483,86861
CHENAB,Trimmu,29-Aug-20,109032,96632
CHENAB,Punjnad,12-Sept-20,97422,82422
RAVI,Jassar,08-Aug-20,-,11081
RAVI,Shahdara,08-Aug-20,-,22322
RAVI,Balloki,08-Aug-20,43685,12335
RAVI,Sidhnai,08-Aug-20,20716,6566
SUTLEJ,Sulemanki,11-Jul-20,17578,5016
SUTLEJ,Islam,11-Oct-20,441,Nil
INDUS,Kalabagh,25-Jun-20,219949,211949
INDUS,Chashma,25-Aug-20,210486,205955
INDUS,Taunsa,28-Aug-20,215204,204004
INDUS,Guddu,24-Jul-20,177121,141307
INDUS,Sukkar,18-Jul-20,129880,72880
INDUS,Kotri,26-Aug-20,37965,37165
JHELUM,Kotli,08-Aug-20,NR,14990
JHELUM,Mangla,01-Oct-20,12000,38670
JHELUM,Rasul,30-Aug-20,47685,47685
JHELUM,Khushab bridge,30-Sept-20,-,20440
CHENAB,Marala,07-Sept-20,59943,46434
CHENAB,Khanki,06-Sept-20,57539,51500
CHENAB,Qadirabad,30-Aug-20,96783,82519
CHENAB,Trimmu,29-Aug-20,109032,96632
CHENAB,Punjnad,13-Sept-20,97422,82422
RAVI,Jassar,08-Aug-20,_,11454
RAVI,Shahdara,08-Aug-20,_,22322
RAVI,Balloki,08-Aug-20,41360,9960
RAVI,Sidhnai,08-Aug-20,21266,6566
SUTLEJ,Sulemanki,11-Jul-20,17578,5016
SUTLEJ,Islam,12-Oct-20,441,Nil
INDUS,Kalabagh,19-Jul-20,219275,211275
INDUS,Chashma,27-Aug-20,210126,205841
INDUS,Taunsa,28-Aug-20,215204,204004
INDUS,Guddu,17-Jul-20,174694,140657
INDUS,Sukkar,25-Aug-20,107312,72072
INDUS,Kotri,26-Aug-20,37965,37165
JHELUM,Kotli,08-Aug-20,NR,NR
JHELUM,Mangla,20-Sept-20,21000,38383
JHELUM,Rasul,30-Aug-20,47685,47685
JHELUM,Khushab bridge,30-Sept-20,-,20440
CHENAB,Marala,07-Sept-20,62782,46434
CHENAB,Khanki,07-Sept-20,56486,49872
CHENAB,Qadirabad,30-Aug-20,96355,82519
CHENAB,Trimmu,10-Sept-20,105605,92905
CHENAB,Punjnad,01-Sept-20,86977,77477
RAVI,Jassar,08-Aug-20,_,7101
RAVI,Shahdara,08-Aug-20,_,25407
RAVI,Balloki,08-Aug-20,41920,10520
RAVI,Sidhnai,08-Aug-20,19435,3985
SUTLEJ,Sulemanki,12-Jul-20,17578,5016
SUTLEJ,Islam,12-Oct-20,441,NIL
INDUS,Kalabagh,19-Jul-20,219275,211275
INDUS,Chashma,29-Jun-20,208682,205333
INDUS,Taunsa,28-Aug-20,215204,204004
INDUS,Guddu,23-Jul-20,177018,139808
INDUS,Sukkar,06-Jul-20,124444,71644
INDUS,Kotri,26-Aug-20,37965,37165
JHELUM,Kotli,09-Aug-20,-,NIL
JHELUM,Mangla,21-Sept-20,20000,38343
JHELUM,Rasul,29-Aug-20,47168,47168
JHELUM,Khushab bridge,02-Oct-20,-,20440
CHENAB,Marala,29-Jun-20,78268,45658
CHENAB,Khanki,07-Sept-20,56486,49872
CHENAB,Qadirabad,30-Aug-20,96569,82519
CHENAB,Trimmu,09-Sept-20,102206,92506
CHENAB,Punjnad,01-Sept-20,82478,72978
RAVI,Jassar,09-Aug-20,-,13810
RAVI,Shahdara,09-Aug-20,-,22322
RAVI,Balloki,09-Aug-20,42515,11115
RAVI,Sidhnai,09-Aug-20,21216,6566
SUTLEJ,Sulemanki,12-Jul-20,17578,5016
SUTLEJ,Islam,12-Oct-20,467,NIL
INDUS,Kalabagh,20-Jun-20,218661,211161
INDUS,Chashma,01-Jul-20,219876,205076
INDUS,Taunsa,29-Aug-20,215204,204004
INDUS,Guddu,24-Jul-20,177018,139808
INDUS,Sukkar,06-Jul-20,124444,71644
INDUS,Kotri,27-Aug-20,37965,37165
JHELUM,Kotli,09-Aug-20,-,NIL
JHELUM,Mangla,28-Aug-20,50000,38341
JHELUM,Rasul,29-Aug-20,47168,47168
JHELUM,Khushab bridge,02-Oct-20,-,20440
CHENAB,Marala,09-Aug-20,76981,45658
CHENAB,Khanki,07-Sept-20,56486,49872
CHENAB,Qadirabad,30-Aug-20,96783,82519
CHENAB,Trimmu,28-Aug-20,96407,84307
CHENAB,Punjnad,01-Sept-20,82478,72978
RAVI,Jassar,09-Aug-20,-,10336
RAVI,Shahdara,09-Aug-20,-,22322
RAVI,Balloki,09-Aug-20,42515,11115
RAVI,Sidhnai,09-Aug-20,21766,6566
SUTLEJ,Sulemanki,12-Jul-20,17430,5016
SUTLEJ,Islam,12-Oct-20,467,NIL
INDUS,Kalabagh,15-Jul-20,219083,211083
INDUS,Chashma,19-Aug-20,211167,204567
INDUS,Taunsa,06-Jul-20,230597,203137
INDUS,Guddu,24-Jul-20,177018,139808
INDUS,Sukkar,20-Jul-20,128550,71220
INDUS,Kotri,27-Aug-20,37965,37165
JHELUM,Kotli,09-Aug-20,-,NIL
JHELUM,Mangla,28-Aug-20,50000,38341
JHELUM,Rasul,15-Jun-20,50440,47040
JHELUM,Khushab bridge,03-Oct-20,-,20440
CHENAB,Marala,11-Aug-20,76681,45658
CHENAB,Khanki,08-Sept-20,56486,49872
CHENAB,Qadirabad,30-Aug-20,96997,82519
CHENAB,Trimmu,29-Aug-20,96407,84307
CHENAB,Punjnad,13-Sept-20,81028,66028
RAVI,Jassar,09-Aug-20,-,7600
RAVI,Shahdara,09-Aug-20,-,24104
RAVI,Balloki,09-Aug-20,41920,10520
RAVI,Sidhnai,09-Aug-20,21766,6566
SUTLEJ,Sulemanki,12-Jul-20,17430,5016
SUTLEJ,Islam,13-Oct-20,700,NIL
INDUS,Kalabagh,30-Jun-20,218194,210994
INDUS,Chashma,22-Jul-20,209829,203229
INDUS,Taunsa,17-Jul-20,229761,202861
INDUS,Guddu,24-Jul-20,177018,139808
INDUS,Sukkar,20-Jul-20,128550,71220
INDUS,Kotri,28-Sept-20,54396,36431
JHELUM,Kotli,09-Aug-20,-,NIL
JHELUM,Mangla,28-Aug-20,50000,38341
JHELUM,Rasul,15-Jun-20,50440,47040
JHELUM,Khushab bridge,05-Oct-20,-,20440
CHENAB,Marala,12-Aug-20,76681,45658
CHENAB,Khanki,16-Aug-20,54943,46968
CHENAB,Qadirabad,22-Aug-20,96440,78440
CHENAB,Trimmu,29-Aug-20,96407,84307
CHENAB,Punjnad,13-Sept-20,81028,66028
RAVI,Jassar,09-Aug-20,-,7101
RAVI,Shahdara,09-Aug-20,-,25407
RAVI,Balloki,09-Aug-20,41920,10520
RAVI,Sidhnai,09-Aug-20,19435,3985
SUTLEJ,Sulemanki,13-Jul-20,17430,5016
SUTLEJ,Islam,13-Oct-20,700,NIL
INDUS,Kalabagh,21-Jul-20,218634,210634
INDUS,Chashma,21-Jul-20,209335,202735
INDUS,Taunsa,17-Jul-20,230161,202861
INDUS,Guddu,20-Jul-20,176662,139042
INDUS,Sukkar,20-Jul-20,128550,71220
INDUS,Kotri,30-Jul-20,75622,36287
JHELUM,Kotli,10-Aug-20,-,-
JHELUM,Mangla,28-Aug-20,50000,38341
JHELUM,Rasul,16-Jun-20,4988,47040
JHELUM,Khushab bridge,05-Oct-20,-,20440
CHENAB,Marala,12-Aug-20,76681,45658
CHENAB,Khanki,20-Aug-20,53989,46968
CHENAB,Qadirabad,23-Aug-20,96440,78440
CHENAB,Trimmu,29-Aug-20,96707,84307
CHENAB,Punjnad,13-Sept-20,81028,66028
RAVI,Jassar,10-Aug-20,-,7101
RAVI,Shahdara,10-Aug-20,-,24104
RAVI,Balloki,10-Aug-20,39545,8145
RAVI,Sidhnai,10-Aug-20,19435,3985
SUTLEJ,Sulemanki,13-Jul-20,17430,5016
SUTLEJ,Islam,13-Oct-20,700,NIL
INDUS,Kalabagh,21-Jul-20,218634,210634
INDUS,Chashma,27-Jun-20,207485,202310
INDUS,Taunsa,13-Jul-20,230118,201518
INDUS,Guddu,09-Jul-20,177033,138973
INDUS,Sukkar,20-Jul-20,128550,71220
INDUS,Kotri,03-Aug-20,75622,36287
JHELUM,Kotli,10-Aug-20,-,-
JHELUM,Mangla,28-Aug-20,50000,38341
JHELUM,Rasul,29-Aug-20,46326,46326
JHELUM,Khushab bridge,13-Sept-20,-,19830
CHENAB,Marala,13-Aug-20,76681,45658
CHENAB,Khanki,24-Aug-20,54189,46968
CHENAB,Qadirabad,30-Aug-20,92301,77395
CHENAB,Trimmu,10-Sept-20,95728,83028
CHENAB,Punjnad,14-Sept-20,81028,66028
RAVI,Jassar,10-Aug-20,-,10336
RAVI,Shahdara,10-Aug-20,-,24104
RAVI,Balloki,10-Aug-20,40700,9300
RAVI,Sidhnai,10-Aug-20,19435,3985
SUTLEJ,Sulemanki,19-Jul-20,17543,4833
SUTLEJ,Islam,13-Oct-20,700,NIL
INDUS,Kalabagh,01-Jul-20,217239,210039
INDUS,Chashma,24-Aug-20,208573,201973
INDUS,Taunsa,22-Aug-20,227820,201420
INDUS,Guddu,14-Jul-20,168490,138886
INDUS,Sukkar,22-Jul-20,129310,71050
INDUS,Kotri,07-Aug-20,50940,35135
JHELUM,Kotli,10-Aug-20,-,NR
JHELUM,Mangla,28-Aug-20,50000,38341
JHELUM,Rasul,04-Sept-20,45390,45390
JHELUM,Khushab bridge,28-Sept-20,-,19830
CHENAB,Marala,14-Aug-20,76581,45658
CHENAB,Khanki,08-Sept-20,53247,46354
CHENAB,Qadirabad,30-Aug-20,92965,77395
CHENAB,Trimmu,10-Sept-20,95822,83028
CHENAB,Punjnad,14-Sept-20,80047,64997
RAVI,Jassar,10-Aug-20,-,14223
RAVI,Shahdara,10-Aug-20,-,23452
RAVI,Balloki,10-Aug-20,40700,9300
RAVI,Sidhnai,10-Aug-20,19185,3985
SUTLEJ,Sulemanki,19-Jul-20,17543,4833
SUTLEJ,Islam,14-Oct-20,700,NIL
INDUS,Kalabagh,01-Jul-20,217239,210039
INDUS,Chashma,28-Jun-20,208537,201937
INDUS,Taunsa,27-Aug-20,215109,201209
INDUS,Guddu,25-Jul-20,176719,138259
INDUS,Sukkar,22-Jul-20,129310,71050
INDUS,Kotri,07-Aug-20,50940,35135
JHELUM,Kotli,10-Aug-20,-,NIL
JHELUM,Mangla,28-Aug-20,53000,38341
JHELUM,Rasul,17-Jun-20,46180,43135
JHELUM,Khushab bridge,30-Sept-20,-,19830
CHENAB,Marala,14-Aug-20,72581,45658
CHENAB,Khanki,11-Aug-20,53354,45379
CHENAB,Qadirabad,30-Aug-20,92301,77395
CHENAB,Trimmu,10-Sept-20,96728,83028
CHENAB,Punjnad,14-Sept-20,80047,64997
RAVI,Jassar,10-Aug-20,-,15874
RAVI,Shahdara,10-Aug-20,-,23452
RAVI,Balloki,10-Aug-20,40700,9300
RAVI,Sidhnai,10-Aug-20,18885,3985
SUTLEJ,Sulemanki,20-Jul-20,17543,4833
SUTLEJ,Islam,14-Oct-20,700,NIL
INDUS,Kalabagh,08-Sept-20,213727,209727
INDUS,Chashma,26-Aug-20,207666,201666
INDUS,Taunsa,27-Aug-20,215109,201209
INDUS,Guddu,05-Jul-20,176063,137458
INDUS,Sukkar,22-Jul-20,129310,71050
INDUS,Kotri,07-Aug-20,50350,35135
JHELUM,Kotli,11-Aug-20,-,NIL
JHELUM,Mangla,29-Aug-20,55000,38341
JHELUM,Rasul,18-Jun-20,51180,43135
JHELUM,Khushab bridge,08-Oct-20,-,19830
CHENAB,Marala,15-Aug-20,72581,45658
CHENAB,Khanki,24-Aug-20,52661,45379
CHENAB,Qadirabad,30-Aug-20,92740,77395
CHENAB,Trimmu,11-Sept-20,96928,83028
CHENAB,Punjnad,14-Sept-20,80047,64997
RAVI,Jassar,11-Aug-20,-,15874
RAVI,Shahdara,11-Aug-20,-,23452
RAVI,Balloki,11-Aug-20,40700,9300
RAVI,Sidhnai,11-Aug-20,18885,3985
SUTLEJ,Sulemanki,20-Jul-20,17543,4833
SUTLEJ,Islam,14-Oct-20,700,NIL
INDUS,Kalabagh,22-Aug-20,216992,209492
INDUS,Chashma,26-Jul-20,208164,201564
INDUS,Taunsa,16-Jul-20,227804,200904
INDUS,Guddu,16-Jul-20,173602,137082
INDUS,Sukkar,22-Jul-20,129310,71050
INDUS,Kotri,07-Aug-20,50350,35135
JHELUM,Kotli,11-Aug-20,-,NIL
JHELUM,Mangla,29-Aug-20,55000,38341
JHELUM,Rasul,19-Jun-20,51180,43135
JHELUM,Khushab bridge,13-Sept-20,-,19220
CHENAB,Marala,15-Aug-20,73749,45658
CHENAB,Khanki,16-Aug-20,51711,43736
CHENAB,Qadirabad,30-Aug-20,92965,77395
CHENAB,Trimmu,11-Sept-20,96928,83028
CHENAB,Punjnad,15-Sept-20,80047,64997
RAVI,Jassar,11-Aug-20,-,11454
RAVI,Shahdara,11-Aug-20,-,24104
RAVI,Balloki,11-Aug-20,43005,11605
RAVI,Sidhnai,11-Aug-20,17765,2865
SUTLEJ,Sulemanki,20-Jul-20,17494,4833
SUTLEJ,Islam,14-Oct-20,700,NIL
INDUS,Kalabagh,22-Aug-20,216992,209492
INDUS,Chashma,27-Jun-20,208081,201481
INDUS,Taunsa,21-Jul-20,223902,200902
INDUS,Guddu,16-Jul-20,173602,137082
INDUS,Sukkar,18-Jul-20,128010,70410
INDUS,Kotri,09-Aug-20,58710,35135
JHELUM,Kotli,11-Aug-20,-,NR
JHELUM,Mangla,29-Aug-20,52000,38341
JHELUM,Rasul,26-Aug-20,45387,42387
JHELUM,Khushab bridge,01-Oct-20,-,19220
CHENAB,Marala,25-Jun-20,75139,44398
CHENAB,Khanki,17-Aug-20,51711,43736
CHENAB,Qadirabad,30-Aug-20,93190,77395
CHENAB,Trimmu,11-Sept-20,97128,83028
CHENAB,Punjnad,15-Sept-20,69708,54658
RAVI,Jassar,11-Aug-20,-,12984
RAVI,Shahdara,11-Aug-20,-,26711
RAVI,Balloki,11-Aug-20,43005,11605
RAVI,Sidhnai,11-Aug-20,17715,2865
SUTLEJ,Sulemanki,20-Jul-20,17494,4833
SUTLEJ,Islam,15-Oct-20,700,NIL
INDUS,Kalabagh,09-Jul-20,216693,209293
INDUS,Chashma,28-Jul-20,207560,200960
INDUS,Taunsa,17-Jul-20,223860,200460
INDUS,Guddu,16-Jul-20,173602,137082
INDUS,Sukkar,18-Jul-20,128010,70410
INDUS,Kotri,25-Aug-20,37367,34467
JHELUM,Kotli,12-Aug-20,-,
JHELUM,Mangla,29-Aug-20,54000,38341
JHELUM,Rasul,06-Sept-20,41643,41643
JHELUM,Khushab bridge,03-Oct-20,-,19220
CHENAB,Marala,25-Jun-20,75139,44398
CHENAB,Khanki,21-Aug-20,50757,43736
CHENAB,Qadirabad,23-Aug-20,92093,74093
CHENAB,Trimmu,11-Sept-20,93081,78981
CHENAB,Punjnad,15-Sept-20,69708,54658
RAVI,Jassar,12-Aug-20,-,14223
RAVI,Shahdara,12-Aug-20,-,26711
RAVI,Balloki,12-Aug-20,43005,11605
RAVI,Sidhnai,12-Aug-20,17715,2865
SUTLEJ,Sulemanki,21-Jul-20,17494,4833
SUTLEJ,Islam,15-Oct-20,700,NIL
INDUS,Kalabagh,09-Jul-20,216993,209293
INDUS,Chashma,25-Jul-20,207558,200958
INDUS,Taunsa,17-Jul-20,223860,200460
INDUS,Guddu,16-Jul-20,173602,137082
INDUS,Sukkar,25-Jul-20,128295,70105
INDUS,Kotri,25-Aug-20,37367,34467
JHELUM,Kotli,12-Aug-20,-,
JHELUM,Mangla,29-Aug-20,54000,38341
JHELUM,Rasul,06-Sept-20,41643,41643
JHELUM,Khushab bridge,03-Oct-20,-,19220
CHENAB,Marala,25-Jun-20,75139,44398
CHENAB,Khanki,24-Aug-20,50780,43736
CHENAB,Qadirabad,27-Aug-20,92093,74093
CHENAB,Trimmu,12-Sept-20,93081,78981
CHENAB,Punjnad,15-Sept-20,69708,54658
RAVI,Jassar,12-Aug-20,-,16287
RAVI,Shahdara,12-Aug-20,-,24755
RAVI,Balloki,12-Aug-20,44160,12760
RAVI,Sidhnai,12-Aug-20,17715,2865
SUTLEJ,Sulemanki,21-Jul-20,17494,4833
SUTLEJ,Islam,16-Jun-20,1530,-
INDUS,Kalabagh,24-Jun-20,217272,209272
INDUS,Chashma,26-Aug-20,207191,200891
INDUS,Taunsa,18-Jul-20,223860,200460
INDUS,Guddu,14-Jul-20,168480,136418
INDUS,Sukkar,25-Jul-20,128295,70105
INDUS,Kotri,27-Aug-20,35092,34292
JHELUM,Kotli,12-Aug-20,-,NIL
JHELUM,Mangla,29-Aug-20,55000,38341
JHELUM,Rasul,08-Sept-20,41643,41643
JHELUM,Khushab bridge,04-Oct-20,-,19220
CHENAB,Marala,24-Aug-20,67730,43630
CHENAB,Khanki,06-Sept-20,43445,43406
CHENAB,Qadirabad,30-Aug-20,88523,72278
CHENAB,Trimmu,12-Sept-20,87441,73441
CHENAB,Punjnad,16-Sept-20,69708,54658
RAVI,Jassar,12-Aug-20,-,15461
RAVI,Shahdara,12-Aug-20,-,24755
RAVI,Balloki,12-Aug-20,44160,12760
RAVI,Sidhnai,12-Aug-20,20324,5424
SUTLEJ,Sulemanki,10-Sept-20,17983,4374
SUTLEJ,Islam,16-Jun-20,1530,-
INDUS,Kalabagh,29-Jun-20,216784,209084
INDUS,Chashma,25-Jul-20,207217,200617
INDUS,Taunsa,18-Jul-20,223860,200460
INDUS,Guddu,14-Jul-20,164880,136418
INDUS,Sukkar,25-Jul-20,128295,70105
INDUS,Kotri,27-Aug-20,35092,34292
JHELUM,Kotli,12-Aug-20,-,NR
JHELUM,Mangla,29-Aug-20,55000,38341
JHELUM,Rasul,09-Sept-20,41643,41643
JHELUM,Khushab bridge,06-Oct-20,-,19220
CHENAB,Marala,24-Aug-20,67930,43630
CHENAB,Khanki,06-Sept-20,49445,43406
CHENAB,Qadirabad,30-Aug-20,88298,72278
CHENAB,Trimmu,12-Sept-20,87441,73141
CHENAB,Punjnad,16-Sept-20,66196,51346
RAVI,Jassar,12-Aug-20,-,11454
RAVI,Shahdara,12-Aug-20,-,28014
RAVI,Balloki,12-Aug-20,44160,12760
RAVI,Sidhnai,12-Aug-20,20724,5424
SUTLEJ,Sulemanki,10-Sept-20,17983,4374
SUTLEJ,Islam,18-Jun-20,1530,-
INDUS,Kalabagh,21-Jun-20,216494,208994
INDUS,Chashma,26-Jul-20,206841,200241
INDUS,Taunsa,14-Jul-20,228754,200154
INDUS,Guddu,15-Jul-20,168480,135218
INDUS,Sukkar,25-Jul-20,128295,70105
INDUS,Kotri,29-Jul-20,73934,34239
JHELUM,Kotli,12-Aug-20,-,
JHELUM,Mangla,29-Aug-20,55000,38341
JHELUM,Rasul,31-Aug-20,42197,41632
JHELUM,Khushab bridge,08-Oct-20,-,19220
CHENAB,Marala,05-Sept-20,51630,40380
CHENAB,Khanki,06-Sept-20,49445,43406
CHENAB,Qadirabad,30-Aug-20,88523,72278
CHENAB,Trimmu,13-Sept-20,87441,73141
CHENAB,Punjnad,16-Sept-20,61243,46193
RAVI,Jassar,12-Aug-20,-,11826
RAVI,Shahdara,12-Aug-20,-,28014
RAVI,Balloki,12-Aug-20,44160,12760
RAVI,Sidhnai,12-Aug-20,19695,4145
SUTLEJ,Sulemanki,11-Sept-20,17935,4374
SUTLEJ,Islam,19-Jun-20,530,-
INDUS,Kalabagh,22-Jul-20,216756,208756
INDUS,Chashma,08-Sept-20,213957,200237
INDUS,Taunsa,14-Jul-20,228754,200154
INDUS,Guddu,25-Jul-20,173249,133741
INDUS,Sukkar,20-Sept-20,99030,69400
INDUS,Kotri,30-Jul-20,73934,34239
JHELUM,Kotli,13-Aug-20,-,
JHELUM,Mangla,29-Aug-20,55000,38341
JHELUM,Rasul,06-Sept-20,41643,41463
JHELUM,Khushab bridge,08-Oct-20,-,19220
CHENAB,Marala,05-Sept-20,51630,40380
CHENAB,Khanki,06-Sept-20,49489,43406
CHENAB,Qadirabad,30-Aug-20,88748,72272
CHENAB,Trimmu,12-Sept-20,86801,72701
CHENAB,Punjnad,16-Sept-20,61243,46193
RAVI,Jassar,13-Aug-20,-,12571
RAVI,Shahdara,13-Aug-20,-,29317
RAVI,Balloki,13-Aug-20,45315,13915
RAVI,Sidhnai,13-Aug-20,19695,4145
SUTLEJ,Sulemanki,11-Sept-20,17935,4374
SUTLEJ,Islam,20-Jun-20,530,-
INDUS,Kalabagh,23-Aug-20,216037,208537
INDUS,Chashma,24-Aug-20,206736,200136
INDUS,Taunsa,05-Jul-20,227613,199970
INDUS,Guddu,25-Jul-20,173249,133741
INDUS,Sukkar,20-Sept-20,99030,69400
INDUS,Kotri,30-Jul-20,73934,34239
JHELUM,Kotli,13-Aug-20,-,NIL
JHELUM,Mangla,29-Aug-20,52000,38341
JHELUM,Rasul,23-Jun-20,39568,41420
JHELUM,Khushab bridge,04-Oct-20,-,18610
CHENAB,Marala,06-Sept-20,51630,40380
CHENAB,Khanki,06-Sept-20,49489,43406
CHENAB,Qadirabad,22-Aug-20,89188,71188
CHENAB,Trimmu,13-Sept-20,86680,72380
CHENAB,Punjnad,17-Sept-20,61243,46193
RAVI,Jassar,13-Aug-20,-,12199
RAVI,Shahdara,13-Aug-20,-,28014
RAVI,Balloki,13-Aug-20,45315,13915
RAVI,Sidhnai,13-Aug-20,19695,4145
SUTLEJ,Sulemanki,11-Sept-20,17935,4374
SUTLEJ,Islam,05-Sept-20,-,-
INDUS,Kalabagh,08-Jul-20,215529,208329
INDUS,Chashma,27-Jul-20,206642,200042
INDUS,Taunsa,05-Jul-20,227613,199970
INDUS,Guddu,25-Jul-20,173249,133741
INDUS,Sukkar,17-Jul-20,125230,67630
INDUS,Kotri,28-Jul-20,57501,33126
JHELUM,Kotli,13-Aug-20,-,NIL
JHELUM,Mangla,03-Sept-20,50000,38341
JHELUM,Rasul,04-Sept-20,39874,39874
JHELUM,Khushab bridge,27-Jun-20,_,18000
CHENAB,Marala,06-Sept-20,51680,40380
CHENAB,Khanki,06-Sept-20,49489,43406
CHENAB,Qadirabad,01-Sept-20,93137,71137
CHENAB,Trimmu,28-Aug-20,81777,68877
CHENAB,Punjnad,29-Aug-20,60949,45899
RAVI,Jassar,13-Aug-20,-,12199
RAVI,Shahdara,13-Aug-20,-,28014
RAVI,Balloki,13-Aug-20,45315,13915
RAVI,Sidhnai,13-Aug-20,19695,4145
SUTLEJ,Sulemanki,11-Sept-20,17834,4374
SUTLEJ,Islam,16-Sept-20,1730,-
INDUS,Kalabagh,19-Jul-20,215360,207360
INDUS,Chashma,23-Jul-20,209189,200041
INDUS,Taunsa,06-Jul-20,227613,199970
INDUS,Guddu,09-Jul-20,171073,133013
INDUS,Sukkar,17-Jul-20,125230,67630
INDUS,Kotri,28-Jul-20,67921,33126
JHELUM,Kotli,13-Aug-20,-,
JHELUM,Mangla,03-Sept-20,45000,38341
JHELUM,Rasul,16-Jun-20,42630,39230
JHELUM,Khushab bridge,22-Aug-20,_,18000
CHENAB,Marala,06-Sept-20,51730,40380
CHENAB,Khanki,06-Sept-20,49489,43406
CHENAB,Qadirabad,30-Aug-20,92089,70395
CHENAB,Trimmu,28-Aug-20,79251,65951
CHENAB,Punjnad,29-Aug-20,52711,45899
RAVI,Jassar,13-Aug-20,-,12571
RAVI,Shahdara,13-Aug-20,-,27362
RAVI,Balloki,13-Aug-20,46570,15070
RAVI,Sidhnai,13-Aug-20,19895,4145
SUTLEJ,Sulemanki,04-Aug-20,18013,4299
SUTLEJ,Islam,17-Sept-20,1730,-
INDUS,Kalabagh,19-Jul-20,215360,207360
INDUS,Chashma,24-Jul-20,206631,200031
INDUS,Taunsa,05-Jul-20,227613,199918
INDUS,Guddu,09-Jul-20,171073,133013
INDUS,Sukkar,17-Jul-20,125230,67630
INDUS,Kotri,28-Sept-20,52990,32635
JHELUM,Kotli,14-Aug-20,-,
JHELUM,Mangla,03-Sept-20,42000,38341
JHELUM,Rasul,18-Jun-20,42275,39230
JHELUM,Khushab bridge,22-Aug-20,_,18000
CHENAB,Marala,06-Sept-20,51730,40380
CHENAB,Khanki,07-Sept-20,49489,43406
CHENAB,Qadirabad,30-Aug-20,92515,70395
CHENAB,Trimmu,28-Aug-20,79251,65951
CHENAB,Punjnad,30-Aug-20,60949,45899
RAVI,Jassar,14-Aug-20,-,15048
RAVI,Shahdara,14-Aug-20,-,26711
RAVI,Balloki,14-Aug-20,47725,16225
RAVI,Sidhnai,14-Aug-20,19055,3305
SUTLEJ,Sulemanki,04-Aug-20,18013,4299
SUTLEJ,Islam,21-Sept-20,1230,-
INDUS,Kalabagh,19-Jun-20,214848,207348
INDUS,Chashma,24-Jul-20,206600,200000
INDUS,Taunsa,18-Jul-20,223541,199341
INDUS,Guddu,15-Jul-20,168480,132922
INDUS,Sukkar,17-Jul-20,125230,67630
INDUS,Kotri,28-Sept-20,52990,32635
JHELUM,Kotli,14-Aug-20,-,
JHELUM,Mangla,03-Sept-20,55000,38341
JHELUM,Rasul,21-Jun-20,47275,39230
JHELUM,Khushab bridge,14-Sept-20,-,18000
CHENAB,Marala,07-Sept-20,52287,40380
CHENAB,Khanki,14-Aug-20,50038,42063
CHENAB,Qadirabad,01-Sept-20,91780,69780
CHENAB,Trimmu,13-Sept-20,79288,64988
CHENAB,Punjnad,30-Aug-20,60949,45899
RAVI,Jassar,14-Aug-20,-,14636
RAVI,Shahdara,14-Aug-20,-,26711
RAVI,Balloki,14-Aug-20,47725,16225
RAVI,Sidhnai,14-Aug-20,19723,3973
SUTLEJ,Sulemanki,05-Aug-20,18063,4299
SUTLEJ,Islam,24-Sept-20,1230,-
INDUS,Kalabagh,05-Jul-20,213052,206653
INDUS,Chashma,23-Jul-20,209147,199999
INDUS,Taunsa,18-Jul-20,223541,199341
INDUS,Guddu,15-Jul-20,168480,132922
INDUS,Sukkar,21-Jul-20,124800,67250
INDUS,Kotri,25-Aug-20,37940,32165
JHELUM,Kotli,14-Aug-20,NR,NA
JHELUM,Mangla,04-Sept-20,55000,38341
JHELUM,Rasul,21-Jun-20,47275,39230
JHELUM,Khushab bridge,28-Sept-20,-,18000
CHENAB,Marala,08-Sept-20,58430,40380
CHENAB,Khanki,14-Aug-20,50038,42063
CHENAB,Qadirabad,01-Sept-20,90402,68402
CHENAB,Trimmu,13-Sept-20,79288,64988
CHENAB,Punjnad,29-Aug-20,60949,45849
RAVI,Jassar,14-Aug-20,_,18800
RAVI,Shahdara,14-Aug-20,_,26711
RAVI,Balloki,14-Aug-20,47725,16225
RAVI,Sidhnai,14-Aug-20,19723,3973
SUTLEJ,Sulemanki,05-Aug-20,18063,4299
SUTLEJ,Islam,24-Sept-20,1230,-
INDUS,Kalabagh,20-Jul-20,214645,206645
INDUS,Chashma,24-Jul-20,206590,199990
INDUS,Taunsa,16-Jul-20,226097,198197
INDUS,Guddu,15-Jul-20,168480,132922
INDUS,Sukkar,21-Jul-20,124800,67250
INDUS,Kotri,17-Aug-20,71057,32002
JHELUM,Kotli,14-Aug-20,NR,NA
JHELUM,Mangla,05-Sept-20,45000,38341
JHELUM,Rasul,10-Sept-20,38694,37874
JHELUM,Khushab bridge,30-Sept-20,-,18000
CHENAB,Marala,08-Sept-20,58430,40380
CHENAB,Khanki,16-Aug-20,50038,42063
CHENAB,Qadirabad,26-Aug-20,83618,65618
CHENAB,Trimmu,14-Sept-20,79288,64988
CHENAB,Punjnad,29-Aug-20,60949,45849
RAVI,Jassar,14-Aug-20,_,20900
RAVI,Shahdara,14-Aug-20,_,26711
RAVI,Balloki,14-Aug-20,45265,12765
RAVI,Sidhnai,14-Aug-20,19723,3973
SUTLEJ,Sulemanki,05-Aug-20,18150,4299
SUTLEJ,Islam,24-Sept-20,1230,-
INDUS,Kalabagh,20-Jul-20,214645,206645
INDUS,Chashma,26-Jul-20,206558,199958
INDUS,Taunsa,25-Aug-20,221307,197907
INDUS,Guddu,14-Jul-20,167799,132649
INDUS,Sukkar,21-Jul-20,125050,67250
INDUS,Kotri,17-Aug-20,71057,32002
JHELUM,Kotli,15-Aug-20,NR,NA
JHELUM,Mangla,05-Sept-20,45000,38341
JHELUM,Rasul,16-Sept-20,57872,37874
JHELUM,Khushab bridge,02-Oct-20,-,18000
CHENAB,Marala,08-Sept-20,58430,40380
CHENAB,Khanki,07-Sept-20,46763,40680
CHENAB,Qadirabad,26-Aug-20,83618,65618
CHENAB,Trimmu,14-Sept-20,70024,55724
CHENAB,Punjnad,29-Aug-20,60949,45849
RAVI,Jassar,15-Aug-20,_,22300
RAVI,Shahdara,15-Aug-20,_,30692
RAVI,Balloki,15-Aug-20,45265,12765
RAVI,Sidhnai,15-Aug-20,20679,4929
SUTLEJ,Sulemanki,05-Aug-20,18193,4299
SUTLEJ,Islam,25-Sept-20,1230,-
INDUS,Kalabagh,20-Jul-20,214645,206645
INDUS,Chashma,23-Jul-20,206556,199956
INDUS,Taunsa,25-Aug-20,221307,197907
INDUS,Guddu,26-Jul-20,169742,130086
INDUS,Sukkar,21-Jul-20,125050,67250
INDUS,Kotri,18-Aug-20,68957,32002
JHELUM,Kotli,15-Aug-20,-,
JHELUM,Mangla,05-Sept-20,47000,38341
JHELUM,Rasul,16-Sept-20,57974,37874
JHELUM,Khushab bridge,02-Oct-20,-,18000
CHENAB,Marala,26-Jun-20,71355,40305
CHENAB,Khanki,07-Sept-20,46763,40680
CHENAB,Qadirabad,26-Aug-20,83618,65618
CHENAB,Trimmu,25-Aug-20,67617,53962
CHENAB,Punjnad,29-Aug-20,60949,45849
RAVI,Jassar,15-Aug-20,-,18800
RAVI,Shahdara,15-Aug-20,-,31415
RAVI,Balloki,15-Aug-20,46420,13920
RAVI,Sidhnai,15-Aug-20,20679,4929
SUTLEJ,Sulemanki,06-Aug-20,18193,4299
SUTLEJ,Islam,28-Sept-20,1230,-
INDUS,Kalabagh,06-Jul-20,212820,206420
INDUS,Chashma,24-Jul-20,206556,199956
INDUS,Taunsa,15-Jul-20,225958,197358
INDUS,Guddu,26-Jul-20,169742,130086
INDUS,Sukkar,26-Jul-20,123905,66505
INDUS,Kotri,18-Aug-20,68957,32002
JHELUM,Kotli,15-Aug-20,NR,NA
JHELUM,Mangla,05-Sept-20,43000,38341
JHELUM,Rasul,16-Sept-20,57974,37874
JHELUM,Khushab bridge,03-Oct-20,-,18000
CHENAB,Marala,26-Jun-20,71705,40305
CHENAB,Khanki,07-Sept-20,46763,40680
CHENAB,Qadirabad,27-Aug-20,83618,65618
CHENAB,Trimmu,25-Aug-20,67617,53067
CHENAB,Punjnad,31-Aug-20,55805,42605
RAVI,Jassar,15-Aug-20,_,12199
RAVI,Shahdara,15-Aug-20,_,31415
RAVI,Balloki,15-Aug-20,46445,13920
RAVI,Sidhnai,15-Aug-20,20679,4929
SUTLEJ,Sulemanki,06-Aug-20,18193,4299
SUTLEJ,Islam,28-Sept-20,1230,-
INDUS,Kalabagh,09-Sept-20,211139,206139
INDUS,Chashma,25-Jul-20,203966,199914
INDUS,Taunsa,15-Jul-20,225958,197358
INDUS,Guddu,26-Jul-20,168994,130086
INDUS,Sukkar,26-Jul-20,123905,66505
INDUS,Kotri,27-Jul-20,65535,31480
JHELUM,Kotli,15-Aug-20,NR,NA
JHELUM,Mangla,06-Sept-20,36000,38341
JHELUM,Rasul,17-Sept-20,57974,37874
JHELUM,Khushab bridge,05-Oct-20,-,18000
CHENAB,Marala,26-Jun-20,72005,40305
CHENAB,Khanki,07-Sept-20,46763,40680
CHENAB,Qadirabad,30-Aug-20,81963,65268
CHENAB,Trimmu,26-Aug-20,65178,50728
CHENAB,Punjnad,31-Aug-20,55405,42605
RAVI,Jassar,15-Aug-20,_,11081
RAVI,Shahdara,15-Aug-20,_,30692
RAVI,Balloki,15-Aug-20,46445,13920
RAVI,Sidhnai,15-Aug-20,20879,4929
SUTLEJ,Sulemanki,06-Aug-20,18215,4299
SUTLEJ,Islam,28-Sept-20,1230,-
INDUS,Kalabagh,09-Sept-20,211139,206139
INDUS,Chashma,25-Jul-20,203955,199903
INDUS,Taunsa,19-Jul-20,221305,197105
INDUS,Guddu,26-Jul-20,168994,130086
INDUS,Sukkar,26-Jul-20,123905,66505
INDUS,Kotri,27-Jul-20,66505,31480
JHELUM,Kotli,16-Aug-20,NR,NA
JHELUM,Mangla,07-Sept-20,46000,38341
JHELUM,Rasul,18-Sept-20,57769,37874
JHELUM,Khushab bridge,06-Oct-20,-,18000
CHENAB,Marala,29-Jun-20,72365,40305
CHENAB,Khanki,25-Jun-20,48224,40360
CHENAB,Qadirabad,30-Aug-20,82188,65268
CHENAB,Trimmu,25-Aug-20,65068,50568
CHENAB,Punjnad,31-Aug-20,55405,42605
RAVI,Jassar,16-Aug-20,_,10336
RAVI,Shahdara,16-Aug-20,_,29969
RAVI,Balloki,16-Aug-20,47620,15070
RAVI,Sidhnai,16-Aug-20,20879,4929
SUTLEJ,Sulemanki,06-Aug-20,18215,4299
SUTLEJ,Islam,29-Sept-20,1230,-
INDUS,Kalabagh,04-Aug-20,213850,205850
INDUS,Chashma,22-Jul-20,206424,199824
INDUS,Taunsa,19-Jul-20,221305,197105
INDUS,Guddu,02-Aug-20,156220,128753
INDUS,Sukkar,26-Jul-20,123905,66505
INDUS,Kotri,27-Jul-20,68095,31480
JHELUM,Kotli,16-Aug-20,-,NA
JHELUM,Mangla,07-Sept-20,42000,38341
JHELUM,Rasul,19-Sept-20,57919,37874
JHELUM,Khushab bridge,07-Oct-20,-,18000
CHENAB,Marala,29-Jun-20,72915,40305
CHENAB,Khanki,26-Jun-20,48224,40360
CHENAB,Qadirabad,31-Aug-20,82863,65268
CHENAB,Trimmu,14-Sept-20,61081,46581
CHENAB,Punjnad,01-Sept-20,55405,42605
RAVI,Jassar,16-Aug-20,-,8347
RAVI,Shahdara,16-Aug-20,-,29317
RAVI,Balloki,16-Aug-20,47620,15070
RAVI,Sidhnai,16-Aug-20,20879,4929
SUTLEJ,Sulemanki,26-Aug-20,17897,4185
SUTLEJ,Islam,30-Sept-20,1230,-
INDUS,Kalabagh,20-Jun-20,213119,205619
INDUS,Chashma,23-Jul-20,206424,199824
INDUS,Taunsa,13-Jul-20,225697,197097
INDUS,Guddu,02-Aug-20,156220,128753
INDUS,Sukkar,16-Jul-20,124040,66440
INDUS,Kotri,27-Jul-20,68095,31480
JHELUM,Kotli,16-Aug-20,-,NA
JHELUM,Mangla,08-Sept-20,39000,38341
JHELUM,Rasul,31-Aug-20,38427,37862
JHELUM,Khushab bridge,11-Oct-20,-,18000
CHENAB,Marala,30-Jun-20,72915,40305
CHENAB,Khanki,25-Aug-20,47642,40360
CHENAB,Qadirabad,31-Aug-20,82413,65268
CHENAB,Trimmu,14-Sept-20,61018,46518
CHENAB,Punjnad,01-Sept-20,55405,42605
RAVI,Jassar,16-Aug-20,-,7849
RAVI,Shahdara,16-Aug-20,-,25407
RAVI,Balloki,16-Aug-20,47620,15070
RAVI,Sidhnai,16-Aug-20,20929,4929
SUTLEJ,Sulemanki,26-Aug-20,17897,4185
SUTLEJ,Islam,01-Oct-20,1230,-
INDUS,Kalabagh,30-Jun-20,212653,205453
INDUS,Chashma,26-Jul-20,206314,199714
INDUS,Taunsa,14-Jul-20,225697,197097
INDUS,Guddu,02-Aug-20,156220,128753
INDUS,Sukkar,16-Jul-20,124040,66440
INDUS,Kotri,14-Jul-20,73130,30575
JHELUM,Kotli,16-Aug-20,-,NA
JHELUM,Mangla,08-Sept-20,40000,38341
JHELUM,Rasul,31-Aug-20,38427,37862
JHELUM,Khushab bridge,29-Jul-20,-,16963
CHENAB,Marala,01-Jul-20,73278,40305
CHENAB,Khanki,25-Aug-20,47642,40360
CHENAB,Qadirabad,31-Aug-20,82638,65268
CHENAB,Trimmu,25-Aug-20,60996,46496
CHENAB,Punjnad,01-Sept-20,55405,42605
RAVI,Jassar,16-Aug-20,-,7600
RAVI,Shahdara,16-Aug-20,-,25407
RAVI,Balloki,16-Aug-20,47620,15070
RAVI,Sidhnai,16-Aug-20,20829,4929
SUTLEJ,Sulemanki,26-Aug-20,17897,4185
SUTLEJ,Islam,01-Oct-20,1230,-
INDUS,Kalabagh,21-Jul-20,213124,205124
INDUS,Chashma,27-Jul-20,205851,199251
INDUS,Taunsa,04-Jul-20,223933,196483
INDUS,Guddu,02-Aug-20,156220,128753
INDUS,Sukkar,16-Jul-20,124040,66440
INDUS,Kotri,14-Jul-20,73130,30575
JHELUM,Kotli,17-Aug-20,-,NA
JHELUM,Mangla,08-Sept-20,40000,38341
JHELUM,Rasul,01-Sept-20,37462,37462
JHELUM,Khushab bridge,29-Jul-20,-,16963
CHENAB,Marala,04-Jul-20,73528,40305
CHENAB,Khanki,08-Sept-20,45845,38952
CHENAB,Qadirabad,31-Aug-20,82863,65268
CHENAB,Trimmu,26-Aug-20,60003,45553
CHENAB,Punjnad,01-Sept-20,52105,42605
RAVI,Jassar,17-Aug-20,-,10336
RAVI,Shahdara,17-Aug-20,-,29969
RAVI,Balloki,17-Aug-20,47620,15070
RAVI,Sidhnai,17-Aug-20,20879,4929
SUTLEJ,Sulemanki,26-Aug-20,17897,4185
SUTLEJ,Islam,02-Oct-20,1230,-
INDUS,Kalabagh,26-Jun-20,212664,204664
INDUS,Chashma,03-Aug-20,204591,197991
INDUS,Taunsa,27-Aug-20,210632,196132
INDUS,Guddu,10-Jul-20,166562,128502
INDUS,Sukkar,16-Jul-20,124040,66440
INDUS,Kotri,14-Jul-20,73270,30575
JHELUM,Kotli,17-Aug-20,-,N.R
JHELUM,Mangla,08-Sept-20,40000,38341
JHELUM,Rasul,01-Sept-20,37462,37462
JHELUM,Khushab bridge,14-Sept-20,-,16963
CHENAB,Marala,04-Jul-20,72480,40305
CHENAB,Khanki,25-Jun-20,46776,38912
CHENAB,Qadirabad,31-Aug-20,82863,65268
CHENAB,Trimmu,24-Aug-20,59062,44562
CHENAB,Punjnad,17-Sept-20,57558,42308
RAVI,Jassar,17-Aug-20,-,8098
RAVI,Shahdara,17-Aug-20,-,22322
RAVI,Balloki,17-Aug-20,43030,10455
RAVI,Sidhnai,17-Aug-20,21451,5551
SUTLEJ,Sulemanki,26-Aug-20,17897,4185
SUTLEJ,Islam,26-Aug-20,8439,6609
INDUS,Kalabagh,01-Jul-20,211698,204498
INDUS,Chashma,29-Jul-20,204443,197843
INDUS,Taunsa,27-Aug-20,210632,196132
INDUS,Guddu,13-Jul-20,165502,128502
INDUS,Sukkar,06-Jul-20,119390,66300
INDUS,Kotri,14-Jul-20,73270,30575
JHELUM,Kotli,17-Aug-20,-,NR
JHELUM,Mangla,08-Sept-20,40000,38341
JHELUM,Rasul,17-Jun-20,38370,35325
JHELUM,Khushab bridge,14-Sept-20,-,16963
CHENAB,Marala,05-Jul-20,72480,40305
CHENAB,Khanki,26-Jun-20,46776,38912
CHENAB,Qadirabad,26-Aug-20,81040,63040
CHENAB,Trimmu,22-Aug-20,57988,43538
CHENAB,Punjnad,17-Sept-20,57558,42308
RAVI,Jassar,17-Aug-20,-,8597
RAVI,Shahdara,17-Aug-20,-,22322
RAVI,Balloki,17-Aug-20,43030,10455
RAVI,Sidhnai,17-Aug-20,21451,5551
SUTLEJ,Sulemanki,27-Aug-20,17897,4185
SUTLEJ,Islam,26-Aug-20,8439,6609
INDUS,Kalabagh,24-Jun-20,211710,203711
INDUS,Chashma,26-Jun-20,197321,196721
INDUS,Taunsa,27-Aug-20,210632,196132
INDUS,Guddu,13-Jul-20,165502,128502
INDUS,Sukkar,06-Jul-20,119390,66300
INDUS,Kotri,13-Aug-20,63790,30575
JHELUM,Kotli,17-Aug-20,-,N.R
JHELUM,Mangla,08-Sept-20,38000,38341
JHELUM,Rasul,19-Jun-20,43370,35325
JHELUM,Khushab bridge,01-Oct-20,-,16963
CHENAB,Marala,09-Jul-20,73328,40305
CHENAB,Khanki,30-Jun-20,46764,38912
CHENAB,Qadirabad,01-Sept-20,83154,61154
CHENAB,Trimmu,23-Aug-20,57988,43538
CHENAB,Punjnad,17-Sept-20,57558,42308
RAVI,Jassar,17-Aug-20,-,9219
RAVI,Shahdara,17-Aug-20,-,22322
RAVI,Balloki,17-Aug-20,39600,7025
RAVI,Sidhnai,17-Aug-20,21451,5551
SUTLEJ,Sulemanki,20-Aug-20,17438,3997
SUTLEJ,Islam,26-Aug-20,8439,6609
INDUS,Kalabagh,24-Jun-20,211710,203710
INDUS,Chashma,03-Aug-20,201186,196001
INDUS,Taunsa,28-Aug-20,210632,196132
INDUS,Guddu,13-Jul-20,165502,128502
INDUS,Sukkar,15-Jul-20,122222,64622
INDUS,Kotri,13-Aug-20,63790,30575
JHELUM,Kotli,18-Aug-20,-,N.R
JHELUM,Mangla,09-Sept-20,38000,38341
JHELUM,Rasul,20-Jun-20,43370,35325
JHELUM,Khushab bridge,04-Oct-20,-,16963
CHENAB,Marala,09-Jul-20,73328,40305
CHENAB,Khanki,11-Aug-20,46887,38912
CHENAB,Qadirabad,23-Aug-20,78476,60476
CHENAB,Trimmu,21-Aug-20,56286,42086
CHENAB,Punjnad,18-Sept-20,57558,42308
RAVI,Jassar,18-Aug-20,-,10336
RAVI,Shahdara,18-Aug-20,-,22862
RAVI,Balloki,18-Aug-20,37250,4650
RAVI,Sidhnai,18-Aug-20,21451,5551
SUTLEJ,Sulemanki,20-Aug-20,17438,3997
SUTLEJ,Islam,27-Aug-20,8439,6609
INDUS,Kalabagh,29-Jun-20,211243,203543
INDUS,Chashma,27-Jun-20,202074,195474
INDUS,Taunsa,21-Jul-20,218870,195870
INDUS,Guddu,27-Jul-20,167280,128372
INDUS,Sukkar,15-Jul-20,122222,64622
INDUS,Kotri,31-Jul-20,69764,30289
JHELUM,Kotli,18-Aug-20,-,N.R
JHELUM,Mangla,09-Sept-20,38000,38341
JHELUM,Rasul,20-Jun-20,43370,35325
JHELUM,Khushab bridge,06-Oct-20,-,16963
CHENAB,Marala,09-Jul-20,73328,40305
CHENAB,Khanki,15-Aug-20,46887,38912
CHENAB,Qadirabad,31-Aug-20,78494,60224
CHENAB,Trimmu,21-Aug-20,56986,42086
CHENAB,Punjnad,30-Aug-20,53981,38931
RAVI,Jassar,18-Aug-20,-,15461
RAVI,Shahdara,18-Aug-20,-,22322
RAVI,Balloki,18-Aug-20,37300,4650
RAVI,Sidhnai,18-Aug-20,22099,6199
SUTLEJ,Sulemanki,08-Jul-20,15763,3252
SUTLEJ,Islam,27-Aug-20,8439,6609
INDUS,Kalabagh,29-Jun-20,211243,203543
INDUS,Chashma,26-Jun-20,201978,195378
INDUS,Taunsa,21-Jul-20,218570,195870
INDUS,Guddu,27-Jul-20,165976,128372
INDUS,Sukkar,15-Jul-20,122222,64622
INDUS,Kotri,31-Jul-20,69764,30289
JHELUM,Kotli,18-Aug-20,-,NR
JHELUM,Mangla,09-Sept-20,38000,38341
JHELUM,Rasul,24-Jun-20,43473,35325
JHELUM,Khushab bridge,06-Oct-20,-,16963
CHENAB,Marala,16-Jul-20,73528,40305
CHENAB,Khanki,15-Aug-20,46887,38912
CHENAB,Qadirabad,31-Aug-20,78269,60224
CHENAB,Trimmu,22-Aug-20,56986,42086
CHENAB,Punjnad,30-Aug-20,53981,38931
RAVI,Jassar,18-Aug-20,-,20200
RAVI,Shahdara,18-Aug-20,-,24755
RAVI,Balloki,18-Aug-20,37300,4650
RAVI,Sidhnai,18-Aug-20,22099,6199
SUTLEJ,Sulemanki,06-Jul-20,15659,3251
SUTLEJ,Islam,27-Aug-20,8439,6609
INDUS,Kalabagh,17-Jun-20,211024,203524
INDUS,Chashma,26-Jun-20,201743,195143
INDUS,Taunsa,22-Jul-20,218570,195870
INDUS,Guddu,27-Jul-20,165976,128372
INDUS,Sukkar,15-Jul-20,122222,64622
INDUS,Kotri,31-Jul-20,69764,30289
JHELUM,Kotli,18-Aug-20,-,
JHELUM,Mangla,09-Sept-20,37000,38341
JHELUM,Rasul,24-Jun-20,43473,35325
JHELUM,Khushab bridge,07-Oct-20,-,16963
CHENAB,Marala,19-Jul-20,72505,40305
CHENAB,Khanki,15-Aug-20,46887,38912
CHENAB,Qadirabad,31-Aug-20,78494,60224
CHENAB,Trimmu,22-Aug-20,56486,42086
CHENAB,Punjnad,30-Aug-20,53981,38931
RAVI,Jassar,18-Aug-20,-,18800
RAVI,Shahdara,18-Aug-20,-,24755
RAVI,Balloki,18-Aug-20,37300,4650
RAVI,Sidhnai,18-Aug-20,22110,6860
SUTLEJ,Sulemanki,06-Jul-20,15659,3251
SUTLEJ,Islam,27-Aug-20,8439,6609
INDUS,Kalabagh,22-Jul-20,211214,203214
INDUS,Chashma,05-Aug-20,201568,194968
INDUS,Taunsa,22-Jul-20,218870,195870
INDUS,Guddu,27-Jul-20,165976,128372
INDUS,Sukkar,13-Aug-20,108430,63505
INDUS,Kotri,31-Jul-20,70004,30249
JHELUM,Kotli,19-Aug-20,-,
JHELUM,Mangla,10-Sept-20,37000,38341
JHELUM,Rasul,26-Aug-20,37713,34713
JHELUM,Khushab bridge,08-Oct-20,-,16963
CHENAB,Marala,20-Jul-20,72505,40305
CHENAB,Khanki,26-Jun-20,45256,37404
CHENAB,Qadirabad,31-Aug-20,78719,60224
CHENAB,Trimmu,22-Aug-20,56536,42086
CHENAB,Punjnad,30-Aug-20,53981,38931
RAVI,Jassar,19-Aug-20,-,17400
RAVI,Shahdara,19-Aug-20,-,29317
RAVI,Balloki,19-Aug-20,34505,1780
RAVI,Sidhnai,19-Aug-20,22110,6860
SUTLEJ,Sulemanki,07-Jul-20,15659,3251
SUTLEJ,Islam,27-Aug-20,8439,6609
INDUS,Kalabagh,27-Jul-20,211070,203070
INDUS,Chashma,06-Aug-20,201263,194663
INDUS,Taunsa,19-Jul-20,219863,195663
INDUS,Guddu,10-Jul-20,165813,126563
INDUS,Sukkar,13-Aug-20,108430,63505
INDUS,Kotri,25-Jul-20,72181,29726
JHELUM,Kotli,19-Aug-20,-,N.R
JHELUM,Mangla,10-Sept-20,34000,38341
JHELUM,Rasul,06-Sept-20,34111,34111
JHELUM,Khushab bridge,29-Jun-20,_,16691
CHENAB,Marala,26-Jul-20,71028,40305
CHENAB,Khanki,30-Jun-20,45256,37404
CHENAB,Qadirabad,01-Sept-20,80066,58066
CHENAB,Trimmu,23-Aug-20,56536,42086
CHENAB,Punjnad,30-Aug-20,53981,38931
RAVI,Jassar,19-Aug-20,-,11454
RAVI,Shahdara,19-Aug-20,-,30692
RAVI,Balloki,19-Aug-20,34105,1780
RAVI,Sidhnai,19-Aug-20,23085,7835
SUTLEJ,Sulemanki,07-Jul-20,15659,3251
SUTLEJ,Islam,27-Aug-20,8439,6609
INDUS,Kalabagh,27-Jul-20,211270,203070
INDUS,Chashma,04-Aug-20,201146,194546
INDUS,Taunsa,19-Jul-20,219863,195663
INDUS,Guddu,10-Jul-20,165813,126563
INDUS,Sukkar,13-Aug-20,108430,63505
INDUS,Kotri,25-Jul-20,72181,29726
JHELUM,Kotli,19-Aug-20,-,NR
JHELUM,Mangla,10-Sept-20,32000,38341
JHELUM,Rasul,09-Sept-20,35081,34111
JHELUM,Khushab bridge,27-Jun-20,_,16445
CHENAB,Marala,29-Jul-20,72528,40305
CHENAB,Khanki,04-Jul-20,44438,37404
CHENAB,Qadirabad,02-Sept-20,80066,58066
CHENAB,Trimmu,15-Sept-20,55438,40938
CHENAB,Punjnad,30-Aug-20,53981,38931
RAVI,Jassar,19-Aug-20,-,10709
RAVI,Shahdara,19-Aug-20,-,29969
RAVI,Balloki,19-Aug-20,35595,3445
RAVI,Sidhnai,19-Aug-20,22493,7193
SUTLEJ,Sulemanki,07-Jul-20,15763,3251
SUTLEJ,Islam,27-Aug-20,8439,6609
INDUS,Kalabagh,02-Jul-20,209955,202755
INDUS,Chashma,04-Aug-20,200702,194102
INDUS,Taunsa,26-Aug-20,216557,195657
INDUS,Guddu,10-Jul-20,165813,126563
INDUS,Sukkar,13-Aug-20,108430,63505
INDUS,Kotri,25-Jul-20,72241,29726
JHELUM,Kotli,19-Aug-20,-,
JHELUM,Mangla,22-Sept-20,18000,38304
JHELUM,Rasul,31-Aug-20,34670,34105
JHELUM,Khushab bridge,28-Jun-20,_,16445
CHENAB,Marala,30-Jul-20,72528,40305
CHENAB,Khanki,09-Jul-20,45059,37404
CHENAB,Qadirabad,31-Aug-20,76119,57399
CHENAB,Trimmu,24-Aug-20,54789,40289
CHENAB,Punjnad,31-Aug-20,53981,38931
RAVI,Jassar,19-Aug-20,-,9964
RAVI,Shahdara,19-Aug-20,-,29969
RAVI,Balloki,19-Aug-20,37905,5805
RAVI,Sidhnai,19-Aug-20,22493,7193
SUTLEJ,Sulemanki,07-Jul-20,15763,3251
SUTLEJ,Islam,27-Aug-20,8439,6609
INDUS,Kalabagh,02-Jul-20,209955,202755
INDUS,Chashma,05-Aug-20,200698,194098
INDUS,Taunsa,26-Aug-20,216557,195657
INDUS,Guddu,05-Jul-20,165766,126560
INDUS,Sukkar,07-Aug-20,106660,63230
INDUS,Kotri,25-Jul-20,72241,29726
JHELUM,Kotli,20-Aug-20,-,
JHELUM,Mangla,30-Aug-20,39000,38301
JHELUM,Rasul,31-Aug-20,34105,34105
JHELUM,Khushab bridge,29-Jul-20,-,16445
CHENAB,Marala,01-Aug-20,71528,40305
CHENAB,Khanki,09-Jul-20,45059,37404
CHENAB,Qadirabad,01-Sept-20,78471,56471
CHENAB,Trimmu,23-Aug-20,53742,39242
CHENAB,Punjnad,31-Aug-20,53981,38931
RAVI,Jassar,20-Aug-20,-,11081
RAVI,Shahdara,20-Aug-20,-,29969
RAVI,Balloki,20-Aug-20,41220,10420
RAVI,Sidhnai,20-Aug-20,22593,7193
SUTLEJ,Sulemanki,08-Jul-20,15763,3251
SUTLEJ,Islam,28-Aug-20,8439,6609
INDUS,Kalabagh,24-Jul-20,210574,202574
INDUS,Chashma,05-Aug-20,200643,194043
INDUS,Taunsa,03-Jul-20,224015,195389
INDUS,Guddu,13-Jul-20,164274,126224
INDUS,Sukkar,07-Aug-20,106660,63230
INDUS,Kotri,26-Jul-20,70901,29726
JHELUM,Kotli,20-Aug-20,-,N.R
JHELUM,Mangla,30-Aug-20,39000,38301
JHELUM,Rasul,01-Sept-20,34105,34105
JHELUM,Khushab bridge,22-Aug-20,-,16445
CHENAB,Marala,01-Aug-20,71528,40305
CHENAB,Khanki,22-Jul-20,44521,37404
CHENAB,Qadirabad,02-Sept-20,78471,56471
CHENAB,Trimmu,26-Aug-20,53309,39009
CHENAB,Punjnad,31-Aug-20,52883,37983
RAVI,Jassar,20-Aug-20,-,8846
RAVI,Shahdara,20-Aug-20,-,28666
RAVI,Balloki,20-Aug-20,46080,17880
RAVI,Sidhnai,20-Aug-20,21943,6743
SUTLEJ,Sulemanki,08-Jul-20,15763,3251
SUTLEJ,Islam,28-Aug-20,8439,6609
INDUS,Kalabagh,18-Jun-20,210069,202569
INDUS,Chashma,06-Aug-20,200632,194032
INDUS,Taunsa,01-Jul-20,223834,194834
INDUS,Guddu,07-Aug-20,145625,125171
INDUS,Sukkar,11-Jul-20,119025,62425
INDUS,Kotri,26-Jul-20,69941,29726
JHELUM,Kotli,20-Aug-20,-,NR
JHELUM,Mangla,17-Sept-20,22000,38301
JHELUM,Rasul,10-Sept-20,34925,34105
JHELUM,Khushab bridge,22-Aug-20,_,16445
CHENAB,Marala,02-Aug-20,71528,40305
CHENAB,Khanki,23-Jul-20,44521,37404
CHENAB,Qadirabad,31-Aug-20,70779,51834
CHENAB,Trimmu,21-Aug-20,53183,38983
CHENAB,Punjnad,31-Aug-20,52883,37983
RAVI,Jassar,20-Aug-20,-,11826
RAVI,Shahdara,20-Aug-20,-,26059
RAVI,Balloki,20-Aug-20,49040,20840
RAVI,Sidhnai,20-Aug-20,19449,4549
SUTLEJ,Sulemanki,08-Jul-20,15763,3251
SUTLEJ,Islam,28-Aug-20,8439,6609
INDUS,Kalabagh,10-Jul-20,209747,202047
INDUS,Chashma,04-Aug-20,200579,193979
INDUS,Taunsa,14-Jul-20,222525,193925
INDUS,Guddu,31-Jul-20,158091,125125
INDUS,Sukkar,11-Jul-20,119025,62425
INDUS,Kotri,26-Jul-20,69941,29726
JHELUM,Kotli,20-Aug-20,-,NR
JHELUM,Mangla,27-Aug-20,40000,38261
JHELUM,Rasul,08-Sept-20,34103,34103
JHELUM,Khushab bridge,14-Sept-20,-,16445
CHENAB,Marala,08-Aug-20,71628,40305
CHENAB,Khanki,08-Aug-20,45379,37404
CHENAB,Qadirabad,31-Aug-20,71454,51834
CHENAB,Trimmu,23-Aug-20,51347,36847
CHENAB,Punjnad,31-Aug-20,52883,37983
RAVI,Jassar,20-Aug-20,-,14223
RAVI,Shahdara,20-Aug-20,-,25407
RAVI,Balloki,20-Aug-20,49040,20840
RAVI,Sidhnai,20-Aug-20,19449,4549
SUTLEJ,Sulemanki,09-Jul-20,15763,3251
SUTLEJ,Islam,09-Sept-20,7839,6609
INDUS,Kalabagh,07-Jul-20,228020,201620
INDUS,Chashma,04-Aug-20,200563,193963
INDUS,Taunsa,04-Jul-20,220448,193584
INDUS,Guddu,31-Jul-20,158091,125125
INDUS,Sukkar,11-Jul-20,119025,62425
INDUS,Kotri,25-Aug-20,37925,29375
JHELUM,Kotli,21-Aug-20,-,NR
JHELUM,Mangla,27-Aug-20,40000,38261
JHELUM,Rasul,11-Sept-20,43423,34103
JHELUM,Khushab bridge,07-Oct-20,-,16445
CHENAB,Marala,09-Aug-20,71628,40305
CHENAB,Khanki,09-Aug-20,45379,37404
CHENAB,Qadirabad,31-Aug-20,72129,51834
CHENAB,Trimmu,24-Aug-20,51347,36847
CHENAB,Punjnad,28-Aug-20,52711,37711
RAVI,Jassar,21-Aug-20,-,18100
RAVI,Shahdara,21-Aug-20,-,24104
RAVI,Balloki,21-Aug-20,53655,25455
RAVI,Sidhnai,21-Aug-20,17748,2948
SUTLEJ,Sulemanki,09-Jul-20,15763,3251
SUTLEJ,Islam,10-Sept-20,7839,6609
INDUS,Kalabagh,23-Jul-20,209396,201396
INDUS,Chashma,27-Jun-20,200542,193943
INDUS,Taunsa,04-Jul-20,220448,193584
INDUS,Guddu,11-Jul-20,164142,124592
INDUS,Sukkar,11-Jul-20,119025,62425
INDUS,Kotri,29-Sept-20,49368,29013
JHELUM,Kotli,21-Aug-20,-,N.R
JHELUM,Mangla,27-Aug-20,40000,38261
JHELUM,Rasul,17-Sept-20,54203,34103
JHELUM,Khushab bridge,07-Oct-20,-,16445
CHENAB,Marala,09-Aug-20,71628,40305
CHENAB,Khanki,09-Aug-20,45379,37404
CHENAB,Qadirabad,31-Aug-20,72804,51834
CHENAB,Trimmu,24-Aug-20,51347,36847
CHENAB,Punjnad,28-Aug-20,52711,37711
RAVI,Jassar,21-Aug-20,-,14223
RAVI,Shahdara,21-Aug-20,-,23452
RAVI,Balloki,21-Aug-20,54805,26605
RAVI,Sidhnai,21-Aug-20,17748,2948
SUTLEJ,Sulemanki,09-Jul-20,15763,3251
SUTLEJ,Islam,10-Sept-20,7839,6609
INDUS,Kalabagh,03-Aug-20,208423,200423
INDUS,Chashma,28-Jun-20,200542,193943
INDUS,Taunsa,05-Jul-20,220448,193584
INDUS,Guddu,11-Jul-20,164142,124592
INDUS,Sukkar,14-Jul-20,119050,61800
INDUS,Kotri,15-Jul-20,71063,28368
JHELUM,Kotli,21-Aug-20,-,NR
JHELUM,Mangla,27-Aug-20,40000,38261
JHELUM,Rasul,17-Sept-20,54203,34103
JHELUM,Khushab bridge,09-Oct-20,-,16445
CHENAB,Marala,11-Aug-20,71528,40305
CHENAB,Khanki,09-Aug-20,45379,37404
CHENAB,Qadirabad,31-Aug-20,73479,51834
CHENAB,Trimmu,20-Aug-20,50050,35850
CHENAB,Punjnad,28-Aug-20,52711,37711
RAVI,Jassar,21-Aug-20,-,17400
RAVI,Shahdara,21-Aug-20,-,23452
RAVI,Balloki,21-Aug-20,53705,25505
RAVI,Sidhnai,21-Aug-20,15734,334
SUTLEJ,Sulemanki,09-Jul-20,15763,3251
SUTLEJ,Islam,10-Sept-20,7839,6609
INDUS,Kalabagh,22-Jun-20,207391,199891
INDUS,Chashma,26-Aug-20,200263,193863
INDUS,Taunsa,12-Jul-20,219112,193341
INDUS,Guddu,11-Jul-20,164142,124592
INDUS,Sukkar,14-Jul-20,119050,61800
INDUS,Kotri,15-Jul-20,71063,28368
JHELUM,Kotli,21-Aug-20,-,
JHELUM,Mangla,27-Aug-20,130000,38261
JHELUM,Rasul,18-Sept-20,54098,34103
JHELUM,Khushab bridge,09-Oct-20,-,16445
CHENAB,Marala,12-Aug-20,71328,40305
CHENAB,Khanki,10-Aug-20,45379,37404
CHENAB,Qadirabad,31-Aug-20,70779,51834
CHENAB,Trimmu,21-Aug-20,50050,35850
CHENAB,Punjnad,29-Aug-20,52711,37711
RAVI,Jassar,21-Aug-20,-,20200
RAVI,Shahdara,21-Aug-20,-,23452
RAVI,Balloki,21-Aug-20,51795,23195
RAVI,Sidhnai,21-Aug-20,16361,661
SUTLEJ,Sulemanki,10-Jul-20,15763,3251
SUTLEJ,Islam,10-Sept-20,7839,6609
INDUS,Kalabagh,26-Aug-20,207182,199682
INDUS,Chashma,18-Jun-20,199259,193678
INDUS,Taunsa,12-Jul-20,219112,193341
INDUS,Guddu,11-Jul-20,164142,124592
INDUS,Sukkar,27-Jul-20,117335,61790
INDUS,Kotri,15-Jul-20,71063,28368
JHELUM,Kotli,22-Aug-20,-,
JHELUM,Mangla,05-Sept-20,38000,35641
JHELUM,Rasul,18-Sept-20,54098,34103
JHELUM,Khushab bridge,09-Oct-20,-,16445
CHENAB,Marala,12-Aug-20,71328,40305
CHENAB,Khanki,12-Aug-20,45379,37404
CHENAB,Qadirabad,31-Aug-20,71004,51834
CHENAB,Trimmu,30-Jun-20,35433,35433
CHENAB,Punjnad,29-Aug-20,52711,37711
RAVI,Jassar,22-Aug-20,-,21600
RAVI,Shahdara,22-Aug-20,-,24755
RAVI,Balloki,22-Aug-20,50640,22040
RAVI,Sidhnai,22-Aug-20,16361,661
SUTLEJ,Sulemanki,10-Jul-20,15763,3251
SUTLEJ,Islam,11-Sept-20,7839,6609
INDUS,Kalabagh,20-Jun-20,207129,199629
INDUS,Chashma,18-Jun-20,199259,193678
INDUS,Taunsa,13-Jul-20,219112,193341
INDUS,Guddu,12-Jul-20,164142,124592
INDUS,Sukkar,27-Jul-20,117335,61790
INDUS,Kotri,15-Jul-20,71063,28368
JHELUM,Kotli,22-Aug-20,NR,NA
JHELUM,Mangla,05-Sept-20,38000,35641
JHELUM,Rasul,18-Sept-20,54148,34103
JHELUM,Khushab bridge,10-Oct-20,-,16445
CHENAB,Marala,24-Jun-20,69940,39199
CHENAB,Khanki,12-Aug-20,45379,37404
CHENAB,Qadirabad,31-Aug-20,71229,51834
CHENAB,Trimmu,05-Sept-20,56650,34650
CHENAB,Punjnad,28-Aug-20,49891,35291
RAVI,Jassar,22-Aug-20,_,14636
RAVI,Shahdara,22-Aug-20,_,24755
RAVI,Balloki,22-Aug-20,50840,22040
RAVI,Sidhnai,22-Aug-20,20308,4608
SUTLEJ,Sulemanki,10-Jul-20,15763,3251
SUTLEJ,Islam,11-Sept-20,7839,6609
INDUS,Kalabagh,20-Jun-20,207129,199629
INDUS,Chashma,08-Sept-20,207431,193443
INDUS,Taunsa,06-Jul-20,219410,193248
INDUS,Guddu,12-Jul-20,164142,124592
INDUS,Sukkar,27-Jul-20,117335,61790
INDUS,Kotri,08-Aug-20,53110,28235
JHELUM,Kotli,22-Aug-20,NR,NA
JHELUM,Mangla,26-Sept-20,15000,35026
JHELUM,Rasul,19-Sept-20,54046,34103
JHELUM,Khushab bridge,12-Oct-20,-,16445
CHENAB,Marala,27-Jun-20,66652,34952
CHENAB,Khanki,13-Aug-20,45379,37404
CHENAB,Qadirabad,31-Aug-20,71454,51834
CHENAB,Trimmu,26-Aug-20,47107,32807
CHENAB,Punjnad,28-Aug-20,49891,35291
RAVI,Jassar,22-Aug-20,_,15874
RAVI,Shahdara,22-Aug-20,_,28014
RAVI,Balloki,22-Aug-20,47240,17340
RAVI,Sidhnai,22-Aug-20,22149,6199
SUTLEJ,Sulemanki,10-Jul-20,15763,3251
SUTLEJ,Islam,11-Sept-20,7839,6609
INDUS,Kalabagh,19-Aug-20,207440,199440
INDUS,Chashma,05-Aug-20,199496,192896
INDUS,Taunsa,06-Jul-20,219410,193248
INDUS,Guddu,12-Jul-20,164142,124592
INDUS,Sukkar,27-Jul-20,117335,61790
INDUS,Kotri,09-Aug-20,53110,28235
JHELUM,Kotli,22-Aug-20,NR,NA
JHELUM,Mangla,27-Jul-20,30000,35021
JHELUM,Rasul,19-Sept-20,54046,34103
JHELUM,Khushab bridge,12-Oct-20,-,16445
CHENAB,Marala,28-Jun-20,67012,34952
CHENAB,Khanki,15-Aug-20,45379,37404
CHENAB,Qadirabad,31-Aug-20,77679,51834
CHENAB,Trimmu,26-Aug-20,47107,32807
CHENAB,Punjnad,28-Aug-20,49891,35291
RAVI,Jassar,22-Aug-20,_,17400
RAVI,Shahdara,22-Aug-20,_,28014
RAVI,Balloki,22-Aug-20,48645,18545
RAVI,Sidhnai,22-Aug-20,24227,8477
SUTLEJ,Sulemanki,12-Sept-20,16655,3195
SUTLEJ,Islam,11-Sept-20,8139,6609
INDUS,Kalabagh,21-Jul-20,207220,199220
INDUS,Chashma,28-Jul-20,199023,192423
INDUS,Taunsa,07-Jul-20,219410,193248
INDUS,Guddu,12-Jul-20,164142,124592
INDUS,Sukkar,24-Aug-20,100132,61022
INDUS,Kotri,09-Aug-20,53110,28235
JHELUM,Kotli,23-Aug-20,NR,NA
JHELUM,Mangla,30-Sept-20,12000,34909
JHELUM,Rasul,19-Sept-20,54148,34103
JHELUM,Khushab bridge,28-Jun-20,_,15927
CHENAB,Marala,29-Jun-20,67012,34952
CHENAB,Khanki,16-Aug-20,45379,37404
CHENAB,Qadirabad,19-Aug-20,67737,51612
CHENAB,Trimmu,27-Aug-20,47107,32807
CHENAB,Punjnad,18-Sept-20,43861,28611
RAVI,Jassar,23-Aug-20,_,19500
RAVI,Shahdara,23-Aug-20,_,26711
RAVI,Balloki,23-Aug-20,48645,18545
RAVI,Sidhnai,23-Aug-20,24227,8477
SUTLEJ,Sulemanki,12-Sept-20,16655,3195
SUTLEJ,Islam,12-Sept-20,8139,6609
INDUS,Kalabagh,23-Jul-20,206297,198297
INDUS,Chashma,23-Jun-20,197828,191228
INDUS,Taunsa,07-Jul-20,219410,193248
INDUS,Guddu,01-Aug-20,156391,124171
INDUS,Sukkar,24-Aug-20,100132,61022
INDUS,Kotri,23-Jul-20,70604,28149
JHELUM,Kotli,23-Aug-20,-,-
JHELUM,Mangla,27-Aug-20,230000,34409
JHELUM,Rasul,20-Sept-20,54046,34103
JHELUM,Khushab bridge,09-Oct-20,-,15927
CHENAB,Marala,30-Jun-20,67575,34952
CHENAB,Khanki,17-Aug-20,45379,37404
CHENAB,Qadirabad,19-Aug-20,69087,51612
CHENAB,Trimmu,20-Sept-20,46288,31788
CHENAB,Punjnad,18-Sept-20,43861,28611
RAVI,Jassar,23-Aug-20,-,12571
RAVI,Shahdara,23-Aug-20,-,26711
RAVI,Balloki,23-Aug-20,48645,18545
RAVI,Sidhnai,23-Aug-20,26270,10570
SUTLEJ,Sulemanki,12-Sept-20,16655,3195
SUTLEJ,Islam,12-Sept-20,8139,6609
INDUS,Kalabagh,23-Jul-20,206297,198297
INDUS,Chashma,24-Jun-20,197247,190647
INDUS,Taunsa,15-Jul-20,221765,193165
INDUS,Guddu,01-Aug-20,156391,124171
INDUS,Sukkar,24-Aug-20,100132,61022
INDUS,Kotri,24-Jul-20,70604,28149
JHELUM,Kotli,23-Aug-20,-,-
JHELUM,Mangla,27-Aug-20,230000,34409
JHELUM,Rasul,20-Sept-20,54096,34103
JHELUM,Khushab bridge,14-Oct-20,-,15927
CHENAB,Marala,02-Jul-20,67925,34952
CHENAB,Khanki,10-Jul-20,44265,36610
CHENAB,Qadirabad,18-Aug-20,61715,50215
CHENAB,Trimmu,20-Sept-20,46288,31788
CHENAB,Punjnad,26-Aug-20,42436,26686
RAVI,Jassar,23-Aug-20,-,9964
RAVI,Shahdara,23-Aug-20,-,26711
RAVI,Balloki,23-Aug-20,48645,18545
RAVI,Sidhnai,23-Aug-20,26170,10570
SUTLEJ,Sulemanki,12-Sept-20,16655,3195
SUTLEJ,Islam,12-Sept-20,8139,6609
INDUS,Kalabagh,31-Aug-20,205257,197957
INDUS,Chashma,21-Jun-20,197134,190534
INDUS,Taunsa,15-Jul-20,221765,193165
INDUS,Guddu,01-Aug-20,156391,124171
INDUS,Sukkar,24-Aug-20,100132,61022
INDUS,Kotri,24-Jul-20,70604,28149
JHELUM,Kotli,23-Aug-20,-,-
JHELUM,Mangla,13-Oct-20,10000,33769
JHELUM,Rasul,20-Sept-20,54448,34103
JHELUM,Khushab bridge,14-Oct-20,-,15927
CHENAB,Marala,02-Jul-20,68175,34952
CHENAB,Khanki,30-Jun-20,43671,35819
CHENAB,Qadirabad,18-Aug-20,63171,50215
CHENAB,Trimmu,21-Sept-20,46288,31788
CHENAB,Punjnad,26-Aug-20,42436,26686
RAVI,Jassar,23-Aug-20,-,9591
RAVI,Shahdara,23-Aug-20,-,26711
RAVI,Balloki,23-Aug-20,48645,18545
RAVI,Sidhnai,23-Aug-20,27391,11791
SUTLEJ,Sulemanki,08-Aug-20,15955,2995
SUTLEJ,Islam,06-Sept-20,16615,6403
INDUS,Kalabagh,31-Aug-20,204857,197957
INDUS,Chashma,30-Jul-20,196996,190396
INDUS,Taunsa,16-Jul-20,221065,193165
INDUS,Guddu,01-Aug-20,156391,124171
INDUS,Sukkar,05-Jul-20,114240,59880
INDUS,Kotri,18-Aug-20,65495,27700
JHELUM,Kotli,24-Aug-20,-,-
JHELUM,Mangla,11-Oct-20,8000,33147
JHELUM,Rasul,21-Sept-20,54448,34103
JHELUM,Khushab bridge,28-Jun-20,_,15409
CHENAB,Marala,03-Jul-20,68175,34952
CHENAB,Khanki,04-Jul-20,43475,35819
CHENAB,Qadirabad,22-Aug-20,67323,49323
CHENAB,Trimmu,21-Sept-20,46288,31788
CHENAB,Punjnad,26-Aug-20,42436,26686
RAVI,Jassar,24-Aug-20,-,11081
RAVI,Shahdara,24-Aug-20,-,24755
RAVI,Balloki,24-Aug-20,48645,18545
RAVI,Sidhnai,24-Aug-20,27391,11791
SUTLEJ,Sulemanki,15-Jun-20,14971,2986
SUTLEJ,Islam,19-Jul-20,7791,6261
INDUS,Kalabagh,24-Jun-20,205740,197740
INDUS,Chashma,19-Jun-20,196055,190369
INDUS,Taunsa,28-Aug-20,207556,193056
INDUS,Guddu,04-Jul-20,162886,123230
INDUS,Sukkar,05-Jul-20,114240,59880
INDUS,Kotri,18-Aug-20,65495,27700
JHELUM,Kotli,24-Aug-20,-,-
JHELUM,Mangla,16-Jun-20,45000,31815
JHELUM,Rasul,21-Sept-20,54548,34103
JHELUM,Khushab bridge,16-Jul-20,-,15409
CHENAB,Marala,03-Jul-20,68175,34952
CHENAB,Khanki,05-Jul-20,42853,35819
CHENAB,Qadirabad,26-Aug-20,67323,49323
CHENAB,Trimmu,21-Sept-20,46288,31788
CHENAB,Punjnad,26-Aug-20,42436,26686
RAVI,Jassar,24-Aug-20,-,7849
RAVI,Shahdara,24-Aug-20,-,24755
RAVI,Balloki,24-Aug-20,48645,18545
RAVI,Sidhnai,24-Aug-20,28790,13190
SUTLEJ,Sulemanki,15-Jun-20,14922,2968
SUTLEJ,Islam,19-Jul-20,7791,6261
INDUS,Kalabagh,27-Jul-20,205481,197481
INDUS,Chashma,31-Jul-20,196967,190367
INDUS,Taunsa,28-Aug-20,207556,193056
INDUS,Guddu,04-Jul-20,162886,123230
INDUS,Sukkar,03-Aug-20,117008,59733
INDUS,Kotri,29-Sept-20,48470,27285
JHELUM,Kotli,24-Aug-20,-,-
JHELUM,Mangla,17-Jun-20,50000,31815
JHELUM,Rasul,21-Sept-20,54548,34103
JHELUM,Khushab bridge,21-Jul-20,-,15409
CHENAB,Marala,04-Jul-20,68175,34952
CHENAB,Khanki,20-Jul-20,43185,35819
CHENAB,Qadirabad,19-Aug-20,62346,48106
CHENAB,Trimmu,21-Sept-20,46288,31788
CHENAB,Punjnad,27-Aug-20,42436,26686
RAVI,Jassar,24-Aug-20,-,8597
RAVI,Shahdara,24-Aug-20,-,23452
RAVI,Balloki,24-Aug-20,47890,17390
RAVI,Sidhnai,24-Aug-20,28740,13190
SUTLEJ,Sulemanki,15-Jun-20,14922,2968
SUTLEJ,Islam,19-Jul-20,7791,6261
INDUS,Kalabagh,22-Jul-20,205342,197342
INDUS,Chashma,25-Aug-20,194738,190207
INDUS,Taunsa,28-Aug-20,208256,193056
INDUS,Guddu,31-Jul-20,158091,122829
INDUS,Sukkar,03-Aug-20,117008,59733
INDUS,Kotri,29-Sept-20,48470,27285
JHELUM,Kotli,24-Aug-20,-,
JHELUM,Mangla,17-Jun-20,47000,31815
JHELUM,Rasul,22-Sept-20,54548,34103
JHELUM,Khushab bridge,30-Jul-20,-,15409
CHENAB,Marala,05-Jul-20,67152,34952
CHENAB,Khanki,21-Jul-20,43185,35819
CHENAB,Qadirabad,19-Aug-20,6301,48106
CHENAB,Trimmu,22-Sept-20,46288,31788
CHENAB,Punjnad,27-Aug-20,42436,26686
RAVI,Jassar,24-Aug-20,-,8846
RAVI,Shahdara,24-Aug-20,-,23452
RAVI,Balloki,24-Aug-20,47890,17390
RAVI,Sidhnai,24-Aug-20,28740,13170
SUTLEJ,Sulemanki,16-Jun-20,14971,2968
SUTLEJ,Islam,19-Jul-20,7891,6261
INDUS,Kalabagh,27-Aug-20,204043,196543
INDUS,Chashma,22-Jun-20,195664,190083
INDUS,Taunsa,28-Aug-20,208256,193056
INDUS,Guddu,23-Jun-20,160400,122822
INDUS,Sukkar,03-Aug-20,117008,59733
INDUS,Kotri,29-Sept-20,48470,27285
JHELUM,Kotli,25-Aug-20,-,
JHELUM,Mangla,17-Jun-20,50000,31815
JHELUM,Rasul,22-Sept-20,54898,34103
JHELUM,Khushab bridge,29-Jun-20,_,14890
CHENAB,Marala,05-Jul-20,67152,34952
CHENAB,Khanki,02-Aug-20,43137,35819
CHENAB,Qadirabad,20-Aug-20,66106,48106
CHENAB,Trimmu,22-Sept-20,46288,31788
CHENAB,Punjnad,27-Aug-20,41836,26686
RAVI,Jassar,25-Aug-20,-,9219
RAVI,Shahdara,25-Aug-20,-,21191
RAVI,Balloki,25-Aug-20,45585,15085
RAVI,Sidhnai,25-Aug-20,30343,14793
SUTLEJ,Sulemanki,16-Jun-20,14971,2968
SUTLEJ,Islam,20-Jul-20,7891,6261
INDUS,Kalabagh,19-Jun-20,203316,195816
INDUS,Chashma,19-Jun-20,196679,190079
INDUS,Taunsa,16-Jul-20,219535,191635
INDUS,Guddu,23-Jun-20,160400,122822
INDUS,Sukkar,14-Jul-20,116765,59515
INDUS,Kotri,23-Jul-20,68929,26474
JHELUM,Kotli,25-Aug-20,-,-
JHELUM,Mangla,18-Jun-20,50000,31815
JHELUM,Rasul,23-Sept-20,54898,34103
JHELUM,Khushab bridge,14-Jul-20,-,14890
CHENAB,Marala,05-Jul-20,67549,34952
CHENAB,Khanki,03-Aug-20,43137,35819
CHENAB,Qadirabad,20-Aug-20,66106,48106
CHENAB,Trimmu,22-Sept-20,46288,31788
CHENAB,Punjnad,27-Aug-20,41836,26686
RAVI,Jassar,25-Aug-20,-,9964
RAVI,Shahdara,25-Aug-20,-,21191
RAVI,Balloki,25-Aug-20,44430,13930
RAVI,Sidhnai,25-Aug-20,32286,16736
SUTLEJ,Sulemanki,16-Jun-20,15030,2968
SUTLEJ,Islam,20-Jul-20,7891,6261
INDUS,Kalabagh,12-Aug-20,203989,195789
INDUS,Chashma,01-Aug-20,194600,190069
INDUS,Taunsa,07-Jul-20,218112,191469
INDUS,Guddu,18-Sept-20,146881,122781
INDUS,Sukkar,14-Jul-20,116765,59515
INDUS,Kotri,24-Jul-20,68929,26474
JHELUM,Kotli,25-Aug-20,-,-
JHELUM,Mangla,18-Jun-20,48000,31815
JHELUM,Rasul,23-Sept-20,54898,34103
JHELUM,Khushab bridge,19-Jul-20,_,14890
CHENAB,Marala,06-Jul-20,67652,34952
CHENAB,Khanki,24-Aug-20,43101,35819
CHENAB,Qadirabad,31-Aug-20,69830,47830
CHENAB,Trimmu,22-Sept-20,46288,31788
CHENAB,Punjnad,27-Aug-20,41836,26686
RAVI,Jassar,25-Aug-20,-,10336
RAVI,Shahdara,25-Aug-20,-,21191
RAVI,Balloki,25-Aug-20,42175,11625
RAVI,Sidhnai,25-Aug-20,32286,16736
SUTLEJ,Sulemanki,16-Jun-20,15070,2968
SUTLEJ,Islam,20-Jul-20,7891,6261
INDUS,Kalabagh,12-Aug-20,203989,195789
INDUS,Chashma,07-Aug-20,195247,190062
INDUS,Taunsa,07-Jul-20,218112,191469
INDUS,Guddu,18-Sept-20,146881,122781
INDUS,Sukkar,28-Jul-20,115832,58682
INDUS,Kotri,24-Jul-20,68929,26474
JHELUM,Kotli,25-Aug-20,-,-
JHELUM,Mangla,18-Jun-20,50000,31815
JHELUM,Rasul,24-Sept-20,54898,34103
JHELUM,Khushab bridge,21-Jul-20,-,14890
CHENAB,Marala,06-Jul-20,67675,34952
CHENAB,Khanki,29-Jun-20,45256,35404
CHENAB,Qadirabad,01-Sept-20,69830,47830
CHENAB,Trimmu,23-Sept-20,46288,31788
CHENAB,Punjnad,27-Aug-20,41836,26686
RAVI,Jassar,25-Aug-20,-,11454
RAVI,Shahdara,25-Aug-20,-,21191
RAVI,Balloki,25-Aug-20,39815,9265
RAVI,Sidhnai,25-Aug-20,31386,16736
SUTLEJ,Sulemanki,27-Aug-20,16430,2737
SUTLEJ,Islam,20-Jul-20,7891,6261
INDUS,Kalabagh,22-Aug-20,203158,195658
INDUS,Chashma,30-Jul-20,196661,190061
INDUS,Taunsa,08-Jul-20,218112,191469
INDUS,Guddu,11-Aug-20,146070,122060
INDUS,Sukkar,28-Jul-20,115832,58682
INDUS,Kotri,24-Aug-20,37525,26250
JHELUM,Kotli,26-Aug-20,-,-
JHELUM,Mangla,19-Jun-20,50000,31815
JHELUM,Rasul,25-Sept-20,54773,34103
JHELUM,Khushab bridge,28-Jul-20,-,14890
CHENAB,Marala,06-Jul-20,67675,34952
CHENAB,Khanki,26-Jun-20,42028,35176
CHENAB,Qadirabad,02-Sept-20,69830,47830
CHENAB,Trimmu,23-Sept-20,46288,31788
CHENAB,Punjnad,27-Aug-20,40986,26686
RAVI,Jassar,26-Aug-20,-,12984
RAVI,Shahdara,26-Aug-20,-,21191
RAVI,Balloki,26-Aug-20,39815,9265
RAVI,Sidhnai,26-Aug-20,32186,16736
SUTLEJ,Sulemanki,27-Aug-20,16430,2737
SUTLEJ,Islam,26-Jul-20,7761,6261
INDUS,Kalabagh,23-Jun-20,202671,195171
INDUS,Chashma,24-Jun-20,196656,190056
INDUS,Taunsa,08-Jul-20,218112,191469
INDUS,Guddu,28-Jul-20,158754,121300
INDUS,Sukkar,28-Jul-20,115832,58682
INDUS,Kotri,24-Aug-20,37525,26250
JHELUM,Kotli,26-Aug-20,-,-
JHELUM,Mangla,19-Jun-20,49000,31815
JHELUM,Rasul,15-Jun-20,34820,31420
JHELUM,Khushab bridge,29-Jul-20,_,14890
CHENAB,Marala,09-Jul-20,67975,34952
CHENAB,Khanki,09-Sept-20,41965,35072
CHENAB,Qadirabad,02-Sept-20,69830,47830
CHENAB,Trimmu,23-Sept-20,46288,31788
CHENAB,Punjnad,27-Aug-20,40986,26686
RAVI,Jassar,26-Aug-20,-,13810
RAVI,Shahdara,26-Aug-20,-,21191
RAVI,Balloki,26-Aug-20,39415,9265
RAVI,Sidhnai,26-Aug-20,32186,16736
SUTLEJ,Sulemanki,27-Aug-20,16430,2737
SUTLEJ,Islam,26-Jul-20,7761,6261
INDUS,Kalabagh,25-Jun-20,202876,194876
INDUS,Chashma,25-Jun-20,197894,190056
INDUS,Taunsa,02-Jul-20,218788,191228
INDUS,Guddu,04-Jul-20,160357,121297
INDUS,Sukkar,28-Jul-20,115832,58682
INDUS,Kotri,16-Jul-20,68941,26246
JHELUM,Kotli,26-Aug-20,-,NA
JHELUM,Mangla,20-Jun-20,52000,31815
JHELUM,Rasul,16-Jun-20,34465,31420
JHELUM,Khushab bridge,30-Jul-20,-,14890
CHENAB,Marala,10-Jul-20,67975,34952
CHENAB,Khanki,22-Jul-20,42113,34996
CHENAB,Qadirabad,18-Aug-20,57418,47418
CHENAB,Trimmu,20-Aug-20,45283,31083
CHENAB,Punjnad,28-Aug-20,40986,26686
RAVI,Jassar,26-Aug-20,-,15874
RAVI,Shahdara,26-Aug-20,-,22322
RAVI,Balloki,26-Aug-20,40675,11575
RAVI,Sidhnai,26-Aug-20,32186,16736
SUTLEJ,Sulemanki,27-Aug-20,16430,2737
SUTLEJ,Islam,26-Jul-20,7761,6261
INDUS,Kalabagh,03-Aug-20,202835,194835
INDUS,Chashma,07-Aug-20,196640,190040
INDUS,Taunsa,02-Jul-20,218788,191228
INDUS,Guddu,24-Jun-20,159709,121144
INDUS,Sukkar,13-Jul-20,114530,57700
INDUS,Kotri,13-Jul-20,68800,26245
JHELUM,Kotli,26-Aug-20,-,NA
JHELUM,Mangla,20-Jun-20,50000,31815
JHELUM,Rasul,18-Jun-20,34465,31420
JHELUM,Khushab bridge,30-Jul-20,-,14890
CHENAB,Marala,10-Jul-20,67975,34952
CHENAB,Marala,10-Jul-20,67975,34952
CHENAB,Marala,10-Jul-20,67975,34952
CHENAB,Khanki,25-Jun-20,42040,34176
CHENAB,Qadirabad,18-Aug-20,57418,47418
CHENAB,Trimmu,16-Jun-20,45276,31076
CHENAB,Punjnad,28-Aug-20,40986,26686
RAVI,Jassar,26-Aug-20,-,16287
RAVI,Shahdara,26-Aug-20,-,22322
RAVI,Balloki,26-Aug-20,40675,11575
RAVI,Sidhnai,26-Aug-20,32036,16736
SUTLEJ,Sulemanki,27-Aug-20,16430,2737
SUTLEJ,Islam,26-Jul-20,8761,6261
INDUS,Kalabagh,05-Aug-20,202835,194835
INDUS,Chashma,02-Aug-20,196624,190024
INDUS,Taunsa,03-Jul-20,218788,191228
INDUS,Guddu,24-Jun-20,159709,121144
INDUS,Sukkar,13-Jul-20,114530,57700
INDUS,Kotri,13-Jul-20,68800,26245
JHELUM,Kotli,26-Aug-20,-,
JHELUM,Mangla,21-Jun-20,50000,31815
JHELUM,Mangla,21-Jun-20,50000,31815
JHELUM,Mangla,22-Jun-20,48000,31815
JHELUM,Mangla,22-Jun-20,48000,31815
JHELUM,Mangla,23-Jun-20,48000,31815
JHELUM,Mangla,23-Jun-20,46000,31815
JHELUM,Rasul,22-Jun-20,39568,31420
JHELUM,Rasul,23-Jun-20,39568,31420
JHELUM,Rasul,23-Jun-20,39568,31420
JHELUM,Khushab bridge,30-Jul-20,_,14890
CHENAB,Marala,11-Jul-20,67975,34952
CHENAB,Khanki,27-Jun-20,42028,34176
CHENAB,Khanki,29-Jun-20,42028,34176
CHENAB,Khanki,30-Jun-20,42028,34176
CHENAB,Qadirabad,02-Sept-20,67426,45426
CHENAB,Trimmu,16-Jun-20,45276,31076
CHENAB,Punjnad,15-Jun-20,38680,23330
RAVI,Jassar,26-Aug-20,-,16287
RAVI,Shahdara,26-Aug-20,-,22862
RAVI,Balloki,26-Aug-20,40475,11575
RAVI,Sidhnai,26-Aug-20,32036,16736
SUTLEJ,Sulemanki,27-Aug-20,16430,2737
SUTLEJ,Islam,27-Jul-20,8761,6261
INDUS,Kalabagh,05-Aug-20,202835,194835
INDUS,Chashma,01-Aug-20,196619,190019
INDUS,Taunsa,09-Jul-20,216430,190971
INDUS,Guddu,24-Jun-20,159709,121144
INDUS,Sukkar,13-Jul-20,114530,57700
INDUS,Kotri,13-Jul-20,68800,26245
JHELUM,Kotli,27-Aug-20,-,
JHELUM,Mangla,24-Jun-20,52000,31815
JHELUM,Rasul,31-Aug-20,30901,30336
JHELUM,Khushab bridge,03-Aug-20,-,14890
CHENAB,Marala,11-Jul-20,67975,34952
CHENAB,Marala,11-Jul-20,67975,34952
CHENAB,Marala,11-Jul-20,67952,34952
CHENAB,Marala,12-Jul-20,67752,34952
CHENAB,Marala,12-Jul-20,68075,34952
CHENAB,Khanki,04-Jul-20,41832,34176
CHENAB,Qadirabad,17-Aug-20,55627,44852
CHENAB,Trimmu,27-Aug-20,44330,30030
CHENAB,Punjnad,15-Jun-20,38680,23330
RAVI,Jassar,27-Aug-20,-,17400
RAVI,Shahdara,27-Aug-20,-,22862
RAVI,Balloki,27-Aug-20,39320,10420
RAVI,Sidhnai,27-Aug-20,31635,16335
SUTLEJ,Sulemanki,27-Aug-20,16430,2737
SUTLEJ,Islam,27-Jul-20,8761,6261
INDUS,Kalabagh,22-Aug-20,202203,194703
INDUS,Chashma,25-Jun-20,196614,190014
INDUS,Taunsa,01-Jul-20,219727,190927
INDUS,Guddu,24-Jun-20,159709,121144
INDUS,Sukkar,13-Jul-20,114530,57700
INDUS,Kotri,13-Jul-20,68800,26245
JHELUM,Kotli,27-Aug-20,-,
JHELUM,Mangla,24-Jun-20,53000,31815
JHELUM,Rasul,31-Aug-20,30336,30336
JHELUM,Khushab bridge,20-Jul-20,-,14473
CHENAB,Marala,13-Jul-20,68075,34952
CHENAB,Marala,19-Jul-20,68152,34952
CHENAB,Marala,20-Jul-20,67152,34952
CHENAB,Khanki,05-Jul-20,41210,34176
CHENAB,Qadirabad,20-Aug-20,61830,43830
CHENAB,Trimmu,20-Sept-20,44405,29905
CHENAB,Punjnad,15-Jun-20,38680,23330
RAVI,Jassar,27-Aug-20,-,18800
RAVI,Shahdara,27-Aug-20,-,23452
RAVI,Balloki,27-Aug-20,39320,10420
RAVI,Sidhnai,27-Aug-20,31635,16335
SUTLEJ,Sulemanki,28-Aug-20,16430,2737
SUTLEJ,Islam,27-Jul-20,8761,6261
INDUS,Kalabagh,26-Jul-20,202617,194617
INDUS,Chashma,29-Jul-20,196611,190011
INDUS,Taunsa,20-Jul-20,215111,190911
INDUS,Guddu,25-Jun-20,159409,121144
INDUS,Sukkar,12-Jul-20,112745,56225
INDUS,Kotri,22-Aug-20,41295,26150
JHELUM,Kotli,27-Aug-20,-,-
JHELUM,Mangla,25-Jun-20,55000,31815
JHELUM,Rasul,31-Aug-20,30336,30336
JHELUM,Khushab bridge,14-Jul-20,-,14373
CHENAB,Marala,20-Jul-20,67152,34952
CHENAB,Marala,20-Jul-20,65052,34952
CHENAB,Marala,21-Jul-20,65052,34952
CHENAB,Khanki,05-Jul-20,41210,34176
CHENAB,Qadirabad,20-Aug-20,61830,43830
CHENAB,Trimmu,17-Jun-20,44162,29562
CHENAB,Punjnad,16-Jun-20,38680,23330
RAVI,Jassar,27-Aug-20,-,18800
RAVI,Shahdara,27-Aug-20,-,23452
RAVI,Balloki,27-Aug-20,41625,12725
RAVI,Sidhnai,27-Aug-20,31635,16335
SUTLEJ,Sulemanki,28-Aug-20,15824,2737
SUTLEJ,Islam,27-Jul-20,8761,6261
INDUS,Kalabagh,28-Jul-20,202817,194617
INDUS,Chashma,31-Jul-20,196600,190000
INDUS,Taunsa,20-Jul-20,215111,190911
INDUS,Guddu,25-Jun-20,159409,121144
INDUS,Sukkar,12-Jul-20,112745,56225
INDUS,Kotri,22-Aug-20,41285,26150
JHELUM,Kotli,27-Aug-20,-,-
JHELUM,Mangla,06-Sept-20,36000,31541
JHELUM,Rasul,31-Aug-20,30901,30336
JHELUM,Khushab bridge,16-Jul-20,-,14373
CHENAB,Marala,22-Jul-20,65052,34952
CHENAB,Marala,26-Jul-20,65175,34952
CHENAB,Marala,26-Jul-20,65175,34952
CHENAB,Khanki,05-Jul-20,41410,34176
CHENAB,Qadirabad,21-Aug-20,61830,43830
CHENAB,Trimmu,17-Jun-20,44112,29562
CHENAB,Punjnad,16-Jun-20,38680,23330
RAVI,Jassar,27-Aug-20,-,24940
RAVI,Shahdara,27-Aug-20,-,27362
RAVI,Balloki,27-Aug-20,41625,12725
RAVI,Sidhnai,27-Aug-20,31635,16335
SUTLEJ,Sulemanki,28-Aug-20,15824,2737
SUTLEJ,Islam,26-Aug-20,7258,5828
INDUS,Kalabagh,04-Aug-20,202357,194357
INDUS,Chashma,26-Jun-20,196598,189998
INDUS,Taunsa,20-Jul-20,214611,190911
INDUS,Guddu,25-Jun-20,159409,121144
INDUS,Sukkar,12-Jul-20,112745,56225
INDUS,Kotri,10-Aug-20,51220,25945
JHELUM,Kotli,27-Aug-20,-,NR
JHELUM,Mangla,06-Sept-20,36000,31541
JHELUM,Rasul,01-Sept-20,30336,30336
JHELUM,Khushab bridge,18-Jul-20,_,14373
CHENAB,Marala,28-Jul-20,67175,34952
CHENAB,Marala,29-Jul-20,67175,34952
CHENAB,Marala,29-Jul-20,67175,34952
CHENAB,Khanki,06-Jul-20,41446,34176
CHENAB,Qadirabad,22-Aug-20,61830,43830
CHENAB,Trimmu,16-Jun-20,43235,29035
CHENAB,Punjnad,16-Jun-20,38680,23330
RAVI,Jassar,27-Aug-20,-,23700
RAVI,Shahdara,27-Aug-20,-,29317
RAVI,Balloki,27-Aug-20,41625,12725
RAVI,Sidhnai,27-Aug-20,32038,16388
SUTLEJ,Sulemanki,28-Aug-20,15824,2737
SUTLEJ,Islam,17-Jul-20,6558,5028
INDUS,Kalabagh,15-Aug-20,202554,194354
INDUS,Chashma,30-Jul-20,196590,189990
INDUS,Taunsa,20-Jul-20,214611,190911
INDUS,Guddu,25-Jun-20,159409,121144
INDUS,Sukkar,12-Jul-20,112745,56225
INDUS,Kotri,22-Aug-20,39446,24311
JHELUM,Kotli,27-Aug-20,-,-
JHELUM,Mangla,25-Jun-20,53000,31215
JHELUM,Rasul,01-Sept-20,30336,30336
JHELUM,Khushab bridge,01-Aug-20,_,14373
CHENAB,Marala,29-Jul-20,66175,34952
CHENAB,Marala,30-Jul-20,67175,34952
CHENAB,Marala,30-Jul-20,66175,34952
CHENAB,Khanki,07-Jul-20,41831,34176
CHENAB,Qadirabad,23-Aug-20,61830,43830
CHENAB,Trimmu,16-Jun-20,43335,29035
CHENAB,Punjnad,18-Sept-20,37358,21908
RAVI,Jassar,27-Aug-20,-,22300
RAVI,Shahdara,27-Aug-20,-,30692
RAVI,Balloki,27-Aug-20,41625,12725
RAVI,Sidhnai,27-Aug-20,30118,14468
SUTLEJ,Sulemanki,28-Aug-20,15824,2737
SUTLEJ,Islam,17-Jul-20,6558,5028
INDUS,Kalabagh,16-Aug-20,202080,193880
INDUS,Chashma,02-Aug-20,196590,189990
INDUS,Taunsa,21-Jul-20,214611,190911
INDUS,Guddu,28-Jul-20,157626,120172
INDUS,Sukkar,20-Sept-20,91250,56020
INDUS,Kotri,22-Aug-20,39446,24311
JHELUM,Kotli,27-Aug-20,-,NA
JHELUM,Mangla,11-Oct-20,9000,30815
JHELUM,Rasul,01-Sept-20,30336,30336
JHELUM,Khushab bridge,15-Sept-20,-,14373
CHENAB,Marala,31-Jul-20,66175,34952
CHENAB,Marala,31-Jul-20,66175,34952
CHENAB,Marala,01-Aug-20,66175,34952
CHENAB,Khanki,20-Jul-20,41869,34176
CHENAB,Qadirabad,02-Sept-20,64738,42738
CHENAB,Trimmu,23-Sept-20,43179,28679
CHENAB,Punjnad,19-Sept-20,37358,21908
RAVI,Jassar,27-Aug-20,-,25560
RAVI,Shahdara,27-Aug-20,-,32861
RAVI,Balloki,27-Aug-20,45090,16190
RAVI,Sidhnai,27-Aug-20,30118,14468
SUTLEJ,Sulemanki,07-Aug-20,16583,2667
SUTLEJ,Islam,17-Jul-20,6558,5028
INDUS,Kalabagh,17-Jun-20,200836,193336
INDUS,Chashma,03-Aug-20,196590,189990
INDUS,Taunsa,22-Jul-20,215838,190838
INDUS,Guddu,28-Jul-20,157626,120172
INDUS,Sukkar,20-Sept-20,91250,56020
INDUS,Kotri,24-Aug-20,37386,24311
JHELUM,Kotli,27-Aug-20,-,
JHELUM,Mangla,12-Oct-20,9000,30815
JHELUM,Mangla,13-Oct-20,10000,30815
JHELUM,Mangla,14-Oct-20,9000,30815
JHELUM,Mangla,14-Oct-20,9000,30815
JHELUM,Mangla,10-Jul-20,44000,30615
JHELUM,Mangla,10-Jul-20,40000,30615
JHELUM,Mangla,11-Jul-20,44000,30615
JHELUM,Mangla,19-Jul-20,36000,30615
JHELUM,Mangla,10-Oct-20,8000,30615
JHELUM,Mangla,15-Jul-20,34000,30415
JHELUM,Mangla,23-Jul-20,30000,30015
JHELUM,Mangla,24-Jul-20,29000,30015
JHELUM,Mangla,24-Jul-20,30000,30015
JHELUM,Mangla,25-Jul-20,42000,30015
JHELUM,Mangla,25-Jul-20,31000,30015
JHELUM,Mangla,26-Jul-20,29000,30015
JHELUM,Mangla,26-Jul-20,29000,30015
JHELUM,Mangla,27-Jul-20,29000,30015
JHELUM,Mangla,03-Oct-20,12000,30015
JHELUM,Mangla,16-Jul-20,35000,29815
JHELUM,Mangla,27-Jun-20,60000,29415
JHELUM,Mangla,28-Jun-20,60000,29415
JHELUM,Mangla,26-Jun-20,50000,29215
JHELUM,Mangla,17-Jul-20,35000,29215
JHELUM,Rasul,01-Sept-20,30336,30336
JHELUM,Rasul,10-Sept-20,31306,30336
JHELUM,Rasul,16-Sept-20,50436,30336
JHELUM,Rasul,24-Sept-20,50824,30336
JHELUM,Rasul,24-Sept-20,51029,30336
JHELUM,Rasul,26-Sept-20,51006,30336
JHELUM,Rasul,27-Sept-20,51276,30336
JHELUM,Rasul,27-Sept-20,51276,30336
JHELUM,Rasul,18-Jun-20,35560,27515
JHELUM,Rasul,19-Jun-20,35560,27515
JHELUM,Rasul,19-Jun-20,35560,27515
JHELUM,Rasul,20-Jun-20,35560,27515
JHELUM,Rasul,20-Jun-20,35560,27515
JHELUM,Rasul,26-Jul-20,35410,27515
JHELUM,Rasul,27-Jul-20,35410,27515
JHELUM,Rasul,27-Jul-20,35410,27515
JHELUM,Rasul,26-Aug-20,30039,27039
JHELUM,Khushab bridge,15-Sept-20,-,14373
CHENAB,Marala,02-Aug-20,66075,34952
CHENAB,Khanki,20-Jul-20,41844,34176
CHENAB,Khanki,29-Jul-20,41590,34176
CHENAB,Khanki,30-Jul-20,41590,34176
CHENAB,Khanki,30-Jul-20,41590,34176
CHENAB,Khanki,01-Aug-20,41590,34176
CHENAB,Khanki,02-Aug-20,41494,34176
CHENAB,Khanki,12-Aug-20,42151,34176
CHENAB,Khanki,13-Aug-20,42151,34176
CHENAB,Khanki,13-Aug-20,42151,34176
CHENAB,Khanki,25-Aug-20,41458,34176
CHENAB,Khanki,06-Jul-20,40134,32864
CHENAB,Khanki,27-Jun-20,40312,32460
CHENAB,Khanki,27-Jun-20,40312,32460
CHENAB,Khanki,28-Jun-20,40312,32460
CHENAB,Khanki,06-Jul-20,39694,32460
CHENAB,Khanki,07-Jul-20,39730,32460
CHENAB,Khanki,10-Jul-20,40312,32460
CHENAB,Khanki,10-Jul-20,40312,32460
CHENAB,Khanki,11-Jul-20,40177,32460
CHENAB,Khanki,12-Jul-20,40177,32460
CHENAB,Khanki,21-Jul-20,39623,32460
CHENAB,Khanki,21-Jul-20,39529,32460
CHENAB,Khanki,26-Jul-20,39802,32460
CHENAB,Khanki,30-Jul-20,39874,32460
CHENAB,Qadirabad,02-Sept-20,64738,42738
CHENAB,Qadirabad,02-Sept-20,64738,42738
CHENAB,Qadirabad,03-Sept-20,64738,42738
CHENAB,Qadirabad,10-Aug-20,57949,40949
CHENAB,Qadirabad,11-Aug-20,57949,40949
CHENAB,Qadirabad,11-Aug-20,57949,40949
CHENAB,Qadirabad,05-Sept-20,51630,40380
CHENAB,Qadirabad,21-Aug-20,58220,40220
CHENAB,Qadirabad,03-Sept-20,60244,38244
CHENAB,Qadirabad,03-Sept-20,60244,38244
CHENAB,Qadirabad,10-Aug-20,54201,37201
CHENAB,Trimmu,24-Sept-20,43179,28679
CHENAB,Punjnad,19-Sept-20,37358,21908
RAVI,Jassar,27-Aug-20,-,25560
RAVI,Shahdara,27-Aug-20,-,33585
RAVI,Balloki,27-Aug-20,50150,23150
RAVI,Sidhnai,27-Aug-20,30118,14468
SUTLEJ,Sulemanki,07-Aug-20,16583,2667
SUTLEJ,Islam,17-Jul-20,6558,5028
INDUS,Kalabagh,17-Jun-20,200836,193336
INDUS,Chashma,24-Jun-20,196584,189984
INDUS,Taunsa,23-Jul-20,215838,190838
INDUS,Guddu,28-Jul-20,157626,120172
INDUS,Sukkar,05-Jul-20,112515,55855
INDUS,Kotri,24-Aug-20,37386,24311
JHELUM,Kotli,28-Aug-20,-,
JHELUM,Mangla,27-Aug-20,176000,29015
JHELUM,Rasul,17-Sept-20,46462,26567
JHELUM,Khushab bridge,17-Sept-20,-,14373
CHENAB,Marala,03-Aug-20,67175,34952
CHENAB,Khanki,31-Jul-20,39874,32460
CHENAB,Qadirabad,11-Aug-20,54201,37201
CHENAB,Trimmu,24-Sept-20,43179,28679
CHENAB,Punjnad,19-Sept-20,37508,21908
RAVI,Jassar,28-Aug-20,-,26800
RAVI,Shahdara,28-Aug-20,-,33585
RAVI,Balloki,28-Aug-20,49150,23150
RAVI,Sidhnai,28-Aug-20,29243,13593
SUTLEJ,Sulemanki,07-Aug-20,16613,2667
SUTLEJ,Islam,18-Jul-20,6558,5028
INDUS,Kalabagh,16-Jun-20,200708,193208
INDUS,Chashma,22-Jun-20,196574,189974
INDUS,Taunsa,09-Jul-20,215908,190509
INDUS,Guddu,29-Jul-20,157476,120172
INDUS,Sukkar,05-Jul-20,112515,55855
INDUS,Kotri,01-Aug-20,63807,23632
JHELUM,Kotli,28-Aug-20,-,
JHELUM,Mangla,27-Aug-20,176000,29015
JHELUM,Rasul,20-Sept-20,46912,26567
JHELUM,Khushab bridge,24-Jul-20,-,14000
CHENAB,Marala,03-Aug-20,66175,34952
CHENAB,Marala,04-Aug-20,66175,34952
CHENAB,Marala,04-Aug-20,66175,34952
CHENAB,Khanki,31-Jul-20,39874,32460
CHENAB,Qadirabad,14-Aug-20,54201,37201
CHENAB,Trimmu,24-Sept-20,43179,28679
CHENAB,Punjnad,19-Sept-20,37358,21908
RAVI,Jassar,28-Aug-20,-,30690
RAVI,Shahdara,28-Aug-20,-,34308
RAVI,Balloki,28-Aug-20,49150,23150
RAVI,Sidhnai,28-Aug-20,29243,13593
SUTLEJ,Sulemanki,07-Aug-20,16613,2667
SUTLEJ,Islam,18-Jul-20,6558,5028
INDUS,Kalabagh,23-Aug-20,200293,192793
INDUS,Chashma,23-Jun-20,196574,189974
INDUS,Taunsa,09-Jul-20,215908,190509
INDUS,Guddu,30-Jul-20,157476,120172
INDUS,Sukkar,23-Aug-20,97870,55380
INDUS,Kotri,01-Aug-20,63807,23632
JHELUM,Kotli,28-Aug-20,-,-
JHELUM,Mangla,27-Aug-20,176000,29015
JHELUM,Rasul,21-Sept-20,46912,26567
JHELUM,Khushab bridge,14-Jul-20,_,13854
CHENAB,Marala,05-Aug-20,66175,34952
CHENAB,Marala,05-Aug-20,66275,34952
CHENAB,Marala,06-Aug-20,66275,34952
CHENAB,Khanki,31-Jul-20,39874,32460
CHENAB,Qadirabad,14-Aug-20,54201,37201
CHENAB,Trimmu,24-Sept-20,43179,28679
CHENAB,Punjnad,20-Sept-20,37508,21908
RAVI,Jassar,28-Aug-20,-,32270
RAVI,Shahdara,28-Aug-20,-,34308
RAVI,Balloki,28-Aug-20,49150,23150
RAVI,Sidhnai,28-Aug-20,29243,13593
SUTLEJ,Sulemanki,17-Aug-20,16763,2635
SUTLEJ,Islam,18-Jul-20,6558,5028
INDUS,Kalabagh,24-Jul-20,200708,192708
INDUS,Chashma,29-Jul-20,196557,189957
INDUS,Taunsa,10-Jul-20,215908,190509
INDUS,Guddu,30-Jul-20,157476,120172
INDUS,Sukkar,23-Aug-20,97870,55380
INDUS,Kotri,01-Aug-20,63807,23632
JHELUM,Kotli,28-Aug-20,-,16989
JHELUM,Mangla,27-Aug-20,176000,29015
JHELUM,Rasul,23-Sept-20,47362,26567
JHELUM,Khushab bridge,15-Jul-20,_,13854
CHENAB,Marala,06-Aug-20,66275,34952
CHENAB,Khanki,02-Aug-20,39874,32460
CHENAB,Qadirabad,24-Aug-20,54339,36339
CHENAB,Trimmu,15-Jun-20,42457,28251
CHENAB,Punjnad,16-Jun-20,35052,19702
RAVI,Jassar,28-Aug-20,-,28040
RAVI,Shahdara,28-Aug-20,-,34308
RAVI,Balloki,28-Aug-20,50355,24355
RAVI,Sidhnai,28-Aug-20,29443,13593
SUTLEJ,Sulemanki,17-Aug-20,16670,2635
SUTLEJ,Islam,18-Jul-20,6558,5028
INDUS,Kalabagh,26-Jun-20,200479,192479
INDUS,Chashma,31-Jul-20,196549,189949
INDUS,Taunsa,08-Jul-20,216430,190383
INDUS,Guddu,30-Jul-20,157476,120172
INDUS,Sukkar,23-Aug-20,97870,55380
INDUS,Kotri,01-Aug-20,63807,23632
JHELUM,Kotli,28-Aug-20,-,14605
JHELUM,Mangla,30-Aug-20,37000,29015
JHELUM,Rasul,23-Sept-20,47362,26567
JHELUM,Khushab bridge,15-Jul-20,-,13854
CHENAB,Marala,06-Aug-20,66275,34952
CHENAB,Marala,07-Aug-20,66275,34952
CHENAB,Marala,07-Aug-20,66275,34952
CHENAB,Khanki,02-Aug-20,39778,32460
CHENAB,Qadirabad,03-Sept-20,57834,35834
CHENAB,Trimmu,15-Jun-20,42457,28251
CHENAB,Punjnad,17-Jun-20,35052,19702
RAVI,Jassar,28-Aug-20,-,23700
RAVI,Shahdara,28-Aug-20,-,34300
RAVI,Balloki,28-Aug-20,53325,27325
RAVI,Sidhnai,28-Aug-20,28278,12323
SUTLEJ,Sulemanki,29-Jul-20,15794,2584
SUTLEJ,Islam,21-Jul-20,5028,5028
INDUS,Kalabagh,26-Jun-20,200479,192479
INDUS,Chashma,02-Aug-20,196548,189948
INDUS,Taunsa,09-Jul-20,216430,190383
INDUS,Guddu,03-Aug-20,157476,120172
INDUS,Sukkar,23-Aug-20,97870,55380
INDUS,Kotri,10-Aug-20,50566,23631
JHELUM,Kotli,28-Aug-20,-,13890
JHELUM,Mangla,30-Aug-20,37000,29015
JHELUM,Rasul,25-Sept-20,47260,26567
JHELUM,Khushab bridge,18-Jul-20,_,13854
CHENAB,Marala,08-Aug-20,66275,34952
CHENAB,Marala,12-Aug-20,65975,34952
CHENAB,Marala,08-Jul-20,67875,34652
CHENAB,Khanki,03-Aug-20,39874,32460
CHENAB,Qadirabad,03-Sept-20,57834,35834
CHENAB,Trimmu,15-Jun-20,42288,28088
CHENAB,Punjnad,17-Jun-20,35052,19702
RAVI,Jassar,28-Aug-20,-,20200
RAVI,Shahdara,28-Aug-20,-,33558
RAVI,Balloki,28-Aug-20,55700,29700
RAVI,Sidhnai,28-Aug-20,25326,9376
SUTLEJ,Sulemanki,28-Jul-20,15553,2582
SUTLEJ,Islam,22-Jul-20,5028,5028
INDUS,Kalabagh,15-Jun-20,199753,192253
INDUS,Chashma,24-Jun-20,197652,189932
INDUS,Taunsa,08-Jul-20,216430,190213
INDUS,Guddu,29-Jul-20,157626,120026
INDUS,Sukkar,07-Aug-20,104080,54650
INDUS,Kotri,13-Aug-20,53904,23369
JHELUM,Kotli,28-Aug-20,-,13017
JHELUM,Mangla,31-Aug-20,70000,29015
JHELUM,Rasul,25-Sept-20,47237,26567
JHELUM,Khushab bridge,19-Jul-20,-,13854
CHENAB,Marala,08-Sept-20,52426,34326
CHENAB,Marala,24-Jun-20,63694,33286
CHENAB,Marala,08-Aug-20,62904,31581
CHENAB,Khanki,09-Aug-20,40435,32460
CHENAB,Qadirabad,03-Sept-20,57834,35834
CHENAB,Trimmu,20-Sept-20,42540,28040
CHENAB,Punjnad,17-Jun-20,35052,19702
RAVI,Jassar,28-Aug-20,-,20900
RAVI,Shahdara,28-Aug-20,-,33585
RAVI,Balloki,28-Aug-20,59790,33790
RAVI,Sidhnai,28-Aug-20,25076,9376
SUTLEJ,Sulemanki,28-Jul-20,15553,2582
SUTLEJ,Islam,22-Jul-20,5028,5028
INDUS,Kalabagh,15-Jun-20,199753,192253
INDUS,Chashma,28-Jul-20,196525,189925
INDUS,Taunsa,11-Jul-20,214363,189143
INDUS,Guddu,29-Jul-20,157626,120026
INDUS,Sukkar,07-Aug-20,104080,54650
INDUS,Kotri,19-Aug-20,61423,23208
JHELUM,Kotli,28-Aug-20,-,12620
JHELUM,Mangla,31-Aug-20,40000,29015
JHELUM,Mangla,31-Aug-20,105000,29015
JHELUM,Mangla,31-Aug-20,110000,29015
JHELUM,Mangla,01-Sept-20,55000,29015
JHELUM,Mangla,10-Sept-20,32000,29015
JHELUM,Mangla,11-Sept-20,32000,29015
JHELUM,Mangla,11-Sept-20,32000,29015
JHELUM,Mangla,11-Sept-20,31000,29015
JHELUM,Mangla,11-Sept-20,30000,29015
JHELUM,Mangla,12-Sept-20,30000,29015
JHELUM,Mangla,12-Sept-20,30000,29015
JHELUM,Mangla,12-Sept-20,30000,29015
JHELUM,Mangla,12-Sept-20,29000,29015
JHELUM,Mangla,13-Sept-20,29000,29015
JHELUM,Mangla,13-Sept-20,29000,29015
JHELUM,Mangla,13-Sept-20,29000,29015
JHELUM,Mangla,13-Sept-20,29000,29015
JHELUM,Mangla,14-Sept-20,29000,29015
JHELUM,Mangla,14-Sept-20,29000,29015
JHELUM,Mangla,14-Sept-20,29000,29015
JHELUM,Mangla,14-Sept-20,28000,29015
JHELUM,Mangla,15-Sept-20,28000,29015
JHELUM,Mangla,18-Jul-20,34000,28715
JHELUM,Mangla,12-Jul-20,33000,28315
JHELUM,Rasul,26-Sept-20,47307,26567
JHELUM,Rasul,31-Aug-20,27130,26565
JHELUM,Rasul,10-Sept-20,32385,26565
JHELUM,Rasul,16-Jun-20,27010,23610
JHELUM,Rasul,17-Jun-20,26655,23610
JHELUM,Rasul,17-Jun-20,26655,23610
JHELUM,Rasul,21-Jun-20,31655,23610
JHELUM,Rasul,21-Jun-20,31655,23610
JHELUM,Rasul,22-Jun-20,31758,23610
JHELUM,Rasul,22-Jun-20,31758,23610
JHELUM,Rasul,23-Jun-20,31758,23610
JHELUM,Rasul,24-Jun-20,31758,23610
JHELUM,Rasul,24-Jun-20,31758,23610
JHELUM,Rasul,25-Jun-20,31758,23610
JHELUM,Rasul,25-Jun-20,31758,23610
JHELUM,Rasul,25-Jun-20,31758,23610
JHELUM,Rasul,25-Jun-20,31758,23610
JHELUM,Khushab bridge,19-Jul-20,-,13854
CHENAB,Marala,20-Jun-20,58659,29609
CHENAB,Marala,21-Jun-20,58992,29609
CHENAB,Marala,21-Jun-20,59017,29609
CHENAB,Khanki,12-Aug-20,40435,32460
CHENAB,Khanki,12-Aug-20,40435,32460
CHENAB,Khanki,29-Jun-20,38540,30688
CHENAB,Khanki,06-Jul-20,37958,30688
CHENAB,Khanki,10-Jul-20,38540,30688
CHENAB,Khanki,11-Jul-20,38540,30688
CHENAB,Khanki,17-Jul-20,38503,30688
CHENAB,Khanki,17-Jul-20,38503,30688
CHENAB,Khanki,26-Jul-20,38030,30688
CHENAB,Khanki,29-Jul-20,38102,30688
CHENAB,Khanki,01-Aug-20,38102,30688
CHENAB,Khanki,07-Aug-20,38502,30688
CHENAB,Khanki,13-Aug-20,38663,30688
CHENAB,Khanki,09-Jul-20,37436,29781
CHENAB,Khanki,24-Jun-20,36711,28847
CHENAB,Khanki,25-Jun-20,36711,28847
CHENAB,Khanki,28-Jun-20,36699,28847
CHENAB,Khanki,29-Jun-20,36699,28847
CHENAB,Khanki,01-Jul-20,36699,28847
CHENAB,Khanki,02-Jul-20,36503,28847
CHENAB,Khanki,07-Jul-20,36502,28847
CHENAB,Khanki,09-Jul-20,36502,28847
CHENAB,Khanki,12-Jul-20,36564,28847
CHENAB,Khanki,12-Jul-20,36564,28847
CHENAB,Qadirabad,03-Sept-20,57834,35834
CHENAB,Qadirabad,03-Sept-20,57834,35834
CHENAB,Qadirabad,04-Sept-20,57834,35834
CHENAB,Qadirabad,17-Aug-20,46892,35067
CHENAB,Qadirabad,05-Sept-20,56650,34650
CHENAB,Qadirabad,05-Sept-20,56050,34650
CHENAB,Qadirabad,05-Sept-20,56650,34650
CHENAB,Qadirabad,05-Sept-20,56650,34650
CHENAB,Qadirabad,05-Sept-20,56650,34650
CHENAB,Qadirabad,05-Sept-20,56650,34650
CHENAB,Qadirabad,04-Sept-20,56524,34524
CHENAB,Qadirabad,04-Sept-20,56524,34524
CHENAB,Qadirabad,04-Sept-20,56524,34524
CHENAB,Qadirabad,04-Sept-20,56524,34524
CHENAB,Qadirabad,04-Sept-20,56524,34524
CHENAB,Qadirabad,04-Sept-20,56524,34524
CHENAB,Qadirabad,04-Sept-20,56524,34524
CHENAB,Trimmu,27-Aug-20,40813,26513
CHENAB,Punjnad,20-Sept-20,34263,18663
RAVI,Jassar,28-Aug-20,-,21600
RAVI,Shahdara,28-Aug-20,-,33585
RAVI,Balloki,28-Aug-20,59790,33790
RAVI,Sidhnai,28-Aug-20,52126,9376
SUTLEJ,Sulemanki,28-Jul-20,15615,2582
SUTLEJ,Islam,22-Jul-20,5028,5028
INDUS,Kalabagh,21-Jun-20,199421,191921
INDUS,Chashma,25-Jun-20,197930,189915
INDUS,Taunsa,11-Jul-20,214363,189143
INDUS,Guddu,29-Jul-20,157626,120026
INDUS,Sukkar,25-Jun-20,110005,54590
INDUS,Kotri,19-Aug-20,61423,23208
JHELUM,Kotli,29-Aug-20,-,11934
JHELUM,Mangla,14-Jul-20,34000,27915
JHELUM,Rasul,07-Jul-20,31758,23610
JHELUM,Khushab bridge,20-Jul-20,-,13854
CHENAB,Marala,23-Jun-20,60017,29609
CHENAB,Marala,24-Jun-20,60017,29609
CHENAB,Marala,24-Jun-20,60017,29609
CHENAB,Khanki,13-Jul-20,36540,28847
CHENAB,Qadirabad,14-Aug-20,50363,33363
CHENAB,Trimmu,27-Aug-20,40813,26513
CHENAB,Punjnad,25-Aug-20,34504,18504
RAVI,Jassar,29-Aug-20,-,22300
RAVI,Shahdara,29-Aug-20,-,33585
RAVI,Balloki,29-Aug-20,60945,34945
RAVI,Sidhnai,29-Aug-20,25126,9376
SUTLEJ,Sulemanki,28-Jul-20,15615,2582
SUTLEJ,Islam,23-Jul-20,6028,5028
INDUS,Kalabagh,27-Jun-20,199572,191572
INDUS,Chashma,20-Jun-20,196512,189912
INDUS,Taunsa,12-Jul-20,214363,189143
INDUS,Guddu,30-Jul-20,157926,120026
INDUS,Sukkar,25-Jun-20,110005,54590
INDUS,Kotri,23-Jul-20,65069,22614
JHELUM,Kotli,29-Aug-20,-,11648
JHELUM,Mangla,18-Jul-20,34000,27915
JHELUM,Rasul,26-Jul-20,31505,23610
JHELUM,Khushab bridge,31-Jul-20,_,13854
CHENAB,Marala,27-Jun-20,61999,29599
CHENAB,Khanki,21-Jul-20,35916,28847
CHENAB,Qadirabad,24-Aug-20,50744,32744
CHENAB,Trimmu,27-Aug-20,40813,26513
CHENAB,Punjnad,25-Aug-20,34504,18504
RAVI,Jassar,29-Aug-20,-,22300
RAVI,Shahdara,29-Aug-20,-,31415
RAVI,Balloki,29-Aug-20,63250,37250
RAVI,Sidhnai,29-Aug-20,25126,9376
SUTLEJ,Sulemanki,29-Jul-20,15794,2582
SUTLEJ,Islam,24-Jul-20,6028,5028
INDUS,Kalabagh,27-Jun-20,199572,191572
INDUS,Chashma,21-Jun-20,196481,189881
INDUS,Taunsa,12-Jul-20,214363,189143
INDUS,Guddu,31-Jul-20,157926,120026
INDUS,Sukkar,25-Jun-20,110005,54590
INDUS,Kotri,23-Aug-20,37475,22610
JHELUM,Kotli,29-Aug-20,-,10504
JHELUM,Mangla,12-Oct-20,9000,27915
JHELUM,Rasul,27-Jul-20,31505,23610
JHELUM,Khushab bridge,23-Aug-20,_,13854
CHENAB,Marala,28-Jun-20,61999,29599
CHENAB,Khanki,22-Jul-20,35964,28847
CHENAB,Qadirabad,21-Aug-20,50603,32603
CHENAB,Trimmu,21-Jun-20,41104,26304
CHENAB,Punjnad,25-Aug-20,34504,18504
RAVI,Jassar,29-Aug-20,-,17400
RAVI,Shahdara,29-Aug-20,-,28666
RAVI,Balloki,29-Aug-20,63250,37250
RAVI,Sidhnai,29-Aug-20,25126,9376
SUTLEJ,Sulemanki,29-Jul-20,15894,2582
SUTLEJ,Islam,25-Jul-20,6028,5028
INDUS,Kalabagh,28-Jun-20,199572,191572
INDUS,Chashma,25-Jun-20,196397,189797
INDUS,Taunsa,10-Jul-20,213942,188771
INDUS,Guddu,03-Jul-20,158092,119992
INDUS,Sukkar,25-Jun-20,110005,54590
INDUS,Kotri,06-Aug-20,48775,21970
JHELUM,Kotli,29-Aug-20,-,9932
JHELUM,Mangla,27-Jun-20,57000,27815
JHELUM,Rasul,11-Sept-20,33618,22798
JHELUM,Khushab bridge,14-Oct-20,-,13854
CHENAB,Marala,28-Jun-20,62116,29599
CHENAB,Khanki,31-Jul-20,36261,28847
CHENAB,Qadirabad,16-Aug-20,46126,32126
CHENAB,Trimmu,21-Jun-20,41104,26304
CHENAB,Punjnad,26-Aug-20,34504,18504
RAVI,Jassar,29-Aug-20,-,16700
RAVI,Shahdara,29-Aug-20,-,26711
RAVI,Balloki,29-Aug-20,63250,37250
RAVI,Sidhnai,29-Aug-20,22642,6742
SUTLEJ,Sulemanki,13-Sept-20,15908,2347
SUTLEJ,Islam,25-Jul-20,6528,5028
INDUS,Kalabagh,26-Aug-20,198444,190944
INDUS,Chashma,18-Jun-20,195437,189751
INDUS,Taunsa,10-Jul-20,213942,188771
INDUS,Guddu,26-Jun-20,158347,119782
INDUS,Sukkar,26-Jun-20,110005,54590
INDUS,Kotri,06-Aug-20,48775,21970
JHELUM,Kotli,29-Aug-20,-,9664
JHELUM,Mangla,25-Jul-20,39000,27815
JHELUM,Rasul,22-Sept-20,43243,22798
JHELUM,Khushab bridge,15-Jul-20,-,13335
CHENAB,Marala,30-Jun-20,62322,29599
CHENAB,Khanki,01-Aug-20,36261,28847
CHENAB,Qadirabad,16-Aug-20,46126,32126
CHENAB,Trimmu,21-Jun-20,41104,26304
CHENAB,Punjnad,26-Jul-20,31921,17421
RAVI,Jassar,29-Aug-20,-,16287
RAVI,Shahdara,29-Aug-20,-,25407
RAVI,Balloki,29-Aug-20,63250,37250
RAVI,Sidhnai,29-Aug-20,22642,6742
SUTLEJ,Sulemanki,13-Sept-20,15908,2347
SUTLEJ,Islam,25-Jul-20,6528,5028
INDUS,Kalabagh,27-Aug-20,198444,190944
INDUS,Chashma,20-Jun-20,197217,189703
INDUS,Taunsa,10-Jul-20,213942,188771
INDUS,Guddu,06-Aug-20,145041,119780
INDUS,Sukkar,26-Jun-20,110005,54590
INDUS,Kotri,16-Jul-20,64660,21965
JHELUM,Kotli,29-Aug-20,-,9360
JHELUM,Mangla,11-Jul-20,39000,27315
JHELUM,Rasul,22-Sept-20,43593,22798
JHELUM,Khushab bridge,16-Jul-20,-,13335
CHENAB,Marala,30-Jun-20,62322,29599
CHENAB,Khanki,01-Aug-20,38261,28847
CHENAB,Qadirabad,17-Aug-20,46126,32126
CHENAB,Trimmu,17-Jun-20,40828,26228
CHENAB,Punjnad,26-Jul-20,31921,17421
RAVI,Jassar,29-Aug-20,-,15461
RAVI,Shahdara,29-Aug-20,-,24750
RAVI,Balloki,29-Aug-20,59790,33790
RAVI,Sidhnai,29-Aug-20,23770,7670
SUTLEJ,Sulemanki,13-Sept-20,15956,2347
SUTLEJ,Islam,25-Jul-20,6528,5028
INDUS,Kalabagh,27-Jul-20,198517,190317
INDUS,Chashma,29-Jul-20,196299,189699
INDUS,Taunsa,11-Jul-20,213942,188771
INDUS,Guddu,06-Aug-20,145041,119780
INDUS,Sukkar,26-Jun-20,110005,54590
INDUS,Kotri,16-Jul-20,64660,21965
JHELUM,Kotli,29-Aug-20,-,9104
JHELUM,Mangla,14-Jul-20,35000,27315
JHELUM,Rasul,28-Sept-20,43788,22798
JHELUM,Khushab bridge,20-Jul-20,-,13335
CHENAB,Marala,01-Jul-20,62322,29599
CHENAB,Khanki,04-Aug-20,36213,28847
CHENAB,Qadirabad,06-Sept-20,53124,31124
CHENAB,Trimmu,18-Jun-20,40828,26228
CHENAB,Punjnad,26-Jul-20,31921,17421
RAVI,Jassar,29-Aug-20,-,15048
RAVI,Shahdara,29-Aug-20,-,23452
RAVI,Balloki,29-Aug-20,59790,33790
RAVI,Sidhnai,29-Aug-20,23770,7670
SUTLEJ,Sulemanki,13-Sept-20,15986,2347
SUTLEJ,Islam,28-Jul-20,7528,5028
INDUS,Kalabagh,18-Jun-20,197466,189966
INDUS,Chashma,30-Jul-20,196299,189699
INDUS,Taunsa,01-Jul-20,216907,188507
INDUS,Guddu,07-Aug-20,144536,119780
INDUS,Sukkar,26-Jun-20,110005,54590
INDUS,Kotri,16-Jul-20,64660,21965
JHELUM,Kotli,29-Aug-20,-,8818
JHELUM,Mangla,29-Jul-20,54000,27315
JHELUM,Mangla,28-Jul-20,28000,27215
JHELUM,Mangla,11-Jul-20,39000,26815
JHELUM,Mangla,13-Jul-20,35000,26315
JHELUM,Mangla,15-Jul-20,31000,26315
JHELUM,Mangla,11-Jul-20,50000,26215
JHELUM,Mangla,26-Jun-20,55000,25915
JHELUM,Mangla,28-Jun-20,48000,25815
JHELUM,Mangla,04-Jul-20,46000,25815
JHELUM,Mangla,20-Jul-20,36000,25755
JHELUM,Mangla,12-Jul-20,40000,25515
JHELUM,Mangla,13-Jul-20,35000,25515
JHELUM,Mangla,26-Aug-20,320000,25515
JHELUM,Mangla,12-Jul-20,47000,25015
JHELUM,Mangla,28-Jul-20,29000,24515
JHELUM,Mangla,01-Sept-20,55000,24515
JHELUM,Mangla,29-Jul-20,30000,24315
JHELUM,Mangla,28-Jul-20,28000,24215
JHELUM,Mangla,15-Jul-20,32000,23955
JHELUM,Mangla,18-Jul-20,34000,23915
JHELUM,Mangla,27-Jul-20,29000,23915
JHELUM,Mangla,05-Jul-20,48000,23815
JHELUM,Mangla,16-Jul-20,32000,23715
JHELUM,Mangla,17-Jul-20,34000,23515
JHELUM,Rasul,29-Sept-20,44088,22798
JHELUM,Rasul,30-Sept-20,44138,22798
JHELUM,Rasul,01-Oct-20,44288,22798
JHELUM,Rasul,31-Aug-20,22796,22796
JHELUM,Rasul,26-Jun-20,27853,19705
JHELUM,Rasul,11-Jul-20,27545,19705
JHELUM,Rasul,25-Jul-20,27650,19705
JHELUM,Rasul,26-Jul-20,27600,19705
JHELUM,Rasul,20-Aug-20,21445,19705
JHELUM,Rasul,20-Aug-20,20245,19705
JHELUM,Rasul,07-Oct-20,41685,19705
JHELUM,Rasul,11-Sept-20,30049,19029
JHELUM,Rasul,24-Sept-20,39824,19029
JHELUM,Rasul,25-Sept-20,39699,19029
JHELUM,Rasul,26-Sept-20,39699,19029
JHELUM,Rasul,26-Sept-20,39969,19029
JHELUM,Rasul,27-Sept-20,40019,19029
JHELUM,Rasul,28-Sept-20,40019,19029
JHELUM,Khushab bridge,21-Jul-20,-,13335
CHENAB,Marala,01-Jul-20,62322,29599
CHENAB,Marala,01-Jul-20,62322,29599
CHENAB,Marala,02-Jul-20,62572,29599
CHENAB,Marala,02-Jul-20,62572,29599
CHENAB,Marala,06-Jul-20,62322,29599
CHENAB,Marala,07-Jul-20,62322,29599
CHENAB,Marala,07-Jul-20,62422,29599
CHENAB,Marala,07-Jul-20,62422,29599
CHENAB,Marala,07-Jul-20,62522,29599
CHENAB,Marala,08-Jul-20,62522,29599
CHENAB,Marala,08-Jul-20,65522,29599
CHENAB,Marala,08-Jul-20,62522,29599
CHENAB,Marala,12-Jul-20,62399,29599
CHENAB,Marala,12-Jul-20,62622,29599
CHENAB,Marala,13-Jul-20,62722,29599
CHENAB,Marala,14-Jul-20,62822,29599
CHENAB,Marala,15-Jul-20,62822,29599
CHENAB,Khanki,04-Aug-20,36394,28847
CHENAB,Khanki,05-Aug-20,36661,28847
CHENAB,Khanki,05-Aug-20,36661,28847
CHENAB,Khanki,06-Aug-20,36661,28847
CHENAB,Khanki,07-Aug-20,36661,28847
CHENAB,Khanki,08-Aug-20,36622,28847
CHENAB,Khanki,09-Sept-20,34777,27756
CHENAB,Khanki,24-Jun-20,34816,26964
CHENAB,Khanki,28-Jun-20,34816,26964
CHENAB,Khanki,01-Jul-20,34816,26964
CHENAB,Khanki,02-Jul-20,34620,26964
CHENAB,Khanki,03-Jul-20,34620,26964
CHENAB,Khanki,11-Jul-20,34816,26964
CHENAB,Khanki,12-Jul-20,34681,26964
CHENAB,Khanki,13-Jul-20,34657,26964
CHENAB,Khanki,13-Jul-20,34657,26964
CHENAB,Khanki,27-Jul-20,34378,26964
CHENAB,Khanki,27-Jul-20,34378,26964
CHENAB,Qadirabad,06-Sept-20,53124,31124
CHENAB,Qadirabad,08-Sept-20,53124,31124
CHENAB,Qadirabad,08-Sept-20,53124,31124
CHENAB,Qadirabad,24-Aug-20,48742,30742
CHENAB,Qadirabad,25-Aug-20,48742,30742
CHENAB,Qadirabad,21-Aug-20,48340,30340
CHENAB,Qadirabad,05-Sept-20,52305,30305
CHENAB,Qadirabad,12-Aug-20,46686,29686
CHENAB,Qadirabad,15-Aug-20,46686,29686
CHENAB,Qadirabad,15-Aug-20,46686,29686
CHENAB,Qadirabad,15-Aug-20,46686,29686
CHENAB,Qadirabad,06-Sept-20,51169,29169
CHENAB,Qadirabad,06-Sept-20,51169,29169
CHENAB,Qadirabad,06-Sept-20,51169,29169
CHENAB,Qadirabad,06-Sept-20,51169,29169
CHENAB,Qadirabad,06-Sept-20,51169,29169
CHENAB,Qadirabad,06-Sept-20,51169,29169
CHENAB,Qadirabad,07-Sept-20,51169,29169
CHENAB,Trimmu,18-Jun-20,40828,26228
CHENAB,Trimmu,18-Jun-20,40828,26228
CHENAB,Trimmu,18-Jun-20,40828,26228
CHENAB,Trimmu,15-Sept-20,40583,26083
CHENAB,Punjnad,27-Jul-20,31921,17421
RAVI,Jassar,29-Aug-20,-,15048
RAVI,Shahdara,29-Aug-20,-,23452
RAVI,Balloki,29-Aug-20,59790,33790
RAVI,Sidhnai,29-Aug-20,25052,8952
SUTLEJ,Sulemanki,17-Jun-20,14426,2324
SUTLEJ,Islam,28-Jul-20,7528,5028
INDUS,Kalabagh,25-Jul-20,197855,189855
INDUS,Chashma,01-Aug-20,189666,189632
INDUS,Taunsa,02-Jul-20,216907,188507
INDUS,Guddu,03-Aug-20,150009,119541
INDUS,Sukkar,04-Aug-20,111625,54300
INDUS,Kotri,17-Jul-20,61620,21965
JHELUM,Kotli,30-Aug-20,-,8532
JHELUM,Mangla,27-Jul-20,27000,23515
JHELUM,Rasul,02-Oct-20,40519,19029
JHELUM,Khushab bridge,28-Jul-20,-,13335
CHENAB,Marala,15-Jul-20,62822,29599
CHENAB,Khanki,30-Jul-20,34378,26964
CHENAB,Qadirabad,08-Sept-20,51169,29169
CHENAB,Trimmu,16-Sept-20,40583,26083
CHENAB,Punjnad,29-Jul-20,32591,16991
RAVI,Jassar,30-Aug-20,-,15048
RAVI,Shahdara,30-Aug-20,-,23452
RAVI,Balloki,30-Aug-20,59790,33790
RAVI,Sidhnai,30-Aug-20,25052,8952
SUTLEJ,Sulemanki,17-Jun-20,14426,2324
SUTLEJ,Islam,28-Jul-20,7528,5028
INDUS,Kalabagh,25-Jul-20,197855,189855
INDUS,Chashma,01-Aug-20,196219,189619
INDUS,Taunsa,13-Jul-20,217047,188447
INDUS,Guddu,30-Jun-20,152358,119008
INDUS,Sukkar,04-Aug-20,111625,54300
INDUS,Kotri,10-Aug-20,48978,21103
JHELUM,Kotli,30-Aug-20,-,8246
JHELUM,Mangla,13-Jul-20,36000,23415
JHELUM,Rasul,03-Oct-20,40519,19029
JHELUM,Khushab bridge,28-Jul-20,-,13335
CHENAB,Marala,16-Jul-20,62822,29599
CHENAB,Khanki,05-Aug-20,34778,26964
CHENAB,Qadirabad,24-Aug-20,46736,28736
CHENAB,Trimmu,16-Sept-20,40583,26083
CHENAB,Punjnad,29-Jul-20,32591,16991
RAVI,Jassar,30-Aug-20,-,15048
RAVI,Shahdara,30-Aug-20,-,20626
RAVI,Balloki,30-Aug-20,57485,31485
RAVI,Sidhnai,30-Aug-20,25052,8952
SUTLEJ,Sulemanki,17-Jun-20,14426,2324
SUTLEJ,Islam,25-Aug-20,6458,5028
INDUS,Kalabagh,19-Jun-20,197101,189601
INDUS,Chashma,25-Aug-20,194544,189608
INDUS,Taunsa,26-Aug-20,209119,186219
INDUS,Guddu,30-Jun-20,157358,119008
INDUS,Sukkar,04-Aug-20,111625,54300
INDUS,Kotri,10-Aug-20,48978,21103
JHELUM,Kotli,30-Aug-20,-,7674
JHELUM,Mangla,20-Jul-20,33000,23415
JHELUM,Rasul,04-Oct-20,40519,19029
JHELUM,Khushab bridge,29-Jun-20,-,12817
CHENAB,Marala,16-Jul-20,62822,29599
CHENAB,Khanki,06-Aug-20,34778,26964
CHENAB,Qadirabad,07-Sept-20,48248,26248
CHENAB,Trimmu,15-Sept-20,40471,25971
CHENAB,Punjnad,29-Jul-20,32741,16991
RAVI,Jassar,30-Aug-20,-,12984
RAVI,Shahdara,30-Aug-20,-,20626
RAVI,Balloki,30-Aug-20,57485,31485
RAVI,Sidhnai,30-Aug-20,25914,9814
SUTLEJ,Sulemanki,17-Jun-20,14426,2324
SUTLEJ,Islam,25-Aug-20,6458,5028
INDUS,Kalabagh,15-Aug-20,196886,188686
INDUS,Chashma,03-Aug-20,196190,189590
INDUS,Taunsa,26-Aug-20,209119,186219
INDUS,Guddu,30-Jun-20,157358,119008
INDUS,Sukkar,04-Aug-20,111625,54300
INDUS,Kotri,11-Aug-20,48978,21103
JHELUM,Kotli,30-Aug-20,-,7674
JHELUM,Mangla,18-Jul-20,34000,23055
JHELUM,Rasul,27-Jun-20,23948,15800
JHELUM,Khushab bridge,29-Jun-20,-,12817
CHENAB,Marala,16-Jul-20,62822,29599
CHENAB,Khanki,06-Aug-20,34778,26964
CHENAB,Qadirabad,07-Sept-20,48248,26248
CHENAB,Trimmu,15-Sept-20,40471,25971
CHENAB,Punjnad,30-Jul-20,32591,16991
RAVI,Jassar,30-Aug-20,-,12199
RAVI,Shahdara,30-Aug-20,-,20626
RAVI,Balloki,30-Aug-20,54020,28020
RAVI,Sidhnai,30-Aug-20,26571,10471
SUTLEJ,Sulemanki,18-Jun-20,14426,2324
SUTLEJ,Islam,26-Aug-20,6458,5028
INDUS,Kalabagh,21-Jun-20,196161,188661
INDUS,Chashma,31-Jul-20,196126,189526
INDUS,Taunsa,11-Jul-20,210990,186162
INDUS,Guddu,30-Jun-20,157358,119008
INDUS,Sukkar,02-Aug-20,111460,54295
INDUS,Kotri,23-Aug-20,36360,20920
JHELUM,Kotli,30-Aug-20,-,7388
JHELUM,Mangla,17-Jul-20,34000,23015
JHELUM,Rasul,28-Jun-20,23948,15800
JHELUM,Khushab bridge,14-Jul-20,-,12817
CHENAB,Marala,17-Jul-20,62822,29599
CHENAB,Khanki,07-Aug-20,34778,26964
CHENAB,Qadirabad,08-Sept-20,48248,26248
CHENAB,Trimmu,27-Aug-20,40222,25922
CHENAB,Punjnad,30-Jul-20,32741,16991
RAVI,Jassar,30-Aug-20,-,12199
RAVI,Shahdara,30-Aug-20,-,19496
RAVI,Balloki,30-Aug-20,50555,24555
RAVI,Sidhnai,30-Aug-20,28368,12286
SUTLEJ,Sulemanki,18-Jun-20,14426,2324
SUTLEJ,Islam,03-Sept-20,6078,5028
INDUS,Kalabagh,23-Jun-20,196161,188661
INDUS,Chashma,26-Aug-20,195991,189391
INDUS,Taunsa,22-Jul-20,211085,186085
INDUS,Guddu,01-Jul-20,157358,119008
INDUS,Sukkar,02-Aug-20,111460,54295
INDUS,Kotri,23-Aug-20,36360,20920
JHELUM,Kotli,30-Aug-20,-,7102
JHELUM,Mangla,28-Jun-20,48000,22915
JHELUM,Rasul,04-Jul-20,23948,15800
JHELUM,Khushab bridge,15-Jul-20,-,12817
CHENAB,Marala,17-Jul-20,62822,29599
CHENAB,Khanki,08-Aug-20,34939,26964
CHENAB,Qadirabad,08-Sept-20,48248,26248
CHENAB,Trimmu,27-Aug-20,40222,25922
CHENAB,Punjnad,30-Jul-20,32741,16991
RAVI,Jassar,30-Aug-20,-,11826
RAVI,Shahdara,30-Aug-20,-,18365
RAVI,Balloki,30-Aug-20,47095,21095
RAVI,Sidhnai,30-Aug-20,28368,12286
SUTLEJ,Sulemanki,18-Jun-20,14426,2324
SUTLEJ,Islam,03-Sept-20,6078,5028
INDUS,Kalabagh,30-Jul-20,196825,188625
INDUS,Chashma,29-Jun-20,194406,189102
INDUS,Taunsa,11-Sept-20,193526,185826
INDUS,Guddu,01-Jul-20,157358,119008
INDUS,Sukkar,02-Aug-20,111460,54295
INDUS,Kotri,07-Jul-20,39921,20916
JHELUM,Kotli,30-Aug-20,-,7102
JHELUM,Mangla,05-Jul-20,48000,22915
JHELUM,Rasul,11-Jul-20,23640,15800
JHELUM,Khushab bridge,16-Jul-20,-,12817
CHENAB,Marala,17-Jul-20,62822,29599
CHENAB,Khanki,21-Jun-20,32804,25014
CHENAB,Qadirabad,08-Sept-20,48248,26248
CHENAB,Trimmu,27-Aug-20,40222,25922
CHENAB,Punjnad,30-Jul-20,32741,16991
RAVI,Jassar,30-Aug-20,-,11454
RAVI,Shahdara,30-Aug-20,-,18365
RAVI,Balloki,30-Aug-20,45310,29310
RAVI,Sidhnai,30-Aug-20,28368,12268
SUTLEJ,Sulemanki,18-Jun-20,14426,2324
SUTLEJ,Islam,03-Sept-20,6078,5028
INDUS,Kalabagh,30-Jul-20,196825,188625
INDUS,Chashma,06-Aug-20,195423,188823
INDUS,Taunsa,10-Sept-20,195343,185443
INDUS,Guddu,01-Jul-20,157358,119008
INDUS,Sukkar,02-Aug-20,111460,54295
INDUS,Kotri,02-Aug-20,60733,20698
JHELUM,Kotli,30-Aug-20,-,7388
JHELUM,Mangla,06-Jul-20,46000,22855
JHELUM,Mangla,19-Jul-20,66300,22815
JHELUM,Mangla,31-Aug-20,50000,22815
JHELUM,Mangla,26-Jun-20,56000,22615
JHELUM,Mangla,14-Jul-20,36000,22555
JHELUM,Mangla,01-Jul-20,45000,22415
JHELUM,Mangla,01-Jul-20,45000,22115
JHELUM,Mangla,16-Jul-20,34000,21915
JHELUM,Mangla,30-Jun-20,47000,21755
JHELUM,Mangla,20-Jul-20,37000,21715
JHELUM,Mangla,29-Jun-20,50000,21615
JHELUM,Mangla,03-Aug-20,32000,21415
JHELUM,Mangla,05-Jul-20,48000,21355
JHELUM,Mangla,25-Jun-20,49000,21215
JHELUM,Mangla,29-Jun-20,59000,21215
JHELUM,Mangla,30-Jun-20,46000,21215
JHELUM,Mangla,12-Jul-20,39000,21215
JHELUM,Mangla,27-Aug-20,415000,21215
JHELUM,Mangla,27-Aug-20,415000,21215
JHELUM,Mangla,31-Aug-20,75000,21215
JHELUM,Mangla,28-Jul-20,28000,21155
JHELUM,Mangla,02-Jul-20,50000,21115
JHELUM,Mangla,09-Jul-20,46000,21115
JHELUM,Mangla,03-Jul-20,51000,21055
JHELUM,Rasul,12-Jul-20,22940,15800
JHELUM,Rasul,12-Jul-20,23350,15800
JHELUM,Rasul,12-Jul-20,22540,15800
JHELUM,Rasul,13-Jul-20,22540,15800
JHELUM,Rasul,14-Jul-20,23040,15800
JHELUM,Rasul,15-Jul-20,23440,15800
JHELUM,Rasul,15-Jul-20,23390,15800
JHELUM,Rasul,18-Jul-20,23848,15800
JHELUM,Rasul,19-Jul-20,23448,15800
JHELUM,Rasul,20-Jul-20,22648,15800
JHELUM,Rasul,22-Jul-20,22845,15800
JHELUM,Rasul,25-Jul-20,23745,15800
JHELUM,Rasul,25-Jul-20,23745,15800
JHELUM,Rasul,27-Jul-20,23695,15800
JHELUM,Rasul,28-Jul-20,23695,15800
JHELUM,Rasul,26-Aug-20,16200,15800
JHELUM,Rasul,05-Oct-20,37825,15800
JHELUM,Rasul,06-Oct-20,37825,15800
JHELUM,Rasul,06-Oct-20,37825,15800
JHELUM,Rasul,06-Oct-20,37825,15800
JHELUM,Rasul,06-Oct-20,37780,15800
JHELUM,Rasul,07-Oct-20,37835,15800
JHELUM,Rasul,07-Oct-20,37835,15800
JHELUM,Rasul,08-Oct-20,37835,15800
JHELUM,Khushab bridge,17-Jul-20,_,12817
CHENAB,Marala,18-Jul-20,62822,29599
CHENAB,Marala,18-Jul-20,62822,29599
CHENAB,Marala,18-Jul-20,62822,29599
CHENAB,Marala,18-Jul-20,62822,29599
CHENAB,Marala,19-Jul-20,62822,29599
CHENAB,Marala,21-Jul-20,59699,29599
CHENAB,Marala,21-Jul-20,59699,29599
CHENAB,Marala,21-Jul-20,59699,29599
CHENAB,Marala,22-Jul-20,59722,29599
CHENAB,Marala,22-Jul-20,59722,29599
CHENAB,Marala,23-Jul-20,59722,29599
CHENAB,Marala,25-Jul-20,59822,29599
CHENAB,Marala,26-Jul-20,59822,29599
CHENAB,Marala,27-Jul-20,60322,29599
CHENAB,Marala,27-Jul-20,60322,29599
CHENAB,Marala,27-Jul-20,60652,29599
CHENAB,Marala,28-Jul-20,60822,29599
CHENAB,Marala,30-Jul-20,61822,29599
CHENAB,Marala,31-Jul-20,60822,29599
CHENAB,Marala,31-Jul-20,60822,29599
CHENAB,Marala,01-Aug-20,60822,29599
CHENAB,Marala,02-Aug-20,60722,29599
CHENAB,Marala,04-Aug-20,60822,29599
CHENAB,Marala,04-Aug-20,60822,29599
CHENAB,Khanki,01-Jul-20,22866,25014
CHENAB,Khanki,02-Jul-20,32866,25014
CHENAB,Khanki,03-Jul-20,32670,25014
CHENAB,Khanki,07-Jul-20,32669,25014
CHENAB,Khanki,08-Jul-20,32669,25014
CHENAB,Khanki,11-Jul-20,32866,25014
CHENAB,Khanki,17-Jul-20,32829,25014
CHENAB,Khanki,19-Jul-20,32829,25014
CHENAB,Khanki,20-Jul-20,32829,25014
CHENAB,Khanki,22-Jul-20,32083,25014
CHENAB,Khanki,23-Jul-20,32332,25014
CHENAB,Khanki,26-Jul-20,32356,25014
CHENAB,Khanki,27-Jul-20,32404,25014
CHENAB,Khanki,05-Aug-20,32561,25014
CHENAB,Khanki,19-Jun-20,32114,24409
CHENAB,Khanki,09-Sept-20,30624,23650
CHENAB,Khanki,20-Jun-20,30777,23000
CHENAB,Khanki,21-Jun-20,30777,23000
CHENAB,Khanki,08-Jul-20,30655,23000
CHENAB,Khanki,13-Jul-20,30717,23000
CHENAB,Khanki,15-Jul-20,30815,23000
CHENAB,Khanki,16-Jul-20,30815,23000
CHENAB,Khanki,27-Jul-20,30342,23000
CHENAB,Khanki,28-Jul-20,30414,23000
CHENAB,Qadirabad,26-Jun-20,47966,25966
CHENAB,Qadirabad,26-Jun-20,47966,25966
CHENAB,Qadirabad,26-Jun-20,47966,25966
CHENAB,Qadirabad,10-Aug-20,46966,25966
CHENAB,Qadirabad,15-Aug-20,42966,25966
CHENAB,Qadirabad,16-Aug-20,39966,25966
CHENAB,Qadirabad,26-Jun-20,45379,23379
CHENAB,Qadirabad,27-Jun-20,45379,23379
CHENAB,Qadirabad,07-Sept-20,45283,23283
CHENAB,Qadirabad,12-Aug-20,39205,22205
CHENAB,Qadirabad,12-Aug-20,39205,22205
CHENAB,Qadirabad,12-Aug-20,39205,22205
CHENAB,Qadirabad,13-Aug-20,39205,22205
CHENAB,Qadirabad,16-Aug-20,39205,22205
CHENAB,Qadirabad,17-Aug-20,39205,22205
CHENAB,Qadirabad,30-Jun-20,44204,22204
CHENAB,Qadirabad,30-Jun-20,440204,22204
CHENAB,Qadirabad,30-Jun-20,44204,22204
CHENAB,Qadirabad,01-Jul-20,44204,22204
CHENAB,Qadirabad,25-Aug-20,39951,21951
CHENAB,Qadirabad,25-Aug-20,38926,20926
CHENAB,Qadirabad,25-Aug-20,38926,20926
CHENAB,Qadirabad,25-Jun-20,42907,20907
CHENAB,Qadirabad,08-Aug-20,37904,20904
CHENAB,Trimmu,28-Aug-20,39722,25922
CHENAB,Trimmu,19-Sept-20,40276,25776
CHENAB,Trimmu,19-Sept-20,40276,25776
CHENAB,Trimmu,19-Jun-20,39370,24570
CHENAB,Trimmu,19-Jun-20,39370,24570
CHENAB,Trimmu,19-Jun-20,39370,24570
CHENAB,Trimmu,20-Jun-20,39370,24570
CHENAB,Trimmu,20-Jun-20,39370,24570
CHENAB,Trimmu,20-Jun-20,39370,24570
CHENAB,Trimmu,20-Jun-20,39370,24570
CHENAB,Trimmu,25-Sept-20,39069,24569
CHENAB,Trimmu,17-Jun-20,38616,24016
CHENAB,Trimmu,28-Aug-20,36971,23171
CHENAB,Trimmu,28-Aug-20,36971,23171
CHENAB,Trimmu,28-Aug-20,36971,23171
CHENAB,Trimmu,25-Sept-20,36970,22470
CHENAB,Trimmu,26-Sept-20,36903,22403
CHENAB,Punjnad,31-Jul-20,32741,16991
RAVI,Jassar,30-Aug-20,-,10709
RAVI,Shahdara,30-Aug-20,-,18365
RAVI,Balloki,30-Aug-20,45310,19310
RAVI,Sidhnai,30-Aug-20,28268,12268
SUTLEJ,Sulemanki,19-Jun-20,14396,2324
SUTLEJ,Islam,03-Sept-20,6158,5028
INDUS,Kalabagh,03-Aug-20,196825,188625
INDUS,Chashma,06-Aug-20,193877,188692
INDUS,Taunsa,10-Sept-20,195343,185443
INDUS,Guddu,01-Jul-20,157358,119008
INDUS,Sukkar,29-Jul-20,110310,53360
INDUS,Kotri,02-Aug-20,60733,20698
JHELUM,Kotli,31-Aug-20,-,7674
JHELUM,Mangla,27-Jun-20,51000,21015
JHELUM,Rasul,08-Oct-20,37855,15800
JHELUM,Khushab bridge,18-Jul-20,_,12817
CHENAB,Marala,05-Aug-20,60872,29599
CHENAB,Khanki,28-Jul-20,30414,23000
CHENAB,Qadirabad,09-Aug-20,37904,20904
CHENAB,Trimmu,26-Sept-20,36903,22403
CHENAB,Punjnad,03-Aug-20,32741,16991
RAVI,Jassar,31-Aug-20,-,10709
RAVI,Shahdara,31-Aug-20,-,18365
RAVI,Balloki,31-Aug-20,45310,19310
RAVI,Sidhnai,31-Aug-20,28268,12268
SUTLEJ,Sulemanki,19-Jun-20,14396,2324
SUTLEJ,Islam,03-Sept-20,6158,5028
INDUS,Kalabagh,06-Aug-20,196825,188625
INDUS,Chashma,25-Aug-20,194952,188352
INDUS,Taunsa,21-Jun-20,202397,184397
INDUS,Guddu,02-Jul-20,153924,117674
INDUS,Sukkar,29-Jul-20,110310,53360
INDUS,Kotri,02-Aug-20,60733,20698
JHELUM,Kotli,31-Aug-20,-,7388
JHELUM,Mangla,25-Jun-20,52000,20915
JHELUM,Rasul,08-Oct-20,37855,15800
JHELUM,Khushab bridge,18-Jul-20,_,12817
CHENAB,Marala,05-Aug-20,60872,29599
CHENAB,Khanki,29-Jul-20,30414,23000
CHENAB,Qadirabad,09-Aug-20,37904,20904
CHENAB,Trimmu,26-Sept-20,37003,22403
CHENAB,Punjnad,27-Jul-20,32428,16928
RAVI,Jassar,31-Aug-20,-,10709
RAVI,Shahdara,31-Aug-20,-,15353
RAVI,Balloki,31-Aug-20,44125,18125
RAVI,Sidhnai,31-Aug-20,29021,13021
SUTLEJ,Sulemanki,19-Jun-20,14451,2324
SUTLEJ,Islam,03-Sept-20,6158,5028
INDUS,Kalabagh,02-Aug-20,196571,188571
INDUS,Chashma,09-Sept-20,201179,188179
INDUS,Taunsa,02-Jul-20,210913,184306
INDUS,Guddu,02-Jul-20,153924,117674
INDUS,Sukkar,29-Jul-20,110310,53360
INDUS,Kotri,02-Aug-20,60733,20698
JHELUM,Kotli,31-Aug-20,-,7674
JHELUM,Mangla,06-Jul-20,46000,20915
JHELUM,Rasul,08-Oct-20,37855,15800
JHELUM,Khushab bridge,19-Jul-20,-,12817
CHENAB,Marala,06-Aug-20,60922,29599
CHENAB,Khanki,03-Aug-20,30366,23000
CHENAB,Qadirabad,10-Aug-20,37904,20904
CHENAB,Trimmu,21-Jun-20,36650,21856
CHENAB,Punjnad,27-Jul-20,32428,16928
RAVI,Jassar,31-Aug-20,-,9964
RAVI,Shahdara,31-Aug-20,-,15353
RAVI,Balloki,31-Aug-20,44125,18125
RAVI,Sidhnai,31-Aug-20,29021,13021
SUTLEJ,Sulemanki,19-Jun-20,14451,2324
SUTLEJ,Islam,04-Sept-20,6158,5028
INDUS,Kalabagh,16-Aug-20,196228,188028
INDUS,Chashma,15-Jun-20,194246,187746
INDUS,Taunsa,23-Jul-20,209767,184067
INDUS,Guddu,02-Jul-20,153924,117674
INDUS,Sukkar,01-Jul-20,110005,53255
INDUS,Kotri,21-Jul-20,61462,19307
JHELUM,Kotli,31-Aug-20,-,8246
JHELUM,Mangla,07-Jul-20,46000,20815
JHELUM,Rasul,09-Oct-20,37855,15800
JHELUM,Khushab bridge,20-Jul-20,-,12817
CHENAB,Marala,07-Aug-20,60922,29599
CHENAB,Khanki,04-Aug-20,30366,23000
CHENAB,Qadirabad,14-Aug-20,37904,20904
CHENAB,Trimmu,22-Jun-20,36656,21856
CHENAB,Punjnad,27-Jul-20,32428,16928
RAVI,Jassar,31-Aug-20,-,8846
RAVI,Shahdara,31-Aug-20,-,15353
RAVI,Balloki,31-Aug-20,44125,18125
RAVI,Sidhnai,31-Aug-20,28921,13021
SUTLEJ,Sulemanki,25-Jun-20,14686,2324
SUTLEJ,Islam,04-Sept-20,6158,5028
INDUS,Kalabagh,17-Aug-20,196228,188028
INDUS,Chashma,16-Jun-20,194235,187735
INDUS,Taunsa,23-Jul-20,209767,184067
INDUS,Guddu,02-Jul-20,153924,117674
INDUS,Sukkar,01-Jul-20,110005,53255
INDUS,Kotri,21-Jul-20,61612,19307
JHELUM,Kotli,31-Aug-20,-,8532
JHELUM,Mangla,14-Jul-20,35000,20715
JHELUM,Rasul,09-Oct-20,37855,15800
JHELUM,Khushab bridge,21-Jul-20,-,12817
CHENAB,Marala,07-Aug-20,60922,29599
CHENAB,Khanki,06-Aug-20,30814,23000
CHENAB,Qadirabad,07-Sept-20,42340,20340
CHENAB,Trimmu,22-Jun-20,36756,21856
CHENAB,Punjnad,28-Jul-20,32428,16928
RAVI,Jassar,31-Aug-20,-,8846
RAVI,Shahdara,31-Aug-20,-,15353
RAVI,Balloki,31-Aug-20,44125,18125
RAVI,Sidhnai,31-Aug-20,28321,13021
SUTLEJ,Sulemanki,25-Jun-20,14886,2324
SUTLEJ,Islam,04-Sept-20,6158,5028
INDUS,Kalabagh,22-Jun-20,195206,187706
INDUS,Chashma,15-Jun-20,195167,187648
INDUS,Taunsa,24-Jul-20,208836,183136
INDUS,Guddu,03-Jul-20,153924,117674
INDUS,Sukkar,01-Jul-20,110005,53255
INDUS,Kotri,21-Jul-20,61612,19307
JHELUM,Kotli,31-Aug-20,-,11362
JHELUM,Mangla,17-Jul-20,36000,20455
JHELUM,Rasul,09-Oct-20,37875,15800
JHELUM,Khushab bridge,23-Jul-20,-,12817
CHENAB,Marala,19-Jun-20,57849,28824
CHENAB,Khanki,07-Aug-20,30814,23000
CHENAB,Qadirabad,07-Sept-20,42340,20340
CHENAB,Trimmu,23-Jun-20,36756,21856
CHENAB,Punjnad,28-Jul-20,32428,16928
RAVI,Jassar,31-Aug-20,-,8846
RAVI,Shahdara,31-Aug-20,-,13306
RAVI,Balloki,31-Aug-20,41740,16340
RAVI,Sidhnai,31-Aug-20,33036,19686
SUTLEJ,Sulemanki,26-Jun-20,14686,2324
SUTLEJ,Islam,04-Sept-20,6158,5028
INDUS,Kalabagh,22-Jun-20,195286,187706
INDUS,Chashma,28-Jul-20,194011,187411
INDUS,Taunsa,24-Jul-20,208836,183136
INDUS,Guddu,26-Jun-20,156011,117446
INDUS,Sukkar,01-Jul-20,110005,53255
INDUS,Kotri,21-Jul-20,61612,19307
JHELUM,Kotli,31-Aug-20,-,9360
JHELUM,Mangla,06-Jul-20,42000,20415
JHELUM,Rasul,10-Oct-20,37875,15800
JHELUM,Khushab bridge,28-Jul-20,-,12817
CHENAB,Marala,20-Jun-20,57874,28824
CHENAB,Khanki,08-Aug-20,30814,23000
CHENAB,Qadirabad,07-Sept-20,42340,20340
CHENAB,Trimmu,23-Jun-20,36756,21856
CHENAB,Punjnad,28-Jul-20,32428,16928
RAVI,Jassar,31-Aug-20,-,8347
RAVI,Shahdara,31-Aug-20,-,13306
RAVI,Balloki,31-Aug-20,41940,16340
RAVI,Sidhnai,31-Aug-20,33036,19686
SUTLEJ,Sulemanki,26-Jun-20,14686,2324
SUTLEJ,Islam,04-Sept-20,6158,5028
INDUS,Kalabagh,23-Jun-20,195706,187706
INDUS,Chashma,27-Jul-20,193585,186985
INDUS,Taunsa,24-Jul-20,208836,183136
INDUS,Guddu,26-Jun-20,156011,117446
INDUS,Sukkar,02-Jul-20,110005,53255
INDUS,Kotri,22-Jul-20,61612,19307
JHELUM,Kotli,31-Aug-20,-,9932
JHELUM,Mangla,08-Aug-20,34000,20215
JHELUM,Mangla,27-Aug-20,167000,20115
JHELUM,Mangla,27-Aug-20,167000,20115
JHELUM,Rasul,10-Oct-20,37930,15800
JHELUM,Rasul,10-Oct-20,37930,15800
JHELUM,Rasul,11-Sept-20,28778,15258
JHELUM,Rasul,12-Sept-20,30278,15258
JHELUM,Rasul,12-Sept-20,31678,15258
JHELUM,Rasul,13-Sept-20,31578,15258
JHELUM,Rasul,27-Sept-20,36198,15258
JHELUM,Rasul,28-Sept-20,36348,15258
JHELUM,Rasul,28-Sept-20,36348,15258
JHELUM,Rasul,29-Sept-20,36348,15258
JHELUM,Rasul,29-Sept-20,36598,15258
JHELUM,Rasul,29-Sept-20,36598,15258
JHELUM,Rasul,30-Sept-20,36598,15258
JHELUM,Rasul,30-Sept-20,36698,15258
JHELUM,Khushab bridge,31-Jul-20,_,12817
CHENAB,Marala,08-Sept-20,48580,28272
CHENAB,Khanki,20-Jun-20,30175,22470
CHENAB,Khanki,21-Jun-20,29847,22097
CHENAB,Khanki,22-Jun-20,29924,22097
CHENAB,Khanki,23-Jun-20,29949,22097
CHENAB,Khanki,24-Jun-20,29949,22097
CHENAB,Khanki,08-Jul-20,29752,22097
CHENAB,Khanki,19-Jul-20,29912,22097
CHENAB,Khanki,10-Sept-20,29062,21636
CHENAB,Khanki,21-Jun-20,28945,21168
CHENAB,Khanki,22-Jun-20,28958,21168
CHENAB,Khanki,23-Jun-20,28995,21168
CHENAB,Khanki,24-Jun-20,29020,21168
CHENAB,Khanki,01-Jul-20,29020,21168
CHENAB,Khanki,02-Jul-20,29020,21168
CHENAB,Qadirabad,07-Sept-20,42340,20340
CHENAB,Qadirabad,29-Jun-20,41604,19604
CHENAB,Qadirabad,30-Jun-20,41604,19604
CHENAB,Qadirabad,01-Jul-20,41604,19604
CHENAB,Qadirabad,04-Jul-20,41604,19604
CHENAB,Qadirabad,05-Jul-20,41604,19604
CHENAB,Qadirabad,05-Jul-20,41604,19604
CHENAB,Qadirabad,06-Jul-20,41604,19604
CHENAB,Qadirabad,10-Jul-20,41604,19604
CHENAB,Qadirabad,10-Jul-20,41604,19604
CHENAB,Qadirabad,10-Jul-20,41604,19604
CHENAB,Qadirabad,10-Jul-20,41604,19604
CHENAB,Qadirabad,11-Jul-20,41604,19604
CHENAB,Qadirabad,20-Jul-20,41604,19604
CHENAB,Trimmu,23-Jun-20,37292,21856
CHENAB,Trimmu,23-Jun-20,37756,21856
CHENAB,Trimmu,24-Jun-20,37756,21856
CHENAB,Trimmu,24-Jun-20,37756,21856
CHENAB,Trimmu,24-Jun-20,37756,21856
CHENAB,Trimmu,24-Jun-20,37756,21856
CHENAB,Trimmu,25-Jun-20,37756,21856
CHENAB,Trimmu,25-Jun-20,37756,21856
CHENAB,Trimmu,25-Jun-20,37756,21856
CHENAB,Trimmu,25-Jun-20,37756,21856
CHENAB,Trimmu,26-Jun-20,37556,21856
CHENAB,Trimmu,26-Jun-20,37756,21856
CHENAB,Trimmu,22-Jun-20,36656,21854
CHENAB,Trimmu,16-Sept-20,36133,21633
CHENAB,Trimmu,17-Sept-20,36133,21633
CHENAB,Trimmu,16-Sept-20,35799,21299
CHENAB,Punjnad,28-Jul-20,32428,16928
RAVI,Jassar,31-Aug-20,-,8347
RAVI,Shahdara,31-Aug-20,-,13306
RAVI,Balloki,31-Aug-20,41340,16340
RAVI,Sidhnai,31-Aug-20,32791,22141
SUTLEJ,Sulemanki,26-Jun-20,14588,2324
SUTLEJ,Islam,04-Sept-20,6158,5028
INDUS,Kalabagh,31-Jul-20,195631,187631
INDUS,Chashma,09-Sept-20,199277,186277
INDUS,Taunsa,21-Aug-20,208263,182863
INDUS,Guddu,26-Jun-20,156011,117446
INDUS,Sukkar,02-Jul-20,110005,53255
INDUS,Kotri,22-Jul-20,61762,19307
JHELUM,Kotli,01-Sept-20,-,9360
JHELUM,Mangla,26-Jun-20,49000,20055
JHELUM,Rasul,30-Sept-20,36698,15258
JHELUM,Khushab bridge,31-Jul-20,_,12817
CHENAB,Marala,08-Sept-20,50167,27571
CHENAB,Khanki,14-Jul-20,28861,21168
CHENAB,Qadirabad,21-Jul-20,41604,19604
CHENAB,Trimmu,25-Sept-20,35223,20723
CHENAB,Punjnad,29-Jul-20,32428,16928
RAVI,Jassar,01-Sept-20,-,8347
RAVI,Shahdara,01-Sept-20,-,13306
RAVI,Balloki,01-Sept-20,41340,16340
RAVI,Sidhnai,01-Sept-20,32791,22141
SUTLEJ,Sulemanki,26-Jun-20,14588,2324
SUTLEJ,Islam,04-Sept-20,6158,5028
INDUS,Kalabagh,26-Jul-20,195453,187453
INDUS,Chashma,27-Jul-20,192464,185864
INDUS,Taunsa,23-Jul-20,207673,181973
INDUS,Guddu,11-Aug-20,146050,116490
INDUS,Sukkar,02-Jul-20,110005,53255
INDUS,Kotri,22-Jul-20,61762,19307
JHELUM,Kotli,01-Sept-20,-,10280
JHELUM,Mangla,27-Aug-20,265000,20015
JHELUM,Rasul,01-Oct-20,36698,15258
JHELUM,Khushab bridge,31-Jul-20,_,12817
CHENAB,Marala,20-Jun-20,54982,25932
CHENAB,Khanki,15-Jul-20,28983,21168
CHENAB,Qadirabad,21-Jul-20,41604,19604
CHENAB,Trimmu,20-Aug-20,34751,20551
CHENAB,Punjnad,20-Sept-20,32659,16909
RAVI,Jassar,01-Sept-20,-,7849
RAVI,Shahdara,01-Sept-20,-,11230
RAVI,Balloki,01-Sept-20,42495,17495
RAVI,Sidhnai,01-Sept-20,32900,28800
SUTLEJ,Sulemanki,27-Jun-20,14588,2324
SUTLEJ,Islam,04-Sept-20,6158,5028
INDUS,Kalabagh,28-Jul-20,195653,187453
INDUS,Chashma,19-Aug-20,189474,184943
INDUS,Taunsa,24-Jul-20,207673,181973
INDUS,Guddu,12-Aug-20,146050,116490
INDUS,Sukkar,02-Jul-20,110005,53255
INDUS,Kotri,22-Jul-20,61762,19307
JHELUM,Kotli,01-Sept-20,-,10790
JHELUM,Mangla,27-Aug-20,265000,20015
JHELUM,Rasul,01-Oct-20,36748,15258
JHELUM,Khushab bridge,01-Aug-20,_,12817
CHENAB,Marala,23-Jun-20,56007,25932
CHENAB,Khanki,17-Jul-20,28983,21168
CHENAB,Qadirabad,21-Jul-20,41604,19604
CHENAB,Trimmu,19-Sept-20,35000,20500
CHENAB,Punjnad,20-Sept-20,32659,16909
RAVI,Jassar,01-Sept-20,-,9964
RAVI,Shahdara,01-Sept-20,-,11230
RAVI,Balloki,01-Sept-20,42495,17495
RAVI,Sidhnai,01-Sept-20,32314,28214
SUTLEJ,Sulemanki,27-Jun-20,14686,2324
SUTLEJ,Islam,05-Sept-20,6258,5028
INDUS,Kalabagh,16-Jun-20,194718,187218
INDUS,Chashma,24-Aug-20,191291,184691
INDUS,Taunsa,01-Jul-20,201358,179838
INDUS,Guddu,24-Aug-20,148103,116293
INDUS,Sukkar,24-Jun-20,108065,52750
INDUS,Kotri,23-Jul-20,61762,19307
JHELUM,Kotli,01-Sept-20,-,10280
JHELUM,Mangla,30-Aug-20,36000,20015
JHELUM,Rasul,01-Oct-20,36748,15258
JHELUM,Khushab bridge,23-Aug-20,-,12817
CHENAB,Marala,18-Jun-20,54046,25246
CHENAB,Khanki,28-Jul-20,28582,21168
CHENAB,Qadirabad,23-Jul-20,41604,19604
CHENAB,Trimmu,27-Sept-20,35566,20466
CHENAB,Punjnad,21-Sept-20,32659,16909
RAVI,Jassar,01-Sept-20,-,11081
RAVI,Shahdara,01-Sept-20,-,9990
RAVI,Balloki,01-Sept-20,42195,17495
RAVI,Sidhnai,01-Sept-20,32214,28214
SUTLEJ,Sulemanki,27-Jun-20,14588,2324
SUTLEJ,Islam,05-Sept-20,6158,5028
INDUS,Kalabagh,04-Aug-20,195193,187193
INDUS,Chashma,17-Jun-20,191539,184019
INDUS,Taunsa,25-Jun-20,196491,178491
INDUS,Guddu,03-Aug-20,150113,115695
INDUS,Sukkar,24-Jun-20,108015,52750
INDUS,Kotri,19-Aug-20,57495,18020
JHELUM,Kotli,01-Sept-20,-,9932
JHELUM,Mangla,30-Aug-20,36000,20015
JHELUM,Rasul,02-Oct-20,36748,15258
JHELUM,Khushab bridge,15-Sept-20,-,12817
CHENAB,Marala,18-Jun-20,54246,25246
CHENAB,Khanki,03-Aug-20,28534,21168
CHENAB,Qadirabad,03-Aug-20,41604,19604
CHENAB,Trimmu,27-Sept-20,35566,20466
CHENAB,Punjnad,21-Sept-20,32659,16909
RAVI,Jassar,01-Sept-20,-,11081
RAVI,Shahdara,01-Sept-20,-,9990
RAVI,Balloki,01-Sept-20,42495,17495
RAVI,Sidhnai,01-Sept-20,31714,28214
SUTLEJ,Sulemanki,27-Jun-20,14588,2324
SUTLEJ,Islam,05-Sept-20,6158,5028
INDUS,Kalabagh,01-Aug-20,194716,186716
INDUS,Chashma,17-Jun-20,191539,184019
INDUS,Taunsa,25-Jun-20,196421,178491
INDUS,Guddu,03-Aug-20,150113,115695
INDUS,Sukkar,24-Jun-20,108015,52750
INDUS,Kotri,19-Aug-20,57495,18020
JHELUM,Kotli,01-Sept-20,-,9640
JHELUM,Mangla,30-Aug-20,35000,20000
JHELUM,Rasul,02-Oct-20,36748,15258
JHELUM,Khushab bridge,15-Sept-20,-,12817
CHENAB,Marala,19-Jun-20,54246,25246
CHENAB,Khanki,17-Jun-20,28416,20700
CHENAB,Qadirabad,12-Aug-20,36604,19604
CHENAB,Trimmu,27-Sept-20,35566,20466
CHENAB,Punjnad,21-Sept-20,32659,16909
RAVI,Jassar,01-Sept-20,-,11454
RAVI,Shahdara,01-Sept-20,-,8912
RAVI,Balloki,01-Sept-20,42495,17495
RAVI,Sidhnai,01-Sept-20,31714,28214
SUTLEJ,Sulemanki,28-Jun-20,14588,2324
SUTLEJ,Islam,05-Sept-20,6158,5028
INDUS,Kalabagh,26-Jun-20,194695,186695
INDUS,Chashma,17-Jun-20,190314,183841
INDUS,Taunsa,25-Jun-20,196491,178491
INDUS,Guddu,12-Aug-20,144548,115488
INDUS,Sukkar,24-Jun-20,108015,52750
INDUS,Kotri,17-Jul-20,58531,17756
JHELUM,Kotli,01-Sept-20,-,
JHELUM,Mangla,31-Aug-20,35000,20000
JHELUM,Rasul,02-Oct-20,36748,15258
JHELUM,Khushab bridge,12-Oct-20,-,12817
CHENAB,Marala,19-Jun-20,54271,25246
CHENAB,Khanki,18-Jun-20,28429,20700
CHENAB,Qadirabad,13-Aug-20,36604,19604
CHENAB,Trimmu,28-Sept-20,35566,20466
CHENAB,Punjnad,24-Sept-20,32768,16668
RAVI,Jassar,01-Sept-20,-,12199
RAVI,Shahdara,01-Sept-20,-,8912
RAVI,Balloki,01-Sept-20,42495,17495
RAVI,Sidhnai,01-Sept-20,32292,28792
SUTLEJ,Sulemanki,28-Jun-20,14686,2324
SUTLEJ,Islam,05-Sept-20,6158,5028
INDUS,Kalabagh,22-Jul-20,194499,186499
INDUS,Chashma,16-Jun-20,190074,183574
INDUS,Taunsa,25-Jun-20,196491,178491
INDUS,Taunsa,26-Jun-20,196491,178491
INDUS,Taunsa,26-Jun-20,196491,178491
INDUS,Taunsa,26-Jun-20,196491,178491
INDUS,Taunsa,26-Jun-20,196491,178491
INDUS,Taunsa,22-Jun-20,195355,177355
INDUS,Taunsa,22-Jun-20,195355,177355
INDUS,Guddu,27-Jun-20,153960,115395
INDUS,Sukkar,29-Jul-20,109585,52635
INDUS,Kotri,17-Jul-20,56711,17756
JHELUM,Kotli,01-Sept-20,-,9104
JHELUM,Mangla,31-Aug-20,35000,20000
JHELUM,Rasul,03-Oct-20,36748,15258
JHELUM,Khushab bridge,12-Oct-20,-,12817
CHENAB,Marala,20-Jun-20,54271,25246
CHENAB,Khanki,19-Jun-20,28429,20700
CHENAB,Qadirabad,25-Jun-20,39049,17049
CHENAB,Trimmu,06-Sept-20,-,20439
CHENAB,Trimmu,25-Sept-20,34723,20223
CHENAB,Trimmu,29-Jun-20,35433,19433
CHENAB,Trimmu,29-Jun-20,35433,19433
CHENAB,Trimmu,30-Jun-20,35433,19433
CHENAB,Trimmu,26-Jun-20,34514,18614
CHENAB,Trimmu,26-Jun-20,34514,18614
CHENAB,Trimmu,27-Jun-20,34514,18614
CHENAB,Trimmu,27-Jun-20,34514,18614
CHENAB,Trimmu,27-Jun-20,34514,18614
CHENAB,Trimmu,27-Jun-20,34514,18614
CHENAB,Trimmu,28-Jun-20,34514,18614
CHENAB,Trimmu,28-Jun-20,34514,18614
CHENAB,Trimmu,28-Jun-20,34514,18614
CHENAB,Trimmu,22-Jun-20,33410,18510
CHENAB,Trimmu,28-Sept-20,33610,18510
CHENAB,Trimmu,28-Sept-20,33610,18510
CHENAB,Punjnad,24-Sept-20,32918,16668
RAVI,Jassar,01-Sept-20,-,12571
RAVI,Shahdara,01-Sept-20,-,8912
RAVI,Balloki,01-Sept-20,42495,17495
RAVI,Sidhnai,01-Sept-20,32292,28792
SUTLEJ,Sulemanki,02-Jul-20,14785,2324
SUTLEJ,Islam,05-Sept-20,6258,5028
INDUS,Kalabagh,18-Aug-20,194021,185821
INDUS,Chashma,26-Aug-20,187576,182640
INDUS,Taunsa,22-Jun-20,195355,177355
INDUS,Guddu,17-Jun-20,147222,113606
INDUS,Sukkar,30-Jul-20,109585,52635
INDUS,Kotri,17-Jul-20,56711,17756
JHELUM,Kotli,02-Sept-20,-,8818
JHELUM,Mangla,31-Aug-20,55000,20000
JHELUM,Rasul,03-Oct-20,36748,15258
JHELUM,Khushab bridge,13-Oct-20,-,12817
CHENAB,Marala,27-Jun-20,55996,24246
CHENAB,Khanki,19-Jun-20,28429,20700
CHENAB,Qadirabad,27-Jun-20,39049,17049
CHENAB,Trimmu,14-Aug-20,32322,17522
CHENAB,Punjnad,24-Sept-20,32918,16668
RAVI,Jassar,02-Sept-20,-,12571
RAVI,Shahdara,02-Sept-20,-,8912
RAVI,Balloki,02-Sept-20,42495,17495
RAVI,Sidhnai,02-Sept-20,32292,28792
SUTLEJ,Sulemanki,02-Jul-20,14785,2324
SUTLEJ,Islam,05-Sept-20,6258,5028
INDUS,Kalabagh,27-Jun-20,192833,184833
INDUS,Chashma,08-Sept-20,196629,182214
INDUS,Taunsa,22-Jun-20,195355,177355
INDUS,Guddu,22-Jun-20,150095,113314
INDUS,Sukkar,30-Jul-20,109585,52635
INDUS,Kotri,18-Jul-20,50671,17756
JHELUM,Kotli,02-Sept-20,-,8818
JHELUM,Mangla,31-Aug-20,55000,20000
JHELUM,Rasul,03-Oct-20,36748,15258
JHELUM,Khushab bridge,13-Oct-20,-,12817
CHENAB,Marala,13-Jul-20,57369,24246
CHENAB,Khanki,20-Jun-20,28441,20700
CHENAB,Qadirabad,27-Jun-20,39049,17049
CHENAB,Trimmu,14-Aug-20,32322,17522
CHENAB,Punjnad,25-Sept-20,32918,16668
RAVI,Jassar,02-Sept-20,-,13810
RAVI,Shahdara,02-Sept-20,-,11230
RAVI,Balloki,02-Sept-20,40185,15185
RAVI,Sidhnai,02-Sept-20,32992,28792
SUTLEJ,Sulemanki,03-Jul-20,14785,2324
SUTLEJ,Islam,06-Sept-20,6258,5028
INDUS,Kalabagh,18-Jun-20,192322,184822
INDUS,Chashma,08-Sept-20,196116,181978
INDUS,Taunsa,10-Sept-20,187011,176311
INDUS,Guddu,22-Jun-20,150892,113314
INDUS,Sukkar,30-Jul-20,109585,52635
INDUS,Kotri,18-Jul-20,49551,17756
JHELUM,Kotli,02-Sept-20,-,8530
JHELUM,Mangla,02-Jul-20,44000,19855
JHELUM,Rasul,04-Oct-20,36748,15258
JHELUM,Khushab bridge,17-Jul-20,-,12442
CHENAB,Marala,14-Jul-20,57469,24246
CHENAB,Khanki,20-Jun-20,27954,20213
CHENAB,Qadirabad,27-Jun-20,39049,17049
CHENAB,Trimmu,26-Sept-20,32355,17255
CHENAB,Punjnad,25-Sept-20,32918,16668
RAVI,Jassar,02-Sept-20,-,13810
RAVI,Shahdara,02-Sept-20,-,11230
RAVI,Balloki,02-Sept-20,40185,15185
RAVI,Sidhnai,02-Sept-20,30908,26708
SUTLEJ,Sulemanki,03-Aug-20,15816,2277
SUTLEJ,Islam,06-Sept-20,6258,5028
INDUS,Kalabagh,19-Jun-20,192266,184766
INDUS,Chashma,09-Sept-20,195864,181200
INDUS,Chashma,02-Aug-20,197157,180557
INDUS,Taunsa,10-Sept-20,187011,176311
INDUS,Guddu,12-Aug-20,143783,113314
INDUS,Sukkar,30-Jul-20,109585,52635
INDUS,Kotri,19-Jul-20,55311,17756
JHELUM,Kotli,02-Sept-20,-,8250
JHELUM,Mangla,29-Jul-20,28000,19815
JHELUM,Rasul,04-Oct-20,37183,15258
JHELUM,Khushab bridge,30-Jun-20,_,11691
CHENAB,Marala,14-Jul-20,57469,24246
CHENAB,Khanki,23-Jun-20,28065,20213
CHENAB,Qadirabad,28-Jun-20,39049,17049
CHENAB,Trimmu,27-Sept-20,32355,17255
CHENAB,Punjnad,25-Sept-20,32918,16668
RAVI,Jassar,02-Sept-20,-,11081
RAVI,Shahdara,02-Sept-20,-,11230
RAVI,Balloki,02-Sept-20,40185,15185
RAVI,Sidhnai,02-Sept-20,30958,26708
SUTLEJ,Sulemanki,03-Aug-20,15991,2277
SUTLEJ,Islam,06-Sept-20,6258,5028
INDUS,Kalabagh,26-Aug-20,191983,184489
INDUS,Chashma,24-Aug-20,185622,179022
INDUS,Taunsa,30-Jun-20,196708,175666
INDUS,Guddu,12-Aug-20,143783,113314
INDUS,Sukkar,31-Jul-20,109650,52635
INDUS,Kotri,07-Jul-20,46055,17740
JHELUM,Kotli,02-Sept-20,-,7960
JHELUM,Mangla,30-Jul-20,32000,19815
JHELUM,Rasul,04-Oct-20,37183,15258
JHELUM,Khushab bridge,30-Jun-20,-,11691
CHENAB,Marala,15-Jul-20,57469,24246
CHENAB,Khanki,09-Sept-20,26607,19432
CHENAB,Qadirabad,05-Jul-20,39049,17049
CHENAB,Trimmu,28-Jun-20,32991,17091
CHENAB,Punjnad,25-Sept-20,32918,16668
RAVI,Jassar,02-Sept-20,-,9591
RAVI,Shahdara,02-Sept-20,-,11230
RAVI,Balloki,02-Sept-20,40185,15185
RAVI,Sidhnai,02-Sept-20,30958,26708
SUTLEJ,Sulemanki,03-Aug-20,15991,2277
SUTLEJ,Islam,06-Sept-20,6258,5028
INDUS,Kalabagh,26-Aug-20,191983,184489
INDUS,Chashma,08-Aug-20,180440,175078
INDUS,Taunsa,30-Jun-20,196708,175666
INDUS,Guddu,12-Aug-20,143783,113314
INDUS,Sukkar,31-Jul-20,109650,52635
INDUS,Kotri,15-Jun-20,55711,17306
JHELUM,Kotli,02-Sept-20,-,7614
JHELUM,Mangla,03-Aug-20,32000,19815
JHELUM,Rasul,05-Oct-20,37183,15258
JHELUM,Khushab bridge,17-Jul-20,-,11691
CHENAB,Marala,19-Jul-20,57469,24246
CHENAB,Khanki,10-Sept-20,26858,19432
CHENAB,Qadirabad,06-Jul-20,39049,17049
CHENAB,Trimmu,29-Jun-20,32991,17091
CHENAB,Punjnad,26-Sept-20,32918,16668
RAVI,Jassar,02-Sept-20,-,9591
RAVI,Shahdara,02-Sept-20,-,11230
RAVI,Balloki,02-Sept-20,40185,15185
RAVI,Sidhnai,02-Sept-20,30958,26708
SUTLEJ,Sulemanki,04-Aug-20,15991,2277
SUTLEJ,Islam,06-Sept-20,6258,5028
INDUS,Kalabagh,11-Aug-20,192112,183912
INDUS,Chashma,08-Aug-20,179135,175010
INDUS,Taunsa,25-Jul-20,200968,175268
INDUS,Guddu,27-Jun-20,152232,113022
INDUS,Sukkar,31-Jul-20,109650,52635
INDUS,Kotri,15-Jun-20,55711,17306
JHELUM,Kotli,02-Sept-20,-,7960
JHELUM,Mangla,28-Jun-20,55000,19715
JHELUM,Rasul,05-Oct-20,37183,15258
JHELUM,Khushab bridge,17-Jul-20,-,11691
CHENAB,Marala,22-Jul-20,54369,24246
CHENAB,Khanki,22-Jun-20,27047,19232
CHENAB,Qadirabad,06-Jul-20,39049,17049
CHENAB,Trimmu,29-Jun-20,32991,17091
CHENAB,Punjnad,26-Sept-20,32918,16668
RAVI,Jassar,02-Sept-20,-,11081
RAVI,Shahdara,02-Sept-20,-,11230
RAVI,Balloki,02-Sept-20,40185,15185
RAVI,Sidhnai,02-Sept-20,30984,25834
SUTLEJ,Sulemanki,04-Aug-20,15991,2277
SUTLEJ,Islam,06-Sept-20,6258,5028
INDUS,Kalabagh,06-Aug-20,191157,182957
INDUS,Kalabagh,02-Aug-20,190903,182903
INDUS,Kalabagh,10-Sept-20,187889,182889
INDUS,Kalabagh,10-Sept-20,187889,182889
INDUS,Kalabagh,25-Jul-20,190691,182691
INDUS,Kalabagh,25-Jul-20,190691,182691
INDUS,Kalabagh,23-Jul-20,190680,182680
INDUS,Kalabagh,24-Jul-20,190680,182680
INDUS,Kalabagh,24-Jul-20,190680,182680
INDUS,Chashma,10-Sept-20,185080,172080
INDUS,Chashma,08-Sept-20,186029,171614
INDUS,Taunsa,25-Jul-20,200968,175268
INDUS,Taunsa,25-Jul-20,198668,175268
INDUS,Taunsa,25-Jul-20,198668,175268
INDUS,Taunsa,26-Jul-20,198968,175268
INDUS,Taunsa,26-Jul-20,198668,175268
INDUS,Taunsa,26-Jul-20,198668,175268
INDUS,Taunsa,26-Jul-20,198668,175268
INDUS,Taunsa,27-Jul-20,198668,175268
INDUS,Taunsa,27-Jul-20,198668,175268
INDUS,Taunsa,27-Jul-20,198668,175268
INDUS,Taunsa,27-Jul-20,198668,175268
INDUS,Taunsa,30-Jun-20,195443,174532
INDUS,Taunsa,27-Jun-20,191837,173837
INDUS,Taunsa,27-Jun-20,191837,173837
INDUS,Taunsa,27-Jun-20,191837,173837
INDUS,Taunsa,27-Jun-20,191837,173837
INDUS,Taunsa,28-Jun-20,191837,173837
INDUS,Guddu,27-Jun-20,152232,113022
INDUS,Sukkar,31-Jul-20,109650,52635
INDUS,Kotri,15-Jun-20,55711,17306
JHELUM,Kotli,02-Sept-20,-,7610
JHELUM,Mangla,04-Aug-20,25000,19515
JHELUM,Rasul,26-Jun-20,20043,11895
JHELUM,Khushab bridge,22-Jul-20,-,11691
CHENAB,Marala,23-Jul-20,54369,24246
CHENAB,Khanki,22-Jun-20,27059,19232
CHENAB,Qadirabad,07-Jul-20,39049,17049
CHENAB,Trimmu,17-Sept-20,30914,16414
CHENAB,Trimmu,17-Sept-20,30914,16414
CHENAB,Trimmu,14-Aug-20,30820,16020
CHENAB,Trimmu,14-Aug-20,30820,16020
CHENAB,Trimmu,30-Jun-20,31951,15951
CHENAB,Trimmu,30-Jun-20,31951,15951
CHENAB,Trimmu,01-Jul-20,30951,15951
CHENAB,Trimmu,01-Jul-20,30951,15951
CHENAB,Trimmu,01-Jul-20,31051,15951
CHENAB,Trimmu,17-Aug-20,30596,15796
CHENAB,Trimmu,17-Aug-20,30596,15796
CHENAB,Trimmu,18-Aug-20,30596,15796
CHENAB,Trimmu,18-Aug-20,30596,15796
CHENAB,Trimmu,18-Aug-20,30596,15796
CHENAB,Trimmu,29-Jul-20,30420,15520
CHENAB,Trimmu,30-Jul-20,30420,15520
CHENAB,Trimmu,31-Jul-20,30420,15520
CHENAB,Punjnad,26-Sept-20,32918,16668
RAVI,Jassar,02-Sept-20,-,11081
RAVI,Shahdara,02-Sept-20,-,11230
RAVI,Balloki,02-Sept-20,40185,15185
RAVI,Sidhnai,02-Sept-20,30984,25834
SUTLEJ,Sulemanki,30-Sept-20,15940,2130
SUTLEJ,Islam,06-Sept-20,6258,5028
INDUS,Kalabagh,03-Aug-20,190003,182003
INDUS,Chashma,11-Aug-20,176982,170278
INDUS,Taunsa,28-Jun-20,191837,173837
INDUS,Guddu,27-Jun-20,152232,113022
INDUS,Sukkar,03-Aug-20,109585,52635
INDUS,Kotri,11-Aug-20,45357,17222
JHELUM,Kotli,03-Sept-20,-,7610
JHELUM,Mangla,04-Jul-20,45000,19315
JHELUM,Rasul,27-Jun-20,20043,11895
JHELUM,Khushab bridge,23-Jul-20,-,11691
CHENAB,Marala,24-Jul-20,54369,24246
CHENAB,Khanki,27-Jun-20,27084,19232
CHENAB,Qadirabad,07-Jul-20,39049,17049
CHENAB,Trimmu,31-Jul-20,30420,15520
CHENAB,Punjnad,26-Sept-20,32918,16668
RAVI,Jassar,03-Sept-20,-,11081
RAVI,Shahdara,03-Sept-20,-,11230
RAVI,Balloki,03-Sept-20,40185,15185
RAVI,Sidhnai,03-Sept-20,30984,25834
SUTLEJ,Sulemanki,30-Sept-20,15940,2130
SUTLEJ,Islam,07-Sept-20,6258,5028
INDUS,Kalabagh,05-Aug-20,190003,182003
INDUS,Chashma,10-Aug-20,166320,170220
INDUS,Chashma,11-Aug-20,176320,170220
INDUS,Taunsa,21-Aug-20,199053,173653
INDUS,Guddu,28-Jun-20,152232,113022
INDUS,Sukkar,04-Jul-20,108750,52400
INDUS,Kotri,03-Aug-20,58030,17015
JHELUM,Kotli,03-Sept-20,-,7388
JHELUM,Mangla,21-Jul-20,107000,19315
JHELUM,Rasul,28-Jun-20,20043,11895
JHELUM,Khushab bridge,24-Jul-20,-,11691
CHENAB,Marala,25-Jul-20,54369,24246
CHENAB,Khanki,08-Jul-20,26887,19232
CHENAB,Qadirabad,07-Jul-20,39049,17049
CHENAB,Trimmu,31-Jul-20,30420,15520
CHENAB,Punjnad,27-Sept-20,32918,16668
RAVI,Jassar,03-Sept-20,-,11454
RAVI,Shahdara,03-Sept-20,-,14537
RAVI,Balloki,03-Sept-20,40185,15185
RAVI,Sidhnai,03-Sept-20,30303,25153
SUTLEJ,Sulemanki,30-Sept-20,15940,2130
SUTLEJ,Islam,07-Sept-20,6258,5028
INDUS,Kalabagh,05-Aug-20,190203,182003
INDUS,Chashma,13-Aug-20,175904,170218
INDUS,Taunsa,28-Jul-20,197019,173619
INDUS,Guddu,29-Jun-20,152082,113022
INDUS,Sukkar,04-Jul-20,108750,52400
INDUS,Kotri,12-Jul-20,58566,16151
JHELUM,Kotli,03-Sept-20,-,7610
JHELUM,Mangla,04-Jul-20,47000,19215
JHELUM,Rasul,28-Jun-20,20043,11895
JHELUM,Khushab bridge,13-Oct-20,-,11691
CHENAB,Marala,25-Jul-20,54469,24246
CHENAB,Khanki,16-Jul-20,27047,19232
CHENAB,Qadirabad,17-Jul-20,39049,17049
CHENAB,Trimmu,17-Sept-20,29542,15042
CHENAB,Punjnad,27-Sept-20,32379,16129
RAVI,Jassar,03-Sept-20,-,11454
RAVI,Shahdara,03-Sept-20,-,14537
RAVI,Balloki,03-Sept-20,40185,15185
RAVI,Sidhnai,03-Sept-20,27465,22315
SUTLEJ,Sulemanki,30-Sept-20,15940,2130
SUTLEJ,Islam,07-Sept-20,6258,5028
INDUS,Kalabagh,15-Aug-20,189959,181759
INDUS,Chashma,12-Aug-20,176592,170192
INDUS,Taunsa,28-Jul-20,197019,173619
INDUS,Guddu,29-Jun-20,152082,113022
INDUS,Sukkar,04-Jul-20,108750,52400
INDUS,Kotri,12-Jul-20,58566,16151
JHELUM,Kotli,03-Sept-20,-,7100
JHELUM,Mangla,27-Jun-20,58000,19055
JHELUM,Rasul,29-Jun-20,20043,11895
JHELUM,Khushab bridge,13-Oct-20,-,11691
CHENAB,Marala,27-Jul-20,54969,24246
CHENAB,Khanki,18-Jul-20,27047,19232
CHENAB,Qadirabad,21-Jul-20,39049,17049
CHENAB,Trimmu,18-Sept-20,29542,15042
CHENAB,Punjnad,23-Sept-20,31838,15738
RAVI,Jassar,03-Sept-20,-,7350
RAVI,Shahdara,03-Sept-20,-,14537
RAVI,Balloki,03-Sept-20,40185,15185
RAVI,Sidhnai,03-Sept-20,27465,22315
SUTLEJ,Sulemanki,14-Sept-20,15657,2018
SUTLEJ,Islam,07-Sept-20,6258,5028
INDUS,Kalabagh,15-Aug-20,189959,181759
INDUS,Chashma,09-Aug-20,174947,170175
INDUS,Taunsa,24-Jun-20,190867,172867
INDUS,Guddu,29-Jun-20,152082,113022
INDUS,Sukkar,27-Jun-20,108305,52186
INDUS,Kotri,12-Jul-20,58566,16151
JHELUM,Kotli,03-Sept-20,-,6816
JHELUM,Mangla,02-Jul-20,45000,19015
JHELUM,Rasul,01-Jul-20,20043,11895
JHELUM,Khushab bridge,30-Jun-20,-,11316
CHENAB,Marala,28-Jul-20,55469,24246
CHENAB,Khanki,19-Jul-20,27047,19232
CHENAB,Qadirabad,22-Jul-20,39049,17049
CHENAB,Trimmu,19-Aug-20,29470,14670
CHENAB,Punjnad,23-Sept-20,31838,15738
RAVI,Jassar,03-Sept-20,-,7350
RAVI,Shahdara,03-Sept-20,-,14537
RAVI,Balloki,03-Sept-20,39435,14035
RAVI,Sidhnai,03-Sept-20,26615,21465
SUTLEJ,Sulemanki,14-Sept-20,15657,2018
SUTLEJ,Islam,07-Sept-20,6258,5028
INDUS,Kalabagh,04-Aug-20,189525,181525
INDUS,Chashma,12-Aug-20,176770,170170
INDUS,Taunsa,24-Jun-20,190867,172867
INDUS,Guddu,06-Aug-20,143798,112729
INDUS,Sukkar,27-Jun-20,108305,52180
INDUS,Kotri,12-Jul-20,58566,16151
JHELUM,Kotli,03-Sept-20,-,6242
JHELUM,Mangla,19-Jul-20,35000,19015
JHELUM,Rasul,05-Jul-20,19343,11895
JHELUM,Khushab bridge,07-Jul-20,-,11316
CHENAB,Marala,28-Jul-20,56469,24246
CHENAB,Khanki,19-Jul-20,27047,19232
CHENAB,Qadirabad,23-Jul-20,39049,17049
CHENAB,Trimmu,19-Aug-20,29470,14670
CHENAB,Punjnad,23-Sept-20,31838,15738
RAVI,Jassar,03-Sept-20,-,7350
RAVI,Shahdara,03-Sept-20,-,15353
RAVI,Balloki,03-Sept-20,39835,14035
RAVI,Sidhnai,03-Sept-20,26528,20678
SUTLEJ,Sulemanki,14-Sept-20,15781,2018
SUTLEJ,Islam,07-Sept-20,6258,5028
INDUS,Kalabagh,26-Jul-20,189234,181234
INDUS,Chashma,13-Aug-20,176765,170165
INDUS,Taunsa,23-Jun-20,190167,172167
INDUS,Guddu,18-Jun-20,146170,111486
INDUS,Sukkar,27-Jun-20,108305,52180
INDUS,Kotri,20-Jul-20,57006,16151
JHELUM,Kotli,03-Sept-20,-,5956
JHELUM,Mangla,13-Jul-20,37000,18915
JHELUM,Rasul,05-Jul-20,19240,11895
JHELUM,Khushab bridge,23-Jul-20,-,11316
CHENAB,Marala,02-Aug-20,55369,24246
CHENAB,Khanki,23-Jul-20,26574,19232
CHENAB,Qadirabad,23-Jul-20,39049,17049
CHENAB,Trimmu,19-Aug-20,29420,14670
CHENAB,Punjnad,24-Sept-20,31838,15738
RAVI,Jassar,03-Sept-20,-,7101
RAVI,Shahdara,03-Sept-20,-,15353
RAVI,Balloki,03-Sept-20,40035,14035
RAVI,Sidhnai,03-Sept-20,26415,20565
SUTLEJ,Sulemanki,14-Sept-20,15781,2018
SUTLEJ,Islam,07-Sept-20,6258,5028
INDUS,Kalabagh,16-Jun-20,188501,181001
INDUS,Kalabagh,22-Jun-20,188467,180967
INDUS,Kalabagh,24-Aug-20,188435,180635
INDUS,Kalabagh,24-Aug-20,188435,180635
INDUS,Kalabagh,23-Aug-20,187965,180465
INDUS,Kalabagh,23-Aug-20,188265,180465
INDUS,Kalabagh,13-Aug-20,188049,179849
INDUS,Kalabagh,13-Aug-20,188049,179849
INDUS,Kalabagh,27-Jun-20,187142,179142
INDUS,Kalabagh,28-Jun-20,187142,179142
INDUS,Kalabagh,28-Jun-20,187142,179142
INDUS,Chashma,11-Aug-20,177074,170162
INDUS,Chashma,12-Aug-20,176434,170134
INDUS,Taunsa,23-Jun-20,190167,172167
INDUS,Taunsa,23-Jun-20,190167,172167
INDUS,Taunsa,23-Jun-20,190167,172167
INDUS,Taunsa,28-Jun-20,192036,171772
INDUS,Taunsa,28-Jun-20,192036,171772
INDUS,Taunsa,29-Jun-20,192036,171772
INDUS,Taunsa,29-Jun-20,192036,171772
INDUS,Taunsa,29-Jun-20,192036,171772
INDUS,Taunsa,29-Jun-20,192036,171772
INDUS,Taunsa,30-Jun-20,192036,171772
INDUS,Taunsa,29-Jul-20,198147,171747
INDUS,Taunsa,30-Jul-20,198147,171747
INDUS,Taunsa,31-Jul-20,198147,171747
INDUS,Taunsa,24-Jun-20,189684,171684
INDUS,Taunsa,24-Jun-20,189684,171684
INDUS,Taunsa,11-Sept-20,179159,171459
INDUS,Taunsa,07-Aug-20,195297,171397
INDUS,Guddu,16-Jun-20,144320,111202
INDUS,Sukkar,27-Jun-20,108305,52180
INDUS,Kotri,20-Jul-20,57706,16151
JHELUM,Kotli,03-Sept-20,-,5284
JHELUM,Mangla,09-Jul-20,41000,18893
JHELUM,Rasul,11-Jul-20,19035,11895
JHELUM,Khushab bridge,30-Jun-20,_,10941
CHENAB,Marala,03-Aug-20,55369,24246
CHENAB,Khanki,26-Jul-20,26574,19232
CHENAB,Qadirabad,29-Jul-20,39049,17049
CHENAB,Trimmu,20-Aug-20,29420,14670
CHENAB,Trimmu,24-Jul-20,28827,14227
CHENAB,Trimmu,01-Jul-20,29263,14163
CHENAB,Trimmu,04-Jul-20,29197,14097
CHENAB,Trimmu,04-Jul-20,29197,14097
CHENAB,Trimmu,04-Jul-20,28997,14097
CHENAB,Trimmu,28-Sept-20,29140,14040
CHENAB,Trimmu,29-Sept-20,29140,14040
CHENAB,Trimmu,29-Sept-20,29140,14040
CHENAB,Trimmu,29-Sept-20,29140,14040
CHENAB,Trimmu,29-Sept-20,29140,14040
CHENAB,Trimmu,30-Sept-20,29140,14040
CHENAB,Trimmu,30-Sept-20,29140,14040
CHENAB,Trimmu,30-Sept-20,29140,14040
CHENAB,Trimmu,30-Sept-20,29140,14040
CHENAB,Trimmu,01-Oct-20,29140,14040
CHENAB,Trimmu,01-Oct-20,29140,14040
CHENAB,Punjnad,17-Jun-20,30472,15122
RAVI,Jassar,03-Sept-20,-,7101
RAVI,Shahdara,03-Sept-20,-,16168
RAVI,Balloki,03-Sept-20,40185,15185
RAVI,Sidhnai,03-Sept-20,26415,20565
SUTLEJ,Sulemanki,15-Sept-20,15781,2018
SUTLEJ,Islam,07-Sept-20,6258,5028
INDUS,Kalabagh,28-Jun-20,187142,179142
INDUS,Chashma,14-Aug-20,176699,170099
INDUS,Taunsa,28-Jul-20,194932,170532
INDUS,Guddu,17-Jun-20,144818,111202
INDUS,Sukkar,28-Jun-20,108305,52180
INDUS,Kotri,20-Jul-20,58406,16151
JHELUM,Kotli,04-Sept-20,-,5284
JHELUM,Mangla,06-Jul-20,49000,18815
JHELUM,Rasul,12-Jul-20,18835,11895
JHELUM,Khushab bridge,01-Jul-20,_,10941
CHENAB,Marala,03-Aug-20,55469,24246
CHENAB,Khanki,28-Jul-20,26646,19232
CHENAB,Qadirabad,30-Jul-20,39049,17049
CHENAB,Trimmu,01-Oct-20,29140,14040
CHENAB,Punjnad,18-Jun-20,30472,15122
RAVI,Jassar,04-Sept-20,-,7101
RAVI,Shahdara,04-Sept-20,-,16168
RAVI,Balloki,04-Sept-20,40185,15185
RAVI,Sidhnai,04-Sept-20,26415,20565
SUTLEJ,Sulemanki,15-Sept-20,15781,2018
SUTLEJ,Islam,08-Sept-20,6258,5028
INDUS,Kalabagh,25-Jun-20,186180,178180
INDUS,Chashma,12-Aug-20,177609,170095
INDUS,Taunsa,28-Jul-20,194932,170532
INDUS,Guddu,17-Jun-20,144818,111202
INDUS,Sukkar,03-Jul-20,108385,51635
INDUS,Kotri,20-Jul-20,58406,16151
JHELUM,Kotli,04-Sept-20,-,5098
JHELUM,Mangla,29-Jun-20,50000,18715
JHELUM,Rasul,13-Jul-20,18635,11895
JHELUM,Khushab bridge,03-Jul-20,_,10941
CHENAB,Marala,21-Jun-20,51663,22255
CHENAB,Khanki,29-Jul-20,26646,19232
CHENAB,Qadirabad,31-Jul-20,39049,17049
CHENAB,Trimmu,13-Aug-20,28634,13834
CHENAB,Punjnad,31-Jul-20,30780,14955
RAVI,Jassar,04-Sept-20,-,7600
RAVI,Shahdara,04-Sept-20,-,14129
RAVI,Balloki,04-Sept-20,40185,15185
RAVI,Sidhnai,04-Sept-20,26415,20565
SUTLEJ,Sulemanki,15-Sept-20,15831,2018
SUTLEJ,Islam,08-Sept-20,6258,5028
INDUS,Kalabagh,21-Jun-20,183731,176231
INDUS,Chashma,09-Sept-20,183090,170090
INDUS,Taunsa,08-Aug-20,193405,170005
INDUS,Guddu,28-Jun-20,149841,110631
INDUS,Sukkar,03-Jul-20,108385,51635
INDUS,Kotri,18-Jul-20,51231,15636
JHELUM,Kotli,04-Sept-20,-,4812
JHELUM,Mangla,30-Jun-20,43000,18715
JHELUM,Rasul,13-Jul-20,19035,11895
JHELUM,Khushab bridge,06-Jul-20,_,10941
CHENAB,Marala,21-Jun-20,51996,22255
CHENAB,Khanki,04-Aug-20,26598,19232
CHENAB,Qadirabad,31-Jul-20,39049,17049
CHENAB,Trimmu,16-Jul-20,28167,13167
CHENAB,Punjnad,31-Jul-20,30780,14955
RAVI,Jassar,04-Sept-20,-,7600
RAVI,Shahdara,04-Sept-20,-,14129
RAVI,Balloki,04-Sept-20,41340,16340
RAVI,Sidhnai,04-Sept-20,25907,20057
SUTLEJ,Sulemanki,15-Sept-20,15831,2018
SUTLEJ,Islam,08-Sept-20,6258,5028
INDUS,Kalabagh,11-Aug-20,184230,176030
INDUS,Chashma,08-Aug-20,175815,170027
INDUS,Taunsa,08-Aug-20,193405,170005
INDUS,Guddu,28-Jun-20,149841,110631
INDUS,Sukkar,01-Aug-20,108285,51380
INDUS,Kotri,18-Jul-20,51231,15636
JHELUM,Kotli,04-Sept-20,-,4240
JHELUM,Mangla,15-Jul-20,33000,18715
JHELUM,Rasul,14-Jul-20,19535,11895
JHELUM,Khushab bridge,06-Jul-20,-,10941
CHENAB,Marala,22-Jun-20,51996,22255
CHENAB,Khanki,18-Jun-20,26545,18816
CHENAB,Qadirabad,02-Aug-20,39049,17049
CHENAB,Trimmu,16-Jul-20,28267,13167
CHENAB,Punjnad,31-Jul-20,30780,14955
RAVI,Jassar,04-Sept-20,-,6353
RAVI,Shahdara,04-Sept-20,-,15353
RAVI,Balloki,04-Sept-20,42495,17495
RAVI,Sidhnai,04-Sept-20,25907,20057
SUTLEJ,Sulemanki,18-Sept-20,16012,2018
SUTLEJ,Islam,08-Sept-20,6258,5028
INDUS,Kalabagh,12-Aug-20,184230,176030
INDUS,Chashma,09-Aug-20,175815,170027
INDUS,Taunsa,19-Jun-20,187127,169127
INDUS,Guddu,28-Jun-20,149841,110631
INDUS,Sukkar,01-Aug-20,108285,51380
INDUS,Kotri,19-Jul-20,55371,15636
JHELUM,Kotli,04-Sept-20,-,4240
JHELUM,Mangla,20-Jul-20,33000,18715
JHELUM,Rasul,14-Jul-20,19535,11895
JHELUM,Khushab bridge,22-Jul-20,-,10941
CHENAB,Marala,22-Jun-20,51996,22255
CHENAB,Khanki,19-Jun-20,26545,18816
CHENAB,Qadirabad,02-Aug-20,39049,17049
CHENAB,Trimmu,08-Jul-20,28010,13110
CHENAB,Punjnad,01-Aug-20,30780,14955
RAVI,Jassar,04-Sept-20,-,6353
RAVI,Shahdara,04-Sept-20,-,15353
RAVI,Balloki,04-Sept-20,42495,17495
RAVI,Sidhnai,04-Sept-20,25907,20057
SUTLEJ,Sulemanki,18-Sept-20,16012,2018
SUTLEJ,Islam,08-Sept-20,6258,5028
INDUS,Kalabagh,16-Aug-20,184230,176030
INDUS,Chashma,09-Aug-20,173569,170025
INDUS,Taunsa,19-Jun-20,187127,169127
INDUS,Guddu,29-Jun-20,149841,110631
INDUS,Sukkar,01-Aug-20,108285,51380
INDUS,Kotri,19-Jul-20,55791,15636
JHELUM,Kotli,04-Sept-20,-,4526
JHELUM,Mangla,19-Jul-20,32000,18655
JHELUM,Rasul,15-Jul-20,19485,11895
JHELUM,Khushab bridge,24-Jul-20,-,10941
CHENAB,Marala,22-Jun-20,51996,22255
CHENAB,Khanki,23-Jun-20,26069,18217
CHENAB,Qadirabad,02-Aug-20,39049,17049
CHENAB,Trimmu,09-Jul-20,28010,13110
CHENAB,Punjnad,25-Jul-20,28669,13069
RAVI,Jassar,04-Sept-20,-,6353
RAVI,Shahdara,04-Sept-20,-,15353
RAVI,Balloki,04-Sept-20,41665,18665
RAVI,Sidhnai,04-Sept-20,23672,17372
SUTLEJ,Sulemanki,18-Sept-20,16063,2018
SUTLEJ,Islam,08-Sept-20,6258,5028
INDUS,Kalabagh,30-Jul-20,183758,175558
INDUS,Chashma,10-Aug-20,176622,170022
INDUS,Taunsa,20-Jun-20,187127,169127
INDUS,Guddu,06-Aug-20,142868,110348
INDUS,Sukkar,01-Aug-20,108285,51380
INDUS,Kotri,19-Jul-20,55791,15636
JHELUM,Kotli,04-Sept-20,-,4812
JHELUM,Mangla,16-Jul-20,33000,18615
JHELUM,Rasul,16-Jul-20,19485,11895
JHELUM,Khushab bridge,27-Jul-20,-,10941
CHENAB,Marala,23-Jun-20,52330,22255
CHENAB,Khanki,28-Jun-20,26069,18217
CHENAB,Qadirabad,02-Aug-20,39049,17049
CHENAB,Trimmu,09-Jul-20,28010,13110
CHENAB,Punjnad,25-Jul-20,28669,13069
RAVI,Jassar,04-Sept-20,-,6602
RAVI,Shahdara,04-Sept-20,-,15353
RAVI,Balloki,04-Sept-20,41665,18665
RAVI,Sidhnai,04-Sept-20,23672,17372
SUTLEJ,Sulemanki,18-Sept-20,16063,2018
SUTLEJ,Islam,09-Sept-20,6228,5028
INDUS,Kalabagh,06-Aug-20,183758,175558
INDUS,Kalabagh,06-Aug-20,183758,175558
INDUS,Kalabagh,07-Aug-20,183748,175548
INDUS,Kalabagh,07-Aug-20,183748,175548
INDUS,Kalabagh,02-Aug-20,183504,175504
INDUS,Kalabagh,02-Aug-20,183504,175504
INDUS,Kalabagh,29-Jul-20,182804,174604
INDUS,Kalabagh,29-Jul-20,182804,174604
INDUS,Kalabagh,08-Aug-20,182804,174604
INDUS,Kalabagh,08-Aug-20,182804,174604
INDUS,Kalabagh,08-Aug-20,182804,174604
INDUS,Kalabagh,09-Aug-20,182804,174604
INDUS,Kalabagh,10-Aug-20,182804,174604
INDUS,Kalabagh,31-Jul-20,182564,174564
INDUS,Kalabagh,31-Jul-20,182564,174564
INDUS,Chashma,10-Aug-20,175387,169999
INDUS,Taunsa,20-Jun-20,187127,169127
INDUS,Taunsa,20-Jun-20,187127,169127
INDUS,Taunsa,20-Jun-20,187127,169127
INDUS,Taunsa,21-Jun-20,187127,169127
INDUS,Taunsa,21-Jun-20,187127,169127
INDUS,Taunsa,21-Jun-20,187127,169127
INDUS,Taunsa,07-Aug-20,192512,168612
INDUS,Taunsa,07-Aug-20,192512,168612
INDUS,Taunsa,31-Jul-20,193415,167435
INDUS,Taunsa,29-Jul-20,191568,167168
INDUS,Taunsa,29-Jul-20,191568,167168
INDUS,Taunsa,19-Jun-20,184281,166681
INDUS,Taunsa,19-Jun-20,184281,166681
INDUS,Taunsa,08-Aug-20,189585,166385
INDUS,Taunsa,06-Aug-20,190189,166289
INDUS,Guddu,16-Jun-20,143192,109060
INDUS,Sukkar,22-Aug-20,90330,50160
INDUS,Kotri,03-Aug-20,56595,15160
JHELUM,Kotli,04-Sept-20,-,5098
JHELUM,Mangla,01-Jul-20,42000,18315
JHELUM,Rasul,16-Jul-20,19793,11895
JHELUM,Khushab bridge,01-Aug-20,_,10941
CHENAB,Marala,23-Jun-20,52330,22255
CHENAB,Khanki,14-Jul-20,26007,18217
CHENAB,Qadirabad,09-Sept-20,38419,16419
CHENAB,Trimmu,09-Jul-20,28010,13110
CHENAB,Trimmu,15-Aug-20,27198,12398
CHENAB,Trimmu,15-Aug-20,27198,12398
CHENAB,Trimmu,18-Sept-20,26857,12357
CHENAB,Trimmu,18-Sept-20,26857,12357
CHENAB,Trimmu,18-Sept-20,26857,12357
CHENAB,Trimmu,19-Sept-20,26857,12357
CHENAB,Trimmu,18-Aug-20,27087,12287
CHENAB,Trimmu,19-Aug-20,27087,12287
CHENAB,Trimmu,30-Jul-20,27207,12107
CHENAB,Trimmu,30-Jul-20,27007,12107
CHENAB,Trimmu,31-Jul-20,27007,12107
CHENAB,Punjnad,25-Jul-20,28669,13069
RAVI,Jassar,04-Sept-20,-,6602
RAVI,Shahdara,04-Sept-20,-,16168
RAVI,Balloki,04-Sept-20,41665,18665
RAVI,Sidhnai,04-Sept-20,22308,13708
SUTLEJ,Sulemanki,19-Sept-20,16063,2018
SUTLEJ,Islam,09-Sept-20,6258,5028
INDUS,Kalabagh,31-Jul-20,182564,174564
INDUS,Chashma,13-Aug-20,175630,169944
INDUS,Taunsa,06-Aug-20,190189,166289
INDUS,Guddu,21-Jun-20,145325,109060
INDUS,Sukkar,22-Aug-20,90330,50160
INDUS,Kotri,03-Aug-20,56595,15160
JHELUM,Kotli,05-Sept-20,-,5284
JHELUM,Mangla,22-Jul-20,31000,18315
JHELUM,Rasul,16-Jul-20,19793,11895
JHELUM,Khushab bridge,21-Aug-20,-,10941
CHENAB,Marala,09-Sept-20,46234,22218
CHENAB,Khanki,10-Sept-20,24612,17437
CHENAB,Qadirabad,04-Jul-20,37787,15787
CHENAB,Trimmu,01-Aug-20,27007,12107
CHENAB,Punjnad,26-Jul-20,28669,13069
RAVI,Jassar,05-Sept-20,-,6353
RAVI,Shahdara,05-Sept-20,-,13306
RAVI,Balloki,05-Sept-20,43450,20450
RAVI,Sidhnai,05-Sept-20,21451,10701
SUTLEJ,Sulemanki,19-Sept-20,16063,2018
SUTLEJ,Islam,09-Sept-20,6258,5028
INDUS,Kalabagh,16-Jun-20,181764,174264
INDUS,Chashma,13-Aug-20,175630,169944
INDUS,Taunsa,07-Aug-20,190189,166289
INDUS,Guddu,04-Aug-20,143834,108508
INDUS,Sukkar,22-Aug-20,90330,50160
INDUS,Kotri,11-Aug-20,44975,14995
JHELUM,Kotli,05-Sept-20,-,4526
JHELUM,Mangla,23-Jul-20,31000,18315
JHELUM,Rasul,16-Jul-20,19843,11895
JHELUM,Khushab bridge,16-Sept-20,-,10941
CHENAB,Marala,10-Sept-20,49368,22218
CHENAB,Khanki,10-Sept-20,24815,17437
CHENAB,Qadirabad,05-Jul-20,37787,15787
CHENAB,Trimmu,03-Aug-20,27207,12107
CHENAB,Punjnad,21-Sept-20,28930,13030
RAVI,Jassar,05-Sept-20,-,7101
RAVI,Shahdara,05-Sept-20,-,14129
RAVI,Balloki,05-Sept-20,43450,20450
RAVI,Sidhnai,05-Sept-20,22308,13708
SUTLEJ,Sulemanki,19-Sept-20,16093,2018
SUTLEJ,Islam,12-Sept-20,6758,5028
INDUS,Kalabagh,01-Aug-20,181649,173649
INDUS,Chashma,10-Aug-20,175165,169377
INDUS,Taunsa,06-Aug-20,190668,166268
INDUS,Guddu,22-Aug-20,130487,108231
INDUS,Sukkar,22-Aug-20,90330,50160
INDUS,Kotri,12-Aug-20,44975,14995
JHELUM,Kotli,05-Sept-20,-,4812
JHELUM,Mangla,07-Jul-20,42000,18155
JHELUM,Rasul,17-Jul-20,19843,11895
JHELUM,Khushab bridge,07-Jul-20,-,10665
CHENAB,Marala,17-Jun-20,50268,21668
CHENAB,Khanki,12-Sept-20,24960,17437
CHENAB,Qadirabad,09-Jul-20,37787,15787
CHENAB,Trimmu,23-Jul-20,26606,12006
CHENAB,Punjnad,22-Sept-20,28930,13030
RAVI,Jassar,05-Sept-20,-,7350
RAVI,Shahdara,05-Sept-20,-,14129
RAVI,Balloki,05-Sept-20,43450,20450
RAVI,Sidhnai,05-Sept-20,22308,13708
SUTLEJ,Sulemanki,19-Sept-20,16063,2018
SUTLEJ,Islam,13-Sept-20,6758,5028
INDUS,Kalabagh,01-Aug-20,181649,173649
INDUS,Chashma,12-Aug-20,175955,169355
INDUS,Taunsa,06-Aug-20,190668,166268
INDUS,Guddu,22-Aug-20,132487,108231
INDUS,Sukkar,14-Aug-20,96095,49800
INDUS,Kotri,12-Aug-20,45330,14995
JHELUM,Kotli,05-Sept-20,-,5098
JHELUM,Mangla,07-Aug-20,25000,18015
JHELUM,Rasul,17-Jul-20,19943,11895
JHELUM,Khushab bridge,02-Jul-20,,10566
CHENAB,Marala,17-Jun-20,50368,21668
CHENAB,Khanki,16-Jul-20,24902,17087
CHENAB,Qadirabad,12-Jul-20,37787,15787
CHENAB,Trimmu,24-Jul-20,26606,12006
CHENAB,Punjnad,22-Sept-20,28930,13030
RAVI,Jassar,05-Sept-20,-,6014
RAVI,Shahdara,05-Sept-20,-,14129
RAVI,Balloki,05-Sept-20,43450,20450
RAVI,Sidhnai,05-Sept-20,22308,13708
SUTLEJ,Sulemanki,20-Sept-20,16093,2018
SUTLEJ,Islam,13-Sept-20,6758,5028
INDUS,Kalabagh,29-Jul-20,181632,173432
INDUS,Chashma,17-Aug-20,171867,165267
INDUS,Taunsa,30-Jul-20,190478,164859
INDUS,Guddu,22-Aug-20,132487,108231
INDUS,Sukkar,14-Aug-20,96095,49800
INDUS,Kotri,12-Aug-20,45330,14995
JHELUM,Kotli,05-Sept-20,-,5956
JHELUM,Mangla,26-Aug-20,158000,18015
JHELUM,Rasul,17-Jul-20,19943,11895
JHELUM,Khushab bridge,05-Jul-20,_,10566
CHENAB,Marala,17-Jun-20,50268,21668
CHENAB,Khanki,16-Jul-20,24902,17087
CHENAB,Qadirabad,20-Jul-20,37787,15787
CHENAB,Trimmu,24-Jul-20,26606,12006
CHENAB,Punjnad,22-Sept-20,28930,13030
RAVI,Jassar,05-Sept-20,-,6014
RAVI,Shahdara,05-Sept-20,-,14129
RAVI,Balloki,05-Sept-20,43450,20450
RAVI,Sidhnai,05-Sept-20,22308,13708
SUTLEJ,Sulemanki,20-Sept-20,16093,2018
SUTLEJ,Islam,21-Jul-20,6320,4690
INDUS,Kalabagh,17-Jun-20,180847,173347
INDUS,Chashma,19-Aug-20,173470,165206
INDUS,Taunsa,31-Jul-20,187196,164796
INDUS,Guddu,22-Aug-20,132487,108231
INDUS,Sukkar,14-Aug-20,96095,49800
INDUS,Kotri,12-Aug-20,45430,14995
JHELUM,Kotli,05-Sept-20,-,5670
JHELUM,Mangla,09-Aug-20,30000,17915
JHELUM,Rasul,18-Jul-20,19943,11895
JHELUM,Khushab bridge,22-Jul-20,-,10566
CHENAB,Marala,17-Jun-20,50468,21668
CHENAB,Khanki,25-Jul-20,24429,17087
CHENAB,Qadirabad,26-Jul-20,37787,15787
CHENAB,Trimmu,25-Jul-20,26606,12006
CHENAB,Punjnad,22-Sept-20,29130,13030
RAVI,Jassar,05-Sept-20,-,6014
RAVI,Shahdara,05-Sept-20,-,13306
RAVI,Balloki,05-Sept-20,43450,20450
RAVI,Sidhnai,05-Sept-20,21251,10701
SUTLEJ,Sulemanki,20-Sept-20,16087,2018
SUTLEJ,Islam,21-Jul-20,6320,4690
INDUS,Kalabagh,15-Jun-20,180809,173309
INDUS,Chashma,15-Aug-20,172900,165180
INDUS,Taunsa,31-Jul-20,187196,164796
INDUS,Guddu,23-Aug-20,134240,108231
INDUS,Sukkar,14-Aug-20,96095,49800
INDUS,Kotri,12-Aug-20,45430,14995
JHELUM,Kotli,05-Sept-20,,
JHELUM,Mangla,01-Aug-20,30000,17715
JHELUM,Rasul,19-Jul-20,19943,11895
JHELUM,Khushab bridge,01-Jul-20,,10191
CHENAB,Marala,18-Jun-20,50468,21668
CHENAB,Khanki,25-Jul-20,24429,17087
CHENAB,Qadirabad,30-Jul-20,37787,15787
CHENAB,Trimmu,25-Jul-20,26606,12006
CHENAB,Punjnad,23-Sept-20,29130,13030
RAVI,Jassar,05-Sept-20,-,21902
RAVI,Shahdara,05-Sept-20,134764,120964
RAVI,Balloki,05-Sept-20,-,6353
RAVI,Sidhnai,05-Sept-20,-,13600
SUTLEJ,Sulemanki,20-Sept-20,16087,2018
SUTLEJ,Islam,21-Jul-20,6320,4690
INDUS,Kalabagh,09-Sept-20,175106,170106
INDUS,Kalabagh,10-Aug-20,177214,169014
INDUS,Kalabagh,11-Sept-20,173964,168464
INDUS,Kalabagh,14-Aug-20,175367,167167
INDUS,Kalabagh,14-Aug-20,175367,167167
INDUS,Kalabagh,14-Aug-20,175367,167167
INDUS,Kalabagh,14-Aug-20,175367,167167
INDUS,Kalabagh,13-Aug-20,175070,166870
INDUS,Kalabagh,29-Jun-20,174477,166477
INDUS,Kalabagh,28-Jul-20,173994,165794
INDUS,Kalabagh,28-Jul-20,173994,165794
INDUS,Kalabagh,09-Sept-20,170365,165365
INDUS,Kalabagh,25-Aug-20,172776,164976
INDUS,Kalabagh,25-Aug-20,172776,164976
INDUS,Chashma,16-Aug-20,171753,165153
INDUS,Taunsa,01-Aug-20,187196,164796
INDUS,Taunsa,01-Aug-20,187196,164796
INDUS,Taunsa,01-Aug-20,187196,164796
INDUS,Taunsa,01-Aug-20,187196,164796
INDUS,Taunsa,02-Aug-20,187196,164796
INDUS,Taunsa,02-Aug-20,187196,164796
INDUS,Taunsa,02-Aug-20,187196,164796
INDUS,Taunsa,02-Aug-20,188196,164796
INDUS,Taunsa,03-Aug-20,188196,164796
INDUS,Taunsa,03-Aug-20,188696,164796
INDUS,Taunsa,03-Aug-20,188696,164796
INDUS,Taunsa,05-Aug-20,187854,163454
INDUS,Taunsa,05-Aug-20,187854,163454
INDUS,Taunsa,30-Jul-20,188953,163271
INDUS,Guddu,23-Aug-20,138289,108231
INDUS,Sukkar,28-Jun-20,105370,49555
INDUS,Kotri,23-Aug-20,37475,14865
JHELUM,Kotli,05-Sept-20,-,5284
JHELUM,Mangla,03-Aug-20,27000,17455
JHELUM,Rasul,20-Jul-20,19515,11895
JHELUM,Khushab bridge,01-Jul-20,,10191
CHENAB,Marala,18-Jun-20,50668,21668
CHENAB,Khanki,18-Jun-20,24453,16837
CHENAB,Qadirabad,09-Aug-20,34787,15787
CHENAB,Trimmu,25-Jul-20,26606,12006
CHENAB,Punjnad,18-Jun-20,26256,10906
RAVI,Jassar,05-Sept-20,-,6353
RAVI,Shahdara,05-Sept-20,-,13306
RAVI,Balloki,05-Sept-20,43450,20450
RAVI,Sidhnai,05-Sept-20,21451,10701
SUTLEJ,Sulemanki,21-Sept-20,16087,2018
SUTLEJ,Islam,28-Jul-20,7190,4690
INDUS,Kalabagh,17-Aug-20,173160,164960
INDUS,Chashma,17-Aug-20,171753,165153
INDUS,Taunsa,30-Jul-20,188953,163271
INDUS,Guddu,23-Aug-20,140041,108231
INDUS,Sukkar,28-Jun-20,105370,49555
INDUS,Kotri,07-Jul-20,46062,14657
JHELUM,Kotli,06-Sept-20,-,5098
JHELUM,Mangla,30-Jun-20,44000,17115
JHELUM,Rasul,20-Jul-20,18443,11895
JHELUM,Khushab bridge,02-Jul-20,-,10191
CHENAB,Marala,19-Jun-20,50693,21668
CHENAB,Khanki,16-Jun-20,24417,16737
CHENAB,Qadirabad,06-Jul-20,37214,15214
CHENAB,Trimmu,25-Jul-20,26606,12006
CHENAB,Punjnad,18-Jun-20,26256,10906
RAVI,Jassar,06-Sept-20,-,6353
RAVI,Shahdara,06-Sept-20,-,13306
RAVI,Balloki,06-Sept-20,43450,20450
RAVI,Sidhnai,06-Sept-20,21451,10701
SUTLEJ,Sulemanki,21-Sept-20,16087,2018
SUTLEJ,Islam,29-Jul-20,7190,4690
INDUS,Kalabagh,17-Aug-20,173160,164960
INDUS,Chashma,15-Aug-20,172698,165079
INDUS,Taunsa,03-Aug-20,188953,163271
INDUS,Guddu,23-Aug-20,140041,108231
INDUS,Sukkar,28-Jun-20,105370,49555
INDUS,Kotri,07-Jul-20,46062,14657
JHELUM,Kotli,06-Sept-20,-,5098
JHELUM,Mangla,01-Jul-20,48000,17115
JHELUM,Rasul,21-Jul-20,18443,11895
JHELUM,Khushab bridge,04-Jul-20,_,10191
CHENAB,Marala,13-Jul-20,52116,18893
CHENAB,Khanki,14-Jul-20,22611,14796
CHENAB,Qadirabad,31-Jul-20,36518,14518
CHENAB,Trimmu,09-Jul-20,26854,11954
CHENAB,Punjnad,18-Jun-20,26256,10906
RAVI,Jassar,06-Sept-20,-,6602
RAVI,Shahdara,06-Sept-20,-,13306
RAVI,Balloki,06-Sept-20,43450,20450
RAVI,Sidhnai,06-Sept-20,21451,10701
SUTLEJ,Sulemanki,21-Sept-20,16087,2018
SUTLEJ,Islam,29-Jul-20,7190,4690
INDUS,Kalabagh,26-Jul-20,202617,164617
INDUS,Chashma,17-Aug-20,170417,165055
INDUS,Taunsa,29-Jul-20,191568,163168
INDUS,Guddu,21-Aug-20,130381,107675
INDUS,Sukkar,23-Jun-20,103030,48215
INDUS,Kotri,08-Jul-20,46062,14657
JHELUM,Kotli,06-Sept-20,-,5098
JHELUM,Mangla,02-Jul-20,45000,16915
JHELUM,Rasul,26-Jul-20,19840,11895
JHELUM,Khushab bridge,05-Jul-20,_,10191
CHENAB,Marala,14-Jul-20,52116,18893
CHENAB,Khanki,18-Jul-20,22611,14796
CHENAB,Qadirabad,31-Jul-20,36518,14518
CHENAB,Trimmu,10-Jul-20,26854,11954
CHENAB,Punjnad,19-Jun-20,26256,10906
RAVI,Jassar,06-Sept-20,115613,102313
RAVI,Shahdara,06-Sept-20,-,13600
RAVI,Balloki,06-Sept-20,-,13306
RAVI,Sidhnai,06-Sept-20,43450,20450
SUTLEJ,Sulemanki,21-Sept-20,16087,2018
SUTLEJ,Islam,29-Jul-20,7190,4690
INDUS,Kalabagh,18-Jun-20,171932,164432
INDUS,Chashma,16-Aug-20,171649,165049
INDUS,Taunsa,04-Aug-20,186733,162833
INDUS,Guddu,21-Aug-20,130381,107675
INDUS,Sukkar,23-Jun-20,103030,48215
INDUS,Kotri,06-Aug-20,48899,14584
JHELUM,Kotli,06-Sept-20,-,5670
JHELUM,Mangla,21-Jul-20,37000,16915
JHELUM,Rasul,28-Jul-20,19790,11895
JHELUM,Khushab bridge,06-Jul-20,-,10191
CHENAB,Marala,15-Jul-20,52116,18893
CHENAB,Khanki,18-Jul-20,22611,14796
CHENAB,Qadirabad,01-Aug-20,36518,14518
CHENAB,Trimmu,02-Oct-20,26473,11375
CHENAB,Punjnad,19-Jun-20,26256,10906
RAVI,Jassar,06-Sept-20,-,7101
RAVI,Shahdara,06-Sept-20,-,13306
RAVI,Balloki,06-Sept-20,43450,20450
RAVI,Sidhnai,06-Sept-20,20877,10077
SUTLEJ,Sulemanki,24-Sept-20,16138,2018
SUTLEJ,Islam,25-Aug-20,6120,4690
INDUS,Kalabagh,24-Aug-20,172061,164261
INDUS,Chashma,17-Aug-20,171637,165037
INDUS,Taunsa,04-Aug-20,186733,162833
INDUS,Guddu,21-Aug-20,130381,107675
INDUS,Sukkar,30-Jun-20,102930,48115
INDUS,Kotri,30-Sept-20,35370,13485
JHELUM,Kotli,06-Sept-20,-,5956
JHELUM,Mangla,06-Aug-20,23000,16715
JHELUM,Rasul,28-Jul-20,19790,11895
JHELUM,Khushab bridge,07-Jul-20,_,10191
CHENAB,Marala,23-Jul-20,49016,18893
CHENAB,Khanki,18-Jul-20,22611,14796
CHENAB,Qadirabad,01-Aug-20,36518,14518
CHENAB,Trimmu,01-Oct-20,26473,11373
CHENAB,Punjnad,19-Jun-20,26256,10906
RAVI,Jassar,06-Sept-20,-,5845
RAVI,Shahdara,06-Sept-20,-,13306
RAVI,Balloki,06-Sept-20,43450,20450
RAVI,Sidhnai,06-Sept-20,20877,10077
SUTLEJ,Sulemanki,24-Sept-20,16138,2018
SUTLEJ,Islam,28-Aug-20,6520,4690
INDUS,Kalabagh,24-Aug-20,172061,164261
INDUS,Chashma,16-Aug-20,172874,165036
INDUS,Taunsa,09-Aug-20,185327,162327
INDUS,Guddu,18-Sept-20,132391,107554
INDUS,Sukkar,30-Jun-20,102930,48115
INDUS,Kotri,06-Jul-20,44615,13060
JHELUM,Kotli,06-Sept-20,-,5670
JHELUM,Mangla,02-Aug-20,30000,16615
JHELUM,Rasul,29-Jul-20,19790,11895
JHELUM,Khushab bridge,08-Jul-20,_,10191
CHENAB,Marala,23-Jul-20,49016,18893
CHENAB,Khanki,24-Jul-20,22138,14796
CHENAB,Qadirabad,25-Jun-20,35242,13242
CHENAB,Trimmu,02-Oct-20,26473,11373
CHENAB,Punjnad,19-Jun-20,26256,10906
RAVI,Jassar,06-Sept-20,-,5845
RAVI,Shahdara,06-Sept-20,-,12063
RAVI,Balloki,06-Sept-20,42745,18145
RAVI,Sidhnai,06-Sept-20,20023,7623
SUTLEJ,Sulemanki,24-Sept-20,16138,2018
SUTLEJ,Islam,28-Aug-20,6520,4690
INDUS,Kalabagh,26-Aug-20,171230,163730
INDUS,Chashma,18-Aug-20,172862,165024
INDUS,Taunsa,09-Aug-20,185527,162327
INDUS,Guddu,18-Sept-20,132391,107554
INDUS,Sukkar,30-Jun-20,102930,48115
INDUS,Kotri,06-Jul-20,44615,13060
JHELUM,Kotli,06-Sept-20,-,5384
JHELUM,Mangla,06-Aug-20,22000,16515
JHELUM,Rasul,29-Jul-20,19790,11895
JHELUM,Khushab bridge,09-Jul-20,_,10191
CHENAB,Marala,24-Jul-20,49016,18893
CHENAB,Khanki,24-Jul-20,22138,14796
CHENAB,Qadirabad,25-Jun-20,35242,13242
CHENAB,Trimmu,14-Jul-20,25806,10806
CHENAB,Punjnad,20-Jun-20,26256,10906
RAVI,Jassar,06-Sept-20,-,5845
RAVI,Shahdara,06-Sept-20,-,12063
RAVI,Balloki,06-Sept-20,42790,16990
RAVI,Sidhnai,06-Sept-20,20023,7623
SUTLEJ,Sulemanki,24-Sept-20,16138,2018
SUTLEJ,Islam,28-Aug-20,6520,4690
INDUS,Kalabagh,25-Aug-20,170636,163136
INDUS,Chashma,18-Aug-20,173015,165000
INDUS,Taunsa,18-Jun-20,179532,161932
INDUS,Taunsa,18-Jun-20,179532,161932
INDUS,Taunsa,18-Jun-20,179532,161932
INDUS,Taunsa,18-Jun-20,179532,161932
INDUS,Taunsa,04-Aug-20,185892,161492
INDUS,Taunsa,04-Aug-20,185892,161492
INDUS,Taunsa,05-Aug-20,185892,161492
INDUS,Taunsa,05-Aug-20,185892,161492
INDUS,Taunsa,17-Jun-20,174382,156782
INDUS,Taunsa,17-Jun-20,174382,156782
INDUS,Taunsa,17-Jun-20,174382,156782
INDUS,Taunsa,17-Jun-20,174382,156482
INDUS,Taunsa,08-Aug-20,179599,155599
INDUS,Taunsa,09-Aug-20,178799,155599
INDUS,Taunsa,09-Aug-20,179599,155599
INDUS,Taunsa,10-Aug-20,179599,155599
INDUS,Taunsa,21-Aug-20,180880,155480
INDUS,Taunsa,13-Aug-20,180169,153343
INDUS,Taunsa,13-Aug-20,180169,153343
INDUS,Guddu,19-Sept-20,132391,107554
INDUS,Sukkar,30-Jun-20,102930,48115
INDUS,Kotri,06-Jul-20,44615,13060
JHELUM,Kotli,06-Sept-20,-,5956
JHELUM,Mangla,01-Aug-20,32000,16315
JHELUM,Rasul,29-Jul-20,19390,11895
JHELUM,Khushab bridge,10-Aug-20,-,10191
CHENAB,Marala,25-Jul-20,49116,18893
CHENAB,Khanki,17-Jun-20,22104,14424
CHENAB,Qadirabad,28-Jun-20,35242,13242
CHENAB,Trimmu,14-Jul-20,25806,10806
CHENAB,Punjnad,28-Sept-20,26283,10035
RAVI,Jassar,06-Sept-20,-,5845
RAVI,Shahdara,06-Sept-20,-,12063
RAVI,Balloki,06-Sept-20,42990,16990
RAVI,Sidhnai,06-Sept-20,20923,7623
SUTLEJ,Sulemanki,25-Sept-20,16089,2018
SUTLEJ,Islam,28-Aug-20,6520,4690
INDUS,Kalabagh,25-Aug-20,170636,163136
INDUS,Chashma,18-Aug-20,174898,164970
INDUS,Taunsa,15-Aug-20,179302,152603
INDUS,Guddu,18-Jun-20,142500,106888
INDUS,Sukkar,29-Jun-20,101866,47066
INDUS,Kotri,06-Jul-20,44615,13060
JHELUM,Kotli,07-Sept-20,-,7102
JHELUM,Mangla,04-Aug-20,25000,16215
JHELUM,Rasul,30-Jul-20,19390,11895
JHELUM,Khushab bridge,11-Aug-20,-,10191
CHENAB,Marala,22-Jun-20,48653,18578
CHENAB,Khanki,17-Jun-20,22104,14424
CHENAB,Qadirabad,29-Jun-20,35242,13242
CHENAB,Trimmu,15-Jul-20,25806,10806
CHENAB,Punjnad,27-Sept-20,26283,10033
RAVI,Jassar,07-Sept-20,-,5845
RAVI,Shahdara,07-Sept-20,-,12063
RAVI,Balloki,07-Sept-20,42990,16990
RAVI,Sidhnai,07-Sept-20,20923,7623
SUTLEJ,Sulemanki,25-Sept-20,16089,2018
SUTLEJ,Islam,28-Aug-20,6520,4690
INDUS,Kalabagh,13-Aug-20,171300,163100
INDUS,Chashma,16-Aug-20,171495,164895
INDUS,Taunsa,15-Aug-20,179302,152603
INDUS,Taunsa,16-Aug-20,179302,152603
INDUS,Taunsa,17-Aug-20,179302,152603
INDUS,Taunsa,10-Aug-20,176737,152537
INDUS,Taunsa,11-Sept-20,162513,152113
INDUS,Guddu,21-Jun-20,143036,106621
INDUS,Sukkar,29-Jun-20,101866,47066
INDUS,Kotri,11-Jul-20,55410,12995
JHELUM,Kotli,07-Sept-20,-,8818
JHELUM,Mangla,05-Aug-20,27000,16115
JHELUM,Rasul,09-Aug-20,14685,11895
JHELUM,Khushab bridge,23-Aug-20,-,10191
CHENAB,Marala,16-Jun-20,46690,18090
CHENAB,Khanki,15-Jul-20,21444,13629
CHENAB,Qadirabad,29-Jun-20,35242,13242
CHENAB,Trimmu,15-Jul-20,25806,10806
CHENAB,Punjnad,27-Sept-20,26283,10033
RAVI,Jassar,07-Sept-20,-,6184
RAVI,Shahdara,07-Sept-20,-,12063
RAVI,Balloki,07-Sept-20,42300,15800
RAVI,Sidhnai,07-Sept-20,20923,7623
SUTLEJ,Sulemanki,25-Sept-20,16089,2018
SUTLEJ,Islam,29-Aug-20,6520,4690
INDUS,Kalabagh,12-Aug-20,170296,162096
INDUS,Chashma,18-Aug-20,171420,164820
INDUS,Taunsa,11-Sept-20,162513,152113
INDUS,Guddu,07-Aug-20,148558,106521
INDUS,Sukkar,29-Jun-20,101866,47066
INDUS,Kotri,11-Jul-20,55410,12995
JHELUM,Kotli,07-Sept-20,-,9104
JHELUM,Mangla,01-Aug-20,62000,15955
JHELUM,Rasul,09-Aug-20,14685,11895
JHELUM,Khushab bridge,16-Sept-20,-,10191
CHENAB,Marala,16-Jun-20,46690,18090
CHENAB,Khanki,15-Jul-20,21444,13629
CHENAB,Qadirabad,29-Jun-20,35242,13242
CHENAB,Trimmu,15-Jul-20,25806,10806
CHENAB,Punjnad,28-Sept-20,26283,10033
RAVI,Jassar,07-Sept-20,-,6184
RAVI,Shahdara,07-Sept-20,-,12063
RAVI,Balloki,07-Sept-20,42300,15800
RAVI,Sidhnai,07-Sept-20,22507,9207
SUTLEJ,Sulemanki,25-Sept-20,16089,2018
SUTLEJ,Islam,29-Aug-20,6520,4690
INDUS,Kalabagh,07-Aug-20,170286,162086
INDUS,Chashma,15-Aug-20,172060,164546
INDUS,Taunsa,10-Aug-20,177067,150818
INDUS,Guddu,07-Aug-20,148558,106521
INDUS,Sukkar,29-Jun-20,101866,47066
INDUS,Kotri,21-Aug-20,42385,12650
JHELUM,Kotli,07-Sept-20,-,8818
JHELUM,Mangla,31-Jul-20,29000,15815
JHELUM,Rasul,20-Aug-20,13335,11895
JHELUM,Khushab bridge,16-Sept-20,-,10191
CHENAB,Marala,09-Sept-20,42689,16865
CHENAB,Khanki,18-Jun-20,21292,13563
CHENAB,Qadirabad,01-Jul-20,35242,13242
CHENAB,Trimmu,15-Jul-20,25806,10806
CHENAB,Punjnad,28-Sept-20,26283,10033
RAVI,Jassar,07-Sept-20,-,6184
RAVI,Shahdara,07-Sept-20,-,12063
RAVI,Balloki,07-Sept-20,40520,14020
RAVI,Sidhnai,07-Sept-20,22214,8914
SUTLEJ,Sulemanki,26-Sept-20,16089,2018
SUTLEJ,Islam,01-Sept-20,5420,4490
INDUS,Kalabagh,29-Jul-20,169142,161142
INDUS,Chashma,08-Aug-20,170797,164197
INDUS,Taunsa,10-Aug-20,177067,150818
INDUS,Guddu,04-Aug-20,143414,106083
INDUS,Sukkar,05-Aug-20,101300,47050
INDUS,Kotri,21-Aug-20,42385,12650
JHELUM,Kotli,07-Sept-20,-,8246
JHELUM,Mangla,07-Aug-20,26000,15815
JHELUM,Rasul,20-Aug-20,12743,11895
JHELUM,Khushab bridge,16-Sept-20,-,10191
CHENAB,Marala,09-Sept-20,44015,16865
CHENAB,Khanki,11-Sept-20,20356,12930
CHENAB,Qadirabad,03-Jul-20,35242,13242
CHENAB,Trimmu,16-Jul-20,25806,10806
CHENAB,Punjnad,28-Sept-20,26283,10033
RAVI,Jassar,07-Sept-20,-,6353
RAVI,Shahdara,07-Sept-20,-,12063
RAVI,Balloki,07-Sept-20,39930,12830
RAVI,Sidhnai,07-Sept-20,22414,8914
SUTLEJ,Sulemanki,26-Sept-20,16089,2018
SUTLEJ,Islam,01-Sept-20,5420,4490
INDUS,Kalabagh,30-Jul-20,169142,161142
INDUS,Chashma,14-Aug-20,170500,163900
INDUS,Taunsa,11-Aug-20,177067,150818
INDUS,Guddu,04-Aug-20,143414,106083
INDUS,Sukkar,05-Aug-20,101300,47050
INDUS,Kotri,08-Jul-20,46232,12027
JHELUM,Kotli,07-Sept-20,-,7960
JHELUM,Mangla,07-Aug-20,23000,15615
JHELUM,Rasul,21-Aug-20,12743,11895
JHELUM,Khushab bridge,17-Sept-20,-,10191
CHENAB,Marala,09-Sept-20,44015,16865
CHENAB,Khanki,11-Sept-20,20356,12930
CHENAB,Qadirabad,11-Jul-20,35242,13242
CHENAB,Trimmu,17-Jul-20,25916,10717
CHENAB,Punjnad,29-Sept-20,26283,10033
RAVI,Jassar,07-Sept-20,-,6353
RAVI,Shahdara,07-Sept-20,-,11648
RAVI,Balloki,07-Sept-20,40330,12830
RAVI,Sidhnai,07-Sept-20,21470,7970
SUTLEJ,Sulemanki,26-Sept-20,16089,2018
SUTLEJ,Islam,01-Sept-20,5420,4490
INDUS,Kalabagh,09-Aug-20,169342,161142
INDUS,Chashma,07-Aug-20,169987,163387
INDUS,Taunsa,14-Aug-20,177136,150756
INDUS,Guddu,04-Aug-20,143414,106083
INDUS,Sukkar,05-Aug-20,101300,47050
INDUS,Kotri,11-Jul-20,53735,11320
JHELUM,Kotli,07-Sept-20,-,7960
JHELUM,Mangla,09-Jul-20,41000,15515
JHELUM,Rasul,22-Aug-20,12435,11895
JHELUM,Khushab bridge,14-Oct-20,-,10191
CHENAB,Marala,10-Sept-20,44115,16865
CHENAB,Khanki,11-Sept-20,20356,12930
CHENAB,Qadirabad,12-Jul-20,35242,13242
CHENAB,Trimmu,16-Jul-20,25916,10716
CHENAB,Punjnad,29-Sept-20,26283,10033
RAVI,Jassar,07-Sept-20,-,6353
RAVI,Shahdara,07-Sept-20,-,11648
RAVI,Balloki,07-Sept-20,40330,12830
RAVI,Sidhnai,07-Sept-20,21470,7970
SUTLEJ,Sulemanki,26-Sept-20,16089,2018
SUTLEJ,Islam,01-Sept-20,5420,4490
INDUS,Kalabagh,09-Aug-20,169342,161142
INDUS,Chashma,14-Aug-20,169689,163089
INDUS,Taunsa,14-Aug-20,177136,150756
INDUS,Taunsa,14-Aug-20,177136,150756
INDUS,Taunsa,15-Aug-20,177136,150756
INDUS,Taunsa,15-Aug-20,177136,150756
INDUS,Taunsa,20-Aug-20,174592,149192
INDUS,Taunsa,20-Aug-20,174592,149192
INDUS,Taunsa,21-Aug-20,174592,149192
INDUS,Taunsa,16-Jun-20,166711,149111
INDUS,Taunsa,16-Jun-20,166711,149111
INDUS,Taunsa,16-Aug-20,193988,148071
INDUS,Taunsa,16-Aug-20,173988,148071
INDUS,Taunsa,16-Aug-20,173988,148071
INDUS,Taunsa,13-Aug-20,173715,147838
INDUS,Taunsa,14-Aug-20,173715,147838
INDUS,Guddu,05-Aug-20,143913,106083
INDUS,Sukkar,05-Aug-20,101300,47050
INDUS,Kotri,11-Jul-20,53735,11320
JHELUM,Kotli,07-Sept-20,-,7674
JHELUM,Mangla,10-Jul-20,43000,15515
JHELUM,Rasul,09-Oct-20,33970,11895
JHELUM,Khushab bridge,25-Jul-20,_,9870
CHENAB,Marala,11-Sept-20,44515,16865
CHENAB,Khanki,11-Sept-20,20453,12930
CHENAB,Qadirabad,12-Jul-20,35242,13242
CHENAB,Trimmu,17-Jul-20,25916,10716
CHENAB,Punjnad,29-Sept-20,26283,10033
RAVI,Jassar,07-Sept-20,-,6353
RAVI,Shahdara,07-Sept-20,-,11648
RAVI,Balloki,07-Sept-20,37955,10455
RAVI,Sidhnai,07-Sept-20,21470,7970
SUTLEJ,Sulemanki,27-Sept-20,16068,2018
SUTLEJ,Islam,02-Sept-20,5420,4490
INDUS,Kalabagh,10-Aug-20,169342,161142
INDUS,Chashma,14-Aug-20,170538,163024
INDUS,Taunsa,18-Aug-20,171872,146266
INDUS,Guddu,05-Aug-20,143913,106083
INDUS,Sukkar,18-Jun-20,99060,46380
INDUS,Kotri,06-Aug-20,49455,11320
JHELUM,Kotli,08-Sept-20,-,7388
JHELUM,Mangla,22-Jul-20,35000,15515
JHELUM,Rasul,10-Oct-20,34025,11895
JHELUM,Khushab bridge,02-Jul-20,-,9815
CHENAB,Marala,11-Sept-20,44515,16865
CHENAB,Khanki,12-Sept-20,20453,12930
CHENAB,Qadirabad,17-Jul-20,35242,13242
CHENAB,Trimmu,17-Jul-20,25916,10716
CHENAB,Punjnad,29-Sept-20,26283,10033
RAVI,Jassar,08-Sept-20,-,6602
RAVI,Shahdara,08-Sept-20,-,11648
RAVI,Balloki,08-Sept-20,37955,10455
RAVI,Sidhnai,08-Sept-20,21470,7970
SUTLEJ,Sulemanki,27-Sept-20,16089,2018
SUTLEJ,Islam,02-Sept-20,5420,4490
INDUS,Kalabagh,10-Aug-20,169342,161142
INDUS,Chashma,15-Aug-20,169433,162833
INDUS,Taunsa,18-Aug-20,171249,146266
INDUS,Guddu,05-Aug-20,143913,106083
INDUS,Sukkar,18-Jun-20,99060,46380
INDUS,Kotri,16-Jun-20,50615,11110
JHELUM,Kotli,08-Sept-20,-,7102
JHELUM,Mangla,29-Jul-20,31000,15315
JHELUM,Rasul,11-Oct-20,34025,11895
JHELUM,Khushab bridge,02-Jul-20,_,9815
CHENAB,Marala,11-Sept-20,45128,16865
CHENAB,Khanki,12-Sept-20,20429,12930
CHENAB,Qadirabad,22-Jul-20,35242,13242
CHENAB,Trimmu,10-Jul-20,25572,10672
CHENAB,Punjnad,30-Sept-20,26283,10033
RAVI,Jassar,08-Sept-20,-,6602
RAVI,Shahdara,08-Sept-20,-,11648
RAVI,Balloki,08-Sept-20,37300,9300
RAVI,Sidhnai,08-Sept-20,21470,7970
SUTLEJ,Sulemanki,08-Aug-20,15955,2009
SUTLEJ,Islam,02-Sept-20,5420,4490
INDUS,Kalabagh,11-Aug-20,169342,161142
INDUS,Chashma,21-Aug-20,173595,162500
INDUS,Taunsa,19-Aug-20,171249,146266
INDUS,Guddu,05-Aug-20,143913,106083
INDUS,Sukkar,19-Jun-20,99060,46380
INDUS,Kotri,16-Jun-20,50615,11110
JHELUM,Kotli,08-Sept-20,-,6816
JHELUM,Mangla,30-Jul-20,31000,15315
JHELUM,Rasul,11-Oct-20,34025,11895
JHELUM,Khushab bridge,04-Jul-20,_,9815
CHENAB,Marala,12-Sept-20,46494,16865
CHENAB,Khanki,15-Sept-20,20429,12930
CHENAB,Qadirabad,22-Jul-20,35242,13242
CHENAB,Trimmu,10-Jul-20,25572,10672
CHENAB,Punjnad,04-Jul-20,25655,9655
RAVI,Jassar,08-Sept-20,-,6353
RAVI,Shahdara,08-Sept-20,-,11648
RAVI,Balloki,08-Sept-20,37300,9300
RAVI,Sidhnai,08-Sept-20,21470,7970
SUTLEJ,Sulemanki,08-Aug-20,16006,2009
SUTLEJ,Islam,02-Sept-20,5620,4490
INDUS,Kalabagh,12-Aug-20,169342,161142
INDUS,Chashma,07-Aug-20,170107,162092
INDUS,Taunsa,11-Aug-20,171723,146139
INDUS,Guddu,15-Jun-20,138598,104166
INDUS,Sukkar,19-Jun-20,99060,46380
INDUS,Kotri,30-Sept-20,32686,10171
JHELUM,Kotli,08-Sept-20,-,6530
JHELUM,Mangla,03-Jul-20,45000,15260
JHELUM,Rasul,12-Oct-20,34100,11895
JHELUM,Khushab bridge,05-Jul-20,_,9815
CHENAB,Marala,15-Jun-20,43012,14512
CHENAB,Khanki,15-Sept-20,20429,12930
CHENAB,Qadirabad,27-Jul-20,35242,13242
CHENAB,Trimmu,10-Jul-20,25572,10672
CHENAB,Punjnad,04-Jul-20,25655,9655
RAVI,Jassar,08-Sept-20,-,6353
RAVI,Shahdara,08-Sept-20,-,11648
RAVI,Balloki,08-Sept-20,37300,9300
RAVI,Sidhnai,08-Sept-20,21470,7970
SUTLEJ,Sulemanki,08-Aug-20,16058,2009
SUTLEJ,Islam,02-Sept-20,5620,4490
INDUS,Kalabagh,01-Aug-20,168187,160187
INDUS,Chashma,09-Aug-20,167729,161129
INDUS,Taunsa,11-Aug-20,171723,146139
INDUS,Guddu,15-Jun-20,138598,104166
INDUS,Sukkar,06-Aug-20,98410,46170
INDUS,Kotri,30-Sept-20,32686,10171
JHELUM,Kotli,08-Sept-20,-,6242
JHELUM,Mangla,02-Aug-20,27000,15215
JHELUM,Rasul,13-Oct-20,34100,11895
JHELUM,Khushab bridge,06-Jul-20,_,9815
CHENAB,Marala,15-Jun-20,43012,14512
CHENAB,Khanki,15-Jun-20,20098,12455
CHENAB,Qadirabad,27-Jul-20,35242,13242
CHENAB,Trimmu,02-Jul-20,25446,10346
CHENAB,Punjnad,04-Jul-20,25655,9655
RAVI,Jassar,08-Sept-20,-,6353
RAVI,Shahdara,08-Sept-20,-,11648
RAVI,Balloki,08-Sept-20,37800,9400
RAVI,Sidhnai,08-Sept-20,23186,8286
SUTLEJ,Sulemanki,09-Aug-20,16058,2009
SUTLEJ,Islam,02-Sept-20,5540,4490
INDUS,Kalabagh,12-Sept-20,160033,154533
INDUS,Chashma,11-Sept-20,173105,160105
INDUS,Taunsa,12-Aug-20,171723,146139
INDUS,Taunsa,12-Aug-20,171723,146139
INDUS,Taunsa,12-Aug-20,171723,146139
INDUS,Taunsa,12-Aug-20,171723,146139
INDUS,Taunsa,12-Aug-20,171723,146139
INDUS,Taunsa,13-Aug-20,171723,146139
INDUS,Taunsa,17-Aug-20,170865,145407
INDUS,Taunsa,17-Aug-20,170865,145407
INDUS,Taunsa,17-Aug-20,170865,145407
INDUS,Taunsa,18-Aug-20,170865,145407
INDUS,Taunsa,18-Aug-20,167634,142651
INDUS,Taunsa,19-Aug-20,167508,142543
INDUS,Taunsa,19-Aug-20,167508,142543
INDUS,Taunsa,19-Aug-20,167508,142543
INDUS,Taunsa,20-Aug-20,167508,142543
INDUS,Taunsa,20-Aug-20,167508,142543
INDUS,Taunsa,15-Jun-20,159935,142335
INDUS,Taunsa,15-Jun-20,159935,142335
INDUS,Guddu,15-Jun-20,138598,104166
INDUS,Sukkar,06-Aug-20,98410,46170
INDUS,Kotri,30-Sept-20,32686,10171
JHELUM,Kotli,08-Sept-20,-,5956
JHELUM,Mangla,05-Aug-20,23000,15015
JHELUM,Rasul,13-Oct-20,34100,11895
JHELUM,Khushab bridge,07-Jul-20,_,9815
CHENAB,Marala,15-Jun-20,43662,14512
CHENAB,Khanki,16-Jun-20,20098,12455
CHENAB,Qadirabad,27-Jul-20,35242,13242
CHENAB,Trimmu,02-Jul-20,25446,10346
CHENAB,Punjnad,05-Jul-20,25655,9655
RAVI,Jassar,08-Sept-20,-,6602
RAVI,Shahdara,08-Sept-20,-,11648
RAVI,Balloki,08-Sept-20,36120,7620
RAVI,Sidhnai,08-Sept-20,23786,8286
SUTLEJ,Sulemanki,09-Aug-20,16058,2009
SUTLEJ,Islam,02-Sept-20,5540,4490
INDUS,Kalabagh,12-Sept-20,155034,149534
INDUS,Chashma,15-Jun-20,164889,158389
INDUS,Taunsa,15-Jun-20,159935,142335
INDUS,Guddu,13-Aug-20,134059,103644
INDUS,Sukkar,06-Aug-20,98410,46170
INDUS,Kotri,08-Jul-20,47018,9863
JHELUM,Kotli,09-Sept-20,-,5956
JHELUM,Mangla,05-Aug-20,26000,14915
JHELUM,Rasul,14-Oct-20,34100,11895
JHELUM,Khushab bridge,23-Jul-20,_,9815
CHENAB,Marala,16-Jun-20,43112,14512
CHENAB,Khanki,16-Jun-20,20135,12455
CHENAB,Qadirabad,30-Jul-20,35242,13242
CHENAB,Trimmu,16-Aug-20,25098,10298
CHENAB,Punjnad,20-Jul-20,25159,9199
RAVI,Jassar,09-Sept-20,-,6602
RAVI,Shahdara,09-Sept-20,-,13306
RAVI,Balloki,09-Sept-20,36120,7620
RAVI,Sidhnai,09-Sept-20,23786,8286
SUTLEJ,Sulemanki,09-Aug-20,16058,2009
SUTLEJ,Islam,02-Sept-20,5540,4490
INDUS,Kalabagh,07-Aug-20,155723,147523
INDUS,Chashma,10-Sept-20,162126,149126
INDUS,Taunsa,16-Jun-20,159935,142335
INDUS,Guddu,19-Sept-20,129415,103325
INDUS,Sukkar,06-Aug-20,98410,46170
INDUS,Kotri,08-Jul-20,47018,9863
JHELUM,Kotli,09-Sept-20,-,5670
JHELUM,Mangla,09-Jul-20,41000,14815
JHELUM,Rasul,14-Oct-20,34100,11895
JHELUM,Khushab bridge,24-Jul-20,_,9815
CHENAB,Marala,16-Jun-20,43112,14512
CHENAB,Khanki,16-Jun-20,20135,12455
CHENAB,Qadirabad,30-Jul-20,35242,13242
CHENAB,Trimmu,15-Aug-20,24973,10173
CHENAB,Punjnad,19-Jul-20,25159,9159
RAVI,Jassar,09-Sept-20,-,6353
RAVI,Shahdara,09-Sept-20,-,13306
RAVI,Balloki,09-Sept-20,36920,7620
RAVI,Sidhnai,09-Sept-20,23328,7628
SUTLEJ,Sulemanki,09-Aug-20,16058,2009
SUTLEJ,Islam,03-Sept-20,5540,4490
INDUS,Kalabagh,17-Aug-20,152378,144178
INDUS,Chashma,12-Sept-20,156190,143190
INDUS,Taunsa,12-Sept-20,154348,142248
INDUS,Guddu,20-Jun-20,138869,102454
INDUS,Sukkar,15-Aug-20,91085,44740
INDUS,Kotri,04-Aug-20,51858,9863
JHELUM,Kotli,09-Sept-20,-,5098
JHELUM,Mangla,24-Jul-20,28000,14815
JHELUM,Rasul,12-Sept-20,23222,11512
JHELUM,Khushab bridge,02-Aug-20,_,9465
CHENAB,Marala,27-Jun-20,45290,13540
CHENAB,Khanki,17-Jun-20,20171,12455
CHENAB,Qadirabad,01-Aug-20,35242,13242
CHENAB,Trimmu,05-Jul-20,24512,9612
CHENAB,Punjnad,19-Jul-20,25159,9159
RAVI,Jassar,09-Sept-20,-,5507
RAVI,Shahdara,09-Sept-20,-,14945
RAVI,Balloki,09-Sept-20,35840,5840
RAVI,Sidhnai,09-Sept-20,22995,6995
SUTLEJ,Sulemanki,16-Aug-20,16100,1972
SUTLEJ,Islam,03-Sept-20,5540,4490
INDUS,Kalabagh,16-Aug-20,149514,141314
INDUS,Chashma,12-Sept-20,154459,141459
INDUS,Taunsa,12-Sept-20,154348,142248
INDUS,Guddu,19-Jun-20,138997,102203
INDUS,Sukkar,15-Aug-20,91085,44740
INDUS,Kotri,05-Aug-20,49208,9863
JHELUM,Kotli,09-Sept-20,-,5384
JHELUM,Mangla,21-Jul-20,31000,14755
JHELUM,Rasul,15-Sept-20,31492,11494
JHELUM,Khushab bridge,27-Jul-20,-,9440
CHENAB,Marala,28-Jun-20,45290,13540
CHENAB,Khanki,14-Jul-20,20270,12455
CHENAB,Qadirabad,01-Aug-20,35242,13242
CHENAB,Trimmu,03-Jul-20,24674,9574
CHENAB,Punjnad,19-Jul-20,25159,9159
RAVI,Jassar,09-Sept-20,-,5337
RAVI,Shahdara,09-Sept-20,-,13306
RAVI,Balloki,09-Sept-20,35840,5840
RAVI,Sidhnai,09-Sept-20,22995,6995
SUTLEJ,Sulemanki,16-Aug-20,16100,1972
SUTLEJ,Islam,22-Jul-20,5721,3921
INDUS,Kalabagh,13-Sept-20,145988,140488
INDUS,Chashma,12-Sept-20,154333,141333
INDUS,Taunsa,12-Sept-20,150767,140367
INDUS,Guddu,19-Jun-20,138997,102203
INDUS,Sukkar,15-Aug-20,91085,44740
INDUS,Kotri,05-Aug-20,49208,9863
JHELUM,Kotli,10-Sept-20,-,5384
JHELUM,Mangla,30-Jul-20,27000,14715
JHELUM,Rasul,13-Sept-20,27811,11491
JHELUM,Khushab bridge,10-Aug-20,-,9440
CHENAB,Marala,17-Jul-20,46763,13540
CHENAB,Khanki,23-Jul-20,19797,12455
CHENAB,Qadirabad,03-Aug-20,35242,13242
CHENAB,Trimmu,21-Jul-20,23471,8371
CHENAB,Punjnad,20-Jul-20,25209,9159
RAVI,Jassar,10-Sept-20,-,5337
RAVI,Shahdara,10-Sept-20,-,17800
RAVI,Balloki,10-Sept-20,34685,4685
RAVI,Sidhnai,10-Sept-20,22995,6995
SUTLEJ,Sulemanki,16-Aug-20,16100,1972
SUTLEJ,Islam,23-Jul-20,6071,3921
INDUS,Kalabagh,08-Aug-20,148560,140360
INDUS,Chashma,13-Sept-20,149683,138683
INDUS,Taunsa,12-Sept-20,151767,140367
INDUS,Guddu,17-Aug-20,135096,101946
INDUS,Sukkar,15-Aug-20,91085,44740
INDUS,Kotri,10-Jul-20,50681,8406
JHELUM,Kotli,10-Sept-20,-,5384
JHELUM,Mangla,29-Jun-20,58000,14655
JHELUM,Rasul,13-Sept-20,28811,11491
JHELUM,Khushab bridge,10-Aug-20,-,9440
CHENAB,Marala,24-Jul-20,43663,13540
CHENAB,Khanki,24-Jul-20,19797,12455
CHENAB,Qadirabad,05-Aug-20,35242,13242
CHENAB,Trimmu,21-Jul-20,23471,8371
CHENAB,Punjnad,20-Jul-20,25209,9159
RAVI,Jassar,10-Sept-20,-,5676
RAVI,Shahdara,10-Sept-20,-,17800
RAVI,Balloki,10-Sept-20,34685,4685
RAVI,Sidhnai,10-Sept-20,20707,4707
SUTLEJ,Sulemanki,16-Aug-20,16100,1972
SUTLEJ,Islam,23-Jul-20,6071,3921
INDUS,Kalabagh,13-Sept-20,142541,139793
INDUS,Chashma,10-Sept-20,150617,137617
INDUS,Taunsa,13-Sept-20,142541,130841
INDUS,Guddu,17-Aug-20,135096,101946
INDUS,Sukkar,17-Jun-20,97040,44400
INDUS,Kotri,10-Jul-20,50681,8406
JHELUM,Kotli,10-Sept-20,-,5098
JHELUM,Mangla,08-Jul-20,48000,14551
JHELUM,Rasul,27-Jun-20,16138,7990
JHELUM,Khushab bridge,11-Jul-20,_,9183
CHENAB,Marala,24-Jul-20,43663,13540
CHENAB,Khanki,24-Jul-20,17498,10156
CHENAB,Qadirabad,06-Aug-20,35242,13242
CHENAB,Trimmu,21-Jul-20,23355,8371
CHENAB,Punjnad,20-Jul-20,25209,9159
RAVI,Jassar,10-Sept-20,-,4999
RAVI,Shahdara,10-Sept-20,-,17800
RAVI,Balloki,10-Sept-20,36240,5840
RAVI,Sidhnai,10-Sept-20,21449,4949
SUTLEJ,Sulemanki,17-Aug-20,16100,1972
SUTLEJ,Islam,23-Jul-20,6071,3921
INDUS,Kalabagh,11-Sept-20,144815,139315
INDUS,Chashma,10-Sept-20,149246,136246
INDUS,Taunsa,14-Sept-20,138703,126203
INDUS,Guddu,17-Aug-20,135096,101946
INDUS,Sukkar,17-Jun-20,97040,44400
INDUS,Kotri,04-Aug-20,50841,8406
JHELUM,Kotli,10-Sept-20,-,5384
JHELUM,Mangla,24-Jul-20,30000,14515
JHELUM,Rasul,27-Jun-20,16138,7990
JHELUM,Khushab bridge,11-Jul-20,_,9183
CHENAB,Marala,03-Oct-20,17251,12251
CHENAB,Khanki,25-Jul-20,17498,10156
CHENAB,Qadirabad,06-Aug-20,35242,13242
CHENAB,Trimmu,21-Jul-20,22971,8371
CHENAB,Punjnad,21-Jul-20,25209,9159
RAVI,Jassar,10-Sept-20,-,4829
RAVI,Shahdara,10-Sept-20,-,17800
RAVI,Balloki,10-Sept-20,36240,5840
RAVI,Sidhnai,10-Sept-20,21449,4949
SUTLEJ,Sulemanki,27-Sept-20,15954,1883
SUTLEJ,Islam,16-Jul-20,5127,3597
INDUS,Kalabagh,10-Sept-20,143859,138859
INDUS,Chashma,11-Sept-20,145903,130355
INDUS,Taunsa,14-Sept-20,139203,126203
INDUS,Guddu,18-Aug-20,135096,101946
INDUS,Sukkar,17-Jun-20,97040,44400
INDUS,Kotri,20-Aug-20,47881,8406
JHELUM,Kotli,11-Sept-20,-,5670
JHELUM,Mangla,05-Aug-20,26000,14255
JHELUM,Rasul,28-Jun-20,16138,7990
JHELUM,Khushab bridge,01-Jul-20,,9065
CHENAB,Marala,03-Oct-20,17251,12251
CHENAB,Khanki,25-Jul-20,17498,10156
CHENAB,Qadirabad,07-Aug-20,35242,13242
CHENAB,Trimmu,22-Jul-20,22971,8371
CHENAB,Punjnad,20-Jun-20,24244,8744
RAVI,Jassar,11-Sept-20,-,4829
RAVI,Shahdara,11-Sept-20,-,18930
RAVI,Balloki,11-Sept-20,36240,5840
RAVI,Sidhnai,11-Sept-20,21449,4949
SUTLEJ,Sulemanki,27-Sept-20,15954,1883
SUTLEJ,Islam,16-Jul-20,5127,3597
INDUS,Kalabagh,11-Sept-20,143674,138174
INDUS,Chashma,15-Sept-20,138761,130191
INDUS,Taunsa,14-Sept-20,140303,126203
INDUS,Guddu,18-Aug-20,135696,101946
INDUS,Sukkar,22-Jun-20,97190,43220
INDUS,Kotri,20-Aug-20,47881,8406
JHELUM,Kotli,11-Sept-20,-,5098
JHELUM,Mangla,08-Jul-20,45000,14115
JHELUM,Rasul,30-Jun-20,16138,7990
JHELUM,Khushab bridge,03-Jul-20,-,9065
CHENAB,Marala,10-Sept-20,38962,11512
CHENAB,Khanki,12-Sept-20,14987,7464
CHENAB,Qadirabad,08-Aug-20,35242,13242
CHENAB,Trimmu,22-Jul-20,22971,8371
CHENAB,Punjnad,20-Jun-20,24244,8744
RAVI,Jassar,11-Sept-20,-,4999
RAVI,Shahdara,11-Sept-20,-,18365
RAVI,Balloki,11-Sept-20,36240,5840
RAVI,Sidhnai,11-Sept-20,21449,4949
SUTLEJ,Sulemanki,28-Sept-20,15979,1883
SUTLEJ,Islam,16-Jul-20,5127,3597
INDUS,Kalabagh,24-Sept-20,144246,136746
INDUS,Chashma,13-Sept-20,143150,130150
INDUS,Taunsa,14-Sept-20,140303,126203
INDUS,Guddu,18-Aug-20,135696,101946
INDUS,Sukkar,22-Jun-20,97190,43220
INDUS,Kotri,05-Aug-20,49735,8350
JHELUM,Kotli,11-Sept-20,-,4812
JHELUM,Mangla,08-Jul-20,41000,14115
JHELUM,Rasul,30-Jun-20,16138,7990
JHELUM,Khushab bridge,04-Jul-20,_,9065
CHENAB,Marala,10-Sept-20,39162,11512
CHENAB,Khanki,13-Sept-20,14693,7464
CHENAB,Qadirabad,13-Aug-20,30242,13242
CHENAB,Trimmu,22-Jul-20,22971,8371
CHENAB,Punjnad,20-Jun-20,24244,8744
RAVI,Jassar,11-Sept-20,-,4999
RAVI,Shahdara,11-Sept-20,-,18365
RAVI,Balloki,11-Sept-20,36340,5840
RAVI,Sidhnai,11-Sept-20,21449,4949
SUTLEJ,Sulemanki,28-Sept-20,15979,1883
SUTLEJ,Islam,16-Jul-20,5127,3597
INDUS,Kalabagh,14-Sept-20,141976,135976
INDUS,Chashma,11-Sept-20,143134,130134
INDUS,Taunsa,13-Sept-20,137642,125942
INDUS,Guddu,18-Aug-20,135696,101946
INDUS,Sukkar,16-Aug-20,8941,42576
INDUS,Kotri,05-Aug-20,48895,8350
JHELUM,Kotli,11-Sept-20,-,5098
JHELUM,Mangla,18-Aug-20,23000,14115
JHELUM,Rasul,01-Jul-20,16138,7990
JHELUM,Khushab bridge,05-Jul-20,_,9065
CHENAB,Marala,11-Sept-20,39162,11512
CHENAB,Khanki,13-Sept-20,14693,7464
CHENAB,Qadirabad,13-Aug-20,30241,13242
CHENAB,Trimmu,22-Jul-20,22971,8371
CHENAB,Punjnad,21-Jun-20,24244,8744
RAVI,Jassar,11-Sept-20,-,4660
RAVI,Shahdara,11-Sept-20,-,18365
RAVI,Balloki,11-Sept-20,37495,6995
RAVI,Sidhnai,11-Sept-20,21649,4949
SUTLEJ,Sulemanki,28-Sept-20,15941,1883
SUTLEJ,Islam,24-Aug-20,4827,3597
INDUS,Kalabagh,14-Sept-20,141976,135976
INDUS,Chashma,14-Sept-20,145682,130134
INDUS,Taunsa,13-Sept-20,133686,121186
INDUS,Guddu,16-Aug-20,132675,99955
INDUS,Sukkar,16-Aug-20,89041,42576
INDUS,Kotri,04-Aug-20,50835,8250
JHELUM,Kotli,12-Sept-20,-,5384
JHELUM,Mangla,31-Jul-20,33000,13915
JHELUM,Rasul,02-Jul-20,16138,7990
JHELUM,Khushab bridge,08-Jul-20,_,9065
CHENAB,Marala,12-Sept-20,42556,11512
CHENAB,Khanki,14-Sept-20,14963,7464
CHENAB,Qadirabad,09-Sept-20,34055,12055
CHENAB,Trimmu,23-Jul-20,22971,8371
CHENAB,Punjnad,07-Jul-20,24521,8521
RAVI,Jassar,12-Sept-20,-,4660
RAVI,Shahdara,12-Sept-20,-,18365
RAVI,Balloki,12-Sept-20,37495,6995
RAVI,Sidhnai,12-Sept-20,21799,4949
SUTLEJ,Sulemanki,28-Sept-20,15941,1883
SUTLEJ,Islam,24-Aug-20,4827,3597
INDUS,Kalabagh,10-Sept-20,140472,135217
INDUS,Chashma,13-Sept-20,143039,130039
INDUS,Taunsa,13-Sept-20,133686,121186
INDUS,Guddu,16-Aug-20,132675,99955
INDUS,Sukkar,16-Aug-20,89041,42576
INDUS,Kotri,04-Aug-20,50835,8250
JHELUM,Kotli,12-Sept-20,-,4812
JHELUM,Mangla,01-Aug-20,34000,13915
JHELUM,Rasul,02-Jul-20,16138,7990
JHELUM,Khushab bridge,08-Jul-20,-,9065
CHENAB,Marala,12-Sept-20,44162,11512
CHENAB,Khanki,14-Sept-20,14963,7464
CHENAB,Qadirabad,20-Jun-20,28959,11959
CHENAB,Trimmu,23-Jul-20,22971,8371
CHENAB,Punjnad,07-Jul-20,24521,8521
RAVI,Jassar,12-Sept-20,-,4999
RAVI,Shahdara,12-Sept-20,-,18365
RAVI,Balloki,12-Sept-20,39320,8770
RAVI,Sidhnai,12-Sept-20,21599,4949
SUTLEJ,Sulemanki,29-Sept-20,15892,1883
SUTLEJ,Islam,24-Aug-20,4827,3597
INDUS,Kalabagh,12-Sept-20,138610,133110
INDUS,Chashma,14-Sept-20,139670,130030
INDUS,Taunsa,15-Sept-20,134172,120072
INDUS,Guddu,16-Aug-20,132675,99955
INDUS,Sukkar,16-Aug-20,89041,42576
INDUS,Kotri,17-Jun-20,48742,8237
JHELUM,Kotli,12-Sept-20,-,4526
JHELUM,Mangla,21-Aug-20,24000,13915
JHELUM,Rasul,03-Jul-20,16138,7990
JHELUM,Khushab bridge,08-Jul-20,,9065
CHENAB,Marala,13-Sept-20,44162,11512
CHENAB,Khanki,14-Sept-20,14963,7464
CHENAB,Qadirabad,20-Jun-20,28959,11959
CHENAB,Trimmu,23-Jul-20,22971,8371
CHENAB,Punjnad,08-Jul-20,24521,8521
RAVI,Jassar,12-Sept-20,-,4660
RAVI,Shahdara,12-Sept-20,-,17392
RAVI,Balloki,12-Sept-20,39325,8775
RAVI,Sidhnai,12-Sept-20,21599,4949
SUTLEJ,Sulemanki,29-Sept-20,15892,1883
SUTLEJ,Islam,25-Aug-20,4827,3597
INDUS,Kalabagh,11-Sept-20,138510,133010
INDUS,Chashma,14-Sept-20,140927,130027
INDUS,Taunsa,15-Sept-20,129655,115055
INDUS,Guddu,16-Aug-20,132675,99955
INDUS,Sukkar,15-Jun-20,94006,42236
INDUS,Kotri,17-Jun-20,48742,8237
JHELUM,Kotli,12-Sept-20,-,4812
JHELUM,Mangla,08-Aug-20,29000,13815
JHELUM,Rasul,05-Jul-20,15335,7990
JHELUM,Khushab bridge,09-Jul-20,-,9065
CHENAB,Marala,13-Sept-20,44162,11512
CHENAB,Khanki,15-Sept-20,14963,7464
CHENAB,Qadirabad,04-Jul-20,33959,11959
CHENAB,Trimmu,24-Jul-20,22971,8371
CHENAB,Punjnad,08-Jul-20,24521,8521
RAVI,Jassar,12-Sept-20,-,4829
RAVI,Shahdara,12-Sept-20,-,17392
RAVI,Balloki,12-Sept-20,39325,8775
RAVI,Sidhnai,12-Sept-20,20739,3889
SUTLEJ,Sulemanki,29-Sept-20,15855,1883
SUTLEJ,Islam,01-Sept-20,3997,3597
INDUS,Kalabagh,15-Sept-20,138915,132915
INDUS,Chashma,14-Sept-20,139632,130020
INDUS,Taunsa,15-Sept-20,129655,115055
INDUS,Guddu,17-Aug-20,132915,99955
INDUS,Sukkar,15-Jun-20,94006,42236
INDUS,Kotri,17-Jun-20,48742,8237
JHELUM,Kotli,13-Sept-20,-,5384
JHELUM,Mangla,02-Aug-20,30000,13715
JHELUM,Rasul,06-Jul-20,15935,7990
JHELUM,Khushab bridge,09-Jul-20,-,9065
CHENAB,Marala,13-Sept-20,44431,11512
CHENAB,Khanki,16-Sept-20,14950,7464
CHENAB,Qadirabad,12-Jul-20,33959,11959
CHENAB,Trimmu,26-Jul-20,22971,8371
CHENAB,Punjnad,05-Jul-20,24090,8090
RAVI,Jassar,13-Sept-20,-,4824
RAVI,Shahdara,13-Sept-20,-,17800
RAVI,Balloki,13-Sept-20,39325,8775
RAVI,Sidhnai,13-Sept-20,20416,3566
SUTLEJ,Sulemanki,29-Sept-20,15855,1883
SUTLEJ,Islam,01-Sept-20,3997,3597
INDUS,Kalabagh,15-Sept-20,138915,132915
INDUS,Chashma,13-Sept-20,142921,129921
INDUS,Taunsa,15-Sept-20,129655,115055
INDUS,Guddu,19-Aug-20,133705,99955
INDUS,Sukkar,15-Jun-20,94006,42236
INDUS,Kotri,01-Oct-20,29746,7231
JHELUM,Kotli,13-Sept-20,-,4812
JHELUM,Mangla,02-Aug-20,30000,13515
JHELUM,Rasul,06-Jul-20,15730,7990
JHELUM,Khushab bridge,22-Jul-20,-,9065
CHENAB,Marala,14-Sept-20,44662,11512
CHENAB,Khanki,16-Sept-20,14039,6553
CHENAB,Qadirabad,13-Jul-20,33959,11959
CHENAB,Trimmu,30-Jul-20,23471,8371
CHENAB,Punjnad,05-Jul-20,24090,8090
RAVI,Jassar,13-Sept-20,-,4999
RAVI,Shahdara,13-Sept-20,-,17800
RAVI,Balloki,13-Sept-20,39920,9370
RAVI,Sidhnai,13-Sept-20,20416,3566
SUTLEJ,Sulemanki,20-Jun-20,13809,1682
SUTLEJ,Islam,15-Jul-20,4379,2849
INDUS,Kalabagh,24-Sept-20,135115,127615
INDUS,Chashma,12-Sept-20,142474,129474
INDUS,Taunsa,16-Sept-20,129655,115055
INDUS,Guddu,20-Jun-20,136893,99949
INDUS,Sukkar,16-Jun-20,92020,40050
INDUS,Kotri,01-Oct-20,29046,7231
JHELUM,Kotli,13-Sept-20,-,4526
JHELUM,Mangla,03-Aug-20,28000,13515
JHELUM,Rasul,07-Jul-20,15730,7990
JHELUM,Khushab bridge,27-Jul-20,-,9065
CHENAB,Marala,14-Sept-20,44712,11512
CHENAB,Khanki,17-Sept-20,14245,6553
CHENAB,Qadirabad,13-Jul-20,33959,11959
CHENAB,Trimmu,13-Aug-20,23170,8370
CHENAB,Punjnad,05-Jul-20,24090,8090
RAVI,Jassar,13-Sept-20,-,4154
RAVI,Shahdara,13-Sept-20,-,18930
RAVI,Balloki,13-Sept-20,40420,9370
RAVI,Sidhnai,13-Sept-20,20466,3566
SUTLEJ,Sulemanki,20-Jun-20,13809,1682
SUTLEJ,Islam,15-Jul-20,4379,2849
INDUS,Kalabagh,17-Sept-20,132917,126317
INDUS,Chashma,11-Sept-20,142455,129455
INDUS,Taunsa,16-Sept-20,130155,115055
INDUS,Guddu,21-Aug-20,125357,99897
INDUS,Sukkar,16-Jun-20,92020,40050
INDUS,Kotri,01-Oct-20,29046,7231
JHELUM,Kotli,13-Sept-20,-,4812
JHELUM,Mangla,06-Aug-20,23000,13515
JHELUM,Rasul,07-Jul-20,15730,7990
JHELUM,Khushab bridge,01-Aug-20,_,9065
CHENAB,Marala,14-Sept-20,44712,11512
CHENAB,Khanki,13-Sept-20,13097,5598
CHENAB,Qadirabad,14-Jul-20,33959,11959
CHENAB,Trimmu,13-Aug-20,23170,8370
CHENAB,Punjnad,06-Jul-20,24090,8090
RAVI,Jassar,13-Sept-20,-,4154
RAVI,Shahdara,13-Sept-20,-,18930
RAVI,Balloki,13-Sept-20,40420,9370
RAVI,Sidhnai,13-Sept-20,19537,2637
SUTLEJ,Sulemanki,20-Jun-20,13839,1682
SUTLEJ,Islam,15-Jul-20,4379,2849
INDUS,Kalabagh,12-Sept-20,131271,125771
INDUS,Chashma,16-Sept-20,127755,122755
INDUS,Taunsa,16-Sept-20,130155,115055
INDUS,Guddu,13-Aug-20,131684,99464
INDUS,Sukkar,17-Aug-20,89210,39490
INDUS,Kotri,01-Oct-20,29046,7231
JHELUM,Kotli,14-Sept-20,-,5098
JHELUM,Mangla,07-Aug-20,24000,13515
JHELUM,Rasul,08-Jul-20,15810,7990
JHELUM,Khushab bridge,10-Aug-20,-,9065
CHENAB,Marala,14-Sept-20,44762,11512
CHENAB,Khanki,13-Sept-20,13097,5598
CHENAB,Qadirabad,22-Jul-20,33959,11959
CHENAB,Trimmu,17-Jul-20,23372,8172
CHENAB,Punjnad,03-Jul-20,23446,7596
RAVI,Jassar,14-Sept-20,-,4829
RAVI,Shahdara,14-Sept-20,-,19496
RAVI,Balloki,14-Sept-20,39765,8215
RAVI,Sidhnai,14-Sept-20,19537,2637
SUTLEJ,Sulemanki,20-Jun-20,13839,1682
SUTLEJ,Islam,15-Jul-20,4379,2849
INDUS,Kalabagh,16-Sept-20,126789,120589
INDUS,Chashma,20-Sept-20,128125,122425
INDUS,Taunsa,16-Sept-20,130155,115055
INDUS,Guddu,13-Aug-20,131684,99464
INDUS,Sukkar,17-Aug-20,89210,39490
INDUS,Kotri,20-Aug-20,46242,6949
JHELUM,Kotli,14-Sept-20,-,4240
JHELUM,Mangla,05-Jul-20,45000,13215
JHELUM,Rasul,14-Jul-20,15480,7990
JHELUM,Khushab bridge,11-Aug-20,-,9065
CHENAB,Marala,15-Sept-20,44762,11512
CHENAB,Khanki,14-Sept-20,13097,5598
CHENAB,Qadirabad,05-Aug-20,33959,11959
CHENAB,Trimmu,18-Jul-20,23372,8172
CHENAB,Punjnad,24-Aug-20,23596,7596
RAVI,Jassar,14-Sept-20,-,4829
RAVI,Shahdara,14-Sept-20,-,19446
RAVI,Balloki,14-Sept-20,39765,8215
RAVI,Sidhnai,14-Sept-20,19537,2637
SUTLEJ,Sulemanki,21-Jun-20,13839,1682
SUTLEJ,Islam,24-Jul-20,5199,2849
INDUS,Kalabagh,03-Oct-20,127329,119629
INDUS,Chashma,18-Sept-20,127896,122396
INDUS,Taunsa,17-Sept-20,126332,111232
INDUS,Guddu,13-Aug-20,131684,99464
INDUS,Sukkar,17-Aug-20,89210,39490
INDUS,Kotri,20-Aug-20,46424,6949
JHELUM,Kotli,14-Sept-20,-,3954
JHELUM,Mangla,21-Jul-20,40000,13115
JHELUM,Rasul,17-Jul-20,16038,7990
JHELUM,Khushab bridge,21-Aug-20,-,9065
CHENAB,Marala,15-Sept-20,44762,11512
CHENAB,Khanki,15-Sept-20,13097,5598
CHENAB,Qadirabad,09-Aug-20,28959,11959
CHENAB,Trimmu,11-Jul-20,23039,8139
CHENAB,Punjnad,24-Aug-20,23596,7596
RAVI,Jassar,14-Sept-20,-,4154
RAVI,Shahdara,14-Sept-20,-,19496
RAVI,Balloki,14-Sept-20,40920,9370
RAVI,Sidhnai,14-Sept-20,20548,3598
SUTLEJ,Sulemanki,21-Jun-20,13839,1682
SUTLEJ,Islam,24-Jul-20,5199,2849
INDUS,Kalabagh,03-Oct-20,127329,119629
INDUS,Chashma,19-Sept-20,127901,122201
INDUS,Taunsa,17-Sept-20,126332,111232
INDUS,Guddu,19-Sept-20,124689,97380
INDUS,Sukkar,17-Aug-20,89210,39490
INDUS,Kotri,09-Jul-20,47143,6948
JHELUM,Kotli,14-Sept-20,-,4240
JHELUM,Mangla,22-Jul-20,36000,13055
JHELUM,Rasul,18-Jul-20,16038,7990
JHELUM,Khushab bridge,23-Aug-20,-,9065
CHENAB,Marala,15-Sept-20,44812,11512
CHENAB,Khanki,16-Sept-20,13097,5598
CHENAB,Qadirabad,20-Jun-20,28542,10642
CHENAB,Trimmu,11-Jul-20,23039,8139
CHENAB,Punjnad,24-Aug-20,23596,7596
RAVI,Jassar,14-Sept-20,-,4154
RAVI,Shahdara,14-Sept-20,-,19496
RAVI,Balloki,14-Sept-20,40670,9370
RAVI,Sidhnai,14-Sept-20,20548,3598
SUTLEJ,Sulemanki,21-Jun-20,13839,1682
SUTLEJ,Islam,24-Jul-20,5199,2849
INDUS,Kalabagh,14-Sept-20,123747,117797
INDUS,Chashma,15-Sept-20,129354,122074
INDUS,Taunsa,17-Sept-20,123695,108095
INDUS,Guddu,14-Aug-20,129657,97207
INDUS,Sukkar,18-Aug-20,89560,39490
INDUS,Kotri,09-Jul-20,47143,6948
JHELUM,Kotli,15-Sept-20,-,4526
JHELUM,Mangla,30-Jul-20,29000,13015
JHELUM,Rasul,18-Jul-20,16038,7990
JHELUM,Khushab bridge,24-Aug-20,-,9065
CHENAB,Marala,16-Sept-20,44812,11512
CHENAB,Khanki,17-Sept-20,13290,5598
CHENAB,Qadirabad,28-Jun-20,32642,10642
CHENAB,Trimmu,02-Oct-20,22931,7831
CHENAB,Punjnad,25-Aug-20,23596,7596
RAVI,Jassar,15-Sept-20,-,4154
RAVI,Shahdara,15-Sept-20,-,19496
RAVI,Balloki,15-Sept-20,41170,9370
RAVI,Sidhnai,15-Sept-20,21873,4923
SUTLEJ,Sulemanki,21-Jun-20,13839,1682
SUTLEJ,Islam,14-Jul-20,3904,2374
INDUS,Kalabagh,14-Sept-20,122790,116790
INDUS,Chashma,16-Sept-20,127041,122041
INDUS,Taunsa,17-Sept-20,123695,108095
INDUS,Guddu,14-Aug-20,128677,97207
INDUS,Sukkar,18-Aug-20,89560,39490
INDUS,Kotri,09-Jul-20,49043,6948
JHELUM,Kotli,15-Sept-20,-,3954
JHELUM,Mangla,31-Jul-20,33000,12955
JHELUM,Rasul,19-Jul-20,16038,7990
JHELUM,Khushab bridge,28-Aug-20,-,9065
CHENAB,Marala,16-Sept-20,42970,9720
CHENAB,Khanki,23-Sept-20,13474,5598
CHENAB,Qadirabad,02-Jul-20,32642,10642
CHENAB,Trimmu,02-Oct-20,22931,7831
CHENAB,Punjnad,30-Sept-20,23346,7096
RAVI,Jassar,15-Sept-20,-,4660
RAVI,Shahdara,15-Sept-20,-,19496
RAVI,Balloki,15-Sept-20,41170,9370
RAVI,Sidhnai,15-Sept-20,21873,4923
SUTLEJ,Sulemanki,22-Jun-20,13839,1682
SUTLEJ,Islam,14-Jul-20,3904,2374
INDUS,Kalabagh,18-Sept-20,122502,115902
INDUS,Chashma,17-Sept-20,127537,122037
INDUS,Taunsa,18-Sept-20,122736,101136
INDUS,Guddu,14-Aug-20,128677,97207
INDUS,Sukkar,18-Aug-20,89560,39490
INDUS,Kotri,09-Jul-20,49043,6948
JHELUM,Kotli,15-Sept-20,-,3668
JHELUM,Mangla,22-Jul-20,36000,12915
JHELUM,Rasul,19-Jul-20,15788,7990
JHELUM,Khushab bridge,15-Oct-20,-,9065
CHENAB,Marala,12-Sept-20,42036,9530
CHENAB,Khanki,24-Sept-20,13474,5598
CHENAB,Qadirabad,02-Jul-20,32642,10642
CHENAB,Trimmu,03-Oct-20,22931,7831
CHENAB,Punjnad,30-Sept-20,23346,7096
RAVI,Jassar,15-Sept-20,-,3901
RAVI,Shahdara,15-Sept-20,-,19496
RAVI,Balloki,15-Sept-20,41170,9370
RAVI,Sidhnai,15-Sept-20,21873,4923
SUTLEJ,Sulemanki,22-Jun-20,13942,1682
SUTLEJ,Islam,14-Jul-20,3904,2374
INDUS,Kalabagh,13-Sept-20,121335,115835
INDUS,Chashma,16-Sept-20,124960,122008
INDUS,Taunsa,21-Sept-20,121055,100335
INDUS,Guddu,14-Aug-20,128677,97207
INDUS,Sukkar,18-Aug-20,89560,39490
INDUS,Kotri,10-Jul-20,49223,6948
JHELUM,Kotli,15-Sept-20,-,3954
JHELUM,Mangla,20-Aug-20,23000,12915
JHELUM,Rasul,21-Jul-20,14538,7990
JHELUM,Khushab bridge,15-Oct-20,-,9065
CHENAB,Marala,13-Sept-20,40388,7738
CHENAB,Khanki,16-Sept-20,12173,4687
CHENAB,Qadirabad,03-Jul-20,32642,10642
CHENAB,Trimmu,03-Oct-20,22931,7831
CHENAB,Punjnad,30-Sept-20,23346,7096
RAVI,Jassar,15-Sept-20,-,4154
RAVI,Shahdara,15-Sept-20,-,19496
RAVI,Balloki,15-Sept-20,41170,9370
RAVI,Sidhnai,15-Sept-20,21873,4923
SUTLEJ,Sulemanki,22-Jun-20,13995,1682
SUTLEJ,Islam,14-Jul-20,3904,2374
INDUS,Kalabagh,13-Sept-20,121335,115835
INDUS,Chashma,19-Sept-20,125625,121994
INDUS,Taunsa,21-Sept-20,121055,100335
INDUS,Guddu,15-Aug-20,128677,97207
INDUS,Sukkar,19-Aug-20,90520,39490
INDUS,Kotri,10-Jul-20,49223,6948
JHELUM,Kotli,16-Sept-20,-,4240
JHELUM,Mangla,06-Aug-20,22000,12855
JHELUM,Rasul,25-Jul-20,15935,7990
JHELUM,Khushab bridge,09-Jul-20,_,8770
CHENAB,Marala,15-Sept-20,40988,7738
CHENAB,Khanki,24-Sept-20,12563,4687
CHENAB,Qadirabad,07-Jul-20,32642,10642
CHENAB,Trimmu,03-Oct-20,22931,7831
CHENAB,Punjnad,01-Oct-20,23346,7096
RAVI,Jassar,16-Sept-20,-,4154
RAVI,Shahdara,16-Sept-20,-,18930
RAVI,Balloki,16-Sept-20,40515,8215
RAVI,Sidhnai,16-Sept-20,21873,4923
SUTLEJ,Sulemanki,22-Jun-20,13995,1682
SUTLEJ,Islam,23-Aug-20,3404,2374
INDUS,Kalabagh,09-Aug-20,123527,115327
INDUS,Chashma,17-Sept-20,127486,121986
INDUS,Taunsa,22-Sept-20,121055,100335
INDUS,Guddu,15-Aug-20,129027,97207
INDUS,Sukkar,19-Aug-20,90520,39490
INDUS,Kotri,02-Oct-20,27540,5725
JHELUM,Kotli,16-Sept-20,-,3668
JHELUM,Mangla,04-Aug-20,26000,12815
JHELUM,Rasul,29-Jul-20,15485,7990
JHELUM,Khushab bridge,10-Jul-20,_,8770
CHENAB,Marala,16-Sept-20,40988,7738
CHENAB,Khanki,25-Sept-20,12563,4687
CHENAB,Qadirabad,08-Jul-20,32642,10642
CHENAB,Trimmu,03-Oct-20,22931,7831
CHENAB,Punjnad,24-Jun-20,22483,6883
RAVI,Jassar,16-Sept-20,-,4407
RAVI,Shahdara,16-Sept-20,-,18930
RAVI,Balloki,16-Sept-20,40515,8215
RAVI,Sidhnai,16-Sept-20,21873,4923
SUTLEJ,Sulemanki,23-Jun-20,13995,1682
SUTLEJ,Islam,23-Aug-20,3554,2374
INDUS,Kalabagh,17-Sept-20,121547,114947
INDUS,Chashma,19-Sept-20,127681,121981
INDUS,Taunsa,18-Sept-20,120224,98924
INDUS,Guddu,15-Aug-20,129027,97207
INDUS,Sukkar,19-Aug-20,90520,39490
INDUS,Kotri,02-Oct-20,27540,5725
JHELUM,Kotli,16-Sept-20,-,3954
JHELUM,Mangla,04-Aug-20,27000,12755
JHELUM,Rasul,30-Jul-20,15485,7990
JHELUM,Khushab bridge,10-Jul-20,-,8474
CHENAB,Marala,16-Sept-20,41038,7738
CHENAB,Khanki,28-Sept-20,12515,4687
CHENAB,Qadirabad,08-Jul-20,32642,10642
CHENAB,Trimmu,04-Oct-20,22931,7831
CHENAB,Punjnad,24-Jun-20,22483,6883
RAVI,Jassar,16-Sept-20,-,4407
RAVI,Shahdara,16-Sept-20,-,18930
RAVI,Balloki,16-Sept-20,40765,8215
RAVI,Sidhnai,16-Sept-20,23180,6230
SUTLEJ,Sulemanki,23-Jun-20,13995,1682
SUTLEJ,Islam,23-Aug-20,3604,2374
INDUS,Kalabagh,20-Sept-20,122247,114947
INDUS,Chashma,15-Sept-20,126972,121972
INDUS,Taunsa,18-Sept-20,120224,98924
INDUS,Guddu,15-Aug-20,129027,97207
INDUS,Sukkar,19-Aug-20,90520,39490
INDUS,Kotri,02-Oct-20,27540,5725
JHELUM,Kotli,16-Sept-20,-,3668
JHELUM,Mangla,23-Jul-20,32000,12715
JHELUM,Rasul,01-Aug-20,14985,7990
JHELUM,Khushab bridge,27-Jul-20,-,8474
CHENAB,Marala,17-Sept-20,41038,7738
CHENAB,Khanki,29-Sept-20,12515,4687
CHENAB,Qadirabad,11-Jul-20,32642,10642
CHENAB,Trimmu,04-Oct-20,22931,7831
CHENAB,Punjnad,24-Jun-20,22483,6883
RAVI,Jassar,16-Sept-20,-,4660
RAVI,Shahdara,16-Sept-20,-,18930
RAVI,Balloki,16-Sept-20,40765,8215
RAVI,Sidhnai,16-Sept-20,23180,6230
SUTLEJ,Sulemanki,23-Jun-20,13995,1682
SUTLEJ,Islam,24-Aug-20,3604,2374
INDUS,Kalabagh,20-Sept-20,122247,114947
INDUS,Chashma,17-Sept-20,127468,121968
INDUS,Taunsa,19-Sept-20,120224,98924
INDUS,Guddu,19-Aug-20,130399,95837
INDUS,Sukkar,20-Aug-20,89105,39490
INDUS,Kotri,03-Oct-20,24980,5725
JHELUM,Kotli,17-Sept-20,-,3381
JHELUM,Mangla,23-Jul-20,33000,12715
JHELUM,Rasul,08-Aug-20,10780,7990
JHELUM,Khushab bridge,24-Aug-20,-,8474
CHENAB,Marala,17-Sept-20,41038,7738
CHENAB,Khanki,29-Sept-20,12515,4687
CHENAB,Qadirabad,11-Jul-20,32642,10642
CHENAB,Trimmu,17-Aug-20,22473,7673
CHENAB,Punjnad,25-Jun-20,22483,6883
RAVI,Jassar,17-Sept-20,-,4660
RAVI,Shahdara,17-Sept-20,-,18930
RAVI,Balloki,17-Sept-20,40765,8215
RAVI,Sidhnai,17-Sept-20,23180,6230
SUTLEJ,Sulemanki,23-Jun-20,13995,1682
SUTLEJ,Islam,02-Jul-20,3601,2271
INDUS,Kalabagh,04-Oct-20,122441,114741
INDUS,Chashma,18-Sept-20,127654,121954
INDUS,Taunsa,20-Sept-20,119790,98890
INDUS,Guddu,20-Aug-20,126974,95524
INDUS,Sukkar,20-Aug-20,89105,39490
INDUS,Kotri,03-Oct-20,24330,5725
JHELUM,Kotli,17-Sept-20,-,2809
JHELUM,Mangla,09-Aug-20,27000,12555
JHELUM,Rasul,08-Aug-20,10780,7990
JHELUM,Khushab bridge,27-Aug-20,-,8474
CHENAB,Marala,17-Sept-20,41038,7738
CHENAB,Khanki,17-Sept-20,11218,3732
CHENAB,Qadirabad,13-Jul-20,32642,10642
CHENAB,Trimmu,06-Oct-20,23213,7613
CHENAB,Punjnad,21-Jun-20,22376,6876
RAVI,Jassar,17-Sept-20,-,3395
RAVI,Shahdara,17-Sept-20,-,18930
RAVI,Balloki,17-Sept-20,40765,8215
RAVI,Sidhnai,17-Sept-20,22147,5197
SUTLEJ,Sulemanki,24-Jun-20,14044,1682
SUTLEJ,Islam,02-Jul-20,3601,2271
INDUS,Kalabagh,04-Oct-20,122441,114741
INDUS,Chashma,19-Sept-20,127654,121954
INDUS,Taunsa,20-Sept-20,119790,98890
INDUS,Guddu,20-Aug-20,126974,95524
INDUS,Sukkar,20-Aug-20,89105,39490
INDUS,Kotri,03-Oct-20,24330,5725
JHELUM,Kotli,17-Sept-20,-,2523
JHELUM,Mangla,12-Aug-20,25000,12515
JHELUM,Rasul,08-Aug-20,10780,7990
JHELUM,Khushab bridge,28-Aug-20,-,8474
CHENAB,Marala,17-Sept-20,40250,7000
CHENAB,Khanki,21-Sept-20,11620,3732
CHENAB,Qadirabad,27-Jul-20,32642,10642
CHENAB,Trimmu,07-Oct-20,23213,7613
CHENAB,Punjnad,21-Jun-20,22376,6876
RAVI,Jassar,17-Sept-20,-,3395
RAVI,Shahdara,17-Sept-20,-,18930
RAVI,Balloki,17-Sept-20,40765,8215
RAVI,Sidhnai,17-Sept-20,22147,5197
SUTLEJ,Sulemanki,24-Jun-20,14044,1682
SUTLEJ,Islam,02-Jul-20,3601,2271
INDUS,Kalabagh,04-Oct-20,122441,114741
INDUS,Chashma,18-Sept-20,124861,121909
INDUS,Taunsa,21-Sept-20,119790,98890
INDUS,Guddu,20-Aug-20,126974,95524
INDUS,Sukkar,20-Aug-20,89105,39490
INDUS,Kotri,03-Oct-20,24330,5725
JHELUM,Kotli,17-Sept-20,-,2809
JHELUM,Mangla,10-Aug-20,28000,12415
JHELUM,Rasul,19-Aug-20,9730,7990
JHELUM,Khushab bridge,10-Jul-20,-,7883
CHENAB,Marala,18-Sept-20,40250,7000
CHENAB,Khanki,22-Sept-20,11608,3732
CHENAB,Qadirabad,28-Jul-20,32642,10642
CHENAB,Trimmu,02-Aug-20,21876,6976
CHENAB,Punjnad,21-Jun-20,22376,6876
RAVI,Jassar,17-Sept-20,-,3648
RAVI,Shahdara,17-Sept-20,-,18930
RAVI,Balloki,17-Sept-20,40765,8215
RAVI,Sidhnai,17-Sept-20,22147,5197
SUTLEJ,Sulemanki,24-Jun-20,14044,1682
SUTLEJ,Islam,02-Jul-20,3601,2271
INDUS,Kalabagh,23-Sept-20,121780,114280
INDUS,Chashma,16-Sept-20,127124,121874
INDUS,Taunsa,21-Sept-20,119790,98890
INDUS,Guddu,20-Aug-20,126974,95524
INDUS,Sukkar,20-Jun-20,92030,39300
INDUS,Kotri,04-Oct-20,23340,5725
JHELUM,Kotli,18-Sept-20,-,3095
JHELUM,Mangla,11-Aug-20,28000,12415
JHELUM,Rasul,21-Aug-20,8838,7990
JHELUM,Khushab bridge,27-Aug-20,-,7883
CHENAB,Marala,18-Sept-20,40250,7000
CHENAB,Khanki,23-Sept-20,11608,3732
CHENAB,Qadirabad,03-Aug-20,32642,10642
CHENAB,Trimmu,02-Aug-20,21876,6976
CHENAB,Punjnad,22-Jun-20,22376,6876
RAVI,Jassar,18-Sept-20,-,3648
RAVI,Shahdara,18-Sept-20,-,18365
RAVI,Balloki,18-Sept-20,40765,8215
RAVI,Sidhnai,18-Sept-20,22127,4877
SUTLEJ,Sulemanki,24-Jun-20,14141,1682
SUTLEJ,Islam,03-Jul-20,3601,2271
INDUS,Kalabagh,23-Sept-20,121132,113632
INDUS,Chashma,18-Sept-20,124584,121632
INDUS,Taunsa,19-Sept-20,119638,98338
INDUS,Guddu,19-Aug-20,126592,91932
INDUS,Sukkar,20-Jun-20,92030,39300
INDUS,Kotri,04-Oct-20,23340,5725
JHELUM,Kotli,18-Sept-20,-,2809
JHELUM,Mangla,23-Aug-20,20000,12315
JHELUM,Rasul,21-Aug-20,8838,7990
JHELUM,Khushab bridge,27-Aug-20,-,7883
CHENAB,Marala,18-Sept-20,37930,7000
CHENAB,Khanki,23-Sept-20,11608,3732
CHENAB,Qadirabad,04-Aug-20,32642,10642
CHENAB,Trimmu,03-Aug-20,21876,6976
CHENAB,Punjnad,22-Jun-20,22376,6876
RAVI,Jassar,18-Sept-20,-,3901
RAVI,Shahdara,18-Sept-20,-,18365
RAVI,Balloki,18-Sept-20,40765,8215
RAVI,Sidhnai,18-Sept-20,22127,4877
SUTLEJ,Sulemanki,25-Jun-20,14141,1682
SUTLEJ,Islam,03-Jul-20,3601,2271
INDUS,Kalabagh,02-Oct-20,120832,112832
INDUS,Chashma,15-Sept-20,127621,121631
INDUS,Taunsa,19-Sept-20,119638,98338
INDUS,Guddu,19-Aug-20,126592,91932
INDUS,Sukkar,21-Jun-20,92630,39300
INDUS,Kotri,04-Oct-20,23340,5725
JHELUM,Kotli,18-Sept-20,-,2523
JHELUM,Mangla,17-Aug-20,22000,12015
JHELUM,Rasul,21-Aug-20,8838,7990
JHELUM,Khushab bridge,13-Jul-20,-,7588
CHENAB,Marala,18-Sept-20,36768,7000
CHENAB,Khanki,24-Sept-20,11608,3732
CHENAB,Qadirabad,07-Aug-20,32642,10642
CHENAB,Trimmu,05-Aug-20,21826,6976
CHENAB,Punjnad,22-Jun-20,22376,6876
RAVI,Jassar,18-Sept-20,-,3901
RAVI,Shahdara,18-Sept-20,-,18365
RAVI,Balloki,18-Sept-20,40765,8215
RAVI,Sidhnai,18-Sept-20,22227,4877
SUTLEJ,Sulemanki,03-Jul-20,14143,1682
SUTLEJ,Islam,31-Aug-20,3391,2261
INDUS,Kalabagh,02-Oct-20,120532,112832
INDUS,Chashma,17-Sept-20,124217,121262
INDUS,Taunsa,19-Sept-20,119638,98338
INDUS,Guddu,19-Sept-20,122045,87985
INDUS,Sukkar,21-Jun-20,92630,39300
INDUS,Kotri,05-Oct-20,23340,5725
JHELUM,Kotli,18-Sept-20,-,2237
JHELUM,Mangla,22-Aug-20,20000,11915
JHELUM,Rasul,22-Aug-20,8530,7990
JHELUM,Khushab bridge,02-Aug-20,_,7588
CHENAB,Marala,19-Sept-20,36768,7000
CHENAB,Khanki,25-Sept-20,11608,3732
CHENAB,Qadirabad,07-Aug-20,32642,10642
CHENAB,Trimmu,05-Aug-20,21826,6976
CHENAB,Punjnad,22-Jun-20,22376,6876
RAVI,Jassar,18-Sept-20,-,4154
RAVI,Shahdara,18-Sept-20,-,18365
RAVI,Balloki,18-Sept-20,40765,8215
RAVI,Sidhnai,18-Sept-20,22227,4877
SUTLEJ,Sulemanki,04-Jul-20,14143,1682
SUTLEJ,Islam,31-Aug-20,3391,2261
INDUS,Kalabagh,02-Oct-20,120532,112832
INDUS,Chashma,01-Oct-20,122896,117396
INDUS,Taunsa,20-Sept-20,119638,98338
INDUS,Guddu,20-Sept-20,115142,84031
INDUS,Sukkar,21-Aug-20,87918,38333
INDUS,Kotri,05-Oct-20,23340,5725
JHELUM,Kotli,19-Sept-20,-,2809
JHELUM,Mangla,24-Aug-20,20000,11913
JHELUM,Rasul,22-Aug-20,8930,7990
JHELUM,Khushab bridge,21-Aug-20,-,7588
CHENAB,Marala,19-Sept-20,36818,7000
CHENAB,Khanki,26-Sept-20,11534,3732
CHENAB,Qadirabad,07-Aug-20,32642,10642
CHENAB,Trimmu,05-Aug-20,21826,6976
CHENAB,Punjnad,23-Jun-20,22376,6876
RAVI,Jassar,19-Sept-20,-,4154
RAVI,Shahdara,19-Sept-20,-,18365
RAVI,Balloki,19-Sept-20,40765,8215
RAVI,Sidhnai,19-Sept-20,22227,4877
SUTLEJ,Sulemanki,04-Jul-20,14195,1682
SUTLEJ,Islam,31-Aug-20,2791,2261
INDUS,Kalabagh,03-Oct-20,119851,112151
INDUS,Chashma,01-Oct-20,116616,112254
INDUS,Taunsa,20-Sept-20,119638,98338
INDUS,Guddu,20-Sept-20,109041,77930
INDUS,Sukkar,21-Aug-20,87918,38333
INDUS,Kotri,05-Oct-20,23340,5725
JHELUM,Kotli,19-Sept-20,-,2523
JHELUM,Mangla,07-Jul-20,41000,11515
JHELUM,Rasul,23-Aug-20,8930,7990
JHELUM,Khushab bridge,24-Aug-20,-,7588
CHENAB,Marala,19-Sept-20,36818,7000
CHENAB,Khanki,26-Sept-20,11486,3732
CHENAB,Qadirabad,09-Jul-20,32641,10641
CHENAB,Trimmu,06-Aug-20,21826,6976
CHENAB,Punjnad,23-Jul-20,22304,6704
RAVI,Jassar,19-Sept-20,-,3901
RAVI,Shahdara,19-Sept-20,-,18365
RAVI,Balloki,19-Sept-20,40765,8215
RAVI,Sidhnai,19-Sept-20,22227,4877
SUTLEJ,Sulemanki,04-Jul-20,14193,1682
SUTLEJ,Islam,31-Aug-20,2661,2261
INDUS,Kalabagh,17-Sept-20,118640,112040
INDUS,Chashma,30-Sept-20,116188,110488
INDUS,Taunsa,22-Sept-20,118666,98309
INDUS,Guddu,20-Sept-20,104814,73403
INDUS,Sukkar,21-Aug-20,87918,38333
INDUS,Kotri,05-Oct-20,23340,5725
JHELUM,Kotli,19-Sept-20,-,2237
JHELUM,Mangla,31-Jul-20,30000,11515
JHELUM,Rasul,07-Oct-20,29970,7990
JHELUM,Khushab bridge,24-Aug-20,-,7588
CHENAB,Marala,19-Sept-20,36768,7000
CHENAB,Khanki,27-Sept-20,11486,3732
CHENAB,Qadirabad,09-Jul-20,32641,10641
CHENAB,Trimmu,06-Aug-20,21826,6976
CHENAB,Punjnad,24-Jul-20,22304,6704
RAVI,Jassar,19-Sept-20,-,3901
RAVI,Shahdara,19-Sept-20,-,17800
RAVI,Balloki,19-Sept-20,40765,8215
RAVI,Sidhnai,19-Sept-20,22227,4877
SUTLEJ,Sulemanki,05-Jul-20,14193,1682
SUTLEJ,Islam,01-Sept-20,2661,2261
INDUS,Kalabagh,19-Sept-20,117474,110174
INDUS,Chashma,20-Sept-20,115868,110168
INDUS,Taunsa,18-Sept-20,116392,94792
INDUS,Guddu,20-Sept-20,104814,73403
INDUS,Sukkar,21-Aug-20,87918,38333
INDUS,Kotri,06-Oct-20,23340,5725
JHELUM,Kotli,19-Sept-20,-,2237
JHELUM,Mangla,08-Aug-20,30000,11515
JHELUM,Rasul,11-Oct-20,30120,7990
JHELUM,Khushab bridge,25-Aug-20,-,7588
CHENAB,Marala,20-Sept-20,35690,7000
CHENAB,Khanki,27-Sept-20,11560,3732
CHENAB,Qadirabad,05-Aug-20,32642,10640
CHENAB,Trimmu,06-Aug-20,21876,6976
CHENAB,Punjnad,24-Jul-20,22304,6704
RAVI,Jassar,19-Sept-20,-,4154
RAVI,Shahdara,19-Sept-20,-,18365
RAVI,Balloki,19-Sept-20,40765,8215
RAVI,Sidhnai,19-Sept-20,22227,4877
SUTLEJ,Sulemanki,05-Jul-20,14193,1682
SUTLEJ,Islam,01-Sept-20,2661,2261
INDUS,Kalabagh,16-Sept-20,115419,109219
INDUS,Chashma,20-Sept-20,115768,110068
INDUS,Taunsa,22-Sept-20,113332,93786
INDUS,Guddu,21-Sept-20,101474,70913
INDUS,Sukkar,21-Sept-20,79256,36196
INDUS,Kotri,06-Oct-20,23340,5725
JHELUM,Kotli,20-Sept-20,-,2523
JHELUM,Mangla,16-Aug-20,23000,10915
JHELUM,Rasul,12-Oct-20,30195,7990
JHELUM,Khushab bridge,27-Aug-20,-,7588
CHENAB,Marala,20-Sept-20,35690,7000
CHENAB,Khanki,28-Sept-20,11560,3732
CHENAB,Qadirabad,05-Aug-20,32642,10640
CHENAB,Trimmu,06-Aug-20,21876,6976
CHENAB,Punjnad,24-Jul-20,22304,6704
RAVI,Jassar,20-Sept-20,-,3395
RAVI,Shahdara,20-Sept-20,-,17800
RAVI,Balloki,20-Sept-20,40765,8215
RAVI,Sidhnai,20-Sept-20,22527,4877
SUTLEJ,Sulemanki,22-Sept-20,15742,1673
SUTLEJ,Islam,13-Jul-20,3481,1951
INDUS,Kalabagh,16-Sept-20,115419,109219
INDUS,Chashma,20-Sept-20,115723,110023
INDUS,Taunsa,22-Sept-20,113332,93786
INDUS,Guddu,21-Sept-20,101474,70913
INDUS,Sukkar,21-Sept-20,75110,32050
INDUS,Kotri,06-Oct-20,23340,5725
JHELUM,Kotli,20-Sept-20,-,2237
JHELUM,Mangla,19-Aug-20,49000,10915
JHELUM,Rasul,12-Sept-20,24042,7722
JHELUM,Khushab bridge,25-Jul-20,_,7292
CHENAB,Marala,20-Sept-20,35690,7000
CHENAB,Khanki,17-Sept-20,10513,2821
CHENAB,Qadirabad,06-Aug-20,31324,9324
CHENAB,Trimmu,05-Jul-20,24512,6921
CHENAB,Punjnad,25-Jul-20,22304,6704
RAVI,Jassar,20-Sept-20,-,3901
RAVI,Shahdara,20-Sept-20,-,17800
RAVI,Balloki,20-Sept-20,40765,8215
RAVI,Sidhnai,20-Sept-20,22527,4877
SUTLEJ,Sulemanki,22-Sept-20,15742,1673
SUTLEJ,Islam,01-Jul-20,3107,1777
INDUS,Kalabagh,16-Sept-20,115504,109219
INDUS,Chashma,21-Sept-20,113977,109941
INDUS,Taunsa,23-Sept-20,113332,93786
INDUS,Guddu,21-Sept-20,101474,70913
INDUS,Sukkar,21-Sept-20,75110,32050
INDUS,Kotri,07-Oct-20,23340,5725
JHELUM,Kotli,20-Sept-20,-,1951
JHELUM,Mangla,25-Aug-20,23000,10915
JHELUM,Rasul,13-Sept-20,24042,7722
JHELUM,Khushab bridge,06-Aug-20,-,7292
CHENAB,Marala,20-Sept-20,35690,7000
CHENAB,Khanki,18-Sept-20,10513,2821
CHENAB,Qadirabad,06-Aug-20,31324,9324
CHENAB,Trimmu,07-Jul-20,21793,6893
CHENAB,Punjnad,08-Jul-20,22530,6530
RAVI,Jassar,20-Sept-20,-,3901
RAVI,Shahdara,20-Sept-20,-,17800
RAVI,Balloki,20-Sept-20,38490,5940
RAVI,Sidhnai,20-Sept-20,22547,4897
SUTLEJ,Sulemanki,22-Sept-20,15793,1673
SUTLEJ,Islam,29-Aug-20,3607,1777
INDUS,Kalabagh,09-Oct-20,116668,108968
INDUS,Chashma,21-Sept-20,114301,108601
INDUS,Taunsa,23-Sept-20,109430,90065
INDUS,Guddu,21-Sept-20,101474,70913
INDUS,Sukkar,21-Sept-20,75110,32050
INDUS,Kotri,18-Jun-20,46150,5365
JHELUM,Kotli,20-Sept-20,-,2237
JHELUM,Mangla,17-Aug-20,23000,10715
JHELUM,Rasul,14-Sept-20,25667,7722
JHELUM,Khushab bridge,21-Aug-20,-,7292
CHENAB,Marala,21-Sept-20,35913,7000
CHENAB,Khanki,18-Sept-20,10513,2821
CHENAB,Qadirabad,12-Sept-20,30757,8757
CHENAB,Trimmu,07-Jul-20,21793,6893
CHENAB,Punjnad,08-Jul-20,22530,6530
RAVI,Jassar,20-Sept-20,-,4154
RAVI,Shahdara,20-Sept-20,-,17800
RAVI,Balloki,20-Sept-20,38490,5940
RAVI,Sidhnai,20-Sept-20,22547,4897
SUTLEJ,Sulemanki,22-Sept-20,15793,1673
SUTLEJ,Islam,29-Aug-20,"3,607.00",1777
INDUS,Kalabagh,15-Sept-20,114264,108264
INDUS,Chashma,05-Oct-20,113553,108253
INDUS,Taunsa,23-Sept-20,109430,90065
INDUS,Guddu,22-Sept-20,101474,70913
INDUS,Sukkar,22-Sept-20,71990,26490
INDUS,Kotri,18-Jun-20,46150,5365
JHELUM,Kotli,21-Sept-20,-,2237
JHELUM,Mangla,18-Aug-20,23000,10715
JHELUM,Rasul,14-Sept-20,26617,7722
JHELUM,Khushab bridge,27-Aug-20,-,7292
CHENAB,Marala,21-Sept-20,35913,7000
CHENAB,Khanki,19-Sept-20,10661,2821
CHENAB,Qadirabad,13-Sept-20,30757,8757
CHENAB,Trimmu,07-Jul-20,21793,6893
CHENAB,Punjnad,23-Jun-20,21809,6309
RAVI,Jassar,21-Sept-20,-,4154
RAVI,Shahdara,21-Sept-20,-,16985
RAVI,Balloki,21-Sept-20,37300,4750
RAVI,Sidhnai,21-Sept-20,22547,4897
SUTLEJ,Sulemanki,23-Sept-20,15793,1673
SUTLEJ,Islam,29-Aug-20,3607,1777
INDUS,Kalabagh,24-Sept-20,115435,107935
INDUS,Chashma,03-Oct-20,113497,108197
INDUS,Taunsa,23-Sept-20,109430,90065
INDUS,Guddu,22-Sept-20,101474,70913
INDUS,Sukkar,22-Sept-20,71990,26490
INDUS,Kotri,04-Oct-20,23340,5225
JHELUM,Kotli,21-Sept-20,-,-
JHELUM,Mangla,24-Aug-20,19000,10655
JHELUM,Rasul,14-Sept-20,27542,7722
JHELUM,Khushab bridge,05-Aug-20,-,6702
CHENAB,Marala,21-Sept-20,35913,7000
CHENAB,Khanki,20-Sept-20,10661,2821
CHENAB,Qadirabad,19-Jun-20,25049,8049
CHENAB,Trimmu,07-Jul-20,21793,6893
CHENAB,Punjnad,23-Jun-20,21809,6309
RAVI,Jassar,21-Sept-20,-,3395
RAVI,Shahdara,21-Sept-20,-,16985
RAVI,Balloki,21-Sept-20,37300,4750
RAVI,Sidhnai,21-Sept-20,20977,3277
SUTLEJ,Sulemanki,23-Sept-20,15793,1673
SUTLEJ,Islam,29-Aug-20,3607,1777
INDUS,Kalabagh,27-Sept-20,114426,106926
INDUS,Chashma,02-Oct-20,112378,108116
INDUS,Taunsa,24-Sept-20,107703,87739
INDUS,Guddu,22-Sept-20,101174,70913
INDUS,Sukkar,22-Sept-20,71990,26490
INDUS,Kotri,15-Oct-20,19674,5179
JHELUM,Kotli,21-Sept-20,-,1671
JHELUM,Mangla,16-Aug-20,21000,10315
JHELUM,Rasul,14-Sept-20,26810,7722
JHELUM,Khushab bridge,10-Jul-20,_,6701
CHENAB,Marala,21-Sept-20,35913,7000
CHENAB,Khanki,21-Sept-20,10661,2821
CHENAB,Qadirabad,19-Jun-20,25049,8049
CHENAB,Trimmu,08-Jul-20,21793,6893
CHENAB,Punjnad,23-Jun-20,21809,6309
RAVI,Jassar,21-Sept-20,-,3901
RAVI,Shahdara,21-Sept-20,-,16985
RAVI,Balloki,21-Sept-20,37300,4750
RAVI,Sidhnai,21-Sept-20,20977,3277
SUTLEJ,Sulemanki,23-Sept-20,15793,1673
SUTLEJ,Islam,29-Aug-20,3607,1777
INDUS,Kalabagh,27-Sept-20,114426,106926
INDUS,Chashma,04-Oct-20,113367,108067
INDUS,Taunsa,24-Sept-20,105211,85496
INDUS,Guddu,22-Sept-20,101174,70913
INDUS,Sukkar,22-Sept-20,71990,26490
INDUS,Kotri,15-Oct-20,19674,5179
JHELUM,Kotli,21-Sept-20,-,1951
JHELUM,Mangla,11-Aug-20,25000,10215
JHELUM,Rasul,15-Sept-20,27720,7722
JHELUM,Khushab bridge,11-Jul-20,_,6701
CHENAB,Marala,22-Sept-20,36137,7000
CHENAB,Khanki,21-Sept-20,10661,2821
CHENAB,Qadirabad,19-Jun-20,25049,8049
CHENAB,Trimmu,08-Jul-20,21793,6893
CHENAB,Punjnad,24-Jun-20,21809,6309
RAVI,Jassar,21-Sept-20,-,3901
RAVI,Shahdara,21-Sept-20,-,16985
RAVI,Balloki,21-Sept-20,37300,4750
RAVI,Sidhnai,21-Sept-20,20977,3277
SUTLEJ,Sulemanki,23-Sept-20,15793,1673
SUTLEJ,Islam,29-Aug-20,3607,1777
INDUS,Kalabagh,07-Oct-20,114477,106777
INDUS,Chashma,02-Oct-20,112442,108062
INDUS,Taunsa,26-Sept-20,105098,85401
INDUS,Guddu,23-Sept-20,101174,70913
INDUS,Sukkar,10-Oct-20,57982,26142
INDUS,Kotri,06-Oct-20,23340,5125
JHELUM,Kotli,22-Sept-20,-,2237
JHELUM,Mangla,12-Aug-20,24000,10215
JHELUM,Rasul,15-Sept-20,27720,7722
JHELUM,Khushab bridge,26-Jul-20,-,6701
CHENAB,Marala,22-Sept-20,36137,7000
CHENAB,Khanki,22-Sept-20,10709,2821
CHENAB,Qadirabad,19-Jun-20,25049,8049
CHENAB,Trimmu,08-Jul-20,21793,6893
CHENAB,Punjnad,02-Jul-20,21924,6074
RAVI,Jassar,22-Sept-20,-,3901
RAVI,Shahdara,22-Sept-20,-,16168
RAVI,Balloki,22-Sept-20,37300,4750
RAVI,Sidhnai,22-Sept-20,20977,3277
SUTLEJ,Sulemanki,16-Sept-20,15483,1670
SUTLEJ,Islam,30-Aug-20,3607,1777
INDUS,Kalabagh,06-Oct-20,113823,106123
INDUS,Chashma,02-Oct-20,113358,108058
INDUS,Taunsa,06-Oct-20,107328,85035
INDUS,Guddu,23-Sept-20,101174,70913
INDUS,Sukkar,10-Oct-20,57982,26142
INDUS,Kotri,13-Aug-20,39187,4112
JHELUM,Kotli,22-Sept-20,-,1670
JHELUM,Mangla,12-Aug-20,24000,10215
JHELUM,Rasul,15-Sept-20,27720,7722
JHELUM,Khushab bridge,26-Jul-20,-,6701
CHENAB,Marala,22-Sept-20,30565,7000
CHENAB,Khanki,22-Sept-20,10697,2821
CHENAB,Qadirabad,20-Jun-20,27299,8049
CHENAB,Trimmu,01-Aug-20,21793,6893
CHENAB,Punjnad,02-Jul-20,21924,6074
RAVI,Jassar,22-Sept-20,-,3395
RAVI,Shahdara,22-Sept-20,-,16168
RAVI,Balloki,22-Sept-20,36705,4155
RAVI,Sidhnai,22-Sept-20,21262,3562
SUTLEJ,Sulemanki,16-Sept-20,15483,1670
SUTLEJ,Islam,21-Aug-20,2600,1770
INDUS,Kalabagh,25-Sept-20,113525,106025
INDUS,Chashma,02-Oct-20,112234,108054
INDUS,Taunsa,06-Oct-20,107328,85035
INDUS,Guddu,23-Sept-20,101174,70913
INDUS,Sukkar,10-Oct-20,57982,26142
INDUS,Kotri,21-Aug-20,42795,4020
JHELUM,Kotli,22-Sept-20,-,1951
JHELUM,Mangla,12-Aug-20,25000,10215
JHELUM,Rasul,04-Jul-20,12939,5441
JHELUM,Khushab bridge,02-Aug-20,_,6701
CHENAB,Marala,22-Sept-20,29647,7000
CHENAB,Khanki,24-Sept-20,10697,2821
CHENAB,Qadirabad,21-Jun-20,30048,8048
CHENAB,Trimmu,01-Aug-20,21793,6893
CHENAB,Punjnad,02-Jul-20,21924,6074
RAVI,Jassar,22-Sept-20,-,3901
RAVI,Shahdara,22-Sept-20,-,16168
RAVI,Balloki,22-Sept-20,76705,4155
RAVI,Sidhnai,22-Sept-20,21262,3562
SUTLEJ,Sulemanki,16-Sept-20,15573,1670
SUTLEJ,Islam,21-Aug-20,2800,1770
INDUS,Kalabagh,18-Sept-20,112261,105406
INDUS,Chashma,03-Oct-20,113346,108046
INDUS,Taunsa,06-Oct-20,107328,85035
INDUS,Guddu,23-Sept-20,101174,70913
INDUS,Sukkar,10-Oct-20,57982,26142
INDUS,Kotri,21-Aug-20,42495,4020
JHELUM,Kotli,22-Sept-20,-,1951
JHELUM,Mangla,13-Aug-20,22000,10215
JHELUM,Rasul,26-Jun-20,13489,5341
JHELUM,Khushab bridge,05-Aug-20,-,6701
CHENAB,Marala,23-Sept-20,31520,7000
CHENAB,Khanki,25-Sept-20,10697,2821
CHENAB,Qadirabad,22-Jun-20,30048,8048
CHENAB,Trimmu,01-Aug-20,21793,6893
CHENAB,Punjnad,03-Jul-20,21924,6074
RAVI,Jassar,22-Sept-20,-,3648
RAVI,Shahdara,22-Sept-20,-,16168
RAVI,Balloki,22-Sept-20,36705,4155
RAVI,Sidhnai,22-Sept-20,21262,3562
SUTLEJ,Sulemanki,16-Sept-20,15573,1670
SUTLEJ,Islam,21-Aug-20,2800,1770
INDUS,Kalabagh,18-Sept-20,112406,105406
INDUS,Chashma,03-Oct-20,113337,108037
INDUS,Taunsa,07-Oct-20,107328,85035
INDUS,Guddu,24-Sept-20,101174,70913
INDUS,Sukkar,11-Oct-20,57982,26142
INDUS,Kotri,07-Oct-20,21635,4020
JHELUM,Kotli,23-Sept-20,-,1951
JHELUM,Mangla,13-Aug-20,23000,10155
JHELUM,Rasul,26-Jun-20,13489,5341
JHELUM,Khushab bridge,08-Aug-20,_,6701
CHENAB,Marala,23-Sept-20,32810,7000
CHENAB,Khanki,25-Sept-20,10697,2821
CHENAB,Qadirabad,24-Jun-20,30048,8048
CHENAB,Trimmu,02-Aug-20,21793,6893
CHENAB,Punjnad,08-Aug-20,18662,6062
RAVI,Jassar,23-Sept-20,-,3648
RAVI,Shahdara,23-Sept-20,-,16168
RAVI,Balloki,23-Sept-20,36705,4155
RAVI,Sidhnai,23-Sept-20,21262,3562
SUTLEJ,Sulemanki,25-Jun-20,14141,1632
SUTLEJ,Islam,22-Aug-20,2800,1770
INDUS,Kalabagh,19-Sept-20,112406,105406
INDUS,Chashma,03-Oct-20,113309,108009
INDUS,Taunsa,07-Oct-20,107328,85035
INDUS,Guddu,24-Sept-20,101174,70913
INDUS,Sukkar,11-Oct-20,57982,26142
INDUS,Kotri,07-Oct-20,21635,4020
JHELUM,Kotli,23-Sept-20,-,1670
JHELUM,Mangla,14-Aug-20,22000,10155
JHELUM,Rasul,29-Jun-20,13489,5341
JHELUM,Khushab bridge,09-Aug-20,-,6701
CHENAB,Marala,23-Sept-20,31820,7000
CHENAB,Khanki,26-Sept-20,10575,2821
CHENAB,Qadirabad,01-Jul-20,30048,8048
CHENAB,Trimmu,02-Jul-20,21966,6866
CHENAB,Punjnad,08-Aug-20,18662,6062
RAVI,Jassar,23-Sept-20,-,3901
RAVI,Shahdara,23-Sept-20,-,16168
RAVI,Balloki,23-Sept-20,35520,2970
RAVI,Sidhnai,23-Sept-20,21262,3562
SUTLEJ,Sulemanki,08-Oct-20,12022,1510
SUTLEJ,Islam,22-Aug-20,2800,1770
INDUS,Kalabagh,23-Sept-20,112570,105070
INDUS,Chashma,22-Sept-20,113700,108000
INDUS,Taunsa,05-Oct-20,106997,84772
INDUS,Guddu,24-Sept-20,101174,70913
INDUS,Sukkar,11-Oct-20,57982,26142
INDUS,Kotri,07-Oct-20,21635,4020
JHELUM,Kotli,23-Sept-20,-,1951
JHELUM,Mangla,15-Aug-20,25000,10155
JHELUM,Rasul,29-Jun-20,13489,5341
JHELUM,Khushab bridge,11-Aug-20,-,6701
CHENAB,Marala,23-Sept-20,31820,7000
CHENAB,Khanki,27-Sept-20,10649,2821
CHENAB,Qadirabad,13-Jul-20,30048,8048
CHENAB,Trimmu,02-Jul-20,21966,6866
CHENAB,Punjnad,09-Aug-20,18662,6062
RAVI,Jassar,23-Sept-20,-,3395
RAVI,Shahdara,23-Sept-20,-,14945
RAVI,Balloki,23-Sept-20,36705,4155
RAVI,Sidhnai,23-Sept-20,21462,3562
SUTLEJ,Sulemanki,08-Oct-20,12022,1510
SUTLEJ,Islam,22-Aug-20,2800,1770
INDUS,Kalabagh,17-Sept-20,110096,103496
INDUS,Chashma,04-Oct-20,113282,107982
INDUS,Taunsa,05-Oct-20,106997,84772
INDUS,Guddu,24-Sept-20,101174,70913
INDUS,Sukkar,11-Oct-20,57982,26142
INDUS,Kotri,08-Oct-20,21635,4020
JHELUM,Kotli,23-Sept-20,-,1670
JHELUM,Mangla,12-Aug-20,25000,10115
JHELUM,Rasul,29-Jun-20,13489,5341
JHELUM,Khushab bridge,12-Aug-20,-,6701
CHENAB,Marala,24-Sept-20,31820,7000
CHENAB,Khanki,28-Sept-20,10649,2821
CHENAB,Qadirabad,14-Jul-20,30048,8048
CHENAB,Trimmu,03-Jul-20,21966,6866
CHENAB,Punjnad,01-Jul-20,21758,6058
RAVI,Jassar,23-Sept-20,-,3901
RAVI,Shahdara,23-Sept-20,-,14945
RAVI,Balloki,23-Sept-20,36705,4155
RAVI,Sidhnai,23-Sept-20,19322,1322
SUTLEJ,Sulemanki,02-Oct-20,13721,1502
SUTLEJ,Islam,22-Aug-20,2800,1770
INDUS,Kalabagh,18-Sept-20,109313,102713
INDUS,Chashma,04-Oct-20,112033,107853
INDUS,Taunsa,05-Oct-20,106997,84772
INDUS,Guddu,25-Sept-20,100874,70913
INDUS,Sukkar,09-Oct-20,58882,23682
INDUS,Kotri,08-Oct-20,21635,4020
JHELUM,Kotli,24-Sept-20,-,1951
JHELUM,Mangla,15-Aug-20,23000,10115
JHELUM,Rasul,30-Jun-20,13489,5341
JHELUM,Khushab bridge,12-Aug-20,-,6701
CHENAB,Marala,24-Sept-20,32410,7000
CHENAB,Khanki,28-Sept-20,10649,2821
CHENAB,Qadirabad,17-Jul-20,30048,8048
CHENAB,Trimmu,05-Oct-20,22466,6866
CHENAB,Punjnad,01-Jul-20,21758,6058
RAVI,Jassar,24-Sept-20,-,3901
RAVI,Shahdara,24-Sept-20,-,14129
RAVI,Balloki,24-Sept-20,36705,4155
RAVI,Sidhnai,24-Sept-20,19322,1322
SUTLEJ,Sulemanki,02-Oct-20,13721,1502
SUTLEJ,Islam,23-Aug-20,2800,1770
INDUS,Kalabagh,04-Oct-20,110003,102303
INDUS,Chashma,05-Oct-20,113056,107756
INDUS,Taunsa,06-Oct-20,106997,84772
INDUS,Guddu,25-Sept-20,100874,70913
INDUS,Sukkar,09-Oct-20,58882,23682
INDUS,Kotri,08-Oct-20,21635,4020
JHELUM,Kotli,24-Sept-20,-,1670
JHELUM,Mangla,15-Aug-20,24000,10115
JHELUM,Rasul,30-Jun-20,13489,5341
JHELUM,Khushab bridge,13-Aug-20,-,6701
CHENAB,Marala,24-Sept-20,32410,7000
CHENAB,Khanki,29-Sept-20,10649,2821
CHENAB,Qadirabad,18-Jul-20,30048,8048
CHENAB,Trimmu,13-Jul-20,21275,6375
CHENAB,Punjnad,01-Jul-20,21758,6058
RAVI,Jassar,24-Sept-20,-,3901
RAVI,Shahdara,24-Sept-20,-,14129
RAVI,Balloki,24-Sept-20,36705,4155
RAVI,Sidhnai,24-Sept-20,19322,1322
SUTLEJ,Sulemanki,03-Oct-20,15009,1502
SUTLEJ,Islam,01-Jul-20,3111,1481
INDUS,Kalabagh,19-Sept-20,109213,101913
INDUS,Chashma,04-Oct-20,113047,107747
INDUS,Taunsa,27-Sept-20,104013,84574
INDUS,Guddu,25-Sept-20,99313,70913
INDUS,Sukkar,09-Oct-20,58882,23682
INDUS,Kotri,08-Oct-20,21635,4020
JHELUM,Kotli,24-Sept-20,-,1400
JHELUM,Mangla,13-Aug-20,22000,10015
JHELUM,Rasul,01-Jul-20,13489,5341
JHELUM,Khushab bridge,15-Aug-20,_,6701
CHENAB,Marala,24-Sept-20,32810,7000
CHENAB,Khanki,01-Oct-20,10673,2821
CHENAB,Qadirabad,20-Jul-20,30048,8048
CHENAB,Trimmu,14-Jul-20,21275,6375
CHENAB,Punjnad,02-Jul-20,21758,6058
RAVI,Jassar,24-Sept-20,-,4154
RAVI,Shahdara,24-Sept-20,-,13306
RAVI,Balloki,24-Sept-20,36705,4155
RAVI,Sidhnai,24-Sept-20,19322,1322
SUTLEJ,Sulemanki,03-Oct-20,15009,1502
SUTLEJ,Islam,01-Jul-20,3111,1481
INDUS,Kalabagh,28-Sept-20,108698,101198
INDUS,Chashma,21-Sept-20,113096,107396
INDUS,Taunsa,26-Sept-20,104013,84488
INDUS,Guddu,25-Sept-20,99313,70913
INDUS,Sukkar,09-Oct-20,58882,23682
INDUS,Kotri,09-Oct-20,21635,4020
JHELUM,Kotli,24-Sept-20,-,1670
JHELUM,Mangla,13-Aug-20,22000,10015
JHELUM,Rasul,01-Jul-20,13489,5341
JHELUM,Khushab bridge,16-Aug-20,-,6701
CHENAB,Marala,25-Sept-20,32810,7000
CHENAB,Khanki,01-Oct-20,10673,2821
CHENAB,Qadirabad,20-Jul-20,30048,8048
CHENAB,Trimmu,14-Jul-20,21275,6375
CHENAB,Punjnad,25-Jun-20,21589,5989
RAVI,Jassar,24-Sept-20,-,4154
RAVI,Shahdara,24-Sept-20,-,13306
RAVI,Balloki,24-Sept-20,36705,4155
RAVI,Sidhnai,24-Sept-20,19322,1322
SUTLEJ,Sulemanki,03-Oct-20,15037,1502
SUTLEJ,Islam,01-Jul-20,3111,1481
INDUS,Kalabagh,01-Oct-20,108094,100394
INDUS,Chashma,22-Sept-20,111160,107124
INDUS,Taunsa,26-Sept-20,104013,84488
INDUS,Guddu,27-Sept-20,90109,68455
INDUS,Sukkar,23-Sept-20,68355,22855
INDUS,Kotri,09-Oct-20,21635,4020
JHELUM,Kotli,25-Sept-20,-,1670
JHELUM,Mangla,20-Aug-20,22000,10015
JHELUM,Rasul,02-Jul-20,13489,5341
JHELUM,Khushab bridge,25-Aug-20,-,6701
CHENAB,Marala,25-Sept-20,32810,7000
CHENAB,Khanki,05-Oct-20,10464,2821
CHENAB,Qadirabad,26-Jul-20,30048,8048
CHENAB,Trimmu,15-Aug-20,21127,6327
CHENAB,Punjnad,25-Jun-20,21589,5989
RAVI,Jassar,25-Sept-20,-,4154
RAVI,Shahdara,25-Sept-20,-,13721
RAVI,Balloki,25-Sept-20,36705,4155
RAVI,Sidhnai,25-Sept-20,18661,661
SUTLEJ,Sulemanki,03-Oct-20,15037,1502
SUTLEJ,Islam,29-Jun-20,2207,1277
INDUS,Kalabagh,02-Oct-20,108094,100394
INDUS,Chashma,21-Sept-20,112807,107107
INDUS,Taunsa,27-Sept-20,104013,84488
INDUS,Guddu,27-Sept-20,90107,68455
INDUS,Sukkar,23-Sept-20,68355,22855
INDUS,Kotri,09-Oct-20,21635,4020
JHELUM,Kotli,25-Sept-20,-,1670
JHELUM,Mangla,25-Aug-20,22000,9955
JHELUM,Rasul,02-Jul-20,13489,5341
JHELUM,Khushab bridge,25-Aug-20,-,6701
CHENAB,Marala,25-Sept-20,30865,7000
CHENAB,Khanki,06-Oct-20,10464,2821
CHENAB,Qadirabad,28-Jul-20,30048,8048
CHENAB,Trimmu,16-Aug-20,21127,6327
CHENAB,Punjnad,25-Jun-20,21589,5989
RAVI,Jassar,25-Sept-20,-,3901
RAVI,Shahdara,25-Sept-20,-,13721
RAVI,Balloki,25-Sept-20,36705,4155
RAVI,Sidhnai,25-Sept-20,18661,661
SUTLEJ,Sulemanki,04-Oct-20,13508,1502
SUTLEJ,Islam,29-Jun-20,2207,1277
INDUS,Kalabagh,05-Oct-20,108094,100394
INDUS,Chashma,30-Sept-20,112670,106970
INDUS,Taunsa,04-Oct-20,106565,84428
INDUS,Guddu,27-Sept-20,90107,68455
INDUS,Sukkar,23-Sept-20,68355,22855
INDUS,Kotri,09-Oct-20,21635,4020
JHELUM,Kotli,25-Sept-20,-,1670
JHELUM,Mangla,10-Jul-20,41000,9915
JHELUM,Rasul,03-Jul-20,13489,5341
JHELUM,Khushab bridge,27-Aug-20,-,6701
CHENAB,Marala,25-Sept-20,30840,7000
CHENAB,Khanki,06-Oct-20,10464,2821
CHENAB,Qadirabad,03-Aug-20,30048,8048
CHENAB,Trimmu,16-Aug-20,21127,6327
CHENAB,Punjnad,26-Jun-20,21589,5989
RAVI,Jassar,25-Sept-20,-,4154
RAVI,Shahdara,25-Sept-20,-,13721
RAVI,Balloki,25-Sept-20,36705,4155
RAVI,Sidhnai,25-Sept-20,18334,334
SUTLEJ,Sulemanki,04-Oct-20,13508,1502
SUTLEJ,Islam,29-Jun-20,2207,1277
INDUS,Kalabagh,05-Oct-20,108094,100394
INDUS,Chashma,25-Sept-20,111064,105164
INDUS,Taunsa,03-Oct-20,102363,84241
INDUS,Guddu,27-Sept-20,90107,68455
INDUS,Sukkar,23-Sept-20,68355,22855
INDUS,Kotri,10-Oct-20,21635,4020
JHELUM,Kotli,25-Sept-20,-,1951
JHELUM,Mangla,23-Aug-20,21000,9915
JHELUM,Rasul,04-Jul-20,13489,5341
JHELUM,Khushab bridge,27-Aug-20,-,6701
CHENAB,Marala,26-Sept-20,30840,7000
CHENAB,Khanki,08-Oct-20,10440,2821
CHENAB,Qadirabad,04-Aug-20,30048,8048
CHENAB,Trimmu,16-Aug-20,21127,6327
CHENAB,Punjnad,18-Jul-20,21912,5912
RAVI,Jassar,25-Sept-20,-,3395
RAVI,Shahdara,25-Sept-20,-,13721
RAVI,Balloki,25-Sept-20,36705,4155
RAVI,Sidhnai,25-Sept-20,18334,334
SUTLEJ,Sulemanki,04-Oct-20,13006,1502
SUTLEJ,Islam,29-Jun-20,2407,1277
INDUS,Kalabagh,01-Oct-20,107139,99439
INDUS,Chashma,25-Sept-20,110964,105064
INDUS,Taunsa,03-Oct-20,102363,84241
INDUS,Guddu,28-Sept-20,89409,68455
INDUS,Sukkar,12-Oct-20,55440,22500
INDUS,Kotri,10-Oct-20,20495,4020
JHELUM,Kotli,26-Sept-20,-,1951
JHELUM,Mangla,24-Aug-20,20000,9915
JHELUM,Rasul,05-Jul-20,12789,5341
JHELUM,Khushab bridge,06-Aug-20,-,6406
CHENAB,Marala,26-Sept-20,51006,7000
CHENAB,Khanki,09-Oct-20,10440,2821
CHENAB,Qadirabad,18-Jun-20,23723,6723
CHENAB,Trimmu,17-Aug-20,21127,6327
CHENAB,Punjnad,18-Jul-20,21912,5912
RAVI,Jassar,26-Sept-20,-,3395
RAVI,Shahdara,26-Sept-20,-,13721
RAVI,Balloki,26-Sept-20,36705,4155
RAVI,Sidhnai,26-Sept-20,18334,334
SUTLEJ,Sulemanki,04-Oct-20,13006,1502
SUTLEJ,Islam,30-Jun-20,2407,1277
INDUS,Kalabagh,29-Sept-20,106901,99401
INDUS,Chashma,23-Sept-20,109527,105042
INDUS,Taunsa,04-Oct-20,102363,84241
INDUS,Guddu,28-Sept-20,89409,68455
INDUS,Sukkar,12-Oct-20,55440,22500
INDUS,Kotri,10-Oct-20,20495,4020
JHELUM,Kotli,26-Sept-20,-,1951
JHELUM,Mangla,25-Aug-20,30000,9915
JHELUM,Rasul,06-Jul-20,12686,5341
JHELUM,Khushab bridge,20-Aug-20,-,6401
CHENAB,Marala,26-Sept-20,30890,7000
CHENAB,Khanki,14-Oct-20,10295,2821
CHENAB,Qadirabad,21-Jun-20,27323,6723
CHENAB,Trimmu,04-Oct-20,21245,6054
CHENAB,Punjnad,18-Jul-20,21912,5912
RAVI,Jassar,26-Sept-20,-,3395
RAVI,Shahdara,26-Sept-20,-,13721
RAVI,Balloki,26-Sept-20,36705,4155
RAVI,Sidhnai,26-Sept-20,18000,NIL
SUTLEJ,Sulemanki,05-Oct-20,12506,1502
SUTLEJ,Islam,30-Jun-20,2404,1277
INDUS,Kalabagh,19-Sept-20,106023,98723
INDUS,Chashma,24-Sept-20,112589,105025
INDUS,Taunsa,04-Oct-20,106182,84123
INDUS,Guddu,28-Sept-20,89409,68455
INDUS,Sukkar,12-Oct-20,55440,22500
INDUS,Kotri,10-Oct-20,20495,4020
JHELUM,Kotli,26-Sept-20,-,1400
JHELUM,Mangla,23-Aug-20,22000,9815
JHELUM,Rasul,06-Jul-20,12836,5341
JHELUM,Khushab bridge,17-Aug-20,-,6183
CHENAB,Marala,26-Sept-20,30890,7000
CHENAB,Khanki,18-Sept-20,9558,1866
CHENAB,Qadirabad,21-Jun-20,28448,6723
CHENAB,Trimmu,03-Aug-20,20530,5730
CHENAB,Punjnad,19-Jul-20,21912,5912
RAVI,Jassar,26-Sept-20,-,3648
RAVI,Shahdara,26-Sept-20,-,12063
RAVI,Balloki,26-Sept-20,36705,4155
RAVI,Sidhnai,26-Sept-20,18060,NIL
SUTLEJ,Sulemanki,05-Oct-20,12506,1502
SUTLEJ,Islam,30-Jun-20,2907,1277
INDUS,Kalabagh,03-Oct-20,106184,98484
INDUS,Chashma,23-Sept-20,110896,104996
INDUS,Taunsa,04-Oct-20,106182,84123
INDUS,Guddu,28-Sept-20,89409,68455
INDUS,Sukkar,12-Oct-20,55440,22500
INDUS,Kotri,19-Jun-20,44080,3295
JHELUM,Kotli,26-Sept-20,-,1670
JHELUM,Mangla,22-Aug-20,22000,9715
JHELUM,Rasul,07-Jul-20,13161,5341
JHELUM,Khushab bridge,11-Jul-20,_,6110
CHENAB,Marala,27-Sept-20,30890,7000
CHENAB,Khanki,18-Sept-20,9706,1866
CHENAB,Qadirabad,02-Jul-20,28723,6723
CHENAB,Trimmu,03-Aug-20,20580,5730
CHENAB,Punjnad,01-Oct-20,21380,5130
RAVI,Jassar,26-Sept-20,-,3395
RAVI,Shahdara,26-Sept-20,-,13721
RAVI,Balloki,26-Sept-20,36705,4155
RAVI,Sidhnai,26-Sept-20,17760,NIL
SUTLEJ,Sulemanki,05-Oct-20,11308,1502
SUTLEJ,Islam,30-Jun-20,2907,1277
INDUS,Kalabagh,27-Sept-20,103799,96299
INDUS,Chashma,24-Sept-20,110886,104986
INDUS,Taunsa,05-Oct-20,106182,84123
INDUS,Guddu,26-Sept-20,90111,68107
INDUS,Sukkar,13-Oct-20,54390,22500
INDUS,Kotri,19-Jun-20,44080,3295
JHELUM,Kotli,27-Sept-20,-,1951
JHELUM,Mangla,22-Aug-20,22000,9215
JHELUM,Rasul,08-Jul-20,13161,5341
JHELUM,Khushab bridge,13-Jul-20,-,6110
CHENAB,Marala,27-Sept-20,30940,7000
CHENAB,Khanki,19-Sept-20,9706,1866
CHENAB,Qadirabad,02-Jul-20,28723,6723
CHENAB,Trimmu,04-Aug-20,20580,5730
CHENAB,Punjnad,01-Oct-20,21380,5130
RAVI,Jassar,27-Sept-20,-,3395
RAVI,Shahdara,27-Sept-20,-,11230
RAVI,Balloki,27-Sept-20,36705,4155
RAVI,Sidhnai,27-Sept-20,17760,NIL
SUTLEJ,Sulemanki,05-Oct-20,11308,1502
SUTLEJ,Islam,04-Jul-20,2707,1277
INDUS,Kalabagh,27-Sept-20,103799,96299
INDUS,Chashma,24-Sept-20,110785,104885
INDUS,Taunsa,25-Sept-20,103089,83711
INDUS,Guddu,26-Sept-20,90111,68107
INDUS,Sukkar,13-Oct-20,54390,22500
INDUS,Kotri,20-Jun-20,41900,3295
JHELUM,Kotli,27-Sept-20,-,1670
JHELUM,Mangla,23-Aug-20,22000,8955
JHELUM,Rasul,08-Jul-20,13161,5341
JHELUM,Khushab bridge,25-Jul-20,_,6110
CHENAB,Marala,27-Sept-20,30022,7000
CHENAB,Khanki,19-Sept-20,9706,1866
CHENAB,Qadirabad,16-Jul-20,28723,6723
CHENAB,Trimmu,02-Aug-20,20609,5709
CHENAB,Punjnad,01-Oct-20,21380,5130
RAVI,Jassar,27-Sept-20,-,3648
RAVI,Shahdara,27-Sept-20,-,11230
RAVI,Balloki,27-Sept-20,36705,4155
RAVI,Sidhnai,27-Sept-20,17760,NIL
SUTLEJ,Sulemanki,06-Oct-20,11308,1502
SUTLEJ,Islam,04-Jul-20,2707,1277
INDUS,Kalabagh,30-Sept-20,103160,95660
INDUS,Chashma,23-Sept-20,110763,104863
INDUS,Taunsa,25-Sept-20,103089,83711
INDUS,Guddu,26-Sept-20,90111,68107
INDUS,Sukkar,13-Oct-20,54390,22500
INDUS,Kotri,20-Jun-20,41900,3295
JHELUM,Kotli,27-Sept-20,-,1670
JHELUM,Mangla,10-Aug-20,30000,8815
JHELUM,Rasul,09-Jul-20,13161,5341
JHELUM,Khushab bridge,26-Jul-20,-,6110
CHENAB,Marala,27-Sept-20,29115,7000
CHENAB,Khanki,19-Sept-20,9706,1866
CHENAB,Qadirabad,17-Jul-20,28723,6723
CHENAB,Trimmu,26-Jul-20,20267,5667
CHENAB,Punjnad,02-Oct-20,21380,5130
RAVI,Jassar,27-Sept-20,-,3648
RAVI,Shahdara,27-Sept-20,-,10404
RAVI,Balloki,27-Sept-20,34875,2325
RAVI,Sidhnai,27-Sept-20,18160,NIL
SUTLEJ,Sulemanki,06-Oct-20,11308,1502
SUTLEJ,Islam,04-Jul-20,2707,1277
INDUS,Kalabagh,30-Sept-20,103160,95660
INDUS,Chashma,23-Sept-20,110457,104557
INDUS,Taunsa,03-Oct-20,101149,83237
INDUS,Guddu,29-Sept-20,88436,67932
INDUS,Sukkar,13-Oct-20,54390,22500
INDUS,Kotri,11-Oct-20,17710,3215
JHELUM,Kotli,27-Sept-20,-,1670
JHELUM,Mangla,10-Aug-20,29000,8815
JHELUM,Rasul,09-Jul-20,13161,5341
JHELUM,Khushab bridge,02-Aug-20,_,6110
CHENAB,Marala,28-Sept-20,29115,7000
CHENAB,Khanki,20-Sept-20,9706,1866
CHENAB,Qadirabad,19-Jul-20,28728,6723
CHENAB,Trimmu,26-Jul-20,20267,5667
CHENAB,Punjnad,04-Aug-20,20910,5085
RAVI,Jassar,27-Sept-20,-,3901
RAVI,Shahdara,27-Sept-20,-,10404
RAVI,Balloki,27-Sept-20,34925,2375
RAVI,Sidhnai,27-Sept-20,18160,NIL
SUTLEJ,Sulemanki,06-Oct-20,11308,1502
SUTLEJ,Islam,05-Jul-20,2707,1277
INDUS,Kalabagh,25-Sept-20,102898,95398
INDUS,Chashma,24-Sept-20,110455,104555
INDUS,Taunsa,27-Sept-20,100916,82939
INDUS,Guddu,29-Sept-20,88436,67932
INDUS,Sukkar,14-Oct-20,54030,22500
INDUS,Kotri,11-Oct-20,17710,3215
JHELUM,Kotli,28-Sept-20,-,1400
JHELUM,Mangla,11-Aug-20,24000,8815
JHELUM,Rasul,10-Jul-20,13161,5341
JHELUM,Khushab bridge,05-Aug-20,_,6110
CHENAB,Marala,28-Sept-20,29140,7000
CHENAB,Khanki,20-Sept-20,9706,1866
CHENAB,Qadirabad,28-Jul-20,28723,6723
CHENAB,Trimmu,26-Jul-20,20267,5667
CHENAB,Punjnad,04-Aug-20,20910,5085
RAVI,Jassar,28-Sept-20,-,3901
RAVI,Shahdara,28-Sept-20,-,9575
RAVI,Balloki,28-Sept-20,34925,2375
RAVI,Sidhnai,28-Sept-20,18160,NIL
SUTLEJ,Sulemanki,06-Oct-20,11308,1502
SUTLEJ,Islam,12-Jul-20,2807,1277
INDUS,Kalabagh,26-Sept-20,102844,95344
INDUS,Chashma,01-Oct-20,108317,104032
INDUS,Taunsa,28-Sept-20,100916,82939
INDUS,Guddu,29-Sept-20,88436,67932
INDUS,Sukkar,14-Oct-20,54030,22500
INDUS,Kotri,11-Oct-20,17710,3215
JHELUM,Kotli,28-Sept-20,-,1671
JHELUM,Mangla,15-Aug-20,21000,8815
JHELUM,Rasul,13-Jul-20,12481,5341
JHELUM,Khushab bridge,05-Aug-20,-,6110
CHENAB,Marala,28-Sept-20,28246,7000
CHENAB,Khanki,20-Sept-20,9706,1866
CHENAB,Qadirabad,29-Jul-20,28723,6723
CHENAB,Trimmu,27-Jul-20,20267,5667
CHENAB,Punjnad,04-Aug-20,20910,5085
RAVI,Jassar,28-Sept-20,-,3901
RAVI,Shahdara,28-Sept-20,-,9575
RAVI,Balloki,28-Sept-20,34925,2375
RAVI,Sidhnai,28-Sept-20,18160,-
SUTLEJ,Sulemanki,07-Oct-20,11812,1502
SUTLEJ,Islam,12-Jul-20,2807,1277
INDUS,Kalabagh,26-Sept-20,102844,95344
INDUS,Chashma,01-Oct-20,109726,104026
INDUS,Taunsa,03-Oct-20,101149,82914
INDUS,Guddu,29-Sept-20,88436,67932
INDUS,Sukkar,14-Oct-20,54030,22500
INDUS,Kotri,11-Oct-20,17710,3215
JHELUM,Kotli,28-Sept-20,-,1400
JHELUM,Mangla,26-Aug-20,30000,8755
JHELUM,Rasul,15-Jul-20,12981,5341
JHELUM,Khushab bridge,06-Aug-20,-,6110
CHENAB,Marala,28-Sept-20,25637,7000
CHENAB,Khanki,21-Sept-20,9754,1866
CHENAB,Qadirabad,29-Jul-20,28723,6723
CHENAB,Trimmu,27-Jul-20,20267,5667
CHENAB,Punjnad,05-Aug-20,20910,5085
RAVI,Jassar,28-Sept-20,-,3901
RAVI,Shahdara,28-Sept-20,-,8912
RAVI,Balloki,28-Sept-20,34925,2375
RAVI,Sidhnai,28-Sept-20,17760,-
SUTLEJ,Sulemanki,07-Oct-20,11812,1502
SUTLEJ,Islam,12-Jul-20,2807,1277
INDUS,Kalabagh,22-Sept-20,102461,94961
INDUS,Chashma,22-Sept-20,107739,103245
INDUS,Taunsa,25-Sept-20,102140,82913
INDUS,Guddu,26-Sept-20,94663,67757
INDUS,Sukkar,14-Oct-20,54030,22500
INDUS,Kotri,12-Oct-20,17710,3215
JHELUM,Kotli,28-Sept-20,-,1170
JHELUM,Mangla,16-Aug-20,21000,8715
JHELUM,Rasul,20-Jul-20,13139,5341
JHELUM,Khushab bridge,08-Aug-20,_,6110
CHENAB,Marala,29-Sept-20,25637,7000
CHENAB,Khanki,22-Sept-20,9742,1866
CHENAB,Qadirabad,08-Aug-20,28723,6723
CHENAB,Trimmu,11-Jul-20,20524,5624
CHENAB,Punjnad,05-Aug-20,20910,5085
RAVI,Jassar,28-Sept-20,-,3648
RAVI,Shahdara,28-Sept-20,-,8912
RAVI,Balloki,28-Sept-20,34925,2375
RAVI,Sidhnai,28-Sept-20,17760,-
SUTLEJ,Sulemanki,07-Oct-20,12014,1502
SUTLEJ,Islam,12-Jul-20,2807,1277
INDUS,Kalabagh,22-Sept-20,102461,94961
INDUS,Chashma,22-Sept-20,107832,101932
INDUS,Taunsa,25-Sept-20,102140,82913
INDUS,Guddu,30-Sept-20,58683,67228
INDUS,Sukkar,15-Oct-20,52880,22500
INDUS,Kotri,12-Oct-20,17710,3215
JHELUM,Kotli,29-Sept-20,-,1170
JHELUM,Mangla,17-Aug-20,21000,8715
JHELUM,Rasul,21-Jul-20,11786,5341
JHELUM,Khushab bridge,09-Aug-20,-,6110
CHENAB,Marala,29-Sept-20,20650,7000
CHENAB,Khanki,26-Sept-20,9742,1866
CHENAB,Qadirabad,12-Sept-20,27702,5702
CHENAB,Trimmu,05-Jul-20,19839,4939
CHENAB,Punjnad,08-Aug-20,19085,5085
RAVI,Jassar,29-Sept-20,-,3648
RAVI,Shahdara,29-Sept-20,-,7583
RAVI,Balloki,29-Sept-20,33450,900
RAVI,Sidhnai,29-Sept-20,17760,-
SUTLEJ,Sulemanki,07-Oct-20,12014,1502
SUTLEJ,Islam,13-Jul-20,2807,1277
INDUS,Kalabagh,07-Oct-20,102039,94339
INDUS,Chashma,30-Sept-20,104917,99017
INDUS,Taunsa,26-Sept-20,102140,82913
INDUS,Guddu,30-Sept-20,85683,67228
INDUS,Sukkar,15-Oct-20,52880,22500
INDUS,Kotri,12-Oct-20,17710,3215
JHELUM,Kotli,29-Sept-20,-,1400
JHELUM,Mangla,18-Aug-20,50000,8715
JHELUM,Rasul,21-Jul-20,12386,5341
JHELUM,Khushab bridge,09-Aug-20,-,6110
CHENAB,Marala,29-Sept-20,16582,5000
CHENAB,Khanki,27-Sept-20,9620,1866
CHENAB,Qadirabad,24-Jun-20,27399,5399
CHENAB,Trimmu,05-Jul-20,19839,4939
CHENAB,Punjnad,09-Aug-20,19085,5085
RAVI,Jassar,29-Sept-20,-,3395
RAVI,Shahdara,29-Sept-20,-,7586
RAVI,Balloki,29-Sept-20,33450,900
RAVI,Sidhnai,29-Sept-20,17760,Nil
SUTLEJ,Sulemanki,11-Aug-20,14751,1303
SUTLEJ,Islam,13-Jul-20,2807,1277
INDUS,Kalabagh,11-Oct-20,101236,94236
INDUS,Chashma,26-Sept-20,104340,98440
INDUS,Taunsa,27-Sept-20,100916,81969
INDUS,Guddu,30-Sept-20,85683,67228
INDUS,Sukkar,24-Sept-20,67386,22191
INDUS,Kotri,12-Oct-20,17710,3215
JHELUM,Kotli,29-Sept-20,-,1170
JHELUM,Mangla,20-Aug-20,23000,8715
JHELUM,Rasul,22-Jul-20,12386,5341
JHELUM,Khushab bridge,12-Aug-20,-,6110
CHENAB,Marala,29-Sept-20,17251,5000
CHENAB,Khanki,29-Sept-20,9694,1866
CHENAB,Qadirabad,08-Jul-20,27399,5399
CHENAB,Trimmu,29-Jul-20,19247,4424
CHENAB,Punjnad,09-Aug-20,19085,5085
RAVI,Jassar,29-Sept-20,-,3395
RAVI,Shahdara,29-Sept-20,-,6592
RAVI,Balloki,29-Sept-20,33925,2375
RAVI,Sidhnai,29-Sept-20,17620,NIL
SUTLEJ,Sulemanki,11-Aug-20,15096,1303
SUTLEJ,Islam,13-Jul-20,2807,1277
INDUS,Kalabagh,24-Sept-20,100989,93489
INDUS,Chashma,28-Sept-20,104148,98248
INDUS,Taunsa,24-Sept-20,100704,81705
INDUS,Guddu,30-Sept-20,85683,67228
INDUS,Sukkar,24-Sept-20,67386,22191
INDUS,Kotri,13-Oct-20,17710,3215
JHELUM,Kotli,29-Sept-20,-,1170
JHELUM,Mangla,07-Jul-20,39000,8615
JHELUM,Rasul,22-Jul-20,13236,5341
JHELUM,Khushab bridge,12-Aug-20,-,6110
CHENAB,Marala,30-Sept-20,17518,5000
CHENAB,Khanki,30-Sept-20,9694,1866
CHENAB,Qadirabad,08-Jul-20,27399,5399
CHENAB,Trimmu,13-Aug-20,19192,4392
CHENAB,Punjnad,09-Aug-20,19085,5085
RAVI,Jassar,29-Sept-20,-,3648
RAVI,Shahdara,29-Sept-20,-,6592
RAVI,Balloki,29-Sept-20,32925,2375
RAVI,Sidhnai,29-Sept-20,17620,NIL
SUTLEJ,Sulemanki,12-Aug-20,15096,1303
SUTLEJ,Islam,07-Aug-20,2507,1277
INDUS,Kalabagh,28-Sept-20,100935,93435
INDUS,Chashma,27-Sept-20,104026,98126
INDUS,Taunsa,24-Sept-20,100704,81705
INDUS,Guddu,01-Oct-20,80798,65798
INDUS,Sukkar,24-Sept-20,67386,22191
INDUS,Kotri,13-Oct-20,17710,3215
JHELUM,Kotli,30-Sept-20,-,1050
JHELUM,Mangla,08-Jul-20,39000,8615
JHELUM,Rasul,23-Jul-20,13286,5341
JHELUM,Khushab bridge,16-Aug-20,-,6110
CHENAB,Marala,30-Sept-20,17786,5000
CHENAB,Khanki,30-Sept-20,9694,1866
CHENAB,Qadirabad,09-Jul-20,27399,5399
CHENAB,Trimmu,20-Jul-20,19446,4346
CHENAB,Punjnad,10-Aug-20,19085,5085
RAVI,Jassar,30-Sept-20,-,3648
RAVI,Shahdara,30-Sept-20,-,4429
RAVI,Balloki,30-Sept-20,30550,NIL
RAVI,Sidhnai,30-Sept-20,17802,NIL
SUTLEJ,Sulemanki,12-Aug-20,15096,1303
SUTLEJ,Islam,07-Aug-20,2507,1277
INDUS,Kalabagh,15-Sept-20,99270,93185
INDUS,Chashma,29-Sept-20,104021,98121
INDUS,Taunsa,07-Oct-20,102671,81328
INDUS,Guddu,01-Oct-20,80798,65798
INDUS,Sukkar,24-Sept-20,67386,22191
INDUS,Kotri,13-Oct-20,17710,3215
JHELUM,Kotli,30-Sept-20,-,1225
JHELUM,Mangla,18-Aug-20,23000,8615
JHELUM,Rasul,23-Jul-20,13311,5341
JHELUM,Khushab bridge,20-Aug-20,-,6110
CHENAB,Marala,30-Sept-20,20785,5000
CHENAB,Khanki,03-Oct-20,9607,1866
CHENAB,Qadirabad,28-Jul-20,27399,5399
CHENAB,Trimmu,04-Aug-20,19195,4345
CHENAB,Punjnad,09-Jul-20,21063,5063
RAVI,Jassar,30-Sept-20,-,3901
RAVI,Shahdara,30-Sept-20,-,4429
RAVI,Balloki,30-Sept-20,30550,-
RAVI,Sidhnai,30-Sept-20,17802,-
SUTLEJ,Sulemanki,12-Aug-20,15096,1303
SUTLEJ,Islam,07-Aug-20,2507,1277
INDUS,Kalabagh,05-Oct-20,100432,92732
INDUS,Chashma,27-Sept-20,104020,98120
INDUS,Taunsa,07-Oct-20,102671,81328
INDUS,Guddu,01-Oct-20,80798,65798
INDUS,Sukkar,25-Sept-20,66917,21722
INDUS,Kotri,13-Oct-20,17710,3215
JHELUM,Kotli,30-Sept-20,-,1400
JHELUM,Mangla,19-Aug-20,50000,8615
JHELUM,Rasul,24-Jul-20,13311,5341
JHELUM,Khushab bridge,26-Aug-20,-,6110
CHENAB,Marala,30-Sept-20,20919,5000
CHENAB,Khanki,03-Oct-20,9607,1866
CHENAB,Qadirabad,04-Aug-20,27399,5399
CHENAB,Trimmu,04-Aug-20,19195,4345
CHENAB,Punjnad,21-Jul-20,20355,4305
RAVI,Jassar,30-Sept-20,-,3395
RAVI,Shahdara,30-Sept-20,-,4429
RAVI,Balloki,30-Sept-20,30550,NIL
RAVI,Sidhnai,30-Sept-20,17802,NIL
SUTLEJ,Sulemanki,12-Aug-20,15300,1303
SUTLEJ,Islam,08-Aug-20,2507,1277
INDUS,Kalabagh,05-Oct-20,100432,92732
INDUS,Chashma,29-Sept-20,104000,98100
INDUS,Taunsa,02-Oct-20,99302,81185
INDUS,Guddu,01-Oct-20,80798,65798
INDUS,Sukkar,25-Sept-20,66917,21722
INDUS,Kotri,14-Oct-20,17710,3215
JHELUM,Kotli,30-Sept-20,-,1225
JHELUM,Mangla,24-Aug-20,20000,8515
JHELUM,Rasul,24-Jul-20,13286,5341
JHELUM,Khushab bridge,27-Aug-20,-,6110
CHENAB,Marala,01-Oct-20,21323,5000
CHENAB,Khanki,03-Oct-20,9632,1866
CHENAB,Qadirabad,21-Jun-20,26918,4918
CHENAB,Trimmu,04-Aug-20,19195,4345
CHENAB,Punjnad,21-Jul-20,20355,4305
RAVI,Jassar,30-Sept-20,-,3395
RAVI,Shahdara,30-Sept-20,-,2814
RAVI,Balloki,30-Sept-20,28550,NIL
RAVI,Sidhnai,30-Sept-20,17348,NIL
SUTLEJ,Sulemanki,12-Aug-20,15300,1303
SUTLEJ,Islam,08-Aug-20,2507,1277
INDUS,Kalabagh,08-Oct-20,100430,92730
INDUS,Chashma,30-Sept-20,103961,98061
INDUS,Taunsa,28-Sept-20,96344,79094
INDUS,Guddu,02-Oct-20,79094,64094
INDUS,Sukkar,25-Sept-20,66917,21722
INDUS,Kotri,14-Oct-20,17710,3215
JHELUM,Kotli,01-Oct-20,-,1225
JHELUM,Mangla,14-Aug-20,22000,8015
JHELUM,Rasul,28-Jul-20,13236,5341
JHELUM,Khushab bridge,13-Jul-20,-,5492
CHENAB,Marala,01-Oct-20,21248,5000
CHENAB,Khanki,04-Oct-20,9620,1866
CHENAB,Qadirabad,15-Sept-20,26856,4856
CHENAB,Trimmu,05-Aug-20,19195,4345
CHENAB,Punjnad,21-Jul-20,20355,4305
RAVI,Jassar,01-Oct-20,-,3395
RAVI,Shahdara,01-Oct-20,-,1838
RAVI,Balloki,01-Oct-20,26550,-
RAVI,Sidhnai,01-Oct-20,17260,-
SUTLEJ,Sulemanki,13-Aug-20,15396,1303
SUTLEJ,Islam,08-Aug-20,2507,1277
INDUS,Kalabagh,01-Oct-20,99503,91803
INDUS,Chashma,28-Sept-20,103926,98026
INDUS,Taunsa,29-Sept-20,97183,78423
INDUS,Guddu,02-Oct-20,79094,64094
INDUS,Sukkar,25-Sept-20,66917,21722
INDUS,Kotri,14-Oct-20,17710,3215
JHELUM,Kotli,01-Oct-20,-,1050
JHELUM,Mangla,14-Aug-20,26000,8015
JHELUM,Rasul,30-Jul-20,12836,5341
JHELUM,Khushab bridge,25-Jul-20,_,5492
CHENAB,Marala,01-Oct-20,18187,5000
CHENAB,Khanki,05-Oct-20,9506,1866
CHENAB,Qadirabad,15-Sept-20,26856,4856
CHENAB,Trimmu,06-Jul-20,19198,4298
CHENAB,Punjnad,22-Jul-20,20355,4305
RAVI,Jassar,01-Oct-20,-,3648
RAVI,Shahdara,01-Oct-20,-,1838
RAVI,Balloki,01-Oct-20,26500,-
RAVI,Sidhnai,01-Oct-20,17260,-
SUTLEJ,Sulemanki,13-Aug-20,15396,1303
SUTLEJ,Islam,08-Aug-20,2507,1277
INDUS,Kalabagh,01-Oct-20,99503,91803
INDUS,Chashma,28-Sept-20,103909,98009
INDUS,Taunsa,29-Sept-20,97183,78423
INDUS,Guddu,02-Oct-20,79094,64094
INDUS,Sukkar,26-Sept-20,66917,21722
INDUS,Kotri,14-Oct-20,17710,3215
JHELUM,Kotli,01-Oct-20,-,1225
JHELUM,Mangla,14-Aug-20,26000,8015
JHELUM,Rasul,01-Aug-20,12336,5341
JHELUM,Khushab bridge,26-Jul-20,_,5492
CHENAB,Marala,01-Oct-20,18187,5000
CHENAB,Khanki,05-Oct-20,9509,1866
CHENAB,Qadirabad,16-Sept-20,26856,4856
CHENAB,Trimmu,06-Jul-20,19198,4298
CHENAB,Punjnad,29-Jun-20,19795,4095
RAVI,Jassar,01-Oct-20,-,3395
RAVI,Shahdara,01-Oct-20,-,1642
RAVI,Balloki,01-Oct-20,26500,NIL
RAVI,Sidhnai,01-Oct-20,17169,NIL
SUTLEJ,Sulemanki,13-Aug-20,15396,1303
SUTLEJ,Islam,09-Aug-20,2507,1277
INDUS,Kalabagh,29-Sept-20,98703,91203
INDUS,Chashma,26-Sept-20,103871,97971
INDUS,Taunsa,30-Sept-20,97183,78423
INDUS,Guddu,02-Oct-20,79094,64094
INDUS,Sukkar,26-Sept-20,66917,21722
INDUS,Kotri,05-Jul-20,44613,2678
JHELUM,Kotli,01-Oct-20,-,1225
JHELUM,Mangla,21-Aug-20,23000,8015
JHELUM,Rasul,01-Aug-20,12836,5341
JHELUM,Khushab bridge,06-Aug-20,-,5492
CHENAB,Marala,02-Oct-20,18187,5000
CHENAB,Khanki,06-Oct-20,9485,1866
CHENAB,Qadirabad,16-Sept-20,26856,4856
CHENAB,Trimmu,06-Jul-20,19198,4298
CHENAB,Punjnad,29-Jun-20,19795,4095
RAVI,Jassar,01-Oct-20,-,3395
RAVI,Shahdara,01-Oct-20,-,1642
RAVI,Balloki,01-Oct-20,26000,NIL
RAVI,Sidhnai,01-Oct-20,17169,NIL
SUTLEJ,Sulemanki,13-Aug-20,15396,1303
SUTLEJ,Islam,09-Aug-20,2507,1277
INDUS,Kalabagh,29-Sept-20,98703,91203
INDUS,Chashma,29-Sept-20,103860,97960
INDUS,Taunsa,02-Oct-20,95625,77935
INDUS,Guddu,03-Oct-20,78094,64094
INDUS,Sukkar,26-Sept-20,66917,21722
INDUS,Kotri,05-Jul-20,44613,2678
JHELUM,Kotli,02-Oct-20,-,1050
JHELUM,Mangla,19-Aug-20,24000,7915
JHELUM,Rasul,01-Aug-20,12336,5341
JHELUM,Khushab bridge,07-Aug-20,-,5492
CHENAB,Marala,02-Oct-20,17786,5000
CHENAB,Khanki,06-Oct-20,9485,1866
CHENAB,Qadirabad,17-Sept-20,26856,4856
CHENAB,Trimmu,06-Jul-20,19198,4298
CHENAB,Punjnad,30-Jun-20,19795,4095
RAVI,Jassar,02-Oct-20,-,3395
RAVI,Shahdara,02-Oct-20,-,1642
RAVI,Balloki,02-Oct-20,24000,NIL
RAVI,Sidhnai,02-Oct-20,16561,NIL
SUTLEJ,Sulemanki,31-Jul-20,14492,1281
SUTLEJ,Islam,09-Aug-20,2507,1277
INDUS,Kalabagh,28-Sept-20,98071,90571
INDUS,Chashma,26-Sept-20,102176,97940
INDUS,Taunsa,02-Oct-20,95625,77935
INDUS,Guddu,03-Oct-20,78094,64094
INDUS,Sukkar,26-Sept-20,66917,21722
INDUS,Kotri,05-Jul-20,44613,2678
JHELUM,Kotli,02-Oct-20,-,1050
JHELUM,Mangla,20-Aug-20,23000,7815
JHELUM,Rasul,02-Aug-20,12536,5341
JHELUM,Khushab bridge,08-Aug-20,-,5492
CHENAB,Marala,02-Oct-20,17786,5000
CHENAB,Khanki,07-Oct-20,9485,1866
CHENAB,Qadirabad,22-Jun-20,26074,4074
CHENAB,Trimmu,18-Jul-20,19466,4266
CHENAB,Punjnad,30-Jun-20,19795,4095
RAVI,Jassar,02-Oct-20,-,3648
RAVI,Shahdara,02-Oct-20,-,1642
RAVI,Balloki,02-Oct-20,24000,-
RAVI,Sidhnai,02-Oct-20,16561,-
SUTLEJ,Sulemanki,31-Jul-20,14492,1281
SUTLEJ,Islam,09-Aug-20,2507,1277
INDUS,Kalabagh,29-Sept-20,97533,90033
INDUS,Chashma,28-Sept-20,103833,97933
INDUS,Taunsa,01-Oct-20,95625,77580
INDUS,Guddu,03-Oct-20,78094,64094
INDUS,Sukkar,27-Sept-20,64403,19253
INDUS,Kotri,21-Jun-20,39329,2634
JHELUM,Kotli,02-Oct-20,-,1050
JHELUM,Mangla,21-Aug-20,25000,7815
JHELUM,Rasul,02-Aug-20,12836,5341
JHELUM,Khushab bridge,15-Aug-20,-,5492
CHENAB,Marala,02-Oct-20,17786,5000
CHENAB,Khanki,08-Oct-20,9485,1866
CHENAB,Qadirabad,22-Jun-20,26074,4074
CHENAB,Trimmu,05-Oct-20,19802,4202
CHENAB,Punjnad,30-Jun-20,19795,4095
RAVI,Jassar,02-Oct-20,-,3901
RAVI,Shahdara,02-Oct-20,-,1446
RAVI,Balloki,02-Oct-20,23000,NIL
RAVI,Sidhnai,02-Oct-20,16200,NIL
SUTLEJ,Sulemanki,31-Jul-20,14443,1281
SUTLEJ,Islam,10-Aug-20,2507,1277
INDUS,Kalabagh,21-Sept-20,96718,89218
INDUS,Chashma,27-Sept-20,102404,97919
INDUS,Taunsa,01-Oct-20,95625,77580
INDUS,Guddu,03-Oct-20,78094,64094
INDUS,Sukkar,27-Sept-20,64403,19253
INDUS,Kotri,21-Jun-20,39329,2634
JHELUM,Kotli,02-Oct-20,-,1225
JHELUM,Mangla,21-Aug-20,23000,7815
JHELUM,Rasul,03-Aug-20,12236,5341
JHELUM,Khushab bridge,20-Aug-20,-,5492
CHENAB,Marala,03-Oct-20,18187,5000
CHENAB,Khanki,08-Oct-20,9485,1866
CHENAB,Qadirabad,23-Jun-20,26074,4074
CHENAB,Trimmu,05-Oct-20,19802,4202
CHENAB,Punjnad,30-Jun-20,19795,4095
RAVI,Jassar,02-Oct-20,-,3901
RAVI,Shahdara,02-Oct-20,-,1446
RAVI,Balloki,02-Oct-20,23000,NIL
RAVI,Sidhnai,02-Oct-20,16200,NIL
SUTLEJ,Sulemanki,31-Jul-20,14443,1281
SUTLEJ,Islam,10-Aug-20,2507,1277
INDUS,Kalabagh,10-Oct-20,96815,88915
INDUS,Chashma,27-Sept-20,103721,97821
INDUS,Taunsa,01-Oct-20,95625,77580
INDUS,Guddu,08-Oct-20,75392,62388
INDUS,Sukkar,27-Sept-20,64403,19253
INDUS,Kotri,22-Jun-20,38339,2634
JHELUM,Kotli,03-Oct-20,-,1225
JHELUM,Mangla,22-Aug-20,21000,7815
JHELUM,Rasul,03-Aug-20,12836,5341
JHELUM,Khushab bridge,25-Aug-20,-,5492
CHENAB,Marala,03-Oct-20,17251,5000
CHENAB,Khanki,09-Oct-20,9485,1866
CHENAB,Qadirabad,23-Jun-20,26074,4074
CHENAB,Trimmu,06-Oct-20,19802,4202
CHENAB,Punjnad,01-Jul-20,19795,4095
RAVI,Jassar,03-Oct-20,-,3901
RAVI,Shahdara,03-Oct-20,-,1642
RAVI,Balloki,03-Oct-20,23000,NIL
RAVI,Sidhnai,03-Oct-20,15900,NIL
SUTLEJ,Sulemanki,01-Aug-20,14443,1281
SUTLEJ,Islam,20-Aug-20,2107,1277
INDUS,Kalabagh,10-Oct-20,96815,88915
INDUS,Chashma,29-Sept-20,103591,97691
INDUS,Taunsa,02-Oct-20,95625,77580
INDUS,Guddu,08-Oct-20,75392,62388
INDUS,Sukkar,27-Sept-20,64403,19253
INDUS,Kotri,22-Jun-20,38339,2634
JHELUM,Kotli,03-Oct-20,-,1050
JHELUM,Mangla,25-Aug-20,25000,7815
JHELUM,Rasul,04-Aug-20,13261,5341
JHELUM,Khushab bridge,26-Aug-20,-,5492
CHENAB,Marala,04-Oct-20,17251,5000
CHENAB,Khanki,09-Oct-20,9485,1866
CHENAB,Qadirabad,23-Jun-20,26074,4074
CHENAB,Trimmu,06-Oct-20,19802,4202
CHENAB,Punjnad,10-Aug-20,19292,4092
RAVI,Jassar,03-Oct-20,-,3901
RAVI,Shahdara,03-Oct-20,-,1642
RAVI,Balloki,03-Oct-20,23000,NIL
RAVI,Sidhnai,03-Oct-20,15900,NIL
SUTLEJ,Sulemanki,01-Aug-20,14443,1281
SUTLEJ,Islam,20-Aug-20,2107,1277
INDUS,Kalabagh,10-Oct-20,96815,88915
INDUS,Chashma,26-Sept-20,102119,96219
INDUS,Taunsa,30-Sept-20,95525,77237
INDUS,Guddu,08-Oct-20,75392,62388
INDUS,Sukkar,28-Sept-20,64403,19253
INDUS,Kotri,01-Jul-20,43512,1997
JHELUM,Kotli,03-Oct-20,-,1050
JHELUM,Mangla,19-Aug-20,23000,7715
JHELUM,Rasul,05-Aug-20,13336,5341
JHELUM,Khushab bridge,26-Aug-20,-,5492
CHENAB,Marala,04-Oct-20,16850,5000
CHENAB,Khanki,09-Oct-20,9534,1866
CHENAB,Qadirabad,23-Jun-20,26074,4074
CHENAB,Trimmu,06-Oct-20,19802,4202
CHENAB,Punjnad,10-Aug-20,19292,4092
RAVI,Jassar,03-Oct-20,-,3395
RAVI,Shahdara,03-Oct-20,-,1642
RAVI,Balloki,03-Oct-20,23000,Nil
RAVI,Sidhnai,03-Oct-20,15900,NIL
SUTLEJ,Sulemanki,01-Aug-20,14443,1281
SUTLEJ,Islam,21-Aug-20,2107,1277
INDUS,Kalabagh,09-Oct-20,96594,88894
INDUS,Chashma,25-Sept-20,100604,94704
INDUS,Taunsa,30-Sept-20,95525,77237
INDUS,Guddu,08-Oct-20,75392,62388
INDUS,Sukkar,28-Sept-20,64403,19253
INDUS,Kotri,01-Jul-20,43512,1997
JHELUM,Kotli,03-Oct-20,-,1225
JHELUM,Mangla,08-Aug-20,34000,7615
JHELUM,Rasul,07-Aug-20,13336,5341
JHELUM,Khushab bridge,26-Aug-20,-,5492
CHENAB,Marala,04-Oct-20,17251,5000
CHENAB,Khanki,10-Oct-20,9485,1866
CHENAB,Qadirabad,24-Jun-20,26074,4074
CHENAB,Trimmu,07-Oct-20,19802,4202
CHENAB,Punjnad,10-Aug-20,19292,4092
RAVI,Jassar,03-Oct-20,-,3395
RAVI,Shahdara,03-Oct-20,-,1642
RAVI,Balloki,03-Oct-20,22000,Nil
RAVI,Sidhnai,03-Oct-20,15900,NIL
SUTLEJ,Sulemanki,01-Aug-20,14443,1281
SUTLEJ,Islam,13-Sept-20,3007,1277
INDUS,Kalabagh,30-Sept-20,95524,88024
INDUS,Chashma,08-Oct-20,98789,93489
INDUS,Taunsa,30-Sept-20,95525,77237
INDUS,Guddu,07-Oct-20,76061,62057
INDUS,Sukkar,28-Sept-20,64403,19253
INDUS,Kotri,01-Jul-20,43512,1997
JHELUM,Kotli,04-Oct-20,-,1225
JHELUM,Mangla,09-Aug-20,37000,7615
JHELUM,Rasul,07-Aug-20,13336,5341
JHELUM,Khushab bridge,04-Aug-20,-,5465
CHENAB,Marala,04-Oct-20,17251,5000
CHENAB,Khanki,10-Oct-20,9413,1866
CHENAB,Qadirabad,24-Jun-20,26074,4074
CHENAB,Trimmu,07-Oct-20,19802,4202
CHENAB,Punjnad,11-Aug-20,19292,4092
RAVI,Jassar,04-Oct-20,-,3395
RAVI,Shahdara,04-Oct-20,-,1446
RAVI,Balloki,04-Oct-20,20000,Nil
RAVI,Sidhnai,04-Oct-20,15900,NIL
SUTLEJ,Sulemanki,02-Aug-20,14443,1281
SUTLEJ,Islam,13-Sept-20,3007,1277
INDUS,Kalabagh,30-Sept-20,95724,88024
INDUS,Chashma,07-Oct-20,98459,93159
INDUS,Taunsa,01-Oct-20,95625,77237
INDUS,Guddu,07-Oct-20,76061,62057
INDUS,Sukkar,28-Sept-20,64403,19253
INDUS,Kotri,01-Jul-20,43512,1997
JHELUM,Kotli,04-Oct-20,-,1050
JHELUM,Mangla,09-Aug-20,34000,7615
JHELUM,Rasul,08-Aug-20,8131,5341
JHELUM,Khushab bridge,13-Jul-20,_,5183
CHENAB,Marala,05-Oct-20,17251,5000
CHENAB,Khanki,11-Oct-20,9413,1866
CHENAB,Qadirabad,15-Jul-20,26074,4074
CHENAB,Trimmu,07-Oct-20,19802,4202
CHENAB,Punjnad,26-Jun-20,19778,4028
RAVI,Jassar,04-Oct-20,-,3648
RAVI,Shahdara,04-Oct-20,-,1446
RAVI,Balloki,04-Oct-20,20000,Nil
RAVI,Sidhnai,04-Oct-20,15900,NIL
SUTLEJ,Sulemanki,02-Aug-20,14443,1281
SUTLEJ,Islam,14-Sept-20,3007,1277
INDUS,Kalabagh,22-Sept-20,94707,87207
INDUS,Chashma,10-Oct-20,99357,93143
INDUS,Taunsa,29-Sept-20,95893,77077
INDUS,Guddu,07-Oct-20,76061,62057
INDUS,Sukkar,29-Sept-20,64403,19253
INDUS,Kotri,02-Jul-20,43632,1997
JHELUM,Kotli,04-Oct-20,-,1050
JHELUM,Mangla,10-Aug-20,31000,7615
JHELUM,Rasul,09-Aug-20,8131,5341
JHELUM,Khushab bridge,03-Aug-20,_,5183
CHENAB,Marala,05-Oct-20,16850,5000
CHENAB,Khanki,11-Oct-20,9413,1866
CHENAB,Qadirabad,16-Jul-20,26074,4074
CHENAB,Trimmu,08-Oct-20,19802,4202
CHENAB,Punjnad,26-Jun-20,19778,4028
RAVI,Jassar,04-Oct-20,-,3648
RAVI,Shahdara,04-Oct-20,-,1446
RAVI,Balloki,04-Oct-20,20000,Nil
RAVI,Sidhnai,04-Oct-20,15450,NIL
SUTLEJ,Sulemanki,02-Aug-20,14770,1281
SUTLEJ,Islam,14-Sept-20,3007,1277
INDUS,Kalabagh,22-Sept-20,94672,87172
INDUS,Chashma,07-Oct-20,98420,93120
INDUS,Taunsa,28-Sept-20,95893,77026
INDUS,Guddu,07-Oct-20,76061,62057
INDUS,Sukkar,29-Sept-20,64403,19253
INDUS,Kotri,02-Jul-20,43632,1997
JHELUM,Kotli,04-Oct-20,-,1225
JHELUM,Mangla,16-Aug-20,21000,7615
JHELUM,Rasul,09-Aug-20,8131,5341
JHELUM,Khushab bridge,03-Aug-20,-,5183
CHENAB,Marala,05-Oct-20,19044,5000
CHENAB,Khanki,11-Oct-20,9413,1866
CHENAB,Qadirabad,18-Jul-20,26074,4074
CHENAB,Trimmu,08-Oct-20,19802,4202
CHENAB,Punjnad,26-Jun-20,19778,4028
RAVI,Jassar,04-Oct-20,-,3648
RAVI,Shahdara,04-Oct-20,-,1446
RAVI,Balloki,04-Oct-20,20000,Nil
RAVI,Sidhnai,04-Oct-20,15450,NIL
SUTLEJ,Sulemanki,02-Aug-20,14770,1281
SUTLEJ,Islam,30-Aug-20,3061,1231
INDUS,Kalabagh,07-Oct-20,94403,86703
INDUS,Chashma,07-Oct-20,98649,93049
INDUS,Taunsa,28-Sept-20,95893,77026
INDUS,Guddu,04-Oct-20,77012,62002
INDUS,Sukkar,29-Sept-20,64403,19253
INDUS,Kotri,02-Jul-20,43632,1997
JHELUM,Kotli,05-Oct-20,-,1225
JHELUM,Mangla,17-Aug-20,21000,7615
JHELUM,Rasul,10-Aug-20,8131,5341
JHELUM,Khushab bridge,12-Aug-20,-,5183
CHENAB,Marala,05-Oct-20,19445,5000
CHENAB,Khanki,12-Oct-20,9413,1866
CHENAB,Qadirabad,19-Jul-20,26074,4074
CHENAB,Trimmu,08-Oct-20,19802,4202
CHENAB,Punjnad,27-Jun-20,19778,4028
RAVI,Jassar,05-Oct-20,-,3648
RAVI,Shahdara,05-Oct-20,-,1250
RAVI,Balloki,05-Oct-20,20000,Nil
RAVI,Sidhnai,05-Oct-20,15450,NIL
SUTLEJ,Sulemanki,17-Sept-20,15086,1143
SUTLEJ,Islam,30-Aug-20,3061,1231
INDUS,Kalabagh,07-Oct-20,94403,86703
INDUS,Chashma,09-Oct-20,97420,93034
INDUS,Taunsa,29-Sept-20,95893,77026
INDUS,Guddu,04-Oct-20,77012,62002
INDUS,Sukkar,29-Sept-20,64403,19253
INDUS,Kotri,02-Jul-20,43632,1997
JHELUM,Kotli,05-Oct-20,-,1050
JHELUM,Mangla,05-Sept-20,-,5284
JHELUM,Rasul,11-Aug-20,8336,5341
JHELUM,Khushab bridge,13-Aug-20,-,5183
CHENAB,Marala,06-Oct-20,17251,5000
CHENAB,Khanki,13-Oct-20,9413,1866
CHENAB,Qadirabad,24-Jul-20,26074,4074
CHENAB,Trimmu,08-Oct-20,19802,4202
CHENAB,Punjnad,02-Oct-20,19351,3101
RAVI,Jassar,05-Oct-20,-,3395
RAVI,Shahdara,05-Oct-20,-,1250
RAVI,Balloki,05-Oct-20,20000,NIL
RAVI,Sidhnai,05-Oct-20,15450,NIL
SUTLEJ,Sulemanki,17-Sept-20,15086,1143
SUTLEJ,Islam,30-Aug-20,3061,1231
INDUS,Kalabagh,11-Oct-20,93601,86601
INDUS,Chashma,06-Oct-20,98326,93026
INDUS,Taunsa,08-Oct-20,94164,74542
INDUS,Guddu,04-Oct-20,77012,62002
INDUS,Sukkar,30-Sept-20,63600,18555
INDUS,Kotri,03-Jul-20,43632,1997
JHELUM,Kotli,05-Oct-20,-,1050
JHELUM,Mangla,18-Jun-20,,
JHELUM,Rasul,12-Aug-20,8131,5341
JHELUM,Khushab bridge,13-Aug-20,-,5183
CHENAB,Marala,06-Oct-20,16850,5000
CHENAB,Khanki,23-Sept-20,8831,955
CHENAB,Qadirabad,26-Jul-20,24674,4074
CHENAB,Trimmu,09-Oct-20,19802,4202
CHENAB,Punjnad,02-Oct-20,19351,3101
RAVI,Jassar,05-Oct-20,-,3395
RAVI,Shahdara,05-Oct-20,-,1143
RAVI,Balloki,05-Oct-20,20000,NIL
RAVI,Sidhnai,05-Oct-20,15450,NIL
SUTLEJ,Sulemanki,17-Sept-20,15137,1143
SUTLEJ,Islam,30-Aug-20,3061,1231
INDUS,Kalabagh,23-Sept-20,93717,86217
INDUS,Chashma,06-Oct-20,98317,93017
INDUS,Taunsa,08-Oct-20,94146,74542
INDUS,Guddu,04-Oct-20,77012,62002
INDUS,Sukkar,30-Sept-20,63600,18555
INDUS,Kotri,03-Jul-20,43632,1997
JHELUM,Kotli,05-Oct-20,-,1050
JHELUM,Mangla,03-Jul-20,,
JHELUM,Rasul,13-Aug-20,8336,5341
JHELUM,Khushab bridge,13-Aug-20,-,5183
CHENAB,Marala,06-Oct-20,16850,5000
CHENAB,Khanki,30-Sept-20,8783,955
CHENAB,Qadirabad,29-Jul-20,26074,4074
CHENAB,Trimmu,09-Oct-20,19802,4202
CHENAB,Punjnad,02-Oct-20,19351,3101
RAVI,Jassar,05-Oct-20,-,3648
RAVI,Shahdara,05-Oct-20,-,1250
RAVI,Balloki,05-Oct-20,20000,NIL
RAVI,Sidhnai,05-Oct-20,15450,NIL
SUTLEJ,Sulemanki,17-Sept-20,15137,1143
SUTLEJ,Islam,30-Aug-20,"3,061.00",1231
INDUS,Kalabagh,06-Oct-20,93749,86049
INDUS,Chashma,09-Oct-20,98300,93000
INDUS,Taunsa,09-Oct-20,91802,69663
INDUS,Guddu,05-Oct-20,77012,62002
INDUS,Sukkar,30-Sept-20,63600,18550
INDUS,Kotri,04-Jul-20,43632,1997
JHELUM,Kotli,06-Oct-20,-,1000
JHELUM,Mangla,03-Jul-20,,
JHELUM,Rasul,13-Aug-20,8356,5341
JHELUM,Khushab bridge,17-Aug-20,-,5183
CHENAB,Marala,06-Oct-20,16850,5000
CHENAB,Khanki,01-Oct-20,8684,955
CHENAB,Qadirabad,04-Aug-20,26074,4074
CHENAB,Trimmu,09-Oct-20,19802,4202
CHENAB,Punjnad,03-Oct-20,19351,3101
RAVI,Jassar,06-Oct-20,-,3648
RAVI,Shahdara,06-Oct-20,-,1250
RAVI,Balloki,06-Oct-20,20000,NIL
RAVI,Sidhnai,06-Oct-20,15450,NIL
SUTLEJ,Sulemanki,01-Oct-20,15035,1123
SUTLEJ,Islam,30-Aug-20,3061,1231
INDUS,Kalabagh,06-Oct-20,93749,86049
INDUS,Chashma,09-Oct-20,98275,92975
INDUS,Taunsa,09-Oct-20,91802,69663
INDUS,Guddu,09-Oct-20,74729,61725
INDUS,Sukkar,30-Sept-20,63600,18550
INDUS,Kotri,04-Jul-20,43632,1997
JHELUM,Kotli,06-Oct-20,-,970
JHELUM,Mangla,04-Jul-20,,
JHELUM,Rasul,14-Aug-20,8356,5341
JHELUM,Khushab bridge,07-Aug-20,-,4876
CHENAB,Marala,07-Oct-20,16850,5000
CHENAB,Khanki,02-Oct-20,8664,955
CHENAB,Qadirabad,08-Aug-20,26074,4074
CHENAB,Trimmu,09-Oct-20,19802,4202
CHENAB,Punjnad,06-Jul-20,19076,3076
RAVI,Jassar,06-Oct-20,-,3648
RAVI,Shahdara,06-Oct-20,-,1250
RAVI,Balloki,06-Oct-20,20000,NIL
RAVI,Sidhnai,06-Oct-20,15450,NIL
SUTLEJ,Sulemanki,01-Oct-20,15035,1123
SUTLEJ,Islam,30-Aug-20,3061,1231
INDUS,Kalabagh,06-Oct-20,93749,86049
INDUS,Chashma,08-Oct-20,98226,92926
INDUS,Taunsa,09-Oct-20,91802,69663
INDUS,Guddu,09-Oct-20,74729,61725
INDUS,Sukkar,01-Oct-20,62505,17825
INDUS,Kotri,04-Jul-20,43632,1997
JHELUM,Kotli,06-Oct-20,-,970
JHELUM,Mangla,27-Aug-20,,
JHELUM,Rasul,15-Aug-20,8131,5341
JHELUM,Khushab bridge,07-Aug-20,-,4874
CHENAB,Marala,07-Oct-20,16582,5000
CHENAB,Khanki,02-Oct-20,8733,955
CHENAB,Qadirabad,09-Sept-20,26063,4063
CHENAB,Trimmu,10-Oct-20,19802,4202
CHENAB,Punjnad,06-Jul-20,19076,3076
RAVI,Jassar,06-Oct-20,-,3648
RAVI,Shahdara,06-Oct-20,-,1250
RAVI,Balloki,06-Oct-20,20000,NIL
RAVI,Sidhnai,06-Oct-20,15450,NIL
SUTLEJ,Sulemanki,01-Oct-20,15035,1123
SUTLEJ,Islam,31-Aug-20,3061,1231
INDUS,Kalabagh,25-Sept-20,93476,85976
INDUS,Chashma,08-Oct-20,98146,92846
INDUS,Taunsa,10-Oct-20,91802,69663
INDUS,Guddu,09-Oct-20,74729,61725
INDUS,Sukkar,01-Oct-20,62505,17825
INDUS,Kotri,23-Jun-20,41145,1590
JHELUM,Kotli,06-Oct-20,-,1000
JHELUM,Mangla,27-Aug-20,,
JHELUM,Rasul,16-Aug-20,8131,5341
JHELUM,Khushab bridge,16-Aug-20,-,4874
CHENAB,Marala,07-Oct-20,16850,5000
CHENAB,Khanki,02-Oct-20,8696,955
CHENAB,Qadirabad,22-Jun-20,26074,4047
CHENAB,Trimmu,13-Jul-20,18560,3660
CHENAB,Punjnad,06-Jul-20,19076,3076
RAVI,Jassar,06-Oct-20,-,3648
RAVI,Shahdara,06-Oct-20,-,1250
RAVI,Balloki,06-Oct-20,20000,NIL
RAVI,Sidhnai,06-Oct-20,15450,NIL
SUTLEJ,Sulemanki,01-Oct-20,15035,1123
SUTLEJ,Islam,31-Aug-20,3061,1231
INDUS,Kalabagh,25-Sept-20,93476,85976
INDUS,Chashma,08-Oct-20,98142,92842
INDUS,Taunsa,10-Oct-20,91802,69663
INDUS,Guddu,09-Oct-20,74729,61725
INDUS,Sukkar,01-Oct-20,62505,17825
INDUS,Kotri,23-Jun-20,41145,1590
JHELUM,Kotli,07-Oct-20,-,1000
JHELUM,Mangla,27-Aug-20,,
JHELUM,Rasul,17-Aug-20,8336,5341
JHELUM,Khushab bridge,19-Aug-20,-,4874
CHENAB,Marala,07-Oct-20,16850,5000
CHENAB,Khanki,04-Oct-20,8721,955
CHENAB,Qadirabad,19-Jul-20,26074,4047
CHENAB,Trimmu,13-Jul-20,18560,3660
CHENAB,Punjnad,07-Jul-20,19076,3076
RAVI,Jassar,07-Oct-20,-,3648
RAVI,Shahdara,07-Oct-20,-,1143
RAVI,Balloki,07-Oct-20,20000,NIL
RAVI,Sidhnai,07-Oct-20,15450,NIL
SUTLEJ,Sulemanki,05-Jul-20,13525,1014
SUTLEJ,Islam,31-Aug-20,3061,1231
INDUS,Kalabagh,26-Sept-20,93476,85976
INDUS,Chashma,09-Oct-20,98112,92812
INDUS,Taunsa,10-Oct-20,91802,69663
INDUS,Guddu,10-Oct-20,74729,61725
INDUS,Sukkar,01-Oct-20,62505,17825
INDUS,Kotri,24-Jun-20,40845,1590
JHELUM,Kotli,07-Oct-20,-,970
JHELUM,Mangla,27-Aug-20,,
JHELUM,Rasul,18-Aug-20,8211,5341
JHELUM,Khushab bridge,20-Aug-20,-,4874
CHENAB,Marala,08-Oct-20,16983,5000
CHENAB,Khanki,04-Oct-20,8721,955
CHENAB,Qadirabad,15-Sept-20,25912,3912
CHENAB,Trimmu,10-Oct-20,19061,3461
CHENAB,Punjnad,07-Jul-20,19076,3076
RAVI,Jassar,07-Oct-20,-,3141
RAVI,Shahdara,07-Oct-20,-,1143
RAVI,Balloki,07-Oct-20,20200,NIL
RAVI,Sidhnai,07-Oct-20,15000,NIL
SUTLEJ,Sulemanki,05-Jul-20,13525,1014
SUTLEJ,Islam,31-Aug-20,3161,1231
INDUS,Kalabagh,20-Sept-20,92634,85134
INDUS,Chashma,07-Oct-20,96768,92588
INDUS,Taunsa,10-Oct-20,91802,69663
INDUS,Guddu,10-Oct-20,74729,61725
INDUS,Sukkar,02-Oct-20,61265,17185
INDUS,Kotri,24-Jun-20,40845,1590
JHELUM,Kotli,07-Oct-20,-,970
JHELUM,Mangla,27-Aug-20,,
JHELUM,Rasul,19-Aug-20,7889,5341
JHELUM,Khushab bridge,12-Jul-20,_,4565
CHENAB,Marala,08-Oct-20,16882,5000
CHENAB,Khanki,04-Oct-20,8684,955
CHENAB,Qadirabad,18-Jun-20,19749,2749
CHENAB,Trimmu,11-Oct-20,19061,3461
CHENAB,Punjnad,22-Aug-20,18908,3058
RAVI,Jassar,07-Oct-20,-,3648
RAVI,Shahdara,07-Oct-20,-,1143
RAVI,Balloki,07-Oct-20,21400,NIL
RAVI,Sidhnai,07-Oct-20,15000,NIL
SUTLEJ,Sulemanki,06-Jul-20,13372,1014
SUTLEJ,Islam,05-Jul-20,2229,799
INDUS,Kalabagh,08-Oct-20,92794,85094
INDUS,Chashma,25-Sept-20,100382,92282
INDUS,Taunsa,11-Oct-20,91802,69663
INDUS,Guddu,10-Oct-20,74729,61725
INDUS,Sukkar,02-Oct-20,61265,17185
INDUS,Kotri,24-Jun-20,40845,1590
JHELUM,Kotli,07-Oct-20,-,1000
JHELUM,Mangla,27-Aug-20,,
JHELUM,Rasul,19-Aug-20,7489,5341
JHELUM,Khushab bridge,12-Jul-20,_,4565
CHENAB,Marala,08-Oct-20,15983,4000
CHENAB,Khanki,07-Oct-20,8574,955
CHENAB,Qadirabad,28-Jun-20,24749,2749
CHENAB,Trimmu,11-Oct-20,19061,3461
CHENAB,Punjnad,22-Aug-20,18908,3058
RAVI,Jassar,07-Oct-20,-,3648
RAVI,Shahdara,07-Oct-20,-,1143
RAVI,Balloki,07-Oct-20,21600,NIL
RAVI,Sidhnai,07-Oct-20,15000,NIL
SUTLEJ,Sulemanki,06-Jul-20,13372,1014
SUTLEJ,Islam,05-Jul-20,2229,799
INDUS,Kalabagh,08-Oct-20,92794,85094
INDUS,Chashma,05-Oct-20,89438,84138
INDUS,Taunsa,11-Oct-20,91802,69663
INDUS,Guddu,10-Oct-20,74729,61725
INDUS,Sukkar,02-Oct-20,61265,17185
INDUS,Kotri,24-Jun-20,40845,1590
JHELUM,Kotli,08-Oct-20,-,1000
JHELUM,Mangla,27-Aug-20,,
JHELUM,Rasul,19-Aug-20,7081,5341
JHELUM,Khushab bridge,04-Aug-20,_,4565
CHENAB,Marala,08-Oct-20,15983,4000
CHENAB,Khanki,07-Oct-20,8574,955
CHENAB,Qadirabad,14-Jul-20,24749,2749
CHENAB,Trimmu,11-Oct-20,19061,3461
CHENAB,Punjnad,22-Aug-20,18908,3058
RAVI,Jassar,08-Oct-20,-,3648
RAVI,Shahdara,08-Oct-20,-,1250
RAVI,Balloki,08-Oct-20,21000,NIL
RAVI,Sidhnai,08-Oct-20,15000,NIL
SUTLEJ,Sulemanki,10-Aug-20,15011,962
SUTLEJ,Islam,09-Jul-20,2329,799
INDUS,Kalabagh,08-Oct-20,92794,85094
INDUS,Chashma,06-Oct-20,89436,84136
INDUS,Taunsa,11-Oct-20,91802,69663
INDUS,Guddu,11-Oct-20,69506,58496
INDUS,Sukkar,02-Oct-20,61265,17185
INDUS,Kotri,25-Jun-20,41215,1590
JHELUM,Kotli,08-Oct-20,-,970
JHELUM,Mangla,29-Aug-20,,
JHELUM,Rasul,23-Aug-20,6281,5341
JHELUM,Khushab bridge,14-Aug-20,-,4565
CHENAB,Marala,09-Oct-20,15983,4000
CHENAB,Khanki,07-Oct-20,8574,955
CHENAB,Qadirabad,16-Jul-20,24749,2749
CHENAB,Trimmu,11-Oct-20,19061,3461
CHENAB,Punjnad,23-Aug-20,18908,3058
RAVI,Jassar,08-Oct-20,-,3395
RAVI,Shahdara,08-Oct-20,-,1250
RAVI,Balloki,08-Oct-20,21000,NIL
RAVI,Sidhnai,08-Oct-20,15000,NIL
SUTLEJ,Sulemanki,10-Aug-20,15011,962
SUTLEJ,Islam,09-Jul-20,2329,799
INDUS,Kalabagh,09-Oct-20,92794,85094
INDUS,Chashma,06-Oct-20,89436,84136
INDUS,Taunsa,11-Oct-20,91802,69663
INDUS,Guddu,11-Oct-20,69506,58496
INDUS,Sukkar,03-Oct-20,59775,16715
INDUS,Kotri,25-Jun-20,41215,1590
JHELUM,Kotli,08-Oct-20,-,970
JHELUM,Mangla,29-Aug-20,,
JHELUM,Rasul,23-Aug-20,6281,5341
JHELUM,Khushab bridge,14-Aug-20,-,4565
CHENAB,Marala,09-Oct-20,15850,4000
CHENAB,Khanki,08-Oct-20,8574,955
CHENAB,Qadirabad,16-Jul-20,24749,2749
CHENAB,Trimmu,12-Oct-20,19061,3461
CHENAB,Punjnad,23-Aug-20,19008,3058
RAVI,Jassar,08-Oct-20,-,3141
RAVI,Shahdara,08-Oct-20,-,1250
RAVI,Balloki,08-Oct-20,20600,NIL
RAVI,Sidhnai,08-Oct-20,15000,NIL
SUTLEJ,Sulemanki,10-Aug-20,15011,962
SUTLEJ,Islam,10-Jul-20,2329,799
INDUS,Kalabagh,12-Oct-20,91694,84694
INDUS,Chashma,05-Oct-20,90371,83951
INDUS,Taunsa,12-Oct-20,91595,69505
INDUS,Guddu,11-Oct-20,69506,58496
INDUS,Sukkar,03-Oct-20,59775,16715
INDUS,Kotri,25-Jun-20,41215,1590
JHELUM,Kotli,08-Oct-20,-,950
JHELUM,Mangla,29-Aug-20,,
JHELUM,Rasul,23-Aug-20,6281,5341
JHELUM,Khushab bridge,14-Aug-20,_,4565
CHENAB,Marala,09-Oct-20,15850,4000
CHENAB,Khanki,10-Oct-20,8623,955
CHENAB,Qadirabad,18-Jul-20,24749,2749
CHENAB,Trimmu,12-Oct-20,19061,3461
CHENAB,Punjnad,23-Aug-20,19008,3058
RAVI,Jassar,08-Oct-20,-,3141
RAVI,Shahdara,08-Oct-20,-,1250
RAVI,Balloki,08-Oct-20,20000,NIL
RAVI,Sidhnai,08-Oct-20,15000,NIL
SUTLEJ,Sulemanki,10-Aug-20,15011,962
SUTLEJ,Islam,10-Jul-20,2329,799
INDUS,Kalabagh,26-Sept-20,102844,84488
INDUS,Chashma,10-Oct-20,80384,75084
INDUS,Taunsa,12-Oct-20,91595,69505
INDUS,Guddu,11-Oct-20,69506,58496
INDUS,Sukkar,03-Oct-20,59775,16715
INDUS,Kotri,05-Jul-20,41215,1590
JHELUM,Kotli,09-Oct-20,-,950
JHELUM,Mangla,29-Aug-20,,
JHELUM,Rasul,24-Aug-20,6281,5341
JHELUM,Khushab bridge,15-Aug-20,_,4565
CHENAB,Marala,09-Oct-20,15850,4000
CHENAB,Khanki,10-Oct-20,8526,955
CHENAB,Qadirabad,18-Jul-20,24749,2749
CHENAB,Trimmu,12-Oct-20,19061,3461
CHENAB,Punjnad,23-Aug-20,19008,3058
RAVI,Jassar,09-Oct-20,-,3141
RAVI,Shahdara,09-Oct-20,-,1250
RAVI,Balloki,09-Oct-20,20000,NIL
RAVI,Sidhnai,09-Oct-20,15000,NIL
SUTLEJ,Sulemanki,11-Aug-20,15011,962
SUTLEJ,Islam,10-Jul-20,2329,799
INDUS,Kalabagh,28-Sept-20,91567,84067
INDUS,Chashma,13-Oct-20,78625,74239
INDUS,Taunsa,08-Oct-20,90700,68823
INDUS,Guddu,06-Oct-20,72810,57807
INDUS,Sukkar,03-Oct-20,59775,16715
INDUS,Kotri,26-Jun-20,39095,1570
JHELUM,Kotli,09-Oct-20,-,970
JHELUM,Mangla,29-Aug-20,,
JHELUM,Rasul,24-Aug-20,6281,5341
JHELUM,Khushab bridge,17-Aug-20,-,4565
CHENAB,Marala,10-Oct-20,15850,4000
CHENAB,Khanki,12-Oct-20,8802,955
CHENAB,Qadirabad,19-Jul-20,84749,2749
CHENAB,Trimmu,12-Oct-20,19061,3461
CHENAB,Punjnad,24-Aug-20,19008,3058
RAVI,Jassar,09-Oct-20,-,3395
RAVI,Shahdara,09-Oct-20,-,1250
RAVI,Balloki,09-Oct-20,20000,NIL
RAVI,Sidhnai,09-Oct-20,15000,NIL
SUTLEJ,Sulemanki,14-Aug-20,15160,962
SUTLEJ,Islam,10-Jul-20,2329,799
INDUS,Kalabagh,21-Sept-20,89933,82433
INDUS,Chashma,12-Oct-20,79435,74135
INDUS,Taunsa,08-Oct-20,90700,68823
INDUS,Guddu,06-Oct-20,72810,57807
INDUS,Sukkar,04-Oct-20,59125,16715
INDUS,Kotri,26-Jun-20,39095,1570
JHELUM,Kotli,09-Oct-20,-,970
JHELUM,Mangla,29-Aug-20,,
JHELUM,Rasul,24-Aug-20,6281,5341
JHELUM,Khushab bridge,19-Aug-20,-,4565
CHENAB,Marala,10-Oct-20,15716,4000
CHENAB,Khanki,13-Oct-20,8502,955
CHENAB,Qadirabad,09-Sept-20,24749,2749
CHENAB,Trimmu,04-Oct-20,19047,3447
CHENAB,Punjnad,05-Aug-20,17891,2066
RAVI,Jassar,09-Oct-20,-,3648
RAVI,Shahdara,09-Oct-20,-,1143
RAVI,Balloki,09-Oct-20,20000,NIL
RAVI,Sidhnai,09-Oct-20,15000,NIL
SUTLEJ,Sulemanki,14-Aug-20,15160,962
SUTLEJ,Islam,11-Jul-20,2329,799
INDUS,Kalabagh,21-Sept-20,89933,82433
INDUS,Chashma,12-Oct-20,79287,73987
INDUS,Taunsa,09-Oct-20,90700,68823
INDUS,Guddu,06-Oct-20,72810,57807
INDUS,Sukkar,04-Oct-20,59125,16715
INDUS,Kotri,26-Jun-20,39095,1570
JHELUM,Kotli,09-Oct-20,-,950
JHELUM,Mangla,29-Aug-20,,
JHELUM,Rasul,25-Aug-20,5341,5341
JHELUM,Khushab bridge,19-Aug-20,-,4565
CHENAB,Marala,10-Oct-20,15716,4000
CHENAB,Khanki,14-Oct-20,8502,955
CHENAB,Qadirabad,14-Sept-20,24263,2263
CHENAB,Trimmu,05-Oct-20,19047,3447
CHENAB,Punjnad,13-Jul-20,18051,2051
RAVI,Jassar,09-Oct-20,-,3648
RAVI,Shahdara,09-Oct-20,-,1143
RAVI,Balloki,09-Oct-20,20000,NIL
RAVI,Sidhnai,09-Oct-20,15000,NIL
SUTLEJ,Sulemanki,14-Aug-20,1516,962
SUTLEJ,Islam,11-Jul-20,2329,799
INDUS,Kalabagh,21-Sept-20,88815,81315
INDUS,Chashma,12-Oct-20,79250,73950
INDUS,Taunsa,12-Oct-20,84207,63868
INDUS,Guddu,06-Oct-20,72810,57807
INDUS,Sukkar,04-Oct-20,59125,16715
INDUS,Kotri,26-Jun-20,39095,1570
JHELUM,Kotli,10-Oct-20,-,950
JHELUM,Mangla,29-Aug-20,,
JHELUM,Rasul,25-Aug-20,5341,5341
JHELUM,Khushab bridge,26-Aug-20,-,4565
CHENAB,Marala,10-Oct-20,15716,4000
CHENAB,Khanki,14-Oct-20,8429,955
CHENAB,Qadirabad,14-Sept-20,24263,2263
CHENAB,Trimmu,18-Jul-20,18128,2928
CHENAB,Punjnad,13-Jul-20,18051,2051
RAVI,Jassar,10-Oct-20,-,3648
RAVI,Shahdara,10-Oct-20,-,1250
RAVI,Balloki,10-Oct-20,20000,NIL
RAVI,Sidhnai,10-Oct-20,15000,NIL
SUTLEJ,Sulemanki,14-Aug-20,15160,962
SUTLEJ,Islam,11-Jul-20,2329,799
INDUS,Kalabagh,11-Oct-20,87323,80323
INDUS,Chashma,10-Oct-20,78218,73937
INDUS,Taunsa,12-Oct-20,84207,63868
INDUS,Guddu,05-Oct-20,73161,57656
INDUS,Sukkar,04-Oct-20,59125,16715
INDUS,Kotri,27-Jun-20,39095,1570
JHELUM,Kotli,10-Oct-20,-,970
JHELUM,Mangla,29-Aug-20,,
JHELUM,Rasul,25-Aug-20,5341,5341
JHELUM,Khushab bridge,08-Aug-20,_,4260
CHENAB,Marala,11-Oct-20,15716,4000
CHENAB,Khanki,14-Oct-20,8429,955
CHENAB,Qadirabad,14-Sept-20,24263,2263
CHENAB,Trimmu,18-Jul-20,18128,2928
CHENAB,Punjnad,13-Jul-20,18051,2051
RAVI,Jassar,10-Oct-20,-,3395
RAVI,Shahdara,10-Oct-20,-,1250
RAVI,Balloki,10-Oct-20,20000,NIL
RAVI,Sidhnai,10-Oct-20,15000,NIL
SUTLEJ,Sulemanki,15-Aug-20,15160,962
SUTLEJ,Islam,11-Jul-20,2329,799
INDUS,Kalabagh,20-Sept-20,83940,76440
INDUS,Chashma,11-Oct-20,79235,73935
INDUS,Taunsa,13-Oct-20,77777,62672
INDUS,Guddu,05-Oct-20,73161,57656
INDUS,Sukkar,05-Oct-20,59125,16715
INDUS,Kotri,27-Jun-20,39095,1570
JHELUM,Kotli,10-Oct-20,-,970
JHELUM,Mangla,29-Aug-20,,
JHELUM,Rasul,25-Aug-20,5341,5341
JHELUM,Khushab bridge,12-Jul-20,_,4256
CHENAB,Marala,11-Oct-20,15716,4000
CHENAB,Khanki,15-Jun-20,,
CHENAB,Qadirabad,14-Sept-20,24263,2263
CHENAB,Trimmu,19-Jul-20,18128,2928
CHENAB,Punjnad,14-Jul-20,18051,2051
RAVI,Jassar,10-Oct-20,-,3395
RAVI,Shahdara,10-Oct-20,-,1143
RAVI,Balloki,10-Oct-20,20000,Nil
RAVI,Sidhnai,10-Oct-20,15000,NIL
SUTLEJ,Sulemanki,15-Aug-20,15160,962
SUTLEJ,Islam,30-Jul-20,3099,799
INDUS,Kalabagh,12-Oct-20,83252,76252
INDUS,Chashma,11-Oct-20,79204,73904
INDUS,Taunsa,13-Oct-20,77777,62672
INDUS,Guddu,05-Oct-20,73161,57656
INDUS,Sukkar,05-Oct-20,57730,16335
INDUS,Kotri,27-Jun-20,39095,1570
JHELUM,Kotli,10-Oct-20,-,970
JHELUM,Mangla,29-Aug-20,,
JHELUM,Rasul,26-Aug-20,5341,5341
JHELUM,Khushab bridge,12-Jul-20,_,4256
CHENAB,Marala,11-Oct-20,15716,4000
CHENAB,Khanki,15-Jun-20,,
CHENAB,Qadirabad,15-Sept-20,24263,2263
CHENAB,Trimmu,19-Jul-20,18128,2928
CHENAB,Punjnad,27-Jun-20,17784,2034
RAVI,Jassar,10-Oct-20,-,3141
RAVI,Shahdara,10-Oct-20,-,1143
RAVI,Balloki,10-Oct-20,20000,Nil
RAVI,Sidhnai,10-Oct-20,15000,NIL
SUTLEJ,Sulemanki,15-Aug-20,15191,962
SUTLEJ,Islam,30-Jul-20,3099,799
INDUS,Kalabagh,14-Oct-20,87568,74568
INDUS,Chashma,10-Oct-20,79122,73822
INDUS,Taunsa,13-Oct-20,77777,62672
INDUS,Guddu,12-Oct-20,68617,57607
INDUS,Sukkar,05-Oct-20,57730,16335
INDUS,Kotri,27-Jun-20,39095,1570
JHELUM,Kotli,11-Oct-20,-,950
JHELUM,Mangla,29-Aug-20,,
JHELUM,Rasul,26-Aug-20,5741,5341
JHELUM,Khushab bridge,03-Aug-20,_,4256
CHENAB,Marala,11-Oct-20,15716,4000
CHENAB,Khanki,03-Jul-20,,
CHENAB,Qadirabad,16-Sept-20,24263,2263
CHENAB,Trimmu,19-Jul-20,18028,2928
CHENAB,Punjnad,27-Jun-20,17784,2034
RAVI,Jassar,11-Oct-20,-,3141
RAVI,Shahdara,11-Oct-20,-,1035
RAVI,Balloki,11-Oct-20,20000,Nil
RAVI,Sidhnai,11-Oct-20,15000,NIL
SUTLEJ,Sulemanki,15-Aug-20,15191,962
SUTLEJ,Islam,03-Aug-20,3099,799
INDUS,Kalabagh,13-Oct-20,80975,73975
INDUS,Chashma,11-Oct-20,77984,73598
INDUS,Taunsa,13-Oct-20,77777,62672
INDUS,Guddu,12-Oct-20,68617,57607
INDUS,Sukkar,05-Oct-20,57730,16335
INDUS,Kotri,28-Jun-20,39095,1570
JHELUM,Kotli,11-Oct-20,-,950
JHELUM,Mangla,30-Aug-20,,
JHELUM,Rasul,11-Oct-20,27471,5341
JHELUM,Khushab bridge,04-Aug-20,_,4256
CHENAB,Marala,12-Oct-20,15716,4000
CHENAB,Khanki,03-Jul-20,,
CHENAB,Qadirabad,16-Sept-20,24263,2263
CHENAB,Trimmu,20-Jul-20,18028,2928
CHENAB,Punjnad,27-Jun-20,17784,2034
RAVI,Jassar,11-Oct-20,-,3648
RAVI,Shahdara,11-Oct-20,-,1035
RAVI,Balloki,11-Oct-20,20000,NIL
RAVI,Sidhnai,11-Oct-20,14614,NIL
SUTLEJ,Sulemanki,08-Oct-20,11593,425
SUTLEJ,Islam,05-Aug-20,2229,799
INDUS,Kalabagh,10-Oct-20,81287,73387
INDUS,Chashma,12-Oct-20,79589,73289
INDUS,Taunsa,14-Oct-20,77777,62672
INDUS,Guddu,12-Oct-20,68617,57607
INDUS,Sukkar,08-Oct-20,55206,15561
INDUS,Kotri,30-Jun-20,42315,1570
JHELUM,Kotli,11-Oct-20,-,970
JHELUM,Mangla,30-Aug-20,,
JHELUM,Rasul,12-Oct-20,27471,5341
JHELUM,Khushab bridge,04-Aug-20,-,4256
CHENAB,Marala,12-Oct-20,15448,4000
CHENAB,Khanki,04-Jul-20,,
CHENAB,Qadirabad,24-Sept-20,24263,2263
CHENAB,Trimmu,20-Jul-20,18028,2928
CHENAB,Punjnad,28-Jun-20,17784,2034
RAVI,Jassar,11-Oct-20,-,3648
RAVI,Shahdara,11-Oct-20,-,1035
RAVI,Balloki,11-Oct-20,20000,Nil
RAVI,Sidhnai,11-Oct-20,14614,NIL
SUTLEJ,Sulemanki,08-Oct-20,11593,425
SUTLEJ,Islam,05-Aug-20,2229,799
INDUS,Kalabagh,09-Oct-20,80832,72932
INDUS,Chashma,14-Oct-20,67650,62350
INDUS,Taunsa,14-Oct-20,77777,62672
INDUS,Guddu,12-Oct-20,68617,57607
INDUS,Sukkar,08-Oct-20,55206,15561
INDUS,Kotri,30-Jun-20,42315,1570
JHELUM,Kotli,11-Oct-20,-,970
JHELUM,Mangla,30-Aug-20,,
JHELUM,Rasul,12-Oct-20,27471,5341
JHELUM,Khushab bridge,07-Aug-20,-,4256
CHENAB,Marala,12-Oct-20,15716,4000
CHENAB,Khanki,27-Aug-20,,
CHENAB,Qadirabad,24-Sept-20,24263,2263
CHENAB,Trimmu,20-Jul-20,18028,2928
CHENAB,Punjnad,28-Jun-20,17784,2034
RAVI,Jassar,11-Oct-20,-,3395
RAVI,Shahdara,11-Oct-20,-,1035
RAVI,Balloki,11-Oct-20,20000,Nil
RAVI,Sidhnai,11-Oct-20,14614,NIL
SUTLEJ,Sulemanki,09-Oct-20,11593,425
SUTLEJ,Islam,05-Aug-20,2129,799
INDUS,Kalabagh,14-Oct-20,78923,71923
INDUS,Chashma,15-Oct-20,67667,62167
INDUS,Taunsa,14-Oct-20,77777,62672
INDUS,Guddu,13-Oct-20,68617,57607
INDUS,Sukkar,08-Oct-20,55206,15561
INDUS,Kotri,30-Jun-20,42315,1570
JHELUM,Kotli,12-Oct-20,-,950
JHELUM,Mangla,30-Aug-20,,
JHELUM,Rasul,13-Oct-20,27546,5341
JHELUM,Khushab bridge,09-Aug-20,-,4256
CHENAB,Marala,12-Oct-20,15716,4000
CHENAB,Khanki,27-Aug-20,,
CHENAB,Qadirabad,11-Sept-20,23212,1212
CHENAB,Trimmu,19-Jun-20,39370,2457
CHENAB,Punjnad,28-Jun-20,16820,1220
RAVI,Jassar,12-Oct-20,-,3395
RAVI,Shahdara,12-Oct-20,-,1035
RAVI,Balloki,12-Oct-20,20000,Nil
RAVI,Sidhnai,12-Oct-20,14800,NIL
SUTLEJ,Sulemanki,09-Oct-20,11593,425
SUTLEJ,Islam,06-Aug-20,2129,799
INDUS,Kalabagh,15-Oct-20,76090,69090
INDUS,Chashma,13-Oct-20,66770,60658
INDUS,Taunsa,14-Oct-20,77777,62672
INDUS,Guddu,13-Oct-20,68617,57607
INDUS,Sukkar,08-Oct-20,55206,15561
INDUS,Kotri,30-Jun-20,42315,1570
JHELUM,Kotli,12-Oct-20,-,950
JHELUM,Mangla,30-Aug-20,,
JHELUM,Rasul,13-Oct-20,27546,5341
JHELUM,Khushab bridge,14-Aug-20,_,4256
CHENAB,Marala,13-Oct-20,15716,4000
CHENAB,Khanki,27-Aug-20,,
CHENAB,Qadirabad,12-Sept-20,23212,1212
CHENAB,Trimmu,10-Oct-20,17717,2117
CHENAB,Punjnad,28-Jun-20,16820,1220
RAVI,Jassar,12-Oct-20,-,3648
RAVI,Shahdara,12-Oct-20,-,1035
RAVI,Balloki,12-Oct-20,20000,NIL
RAVI,Sidhnai,12-Oct-20,14614,-
SUTLEJ,Sulemanki,09-Oct-20,11593,425
SUTLEJ,Islam,06-Aug-20,2129,799
INDUS,Kalabagh,11-Oct-20,73704,66704
INDUS,Chashma,14-Oct-20,64701,60163
INDUS,Taunsa,15-Oct-20,73511,59212
INDUS,Guddu,13-Oct-20,68617,57607
INDUS,Sukkar,06-Oct-20,55850,15005
INDUS,Kotri,28-Jun-20,39087,1562
JHELUM,Kotli,12-Oct-20,-,970
JHELUM,Mangla,30-Aug-20,,
JHELUM,Rasul,14-Oct-20,27546,5341
JHELUM,Khushab bridge,15-Aug-20,_,4256
CHENAB,Marala,13-Oct-20,15716,4000
CHENAB,Khanki,27-Aug-20,,
CHENAB,Qadirabad,17-Sept-20,23212,1212
CHENAB,Trimmu,10-Oct-20,17717,2117
CHENAB,Punjnad,29-Jun-20,16820,1220
RAVI,Jassar,12-Oct-20,-,2888
RAVI,Shahdara,12-Oct-20,-,1156
RAVI,Balloki,12-Oct-20,20000,NIL
RAVI,Sidhnai,12-Oct-20,14614,NIL
SUTLEJ,Sulemanki,09-Oct-20,11593,425
SUTLEJ,Islam,06-Aug-20,2129,799
INDUS,Kalabagh,13-Oct-20,68580,61580
INDUS,Chashma,14-Oct-20,65593,60093
INDUS,Taunsa,15-Oct-20,73511,59212
INDUS,Guddu,13-Oct-20,68617,57607
INDUS,Sukkar,06-Oct-20,55850,15005
INDUS,Kotri,28-Jun-20,39087,1562
JHELUM,Kotli,12-Oct-20,-,970
JHELUM,Mangla,30-Aug-20,,
JHELUM,Rasul,14-Oct-20,27546,5341
JHELUM,Khushab bridge,16-Aug-20,_,4256
CHENAB,Marala,13-Oct-20,15716,4000
CHENAB,Khanki,27-Aug-20,,
CHENAB,Qadirabad,17-Sept-20,23212,1212
CHENAB,Trimmu,13-Oct-20,17709,2109
CHENAB,Punjnad,29-Jun-20,16820,1220
RAVI,Jassar,12-Oct-20,-,2888
RAVI,Shahdara,12-Oct-20,-,1035
RAVI,Balloki,12-Oct-20,20000,NIL
RAVI,Sidhnai,12-Oct-20,14800,NIL
SUTLEJ,Sulemanki,10-Oct-20,11593,425
SUTLEJ,Islam,06-Aug-20,2129,799
INDUS,Kalabagh,14-Oct-20,68415,61415
INDUS,Chashma,13-Oct-20,65322,60022
INDUS,Taunsa,16-Jun-20,166711,14911
INDUS,Guddu,14-Oct-20,68617,57607
INDUS,Sukkar,06-Oct-20,55850,15005
INDUS,Kotri,28-Jun-20,39087,1562
JHELUM,Kotli,13-Oct-20,-,970
JHELUM,Mangla,30-Aug-20,,
JHELUM,Rasul,15-Oct-20,27546,5341
JHELUM,Khushab bridge,17-Aug-20,-,4256
CHENAB,Marala,13-Oct-20,15716,4000
CHENAB,Khanki,27-Aug-20,,
CHENAB,Qadirabad,17-Sept-20,23212,1212
CHENAB,Trimmu,13-Oct-20,17709,2109
CHENAB,Punjnad,22-Jul-20,16178,828
RAVI,Jassar,13-Oct-20,-,2888
RAVI,Shahdara,13-Oct-20,-,928
RAVI,Balloki,13-Oct-20,19000,NIL
RAVI,Sidhnai,13-Oct-20,14800,NIL
SUTLEJ,Sulemanki,10-Oct-20,11593,425
SUTLEJ,Islam,07-Aug-20,2129,799
INDUS,Kalabagh,14-Oct-20,68415,61415
INDUS,Chashma,13-Oct-20,65181,59881
INDUS,Taunsa,03-Jul-20,,
INDUS,Guddu,14-Oct-20,68617,57607
INDUS,Sukkar,06-Oct-20,55850,15005
INDUS,Kotri,29-Jun-20,39797,1562
JHELUM,Kotli,13-Oct-20,-,950
JHELUM,Mangla,30-Aug-20,,
JHELUM,Rasul,15-Oct-20,27546,5341
JHELUM,Khushab bridge,18-Aug-20,-,4256
CHENAB,Marala,14-Oct-20,15716,4000
CHENAB,Khanki,27-Aug-20,,
CHENAB,Qadirabad,18-Sept-20,23212,1212
CHENAB,Trimmu,13-Oct-20,17709,2109
CHENAB,Punjnad,01-Aug-20,16653,828
RAVI,Jassar,13-Oct-20,-,3395
RAVI,Shahdara,13-Oct-20,-,928
RAVI,Balloki,13-Oct-20,19000,NIL
RAVI,Sidhnai,13-Oct-20,14800,NIL
SUTLEJ,Sulemanki,29-Jul-20,13707,397
SUTLEJ,Islam,10-Aug-20,2029,799
INDUS,Kalabagh,15-Oct-20,68415,61415
INDUS,Chashma,14-Oct-20,65345,59845
INDUS,Taunsa,03-Jul-20,,
INDUS,Guddu,14-Oct-20,68617,57607
INDUS,Sukkar,07-Oct-20,55850,15005
INDUS,Kotri,29-Jun-20,39797,1562
JHELUM,Kotli,13-Oct-20,-,970
JHELUM,Mangla,30-Aug-20,,
JHELUM,Rasul,05-Oct-20,27276,5251
JHELUM,Khushab bridge,18-Aug-20,-,4256
CHENAB,Marala,14-Oct-20,15448,4000
CHENAB,Khanki,27-Aug-20,,
CHENAB,Qadirabad,18-Sept-20,23212,1212
CHENAB,Trimmu,13-Oct-20,17709,2109
CHENAB,Punjnad,01-Aug-20,16653,828
RAVI,Jassar,13-Oct-20,-,3395
RAVI,Shahdara,13-Oct-20,-,928
RAVI,Balloki,13-Oct-20,19000,NIL
RAVI,Sidhnai,13-Oct-20,14800,NIL
SUTLEJ,Sulemanki,30-Jul-20,13745,397
SUTLEJ,Islam,10-Aug-20,2029,799
INDUS,Kalabagh,12-Oct-20,67137,60137
INDUS,Chashma,15-Oct-20,55069,49569
INDUS,Taunsa,04-Jul-20,,
INDUS,Guddu,14-Oct-20,68617,57607
INDUS,Sukkar,07-Oct-20,55850,15005
INDUS,Kotri,29-Jun-20,39797,1562
JHELUM,Kotli,13-Oct-20,-,970
JHELUM,Mangla,30-Aug-20,,
JHELUM,Rasul,22-Jun-20,43473,3525
JHELUM,Khushab bridge,18-Aug-20,-,3947
CHENAB,Marala,14-Oct-20,15315,4000
CHENAB,Khanki,28-Aug-20,,
CHENAB,Qadirabad,24-Sept-20,23212,1212
CHENAB,Trimmu,14-Oct-20,17709,2109
CHENAB,Punjnad,01-Aug-20,16653,828
RAVI,Jassar,13-Oct-20,-,3141
RAVI,Shahdara,13-Oct-20,-,928
RAVI,Balloki,13-Oct-20,19000,NIL
RAVI,Sidhnai,13-Oct-20,14800,NIL
SUTLEJ,Sulemanki,30-Jul-20,13745,397
SUTLEJ,Islam,11-Aug-20,2029,799
INDUS,Kalabagh,13-Oct-20,63368,56368
INDUS,Chashma,22-Jun-20,,
INDUS,Taunsa,03-Sept-20,,
INDUS,Guddu,15-Oct-20,68209,57199
INDUS,Sukkar,07-Oct-20,55850,15005
INDUS,Kotri,29-Jun-20,39797,1562
JHELUM,Kotli,14-Oct-20,-,950
JHELUM,Mangla,30-Aug-20,,
JHELUM,Rasul,03-Jul-20,,
JHELUM,Khushab bridge,19-Aug-20,-,3947
CHENAB,Marala,14-Oct-20,15047,4000
CHENAB,Khanki,28-Aug-20,,
CHENAB,Qadirabad,24-Sept-20,23212,1212
CHENAB,Trimmu,19-Jul-20,16720,1520
CHENAB,Punjnad,02-Aug-20,16653,828
RAVI,Jassar,14-Oct-20,-,3141
RAVI,Shahdara,14-Oct-20,-,928
RAVI,Balloki,14-Oct-20,19000,NIL
RAVI,Sidhnai,14-Oct-20,14800,NIL
SUTLEJ,Sulemanki,30-Jul-20,13707,397
SUTLEJ,Islam,20-Aug-20,2029,799
INDUS,Kalabagh,12-Oct-20,61492,54492
INDUS,Chashma,03-Jul-20,,
INDUS,Taunsa,03-Sept-20,,
INDUS,Guddu,15-Oct-20,68209,57199
INDUS,Sukkar,07-Oct-20,55850,15005
INDUS,Kotri,18-Jun-20,,
JHELUM,Kotli,14-Oct-20,-,950
JHELUM,Mangla,30-Aug-20,,
JHELUM,Rasul,03-Jul-20,,
JHELUM,Khushab bridge,18-Aug-20,-,3940
CHENAB,Marala,15-Oct-20,15047,4000
CHENAB,Khanki,28-Aug-20,,
CHENAB,Qadirabad,25-Sept-20,23212,1212
CHENAB,Trimmu,07-Aug-20,16420,1520
CHENAB,Punjnad,03-Jul-20,,
RAVI,Jassar,14-Oct-20,-,3648
RAVI,Shahdara,14-Oct-20,-,928
RAVI,Balloki,14-Oct-20,19000,NIL
RAVI,Sidhnai,14-Oct-20,14800,NIL
SUTLEJ,Sulemanki,30-Jul-20,13707,397
SUTLEJ,Islam,06-Jul-20,2026,496
INDUS,Kalabagh,13-Oct-20,69873,628.73
INDUS,Chashma,03-Jul-20,,
INDUS,Taunsa,03-Sept-20,,
INDUS,Guddu,18-Jun-20,,
INDUS,Sukkar,18-Jun-20,,
INDUS,Kotri,03-Jul-20,,
JHELUM,Kotli,14-Oct-20,-,930
JHELUM,Mangla,30-Aug-20,,
JHELUM,Rasul,04-Jul-20,,
JHELUM,Khushab bridge,08-Sept-20,-,860
CHENAB,Marala,15-Oct-20,15047,4000
CHENAB,Khanki,28-Aug-20,,
CHENAB,Qadirabad,15-Jun-20,16350,
CHENAB,Trimmu,03-Jul-20,,
CHENAB,Punjnad,03-Jul-20,,
RAVI,Jassar,14-Oct-20,-,3648
RAVI,Shahdara,14-Oct-20,-,928
RAVI,Balloki,14-Oct-20,21500,NIL
RAVI,Sidhnai,14-Oct-20,14800,NIL
SUTLEJ,Sulemanki,03-Aug-20,13745,397
SUTLEJ,Islam,15-Jun-20,1520,
INDUS,Kalabagh,03-Jul-20,,
INDUS,Chashma,04-Jul-20,,
INDUS,Taunsa,03-Sept-20,,
INDUS,Guddu,03-Jul-20,,
INDUS,Sukkar,03-Jul-20,,
INDUS,Kotri,03-Jul-20,,
JHELUM,Kotli,14-Oct-20,-,930
JHELUM,Mangla,30-Aug-20,,
JHELUM,Rasul,27-Aug-20,,
JHELUM,Khushab bridge,03-Jul-20,,
CHENAB,Marala,03-Jul-20,,
CHENAB,Khanki,28-Aug-20,,
CHENAB,Qadirabad,03-Jul-20,,
CHENAB,Trimmu,03-Jul-20,,
CHENAB,Punjnad,04-Jul-20,,
RAVI,Jassar,14-Oct-20,-,3648
RAVI,Shahdara,14-Oct-20,-,928
RAVI,Balloki,14-Oct-20,22500,NIL
RAVI,Sidhnai,14-Oct-20,14800,NIL
SUTLEJ,Sulemanki,03-Jul-20,,
SUTLEJ,Islam,03-Jul-20,,
INDUS,Kalabagh,03-Jul-20,,
INDUS,Chashma,21-Jul-20,214650,
INDUS,Taunsa,03-Sept-20,,
INDUS,Guddu,03-Jul-20,,
INDUS,Sukkar,03-Jul-20,,
INDUS,Kotri,04-Jul-20,,
JHELUM,Kotli,15-Oct-20,-,930
JHELUM,Mangla,30-Aug-20,,
JHELUM,Rasul,29-Aug-20,,
JHELUM,Khushab bridge,03-Jul-20,,
CHENAB,Marala,03-Jul-20,,
CHENAB,Khanki,28-Aug-20,,
CHENAB,Qadirabad,03-Jul-20,,
CHENAB,Trimmu,04-Jul-20,,
CHENAB,Punjnad,22-Jul-20,15350,
RAVI,Jassar,15-Oct-20,-,3648
RAVI,Shahdara,15-Oct-20,-,928
RAVI,Balloki,15-Oct-20,23000,NIL
RAVI,Sidhnai,15-Oct-20,14800,NIL
SUTLEJ,Sulemanki,03-Jul-20,,
SUTLEJ,Islam,03-Jul-20,,
INDUS,Kalabagh,04-Jul-20,,
INDUS,Chashma,01-Sept-20,,
INDUS,Taunsa,03-Sept-20,,
INDUS,Guddu,04-Jul-20,,
INDUS,Sukkar,04-Jul-20,,
INDUS,Kotri,02-Oct-20,27540,
JHELUM,Kotli,15-Oct-20,-,950
JHELUM,Mangla,01-Sept-20,,
JHELUM,Rasul,05-Sept-20,,
JHELUM,Khushab bridge,04-Jul-20,,
CHENAB,Marala,04-Jul-20,,
CHENAB,Khanki,28-Aug-20,,
CHENAB,Qadirabad,04-Jul-20,,
CHENAB,Trimmu,02-Sept-20,,
CHENAB,Punjnad,05-Sept-20,,
RAVI,Jassar,15-Oct-20,-,3648
RAVI,Shahdara,15-Oct-20,-,928
RAVI,Balloki,15-Oct-20,23000,NIL
RAVI,Sidhnai,15-Oct-20,14800,NIL
SUTLEJ,Sulemanki,04-Jul-20,,
SUTLEJ,Islam,04-Jul-20,,
