River,Gauge Site,Date,Upstream,Downstream
Indus,Kalabagh,2018-04-01 00:00:00,35915,33915
Indus,Kalabagh,2018-04-02 00:00:00,27167,25167
Indus,Kalabagh,2018-04-03 00:00:00,25841,23841
Indus,Kalabagh,2018-04-04 00:00:00,35791,33791
Indus,Kalabagh,2018-04-05 00:00:00,44143,42143
Indus,Kalabagh,2018-04-06 00:00:00,44805,42805
Indus,Kalabagh,2018-04-07 00:00:00,39257,37257
Indus,Kalabagh,2018-04-08 00:00:00,49051,47051
Indus,Kalabagh,2018-04-09 00:00:00,49290,47290
Indus,Kalabagh,2018-04-10 00:00:00,43124,41124
Indus,Kalabagh,2018-04-11 00:00:00,55758,52758
Indus,Kalabagh,2018-04-12 00:00:00,61954,58954
Indus,Kalabagh,2018-04-13 00:00:00,54839,51839
Indus,Kalabagh,2018-04-14 00:00:00,50224,47224
Indus,Kalabagh,2018-04-15 00:00:00,58141,55141
Indus,Kalabagh,2018-04-16 00:00:00,58141,55141
Indus,Kalabagh,2018-04-17 00:00:00,57724,54724
Indus,Kalabagh,2018-04-18 00:00:00,53362,50362
Indus,Kalabagh,2018-04-19 00:00:00,58881,55881
Indus,Kalabagh,2018-04-20 00:00:00,61481,58481
Indus,Kalabagh,2018-04-21 00:00:00,68928,59928
Indus,Kalabagh,2018-04-22 00:00:00,68389,65389
Indus,Kalabagh,2018-04-23 00:00:00,62934,59934
Indus,Kalabagh,2018-04-24 00:00:00,54911,51911
Indus,Kalabagh,2018-04-25 00:00:00,55708,52708
Indus,Kalabagh,2018-04-26 00:00:00,55645,52645
Indus,Kalabagh,2018-04-27 00:00:00,52467,55467
Indus,Kalabagh,2018-04-28 00:00:00,71593,70593
Indus,Kalabagh,2018-04-29 00:00:00,70866,67866
Indus,Kalabagh,2018-04-30 00:00:00,64816,61816
Indus,Taunsa Barrage,2018-04-01 00:00:00,21327,18554
Indus,Taunsa Barrage,2018-04-02 00:00:00,22439,19522
Indus,Taunsa Barrage,2018-04-03 00:00:00,22439,19522
Indus,Taunsa Barrage,2018-04-04 00:00:00,19666,19666
Indus,Taunsa Barrage,2018-04-05 00:00:00,20938,20938
Indus,Taunsa Barrage,2018-04-06 00:00:00,20938,20938
Indus,Taunsa Barrage,2018-04-07 00:00:00,19666,19666
Indus,Taunsa Barrage,2018-04-08 00:00:00,19666,19666
Indus,Taunsa Barrage,2018-04-09 00:00:00,24755,24755
Indus,Taunsa Barrage,2018-04-10 00:00:00,24755,24755
Indus,Taunsa Barrage,2018-04-11 00:00:00,27884,26016
Indus,Taunsa Barrage,2018-04-12 00:00:00,29169,27215
Indus,Taunsa Barrage,2018-04-13 00:00:00,30527,28482
Indus,Taunsa Barrage,2018-04-14 00:00:00,28074,26193
Indus,Taunsa Barrage,2018-04-15 00:00:00,33205,30980
Indus,Taunsa Barrage,2018-04-16 00:00:00,36114,33694
Indus,Taunsa Barrage,2018-04-17 00:00:00,35839,31359
Indus,Taunsa Barrage,2018-04-18 00:00:00,35616,31164
Indus,Taunsa Barrage,2018-04-19 00:00:00,34455,30148
Indus,Taunsa Barrage,2018-04-20 00:00:00,32437,28382
Indus,Taunsa Barrage,2018-04-21 00:00:00,33672,29463
Indus,Taunsa Barrage,2018-04-22 00:00:00,35445,31014
Indus,Taunsa Barrage,2018-04-23 00:00:00,38333,33542
Indus,Taunsa Barrage,2018-04-24 00:00:00,43170,35961
Indus,Taunsa Barrage,2018-04-25 00:00:00,42644,36802
Indus,Taunsa Barrage,2018-04-26 00:00:00,43943,37923
Indus,Taunsa Barrage,2018-04-27 00:00:00,43943,37923
Indus,Taunsa Barrage,2018-04-28 00:00:00,43943,37923
Indus,Taunsa Barrage,2018-04-29 00:00:00,45538,39299
Indus,Taunsa Barrage,2018-04-30 00:00:00,45538,39299
Indus,Chashma Barrage,2018-04-01 00:00:00,22451,16951
Indus,Chashma Barrage,2018-04-02 00:00:00,27092,21592
Indus,Chashma Barrage,2018-04-03 00:00:00,23589,18089
Indus,Chashma Barrage,2018-04-04 00:00:00,25277,19777
Indus,Chashma Barrage,2018-04-05 00:00:00,25823,22353
Indus,Chashma Barrage,2018-04-06 00:00:00,41533,25000
Indus,Chashma Barrage,2018-04-07 00:00:00,36858,30000
Indus,Chashma Barrage,2018-04-08 00:00:00,31177,30000
Indus,Chashma Barrage,2018-04-09 00:00:00,30220,30000
Indus,Chashma Barrage,2018-04-10 00:00:00,25562,31350
Indus,Chashma Barrage,2018-04-11 00:00:00,32316,29516
Indus,Chashma Barrage,2018-04-12 00:00:00,51388,40000
Indus,Chashma Barrage,2018-04-13 00:00:00,44238,40000
Indus,Chashma Barrage,2018-04-14 00:00:00,42982,40000
Indus,Chashma Barrage,2018-04-15 00:00:00,42712,40000
Indus,Chashma Barrage,2018-04-16 00:00:00,47858,40000
Indus,Chashma Barrage,2018-04-17 00:00:00,37835,36505
Indus,Chashma Barrage,2018-04-18 00:00:00,42431,38390
Indus,Chashma Barrage,2018-04-19 00:00:00,44586,40000
Indus,Chashma Barrage,2018-04-20 00:00:00,57770,42000
Indus,Chashma Barrage,2018-04-21 00:00:00,61319,50000
Indus,Chashma Barrage,2018-04-22 00:00:00,64973,50000
Indus,Chashma Barrage,2018-04-23 00:00:00,60935,50000
Indus,Chashma Barrage,2018-04-24 00:00:00,58187,50000
Indus,Chashma Barrage,2018-04-25 00:00:00,45093,50000
Indus,Chashma Barrage,2018-04-26 00:00:00,42283,50000
Indus,Chashma Barrage,2018-04-27 00:00:00,47717,50000
Indus,Chashma Barrage,2018-04-28 00:00:00,67566,50000
Indus,Chashma Barrage,2018-04-29 00:00:00,69262,50000
Indus,Chashma Barrage,2018-04-30 00:00:00,70484,58000
Jhelum,Rasul Barrage,2018-04-01 00:00:00,734.4,719
Jhelum,Rasul Barrage,2018-04-02 00:00:00,734.5,719
Jhelum,Rasul Barrage,2018-04-03 00:00:00,734.4,719
Jhelum,Rasul Barrage,2018-04-04 00:00:00,734.2,719
Jhelum,Rasul Barrage,2018-04-05 00:00:00,734.2,719
Jhelum,Rasul Barrage,2018-04-06 00:00:00,734.3,719
Jhelum,Rasul Barrage,2018-04-07 00:00:00,734.2,719
Jhelum,Rasul Barrage,2018-04-08 00:00:00,734.1,719
Jhelum,Rasul Barrage,2018-04-09 00:00:00,734.1,719
Jhelum,Rasul Barrage,2018-04-10 00:00:00,734.2,719
Jhelum,Rasul Barrage,2018-04-11 00:00:00,734.3,719
Jhelum,Rasul Barrage,2018-04-12 00:00:00,734.4,719
Jhelum,Rasul Barrage,2018-04-13 00:00:00,734.5,719
Jhelum,Rasul Barrage,2018-04-14 00:00:00,734.5,719
Jhelum,Rasul Barrage,2018-04-15 00:00:00,735,719
Jhelum,Rasul Barrage,2018-04-16 00:00:00,735.1,719
Jhelum,Rasul Barrage,2018-04-17 00:00:00,735.2,719
Jhelum,Rasul Barrage,2018-04-18 00:00:00,737.1,719
Jhelum,Rasul Barrage,2018-04-19 00:00:00,737.2,719.1
Jhelum,Rasul Barrage,2018-04-20 00:00:00,737.1,719.1
Jhelum,Rasul Barrage,2018-04-21 00:00:00,737,719.1
Jhelum,Rasul Barrage,2018-04-22 00:00:00,737.1,719.1
Jhelum,Rasul Barrage,2018-04-23 00:00:00,737,719
Jhelum,Rasul Barrage,2018-04-24 00:00:00,737.1,719
Jhelum,Rasul Barrage,2018-04-25 00:00:00,737.2,719
Jhelum,Rasul Barrage,2018-04-26 00:00:00,737,719
Jhelum,Rasul Barrage,2018-04-27 00:00:00,737.5,719
Jhelum,Rasul Barrage,2018-04-28 00:00:00,735.5,719
Jhelum,Rasul Barrage,2018-04-29 00:00:00,735.2,719
Jhelum,Rasul Barrage,2018-04-30 00:00:00,736.5,719
Chenab,Marala H/W,2018-04-01 00:00:00,7400,2000
Chenab,Marala H/W,2018-04-02 00:00:00,11362,3462
Chenab,Marala H/W,2018-04-03 00:00:00,13310,7310
Chenab,Marala H/W,2018-04-04 00:00:00,11908,5908
Chenab,Marala H/W,2018-04-05 00:00:00,13370,7370
Chenab,Marala H/W,2018-04-06 00:00:00,13370,7370
Chenab,Marala H/W,2018-04-07 00:00:00,11908,5908
Chenab,Marala H/W,2018-04-08 00:00:00,8984,2984
Chenab,Marala H/W,2018-04-09 00:00:00,11908,5908
Chenab,Marala H/W,2018-04-10 00:00:00,11908,5988
Chenab,Marala H/W,2018-04-11 00:00:00,14832,8832
Chenab,Marala H/W,2018-04-12 00:00:00,14832,8832
Chenab,Marala H/W,2018-04-13 00:00:00,18826,12826
Chenab,Marala H/W,2018-04-14 00:00:00,16731,10731
Chenab,Marala H/W,2018-04-15 00:00:00,14636,8636
Chenab,Marala H/W,2018-04-16 00:00:00,19908,15908
Chenab,Marala H/W,2018-04-17 00:00:00,6431,2000
Chenab,Marala H/W,2018-04-18 00:00:00,11908,5908
Chenab,Marala H/W,2018-04-19 00:00:00,11908,5708
Chenab,Marala H/W,2018-04-20 00:00:00,13370,7370
Chenab,Marala H/W,2018-04-21 00:00:00,20826,12826
Chenab,Marala H/W,2018-04-22 00:00:00,18731,10731
Chenab,Marala H/W,2018-04-23 00:00:00,20734,11634
Chenab,Marala H/W,2018-04-24 00:00:00,18754,9354
Chenab,Marala H/W,2018-04-25 00:00:00,16474,7074
Chenab,Marala H/W,2018-04-26 00:00:00,14194,4791
Chenab,Marala H/W,2018-04-27 00:00:00,16474,7074
Chenab,Marala H/W,2018-04-28 00:00:00,16474,7074
Chenab,Marala H/W,2018-04-29 00:00:00,18954,9354
Chenab,Marala H/W,2018-04-30 00:00:00,21234,11634
Chenab,Khanki H/W,2018-04-01 00:00:00,4850,3889
Chenab,Khanki H/W,2018-04-02 00:00:00,4000,120
Chenab,Khanki H/W,2018-04-03 00:00:00,4000,120
Chenab,Khanki H/W,2018-04-04 00:00:00,7154,3178
Chenab,Khanki H/W,2018-04-05 00:00:00,8731,4731
Chenab,Khanki H/W,2018-04-06 00:00:00,8731,4731
Chenab,Khanki H/W,2018-04-07 00:00:00,7968,3994
Chenab,Khanki H/W,2018-04-08 00:00:00,8575,4575
Chenab,Khanki H/W,2018-04-09 00:00:00,7642,3654
Chenab,Khanki H/W,2018-04-10 00:00:00,6754,2754
Chenab,Khanki H/W,2018-04-11 00:00:00,8055,4055
Chenab,Khanki H/W,2018-04-12 00:00:00,8731,4731
Chenab,Khanki H/W,2018-04-13 00:00:00,10308,6308
Chenab,Khanki H/W,2018-04-14 00:00:00,18336,14336
Chenab,Khanki H/W,2018-04-15 00:00:00,15748,11748
Chenab,Khanki H/W,2018-04-16 00:00:00,13985,9985
Chenab,Khanki H/W,2018-04-17 00:00:00,7968,3998
Chenab,Khanki H/W,2018-04-18 00:00:00,5577,1577
Chenab,Khanki H/W,2018-04-19 00:00:00,7154,3169
Chenab,Khanki H/W,2018-04-20 00:00:00,7968,3968
Chenab,Khanki H/W,2018-04-21 00:00:00,9545,5545
Chenab,Khanki H/W,2018-04-22 00:00:00,16642,12642
Chenab,Khanki H/W,2018-04-23 00:00:00,15748,11897
Chenab,Khanki H/W,2018-04-24 00:00:00,14890,11897
Chenab,Khanki H/W,2018-04-25 00:00:00,9545,11897
Chenab,Khanki H/W,2018-04-26 00:00:00,8731,4770
Chenab,Khanki H/W,2018-04-27 00:00:00,7968,4770
Chenab,Khanki H/W,2018-04-28 00:00:00,10308,5297
Chenab,Khanki H/W,2018-04-29 00:00:00,13985,5297
Chenab,Khanki H/W,2018-04-30 00:00:00,13985,5297
Chenab,Qadirabad Barrage,2018-04-01 00:00:00,18000,NIL
Chenab,Qadirabad Barrage,2018-04-02 00:00:00,12000,NIL
Chenab,Qadirabad Barrage,2018-04-03 00:00:00,9000,NIL
Chenab,Qadirabad Barrage,2018-04-04 00:00:00,5800,NIL
Chenab,Qadirabad Barrage,2018-04-05 00:00:00,7675,NIL
Chenab,Qadirabad Barrage,2018-04-06 00:00:00,9775,NIL
Chenab,Qadirabad Barrage,2018-04-07 00:00:00,9775,NIL
Chenab,Qadirabad Barrage,2018-04-08 00:00:00,9075,NIL
Chenab,Qadirabad Barrage,2018-04-09 00:00:00,9555,NIL
Chenab,Qadirabad Barrage,2018-04-10 00:00:00,10450,NIL
Chenab,Qadirabad Barrage,2018-04-11 00:00:00,10450,NIL
Chenab,Qadirabad Barrage,2018-04-12 00:00:00,9000,NIL
Chenab,Qadirabad Barrage,2018-04-13 00:00:00,10000,NIL
Chenab,Qadirabad Barrage,2018-04-14 00:00:00,13070,NIL
Chenab,Qadirabad Barrage,2018-04-15 00:00:00,11650,NIL
Chenab,Qadirabad Barrage,2018-04-16 00:00:00,9950,NIL
Chenab,Qadirabad Barrage,2018-04-17 00:00:00,6850,NIL
Chenab,Qadirabad Barrage,2018-04-18 00:00:00,10000,NIL
Chenab,Qadirabad Barrage,2018-04-19 00:00:00,9300,NIL
Chenab,Qadirabad Barrage,2018-04-20 00:00:00,13070,NIL
Chenab,Qadirabad Barrage,2018-04-21 00:00:00,13070,NIL
Chenab,Qadirabad Barrage,2018-04-22 00:00:00,16560,NIL
Chenab,Qadirabad Barrage,2018-04-23 00:00:00,19436,1436
Chenab,Qadirabad Barrage,2018-04-24 00:00:00,17000,NIL
Chenab,Qadirabad Barrage,2018-04-25 00:00:00,13000,NIL
Chenab,Qadirabad Barrage,2018-04-26 00:00:00,13000,NIL
Chenab,Qadirabad Barrage,2018-04-27 00:00:00,13000,NIL
Chenab,Qadirabad Barrage,2018-04-28 00:00:00,12500,NIL
Chenab,Qadirabad Barrage,2018-04-29 00:00:00,17550,NIL
Chenab,Qadirabad Barrage,2018-04-30 00:00:00,16000,NIL
Chenab,Trimmu H/W,2018-04-01 00:00:00,2260,NIL
Chenab,Trimmu H/W,2018-04-02 00:00:00,2260,NIL
Chenab,Trimmu H/W,2018-04-03 00:00:00,2032,NIL
Chenab,Trimmu H/W,2018-04-04 00:00:00,2032,NIL
Chenab,Trimmu H/W,2018-04-05 00:00:00,2088,NIL
Chenab,Trimmu H/W,2018-04-06 00:00:00,2805,NIL
Chenab,Trimmu H/W,2018-04-07 00:00:00,1842,NIL
Chenab,Trimmu H/W,2018-04-08 00:00:00,3128,NIL
Chenab,Trimmu H/W,2018-04-09 00:00:00,3700,NIL
Chenab,Trimmu H/W,2018-04-10 00:00:00,4520,NIL
Chenab,Trimmu H/W,2018-04-11 00:00:00,4520,NIL
Chenab,Trimmu H/W,2018-04-12 00:00:00,5064,NIL
Chenab,Trimmu H/W,2018-04-13 00:00:00,4665,NIL
Chenab,Trimmu H/W,2018-04-14 00:00:00,4665,NIL
Chenab,Trimmu H/W,2018-04-15 00:00:00,450,NIL
Chenab,Trimmu H/W,2018-04-16 00:00:00,4981,NIL
Chenab,Trimmu H/W,2018-04-17 00:00:00,7700,NIL
Chenab,Trimmu H/W,2018-04-18 00:00:00,7700,NIL
Chenab,Trimmu H/W,2018-04-19 00:00:00,9825,2125
Chenab,Trimmu H/W,2018-04-20 00:00:00,8726,NIL
Chenab,Trimmu H/W,2018-04-21 00:00:00,9200,NIL
Chenab,Trimmu H/W,2018-04-22 00:00:00,9200,NIL
Chenab,Trimmu H/W,2018-04-23 00:00:00,9200,NIL
Chenab,Trimmu H/W,2018-04-24 00:00:00,10258,NIL
Chenab,Trimmu H/W,2018-04-25 00:00:00,10739,NIL
Chenab,Trimmu H/W,2018-04-26 00:00:00,11929,729
Chenab,Trimmu H/W,2018-04-27 00:00:00,12584,NIL
Chenab,Trimmu H/W,2018-04-28 00:00:00,12908,NIL
Chenab,Trimmu H/W,2018-04-29 00:00:00,13700,NIL
Chenab,Trimmu H/W,2018-04-30 00:00:00,13700,NIL
Chenab,Panjnad H/W,2018-04-01 00:00:00,1751,NIL
Chenab,Panjnad H/W,2018-04-02 00:00:00,1869,NIL
Chenab,Panjnad H/W,2018-04-03 00:00:00,1728,NIL
Chenab,Panjnad H/W,2018-04-04 00:00:00,1751,NIL
Chenab,Panjnad H/W,2018-04-05 00:00:00,1941,NIL
Chenab,Panjnad H/W,2018-04-06 00:00:00,1845,NIL
Chenab,Panjnad H/W,2018-04-07 00:00:00,1705,NIL
Chenab,Panjnad H/W,2018-04-08 00:00:00,Hdg-Up,NIL
Chenab,Panjnad H/W,2018-04-09 00:00:00,800,NIL
Chenab,Panjnad H/W,2018-04-10 00:00:00,800,NIL
Chenab,Panjnad H/W,2018-04-11 00:00:00,800,NIL
Chenab,Panjnad H/W,2018-04-12 00:00:00,1037,NIL
Chenab,Panjnad H/W,2018-04-13 00:00:00,1037,NIL
Chenab,Panjnad H/W,2018-04-14 00:00:00,1037,NIL
Chenab,Panjnad H/W,2018-04-15 00:00:00,1616,NIL
Chenab,Panjnad H/W,2018-04-16 00:00:00,1534,NIL
Chenab,Panjnad H/W,2018-04-17 00:00:00,1494,NIL
Chenab,Panjnad H/W,2018-04-18 00:00:00,1596,NIL
Chenab,Panjnad H/W,2018-04-19 00:00:00,1658,NIL
Chenab,Panjnad H/W,2018-04-20 00:00:00,2406,NIL
Chenab,Panjnad H/W,2018-04-21 00:00:00,3261,NIL
Chenab,Panjnad H/W,2018-04-22 00:00:00,2885,NIL
Chenab,Panjnad H/W,2018-04-23 00:00:00,2654,NIL
Chenab,Panjnad H/W,2018-04-24 00:00:00,3354,NIL
Chenab,Panjnad H/W,2018-04-25 00:00:00,3597,NIL
Chenab,Panjnad H/W,2018-04-26 00:00:00,3785,NIL
Chenab,Panjnad H/W,2018-04-27 00:00:00,3912,NIL
Chenab,Panjnad H/W,2018-04-28 00:00:00,4304,NIL
Chenab,Panjnad H/W,2018-04-29 00:00:00,3535,NIL
Chenab,Panjnad H/W,2018-04-30 00:00:00,3880,NIL
Ravi,Balloki H/W,2018-04-01 00:00:00,904.5,633
Ravi,Balloki H/W,2018-04-02 00:00:00,904.5,633
Ravi,Balloki H/W,2018-04-03 00:00:00,904.5,633
Ravi,Balloki H/W,2018-04-04 00:00:00,904.5,633
Ravi,Balloki H/W,2018-04-05 00:00:00,904.5,633
Ravi,Balloki H/W,2018-04-06 00:00:00,904.5,633
Ravi,Balloki H/W,2018-04-07 00:00:00,904.5,633
Ravi,Balloki H/W,2018-04-08 00:00:00,904.5,632.5
Ravi,Balloki H/W,2018-04-09 00:00:00,904.5,632.5
Ravi,Balloki H/W,2018-04-10 00:00:00,904.5,632.5
Ravi,Balloki H/W,2018-04-11 00:00:00,904.4,632.5
Ravi,Balloki H/W,2018-04-12 00:00:00,904.4,632.5
Ravi,Balloki H/W,2018-04-13 00:00:00,904.4,632.5
Ravi,Balloki H/W,2018-04-14 00:00:00,904.4,632
Ravi,Balloki H/W,2018-04-15 00:00:00,904.4,632.5
Ravi,Balloki H/W,2018-04-16 00:00:00,904.4,632.5
Ravi,Balloki H/W,2018-04-17 00:00:00,904.4,632.5
Ravi,Balloki H/W,2018-04-18 00:00:00,904.4,632.5
Ravi,Balloki H/W,2018-04-19 00:00:00,904.4,632.5
Ravi,Balloki H/W,2018-04-20 00:00:00,904.4,632.5
Ravi,Balloki H/W,2018-04-21 00:00:00,904.4,633
Ravi,Balloki H/W,2018-04-22 00:00:00,904.3,633
Ravi,Balloki H/W,2018-04-23 00:00:00,904.3,633
Ravi,Balloki H/W,2018-04-24 00:00:00,904.3,633
Ravi,Balloki H/W,2018-04-25 00:00:00,904.3,633
Ravi,Balloki H/W,2018-04-26 00:00:00,904.3,633
Ravi,Balloki H/W,2018-04-27 00:00:00,904.3,633
Ravi,Balloki H/W,2018-04-28 00:00:00,904.3,633
Ravi,Balloki H/W,2018-04-29 00:00:00,904.3,633
Ravi,Balloki H/W,2018-04-30 00:00:00,904.3,633
Ravi,Sidhnai H/W,2018-04-01 00:00:00,1600,NIL
Ravi,Sidhnai H/W,2018-04-02 00:00:00,1600,NIL
Ravi,Sidhnai H/W,2018-04-03 00:00:00,1600,NIL
Ravi,Sidhnai H/W,2018-04-04 00:00:00,2281,661
Ravi,Sidhnai H/W,2018-04-05 00:00:00,2922,1322
Ravi,Sidhnai H/W,2018-04-06 00:00:00,2922,1322
Ravi,Sidhnai H/W,2018-04-07 00:00:00,2595,995
Ravi,Sidhnai H/W,2018-04-08 00:00:00,1600,NIL
Ravi,Sidhnai H/W,2018-04-09 00:00:00,2595,995
Ravi,Sidhnai H/W,2018-04-10 00:00:00,3600,NIL
Ravi,Sidhnai H/W,2018-04-11 00:00:00,2800,NIL
Ravi,Sidhnai H/W,2018-04-12 00:00:00,3000,NIL
Ravi,Sidhnai H/W,2018-04-13 00:00:00,3600,NIL
Ravi,Sidhnai H/W,2018-04-14 00:00:00,4100,NIL
Ravi,Sidhnai H/W,2018-04-15 00:00:00,3600,NIL
Ravi,Sidhnai H/W,2018-04-16 00:00:00,4100,NIL
Ravi,Sidhnai H/W,2018-04-17 00:00:00,5652,NIL
Ravi,Sidhnai H/W,2018-04-18 00:00:00,6163,NIL
Ravi,Sidhnai H/W,2018-04-19 00:00:00,5752,NIL
Ravi,Sidhnai H/W,2018-04-20 00:00:00,6152,NIL
Ravi,Sidhnai H/W,2018-04-21 00:00:00,7900,NIL
Ravi,Sidhnai H/W,2018-04-22 00:00:00,8500,NIL
Ravi,Sidhnai H/W,2018-04-23 00:00:00,7100,NIL
Ravi,Sidhnai H/W,2018-04-24 00:00:00,8300,NIL
Ravi,Sidhnai H/W,2018-04-25 00:00:00,9700,NIL
Ravi,Sidhnai H/W,2018-04-26 00:00:00,9700,NIL
Ravi,Sidhnai H/W,2018-04-27 00:00:00,9700,NIL
Ravi,Sidhnai H/W,2018-04-28 00:00:00,11373,NIL
Ravi,Sidhnai H/W,2018-04-29 00:00:00,12300,NIL
Ravi,Sidhnai H/W,2018-04-30 00:00:00,12300,NIL
Sutlej,Suleimanki H/W,2018-04-01 00:00:00,9691,4654
Sutlej,Suleimanki H/W,2018-04-02 00:00:00,10627,5590
Sutlej,Suleimanki H/W,2018-04-03 00:00:00,10502,5465
Sutlej,Suleimanki H/W,2018-04-04 00:00:00,5475,438
Sutlej,Suleimanki H/W,2018-04-05 00:00:00,5362,825
Sutlej,Suleimanki H/W,2018-04-06 00:00:00,5037,NIL
Sutlej,Suleimanki H/W,2018-04-07 00:00:00,5037,NIL
Sutlej,Suleimanki H/W,2018-04-08 00:00:00,5473,436
Sutlej,Suleimanki H/W,2018-04-09 00:00:00,6121,1084
Sutlej,Suleimanki H/W,2018-04-10 00:00:00,5910,873
Sutlej,Suleimanki H/W,2018-04-11 00:00:00,6948,1911
Sutlej,Suleimanki H/W,2018-04-12 00:00:00,6948,1911
Sutlej,Suleimanki H/W,2018-04-13 00:00:00,7148,2111
Sutlej,Suleimanki H/W,2018-04-14 00:00:00,6543,1506
Sutlej,Suleimanki H/W,2018-04-15 00:00:00,6937,1900
Sutlej,Suleimanki H/W,2018-04-16 00:00:00,6937,1900
Sutlej,Suleimanki H/W,2018-04-17 00:00:00,6797,1760
Sutlej,Suleimanki H/W,2018-04-18 00:00:00,6526,1489
Sutlej,Suleimanki H/W,2018-04-19 00:00:00,5482,445
Sutlej,Suleimanki H/W,2018-04-20 00:00:00,5037,NIL
Sutlej,Suleimanki H/W,2018-04-21 00:00:00,5037,NIL
Sutlej,Suleimanki H/W,2018-04-22 00:00:00,5478,441
Sutlej,Suleimanki H/W,2018-04-23 00:00:00,7055,2018
Sutlej,Suleimanki H/W,2018-04-24 00:00:00,8190,2152
Sutlej,Suleimanki H/W,2018-04-25 00:00:00,9401,3163
Sutlej,Suleimanki H/W,2018-04-26 00:00:00,8927,1994
Sutlej,Suleimanki H/W,2018-04-27 00:00:00,9200,2264
Sutlej,Suleimanki H/W,2018-04-28 00:00:00,7241,NIL
Sutlej,Suleimanki H/W,2018-04-29 00:00:00,7241,NIL
Sutlej,Suleimanki H/W,2018-04-30 00:00:00,7129,NIL
Indus,Kalabagh,Indus,25823,N.R
Indus,Kalabagh,Indus,41533,N.R
Indus,Kalabagh,Indus,36858,N.R
Indus,Kalabagh,Indus,31177,N.R
Indus,Kalabagh,Indus,30220,N.R
Indus,Kalabagh,Indus,25562,N.R
Indus,Kalabagh,Indus,32316,N.R
Indus,Kalabagh,Indus,51388,N.R
Indus,Kalabagh,Indus,44238,N.R
Indus,Kalabagh,Indus,42982,N.R
Indus,Kalabagh,Indus,42712,N.R
Indus,Kalabagh,Indus,47858,N.R
Indus,Kalabagh,Indus,37835,N.R
Indus,Kalabagh,Indus,42431,N.R
Indus,Kalabagh,Indus,44586,N.R
Indus,Kalabagh,Indus,57770,N.R
Indus,Kalabagh,Indus,61319,N.R
Indus,Kalabagh,Indus,64973,N.R
Indus,Kalabagh,Indus,60935,N.R
Indus,Kalabagh,Indus,58187,N.R
Indus,Kalabagh,Indus,45093,N.R
Indus,Kalabagh,Indus,42283,N.R
Indus,Kalabagh,Indus,47717,N.R
Indus,Kalabagh,Indus,67566,N.R
Indus,Kalabagh,Indus,69262,N.R
Indus,Kalabagh,Indus,70484,N.R
Indus,Kalabagh,Jhelum,N.R,N.R
Indus,Kalabagh,Jhelum,N.R,N.R
Indus,Kalabagh,Jhelum,N.R,N.R
Indus,Kalabagh,Jhelum,N.R,N.R
Indus,Kalabagh,Jhelum,N.R,N.R
Indus,Kalabagh,Jhelum,N.R,N.R
Indus,Kalabagh,Jhelum,N.R,N.R
Indus,Kalabagh,Jhelum,N.R,N.R
Indus,Kalabagh,Jhelum,N.R,N.R
Indus,Kalabagh,Jhelum,N.R,N.R
Indus,Kalabagh,Jhelum,N.R,N.R
Indus,Kalabagh,Jhelum,N.R,N.R
Indus,Kalabagh,Jhelum,N.R,N.R
Indus,Kalabagh,Jhelum,N.R,N.R
Indus,Kalabagh,Jhelum,N.R,N.R
Indus,Kalabagh,Jhelum,N.R,N.R
Indus,Kalabagh,Jhelum,N.R,N.R
Indus,Kalabagh,Jhelum,N.R,N.R
Indus,Kalabagh,Jhelum,N.R,N.R
Indus,Kalabagh,Jhelum,N.R,N.R
Indus,Kalabagh,Jhelum,N.R,N.R
Indus,Kalabagh,Jhelum,N.R,N.R
Indus,Kalabagh,Jhelum,N.R,N.R
Indus,Kalabagh,Jhelum,N.R,N.R
Indus,Kalabagh,Jhelum,N.R,N.R
Indus,Kalabagh,Jhelum,N.R,N.R
Indus,Kalabagh,Jhelum,N.R,N.R
Indus,Kalabagh,Jhelum,N.R,N.R
Indus,Kalabagh,Jhelum,N.R,N.R
Indus,Kalabagh,Jhelum,N.R,N.R
Indus,Kalabagh,Jhelum,15500,N.R
Indus,Kalabagh,Jhelum,11000,N.R
Indus,Kalabagh,Jhelum,13091,N.R
Indus,Kalabagh,Jhelum,12341,N.R
Indus,Kalabagh,Jhelum,18895,N.R
Indus,Kalabagh,Jhelum,1111,N.R
Indus,Kalabagh,Jhelum,13555,N.R
Indus,Kalabagh,Jhelum,17460,N.R
Indus,Kalabagh,Jhelum,13555,N.R
Indus,Kalabagh,Jhelum,11304,N.R
Indus,Kalabagh,Jhelum,13645,N.R
Indus,Kalabagh,Jhelum,9996,N.R
Indus,Kalabagh,Jhelum,9996,N.R
Indus,Kalabagh,Jhelum,8996,N.R
Indus,Kalabagh,Jhelum,16353,N.R
Indus,Kalabagh,Jhelum,16455,N.R
Indus,Kalabagh,Jhelum,13645,N.R
Indus,Kalabagh,Jhelum,12996,N.R
Indus,Kalabagh,Jhelum,19550,N.R
Indus,Kalabagh,Jhelum,31265,N.R
Indus,Kalabagh,Jhelum,31765,N.R
Indus,Kalabagh,Jhelum,28065,N.R
Indus,Kalabagh,Jhelum,24160,N.R
Indus,Kalabagh,Jhelum,24160,N.R
Indus,Kalabagh,Jhelum,28065,N.R
Indus,Kalabagh,Jhelum,23955,N.R
Indus,Kalabagh,Jhelum,24160,N.R
Indus,Kalabagh,Jhelum,24160,N.R
Indus,Kalabagh,Jhelum,28065,N.R
Indus,Kalabagh,Jhelum,31663,N.R
Indus,Kalabagh,Chenab,7400,N.R
Indus,Kalabagh,Chenab,11362,N.R
Indus,Kalabagh,Chenab,13310,N.R
Indus,Kalabagh,Chenab,11908,N.R
Indus,Kalabagh,Chenab,13370,N.R
Indus,Kalabagh,Chenab,13370,N.R
Indus,Kalabagh,Chenab,11908,N.R
Indus,Kalabagh,Chenab,8984,N.R
Indus,Kalabagh,Chenab,11908,N.R
Indus,Kalabagh,Chenab,11908,N.R
Indus,Kalabagh,Chenab,14832,N.R
Indus,Kalabagh,Chenab,14832,N.R
Indus,Kalabagh,Chenab,18826,N.R
Indus,Kalabagh,Chenab,16731,N.R
Indus,Kalabagh,Chenab,14636,N.R
Indus,Kalabagh,Chenab,19908,N.R
Indus,Kalabagh,Chenab,6431,N.R
Indus,Kalabagh,Chenab,11908,N.R
Indus,Kalabagh,Chenab,11908,N.R
Indus,Kalabagh,Chenab,13370,N.R
Indus,Kalabagh,Chenab,20826,N.R
Indus,Kalabagh,Chenab,18731,N.R
Indus,Kalabagh,Chenab,20734,N.R
Indus,Kalabagh,Chenab,18754,N.R
Indus,Kalabagh,Chenab,16474,N.R
Indus,Kalabagh,Chenab,14194,N.R
Indus,Kalabagh,Chenab,16474,N.R
Indus,Kalabagh,Chenab,16474,N.R
Indus,Kalabagh,Chenab,18954,N.R
Indus,Kalabagh,Chenab,21234,N.R
Indus,Kalabagh,Chenab,4850,N.R
Indus,Kalabagh,Chenab,4000,N.R
Indus,Kalabagh,Chenab,4000,N.R
Indus,Kalabagh,Chenab,7154,N.R
Indus,Kalabagh,Chenab,8731,N.R
Indus,Kalabagh,Chenab,8731,N.R
Indus,Kalabagh,Chenab,7968,N.R
Indus,Kalabagh,Chenab,8575,N.R
Indus,Kalabagh,Chenab,7642,N.R
Indus,Kalabagh,Chenab,6754,N.R
Indus,Kalabagh,Chenab,8055,N.R
Indus,Kalabagh,Chenab,8731,N.R
Indus,Kalabagh,Chenab,10308,N.R
Indus,Kalabagh,Chenab,18336,N.R
Indus,Kalabagh,Chenab,15748,N.R
Indus,Kalabagh,Chenab,13985,N.R
Indus,Kalabagh,Chenab,7968,N.R
Indus,Kalabagh,Chenab,5577,N.R
Indus,Kalabagh,Chenab,7154,N.R
Indus,Kalabagh,Chenab,7968,N.R
Indus,Kalabagh,Chenab,9545,N.R
Indus,Kalabagh,Chenab,16642,N.R
Indus,Kalabagh,Chenab,15748,N.R
Indus,Kalabagh,Chenab,14890,N.R
Indus,Kalabagh,Chenab,9545,N.R
Indus,Kalabagh,Chenab,8731,N.R
Indus,Kalabagh,Chenab,7968,N.R
Indus,Kalabagh,Chenab,10308,N.R
Indus,Kalabagh,Chenab,13985,N.R
Indus,Kalabagh,Chenab,13985,N.R
Indus,Kalabagh,Chenab,18000,N.R
Indus,Kalabagh,Chenab,12000,N.R
Indus,Kalabagh,Chenab,9000,N.R
Indus,Kalabagh,Chenab,5800,N.R
Indus,Kalabagh,Chenab,7675,N.R
Indus,Kalabagh,Chenab,9775,N.R
Indus,Kalabagh,Chenab,9775,N.R
Indus,Kalabagh,Chenab,9075,N.R
Indus,Kalabagh,Chenab,9555,N.R
Indus,Kalabagh,Chenab,10450,N.R
Indus,Kalabagh,Chenab,10450,N.R
Indus,Kalabagh,Chenab,9000,N.R
Indus,Kalabagh,Chenab,10000,N.R
Indus,Kalabagh,Chenab,13070,N.R
Indus,Kalabagh,Chenab,11650,N.R
Indus,Kalabagh,Chenab,9950,N.R
Indus,Kalabagh,Chenab,6850,N.R
Indus,Kalabagh,Chenab,10000,N.R
Indus,Kalabagh,Chenab,9300,N.R
Indus,Kalabagh,Chenab,13070,N.R
Indus,Kalabagh,Chenab,13070,N.R
Indus,Kalabagh,Chenab,16560,N.R
Indus,Kalabagh,Chenab,19436,N.R
Indus,Kalabagh,Chenab,17000,N.R
Indus,Kalabagh,Chenab,13000,N.R
Indus,Kalabagh,Chenab,13000,N.R
Indus,Kalabagh,Chenab,13000,N.R
Indus,Kalabagh,Chenab,12500,N.R
Indus,Kalabagh,Chenab,17550,N.R
Indus,Kalabagh,Chenab,16000,N.R
Indus,Kalabagh,Chenab,2260,N.R
Indus,Kalabagh,Chenab,2260,N.R
Indus,Kalabagh,Chenab,2032,N.R
Indus,Kalabagh,Chenab,2032,N.R
Indus,Kalabagh,Chenab,2088,N.R
Indus,Kalabagh,Chenab,2805,N.R
Indus,Kalabagh,Chenab,1842,N.R
Indus,Kalabagh,Chenab,3128,N.R
Indus,Kalabagh,Chenab,3700,N.R
Indus,Kalabagh,Chenab,4520,N.R
Indus,Kalabagh,Chenab,4520,N.R
Indus,Kalabagh,Chenab,5064,N.R
Indus,Kalabagh,Chenab,4665,N.R
Indus,Kalabagh,Chenab,4665,N.R
Indus,Kalabagh,Chenab,450,N.R
Indus,Kalabagh,Chenab,4981,N.R
Indus,Kalabagh,Chenab,7700,N.R
Indus,Kalabagh,Chenab,7700,N.R
Indus,Kalabagh,Chenab,9825,N.R
Indus,Kalabagh,Chenab,8726,N.R
Indus,Kalabagh,Chenab,9200,N.R
Indus,Kalabagh,Chenab,9200,N.R
Indus,Kalabagh,Chenab,9200,N.R
Indus,Kalabagh,Chenab,10258,N.R
Indus,Kalabagh,Chenab,10739,N.R
Indus,Kalabagh,Chenab,11929,N.R
Indus,Kalabagh,Chenab,12584,N.R
Indus,Kalabagh,Chenab,12908,N.R
Indus,Kalabagh,Chenab,13700,N.R
Indus,Kalabagh,Chenab,13700,N.R
Indus,Kalabagh,Chenab,1751,N.R
Indus,Kalabagh,Chenab,1869,N.R
Indus,Kalabagh,Chenab,1728,N.R
Indus,Kalabagh,Chenab,1751,N.R
Indus,Kalabagh,Chenab,1941,N.R
Indus,Kalabagh,Chenab,1845,N.R
Indus,Kalabagh,Chenab,1705,N.R
Indus,Kalabagh,Chenab,Hdg-Up,N.R
Indus,Kalabagh,Chenab,800,N.R
Indus,Kalabagh,Chenab,800,N.R
Indus,Kalabagh,Chenab,800,N.R
Indus,Kalabagh,Chenab,1037,N.R
Indus,Kalabagh,Chenab,1037,N.R
Indus,Kalabagh,Chenab,1037,N.R
Indus,Kalabagh,Chenab,1616,N.R
Indus,Kalabagh,Chenab,1534,N.R
Indus,Kalabagh,Chenab,1494,N.R
Indus,Kalabagh,Chenab,1596,N.R
Indus,Kalabagh,Chenab,1658,N.R
Indus,Kalabagh,Chenab,2406,N.R
Indus,Kalabagh,Chenab,3261,N.R
Indus,Kalabagh,Chenab,2885,N.R
Indus,Kalabagh,Chenab,2654,N.R
Indus,Kalabagh,Chenab,3354,N.R
Indus,Kalabagh,Chenab,3597,N.R
Indus,Kalabagh,Chenab,3785,N.R
Indus,Kalabagh,Chenab,3912,N.R
Indus,Kalabagh,Chenab,4304,N.R
Indus,Kalabagh,Chenab,3535,N.R
Indus,Kalabagh,Chenab,3880,N.R
Indus,Kalabagh,Ravi,17460,N.R
Indus,Kalabagh,Ravi,17460,N.R
Indus,Kalabagh,Ravi,14190,N.R
Indus,Kalabagh,Ravi,9000,N.R
Indus,Kalabagh,Ravi,7500,N.R
Indus,Kalabagh,Ravi,9000,N.R
Indus,Kalabagh,Ravi,9000,N.R
Indus,Kalabagh,Ravi,9000,N.R
Indus,Kalabagh,Ravi,9000,N.R
Indus,Kalabagh,Ravi,9000,N.R
Indus,Kalabagh,Ravi,9000,N.R
Indus,Kalabagh,Ravi,9000,N.R
Indus,Kalabagh,Ravi,9000,N.R
Indus,Kalabagh,Ravi,9000,N.R
Indus,Kalabagh,Ravi,10680,N.R
Indus,Kalabagh,Ravi,12360,N.R
Indus,Kalabagh,Ravi,10120,N.R
Indus,Kalabagh,Ravi,8000,N.R
Indus,Kalabagh,Ravi,8000,N.R
Indus,Kalabagh,Ravi,8000,N.R
Indus,Kalabagh,Ravi,10000,N.R
Indus,Kalabagh,Ravi,12000,N.R
Indus,Kalabagh,Ravi,14500,N.R
Indus,Kalabagh,Ravi,16810,N.R
Indus,Kalabagh,Ravi,17385,N.R
Indus,Kalabagh,Ravi,14500,N.R
Indus,Kalabagh,Ravi,13500,N.R
Indus,Kalabagh,Ravi,13500,N.R
Indus,Kalabagh,Ravi,13500,N.R
Indus,Kalabagh,Ravi,16810,N.R
Indus,Kalabagh,Ravi,1600,N.R
Indus,Kalabagh,Ravi,1600,N.R
Indus,Kalabagh,Ravi,1600,N.R
Indus,Kalabagh,Ravi,2281,N.R
Indus,Kalabagh,Ravi,2922,N.R
Indus,Kalabagh,Ravi,2922,N.R
Indus,Kalabagh,Ravi,2595,N.R
Indus,Kalabagh,Ravi,1600,N.R
Indus,Kalabagh,Ravi,2595,N.R
Indus,Kalabagh,Ravi,3600,N.R
Indus,Kalabagh,Ravi,2800,N.R
Indus,Kalabagh,Ravi,3000,N.R
Indus,Kalabagh,Ravi,3600,N.R
Indus,Kalabagh,Ravi,4100,N.R
Indus,Kalabagh,Ravi,3600,N.R
Indus,Kalabagh,Ravi,4100,N.R
Indus,Kalabagh,Ravi,5652,N.R
Indus,Kalabagh,Ravi,6163,N.R
Indus,Kalabagh,Ravi,5752,N.R
Indus,Kalabagh,Ravi,6152,N.R
Indus,Kalabagh,Ravi,7900,N.R
Indus,Kalabagh,Ravi,8500,N.R
Indus,Kalabagh,Ravi,7100,N.R
Indus,Kalabagh,Ravi,8300,N.R
Indus,Kalabagh,Ravi,9700,N.R
Indus,Kalabagh,Ravi,9700,N.R
Indus,Kalabagh,Ravi,9700,N.R
Indus,Kalabagh,Ravi,11373,N.R
Indus,Kalabagh,Ravi,12300,N.R
Indus,Kalabagh,Ravi,12300,N.R
Indus,Kalabagh,Sutlej,9691,N.R
Indus,Kalabagh,Sutlej,10627,N.R
Indus,Kalabagh,Sutlej,10502,N.R
Indus,Kalabagh,Sutlej,5475,N.R
Indus,Kalabagh,Sutlej,5362,N.R
Indus,Kalabagh,Sutlej,5037,N.R
Indus,Kalabagh,Sutlej,5037,N.R
Indus,Kalabagh,Sutlej,5473,N.R
Indus,Kalabagh,Sutlej,6121,N.R
Indus,Kalabagh,Sutlej,5910,N.R
Indus,Kalabagh,Sutlej,6948,N.R
Indus,Kalabagh,Sutlej,6948,N.R
Indus,Kalabagh,Sutlej,7148,N.R
Indus,Kalabagh,Sutlej,6543,N.R
Indus,Kalabagh,Sutlej,6937,N.R
Indus,Kalabagh,Sutlej,6937,N.R
Indus,Kalabagh,Sutlej,6797,N.R
Indus,Kalabagh,Sutlej,6526,N.R
Indus,Kalabagh,Sutlej,5482,N.R
Indus,Kalabagh,Sutlej,5037,N.R
Indus,Kalabagh,Sutlej,5037,N.R
Indus,Kalabagh,Sutlej,5478,N.R
Indus,Kalabagh,Sutlej,7055,N.R
Indus,Kalabagh,Sutlej,8190,N.R
Indus,Kalabagh,Sutlej,9401,N.R
Indus,Kalabagh,Sutlej,8927,N.R
Indus,Kalabagh,Sutlej,9200,N.R
Indus,Kalabagh,Sutlej,7241,N.R
Indus,Kalabagh,Sutlej,7241,N.R
Indus,Kalabagh,Sutlej,7129,N.R
Indus,Kalabagh,Sutlej,NIL,N.R
Indus,Kalabagh,Sutlej,NIL,N.R
Indus,Kalabagh,Sutlej,NIL,N.R
Indus,Kalabagh,Sutlej,NIL,N.R
Indus,Kalabagh,Sutlej,NIL,N.R
Indus,Kalabagh,Sutlej,225,N.R
Indus,Kalabagh,Sutlej,225,N.R
Indus,Kalabagh,Sutlej,225,N.R
Indus,Kalabagh,Sutlej,225,N.R
Indus,Kalabagh,Sutlej,225,N.R
Indus,Kalabagh,Sutlej,225,N.R
Indus,Kalabagh,Sutlej,225,N.R
Indus,Kalabagh,Sutlej,225,N.R
Indus,Kalabagh,Sutlej,225,N.R
Indus,Kalabagh,Sutlej,225,N.R
Indus,Kalabagh,Sutlej,225,N.R
Indus,Kalabagh,Sutlej,225,N.R
Indus,Kalabagh,Sutlej,225,N.R
Indus,Kalabagh,Sutlej,225,N.R
Indus,Kalabagh,Sutlej,225,N.R
Indus,Kalabagh,Sutlej,225,N.R
Indus,Kalabagh,Sutlej,225,N.R
Indus,Kalabagh,Sutlej,NIL,N.R
Indus,Kalabagh,Sutlej,NIL,N.R
Indus,Kalabagh,Sutlej,NIL,N.R
Indus,Kalabagh,Sutlej,NIL,N.R
Indus,Kalabagh,Sutlej,NIL,N.R
Indus,Kalabagh,Sutlej,NIL,N.R
Indus,Kalabagh,Sutlej,NIL,N.R
Indus,Kalabagh,Sutlej,400,N.R
Indus,Kalabagh,2018-12-01 00:00:00,71048,67048
Indus,Kalabagh,2018-12-02 00:00:00,74695,70695
Indus,Kalabagh,2018-12-03 00:00:00,69235,65235
Indus,Kalabagh,2018-12-04 00:00:00,47872,43872
Indus,Kalabagh,2018-12-05 00:00:00,70020,66070
Indus,Kalabagh,2018-12-06 00:00:00,55357,51357
Indus,Kalabagh,2018-12-07 00:00:00,56234,52234
Indus,Kalabagh,2018-12-08 00:00:00,41331,37331
Indus,Kalabagh,2018-12-09 00:00:00,54287,50287
Indus,Kalabagh,2018-12-10 00:00:00,50402,46402
Indus,Kalabagh,2018-12-11 00:00:00,51847,47847
Indus,Kalabagh,2018-12-12 00:00:00,42306,38306
Indus,Kalabagh,2018-12-13 00:00:00,47102,43103
Indus,Kalabagh,2018-12-14 00:00:00,44747,40747
Indus,Kalabagh,2018-12-15 00:00:00,51135,47135
Indus,Kalabagh,2018-12-16 00:00:00,49636,45636
Indus,Kalabagh,2018-12-17 00:00:00,48197,44197
Indus,Kalabagh,2018-12-18 00:00:00,48947,44947
Indus,Kalabagh,2018-12-19 00:00:00,43196,39196
Indus,Kalabagh,2018-12-20 00:00:00,43562,39562
Indus,Kalabagh,2018-12-21 00:00:00,42712,39212
Indus,Kalabagh,2018-12-22 00:00:00,43021,39521
Indus,Kalabagh,2018-12-23 00:00:00,34046,30546
Indus,Kalabagh,2018-12-24 00:00:00,31042,27542
Indus,Kalabagh,2018-12-25 00:00:00,27662,24162
Indus,Kalabagh,2018-12-26 00:00:00,26527,23027
Indus,Kalabagh,2018-12-27 00:00:00,23396,19896
Indus,Kalabagh,2018-12-28 00:00:00,23678,20178
Indus,Kalabagh,2018-12-29 00:00:00,37948,34448
Indus,Kalabagh,2018-12-30 00:00:00,22425,18925
Indus,Kalabagh,2018-12-31 00:00:00,17303,13803
Indus,Taunsa Barrage,2018-12-01 00:00:00,57395,49589
Indus,Taunsa Barrage,2018-12-02 00:00:00,56416,48743
Indus,Taunsa Barrage,2018-12-03 00:00:00,54950,47477
Indus,Taunsa Barrage,2018-12-04 00:00:00,48418,42697
Indus,Taunsa Barrage,2018-12-05 00:00:00,46932,42661
Indus,Taunsa Barrage,2018-12-06 00:00:00,46216,42010
Indus,Taunsa Barrage,2018-12-07 00:00:00,44813,40740
Indus,Taunsa Barrage,2018-12-08 00:00:00,42024,38200
Indus,Taunsa Barrage,2018-12-09 00:00:00,39104,35546
Indus,Taunsa Barrage,2018-12-10 00:00:00,36468,36468
Indus,Taunsa Barrage,2018-12-11 00:00:00,33802,33302
Indus,Taunsa Barrage,2018-12-12 00:00:00,32769,32469
Indus,Taunsa Barrage,2018-12-13 00:00:00,32769,32469
Indus,Taunsa Barrage,2018-12-14 00:00:00,31436,31136
Indus,Taunsa Barrage,2018-12-15 00:00:00,29916,29616
Indus,Taunsa Barrage,2018-12-16 00:00:00,29916,29616
Indus,Taunsa Barrage,2018-12-17 00:00:00,28523,29616
Indus,Taunsa Barrage,2018-12-18 00:00:00,28240,28293
Indus,Taunsa Barrage,2018-12-19 00:00:00,28062,27940
Indus,Taunsa Barrage,2018-12-20 00:00:00,28062,27762
Indus,Taunsa Barrage,2018-12-21 00:00:00,28062,27762
Indus,Taunsa Barrage,2018-12-22 00:00:00,28062,27762
Indus,Taunsa Barrage,2018-12-23 00:00:00,28062,27762
Indus,Taunsa Barrage,2018-12-24 00:00:00,25462,27762
Indus,Taunsa Barrage,2018-12-25 00:00:00,24091,23791
Indus,Taunsa Barrage,2018-12-26 00:00:00,24091,23791
Indus,Taunsa Barrage,2018-12-27 00:00:00,24842,24642
Indus,Taunsa Barrage,2018-12-28 00:00:00,22417,22117
Indus,Taunsa Barrage,2018-12-29 00:00:00,18753,18453
Indus,Taunsa Barrage,2018-12-30 00:00:00,17711,17711
Indus,Taunsa Barrage,2018-12-31 00:00:00,18192,18192
Indus,Chashma Barrage,2018-12-01 00:00:00,64512,44000
Indus,Chashma Barrage,2018-12-02 00:00:00,54507,44000
Indus,Chashma Barrage,2018-12-03 00:00:00,54112,44000
Indus,Chashma Barrage,2018-12-04 00:00:00,45363,44000
Indus,Chashma Barrage,2018-12-05 00:00:00,48200,44000
Indus,Chashma Barrage,2018-12-06 00:00:00,46250,35000
Indus,Chashma Barrage,2018-12-07 00:00:00,37081,35000
Indus,Chashma Barrage,2018-12-08 00:00:00,36478,29000
Indus,Chashma Barrage,2018-12-09 00:00:00,28741,29000
Indus,Chashma Barrage,2018-12-10 00:00:00,29044,29000
Indus,Chashma Barrage,2018-12-11 00:00:00,35010,29000
Indus,Chashma Barrage,2018-12-12 00:00:00,31754,29000
Indus,Chashma Barrage,2018-12-13 00:00:00,26606,29000
Indus,Chashma Barrage,2018-12-14 00:00:00,32582,29000
Indus,Chashma Barrage,2018-12-15 00:00:00,25234,29000
Indus,Chashma Barrage,2018-12-16 00:00:00,36394,29000
Indus,Chashma Barrage,2018-12-17 00:00:00,33337,29000
Indus,Chashma Barrage,2018-12-18 00:00:00,31300,29000
Indus,Chashma Barrage,2018-12-19 00:00:00,31300,29000
Indus,Chashma Barrage,2018-12-20 00:00:00,24169,29000
Indus,Chashma Barrage,2018-12-21 00:00:00,25300,23000
Indus,Chashma Barrage,2018-12-22 00:00:00,26319,23000
Indus,Chashma Barrage,2018-12-23 00:00:00,26373,23000
Indus,Chashma Barrage,2018-12-24 00:00:00,14323,23000
Indus,Chashma Barrage,2018-12-25 00:00:00,14713,23000
Indus,Chashma Barrage,2018-12-26 00:00:00,22575,13000
Indus,Chashma Barrage,2018-12-27 00:00:00,15211,13000
Indus,Chashma Barrage,2018-12-28 00:00:00,14577,13000
Indus,Chashma Barrage,2018-12-29 00:00:00,14823,13000
Indus,Chashma Barrage,2018-12-30 00:00:00,15532,13000
Indus,Chashma Barrage,2018-12-31 00:00:00,18162,13000
Jhelum,Rasul Barrage,2018-12-01 00:00:00,736.6,719
Jhelum,Rasul Barrage,2018-12-02 00:00:00,736.5,719
Jhelum,Rasul Barrage,2018-12-03 00:00:00,736.3,719
Jhelum,Rasul Barrage,2018-12-04 00:00:00,736.4,719
Jhelum,Rasul Barrage,2018-12-05 00:00:00,736.5,719
Jhelum,Rasul Barrage,2018-12-06 00:00:00,735.6,719
Jhelum,Rasul Barrage,2018-12-07 00:00:00,735.5,719
Jhelum,Rasul Barrage,2018-12-08 00:00:00,735.5,719
Jhelum,Rasul Barrage,2018-12-09 00:00:00,735.4,719
Jhelum,Rasul Barrage,2018-12-10 00:00:00,735.5,719
Jhelum,Rasul Barrage,2018-12-11 00:00:00,736,719
Jhelum,Rasul Barrage,2018-12-12 00:00:00,736.1,719
Jhelum,Rasul Barrage,2018-12-13 00:00:00,736.2,719
Jhelum,Rasul Barrage,2018-12-14 00:00:00,735.7,719
Jhelum,Rasul Barrage,2018-12-15 00:00:00,735.6,719
Jhelum,Rasul Barrage,2018-12-16 00:00:00,735.3,719
Jhelum,Rasul Barrage,2018-12-17 00:00:00,735.3,719
Jhelum,Rasul Barrage,2018-12-18 00:00:00,736.7,719
Jhelum,Rasul Barrage,2018-12-19 00:00:00,736.5,719
Jhelum,Rasul Barrage,2018-12-20 00:00:00,736.8,719
Jhelum,Rasul Barrage,2018-12-21 00:00:00,736.9,719
Jhelum,Rasul Barrage,2018-12-22 00:00:00,736.8,719
Jhelum,Rasul Barrage,2018-12-23 00:00:00,736.9,719
Jhelum,Rasul Barrage,2018-12-24 00:00:00,736.9,719
Jhelum,Rasul Barrage,2018-12-25 00:00:00,732.5,718.3
Jhelum,Rasul Barrage,2018-12-26 00:00:00,732.6,711
Jhelum,Rasul Barrage,2018-12-27 00:00:00,732.7,701
Jhelum,Rasul Barrage,2018-12-28 00:00:00,732.8,701
Jhelum,Rasul Barrage,2018-12-29 00:00:00,733.1,700
Jhelum,Rasul Barrage,2018-12-30 00:00:00,733.2,700
Jhelum,Rasul Barrage,2018-12-31 00:00:00,733.1,700
Chenab,Marala H/W,2018-12-01 00:00:00,8375,4000
Chenab,Marala H/W,2018-12-02 00:00:00,8774,4000
Chenab,Marala H/W,2018-12-03 00:00:00,8375,4000
Chenab,Marala H/W,2018-12-04 00:00:00,8109,4000
Chenab,Marala H/W,2018-12-05 00:00:00,8109,4000
Chenab,Marala H/W,2018-12-06 00:00:00,7842,4000
Chenab,Marala H/W,2018-12-07 00:00:00,7842,4000
Chenab,Marala H/W,2018-12-08 00:00:00,7842,4000
Chenab,Marala H/W,2018-12-09 00:00:00,8109,4000
Chenab,Marala H/W,2018-12-10 00:00:00,9840,4000
Chenab,Marala H/W,2018-12-11 00:00:00,7842,4000
Chenab,Marala H/W,2018-12-12 00:00:00,7842,4000
Chenab,Marala H/W,2018-12-13 00:00:00,7842,6373
Chenab,Marala H/W,2018-12-14 00:00:00,12880,4794
Chenab,Marala H/W,2018-12-15 00:00:00,8794,4000
Chenab,Marala H/W,2018-12-16 00:00:00,7500,4000
Chenab,Marala H/W,2018-12-17 00:00:00,7109,3000
Chenab,Marala H/W,2018-12-18 00:00:00,7109,3000
Chenab,Marala H/W,2018-12-19 00:00:00,7109,3000
Chenab,Marala H/W,2018-12-20 00:00:00,7109,3000
Chenab,Marala H/W,2018-12-21 00:00:00,6044,3000
Chenab,Marala H/W,2018-12-22 00:00:00,5513,3000
Chenab,Marala H/W,2018-12-23 00:00:00,6177,3000
Chenab,Marala H/W,2018-12-24 00:00:00,6177,3000
Chenab,Marala H/W,2018-12-25 00:00:00,6177,3000
Chenab,Marala H/W,2018-12-26 00:00:00,6252,6252
Chenab,Marala H/W,2018-12-27 00:00:00,9288,9288
Chenab,Marala H/W,2018-12-28 00:00:00,9288,9288
Chenab,Marala H/W,2018-12-29 00:00:00,7178,7178
Chenab,Marala H/W,2018-12-30 00:00:00,7178,7178
Chenab,Marala H/W,2018-12-31 00:00:00,7178,7178
Chenab,Khanki H/W,2018-12-01 00:00:00,6353,NIL
Chenab,Khanki H/W,2018-12-02 00:00:00,7261,864
Chenab,Khanki H/W,2018-12-03 00:00:00,7261,864
Chenab,Khanki H/W,2018-12-04 00:00:00,6443,864
Chenab,Khanki H/W,2018-12-05 00:00:00,6443,864
Chenab,Khanki H/W,2018-12-06 00:00:00,6443,864
Chenab,Khanki H/W,2018-12-07 00:00:00,6443,864
Chenab,Khanki H/W,2018-12-08 00:00:00,6443,864
Chenab,Khanki H/W,2018-12-09 00:00:00,6443,864
Chenab,Khanki H/W,2018-12-10 00:00:00,8122,1679
Chenab,Khanki H/W,2018-12-11 00:00:00,6679,1679
Chenab,Khanki H/W,2018-12-12 00:00:00,6679,1679
Chenab,Khanki H/W,2018-12-13 00:00:00,7543,2543
Chenab,Khanki H/W,2018-12-14 00:00:00,6679,1679
Chenab,Khanki H/W,2018-12-15 00:00:00,9222,4222
Chenab,Khanki H/W,2018-12-16 00:00:00,9222,4222
Chenab,Khanki H/W,2018-12-17 00:00:00,6679,1679
Chenab,Khanki H/W,2018-12-18 00:00:00,5864,864
Chenab,Khanki H/W,2018-12-19 00:00:00,5864,864
Chenab,Khanki H/W,2018-12-20 00:00:00,6679,1679
Chenab,Khanki H/W,2018-12-21 00:00:00,5000,NIL
Chenab,Khanki H/W,2018-12-22 00:00:00,5000,NIL
Chenab,Khanki H/W,2018-12-23 00:00:00,5864,864
Chenab,Khanki H/W,2018-12-24 00:00:00,6679,1679
Chenab,Khanki H/W,2018-12-25 00:00:00,6679,1679
Chenab,Khanki H/W,2018-12-26 00:00:00,5000,NIL
Chenab,Khanki H/W,2018-12-27 00:00:00,17001,10074
Chenab,Khanki H/W,2018-12-28 00:00:00,10262,3358
Chenab,Khanki H/W,2018-12-29 00:00:00,10309,3358
Chenab,Khanki H/W,2018-12-30 00:00:00,10309,3358
Chenab,Khanki H/W,2018-12-31 00:00:00,8830,1679
Chenab,Qadirabad Barrage,2018-12-01 00:00:00,13000,NIL
Chenab,Qadirabad Barrage,2018-12-02 00:00:00,12000,NIL
Chenab,Qadirabad Barrage,2018-12-03 00:00:00,12000,NIL
Chenab,Qadirabad Barrage,2018-12-04 00:00:00,13070,NIL
Chenab,Qadirabad Barrage,2018-12-05 00:00:00,13000,NIL
Chenab,Qadirabad Barrage,2018-12-06 00:00:00,11600,NIL
Chenab,Qadirabad Barrage,2018-12-07 00:00:00,11600,NIL
Chenab,Qadirabad Barrage,2018-12-08 00:00:00,11650,NIL
Chenab,Qadirabad Barrage,2018-12-09 00:00:00,12678,NIL
Chenab,Qadirabad Barrage,2018-12-10 00:00:00,12678,NIL
Chenab,Qadirabad Barrage,2018-12-11 00:00:00,13428,NIL
Chenab,Qadirabad Barrage,2018-12-12 00:00:00,10600,NIL
Chenab,Qadirabad Barrage,2018-12-13 00:00:00,11500,NIL
Chenab,Qadirabad Barrage,2018-12-14 00:00:00,11500,NIL
Chenab,Qadirabad Barrage,2018-12-15 00:00:00,11150,NIL
Chenab,Qadirabad Barrage,2018-12-16 00:00:00,13507,NIL
Chenab,Qadirabad Barrage,2018-12-17 00:00:00,12000,NIL
Chenab,Qadirabad Barrage,2018-12-18 00:00:00,9200,NIL
Chenab,Qadirabad Barrage,2018-12-19 00:00:00,9025,NIL
Chenab,Qadirabad Barrage,2018-12-20 00:00:00,9025,NIL
Chenab,Qadirabad Barrage,2018-12-21 00:00:00,9025,NIL
Chenab,Qadirabad Barrage,2018-12-22 00:00:00,7700,NIL
Chenab,Qadirabad Barrage,2018-12-23 00:00:00,7700,NIL
Chenab,Qadirabad Barrage,2018-12-24 00:00:00,7700,NIL
Chenab,Qadirabad Barrage,2018-12-25 00:00:00,9200,NIL
Chenab,Qadirabad Barrage,2018-12-26 00:00:00,4140,NIL
Chenab,Qadirabad Barrage,2018-12-27 00:00:00,2811,NIL
Chenab,Qadirabad Barrage,2018-12-28 00:00:00,8182,NIL
Chenab,Qadirabad Barrage,2018-12-29 00:00:00,2240,NIL
Chenab,Qadirabad Barrage,2018-12-30 00:00:00,2240,NIL
Chenab,Qadirabad Barrage,2018-12-31 00:00:00,3293,NIL
Chenab,Trimmu H/W,2018-12-01 00:00:00,4999,NIL
Chenab,Trimmu H/W,2018-12-02 00:00:00,4999,NIL
Chenab,Trimmu H/W,2018-12-03 00:00:00,6300,NIL
Chenab,Trimmu H/W,2018-12-04 00:00:00,9218,2918
Chenab,Trimmu H/W,2018-12-05 00:00:00,7738,1488
Chenab,Trimmu H/W,2018-12-06 00:00:00,14338,8038
Chenab,Trimmu H/W,2018-12-07 00:00:00,14338,8038
Chenab,Trimmu H/W,2018-12-08 00:00:00,12354,6054
Chenab,Trimmu H/W,2018-12-09 00:00:00,11702,5402
Chenab,Trimmu H/W,2018-12-10 00:00:00,11702,5402
Chenab,Trimmu H/W,2018-12-11 00:00:00,13605,7305
Chenab,Trimmu H/W,2018-12-12 00:00:00,8384,2084
Chenab,Trimmu H/W,2018-12-13 00:00:00,8384,2084
Chenab,Trimmu H/W,2018-12-14 00:00:00,9732,3432
Chenab,Trimmu H/W,2018-12-15 00:00:00,9732,3432
Chenab,Trimmu H/W,2018-12-16 00:00:00,9732,3432
Chenab,Trimmu H/W,2018-12-17 00:00:00,9732,3432
Chenab,Trimmu H/W,2018-12-18 00:00:00,9732,3432
Chenab,Trimmu H/W,2018-12-19 00:00:00,9732,3432
Chenab,Trimmu H/W,2018-12-20 00:00:00,9732,3432
Chenab,Trimmu H/W,2018-12-21 00:00:00,8409,2109
Chenab,Trimmu H/W,2018-12-22 00:00:00,8409,2109
Chenab,Trimmu H/W,2018-12-23 00:00:00,8409,2109
Chenab,Trimmu H/W,2018-12-24 00:00:00,8409,2109
Chenab,Trimmu H/W,2018-12-25 00:00:00,9774,3474
Chenab,Trimmu H/W,2018-12-26 00:00:00,9774,3474
Chenab,Trimmu H/W,2018-12-27 00:00:00,9774,3474
Chenab,Trimmu H/W,2018-12-28 00:00:00,8441,2141
Chenab,Trimmu H/W,2018-12-29 00:00:00,6300,NIL
Chenab,Trimmu H/W,2018-12-30 00:00:00,6300,NIL
Chenab,Trimmu H/W,2018-12-31 00:00:00,6300,NIL
Chenab,Panjnad H/W,2018-12-01 00:00:00,3806,NIL
Chenab,Panjnad H/W,2018-12-02 00:00:00,3893,NIL
Chenab,Panjnad H/W,2018-12-03 00:00:00,3893,NIL
Chenab,Panjnad H/W,2018-12-04 00:00:00,3893,NIL
Chenab,Panjnad H/W,2018-12-05 00:00:00,3893,NIL
Chenab,Panjnad H/W,2018-12-06 00:00:00,3704,NIL
Chenab,Panjnad H/W,2018-12-07 00:00:00,2525,NIL
Chenab,Panjnad H/W,2018-12-08 00:00:00,2219,NIL
Chenab,Panjnad H/W,2018-12-09 00:00:00,2219,NIL
Chenab,Panjnad H/W,2018-12-10 00:00:00,2219,NIL
Chenab,Panjnad H/W,2018-12-11 00:00:00,3288,NIL
Chenab,Panjnad H/W,2018-12-12 00:00:00,2356,NIL
Chenab,Panjnad H/W,2018-12-13 00:00:00,3288,NIL
Chenab,Panjnad H/W,2018-12-14 00:00:00,2411,NIL
Chenab,Panjnad H/W,2018-12-15 00:00:00,3288,NIL
Chenab,Panjnad H/W,2018-12-16 00:00:00,2639,NIL
Chenab,Panjnad H/W,2018-12-17 00:00:00,2874,NIL
Chenab,Panjnad H/W,2018-12-18 00:00:00,2247,NIL
Chenab,Panjnad H/W,2018-12-19 00:00:00,2581,NIL
Chenab,Panjnad H/W,2018-12-20 00:00:00,2581,NIL
Chenab,Panjnad H/W,2018-12-21 00:00:00,2411,NIL
Chenab,Panjnad H/W,2018-12-22 00:00:00,2525,NIL
Chenab,Panjnad H/W,2018-12-23 00:00:00,2468,NIL
Chenab,Panjnad H/W,2018-12-24 00:00:00,2468,NIL
Chenab,Panjnad H/W,2018-12-25 00:00:00,2468,NIL
Chenab,Panjnad H/W,2018-12-26 00:00:00,2317,NIL
Chenab,Panjnad H/W,2018-12-27 00:00:00,2008,NIL
Chenab,Panjnad H/W,2018-12-28 00:00:00,1930,NIL
Chenab,Panjnad H/W,2018-12-29 00:00:00,1904,NIL
Chenab,Panjnad H/W,2018-12-30 00:00:00,2082,NIL
Chenab,Panjnad H/W,2018-12-31 00:00:00,2112,NIL
Ravi,Balloki H/W,2018-12-01 00:00:00,904.4,633
Ravi,Balloki H/W,2018-12-02 00:00:00,904.4,633
Ravi,Balloki H/W,2018-12-03 00:00:00,904.4,633
Ravi,Balloki H/W,2018-12-04 00:00:00,904.4,633
Ravi,Balloki H/W,2018-12-05 00:00:00,904.4,633
Ravi,Balloki H/W,2018-12-06 00:00:00,904.4,633
Ravi,Balloki H/W,2018-12-07 00:00:00,904.4,633
Ravi,Balloki H/W,2018-12-08 00:00:00,904.4,633
Ravi,Balloki H/W,2018-12-09 00:00:00,904.4,633
Ravi,Balloki H/W,2018-12-10 00:00:00,904.4,633
Ravi,Balloki H/W,2018-12-11 00:00:00,904.4,633
Ravi,Balloki H/W,2018-12-12 00:00:00,904.4,633
Ravi,Balloki H/W,2018-12-13 00:00:00,904.4,633
Ravi,Balloki H/W,2018-12-14 00:00:00,904.4,633
Ravi,Balloki H/W,2018-12-15 00:00:00,904.4,633
Ravi,Balloki H/W,2018-12-16 00:00:00,904.3,633
Ravi,Balloki H/W,2018-12-17 00:00:00,904.3,633
Ravi,Balloki H/W,2018-12-18 00:00:00,904.3,633
Ravi,Balloki H/W,2018-12-19 00:00:00,904.3,633
Ravi,Balloki H/W,2018-12-20 00:00:00,904.3,633
Ravi,Balloki H/W,2018-12-21 00:00:00,904.3,633
Ravi,Balloki H/W,2018-12-22 00:00:00,904.3,633
Ravi,Balloki H/W,2018-12-23 00:00:00,904.3,633
Ravi,Balloki H/W,2018-12-24 00:00:00,904.3,632.5
Ravi,Balloki H/W,2018-12-25 00:00:00,904.3,632.5
Ravi,Balloki H/W,2018-12-26 00:00:00,904.3,632.5
Ravi,Balloki H/W,2018-12-27 00:00:00,904.3,632.5
Ravi,Balloki H/W,2018-12-28 00:00:00,904.3,632.5
Ravi,Balloki H/W,2018-12-29 00:00:00,904.3,631
Ravi,Balloki H/W,2018-12-30 00:00:00,904.3,627
Ravi,Balloki H/W,2018-12-31 00:00:00,904.3,625.8
Ravi,Sidhnai H/W,2018-12-01 00:00:00,5000,NIL
Ravi,Sidhnai H/W,2018-12-02 00:00:00,5000,NIL
Ravi,Sidhnai H/W,2018-12-03 00:00:00,5000,NIL
Ravi,Sidhnai H/W,2018-12-04 00:00:00,5000,NIL
Ravi,Sidhnai H/W,2018-12-05 00:00:00,5000,NIL
Ravi,Sidhnai H/W,2018-12-06 00:00:00,4700,NIL
Ravi,Sidhnai H/W,2018-12-07 00:00:00,5000,NIL
Ravi,Sidhnai H/W,2018-12-08 00:00:00,4700,NIL
Ravi,Sidhnai H/W,2018-12-09 00:00:00,4700,NIL
Ravi,Sidhnai H/W,2018-12-10 00:00:00,4700,NIL
Ravi,Sidhnai H/W,2018-12-11 00:00:00,4800,NIL
Ravi,Sidhnai H/W,2018-12-12 00:00:00,4600,NIL
Ravi,Sidhnai H/W,2018-12-13 00:00:00,4700,NIL
Ravi,Sidhnai H/W,2018-12-14 00:00:00,4700,NIL
Ravi,Sidhnai H/W,2018-12-15 00:00:00,4700,NIL
Ravi,Sidhnai H/W,2018-12-16 00:00:00,4700,NIL
Ravi,Sidhnai H/W,2018-12-17 00:00:00,4513,NIL
Ravi,Sidhnai H/W,2018-12-18 00:00:00,4513,NIL
Ravi,Sidhnai H/W,2018-12-19 00:00:00,4700,NIL
Ravi,Sidhnai H/W,2018-12-20 00:00:00,4700,NIL
Ravi,Sidhnai H/W,2018-12-21 00:00:00,4700,NIL
Ravi,Sidhnai H/W,2018-12-22 00:00:00,4700,NIL
Ravi,Sidhnai H/W,2018-12-23 00:00:00,4700,NIL
Ravi,Sidhnai H/W,2018-12-24 00:00:00,4513,NIL
Ravi,Sidhnai H/W,2018-12-25 00:00:00,4513,NIL
Ravi,Sidhnai H/W,2018-12-26 00:00:00,4700,NIL
Ravi,Sidhnai H/W,2018-12-27 00:00:00,4700,NIL
Ravi,Sidhnai H/W,2018-12-28 00:00:00,4296,NIL
Ravi,Sidhnai H/W,2018-12-29 00:00:00,4513,NIL
Ravi,Sidhnai H/W,2018-12-30 00:00:00,4004,NIL
Ravi,Sidhnai H/W,2018-12-31 00:00:00,4700,NIL
Sutlej,Suleimanki H/W,2018-12-01 00:00:00,7664,NIL
Sutlej,Suleimanki H/W,2018-12-02 00:00:00,7664,NIL
Sutlej,Suleimanki H/W,2018-12-03 00:00:00,7182,NIL
Sutlej,Suleimanki H/W,2018-12-04 00:00:00,6519,NIL
Sutlej,Suleimanki H/W,2018-12-05 00:00:00,6708,NIL
Sutlej,Suleimanki H/W,2018-12-06 00:00:00,7033,NIL
Sutlej,Suleimanki H/W,2018-12-07 00:00:00,7033,NIL
Sutlej,Suleimanki H/W,2018-12-08 00:00:00,6028,NIL
Sutlej,Suleimanki H/W,2018-12-09 00:00:00,6028,NIL
Sutlej,Suleimanki H/W,2018-12-10 00:00:00,6808,NIL
Sutlej,Suleimanki H/W,2018-12-11 00:00:00,6625,1620
Sutlej,Suleimanki H/W,2018-12-12 00:00:00,8195,2190
Sutlej,Suleimanki H/W,2018-12-13 00:00:00,9656,3651
Sutlej,Suleimanki H/W,2018-12-14 00:00:00,8051,2046
Sutlej,Suleimanki H/W,2018-12-15 00:00:00,8051,2046
Sutlej,Suleimanki H/W,2018-12-16 00:00:00,7085,1080
Sutlej,Suleimanki H/W,2018-12-17 00:00:00,7085,1080
Sutlej,Suleimanki H/W,2018-12-18 00:00:00,7085,1080
Sutlej,Suleimanki H/W,2018-12-19 00:00:00,8111,2106
Sutlej,Suleimanki H/W,2018-12-20 00:00:00,7358,1353
Sutlej,Suleimanki H/W,2018-12-21 00:00:00,6005,NIL
Sutlej,Suleimanki H/W,2018-12-22 00:00:00,5410,NIL
Sutlej,Suleimanki H/W,2018-12-23 00:00:00,4895,NIL
Sutlej,Suleimanki H/W,2018-12-24 00:00:00,5410,NIL
Sutlej,Suleimanki H/W,2018-12-25 00:00:00,4215,NIL
Sutlej,Suleimanki H/W,2018-12-26 00:00:00,4215,NIL
Sutlej,Suleimanki H/W,2018-12-27 00:00:00,4510,NIL
Sutlej,Suleimanki H/W,2018-12-28 00:00:00,5121,NIL
Sutlej,Suleimanki H/W,2018-12-29 00:00:00,2735,NIL
Sutlej,Suleimanki H/W,2018-12-30 00:00:00,2032,2032
Sutlej,Suleimanki H/W,2018-12-31 00:00:00,2653,2653
Indus,Kalabagh,2018-01-01 00:00:00,17677,13677
Indus,Kalabagh,2018-01-02 00:00:00,19196,15196
Indus,Kalabagh,2018-01-03 00:00:00,20146,17146
Indus,Kalabagh,2018-01-04 00:00:00,14306,11306
Indus,Kalabagh,2018-01-05 00:00:00,17239,14239
Indus,Kalabagh,2018-01-06 00:00:00,16876,13876
Indus,Kalabagh,2018-01-07 00:00:00,14574,11574
Indus,Kalabagh,2018-01-08 00:00:00,17080,14080
Indus,Kalabagh,2018-01-09 00:00:00,15521,13321
Indus,Kalabagh,2018-01-10 00:00:00,17020,15320
Indus,Kalabagh,2018-01-11 00:00:00,19573,18373
Indus,Kalabagh,2018-01-12 00:00:00,18596,17896
Indus,Kalabagh,2018-01-13 00:00:00,18636,18636
Indus,Kalabagh,2018-01-14 00:00:00,15678,15678
Indus,Kalabagh,2018-01-15 00:00:00,17056,17056
Indus,Kalabagh,2018-01-16 00:00:00,16484,16484
Indus,Kalabagh,2018-01-17 00:00:00,27817,27817
Indus,Kalabagh,2018-01-18 00:00:00,25236,25236
Indus,Kalabagh,2018-01-19 00:00:00,28546,28546
Indus,Kalabagh,2018-01-20 00:00:00,21726,21726
Indus,Kalabagh,2018-01-21 00:00:00,25684,25684
Indus,Kalabagh,2018-01-22 00:00:00,20516,20516
Indus,Kalabagh,2018-01-23 00:00:00,24905,24905
Indus,Kalabagh,2018-01-24 00:00:00,23807,23807
Indus,Kalabagh,2018-01-25 00:00:00,25237,25237
Indus,Kalabagh,2018-01-26 00:00:00,27089,27089
Indus,Kalabagh,2018-01-27 00:00:00,23807,23807
Indus,Kalabagh,2018-01-28 00:00:00,26446,26446
Indus,Kalabagh,2018-01-29 00:00:00,27817,27817
Indus,Kalabagh,2018-01-30 00:00:00,25684,25684
Indus,Kalabagh,2018-01-31 00:00:00,24313,24313
Indus,Taunsa Barrage,2018-01-01 00:00:00,14260,14260
Indus,Taunsa Barrage,2018-01-02 00:00:00,13486,13486
Indus,Taunsa Barrage,2018-01-03 00:00:00,14583,14593
Indus,Taunsa Barrage,2018-01-04 00:00:00,11291,11291
Indus,Taunsa Barrage,2018-01-05 00:00:00,11291,11291
Indus,Taunsa Barrage,2018-01-06 00:00:00,11291,11291
Indus,Taunsa Barrage,2018-01-07 00:00:00,10918,10918
Indus,Taunsa Barrage,2018-01-08 00:00:00,10918,10918
Indus,Taunsa Barrage,2018-01-09 00:00:00,11012,11012
Indus,Taunsa Barrage,2018-01-10 00:00:00,11012,11012
Indus,Taunsa Barrage,2018-01-11 00:00:00,11012,11012
Indus,Taunsa Barrage,2018-01-12 00:00:00,12140,12140
Indus,Taunsa Barrage,2018-01-13 00:00:00,12463,12463
Indus,Taunsa Barrage,2018-01-14 00:00:00,15352,15352
Indus,Taunsa Barrage,2018-01-15 00:00:00,16481,16481
Indus,Taunsa Barrage,2018-01-16 00:00:00,12009,12009
Indus,Taunsa Barrage,2018-01-17 00:00:00,17936,17936
Indus,Taunsa Barrage,2018-01-18 00:00:00,17936,17936
Indus,Taunsa Barrage,2018-01-19 00:00:00,24606,24606
Indus,Taunsa Barrage,2018-01-20 00:00:00,28633,26683
Indus,Taunsa Barrage,2018-01-21 00:00:00,29667,29667
Indus,Taunsa Barrage,2018-01-22 00:00:00,29667,29667
Indus,Taunsa Barrage,2018-01-23 00:00:00,25944,25944
Indus,Taunsa Barrage,2018-01-24 00:00:00,31622,31622
Indus,Taunsa Barrage,2018-01-25 00:00:00,31622,31622
Indus,Taunsa Barrage,2018-01-26 00:00:00,31622,31622
Indus,Taunsa Barrage,2018-01-27 00:00:00,30784,30784
Indus,Taunsa Barrage,2018-01-28 00:00:00,30784,30784
Indus,Taunsa Barrage,2018-01-29 00:00:00,30771,30771
Indus,Taunsa Barrage,2018-01-30 00:00:00,30771,30771
Indus,Taunsa Barrage,2018-01-31 00:00:00,30771,30771
Indus,Chashma Barrage,2018-01-01 00:00:00,8822,8000
Indus,Chashma Barrage,2018-01-02 00:00:00,11842,8000
Indus,Chashma Barrage,2018-01-03 00:00:00,9405,8000
Indus,Chashma Barrage,2018-01-04 00:00:00,12834,8000
Indus,Chashma Barrage,2018-01-05 00:00:00,12834,8000
Indus,Chashma Barrage,2018-01-06 00:00:00,11166,8000
Indus,Chashma Barrage,2018-01-07 00:00:00,11925,8000
Indus,Chashma Barrage,2018-01-08 00:00:00,10141,8000
Indus,Chashma Barrage,2018-01-09 00:00:00,13296,8000
Indus,Chashma Barrage,2018-01-10 00:00:00,11305,8000
Indus,Chashma Barrage,2018-01-11 00:00:00,14070,14904
Indus,Chashma Barrage,2018-01-12 00:00:00,16573,16573
Indus,Chashma Barrage,2018-01-13 00:00:00,8000,8000
Indus,Chashma Barrage,2018-01-14 00:00:00,18834,18000
Indus,Chashma Barrage,2018-01-15 00:00:00,13828,18000
Indus,Chashma Barrage,2018-01-16 00:00:00,17939,28000
Indus,Chashma Barrage,2018-01-17 00:00:00,9945,16790
Indus,Chashma Barrage,2018-01-18 00:00:00,33373,28000
Indus,Chashma Barrage,2018-01-19 00:00:00,28000,28000
Indus,Chashma Barrage,2018-01-20 00:00:00,29472,28000
Indus,Chashma Barrage,2018-01-21 00:00:00,32945,30000
Indus,Chashma Barrage,2018-01-22 00:00:00,33779,30000
Indus,Chashma Barrage,2018-01-23 00:00:00,30834,30000
Indus,Chashma Barrage,2018-01-24 00:00:00,31669,30000
Indus,Chashma Barrage,2018-01-25 00:00:00,32503,30000
Indus,Chashma Barrage,2018-01-26 00:00:00,32503,30000
Indus,Chashma Barrage,2018-01-27 00:00:00,31852,30000
Indus,Chashma Barrage,2018-01-28 00:00:00,30000,30000
Indus,Chashma Barrage,2018-01-29 00:00:00,30000,30000
Indus,Chashma Barrage,2018-01-30 00:00:00,30926,30000
Indus,Chashma Barrage,2018-01-31 00:00:00,31856,30000
Jhelum,Rasul Barrage,2018-01-01 00:00:00,732.3,699.9
Jhelum,Rasul Barrage,2018-01-02 00:00:00,732.2,700.1
Jhelum,Rasul Barrage,2018-01-03 00:00:00,732.2,700.1
Jhelum,Rasul Barrage,2018-01-04 00:00:00,732.1,700.1
Jhelum,Rasul Barrage,2018-01-05 00:00:00,732.4,700
Jhelum,Rasul Barrage,2018-01-06 00:00:00,732.6,700
Jhelum,Rasul Barrage,2018-01-07 00:00:00,732.5,700.1
Jhelum,Rasul Barrage,2018-01-08 00:00:00,732.3,700
Jhelum,Rasul Barrage,2018-01-09 00:00:00,733,700
Jhelum,Rasul Barrage,2018-01-10 00:00:00,733,700.05
Jhelum,Rasul Barrage,2018-01-11 00:00:00,733.1,700.1
Jhelum,Rasul Barrage,2018-01-12 00:00:00,732.6,700
Jhelum,Rasul Barrage,2018-01-13 00:00:00,732.5,700.3
Jhelum,Rasul Barrage,2018-01-14 00:00:00,732.6,700.2
Jhelum,Rasul Barrage,2018-01-15 00:00:00,732.3,710.3
Jhelum,Rasul Barrage,2018-01-16 00:00:00,732.5,713.4
Jhelum,Rasul Barrage,2018-01-17 00:00:00,732.6,714.8
Jhelum,Rasul Barrage,2018-01-18 00:00:00,732.6,715.8
Jhelum,Rasul Barrage,2018-01-19 00:00:00,732.8,716.7
Jhelum,Rasul Barrage,2018-01-20 00:00:00,732.7,717.3
Jhelum,Rasul Barrage,2018-01-21 00:00:00,732.8,717.9
Jhelum,Rasul Barrage,2018-01-22 00:00:00,732.9,718.4
Jhelum,Rasul Barrage,2018-01-23 00:00:00,732.8,7118.4
Jhelum,Rasul Barrage,2018-01-24 00:00:00,732.9,719
Jhelum,Rasul Barrage,2018-01-25 00:00:00,732.9,719
Jhelum,Rasul Barrage,2018-01-26 00:00:00,733,719.2
Jhelum,Rasul Barrage,2018-01-27 00:00:00,733.8,719
Jhelum,Rasul Barrage,2018-01-28 00:00:00,734.1,719
Jhelum,Rasul Barrage,2018-01-29 00:00:00,734,719
Jhelum,Rasul Barrage,2018-01-30 00:00:00,734,719
Jhelum,Rasul Barrage,2018-01-31 00:00:00,734.1,719
Chenab,Marala H/W,2018-01-01 00:00:00,6489,6489
Chenab,Marala H/W,2018-01-02 00:00:00,6489,6489
Chenab,Marala H/W,2018-01-03 00:00:00,5774,5774
Chenab,Marala H/W,2018-01-04 00:00:00,5774,5774
Chenab,Marala H/W,2018-01-05 00:00:00,5774,5774
Chenab,Marala H/W,2018-01-06 00:00:00,5774,5774
Chenab,Marala H/W,2018-01-07 00:00:00,6714,6714
Chenab,Marala H/W,2018-01-08 00:00:00,5552,5552
Chenab,Marala H/W,2018-01-09 00:00:00,5552,5552
Chenab,Marala H/W,2018-01-10 00:00:00,5552,5552
Chenab,Marala H/W,2018-01-11 00:00:00,5214,5214
Chenab,Marala H/W,2018-01-12 00:00:00,5214,5214
Chenab,Marala H/W,2018-01-13 00:00:00,5214,5214
Chenab,Marala H/W,2018-01-14 00:00:00,6004,6004
Chenab,Marala H/W,2018-01-15 00:00:00,6004,6004
Chenab,Marala H/W,2018-01-16 00:00:00,5384,5384
Chenab,Marala H/W,2018-01-17 00:00:00,5214,5214
Chenab,Marala H/W,2018-01-18 00:00:00,5214,5214
Chenab,Marala H/W,2018-01-19 00:00:00,5302,5302
Chenab,Marala H/W,2018-01-20 00:00:00,5302,5302
Chenab,Marala H/W,2018-01-21 00:00:00,5468,5468
Chenab,Marala H/W,2018-01-22 00:00:00,5468,5468
Chenab,Marala H/W,2018-01-23 00:00:00,5302,5302
Chenab,Marala H/W,2018-01-24 00:00:00,5302,5302
Chenab,Marala H/W,2018-01-25 00:00:00,5468,5468
Chenab,Marala H/W,2018-01-26 00:00:00,5139,4139
Chenab,Marala H/W,2018-01-27 00:00:00,4556,NIL
Chenab,Marala H/W,2018-01-28 00:00:00,4500,NIL
Chenab,Marala H/W,2018-01-29 00:00:00,4500,NIL
Chenab,Marala H/W,2018-01-30 00:00:00,3900,NIL
Chenab,Marala H/W,2018-01-31 00:00:00,3900,NIL
Chenab,Khanki H/W,2018-01-01 00:00:00,9197,1679
Chenab,Khanki H/W,2018-01-02 00:00:00,9197,1679
Chenab,Khanki H/W,2018-01-03 00:00:00,9209,1679
Chenab,Khanki H/W,2018-01-04 00:00:00,9160,1679
Chenab,Khanki H/W,2018-01-05 00:00:00,9110,1679
Chenab,Khanki H/W,2018-01-06 00:00:00,9060,1679
Chenab,Khanki H/W,2018-01-07 00:00:00,8370,864
Chenab,Khanki H/W,2018-01-08 00:00:00,8370,864
Chenab,Khanki H/W,2018-01-09 00:00:00,9135,1679
Chenab,Khanki H/W,2018-01-10 00:00:00,9135,1679
Chenab,Khanki H/W,2018-01-11 00:00:00,8195,864
Chenab,Khanki H/W,2018-01-12 00:00:00,6704,2936
Chenab,Khanki H/W,2018-01-13 00:00:00,6790,6790
Chenab,Khanki H/W,2018-01-14 00:00:00,4856,4856
Chenab,Khanki H/W,2018-01-15 00:00:00,4856,4856
Chenab,Khanki H/W,2018-01-16 00:00:00,4856,4856
Chenab,Khanki H/W,2018-01-17 00:00:00,4856,4856
Chenab,Khanki H/W,2018-01-18 00:00:00,5728,5728
Chenab,Khanki H/W,2018-01-19 00:00:00,5728,5728
Chenab,Khanki H/W,2018-01-20 00:00:00,5728,5728
Chenab,Khanki H/W,2018-01-21 00:00:00,5728,5728
Chenab,Khanki H/W,2018-01-22 00:00:00,5728,5728
Chenab,Khanki H/W,2018-01-23 00:00:00,5728,5728
Chenab,Khanki H/W,2018-01-24 00:00:00,5728,5728
Chenab,Khanki H/W,2018-01-25 00:00:00,5728,5728
Chenab,Khanki H/W,2018-01-26 00:00:00,5728,5728
Chenab,Khanki H/W,2018-01-27 00:00:00,4008,4008
Chenab,Khanki H/W,2018-01-28 00:00:00,992,992
Chenab,Khanki H/W,2018-01-29 00:00:00,992,992
Chenab,Khanki H/W,2018-01-30 00:00:00,992,992
Chenab,Khanki H/W,2018-01-31 00:00:00,992,922
Chenab,Qadirabad Barrage,2018-01-01 00:00:00,1548,1548
Chenab,Qadirabad Barrage,2018-01-02 00:00:00,1548,1548
Chenab,Qadirabad Barrage,2018-01-03 00:00:00,1548,1548
Chenab,Qadirabad Barrage,2018-01-04 00:00:00,1548,1548
Chenab,Qadirabad Barrage,2018-01-05 00:00:00,1548,1548
Chenab,Qadirabad Barrage,2018-01-06 00:00:00,1548,1548
Chenab,Qadirabad Barrage,2018-01-07 00:00:00,1548,1548
Chenab,Qadirabad Barrage,2018-01-08 00:00:00,673,673
Chenab,Qadirabad Barrage,2018-01-09 00:00:00,673,673
Chenab,Qadirabad Barrage,2018-01-10 00:00:00,1548,1548
Chenab,Qadirabad Barrage,2018-01-11 00:00:00,1548,1548
Chenab,Qadirabad Barrage,2018-01-12 00:00:00,673,673
Chenab,Qadirabad Barrage,2018-01-13 00:00:00,4108,4108
Chenab,Qadirabad Barrage,2018-01-14 00:00:00,6653,6653
Chenab,Qadirabad Barrage,2018-01-15 00:00:00,4375,4375
Chenab,Qadirabad Barrage,2018-01-16 00:00:00,2475,2475
Chenab,Qadirabad Barrage,2018-01-17 00:00:00,4375,4375
Chenab,Qadirabad Barrage,2018-01-18 00:00:00,4375,4325
Chenab,Qadirabad Barrage,2018-01-19 00:00:00,5730,5730
Chenab,Qadirabad Barrage,2018-01-20 00:00:00,5730,5730
Chenab,Qadirabad Barrage,2018-01-21 00:00:00,5730,5730
Chenab,Qadirabad Barrage,2018-01-22 00:00:00,1500,NIL
Chenab,Qadirabad Barrage,2018-01-23 00:00:00,3000,NIL
Chenab,Qadirabad Barrage,2018-01-24 00:00:00,3000,NIL
Chenab,Qadirabad Barrage,2018-01-25 00:00:00,3000,NIL
Chenab,Qadirabad Barrage,2018-01-26 00:00:00,5749,2749
Chenab,Qadirabad Barrage,2018-01-27 00:00:00,8749,2749
Chenab,Qadirabad Barrage,2018-01-28 00:00:00,6000,NIL
Chenab,Qadirabad Barrage,2018-01-29 00:00:00,8749,2749
Chenab,Qadirabad Barrage,2018-01-30 00:00:00,11399,5399
Chenab,Qadirabad Barrage,2018-01-31 00:00:00,10749,2749
Chenab,Trimmu H/W,2018-01-01 00:00:00,5000,NIL
Chenab,Trimmu H/W,2018-01-02 00:00:00,7165,2165
Chenab,Trimmu H/W,2018-01-03 00:00:00,7165,2165
Chenab,Trimmu H/W,2018-01-04 00:00:00,5000,NIL
Chenab,Trimmu H/W,2018-01-05 00:00:00,5765,765
Chenab,Trimmu H/W,2018-01-06 00:00:00,5000,NIL
Chenab,Trimmu H/W,2018-01-07 00:00:00,5000,NIL
Chenab,Trimmu H/W,2018-01-08 00:00:00,5000,NIL
Chenab,Trimmu H/W,2018-01-09 00:00:00,4699,NIL
Chenab,Trimmu H/W,2018-01-10 00:00:00,6581,6581
Chenab,Trimmu H/W,2018-01-11 00:00:00,9146,9146
Chenab,Trimmu H/W,2018-01-12 00:00:00,3729,3729
Chenab,Trimmu H/W,2018-01-13 00:00:00,2376,2376
Chenab,Trimmu H/W,2018-01-14 00:00:00,2376,2376
Chenab,Trimmu H/W,2018-01-15 00:00:00,2192,2192
Chenab,Trimmu H/W,2018-01-16 00:00:00,2210,2210
Chenab,Trimmu H/W,2018-01-17 00:00:00,2192,2192
Chenab,Trimmu H/W,2018-01-18 00:00:00,2192,2192
Chenab,Trimmu H/W,2018-01-19 00:00:00,3108,3108
Chenab,Trimmu H/W,2018-01-20 00:00:00,3108,3108
Chenab,Trimmu H/W,2018-01-21 00:00:00,3729,3729
Chenab,Trimmu H/W,2018-01-22 00:00:00,4395,4395
Chenab,Trimmu H/W,2018-01-23 00:00:00,4395,4395
Chenab,Trimmu H/W,2018-01-24 00:00:00,5128,5128
Chenab,Trimmu H/W,2018-01-25 00:00:00,5128,5128
Chenab,Trimmu H/W,2018-01-26 00:00:00,4040,4040
Chenab,Trimmu H/W,2018-01-27 00:00:00,3572,3572
Chenab,Trimmu H/W,2018-01-28 00:00:00,3572,3572
Chenab,Trimmu H/W,2018-01-29 00:00:00,2923,2923
Chenab,Trimmu H/W,2018-01-30 00:00:00,2923,2923
Chenab,Trimmu H/W,2018-01-31 00:00:00,2436,2436
Chenab,Panjnad H/W,2018-01-01 00:00:00,2500,NIL
Chenab,Panjnad H/W,2018-01-02 00:00:00,2500,NIL
Chenab,Panjnad H/W,2018-01-03 00:00:00,2500,NIL
Chenab,Panjnad H/W,2018-01-04 00:00:00,2500,NIL
Chenab,Panjnad H/W,2018-01-05 00:00:00,3328,3328
Chenab,Panjnad H/W,2018-01-06 00:00:00,3576,3576
Chenab,Panjnad H/W,2018-01-07 00:00:00,3546,3546
Chenab,Panjnad H/W,2018-01-08 00:00:00,2964,2964
Chenab,Panjnad H/W,2018-01-09 00:00:00,2386,2386
Chenab,Panjnad H/W,2018-01-10 00:00:00,2386,2386
Chenab,Panjnad H/W,2018-01-11 00:00:00,2386,2386
Chenab,Panjnad H/W,2018-01-12 00:00:00,1701,1701
Chenab,Panjnad H/W,2018-01-13 00:00:00,1701,1701
Chenab,Panjnad H/W,2018-01-14 00:00:00,1701,1701
Chenab,Panjnad H/W,2018-01-15 00:00:00,2426,2426
Chenab,Panjnad H/W,2018-01-16 00:00:00,6110,6110
Chenab,Panjnad H/W,2018-01-17 00:00:00,7915,7915
Chenab,Panjnad H/W,2018-01-18 00:00:00,6822,6822
Chenab,Panjnad H/W,2018-01-19 00:00:00,6822,6822
Chenab,Panjnad H/W,2018-01-20 00:00:00,6296,6296
Chenab,Panjnad H/W,2018-01-21 00:00:00,6296,6296
Chenab,Panjnad H/W,2018-01-22 00:00:00,6822,6822
Chenab,Panjnad H/W,2018-01-23 00:00:00,6822,6822
Chenab,Panjnad H/W,2018-01-24 00:00:00,6822,6822
Chenab,Panjnad H/W,2018-01-25 00:00:00,6822,6822
Chenab,Panjnad H/W,2018-01-26 00:00:00,7361,7361
Chenab,Panjnad H/W,2018-01-27 00:00:00,7361,7361
Chenab,Panjnad H/W,2018-01-28 00:00:00,7361,7361
Chenab,Panjnad H/W,2018-01-29 00:00:00,7361,7361
Chenab,Panjnad H/W,2018-01-30 00:00:00,6822,6822
Chenab,Panjnad H/W,2018-01-31 00:00:00,6296,6296
Ravi,Balloki H/W,2018-01-01 00:00:00,904.5,625.8
Ravi,Balloki H/W,2018-01-02 00:00:00,904.5,628.8
Ravi,Balloki H/W,2018-01-03 00:00:00,904.5,625.7
Ravi,Balloki H/W,2018-01-04 00:00:00,904.5,625.7
Ravi,Balloki H/W,2018-01-05 00:00:00,904.5,625.7
Ravi,Balloki H/W,2018-01-06 00:00:00,904.5,625.2
Ravi,Balloki H/W,2018-01-07 00:00:00,904.5,625.2
Ravi,Balloki H/W,2018-01-08 00:00:00,904.5,625.2
Ravi,Balloki H/W,2018-01-09 00:00:00,904.5,625.2
Ravi,Balloki H/W,2018-01-10 00:00:00,904.5,625.2
Ravi,Balloki H/W,2018-01-11 00:00:00,904.5,625.1
Ravi,Balloki H/W,2018-01-12 00:00:00,904.4,625.1
Ravi,Balloki H/W,2018-01-13 00:00:00,904.4,625.1
Ravi,Balloki H/W,2018-01-14 00:00:00,904.4,625.1
Ravi,Balloki H/W,2018-01-15 00:00:00,904.4,625.1
Ravi,Balloki H/W,2018-01-16 00:00:00,904.4,625.1
Ravi,Balloki H/W,2018-01-17 00:00:00,904.4,625.2
Ravi,Balloki H/W,2018-01-18 00:00:00,904.4,625.2
Ravi,Balloki H/W,2018-01-19 00:00:00,904.4,625.2
Ravi,Balloki H/W,2018-01-20 00:00:00,904.4,625.2
Ravi,Balloki H/W,2018-01-21 00:00:00,904.4,625.2
Ravi,Balloki H/W,2018-01-22 00:00:00,904.4,625.2
Ravi,Balloki H/W,2018-01-23 00:00:00,904.4,625.2
Ravi,Balloki H/W,2018-01-24 00:00:00,904.5,625.2
Ravi,Balloki H/W,2018-01-25 00:00:00,904.5,625.2
Ravi,Balloki H/W,2018-01-26 00:00:00,904.5,625.3
Ravi,Balloki H/W,2018-01-27 00:00:00,904.5,625.3
Ravi,Balloki H/W,2018-01-28 00:00:00,904.5,625.4
Ravi,Balloki H/W,2018-01-29 00:00:00,904.5,625.7
Ravi,Balloki H/W,2018-01-30 00:00:00,904.5,625.9
Ravi,Balloki H/W,2018-01-31 00:00:00,904.5,625.9
Ravi,Sidhnai H/W,2018-01-01 00:00:00,3400,NIL
Ravi,Sidhnai H/W,2018-01-02 00:00:00,5422,1322
Ravi,Sidhnai H/W,2018-01-03 00:00:00,4900,NIL
Ravi,Sidhnai H/W,2018-01-04 00:00:00,4900,NIL
Ravi,Sidhnai H/W,2018-01-05 00:00:00,5561,661
Ravi,Sidhnai H/W,2018-01-06 00:00:00,5561,661
Ravi,Sidhnai H/W,2018-01-07 00:00:00,5561,661
Ravi,Sidhnai H/W,2018-01-08 00:00:00,5561,661
Ravi,Sidhnai H/W,2018-01-09 00:00:00,5561,661
Ravi,Sidhnai H/W,2018-01-10 00:00:00,4900,NIL
Ravi,Sidhnai H/W,2018-01-11 00:00:00,2975,2975
Ravi,Sidhnai H/W,2018-01-12 00:00:00,2850,2850
Ravi,Sidhnai H/W,2018-01-13 00:00:00,3080,3080
Ravi,Sidhnai H/W,2018-01-14 00:00:00,1936,1936
Ravi,Sidhnai H/W,2018-01-15 00:00:00,1936,1936
Ravi,Sidhnai H/W,2018-01-16 00:00:00,1936,1936
Ravi,Sidhnai H/W,2018-01-17 00:00:00,1936,1936
Ravi,Sidhnai H/W,2018-01-18 00:00:00,1936,1936
Ravi,Sidhnai H/W,2018-01-19 00:00:00,2050,2050
Ravi,Sidhnai H/W,2018-01-20 00:00:00,2050,2050
Ravi,Sidhnai H/W,2018-01-21 00:00:00,1984,1984
Ravi,Sidhnai H/W,2018-01-22 00:00:00,1984,1984
Ravi,Sidhnai H/W,2018-01-23 00:00:00,1984,1984
Ravi,Sidhnai H/W,2018-01-24 00:00:00,1984,1984
Ravi,Sidhnai H/W,2018-01-25 00:00:00,1984,1984
Ravi,Sidhnai H/W,2018-01-26 00:00:00,1984,1984
Ravi,Sidhnai H/W,2018-01-27 00:00:00,1984,1984
Ravi,Sidhnai H/W,2018-01-28 00:00:00,1984,1984
Ravi,Sidhnai H/W,2018-01-29 00:00:00,1984,1984
Ravi,Sidhnai H/W,2018-01-30 00:00:00,1984,1984
Ravi,Sidhnai H/W,2018-01-31 00:00:00,1984,1984
Sutlej,Suleimanki H/W,2018-01-01 00:00:00,794,794
Sutlej,Suleimanki H/W,2018-01-02 00:00:00,794,794
Sutlej,Suleimanki H/W,2018-01-03 00:00:00,315,315
Sutlej,Suleimanki H/W,2018-01-04 00:00:00,315,315
Sutlej,Suleimanki H/W,2018-01-05 00:00:00,315,315
Sutlej,Suleimanki H/W,2018-01-06 00:00:00,315,315
Sutlej,Suleimanki H/W,2018-01-07 00:00:00,315,315
Sutlej,Suleimanki H/W,2018-01-08 00:00:00,315,315
Sutlej,Suleimanki H/W,2018-01-09 00:00:00,315,315
Sutlej,Suleimanki H/W,2018-01-10 00:00:00,315,315
Sutlej,Suleimanki H/W,2018-01-11 00:00:00,315,315
Sutlej,Suleimanki H/W,2018-01-12 00:00:00,315,315
Sutlej,Suleimanki H/W,2018-01-13 00:00:00,345,345
Sutlej,Suleimanki H/W,2018-01-14 00:00:00,345,345
Sutlej,Suleimanki H/W,2018-01-15 00:00:00,345,345
Sutlej,Suleimanki H/W,2018-01-16 00:00:00,345,345
Sutlej,Suleimanki H/W,2018-01-17 00:00:00,345,345
Sutlej,Suleimanki H/W,2018-01-18 00:00:00,345,345
Sutlej,Suleimanki H/W,2018-01-19 00:00:00,345,345
Sutlej,Suleimanki H/W,2018-01-20 00:00:00,345,345
Sutlej,Suleimanki H/W,2018-01-21 00:00:00,345,345
Sutlej,Suleimanki H/W,2018-01-22 00:00:00,345,345
Sutlej,Suleimanki H/W,2018-01-23 00:00:00,345,345
Sutlej,Suleimanki H/W,2018-01-24 00:00:00,345,345
Sutlej,Suleimanki H/W,2018-01-25 00:00:00,345,345
Sutlej,Suleimanki H/W,2018-01-26 00:00:00,345,345
Sutlej,Suleimanki H/W,2018-01-27 00:00:00,1496,1496
Sutlej,Suleimanki H/W,2018-01-28 00:00:00,988,988
Sutlej,Suleimanki H/W,2018-01-29 00:00:00,988,988
Sutlej,Suleimanki H/W,2018-01-30 00:00:00,315,315
Sutlej,Suleimanki H/W,2018-01-31 00:00:00,315,315
Indus,Kalabagh,2018-07-01 00:00:00,161174,155274
Indus,Kalabagh,2018-07-02 00:00:00,172046,166546
Indus,Kalabagh,2018-07-03 00:00:00,176553,171053
Indus,Kalabagh,2018-07-04 00:00:00,200915,195415
Indus,Kalabagh,2018-07-05 00:00:00,210734,205234
Indus,Kalabagh,2018-07-06 00:00:00,205338,200338
Indus,Kalabagh,2018-07-07 00:00:00,188145,183145
Indus,Kalabagh,2018-07-08 00:00:00,170229,165229
Indus,Kalabagh,2018-07-09 00:00:00,140241,135241
Indus,Kalabagh,2018-07-10 00:00:00,133217,128217
Indus,Kalabagh,2018-07-11 00:00:00,142371,137371
Indus,Kalabagh,2018-07-12 00:00:00,194515,189515
Indus,Kalabagh,2018-07-13 00:00:00,176018,171018
Indus,Kalabagh,2018-07-14 00:00:00,177489,172489
Indus,Kalabagh,2018-07-15 00:00:00,176059,171059
Indus,Kalabagh,2018-07-16 00:00:00,189560,184560
Indus,Kalabagh,2018-07-17 00:00:00,203490,197470
Indus,Kalabagh,2018-07-18 00:00:00,189054,182054
Indus,Kalabagh,2018-07-19 00:00:00,190761,183761
Indus,Kalabagh,2018-07-20 00:00:00,198500,191000
Indus,Kalabagh,2018-07-21 00:00:00,187214,180214
Indus,Kalabagh,2018-07-22 00:00:00,170512,162512
Indus,Kalabagh,2018-07-23 00:00:00,179316,171316
Indus,Kalabagh,2018-07-24 00:00:00,203065,196065
Indus,Kalabagh,2018-07-25 00:00:00,198707,191707
Indus,Kalabagh,2018-07-26 00:00:00,139416,132416
Indus,Kalabagh,2018-07-27 00:00:00,156000,148500
Indus,Kalabagh,2018-07-28 00:00:00,174122,166622
Indus,Kalabagh,2018-07-29 00:00:00,262725,255225
Indus,Kalabagh,2018-07-30 00:00:00,257992,250492
Indus,Kalabagh,2018-07-31 00:00:00,174372,166872
Indus,Taunsa Barrage,2018-07-01 00:00:00,192829,167376
Indus,Taunsa Barrage,2018-07-02 00:00:00,185581,163868
Indus,Taunsa Barrage,2018-07-03 00:00:00,181521,160283
Indus,Taunsa Barrage,2018-07-04 00:00:00,177264,158474
Indus,Taunsa Barrage,2018-07-05 00:00:00,192208,172603
Indus,Taunsa Barrage,2018-07-06 00:00:00,209542,188169
Indus,Taunsa Barrage,2018-07-07 00:00:00,204099,183281
Indus,Taunsa Barrage,2018-07-08 00:00:00,203944,182826
Indus,Taunsa Barrage,2018-07-09 00:00:00,199129,178606
Indus,Taunsa Barrage,2018-07-10 00:00:00,193298,177254
Indus,Taunsa Barrage,2018-07-11 00:00:00,184214,168924
Indus,Taunsa Barrage,2018-07-12 00:00:00,179438,164545
Indus,Taunsa Barrage,2018-07-13 00:00:00,165700,158002
Indus,Taunsa Barrage,2018-07-14 00:00:00,181441,173095
Indus,Taunsa Barrage,2018-07-15 00:00:00,186595,173160
Indus,Taunsa Barrage,2018-07-16 00:00:00,184399,171122
Indus,Taunsa Barrage,2018-07-17 00:00:00,201526,187016
Indus,Taunsa Barrage,2018-07-18 00:00:00,190546,176827
Indus,Taunsa Barrage,2018-07-19 00:00:00,199630,105656
Indus,Taunsa Barrage,2018-07-20 00:00:00,206256,191602
Indus,Taunsa Barrage,2018-07-21 00:00:00,203347,188755
Indus,Taunsa Barrage,2018-07-22 00:00:00,200523,181355
Indus,Taunsa Barrage,2018-07-23 00:00:00,195788,177188
Indus,Taunsa Barrage,2018-07-24 00:00:00,199130,180213
Indus,Taunsa Barrage,2018-07-25 00:00:00,199130,180213
Indus,Taunsa Barrage,2018-07-26 00:00:00,195585,177004
Indus,Taunsa Barrage,2018-07-27 00:00:00,199881,180892
Indus,Taunsa Barrage,2018-07-28 00:00:00,200938,175419
Indus,Taunsa Barrage,2018-07-29 00:00:00,206919,180640
Indus,Taunsa Barrage,2018-07-30 00:00:00,212004,185076
Indus,Taunsa Barrage,2018-07-31 00:00:00,266745,180488
Indus,Chashma Barrage,2018-07-01 00:00:00,171477,180000
Indus,Chashma Barrage,2018-07-02 00:00:00,183409,170000
Indus,Chashma Barrage,2018-07-03 00:00:00,180260,177000
Indus,Chashma Barrage,2018-07-04 00:00:00,191075,191075
Indus,Chashma Barrage,2018-07-05 00:00:00,219021,196000
Indus,Chashma Barrage,2018-07-06 00:00:00,224700,196000
Indus,Chashma Barrage,2018-07-07 00:00:00,214762,190000
Indus,Chashma Barrage,2018-07-08 00:00:00,187941,190000
Indus,Chashma Barrage,2018-07-09 00:00:00,172758,180000
Indus,Chashma Barrage,2018-07-10 00:00:00,143429,180000
Indus,Chashma Barrage,2018-07-11 00:00:00,154840,153214
Indus,Chashma Barrage,2018-07-12 00:00:00,167077,161577
Indus,Chashma Barrage,2018-07-13 00:00:00,205863,180000
Indus,Chashma Barrage,2018-07-14 00:00:00,191338,180000
Indus,Chashma Barrage,2018-07-15 00:00:00,197706,180000
Indus,Chashma Barrage,2018-07-16 00:00:00,191296,180000
Indus,Chashma Barrage,2018-07-17 00:00:00,202618,190000
Indus,Chashma Barrage,2018-07-18 00:00:00,217888,190000
Indus,Chashma Barrage,2018-07-19 00:00:00,206552,190000
Indus,Chashma Barrage,2018-07-20 00:00:00,213754,190000
Indus,Chashma Barrage,2018-07-21 00:00:00,208387,190000
Indus,Chashma Barrage,2018-07-22 00:00:00,203164,190000
Indus,Chashma Barrage,2018-07-23 00:00:00,172284,190000
Indus,Chashma Barrage,2018-07-24 00:00:00,200138,190000
Indus,Chashma Barrage,2018-07-25 00:00:00,225769,190000
Indus,Chashma Barrage,2018-07-26 00:00:00,201119,197667
Indus,Chashma Barrage,2018-07-27 00:00:00,138781,197000
Indus,Chashma Barrage,2018-07-28 00:00:00,169240,197000
Indus,Chashma Barrage,2018-07-29 00:00:00,236616,197000
Indus,Chashma Barrage,2018-07-30 00:00:00,250042,197000
Indus,Chashma Barrage,2018-07-31 00:00:00,226515,216458
Jhelum,Rasul Barrage,2018-07-01 00:00:00,736.1,718.9
Jhelum,Rasul Barrage,2018-07-02 00:00:00,734.3,719
Jhelum,Rasul Barrage,2018-07-03 00:00:00,737.2,719.1
Jhelum,Rasul Barrage,2018-07-04 00:00:00,737,719
Jhelum,Rasul Barrage,2018-07-05 00:00:00,737.1,719
Jhelum,Rasul Barrage,2018-07-06 00:00:00,737,719
Jhelum,Rasul Barrage,2018-07-07 00:00:00,737.6,719.1
Jhelum,Rasul Barrage,2018-07-08 00:00:00,737.7,719.1
Jhelum,Rasul Barrage,2018-07-09 00:00:00,738.2,719
Jhelum,Rasul Barrage,2018-07-10 00:00:00,738.3,719
Jhelum,Rasul Barrage,2018-07-11 00:00:00,739.8,719
Jhelum,Rasul Barrage,2018-07-12 00:00:00,739.9,719
Jhelum,Rasul Barrage,2018-07-13 00:00:00,738.2,719
Jhelum,Rasul Barrage,2018-07-14 00:00:00,737,719
Jhelum,Rasul Barrage,2018-07-15 00:00:00,737,719
Jhelum,Rasul Barrage,2018-07-16 00:00:00,737,719
Jhelum,Rasul Barrage,2018-07-17 00:00:00,736,719
Jhelum,Rasul Barrage,2018-07-18 00:00:00,734,719
Jhelum,Rasul Barrage,2018-07-19 00:00:00,734.1,718.8
Jhelum,Rasul Barrage,2018-07-20 00:00:00,734.3,719
Jhelum,Rasul Barrage,2018-07-21 00:00:00,734.1,718.8
Jhelum,Rasul Barrage,2018-07-22 00:00:00,734.2,718.2
Jhelum,Rasul Barrage,2018-07-23 00:00:00,734,719
Jhelum,Rasul Barrage,2018-07-24 00:00:00,733.9,719
Jhelum,Rasul Barrage,2018-07-25 00:00:00,733.8,718.8
Jhelum,Rasul Barrage,2018-07-26 00:00:00,734.1,718.5
Jhelum,Rasul Barrage,2018-07-27 00:00:00,734,719
Jhelum,Rasul Barrage,2018-07-28 00:00:00,734,719
Jhelum,Rasul Barrage,2018-07-29 00:00:00,734.1,719.1
Jhelum,Rasul Barrage,2018-07-30 00:00:00,736.5,719
Jhelum,Rasul Barrage,2018-07-31 00:00:00,736.6,719.2
Chenab,Marala H/W,2018-07-01 00:00:00,88089,59689
Chenab,Marala H/W,2018-07-02 00:00:00,72630,43630
Chenab,Marala H/W,2018-07-03 00:00:00,68077,38277
Chenab,Marala H/W,2018-07-04 00:00:00,68012,39962
Chenab,Marala H/W,2018-07-05 00:00:00,60794,32414
Chenab,Marala H/W,2018-07-06 00:00:00,68772,39962
Chenab,Marala H/W,2018-07-07 00:00:00,43377,13544
Chenab,Marala H/W,2018-07-08 00:00:00,49034,17318
Chenab,Marala H/W,2018-07-09 00:00:00,53191,21092
Chenab,Marala H/W,2018-07-10 00:00:00,68644,36188
Chenab,Marala H/W,2018-07-11 00:00:00,72751,39962
Chenab,Marala H/W,2018-07-12 00:00:00,69188,36188
Chenab,Marala H/W,2018-07-13 00:00:00,69238,36188
Chenab,Marala H/W,2018-07-14 00:00:00,88133,55058
Chenab,Marala H/W,2018-07-15 00:00:00,67565,34442
Chenab,Marala H/W,2018-07-16 00:00:00,72359,39236
Chenab,Marala H/W,2018-07-17 00:00:00,82992,49942
Chenab,Marala H/W,2018-07-18 00:00:00,88406,55356
Chenab,Marala H/W,2018-07-19 00:00:00,74874,41574
Chenab,Marala H/W,2018-07-20 00:00:00,88503,55080
Chenab,Marala H/W,2018-07-21 00:00:00,82379,49456
Chenab,Marala H/W,2018-07-22 00:00:00,81411,48488
Chenab,Marala H/W,2018-07-23 00:00:00,82879,49456
Chenab,Marala H/W,2018-07-24 00:00:00,87596,54296
Chenab,Marala H/W,2018-07-25 00:00:00,89432,56232
Chenab,Marala H/W,2018-07-26 00:00:00,96212,62962
Chenab,Marala H/W,2018-07-27 00:00:00,97276,63976
Chenab,Marala H/W,2018-07-28 00:00:00,80720,47520
Chenab,Marala H/W,2018-07-29 00:00:00,68554,36504
Chenab,Marala H/W,2018-07-30 00:00:00,63348,32448
Chenab,Marala H/W,2018-07-31 00:00:00,57364,26364
Chenab,Khanki H/W,2018-07-01 00:00:00,76424,70986
Chenab,Khanki H/W,2018-07-02 00:00:00,52268,46128
Chenab,Khanki H/W,2018-07-03 00:00:00,47456,40385
Chenab,Khanki H/W,2018-07-04 00:00:00,49053,42375
Chenab,Khanki H/W,2018-07-05 00:00:00,43627,36812
Chenab,Khanki H/W,2018-07-06 00:00:00,45563,38747
Chenab,Khanki H/W,2018-07-07 00:00:00,23824,16646
Chenab,Khanki H/W,2018-07-08 00:00:00,10973,3642
Chenab,Khanki H/W,2018-07-09 00:00:00,11439,3642
Chenab,Khanki H/W,2018-07-10 00:00:00,24443,16646
Chenab,Khanki H/W,2018-07-11 00:00:00,34606,26797
Chenab,Khanki H/W,2018-07-12 00:00:00,40771,33436
Chenab,Khanki H/W,2018-07-13 00:00:00,37547,29737
Chenab,Khanki H/W,2018-07-14 00:00:00,49999,42189
Chenab,Khanki H/W,2018-07-15 00:00:00,56260,48386
Chenab,Khanki H/W,2018-07-16 00:00:00,73639,65768
Chenab,Khanki H/W,2018-07-17 00:00:00,51834,43960
Chenab,Khanki H/W,2018-07-18 00:00:00,67697,60092
Chenab,Khanki H/W,2018-07-19 00:00:00,51834,43960
Chenab,Khanki H/W,2018-07-20 00:00:00,58703,50829
Chenab,Khanki H/W,2018-07-21 00:00:00,38665,30993
Chenab,Khanki H/W,2018-07-22 00:00:00,42825,35153
Chenab,Khanki H/W,2018-07-23 00:00:00,52662,45520
Chenab,Khanki H/W,2018-07-24 00:00:00,64803,57131
Chenab,Khanki H/W,2018-07-25 00:00:00,81361,73880
Chenab,Khanki H/W,2018-07-26 00:00:00,74152,67066
Chenab,Khanki H/W,2018-07-27 00:00:00,78430,77986
Chenab,Khanki H/W,2018-07-28 00:00:00,73096,65765
Chenab,Khanki H/W,2018-07-29 00:00:00,55445,48386
Chenab,Khanki H/W,2018-07-30 00:00:00,45710,38853
Chenab,Khanki H/W,2018-07-31 00:00:00,36719,29562
Chenab,Qadirabad Barrage,2018-07-01 00:00:00,86386,64386
Chenab,Qadirabad Barrage,2018-07-02 00:00:00,60112,38112
Chenab,Qadirabad Barrage,2018-07-03 00:00:00,45568,23568
Chenab,Qadirabad Barrage,2018-07-04 00:00:00,49406,27406
Chenab,Qadirabad Barrage,2018-07-05 00:00:00,53223,31223
Chenab,Qadirabad Barrage,2018-07-06 00:00:00,48105,26105
Chenab,Qadirabad Barrage,2018-07-07 00:00:00,32697,10697
Chenab,Qadirabad Barrage,2018-07-08 00:00:00,26074,4074
Chenab,Qadirabad Barrage,2018-07-09 00:00:00,30048,8048
Chenab,Qadirabad Barrage,2018-07-10 00:00:00,36518,14518
Chenab,Qadirabad Barrage,2018-07-11 00:00:00,44205,22205
Chenab,Qadirabad Barrage,2018-07-12 00:00:00,51926,29926
Chenab,Qadirabad Barrage,2018-07-13 00:00:00,51926,29926
Chenab,Qadirabad Barrage,2018-07-14 00:00:00,60690,38690
Chenab,Qadirabad Barrage,2018-07-15 00:00:00,74411,52411
Chenab,Qadirabad Barrage,2018-07-16 00:00:00,42960,20960
Chenab,Qadirabad Barrage,2018-07-17 00:00:00,63263,41263
Chenab,Qadirabad Barrage,2018-07-18 00:00:00,68157,46157
Chenab,Qadirabad Barrage,2018-07-19 00:00:00,59505,37505
Chenab,Qadirabad Barrage,2018-07-20 00:00:00,42960,20960
Chenab,Qadirabad Barrage,2018-07-21 00:00:00,61976,39976
Chenab,Qadirabad Barrage,2018-07-22 00:00:00,45568,23568
Chenab,Qadirabad Barrage,2018-07-23 00:00:00,47004,25004
Chenab,Qadirabad Barrage,2018-07-24 00:00:00,43072,21072
Chenab,Qadirabad Barrage,2018-07-25 00:00:00,68157,46157
Chenab,Qadirabad Barrage,2018-07-26 00:00:00,83043,61043
Chenab,Qadirabad Barrage,2018-07-27 00:00:00,68157,46157
Chenab,Qadirabad Barrage,2018-07-28 00:00:00,79357,57357
Chenab,Qadirabad Barrage,2018-07-29 00:00:00,54520,32520
Chenab,Qadirabad Barrage,2018-07-30 00:00:00,44264,22264
Chenab,Qadirabad Barrage,2018-07-31 00:00:00,31373,9373
Chenab,Trimmu H/W,2018-07-01 00:00:00,18857,2152
Chenab,Trimmu H/W,2018-07-02 00:00:00,16700,NIL
Chenab,Trimmu H/W,2018-07-03 00:00:00,54372,326742
Chenab,Trimmu H/W,2018-07-04 00:00:00,43173,26473
Chenab,Trimmu H/W,2018-07-05 00:00:00,35166,20466
Chenab,Trimmu H/W,2018-07-06 00:00:00,25955,12455
Chenab,Trimmu H/W,2018-07-07 00:00:00,32322,18822
Chenab,Trimmu H/W,2018-07-08 00:00:00,29289,15789
Chenab,Trimmu H/W,2018-07-09 00:00:00,26997,13497
Chenab,Trimmu H/W,2018-07-10 00:00:00,18836,5336
Chenab,Trimmu H/W,2018-07-11 00:00:00,14932,1432
Chenab,Trimmu H/W,2018-07-12 00:00:00,17301,2801
Chenab,Trimmu H/W,2018-07-13 00:00:00,30069,15569
Chenab,Trimmu H/W,2018-07-14 00:00:00,38351,23851
Chenab,Trimmu H/W,2018-07-15 00:00:00,42419,27919
Chenab,Trimmu H/W,2018-07-16 00:00:00,42419,27919
Chenab,Trimmu H/W,2018-07-17 00:00:00,40342,25842
Chenab,Trimmu H/W,2018-07-18 00:00:00,44997,30497
Chenab,Trimmu H/W,2018-07-19 00:00:00,27998,13498
Chenab,Trimmu H/W,2018-07-20 00:00:00,34827,20327
Chenab,Trimmu H/W,2018-07-21 00:00:00,34827,20327
Chenab,Trimmu H/W,2018-07-22 00:00:00,35730,22230
Chenab,Trimmu H/W,2018-07-23 00:00:00,25894,12394
Chenab,Trimmu H/W,2018-07-24 00:00:00,25955,12455
Chenab,Trimmu H/W,2018-07-25 00:00:00,19967,6467
Chenab,Trimmu H/W,2018-07-26 00:00:00,16190,2690
Chenab,Trimmu H/W,2018-07-27 00:00:00,22554,9054
Chenab,Trimmu H/W,2018-07-28 00:00:00,35481,21981
Chenab,Trimmu H/W,2018-07-29 00:00:00,42692,30692
Chenab,Trimmu H/W,2018-07-30 00:00:00,42692,30692
Chenab,Trimmu H/W,2018-07-31 00:00:00,45719,33719
Chenab,Panjnad H/W,2018-07-01 00:00:00,8269,NIL
Chenab,Panjnad H/W,2018-07-02 00:00:00,8908,NIL
Chenab,Panjnad H/W,2018-07-03 00:00:00,8836,NIL
Chenab,Panjnad H/W,2018-07-04 00:00:00,8763,NIL
Chenab,Panjnad H/W,2018-07-05 00:00:00,7922,NIL
Chenab,Panjnad H/W,2018-07-06 00:00:00,8836,NIL
Chenab,Panjnad H/W,2018-07-07 00:00:00,13050,NIL
Chenab,Panjnad H/W,2018-07-08 00:00:00,16947,3097
Chenab,Panjnad H/W,2018-07-09 00:00:00,16826,2076
Chenab,Panjnad H/W,2018-07-10 00:00:00,14850,NIL
Chenab,Panjnad H/W,2018-07-11 00:00:00,14250,NIL
Chenab,Panjnad H/W,2018-07-12 00:00:00,14200,NIL
Chenab,Panjnad H/W,2018-07-13 00:00:00,15856,1656
Chenab,Panjnad H/W,2018-07-14 00:00:00,10104,NIL
Chenab,Panjnad H/W,2018-07-15 00:00:00,7855,NIL
Chenab,Panjnad H/W,2018-07-16 00:00:00,6280,NIL
Chenab,Panjnad H/W,2018-07-17 00:00:00,9179,NIL
Chenab,Panjnad H/W,2018-07-18 00:00:00,11583,NIL
Chenab,Panjnad H/W,2018-07-19 00:00:00,13100,NIL
Chenab,Panjnad H/W,2018-07-20 00:00:00,17142,3092
Chenab,Panjnad H/W,2018-07-21 00:00:00,19159,5169
Chenab,Panjnad H/W,2018-07-22 00:00:00,15395,1245
Chenab,Panjnad H/W,2018-07-23 00:00:00,14450,NIL
Chenab,Panjnad H/W,2018-07-24 00:00:00,14550,NIL
Chenab,Panjnad H/W,2018-07-25 00:00:00,14550,NIL
Chenab,Panjnad H/W,2018-07-26 00:00:00,14550,NIL
Chenab,Panjnad H/W,2018-07-27 00:00:00,11174,NIL
Chenab,Panjnad H/W,2018-07-28 00:00:00,11104,NIL
Chenab,Panjnad H/W,2018-07-29 00:00:00,8268,NIL
Chenab,Panjnad H/W,2018-07-30 00:00:00,10557,NIL
Chenab,Panjnad H/W,2018-07-31 00:00:00,11243,NIL
Ravi,Balloki H/W,2018-07-01 00:00:00,904.8,633.5
Ravi,Balloki H/W,2018-07-02 00:00:00,904.8,633.5
Ravi,Balloki H/W,2018-07-03 00:00:00,904.8,633.5
Ravi,Balloki H/W,2018-07-04 00:00:00,905,633.5
Ravi,Balloki H/W,2018-07-05 00:00:00,904.9,633.5
Ravi,Balloki H/W,2018-07-06 00:00:00,904.9,633.5
Ravi,Balloki H/W,2018-07-07 00:00:00,904.8,633.5
Ravi,Balloki H/W,2018-07-08 00:00:00,904.8,633.5
Ravi,Balloki H/W,2018-07-09 00:00:00,904.8,633.5
Ravi,Balloki H/W,2018-07-10 00:00:00,904.7,633.5
Ravi,Balloki H/W,2018-07-11 00:00:00,904.6,633.5
Ravi,Balloki H/W,2018-07-12 00:00:00,904.8,633.5
Ravi,Balloki H/W,2018-07-13 00:00:00,904.7,633.5
Ravi,Balloki H/W,2018-07-14 00:00:00,905,633.5
Ravi,Balloki H/W,2018-07-15 00:00:00,904.8,633.5
Ravi,Balloki H/W,2018-07-16 00:00:00,904.7,633.5
Ravi,Balloki H/W,2018-07-17 00:00:00,904.7,633.5
Ravi,Balloki H/W,2018-07-18 00:00:00,904.6,633.5
Ravi,Balloki H/W,2018-07-19 00:00:00,904.6,633.5
Ravi,Balloki H/W,2018-07-20 00:00:00,904.5,633.5
Ravi,Balloki H/W,2018-07-21 00:00:00,904.5,633.5
Ravi,Balloki H/W,2018-07-22 00:00:00,904.5,633.5
Ravi,Balloki H/W,2018-07-23 00:00:00,904.7,633.5
Ravi,Balloki H/W,2018-07-24 00:00:00,904.7,633.5
Ravi,Balloki H/W,2018-07-25 00:00:00,904.7,633.5
Ravi,Balloki H/W,2018-07-26 00:00:00,904.6,633.5
Ravi,Balloki H/W,2018-07-27 00:00:00,904.7,633.5
Ravi,Balloki H/W,2018-07-28 00:00:00,904.7,633.5
Ravi,Balloki H/W,2018-07-29 00:00:00,904.6,633.5
Ravi,Balloki H/W,2018-07-30 00:00:00,904.6,633.5
Ravi,Balloki H/W,2018-07-31 00:00:00,904.5,633.5
Ravi,Sidhnai H/W,2018-07-01 00:00:00,13200,NIL
Ravi,Sidhnai H/W,2018-07-02 00:00:00,13200,NIL
Ravi,Sidhnai H/W,2018-07-03 00:00:00,13200,NIL
Ravi,Sidhnai H/W,2018-07-04 00:00:00,14800,NIL
Ravi,Sidhnai H/W,2018-07-05 00:00:00,15972,1322
Ravi,Sidhnai H/W,2018-07-06 00:00:00,15772,1322
Ravi,Sidhnai H/W,2018-07-07 00:00:00,21410,6610
Ravi,Sidhnai H/W,2018-07-08 00:00:00,20388,5288
Ravi,Sidhnai H/W,2018-07-09 00:00:00,19066,3966
Ravi,Sidhnai H/W,2018-07-10 00:00:00,17083,1983
Ravi,Sidhnai H/W,2018-07-11 00:00:00,15761,661
Ravi,Sidhnai H/W,2018-07-12 00:00:00,15761,661
Ravi,Sidhnai H/W,2018-07-13 00:00:00,16422,1322
Ravi,Sidhnai H/W,2018-07-14 00:00:00,16422,1322
Ravi,Sidhnai H/W,2018-07-15 00:00:00,15761,661
Ravi,Sidhnai H/W,2018-07-16 00:00:00,15761,661
Ravi,Sidhnai H/W,2018-07-17 00:00:00,16622,1322
Ravi,Sidhnai H/W,2018-07-18 00:00:00,16622,1322
Ravi,Sidhnai H/W,2018-07-19 00:00:00,16622,1322
Ravi,Sidhnai H/W,2018-07-20 00:00:00,17233,1983
Ravi,Sidhnai H/W,2018-07-21 00:00:00,17894,2644
Ravi,Sidhnai H/W,2018-07-22 00:00:00,16572,1322
Ravi,Sidhnai H/W,2018-07-23 00:00:00,15911,661
Ravi,Sidhnai H/W,2018-07-24 00:00:00,15911,661
Ravi,Sidhnai H/W,2018-07-25 00:00:00,16572,1322
Ravi,Sidhnai H/W,2018-07-26 00:00:00,16572,1322
Ravi,Sidhnai H/W,2018-07-27 00:00:00,15911,661
Ravi,Sidhnai H/W,2018-07-28 00:00:00,16245,995
Ravi,Sidhnai H/W,2018-07-29 00:00:00,15250,NIL
Ravi,Sidhnai H/W,2018-07-30 00:00:00,17894,2644
Ravi,Sidhnai H/W,2018-07-31 00:00:00,21850,6610
Sutlej,Suleimanki H/W,2018-07-01 00:00:00,14931,5059
Sutlej,Suleimanki H/W,2018-07-02 00:00:00,14894,4583
Sutlej,Suleimanki H/W,2018-07-03 00:00:00,14022,3058
Sutlej,Suleimanki H/W,2018-07-04 00:00:00,14073,3109
Sutlej,Suleimanki H/W,2018-07-05 00:00:00,16578,8349
Sutlej,Suleimanki H/W,2018-07-06 00:00:00,15435,6173
Sutlej,Suleimanki H/W,2018-07-07 00:00:00,16234,6263
Sutlej,Suleimanki H/W,2018-07-08 00:00:00,15646,5081
Sutlej,Suleimanki H/W,2018-07-09 00:00:00,14466,3588
Sutlej,Suleimanki H/W,2018-07-10 00:00:00,14342,3073
Sutlej,Suleimanki H/W,2018-07-11 00:00:00,13309,1990
Sutlej,Suleimanki H/W,2018-07-12 00:00:00,13309,1990
Sutlej,Suleimanki H/W,2018-07-13 00:00:00,12540,1221
Sutlej,Suleimanki H/W,2018-07-14 00:00:00,12540,1221
Sutlej,Suleimanki H/W,2018-07-15 00:00:00,12540,1221
Sutlej,Suleimanki H/W,2018-07-16 00:00:00,12540,1221
Sutlej,Suleimanki H/W,2018-07-17 00:00:00,12678,1756
Sutlej,Suleimanki H/W,2018-07-18 00:00:00,12626,1504
Sutlej,Suleimanki H/W,2018-07-19 00:00:00,12626,1504
Sutlej,Suleimanki H/W,2018-07-20 00:00:00,12626,1504
Sutlej,Suleimanki H/W,2018-07-21 00:00:00,13903,1978
Sutlej,Suleimanki H/W,2018-07-22 00:00:00,14561,2636
Sutlej,Suleimanki H/W,2018-07-23 00:00:00,14590,3028
Sutlej,Suleimanki H/W,2018-07-24 00:00:00,14906,3283
Sutlej,Suleimanki H/W,2018-07-25 00:00:00,14906,3283
Sutlej,Suleimanki H/W,2018-07-26 00:00:00,14906,3283
Sutlej,Suleimanki H/W,2018-07-27 00:00:00,15048,3283
Sutlej,Suleimanki H/W,2018-07-28 00:00:00,15312,3283
Sutlej,Suleimanki H/W,2018-07-29 00:00:00,15312,3283
Sutlej,Suleimanki H/W,2018-07-30 00:00:00,15312,3283
Sutlej,Suleimanki H/W,2018-07-31 00:00:00,15358,3283
Indus,Kalabagh,2018-06-01 00:00:00,79446,75946
Indus,Kalabagh,2018-06-02 00:00:00,90899,87399
Indus,Kalabagh,2018-06-03 00:00:00,101984,98484
Indus,Kalabagh,2018-06-04 00:00:00,123866,120366
Indus,Kalabagh,2018-06-05 00:00:00,123804,120304
Indus,Kalabagh,2018-06-06 00:00:00,102680,97680
Indus,Kalabagh,2018-06-07 00:00:00,116319,111319
Indus,Kalabagh,2018-06-08 00:00:00,137873,132873
Indus,Kalabagh,2018-06-09 00:00:00,168746,163746
Indus,Kalabagh,2018-06-10 00:00:00,166914,161914
Indus,Kalabagh,2018-06-11 00:00:00,178227,173227
Indus,Kalabagh,2018-06-12 00:00:00,164417,158417
Indus,Kalabagh,2018-06-13 00:00:00,177812,171812
Indus,Kalabagh,2018-06-14 00:00:00,186626,180626
Indus,Kalabagh,2018-06-15 00:00:00,192609,185709
Indus,Kalabagh,2018-06-16 00:00:00,190914,182914
Indus,Kalabagh,2018-06-17 00:00:00,188798,180798
Indus,Kalabagh,2018-06-18 00:00:00,192819,184819
Indus,Kalabagh,2018-06-19 00:00:00,208947,200947
Indus,Kalabagh,2018-06-20 00:00:00,246125,238125
Indus,Kalabagh,2018-06-21 00:00:00,198813,190813
Indus,Kalabagh,2018-06-22 00:00:00,215654,207654
Indus,Kalabagh,2018-06-23 00:00:00,213260,205260
Indus,Kalabagh,2018-06-24 00:00:00,195748,187748
Indus,Kalabagh,2018-06-25 00:00:00,199335,191335
Indus,Kalabagh,2018-06-26 00:00:00,195876,188876
Indus,Kalabagh,2018-06-27 00:00:00,177993,170993
Indus,Kalabagh,2018-06-28 00:00:00,176716,169716
Indus,Kalabagh,2018-06-29 00:00:00,169549,162549
Indus,Kalabagh,2018-06-30 00:00:00,179088,172088
Indus,Taunsa Barrage,2018-06-01 00:00:00,57311,55534
Indus,Taunsa Barrage,2018-06-02 00:00:00,57311,55534
Indus,Taunsa Barrage,2018-06-03 00:00:00,66904,64830
Indus,Taunsa Barrage,2018-06-04 00:00:00,71052,69205
Indus,Taunsa Barrage,2018-06-05 00:00:00,72261,70382
Indus,Taunsa Barrage,2018-06-06 00:00:00,78911,77096
Indus,Taunsa Barrage,2018-06-07 00:00:00,87764,85833
Indus,Taunsa Barrage,2018-06-08 00:00:00,100761,92390
Indus,Taunsa Barrage,2018-06-09 00:00:00,108004,99364
Indus,Taunsa Barrage,2018-06-10 00:00:00,111715,102851
Indus,Taunsa Barrage,2018-06-11 00:00:00,133156,122504
Indus,Taunsa Barrage,2018-06-12 00:00:00,138835,122335
Indus,Taunsa Barrage,2018-06-13 00:00:00,137988,119636
Indus,Taunsa Barrage,2018-06-14 00:00:00,161179,139473
Indus,Taunsa Barrage,2018-06-15 00:00:00,169467,141467
Indus,Taunsa Barrage,2018-06-16 00:00:00,169467,141467
Indus,Taunsa Barrage,2018-06-17 00:00:00,177181,149101
Indus,Taunsa Barrage,2018-06-18 00:00:00,193424,165424
Indus,Taunsa Barrage,2018-06-19 00:00:00,202085,174085
Indus,Taunsa Barrage,2018-06-20 00:00:00,200950,172950
Indus,Taunsa Barrage,2018-06-21 00:00:00,202318,174318
Indus,Taunsa Barrage,2018-06-22 00:00:00,202318,174318
Indus,Taunsa Barrage,2018-06-23 00:00:00,215182,107182
Indus,Taunsa Barrage,2018-06-24 00:00:00,212386,184386
Indus,Taunsa Barrage,2018-06-25 00:00:00,215082,187082
Indus,Taunsa Barrage,2018-06-26 00:00:00,208372,180372
Indus,Taunsa Barrage,2018-06-27 00:00:00,214424,186424
Indus,Taunsa Barrage,2018-06-28 00:00:00,195066,168732
Indus,Taunsa Barrage,2018-06-29 00:00:00,195171,169408
Indus,Taunsa Barrage,2018-06-30 00:00:00,192829,167376
Indus,Chashma Barrage,2018-06-01 00:00:00,82909,76000
Indus,Chashma Barrage,2018-06-02 00:00:00,83722,76000
Indus,Chashma Barrage,2018-06-03 00:00:00,86678,86000
Indus,Chashma Barrage,2018-06-04 00:00:00,99181,90000
Indus,Chashma Barrage,2018-06-05 00:00:00,105156,108000
Indus,Chashma Barrage,2018-06-06 00:00:00,122835,113000
Indus,Chashma Barrage,2018-06-07 00:00:00,112269,113000
Indus,Chashma Barrage,2018-06-08 00:00:00,132569,113000
Indus,Chashma Barrage,2018-06-09 00:00:00,148492,143000
Indus,Chashma Barrage,2018-06-10 00:00:00,182603,143000
Indus,Chashma Barrage,2018-06-11 00:00:00,166455,143000
Indus,Chashma Barrage,2018-06-12 00:00:00,173096,179000
Indus,Chashma Barrage,2018-06-13 00:00:00,165428,179000
Indus,Chashma Barrage,2018-06-14 00:00:00,201763,179000
Indus,Chashma Barrage,2018-06-15 00:00:00,191300,177000
Indus,Chashma Barrage,2018-06-16 00:00:00,197545,192000
Indus,Chashma Barrage,2018-06-17 00:00:00,205281,192000
Indus,Chashma Barrage,2018-06-18 00:00:00,262225,192000
Indus,Chashma Barrage,2018-06-19 00:00:00,199588,192000
Indus,Chashma Barrage,2018-06-20 00:00:00,220143,192000
Indus,Chashma Barrage,2018-06-21 00:00:00,243406,207000
Indus,Chashma Barrage,2018-06-22 00:00:00,221514,207000
Indus,Chashma Barrage,2018-06-23 00:00:00,228753,207000
Indus,Chashma Barrage,2018-06-24 00:00:00,223825,207000
Indus,Chashma Barrage,2018-06-25 00:00:00,21920,207000
Indus,Chashma Barrage,2018-06-26 00:00:00,212791,189000
Indus,Chashma Barrage,2018-06-27 00:00:00,197825,189000
Indus,Chashma Barrage,2018-06-28 00:00:00,193175,189000
Indus,Chashma Barrage,2018-06-29 00:00:00,184312,189000
Indus,Chashma Barrage,2018-06-30 00:00:00,187165,180000
Jhelum,Rasul Barrage,2018-06-01 00:00:00,737.6,719
Jhelum,Rasul Barrage,2018-06-02 00:00:00,737.6,719
Jhelum,Rasul Barrage,2018-06-03 00:00:00,737.6,719
Jhelum,Rasul Barrage,2018-06-04 00:00:00,737.6,719
Jhelum,Rasul Barrage,2018-06-05 00:00:00,737.5,719
Jhelum,Rasul Barrage,2018-06-06 00:00:00,737,719
Jhelum,Rasul Barrage,2018-06-07 00:00:00,736.5,719
Jhelum,Rasul Barrage,2018-06-08 00:00:00,736,719
Jhelum,Rasul Barrage,2018-06-09 00:00:00,736.1,719
Jhelum,Rasul Barrage,2018-06-10 00:00:00,735.8,719
Jhelum,Rasul Barrage,2018-06-11 00:00:00,735.7,719
Jhelum,Rasul Barrage,2018-06-12 00:00:00,735.8,719
Jhelum,Rasul Barrage,2018-06-13 00:00:00,735.8,719
Jhelum,Rasul Barrage,2018-06-14 00:00:00,735.1,719
Jhelum,Rasul Barrage,2018-06-15 00:00:00,735,719
Jhelum,Rasul Barrage,2018-06-16 00:00:00,733.5,719
Jhelum,Rasul Barrage,2018-06-17 00:00:00,735.6,719
Jhelum,Rasul Barrage,2018-06-18 00:00:00,735.5,719
Jhelum,Rasul Barrage,2018-06-19 00:00:00,735.6,719
Jhelum,Rasul Barrage,2018-06-20 00:00:00,735.6,719
Jhelum,Rasul Barrage,2018-06-21 00:00:00,735.9,719
Jhelum,Rasul Barrage,2018-06-22 00:00:00,736,719
Jhelum,Rasul Barrage,2018-06-23 00:00:00,738.6,719
Jhelum,Rasul Barrage,2018-06-24 00:00:00,738.7,719
Jhelum,Rasul Barrage,2018-06-25 00:00:00,738.8,719
Jhelum,Rasul Barrage,2018-06-26 00:00:00,738.7,719
Jhelum,Rasul Barrage,2018-06-27 00:00:00,738.9,719
Jhelum,Rasul Barrage,2018-06-28 00:00:00,738.8,719
Jhelum,Rasul Barrage,2018-06-29 00:00:00,739.5,719
Jhelum,Rasul Barrage,2018-06-30 00:00:00,739.4,719
Chenab,Marala H/W,2018-06-01 00:00:00,19170,9770
Chenab,Marala H/W,2018-06-02 00:00:00,38040,25690
Chenab,Marala H/W,2018-06-03 00:00:00,35666,24866
Chenab,Marala H/W,2018-06-04 00:00:00,43214,32414
Chenab,Marala H/W,2018-06-05 00:00:00,50962,39962
Chenab,Marala H/W,2018-06-06 00:00:00,60514,47914
Chenab,Marala H/W,2018-06-07 00:00:00,60161,42561
Chenab,Marala H/W,2018-06-08 00:00:00,67064,47914
Chenab,Marala H/W,2018-06-09 00:00:00,68514,47914
Chenab,Marala H/W,2018-06-10 00:00:00,74914,53267
Chenab,Marala H/W,2018-06-11 00:00:00,59858,37208
Chenab,Marala H/W,2018-06-12 00:00:00,54794,31814
Chenab,Marala H/W,2018-06-13 00:00:00,41718,17318
Chenab,Marala H/W,2018-06-14 00:00:00,42518,17318
Chenab,Marala H/W,2018-06-15 00:00:00,58364,32414
Chenab,Marala H/W,2018-06-16 00:00:00,53202,26502
Chenab,Marala H/W,2018-06-17 00:00:00,53802,26502
Chenab,Marala H/W,2018-06-18 00:00:00,49610,21910
Chenab,Marala H/W,2018-06-19 00:00:00,41294,13544
Chenab,Marala H/W,2018-06-20 00:00:00,41344,13544
Chenab,Marala H/W,2018-06-21 00:00:00,33746,5946
Chenab,Marala H/W,2018-06-22 00:00:00,33746,5946
Chenab,Marala H/W,2018-06-23 00:00:00,39312,11512
Chenab,Marala H/W,2018-06-24 00:00:00,35538,7738
Chenab,Marala H/W,2018-06-25 00:00:00,33821,5946
Chenab,Marala H/W,2018-06-26 00:00:00,31839,3964
Chenab,Marala H/W,2018-06-27 00:00:00,31864,3964
Chenab,Marala H/W,2018-06-28 00:00:00,35838,7738
Chenab,Marala H/W,2018-06-29 00:00:00,61024,32924
Chenab,Marala H/W,2018-06-30 00:00:00,109001,81101
Chenab,Khanki H/W,2018-06-01 00:00:00,20144,16144
Chenab,Khanki H/W,2018-06-02 00:00:00,18336,14336
Chenab,Khanki H/W,2018-06-03 00:00:00,32688,27188
Chenab,Khanki H/W,2018-06-04 00:00:00,26420,20935
Chenab,Khanki H/W,2018-06-05 00:00:00,39016,33516
Chenab,Khanki H/W,2018-06-06 00:00:00,47417,41917
Chenab,Khanki H/W,2018-06-07 00:00:00,51585,46085
Chenab,Khanki H/W,2018-06-08 00:00:00,51585,46583
Chenab,Khanki H/W,2018-06-09 00:00:00,54751,48751
Chenab,Khanki H/W,2018-06-10 00:00:00,52266,46266
Chenab,Khanki H/W,2018-06-11 00:00:00,54751,48751
Chenab,Khanki H/W,2018-06-12 00:00:00,18205,12377
Chenab,Khanki H/W,2018-06-13 00:00:00,33575,27543
Chenab,Khanki H/W,2018-06-14 00:00:00,24796,18579
Chenab,Khanki H/W,2018-06-15 00:00:00,26840,20340
Chenab,Khanki H/W,2018-06-16 00:00:00,32468,24112
Chenab,Khanki H/W,2018-06-17 00:00:00,28830,22330
Chenab,Khanki H/W,2018-06-18 00:00:00,32468,25968
Chenab,Khanki H/W,2018-06-19 00:00:00,23082,16426
Chenab,Khanki H/W,2018-06-20 00:00:00,10350,3552
Chenab,Khanki H/W,2018-06-21 00:00:00,12325,5387
Chenab,Khanki H/W,2018-06-22 00:00:00,7071,200
Chenab,Khanki H/W,2018-06-23 00:00:00,7456,200
Chenab,Khanki H/W,2018-06-24 00:00:00,11006,3550
Chenab,Khanki H/W,2018-06-25 00:00:00,9231,1941
Chenab,Khanki H/W,2018-06-26 00:00:00,7670,200
Chenab,Khanki H/W,2018-06-27 00:00:00,7381,200
Chenab,Khanki H/W,2018-06-28 00:00:00,7684,226
Chenab,Khanki H/W,2018-06-29 00:00:00,9585,1775
Chenab,Khanki H/W,2018-06-30 00:00:00,109928,10449
Chenab,Qadirabad Barrage,2018-06-01 00:00:00,20475,NIL
Chenab,Qadirabad Barrage,2018-06-02 00:00:00,26899,5399
Chenab,Qadirabad Barrage,2018-06-03 00:00:00,29548,8048
Chenab,Qadirabad Barrage,2018-06-04 00:00:00,20500,NIL
Chenab,Qadirabad Barrage,2018-06-05 00:00:00,33459,11959
Chenab,Qadirabad Barrage,2018-06-06 00:00:00,42460,20960
Chenab,Qadirabad Barrage,2018-06-07 00:00:00,50129,28629
Chenab,Qadirabad Barrage,2018-06-08 00:00:00,42460,20960
Chenab,Qadirabad Barrage,2018-06-09 00:00:00,50129,28629
Chenab,Qadirabad Barrage,2018-06-10 00:00:00,50129,28629
Chenab,Qadirabad Barrage,2018-06-11 00:00:00,50629,28629
Chenab,Qadirabad Barrage,2018-06-12 00:00:00,24749,2749
Chenab,Qadirabad Barrage,2018-06-13 00:00:00,27399,5399
Chenab,Qadirabad Barrage,2018-06-14 00:00:00,18000,NIL
Chenab,Qadirabad Barrage,2018-06-15 00:00:00,18000,NIL
Chenab,Qadirabad Barrage,2018-06-16 00:00:00,30048,8048
Chenab,Qadirabad Barrage,2018-06-17 00:00:00,32642,10642
Chenab,Qadirabad Barrage,2018-06-18 00:00:00,22000,NIL
Chenab,Qadirabad Barrage,2018-06-19 00:00:00,17000,NIL
Chenab,Qadirabad Barrage,2018-06-20 00:00:00,10755,NIL
Chenab,Qadirabad Barrage,2018-06-21 00:00:00,3600,NIL
Chenab,Qadirabad Barrage,2018-06-22 00:00:00,13100,NIL
Chenab,Qadirabad Barrage,2018-06-23 00:00:00,19100,NIL
Chenab,Qadirabad Barrage,2018-06-24 00:00:00,19800,NIL
Chenab,Qadirabad Barrage,2018-06-25 00:00:00,22000,NIL
Chenab,Qadirabad Barrage,2018-06-26 00:00:00,20000,NIL
Chenab,Qadirabad Barrage,2018-06-27 00:00:00,19000,NIL
Chenab,Qadirabad Barrage,2018-06-28 00:00:00,19000,NIL
Chenab,Qadirabad Barrage,2018-06-29 00:00:00,21700,NIL
Chenab,Qadirabad Barrage,2018-06-30 00:00:00,91644,69644
Chenab,Trimmu H/W,2018-06-01 00:00:00,20300,7900
Chenab,Trimmu H/W,2018-06-02 00:00:00,20300,7900
Chenab,Trimmu H/W,2018-06-03 00:00:00,19041,6641
Chenab,Trimmu H/W,2018-06-04 00:00:00,19041,6641
Chenab,Trimmu H/W,2018-06-05 00:00:00,20300,7900
Chenab,Trimmu H/W,2018-06-06 00:00:00,21577,9177
Chenab,Trimmu H/W,2018-06-07 00:00:00,23881,11481
Chenab,Trimmu H/W,2018-06-08 00:00:00,26511,14111
Chenab,Trimmu H/W,2018-06-09 00:00:00,26100,13700
Chenab,Trimmu H/W,2018-06-10 00:00:00,27198,14798
Chenab,Trimmu H/W,2018-06-11 00:00:00,27198,14798
Chenab,Trimmu H/W,2018-06-12 00:00:00,29228,16828
Chenab,Trimmu H/W,2018-06-13 00:00:00,28482,14182
Chenab,Trimmu H/W,2018-06-14 00:00:00,29638,15338
Chenab,Trimmu H/W,2018-06-15 00:00:00,26457,10157
Chenab,Trimmu H/W,2018-06-16 00:00:00,25353,9053
Chenab,Trimmu H/W,2018-06-17 00:00:00,25353,9053
Chenab,Trimmu H/W,2018-06-18 00:00:00,21147,4747
Chenab,Trimmu H/W,2018-06-19 00:00:00,19190,2790
Chenab,Trimmu H/W,2018-06-20 00:00:00,16700,NIL
Chenab,Trimmu H/W,2018-06-21 00:00:00,16700,NIL
Chenab,Trimmu H/W,2018-06-22 00:00:00,15017,NIL
Chenab,Trimmu H/W,2018-06-23 00:00:00,15347,NIL
Chenab,Trimmu H/W,2018-06-24 00:00:00,18159,1459
Chenab,Trimmu H/W,2018-06-25 00:00:00,20242,3542
Chenab,Trimmu H/W,2018-06-26 00:00:00,20242,3542
Chenab,Trimmu H/W,2018-06-27 00:00:00,16700,NIL
Chenab,Trimmu H/W,2018-06-28 00:00:00,18159,1459
Chenab,Trimmu H/W,2018-06-29 00:00:00,17442,742
Chenab,Trimmu H/W,2018-06-30 00:00:00,16700,NIL
Chenab,Panjnad H/W,2018-06-01 00:00:00,3000,NIL
Chenab,Panjnad H/W,2018-06-02 00:00:00,2774,NIL
Chenab,Panjnad H/W,2018-06-03 00:00:00,3058,NIL
Chenab,Panjnad H/W,2018-06-04 00:00:00,2830,NIL
Chenab,Panjnad H/W,2018-06-05 00:00:00,3087,NIL
Chenab,Panjnad H/W,2018-06-06 00:00:00,2971,NIL
Chenab,Panjnad H/W,2018-06-07 00:00:00,2774,NIL
Chenab,Panjnad H/W,2018-06-08 00:00:00,3234,NIL
Chenab,Panjnad H/W,2018-06-09 00:00:00,3234,NIL
Chenab,Panjnad H/W,2018-06-10 00:00:00,3293,NIL
Chenab,Panjnad H/W,2018-06-11 00:00:00,3444,NIL
Chenab,Panjnad H/W,2018-06-12 00:00:00,3723,NIL
Chenab,Panjnad H/W,2018-06-13 00:00:00,4500,NIL
Chenab,Panjnad H/W,2018-06-14 00:00:00,5826,2026
Chenab,Panjnad H/W,2018-06-15 00:00:00,10000,NIL
Chenab,Panjnad H/W,2018-06-16 00:00:00,11100,NIL
Chenab,Panjnad H/W,2018-06-17 00:00:00,11200,NIL
Chenab,Panjnad H/W,2018-06-18 00:00:00,10900,NIL
Chenab,Panjnad H/W,2018-06-19 00:00:00,11900,NIL
Chenab,Panjnad H/W,2018-06-20 00:00:00,12100,NIL
Chenab,Panjnad H/W,2018-06-21 00:00:00,12150,NIL
Chenab,Panjnad H/W,2018-06-22 00:00:00,12150,NIL
Chenab,Panjnad H/W,2018-06-23 00:00:00,12450,NIL
Chenab,Panjnad H/W,2018-06-24 00:00:00,9638,NIL
Chenab,Panjnad H/W,2018-06-25 00:00:00,9714,NIL
Chenab,Panjnad H/W,2018-06-26 00:00:00,9714,NIL
Chenab,Panjnad H/W,2018-06-27 00:00:00,8763,NIL
Chenab,Panjnad H/W,2018-06-28 00:00:00,9271,NIL
Chenab,Panjnad H/W,2018-06-29 00:00:00,8978,NIL
Chenab,Panjnad H/W,2018-06-30 00:00:00,9863,NIL
Ravi,Balloki H/W,2018-06-01 00:00:00,904.5,633
Ravi,Balloki H/W,2018-06-02 00:00:00,904.5,633
Ravi,Balloki H/W,2018-06-03 00:00:00,904.5,633
Ravi,Balloki H/W,2018-06-04 00:00:00,904.5,633
Ravi,Balloki H/W,2018-06-05 00:00:00,904.5,633
Ravi,Balloki H/W,2018-06-06 00:00:00,904.5,633
Ravi,Balloki H/W,2018-06-07 00:00:00,904.5,633
Ravi,Balloki H/W,2018-06-08 00:00:00,904.5,633
Ravi,Balloki H/W,2018-06-09 00:00:00,904.5,633
Ravi,Balloki H/W,2018-06-10 00:00:00,904.5,633
Ravi,Balloki H/W,2018-06-11 00:00:00,904.5,633
Ravi,Balloki H/W,2018-06-12 00:00:00,904.5,633
Ravi,Balloki H/W,2018-06-13 00:00:00,904.5,633
Ravi,Balloki H/W,2018-06-14 00:00:00,904.5,633.1
Ravi,Balloki H/W,2018-06-15 00:00:00,904.5,633
Ravi,Balloki H/W,2018-06-16 00:00:00,904.5,633
Ravi,Balloki H/W,2018-06-17 00:00:00,904.5,633
Ravi,Balloki H/W,2018-06-18 00:00:00,904.4,633.5
Ravi,Balloki H/W,2018-06-19 00:00:00,904.4,633.5
Ravi,Balloki H/W,2018-06-20 00:00:00,904.3,633.5
Ravi,Balloki H/W,2018-06-21 00:00:00,904.3,633.5
Ravi,Balloki H/W,2018-06-22 00:00:00,904.4,633
Ravi,Balloki H/W,2018-06-23 00:00:00,904.4,633
Ravi,Balloki H/W,2018-06-24 00:00:00,904.4,633.5
Ravi,Balloki H/W,2018-06-25 00:00:00,904.4,633.5
Ravi,Balloki H/W,2018-06-26 00:00:00,904.4,633.5
Ravi,Balloki H/W,2018-06-27 00:00:00,904.3,633.5
Ravi,Balloki H/W,2018-06-28 00:00:00,904.3,633.5
Ravi,Balloki H/W,2018-06-29 00:00:00,904.4,633.5
Ravi,Balloki H/W,2018-06-30 00:00:00,904.7,633.5
Ravi,Sidhnai H/W,2018-06-01 00:00:00,10300,NIL
Ravi,Sidhnai H/W,2018-06-02 00:00:00,10300,NIL
Ravi,Sidhnai H/W,2018-06-03 00:00:00,10300,NIL
Ravi,Sidhnai H/W,2018-06-04 00:00:00,10300,NIL
Ravi,Sidhnai H/W,2018-06-05 00:00:00,10300,NIL
Ravi,Sidhnai H/W,2018-06-06 00:00:00,10300,NIL
Ravi,Sidhnai H/W,2018-06-07 00:00:00,10300,NIL
Ravi,Sidhnai H/W,2018-06-08 00:00:00,10300,NIL
Ravi,Sidhnai H/W,2018-06-09 00:00:00,10300,NIL
Ravi,Sidhnai H/W,2018-06-10 00:00:00,10300,NIL
Ravi,Sidhnai H/W,2018-06-11 00:00:00,10300,NIL
Ravi,Sidhnai H/W,2018-06-12 00:00:00,10300,NIL
Ravi,Sidhnai H/W,2018-06-13 00:00:00,10300,NIL
Ravi,Sidhnai H/W,2018-06-14 00:00:00,11500,NIL
Ravi,Sidhnai H/W,2018-06-15 00:00:00,12000,NIL
Ravi,Sidhnai H/W,2018-06-16 00:00:00,12200,NIL
Ravi,Sidhnai H/W,2018-06-17 00:00:00,12600,NIL
Ravi,Sidhnai H/W,2018-06-18 00:00:00,12600,NIL
Ravi,Sidhnai H/W,2018-06-19 00:00:00,12600,NIL
Ravi,Sidhnai H/W,2018-06-20 00:00:00,12600,NIL
Ravi,Sidhnai H/W,2018-06-21 00:00:00,12200,NIL
Ravi,Sidhnai H/W,2018-06-22 00:00:00,12600,NIL
Ravi,Sidhnai H/W,2018-06-23 00:00:00,12000,NIL
Ravi,Sidhnai H/W,2018-06-24 00:00:00,13100,NIL
Ravi,Sidhnai H/W,2018-06-25 00:00:00,13100,NIL
Ravi,Sidhnai H/W,2018-06-26 00:00:00,13100,NIL
Ravi,Sidhnai H/W,2018-06-27 00:00:00,12700,NIL
Ravi,Sidhnai H/W,2018-06-28 00:00:00,12700,NIL
Ravi,Sidhnai H/W,2018-06-29 00:00:00,13200,NIL
Ravi,Sidhnai H/W,2018-06-30 00:00:00,13200,NIL
Sutlej,Suleimanki H/W,2018-06-01 00:00:00,8931,NIL
Sutlej,Suleimanki H/W,2018-06-02 00:00:00,8931,NIL
Sutlej,Suleimanki H/W,2018-06-03 00:00:00,8622,NIL
Sutlej,Suleimanki H/W,2018-06-04 00:00:00,9813,882
Sutlej,Suleimanki H/W,2018-06-05 00:00:00,10087,1156
Sutlej,Suleimanki H/W,2018-06-06 00:00:00,9807,876
Sutlej,Suleimanki H/W,2018-06-07 00:00:00,10718,1787
Sutlej,Suleimanki H/W,2018-06-08 00:00:00,10677,1746
Sutlej,Suleimanki H/W,2018-06-09 00:00:00,10883,1952
Sutlej,Suleimanki H/W,2018-06-10 00:00:00,11516,2585
Sutlej,Suleimanki H/W,2018-06-11 00:00:00,11516,2588
Sutlej,Suleimanki H/W,2018-06-12 00:00:00,11768,2837
Sutlej,Suleimanki H/W,2018-06-13 00:00:00,12070,3139
Sutlej,Suleimanki H/W,2018-06-14 00:00:00,12134,3203
Sutlej,Suleimanki H/W,2018-06-15 00:00:00,13556,2829
Sutlej,Suleimanki H/W,2018-06-16 00:00:00,13556,2829
Sutlej,Suleimanki H/W,2018-06-17 00:00:00,13556,2829
Sutlej,Suleimanki H/W,2018-06-18 00:00:00,13144,1922
Sutlej,Suleimanki H/W,2018-06-19 00:00:00,12777,1963
Sutlej,Suleimanki H/W,2018-06-20 00:00:00,13180,2172
Sutlej,Suleimanki H/W,2018-06-21 00:00:00,12666,1852
Sutlej,Suleimanki H/W,2018-06-22 00:00:00,10329,NIL
Sutlej,Suleimanki H/W,2018-06-23 00:00:00,8527,NIL
Sutlej,Suleimanki H/W,2018-06-24 00:00:00,10031,NIL
Sutlej,Suleimanki H/W,2018-06-25 00:00:00,11736,675
Sutlej,Suleimanki H/W,2018-06-26 00:00:00,12164,942
Sutlej,Suleimanki H/W,2018-06-27 00:00:00,12699,1431
Sutlej,Suleimanki H/W,2018-06-28 00:00:00,13068,1800
Sutlej,Suleimanki H/W,2018-06-29 00:00:00,13897,2629
Sutlej,Suleimanki H/W,2018-06-30 00:00:00,13763,3094
Indus,Kalabagh,2018-03-01 00:00:00,53769,3500
Indus,Kalabagh,2018-03-02 00:00:00,56204,3500
Indus,Kalabagh,2018-03-03 00:00:00,28318,2500
Indus,Kalabagh,2018-03-04 00:00:00,46486,2000
Indus,Kalabagh,2018-03-05 00:00:00,49382,3000
Indus,Kalabagh,2018-03-06 00:00:00,41131,3000
Indus,Kalabagh,2018-03-07 00:00:00,49279,3000
Indus,Kalabagh,2018-03-08 00:00:00,36747,3000
Indus,Kalabagh,2018-03-09 00:00:00,29560,3000
Indus,Kalabagh,2018-03-10 00:00:00,35865,2000
Indus,Kalabagh,2018-03-11 00:00:00,35527,2000
Indus,Kalabagh,2018-03-12 00:00:00,23945,2000
Indus,Kalabagh,2018-03-13 00:00:00,29643,2000
Indus,Kalabagh,2018-03-14 00:00:00,26477,2000
Indus,Kalabagh,2018-03-15 00:00:00,30540,2000
Indus,Kalabagh,2018-03-16 00:00:00,40370,2000
Indus,Kalabagh,2018-03-17 00:00:00,51264,2000
Indus,Kalabagh,2018-03-18 00:00:00,33780,2000
Indus,Kalabagh,2018-03-19 00:00:00,29172,2000
Indus,Kalabagh,2018-03-20 00:00:00,33837,2000
Indus,Kalabagh,2018-03-21 00:00:00,33547,2000
Indus,Kalabagh,2018-03-22 00:00:00,32194,2000
Indus,Kalabagh,2018-03-23 00:00:00,38425,2000
Indus,Kalabagh,2018-03-24 00:00:00,35871,2000
Indus,Kalabagh,2018-03-25 00:00:00,28771,2000
Indus,Kalabagh,2018-03-26 00:00:00,20821,2000
Indus,Kalabagh,2018-03-27 00:00:00,32700,2000
Indus,Kalabagh,2018-03-28 00:00:00,34490,2000
Indus,Kalabagh,2018-03-29 00:00:00,27388,2000
Indus,Kalabagh,2018-03-30 00:00:00,31641,2000
Indus,Kalabagh,2018-03-31 00:00:00,24710,2000
Indus,Taunsa Barrage,2018-03-01 00:00:00,36373,33154
Indus,Taunsa Barrage,2018-03-02 00:00:00,35933,32660
Indus,Taunsa Barrage,2018-03-03 00:00:00,34604,31445
Indus,Taunsa Barrage,2018-03-04 00:00:00,33209,30170
Indus,Taunsa Barrage,2018-03-05 00:00:00,31612,28554
Indus,Taunsa Barrage,2018-03-06 00:00:00,27814,25101
Indus,Taunsa Barrage,2018-03-07 00:00:00,23546,23346
Indus,Taunsa Barrage,2018-03-08 00:00:00,27501,27301
Indus,Taunsa Barrage,2018-03-09 00:00:00,26856,24870
Indus,Taunsa Barrage,2018-03-10 00:00:00,26856,24870
Indus,Taunsa Barrage,2018-03-11 00:00:00,25670,23764
Indus,Taunsa Barrage,2018-03-12 00:00:00,20087,18555
Indus,Taunsa Barrage,2018-03-13 00:00:00,18319,18119
Indus,Taunsa Barrage,2018-03-14 00:00:00,2139,20939
Indus,Taunsa Barrage,2018-03-15 00:00:00,19866,19666
Indus,Taunsa Barrage,2018-03-16 00:00:00,19866,19666
Indus,Taunsa Barrage,2018-03-17 00:00:00,18319,18119
Indus,Taunsa Barrage,2018-03-18 00:00:00,15636,15436
Indus,Taunsa Barrage,2018-03-19 00:00:00,19729,19529
Indus,Taunsa Barrage,2018-03-20 00:00:00,21139,20939
Indus,Taunsa Barrage,2018-03-21 00:00:00,23684,23484
Indus,Taunsa Barrage,2018-03-22 00:00:00,23218,21177
Indus,Taunsa Barrage,2018-03-23 00:00:00,23218,20256
Indus,Taunsa Barrage,2018-03-24 00:00:00,22304,19452
Indus,Taunsa Barrage,2018-03-25 00:00:00,22304,19452
Indus,Taunsa Barrage,2018-03-26 00:00:00,20420,17591
Indus,Taunsa Barrage,2018-03-27 00:00:00,21015,18109
Indus,Taunsa Barrage,2018-03-28 00:00:00,21092,18176
Indus,Taunsa Barrage,2018-03-29 00:00:00,22374,19291
Indus,Taunsa Barrage,2018-03-30 00:00:00,22541,19437
Indus,Taunsa Barrage,2018-03-31 00:00:00,22772,19638
Indus,Chashma Barrage,2018-03-01 00:00:00,42798,35000
Indus,Chashma Barrage,2018-03-02 00:00:00,41600,34617
Indus,Chashma Barrage,2018-03-03 00:00:00,30024,23230
Indus,Chashma Barrage,2018-03-04 00:00:00,25454,20486
Indus,Chashma Barrage,2018-03-05 00:00:00,41679,30000
Indus,Chashma Barrage,2018-03-06 00:00:00,35909,30000
Indus,Chashma Barrage,2018-03-07 00:00:00,34500,30000
Indus,Chashma Barrage,2018-03-08 00:00:00,29190,30000
Indus,Chashma Barrage,2018-03-09 00:00:00,21750,20528
Indus,Chashma Barrage,2018-03-10 00:00:00,22840,18340
Indus,Chashma Barrage,2018-03-11 00:00:00,23644,19144
Indus,Chashma Barrage,2018-03-12 00:00:00,26403,21903
Indus,Chashma Barrage,2018-03-13 00:00:00,24442,19942
Indus,Chashma Barrage,2018-03-14 00:00:00,21210,16428
Indus,Chashma Barrage,2018-03-15 00:00:00,20384,15384
Indus,Chashma Barrage,2018-03-16 00:00:00,25851,20851
Indus,Chashma Barrage,2018-03-17 00:00:00,51881,23000
Indus,Chashma Barrage,2018-03-18 00:00:00,46791,25000
Indus,Chashma Barrage,2018-03-19 00:00:00,34478,25000
Indus,Chashma Barrage,2018-03-20 00:00:00,25522,25000
Indus,Chashma Barrage,2018-03-21 00:00:00,26843,25000
Indus,Chashma Barrage,2018-03-22 00:00:00,24944,23000
Indus,Chashma Barrage,2018-03-23 00:00:00,26616,23000
Indus,Chashma Barrage,2018-03-24 00:00:00,27300,23000
Indus,Chashma Barrage,2018-03-25 00:00:00,26281,23000
Indus,Chashma Barrage,2018-03-26 00:00:00,25263,23000
Indus,Chashma Barrage,2018-03-27 00:00:00,19250,23000
Indus,Chashma Barrage,2018-03-28 00:00:00,25366,23000
Indus,Chashma Barrage,2018-03-29 00:00:00,22420,23000
Indus,Chashma Barrage,2018-03-30 00:00:00,20842,23000
Indus,Chashma Barrage,2018-03-31 00:00:00,21867,23000
Jhelum,Rasul Barrage,2018-03-01 00:00:00,734.3,691.8
Jhelum,Rasul Barrage,2018-03-02 00:00:00,734.2,719.4
Jhelum,Rasul Barrage,2018-03-03 00:00:00,734.3,719.6
Jhelum,Rasul Barrage,2018-03-04 00:00:00,734.1,720
Jhelum,Rasul Barrage,2018-03-05 00:00:00,734,720
Jhelum,Rasul Barrage,2018-03-06 00:00:00,734.1,719.8
Jhelum,Rasul Barrage,2018-03-07 00:00:00,734.2,719
Jhelum,Rasul Barrage,2018-03-08 00:00:00,733.1,718.2
Jhelum,Rasul Barrage,2018-03-09 00:00:00,733,719
Jhelum,Rasul Barrage,2018-03-10 00:00:00,733.1,719
Jhelum,Rasul Barrage,2018-03-11 00:00:00,732.7,719
Jhelum,Rasul Barrage,2018-03-12 00:00:00,732.8,719
Jhelum,Rasul Barrage,2018-03-13 00:00:00,732.5,719
Jhelum,Rasul Barrage,2018-03-14 00:00:00,732.6,719
Jhelum,Rasul Barrage,2018-03-15 00:00:00,732.4,719
Jhelum,Rasul Barrage,2018-03-16 00:00:00,732.6,719.5
Jhelum,Rasul Barrage,2018-03-17 00:00:00,733.5,719.6
Jhelum,Rasul Barrage,2018-03-18 00:00:00,733.8,719.6
Jhelum,Rasul Barrage,2018-03-19 00:00:00,733.9,718/.90
Jhelum,Rasul Barrage,2018-03-20 00:00:00,733.9,718.8
Jhelum,Rasul Barrage,2018-03-21 00:00:00,733.8,718.8
Jhelum,Rasul Barrage,2018-03-22 00:00:00,733.8,719.1
Jhelum,Rasul Barrage,2018-03-23 00:00:00,733.4,719
Jhelum,Rasul Barrage,2018-03-24 00:00:00,733.8,718.8
Jhelum,Rasul Barrage,2018-03-25 00:00:00,733.7,719
Jhelum,Rasul Barrage,2018-03-26 00:00:00,733.6,719
Jhelum,Rasul Barrage,2018-03-27 00:00:00,733.6,719
Jhelum,Rasul Barrage,2018-03-28 00:00:00,733.9,719
Jhelum,Rasul Barrage,2018-03-29 00:00:00,734.3,719
Jhelum,Rasul Barrage,2018-03-30 00:00:00,734.4,719.4
Jhelum,Rasul Barrage,2018-03-31 00:00:00,734.5,719.5
Chenab,Marala H/W,2018-03-01 00:00:00,7321,2000
Chenab,Marala H/W,2018-03-02 00:00:00,6556,2000
Chenab,Marala H/W,2018-03-03 00:00:00,10036,4386
Chenab,Marala H/W,2018-03-04 00:00:00,8574,2924
Chenab,Marala H/W,2018-03-05 00:00:00,7650,2000
Chenab,Marala H/W,2018-03-06 00:00:00,9112,3462
Chenab,Marala H/W,2018-03-07 00:00:00,7850,2000
Chenab,Marala H/W,2018-03-08 00:00:00,7842,2000
Chenab,Marala H/W,2018-03-09 00:00:00,7842,2000
Chenab,Marala H/W,2018-03-10 00:00:00,7192,2000
Chenab,Marala H/W,2018-03-11 00:00:00,5935,2000
Chenab,Marala H/W,2018-03-12 00:00:00,5935,2000
Chenab,Marala H/W,2018-03-13 00:00:00,5935,2000
Chenab,Marala H/W,2018-03-14 00:00:00,5935,2000
Chenab,Marala H/W,2018-03-15 00:00:00,6182,2000
Chenab,Marala H/W,2018-03-16 00:00:00,6556,2000
Chenab,Marala H/W,2018-03-17 00:00:00,7842,2000
Chenab,Marala H/W,2018-03-18 00:00:00,7842,2000
Chenab,Marala H/W,2018-03-19 00:00:00,7842,2000
Chenab,Marala H/W,2018-03-20 00:00:00,6556,2000
Chenab,Marala H/W,2018-03-21 00:00:00,7321,2000
Chenab,Marala H/W,2018-03-22 00:00:00,7392,2000
Chenab,Marala H/W,2018-03-23 00:00:00,6936,2000
Chenab,Marala H/W,2018-03-24 00:00:00,7192,2000
Chenab,Marala H/W,2018-03-25 00:00:00,7192,2000
Chenab,Marala H/W,2018-03-26 00:00:00,7192,2000
Chenab,Marala H/W,2018-03-27 00:00:00,7321,2000
Chenab,Marala H/W,2018-03-28 00:00:00,6682,2000
Chenab,Marala H/W,2018-03-29 00:00:00,7400,2000
Chenab,Marala H/W,2018-03-30 00:00:00,7400,2000
Chenab,Marala H/W,2018-03-31 00:00:00,7400,2000
Chenab,Khanki H/W,2018-03-01 00:00:00,4814,814
Chenab,Khanki H/W,2018-03-02 00:00:00,4814,814
Chenab,Khanki H/W,2018-03-03 00:00:00,4814,814
Chenab,Khanki H/W,2018-03-04 00:00:00,4814,814
Chenab,Khanki H/W,2018-03-05 00:00:00,5577,1577
Chenab,Khanki H/W,2018-03-06 00:00:00,4814,814
Chenab,Khanki H/W,2018-03-07 00:00:00,5577,1577
Chenab,Khanki H/W,2018-03-08 00:00:00,4814,814
Chenab,Khanki H/W,2018-03-09 00:00:00,4814,814
Chenab,Khanki H/W,2018-03-10 00:00:00,4000,NIL
Chenab,Khanki H/W,2018-03-11 00:00:00,4000,NIL
Chenab,Khanki H/W,2018-03-12 00:00:00,4000,NIL
Chenab,Khanki H/W,2018-03-13 00:00:00,3814,814
Chenab,Khanki H/W,2018-03-14 00:00:00,3814,814
Chenab,Khanki H/W,2018-03-15 00:00:00,3814,814
Chenab,Khanki H/W,2018-03-16 00:00:00,3000,NIL
Chenab,Khanki H/W,2018-03-17 00:00:00,3000,NIL
Chenab,Khanki H/W,2018-03-18 00:00:00,3000,NIL
Chenab,Khanki H/W,2018-03-19 00:00:00,3000,NIL
Chenab,Khanki H/W,2018-03-20 00:00:00,3000,NIL
Chenab,Khanki H/W,2018-03-21 00:00:00,3000,NIL
Chenab,Khanki H/W,2018-03-22 00:00:00,3000,NIL
Chenab,Khanki H/W,2018-03-23 00:00:00,3000,NIL
Chenab,Khanki H/W,2018-03-24 00:00:00,3000,NIL
Chenab,Khanki H/W,2018-03-25 00:00:00,3000,NIL
Chenab,Khanki H/W,2018-03-26 00:00:00,3000,NIL
Chenab,Khanki H/W,2018-03-27 00:00:00,3000,NIL
Chenab,Khanki H/W,2018-03-28 00:00:00,4050,4050
Chenab,Khanki H/W,2018-03-29 00:00:00,4050,4050
Chenab,Khanki H/W,2018-03-30 00:00:00,4050,4050
Chenab,Khanki H/W,2018-03-31 00:00:00,4755,4755
Chenab,Qadirabad Barrage,2018-03-01 00:00:00,3500,NIL
Chenab,Qadirabad Barrage,2018-03-02 00:00:00,3500,NIL
Chenab,Qadirabad Barrage,2018-03-03 00:00:00,3500,NIL
Chenab,Qadirabad Barrage,2018-03-04 00:00:00,3500,NIL
Chenab,Qadirabad Barrage,2018-03-05 00:00:00,6000,NIL
Chenab,Qadirabad Barrage,2018-03-06 00:00:00,14750,NIL
Chenab,Qadirabad Barrage,2018-03-07 00:00:00,13000,NIL
Chenab,Qadirabad Barrage,2018-03-08 00:00:00,9200,NIL
Chenab,Qadirabad Barrage,2018-03-09 00:00:00,5000,NIL
Chenab,Qadirabad Barrage,2018-03-10 00:00:00,5000,NIL
Chenab,Qadirabad Barrage,2018-03-11 00:00:00,5000,NIL
Chenab,Qadirabad Barrage,2018-03-12 00:00:00,5000,NIL
Chenab,Qadirabad Barrage,2018-03-13 00:00:00,5000,NIL
Chenab,Qadirabad Barrage,2018-03-14 00:00:00,5750,NIL
Chenab,Qadirabad Barrage,2018-03-15 00:00:00,5750,NIL
Chenab,Qadirabad Barrage,2018-03-16 00:00:00,5750,NIL
Chenab,Qadirabad Barrage,2018-03-17 00:00:00,10000,NIL
Chenab,Qadirabad Barrage,2018-03-18 00:00:00,10000,NIL
Chenab,Qadirabad Barrage,2018-03-19 00:00:00,12000,NIL
Chenab,Qadirabad Barrage,2018-03-20 00:00:00,10000,NIL
Chenab,Qadirabad Barrage,2018-03-21 00:00:00,8075,NIL
Chenab,Qadirabad Barrage,2018-03-22 00:00:00,7435,NIL
Chenab,Qadirabad Barrage,2018-03-23 00:00:00,10500,NIL
Chenab,Qadirabad Barrage,2018-03-24 00:00:00,9475,NIL
Chenab,Qadirabad Barrage,2018-03-25 00:00:00,8000,NIL
Chenab,Qadirabad Barrage,2018-03-26 00:00:00,8125,NIL
Chenab,Qadirabad Barrage,2018-03-27 00:00:00,9250,NIL
Chenab,Qadirabad Barrage,2018-03-28 00:00:00,10700,NIL
Chenab,Qadirabad Barrage,2018-03-29 00:00:00,13500,NIL
Chenab,Qadirabad Barrage,2018-03-30 00:00:00,17250,NIL
Chenab,Qadirabad Barrage,2018-03-31 00:00:00,16000,NIL
Chenab,Trimmu H/W,2018-03-01 00:00:00,4520,NIL
Chenab,Trimmu H/W,2018-03-02 00:00:00,4520,NIL
Chenab,Trimmu H/W,2018-03-03 00:00:00,4313,NIL
Chenab,Trimmu H/W,2018-03-04 00:00:00,4520,NIL
Chenab,Trimmu H/W,2018-03-05 00:00:00,4195,NIL
Chenab,Trimmu H/W,2018-03-06 00:00:00,3700,NIL
Chenab,Trimmu H/W,2018-03-07 00:00:00,3604,NIL
Chenab,Trimmu H/W,2018-03-08 00:00:00,3261,NIL
Chenab,Trimmu H/W,2018-03-09 00:00:00,2933,NIL
Chenab,Trimmu H/W,2018-03-10 00:00:00,3700,NIL
Chenab,Trimmu H/W,2018-03-11 00:00:00,3700,NIL
Chenab,Trimmu H/W,2018-03-12 00:00:00,3700,NIL
Chenab,Trimmu H/W,2018-03-13 00:00:00,3700,NIL
Chenab,Trimmu H/W,2018-03-14 00:00:00,3261,NIL
Chenab,Trimmu H/W,2018-03-15 00:00:00,2742,NIL
Chenab,Trimmu H/W,2018-03-16 00:00:00,2618,NIL
Chenab,Trimmu H/W,2018-03-17 00:00:00,2618,NIL
Chenab,Trimmu H/W,2018-03-18 00:00:00,2618,NIL
Chenab,Trimmu H/W,2018-03-19 00:00:00,2496,NIL
Chenab,Trimmu H/W,2018-03-20 00:00:00,1923,NIL
Chenab,Trimmu H/W,2018-03-21 00:00:00,2260,NIL
Chenab,Trimmu H/W,2018-03-22 00:00:00,2260,NIL
Chenab,Trimmu H/W,2018-03-23 00:00:00,2318,NIL
Chenab,Trimmu H/W,2018-03-24 00:00:00,2742,NIL
Chenab,Trimmu H/W,2018-03-25 00:00:00,2680,NIL
Chenab,Trimmu H/W,2018-03-26 00:00:00,2496,NIL
Chenab,Trimmu H/W,2018-03-27 00:00:00,2260,NIL
Chenab,Trimmu H/W,2018-03-28 00:00:00,2260,NIL
Chenab,Trimmu H/W,2018-03-29 00:00:00,2260,NIL
Chenab,Trimmu H/W,2018-03-30 00:00:00,2260,NIL
Chenab,Trimmu H/W,2018-03-31 00:00:00,2260,NIL
Chenab,Panjnad H/W,2018-03-01 00:00:00,1893,NIL
Chenab,Panjnad H/W,2018-03-02 00:00:00,2188,NIL
Chenab,Panjnad H/W,2018-03-03 00:00:00,2608,NIL
Chenab,Panjnad H/W,2018-03-04 00:00:00,2088,NIL
Chenab,Panjnad H/W,2018-03-05 00:00:00,2088,NIL
Chenab,Panjnad H/W,2018-03-06 00:00:00,2088,NIL
Chenab,Panjnad H/W,2018-03-07 00:00:00,2039,NIL
Chenab,Panjnad H/W,2018-03-08 00:00:00,1751,NIL
Chenab,Panjnad H/W,2018-03-09 00:00:00,1751,NIL
Chenab,Panjnad H/W,2018-03-10 00:00:00,Hdg-Up,NIL
Chenab,Panjnad H/W,2018-03-11 00:00:00,Hdg-Up,NIL
Chenab,Panjnad H/W,2018-03-12 00:00:00,Hdg-Up,NIL
Chenab,Panjnad H/W,2018-03-13 00:00:00,Hdg-Up,NIL
Chenab,Panjnad H/W,2018-03-14 00:00:00,Hdg-Up,NIL
Chenab,Panjnad H/W,2018-03-15 00:00:00,Hdg-Up,NIL
Chenab,Panjnad H/W,2018-03-16 00:00:00,Hdg-Up,NIL
Chenab,Panjnad H/W,2018-03-17 00:00:00,Hdg-Up,NIL
Chenab,Panjnad H/W,2018-03-18 00:00:00,Hdg-Up,NIL
Chenab,Panjnad H/W,2018-03-19 00:00:00,Hdg-Up,NIL
Chenab,Panjnad H/W,2018-03-20 00:00:00,Hdg-Up,NIL
Chenab,Panjnad H/W,2018-03-21 00:00:00,Hdg-Up,NIL
Chenab,Panjnad H/W,2018-03-22 00:00:00,200,NIL
Chenab,Panjnad H/W,2018-03-23 00:00:00,200,NIL
Chenab,Panjnad H/W,2018-03-24 00:00:00,500,NIL
Chenab,Panjnad H/W,2018-03-25 00:00:00,500,NIL
Chenab,Panjnad H/W,2018-03-26 00:00:00,1575,NIL
Chenab,Panjnad H/W,2018-03-27 00:00:00,1751,NIL
Chenab,Panjnad H/W,2018-03-28 00:00:00,1751,NIL
Chenab,Panjnad H/W,2018-03-29 00:00:00,1683,NIL
Chenab,Panjnad H/W,2018-03-30 00:00:00,1660,NIL
Chenab,Panjnad H/W,2018-03-31 00:00:00,1683,NIL
Ravi,Balloki H/W,2018-03-01 00:00:00,904.6,632
Ravi,Balloki H/W,2018-03-02 00:00:00,904.6,632
Ravi,Balloki H/W,2018-03-03 00:00:00,904.6,632
Ravi,Balloki H/W,2018-03-04 00:00:00,904.6,632
Ravi,Balloki H/W,2018-03-05 00:00:00,904.6,632
Ravi,Balloki H/W,2018-03-06 00:00:00,904.6,632
Ravi,Balloki H/W,2018-03-07 00:00:00,904.6,632
Ravi,Balloki H/W,2018-03-08 00:00:00,904.6,633
Ravi,Balloki H/W,2018-03-09 00:00:00,904.6,633
Ravi,Balloki H/W,2018-03-10 00:00:00,904.5,632
Ravi,Balloki H/W,2018-03-11 00:00:00,904.5,631.5
Ravi,Balloki H/W,2018-03-12 00:00:00,904.5,631
Ravi,Balloki H/W,2018-03-13 00:00:00,904.5,630
Ravi,Balloki H/W,2018-03-14 00:00:00,904.5,630
Ravi,Balloki H/W,2018-03-15 00:00:00,904.5,630
Ravi,Balloki H/W,2018-03-16 00:00:00,904.6,630.5
Ravi,Balloki H/W,2018-03-17 00:00:00,904.6,631
Ravi,Balloki H/W,2018-03-18 00:00:00,904.6,632
Ravi,Balloki H/W,2018-03-19 00:00:00,904.6,632
Ravi,Balloki H/W,2018-03-20 00:00:00,904.6,632
Ravi,Balloki H/W,2018-03-21 00:00:00,904.6,632
Ravi,Balloki H/W,2018-03-22 00:00:00,904.7,632
Ravi,Balloki H/W,2018-03-23 00:00:00,904.7,632
Ravi,Balloki H/W,2018-03-24 00:00:00,904.7,632
Ravi,Balloki H/W,2018-03-25 00:00:00,904.7,632
Ravi,Balloki H/W,2018-03-26 00:00:00,904.6,632
Ravi,Balloki H/W,2018-03-27 00:00:00,904.6,632
Ravi,Balloki H/W,2018-03-28 00:00:00,904.6,632
Ravi,Balloki H/W,2018-03-29 00:00:00,904.6,632
Ravi,Balloki H/W,2018-03-30 00:00:00,904.6,633
Ravi,Balloki H/W,2018-03-31 00:00:00,904.6,633
Ravi,Sidhnai H/W,2018-03-01 00:00:00,4500,NIL
Ravi,Sidhnai H/W,2018-03-02 00:00:00,4500,NIL
Ravi,Sidhnai H/W,2018-03-03 00:00:00,4200,NIL
Ravi,Sidhnai H/W,2018-03-04 00:00:00,4200,NIL
Ravi,Sidhnai H/W,2018-03-05 00:00:00,4200,NIL
Ravi,Sidhnai H/W,2018-03-06 00:00:00,3700,NIL
Ravi,Sidhnai H/W,2018-03-07 00:00:00,3700,NIL
Ravi,Sidhnai H/W,2018-03-08 00:00:00,3000,NIL
Ravi,Sidhnai H/W,2018-03-09 00:00:00,2500,NIL
Ravi,Sidhnai H/W,2018-03-10 00:00:00,2000,NIL
Ravi,Sidhnai H/W,2018-03-11 00:00:00,2500,NIL
Ravi,Sidhnai H/W,2018-03-12 00:00:00,3000,NIL
Ravi,Sidhnai H/W,2018-03-13 00:00:00,3000,NIL
Ravi,Sidhnai H/W,2018-03-14 00:00:00,2700,NIL
Ravi,Sidhnai H/W,2018-03-15 00:00:00,2050,NIL
Ravi,Sidhnai H/W,2018-03-16 00:00:00,2050,NIL
Ravi,Sidhnai H/W,2018-03-17 00:00:00,1844,NIL
Ravi,Sidhnai H/W,2018-03-18 00:00:00,1845,NIL
Ravi,Sidhnai H/W,2018-03-19 00:00:00,1845,NIL
Ravi,Sidhnai H/W,2018-03-20 00:00:00,1845,NIL
Ravi,Sidhnai H/W,2018-03-21 00:00:00,1845,NIL
Ravi,Sidhnai H/W,2018-03-22 00:00:00,1600,NIL
Ravi,Sidhnai H/W,2018-03-23 00:00:00,1600,NIL
Ravi,Sidhnai H/W,2018-03-24 00:00:00,1600,NIL
Ravi,Sidhnai H/W,2018-03-25 00:00:00,1600,NIL
Ravi,Sidhnai H/W,2018-03-26 00:00:00,1845,NIL
Ravi,Sidhnai H/W,2018-03-27 00:00:00,1600,NIL
Ravi,Sidhnai H/W,2018-03-28 00:00:00,1600,NIL
Ravi,Sidhnai H/W,2018-03-29 00:00:00,1600,NIL
Ravi,Sidhnai H/W,2018-03-30 00:00:00,1600,NIL
Ravi,Sidhnai H/W,2018-03-31 00:00:00,1600,NIL
Sutlej,Suleimanki H/W,2018-03-01 00:00:00,3320,NIL
Sutlej,Suleimanki H/W,2018-03-02 00:00:00,3320,NIL
Sutlej,Suleimanki H/W,2018-03-03 00:00:00,3320,NIL
Sutlej,Suleimanki H/W,2018-03-04 00:00:00,3713,NIL
Sutlej,Suleimanki H/W,2018-03-05 00:00:00,3320,NIL
Sutlej,Suleimanki H/W,2018-03-06 00:00:00,3879,NIL
Sutlej,Suleimanki H/W,2018-03-07 00:00:00,3525,NIL
Sutlej,Suleimanki H/W,2018-03-08 00:00:00,7306,NIL
Sutlej,Suleimanki H/W,2018-03-09 00:00:00,5604,NIL
Sutlej,Suleimanki H/W,2018-03-10 00:00:00,4500,NIL
Sutlej,Suleimanki H/W,2018-03-11 00:00:00,3534,NIL
Sutlej,Suleimanki H/W,2018-03-12 00:00:00,3534,NIL
Sutlej,Suleimanki H/W,2018-03-13 00:00:00,3329,NIL
Sutlej,Suleimanki H/W,2018-03-14 00:00:00,3006,NIL
Sutlej,Suleimanki H/W,2018-03-15 00:00:00,3128,NIL
Sutlej,Suleimanki H/W,2018-03-16 00:00:00,3128,NIL
Sutlej,Suleimanki H/W,2018-03-17 00:00:00,3128,NIL
Sutlej,Suleimanki H/W,2018-03-18 00:00:00,3128,NIL
Sutlej,Suleimanki H/W,2018-03-19 00:00:00,4314,NIL
Sutlej,Suleimanki H/W,2018-03-20 00:00:00,5037,NIL
Sutlej,Suleimanki H/W,2018-03-21 00:00:00,5037,NIL
Sutlej,Suleimanki H/W,2018-03-22 00:00:00,5672,635
Sutlej,Suleimanki H/W,2018-03-23 00:00:00,5461,424
Sutlej,Suleimanki H/W,2018-03-24 00:00:00,5037,NIL
Sutlej,Suleimanki H/W,2018-03-25 00:00:00,4805,NIL
Sutlej,Suleimanki H/W,2018-03-26 00:00:00,5037,NIL
Sutlej,Suleimanki H/W,2018-03-27 00:00:00,5037,NIL
Sutlej,Suleimanki H/W,2018-03-28 00:00:00,3479,3479
Sutlej,Suleimanki H/W,2018-03-29 00:00:00,7228,7228
Sutlej,Suleimanki H/W,2018-03-30 00:00:00,11395,11395
Sutlej,Suleimanki H/W,2018-03-31 00:00:00,9094,9094
Indus,Kalabagh,2018-05-01 00:00:00,79314,75814
Indus,Kalabagh,2018-05-02 00:00:00,56487,52987
Indus,Kalabagh,2018-05-03 00:00:00,70681,67181
Indus,Kalabagh,2018-05-04 00:00:00,67517,64017
Indus,Kalabagh,2018-05-05 00:00:00,58546,55046
Indus,Kalabagh,2018-05-06 00:00:00,51046,47546
Indus,Kalabagh,2018-05-07 00:00:00,67960,6446
Indus,Kalabagh,2018-05-08 00:00:00,66952,63452
Indus,Kalabagh,2018-05-09 00:00:00,72166,68666
Indus,Kalabagh,2018-05-10 00:00:00,67470,63970
Indus,Kalabagh,2018-05-11 00:00:00,67091,63591
Indus,Kalabagh,2018-05-12 00:00:00,59835,56335
Indus,Kalabagh,2018-05-13 00:00:00,59052,56552
Indus,Kalabagh,2018-05-14 00:00:00,81964,78864
Indus,Kalabagh,2018-05-15 00:00:00,98331,94831
Indus,Kalabagh,2018-05-16 00:00:00,82643,79143
Indus,Kalabagh,2018-05-17 00:00:00,78047,74547
Indus,Kalabagh,2018-05-18 00:00:00,68697,65197
Indus,Kalabagh,2018-05-19 00:00:00,71564,68064
Indus,Kalabagh,2018-05-20 00:00:00,82435,78935
Indus,Kalabagh,2018-05-21 00:00:00,82350,28850
Indus,Kalabagh,2018-05-22 00:00:00,78658,75158
Indus,Kalabagh,2018-05-23 00:00:00,81305,77805
Indus,Kalabagh,2018-05-24 00:00:00,85208,81708
Indus,Kalabagh,2018-05-25 00:00:00,70675,67175
Indus,Kalabagh,2018-05-26 00:00:00,68494,64994
Indus,Kalabagh,2018-05-27 00:00:00,71349,67849
Indus,Kalabagh,2018-05-28 00:00:00,67347,63847
Indus,Kalabagh,2018-05-29 00:00:00,79549,76049
Indus,Kalabagh,2018-05-30 00:00:00,86455,82955
Indus,Kalabagh,2018-05-31 00:00:00,87844,84344
Indus,Taunsa Barrage,2018-05-01 00:00:00,44421,38335
Indus,Taunsa Barrage,2018-05-02 00:00:00,48278,41664
Indus,Taunsa Barrage,2018-05-03 00:00:00,52445,43502
Indus,Taunsa Barrage,2018-05-04 00:00:00,52445,43044
Indus,Taunsa Barrage,2018-05-05 00:00:00,53666,44865
Indus,Taunsa Barrage,2018-05-06 00:00:00,53666,44865
Indus,Taunsa Barrage,2018-05-07 00:00:00,56513,51257
Indus,Taunsa Barrage,2018-05-08 00:00:00,55669,50492
Indus,Taunsa Barrage,2018-05-09 00:00:00,55669,50492
Indus,Taunsa Barrage,2018-05-10 00:00:00,54253,49207
Indus,Taunsa Barrage,2018-05-11 00:00:00,49477,44876
Indus,Taunsa Barrage,2018-05-12 00:00:00,53677,48685
Indus,Taunsa Barrage,2018-05-13 00:00:00,55405,49064
Indus,Taunsa Barrage,2018-05-14 00:00:00,54817,49155
Indus,Taunsa Barrage,2018-05-15 00:00:00,48765,45795
Indus,Taunsa Barrage,2018-05-16 00:00:00,43887,47797
Indus,Taunsa Barrage,2018-05-17 00:00:00,46784,43929
Indus,Taunsa Barrage,2018-05-18 00:00:00,54897,51570
Indus,Taunsa Barrage,2018-05-19 00:00:00,59078,55522
Indus,Taunsa Barrage,2018-05-20 00:00:00,59157,54417
Indus,Taunsa Barrage,2018-05-21 00:00:00,59157,54417
Indus,Taunsa Barrage,2018-05-22 00:00:00,61837,57076
Indus,Taunsa Barrage,2018-05-23 00:00:00,65868,61837
Indus,Taunsa Barrage,2018-05-24 00:00:00,65868,65868
Indus,Taunsa Barrage,2018-05-25 00:00:00,65868,65868
Indus,Taunsa Barrage,2018-05-26 00:00:00,56868,65868
Indus,Taunsa Barrage,2018-05-27 00:00:00,65868,65868
Indus,Taunsa Barrage,2018-05-28 00:00:00,65868,65868
Indus,Taunsa Barrage,2018-05-29 00:00:00,61933,61933
Indus,Taunsa Barrage,2018-05-30 00:00:00,61933,61933
Indus,Taunsa Barrage,2018-05-31 00:00:00,54856,50856
Indus,Chashma Barrage,2018-05-01 00:00:00,60430,58000
Indus,Chashma Barrage,2018-05-02 00:00:00,65914,58000
Indus,Chashma Barrage,2018-05-03 00:00:00,49003,58000
Indus,Chashma Barrage,2018-05-04 00:00:00,56683,54000
Indus,Chashma Barrage,2018-05-05 00:00:00,58404,54000
Indus,Chashma Barrage,2018-05-06 00:00:00,62305,54000
Indus,Chashma Barrage,2018-05-07 00:00:00,55099,54000
Indus,Chashma Barrage,2018-05-08 00:00:00,58400,54000
Indus,Chashma Barrage,2018-05-09 00:00:00,73297,54000
Indus,Chashma Barrage,2018-05-10 00:00:00,57313,60000
Indus,Chashma Barrage,2018-05-11 00:00:00,58390,60000
Indus,Chashma Barrage,2018-05-12 00:00:00,50422,48104
Indus,Chashma Barrage,2018-05-13 00:00:00,43294,38925
Indus,Chashma Barrage,2018-05-14 00:00:00,52065,48065
Indus,Chashma Barrage,2018-05-15 00:00:00,86053,60000
Indus,Chashma Barrage,2018-05-16 00:00:00,85480,65000
Indus,Chashma Barrage,2018-05-17 00:00:00,63906,65000
Indus,Chashma Barrage,2018-05-18 00:00:00,65944,65000
Indus,Chashma Barrage,2018-05-19 00:00:00,80407,65000
Indus,Chashma Barrage,2018-05-20 00:00:00,64630,70000
Indus,Chashma Barrage,2018-05-21 00:00:00,67288,70000
Indus,Chashma Barrage,2018-05-22 00:00:00,69430,70000
Indus,Chashma Barrage,2018-05-23 00:00:00,73086,70000
Indus,Chashma Barrage,2018-05-24 00:00:00,74146,70000
Indus,Chashma Barrage,2018-05-25 00:00:00,74200,70000
Indus,Chashma Barrage,2018-05-26 00:00:00,67577,65000
Indus,Chashma Barrage,2018-05-27 00:00:00,50896,65000
Indus,Chashma Barrage,2018-05-28 00:00:00,62755,58965
Indus,Chashma Barrage,2018-05-29 00:00:00,61758,52758
Indus,Chashma Barrage,2018-05-30 00:00:00,60965,56965
Indus,Chashma Barrage,2018-05-31 00:00:00,78574,70000
Jhelum,Rasul Barrage,2018-05-01 00:00:00,737.3,719
Jhelum,Rasul Barrage,2018-05-02 00:00:00,737.2,719
Jhelum,Rasul Barrage,2018-05-03 00:00:00,737.1,719
Jhelum,Rasul Barrage,2018-05-04 00:00:00,737.1,719
Jhelum,Rasul Barrage,2018-05-05 00:00:00,737,719
Jhelum,Rasul Barrage,2018-05-06 00:00:00,737.2,719
Jhelum,Rasul Barrage,2018-05-07 00:00:00,737.3,719
Jhelum,Rasul Barrage,2018-05-08 00:00:00,737.2,719
Jhelum,Rasul Barrage,2018-05-09 00:00:00,737.2,719
Jhelum,Rasul Barrage,2018-05-10 00:00:00,737.1,719
Jhelum,Rasul Barrage,2018-05-11 00:00:00,737,719
Jhelum,Rasul Barrage,2018-05-12 00:00:00,737.1,719
Jhelum,Rasul Barrage,2018-05-13 00:00:00,737.2,719
Jhelum,Rasul Barrage,2018-05-14 00:00:00,737.3,719
Jhelum,Rasul Barrage,2018-05-15 00:00:00,737.4,719
Jhelum,Rasul Barrage,2018-05-16 00:00:00,737.4,719
Jhelum,Rasul Barrage,2018-05-17 00:00:00,737.3,719
Jhelum,Rasul Barrage,2018-05-18 00:00:00,737.3,719
Jhelum,Rasul Barrage,2018-05-19 00:00:00,737.4,719
Jhelum,Rasul Barrage,2018-05-20 00:00:00,737.3,719
Jhelum,Rasul Barrage,2018-05-21 00:00:00,737.2,719
Jhelum,Rasul Barrage,2018-05-22 00:00:00,737.3,719
Jhelum,Rasul Barrage,2018-05-23 00:00:00,737.4,719
Jhelum,Rasul Barrage,2018-05-24 00:00:00,737.3,719
Jhelum,Rasul Barrage,2018-05-25 00:00:00,737.2,719
Jhelum,Rasul Barrage,2018-05-26 00:00:00,737.3,719
Jhelum,Rasul Barrage,2018-05-27 00:00:00,737.4,719
Jhelum,Rasul Barrage,2018-05-28 00:00:00,737.4,719
Jhelum,Rasul Barrage,2018-05-29 00:00:00,737.3,719
Jhelum,Rasul Barrage,2018-05-30 00:00:00,737.3,719
Jhelum,Rasul Barrage,2018-05-31 00:00:00,737.4,719
Chenab,Marala H/W,2018-05-01 00:00:00,22152,12452
Chenab,Marala H/W,2018-05-02 00:00:00,22152,12452
Chenab,Marala H/W,2018-05-03 00:00:00,23113,13213
Chenab,Marala H/W,2018-05-04 00:00:00,28374,18474
Chenab,Marala H/W,2018-05-05 00:00:00,23814,13914
Chenab,Marala H/W,2018-05-06 00:00:00,16974,7074
Chenab,Marala H/W,2018-05-07 00:00:00,11900,2000
Chenab,Marala H/W,2018-05-08 00:00:00,16974,7074
Chenab,Marala H/W,2018-05-09 00:00:00,23814,13914
Chenab,Marala H/W,2018-05-10 00:00:00,16974,7074
Chenab,Marala H/W,2018-05-11 00:00:00,13331,3431
Chenab,Marala H/W,2018-05-12 00:00:00,17470,7570
Chenab,Marala H/W,2018-05-13 00:00:00,19920,10020
Chenab,Marala H/W,2018-05-14 00:00:00,24820,14920
Chenab,Marala H/W,2018-05-15 00:00:00,24820,14920
Chenab,Marala H/W,2018-05-16 00:00:00,22370,12470
Chenab,Marala H/W,2018-05-17 00:00:00,17470,7570
Chenab,Marala H/W,2018-05-18 00:00:00,20546,10646
Chenab,Marala H/W,2018-05-19 00:00:00,20646,10646
Chenab,Marala H/W,2018-05-20 00:00:00,20646,10646
Chenab,Marala H/W,2018-05-21 00:00:00,18036,8036
Chenab,Marala H/W,2018-05-22 00:00:00,15426,5226
Chenab,Marala H/W,2018-05-23 00:00:00,18036,8036
Chenab,Marala H/W,2018-05-24 00:00:00,18036,8036
Chenab,Marala H/W,2018-05-25 00:00:00,20046,10646
Chenab,Marala H/W,2018-05-26 00:00:00,20046,10646
Chenab,Marala H/W,2018-05-27 00:00:00,18295,8895
Chenab,Marala H/W,2018-05-28 00:00:00,22944,13544
Chenab,Marala H/W,2018-05-29 00:00:00,22944,13544
Chenab,Marala H/W,2018-05-30 00:00:00,19170,9770
Chenab,Marala H/W,2018-05-31 00:00:00,24926,5526
Chenab,Khanki H/W,2018-05-01 00:00:00,17142,12642
Chenab,Khanki H/W,2018-05-02 00:00:00,15390,10890
Chenab,Khanki H/W,2018-05-03 00:00:00,18836,14405
Chenab,Khanki H/W,2018-05-04 00:00:00,20644,16144
Chenab,Khanki H/W,2018-05-05 00:00:00,23760,19260
Chenab,Khanki H/W,2018-05-06 00:00:00,18836,14336
Chenab,Khanki H/W,2018-05-07 00:00:00,15390,10945
Chenab,Khanki H/W,2018-05-08 00:00:00,6891,2391
Chenab,Khanki H/W,2018-05-09 00:00:00,9231,4795
Chenab,Khanki H/W,2018-05-10 00:00:00,20644,16144
Chenab,Khanki H/W,2018-05-11 00:00:00,9231,4801
Chenab,Khanki H/W,2018-05-12 00:00:00,7654,3154
Chenab,Khanki H/W,2018-05-13 00:00:00,10808,6308
Chenab,Khanki H/W,2018-05-14 00:00:00,15390,10876
Chenab,Khanki H/W,2018-05-15 00:00:00,18836,14336
Chenab,Khanki H/W,2018-05-16 00:00:00,20644,16144
Chenab,Khanki H/W,2018-05-17 00:00:00,10808,6308
Chenab,Khanki H/W,2018-05-18 00:00:00,8468,3474
Chenab,Khanki H/W,2018-05-19 00:00:00,14485,9985
Chenab,Khanki H/W,2018-05-20 00:00:00,14485,9985
Chenab,Khanki H/W,2018-05-21 00:00:00,14485,9985
Chenab,Khanki H/W,2018-05-22 00:00:00,10045,5600
Chenab,Khanki H/W,2018-05-23 00:00:00,8468,3968
Chenab,Khanki H/W,2018-05-24 00:00:00,8468,3968
Chenab,Khanki H/W,2018-05-25 00:00:00,9545,5545
Chenab,Khanki H/W,2018-05-26 00:00:00,16642,12808
Chenab,Khanki H/W,2018-05-27 00:00:00,15748,11748
Chenab,Khanki H/W,2018-05-28 00:00:00,15748,11748
Chenab,Khanki H/W,2018-05-29 00:00:00,16642,12642
Chenab,Khanki H/W,2018-05-30 00:00:00,16642,12867
Chenab,Khanki H/W,2018-05-31 00:00:00,13985,9985
Chenab,Qadirabad Barrage,2018-05-01 00:00:00,17125,NIL
Chenab,Qadirabad Barrage,2018-05-02 00:00:00,14000,NIL
Chenab,Qadirabad Barrage,2018-05-03 00:00:00,15000,NIL
Chenab,Qadirabad Barrage,2018-05-04 00:00:00,16350,NIL
Chenab,Qadirabad Barrage,2018-05-05 00:00:00,21900,NIL
Chenab,Qadirabad Barrage,2018-05-06 00:00:00,21000,NIL
Chenab,Qadirabad Barrage,2018-05-07 00:00:00,14000,NIL
Chenab,Qadirabad Barrage,2018-05-08 00:00:00,10600,NIL
Chenab,Qadirabad Barrage,2018-05-09 00:00:00,15260,NIL
Chenab,Qadirabad Barrage,2018-05-10 00:00:00,20438,NIL
Chenab,Qadirabad Barrage,2018-05-11 00:00:00,21000,NIL
Chenab,Qadirabad Barrage,2018-05-12 00:00:00,14000,NIL
Chenab,Qadirabad Barrage,2018-05-13 00:00:00,16490,NIL
Chenab,Qadirabad Barrage,2018-05-14 00:00:00,16940,NIL
Chenab,Qadirabad Barrage,2018-05-15 00:00:00,24249,2749
Chenab,Qadirabad Barrage,2018-05-16 00:00:00,24249,2749
Chenab,Qadirabad Barrage,2018-05-17 00:00:00,24249,2749
Chenab,Qadirabad Barrage,2018-05-18 00:00:00,17000,NIL
Chenab,Qadirabad Barrage,2018-05-19 00:00:00,15601,NIL
Chenab,Qadirabad Barrage,2018-05-20 00:00:00,16475,NIL
Chenab,Qadirabad Barrage,2018-05-21 00:00:00,16000,NIL
Chenab,Qadirabad Barrage,2018-05-22 00:00:00,15475,NIL
Chenab,Qadirabad Barrage,2018-05-23 00:00:00,14000,NIL
Chenab,Qadirabad Barrage,2018-05-24 00:00:00,12500,NIL
Chenab,Qadirabad Barrage,2018-05-25 00:00:00,17950,NIL
Chenab,Qadirabad Barrage,2018-05-26 00:00:00,18625,NIL
Chenab,Qadirabad Barrage,2018-05-27 00:00:00,15000,NIL
Chenab,Qadirabad Barrage,2018-05-28 00:00:00,19050,NIL
Chenab,Qadirabad Barrage,2018-05-29 00:00:00,20175,NIL
Chenab,Qadirabad Barrage,2018-05-30 00:00:00,19000,NIL
Chenab,Qadirabad Barrage,2018-05-31 00:00:00,19000,NIL
Chenab,Trimmu H/W,2018-05-01 00:00:00,13700,NIL
Chenab,Trimmu H/W,2018-05-02 00:00:00,14200,NIL
Chenab,Trimmu H/W,2018-05-03 00:00:00,14200,NIL
Chenab,Trimmu H/W,2018-05-04 00:00:00,14533,NIL
Chenab,Trimmu H/W,2018-05-05 00:00:00,15833,3433
Chenab,Trimmu H/W,2018-05-06 00:00:00,16133,3433
Chenab,Trimmu H/W,2018-05-07 00:00:00,18036,5336
Chenab,Trimmu H/W,2018-05-08 00:00:00,17408,4708
Chenab,Trimmu H/W,2018-05-09 00:00:00,20005,7305
Chenab,Trimmu H/W,2018-05-10 00:00:00,19977,5977
Chenab,Trimmu H/W,2018-05-11 00:00:00,24060,10060
Chenab,Trimmu H/W,2018-05-12 00:00:00,24109,10109
Chenab,Trimmu H/W,2018-05-13 00:00:00,23053,9053
Chenab,Trimmu H/W,2018-05-14 00:00:00,23053,9053
Chenab,Trimmu H/W,2018-05-15 00:00:00,21795,7795
Chenab,Trimmu H/W,2018-05-16 00:00:00,22153,9053
Chenab,Trimmu H/W,2018-05-17 00:00:00,22253,9053
Chenab,Trimmu H/W,2018-05-18 00:00:00,21066,7866
Chenab,Trimmu H/W,2018-05-19 00:00:00,21066,7866
Chenab,Trimmu H/W,2018-05-20 00:00:00,15946,2746
Chenab,Trimmu H/W,2018-05-21 00:00:00,16660,3460
Chenab,Trimmu H/W,2018-05-22 00:00:00,19227,6027
Chenab,Trimmu H/W,2018-05-23 00:00:00,17947,4747
Chenab,Trimmu H/W,2018-05-24 00:00:00,17947,4747
Chenab,Trimmu H/W,2018-05-25 00:00:00,18427,6027
Chenab,Trimmu H/W,2018-05-26 00:00:00,15846,3446
Chenab,Trimmu H/W,2018-05-27 00:00:00,19673,7273
Chenab,Trimmu H/W,2018-05-28 00:00:00,19673,7273
Chenab,Trimmu H/W,2018-05-29 00:00:00,19674,7274
Chenab,Trimmu H/W,2018-05-30 00:00:00,18403,6003
Chenab,Trimmu H/W,2018-05-31 00:00:00,20300,2900
Chenab,Panjnad H/W,2018-05-01 00:00:00,3566,NIL
Chenab,Panjnad H/W,2018-05-02 00:00:00,3785,NIL
Chenab,Panjnad H/W,2018-05-03 00:00:00,4171,NIL
Chenab,Panjnad H/W,2018-05-04 00:00:00,3976,NIL
Chenab,Panjnad H/W,2018-05-05 00:00:00,3912,NIL
Chenab,Panjnad H/W,2018-05-06 00:00:00,4437,NIL
Chenab,Panjnad H/W,2018-05-07 00:00:00,4800,NIL
Chenab,Panjnad H/W,2018-05-08 00:00:00,5096,NIL
Chenab,Panjnad H/W,2018-05-09 00:00:00,6082,NIL
Chenab,Panjnad H/W,2018-05-10 00:00:00,4283,NIL
Chenab,Panjnad H/W,2018-05-11 00:00:00,4129,NIL
Chenab,Panjnad H/W,2018-05-12 00:00:00,4129,NIL
Chenab,Panjnad H/W,2018-05-13 00:00:00,4180,NIL
Chenab,Panjnad H/W,2018-05-14 00:00:00,2342,NIL
Chenab,Panjnad H/W,2018-05-15 00:00:00,3535,NIL
Chenab,Panjnad H/W,2018-05-16 00:00:00,4567,NIL
Chenab,Panjnad H/W,2018-05-17 00:00:00,4607,NIL
Chenab,Panjnad H/W,2018-05-18 00:00:00,4607,NIL
Chenab,Panjnad H/W,2018-05-19 00:00:00,3723,NIL
Chenab,Panjnad H/W,2018-05-20 00:00:00,3354,NIL
Chenab,Panjnad H/W,2018-05-21 00:00:00,3354,NIL
Chenab,Panjnad H/W,2018-05-22 00:00:00,3597,NIL
Chenab,Panjnad H/W,2018-05-23 00:00:00,3723,NIL
Chenab,Panjnad H/W,2018-05-24 00:00:00,3414,NIL
Chenab,Panjnad H/W,2018-05-25 00:00:00,2663,NIL
Chenab,Panjnad H/W,2018-05-26 00:00:00,2395,NIL
Chenab,Panjnad H/W,2018-05-27 00:00:00,2291,NIL
Chenab,Panjnad H/W,2018-05-28 00:00:00,3000,NIL
Chenab,Panjnad H/W,2018-05-29 00:00:00,2636,NIL
Chenab,Panjnad H/W,2018-05-30 00:00:00,2830,NIL
Chenab,Panjnad H/W,2018-05-31 00:00:00,2421,NIL
Ravi,Balloki H/W,2018-05-01 00:00:00,904.4,633
Ravi,Balloki H/W,2018-05-02 00:00:00,904.4,633
Ravi,Balloki H/W,2018-05-03 00:00:00,904.4,633
Ravi,Balloki H/W,2018-05-04 00:00:00,904.4,633
Ravi,Balloki H/W,2018-05-05 00:00:00,904.4,633
Ravi,Balloki H/W,2018-05-06 00:00:00,904.4,633
Ravi,Balloki H/W,2018-05-07 00:00:00,904.4,633
Ravi,Balloki H/W,2018-05-08 00:00:00,904.4,633
Ravi,Balloki H/W,2018-05-09 00:00:00,904.4,633
Ravi,Balloki H/W,2018-05-10 00:00:00,904.4,633
Ravi,Balloki H/W,2018-05-11 00:00:00,904.4,633
Ravi,Balloki H/W,2018-05-12 00:00:00,904.4,633
Ravi,Balloki H/W,2018-05-13 00:00:00,904.4,633
Ravi,Balloki H/W,2018-05-14 00:00:00,904.4,633
Ravi,Balloki H/W,2018-05-15 00:00:00,904.4,633
Ravi,Balloki H/W,2018-05-16 00:00:00,904.4,633
Ravi,Balloki H/W,2018-05-17 00:00:00,904.3,633
Ravi,Balloki H/W,2018-05-18 00:00:00,904.3,633
Ravi,Balloki H/W,2018-05-19 00:00:00,904.3,633
Ravi,Balloki H/W,2018-05-20 00:00:00,904.3,633
Ravi,Balloki H/W,2018-05-21 00:00:00,904.3,633
Ravi,Balloki H/W,2018-05-22 00:00:00,904.3,633
Ravi,Balloki H/W,2018-05-23 00:00:00,904.3,633
Ravi,Balloki H/W,2018-05-24 00:00:00,904.3,633
Ravi,Balloki H/W,2018-05-25 00:00:00,904.3,633
Ravi,Balloki H/W,2018-05-26 00:00:00,904.3,633
Ravi,Balloki H/W,2018-05-27 00:00:00,904.3,633
Ravi,Balloki H/W,2018-05-28 00:00:00,904.3,633
Ravi,Balloki H/W,2018-05-29 00:00:00,904.3,633
Ravi,Balloki H/W,2018-05-30 00:00:00,904.3,633
Ravi,Balloki H/W,2018-05-31 00:00:00,904.3,633
Ravi,Sidhnai H/W,2018-05-01 00:00:00,12300,NIL
Ravi,Sidhnai H/W,2018-05-02 00:00:00,12168,NIL
Ravi,Sidhnai H/W,2018-05-03 00:00:00,12168,NIL
Ravi,Sidhnai H/W,2018-05-04 00:00:00,10500,NIL
Ravi,Sidhnai H/W,2018-05-05 00:00:00,10235,NIL
Ravi,Sidhnai H/W,2018-05-06 00:00:00,10235,NIL
Ravi,Sidhnai H/W,2018-05-07 00:00:00,10235,NIL
Ravi,Sidhnai H/W,2018-05-08 00:00:00,10235,NIL
Ravi,Sidhnai H/W,2018-05-09 00:00:00,10235,NIL
Ravi,Sidhnai H/W,2018-05-10 00:00:00,631,NIL
Ravi,Sidhnai H/W,2018-05-11 00:00:00,11500,NIL
Ravi,Sidhnai H/W,2018-05-12 00:00:00,11500,NIL
Ravi,Sidhnai H/W,2018-05-13 00:00:00,11500,NIL
Ravi,Sidhnai H/W,2018-05-14 00:00:00,11500,NIL
Ravi,Sidhnai H/W,2018-05-15 00:00:00,11500,NIL
Ravi,Sidhnai H/W,2018-05-16 00:00:00,11300,NIL
Ravi,Sidhnai H/W,2018-05-17 00:00:00,11000,NIL
Ravi,Sidhnai H/W,2018-05-18 00:00:00,10400,NIL
Ravi,Sidhnai H/W,2018-05-19 00:00:00,10400,NIL
Ravi,Sidhnai H/W,2018-05-20 00:00:00,10400,NIL
Ravi,Sidhnai H/W,2018-05-21 00:00:00,10400,NIL
Ravi,Sidhnai H/W,2018-05-22 00:00:00,10400,NIL
Ravi,Sidhnai H/W,2018-05-23 00:00:00,10400,NIL
Ravi,Sidhnai H/W,2018-05-24 00:00:00,10400,NIL
Ravi,Sidhnai H/W,2018-05-25 00:00:00,10400,NIL
Ravi,Sidhnai H/W,2018-05-26 00:00:00,9600,NIL
Ravi,Sidhnai H/W,2018-05-27 00:00:00,10300,NIL
Ravi,Sidhnai H/W,2018-05-28 00:00:00,10000,NIL
Ravi,Sidhnai H/W,2018-05-29 00:00:00,10300,NIL
Ravi,Sidhnai H/W,2018-05-30 00:00:00,10300,NIL
Ravi,Sidhnai H/W,2018-05-31 00:00:00,10300,NIL
Sutlej,Suleimanki H/W,2018-05-01 00:00:00,8278,661
Sutlej,Suleimanki H/W,2018-05-02 00:00:00,7512,NIL
Sutlej,Suleimanki H/W,2018-05-03 00:00:00,7512,NIL
Sutlej,Suleimanki H/W,2018-05-04 00:00:00,8491,665
Sutlej,Suleimanki H/W,2018-05-05 00:00:00,7605,NIL
Sutlej,Suleimanki H/W,2018-05-06 00:00:00,8028,NIL
Sutlej,Suleimanki H/W,2018-05-07 00:00:00,8028,NIL
Sutlej,Suleimanki H/W,2018-05-08 00:00:00,9191,1163
Sutlej,Suleimanki H/W,2018-05-09 00:00:00,8028,NIL
Sutlej,Suleimanki H/W,2018-05-10 00:00:00,5509,NIL
Sutlej,Suleimanki H/W,2018-05-11 00:00:00,7612,NIL
Sutlej,Suleimanki H/W,2018-05-12 00:00:00,8005,NIL
Sutlej,Suleimanki H/W,2018-05-13 00:00:00,10725,1794
Sutlej,Suleimanki H/W,2018-05-14 00:00:00,8016,NIL
Sutlej,Suleimanki H/W,2018-05-15 00:00:00,7004,NIL
Sutlej,Suleimanki H/W,2018-05-16 00:00:00,8016,NIL
Sutlej,Suleimanki H/W,2018-05-17 00:00:00,10027,1096
Sutlej,Suleimanki H/W,2018-05-18 00:00:00,10918,1987
Sutlej,Suleimanki H/W,2018-05-19 00:00:00,11038,2107
Sutlej,Suleimanki H/W,2018-05-20 00:00:00,8931,NIL
Sutlej,Suleimanki H/W,2018-05-21 00:00:00,7400,NIL
Sutlej,Suleimanki H/W,2018-05-22 00:00:00,7009,NIL
Sutlej,Suleimanki H/W,2018-05-23 00:00:00,7400,NIL
Sutlej,Suleimanki H/W,2018-05-24 00:00:00,6016,NIL
Sutlej,Suleimanki H/W,2018-05-25 00:00:00,6610,NIL
Sutlej,Suleimanki H/W,2018-05-26 00:00:00,6610,NIL
Sutlej,Suleimanki H/W,2018-05-27 00:00:00,6318,NIL
Sutlej,Suleimanki H/W,2018-05-28 00:00:00,7703,NIL
Sutlej,Suleimanki H/W,2018-05-29 00:00:00,8404,NIL
Sutlej,Suleimanki H/W,2018-05-30 00:00:00,7912,NIL
Sutlej,Suleimanki H/W,2018-05-31 00:00:00,8404,NIL
Indus,Kalabagh,2018-11-01 00:00:00,69877,66377
Indus,Kalabagh,2018-11-02 00:00:00,65959,62459
Indus,Kalabagh,2018-11-03 00:00:00,72169,68169
Indus,Kalabagh,2018-11-04 00:00:00,83878,79878
Indus,Kalabagh,2018-11-05 00:00:00,70438,66438
Indus,Kalabagh,2018-11-06 00:00:00,70684,66684
Indus,Kalabagh,2018-11-07 00:00:00,65913,61913
Indus,Kalabagh,2018-11-08 00:00:00,71729,67729
Indus,Kalabagh,2018-11-09 00:00:00,73096,69096
Indus,Kalabagh,2018-11-10 00:00:00,71713,67713
Indus,Kalabagh,2018-11-11 00:00:00,75791,71791
Indus,Kalabagh,2018-11-12 00:00:00,76958,72958
Indus,Kalabagh,2018-11-13 00:00:00,77028,73028
Indus,Kalabagh,2018-11-14 00:00:00,77628,73628
Indus,Kalabagh,2018-11-15 00:00:00,74500,70500
Indus,Kalabagh,2018-11-16 00:00:00,76775,72755
Indus,Kalabagh,2018-11-17 00:00:00,68014,64014
Indus,Kalabagh,2018-11-18 00:00:00,75101,71101
Indus,Kalabagh,2018-11-19 00:00:00,68779,64779
Indus,Kalabagh,2018-11-20 00:00:00,74271,70221
Indus,Kalabagh,2018-11-21 00:00:00,75850,71850
Indus,Kalabagh,2018-11-22 00:00:00,73774,69774
Indus,Kalabagh,2018-11-23 00:00:00,75956,71956
Indus,Kalabagh,2018-11-24 00:00:00,69600,65600
Indus,Kalabagh,2018-11-25 00:00:00,72936,68936
Indus,Kalabagh,2018-11-26 00:00:00,73766,66776
Indus,Kalabagh,2018-11-27 00:00:00,70792,66792
Indus,Kalabagh,2018-11-28 00:00:00,69195,65195
Indus,Kalabagh,2018-11-29 00:00:00,68186,64186
Indus,Kalabagh,2018-11-30 00:00:00,73002,6900
Indus,Taunsa Barrage,2018-11-01 00:00:00,36301,32301
Indus,Taunsa Barrage,2018-11-02 00:00:00,39235,35235
Indus,Taunsa Barrage,2018-11-03 00:00:00,42001,38001
Indus,Taunsa Barrage,2018-11-04 00:00:00,47333,43333
Indus,Taunsa Barrage,2018-11-05 00:00:00,49999,45999
Indus,Taunsa Barrage,2018-11-06 00:00:00,48666,44666
Indus,Taunsa Barrage,2018-11-07 00:00:00,48666,44666
Indus,Taunsa Barrage,2018-11-08 00:00:00,49435,44590
Indus,Taunsa Barrage,2018-11-09 00:00:00,50844,45861
Indus,Taunsa Barrage,2018-11-10 00:00:00,50844,45861
Indus,Taunsa Barrage,2018-11-11 00:00:00,50927,45936
Indus,Taunsa Barrage,2018-11-12 00:00:00,57643,49112
Indus,Taunsa Barrage,2018-11-13 00:00:00,58674,50694
Indus,Taunsa Barrage,2018-11-14 00:00:00,58674,50694
Indus,Taunsa Barrage,2018-11-15 00:00:00,58410,48831
Indus,Taunsa Barrage,2018-11-16 00:00:00,58410,46584
Indus,Taunsa Barrage,2018-11-17 00:00:00,58410,46584
Indus,Taunsa Barrage,2018-11-18 00:00:00,55723,47803
Indus,Taunsa Barrage,2018-11-19 00:00:00,55723,47803
Indus,Taunsa Barrage,2018-11-20 00:00:00,55327,47803
Indus,Taunsa Barrage,2018-11-21 00:00:00,55327,47803
Indus,Taunsa Barrage,2018-11-22 00:00:00,55327,47348
Indus,Taunsa Barrage,2018-11-23 00:00:00,55327,47348
Indus,Taunsa Barrage,2018-11-24 00:00:00,54801,47348
Indus,Taunsa Barrage,2018-11-25 00:00:00,54801,49589
Indus,Taunsa Barrage,2018-11-26 00:00:00,54801,49589
Indus,Taunsa Barrage,2018-11-27 00:00:00,57395,49589
Indus,Taunsa Barrage,2018-11-28 00:00:00,57395,49589
Indus,Taunsa Barrage,2018-11-29 00:00:00,54395,49589
Indus,Taunsa Barrage,2018-11-30 00:00:00,57395,49589
Indus,Chashma Barrage,2018-11-01 00:00:00,53562,51000
Indus,Chashma Barrage,2018-11-02 00:00:00,53458,51000
Indus,Chashma Barrage,2018-11-03 00:00:00,59551,51000
Indus,Chashma Barrage,2018-11-04 00:00:00,67687,51000
Indus,Chashma Barrage,2018-11-05 00:00:00,61676,51000
Indus,Chashma Barrage,2018-11-06 00:00:00,50354,51000
Indus,Chashma Barrage,2018-11-07 00:00:00,51770,51000
Indus,Chashma Barrage,2018-11-08 00:00:00,50766,54000
Indus,Chashma Barrage,2018-11-09 00:00:00,50441,59000
Indus,Chashma Barrage,2018-11-10 00:00:00,57102,59000
Indus,Chashma Barrage,2018-11-11 00:00:00,64700,61000
Indus,Chashma Barrage,2018-11-12 00:00:00,62461,61000
Indus,Chashma Barrage,2018-11-13 00:00:00,69178,61000
Indus,Chashma Barrage,2018-11-14 00:00:00,65820,61000
Indus,Chashma Barrage,2018-11-15 00:00:00,65820,61000
Indus,Chashma Barrage,2018-11-16 00:00:00,69890,59000
Indus,Chashma Barrage,2018-11-17 00:00:00,65175,59000
Indus,Chashma Barrage,2018-11-18 00:00:00,67651,59000
Indus,Chashma Barrage,2018-11-19 00:00:00,64415,59000
Indus,Chashma Barrage,2018-11-20 00:00:00,62700,59000
Indus,Chashma Barrage,2018-11-21 00:00:00,61148,59000
Indus,Chashma Barrage,2018-11-22 00:00:00,62500,59000
Indus,Chashma Barrage,2018-11-23 00:00:00,59605,59000
Indus,Chashma Barrage,2018-11-24 00:00:00,60985,59000
Indus,Chashma Barrage,2018-11-25 00:00:00,58154,59000
Indus,Chashma Barrage,2018-11-26 00:00:00,54090,59000
Indus,Chashma Barrage,2018-11-27 00:00:00,53544,59000
Indus,Chashma Barrage,2018-11-28 00:00:00,52318,59000
Indus,Chashma Barrage,2018-11-29 00:00:00,47493,58000
Indus,Chashma Barrage,2018-11-30 00:00:00,48846,58000
Jhelum,Rasul Barrage,2018-11-01 00:00:00,736.3,718.9
Jhelum,Rasul Barrage,2018-11-02 00:00:00,736.1,719
Jhelum,Rasul Barrage,2018-11-03 00:00:00,736.1,719
Jhelum,Rasul Barrage,2018-11-04 00:00:00,735.5,719.1
Jhelum,Rasul Barrage,2018-11-05 00:00:00,735.3,719
Jhelum,Rasul Barrage,2018-11-06 00:00:00,735,719
Jhelum,Rasul Barrage,2018-11-07 00:00:00,735.1,718.6
Jhelum,Rasul Barrage,2018-11-08 00:00:00,735.5,719
Jhelum,Rasul Barrage,2018-11-09 00:00:00,736.3,719
Jhelum,Rasul Barrage,2018-11-10 00:00:00,736.4,719.1
Jhelum,Rasul Barrage,2018-11-11 00:00:00,736.8,719.1
Jhelum,Rasul Barrage,2018-11-12 00:00:00,736.7,719
Jhelum,Rasul Barrage,2018-11-13 00:00:00,736.5,719
Jhelum,Rasul Barrage,2018-11-14 00:00:00,736.1,719.1
Jhelum,Rasul Barrage,2018-11-15 00:00:00,735.3,719
Jhelum,Rasul Barrage,2018-11-16 00:00:00,735.5,719
Jhelum,Rasul Barrage,2018-11-17 00:00:00,735.6,719.1
Jhelum,Rasul Barrage,2018-11-18 00:00:00,735,719
Jhelum,Rasul Barrage,2018-11-19 00:00:00,736.3,719
Jhelum,Rasul Barrage,2018-11-20 00:00:00,736.1,719
Jhelum,Rasul Barrage,2018-11-21 00:00:00,736,719
Jhelum,Rasul Barrage,2018-11-22 00:00:00,735.5,719
Jhelum,Rasul Barrage,2018-11-23 00:00:00,735.7,719
Jhelum,Rasul Barrage,2018-11-24 00:00:00,736.3,719
Jhelum,Rasul Barrage,2018-11-25 00:00:00,736.5,719
Jhelum,Rasul Barrage,2018-11-26 00:00:00,736.6,719
Jhelum,Rasul Barrage,2018-11-27 00:00:00,736.8,719
Jhelum,Rasul Barrage,2018-11-28 00:00:00,736.3,719
Jhelum,Rasul Barrage,2018-11-29 00:00:00,736.4,719
Jhelum,Rasul Barrage,2018-11-30 00:00:00,736.6,719
Chenab,Marala H/W,2018-11-01 00:00:00,9707,4000
Chenab,Marala H/W,2018-11-02 00:00:00,9574,4000
Chenab,Marala H/W,2018-11-03 00:00:00,9840,4000
Chenab,Marala H/W,2018-11-04 00:00:00,13667,5667
Chenab,Marala H/W,2018-11-05 00:00:00,21990,13990
Chenab,Marala H/W,2018-11-06 00:00:00,16174,8474
Chenab,Marala H/W,2018-11-07 00:00:00,11700,4000
Chenab,Marala H/W,2018-11-08 00:00:00,11700,4000
Chenab,Marala H/W,2018-11-09 00:00:00,11041,4000
Chenab,Marala H/W,2018-11-10 00:00:00,13492,5792
Chenab,Marala H/W,2018-11-11 00:00:00,11307,4000
Chenab,Marala H/W,2018-11-12 00:00:00,11174,4000
Chenab,Marala H/W,2018-11-13 00:00:00,10505,4000
Chenab,Marala H/W,2018-11-14 00:00:00,10640,4000
Chenab,Marala H/W,2018-11-15 00:00:00,10507,4000
Chenab,Marala H/W,2018-11-16 00:00:00,10640,4000
Chenab,Marala H/W,2018-11-17 00:00:00,10640,4000
Chenab,Marala H/W,2018-11-18 00:00:00,10640,4000
Chenab,Marala H/W,2018-11-19 00:00:00,10507,4000
Chenab,Marala H/W,2018-11-20 00:00:00,10507,4000
Chenab,Marala H/W,2018-11-21 00:00:00,10507,4000
Chenab,Marala H/W,2018-11-22 00:00:00,10507,4000
Chenab,Marala H/W,2018-11-23 00:00:00,10507,4000
Chenab,Marala H/W,2018-11-24 00:00:00,9840,4000
Chenab,Marala H/W,2018-11-25 00:00:00,9174,4000
Chenab,Marala H/W,2018-11-26 00:00:00,9179,4000
Chenab,Marala H/W,2018-11-27 00:00:00,9574,4000
Chenab,Marala H/W,2018-11-28 00:00:00,9574,4000
Chenab,Marala H/W,2018-11-29 00:00:00,9174,4000
Chenab,Marala H/W,2018-11-30 00:00:00,8375,4000
Chenab,Khanki H/W,2018-11-01 00:00:00,Hdy-Up,NIL
Chenab,Khanki H/W,2018-11-02 00:00:00,2973,NIL
Chenab,Khanki H/W,2018-11-03 00:00:00,6077,1577
Chenab,Khanki H/W,2018-11-04 00:00:00,6077,1577
Chenab,Khanki H/W,2018-11-05 00:00:00,10808,6308
Chenab,Khanki H/W,2018-11-06 00:00:00,10808,6308
Chenab,Khanki H/W,2018-11-07 00:00:00,9231,4731
Chenab,Khanki H/W,2018-11-08 00:00:00,7654,3154
Chenab,Khanki H/W,2018-11-09 00:00:00,9231,4731
Chenab,Khanki H/W,2018-11-10 00:00:00,6891,2391
Chenab,Khanki H/W,2018-11-11 00:00:00,8133,1679
Chenab,Khanki H/W,2018-11-12 00:00:00,8133,1679
Chenab,Khanki H/W,2018-11-13 00:00:00,7340,864
Chenab,Khanki H/W,2018-11-14 00:00:00,7340,864
Chenab,Khanki H/W,2018-11-15 00:00:00,7340,864
Chenab,Khanki H/W,2018-11-16 00:00:00,7340,864
Chenab,Khanki H/W,2018-11-17 00:00:00,7194,864
Chenab,Khanki H/W,2018-11-18 00:00:00,8918,2543
Chenab,Khanki H/W,2018-11-19 00:00:00,8054,1679
Chenab,Khanki H/W,2018-11-20 00:00:00,7239,864
Chenab,Khanki H/W,2018-11-21 00:00:00,6353,NIL
Chenab,Khanki H/W,2018-11-22 00:00:00,8896,2543
Chenab,Khanki H/W,2018-11-23 00:00:00,8032,1679
Chenab,Khanki H/W,2018-11-24 00:00:00,8896,2543
Chenab,Khanki H/W,2018-11-25 00:00:00,6151,NIL
Chenab,Khanki H/W,2018-11-26 00:00:00,6353,NIL
Chenab,Khanki H/W,2018-11-27 00:00:00,6353,NIL
Chenab,Khanki H/W,2018-11-28 00:00:00,8032,1679
Chenab,Khanki H/W,2018-11-29 00:00:00,7217,864
Chenab,Khanki H/W,2018-11-30 00:00:00,7217,864
Chenab,Qadirabad Barrage,2018-11-01 00:00:00,12842,NIL
Chenab,Qadirabad Barrage,2018-11-02 00:00:00,13284,NIL
Chenab,Qadirabad Barrage,2018-11-03 00:00:00,16350,NIL
Chenab,Qadirabad Barrage,2018-11-04 00:00:00,18150,NIL
Chenab,Qadirabad Barrage,2018-11-05 00:00:00,18150,NIL
Chenab,Qadirabad Barrage,2018-11-06 00:00:00,22749,2749
Chenab,Qadirabad Barrage,2018-11-07 00:00:00,19000,NIL
Chenab,Qadirabad Barrage,2018-11-08 00:00:00,17095,NIL
Chenab,Qadirabad Barrage,2018-11-09 00:00:00,19795,NIL
Chenab,Qadirabad Barrage,2018-11-10 00:00:00,20000,NIL
Chenab,Qadirabad Barrage,2018-11-11 00:00:00,14000,NIL
Chenab,Qadirabad Barrage,2018-11-12 00:00:00,13500,NIL
Chenab,Qadirabad Barrage,2018-11-13 00:00:00,13000,NIL
Chenab,Qadirabad Barrage,2018-11-14 00:00:00,14284,NIL
Chenab,Qadirabad Barrage,2018-11-15 00:00:00,14284,NIL
Chenab,Qadirabad Barrage,2018-11-16 00:00:00,13000,NIL
Chenab,Qadirabad Barrage,2018-11-17 00:00:00,13000,NIL
Chenab,Qadirabad Barrage,2018-11-18 00:00:00,13000,NIL
Chenab,Qadirabad Barrage,2018-11-19 00:00:00,13856,NIL
Chenab,Qadirabad Barrage,2018-11-20 00:00:00,13000,NIL
Chenab,Qadirabad Barrage,2018-11-21 00:00:00,13428,NIL
Chenab,Qadirabad Barrage,2018-11-22 00:00:00,12000,NIL
Chenab,Qadirabad Barrage,2018-11-23 00:00:00,12000,NIL
Chenab,Qadirabad Barrage,2018-11-24 00:00:00,12000,NIL
Chenab,Qadirabad Barrage,2018-11-25 00:00:00,12000,NIL
Chenab,Qadirabad Barrage,2018-11-26 00:00:00,12000,NIL
Chenab,Qadirabad Barrage,2018-11-27 00:00:00,12000,NIL
Chenab,Qadirabad Barrage,2018-11-28 00:00:00,11000,NIL
Chenab,Qadirabad Barrage,2018-11-29 00:00:00,14768,NIL
Chenab,Qadirabad Barrage,2018-11-30 00:00:00,13000,NIL
Chenab,Trimmu H/W,2018-11-01 00:00:00,6844,2844
Chenab,Trimmu H/W,2018-11-02 00:00:00,7669,4169
Chenab,Trimmu H/W,2018-11-03 00:00:00,7669,4169
Chenab,Trimmu H/W,2018-11-04 00:00:00,7669,4169
Chenab,Trimmu H/W,2018-11-05 00:00:00,7669,4169
Chenab,Trimmu H/W,2018-11-06 00:00:00,4880,NIL
Chenab,Trimmu H/W,2018-11-07 00:00:00,5800,NIL
Chenab,Trimmu H/W,2018-11-08 00:00:00,5800,NIL
Chenab,Trimmu H/W,2018-11-09 00:00:00,5800,NIL
Chenab,Trimmu H/W,2018-11-10 00:00:00,6309,NIL
Chenab,Trimmu H/W,2018-11-11 00:00:00,4999,NIL
Chenab,Trimmu H/W,2018-11-12 00:00:00,5250,NIL
Chenab,Trimmu H/W,2018-11-13 00:00:00,5704,NIL
Chenab,Trimmu H/W,2018-11-14 00:00:00,5704,NIL
Chenab,Trimmu H/W,2018-11-15 00:00:00,5704,NIL
Chenab,Trimmu H/W,2018-11-16 00:00:00,5517,NIL
Chenab,Trimmu H/W,2018-11-17 00:00:00,5517,NIL
Chenab,Trimmu H/W,2018-11-18 00:00:00,5610,NIL
Chenab,Trimmu H/W,2018-11-19 00:00:00,6309,NIL
Chenab,Trimmu H/W,2018-11-20 00:00:00,5610,NIL
Chenab,Trimmu H/W,2018-11-21 00:00:00,5800,NIL
Chenab,Trimmu H/W,2018-11-22 00:00:00,5800,NIL
Chenab,Trimmu H/W,2018-11-23 00:00:00,6309,NIL
Chenab,Trimmu H/W,2018-11-24 00:00:00,6802,NIL
Chenab,Trimmu H/W,2018-11-25 00:00:00,6802,NIL
Chenab,Trimmu H/W,2018-11-26 00:00:00,5250,NIL
Chenab,Trimmu H/W,2018-11-27 00:00:00,6330,NIL
Chenab,Trimmu H/W,2018-11-28 00:00:00,5610,NIL
Chenab,Trimmu H/W,2018-11-29 00:00:00,5610,NIL
Chenab,Trimmu H/W,2018-11-30 00:00:00,6249,NIL
Chenab,Panjnad H/W,2018-11-01 00:00:00,Hdy-Up,NIL
Chenab,Panjnad H/W,2018-11-02 00:00:00,5893,3393
Chenab,Panjnad H/W,2018-11-03 00:00:00,4554,NIL
Chenab,Panjnad H/W,2018-11-04 00:00:00,4360,NIL
Chenab,Panjnad H/W,2018-11-05 00:00:00,4751,NIL
Chenab,Panjnad H/W,2018-11-06 00:00:00,4728,NIL
Chenab,Panjnad H/W,2018-11-07 00:00:00,3896,NIL
Chenab,Panjnad H/W,2018-11-08 00:00:00,3240,NIL
Chenab,Panjnad H/W,2018-11-09 00:00:00,8161,NIL
Chenab,Panjnad H/W,2018-11-10 00:00:00,2317,NIL
Chenab,Panjnad H/W,2018-11-11 00:00:00,2639,NIL
Chenab,Panjnad H/W,2018-11-12 00:00:00,2008,NIL
Chenab,Panjnad H/W,2018-11-13 00:00:00,2008,NIL
Chenab,Panjnad H/W,2018-11-14 00:00:00,2122,NIL
Chenab,Panjnad H/W,2018-11-15 00:00:00,2726,NIL
Chenab,Panjnad H/W,2018-11-16 00:00:00,2828,NIL
Chenab,Panjnad H/W,2018-11-17 00:00:00,2904,NIL
Chenab,Panjnad H/W,2018-11-18 00:00:00,3564,NIL
Chenab,Panjnad H/W,2018-11-19 00:00:00,3863,NIL
Chenab,Panjnad H/W,2018-11-20 00:00:00,3824,NIL
Chenab,Panjnad H/W,2018-11-21 00:00:00,3996,NIL
Chenab,Panjnad H/W,2018-11-22 00:00:00,3996,NIL
Chenab,Panjnad H/W,2018-11-23 00:00:00,3956,NIL
Chenab,Panjnad H/W,2018-11-24 00:00:00,3956,NIL
Chenab,Panjnad H/W,2018-11-25 00:00:00,3741,NIL
Chenab,Panjnad H/W,2018-11-26 00:00:00,3741,NIL
Chenab,Panjnad H/W,2018-11-27 00:00:00,3741,NIL
Chenab,Panjnad H/W,2018-11-28 00:00:00,3754,NIL
Chenab,Panjnad H/W,2018-11-29 00:00:00,3811,NIL
Chenab,Panjnad H/W,2018-11-30 00:00:00,3806,NIL
Ravi,Balloki H/W,2018-11-01 00:00:00,904.4,633.5
Ravi,Balloki H/W,2018-11-02 00:00:00,904.4,633.5
Ravi,Balloki H/W,2018-11-03 00:00:00,904.4,633.5
Ravi,Balloki H/W,2018-11-04 00:00:00,904.4,633.5
Ravi,Balloki H/W,2018-11-05 00:00:00,904.4,633.5
Ravi,Balloki H/W,2018-11-06 00:00:00,904.4,633.5
Ravi,Balloki H/W,2018-11-07 00:00:00,904.4,633.5
Ravi,Balloki H/W,2018-11-08 00:00:00,904.4,633.5
Ravi,Balloki H/W,2018-11-09 00:00:00,904.4,633.5
Ravi,Balloki H/W,2018-11-10 00:00:00,904.4,633.5
Ravi,Balloki H/W,2018-11-11 00:00:00,904.4,633.5
Ravi,Balloki H/W,2018-11-12 00:00:00,904.4,633.5
Ravi,Balloki H/W,2018-11-13 00:00:00,904.4,633.5
Ravi,Balloki H/W,2018-11-14 00:00:00,904.4,633.5
Ravi,Balloki H/W,2018-11-15 00:00:00,904.3,633.5
Ravi,Balloki H/W,2018-11-16 00:00:00,904.3,633.5
Ravi,Balloki H/W,2018-11-17 00:00:00,904.3,633.5
Ravi,Balloki H/W,2018-11-18 00:00:00,904.3,633.5
Ravi,Balloki H/W,2018-11-19 00:00:00,904.3,633.5
Ravi,Balloki H/W,2018-11-20 00:00:00,904.3,633.5
Ravi,Balloki H/W,2018-11-21 00:00:00,904.3,633.5
Ravi,Balloki H/W,2018-11-22 00:00:00,904.3,633.5
Ravi,Balloki H/W,2018-11-23 00:00:00,904.3,633.5
Ravi,Balloki H/W,2018-11-24 00:00:00,904.3,633
Ravi,Balloki H/W,2018-11-25 00:00:00,904.3,633
Ravi,Balloki H/W,2018-11-26 00:00:00,904.3,633
Ravi,Balloki H/W,2018-11-27 00:00:00,904.3,633
Ravi,Balloki H/W,2018-11-28 00:00:00,904.3,633
Ravi,Balloki H/W,2018-11-29 00:00:00,904.3,633
Ravi,Balloki H/W,2018-11-30 00:00:00,904.3,633
Ravi,Sidhnai H/W,2018-11-01 00:00:00,12180,6480
Ravi,Sidhnai H/W,2018-11-02 00:00:00,12580,3888
Ravi,Sidhnai H/W,2018-11-03 00:00:00,9664,661
Ravi,Sidhnai H/W,2018-11-04 00:00:00,7000,NIL
Ravi,Sidhnai H/W,2018-11-05 00:00:00,5000,NIL
Ravi,Sidhnai H/W,2018-11-06 00:00:00,4500,NIL
Ravi,Sidhnai H/W,2018-11-07 00:00:00,5000,NIL
Ravi,Sidhnai H/W,2018-11-08 00:00:00,5500,NIL
Ravi,Sidhnai H/W,2018-11-09 00:00:00,5500,NIL
Ravi,Sidhnai H/W,2018-11-10 00:00:00,6000,NIL
Ravi,Sidhnai H/W,2018-11-11 00:00:00,7300,NIL
Ravi,Sidhnai H/W,2018-11-12 00:00:00,6000,NIL
Ravi,Sidhnai H/W,2018-11-13 00:00:00,7300,NIL
Ravi,Sidhnai H/W,2018-11-14 00:00:00,8000,NIL
Ravi,Sidhnai H/W,2018-11-15 00:00:00,7500,NIL
Ravi,Sidhnai H/W,2018-11-16 00:00:00,6700,NIL
Ravi,Sidhnai H/W,2018-11-17 00:00:00,6000,NIL
Ravi,Sidhnai H/W,2018-11-18 00:00:00,5554,NIL
Ravi,Sidhnai H/W,2018-11-19 00:00:00,4960,NIL
Ravi,Sidhnai H/W,2018-11-20 00:00:00,5250,NIL
Ravi,Sidhnai H/W,2018-11-21 00:00:00,5500,NIL
Ravi,Sidhnai H/W,2018-11-22 00:00:00,5200,NIL
Ravi,Sidhnai H/W,2018-11-23 00:00:00,5000,NIL
Ravi,Sidhnai H/W,2018-11-24 00:00:00,5800,NIL
Ravi,Sidhnai H/W,2018-11-25 00:00:00,5256,NIL
Ravi,Sidhnai H/W,2018-11-26 00:00:00,5603,NIL
Ravi,Sidhnai H/W,2018-11-27 00:00:00,5062,NIL
Ravi,Sidhnai H/W,2018-11-28 00:00:00,5603,NIL
Ravi,Sidhnai H/W,2018-11-29 00:00:00,4700,NIL
Ravi,Sidhnai H/W,2018-11-30 00:00:00,4700,NIL
Sutlej,Suleimanki H/W,2018-11-01 00:00:00,5713,NIL
Sutlej,Suleimanki H/W,2018-11-02 00:00:00,10185,3450
Sutlej,Suleimanki H/W,2018-11-03 00:00:00,10924,3450
Sutlej,Suleimanki H/W,2018-11-04 00:00:00,10924,3450
Sutlej,Suleimanki H/W,2018-11-05 00:00:00,10924,3450
Sutlej,Suleimanki H/W,2018-11-06 00:00:00,11585,3950
Sutlej,Suleimanki H/W,2018-11-07 00:00:00,11730,3950
Sutlej,Suleimanki H/W,2018-11-08 00:00:00,11730,3950
Sutlej,Suleimanki H/W,2018-11-09 00:00:00,10813,3033
Sutlej,Suleimanki H/W,2018-11-10 00:00:00,10813,3033
Sutlej,Suleimanki H/W,2018-11-11 00:00:00,10228,2448
Sutlej,Suleimanki H/W,2018-11-12 00:00:00,10228,2448
Sutlej,Suleimanki H/W,2018-11-13 00:00:00,8947,1167
Sutlej,Suleimanki H/W,2018-11-14 00:00:00,8947,1167
Sutlej,Suleimanki H/W,2018-11-15 00:00:00,8947,1167
Sutlej,Suleimanki H/W,2018-11-16 00:00:00,8947,1167
Sutlej,Suleimanki H/W,2018-11-17 00:00:00,11465,3685
Sutlej,Suleimanki H/W,2018-11-18 00:00:00,11434,3654
Sutlej,Suleimanki H/W,2018-11-19 00:00:00,9278,1498
Sutlej,Suleimanki H/W,2018-11-20 00:00:00,9471,1807
Sutlej,Suleimanki H/W,2018-11-21 00:00:00,9471,1807
Sutlej,Suleimanki H/W,2018-11-22 00:00:00,9471,1807
Sutlej,Suleimanki H/W,2018-11-23 00:00:00,9471,1807
Sutlej,Suleimanki H/W,2018-11-24 00:00:00,7664,1807
Sutlej,Suleimanki H/W,2018-11-25 00:00:00,7027,1807
Sutlej,Suleimanki H/W,2018-11-26 00:00:00,7664,1807
Sutlej,Suleimanki H/W,2018-11-27 00:00:00,6726,1807
Sutlej,Suleimanki H/W,2018-11-28 00:00:00,6726,1807
Sutlej,Suleimanki H/W,2018-11-29 00:00:00,7061,1807
Sutlej,Suleimanki H/W,2018-11-30 00:00:00,7664,1807
Indus,Kalabagh,2018-10-01 00:00:00,130153,123153
Indus,Kalabagh,2018-10-02 00:00:00,121461,114461
Indus,Kalabagh,2018-10-03 00:00:00,117939,110939
Indus,Kalabagh,2018-10-04 00:00:00,118606,111606
Indus,Kalabagh,2018-10-05 00:00:00,107264,100264
Indus,Kalabagh,2018-10-06 00:00:00,115609,108609
Indus,Kalabagh,2018-10-07 00:00:00,101577,94577
Indus,Kalabagh,2018-10-08 00:00:00,97778,90778
Indus,Kalabagh,2018-10-09 00:00:00,99957,93457
Indus,Kalabagh,2018-10-10 00:00:00,94311,87811
Indus,Kalabagh,2018-10-11 00:00:00,82904,77404
Indus,Kalabagh,2018-10-12 00:00:00,70860,66860
Indus,Kalabagh,2018-10-13 00:00:00,69446,65446
Indus,Kalabagh,2018-10-14 00:00:00,65575,61575
Indus,Kalabagh,2018-10-15 00:00:00,57910,53910
Indus,Kalabagh,2018-10-16 00:00:00,65214,61214
Indus,Kalabagh,2018-10-17 00:00:00,61227,57227
Indus,Kalabagh,2018-10-18 00:00:00,56048,52048
Indus,Kalabagh,2018-10-19 00:00:00,54788,50788
Indus,Kalabagh,2018-10-20 00:00:00,56586,52586
Indus,Kalabagh,2018-10-21 00:00:00,52485,48485
Indus,Kalabagh,2018-10-22 00:00:00,54616,50616
Indus,Kalabagh,2018-10-23 00:00:00,53011,49011
Indus,Kalabagh,2018-10-24 00:00:00,32623,28623
Indus,Kalabagh,2018-10-25 00:00:00,46853,42853
Indus,Kalabagh,2018-10-26 00:00:00,46007,42007
Indus,Kalabagh,2018-10-27 00:00:00,45856,41856
Indus,Kalabagh,2018-10-28 00:00:00,43244,39244
Indus,Kalabagh,2018-10-29 00:00:00,49065,45065
Indus,Kalabagh,2018-10-30 00:00:00,55689,51689
Indus,Kalabagh,2018-10-31 00:00:00,64984,60984
Indus,Taunsa Barrage,2018-10-01 00:00:00,111682,94036
Indus,Taunsa Barrage,2018-10-02 00:00:00,109076,91842
Indus,Taunsa Barrage,2018-10-03 00:00:00,109076,91733
Indus,Taunsa Barrage,2018-10-04 00:00:00,109170,91812
Indus,Taunsa Barrage,2018-10-05 00:00:00,109170,91812
Indus,Taunsa Barrage,2018-10-06 00:00:00,109053,91714
Indus,Taunsa Barrage,2018-10-07 00:00:00,109053,91714
Indus,Taunsa Barrage,2018-10-08 00:00:00,82789,68384
Indus,Taunsa Barrage,2018-10-09 00:00:00,82789,68384
Indus,Taunsa Barrage,2018-10-10 00:00:00,82789,68384
Indus,Taunsa Barrage,2018-10-11 00:00:00,82789,68384
Indus,Taunsa Barrage,2018-10-12 00:00:00,82956,68522
Indus,Taunsa Barrage,2018-10-13 00:00:00,66712,57506
Indus,Taunsa Barrage,2018-10-14 00:00:00,66712,57506
Indus,Taunsa Barrage,2018-10-15 00:00:00,60588,60588
Indus,Taunsa Barrage,2018-10-16 00:00:00,57914,57914
Indus,Taunsa Barrage,2018-10-17 00:00:00,57914,57914
Indus,Taunsa Barrage,2018-10-18 00:00:00,52030,52030
Indus,Taunsa Barrage,2018-10-19 00:00:00,50693,50693
Indus,Taunsa Barrage,2018-10-20 00:00:00,44008,44008
Indus,Taunsa Barrage,2018-10-21 00:00:00,41335,41335
Indus,Taunsa Barrage,2018-10-22 00:00:00,38661,38661
Indus,Taunsa Barrage,2018-10-23 00:00:00,38596,38596
Indus,Taunsa Barrage,2018-10-24 00:00:00,37263,38263
Indus,Taunsa Barrage,2018-10-25 00:00:00,37263,38263
Indus,Taunsa Barrage,2018-10-26 00:00:00,34597,34597
Indus,Taunsa Barrage,2018-10-27 00:00:00,33668,33668
Indus,Taunsa Barrage,2018-10-28 00:00:00,30734,30734
Indus,Taunsa Barrage,2018-10-29 00:00:00,30734,30734
Indus,Taunsa Barrage,2018-10-30 00:00:00,30993,30993
Indus,Taunsa Barrage,2018-10-31 00:00:00,35135,35135
Indus,Chashma Barrage,2018-10-01 00:00:00,110774,113000
Indus,Chashma Barrage,2018-10-02 00:00:00,112366,113000
Indus,Chashma Barrage,2018-10-03 00:00:00,111636,113000
Indus,Chashma Barrage,2018-10-04 00:00:00,110230,113000
Indus,Chashma Barrage,2018-10-05 00:00:00,106304,113000
Indus,Chashma Barrage,2018-10-06 00:00:00,103902,86000
Indus,Chashma Barrage,2018-10-07 00:00:00,94075,86000
Indus,Chashma Barrage,2018-10-08 00:00:00,93157,86000
Indus,Chashma Barrage,2018-10-09 00:00:00,86843,86000
Indus,Chashma Barrage,2018-10-10 00:00:00,99656,86000
Indus,Chashma Barrage,2018-10-11 00:00:00,79485,65000
Indus,Chashma Barrage,2018-10-12 00:00:00,73651,65000
Indus,Chashma Barrage,2018-10-13 00:00:00,62530,56000
Indus,Chashma Barrage,2018-10-14 00:00:00,59700,56000
Indus,Chashma Barrage,2018-10-15 00:00:00,45731,56000
Indus,Chashma Barrage,2018-10-16 00:00:00,38386,46000
Indus,Chashma Barrage,2018-10-17 00:00:00,46537,35000
Indus,Chashma Barrage,2018-10-18 00:00:00,42652,33000
Indus,Chashma Barrage,2018-10-19 00:00:00,41651,33000
Indus,Chashma Barrage,2018-10-20 00:00:00,40482,33000
Indus,Chashma Barrage,2018-10-21 00:00:00,41046,33000
Indus,Chashma Barrage,2018-10-22 00:00:00,39630,33000
Indus,Chashma Barrage,2018-10-23 00:00:00,32385,30000
Indus,Chashma Barrage,2018-10-24 00:00:00,36630,30000
Indus,Chashma Barrage,2018-10-25 00:00:00,29554,30000
Indus,Chashma Barrage,2018-10-26 00:00:00,33800,30000
Indus,Chashma Barrage,2018-10-27 00:00:00,30970,30000
Indus,Chashma Barrage,2018-10-28 00:00:00,32909,33000
Indus,Chashma Barrage,2018-10-29 00:00:00,31849,33000
Indus,Chashma Barrage,2018-10-30 00:00:00,37610,41000
Indus,Chashma Barrage,2018-10-31 00:00:00,49515,41000
Jhelum,Rasul Barrage,2018-10-01 00:00:00,736.6,719
Jhelum,Rasul Barrage,2018-10-02 00:00:00,739.7,719.1
Jhelum,Rasul Barrage,2018-10-03 00:00:00,739.6,719
Jhelum,Rasul Barrage,2018-10-04 00:00:00,739.7,719
Jhelum,Rasul Barrage,2018-10-05 00:00:00,739.7,719
Jhelum,Rasul Barrage,2018-10-06 00:00:00,739.6,719
Jhelum,Rasul Barrage,2018-10-07 00:00:00,739.5,719
Jhelum,Rasul Barrage,2018-10-08 00:00:00,736.7,719
Jhelum,Rasul Barrage,2018-10-09 00:00:00,735.1,719.1
Jhelum,Rasul Barrage,2018-10-10 00:00:00,736,719
Jhelum,Rasul Barrage,2018-10-11 00:00:00,736.8,719
Jhelum,Rasul Barrage,2018-10-12 00:00:00,737,719
Jhelum,Rasul Barrage,2018-10-13 00:00:00,737,719
Jhelum,Rasul Barrage,2018-10-14 00:00:00,734.1,719
Jhelum,Rasul Barrage,2018-10-15 00:00:00,733.1,719
Jhelum,Rasul Barrage,2018-10-16 00:00:00,733.2,719
Jhelum,Rasul Barrage,2018-10-17 00:00:00,733.1,719
Jhelum,Rasul Barrage,2018-10-18 00:00:00,733.2,719
Jhelum,Rasul Barrage,2018-10-19 00:00:00,733.1,719.2
Jhelum,Rasul Barrage,2018-10-20 00:00:00,733,718.9
Jhelum,Rasul Barrage,2018-10-21 00:00:00,733.1,719.1
Jhelum,Rasul Barrage,2018-10-22 00:00:00,733.1,718.2
Jhelum,Rasul Barrage,2018-10-23 00:00:00,733.3,718.8
Jhelum,Rasul Barrage,2018-10-24 00:00:00,733.5,719
Jhelum,Rasul Barrage,2018-10-25 00:00:00,733.3,719
Jhelum,Rasul Barrage,2018-10-26 00:00:00,737,719
Jhelum,Rasul Barrage,2018-10-27 00:00:00,735.3,718.9
Jhelum,Rasul Barrage,2018-10-28 00:00:00,736.1,719
Jhelum,Rasul Barrage,2018-10-29 00:00:00,737,719
Jhelum,Rasul Barrage,2018-10-30 00:00:00,736.7,719
Jhelum,Rasul Barrage,2018-10-31 00:00:00,736.8,719.1
Chenab,Marala H/W,2018-10-01 00:00:00,20510,6000
Chenab,Marala H/W,2018-10-02 00:00:00,20050,6000
Chenab,Marala H/W,2018-10-03 00:00:00,18518,6000
Chenab,Marala H/W,2018-10-04 00:00:00,17983,6000
Chenab,Marala H/W,2018-10-05 00:00:00,19321,6000
Chenab,Marala H/W,2018-10-06 00:00:00,18652,6000
Chenab,Marala H/W,2018-10-07 00:00:00,17582,6000
Chenab,Marala H/W,2018-10-08 00:00:00,17448,6000
Chenab,Marala H/W,2018-10-09 00:00:00,16112,6000
Chenab,Marala H/W,2018-10-10 00:00:00,16379,6000
Chenab,Marala H/W,2018-10-11 00:00:00,15845,6000
Chenab,Marala H/W,2018-10-12 00:00:00,15978,6000
Chenab,Marala H/W,2018-10-13 00:00:00,15845,6000
Chenab,Marala H/W,2018-10-14 00:00:00,15845,6000
Chenab,Marala H/W,2018-10-15 00:00:00,14509,6000
Chenab,Marala H/W,2018-10-16 00:00:00,13441,6000
Chenab,Marala H/W,2018-10-17 00:00:00,13174,6000
Chenab,Marala H/W,2018-10-18 00:00:00,13441,6000
Chenab,Marala H/W,2018-10-19 00:00:00,12907,6000
Chenab,Marala H/W,2018-10-20 00:00:00,12507,6000
Chenab,Marala H/W,2018-10-21 00:00:00,12168,7168
Chenab,Marala H/W,2018-10-22 00:00:00,12168,7168
Chenab,Marala H/W,2018-10-23 00:00:00,10376,5376
Chenab,Marala H/W,2018-10-24 00:00:00,12168,7168
Chenab,Marala H/W,2018-10-25 00:00:00,12168,7168
Chenab,Marala H/W,2018-10-26 00:00:00,11000,NIL
Chenab,Marala H/W,2018-10-27 00:00:00,11000,NIL
Chenab,Marala H/W,2018-10-28 00:00:00,10512,NIL
Chenab,Marala H/W,2018-10-29 00:00:00,10158,NIL
Chenab,Marala H/W,2018-10-30 00:00:00,10512,NIL
Chenab,Marala H/W,2018-10-31 00:00:00,11900,NIL
Chenab,Khanki H/W,2018-10-01 00:00:00,10956,3476
Chenab,Khanki H/W,2018-10-02 00:00:00,9228,1728
Chenab,Khanki H/W,2018-10-03 00:00:00,9228,1728
Chenab,Khanki H/W,2018-10-04 00:00:00,10115,2621
Chenab,Khanki H/W,2018-10-05 00:00:00,10115,2615
Chenab,Khanki H/W,2018-10-06 00:00:00,10115,2610
Chenab,Khanki H/W,2018-10-07 00:00:00,7500,250
Chenab,Khanki H/W,2018-10-08 00:00:00,9228,1804
Chenab,Khanki H/W,2018-10-09 00:00:00,8228,1728
Chenab,Khanki H/W,2018-10-10 00:00:00,9043,2543
Chenab,Khanki H/W,2018-10-11 00:00:00,10261,10261
Chenab,Khanki H/W,2018-10-12 00:00:00,9043,2554
Chenab,Khanki H/W,2018-10-13 00:00:00,9043,2543
Chenab,Khanki H/W,2018-10-14 00:00:00,9043,2543
Chenab,Khanki H/W,2018-10-15 00:00:00,8179,1710
Chenab,Khanki H/W,2018-10-16 00:00:00,8258,3258
Chenab,Khanki H/W,2018-10-17 00:00:00,7391,2391
Chenab,Khanki H/W,2018-10-18 00:00:00,8154,3178
Chenab,Khanki H/W,2018-10-19 00:00:00,8154,3154
Chenab,Khanki H/W,2018-10-20 00:00:00,8154,3154
Chenab,Khanki H/W,2018-10-21 00:00:00,7542,7542
Chenab,Khanki H/W,2018-10-22 00:00:00,6324,6371
Chenab,Khanki H/W,2018-10-23 00:00:00,6324,6324
Chenab,Khanki H/W,2018-10-24 00:00:00,6324,6324
Chenab,Khanki H/W,2018-10-25 00:00:00,6324,6360
Chenab,Khanki H/W,2018-10-26 00:00:00,6324,6324
Chenab,Khanki H/W,2018-10-27 00:00:00,2289,1734
Chenab,Khanki H/W,2018-10-28 00:00:00,1734,1734
Chenab,Khanki H/W,2018-10-29 00:00:00,1734,1696
Chenab,Khanki H/W,2018-10-30 00:00:00,1734,1734
Chenab,Khanki H/W,2018-10-31 00:00:00,1734,1734
Chenab,Qadirabad Barrage,2018-10-01 00:00:00,16000,NIL
Chenab,Qadirabad Barrage,2018-10-02 00:00:00,13000,NIL
Chenab,Qadirabad Barrage,2018-10-03 00:00:00,17650,NIL
Chenab,Qadirabad Barrage,2018-10-04 00:00:00,18100,NIL
Chenab,Qadirabad Barrage,2018-10-05 00:00:00,20800,NIL
Chenab,Qadirabad Barrage,2018-10-06 00:00:00,20800,NIL
Chenab,Qadirabad Barrage,2018-10-07 00:00:00,16000,NIL
Chenab,Qadirabad Barrage,2018-10-08 00:00:00,14000,NIL
Chenab,Qadirabad Barrage,2018-10-09 00:00:00,13951,NIL
Chenab,Qadirabad Barrage,2018-10-10 00:00:00,15450,NIL
Chenab,Qadirabad Barrage,2018-10-11 00:00:00,15070,NIL
Chenab,Qadirabad Barrage,2018-10-12 00:00:00,15520,NIL
Chenab,Qadirabad Barrage,2018-10-13 00:00:00,14784,NIL
Chenab,Qadirabad Barrage,2018-10-14 00:00:00,15900,NIL
Chenab,Qadirabad Barrage,2018-10-15 00:00:00,14000,NIL
Chenab,Qadirabad Barrage,2018-10-16 00:00:00,14468,NIL
Chenab,Qadirabad Barrage,2018-10-17 00:00:00,12000,NIL
Chenab,Qadirabad Barrage,2018-10-18 00:00:00,11875,NIL
Chenab,Qadirabad Barrage,2018-10-19 00:00:00,14712,NIL
Chenab,Qadirabad Barrage,2018-10-20 00:00:00,10775,NIL
Chenab,Qadirabad Barrage,2018-10-21 00:00:00,7700,NIL
Chenab,Qadirabad Barrage,2018-10-22 00:00:00,14320,NIL
Chenab,Qadirabad Barrage,2018-10-23 00:00:00,9725,NIL
Chenab,Qadirabad Barrage,2018-10-24 00:00:00,9975,NIL
Chenab,Qadirabad Barrage,2018-10-25 00:00:00,8225,NIL
Chenab,Qadirabad Barrage,2018-10-26 00:00:00,9600,NIL
Chenab,Qadirabad Barrage,2018-10-27 00:00:00,8100,NIL
Chenab,Qadirabad Barrage,2018-10-28 00:00:00,9750,NIL
Chenab,Qadirabad Barrage,2018-10-29 00:00:00,12000,NIL
Chenab,Qadirabad Barrage,2018-10-30 00:00:00,11650,NIL
Chenab,Qadirabad Barrage,2018-10-31 00:00:00,11650,NIL
Chenab,Trimmu H/W,2018-10-01 00:00:00,11429,NIL
Chenab,Trimmu H/W,2018-10-02 00:00:00,9199,NIL
Chenab,Trimmu H/W,2018-10-03 00:00:00,7510,NIL
Chenab,Trimmu H/W,2018-10-04 00:00:00,5700,NIL
Chenab,Trimmu H/W,2018-10-05 00:00:00,6741,NIL
Chenab,Trimmu H/W,2018-10-06 00:00:00,7150,NIL
Chenab,Trimmu H/W,2018-10-07 00:00:00,12936,NIL
Chenab,Trimmu H/W,2018-10-08 00:00:00,15236,NIL
Chenab,Trimmu H/W,2018-10-09 00:00:00,19468,2768
Chenab,Trimmu H/W,2018-10-10 00:00:00,16700,NIL
Chenab,Trimmu H/W,2018-10-11 00:00:00,11929,NIL
Chenab,Trimmu H/W,2018-10-12 00:00:00,8702,NIL
Chenab,Trimmu H/W,2018-10-13 00:00:00,8390,NIL
Chenab,Trimmu H/W,2018-10-14 00:00:00,8090,NIL
Chenab,Trimmu H/W,2018-10-15 00:00:00,5700,NIL
Chenab,Trimmu H/W,2018-10-16 00:00:00,7830,7830
Chenab,Trimmu H/W,2018-10-17 00:00:00,7830,7830
Chenab,Trimmu H/W,2018-10-18 00:00:00,7830,7820
Chenab,Trimmu H/W,2018-10-19 00:00:00,6583,6583
Chenab,Trimmu H/W,2018-10-20 00:00:00,6641,6641
Chenab,Trimmu H/W,2018-10-21 00:00:00,6641,6641
Chenab,Trimmu H/W,2018-10-22 00:00:00,5403,5403
Chenab,Trimmu H/W,2018-10-23 00:00:00,5403,5403
Chenab,Trimmu H/W,2018-10-24 00:00:00,4086,4086
Chenab,Trimmu H/W,2018-10-25 00:00:00,4086,4086
Chenab,Trimmu H/W,2018-10-26 00:00:00,589,NIL
Chenab,Trimmu H/W,2018-10-27 00:00:00,2377,NIL
Chenab,Trimmu H/W,2018-10-28 00:00:00,1608,NIL
Chenab,Trimmu H/W,2018-10-29 00:00:00,2145,NIL
Chenab,Trimmu H/W,2018-10-30 00:00:00,1815,NIL
Chenab,Trimmu H/W,2018-10-31 00:00:00,2088,NIL
Chenab,Panjnad H/W,2018-10-01 00:00:00,10621,NIL
Chenab,Panjnad H/W,2018-10-02 00:00:00,13625,NIL
Chenab,Panjnad H/W,2018-10-03 00:00:00,14400,NIL
Chenab,Panjnad H/W,2018-10-04 00:00:00,12288,NIL
Chenab,Panjnad H/W,2018-10-05 00:00:00,11528,NIL
Chenab,Panjnad H/W,2018-10-06 00:00:00,9565,NIL
Chenab,Panjnad H/W,2018-10-07 00:00:00,10239,NIL
Chenab,Panjnad H/W,2018-10-08 00:00:00,10239,NIL
Chenab,Panjnad H/W,2018-10-09 00:00:00,10207,NIL
Chenab,Panjnad H/W,2018-10-10 00:00:00,9296,NIL
Chenab,Panjnad H/W,2018-10-11 00:00:00,9129,NIL
Chenab,Panjnad H/W,2018-10-12 00:00:00,7804,NIL
Chenab,Panjnad H/W,2018-10-13 00:00:00,7424,NIL
Chenab,Panjnad H/W,2018-10-14 00:00:00,7676,NIL
Chenab,Panjnad H/W,2018-10-15 00:00:00,6220,NIL
Chenab,Panjnad H/W,2018-10-16 00:00:00,3087,NIL
Chenab,Panjnad H/W,2018-10-17 00:00:00,2964,NIL
Chenab,Panjnad H/W,2018-10-18 00:00:00,2328,NIL
Chenab,Panjnad H/W,2018-10-19 00:00:00,2165,NIL
Chenab,Panjnad H/W,2018-10-20 00:00:00,2552,NIL
Chenab,Panjnad H/W,2018-10-21 00:00:00,2827,2827
Chenab,Panjnad H/W,2018-10-22 00:00:00,4663,4663
Chenab,Panjnad H/W,2018-10-23 00:00:00,4663,4663
Chenab,Panjnad H/W,2018-10-24 00:00:00,4663,4663
Chenab,Panjnad H/W,2018-10-25 00:00:00,4301,4301
Chenab,Panjnad H/W,2018-10-26 00:00:00,5014,5014
Chenab,Panjnad H/W,2018-10-27 00:00:00,5014,5014
Chenab,Panjnad H/W,2018-10-28 00:00:00,5426,5426
Chenab,Panjnad H/W,2018-10-29 00:00:00,6858,6856
Chenab,Panjnad H/W,2018-10-30 00:00:00,9397,9397
Chenab,Panjnad H/W,2018-10-31 00:00:00,8587,8567
Ravi,Balloki H/W,2018-10-01 00:00:00,904.6,675.3
Ravi,Balloki H/W,2018-10-02 00:00:00,904.6,674.2
Ravi,Balloki H/W,2018-10-03 00:00:00,904.5,674.2
Ravi,Balloki H/W,2018-10-04 00:00:00,904.5,674
Ravi,Balloki H/W,2018-10-05 00:00:00,904.5,672.8
Ravi,Balloki H/W,2018-10-06 00:00:00,904.4,672.4
Ravi,Balloki H/W,2018-10-07 00:00:00,904.4,672.1
Ravi,Balloki H/W,2018-10-08 00:00:00,904.3,672
Ravi,Balloki H/W,2018-10-09 00:00:00,904.3,671.3
Ravi,Balloki H/W,2018-10-10 00:00:00,904.3,670.9
Ravi,Balloki H/W,2018-10-11 00:00:00,904.3,670.3
Ravi,Balloki H/W,2018-10-12 00:00:00,904.3,670.1
Ravi,Balloki H/W,2018-10-13 00:00:00,904.3,671.5
Ravi,Balloki H/W,2018-10-14 00:00:00,904.2,670.5
Ravi,Balloki H/W,2018-10-15 00:00:00,904.2,670.2
Ravi,Balloki H/W,2018-10-16 00:00:00,904.2,670.1
Ravi,Balloki H/W,2018-10-17 00:00:00,904.2,669.8
Ravi,Balloki H/W,2018-10-18 00:00:00,904.2,669.7
Ravi,Balloki H/W,2018-10-19 00:00:00,904.2,670.1
Ravi,Balloki H/W,2018-10-20 00:00:00,904.3,670.3
Ravi,Balloki H/W,2018-10-21 00:00:00,904.3,670.5
Ravi,Balloki H/W,2018-10-22 00:00:00,904.3,669.7
Ravi,Balloki H/W,2018-10-23 00:00:00,904.3,669.3
Ravi,Balloki H/W,2018-10-24 00:00:00,904.3,669.4
Ravi,Balloki H/W,2018-10-25 00:00:00,904.3,667.4
Ravi,Balloki H/W,2018-10-26 00:00:00,904.3,669.3
Ravi,Balloki H/W,2018-10-27 00:00:00,904.3,670.9
Ravi,Balloki H/W,2018-10-28 00:00:00,904.3,673.4
Ravi,Balloki H/W,2018-10-29 00:00:00,904.3,672.4
Ravi,Balloki H/W,2018-10-30 00:00:00,904.3,671.9
Ravi,Balloki H/W,2018-10-31 00:00:00,904.3,672.1
Ravi,Sidhnai H/W,2018-10-01 00:00:00,21910,6610
Ravi,Sidhnai H/W,2018-10-02 00:00:00,15961,661
Ravi,Sidhnai H/W,2018-10-03 00:00:00,9500,NIL
Ravi,Sidhnai H/W,2018-10-04 00:00:00,7700,NIL
Ravi,Sidhnai H/W,2018-10-05 00:00:00,6500,NIL
Ravi,Sidhnai H/W,2018-10-06 00:00:00,6000,NIL
Ravi,Sidhnai H/W,2018-10-07 00:00:00,10000,NIL
Ravi,Sidhnai H/W,2018-10-08 00:00:00,13700,NIL
Ravi,Sidhnai H/W,2018-10-09 00:00:00,14000,NIL
Ravi,Sidhnai H/W,2018-10-10 00:00:00,14855,NIL
Ravi,Sidhnai H/W,2018-10-11 00:00:00,12500,NIL
Ravi,Sidhnai H/W,2018-10-12 00:00:00,6000,NIL
Ravi,Sidhnai H/W,2018-10-13 00:00:00,6000,NIL
Ravi,Sidhnai H/W,2018-10-14 00:00:00,6000,NIL
Ravi,Sidhnai H/W,2018-10-15 00:00:00,5000,NIL
Ravi,Sidhnai H/W,2018-10-16 00:00:00,4641,4641
Ravi,Sidhnai H/W,2018-10-17 00:00:00,NIL,NIL
Ravi,Sidhnai H/W,2018-10-18 00:00:00,334,334
Ravi,Sidhnai H/W,2018-10-19 00:00:00,334,334
Ravi,Sidhnai H/W,2018-10-20 00:00:00,334,334
Ravi,Sidhnai H/W,2018-10-21 00:00:00,NIL,NIL
Ravi,Sidhnai H/W,2018-10-22 00:00:00,NIL,NIL
Ravi,Sidhnai H/W,2018-10-23 00:00:00,NIL,NIL
Ravi,Sidhnai H/W,2018-10-24 00:00:00,NIL,NIL
Ravi,Sidhnai H/W,2018-10-25 00:00:00,NIL,4627
Ravi,Sidhnai H/W,2018-10-26 00:00:00,6127,4627
Ravi,Sidhnai H/W,2018-10-27 00:00:00,9476,7776
Ravi,Sidhnai H/W,2018-10-28 00:00:00,7845,5845
Ravi,Sidhnai H/W,2018-10-29 00:00:00,8480,6480
Ravi,Sidhnai H/W,2018-10-30 00:00:00,9480,6480
Ravi,Sidhnai H/W,2018-10-31 00:00:00,10038,5538
Sutlej,Suleimanki H/W,2018-10-01 00:00:00,27806,15942
Sutlej,Suleimanki H/W,2018-10-02 00:00:00,27740,15612
Sutlej,Suleimanki H/W,2018-10-03 00:00:00,20959,8950
Sutlej,Suleimanki H/W,2018-10-04 00:00:00,23101,11092
Sutlej,Suleimanki H/W,2018-10-05 00:00:00,21132,9123
Sutlej,Suleimanki H/W,2018-10-06 00:00:00,18040,6031
Sutlej,Suleimanki H/W,2018-10-07 00:00:00,16395,4233
Sutlej,Suleimanki H/W,2018-10-08 00:00:00,15542,3380
Sutlej,Suleimanki H/W,2018-10-09 00:00:00,14460,2478
Sutlej,Suleimanki H/W,2018-10-10 00:00:00,12410.86,2284
Sutlej,Suleimanki H/W,2018-10-11 00:00:00,10032,NIL
Sutlej,Suleimanki H/W,2018-10-12 00:00:00,9732,NIL
Sutlej,Suleimanki H/W,2018-10-13 00:00:00,9234,NIL
Sutlej,Suleimanki H/W,2018-10-14 00:00:00,8747,NIL
Sutlej,Suleimanki H/W,2018-10-15 00:00:00,8747,NIL
Sutlej,Suleimanki H/W,2018-10-16 00:00:00,12877,5963
Sutlej,Suleimanki H/W,2018-10-17 00:00:00,10759,3728
Sutlej,Suleimanki H/W,2018-10-18 00:00:00,10919,3888
Sutlej,Suleimanki H/W,2018-10-19 00:00:00,11253,4222
Sutlej,Suleimanki H/W,2018-10-20 00:00:00,9334.42,2252
Sutlej,Suleimanki H/W,2018-10-21 00:00:00,9169,9196
Sutlej,Suleimanki H/W,2018-10-22 00:00:00,9696,9696
Sutlej,Suleimanki H/W,2018-10-23 00:00:00,9696,9696
Sutlej,Suleimanki H/W,2018-10-24 00:00:00,8610,8610
Sutlej,Suleimanki H/W,2018-10-25 00:00:00,7046,7046
Sutlej,Suleimanki H/W,2018-10-26 00:00:00,7046,7046
Sutlej,Suleimanki H/W,2018-10-27 00:00:00,7020,7020
Sutlej,Suleimanki H/W,2018-10-28 00:00:00,7899,7899
Sutlej,Suleimanki H/W,2018-10-29 00:00:00,5799,5799
Sutlej,Suleimanki H/W,2018-10-30 00:00:00,5799,5799
Sutlej,Suleimanki H/W,2018-10-31 00:00:00,5799,5799
Indus,Kalabagh,2018-09-01 00:00:00,197367,189397
Indus,Kalabagh,2018-09-02 00:00:00,199591,191591
Indus,Kalabagh,2018-09-03 00:00:00,195490,187490
Indus,Kalabagh,2018-09-04 00:00:00,189940,181940
Indus,Kalabagh,2018-09-05 00:00:00,174102,166102
Indus,Kalabagh,2018-09-06 00:00:00,174084,166084
Indus,Kalabagh,2018-09-07 00:00:00,157795,149795
Indus,Kalabagh,2018-09-08 00:00:00,151291,14391
Indus,Kalabagh,2018-09-09 00:00:00,183092,175092
Indus,Kalabagh,2018-09-10 00:00:00,173066,165066
Indus,Kalabagh,2018-09-11 00:00:00,183978,175978
Indus,Kalabagh,2018-09-12 00:00:00,184671,177671
Indus,Kalabagh,2018-09-13 00:00:00,192086,185086
Indus,Kalabagh,2018-09-14 00:00:00,189972,182972
Indus,Kalabagh,2018-09-15 00:00:00,204694,197694
Indus,Kalabagh,2018-09-16 00:00:00,161213,154213
Indus,Kalabagh,2018-09-17 00:00:00,162026,155026
Indus,Kalabagh,2018-09-18 00:00:00,160790,153790
Indus,Kalabagh,2018-09-19 00:00:00,181988,174988
Indus,Kalabagh,2018-09-20 00:00:00,169800,162800
Indus,Kalabagh,2018-09-21 00:00:00,150484,143484
Indus,Kalabagh,2018-09-22 00:00:00,139065,132065
Indus,Kalabagh,2018-09-23 00:00:00,153487,146487
Indus,Kalabagh,2018-09-24 00:00:00,135901,128901
Indus,Kalabagh,2018-09-25 00:00:00,144582,137582
Indus,Kalabagh,2018-09-26 00:00:00,138189,131189
Indus,Kalabagh,2018-09-27 00:00:00,127338,120338
Indus,Kalabagh,2018-09-28 00:00:00,129475,122475
Indus,Kalabagh,2018-09-29 00:00:00,116085,108286
Indus,Kalabagh,2018-09-30 00:00:00,119271,112271
Indus,Taunsa Barrage,2018-09-01 00:00:00,168220,141626
Indus,Taunsa Barrage,2018-09-02 00:00:00,170194,143451
Indus,Taunsa Barrage,2018-09-03 00:00:00,170194,144017
Indus,Taunsa Barrage,2018-09-04 00:00:00,170194,145073
Indus,Taunsa Barrage,2018-09-05 00:00:00,170194,146546
Indus,Taunsa Barrage,2018-09-06 00:00:00,171794,147480
Indus,Taunsa Barrage,2018-09-07 00:00:00,171885,147821
Indus,Taunsa Barrage,2018-09-08 00:00:00,170814,142964
Indus,Taunsa Barrage,2018-09-09 00:00:00,170814,142964
Indus,Taunsa Barrage,2018-09-10 00:00:00,167500,140030
Indus,Taunsa Barrage,2018-09-11 00:00:00,160952,134556
Indus,Taunsa Barrage,2018-09-12 00:00:00,165275,138170
Indus,Taunsa Barrage,2018-09-13 00:00:00,165716,142019
Indus,Taunsa Barrage,2018-09-14 00:00:00,163347,139988
Indus,Taunsa Barrage,2018-09-15 00:00:00,165984,142248
Indus,Taunsa Barrage,2018-09-16 00:00:00,165984,142248
Indus,Taunsa Barrage,2018-09-17 00:00:00,163286,139936
Indus,Taunsa Barrage,2018-09-18 00:00:00,159821,136967
Indus,Taunsa Barrage,2018-09-19 00:00:00,159821,136967
Indus,Taunsa Barrage,2018-09-20 00:00:00,159821,136967
Indus,Taunsa Barrage,2018-09-21 00:00:00,159821,136967
Indus,Taunsa Barrage,2018-09-22 00:00:00,151500,134977
Indus,Taunsa Barrage,2018-09-23 00:00:00,140622,117419
Indus,Taunsa Barrage,2018-09-24 00:00:00,140622,117419
Indus,Taunsa Barrage,2018-09-25 00:00:00,139639,116599
Indus,Taunsa Barrage,2018-09-26 00:00:00,139639,116599
Indus,Taunsa Barrage,2018-09-27 00:00:00,139639,116599
Indus,Taunsa Barrage,2018-09-28 00:00:00,128794,105869
Indus,Taunsa Barrage,2018-09-29 00:00:00,132572,111722
Indus,Taunsa Barrage,2018-09-30 00:00:00,115916,117227
Indus,Chashma Barrage,2018-09-01 00:00:00,177920,170000
Indus,Chashma Barrage,2018-09-02 00:00:00,183015,170000
Indus,Chashma Barrage,2018-09-03 00:00:00,186705,170000
Indus,Chashma Barrage,2018-09-04 00:00:00,191966,170000
Indus,Chashma Barrage,2018-09-05 00:00:00,190392,170000
Indus,Chashma Barrage,2018-09-06 00:00:00,187211,170000
Indus,Chashma Barrage,2018-09-07 00:00:00,170722,170000
Indus,Chashma Barrage,2018-09-08 00:00:00,143211,170000
Indus,Chashma Barrage,2018-09-09 00:00:00,182769,155000
Indus,Chashma Barrage,2018-09-10 00:00:00,185313,170000
Indus,Chashma Barrage,2018-09-11 00:00:00,175373,160000
Indus,Chashma Barrage,2018-09-12 00:00:00,189468,160000
Indus,Chashma Barrage,2018-09-13 00:00:00,189378,160000
Indus,Chashma Barrage,2018-09-14 00:00:00,201822,160000
Indus,Chashma Barrage,2018-09-15 00:00:00,197517,160000
Indus,Chashma Barrage,2018-09-16 00:00:00,208037,160000
Indus,Chashma Barrage,2018-09-17 00:00:00,164152,160000
Indus,Chashma Barrage,2018-09-18 00:00:00,175296,160000
Indus,Chashma Barrage,2018-09-19 00:00:00,171494,160000
Indus,Chashma Barrage,2018-09-20 00:00:00,168111,160000
Indus,Chashma Barrage,2018-09-21 00:00:00,156584,139000
Indus,Chashma Barrage,2018-09-22 00:00:00,143056,139000
Indus,Chashma Barrage,2018-09-23 00:00:00,145984,139000
Indus,Chashma Barrage,2018-09-24 00:00:00,144531,139000
Indus,Chashma Barrage,2018-09-25 00:00:00,143162,139000
Indus,Chashma Barrage,2018-09-26 00:00:00,141826,129000
Indus,Chashma Barrage,2018-09-27 00:00:00,129449,129000
Indus,Chashma Barrage,2018-09-28 00:00:00,127976,119000
Indus,Chashma Barrage,2018-09-29 00:00:00,123268,114000
Indus,Chashma Barrage,2018-09-30 00:00:00,113894,114000
Jhelum,Rasul Barrage,2018-09-01 00:00:00,733.2,719.1
Jhelum,Rasul Barrage,2018-09-02 00:00:00,733.1,719
Jhelum,Rasul Barrage,2018-09-03 00:00:00,733,719
Jhelum,Rasul Barrage,2018-09-04 00:00:00,733.1,719
Jhelum,Rasul Barrage,2018-09-05 00:00:00,733.2,719
Jhelum,Rasul Barrage,2018-09-06 00:00:00,733.1,719
Jhelum,Rasul Barrage,2018-09-07 00:00:00,733.2,719
Jhelum,Rasul Barrage,2018-09-08 00:00:00,733.1,719
Jhelum,Rasul Barrage,2018-09-09 00:00:00,733,719
Jhelum,Rasul Barrage,2018-09-10 00:00:00,733,719
Jhelum,Rasul Barrage,2018-09-11 00:00:00,733.3,719
Jhelum,Rasul Barrage,2018-09-12 00:00:00,733.3,719
Jhelum,Rasul Barrage,2018-09-13 00:00:00,735.1,719
Jhelum,Rasul Barrage,2018-09-14 00:00:00,734.7,719.1
Jhelum,Rasul Barrage,2018-09-15 00:00:00,734.5,719
Jhelum,Rasul Barrage,2018-09-16 00:00:00,785,719
Jhelum,Rasul Barrage,2018-09-17 00:00:00,740,719.1
Jhelum,Rasul Barrage,2018-09-18 00:00:00,740.1,719
Jhelum,Rasul Barrage,2018-09-19 00:00:00,740.2,719.1
Jhelum,Rasul Barrage,2018-09-20 00:00:00,740.1,719
Jhelum,Rasul Barrage,2018-09-21 00:00:00,740.3,719.1
Jhelum,Rasul Barrage,2018-09-22 00:00:00,740.2,719
Jhelum,Rasul Barrage,2018-09-23 00:00:00,740.2,719
Jhelum,Rasul Barrage,2018-09-24 00:00:00,735.5,719
Jhelum,Rasul Barrage,2018-09-25 00:00:00,735.4,718.9
Jhelum,Rasul Barrage,2018-09-26 00:00:00,735.1,719
Jhelum,Rasul Barrage,2018-09-27 00:00:00,734.1,719
Jhelum,Rasul Barrage,2018-09-28 00:00:00,734.003,719
Jhelum,Rasul Barrage,2018-09-29 00:00:00,734.1,719
Jhelum,Rasul Barrage,2018-09-30 00:00:00,734.2,719
Chenab,Marala H/W,2018-09-01 00:00:00,60515,28640
Chenab,Marala H/W,2018-09-02 00:00:00,52967,21092
Chenab,Marala H/W,2018-09-03 00:00:00,56741,24866
Chenab,Marala H/W,2018-09-04 00:00:00,52967,21092
Chenab,Marala H/W,2018-09-05 00:00:00,45444,13544
Chenab,Marala H/W,2018-09-06 00:00:00,49218,17318
Chenab,Marala H/W,2018-09-07 00:00:00,45419,13544
Chenab,Marala H/W,2018-09-08 00:00:00,56739,24866
Chenab,Marala H/W,2018-09-09 00:00:00,49393,17318
Chenab,Marala H/W,2018-09-10 00:00:00,41945,9770
Chenab,Marala H/W,2018-09-11 00:00:00,38046,5946
Chenab,Marala H/W,2018-09-12 00:00:00,45644,13544
Chenab,Marala H/W,2018-09-13 00:00:00,38612,10000
Chenab,Marala H/W,2018-09-14 00:00:00,36921,10000
Chenab,Marala H/W,2018-09-15 00:00:00,37755,10000
Chenab,Marala H/W,2018-09-16 00:00:00,29418,10000
Chenab,Marala H/W,2018-09-17 00:00:00,20000,6000
Chenab,Marala H/W,2018-09-18 00:00:00,20000,6000
Chenab,Marala H/W,2018-09-19 00:00:00,20510,6000
Chenab,Marala H/W,2018-09-20 00:00:00,20000,6000
Chenab,Marala H/W,2018-09-21 00:00:00,20000,6000
Chenab,Marala H/W,2018-09-22 00:00:00,19187,6000
Chenab,Marala H/W,2018-09-23 00:00:00,20124,6000
Chenab,Marala H/W,2018-09-24 00:00:00,91267,78567
Chenab,Marala H/W,2018-09-25 00:00:00,55578,41990
Chenab,Marala H/W,2018-09-26 00:00:00,37220,23120
Chenab,Marala H/W,2018-09-27 00:00:00,29822,15572
Chenab,Marala H/W,2018-09-28 00:00:00,26148,11798
Chenab,Marala H/W,2018-09-29 00:00:00,24216,9816
Chenab,Marala H/W,2018-09-30 00:00:00,24466,9956
Chenab,Khanki H/W,2018-09-01 00:00:00,36154,27918
Chenab,Khanki H/W,2018-09-02 00:00:00,32020,23784
Chenab,Khanki H/W,2018-09-03 00:00:00,29872,21776
Chenab,Khanki H/W,2018-09-04 00:00:00,36154,27918
Chenab,Khanki H/W,2018-09-05 00:00:00,23470,15236
Chenab,Khanki H/W,2018-09-06 00:00:00,21051,12995
Chenab,Khanki H/W,2018-09-07 00:00:00,12963,5463
Chenab,Khanki H/W,2018-09-08 00:00:00,22734,15236
Chenab,Khanki H/W,2018-09-09 00:00:00,33377,25877
Chenab,Khanki H/W,2018-09-10 00:00:00,20315,12815
Chenab,Khanki H/W,2018-09-11 00:00:00,11142,3642
Chenab,Khanki H/W,2018-09-12 00:00:00,11142,3662
Chenab,Khanki H/W,2018-09-13 00:00:00,14598,7098
Chenab,Khanki H/W,2018-09-14 00:00:00,14598,7098
Chenab,Khanki H/W,2018-09-15 00:00:00,14598,7105
Chenab,Khanki H/W,2018-09-16 00:00:00,14598,7098
Chenab,Khanki H/W,2018-09-17 00:00:00,9321,1821
Chenab,Khanki H/W,2018-09-18 00:00:00,9275,1805
Chenab,Khanki H/W,2018-09-19 00:00:00,9275,1775
Chenab,Khanki H/W,2018-09-20 00:00:00,9275,1775
Chenab,Khanki H/W,2018-09-21 00:00:00,9228,1728
Chenab,Khanki H/W,2018-09-22 00:00:00,9228,1728
Chenab,Khanki H/W,2018-09-23 00:00:00,10956,3456
Chenab,Khanki H/W,2018-09-24 00:00:00,33468,26103
Chenab,Khanki H/W,2018-09-25 00:00:00,71586,64086
Chenab,Khanki H/W,2018-09-26 00:00:00,38958,31458
Chenab,Khanki H/W,2018-09-27 00:00:00,27132,19632
Chenab,Khanki H/W,2018-09-28 00:00:00,24678,17328
Chenab,Khanki H/W,2018-09-29 00:00:00,9228,1728
Chenab,Khanki H/W,2018-09-30 00:00:00,12684,5184
Chenab,Qadirabad Barrage,2018-09-01 00:00:00,28198,9373
Chenab,Qadirabad Barrage,2018-09-02 00:00:00,24749,2749
Chenab,Qadirabad Barrage,2018-09-03 00:00:00,24749,2749
Chenab,Qadirabad Barrage,2018-09-04 00:00:00,28723,6723
Chenab,Qadirabad Barrage,2018-09-05 00:00:00,20000,NIL
Chenab,Qadirabad Barrage,2018-09-06 00:00:00,9850,NIL
Chenab,Qadirabad Barrage,2018-09-07 00:00:00,6850,NIL
Chenab,Qadirabad Barrage,2018-09-08 00:00:00,10450,NIL
Chenab,Qadirabad Barrage,2018-09-09 00:00:00,25324,4074
Chenab,Qadirabad Barrage,2018-09-10 00:00:00,16000,NIL
Chenab,Qadirabad Barrage,2018-09-11 00:00:00,12300,NIL
Chenab,Qadirabad Barrage,2018-09-12 00:00:00,10425,NIL
Chenab,Qadirabad Barrage,2018-09-13 00:00:00,12350,NIL
Chenab,Qadirabad Barrage,2018-09-14 00:00:00,12350,NIL
Chenab,Qadirabad Barrage,2018-09-15 00:00:00,12350,NIL
Chenab,Qadirabad Barrage,2018-09-16 00:00:00,13000,NIL
Chenab,Qadirabad Barrage,2018-09-17 00:00:00,10250,NIL
Chenab,Qadirabad Barrage,2018-09-18 00:00:00,17446,NIL
Chenab,Qadirabad Barrage,2018-09-19 00:00:00,21571,NIL
Chenab,Qadirabad Barrage,2018-09-20 00:00:00,22000,NIL
Chenab,Qadirabad Barrage,2018-09-21 00:00:00,22000,NIL
Chenab,Qadirabad Barrage,2018-09-22 00:00:00,21000,NIL
Chenab,Qadirabad Barrage,2018-09-23 00:00:00,22000,NIL
Chenab,Qadirabad Barrage,2018-09-24 00:00:00,22000,NIL
Chenab,Qadirabad Barrage,2018-09-25 00:00:00,97579,75529
Chenab,Qadirabad Barrage,2018-09-26 00:00:00,41761,19761
Chenab,Qadirabad Barrage,2018-09-27 00:00:00,24749,2749
Chenab,Qadirabad Barrage,2018-09-28 00:00:00,22000,NIL
Chenab,Qadirabad Barrage,2018-09-29 00:00:00,15000,NIL
Chenab,Qadirabad Barrage,2018-09-30 00:00:00,13000,NIL
Chenab,Trimmu H/W,2018-09-01 00:00:00,19173,5173
Chenab,Trimmu H/W,2018-09-02 00:00:00,24054,9054
Chenab,Trimmu H/W,2018-09-03 00:00:00,24054,9054
Chenab,Trimmu H/W,2018-09-04 00:00:00,24054,9054
Chenab,Trimmu H/W,2018-09-05 00:00:00,24054,9054
Chenab,Trimmu H/W,2018-09-06 00:00:00,20290,5290
Chenab,Trimmu H/W,2018-09-07 00:00:00,22241,7241
Chenab,Trimmu H/W,2018-09-08 00:00:00,21951,5951
Chenab,Trimmu H/W,2018-09-09 00:00:00,20708,4708
Chenab,Trimmu H/W,2018-09-10 00:00:00,15481,NIL
Chenab,Trimmu H/W,2018-09-11 00:00:00,12394,NIL
Chenab,Trimmu H/W,2018-09-12 00:00:00,12539,NIL
Chenab,Trimmu H/W,2018-09-13 00:00:00,15258,NIL
Chenab,Trimmu H/W,2018-09-14 00:00:00,13135,NIL
Chenab,Trimmu H/W,2018-09-15 00:00:00,15146,NIL
Chenab,Trimmu H/W,2018-09-16 00:00:00,17411,1411
Chenab,Trimmu H/W,2018-09-17 00:00:00,18111,1411
Chenab,Trimmu H/W,2018-09-18 00:00:00,16700,NIL
Chenab,Trimmu H/W,2018-09-19 00:00:00,16700,NIL
Chenab,Trimmu H/W,2018-09-20 00:00:00,16700,NIL
Chenab,Trimmu H/W,2018-09-21 00:00:00,16700,NIL
Chenab,Trimmu H/W,2018-09-22 00:00:00,19490,2790
Chenab,Trimmu H/W,2018-09-23 00:00:00,20819,4119
Chenab,Trimmu H/W,2018-09-24 00:00:00,18122,1422
Chenab,Trimmu H/W,2018-09-25 00:00:00,18122,1422
Chenab,Trimmu H/W,2018-09-26 00:00:00,18122,1422
Chenab,Trimmu H/W,2018-09-27 00:00:00,18122,1422
Chenab,Trimmu H/W,2018-09-28 00:00:00,33732,19732
Chenab,Trimmu H/W,2018-09-29 00:00:00,26572,14872
Chenab,Trimmu H/W,2018-09-30 00:00:00,11700,NIL
Chenab,Panjnad H/W,2018-09-01 00:00:00,36764,21739
Chenab,Panjnad H/W,2018-09-02 00:00:00,35849,20824
Chenab,Panjnad H/W,2018-09-03 00:00:00,31812,16787
Chenab,Panjnad H/W,2018-09-04 00:00:00,24265,9240
Chenab,Panjnad H/W,2018-09-05 00:00:00,20275,5150
Chenab,Panjnad H/W,2018-09-06 00:00:00,16999,1874
Chenab,Panjnad H/W,2018-09-07 00:00:00,15225,NIL
Chenab,Panjnad H/W,2018-09-08 00:00:00,12604,NIL
Chenab,Panjnad H/W,2018-09-09 00:00:00,12458,NIL
Chenab,Panjnad H/W,2018-09-10 00:00:00,12897,NIL
Chenab,Panjnad H/W,2018-09-11 00:00:00,13119,NIL
Chenab,Panjnad H/W,2018-09-12 00:00:00,13046,NIL
Chenab,Panjnad H/W,2018-09-13 00:00:00,10467,NIL
Chenab,Panjnad H/W,2018-09-14 00:00:00,10467,NIL
Chenab,Panjnad H/W,2018-09-15 00:00:00,9788,NIL
Chenab,Panjnad H/W,2018-09-16 00:00:00,8557,NIL
Chenab,Panjnad H/W,2018-09-17 00:00:00,7862,NIL
Chenab,Panjnad H/W,2018-09-18 00:00:00,8345,NIL
Chenab,Panjnad H/W,2018-09-19 00:00:00,8983,NIL
Chenab,Panjnad H/W,2018-09-20 00:00:00,9938,NIL
Chenab,Panjnad H/W,2018-09-21 00:00:00,10544,NIL
Chenab,Panjnad H/W,2018-09-22 00:00:00,10544,NIL
Chenab,Panjnad H/W,2018-09-23 00:00:00,10391,NIL
Chenab,Panjnad H/W,2018-09-24 00:00:00,10391,NIL
Chenab,Panjnad H/W,2018-09-25 00:00:00,10239,NIL
Chenab,Panjnad H/W,2018-09-26 00:00:00,11458,NIL
Chenab,Panjnad H/W,2018-09-27 00:00:00,11599,NIL
Chenab,Panjnad H/W,2018-09-28 00:00:00,11359,NIL
Chenab,Panjnad H/W,2018-09-29 00:00:00,11882,NIL
Chenab,Panjnad H/W,2018-09-30 00:00:00,11318,NIL
Ravi,Balloki H/W,2018-09-01 00:00:00,905,633.5
Ravi,Balloki H/W,2018-09-02 00:00:00,905,633.5
Ravi,Balloki H/W,2018-09-03 00:00:00,904.9,633.5
Ravi,Balloki H/W,2018-09-04 00:00:00,904.9,633.5
Ravi,Balloki H/W,2018-09-05 00:00:00,904.8,633.5
Ravi,Balloki H/W,2018-09-06 00:00:00,904.8,633.5
Ravi,Balloki H/W,2018-09-07 00:00:00,904.7,633.5
Ravi,Balloki H/W,2018-09-08 00:00:00,904.8,633.5
Ravi,Balloki H/W,2018-09-09 00:00:00,904.8,633.5
Ravi,Balloki H/W,2018-09-10 00:00:00,904.7,633.5
Ravi,Balloki H/W,2018-09-11 00:00:00,904.7,633.5
Ravi,Balloki H/W,2018-09-12 00:00:00,904.6,633.5
Ravi,Balloki H/W,2018-09-13 00:00:00,904.7,633.5
Ravi,Balloki H/W,2018-09-14 00:00:00,904.6,633.5
Ravi,Balloki H/W,2018-09-15 00:00:00,904.6,633.5
Ravi,Balloki H/W,2018-09-16 00:00:00,904.6,633.5
Ravi,Balloki H/W,2018-09-17 00:00:00,904.5,633.5
Ravi,Balloki H/W,2018-09-18 00:00:00,904.5,633
Ravi,Balloki H/W,2018-09-19 00:00:00,904.5,633
Ravi,Balloki H/W,2018-09-20 00:00:00,904.4,633
Ravi,Balloki H/W,2018-09-21 00:00:00,904.4,633
Ravi,Balloki H/W,2018-09-22 00:00:00,904.4,633
Ravi,Balloki H/W,2018-09-23 00:00:00,904.4,633
Ravi,Balloki H/W,2018-09-24 00:00:00,907.7,633
Ravi,Balloki H/W,2018-09-25 00:00:00,905.7,633.5
Ravi,Balloki H/W,2018-09-26 00:00:00,904.8,633.5
Ravi,Balloki H/W,2018-09-27 00:00:00,904.7,633.5
Ravi,Balloki H/W,2018-09-28 00:00:00,904.6,633.5
Ravi,Balloki H/W,2018-09-29 00:00:00,904.5,633.5
Ravi,Balloki H/W,2018-09-30 00:00:00,904.5,633.5
Ravi,Sidhnai H/W,2018-09-01 00:00:00,18605,3305
Ravi,Sidhnai H/W,2018-09-02 00:00:00,18655,3305
Ravi,Sidhnai H/W,2018-09-03 00:00:00,17994,2644
Ravi,Sidhnai H/W,2018-09-04 00:00:00,16672,1322
Ravi,Sidhnai H/W,2018-09-05 00:00:00,16011,661
Ravi,Sidhnai H/W,2018-09-06 00:00:00,16722,1322
Ravi,Sidhnai H/W,2018-09-07 00:00:00,16395,995
Ravi,Sidhnai H/W,2018-09-08 00:00:00,16822,1322
Ravi,Sidhnai H/W,2018-09-09 00:00:00,16161,661
Ravi,Sidhnai H/W,2018-09-10 00:00:00,15500,NIL
Ravi,Sidhnai H/W,2018-09-11 00:00:00,12500,NIL
Ravi,Sidhnai H/W,2018-09-12 00:00:00,10300,NIL
Ravi,Sidhnai H/W,2018-09-13 00:00:00,13000,NIL
Ravi,Sidhnai H/W,2018-09-14 00:00:00,15500,NIL
Ravi,Sidhnai H/W,2018-09-15 00:00:00,14000,NIL
Ravi,Sidhnai H/W,2018-09-16 00:00:00,14400,NIL
Ravi,Sidhnai H/W,2018-09-17 00:00:00,14000,NIL
Ravi,Sidhnai H/W,2018-09-18 00:00:00,14000,NIL
Ravi,Sidhnai H/W,2018-09-19 00:00:00,14000,NIL
Ravi,Sidhnai H/W,2018-09-20 00:00:00,13500,NIL
Ravi,Sidhnai H/W,2018-09-21 00:00:00,13500,NIL
Ravi,Sidhnai H/W,2018-09-22 00:00:00,13500,NIL
Ravi,Sidhnai H/W,2018-09-23 00:00:00,14000,NIL
Ravi,Sidhnai H/W,2018-09-24 00:00:00,13500,NIL
Ravi,Sidhnai H/W,2018-09-25 00:00:00,13500,NIL
Ravi,Sidhnai H/W,2018-09-26 00:00:00,13500,NIL
Ravi,Sidhnai H/W,2018-09-27 00:00:00,13500,NIL
Ravi,Sidhnai H/W,2018-09-28 00:00:00,16536,1336
Ravi,Sidhnai H/W,2018-09-29 00:00:00,19294,3994
Ravi,Sidhnai H/W,2018-09-30 00:00:00,24157,8857
Sutlej,Suleimanki H/W,2018-09-01 00:00:00,14288,1355
Sutlej,Suleimanki H/W,2018-09-02 00:00:00,14288,1355
Sutlej,Suleimanki H/W,2018-09-03 00:00:00,14234,1355
Sutlej,Suleimanki H/W,2018-09-04 00:00:00,14234,1355
Sutlej,Suleimanki H/W,2018-09-05 00:00:00,14280,1347
Sutlej,Suleimanki H/W,2018-09-06 00:00:00,14280,1347
Sutlej,Suleimanki H/W,2018-09-07 00:00:00,14315,1347
Sutlej,Suleimanki H/W,2018-09-08 00:00:00,14315,1347
Sutlej,Suleimanki H/W,2018-09-09 00:00:00,12968,NIL
Sutlej,Suleimanki H/W,2018-09-10 00:00:00,12968,NIL
Sutlej,Suleimanki H/W,2018-09-11 00:00:00,13585,671
Sutlej,Suleimanki H/W,2018-09-12 00:00:00,13585,671
Sutlej,Suleimanki H/W,2018-09-13 00:00:00,13585,671
Sutlej,Suleimanki H/W,2018-09-14 00:00:00,14241,1327
Sutlej,Suleimanki H/W,2018-09-15 00:00:00,13493,680
Sutlej,Suleimanki H/W,2018-09-16 00:00:00,13493,680
Sutlej,Suleimanki H/W,2018-09-17 00:00:00,13493,680
Sutlej,Suleimanki H/W,2018-09-18 00:00:00,14220,1360
Sutlej,Suleimanki H/W,2018-09-19 00:00:00,12054,NIL
Sutlej,Suleimanki H/W,2018-09-20 00:00:00,10054,NIL
Sutlej,Suleimanki H/W,2018-09-21 00:00:00,10864,NIL
Sutlej,Suleimanki H/W,2018-09-22 00:00:00,11453,NIL
Sutlej,Suleimanki H/W,2018-09-23 00:00:00,11144,NIL
Sutlej,Suleimanki H/W,2018-09-24 00:00:00,10864,NIL
Sutlej,Suleimanki H/W,2018-09-25 00:00:00,12312,NIL
Sutlej,Suleimanki H/W,2018-09-26 00:00:00,14408,1595
Sutlej,Suleimanki H/W,2018-09-27 00:00:00,19660,6847
Sutlej,Suleimanki H/W,2018-09-28 00:00:00,36928,25403
Sutlej,Suleimanki H/W,2018-09-29 00:00:00,46586,34722
Sutlej,Suleimanki H/W,2018-09-30 00:00:00,31747,19883
