River,Gauge Site,Date,Time,Up Stream Gauge,Up Stream ,Down Stream Gauge,Down Stream,Flood Limit in Lac Cusecs (Low),Flood Limit in Lac Cusecs (Med),Flood Limit in Lac Cusecs (High),Flood Limit in Lac Cusecs     (V High),Remarks
INDUS,khairabad,15-Jun-24,12:00 Hrs,-,-,12.5,162900,2.25,3.75,5,6.5,Normal
INDUS,Kalabagh,15-Jun-24,12:00 Hrs,692,90969,677.5,87969,2.5,3.75,5,6.5,Normal
INDUS,Chashma,15-Jun-24,12:00 Hrs,646.9,191475,613.8,185075,2.5,3.75,5,6.5,Normal
INDUS,Taunsa,15-Jun-24,12:00 Hrs,446.5,97322,427.1,87805,2.5,3.75,5,6.5,Normal
INDUS,Guddu,15-Jun-24,12:00 Hrs,258.1,130767,248.5,103983,2,3.5,5,7,Normal
INDUS,Sukkar,15-Jun-24,12:00 Hrs,199.5,96340,189.2,48755,2,3.5,5,7,Normal
INDUS,Kotri,15-Jun-24,12:00 Hrs,69.9,58372,46.6,17717,2.5,4,5,6.5,Normal
JHELUM,Kotli,15-Jun-24,12:00 Hrs,-,-,7.5,2600,-,-,-,-,-
JHELUM,Rasul,15-Jun-24,12:00 Hrs,719,17240,697,15800,0.75,1.1,1.5,2.25,Normal
CHENAB,Marala,15-Jun-24,12:00 Hrs,812,31382,798.6,21382,1,1.5,2,4,Normal
CHENAB,Khanki,15-Jun-24,12:00 Hrs,733,14464,719.6,70464,1,1.5,2,4,Normal
CHENAB,Qadirabad,15-Jun-24,12:00 Hrs,700,24423,684.6,4898,1,1.5,2,4,Normal
CHENAB,Trimmu,15-Jun-24,12:00 Hrs,490.5,309,481.2,13576,1.5,2,3,4.5,Normal
CHENAB,Punjnad,15-Jun-24,12:00 Hrs,337.5,2784,321.8,-,1.5,2,3,4.5,Normal
RAVI,Jassar,15-Jun-24,12:00 Hrs,-,-,775.7,1847,0.5,0.75,1,1.5,Normal
RAVI,Shahdara,15-Jun-24,12:00 Hrs,-,-,670.4,4429,0.4,0.65,0.9,1.35,Normal
RAVI,Balloki,15-Jun-24,12:00 Hrs,633,27690,618.1,15190,0.4,0.65,0.9,1.35,Normal
RAVI,Sidhnai,15-Jun-24,12:00 Hrs,467,10600,451,-,0.3,0.45,0.6,0.9,Normal
SUTLEJ,Bhakara**,15-Jun-24,12:00 Hrs,-,-,-,-,-,-,-,-,-
SUTLEJ,Sulemanki,15-Jun-24,12:00 Hrs,569,11772,558,2001,0.5,0.8,1.2,1.75,Normal
SUTLEJ,Islam,15-Jun-24,12:00 Hrs,,,,-,0.5,0.8,1.2,1.75,Normal
INDUS,khairabad,15-Jun-24,18:00 Hrs,-,-,10.5,131900,2.25,3.75,5,6.5,Normal
INDUS,Kalabagh,15-Jun-24,18:00 Hrs,693.5,196110,679.8,188354,2.5,3.75,5,6.5,Normal
INDUS,Chashma,15-Jun-24,18:00 Hrs,646.8,191426,613.8,185026,2.5,3.75,5,6.5,Normal
INDUS,Taunsa,15-Jun-24,18:00 Hrs,446.7,177748,429.2,153451,2.5,3.75,5,6.5,Normal
INDUS,Guddu,15-Jun-24,18:00 Hrs,258.1,130767,248.5,103983,2,3.5,5,7,Normal
INDUS,Sukkar,15-Jun-24,18:00 Hrs,199.5,96340,189.2,48755,2,3.5,5,7,Normal
INDUS,Kotri,15-Jun-24,18:00 Hrs,69.9,58372,46.6,17717,2.5,4,5,6.5,Normal
JHELUM,Kotli,15-Jun-24,18:00 Hrs,-,-,7.6,2800,-,-,-,-,-
JHELUM,Rasul,15-Jun-24,18:00 Hrs,719,60713,700.3,41380,0.75,1.1,1.5,2.25,Normal
CHENAB,Marala,15-Jun-24,18:00 Hrs,-,-,-,-,1,1.5,2,4,Normal
CHENAB,Khanki,15-Jun-24,18:00 Hrs,-,-,-,-,1,1.5,2,4,Normal
CHENAB,Qadirabad,15-Jun-24,18:00 Hrs,700,24423,684.6,4898,1,1.5,2,4,Normal
CHENAB,Trimmu,15-Jun-24,18:00 Hrs,490.5,31768,481.3,14468,1.5,2,3,4.5,Normal
CHENAB,Punjnad,15-Jun-24,18:00 Hrs,338,17374,325.4,3574,1.5,2,3,4.5,Normal
RAVI,Jassar,15-Jun-24,18:00 Hrs,-,-,775.1,1284,0.5,0.75,1,1.5,Normal
RAVI,Shahdara,15-Jun-24,18:00 Hrs,-,-,772,9575,0.4,0.65,0.9,1.35,Normal
RAVI,Balloki,15-Jun-24,18:00 Hrs,569,-,558,2001,0.4,0.65,0.9,1.35,Normal
RAVI,Sidhnai,15-Jun-24,18:00 Hrs,-,-,-,-,0.3,0.45,0.6,0.9,Normal
SUTLEJ,Bhakara**,15-Jun-24,18:00 Hrs,-,-,-,-,-,-,-,-,-
SUTLEJ,Sulemanki,15-Jun-24,18:00 Hrs,569,13521,558,2001,0.5,0.8,1.2,1.75,Normal
SUTLEJ,Islam,15-Jun-24,18:00 Hrs,455,3349,435.3,799,0.5,0.8,1.2,1.75,Normal
INDUS,khairabad,15-Jun-24,23:59 Hrs,-,-,13.6,164000,2.25,3.75,5,6.5,Normal
INDUS,Kalabagh,15-Jun-24,23:59 Hrs,693.5,196110,679.8,188354,2.5,3.75,5,6.5,Normal
INDUS,Chashma,15-Jun-24,23:59 Hrs,646.7,191277,613.8,184877,2.5,3.75,5,6.5,Normal
INDUS,Taunsa,15-Jun-24,23:59 Hrs,446.7,177748,429.2,153451,2.5,3.75,5,6.5,Normal
INDUS,Guddu,15-Jun-24,23:59 Hrs,258.1,130767,248.5,103983,2,3.5,5,7,Normal
INDUS,Sukkar,15-Jun-24,23:59 Hrs,199.5,96340,189.2,48755,2,3.5,5,7,Normal
INDUS,Kotri,15-Jun-24,23:59 Hrs,69.9,58372,46.6,17717,2.5,4,5,6.5,Normal
JHELUM,Kotli,15-Jun-24,23:59 Hrs,-,-,7.6,2800,-,-,-,-,-
JHELUM,Rasul,15-Jun-24,23:59 Hrs,719,55597,700,36264,0.75,1.1,1.5,2.25,Normal
CHENAB,Marala,15-Jun-24,23:59 Hrs,812,42032,795.8,14634,1,1.5,2,4,Normal
CHENAB,Khanki,15-Jun-24,23:59 Hrs,733,19170,720.6,11196,1,1.5,2,4,Normal
CHENAB,Qadirabad,15-Jun-24,23:59 Hrs,700,24423,684.6,4898,1,1.5,2,4,Normal
CHENAB,Trimmu,15-Jun-24,23:59 Hrs,490.5,32564,481.5,15264,1.5,2,3,4.5,Normal
CHENAB,Punjnad,15-Jun-24,23:59 Hrs,338,17374,325.4,3574,1.5,2,3,4.5,Normal
RAVI,Jassar,15-Jun-24,23:59 Hrs,-,-,775.1,1284,0.5,0.75,1,1.5,Normal
RAVI,Shahdara,15-Jun-24,23:59 Hrs,-,-,672,9575,0.4,0.65,0.9,1.35,Normal
RAVI,Balloki,15-Jun-24,23:59 Hrs,,-,-,-,0.4,0.65,0.9,1.35,Normal
RAVI,Sidhnai,15-Jun-24,23:59 Hrs,-,-,-,-,0.3,0.45,0.6,0.9,Normal
SUTLEJ,Bhakara**,15-Jun-24,23:59 Hrs,-,-,-,-,-,-,-,-,-
SUTLEJ,Sulemanki,15-Jun-24,23:59 Hrs,569,13521,558,2001,0.5,0.8,1.2,1.75,Normal
SUTLEJ,Islam,15-Jun-24,23:59 Hrs,455,3349,435.3,799,0.5,0.8,1.2,1.75,Normal
INDUS,khairabad,16-Jun-24,06:00 Hrs,-,-,15.4,183600,2.25,3.75,5,6.5,Normal
INDUS,Kalabagh,16-Jun-24,06:00 Hrs,693.5,176424,679.2,168668,2.5,3.75,5,6.5,Normal
INDUS,Chashma,16-Jun-24,06:00 Hrs,646.6,191408,613.8,185008,2.5,3.75,5,6.5,Normal
INDUS,Taunsa,16-Jun-24,06:00 Hrs,446.7,176932,429.2,152744,2.5,3.75,5,6.5,Normal
INDUS,Guddu,16-Jun-24,06:00 Hrs,258.2,137088,248.2,109921,2,3.5,5,7,Normal
INDUS,Sukkar,16-Jun-24,06:00 Hrs,199.5,96570,189.2,47465,2,3.5,5,7,Normal
INDUS,Kotri,16-Jun-24,06:00 Hrs,69.9,58222,46.6,17717,2.5,4,5,6.5,Normal
JHELUM,Kotli,16-Jun-24,06:00 Hrs,-,-,7.6,2800,-,-,-,-,-
JHELUM,Rasul,16-Jun-24,06:00 Hrs,719,55597,700,36264,0.75,1.1,1.5,2.25,Normal
CHENAB,Marala,16-Jun-24,06:00 Hrs,812,42736,795.8,15286,1,1.5,2,4,Normal
CHENAB,Khanki,16-Jun-24,06:00 Hrs,733,15438,719.6,7464,1,1.5,2,4,Normal
CHENAB,Qadirabad,16-Jun-24,06:00 Hrs,700,27038,684.9,7513,1,1.5,2,4,Normal
CHENAB,Trimmu,16-Jun-24,06:00 Hrs,490.5,32564,481.5,15264,1.5,2,3,4.5,Normal
CHENAB,Punjnad,16-Jun-24,06:00 Hrs,338,17374,325.4,3574,1.5,2,3,4.5,Normal
RAVI,Jassar,16-Jun-24,06:00 Hrs,-,-,775.1,1284,0.5,0.75,1,1.5,Normal
RAVI,Shahdara,16-Jun-24,06:00 Hrs,-,-,672,9575,0.4,0.65,0.9,1.35,Normal
RAVI,Balloki,16-Jun-24,06:00 Hrs,633,28360,617.8,2860,0.4,0.65,0.9,1.35,Normal
RAVI,Sidhnai,16-Jun-24,06:00 Hrs,-,-,-,-,0.3,0.45,0.6,0.9,Normal
SUTLEJ,Bhakara**,16-Jun-24,06:00 Hrs,-,-,-,-,-,-,-,-,-
SUTLEJ,Sulemanki,16-Jun-24,06:00 Hrs,569,13707,558,2001,0.5,0.8,1.2,1.75,Normal
SUTLEJ,Islam,16-Jun-24,06:00 Hrs,455,3126,436.6,826,0.5,0.8,1.2,1.75,Normal
INDUS,khairabad,16-Jun-24,12:00 Hrs,-,-,14,168300,2.25,3.75,5,6.5,Normal
INDUS,Kalabagh,16-Jun-24,12:00 Hrs,693.5,190099,679.5,182343,2.5,3.75,5,6.5,Normal
INDUS,Chashma,16-Jun-24,12:00 Hrs,646.5,191343,613.8,184943,2.5,3.75,5,6.5,Normal
INDUS,Taunsa,16-Jun-24,12:00 Hrs,446.7,171827,429.1,148323,2.5,3.75,5,6.5,Normal
INDUS,Guddu,16-Jun-24,12:00 Hrs,258.2,137088,248.2,109921,2,3.5,5,7,Normal
INDUS,Sukkar,16-Jun-24,12:00 Hrs,199.5,96570,189,47465,2,3.5,5,7,Normal
INDUS,Kotri,16-Jun-24,12:00 Hrs,69.9,58022,46.8,19307,2.5,4,5,6.5,Normal
JHELUM,Kotli,16-Jun-24,12:00 Hrs,-,-,7.6,2800,-,-,-,-,-
JHELUM,Rasul,16-Jun-24,12:00 Hrs,719,55797,700,36264,0.75,1.1,1.5,2.25,Normal
CHENAB,Marala,16-Jun-24,12:00 Hrs,-,42786,-,15286,1,1.5,2,4,Normal
CHENAB,Khanki,16-Jun-24,12:00 Hrs,733,17380,820.2,9330,1,1.5,2,4,Normal
CHENAB,Qadirabad,16-Jun-24,12:00 Hrs,700,25741,684.7,6216,1,1.5,2,4,Normal
CHENAB,Trimmu,16-Jun-24,12:00 Hrs,490.5,33336,481.7,16036,1.5,2,3,4.5,Normal
CHENAB,Punjnad,16-Jun-24,12:00 Hrs,338,17374,325.4,3574,1.5,2,3,4.5,Normal
RAVI,Jassar,16-Jun-24,12:00 Hrs,-,-,775.1,1284,0.5,0.75,1,1.5,Normal
RAVI,Shahdara,16-Jun-24,12:00 Hrs,-,-,672,9990,0.4,0.65,0.9,1.35,Normal
RAVI,Balloki,16-Jun-24,12:00 Hrs,633,28360,617.8,2860,0.4,0.65,0.9,1.35,Normal
RAVI,Sidhnai,16-Jun-24,12:00 Hrs,467,13500,451.5,NR,0.3,0.45,0.6,0.9,Normal
SUTLEJ,Bhakara**,16-Jun-24,12:00 Hrs,-,-,NR,NR,-,-,-,-,-
SUTLEJ,Sulemanki,16-Jun-24,12:00 Hrs,569,13707,558,2001,0.5,0.8,1.2,1.75,Normal
SUTLEJ,Islam,16-Jun-24,12:00 Hrs,455,3126,436.6,826,0.5,0.8,1.2,1.75,Normal
INDUS,khairabad,16-Jun-24,18:00 Hrs,-,-,11.5,142000,2.25,3.75,5,6.5,Normal
INDUS,Kalabagh,16-Jun-24,18:00 Hrs,693.5,183603,679.4,175847,2.5,3.75,5,6.5,Normal
INDUS,Chashma,16-Jun-24,18:00 Hrs,646.5,191563,613.8,185063,2.5,3.75,5,6.5,Normal
INDUS,Taunsa,16-Jun-24,18:00 Hrs,446.7,171827,429.1,148323,2.5,3.75,5,6.5,Normal
INDUS,Guddu,16-Jun-24,18:00 Hrs,258.4,137404,248.9,110504,2,3.5,5,7,Normal
INDUS,Sukkar,16-Jun-24,18:00 Hrs,199.5,96570,189,47465,2,3.5,5,7,Normal
INDUS,Kotri,16-Jun-24,18:00 Hrs,69.9,58022,46.8,19307,2.5,4,5,6.5,Normal
JHELUM,Kotli,16-Jun-24,18:00 Hrs,-,,7.5,2600,-,-,-,-,-
JHELUM,Rasul,16-Jun-24,18:00 Hrs,719,61913,700.3,41380,0.75,1.1,1.5,2.25,Normal
CHENAB,Marala,16-Jun-24,18:00 Hrs,812,38962,795.2,11512,1,1.5,2,4,Normal
CHENAB,Khanki,16-Jun-24,18:00 Hrs,733,13648,718.6,5598,1,1.5,2,4,Normal
CHENAB,Qadirabad,16-Jun-24,18:00 Hrs,700,25741,684.7,6216,1,1.5,2,4,Normal
CHENAB,Trimmu,16-Jun-24,18:00 Hrs,490.5,35018,481.9,17718,1.5,2,3,4.5,Normal
CHENAB,Punjnad,16-Jun-24,18:00 Hrs,338,17374,325.4,3574,1.5,2,3,4.5,Normal
RAVI,Jassar,16-Jun-24,18:00 Hrs,-,-,775.1,1284,0.5,0.75,1,1.5,Normal
RAVI,Shahdara,16-Jun-24,18:00 Hrs,-,-,672.1,9990,0.4,0.65,0.9,1.35,Normal
RAVI,Balloki,16-Jun-24,18:00 Hrs,633,28360,617.8,2860,0.4,0.65,0.9,1.35,Normal
RAVI,Sidhnai,16-Jun-24,18:00 Hrs,467,13500,451.5,Nil,0.3,0.45,0.6,0.9,Normal
SUTLEJ,Bhakara**,16-Jun-24,18:00 Hrs,-,-,NR,NR,-,-,-,-,-
SUTLEJ,Sulemanki,16-Jun-24,18:00 Hrs,569,13707,558,2001,0.5,0.8,1.2,1.75,Normal
SUTLEJ,Islam,16-Jun-24,18:00 Hrs,455,3126,436.6,826,0.5,0.8,1.2,1.75,Normal
INDUS,khairabad,16-Jun-24,23:59 Hrs,-,-,13.9,167200,2.25,3.75,5,6.5,Normal
INDUS,Kalabagh,16-Jun-24,23:59 Hrs,693.5,183603,679.4,175847,2.5,3.75,5,6.5,Normal
INDUS,Chashma,16-Jun-24,23:59 Hrs,646.5,191640,613.8,185040,2.5,3.75,5,6.5,Normal
INDUS,Taunsa,16-Jun-24,23:59 Hrs,NR,NR,NR,NR,2.5,3.75,5,6.5,Normal
INDUS,Guddu,16-Jun-24,23:59 Hrs,258.4,137404,248.9,110504,2,3.5,5,7,Normal
INDUS,Sukkar,16-Jun-24,23:59 Hrs,199.5,96570,189,47465,2,3.5,5,7,Normal
INDUS,Kotri,16-Jun-24,23:59 Hrs,69.9,58022,46.8,19307,2.5,4,5,6.5,Normal
JHELUM,Kotli,16-Jun-24,23:59 Hrs,-,-,7.4,2400,-,-,-,-,-
JHELUM,Rasul,16-Jun-24,23:59 Hrs,719,50675,699.4,31142,0.75,1.1,1.5,2.25,Normal
CHENAB,Marala,16-Jun-24,23:59 Hrs,812,42736,795.8,15286,1,1.5,2,4,Normal
CHENAB,Khanki,16-Jun-24,23:59 Hrs,733,15514,719.6,7464,1,1.5,2,4,Normal
CHENAB,Qadirabad,16-Jun-24,23:59 Hrs,700,25741,684.7,6216,1,1.5,2,4,Normal
CHENAB,Trimmu,16-Jun-24,23:59 Hrs,490.5,34968,481.9,17718,1.5,2,3,4.5,Normal
CHENAB,Punjnad,16-Jun-24,23:59 Hrs,338,15869,324.7,2069,1.5,2,3,4.5,Normal
RAVI,Jassar,16-Jun-24,23:59 Hrs,-,-,775.1,1284,0.5,0.75,1,1.5,Normal
RAVI,Shahdara,16-Jun-24,23:59 Hrs,-,-,672.1,9990,0.4,0.65,0.9,1.35,Normal
RAVI,Balloki,16-Jun-24,23:59 Hrs,633,28360,617.8,2860,0.4,0.65,0.9,1.35,Normal
RAVI,Sidhnai,16-Jun-24,23:59 Hrs,467,13500,451.5,Nil,0.3,0.45,0.6,0.9,Normal
SUTLEJ,Bhakara**,16-Jun-24,23:59 Hrs,-,-,NR,NR,-,-,-,-,-
SUTLEJ,Sulemanki,16-Jun-24,23:59 Hrs,569,13707,558,2001,0.5,0.8,1.2,1.75,Normal
SUTLEJ,Islam,16-Jun-24,23:59 Hrs,455,3126,436.6,826,0.5,0.8,1.2,1.75,Normal
INDUS,khairabad,17-Jun-24,06:00 Hrs,-,-,-,NR,2.25,3.75,5,6.5,Normal
INDUS,Kalabagh,17-Jun-24,06:00 Hrs,694,184926,679,177186,2.5,3.75,5,6.5,Normal
INDUS,Chashma,17-Jun-24,06:00 Hrs,-,-,-,NR,2.5,3.75,5,6.5,Normal
INDUS,Taunsa,17-Jun-24,06:00 Hrs,447,176756,429,159052,2.5,3.75,5,6.5,Normal
INDUS,Guddu,17-Jun-24,06:00 Hrs,-,-,-,NR,2,3.5,5,7,Normal
INDUS,Sukkar,17-Jun-24,06:00 Hrs,-,-,-,NR,2,3.5,5,7,Normal
INDUS,Kotri,17-Jun-24,06:00 Hrs,-,-,-,NR,2.5,4,5,6.5,Normal
JHELUM,Kotli,17-Jun-24,06:00 Hrs,-,-,-,NR,-,-,-,-,-
JHELUM,Rasul,17-Jun-24,06:00 Hrs,719,40447,698,20914,0.75,1.1,1.5,2.25,Normal
CHENAB,Marala,17-Jun-24,06:00 Hrs,812,46510,797,19060,1,1.5,2,4,Normal
CHENAB,Khanki,17-Jun-24,06:00 Hrs,733,15514,720,7464,1,1.5,2,4,Normal
CHENAB,Qadirabad,17-Jun-24,06:00 Hrs,700,25741,685,6216,1,1.5,2,4,Normal
CHENAB,Trimmu,17-Jun-24,06:00 Hrs,491,34968,482,17718,1.5,2,3,4.5,Normal
CHENAB,Punjnad,17-Jun-24,06:00 Hrs,338,15869,325,2069,1.5,2,3,4.5,Normal
RAVI,Jassar,17-Jun-24,06:00 Hrs,-,-,775,1284,0.5,0.75,1,1.5,Normal
RAVI,Shahdara,17-Jun-24,06:00 Hrs,-,-,672,10404,0.4,0.65,0.9,1.35,Normal
RAVI,Balloki,17-Jun-24,06:00 Hrs,633,28360,618,2860,0.4,0.65,0.9,1.35,Normal
RAVI,Sidhnai,17-Jun-24,06:00 Hrs,467,13500,452,Nil,0.3,0.45,0.6,0.9,Normal
SUTLEJ,Bhakara**,17-Jun-24,06:00 Hrs,-,-,NR,NR,-,-,-,-,-
SUTLEJ,Sulemanki,17-Jun-24,06:00 Hrs,569,15331,559,3625,0.5,0.8,1.2,1.75,Normal
SUTLEJ,Islam,17-Jun-24,06:00 Hrs,455,2749,434,449,0.5,0.8,1.2,1.75,Normal
INDUS,khairabad,17-Jun-24,12:00 Hrs,-,-,13,157600,2.25,3.75,5,6.5,Normal
INDUS,Kalabagh,17-Jun-24,12:00 Hrs,693.5,204852,679.9,197112,2.5,3.75,5,6.5,Normal
INDUS,Chashma,17-Jun-24,12:00 Hrs,646.9,193247,613.8,184983,2.5,3.75,5,6.5,Normal
INDUS,Taunsa,17-Jun-24,12:00 Hrs,446.7,176756,429.2,159052,2.5,3.75,5,6.5,Normal
INDUS,Guddu,17-Jun-24,12:00 Hrs,258.2,140590,249,113711,2,3.5,5,7,Normal
INDUS,Sukkar,17-Jun-24,12:00 Hrs,195.5,101130,189.5,51225,2,3.5,5,7,Normal
INDUS,Kotri,17-Jun-24,12:00 Hrs,69.9,58065,47,20920,2.5,4,5,6.5,Normal
JHELUM,Kotli,17-Jun-24,12:00 Hrs,-,-,7.6,2800,-,-,-,-,-
JHELUM,Rasul,17-Jun-24,12:00 Hrs,719,55797,700,36246,0.75,1.1,1.5,2.25,Normal
CHENAB,Marala,17-Jun-24,12:00 Hrs,812,46510,796.5,19060,1,1.5,2,4,Normal
CHENAB,Khanki,17-Jun-24,12:00 Hrs,733,13648,718.6,5598,1,1.5,2,4,Normal
CHENAB,Qadirabad,17-Jun-24,12:00 Hrs,700,24423,684.6,4849,1,1.5,2,4,Normal
CHENAB,Trimmu,17-Jun-24,12:00 Hrs,490.5,36372,482.3,19122,1.5,2,3,4.5,Normal
CHENAB,Punjnad,17-Jun-24,12:00 Hrs,338,15869,324.7,2069,1.5,2,3,4.5,Normal
RAVI,Jassar,17-Jun-24,12:00 Hrs,-,-,775.1,1284,0.5,0.75,1,1.5,Normal
RAVI,Shahdara,17-Jun-24,12:00 Hrs,-,-,672.2,10404,0.4,0.65,0.9,1.35,Normal
RAVI,Balloki,17-Jun-24,12:00 Hrs,633,28360,617.8,2860,0.4,0.65,0.9,1.35,Normal
RAVI,Sidhnai,17-Jun-24,12:00 Hrs,467,14000,451.5,Nil,0.3,0.45,0.6,0.9,Normal
SUTLEJ,Bhakara**,17-Jun-24,12:00 Hrs,-,-,NR,NR,-,-,-,-,-
SUTLEJ,Sulemanki,17-Jun-24,12:00 Hrs,569,15331,559.1,3625,0.5,0.8,1.2,1.75,Normal
SUTLEJ,Islam,17-Jun-24,12:00 Hrs,455,2300,434,Nil,0.5,0.8,1.2,1.75,Normal
INDUS,khairabad,17-Jun-24,18:00 Hrs,-,-,12,147100,2.25,3.75,5,6.5,Normal
INDUS,Kalabagh,17-Jun-24,18:00 Hrs,693.5,193768,679.5,186028,2.5,3.75,5,6.5,Normal
INDUS,Chashma,17-Jun-24,18:00 Hrs,647.3,191504,613.8,184904,2.5,3.75,5,6.5,Normal
INDUS,Taunsa,17-Jun-24,18:00 Hrs,446.7,176756,429.2,159052,2.5,3.75,5,6.5,Normal
INDUS,Guddu,17-Jun-24,18:00 Hrs,258.2,138893,248.9,111581,2,3.5,5,7,Normal
INDUS,Sukkar,17-Jun-24,18:00 Hrs,195.5,101130,189.5,51225,2,3.5,5,7,Normal
INDUS,Kotri,17-Jun-24,18:00 Hrs,69.9,58065,47,20920,2.5,4,5,6.5,Normal
JHELUM,Kotli,17-Jun-24,18:00 Hrs,-,,7.5,2600,-,-,-,-,-
JHELUM,Rasul,17-Jun-24,18:00 Hrs,719,55797,700,36264,0.75,1.1,1.5,2.25,Normal
CHENAB,Marala,17-Jun-24,18:00 Hrs,812,46510,796.5,19060,1,1.5,2,4,Normal
CHENAB,Khanki,17-Jun-24,18:00 Hrs,733,19246,720.6,11196,1,1.5,2,4,Normal
CHENAB,Qadirabad,17-Jun-24,18:00 Hrs,700,25741,684.7,6216,1,1.5,2,4,Normal
CHENAB,Trimmu,17-Jun-24,18:00 Hrs,490.5,37545,482.8,20295,1.5,2,3,4.5,Normal
CHENAB,Punjnad,17-Jun-24,18:00 Hrs,338,15869,324.7,2069,1.5,2,3,4.5,Normal
RAVI,Jassar,17-Jun-24,18:00 Hrs,-,-,775.1,1284,0.5,0.75,1,1.5,Normal
RAVI,Shahdara,17-Jun-24,18:00 Hrs,-,-,672.2,10404,0.4,0.65,0.9,1.35,Normal
RAVI,Balloki,17-Jun-24,18:00 Hrs,633,28010,617.5,2010,0.4,0.65,0.9,1.35,Normal
RAVI,Sidhnai,17-Jun-24,18:00 Hrs,467,14000,451.5,Nil,0.3,0.45,0.6,0.9,Normal
SUTLEJ,Bhakara**,17-Jun-24,18:00 Hrs,-,-,NR,NR,-,-,-,-,-
SUTLEJ,Sulemanki,17-Jun-24,18:00 Hrs,569,15344,558.3,2326,0.5,0.8,1.2,1.75,Normal
SUTLEJ,Islam,17-Jun-24,18:00 Hrs,455,2300,434,Nil,0.5,0.8,1.2,1.75,Normal
INDUS,khairabad,17-Jun-24,23:59 Hrs,-,-,14,168300,2.25,3.75,5,6.5,Normal
INDUS,Kalabagh,17-Jun-24,23:59 Hrs,693.5,204852,679.9,197112,2.5,3.75,5,6.5,Normal
INDUS,Chashma,17-Jun-24,23:59 Hrs,647.4,191579,613.8,184919,2.5,3.75,5,6.5,Normal
INDUS,Taunsa,17-Jun-24,23:59 Hrs,446.7,176756,429.2,159052,2.5,3.75,5,6.5,Normal
INDUS,Guddu,17-Jun-24,23:59 Hrs,258.2,138893,248.9,111581,2,3.5,5,7,Normal
INDUS,Sukkar,17-Jun-24,23:59 Hrs,195.5,101130,189.5,51225,2,3.5,5,7,Normal
INDUS,Kotri,17-Jun-24,23:59 Hrs,69.9,58065,47,20920,2.5,4,5,6.5,Normal
JHELUM,Kotli,17-Jun-24,23:59 Hrs,-,-,7.5,2600,-,-,-,-,-
JHELUM,Rasul,17-Jun-24,23:59 Hrs,719,55697,700,36264,0.75,1.1,1.5,2.25,Normal
CHENAB,Marala,17-Jun-24,23:59 Hrs,812,60374,797.5,32924,1,1.5,2,4,Normal
CHENAB,Khanki,17-Jun-24,23:59 Hrs,733,21112,721,13062,1,1.5,2,4,Normal
CHENAB,Qadirabad,17-Jun-24,23:59 Hrs,700,27038,684.9,7513,1,1.5,2,4,Normal
CHENAB,Trimmu,17-Jun-24,23:59 Hrs,490.5,39166,482.9,21916,1.5,2,3,4.5,Normal
CHENAB,Punjnad,17-Jun-24,23:59 Hrs,338,15869,324.7,2069,1.5,2,3,4.5,Normal
RAVI,Jassar,17-Jun-24,23:59 Hrs,-,-,775.1,1284,0.5,0.75,1,1.5,Normal
RAVI,Shahdara,17-Jun-24,23:59 Hrs,-,-,672.2,10404,0.4,0.65,0.9,1.35,Normal
RAVI,Balloki,17-Jun-24,23:59 Hrs,633,28860,617.8,2860,0.4,0.65,0.9,1.35,Normal
RAVI,Sidhnai,17-Jun-24,23:59 Hrs,467,14000,451.5,Nil,0.3,0.45,0.6,0.9,Normal
SUTLEJ,Bhakara**,17-Jun-24,23:59 Hrs,-,-,NR,NR,-,-,-,-,-
SUTLEJ,Sulemanki,17-Jun-24,23:59 Hrs,569,15344,558.3,2326,0.5,0.8,1.2,1.75,Normal
SUTLEJ,Islam,17-Jun-24,23:59 Hrs,455,2300,434,NIL,0.5,0.8,1.2,1.75,Normal
INDUS,khairabad,18-Jun-24,06:00 Hrs,-,-,16,190300,2.25,3.75,5,6.5,Normal
INDUS,Kalabagh,18-Jun-24,06:00 Hrs,693.5,189616,679.5,181876,2.5,3.75,5,6.5,Normal
INDUS,Chashma,18-Jun-24,06:00 Hrs,647.4,190899,613.8,184299,2.5,3.75,5,6.5,Normal
INDUS,Taunsa,18-Jun-24,06:00 Hrs,446.7,176756,429.2,159052,2.5,3.75,5,6.5,Normal
INDUS,Guddu,18-Jun-24,06:00 Hrs,258.2,139960,248.9,111581,2,3.5,5,7,Normal
INDUS,Sukkar,18-Jun-24,06:00 Hrs,199.5,105220,189.7,55380,2,3.5,5,7,Normal
INDUS,Kotri,18-Jun-24,06:00 Hrs,69.9,49787,44.8,9842,2.5,4,5,6.5,Normal
JHELUM,Kotli,18-Jun-24,06:00 Hrs,-,-,7.4,2400,-,-,-,-,-
JHELUM,Rasul,18-Jun-24,06:00 Hrs,719,45461,698.5,26028,0.75,1.1,1.5,2.25,Normal
CHENAB,Marala,18-Jun-24,06:00 Hrs,812,55021,797.3,27571,1,1.5,2,4,Normal
CHENAB,Khanki,18-Jun-24,06:00 Hrs,733,21112,721,13062,1,1.5,2,4,Normal
CHENAB,Qadirabad,18-Jun-24,06:00 Hrs,700,30948,685.3,11423,1,1.5,2,4,Normal
CHENAB,Trimmu,18-Jun-24,06:00 Hrs,490.5,39166,482.9,21916,1.5,2,3,4.5,Normal
CHENAB,Punjnad,18-Jun-24,06:00 Hrs,338,15869,324.7,2069,1.5,2,3,4.5,Normal
RAVI,Jassar,18-Jun-24,06:00 Hrs,-,-,775.1,1284,0.5,0.75,1,1.5,Normal
RAVI,Shahdara,18-Jun-24,06:00 Hrs,-,-,672.6,12063,0.4,0.65,0.9,1.35,Normal
RAVI,Balloki,18-Jun-24,06:00 Hrs,633,28860,617.8,2860,0.4,0.65,0.9,1.35,Normal
RAVI,Sidhnai,18-Jun-24,06:00 Hrs,467,14000,451.5,Nil,0.3,0.45,0.6,0.9,Normal
SUTLEJ,Bhakara**,18-Jun-24,06:00 Hrs,-,-,NR,NR,-,-,-,-,-
SUTLEJ,Sulemanki,18-Jun-24,06:00 Hrs,569,16327,558.8,3309,0.5,0.8,1.2,1.75,Normal
SUTLEJ,Islam,18-Jun-24,06:00 Hrs,455,2300,434,NIL,0.5,0.8,1.2,1.75,Normal
INDUS,khairabad,18-Jun-24,12:00 Hrs,-,-,14.7,175900,2.25,3.75,5,6.5,Normal
INDUS,Kalabagh,18-Jun-24,12:00 Hrs,693.5,188170,679.7,190414,2.5,3.75,5,6.5,Normal
INDUS,Chashma,18-Jun-24,12:00 Hrs,647.5,193727,613.8,185058,2.5,3.75,5,6.5,Normal
INDUS,Taunsa,18-Jun-24,12:00 Hrs,446.7,176756,429.2,159154,2.5,3.75,5,6.5,Normal
INDUS,Guddu,18-Jun-24,12:00 Hrs,258.2,139960,248.9,111581,2,3.5,5,7,Normal
INDUS,Sukkar,18-Jun-24,12:00 Hrs,199.5,105220,189.7,55380,2,3.5,5,7,Normal
INDUS,Kotri,18-Jun-24,12:00 Hrs,69.9,46115,43.3,5470,2.5,4,5,6.5,Normal
JHELUM,Kotli,18-Jun-24,12:00 Hrs,-,-,7.5,2600,-,-,-,-,-
JHELUM,Rasul,18-Jun-24,12:00 Hrs,719,55797,700,36264,0.75,1.1,1.5,2.25,Normal
CHENAB,Marala,18-Jun-24,12:00 Hrs,812,55021,797.3,27571,1,1.5,2,4,Normal
CHENAB,Khanki,18-Jun-24,12:00 Hrs,733,24819,721.5,16794,1,1.5,2,4,Normal
CHENAB,Qadirabad,18-Jun-24,12:00 Hrs,700,29638,685.2,10113,1,1.5,2,4,Normal
CHENAB,Trimmu,18-Jun-24,12:00 Hrs,490.5,39892,483.2,22642,1.5,2,3,4.5,Normal
CHENAB,Punjnad,18-Jun-24,12:00 Hrs,338,14838,324.2,1038,1.5,2,3,4.5,Normal
RAVI,Jassar,18-Jun-24,12:00 Hrs,-,-,775.2,1378,0.5,0.75,1,1.5,Normal
RAVI,Shahdara,18-Jun-24,12:00 Hrs,-,-,672.6,12063,0.4,0.65,0.9,1.35,Normal
RAVI,Balloki,18-Jun-24,12:00 Hrs,633,28860,617.8,2860,0.4,0.65,0.9,1.35,Normal
RAVI,Sidhnai,18-Jun-24,12:00 Hrs,467,14000,451.5,Nil,0.3,0.45,0.6,0.9,Normal
SUTLEJ,Bhakara**,18-Jun-24,12:00 Hrs,-,-,NR,NR,-,-,-,-,-
SUTLEJ,Sulemanki,18-Jun-24,12:00 Hrs,569,16327,558,3309,0.5,0.8,1.2,1.75,Normal
SUTLEJ,Islam,18-Jun-24,12:00 Hrs,455,2300,434,NIL,0.5,0.8,1.2,1.75,Normal
INDUS,khairabad,18-Jun-24,18:00 Hrs,-,-,10.5,131900,2.25,3.75,5,6.5,Normal
INDUS,Kalabagh,18-Jun-24,18:00 Hrs,693.5,184808,679.4,177052,2.5,3.75,5,6.5,Normal
INDUS,Chashma,18-Jun-24,18:00 Hrs,647.4,204763,614.3,198163,2.5,3.75,5,6.5,Normal
INDUS,Taunsa,18-Jun-24,18:00 Hrs,446.7,176756,429.2,159154,2.5,3.75,5,6.5,Normal
INDUS,Guddu,18-Jun-24,18:00 Hrs,258.2,139960,248.9,111581,2,3.5,5,7,Normal
INDUS,Sukkar,18-Jun-24,18:00 Hrs,199.5,105220,189.7,55380,2,3.5,5,7,Normal
INDUS,Kotri,18-Jun-24,18:00 Hrs,69.9,46115,43.3,5470,2.5,4,5,6.5,Normal
JHELUM,Kotli,18-Jun-24,18:00 Hrs,-,,7.6,2800,-,-,-,-,-
JHELUM,Rasul,18-Jun-24,18:00 Hrs,719,50675,699.4,31142,0.75,1.1,1.5,2.25,Normal
CHENAB,Marala,18-Jun-24,18:00 Hrs,812,55634,796.5,27571,1,1.5,2,4,Normal
CHENAB,Khanki,18-Jun-24,18:00 Hrs,733,34175,721.8,26100,1,1.5,2,4,Normal
CHENAB,Qadirabad,18-Jun-24,18:00 Hrs,700,29638,685.2,10113,1,1.5,2,4,Normal
CHENAB,Trimmu,18-Jun-24,18:00 Hrs,490.5,39892,483,22642,1.5,2,3,4.5,Normal
CHENAB,Punjnad,18-Jun-24,18:00 Hrs,338,14838,324.2,1038,1.5,2,3,4.5,Normal
RAVI,Jassar,18-Jun-24,18:00 Hrs,-,-,775.2,1378,0.5,0.75,1,1.5,Normal
RAVI,Shahdara,18-Jun-24,18:00 Hrs,-,-,672.6,12063,0.4,0.65,0.9,1.35,Normal
RAVI,Balloki,18-Jun-24,18:00 Hrs,633,29717,618,3715,0.4,0.65,0.9,1.35,Normal
RAVI,Sidhnai,18-Jun-24,18:00 Hrs,467,14500,451.5,Nil,0.3,0.45,0.6,0.9,Normal
SUTLEJ,Bhakara**,18-Jun-24,18:00 Hrs,-,-,NR,NR,-,-,-,-,-
SUTLEJ,Sulemanki,18-Jun-24,18:00 Hrs,569,16327,558.8,3309,0.5,0.8,1.2,1.75,Normal
SUTLEJ,Islam,18-Jun-24,18:00 Hrs,455,2200,433,Nil,0.5,0.8,1.2,1.75,Normal
INDUS,khairabad,18-Jun-24,23:59 Hrs,-,-,13.7,165000,2.25,3.75,5,6.5,Normal
INDUS,Kalabagh,18-Jun-24,23:59 Hrs,693.5,184808,679.4,177052,2.5,3.75,5,6.5,Normal
INDUS,Chashma,18-Jun-24,23:59 Hrs,647.3,204849,614.4,198249,2.5,3.75,5,6.5,Normal
INDUS,Taunsa,18-Jun-24,23:59 Hrs,446.7,176756,429.2,159154,2.5,3.75,5,6.5,Normal
INDUS,Guddu,18-Jun-24,23:59 Hrs,258.2,139960,248.9,111581,2,3.5,5,7,Normal
INDUS,Sukkar,18-Jun-24,23:59 Hrs,199.5,105220,189.7,55380,2,3.5,5,7,Normal
INDUS,Kotri,18-Jun-24,23:59 Hrs,69.9,46115,43.3,5470,2.5,4,5,6.5,Normal
JHELUM,Kotli,18-Jun-24,23:59 Hrs,-,,7.6,2800,-,-,-,-,-
JHELUM,Rasul,18-Jun-24,23:59 Hrs,719,50675,699.4,31142,0.75,1.1,1.5,2.25,Normal
CHENAB,Marala,18-Jun-24,23:59 Hrs,812,62353,795.8,32924,1,1.5,2,4,Normal
CHENAB,Khanki,18-Jun-24,23:59 Hrs,733,35872,722.5,27797,1,1.5,2,4,Normal
CHENAB,Qadirabad,18-Jun-24,23:59 Hrs,700,41260,686.3,21735,1,1.5,2,4,Normal
CHENAB,Trimmu,18-Jun-24,23:59 Hrs,490.5,42336,483.1,25086,1.5,2,3,4.5,Normal
CHENAB,Punjnad,18-Jun-24,23:59 Hrs,338,14838,324.2,1038,1.5,2,3,4.5,Normal
RAVI,Jassar,18-Jun-24,23:59 Hrs,-,-,775.2,1378,0.5,0.75,1,1.5,Normal
RAVI,Shahdara,18-Jun-24,23:59 Hrs,-,-,672.6,12063,0.4,0.65,0.9,1.35,Normal
RAVI,Balloki,18-Jun-24,23:59 Hrs,633,29060,617.8,2860,0.4,0.65,0.9,1.35,Normal
RAVI,Sidhnai,18-Jun-24,23:59 Hrs,467,14500,451,Nil,0.3,0.45,0.6,0.9,Normal
SUTLEJ,Bhakara**,18-Jun-24,23:59 Hrs,-,-,NR,NR,-,-,-,-,-
SUTLEJ,Sulemanki,18-Jun-24,23:59 Hrs,569,16327,558.8,3309,0.5,0.8,1.2,1.75,Normal
SUTLEJ,Islam,18-Jun-24,23:59 Hrs,455,2200,433,Nil,0.5,0.8,1.2,1.75,Normal
INDUS,khairabad,19-Jun-24,06:00 Hrs,-,-,13.7,165000,2.25,3.75,5,6.5,Normal
INDUS,Kalabagh,19-Jun-24,06:00 Hrs,693.5,182885,679.4,175129,2.5,3.75,5,6.5,Normal
INDUS,Chashma,19-Jun-24,06:00 Hrs,647.2,205922,614.4,199322,2.5,3.75,5,6.5,Normal
INDUS,Taunsa,19-Jun-24,06:00 Hrs,446.7,174871,429.2,157456,2.5,3.75,5,6.5,Normal
INDUS,Guddu,19-Jun-24,06:00 Hrs,258.4,131847,248.7,101973,2,3.5,5,7,Normal
INDUS,Sukkar,19-Jun-24,06:00 Hrs,199.5,103065,189.6,52925,2,3.5,5,7,Normal
INDUS,Kotri,19-Jun-24,06:00 Hrs,69.9,43870,42.1,3225,2.5,4,5,6.5,Normal
JHELUM,Kotli,19-Jun-24,06:00 Hrs,-,,7.5,2600,-,-,-,-,-
JHELUM,Rasul,19-Jun-24,06:00 Hrs,719,45561,698.5,26028,0.75,1.1,1.5,2.25,Normal
CHENAB,Marala,19-Jun-24,06:00 Hrs,812,63374,797.5,32924,1,1.5,2,4,Normal
CHENAB,Khanki,19-Jun-24,06:00 Hrs,733,24869,721.5,16794,1,1.5,2,4,Normal
CHENAB,Qadirabad,19-Jun-24,06:00 Hrs,700,41260,686.3,21735,1,1.5,2,4,Normal
CHENAB,Trimmu,19-Jun-24,06:00 Hrs,490.5,40763,483,23513,1.5,2,3,4.5,Normal
CHENAB,Punjnad,19-Jun-24,06:00 Hrs,338,14838,324.2,1038,1.5,2,3,4.5,Normal
RAVI,Jassar,19-Jun-24,06:00 Hrs,-,-,775.2,1378,0.5,0.75,1,1.5,Normal
RAVI,Shahdara,19-Jun-24,06:00 Hrs,-,-,672.6,12063,0.4,0.65,0.9,1.35,Normal
RAVI,Balloki,19-Jun-24,06:00 Hrs,633,29680,617.8,2860,0.4,0.65,0.9,1.35,Normal
RAVI,Sidhnai,19-Jun-24,06:00 Hrs,467,14500,451.5,Nil,0.3,0.45,0.6,0.9,Normal
SUTLEJ,Bhakara**,19-Jun-24,06:00 Hrs,-,-,NR,NR,-,-,-,-,-
SUTLEJ,Sulemanki,19-Jun-24,06:00 Hrs,569,16327,558.8,3309,0.5,0.8,1.2,1.75,Normal
SUTLEJ,Islam,19-Jun-24,06:00 Hrs,455,2200,433.8,Nil,0.5,0.8,1.2,1.75,Normal
INDUS,khairabad,19-Jun-24,12:00 Hrs,-,-,11.5,142000,2.25,3.75,5,6.5,Normal
INDUS,Kalabagh,19-Jun-24,12:00 Hrs,693.5,193821,679.4,186065,2.5,3.75,5,6.5,Normal
INDUS,Chashma,19-Jun-24,12:00 Hrs,647.1,201603,614.3,195003,2.5,3.75,5,6.5,Normal
INDUS,Taunsa,19-Jun-24,12:00 Hrs,446.7,174871,429.2,157456,2.5,3.75,5,6.5,Normal
INDUS,Guddu,19-Jun-24,12:00 Hrs,258.4,131847,248.7,101973,2,3.5,5,7,Normal
INDUS,Sukkar,19-Jun-24,12:00 Hrs,199.5,103065,189.6,52925,2,3.5,5,7,Normal
INDUS,Kotri,19-Jun-24,12:00 Hrs,69.9,44010,42.1,3225,2.5,4,5,6.5,Normal
JHELUM,Kotli,19-Jun-24,12:00 Hrs,-,,7.5,2600,-,-,-,-,-
JHELUM,Rasul,19-Jun-24,12:00 Hrs,719,45561,698.5,26028,0.75,1.1,1.5,2.25,Normal
CHENAB,Marala,19-Jun-24,12:00 Hrs,812,47315,794.2,16865,1,1.5,2,4,Normal
CHENAB,Khanki,19-Jun-24,12:00 Hrs,733,23003,721.2,14928,1,1.5,2,4,Normal
CHENAB,Qadirabad,19-Jun-24,12:00 Hrs,700,36100,685.9,16575,1,1.5,2,4,Normal
CHENAB,Trimmu,19-Jun-24,12:00 Hrs,490.5,39453,482.7,22203,1.5,2,3,4.5,Normal
CHENAB,Punjnad,19-Jun-24,12:00 Hrs,338,14838,324.2,1038,1.5,2,3,4.5,Normal
RAVI,Jassar,19-Jun-24,12:00 Hrs,-,-,775.2,1378,0.5,0.75,1,1.5,Normal
RAVI,Shahdara,19-Jun-24,12:00 Hrs,-,-,672.6,12063,0.4,0.65,0.9,1.35,Normal
RAVI,Balloki,19-Jun-24,12:00 Hrs,633.5,30825,618.2,3825,0.4,0.65,0.9,1.35,Normal
RAVI,Sidhnai,19-Jun-24,12:00 Hrs,467,14500,451.5,Nil,0.3,0.45,0.6,0.9,Normal
SUTLEJ,Bhakara**,19-Jun-24,12:00 Hrs,-,-,NR,NR,-,-,-,-,-
SUTLEJ,Sulemanki,19-Jun-24,12:00 Hrs,569,16327,558.8,3309,0.5,0.8,1.2,1.75,Normal
SUTLEJ,Islam,19-Jun-24,12:00 Hrs,455,2200,433.8,Nil,0.5,0.8,1.2,1.75,Normal
INDUS,khairabad,19-Jun-24,18:00 Hrs,-,-,9.8,125000,2.25,3.75,5,6.5,Normal
INDUS,Kalabagh,19-Jun-24,18:00 Hrs,693.5,184330,679.4,176574,2.5,3.75,5,6.5,Normal
INDUS,Chashma,19-Jun-24,18:00 Hrs,647.1,201511,614.3,194911,2.5,3.75,5,6.5,Normal
INDUS,Taunsa,19-Jun-24,18:00 Hrs,446.7,174871,429.2,157456,2.5,3.75,5,6.5,Normal
INDUS,Guddu,19-Jun-24,18:00 Hrs,258.5,140960,248.9,110577,2,3.5,5,7,Normal
INDUS,Sukkar,19-Jun-24,18:00 Hrs,199.5,103065,189.6,52925,2,3.5,5,7,Normal
INDUS,Kotri,19-Jun-24,18:00 Hrs,69.9,44010,42.1,3225,2.5,4,5,6.5,Normal
JHELUM,Kotli,19-Jun-24,18:00 Hrs,-,,7.4,2400,-,-,-,-,-
JHELUM,Rasul,19-Jun-24,18:00 Hrs,719,50675,699.4,31142,0.75,1.1,1.5,2.25,Normal
CHENAB,Marala,19-Jun-24,18:00 Hrs,812,47315,795.8,16865,1,1.5,2,4,Normal
CHENAB,Khanki,19-Jun-24,18:00 Hrs,733,35885,722.5,27797,1,1.5,2,4,Normal
CHENAB,Qadirabad,19-Jun-24,18:00 Hrs,700,36100,685.9,16575,1,1.5,2,4,Normal
CHENAB,Trimmu,19-Jun-24,18:00 Hrs,490.5,39892,483,22642,1.5,2,3,4.5,Normal
CHENAB,Punjnad,19-Jun-24,18:00 Hrs,338,14838,324.2,1038,1.5,2,3,4.5,Normal
RAVI,Jassar,19-Jun-24,18:00 Hrs,-,-,775.2,1378,0.5,0.75,1,1.5,Normal
RAVI,Shahdara,19-Jun-24,18:00 Hrs,-,-,672.6,12063,0.4,0.65,0.9,1.35,Normal
RAVI,Balloki,19-Jun-24,18:00 Hrs,633.5,30825,618.2,3825,0.4,0.65,0.9,1.35,Normal
RAVI,Sidhnai,19-Jun-24,18:00 Hrs,467,14300,451.5,Nil,0.3,0.45,0.6,0.9,Normal
SUTLEJ,Bhakara**,19-Jun-24,18:00 Hrs,-,-,NR,NR,-,-,-,-,-
SUTLEJ,Sulemanki,19-Jun-24,18:00 Hrs,569,16327,558.8,3309,0.5,0.8,1.2,1.75,Normal
SUTLEJ,Islam,19-Jun-24,18:00 Hrs,455,2200,433,Nil,0.5,0.8,1.2,1.75,Normal
INDUS,khairabad,19-Jun-24,23:59 Hrs,-,-,11.5,142000,2.25,3.75,5,6.5,Normal
INDUS,Kalabagh,19-Jun-24,23:59 Hrs,693.5,171465,679.2,163709,2.5,3.75,5,6.5,Normal
INDUS,Chashma,19-Jun-24,23:59 Hrs,647,201661,614.3,195061,2.5,3.75,5,6.5,Normal
INDUS,Taunsa,19-Jun-24,23:59 Hrs,446.7,174871,429.2,157456,2.5,3.75,5,6.5,Normal
INDUS,Guddu,19-Jun-24,23:59 Hrs,259,140960,249,110577,2,3.5,5,7,Normal
INDUS,Sukkar,19-Jun-24,23:59 Hrs,200,103065,190,52925,2,3.5,5,7,Normal
INDUS,Kotri,19-Jun-24,23:59 Hrs,70,44010,42,3225,2.5,4,5,6.5,Normal
JHELUM,Kotli,19-Jun-24,23:59 Hrs,-,-,7.4,2400,-,-,-,-,-
JHELUM,Rasul,19-Jun-24,23:59 Hrs,719,45561,698.5,26028,0.75,1.1,1.5,2.25,Normal
CHENAB,Marala,19-Jun-24,23:59 Hrs,812,58021,797,27571,1,1.5,2,4,Normal
CHENAB,Khanki,19-Jun-24,23:59 Hrs,733,37850,723,29736,1,1.5,2,4,Normal
CHENAB,Qadirabad,19-Jun-24,23:59 Hrs,700,41260,686.3,21735,1,1.5,2,4,Normal
CHENAB,Trimmu,19-Jun-24,23:59 Hrs,490.5,39892,483,22642,1.5,2,3,4.5,Normal
CHENAB,Punjnad,19-Jun-24,23:59 Hrs,338,14838,324.2,1038,1.5,2,3,4.5,Normal
RAVI,Jassar,19-Jun-24,23:59 Hrs,-,-,775.2,1378,0.5,0.75,1,1.5,Normal
RAVI,Shahdara,19-Jun-24,23:59 Hrs,-,-,672.6,12063,0.4,0.65,0.9,1.35,Normal
RAVI,Balloki,19-Jun-24,23:59 Hrs,633.5,29945,617.8,2945,0.4,0.65,0.9,1.35,Normal
RAVI,Sidhnai,19-Jun-24,23:59 Hrs,467,14300,451.5,Nil,0.3,0.45,0.6,0.9,Normal
SUTLEJ,Bhakara**,19-Jun-24,23:59 Hrs,-,-,NR,NR,-,-,-,-,-
SUTLEJ,Sulemanki,19-Jun-24,23:59 Hrs,569,16327,558.8,3309,0.5,0.8,1.2,1.75,Normal
SUTLEJ,Islam,19-Jun-24,23:59 Hrs,455,2849,434,449,0.5,0.8,1.2,1.75,Normal
INDUS,khairabad,20-Jun-24,06:00 Hrs,-,-,15,179200,2.25,3.75,5,6.5,Normal
INDUS,Kalabagh,20-Jun-24,06:00 Hrs,693.5,165571,697.1,157815,2.5,3.75,5,6.5,Normal
INDUS,Chashma,20-Jun-24,06:00 Hrs,647,202790,614.3,196190,2.5,3.75,5,6.5,Normal
INDUS,Taunsa,20-Jun-24,06:00 Hrs,446.7,179133,429.2,161194,2.5,3.75,5,6.5,Normal
INDUS,Guddu,20-Jun-24,06:00 Hrs,259,141837,249,111446,2,3.5,5,7,Normal
INDUS,Sukkar,20-Jun-24,06:00 Hrs,200,96040,189,46385,2,3.5,5,7,Normal
INDUS,Kotri,20-Jun-24,06:00 Hrs,70,43820,42,2415,2.5,4,5,6.5,Normal
JHELUM,Kotli,20-Jun-24,06:00 Hrs,-,-,7.5,2600,-,-,-,-,-
JHELUM,Rasul,20-Jun-24,06:00 Hrs,719,35333,697,15800,0.75,1.1,1.5,2.25,Normal
CHENAB,Marala,20-Jun-24,06:00 Hrs,812,58021,797,27571,1,1.5,2,4,Normal
CHENAB,Khanki,20-Jun-24,06:00 Hrs,733,34189,722,26100,1,1.5,2,4,Normal
CHENAB,Qadirabad,20-Jun-24,06:00 Hrs,700,45012,686.9,25487,1,1.5,2,4,Normal
CHENAB,Trimmu,20-Jun-24,06:00 Hrs,490.5,39892,483,22642,1.5,2,3,4.5,Normal
CHENAB,Punjnad,20-Jun-24,06:00 Hrs,338,14838,324.2,1038,1.5,2,3,4.5,Normal
RAVI,Jassar,20-Jun-24,06:00 Hrs,-,-,775.2,1378,0.5,0.75,1,1.5,Normal
RAVI,Shahdara,20-Jun-24,06:00 Hrs,-,-,672.6,12063,0.4,0.65,0.9,1.35,Normal
RAVI,Balloki,20-Jun-24,06:00 Hrs,633.5,29945,617.8,2945,0.4,0.65,0.9,1.35,Normal
RAVI,Sidhnai,20-Jun-24,06:00 Hrs,467,14900,451.5,Nil,0.3,0.45,0.6,0.9,Normal
SUTLEJ,Bhakara**,20-Jun-24,06:00 Hrs,-,-,NR,NR,-,-,-,-,-
SUTLEJ,Sulemanki,20-Jun-24,06:00 Hrs,569,16327,558.8,3309,0.5,0.8,1.2,1.75,Normal
SUTLEJ,Islam,20-Jun-24,06:00 Hrs,455,2849,434,449,0.5,0.8,1.2,1.75,Normal
INDUS,khairabad,20-Jun-24,12:00 Hrs,-,-,14.4,172600,2.25,3.75,5,6.5,Normal
INDUS,Kalabagh,20-Jun-24,12:00 Hrs,693.5,183875,679.4,176119,2.5,3.75,5,6.5,Normal
INDUS,Chashma,20-Jun-24,12:00 Hrs,646.7,201531,614.2,194931,2.5,3.75,5,6.5,Normal
INDUS,Taunsa,20-Jun-24,12:00 Hrs,446.7,179133,429.2,161194,2.5,3.75,5,6.5,Normal
INDUS,Guddu,20-Jun-24,12:00 Hrs,258.4,141609,248.8,110035,2,3.5,5,7,Normal
INDUS,Sukkar,20-Jun-24,12:00 Hrs,199.5,96040,189.2,46385,2,3.5,5,7,Normal
INDUS,Kotri,20-Jun-24,12:00 Hrs,69.9,43820,42,2415,2.5,4,5,6.5,Normal
JHELUM,Kotli,20-Jun-24,12:00 Hrs,-,,7.6,2800,-,-,-,-,-
JHELUM,Rasul,20-Jun-24,12:00 Hrs,719,43243,698,23610,0.75,1.1,1.5,2.25,Normal
CHENAB,Marala,20-Jun-24,12:00 Hrs,812.1,52668,797.1,22218,1,1.5,2,4,Normal
CHENAB,Khanki,20-Jun-24,12:00 Hrs,733,24908,721.31,16794,1,1.5,2,4,Normal
CHENAB,Qadirabad,20-Jun-24,12:00 Hrs,700,42505,686.4,22980,1,1.5,2,4,Normal
CHENAB,Trimmu,20-Jun-24,12:00 Hrs,490.5,39453,482.7,22203,1.5,2,3,4.5,Normal
CHENAB,Punjnad,20-Jun-24,12:00 Hrs,338,15869,324.2,2069,1.5,2,3,4.5,Normal
RAVI,Jassar,20-Jun-24,12:00 Hrs,-,-,775.2,1378,0.5,0.75,1,1.5,Normal
RAVI,Shahdara,20-Jun-24,12:00 Hrs,-,-,672.6,12063,0.4,0.65,0.9,1.35,Normal
RAVI,Balloki,20-Jun-24,12:00 Hrs,633.5,29945,617.8,2945,0.4,0.65,0.9,1.35,Normal
RAVI,Sidhnai,20-Jun-24,12:00 Hrs,467,14600,451.5,Nil,0.3,0.45,0.6,0.9,Normal
SUTLEJ,Bhakara**,20-Jun-24,12:00 Hrs,-,-,NR,NR,-,-,-,-,-
SUTLEJ,Sulemanki,20-Jun-24,12:00 Hrs,569,16327,558.8,3309,0.5,0.8,1.2,1.75,Normal
SUTLEJ,Islam,20-Jun-24,12:00 Hrs,455,2849,434,449,0.5,0.8,1.2,1.75,Normal
INDUS,khairabad,20-Jun-24,18:00 Hrs,-,-,10,127000,2.25,3.75,5,6.5,Normal
INDUS,Kalabagh,20-Jun-24,18:00 Hrs,693.5,183361,679.4,175805,2.5,3.75,5,6.5,Normal
INDUS,Chashma,20-Jun-24,18:00 Hrs,646.5,201609,614.3,195009,2.5,3.75,5,6.5,Normal
INDUS,Taunsa,20-Jun-24,18:00 Hrs,446.7,193199,429.4,173867,2.5,3.75,5,6.5,Normal
INDUS,Guddu,20-Jun-24,18:00 Hrs,258.5,139353,248.75,107072,2,3.5,5,7,Normal
INDUS,Sukkar,20-Jun-24,18:00 Hrs,199.5,96040,189.2,46385,2,3.5,5,7,Normal
INDUS,Kotri,20-Jun-24,18:00 Hrs,69.9,43820,42,2415,2.5,4,5,6.5,Normal
JHELUM,Kotli,20-Jun-24,18:00 Hrs,-,-,7.6,2800,-,-,-,-,-
JHELUM,Rasul,20-Jun-24,18:00 Hrs,719,43243,698,23610,0.75,1.1,1.5,2.25,Normal
CHENAB,Marala,20-Jun-24,18:00 Hrs,812,52668,796.9,22218,1,1.5,2,4,Normal
CHENAB,Khanki,20-Jun-24,18:00 Hrs,733,24884,721.5,16794,1,1.5,2,4,Normal
CHENAB,Qadirabad,20-Jun-24,18:00 Hrs,700,33531,685.6,14006,1,1.5,2,4,Normal
CHENAB,Trimmu,20-Jun-24,18:00 Hrs,490.5,38836,482.5,21586,1.5,2,3,4.5,Normal
CHENAB,Punjnad,20-Jun-24,18:00 Hrs,338,15869,324.2,2069,1.5,2,3,4.5,Normal
RAVI,Jassar,20-Jun-24,18:00 Hrs,-,-,775.2,1378,0.5,0.75,1,1.5,Normal
RAVI,Shahdara,20-Jun-24,18:00 Hrs,-,-,672.6,12063,0.4,0.65,0.9,1.35,Normal
RAVI,Balloki,20-Jun-24,18:00 Hrs,633.5,29945,617.8,2945,0.4,0.65,0.9,1.35,Normal
RAVI,Sidhnai,20-Jun-24,18:00 Hrs,467,14600,451.5,Nil,0.3,0.45,0.6,0.9,Normal
SUTLEJ,Bhakara**,20-Jun-24,18:00 Hrs,,-,-,-,-,-,-,-,-
SUTLEJ,Sulemanki,20-Jun-24,18:00 Hrs,569,15921,558.5,2654,0.5,0.8,1.2,1.75,Normal
SUTLEJ,Islam,20-Jun-24,18:00 Hrs,455,3226,436.6,826,0.5,0.8,1.2,1.75,Normal
INDUS,khairabad,20-Jun-24,23:59 Hrs,-,-,11.8,145100,2.25,3.75,5,6.5,Normal
INDUS,Kalabagh,20-Jun-24,23:59 Hrs,693.5,183385,679.5,176119,2.5,3.75,5,6.5,Normal
INDUS,Chashma,20-Jun-24,23:59 Hrs,646.5,201552,614.3,194952,2.5,3.75,5,6.5,Normal
INDUS,Taunsa,20-Jun-24,23:59 Hrs,446.7,193199,429.4,173867,2.5,3.75,5,6.5,Normal
INDUS,Guddu,20-Jun-24,23:59 Hrs,258.5,139353,248.75,107072,2,3.5,5,7,Normal
INDUS,Sukkar,20-Jun-24,23:59 Hrs,199.5,96040,189.2,46385,2,3.5,5,7,Normal
INDUS,Kotri,20-Jun-24,23:59 Hrs,69.9,43820,42,2415,2.5,4,5,6.5,Normal
JHELUM,Kotli,20-Jun-24,23:59 Hrs,-,-,7.5,2600,-,-,-,-,-
JHELUM,Rasul,20-Jun-24,23:59 Hrs,719,39338,697.3,19705,0.75,1.1,1.5,2.25,Normal
CHENAB,Marala,20-Jun-24,23:59 Hrs,812,52718,796.9,22218,1,1.5,2,4,Normal
CHENAB,Khanki,20-Jun-24,23:59 Hrs,733,35887,722.5,27797,1,1.5,2,4,Normal
CHENAB,Qadirabad,20-Jun-24,23:59 Hrs,700,38661,686.1,19136,1,1.5,2,4,Normal
CHENAB,Trimmu,20-Jun-24,23:59 Hrs,490.5,38836,482.5,21586,1.5,2,3,4.5,Normal
CHENAB,Punjnad,20-Jun-24,23:59 Hrs,338,15869,324.2,2069,1.5,2,3,4.5,Normal
RAVI,Jassar,20-Jun-24,23:59 Hrs,-,-,775.2,1378,0.5,0.75,1,1.5,Normal
RAVI,Shahdara,20-Jun-24,23:59 Hrs,-,-,673,13721,0.4,0.65,0.9,1.35,Normal
RAVI,Balloki,20-Jun-24,23:59 Hrs,633.5,28425,618.2,3825,0.4,0.65,0.9,1.35,Normal
RAVI,Sidhnai,20-Jun-24,23:59 Hrs,467,15200,451.5,-,0.3,0.45,0.6,0.9,Normal
SUTLEJ,Bhakara**,20-Jun-24,23:59 Hrs,,-,-,-,-,-,-,-,-
SUTLEJ,Sulemanki,20-Jun-24,23:59 Hrs,569,15921,558.5,2654,0.5,0.8,1.2,1.75,Normal
SUTLEJ,Islam,20-Jun-24,23:59 Hrs,455,3126,436.6,826,0.5,0.8,1.2,1.75,Normal
INDUS,khairabad,21-Jun-24,06:00 Hrs,-,-,15.6,185800,2.25,3.75,5,6.5,Normal
INDUS,Kalabagh,21-Jun-24,06:00 Hrs,693.5,165044,679.1,157778,2.5,3.75,5,6.5,Normal
INDUS,Chashma,21-Jun-24,06:00 Hrs,646.3,200132,614.2,195196,2.5,3.75,5,6.5,Normal
INDUS,Taunsa,21-Jun-24,06:00 Hrs,446.7,193199,429.4,173867,2.5,3.75,5,6.5,Normal
INDUS,Guddu,21-Jun-24,06:00 Hrs,258.5,140015,248.65,103266,2,3.5,5,7,Normal
INDUS,Sukkar,21-Jun-24,06:00 Hrs,192.8,106316,192.2,101736,2,3.5,5,7,Normal
INDUS,Kotri,21-Jun-24,06:00 Hrs,69.8,43506,41.8,1601,2.5,4,5,6.5,Normal
JHELUM,Kotli,21-Jun-24,06:00 Hrs,-,-,7.6,2800,-,-,-,-,-
JHELUM,Rasul,21-Jun-24,06:00 Hrs,719,35433,679,15800,0.75,1.1,1.5,2.25,Normal
CHENAB,Marala,21-Jun-24,06:00 Hrs,812,52718,797.1,22218,1,1.5,2,4,Normal
CHENAB,Khanki,21-Jun-24,06:00 Hrs,733,24884,721.5,16794,1,1.5,2,4,Normal
CHENAB,Qadirabad,21-Jun-24,06:00 Hrs,700,41260,686.3,21735,1,1.5,2,4,Normal
CHENAB,Trimmu,21-Jun-24,06:00 Hrs,490.5,38836,482.5,21586,1.5,2,3,4.5,Normal
CHENAB,Punjnad,21-Jun-24,06:00 Hrs,338,18898,325.5,5098,1.5,2,3,4.5,Normal
RAVI,Jassar,21-Jun-24,06:00 Hrs,-,-,775.2,1378,0.5,0.75,1,1.5,Normal
RAVI,Shahdara,21-Jun-24,06:00 Hrs,-,-,673.1,14129,0.4,0.65,0.9,1.35,Normal
RAVI,Balloki,21-Jun-24,06:00 Hrs,633.5,29300,618.5,4700,0.4,0.65,0.9,1.35,Normal
RAVI,Sidhnai,21-Jun-24,06:00 Hrs,467,15200,451.5,-,0.3,0.45,0.6,0.9,Normal
SUTLEJ,Bhakara**,21-Jun-24,06:00 Hrs,,-,-,-,-,-,-,-,-
SUTLEJ,Sulemanki,21-Jun-24,06:00 Hrs,569,16863,559.3,4705,0.5,0.8,1.2,1.75,Normal
SUTLEJ,Islam,21-Jun-24,06:00 Hrs,455,3126,436.6,826,0.5,0.8,1.2,1.75,Normal
INDUS,khairabad,21-Jun-24,12:00 Hrs,-,-,17.1,202800,2.25,3.75,5,6.5,Normal
INDUS,Kalabagh,21-Jun-24,12:00 Hrs,693.5,186827,679.5,179561,2.5,3.75,5,6.5,Normal
INDUS,Chashma,21-Jun-24,12:00 Hrs,646.6,173359,613.7,165095,2.5,3.75,5,6.5,Normal
INDUS,Taunsa,21-Jun-24,12:00 Hrs,446.7,196760,429.4,172460,2.5,3.75,5,6.5,Normal
INDUS,Guddu,21-Jun-24,12:00 Hrs,258.5,140511,248.65,103266,2,3.5,5,7,Normal
INDUS,Sukkar,21-Jun-24,12:00 Hrs,192.8,106316,192.2,101736,2,3.5,5,7,Normal
INDUS,Kotri,21-Jun-24,12:00 Hrs,69.8,43506,41.8,1601,2.5,4,5,6.5,Normal
JHELUM,Kotli,21-Jun-24,12:00 Hrs,-,-,7.5,2600,-,-,-,-,-
JHELUM,Rasul,21-Jun-24,12:00 Hrs,719,43243,698,23610,0.75,1.1,1.5,2.25,Normal
CHENAB,Marala,21-Jun-24,12:00 Hrs,812.1,47465,797.1,16865,1,1.5,2,4,Normal
CHENAB,Khanki,21-Jun-24,12:00 Hrs,733,21152,721,13062,1,1.5,2,4,Normal
CHENAB,Qadirabad,21-Jun-24,12:00 Hrs,700,34796,685.8,15271,1,1.5,2,4,Normal
CHENAB,Trimmu,21-Jun-24,12:00 Hrs,490.5,38836,482.5,21586,1.5,2,3,4.5,Normal
CHENAB,Punjnad,21-Jun-24,12:00 Hrs,338,18898,328.5,5098,1.5,2,3,4.5,Normal
RAVI,Jassar,21-Jun-24,12:00 Hrs,-,-,775.2,1378,0.5,0.75,1,1.5,Normal
RAVI,Shahdara,21-Jun-24,12:00 Hrs,-,-,673.2,14537,0.4,0.65,0.9,1.35,Normal
RAVI,Balloki,21-Jun-24,12:00 Hrs,633.5,30825,618.2,3825,0.4,0.65,0.9,1.35,Normal
RAVI,Sidhnai,21-Jun-24,12:00 Hrs,467,15200,451.5,-,0.3,0.45,0.6,0.9,Normal
SUTLEJ,Bhakara**,21-Jun-24,12:00 Hrs,,-,-,-,-,-,-,-,-
SUTLEJ,Sulemanki,21-Jun-24,12:00 Hrs,569,16863,559.3,4705,0.5,0.8,1.2,1.75,Normal
SUTLEJ,Islam,21-Jun-24,12:00 Hrs,455,2927,436.9,1277,0.5,0.8,1.2,1.75,Normal
INDUS,khairabad,21-Jun-24,18:00 Hrs,-,-,10.8,134900,2.25,3.75,5,6.5,Normal
INDUS,Kalabagh,21-Jun-24,18:00 Hrs,693.5,195868,679.9,188602,2.5,3.75,5,6.5,Normal
INDUS,Chashma,21-Jun-24,18:00 Hrs,646.8,171705,612.8,165105,2.5,3.75,5,6.5,Normal
INDUS,Taunsa,21-Jun-24,18:00 Hrs,446.7,202497,429.4,174197,2.5,3.75,5,6.5,Normal
INDUS,Guddu,21-Jun-24,18:00 Hrs,258.4,137218,248.6,102236,2,3.5,5,7,Normal
INDUS,Sukkar,21-Jun-24,18:00 Hrs,192.8,106316,192.2,101736,2,3.5,5,7,Normal
INDUS,Kotri,21-Jun-24,18:00 Hrs,69.8,43506,41.8,1601,2.5,4,5,6.5,Normal
JHELUM,Kotli,21-Jun-24,18:00 Hrs,-,-,7.4,2400,-,-,-,-,-
JHELUM,Rasul,21-Jun-24,18:00 Hrs,719,43243,698,23610,0.75,1.1,1.5,2.25,Normal
CHENAB,Marala,21-Jun-24,18:00 Hrs,812,47465,795.8,16865,1,1.5,2,4,Normal
CHENAB,Khanki,21-Jun-24,18:00 Hrs,733,19286,720.6,11196,1,1.5,2,4,Normal
CHENAB,Qadirabad,21-Jun-24,18:00 Hrs,700,34796,685.8,15271,1,1.5,2,4,Normal
CHENAB,Trimmu,21-Jun-24,18:00 Hrs,490.5,38836,482.5,21586,1.5,2,3,4.5,Normal
CHENAB,Punjnad,21-Jun-24,18:00 Hrs,338,18898,325.5,5098,1.5,2,3,4.5,Normal
RAVI,Jassar,21-Jun-24,18:00 Hrs,-,-,775.4,1566,0.5,0.75,1,1.5,Normal
RAVI,Shahdara,21-Jun-24,18:00 Hrs,-,-,673.3,14945,0.4,0.65,0.9,1.35,Normal
RAVI,Balloki,21-Jun-24,18:00 Hrs,633.5,29600,618.2,4700,0.4,0.65,0.9,1.35,Normal
RAVI,Sidhnai,21-Jun-24,18:00 Hrs,467,15400,451.5,Nil,0.3,0.45,0.6,0.9,Normal
SUTLEJ,Bhakara**,21-Jun-24,18:00 Hrs,,-,-,-,-,-,-,-,-
SUTLEJ,Sulemanki,21-Jun-24,18:00 Hrs,569,16350,559,3893,0.5,0.8,1.2,1.75,Normal
SUTLEJ,Islam,21-Jun-24,18:00 Hrs,455,2927,436.9,1277,0.5,0.8,1.2,1.75,Normal
INDUS,khairabad,21-Jun-24,23:59 Hrs,-,-,9,117300,2.25,3.75,5,6.5,Normal
INDUS,Kalabagh,21-Jun-24,23:59 Hrs,693,194362,679.7,187096,2.5,3.75,5,6.5,Normal
INDUS,Chashma,21-Jun-24,23:59 Hrs,647.6,117031,611.7,104973,2.5,3.75,5,6.5,Normal
INDUS,Taunsa,21-Jun-24,23:59 Hrs,446.7,202497,429.4,174197,2.5,3.75,5,6.5,Normal
INDUS,Guddu,21-Jun-24,23:59 Hrs,258.4,137218,248.6,102236,2,3.5,5,7,Normal
INDUS,Sukkar,21-Jun-24,23:59 Hrs,192.8,106316,192.2,101736,2,3.5,5,7,Normal
INDUS,Kotri,21-Jun-24,23:59 Hrs,69.8,43506,41.8,1601,2.5,4,5,6.5,Normal
JHELUM,Kotli,21-Jun-24,23:59 Hrs,-,-,7.4,2400,-,-,-,-,-
JHELUM,Rasul,21-Jun-24,23:59 Hrs,NR,NR,NR,NR,0.75,1.1,1.5,2.25,Normal
CHENAB,Marala,21-Jun-24,23:59 Hrs,Nil,45886,Nil,15286,1,1.5,2,4,Normal
CHENAB,Khanki,21-Jun-24,23:59 Hrs,733,23042,721.3,14928,1,1.5,2,4,Normal
CHENAB,Qadirabad,21-Jun-24,23:59 Hrs,700,30948,685.3,11423,1,1.5,2,4,Normal
CHENAB,Trimmu,21-Jun-24,23:59 Hrs,490.5,38836,482.5,21586,1.5,2,3,4.5,Normal
CHENAB,Punjnad,21-Jun-24,23:59 Hrs,338,18898,325.5,5098,1.5,2,3,4.5,Normal
RAVI,Jassar,21-Jun-24,23:59 Hrs,-,-,775.4,1566,0.5,0.75,1,1.5,Normal
RAVI,Shahdara,21-Jun-24,23:59 Hrs,-,-,673.3,14945,0.4,0.65,0.9,1.35,Normal
RAVI,Balloki,21-Jun-24,23:59 Hrs,633.5,29800,618.5,4700,0.4,0.65,0.9,1.35,Normal
RAVI,Sidhnai,21-Jun-24,23:59 Hrs,467,15600,451.5,Nil,0.3,0.45,0.6,0.9,Normal
SUTLEJ,Bhakara**,21-Jun-24,23:59 Hrs,,-,-,-,-,-,-,-,-
SUTLEJ,Sulemanki,21-Jun-24,23:59 Hrs,569,16350,559,3893,0.5,0.8,1.2,1.75,Normal
SUTLEJ,Islam,21-Jun-24,23:59 Hrs,455,2927,436.9,1277,0.5,0.8,1.2,1.75,Normal
INDUS,khairabad,22-Jun-24,06:00 Hrs,-,-,14.1,169400,2.25,3.75,5,6.5,Normal
INDUS,Kalabagh,22-Jun-24,06:00 Hrs,693.6,191753,679.7,-,2.5,3.75,5,6.5,Normal
INDUS,Chashma,22-Jun-24,06:00 Hrs,648.7,117878,610.8,105730,2.5,3.75,5,6.5,Normal
INDUS,Taunsa,22-Jun-24,06:00 Hrs,446.7,199022,429.4,170722,2.5,3.75,5,6.5,Normal
INDUS,Guddu,22-Jun-24,06:00 Hrs,258.4,139142,248.6,102236,2,3.5,5,7,Normal
INDUS,Sukkar,22-Jun-24,06:00 Hrs,192.1,95550,191.9,70050,2,3.5,5,7,Normal
INDUS,Kotri,22-Jun-24,06:00 Hrs,69.9,46365,42.2,4030,2.5,4,5,6.5,Normal
JHELUM,Kotli,22-Jun-24,06:00 Hrs,-,-,7.5,2600,-,-,-,-,-
JHELUM,Rasul,22-Jun-24,06:00 Hrs,719,31528,696,11895,0.75,1.1,1.5,2.25,Normal
CHENAB,Marala,22-Jun-24,06:00 Hrs,812,45886,795.6,15286,1,1.5,2,4,Normal
CHENAB,Khanki,22-Jun-24,06:00 Hrs,733,17444,720.2,9330,1,1.5,2,4,Normal
CHENAB,Qadirabad,22-Jun-24,06:00 Hrs,700,30948,685.3,11423,1,1.5,2,4,Normal
CHENAB,Trimmu,22-Jun-24,06:00 Hrs,490.5,38836,482.5,21586,1.5,2,3,4.5,Normal
CHENAB,Punjnad,22-Jun-24,06:00 Hrs,338,22925,326.9,9175,1.5,2,3,4.5,Normal
RAVI,Jassar,22-Jun-24,06:00 Hrs,-,-,775.4,1566,0.5,0.75,1,1.5,Normal
RAVI,Shahdara,22-Jun-24,06:00 Hrs,-,-,673.3,14945,0.4,0.65,0.9,1.35,Normal
RAVI,Balloki,22-Jun-24,06:00 Hrs,633.5,30000,618.5,4700,0.4,0.65,0.9,1.35,Normal
RAVI,Sidhnai,22-Jun-24,06:00 Hrs,467,15600,451.5,-,0.3,0.45,0.6,0.9,Normal
SUTLEJ,Bhakara**,22-Jun-24,06:00 Hrs,-,-,-,-,-,-,-,-,-
SUTLEJ,Sulemanki,22-Jun-24,06:00 Hrs,569,16249,559,3893,0.5,0.8,1.2,1.75,Normal
SUTLEJ,Islam,22-Jun-24,06:00 Hrs,455,3427,437.9,1777,0.5,0.8,1.2,1.75,Normal
INDUS,khairabad,22-Jun-24,12:00 Hrs,-,-,8,107800,2.25,3.75,5,6.5,Normal
INDUS,Kalabagh,22-Jun-24,12:00 Hrs,693.5,168746,679.7,161480,2.5,3.75,5,6.5,Normal
INDUS,Chashma,22-Jun-24,12:00 Hrs,649,193560,617.1,182090,2.5,3.75,5,6.5,Normal
INDUS,Taunsa,22-Jun-24,12:00 Hrs,446.7,186537,429.1,158237,2.5,3.75,5,6.5,Normal
INDUS,Guddu,22-Jun-24,12:00 Hrs,258.4,139142,248.6,102236,2,3.5,5,7,Normal
INDUS,Sukkar,22-Jun-24,12:00 Hrs,192.1,95550,191.9,70050,2,3.5,5,7,Normal
INDUS,Kotri,22-Jun-24,12:00 Hrs,69.9,46365,42.2,4030,2.5,4,5,6.5,Normal
JHELUM,Kotli,22-Jun-24,12:00 Hrs,-,-,7.4,2400,-,-,-,-,-
JHELUM,Rasul,22-Jun-24,12:00 Hrs,718.8,18052,691.5,-,0.75,1.1,1.5,2.25,Normal
CHENAB,Marala,22-Jun-24,12:00 Hrs,812,38338,794.7,7738,1,1.5,2,4,Normal
CHENAB,Khanki,22-Jun-24,12:00 Hrs,733,15578,719.6,7564,1,1.5,2,4,Normal
CHENAB,Qadirabad,22-Jun-24,12:00 Hrs,700,29645,685.1,10120,1,1.5,2,4,Normal
CHENAB,Trimmu,22-Jun-24,12:00 Hrs,490.5,40192,482.8,22942,1.5,2,3,4.5,Normal
CHENAB,Punjnad,22-Jun-24,12:00 Hrs,338,22975,326.9,9175,1.5,2,3,4.5,Normal
RAVI,Jassar,22-Jun-24,12:00 Hrs,-,-,775.4,1566,0.5,0.75,1,1.5,Normal
RAVI,Shahdara,22-Jun-24,12:00 Hrs,-,-,673.1,14129,0.4,0.65,0.9,1.35,Normal
RAVI,Balloki,22-Jun-24,12:00 Hrs,633.5,30000,618.5,4700,0.4,0.65,0.9,1.35,Normal
RAVI,Sidhnai,22-Jun-24,12:00 Hrs,467,15600,451.5,-,0.3,0.45,0.6,0.9,Normal
SUTLEJ,Bhakara**,22-Jun-24,12:00 Hrs,,-,-,-,-,-,-,-,-
SUTLEJ,Sulemanki,22-Jun-24,12:00 Hrs,569,16249,559,3893,0.5,0.8,1.2,1.75,Normal
SUTLEJ,Islam,22-Jun-24,12:00 Hrs,455,3427,437.9,1777,0.5,0.8,1.2,1.75,Normal
INDUS,khairabad,22-Jun-24,18:00 Hrs,-,-,8.7,114400,2.25,3.75,5,6.5,Normal
INDUS,Kalabagh,22-Jun-24,18:00 Hrs,693,162833,679.1,155567,2.5,3.75,5,6.5,Normal
INDUS,Chashma,22-Jun-24,18:00 Hrs,649,202582,613.3,188482,2.5,3.75,5,6.5,Normal
INDUS,Taunsa,22-Jun-24,18:00 Hrs,446.7,193787,429.2,165187,2.5,3.75,5,6.5,Normal
INDUS,Guddu,22-Jun-24,18:00 Hrs,258.5,144566,249,108954,2,3.5,5,7,Normal
INDUS,Sukkar,22-Jun-24,18:00 Hrs,192.1,95550,191.9,70050,2,3.5,5,7,Normal
INDUS,Kotri,22-Jun-24,18:00 Hrs,69.9,46365,42.2,4030,2.5,4,5,6.5,Normal
JHELUM,Kotli,22-Jun-24,18:00 Hrs,-,-,7.3,2210,-,-,-,-,-
JHELUM,Rasul,22-Jun-24,18:00 Hrs,717.9,15770,691.5,-,0.75,1.1,1.5,2.25,Normal
CHENAB,Marala,22-Jun-24,18:00 Hrs,812,47465,795.8,16865,1,1.5,2,4,Normal
CHENAB,Khanki,22-Jun-24,18:00 Hrs,733,19335,720.6,11196,1,1.5,2,4,Normal
CHENAB,Qadirabad,22-Jun-24,18:00 Hrs,700,24430,684.5,4905,1,1.5,2,4,Normal
CHENAB,Trimmu,22-Jun-24,18:00 Hrs,490.5,41634,483,24384,1.5,2,3,4.5,Normal
CHENAB,Punjnad,22-Jun-24,18:00 Hrs,338,20399,325.3,6599,1.5,2,3,4.5,Normal
RAVI,Jassar,22-Jun-24,18:00 Hrs,-,-,775.4,1566,0.5,0.75,1,1.5,Normal
RAVI,Shahdara,22-Jun-24,18:00 Hrs,-,-,673.1,14129,0.4,0.65,0.9,1.35,Normal
RAVI,Balloki,22-Jun-24,18:00 Hrs,633.5,31470,618.7,6170,0.4,0.65,0.9,1.35,Normal
RAVI,Sidhnai,22-Jun-24,18:00 Hrs,467,15800,451.5,-,0.3,0.45,0.6,0.9,Normal
SUTLEJ,Bhakara**,22-Jun-24,18:00 Hrs,,-,-,-,-,-,-,-,-
SUTLEJ,Sulemanki,22-Jun-24,18:00 Hrs,569,15198,558.5,2844,0.5,0.8,1.2,1.75,Normal
SUTLEJ,Islam,22-Jun-24,18:00 Hrs,455,3827,437.9,1777,0.5,0.8,1.2,1.75,Normal
INDUS,khairabad,22-Jun-24,23:59 Hrs,-,-,7,98600,2.25,3.75,5,6.5,Normal
INDUS,Kalabagh,22-Jun-24,23:59 Hrs,693,162902,679.1,155567,2.5,3.75,5,6.5,Normal
INDUS,Chashma,22-Jun-24,23:59 Hrs,649,180427,613.3,163777,2.5,3.75,5,6.5,Normal
INDUS,Taunsa,22-Jun-24,23:59 Hrs,446.7,193787,429.2,165187,2.5,3.75,5,6.5,Normal
INDUS,Guddu,22-Jun-24,23:59 Hrs,258.5,144566,249,108954,2,3.5,5,7,Normal
INDUS,Sukkar,22-Jun-24,23:59 Hrs,192.1,95550,191.9,70050,2,3.5,5,7,Normal
INDUS,Kotri,22-Jun-24,23:59 Hrs,69.9,46365,42.2,4030,2.5,4,5,6.5,Normal
JHELUM,Kotli,22-Jun-24,23:59 Hrs,-,-,7.3,2210,-,-,-,-,-
JHELUM,Rasul,22-Jun-24,23:59 Hrs,717.6,14509,691.5,Nil,0.75,1.1,1.5,2.25,Normal
CHENAB,Marala,22-Jun-24,23:59 Hrs,812,42112,795.2,11512,1,1.5,2,4,Normal
CHENAB,Khanki,22-Jun-24,23:59 Hrs,733,17367,720.2,9330,1,1.5,2,4,Normal
CHENAB,Qadirabad,22-Jun-24,23:59 Hrs,700,21816,684,2291,1,1.5,2,4,Normal
CHENAB,Trimmu,22-Jun-24,23:59 Hrs,490.5,40192,482.8,22942,1.5,2,3,4.5,Normal
CHENAB,Punjnad,22-Jun-24,23:59 Hrs,338,20399,325.3,6599,1.5,2,3,4.5,Normal
RAVI,Jassar,22-Jun-24,23:59 Hrs,-,-,775.4,1566,0.5,0.75,1,1.5,Normal
RAVI,Shahdara,22-Jun-24,23:59 Hrs,-,-,673.1,14129,0.4,0.65,0.9,1.35,Normal
RAVI,Balloki,22-Jun-24,23:59 Hrs,633.5,30670,618.7,6170,0.4,0.65,0.9,1.35,Normal
RAVI,Sidhnai,22-Jun-24,23:59 Hrs,467,15650,451.5,Nil,0.3,0.45,0.6,0.9,Normal
SUTLEJ,Bhakara**,22-Jun-24,23:59 Hrs,-,-,NR,NR,-,-,-,-,-
SUTLEJ,Sulemanki,22-Jun-24,23:59 Hrs,569,15198,558.5,2844,0.5,0.8,1.2,1.75,Normal
SUTLEJ,Islam,22-Jun-24,23:59 Hrs,455,3877,437.9,1777,0.5,0.8,1.2,1.75,Normal
INDUS,khairabad,23-Jun-24,06:00 Hrs,-,-,10.5,131900,2.25,3.75,5,6.5,Normal
INDUS,Kalabagh,23-Jun-24,06:00 Hrs,693,161707,679.1,154091,2.5,3.75,5,6.5,Normal
INDUS,Chashma,23-Jun-24,06:00 Hrs,649,183206,613.3,164236,2.5,3.75,5,6.5,Normal
INDUS,Taunsa,23-Jun-24,06:00 Hrs,446.7,179307,429,150707,2.5,3.75,5,6.5,Normal
INDUS,Guddu,23-Jun-24,06:00 Hrs,258.5,155773,249.2,120314,2,3.5,5,7,Normal
INDUS,Sukkar,23-Jun-24,06:00 Hrs,192.1,95050,191.9,70050,2,3.5,5,7,Normal
INDUS,Kotri,23-Jun-24,06:00 Hrs,69.7,46820,42.3,4945,2.5,4,5,6.5,Normal
JHELUM,Kotli,23-Jun-24,06:00 Hrs,-,-,7.4,2400,-,-,-,-,-
JHELUM,Rasul,23-Jun-24,06:00 Hrs,719,14509,691.5,Nil,0.75,1.1,1.5,2.25,Normal
CHENAB,Marala,23-Jun-24,06:00 Hrs,812,38338,794.7,7738,1,1.5,2,4,Normal
CHENAB,Khanki,23-Jun-24,06:00 Hrs,733,15501,719.6,7464,1,1.5,2,4,Normal
CHENAB,Qadirabad,23-Jun-24,06:00 Hrs,700,21816,684,2291,1,1.5,2,4,Normal
CHENAB,Trimmu,23-Jun-24,06:00 Hrs,490.5,40673,483,23513,1.5,2,3,4.5,Normal
CHENAB,Punjnad,23-Jun-24,06:00 Hrs,338,20399,325.3,6599,1.5,2,3,4.5,Normal
RAVI,Jassar,23-Jun-24,06:00 Hrs,-,-,775.4,1566,0.5,0.75,1,1.5,Normal
RAVI,Shahdara,23-Jun-24,06:00 Hrs,-,-,673,13721,0.4,0.65,0.9,1.35,Normal
RAVI,Balloki,23-Jun-24,06:00 Hrs,633.5,31670,618.7,6170,0.4,0.65,0.9,1.35,Normal
RAVI,Sidhnai,23-Jun-24,06:00 Hrs,467,15300,451.5,Nil,0.3,0.45,0.6,0.9,Normal
SUTLEJ,Bhakara**,23-Jun-24,06:00 Hrs,-,-,NR,NR,-,-,-,-,-
SUTLEJ,Sulemanki,23-Jun-24,06:00 Hrs,569,15248,558.5,2844,0.5,0.8,1.2,1.75,Normal
SUTLEJ,Islam,23-Jun-24,06:00 Hrs,455,3877,437.9,1777,0.5,0.8,1.2,1.75,Normal
INDUS,khairabad,23-Jun-24,12:00 Hrs,-,-,5.6,86200,2.25,3.75,5,6.5,Normal
INDUS,Kalabagh,23-Jun-24,12:00 Hrs,693,147387,678.9,139771,2.5,3.75,5,6.5,Normal
INDUS,Chashma,23-Jun-24,12:00 Hrs,649,169526,612.6,147856,2.5,3.75,5,6.5,Normal
INDUS,Taunsa,23-Jun-24,12:00 Hrs,446.7,179307,429,150707,2.5,3.75,5,6.5,Normal
INDUS,Guddu,23-Jun-24,12:00 Hrs,258.5,155773,249.2,120314,2,3.5,5,7,Normal
INDUS,Sukkar,23-Jun-24,12:00 Hrs,192.1,95050,191.9,70050,2,3.5,5,7,Normal
INDUS,Kotri,23-Jun-24,12:00 Hrs,69.7,46820,42.3,4945,2.5,4,5,6.5,Normal
JHELUM,Kotli,23-Jun-24,12:00 Hrs,-,-,7.5,2600,-,-,-,-,-
JHELUM,Rasul,23-Jun-24,12:00 Hrs,719,16256,691.5,Nil,0.75,1.1,1.5,2.25,Normal
CHENAB,Marala,23-Jun-24,12:00 Hrs,812.1,38338,794.7,7738,1,1.5,2,4,Normal
CHENAB,Khanki,23-Jun-24,12:00 Hrs,733,17367,720.2,9330,1,1.5,2,4,Normal
CHENAB,Qadirabad,23-Jun-24,12:00 Hrs,700,20744,683.3,1219,1,1.5,2,4,Normal
CHENAB,Trimmu,23-Jun-24,12:00 Hrs,490.5,40763,483,23513,1.5,2,3,4.5,Normal
CHENAB,Punjnad,23-Jun-24,12:00 Hrs,338,17900,325.2,4100,1.5,2,3,4.5,Normal
RAVI,Jassar,23-Jun-24,12:00 Hrs,-,-,775.4,1566,0.5,0.75,1,1.5,Normal
RAVI,Shahdara,23-Jun-24,12:00 Hrs,-,-,673,13721,0.4,0.65,0.9,1.35,Normal
RAVI,Balloki,23-Jun-24,12:00 Hrs,633.5,31670,618.7,6170,0.4,0.65,0.9,1.35,Normal
RAVI,Sidhnai,23-Jun-24,12:00 Hrs,467,15300,451.5,Nil,0.3,0.45,0.6,0.9,Normal
SUTLEJ,Bhakara**,23-Jun-24,12:00 Hrs,-,-,,,-,-,-,-,-
SUTLEJ,Sulemanki,23-Jun-24,12:00 Hrs,569,15248,558.5,2844,0.5,0.8,1.2,1.75,Normal
SUTLEJ,Islam,23-Jun-24,12:00 Hrs,455,3877,437.9,1777,0.5,0.8,1.2,1.75,Normal
INDUS,khairabad,23-Jun-24,18:00 Hrs,-,-,4.8,79400,2.25,3.75,5,6.5,Normal
INDUS,Kalabagh,23-Jun-24,18:00 Hrs,693,120802,678.4,113186,2.5,3.75,5,6.5,Normal
INDUS,Chashma,23-Jun-24,18:00 Hrs,649,164086,611.9,140291,2.5,3.75,5,6.5,Normal
INDUS,Taunsa,23-Jun-24,18:00 Hrs,446.7,161446,428.8,132846,2.5,3.75,5,6.5,Normal
INDUS,Guddu,23-Jun-24,18:00 Hrs,258.5,159483,249.4,124024,2,3.5,5,7,Normal
INDUS,Sukkar,23-Jun-24,18:00 Hrs,192.1,95050,191.9,70050,2,3.5,5,7,Normal
INDUS,Kotri,23-Jun-24,18:00 Hrs,69.7,46820,42.3,4945,2.5,4,5,6.5,Normal
JHELUM,Kotli,23-Jun-24,18:00 Hrs,-,-,7.4,2400,-,-,-,-,-
JHELUM,Rasul,23-Jun-24,18:00 Hrs,719.2,22676,694,5341,0.75,1.1,1.5,2.25,Normal
CHENAB,Marala,23-Jun-24,18:00 Hrs,812,42112,795.2,11512,1,1.5,2,4,Normal
CHENAB,Khanki,23-Jun-24,18:00 Hrs,733,11884,718.1,3720,1,1.5,2,4,Normal
CHENAB,Qadirabad,23-Jun-24,18:00 Hrs,700,21816,684,2291,1,1.5,2,4,Normal
CHENAB,Trimmu,23-Jun-24,18:00 Hrs,490.5,39453,482.7,22203,1.5,2,3,4.5,Normal
CHENAB,Punjnad,23-Jun-24,18:00 Hrs,338,17900,325.2,4100,1.5,2,3,4.5,Normal
RAVI,Jassar,23-Jun-24,18:00 Hrs,-,-,775.4,1566,0.5,0.75,1,1.5,Normal
RAVI,Shahdara,23-Jun-24,18:00 Hrs,-,-,673,13721,0.4,0.65,0.9,1.35,Normal
RAVI,Balloki,23-Jun-24,18:00 Hrs,633.5,31670,618.7,6170,0.4,0.65,0.9,1.35,Normal
RAVI,Sidhnai,23-Jun-24,18:00 Hrs,467,15000,611.3,-,0.3,0.45,0.6,0.9,Normal
SUTLEJ,Bhakara**,23-Jun-24,18:00 Hrs,,-,-,-,-,-,-,-,-
SUTLEJ,Sulemanki,23-Jun-24,18:00 Hrs,569,16258,558.7,3502,0.5,0.8,1.2,1.75,Normal
SUTLEJ,Islam,23-Jun-24,18:00 Hrs,455,3577,436.9,1277,0.5,0.8,1.2,1.75,Normal
INDUS,khairabad,23-Jun-24,23:59 Hrs,-,-,4,72700,2.25,3.75,5,6.5,Normal
INDUS,Kalabagh,23-Jun-24,23:59 Hrs,693,107817,678.2,100201,2.5,3.75,5,6.5,Normal
INDUS,Chashma,23-Jun-24,23:59 Hrs,649,162956,611.8,139161,2.5,3.75,5,6.5,Normal
INDUS,Taunsa,23-Jun-24,23:59 Hrs,446.7,161446,428.8,132846,2.5,3.75,5,6.5,Normal
INDUS,Guddu,23-Jun-24,23:59 Hrs,258.5,159483,249.4,124024,2,3.5,5,7,Normal
INDUS,Sukkar,23-Jun-24,23:59 Hrs,192.1,95050,191.9,70050,2,3.5,5,7,Normal
INDUS,Kotri,23-Jun-24,23:59 Hrs,69.7,46820,42.3,4945,2.5,4,5,6.5,Normal
JHELUM,Kotli,23-Jun-24,23:59 Hrs,-,-,7.5,2600,-,-,-,-,-
JHELUM,Rasul,23-Jun-24,23:59 Hrs,719,26178,694.8,7990,0.75,1.1,1.5,2.25,Normal
CHENAB,Marala,23-Jun-24,23:59 Hrs,812,36546,794.4,5946,1,1.5,2,4,Normal
CHENAB,Khanki,23-Jun-24,23:59 Hrs,733,11884,718.1,3732,1,1.5,2,4,Normal
CHENAB,Qadirabad,23-Jun-24,23:59 Hrs,700,21816,684,2291,1,1.5,2,4,Normal
CHENAB,Trimmu,23-Jun-24,23:59 Hrs,490.5,38216,482.3,20944,1.5,2,3,4.5,Normal
CHENAB,Punjnad,23-Jun-24,23:59 Hrs,338,17900,325.2,4100,1.5,2,3,4.5,Normal
RAVI,Jassar,23-Jun-24,23:59 Hrs,-,-,775.4,1566,0.5,0.75,1,1.5,Normal
RAVI,Shahdara,23-Jun-24,23:59 Hrs,-,-,673,13721,0.4,0.65,0.9,1.35,Normal
RAVI,Balloki,23-Jun-24,23:59 Hrs,633.5,31670,618.7,6170,0.4,0.65,0.9,1.35,Normal
RAVI,Sidhnai,23-Jun-24,23:59 Hrs,467,15000,451.5,Nil,0.3,0.45,0.6,0.9,Normal
SUTLEJ,Bhakara**,23-Jun-24,23:59 Hrs,-,-,NR,NR,-,-,-,-,-
SUTLEJ,Sulemanki,23-Jun-24,23:59 Hrs,569,16258,558.7,3502,0.5,0.8,1.2,1.75,Normal
SUTLEJ,Islam,23-Jun-24,23:59 Hrs,455,3577,436.9,1277,0.5,0.8,1.2,1.75,Normal
INDUS,khairabad,24-Jun-24,06:00 Hrs,-,-,6,89700,2.25,3.75,5,6.5,Normal
INDUS,Kalabagh,24-Jun-24,06:00 Hrs,693,133952,678,126336,2.5,3.75,5,6.5,Normal
INDUS,Chashma,24-Jun-24,06:00 Hrs,649,149497,611.6,125702,2.5,3.75,5,6.5,Normal
INDUS,Taunsa,24-Jun-24,06:00 Hrs,446.7,139603,428.5,111003,2.5,3.75,5,6.5,Normal
INDUS,Guddu,24-Jun-24,06:00 Hrs,258.5,162927,249.5,127079,2,3.5,5,7,Normal
INDUS,Sukkar,24-Jun-24,06:00 Hrs,192.6,112905,192.4,86550,2,3.5,5,7,Normal
INDUS,Kotri,24-Jun-24,06:00 Hrs,69.7,53672,43.5,11257,2.5,4,5,6.5,Normal
JHELUM,Kotli,24-Jun-24,06:00 Hrs,-,-,7.6,2800,-,-,-,-,-
JHELUM,Rasul,24-Jun-24,06:00 Hrs,719,34161,697,15800,0.75,1.1,1.5,2.25,Normal
CHENAB,Marala,24-Jun-24,06:00 Hrs,812,35600,794,5000,1,1.5,2,4,Normal
CHENAB,Khanki,24-Jun-24,06:00 Hrs,733,10018,717,1866,1,1.5,2,4,Normal
CHENAB,Qadirabad,24-Jun-24,06:00 Hrs,700,21816,684,2291,1,1.5,2,4,Normal
CHENAB,Trimmu,24-Jun-24,06:00 Hrs,490.5,38244,482.3,20944,1.5,2,3,4.5,Normal
CHENAB,Punjnad,24-Jun-24,06:00 Hrs,338,20399,325.3,6599,1.5,2,3,4.5,Normal
RAVI,Jassar,24-Jun-24,06:00 Hrs,-,-,775.4,1566,0.5,0.75,1,1.5,Normal
RAVI,Shahdara,24-Jun-24,06:00 Hrs,-,-,672.9,13306,0.4,0.65,0.9,1.35,Normal
RAVI,Balloki,24-Jun-24,06:00 Hrs,633.5,30790,618.5,5290,0.4,0.65,0.9,1.35,Normal
RAVI,Sidhnai,24-Jun-24,06:00 Hrs,467,15200,451.5,Nil,0.3,0.45,0.6,0.9,Normal
SUTLEJ,Bhakara**,24-Jun-24,06:00 Hrs,-,-,-,-,-,-,-,-,-
SUTLEJ,Sulemanki,24-Jun-24,06:00 Hrs,569,16258,558.7,3502,0.5,0.8,1.2,1.75,Normal
SUTLEJ,Islam,24-Jun-24,06:00 Hrs,455,3577,436.9,1277,0.5,0.8,1.2,1.75,Normal
INDUS,khairabad,24-Jun-24,12:00 Hrs,-,-,8.8,115400,2.25,3.75,5,6.5,Normal
INDUS,Kalabagh,24-Jun-24,12:00 Hrs,693,123607,678.4,115991,2.5,3.75,5,6.5,Normal
INDUS,Chashma,24-Jun-24,12:00 Hrs,648,151272,611,130025,2.5,3.75,5,6.5,Normal
INDUS,Taunsa,24-Jun-24,12:00 Hrs,446.7,145759,428.6,117159,2.5,3.75,5,6.5,Normal
INDUS,Guddu,24-Jun-24,12:00 Hrs,258.5,161583,249.45,125182,2,3.5,5,7,Normal
INDUS,Sukkar,24-Jun-24,12:00 Hrs,192.6,112905,192.4,86550,2,3.5,5,7,Normal
INDUS,Kotri,24-Jun-24,12:00 Hrs,69.7,56907,44.2,14492,2.5,4,5,6.5,Normal
JHELUM,Kotli,24-Jun-24,12:00 Hrs,-,-,7.5,2600,-,-,-,-,-
JHELUM,Rasul,24-Jun-24,12:00 Hrs,719,30430,696,11895,0.75,1.1,1.5,2.25,Normal
CHENAB,Marala,24-Jun-24,12:00 Hrs,812.1,42112,795.2,11512,1,1.5,2,4,Normal
CHENAB,Khanki,24-Jun-24,12:00 Hrs,733,11884,718.1,3732,1,1.5,2,4,Normal
CHENAB,Qadirabad,24-Jun-24,12:00 Hrs,700,18532,683,-,1,1.5,2,4,Normal
CHENAB,Trimmu,24-Jun-24,12:00 Hrs,490.5,37455,482.2,20155,1.5,2,3,4.5,Normal
CHENAB,Punjnad,24-Jun-24,12:00 Hrs,338,20986,326.5,7186,1.5,2,3,4.5,Normal
RAVI,Jassar,24-Jun-24,12:00 Hrs,-,-,775.2,1378,0.5,0.75,1,1.5,Normal
RAVI,Shahdara,24-Jun-24,12:00 Hrs,-,-,672.9,1306,0.4,0.65,0.9,1.35,Normal
RAVI,Balloki,24-Jun-24,12:00 Hrs,633.5,30790,618.5,5290,0.4,0.65,0.9,1.35,Normal
RAVI,Sidhnai,24-Jun-24,12:00 Hrs,467,15550,451.5,-,0.3,0.45,0.6,0.9,Normal
SUTLEJ,Bhakara**,24-Jun-24,12:00 Hrs,,-,-,-,-,-,-,-,-
SUTLEJ,Sulemanki,24-Jun-24,12:00 Hrs,569,16258,558.7,3502,0.5,0.8,1.2,1.75,Normal
SUTLEJ,Islam,24-Jun-24,12:00 Hrs,455,3577,436.9,1277,0.5,0.8,1.2,1.75,Normal
INDUS,khairabad,24-Jun-24,18:00 Hrs,-,-,4.8,79400,2.25,3.75,5,6.5,Normal
INDUS,Kalabagh,24-Jun-24,18:00 Hrs,693,140206,678.8,132590,2.5,3.75,5,6.5,Normal
INDUS,Chashma,24-Jun-24,18:00 Hrs,647.4,151617,611,129891,2.5,3.75,5,6.5,Normal
INDUS,Taunsa,24-Jun-24,18:00 Hrs,440.7,162421,428.7,133621,2.5,3.75,5,6.5,Normal
INDUS,Guddu,24-Jun-24,18:00 Hrs,258.5,156779,249.1,118859,2,3.5,5,7,Normal
INDUS,Sukkar,24-Jun-24,18:00 Hrs,192.6,112905,192.4,86550,2,3.5,5,7,Normal
INDUS,Kotri,24-Jun-24,18:00 Hrs,69.7,60040,44.9,17625,2.5,4,5,6.5,Normal
JHELUM,Kotli,24-Jun-24,18:00 Hrs,-,-,7.4,2400,-,-,-,-,-
JHELUM,Rasul,24-Jun-24,18:00 Hrs,719,24402,694,5341,0.75,1.1,1.5,2.25,Normal
CHENAB,Marala,24-Jun-24,18:00 Hrs,812,42137,795.2,11512,1,1.5,2,4,Normal
CHENAB,Khanki,24-Jun-24,18:00 Hrs,733,10055,717,1866,1,1.5,2,4,Normal
CHENAB,Qadirabad,24-Jun-24,18:00 Hrs,700,18532,683,Nil,1,1.5,2,4,Normal
CHENAB,Trimmu,24-Jun-24,18:00 Hrs,490.5,37455,482.2,20155,1.5,2,3,4.5,Normal
CHENAB,Punjnad,24-Jun-24,18:00 Hrs,338,22862,327.4,9062,1.5,2,3,4.5,Normal
RAVI,Jassar,24-Jun-24,18:00 Hrs,-,-,775.2,1378,0.5,0.75,1,1.5,Normal
RAVI,Shahdara,24-Jun-24,18:00 Hrs,-,-,672.9,13306,0.4,0.65,0.9,1.35,Normal
RAVI,Balloki,24-Jun-24,18:00 Hrs,633.5,31790,618.5,5290,0.4,0.65,0.9,1.35,Normal
RAVI,Sidhnai,24-Jun-24,18:00 Hrs,467,15550,451.5,Nil,0.3,0.45,0.6,0.9,Normal
SUTLEJ,Bhakara**,24-Jun-24,18:00 Hrs,,-,-,-,-,-,-,-,-
SUTLEJ,Sulemanki,24-Jun-24,18:00 Hrs,569,16001,558.5,2844,0.5,0.8,1.2,1.75,Normal
SUTLEJ,Islam,24-Jun-24,18:00 Hrs,455,3727,436.9,1277,0.5,0.8,1.2,1.75,Normal
INDUS,khairabad,24-Jun-24,23:59 Hrs,-,-,4.8,79400,2.25,3.75,5,6.5,Normal
INDUS,Kalabagh,24-Jun-24,23:59 Hrs,693,140206,678.8,132590,2.5,3.75,5,6.5,Normal
INDUS,Chashma,24-Jun-24,23:59 Hrs,647.4,151617,611,129891,2.5,3.75,5,6.5,Normal
INDUS,Taunsa,24-Jun-24,23:59 Hrs,446.7,162421,428.7,133621,2.5,3.75,5,6.5,Normal
INDUS,Guddu,24-Jun-24,23:59 Hrs,258.5,156779,249.1,118859,2,3.5,5,7,Normal
INDUS,Sukkar,24-Jun-24,23:59 Hrs,192.6,112905,192.4,86550,2,3.5,5,7,Normal
INDUS,Kotri,24-Jun-24,23:59 Hrs,69.7,60040,44.9,17625,2.5,4,5,6.5,Normal
JHELUM,Kotli,24-Jun-24,23:59 Hrs,-,-,7.4,2400,-,-,-,-,-
JHELUM,Rasul,24-Jun-24,23:59 Hrs,719,24402,694,5341,0.75,1.1,1.5,2.25,Normal
CHENAB,Marala,24-Jun-24,23:59 Hrs,812,42137,795.2,11512,1,1.5,2,4,Normal
CHENAB,Khanki,24-Jun-24,23:59 Hrs,733,10055,717,1866,1,1.5,2,4,Normal
CHENAB,Qadirabad,24-Jun-24,23:59 Hrs,700,18532,683,Nil,1,1.5,2,4,Normal
CHENAB,Trimmu,24-Jun-24,23:59 Hrs,490.5,37455,482.2,20155,1.5,2,3,4.5,Normal
CHENAB,Punjnad,24-Jun-24,23:59 Hrs,338,22862,327.4,9062,1.5,2,3,4.5,Normal
RAVI,Jassar,24-Jun-24,23:59 Hrs,-,-,775.2,1378,0.5,0.75,1,1.5,Normal
RAVI,Shahdara,24-Jun-24,23:59 Hrs,-,-,672.9,13306,0.4,0.65,0.9,1.35,Normal
RAVI,Balloki,24-Jun-24,23:59 Hrs,633.5,31790,618.5,5290,0.4,0.65,0.9,1.35,Normal
RAVI,Sidhnai,24-Jun-24,23:59 Hrs,467,15550,451.5,Nil,0.3,0.45,0.6,0.9,Normal
SUTLEJ,Bhakara**,24-Jun-24,23:59 Hrs,,-,-,-,-,-,-,-,-
SUTLEJ,Sulemanki,24-Jun-24,23:59 Hrs,569,16001,558.5,2844,0.5,0.8,1.2,1.75,Normal
SUTLEJ,Islam,24-Jun-24,23:59 Hrs,455,3727,436.9,1277,0.5,0.8,1.2,1.75,Normal
INDUS,khairabad,25-Jun-24,06:00 Hrs,-,-,7.2,100400,2.25,3.75,5,6.5,Normal
INDUS,Kalabagh,25-Jun-24,06:00 Hrs,693,121889,678.4,114273,2.5,3.75,5,6.5,Normal
INDUS,Chashma,25-Jun-24,06:00 Hrs,647.2,153730,611,129935,2.5,3.75,5,6.5,Normal
INDUS,Taunsa,25-Jun-24,06:00 Hrs,446.7,162421,428.7,133621,2.5,3.75,5,6.5,Normal
INDUS,Guddu,25-Jun-24,06:00 Hrs,258.4,153435,249.5,114940,2,3.5,5,7,Normal
INDUS,Sukkar,25-Jun-24,06:00 Hrs,192.7,115225,192.5,88700,2,3.5,5,7,Normal
INDUS,Kotri,25-Jun-24,06:00 Hrs,69.7,66660,46.2,24185,2.5,4,5,6.5,Normal
JHELUM,Kotli,25-Jun-24,06:00 Hrs,-,-,7.5,2600,-,-,-,-,-
JHELUM,Rasul,25-Jun-24,06:00 Hrs,719,27673,694.8,7990,0.75,1.1,1.5,2.25,Normal
CHENAB,Marala,25-Jun-24,06:00 Hrs,812,42137,795.2,11512,1,1.5,2,4,Normal
CHENAB,Khanki,25-Jun-24,06:00 Hrs,733,8189,716,Nil,1,1.5,2,4,Normal
CHENAB,Qadirabad,25-Jun-24,06:00 Hrs,700,18532,683,Nil,1,1.5,2,4,Normal
CHENAB,Trimmu,25-Jun-24,06:00 Hrs,490.5,37455,482.2,20155,1.5,2,3,4.5,Normal
CHENAB,Punjnad,25-Jun-24,06:00 Hrs,338,22862,327.4,9062,1.5,2,3,4.5,Normal
RAVI,Jassar,25-Jun-24,06:00 Hrs,-,-,775.2,1378,0.5,0.75,1,1.5,Normal
RAVI,Shahdara,25-Jun-24,06:00 Hrs,-,-,672.6,12063,0.4,0.65,0.9,1.35,Normal
RAVI,Balloki,25-Jun-24,06:00 Hrs,633.5,30915,618.3,4415,0.4,0.65,0.9,1.35,Normal
RAVI,Sidhnai,25-Jun-24,06:00 Hrs,467,16000,451.5,Nil,0.3,0.45,0.6,0.9,Normal
SUTLEJ,Bhakara**,25-Jun-24,06:00 Hrs,,-,-,-,-,-,-,-,-
SUTLEJ,Sulemanki,25-Jun-24,06:00 Hrs,569,16098,558.5,2844,0.5,0.8,1.2,1.75,Normal
SUTLEJ,Islam,25-Jun-24,06:00 Hrs,455,3727,436.9,1277,0.5,0.8,1.2,1.75,Normal
INDUS,khairabad,25-Jun-24,12:00 Hrs,-,-,8,107800,2.25,3.75,5,6.5,Normal
INDUS,Kalabagh,25-Jun-24,12:00 Hrs,693,134920,678.8,127304,2.5,3.75,5,6.5,Normal
INDUS,Chashma,25-Jun-24,12:00 Hrs,647.1,153766,611,129971,2.5,3.75,5,6.5,Normal
INDUS,Taunsa,25-Jun-24,12:00 Hrs,446.7,162421,428.7,133621,2.5,3.75,5,6.5,Normal
INDUS,Guddu,25-Jun-24,12:00 Hrs,258.2,146163,248.8,106624,2,3.5,5,7,Normal
INDUS,Sukkar,25-Jun-24,12:00 Hrs,192.7,115225,192.5,88700,2,3.5,5,7,Normal
INDUS,Kotri,25-Jun-24,12:00 Hrs,69.7,70020,47,27555,2.5,4,5,6.5,Normal
JHELUM,Kotli,25-Jun-24,12:00 Hrs,-,-,7.4,2400,-,-,-,-,-
JHELUM,Rasul,25-Jun-24,12:00 Hrs,719,25024,694,5341,0.75,1.1,1.5,2.25,Normal
CHENAB,Marala,25-Jun-24,12:00 Hrs,812,38386,794.7,7738,1,1.5,2,4,Normal
CHENAB,Khanki,25-Jun-24,12:00 Hrs,733,17530,720.2,9330,1,1.5,2,4,Normal
CHENAB,Qadirabad,25-Jun-24,12:00 Hrs,700,18532,683,-,1,1.5,2,4,Normal
CHENAB,Trimmu,25-Jun-24,12:00 Hrs,490.5,37455,482.2,20155,1.5,2,3,4.5,Normal
CHENAB,Punjnad,25-Jun-24,12:00 Hrs,338,22862,327.4,9062,1.5,2,3,4.5,Normal
RAVI,Jassar,25-Jun-24,12:00 Hrs,-,-,775.2,1378,0.5,0.75,1,1.5,Normal
RAVI,Shahdara,25-Jun-24,12:00 Hrs,-,-,672.6,12063,0.4,0.65,0.9,1.35,Normal
RAVI,Balloki,25-Jun-24,12:00 Hrs,633.5,30915,618.3,4415,0.4,0.65,0.9,1.35,Normal
RAVI,Sidhnai,25-Jun-24,12:00 Hrs,467,16000,451.5,-,0.3,0.45,0.6,0.9,Normal
SUTLEJ,Bhakara**,25-Jun-24,12:00 Hrs,,-,-,-,-,-,-,-,-
SUTLEJ,Sulemanki,25-Jun-24,12:00 Hrs,569,16098,558.5,2844,0.5,0.8,1.2,1.75,Normal
SUTLEJ,Islam,25-Jun-24,12:00 Hrs,455,3249,435.3,799,0.5,0.8,1.2,1.75,Normal
INDUS,khairabad,25-Jun-24,18:00 Hrs,-,-,5.2,82800,2.25,3.75,5,6.5,Normal
INDUS,Kalabagh,25-Jun-24,18:00 Hrs,693,134920,678.8,127304,2.5,3.75,5,6.5,Normal
INDUS,Chashma,25-Jun-24,18:00 Hrs,646.6,170171,611.2,148040,2.5,3.75,5,6.5,Normal
INDUS,Taunsa,25-Jun-24,18:00 Hrs,446.7,149829,428.6,121029,2.5,3.75,5,6.5,Normal
INDUS,Guddu,25-Jun-24,18:00 Hrs,258,139883,248.55,100133,2,3.5,5,7,Normal
INDUS,Sukkar,25-Jun-24,18:00 Hrs,192.7,115225,192.5,88700,2,3.5,5,7,Normal
INDUS,Kotri,25-Jun-24,18:00 Hrs,69.7,70020,47,27555,2.5,4,5,6.5,Normal
JHELUM,Kotli,25-Jun-24,18:00 Hrs,-,-,7.3,2210,-,-,-,-,-
JHELUM,Rasul,25-Jun-24,18:00 Hrs,719,25024,694,5341,0.75,1.1,1.5,2.25,Normal
CHENAB,Marala,25-Jun-24,18:00 Hrs,812,42185,694,5341,1,1.5,2,4,Normal
CHENAB,Khanki,25-Jun-24,18:00 Hrs,733,15664,716.6,7464,1,1.5,2,4,Normal
CHENAB,Qadirabad,25-Jun-24,18:00 Hrs,700,18891,683,Nil,1,1.5,2,4,Normal
CHENAB,Trimmu,25-Jun-24,18:00 Hrs,490.5,35455,482.2,20155,1.5,2,3,4.5,Normal
CHENAB,Punjnad,25-Jun-24,18:00 Hrs,338,22912,327.4,9062,1.5,2,3,4.5,Normal
RAVI,Jassar,25-Jun-24,18:00 Hrs,-,-,775.2,1378,0.5,0.75,1,1.5,Normal
RAVI,Shahdara,25-Jun-24,18:00 Hrs,-,-,672.6,12063,0.4,0.65,0.9,1.35,Normal
RAVI,Balloki,25-Jun-24,18:00 Hrs,633.5,30325,618.2,3825,0.4,0.65,0.9,1.35,Normal
RAVI,Sidhnai,25-Jun-24,18:00 Hrs,467,17322,452.6,1322,0.3,0.45,0.6,0.9,Normal
SUTLEJ,Bhakara**,25-Jun-24,18:00 Hrs,,-,-,-,-,-,-,-,-
SUTLEJ,Sulemanki,25-Jun-24,18:00 Hrs,569,16098,558.5,2844,0.5,0.8,1.2,1.75,Normal
SUTLEJ,Islam,25-Jun-24,18:00 Hrs,455,3249,435.3,799,0.5,0.8,1.2,1.75,Normal
INDUS,khairabad,25-Jun-24,23:59 Hrs,-,-,7.5,103200,2.25,3.75,5,6.5,Normal
INDUS,Kalabagh,25-Jun-24,23:59 Hrs,693,140779,678.8,133163,2.5,3.75,5,6.5,Normal
INDUS,Chashma,25-Jun-24,23:59 Hrs,645.6,189810,612.3,168845,2.5,3.75,5,6.5,Normal
INDUS,Taunsa,25-Jun-24,23:59 Hrs,446.7,149829,428.6,121029,2.5,3.75,5,6.5,Normal
INDUS,Guddu,25-Jun-24,23:59 Hrs,258,139883,248.55,100133,2,3.5,5,7,Normal
INDUS,Sukkar,25-Jun-24,23:59 Hrs,192.7,115225,192.5,88700,2,3.5,5,7,Normal
INDUS,Kotri,25-Jun-24,23:59 Hrs,69.7,70020,47,27555,2.5,4,5,6.5,Normal
JHELUM,Kotli,25-Jun-24,23:59 Hrs,-,-,7.3,2210,-,-,-,-,-
JHELUM,Rasul,25-Jun-24,23:59 Hrs,719,25024,694,5341,0.75,1.1,1.5,2.25,Normal
CHENAB,Marala,25-Jun-24,23:59 Hrs,812,49733,796.5,19060,1,1.5,2,4,Normal
CHENAB,Khanki,25-Jun-24,23:59 Hrs,733,15664,719.6,7464,1,1.5,2,4,Normal
CHENAB,Qadirabad,25-Jun-24,23:59 Hrs,700,24430,684.5,4905,1,1.5,2,4,Normal
CHENAB,Trimmu,25-Jun-24,23:59 Hrs,490.5,34915,482,17615,1.5,2,3,4.5,Normal
CHENAB,Punjnad,25-Jun-24,23:59 Hrs,338,22912,327.4,9062,1.5,2,3,4.5,Normal
RAVI,Jassar,25-Jun-24,23:59 Hrs,-,-,775.2,1378,0.5,0.75,1,1.5,Normal
RAVI,Shahdara,25-Jun-24,23:59 Hrs,-,-,672.6,12063,0.4,0.65,0.9,1.35,Normal
RAVI,Balloki,25-Jun-24,23:59 Hrs,633.5,30325,618.2,3825,0.4,0.65,0.9,1.35,Normal
RAVI,Sidhnai,25-Jun-24,23:59 Hrs,467,16000,451.5,-,0.3,0.45,0.6,0.9,Normal
SUTLEJ,Bhakara**,25-Jun-24,23:59 Hrs,-,-,-,-,-,-,-,-,-
SUTLEJ,Sulemanki,25-Jun-24,23:59 Hrs,569,16098,558.5,2844,0.5,0.8,1.2,1.75,Normal
SUTLEJ,Islam,25-Jun-24,23:59 Hrs,455,2949,435.3,799,0.5,0.8,1.2,1.75,Normal
INDUS,khairabad,26-Jun-24,06:00 Hrs,-,-,9.9,126000,2.25,3.75,5,6.5,Normal
INDUS,Kalabagh,26-Jun-24,06:00 Hrs,693,133347,678.8,125731,2.5,3.75,5,6.5,Normal
INDUS,Chashma,26-Jun-24,06:00 Hrs,644.8,191763,613.1,168911,2.5,3.75,5,6.5,Normal
INDUS,Taunsa,26-Jun-24,06:00 Hrs,446.7,140882,428.5,112582,2.5,3.75,5,6.5,Normal
INDUS,Guddu,26-Jun-24,06:00 Hrs,257.5,126354,248,88014,2,3.5,5,7,Normal
INDUS,Sukkar,26-Jun-24,06:00 Hrs,192.5,105745,192.3,80035,2,3.5,5,7,Normal
INDUS,Kotri,26-Jun-24,06:00 Hrs,69.9,70360,47,27555,2.5,4,5,6.5,Normal
JHELUM,Kotli,26-Jun-24,06:00 Hrs,-,-,7.4,2400,-,-,-,-,-
JHELUM,Rasul,26-Jun-24,06:00 Hrs,719,25024,694,5341,0.75,1.1,1.5,2.25,Normal
CHENAB,Marala,26-Jun-24,06:00 Hrs,812,49733,796.5,19000,1,1.5,2,4,Normal
CHENAB,Khanki,26-Jun-24,06:00 Hrs,733,11932,718.1,3732,1,1.5,2,4,Normal
CHENAB,Qadirabad,26-Jun-24,06:00 Hrs,700,24430,684.5,4905,1,1.5,2,4,Normal
CHENAB,Trimmu,26-Jun-24,06:00 Hrs,490.5,29839,481.3,12539,1.5,2,3,4.5,Normal
CHENAB,Punjnad,26-Jun-24,06:00 Hrs,338,22912,327.4,9062,1.5,2,3,4.5,Normal
RAVI,Jassar,26-Jun-24,06:00 Hrs,-,-,775.2,1378,0.5,0.75,1,1.5,Normal
RAVI,Shahdara,26-Jun-24,06:00 Hrs,-,-,672.8,12892,0.4,0.65,0.9,1.35,Normal
RAVI,Balloki,26-Jun-24,06:00 Hrs,633.5,30325,618.2,3825,0.4,0.65,0.9,1.35,Normal
RAVI,Sidhnai,26-Jun-24,06:00 Hrs,467,16995,452.2,995,0.3,0.45,0.6,0.9,Normal
SUTLEJ,Bhakara**,26-Jun-24,06:00 Hrs,-,-,-,-,-,-,-,-,-
SUTLEJ,Sulemanki,26-Jun-24,06:00 Hrs,569,16128,558.5,2844,0.5,0.8,1.2,1.75,Normal
SUTLEJ,Islam,26-Jun-24,06:00 Hrs,455,2949,435.3,799,0.5,0.8,1.2,1.75,Normal
INDUS,khairabad,26-Jun-24,12:00 Hrs,-,-,15.8,188100,2.25,3.75,5,6.5,Normal
INDUS,Kalabagh,26-Jun-24,12:00 Hrs,693,175671,679.4,168055,2.5,3.75,5,6.5,Normal
INDUS,Chashma,26-Jun-24,12:00 Hrs,644,171457,612.8,149835,2.5,3.75,5,6.5,Normal
INDUS,Taunsa,26-Jun-24,12:00 Hrs,446.7,140882,428.5,112582,2.5,3.75,5,6.5,Normal
INDUS,Guddu,26-Jun-24,12:00 Hrs,257.5,114590,247.4,76250,2,3.5,5,7,Normal
INDUS,Sukkar,26-Jun-24,12:00 Hrs,192.5,105745,192.3,80035,2,3.5,5,7,Normal
INDUS,Kotri,26-Jun-24,12:00 Hrs,69.9,72455,47.4,29650,2.5,4,5,6.5,Normal
JHELUM,Kotli,26-Jun-24,12:00 Hrs,-,-,7.3,2210,-,-,-,-,-
JHELUM,Rasul,26-Jun-24,12:00 Hrs,719,25074,694,5341,0.75,1.1,1.5,2.25,Normal
CHENAB,Marala,26-Jun-24,12:00 Hrs,812.1,42185,795.2,11512,1,1.5,2,4,Normal
CHENAB,Khanki,26-Jun-24,12:00 Hrs,733,11932,718.1,3732,1,1.5,2,4,Normal
CHENAB,Qadirabad,26-Jun-24,12:00 Hrs,700,21816,684,2291,1,1.5,2,4,Normal
CHENAB,Trimmu,26-Jun-24,12:00 Hrs,490.5,29839,481.3,12539,1.5,2,3,4.5,Normal
CHENAB,Punjnad,26-Jun-24,12:00 Hrs,338,22912,327.4,9062,1.5,2,3,4.5,Normal
RAVI,Jassar,26-Jun-24,12:00 Hrs,-,-,775.2,1378,0.5,0.75,1,1.5,Normal
RAVI,Shahdara,26-Jun-24,12:00 Hrs,-,-,672.8,12892,0.4,0.65,0.9,1.35,Normal
RAVI,Balloki,26-Jun-24,12:00 Hrs,633.5,30325,618.2,3825,0.4,0.65,0.9,1.35,Normal
RAVI,Sidhnai,26-Jun-24,12:00 Hrs,467,16995,452.2,995,0.3,0.45,0.6,0.9,Normal
SUTLEJ,Bhakara**,26-Jun-24,12:00 Hrs,,-,-,-,-,-,-,-,-
SUTLEJ,Sulemanki,26-Jun-24,12:00 Hrs,569,16128,558.5,2844,0.5,0.8,1.2,1.75,Normal
SUTLEJ,Islam,26-Jun-24,12:00 Hrs,455,2949,435.3,799,0.5,0.8,1.2,1.75,Normal
INDUS,khairabad,26-Jun-24,18:00 Hrs,-,-,14.8,177000,2.25,3.75,5,6.5,Normal
INDUS,Kalabagh,26-Jun-24,18:00 Hrs,693,186867,679.5,179251,2.5,3.75,5,6.5,Normal
INDUS,Chashma,26-Jun-24,18:00 Hrs,643.6,172643,612.8,150053,2.5,3.75,5,6.5,Normal
INDUS,Taunsa,26-Jun-24,18:00 Hrs,446.7,123332,428,45032,2.5,3.75,5,6.5,Normal
INDUS,Guddu,26-Jun-24,18:00 Hrs,257.5,104057,247.3,65717,2,3.5,5,7,Normal
INDUS,Sukkar,26-Jun-24,18:00 Hrs,192.5,105745,192.3,80035,2,3.5,5,7,Normal
INDUS,Kotri,26-Jun-24,18:00 Hrs,69.9,74255,47.9,31450,2.5,4,5,6.5,Normal
JHELUM,Kotli,26-Jun-24,18:00 Hrs,-,-,7.2,2020,-,-,-,-,-
JHELUM,Rasul,26-Jun-24,18:00 Hrs,719,25524,694,5341,0.75,1.1,1.5,2.25,Normal
CHENAB,Marala,26-Jun-24,18:00 Hrs,812,45959,795.8,15286,1,1.5,2,4,Normal
CHENAB,Khanki,26-Jun-24,18:00 Hrs,733,17530,720.2,9330,1,1.5,2,4,Normal
CHENAB,Qadirabad,26-Jun-24,18:00 Hrs,700,19525,683,Nil,1,1.5,2,4,Normal
CHENAB,Trimmu,26-Jun-24,18:00 Hrs,490.5,27304,480.8,9904,1.5,2,3,4.5,Normal
CHENAB,Punjnad,26-Jun-24,18:00 Hrs,338,22912,327.4,9062,1.5,2,3,4.5,Normal
RAVI,Jassar,26-Jun-24,18:00 Hrs,-,-,775.2,1378,0.5,0.75,1,1.5,Normal
RAVI,Shahdara,26-Jun-24,18:00 Hrs,-,-,672.9,13306,0.4,0.65,0.9,1.35,Normal
RAVI,Balloki,26-Jun-24,18:00 Hrs,633.5,30325,618.2,3825,0.4,0.65,0.9,1.35,Normal
RAVI,Sidhnai,26-Jun-24,18:00 Hrs,467,16995,452.2,995,0.3,0.45,0.6,0.9,Normal
SUTLEJ,Bhakara**,26-Jun-24,18:00 Hrs,,-,-,-,-,-,-,-,-
SUTLEJ,Sulemanki,26-Jun-24,18:00 Hrs,569,15233,558.2,2330,0.5,0.8,1.2,1.75,Normal
SUTLEJ,Islam,26-Jun-24,18:00 Hrs,455,3049,435.3,799,0.5,0.8,1.2,1.75,Normal
INDUS,khairabad,26-Jun-24,23:59 Hrs,-,-,16,190300,2.25,3.75,5,6.5,Normal
INDUS,Kalabagh,26-Jun-24,23:59 Hrs,693,200903,679.9,193287,2.5,3.75,5,6.5,Normal
INDUS,Chashma,26-Jun-24,23:59 Hrs,643,192651,613,170061,2.5,3.75,5,6.5,Normal
INDUS,Taunsa,26-Jun-24,23:59 Hrs,446.7,123332,428,95032,2.5,3.75,5,6.5,Normal
INDUS,Guddu,26-Jun-24,23:59 Hrs,257.5,104057,247.3,65717,2,3.5,5,7,Normal
INDUS,Sukkar,26-Jun-24,23:59 Hrs,192.5,105745,192.3,80035,2,3.5,5,7,Normal
INDUS,Kotri,26-Jun-24,23:59 Hrs,69.9,74255,47.9,31450,2.5,4,5,6.5,Normal
JHELUM,Kotli,26-Jun-24,23:59 Hrs,-,-,7.3,2210,-,-,-,-,-
JHELUM,Rasul,26-Jun-24,23:59 Hrs,719,25524,694,5341,0.75,1.1,1.5,2.25,Normal
CHENAB,Marala,26-Jun-24,23:59 Hrs,812,58244,797.3,27571,1,1.5,2,4,Normal
CHENAB,Khanki,26-Jun-24,23:59 Hrs,733,19052,720.5,10852,1,1.5,2,4,Normal
CHENAB,Qadirabad,26-Jun-24,23:59 Hrs,700,24430,684.5,4905,1,1.5,2,4,Normal
CHENAB,Trimmu,26-Jun-24,23:59 Hrs,490.5,25524,480.3,8124,1.5,2,3,4.5,Normal
CHENAB,Punjnad,26-Jun-24,23:59 Hrs,338,22912,327.4,9062,1.5,2,3,4.5,Normal
RAVI,Jassar,26-Jun-24,23:59 Hrs,-,-,775.2,1378,0.5,0.75,1,1.5,Normal
RAVI,Shahdara,26-Jun-24,23:59 Hrs,-,-,672.8,12892,0.4,0.65,0.9,1.35,Normal
RAVI,Balloki,26-Jun-24,23:59 Hrs,633.5,30125,618.2,3825,0.4,0.65,0.9,1.35,Normal
RAVI,Sidhnai,26-Jun-24,23:59 Hrs,467,16995,452.2,995,0.3,0.45,0.6,0.9,Normal
SUTLEJ,Bhakara**,26-Jun-24,23:59 Hrs,,-,-,-,-,-,-,-,-
SUTLEJ,Sulemanki,26-Jun-24,23:59 Hrs,569,15233,558,2330,0.5,0.8,1.2,1.75,Normal
SUTLEJ,Islam,26-Jun-24,23:59 Hrs,455,3049,435.3,799,0.5,0.8,1.2,1.75,Normal
INDUS,khairabad,27-Jun-24,06:00 Hrs,-,-,14.1,169400,2.25,3.75,5,6.5,Normal
INDUS,Kalabagh,27-Jun-24,06:00 Hrs,693,204518,680,196902,2.5,3.75,5,6.5,Normal
INDUS,Chashma,27-Jun-24,06:00 Hrs,643.6,193726,612.9,170016,2.5,3.75,5,6.5,Normal
INDUS,Taunsa,27-Jun-24,06:00 Hrs,446.7,127453,428,99453,2.5,3.75,5,6.5,Normal
INDUS,Guddu,27-Jun-24,06:00 Hrs,257.7,108951,247.3,71821,2,3.5,5,7,Normal
INDUS,Sukkar,27-Jun-24,06:00 Hrs,195,72581,191.2,33181,2,3.5,5,7,Normal
INDUS,Kotri,27-Jun-24,06:00 Hrs,69.9,78540,48.5,36005,2.5,4,5,6.5,Normal
JHELUM,Kotli,27-Jun-24,06:00 Hrs,-,-,7.3,2210,-,-,-,-,-
JHELUM,Rasul,27-Jun-24,06:00 Hrs,719,25615,694,5341,0.75,1.1,1.5,2.25,Normal
CHENAB,Marala,27-Jun-24,06:00 Hrs,812,58244,797.3,27511,1,1.5,2,4,Normal
CHENAB,Khanki,27-Jun-24,06:00 Hrs,733,19052,720.5,10852,1,1.5,2,4,Normal
CHENAB,Qadirabad,27-Jun-24,06:00 Hrs,700,25741,684.7,6216,1,1.5,2,4,Normal
CHENAB,Trimmu,27-Jun-24,06:00 Hrs,490.5,23611,479.9,6211,1.5,2,3,4.5,Normal
CHENAB,Punjnad,27-Jun-24,06:00 Hrs,338,24254,327.9,10404,1.5,2,3,4.5,Normal
RAVI,Jassar,27-Jun-24,06:00 Hrs,-,-,775.2,1378,0.5,0.75,1,1.5,Normal
RAVI,Shahdara,27-Jun-24,06:00 Hrs,-,-,672.8,12892,0.4,0.65,0.9,1.35,Normal
RAVI,Balloki,27-Jun-24,06:00 Hrs,633.5,31200,618.3,4700,0.4,0.65,0.9,1.35,Normal
RAVI,Sidhnai,27-Jun-24,06:00 Hrs,467,17322,452.6,1322,0.3,0.45,0.6,0.9,Normal
SUTLEJ,Bhakara**,27-Jun-24,06:00 Hrs,,-,-,-,-,-,-,-,-
SUTLEJ,Sulemanki,27-Jun-24,06:00 Hrs,569,15443,558.2,2330,0.5,0.8,1.2,1.75,Normal
SUTLEJ,Islam,27-Jun-24,06:00 Hrs,455,3049,435.3,799,0.5,0.8,1.2,1.75,Normal
INDUS,khairabad,27-Jun-24,12:00 Hrs,-,-,16.2,192600,2.25,3.75,5,6.5,Normal
INDUS,Kalabagh,27-Jun-24,12:00 Hrs,693,212051,680.3,204435,2.5,3.75,5,6.5,Normal
INDUS,Chashma,27-Jun-24,12:00 Hrs,644,181768,612.8,160618,2.5,3.75,5,6.5,Normal
INDUS,Taunsa,27-Jun-24,12:00 Hrs,446.7,127953,428,99453,2.5,3.75,5,6.5,Normal
INDUS,Guddu,27-Jun-24,12:00 Hrs,257.7,109597,247.3,72167,2,3.5,5,7,Normal
INDUS,Sukkar,27-Jun-24,12:00 Hrs,195,72581,191.2,33181,2,3.5,5,7,Normal
INDUS,Kotri,27-Jun-24,12:00 Hrs,69.9,81225,48.8,38690,2.5,4,5,6.5,Normal
JHELUM,Kotli,27-Jun-24,12:00 Hrs,-,-,7.4,2400,-,-,-,-,-
JHELUM,Rasul,27-Jun-24,12:00 Hrs,719,36165,697,15800,0.75,1.1,1.5,2.25,Normal
CHENAB,Marala,27-Jun-24,12:00 Hrs,812.1,49733,796.5,19060,1,1.5,2,4,Normal
CHENAB,Khanki,27-Jun-24,12:00 Hrs,733,13798,718.8,5598,1,1.5,2,4,Normal
CHENAB,Qadirabad,27-Jun-24,12:00 Hrs,700,28334,685,8809,1,1.5,2,4,Normal
CHENAB,Trimmu,27-Jun-24,12:00 Hrs,490.5,25604,480.1,8204,1.5,2,3,4.5,Normal
CHENAB,Punjnad,27-Jun-24,12:00 Hrs,338,24254,327.9,10404,1.5,2,3,4.5,Normal
RAVI,Jassar,27-Jun-24,12:00 Hrs,-,-,775.4,1566,0.5,0.75,1,1.5,Normal
RAVI,Shahdara,27-Jun-24,12:00 Hrs,-,-,672.9,13306,0.4,0.65,0.9,1.35,Normal
RAVI,Balloki,27-Jun-24,12:00 Hrs,633.5,31200,618.3,4700,0.4,0.65,0.9,1.35,Normal
RAVI,Sidhnai,27-Jun-24,12:00 Hrs,467,17322,451.5,1322,0.3,0.45,0.6,0.9,Normal
SUTLEJ,Bhakara**,27-Jun-24,12:00 Hrs,,-,-,-,-,-,-,-,-
SUTLEJ,Sulemanki,27-Jun-24,12:00 Hrs,569,15443,558.2,2330,0.5,0.8,1.2,1.75,Normal
SUTLEJ,Islam,27-Jun-24,12:00 Hrs,455,3049,435.3,799,0.5,0.8,1.2,1.75,Normal
INDUS,khairabad,27-Jun-24,18:00 Hrs,-,-,14.6,174800,2.25,3.75,5,6.5,Normal
INDUS,Kalabagh,27-Jun-24,18:00 Hrs,693,202400,680,194784,2.5,3.75,5,6.5,Normal
INDUS,Chashma,27-Jun-24,18:00 Hrs,644.2,219362,613.3,200364,2.5,3.75,5,6.5,Normal
INDUS,Taunsa,27-Jun-24,18:00 Hrs,446.7,127953,428,99453,2.5,3.75,5,6.5,Normal
INDUS,Guddu,27-Jun-24,18:00 Hrs,257.7,116139,247.4,80000,2,3.5,5,7,Normal
INDUS,Sukkar,27-Jun-24,18:00 Hrs,195,72581,191.2,33181,2,3.5,5,7,Normal
INDUS,Kotri,27-Jun-24,18:00 Hrs,69.9,81165,48.8,38690,2.5,4,5,6.5,Normal
JHELUM,Kotli,27-Jun-24,18:00 Hrs,-,-,7.3,2210,-,-,-,-,-
JHELUM,Rasul,27-Jun-24,18:00 Hrs,719,40070,697.3,19705,0.75,1.1,1.5,2.25,Normal
CHENAB,Marala,27-Jun-24,18:00 Hrs,812,58357,797.3,27571,1,1.5,2,4,Normal
CHENAB,Khanki,27-Jun-24,18:00 Hrs,733,23128,721.2,14928,1,1.5,2,4,Normal
CHENAB,Qadirabad,27-Jun-24,18:00 Hrs,700,28334,685,8809,1,1.5,2,4,Normal
CHENAB,Trimmu,27-Jun-24,18:00 Hrs,490.5,25604,480.1,8204,1.5,2,3,4.5,Normal
CHENAB,Punjnad,27-Jun-24,18:00 Hrs,338,24254,327.9,10404,1.5,2,3,4.5,Normal
RAVI,Jassar,27-Jun-24,18:00 Hrs,-,-,775.4,1566,0.5,0.75,1,1.5,Normal
RAVI,Shahdara,27-Jun-24,18:00 Hrs,-,-,672.9,13306,0.4,0.65,0.9,1.35,Normal
RAVI,Balloki,27-Jun-24,18:00 Hrs,633.5,30325,618.2,3825,0.4,0.65,0.9,1.35,Normal
RAVI,Sidhnai,27-Jun-24,18:00 Hrs,467,17322,452.6,1322,0.3,0.45,0.6,0.9,Normal
SUTLEJ,Bhakara**,27-Jun-24,18:00 Hrs,,-,-,-,-,-,-,-,-
SUTLEJ,Sulemanki,27-Jun-24,18:00 Hrs,569,17403,559,4290,0.5,0.8,1.2,1.75,Normal
SUTLEJ,Islam,27-Jun-24,18:00 Hrs,455,3199,435.3,799,0.5,0.8,1.2,1.75,Normal
INDUS,khairabad,27-Jun-24,23:59 Hrs,-,-,15.2,181400,2.25,3.75,5,6.5,Normal
INDUS,Kalabagh,27-Jun-24,23:59 Hrs,693,205020,680,197404,2.5,3.75,5,6.5,Normal
INDUS,Chashma,27-Jun-24,23:59 Hrs,644.8,233959,613.4,216221,2.5,3.75,5,6.5,Normal
INDUS,Taunsa,27-Jun-24,23:59 Hrs,446.7,127953,428,99453,2.5,3.75,5,6.5,Normal
INDUS,Guddu,27-Jun-24,23:59 Hrs,257.7,116139,247.4,80000,2,3.5,5,7,Normal
INDUS,Sukkar,27-Jun-24,23:59 Hrs,195,72581,191.2,33181,2,3.5,5,7,Normal
INDUS,Kotri,27-Jun-24,23:59 Hrs,69.9,81165,48.8,38690,2.5,4,5,6.5,Normal
JHELUM,Kotli,27-Jun-24,23:59 Hrs,-,-,7.4,2400,-,-,-,-,-
JHELUM,Rasul,27-Jun-24,23:59 Hrs,719,36165,697,15800,0.75,1.1,1.5,2.25,Normal
CHENAB,Marala,27-Jun-24,23:59 Hrs,812,63897,797.5,32924,1,1.5,2,4,Normal
CHENAB,Khanki,27-Jun-24,23:59 Hrs,733,24994,721.5,16794,1,1.5,2,4,Normal
CHENAB,Qadirabad,27-Jun-24,23:59 Hrs,700,30948,685.3,11423,1,1.5,2,4,Normal
CHENAB,Trimmu,27-Jun-24,23:59 Hrs,490.5,26116,480.1,8716,1.5,2,3,4.5,Normal
CHENAB,Punjnad,27-Jun-24,23:59 Hrs,338,24254,327.9,10404,1.5,2,3,4.5,Normal
RAVI,Jassar,27-Jun-24,23:59 Hrs,-,-,777.3,5168,0.5,0.75,1,1.5,Normal
RAVI,Shahdara,27-Jun-24,23:59 Hrs,-,-,673.1,14129,0.4,0.65,0.9,1.35,Normal
RAVI,Balloki,27-Jun-24,23:59 Hrs,633.5,30325,618.2,3825,0.4,0.65,0.9,1.35,Normal
RAVI,Sidhnai,27-Jun-24,23:59 Hrs,467,17322,452.6,1322,0.3,0.45,0.6,0.9,Normal
SUTLEJ,Bhakara**,27-Jun-24,23:59 Hrs,,-,-,-,-,-,-,-,-
SUTLEJ,Sulemanki,27-Jun-24,23:59 Hrs,569,17403,559,4290,0.5,0.8,1.2,1.75,Normal
SUTLEJ,Islam,27-Jun-24,23:59 Hrs,455,3199,435.3,799,0.5,0.8,1.2,1.75,Normal
INDUS,khairabad,28-Jun-24,06:00 Hrs,-,-,16.9,200500,2.25,3.75,5,6.5,Normal
INDUS,Kalabagh,28-Jun-24,06:00 Hrs,693,204443,680,196827,2.5,3.75,5,6.5,Normal
INDUS,Chashma,28-Jun-24,06:00 Hrs,644.2,230384,614.3,216592,2.5,3.75,5,6.5,Normal
INDUS,Taunsa,28-Jun-24,06:00 Hrs,446.7,149430,428.7,120930,2.5,3.75,5,6.5,Normal
INDUS,Guddu,28-Jun-24,06:00 Hrs,257.2,106957,247.2,72251,2,3.5,5,7,Normal
INDUS,Sukkar,28-Jun-24,06:00 Hrs,196.6,66900,189.2,25350,2,3.5,5,7,Normal
INDUS,Kotri,28-Jun-24,06:00 Hrs,69.9,82538,49.1,40063,2.5,4,5,6.5,Normal
JHELUM,Kotli,28-Jun-24,06:00 Hrs,-,-,7.5,2600,-,-,-,-,-
JHELUM,Rasul,28-Jun-24,06:00 Hrs,719,32169,696,11895,0.75,1.1,1.5,2.25,Normal
CHENAB,Marala,28-Jun-24,06:00 Hrs,812,58544,797.3,27571,1,1.5,2,4,Normal
CHENAB,Khanki,28-Jun-24,06:00 Hrs,733,21262,721,13062,1,1.5,2,4,Normal
CHENAB,Qadirabad,28-Jun-24,06:00 Hrs,700,33531,685.6,14006,1,1.5,2,4,Normal
CHENAB,Trimmu,28-Jun-24,06:00 Hrs,490.5,27504,480.4,10104,1.5,2,3,4.5,Normal
CHENAB,Punjnad,28-Jun-24,06:00 Hrs,338,23642,327.55,9792,1.5,2,3,4.5,Normal
RAVI,Jassar,28-Jun-24,06:00 Hrs,-,-,777.3,5168,0.5,0.75,1,1.5,Normal
RAVI,Shahdara,28-Jun-24,06:00 Hrs,-,-,673.3,14945,0.4,0.65,0.9,1.35,Normal
RAVI,Balloki,28-Jun-24,06:00 Hrs,633.5,30325,618.2,3825,0.4,0.65,0.9,1.35,Normal
RAVI,Sidhnai,28-Jun-24,06:00 Hrs,467,17322,452.6,1322,0.3,0.45,0.6,0.9,Normal
SUTLEJ,Bhakara**,28-Jun-24,06:00 Hrs,,-,-,-,-,-,-,-,-
SUTLEJ,Sulemanki,28-Jun-24,06:00 Hrs,569,15443,558.2,2330,0.5,0.8,1.2,1.75,Normal
SUTLEJ,Islam,28-Jun-24,06:00 Hrs,455,3677,436.9,1277,0.5,0.8,1.2,1.75,Normal
INDUS,khairabad,28-Jun-24,12:00 Hrs,-,-,16.2,192600,2.25,3.75,5,6.5,Normal
INDUS,Kalabagh,28-Jun-24,12:00 Hrs,693,219665,680.3,212049,2.5,3.75,5,6.5,Normal
INDUS,Chashma,28-Jun-24,12:00 Hrs,644.1,205260,613.9,190052,2.5,3.75,5,6.5,Normal
INDUS,Taunsa,28-Jun-24,12:00 Hrs,446.7,149430,428.7,120930,2.5,3.75,5,6.5,Normal
INDUS,Guddu,28-Jun-24,12:00 Hrs,257,103260,247.3,68856,2,3.5,5,7,Normal
INDUS,Sukkar,28-Jun-24,12:00 Hrs,196.6,66900,189.1,25350,2,3.5,5,7,Normal
INDUS,Kotri,28-Jun-24,12:00 Hrs,69.9,82538,49.1,40063,2.5,4,5,6.5,Normal
JHELUM,Kotli,28-Jun-24,12:00 Hrs,-,-,7.6,2800,-,-,-,-,-
JHELUM,Rasul,28-Jun-24,12:00 Hrs,719,36074,697,15800,0.75,1.1,1.5,2.25,Normal
CHENAB,Marala,28-Jun-24,12:00 Hrs,812.1,53191,797.1,22218,1,1.5,2,4,Normal
CHENAB,Khanki,28-Jun-24,12:00 Hrs,733,23128,721.2,14928,1,1.5,2,4,Normal
CHENAB,Qadirabad,28-Jun-24,12:00 Hrs,700,33531,685.6,14006,1,1.5,2,4,Normal
CHENAB,Trimmu,28-Jun-24,12:00 Hrs,490.5,27504,480.4,10104,1.5,2,3,4.5,Normal
CHENAB,Punjnad,28-Jun-24,12:00 Hrs,338,23642,327.55,9792,1.5,2,3,4.5,Normal
RAVI,Jassar,28-Jun-24,12:00 Hrs,-,-,777.4,5337,0.5,0.75,1,1.5,Normal
RAVI,Shahdara,28-Jun-24,12:00 Hrs,-,-,673.4,15353,0.4,0.65,0.9,1.35,Normal
RAVI,Balloki,28-Jun-24,12:00 Hrs,633.5,30325,618.2,3825,0.4,0.65,0.9,1.35,Normal
RAVI,Sidhnai,28-Jun-24,12:00 Hrs,467,17322,452.6,1322,0.3,0.45,0.6,0.9,Normal
SUTLEJ,Bhakara**,28-Jun-24,12:00 Hrs,,-,-,-,-,-,-,-,-
SUTLEJ,Sulemanki,28-Jun-24,12:00 Hrs,569,15443,558.2,2330,0.5,0.8,1.2,1.75,Normal
SUTLEJ,Islam,28-Jun-24,12:00 Hrs,455,3677,436.9,1277,0.5,0.8,1.2,1.75,Normal
INDUS,khairabad,28-Jun-24,18:00 Hrs,-,-,15.8,188100,2.25,3.75,5,6.5,Normal
INDUS,Kalabagh,28-Jun-24,18:00 Hrs,693,205720,680,198112,2.5,3.75,5,6.5,Normal
INDUS,Chashma,28-Jun-24,18:00 Hrs,644.5,203879,613.9,189931,2.5,3.75,5,6.5,Normal
INDUS,Taunsa,28-Jun-24,18:00 Hrs,446.7,160121,428.9,133621,2.5,3.75,5,6.5,Normal
INDUS,Guddu,28-Jun-24,18:00 Hrs,256.9,103534,247.2,69350,2,3.5,5,7,Normal
INDUS,Sukkar,28-Jun-24,18:00 Hrs,196.6,66900,189.1,25350,2,3.5,5,7,Normal
INDUS,Kotri,28-Jun-24,18:00 Hrs,69.9,82538,49.1,40063,2.5,4,5,6.5,Normal
JHELUM,Kotli,28-Jun-24,18:00 Hrs,-,-,7.8,3220,-,-,-,-,-
JHELUM,Rasul,28-Jun-24,18:00 Hrs,719,36074,697,15800,0.75,1.1,1.5,2.25,Normal
CHENAB,Marala,28-Jun-24,18:00 Hrs,812,58544,797.3,27571,1,1.5,2,4,Normal
CHENAB,Khanki,28-Jun-24,18:00 Hrs,733,35899,722.5,27797,1,1.5,2,4,Normal
CHENAB,Qadirabad,28-Jun-24,18:00 Hrs,700,33531,685.6,14006,1,1.5,2,4,Normal
CHENAB,Trimmu,28-Jun-24,18:00 Hrs,490.5,27504,480.4,10104,1.5,2,3,4.5,Normal
CHENAB,Punjnad,28-Jun-24,18:00 Hrs,338,23642,327.55,9792,1.5,2,3,4.5,Normal
RAVI,Jassar,28-Jun-24,18:00 Hrs,-,-,777.1,4829,0.5,0.75,1,1.5,Normal
RAVI,Shahdara,28-Jun-24,18:00 Hrs,-,-,673.4,15353,0.4,0.65,0.9,1.35,Normal
RAVI,Balloki,28-Jun-24,18:00 Hrs,633.5,30325,618.2,3825,0.4,0.65,0.9,1.35,Normal
RAVI,Sidhnai,28-Jun-24,18:00 Hrs,467,16661,452,661,0.3,0.45,0.6,0.9,Normal
SUTLEJ,Bhakara**,28-Jun-24,18:00 Hrs,,-,-,-,-,-,-,-,-
SUTLEJ,Sulemanki,28-Jun-24,18:00 Hrs,569,15564,558.2,2330,0.5,0.8,1.2,1.75,Normal
SUTLEJ,Islam,28-Jun-24,18:00 Hrs,455,2400,433.9,Nil,0.5,0.8,1.2,1.75,Normal
INDUS,khairabad,28-Jun-24,23:59 Hrs,-,-,16.5,196000,2.25,3.75,5,6.5,Normal
INDUS,Kalabagh,28-Jun-24,23:59 Hrs,693,205728,680,198112,2.5,3.75,5,6.5,Normal
INDUS,Chashma,28-Jun-24,23:59 Hrs,644.7,201471,613.9,190021,2.5,3.75,5,6.5,Normal
INDUS,Taunsa,28-Jun-24,23:59 Hrs,446.7,160121,428.9,133621,2.5,3.75,5,6.5,Normal
INDUS,Guddu,28-Jun-24,23:59 Hrs,256.9,103534,247.2,69350,2,3.5,5,7,Normal
INDUS,Sukkar,28-Jun-24,23:59 Hrs,196.6,66900,189.1,25350,2,3.5,5,7,Normal
INDUS,Kotri,28-Jun-24,23:59 Hrs,69.9,82538,49.1,40063,2.5,4,5,6.5,Normal
JHELUM,Kotli,28-Jun-24,23:59 Hrs,-,-,7.6,2800,-,-,-,-,-
JHELUM,Rasul,28-Jun-24,23:59 Hrs,719,32169,696,11895,0.75,1.1,1.5,2.25,Normal
CHENAB,Marala,28-Jun-24,23:59 Hrs,812,69250,797.9,38277,1,1.5,2,4,Normal
CHENAB,Khanki,28-Jun-24,23:59 Hrs,733,24896,721.5,16794,1,1.5,2,4,Normal
CHENAB,Qadirabad,28-Jun-24,23:59 Hrs,700,41260,686.3,21735,1,1.5,2,4,Normal
CHENAB,Trimmu,28-Jun-24,23:59 Hrs,490.5,25681,479.9,8281,1.5,2,3,4.5,Normal
CHENAB,Punjnad,28-Jun-24,23:59 Hrs,338,23642,327.55,9792,1.5,2,3,4.5,Normal
RAVI,Jassar,28-Jun-24,23:59 Hrs,-,-,777,4660,0.5,0.75,1,1.5,Normal
RAVI,Shahdara,28-Jun-24,23:59 Hrs,-,-,673.6,16168,0.4,0.65,0.9,1.35,Normal
RAVI,Balloki,28-Jun-24,23:59 Hrs,633.5,31200,618.3,4700,0.4,0.65,0.9,1.35,Normal
RAVI,Sidhnai,28-Jun-24,23:59 Hrs,467,16761,452,661,0.3,0.45,0.6,0.9,Normal
SUTLEJ,Bhakara**,28-Jun-24,23:59 Hrs,,-,-,-,-,-,-,-,-
SUTLEJ,Sulemanki,28-Jun-24,23:59 Hrs,569,15564,558.2,2330,0.5,0.8,1.2,1.75,Normal
SUTLEJ,Islam,28-Jun-24,23:59 Hrs,455,2400,433.9,-,0.5,0.8,1.2,1.75,Normal
INDUS,khairabad,29-Jun-24,06:00 Hrs,-,-,16,190300,2.25,3.75,5,6.5,Normal
INDUS,Kalabagh,29-Jun-24,06:00 Hrs,693,205688,680,198072,2.5,3.75,5,6.5,Normal
INDUS,Chashma,29-Jun-24,06:00 Hrs,644.9,199767,613.9,189382,2.5,3.75,5,6.5,Normal
INDUS,Taunsa,29-Jun-24,06:00 Hrs,446.7,153863,428.8,127363,2.5,3.75,5,6.5,Normal
INDUS,Guddu,29-Jun-24,06:00 Hrs,254.9,99472,247,75922,2,3.5,5,7,Normal
INDUS,Sukkar,29-Jun-24,06:00 Hrs,197.8,66050,188,18870,2,3.5,5,7,Normal
INDUS,Kotri,29-Jun-24,06:00 Hrs,69.9,80516,48.9,38241,2.5,4,5,6.5,Normal
JHELUM,Kotli,29-Jun-24,06:00 Hrs,-,-,7.7,3010,-,-,-,-,-
JHELUM,Rasul,29-Jun-24,06:00 Hrs,719,36074,697,15800,0.75,1.1,1.5,2.25,Normal
CHENAB,Marala,29-Jun-24,06:00 Hrs,812,63897,797.5,32924,1,1.5,2,4,Normal
CHENAB,Khanki,29-Jun-24,06:00 Hrs,733,34202,721.8,26100,1,1.5,2,4,Normal
CHENAB,Qadirabad,29-Jun-24,06:00 Hrs,700,38661,686.1,19136,1,1.5,2,4,Normal
CHENAB,Trimmu,29-Jun-24,06:00 Hrs,490.5,25681,479.9,8281,1.5,2,3,4.5,Normal
CHENAB,Punjnad,29-Jun-24,06:00 Hrs,338,22107,327,8257,1.5,2,3,4.5,Normal
RAVI,Jassar,29-Jun-24,06:00 Hrs,-,-,777,4660,0.5,0.75,1,1.5,Normal
RAVI,Shahdara,29-Jun-24,06:00 Hrs,-,-,673.6,16168,0.4,0.65,0.9,1.35,Normal
RAVI,Balloki,29-Jun-24,06:00 Hrs,633.5,31200,618.3,4700,0.4,0.65,0.9,1.35,Normal
RAVI,Sidhnai,29-Jun-24,06:00 Hrs,467,16100,451.5,-,0.3,0.45,0.6,0.9,Normal
SUTLEJ,Bhakara**,29-Jun-24,06:00 Hrs,,-,611,-,-,-,-,-,-
SUTLEJ,Sulemanki,29-Jun-24,06:00 Hrs,569,15564,558.2,2330,0.5,0.8,1.2,1.75,Normal
SUTLEJ,Islam,29-Jun-24,06:00 Hrs,455,2400,433.9,-,0.5,0.8,1.2,1.75,Normal
INDUS,khairabad,29-Jun-24,12:00 Hrs,-,-,17.4,206300,2.25,3.75,5,6.5,Normal
INDUS,Kalabagh,29-Jun-24,12:00 Hrs,693,219421,680.3,211805,2.5,3.75,5,6.5,Normal
INDUS,Chashma,29-Jun-24,12:00 Hrs,645.3,200447,613.9,189937,2.5,3.75,5,6.5,Normal
INDUS,Taunsa,29-Jun-24,12:00 Hrs,446.7,153863,428.8,127363,2.5,3.75,5,6.5,Normal
INDUS,Guddu,29-Jun-24,12:00 Hrs,255,87960,246.4,64060,2,3.5,5,7,Normal
INDUS,Sukkar,29-Jun-24,12:00 Hrs,197.8,66050,188.8,18870,2,3.5,5,7,Normal
INDUS,Kotri,29-Jun-24,12:00 Hrs,69.9,78115,48.7,35840,2.5,4,5,6.5,Normal
JHELUM,Kotli,29-Jun-24,12:00 Hrs,-,-,7.6,2800,-,-,-,-,-
JHELUM,Rasul,29-Jun-24,12:00 Hrs,719,36074,697,15800,0.75,1.1,1.5,2.25,Normal
CHENAB,Marala,29-Jun-24,12:00 Hrs,812,63897,797.5,32924,1,1.5,2,4,Normal
CHENAB,Khanki,29-Jun-24,12:00 Hrs,733,35899,722.5,27797,1,1.5,2,4,Normal
CHENAB,Qadirabad,29-Jun-24,12:00 Hrs,700,38661,686.1,19136,1,1.5,2,4,Normal
CHENAB,Trimmu,29-Jun-24,12:00 Hrs,490.5,25681,479.9,8281,1.5,2,3,4.5,Normal
CHENAB,Punjnad,29-Jun-24,12:00 Hrs,338,22107,327,8257,1.5,2,3,4.5,Normal
RAVI,Jassar,29-Jun-24,12:00 Hrs,-,-,776.4,3141,0.5,0.75,1,1.5,Normal
RAVI,Shahdara,29-Jun-24,12:00 Hrs,-,-,673.6,16168,0.4,0.65,0.9,1.35,Normal
RAVI,Balloki,29-Jun-24,12:00 Hrs,633.5,31200,618.3,4700,0.4,0.65,0.9,1.35,Normal
RAVI,Sidhnai,29-Jun-24,12:00 Hrs,467,16100,451.5,Nil,0.3,0.45,0.6,0.9,Normal
SUTLEJ,Bhakara**,29-Jun-24,12:00 Hrs,,-,-,-,-,-,-,-,-
SUTLEJ,Sulemanki,29-Jun-24,12:00 Hrs,569,15564,558.2,2330,0.5,0.8,1.2,1.75,Normal
SUTLEJ,Islam,29-Jun-24,12:00 Hrs,455,2400,433.9,-,0.5,0.8,1.2,1.75,Normal
INDUS,khairabad,29-Jun-24,18:00 Hrs,-,-,17.2,204000,2.25,3.75,5,6.5,Normal
INDUS,Kalabagh,29-Jun-24,18:00 Hrs,693,205809,680,198193,2.5,3.75,5,6.5,Normal
INDUS,Chashma,29-Jun-24,18:00 Hrs,645.5,212055,614.1,204250,2.5,3.75,5,6.5,Normal
INDUS,Taunsa,29-Jun-24,18:00 Hrs,446.7,166329,429,139829,2.5,3.75,5,6.5,Normal
INDUS,Guddu,29-Jun-24,18:00 Hrs,255,87960,246.4,64060,2,3.5,5,7,Normal
INDUS,Sukkar,29-Jun-24,18:00 Hrs,197.8,66050,188.8,18870,2,3.5,5,7,Normal
INDUS,Kotri,29-Jun-24,18:00 Hrs,69.9,78115,48.7,35840,2.5,4,5,6.5,Normal
JHELUM,Kotli,29-Jun-24,18:00 Hrs,-,-,7.5,2600,-,-,-,-,-
JHELUM,Rasul,29-Jun-24,18:00 Hrs,719,39979,697.3,19705,0.75,1.1,1.5,2.25,Normal
CHENAB,Marala,29-Jun-24,18:00 Hrs,812,69250,797.9,38277,1,1.5,2,4,Normal
CHENAB,Khanki,29-Jun-24,18:00 Hrs,733,46566,723.5,38464,1,1.5,2,4,Normal
CHENAB,Qadirabad,29-Jun-24,18:00 Hrs,700,38661,686.1,19136,1,1.5,2,4,Normal
CHENAB,Trimmu,29-Jun-24,18:00 Hrs,490.5,25681,479.9,8281,1.5,2,3,4.5,Normal
CHENAB,Punjnad,29-Jun-24,18:00 Hrs,338,19877,325.7,6027,1.5,2,3,4.5,Normal
RAVI,Jassar,29-Jun-24,18:00 Hrs,-,-,776.4,3141,0.5,0.75,1,1.5,Normal
RAVI,Shahdara,29-Jun-24,18:00 Hrs,-,-,673.6,16168,0.4,0.65,0.9,1.35,Normal
RAVI,Balloki,29-Jun-24,18:00 Hrs,633.5,31200,618.3,4700,0.4,0.65,0.9,1.35,Normal
RAVI,Sidhnai,29-Jun-24,18:00 Hrs,467,16100,451.5,-,0.3,0.45,0.6,0.9,Normal
SUTLEJ,Bhakara**,29-Jun-24,18:00 Hrs,,-,-,-,-,-,-,-,-
SUTLEJ,Sulemanki,29-Jun-24,18:00 Hrs,569,16226,558.5,2992,0.5,0.8,1.2,1.75,Normal
SUTLEJ,Islam,29-Jun-24,18:00 Hrs,455,2400,433.9,-,0.5,0.8,1.2,1.75,Normal
INDUS,khairabad,29-Jun-24,23:59 Hrs,-,-,16.6,197100,2.25,3.75,5,6.5,Normal
INDUS,Kalabagh,29-Jun-24,23:59 Hrs,693,220491,680.3,212875,2.5,3.75,5,6.5,Normal
INDUS,Chashma,29-Jun-24,23:59 Hrs,645.6,209530,614.2,202930,2.5,3.75,5,6.5,Normal
INDUS,Taunsa,29-Jun-24,23:59 Hrs,446.7,166329,429,139829,2.5,3.75,5,6.5,Normal
INDUS,Guddu,29-Jun-24,23:59 Hrs,255,87960,246.4,64060,2,3.5,5,7,Normal
INDUS,Sukkar,29-Jun-24,23:59 Hrs,197.8,66050,188.8,18870,2,3.5,5,7,Normal
INDUS,Kotri,29-Jun-24,23:59 Hrs,69.9,78115,48.7,35840,2.5,4,5,6.5,Normal
JHELUM,Kotli,29-Jun-24,23:59 Hrs,-,-,7.4,2400,-,-,-,-,-
JHELUM,Rasul,29-Jun-24,23:59 Hrs,719,3607,697,15800,0.75,1.1,1.5,2.25,Normal
CHENAB,Marala,29-Jun-24,23:59 Hrs,812,74753,798.3,43630,1,1.5,2,4,Normal
CHENAB,Khanki,29-Jun-24,23:59 Hrs,733,46514,723.5,38464,1,1.5,2,4,Normal
CHENAB,Qadirabad,29-Jun-24,23:59 Hrs,700,51395,687.4,31870,1,1.5,2,4,Normal
CHENAB,Trimmu,29-Jun-24,23:59 Hrs,490.5,25681,479.9,8281,1.5,2,3,4.5,Normal
CHENAB,Punjnad,29-Jun-24,23:59 Hrs,338,19877,325.7,6027,1.5,2,3,4.5,Normal
RAVI,Jassar,29-Jun-24,23:59 Hrs,-,-,776.4,3141,0.5,0.75,1,1.5,Normal
RAVI,Shahdara,29-Jun-24,23:59 Hrs,-,-,673.3,14945,0.4,0.65,0.9,1.35,Normal
RAVI,Balloki,29-Jun-24,23:59 Hrs,633.5,31200,618.3,4700,0.4,0.65,0.9,1.35,Normal
RAVI,Sidhnai,29-Jun-24,23:59 Hrs,467,16100,451.5,-,0.3,0.45,0.6,0.9,Normal
SUTLEJ,Bhakara**,29-Jun-24,23:59 Hrs,,-,-,-,-,-,-,-,-
SUTLEJ,Sulemanki,29-Jun-24,23:59 Hrs,569,16226,558.5,2992,0.5,0.8,1.2,1.75,Normal
SUTLEJ,Islam,29-Jun-24,23:59 Hrs,455,2400,433.9,-,0.5,0.8,1.2,1.75,Normal
INDUS,khairabad,30-Jun-24,06:00 Hrs,-,-,16,190300,2.25,3.75,5,6.5,Normal
INDUS,Kalabagh,30-Jun-24,06:00 Hrs,693,226865,680.4,219249,2.5,3.75,5,6.5,Normal
INDUS,Chashma,30-Jun-24,06:00 Hrs,645.8,206796,614.4,200196,2.5,3.75,5,6.5,Normal
INDUS,Taunsa,30-Jun-24,06:00 Hrs,446.7,177716,429.3,153216,2.5,3.75,5,6.5,Normal
INDUS,Guddu,30-Jun-24,06:00 Hrs,255.2,93903,246.7,69283,2,3.5,5,7,Normal
INDUS,Sukkar,30-Jun-24,06:00 Hrs,196.9,59135,188.5,18205,2,3.5,5,7,Normal
INDUS,Kotri,30-Jun-24,06:00 Hrs,69.9,78115,48.7,35840,2.5,4,5,6.5,Normal
JHELUM,Kotli,30-Jun-24,06:00 Hrs,-,-,7.5,2600,-,-,-,-,-
JHELUM,Rasul,30-Jun-24,06:00 Hrs,719,28264,694.8,7990,0.75,1.1,1.5,2.25,Normal
CHENAB,Marala,30-Jun-24,06:00 Hrs,812,69400,797.9,38277,1,1.5,2,4,Normal
CHENAB,Khanki,30-Jun-24,06:00 Hrs,733,42580,723,34530,1,1.5,2,4,Normal
CHENAB,Qadirabad,30-Jun-24,06:00 Hrs,700,51395,687.4,31870,1,1.5,2,4,Normal
CHENAB,Trimmu,30-Jun-24,06:00 Hrs,490.5,23756,479.4,6356,1.5,2,3,4.5,Normal
CHENAB,Punjnad,30-Jun-24,06:00 Hrs,338,17928,325.1,4078,1.5,2,3,4.5,Normal
RAVI,Jassar,30-Jun-24,06:00 Hrs,-,-,776.4,3141,0.5,0.75,1,1.5,Normal
RAVI,Shahdara,30-Jun-24,06:00 Hrs,-,-,673.1,14129,0.4,0.65,0.9,1.35,Normal
RAVI,Balloki,30-Jun-24,06:00 Hrs,633.5,32080,618.5,5580,0.4,0.65,0.9,1.35,Normal
RAVI,Sidhnai,30-Jun-24,06:00 Hrs,467,16100,451.5,-,0.3,0.45,0.6,0.9,Normal
SUTLEJ,Bhakara**,30-Jun-24,06:00 Hrs,,-,-,-,-,-,-,-,-
SUTLEJ,Sulemanki,30-Jun-24,06:00 Hrs,569,16226,558.5,2992,0.5,0.8,1.2,1.75,Normal
SUTLEJ,Islam,30-Jun-24,06:00 Hrs,455,2849,434,449,0.5,0.8,1.2,1.75,Normal
INDUS,khairabad,30-Jun-24,12:00 Hrs,-,-,17.6,208600,2.25,3.75,5,6.5,Normal
INDUS,Kalabagh,30-Jun-24,12:00 Hrs,693,232609,680.5,224993,2.5,3.75,5,6.5,Normal
INDUS,Chashma,30-Jun-24,12:00 Hrs,646.2,208294,614.2,200030,2.5,3.75,5,6.5,Normal
INDUS,Taunsa,30-Jun-24,12:00 Hrs,446.7,177716,429.3,153216,2.5,3.75,5,6.5,Normal
INDUS,Guddu,30-Jun-24,12:00 Hrs,255.2,93903,246.7,69283,2,3.5,5,7,Normal
INDUS,Sukkar,30-Jun-24,12:00 Hrs,196.9,59135,188.5,18205,2,3.5,5,7,Normal
INDUS,Kotri,30-Jun-24,12:00 Hrs,70,70684,48,28409,2.5,4,5,6.5,Normal
JHELUM,Kotli,30-Jun-24,12:00 Hrs,-,-,7.6,2800,-,-,-,-,-
JHELUM,Rasul,30-Jun-24,12:00 Hrs,719,32169,696,11895,0.75,1.1,1.5,2.25,Normal
CHENAB,Marala,30-Jun-24,12:00 Hrs,812,69400,797.9,38277,1,1.5,2,4,Normal
CHENAB,Khanki,30-Jun-24,12:00 Hrs,733,48262,723.8,40212,1,1.5,2,4,Normal
CHENAB,Qadirabad,30-Jun-24,12:00 Hrs,700,46988,687.2,27463,1,1.5,2,4,Normal
CHENAB,Trimmu,30-Jun-24,12:00 Hrs,490.5,20635,479,3235,1.5,2,3,4.5,Normal
CHENAB,Punjnad,30-Jun-24,12:00 Hrs,338,17928,325.1,4078,1.5,2,3,4.5,Normal
RAVI,Jassar,30-Jun-24,12:00 Hrs,-,-,776.7,3901,0.5,0.75,1,1.5,Normal
RAVI,Shahdara,30-Jun-24,12:00 Hrs,-,-,673.1,14129,0.4,0.65,0.9,1.35,Normal
RAVI,Balloki,30-Jun-24,12:00 Hrs,633.5,33825,618.6,7335,0.4,0.65,0.9,1.35,Normal
RAVI,Sidhnai,30-Jun-24,12:00 Hrs,467,16100,451.5,nill,0.3,0.45,0.6,0.9,Normal
SUTLEJ,Bhakara**,30-Jun-24,12:00 Hrs,,-,-,-,-,-,-,-,-
SUTLEJ,Sulemanki,30-Jun-24,12:00 Hrs,569,16226,558.5,2992,0.5,0.8,1.2,1.75,Normal
SUTLEJ,Islam,30-Jun-24,12:00 Hrs,455,2849,434,449,0.5,0.8,1.2,1.75,Normal
INDUS,khairabad,30-Jun-24,18:00 Hrs,-,-,17.4,206300,2.25,3.75,5,6.5,Normal
INDUS,Kalabagh,30-Jun-24,18:00 Hrs,693,222313,680.3,214697,2.5,3.75,5,6.5,Normal
INDUS,Chashma,30-Jun-24,18:00 Hrs,646.5,206436,614.2,199836,2.5,3.75,5,6.5,Normal
INDUS,Taunsa,30-Jun-24,18:00 Hrs,446.7,199288,429.8,174788,2.5,3.75,5,6.5,Normal
INDUS,Guddu,30-Jun-24,18:00 Hrs,255.2,100146,247,75526,2,3.5,5,7,Normal
INDUS,Sukkar,30-Jun-24,18:00 Hrs,196.9,59135,188.5,18205,2,3.5,5,7,Normal
INDUS,Kotri,30-Jun-24,18:00 Hrs,70,70684,48,28409,2.5,4,5,6.5,Normal
JHELUM,Kotli,30-Jun-24,18:00 Hrs,-,-,7.8,3220,-,-,-,-,-
JHELUM,Rasul,30-Jun-24,18:00 Hrs,719,25165,694,5341,0.75,1.1,1.5,2.25,Normal
CHENAB,Marala,30-Jun-24,18:00 Hrs,812,69400,797.9,38277,1,1.5,2,4,Normal
CHENAB,Khanki,30-Jun-24,18:00 Hrs,733,53467,724.5,45480,1,1.5,2,4,Normal
CHENAB,Qadirabad,30-Jun-24,18:00 Hrs,700,52113,687.5,32588,1,1.5,2,4,Normal
CHENAB,Trimmu,30-Jun-24,18:00 Hrs,490.5,20635,479,3235,1.5,2,3,4.5,Normal
CHENAB,Punjnad,30-Jun-24,18:00 Hrs,338,15399,324.1,1549,1.5,2,3,4.5,Normal
RAVI,Jassar,30-Jun-24,18:00 Hrs,-,-,776.7,3901,0.5,0.75,1,1.5,Normal
RAVI,Shahdara,30-Jun-24,18:00 Hrs,-,-,673.1,14129,0.4,0.65,0.9,1.35,Normal
RAVI,Balloki,30-Jun-24,18:00 Hrs,633.5,33835,618.6,7335,0.4,0.65,0.9,1.35,Normal
RAVI,Sidhnai,30-Jun-24,18:00 Hrs,467,16100,451.5,-,0.3,0.45,0.6,0.9,Normal
SUTLEJ,Bhakara**,30-Jun-24,18:00 Hrs,,-,-,-,-,-,-,-,-
SUTLEJ,Sulemanki,30-Jun-24,18:00 Hrs,569,16400,558.5,2992,0.5,0.8,1.2,1.75,Normal
SUTLEJ,Islam,30-Jun-24,18:00 Hrs,455,2849,434,449,0.5,0.8,1.2,1.75,Normal
INDUS,khairabad,30-Jun-24,23:59 Hrs,-,-,16.8,199400,2.25,3.75,5,6.5,Normal
INDUS,Kalabagh,30-Jun-24,23:59 Hrs,693,222313,680.3,214697,2.5,3.75,5,6.5,Normal
INDUS,Chashma,30-Jun-24,23:59 Hrs,646.8,206538,614.2,199938,2.5,3.75,5,6.5,Normal
INDUS,Taunsa,30-Jun-24,23:59 Hrs,446.7,199288,429.8,174788,2.5,3.75,5,6.5,Normal
INDUS,Guddu,30-Jun-24,23:59 Hrs,255.2,100146,247,75526,2,3.5,5,7,Normal
INDUS,Sukkar,30-Jun-24,23:59 Hrs,196.9,59135,188.5,18205,2,3.5,5,7,Normal
INDUS,Kotri,30-Jun-24,23:59 Hrs,70,70684,48,28409,2.5,4,5,6.5,Normal
JHELUM,Kotli,30-Jun-24,23:59 Hrs,-,-,7.9,3440,-,-,-,-,-
JHELUM,Rasul,30-Jun-24,23:59 Hrs,719.1,36074,697,15800,0.75,1.1,1.5,2.25,Normal
CHENAB,Marala,30-Jun-24,23:59 Hrs,812,69550,797.9,38277,1,1.5,2,4,Normal
CHENAB,Khanki,30-Jun-24,23:59 Hrs,733,49578,724.2,41642,1,1.5,2,4,Normal
CHENAB,Qadirabad,30-Jun-24,23:59 Hrs,700,57170,687.7,37645,1,1.5,2,4,Normal
CHENAB,Trimmu,30-Jun-24,23:59 Hrs,490.5,20635,479,3235,1.5,2,3,4.5,Normal
CHENAB,Punjnad,30-Jun-24,23:59 Hrs,338,14811,323.9,931,1.5,2,3,4.5,Normal
RAVI,Jassar,30-Jun-24,23:59 Hrs,-,-,776.7,3901,0.5,0.75,1,1.5,Normal
RAVI,Shahdara,30-Jun-24,23:59 Hrs,-,-,673.2,14537,0.4,0.65,0.9,1.35,Normal
RAVI,Balloki,30-Jun-24,23:59 Hrs,633.5,33835,618.6,7335,0.4,0.65,0.9,1.35,Normal
RAVI,Sidhnai,30-Jun-24,23:59 Hrs,467,16100,451.5,-,0.3,0.45,0.6,0.9,Normal
SUTLEJ,Bhakara**,30-Jun-24,23:59 Hrs,,-,-,-,-,-,-,-,-
SUTLEJ,Sulemanki,30-Jun-24,23:59 Hrs,569,16400,558.5,2992,0.5,0.8,1.2,1.75,Normal
SUTLEJ,Islam,30-Jun-24,23:59 Hrs,455,2400,433.9,-,0.5,0.8,1.2,1.75,Normal
INDUS,khairabad,01-Jul-24,06:00 Hrs,-,-,16.2,192600,2.25,3.75,5,6.5,Normal
INDUS,Kalabagh,01-Jul-24,06:00 Hrs,693,221323,680.3,213383,2.5,3.75,5,6.5,Normal
INDUS,Chashma,01-Jul-24,06:00 Hrs,647.2,208695,614.4,200026,2.5,3.75,5,6.5,Normal
INDUS,Taunsa,01-Jul-24,06:00 Hrs,446.7,194624,429.8,170124,2.5,3.75,5,6.5,Normal
INDUS,Guddu,01-Jul-24,06:00 Hrs,255.4,111781,247.3,85846,2,3.5,5,7,Normal
INDUS,Sukkar,01-Jul-24,06:00 Hrs,195.6,55030,188.1,18200,2,3.5,5,7,Normal
INDUS,Kotri,01-Jul-24,06:00 Hrs,69.9,67583,46.7,19308,2.5,4,5,6.5,Normal
JHELUM,Kotli,01-Jul-24,06:00 Hrs,-,,8.1,3880,-,-,-,-,-
JHELUM,Rasul,01-Jul-24,06:00 Hrs,719,36074,697,15800,0.75,1.1,1.5,2.25,Normal
CHENAB,Marala,01-Jul-24,06:00 Hrs,812,64197,797.5,32924,1,1.5,2,4,Normal
CHENAB,Khanki,01-Jul-24,06:00 Hrs,733,46400,723.5,38464,1,1.5,2,4,Normal
CHENAB,Qadirabad,01-Jul-24,06:00 Hrs,700,57170,687.7,37645,1,1.5,2,4,Normal
CHENAB,Trimmu,01-Jul-24,06:00 Hrs,490.5,22720,479.3,5320,1.5,2,3,4.5,Normal
CHENAB,Punjnad,01-Jul-24,06:00 Hrs,338,13880,322.5,-,1.5,2,3,4.5,Normal
RAVI,Jassar,01-Jul-24,06:00 Hrs,-,-,776.7,3901,0.5,0.75,1,1.5,Normal
RAVI,Shahdara,01-Jul-24,06:00 Hrs,-,-,673.1,14129,0.4,0.65,0.9,1.35,Normal
RAVI,Balloki,01-Jul-24,06:00 Hrs,633.5,33835,618.6,7335,0.4,0.65,0.9,1.35,Normal
RAVI,Sidhnai,01-Jul-24,06:00 Hrs,467.6,16100,451.5,-,0.3,0.45,0.6,0.9,Normal
SUTLEJ,Bhakara**,01-Jul-24,06:00 Hrs,-,-,-,-,-,-,-,-,-
SUTLEJ,Sulemanki,01-Jul-24,06:00 Hrs,569,16672,558.7,3264,0.5,0.8,1.2,1.75,Normal
SUTLEJ,Islam,01-Jul-24,06:00 Hrs,455,2849,434,449,0.5,0.8,1.2,1.75,Normal
INDUS,khairabad,01-Jul-24,12:00 Hrs,-,-,14,168300,2.25,3.75,5,6.5,Normal
INDUS,Kalabagh,01-Jul-24,12:00 Hrs,693,233604,680.5,225664,2.5,3.75,5,6.5,Normal
INDUS,Chashma,01-Jul-24,12:00 Hrs,647.7,208750,614.2,200081,2.5,3.75,5,6.5,Normal
INDUS,Taunsa,01-Jul-24,12:00 Hrs,446.7,191718,429.7,166718,2.5,3.75,5,6.5,Normal
INDUS,Guddu,01-Jul-24,12:00 Hrs,255.6,115013,247.6,88280,2,3.5,5,7,Normal
INDUS,Sukkar,01-Jul-24,12:00 Hrs,195.6,55030,188.1,18200,2,3.5,5,7,Normal
INDUS,Kotri,01-Jul-24,12:00 Hrs,69.9,55085,45.3,12810,2.5,4,5,6.5,Normal
JHELUM,Kotli,01-Jul-24,12:00 Hrs,-,-,8.1,3880,-,-,-,-,-
JHELUM,Rasul,01-Jul-24,12:00 Hrs,719,20274,691.5,-,0.75,1.1,1.5,2.25,Normal
CHENAB,Marala,01-Jul-24,12:00 Hrs,812,69450,797.9,38277,1,1.5,2,4,Normal
CHENAB,Khanki,01-Jul-24,12:00 Hrs,733,49578,724.2,41642,1,1.5,2,4,Normal
CHENAB,Qadirabad,01-Jul-24,12:00 Hrs,700,54606,687.6,35081,1,1.5,2,4,Normal
CHENAB,Trimmu,01-Jul-24,12:00 Hrs,490.5,22720,479.3,5320,1.5,2,3,4.5,Normal
CHENAB,Punjnad,01-Jul-24,12:00 Hrs,338,13880,322.5,-,1.5,2,3,4.5,Normal
RAVI,Jassar,01-Jul-24,12:00 Hrs,-,-,776.6,3648,0.5,0.75,1,1.5,Normal
RAVI,Shahdara,01-Jul-24,12:00 Hrs,-,-,673.2,14537,0.4,0.65,0.9,1.35,Normal
RAVI,Balloki,01-Jul-24,12:00 Hrs,633.5,33835,618.6,7335,0.4,0.65,0.9,1.35,Normal
RAVI,Sidhnai,01-Jul-24,12:00 Hrs,467,16100,451.5,-,0.3,0.45,0.6,0.9,Normal
SUTLEJ,Bhakara**,01-Jul-24,12:00 Hrs,,-,-,-,-,-,-,-,-
SUTLEJ,Sulemanki,01-Jul-24,12:00 Hrs,569,16672,558.7,3264,0.5,0.8,1.2,1.75,Normal
SUTLEJ,Islam,01-Jul-24,12:00 Hrs,455,2849,434,449,0.5,0.8,1.2,1.75,Normal
INDUS,khairabad,01-Jul-24,18:00 Hrs,-,-,15.8,188100,2.25,3.75,5,6.5,Normal
INDUS,Kalabagh,01-Jul-24,18:00 Hrs,693,213695,680.2,205755,2.5,3.75,5,6.5,Normal
INDUS,Chashma,01-Jul-24,18:00 Hrs,647.9,206606,614.2,199937,2.5,3.75,5,6.5,Normal
INDUS,Taunsa,01-Jul-24,18:00 Hrs,446.7,191224,429.7,164453,2.5,3.75,5,6.5,Normal
INDUS,Guddu,01-Jul-24,18:00 Hrs,255.6,115013,247.6,88280,2,3.5,5,7,Normal
INDUS,Sukkar,01-Jul-24,18:00 Hrs,195.6,55030,188.1,18200,2,3.5,5,7,Normal
INDUS,Kotri,01-Jul-24,18:00 Hrs,69.9,55085,45.3,12810,2.5,4,5,6.5,Normal
JHELUM,Kotli,01-Jul-24,18:00 Hrs,-,-,7.9,3440,-,-,-,-,-
JHELUM,Rasul,01-Jul-24,18:00 Hrs,719,20274,691.5,Nil,0.75,1.1,1.5,2.25,Normal
CHENAB,Marala,01-Jul-24,18:00 Hrs,812,80156,798.6,48983,1,1.5,2,4,Normal
CHENAB,Khanki,01-Jul-24,18:00 Hrs,733,49603,724.2,41642,1,1.5,2,4,Normal
CHENAB,Qadirabad,01-Jul-24,18:00 Hrs,700,54606,687.6,35081,1,1.5,2,4,Normal
CHENAB,Trimmu,01-Jul-24,18:00 Hrs,490.5,22720,479.3,5320,1.5,2,3,4.5,Normal
CHENAB,Punjnad,01-Jul-24,18:00 Hrs,337.8,13880,322.5,Nil,1.5,2,3,4.5,Normal
RAVI,Jassar,01-Jul-24,18:00 Hrs,-,-,776.6,3648,0.5,0.75,1,1.5,Normal
RAVI,Shahdara,01-Jul-24,18:00 Hrs,-,-,673.3,14945,0.4,0.65,0.9,1.35,Normal
RAVI,Balloki,01-Jul-24,18:00 Hrs,633.5,33835,618.6,7335,0.4,0.65,0.9,1.35,Normal
RAVI,Sidhnai,01-Jul-24,18:00 Hrs,467,16100,451.5,Nil,0.3,0.45,0.6,0.9,Normal
SUTLEJ,Bhakara**,01-Jul-24,18:00 Hrs,,-,-,-,-,-,-,-,-
SUTLEJ,Sulemanki,01-Jul-24,18:00 Hrs,569,16672,558.7,3264,0.5,0.8,1.2,1.75,Normal
SUTLEJ,Islam,01-Jul-24,18:00 Hrs,455,2849,434,449,0.5,0.8,1.2,1.75,Normal
INDUS,khairabad,01-Jul-24,23:59 Hrs,-,-,17.3,205100,2.25,3.75,5,6.5,Normal
INDUS,Kalabagh,01-Jul-24,23:59 Hrs,693,200541,679.9,192601,2.5,3.75,5,6.5,Normal
INDUS,Chashma,01-Jul-24,23:59 Hrs,648,208736,614.2,200067,2.5,3.75,5,6.5,Normal
INDUS,Taunsa,01-Jul-24,23:59 Hrs,446.7,191224,429.7,164453,2.5,3.75,5,6.5,Normal
INDUS,Guddu,01-Jul-24,23:59 Hrs,255.6,115013,247.6,88280,2,3.5,5,7,Normal
INDUS,Sukkar,01-Jul-24,23:59 Hrs,195.6,55030,188.1,18200,2,3.5,5,7,Normal
INDUS,Kotri,01-Jul-24,23:59 Hrs,69.9,55085,45.3,12810,2.5,4,5,6.5,Normal
JHELUM,Kotli,01-Jul-24,23:59 Hrs,-,-,7.8,3220,-,-,-,-,-
JHELUM,Rasul,01-Jul-24,23:59 Hrs,719,25615,694,5341,0.75,1.1,1.5,2.25,Normal
CHENAB,Marala,01-Jul-24,23:59 Hrs,812,85613,799,54290,1,1.5,2,4,Normal
CHENAB,Khanki,01-Jul-24,23:59 Hrs,733,46425,723.5,38464,1,1.5,2,4,Normal
CHENAB,Qadirabad,01-Jul-24,23:59 Hrs,700,57170,687.7,37645,1,1.5,2,4,Normal
CHENAB,Trimmu,01-Jul-24,23:59 Hrs,490.5,26629,480.1,9229,1.5,2,3,4.5,Normal
CHENAB,Punjnad,01-Jul-24,23:59 Hrs,337.7,13880,322.5,-,1.5,2,3,4.5,Normal
RAVI,Jassar,01-Jul-24,23:59 Hrs,-,-,776.6,3648,0.5,0.75,1,1.5,Normal
RAVI,Shahdara,01-Jul-24,23:59 Hrs,-,-,673.1,14129,0.4,0.65,0.9,1.35,Normal
RAVI,Balloki,01-Jul-24,23:59 Hrs,633.5,33835,618.6,7335,0.4,0.65,0.9,1.35,Normal
RAVI,Sidhnai,01-Jul-24,23:59 Hrs,467,16100,451.5,-,0.3,0.45,0.6,0.9,Normal
SUTLEJ,Bhakara**,01-Jul-24,23:59 Hrs,,-,-,-,-,-,-,-,-
SUTLEJ,Sulemanki,01-Jul-24,23:59 Hrs,569,16672,558.7,3264,0.5,0.8,1.2,1.75,Normal
SUTLEJ,Islam,01-Jul-24,23:59 Hrs,455,2849,434,449,0.5,0.8,1.2,1.75,Normal
INDUS,khairabad,02-Jul-24,06:00 Hrs,-,-,17.2,204000,2.25,3.75,5,6.5,Normal
INDUS,Kalabagh,02-Jul-24,06:00 Hrs,693,214170,680.2,206230,2.5,3.75,5,6.5,Normal
INDUS,Chashma,02-Jul-24,06:00 Hrs,648.4,206309,614.2,199709,2.5,3.75,5,6.5,Normal
INDUS,Taunsa,02-Jul-24,06:00 Hrs,446.7,198808,429.8,170975,2.5,3.75,5,6.5,Normal
INDUS,Guddu,02-Jul-24,06:00 Hrs,255.8,119307,248,91674,2,3.5,5,7,Normal
INDUS,Sukkar,02-Jul-24,06:00 Hrs,195.9,57590,188.1,18500,2,3.5,5,7,Normal
INDUS,Kotri,02-Jul-24,06:00 Hrs,69.9,47805,43.1,5470,2.5,4,5,6.5,Normal
JHELUM,Kotli,02-Jul-24,06:00 Hrs,-,-,8,3660,-,-,-,-,-
JHELUM,Rasul,02-Jul-24,06:00 Hrs,719,26025,694,5341,0.75,1.1,1.5,2.25,Normal
CHENAB,Marala,02-Jul-24,06:00 Hrs,812,85659,799,54336,1,1.5,2,4,Normal
CHENAB,Khanki,02-Jul-24,06:00 Hrs,733,49603,724.2,41642,1,1.5,2,4,Normal
CHENAB,Qadirabad,02-Jul-24,06:00 Hrs,700,57170,687.7,37645,1,1.5,2,4,Normal
CHENAB,Trimmu,02-Jul-24,06:00 Hrs,490.5,26629,480.1,9229,1.5,2,3,4.5,Normal
CHENAB,Punjnad,02-Jul-24,06:00 Hrs,337.6,13880,322.5,-,1.5,2,3,4.5,Normal
RAVI,Jassar,02-Jul-24,06:00 Hrs,-,-,776.6,3648,0.5,0.75,1,1.5,Normal
RAVI,Shahdara,02-Jul-24,06:00 Hrs,-,-,673.1,14129,0.4,0.65,0.9,1.35,Normal
RAVI,Balloki,02-Jul-24,06:00 Hrs,633.5,33835,618.6,7335,0.4,0.65,0.9,1.35,Normal
RAVI,Sidhnai,02-Jul-24,06:00 Hrs,467,16100,451.5,-,0.3,0.45,0.6,0.9,Normal
SUTLEJ,Bhakara**,02-Jul-24,06:00 Hrs,,-,-,-,-,-,-,-,-
SUTLEJ,Sulemanki,02-Jul-24,06:00 Hrs,569,16419,558.7,3264,0.5,0.8,1.2,1.75,Normal
SUTLEJ,Islam,02-Jul-24,06:00 Hrs,455,2849,434,449,0.5,0.8,1.2,1.75,Normal
INDUS,khairabad,02-Jul-24,12:00 Hrs,-,-,14,168300,2.25,3.75,5,6.5,Normal
INDUS,Kalabagh,02-Jul-24,12:00 Hrs,693,225180,680.4,217240,2.5,3.75,5,6.5,Normal
INDUS,Chashma,02-Jul-24,12:00 Hrs,648.5,217300,614.3,210700,2.5,3.75,5,6.5,Normal
INDUS,Taunsa,02-Jul-24,12:00 Hrs,446.7,195398,429.7,168042,2.5,3.75,5,6.5,Normal
INDUS,Guddu,02-Jul-24,12:00 Hrs,256.2,122593,248.1,93421,2,3.5,5,7,Normal
INDUS,Sukkar,02-Jul-24,12:00 Hrs,195.9,57590,188.1,18500,2,3.5,5,7,Normal
INDUS,Kotri,02-Jul-24,12:00 Hrs,69.9,46367,42.1,4032,2.5,4,5,6.5,Normal
JHELUM,Kotli,02-Jul-24,12:00 Hrs,-,-,8.1,3880,-,-,-,-,-
JHELUM,Rasul,02-Jul-24,12:00 Hrs,718.8,19644,691.5,-,0.75,1.1,1.5,2.25,Normal
CHENAB,Marala,02-Jul-24,12:00 Hrs,812,74953,798.3,43630,1,1.5,2,4,Normal
CHENAB,Khanki,02-Jul-24,12:00 Hrs,733,53441,724.5,45480,1,1.5,2,4,Normal
CHENAB,Qadirabad,02-Jul-24,12:00 Hrs,700,58330,687.9,38805,1,1.5,2,4,Normal
CHENAB,Trimmu,02-Jul-24,12:00 Hrs,490.5,27605,480.2,10205,1.5,2,3,4.5,Normal
CHENAB,Punjnad,02-Jul-24,12:00 Hrs,337.5,12131,322.5,-,1.5,2,3,4.5,Normal
RAVI,Jassar,02-Jul-24,12:00 Hrs,-,-,776,2129,0.5,0.75,1,1.5,Normal
RAVI,Shahdara,02-Jul-24,12:00 Hrs,-,-,673.1,14129,0.4,0.65,0.9,1.35,Normal
RAVI,Balloki,02-Jul-24,12:00 Hrs,633.5,33835,618.6,7335,0.4,0.65,0.9,1.35,Normal
RAVI,Sidhnai,02-Jul-24,12:00 Hrs,467,16100,451.5,-,0.3,0.45,0.6,0.9,Normal
SUTLEJ,Bhakara**,02-Jul-24,12:00 Hrs,,-,-,-,-,-,-,-,-
SUTLEJ,Sulemanki,02-Jul-24,12:00 Hrs,569,16419,558.7,3264,0.5,0.8,1.2,1.75,Normal
SUTLEJ,Islam,02-Jul-24,12:00 Hrs,455,2400,433.9,-,0.5,0.8,1.2,1.75,Normal
INDUS,khairabad,02-Jul-24,18:00 Hrs,-,-,14.2,170400,2.25,3.75,5,6.5,Normal
INDUS,Kalabagh,02-Jul-24,18:00 Hrs,693,200662,679.9,192722,2.5,3.75,5,6.5,Normal
INDUS,Chashma,02-Jul-24,18:00 Hrs,648.5,220054,614.3,213454,2.5,3.75,5,6.5,Normal
INDUS,Taunsa,02-Jul-24,18:00 Hrs,446.7,195398,429.7,168042,2.5,3.75,5,6.5,Normal
INDUS,Guddu,02-Jul-24,18:00 Hrs,256.6,128929,248.3,97629,2,3.5,5,7,Normal
INDUS,Sukkar,02-Jul-24,18:00 Hrs,196.4,60050,188.1,19000,2,3.5,5,7,Normal
INDUS,Kotri,02-Jul-24,18:00 Hrs,69.9,46367,42.1,4032,2.5,4,5,6.5,Normal
JHELUM,Kotli,02-Jul-24,18:00 Hrs,-,-,8.1,3880,-,-,-,-,-
JHELUM,Rasul,02-Jul-24,18:00 Hrs,718.8,15500,691.5,-,0.75,1.1,1.5,2.25,Normal
CHENAB,Marala,02-Jul-24,18:00 Hrs,812,80406,798.6,48983,1,1.5,2,4,Normal
CHENAB,Khanki,02-Jul-24,18:00 Hrs,733,59714,725.4,51600,1,1.5,2,4,Normal
CHENAB,Qadirabad,02-Jul-24,18:00 Hrs,700,60867,688.1,41342,1,1.5,2,4,Normal
CHENAB,Trimmu,02-Jul-24,18:00 Hrs,490.5,27605,480.2,10205,1.5,2,3,4.5,Normal
CHENAB,Punjnad,02-Jul-24,18:00 Hrs,337.5,11836,322.5,-,1.5,2,3,4.5,Normal
RAVI,Jassar,02-Jul-24,18:00 Hrs,-,-,776,2129,0.5,0.75,1,1.5,Normal
RAVI,Shahdara,02-Jul-24,18:00 Hrs,-,-,673.1,14129,0.4,0.65,0.9,1.35,Normal
RAVI,Balloki,02-Jul-24,18:00 Hrs,633.5,33835,618.6,7335,0.4,0.65,0.9,1.35,Normal
RAVI,Sidhnai,02-Jul-24,18:00 Hrs,467,16100,451.5,-,0.3,0.45,0.6,0.9,Normal
SUTLEJ,Bhakara**,02-Jul-24,18:00 Hrs,-,-,-,-,-,-,-,-,-
SUTLEJ,Sulemanki,02-Jul-24,18:00 Hrs,569,16520,558.7,3264,0.5,0.8,1.2,1.75,Normal
SUTLEJ,Islam,02-Jul-24,18:00 Hrs,455,2400,433.9,-,0.5,0.8,1.2,1.75,Normal
INDUS,khairabad,02-Jul-24,23:59 Hrs,-,-,15.8,200500,2.25,3.75,5,6.5,Normal
INDUS,Kalabagh,02-Jul-24,23:59 Hrs,693,195375,679.7,187435,2.5,3.75,5,6.5,Normal
INDUS,Chashma,02-Jul-24,23:59 Hrs,648.5,221502,614.9,214902,2.5,3.75,5,6.5,Normal
INDUS,Taunsa,02-Jul-24,23:59 Hrs,446.7,195398,429.7,168042,2.5,3.75,5,6.5,Normal
INDUS,Guddu,02-Jul-24,23:59 Hrs,256.6,128929,248.3,97629,2,3.5,5,7,Normal
INDUS,Sukkar,02-Jul-24,23:59 Hrs,196.4,60050,188.1,19000,2,3.5,5,7,Normal
INDUS,Kotri,02-Jul-24,23:59 Hrs,69.9,46367,42.1,4032,2.5,4,5,6.5,Normal
JHELUM,Kotli,02-Jul-24,23:59 Hrs,-,-,8.2,4110,-,-,-,-,-
JHELUM,Rasul,02-Jul-24,23:59 Hrs,718.4,14175,691.5,-,0.75,1.1,1.5,2.25,Normal
CHENAB,Marala,02-Jul-24,23:59 Hrs,812,85807,799,54234,1,1.5,2,4,Normal
CHENAB,Khanki,02-Jul-24,23:59 Hrs,733,56401,725.1,48224,1,1.5,2,4,Normal
CHENAB,Qadirabad,02-Jul-24,23:59 Hrs,700,63300,688.3,43775,1,1.5,2,4,Normal
CHENAB,Trimmu,02-Jul-24,23:59 Hrs,490.5,29716,480.9,12316,1.5,2,3,4.5,Normal
CHENAB,Punjnad,02-Jul-24,23:59 Hrs,337.5,11690,322.5,-,1.5,2,3,4.5,Normal
RAVI,Jassar,02-Jul-24,23:59 Hrs,-,-,776,2129,0.5,0.75,1,1.5,Normal
RAVI,Shahdara,02-Jul-24,23:59 Hrs,-,-,673.1,14129,0.4,0.65,0.9,1.35,Normal
RAVI,Balloki,02-Jul-24,23:59 Hrs,633.5,38835,618.6,7335,0.4,0.65,0.9,1.35,Normal
RAVI,Sidhnai,02-Jul-24,23:59 Hrs,467,16100,451.5,-,0.3,0.45,0.6,0.9,Normal
SUTLEJ,Bhakara**,02-Jul-24,23:59 Hrs,-,-,-,-,-,-,-,-,-
SUTLEJ,Sulemanki,02-Jul-24,23:59 Hrs,569,16520,558.7,3264,0.5,0.8,1.2,1.75,Normal
SUTLEJ,Islam,02-Jul-24,23:59 Hrs,455,2400,433.9,-,0.5,0.8,1.2,1.75,Normal
INDUS,khairabad,03-Jul-24,06:00 Hrs,-,-,16.2,192600,2.25,3.75,5,6.5,Normal
INDUS,Kalabagh,03-Jul-24,06:00 Hrs,693,201680,679.9,193740,2.5,3.75,5,6.5,Normal
INDUS,Chashma,03-Jul-24,06:00 Hrs,648.5,215395,614.9,208795,2.5,3.75,5,6.5,Normal
INDUS,Taunsa,03-Jul-24,06:00 Hrs,446.7,195398,429.7,168042,2.5,3.75,5,6.5,Normal
INDUS,Guddu,03-Jul-24,06:00 Hrs,257.5,138326,248.5,101663,2,3.5,5,7,Normal
INDUS,Sukkar,03-Jul-24,06:00 Hrs,197.4,71088,188.4,24398,2,3.5,5,7,Normal
INDUS,Kotri,03-Jul-24,06:00 Hrs,69.4,44915,41.6,3180,2.5,4,5,6.5,Normal
JHELUM,Kotli,03-Jul-24,06:00 Hrs,-,-,8.2,4110,-,-,-,-,-
JHELUM,Rasul,03-Jul-24,06:00 Hrs,719,13203,691.5,-,0.75,1.1,1.5,2.25,Normal
CHENAB,Marala,03-Jul-24,06:00 Hrs,812,80556,798.6,48983,1,1.5,2,4,Normal
CHENAB,Khanki,03-Jul-24,06:00 Hrs,733,56401,725.1,48224,1,1.5,2,4,Normal
CHENAB,Qadirabad,03-Jul-24,06:00 Hrs,700,63300,688.3,43775,1,1.5,2,4,Normal
CHENAB,Trimmu,03-Jul-24,06:00 Hrs,490.5,29716,480.9,12316,1.5,2,3,4.5,Normal
CHENAB,Punjnad,03-Jul-24,06:00 Hrs,337.5,11690,322.5,-,1.5,2,3,4.5,Normal
RAVI,Jassar,03-Jul-24,06:00 Hrs,-,-,776,2129,0.5,0.75,1,1.5,Normal
RAVI,Shahdara,03-Jul-24,06:00 Hrs,-,-,673.2,14537,0.4,0.65,0.9,1.35,Normal
RAVI,Balloki,03-Jul-24,06:00 Hrs,633.5,33835,618.6,7335,0.4,0.65,0.9,1.35,Normal
RAVI,Sidhnai,03-Jul-24,06:00 Hrs,467,17146,452.5,1046,0.3,0.45,0.6,0.9,Normal
SUTLEJ,Bhakara**,03-Jul-24,06:00 Hrs,-,-,-,-,-,-,-,-,-
SUTLEJ,Sulemanki,03-Jul-24,06:00 Hrs,569,15789,558.5,2533,0.5,0.8,1.2,1.75,Normal
SUTLEJ,Islam,03-Jul-24,06:00 Hrs,455,2849,434,449,0.5,0.8,1.2,1.75,Normal
INDUS,khairabad,03-Jul-24,12:00 Hrs,-,-,14.5,173700,2.25,3.75,5,6.5,Normal
INDUS,Kalabagh,03-Jul-24,12:00 Hrs,693,216164,680.2,208224,2.5,3.75,5,6.5,Normal
INDUS,Chashma,03-Jul-24,12:00 Hrs,648.5,207260,614.6,200660,2.5,3.75,5,6.5,Normal
INDUS,Taunsa,03-Jul-24,12:00 Hrs,446.7,195398,429.7,168042,2.5,3.75,5,6.5,Normal
INDUS,Guddu,03-Jul-24,12:00 Hrs,257.9,140816,248.55,103621,2,3.5,5,7,Normal
INDUS,Sukkar,03-Jul-24,12:00 Hrs,197.6,75080,188.7,26290,2,3.5,5,7,Normal
INDUS,Kotri,03-Jul-24,12:00 Hrs,69.4,44915,41.6,3180,2.5,4,5,6.5,Normal
JHELUM,Kotli,03-Jul-24,12:00 Hrs,-,-,8.1,3880,-,-,-,-,-
JHELUM,Rasul,03-Jul-24,12:00 Hrs,719.1,21242,694,5341,0.75,1.1,1.5,2.25,Normal
CHENAB,Marala,03-Jul-24,12:00 Hrs,812,80556,798.6,48983,1,1.5,2,4,Normal
CHENAB,Khanki,03-Jul-24,12:00 Hrs,733,56401,725.1,48224,1,1.5,2,4,Normal
CHENAB,Qadirabad,03-Jul-24,12:00 Hrs,700,63300,688.3,43775,1,1.5,2,4,Normal
CHENAB,Trimmu,03-Jul-24,12:00 Hrs,490.5,31384,481.3,13984,1.5,2,3,4.5,Normal
CHENAB,Punjnad,03-Jul-24,12:00 Hrs,337.5,10820,322.5,-,1.5,2,3,4.5,Normal
RAVI,Jassar,03-Jul-24,12:00 Hrs,-,-,776,2129,0.5,0.75,1,1.5,Normal
RAVI,Shahdara,03-Jul-24,12:00 Hrs,-,-,673.2,14537,0.4,0.65,0.9,1.35,Normal
RAVI,Balloki,03-Jul-24,12:00 Hrs,633.5,33835,618.6,7335,0.4,0.65,0.9,1.35,Normal
RAVI,Sidhnai,03-Jul-24,12:00 Hrs,467,17422,452.6,1322,0.3,0.45,0.6,0.9,Normal
SUTLEJ,Bhakara**,03-Jul-24,12:00 Hrs,-,-,-,-,-,-,-,-,-
SUTLEJ,Sulemanki,03-Jul-24,12:00 Hrs,569,15789,558.5,2533,0.5,0.8,1.2,1.75,Normal
SUTLEJ,Islam,03-Jul-24,12:00 Hrs,455,2849,434,449,0.5,0.8,1.2,1.75,Normal
INDUS,khairabad,03-Jul-24,18:00 Hrs,-,-,13.4,161800,2.25,3.75,5,6.5,Normal
INDUS,Kalabagh,03-Jul-24,18:00 Hrs,693,203195,679.9,195255,2.5,3.75,5,6.5,Normal
INDUS,Chashma,03-Jul-24,18:00 Hrs,648.5,206514,614.6,199914,2.5,3.75,5,6.5,Normal
INDUS,Taunsa,03-Jul-24,18:00 Hrs,446.7,195398,429.7,168042,2.5,3.75,5,6.5,Normal
INDUS,Guddu,03-Jul-24,18:00 Hrs,258.1,141173,248.7,103898,2,3.5,5,7,Normal
INDUS,Sukkar,03-Jul-24,18:00 Hrs,197.6,75080,188.7,26290,2,3.5,5,7,Normal
INDUS,Kotri,03-Jul-24,18:00 Hrs,69.4,44915,41.6,3180,2.5,4,5,6.5,Normal
JHELUM,Kotli,03-Jul-24,18:00 Hrs,-,-,8.1,3880,-,-,-,-,-
JHELUM,Rasul,03-Jul-24,18:00 Hrs,719,16225,691.5,-,0.75,1.1,1.5,2.25,Normal
CHENAB,Marala,03-Jul-24,18:00 Hrs,812.1,85909,799,54336,1,1.5,2,4,Normal
CHENAB,Khanki,03-Jul-24,18:00 Hrs,733,60113,725.3,51936,1,1.5,2,4,Normal
CHENAB,Qadirabad,03-Jul-24,18:00 Hrs,700,65716,688.5,46191,1,1.5,2,4,Normal
CHENAB,Trimmu,03-Jul-24,18:00 Hrs,490.5,31384,481.3,13984,1.5,2,3,4.5,Normal
CHENAB,Punjnad,03-Jul-24,18:00 Hrs,337.5,10570,322.5,-,1.5,2,3,4.5,Normal
RAVI,Jassar,03-Jul-24,18:00 Hrs,-,-,776,2129,0.5,0.75,1,1.5,Normal
RAVI,Shahdara,03-Jul-24,18:00 Hrs,-,-,673.2,14537,0.4,0.65,0.9,1.35,Normal
RAVI,Balloki,03-Jul-24,18:00 Hrs,633.5,33835,618.6,7335,0.4,0.65,0.9,1.35,Normal
RAVI,Sidhnai,03-Jul-24,18:00 Hrs,467,17422,452.6,1322,0.3,0.45,0.6,0.9,Normal
SUTLEJ,Bhakara**,03-Jul-24,18:00 Hrs,-,-,-,-,-,-,-,-,-
SUTLEJ,Sulemanki,03-Jul-24,18:00 Hrs,569,15789,558.5,2533,0.5,0.8,1.2,1.75,Normal
SUTLEJ,Islam,03-Jul-24,18:00 Hrs,455,2849,434,550,0.5,0.8,1.2,1.75,Normal
INDUS,khairabad,03-Jul-24,23:59 Hrs,-,-,17.6,208600,2.25,3.75,5,6.5,Normal
INDUS,Kalabagh,03-Jul-24,23:59 Hrs,693,203195,679.9,195255,2.5,3.75,5,6.5,Normal
INDUS,Chashma,03-Jul-24,23:59 Hrs,648.4,206621,614.5,200021,2.5,3.75,5,6.5,Normal
INDUS,Taunsa,03-Jul-24,23:59 Hrs,446.7,195398,429.7,168042,2.5,3.75,5,6.5,Normal
INDUS,Guddu,03-Jul-24,23:59 Hrs,258.1,141173,248.7,103898,2,3.5,5,7,Normal
INDUS,Sukkar,03-Jul-24,23:59 Hrs,197.6,75080,188.7,26290,2,3.5,5,7,Normal
INDUS,Kotri,03-Jul-24,23:59 Hrs,69.4,44915,41.6,3180,2.5,4,5,6.5,Normal
JHELUM,Kotli,03-Jul-24,23:59 Hrs,-,-,8.2,4110,-,-,-,-,-
JHELUM,Rasul,03-Jul-24,23:59 Hrs,719,16225,691.5,-,0.75,1.1,1.5,2.25,Normal
CHENAB,Marala,03-Jul-24,23:59 Hrs,812,86059,799,54336,1,1.5,2,4,Normal
CHENAB,Khanki,03-Jul-24,23:59 Hrs,733,60113,725.3,51936,1,1.5,2,4,Normal
CHENAB,Qadirabad,03-Jul-24,23:59 Hrs,700,65716,688.5,46191,1,1.5,2,4,Normal
CHENAB,Trimmu,03-Jul-24,23:59 Hrs,490.5,32964,481.7,15565,1.5,2,3,4.5,Normal
CHENAB,Punjnad,03-Jul-24,23:59 Hrs,337.5,10570,322.5,-,1.5,2,3,4.5,Normal
RAVI,Jassar,03-Jul-24,23:59 Hrs,-,-,776,2129,0.5,0.75,1,1.5,Normal
RAVI,Shahdara,03-Jul-24,23:59 Hrs,-,-,673.1,14129,0.4,0.65,0.9,1.35,Normal
RAVI,Balloki,03-Jul-24,23:59 Hrs,633.5,33835,618.6,7335,0.4,0.65,0.9,1.35,Normal
RAVI,Sidhnai,03-Jul-24,23:59 Hrs,467,18083,452.8,1983,0.3,0.45,0.6,0.9,Normal
SUTLEJ,Bhakara**,03-Jul-24,23:59 Hrs,-,-,-,-,-,-,-,-,-
SUTLEJ,Sulemanki,03-Jul-24,23:59 Hrs,569,15789,558.5,2533,0.5,0.8,1.2,1.75,Normal
SUTLEJ,Islam,03-Jul-24,23:59 Hrs,455,2849,434,449,0.5,0.8,1.2,1.75,Normal
INDUS,khairabad,04-Jul-24,06:00 Hrs,-,-,16.2,192600,2.25,3.75,5,6.5,Normal
INDUS,Kalabagh,04-Jul-24,06:00 Hrs,693,201680,679.9,193740,2.5,3.75,5,6.5,Normal
INDUS,Chashma,04-Jul-24,06:00 Hrs,648.5,215395,614.9,208795,2.5,3.75,5,6.5,Normal
INDUS,Taunsa,04-Jul-24,06:00 Hrs,446.7,195398,429.7,168042,2.5,3.75,5,6.5,Normal
INDUS,Guddu,04-Jul-24,06:00 Hrs,257.5,138326,248.5,101663,2,3.5,5,7,Normal
INDUS,Sukkar,04-Jul-24,06:00 Hrs,197.4,71088,188.4,24398,2,3.5,5,7,Normal
INDUS,Kotri,04-Jul-24,06:00 Hrs,69.4,44915,41.6,3180,2.5,4,5,6.5,Normal
JHELUM,Kotli,04-Jul-24,06:00 Hrs,-,-,8.2,4110,-,-,-,-,-
JHELUM,Rasul,04-Jul-24,06:00 Hrs,719,13203,691.5,-,0.75,1.1,1.5,2.25,Normal
CHENAB,Marala,04-Jul-24,06:00 Hrs,812,80556,798.6,48983,1,1.5,2,4,Normal
CHENAB,Khanki,04-Jul-24,06:00 Hrs,733,56401,725.1,48224,1,1.5,2,4,Normal
CHENAB,Qadirabad,04-Jul-24,06:00 Hrs,700,63300,688.3,43775,1,1.5,2,4,Normal
CHENAB,Trimmu,04-Jul-24,06:00 Hrs,490.5,29716,480.9,12316,1.5,2,3,4.5,Normal
CHENAB,Punjnad,04-Jul-24,06:00 Hrs,337.5,11690,322.5,-,1.5,2,3,4.5,Normal
RAVI,Jassar,04-Jul-24,06:00 Hrs,-,-,776,2129,0.5,0.75,1,1.5,Normal
RAVI,Shahdara,04-Jul-24,06:00 Hrs,-,-,673.2,14537,0.4,0.65,0.9,1.35,Normal
RAVI,Balloki,04-Jul-24,06:00 Hrs,633.5,33835,618.6,7335,0.4,0.65,0.9,1.35,Normal
RAVI,Sidhnai,04-Jul-24,06:00 Hrs,467,17146,452.5,1046,0.3,0.45,0.6,0.9,Normal
SUTLEJ,Bhakara**,04-Jul-24,06:00 Hrs,-,-,-,-,-,-,-,-,-
SUTLEJ,Sulemanki,04-Jul-24,06:00 Hrs,569,15789,558.5,2533,0.5,0.8,1.2,1.75,Normal
SUTLEJ,Islam,04-Jul-24,06:00 Hrs,455,2849,434,449,0.5,0.8,1.2,1.75,Normal
INDUS,khairabad,04-Jul-24,12:00 Hrs,-,-,14.6,174800,2.25,3.75,5,6.5,Normal
INDUS,Kalabagh,04-Jul-24,12:00 Hrs,693,211683,680.2,203743,2.5,3.75,5,6.5,Normal
INDUS,Chashma,04-Jul-24,12:00 Hrs,648.5,210210,614.5,203610,2.5,3.75,5,6.5,Normal
INDUS,Taunsa,04-Jul-24,12:00 Hrs,446.7,198641,429.8,170831,2.5,3.75,5,6.5,Normal
INDUS,Guddu,04-Jul-24,12:00 Hrs,258.4,152320,248.8,112237,2,3.5,5,7,Normal
INDUS,Sukkar,04-Jul-24,12:00 Hrs,197.9,83310,189.3,35050,2,3.5,5,7,Normal
INDUS,Kotri,04-Jul-24,12:00 Hrs,68,36790,40.3,1285,2.5,4,5,6.5,Normal
JHELUM,Kotli,04-Jul-24,12:00 Hrs,-,-,8.4,4590,-,-,-,-,-
JHELUM,Rasul,04-Jul-24,12:00 Hrs,719,14791,691.5,-,0.75,1.1,1.5,2.25,Normal
CHENAB,Marala,04-Jul-24,12:00 Hrs,812,80706,798.6,48983,1,1.5,2,4,Normal
CHENAB,Khanki,04-Jul-24,12:00 Hrs,733,60113,725.3,51936,1,1.5,2,4,Normal
CHENAB,Qadirabad,04-Jul-24,12:00 Hrs,700,65716,688.5,46191,1,1.5,2,4,Normal
CHENAB,Trimmu,04-Jul-24,12:00 Hrs,490.5,34806,482.2,17406,1.5,2,3,4.5,Normal
CHENAB,Punjnad,04-Jul-24,12:00 Hrs,337.5,10140,322.5,-,1.5,2,3,4.5,Normal
RAVI,Jassar,04-Jul-24,12:00 Hrs,-,-,776,2129,0.5,0.75,1,1.5,Normal
RAVI,Shahdara,04-Jul-24,12:00 Hrs,-,-,673.1,14129,0.4,0.65,0.9,1.35,Normal
RAVI,Balloki,04-Jul-24,12:00 Hrs,633,33835,618.6,7335,0.4,0.65,0.9,1.35,Normal
RAVI,Sidhnai,04-Jul-24,12:00 Hrs,467,18083,453.2,1983,0.3,0.45,0.6,0.9,Normal
SUTLEJ,Bhakara**,04-Jul-24,12:00 Hrs,-,-,-,-,-,-,-,-,-
SUTLEJ,Sulemanki,04-Jul-24,12:00 Hrs,569,16520,558.7,3264,0.5,0.8,1.2,1.75,Normal
SUTLEJ,Islam,04-Jul-24,12:00 Hrs,455,2849,434,449,0.5,0.8,1.2,1.75,Normal
INDUS,khairabad,04-Jul-24,18:00 Hrs,-,-,14.4,172600,2.25,3.75,5,6.5,Normal
INDUS,Kalabagh,04-Jul-24,18:00 Hrs,693,201121,679.9,193181,2.5,3.75,5,6.5,Normal
INDUS,Chashma,04-Jul-24,18:00 Hrs,648.5,203799,614.5,197449,2.5,3.75,5,6.5,Normal
INDUS,Taunsa,04-Jul-24,18:00 Hrs,446.7,202593,429.8,174230,2.5,3.75,5,6.5,Normal
INDUS,Guddu,04-Jul-24,18:00 Hrs,258.4,152320,248.8,112237,2,3.5,5,7,Normal
INDUS,Sukkar,04-Jul-24,18:00 Hrs,197.9,83310,189.3,35050,2,3.5,5,7,Normal
INDUS,Kotri,04-Jul-24,18:00 Hrs,68,32940,40.3,1285,2.5,4,5,6.5,Normal
JHELUM,Kotli,04-Jul-24,18:00 Hrs,-,-,8.4,4590,-,-,-,-,-
JHELUM,Rasul,04-Jul-24,18:00 Hrs,719,12196,619.5,-,0.75,1.1,1.5,2.25,Normal
CHENAB,Marala,04-Jul-24,18:00 Hrs,812.1,86059,799,54336,1,1.5,2,4,Normal
CHENAB,Khanki,04-Jul-24,18:00 Hrs,733,64143,725.6,55943,1,1.5,2,4,Normal
CHENAB,Qadirabad,04-Jul-24,18:00 Hrs,700,63300,688.3,43775,1,1.5,2,4,Normal
CHENAB,Trimmu,04-Jul-24,18:00 Hrs,490.5,34806,482.2,17406,1.5,2,3,4.5,Normal
CHENAB,Punjnad,04-Jul-24,18:00 Hrs,337.5,10570,322.5,-,1.5,2,3,4.5,Normal
RAVI,Jassar,04-Jul-24,18:00 Hrs,-,-,776.3,2888,0.5,0.75,1,1.5,Normal
RAVI,Shahdara,04-Jul-24,18:00 Hrs,-,-,673.1,14129,0.4,0.65,0.9,1.35,Normal
RAVI,Balloki,04-Jul-24,18:00 Hrs,633.5,33835,618.5,7335,0.4,0.65,0.9,1.35,Normal
RAVI,Sidhnai,04-Jul-24,18:00 Hrs,467,18083,453.2,1983,0.3,0.45,0.6,0.9,Normal
SUTLEJ,Bhakara**,04-Jul-24,18:00 Hrs,-,-,-,-,-,-,-,-,-
SUTLEJ,Sulemanki,04-Jul-24,18:00 Hrs,569,18173,559.6,4954,0.5,0.8,1.2,1.75,Normal
SUTLEJ,Islam,04-Jul-24,18:00 Hrs,455,2849,434,449,0.5,0.8,1.2,1.75,Normal
INDUS,khairabad,04-Jul-24,23:59 Hrs,-,-,18.6,220300,2.25,3.75,5,6.5,Normal
INDUS,Kalabagh,04-Jul-24,23:59 Hrs,693,200227,679.9,192287,2.5,3.75,5,6.5,Normal
INDUS,Chashma,04-Jul-24,23:59 Hrs,648.5,214455,614.9,208405,2.5,3.75,5,6.5,Normal
INDUS,Taunsa,04-Jul-24,23:59 Hrs,446.7,202593,429.8,174230,2.5,3.75,5,6.5,Normal
INDUS,Guddu,04-Jul-24,23:59 Hrs,258.4,152320,248.8,112237,2,3.5,5,7,Normal
INDUS,Sukkar,04-Jul-24,23:59 Hrs,197.9,83310,189.3,35050,2,3.5,5,7,Normal
INDUS,Kotri,04-Jul-24,23:59 Hrs,68,32940,40.3,1285,2.5,4,5,6.5,Normal
JHELUM,Kotli,04-Jul-24,23:59 Hrs,-,-,8.3,4350,-,-,-,-,-
JHELUM,Rasul,04-Jul-24,23:59 Hrs,719,11709,691.5,-,0.75,1.1,1.5,2.25,Normal
CHENAB,Marala,04-Jul-24,23:59 Hrs,812,91562,799.5,59689,1,1.5,2,4,Normal
CHENAB,Khanki,04-Jul-24,23:59 Hrs,733,61950,725.4,53750,1,1.5,2,4,Normal
CHENAB,Qadirabad,04-Jul-24,23:59 Hrs,700,65716,688.5,46191,1,1.5,2,4,Normal
CHENAB,Trimmu,04-Jul-24,23:59 Hrs,490.5,34282,481.8,16882,1.5,2,3,4.5,Normal
CHENAB,Punjnad,04-Jul-24,23:59 Hrs,337.5,10920,322.5,-,1.5,2,3,4.5,Normal
RAVI,Jassar,04-Jul-24,23:59 Hrs,-,-,776.3,2888,0.5,0.75,1,1.5,Normal
RAVI,Shahdara,04-Jul-24,23:59 Hrs,-,-,673.2,14537,0.4,0.65,0.9,1.35,Normal
RAVI,Balloki,04-Jul-24,23:59 Hrs,633.5,34135,618.6,7335,0.4,0.65,0.9,1.35,Normal
RAVI,Sidhnai,04-Jul-24,23:59 Hrs,467,17422,453,1322,0.3,0.45,0.6,0.9,Normal
SUTLEJ,Bhakara**,04-Jul-24,23:59 Hrs,-,-,-,-,-,-,-,-,-
SUTLEJ,Sulemanki,04-Jul-24,23:59 Hrs,569,18173,559.6,4954,0.5,0.8,1.2,1.75,Normal
SUTLEJ,Islam,04-Jul-24,23:59 Hrs,455,2849,434,449,0.5,0.8,1.2,1.75,Normal
INDUS,khairabad,05-Jul-24,06:00 Hrs,-,-,20,237000,2.25,3.75,5,6.5,Low
INDUS,Kalabagh,05-Jul-24,06:00 Hrs,693,195163,679.7,187223,2.5,3.75,5,6.5,Normal
INDUS,Chashma,05-Jul-24,06:00 Hrs,648.5,213751,614.9,208001,2.5,3.75,5,6.5,Normal
INDUS,Taunsa,05-Jul-24,06:00 Hrs,446.7,202157,429.8,173855,2.5,3.75,5,6.5,Normal
INDUS,Guddu,05-Jul-24,06:00 Hrs,258.4,148150,248.7,108067,2,3.5,5,7,Normal
INDUS,Sukkar,05-Jul-24,06:00 Hrs,198.2,89030,189.6,38900,2,3.5,5,7,Normal
INDUS,Kotri,05-Jul-24,06:00 Hrs,67,29010,39.8,1005,2.5,4,5,6.5,Normal
JHELUM,Kotli,05-Jul-24,06:00 Hrs,-,-,8.3,4350,-,-,-,-,-
JHELUM,Rasul,05-Jul-24,06:00 Hrs,719,12480,691.5,-,0.75,1.1,1.5,2.25,Normal
CHENAB,Marala,05-Jul-24,06:00 Hrs,812,86209,799,54336,1,1.5,2,4,Normal
CHENAB,Khanki,05-Jul-24,06:00 Hrs,733,61950,725.4,53750,1,1.5,2,4,Normal
CHENAB,Qadirabad,05-Jul-24,06:00 Hrs,700,65716,688.5,46191,1,1.5,2,4,Normal
CHENAB,Trimmu,05-Jul-24,06:00 Hrs,490.5,34282,481.8,16882,1.5,2,3,4.5,Normal
CHENAB,Punjnad,05-Jul-24,06:00 Hrs,337.5,11220,322.5,-,1.5,2,3,4.5,Normal
RAVI,Jassar,05-Jul-24,06:00 Hrs,-,-,776.3,2888,0.5,0.75,1,1.5,Normal
RAVI,Shahdara,05-Jul-24,06:00 Hrs,-,-,673.3,14945,0.4,0.65,0.9,1.35,Normal
RAVI,Balloki,05-Jul-24,06:00 Hrs,633.5,34135,618.6,7335,0.4,0.65,0.9,1.35,Normal
RAVI,Sidhnai,05-Jul-24,06:00 Hrs,467,18417,453.3,2317,0.3,0.45,0.6,0.9,Normal
SUTLEJ,Bhakara**,05-Jul-24,06:00 Hrs,-,-,-,-,-,-,-,-,-
SUTLEJ,Sulemanki,05-Jul-24,06:00 Hrs,569,18318,559.5,5240,0.5,0.8,1.2,1.75,Normal
SUTLEJ,Islam,05-Jul-24,06:00 Hrs,455,3241,435.5,841,0.5,0.8,1.2,1.75,Normal
INDUS,khairabad,05-Jul-24,12:00 Hrs,-,-,16.8,199400,2.25,3.75,5,6.5,Normal
INDUS,Kalabagh,05-Jul-24,12:00 Hrs,693,232427,680.5,224487,2.5,3.75,5,6.5,Normal
INDUS,Chashma,05-Jul-24,12:00 Hrs,648.5,230490,615.2,224990,2.5,3.75,5,6.5,Normal
INDUS,Taunsa,05-Jul-24,12:00 Hrs,446.7,202157,429.8,173855,2.5,3.75,5,6.5,Normal
INDUS,Guddu,05-Jul-24,12:00 Hrs,258.45,147324,248.85,105642,2,3.5,5,7,Normal
INDUS,Sukkar,05-Jul-24,12:00 Hrs,198.2,90100,189.7,39800,2,3.5,5,7,Normal
INDUS,Kotri,05-Jul-24,12:00 Hrs,67,27461,39.8,1006,2.5,4,5,6.5,Normal
JHELUM,Kotli,05-Jul-24,12:00 Hrs,-,-,8.6,5070,-,-,-,-,-
JHELUM,Rasul,05-Jul-24,12:00 Hrs,719,13050,691.5,-,0.75,1.1,1.5,2.25,Normal
CHENAB,Marala,05-Jul-24,12:00 Hrs,812,80756,798.6,48883,1,1.5,2,4,Normal
CHENAB,Khanki,05-Jul-24,12:00 Hrs,733,73605,726.1,65555,1,1.5,2,4,Normal
CHENAB,Qadirabad,05-Jul-24,12:00 Hrs,700,63300,688.3,43775,1,1.5,2,4,Normal
CHENAB,Trimmu,05-Jul-24,12:00 Hrs,490.5,32282,481.8,16882,1.5,2,3,4.5,Normal
CHENAB,Punjnad,05-Jul-24,12:00 Hrs,337.5,11945,322.5,-,1.5,2,3,4.5,Normal
RAVI,Jassar,05-Jul-24,12:00 Hrs,-,-,776,2129,0.5,0.75,1,1.5,Normal
RAVI,Shahdara,05-Jul-24,12:00 Hrs,-,-,673.3,14945,0.4,0.65,0.9,1.35,Normal
RAVI,Balloki,05-Jul-24,12:00 Hrs,633.5,34510,618.7,8110,0.4,0.65,0.9,1.35,Normal
RAVI,Sidhnai,05-Jul-24,12:00 Hrs,467,17756,453.2,1656,0.3,0.45,0.6,0.9,Normal
SUTLEJ,Bhakara**,05-Jul-24,12:00 Hrs,-,-,-,-,-,-,-,-,-
SUTLEJ,Sulemanki,05-Jul-24,12:00 Hrs,569,18318,559.5,5240,0.5,0.8,1.2,1.75,Normal
SUTLEJ,Islam,05-Jul-24,12:00 Hrs,455,3241,435.5,841,0.5,0.8,1.2,1.75,Normal
INDUS,khairabad,05-Jul-24,18:00 Hrs,-,-,15.9,189200,2.25,3.75,5,6.5,Normal
INDUS,Kalabagh,05-Jul-24,18:00 Hrs,693,232427,680.5,224487,2.5,3.75,5,6.5,Normal
INDUS,Chashma,05-Jul-24,18:00 Hrs,648.5,217313,615,211813,2.5,3.75,5,6.5,Normal
INDUS,Taunsa,05-Jul-24,18:00 Hrs,446.7,202157,429.8,173855,2.5,3.75,5,6.5,Normal
INDUS,Guddu,05-Jul-24,18:00 Hrs,258.45,147324,248.85,105642,2,3.5,5,7,Normal
INDUS,Sukkar,05-Jul-24,18:00 Hrs,198.2,90100,189.7,39800,2,3.5,5,7,Normal
INDUS,Kotri,05-Jul-24,18:00 Hrs,67,25060,39.8,755,2.5,4,5,6.5,Normal
JHELUM,Kotli,05-Jul-24,18:00 Hrs,-,-,8.6,5070,-,-,-,-,-
JHELUM,Rasul,05-Jul-24,18:00 Hrs,719,14569,691.5,Nil,0.75,1.1,1.5,2.25,Normal
CHENAB,Marala,05-Jul-24,18:00 Hrs,812,96915,799.8,65042,1,1.5,2,4,Normal
CHENAB,Khanki,05-Jul-24,18:00 Hrs,733,73417,726.1,65555,1,1.5,2,4,Normal
CHENAB,Qadirabad,05-Jul-24,18:00 Hrs,700,71914,688.9,52389,1,1.5,2,4,Normal
CHENAB,Trimmu,05-Jul-24,18:00 Hrs,490.5,35722,482.2,18322,1.5,2,3,4.5,Normal
CHENAB,Punjnad,05-Jul-24,18:00 Hrs,337.5,11945,332.5,Nil,1.5,2,3,4.5,Normal
RAVI,Jassar,05-Jul-24,18:00 Hrs,-,-,776,2129,0.5,0.75,1,1.5,Normal
RAVI,Shahdara,05-Jul-24,18:00 Hrs,-,-,673.3,14945,0.4,0.65,0.9,1.35,Normal
RAVI,Balloki,05-Jul-24,18:00 Hrs,633.5,34510,618.7,8110,0.4,0.65,0.9,1.35,Normal
RAVI,Sidhnai,05-Jul-24,18:00 Hrs,467,17756,453.2,1656,0.3,0.45,0.6,0.9,Normal
SUTLEJ,Bhakara**,05-Jul-24,18:00 Hrs,-,-,-,-,-,-,-,-,-
SUTLEJ,Sulemanki,05-Jul-24,18:00 Hrs,569,18143,559.5,5240,0.5,0.8,1.2,1.75,Normal
SUTLEJ,Islam,05-Jul-24,18:00 Hrs,455,3341,435.5,841,0.5,0.8,1.2,1.75,Normal
INDUS,khairabad,05-Jul-24,23:59 Hrs,-,-,16.5,196000,2.25,3.75,5,6.5,Normal
INDUS,Kalabagh,05-Jul-24,23:59 Hrs,693,226155,679.4,218215,2.5,3.75,5,6.5,Normal
INDUS,Chashma,05-Jul-24,23:59 Hrs,648.5,213764,615,210564,2.5,3.75,5,6.5,Normal
INDUS,Taunsa,05-Jul-24,23:59 Hrs,446.7,202157,429.8,173855,2.5,3.75,5,6.5,Normal
INDUS,Guddu,05-Jul-24,23:59 Hrs,258.45,147324,248.85,105642,2,3.5,5,7,Normal
INDUS,Sukkar,05-Jul-24,23:59 Hrs,198.2,90100,189.7,39800,2,3.5,5,7,Normal
INDUS,Kotri,05-Jul-24,23:59 Hrs,67,25060,39.8,755,2.5,4,5,6.5,Normal
JHELUM,Kotli,05-Jul-24,23:59 Hrs,-,-,8.9,5840,-,-,-,-,-
JHELUM,Rasul,05-Jul-24,23:59 Hrs,719,15120,691.5,Nil,0.75,1.1,1.5,2.25,Normal
CHENAB,Marala,05-Jul-24,23:59 Hrs,812,96815,799.8,64942,1,1.5,2,4,Normal
CHENAB,Khanki,05-Jul-24,23:59 Hrs,733,73417,726.1,65555,1,1.5,2,4,Normal
CHENAB,Qadirabad,05-Jul-24,23:59 Hrs,700,75544,689.2,56019,1,1.5,2,4,Normal
CHENAB,Trimmu,05-Jul-24,23:59 Hrs,490.5,35722,482.2,18322,1.5,2,3,4.5,Normal
CHENAB,Punjnad,05-Jul-24,23:59 Hrs,337.5,12160,322.5,Nil,1.5,2,3,4.5,Normal
RAVI,Jassar,05-Jul-24,23:59 Hrs,-,-,776,2129,0.5,0.75,1,1.5,Normal
RAVI,Shahdara,05-Jul-24,23:59 Hrs,-,-,673.3,14945,0.4,0.65,0.9,1.35,Normal
RAVI,Balloki,05-Jul-24,23:59 Hrs,633.5,34710,618.7,8110,0.4,0.65,0.9,1.35,Normal
RAVI,Sidhnai,05-Jul-24,23:59 Hrs,467,18417,453.3,2317,0.3,0.45,0.6,0.9,Normal
SUTLEJ,Bhakara**,05-Jul-24,23:59 Hrs,-,-,-,-,-,-,-,-,-
SUTLEJ,Sulemanki,05-Jul-24,23:59 Hrs,569,18143,559.5,5240,0.5,0.8,1.2,1.75,Normal
SUTLEJ,Islam,05-Jul-24,23:59 Hrs,455,3341,435.5,841,0.5,0.8,1.2,1.75,Normal
INDUS,khairabad,06-Jul-24,06:00 Hrs,-,-,18.8,222700,2.25,3.75,5,6.5,Normal
INDUS,Kalabagh,06-Jul-24,06:00 Hrs,693,225386,680.4,217446,2.5,3.75,5,6.5,Normal
INDUS,Chashma,06-Jul-24,06:00 Hrs,648.5,230206,615.2,225206,2.5,3.75,5,6.5,Normal
INDUS,Taunsa,06-Jul-24,06:00 Hrs,446.7,195520,429.7,168147,2.5,3.75,5,6.5,Normal
INDUS,Guddu,06-Jul-24,06:00 Hrs,258.2,153191,248.85,111654,2,3.5,5,7,Normal
INDUS,Sukkar,06-Jul-24,06:00 Hrs,198.2,94035,190,44950,2,3.5,5,7,Normal
INDUS,Kotri,06-Jul-24,06:00 Hrs,66.5,23340,44.4,1485,2.5,4,5,6.5,Normal
JHELUM,Kotli,06-Jul-24,06:00 Hrs,-,-,9,6100,-,-,-,-,-
JHELUM,Rasul,06-Jul-24,06:00 Hrs,719,14105,691.5,Nil,0.75,1.1,1.5,2.25,Normal
CHENAB,Marala,06-Jul-24,06:00 Hrs,812,91562,799.5,59689,1,1.5,2,4,Normal
CHENAB,Khanki,06-Jul-24,06:00 Hrs,733,65447,725.6,57283,1,1.5,2,4,Normal
CHENAB,Qadirabad,06-Jul-24,06:00 Hrs,700,75544,689.2,56019,1,1.5,2,4,Normal
CHENAB,Trimmu,06-Jul-24,06:00 Hrs,490.5,35722,482.2,18322,1.5,2,3,4.5,Normal
CHENAB,Punjnad,06-Jul-24,06:00 Hrs,337.5,12590,322.5,Nil,1.5,2,3,4.5,Normal
RAVI,Jassar,06-Jul-24,06:00 Hrs,-,-,776,2129,0.5,0.75,1,1.5,Normal
RAVI,Shahdara,06-Jul-24,06:00 Hrs,-,-,673.4,15353,0.4,0.65,0.9,1.35,Normal
RAVI,Balloki,06-Jul-24,06:00 Hrs,633.5,34710,618.7,8110,0.4,0.65,0.9,1.35,Normal
RAVI,Sidhnai,06-Jul-24,06:00 Hrs,467,18417,453.3,2317,0.3,0.45,0.6,0.9,Normal
SUTLEJ,Bhakara**,06-Jul-24,06:00 Hrs,-,-,-,-,-,-,-,-,-
SUTLEJ,Sulemanki,06-Jul-24,06:00 Hrs,569,18087,559.5,5134,0.5,0.8,1.2,1.75,Normal
SUTLEJ,Islam,06-Jul-24,06:00 Hrs,455,3341,435.5,841,0.5,0.8,1.2,1.75,Normal
INDUS,khairabad,06-Jul-24,12:00 Hrs,-,-,17.8,210900,2.25,3.75,5,6.5,Normal
INDUS,Kalabagh,06-Jul-24,12:00 Hrs,693,230029,680.5,222089,2.5,3.75,5,6.5,Normal
INDUS,Chashma,06-Jul-24,12:00 Hrs,648.5,254390,615.6,249540,2.5,3.75,5,6.5,Normal
INDUS,Taunsa,06-Jul-24,12:00 Hrs,446.7,195520,429.7,168147,2.5,3.75,5,6.5,Normal
INDUS,Guddu,06-Jul-24,12:00 Hrs,258.15,154187,248.95,112664,2,3.5,5,7,Normal
INDUS,Sukkar,06-Jul-24,12:00 Hrs,198.2,94035,190,44950,2,3.5,5,7,Normal
INDUS,Kotri,06-Jul-24,12:00 Hrs,66.5,23340,44.4,1485,2.5,4,5,6.5,Normal
JHELUM,Kotli,06-Jul-24,12:00 Hrs,-,-,9,6100,-,-,-,-,-
JHELUM,Rasul,06-Jul-24,12:00 Hrs,719,14113,691.5,Nil,0.75,1.1,1.5,2.25,Normal
CHENAB,Marala,06-Jul-24,12:00 Hrs,812,98897,799.9,67024,1,1.5,2,4,Normal
CHENAB,Khanki,06-Jul-24,12:00 Hrs,733,73719,726.1,65555,1,1.5,2,4,Normal
CHENAB,Qadirabad,06-Jul-24,12:00 Hrs,700,71914,688.9,52389,1,1.5,2,4,Normal
CHENAB,Trimmu,06-Jul-24,12:00 Hrs,490.5,35387,482.2,18322,1.5,2,3,4.5,Normal
CHENAB,Punjnad,06-Jul-24,12:00 Hrs,337.5,12590,322.5,Nil,1.5,2,3,4.5,Normal
RAVI,Jassar,06-Jul-24,12:00 Hrs,-,-,776.1,2382,0.5,0.75,1,1.5,Normal
RAVI,Shahdara,06-Jul-24,12:00 Hrs,-,-,673.4,15353,0.4,0.65,0.9,1.35,Normal
RAVI,Balloki,06-Jul-24,12:00 Hrs,633.5,37020,619.1,10420,0.4,0.65,0.9,1.35,Normal
RAVI,Sidhnai,06-Jul-24,12:00 Hrs,467,18417,453.3,2317,0.3,0.45,0.6,0.9,Normal
SUTLEJ,Bhakara**,06-Jul-24,12:00 Hrs,-,-,-,-,-,-,-,-,-
SUTLEJ,Sulemanki,06-Jul-24,12:00 Hrs,569,18087,559.5,5134,0.5,0.8,1.2,1.75,Normal
SUTLEJ,Islam,06-Jul-24,12:00 Hrs,455,3341,435.5,841,0.5,0.8,1.2,1.75,Normal
INDUS,khairabad,06-Jul-24,18:00 Hrs,-,-,17.35,205100,2.25,3.75,5,6.5,Normal
INDUS,Kalabagh,06-Jul-24,18:00 Hrs,693,217936,680.3,209996,2.5,3.75,5,6.5,Normal
INDUS,Chashma,06-Jul-24,18:00 Hrs,648.5,232539,615.7,227989,2.5,3.75,5,6.5,Normal
INDUS,Taunsa,06-Jul-24,18:00 Hrs,446.7,201084,429.8,172932,2.5,3.75,5,6.5,Normal
INDUS,Guddu,06-Jul-24,18:00 Hrs,258.15,154187,248.95,112664,2,3.5,5,7,Normal
INDUS,Sukkar,06-Jul-24,18:00 Hrs,198.2,94035,190,44950,2,3.5,5,7,Normal
INDUS,Kotri,06-Jul-24,18:00 Hrs,66.5,23410,40.4,1485,2.5,4,5,6.5,Normal
JHELUM,Kotli,06-Jul-24,18:00 Hrs,-,-,8.8,5580,-,-,-,-,-
JHELUM,Rasul,06-Jul-24,18:00 Hrs,719,23668,696,11895,0.75,1.1,1.5,2.25,Normal
CHENAB,Marala,06-Jul-24,18:00 Hrs,812,96915,799.8,65042,1,1.5,2,4,Normal
CHENAB,Khanki,06-Jul-24,18:00 Hrs,733,76594,726.6,69055,1,1.5,2,4,Normal
CHENAB,Qadirabad,06-Jul-24,18:00 Hrs,700,76655,689.3,57130,1,1.5,2,4,Normal
CHENAB,Trimmu,06-Jul-24,18:00 Hrs,490.5,38250,482.6,21450,1.5,2,3,4.5,Normal
CHENAB,Punjnad,06-Jul-24,18:00 Hrs,337.5,13545,322.5,-,1.5,2,3,4.5,Normal
RAVI,Jassar,06-Jul-24,18:00 Hrs,-,-,776.3,2888,0.5,0.75,1,1.5,Normal
RAVI,Shahdara,06-Jul-24,18:00 Hrs,-,-,673.5,15761,0.4,0.65,0.9,1.35,Normal
RAVI,Balloki,06-Jul-24,18:00 Hrs,633.5,37105,619.1,10505,0.4,0.65,0.9,1.35,Normal
RAVI,Sidhnai,06-Jul-24,18:00 Hrs,467,18744,453.5,2644,0.3,0.45,0.6,0.9,Normal
SUTLEJ,Bhakara**,06-Jul-24,18:00 Hrs,,-,-,-,-,-,-,-,-
SUTLEJ,Sulemanki,06-Jul-24,18:00 Hrs,569,20376,560,7423,0.5,0.8,1.2,1.75,Normal
SUTLEJ,Islam,06-Jul-24,18:00 Hrs,455,3341,435.5,841,0.5,0.8,1.2,1.75,Normal
INDUS,khairabad,06-Jul-24,23:59 Hrs,-,-,11.5,142000,2.25,3.75,5,6.5,Normal
INDUS,Kalabagh,06-Jul-24,23:59 Hrs,693,217963,680.3,209996,2.5,3.75,5,6.5,Normal
INDUS,Chashma,06-Jul-24,23:59 Hrs,648.5,221589,615.1,217089,2.5,3.75,5,6.5,Normal
INDUS,Taunsa,06-Jul-24,23:59 Hrs,446.7,201084,429.8,172932,2.5,3.75,5,6.5,Normal
INDUS,Guddu,06-Jul-24,23:59 Hrs,258.15,154187,248.95,112664,2,3.5,5,7,Normal
INDUS,Sukkar,06-Jul-24,23:59 Hrs,198.2,94035,190,44950,2,3.5,5,7,Normal
INDUS,Kotri,06-Jul-24,23:59 Hrs,66.5,23410,40.4,1485,2.5,4,5,6.5,Normal
JHELUM,Kotli,06-Jul-24,23:59 Hrs,-,-,8.6,5070,-,-,-,-,-
JHELUM,Rasul,06-Jul-24,23:59 Hrs,719,10878,691.5,-,0.75,1.1,1.5,2.25,Normal
CHENAB,Marala,06-Jul-24,23:59 Hrs,812,93883,799.5,62010,1,1.5,2,4,Normal
CHENAB,Khanki,06-Jul-24,23:59 Hrs,733,95053,727.3,87514,1,1.5,2,4,Normal
CHENAB,Qadirabad,06-Jul-24,23:59 Hrs,700,76655,689.3,57130,1,1.5,2,4,Normal
CHENAB,Trimmu,06-Jul-24,23:59 Hrs,490.5,44104,483.3,27304,1.5,2,3,4.5,Normal
CHENAB,Punjnad,06-Jul-24,23:59 Hrs,337.8,13880,322.5,-,1.5,2,3,4.5,Normal
RAVI,Jassar,06-Jul-24,23:59 Hrs,-,-,777.1,4829,0.5,0.75,1,1.5,Normal
RAVI,Shahdara,06-Jul-24,23:59 Hrs,-,-,673.3,14945,0.4,0.65,0.9,1.35,Normal
RAVI,Balloki,06-Jul-24,23:59 Hrs,633.5,35930,619,9630,0.4,0.65,0.9,1.35,Normal
RAVI,Sidhnai,06-Jul-24,23:59 Hrs,467,17844,453.5,2644,0.3,0.45,0.6,0.9,Normal
SUTLEJ,Bhakara**,06-Jul-24,23:59 Hrs,,-,-,-,-,-,-,-,-
SUTLEJ,Sulemanki,06-Jul-24,23:59 Hrs,569,20376,560,7423,0.5,0.8,1.2,1.75,Normal
SUTLEJ,Islam,06-Jul-24,23:59 Hrs,455,3341,435.5,841,0.5,0.8,1.2,1.75,Normal
INDUS,khairabad,07-Jul-24,06:00 Hrs,-,-,17.1,202800,2.25,3.75,5,6.5,Normal
INDUS,Kalabagh,07-Jul-24,06:00 Hrs,693,217117,680.3,209177,2.5,3.75,5,6.5,Normal
INDUS,Chashma,07-Jul-24,06:00 Hrs,648.5,243323,615.2,234427,2.5,3.75,5,6.5,Normal
INDUS,Taunsa,07-Jul-24,06:00 Hrs,446.7,202923,429.8,174314,2.5,3.75,5,6.5,Normal
INDUS,Guddu,07-Jul-24,06:00 Hrs,258.1,153253,249,111440,2,3.5,5,7,Normal
INDUS,Sukkar,07-Jul-24,06:00 Hrs,198.2,98020,190.2,49610,2,3.5,5,7,Normal
INDUS,Kotri,07-Jul-24,06:00 Hrs,66.5,23450,40.4,1485,2.5,4,5,6.5,Normal
JHELUM,Kotli,07-Jul-24,06:00 Hrs,-,-,8.8,5580,-,-,-,-,-
JHELUM,Rasul,07-Jul-24,06:00 Hrs,719,8890,691.5,-,0.75,1.1,1.5,2.25,Normal
CHENAB,Marala,07-Jul-24,06:00 Hrs,812,90945,799.5,59072,1,1.5,2,4,Normal
CHENAB,Khanki,07-Jul-24,06:00 Hrs,733,80735,726.9,73196,1,1.5,2,4,Normal
CHENAB,Qadirabad,07-Jul-24,06:00 Hrs,700,93130,690.7,73605,1,1.5,2,4,Normal
CHENAB,Trimmu,07-Jul-24,06:00 Hrs,490.5,42854,483.3,27304,1.5,2,3,4.5,Normal
CHENAB,Punjnad,07-Jul-24,06:00 Hrs,338,11980,322.5,-,1.5,2,3,4.5,Normal
RAVI,Jassar,07-Jul-24,06:00 Hrs,-,-,777.1,4829,0.5,0.75,1,1.5,Normal
RAVI,Shahdara,07-Jul-24,06:00 Hrs,-,-,673.4,15353,0.4,0.65,0.9,1.35,Normal
RAVI,Balloki,07-Jul-24,06:00 Hrs,633.5,36580,619.1,10280,0.4,0.65,0.9,1.35,Normal
RAVI,Sidhnai,07-Jul-24,06:00 Hrs,467,18027,454.8,4627,0.3,0.45,0.6,0.9,Normal
SUTLEJ,Bhakara**,07-Jul-24,06:00 Hrs,,-,-,-,-,-,-,-,-
SUTLEJ,Sulemanki,07-Jul-24,06:00 Hrs,569,19007,560.3,7641,0.5,0.8,1.2,1.75,Normal
SUTLEJ,Islam,07-Jul-24,06:00 Hrs,455,3341,435.5,841,0.5,0.8,1.2,1.75,Normal
INDUS,khairabad,07-Jul-24,12:00 Hrs,-,-,16.4,194800,2.25,3.75,5,6.5,Normal
INDUS,Kalabagh,07-Jul-24,12:00 Hrs,693,203891,680,195951,2.5,3.75,5,6.5,Normal
INDUS,Chashma,07-Jul-24,12:00 Hrs,648.5,246427,615.3,242527,2.5,3.75,5,6.5,Normal
INDUS,Taunsa,07-Jul-24,12:00 Hrs,446.7,206563,429.9,178063,2.5,3.75,5,6.5,Normal
INDUS,Guddu,07-Jul-24,12:00 Hrs,258.2,153191,248.85,111654,2,3.5,5,7,Normal
INDUS,Sukkar,07-Jul-24,12:00 Hrs,198.2,98020,190.2,49610,2,3.5,5,7,Normal
INDUS,Kotri,07-Jul-24,12:00 Hrs,66.5,24010,40.4,1485,2.5,4,5,6.5,Normal
JHELUM,Kotli,07-Jul-24,12:00 Hrs,-,-,8.6,5070,-,-,-,-,-
JHELUM,Rasul,07-Jul-24,12:00 Hrs,719,7690,691.5,-,0.75,1.1,1.5,2.25,Normal
CHENAB,Marala,07-Jul-24,12:00 Hrs,812,78372,798.8,46499,1,1.5,2,4,Normal
CHENAB,Khanki,07-Jul-24,12:00 Hrs,733,76052,726.7,68513,1,1.5,2,4,Normal
CHENAB,Qadirabad,07-Jul-24,12:00 Hrs,700,84911,690.1,65386,1,1.5,2,4,Normal
CHENAB,Trimmu,07-Jul-24,12:00 Hrs,490.5,40465,483.2,24915,1.5,2,3,4.5,Normal
CHENAB,Punjnad,07-Jul-24,12:00 Hrs,338,17000,325.3,4100,1.5,2,3,4.5,Normal
RAVI,Jassar,07-Jul-24,12:00 Hrs,-,-,778,6353,0.5,0.75,1,1.5,Normal
RAVI,Shahdara,07-Jul-24,12:00 Hrs,-,-,673.4,15353,0.4,0.65,0.9,1.35,Normal
RAVI,Balloki,07-Jul-24,12:00 Hrs,633.5,36580,619.1,10280,0.4,0.65,0.9,1.35,Normal
RAVI,Sidhnai,07-Jul-24,12:00 Hrs,467,18027,454.8,4627,0.3,0.45,0.6,0.9,Normal
SUTLEJ,Bhakara**,07-Jul-24,12:00 Hrs,,-,-,-,-,-,-,-,-
SUTLEJ,Sulemanki,07-Jul-24,12:00 Hrs,569,19007,560.3,7641,0.5,0.8,1.2,1.75,Normal
SUTLEJ,Islam,07-Jul-24,12:00 Hrs,455,3277,436.6,1277,0.5,0.8,1.2,1.75,Normal
INDUS,khairabad,07-Jul-24,18:00 Hrs,-,-,15,179200,2.25,3.75,5,6.5,Normal
INDUS,Kalabagh,07-Jul-24,18:00 Hrs,693.1,203057,680,195117,2.5,3.75,5,6.5,Normal
INDUS,Chashma,07-Jul-24,18:00 Hrs,648.5,221212,615.2,217712,2.5,3.75,5,6.5,Normal
INDUS,Taunsa,07-Jul-24,18:00 Hrs,446.7,211654,430.1,182854,2.5,3.75,5,6.5,Normal
INDUS,Guddu,07-Jul-24,18:00 Hrs,258.4,159828,249.2,116827,2,3.5,5,7,Normal
INDUS,Sukkar,07-Jul-24,18:00 Hrs,198.2,98020,190.2,49610,2,3.5,5,7,Normal
INDUS,Kotri,07-Jul-24,18:00 Hrs,66.5,24010,40.4,1485,2.5,4,5,6.5,Normal
JHELUM,Kotli,07-Jul-24,18:00 Hrs,-,-,8.5,4830,-,-,-,-,-
JHELUM,Rasul,07-Jul-24,18:00 Hrs,719,7122,691.5,-,0.75,1.1,1.5,2.25,Normal
CHENAB,Marala,07-Jul-24,18:00 Hrs,812,68111,797.8,36338,1,1.5,2,4,Normal
CHENAB,Khanki,07-Jul-24,18:00 Hrs,733,68995,726.1,61450,1,1.5,2,4,Normal
CHENAB,Qadirabad,07-Jul-24,18:00 Hrs,700,81652,689.7,62127,1,1.5,2,4,Normal
CHENAB,Trimmu,07-Jul-24,18:00 Hrs,490.5,39219,482.9,23669,1.5,2,3,4.5,Normal
CHENAB,Punjnad,07-Jul-24,18:00 Hrs,338,17000,325.3,4100,1.5,2,3,4.5,Normal
RAVI,Jassar,07-Jul-24,18:00 Hrs,-,-,778,6353,0.5,0.75,1,1.5,Normal
RAVI,Shahdara,07-Jul-24,18:00 Hrs,-,-,673.4,15353,0.4,0.65,0.9,1.35,Normal
RAVI,Balloki,07-Jul-24,18:00 Hrs,633.5,36000,619,9400,0.4,0.65,0.9,1.35,Normal
RAVI,Sidhnai,07-Jul-24,18:00 Hrs,467,17078,454.3,2978,0.3,0.45,0.6,0.9,Normal
SUTLEJ,Bhakara**,07-Jul-24,18:00 Hrs,,-,-,-,-,-,-,-,-
SUTLEJ,Sulemanki,07-Jul-24,18:00 Hrs,569,19618,560.8,8654,0.5,0.8,1.2,1.75,Normal
SUTLEJ,Islam,07-Jul-24,18:00 Hrs,455,3777,437.1,1777,0.5,0.8,1.2,1.75,Normal
INDUS,khairabad,07-Jul-24,23:59 Hrs,-,-,14.1,169400,2.25,3.75,5,6.5,Normal
INDUS,Kalabagh,07-Jul-24,23:59 Hrs,693,210413,380.2,202473,2.5,3.75,5,6.5,Normal
INDUS,Chashma,07-Jul-24,23:59 Hrs,648.5,226230,615.1,222480,2.5,3.75,5,6.5,Normal
INDUS,Taunsa,07-Jul-24,23:59 Hrs,446.7,211654,430.1,182854,2.5,3.75,5,6.5,Normal
INDUS,Guddu,07-Jul-24,23:59 Hrs,258.4,159828,249.2,116827,2,3.5,5,7,Normal
INDUS,Sukkar,07-Jul-24,23:59 Hrs,198.2,98020,190.2,49610,2,3.5,5,7,Normal
INDUS,Kotri,07-Jul-24,23:59 Hrs,66.5,24010,40.4,1485,2.5,4,5,6.5,Normal
JHELUM,Kotli,07-Jul-24,23:59 Hrs,-,-,8.4,4590,-,-,-,-,-
JHELUM,Rasul,07-Jul-24,23:59 Hrs,719,10430,691.5,-,0.75,1.1,1.5,2.25,Normal
CHENAB,Marala,07-Jul-24,23:59 Hrs,812,73919,798.3,42094,1,1.5,2,4,Normal
CHENAB,Khanki,07-Jul-24,23:59 Hrs,733,63439,725.4,55900,1,1.5,2,4,Normal
CHENAB,Qadirabad,07-Jul-24,23:59 Hrs,700,71914,688.9,52389,1,1.5,2,4,Normal
CHENAB,Trimmu,07-Jul-24,23:59 Hrs,490.5,39219,482.9,23669,1.5,2,3,4.5,Normal
CHENAB,Punjnad,07-Jul-24,23:59 Hrs,338,17500,325.3,4100,1.5,2,3,4.5,Normal
RAVI,Jassar,07-Jul-24,23:59 Hrs,-,-,777.5,5507,0.5,0.75,1,1.5,Normal
RAVI,Shahdara,07-Jul-24,23:59 Hrs,-,-,673.4,15353,0.4,0.65,0.9,1.35,Normal
RAVI,Balloki,07-Jul-24,23:59 Hrs,633.5,36000,619,9400,0.4,0.65,0.9,1.35,Normal
RAVI,Sidhnai,07-Jul-24,23:59 Hrs,467,17644,453.8,2644,0.3,0.45,0.6,0.9,Normal
SUTLEJ,Bhakara**,07-Jul-24,23:59 Hrs,,-,-,-,-,-,-,-,-
SUTLEJ,Sulemanki,07-Jul-24,23:59 Hrs,569,19618,560.8,8654,0.5,0.8,1.2,1.75,Normal
SUTLEJ,Islam,07-Jul-24,23:59 Hrs,455,3777,437.1,1777,0.5,0.8,1.2,1.75,Normal
INDUS,khairabad,08-Jul-24,06:00 Hrs,-,-,17,201700,2.25,3.75,5,6.5,Normal
INDUS,Kalabagh,08-Jul-24,06:00 Hrs,693,210516,680.2,202576,2.5,3.75,5,6.5,Normal
INDUS,Chashma,08-Jul-24,06:00 Hrs,648.5,213915,614.9,209865,2.5,3.75,5,6.5,Normal
INDUS,Taunsa,08-Jul-24,06:00 Hrs,446.7,211654,430.1,182854,2.5,3.75,5,6.5,Normal
INDUS,Guddu,08-Jul-24,06:00 Hrs,258.3,170148,249.5,128480,2,3.5,5,7,Normal
INDUS,Sukkar,08-Jul-24,06:00 Hrs,198.3,100135,190.4,50300,2,3.5,5,7,Normal
INDUS,Kotri,08-Jul-24,06:00 Hrs,66.8,24310,40.4,1485,2.5,4,5,6.5,Normal
JHELUM,Kotli,08-Jul-24,06:00 Hrs,-,-,8.5,4830,-,-,-,-,-
JHELUM,Rasul,08-Jul-24,06:00 Hrs,719,7781,691.5,-,0.75,1.1,1.5,2.25,Normal
CHENAB,Marala,08-Jul-24,06:00 Hrs,812,61473,797.4,29648,1,1.5,2,4,Normal
CHENAB,Khanki,08-Jul-24,06:00 Hrs,733,57567,724.5,50028,1,1.5,2,4,Normal
CHENAB,Qadirabad,08-Jul-24,06:00 Hrs,700,63300,688.3,43775,1,1.5,2,4,Normal
CHENAB,Trimmu,08-Jul-24,06:00 Hrs,490.5,39219,482.9,23669,1.5,2,3,4.5,Normal
CHENAB,Punjnad,08-Jul-24,06:00 Hrs,338,17500,325.3,4100,1.5,2,3,4.5,Normal
RAVI,Jassar,08-Jul-24,06:00 Hrs,-,-,777.5,5507,0.5,0.75,1,1.5,Normal
RAVI,Shahdara,08-Jul-24,06:00 Hrs,-,-,673.4,15353,0.4,0.65,0.9,1.35,Normal
RAVI,Balloki,08-Jul-24,06:00 Hrs,633.5,35325,618.9,8525,0.4,0.65,0.9,1.35,Normal
RAVI,Sidhnai,08-Jul-24,06:00 Hrs,467,17644,453.6,2644,0.3,0.45,0.6,0.9,Normal
SUTLEJ,Bhakara**,08-Jul-24,06:00 Hrs,,-,-,-,-,-,-,-,-
SUTLEJ,Sulemanki,08-Jul-24,06:00 Hrs,569,20651,561.3,9495,0.5,0.8,1.2,1.75,Normal
SUTLEJ,Islam,08-Jul-24,06:00 Hrs,455,4336,437.6,2336,0.5,0.8,1.2,1.75,Normal
INDUS,khairabad,08-Jul-24,12:00 Hrs,-,-,18,213200,2.25,3.75,5,6.5,Normal
INDUS,Kalabagh,08-Jul-24,12:00 Hrs,693,229129,680.5,221189,2.5,3.75,5,6.5,Normal
INDUS,Chashma,08-Jul-24,12:00 Hrs,648.5,222704,614.7,218454,2.5,3.75,5,6.5,Normal
INDUS,Taunsa,08-Jul-24,12:00 Hrs,446.7,218213,430.3,189413,2.5,3.75,5,6.5,Normal
INDUS,Guddu,08-Jul-24,12:00 Hrs,258.3,168618,249.45,127090,2,3.5,5,7,Normal
INDUS,Sukkar,08-Jul-24,12:00 Hrs,198.3,100135,190.4,50300,2,3.5,5,7,Normal
INDUS,Kotri,08-Jul-24,12:00 Hrs,66.8,24310,40.4,1485,2.5,4,5,6.5,Normal
JHELUM,Kotli,08-Jul-24,12:00 Hrs,-,-,8.5,4830,-,-,-,-,-
JHELUM,Rasul,08-Jul-24,12:00 Hrs,719,8081,694,5341,0.75,1.1,1.5,2.25,Normal
CHENAB,Marala,08-Jul-24,12:00 Hrs,812,50885,796.7,19060,1,1.5,2,4,Normal
CHENAB,Khanki,08-Jul-24,12:00 Hrs,733,49885,723.9,42346,1,1.5,2,4,Normal
CHENAB,Qadirabad,08-Jul-24,12:00 Hrs,700,49562,687.3,30037,1,1.5,2,4,Normal
CHENAB,Trimmu,08-Jul-24,12:00 Hrs,490.5,39219,482.9,23669,1.5,2,3,4.5,Normal
CHENAB,Punjnad,08-Jul-24,12:00 Hrs,338,19999,325.9,6599,1.5,2,3,4.5,Normal
RAVI,Jassar,08-Jul-24,12:00 Hrs,-,-,776.8,4154,0.5,0.75,1,1.5,Normal
RAVI,Shahdara,08-Jul-24,12:00 Hrs,-,-,673.8,16985,0.4,0.65,0.9,1.35,Normal
RAVI,Balloki,08-Jul-24,12:00 Hrs,633.5,35325,618.9,8525,0.4,0.65,0.9,1.35,Normal
RAVI,Sidhnai,08-Jul-24,12:00 Hrs,467,17744,453.6,2644,0.3,0.45,0.6,0.9,Normal
SUTLEJ,Bhakara**,08-Jul-24,12:00 Hrs,-,-,-,-,-,-,-,-,-
SUTLEJ,Sulemanki,08-Jul-24,12:00 Hrs,569,20651,561.3,9495,0.5,0.8,1.2,1.75,Normal
SUTLEJ,Islam,08-Jul-24,12:00 Hrs,455,4944,438.3,2944,0.5,0.8,1.2,1.75,Normal
INDUS,khairabad,08-Jul-24,18:00 Hrs,-,-,16.4,194800,2.25,3.75,5,6.5,Normal
INDUS,Kalabagh,08-Jul-24,18:00 Hrs,693,234201,680.6,226261,2.5,3.75,5,6.5,Normal
INDUS,Chashma,08-Jul-24,18:00 Hrs,648.5,226718,615,222168,2.5,3.75,5,6.5,Normal
INDUS,Taunsa,08-Jul-24,18:00 Hrs,446.7,217213,430.3,189413,2.5,3.75,5,6.5,Normal
INDUS,Guddu,08-Jul-24,18:00 Hrs,258.4,162217,249.4,121167,2,3.5,5,7,Normal
INDUS,Sukkar,08-Jul-24,18:00 Hrs,198.3,100135,190.4,50300,2,3.5,5,7,Normal
INDUS,Kotri,08-Jul-24,18:00 Hrs,66.8,24310,40.4,1485,2.5,4,5,6.5,Normal
JHELUM,Kotli,08-Jul-24,18:00 Hrs,-,-,8.3,4350,-,-,-,-,-
JHELUM,Rasul,08-Jul-24,18:00 Hrs,719.1,21640,697,15800,0.75,1.1,1.5,2.25,Normal
CHENAB,Marala,08-Jul-24,18:00 Hrs,812,54659,796.8,22834,1,1.5,2,4,Normal
CHENAB,Khanki,08-Jul-24,18:00 Hrs,733,37260,723,25597,1,1.5,2,4,Normal
CHENAB,Qadirabad,08-Jul-24,18:00 Hrs,700,41996,686.7,22471,1,1.5,2,4,Normal
CHENAB,Trimmu,08-Jul-24,18:00 Hrs,490.5,38906,483.1,23356,1.5,2,3,4.5,Normal
CHENAB,Punjnad,08-Jul-24,18:00 Hrs,338,21855,326.6,8055,1.5,2,3,4.5,Normal
RAVI,Jassar,08-Jul-24,18:00 Hrs,-,-,776.5,3395,0.5,0.75,1,1.5,Normal
RAVI,Shahdara,08-Jul-24,18:00 Hrs,-,-,673.9,17392,0.4,0.65,0.9,1.35,Normal
RAVI,Balloki,08-Jul-24,18:00 Hrs,633.5,37220,619.1,10420,0.4,0.65,0.9,1.35,Normal
RAVI,Sidhnai,08-Jul-24,18:00 Hrs,467,17744,453.6,2644,0.3,0.45,0.6,0.9,Normal
SUTLEJ,Bhakara**,08-Jul-24,18:00 Hrs,-,-,-,-,-,-,-,-,-
SUTLEJ,Sulemanki,08-Jul-24,18:00 Hrs,569,19940,560.8,8136,0.5,0.8,1.2,1.75,Normal
SUTLEJ,Islam,08-Jul-24,18:00 Hrs,455,4944,438.3,2944,0.5,0.8,1.2,1.75,Normal
INDUS,khairabad,08-Jul-24,23:59 Hrs,-,-,15.4,183600,2.25,3.75,5,6.5,Normal
INDUS,Kalabagh,08-Jul-24,23:59 Hrs,693,229990,680.5,222050,2.5,3.75,5,6.5,Normal
INDUS,Chashma,08-Jul-24,23:59 Hrs,648.5,229738,615.2,224888,2.5,3.75,5,6.5,Normal
INDUS,Taunsa,08-Jul-24,23:59 Hrs,446.7,218416,430.4,192616,2.5,3.75,5,6.5,Normal
INDUS,Guddu,08-Jul-24,23:59 Hrs,258.4,162217,249.4,121167,2,3.5,5,7,Normal
INDUS,Sukkar,08-Jul-24,23:59 Hrs,198.3,100135,190.4,50300,2,3.5,5,7,Normal
INDUS,Kotri,08-Jul-24,23:59 Hrs,66.8,24310,40.4,1485,2.5,4,5,6.5,Normal
JHELUM,Kotli,08-Jul-24,23:59 Hrs,-,-,8.2,4110,-,-,-,-,-
JHELUM,Rasul,08-Jul-24,23:59 Hrs,719,18640,697,15800,0.75,1.1,1.5,2.25,Normal
CHENAB,Marala,08-Jul-24,23:59 Hrs,812,59396,797.3,27571,1,1.5,2,4,Normal
CHENAB,Khanki,08-Jul-24,23:59 Hrs,733,30867,722.2,23267,1,1.5,2,4,Normal
CHENAB,Qadirabad,08-Jul-24,23:59 Hrs,700,34319,686.1,14794,1,1.5,2,4,Normal
CHENAB,Trimmu,08-Jul-24,23:59 Hrs,490.5,40665,483.2,24915,1.5,2,3,4.5,Normal
CHENAB,Punjnad,08-Jul-24,23:59 Hrs,338,21855,326.6,8055,1.5,2,3,4.5,Normal
RAVI,Jassar,08-Jul-24,23:59 Hrs,-,-,776.5,3395,0.5,0.75,1,1.5,Normal
RAVI,Shahdara,08-Jul-24,23:59 Hrs,-,-,674,17800,0.4,0.65,0.9,1.35,Normal
RAVI,Balloki,08-Jul-24,23:59 Hrs,633.5,37620,619.1,10420,0.4,0.65,0.9,1.35,Normal
RAVI,Sidhnai,08-Jul-24,23:59 Hrs,467,18044,453.6,2644,0.3,0.45,0.6,0.9,Normal
SUTLEJ,Bhakara**,08-Jul-24,23:59 Hrs,-,-,-,-,-,-,-,-,-
SUTLEJ,Sulemanki,08-Jul-24,23:59 Hrs,569,19940,560.8,8136,0.5,0.8,1.2,1.75,Normal
SUTLEJ,Islam,08-Jul-24,23:59 Hrs,455,6293,439,4293,0.5,0.8,1.2,1.75,Normal
INDUS,khairabad,09-Jul-24,06:00 Hrs,-,-,16.9,205000,2.25,3.75,5,6.5,Normal
INDUS,Kalabagh,09-Jul-24,06:00 Hrs,693,216999,680.3,209059,2.5,3.75,5,6.5,Normal
INDUS,Chashma,09-Jul-24,06:00 Hrs,648.5,225085,615.2,220085,2.5,3.75,5,6.5,Normal
INDUS,Taunsa,09-Jul-24,06:00 Hrs,446.7,218416,430.4,192616,2.5,3.75,5,6.5,Normal
INDUS,Guddu,09-Jul-24,06:00 Hrs,258.3,168618,249.45,127090,2,3.5,5,7,Normal
INDUS,Sukkar,09-Jul-24,06:00 Hrs,198.7,115005,190.7,63895,2,3.5,5,7,Normal
INDUS,Kotri,09-Jul-24,06:00 Hrs,67.1,24750,40.4,1485,2.5,4,5,6.5,Normal
JHELUM,Kotli,09-Jul-24,06:00 Hrs,-,-,8.4,4590,-,-,-,-,-
JHELUM,Rasul,09-Jul-24,06:00 Hrs,719,14735,696,11895,0.75,1.1,1.5,2.25,Normal
CHENAB,Marala,09-Jul-24,06:00 Hrs,812,59396,797.3,27571,1,1.5,2,4,Normal
CHENAB,Khanki,09-Jul-24,06:00 Hrs,733,35529,722.4,27929,1,1.5,2,4,Normal
CHENAB,Qadirabad,09-Jul-24,06:00 Hrs,700,25304,685.4,5779,1,1.5,2,4,Normal
CHENAB,Trimmu,09-Jul-24,06:00 Hrs,490.5,43908,483.3,28158,1.5,2,3,4.5,Normal
CHENAB,Punjnad,09-Jul-24,06:00 Hrs,338,21855,326.6,8055,1.5,2,3,4.5,Normal
RAVI,Jassar,09-Jul-24,06:00 Hrs,-,-,776.5,3395,0.5,0.75,1,1.5,Normal
RAVI,Shahdara,09-Jul-24,06:00 Hrs,-,-,674,17800,0.4,0.65,0.9,1.35,Normal
RAVI,Balloki,09-Jul-24,06:00 Hrs,633.5,37565,619,9265,0.4,0.65,0.9,1.35,Normal
RAVI,Sidhnai,09-Jul-24,06:00 Hrs,467,18706,453.8,3305,0.3,0.45,0.6,0.9,Normal
SUTLEJ,Bhakara**,09-Jul-24,06:00 Hrs,-,-,-,-,-,-,-,-,-
SUTLEJ,Sulemanki,09-Jul-24,06:00 Hrs,569,20246,560.8,8136,0.5,0.8,1.2,1.75,Normal
SUTLEJ,Islam,09-Jul-24,06:00 Hrs,455,6293,439,4293,0.5,0.8,1.2,1.75,Normal
INDUS,khairabad,09-Jul-24,12:00 Hrs,-,-,10,127000,2.25,3.75,5,6.5,Normal
INDUS,Kalabagh,09-Jul-24,12:00 Hrs,693,217049,680.3,209059,2.5,3.75,5,6.5,Normal
INDUS,Chashma,09-Jul-24,12:00 Hrs,648.5,228243,615.3,223093,2.5,3.75,5,6.5,Normal
INDUS,Taunsa,09-Jul-24,12:00 Hrs,446.7,213238,430.3,184438,2.5,3.75,5,6.5,Normal
INDUS,Guddu,09-Jul-24,12:00 Hrs,258.3,166709,249.4,125940,2,3.5,5,7,Normal
INDUS,Sukkar,09-Jul-24,12:00 Hrs,198.7,115005,190.7,63895,2,3.5,5,7,Normal
INDUS,Kotri,09-Jul-24,12:00 Hrs,67.5,25150,40.4,1485,2.5,4,5,6.5,Normal
JHELUM,Kotli,09-Jul-24,12:00 Hrs,-,-,8.5,4830,-,-,-,-,-
JHELUM,Rasul,09-Jul-24,12:00 Hrs,719,14735,696,11895,0.75,1.1,1.5,2.25,Normal
CHENAB,Marala,09-Jul-24,12:00 Hrs,812,47111,796.3,15286,1,1.5,2,4,Normal
CHENAB,Khanki,09-Jul-24,12:00 Hrs,733,35579,722.4,27929,1,1.5,2,4,Normal
CHENAB,Qadirabad,09-Jul-24,12:00 Hrs,700,20710,684.3,1185,1,1.5,2,4,Normal
CHENAB,Trimmu,09-Jul-24,12:00 Hrs,490.5,43808,483.3,28158,1.5,2,3,4.5,Normal
CHENAB,Punjnad,09-Jul-24,12:00 Hrs,338,21855,326.6,8055,1.5,2,3,4.5,Normal
RAVI,Jassar,09-Jul-24,12:00 Hrs,-,-,776.4,3141,0.5,0.75,1,1.5,Normal
RAVI,Shahdara,09-Jul-24,12:00 Hrs,-,-,674,17800,0.4,0.65,0.9,1.35,Normal
RAVI,Balloki,09-Jul-24,12:00 Hrs,633.5,37565,619,9265,0.4,0.65,0.9,1.35,Normal
RAVI,Sidhnai,09-Jul-24,12:00 Hrs,467,20127,454.8,4627,0.3,0.45,0.6,0.9,Normal
SUTLEJ,Bhakara**,09-Jul-24,12:00 Hrs,-,-,-,-,-,-,-,-,-
SUTLEJ,Sulemanki,09-Jul-24,12:00 Hrs,569,20246,560.8,8136,0.5,0.8,1.2,1.75,Normal
SUTLEJ,Islam,09-Jul-24,12:00 Hrs,455,6293,439,4293,0.5,0.8,1.2,1.75,Normal
INDUS,khairabad,09-Jul-24,18:00 Hrs,-,-,12.9,156500,2.25,3.75,5,6.5,Normal
INDUS,Kalabagh,09-Jul-24,18:00 Hrs,693,183396,679.4,175406,2.5,3.75,5,6.5,Normal
INDUS,Chashma,09-Jul-24,18:00 Hrs,648.5,240670,615.4,235220,2.5,3.75,5,6.5,Normal
INDUS,Taunsa,09-Jul-24,18:00 Hrs,446.7,203256,430.2,174456,2.5,3.75,5,6.5,Normal
INDUS,Guddu,09-Jul-24,18:00 Hrs,258.4,169167,249.55,127340,2,3.5,5,7,Normal
INDUS,Sukkar,09-Jul-24,18:00 Hrs,198.7,115005,190.7,63895,2,3.5,5,7,Normal
INDUS,Kotri,09-Jul-24,18:00 Hrs,67.5,28315,40.4,1485,2.5,4,5,6.5,Normal
JHELUM,Kotli,09-Jul-24,18:00 Hrs,-,-,8.3,4350,-,-,-,-,-
JHELUM,Rasul,09-Jul-24,18:00 Hrs,719,17835,696,11895,0.75,1.1,1.5,2.25,Normal
CHENAB,Marala,09-Jul-24,18:00 Hrs,812,64749,797.5,32924,1,1.5,2,4,Normal
CHENAB,Khanki,09-Jul-24,18:00 Hrs,733,35916,722.4,27929,1,1.5,2,4,Normal
CHENAB,Qadirabad,09-Jul-24,18:00 Hrs,700,25654,685.7,9654,1,1.5,2,4,Normal
CHENAB,Trimmu,09-Jul-24,18:00 Hrs,490.5,44672,483.7,29022,1.5,2,3,4.5,Normal
CHENAB,Punjnad,09-Jul-24,18:00 Hrs,338,21855,326.6,8055,1.5,2,3,4.5,Normal
RAVI,Jassar,09-Jul-24,18:00 Hrs,-,-,776.1,2382,0.5,0.75,1,1.5,Normal
RAVI,Shahdara,09-Jul-24,18:00 Hrs,-,-,674,17800,0.4,0.65,0.9,1.35,Normal
RAVI,Balloki,09-Jul-24,18:00 Hrs,633.5,37565,619,9265,0.4,0.65,0.9,1.35,Normal
RAVI,Sidhnai,09-Jul-24,18:00 Hrs,467,20127,454.8,4627,0.3,0.45,0.6,0.9,Normal
SUTLEJ,Bhakara**,09-Jul-24,18:00 Hrs,-,-,-,-,-,-,-,-,-
SUTLEJ,Sulemanki,09-Jul-24,18:00 Hrs,569,20842,560.9,8690,0.5,0.8,1.2,1.75,Normal
SUTLEJ,Islam,09-Jul-24,18:00 Hrs,455,6293,439,4293,0.5,0.8,1.2,1.75,Normal
INDUS,khairabad,09-Jul-24,23:59 Hrs,-,-,15.5,184700,2.25,3.75,5,6.5,Normal
INDUS,Kalabagh,09-Jul-24,23:59 Hrs,693,173228,679.2,165238,2.5,3.75,5,6.5,Normal
INDUS,Chashma,09-Jul-24,23:59 Hrs,648.5,242991,615.4,237491,2.5,3.75,5,6.5,Normal
INDUS,Taunsa,09-Jul-24,23:59 Hrs,446.7,203256,430.2,174456,2.5,3.75,5,6.5,Normal
INDUS,Guddu,09-Jul-24,23:59 Hrs,258.4,169167,249.55,127340,2,3.5,5,7,Normal
INDUS,Sukkar,09-Jul-24,23:59 Hrs,198.7,115005,190.7,63895,2,3.5,5,7,Normal
INDUS,Kotri,09-Jul-24,23:59 Hrs,67.5,28315,40.4,1485,2.5,4,5,6.5,Normal
JHELUM,Kotli,09-Jul-24,23:59 Hrs,-,-,8.2,4110,-,-,-,-,-
JHELUM,Rasul,09-Jul-24,23:59 Hrs,719,14315,694,5341,0.75,1.1,1.5,2.25,Normal
CHENAB,Marala,09-Jul-24,23:59 Hrs,812,70102,797.9,38229,1,1.5,2,4,Normal
CHENAB,Khanki,09-Jul-24,23:59 Hrs,733,33497,722.3,25510,1,1.5,2,4,Normal
CHENAB,Qadirabad,09-Jul-24,23:59 Hrs,700,25654,685.7,9654,1,1.5,2,4,Normal
CHENAB,Trimmu,09-Jul-24,23:59 Hrs,490.5,46457,484,30807,1.5,2,3,4.5,Normal
CHENAB,Punjnad,09-Jul-24,23:59 Hrs,338,21855,326.6,8055,1.5,2,3,4.5,Normal
RAVI,Jassar,09-Jul-24,23:59 Hrs,-,-,776.1,2382,0.5,0.75,1,1.5,Normal
RAVI,Shahdara,09-Jul-24,23:59 Hrs,-,-,673.5,15761,0.4,0.65,0.9,1.35,Normal
RAVI,Balloki,09-Jul-24,23:59 Hrs,633.5,37565,619,9265,0.4,0.65,0.9,1.35,Normal
RAVI,Sidhnai,09-Jul-24,23:59 Hrs,467,20227,454.8,4627,0.3,0.45,0.6,0.9,Normal
SUTLEJ,Bhakara**,09-Jul-24,23:59 Hrs,-,-,-,-,-,-,-,-,-
SUTLEJ,Sulemanki,09-Jul-24,23:59 Hrs,569,20842,560.9,8690,0.5,0.8,1.2,1.75,Normal
SUTLEJ,Islam,09-Jul-24,23:59 Hrs,455,7028,439.3,5028,0.5,0.8,1.2,1.75,Normal
INDUS,khairabad,10-Jul-24,06:00 Hrs,-,-,14.6,174800,2.25,3.75,5,6.5,Normal
INDUS,Kalabagh,10-Jul-24,06:00 Hrs,693,196895,679.7,188905,2.5,3.75,5,6.5,Normal
INDUS,Chashma,10-Jul-24,06:00 Hrs,648.5,216585,615.3,211085,2.5,3.75,5,6.5,Normal
INDUS,Taunsa,10-Jul-24,06:00 Hrs,446.7,208904,430.3,180104,2.5,3.75,5,6.5,Normal
INDUS,Guddu,10-Jul-24,06:00 Hrs,258.4,172748,249.6,131229,2,3.5,5,7,Normal
INDUS,Sukkar,10-Jul-24,06:00 Hrs,198.9,121951,191.2,70041,2,3.5,5,7,Normal
INDUS,Kotri,10-Jul-24,06:00 Hrs,68.1,30690,41,2315,2.5,4,5,6.5,Normal
JHELUM,Kotli,10-Jul-24,06:00 Hrs,-,-,8.1,3880,-,-,-,-,-
JHELUM,Rasul,10-Jul-24,06:00 Hrs,719,19946,694.8,7990,0.75,1.1,1.5,2.25,Normal
CHENAB,Marala,10-Jul-24,06:00 Hrs,812,70150,797.7,38277,1,1.5,2,4,Normal
CHENAB,Khanki,10-Jul-24,06:00 Hrs,733,24781,721.5,16794,1,1.5,2,4,Normal
CHENAB,Qadirabad,10-Jul-24,06:00 Hrs,700,25654,685.7,9654,1,1.5,2,4,Normal
CHENAB,Trimmu,10-Jul-24,06:00 Hrs,490.5,46457,484,30807,1.5,2,3,4.5,Normal
CHENAB,Punjnad,10-Jul-24,06:00 Hrs,338,22139,326.65,8359,1.5,2,3,4.5,Normal
RAVI,Jassar,10-Jul-24,06:00 Hrs,-,-,776.1,2382,0.5,0.75,1,1.5,Normal
RAVI,Shahdara,10-Jul-24,06:00 Hrs,-,-,673.5,15761,0.4,0.65,0.9,1.35,Normal
RAVI,Balloki,10-Jul-24,06:00 Hrs,633.5,36410,618.9,8110,0.4,0.65,0.9,1.35,Normal
RAVI,Sidhnai,10-Jul-24,06:00 Hrs,467,21549,455.4,5949,0.3,0.45,0.6,0.9,Normal
SUTLEJ,Bhakara**,10-Jul-24,06:00 Hrs,-,-,-,-,-,-,-,-,-
SUTLEJ,Sulemanki,10-Jul-24,06:00 Hrs,569,20385,560.9,8233,0.5,0.8,1.2,1.75,Normal
SUTLEJ,Islam,10-Jul-24,06:00 Hrs,455,7800,439.6,5800,0.5,0.8,1.2,1.75,Normal
INDUS,khairabad,10-Jul-24,12:00 Hrs,-,-,16.6,197100,2.25,3.75,5,6.5,Normal
INDUS,Kalabagh,10-Jul-24,12:00 Hrs,693,216523,680.2,208533,2.5,3.75,5,6.5,Normal
INDUS,Chashma,10-Jul-24,12:00 Hrs,648.2,207723,614.5,204969,2.5,3.75,5,6.5,Normal
INDUS,Taunsa,10-Jul-24,12:00 Hrs,446.7,208904,430.3,180104,2.5,3.75,5,6.5,Normal
INDUS,Guddu,10-Jul-24,12:00 Hrs,258.4,172748,249.6,131229,2,3.5,5,7,Normal
INDUS,Sukkar,10-Jul-24,12:00 Hrs,198.9,121951,191.2,70041,2,3.5,5,7,Normal
INDUS,Kotri,10-Jul-24,12:00 Hrs,68.4,32680,41,2315,2.5,4,5,6.5,Normal
JHELUM,Kotli,10-Jul-24,12:00 Hrs,-,-,8,3660,-,-,-,-,-
JHELUM,Rasul,10-Jul-24,12:00 Hrs,718.9,14405,691.5,Nil,0.75,1.1,1.5,2.25,Normal
CHENAB,Marala,10-Jul-24,12:00 Hrs,812,59444,797.3,27571,1,1.5,2,4,Normal
CHENAB,Khanki,10-Jul-24,12:00 Hrs,733,51259,722.6,43272,1,1.5,2,4,Normal
CHENAB,Qadirabad,10-Jul-24,12:00 Hrs,700,28256,685.8,12265,1,1.5,2,4,Normal
CHENAB,Trimmu,10-Jul-24,12:00 Hrs,490.5,43635,483.8,27985,1.5,2,3,4.5,Normal
CHENAB,Punjnad,10-Jul-24,12:00 Hrs,338,23331,327.5,9481,1.5,2,3,4.5,Normal
RAVI,Jassar,10-Jul-24,12:00 Hrs,-,-,776.1,2382,0.5,0.75,1,1.5,Normal
RAVI,Shahdara,10-Jul-24,12:00 Hrs,-,-,673.5,15761,0.4,0.65,0.9,1.35,Normal
RAVI,Balloki,10-Jul-24,12:00 Hrs,633.5,36410,618.9,8110,0.4,0.65,0.9,1.35,Normal
RAVI,Sidhnai,10-Jul-24,12:00 Hrs,467,21549,455.4,5949,0.3,0.45,0.6,0.9,Normal
SUTLEJ,Bhakara**,10-Jul-24,12:00 Hrs,-,-,-,-,-,-,-,-,-
SUTLEJ,Sulemanki,10-Jul-24,12:00 Hrs,569,20385,560.9,8233,0.5,0.8,1.2,1.75,Normal
SUTLEJ,Islam,10-Jul-24,12:00 Hrs,455,7800,439.6,5800,0.5,0.8,1.2,1.75,Normal
INDUS,khairabad,10-Jul-24,18:00 Hrs,-,-,15,179200,2.25,3.75,5,6.5,Normal
INDUS,Kalabagh,10-Jul-24,18:00 Hrs,693,197660,679.7,186670,2.5,3.75,5,6.5,Normal
INDUS,Chashma,10-Jul-24,18:00 Hrs,648,210367,614.4,204867,2.5,3.75,5,6.5,Normal
INDUS,Taunsa,10-Jul-24,18:00 Hrs,446.7,197512,430.2,168712,2.5,3.75,5,6.5,Normal
INDUS,Guddu,10-Jul-24,18:00 Hrs,258.5,176062,249.7,133479,2,3.5,5,7,Normal
INDUS,Sukkar,10-Jul-24,18:00 Hrs,198.9,121951,191.2,70041,2,3.5,5,7,Normal
INDUS,Kotri,10-Jul-24,18:00 Hrs,68.4,32680,41,2315,2.5,4,5,6.5,Normal
JHELUM,Kotli,10-Jul-24,18:00 Hrs,-,-,7.9,3440,-,-,-,-,-
JHELUM,Rasul,10-Jul-24,18:00 Hrs,719,27876,696,11895,0.75,1.1,1.5,2.25,Normal
CHENAB,Marala,10-Jul-24,18:00 Hrs,812,70150,797.9,38277,1,1.5,2,4,Normal
CHENAB,Khanki,10-Jul-24,18:00 Hrs,733,46714,723.3,38864,1,1.5,2,4,Normal
CHENAB,Qadirabad,10-Jul-24,18:00 Hrs,700,50065,687,34065,1,1.5,2,4,Normal
CHENAB,Trimmu,10-Jul-24,18:00 Hrs,490.5,43635,483.8,27985,1.5,2,3,4.5,Normal
CHENAB,Punjnad,10-Jul-24,18:00 Hrs,338,25714,328.2,11864,1.5,2,3,4.5,Normal
RAVI,Jassar,10-Jul-24,18:00 Hrs,-,-,776.1,2382,0.5,0.75,1,1.5,Normal
RAVI,Shahdara,10-Jul-24,18:00 Hrs,-,-,673.5,15761,0.4,0.65,0.9,1.35,Normal
RAVI,Balloki,10-Jul-24,18:00 Hrs,633.5,35260,618.6,6960,0.4,0.65,0.9,1.35,Normal
RAVI,Sidhnai,10-Jul-24,18:00 Hrs,467,21127,455.3,5527,0.3,0.45,0.6,0.9,Normal
SUTLEJ,Bhakara**,10-Jul-24,18:00 Hrs,-,-,-,-,-,-,-,-,-
SUTLEJ,Sulemanki,10-Jul-24,18:00 Hrs,569,20442,560.6,7591,0.5,0.8,1.2,1.75,Normal
SUTLEJ,Islam,10-Jul-24,18:00 Hrs,455,8609,439.8,6609,0.5,0.8,1.2,1.75,Normal
INDUS,khairabad,10-Jul-24,23:59 Hrs,-,-,13.8,166100,2.25,3.75,5,6.5,Normal
INDUS,Kalabagh,10-Jul-24,23:59 Hrs,693,209436,680,201446,2.5,3.75,5,6.5,Normal
INDUS,Chashma,10-Jul-24,23:59 Hrs,647.8,209090,614.4,203340,2.5,3.75,5,6.5,Normal
INDUS,Taunsa,10-Jul-24,23:59 Hrs,446.7,197512,430.2,168712,2.5,3.75,5,6.5,Normal
INDUS,Guddu,10-Jul-24,23:59 Hrs,258.5,176062,249.7,133479,2,3.5,5,7,Normal
INDUS,Sukkar,10-Jul-24,23:59 Hrs,198.9,121951,191.2,70041,2,3.5,5,7,Normal
INDUS,Kotri,10-Jul-24,23:59 Hrs,68.4,32680,41,2315,2.5,4,5,6.5,Normal
JHELUM,Kotli,10-Jul-24,23:59 Hrs,-,-,7.8,3220,-,-,-,-,-
JHELUM,Rasul,10-Jul-24,23:59 Hrs,719,32356,697,15800,0.75,1.1,1.5,2.25,Normal
CHENAB,Marala,10-Jul-24,23:59 Hrs,812,80856,798.6,48983,1,1.5,2,4,Normal
CHENAB,Khanki,10-Jul-24,23:59 Hrs,733,38129,722.6,30180,1,1.5,2,4,Normal
CHENAB,Qadirabad,10-Jul-24,23:59 Hrs,700,47507,686.8,31507,1,1.5,2,4,Normal
CHENAB,Trimmu,10-Jul-24,23:59 Hrs,490.5,39251,482.7,23601,1.5,2,3,4.5,Normal
CHENAB,Punjnad,10-Jul-24,23:59 Hrs,338,25714,328,11864,1.5,2,3,4.5,Normal
RAVI,Jassar,10-Jul-24,23:59 Hrs,-,-,776.1,2382,0.5,0.75,1,1.5,Normal
RAVI,Shahdara,10-Jul-24,23:59 Hrs,-,-,673.5,15761,0.4,0.65,0.9,1.35,Normal
RAVI,Balloki,10-Jul-24,23:59 Hrs,633.5,35260,618.6,6960,0.4,0.65,0.9,1.35,Normal
RAVI,Sidhnai,10-Jul-24,23:59 Hrs,467,21127,455.4,5527,0.3,0.45,0.6,0.9,Normal
SUTLEJ,Bhakara**,10-Jul-24,23:59 Hrs,-,-,-,-,-,-,-,-,-
SUTLEJ,Sulemanki,10-Jul-24,23:59 Hrs,569,20442,560.6,7591,0.5,0.8,1.2,1.75,Normal
SUTLEJ,Islam,10-Jul-24,23:59 Hrs,455,8609,439.8,6609,0.5,0.8,1.2,1.75,Normal
INDUS,khairabad,11-Jul-24,06:00 Hrs,-,-,15.9,189200,2.25,3.75,5,6.5,Normal
INDUS,Kalabagh,11-Jul-24,06:00 Hrs,693,209406,680,201416,2.5,3.75,5,6.5,Normal
INDUS,Chashma,11-Jul-24,06:00 Hrs,647.8,212293,614.4,206493,2.5,3.75,5,6.5,Normal
INDUS,Taunsa,11-Jul-24,06:00 Hrs,446.7,207254,430.3,178754,2.5,3.75,5,6.5,Normal
INDUS,Guddu,11-Jul-24,06:00 Hrs,258.5,185123,249.9,142411,2,3.5,5,7,Normal
INDUS,Sukkar,11-Jul-24,06:00 Hrs,198.9,121951,191.2,70041,2,3.5,5,7,Normal
INDUS,Kotri,11-Jul-24,06:00 Hrs,68.6,36576,41.5,3121,2.5,4,5,6.5,Normal
JHELUM,Kotli,11-Jul-24,06:00 Hrs,-,-,7.7,3010,-,-,-,-,-
JHELUM,Rasul,11-Jul-24,06:00 Hrs,719,22474,694,5341,0.75,1.1,1.5,2.25,Normal
CHENAB,Marala,11-Jul-24,06:00 Hrs,812,59444,797.3,27571,1,1.5,2,4,Normal
CHENAB,Khanki,11-Jul-24,06:00 Hrs,733,33459,722.3,25510,1,1.5,2,4,Normal
CHENAB,Qadirabad,11-Jul-24,06:00 Hrs,700,47507,686.8,31507,1,1.5,2,4,Normal
CHENAB,Trimmu,11-Jul-24,06:00 Hrs,490.5,33942,481.9,18292,1.5,2,3,4.5,Normal
CHENAB,Punjnad,11-Jul-24,06:00 Hrs,338,25714,328.2,11864,1.5,2,3,4.5,Normal
RAVI,Jassar,11-Jul-24,06:00 Hrs,-,-,776.1,2382,0.5,0.75,1,1.5,Normal
RAVI,Shahdara,11-Jul-24,06:00 Hrs,-,-,673.4,15353,0.4,0.65,0.9,1.35,Normal
RAVI,Balloki,11-Jul-24,06:00 Hrs,633.5,32460,618.3,4160,0.4,0.65,0.9,1.35,Normal
RAVI,Sidhnai,11-Jul-24,06:00 Hrs,467,20561,455,4961,0.3,0.45,0.6,0.9,Normal
SUTLEJ,Bhakara**,11-Jul-24,06:00 Hrs,-,-,-,-,-,-,-,-,-
SUTLEJ,Sulemanki,11-Jul-24,06:00 Hrs,569,21929,560.9,9078,0.5,0.8,1.2,1.75,Normal
SUTLEJ,Islam,11-Jul-24,06:00 Hrs,455,8609,439.8,6609,0.5,0.8,1.2,1.75,Normal
INDUS,khairabad,11-Jul-24,12:00 Hrs,-,-,11.5,142000,2.25,3.75,5,6.5,Normal
INDUS,Kalabagh,11-Jul-24,12:00 Hrs,693,222036,680.3,214046,2.5,3.75,5,6.5,Normal
INDUS,Chashma,11-Jul-24,12:00 Hrs,647.9,213181,614.4,205065,2.5,3.75,5,6.5,Normal
INDUS,Taunsa,11-Jul-24,12:00 Hrs,446.7,207254,430.3,178754,2.5,3.75,5,6.5,Normal
INDUS,Guddu,11-Jul-24,12:00 Hrs,258.5,185123,249.9,142411,2,3.5,5,7,Normal
INDUS,Sukkar,11-Jul-24,12:00 Hrs,198.9,121951,191.2,70041,2,3.5,5,7,Normal
INDUS,Kotri,11-Jul-24,12:00 Hrs,68.7,37956,41.5,3121,2.5,4,5,6.5,Normal
JHELUM,Kotli,11-Jul-24,12:00 Hrs,-,-,8.7,3220,-,-,-,-,-
JHELUM,Rasul,11-Jul-24,12:00 Hrs,719,22811,694,5341,0.75,1.1,1.5,2.25,Normal
CHENAB,Marala,11-Jul-24,12:00 Hrs,812,48738,796.5,16865,1,1.5,2,4,Normal
CHENAB,Khanki,11-Jul-24,12:00 Hrs,733,51221,723.5,43272,1,1.5,2,4,Normal
CHENAB,Qadirabad,11-Jul-24,12:00 Hrs,700,41137,686.4,25137,1,1.5,2,4,Normal
CHENAB,Trimmu,11-Jul-24,12:00 Hrs,490.5,32275,418.7,16625,1.5,2,3,4.5,Normal
CHENAB,Punjnad,11-Jul-24,12:00 Hrs,338,25714,328.2,11864,1.5,2,3,4.5,Normal
RAVI,Jassar,11-Jul-24,12:00 Hrs,-,-,776.2,2635,0.5,0.75,1,1.5,Normal
RAVI,Shahdara,11-Jul-24,12:00 Hrs,-,-,673.4,15353,0.4,0.65,0.9,1.35,Normal
RAVI,Balloki,11-Jul-24,12:00 Hrs,633.5,32460,618.3,4160,0.4,0.65,0.9,1.35,Normal
RAVI,Sidhnai,11-Jul-24,12:00 Hrs,467,20561,455,4961,0.3,0.45,0.6,0.9,Normal
SUTLEJ,Bhakara**,11-Jul-24,12:00 Hrs,-,-,-,-,-,-,-,-,-
SUTLEJ,Sulemanki,11-Jul-24,12:00 Hrs,569,21929,560.9,9078,0.5,0.8,1.2,1.75,Normal
SUTLEJ,Islam,11-Jul-24,12:00 Hrs,455,8609,439.8,6609,0.5,0.8,1.2,1.75,Normal
INDUS,khairabad,11-Jul-24,18:00 Hrs,-,-,13.1,158600,2.25,3.75,5,6.5,Normal
INDUS,Kalabagh,11-Jul-24,18:00 Hrs,693,186991,679.4,179001,2.5,3.75,5,6.5,Normal
INDUS,Chashma,11-Jul-24,18:00 Hrs,647.9,210843,614.4,204943,2.5,3.75,5,6.5,Normal
INDUS,Taunsa,11-Jul-24,18:00 Hrs,446.7,223375,430.5,196875,2.5,3.75,5,6.5,Normal
INDUS,Guddu,11-Jul-24,18:00 Hrs,258.6,188603,250,145891,2,3.5,5,7,Normal
INDUS,Sukkar,11-Jul-24,18:00 Hrs,198.9,121951,191.2,70041,2,3.5,5,7,Normal
INDUS,Kotri,11-Jul-24,18:00 Hrs,68.7,39896,41.5,3121,2.5,4,5,6.5,Normal
JHELUM,Kotli,11-Jul-24,18:00 Hrs,-,-,7.7,3010,-,-,-,-,-
JHELUM,Rasul,11-Jul-24,18:00 Hrs,719,23579,694,5341,0.75,1.1,1.5,2.25,Normal
CHENAB,Marala,11-Jul-24,18:00 Hrs,812,64797,797.5,32924,1,1.5,2,4,Normal
CHENAB,Khanki,11-Jul-24,18:00 Hrs,733,42230,723.2,34180,1,1.5,2,4,Normal
CHENAB,Qadirabad,11-Jul-24,18:00 Hrs,700,56368,687.5,40368,1,1.5,2,4,Normal
CHENAB,Trimmu,11-Jul-24,18:00 Hrs,490.5,27301,480.8,11651,1.5,2,3,4.5,Normal
CHENAB,Punjnad,11-Jul-24,18:00 Hrs,338,25714,328.2,11864,1.5,2,3,4.5,Normal
RAVI,Jassar,11-Jul-24,18:00 Hrs,-,-,776.2,2635,0.5,0.75,1,1.5,Normal
RAVI,Shahdara,11-Jul-24,18:00 Hrs,-,-,673.4,15353,0.4,0.65,0.9,1.35,Normal
RAVI,Balloki,11-Jul-24,18:00 Hrs,633.5,32460,618.3,4160,0.4,0.65,0.9,1.35,Normal
RAVI,Sidhnai,11-Jul-24,18:00 Hrs,467,20561,455,4961,0.3,0.45,0.6,0.9,Normal
SUTLEJ,Bhakara**,11-Jul-24,18:00 Hrs,-,-,-,-,-,-,-,-,-
SUTLEJ,Sulemanki,11-Jul-24,18:00 Hrs,569,20227,560.6,7376,0.5,0.8,1.2,1.75,Normal
SUTLEJ,Islam,11-Jul-24,18:00 Hrs,455,8609,439.8,6609,0.5,0.8,1.2,1.75,Normal
INDUS,khairabad,11-Jul-24,23:59 Hrs,-,-,15,179200,2.25,3.75,5,6.5,Normal
INDUS,Kalabagh,11-Jul-24,23:59 Hrs,693,181574,679.4,173548,2.5,3.75,5,6.5,Normal
INDUS,Chashma,11-Jul-24,23:59 Hrs,648,211136,614.4,204936,2.5,3.75,5,6.5,Normal
INDUS,Taunsa,11-Jul-24,23:59 Hrs,446.7,220875,430.5,196875,2.5,3.75,5,6.5,Normal
INDUS,Guddu,11-Jul-24,23:59 Hrs,258.6,188603,250,145891,2,3.5,5,7,Normal
INDUS,Sukkar,11-Jul-24,23:59 Hrs,198.9,121951,191.2,70041,2,3.5,5,7,Normal
INDUS,Kotri,11-Jul-24,23:59 Hrs,68.7,39896,41.5,3121,2.5,4,5,6.5,Normal
JHELUM,Kotli,11-Jul-24,23:59 Hrs,-,-,7.6,2800,-,-,-,-,-
JHELUM,Rasul,11-Jul-24,23:59 Hrs,719,18585,691.5,Nill,0.75,1.1,1.5,2.25,Normal
CHENAB,Marala,11-Jul-24,23:59 Hrs,812,64797,797.5,32924,1,1.5,2,4,Normal
CHENAB,Khanki,11-Jul-24,23:59 Hrs,733,24844,921.5,16794,1,1.5,2,4,Normal
CHENAB,Qadirabad,11-Jul-24,23:59 Hrs,700,53817,687.3,37817,1,1.5,2,4,Normal
CHENAB,Trimmu,11-Jul-24,23:59 Hrs,490.5,21683,480,6033,1.5,2,3,4.5,Normal
CHENAB,Punjnad,11-Jul-24,23:59 Hrs,338,25714,328.2,11864,1.5,2,3,4.5,Normal
RAVI,Jassar,11-Jul-24,23:59 Hrs,-,-,777.4,5337,0.5,0.75,1,1.5,Normal
RAVI,Shahdara,11-Jul-24,23:59 Hrs,-,-,673.4,15353,0.4,0.65,0.9,1.35,Normal
RAVI,Balloki,11-Jul-24,23:59 Hrs,633.5,32460,618.3,4160,0.4,0.65,0.9,1.35,Normal
RAVI,Sidhnai,11-Jul-24,23:59 Hrs,467,20561,455,4961,0.3,0.45,0.6,0.9,Normal
SUTLEJ,Bhakara**,11-Jul-24,23:59 Hrs,-,-,-,-,-,-,-,-,-
SUTLEJ,Sulemanki,11-Jul-24,23:59 Hrs,569,20227,560.6,7376,0.5,0.8,1.2,1.75,Normal
SUTLEJ,Islam,11-Jul-24,23:59 Hrs,455,8609,439.8,6609,0.5,0.8,1.2,1.75,Normal
INDUS,khairabad,12-Jul-24,06:00 Hrs,-,-,13.8,166100,2.25,3.75,5,6.5,Normal
INDUS,Kalabagh,12-Jul-24,06:00 Hrs,693,195731,679.4,187741,2.5,3.75,5,6.5,Normal
INDUS,Chashma,12-Jul-24,06:00 Hrs,647.9,211562,614.4,205162,2.5,3.75,5,6.5,Normal
INDUS,Taunsa,12-Jul-24,06:00 Hrs,446.7,204104,430.3,180104,2.5,3.75,5,6.5,Normal
INDUS,Guddu,12-Jul-24,06:00 Hrs,258.6,189918,250,147206,2,3.5,5,7,Normal
INDUS,Sukkar,12-Jul-24,06:00 Hrs,199.2,128205,191.6,75045,2,3.5,5,7,Normal
INDUS,Kotri,12-Jul-24,06:00 Hrs,68.7,39970,41.5,3125,2.5,4,5,6.5,Normal
JHELUM,Kotli,12-Jul-24,06:00 Hrs,-,-,7.6,2800,-,-,-,-,-
JHELUM,Rasul,12-Jul-24,06:00 Hrs,719,19366,691.5,Nill,0.75,1.1,1.5,2.25,Normal
CHENAB,Marala,12-Jul-24,06:00 Hrs,812,59444,797.3,27571,1,1.5,2,4,Normal
CHENAB,Khanki,12-Jul-24,06:00 Hrs,733,24844,721.5,16794,1,1.5,2,4,Normal
CHENAB,Qadirabad,12-Jul-24,06:00 Hrs,700,37309,686.2,21309,1,1.5,2,4,Normal
CHENAB,Trimmu,12-Jul-24,06:00 Hrs,490.5,21733,480,6033,1.5,2,3,4.5,Normal
CHENAB,Punjnad,12-Jul-24,06:00 Hrs,338,26736,328.5,12886,1.5,2,3,4.5,Normal
RAVI,Jassar,12-Jul-24,06:00 Hrs,-,-,777.4,5337,0.5,0.75,1,1.5,Normal
RAVI,Shahdara,12-Jul-24,06:00 Hrs,-,-,673.4,15353,0.4,0.65,0.9,1.35,Normal
RAVI,Balloki,12-Jul-24,06:00 Hrs,633.5,31865,618.1,3565,0.4,0.65,0.9,1.35,Normal
RAVI,Sidhnai,12-Jul-24,06:00 Hrs,467,20561,455,4961,0.3,0.45,0.6,0.9,Normal
SUTLEJ,Bhakara**,12-Jul-24,06:00 Hrs,-,-,-,-,-,-,-,-,-
SUTLEJ,Sulemanki,12-Jul-24,06:00 Hrs,569,19510,560,6659,0.5,0.8,1.2,1.75,Normal
SUTLEJ,Islam,12-Jul-24,06:00 Hrs,455,8609,439.8,6609,0.5,0.8,1.2,1.75,Normal
INDUS,khairabad,12-Jul-24,12:00 Hrs,-,-,12.2,149200,2.25,3.75,5,6.5,Normal
INDUS,Kalabagh,12-Jul-24,12:00 Hrs,639,202201,679.9,194211,2.5,3.75,5,6.5,Normal
INDUS,Chashma,12-Jul-24,12:00 Hrs,647.7,211420,614.5,205020,2.5,3.75,5,6.5,Normal
INDUS,Taunsa,12-Jul-24,12:00 Hrs,446.7,204104,43030,180104,2.5,3.75,5,6.5,Normal
INDUS,Guddu,12-Jul-24,12:00 Hrs,258.6,186280,249.9,143568,2,3.5,5,7,Normal
INDUS,Sukkar,12-Jul-24,12:00 Hrs,199.2,128205,191.6,75045,2,3.5,5,7,Normal
INDUS,Kotri,12-Jul-24,12:00 Hrs,68.7,39970,41.5,3125,2.5,4,5,6.5,Normal
JHELUM,Kotli,12-Jul-24,12:00 Hrs,-,-,7.6,2800,-,-,-,-,-
JHELUM,Rasul,12-Jul-24,12:00 Hrs,719,25074,694,5341,0.75,1.1,1.5,2.25,Normal
CHENAB,Marala,12-Jul-24,12:00 Hrs,812,59344,797.3,25571,1,1.5,2,4,Normal
CHENAB,Khanki,12-Jul-24,12:00 Hrs,733,34113,721.8,26100,1,1.5,2,4,Normal
CHENAB,Qadirabad,12-Jul-24,12:00 Hrs,700,32120,686,16120,1,1.5,2,4,Normal
CHENAB,Trimmu,12-Jul-24,12:00 Hrs,490.5,18906,479.2,3206,1.5,2,3,4.5,Normal
CHENAB,Punjnad,12-Jul-24,12:00 Hrs,338,26728,328.5,12879,1.5,2,3,4.5,Normal
RAVI,Jassar,12-Jul-24,12:00 Hrs,-,-,777.6,5676,0.5,0.75,1,1.5,Normal
RAVI,Shahdara,12-Jul-24,12:00 Hrs,-,-,673.8,16985,0.4,0.65,0.9,1.35,Normal
RAVI,Balloki,12-Jul-24,12:00 Hrs,633.5,31815,618.1,3565,0.4,0.65,0.9,1.35,Normal
RAVI,Sidhnai,12-Jul-24,12:00 Hrs,467,20561,455,4961,0.3,0.45,0.6,0.9,Normal
SUTLEJ,Bhakara**,12-Jul-24,12:00 Hrs,-,-,-,-,-,-,-,-,-
SUTLEJ,Sulemanki,12-Jul-24,12:00 Hrs,569,19510,560,6659,0.5,0.8,1.2,1.75,Normal
SUTLEJ,Islam,12-Jul-24,12:00 Hrs,455,8609,439.8,6609,0.5,0.8,1.2,1.75,Normal
INDUS,khairabad,12-Jul-24,18:00 Hrs,-,-,10.9,135900,2.25,3.75,5,6.5,Normal
INDUS,Kalabagh,12-Jul-24,18:00 Hrs,693,191093,679.5,183103,2.5,3.75,5,6.5,Normal
INDUS,Chashma,12-Jul-24,18:00 Hrs,647.6,206866,614.9,198150,2.5,3.75,5,6.5,Normal
INDUS,Taunsa,12-Jul-24,18:00 Hrs,446.7,204104,430.3,180104,2.5,3.75,5,6.5,Normal
INDUS,Guddu,12-Jul-24,18:00 Hrs,258.6,185998,250.05,146780,2,3.5,5,7,Normal
INDUS,Sukkar,12-Jul-24,18:00 Hrs,199.2,128205,191.6,75045,2,3.5,5,7,Normal
INDUS,Kotri,12-Jul-24,18:00 Hrs,68.7,40330,41.5,3125,2.5,4,5,6.5,Normal
JHELUM,Kotli,12-Jul-24,18:00 Hrs,-,-,7.8,3220,-,-,-,-,-
JHELUM,Rasul,12-Jul-24,18:00 Hrs,719,20003,691.5,Nill,0.75,1.1,1.5,2.25,Normal
CHENAB,Marala,12-Jul-24,18:00 Hrs,812,62697,797.5,32924,1,1.5,2,4,Normal
CHENAB,Khanki,12-Jul-24,18:00 Hrs,733,34800,722.8,26901,1,1.5,2,4,Normal
CHENAB,Qadirabad,12-Jul-24,18:00 Hrs,700,42420,686.5,26420,1,1.5,2,4,Normal
CHENAB,Trimmu,12-Jul-24,18:00 Hrs,490.5,19406,479.2,3206,1.5,2,3,4.5,Normal
CHENAB,Punjnad,12-Jul-24,18:00 Hrs,338,27904,328.8,14054,1.5,2,3,4.5,Normal
RAVI,Jassar,12-Jul-24,18:00 Hrs,-,-,777.8,6014,0.5,0.75,1,1.5,Normal
RAVI,Shahdara,12-Jul-24,18:00 Hrs,-,-,674,17800,0.4,0.65,0.9,1.35,Normal
RAVI,Balloki,12-Jul-24,18:00 Hrs,633.5,31910,618.3,4160,0.4,0.65,0.9,1.35,Normal
RAVI,Sidhnai,12-Jul-24,18:00 Hrs,467,20361,455,4961,0.3,0.45,0.6,0.9,Normal
SUTLEJ,Bhakara**,12-Jul-24,18:00 Hrs,-,-,-,-,-,-,-,-,-
SUTLEJ,Sulemanki,12-Jul-24,18:00 Hrs,569,18535,559.9,5624,0.5,0.8,1.2,1.75,Normal
SUTLEJ,Islam,12-Jul-24,18:00 Hrs,455,8609,439.8,6609,0.5,0.8,1.2,1.75,Normal
INDUS,khairabad,12-Jul-24,23:59 Hrs,-,-,12.2,149200,2.25,3.75,5,6.5,Normal
INDUS,Kalabagh,12-Jul-24,23:59 Hrs,693,185061,679.4,177071,2.5,3.75,5,6.5,Normal
INDUS,Chashma,12-Jul-24,23:59 Hrs,647.2,250465,615.1,246381,2.5,3.75,5,6.5,Normal
INDUS,Taunsa,12-Jul-24,23:59 Hrs,446.2,222199,430.7,203699,2.5,3.75,5,6.5,Normal
INDUS,Guddu,12-Jul-24,23:59 Hrs,258.6,185998,250.05,146780,2,3.5,5,7,Normal
INDUS,Sukkar,12-Jul-24,23:59 Hrs,199.2,128205,191.6,75045,2,3.5,5,7,Normal
INDUS,Kotri,12-Jul-24,23:59 Hrs,68.7,40330,41.5,3125,2.5,4,5,6.5,Normal
JHELUM,Kotli,12-Jul-24,23:59 Hrs,-,-,7.7,3010,-,-,-,-,-
JHELUM,Rasul,12-Jul-24,23:59 Hrs,719,20003,691.5,Nill,0.75,1.1,1.5,2.25,Normal
CHENAB,Marala,12-Jul-24,23:59 Hrs,812,71403,798.3,43630,1,1.5,2,4,Normal
CHENAB,Khanki,12-Jul-24,23:59 Hrs,733,32799,722.4,24900,1,1.5,2,4,Normal
CHENAB,Qadirabad,12-Jul-24,23:59 Hrs,700,43706,686.6,27706,1,1.5,2,4,Normal
CHENAB,Trimmu,12-Jul-24,23:59 Hrs,490.5,20646,479.7,5225,1.5,2,3,4.5,Normal
CHENAB,Punjnad,12-Jul-24,23:59 Hrs,338,30732,329.2,16982,1.5,2,3,4.5,Normal
RAVI,Jassar,12-Jul-24,23:59 Hrs,-,-,778,6353,0.5,0.75,1,1.5,Normal
RAVI,Shahdara,12-Jul-24,23:59 Hrs,-,-,674,17800,0.4,0.65,0.9,1.35,Normal
RAVI,Balloki,12-Jul-24,23:59 Hrs,633.5,30910,618.3,4160,0.4,0.65,0.9,1.35,Normal
RAVI,Sidhnai,12-Jul-24,23:59 Hrs,467,20349,455.7,5949,0.3,0.45,0.6,0.9,Normal
SUTLEJ,Bhakara**,12-Jul-24,23:59 Hrs,-,-,-,-,-,-,-,-,-
SUTLEJ,Sulemanki,12-Jul-24,23:59 Hrs,569,18911,560.4,6905,0.5,0.8,1.2,1.75,Normal
SUTLEJ,Islam,12-Jul-24,23:59 Hrs,455,8609,439.8,6609,0.5,0.8,1.2,1.75,Normal
INDUS,khairabad,13-Jul-24,06:00 Hrs,-,-,14.1,169400,2.25,3.75,5,6.5,Normal
INDUS,Kalabagh,13-Jul-24,06:00 Hrs,693,172632,679.2,164642,2.5,3.75,5,6.5,Normal
INDUS,Chashma,13-Jul-24,06:00 Hrs,646,248400,615.9,245840,2.5,3.75,5,6.5,Normal
INDUS,Taunsa,13-Jul-24,06:00 Hrs,446.2,199139,430.4,180639,2.5,3.75,5,6.5,Normal
INDUS,Guddu,13-Jul-24,06:00 Hrs,258.4,186265,250.1,151413,2,3.5,5,7,Normal
INDUS,Sukkar,13-Jul-24,06:00 Hrs,199.2,135685,192.4,82275,2,3.5,5,7,Normal
INDUS,Kotri,13-Jul-24,06:00 Hrs,69.1,41240,41.5,3155,2.5,4,5,6.5,Normal
JHELUM,Kotli,13-Jul-24,06:00 Hrs,-,-,7.8,3220,-,-,-,-,-
JHELUM,Rasul,13-Jul-24,06:00 Hrs,719,17895,691.5,Nill,0.75,1.1,1.5,2.25,Normal
CHENAB,Marala,13-Jul-24,06:00 Hrs,812,66050,797.9,38277,1,1.5,2,4,Normal
CHENAB,Khanki,13-Jul-24,06:00 Hrs,733,32799,722.4,24900,1,1.5,2,4,Normal
CHENAB,Qadirabad,13-Jul-24,06:00 Hrs,700,43706,686.6,27706,1,1.5,2,4,Normal
CHENAB,Trimmu,13-Jul-24,06:00 Hrs,490.5,20425,479.7,5225,1.5,2,3,4.5,Normal
CHENAB,Punjnad,13-Jul-24,06:00 Hrs,338,35191,330.1,21441,1.5,2,3,4.5,Normal
RAVI,Jassar,13-Jul-24,06:00 Hrs,-,-,778,6353,0.5,0.75,1,1.5,Normal
RAVI,Shahdara,13-Jul-24,06:00 Hrs,-,-,674,17800,0.4,0.65,0.9,1.35,Normal
RAVI,Balloki,13-Jul-24,06:00 Hrs,633.5,34860,618.8,8110,0.4,0.65,0.9,1.35,Normal
RAVI,Sidhnai,13-Jul-24,06:00 Hrs,467,19688,455.6,5188,0.3,0.45,0.6,0.9,Normal
SUTLEJ,Bhakara**,13-Jul-24,06:00 Hrs,-,-,-,-,-,-,-,-,-
SUTLEJ,Sulemanki,13-Jul-24,06:00 Hrs,569,19132,560.6,7822,0.5,0.8,1.2,1.75,Normal
SUTLEJ,Islam,13-Jul-24,06:00 Hrs,455,8459,439.8,6609,0.5,0.8,1.2,1.75,Normal
INDUS,khairabad,13-Jul-24,12:00 Hrs,-,-,15.1,180300,2.25,3.75,5,6.5,Normal
INDUS,Kalabagh,13-Jul-24,12:00 Hrs,693,187528,679.5,179538,2.5,3.75,5,6.5,Normal
INDUS,Chashma,13-Jul-24,12:00 Hrs,645.6,229666,615.7,224928,2.5,3.75,5,6.5,Normal
INDUS,Taunsa,13-Jul-24,12:00 Hrs,446.2,199139,430.4,180639,2.5,3.75,5,6.5,Normal
INDUS,Guddu,13-Jul-24,12:00 Hrs,258.4,186265,250.1,151413,2,3.5,5,7,Normal
INDUS,Sukkar,13-Jul-24,12:00 Hrs,199.2,135685,192.4,82275,2,3.5,5,7,Normal
INDUS,Kotri,13-Jul-24,12:00 Hrs,69.4,44410,41.7,3985,2.5,4,5,6.5,Normal
JHELUM,Kotli,13-Jul-24,12:00 Hrs,-,-,7.7,3010,-,-,-,-,-
JHELUM,Rasul,13-Jul-24,12:00 Hrs,719,15025,691.5,Nill,0.75,1.1,1.5,2.25,Normal
CHENAB,Marala,13-Jul-24,12:00 Hrs,812,60697,797.5,32972,1,1.5,2,4,Normal
CHENAB,Khanki,13-Jul-24,12:00 Hrs,733,42141,723.2,34180,1,1.5,2,4,Normal
CHENAB,Qadirabad,13-Jul-24,12:00 Hrs,700,43706,686.6,27706,1,1.5,2,4,Normal
CHENAB,Trimmu,13-Jul-24,12:00 Hrs,490.5,27819,480.5,12569,1.5,2,3,4.5,Normal
CHENAB,Punjnad,13-Jul-24,12:00 Hrs,338,34991,330.1,21441,1.5,2,3,4.5,Normal
RAVI,Jassar,13-Jul-24,12:00 Hrs,-,-,777.9,6184,0.5,0.75,1,1.5,Normal
RAVI,Shahdara,13-Jul-24,12:00 Hrs,-,-,674.1,18365,0.4,0.65,0.9,1.35,Normal
RAVI,Balloki,13-Jul-24,12:00 Hrs,633.5,36215,619,9265,0.4,0.65,0.9,1.35,Normal
RAVI,Sidhnai,13-Jul-24,12:00 Hrs,467,19888,455,5288,0.3,0.45,0.6,0.9,Normal
SUTLEJ,Bhakara**,13-Jul-24,12:00 Hrs,-,-,-,-,-,-,-,-,-
SUTLEJ,Sulemanki,13-Jul-24,12:00 Hrs,569,19132,560.6,7822,0.5,0.8,1.2,1.75,Normal
SUTLEJ,Islam,13-Jul-24,12:00 Hrs,455,8059,439.8,6609,0.5,0.8,1.2,1.75,Normal
INDUS,khairabad,13-Jul-24,18:00 Hrs,-,-,16,190300,2.25,3.75,5,6.5,Normal
INDUS,Kalabagh,13-Jul-24,18:00 Hrs,693.5,205787,679.9,197797,2.5,3.75,5,6.5,Normal
INDUS,Chashma,13-Jul-24,18:00 Hrs,645.4,229893,615,224955,2.5,3.75,5,6.5,Normal
INDUS,Taunsa,13-Jul-24,18:00 Hrs,446,204536,430.5,186036,2.5,3.75,5,6.5,Normal
INDUS,Guddu,13-Jul-24,18:00 Hrs,258.4,186819,250,151083,2,3.5,5,7,Normal
INDUS,Sukkar,13-Jul-24,18:00 Hrs,199.2,135685,192.4,82275,2,3.5,5,7,Normal
INDUS,Kotri,13-Jul-24,18:00 Hrs,69.4,46580,41.7,3985,2.5,4,5,6.5,Normal
JHELUM,Kotli,13-Jul-24,18:00 Hrs,-,-,7.8,3220,-,-,-,-,-
JHELUM,Rasul,13-Jul-24,18:00 Hrs,719,13498,691.5,-,0.75,1.1,1.5,2.25,Normal
CHENAB,Marala,13-Jul-24,18:00 Hrs,812,55296,797.3,27571,1,1.5,2,4,Normal
CHENAB,Khanki,13-Jul-24,18:00 Hrs,733,49603,724.2,41642,1,1.5,2,4,Normal
CHENAB,Qadirabad,13-Jul-24,18:00 Hrs,700,41137,686.4,25137,1,1.5,2,4,Normal
CHENAB,Trimmu,13-Jul-24,18:00 Hrs,490.5,29461,481,14211,1.5,2,3,4.5,Normal
CHENAB,Punjnad,13-Jul-24,18:00 Hrs,338,32364,329.9,18814,1.5,2,3,4.5,Normal
RAVI,Jassar,13-Jul-24,18:00 Hrs,-,-,777.8,6014,0.5,0.75,1,1.5,Normal
RAVI,Shahdara,13-Jul-24,18:00 Hrs,-,-,674.1,18365,0.4,0.65,0.9,1.35,Normal
RAVI,Balloki,13-Jul-24,18:00 Hrs,633.5,36365,619,9265,0.4,0.65,0.9,1.35,Normal
RAVI,Sidhnai,13-Jul-24,18:00 Hrs,467,18527,455.5,4627,0.3,0.45,0.6,0.9,Normal
SUTLEJ,Bhakara**,13-Jul-24,18:00 Hrs,,-,-,-,-,-,-,-,-
SUTLEJ,Sulemanki,13-Jul-24,18:00 Hrs,569,19406,560.7,8096,0.5,0.8,1.2,1.75,Normal
SUTLEJ,Islam,13-Jul-24,18:00 Hrs,455,8477,440.5,7027,0.5,0.8,1.2,1.75,Normal
INDUS,khairabad,13-Jul-24,23:59 Hrs,-,-,16.8,199400,2.25,3.75,5,6.5,Normal
INDUS,Kalabagh,13-Jul-24,23:59 Hrs,693.5,205787,679.9,197797,2.5,3.75,5,6.5,Normal
INDUS,Chashma,13-Jul-24,23:59 Hrs,644.4,231529,615,224929,2.5,3.75,5,6.5,Normal
INDUS,Taunsa,13-Jul-24,23:59 Hrs,446,204536,430.5,186036,2.5,3.75,5,6.5,Normal
INDUS,Guddu,13-Jul-24,23:59 Hrs,258.4,186819,250,151083,2,3.5,5,7,Normal
INDUS,Sukkar,13-Jul-24,23:59 Hrs,199.2,135685,192.4,82275,2,3.5,5,7,Normal
INDUS,Kotri,13-Jul-24,23:59 Hrs,69.4,46580,41.7,3985,2.5,4,5,6.5,Normal
JHELUM,Kotli,13-Jul-24,23:59 Hrs,-,-,7.9,3440,-,-,-,-,-
JHELUM,Rasul,13-Jul-24,23:59 Hrs,719,13498,691.5,Nill,0.75,1.1,1.5,2.25,Normal
CHENAB,Marala,13-Jul-24,23:59 Hrs,812,55296,797.3,27571,1,1.5,2,4,Normal
CHENAB,Khanki,13-Jul-24,23:59 Hrs,733,42141,723.2,34180,1,1.5,2,4,Normal
CHENAB,Qadirabad,13-Jul-24,23:59 Hrs,700,51265,687.1,35265,1,1.5,2,4,Normal
CHENAB,Trimmu,13-Jul-24,23:59 Hrs,490.5,29461,481,14211,1.5,2,3,4.5,Normal
CHENAB,Punjnad,13-Jul-24,23:59 Hrs,338,32514,329.9,18814,1.5,2,3,4.5,Normal
RAVI,Jassar,13-Jul-24,23:59 Hrs,-,-,778.3,7101,0.5,0.75,1,1.5,Normal
RAVI,Shahdara,13-Jul-24,23:59 Hrs,-,-,673.6,16168,0.4,0.65,0.9,1.35,Normal
RAVI,Balloki,13-Jul-24,23:59 Hrs,633.5,36365,619,9265,0.4,0.65,0.9,1.35,Normal
RAVI,Sidhnai,13-Jul-24,23:59 Hrs,467,18727,455.5,4627,0.3,0.45,0.6,0.9,Normal
SUTLEJ,Bhakara**,13-Jul-24,23:59 Hrs,-,-,-,-,-,-,-,-,-
SUTLEJ,Sulemanki,13-Jul-24,23:59 Hrs,569,19306,560.7,8096,0.5,0.8,1.2,1.75,Normal
SUTLEJ,Islam,13-Jul-24,23:59 Hrs,455,8427,440.5,7027,0.5,0.8,1.2,1.75,Normal
INDUS,khairabad,14-Jul-24,06:00 Hrs,-,-,14.2,170400,2.25,3.75,5,6.5,Normal
INDUS,Kalabagh,14-Jul-24,06:00 Hrs,693.5,207820,679.9,199830,2.5,3.75,5,6.5,Normal
INDUS,Chashma,14-Jul-24,06:00 Hrs,644.2,231969,615,225369,2.5,3.75,5,6.5,Normal
INDUS,Taunsa,14-Jul-24,06:00 Hrs,446,200300,430.4,181800,2.5,3.75,5,6.5,Normal
INDUS,Guddu,14-Jul-24,06:00 Hrs,258.6,189800,250.05,151970,2,3.5,5,7,Normal
INDUS,Sukkar,14-Jul-24,06:00 Hrs,199.2,140276,192.6,86866,2,3.5,5,7,Normal
INDUS,Kotri,14-Jul-24,06:00 Hrs,69.8,46580,41.9,3985,2.5,4,5,6.5,Normal
JHELUM,Kotli,14-Jul-24,06:00 Hrs,-,-,8,3660,-,-,-,-,-
JHELUM,Rasul,14-Jul-24,06:00 Hrs,719,13350,691.5,Nill,0.75,1.1,1.5,2.25,Normal
CHENAB,Marala,14-Jul-24,06:00 Hrs,812,49943,796.8,22218,1,1.5,2,4,Normal
CHENAB,Khanki,14-Jul-24,06:00 Hrs,733,33471,722.3,25510,1,1.5,2,4,Normal
CHENAB,Qadirabad,14-Jul-24,06:00 Hrs,700,51265,687.1,35265,1,1.5,2,4,Normal
CHENAB,Trimmu,14-Jul-24,06:00 Hrs,490.5,2946,481,14211,1.5,2,3,4.5,Normal
CHENAB,Punjnad,14-Jul-24,06:00 Hrs,338,32514,329.9,18814,1.5,2,3,4.5,Normal
RAVI,Jassar,14-Jul-24,06:00 Hrs,-,-,778.3,7101,0.5,0.75,1,1.5,Normal
RAVI,Shahdara,14-Jul-24,06:00 Hrs,-,-,673.3,14945,0.4,0.65,0.9,1.35,Normal
RAVI,Balloki,14-Jul-24,06:00 Hrs,633.5,36365,619,9265,0.4,0.65,0.9,1.35,Normal
RAVI,Sidhnai,14-Jul-24,06:00 Hrs,467,17405,453.7,3305,0.3,0.45,0.6,0.9,Normal
SUTLEJ,Bhakara**,14-Jul-24,06:00 Hrs,-,-,-,-,-,-,-,-,-
SUTLEJ,Sulemanki,14-Jul-24,06:00 Hrs,569,19207,560.6,7997,0.5,0.8,1.2,1.75,Normal
SUTLEJ,Islam,14-Jul-24,06:00 Hrs,455,8427,440.5,7027,0.5,0.8,1.2,1.75,Normal
INDUS,khairabad,14-Jul-24,12:00 Hrs,-,-,15.5,184700,2.25,3.75,5,6.5,Normal
INDUS,Kalabagh,14-Jul-24,12:00 Hrs,693.5,224446,680.4,216456,2.5,3.75,5,6.5,Normal
INDUS,Chashma,14-Jul-24,12:00 Hrs,644.2,231451,615,224851,2.5,3.75,5,6.5,Normal
INDUS,Taunsa,14-Jul-24,12:00 Hrs,446,200300,430.4,181800,2.5,3.75,5,6.5,Normal
INDUS,Guddu,14-Jul-24,12:00 Hrs,258.8,192897,250.25,155136,2,3.5,5,7,Normal
INDUS,Sukkar,14-Jul-24,12:00 Hrs,199.2,140276,192.6,86866,2,3.5,5,7,Normal
INDUS,Kotri,14-Jul-24,12:00 Hrs,69.9,48160,42.1,5425,2.5,4,5,6.5,Normal
JHELUM,Kotli,14-Jul-24,12:00 Hrs,-,-,7.9,3440,-,-,-,-,-
JHELUM,Rasul,14-Jul-24,12:00 Hrs,719,13203,691.5,Nill,0.75,1.1,1.5,2.25,Normal
CHENAB,Marala,14-Jul-24,12:00 Hrs,812,49943,796.8,22218,1,1.5,2,4,Normal
CHENAB,Khanki,14-Jul-24,12:00 Hrs,733,42167,733.2,34180,1,1.5,2,4,Normal
CHENAB,Qadirabad,14-Jul-24,12:00 Hrs,700,38616,686.2,22616,1,1.5,2,4,Normal
CHENAB,Trimmu,14-Jul-24,12:00 Hrs,490.5,32422,481.5,17172,1.5,2,3,4.5,Normal
CHENAB,Punjnad,14-Jul-24,12:00 Hrs,338,30729,329.7,16949,1.5,2,3,4.5,Normal
RAVI,Jassar,14-Jul-24,12:00 Hrs,-,-,777.1,4828,0.5,0.75,1,1.5,Normal
RAVI,Shahdara,14-Jul-24,12:00 Hrs,-,-,673.3,14945,0.4,0.65,0.9,1.35,Normal
RAVI,Balloki,14-Jul-24,12:00 Hrs,633.5,36365,619,9265,0.4,0.65,0.9,1.35,Normal
RAVI,Sidhnai,14-Jul-24,12:00 Hrs,467,17405,453.7,3305,0.3,0.45,0.6,0.9,Normal
SUTLEJ,Bhakara**,14-Jul-24,12:00 Hrs,-,-,-,-,-,-,-,-,-
SUTLEJ,Sulemanki,14-Jul-24,12:00 Hrs,569,19207,560.6,7997,0.5,0.8,1.2,1.75,Normal
SUTLEJ,Islam,14-Jul-24,12:00 Hrs,455,8424,440.5,7027,0.5,0.8,1.2,1.75,Normal
INDUS,khairabad,14-Jul-24,18:00 Hrs,-,-,22.4,266600,2.25,3.75,5,6.5,Low
INDUS,Kalabagh,14-Jul-24,18:00 Hrs,693.5,205420,679.9,197430,2.5,3.75,5,6.5,Normal
INDUS,Chashma,14-Jul-24,18:00 Hrs,644.2,231611,615,225011,2.5,3.75,5,6.5,Normal
INDUS,Taunsa,14-Jul-24,18:00 Hrs,446,203600,430.4,182100,2.5,3.75,5,6.5,Normal
INDUS,Guddu,14-Jul-24,18:00 Hrs,258.8,192897,250.25,155136,2,3.5,5,7,Normal
INDUS,Sukkar,14-Jul-24,18:00 Hrs,199.2,140276,192.6,86866,2,3.5,5,7,Normal
INDUS,Kotri,14-Jul-24,18:00 Hrs,69.9,48580,42.1,5425,2.5,4,5,6.5,Normal
JHELUM,Kotli,14-Jul-24,18:00 Hrs,-,-,7.8,3220,-,-,-,-,-
JHELUM,Rasul,14-Jul-24,18:00 Hrs,719,11640,691.5,5341,0.75,1.1,1.5,2.25,Normal
CHENAB,Marala,14-Jul-24,18:00 Hrs,812,50018,796.8,22218,1,1.5,2,4,Normal
CHENAB,Khanki,14-Jul-24,18:00 Hrs,733,31397,721.9,23385,1,1.5,2,4,Normal
CHENAB,Qadirabad,14-Jul-24,18:00 Hrs,700,36042,686,20042,1,1.5,2,4,Normal
CHENAB,Trimmu,14-Jul-24,18:00 Hrs,490.5,23331,480.8,16881,1.5,2,3,4.5,Normal
CHENAB,Punjnad,14-Jul-24,18:00 Hrs,338,30729,329.7,16949,1.5,2,3,4.5,Normal
RAVI,Jassar,14-Jul-24,18:00 Hrs,-,-,777,4660,0.5,0.75,1,1.5,Normal
RAVI,Shahdara,14-Jul-24,18:00 Hrs,-,-,673.3,14945,0.4,0.65,0.9,1.35,Normal
RAVI,Balloki,14-Jul-24,18:00 Hrs,633.5,34350,618.8,6950,0.4,0.65,0.9,1.35,Normal
RAVI,Sidhnai,14-Jul-24,18:00 Hrs,467,16456,453.2,1656,0.3,0.45,0.6,0.9,Normal
SUTLEJ,Bhakara**,14-Jul-24,18:00 Hrs,,-,-,-,-,-,-,-,-
SUTLEJ,Sulemanki,14-Jul-24,18:00 Hrs,569,19011,560.5,7351,0.5,0.8,1.2,1.75,Normal
SUTLEJ,Islam,14-Jul-24,18:00 Hrs,455,8627,440.5,7027,0.5,0.8,1.2,1.75,Normal
INDUS,khairabad,14-Jul-24,23:59 Hrs,-,-,22,261600,2.25,3.75,5,6.5,Low
INDUS,Kalabagh,14-Jul-24,23:59 Hrs,693.5,217858,679.2,209868,2.5,3.75,5,6.5,Normal
INDUS,Chashma,14-Jul-24,23:59 Hrs,644.2,232950,615,225000,2.5,3.75,5,6.5,Normal
INDUS,Taunsa,14-Jul-24,23:59 Hrs,446,203600,430.4,182100,2.5,3.75,5,6.5,Normal
INDUS,Guddu,14-Jul-24,23:59 Hrs,258.8,192897,250.25,155136,2,3.5,5,7,Normal
INDUS,Sukkar,14-Jul-24,23:59 Hrs,199.2,140276,192.6,86866,2,3.5,5,7,Normal
INDUS,Kotri,14-Jul-24,23:59 Hrs,69.9,48580,42.1,5425,2.5,4,5,6.5,Normal
JHELUM,Kotli,14-Jul-24,23:59 Hrs,-,-,7.9,3440,-,-,-,-,-
JHELUM,Rasul,14-Jul-24,23:59 Hrs,719,10898,691.5,-,0.75,1.1,1.5,2.25,Normal
CHENAB,Marala,14-Jul-24,23:59 Hrs,812,55371,797.3,27571,1,1.5,2,4,Normal
CHENAB,Khanki,14-Jul-24,23:59 Hrs,733,22940,721.2,14928,1,1.5,2,4,Normal
CHENAB,Qadirabad,14-Jul-24,23:59 Hrs,700,32188,685.8,16188,1,1.5,2,4,Normal
CHENAB,Trimmu,14-Jul-24,23:59 Hrs,490.5,32331,481.8,16881,1.5,2,3,4.5,Normal
CHENAB,Punjnad,14-Jul-24,23:59 Hrs,338,27747,328.9,13967,1.5,2,3,4.5,Normal
RAVI,Jassar,14-Jul-24,23:59 Hrs,-,-,777,4660,0.5,0.75,1,1.5,Normal
RAVI,Shahdara,14-Jul-24,23:59 Hrs,-,-,673.3,14945,0.4,0.65,0.9,1.35,Normal
RAVI,Balloki,14-Jul-24,23:59 Hrs,633.5,34350,618.8,6950,0.4,0.65,0.9,1.35,Normal
RAVI,Sidhnai,14-Jul-24,23:59 Hrs,467,17117,453.4,2317,0.3,0.45,0.6,0.9,Normal
SUTLEJ,Bhakara**,14-Jul-24,23:59 Hrs,,-,-,-,-,-,-,-,-
SUTLEJ,Sulemanki,14-Jul-24,23:59 Hrs,569,19011,560.5,7351,0.5,0.8,1.2,1.75,Normal
SUTLEJ,Islam,14-Jul-24,23:59 Hrs,455,8209,439.8,6609,0.5,0.8,1.2,1.75,Normal
INDUS,khairabad,15-Jul-24,06:00 Hrs,-,-,19,225000,2.25,3.75,5,6.5,Low
INDUS,Kalabagh,15-Jul-24,06:00 Hrs,693.5,229747,680.5,221757,2.5,3.75,5,6.5,Normal
INDUS,Chashma,15-Jul-24,06:00 Hrs,644.2,234676,615,225226,2.5,3.75,5,6.5,Normal
INDUS,Taunsa,15-Jul-24,06:00 Hrs,446.2,209877,430.4,187377,2.5,3.75,5,6.5,Normal
INDUS,Guddu,15-Jul-24,06:00 Hrs,258.3,179515,249.8,141754,2,3.5,5,7,Normal
INDUS,Sukkar,15-Jul-24,06:00 Hrs,199.1,134050,192.3,81640,2,3.5,5,7,Normal
INDUS,Kotri,15-Jul-24,06:00 Hrs,69.9,51160,43.7,8405,2.5,4,5,6.5,Normal
JHELUM,Kotli,15-Jul-24,06:00 Hrs,-,-,8,3660,-,-,-,-,-
JHELUM,Rasul,15-Jul-24,06:00 Hrs,719,10057,691.5,-,0.75,1.1,1.5,2.25,Normal
CHENAB,Marala,15-Jul-24,06:00 Hrs,812,50018,796.8,22218,1,1.5,2,4,Normal
CHENAB,Khanki,15-Jul-24,06:00 Hrs,733,21074,721,13062,1,1.5,2,4,Normal
CHENAB,Qadirabad,15-Jul-24,06:00 Hrs,700,24407,685.4,8407,1,1.5,2,4,Normal
CHENAB,Trimmu,15-Jul-24,06:00 Hrs,490.5,32331,481.8,16881,1.5,2,3,4.5,Normal
CHENAB,Punjnad,15-Jul-24,06:00 Hrs,338,25011,328.3,11231,1.5,2,3,4.5,Normal
RAVI,Jassar,15-Jul-24,06:00 Hrs,-,-,777,4660,0.5,0.75,1,1.5,Normal
RAVI,Shahdara,15-Jul-24,06:00 Hrs,-,-,673.3,14945,0.4,0.65,0.9,1.35,Normal
RAVI,Balloki,15-Jul-24,06:00 Hrs,633.5,34350,618.8,6950,0.4,0.65,0.9,1.35,Normal
RAVI,Sidhnai,15-Jul-24,06:00 Hrs,467,16456,452.9,1656,0.3,0.45,0.6,0.9,Normal
SUTLEJ,Bhakara**,15-Jul-24,06:00 Hrs,,-,-,-,-,-,-,-,-
SUTLEJ,Sulemanki,15-Jul-24,06:00 Hrs,569,19445,560.1,7389,0.5,0.8,1.2,1.75,Normal
SUTLEJ,Islam,15-Jul-24,06:00 Hrs,455,8209,439.8,6609,0.5,0.8,1.2,1.75,Normal
INDUS,khairabad,15-Jul-24,12:00 Hrs,-,-,16.2,192600,2.25,3.75,5,6.5,Normal
INDUS,Kalabagh,15-Jul-24,12:00 Hrs,693.5,252912,681,244922,2.5,3.75,5,6.5,Normal
INDUS,Chashma,15-Jul-24,12:00 Hrs,644.1,236163,615,225028,2.5,3.75,5,6.5,Normal
INDUS,Taunsa,15-Jul-24,12:00 Hrs,446.2,207323,430.4,183323,2.5,3.75,5,6.5,Normal
INDUS,Guddu,15-Jul-24,12:00 Hrs,258.3,179515,249.8,141754,2,3.5,5,7,Normal
INDUS,Sukkar,15-Jul-24,12:00 Hrs,199.1,134050,192.3,81640,2,3.5,5,7,Normal
INDUS,Kotri,15-Jul-24,12:00 Hrs,69.9,51160,43.7,8405,2.5,4,5,6.5,Normal
JHELUM,Kotli,15-Jul-24,12:00 Hrs,-,-,8.1,3880,-,-,-,-,-
JHELUM,Rasul,15-Jul-24,12:00 Hrs,719,8263,691.5,-,0.75,1.1,1.5,2.25,Normal
CHENAB,Marala,15-Jul-24,12:00 Hrs,812,44665,796.5,16865,1,1.5,2,4,Normal
CHENAB,Khanki,15-Jul-24,12:00 Hrs,733,24883,721.5,8089,1,1.5,2,4,Normal
CHENAB,Qadirabad,15-Jul-24,12:00 Hrs,700,21407,685.4,8407,1,1.5,2,4,Normal
CHENAB,Trimmu,15-Jul-24,12:00 Hrs,490.5,32331,481.8,16881,1.5,2,3,4.5,Normal
CHENAB,Punjnad,15-Jul-24,12:00 Hrs,338,23856,328.2,10076,1.5,2,3,4.5,Normal
RAVI,Jassar,15-Jul-24,12:00 Hrs,-,-,777,4660,0.5,0.75,1,1.5,Normal
RAVI,Shahdara,15-Jul-24,12:00 Hrs,-,-,673.3,14945,0.4,0.65,0.9,1.35,Normal
RAVI,Balloki,15-Jul-24,12:00 Hrs,633.5,33805,618.1,5805,0.4,0.65,0.9,1.35,Normal
RAVI,Sidhnai,15-Jul-24,12:00 Hrs,467,16456,452.9,1656,0.3,0.45,0.6,0.9,Normal
SUTLEJ,Bhakara**,15-Jul-24,12:00 Hrs,-,-,-,-,-,-,-,-,-
SUTLEJ,Sulemanki,15-Jul-24,12:00 Hrs,569,19445,560.1,7389,0.5,0.8,1.2,1.75,Normal
SUTLEJ,Islam,15-Jul-24,12:00 Hrs,455,8209,439.8,6609,0.5,0.8,1.2,1.75,Normal
INDUS,khairabad,15-Jul-24,18:00 Hrs,-,-,16.5,196000,2.25,3.75,5,6.5,Normal
INDUS,Kalabagh,15-Jul-24,18:00 Hrs,693.5,223072,680.4,215082,2.5,3.75,5,6.5,Normal
INDUS,Chashma,15-Jul-24,18:00 Hrs,644.3,238812,615,225643,2.5,3.75,5,6.5,Normal
INDUS,Taunsa,15-Jul-24,18:00 Hrs,446.2,208323,430.4,183323,2.5,3.75,5,6.5,Normal
INDUS,Guddu,15-Jul-24,18:00 Hrs,258.3,179515,249.8,141754,2,3.5,5,7,Normal
INDUS,Sukkar,15-Jul-24,18:00 Hrs,199.1,134050,192.3,81640,2,3.5,5,7,Normal
INDUS,Kotri,15-Jul-24,18:00 Hrs,69.9,51160,43.7,8405,2.5,4,5,6.5,Normal
JHELUM,Kotli,15-Jul-24,18:00 Hrs,-,-,8,3660,-,-,-,-,-
JHELUM,Rasul,15-Jul-24,18:00 Hrs,719,9805,691.5,Nill,0.75,1.1,1.5,2.25,Normal
CHENAB,Marala,15-Jul-24,18:00 Hrs,812,42865,796.5,16865,1,1.5,2,4,Normal
CHENAB,Khanki,15-Jul-24,18:00 Hrs,733,24883,721.5,16794,1,1.5,2,4,Normal
CHENAB,Qadirabad,15-Jul-24,18:00 Hrs,700,21407,685.4,8407,1,1.5,2,4,Normal
CHENAB,Trimmu,15-Jul-24,18:00 Hrs,490.5,29197,481.2,13576,1.5,2,3,4.5,Normal
CHENAB,Punjnad,15-Jul-24,18:00 Hrs,338,23896,328.2,10076,1.5,2,3,4.5,Normal
RAVI,Jassar,15-Jul-24,18:00 Hrs,-,-,822,Nil,0.5,0.75,1,1.5,Normal
RAVI,Shahdara,15-Jul-24,18:00 Hrs,-,-,697.4,15348,0.4,0.65,0.9,1.35,Normal
RAVI,Balloki,15-Jul-24,18:00 Hrs,633.5,34350,618.8,6950,0.4,0.65,0.9,1.35,Normal
RAVI,Sidhnai,15-Jul-24,18:00 Hrs,467,15250,451.5,Nil,0.3,0.45,0.6,0.9,Normal
SUTLEJ,Bhakara**,15-Jul-24,18:00 Hrs,-,-,-,-,-,-,-,-,-
SUTLEJ,Sulemanki,15-Jul-24,18:00 Hrs,569,19445,560.1,7389,0.5,0.8,1.2,1.75,Normal
SUTLEJ,Islam,15-Jul-24,18:00 Hrs,455,7400,439.7,5800,0.5,0.8,1.2,1.75,Normal
INDUS,khairabad,15-Jul-24,23:59 Hrs,-,-,16.4,194800,2.25,3.75,5,6.5,Normal
INDUS,Kalabagh,15-Jul-24,23:59 Hrs,693.5,203001,679.9,195011,2.5,3.75,5,6.5,Normal
INDUS,Chashma,15-Jul-24,23:59 Hrs,645.2,263656,615.1,245006,2.5,3.75,5,6.5,Normal
INDUS,Taunsa,15-Jul-24,23:59 Hrs,446.2,208323,430.4,183323,2.5,3.75,5,6.5,Normal
INDUS,Guddu,15-Jul-24,23:59 Hrs,258.3,179515,249.8,141754,2,3.5,5,7,Normal
INDUS,Sukkar,15-Jul-24,23:59 Hrs,199.1,134050,192.3,81640,2,3.5,5,7,Normal
INDUS,Kotri,15-Jul-24,23:59 Hrs,69.9,51160,43.7,8405,2.5,4,5,6.5,Normal
JHELUM,Kotli,15-Jul-24,23:59 Hrs,-,-,8.2,4110,-,-,-,-,-
JHELUM,Rasul,15-Jul-24,23:59 Hrs,719,10057,691.5,Nill,0.75,1.1,1.5,2.25,Normal
CHENAB,Marala,15-Jul-24,23:59 Hrs,812,48218,796.8,22218,1,1.5,2,4,Normal
CHENAB,Khanki,15-Jul-24,23:59 Hrs,733,17596,720.8,11196,1,1.5,2,4,Normal
CHENAB,Qadirabad,15-Jul-24,23:59 Hrs,700,22704,685.5,9704,1,1.5,2,4,Normal
CHENAB,Trimmu,15-Jul-24,23:59 Hrs,490.5,29525,481.2,13575,1.5,2,3,4.5,Normal
CHENAB,Punjnad,15-Jul-24,23:59 Hrs,338,21950,326.9,8130,1.5,2,3,4.5,Normal
RAVI,Jassar,15-Jul-24,23:59 Hrs,-,-,776.3,2635,0.5,0.75,1,1.5,Normal
RAVI,Shahdara,15-Jul-24,23:59 Hrs,-,-,672.9,13306,0.4,0.65,0.9,1.35,Normal
RAVI,Balloki,15-Jul-24,23:59 Hrs,633.5,33510,618.9,8110,0.4,0.65,0.9,1.35,Normal
RAVI,Sidhnai,15-Jul-24,23:59 Hrs,467,15911,452.4,661,0.3,0.45,0.6,0.9,Normal
SUTLEJ,Bhakara**,15-Jul-24,23:59 Hrs,-,-,-,-,-,-,-,-,-
SUTLEJ,Sulemanki,15-Jul-24,23:59 Hrs,569,19545,560.1,7389,0.5,0.8,1.2,1.75,Normal
SUTLEJ,Islam,15-Jul-24,23:59 Hrs,455,7400,439.7,5800,0.5,0.8,1.2,1.75,Normal
INDUS,khairabad,16-Jul-24,06:00 Hrs,-,-,18.5,219100,2.25,3.75,5,6.5,Normal
INDUS,Kalabagh,16-Jul-24,06:00 Hrs,693.5,204418,679.9,196428,2.5,3.75,5,6.5,Normal
INDUS,Chashma,16-Jul-24,06:00 Hrs,644.5,273391,615.7,261891,2.5,3.75,5,6.5,Normal
INDUS,Taunsa,16-Jul-24,06:00 Hrs,446.2,214810,430.4,189810,2.5,3.75,5,6.5,Normal
INDUS,Guddu,16-Jul-24,06:00 Hrs,258.5,177194,249.7,139263,2,3.5,5,7,Normal
INDUS,Sukkar,16-Jul-24,06:00 Hrs,199.1,133460,192.3,81640,2,3.5,5,7,Normal
INDUS,Kotri,16-Jul-24,06:00 Hrs,69.9,58805,45.1,16150,2.5,4,5,6.5,Normal
JHELUM,Kotli,16-Jul-24,06:00 Hrs,-,-,8.4,4590,-,-,-,-,-
JHELUM,Rasul,16-Jul-24,06:00 Hrs,719,8837,691.5,Nill,0.75,1.1,1.5,2.25,Normal
CHENAB,Marala,16-Jul-24,06:00 Hrs,812,48218,796.8,22218,1,1.5,2,4,Normal
CHENAB,Khanki,16-Jul-24,06:00 Hrs,733,17596,720.8,11196,1,1.5,2,4,Normal
CHENAB,Qadirabad,16-Jul-24,06:00 Hrs,700,22704,685.5,9704,1,1.5,2,4,Normal
CHENAB,Trimmu,16-Jul-24,06:00 Hrs,490.5,29525,481.2,13575,1.5,2,3,4.5,Normal
CHENAB,Punjnad,16-Jul-24,06:00 Hrs,338,21950,326.9,8130,1.5,2,3,4.5,Normal
RAVI,Jassar,16-Jul-24,06:00 Hrs,-,-,776.3,2635,0.5,0.75,1,1.5,Normal
RAVI,Shahdara,16-Jul-24,06:00 Hrs,-,-,672.9,13306,0.4,0.65,0.9,1.35,Normal
RAVI,Balloki,16-Jul-24,06:00 Hrs,633.5,32350,618.8,6950,0.4,0.65,0.9,1.35,Normal
RAVI,Sidhnai,16-Jul-24,06:00 Hrs,467,16572,453,1322,0.3,0.45,0.6,0.9,Normal
SUTLEJ,Bhakara**,16-Jul-24,06:00 Hrs,-,-,-,-,-,-,-,-,-
SUTLEJ,Sulemanki,16-Jul-24,06:00 Hrs,569,17124,559.7,4968,0.5,0.8,1.2,1.75,Normal
SUTLEJ,Islam,16-Jul-24,06:00 Hrs,455,7400,439.7,5800,0.5,0.8,1.2,1.75,Normal
INDUS,khairabad,16-Jul-24,12:00 Hrs,-,-,24.8,297300,2.25,3.75,5,6.5,Low
INDUS,Kalabagh,16-Jul-24,12:00 Hrs,693.5,223444,680.4,215454,2.5,3.75,5,6.5,Normal
INDUS,Chashma,16-Jul-24,12:00 Hrs,644,246999,615.5,235499,2.5,3.75,5,6.5,Normal
INDUS,Taunsa,16-Jul-24,12:00 Hrs,446.2,214810,430.4,189810,2.5,3.75,5,6.5,Normal
INDUS,Guddu,16-Jul-24,12:00 Hrs,258.5,177784,249.7,139263,2,3.5,5,7,Normal
INDUS,Sukkar,16-Jul-24,12:00 Hrs,199.1,133460,192.3,81640,2,3.5,5,7,Normal
INDUS,Kotri,16-Jul-24,12:00 Hrs,69.9,58805,45.1,16150,2.5,4,5,6.5,Normal
JHELUM,Kotli,16-Jul-24,12:00 Hrs,-,-,8.3,4350,-,-,-,-,-
JHELUM,Rasul,16-Jul-24,12:00 Hrs,719,8605,691.5,Nil,0.75,1.1,1.5,2.25,Normal
CHENAB,Marala,16-Jul-24,12:00 Hrs,812,42865,796.5,16865,1,1.5,2,4,Normal
CHENAB,Khanki,16-Jul-24,12:00 Hrs,733,19462,721,13062,1,1.5,2,4,Normal
CHENAB,Qadirabad,16-Jul-24,12:00 Hrs,700,18857,685,5857,1,1.5,2,4,Normal
CHENAB,Trimmu,16-Jul-24,12:00 Hrs,490.5,29525,481.2,13575,1.5,2,3,4.5,Normal
CHENAB,Punjnad,16-Jul-24,12:00 Hrs,338,21950,326.9,8130,1.5,2,3,4.5,Normal
RAVI,Jassar,16-Jul-24,12:00 Hrs,-,-,777.1,2382,0.5,0.75,1,1.5,Normal
RAVI,Shahdara,16-Jul-24,12:00 Hrs,-,-,672.9,13306,0.4,0.65,0.9,1.35,Normal
RAVI,Balloki,16-Jul-24,12:00 Hrs,633.5,31750,618.8,6950,0.4,0.65,0.9,1.35,Normal
RAVI,Sidhnai,16-Jul-24,12:00 Hrs,467,16572,453,1322,0.3,0.45,0.6,0.9,Normal
SUTLEJ,Bhakara**,16-Jul-24,12:00 Hrs,-,-,-,-,-,-,-,-,-
SUTLEJ,Sulemanki,16-Jul-24,12:00 Hrs,569,17124,559.7,4968,0.5,0.8,1.2,1.75,Normal
SUTLEJ,Islam,16-Jul-24,12:00 Hrs,455,6628,439.5,5028,0.5,0.8,1.2,1.75,Normal
INDUS,khairabad,16-Jul-24,18:00 Hrs,-,-,18.4,217900,2.25,3.75,5,6.5,Normal
INDUS,Kalabagh,16-Jul-24,18:00 Hrs,693.5,230349,680.5,222359,2.5,3.75,5,6.5,Normal
INDUS,Chashma,16-Jul-24,18:00 Hrs,643.5,245101,615.6,234907,2.5,3.75,5,6.5,Normal
INDUS,Taunsa,16-Jul-24,18:00 Hrs,446.5,210596,430.4,185005,2.5,3.75,5,6.5,Normal
INDUS,Guddu,16-Jul-24,18:00 Hrs,258.4,177114,249.7,138084,2,3.5,5,7,Normal
INDUS,Sukkar,16-Jul-24,18:00 Hrs,199.1,133460,192.3,81640,2,3.5,5,7,Normal
INDUS,Kotri,16-Jul-24,18:00 Hrs,69.9,58805,45.1,16150,2.5,4,5,6.5,Normal
JHELUM,Kotli,16-Jul-24,18:00 Hrs,-,-,8.2,4110,-,-,-,-,-
JHELUM,Rasul,16-Jul-24,18:00 Hrs,719,8605,691.5,NIL,0.75,1.1,1.5,2.25,Normal
CHENAB,Marala,16-Jul-24,18:00 Hrs,812,48218,796.8,22218,1,1.5,2,4,Normal
CHENAB,Khanki,16-Jul-24,18:00 Hrs,733,23194,721.5,16794,1,1.5,2,4,Normal
CHENAB,Qadirabad,16-Jul-24,18:00 Hrs,700,21407,685.4,8407,1,1.5,2,4,Normal
CHENAB,Trimmu,16-Jul-24,18:00 Hrs,490.5,27894,480.7,11944,1.5,2,3,4.5,Normal
CHENAB,Punjnad,16-Jul-24,18:00 Hrs,338,21950,326.9,8130,1.5,2,3,4.5,Normal
RAVI,Jassar,16-Jul-24,18:00 Hrs,-,-,776.1,2382,0.5,0.75,1,1.5,Normal
RAVI,Shahdara,16-Jul-24,18:00 Hrs,-,-,672.9,13306,0.4,0.65,0.9,1.35,Normal
RAVI,Balloki,16-Jul-24,18:00 Hrs,633.5,31750,618.8,6950,0.4,0.65,0.9,1.35,Normal
RAVI,Sidhnai,16-Jul-24,18:00 Hrs,467,17233,453.2,1983,0.3,0.45,0.6,0.9,Normal
SUTLEJ,Bhakara**,16-Jul-24,18:00 Hrs,,-,-,-,-,-,-,-,-
SUTLEJ,Sulemanki,16-Jul-24,18:00 Hrs,569,16952,559.4,4796,0.5,0.8,1.2,1.75,Normal
SUTLEJ,Islam,16-Jul-24,18:00 Hrs,455,6628,439.5,5028,0.5,0.8,1.2,1.75,Normal
INDUS,khairabad,16-Jul-24,23:59 Hrs,-,-,18.6,220300,2.25,3.75,5,6.5,Normal
INDUS,Kalabagh,16-Jul-24,23:59 Hrs,693.5,253500,681,245510,2.5,3.75,5,6.5,Normal
INDUS,Chashma,16-Jul-24,23:59 Hrs,643.2,246662,615.5,235162,2.5,3.75,5,6.5,Normal
INDUS,Taunsa,16-Jul-24,23:59 Hrs,446.5,210596,430.4,185005,2.5,3.75,5,6.5,Normal
INDUS,Guddu,16-Jul-24,23:59 Hrs,258.4,177114,249.7,138084,2,3.5,5,7,Normal
INDUS,Sukkar,16-Jul-24,23:59 Hrs,199.1,133460,192.3,81640,2,3.5,5,7,Normal
INDUS,Kotri,16-Jul-24,23:59 Hrs,69.9,58805,45.1,16150,2.5,4,5,6.5,Normal
JHELUM,Kotli,16-Jul-24,23:59 Hrs,-,-,8.1,3880,-,-,-,-,-
JHELUM,Rasul,16-Jul-24,23:59 Hrs,719,8605,691.5,-,0.75,1.1,1.5,2.25,Normal
CHENAB,Marala,16-Jul-24,23:59 Hrs,812,53571,797.3,27571,1,1.5,2,4,Normal
CHENAB,Khanki,16-Jul-24,23:59 Hrs,733,23194,721.5,16794,1,1.5,2,4,Normal
CHENAB,Qadirabad,16-Jul-24,23:59 Hrs,700,21407,685.4,8407,1,1.5,2,4,Normal
CHENAB,Trimmu,16-Jul-24,23:59 Hrs,490.5,27010,480.5,11060,1.5,2,3,4.5,Normal
CHENAB,Punjnad,16-Jul-24,23:59 Hrs,338,21950,326.9,8130,1.5,2,3,4.5,Normal
RAVI,Jassar,16-Jul-24,23:59 Hrs,-,-,776.1,2382,0.5,0.75,1,1.5,Normal
RAVI,Shahdara,16-Jul-24,23:59 Hrs,-,-,672.9,13306,0.4,0.65,0.9,1.35,Normal
RAVI,Balloki,16-Jul-24,23:59 Hrs,633.5,27745,618,2945,0.4,0.65,0.9,1.35,Normal
RAVI,Sidhnai,16-Jul-24,23:59 Hrs,467,18094,453.6,2644,0.3,0.45,0.6,0.9,Normal
SUTLEJ,Bhakara**,16-Jul-24,23:59 Hrs,,-,-,-,-,-,-,-,-
SUTLEJ,Sulemanki,16-Jul-24,23:59 Hrs,569,16952,559.4,4796,0.5,0.8,1.2,1.75,Normal
SUTLEJ,Islam,16-Jul-24,23:59 Hrs,455,6628,439.5,5028,0.5,0.8,1.2,1.75,Normal
INDUS,khairabad,17-Jul-24,06:00 Hrs,-,-,17,201700,2.25,3.75,5,6.5,Normal
INDUS,Kalabagh,17-Jul-24,06:00 Hrs,693.5,241699,680.7,233709,2.5,3.75,5,6.5,Normal
INDUS,Chashma,17-Jul-24,06:00 Hrs,643.1,244271,615.5,232771,2.5,3.75,5,6.5,Normal
INDUS,Taunsa,17-Jul-24,06:00 Hrs,446.5,213347,430.4,187434,2.5,3.75,5,6.5,Normal
INDUS,Guddu,17-Jul-24,06:00 Hrs,258.4,174929,249.6,136498,2,3.5,5,7,Normal
INDUS,Sukkar,17-Jul-24,06:00 Hrs,199.1,130850,192,79030,2,3.5,5,7,Normal
INDUS,Kotri,17-Jul-24,06:00 Hrs,69.9,58805,45.1,16150,2.5,4,5,6.5,Normal
JHELUM,Kotli,17-Jul-24,06:00 Hrs,-,-,8.3,3660,-,-,-,-,-
JHELUM,Rasul,17-Jul-24,06:00 Hrs,719,8605,691.5,-,0.75,1.1,1.5,2.25,Normal
CHENAB,Marala,17-Jul-24,06:00 Hrs,812,58924,797.5,32924,1,1.5,2,4,Normal
CHENAB,Khanki,17-Jul-24,06:00 Hrs,733,17596,720.8,11196,1,1.5,2,4,Normal
CHENAB,Qadirabad,17-Jul-24,06:00 Hrs,700,21407,685.4,8407,1,1.5,2,4,Normal
CHENAB,Trimmu,17-Jul-24,06:00 Hrs,490.5,27010,480.5,11060,1.5,2,3,4.5,Normal
CHENAB,Punjnad,17-Jul-24,06:00 Hrs,338,21950,326.9,8130,1.5,2,3,4.5,Normal
RAVI,Jassar,17-Jul-24,06:00 Hrs,-,-,776.1,2382,0.5,0.75,1,1.5,Normal
RAVI,Shahdara,17-Jul-24,06:00 Hrs,-,-,672.9,13306,0.4,0.65,0.9,1.35,Normal
RAVI,Balloki,17-Jul-24,06:00 Hrs,633.5,26580,617.6,1780,0.4,0.65,0.9,1.35,Normal
RAVI,Sidhnai,17-Jul-24,06:00 Hrs,467,18094,453.6,2644,0.3,0.45,0.6,0.9,Normal
SUTLEJ,Bhakara**,17-Jul-24,06:00 Hrs,,-,-,-,-,-,-,-,-
SUTLEJ,Sulemanki,17-Jul-24,06:00 Hrs,569,14377,558.6,2269,0.5,0.8,1.2,1.75,Normal
SUTLEJ,Islam,17-Jul-24,06:00 Hrs,455,6628,439.5,5028,0.5,0.8,1.2,1.75,Normal
INDUS,khairabad,17-Jul-24,12:00 Hrs,-,-,23,274200,2.25,3.75,5,6.5,Low
INDUS,Kalabagh,17-Jul-24,12:00 Hrs,693.5,241699,680.7,233709,2.5,3.75,5,6.5,Normal
INDUS,Chashma,17-Jul-24,12:00 Hrs,643.4,246436,615.3,234936,2.5,3.75,5,6.5,Normal
INDUS,Taunsa,17-Jul-24,12:00 Hrs,446.5,213347,430.4,187434,2.5,3.75,5,6.5,Normal
INDUS,Guddu,17-Jul-24,12:00 Hrs,258.4,174929,249.6,136498,2,3.5,5,7,Normal
INDUS,Sukkar,17-Jul-24,12:00 Hrs,199.1,130850,192,79030,2,3.5,5,7,Normal
INDUS,Kotri,17-Jul-24,12:00 Hrs,69.9,60115,45.6,17740,2.5,4,5,6.5,Normal
JHELUM,Kotli,17-Jul-24,12:00 Hrs,-,-,7.9,3440,-,-,-,-,-
JHELUM,Rasul,17-Jul-24,12:00 Hrs,719,8605,691.5,Nil,0.75,1.1,1.5,2.25,Normal
CHENAB,Marala,17-Jul-24,12:00 Hrs,812,48218,796.8,22218,1,1.5,2,4,Normal
CHENAB,Khanki,17-Jul-24,12:00 Hrs,733,17596,720.8,11196,1,1.5,2,4,Normal
CHENAB,Qadirabad,17-Jul-24,12:00 Hrs,700,18857,685,5857,1,1.5,2,4,Normal
CHENAB,Trimmu,17-Jul-24,12:00 Hrs,490.5,27010,480.5,11060,1.5,2,3,4.5,Normal
CHENAB,Punjnad,17-Jul-24,12:00 Hrs,338,21950,326.9,8130,1.5,2,3,4.5,Normal
RAVI,Jassar,17-Jul-24,12:00 Hrs,-,-,776,2129,0.5,0.75,1,1.5,Normal
RAVI,Shahdara,17-Jul-24,12:00 Hrs,-,-,672.9,13306,0.4,0.65,0.9,1.35,Normal
RAVI,Balloki,17-Jul-24,12:00 Hrs,633.5,26580,617.6,1780,0.4,0.65,0.9,1.35,Normal
RAVI,Sidhnai,17-Jul-24,12:00 Hrs,467,19666,454.9,3966,0.3,0.45,0.6,0.9,Normal
SUTLEJ,Bhakara**,17-Jul-24,12:00 Hrs,-,-,-,-,-,-,-,-,-
SUTLEJ,Sulemanki,17-Jul-24,12:00 Hrs,569,14377,558.6,2269,0.5,0.8,1.2,1.75,Normal
SUTLEJ,Islam,17-Jul-24,12:00 Hrs,455,6628,439.5,5028,0.5,0.8,1.2,1.75,Normal
INDUS,khairabad,17-Jul-24,18:00 Hrs,-,-,16.5,169000,2.25,3.75,5,6.5,Normal
INDUS,Kalabagh,17-Jul-24,18:00 Hrs,693.5,241699,680.7,233709,2.5,3.75,5,6.5,Normal
INDUS,Chashma,17-Jul-24,18:00 Hrs,643.7,247747,615.3,234941,2.5,3.75,5,6.5,Normal
INDUS,Taunsa,17-Jul-24,18:00 Hrs,446.5,220247,430.5,193527,2.5,3.75,5,6.5,Normal
INDUS,Guddu,17-Jul-24,18:00 Hrs,258.4,174929,249.6,136498,2,3.5,5,7,Normal
INDUS,Sukkar,17-Jul-24,18:00 Hrs,199.1,130850,192,79030,2,3.5,5,7,Normal
INDUS,Kotri,17-Jul-24,18:00 Hrs,69.9,60115,45.6,17740,2.5,4,5,6.5,Normal
JHELUM,Kotli,17-Jul-24,18:00 Hrs,-,-,7.8,3220,-,-,-,-,-
JHELUM,Rasul,17-Jul-24,18:00 Hrs,719,8205,691.5,-,0.75,1.1,1.5,2.25,Normal
CHENAB,Marala,17-Jul-24,18:00 Hrs,812,53571,797.3,27571,1,1.5,2,4,Normal
CHENAB,Khanki,17-Jul-24,18:00 Hrs,733,36580,722.6,30180,1,1.5,2,4,Normal
CHENAB,Qadirabad,17-Jul-24,18:00 Hrs,700,21407,685.4,8407,1,1.5,2,4,Normal
CHENAB,Trimmu,17-Jul-24,18:00 Hrs,490.5,25223,480,9273,1.5,2,3,4.5,Normal
CHENAB,Punjnad,17-Jul-24,18:00 Hrs,338,21950,326.9,8130,1.5,2,3,4.5,Normal
RAVI,Jassar,17-Jul-24,18:00 Hrs,-,-,776,2129,0.5,0.75,1,1.5,Normal
RAVI,Shahdara,17-Jul-24,18:00 Hrs,-,-,672.9,13306,0.4,0.65,0.9,1.35,Normal
RAVI,Balloki,17-Jul-24,18:00 Hrs,633.5,25790,617.4,1190,0.4,0.65,0.9,1.35,Normal
RAVI,Sidhnai,17-Jul-24,18:00 Hrs,467,19666,454.9,3966,0.3,0.45,0.6,0.9,Normal
SUTLEJ,Bhakara**,17-Jul-24,18:00 Hrs,-,-,-,-,-,-,-,-,-
SUTLEJ,Sulemanki,17-Jul-24,18:00 Hrs,569,14009,558.6,2502,0.5,0.8,1.2,1.75,Normal
SUTLEJ,Islam,17-Jul-24,18:00 Hrs,455,6628,439.5,5028,0.5,0.8,1.2,1.75,Normal
INDUS,khairabad,17-Jul-24,23:59 Hrs,-,-,16.4,194800,2.25,3.75,5,6.5,Normal
INDUS,Kalabagh,17-Jul-24,23:59 Hrs,693.5,254627,681,246637,2.5,3.75,5,6.5,Normal
INDUS,Chashma,17-Jul-24,23:59 Hrs,643.8,246523,615.3,235023,2.5,3.75,5,6.5,Normal
INDUS,Taunsa,17-Jul-24,23:59 Hrs,446.5,220247,430.5,193527,2.5,3.75,5,6.5,Normal
INDUS,Guddu,17-Jul-24,23:59 Hrs,258.4,174929,249.6,136498,2,3.5,5,7,Normal
INDUS,Sukkar,17-Jul-24,23:59 Hrs,199.1,130850,192,79030,2,3.5,5,7,Normal
INDUS,Kotri,17-Jul-24,23:59 Hrs,69.9,60115,45.6,17740,2.5,4,5,6.5,Normal
JHELUM,Kotli,17-Jul-24,23:59 Hrs,-,-,7.7,3010,-,-,-,-,-
JHELUM,Rasul,17-Jul-24,23:59 Hrs,719,7905,691.5,-,0.75,1.1,1.5,2.25,Normal
CHENAB,Marala,17-Jul-24,23:59 Hrs,812,58924,797.5,32924,1,1.5,2,4,Normal
CHENAB,Khanki,17-Jul-24,23:59 Hrs,733,36580,722.4,30180,1,1.5,2,4,Normal
CHENAB,Qadirabad,17-Jul-24,23:59 Hrs,700,34309,686.2,21309,1,1.5,2,4,Normal
CHENAB,Trimmu,17-Jul-24,23:59 Hrs,490.5,25223,480,9373,1.5,2,3,4.5,Normal
CHENAB,Punjnad,17-Jul-24,23:59 Hrs,338,21950,326.9,8130,1.5,2,3,4.5,Normal
RAVI,Jassar,17-Jul-24,23:59 Hrs,-,-,776,2129,0.5,0.75,1,1.5,Normal
RAVI,Shahdara,17-Jul-24,23:59 Hrs,-,-,672.9,13306,0.4,0.65,0.9,1.35,Normal
RAVI,Balloki,17-Jul-24,23:59 Hrs,633.5,25690,617.4,1190,0.4,0.65,0.9,1.35,Normal
RAVI,Sidhnai,17-Jul-24,23:59 Hrs,467,19005,454.5,3305,0.3,0.45,0.6,0.9,Normal
SUTLEJ,Bhakara**,17-Jul-24,23:59 Hrs,-,-,-,-,-,-,-,-,-
SUTLEJ,Sulemanki,17-Jul-24,23:59 Hrs,569,14009,558.6,2502,0.5,0.8,1.2,1.75,Normal
SUTLEJ,Islam,17-Jul-24,23:59 Hrs,455,6628,439.5,5028,0.5,0.8,1.2,1.75,Normal
INDUS,khairabad,18-Jul-24,06:00 Hrs,-,-,20,237000,2.25,3.75,5,6.5,Low
INDUS,Kalabagh,18-Jul-24,06:00 Hrs,693.5,222594,680.4,214604,2.5,3.75,5,6.5,Normal
INDUS,Chashma,18-Jul-24,06:00 Hrs,644,246813,615.3,235313,2.5,3.75,5,6.5,Normal
INDUS,Taunsa,18-Jul-24,06:00 Hrs,446.7,222161,430.5,195661,2.5,3.75,5,6.5,Normal
INDUS,Guddu,18-Jul-24,06:00 Hrs,258.6,176935,249.6,138023,2,3.5,5,7,Normal
INDUS,Sukkar,18-Jul-24,06:00 Hrs,199.1,127750,191.9,75690,2,3.5,5,7,Normal
INDUS,Kotri,18-Jul-24,06:00 Hrs,69.9,68663,47.2,26008,2.5,4,5,6.5,Normal
JHELUM,Kotli,18-Jul-24,06:00 Hrs,-,-,7.9,3440,-,-,-,-,-
JHELUM,Rasul,18-Jul-24,06:00 Hrs,719,7905,691.5,-,0.75,1.1,1.5,2.25,Normal
CHENAB,Marala,18-Jul-24,06:00 Hrs,812,53571,797.3,27571,1,1.5,2,4,Normal
CHENAB,Khanki,18-Jul-24,06:00 Hrs,733,36580,722.4,30180,1,1.5,2,4,Normal
CHENAB,Qadirabad,18-Jul-24,06:00 Hrs,700,29188,685.8,16188,1,1.5,2,4,Normal
CHENAB,Trimmu,18-Jul-24,06:00 Hrs,490.5,25223,480,9373,1.5,2,3,4.5,Normal
CHENAB,Punjnad,18-Jul-24,06:00 Hrs,338,20749,326.7,6929,1.5,2,3,4.5,Normal
RAVI,Jassar,18-Jul-24,06:00 Hrs,-,-,776,2129,0.5,0.75,1,1.5,Normal
RAVI,Shahdara,18-Jul-24,06:00 Hrs,-,-,672.4,11230,0.4,0.65,0.9,1.35,Normal
RAVI,Balloki,18-Jul-24,06:00 Hrs,633.5,25100,617.2,600,0.4,0.65,0.9,1.35,Normal
RAVI,Sidhnai,18-Jul-24,06:00 Hrs,467,19005,454.5,3305,0.3,0.45,0.6,0.9,Normal
SUTLEJ,Bhakara**,18-Jul-24,06:00 Hrs,,-,-,-,-,-,-,-,-
SUTLEJ,Sulemanki,18-Jul-24,06:00 Hrs,569,13510,558.6,2502,0.5,0.8,1.2,1.75,Normal
SUTLEJ,Islam,18-Jul-24,06:00 Hrs,455,6628,439.5,5028,0.5,0.8,1.2,1.75,Normal
INDUS,khairabad,18-Jul-24,12:00 Hrs,-,-,22.5,267900,2.25,3.75,5,6.5,Low
INDUS,Kalabagh,18-Jul-24,12:00 Hrs,693.5,222594,680.4,214604,2.5,3.75,5,6.5,Normal
INDUS,Chashma,18-Jul-24,12:00 Hrs,644.4,248037,615,235068,2.5,3.75,5,6.5,Normal
INDUS,Taunsa,18-Jul-24,12:00 Hrs,446.7,221661,430.5,195661,2.5,3.75,5,6.5,Normal
INDUS,Guddu,18-Jul-24,12:00 Hrs,558.6,176935,249.6,138023,2,3.5,5,7,Normal
INDUS,Sukkar,18-Jul-24,12:00 Hrs,119.1,127750,191.9,75690,2,3.5,5,7,Normal
INDUS,Kotri,18-Jul-24,12:00 Hrs,7.8,3220,69.9,68663,2.5,4,5,6.5,Normal
JHELUM,Kotli,18-Jul-24,12:00 Hrs,-,-,47.2,26008,-,-,-,-,-
JHELUM,Rasul,18-Jul-24,12:00 Hrs,719,10358,691.5,-,0.75,1.1,1.5,2.25,Normal
CHENAB,Marala,18-Jul-24,12:00 Hrs,812,53571,797.3,27571,1,1.5,2,4,Normal
CHENAB,Khanki,18-Jul-24,12:00 Hrs,733,34329,722.4,27929,1,1.5,2,4,Normal
CHENAB,Qadirabad,18-Jul-24,12:00 Hrs,700,33023,686.1,20023,1,1.5,2,4,Normal
CHENAB,Trimmu,18-Jul-24,12:00 Hrs,490.5,20562,479,4412,1.5,2,3,4.5,Normal
CHENAB,Punjnad,18-Jul-24,12:00 Hrs,338,20789,326.7,6929,1.5,2,3,4.5,Normal
RAVI,Jassar,18-Jul-24,12:00 Hrs,-,-,776.3,2635,0.5,0.75,1,1.5,Normal
RAVI,Shahdara,18-Jul-24,12:00 Hrs,-,-,672.4,11230,0.4,0.65,0.9,1.35,Normal
RAVI,Balloki,18-Jul-24,12:00 Hrs,633.5,18344,454.3,2644,0.4,0.65,0.9,1.35,Normal
RAVI,Sidhnai,18-Jul-24,12:00 Hrs,467,18344,454.3,2644,0.3,0.45,0.6,0.9,Normal
SUTLEJ,Bhakara**,18-Jul-24,12:00 Hrs,-,-,-,-,-,-,-,-,-
SUTLEJ,Sulemanki,18-Jul-24,12:00 Hrs,569,13510,558.6,2502,0.5,0.8,1.2,1.75,Normal
SUTLEJ,Islam,18-Jul-24,12:00 Hrs,455,5893,439.3,4293,0.5,0.8,1.2,1.75,Normal
INDUS,khairabad,18-Jul-24,18:00 Hrs,-,-,16.6,197100,2.25,3.75,5,6.5,Normal
INDUS,Kalabagh,18-Jul-24,18:00 Hrs,693.5,236567,680.6,228577,2.5,3.75,5,6.5,Normal
INDUS,Chashma,18-Jul-24,18:00 Hrs,644.6,246973,615,235473,2.5,3.75,5,6.5,Normal
INDUS,Taunsa,18-Jul-24,18:00 Hrs,446.7,224606,430.6,202106,2.5,3.75,5,6.5,Normal
INDUS,Guddu,18-Jul-24,18:00 Hrs,258.6,176935,249.6,138023,2,3.5,5,7,Normal
INDUS,Sukkar,18-Jul-24,18:00 Hrs,199.1,127750,191.9,75690,2,3.5,5,7,Normal
INDUS,Kotri,18-Jul-24,18:00 Hrs,69.9,68663,47.2,26008,2.5,4,5,6.5,Normal
JHELUM,Kotli,18-Jul-24,18:00 Hrs,-,-,7.7,3010,-,-,-,-,-
JHELUM,Rasul,18-Jul-24,18:00 Hrs,719,10667,691.5,-,0.75,1.1,1.5,2.25,Normal
CHENAB,Marala,18-Jul-24,18:00 Hrs,812,64277,797.9,38277,1,1.5,2,4,Normal
CHENAB,Khanki,18-Jul-24,18:00 Hrs,733,40056,723.5,33656,1,1.5,2,4,Normal
CHENAB,Qadirabad,18-Jul-24,18:00 Hrs,700,35530,686.4,22530,1,1.5,2,4,Normal
CHENAB,Trimmu,18-Jul-24,18:00 Hrs,490.5,21049,479.1,5368,1.5,2,3,4.5,Normal
CHENAB,Punjnad,18-Jul-24,18:00 Hrs,338,17790,325.4,4090,1.5,2,3,4.5,Normal
RAVI,Jassar,18-Jul-24,18:00 Hrs,-,-,778,6363,0.5,0.75,1,1.5,Normal
RAVI,Shahdara,18-Jul-24,18:00 Hrs,-,-,672.4,11230,0.4,0.65,0.9,1.35,Normal
RAVI,Balloki,18-Jul-24,18:00 Hrs,633.5,25100,617.2,600,0.4,0.65,0.9,1.35,Normal
RAVI,Sidhnai,18-Jul-24,18:00 Hrs,467,18244,454,2644,0.3,0.45,0.6,0.9,Normal
SUTLEJ,Bhakara**,18-Jul-24,18:00 Hrs,-,-,-,-,-,-,-,-,-
SUTLEJ,Sulemanki,18-Jul-24,18:00 Hrs,569,13526,558.6,2502,0.5,0.8,1.2,1.75,Normal
SUTLEJ,Islam,18-Jul-24,18:00 Hrs,455,5647,439,3597,0.5,0.8,1.2,1.75,Normal
INDUS,khairabad,18-Jul-24,23:59 Hrs,-,-,16.6,197100,2.25,3.75,5,6.5,Normal
INDUS,Kalabagh,18-Jul-24,23:59 Hrs,693.5,248838,680.8,240848,2.5,3.75,5,6.5,Normal
INDUS,Chashma,18-Jul-24,23:59 Hrs,644.5,246704,615,235204,2.5,3.75,5,6.5,Normal
INDUS,Taunsa,18-Jul-24,23:59 Hrs,446.7,224606,430.6,202106,2.5,3.75,5,6.5,Normal
INDUS,Guddu,18-Jul-24,23:59 Hrs,258.6,176935,249.6,138023,2,3.5,5,7,Normal
INDUS,Sukkar,18-Jul-24,23:59 Hrs,199.1,127750,191.9,75690,2,3.5,5,7,Normal
INDUS,Kotri,18-Jul-24,23:59 Hrs,69.9,68663,47.2,26008,2.5,4,5,6.5,Normal
JHELUM,Kotli,18-Jul-24,23:59 Hrs,-,-,7.8,3220,-,-,-,-,-
JHELUM,Rasul,18-Jul-24,23:59 Hrs,719,10803,691.5,-,0.75,1.1,1.5,2.25,Normal
CHENAB,Marala,18-Jul-24,23:59 Hrs,812,69630,798.3,43315,1,1.5,2,4,Normal
CHENAB,Khanki,18-Jul-24,23:59 Hrs,733,40056,723.5,33656,1,1.5,2,4,Normal
CHENAB,Qadirabad,18-Jul-24,23:59 Hrs,700,41432,686.6,27706,1,1.5,2,4,Normal
CHENAB,Trimmu,18-Jul-24,23:59 Hrs,490.5,20812,479.1,5368,1.5,2,3,4.5,Normal
CHENAB,Punjnad,18-Jul-24,23:59 Hrs,338,17790,325.4,4090,1.5,2,3,4.5,Normal
RAVI,Jassar,18-Jul-24,23:59 Hrs,-,-,778.5,7600,0.5,0.75,1,1.5,Normal
RAVI,Shahdara,18-Jul-24,23:59 Hrs,-,-,672.4,11230,0.4,0.65,0.9,1.35,Normal
RAVI,Balloki,18-Jul-24,23:59 Hrs,633.5,25100,617.2,600,0.4,0.65,0.9,1.35,Normal
RAVI,Sidhnai,18-Jul-24,23:59 Hrs,467,17917,453,2317,0.3,0.45,0.6,0.9,Normal
SUTLEJ,Bhakara**,18-Jul-24,23:59 Hrs,-,-,-,-,-,-,-,-,-
SUTLEJ,Sulemanki,18-Jul-24,23:59 Hrs,569,13526,558.6,2502,0.5,0.8,1.2,1.75,Normal
SUTLEJ,Islam,18-Jul-24,23:59 Hrs,455,5647,439,3597,0.5,0.8,1.2,1.75,Normal
INDUS,khairabad,19-Jul-24,06:00 Hrs,-,-,19,225000,2.25,3.75,5,6.5,Low
INDUS,Kalabagh,19-Jul-24,06:00 Hrs,693.5,235605,680.6,227615,2.5,3.75,5,6.5,Normal
INDUS,Chashma,19-Jul-24,06:00 Hrs,644.3,243200,615,231700,2.5,3.75,5,6.5,Normal
INDUS,Taunsa,19-Jul-24,06:00 Hrs,446.7,224606,430.6,202106,2.5,3.75,5,6.5,Normal
INDUS,Guddu,19-Jul-24,06:00 Hrs,258.6,179268,249.7,140043,2,3.5,5,7,Normal
INDUS,Sukkar,19-Jul-24,06:00 Hrs,198.9,125490,191.8,74630,2,3.5,5,7,Normal
INDUS,Kotri,19-Jul-24,06:00 Hrs,69.9,70362,47.7,27707,2.5,4,5,6.5,Normal
JHELUM,Kotli,19-Jul-24,06:00 Hrs,-,-,7.9,3440,-,-,-,-,-
JHELUM,Rasul,19-Jul-24,06:00 Hrs,719,12066,691.5,-,0.75,1.1,1.5,2.25,Normal
CHENAB,Marala,19-Jul-24,06:00 Hrs,812,65394,797.9,38277,1,1.5,2,4,Normal
CHENAB,Khanki,19-Jul-24,06:00 Hrs,733,41336,723.5,33656,1,1.5,2,4,Normal
CHENAB,Qadirabad,19-Jul-24,06:00 Hrs,700,42395,686.6,27706,1,1.5,2,4,Normal
CHENAB,Trimmu,19-Jul-24,06:00 Hrs,490.5,20092,479.1,5368,1.5,2,3,4.5,Normal
CHENAB,Punjnad,19-Jul-24,06:00 Hrs,338,16247,325.3,2547,1.5,2,3,4.5,Normal
RAVI,Jassar,19-Jul-24,06:00 Hrs,-,-,778.5,7600,0.5,0.75,1,1.5,Normal
RAVI,Shahdara,19-Jul-24,06:00 Hrs,-,-,672.6,12063,0.4,0.65,0.9,1.35,Normal
RAVI,Balloki,19-Jul-24,06:00 Hrs,633.5,25100,617.2,600,0.4,0.65,0.9,1.35,Normal
RAVI,Sidhnai,19-Jul-24,06:00 Hrs,467,16922,452.9,1322,0.3,0.45,0.6,0.9,Normal
SUTLEJ,Bhakara**,19-Jul-24,06:00 Hrs,-,-,-,-,-,-,-,-,-
SUTLEJ,Sulemanki,19-Jul-24,06:00 Hrs,569,13526,558.6,2502,0.5,0.8,1.2,1.75,Normal
SUTLEJ,Islam,19-Jul-24,06:00 Hrs,455,5647,439,3597,0.5,0.8,1.2,1.75,Normal
INDUS,khairabad,19-Jul-24,12:00 Hrs,-,-,22,266600,2.25,3.75,5,6.5,Low
INDUS,Kalabagh,19-Jul-24,12:00 Hrs,693.5,235605,680.6,227615,2.5,3.75,5,6.5,Normal
INDUS,Chashma,19-Jul-24,12:00 Hrs,644.6,249392,615.2,234955,2.5,3.75,5,6.5,Normal
INDUS,Taunsa,19-Jul-24,12:00 Hrs,446.7,224606,430.6,202106,2.5,3.75,5,6.5,Normal
INDUS,Guddu,19-Jul-24,12:00 Hrs,258.6,179268,249.7,140043,2,3.5,5,7,Normal
INDUS,Sukkar,19-Jul-24,12:00 Hrs,198.9,125490,191.8,74630,2,3.5,5,7,Normal
INDUS,Kotri,19-Jul-24,12:00 Hrs,69.9,78260,48.3,36175,2.5,4,5,6.5,Normal
JHELUM,Kotli,19-Jul-24,12:00 Hrs,-,-,8,3660,-,-,-,-,-
JHELUM,Rasul,19-Jul-24,12:00 Hrs,719,10465,691.5,-,0.75,1.1,1.5,2.25,Normal
CHENAB,Marala,19-Jul-24,12:00 Hrs,812,60699,797.5,32924,1,1.5,2,4,Normal
CHENAB,Khanki,19-Jul-24,12:00 Hrs,733,45905,723.6,38256,1,1.5,2,4,Normal
CHENAB,Qadirabad,19-Jul-24,12:00 Hrs,700,43552,686.6,27706,1,1.5,2,4,Normal
CHENAB,Trimmu,19-Jul-24,12:00 Hrs,490.5,19049,479.1,5368,1.5,2,3,4.5,Normal
CHENAB,Punjnad,19-Jul-24,12:00 Hrs,338,16407,325.3,2547,1.5,2,3,4.5,Normal
RAVI,Jassar,19-Jul-24,12:00 Hrs,-,-,779.3,9964,0.5,0.75,1,1.5,Normal
RAVI,Shahdara,19-Jul-24,12:00 Hrs,-,-,672.6,12063,0.4,0.65,0.9,1.35,Normal
RAVI,Balloki,19-Jul-24,12:00 Hrs,633.5,25100,617.2,600,0.4,0.65,0.9,1.35,Normal
RAVI,Sidhnai,19-Jul-24,12:00 Hrs,467,15500,451.5,NIL,0.3,0.45,0.6,0.9,Normal
SUTLEJ,Bhakara**,19-Jul-24,12:00 Hrs,-,-,-,-,-,-,-,-,-
SUTLEJ,Sulemanki,19-Jul-24,12:00 Hrs,569,13526,558.6,2502,0.5,0.8,1.2,1.75,Normal
SUTLEJ,Islam,19-Jul-24,12:00 Hrs,455,5647,439,3597,0.5,0.8,1.2,1.75,Normal
INDUS,khairabad,19-Jul-24,18:00 Hrs,-,-,16.7,198200,2.25,3.75,5,6.5,Normal
INDUS,Kalabagh,19-Jul-24,18:00 Hrs,693.5,237803,680.6,229313,2.5,3.75,5,6.5,Normal
INDUS,Chashma,19-Jul-24,18:00 Hrs,644.6,246400,615.2,234900,2.5,3.75,5,6.5,Normal
INDUS,Taunsa,19-Jul-24,18:00 Hrs,446.7,224606,430.6,202106,2.5,3.75,5,6.5,Normal
INDUS,Guddu,19-Jul-24,18:00 Hrs,258.6,179268,249.7,140043,2,3.5,5,7,Normal
INDUS,Sukkar,19-Jul-24,18:00 Hrs,198.9,125490,191.8,74630,2,3.5,5,7,Normal
INDUS,Kotri,19-Jul-24,18:00 Hrs,69.9,77510,49,37565,2.5,4,5,6.5,Normal
JHELUM,Kotli,19-Jul-24,18:00 Hrs,-,-,8.1,3880,-,-,-,-,-
JHELUM,Rasul,19-Jul-24,18:00 Hrs,719,10465,691.5,Nill,0.75,1.1,1.5,2.25,Normal
CHENAB,Marala,19-Jul-24,18:00 Hrs,812,60524,797.5,32924,1,1.5,2,4,Normal
CHENAB,Khanki,19-Jul-24,18:00 Hrs,733,50043,723.9,42344,1,1.5,2,4,Normal
CHENAB,Qadirabad,19-Jul-24,18:00 Hrs,700,48765,687,32765,1,1.5,2,4,Normal
CHENAB,Trimmu,19-Jul-24,18:00 Hrs,490.5,18724,479.1,5368,1.5,2,3,4.5,Normal
CHENAB,Punjnad,19-Jul-24,18:00 Hrs,338,16407,325.3,2547,1.5,2,3,4.5,Normal
RAVI,Jassar,19-Jul-24,18:00 Hrs,-,-,779.1,9219,0.5,0.75,1,1.5,Normal
RAVI,Shahdara,19-Jul-24,18:00 Hrs,-,-,672.8,12892,0.4,0.65,0.9,1.35,Normal
RAVI,Balloki,19-Jul-24,18:00 Hrs,633.5,25100,617.2,600,0.4,0.65,0.9,1.35,Normal
RAVI,Sidhnai,19-Jul-24,18:00 Hrs,467,15450,451.5,Nil,0.3,0.45,0.6,0.9,Normal
SUTLEJ,Bhakara**,19-Jul-24,18:00 Hrs,-,-,-,-,-,-,-,-,-
SUTLEJ,Sulemanki,19-Jul-24,18:00 Hrs,569,13526,558.6,2502,0.5,0.8,1.2,1.75,Normal
SUTLEJ,Islam,19-Jul-24,18:00 Hrs,455,3727,437.7,1777,0.5,0.8,1.2,1.75,Normal
INDUS,khairabad,19-Jul-24,23:59 Hrs,-,-,16.3,193700,2.25,3.75,5,6.5,Normal
INDUS,Kalabagh,19-Jul-24,23:59 Hrs,693.5,254627,681,246637,2.5,3.75,5,6.5,Normal
INDUS,Chashma,19-Jul-24,23:59 Hrs,644.7,247945,615.2,234976,2.5,3.75,5,6.5,Normal
INDUS,Taunsa,19-Jul-24,23:59 Hrs,446.7,224139,430.6,204139,2.5,3.75,5,6.5,Normal
INDUS,Guddu,19-Jul-24,23:59 Hrs,258.6,179268,249.7,140043,2,3.5,5,7,Normal
INDUS,Sukkar,19-Jul-24,23:59 Hrs,198.9,125490,191.8,74630,2,3.5,5,7,Normal
INDUS,Kotri,19-Jul-24,23:59 Hrs,69.9,77510,49,37565,2.5,4,5,6.5,Normal
JHELUM,Kotli,19-Jul-24,23:59 Hrs,-,-,8.2,4110,-,-,-,-,-
JHELUM,Rasul,19-Jul-24,23:59 Hrs,719,10465,691.5,Nill,0.75,1.1,1.5,2.25,Normal
CHENAB,Marala,19-Jul-24,23:59 Hrs,812,60724,797.5,32924,1,1.5,2,4,Normal
CHENAB,Khanki,19-Jul-24,23:59 Hrs,733,45955,723.6,38256,1,1.5,2,4,Normal
CHENAB,Qadirabad,19-Jul-24,23:59 Hrs,700,49717,687,32765,1,1.5,2,4,Normal
CHENAB,Trimmu,19-Jul-24,23:59 Hrs,490.5,18510,479.1,5468,1.5,2,3,4.5,Normal
CHENAB,Punjnad,19-Jul-24,23:59 Hrs,338,16407,325.3,2547,1.5,2,3,4.5,Normal
RAVI,Jassar,19-Jul-24,23:59 Hrs,-,-,779.5,10709,0.5,0.75,1,1.5,Normal
RAVI,Shahdara,19-Jul-24,23:59 Hrs,-,-,672.8,12892,0.4,0.65,0.9,1.35,Normal
RAVI,Balloki,19-Jul-24,23:59 Hrs,633.5,25100,617.2,600,0.4,0.65,0.9,1.35,Normal
RAVI,Sidhnai,19-Jul-24,23:59 Hrs,467,14500,451.5,Nil,0.3,0.45,0.6,0.9,Normal
SUTLEJ,Bhakara**,19-Jul-24,23:59 Hrs,-,-,-,-,-,-,-,-,-
SUTLEJ,Sulemanki,19-Jul-24,23:59 Hrs,569,13526,558.6,2502,0.5,0.8,1.2,1.75,Normal
SUTLEJ,Islam,19-Jul-24,23:59 Hrs,455,3727,437.7,1777,0.5,0.8,1.2,1.75,Normal
INDUS,khairabad,20-Jul-24,06:00 Hrs,-,-,20,232200,2.25,3.75,5,6.5,Low
INDUS,Kalabagh,20-Jul-24,06:00 Hrs,693.5,228805,680.5,220815,2.5,3.75,5,6.5,Normal
INDUS,Chashma,20-Jul-24,06:00 Hrs,644.7,245279,615.2,233779,2.5,3.75,5,6.5,Normal
INDUS,Taunsa,20-Jul-24,06:00 Hrs,446.7,211019,430.5,191019,2.5,3.75,5,6.5,Normal
INDUS,Guddu,20-Jul-24,06:00 Hrs,258.6,175138,249.6,136504,2,3.5,5,7,Normal
INDUS,Sukkar,20-Jul-24,06:00 Hrs,198.9,125525,191.8,74630,2,3.5,5,7,Normal
INDUS,Kotri,20-Jul-24,06:00 Hrs,69.9,80685,49.6,39580,2.5,4,5,6.5,Normal
JHELUM,Kotli,20-Jul-24,06:00 Hrs,-,-,8.4,4590,-,-,-,-,-
JHELUM,Rasul,20-Jul-24,06:00 Hrs,719,10465,691.5,Nill,0.75,1.1,1.5,2.25,Normal
CHENAB,Marala,20-Jul-24,06:00 Hrs,812,55371,797.3,27571,1,1.5,2,4,Normal
CHENAB,Khanki,20-Jul-24,06:00 Hrs,733,45955,723.6,38256,1,1.5,2,4,Normal
CHENAB,Qadirabad,20-Jul-24,06:00 Hrs,700,48314,686.6,30314,1,1.5,2,4,Normal
CHENAB,Trimmu,20-Jul-24,06:00 Hrs,490.5,18510,479.1,5468,1.5,2,3,4.5,Normal
CHENAB,Punjnad,20-Jul-24,06:00 Hrs,338,18955,325.9,5095,1.5,2,3,4.5,Normal
RAVI,Jassar,20-Jul-24,06:00 Hrs,-,-,779.5,10709,0.5,0.75,1,1.5,Normal
RAVI,Shahdara,20-Jul-24,06:00 Hrs,-,-,673.4,15353,0.4,0.65,0.9,1.35,Normal
RAVI,Balloki,20-Jul-24,06:00 Hrs,633.5,27470,617.8,2970,0.4,0.65,0.9,1.35,Normal
RAVI,Sidhnai,20-Jul-24,06:00 Hrs,467,13500,451.5,Nil,0.3,0.45,0.6,0.9,Normal
SUTLEJ,Bhakara**,20-Jul-24,06:00 Hrs,-,-,-,-,-,-,-,-,-
SUTLEJ,Sulemanki,20-Jul-24,06:00 Hrs,569,13526,558.6,2502,0.5,0.8,1.2,1.75,Normal
SUTLEJ,Islam,20-Jul-24,06:00 Hrs,455,3727,437.7,1777,0.5,0.8,1.2,1.75,Normal
INDUS,khairabad,20-Jul-24,12:00 Hrs,-,-,22,261600,2.25,3.75,5,6.5,Low
INDUS,Kalabagh,20-Jul-24,12:00 Hrs,693.5,216868,680.2,208878,2.5,3.75,5,6.5,Normal
INDUS,Chashma,20-Jul-24,12:00 Hrs,644.7,246372,615.2,235072,2.5,3.75,5,6.5,Normal
INDUS,Taunsa,20-Jul-24,12:00 Hrs,446.7,224088,430.6,204088,2.5,3.75,5,6.5,Normal
INDUS,Guddu,20-Jul-24,12:00 Hrs,258.6,175079,249.6,136504,2,3.5,5,7,Normal
INDUS,Sukkar,20-Jul-24,12:00 Hrs,198.9,125525,191.8,74630,2,3.5,5,7,Normal
INDUS,Kotri,20-Jul-24,12:00 Hrs,69.9,78485,49.4,38920,2.5,4,5,6.5,Normal
JHELUM,Kotli,20-Jul-24,12:00 Hrs,-,-,8.3,4350,-,-,-,-,-
JHELUM,Rasul,20-Jul-24,12:00 Hrs,719,10465,691.5,Nill,0.75,1.1,1.5,2.25,Normal
CHENAB,Marala,20-Jul-24,12:00 Hrs,812,55371,797.3,27571,1,1.5,2,4,Normal
CHENAB,Khanki,20-Jul-24,12:00 Hrs,733,32849,720.6,25150,1,1.5,2,4,Normal
CHENAB,Qadirabad,20-Jul-24,12:00 Hrs,700,41855,686.3,23855,1,1.5,2,4,Normal
CHENAB,Trimmu,20-Jul-24,12:00 Hrs,490.5,18510,479.1,5368,1.5,2,3,4.5,Normal
CHENAB,Punjnad,20-Jul-24,12:00 Hrs,338,18955,325.9,5095,1.5,2,3,4.5,Normal
RAVI,Jassar,20-Jul-24,12:00 Hrs,-,-,779.6,11081,0.5,0.75,1,1.5,Normal
RAVI,Shahdara,20-Jul-24,12:00 Hrs,-,-,673.6,16168,0.4,0.65,0.9,1.35,Normal
RAVI,Balloki,20-Jul-24,12:00 Hrs,633.5,27470,617.8,2970,0.4,0.65,0.9,1.35,Normal
RAVI,Sidhnai,20-Jul-24,12:00 Hrs,467,13000,451.5,Nil,0.3,0.45,0.6,0.9,Normal
SUTLEJ,Bhakara**,20-Jul-24,12:00 Hrs,-,-,-,-,-,-,-,-,-
SUTLEJ,Sulemanki,20-Jul-24,12:00 Hrs,569,13526,558.6,2502,0.5,0.8,1.2,1.75,Normal
SUTLEJ,Islam,20-Jul-24,12:00 Hrs,455,3727,437.7,1777,0.5,0.8,1.2,1.75,Normal
INDUS,khairabad,20-Jul-24,18:00 Hrs,-,-,16.2,192600,2.25,3.75,5,6.5,Normal
INDUS,Kalabagh,20-Jul-24,18:00 Hrs,693.5,230349,680.5,222359,2.5,3.75,5,6.5,Normal
INDUS,Chashma,20-Jul-24,18:00 Hrs,644.8,246039,615.2,235039,2.5,3.75,5,6.5,Normal
INDUS,Taunsa,20-Jul-24,18:00 Hrs,446.7,224088,430.6,204088,2.5,3.75,5,6.5,Normal
INDUS,Guddu,20-Jul-24,18:00 Hrs,258.6,173975,249.6,136504,2,3.5,5,7,Normal
INDUS,Sukkar,20-Jul-24,18:00 Hrs,198.9,125525,191.8,74630,2,3.5,5,7,Normal
INDUS,Kotri,20-Jul-24,18:00 Hrs,69.9,78485,49.4,38920,2.5,4,5,6.5,Normal
JHELUM,Kotli,20-Jul-24,18:00 Hrs,-,-,8.2,4110,-,-,-,-,-
JHELUM,Rasul,20-Jul-24,18:00 Hrs,719,10465,691.5,-,0.75,1.1,1.5,2.25,Normal
CHENAB,Marala,20-Jul-24,18:00 Hrs,812,55371,797.3,27571,1,1.5,2,4,Normal
CHENAB,Khanki,20-Jul-24,18:00 Hrs,733,42397,722.9,34698,1,1.5,2,4,Normal
CHENAB,Qadirabad,20-Jul-24,18:00 Hrs,700,38023,686.1,20023,1,1.5,2,4,Normal
CHENAB,Trimmu,20-Jul-24,18:00 Hrs,490.5,18103,479,4312,1.5,2,3,4.5,Normal
CHENAB,Punjnad,20-Jul-24,18:00 Hrs,338,18955,325.9,5095,1.5,2,3,4.5,Normal
RAVI,Jassar,20-Jul-24,18:00 Hrs,-,-,779,8846,0.5,0.75,1,1.5,Normal
RAVI,Shahdara,20-Jul-24,18:00 Hrs,-,-,674.1,18365,0.4,0.65,0.9,1.35,Normal
RAVI,Balloki,20-Jul-24,18:00 Hrs,633.5,29200,618,4700,0.4,0.65,0.9,1.35,Normal
RAVI,Sidhnai,20-Jul-24,18:00 Hrs,467,12000,451.5,-,0.3,0.45,0.6,0.9,Normal
SUTLEJ,Bhakara**,20-Jul-24,18:00 Hrs,,-,-,-,-,-,-,-,-
SUTLEJ,Sulemanki,20-Jul-24,18:00 Hrs,569,13526,558.6,2502,0.5,0.8,1.2,1.75,Normal
SUTLEJ,Islam,20-Jul-24,18:00 Hrs,455,3727,437.7,1777,0.5,0.8,1.2,1.75,Normal
INDUS,khairabad,20-Jul-24,23:59 Hrs,-,-,16.7,198200,2.25,3.75,5,6.5,Normal
INDUS,Kalabagh,20-Jul-24,23:59 Hrs,693.5,254189,681,246199,2.5,3.75,5,6.5,Normal
INDUS,Chashma,20-Jul-24,23:59 Hrs,644.6,246012,615.2,235012,2.5,3.75,5,6.5,Normal
INDUS,Taunsa,20-Jul-24,23:59 Hrs,446.7,224088,430.6,204088,2.5,3.75,5,6.5,Normal
INDUS,Guddu,20-Jul-24,23:59 Hrs,258.6,173975,249.6,136504,2,3.5,5,7,Normal
INDUS,Sukkar,20-Jul-24,23:59 Hrs,198.9,125525,191.8,74630,2,3.5,5,7,Normal
INDUS,Kotri,20-Jul-24,23:59 Hrs,69.9,78485,49.4,38920,2.5,4,5,6.5,Normal
JHELUM,Kotli,20-Jul-24,23:59 Hrs,-,-,8.1,3880,-,-,-,-,-
JHELUM,Rasul,20-Jul-24,23:59 Hrs,719.1,10465,691.5,-,0.75,1.1,1.5,2.25,Normal
CHENAB,Marala,20-Jul-24,23:59 Hrs,812,66077,797.9,38277,1,1.5,2,4,Normal
CHENAB,Khanki,20-Jul-24,23:59 Hrs,733,42397,722.9,34698,1,1.5,2,4,Normal
CHENAB,Qadirabad,20-Jul-24,23:59 Hrs,700,38023,686.1,20023,1,1.5,2,4,Normal
CHENAB,Trimmu,20-Jul-24,23:59 Hrs,490.5,18429,479,4312,1.5,2,3,4.5,Normal
CHENAB,Punjnad,20-Jul-24,23:59 Hrs,338,18955,325.9,5095,1.5,2,3,4.5,Normal
RAVI,Jassar,20-Jul-24,23:59 Hrs,-,-,719.1,9219,0.5,0.75,1,1.5,Normal
RAVI,Shahdara,20-Jul-24,23:59 Hrs,-,-,674.1,18365,0.4,0.65,0.9,1.35,Normal
RAVI,Balloki,20-Jul-24,23:59 Hrs,633.5,30000,618,4700,0.4,0.65,0.9,1.35,Normal
RAVI,Sidhnai,20-Jul-24,23:59 Hrs,467,12000,451.5,-,0.3,0.45,0.6,0.9,Normal
SUTLEJ,Bhakara**,20-Jul-24,23:59 Hrs,,-,-,-,-,-,-,-,-
SUTLEJ,Sulemanki,20-Jul-24,23:59 Hrs,569,13526,558.6,2502,0.5,0.8,1.2,1.75,Normal
SUTLEJ,Islam,20-Jul-24,23:59 Hrs,455,3222,437,1272,0.5,0.8,1.2,1.75,Normal
INDUS,khairabad,21-Jul-24,06:00 Hrs,-,-,20,231000,2.25,3.75,5,6.5,Low
INDUS,Kalabagh,21-Jul-24,06:00 Hrs,693.5,227130,680.5,219140,2.5,3.75,5,6.5,Normal
INDUS,Chashma,21-Jul-24,06:00 Hrs,644.5,245845,615.2,234845,2.5,3.75,5,6.5,Normal
INDUS,Taunsa,21-Jul-24,06:00 Hrs,446.7,224749,430.6,204749,2.5,3.75,5,6.5,Normal
INDUS,Guddu,21-Jul-24,06:00 Hrs,258.6,177553,249.7,140043,2,3.5,5,7,Normal
INDUS,Sukkar,21-Jul-24,06:00 Hrs,198.9,124610,191.8,74630,2,3.5,5,7,Normal
INDUS,Kotri,21-Jul-24,06:00 Hrs,69.9,84720,49.8,45295,2.5,4,5,6.5,Normal
JHELUM,Kotli,21-Jul-24,06:00 Hrs,-,-,8.1,3880,-,-,-,-,-
JHELUM,Rasul,21-Jul-24,06:00 Hrs,719.1,10465,691.5,-,0.75,1.1,1.5,2.25,Normal
CHENAB,Marala,21-Jul-24,06:00 Hrs,812,66077,797.9,38277,1,1.5,2,4,Normal
CHENAB,Khanki,21-Jul-24,06:00 Hrs,733,37879,722.6,30180,1,1.5,2,4,Normal
CHENAB,Qadirabad,21-Jul-24,06:00 Hrs,700,38023,686.1,20023,1,1.5,2,4,Normal
CHENAB,Trimmu,21-Jul-24,06:00 Hrs,490.5,19396,479,4312,1.5,2,3,4.5,Normal
CHENAB,Punjnad,21-Jul-24,06:00 Hrs,338,19968,326.8,6108,1.5,2,3,4.5,Normal
RAVI,Jassar,21-Jul-24,06:00 Hrs,-,-,779.1,9219,0.5,0.75,1,1.5,Normal
RAVI,Shahdara,21-Jul-24,06:00 Hrs,-,-,674.1,18365,0.4,0.65,0.9,1.35,Normal
RAVI,Balloki,21-Jul-24,06:00 Hrs,633.5,30980,618.1,5580,0.4,0.65,0.9,1.35,Normal
RAVI,Sidhnai,21-Jul-24,06:00 Hrs,467,12600,451.5,-,0.3,0.45,0.6,0.9,Normal
SUTLEJ,Bhakara**,21-Jul-24,06:00 Hrs,,-,-,-,-,-,-,-,-
SUTLEJ,Sulemanki,21-Jul-24,06:00 Hrs,569,13526,558.6,2502,0.5,0.8,1.2,1.75,Normal
SUTLEJ,Islam,21-Jul-24,06:00 Hrs,455,1950,435.2,-,0.5,0.8,1.2,1.75,Normal
INDUS,khairabad,21-Jul-24,12:00 Hrs,-,-,22,261600,2.25,3.75,5,6.5,Low
INDUS,Kalabagh,21-Jul-24,12:00 Hrs,693.5,227130,680.5,219140,2.5,3.75,5,6.5,Normal
INDUS,Chashma,21-Jul-24,12:00 Hrs,644.5,246138,615.2,235138,2.5,3.75,5,6.5,Normal
INDUS,Taunsa,21-Jul-24,12:00 Hrs,446.7,224749,430.6,204749,2.5,3.75,5,6.5,Normal
INDUS,Guddu,21-Jul-24,12:00 Hrs,258.6,177553,249.7,140043,2,3.5,5,7,Normal
INDUS,Sukkar,21-Jul-24,12:00 Hrs,198.9,124610,191.8,74630,2,3.5,5,7,Normal
INDUS,Kotri,21-Jul-24,12:00 Hrs,69.9,80554,49.6,40429,2.5,4,5,6.5,Normal
JHELUM,Kotli,21-Jul-24,12:00 Hrs,-,-,8,3660,-,-,-,-,-
JHELUM,Rasul,21-Jul-24,12:00 Hrs,719.1,10465,691.5,-,0.75,1.1,1.5,2.25,Normal
CHENAB,Marala,21-Jul-24,12:00 Hrs,812,55371,797.3,27571,1,1.5,2,4,Normal
CHENAB,Khanki,21-Jul-24,12:00 Hrs,733,42423,722.9,34698,1,1.5,2,4,Normal
CHENAB,Qadirabad,21-Jul-24,12:00 Hrs,700,34188,685.8,16188,1,1.5,2,4,Normal
CHENAB,Trimmu,21-Jul-24,12:00 Hrs,490.5,20912,479,4312,1.5,2,3,4.5,Normal
CHENAB,Punjnad,21-Jul-24,12:00 Hrs,338,19968,326.8,6108,1.5,2,3,4.5,Normal
RAVI,Jassar,21-Jul-24,12:00 Hrs,-,-,779.8,11826,0.5,0.75,1,1.5,Normal
RAVI,Shahdara,21-Jul-24,12:00 Hrs,-,-,674.1,18365,0.4,0.65,0.9,1.35,Normal
RAVI,Balloki,21-Jul-24,12:00 Hrs,633.5,32360,618.2,6960,0.4,0.65,0.9,1.35,Normal
RAVI,Sidhnai,21-Jul-24,12:00 Hrs,467,12750,451.5,-,0.3,0.45,0.6,0.9,Normal
SUTLEJ,Bhakara**,21-Jul-24,12:00 Hrs,,-,-,-,-,-,-,-,-
SUTLEJ,Sulemanki,21-Jul-24,12:00 Hrs,569,13526,558.6,2502,0.5,0.8,1.2,1.75,Normal
SUTLEJ,Islam,21-Jul-24,12:00 Hrs,455,1950,435.2,-,0.5,0.8,1.2,1.75,Normal
INDUS,khairabad,21-Jul-24,18:00 Hrs,-,-,16.5,196000,2.25,3.75,5,6.5,Normal
INDUS,Kalabagh,21-Jul-24,18:00 Hrs,693.5,247566,680.8,239576,2.5,3.75,5,6.5,Normal
INDUS,Chashma,21-Jul-24,18:00 Hrs,644.5,244630,615.2,234999,2.5,3.75,5,6.5,Normal
INDUS,Taunsa,21-Jul-24,18:00 Hrs,446.7,224749,430.6,204749,2.5,3.75,5,6.5,Normal
INDUS,Guddu,21-Jul-24,18:00 Hrs,258.6,178017,249.7,140043,2,3.5,5,7,Normal
INDUS,Sukkar,21-Jul-24,18:00 Hrs,198.9,124610,191.8,74630,2,3.5,5,7,Normal
INDUS,Kotri,21-Jul-24,18:00 Hrs,69.9,80554,49.6,40429,2.5,4,5,6.5,Normal
JHELUM,Kotli,21-Jul-24,18:00 Hrs,-,-,7.9,3440,-,-,-,-,-
JHELUM,Rasul,21-Jul-24,18:00 Hrs,719,10465,691.5,-,0.75,1.1,1.5,2.25,Normal
CHENAB,Marala,21-Jul-24,18:00 Hrs,812,66077,797.9,38277,1,1.5,2,4,Normal
CHENAB,Khanki,21-Jul-24,18:00 Hrs,733,46018,723.6,38256,1,1.5,2,4,Normal
CHENAB,Qadirabad,21-Jul-24,18:00 Hrs,700,38023,686.1,20023,1,1.5,2,4,Normal
CHENAB,Trimmu,21-Jul-24,18:00 Hrs,490.5,25010,479.7,8360,1.5,2,3,4.5,Normal
CHENAB,Punjnad,21-Jul-24,18:00 Hrs,338,19988,326.8,6108,1.5,2,3,4.5,Normal
RAVI,Jassar,21-Jul-24,18:00 Hrs,-,-,781,16700,0.5,0.75,1,1.5,Normal
RAVI,Shahdara,21-Jul-24,18:00 Hrs,-,-,674.1,18365,0.4,0.65,0.9,1.35,Normal
RAVI,Balloki,21-Jul-24,18:00 Hrs,633.5,34510,618.8,8110,0.4,0.65,0.9,1.35,Normal
RAVI,Sidhnai,21-Jul-24,18:00 Hrs,467,14000,451.5,-,0.3,0.45,0.6,0.9,Normal
SUTLEJ,Bhakara**,21-Jul-24,18:00 Hrs,,-,-,-,-,-,-,-,-
SUTLEJ,Sulemanki,21-Jul-24,18:00 Hrs,569,13526,558.6,2502,0.5,0.8,1.2,1.75,Normal
SUTLEJ,Islam,21-Jul-24,18:00 Hrs,455,2150,435.2,-,0.5,0.8,1.2,1.75,Normal
INDUS,khairabad,21-Jul-24,23:59 Hrs,-,-,16,190300,2.25,3.75,5,6.5,Normal
INDUS,Kalabagh,21-Jul-24,23:59 Hrs,693.5,254034,681,246044,2.5,3.75,5,6.5,Normal
INDUS,Chashma,21-Jul-24,23:59 Hrs,644,246313,615.2,235013,2.5,3.75,5,6.5,Normal
INDUS,Taunsa,21-Jul-24,23:59 Hrs,446.7,224749,430.6,204749,2.5,3.75,5,6.5,Normal
INDUS,Guddu,21-Jul-24,23:59 Hrs,258.6,178017,249.7,140043,2,3.5,5,7,Normal
INDUS,Sukkar,21-Jul-24,23:59 Hrs,198.9,124610,191.8,74630,2,3.5,5,7,Normal
INDUS,Kotri,21-Jul-24,23:59 Hrs,69.9,80554,49.6,40429,2.5,4,5,6.5,Normal
JHELUM,Kotli,21-Jul-24,23:59 Hrs,-,-,7.9,3440,-,-,-,-,-
JHELUM,Rasul,21-Jul-24,23:59 Hrs,719,10465,691.5,-,0.75,1.1,1.5,2.25,Normal
CHENAB,Marala,21-Jul-24,23:59 Hrs,812,71430,798.3,43630,1,1.5,2,4,Normal
CHENAB,Khanki,21-Jul-24,23:59 Hrs,733,46018,723.6,38256,1,1.5,2,4,Normal
CHENAB,Qadirabad,21-Jul-24,23:59 Hrs,700,41855,686.3,23855,1,1.5,2,4,Normal
CHENAB,Trimmu,21-Jul-24,23:59 Hrs,490.5,25060,479.7,8360,1.5,2,3,4.5,Normal
CHENAB,Punjnad,21-Jul-24,23:59 Hrs,338,19988,326.8,6108,1.5,2,3,4.5,Normal
RAVI,Jassar,21-Jul-24,23:59 Hrs,-,-,781.1,17400,0.5,0.75,1,1.5,Normal
RAVI,Shahdara,21-Jul-24,23:59 Hrs,-,-,674.1,18365,0.4,0.65,0.9,1.35,Normal
RAVI,Balloki,21-Jul-24,23:59 Hrs,633.5,34510,618.8,8110,0.4,0.65,0.9,1.35,Normal
RAVI,Sidhnai,21-Jul-24,23:59 Hrs,467,14600,451.5,-,0.3,0.45,0.6,0.9,Normal
SUTLEJ,Bhakara**,21-Jul-24,23:59 Hrs,,-,-,-,-,-,-,-,-
SUTLEJ,Sulemanki,21-Jul-24,23:59 Hrs,569,13526,558.6,2502,0.5,0.8,1.2,1.75,Normal
SUTLEJ,Islam,21-Jul-24,23:59 Hrs,455,2350,434.3,-,0.5,0.8,1.2,1.75,Normal
INDUS,khairabad,22-Jul-24,06:00 Hrs,-,-,19,225000,2.25,3.75,5,6.5,Low
INDUS,Kalabagh,22-Jul-24,06:00 Hrs,693.5,213920,680.2,205930,2.5,3.75,5,6.5,Normal
INDUS,Chashma,22-Jul-24,06:00 Hrs,644,245901,615.2,234601,2.5,3.75,5,6.5,Normal
INDUS,Taunsa,22-Jul-24,06:00 Hrs,446.7,224841,430.6,201841,2.5,3.75,5,6.5,Normal
INDUS,Guddu,22-Jul-24,06:00 Hrs,258.4,179738,249.8,143568,2,3.5,5,7,Normal
INDUS,Sukkar,22-Jul-24,06:00 Hrs,198.9,126350,191.2,75695,2,3.5,5,7,Normal
INDUS,Kotri,22-Jul-24,06:00 Hrs,69.9,78449,49.4,37484,2.5,4,5,6.5,Normal
JHELUM,Kotli,22-Jul-24,06:00 Hrs,-,-,8,3660,-,-,-,-,-
JHELUM,Rasul,22-Jul-24,06:00 Hrs,719,10465,691.5,-,0.75,1.1,1.5,2.25,Normal
CHENAB,Marala,22-Jul-24,06:00 Hrs,812,66077,797.9,38277,1,1.5,2,4,Normal
CHENAB,Khanki,22-Jul-24,06:00 Hrs,733,42460,722.9,34698,1,1.5,2,4,Normal
CHENAB,Qadirabad,22-Jul-24,06:00 Hrs,700,41855,686.3,23855,1,1.5,2,4,Normal
CHENAB,Trimmu,22-Jul-24,06:00 Hrs,490.5,26955,480.1,10255,1.5,2,3,4.5,Normal
CHENAB,Punjnad,22-Jul-24,06:00 Hrs,338,17952,325.4,4072,1.5,2,3,4.5,Normal
RAVI,Jassar,22-Jul-24,06:00 Hrs,-,-,781.1,17400,0.5,0.75,1,1.5,Normal
RAVI,Shahdara,22-Jul-24,06:00 Hrs,-,-,674,17800,0.4,0.65,0.9,1.35,Normal
RAVI,Balloki,22-Jul-24,06:00 Hrs,633.5,34510,618.8,8110,0.4,0.65,0.9,1.35,Normal
RAVI,Sidhnai,22-Jul-24,06:00 Hrs,467,14600,451.5,-,0.3,0.45,0.6,0.9,Normal
SUTLEJ,Bhakara**,22-Jul-24,06:00 Hrs,,-,-,-,-,-,-,-,-
SUTLEJ,Sulemanki,22-Jul-24,06:00 Hrs,569,15765,559.5,4550,0.5,0.8,1.2,1.75,Normal
SUTLEJ,Islam,22-Jul-24,06:00 Hrs,455,2350,434.3,-,0.5,0.8,1.2,1.75,Normal
INDUS,khairabad,22-Jul-24,12:00 Hrs,-,-,23.2,276700,2.25,3.75,5,6.5,Low
INDUS,Kalabagh,22-Jul-24,12:00 Hrs,693.5,213920,680.2,205930,2.5,3.75,5,6.5,Normal
INDUS,Chashma,22-Jul-24,12:00 Hrs,644,246449,615.2,234949,2.5,3.75,5,6.5,Normal
INDUS,Taunsa,22-Jul-24,12:00 Hrs,446.7,224841,430.6,201841,2.5,3.75,5,6.5,Normal
INDUS,Guddu,22-Jul-24,12:00 Hrs,258.4,180939,249.8,143568,2,3.5,5,7,Normal
INDUS,Sukkar,22-Jul-24,12:00 Hrs,198.9,126350,191.9,75695,2,3.5,5,7,Normal
INDUS,Kotri,22-Jul-24,12:00 Hrs,69.9,76128,49,35303,2.5,4,5,6.5,Normal
JHELUM,Kotli,22-Jul-24,12:00 Hrs,-,-,7.9,3440,-,-,-,-,-
JHELUM,Rasul,22-Jul-24,12:00 Hrs,719,9870,691.5,-,0.75,1.1,1.5,2.25,Normal
CHENAB,Marala,22-Jul-24,12:00 Hrs,812,60724,797.5,32924,1,1.5,2,4,Normal
CHENAB,Khanki,22-Jul-24,12:00 Hrs,733,50244,722.9,42344,1,1.5,2,4,Normal
CHENAB,Qadirabad,22-Jul-24,12:00 Hrs,700,38023,686.1,20023,1,1.5,2,4,Normal
CHENAB,Trimmu,22-Jul-24,12:00 Hrs,490.5,27005,480.1,10255,1.5,2,3,4.5,Normal
CHENAB,Punjnad,22-Jul-24,12:00 Hrs,338,16753,325.1,2873,1.5,2,3,4.5,Normal
RAVI,Jassar,22-Jul-24,12:00 Hrs,-,-,780.6,15048,0.5,0.75,1,1.5,Normal
RAVI,Shahdara,22-Jul-24,12:00 Hrs,-,-,674,17800,0.4,0.65,0.9,1.35,Normal
RAVI,Balloki,22-Jul-24,12:00 Hrs,633.5,34510,618.8,8110,0.4,0.65,0.9,1.35,Normal
RAVI,Sidhnai,22-Jul-24,12:00 Hrs,467,15000,451.5,-,0.3,0.45,0.6,0.9,Normal
SUTLEJ,Bhakara**,22-Jul-24,12:00 Hrs,,-,-,-,-,-,-,-,-
SUTLEJ,Sulemanki,22-Jul-24,12:00 Hrs,569,15765,559.5,4550,0.5,0.8,1.2,1.75,Normal
SUTLEJ,Islam,22-Jul-24,12:00 Hrs,455,2350,434.3,-,0.5,0.8,1.2,1.75,Normal
INDUS,khairabad,22-Jul-24,18:00 Hrs,-,-,17.1,208200,2.25,3.75,5,6.5,Normal
INDUS,Kalabagh,22-Jul-24,18:00 Hrs,693.5,244884,680.8,236884,2.5,3.75,5,6.5,Normal
INDUS,Chashma,22-Jul-24,18:00 Hrs,643.9,245183,615.2,234989,2.5,3.75,5,6.5,Normal
INDUS,Taunsa,22-Jul-24,18:00 Hrs,446.7,224841,430.6,201841,2.5,3.75,5,6.5,Normal
INDUS,Guddu,22-Jul-24,18:00 Hrs,258.4,180939,249.8,143568,2,3.5,5,7,Normal
INDUS,Sukkar,22-Jul-24,18:00 Hrs,198.9,126350,191.9,75695,2,3.5,5,7,Normal
INDUS,Kotri,22-Jul-24,18:00 Hrs,69.9,75785,48.9,34680,2.5,4,5,6.5,Normal
JHELUM,Kotli,22-Jul-24,18:00 Hrs,-,-,7.8,3220,-,-,-,-,-
JHELUM,Rasul,22-Jul-24,18:00 Hrs,719,10170,691.5,-,0.75,1.1,1.5,2.25,Normal
CHENAB,Marala,22-Jul-24,18:00 Hrs,812,60724,797.5,32924,1,1.5,2,4,Normal
CHENAB,Khanki,22-Jul-24,18:00 Hrs,733,53909,724.3,46009,1,1.5,2,4,Normal
CHENAB,Qadirabad,22-Jul-24,18:00 Hrs,700,41855,686.3,23855,1,1.5,2,4,Normal
CHENAB,Trimmu,22-Jul-24,18:00 Hrs,490.5,28937,480.3,12187,1.5,2,3,4.5,Normal
CHENAB,Punjnad,22-Jul-24,18:00 Hrs,338,16753,325.1,2873,1.5,2,3,4.5,Normal
RAVI,Jassar,22-Jul-24,18:00 Hrs,-,-,780.5,14636,0.5,0.75,1,1.5,Normal
RAVI,Shahdara,22-Jul-24,18:00 Hrs,-,-,674,17800,0.4,0.65,0.9,1.35,Normal
RAVI,Balloki,22-Jul-24,18:00 Hrs,633.5,34760,618.6,6960,0.4,0.65,0.9,1.35,Normal
RAVI,Sidhnai,22-Jul-24,18:00 Hrs,467,15000,451.5,-,0.3,0.45,0.6,0.9,Normal
SUTLEJ,Bhakara**,22-Jul-24,18:00 Hrs,-,-,-,-,-,-,-,-,-
SUTLEJ,Sulemanki,22-Jul-24,18:00 Hrs,569,14514,558.7,3002,0.5,0.8,1.2,1.75,Normal
SUTLEJ,Islam,22-Jul-24,18:00 Hrs,455,1900,434.3,-,0.5,0.8,1.2,1.75,Normal
INDUS,khairabad,22-Jul-24,23:59 Hrs,-,-,16,190300,2.25,3.75,5,6.5,Normal
INDUS,Kalabagh,22-Jul-24,23:59 Hrs,693.5,244884,680.8,236884,2.5,3.75,5,6.5,Normal
INDUS,Chashma,22-Jul-24,23:59 Hrs,643.4,245871,615.2,235577,2.5,3.75,5,6.5,Normal
INDUS,Taunsa,22-Jul-24,23:59 Hrs,446.7,224841,430.6,201841,2.5,3.75,5,6.5,Normal
INDUS,Guddu,22-Jul-24,23:59 Hrs,258.4,180939,249.8,143568,2,3.5,5,7,Normal
INDUS,Sukkar,22-Jul-24,23:59 Hrs,198.9,126350,191.9,75695,2,3.5,5,7,Normal
INDUS,Kotri,22-Jul-24,23:59 Hrs,69.9,,48.9,34680,2.5,4,5,6.5,Normal
JHELUM,Kotli,22-Jul-24,23:59 Hrs,-,-,7.7,3010,-,-,-,-,-
JHELUM,Rasul,22-Jul-24,23:59 Hrs,719,10470,691.5,-,0.75,1.1,1.5,2.25,Normal
CHENAB,Marala,22-Jul-24,23:59 Hrs,812,71430,798.3,43630,1,1.5,2,4,Normal
CHENAB,Khanki,22-Jul-24,23:59 Hrs,733,50244,723.9,42344,1,1.5,2,4,Normal
CHENAB,Qadirabad,22-Jul-24,23:59 Hrs,700,50765,687,32765,1,1.5,2,4,Normal
CHENAB,Trimmu,22-Jul-24,23:59 Hrs,490.5,28937,480.3,12187,1.5,2,3,4.5,Normal
CHENAB,Punjnad,22-Jul-24,23:59 Hrs,338,13880,323.5,-,1.5,2,3,4.5,Normal
RAVI,Jassar,22-Jul-24,23:59 Hrs,-,-,780,12571,0.5,0.75,1,1.5,Normal
RAVI,Shahdara,22-Jul-24,23:59 Hrs,-,-,674.3,19496,0.4,0.65,0.9,1.35,Normal
RAVI,Balloki,22-Jul-24,23:59 Hrs,633.5,35360,618.6,6960,0.4,0.65,0.9,1.35,Normal
RAVI,Sidhnai,22-Jul-24,23:59 Hrs,467,15000,451.5,-,0.3,0.45,0.6,0.9,Normal
SUTLEJ,Bhakara**,22-Jul-24,23:59 Hrs,-,-,-,-,-,-,-,-,-
SUTLEJ,Sulemanki,22-Jul-24,23:59 Hrs,569,14514,558.7,3002,0.5,0.8,1.2,1.75,Normal
SUTLEJ,Islam,22-Jul-24,23:59 Hrs,455,1800,434.3,-,0.5,0.8,1.2,1.75,Normal
INDUS,khairabad,23-Jul-24,06:00 Hrs,-,-,19.9,235800,2.25,3.75,5,6.5,Low
INDUS,Kalabagh,23-Jul-24,06:00 Hrs,693.5,217958,680.2,209958,2.5,3.75,5,6.5,Normal
INDUS,Chashma,23-Jul-24,06:00 Hrs,643.5,246549,615.2,234849,2.5,3.75,5,6.5,Normal
INDUS,Taunsa,23-Jul-24,06:00 Hrs,446.7,219909,430.5,195409,2.5,3.75,5,6.5,Normal
INDUS,Guddu,23-Jul-24,06:00 Hrs,258.4,176296,249.7,139263,2,3.5,5,7,Normal
INDUS,Sukkar,23-Jul-24,06:00 Hrs,198.9,128010,192.2,77200,2,3.5,5,7,Normal
INDUS,Kotri,23-Jul-24,06:00 Hrs,69.9,70621,48.4,30076,2.5,4,5,6.5,Normal
JHELUM,Kotli,23-Jul-24,06:00 Hrs,-,-,7.9,3440,-,-,-,-,-
JHELUM,Rasul,23-Jul-24,06:00 Hrs,719,10470,691.5,-,0.75,1.1,1.5,2.25,Normal
CHENAB,Marala,23-Jul-24,06:00 Hrs,812,71430,798.3,43630,1,1.5,2,4,Normal
CHENAB,Khanki,23-Jul-24,06:00 Hrs,733,46156,723.6,38256,1,1.5,2,4,Normal
CHENAB,Qadirabad,23-Jul-24,06:00 Hrs,700,48314,686.6,30314,1,1.5,2,4,Normal
CHENAB,Trimmu,23-Jul-24,06:00 Hrs,490.5,30828,480.5,14078,1.5,2,3,4.5,Normal
CHENAB,Punjnad,23-Jul-24,06:00 Hrs,337.9,13880,323.5,-,1.5,2,3,4.5,Normal
RAVI,Jassar,23-Jul-24,06:00 Hrs,-,-,780,12571,0.5,0.75,1,1.5,Normal
RAVI,Shahdara,23-Jul-24,06:00 Hrs,-,-,674.4,20061,0.4,0.65,0.9,1.35,Normal
RAVI,Balloki,23-Jul-24,06:00 Hrs,633.5,37665,618.9,9265,0.4,0.65,0.9,1.35,Normal
RAVI,Sidhnai,23-Jul-24,06:00 Hrs,467,14600,451,-,0.3,0.45,0.6,0.9,Normal
SUTLEJ,Bhakara**,23-Jul-24,06:00 Hrs,-,-,-,-,-,-,-,-,-
SUTLEJ,Sulemanki,23-Jul-24,06:00 Hrs,569,15017,558.7,3002,0.5,0.8,1.2,1.75,Normal
SUTLEJ,Islam,23-Jul-24,06:00 Hrs,455,2626,436.3,826,0.5,0.8,1.2,1.75,Normal
INDUS,khairabad,23-Jul-24,12:00 Hrs,-,-,21.1,250400,2.25,3.75,5,6.5,Low
INDUS,Kalabagh,23-Jul-24,12:00 Hrs,693.5,223896,680.4,215896,2.5,3.75,5,6.5,Normal
INDUS,Chashma,23-Jul-24,12:00 Hrs,643.8,247976,615.2,234970,2.5,3.75,5,6.5,Normal
INDUS,Taunsa,23-Jul-24,12:00 Hrs,446.7,219909,430.5,195409,2.5,3.75,5,6.5,Normal
INDUS,Guddu,23-Jul-24,12:00 Hrs,258.4,176296,249.7,139263,2,3.5,5,7,Normal
INDUS,Sukkar,23-Jul-24,12:00 Hrs,198.9,128010,192.2,77200,2,3.5,5,7,Normal
INDUS,Kotri,23-Jul-24,12:00 Hrs,69.9,69361,48.4,30076,2.5,4,5,6.5,Normal
JHELUM,Kotli,23-Jul-24,12:00 Hrs,-,-,8.6,5070,-,-,-,-,-
JHELUM,Rasul,23-Jul-24,12:00 Hrs,719,11816,691.5,-,0.75,1.1,1.5,2.25,Normal
CHENAB,Marala,23-Jul-24,12:00 Hrs,812,65827,797.9,38277,1,1.5,2,4,Normal
CHENAB,Khanki,23-Jul-24,12:00 Hrs,733,54525,724,46800,1,1.5,2,4,Normal
CHENAB,Qadirabad,23-Jul-24,12:00 Hrs,700,44441,686.4,26441,1,1.5,2,4,Normal
CHENAB,Trimmu,23-Jul-24,12:00 Hrs,490.5,26855,480.4,10105,1.5,2,3,4.5,Normal
CHENAB,Punjnad,23-Jul-24,12:00 Hrs,337.8,13880,323,-,1.5,2,3,4.5,Normal
RAVI,Jassar,23-Jul-24,12:00 Hrs,-,-,780.3,13810,0.5,0.75,1,1.5,Normal
RAVI,Shahdara,23-Jul-24,12:00 Hrs,-,-,674.5,20626,0.4,0.65,0.9,1.35,Normal
RAVI,Balloki,23-Jul-24,12:00 Hrs,633.5,37665,618.9,9265,0.4,0.65,0.9,1.35,Normal
RAVI,Sidhnai,23-Jul-24,12:00 Hrs,467,15000,451.5,-,0.3,0.45,0.6,0.9,Normal
SUTLEJ,Bhakara**,23-Jul-24,12:00 Hrs,,-,-,-,-,-,-,-,-
SUTLEJ,Sulemanki,23-Jul-24,12:00 Hrs,569,15017,558.7,3002,0.5,0.8,1.2,1.75,Normal
SUTLEJ,Islam,23-Jul-24,12:00 Hrs,455,2926,436.3,826,0.5,0.8,1.2,1.75,Normal
INDUS,khairabad,23-Jul-24,18:00 Hrs,-,-,14.5,173700,2.25,3.75,5,6.5,Normal
INDUS,Kalabagh,23-Jul-24,18:00 Hrs,693.5,240959,680.7,232959,2.5,3.75,5,6.5,Normal
INDUS,Chashma,23-Jul-24,18:00 Hrs,643.6,246815,615.2,235115,2.5,3.75,5,6.5,Normal
INDUS,Taunsa,23-Jul-24,18:00 Hrs,446.7,219718,430.5,194011,2.5,3.75,5,6.5,Normal
INDUS,Guddu,23-Jul-24,18:00 Hrs,258.4,176605,249.7,139263,2,3.5,5,7,Normal
INDUS,Sukkar,23-Jul-24,18:00 Hrs,198.9,128010,192.2,77200,2,3.5,5,7,Normal
INDUS,Kotri,23-Jul-24,18:00 Hrs,69.9,69361,48.4,30076,2.5,4,5,6.5,Normal
JHELUM,Kotli,23-Jul-24,18:00 Hrs,-,-,8.4,4590,-,-,-,-,-
JHELUM,Rasul,23-Jul-24,18:00 Hrs,719,12666,691.5,-,0.75,1.1,1.5,2.25,Normal
CHENAB,Marala,23-Jul-24,18:00 Hrs,812,76533,798.7,48983,1,1.5,2,4,Normal
CHENAB,Khanki,23-Jul-24,18:00 Hrs,733,53551,724.4,45740,1,1.5,2,4,Normal
CHENAB,Qadirabad,23-Jul-24,18:00 Hrs,700,54875,687.3,36521,1,1.5,2,4,Normal
CHENAB,Trimmu,23-Jul-24,18:00 Hrs,490.5,26955,480.4,10105,1.5,2,3,4.5,Normal
CHENAB,Punjnad,23-Jul-24,18:00 Hrs,337.65,13880,323,-,1.5,2,3,4.5,Normal
RAVI,Jassar,23-Jul-24,18:00 Hrs,-,-,780.4,14223,0.5,0.75,1,1.5,Normal
RAVI,Shahdara,23-Jul-24,18:00 Hrs,-,-,674.7,21756,0.4,0.65,0.9,1.35,Normal
RAVI,Balloki,23-Jul-24,18:00 Hrs,633.5,37665,618.9,9265,0.4,0.65,0.9,1.35,Normal
RAVI,Sidhnai,23-Jul-24,18:00 Hrs,467,15600,451.5,-,0.3,0.45,0.6,0.9,Normal
SUTLEJ,Bhakara**,23-Jul-24,18:00 Hrs,-,-,-,-,-,-,-,-,-
SUTLEJ,Sulemanki,23-Jul-24,18:00 Hrs,569,15017,558.7,3002,0.5,0.8,1.2,1.75,Normal
SUTLEJ,Islam,23-Jul-24,18:00 Hrs,455,2549,435.2,449,0.5,0.8,1.2,1.75,Normal
INDUS,khairabad,23-Jul-24,23:59 Hrs,-,-,13.5,162900,2.25,3.75,5,6.5,Normal
INDUS,Kalabagh,23-Jul-24,23:59 Hrs,693.5,246985,680.8,238985,2.5,3.75,5,6.5,Normal
INDUS,Chashma,23-Jul-24,23:59 Hrs,643.3,246733,615.2,235033,2.5,3.75,5,6.5,Normal
INDUS,Taunsa,23-Jul-24,23:59 Hrs,446.7,219718,430.5,194011,2.5,3.75,5,6.5,Normal
INDUS,Guddu,23-Jul-24,23:59 Hrs,258.4,176605,249.7,139263,2,3.5,5,7,Normal
INDUS,Sukkar,23-Jul-24,23:59 Hrs,198.9,128010,192.2,77200,2,3.5,5,7,Normal
INDUS,Kotri,23-Jul-24,23:59 Hrs,69.9,69361,48.4,30076,2.5,4,5,6.5,Normal
JHELUM,Kotli,23-Jul-24,23:59 Hrs,-,-,8,3660,-,-,-,-,-
JHELUM,Rasul,23-Jul-24,23:59 Hrs,719,12884,691.5,-,0.75,1.1,1.5,2.25,Normal
CHENAB,Marala,23-Jul-24,23:59 Hrs,812,71180,798.3,43630,1,1.5,2,4,Normal
CHENAB,Khanki,23-Jul-24,23:59 Hrs,733,57245,724.7,49434,1,1.5,2,4,Normal
CHENAB,Qadirabad,23-Jul-24,23:59 Hrs,700,55773,687.3,36521,1,1.5,2,4,Normal
CHENAB,Trimmu,23-Jul-24,23:59 Hrs,490.5,25014,480.2,8164,1.5,2,3,4.5,Normal
CHENAB,Punjnad,23-Jul-24,23:59 Hrs,337.5,13225,323,-,1.5,2,3,4.5,Normal
RAVI,Jassar,23-Jul-24,23:59 Hrs,-,-,782.5,26800,0.5,0.75,1,1.5,Normal
RAVI,Shahdara,23-Jul-24,23:59 Hrs,-,-,674.5,20626,0.4,0.65,0.9,1.35,Normal
RAVI,Balloki,23-Jul-24,23:59 Hrs,633.5,38165,618.9,9265,0.4,0.65,0.9,1.35,Normal
RAVI,Sidhnai,23-Jul-24,23:59 Hrs,467,15600,451.5,-,0.3,0.45,0.6,0.9,Normal
SUTLEJ,Bhakara**,23-Jul-24,23:59 Hrs,-,-,-,-,-,-,-,-,-
SUTLEJ,Sulemanki,23-Jul-24,23:59 Hrs,569,15017,558.7,3002,0.5,0.8,1.2,1.75,Normal
SUTLEJ,Islam,23-Jul-24,23:59 Hrs,455,2549,435.2,449,0.5,0.8,1.2,1.75,Normal
INDUS,khairabad,24-Jul-24,06:00 Hrs,-,-,20.6,244300,2.25,3.75,5,6.5,Low
INDUS,Kalabagh,24-Jul-24,06:00 Hrs,693.5,202986,679.9,194986,2.5,3.75,5,6.5,Normal
INDUS,Chashma,24-Jul-24,06:00 Hrs,643.3,246509,615.2,234309,2.5,3.75,5,6.5,Normal
INDUS,Taunsa,24-Jul-24,06:00 Hrs,446.7,226929,430.6,200929,2.5,3.75,5,6.5,Normal
INDUS,Guddu,24-Jul-24,06:00 Hrs,258.4,181320,249.8,143978,2,3.5,5,7,Normal
INDUS,Sukkar,24-Jul-24,06:00 Hrs,198.9,126455,192.1,75635,2,3.5,5,7,Normal
INDUS,Kotri,24-Jul-24,06:00 Hrs,69.9,69361,48.4,30076,2.5,4,5,6.5,Normal
JHELUM,Kotli,24-Jul-24,06:00 Hrs,-,-,7.8,3220,-,-,-,-,-
JHELUM,Rasul,24-Jul-24,06:00 Hrs,719,12884,691.5,-,0.75,1.1,1.5,2.25,Normal
CHENAB,Marala,24-Jul-24,06:00 Hrs,812,65827,797.9,38277,1,1.5,2,4,Normal
CHENAB,Khanki,24-Jul-24,06:00 Hrs,733,53820,724.3,46009,1,1.5,2,4,Normal
CHENAB,Qadirabad,24-Jul-24,06:00 Hrs,700,56046,687.3,36521,1,1.5,2,4,Normal
CHENAB,Trimmu,24-Jul-24,06:00 Hrs,490.5,23177,479.5,6327,1.5,2,3,4.5,Normal
CHENAB,Punjnad,24-Jul-24,06:00 Hrs,337.5,13225,323,-,1.5,2,3,4.5,Normal
RAVI,Jassar,24-Jul-24,06:00 Hrs,-,-,782.5,26800,0.5,0.75,1,1.5,Normal
RAVI,Shahdara,24-Jul-24,06:00 Hrs,-,-,674.5,20626,0.4,0.65,0.9,1.35,Normal
RAVI,Balloki,24-Jul-24,06:00 Hrs,633.5,38920,619,10420,0.4,0.65,0.9,1.35,Normal
RAVI,Sidhnai,24-Jul-24,06:00 Hrs,467,16922,452.7,1322,0.3,0.45,0.6,0.9,Normal
SUTLEJ,Bhakara**,24-Jul-24,06:00 Hrs,-,-,-,-,-,-,-,-,-
SUTLEJ,Sulemanki,24-Jul-24,06:00 Hrs,569,15510,558.7,3002,0.5,0.8,1.2,1.75,Normal
SUTLEJ,Islam,24-Jul-24,06:00 Hrs,455,2100,435,-,0.5,0.8,1.2,1.75,Normal
INDUS,khairabad,24-Jul-24,12:00 Hrs,-,-,21.1,250400,2.25,3.75,5,6.5,Low
INDUS,Kalabagh,24-Jul-24,12:00 Hrs,693.5,217762,680.2,209778,2.5,3.75,5,6.5,Normal
INDUS,Chashma,24-Jul-24,12:00 Hrs,643.3,246688,615.2,235038,2.5,3.75,5,6.5,Normal
INDUS,Taunsa,24-Jul-24,12:00 Hrs,446.7,226929,430.6,200929,2.5,3.75,5,6.5,Normal
INDUS,Guddu,24-Jul-24,12:00 Hrs,258.3,180212,249.9,142332,2,3.5,5,7,Normal
INDUS,Sukkar,24-Jul-24,12:00 Hrs,198.9,126455,192.1,75635,2,3.5,5,7,Normal
INDUS,Kotri,24-Jul-24,12:00 Hrs,69.9,69361,48.4,30076,2.5,4,5,6.5,Normal
JHELUM,Kotli,24-Jul-24,12:00 Hrs,-,-,7.6,2800,-,-,-,-,-
JHELUM,Rasul,24-Jul-24,12:00 Hrs,719,12026,691.5,-,0.75,1.1,1.5,2.25,Normal
CHENAB,Marala,24-Jul-24,12:00 Hrs,812,65827,797.9,38277,1,1.5,2,4,Normal
CHENAB,Khanki,24-Jul-24,12:00 Hrs,733,53820,724.3,46009,1,1.5,2,4,Normal
CHENAB,Qadirabad,24-Jul-24,12:00 Hrs,700,52290,687,32765,1,1.5,2,4,Normal
CHENAB,Trimmu,24-Jul-24,12:00 Hrs,490.5,23177,479.5,6327,1.5,2,3,4.5,Normal
CHENAB,Punjnad,24-Jul-24,12:00 Hrs,337.5,12655,322.5,-,1.5,2,3,4.5,Normal
RAVI,Jassar,24-Jul-24,12:00 Hrs,-,-,782.4,26180,0.5,0.75,1,1.5,Normal
RAVI,Shahdara,24-Jul-24,12:00 Hrs,-,-,674.5,20626,0.4,0.65,0.9,1.35,Normal
RAVI,Balloki,24-Jul-24,12:00 Hrs,633.5,38165,618.9,9265,0.4,0.65,0.9,1.35,Normal
RAVI,Sidhnai,24-Jul-24,12:00 Hrs,467,17122,452.7,1322,0.3,0.45,0.6,0.9,Normal
SUTLEJ,Bhakara**,24-Jul-24,12:00 Hrs,-,-,-,-,-,-,-,-,-
SUTLEJ,Sulemanki,24-Jul-24,12:00 Hrs,569,15510,558.7,3002,0.5,0.8,1.2,1.75,Normal
SUTLEJ,Islam,24-Jul-24,12:00 Hrs,455,2100,434.7,-,0.5,0.8,1.2,1.75,Normal
INDUS,khairabad,24-Jul-24,18:00 Hrs,-,-,14.8,177000,2.25,3.75,5,6.5,Normal
INDUS,Kalabagh,24-Jul-24,18:00 Hrs,693.5,235245,680.6,227261,2.5,3.75,5,6.5,Normal
INDUS,Chashma,24-Jul-24,18:00 Hrs,643.2,245237,615.2,235043,2.5,3.75,5,6.5,Normal
INDUS,Taunsa,24-Jul-24,18:00 Hrs,446.7,226929,430.6,200378,2.5,3.75,5,6.5,Normal
INDUS,Guddu,24-Jul-24,18:00 Hrs,258.3,180609,249.9,142332,2,3.5,5,7,Normal
INDUS,Sukkar,24-Jul-24,18:00 Hrs,198.9,126455,192.1,75635,2,3.5,5,7,Normal
INDUS,Kotri,24-Jul-24,18:00 Hrs,69.9,69361,48.4,,2.5,4,5,6.5,Normal
JHELUM,Kotli,24-Jul-24,18:00 Hrs,-,-,7.5,2600,-,-,-,-,-
JHELUM,Rasul,24-Jul-24,18:00 Hrs,719,10732,691.5,-,0.75,1.1,1.5,2.25,Normal
CHENAB,Marala,24-Jul-24,18:00 Hrs,812,60474,797.5,32924,1,1.5,2,4,Normal
CHENAB,Khanki,24-Jul-24,18:00 Hrs,733,55280,724.6,47469,1,1.5,2,4,Normal
CHENAB,Qadirabad,24-Jul-24,18:00 Hrs,700,54790,687.1,35265,1,1.5,2,4,Normal
CHENAB,Trimmu,24-Jul-24,18:00 Hrs,490.5,21262,479,4312,1.5,2,3,4.5,Normal
CHENAB,Punjnad,24-Jul-24,18:00 Hrs,337.5,12655,322.5,-,1.5,2,3,4.5,Normal
RAVI,Jassar,24-Jul-24,18:00 Hrs,-,-,781.6,20900,0.5,0.75,1,1.5,Normal
RAVI,Shahdara,24-Jul-24,18:00 Hrs,-,-,674.6,21191,0.4,0.65,0.9,1.35,Normal
RAVI,Balloki,24-Jul-24,18:00 Hrs,633.5,39320,619,10420,0.4,0.65,0.9,1.35,Normal
RAVI,Sidhnai,24-Jul-24,18:00 Hrs,467,17783,453.3,1983,0.3,0.45,0.6,0.9,Normal
SUTLEJ,Bhakara**,24-Jul-24,18:00 Hrs,-,-,-,-,-,-,-,-,-
SUTLEJ,Sulemanki,24-Jul-24,18:00 Hrs,569,16456,558.8,3491,0.5,0.8,1.2,1.75,Normal
SUTLEJ,Islam,24-Jul-24,18:00 Hrs,455,2100,434.5,-,0.5,0.8,1.2,1.75,Normal
INDUS,khairabad,24-Jul-24,23:59 Hrs,-,-,17,201700,2.25,3.75,5,6.5,Normal
INDUS,Kalabagh,24-Jul-24,23:59 Hrs,693.5,241157,680.7,233173,2.5,3.75,5,6.5,Normal
INDUS,Chashma,24-Jul-24,23:59 Hrs,642.5,245078,615.2,234734,2.5,3.75,5,6.5,Normal
INDUS,Taunsa,24-Jul-24,23:59 Hrs,446.7,226929,430.6,200378,2.5,3.75,5,6.5,Normal
INDUS,Guddu,24-Jul-24,23:59 Hrs,258.3,180609,249.9,142332,2,3.5,5,7,Normal
INDUS,Sukkar,24-Jul-24,23:59 Hrs,198.9,126455,192.1,75635,2,3.5,5,7,Normal
INDUS,Kotri,24-Jul-24,23:59 Hrs,69.9,69361,48.4,30076,2.5,4,5,6.5,Normal
JHELUM,Kotli,24-Jul-24,23:59 Hrs,-,-,7.4,2400,-,-,-,-,-
JHELUM,Rasul,24-Jul-24,23:59 Hrs,719,9093,691.5,-,0.75,1.1,1.5,2.25,Normal
CHENAB,Marala,24-Jul-24,23:59 Hrs,812,60474,797.5,32924,1,1.5,2,4,Normal
CHENAB,Khanki,24-Jul-24,23:59 Hrs,733,50246,723.9,42346,1,1.5,2,4,Normal
CHENAB,Qadirabad,24-Jul-24,23:59 Hrs,700,52290,687,32765,1,1.5,2,4,Normal
CHENAB,Trimmu,24-Jul-24,23:59 Hrs,490.5,21262,479,4312,1.5,2,3,4.5,Normal
CHENAB,Punjnad,24-Jul-24,23:59 Hrs,337.5,12655,322.5,-,1.5,2,3,4.5,Normal
RAVI,Jassar,24-Jul-24,23:59 Hrs,-,-,781,16700,0.5,0.75,1,1.5,Normal
RAVI,Shahdara,24-Jul-24,23:59 Hrs,-,-,675.2,24755,0.4,0.65,0.9,1.35,Normal
RAVI,Balloki,24-Jul-24,23:59 Hrs,633.5,40475,619.1,11575,0.4,0.65,0.9,1.35,Normal
RAVI,Sidhnai,24-Jul-24,23:59 Hrs,467,18117,453.4,2317,0.3,0.45,0.6,0.9,Normal
SUTLEJ,Bhakara**,24-Jul-24,23:59 Hrs,-,-,-,-,-,-,-,-,-
SUTLEJ,Sulemanki,24-Jul-24,23:59 Hrs,569,16456,558.8,3191,0.5,0.8,1.2,1.75,Normal
SUTLEJ,Islam,24-Jul-24,23:59 Hrs,455,2100,434.5,-,0.5,0.8,1.2,1.75,Normal
INDUS,khairabad,25-Jul-24,06:00 Hrs,-,-,22.1,262900,2.25,3.75,5,6.5,Low
INDUS,Kalabagh,25-Jul-24,06:00 Hrs,693.5,207873,680,199889,2.5,3.75,5,6.5,Normal
INDUS,Chashma,25-Jul-24,06:00 Hrs,642.9,248188,615.2,235532,2.5,3.75,5,6.5,Normal
INDUS,Taunsa,25-Jul-24,06:00 Hrs,446.7,225133,430.6,198792,2.5,3.75,5,6.5,Normal
INDUS,Guddu,25-Jul-24,06:00 Hrs,258.4,177173,249.8,138478,2,3.5,5,7,Normal
INDUS,Sukkar,25-Jul-24,06:00 Hrs,198.9,128225,192.3,77015,2,3.5,5,7,Normal
INDUS,Kotri,25-Jul-24,06:00 Hrs,69.9,70761,48.4,30076,2.5,4,5,6.5,Normal
JHELUM,Kotli,25-Jul-24,06:00 Hrs,-,-,7.5,2600,-,-,-,-,-
JHELUM,Rasul,25-Jul-24,06:00 Hrs,719,7401,691.5,-,0.75,1.1,1.5,2.25,Normal
CHENAB,Marala,25-Jul-24,06:00 Hrs,812,65827,797.9,38277,1,1.5,2,4,Normal
CHENAB,Khanki,25-Jul-24,06:00 Hrs,733,50246,723.9,42346,1,1.5,2,4,Normal
CHENAB,Qadirabad,25-Jul-24,06:00 Hrs,700,49839,686.6,30314,1,1.5,2,4,Normal
CHENAB,Trimmu,25-Jul-24,06:00 Hrs,490.5,22318,479.1,5368,1.5,2,3,4.5,Normal
CHENAB,Punjnad,25-Jul-24,06:00 Hrs,337.5,11965,322.5,-,1.5,2,3,4.5,Normal
RAVI,Jassar,25-Jul-24,06:00 Hrs,-,-,781,16700,0.5,0.75,1,1.5,Normal
RAVI,Shahdara,25-Jul-24,06:00 Hrs,-,-,675.2,24755,0.4,0.65,0.9,1.35,Normal
RAVI,Balloki,25-Jul-24,06:00 Hrs,633.5,40475,619.1,11575,0.4,0.65,0.9,1.35,Normal
RAVI,Sidhnai,25-Jul-24,06:00 Hrs,467,19105,454.2,3305,0.3,0.45,0.6,0.9,Normal
SUTLEJ,Bhakara**,25-Jul-24,06:00 Hrs,-,-,-,-,-,-,-,-,-
SUTLEJ,Sulemanki,25-Jul-24,06:00 Hrs,569,17113,559.3,4148,0.5,0.8,1.2,1.75,Normal
SUTLEJ,Islam,25-Jul-24,06:00 Hrs,455,2549,435.4,449,0.5,0.8,1.2,1.75,Normal
INDUS,khairabad,25-Jul-24,12:00 Hrs,-,-,22,261600,2.25,3.75,5,6.5,Low
INDUS,Kalabagh,25-Jul-24,12:00 Hrs,693.5,225355,680.5,217371,2.5,3.75,5,6.5,Normal
INDUS,Chashma,25-Jul-24,12:00 Hrs,642.7,247678,615.2,235022,2.5,3.75,5,6.5,Normal
INDUS,Taunsa,25-Jul-24,12:00 Hrs,446.7,225133,430.6,198792,2.5,3.75,5,6.5,Normal
INDUS,Guddu,25-Jul-24,12:00 Hrs,258.4,177173,249.8,138478,2,3.5,5,7,Normal
INDUS,Sukkar,25-Jul-24,12:00 Hrs,198.9,128225,192.3,77015,2,3.5,5,7,Normal
INDUS,Kotri,25-Jul-24,12:00 Hrs,69.9,71461,48.4,30076,2.5,4,5,6.5,Normal
JHELUM,Kotli,25-Jul-24,12:00 Hrs,-,-,7.6,2800,-,-,-,-,-
JHELUM,Rasul,25-Jul-24,12:00 Hrs,719,7140,691.5,-,0.75,1.1,1.5,2.25,Normal
CHENAB,Marala,25-Jul-24,12:00 Hrs,812,55271,797.3,27571,1,1.5,2,4,Normal
CHENAB,Khanki,25-Jul-24,12:00 Hrs,733,46156,723.6,38256,1,1.5,2,4,Normal
CHENAB,Qadirabad,25-Jul-24,12:00 Hrs,700,45966,686.4,26441,1,1.5,2,4,Normal
CHENAB,Trimmu,25-Jul-24,12:00 Hrs,490.5,22318,479.1,5368,1.5,2,3,4.5,Normal
CHENAB,Punjnad,25-Jul-24,12:00 Hrs,337.5,11965,322.5,-,1.5,2,3,4.5,Normal
RAVI,Jassar,25-Jul-24,12:00 Hrs,-,-,779.5,10709,0.5,0.75,1,1.5,Normal
RAVI,Shahdara,25-Jul-24,12:00 Hrs,-,-,675.2,24755,0.4,0.65,0.9,1.35,Normal
RAVI,Balloki,25-Jul-24,12:00 Hrs,633.5,40475,619.1,11575,0.4,0.65,0.9,1.35,Normal
RAVI,Sidhnai,25-Jul-24,12:00 Hrs,467,19439,454.4,3639,0.3,0.45,0.6,0.9,Normal
SUTLEJ,Bhakara**,25-Jul-24,12:00 Hrs,-,-,-,-,-,-,-,-,-
SUTLEJ,Sulemanki,25-Jul-24,12:00 Hrs,569,17113,559.3,4148,0.5,0.8,1.2,1.75,Normal
SUTLEJ,Islam,25-Jul-24,12:00 Hrs,455,2549,435.4,449,0.5,0.8,1.2,1.75,Normal
INDUS,khairabad,25-Jul-24,18:00 Hrs,-,-,16.5,196000,2.25,3.75,5,6.5,Normal
INDUS,Kalabagh,25-Jul-24,18:00 Hrs,693.5,249614,680.8,241630,2.5,3.75,5,6.5,Normal
INDUS,Chashma,25-Jul-24,18:00 Hrs,642.6,246988,615.2,234904,2.5,3.75,5,6.5,Normal
INDUS,Taunsa,25-Jul-24,18:00 Hrs,446.7,225133,430.6,198792,2.5,3.75,5,6.5,Normal
INDUS,Guddu,25-Jul-24,18:00 Hrs,258.4,177815,249.8,138478,2,3.5,5,7,Normal
INDUS,Sukkar,25-Jul-24,18:00 Hrs,198.9,128225,192.3,77015,2,3.5,5,7,Normal
INDUS,Kotri,25-Jul-24,18:00 Hrs,69.9,71461,48.4,30076,2.5,4,5,6.5,Normal
JHELUM,Kotli,25-Jul-24,18:00 Hrs,-,-,7.5,2600,-,-,-,-,-
JHELUM,Rasul,25-Jul-24,18:00 Hrs,719,7140,691.5,-,0.75,1.1,1.5,2.25,Normal
CHENAB,Marala,25-Jul-24,18:00 Hrs,812,60624,797.5,12700,1,1.5,2,4,Normal
CHENAB,Khanki,25-Jul-24,18:00 Hrs,733,43278,722.5,35378,1,1.5,2,4,Normal
CHENAB,Qadirabad,25-Jul-24,18:00 Hrs,700,38294,686,18769,1,1.5,2,4,Normal
CHENAB,Trimmu,25-Jul-24,18:00 Hrs,490.5,23334,479.3,6384,1.5,2,3,4.5,Normal
CHENAB,Punjnad,25-Jul-24,18:00 Hrs,337.5,12435,322.5,-,1.5,2,3,4.5,Normal
RAVI,Jassar,25-Jul-24,18:00 Hrs,-,-,779.1,9219,0.5,0.75,1,1.5,Normal
RAVI,Shahdara,25-Jul-24,18:00 Hrs,-,-,675,23452,0.4,0.65,0.9,1.35,Normal
RAVI,Balloki,25-Jul-24,18:00 Hrs,633.5,45220,620.4,16320,0.4,0.65,0.9,1.35,Normal
RAVI,Sidhnai,25-Jul-24,18:00 Hrs,467,19439,454.4,3639,0.3,0.45,0.6,0.9,Normal
SUTLEJ,Bhakara**,25-Jul-24,18:00 Hrs,-,-,-,-,-,-,-,-,-
SUTLEJ,Sulemanki,25-Jul-24,18:00 Hrs,569,17315,559.3,4148,0.5,0.8,1.2,1.75,Normal
SUTLEJ,Islam,25-Jul-24,18:00 Hrs,455,2926,436.5,826,0.5,0.8,1.2,1.75,Normal
INDUS,khairabad,25-Jul-24,23:59 Hrs,-,-,15,179200,2.25,3.75,5,6.5,Normal
INDUS,Kalabagh,25-Jul-24,23:59 Hrs,693.5,254823,681,246839,2.5,3.75,5,6.5,Normal
INDUS,Chashma,25-Jul-24,23:59 Hrs,642.5,250836,615.2,235036,2.5,3.75,5,6.5,Normal
INDUS,Taunsa,25-Jul-24,23:59 Hrs,446.7,225133,430.6,198792,2.5,3.75,5,6.5,Normal
INDUS,Guddu,25-Jul-24,23:59 Hrs,258.4,177815,249.8,138478,2,3.5,5,7,Normal
INDUS,Sukkar,25-Jul-24,23:59 Hrs,198.9,128225,192.3,77015,2,3.5,5,7,Normal
INDUS,Kotri,25-Jul-24,23:59 Hrs,69.9,71461,48.4,30076,2.5,4,5,6.5,Normal
JHELUM,Kotli,25-Jul-24,23:59 Hrs,-,-,7.4,2400,-,-,-,-,-
JHELUM,Rasul,25-Jul-24,23:59 Hrs,719,7140,691.5,-,0.75,1.1,1.5,2.25,Normal
CHENAB,Marala,25-Jul-24,23:59 Hrs,812,71330,798.3,43630,1,1.5,2,4,Normal
CHENAB,Khanki,25-Jul-24,23:59 Hrs,733,44146,723.4,36246,1,1.5,2,4,Normal
CHENAB,Qadirabad,25-Jul-24,23:59 Hrs,700,34485,685.5,14960,1,1.5,2,4,Normal
CHENAB,Trimmu,25-Jul-24,23:59 Hrs,490.5,25387,479.5,8437,1.5,2,3,4.5,Normal
CHENAB,Punjnad,25-Jul-24,23:59 Hrs,337.65,13880,322.5,-,1.5,2,3,4.5,Normal
RAVI,Jassar,25-Jul-24,23:59 Hrs,-,-,779,8846,0.5,0.75,1,1.5,Normal
RAVI,Shahdara,25-Jul-24,23:59 Hrs,-,-,674.5,20626,0.4,0.65,0.9,1.35,Normal
RAVI,Balloki,25-Jul-24,23:59 Hrs,633.5,48080,620.9,19180,0.4,0.65,0.9,1.35,Normal
RAVI,Sidhnai,25-Jul-24,23:59 Hrs,467,19766,454.5,3966,0.3,0.45,0.6,0.9,Normal
SUTLEJ,Bhakara**,25-Jul-24,23:59 Hrs,-,-,-,-,-,-,-,-,-
SUTLEJ,Sulemanki,25-Jul-24,23:59 Hrs,569,17315,559.3,4148,0.5,0.8,1.2,1.75,Normal
SUTLEJ,Islam,25-Jul-24,23:59 Hrs,455,2926,436.5,826,0.5,0.8,1.2,1.75,Normal
INDUS,khairabad,26-Jul-24,06:00 Hrs,-,-,19.9,235800,2.25,3.75,5,6.5,Low
INDUS,Kalabagh,26-Jul-24,06:00 Hrs,693.5,235289,680.6,227305,2.5,3.75,5,6.5,Normal
INDUS,Chashma,26-Jul-24,06:00 Hrs,642.2,250220,615.2,234876,2.5,3.75,5,6.5,Normal
INDUS,Taunsa,26-Jul-24,06:00 Hrs,446.7,225133,430.6,198792,2.5,3.75,5,6.5,Normal
INDUS,Guddu,26-Jul-24,06:00 Hrs,258.5,177041,249.7,137503,2,3.5,5,7,Normal
INDUS,Sukkar,26-Jul-24,06:00 Hrs,199.9,130380,193.4,77550,2,3.5,5,7,Normal
INDUS,Kotri,26-Jul-24,06:00 Hrs,69.9,71741,48.4,30076,2.5,4,5,6.5,Normal
JHELUM,Kotli,26-Jul-24,06:00 Hrs,-,-,7.5,2600,-,-,-,-,-
JHELUM,Rasul,26-Jul-24,06:00 Hrs,719,7140,691.5,-,0.75,1.1,1.5,2.25,Normal
CHENAB,Marala,26-Jul-24,06:00 Hrs,812,65977,797.9,38277,1,1.5,2,4,Normal
CHENAB,Khanki,26-Jul-24,06:00 Hrs,733,46156,723.6,38256,1,1.5,2,4,Normal
CHENAB,Qadirabad,26-Jul-24,06:00 Hrs,700,34485,685.5,14960,1,1.5,2,4,Normal
CHENAB,Trimmu,26-Jul-24,06:00 Hrs,490.5,27205,480.1,10255,1.5,2,3,4.5,Normal
CHENAB,Punjnad,26-Jul-24,06:00 Hrs,337.7,13880,322.5,-,1.5,2,3,4.5,Normal
RAVI,Jassar,26-Jul-24,06:00 Hrs,-,-,779,8846,0.5,0.75,1,1.5,Normal
RAVI,Shahdara,26-Jul-24,06:00 Hrs,-,-,674,17800,0.4,0.65,0.9,1.35,Normal
RAVI,Balloki,26-Jul-24,06:00 Hrs,633.5,48280,620.9,19180,0.4,0.65,0.9,1.35,Normal
RAVI,Sidhnai,26-Jul-24,06:00 Hrs,467,19766,454.5,3966,0.3,0.45,0.6,0.9,Normal
SUTLEJ,Bhakara**,26-Jul-24,06:00 Hrs,-,-,-,-,-,-,-,-,-
SUTLEJ,Sulemanki,26-Jul-24,06:00 Hrs,569,17315,559.3,4148,0.5,0.8,1.2,1.75,Normal
SUTLEJ,Islam,26-Jul-24,06:00 Hrs,455,2926,436.5,826,0.5,0.8,1.2,1.75,Normal
INDUS,khairabad,26-Jul-24,12:00 Hrs,-,-,23,276700,2.25,3.75,5,6.5,Low
INDUS,Kalabagh,26-Jul-24,12:00 Hrs,693.5,222890,680.4,214906,2.5,3.75,5,6.5,Normal
INDUS,Chashma,26-Jul-24,12:00 Hrs,642.5,251541,615.2,235041,2.5,3.75,5,6.5,Normal
INDUS,Taunsa,26-Jul-24,12:00 Hrs,446.7,225133,430.6,198792,2.5,3.75,5,6.5,Normal
INDUS,Guddu,26-Jul-24,12:00 Hrs,258.5,177041,249.75,137503,2,3.5,5,7,Normal
INDUS,Sukkar,26-Jul-24,12:00 Hrs,199.9,130380,193.4,77550,2,3.5,5,7,Normal
INDUS,Kotri,26-Jul-24,12:00 Hrs,69.9,71741,48.4,30076,2.5,4,5,6.5,Normal
JHELUM,Kotli,26-Jul-24,12:00 Hrs,-,-,7.6,2800,-,-,-,-,-
JHELUM,Rasul,26-Jul-24,12:00 Hrs,719,10732,691.5,-,0.75,1.1,1.5,2.25,Normal
CHENAB,Marala,26-Jul-24,12:00 Hrs,812,65977,797.9,38277,1,1.5,2,4,Normal
CHENAB,Khanki,26-Jul-24,12:00 Hrs,733,46156,723.6,38256,1,1.5,2,4,Normal
CHENAB,Qadirabad,26-Jul-24,12:00 Hrs,700,38294,686,18769,1,1.5,2,4,Normal
CHENAB,Trimmu,26-Jul-24,12:00 Hrs,490.5,29077,480.4,12127,1.5,2,3,4.5,Normal
CHENAB,Punjnad,26-Jul-24,12:00 Hrs,337.7,13880,322.5,-,1.5,2,3,4.5,Normal
RAVI,Jassar,26-Jul-24,12:00 Hrs,-,-,778.8,8347,0.5,0.75,1,1.5,Normal
RAVI,Shahdara,26-Jul-24,12:00 Hrs,-,-,674,17800,0.4,0.65,0.9,1.35,Normal
RAVI,Balloki,26-Jul-24,12:00 Hrs,633.5,45975,620.7,16875,0.4,0.65,0.9,1.35,Normal
RAVI,Sidhnai,26-Jul-24,12:00 Hrs,467,20100,454.6,4300,0.3,0.45,0.6,0.9,Normal
SUTLEJ,Bhakara**,26-Jul-24,12:00 Hrs,-,-,-,-,-,-,-,-,-
SUTLEJ,Sulemanki,26-Jul-24,12:00 Hrs,569,17315,559.3,4148,0.5,0.8,1.2,1.75,Normal
SUTLEJ,Islam,26-Jul-24,12:00 Hrs,455,2926,436.5,826,0.5,0.8,1.2,1.75,Normal
INDUS,khairabad,26-Jul-24,18:00 Hrs,-,-,16.6,197100,2.25,3.75,5,6.5,Normal
INDUS,Kalabagh,26-Jul-24,18:00 Hrs,693.5,240395,680.7,232411,2.5,3.75,5,6.5,Normal
INDUS,Chashma,26-Jul-24,18:00 Hrs,642.6,251456,615.2,23495,2.5,3.75,5,6.5,Normal
INDUS,Taunsa,26-Jul-24,18:00 Hrs,446.7,224240,430.6,198004,2.5,3.75,5,6.5,Normal
INDUS,Guddu,26-Jul-24,18:00 Hrs,258.5,177041,249.75,137503,2,3.5,5,7,Normal
INDUS,Sukkar,26-Jul-24,18:00 Hrs,199.9,130380,193.4,77550,2,3.5,5,7,Normal
INDUS,Kotri,26-Jul-24,18:00 Hrs,69.9,71741,48.4,30076,2.5,4,5,6.5,Normal
JHELUM,Kotli,26-Jul-24,18:00 Hrs,-,-,7.7,3010,-,-,-,-,-
JHELUM,Rasul,26-Jul-24,18:00 Hrs,719,8505,691.5,Nill,0.75,1.1,1.5,2.25,Normal
CHENAB,Marala,26-Jul-24,18:00 Hrs,812,65977,797.9,38277,1,1.5,2,4,Normal
CHENAB,Khanki,26-Jul-24,18:00 Hrs,733,53909,724.3,46009,1,1.5,2,4,Normal
CHENAB,Qadirabad,26-Jul-24,18:00 Hrs,700,34485,685.5,14960,1,1.5,2,4,Normal
CHENAB,Trimmu,26-Jul-24,18:00 Hrs,490.5,29077,480.4,12127,1.5,2,3,4.5,Normal
CHENAB,Punjnad,26-Jul-24,18:00 Hrs,337.8,13880,322.5,Nill,1.5,2,3,4.5,Normal
RAVI,Jassar,26-Jul-24,18:00 Hrs,-,-,778.7,8098,0.5,0.75,1,1.5,Normal
RAVI,Shahdara,26-Jul-24,18:00 Hrs,-,-,673.9,17392,0.4,0.65,0.9,1.35,Normal
RAVI,Balloki,26-Jul-24,18:00 Hrs,633.5,44220,620.6,15120,0.4,0.65,0.9,1.35,Normal
RAVI,Sidhnai,26-Jul-24,18:00 Hrs,467,20100,454.6,4300,0.3,0.45,0.6,0.9,Normal
SUTLEJ,Bhakara**,26-Jul-24,18:00 Hrs,-,-,-,-,-,-,-,-,-
SUTLEJ,Sulemanki,26-Jul-24,18:00 Hrs,569,17136,559,3916,0.5,0.8,1.2,1.75,Normal
SUTLEJ,Islam,26-Jul-24,18:00 Hrs,455,2926,436.5,826,0.5,0.8,1.2,1.75,Normal
INDUS,khairabad,26-Jul-24,23:59 Hrs,-,-,16,190300,2.25,3.75,5,6.5,Normal
INDUS,Kalabagh,26-Jul-24,23:59 Hrs,693.5,254700,681,246716,2.5,3.75,5,6.5,Normal
INDUS,Chashma,26-Jul-24,23:59 Hrs,642.6,251464,615.2,234964,2.5,3.75,5,6.5,Normal
INDUS,Taunsa,26-Jul-24,23:59 Hrs,446.7,224240,430.6,198004,2.5,3.75,5,6.5,Normal
INDUS,Guddu,26-Jul-24,23:59 Hrs,258.5,177041,249.75,137503,2,3.5,5,7,Normal
INDUS,Sukkar,26-Jul-24,23:59 Hrs,199.9,130380,193.4,77550,2,3.5,5,7,Normal
INDUS,Kotri,26-Jul-24,23:59 Hrs,69.9,71741,48.4,30076,2.5,4,5,6.5,Normal
JHELUM,Kotli,26-Jul-24,23:59 Hrs,-,-,7.6,2800,-,-,-,-,-
JHELUM,Rasul,26-Jul-24,23:59 Hrs,719,8390,691.5,Nill,0.75,1.1,1.5,2.25,Normal
CHENAB,Marala,26-Jul-24,23:59 Hrs,812,71330,798.3,43630,1,1.5,2,4,Normal
CHENAB,Khanki,26-Jul-24,23:59 Hrs,733,46156,723.6,38256,1,1.5,2,4,Normal
CHENAB,Qadirabad,26-Jul-24,23:59 Hrs,700,49839,686.6,30314,1,1.5,2,4,Normal
CHENAB,Trimmu,26-Jul-24,23:59 Hrs,490.5,31805,480.8,14855,1.5,2,3,4.5,Normal
CHENAB,Punjnad,26-Jul-24,23:59 Hrs,337.8,13880,322.5,Nill,1.5,2,3,4.5,Normal
RAVI,Jassar,26-Jul-24,23:59 Hrs,-,-,778,6353,0.5,0.75,1,1.5,Normal
RAVI,Shahdara,26-Jul-24,23:59 Hrs,-,-,674,17800,0.4,0.65,0.9,1.35,Normal
RAVI,Balloki,26-Jul-24,23:59 Hrs,633.5,44220,620.6,15120,0.4,0.65,0.9,1.35,Normal
RAVI,Sidhnai,26-Jul-24,23:59 Hrs,467,21422,455.4,5622,0.3,0.45,0.6,0.9,Normal
SUTLEJ,Bhakara**,26-Jul-24,23:59 Hrs,-,-,-,-,-,-,-,-,-
SUTLEJ,Sulemanki,26-Jul-24,23:59 Hrs,569,17136,559,3916,0.5,0.8,1.2,1.75,Normal
SUTLEJ,Islam,26-Jul-24,23:59 Hrs,455,2926,436.5,826,0.5,0.8,1.2,1.75,Normal
INDUS,khairabad,27-Jul-24,06:00 Hrs,-,-,22,255400,2.25,3.75,5,6.5,Low
INDUS,Kalabagh,27-Jul-24,06:00 Hrs,693.5,236852,680.6,238868,2.5,3.75,5,6.5,Normal
INDUS,Chashma,27-Jul-24,06:00 Hrs,642.8,250886,615.1,234386,2.5,3.75,5,6.5,Normal
INDUS,Taunsa,27-Jul-24,06:00 Hrs,446.7,222665,430.5,196613,2.5,3.75,5,6.5,Normal
INDUS,Guddu,27-Jul-24,06:00 Hrs,258.4,182707,249.85,143157,2,3.5,5,7,Normal
INDUS,Sukkar,27-Jul-24,06:00 Hrs,199.7,125245,192.9,73815,2,3.5,5,7,Normal
INDUS,Kotri,27-Jul-24,06:00 Hrs,69.9,73315,48.6,31930,2.5,4,5,6.5,Normal
JHELUM,Kotli,27-Jul-24,06:00 Hrs,-,-,7.6,2800,-,-,-,-,-
JHELUM,Rasul,27-Jul-24,06:00 Hrs,719,8390,691.5,Nill,0.75,1.1,1.5,2.25,Normal
CHENAB,Marala,27-Jul-24,06:00 Hrs,812,71030,798.3,43630,1,1.5,2,4,Normal
CHENAB,Khanki,27-Jul-24,06:00 Hrs,733,46156,723.6,38256,1,1.5,2,4,Normal
CHENAB,Qadirabad,27-Jul-24,06:00 Hrs,700,42141,686.2,22616,1,1.5,2,4,Normal
CHENAB,Trimmu,27-Jul-24,06:00 Hrs,490.5,34216,481.4,17266,1.5,2,3,4.5,Normal
CHENAB,Punjnad,27-Jul-24,06:00 Hrs,337.8,13880,322.5,Nill,1.5,2,3,4.5,Normal
RAVI,Jassar,27-Jul-24,06:00 Hrs,-,-,778,6353,0.5,0.75,1,1.5,Normal
RAVI,Shahdara,27-Jul-24,06:00 Hrs,-,-,674,17800,0.4,0.65,0.9,1.35,Normal
RAVI,Balloki,27-Jul-24,06:00 Hrs,633.5,44220,620.6,15120,0.4,0.65,0.9,1.35,Normal
RAVI,Sidhnai,27-Jul-24,06:00 Hrs,467,21422,455.6,5622,0.3,0.45,0.6,0.9,Normal
SUTLEJ,Bhakara**,27-Jul-24,06:00 Hrs,-,-,-,-,-,-,-,-,-
SUTLEJ,Sulemanki,27-Jul-24,06:00 Hrs,569,17288,559.2,4038,0.5,0.8,1.2,1.75,Normal
SUTLEJ,Islam,27-Jul-24,06:00 Hrs,435.6,2926,436.5,826,0.5,0.8,1.2,1.75,Normal
INDUS,khairabad,27-Jul-24,12:00 Hrs,-,-,22.5,267900,2.25,3.75,5,6.5,Low
INDUS,Kalabagh,27-Jul-24,12:00 Hrs,693.5,228970,680.5,220986,2.5,3.75,5,6.5,Normal
INDUS,Chashma,27-Jul-24,12:00 Hrs,643,252692,615.2,235036,2.5,3.75,5,6.5,Normal
INDUS,Taunsa,27-Jul-24,12:00 Hrs,446.7,222665,430.5,196613,2.5,3.75,5,6.5,Normal
INDUS,Guddu,27-Jul-24,12:00 Hrs,258.4,182506,249.85,143157,2,3.5,5,7,Normal
INDUS,Sukkar,27-Jul-24,12:00 Hrs,199.7,125245,192.9,73815,2,3.5,5,7,Normal
INDUS,Kotri,27-Jul-24,12:00 Hrs,69.9,73315,48.6,31930,2.5,4,5,6.5,Normal
JHELUM,Kotli,27-Jul-24,12:00 Hrs,-,-,7.7,3010,-,-,-,-,-
JHELUM,Rasul,27-Jul-24,12:00 Hrs,719,7089,691.5,Nill,0.75,1.1,1.5,2.25,Normal
CHENAB,Marala,27-Jul-24,12:00 Hrs,812,60174,797.5,32924,1,1.5,2,4,Normal
CHENAB,Khanki,27-Jul-24,12:00 Hrs,733,53909,724.3,46009,1,1.5,2,4,Normal
CHENAB,Qadirabad,27-Jul-24,12:00 Hrs,700,42141,686.2,22616,1,1.5,2,4,Normal
CHENAB,Trimmu,27-Jul-24,12:00 Hrs,490.5,34216,481.4,17266,1.5,2,3,4.5,Normal
CHENAB,Punjnad,27-Jul-24,12:00 Hrs,337.8,13880,322.5,Nill,1.5,2,3,4.5,Normal
RAVI,Jassar,27-Jul-24,12:00 Hrs,-,-,777.5,5507,0.5,0.75,1,1.5,Normal
RAVI,Shahdara,27-Jul-24,12:00 Hrs,-,-,674,17800,0.4,0.65,0.9,1.35,Normal
RAVI,Balloki,27-Jul-24,12:00 Hrs,633.5,41910,620.2,12810,0.4,0.65,0.9,1.35,Normal
RAVI,Sidhnai,27-Jul-24,12:00 Hrs,467,22666,456,6866,0.3,0.45,0.6,0.9,Normal
SUTLEJ,Bhakara**,27-Jul-24,12:00 Hrs,-,-,-,-,-,-,-,-,-
SUTLEJ,Sulemanki,27-Jul-24,12:00 Hrs,569,17288,559.2,4068,0.5,0.8,1.2,1.75,Normal
SUTLEJ,Islam,27-Jul-24,12:00 Hrs,455,2926,436.5,826,0.5,0.8,1.2,1.75,Normal
INDUS,khairabad,27-Jul-24,18:00 Hrs,-,-,17.6,208600,2.25,3.75,5,6.5,Normal
INDUS,Kalabagh,27-Jul-24,18:00 Hrs,693.5,246754,680.8,238770,2.5,3.75,5,6.5,Normal
INDUS,Chashma,27-Jul-24,18:00 Hrs,643.1,251543,615.2,235043,2.5,3.75,5,6.5,Normal
INDUS,Taunsa,27-Jul-24,18:00 Hrs,446.7,222665,430.5,196613,2.5,3.75,5,6.5,Normal
INDUS,Guddu,27-Jul-24,18:00 Hrs,258.3,181637,249.85,142745,2,3.5,5,7,Normal
INDUS,Sukkar,27-Jul-24,18:00 Hrs,199.7,125245,192.9,73815,2,3.5,5,7,Normal
INDUS,Kotri,27-Jul-24,18:00 Hrs,69.9,73315,48.6,31930,2.5,4,5,6.5,Normal
JHELUM,Kotli,27-Jul-24,18:00 Hrs,-,-,7.8,3220,-,-,-,-,-
JHELUM,Rasul,27-Jul-24,18:00 Hrs,719,7089,691.5,-,0.75,1.1,1.5,2.25,Normal
CHENAB,Marala,27-Jul-24,18:00 Hrs,812,65527,797.9,38277,1,1.5,2,4,Normal
CHENAB,Khanki,27-Jul-24,18:00 Hrs,733,53909,724.3,46009,1,1.5,2,4,Normal
CHENAB,Qadirabad,27-Jul-24,18:00 Hrs,700,49839,686.6,30314,1,1.5,2,4,Normal
CHENAB,Trimmu,27-Jul-24,18:00 Hrs,490.5,35565,481.5,19080,1.5,2,3,4.5,Normal
CHENAB,Punjnad,27-Jul-24,18:00 Hrs,337.6,13430,322.5,-,1.5,2,3,4.5,Normal
RAVI,Jassar,27-Jul-24,18:00 Hrs,-,-,777,4660,0.5,0.75,1,1.5,Normal
RAVI,Shahdara,27-Jul-24,18:00 Hrs,-,-,674,17800,0.4,0.65,0.9,1.35,Normal
RAVI,Balloki,27-Jul-24,18:00 Hrs,633.5,41860,620.2,12810,0.4,0.65,0.9,1.35,Normal
RAVI,Sidhnai,27-Jul-24,18:00 Hrs,467,21931,457.1,9131,0.3,0.45,0.6,0.9,Normal
SUTLEJ,Bhakara**,27-Jul-24,18:00 Hrs,,-,-,-,-,-,-,-,-
SUTLEJ,Sulemanki,27-Jul-24,18:00 Hrs,569,17358,559.2,4068,0.5,0.8,1.2,1.75,Normal
SUTLEJ,Islam,27-Jul-24,18:00 Hrs,455,3126,436.5,826,0.5,0.8,1.2,1.75,Normal
INDUS,khairabad,27-Jul-24,23:59 Hrs,-,-,16.6,197100,2.25,3.75,5,6.5,Normal
INDUS,Kalabagh,27-Jul-24,23:59 Hrs,693.5,254179,681,246195,2.5,3.75,5,6.5,Normal
INDUS,Chashma,27-Jul-24,23:59 Hrs,643,251463,615.2,234963,2.5,3.75,5,6.5,Normal
INDUS,Taunsa,27-Jul-24,23:59 Hrs,446.7,222665,430.5,196613,2.5,3.75,5,6.5,Normal
INDUS,Guddu,27-Jul-24,23:59 Hrs,258.3,181637,249.85,142745,2,3.5,5,7,Normal
INDUS,Sukkar,27-Jul-24,23:59 Hrs,199.7,125245,192.9,73815,2,3.5,5,7,Normal
INDUS,Kotri,27-Jul-24,23:59 Hrs,69.9,73315,48.6,31390,2.5,4,5,6.5,Normal
JHELUM,Kotli,27-Jul-24,23:59 Hrs,-,-,7.7,3010,-,-,-,-,-
JHELUM,Rasul,27-Jul-24,23:59 Hrs,719,8737,691.5,-,0.75,1.1,1.5,2.25,Normal
CHENAB,Marala,27-Jul-24,23:59 Hrs,812,70880,798.3,43630,1,1.5,2,4,Normal
CHENAB,Khanki,27-Jul-24,23:59 Hrs,733,53909,724.3,46009,1,1.5,2,4,Normal
CHENAB,Qadirabad,27-Jul-24,23:59 Hrs,700,49839,686.6,30314,1,1.5,2,4,Normal
CHENAB,Trimmu,27-Jul-24,23:59 Hrs,490.5,34730,481.5,19080,1.5,2,3,4.5,Normal
CHENAB,Punjnad,27-Jul-24,23:59 Hrs,337.6,13430,322.5,-,1.5,2,3,4.5,Normal
RAVI,Jassar,27-Jul-24,23:59 Hrs,-,-,777,4660,0.5,0.75,1,1.5,Normal
RAVI,Shahdara,27-Jul-24,23:59 Hrs,-,-,674,17800,0.4,0.65,0.9,1.35,Normal
RAVI,Balloki,27-Jul-24,23:59 Hrs,633.5,41860,620.2,12810,0.4,0.65,0.9,1.35,Normal
RAVI,Sidhnai,27-Jul-24,23:59 Hrs,467,26094,457.5,10394,0.3,0.45,0.6,0.9,Normal
SUTLEJ,Bhakara**,27-Jul-24,23:59 Hrs,,-,-,-,-,-,-,-,-
SUTLEJ,Sulemanki,27-Jul-24,23:59 Hrs,569,17358,559.2,4068,0.5,0.8,1.2,1.75,Normal
SUTLEJ,Islam,27-Jul-24,23:59 Hrs,455,3126,436.5,826,0.5,0.8,1.2,1.75,Normal
INDUS,khairabad,28-Jul-24,06:00 Hrs,-,-,21,249200,2.25,3.75,5,6.5,Low
INDUS,Kalabagh,28-Jul-24,06:00 Hrs,693.5,228166,680.5,220182,2.5,3.75,5,6.5,Normal
INDUS,Chashma,28-Jul-24,06:00 Hrs,643,251547,615.2,235047,2.5,3.75,5,6.5,Normal
INDUS,Taunsa,28-Jul-24,06:00 Hrs,446.7,222665,430.5,196613,2.5,3.75,5,6.5,Normal
INDUS,Guddu,28-Jul-24,06:00 Hrs,258.5,182930,249.85,143977,2,3.5,5,7,Normal
INDUS,Sukkar,28-Jul-24,06:00 Hrs,199.9,124920,193,73900,2,3.5,5,7,Normal
INDUS,Kotri,28-Jul-24,06:00 Hrs,69.9,77025,49.1,35500,2.5,4,5,6.5,Normal
JHELUM,Kotli,28-Jul-24,06:00 Hrs,-,-,7.6,2800,-,-,-,-,-
JHELUM,Rasul,28-Jul-24,06:00 Hrs,719,9335,691.5,-,0.75,1.1,1.5,2.25,Normal
CHENAB,Marala,28-Jul-24,06:00 Hrs,812,70880,798.3,43630,1,1.5,2,4,Normal
CHENAB,Khanki,28-Jul-24,06:00 Hrs,733,48112,723.8,40212,1,1.5,2,4,Normal
CHENAB,Qadirabad,28-Jul-24,06:00 Hrs,700,49839,686.6,30314,1,1.5,2,4,Normal
CHENAB,Trimmu,28-Jul-24,06:00 Hrs,490.5,34730,481.5,19080,1.5,2,3,4.5,Normal
CHENAB,Punjnad,28-Jul-24,06:00 Hrs,337.5,13100,322.5,-,1.5,2,3,4.5,Normal
RAVI,Jassar,28-Jul-24,06:00 Hrs,-,-,777,4660,0.5,0.75,1,1.5,Normal
RAVI,Shahdara,28-Jul-24,06:00 Hrs,-,-,673.3,14945,0.4,0.65,0.9,1.35,Normal
RAVI,Balloki,28-Jul-24,06:00 Hrs,633.5,41860,620.2,12810,0.4,0.65,0.9,1.35,Normal
RAVI,Sidhnai,28-Jul-24,06:00 Hrs,467,26094,457.5,10394,0.3,0.45,0.6,0.9,Normal
SUTLEJ,Bhakara**,28-Jul-24,06:00 Hrs,,-,-,-,-,-,-,-,-
SUTLEJ,Sulemanki,28-Jul-24,06:00 Hrs,569,17358,559.2,4068,0.5,0.8,1.2,1.75,Normal
SUTLEJ,Islam,28-Jul-24,06:00 Hrs,455,3126,436.5,826,0.5,0.8,1.2,1.75,Normal
INDUS,khairabad,28-Jul-24,12:00 Hrs,-,-,22.8,271700,2.25,3.75,5,6.5,Low
INDUS,Kalabagh,28-Jul-24,12:00 Hrs,693.5,228166,680.5,220182,2.5,3.75,5,6.5,Normal
INDUS,Chashma,28-Jul-24,12:00 Hrs,643.1,251493,615.2,234993,2.5,3.75,5,6.5,Normal
INDUS,Taunsa,28-Jul-24,12:00 Hrs,446.7,222665,430.5,196613,2.5,3.75,5,6.5,Normal
INDUS,Guddu,28-Jul-24,12:00 Hrs,258.5,181828,249.85,143977,2,3.5,5,7,Normal
INDUS,Sukkar,28-Jul-24,12:00 Hrs,199.9,124920,193,73900,2,3.5,5,7,Normal
INDUS,Kotri,28-Jul-24,12:00 Hrs,69.9,77150,49.6,37025,2.5,4,5,6.5,Normal
JHELUM,Kotli,28-Jul-24,12:00 Hrs,-,-,7.8,3220,-,-,-,-,-
JHELUM,Rasul,28-Jul-24,12:00 Hrs,719,9957,691.5,-,0.75,1.1,1.5,2.25,Normal
CHENAB,Marala,28-Jul-24,12:00 Hrs,812,76233,798.6,48983,1,1.5,2,4,Normal
CHENAB,Khanki,28-Jul-24,12:00 Hrs,733,55369,724.6,47469,1,1.5,2,4,Normal
CHENAB,Qadirabad,28-Jul-24,12:00 Hrs,700,45966,686.4,26441,1,1.5,2,4,Normal
CHENAB,Trimmu,28-Jul-24,12:00 Hrs,490.5,34730,481.5,19080,1.5,2,3,4.5,Normal
CHENAB,Punjnad,28-Jul-24,12:00 Hrs,337.5,12621,322.5,-,1.5,2,3,4.5,Normal
RAVI,Jassar,28-Jul-24,12:00 Hrs,-,-,776.5,3395,0.5,0.75,1,1.5,Normal
RAVI,Shahdara,28-Jul-24,12:00 Hrs,-,-,673.3,14945,0.4,0.65,0.9,1.35,Normal
RAVI,Balloki,28-Jul-24,12:00 Hrs,633.5,41860,620.2,12810,0.4,0.65,0.9,1.35,Normal
RAVI,Sidhnai,28-Jul-24,12:00 Hrs,467,22566,457.1,6866,0.3,0.45,0.6,0.9,Normal
SUTLEJ,Bhakara**,28-Jul-24,12:00 Hrs,,-,-,-,-,-,-,-,-
SUTLEJ,Sulemanki,28-Jul-24,12:00 Hrs,569,17358,559.2,4068,0.5,0.8,1.2,1.75,Normal
SUTLEJ,Islam,28-Jul-24,12:00 Hrs,455,3126,436.5,826,0.5,0.8,1.2,1.75,Normal
INDUS,khairabad,28-Jul-24,18:00 Hrs,-,-,16.5,196000,2.25,3.75,5,6.5,Normal
INDUS,Kalabagh,28-Jul-24,18:00 Hrs,693.5,250757,681,242773,2.5,3.75,5,6.5,Normal
INDUS,Chashma,28-Jul-24,18:00 Hrs,643,251442,615.2,234942,2.5,3.75,5,6.5,Normal
INDUS,Taunsa,28-Jul-24,18:00 Hrs,446.7,222665,430.5,196613,2.5,3.75,5,6.5,Normal
INDUS,Guddu,28-Jul-24,18:00 Hrs,258.3,181363,249.85,144269,2,3.5,5,7,Normal
INDUS,Sukkar,28-Jul-24,18:00 Hrs,199.9,124920,193,73900,2,3.5,5,7,Normal
INDUS,Kotri,28-Jul-24,18:00 Hrs,69.9,77150,49.6,37025,2.5,4,5,6.5,Normal
JHELUM,Kotli,28-Jul-24,18:00 Hrs,-,-,7.8,3220,-,-,-,-,-
JHELUM,Rasul,28-Jul-24,18:00 Hrs,719,12380,691.5,-,0.75,1.1,1.5,2.25,Normal
CHENAB,Marala,28-Jul-24,18:00 Hrs,812,86839,799.4,59689,1,1.5,2,4,Normal
CHENAB,Khanki,28-Jul-24,18:00 Hrs,733,55369,724.6,47469,1,1.5,2,4,Normal
CHENAB,Qadirabad,28-Jul-24,18:00 Hrs,700,49839,686.6,30314,1,1.5,2,4,Normal
CHENAB,Trimmu,28-Jul-24,18:00 Hrs,490.5,31165,481.2,15515,1.5,2,3,4.5,Normal
CHENAB,Punjnad,28-Jul-24,18:00 Hrs,337.5,12621,322.5,-,1.5,2,3,4.5,Normal
RAVI,Jassar,28-Jul-24,18:00 Hrs,-,-,776.5,3395,0.5,0.75,1,1.5,Normal
RAVI,Shahdara,28-Jul-24,18:00 Hrs,-,-,673.3,14945,0.4,0.65,0.9,1.35,Normal
RAVI,Balloki,28-Jul-24,18:00 Hrs,633.5,41260,620.1,12210,0.4,0.65,0.9,1.35,Normal
RAVI,Sidhnai,28-Jul-24,18:00 Hrs,467,24631,457.5,9131,0.3,0.45,0.6,0.9,Normal
SUTLEJ,Bhakara**,28-Jul-24,18:00 Hrs,,-,-,-,-,-,-,-,-
SUTLEJ,Sulemanki,28-Jul-24,18:00 Hrs,569,17358,559.2,4068,0.5,0.8,1.2,1.75,Normal
SUTLEJ,Islam,28-Jul-24,18:00 Hrs,455,3126,436.5,826,0.5,0.8,1.2,1.75,Normal
INDUS,khairabad,28-Jul-24,23:59 Hrs,-,-,16.8,199400,2.25,3.75,5,6.5,Normal
INDUS,Kalabagh,28-Jul-24,23:59 Hrs,693.5,250773,681,242773,2.5,3.75,5,6.5,Normal
INDUS,Chashma,28-Jul-24,23:59 Hrs,643.2,251659,615.2,235059,2.5,3.75,5,6.5,Normal
INDUS,Taunsa,28-Jul-24,23:59 Hrs,446.7,222665,430.5,196613,2.5,3.75,5,6.5,Normal
INDUS,Guddu,28-Jul-24,23:59 Hrs,258.3,181363,249.85,144269,2,3.5,5,7,Normal
INDUS,Sukkar,28-Jul-24,23:59 Hrs,199.9,124920,193,73900,2,3.5,5,7,Normal
INDUS,Kotri,28-Jul-24,23:59 Hrs,69.9,77150,49.6,37025,2.5,4,5,6.5,Normal
JHELUM,Kotli,28-Jul-24,23:59 Hrs,-,-,7.8,3220,-,-,-,-,-
JHELUM,Rasul,28-Jul-24,23:59 Hrs,719,12811,691.5,-,0.75,1.1,1.5,2.25,Normal
CHENAB,Marala,28-Jul-24,23:59 Hrs,812,86839,799.4,59689,1,1.5,2,4,Normal
CHENAB,Khanki,28-Jul-24,23:59 Hrs,733,62000,725.3,54100,1,1.5,2,4,Normal
CHENAB,Qadirabad,28-Jul-24,23:59 Hrs,700,54790,687.1,35265,1,1.5,2,4,Normal
CHENAB,Trimmu,28-Jul-24,23:59 Hrs,490.5,31165,481.2,15515,1.5,2,3,4.5,Normal
CHENAB,Punjnad,28-Jul-24,23:59 Hrs,337.5,11950,322.5,-,1.5,2,3,4.5,Normal
RAVI,Jassar,28-Jul-24,23:59 Hrs,-,-,777.1,4829,0.5,0.75,1,1.5,Normal
RAVI,Shahdara,28-Jul-24,23:59 Hrs,-,-,673.3,14945,0.4,0.65,0.9,1.35,Normal
RAVI,Balloki,28-Jul-24,23:59 Hrs,633.5,41260,620.1,12210,0.4,0.65,0.9,1.35,Normal
RAVI,Sidhnai,28-Jul-24,23:59 Hrs,467,24631,457.5,9131,0.3,0.45,0.6,0.9,Normal
SUTLEJ,Bhakara**,28-Jul-24,23:59 Hrs,,-,-,-,-,-,-,-,-
SUTLEJ,Sulemanki,28-Jul-24,23:59 Hrs,569,17358,559.2,4068,0.5,0.8,1.2,1.75,Normal
SUTLEJ,Islam,28-Jul-24,23:59 Hrs,455,3126,436.5,826,0.5,0.8,1.2,1.75,Normal
INDUS,khairabad,29-Jul-24,06:00 Hrs,-,-,23.1,275500,2.25,3.75,5,6.5,Low
INDUS,Kalabagh,29-Jul-24,06:00 Hrs,693.5,228267,680.5,220267,2.5,3.75,5,6.5,Normal
INDUS,Chashma,29-Jul-24,06:00 Hrs,643.4,251599,615.2,234999,2.5,3.75,5,6.5,Normal
INDUS,Taunsa,29-Jul-24,06:00 Hrs,447.7,222665,430.5,196613,2.5,3.75,5,6.5,Normal
INDUS,Guddu,29-Jul-24,06:00 Hrs,258.4,179365,249.85,143977,2,3.5,5,7,Normal
INDUS,Sukkar,29-Jul-24,06:00 Hrs,199.9,124005,193,74425,2,3.5,5,7,Normal
INDUS,Kotri,29-Jul-24,06:00 Hrs,69.9,78815,49.9,39290,2.5,4,5,6.5,Normal
JHELUM,Kotli,29-Jul-24,06:00 Hrs,-,-,7.7,3010,-,-,-,-,-
JHELUM,Rasul,29-Jul-24,06:00 Hrs,719,13398,691.5,-,0.75,1.1,1.5,2.25,Normal
CHENAB,Marala,29-Jul-24,06:00 Hrs,812,76138,798.6,48983,1,1.5,2,4,Normal
CHENAB,Khanki,29-Jul-24,06:00 Hrs,733,62000,725.3,54100,1,1.5,2,4,Normal
CHENAB,Qadirabad,29-Jul-24,06:00 Hrs,700,58372,687.9,38847,1,1.5,2,4,Normal
CHENAB,Trimmu,29-Jul-24,06:00 Hrs,490.5,28524,480.8,12874,1.5,2,3,4.5,Normal
CHENAB,Punjnad,29-Jul-24,06:00 Hrs,337.5,11323,322.5,-,1.5,2,3,4.5,Normal
RAVI,Jassar,29-Jul-24,06:00 Hrs,-,-,777.1,4829,0.5,0.75,1,1.5,Normal
RAVI,Shahdara,29-Jul-24,06:00 Hrs,-,-,673.2,14537,0.4,0.65,0.9,1.35,Normal
RAVI,Balloki,29-Jul-24,06:00 Hrs,633.5,40105,619.9,11055,0.4,0.65,0.9,1.35,Normal
RAVI,Sidhnai,29-Jul-24,06:00 Hrs,467,23649,457.2,8149,0.3,0.45,0.6,0.9,Normal
SUTLEJ,Bhakara**,29-Jul-24,06:00 Hrs,,-,-,-,-,-,-,-,-
SUTLEJ,Sulemanki,29-Jul-24,06:00 Hrs,569,17337,559.3,4148,0.5,0.8,1.2,1.75,Normal
SUTLEJ,Islam,29-Jul-24,06:00 Hrs,455,3126,436.5,826,0.5,0.8,1.2,1.75,Normal
INDUS,khairabad,29-Jul-24,12:00 Hrs,-,-,25.6,307800,2.25,3.75,5,6.5,Low
INDUS,Kalabagh,29-Jul-24,12:00 Hrs,693.5,237068,680.7,229068,2.5,3.75,5,6.5,Normal
INDUS,Chashma,29-Jul-24,12:00 Hrs,643.5,251548,615.2,234998,2.5,3.75,5,6.5,Normal
INDUS,Taunsa,29-Jul-24,12:00 Hrs,440.7,222665,430.5,196613,2.5,3.75,5,6.5,Normal
INDUS,Guddu,29-Jul-24,12:00 Hrs,258.4,179365,249.85,143977,2,3.5,5,7,Normal
INDUS,Sukkar,29-Jul-24,12:00 Hrs,199.9,124005,193,74425,2,3.5,5,7,Normal
INDUS,Kotri,29-Jul-24,12:00 Hrs,69.9,79104,50.3,40980,2.5,4,5,6.5,Normal
JHELUM,Kotli,29-Jul-24,12:00 Hrs,-,-,7.9,3440,-,-,-,-,-
JHELUM,Rasul,29-Jul-24,12:00 Hrs,719,12096,691.5,-,0.75,1.1,1.5,2.25,Normal
CHENAB,Marala,29-Jul-24,12:00 Hrs,812,79907,798.9,52757,1,1.5,2,4,Normal
CHENAB,Khanki,29-Jul-24,12:00 Hrs,733,65676,726,57776,1,1.5,2,4,Normal
CHENAB,Qadirabad,29-Jul-24,12:00 Hrs,700,65716,688.5,46191,1,1.5,2,4,Normal
CHENAB,Trimmu,29-Jul-24,12:00 Hrs,490.5,26766,480.4,11116,1.5,2,3,4.5,Normal
CHENAB,Punjnad,29-Jul-24,12:00 Hrs,337.5,11745,322.5,-,1.5,2,3,4.5,Normal
RAVI,Jassar,29-Jul-24,12:00 Hrs,-,-,780.6,15048,0.5,0.75,1,1.5,Normal
RAVI,Shahdara,29-Jul-24,12:00 Hrs,-,-,673.2,14537,0.4,0.65,0.9,1.35,Normal
RAVI,Balloki,29-Jul-24,12:00 Hrs,633.5,40105,619.9,11055,0.4,0.65,0.9,1.35,Normal
RAVI,Sidhnai,29-Jul-24,12:00 Hrs,467,23649,457.2,8149,0.3,0.45,0.6,0.9,Normal
SUTLEJ,Bhakara**,29-Jul-24,12:00 Hrs,-,-,-,-,-,-,-,-,-
SUTLEJ,Sulemanki,29-Jul-24,12:00 Hrs,569,17337,559.3,4148,0.5,0.8,1.2,1.75,Normal
SUTLEJ,Islam,29-Jul-24,12:00 Hrs,455,3126,436.5,826,0.5,0.8,1.2,1.75,Normal
INDUS,khairabad,29-Jul-24,18:00 Hrs,-,-,17.2,204000,2.25,3.75,5,6.5,Normal
INDUS,Kalabagh,29-Jul-24,18:00 Hrs,693.5,246257,681,238257,2.5,3.75,5,6.5,Normal
INDUS,Chashma,29-Jul-24,18:00 Hrs,643.5,251356,615.2,235056,2.5,3.75,5,6.5,Normal
INDUS,Taunsa,29-Jul-24,18:00 Hrs,446.7,225965,430.5,199527,2.5,3.75,5,6.5,Normal
INDUS,Guddu,29-Jul-24,18:00 Hrs,258.4,177563,250,146845,2,3.5,5,7,Normal
INDUS,Sukkar,29-Jul-24,18:00 Hrs,199.9,124005,193,74425,2,3.5,5,7,Normal
INDUS,Kotri,29-Jul-24,18:00 Hrs,69.9,79104,50.3,40980,2.5,4,5,6.5,Normal
JHELUM,Kotli,29-Jul-24,18:00 Hrs,-,-,9.3,6910,-,-,-,-,-
JHELUM,Rasul,29-Jul-24,18:00 Hrs,719,9957,691.5,-,0.75,1.1,1.5,2.25,Normal
CHENAB,Marala,29-Jul-24,18:00 Hrs,812,85260,799.3,58110,1,1.5,2,4,Normal
CHENAB,Khanki,29-Jul-24,18:00 Hrs,733,69393,726.3,61493,1,1.5,2,4,Normal
CHENAB,Qadirabad,29-Jul-24,18:00 Hrs,700,75567,689.1,56042,1,1.5,2,4,Normal
CHENAB,Trimmu,29-Jul-24,18:00 Hrs,490.5,27656,480.6,12006,1.5,2,3,4.5,Normal
CHENAB,Punjnad,29-Jul-24,18:00 Hrs,337.5,12345,322.5,-,1.5,2,3,4.5,Normal
RAVI,Jassar,29-Jul-24,18:00 Hrs,-,-,780.6,14223,0.5,0.75,1,1.5,Normal
RAVI,Shahdara,29-Jul-24,18:00 Hrs,-,-,673.2,14537,0.4,0.65,0.9,1.35,Normal
RAVI,Balloki,29-Jul-24,18:00 Hrs,633.5,38450,619.4,9300,0.4,0.65,0.9,1.35,Normal
RAVI,Sidhnai,29-Jul-24,18:00 Hrs,467,22617,456.5,7167,0.3,0.45,0.6,0.9,Normal
SUTLEJ,Bhakara**,29-Jul-24,18:00 Hrs,-,-,-,-,-,-,-,-,-
SUTLEJ,Sulemanki,29-Jul-24,18:00 Hrs,569,17337,559.3,4148,0.5,0.8,1.2,1.75,Normal
SUTLEJ,Islam,29-Jul-24,18:00 Hrs,455,3126,436.5,826,0.5,0.8,1.2,1.75,Normal
INDUS,khairabad,29-Jul-24,23:59 Hrs,-,-,17,201700,2.25,3.75,5,6.5,Normal
INDUS,Kalabagh,29-Jul-24,23:59 Hrs,693.5,257012,681.2,249012,2.5,3.75,5,6.5,Normal
INDUS,Chashma,29-Jul-24,23:59 Hrs,643.6,251284,615.2,234984,2.5,3.75,5,6.5,Normal
INDUS,Taunsa,29-Jul-24,23:59 Hrs,446.7,226965,430.5,199527,2.5,3.75,5,6.5,Normal
INDUS,Guddu,29-Jul-24,23:59 Hrs,258.4,177563,250,146845,2,3.5,5,7,Normal
INDUS,Sukkar,29-Jul-24,23:59 Hrs,199.9,124005,193,74425,2,3.5,5,7,Normal
INDUS,Kotri,29-Jul-24,23:59 Hrs,69.9,79104,50.3,40980,2.5,4,5,6.5,Normal
JHELUM,Kotli,29-Jul-24,23:59 Hrs,-,-,8.7,5330,-,-,-,-,-
JHELUM,Rasul,29-Jul-24,23:59 Hrs,719,15780,694.8,7990,0.75,1.1,1.5,2.25,Normal
CHENAB,Marala,29-Jul-24,23:59 Hrs,812,90613,799.6,63463,1,1.5,2,4,Normal
CHENAB,Khanki,29-Jul-24,23:59 Hrs,733,69393,726.3,61493,1,1.5,2,4,Normal
CHENAB,Qadirabad,29-Jul-24,23:59 Hrs,700,75567,689.1,56042,1,1.5,2,4,Normal
CHENAB,Trimmu,29-Jul-24,23:59 Hrs,490.5,27556,480.6,12006,1.5,2,3,4.5,Normal
CHENAB,Punjnad,29-Jul-24,23:59 Hrs,337.8,13880,322.5,-,1.5,2,3,4.5,Normal
RAVI,Jassar,29-Jul-24,23:59 Hrs,-,-,779.4,10336,0.5,0.75,1,1.5,Normal
RAVI,Shahdara,29-Jul-24,23:59 Hrs,-,-,673.4,15353,0.4,0.65,0.9,1.35,Normal
RAVI,Balloki,29-Jul-24,23:59 Hrs,633.5,38880,619.6,10455,0.4,0.65,0.9,1.35,Normal
RAVI,Sidhnai,29-Jul-24,23:59 Hrs,467,22782,456.8,8182,0.3,0.45,0.6,0.9,Normal
SUTLEJ,Bhakara**,29-Jul-24,23:59 Hrs,-,-,-,-,-,-,-,-,-
SUTLEJ,Sulemanki,29-Jul-24,23:59 Hrs,569,17337,559.3,4148,0.5,0.8,1.2,1.75,Normal
SUTLEJ,Islam,29-Jul-24,23:59 Hrs,455,2926,436.5,826,0.5,0.8,1.2,1.75,Normal
INDUS,khairabad,30-Jul-24,06:00 Hrs,-,-,23,274200,2.25,3.75,5,6.5,Low
INDUS,Kalabagh,30-Jul-24,06:00 Hrs,693.5,263306,681.3,255306,2.5,3.75,5,6.5,Low
INDUS,Chashma,30-Jul-24,06:00 Hrs,644.1,252734,615.2,234965,2.5,3.75,5,6.5,Normal
INDUS,Taunsa,30-Jul-24,06:00 Hrs,446.7,222262,430.5,196257,2.5,3.75,5,6.5,Normal
INDUS,Guddu,30-Jul-24,06:00 Hrs,258.4,176658,250.85,145433,2,3.5,5,7,Normal
INDUS,Sukkar,30-Jul-24,06:00 Hrs,199.9,126005,193.3,76685,2,3.5,5,7,Normal
INDUS,Kotri,30-Jul-24,06:00 Hrs,69.9,75698,50.7,42623,2.5,4,5,6.5,Normal
JHELUM,Kotli,30-Jul-24,06:00 Hrs,-,-,8.6,5070,-,-,-,-,-
JHELUM,Rasul,30-Jul-24,06:00 Hrs,719,7681,694,5341,0.75,1.1,1.5,2.25,Normal
CHENAB,Marala,30-Jul-24,06:00 Hrs,812,79907,798.9,52757,1,1.5,2,4,Normal
CHENAB,Khanki,30-Jul-24,06:00 Hrs,733,64302,726,56402,1,1.5,2,4,Normal
CHENAB,Qadirabad,30-Jul-24,06:00 Hrs,700,68260,688.6,48235,1,1.5,2,4,Normal
CHENAB,Trimmu,30-Jul-24,06:00 Hrs,490.5,29414,480.8,13864,1.5,2,3,4.5,Normal
CHENAB,Punjnad,30-Jul-24,06:00 Hrs,338,13880,322.5,-,1.5,2,3,4.5,Normal
RAVI,Jassar,30-Jul-24,06:00 Hrs,-,-,779.4,10336,0.5,0.75,1,1.5,Normal
RAVI,Shahdara,30-Jul-24,06:00 Hrs,-,-,674.2,18930,0.4,0.65,0.9,1.35,Normal
RAVI,Balloki,30-Jul-24,06:00 Hrs,633.5,38880,619.6,10455,0.4,0.65,0.9,1.35,Normal
RAVI,Sidhnai,30-Jul-24,06:00 Hrs,467,21807,456.5,7207,0.3,0.45,0.6,0.9,Normal
SUTLEJ,Bhakara**,30-Jul-24,06:00 Hrs,-,-,-,-,-,-,-,-,-
SUTLEJ,Sulemanki,30-Jul-24,06:00 Hrs,569,17337,559.3,4148,0.5,0.8,1.2,1.75,Normal
SUTLEJ,Islam,30-Jul-24,06:00 Hrs,455,2926,436.5,826,0.5,0.8,1.2,1.75,Normal
INDUS,khairabad,30-Jul-24,12:00 Hrs,-,-,24,287000,2.25,3.75,5,6.5,Low
INDUS,Kalabagh,30-Jul-24,12:00 Hrs,693.5,239781,680.8,231781,2.5,3.75,5,6.5,Normal
INDUS,Chashma,30-Jul-24,12:00 Hrs,644.6,254325,615.2,235088,2.5,3.75,5,6.5,Normal
INDUS,Taunsa,30-Jul-24,12:00 Hrs,446.7,222262,430.5,196016,2.5,3.75,5,6.5,Normal
INDUS,Guddu,30-Jul-24,12:00 Hrs,258.4,176159,250,145433,2,3.5,5,7,Normal
INDUS,Sukkar,30-Jul-24,12:00 Hrs,199.9,126005,193.3,76685,2,3.5,5,7,Normal
INDUS,Kotri,30-Jul-24,12:00 Hrs,69.9,75698,50.7,42623,2.5,4,5,6.5,Normal
JHELUM,Kotli,30-Jul-24,12:00 Hrs,-,-,8.4,4590,-,-,-,-,-
JHELUM,Rasul,30-Jul-24,12:00 Hrs,719,14235,696,11895,0.75,1.1,1.5,2.25,Normal
CHENAB,Marala,30-Jul-24,12:00 Hrs,812,76133,798.6,48983,1,1.5,2,4,Normal
CHENAB,Khanki,30-Jul-24,12:00 Hrs,733,69354,726.1,61454,1,1.5,2,4,Normal
CHENAB,Qadirabad,30-Jul-24,12:00 Hrs,700,53452,687.3,33927,1,1.5,2,4,Normal
CHENAB,Trimmu,30-Jul-24,12:00 Hrs,490.5,31231,481,15681,1.5,2,3,4.5,Normal
CHENAB,Punjnad,30-Jul-24,12:00 Hrs,338,15940,323,2060,1.5,2,3,4.5,Normal
RAVI,Jassar,30-Jul-24,12:00 Hrs,-,-,777.5,5507,0.5,0.75,1,1.5,Normal
RAVI,Shahdara,30-Jul-24,12:00 Hrs,-,-,674.1,18365,0.4,0.65,0.9,1.35,Normal
RAVI,Balloki,30-Jul-24,12:00 Hrs,633.5,39055,619.69,10455,0.4,0.65,0.9,1.35,Normal
RAVI,Sidhnai,30-Jul-24,12:00 Hrs,467,22973,454.8,9073,0.3,0.45,0.6,0.9,Normal
SUTLEJ,Bhakara**,30-Jul-24,12:00 Hrs,-,-,-,-,-,-,-,-,-
SUTLEJ,Sulemanki,30-Jul-24,12:00 Hrs,569,17337,559.3,4148,0.5,0.8,1.2,1.75,Normal
SUTLEJ,Islam,30-Jul-24,12:00 Hrs,455,2826,436.5,826,0.5,0.8,1.2,1.75,Normal
INDUS,khairabad,30-Jul-24,18:00 Hrs,-,-,16,190300,2.25,3.75,5,6.5,Normal
INDUS,Kalabagh,30-Jul-24,18:00 Hrs,693.5,250762,681,242762,2.5,3.75,5,6.5,Normal
INDUS,Chashma,30-Jul-24,18:00 Hrs,644.8,252734,615.2,234965,2.5,3.75,5,6.5,Normal
INDUS,Taunsa,30-Jul-24,18:00 Hrs,446.7,222262,430.5,195780,2.5,3.75,5,6.5,Normal
INDUS,Guddu,30-Jul-24,18:00 Hrs,258.4,176568,250,145433,2,3.5,5,7,Normal
INDUS,Sukkar,30-Jul-24,18:00 Hrs,199.9,126005,193.3,76685,2,3.5,5,7,Normal
INDUS,Kotri,30-Jul-24,18:00 Hrs,69.9,76275,51,44340,2.5,4,5,6.5,Normal
JHELUM,Kotli,30-Jul-24,18:00 Hrs,-,-,8.2,4110,-,-,-,-,-
JHELUM,Rasul,30-Jul-24,18:00 Hrs,719,7681,694,5341,0.75,1.1,1.5,2.25,Normal
CHENAB,Marala,30-Jul-24,18:00 Hrs,812,81486,798.9,54336,1,1.5,2,4,Normal
CHENAB,Khanki,30-Jul-24,18:00 Hrs,733,70472,726.3,62572,1,1.5,2,4,Normal
CHENAB,Qadirabad,30-Jul-24,18:00 Hrs,700,60867,688.1,41342,1,1.5,2,4,Normal
CHENAB,Trimmu,30-Jul-24,18:00 Hrs,490.5,32722,481.5,17172,1.5,2,3,4.5,Normal
CHENAB,Punjnad,30-Jul-24,18:00 Hrs,338,17959,325.7,4079,1.5,2,3,4.5,Normal
RAVI,Jassar,30-Jul-24,18:00 Hrs,-,-,777.2,4999,0.5,0.75,1,1.5,Normal
RAVI,Shahdara,30-Jul-24,18:00 Hrs,-,-,674.3,19496,0.4,0.65,0.9,1.35,Normal
RAVI,Balloki,30-Jul-24,18:00 Hrs,633.5,39055,619.6,10455,0.4,0.65,0.9,1.35,Normal
RAVI,Sidhnai,30-Jul-24,18:00 Hrs,467,22973,454.8,9073,0.3,0.45,0.6,0.9,Normal
SUTLEJ,Bhakara**,30-Jul-24,18:00 Hrs,-,-,-,-,-,-,-,-,-
SUTLEJ,Sulemanki,30-Jul-24,18:00 Hrs,569,17337,559.3,4148,0.5,0.8,1.2,1.75,Normal
SUTLEJ,Islam,30-Jul-24,18:00 Hrs,455,2826,436.5,826,0.5,0.8,1.2,1.75,Normal
INDUS,khairabad,30-Jul-24,23:59 Hrs,-,-,19.3,228600,2.25,3.75,5,6.5,Low
INDUS,Kalabagh,30-Jul-24,23:59 Hrs,693.5,266894,681.4,258894,2.5,3.75,5,6.5,Low
INDUS,Chashma,30-Jul-24,23:59 Hrs,644.9,251584,615.2,235284,2.5,3.75,5,6.5,Normal
INDUS,Taunsa,30-Jul-24,23:59 Hrs,446.7,222262,430.5,195780,2.5,3.75,5,6.5,Normal
INDUS,Guddu,30-Jul-24,23:59 Hrs,258.4,176568,250,145433,2,3.5,5,7,Normal
INDUS,Sukkar,30-Jul-24,23:59 Hrs,199.9,126005,193.3,76685,2,3.5,5,7,Normal
INDUS,Kotri,30-Jul-24,23:59 Hrs,69.9,76275,51,44340,2.5,4,5,6.5,Normal
JHELUM,Kotli,30-Jul-24,23:59 Hrs,-,-,8.1,3880,-,-,-,-,-
JHELUM,Rasul,30-Jul-24,23:59 Hrs,719,2340,691.5,-,0.75,1.1,1.5,2.25,Normal
CHENAB,Marala,30-Jul-24,23:59 Hrs,812,81586,798.9,54336,1,1.5,2,4,Normal
CHENAB,Khanki,30-Jul-24,23:59 Hrs,733,64396,725.8,56496,1,1.5,2,4,Normal
CHENAB,Qadirabad,30-Jul-24,23:59 Hrs,700,60867,688.1,41342,1,1.5,2,4,Normal
CHENAB,Trimmu,30-Jul-24,23:59 Hrs,490.5,32722,481.5,17172,1.5,2,3,4.5,Normal
CHENAB,Punjnad,30-Jul-24,23:59 Hrs,338,17959,325.7,4079,1.5,2,3,4.5,Normal
RAVI,Jassar,30-Jul-24,23:59 Hrs,-,-,777.2,4999,0.5,0.75,1,1.5,Normal
RAVI,Shahdara,30-Jul-24,23:59 Hrs,-,-,674,17800,0.4,0.65,0.9,1.35,Normal
RAVI,Balloki,30-Jul-24,23:59 Hrs,633.5,39355,619.6,10455,0.4,0.65,0.9,1.35,Normal
RAVI,Sidhnai,30-Jul-24,23:59 Hrs,467,23023,456.8,9073,0.3,0.45,0.6,0.9,Normal
SUTLEJ,Bhakara**,30-Jul-24,23:59 Hrs,-,-,-,-,-,-,-,-,-
SUTLEJ,Sulemanki,30-Jul-24,23:59 Hrs,569,17337,559.3,4148,0.5,0.8,1.2,1.75,Normal
SUTLEJ,Islam,30-Jul-24,23:59 Hrs,455,2826,436.5,826,0.5,0.8,1.2,1.75,Normal
INDUS,khairabad,31-Jul-24,06:00 Hrs,-,-,23.4,279300,2.25,3.75,5,6.5,Low
INDUS,Kalabagh,31-Jul-24,06:00 Hrs,693.5,263390,681.3,255390,2.5,3.75,5,6.5,Low
INDUS,Chashma,31-Jul-24,06:00 Hrs,644.9,251242,615.2,234941,2.5,3.75,5,6.5,Normal
INDUS,Taunsa,31-Jul-24,06:00 Hrs,446.7,221517,430.5,194765,2.5,3.75,5,6.5,Normal
INDUS,Guddu,31-Jul-24,06:00 Hrs,258.3,176186,250,145551,2,3.5,5,7,Normal
INDUS,Sukkar,31-Jul-24,06:00 Hrs,199.9,128008,193.6,79908,2,3.5,5,7,Normal
INDUS,Kotri,31-Jul-24,06:00 Hrs,69.9,76178,50.8,42513,2.5,4,5,6.5,Normal
JHELUM,Kotli,31-Jul-24,06:00 Hrs,-,-,8,3660,-,-,-,-,-
JHELUM,Rasul,31-Jul-24,06:00 Hrs,719,7681,694,5341,0.75,1.1,1.5,2.25,Normal
CHENAB,Marala,31-Jul-24,06:00 Hrs,812,76233,798.6,48983,1,1.5,2,4,Normal
CHENAB,Khanki,31-Jul-24,06:00 Hrs,733,64396,725.8,56496,1,1.5,2,4,Normal
CHENAB,Qadirabad,31-Jul-24,06:00 Hrs,700,60867,688.1,41342,1,1.5,2,4,Normal
CHENAB,Trimmu,31-Jul-24,06:00 Hrs,490.5,33574,481.6,18024,1.5,2,3,4.5,Normal
CHENAB,Punjnad,31-Jul-24,06:00 Hrs,338,21013,326.3,7133,1.5,2,3,4.5,Normal
RAVI,Jassar,31-Jul-24,06:00 Hrs,-,-,777.2,4999,0.5,0.75,1,1.5,Normal
RAVI,Shahdara,31-Jul-24,06:00 Hrs,-,-,673.4,15353,0.4,0.65,0.9,1.35,Normal
RAVI,Balloki,31-Jul-24,06:00 Hrs,633.5,41665,620.1,12765,0.4,0.65,0.9,1.35,Normal
RAVI,Sidhnai,31-Jul-24,06:00 Hrs,467,23023,456.8,9073,0.3,0.45,0.6,0.9,Normal
SUTLEJ,Bhakara**,31-Jul-24,06:00 Hrs,-,-,-,-,-,-,-,-,-
SUTLEJ,Sulemanki,31-Jul-24,06:00 Hrs,569,17337,559.3,4148,0.5,0.8,1.2,1.75,Normal
SUTLEJ,Islam,31-Jul-24,06:00 Hrs,455,3277,437.6,1277,0.5,0.8,1.2,1.75,Normal
INDUS,khairabad,31-Jul-24,12:00 Hrs,-,-,24.2,289600,2.25,3.75,5,6.5,Low
INDUS,Kalabagh,31-Jul-24,12:00 Hrs,693.5,263390,681.3,255390,2.5,3.75,5,6.5,Low
INDUS,Chashma,31-Jul-24,12:00 Hrs,645.3,252813,615.2,234851,2.5,3.75,5,6.5,Low
INDUS,Taunsa,31-Jul-24,12:00 Hrs,446.7,221517,430.5,194765,2.5,3.75,5,6.5,Normal
INDUS,Guddu,31-Jul-24,12:00 Hrs,258.3,176070,249.95,143045,2,3.5,5,7,Normal
INDUS,Sukkar,31-Jul-24,12:00 Hrs,199.9,128008,193.6,79908,2,3.5,5,7,Normal
INDUS,Kotri,31-Jul-24,12:00 Hrs,69.9,74080,50.3,38895,2.5,4,5,6.5,Normal
JHELUM,Kotli,31-Jul-24,12:00 Hrs,-,-,8.2,4110,-,-,-,-,-
JHELUM,Rasul,31-Jul-24,12:00 Hrs,718.9,2540,691.5,-,0.75,1.1,1.5,2.25,Normal
CHENAB,Marala,31-Jul-24,12:00 Hrs,812,70980,798.3,43630,1,1.5,2,4,Normal
CHENAB,Khanki,31-Jul-24,12:00 Hrs,733,66903,725.7,59003,1,1.5,2,4,Normal
CHENAB,Qadirabad,31-Jul-24,12:00 Hrs,700,55876,687.7,36351,1,1.5,2,4,Normal
CHENAB,Trimmu,31-Jul-24,12:00 Hrs,490.5,33574,481.6,18024,1.5,2,3,4.5,Normal
CHENAB,Punjnad,31-Jul-24,12:00 Hrs,338,21013,326.3,7133,1.5,2,3,4.5,Normal
RAVI,Jassar,31-Jul-24,12:00 Hrs,-,-,777.6,5676,0.5,0.75,1,1.5,Normal
RAVI,Shahdara,31-Jul-24,12:00 Hrs,-,-,673.4,15353,0.4,0.65,0.9,1.35,Normal
RAVI,Balloki,31-Jul-24,12:00 Hrs,633.5,41765,620.1,12765,0.4,0.65,0.9,1.35,Normal
RAVI,Sidhnai,31-Jul-24,12:00 Hrs,467,21003,456.6,6853,0.3,0.45,0.6,0.9,Normal
SUTLEJ,Bhakara**,31-Jul-24,12:00 Hrs,-,-,-,-,-,-,-,-,-
SUTLEJ,Sulemanki,31-Jul-24,12:00 Hrs,569,17337,559.3,4148,0.5,0.8,1.2,1.75,Normal
SUTLEJ,Islam,31-Jul-24,12:00 Hrs,455,3527,437.6,1277,0.5,0.8,1.2,1.75,Normal
INDUS,khairabad,31-Jul-24,18:00 Hrs,-,-,27,326500,2.25,3.75,5,6.5,Low
INDUS,Kalabagh,31-Jul-24,18:00 Hrs,693.5,269221,681.4,261221,2.5,3.75,5,6.5,Low
INDUS,Chashma,31-Jul-24,18:00 Hrs,645.7,270494,615.4,253294,2.5,3.75,5,6.5,Low
INDUS,Taunsa,31-Jul-24,18:00 Hrs,446.7,221517,430.5,194765,2.5,3.75,5,6.5,Normal
INDUS,Guddu,31-Jul-24,18:00 Hrs,258.3,176474,249.95,143045,2,3.5,5,7,Normal
INDUS,Sukkar,31-Jul-24,18:00 Hrs,199.9,128008,193.6,79908,2,3.5,5,7,Normal
INDUS,Kotri,31-Jul-24,18:00 Hrs,69.9,73185,49.8,36840,2.5,4,5,6.5,Normal
JHELUM,Kotli,31-Jul-24,18:00 Hrs,-,-,8,3660,-,-,-,-,-
JHELUM,Rasul,31-Jul-24,18:00 Hrs,719,2540,691.5,-,0.75,1.1,1.5,2.25,Normal
CHENAB,Marala,31-Jul-24,18:00 Hrs,812,71030,798.3,43630,1,1.5,2,4,Normal
CHENAB,Khanki,31-Jul-24,18:00 Hrs,733,68585,725.8,60685,1,1.5,2,4,Normal
CHENAB,Qadirabad,31-Jul-24,18:00 Hrs,700,55876,687.7,36351,1,1.5,2,4,Normal
CHENAB,Trimmu,31-Jul-24,18:00 Hrs,490.5,35826,482.1,20276,1.5,2,3,4.5,Normal
CHENAB,Punjnad,31-Jul-24,18:00 Hrs,338,21013,326.3,7133,1.5,2,3,4.5,Normal
RAVI,Jassar,31-Jul-24,18:00 Hrs,-,-,777.5,5507,0.5,0.75,1,1.5,Normal
RAVI,Shahdara,31-Jul-24,18:00 Hrs,-,-,673.4,15353,0.4,0.65,0.9,1.35,Normal
RAVI,Balloki,31-Jul-24,18:00 Hrs,633.5,41765,620.1,12765,0.4,0.65,0.9,1.35,Normal
RAVI,Sidhnai,31-Jul-24,18:00 Hrs,467,20172,456.5,5622,0.3,0.45,0.6,0.9,Normal
SUTLEJ,Bhakara**,31-Jul-24,18:00 Hrs,-,-,-,-,-,-,-,-,-
SUTLEJ,Sulemanki,31-Jul-24,18:00 Hrs,569,17337,559.3,4148,0.5,0.8,1.2,1.75,Normal
SUTLEJ,Islam,31-Jul-24,18:00 Hrs,455,3527,437.6,1277,0.5,0.8,1.2,1.75,Normal
INDUS,khairabad,31-Jul-24,23:59 Hrs,-,-,29.8,364800,2.25,3.75,5,6.5,Low
INDUS,Kalabagh,31-Jul-24,23:59 Hrs,693.5,285639,681.7,277639,2.5,3.75,5,6.5,Low
INDUS,Chashma,31-Jul-24,23:59 Hrs,645.1,290739,615.9,271761,2.5,3.75,5,6.5,Low
INDUS,Taunsa,31-Jul-24,23:59 Hrs,446.7,221517,430.5,194765,2.5,3.75,5,6.5,Normal
INDUS,Guddu,31-Jul-24,23:59 Hrs,258.3,176474,249.95,143045,2,3.5,5,7,Normal
INDUS,Sukkar,31-Jul-24,23:59 Hrs,199.9,128008,193.6,79908,2,3.5,5,7,Normal
INDUS,Kotri,31-Jul-24,23:59 Hrs,69.9,73185,49.8,36840,2.5,4,5,6.5,Normal
JHELUM,Kotli,31-Jul-24,23:59 Hrs,-,-,8.1,3880,-,-,-,-,-
JHELUM,Rasul,31-Jul-24,23:59 Hrs,719,7881,694,5341,0.75,1.1,1.5,2.25,Normal
CHENAB,Marala,31-Jul-24,23:59 Hrs,812,76388,798.6,48983,1,1.5,2,4,Normal
CHENAB,Khanki,31-Jul-24,23:59 Hrs,733,68585,725.8,60685,1,1.5,2,4,Normal
CHENAB,Qadirabad,31-Jul-24,23:59 Hrs,700,55876,687.7,36351,1,1.5,2,4,Normal
CHENAB,Trimmu,31-Jul-24,23:59 Hrs,490.5,40891,482.4,25341,1.5,2,3,4.5,Normal
CHENAB,Punjnad,31-Jul-24,23:59 Hrs,338,21013,326.3,7133,1.5,2,3,4.5,Normal
RAVI,Jassar,31-Jul-24,23:59 Hrs,-,-,777.5,5507,0.5,0.75,1,1.5,Normal
RAVI,Shahdara,31-Jul-24,23:59 Hrs,-,-,673.1,14129,0.4,0.65,0.9,1.35,Normal
RAVI,Balloki,31-Jul-24,23:59 Hrs,633.5,41765,620.1,12765,0.4,0.65,0.9,1.35,Normal
RAVI,Sidhnai,31-Jul-24,23:59 Hrs,467,21160,456.6,6610,0.3,0.45,0.6,0.9,Normal
SUTLEJ,Bhakara**,31-Jul-24,23:59 Hrs,-,-,-,-,-,-,-,-,-
SUTLEJ,Sulemanki,31-Jul-24,23:59 Hrs,569,17337,559.3,4148,0.5,0.8,1.2,1.75,Normal
SUTLEJ,Islam,31-Jul-24,23:59 Hrs,455,3527,437.6,1277,0.5,0.8,1.2,1.75,Normal
INDUS,khairabad,01-Aug-24,06:00 Hrs,-,-,29.8,364800,2.25,3.75,5,6.5,Low
INDUS,Kalabagh,01-Aug-24,06:00 Hrs,693.5,294169,681.9,286169,2.5,3.75,5,6.5,Low
INDUS,Chashma,01-Aug-24,06:00 Hrs,644.5,303623,616.3,283742,2.5,3.75,5,6.5,Low
INDUS,Taunsa,01-Aug-24,06:00 Hrs,446.7,221517,430.5,194765,2.5,3.75,5,6.5,Normal
INDUS,Guddu,01-Aug-24,06:00 Hrs,258.3,177629,249.95,143045,2,3.5,5,7,Normal
INDUS,Sukkar,01-Aug-24,06:00 Hrs,199.9,128025,193.5,79085,2,3.5,5,7,Normal
INDUS,Kotri,01-Aug-24,06:00 Hrs,69.9,75565,49.8,36840,2.5,4,5,6.5,Normal
JHELUM,Kotli,01-Aug-24,06:00 Hrs,-,-,8.2,4110,-,-,-,-,-
JHELUM,Rasul,01-Aug-24,06:00 Hrs,719,2540,691.5,-,0.75,1.1,1.5,2.25,Normal
CHENAB,Marala,01-Aug-24,06:00 Hrs,812,71030,798.3,43630,1,1.5,2,4,Normal
CHENAB,Khanki,01-Aug-24,06:00 Hrs,733,68585,725.8,60685,1,1.5,2,4,Normal
CHENAB,Qadirabad,01-Aug-24,06:00 Hrs,700,55876,687.7,36351,1,1.5,2,4,Normal
CHENAB,Trimmu,01-Aug-24,06:00 Hrs,490.5,45620,483.2,30070,1.5,2,3,4.5,Normal
CHENAB,Punjnad,01-Aug-24,06:00 Hrs,338,21013,326.3,7133,1.5,2,3,4.5,Normal
RAVI,Jassar,01-Aug-24,06:00 Hrs,-,-,777.5,5507,0.5,0.75,1,1.5,Normal
RAVI,Shahdara,01-Aug-24,06:00 Hrs,-,-,673.1,14129,0.4,0.65,0.9,1.35,Normal
RAVI,Balloki,01-Aug-24,06:00 Hrs,633.5,41765,620.1,12765,0.4,0.65,0.9,1.35,Normal
RAVI,Sidhnai,01-Aug-24,06:00 Hrs,467,21160,456.6,6610,0.3,0.45,0.6,0.9,Normal
SUTLEJ,Bhakara**,01-Aug-24,06:00 Hrs,-,-,-,-,-,-,-,-,-
SUTLEJ,Sulemanki,01-Aug-24,06:00 Hrs,569,17337,559.3,4148,0.5,0.8,1.2,1.75,Normal
SUTLEJ,Islam,01-Aug-24,06:00 Hrs,455,3527,437.6,1277,0.5,0.8,1.2,1.75,Normal
INDUS,khairabad,01-Aug-24,12:00 Hrs,-,-,22.8,271700,2.25,3.75,5,6.5,Low
INDUS,Kalabagh,01-Aug-24,12:00 Hrs,693.5,326756,682.3,318756,2.5,3.75,5,6.5,Low
INDUS,Chashma,01-Aug-24,12:00 Hrs,644,316121,616.9,293391,2.5,3.75,5,6.5,Low
INDUS,Taunsa,01-Aug-24,12:00 Hrs,446.7,221517,430.5,194765,2.5,3.75,5,6.5,Normal
INDUS,Guddu,01-Aug-24,12:00 Hrs,258.3,177725,249.95,143045,2,3.5,5,7,Normal
INDUS,Sukkar,01-Aug-24,12:00 Hrs,199.9,128025,193.5,79085,2,3.5,5,7,Normal
INDUS,Kotri,01-Aug-24,12:00 Hrs,69.9,75565,49.8,36840,2.5,4,5,6.5,Normal
JHELUM,Kotli,01-Aug-24,12:00 Hrs,-,-,8.2,4110,-,-,-,-,-
JHELUM,Rasul,01-Aug-24,12:00 Hrs,719,2440,691.5,-,0.75,1.1,1.5,2.25,Normal
CHENAB,Marala,01-Aug-24,12:00 Hrs,812,65077,797.9,38277,1,1.5,2,4,Normal
CHENAB,Khanki,01-Aug-24,12:00 Hrs,733,66713,725.3,58813,1,1.5,2,4,Normal
CHENAB,Qadirabad,01-Aug-24,12:00 Hrs,700,53452,687.3,33927,1,1.5,2,4,Normal
CHENAB,Trimmu,01-Aug-24,12:00 Hrs,490.5,48361,483.5,32811,1.5,2,3,4.5,Normal
CHENAB,Punjnad,01-Aug-24,12:00 Hrs,338,21013,226.3,7133,1.5,2,3,4.5,Normal
RAVI,Jassar,01-Aug-24,12:00 Hrs,-,-,777.6,5676,0.5,0.75,1,1.5,Normal
RAVI,Shahdara,01-Aug-24,12:00 Hrs,-,-,674,17800,0.4,0.65,0.9,1.35,Normal
RAVI,Balloki,01-Aug-24,12:00 Hrs,633.5,43625,620.2,16225,0.4,0.65,0.9,1.35,Normal
RAVI,Sidhnai,01-Aug-24,12:00 Hrs,467,21160,456.6,6610,0.3,0.45,0.6,0.9,Normal
SUTLEJ,Bhakara**,01-Aug-24,12:00 Hrs,-,-,-,-,-,-,-,-,-
SUTLEJ,Sulemanki,01-Aug-24,12:00 Hrs,569,17337,559.3,4148,0.5,0.8,1.2,1.75,Normal
SUTLEJ,Islam,01-Aug-24,12:00 Hrs,455,3527,437.6,1277,0.5,0.8,1.2,1.75,Normal
INDUS,khairabad,01-Aug-24,18:00 Hrs,-,-,29.8,364800,2.25,3.75,5,6.5,Low
INDUS,Kalabagh,01-Aug-24,18:00 Hrs,693.5,313012,682.1,305028,2.5,3.75,5,6.5,Low
INDUS,Chashma,01-Aug-24,18:00 Hrs,644,325720,617.3,301890,2.5,3.75,5,6.5,Low
INDUS,Taunsa,01-Aug-24,18:00 Hrs,446.5,225131,430.6,199631,2.5,3.75,5,6.5,Normal
INDUS,Guddu,01-Aug-24,18:00 Hrs,258.3,177623,249.95,143045,2,3.5,5,7,Normal
INDUS,Sukkar,01-Aug-24,18:00 Hrs,199.9,128025,193.5,79085,2,3.5,5,7,Normal
INDUS,Kotri,01-Aug-24,18:00 Hrs,69.9,75565,49.8,36840,2.5,4,5,6.5,Normal
JHELUM,Kotli,01-Aug-24,18:00 Hrs,-,-,8.1,3880,-,-,-,-,-
JHELUM,Rasul,01-Aug-24,18:00 Hrs,719,7681,694,5341,0.75,1.1,1.5,2.25,Normal
CHENAB,Marala,01-Aug-24,18:00 Hrs,812,80836,798.9,54336,1,1.5,2,4,Normal
CHENAB,Khanki,01-Aug-24,18:00 Hrs,733,66713,725.3,58813,1,1.5,2,4,Normal
CHENAB,Qadirabad,01-Aug-24,18:00 Hrs,700,58330,687.9,38805,1,1.5,2,4,Normal
CHENAB,Trimmu,01-Aug-24,18:00 Hrs,490.5,50942,483.8,35392,1.5,2,3,4.5,Normal
CHENAB,Punjnad,01-Aug-24,18:00 Hrs,338,19938,326.2,6058,1.5,2,3,4.5,Normal
RAVI,Jassar,01-Aug-24,18:00 Hrs,-,-,777.5,5507,0.5,0.75,1,1.5,Normal
RAVI,Shahdara,01-Aug-24,18:00 Hrs,-,-,674,17800,0.4,0.65,0.9,1.35,Normal
RAVI,Balloki,01-Aug-24,18:00 Hrs,633.5,43325,620.2,16225,0.4,0.65,0.9,1.35,Normal
RAVI,Sidhnai,01-Aug-24,18:00 Hrs,467,21733,456.7,7233,0.3,0.45,0.6,0.9,Normal
SUTLEJ,Bhakara**,01-Aug-24,18:00 Hrs,-,-,-,-,-,-,-,-,-
SUTLEJ,Sulemanki,01-Aug-24,18:00 Hrs,569,18443,559.5,5058,0.5,0.8,1.2,1.75,Normal
SUTLEJ,Islam,01-Aug-24,18:00 Hrs,455,3527,437.6,1277,0.5,0.8,1.2,1.75,Normal
INDUS,khairabad,01-Aug-24,23:59 Hrs,-,-,33,410300,2.25,3.75,5,6.5,Medium
INDUS,Kalabagh,01-Aug-24,23:59 Hrs,693.5,316736,682.1,308752,2.5,3.75,5,6.5,Low
INDUS,Chashma,01-Aug-24,23:59 Hrs,644,327876,617.3,304386,2.5,3.75,5,6.5,Low
INDUS,Taunsa,01-Aug-24,23:59 Hrs,446.5,240137,430.8,214637,2.5,3.75,5,6.5,Normal
INDUS,Guddu,01-Aug-24,23:59 Hrs,258.3,177623,249.95,143045,2,3.5,5,7,Normal
INDUS,Sukkar,01-Aug-24,23:59 Hrs,199.9,128025,193.5,79085,2,3.5,5,7,Normal
INDUS,Kotri,01-Aug-24,23:59 Hrs,69.9,75565,49.8,36840,2.5,4,5,6.5,Normal
JHELUM,Kotli,01-Aug-24,23:59 Hrs,-,-,8,3660,-,-,-,-,-
JHELUM,Rasul,01-Aug-24,23:59 Hrs,719,10330,694.8,7990,0.75,1.1,1.5,2.25,Normal
CHENAB,Marala,01-Aug-24,23:59 Hrs,812,106116,800.2,79716,1,1.5,2,4,Normal
CHENAB,Khanki,01-Aug-24,23:59 Hrs,733,65675,725.4,58050,1,1.5,2,4,Normal
CHENAB,Qadirabad,01-Aug-24,23:59 Hrs,700,58330,687.9,38805,1,1.5,2,4,Normal
CHENAB,Trimmu,01-Aug-24,23:59 Hrs,490.5,53653,484,38103,1.5,2,3,4.5,Normal
CHENAB,Punjnad,01-Aug-24,23:59 Hrs,338,19938,326.2,6058,1.5,2,3,4.5,Normal
RAVI,Jassar,01-Aug-24,23:59 Hrs,-,-,778,6353,0.5,0.75,1,1.5,Normal
RAVI,Shahdara,01-Aug-24,23:59 Hrs,-,-,673.9,17392,0.4,0.65,0.9,1.35,Normal
RAVI,Balloki,01-Aug-24,23:59 Hrs,633.5,43325,620.2,16225,0.4,0.65,0.9,1.35,Normal
RAVI,Sidhnai,01-Aug-24,23:59 Hrs,467,22365,456.9,8215,0.3,0.45,0.6,0.9,Normal
SUTLEJ,Bhakara**,01-Aug-24,23:59 Hrs,-,-,-,-,-,-,-,-,-
SUTLEJ,Sulemanki,01-Aug-24,23:59 Hrs,569,18443,559.5,5058,0.5,0.8,1.2,1.75,Normal
SUTLEJ,Islam,01-Aug-24,23:59 Hrs,455,3527,437.6,1277,0.5,0.8,1.2,1.75,Normal
INDUS,khairabad,02-Aug-24,06:00 Hrs,-,-,33.3,414600,2.25,3.75,5,6.5,Medium
INDUS,Kalabagh,02-Aug-24,06:00 Hrs,693.5,326645,682.3,318661,2.5,3.75,5,6.5,Low
INDUS,Chashma,02-Aug-24,06:00 Hrs,644,322933,617.3,300043,2.5,3.75,5,6.5,Low
INDUS,Taunsa,02-Aug-24,06:00 Hrs,446.2,239306,430.8,213806,2.5,3.75,5,6.5,Normal
INDUS,Guddu,02-Aug-24,06:00 Hrs,258.5,185092,250.1,151574,2,3.5,5,7,Normal
INDUS,Sukkar,02-Aug-24,06:00 Hrs,199.9,127915,193.3,78195,2,3.5,5,7,Normal
INDUS,Kotri,02-Aug-24,06:00 Hrs,69.9,74505,49.1,33530,2.5,4,5,6.5,Normal
JHELUM,Kotli,02-Aug-24,06:00 Hrs,-,-,8.1,3941,-,-,-,-,-
JHELUM,Rasul,02-Aug-24,06:00 Hrs,719,10330,694.8,7990,0.75,1.1,1.5,2.25,Normal
CHENAB,Marala,02-Aug-24,06:00 Hrs,812,99408,800.2,73008,1,1.5,2,4,Normal
CHENAB,Khanki,02-Aug-24,06:00 Hrs,733,65675,725.4,58050,1,1.5,2,4,Normal
CHENAB,Qadirabad,02-Aug-24,06:00 Hrs,700,58075,688,40075,1,1.5,2,4,Normal
CHENAB,Trimmu,02-Aug-24,06:00 Hrs,490.5,53653,484,38103,1.5,2,3,4.5,Normal
CHENAB,Punjnad,02-Aug-24,06:00 Hrs,338,19938,326.2,6058,1.5,2,3,4.5,Normal
RAVI,Jassar,02-Aug-24,06:00 Hrs,-,-,778,6353,0.5,0.75,1,1.5,Normal
RAVI,Shahdara,02-Aug-24,06:00 Hrs,-,-,674.3,19496,0.4,0.65,0.9,1.35,Normal
RAVI,Balloki,02-Aug-24,06:00 Hrs,633.5,43325,620.2,16225,0.4,0.65,0.9,1.35,Normal
RAVI,Sidhnai,02-Aug-24,06:00 Hrs,467,22486,457,8536,0.3,0.45,0.6,0.9,Normal
SUTLEJ,Bhakara**,02-Aug-24,06:00 Hrs,-,-,-,-,-,-,-,-,-
SUTLEJ,Sulemanki,02-Aug-24,06:00 Hrs,569,18390,559.5,5058,0.5,0.8,1.2,1.75,Normal
SUTLEJ,Islam,02-Aug-24,06:00 Hrs,455,3527,437.6,1277,0.5,0.8,1.2,1.75,Normal
INDUS,khairabad,02-Aug-24,12:00 Hrs,-,-,32.4,401600,2.25,3.75,5,6.5,Medium
INDUS,Kalabagh,02-Aug-24,12:00 Hrs,693.5,357946,682.8,349962,2.5,3.75,5,6.5,Low
INDUS,Chashma,02-Aug-24,12:00 Hrs,644,342406,617.4,319916,2.5,3.75,5,6.5,Low
INDUS,Taunsa,02-Aug-24,12:00 Hrs,446.2,244631,430.9,219131,2.5,3.75,5,6.5,Normal
INDUS,Guddu,02-Aug-24,12:00 Hrs,258.3,186570,250.2,156597,2,3.5,5,7,Normal
INDUS,Sukkar,02-Aug-24,12:00 Hrs,199.9,127915,193.3,78195,2,3.5,5,7,Normal
INDUS,Kotri,02-Aug-24,12:00 Hrs,69.9,74763,49.7,34988,2.5,4,5,6.5,Normal
JHELUM,Kotli,02-Aug-24,12:00 Hrs,-,-,8.1,3880,-,-,-,-,-
JHELUM,Rasul,02-Aug-24,12:00 Hrs,719,7681,694,5341,0.75,1.1,1.5,2.25,Normal
CHENAB,Marala,02-Aug-24,12:00 Hrs,812,106266,800.2,79716,1,1.5,2,4,Normal
CHENAB,Khanki,02-Aug-24,12:00 Hrs,733,82128,726.5,74503,1,1.5,2,4,Normal
CHENAB,Qadirabad,02-Aug-24,12:00 Hrs,700,58075,688,40075,1,1.5,2,4,Normal
CHENAB,Trimmu,02-Aug-24,12:00 Hrs,490.5,53653,484,38103,1.5,2,3,4.5,Normal
CHENAB,Punjnad,02-Aug-24,12:00 Hrs,338,19808,326.2,6058,1.5,2,3,4.5,Normal
RAVI,Jassar,02-Aug-24,12:00 Hrs,-,-,780.5,14636,0.5,0.75,1,1.5,Normal
RAVI,Shahdara,02-Aug-24,12:00 Hrs,-,-,674.3,19496,0.4,0.65,0.9,1.35,Normal
RAVI,Balloki,02-Aug-24,12:00 Hrs,633.5,46870,620.8,19770,0.4,0.65,0.9,1.35,Normal
RAVI,Sidhnai,02-Aug-24,12:00 Hrs,467,22686,457,8536,0.3,0.45,0.6,0.9,Normal
SUTLEJ,Bhakara**,02-Aug-24,12:00 Hrs,-,-,-,-,-,-,-,-,-
SUTLEJ,Sulemanki,02-Aug-24,12:00 Hrs,569,18390,559.5,5058,0.5,0.8,1.2,1.75,Normal
SUTLEJ,Islam,02-Aug-24,12:00 Hrs,455,3977,438.1,1777,0.5,0.8,1.2,1.75,Normal
INDUS,khairabad,02-Aug-24,18:00 Hrs,-,-,31.6,390200,2.25,3.75,5,6.5,Medium
INDUS,Kalabagh,02-Aug-24,18:00 Hrs,693.5,378341,683,370357,2.5,3.75,5,6.5,Low
INDUS,Chashma,02-Aug-24,18:00 Hrs,644,364031,617.6,341541,2.5,3.75,5,6.5,Low
INDUS,Taunsa,02-Aug-24,18:00 Hrs,446.2,244631,430.9,219131,2.5,3.75,5,6.5,Normal
INDUS,Guddu,02-Aug-24,18:00 Hrs,258.2,187730,250.2,159203,2,3.5,5,7,Normal
INDUS,Sukkar,02-Aug-24,18:00 Hrs,199.9,127915,193.3,78195,2,3.5,5,7,Normal
INDUS,Kotri,02-Aug-24,18:00 Hrs,69.9,75765,49.8,36840,2.5,4,5,6.5,Normal
JHELUM,Kotli,02-Aug-24,18:00 Hrs,-,-,8,3660,-,-,-,-,-
JHELUM,Rasul,02-Aug-24,18:00 Hrs,719,2540,691.5,Nill,0.75,1.1,1.5,2.25,Normal
CHENAB,Marala,02-Aug-24,18:00 Hrs,812,91592,799.8,65042,1,1.5,2,4,Normal
CHENAB,Khanki,02-Aug-24,18:00 Hrs,733,85305,726.8,77680,1,1.5,2,4,Normal
CHENAB,Qadirabad,02-Aug-24,18:00 Hrs,700,72971,688.8,54971,1,1.5,2,4,Normal
CHENAB,Trimmu,02-Aug-24,18:00 Hrs,490.5,51119,483.8,35569,1.5,2,3,4.5,Normal
CHENAB,Punjnad,02-Aug-24,18:00 Hrs,338,19808,326.2,6058,1.5,2,3,4.5,Normal
RAVI,Jassar,02-Aug-24,18:00 Hrs,-,-,780.1,12984,0.5,0.75,1,1.5,Normal
RAVI,Shahdara,02-Aug-24,18:00 Hrs,-,-,674,17800,0.4,0.65,0.9,1.35,Normal
RAVI,Balloki,02-Aug-24,18:00 Hrs,633.5,47070,620.8,19770,0.4,0.65,0.9,1.35,Normal
RAVI,Sidhnai,02-Aug-24,18:00 Hrs,467,22686,457,8536,0.3,0.45,0.6,0.9,Normal
SUTLEJ,Bhakara**,02-Aug-24,18:00 Hrs,-,-,-,-,-,-,-,-,-
SUTLEJ,Sulemanki,02-Aug-24,18:00 Hrs,569,18808,559.9,6025,0.5,0.8,1.2,1.75,Normal
SUTLEJ,Islam,02-Aug-24,18:00 Hrs,455,3977,438.1,1777,0.5,0.8,1.2,1.75,Normal
INDUS,khairabad,02-Aug-24,23:59 Hrs,-,-,29,353700,2.25,3.75,5,6.5,Low
INDUS,Kalabagh,02-Aug-24,23:59 Hrs,693.5,378341,683,370357,2.5,3.75,5,6.5,Low
INDUS,Chashma,02-Aug-24,23:59 Hrs,644,356991,617.6,334351,2.5,3.75,5,6.5,Low
INDUS,Taunsa,02-Aug-24,23:59 Hrs,446.2,244631,430.9,219131,2.5,3.75,5,6.5,Normal
INDUS,Guddu,02-Aug-24,23:59 Hrs,258.2,187730,250.2,159203,2,3.5,5,7,Normal
INDUS,Sukkar,02-Aug-24,23:59 Hrs,199.9,127915,193.3,78195,2,3.5,5,7,Normal
INDUS,Kotri,02-Aug-24,23:59 Hrs,69.9,75765,49.8,36840,2.5,4,5,6.5,Normal
JHELUM,Kotli,02-Aug-24,23:59 Hrs,-,-,8.1,3880,-,-,-,-,-
JHELUM,Rasul,02-Aug-24,23:59 Hrs,719,7881,694,5341,0.75,1.1,1.5,2.25,Normal
CHENAB,Marala,02-Aug-24,23:59 Hrs,812,86539,799.4,59689,1,1.5,2,4,Normal
CHENAB,Khanki,02-Aug-24,23:59 Hrs,733,86078,727.3,78204,1,1.5,2,4,Normal
CHENAB,Qadirabad,02-Aug-24,23:59 Hrs,700,76616,689,58616,1,1.5,2,4,Normal
CHENAB,Trimmu,02-Aug-24,23:59 Hrs,490.5,50376,483.7,34826,1.5,2,3,4.5,Normal
CHENAB,Punjnad,02-Aug-24,23:59 Hrs,338,19708,326.2,6058,1.5,2,3,4.5,Normal
RAVI,Jassar,02-Aug-24,23:59 Hrs,-,-,779.4,10336,0.5,0.75,1,1.5,Normal
RAVI,Shahdara,02-Aug-24,23:59 Hrs,-,-,674.5,20626,0.4,0.65,0.9,1.35,Normal
RAVI,Balloki,02-Aug-24,23:59 Hrs,633.5,47070,620.8,19770,0.4,0.65,0.9,1.35,Normal
RAVI,Sidhnai,02-Aug-24,23:59 Hrs,467,23231,457.1,9131,0.3,0.45,0.6,0.9,Normal
SUTLEJ,Bhakara**,02-Aug-24,23:59 Hrs,-,-,-,-,-,-,-,-,-
SUTLEJ,Sulemanki,02-Aug-24,23:59 Hrs,569,18390,559.5,5058,0.5,0.8,1.2,1.75,Normal
SUTLEJ,Islam,02-Aug-24,23:59 Hrs,455,3977,438.1,1777,0.5,0.8,1.2,1.75,Normal
INDUS,khairabad,03-Aug-24,06:00 Hrs,-,-,27.4,331800,2.25,3.75,5,6.5,Low
INDUS,Kalabagh,03-Aug-24,06:00 Hrs,693.5,359584,682.6,351600,2.5,3.75,5,6.5,Low
INDUS,Chashma,03-Aug-24,06:00 Hrs,644,382269,618.2,359329,2.5,3.75,5,6.5,Low
INDUS,Taunsa,03-Aug-24,06:00 Hrs,446.2,260424,431.2,234924,2.5,3.75,5,6.5,Normal
INDUS,Guddu,03-Aug-24,06:00 Hrs,257,191980,250.6,178985,2,3.5,5,7,Normal
INDUS,Sukkar,03-Aug-24,06:00 Hrs,199.8,140558,194,97108,2,3.5,5,7,Normal
INDUS,Kotri,03-Aug-24,06:00 Hrs,69.9,76060,50.3,38895,2.5,4,5,6.5,Normal
JHELUM,Kotli,03-Aug-24,06:00 Hrs,-,-,8.1,3880,-,-,-,-,-
JHELUM,Rasul,03-Aug-24,06:00 Hrs,719,2540,691.5,-,0.75,1.1,1.5,2.25,Normal
CHENAB,Marala,03-Aug-24,06:00 Hrs,812,81186,798.9,54336,1,1.5,2,4,Normal
CHENAB,Khanki,03-Aug-24,06:00 Hrs,733,86078,727.3,78204,1,1.5,2,4,Normal
CHENAB,Qadirabad,03-Aug-24,06:00 Hrs,700,76616,689,58616,1,1.5,2,4,Normal
CHENAB,Trimmu,03-Aug-24,06:00 Hrs,490.5,51493,483.9,35943,1.5,2,3,4.5,Normal
CHENAB,Punjnad,03-Aug-24,06:00 Hrs,338,20783,326.3,7133,1.5,2,3,4.5,Normal
RAVI,Jassar,03-Aug-24,06:00 Hrs,-,-,779.4,10336,0.5,0.75,1,1.5,Normal
RAVI,Shahdara,03-Aug-24,06:00 Hrs,-,-,674.7,21756,0.4,0.65,0.9,1.35,Normal
RAVI,Balloki,03-Aug-24,06:00 Hrs,633.5,50535,621.2,23235,0.4,0.65,0.9,1.35,Normal
RAVI,Sidhnai,03-Aug-24,06:00 Hrs,467,23231,457.1,9131,0.3,0.45,0.6,0.9,Normal
SUTLEJ,Bhakara**,03-Aug-24,06:00 Hrs,-,-,-,-,-,-,-,-,-
SUTLEJ,Sulemanki,03-Aug-24,06:00 Hrs,569,19594,560.3,7117,0.5,0.8,1.2,1.75,Normal
SUTLEJ,Islam,03-Aug-24,06:00 Hrs,455,3977,438.1,1777,0.5,0.8,1.2,1.75,Normal
INDUS,khairabad,03-Aug-24,12:00 Hrs,-,-,29.4,359200,2.25,3.75,5,6.5,Low
INDUS,Kalabagh,03-Aug-24,12:00 Hrs,693.5,358361,682.6,350377,2.5,3.75,5,6.5,Low
INDUS,Chashma,03-Aug-24,12:00 Hrs,644,387369,618.4,364179,2.5,3.75,5,6.5,Low
INDUS,Taunsa,03-Aug-24,12:00 Hrs,446.2,260424,431.2,234924,2.5,3.75,5,6.5,Normal
INDUS,Guddu,03-Aug-24,12:00 Hrs,257.4,197755,250.8,197755,2,3.5,5,7,Normal
INDUS,Sukkar,03-Aug-24,12:00 Hrs,199.9,141110,194.2,102160,2,3.5,5,7,Normal
INDUS,Kotri,03-Aug-24,12:00 Hrs,69.9,77085,50.5,40770,2.5,4,5,6.5,Normal
JHELUM,Kotli,03-Aug-24,12:00 Hrs,-,-,9.1,6370,-,-,-,-,-
JHELUM,Rasul,03-Aug-24,12:00 Hrs,719,2690,691.5,Nill,0.75,1.1,1.5,2.25,Normal
CHENAB,Marala,03-Aug-24,12:00 Hrs,812,65127,797.9,38277,1,1.5,2,4,Normal
CHENAB,Khanki,03-Aug-24,12:00 Hrs,733,75996,726.4,68122,1,1.5,2,4,Normal
CHENAB,Qadirabad,03-Aug-24,12:00 Hrs,700,76616,689,58616,1,1.5,2,4,Normal
CHENAB,Trimmu,03-Aug-24,12:00 Hrs,490.5,51493,483.9,35943,1.5,2,3,4.5,Normal
CHENAB,Punjnad,03-Aug-24,12:00 Hrs,338,22292,326.4,8942,1.5,2,3,4.5,Normal
RAVI,Jassar,03-Aug-24,12:00 Hrs,-,-,779.2,9591,0.5,0.75,1,1.5,Normal
RAVI,Shahdara,03-Aug-24,12:00 Hrs,-,-,675,23452,0.4,0.65,0.9,1.35,Normal
RAVI,Balloki,03-Aug-24,12:00 Hrs,633.5,49380,621.7,22080,0.4,0.65,0.9,1.35,Normal
RAVI,Sidhnai,03-Aug-24,12:00 Hrs,467,25019,457.6,10919,0.3,0.45,0.6,0.9,Normal
SUTLEJ,Bhakara**,03-Aug-24,12:00 Hrs,-,-,-,-,-,-,-,-,-
SUTLEJ,Sulemanki,03-Aug-24,12:00 Hrs,569,19594,560.3,7117,0.5,0.8,1.2,1.75,Normal
SUTLEJ,Islam,03-Aug-24,12:00 Hrs,455,4386,438.6,2336,0.5,0.8,1.2,1.75,Normal
INDUS,khairabad,03-Aug-24,18:00 Hrs,-,-,31,381600,2.25,3.75,5,6.5,Medium
INDUS,Kalabagh,03-Aug-24,18:00 Hrs,693.5,335944,683,327960,2.5,3.75,5,6.5,Low
INDUS,Chashma,03-Aug-24,18:00 Hrs,643.6,411283,618.7,388093,2.5,3.75,5,6.5,Medium
INDUS,Taunsa,03-Aug-24,18:00 Hrs,446.2,334880,432,310380,2.5,3.75,5,6.5,Low
INDUS,Guddu,03-Aug-24,18:00 Hrs,257.4,197755,250.8,197755,2,3.5,5,7,Normal
INDUS,Sukkar,03-Aug-24,18:00 Hrs,199.9,147515,194.5,111715,2,3.5,5,7,Normal
INDUS,Kotri,03-Aug-24,18:00 Hrs,69.9,77085,50.5,40770,2.5,4,5,6.5,Normal
JHELUM,Kotli,03-Aug-24,18:00 Hrs,-,-,8.9,5840,-,-,-,-,-
JHELUM,Rasul,03-Aug-24,18:00 Hrs,719,2690,691.5,-,0.75,1.1,1.5,2.25,Normal
CHENAB,Marala,03-Aug-24,18:00 Hrs,812,75833,798.6,48983,1,1.5,2,4,Normal
CHENAB,Khanki,03-Aug-24,18:00 Hrs,733,58921,724.9,51047,1,1.5,2,4,Normal
CHENAB,Qadirabad,03-Aug-24,18:00 Hrs,700,72971,688.8,54971,1,1.5,2,4,Normal
CHENAB,Trimmu,03-Aug-24,18:00 Hrs,490.5,51143,483.9,35943,1.5,2,3,4.5,Normal
CHENAB,Punjnad,03-Aug-24,18:00 Hrs,338,23399,328.3,13749,1.5,2,3,4.5,Normal
RAVI,Jassar,03-Aug-24,18:00 Hrs,-,-,778,6353,0.5,0.75,1,1.5,Normal
RAVI,Shahdara,03-Aug-24,18:00 Hrs,-,-,675,23452,0.4,0.65,0.9,1.35,Normal
RAVI,Balloki,03-Aug-24,18:00 Hrs,633.5,49530,621.7,22080,0.4,0.65,0.9,1.35,Normal
RAVI,Sidhnai,03-Aug-24,18:00 Hrs,467,25019,457.6,10919,0.3,0.45,0.6,0.9,Normal
SUTLEJ,Bhakara**,03-Aug-24,18:00 Hrs,,-,-,-,-,-,-,-,-
SUTLEJ,Sulemanki,03-Aug-24,18:00 Hrs,569,22318,560.8,9841,0.5,0.8,1.2,1.75,Normal
SUTLEJ,Islam,03-Aug-24,18:00 Hrs,455,4386,438.6,2336,0.5,0.8,1.2,1.75,Normal
INDUS,khairabad,03-Aug-24,23:59 Hrs,-,-,31.2,384500,2.25,3.75,5,6.5,Medium
INDUS,Kalabagh,03-Aug-24,23:59 Hrs,693.5,335944,683,327960,2.5,3.75,5,6.5,Low
INDUS,Chashma,03-Aug-24,23:59 Hrs,643,426319,618.8,404135,2.5,3.75,5,6.5,Medium
INDUS,Taunsa,03-Aug-24,23:59 Hrs,446.2,351246,432.2,331946,2.5,3.75,5,6.5,Low
INDUS,Guddu,03-Aug-24,23:59 Hrs,257.4,197755,250.8,197755,2,3.5,5,7,Normal
INDUS,Sukkar,03-Aug-24,23:59 Hrs,199.9,147515,194.5,111715,2,3.5,5,7,Normal
INDUS,Kotri,03-Aug-24,23:59 Hrs,69.9,77085,50.5,40770,2.5,4,5,6.5,Normal
JHELUM,Kotli,03-Aug-24,23:59 Hrs,-,-,8.7,5330,-,-,-,-,-
JHELUM,Rasul,03-Aug-24,23:59 Hrs,719,2740,691.5,-,0.75,1.1,1.5,2.25,Normal
CHENAB,Marala,03-Aug-24,23:59 Hrs,812,81986,798.9,54336,1,1.5,2,4,Normal
CHENAB,Khanki,03-Aug-24,23:59 Hrs,733,53082,724.6,45208,1,1.5,2,4,Normal
CHENAB,Qadirabad,03-Aug-24,23:59 Hrs,700,56805,687.9,38805,1,1.5,2,4,Normal
CHENAB,Trimmu,03-Aug-24,23:59 Hrs,490.5,52842,484,37292,1.5,2,3,4.5,Normal
CHENAB,Punjnad,03-Aug-24,23:59 Hrs,338,21369,328.3,13749,1.5,2,3,4.5,Normal
RAVI,Jassar,03-Aug-24,23:59 Hrs,-,-,778,6353,0.5,0.75,1,1.5,Normal
RAVI,Shahdara,03-Aug-24,23:59 Hrs,-,-,674.5,20626,0.4,0.65,0.9,1.35,Normal
RAVI,Balloki,03-Aug-24,23:59 Hrs,633.5,50530,621.7,22080,0.4,0.65,0.9,1.35,Normal
RAVI,Sidhnai,03-Aug-24,23:59 Hrs,467,25019,457.6,10919,0.3,0.45,0.6,0.9,Normal
SUTLEJ,Bhakara**,03-Aug-24,23:59 Hrs,,-,-,-,-,-,-,-,-
SUTLEJ,Sulemanki,03-Aug-24,23:59 Hrs,569,22318,560.8,9841,0.5,0.8,1.2,1.75,Normal
SUTLEJ,Islam,03-Aug-24,23:59 Hrs,455,3686,438.6,2336,0.5,0.8,1.2,1.75,Normal
INDUS,khairabad,04-Aug-24,06:00 Hrs,-,-,32,395900,2.25,3.75,5,6.5,Medium
INDUS,Kalabagh,04-Aug-24,06:00 Hrs,693.5,337780,683,329796,2.5,3.75,5,6.5,Low
INDUS,Chashma,04-Aug-24,06:00 Hrs,642.5,423025,618.8,399335,2.5,3.75,5,6.5,Medium
INDUS,Chashma,04-Aug-24,07:00 Hrs,642.4,410049,618.7,387515,2.5,3.75,5,6.5,Medium
INDUS,Chashma,04-Aug-24,08:00 Hrs,642.3,407251,618.7,383561,2.5,3.75,5,6.5,Medium
INDUS,Chashma,04-Aug-24,09:00 Hrs,642.2,402640,618.6,380106,2.5,3.75,5,6.5,Medium
INDUS,Chashma,04-Aug-24,10:00 Hrs,642.1,406054,618.5,383500,2.5,3.75,5,6.5,Medium
INDUS,Chashma,04-Aug-24,11:00 Hrs,642,401782,618.4,379248,2.5,3.75,5,6.5,Medium
INDUS,Taunsa,04-Aug-24,06:00 Hrs,446.2,351246,432.2,331746,2.5,3.75,5,6.5,Low
INDUS,Guddu,04-Aug-24,06:00 Hrs,255.3,199508,251,199508,2,3.5,5,7,Normal
INDUS,Sukkar,04-Aug-24,06:00 Hrs,199.8,167325,196.4,138825,2,3.5,5,7,Normal
INDUS,Kotri,04-Aug-24,06:00 Hrs,69.9,78389,50.9,44454,2.5,4,5,6.5,Normal
JHELUM,Kotli,04-Aug-24,06:00 Hrs,-,-,8.6,5070,-,-,-,-,-
JHELUM,Rasul,04-Aug-24,06:00 Hrs,719,2740,691.5,-,0.75,1.1,1.5,2.25,Normal
CHENAB,Marala,04-Aug-24,06:00 Hrs,812,81486,798.9,54336,1,1.5,2,4,Normal
CHENAB,Khanki,04-Aug-24,06:00 Hrs,733,57009,724.8,49135,1,1.5,2,4,Normal
CHENAB,Qadirabad,04-Aug-24,06:00 Hrs,700,48314,686.6,30314,1,1.5,2,4,Normal
CHENAB,Trimmu,04-Aug-24,06:00 Hrs,490.5,52462,484.1,36912,1.5,2,3,4.5,Normal
CHENAB,Punjnad,04-Aug-24,06:00 Hrs,338,24909,329.4,17289,1.5,2,3,4.5,Normal
RAVI,Jassar,04-Aug-24,06:00 Hrs,-,-,778,6353,0.5,0.75,1,1.5,Normal
RAVI,Shahdara,04-Aug-24,06:00 Hrs,-,-,674.3,19496,0.4,0.65,0.9,1.35,Normal
RAVI,Balloki,04-Aug-24,06:00 Hrs,633.5,51685,621.8,23235,0.4,0.65,0.9,1.35,Normal
RAVI,Sidhnai,04-Aug-24,06:00 Hrs,467,25019,457.6,10919,0.3,0.45,0.6,0.9,Normal
SUTLEJ,Bhakara**,04-Aug-24,06:00 Hrs,,-,-,-,-,-,-,-,-
SUTLEJ,Sulemanki,04-Aug-24,06:00 Hrs,569,22223,560.8,9841,0.5,0.8,1.2,1.75,Normal
SUTLEJ,Islam,04-Aug-24,06:00 Hrs,455,4294,438.6,2944,0.5,0.8,1.2,1.75,Normal
INDUS,khairabad,04-Aug-24,12:00 Hrs,-,-,29,353700,2.25,3.75,5,6.5,Low
INDUS,Kalabagh,04-Aug-24,12:00 Hrs,693.5,357596,683.2,349592,2.5,3.75,5,6.5,Low
INDUS,Chashma,04-Aug-24,12:00 Hrs,642,394550,618.3,370866,2.5,3.75,5,6.5,Low
INDUS,Taunsa,04-Aug-24,12:00 Hrs,446.2,351246,432.2,331746,2.5,3.75,5,6.5,Low
INDUS,Guddu,04-Aug-24,12:00 Hrs,255.3,199508,251,199508,2,3.5,5,7,Normal
INDUS,Sukkar,04-Aug-24,12:00 Hrs,199.8,171150,196.6,148950,2,3.5,5,7,Normal
INDUS,Kotri,04-Aug-24,12:00 Hrs,69.9,79755,51.1,46260,2.5,4,5,6.5,Normal
JHELUM,Kotli,04-Aug-24,12:00 Hrs,-,-,8.4,4590,-,-,-,-,-
JHELUM,Rasul,04-Aug-24,12:00 Hrs,719,8231,694,5341,0.75,1.1,1.5,2.25,Normal
CHENAB,Marala,04-Aug-24,12:00 Hrs,812,86839,799.4,59689,1,1.5,2,4,Normal
CHENAB,Khanki,04-Aug-24,12:00 Hrs,733,60146,725.2,52272,1,1.5,2,4,Normal
CHENAB,Qadirabad,04-Aug-24,12:00 Hrs,700,44441,686.4,26441,1,1.5,2,4,Normal
CHENAB,Trimmu,04-Aug-24,12:00 Hrs,490.5,53212,484.15,37662,1.5,2,3,4.5,Normal
CHENAB,Punjnad,04-Aug-24,12:00 Hrs,338,24909,329.4,17289,1.5,2,3,4.5,Normal
RAVI,Jassar,04-Aug-24,12:00 Hrs,-,-,777,4660,0.5,0.75,1,1.5,Normal
RAVI,Shahdara,04-Aug-24,12:00 Hrs,-,-,674.3,19496,0.4,0.65,0.9,1.35,Normal
RAVI,Balloki,04-Aug-24,12:00 Hrs,633.5,51685,621.8,23235,0.4,0.65,0.9,1.35,Normal
RAVI,Sidhnai,04-Aug-24,12:00 Hrs,467,25019,457.6,10919,0.3,0.45,0.6,0.9,Normal
SUTLEJ,Bhakara**,04-Aug-24,12:00 Hrs,,-,-,-,-,-,-,-,-
SUTLEJ,Sulemanki,04-Aug-24,12:00 Hrs,569,22223,560.8,9841,0.5,0.8,1.2,1.75,Normal
SUTLEJ,Islam,04-Aug-24,12:00 Hrs,455,4294,438.6,2944,0.5,0.8,1.2,1.75,Normal
INDUS,khairabad,04-Aug-24,18:00 Hrs,-,-,32,395900,2.25,3.75,5,6.5,Medium
INDUS,Kalabagh,04-Aug-24,18:00 Hrs,693.5,347859,683.1,339875,2.5,3.75,5,6.5,Low
INDUS,Chashma,04-Aug-24,18:00 Hrs,642,398380,618.2,374890,2.5,3.75,5,6.5,Low
INDUS,Taunsa,04-Aug-24,18:00 Hrs,446,350367,432.5,342367,2.5,3.75,5,6.5,Low
INDUS,Guddu,04-Aug-24,18:00 Hrs,255.3,216917,251,216917,2,3.5,5,7,Low
INDUS,Sukkar,04-Aug-24,18:00 Hrs,199.8,173500,196.7,153800,2,3.5,5,7,Normal
INDUS,Kotri,04-Aug-24,18:00 Hrs,69.9,79755,51.1,46260,2.5,4,5,6.5,Normal
JHELUM,Kotli,04-Aug-24,18:00 Hrs,-,-,8.3,4350,-,-,-,-,-
JHELUM,Rasul,04-Aug-24,18:00 Hrs,719,8231,694,5341,0.75,1.1,1.5,2.25,Normal
CHENAB,Marala,04-Aug-24,18:00 Hrs,812,87066,799.4,60016,1,1.5,2,4,Normal
CHENAB,Khanki,04-Aug-24,18:00 Hrs,733,75973,726,68099,1,1.5,2,4,Normal
CHENAB,Qadirabad,04-Aug-24,18:00 Hrs,700,63225,688,45225,1,1.5,2,4,Normal
CHENAB,Trimmu,04-Aug-24,18:00 Hrs,490.5,53212,484.15,37662,1.5,2,3,4.5,Normal
CHENAB,Punjnad,04-Aug-24,18:00 Hrs,338,24859,329.4,17289,1.5,2,3,4.5,Normal
RAVI,Jassar,04-Aug-24,18:00 Hrs,-,-,777,4660,0.5,0.75,1,1.5,Normal
RAVI,Shahdara,04-Aug-24,18:00 Hrs,-,-,674.3,19496,0.4,0.65,0.9,1.35,Normal
RAVI,Balloki,04-Aug-24,18:00 Hrs,633.5,51685,621.8,23235,0.4,0.65,0.9,1.35,Normal
RAVI,Sidhnai,04-Aug-24,18:00 Hrs,467,26318,457.8,12118,0.3,0.45,0.6,0.9,Normal
SUTLEJ,Bhakara**,04-Aug-24,18:00 Hrs,,-,-,-,-,-,-,-,-
SUTLEJ,Sulemanki,04-Aug-24,18:00 Hrs,569,24941,561.4,12559,0.5,0.8,1.2,1.75,Normal
SUTLEJ,Islam,04-Aug-24,18:00 Hrs,455,4947,439.1,3597,0.5,0.8,1.2,1.75,Normal
INDUS,khairabad,04-Aug-24,23:59 Hrs,-,-,34,424900,2.25,3.75,5,6.5,Medium
INDUS,Kalabagh,04-Aug-24,23:59 Hrs,693.5,347859,683.1,339875,2.5,3.75,5,6.5,Low
INDUS,Chashma,04-Aug-24,23:59 Hrs,641.6,410220,618.4,390908,2.5,3.75,5,6.5,Medium
INDUS,Taunsa,04-Aug-24,23:59 Hrs,446,376775,433,376775,2.5,3.75,5,6.5,Medium
INDUS,Guddu,04-Aug-24,23:59 Hrs,255.3,216917,251,216917,2,3.5,5,7,Low
INDUS,Sukkar,04-Aug-24,23:59 Hrs,199.8,173500,196.7,153800,2,3.5,5,7,Normal
INDUS,Kotri,04-Aug-24,23:59 Hrs,69.9,79755,51.1,46260,2.5,4,5,6.5,Normal
JHELUM,Kotli,04-Aug-24,23:59 Hrs,-,-,8.2,4110,-,-,-,-,-
JHELUM,Rasul,04-Aug-24,23:59 Hrs,719,2890,691.5,-,0.75,1.1,1.5,2.25,Normal
CHENAB,Marala,04-Aug-24,23:59 Hrs,812,98072,799.8,70722,1,1.5,2,4,Normal
CHENAB,Khanki,04-Aug-24,23:59 Hrs,733,74404,726.9,66504,1,1.5,2,4,Normal
CHENAB,Qadirabad,04-Aug-24,23:59 Hrs,700,63225,688,45225,1,1.5,2,4,Normal
CHENAB,Trimmu,04-Aug-24,23:59 Hrs,490.5,55139,484.3,39589,1.5,2,3,4.5,Normal
CHENAB,Punjnad,04-Aug-24,23:59 Hrs,338,31353,330.4,23783,1.5,2,3,4.5,Normal
RAVI,Jassar,04-Aug-24,23:59 Hrs,-,-,777,4660,0.5,0.75,1,1.5,Normal
RAVI,Shahdara,04-Aug-24,23:59 Hrs,-,-,674,17800,0.4,0.65,0.9,1.35,Normal
RAVI,Balloki,04-Aug-24,23:59 Hrs,633.5,51685,621.8,23235,0.4,0.65,0.9,1.35,Normal
RAVI,Sidhnai,04-Aug-24,23:59 Hrs,467,27803,458.1,13603,0.3,0.45,0.6,0.9,Normal
SUTLEJ,Bhakara**,04-Aug-24,23:59 Hrs,,-,-,-,-,-,-,-,-
SUTLEJ,Sulemanki,04-Aug-24,23:59 Hrs,569,24941,561.4,12559,0.5,0.8,1.2,1.75,Normal
SUTLEJ,Islam,04-Aug-24,23:59 Hrs,455,4947,439.1,3597,0.5,0.8,1.2,1.75,Normal
INDUS,khairabad,05-Aug-24,06:00 Hrs,-,-,34.2,427800,2.25,3.75,5,6.5,Medium
INDUS,Kalabagh,05-Aug-24,06:00 Hrs,693.5,369242,683.3,361258,2.5,3.75,5,6.5,Low
INDUS,Chashma,05-Aug-24,06:00 Hrs,641,418637,618.5,404102,2.5,3.75,5,6.5,Medium
INDUS,Taunsa,05-Aug-24,06:00 Hrs,446,398235,433.6,398235,2.5,3.75,5,6.5,Medium
INDUS,Guddu,05-Aug-24,06:00 Hrs,254.6,219091,251.6,219091,2,3.5,5,7,Low
INDUS,Sukkar,05-Aug-24,06:00 Hrs,199,186338,197.4,170458,2,3.5,5,7,Normal
INDUS,Kotri,05-Aug-24,06:00 Hrs,69.9,78955,51.1,46260,2.5,4,5,6.5,Normal
JHELUM,Kotli,05-Aug-24,06:00 Hrs,-,-,8.3,4350,-,-,-,-,-
JHELUM,Rasul,05-Aug-24,06:00 Hrs,719,2890,691.5,-,0.75,1.1,1.5,2.25,Normal
CHENAB,Marala,05-Aug-24,06:00 Hrs,812,76660,798.5,49310,1,1.5,2,4,Normal
CHENAB,Khanki,05-Aug-24,06:00 Hrs,733,73445,726.1,65555,1,1.5,2,4,Normal
CHENAB,Qadirabad,05-Aug-24,06:00 Hrs,700,63225,688,45225,1,1.5,2,4,Normal
CHENAB,Trimmu,05-Aug-24,06:00 Hrs,490.5,57610,484.5,42060,1.5,2,3,4.5,Normal
CHENAB,Punjnad,05-Aug-24,06:00 Hrs,338,34077,338.8,26507,1.5,2,3,4.5,Normal
RAVI,Jassar,05-Aug-24,06:00 Hrs,-,-,777,4660,0.5,0.75,1,1.5,Normal
RAVI,Shahdara,05-Aug-24,06:00 Hrs,-,-,674,17800,0.4,0.65,0.9,1.35,Normal
RAVI,Balloki,05-Aug-24,06:00 Hrs,633.5,51685,621.8,23235,0.4,0.65,0.9,1.35,Normal
RAVI,Sidhnai,05-Aug-24,06:00 Hrs,467,27803,458.1,13603,0.3,0.45,0.6,0.9,Normal
SUTLEJ,Bhakara**,05-Aug-24,06:00 Hrs,,-,-,-,-,-,-,-,-
SUTLEJ,Sulemanki,05-Aug-24,06:00 Hrs,569,24941,561.4,12559,0.5,0.8,1.2,1.75,Normal
SUTLEJ,Islam,05-Aug-24,06:00 Hrs,455,4947,439.1,3597,0.5,0.8,1.2,1.75,Normal
INDUS,khairabad,05-Aug-24,12:00 Hrs,-,-,34.8,436700,2.25,3.75,5,6.5,Medium
INDUS,Kalabagh,05-Aug-24,12:00 Hrs,693.5,381815,683.6,373831,2.5,3.75,5,6.5,Low
INDUS,Chashma,05-Aug-24,12:00 Hrs,641,409606,618.5,393036,2.5,3.75,5,6.5,Medium
INDUS,Taunsa,05-Aug-24,12:00 Hrs,446,407105,433.9,407105,2.5,3.75,5,6.5,Medium
INDUS,Guddu,05-Aug-24,12:00 Hrs,254.8,232313,251.65,231130,2,3.5,5,7,Low
INDUS,Sukkar,05-Aug-24,12:00 Hrs,199,186338,197.4,170458,2,3.5,5,7,Normal
INDUS,Kotri,05-Aug-24,12:00 Hrs,69.8,82502,51.6,49807,2.5,4,5,6.5,Normal
JHELUM,Kotli,05-Aug-24,12:00 Hrs,-,-,8.3,4350,-,-,-,-,-
JHELUM,Rasul,05-Aug-24,12:00 Hrs,719,8231,694,5341,0.75,1.1,1.5,2.25,Normal
CHENAB,Marala,05-Aug-24,12:00 Hrs,812,81813,798.9,54663,1,1.5,2,4,Normal
CHENAB,Khanki,05-Aug-24,12:00 Hrs,733,76022,726.4,68122,1,1.5,2,4,Normal
CHENAB,Qadirabad,05-Aug-24,12:00 Hrs,700,68146,688.3,50146,1,1.5,2,4,Normal
CHENAB,Trimmu,05-Aug-24,12:00 Hrs,490.5,57610,484.5,42060,1.5,2,3,4.5,Normal
CHENAB,Punjnad,05-Aug-24,12:00 Hrs,338,35857,330.8,26507,1.5,2,3,4.5,Normal
RAVI,Jassar,05-Aug-24,12:00 Hrs,-,-,776.7,3901,0.5,0.75,1,1.5,Normal
RAVI,Shahdara,05-Aug-24,12:00 Hrs,-,-,674,17800,0.4,0.65,0.9,1.35,Normal
RAVI,Balloki,05-Aug-24,12:00 Hrs,633.5,49375,621.7,20925,0.4,0.65,0.9,1.35,Normal
RAVI,Sidhnai,05-Aug-24,12:00 Hrs,467,29492,458.4,15292,0.3,0.45,0.6,0.9,Normal
SUTLEJ,Bhakara**,05-Aug-24,12:00 Hrs,-,-,-,-,-,-,-,-,-
SUTLEJ,Sulemanki,05-Aug-24,12:00 Hrs,569,24941,561.4,12559,0.5,0.8,1.2,1.75,Normal
SUTLEJ,Islam,05-Aug-24,12:00 Hrs,455,4997,439.1,3597,0.5,0.8,1.2,1.75,Normal
INDUS,khairabad,05-Aug-24,18:00 Hrs,-,-,33.6,419000,2.25,3.75,5,6.5,Medium
INDUS,Kalabagh,05-Aug-24,18:00 Hrs,693.5,381815,683.6,373831,2.5,3.75,5,6.5,Low
INDUS,Chashma,05-Aug-24,18:00 Hrs,641,405849,618.3,389279,2.5,3.75,5,6.5,Medium
INDUS,Chashma,05-Aug-24,21:00 Hrs,641,402731,618.2,386011,2.5,3.75,5,6.5,Medium
INDUS,Taunsa,05-Aug-24,18:00 Hrs,446,407105,433.9,407105,2.5,3.75,5,6.5,Medium
INDUS,Taunsa,05-Aug-24,21:00 Hrs,446,407105,433.9,407105,2.5,3.75,5,6.5,Medium
INDUS,Guddu,05-Aug-24,18:00 Hrs,255.2,249783,251.7,248783,2,3.5,5,7,Low
INDUS,Sukkar,05-Aug-24,18:00 Hrs,199,187508,197.4,170458,2,3.5,5,7,Normal
INDUS,Kotri,05-Aug-24,18:00 Hrs,69.8,83902,51.6,49807,2.5,4,5,6.5,Normal
JHELUM,Kotli,05-Aug-24,18:00 Hrs,-,-,8.2,4110,-,-,-,-,-
JHELUM,Rasul,05-Aug-24,18:00 Hrs,719,8231,694,5341,0.75,1.1,1.5,2.25,Normal
CHENAB,Marala,05-Aug-24,18:00 Hrs,812,82063,798.9,54663,1,1.5,2,4,Normal
CHENAB,Khanki,05-Aug-24,18:00 Hrs,733,73554,726.1,65555,1,1.5,2,4,Normal
CHENAB,Qadirabad,05-Aug-24,18:00 Hrs,700,68146,688.3,50146,1,1.5,2,4,Normal
CHENAB,Trimmu,05-Aug-24,18:00 Hrs,490.5,62841,485.1,47291,1.5,2,3,4.5,Normal
CHENAB,Punjnad,05-Aug-24,18:00 Hrs,338,35907,330.8,26507,1.5,2,3,4.5,Normal
RAVI,Jassar,05-Aug-24,18:00 Hrs,-,-,776.7,3901,0.5,0.75,1,1.5,Normal
RAVI,Shahdara,05-Aug-24,18:00 Hrs,-,-,674,17800,0.4,0.65,0.9,1.35,Normal
RAVI,Balloki,05-Aug-24,18:00 Hrs,633.5,49375,621.7,20925,0.4,0.65,0.9,1.35,Normal
RAVI,Sidhnai,05-Aug-24,18:00 Hrs,467,29692,458.4,15292,0.3,0.45,0.6,0.9,Normal
SUTLEJ,Bhakara**,05-Aug-24,18:00 Hrs,-,-,-,-,-,-,-,-,-
SUTLEJ,Sulemanki,05-Aug-24,18:00 Hrs,569,21219,561,8837,0.5,0.8,1.2,1.75,Normal
SUTLEJ,Islam,05-Aug-24,18:00 Hrs,455,6293,439.5,4293,0.5,0.8,1.2,1.75,Normal
INDUS,khairabad,05-Aug-24,23:59 Hrs,-,-,32.9,408800,2.25,3.75,5,6.5,Medium
INDUS,Kalabagh,05-Aug-24,23:59 Hrs,693.5,381815,683.6,373831,2.5,3.75,5,6.5,Low
INDUS,Chashma,05-Aug-24,23:59 Hrs,641,396013,618.1,379143,2.5,3.75,5,6.5,Medium
INDUS,Taunsa,05-Aug-24,23:59 Hrs,446,407105,433.9,407105,2.5,3.75,5,6.5,Medium
INDUS,Guddu,05-Aug-24,23:59 Hrs,255.2,249783,251.7,248783,2,3.5,5,7,Low
INDUS,Sukkar,05-Aug-24,23:59 Hrs,199,187508,197.4,170458,2,3.5,5,7,Normal
INDUS,Kotri,05-Aug-24,23:59 Hrs,69.8,83902,51.6,49807,2.5,4,5,6.5,Normal
JHELUM,Kotli,05-Aug-24,23:59 Hrs,-,-,8.1,3880,-,-,-,-,-
JHELUM,Rasul,05-Aug-24,23:59 Hrs,719,2890,691.5,-,0.75,1.1,1.5,2.25,Normal
CHENAB,Marala,05-Aug-24,23:59 Hrs,812,87716,799.4,60016,1,1.5,2,4,Normal
CHENAB,Khanki,05-Aug-24,23:59 Hrs,733,68684,725.8,60685,1,1.5,2,4,Normal
CHENAB,Qadirabad,05-Aug-24,23:59 Hrs,700,65615,688.2,47615,1,1.5,2,4,Normal
CHENAB,Trimmu,05-Aug-24,23:59 Hrs,490.5,66063,485.2,50513,1.5,2,3,4.5,Normal
CHENAB,Punjnad,05-Aug-24,23:59 Hrs,338,35907,330.8,26507,1.5,2,3,4.5,Normal
RAVI,Jassar,05-Aug-24,23:59 Hrs,-,-,776.7,3901,0.5,0.75,1,1.5,Normal
RAVI,Shahdara,05-Aug-24,23:59 Hrs,-,-,673.8,16985,0.4,0.65,0.9,1.35,Normal
RAVI,Balloki,05-Aug-24,23:59 Hrs,633.5,49375,621.7,20925,0.4,0.65,0.9,1.35,Normal
RAVI,Sidhnai,05-Aug-24,23:59 Hrs,467,30584,458.5,16234,0.3,0.45,0.6,0.9,Normal
SUTLEJ,Bhakara**,05-Aug-24,23:59 Hrs,-,-,-,-,-,-,-,-,-
SUTLEJ,Sulemanki,05-Aug-24,23:59 Hrs,569,21219,561,8837,0.5,0.8,1.2,1.75,Normal
SUTLEJ,Islam,05-Aug-24,23:59 Hrs,455,6293,439.5,4293,0.5,0.8,1.2,1.75,Normal
INDUS,khairabad,06-Aug-24,06:00 Hrs,-,-,31.5,388700,2.25,3.75,5,6.5,Medium
INDUS,Kalabagh,06-Aug-24,06:00 Hrs,693.5,381815,683.6,373831,2.5,3.75,5,6.5,Low
INDUS,Chashma,06-Aug-24,06:00 Hrs,641,406818,618.1,389648,2.5,3.75,5,6.5,Medium
INDUS,Chashma,06-Aug-24,09:00 Hrs,641,423828,618.2,406808,2.5,3.75,5,6.5,Medium
INDUS,Taunsa,06-Aug-24,06:00 Hrs,446,411278,434.1,411278,2.5,3.75,5,6.5,Medium
INDUS,Taunsa,06-Aug-24,09:00 Hrs,446,411278,434.1,411278,2.5,3.75,5,6.5,Medium
INDUS,Guddu,06-Aug-24,06:00 Hrs,255,258678,251.8,255470,2,3.5,5,7,Low
INDUS,Sukkar,06-Aug-24,06:00 Hrs,199.4,201370,197.6,185200,2,3.5,5,7,Normal
INDUS,Kotri,06-Aug-24,06:00 Hrs,69.9,90131,51.8,54636,2.5,4,5,6.5,Normal
JHELUM,Kotli,06-Aug-24,06:00 Hrs,-,-,8.2,4110,-,-,-,-,-
JHELUM,Rasul,06-Aug-24,06:00 Hrs,719,2890,691.5,-,0.75,1.1,1.5,2.25,Normal
CHENAB,Marala,06-Aug-24,06:00 Hrs,812,82363,798.9,54663,1,1.5,2,4,Normal
CHENAB,Khanki,06-Aug-24,06:00 Hrs,733,64269,725.3,56270,1,1.5,2,4,Normal
CHENAB,Qadirabad,06-Aug-24,06:00 Hrs,700,63225,688,45225,1,1.5,2,4,Normal
CHENAB,Trimmu,06-Aug-24,06:00 Hrs,490.5,78733,485.5,63223,1.5,2,3,4.5,Normal
CHENAB,Punjnad,06-Aug-24,06:00 Hrs,338,37907,330.8,26507,1.5,2,3,4.5,Normal
RAVI,Jassar,06-Aug-24,06:00 Hrs,-,-,776.7,3901,0.5,0.75,1,1.5,Normal
RAVI,Shahdara,06-Aug-24,06:00 Hrs,-,-,673.8,16985,0.4,0.65,0.9,1.35,Normal
RAVI,Balloki,06-Aug-24,06:00 Hrs,633.5,49375,621.7,20925,0.4,0.65,0.9,1.35,Normal
RAVI,Sidhnai,06-Aug-24,06:00 Hrs,467,32100,458.7,17750,0.3,0.45,0.6,0.9,Normal
SUTLEJ,Bhakara**,06-Aug-24,06:00 Hrs,-,-,-,-,-,-,-,-,-
SUTLEJ,Sulemanki,06-Aug-24,06:00 Hrs,569,20387,560.5,8005,0.5,0.8,1.2,1.75,Normal
SUTLEJ,Islam,06-Aug-24,06:00 Hrs,455,7028,439.7,5028,0.5,0.8,1.2,1.75,Normal
INDUS,khairabad,06-Aug-24,12:00 Hrs,-,-,29.8,364800,2.25,3.75,5,6.5,Low
INDUS,Kalabagh,06-Aug-24,12:00 Hrs,693.5,381665,683.5,373681,2.5,3.75,5,6.5,Low
INDUS,Chashma,06-Aug-24,12:00 Hrs,641,425292,618.2,408222,2.5,3.75,5,6.5,Medium
INDUS,Chashma,06-Aug-24,15:00 Hrs,641,425292,618.2,408222,2.5,3.75,5,6.5,Medium
INDUS,Taunsa,06-Aug-24,12:00 Hrs,446,411278,434.1,411278,2.5,3.75,5,6.5,Medium
INDUS,Taunsa,06-Aug-24,15:00 Hrs,446,411278,434.1,411278,2.5,3.75,5,6.5,Medium
INDUS,Guddu,06-Aug-24,12:00 Hrs,255.2,297768,252,293701,2,3.5,5,7,Low
INDUS,Sukkar,06-Aug-24,12:00 Hrs,199.4,209520,197.7,193350,2,3.5,5,7,Normal
INDUS,Kotri,06-Aug-24,12:00 Hrs,69.8,102793,52.8,67298,2.5,4,5,6.5,Normal
JHELUM,Kotli,06-Aug-24,12:00 Hrs,-,-,8.6,5070,-,-,-,-,-
JHELUM,Rasul,06-Aug-24,12:00 Hrs,719,2890,691.5,-,0.75,1.1,1.5,2.25,Normal
CHENAB,Marala,06-Aug-24,12:00 Hrs,812,87716,799.4,60016,1,1.5,2,4,Normal
CHENAB,Khanki,06-Aug-24,12:00 Hrs,733,68862,725.8,60685,1,1.5,2,4,Normal
CHENAB,Qadirabad,06-Aug-24,12:00 Hrs,700,58272,687.7,40272,1,1.5,2,4,Normal
CHENAB,Trimmu,06-Aug-24,12:00 Hrs,490.5,78773,485.5,63223,1.5,2,3,4.5,Normal
CHENAB,Punjnad,06-Aug-24,12:00 Hrs,338,37907,330.8,26507,1.5,2,3,4.5,Normal
RAVI,Jassar,06-Aug-24,12:00 Hrs,-,-,776.4,3141,0.5,0.75,1,1.5,Normal
RAVI,Shahdara,06-Aug-24,12:00 Hrs,-,-,673.8,16985,0.4,0.65,0.9,1.35,Normal
RAVI,Balloki,06-Aug-24,12:00 Hrs,633.5,45915,621.1,17465,0.4,0.65,0.9,1.35,Normal
RAVI,Sidhnai,06-Aug-24,12:00 Hrs,467,32200,458.7,17750,0.3,0.45,0.6,0.9,Normal
SUTLEJ,Bhakara**,06-Aug-24,12:00 Hrs,-,-,-,-,-,-,-,-,-
SUTLEJ,Sulemanki,06-Aug-24,12:00 Hrs,569,20387,560.5,8005,0.5,0.8,1.2,1.75,Normal
SUTLEJ,Islam,06-Aug-24,12:00 Hrs,455,8609,440.4,6609,0.5,0.8,1.2,1.75,Normal
INDUS,khairabad,06-Aug-24,18:00 Hrs,-,-,27.5,333200,2.25,3.75,5,6.5,Low
INDUS,Kalabagh,06-Aug-24,18:00 Hrs,693.5,369962,683.3,361978,2.5,3.75,5,6.5,Low
INDUS,Chashma,06-Aug-24,18:00 Hrs,640.9,428844,618.2,412568,2.5,3.75,5,6.5,Medium
INDUS,Chashma,06-Aug-24,21:00 Hrs,640.8,423845,618.2,406735,2.5,3.75,5,6.5,Medium
INDUS,Taunsa,06-Aug-24,18:00 Hrs,446,411278,434.1,411278,2.5,3.75,5,6.5,Medium
INDUS,Taunsa,06-Aug-24,21:00 Hrs,445.8,410090,434.1,410090,2.5,3.75,5,6.5,Medium
INDUS,Guddu,06-Aug-24,18:00 Hrs,255.2,299102,252.4,294954,2,3.5,5,7,Low
INDUS,Sukkar,06-Aug-24,18:00 Hrs,199.4,217780,197.75,201610,2,3.5,5,7,Low
INDUS,Kotri,06-Aug-24,18:00 Hrs,69.8,110328,53.3,74393,2.5,4,5,6.5,Normal
JHELUM,Kotli,06-Aug-24,18:00 Hrs,-,-,8.4,4590,-,-,-,-,-
JHELUM,Rasul,06-Aug-24,18:00 Hrs,719,2890,691.5,Nil,0.75,1.1,1.5,2.25,Normal
CHENAB,Marala,06-Aug-24,18:00 Hrs,812,129802,800.8,102102,1,1.5,2,4,Low
CHENAB,Khanki,06-Aug-24,18:00 Hrs,733,73805,726.1,65555,1,1.5,2,4,Normal
CHENAB,Qadirabad,06-Aug-24,18:00 Hrs,700,63225,688,45225,1,1.5,2,4,Normal
CHENAB,Trimmu,06-Aug-24,18:00 Hrs,490.5,76913,485.3,61363,1.5,2,3,4.5,Normal
CHENAB,Punjnad,06-Aug-24,18:00 Hrs,338,37857,330.8,26507,1.5,2,3,4.5,Normal
RAVI,Jassar,06-Aug-24,18:00 Hrs,-,-,776.7,3901,0.5,0.75,1,1.5,Normal
RAVI,Shahdara,06-Aug-24,18:00 Hrs,-,-,673.8,16985,0.4,0.65,0.9,1.35,Normal
RAVI,Balloki,06-Aug-24,18:00 Hrs,633.5,45915,621.1,17465,0.4,0.65,0.9,1.35,Normal
RAVI,Sidhnai,06-Aug-24,18:00 Hrs,467,32300,458.7,17750,0.3,0.45,0.6,0.9,Normal
SUTLEJ,Bhakara**,06-Aug-24,18:00 Hrs,-,-,-,-,-,-,-,-,-
SUTLEJ,Sulemanki,06-Aug-24,18:00 Hrs,569,18548,560,5868,0.5,0.8,1.2,1.75,Normal
SUTLEJ,Islam,06-Aug-24,18:00 Hrs,455,9452,440.6,7452,0.5,0.8,1.2,1.75,Normal
INDUS,khairabad,06-Aug-24,23:59 Hrs,-,-,31.1,383100,2.25,3.75,5,6.5,Medium
INDUS,Kalabagh,06-Aug-24,23:59 Hrs,693.5,341287,682.9,333303,2.5,3.75,5,6.5,Low
INDUS,Chashma,06-Aug-24,23:59 Hrs,640.7,424988,618.3,408712,2.5,3.75,5,6.5,Medium
INDUS,Taunsa,06-Aug-24,23:59 Hrs,445.8,410090,434.1,410090,2.5,3.75,5,6.5,Medium
INDUS,Guddu,06-Aug-24,23:59 Hrs,255.2,299102,252.4,294954,2,3.5,5,7,Low
INDUS,Sukkar,06-Aug-24,23:59 Hrs,199.4,217780,197.75,201610,2,3.5,5,7,Low
INDUS,Kotri,06-Aug-24,23:59 Hrs,69.8,110328,53.3,74393,2.5,4,5,6.5,Normal
JHELUM,Kotli,06-Aug-24,23:59 Hrs,-,-,8.4,4590,-,-,-,-,-
JHELUM,Rasul,06-Aug-24,23:59 Hrs,719,8231,694,5341,0.75,1.1,1.5,2.25,Normal
CHENAB,Marala,06-Aug-24,23:59 Hrs,812,112940,800.4,84840,1,1.5,2,4,Normal
CHENAB,Khanki,06-Aug-24,23:59 Hrs,733,77842,726.5,69592,1,1.5,2,4,Normal
CHENAB,Qadirabad,06-Aug-24,23:59 Hrs,700,63225,688,45225,1,1.5,2,4,Normal
CHENAB,Trimmu,06-Aug-24,23:59 Hrs,490.5,70243,484.85,54693,1.5,2,3,4.5,Normal
CHENAB,Punjnad,06-Aug-24,23:59 Hrs,338,37857,330.8,26507,1.5,2,3,4.5,Normal
RAVI,Jassar,06-Aug-24,23:59 Hrs,-,-,777.5,5507,0.5,0.75,1,1.5,Normal
RAVI,Shahdara,06-Aug-24,23:59 Hrs,-,-,673.6,16168,0.4,0.65,0.9,1.35,Normal
RAVI,Balloki,06-Aug-24,23:59 Hrs,633.5,46040,621.1,17465,0.4,0.65,0.9,1.35,Normal
RAVI,Sidhnai,06-Aug-24,23:59 Hrs,467,32300,458.71,17750,0.3,0.45,0.6,0.9,Normal
SUTLEJ,Bhakara**,06-Aug-24,23:59 Hrs,-,-,-,-,-,-,-,-,-
SUTLEJ,Sulemanki,06-Aug-24,23:59 Hrs,569,18548,560,5868,0.5,0.8,1.2,1.75,Normal
SUTLEJ,Islam,06-Aug-24,23:59 Hrs,455,9452,440.6,7452,0.5,0.8,1.2,1.75,Normal
INDUS,khairabad,07-Aug-24,06:00 Hrs,-,-,33.5,417600,2.25,3.75,5,6.5,Medium
INDUS,Kalabagh,07-Aug-24,06:00 Hrs,693.5,331947,682.6,323947,2.5,3.75,5,6.5,Low
INDUS,Chashma,07-Aug-24,06:00 Hrs,640,409557,618.2,394331,2.5,3.75,5,6.5,Medium
INDUS,Chashma,07-Aug-24,09:00 Hrs,640,409380,671.2,393327,2.5,3.75,5,6.5,Medium
INDUS,Taunsa,07-Aug-24,06:00 Hrs,445.8,410090,434.1,410090,2.5,3.75,5,6.5,Medium
INDUS,Taunsa,07-Aug-24,09:00 Hrs,445.8,406674,434.1,406674,2.5,3.75,5,6.5,Medium
INDUS,Guddu,07-Aug-24,06:00 Hrs,255.8,312384,252.7,306222,2,3.5,5,7,Low
INDUS,Sukkar,07-Aug-24,06:00 Hrs,199.6,236600,197.8,218050,2,3.5,5,7,Low
INDUS,Kotri,07-Aug-24,06:00 Hrs,69.8,124315,54.2,87820,2.5,4,5,6.5,Normal
JHELUM,Kotli,07-Aug-24,06:00 Hrs,-,-,9.2,6640,-,-,-,-,-
JHELUM,Rasul,07-Aug-24,06:00 Hrs,719,8231,694,5341,0.75,1.1,1.5,2.25,Normal
CHENAB,Marala,07-Aug-24,06:00 Hrs,812,88116,799.4,60016,1,1.5,2,4,Normal
CHENAB,Khanki,07-Aug-24,06:00 Hrs,733,85068,727.5,76818,1,1.5,2,4,Normal
CHENAB,Qadirabad,07-Aug-24,06:00 Hrs,700,68146,688.3,50146,1,1.5,2,4,Normal
CHENAB,Trimmu,07-Aug-24,06:00 Hrs,490.5,63708,484.4,48158,1.5,2,3,4.5,Normal
CHENAB,Punjnad,07-Aug-24,06:00 Hrs,338,37857,330.8,26507,1.5,2,3,4.5,Normal
RAVI,Jassar,07-Aug-24,06:00 Hrs,-,-,779,8846,0.5,0.75,1,1.5,Normal
RAVI,Shahdara,07-Aug-24,06:00 Hrs,-,-,673.6,16168,0.4,0.65,0.9,1.35,Normal
RAVI,Balloki,07-Aug-24,06:00 Hrs,633.5,44885,621,16310,0.4,0.65,0.9,1.35,Normal
RAVI,Sidhnai,07-Aug-24,06:00 Hrs,467,32300,458.71,17750,0.3,0.45,0.6,0.9,Normal
SUTLEJ,Bhakara**,07-Aug-24,06:00 Hrs,-,-,-,-,-,-,-,-,-
SUTLEJ,Sulemanki,07-Aug-24,06:00 Hrs,569,18548,560,5868,0.5,0.8,1.2,1.75,Normal
SUTLEJ,Islam,07-Aug-24,06:00 Hrs,455,9452,440.6,7452,0.5,0.8,1.2,1.75,Normal
INDUS,khairabad,07-Aug-24,12:00 Hrs,-,-,32.2,398800,2.25,3.75,5,6.5,Medium
INDUS,Kalabagh,07-Aug-24,12:00 Hrs,693.5,359637,683.2,351637,2.5,3.75,5,6.5,Low
INDUS,Chashma,07-Aug-24,12:00 Hrs,640,399477,617.3,383417,2.5,3.75,5,6.5,Medium
INDUS,Taunsa,07-Aug-24,12:00 Hrs,445.8,406674,434.1,406674,2.5,3.75,5,6.5,Medium
INDUS,Guddu,07-Aug-24,12:00 Hrs,255.8,314402,252.8,307888,2,3.5,5,7,Low
INDUS,Sukkar,07-Aug-24,12:00 Hrs,199.6,245220,197.85,226540,2,3.5,5,7,Low
INDUS,Kotri,07-Aug-24,12:00 Hrs,69.8,129876,54.7,92681,2.5,4,5,6.5,Normal
JHELUM,Kotli,07-Aug-24,12:00 Hrs,-,-,9.9,8620,-,-,-,-,-
JHELUM,Rasul,07-Aug-24,12:00 Hrs,719,2890,691.5,-,0.75,1.1,1.5,2.25,Normal
CHENAB,Marala,07-Aug-24,12:00 Hrs,812,108178,800.2,80028,1,1.5,2,4,Normal
CHENAB,Khanki,07-Aug-24,12:00 Hrs,733,96042,728,87792,1,1.5,2,4,Normal
CHENAB,Qadirabad,07-Aug-24,12:00 Hrs,700,85038,689.4,67038,1,1.5,2,4,Normal
CHENAB,Trimmu,07-Aug-24,12:00 Hrs,490.5,63708,484.4,48158,1.5,2,3,4.5,Normal
CHENAB,Punjnad,07-Aug-24,12:00 Hrs,338,37857,330.8,26507,1.5,2,3,4.5,Normal
RAVI,Jassar,07-Aug-24,12:00 Hrs,-,-,780.5,14636,0.5,0.75,1,1.5,Normal
RAVI,Shahdara,07-Aug-24,12:00 Hrs,-,-,673.6,16168,0.4,0.65,0.9,1.35,Normal
RAVI,Balloki,07-Aug-24,12:00 Hrs,633.5,43130,620.1,14555,0.4,0.65,0.9,1.35,Normal
RAVI,Sidhnai,07-Aug-24,12:00 Hrs,467,31075,458.5,16425,0.3,0.45,0.6,0.9,Normal
SUTLEJ,Bhakara**,07-Aug-24,12:00 Hrs,-,-,-,-,-,-,-,-,-
SUTLEJ,Sulemanki,07-Aug-24,12:00 Hrs,569,18548,560,5868,0.5,0.8,1.2,1.75,Normal
SUTLEJ,Islam,07-Aug-24,12:00 Hrs,455,10329,440.7,8329,0.5,0.8,1.2,1.75,Normal
INDUS,khairabad,07-Aug-24,18:00 Hrs,-,-,32.9,408800,2.25,3.75,5,6.5,Medium
INDUS,Kalabagh,07-Aug-24,18:00 Hrs,693.5,359637,683.2,351637,2.5,3.75,5,6.5,Low
INDUS,Chashma,07-Aug-24,18:00 Hrs,640,397244,617.2,381184,2.5,3.75,5,6.5,Medium
INDUS,Taunsa,07-Aug-24,18:00 Hrs,445.8,406674,434.1,406674,2.5,3.75,5,6.5,Medium
INDUS,Guddu,07-Aug-24,18:00 Hrs,256,332015,252.9,319976,2,3.5,5,7,Low
INDUS,Sukkar,07-Aug-24,18:00 Hrs,199.6,245590,197.85,226540,2,3.5,5,7,Low
INDUS,Kotri,07-Aug-24,18:00 Hrs,69.8,131276,54.7,92681,2.5,4,5,6.5,Normal
JHELUM,Kotli,07-Aug-24,18:00 Hrs,-,-,9.7,8040,-,-,-,-,-
JHELUM,Rasul,07-Aug-24,18:00 Hrs,719,8231,694,5341,0.75,1.1,1.5,2.25,Normal
CHENAB,Marala,07-Aug-24,18:00 Hrs,812,125494,801,97344,1,1.5,2,4,Normal
CHENAB,Khanki,07-Aug-24,18:00 Hrs,733,81503,727.2,73253,1,1.5,2,4,Normal
CHENAB,Qadirabad,07-Aug-24,18:00 Hrs,700,87088,690,69088,1,1.5,2,4,Normal
CHENAB,Trimmu,07-Aug-24,18:00 Hrs,490.5,52031,484.4,36481,1.5,2,3,4.5,Normal
CHENAB,Punjnad,07-Aug-24,18:00 Hrs,338,38157,330.8,26507,1.5,2,3,4.5,Normal
RAVI,Jassar,07-Aug-24,18:00 Hrs,-,-,780.3,13810,0.5,0.75,1,1.5,Normal
RAVI,Shahdara,07-Aug-24,18:00 Hrs,-,-,673.6,16168,0.4,0.65,0.9,1.35,Normal
RAVI,Balloki,07-Aug-24,18:00 Hrs,633.5,42545,620,13920,0.4,0.65,0.9,1.35,Normal
RAVI,Sidhnai,07-Aug-24,18:00 Hrs,467,30925,458.5,16425,0.3,0.45,0.6,0.9,Normal
SUTLEJ,Bhakara**,07-Aug-24,18:00 Hrs,-,-,-,-,-,-,-,-,-
SUTLEJ,Sulemanki,07-Aug-24,18:00 Hrs,569,18619,560,5868,0.5,0.8,1.2,1.75,Normal
SUTLEJ,Islam,07-Aug-24,18:00 Hrs,455,10329,440.7,8329,0.5,0.8,1.2,1.75,Normal
INDUS,khairabad,07-Aug-24,23:59 Hrs,-,-,34,424900,2.25,3.75,5,6.5,Medium
INDUS,Kalabagh,07-Aug-24,23:59 Hrs,693.5,359637,683.2,351637,2.5,3.75,5,6.5,Low
INDUS,Chashma,07-Aug-24,23:59 Hrs,640,395153,617.2,379095,2.5,3.75,5,6.5,Medium
INDUS,Taunsa,07-Aug-24,23:59 Hrs,445.8,406674,434.1,406674,2.5,3.75,5,6.5,Medium
INDUS,Guddu,07-Aug-24,23:59 Hrs,256,332015,252.9,319976,2,3.5,5,7,Low
INDUS,Sukkar,07-Aug-24,23:59 Hrs,199.6,245590,197.85,226540,2,3.5,5,7,Low
INDUS,Kotri,07-Aug-24,23:59 Hrs,69.8,131276,54.7,92681,2.5,4,5,6.5,Normal
JHELUM,Kotli,07-Aug-24,23:59 Hrs,-,-,9.5,7470,-,-,-,-,-
JHELUM,Rasul,07-Aug-24,23:59 Hrs,719,10880,694.8,7990,0.75,1.1,1.5,2.25,Normal
CHENAB,Marala,07-Aug-24,23:59 Hrs,812,123682,801,95232,1,1.5,2,4,Normal
CHENAB,Khanki,07-Aug-24,23:59 Hrs,733,81448,726.9,73198,1,1.5,2,4,Normal
CHENAB,Qadirabad,07-Aug-24,23:59 Hrs,700,85038,689.4,67038,1,1.5,2,4,Normal
CHENAB,Trimmu,07-Aug-24,23:59 Hrs,490.5,52031,484.4,36481,1.5,2,3,4.5,Normal
CHENAB,Punjnad,07-Aug-24,23:59 Hrs,338,38157,330.8,26507,1.5,2,3,4.5,Normal
RAVI,Jassar,07-Aug-24,23:59 Hrs,-,-,780,12571,0.5,0.75,1,1.5,Normal
RAVI,Shahdara,07-Aug-24,23:59 Hrs,-,-,674,17800,0.4,0.65,0.9,1.35,Normal
RAVI,Balloki,07-Aug-24,23:59 Hrs,633.5,42545,620,13920,0.4,0.65,0.9,1.35,Normal
RAVI,Sidhnai,07-Aug-24,23:59 Hrs,467,30925,458.5,16425,0.3,0.45,0.6,0.9,Normal
SUTLEJ,Bhakara**,07-Aug-24,23:59 Hrs,-,-,-,-,-,-,-,-,-
SUTLEJ,Sulemanki,07-Aug-24,23:59 Hrs,569,18619,560,5868,0.5,0.8,1.2,1.75,Normal
SUTLEJ,Islam,07-Aug-24,23:59 Hrs,455,10579,440.7,8329,0.5,0.8,1.2,1.75,Normal
INDUS,khairabad,08-Aug-24,06:00 Hrs,-,-,32.6,404500,2.25,3.75,5,6.5,Medium
INDUS,Kalabagh,08-Aug-24,06:00 Hrs,693.5,367263,683.4,359263,2.5,3.75,5,6.5,Low
INDUS,Chashma,08-Aug-24,06:00 Hrs,640,400062,617.2,384002,2.5,3.75,5,6.5,Medium
INDUS,Chashma,08-Aug-24,09:00 Hrs,640,396624,617.2,380564,2.5,3.75,5,6.5,Medium
INDUS,Taunsa,08-Aug-24,06:00 Hrs,445.7,429541,434.4,429541,2.5,3.75,5,6.5,Medium
INDUS,Taunsa,08-Aug-24,09:00 Hrs,445.7,429541,434.4,429541,2.5,3.75,5,6.5,Medium
INDUS,Guddu,08-Aug-24,06:00 Hrs,256.1,349611,252.9,336538,2,3.5,5,7,Low
INDUS,Sukkar,08-Aug-24,06:00 Hrs,199.8,276990,197.9,252240,2,3.5,5,7,Low
INDUS,Kotri,08-Aug-24,06:00 Hrs,69.8,133464,54.9,94719,2.5,4,5,6.5,Normal
JHELUM,Kotli,08-Aug-24,06:00 Hrs,-,-,9.3,6910,-,-,-,-,-
JHELUM,Rasul,08-Aug-24,06:00 Hrs,719,10880,694.8,7990,0.75,1.1,1.5,2.25,Normal
CHENAB,Marala,08-Aug-24,06:00 Hrs,812,111950,800.6,90450,1,1.5,2,4,Normal
CHENAB,Khanki,08-Aug-24,06:00 Hrs,733,92773,727.7,84523,1,1.5,2,4,Normal
CHENAB,Qadirabad,08-Aug-24,06:00 Hrs,700,77722,689,59722,1,1.5,2,4,Normal
CHENAB,Trimmu,08-Aug-24,06:00 Hrs,490.5,53062,484.2,37512,1.5,2,3,4.5,Normal
CHENAB,Punjnad,08-Aug-24,06:00 Hrs,338,38565,331,26915,1.5,2,3,4.5,Normal
RAVI,Jassar,08-Aug-24,06:00 Hrs,-,-,779,8846,0.5,0.75,1,1.5,Normal
RAVI,Shahdara,08-Aug-24,06:00 Hrs,-,-,674,17800,0.4,0.65,0.9,1.35,Normal
RAVI,Balloki,08-Aug-24,06:00 Hrs,633.5,42545,620,13920,0.4,0.65,0.9,1.35,Normal
RAVI,Sidhnai,08-Aug-24,06:00 Hrs,467,30315,458.4,15815,0.3,0.45,0.6,0.9,Normal
SUTLEJ,Bhakara**,08-Aug-24,06:00 Hrs,-,-,-,-,-,-,-,-,-
SUTLEJ,Sulemanki,08-Aug-24,06:00 Hrs,569,18844,559.8,6093,0.5,0.8,1.2,1.75,Normal
SUTLEJ,Islam,08-Aug-24,06:00 Hrs,455,10579,440.7,8329,0.5,0.8,1.2,1.75,Normal
INDUS,khairabad,08-Aug-24,12:00 Hrs,-,-,34.5,432200,2.25,3.75,5,6.5,Medium
INDUS,Kalabagh,08-Aug-24,12:00 Hrs,693.5,378682,683.5,370698,2.5,3.75,5,6.5,Low
INDUS,Kalabagh,08-Aug-24,16:00 Hrs,-,-,-,385634,2.5,3.75,5,6.5,Medium
INDUS,Chashma,08-Aug-24,12:00 Hrs,640,397436,617.2,381376,2.5,3.75,5,6.5,Medium
INDUS,Taunsa,08-Aug-24,12:00 Hrs,445.7,440296,434.6,440296,2.5,3.75,5,6.5,Medium
INDUS,Taunsa,08-Aug-24,15:00 Hrs,445.7,428701,434.5,428701,2.5,3.75,5,6.5,Medium
INDUS,Guddu,08-Aug-24,12:00 Hrs,256.1,351612,252.9,336538,2,3.5,5,7,Low
INDUS,Sukkar,08-Aug-24,12:00 Hrs,199.8,277290,197.9,252240,2,3.5,5,7,Low
INDUS,Kotri,08-Aug-24,12:00 Hrs,69.8,136957,55.3,98212,2.5,4,5,6.5,Normal
JHELUM,Kotli,08-Aug-24,12:00 Hrs,-,-,9.2,6640,-,-,-,-,-
JHELUM,Rasul,08-Aug-24,12:00 Hrs,719,2890,691.5,-,0.75,1.1,1.5,2.25,Normal
CHENAB,Marala,08-Aug-24,12:00 Hrs,812,119092,801,101592,1,1.5,2,4,Low
CHENAB,Khanki,08-Aug-24,12:00 Hrs,733.5,96042,728,87792,1,1.5,2,4,Normal
CHENAB,Qadirabad,08-Aug-24,12:00 Hrs,700,87088,690,69088,1,1.5,2,4,Normal
CHENAB,Trimmu,08-Aug-24,12:00 Hrs,490.5,54347,484.3,38797,1.5,2,3,4.5,Normal
CHENAB,Punjnad,08-Aug-24,12:00 Hrs,338,42517,331.5,30792,1.5,2,3,4.5,Normal
RAVI,Jassar,08-Aug-24,12:00 Hrs,-,-,778.2,6852,0.5,0.75,1,1.5,Normal
RAVI,Shahdara,08-Aug-24,12:00 Hrs,-,-,674.5,20626,0.4,0.65,0.9,1.35,Normal
RAVI,Balloki,08-Aug-24,12:00 Hrs,633.5,40235,619.9,11610,0.4,0.65,0.9,1.35,Normal
RAVI,Sidhnai,08-Aug-24,12:00 Hrs,467,30365,458.4,15815,0.3,0.45,0.6,0.9,Normal
SUTLEJ,Bhakara**,08-Aug-24,12:00 Hrs,-,-,-,-,-,-,-,-,-
SUTLEJ,Sulemanki,08-Aug-24,12:00 Hrs,569,18844,559.8,6093,0.5,0.8,1.2,1.75,Normal
SUTLEJ,Islam,08-Aug-24,12:00 Hrs,455,8859,440.4,6609,0.5,0.8,1.2,1.75,Normal
INDUS,khairabad,08-Aug-24,18:00 Hrs,-,-,34,424900,2.25,3.75,5,6.5,Medium
INDUS,Kalabagh,08-Aug-24,18:00 Hrs,693.5,388807,683.5,380823,2.5,3.75,5,6.5,Medium
INDUS,Chashma,08-Aug-24,18:00 Hrs,640,408338,617.2,392078,2.5,3.75,5,6.5,Medium
INDUS,Chashma,08-Aug-24,21:00 Hrs,640,418877,617.4,402617,2.5,3.75,5,6.5,Medium
INDUS,Taunsa,08-Aug-24,18:00 Hrs,445.7,428701,434.5,428701,2.5,3.75,5,6.5,Medium
INDUS,Taunsa,08-Aug-24,21:00 Hrs,445.7,428701,434.5,428701,2.5,3.75,5,6.5,Medium
INDUS,Guddu,08-Aug-24,18:00 Hrs,255.8,343600,252.7,325540,2,3.5,5,7,Low
INDUS,Sukkar,08-Aug-24,18:00 Hrs,199.9,288150,197.95,259550,2,3.5,5,7,Low
INDUS,Kotri,08-Aug-24,18:00 Hrs,69.7,147654,56.2,108639,2.5,4,5,6.5,Normal
JHELUM,Kotli,08-Aug-24,18:00 Hrs,-,-,9.1,6370,-,-,-,-,-
JHELUM,Rasul,08-Aug-24,18:00 Hrs,719,8231,694,5341,0.75,1.1,1.5,2.25,Normal
CHENAB,Marala,08-Aug-24,18:00 Hrs,812,113116,800.9,95616,1,1.5,2,4,Normal
CHENAB,Khanki,08-Aug-24,18:00 Hrs,733.5,89805,728.1,81555,1,1.5,2,4,Normal
CHENAB,Qadirabad,08-Aug-24,18:00 Hrs,700,92188,690.4,74188,1,1.5,2,4,Normal
CHENAB,Trimmu,08-Aug-24,18:00 Hrs,490.5,55603,484.4,40053,1.5,2,3,4.5,Normal
CHENAB,Punjnad,08-Aug-24,18:00 Hrs,338,42517,331.5,30792,1.5,2,3,4.5,Normal
RAVI,Jassar,08-Aug-24,18:00 Hrs,-,-,778,6353,0.5,0.75,1,1.5,Normal
RAVI,Shahdara,08-Aug-24,18:00 Hrs,-,-,674.7,21756,0.4,0.65,0.9,1.35,Normal
RAVI,Balloki,08-Aug-24,18:00 Hrs,633.5,40235,619.9,11610,0.4,0.65,0.9,1.35,Normal
RAVI,Sidhnai,08-Aug-24,18:00 Hrs,467,28501,458,13951,0.3,0.45,0.6,0.9,Normal
SUTLEJ,Bhakara**,08-Aug-24,18:00 Hrs,-,-,-,-,-,-,-,-,-
SUTLEJ,Sulemanki,08-Aug-24,18:00 Hrs,569,18340,559.5,5311,0.5,0.8,1.2,1.75,Normal
SUTLEJ,Islam,08-Aug-24,18:00 Hrs,455,8859,440.4,6609,0.5,0.8,1.2,1.75,Normal
INDUS,khairabad,08-Aug-24,23:59 Hrs,-,-,33.4,416100,2.25,3.75,5,6.5,Medium
INDUS,Kalabagh,08-Aug-24,23:59 Hrs,693.5,388807,683.5,380823,2.5,3.75,5,6.5,Medium
INDUS,Chashma,08-Aug-24,23:59 Hrs,640,419318,617.4,403058,2.5,3.75,5,6.5,Medium
INDUS,Taunsa,08-Aug-24,23:59 Hrs,445.7,428701,434.5,428701,2.5,3.75,5,6.5,Medium
INDUS,Guddu,08-Aug-24,23:59 Hrs,255.8,343600,252.7,325540,2,3.5,5,7,Low
INDUS,Sukkar,08-Aug-24,23:59 Hrs,199.9,288150,197.95,259550,2,3.5,5,7,Low
INDUS,Kotri,08-Aug-24,23:59 Hrs,69.7,147654,56.2,108639,2.5,4,5,6.5,Normal
JHELUM,Kotli,08-Aug-24,23:59 Hrs,-,-,8.9,5840,-,-,-,-,-
JHELUM,Rasul,08-Aug-24,23:59 Hrs,719,2890,691.5,-,0.75,1.1,1.5,2.25,Normal
CHENAB,Marala,08-Aug-24,23:59 Hrs,812,107950,800.7,90450,1,1.5,2,4,Normal
CHENAB,Khanki,08-Aug-24,23:59 Hrs,733.5,100682,728.5,92432,1,1.5,2,4,Normal
CHENAB,Qadirabad,08-Aug-24,23:59 Hrs,700,87088,690,69088,1,1.5,2,4,Normal
CHENAB,Trimmu,08-Aug-24,23:59 Hrs,490.5,58336,484.7,42886,1.5,2,3,4.5,Normal
CHENAB,Punjnad,08-Aug-24,23:59 Hrs,338,42517,331.5,30792,1.5,2,3,4.5,Normal
RAVI,Jassar,08-Aug-24,23:59 Hrs,-,-,779,8846,0.5,0.75,1,1.5,Normal
RAVI,Shahdara,08-Aug-24,23:59 Hrs,-,-,674.3,14496,0.4,0.65,0.9,1.35,Normal
RAVI,Balloki,08-Aug-24,23:59 Hrs,633.5,42545,620,13920,0.4,0.65,0.9,1.35,Normal
RAVI,Sidhnai,08-Aug-24,23:59 Hrs,467,28501,458,13951,0.3,0.45,0.6,0.9,Normal
SUTLEJ,Bhakara**,08-Aug-24,23:59 Hrs,-,-,-,-,-,-,-,-,-
SUTLEJ,Sulemanki,08-Aug-24,23:59 Hrs,569,18340,559.5,5311,0.5,0.8,1.2,1.75,Normal
SUTLEJ,Islam,08-Aug-24,23:59 Hrs,455,8859,440.4,6609,0.5,0.8,1.2,1.75,Normal
INDUS,khairabad,09-Aug-24,06:00 Hrs,-,-,32.5,403100,2.25,3.75,5,6.5,Medium
INDUS,Kalabagh,09-Aug-24,06:00 Hrs,693.5,396272,683.6,388288,2.5,3.75,5,6.5,Medium
INDUS,Chashma,09-Aug-24,06:00 Hrs,640,415009,617.5,398749,2.5,3.75,5,6.5,Medium
INDUS,Taunsa,09-Aug-24,06:00 Hrs,445.7,439179,434.6,439179,2.5,3.75,5,6.5,Medium
INDUS,Kalabagh,09-Aug-24,09:00 Hrs,693.5,401723,683.7,393739,2.5,3.75,5,6.5,Medium
INDUS,Chashma,09-Aug-24,09:00 Hrs,642,417376,617.4,401116,2.5,3.75,5,6.5,Medium
INDUS,Taunsa,09-Aug-24,09:00 Hrs,445.7,439179,434.6,439179,2.5,3.75,5,6.5,Medium
INDUS,Guddu,09-Aug-24,06:00 Hrs,256.3,364180,252.8,346120,2,3.5,5,7,Low
INDUS,Sukkar,09-Aug-24,06:00 Hrs,200,301050,199.9,273250,2,3.5,5,7,Low
INDUS,Kotri,09-Aug-24,06:00 Hrs,69.8,154718,56.4,115703,2.5,4,5,6.5,Normal
JHELUM,Kotli,09-Aug-24,06:00 Hrs,-,-,8.8,5580,-,-,-,-,-
JHELUM,Rasul,09-Aug-24,06:00 Hrs,719,2890,691.5,-,0.75,1.1,1.5,2.25,Normal
CHENAB,Marala,09-Aug-24,06:00 Hrs,812,90878,799.8,73378,1,1.5,2,4,Normal
CHENAB,Khanki,09-Aug-24,06:00 Hrs,733.5,100682,728.5,94432,1,1.5,2,4,Normal
CHENAB,Qadirabad,09-Aug-24,06:00 Hrs,700,92188,690.4,74188,1,1.5,2,4,Normal
CHENAB,Trimmu,09-Aug-24,06:00 Hrs,490.5,56386,484.6,40936,1.5,2,3,4.5,Normal
CHENAB,Punjnad,09-Aug-24,06:00 Hrs,338,42517,331.5,30792,1.5,2,3,4.5,Normal
RAVI,Jassar,09-Aug-24,06:00 Hrs,-,-,779.4,10336,0.5,0.75,1,1.5,Normal
RAVI,Shahdara,09-Aug-24,06:00 Hrs,-,-,674,17800,0.4,0.65,0.9,1.35,Normal
RAVI,Balloki,09-Aug-24,06:00 Hrs,633.5,43695,620.9,15070,0.4,0.65,0.9,1.35,Normal
RAVI,Sidhnai,09-Aug-24,06:00 Hrs,467,27299,457.9,12749,0.3,0.45,0.6,0.9,Normal
SUTLEJ,Bhakara**,09-Aug-24,06:00 Hrs,-,-,-,-,-,-,-,-,-
SUTLEJ,Sulemanki,09-Aug-24,06:00 Hrs,569,18421,559.5,5311,0.5,0.8,1.2,1.75,Normal
SUTLEJ,Islam,09-Aug-24,06:00 Hrs,455,8859,440.4,6609,0.5,0.8,1.2,1.75,Normal
INDUS,khairabad,09-Aug-24,12:00 Hrs,-,-,30,367600,2.25,3.75,5,6.5,Low
INDUS,Kalabagh,09-Aug-24,12:00 Hrs,693.5,401723,683.7,393739,2.5,3.75,5,6.5,Medium
INDUS,Kalabagh,09-Aug-24,15:00 Hrs,693.5,392149,683.5,384165,2.5,3.75,5,6.5,Medium
INDUS,Chashma,09-Aug-24,12:00 Hrs,642,419713,617.4,403453,2.5,3.75,5,6.5,Medium
INDUS,Taunsa,09-Aug-24,12:00 Hrs,445.7,439179,434.6,439179,2.5,3.75,5,6.5,Medium
INDUS,Taunsa,09-Aug-24,15:00 Hrs,445.7,439179,434.6,439179,2.5,3.75,5,6.5,Medium
INDUS,Guddu,09-Aug-24,12:00 Hrs,256.5,373737,252.9,354884,2,3.5,5,7,Medium
INDUS,Sukkar,09-Aug-24,12:00 Hrs,200,301050,198,273250,2,3.5,5,7,Low
INDUS,Kotri,09-Aug-24,12:00 Hrs,69.8,154718,56.4,115703,2.5,4,5,6.5,Normal
JHELUM,Kotli,09-Aug-24,12:00 Hrs,-,-,7.8,5330,-,-,-,-,-
JHELUM,Rasul,09-Aug-24,12:00 Hrs,719,8231,694,5341,0.75,1.1,1.5,2.25,Normal
CHENAB,Marala,09-Aug-24,12:00 Hrs,812,79782,799.6,62282,1,1.5,2,4,Normal
CHENAB,Khanki,09-Aug-24,12:00 Hrs,733,92781,728.3,84531,1,1.5,2,4,Normal
CHENAB,Qadirabad,09-Aug-24,12:00 Hrs,700,92615,690.8,74615,1,1.5,2,4,Normal
CHENAB,Trimmu,09-Aug-24,12:00 Hrs,490.5,56386,484.6,40936,1.5,2,3,4.5,Normal
CHENAB,Punjnad,09-Aug-24,12:00 Hrs,338,47494,332,35769,1.5,2,3,4.5,Normal
RAVI,Jassar,09-Aug-24,12:00 Hrs,-,-,780,12571,0.5,0.75,1,1.5,Normal
RAVI,Shahdara,09-Aug-24,12:00 Hrs,-,-,674,17800,0.4,0.65,0.9,1.35,Normal
RAVI,Balloki,09-Aug-24,12:00 Hrs,633.5,43695,620.01,15070,0.4,0.65,0.9,1.35,Normal
RAVI,Sidhnai,09-Aug-24,12:00 Hrs,467,26699,457.7,12149,0.3,0.45,0.6,0.9,Normal
SUTLEJ,Bhakara**,09-Aug-24,12:00 Hrs,-,-,-,-,-,-,-,-,-
SUTLEJ,Sulemanki,09-Aug-24,12:00 Hrs,569,18421,559.5,5311,0.5,0.8,1.2,1.75,Normal
SUTLEJ,Islam,09-Aug-24,12:00 Hrs,455,7278,439.7,5028,0.5,0.8,1.2,1.75,Normal
INDUS,khairabad,09-Aug-24,18:00 Hrs,-,-,27,323800,2.25,3.75,5,6.5,Low
INDUS,Kalabagh,09-Aug-24,18:00 Hrs,693.5,381503,683,373519,2.5,3.75,5,6.5,Low
INDUS,Chashma,09-Aug-24,18:00 Hrs,639.9,432686,617.6,417763,2.5,3.75,5,6.5,Medium
INDUS,Taunsa,09-Aug-24,18:00 Hrs,445.7,439091,434.5,434091,2.5,3.75,5,6.5,Medium
INDUS,Chashma,09-Aug-24,21:00 Hrs,639.8,429760,617.6,415390,2.5,3.75,5,6.5,Medium
INDUS,Taunsa,09-Aug-24,21:00 Hrs,445.7,429299,434.4,424299,2.5,3.75,5,6.5,Medium
INDUS,Guddu,09-Aug-24,18:00 Hrs,256.6,376158,253,356753,2,3.5,5,7,Medium
INDUS,Sukkar,09-Aug-24,18:00 Hrs,200.2,304450,198.05,275890,2,3.5,5,7,Low
INDUS,Kotri,09-Aug-24,18:00 Hrs,69.8,154718,56.4,115703,2.5,4,5,6.5,Normal
JHELUM,Kotli,09-Aug-24,18:00 Hrs,-,-,8.5,4830,-,-,-,-,-
JHELUM,Rasul,09-Aug-24,18:00 Hrs,719,2890,691.5,Nil,0.75,1.1,1.5,2.25,Normal
CHENAB,Marala,09-Aug-24,18:00 Hrs,812,69076,799.4,51576,1,1.5,2,4,Normal
CHENAB,Khanki,09-Aug-24,18:00 Hrs,733,83856,727.2,75606,1,1.5,2,4,Normal
CHENAB,Qadirabad,09-Aug-24,18:00 Hrs,700,92615,690.8,74615,1,1.5,2,4,Normal
CHENAB,Trimmu,09-Aug-24,18:00 Hrs,490.5,55174,484.5,39724,1.5,2,3,4.5,Normal
CHENAB,Punjnad,09-Aug-24,18:00 Hrs,338,47494,332,35769,1.5,2,3,4.5,Normal
RAVI,Jassar,09-Aug-24,18:00 Hrs,-,-,779,8846,0.5,0.75,1,1.5,Normal
RAVI,Shahdara,09-Aug-24,18:00 Hrs,-,-,674,17800,0.4,0.65,0.9,1.35,Normal
RAVI,Balloki,09-Aug-24,18:00 Hrs,633.5,46605,621.6,18030,0.4,0.65,0.9,1.35,Normal
RAVI,Sidhnai,09-Aug-24,18:00 Hrs,467,24544,457.4,9944,0.3,0.45,0.6,0.9,Normal
SUTLEJ,Bhakara**,09-Aug-24,18:00 Hrs,-,-,-,-,-,-,-,-,-
SUTLEJ,Sulemanki,09-Aug-24,18:00 Hrs,569,18421,559.5,5311,0.5,0.8,1.2,1.75,Normal
SUTLEJ,Islam,09-Aug-24,18:00 Hrs,455,6543,439.3,4293,0.5,0.8,1.2,1.75,Normal
INDUS,khairabad,09-Aug-24,23:59 Hrs,-,-,28,340000,2.25,3.75,5,6.5,Low
INDUS,Kalabagh,09-Aug-24,23:59 Hrs,693.5,353998,683,346014,2.5,3.75,5,6.5,Low
INDUS,Chashma,09-Aug-24,23:59 Hrs,639.5,418658,617.6,405625,2.5,3.75,5,6.5,Medium
INDUS,Taunsa,09-Aug-24,23:59 Hrs,445.7,429299,434.4,424299,2.5,3.75,5,6.5,Medium
INDUS,Guddu,09-Aug-24,23:59 Hrs,256.6,376158,253,356753,2,3.5,5,7,Medium
INDUS,Sukkar,09-Aug-24,23:59 Hrs,200.2,304450,198.05,275890,2,3.5,5,7,Low
INDUS,Kotri,09-Aug-24,23:59 Hrs,69.8,154718,56.4,115703,2.5,4,5,6.5,Normal
JHELUM,Kotli,09-Aug-24,23:59 Hrs,-,-,8.4,4560,-,-,-,-,-
JHELUM,Rasul,09-Aug-24,23:59 Hrs,719,2890,691.5,-,0.75,1.1,1.5,2.25,Normal
CHENAB,Marala,09-Aug-24,23:59 Hrs,812,74429,799.5,56929,1,1.5,2,4,Normal
CHENAB,Khanki,09-Aug-24,23:59 Hrs,733,71046,726,62796,1,1.5,2,4,Normal
CHENAB,Qadirabad,09-Aug-24,23:59 Hrs,700,73363,698.5,55363,1,1.5,2,4,Normal
CHENAB,Trimmu,09-Aug-24,23:59 Hrs,490.5,56804,484.7,41354,1.5,2,3,4.5,Normal
CHENAB,Punjnad,09-Aug-24,23:59 Hrs,338,47494,332,35769,1.5,2,3,4.5,Normal
RAVI,Jassar,09-Aug-24,23:59 Hrs,-,-,778.5,7600,0.5,0.75,1,1.5,Normal
RAVI,Shahdara,09-Aug-24,23:59 Hrs,-,-,673.4,15353,0.4,0.65,0.9,1.35,Normal
RAVI,Balloki,09-Aug-24,23:59 Hrs,633.5,46605,621.6,18030,0.4,0.65,0.9,1.35,Normal
RAVI,Sidhnai,09-Aug-24,23:59 Hrs,467,24644,457.4,9944,0.3,0.45,0.6,0.9,Normal
SUTLEJ,Bhakara**,09-Aug-24,23:59 Hrs,-,-,-,-,-,-,-,-,-
SUTLEJ,Sulemanki,09-Aug-24,23:59 Hrs,569,18421,559.5,5311,0.5,0.8,1.2,1.75,Normal
SUTLEJ,Islam,09-Aug-24,23:59 Hrs,455,6393,439.3,4293,0.5,0.8,1.2,1.75,Normal
INDUS,khairabad,10-Aug-24,06:00 Hrs,-,-,29,353700,2.25,3.75,5,6.5,Low
INDUS,Kalabagh,10-Aug-24,06:00 Hrs,693.5,338090,682,330106,2.5,3.75,5,6.5,Low
INDUS,Chashma,10-Aug-24,06:00 Hrs,639,376055,618,363365,2.5,3.75,5,6.5,Low
INDUS,Taunsa,10-Aug-24,06:00 Hrs,445.7,435765,434.5,429765,2.5,3.75,5,6.5,Medium
INDUS,Guddu,10-Aug-24,06:00 Hrs,257.5,403885,253.1,384459,2,3.5,5,7,Medium
INDUS,Sukkar,10-Aug-24,06:00 Hrs,200.2,313238,198.2,282888,2,3.5,5,7,Low
INDUS,Kotri,10-Aug-24,06:00 Hrs,69.7,155978,56.4,115703,2.5,4,5,6.5,Normal
JHELUM,Kotli,10-Aug-24,06:00 Hrs,-,-,8.6,5070,-,-,-,-,-
JHELUM,Rasul,10-Aug-24,06:00 Hrs,719,8231,694,5341,0.75,1.1,1.5,2.25,Normal
CHENAB,Marala,10-Aug-24,06:00 Hrs,812,69076,799.4,51576,1,1.5,2,4,Normal
CHENAB,Khanki,10-Aug-24,06:00 Hrs,733,71046,726,62796,1,1.5,2,4,Normal
CHENAB,Qadirabad,10-Aug-24,06:00 Hrs,700,68433,689,50433,1,1.5,2,4,Normal
CHENAB,Trimmu,10-Aug-24,06:00 Hrs,490.5,59482,484.8,44032,1.5,2,3,4.5,Normal
CHENAB,Punjnad,10-Aug-24,06:00 Hrs,338,48787,332.3,37062,1.5,2,3,4.5,Normal
RAVI,Jassar,10-Aug-24,06:00 Hrs,-,-,778.5,7600,0.5,0.75,1,1.5,Normal
RAVI,Shahdara,10-Aug-24,06:00 Hrs,-,-,673.2,14537,0.4,0.65,0.9,1.35,Normal
RAVI,Balloki,10-Aug-24,06:00 Hrs,633.5,46605,621.6,18030,0.4,0.65,0.9,1.35,Normal
RAVI,Sidhnai,10-Aug-24,06:00 Hrs,467,24644,457.4,9944,0.3,0.45,0.6,0.9,Normal
SUTLEJ,Bhakara**,10-Aug-24,06:00 Hrs,-,-,-,-,-,-,-,-,-
SUTLEJ,Sulemanki,10-Aug-24,06:00 Hrs,569,18421,559.5,5311,0.5,0.8,1.2,1.75,Normal
SUTLEJ,Islam,10-Aug-24,06:00 Hrs,455,6393,439.3,4293,0.5,0.8,1.2,1.75,Normal
INDUS,khairabad,10-Aug-24,12:00 Hrs,-,-,16,190300,2.25,3.75,5,6.5,Normal
INDUS,Kalabagh,10-Aug-24,12:00 Hrs,693.5,323462,682,315478,2.5,3.75,5,6.5,Low
INDUS,Chashma,10-Aug-24,12:00 Hrs,639,368954,617,356264,2.5,3.75,5,6.5,Low
INDUS,Taunsa,10-Aug-24,12:00 Hrs,445.7,436765,434.5,429765,2.5,3.75,5,6.5,Medium
INDUS,Guddu,10-Aug-24,12:00 Hrs,257.6,415060,253.2,395627,2,3.5,5,7,Medium
INDUS,Sukkar,10-Aug-24,12:00 Hrs,200.2,318830,198.25,287740,2,3.5,5,7,Low
INDUS,Kotri,10-Aug-24,12:00 Hrs,69.6,157856,53.6,,2.5,4,5,6.5,Normal
JHELUM,Kotli,10-Aug-24,12:00 Hrs,-,-,8.4,4590,-,-,-,-,-
JHELUM,Rasul,10-Aug-24,12:00 Hrs,719,8231,694,5341,0.75,1.1,1.5,2.25,Normal
CHENAB,Marala,10-Aug-24,12:00 Hrs,812,73255,799.3,55755,1,1.5,2,4,Normal
CHENAB,Khanki,10-Aug-24,12:00 Hrs,733,72114,726,63963,1,1.5,2,4,Normal
CHENAB,Qadirabad,10-Aug-24,12:00 Hrs,700,54263,688.1,36263,1,1.5,2,4,Normal
CHENAB,Trimmu,10-Aug-24,12:00 Hrs,490.5,60195,485,44745,1.5,2,3,4.5,Normal
CHENAB,Punjnad,10-Aug-24,12:00 Hrs,338,48787,332.3,37062,1.5,2,3,4.5,Normal
RAVI,Jassar,10-Aug-24,12:00 Hrs,-,-,777,4660,0.5,0.75,1,1.5,Normal
RAVI,Shahdara,10-Aug-24,12:00 Hrs,-,-,673.2,14537,0.4,0.65,0.9,1.35,Normal
RAVI,Balloki,10-Aug-24,12:00 Hrs,633.5,46605,621.6,18030,0.4,0.65,0.9,1.35,Normal
RAVI,Sidhnai,10-Aug-24,12:00 Hrs,467,25592,457.5,10892,0.3,0.45,0.6,0.9,Normal
SUTLEJ,Bhakara**,10-Aug-24,12:00 Hrs,-,-,-,-,-,-,-,-,-
SUTLEJ,Sulemanki,10-Aug-24,12:00 Hrs,569,18421,559.5,5311,0.5,0.8,1.2,1.75,Normal
SUTLEJ,Islam,10-Aug-24,12:00 Hrs,455,6393,439.3,4293,0.5,0.8,1.2,1.75,Normal
INDUS,khairabad,10-Aug-24,18:00 Hrs,-,-,21,249200,2.25,3.75,5,6.5,Low
INDUS,Kalabagh,10-Aug-24,18:00 Hrs,693.5,278962,681,270978,2.5,3.75,5,6.5,Low
INDUS,Chashma,10-Aug-24,18:00 Hrs,640.2,352320,616,335768,2.5,3.75,5,6.5,Low
INDUS,Taunsa,10-Aug-24,18:00 Hrs,445.7,436765,434.5,429765,2.5,3.75,5,6.5,Medium
INDUS,Guddu,10-Aug-24,18:00 Hrs,257.6,420830,253.3,400090,2,3.5,5,7,Medium
INDUS,Sukkar,10-Aug-24,18:00 Hrs,200.2,329160,198.3,295550,2,3.5,5,7,Low
INDUS,Kotri,10-Aug-24,18:00 Hrs,69.6,161909,56.8,121494,2.5,4,5,6.5,Normal
JHELUM,Kotli,10-Aug-24,18:00 Hrs,-,-,8.3,4350,-,-,-,-,-
JHELUM,Rasul,10-Aug-24,18:00 Hrs,719,2940,691.5,-,0.75,1.1,1.5,2.25,Normal
CHENAB,Marala,10-Aug-24,18:00 Hrs,812,86090,799.7,68590,1,1.5,2,4,Normal
CHENAB,Khanki,10-Aug-24,18:00 Hrs,733,74763,726.3,66612,1,1.5,2,4,Normal
CHENAB,Qadirabad,10-Aug-24,18:00 Hrs,700,60017,688.5,42017,1,1.5,2,4,Normal
CHENAB,Trimmu,10-Aug-24,18:00 Hrs,490.5,63308,485.3,47858,1.5,2,3,4.5,Normal
CHENAB,Punjnad,10-Aug-24,18:00 Hrs,338,48787,332.3,37062,1.5,2,3,4.5,Normal
RAVI,Jassar,10-Aug-24,18:00 Hrs,-,-,777,4660,0.5,0.75,1,1.5,Normal
RAVI,Shahdara,10-Aug-24,18:00 Hrs,-,-,673.2,14537,0.4,0.65,0.9,1.35,Normal
RAVI,Balloki,10-Aug-24,18:00 Hrs,633.5,44295,621.3,15720,0.4,0.65,0.9,1.35,Normal
RAVI,Sidhnai,10-Aug-24,18:00 Hrs,467,25008,457.45,10258,0.3,0.45,0.6,0.9,Normal
SUTLEJ,Bhakara**,10-Aug-24,18:00 Hrs,,-,-,-,-,-,-,-,-
SUTLEJ,Sulemanki,10-Aug-24,18:00 Hrs,569,18421,559.5,5311,0.5,0.8,1.2,1.75,Normal
SUTLEJ,Islam,10-Aug-24,18:00 Hrs,455,6393,439.3,4293,0.5,0.8,1.2,1.75,Normal
INDUS,khairabad,10-Aug-24,23:59 Hrs,-,-,21,249200,2.25,3.75,5,6.5,Low
INDUS,Kalabagh,10-Aug-24,23:59 Hrs,693.5,259613,681,251629,2.5,3.75,5,6.5,Low
INDUS,Chashma,10-Aug-24,23:59 Hrs,641.4,317563,616,297943,2.5,3.75,5,6.5,Low
INDUS,Taunsa,10-Aug-24,23:59 Hrs,445.7,436765,434.5,429765,2.5,3.75,5,6.5,Medium
INDUS,Guddu,10-Aug-24,23:59 Hrs,257.6,420830,253.3,400090,2,3.5,5,7,Medium
INDUS,Sukkar,10-Aug-24,23:59 Hrs,200.2,329160,198.3,295550,2,3.5,5,7,Low
INDUS,Kotri,10-Aug-24,23:59 Hrs,69.6,161909,56.8,121494,2.5,4,5,6.5,Normal
JHELUM,Kotli,10-Aug-24,23:59 Hrs,-,-,8.3,4350,-,-,-,-,-
JHELUM,Rasul,10-Aug-24,23:59 Hrs,719,2940,691.5,-,0.75,1.1,1.5,2.25,Normal
CHENAB,Marala,10-Aug-24,23:59 Hrs,812,85836,799.7,68336,1,1.5,2,4,Normal
CHENAB,Khanki,10-Aug-24,23:59 Hrs,733,68418,725.9,60267,1,1.5,2,4,Normal
CHENAB,Qadirabad,10-Aug-24,23:59 Hrs,700,59135,688.4,41135,1,1.5,2,4,Normal
CHENAB,Trimmu,10-Aug-24,23:59 Hrs,490.5,63308,485.3,47858,1.5,2,3,4.5,Normal
CHENAB,Punjnad,10-Aug-24,23:59 Hrs,338,47494,332,35769,1.5,2,3,4.5,Normal
RAVI,Jassar,10-Aug-24,23:59 Hrs,-,-,777,4660,0.5,0.75,1,1.5,Normal
RAVI,Shahdara,10-Aug-24,23:59 Hrs,-,-,672.4,11230,0.4,0.65,0.9,1.35,Normal
RAVI,Balloki,10-Aug-24,23:59 Hrs,633.5,41990,620,13415,0.4,0.65,0.9,1.35,Normal
RAVI,Sidhnai,10-Aug-24,23:59 Hrs,467,25642,457.5,10892,0.3,0.45,0.6,0.9,Normal
SUTLEJ,Bhakara**,10-Aug-24,23:59 Hrs,,-,-,-,-,-,-,-,-
SUTLEJ,Sulemanki,10-Aug-24,23:59 Hrs,569,18421,559.5,5311,0.5,0.8,1.2,1.75,Normal
SUTLEJ,Islam,10-Aug-24,23:59 Hrs,455,6393,439.3,4293,0.5,0.8,1.2,1.75,Normal
INDUS,khairabad,11-Aug-24,06:00 Hrs,-,-,16.5,196000,2.25,3.75,5,6.5,Normal
INDUS,Kalabagh,11-Aug-24,06:00 Hrs,693.5,260251,681,252267,2.5,3.75,5,6.5,Low
INDUS,Chashma,11-Aug-24,06:00 Hrs,642.3,252779,615.1,232268,2.5,3.75,5,6.5,Normal
INDUS,Taunsa,11-Aug-24,06:00 Hrs,445.7,442170,434.6,435170,2.5,3.75,5,6.5,Medium
INDUS,Guddu,11-Aug-24,06:00 Hrs,257.1,422038,253.6,401243,2,3.5,5,7,Medium
INDUS,Sukkar,11-Aug-24,06:00 Hrs,200.2,355630,198.4,315880,2,3.5,5,7,Low
INDUS,Kotri,11-Aug-24,06:00 Hrs,69.6,167038,57.1,126383,2.5,4,5,6.5,Normal
JHELUM,Kotli,11-Aug-24,06:00 Hrs,-,-,8.5,4830,-,-,-,-,-
JHELUM,Rasul,11-Aug-24,06:00 Hrs,719,2940,691.5,-,0.75,1.1,1.5,2.25,Normal
CHENAB,Marala,11-Aug-24,06:00 Hrs,812,90026,799.8,72526,1,1.5,2,4,Normal
CHENAB,Khanki,11-Aug-24,06:00 Hrs,733,73766,726.5,65615,1,1.5,2,4,Normal
CHENAB,Qadirabad,11-Aug-24,06:00 Hrs,700,59135,688.4,41135,1,1.5,2,4,Normal
CHENAB,Trimmu,11-Aug-24,06:00 Hrs,490.5,63308,485.3,47858,1.5,2,3,4.5,Normal
CHENAB,Punjnad,11-Aug-24,06:00 Hrs,338,47494,332,35769,1.5,2,3,4.5,Normal
RAVI,Jassar,11-Aug-24,06:00 Hrs,-,-,777,4660,0.5,0.75,1,1.5,Normal
RAVI,Shahdara,11-Aug-24,06:00 Hrs,-,-,672.4,11230,0.4,0.65,0.9,1.35,Normal
RAVI,Balloki,11-Aug-24,06:00 Hrs,633.5,41990,620,13415,0.4,0.65,0.9,1.35,Normal
RAVI,Sidhnai,11-Aug-24,06:00 Hrs,467,25642,457.5,10892,0.3,0.45,0.6,0.9,Normal
SUTLEJ,Bhakara**,11-Aug-24,06:00 Hrs,,-,-,-,-,-,-,-,-
SUTLEJ,Sulemanki,11-Aug-24,06:00 Hrs,569,18851,559.7,5741,0.5,0.8,1.2,1.75,Normal
SUTLEJ,Islam,11-Aug-24,06:00 Hrs,455,6393,439.3,4293,0.5,0.8,1.2,1.75,Normal
INDUS,khairabad,11-Aug-24,12:00 Hrs,-,-,26,313100,2.25,3.75,5,6.5,Low
INDUS,Kalabagh,11-Aug-24,12:00 Hrs,693.5,260251,680.7,252267,2.5,3.75,5,6.5,Low
INDUS,Chashma,11-Aug-24,12:00 Hrs,642.7,220653,614.3,199997,2.5,3.75,5,6.5,Normal
INDUS,Taunsa,11-Aug-24,12:00 Hrs,445.7,442170,434.6,435170,2.5,3.75,5,6.5,Medium
INDUS,Guddu,11-Aug-24,12:00 Hrs,257.1,424825,253.6,401243,2,3.5,5,7,Medium
INDUS,Sukkar,11-Aug-24,12:00 Hrs,200.2,363010,198.45,322460,2,3.5,5,7,Low
INDUS,Kotri,11-Aug-24,12:00 Hrs,69.5,168911,57.3,128256,2.5,4,5,6.5,Normal
JHELUM,Kotli,11-Aug-24,12:00 Hrs,-,-,9.2,6640,-,-,-,-,-
JHELUM,Rasul,11-Aug-24,12:00 Hrs,719,8281,694,5341,0.75,1.1,1.5,2.25,Normal
CHENAB,Marala,11-Aug-24,12:00 Hrs,812,124336,801,107136,1,1.5,2,4,Low
CHENAB,Khanki,11-Aug-24,12:00 Hrs,733,76665,726.7,68514,1,1.5,2,4,Normal
CHENAB,Qadirabad,11-Aug-24,12:00 Hrs,700,63002,688.6,45002,1,1.5,2,4,Normal
CHENAB,Trimmu,11-Aug-24,12:00 Hrs,490.5,64513,485.5,49063,1.5,2,3,4.5,Normal
CHENAB,Punjnad,11-Aug-24,12:00 Hrs,338,47779,332,35769,1.5,2,3,4.5,Normal
RAVI,Jassar,11-Aug-24,12:00 Hrs,-,-,777,4660,0.5,0.75,1,1.5,Normal
RAVI,Shahdara,11-Aug-24,12:00 Hrs,-,-,671.8,8912,0.4,0.65,0.9,1.35,Normal
RAVI,Balloki,11-Aug-24,12:00 Hrs,633.5,41990,620,13415,0.4,0.65,0.9,1.35,Normal
RAVI,Sidhnai,11-Aug-24,12:00 Hrs,467,25842,457.5,10892,0.3,0.45,0.6,0.9,Normal
SUTLEJ,Bhakara**,11-Aug-24,12:00 Hrs,,-,-,-,-,-,-,-,-
SUTLEJ,Sulemanki,11-Aug-24,12:00 Hrs,569,18851,559.7,5741,0.5,0.8,1.2,1.75,Normal
SUTLEJ,Islam,11-Aug-24,12:00 Hrs,455,6393,439.3,4293,0.5,0.8,1.2,1.75,Normal
INDUS,khairabad,11-Aug-24,18:00 Hrs,-,-,27,326500,2.25,3.75,5,6.5,Low
INDUS,Kalabagh,11-Aug-24,18:00 Hrs,693.5,281485,681,273501,2.5,3.75,5,6.5,Low
INDUS,Chashma,11-Aug-24,18:00 Hrs,643.8,242403,614.6,220291,2.5,3.75,5,6.5,Normal
INDUS,Taunsa,11-Aug-24,18:00 Hrs,445.7,437365,434.5,429865,2.5,3.75,5,6.5,Medium
INDUS,Guddu,11-Aug-24,18:00 Hrs,257.2,424821,253.6,401243,2,3.5,5,7,Medium
INDUS,Sukkar,11-Aug-24,18:00 Hrs,200.2,364010,198.45,322460,2,3.5,5,7,Low
INDUS,Kotri,11-Aug-24,18:00 Hrs,69.5,168911,57.3,128256,2.5,4,5,6.5,Normal
JHELUM,Kotli,11-Aug-24,18:00 Hrs,-,-,8.8,5580,-,-,-,-,-
JHELUM,Rasul,11-Aug-24,18:00 Hrs,719,2940,691.5,-,0.75,1.1,1.5,2.25,Normal
CHENAB,Marala,11-Aug-24,18:00 Hrs,812,131743,801.6,114543,1,1.5,2,4,Low
CHENAB,Khanki,11-Aug-24,18:00 Hrs,733,81981,727.1,73879,1,1.5,2,4,Normal
CHENAB,Qadirabad,11-Aug-24,18:00 Hrs,700,68433,689,50433,1,1.5,2,4,Normal
CHENAB,Trimmu,11-Aug-24,18:00 Hrs,490.5,64914,485.7,49646,1.5,2,3,4.5,Normal
CHENAB,Punjnad,11-Aug-24,18:00 Hrs,338,42802,331.5,30792,1.5,2,3,4.5,Normal
RAVI,Jassar,11-Aug-24,18:00 Hrs,-,-,778.5,7600,0.5,0.75,1,1.5,Normal
RAVI,Shahdara,11-Aug-24,18:00 Hrs,-,-,671.8,8912,0.4,0.65,0.9,1.35,Normal
RAVI,Balloki,11-Aug-24,18:00 Hrs,633.5,40960,619.8,12260,0.4,0.65,0.9,1.35,Normal
RAVI,Sidhnai,11-Aug-24,18:00 Hrs,467,26421,457.6,11521,0.3,0.45,0.6,0.9,Normal
SUTLEJ,Bhakara**,11-Aug-24,18:00 Hrs,,-,-,-,-,-,-,-,-
SUTLEJ,Sulemanki,11-Aug-24,18:00 Hrs,569,18707,559.7,5741,0.5,0.8,1.2,1.75,Normal
SUTLEJ,Islam,11-Aug-24,18:00 Hrs,455,6393,439.3,4293,0.5,0.8,1.2,1.75,Normal
INDUS,khairabad,11-Aug-24,23:59 Hrs,-,-,28,340000,2.25,3.75,5,6.5,Low
INDUS,Kalabagh,11-Aug-24,23:59 Hrs,693.5,293248,681.2,285264,2.5,3.75,5,6.5,Low
INDUS,Chashma,11-Aug-24,23:59 Hrs,644,278639,614.9,259139,2.5,3.75,5,6.5,Low
INDUS,Taunsa,11-Aug-24,23:59 Hrs,445.7,429815,434.4,422315,2.5,3.75,5,6.5,Medium
INDUS,Guddu,11-Aug-24,23:59 Hrs,257.2,424821,253.6,401243,2,3.5,5,7,Medium
INDUS,Sukkar,11-Aug-24,23:59 Hrs,200.2,364010,198.45,322460,2,3.5,5,7,Low
INDUS,Kotri,11-Aug-24,23:59 Hrs,69.5,168911,57.3,128256,2.5,4,5,6.5,Normal
JHELUM,Kotli,11-Aug-24,23:59 Hrs,-,-,8.5,4830,-,-,-,-,-
JHELUM,Rasul,11-Aug-24,23:59 Hrs,719,10930,694.8,7990,0.75,1.1,1.5,2.25,Normal
CHENAB,Marala,11-Aug-24,23:59 Hrs,812,111372,800.7,94122,1,1.5,2,4,Normal
CHENAB,Khanki,11-Aug-24,23:59 Hrs,733.5,99663,728.2,91575,1,1.5,2,4,Normal
CHENAB,Qadirabad,11-Aug-24,23:59 Hrs,700,76994,690,58994,1,1.5,2,4,Normal
CHENAB,Trimmu,11-Aug-24,23:59 Hrs,490.5,64914,485.7,49464,1.5,2,3,4.5,Normal
CHENAB,Punjnad,11-Aug-24,23:59 Hrs,338,42802,331.5,30792,1.5,2,3,4.5,Normal
RAVI,Jassar,11-Aug-24,23:59 Hrs,-,-,782.5,26800,0.5,0.75,1,1.5,Normal
RAVI,Shahdara,11-Aug-24,23:59 Hrs,-,-,672.4,11230,0.4,0.65,0.9,1.35,Normal
RAVI,Balloki,11-Aug-24,23:59 Hrs,633.5,39780,619.7,11080,0.4,0.65,0.9,1.35,Normal
RAVI,Sidhnai,11-Aug-24,23:59 Hrs,467,27049,457.7,12149,0.3,0.45,0.6,0.9,Normal
SUTLEJ,Bhakara**,11-Aug-24,23:59 Hrs,,-,-,-,-,-,-,-,-
SUTLEJ,Sulemanki,11-Aug-24,23:59 Hrs,569,18707,559.7,5741,0.5,0.8,1.2,1.75,Normal
SUTLEJ,Islam,11-Aug-24,23:59 Hrs,455,6393,439.3,4293,0.5,0.8,1.2,1.75,Normal
INDUS,khairabad,12-Aug-24,06:00 Hrs,-,-,26,313100,2.25,3.75,5,6.5,Low
INDUS,Kalabagh,12-Aug-24,06:00 Hrs,693.5,331575,681.8,323591,2.5,3.75,5,6.5,Low
INDUS,Chashma,12-Aug-24,06:00 Hrs,644,290101,615.1,270601,2.5,3.75,5,6.5,Low
INDUS,Taunsa,12-Aug-24,06:00 Hrs,445.7,409146,434.2,401646,2.5,3.75,5,6.5,Medium
INDUS,Guddu,12-Aug-24,06:00 Hrs,257.2,426162,253.6,401243,2,3.5,5,7,Medium
INDUS,Sukkar,12-Aug-24,06:00 Hrs,200.2,381120,199,338740,2,3.5,5,7,Low
INDUS,Kotri,12-Aug-24,06:00 Hrs,69.4,174893,57.6,134658,2.5,4,5,6.5,Normal
JHELUM,Kotli,12-Aug-24,06:00 Hrs,-,-,8.4,4590,-,-,-,-,-
JHELUM,Rasul,12-Aug-24,06:00 Hrs,719,8281,694,5341,0.75,1.1,1.5,2.25,Normal
CHENAB,Marala,12-Aug-24,06:00 Hrs,812,90834,800.1,73584,1,1.5,2,4,Normal
CHENAB,Khanki,12-Aug-24,06:00 Hrs,733.5,102385,729,94297,1,1.5,2,4,Normal
CHENAB,Qadirabad,12-Aug-24,06:00 Hrs,700,83886,690.3,65886,1,1.5,2,4,Normal
CHENAB,Trimmu,12-Aug-24,06:00 Hrs,490.5,78014,485.8,62564,1.5,2,3,4.5,Normal
CHENAB,Punjnad,12-Aug-24,06:00 Hrs,338,42802,331.5,30792,1.5,2,3,4.5,Normal
RAVI,Jassar,12-Aug-24,06:00 Hrs,-,-,783.5,33850,0.5,0.75,1,1.5,Normal
RAVI,Shahdara,12-Aug-24,06:00 Hrs,-,-,672.4,11230,0.4,0.65,0.9,1.35,Normal
RAVI,Balloki,12-Aug-24,06:00 Hrs,633.5,39780,619.7,11080,0.4,0.65,0.9,1.35,Normal
RAVI,Sidhnai,12-Aug-24,06:00 Hrs,467,27049,457.7,12149,0.3,0.45,0.6,0.9,Normal
SUTLEJ,Bhakara**,12-Aug-24,06:00 Hrs,,-,-,-,-,-,-,-,-
SUTLEJ,Sulemanki,12-Aug-24,06:00 Hrs,569,18707,559.7,5741,0.5,0.8,1.2,1.75,Normal
SUTLEJ,Islam,12-Aug-24,06:00 Hrs,455,6393,439.3,4293,0.5,0.8,1.2,1.75,Normal
INDUS,khairabad,12-Aug-24,12:00 Hrs,-,-,25.8,310500,2.25,3.75,5,6.5,Low
INDUS,Kalabagh,12-Aug-24,12:00 Hrs,693.5,337646,682,329662,2.5,3.75,5,6.5,Low
INDUS,Chashma,12-Aug-24,12:00 Hrs,644,313871,615.2,294371,2.5,3.75,5,6.5,Low
INDUS,Taunsa,12-Aug-24,12:00 Hrs,445.7,371176,433.5,363676,2.5,3.75,5,6.5,Low
INDUS,Guddu,12-Aug-24,12:00 Hrs,257.2,428463,253.6,401243,2,3.5,5,7,Medium
INDUS,Sukkar,12-Aug-24,12:00 Hrs,200.2,381120,199,338740,2,3.5,5,7,Low
INDUS,Kotri,12-Aug-24,12:00 Hrs,69.4,180203,57.8,139968,2.5,4,5,6.5,Normal
JHELUM,Kotli,12-Aug-24,12:00 Hrs,-,-,8.3,4350,-,-,-,-,-
JHELUM,Rasul,12-Aug-24,12:00 Hrs,719,2940,691.5,-,0.75,1.1,1.5,2.25,Normal
CHENAB,Marala,12-Aug-24,12:00 Hrs,812,73016,799.4,55766,1,1.5,2,4,Normal
CHENAB,Khanki,12-Aug-24,12:00 Hrs,733.5,95240,728.7,87138,1,1.5,2,4,Normal
CHENAB,Qadirabad,12-Aug-24,12:00 Hrs,700,100729,691.1,82729,1,1.5,2,4,Normal
CHENAB,Trimmu,12-Aug-24,12:00 Hrs,490.5,78014,485.8,62564,1.5,2,3,4.5,Normal
CHENAB,Punjnad,12-Aug-24,12:00 Hrs,338,44042,331.5,30792,1.5,2,3,4.5,Normal
RAVI,Jassar,12-Aug-24,12:00 Hrs,-,-,783.5,33850,0.5,0.75,1,1.5,Normal
RAVI,Shahdara,12-Aug-24,12:00 Hrs,-,-,672.4,11230,0.4,0.65,0.9,1.35,Normal
RAVI,Balloki,12-Aug-24,12:00 Hrs,633.5,39120,618.8,10420,0.4,0.65,0.9,1.35,Normal
RAVI,Sidhnai,12-Aug-24,12:00 Hrs,467,28261,457.9,13411,0.3,0.45,0.6,0.9,Normal
SUTLEJ,Bhakara**,12-Aug-24,12:00 Hrs,-,-,-,-,-,-,-,-,-
SUTLEJ,Sulemanki,12-Aug-24,12:00 Hrs,569,18707,559.7,5741,0.5,0.8,1.2,1.75,Normal
SUTLEJ,Islam,12-Aug-24,12:00 Hrs,455,6543,439.3,4293,0.5,0.8,1.2,1.75,Normal
INDUS,khairabad,12-Aug-24,18:00 Hrs,-,-,26,313100,2.25,3.75,5,6.5,Low
INDUS,Kalabagh,12-Aug-24,18:00 Hrs,693.5,305811,681.4,297827,2.5,3.75,5,6.5,Low
INDUS,Chashma,12-Aug-24,18:00 Hrs,644,322655,615.2,303155,2.5,3.75,5,6.5,Low
INDUS,Taunsa,12-Aug-24,18:00 Hrs,445.7,318705,432.5,312705,2.5,3.75,5,6.5,Low
INDUS,Guddu,12-Aug-24,18:00 Hrs,257.2,431321,253.6,401243,2,3.5,5,7,Medium
INDUS,Sukkar,12-Aug-24,18:00 Hrs,200.2,385030,199.2,344650,2,3.5,5,7,Low
INDUS,Kotri,12-Aug-24,18:00 Hrs,69.4,180486,57.8,139968,2.5,4,5,6.5,Normal
JHELUM,Kotli,12-Aug-24,18:00 Hrs,-,-,8.2,4110,-,-,-,-,-
JHELUM,Rasul,12-Aug-24,18:00 Hrs,719,8741,694,5341,0.75,1.1,1.5,2.25,Normal
CHENAB,Marala,12-Aug-24,18:00 Hrs,812,77256,799.3,59956,1,1.5,2,4,Normal
CHENAB,Khanki,12-Aug-24,18:00 Hrs,733.5,88903,728.2,80801,1,1.5,2,4,Normal
CHENAB,Qadirabad,12-Aug-24,18:00 Hrs,700,101643,691.3,83643,1,1.5,2,4,Normal
CHENAB,Trimmu,12-Aug-24,18:00 Hrs,490.5,77365,485.5,61915,1.5,2,3,4.5,Normal
CHENAB,Punjnad,12-Aug-24,18:00 Hrs,338,42887,331.1,29537,1.5,2,3,4.5,Normal
RAVI,Jassar,12-Aug-24,18:00 Hrs,-,-,782.5,26800,0.5,0.75,1,1.5,Normal
RAVI,Shahdara,12-Aug-24,18:00 Hrs,-,-,672.4,11230,0.4,0.65,0.9,1.35,Normal
RAVI,Balloki,12-Aug-24,18:00 Hrs,633.5,39120,618.8,10420,0.4,0.65,0.9,1.35,Normal
RAVI,Sidhnai,12-Aug-24,18:00 Hrs,467,26411,457.9,13411,0.3,0.45,0.6,0.9,Normal
SUTLEJ,Bhakara**,12-Aug-24,18:00 Hrs,-,-,-,-,-,-,-,-,-
SUTLEJ,Sulemanki,12-Aug-24,18:00 Hrs,569,18851,559.7,5741,0.5,0.8,1.2,1.75,Normal
SUTLEJ,Islam,12-Aug-24,18:00 Hrs,455,6505,439.4,4655,0.5,0.8,1.2,1.75,Normal
INDUS,khairabad,12-Aug-24,23:59 Hrs,-,-,27,326500,2.25,3.75,5,6.5,Low
INDUS,Kalabagh,12-Aug-24,23:59 Hrs,693.5,297429,681.3,289445,2.5,3.75,5,6.5,Low
INDUS,Chashma,12-Aug-24,23:59 Hrs,643.2,350427,616.5,333539,2.5,3.75,5,6.5,Low
INDUS,Taunsa,12-Aug-24,23:59 Hrs,445.7,310193,432.3,293193,2.5,3.75,5,6.5,Low
INDUS,Guddu,12-Aug-24,23:59 Hrs,257.2,431321,253.6,401243,2,3.5,5,7,Medium
INDUS,Sukkar,12-Aug-24,23:59 Hrs,200.2,385030,199.2,344650,2,3.5,5,7,Low
INDUS,Kotri,12-Aug-24,23:59 Hrs,69.4,180486,57.8,139968,2.5,4,5,6.5,Normal
JHELUM,Kotli,12-Aug-24,23:59 Hrs,-,-,8.3,4350,-,-,-,-,-
JHELUM,Rasul,12-Aug-24,23:59 Hrs,719,3760,691.5,-,0.75,1.1,1.5,2.25,Normal
CHENAB,Marala,12-Aug-24,23:59 Hrs,812,73066,799.1,55766,1,1.5,2,4,Normal
CHENAB,Khanki,12-Aug-24,23:59 Hrs,733.5,81298,727.4,73196,1,1.5,2,4,Normal
CHENAB,Qadirabad,12-Aug-24,23:59 Hrs,700,83886,690.3,65886,1,1.5,2,4,Normal
CHENAB,Trimmu,12-Aug-24,23:59 Hrs,490.5,74577,485.4,59889,1.5,2,3,4.5,Normal
CHENAB,Punjnad,12-Aug-24,23:59 Hrs,338,42887,331.1,29537,1.5,2,3,4.5,Normal
RAVI,Jassar,12-Aug-24,23:59 Hrs,-,-,781.5,20200,0.5,0.75,1,1.5,Normal
RAVI,Shahdara,12-Aug-24,23:59 Hrs,-,-,674.5,20626,0.4,0.65,0.9,1.35,Normal
RAVI,Balloki,12-Aug-24,23:59 Hrs,633.5,39120,618.8,10420,0.4,0.65,0.9,1.35,Normal
RAVI,Sidhnai,12-Aug-24,23:59 Hrs,467,27457,458.3,15257,0.3,0.45,0.6,0.9,Normal
SUTLEJ,Bhakara**,12-Aug-24,23:59 Hrs,-,-,-,-,-,-,-,-,-
SUTLEJ,Sulemanki,12-Aug-24,23:59 Hrs,569,18851,559.7,5741,0.5,0.8,1.2,1.75,Normal
SUTLEJ,Islam,12-Aug-24,23:59 Hrs,455,6205,439.4,4655,0.5,0.8,1.2,1.75,Normal
INDUS,khairabad,13-Aug-24,06:00 Hrs,-,-,27.6,334600,2.25,3.75,5,6.5,Low
INDUS,Kalabagh,13-Aug-24,06:00 Hrs,693.5,313341,681.5,305357,2.5,3.75,5,6.5,Low
INDUS,Chashma,13-Aug-24,06:00 Hrs,642,373972,617.7,356784,2.5,3.75,5,6.5,Low
INDUS,Taunsa,13-Aug-24,06:00 Hrs,446,243474,431.1,227474,2.5,3.75,5,6.5,Normal
INDUS,Guddu,13-Aug-24,06:00 Hrs,257.3,428105,253.6,398324,2,3.5,5,7,Medium
INDUS,Sukkar,13-Aug-24,06:00 Hrs,200.4,392120,199.8,350540,2,3.5,5,7,Medium
INDUS,Kotri,13-Aug-24,06:00 Hrs,69.4,184413,58,143898,2.5,4,5,6.5,Normal
JHELUM,Kotli,13-Aug-24,06:00 Hrs,-,-,8.4,4590,-,-,-,-,-
JHELUM,Rasul,13-Aug-24,06:00 Hrs,719,3760,691.5,-,0.75,1.1,1.5,2.25,Normal
CHENAB,Marala,13-Aug-24,06:00 Hrs,812,68876,798.9,51576,1,1.5,2,4,Normal
CHENAB,Khanki,13-Aug-24,06:00 Hrs,733.5,75704,726.6,67602,1,1.5,2,4,Normal
CHENAB,Qadirabad,13-Aug-24,06:00 Hrs,700,76994,690,58994,1,1.5,2,4,Normal
CHENAB,Trimmu,13-Aug-24,06:00 Hrs,490.5,70154,485,56704,1.5,2,3,4.5,Normal
CHENAB,Punjnad,13-Aug-24,06:00 Hrs,338,42887,331.1,29537,1.5,2,3,4.5,Normal
RAVI,Jassar,13-Aug-24,06:00 Hrs,-,-,781,16700,0.5,0.75,1,1.5,Normal
RAVI,Shahdara,13-Aug-24,06:00 Hrs,-,-,675.2,24755,0.4,0.65,0.9,1.35,Normal
RAVI,Balloki,13-Aug-24,06:00 Hrs,633.5,41425,619.7,12725,0.4,0.65,0.9,1.35,Normal
RAVI,Sidhnai,13-Aug-24,06:00 Hrs,467,24200,457.7,12150,0.3,0.45,0.6,0.9,Normal
SUTLEJ,Bhakara**,13-Aug-24,06:00 Hrs,-,-,-,-,-,-,-,-,-
SUTLEJ,Sulemanki,13-Aug-24,06:00 Hrs,569,17989,559.8,5975,0.5,0.8,1.2,1.75,Normal
SUTLEJ,Islam,13-Aug-24,06:00 Hrs,455,6205,439.4,4655,0.5,0.8,1.2,1.75,Normal
INDUS,khairabad,13-Aug-24,12:00 Hrs,-,-,24.9,298600,2.25,3.75,5,6.5,Low
INDUS,Kalabagh,13-Aug-24,12:00 Hrs,693.5,324085,681.8,316085,2.5,3.75,5,6.5,Low
INDUS,Chashma,13-Aug-24,12:00 Hrs,641,361672,617.8,346427,2.5,3.75,5,6.5,Low
INDUS,Taunsa,13-Aug-24,12:00 Hrs,446,242093,431.1,224593,2.5,3.75,5,6.5,Normal
INDUS,Guddu,13-Aug-24,12:00 Hrs,257.4,426789,253.55,395704,2,3.5,5,7,Medium
INDUS,Sukkar,13-Aug-24,12:00 Hrs,200.4,392120,199.8,350540,2,3.5,5,7,Medium
INDUS,Kotri,13-Aug-24,12:00 Hrs,69.4,189410,58.2,149315,2.5,4,5,6.5,Normal
JHELUM,Kotli,13-Aug-24,12:00 Hrs,-,-,8.2,4110,-,-,-,-,-
JHELUM,Rasul,13-Aug-24,12:00 Hrs,719,3960,691.5,-,0.75,1.1,1.5,2.25,Normal
CHENAB,Marala,13-Aug-24,12:00 Hrs,812,60496,798.3,43196,1,1.5,2,4,Normal
CHENAB,Khanki,13-Aug-24,12:00 Hrs,733.5,70878,726.3,62776,1,1.5,2,4,Normal
CHENAB,Qadirabad,13-Aug-24,12:00 Hrs,700,68433,689,50433,1,1.5,2,4,Normal
CHENAB,Trimmu,13-Aug-24,12:00 Hrs,490.5,70154,485,56704,1.5,2,3,4.5,Normal
CHENAB,Punjnad,13-Aug-24,12:00 Hrs,338,46395,331.4,32885,1.5,2,3,4.5,Normal
RAVI,Jassar,13-Aug-24,12:00 Hrs,-,-,780.3,13810,0.5,0.75,1,1.5,Normal
RAVI,Shahdara,13-Aug-24,12:00 Hrs,-,-,675.2,24755,0.4,0.65,0.9,1.35,Normal
RAVI,Balloki,13-Aug-24,12:00 Hrs,633.5,43770,620.1,15070,0.4,0.65,0.9,1.35,Normal
RAVI,Sidhnai,13-Aug-24,12:00 Hrs,467,24200,457.7,12150,0.3,0.45,0.6,0.9,Normal
SUTLEJ,Bhakara**,13-Aug-24,12:00 Hrs,-,-,-,-,-,-,-,-,-
SUTLEJ,Sulemanki,13-Aug-24,12:00 Hrs,569,17989,559.8,5975,0.5,0.8,1.2,1.75,Normal
SUTLEJ,Islam,13-Aug-24,12:00 Hrs,455,6205,439.4,4655,0.5,0.8,1.2,1.75,Normal
INDUS,khairabad,13-Aug-24,18:00 Hrs,-,-,25,299900,2.25,3.75,5,6.5,low
INDUS,Kalabagh,13-Aug-24,18:00 Hrs,693.5,309859,681.4,301859,2.5,3.75,5,6.5,low
INDUS,Chashma,13-Aug-24,18:00 Hrs,639.8,356498,617.6,341992,2.5,3.75,5,6.5,low
INDUS,Taunsa,13-Aug-24,18:00 Hrs,446,254674,431.2,236174,2.5,3.75,5,6.5,Normal
INDUS,Guddu,13-Aug-24,18:00 Hrs,257.5,421983,253.5,392354,2,3.5,5,7,Medium
INDUS,Sukkar,13-Aug-24,18:00 Hrs,200.4,392120,199.8,350540,2,3.5,5,7,Medium
INDUS,Kotri,13-Aug-24,18:00 Hrs,69.4,189410,58.2,149315,2.5,4,5,6.5,Normal
JHELUM,Kotli,13-Aug-24,18:00 Hrs,-,-,8.1,3880,-,-,-,-,-
JHELUM,Rasul,13-Aug-24,18:00 Hrs,719,9301,694,5341,0.75,1.1,1.5,2.25,Normal
CHENAB,Marala,13-Aug-24,18:00 Hrs,812,60546,798.3,43196,1,1.5,2,4,Normal
CHENAB,Khanki,13-Aug-24,18:00 Hrs,733.5,66537,725.8,58435,1,1.5,2,4,Normal
CHENAB,Qadirabad,13-Aug-24,18:00 Hrs,700,59135,688.4,41135,1,1.5,2,4,Normal
CHENAB,Trimmu,13-Aug-24,18:00 Hrs,490.5,68384,484.8,54934,1.5,2,3,4.5,Normal
CHENAB,Punjnad,13-Aug-24,18:00 Hrs,338,46395,331.4,32885,1.5,2,3,4.5,Normal
RAVI,Jassar,13-Aug-24,18:00 Hrs,-,-,779.6,11081,0.5,0.75,1,1.5,Normal
RAVI,Shahdara,13-Aug-24,18:00 Hrs,-,-,675.2,24755,0.4,0.65,0.9,1.35,Normal
RAVI,Balloki,13-Aug-24,18:00 Hrs,633.5,47230,621.3,18530,0.4,0.65,0.9,1.35,Normal
RAVI,Sidhnai,13-Aug-24,18:00 Hrs,467,22107,457.3,9957,0.3,0.45,0.6,0.9,Normal
SUTLEJ,Bhakara**,13-Aug-24,18:00 Hrs,-,-,-,-,-,-,-,-,-
SUTLEJ,Sulemanki,13-Aug-24,18:00 Hrs,569,17823,559.9,6252,0.5,0.8,1.2,1.75,Normal
SUTLEJ,Islam,13-Aug-24,18:00 Hrs,455,6278,439.6,5028,0.5,0.8,1.2,1.75,Normal
INDUS,khairabad,13-Aug-24,23:59 Hrs,-,-,25.8,310500,2.25,3.75,5,6.5,Low
INDUS,Kalabagh,13-Aug-24,23:59 Hrs,693.5,299265,680.3,291265,2.5,3.75,5,6.5,low
INDUS,Chashma,13-Aug-24,23:59 Hrs,639,343931,617.1,328850,2.5,3.75,5,6.5,low
INDUS,Taunsa,13-Aug-24,23:59 Hrs,446,257674,431.2,236174,2.5,3.75,5,6.5,Normal
INDUS,Guddu,13-Aug-24,23:59 Hrs,257.5,421983,253.5,392354,2,3.5,5,7,Medium
INDUS,Sukkar,13-Aug-24,23:59 Hrs,200.4,392120,199.8,350540,2,3.5,5,7,Medium
INDUS,Kotri,13-Aug-24,23:59 Hrs,69.4,189410,58.2,149315,2.5,4,5,6.5,Normal
JHELUM,Kotli,13-Aug-24,23:59 Hrs,-,-,8,3660,-,-,-,-,-
JHELUM,Rasul,13-Aug-24,23:59 Hrs,719,3960,691.5,Nil,0.75,1.1,1.5,2.25,Normal
CHENAB,Marala,13-Aug-24,23:59 Hrs,812,68926,798.9,51576,1,1.5,2,4,Normal
CHENAB,Khanki,13-Aug-24,23:59 Hrs,733.5,62067,725.2,53928,1,1.5,2,4,Normal
CHENAB,Qadirabad,13-Aug-24,23:59 Hrs,700,54421,688,36421,1,1.5,2,4,Normal
CHENAB,Trimmu,13-Aug-24,23:59 Hrs,490.5,68384,484.8,54934,1.5,2,3,4.5,Normal
CHENAB,Punjnad,13-Aug-24,23:59 Hrs,338,45695,331.4,32885,1.5,2,3,4.5,Normal
RAVI,Jassar,13-Aug-24,23:59 Hrs,-,-,779,8846,0.5,0.75,1,1.5,Normal
RAVI,Shahdara,13-Aug-24,23:59 Hrs,-,-,674.4,20061,0.4,0.65,0.9,1.35,Normal
RAVI,Balloki,13-Aug-24,23:59 Hrs,633.5,50695,622,21995,0.4,0.65,0.9,1.35,Normal
RAVI,Sidhnai,13-Aug-24,23:59 Hrs,467,22107,457.3,9957,0.3,0.45,0.6,0.9,Normal
SUTLEJ,Bhakara**,13-Aug-24,23:59 Hrs,-,-,-,-,-,-,-,-,-
SUTLEJ,Sulemanki,13-Aug-24,23:59 Hrs,569,17823,559.9,6252,0.5,0.8,1.2,1.75,Normal
SUTLEJ,Islam,13-Aug-24,23:59 Hrs,455,6278,439.6,5028,0.5,0.8,1.2,1.75,Normal
INDUS,khairabad,14-Aug-24,06:00 Hrs,-,-,26.3,317100,2.25,3.75,5,6.5,Low
INDUS,Kalabagh,14-Aug-24,06:00 Hrs,693.5,298746,680.3,290746,2.5,3.75,5,6.5,Low
INDUS,Chashma,14-Aug-24,06:00 Hrs,639,323018,616.8,327938,2.5,3.75,5,6.5,Low
INDUS,Taunsa,14-Aug-24,06:00 Hrs,446,344077,432.3,318077,2.5,3.75,5,6.5,Low
INDUS,Guddu,14-Aug-24,06:00 Hrs,257.5,421983,253.5,392354,2,3.5,5,7,Medium
INDUS,Sukkar,14-Aug-24,06:00 Hrs,200.4,392960,199.8,350540,2,3.5,5,7,Medium
INDUS,Kotri,14-Aug-24,06:00 Hrs,69.4,189410,58.2,149315,2.5,4,5,6.5,Normal
JHELUM,Kotli,14-Aug-24,06:00 Hrs,-,-,8.1,3880,-,-,-,-,-
JHELUM,Rasul,14-Aug-24,06:00 Hrs,719,3960,691.5,Nil,0.75,1.1,1.5,2.25,Normal
CHENAB,Marala,14-Aug-24,06:00 Hrs,812,64736,798.6,47386,1,1.5,2,4,Normal
CHENAB,Khanki,14-Aug-24,06:00 Hrs,733.5,62067,725.2,53928,1,1.5,2,4,Normal
CHENAB,Qadirabad,14-Aug-24,06:00 Hrs,700,54421,688,36421,1,1.5,2,4,Normal
CHENAB,Trimmu,14-Aug-24,06:00 Hrs,490.5,68384,484.8,54934,1.5,2,3,4.5,Normal
CHENAB,Punjnad,14-Aug-24,06:00 Hrs,338,48579,332,35769,1.5,2,3,4.5,Normal
RAVI,Jassar,14-Aug-24,06:00 Hrs,-,-,779,8846,0.5,0.75,1,1.5,Normal
RAVI,Shahdara,14-Aug-24,06:00 Hrs,-,-,674,17800,0.4,0.65,0.9,1.35,Normal
RAVI,Balloki,14-Aug-24,06:00 Hrs,633.5,53070,622.3,24370,0.4,0.65,0.9,1.35,Normal
RAVI,Sidhnai,14-Aug-24,06:00 Hrs,467,20094,456.7,7894,0.3,0.45,0.6,0.9,Normal
SUTLEJ,Bhakara**,14-Aug-24,06:00 Hrs,-,-,-,-,-,-,-,-,-
SUTLEJ,Sulemanki,14-Aug-24,06:00 Hrs,569,17314,559.9,6252,0.5,0.8,1.2,1.75,Normal
SUTLEJ,Islam,14-Aug-24,06:00 Hrs,455,6278,439.6,5028,0.5,0.8,1.2,1.75,Normal
INDUS,khairabad,14-Aug-24,12:00 Hrs,-,-,25.2,302600,2.25,3.75,5,6.5,Low
INDUS,Kalabagh,14-Aug-24,12:00 Hrs,693.5,312819,681.5,304819,2.5,3.75,5,6.5,Low
INDUS,Chashma,14-Aug-24,12:00 Hrs,639,326083,616.6,311003,2.5,3.75,5,6.5,Low
INDUS,Taunsa,14-Aug-24,12:00 Hrs,446,355181,432.5,329181,2.5,3.75,5,6.5,Low
INDUS,Guddu,14-Aug-24,12:00 Hrs,257.5,421983,253.5,392354,2,3.5,5,7,Medium
INDUS,Sukkar,14-Aug-24,12:00 Hrs,200.4,392960,199.8,350540,2,3.5,5,7,Medium
INDUS,Kotri,14-Aug-24,12:00 Hrs,69.4,189410,58.2,149315,2.5,4,5,6.5,Normal
JHELUM,Kotli,14-Aug-24,12:00 Hrs,-,-,8.2,4160,-,-,-,-,-
JHELUM,Rasul,14-Aug-24,12:00 Hrs,719,9301,694,5341,0.75,1.1,1.5,2.25,Normal
CHENAB,Marala,14-Aug-24,12:00 Hrs,812,89876,799.8,72526,1,1.5,2,4,Normal
CHENAB,Khanki,14-Aug-24,12:00 Hrs,733.5,63009,725.5,54870,1,1.5,2,4,Normal
CHENAB,Qadirabad,14-Aug-24,12:00 Hrs,700,53058,687.8,35058,1,1.5,2,4,Normal
CHENAB,Trimmu,14-Aug-24,12:00 Hrs,490.5,73058,485.3,59585,1.5,2,3,4.5,Normal
CHENAB,Punjnad,14-Aug-24,12:00 Hrs,338,48579,332,35769,1.5,2,3,4.5,Normal
RAVI,Jassar,14-Aug-24,12:00 Hrs,-,-,778.1,6602,0.5,0.75,1,1.5,Normal
RAVI,Shahdara,14-Aug-24,12:00 Hrs,-,-,674,17800,0.4,0.65,0.9,1.35,Normal
RAVI,Balloki,14-Aug-24,12:00 Hrs,633.5,53070,622.3,24370,0.4,0.65,0.9,1.35,Normal
RAVI,Sidhnai,14-Aug-24,12:00 Hrs,467,20094,456.7,7894,0.3,0.45,0.6,0.9,Normal
SUTLEJ,Bhakara**,14-Aug-24,12:00 Hrs,-,-,-,-,-,-,-,-,-
SUTLEJ,Sulemanki,14-Aug-24,12:00 Hrs,569,17314,559.9,6252,0.5,0.8,1.2,1.75,Normal
SUTLEJ,Islam,14-Aug-24,12:00 Hrs,455,6278,439.6,5028,0.5,0.8,1.2,1.75,Normal
INDUS,khairabad,14-Aug-24,18:00 Hrs,-,-,25,299900,2.25,3.75,5,6.5,Low
INDUS,Kalabagh,14-Aug-24,18:00 Hrs,693.5,312819,681.5,304819,2.5,3.75,5,6.5,Low
INDUS,Chashma,14-Aug-24,18:00 Hrs,638.6,323348,616.4,308898,2.5,3.75,5,6.5,Low
INDUS,Taunsa,14-Aug-24,18:00 Hrs,446,355181,432.5,329181,2.5,3.75,5,6.5,Low
INDUS,Guddu,14-Aug-24,18:00 Hrs,257.5,421210,253.45,390341,2,3.5,5,7,Medium
INDUS,Sukkar,14-Aug-24,18:00 Hrs,200.4,392960,199.8,350540,2,3.5,5,7,Medium
INDUS,Kotri,14-Aug-24,18:00 Hrs,69.4,195434,58.5,155979,2.5,4,5,6.5,Normal
JHELUM,Kotli,14-Aug-24,18:00 Hrs,-,-,8.1,3900,-,-,-,-,-
JHELUM,Rasul,14-Aug-24,18:00 Hrs,719,3960,691.5,-,0.75,1.1,1.5,2.25,Normal
CHENAB,Marala,14-Aug-24,18:00 Hrs,812,99484,800.4,82134,1,1.5,2,4,Normal
CHENAB,Khanki,14-Aug-24,18:00 Hrs,733.5,63009,727.5,54870,1,1.5,2,4,Normal
CHENAB,Qadirabad,14-Aug-24,18:00 Hrs,700,54237,687.9,36237,1,1.5,2,4,Normal
CHENAB,Trimmu,14-Aug-24,18:00 Hrs,490.5,73339,485.4,59889,1.5,2,3,4.5,Normal
CHENAB,Punjnad,14-Aug-24,18:00 Hrs,338,48609,332,35769,1.5,2,3,4.5,Normal
RAVI,Jassar,14-Aug-24,18:00 Hrs,-,-,778.1,6602,0.5,0.75,1,1.5,Normal
RAVI,Shahdara,14-Aug-24,18:00 Hrs,-,-,673.9,17392,0.4,0.65,0.9,1.35,Normal
RAVI,Balloki,14-Aug-24,18:00 Hrs,633.5,53070,622.3,24370,0.4,0.65,0.9,1.35,Normal
RAVI,Sidhnai,14-Aug-24,18:00 Hrs,467,18949,456,5949,0.3,0.45,0.6,0.9,Normal
SUTLEJ,Bhakara**,14-Aug-24,18:00 Hrs,,-,-,-,-,-,-,-,-
SUTLEJ,Sulemanki,14-Aug-24,18:00 Hrs,569,20382,560.7,9320,0.5,0.8,1.2,1.75,Normal
SUTLEJ,Islam,14-Aug-24,18:00 Hrs,455,6278,439.6,5028,0.5,0.8,1.2,1.75,Normal
INDUS,khairabad,14-Aug-24,23:59 Hrs,-,-,25.6,307800,2.25,3.75,5,6.5,Low
INDUS,Kalabagh,14-Aug-24,23:59 Hrs,693.5,298783,681.3,290783,2.5,3.75,5,6.5,Low
INDUS,Chashma,14-Aug-24,23:59 Hrs,638.6,323968,616.3,309518,2.5,3.75,5,6.5,Low
INDUS,Taunsa,14-Aug-24,23:59 Hrs,446,355181,432.5,329181,2.5,3.75,5,6.5,Low
INDUS,Guddu,14-Aug-24,23:59 Hrs,257.5,421210,253.45,390341,2,3.5,5,7,Medium
INDUS,Sukkar,14-Aug-24,23:59 Hrs,200.4,392960,199.8,350540,2,3.5,5,7,Medium
INDUS,Kotri,14-Aug-24,23:59 Hrs,69.4,195434,58.5,155979,2.5,4,5,6.5,Normal
JHELUM,Kotli,14-Aug-24,23:59 Hrs,-,-,8,3650,-,-,-,-,-
JHELUM,Rasul,14-Aug-24,23:59 Hrs,719,9302,694,5342,0.75,1.1,1.5,2.25,Normal
CHENAB,Marala,14-Aug-24,23:59 Hrs,812,92982,800.2,75582,1,1.5,2,4,Normal
CHENAB,Khanki,14-Aug-24,23:59 Hrs,733,73028,726.3,64889,1,1.5,2,4,Normal
CHENAB,Qadirabad,14-Aug-24,23:59 Hrs,700,59135,688.4,41135,1,1.5,2,4,Normal
CHENAB,Trimmu,14-Aug-24,23:59 Hrs,490.5,77981,485.5,64531,1.5,2,3,4.5,Normal
CHENAB,Punjnad,14-Aug-24,23:59 Hrs,338,48609,332,35769,1.5,2,3,4.5,Normal
RAVI,Jassar,14-Aug-24,23:59 Hrs,-,-,779,8846,0.5,0.75,1,1.5,Normal
RAVI,Shahdara,14-Aug-24,23:59 Hrs,-,-,673.1,14129,0.4,0.65,0.9,1.35,Normal
RAVI,Balloki,14-Aug-24,23:59 Hrs,633.5,53070,622.3,24370,0.4,0.65,0.9,1.35,Normal
RAVI,Sidhnai,14-Aug-24,23:59 Hrs,467,19499,456,5949,0.3,0.45,0.6,0.9,Normal
SUTLEJ,Bhakara**,14-Aug-24,23:59 Hrs,,-,-,-,-,-,-,-,-
SUTLEJ,Sulemanki,14-Aug-24,23:59 Hrs,569,20382,560.7,9320,0.5,0.8,1.2,1.75,Normal
SUTLEJ,Islam,14-Aug-24,23:59 Hrs,455,6278,439.6,5028,0.5,0.8,1.2,1.75,Normal
INDUS,khairabad,15-Aug-24,06:00 Hrs,-,-,26,313100,2.25,3.75,5,6.5,Low
INDUS,Kalabagh,15-Aug-24,06:00 Hrs,693.5,304445,681.4,296445,2.5,3.75,5,6.5,Low
INDUS,Chashma,15-Aug-24,06:00 Hrs,638.6,315388,616.3,300938,2.5,3.75,5,6.5,Low
INDUS,Taunsa,15-Aug-24,06:00 Hrs,,366372,432.7,339372,2.5,3.75,5,6.5,Low
INDUS,Guddu,15-Aug-24,06:00 Hrs,257.2,387958,253.1,357446,2,3.5,5,7,Medium
INDUS,Sukkar,15-Aug-24,06:00 Hrs,200.4,389760,199.7,346640,2,3.5,5,7,Low
INDUS,Kotri,15-Aug-24,06:00 Hrs,69.4,195334,58.5,155979,2.5,4,5,6.5,Normal
JHELUM,Kotli,15-Aug-24,06:00 Hrs,-,-,7.9,3410,-,-,-,-,-
JHELUM,Rasul,15-Aug-24,06:00 Hrs,719,3960,691.5,-,0.75,1.1,1.5,2.25,Normal
CHENAB,Marala,15-Aug-24,06:00 Hrs,812,81546,799.6,64146,1,1.5,2,4,Normal
CHENAB,Khanki,15-Aug-24,06:00 Hrs,733.5,73028,726.3,64889,1,1.5,2,4,Normal
CHENAB,Qadirabad,15-Aug-24,06:00 Hrs,700,61078,688.5,43078,1,1.5,2,4,Normal
CHENAB,Trimmu,15-Aug-24,06:00 Hrs,490.5,75605,485.6,62155,1.5,2,3,4.5,Normal
CHENAB,Punjnad,15-Aug-24,06:00 Hrs,338,48609,332,35769,1.5,2,3,4.5,Normal
RAVI,Jassar,15-Aug-24,06:00 Hrs,-,-,779,8846,0.5,0.75,1,1.5,Normal
RAVI,Shahdara,15-Aug-24,06:00 Hrs,-,-,672.6,12063,0.4,0.65,0.9,1.35,Normal
RAVI,Balloki,15-Aug-24,06:00 Hrs,633.5,48385,621.3,19685,0.4,0.65,0.9,1.35,Normal
RAVI,Sidhnai,15-Aug-24,06:00 Hrs,467,21385,456.5,7835,0.3,0.45,0.6,0.9,Normal
SUTLEJ,Bhakara**,15-Aug-24,06:00 Hrs,,-,-,-,-,-,-,-,-
SUTLEJ,Sulemanki,15-Aug-24,06:00 Hrs,569,23844,561.4,12578,0.5,0.8,1.2,1.75,Normal
SUTLEJ,Islam,15-Aug-24,06:00 Hrs,455,6278,439.6,5028,0.5,0.8,1.2,1.75,Normal
INDUS,khairabad,15-Aug-24,12:00 Hrs,-,-,25.1,301300,2.25,3.75,5,6.5,Low
INDUS,Kalabagh,15-Aug-24,12:00 Hrs,693.5,313277,681.5,305277,2.5,3.75,5,6.5,Low
INDUS,Chashma,15-Aug-24,12:00 Hrs,638.6,318668,616.3,304218,2.5,3.75,5,6.5,Low
INDUS,Taunsa,15-Aug-24,12:00 Hrs,446,366372,432.7,339372,2.5,3.75,5,6.5,Low
INDUS,Guddu,15-Aug-24,12:00 Hrs,257.9,347487,252.8,319245,2,3.5,5,7,Low
INDUS,Sukkar,15-Aug-24,12:00 Hrs,200.4,389585,199.7,346640,2,3.5,5,7,Low
INDUS,Kotri,15-Aug-24,12:00 Hrs,69.4,195334,58.5,155979,2.5,4,5,6.5,Normal
JHELUM,Kotli,15-Aug-24,12:00 Hrs,-,-,8,3650,-,-,-,-,-
JHELUM,Rasul,15-Aug-24,12:00 Hrs,719,9301,694,5341,0.75,1.1,1.5,2.25,Normal
CHENAB,Marala,15-Aug-24,12:00 Hrs,812,178650,802.8,160950,1,1.5,2,4,Medium
CHENAB,Marala,15-Aug-24,13:00 Hrs,812,178650,802.8,160950,1,1.5,2,4,Medium
CHENAB,Marala,15-Aug-24,14:00 Hrs,812,178650,802.8,160950,1,1.5,2,4,Medium
CHENAB,Marala,15-Aug-24,15:00 Hrs,812,178650,802.8,160950,1,1.5,2,4,Medium
CHENAB,Marala,15-Aug-24,16:00 Hrs,812,178650,802.8,160950,1,1.5,2,4,Medium
CHENAB,Marala,15-Aug-24,17:00 Hrs,812,165667,803.6,147867,1,1.5,2,4,Medium
CHENAB,Khanki,15-Aug-24,12:00 Hrs,733.5,88373,727.5,80234,1,1.5,2,4,Normal
CHENAB,Qadirabad,15-Aug-24,12:00 Hrs,700,70272,689.1,52272,1,1.5,2,4,Normal
CHENAB,Trimmu,15-Aug-24,12:00 Hrs,490.5,75605,485.6,62155,1.5,2,3,4.5,Normal
CHENAB,Punjnad,15-Aug-24,12:00 Hrs,338,50122,332,37282,1.5,2,3,4.5,Normal
RAVI,Jassar,15-Aug-24,12:00 Hrs,-,-,779.7,11454,0.5,0.75,1,1.5,Normal
RAVI,Shahdara,15-Aug-24,12:00 Hrs,-,-,672.6,12063,0.4,0.65,0.9,1.35,Normal
RAVI,Balloki,15-Aug-24,12:00 Hrs,633.5,44925,620.6,16225,0.4,0.65,0.9,1.35,Normal
RAVI,Sidhnai,15-Aug-24,12:00 Hrs,,,,,0.3,0.45,0.6,0.9,Normal
SUTLEJ,Bhakara**,15-Aug-24,12:00 Hrs,,,,,-,-,-,-,-
SUTLEJ,Sulemanki,15-Aug-24,12:00 Hrs,569,23844,561.4,12528,0.5,0.8,1.2,1.75,Normal
SUTLEJ,Islam,15-Aug-24,12:00 Hrs,455,6278,439.6,5028,0.5,0.8,1.2,1.75,Normal
INDUS,khairabad,15-Aug-24,18:00 Hrs,-,-,26.6,321100,2.25,3.75,5,6.5,Low
INDUS,Kalabagh,15-Aug-24,18:00 Hrs,693.5,299204,681.3,291204,2.5,3.75,5,6.5,Low
INDUS,Chashma,15-Aug-24,18:00 Hrs,638.6,322264,616.3,307814,2.5,3.75,5,6.5,Low
INDUS,Taunsa,15-Aug-24,18:00 Hrs,446,354518,432.6,327518,2.5,3.75,5,6.5,Low
INDUS,Guddu,15-Aug-24,18:00 Hrs,258.5,336167,252.8,317650,2,3.5,5,7,Low
INDUS,Sukkar,15-Aug-24,18:00 Hrs,200.4,388190,199.7,346640,2,3.5,5,7,Low
INDUS,Kotri,15-Aug-24,18:00 Hrs,69.4,200562,58.8,161207,2.5,4,5,6.5,Normal
JHELUM,Kotli,15-Aug-24,18:00 Hrs,-,-,8.1,3900,-,-,-,-,-
JHELUM,Rasul,15-Aug-24,18:00 Hrs,719,3960,691.5,-,0.75,1.1,1.5,2.25,Normal
CHENAB,Marala,15-Aug-24,18:00 Hrs,812,159896,802.3,142096,1,1.5,2,4,Low
CHENAB,Khanki,15-Aug-24,18:00 Hrs,733.5,103222,728,95108,1,1.5,2,4,Normal
CHENAB,Qadirabad,15-Aug-24,18:00 Hrs,700,73894,689.3,55894,1,1.5,2,4,Normal
CHENAB,Trimmu,15-Aug-24,18:00 Hrs,490.5,78691,485.9,65241,1.5,2,3,4.5,Normal
CHENAB,Punjnad,15-Aug-24,18:00 Hrs,NR,NR,NR,NR,1.5,2,3,4.5,Normal
RAVI,Jassar,15-Aug-24,18:00 Hrs,-,-,779.7,11454,0.5,0.75,1,1.5,Normal
RAVI,Shahdara,15-Aug-24,18:00 Hrs,-,-,672.5,11648,0.4,0.65,0.9,1.35,Normal
RAVI,Balloki,15-Aug-24,18:00 Hrs,633.5,42620,620,13920,0.4,0.65,0.9,1.35,Normal
RAVI,Sidhnai,15-Aug-24,18:00 Hrs,467,24612,457.3,11062,0.3,0.45,0.6,0.9,Normal
SUTLEJ,Bhakara**,15-Aug-24,18:00 Hrs,-,-,-,-,-,-,-,-,-
SUTLEJ,Sulemanki,15-Aug-24,18:00 Hrs,569,23800,561.4,12578,0.5,0.8,1.2,1.75,Normal
SUTLEJ,Islam,15-Aug-24,18:00 Hrs,455,6278,439.6,5028,0.5,0.8,1.2,1.75,Normal
INDUS,khairabad,15-Aug-24,23:59 Hrs,-,-,31.8,393000,2.25,3.75,5,6.5,Medium
INDUS,Kalabagh,15-Aug-24,23:59 Hrs,693.5,292681,681.2,284681,2.5,3.75,5,6.5,Low
INDUS,Chashma,15-Aug-24,23:59 Hrs,638.6,327529,616,313479,2.5,3.75,5,6.5,Low
INDUS,Taunsa,15-Aug-24,23:59 Hrs,446,354518,432.6,327518,2.5,3.75,5,6.5,Low
INDUS,Guddu,15-Aug-24,23:59 Hrs,258.5,336167,252.8,317650,2,3.5,5,7,Low
INDUS,Sukkar,15-Aug-24,23:59 Hrs,200.4,386650,199.7,346640,2,3.5,5,7,Low
INDUS,Kotri,15-Aug-24,23:59 Hrs,69.4,200562,58.8,161207,2.5,4,5,6.5,Normal
JHELUM,Kotli,15-Aug-24,23:59 Hrs,-,-,8.2,4160,-,-,-,-,-
JHELUM,Rasul,15-Aug-24,23:59 Hrs,719.1,23665,697.3,19705,0.75,1.1,1.5,2.25,Normal
CHENAB,Marala,15-Aug-24,23:59 Hrs,812,123250,801.8,105450,1,1.5,2,4,Low
CHENAB,Khanki,15-Aug-24,23:59 Hrs,733.7,171329,730.5,163215,1,1.5,2,4,Medium
CHENAB,Qadirabad,15-Aug-24,23:59 Hrs,700,95878,690.7,77878,1,1.5,2,4,Normal
CHENAB,Trimmu,15-Aug-24,23:59 Hrs,490.5,78691,485.9,65241,1.5,2,3,4.5,Normal
CHENAB,Punjnad,15-Aug-24,23:59 Hrs,338,55088,332.7,42248,1.5,2,3,4.5,Normal
RAVI,Jassar,15-Aug-24,23:59 Hrs,-,-,782.3,25560,0.5,0.75,1,1.5,Normal
RAVI,Shahdara,15-Aug-24,23:59 Hrs,-,-,672.6,12063,0.4,0.65,0.9,1.35,Normal
RAVI,Balloki,15-Aug-24,23:59 Hrs,633.5,41265,619.8,12765,0.4,0.65,0.9,1.35,Normal
RAVI,Sidhnai,15-Aug-24,23:59 Hrs,467,26051,457.7,12351,0.3,0.45,0.6,0.9,Normal
SUTLEJ,Bhakara**,15-Aug-24,23:59 Hrs,-,-,-,-,-,-,-,-,-
SUTLEJ,Sulemanki,15-Aug-24,23:59 Hrs,569,23800,561.4,12578,0.5,0.8,1.2,1.75,Normal
SUTLEJ,Islam,15-Aug-24,23:59 Hrs,455,6278,439.6,5028,0.5,0.8,1.2,1.75,Normal
INDUS,khairabad,16-Aug-24,06:00 Hrs,-,-,28.5,346800,2.25,3.75,5,6.5,Low
INDUS,Kalabagh,16-Aug-24,06:00 Hrs,693.5,317785,681.7,309785,2.5,3.75,5,6.5,Low
INDUS,Chashma,16-Aug-24,06:00 Hrs,638.6,315388,616.3,300938,2.5,3.75,5,6.5,Low
INDUS,Taunsa,16-Aug-24,06:00 Hrs,446.2,352039,432.5,324539,2.5,3.75,5,6.5,Low
INDUS,Guddu,16-Aug-24,06:00 Hrs,256,391907,253.4,385621,2,3.5,5,7,Medium
INDUS,Sukkar,16-Aug-24,06:00 Hrs,200.5,380940,200,350010,2,3.5,5,7,Medium
INDUS,Kotri,16-Aug-24,06:00 Hrs,69.4,201915,58.8,162560,2.5,4,5,6.5,Normal
JHELUM,Kotli,16-Aug-24,06:00 Hrs,-,-,8.2,4160,-,-,-,-,-
JHELUM,Rasul,16-Aug-24,06:00 Hrs,719,12775,694.8,7990,0.75,1.1,1.5,2.25,Normal
CHENAB,Marala,16-Aug-24,06:00 Hrs,812,87520,800.2,69720,1,1.5,2,4,Normal
CHENAB,Khanki,16-Aug-24,06:00 Hrs,733.5,159494,730.7,151380,1,1.5,2,4,Medium
CHENAB,Qadirabad,16-Aug-24,06:00 Hrs,700,163219,691.8,145219,1,1.5,2,4,Low
CHENAB,Trimmu,16-Aug-24,06:00 Hrs,491.5,76014,485.8,62564,1.5,2,3,4.5,Normal
CHENAB,Punjnad,16-Aug-24,06:00 Hrs,338,55088,332.7,42248,1.5,2,3,4.5,Normal
RAVI,Jassar,16-Aug-24,06:00 Hrs,-,-,784,37800,0.5,0.75,1,1.5,Normal
RAVI,Shahdara,16-Aug-24,06:00 Hrs,-,-,672.9,13306,0.4,0.65,0.9,1.35,Normal
RAVI,Balloki,16-Aug-24,06:00 Hrs,633.5,41265,619.8,12765,0.4,0.65,0.9,1.35,Normal
RAVI,Sidhnai,16-Aug-24,06:00 Hrs,467,27384,458,13684,0.3,0.45,0.6,0.9,Normal
SUTLEJ,Bhakara**,16-Aug-24,06:00 Hrs,-,-,-,-,-,-,-,-,-
SUTLEJ,Sulemanki,16-Aug-24,06:00 Hrs,569,18672,560.8,7450,0.5,0.8,1.2,1.75,Normal
SUTLEJ,Islam,16-Aug-24,06:00 Hrs,455,6278,439.6,5028,0.5,0.8,1.2,1.75,Normal
INDUS,khairabad,16-Aug-24,12:00 Hrs,-,-,28.4,345500,2.25,3.75,5,6.5,Low
INDUS,Kalabagh,16-Aug-24,12:00 Hrs,693.5,339974,682.1,332234,2.5,3.75,5,6.5,Low
INDUS,Chashma,16-Aug-24,12:00 Hrs,638.6,333061,616.4,319611,2.5,3.75,5,6.5,Low
INDUS,Taunsa,16-Aug-24,12:00 Hrs,446.2,367762,432.8,343262,2.5,3.75,5,6.5,Low
INDUS,Guddu,16-Aug-24,12:00 Hrs,256,390397,253.4,385621,2,3.5,5,7,Medium
INDUS,Sukkar,16-Aug-24,12:00 Hrs,200.5,380310,200.05,353010,2,3.5,5,7,Medium
INDUS,Kotri,16-Aug-24,12:00 Hrs,69.4,201915,58.8,162560,2.5,4,5,6.5,Normal
JHELUM,Kotli,16-Aug-24,12:00 Hrs,-,-,8.2,4160,-,-,-,-,-
JHELUM,Rasul,16-Aug-24,12:00 Hrs,719,4580,691.5,-,0.75,1.1,1.5,2.25,Normal
CHENAB,Marala,16-Aug-24,12:00 Hrs,812,96028,800.3,77948,1,1.5,2,4,Normal
CHENAB,Khanki,16-Aug-24,12:00 Hrs,733.5,99630,729.8,91516,1,1.5,2,4,Normal
CHENAB,Qadirabad,16-Aug-24,12:00 Hrs,700,163219,691.8,145219,1,1.5,2,4,Low
CHENAB,Trimmu,16-Aug-24,12:00 Hrs,490.5,72458,485.4,59008,1.5,2,3,4.5,Normal
CHENAB,Punjnad,16-Aug-24,12:00 Hrs,338,56371,333,43781,1.5,2,3,4.5,Normal
RAVI,Jassar,16-Aug-24,12:00 Hrs,-,-,784.2,40440,0.5,0.75,1,1.5,Normal
RAVI,Shahdara,16-Aug-24,12:00 Hrs,-,-,673.4,15353,0.4,0.65,0.9,1.35,Normal
RAVI,Balloki,16-Aug-24,12:00 Hrs,633.5,39105,618.9,10455,0.4,0.65,0.9,1.35,Normal
RAVI,Sidhnai,16-Aug-24,12:00 Hrs,467,26778,458.1,14978,0.3,0.45,0.6,0.9,Normal
SUTLEJ,Bhakara**,16-Aug-24,12:00 Hrs,-,-,-,-,-,-,-,-,-
SUTLEJ,Sulemanki,16-Aug-24,12:00 Hrs,569,18672,560.8,7450,0.5,0.8,1.2,1.75,Normal
SUTLEJ,Islam,16-Aug-24,12:00 Hrs,455,6278,439.6,5028,0.5,0.8,1.2,1.75,Normal
INDUS,khairabad,16-Aug-24,18:00 Hrs,-,-,28,340000,2.25,3.75,5,6.5,Low
INDUS,Kalabagh,16-Aug-24,18:00 Hrs,693.5,345678,682.2,338338,2.5,3.75,5,6.5,Low
INDUS,Chashma,16-Aug-24,18:00 Hrs,638.6,340911,616.5,328061,2.5,3.75,5,6.5,Low
INDUS,Taunsa,16-Aug-24,18:00 Hrs,446.2,349872,432.5,325372,2.5,3.75,5,6.5,Low
INDUS,Guddu,16-Aug-24,18:00 Hrs,256,390397,253.4,385621,2,3.5,5,7,Medium
INDUS,Sukkar,16-Aug-24,18:00 Hrs,200.5,380330,200.1,358820,2,3.5,5,7,Medium
INDUS,Kotri,16-Aug-24,18:00 Hrs,69.4,205890,59,167655,2.5,4,5,6.5,Normal
JHELUM,Kotli,16-Aug-24,18:00 Hrs,-,-,8,3650,-,-,-,-,-
JHELUM,Rasul,16-Aug-24,18:00 Hrs,719,9301,694,5341,0.75,1.1,1.5,2.25,Normal
CHENAB,Marala,16-Aug-24,18:00 Hrs,812,77644,799.5,56464,1,1.5,2,4,Normal
CHENAB,Khanki,16-Aug-24,18:00 Hrs,733,87527,728.6,79413,1,1.5,2,4,Normal
CHENAB,Qadirabad,16-Aug-24,18:00 Hrs,700,153197,691.6,135197,1,1.5,2,4,Low
CHENAB,Trimmu,16-Aug-24,18:00 Hrs,490.5,65106,585.1,51656,1.5,2,3,4.5,Normal
CHENAB,Punjnad,16-Aug-24,18:00 Hrs,338,56682,333.2,48582,1.5,2,3,4.5,Normal
RAVI,Jassar,16-Aug-24,18:00 Hrs,-,-,784,37800,0.5,0.75,1,1.5,Normal
RAVI,Shahdara,16-Aug-24,18:00 Hrs,-,-,674.5,20626,0.4,0.65,0.9,1.35,Normal
RAVI,Balloki,16-Aug-24,18:00 Hrs,633.5,39075,619.1,11575,0.4,0.65,0.9,1.35,Normal
RAVI,Sidhnai,16-Aug-24,18:00 Hrs,467,30376,458.6,18876,0.3,0.45,0.6,0.9,Normal
SUTLEJ,Bhakara**,16-Aug-24,18:00 Hrs,-,-,-,-,-,-,-,-,-
SUTLEJ,Sulemanki,16-Aug-24,18:00 Hrs,569,18032,560.5,8170,0.5,0.8,1.2,1.75,Normal
SUTLEJ,Islam,16-Aug-24,18:00 Hrs,455,7450,439.7,6200,0.5,0.8,1.2,1.75,Normal
INDUS,khairabad,16-Aug-24,23:59 Hrs,-,-,28.6,348200,2.25,3.75,5,6.5,Low
INDUS,Kalabagh,16-Aug-24,23:59 Hrs,693.5,332654,682,326330,2.5,3.75,5,6.5,Low
INDUS,Chashma,16-Aug-24,23:59 Hrs,638.6,352287,616.5,340037,2.5,3.75,5,6.5,Low
INDUS,Taunsa,16-Aug-24,23:59 Hrs,446.2,349872,432.5,325372,2.5,3.75,5,6.5,Low
INDUS,Guddu,16-Aug-24,23:59 Hrs,256,390397,253.4,385621,2,3.5,5,7,Medium
INDUS,Sukkar,16-Aug-24,23:59 Hrs,200.5,380330,200.1,358820,2,3.5,5,7,Medium
INDUS,Kotri,16-Aug-24,23:59 Hrs,69.4,205890,59,167655,2.5,4,5,6.5,Normal
JHELUM,Kotli,16-Aug-24,23:59 Hrs,-,-,8.1,3900,-,-,-,-,-
JHELUM,Rasul,16-Aug-24,23:59 Hrs,719,3960,691.5,-,0.75,1.1,1.5,2.25,Normal
CHENAB,Marala,16-Aug-24,23:59 Hrs,812,74504,799.1,52354,1,1.5,2,4,Normal
CHENAB,Khanki,16-Aug-24,23:59 Hrs,733.5,81367,727.7,73253,1,1.5,2,4,Normal
CHENAB,Qadirabad,16-Aug-24,23:59 Hrs,700,102369,690.9,84369,1,1.5,2,4,Normal
CHENAB,Trimmu,16-Aug-24,23:59 Hrs,490.5,60727,484.8,48416,1.5,2,3,4.5,Normal
CHENAB,Punjnad,16-Aug-24,23:59 Hrs,338,57883,333.4,51683,1.5,2,3,4.5,Normal
RAVI,Jassar,16-Aug-24,23:59 Hrs,-,-,783.5,33850,0.5,0.75,1,1.5,Normal
RAVI,Shahdara,16-Aug-24,23:59 Hrs,-,-,675.4,26059,0.4,0.65,0.9,1.35,Normal
RAVI,Balloki,16-Aug-24,23:59 Hrs,633.5,38275,619.1,11575,0.4,0.65,0.9,1.35,Normal
RAVI,Sidhnai,16-Aug-24,23:59 Hrs,467,30278,458.8,20378,0.3,0.45,0.6,0.9,Normal
SUTLEJ,Bhakara**,16-Aug-24,23:59 Hrs,-,-,-,-,-,-,-,-,-
SUTLEJ,Sulemanki,16-Aug-24,23:59 Hrs,569,18032,560.5,8170,0.5,0.8,1.2,1.75,Normal
SUTLEJ,Islam,16-Aug-24,23:59 Hrs,455,8402,439.9,7452,0.5,0.8,1.2,1.75,Normal
INDUS,khairabad,17-Aug-24,06:00 Hrs,-,-,29.1,355100,2.25,3.75,5,6.5,Low
INDUS,Kalabagh,17-Aug-24,06:00 Hrs,693.5,327886,681.9,321562,2.5,3.75,5,6.5,Low
INDUS,Chashma,17-Aug-24,06:00 Hrs,638.6,356831,616.5,344681,2.5,3.75,5,6.5,Low
INDUS,Taunsa,17-Aug-24,06:00 Hrs,446.2,342561,432.4,318061,2.5,3.75,5,6.5,Low
INDUS,Guddu,17-Aug-24,06:00 Hrs,256,389896,253.4,385621,2,3.5,5,7,Medium
INDUS,Sukkar,17-Aug-24,06:00 Hrs,200.6,381870,200.2,362920,2,3.5,5,7,Medium
INDUS,Kotri,17-Aug-24,06:00 Hrs,69.3,209797,59.2,174442,2.5,4,5,6.5,Normal
JHELUM,Kotli,17-Aug-24,06:00 Hrs,-,-,8.3,4420,-,-,-,-,-
JHELUM,Rasul,17-Aug-24,06:00 Hrs,719,9301,694,5341,0.75,1.1,1.5,2.25,Normal
CHENAB,Marala,17-Aug-24,06:00 Hrs,812,69151,798.6,47001,1,1.5,2,4,Normal
CHENAB,Khanki,17-Aug-24,06:00 Hrs,733.5,81367,727.7,73253,1,1.5,2,4,Normal
CHENAB,Qadirabad,17-Aug-24,06:00 Hrs,700,85498,690.6,67498,1,1.5,2,4,Normal
CHENAB,Trimmu,17-Aug-24,06:00 Hrs,490.5,48490,484.7,38290,1.5,2,3,4.5,Normal
CHENAB,Punjnad,17-Aug-24,06:00 Hrs,338,57683,333.4,51683,1.5,2,3,4.5,Normal
RAVI,Jassar,17-Aug-24,06:00 Hrs,-,-,782.5,26800,0.5,0.75,1,1.5,Normal
RAVI,Shahdara,17-Aug-24,06:00 Hrs,-,-,675.7,28014,0.4,0.65,0.9,1.35,Normal
RAVI,Balloki,17-Aug-24,06:00 Hrs,633.5,39425,619.8,12725,0.4,0.65,0.9,1.35,Normal
RAVI,Sidhnai,17-Aug-24,06:00 Hrs,467,32814,459.2,23614,0.3,0.45,0.6,0.9,Normal
SUTLEJ,Bhakara**,17-Aug-24,06:00 Hrs,-,-,-,-,-,-,-,-,-
SUTLEJ,Sulemanki,17-Aug-24,06:00 Hrs,569,16405,560.8,8955,0.5,0.8,1.2,1.75,Normal
SUTLEJ,Islam,17-Aug-24,06:00 Hrs,455,8402,439.9,7452,0.5,0.8,1.2,1.75,Normal
INDUS,khairabad,17-Aug-24,12:00 Hrs,-,-,29.8,364800,2.25,3.75,5,6.5,Low
INDUS,Kalabagh,17-Aug-24,12:00 Hrs,693.5,338521,682.1,332197,2.5,3.75,5,6.5,Low
INDUS,Chashma,17-Aug-24,12:00 Hrs,638.6,357921,616.6,346171,2.5,3.75,5,6.5,Low
INDUS,Taunsa,17-Aug-24,12:00 Hrs,446.2,359904,432.7,337040,2.5,3.75,5,6.5,Low
INDUS,Guddu,17-Aug-24,12:00 Hrs,256,389896,253.4,385621,2,3.5,5,7,Medium
INDUS,Sukkar,17-Aug-24,12:00 Hrs,200.6,381870,200.2,362920,2,3.5,5,7,Medium
INDUS,Kotri,17-Aug-24,12:00 Hrs,69.3,210780,59.4,179305,2.5,4,5,6.5,Normal
JHELUM,Kotli,17-Aug-24,12:00 Hrs,-,-,11.2,15420,-,-,-,-,-
JHELUM,Rasul,17-Aug-24,12:00 Hrs,719,11550,694.8,7990,0.75,1.1,1.5,2.25,Normal
CHENAB,Marala,17-Aug-24,12:00 Hrs,812,60327,798,38277,1,1.5,2,4,Normal
CHENAB,Khanki,17-Aug-24,12:00 Hrs,733.5,79479,727.3,71580,1,1.5,2,4,Normal
CHENAB,Qadirabad,17-Aug-24,12:00 Hrs,700,79754,690,61754,1,1.5,2,4,Normal
CHENAB,Trimmu,17-Aug-24,12:00 Hrs,490.5,48390,484.7,38290,1.5,2,3,4.5,Normal
CHENAB,Punjnad,17-Aug-24,12:00 Hrs,338,57183,333.4,51683,1.5,2,3,4.5,Normal
RAVI,Jassar,17-Aug-24,12:00 Hrs,-,-,782,23700,0.5,0.75,1,1.5,Normal
RAVI,Shahdara,17-Aug-24,12:00 Hrs,-,-,675.7,28014,0.4,0.65,0.9,1.35,Normal
RAVI,Balloki,17-Aug-24,12:00 Hrs,633.5,41735,620.4,15035,0.4,0.65,0.9,1.35,Normal
RAVI,Sidhnai,17-Aug-24,12:00 Hrs,467,30853,459,21853,0.3,0.45,0.6,0.9,Normal
SUTLEJ,Bhakara**,17-Aug-24,12:00 Hrs,-,-,-,-,-,-,-,-,-
SUTLEJ,Sulemanki,17-Aug-24,12:00 Hrs,569,16405,560.8,7450,0.5,0.8,1.2,1.75,Normal
SUTLEJ,Islam,17-Aug-24,12:00 Hrs,455,9179,440.4,8329,0.5,0.8,1.2,1.75,Normal
INDUS,khairabad,17-Aug-24,18:00 Hrs,-,-,31,381600,2.25,3.75,5,6.5,Medium
INDUS,Kalabagh,17-Aug-24,18:00 Hrs,693.5,363728,683,357904,2.5,3.75,5,6.5,Low
INDUS,Chashma,17-Aug-24,18:00 Hrs,639.8,358971,617,343957,2.5,3.75,5,6.5,Low
INDUS,Taunsa,17-Aug-24,18:00 Hrs,446,360146,433,343146,2.5,3.75,5,6.5,Low
INDUS,Guddu,17-Aug-24,18:00 Hrs,256,389920,253.5,389655,2,3.5,5,7,Medium
INDUS,Sukkar,17-Aug-24,18:00 Hrs,200.7,382020,200.3,367170,2,3.5,5,7,Medium
INDUS,Kotri,17-Aug-24,18:00 Hrs,69.3,210780,59.4,179305,2.5,4,5,6.5,Normal
JHELUM,Kotli,17-Aug-24,18:00 Hrs,-,-,10.7,13080,-,-,-,-,-
JHELUM,Rasul,17-Aug-24,18:00 Hrs,719,10750,694.8,7990,0.75,1.1,1.5,2.25,Normal
CHENAB,Marala,17-Aug-24,18:00 Hrs,812,71033,798.6,48983,1,1.5,2,4,Normal
CHENAB,Khanki,17-Aug-24,18:00 Hrs,733.5,73934,726.5,66035,1,1.5,2,4,Normal
CHENAB,Qadirabad,17-Aug-24,18:00 Hrs,700,70272,689.1,52272,1,1.5,2,4,Normal
CHENAB,Trimmu,17-Aug-24,18:00 Hrs,490.5,55390,485,48490,1.5,2,3,4.5,Normal
CHENAB,Punjnad,17-Aug-24,18:00 Hrs,338,55183,333.4,51683,1.5,2,3,4.5,Normal
RAVI,Jassar,17-Aug-24,18:00 Hrs,-,-,781.1,17400,0.5,0.75,1,1.5,Normal
RAVI,Shahdara,17-Aug-24,18:00 Hrs,-,-,675.6,27362,0.4,0.65,0.9,1.35,Normal
RAVI,Balloki,17-Aug-24,18:00 Hrs,633.5,46810,621.8,20110,0.4,0.65,0.9,1.35,Normal
RAVI,Sidhnai,17-Aug-24,18:00 Hrs,467,27689,458.9,19689,0.3,0.45,0.6,0.9,Normal
SUTLEJ,Bhakara**,17-Aug-24,18:00 Hrs,,-,-,-,-,-,-,-,-
SUTLEJ,Sulemanki,17-Aug-24,18:00 Hrs,569,15103,560.2,6543,0.5,0.8,1.2,1.75,Normal
SUTLEJ,Islam,17-Aug-24,18:00 Hrs,455,10037,440.5,9237,0.5,0.8,1.2,1.75,Normal
INDUS,khairabad,17-Aug-24,23:59 Hrs,-,-,30,367600,2.25,3.75,5,6.5,Low
INDUS,Kalabagh,17-Aug-24,23:59 Hrs,693.5,342033,682.1,336209,2.5,3.75,5,6.5,Low
INDUS,Chashma,17-Aug-24,23:59 Hrs,641,351614,616.1,334379,2.5,3.75,5,6.5,Low
INDUS,Taunsa,17-Aug-24,23:59 Hrs,446,369755,433.4,353755,2.5,3.75,5,6.5,Low
INDUS,Guddu,17-Aug-24,23:59 Hrs,256,389920,253.5,389655,2,3.5,5,7,Medium
INDUS,Sukkar,17-Aug-24,23:59 Hrs,200.7,382020,200.3,367170,2,3.5,5,7,Medium
INDUS,Kotri,17-Aug-24,23:59 Hrs,69.3,210780,59.4,179305,2.5,4,5,6.5,Normal
JHELUM,Kotli,17-Aug-24,23:59 Hrs,-,-,10.1,10510,-,-,-,-,-
JHELUM,Rasul,17-Aug-24,23:59 Hrs,719.1,14655,696,11895,0.75,1.1,1.5,2.25,Normal
CHENAB,Marala,17-Aug-24,23:59 Hrs,812,76286,799.2,54336,1,1.5,2,4,Normal
CHENAB,Khanki,17-Aug-24,23:59 Hrs,733,65949,725.4,58050,1,1.5,2,4,Normal
CHENAB,Qadirabad,17-Aug-24,23:59 Hrs,700,62819,688.7,44819,1,1.5,2,4,Normal
CHENAB,Trimmu,17-Aug-24,23:59 Hrs,490.5,58333,485.3,48583,1.5,2,3,4.5,Normal
CHENAB,Punjnad,17-Aug-24,23:59 Hrs,338,55531,334.4,55531,1.5,2,3,4.5,Normal
RAVI,Jassar,17-Aug-24,23:59 Hrs,-,-,780.5,10709,0.5,0.75,1,1.5,Normal
RAVI,Shahdara,17-Aug-24,23:59 Hrs,-,-,675.4,26059,0.4,0.65,0.9,1.35,Normal
RAVI,Balloki,17-Aug-24,23:59 Hrs,633.5,52430,623,26430,0.4,0.65,0.9,1.35,Normal
RAVI,Sidhnai,17-Aug-24,23:59 Hrs,467,27456,459.1,21456,0.3,0.45,0.6,0.9,Normal
SUTLEJ,Bhakara**,17-Aug-24,23:59 Hrs,,-,-,-,-,-,-,-,-
SUTLEJ,Sulemanki,17-Aug-24,23:59 Hrs,569,15103,560.2,6543,0.5,0.8,1.2,1.75,Normal
SUTLEJ,Islam,17-Aug-24,23:59 Hrs,455,10176,440.7,10176,0.5,0.8,1.2,1.75,Normal
INDUS,khairabad,18-Aug-24,06:00 Hrs,-,-,30.4,373200,2.25,3.75,5,6.5,Low
INDUS,Kalabagh,18-Aug-24,06:00 Hrs,693.5,353641,682.3,348617,2.5,3.75,5,6.5,Low
INDUS,Chashma,18-Aug-24,06:00 Hrs,642,355735,616.3,339735,2.5,3.75,5,6.5,Low
INDUS,Taunsa,18-Aug-24,06:00 Hrs,446,369755,433.4,353755,2.5,3.75,5,6.5,Low
INDUS,Guddu,18-Aug-24,06:00 Hrs,256.3,390173,253.8,390173,2,3.5,5,7,Medium
INDUS,Sukkar,18-Aug-24,06:00 Hrs,201.2,384450,200.7,372610,2,3.5,5,7,Medium
INDUS,Kotri,18-Aug-24,06:00 Hrs,69,221124,59.8,187549,2.5,4,5,6.5,Normal
JHELUM,Kotli,18-Aug-24,06:00 Hrs,-,-,10.1,10510,-,-,-,-,-
JHELUM,Rasul,18-Aug-24,06:00 Hrs,719,10750,694.8,7990,0.75,1.1,1.5,2.25,Normal
CHENAB,Marala,18-Aug-24,06:00 Hrs,812,70933,798.6,48983,1,1.5,2,4,Normal
CHENAB,Khanki,18-Aug-24,06:00 Hrs,733.5,65949,725.4,58050,1,1.5,2,4,Normal
CHENAB,Qadirabad,18-Aug-24,06:00 Hrs,700,58955,688.5,40955,1,1.5,2,4,Normal
CHENAB,Trimmu,18-Aug-24,06:00 Hrs,490.5,76260,486,67010,1.5,2,3,4.5,Normal
CHENAB,Punjnad,18-Aug-24,06:00 Hrs,338,55531,334.4,55531,1.5,2,3,4.5,Normal
RAVI,Jassar,18-Aug-24,06:00 Hrs,-,-,780.5,10709,0.5,0.75,1,1.5,Normal
RAVI,Shahdara,18-Aug-24,06:00 Hrs,-,-,675,23452,0.4,0.65,0.9,1.35,Normal
RAVI,Balloki,18-Aug-24,06:00 Hrs,633.5,56075,623.7,30075,0.4,0.65,0.9,1.35,Normal
RAVI,Sidhnai,18-Aug-24,06:00 Hrs,467,25730,458.8,19730,0.3,0.45,0.6,0.9,Normal
SUTLEJ,Bhakara**,18-Aug-24,06:00 Hrs,,-,-,-,-,-,-,-,-
SUTLEJ,Sulemanki,18-Aug-24,06:00 Hrs,569,17588,561,9526,0.5,0.8,1.2,1.75,Normal
SUTLEJ,Islam,18-Aug-24,06:00 Hrs,455,10176,440.7,10176,0.5,0.8,1.2,1.75,Normal
INDUS,khairabad,18-Aug-24,12:00 Hrs,-,-,27.6,334600,2.25,3.75,5,6.5,Low
INDUS,Kalabagh,18-Aug-24,12:00 Hrs,693.5,361149,682.5,356125,2.5,3.75,5,6.5,Low
INDUS,Chashma,18-Aug-24,12:00 Hrs,642,365041,617,349041,2.5,3.75,5,6.5,Low
INDUS,Taunsa,18-Aug-24,12:00 Hrs,446,380043,433.7,368043,2.5,3.75,5,6.5,Low
INDUS,Guddu,18-Aug-24,12:00 Hrs,256.3,390173,253.8,390173,2,3.5,5,7,Medium
INDUS,Sukkar,18-Aug-24,12:00 Hrs,201.2,384450,200.7,372610,2,3.5,5,7,Medium
INDUS,Kotri,18-Aug-24,12:00 Hrs,69,221904,59.8,187549,2.5,4,5,6.5,Normal
JHELUM,Kotli,18-Aug-24,12:00 Hrs,-,-,9.9,9710,-,-,-,-,-
JHELUM,Rasul,18-Aug-24,12:00 Hrs,719,7903,694,5341,0.75,1.1,1.5,2.25,Normal
CHENAB,Marala,18-Aug-24,12:00 Hrs,812,70833,798.6,48983,1,1.5,2,4,Normal
CHENAB,Khanki,18-Aug-24,12:00 Hrs,733,73979,726.5,66035,1,1.5,2,4,Normal
CHENAB,Qadirabad,18-Aug-24,12:00 Hrs,700,57856,688.3,39856,1,1.5,2,4,Normal
CHENAB,Trimmu,18-Aug-24,12:00 Hrs,490.5,83693,486.1,74443,1.5,2,3,4.5,Normal
CHENAB,Punjnad,18-Aug-24,12:00 Hrs,338,55531,334.4,55531,1.5,2,3,4.5,Normal
RAVI,Jassar,18-Aug-24,12:00 Hrs,-,-,779.1,9219,0.5,0.75,1,1.5,Normal
RAVI,Shahdara,18-Aug-24,12:00 Hrs,-,-,674.9,22862,0.4,0.65,0.9,1.35,Normal
RAVI,Balloki,18-Aug-24,12:00 Hrs,633.5,56075,623.7,30075,0.4,0.65,0.9,1.35,Normal
RAVI,Sidhnai,18-Aug-24,12:00 Hrs,467,23441,458.6,17591,0.3,0.45,0.6,0.9,Normal
SUTLEJ,Bhakara**,18-Aug-24,12:00 Hrs,,-,-,-,-,-,-,-,-
SUTLEJ,Sulemanki,18-Aug-24,12:00 Hrs,569,17588,561,9526,0.5,0.8,1.2,1.75,Normal
SUTLEJ,Islam,18-Aug-24,12:00 Hrs,455,11145,441.1,11145,0.5,0.8,1.2,1.75,Normal
INDUS,khairabad,18-Aug-24,18:00 Hrs,-,-,22.5,267900,2.25,3.75,5,6.5,Low
INDUS,Kalabagh,18-Aug-24,18:00 Hrs,693.5,340328,682.1,335304,2.5,3.75,5,6.5,Low
INDUS,Chashma,18-Aug-24,18:00 Hrs,642.4,374980,617,357674,2.5,3.75,5,6.5,Low
INDUS,Taunsa,18-Aug-24,18:00 Hrs,446,392318,433.9,382318,2.5,3.75,5,6.5,Medium
INDUS,Guddu,18-Aug-24,18:00 Hrs,256.2,403559,254.6,403559,2,3.5,5,7,Medium
INDUS,Sukkar,18-Aug-24,18:00 Hrs,201.2,384450,200.7,372610,2,3.5,5,7,Medium
INDUS,Kotri,18-Aug-24,18:00 Hrs,69,222324,59.8,187549,2.5,4,5,6.5,Normal
JHELUM,Kotli,18-Aug-24,18:00 Hrs,-,-,9.7,8950,-,-,-,-,-
JHELUM,Rasul,18-Aug-24,18:00 Hrs,719,7803,694,5341,0.75,1.1,1.5,2.25,Normal
CHENAB,Marala,18-Aug-24,18:00 Hrs,812,65630,798.2,43630,1,1.5,2,4,Normal
CHENAB,Khanki,18-Aug-24,18:00 Hrs,733,69832,726,61908,1,1.5,2,4,Normal
CHENAB,Qadirabad,18-Aug-24,18:00 Hrs,700,62774,688.6,44774,1,1.5,2,4,Normal
CHENAB,Trimmu,18-Aug-24,18:00 Hrs,490.5,87576,486.3,78326,1.5,2,3,4.5,Normal
CHENAB,Punjnad,18-Aug-24,18:00 Hrs,338,55531,334.4,55531,1.5,2,3,4.5,Normal
RAVI,Jassar,18-Aug-24,18:00 Hrs,-,-,778.1,6602,0.5,0.75,1,1.5,Normal
RAVI,Shahdara,18-Aug-24,18:00 Hrs,-,-,674.7,21756,0.4,0.65,0.9,1.35,Normal
RAVI,Balloki,18-Aug-24,18:00 Hrs,633.5,56075,623.7,30075,0.4,0.65,0.9,1.35,Normal
RAVI,Sidhnai,18-Aug-24,18:00 Hrs,467,23142,458.5,17292,0.3,0.45,0.6,0.9,Normal
SUTLEJ,Bhakara**,18-Aug-24,18:00 Hrs,,-,-,-,-,-,-,-,-
SUTLEJ,Sulemanki,18-Aug-24,18:00 Hrs,569,19016,561.3,10806,0.5,0.8,1.2,1.75,Normal
SUTLEJ,Islam,18-Aug-24,18:00 Hrs,455,11145,441.1,11145,0.5,0.8,1.2,1.75,Normal
INDUS,khairabad,18-Aug-24,23:59 Hrs,-,-,22.5,267900,2.25,3.75,5,6.5,Low
INDUS,Kalabagh,18-Aug-24,23:59 Hrs,693.5,329948,681.9,324669,2.5,3.75,5,6.5,Low
INDUS,Chashma,18-Aug-24,23:59 Hrs,643,367572,617.2,349966,2.5,3.75,5,6.5,Low
INDUS,Taunsa,18-Aug-24,23:59 Hrs,446,392318,433.9,382318,2.5,3.75,5,6.5,Medium
INDUS,Guddu,18-Aug-24,23:59 Hrs,256.2,403559,254.6,403559,2,3.5,5,7,Medium
INDUS,Sukkar,18-Aug-24,23:59 Hrs,201.2,384450,200.7,372610,2,3.5,5,7,Medium
INDUS,Kotri,18-Aug-24,23:59 Hrs,69,222324,59.8,187549,2.5,4,5,6.5,Normal
JHELUM,Kotli,18-Aug-24,23:59 Hrs,-,-,9.5,8210,-,-,-,-,-
JHELUM,Rasul,18-Aug-24,23:59 Hrs,719,7803,694,5341,0.75,1.1,1.5,2.25,Normal
CHENAB,Marala,18-Aug-24,23:59 Hrs,812,66464,798.2,43244,1,1.5,2,4,Normal
CHENAB,Khanki,18-Aug-24,23:59 Hrs,733.5,65974,725.4,58050,1,1.5,2,4,Normal
CHENAB,Qadirabad,18-Aug-24,23:59 Hrs,700,57856,688.3,39856,1,1.5,2,4,Normal
CHENAB,Trimmu,18-Aug-24,23:59 Hrs,490.5,89797,486.4,80547,1.5,2,3,4.5,Normal
CHENAB,Punjnad,18-Aug-24,23:59 Hrs,338,55531,334.4,55531,1.5,2,3,4.5,Normal
RAVI,Jassar,18-Aug-24,23:59 Hrs,-,-,778.1,6602,0.5,0.75,1,1.5,Normal
RAVI,Shahdara,18-Aug-24,23:59 Hrs,-,-,674.4,20061,0.4,0.65,0.9,1.35,Normal
RAVI,Balloki,18-Aug-24,23:59 Hrs,633.5,56340,623.6,29840,0.4,0.65,0.9,1.35,Normal
RAVI,Sidhnai,18-Aug-24,23:59 Hrs,467,21239,458.4,14889,0.3,0.45,0.6,0.9,Normal
SUTLEJ,Bhakara**,18-Aug-24,23:59 Hrs,,-,-,-,-,-,-,-,-
SUTLEJ,Sulemanki,18-Aug-24,23:59 Hrs,569,19016,561.3,10806,0.5,0.8,1.2,1.75,Normal
SUTLEJ,Islam,18-Aug-24,23:59 Hrs,455,11307,441,10657,0.5,0.8,1.2,1.75,Normal
INDUS,khairabad,19-Aug-24,06:00 Hrs,-,-,27.5,333200,2.25,3.75,5,6.5,Low
INDUS,Kalabagh,19-Aug-24,06:00 Hrs,693.5,295149,681.3,289825,2.5,3.75,5,6.5,Low
INDUS,Chashma,19-Aug-24,06:00 Hrs,643.6,358307,616.9,340251,2.5,3.75,5,6.5,Low
INDUS,Taunsa,19-Aug-24,06:00 Hrs,446,390176,433.9,380176,2.5,3.75,5,6.5,Medium
INDUS,Guddu,19-Aug-24,06:00 Hrs,255.6,381023,254.6,381023,2,3.5,5,7,Medium
INDUS,Sukkar,19-Aug-24,06:00 Hrs,201,384794,200.6,371004,2,3.5,5,7,Medium
INDUS,Kotri,19-Aug-24,06:00 Hrs,69,222324,59.8,187549,2.5,4,5,6.5,Normal
JHELUM,Kotli,19-Aug-24,06:00 Hrs,-,-,9.7,8950,-,-,-,-,-
JHELUM,Rasul,19-Aug-24,06:00 Hrs,719,7803,694,5341,0.75,1.1,1.5,2.25,Normal
CHENAB,Marala,19-Aug-24,06:00 Hrs,812,62689,798,38277,1,1.5,2,4,Normal
CHENAB,Khanki,19-Aug-24,06:00 Hrs,733,60202,724.5,52278,1,1.5,2,4,Normal
CHENAB,Qadirabad,19-Aug-24,06:00 Hrs,700,57856,688.3,39856,1,1.5,2,4,Normal
CHENAB,Trimmu,19-Aug-24,06:00 Hrs,490.5,89797,486.4,80547,1.5,2,3,4.5,Normal
CHENAB,Punjnad,19-Aug-24,06:00 Hrs,338,56800,334.8,56800,1.5,2,3,4.5,Normal
RAVI,Jassar,19-Aug-24,06:00 Hrs,-,-,777.5,5507,0.5,0.75,1,1.5,Normal
RAVI,Shahdara,19-Aug-24,06:00 Hrs,-,-,674.4,20061,0.4,0.65,0.9,1.35,Normal
RAVI,Balloki,19-Aug-24,06:00 Hrs,633.5,54300,623.4,27000,0.4,0.65,0.9,1.35,Normal
RAVI,Sidhnai,19-Aug-24,06:00 Hrs,467,21619,458.2,14919,0.3,0.45,0.6,0.9,Normal
SUTLEJ,Bhakara**,19-Aug-24,06:00 Hrs,,-,-,-,-,-,-,-,-
SUTLEJ,Sulemanki,19-Aug-24,06:00 Hrs,569,18217,561.3,9800,0.5,0.8,1.2,1.75,Normal
SUTLEJ,Islam,19-Aug-24,06:00 Hrs,455,11307,441,10657,0.5,0.8,1.2,1.75,Normal
INDUS,khairabad,19-Aug-24,12:00 Hrs,-,-,25.6,307800,2.25,3.75,5,6.5,Low
INDUS,Kalabagh,19-Aug-24,12:00 Hrs,693.5,290563,681.2,284814,2.5,3.75,5,6.5,Low
INDUS,Chashma,19-Aug-24,12:00 Hrs,644,323440,616.4,306440,2.5,3.75,5,6.5,Low
INDUS,Taunsa,19-Aug-24,12:00 Hrs,446,388748,433.9,378748,2.5,3.75,5,6.5,Medium
INDUS,Guddu,19-Aug-24,12:00 Hrs,255.8,392749,254.6,392749,2,3.5,5,7,Medium
INDUS,Sukkar,19-Aug-24,12:00 Hrs,201,384794,200.6,371004,2,3.5,5,7,Medium
INDUS,Kotri,19-Aug-24,12:00 Hrs,69,222324,59.8,187549,2.5,4,5,6.5,Normal
JHELUM,Kotli,19-Aug-24,12:00 Hrs,-,-,9.7,8950,-,-,-,-,-
JHELUM,Rasul,19-Aug-24,12:00 Hrs,719,7803,694,5341,0.75,1.1,1.5,2.25,Normal
CHENAB,Marala,19-Aug-24,12:00 Hrs,812,57924,797.5,32924,1,1.5,2,4,Normal
CHENAB,Khanki,19-Aug-24,12:00 Hrs,733,60202,725.2,52278,1,1.5,2,4,Normal
CHENAB,Qadirabad,19-Aug-24,12:00 Hrs,700,51764,687.8,33764,1,1.5,2,4,Normal
CHENAB,Trimmu,19-Aug-24,12:00 Hrs,490.5,96280,486.6,87030,1.5,2,3,4.5,Normal
CHENAB,Punjnad,19-Aug-24,12:00 Hrs,338,57100,334.8,56800,1.5,2,3,4.5,Normal
RAVI,Jassar,19-Aug-24,12:00 Hrs,-,-,823,-,0.5,0.75,1,1.5,Normal
RAVI,Shahdara,19-Aug-24,12:00 Hrs,-,-,674.3,19496,0.4,0.65,0.9,1.35,Normal
RAVI,Balloki,19-Aug-24,12:00 Hrs,633.5,50660,622.8,23360,0.4,0.65,0.9,1.35,Normal
RAVI,Sidhnai,19-Aug-24,12:00 Hrs,467,21619,458.2,14919,0.3,0.45,0.6,0.9,Normal
SUTLEJ,Bhakara**,19-Aug-24,12:00 Hrs,-,-,-,-,-,-,-,-,-
SUTLEJ,Sulemanki,19-Aug-24,12:00 Hrs,569,18217,561.3,9800,0.5,0.8,1.2,1.75,Normal
SUTLEJ,Islam,19-Aug-24,12:00 Hrs,455,11307,441,10657,0.5,0.8,1.2,1.75,Normal
INDUS,khairabad,19-Aug-24,18:00 Hrs,-,-,25,299900,2.25,3.75,5,6.5,Low
INDUS,Kalabagh,19-Aug-24,18:00 Hrs,693.5,297161,681.3,291337,2.5,3.75,5,6.5,Low
INDUS,Chashma,19-Aug-24,18:00 Hrs,644,300489,615.9,283489,2.5,3.75,5,6.5,Low
INDUS,Taunsa,19-Aug-24,18:00 Hrs,446,388748,433.9,378748,2.5,3.75,5,6.5,Medium
INDUS,Guddu,19-Aug-24,18:00 Hrs,255.8,392749,254.6,392749,2,3.5,5,7,Medium
INDUS,Sukkar,19-Aug-24,18:00 Hrs,201,384794,200.6,371004,2,3.5,5,7,Medium
INDUS,Kotri,19-Aug-24,18:00 Hrs,69,230824,60.1,194829,2.5,4,5,6.5,Normal
JHELUM,Kotli,19-Aug-24,18:00 Hrs,-,-,9.6,8570,-,-,-,-,-
JHELUM,Rasul,19-Aug-24,18:00 Hrs,719,7803,694,5341,0.75,1.1,1.5,2.25,Normal
CHENAB,Marala,19-Aug-24,18:00 Hrs,812,68630,798.2,43360,1,1.5,2,4,Normal
CHENAB,Khanki,19-Aug-24,18:00 Hrs,733,54598,724.9,46611,1,1.5,2,4,Normal
CHENAB,Qadirabad,19-Aug-24,18:00 Hrs,700,48062,687.5,30062,1,1.5,2,4,Normal
CHENAB,Trimmu,19-Aug-24,18:00 Hrs,490.5,94510,486.55,85260,1.5,2,3,4.5,Normal
CHENAB,Punjnad,19-Aug-24,18:00 Hrs,338,62600,334.8,56800,1.5,2,3,4.5,Normal
RAVI,Jassar,19-Aug-24,18:00 Hrs,-,-,778,6353,0.5,0.75,1,1.5,Normal
RAVI,Shahdara,19-Aug-24,18:00 Hrs,-,-,674.1,18365,0.4,0.65,0.9,1.35,Normal
RAVI,Balloki,19-Aug-24,18:00 Hrs,633.5,48675,622.4,20875,0.4,0.65,0.9,1.35,Normal
RAVI,Sidhnai,19-Aug-24,18:00 Hrs,467,23625,458.2,15575,0.3,0.45,0.6,0.9,Normal
SUTLEJ,Bhakara**,19-Aug-24,18:00 Hrs,-,-,-,-,-,-,-,-,-
SUTLEJ,Sulemanki,19-Aug-24,18:00 Hrs,569,18664,561.3,9800,0.5,0.8,1.2,1.75,Normal
SUTLEJ,Islam,19-Aug-24,18:00 Hrs,455,9129,440.4,8329,0.5,0.8,1.2,1.75,Normal
INDUS,khairabad,19-Aug-24,23:59 Hrs,-,-,26.4,318400,2.25,3.75,5,6.5,Low
INDUS,Kalabagh,19-Aug-24,23:59 Hrs,693.5,303293,681.4,297470,2.5,3.75,5,6.5,Low
INDUS,Chashma,19-Aug-24,23:59 Hrs,644,310623,616,293623,2.5,3.75,5,6.5,Low
INDUS,Taunsa,19-Aug-24,23:59 Hrs,446,388748,433.9,388748,2.5,3.75,5,6.5,Medium
INDUS,Guddu,19-Aug-24,23:59 Hrs,255.8,392749,254.6,392749,2,3.5,5,7,Medium
INDUS,Sukkar,19-Aug-24,23:59 Hrs,201,384794,200.6,371004,2,3.5,5,7,Medium
INDUS,Kotri,19-Aug-24,23:59 Hrs,69,230824,60.1,194829,2.5,4,5,6.5,Normal
JHELUM,Kotli,19-Aug-24,23:59 Hrs,-,-,9.4,7850,-,-,-,-,-
JHELUM,Rasul,19-Aug-24,23:59 Hrs,719,7803,694,5341,0.75,1.1,1.5,2.25,Normal
CHENAB,Marala,19-Aug-24,23:59 Hrs,812,79386,799,54336,1,1.5,2,4,Normal
CHENAB,Khanki,19-Aug-24,23:59 Hrs,733,45002,724.2,37015,1,1.5,2,4,Normal
CHENAB,Qadirabad,19-Aug-24,23:59 Hrs,700,51764,687.8,33764,1,1.5,2,4,Normal
CHENAB,Trimmu,19-Aug-24,23:59 Hrs,490.5,94510,486.55,85260,1.5,2,3,4.5,Normal
CHENAB,Punjnad,19-Aug-24,23:59 Hrs,338,62800,334.8,56800,1.5,2,3,4.5,Normal
RAVI,Jassar,19-Aug-24,23:59 Hrs,-,-,777.5,5507,0.5,0.75,1,1.5,Normal
RAVI,Shahdara,19-Aug-24,23:59 Hrs,-,-,674,17800,0.4,0.65,0.9,1.35,Normal
RAVI,Balloki,19-Aug-24,23:59 Hrs,633.5,48875,622.4,20875,0.4,0.65,0.9,1.35,Normal
RAVI,Sidhnai,19-Aug-24,23:59 Hrs,467,25757,458.5,16857,0.3,0.45,0.6,0.9,Normal
SUTLEJ,Bhakara**,19-Aug-24,23:59 Hrs,-,-,-,-,-,-,-,-,-
SUTLEJ,Sulemanki,19-Aug-24,23:59 Hrs,569,18664,561.3,9800,0.5,0.8,1.2,1.75,Normal
SUTLEJ,Islam,19-Aug-24,23:59 Hrs,455,9129,440.4,8329,0.5,0.8,1.2,1.75,Normal
INDUS,khairabad,20-Aug-24,06:00 Hrs,-,-,25.5,306000,2.25,3.75,5,6.5,Low
INDUS,Kalabagh,20-Aug-24,06:00 Hrs,693.5,319503,681.7,313679,2.5,3.75,5,6.5,Low
INDUS,Chashma,20-Aug-24,06:00 Hrs,644,306880,616.1,289880,2.5,3.75,5,6.5,Low
INDUS,Taunsa,20-Aug-24,06:00 Hrs,446,394872,434,384872,2.5,3.75,5,6.5,Medium
INDUS,Guddu,20-Aug-24,06:00 Hrs,255.6,394045,254.4,394045,2,3.5,5,7,Medium
INDUS,Sukkar,20-Aug-24,06:00 Hrs,201,384754,200.6,371004,2,3.5,5,7,Medium
INDUS,Kotri,20-Aug-24,06:00 Hrs,69,231104,60.1,194829,2.5,4,5,6.5,Normal
JHELUM,Kotli,20-Aug-24,06:00 Hrs,-,-,9.6,8570,-,-,-,-,-
JHELUM,Rasul,20-Aug-24,06:00 Hrs,719,2462,691.5,-,0.75,1.1,1.5,2.25,Normal
CHENAB,Marala,20-Aug-24,06:00 Hrs,812,74033,798.6,48983,1,1.5,2,4,Normal
CHENAB,Khanki,20-Aug-24,06:00 Hrs,733,49865,724.1,41878,1,1.5,2,4,Normal
CHENAB,Qadirabad,20-Aug-24,06:00 Hrs,700,48062,687.5,30062,1,1.5,2,4,Normal
CHENAB,Trimmu,20-Aug-24,06:00 Hrs,490.5,91450,486.5,81900,1.5,2,3,4.5,Normal
CHENAB,Punjnad,20-Aug-24,06:00 Hrs,338,62240,334.5,56240,1.5,2,3,4.5,Normal
RAVI,Jassar,20-Aug-24,06:00 Hrs,-,-,777.5,5507,0.5,0.75,1,1.5,Normal
RAVI,Shahdara,20-Aug-24,06:00 Hrs,-,-,647,17800,0.4,0.65,0.9,1.35,Normal
RAVI,Balloki,20-Aug-24,06:00 Hrs,633.5,47220,622.3,19220,0.4,0.65,0.9,1.35,Normal
RAVI,Sidhnai,20-Aug-24,06:00 Hrs,467,28813,458.8,19913,0.3,0.45,0.6,0.9,Normal
SUTLEJ,Bhakara**,20-Aug-24,06:00 Hrs,-,-,-,-,-,-,-,-,-
SUTLEJ,Sulemanki,20-Aug-24,06:00 Hrs,569,17342,560.9,7376,0.5,0.8,1.2,1.75,Normal
SUTLEJ,Islam,20-Aug-24,06:00 Hrs,455,9129,440.4,8329,0.5,0.8,1.2,1.75,Normal
INDUS,khairabad,20-Aug-24,12:00 Hrs,-,-,25.9,311800,2.25,3.75,5,6.5,Low
INDUS,Kalabagh,20-Aug-24,12:00 Hrs,693.5,319503,681.7,313679,2.5,3.75,5,6.5,Low
INDUS,Chashma,20-Aug-24,12:00 Hrs,644,329555,616.4,312305,2.5,3.75,5,6.5,Low
INDUS,Taunsa,20-Aug-24,12:00 Hrs,446,394872,434,384872,2.5,3.75,5,6.5,Medium
INDUS,Guddu,20-Aug-24,12:00 Hrs,255.6,392433,254.45,387422,2,3.5,5,7,Medium
INDUS,Sukkar,20-Aug-24,12:00 Hrs,201.2,390890,200.8,377140,2,3.5,5,7,Medium
INDUS,Kotri,20-Aug-24,12:00 Hrs,69,231104,60.1,194829,2.5,4,5,6.5,Normal
JHELUM,Kotli,20-Aug-24,12:00 Hrs,-,-,9.6,8570,-,-,-,-,-
JHELUM,Rasul,20-Aug-24,12:00 Hrs,719,7803,694,5341,0.75,1.1,1.5,2.25,Normal
CHENAB,Marala,20-Aug-24,12:00 Hrs,812,79386,799,54336,1,1.5,2,4,Normal
CHENAB,Khanki,20-Aug-24,12:00 Hrs,733,65659,725.5,57672,1,1.5,2,4,Normal
CHENAB,Qadirabad,20-Aug-24,12:00 Hrs,700,40605,686.8,22605,1,1.5,2,4,Normal
CHENAB,Trimmu,20-Aug-24,12:00 Hrs,490.5,88142,486,78592,1.5,2,3,4.5,Normal
CHENAB,Punjnad,20-Aug-24,12:00 Hrs,338,62390,334.5,56240,1.5,2,3,4.5,Normal
RAVI,Jassar,20-Aug-24,12:00 Hrs,-,-,778,6353,0.5,0.75,1,1.5,Normal
RAVI,Shahdara,20-Aug-24,12:00 Hrs,-,-,674,17800,0.4,0.65,0.9,1.35,Normal
RAVI,Balloki,20-Aug-24,12:00 Hrs,633.5,47220,622.3,19220,0.4,0.65,0.9,1.35,Normal
RAVI,Sidhnai,20-Aug-24,12:00 Hrs,467,29313,458.8,19913,0.3,0.45,0.6,0.9,Normal
SUTLEJ,Bhakara**,20-Aug-24,12:00 Hrs,-,-,-,-,-,-,-,-,-
SUTLEJ,Sulemanki,20-Aug-24,12:00 Hrs,569,17342,560.9,7376,0.5,0.8,1.2,1.75,Normal
SUTLEJ,Islam,20-Aug-24,12:00 Hrs,455,9129,440.4,8329,0.5,0.8,1.2,1.75,Normal
INDUS,khairabad,20-Aug-24,18:00 Hrs,-,-,26.1,314400,2.25,3.75,5,6.5,Low
INDUS,Kalabagh,20-Aug-24,18:00 Hrs,693.5,314077,881.5,308083,2.5,3.75,5,6.5,Low
INDUS,Chashma,20-Aug-24,18:00 Hrs,644,326218,616.4,308668,2.5,3.75,5,6.5,Low
INDUS,Taunsa,20-Aug-24,18:00 Hrs,446,370720,433.6,359720,2.5,3.75,5,6.5,Low
INDUS,Guddu,20-Aug-24,18:00 Hrs,255.5,386695,254.4,380684,2,3.5,5,7,Medium
INDUS,Sukkar,20-Aug-24,18:00 Hrs,201.2,390890,200.8,377140,2,3.5,5,7,Medium
INDUS,Kotri,20-Aug-24,18:00 Hrs,69,239343,60.5,203068,2.5,4,5,6.5,Normal
JHELUM,Kotli,20-Aug-24,18:00 Hrs,-,-,9.5,8210,-,-,-,-,-
JHELUM,Rasul,20-Aug-24,18:00 Hrs,719,7803,694,5341,0.75,1.1,1.5,2.25,Normal
CHENAB,Marala,20-Aug-24,18:00 Hrs,812,84739,799.4,59689,1,1.5,2,4,Normal
CHENAB,Khanki,20-Aug-24,18:00 Hrs,733,65270,725.6,57283,1,1.5,2,4,Normal
CHENAB,Qadirabad,20-Aug-24,18:00 Hrs,700,48062,687.5,30062,1,1.5,2,4,Normal
CHENAB,Trimmu,20-Aug-24,18:00 Hrs,490.5,82259,485.8,72709,1.5,2,3,4.5,Normal
CHENAB,Punjnad,20-Aug-24,18:00 Hrs,338,62540,334.5,56240,1.5,2,3,4.5,Normal
RAVI,Jassar,20-Aug-24,18:00 Hrs,-,-,778,6353,0.5,0.75,1,1.5,Normal
RAVI,Shahdara,20-Aug-24,18:00 Hrs,-,-,673.9,17392,0.4,0.65,0.9,1.35,Normal
RAVI,Balloki,20-Aug-24,18:00 Hrs,633.5,47620,622.3,19220,0.4,0.65,0.9,1.35,Normal
RAVI,Sidhnai,20-Aug-24,18:00 Hrs,467,27403,458.4,15503,0.3,0.45,0.6,0.9,Normal
SUTLEJ,Bhakara**,20-Aug-24,18:00 Hrs,-,-,-,-,-,-,-,-,-
SUTLEJ,Sulemanki,20-Aug-24,18:00 Hrs,569,19093,560.8,8621,0.5,0.8,1.2,1.75,Normal
SUTLEJ,Islam,20-Aug-24,18:00 Hrs,455,9402,439.9,7452,0.5,0.8,1.2,1.75,Normal
INDUS,khairabad,20-Aug-24,23:59 Hrs,-,-,26.9,325100,2.25,3.75,5,6.5,Low
INDUS,Kalabagh,20-Aug-24,23:59 Hrs,693.5,309763,681.4,303439,2.5,3.75,5,6.5,Low
INDUS,Chashma,20-Aug-24,23:59 Hrs,644,335841,616.4,317991,2.5,3.75,5,6.5,Low
INDUS,Taunsa,20-Aug-24,23:59 Hrs,446,354719,433.2,343719,2.5,3.75,5,6.5,Low
INDUS,Guddu,20-Aug-24,23:59 Hrs,255.5,386695,254.4,380684,2,3.5,5,7,Medium
INDUS,Sukkar,20-Aug-24,23:59 Hrs,201.2,390890,200.8,377140,2,3.5,5,7,Medium
INDUS,Kotri,20-Aug-24,23:59 Hrs,69,239343,60.5,203068,2.5,4,5,6.5,Normal
JHELUM,Kotli,20-Aug-24,23:59 Hrs,-,-,9.3,7500,-,-,-,-,-
JHELUM,Rasul,20-Aug-24,23:59 Hrs,719,7803,694,5341,0.75,1.1,1.5,2.25,Normal
CHENAB,Marala,20-Aug-24,23:59 Hrs,812,90092,796.6,65042,1,1.5,2,4,Normal
CHENAB,Khanki,20-Aug-24,23:59 Hrs,733,68672,725.8,60685,1,1.5,2,4,Normal
CHENAB,Qadirabad,20-Aug-24,23:59 Hrs,700,57856,688.3,39856,1,1.5,2,4,Normal
CHENAB,Trimmu,20-Aug-24,23:59 Hrs,490.5,80466,485.7,70916,1.5,2,3,4.5,Normal
CHENAB,Punjnad,20-Aug-24,23:59 Hrs,338,62295,334.1,53995,1.5,2,3,4.5,Normal
RAVI,Jassar,20-Aug-24,23:59 Hrs,-,-,777.5,5507,0.5,0.75,1,1.5,Normal
RAVI,Shahdara,20-Aug-24,23:59 Hrs,-,-,673.8,16985,0.4,0.65,0.9,1.35,Normal
RAVI,Balloki,20-Aug-24,23:59 Hrs,633.5,45775,622.3,17375,0.4,0.65,0.9,1.35,Normal
RAVI,Sidhnai,20-Aug-24,23:59 Hrs,467,28231,458.5,16431,0.3,0.45,0.6,0.9,Normal
SUTLEJ,Bhakara**,20-Aug-24,23:59 Hrs,-,-,-,-,-,-,-,-,-
SUTLEJ,Sulemanki,20-Aug-24,23:59 Hrs,569,19093,560.8,8621,0.5,0.8,1.2,1.75,Normal
SUTLEJ,Islam,20-Aug-24,23:59 Hrs,455,8559,439.7,6609,0.5,0.8,1.2,1.75,Normal
INDUS,khairabad,21-Aug-24,06:00 Hrs,-,-,25.9,311800,2.25,3.75,5,6.5,Low
INDUS,Kalabagh,21-Aug-24,06:00 Hrs,693.5,318180,681.7,311856,2.5,3.75,5,6.5,Low
INDUS,Chashma,21-Aug-24,06:00 Hrs,644,332707,616.4,314707,2.5,3.75,5,6.5,Low
INDUS,Taunsa,21-Aug-24,06:00 Hrs,446,350471,433.1,339471,2.5,3.75,5,6.5,Low
INDUS,Guddu,21-Aug-24,06:00 Hrs,255.7,399765,254.1,391744,2,3.5,5,7,Medium
INDUS,Sukkar,21-Aug-24,06:00 Hrs,201.2,392962,200.8,377212,2,3.5,5,7,Medium
INDUS,Kotri,21-Aug-24,06:00 Hrs,69,239663,60.5,203068,2.5,4,5,6.5,Normal
JHELUM,Kotli,21-Aug-24,06:00 Hrs,-,-,9.5,8210,-,-,-,-,-
JHELUM,Rasul,21-Aug-24,06:00 Hrs,719,14357,696,11895,0.75,1.1,1.5,2.25,Normal
CHENAB,Marala,21-Aug-24,06:00 Hrs,812,79386,799,54336,1,1.5,2,4,Normal
CHENAB,Khanki,21-Aug-24,06:00 Hrs,733,72582,726.3,64595,1,1.5,2,4,Normal
CHENAB,Qadirabad,21-Aug-24,06:00 Hrs,700,60383,688.4,42383,1,1.5,2,4,Normal
CHENAB,Trimmu,21-Aug-24,06:00 Hrs,490.5,80466,485.7,70916,1.5,2,3,4.5,Normal
CHENAB,Punjnad,21-Aug-24,06:00 Hrs,338,62295,334.1,53995,1.5,2,3,4.5,Normal
RAVI,Jassar,21-Aug-24,06:00 Hrs,-,-,777.5,5507,0.5,0.75,1,1.5,Normal
RAVI,Shahdara,21-Aug-24,06:00 Hrs,-,-,673.8,16985,0.4,0.65,0.9,1.35,Normal
RAVI,Balloki,21-Aug-24,06:00 Hrs,633.5,45775,622.3,17375,0.4,0.65,0.9,1.35,Normal
RAVI,Sidhnai,21-Aug-24,06:00 Hrs,467,28231,458.5,16431,0.3,0.45,0.6,0.9,Normal
SUTLEJ,Bhakara**,21-Aug-24,06:00 Hrs,-,-,-,-,-,-,-,-,-
SUTLEJ,Sulemanki,21-Aug-24,06:00 Hrs,569,17302,560.2,6584,0.5,0.8,1.2,1.75,Normal
SUTLEJ,Islam,21-Aug-24,06:00 Hrs,455,8559,439.7,6609,0.5,0.8,1.2,1.75,Normal
INDUS,khairabad,21-Aug-24,12:00 Hrs,-,-,26.4,318400,2.25,3.75,5,6.5,Low
INDUS,Kalabagh,21-Aug-24,12:00 Hrs,693.5,320547,681.7,314223,2.5,3.75,5,6.5,Low
INDUS,Chashma,21-Aug-24,12:00 Hrs,644,339773,616.6,330675,2.5,3.75,5,6.5,Low
INDUS,Taunsa,21-Aug-24,12:00 Hrs,446,350471,433.1,339471,2.5,3.75,5,6.5,Low
INDUS,Guddu,21-Aug-24,12:00 Hrs,255.7,401858,254.1,393325,2,3.5,5,7,Medium
INDUS,Sukkar,21-Aug-24,12:00 Hrs,201.2,392962,200.8,377212,2,3.5,5,7,Medium
INDUS,Kotri,21-Aug-24,12:00 Hrs,69,251687,60.3,214392,2.5,4,5,6.5,Normal
JHELUM,Kotli,21-Aug-24,12:00 Hrs,-,-,9.5,8210,-,-,-,-,-
JHELUM,Rasul,21-Aug-24,12:00 Hrs,719,7803,694,5341,0.75,1.1,1.5,2.25,Normal
CHENAB,Marala,21-Aug-24,12:00 Hrs,812,63327,798,38277,1,1.5,2,4,Normal
CHENAB,Khanki,21-Aug-24,12:00 Hrs,733,79171,726.9,71272,1,1.5,2,4,Normal
CHENAB,Qadirabad,21-Aug-24,12:00 Hrs,700,65319,689,47319,1,1.5,2,4,Normal
CHENAB,Trimmu,21-Aug-24,12:00 Hrs,490.5,77365,485.4,67815,1.5,2,3,4.5,Normal
CHENAB,Punjnad,21-Aug-24,12:00 Hrs,338,61995,334.1,53995,1.5,2,3,4.5,Normal
RAVI,Jassar,21-Aug-24,12:00 Hrs,-,-,779,8846,0.5,0.75,1,1.5,Normal
RAVI,Shahdara,21-Aug-24,12:00 Hrs,-,-,673.8,16985,0.4,0.65,0.9,1.35,Normal
RAVI,Balloki,21-Aug-24,12:00 Hrs,633.5,45775,622.3,17375,0.4,0.65,0.9,1.35,Normal
RAVI,Sidhnai,21-Aug-24,12:00 Hrs,467,29384,458.7,17584,0.3,0.45,0.6,0.9,Normal
SUTLEJ,Bhakara**,21-Aug-24,12:00 Hrs,-,-,-,-,-,-,-,-,-
SUTLEJ,Sulemanki,21-Aug-24,12:00 Hrs,569,17302,560.2,6584,0.5,0.8,1.2,1.75,Normal
SUTLEJ,Islam,21-Aug-24,12:00 Hrs,455,7750,439.5,5800,0.5,0.8,1.2,1.75,Normal
INDUS,khairabad,21-Aug-24,18:00 Hrs,-,-,25.2,302600,2.25,3.75,5,6.5,Low
INDUS,Kalabagh,21-Aug-24,18:00 Hrs,693.5,315989,681.9,309665,2.5,3.75,5,6.5,Low
INDUS,Chashma,21-Aug-24,18:00 Hrs,644,344347,616.6,325947,2.5,3.75,5,6.5,Low
INDUS,Taunsa,21-Aug-24,18:00 Hrs,446,351471,433.1,339471,2.5,3.75,5,6.5,Low
INDUS,Guddu,21-Aug-24,18:00 Hrs,255.7,403346,254.1,393325,2,3.5,5,7,Medium
INDUS,Sukkar,21-Aug-24,18:00 Hrs,201.2,392962,201.2,377212,2,3.5,5,7,Medium
INDUS,Kotri,21-Aug-24,18:00 Hrs,69,251687,60.3,214392,2.5,4,5,6.5,Normal
JHELUM,Kotli,21-Aug-24,18:00 Hrs,-,-,9.4,7850,-,-,-,-,-
JHELUM,Rasul,21-Aug-24,18:00 Hrs,719,7803,694,5341,0.75,1.1,1.5,2.25,Normal
CHENAB,Marala,21-Aug-24,18:00 Hrs,812,63277,798,38277,1,1.5,2,4,Normal
CHENAB,Khanki,21-Aug-24,18:00 Hrs,733,72469,726.3,64595,1,1.5,2,4,Normal
CHENAB,Qadirabad,21-Aug-24,18:00 Hrs,700,68976,689.2,50976,1,1.5,2,4,Normal
CHENAB,Trimmu,21-Aug-24,18:00 Hrs,490.5,75686,485.3,65809,1.5,2,3,4.5,Normal
CHENAB,Punjnad,21-Aug-24,18:00 Hrs,338,64254,334.3,56254,1.5,2,3,4.5,Normal
RAVI,Jassar,21-Aug-24,18:00 Hrs,-,-,779,8846,0.5,0.75,1,1.5,Normal
RAVI,Shahdara,21-Aug-24,18:00 Hrs,-,-,673.8,16985,0.4,0.65,0.9,1.35,Normal
RAVI,Balloki,21-Aug-24,18:00 Hrs,633.5,45075,621.3,17375,0.4,0.65,0.9,1.35,Normal
RAVI,Sidhnai,21-Aug-24,18:00 Hrs,467,28984,458.7,17584,0.3,0.45,0.6,0.9,Normal
SUTLEJ,Bhakara**,21-Aug-24,18:00 Hrs,-,-,-,-,-,-,-,-,-
SUTLEJ,Sulemanki,21-Aug-24,18:00 Hrs,569,18537,560,7379,0.5,0.8,1.2,1.75,Normal
SUTLEJ,Islam,21-Aug-24,18:00 Hrs,455,7750,439.5,5800,0.5,0.8,1.2,1.75,Normal
INDUS,khairabad,21-Aug-24,23:59 Hrs,-,-,25.4,305200,2.25,3.75,5,6.5,Low
INDUS,Kalabagh,21-Aug-24,23:59 Hrs,693.5,323756,681.8,317432,2.5,3.75,5,6.5,Low
INDUS,Chashma,21-Aug-24,23:59 Hrs,644,349027,616.7,330527,2.5,3.75,5,6.5,Low
INDUS,Taunsa,21-Aug-24,23:59 Hrs,446,350471,433.1,339471,2.5,3.75,5,6.5,Low
INDUS,Guddu,21-Aug-24,23:59 Hrs,255.7,403346,254.1,393325,2,3.5,5,7,Medium
INDUS,Sukkar,21-Aug-24,23:59 Hrs,201.2,392962,200.8,377212,2,3.5,5,7,Medium
INDUS,Kotri,21-Aug-24,23:59 Hrs,69,251687,60.3,214392,2.5,4,5,6.5,Normal
JHELUM,Kotli,21-Aug-24,23:59 Hrs,-,-,9.2,7160,-,-,-,-,-
JHELUM,Rasul,21-Aug-24,23:59 Hrs,719,7803,694,5341,0.75,1.1,1.5,2.25,Normal
CHENAB,Marala,21-Aug-24,23:59 Hrs,812,68630,798.2,43630,1,1.5,2,4,Normal
CHENAB,Khanki,21-Aug-24,23:59 Hrs,733,64144,725.3,56270,1,1.5,2,4,Normal
CHENAB,Qadirabad,21-Aug-24,23:59 Hrs,700,61572,688.8,43572,1,1.5,2,4,Normal
CHENAB,Trimmu,21-Aug-24,23:59 Hrs,490.5,74693,485.2,64643,1.5,2,3,4.5,Normal
CHENAB,Punjnad,21-Aug-24,23:59 Hrs,338,64254,334.3,56254,1.5,2,3,4.5,Normal
RAVI,Jassar,21-Aug-24,23:59 Hrs,-,-,779,8846,0.5,0.75,1,1.5,Normal
RAVI,Shahdara,21-Aug-24,23:59 Hrs,-,-,673.8,16985,0.4,0.65,0.9,1.35,Normal
RAVI,Balloki,21-Aug-24,23:59 Hrs,633.5,44975,621.3,17375,0.4,0.65,0.9,1.35,Normal
RAVI,Sidhnai,21-Aug-24,23:59 Hrs,467,29697,458.8,18197,0.3,0.45,0.6,0.9,Normal
SUTLEJ,Bhakara**,21-Aug-24,23:59 Hrs,-,-,-,-,-,-,-,-,-
SUTLEJ,Sulemanki,21-Aug-24,23:59 Hrs,569,18537,560,7379,0.5,0.8,1.2,1.75,Normal
SUTLEJ,Islam,21-Aug-24,23:59 Hrs,455,7650,439.5,5800,0.5,0.8,1.2,1.75,Normal
INDUS,khairabad,22-Aug-24,06:00 Hrs,-,-,26.2,315800,2.25,3.75,5,6.5,Low
INDUS,Kalabagh,22-Aug-24,06:00 Hrs,693.5,321446,681.7,315122,2.5,3.75,5,6.5,Low
INDUS,Chashma,22-Aug-24,06:00 Hrs,644,347544,616.7,329044,2.5,3.75,5,6.5,Low
INDUS,Taunsa,22-Aug-24,06:00 Hrs,446,344408,433,332408,2.5,3.75,5,6.5,Low
INDUS,Guddu,22-Aug-24,06:00 Hrs,255.8,416519,254.1,405430,2,3.5,5,7,Medium
INDUS,Sukkar,22-Aug-24,06:00 Hrs,201.2,395687,200.8,377212,2,3.5,5,7,Medium
INDUS,Kotri,22-Aug-24,06:00 Hrs,69,254350,60.7,216495,2.5,4,5,6.5,Normal
JHELUM,Kotli,22-Aug-24,06:00 Hrs,-,-,9.4,7850,-,-,-,-,-
JHELUM,Rasul,22-Aug-24,06:00 Hrs,719,7803,694,5341,0.75,1.1,1.5,2.25,Normal
CHENAB,Marala,22-Aug-24,06:00 Hrs,812,63277,798,38277,1,1.5,2,4,Normal
CHENAB,Khanki,22-Aug-24,06:00 Hrs,733,60152,725.2,52278,1,1.5,2,4,Normal
CHENAB,Qadirabad,22-Aug-24,06:00 Hrs,700,58245,688.3,40245,1,1.5,2,4,Normal
CHENAB,Trimmu,22-Aug-24,06:00 Hrs,490.5,70769,485.1,60719,1.5,2,3,4.5,Normal
CHENAB,Punjnad,22-Aug-24,06:00 Hrs,338,65365,334.45,57365,1.5,2,3,4.5,Normal
RAVI,Jassar,22-Aug-24,06:00 Hrs,-,-,778,6353,0.5,0.75,1,1.5,Normal
RAVI,Shahdara,22-Aug-24,06:00 Hrs,-,-,674,17800,0.4,0.65,0.9,1.35,Normal
RAVI,Balloki,22-Aug-24,06:00 Hrs,633.5,46130,621.4,18530,0.4,0.65,0.9,1.35,Normal
RAVI,Sidhnai,22-Aug-24,06:00 Hrs,467,29697,458.8,18197,0.3,0.45,0.6,0.9,Normal
SUTLEJ,Bhakara**,22-Aug-24,06:00 Hrs,-,-,-,-,-,-,-,-,-
SUTLEJ,Sulemanki,22-Aug-24,06:00 Hrs,569,18537,560,7379,0.5,0.8,1.2,1.75,Normal
SUTLEJ,Islam,22-Aug-24,06:00 Hrs,455,12495,441.2,11145,0.5,0.8,1.2,1.75,Normal
INDUS,khairabad,22-Aug-24,12:00 Hrs,-,-,25.6,307800,2.25,3.75,5,6.5,Low
INDUS,Kalabagh,22-Aug-24,12:00 Hrs,693.5,332605,681.9,326281,2.5,3.75,5,6.5,Low
INDUS,Chashma,22-Aug-24,12:00 Hrs,644,345037,616.8,326537,2.5,3.75,5,6.5,Low
INDUS,Taunsa,22-Aug-24,12:00 Hrs,446,344408,433,332408,2.5,3.75,5,6.5,Low
INDUS,Guddu,22-Aug-24,12:00 Hrs,255.8,417462,254.1,405430,2,3.5,5,7,Medium
INDUS,Sukkar,22-Aug-24,12:00 Hrs,201.2,395687,200.8,377212,2,3.5,5,7,Medium
INDUS,Kotri,22-Aug-24,12:00 Hrs,69,254350,60.7,216495,2.5,4,5,6.5,Normal
JHELUM,Kotli,22-Aug-24,12:00 Hrs,-,-,9.4,7850,-,-,-,-,-
JHELUM,Rasul,22-Aug-24,12:00 Hrs,719,7803,694,5341,0.75,1.1,1.5,2.25,Normal
CHENAB,Marala,22-Aug-24,12:00 Hrs,812,52571,797.4,27571,1,1.5,2,4,Normal
CHENAB,Khanki,22-Aug-24,12:00 Hrs,733,60152,725.2,52278,1,1.5,2,4,Normal
CHENAB,Qadirabad,22-Aug-24,12:00 Hrs,700,51764,687.8,33764,1,1.5,2,4,Normal
CHENAB,Trimmu,22-Aug-24,12:00 Hrs,490.5,68191,484.9,58141,1.5,2,3,4.5,Normal
CHENAB,Punjnad,22-Aug-24,12:00 Hrs,338,65365,334.45,57365,1.5,2,3,4.5,Normal
RAVI,Jassar,22-Aug-24,12:00 Hrs,-,-,778,6353,0.5,0.75,1,1.5,Normal
RAVI,Shahdara,22-Aug-24,12:00 Hrs,-,-,674,17800,0.4,0.65,0.9,1.35,Normal
RAVI,Balloki,22-Aug-24,12:00 Hrs,633.5,46330,621.4,18530,0.4,0.65,0.9,1.35,Normal
RAVI,Sidhnai,22-Aug-24,12:00 Hrs,467,29697,458.8,18197,0.3,0.45,0.6,0.9,Normal
SUTLEJ,Bhakara**,22-Aug-24,12:00 Hrs,-,-,-,-,-,-,-,-,-
SUTLEJ,Sulemanki,22-Aug-24,12:00 Hrs,569,18537,560,7379,0.5,0.8,1.2,1.75,Normal
SUTLEJ,Islam,22-Aug-24,12:00 Hrs,455,12545,441.2,11145,0.5,0.8,1.2,1.75,Normal
INDUS,khairabad,22-Aug-24,18:00 Hrs,-,-,22.5,267900,2.25,3.75,5,6.5,Low
INDUS,Kalabagh,22-Aug-24,18:00 Hrs,693.5,309123,681.4,302799,2.5,3.75,5,6.5,Low
INDUS,Chashma,22-Aug-24,18:00 Hrs,644,348741,616.8,330241,2.5,3.75,5,6.5,Low
INDUS,Taunsa,22-Aug-24,18:00 Hrs,446,353286,433.1,341286,2.5,3.75,5,6.5,Low
INDUS,Guddu,22-Aug-24,18:00 Hrs,255.75,413456,254.05,405430,2,3.5,5,7,Medium
INDUS,Sukkar,22-Aug-24,18:00 Hrs,201.2,395687,200.8,377212,2,3.5,5,7,Medium
INDUS,Kotri,22-Aug-24,18:00 Hrs,69,261451,60.9,223496,2.5,4,5,6.5,Normal
JHELUM,Kotli,22-Aug-24,18:00 Hrs,-,-,9.3,7500,-,-,-,-,-
JHELUM,Rasul,22-Aug-24,18:00 Hrs,719,2462,691.5,-,0.75,1.1,1.5,2.25,Normal
CHENAB,Marala,22-Aug-24,18:00 Hrs,812,57924,797.6,32924,1,1.5,2,4,Normal
CHENAB,Khanki,22-Aug-24,18:00 Hrs,733,56098,725.1,48224,1,1.5,2,4,Normal
CHENAB,Qadirabad,22-Aug-24,18:00 Hrs,700,51764,687,33764,1,1.5,2,4,Normal
CHENAB,Trimmu,22-Aug-24,18:00 Hrs,490.5,59307,484.6,49257,1.5,2,3,4.5,Normal
CHENAB,Punjnad,22-Aug-24,18:00 Hrs,338,65365,334.45,57365,1.5,2,3,4.5,Normal
RAVI,Jassar,22-Aug-24,18:00 Hrs,-,-,777.5,5507,0.5,0.75,1,1.5,Normal
RAVI,Shahdara,22-Aug-24,18:00 Hrs,-,-,674,17800,0.4,0.65,0.9,1.35,Normal
RAVI,Balloki,22-Aug-24,18:00 Hrs,633.5,45475,621,17375,0.4,0.65,0.9,1.35,Normal
RAVI,Sidhnai,22-Aug-24,18:00 Hrs,467,27330,458.4,15430,0.3,0.45,0.6,0.9,Normal
SUTLEJ,Bhakara**,22-Aug-24,18:00 Hrs,-,-,-,-,-,-,-,-,-
SUTLEJ,Sulemanki,22-Aug-24,18:00 Hrs,569,18644,560,7379,0.5,0.8,1.2,1.75,Normal
SUTLEJ,Islam,22-Aug-24,18:00 Hrs,455,10637,441.1,9237,0.5,0.8,1.2,1.75,Normal
INDUS,khairabad,22-Aug-24,23:59 Hrs,-,-,15.8,188000,2.25,3.75,5,6.5,Normal
INDUS,Kalabagh,22-Aug-24,23:59 Hrs,693.5,309123,681.4,302799,2.5,3.75,5,6.5,Low
INDUS,Chashma,22-Aug-24,23:59 Hrs,644,347587,616.8,329083,2.5,3.75,5,6.5,Low
INDUS,Taunsa,22-Aug-24,23:59 Hrs,446,353286,433.1,341286,2.5,3.75,5,6.5,Low
INDUS,Guddu,22-Aug-24,23:59 Hrs,255.75,413456,254.05,405430,2,3.5,5,7,Medium
INDUS,Sukkar,22-Aug-24,23:59 Hrs,201.2,395687,200.8,377212,2,3.5,5,7,Medium
INDUS,Kotri,22-Aug-24,23:59 Hrs,69,261451,60.9,223496,2.5,4,5,6.5,Normal
JHELUM,Kotli,22-Aug-24,23:59 Hrs,-,-,9.1,6820,-,-,-,-,-
JHELUM,Rasul,22-Aug-24,23:59 Hrs,719,7803,694,5341,0.75,1.1,1.5,2.25,Normal
CHENAB,Marala,22-Aug-24,23:59 Hrs,812,47268,796.8,22218,1,1.5,2,4,Normal
CHENAB,Khanki,22-Aug-24,23:59 Hrs,733,45122,724.1,37223,1,1.5,2,4,Normal
CHENAB,Qadirabad,22-Aug-24,23:59 Hrs,700,48063,687.5,30063,1,1.5,2,4,Normal
CHENAB,Trimmu,22-Aug-24,23:59 Hrs,490.5,49318,484.4,39268,1.5,2,3,4.5,Normal
CHENAB,Punjnad,22-Aug-24,23:59 Hrs,338,65865,334.45,57365,1.5,2,3,4.5,Normal
RAVI,Jassar,22-Aug-24,23:59 Hrs,-,-,777.5,5507,0.5,0.75,1,1.5,Normal
RAVI,Shahdara,22-Aug-24,23:59 Hrs,-,-,674,17800,0.4,0.65,0.9,1.35,Normal
RAVI,Balloki,22-Aug-24,23:59 Hrs,633.5,45475,621,17375,0.4,0.65,0.9,1.35,Normal
RAVI,Sidhnai,22-Aug-24,23:59 Hrs,467,24991,458.1,12991,0.3,0.45,0.6,0.9,Normal
SUTLEJ,Bhakara**,22-Aug-24,23:59 Hrs,-,-,-,-,-,-,-,-,-
SUTLEJ,Sulemanki,22-Aug-24,23:59 Hrs,569,18644,560,7379,0.5,0.8,1.2,1.75,Normal
SUTLEJ,Islam,22-Aug-24,23:59 Hrs,455,8852,439.9,7452,0.5,0.8,1.2,1.75,Normal
INDUS,khairabad,23-Aug-24,06:00 Hrs,-,-,18.9,223800,2.25,3.75,5,6.5,Normal
INDUS,Kalabagh,23-Aug-24,06:00 Hrs,693.5,281424,681,275100,2.5,3.75,5,6.5,Low
INDUS,Chashma,23-Aug-24,06:00 Hrs,644,341899,616.5,323399,2.5,3.75,5,6.5,Low
INDUS,Taunsa,23-Aug-24,06:00 Hrs,446,353286,433.1,341286,2.5,3.75,5,6.5,Low
INDUS,Guddu,23-Aug-24,06:00 Hrs,255.4,382460,254,374434,2,3.5,5,7,Medium
INDUS,Sukkar,23-Aug-24,06:00 Hrs,201.3,400550,200.9,380850,2,3.5,5,7,Medium
INDUS,Kotri,23-Aug-24,06:00 Hrs,69,264851,61,226896,2.5,4,5,6.5,Normal
JHELUM,Kotli,23-Aug-24,06:00 Hrs,-,-,9.3,7500,-,-,-,-,-
JHELUM,Rasul,23-Aug-24,06:00 Hrs,719,2462,691.5,-,0.75,1.1,1.5,2.25,Normal
CHENAB,Marala,23-Aug-24,06:00 Hrs,812,57974,7970.6,32924,1,1.5,2,4,Normal
CHENAB,Khanki,23-Aug-24,06:00 Hrs,733,45538,723.9,37639,1,1.5,2,4,Normal
CHENAB,Qadirabad,23-Aug-24,06:00 Hrs,700,43002,687.2,25002,1,1.5,2,4,Normal
CHENAB,Trimmu,23-Aug-24,06:00 Hrs,490.5,49318,484.4,39268,1.5,2,3,4.5,Normal
CHENAB,Punjnad,23-Aug-24,06:00 Hrs,338,65865,334.45,57365,1.5,2,3,4.5,Normal
RAVI,Jassar,23-Aug-24,06:00 Hrs,-,-,777.5,5507,0.5,0.75,1,1.5,Normal
RAVI,Shahdara,23-Aug-24,06:00 Hrs,-,-,674,17800,0.4,0.65,0.9,1.35,Normal
RAVI,Balloki,23-Aug-24,06:00 Hrs,633.5,45475,621,17375,0.4,0.65,0.9,1.35,Normal
RAVI,Sidhnai,23-Aug-24,06:00 Hrs,467,24991,458.1,12991,0.3,0.45,0.6,0.9,Normal
SUTLEJ,Bhakara**,23-Aug-24,06:00 Hrs,-,-,-,-,-,-,-,-,-
SUTLEJ,Sulemanki,23-Aug-24,06:00 Hrs,569,18644,560,7379,0.5,0.8,1.2,1.75,Normal
SUTLEJ,Islam,23-Aug-24,06:00 Hrs,455,8852,439.9,7452,0.5,0.8,1.2,1.75,Normal
INDUS,khairabad,23-Aug-24,12:00 Hrs,-,-,25,299900,2.25,3.75,5,6.5,Low
INDUS,Kalabagh,23-Aug-24,12:00 Hrs,693.5,242102,680.5,235778,2.5,3.75,5,6.5,Normal
INDUS,Chashma,23-Aug-24,12:00 Hrs,644.1,319626,616.2,299657,2.5,3.75,5,6.5,Low
INDUS,Taunsa,23-Aug-24,12:00 Hrs,446,353286,433.1,341286,2.5,3.75,5,6.5,Low
INDUS,Guddu,23-Aug-24,12:00 Hrs,255.3,382288,253.9,372264,2,3.5,5,7,Medium
INDUS,Sukkar,23-Aug-24,12:00 Hrs,201.3,400550,200.9,380850,2,3.5,5,7,Medium
INDUS,Kotri,23-Aug-24,12:00 Hrs,69,275026,61.2,236791,2.5,4,5,6.5,Normal
JHELUM,Kotli,23-Aug-24,12:00 Hrs,-,-,9.3,7500,-,-,-,-,-
JHELUM,Rasul,23-Aug-24,12:00 Hrs,719,2462,691.5,-,0.75,1.1,1.5,2.25,Normal
CHENAB,Marala,23-Aug-24,12:00 Hrs,812,52621,797.4,27571,1,1.5,2,4,Normal
CHENAB,Khanki,23-Aug-24,12:00 Hrs,733,41373,723.6,33474,1,1.5,2,4,Normal
CHENAB,Qadirabad,23-Aug-24,12:00 Hrs,700,36705,686.8,18705,1,1.5,2,4,Normal
CHENAB,Trimmu,23-Aug-24,12:00 Hrs,490.5,49318,484.4,39268,1.5,2,3,4.5,Normal
CHENAB,Punjnad,23-Aug-24,12:00 Hrs,338,65925,334.45,57365,1.5,2,3,4.5,Normal
RAVI,Jassar,23-Aug-24,12:00 Hrs,-,-,777,4660,0.5,0.75,1,1.5,Normal
RAVI,Shahdara,23-Aug-24,12:00 Hrs,-,-,674,17800,0.4,0.65,0.9,1.35,Normal
RAVI,Balloki,23-Aug-24,12:00 Hrs,633.5,42945,620.8,14845,0.4,0.65,0.9,1.35,Normal
RAVI,Sidhnai,23-Aug-24,12:00 Hrs,467,25191,458.1,12991,0.3,0.45,0.6,0.9,Normal
SUTLEJ,Bhakara**,23-Aug-24,12:00 Hrs,-,-,-,-,-,-,-,-,-
SUTLEJ,Sulemanki,23-Aug-24,12:00 Hrs,569,18644,560,7379,0.5,0.8,1.2,1.75,Normal
SUTLEJ,Islam,23-Aug-24,12:00 Hrs,455,8852,439.9,7452,0.5,0.8,1.2,1.75,Normal
INDUS,khairabad,23-Aug-24,18:00 Hrs,-,-,18.5,219100,2.25,3.75,5,6.5,Normal
INDUS,Kalabagh,23-Aug-24,18:00 Hrs,693.5,240276,680.5,233952,2.5,3.75,5,6.5,Normal
INDUS,Chashma,23-Aug-24,18:00 Hrs,644.7,242294,614.7,222325,2.5,3.75,5,6.5,Normal
INDUS,Taunsa,23-Aug-24,18:00 Hrs,446,346155,433,334155,2.5,3.75,5,6.5,Low
INDUS,Guddu,23-Aug-24,18:00 Hrs,255.3,382288,253.9,372264,2,3.5,5,7,Medium
INDUS,Sukkar,23-Aug-24,18:00 Hrs,201.3,401060,201,385010,2,3.5,5,7,Medium
INDUS,Kotri,23-Aug-24,18:00 Hrs,69,276243,61.4,238008,2.5,4,5,6.5,Normal
JHELUM,Kotli,23-Aug-24,18:00 Hrs,-,-,9.2,7160,-,-,-,-,-
JHELUM,Rasul,23-Aug-24,18:00 Hrs,718.9,2462,691.5,Nil,0.75,1.1,1.5,2.25,Normal
CHENAB,Marala,23-Aug-24,18:00 Hrs,812,47268,796.8,22218,1,1.5,2,4,Normal
CHENAB,Khanki,23-Aug-24,18:00 Hrs,733,45538,723.9,37639,1,1.5,2,4,Normal
CHENAB,Qadirabad,23-Aug-24,18:00 Hrs,700,34237,686.5,16237,1,1.5,2,4,Normal
CHENAB,Trimmu,23-Aug-24,18:00 Hrs,490.5,50486,484.8,40236,1.5,2,3,4.5,Normal
CHENAB,Punjnad,23-Aug-24,18:00 Hrs,338,70279,335,62379,1.5,2,3,4.5,Normal
RAVI,Jassar,23-Aug-24,18:00 Hrs,-,-,777,4660,0.5,0.75,1,1.5,Normal
RAVI,Shahdara,23-Aug-24,18:00 Hrs,-,-,674,17800,0.4,0.65,0.9,1.35,Normal
RAVI,Balloki,23-Aug-24,18:00 Hrs,633.5,43970,620.9,15720,0.4,0.65,0.9,1.35,Normal
RAVI,Sidhnai,23-Aug-24,18:00 Hrs,467,23400,457.5,11200,0.3,0.45,0.6,0.9,Normal
SUTLEJ,Bhakara**,23-Aug-24,18:00 Hrs,-,-,-,-,-,-,-,-,-
SUTLEJ,Sulemanki,23-Aug-24,18:00 Hrs,569,19966,560.5,8601,0.5,0.8,1.2,1.75,Normal
SUTLEJ,Islam,23-Aug-24,18:00 Hrs,455,6478,439.7,5028,0.5,0.8,1.2,1.75,Normal
INDUS,khairabad,23-Aug-24,23:59 Hrs,-,-,15.9,189200,2.25,3.75,5,6.5,Normal
INDUS,Kalabagh,23-Aug-24,23:59 Hrs,693.5,254963,680.6,248639,2.5,3.75,5,6.5,Normal
INDUS,Chashma,23-Aug-24,23:59 Hrs,645.3,205558,613.9,185496,2.5,3.75,5,6.5,Normal
INDUS,Taunsa,23-Aug-24,23:59 Hrs,446,346155,433,334155,2.5,3.75,5,6.5,Low
INDUS,Guddu,23-Aug-24,23:59 Hrs,255.3,382288,253.9,372264,2,3.5,5,7,Medium
INDUS,Sukkar,23-Aug-24,23:59 Hrs,201.3,401060,201,385010,2,3.5,5,7,Medium
INDUS,Kotri,23-Aug-24,23:59 Hrs,69,276243,61.4,238008,2.5,4,5,6.5,Normal
JHELUM,Kotli,23-Aug-24,23:59 Hrs,-,-,9.1,6820,-,-,-,-,-
JHELUM,Rasul,23-Aug-24,23:59 Hrs,719,7803,694,5341,0.75,1.1,1.5,2.25,Normal
CHENAB,Marala,23-Aug-24,23:59 Hrs,812,59270,797.6,32924,1,1.5,2,4,Normal
CHENAB,Khanki,23-Aug-24,23:59 Hrs,733,41398,723.6,33474,1,1.5,2,4,Normal
CHENAB,Qadirabad,23-Aug-24,23:59 Hrs,700,34237,686.5,16237,1,1.5,2,4,Normal
CHENAB,Trimmu,23-Aug-24,23:59 Hrs,490.5,52757,485,42507,1.5,2,3,4.5,Normal
CHENAB,Punjnad,23-Aug-24,23:59 Hrs,338,70279,335,62379,1.5,2,3,4.5,Normal
RAVI,Jassar,23-Aug-24,23:59 Hrs,-,-,777,4660,0.5,0.75,1,1.5,Normal
RAVI,Shahdara,23-Aug-24,23:59 Hrs,-,-,673.7,16576,0.4,0.65,0.9,1.35,Normal
RAVI,Balloki,23-Aug-24,23:59 Hrs,633.5,43970,620.9,15720,0.4,0.65,0.9,1.35,Normal
RAVI,Sidhnai,23-Aug-24,23:59 Hrs,467,22737,457.2,10227,0.3,0.45,0.6,0.9,Normal
SUTLEJ,Bhakara**,23-Aug-24,23:59 Hrs,-,-,-,-,-,-,-,-,-
SUTLEJ,Sulemanki,23-Aug-24,23:59 Hrs,569,19966,560.5,8601,0.5,0.8,1.2,1.75,Normal
SUTLEJ,Islam,23-Aug-24,23:59 Hrs,455,6478,439.7,5028,0.5,0.8,1.2,1.75,Normal
INDUS,khairabad,24-Aug-24,06:00 Hrs,-,-,20,237000,2.25,3.75,5,6.5,Low
INDUS,Kalabagh,24-Aug-24,06:00 Hrs,693.5,233269,680.4,226945,2.5,3.75,5,6.5,Normal
INDUS,Chashma,24-Aug-24,06:00 Hrs,645.9,245479,614.4,225467,2.5,3.75,5,6.5,Normal
INDUS,Taunsa,24-Aug-24,06:00 Hrs,446,349105,433,337105,2.5,3.75,5,6.5,Low
INDUS,Guddu,24-Aug-24,06:00 Hrs,255.1,376589,253.75,366509,2,3.5,5,7,Medium
INDUS,Sukkar,24-Aug-24,06:00 Hrs,201.3,390450,200.9,380850,2,3.5,5,7,Medium
INDUS,Kotri,24-Aug-24,06:00 Hrs,69,284000,61.5,248305,2.5,4,5,6.5,Normal
JHELUM,Kotli,24-Aug-24,06:00 Hrs,-,-,9.3,7500,-,-,-,-,-
JHELUM,Rasul,24-Aug-24,06:00 Hrs,719,2462,691.5,-,0.75,1.1,1.5,2.25,Normal
CHENAB,Marala,24-Aug-24,06:00 Hrs,812,55234,797.4,27571,1,1.5,2,4,Normal
CHENAB,Khanki,24-Aug-24,06:00 Hrs,733,37221,723.2,29297,1,1.5,2,4,Normal
CHENAB,Qadirabad,24-Aug-24,06:00 Hrs,700,31711,686.3,13711,1,1.5,2,4,Normal
CHENAB,Trimmu,24-Aug-24,06:00 Hrs,490.5,57383,485.3,47133,1.5,2,3,4.5,Normal
CHENAB,Punjnad,24-Aug-24,06:00 Hrs,338,72220,335.1,64320,1.5,2,3,4.5,Normal
RAVI,Jassar,24-Aug-24,06:00 Hrs,-,-,777,4660,0.5,0.75,1,1.5,Normal
RAVI,Shahdara,24-Aug-24,06:00 Hrs,-,-,673.7,16576,0.4,0.65,0.9,1.35,Normal
RAVI,Balloki,24-Aug-24,06:00 Hrs,633.5,43970,620.9,15720,0.4,0.65,0.9,1.35,Normal
RAVI,Sidhnai,24-Aug-24,06:00 Hrs,467,22727,457.2,10227,0.3,0.45,0.6,0.9,Normal
SUTLEJ,Bhakara**,24-Aug-24,06:00 Hrs,-,-,-,-,-,-,-,-,-
SUTLEJ,Sulemanki,24-Aug-24,06:00 Hrs,569,20350,560.9,8985,0.5,0.8,1.2,1.75,Normal
SUTLEJ,Islam,24-Aug-24,06:00 Hrs,455,6478,439.7,5028,0.5,0.8,1.2,1.75,Normal
INDUS,khairabad,24-Aug-24,12:00 Hrs,-,-,13.5,162900,2.25,3.75,5,6.5,Normal
INDUS,Kalabagh,24-Aug-24,12:00 Hrs,693.5,220896,680.2,214572,2.5,3.75,5,6.5,Normal
INDUS,Chashma,24-Aug-24,12:00 Hrs,646,258558,615,240208,2.5,3.75,5,6.5,Normal
INDUS,Taunsa,24-Aug-24,12:00 Hrs,446,349105,433,337105,2.5,3.75,5,6.5,Low
INDUS,Guddu,24-Aug-24,12:00 Hrs,255.1,371069,253.7,366509,2,3.5,5,7,Medium
INDUS,Sukkar,24-Aug-24,12:00 Hrs,201.3,390450,200.9,380850,2,3.5,5,7,Medium
INDUS,Kotri,24-Aug-24,12:00 Hrs,68.9,284825,61.7,251760,2.5,4,5,6.5,Low
JHELUM,Kotli,24-Aug-24,12:00 Hrs,-,-,9.2,7160,-,-,-,-,-
JHELUM,Rasul,24-Aug-24,12:00 Hrs,719,2462,691.5,-,0.75,1.1,1.5,2.25,Normal
CHENAB,Marala,24-Aug-24,12:00 Hrs,812,55621,797.4,27571,1,1.5,2,4,Normal
CHENAB,Khanki,24-Aug-24,12:00 Hrs,733,41398,723.6,33474,1,1.5,2,4,Normal
CHENAB,Qadirabad,24-Aug-24,12:00 Hrs,700,26343,685.7,8343,1,1.5,2,4,Normal
CHENAB,Trimmu,24-Aug-24,12:00 Hrs,490.5,57483,485.3,47133,1.5,2,3,4.5,Normal
CHENAB,Punjnad,24-Aug-24,12:00 Hrs,338,72320,335.1,64320,1.5,2,3,4.5,Normal
RAVI,Jassar,24-Aug-24,12:00 Hrs,-,-,776.5,3395,0.5,0.75,1,1.5,Normal
RAVI,Shahdara,24-Aug-24,12:00 Hrs,-,-,673.7,16576,0.4,0.65,0.9,1.35,Normal
RAVI,Balloki,24-Aug-24,12:00 Hrs,633.5,41340,620,13090,0.4,0.65,0.9,1.35,Normal
RAVI,Sidhnai,24-Aug-24,12:00 Hrs,467,22727,457.2,10227,0.3,0.45,0.6,0.9,Normal
SUTLEJ,Bhakara**,24-Aug-24,12:00 Hrs,-,-,-,-,-,-,-,-,-
SUTLEJ,Sulemanki,24-Aug-24,12:00 Hrs,569,20350,560.9,8985,0.5,0.8,1.2,1.75,Normal
SUTLEJ,Islam,24-Aug-24,12:00 Hrs,455,6478,439.7,5028,0.5,0.8,1.2,1.75,Normal
INDUS,khairabad,24-Aug-24,18:00 Hrs,-,-,14.2,170400,2.25,3.75,5,6.5,Normal
INDUS,Kalabagh,24-Aug-24,18:00 Hrs,693.5,192369,679.8,186045,2.5,3.75,5,6.5,Normal
INDUS,Chashma,24-Aug-24,18:00 Hrs,646.4,233632,614.6,213362,2.5,3.75,5,6.5,Normal
INDUS,Taunsa,24-Aug-24,18:00 Hrs,446,334859,432.7,322859,2.5,3.75,5,6.5,Low
INDUS,Guddu,24-Aug-24,18:00 Hrs,255.1,371069,253.7,366509,2,3.5,5,7,Medium
INDUS,Sukkar,24-Aug-24,18:00 Hrs,201.3,387950,200.9,380850,2,3.5,5,7,Medium
INDUS,Kotri,24-Aug-24,18:00 Hrs,68.9,284930,61.8,254195,2.5,4,5,6.5,Low
JHELUM,Kotli,24-Aug-24,18:00 Hrs,-,-,9.1,6820,-,-,-,-,-
JHELUM,Rasul,24-Aug-24,18:00 Hrs,719,2712,691.5,-,0.75,1.1,1.5,2.25,Normal
CHENAB,Marala,24-Aug-24,18:00 Hrs,812,50118,796.8,22218,1,1.5,2,4,Normal
CHENAB,Khanki,24-Aug-24,18:00 Hrs,733,42772,723.9,34824,1,1.5,2,4,Normal
CHENAB,Qadirabad,24-Aug-24,18:00 Hrs,700,26343,685.7,8343,1,1.5,2,4,Normal
CHENAB,Trimmu,24-Aug-24,18:00 Hrs,490.5,57483,485.3,47133,1.5,2,3,4.5,Normal
CHENAB,Punjnad,24-Aug-24,18:00 Hrs,338,72320,335.1,64320,1.5,2,3,4.5,Normal
RAVI,Jassar,24-Aug-24,18:00 Hrs,-,-,776.5,3395,0.5,0.75,1,1.5,Normal
RAVI,Shahdara,24-Aug-24,18:00 Hrs,-,-,697.6,16168,0.4,0.65,0.9,1.35,Normal
RAVI,Balloki,24-Aug-24,18:00 Hrs,633.5,40485,619.9,11935,0.4,0.65,0.9,1.35,Normal
RAVI,Sidhnai,24-Aug-24,18:00 Hrs,467,22727,457.2,10227,0.3,0.45,0.6,0.9,Normal
SUTLEJ,Bhakara**,24-Aug-24,18:00 Hrs,,-,-,-,-,-,-,-,-
SUTLEJ,Sulemanki,24-Aug-24,18:00 Hrs,569,20498,560.9,8985,0.5,0.8,1.2,1.75,Normal
SUTLEJ,Islam,24-Aug-24,18:00 Hrs,455,6528,439.7,5028,0.5,0.8,1.2,1.75,Normal
INDUS,khairabad,24-Aug-24,23:59 Hrs,-,-,14.7,175900,2.25,3.75,5,6.5,Normal
INDUS,Kalabagh,24-Aug-24,23:59 Hrs,693.5,192369,679.8,186045,2.5,3.75,5,6.5,Normal
INDUS,Chashma,24-Aug-24,23:59 Hrs,647,171199,613.5,150074,2.5,3.75,5,6.5,Normal
INDUS,Taunsa,24-Aug-24,23:59 Hrs,446,315750,432.5,303750,2.5,3.75,5,6.5,Low
INDUS,Guddu,24-Aug-24,23:59 Hrs,255.1,371069,253.7,366509,2,3.5,5,7,Medium
INDUS,Sukkar,24-Aug-24,23:59 Hrs,201.3,387950,200.9,380850,2,3.5,5,7,Medium
INDUS,Kotri,24-Aug-24,23:59 Hrs,68.9,284930,61.8,254195,2.5,4,5,6.5,Low
JHELUM,Kotli,24-Aug-24,23:59 Hrs,-,-,9,6500,-,-,-,-,-
JHELUM,Rasul,24-Aug-24,23:59 Hrs,719,8603,694,5341,0.75,1.1,1.5,2.25,Normal
CHENAB,Marala,24-Aug-24,23:59 Hrs,812,55471,797.4,27571,1,1.5,2,4,Normal
CHENAB,Khanki,24-Aug-24,23:59 Hrs,733,41422,723.6,33474,1,1.5,2,4,Normal
CHENAB,Qadirabad,24-Aug-24,23:59 Hrs,700,31523,686,13525,1,1.5,2,4,Normal
CHENAB,Trimmu,24-Aug-24,23:59 Hrs,490.5,57483,485.3,47133,1.5,2,3,4.5,Normal
CHENAB,Punjnad,24-Aug-24,23:59 Hrs,338,72320,335.1,64320,1.5,2,3,4.5,Normal
RAVI,Jassar,24-Aug-24,23:59 Hrs,-,-,776.5,3395,0.5,0.75,1,1.5,Normal
RAVI,Shahdara,24-Aug-24,23:59 Hrs,-,-,673.4,15353,0.4,0.65,0.9,1.35,Normal
RAVI,Balloki,24-Aug-24,23:59 Hrs,633.5,40485,619.9,11935,0.4,0.65,0.9,1.35,Normal
RAVI,Sidhnai,24-Aug-24,23:59 Hrs,467,22727,457.2,10227,0.3,0.45,0.6,0.9,Normal
SUTLEJ,Bhakara**,24-Aug-24,23:59 Hrs,,-,-,-,-,-,-,-,-
SUTLEJ,Sulemanki,24-Aug-24,23:59 Hrs,569,20498,560.9,8985,0.5,0.8,1.2,1.75,Normal
SUTLEJ,Islam,24-Aug-24,23:59 Hrs,455,6578,439.7,5028,0.5,0.8,1.2,1.75,Normal
INDUS,khairabad,25-Aug-24,06:00 Hrs,-,-,15.6,185800,2.25,3.75,5,6.5,Normal
INDUS,Kalabagh,25-Aug-24,06:00 Hrs,693.5,196438,679.9,190114,2.5,3.75,5,6.5,Normal
INDUS,Chashma,25-Aug-24,06:00 Hrs,647.1,165942,613.1,145027,2.5,3.75,5,6.5,Normal
INDUS,Taunsa,25-Aug-24,06:00 Hrs,446,217675,431.3,205675,2.5,3.75,5,6.5,Normal
INDUS,Guddu,25-Aug-24,06:00 Hrs,255.4,374797,254,371278,2,3.5,5,7,Medium
INDUS,Sukkar,25-Aug-24,06:00 Hrs,201.1,374610,200.7,367510,2,3.5,5,7,Medium
INDUS,Kotri,25-Aug-24,06:00 Hrs,68.8,286719,62.1,264464,2.5,4,5,6.5,Low
JHELUM,Kotli,25-Aug-24,06:00 Hrs,-,-,9.2,7160,-,-,-,-,-
JHELUM,Rasul,25-Aug-24,06:00 Hrs,719,3262,691.5,-,0.75,1.1,1.5,2.25,Normal
CHENAB,Marala,25-Aug-24,06:00 Hrs,812,60824,797.6,32924,1,1.5,2,4,Normal
CHENAB,Khanki,25-Aug-24,06:00 Hrs,733,37245,723.2,29297,1,1.5,2,4,Normal
CHENAB,Qadirabad,25-Aug-24,06:00 Hrs,700,31525,686.02,13525,1,1.5,2,4,Normal
CHENAB,Trimmu,25-Aug-24,06:00 Hrs,490.5,52078,485.2,41728,1.5,2,3,4.5,Normal
CHENAB,Punjnad,25-Aug-24,06:00 Hrs,338,69232,334.9,61232,1.5,2,3,4.5,Normal
RAVI,Jassar,25-Aug-24,06:00 Hrs,-,-,776.5,3395,0.5,0.75,1,1.5,Normal
RAVI,Shahdara,25-Aug-24,06:00 Hrs,-,-,673.4,15353,0.4,0.65,0.9,1.35,Normal
RAVI,Balloki,25-Aug-24,06:00 Hrs,633.5,40485,619.9,11935,0.4,0.65,0.9,1.35,Normal
RAVI,Sidhnai,25-Aug-24,06:00 Hrs,467,22727,457.2,10227,0.3,0.45,0.6,0.9,Normal
SUTLEJ,Bhakara**,25-Aug-24,06:00 Hrs,,-,-,-,-,-,-,-,-
SUTLEJ,Sulemanki,25-Aug-24,06:00 Hrs,569,17200,560.2,5687,0.5,0.8,1.2,1.75,Normal
SUTLEJ,Islam,25-Aug-24,06:00 Hrs,455,6578,439.7,5028,0.5,0.8,1.2,1.75,Normal
INDUS,khairabad,25-Aug-24,12:00 Hrs,-,-,13.1,158600,2.25,3.75,5,6.5,Normal
INDUS,Kalabagh,25-Aug-24,12:00 Hrs,693.5,196438,679.9,190114,2.5,3.75,5,6.5,Normal
INDUS,Chashma,25-Aug-24,12:00 Hrs,646.9,223061,613.8,200905,2.5,3.75,5,6.5,Normal
INDUS,Taunsa,25-Aug-24,12:00 Hrs,446,201891,431,189891,2.5,3.75,5,6.5,Normal
INDUS,Guddu,25-Aug-24,12:00 Hrs,255.4,374797,254,371278,2,3.5,5,7,Medium
INDUS,Sukkar,25-Aug-24,12:00 Hrs,201.2,374610,200.7,367510,2,3.5,5,7,Medium
INDUS,Kotri,25-Aug-24,12:00 Hrs,68.8,288253,62.6,267804,2.5,4,5,6.5,Low
JHELUM,Kotli,25-Aug-24,12:00 Hrs,-,-,9.1,6820,-,-,-,-,-
JHELUM,Rasul,25-Aug-24,12:00 Hrs,719,3262,691.5,-,0.75,1.1,1.5,2.25,Normal
CHENAB,Marala,25-Aug-24,12:00 Hrs,812,50118,796.8,22218,1,1.5,2,4,Normal
CHENAB,Khanki,25-Aug-24,12:00 Hrs,733,41422,723.6,33474,1,1.5,2,4,Normal
CHENAB,Qadirabad,25-Aug-24,12:00 Hrs,700,27704,685.5,9704,1,1.5,2,4,Normal
CHENAB,Trimmu,25-Aug-24,12:00 Hrs,490.5,52078,485.2,41728,1.5,2,3,4.5,Normal
CHENAB,Punjnad,25-Aug-24,12:00 Hrs,338,69232,334.9,61232,1.5,2,3,4.5,Normal
RAVI,Jassar,25-Aug-24,12:00 Hrs,-,-,776.2,2635,0.5,0.75,1,1.5,Normal
RAVI,Shahdara,25-Aug-24,12:00 Hrs,-,-,673.4,15353,0.4,0.65,0.9,1.35,Normal
RAVI,Balloki,25-Aug-24,12:00 Hrs,633.5,38455,619.2,9905,0.4,0.65,0.9,1.35,Normal
RAVI,Sidhnai,25-Aug-24,12:00 Hrs,467,22827,457.2,10227,0.3,0.45,0.6,0.9,Normal
SUTLEJ,Bhakara**,25-Aug-24,12:00 Hrs,-,-,-,-,-,-,-,-,-
SUTLEJ,Sulemanki,25-Aug-24,12:00 Hrs,569,17200,560.2,5687,0.5,0.8,1.2,1.75,Normal
SUTLEJ,Islam,25-Aug-24,12:00 Hrs,455,6578,439.7,5028,0.5,0.8,1.2,1.75,Normal
INDUS,khairabad,25-Aug-24,18:00 Hrs,-,-,15.6,185800,2.25,3.75,5,6.5,Normal
INDUS,Kalabagh,25-Aug-24,18:00 Hrs,693.5,178329,679.6,172005,2.5,3.75,5,6.5,Normal
INDUS,Chashma,25-Aug-24,18:00 Hrs,647,192141,613.3,169935,2.5,3.75,5,6.5,Normal
INDUS,Taunsa,25-Aug-24,18:00 Hrs,446,217200,431.2,205200,2.5,3.75,5,6.5,Normal
INDUS,Guddu,25-Aug-24,18:00 Hrs,255.4,368219,254,364700,2,3.5,5,7,Medium
INDUS,Sukkar,25-Aug-24,18:00 Hrs,201,369350,200.6,362250,2,3.5,5,7,Medium
INDUS,Kotri,25-Aug-24,18:00 Hrs,68.8,289510,62.8,278075,2.5,4,5,6.5,Low
JHELUM,Kotli,25-Aug-24,18:00 Hrs,-,-,9,6500,-,-,-,-,-
JHELUM,Rasul,25-Aug-24,18:00 Hrs,719,3262,691.5,-,0.75,1.1,1.5,2.25,Normal
CHENAB,Marala,25-Aug-24,18:00 Hrs,812,55471,797.4,27571,1,1.5,2,4,Normal
CHENAB,Khanki,25-Aug-24,18:00 Hrs,733,41422,723.6,33474,1,1.5,2,4,Normal
CHENAB,Qadirabad,25-Aug-24,18:00 Hrs,700,23933,684.6,5933,1,1.5,2,4,Normal
CHENAB,Trimmu,25-Aug-24,18:00 Hrs,490.5,49827,484.8,39477,1.5,2,3,4.5,Normal
CHENAB,Punjnad,25-Aug-24,18:00 Hrs,338,64980,334.5,56980,1.5,2,3,4.5,Normal
RAVI,Jassar,25-Aug-24,18:00 Hrs,-,-,776.2,2635,0.5,0.75,1,1.5,Normal
RAVI,Shahdara,25-Aug-24,18:00 Hrs,-,-,673.4,15353,0.4,0.65,0.9,1.35,Normal
RAVI,Balloki,25-Aug-24,18:00 Hrs,633.5,38455,619.2,9905,0.4,0.65,0.9,1.35,Normal
RAVI,Sidhnai,25-Aug-24,18:00 Hrs,467,22827,457.2,10227,0.3,0.45,0.6,0.9,Normal
SUTLEJ,Bhakara**,25-Aug-24,18:00 Hrs,,-,-,-,-,-,-,-,-
SUTLEJ,Sulemanki,25-Aug-24,18:00 Hrs,569,17252,560.2,5687,0.5,0.8,1.2,1.75,Normal
SUTLEJ,Islam,25-Aug-24,18:00 Hrs,455,6578,439.7,5028,0.5,0.8,1.2,1.75,Normal
INDUS,khairabad,25-Aug-24,23:59 Hrs,-,-,13.8,166100,2.25,3.75,5,6.5,Normal
INDUS,Kalabagh,25-Aug-24,23:59 Hrs,693.5,218947,680.2,212623,2.5,3.75,5,6.5,Normal
INDUS,Chashma,25-Aug-24,23:59 Hrs,647,193228,613.2,170822,2.5,3.75,5,6.5,Normal
INDUS,Taunsa,25-Aug-24,23:59 Hrs,446,197066,430.3,185066,2.5,3.75,5,6.5,Normal
INDUS,Guddu,25-Aug-24,23:59 Hrs,255.4,376193,254,364700,2,3.5,5,7,Medium
INDUS,Sukkar,25-Aug-24,23:59 Hrs,201.1,364050,200.6,360050,2,3.5,5,7,Medium
INDUS,Kotri,25-Aug-24,23:59 Hrs,68.3,301901,63.4,299001,2.5,4,5,6.5,Low
JHELUM,Kotli,25-Aug-24,23:59 Hrs,-,-,9,6500,-,-,-,-,-
JHELUM,Rasul,25-Aug-24,23:59 Hrs,719,3262,691.5,-,0.75,1.1,1.5,2.25,Normal
CHENAB,Marala,25-Aug-24,23:59 Hrs,812,50118,716.8,22218,1,1.5,2,4,Normal
CHENAB,Khanki,25-Aug-24,23:59 Hrs,733,33098,722.6,25150,1,1.5,2,4,Normal
CHENAB,Qadirabad,25-Aug-24,23:59 Hrs,700,26492,655,8492,1,1.5,2,4,Normal
CHENAB,Trimmu,25-Aug-24,23:59 Hrs,490.5,38593,483.7,28193,1.5,2,3,4.5,Normal
CHENAB,Punjnad,25-Aug-24,23:59 Hrs,338,60088,334.1,52088,1.5,2,3,4.5,Normal
RAVI,Jassar,25-Aug-24,23:59 Hrs,-,-,776.2,2635,0.5,0.75,1,1.5,Normal
RAVI,Shahdara,25-Aug-24,23:59 Hrs,-,-,673.4,15353,0.4,0.65,0.9,1.35,Normal
RAVI,Balloki,25-Aug-24,23:59 Hrs,633.5,38210,619.7,11660,0.4,0.65,0.9,1.35,Normal
RAVI,Sidhnai,25-Aug-24,23:59 Hrs,467,22391,457.1,9791,0.3,0.45,0.6,0.9,Normal
SUTLEJ,Bhakara**,25-Aug-24,23:59 Hrs,,-,-,-,-,-,-,-,-
SUTLEJ,Sulemanki,25-Aug-24,23:59 Hrs,569,16152,559.5,4587,0.5,0.8,1.2,1.75,Normal
SUTLEJ,Islam,25-Aug-24,23:59 Hrs,455,6578,439.7,5028,0.5,0.8,1.2,1.75,Normal
INDUS,khairabad,26-Aug-24,06:00 Hrs,-,-,13.8,166100,2.25,3.75,5,6.5,Normal
INDUS,Kalabagh,26-Aug-24,06:00 Hrs,693.5,218947,680.2,212623,2.5,3.75,5,6.5,Normal
INDUS,Chashma,26-Aug-24,06:00 Hrs,647,193228,613.2,170822,2.5,3.75,5,6.5,Normal
INDUS,Taunsa,26-Aug-24,06:00 Hrs,446,197066,430.3,185066,2.5,3.75,5,6.5,Normal
INDUS,Guddu,26-Aug-24,06:00 Hrs,255.4,376193,254,364700,2,3.5,5,7,Medium
INDUS,Sukkar,26-Aug-24,06:00 Hrs,201.1,364050,200.6,360050,2,3.5,5,7,Medium
INDUS,Kotri,26-Aug-24,06:00 Hrs,68.3,301901,63.4,299001,2.5,4,5,6.5,Low
JHELUM,Kotli,26-Aug-24,06:00 Hrs,-,-,9,6500,-,-,-,-,-
JHELUM,Rasul,26-Aug-24,06:00 Hrs,719,3262,691.5,-,0.75,1.1,1.5,2.25,Normal
CHENAB,Marala,26-Aug-24,06:00 Hrs,812,50118,796.8,22218,1,1.5,2,4,Normal
CHENAB,Khanki,26-Aug-24,06:00 Hrs,733,33098,722.6,25150,1,1.5,2,4,Normal
CHENAB,Qadirabad,26-Aug-24,06:00 Hrs,700,26492,685,8492,1,1.5,2,4,Normal
CHENAB,Trimmu,26-Aug-24,06:00 Hrs,490.5,38593,483.7,28193,1.5,2,3,4.5,Normal
CHENAB,Punjnad,26-Aug-24,06:00 Hrs,338,60088,334.1,52088,1.5,2,3,4.5,Normal
RAVI,Jassar,26-Aug-24,06:00 Hrs,-,-,776.2,2635,0.5,0.75,1,1.5,Normal
RAVI,Shahdara,26-Aug-24,06:00 Hrs,-,-,673.4,15353,0.4,0.65,0.9,1.35,Normal
RAVI,Balloki,26-Aug-24,06:00 Hrs,633.5,38210,619.7,11660,0.4,0.65,0.9,1.35,Normal
RAVI,Sidhnai,26-Aug-24,06:00 Hrs,467,22391,457.1,9791,0.3,0.45,0.6,0.9,Normal
SUTLEJ,Bhakara**,26-Aug-24,06:00 Hrs,,-,-,-,-,-,-,-,-
SUTLEJ,Sulemanki,26-Aug-24,06:00 Hrs,569,16152,559.5,4587,0.5,0.8,1.2,1.75,Normal
SUTLEJ,Islam,26-Aug-24,06:00 Hrs,455,6578,439.7,5028,0.5,0.8,1.2,1.75,Normal
INDUS,khairabad,26-Aug-24,12:00 Hrs,-,-,12.8,155500,2.25,3.75,5,6.5,Normal
INDUS,Kalabagh,26-Aug-24,12:00 Hrs,693.5,225521,680.4,219181,2.5,3.75,5,6.5,Normal
INDUS,Chashma,26-Aug-24,12:00 Hrs,647,202477,613.3,179971,2.5,3.75,5,6.5,Normal
INDUS,Taunsa,26-Aug-24,12:00 Hrs,446,192817,430.6,179817,2.5,3.75,5,6.5,Normal
INDUS,Guddu,26-Aug-24,12:00 Hrs,255.4,365192,254,364700,2,3.5,5,7,Medium
INDUS,Sukkar,26-Aug-24,12:00 Hrs,201.1,364050,200.6,360050,2,3.5,5,7,Medium
INDUS,Kotri,26-Aug-24,12:00 Hrs,68.3,306149,63.6,304099,2.5,4,5,6.5,Low
JHELUM,Kotli,26-Aug-24,12:00 Hrs,-,-,9,6500,-,-,-,-,-
JHELUM,Rasul,26-Aug-24,12:00 Hrs,719,3062,691.5,-,0.75,1.1,1.5,2.25,Normal
CHENAB,Marala,26-Aug-24,12:00 Hrs,812,44765,796.5,16865,1,1.5,2,4,Normal
CHENAB,Khanki,26-Aug-24,12:00 Hrs,733,37245,723.2,29297,1,1.5,2,4,Normal
CHENAB,Qadirabad,26-Aug-24,12:00 Hrs,700,20304,683.8,2304,1,1.5,2,4,Normal
CHENAB,Trimmu,26-Aug-24,12:00 Hrs,490.5,38593,483.7,28193,1.5,2,3,4.5,Normal
CHENAB,Punjnad,26-Aug-24,12:00 Hrs,338,59188,334,52088,1.5,2,3,4.5,Normal
RAVI,Jassar,26-Aug-24,12:00 Hrs,-,-,776.2,2635,0.5,0.75,1,1.5,Normal
RAVI,Shahdara,26-Aug-24,12:00 Hrs,-,-,673.4,15353,0.4,0.65,0.9,1.35,Normal
RAVI,Balloki,26-Aug-24,12:00 Hrs,633.5,38210,619.7,11660,0.4,0.65,0.9,1.35,Normal
RAVI,Sidhnai,26-Aug-24,12:00 Hrs,467,21611,457,9011,0.3,0.45,0.6,0.9,Normal
SUTLEJ,Bhakara**,26-Aug-24,12:00 Hrs,-,-,-,-,-,-,-,-,-
SUTLEJ,Sulemanki,26-Aug-24,12:00 Hrs,569,16152,559.5,4587,0.5,0.8,1.2,1.75,Normal
SUTLEJ,Islam,26-Aug-24,12:00 Hrs,455,8577,440.25,7027,0.5,0.8,1.2,1.75,Normal
INDUS,khairabad,26-Aug-24,18:00 Hrs,-,-,21.2,251000,2.25,3.75,5,6.5,Low
INDUS,Kalabagh,26-Aug-24,18:00 Hrs,693.5,192258,679.9,185934,2.5,3.75,5,6.5,Normal
INDUS,Chashma,26-Aug-24,18:00 Hrs,647.2,204704,613.3,179982,2.5,3.75,5,6.5,Normal
INDUS,Taunsa,26-Aug-24,18:00 Hrs,446.2,180204,430,163704,2.5,3.75,5,6.5,Normal
INDUS,Guddu,26-Aug-24,18:00 Hrs,255.2,353677,253.8,353119,2,3.5,5,7,Medium
INDUS,Sukkar,26-Aug-24,18:00 Hrs,201.1,364050,200.6,360050,2,3.5,5,7,Medium
INDUS,Kotri,26-Aug-24,18:00 Hrs,68.3,308975,63.7,307075,2.5,4,5,6.5,Low
JHELUM,Kotli,26-Aug-24,18:00 Hrs,-,-,8.9,6180,-,-,-,-,-
JHELUM,Rasul,26-Aug-24,18:00 Hrs,719,3062,691.5,Nil,0.75,1.1,1.5,2.25,Normal
CHENAB,Marala,26-Aug-24,18:00 Hrs,812,55821,797.4,27571,1,1.5,2,4,Normal
CHENAB,Khanki,26-Aug-24,18:00 Hrs,733,41422,723.6,33474,1,1.5,2,4,Normal
CHENAB,Qadirabad,26-Aug-24,18:00 Hrs,700,20304,683.8,2304,1,1.5,2,4,Normal
CHENAB,Trimmu,26-Aug-24,18:00 Hrs,490.5,38113,483.6,27563,1.5,2,3,4.5,Normal
CHENAB,Punjnad,26-Aug-24,18:00 Hrs,338,54982,333.8,47882,1.5,2,3,4.5,Normal
RAVI,Jassar,26-Aug-24,18:00 Hrs,-,-,776.2,2635,0.5,0.75,1,1.5,Normal
RAVI,Shahdara,26-Aug-24,18:00 Hrs,-,-,673.4,15353,0.4,0.65,0.9,1.35,Normal
RAVI,Balloki,26-Aug-24,18:00 Hrs,633.5,37455,619.2,10505,0.4,0.65,0.9,1.35,Normal
RAVI,Sidhnai,26-Aug-24,18:00 Hrs,467,20589,456.7,8389,0.3,0.45,0.6,0.9,Normal
SUTLEJ,Bhakara**,26-Aug-24,18:00 Hrs,-,-,-,-,-,-,-,-,-
SUTLEJ,Sulemanki,26-Aug-24,18:00 Hrs,569,16152,559.5,4587,0.5,0.8,1.2,1.75,Normal
SUTLEJ,Islam,26-Aug-24,18:00 Hrs,455,8577,440.25,7027,0.5,0.8,1.2,1.75,Normal
INDUS,khairabad,26-Aug-24,23:59 Hrs,-,-,15.4,183600,2.25,3.75,5,6.5,Normal
INDUS,Kalabagh,26-Aug-24,23:59 Hrs,693.5,181392,679.7,175052,2.5,3.75,5,6.5,Normal
INDUS,Chashma,26-Aug-24,23:59 Hrs,647.8,202541,613.3,180135,2.5,3.75,5,6.5,Normal
INDUS,Taunsa,26-Aug-24,23:59 Hrs,446.2,172143,429.8,152643,2.5,3.75,5,6.5,Normal
INDUS,Guddu,26-Aug-24,23:59 Hrs,255.2,353677,253.8,353119,2,3.5,5,7,Medium
INDUS,Sukkar,26-Aug-24,23:59 Hrs,201.1,364050,200.6,360050,2,3.5,5,7,Medium
INDUS,Kotri,26-Aug-24,23:59 Hrs,68.3,308975,63.7,307075,2.5,4,5,6.5,Low
JHELUM,Kotli,26-Aug-24,23:59 Hrs,-,-,8.8,5870,-,-,-,-,-
JHELUM,Rasul,26-Aug-24,23:59 Hrs,719,3062,691.5,-,0.75,1.1,1.5,2.25,Normal
CHENAB,Marala,26-Aug-24,23:59 Hrs,812,61174,797.6,32924,1,1.5,2,4,Normal
CHENAB,Khanki,26-Aug-24,23:59 Hrs,733,28465,722.2,20504,1,1.5,2,4,Normal
CHENAB,Qadirabad,26-Aug-24,23:59 Hrs,700,28924,685.7,10924,1,1.5,2,4,Normal
CHENAB,Trimmu,26-Aug-24,23:59 Hrs,490.5,36524,483.3,26024,1.5,2,3,4.5,Normal
CHENAB,Punjnad,26-Aug-24,23:59 Hrs,338,54982,333.8,47882,1.5,2,3,4.5,Normal
RAVI,Jassar,26-Aug-24,23:59 Hrs,-,-,776.2,2635,0.5,0.75,1,1.5,Normal
RAVI,Shahdara,26-Aug-24,23:59 Hrs,-,-,673.4,15353,0.4,0.65,0.9,1.35,Normal
RAVI,Balloki,26-Aug-24,23:59 Hrs,633.5,38570,619.2,10420,0.4,0.65,0.9,1.35,Normal
RAVI,Sidhnai,26-Aug-24,23:59 Hrs,467,20589,456.7,8389,0.3,0.45,0.6,0.9,Normal
SUTLEJ,Bhakara**,26-Aug-24,23:59 Hrs,-,-,-,-,-,-,-,-,-
SUTLEJ,Sulemanki,26-Aug-24,23:59 Hrs,569,16152,559.5,4587,0.5,0.8,1.2,1.75,Normal
SUTLEJ,Islam,26-Aug-24,23:59 Hrs,455,8577,440.25,7027,0.5,0.8,1.2,1.75,Normal
INDUS,khairabad,27-Aug-24,06:00 Hrs,-,-,13.5,162900,2.25,3.75,5,6.5,Normal
INDUS,Kalabagh,27-Aug-24,06:00 Hrs,693.5,213772,680.2,207132,2.5,3.75,5,6.5,Normal
INDUS,Chashma,27-Aug-24,06:00 Hrs,647.9,202421,613.6,180015,2.5,3.75,5,6.5,Normal
INDUS,Taunsa,27-Aug-24,06:00 Hrs,446.2,173063,429.8,153563,2.5,3.75,5,6.5,Normal
INDUS,Guddu,27-Aug-24,06:00 Hrs,255.2,316519,253.3,315956,2,3.5,5,7,Low
INDUS,Sukkar,27-Aug-24,06:00 Hrs,201,358500,200.5,354500,2,3.5,5,7,Medium
INDUS,Kotri,27-Aug-24,06:00 Hrs,68.2,314417,63.8,312617,2.5,4,5,6.5,Low
JHELUM,Kotli,27-Aug-24,06:00 Hrs,-,-,9,6500,-,-,-,-,-
JHELUM,Rasul,27-Aug-24,06:00 Hrs,719,3062,691.5,-,0.75,1.1,1.5,2.25,Normal
CHENAB,Marala,27-Aug-24,06:00 Hrs,812,55821,797.4,27571,1,1.5,2,4,Normal
CHENAB,Khanki,27-Aug-24,06:00 Hrs,733,28465,722.2,20504,1,1.5,2,4,Normal
CHENAB,Qadirabad,27-Aug-24,06:00 Hrs,700,23933,684.6,5933,1,1.5,2,4,Normal
CHENAB,Trimmu,27-Aug-24,06:00 Hrs,490.5,36524,483.3,26024,1.5,2,3,4.5,Normal
CHENAB,Punjnad,27-Aug-24,06:00 Hrs,338,54982,333.8,47882,1.5,2,3,4.5,Normal
RAVI,Jassar,27-Aug-24,06:00 Hrs,-,-,776.2,2635,0.5,0.75,1,1.5,Normal
RAVI,Shahdara,27-Aug-24,06:00 Hrs,-,-,673.4,15353,0.4,0.65,0.9,1.35,Normal
RAVI,Balloki,27-Aug-24,06:00 Hrs,633.5,37815,619,9265,0.4,0.65,0.9,1.35,Normal
RAVI,Sidhnai,27-Aug-24,06:00 Hrs,467,19620,456.5,7420,0.3,0.45,0.6,0.9,Normal
SUTLEJ,Bhakara**,27-Aug-24,06:00 Hrs,-,-,-,-,-,-,-,-,-
SUTLEJ,Sulemanki,27-Aug-24,06:00 Hrs,569,14515,558.7,3002,0.5,0.8,1.2,1.75,Normal
SUTLEJ,Islam,27-Aug-24,06:00 Hrs,455,8477,440.25,7027,0.5,0.8,1.2,1.75,Normal
INDUS,khairabad,27-Aug-24,12:00 Hrs,-,-,13.5,162900,2.25,3.75,5,6.5,Normal
INDUS,Kalabagh,27-Aug-24,12:00 Hrs,693.5,250569,680.6,243929,2.5,3.75,5,6.5,Normal
INDUS,Chashma,27-Aug-24,12:00 Hrs,647.9,214945,613.7,192639,2.5,3.75,5,6.5,Normal
INDUS,Taunsa,27-Aug-24,12:00 Hrs,446.2,173063,429.8,153563,2.5,3.75,5,6.5,Normal
INDUS,Guddu,27-Aug-24,12:00 Hrs,255,306651,253.2,306093,2,3.5,5,7,Low
INDUS,Sukkar,27-Aug-24,12:00 Hrs,201,358500,200.5,354500,2,3.5,5,7,Medium
INDUS,Kotri,27-Aug-24,12:00 Hrs,68.2,314417,63.8,312617,2.5,4,5,6.5,Low
JHELUM,Kotli,27-Aug-24,12:00 Hrs,-,-,9.2,7160,-,-,-,-,-
JHELUM,Rasul,27-Aug-24,12:00 Hrs,719,3062,691.5,-,0.75,1.1,1.5,2.25,Normal
CHENAB,Marala,27-Aug-24,12:00 Hrs,812,61174,797.6,32924,1,1.5,2,4,Normal
CHENAB,Khanki,27-Aug-24,12:00 Hrs,733,37258,723.2,29297,1,1.5,2,4,Normal
CHENAB,Qadirabad,27-Aug-24,12:00 Hrs,700,20304,683.8,2304,1,1.5,2,4,Normal
CHENAB,Trimmu,27-Aug-24,12:00 Hrs,490.5,33697,483.2,23197,1.5,2,3,4.5,Normal
CHENAB,Punjnad,27-Aug-24,12:00 Hrs,338,54882,333.8,47882,1.5,2,3,4.5,Normal
RAVI,Jassar,27-Aug-24,12:00 Hrs,-,-,776,2129,0.5,0.75,1,1.5,Normal
RAVI,Shahdara,27-Aug-24,12:00 Hrs,-,-,673.4,15353,0.4,0.65,0.9,1.35,Normal
RAVI,Balloki,27-Aug-24,12:00 Hrs,633.5,37690,619,9265,0.4,0.65,0.9,1.35,Normal
RAVI,Sidhnai,27-Aug-24,12:00 Hrs,467,19005,456.2,6805,0.3,0.45,0.6,0.9,Normal
SUTLEJ,Bhakara**,27-Aug-24,12:00 Hrs,-,-,-,-,-,-,-,-,-
SUTLEJ,Sulemanki,27-Aug-24,12:00 Hrs,569,14515,558.7,3002,0.5,0.8,1.2,1.75,Normal
SUTLEJ,Islam,27-Aug-24,12:00 Hrs,455,8477,440.25,7027,0.5,0.8,1.2,1.75,Normal
INDUS,khairabad,27-Aug-24,18:00 Hrs,-,-,22.4,266600,2.25,3.75,5,6.5,Low
INDUS,Kalabagh,27-Aug-24,18:00 Hrs,693.5,204365,680,198525,2.5,3.75,5,6.5,Normal
INDUS,Chashma,27-Aug-24,18:00 Hrs,648,213704,613.9,191998,2.5,3.75,5,6.5,Normal
INDUS,Taunsa,27-Aug-24,18:00 Hrs,446,186893,430,170393,2.5,3.75,5,6.5,Normal
INDUS,Guddu,27-Aug-24,18:00 Hrs,255,287835,252.9,287277,2,3.5,5,7,Low
INDUS,Sukkar,27-Aug-24,18:00 Hrs,200.9,354150,200.45,350150,2,3.5,5,7,Medium
INDUS,Kotri,27-Aug-24,18:00 Hrs,68.2,314417,63.8,312617,2.5,4,5,6.5,Low
JHELUM,Kotli,27-Aug-24,18:00 Hrs,-,-,8.9,6180,-,-,-,-,-
JHELUM,Rasul,27-Aug-24,18:00 Hrs,719,3162,691.5,-,0.75,1.1,1.5,2.25,Normal
CHENAB,Marala,27-Aug-24,18:00 Hrs,812,61074,797.6,32574,1,1.5,2,4,Normal
CHENAB,Khanki,27-Aug-24,18:00 Hrs,733,41398,723.6,33474,1,1.5,2,4,Normal
CHENAB,Qadirabad,27-Aug-24,18:00 Hrs,700,28924,685.7,10924,1,1.5,2,4,Normal
CHENAB,Trimmu,27-Aug-24,18:00 Hrs,490.5,34383,483.2,23197,1.5,2,3,4.5,Normal
CHENAB,Punjnad,27-Aug-24,18:00 Hrs,338,53382,333.8,47882,1.5,2,3,4.5,Normal
RAVI,Jassar,27-Aug-24,18:00 Hrs,-,-,776,2129,0.5,0.75,1,1.5,Normal
RAVI,Shahdara,27-Aug-24,18:00 Hrs,-,-,673.4,15353,0.4,0.65,0.9,1.35,Normal
RAVI,Balloki,27-Aug-24,18:00 Hrs,633.5,37420,619.2,10420,0.4,0.65,0.9,1.35,Normal
RAVI,Sidhnai,27-Aug-24,18:00 Hrs,467,19189,456.7,8389,0.3,0.45,0.6,0.9,Normal
SUTLEJ,Bhakara**,27-Aug-24,18:00 Hrs,-,-,-,-,-,-,-,-,-
SUTLEJ,Sulemanki,27-Aug-24,18:00 Hrs,569,16052,559.3,5945,0.5,0.8,1.2,1.75,Normal
SUTLEJ,Islam,27-Aug-24,18:00 Hrs,455,8477,440.25,7027,0.5,0.8,1.2,1.75,Normal
INDUS,khairabad,27-Aug-24,23:59 Hrs,-,-,14.9,178100,2.25,3.75,5,6.5,Normal
INDUS,Kalabagh,27-Aug-24,23:59 Hrs,693.5,213657,680.2,207817,2.5,3.75,5,6.5,Normal
INDUS,Chashma,27-Aug-24,23:59 Hrs,648.4,216847,613.9,192995,2.5,3.75,5,6.5,Normal
INDUS,Taunsa,27-Aug-24,23:59 Hrs,446,186893,430,170393,2.5,3.75,5,6.5,Normal
INDUS,Guddu,27-Aug-24,23:59 Hrs,255,287835,252.9,287277,2,3.5,5,7,Low
INDUS,Sukkar,27-Aug-24,23:59 Hrs,200.9,354150,200.45,350150,2,3.5,5,7,Medium
INDUS,Kotri,27-Aug-24,23:59 Hrs,68.2,314417,63.8,312617,2.5,4,5,6.5,Low
JHELUM,Kotli,27-Aug-24,23:59 Hrs,-,-,8.8,5870,-,-,-,-,-
JHELUM,Rasul,27-Aug-24,23:59 Hrs,719,8503,694,5341,0.75,1.1,1.5,2.25,Normal
CHENAB,Marala,27-Aug-24,23:59 Hrs,812,61424,797.6,32924,1,1.5,2,4,Normal
CHENAB,Khanki,27-Aug-24,23:59 Hrs,733,41398,723.6,33474,1,1.5,2,4,Normal
CHENAB,Qadirabad,27-Aug-24,23:59 Hrs,700,31525,686,13525,1,1.5,2,4,Normal
CHENAB,Trimmu,27-Aug-24,23:59 Hrs,490.5,34397,483.2,23197,1.5,2,3,4.5,Normal
CHENAB,Punjnad,27-Aug-24,23:59 Hrs,338.2,55781,334.75,50781,1.5,2,3,4.5,Normal
RAVI,Jassar,27-Aug-24,23:59 Hrs,-,-,777,4660,0.5,0.75,1,1.5,Normal
RAVI,Shahdara,27-Aug-24,23:59 Hrs,-,-,673.4,15353,0.4,0.65,0.9,1.35,Normal
RAVI,Balloki,27-Aug-24,23:59 Hrs,633.5,38675,621,17375,0.4,0.65,0.9,1.35,Normal
RAVI,Sidhnai,27-Aug-24,23:59 Hrs,467,19991,458.1,12991,0.3,0.45,0.6,0.9,Normal
SUTLEJ,Bhakara**,27-Aug-24,23:59 Hrs,-,-,-,-,-,-,-,-,-
SUTLEJ,Sulemanki,27-Aug-24,23:59 Hrs,569,16052,559.3,5945,0.5,0.8,1.2,1.75,Normal
SUTLEJ,Islam,27-Aug-24,23:59 Hrs,455,7452,440.3,7452,0.5,0.8,1.2,1.75,Normal
INDUS,khairabad,28-Aug-24,06:00 Hrs,-,-,13.7,165000,2.25,3.75,5,6.5,Normal
INDUS,Kalabagh,28-Aug-24,06:00 Hrs,693.5,235886,680.5,230046,2.5,3.75,5,6.5,Normal
INDUS,Chashma,28-Aug-24,06:00 Hrs,648.6,213046,613.9,192240,2.5,3.75,5,6.5,Normal
INDUS,Taunsa,28-Aug-24,06:00 Hrs,446,179032,429.9,163532,2.5,3.75,5,6.5,Normal
INDUS,Guddu,28-Aug-24,06:00 Hrs,254.8,277957,252.8,277957,2,3.5,5,7,Low
INDUS,Sukkar,28-Aug-24,06:00 Hrs,200.8,311470,200.4,307470,2,3.5,5,7,Low
INDUS,Kotri,28-Aug-24,06:00 Hrs,68.1,322451,64,320801,2.5,4,5,6.5,Low
JHELUM,Kotli,28-Aug-24,06:00 Hrs,-,-,8.8,5870,-,-,-,-,-
JHELUM,Rasul,28-Aug-24,06:00 Hrs,719,15057,696,11895,0.75,1.1,1.5,2.25,Normal
CHENAB,Marala,28-Aug-24,06:00 Hrs,812,61424,797.6,32924,1,1.5,2,4,Normal
CHENAB,Khanki,28-Aug-24,06:00 Hrs,733,45563,725.6,37639,1,1.5,2,4,Normal
CHENAB,Qadirabad,28-Aug-24,06:00 Hrs,700,36694,686.2,18694,1,1.5,2,4,Normal
CHENAB,Trimmu,28-Aug-24,06:00 Hrs,490.5,34397,483.2,23197,1.5,2,3,4.5,Normal
CHENAB,Punjnad,28-Aug-24,06:00 Hrs,338,54717,334.6,49717,1.5,2,3,4.5,Normal
RAVI,Jassar,28-Aug-24,06:00 Hrs,-,-,778.3,7101,0.5,0.75,1,1.5,Normal
RAVI,Shahdara,28-Aug-24,06:00 Hrs,-,-,673.4,15353,0.4,0.65,0.9,1.35,Normal
RAVI,Balloki,28-Aug-24,06:00 Hrs,633.5,40485,621.5,19685,0.4,0.65,0.9,1.35,Normal
RAVI,Sidhnai,28-Aug-24,06:00 Hrs,467,21219,458.2,14219,0.3,0.45,0.6,0.9,Normal
SUTLEJ,Bhakara**,28-Aug-24,06:00 Hrs,-,-,-,-,-,-,-,-,-
SUTLEJ,Sulemanki,28-Aug-24,06:00 Hrs,569,17052,561.2,11642,0.5,0.8,1.2,1.75,Normal
SUTLEJ,Islam,28-Aug-24,06:00 Hrs,455,7452,440.3,7452,0.5,0.8,1.2,1.75,Normal
INDUS,khairabad,28-Aug-24,12:00 Hrs,-,-,20.5,243100,2.25,3.75,5,6.5,Low
INDUS,Kalabagh,28-Aug-24,12:00 Hrs,693.5,211205,680.6,236305,2.5,3.75,5,6.5,Normal
INDUS,Chashma,28-Aug-24,12:00 Hrs,648.8,213248,613.9,189996,2.5,3.75,5,6.5,Normal
INDUS,Taunsa,28-Aug-24,12:00 Hrs,446,179032,429.9,163532,2.5,3.75,5,6.5,Normal
INDUS,Guddu,28-Aug-24,12:00 Hrs,254.8,261115,252.5,261115,2,3.5,5,7,Low
INDUS,Sukkar,28-Aug-24,12:00 Hrs,200.8,311470,200.4,307470,2,3.5,5,7,Low
INDUS,Kotri,28-Aug-24,12:00 Hrs,68.1,322451,64,320801,2.5,4,5,6.5,Low
JHELUM,Kotli,28-Aug-24,12:00 Hrs,-,-,9,6500,-,-,-,-,-
JHELUM,Rasul,28-Aug-24,12:00 Hrs,719,3162,691.5,-,0.75,1.1,1.5,2.25,Normal
CHENAB,Marala,28-Aug-24,12:00 Hrs,812,50718,796.8,22218,1,1.5,2,4,Normal
CHENAB,Khanki,28-Aug-24,12:00 Hrs,733,45376,723.9,37639,1,1.5,2,4,Normal
CHENAB,Qadirabad,28-Aug-24,12:00 Hrs,700,32794,686.1,14794,1,1.5,2,4,Normal
CHENAB,Trimmu,28-Aug-24,12:00 Hrs,490.5,31626,482.7,20426,1.5,2,3,4.5,Normal
CHENAB,Punjnad,28-Aug-24,12:00 Hrs,338,54117,334.6,49717,1.5,2,3,4.5,Normal
RAVI,Jassar,28-Aug-24,12:00 Hrs,-,-,781,16700,0.5,0.75,1,1.5,Normal
RAVI,Shahdara,28-Aug-24,12:00 Hrs,-,-,673.4,15353,0.4,0.65,0.9,1.35,Normal
RAVI,Balloki,28-Aug-24,12:00 Hrs,633.5,40485,621.5,19685,0.4,0.65,0.9,1.35,Normal
RAVI,Sidhnai,28-Aug-24,12:00 Hrs,467,22031,458.4,15531,0.3,0.45,0.6,0.9,Normal
SUTLEJ,Bhakara**,28-Aug-24,12:00 Hrs,-,-,-,-,-,-,-,-,-
SUTLEJ,Sulemanki,28-Aug-24,12:00 Hrs,569,17052,561.2,11642,0.5,0.8,1.2,1.75,Normal
SUTLEJ,Islam,28-Aug-24,12:00 Hrs,455,7452,440.3,7452,0.5,0.8,1.2,1.75,Normal
INDUS,khairabad,28-Aug-24,18:00 Hrs,-,-,18.5,219100,2.25,3.75,5,6.5,Normal
INDUS,Kalabagh,28-Aug-24,18:00 Hrs,693.5,224246,680.4,219406,2.5,3.75,5,6.5,Normal
INDUS,Chashma,28-Aug-24,18:00 Hrs,648.6,270878,614.6,253422,2.5,3.75,5,6.5,Low
INDUS,Taunsa,28-Aug-24,18:00 Hrs,446,184516,430,169016,2.5,3.75,5,6.5,Normal
INDUS,Guddu,28-Aug-24,18:00 Hrs,254.8,245620,252.5,243620,2,3.5,5,7,Low
INDUS,Sukkar,28-Aug-24,18:00 Hrs,200.7,301220,200.35,297220,2,3.5,5,7,Low
INDUS,Kotri,28-Aug-24,18:00 Hrs,68.1,322451,64,321801,2.5,4,5,6.5,Low
JHELUM,Kotli,28-Aug-24,18:00 Hrs,-,-,8.8,5870,-,-,-,-,-
JHELUM,Rasul,28-Aug-24,18:00 Hrs,719,7803,694,5341,0.75,1.1,1.5,2.25,Normal
CHENAB,Marala,28-Aug-24,18:00 Hrs,812,51068,796.8,22218,1,1.5,2,4,Normal
CHENAB,Khanki,28-Aug-24,18:00 Hrs,733,45178,723.9,37639,1,1.5,2,4,Normal
CHENAB,Qadirabad,28-Aug-24,18:00 Hrs,700,39187,686.6,21187,1,1.5,2,4,Normal
CHENAB,Trimmu,28-Aug-24,18:00 Hrs,490.5,31626,482.7,20426,1.5,2,3,4.5,Normal
CHENAB,Punjnad,28-Aug-24,18:00 Hrs,338,54205,334.9,49605,1.5,2,3,4.5,Normal
RAVI,Jassar,28-Aug-24,18:00 Hrs,-,-,780.4,14223,0.5,0.75,1,1.5,Normal
RAVI,Shahdara,28-Aug-24,18:00 Hrs,-,-,673.4,15353,0.4,0.65,0.9,1.35,Normal
RAVI,Balloki,28-Aug-24,18:00 Hrs,633.5,42035,621.7,20835,0.4,0.65,0.9,1.35,Normal
RAVI,Sidhnai,28-Aug-24,18:00 Hrs,467,22743,458.8,17248,0.3,0.45,0.6,0.9,Normal
SUTLEJ,Bhakara**,28-Aug-24,18:00 Hrs,-,-,-,-,-,-,-,-,-
SUTLEJ,Sulemanki,28-Aug-24,18:00 Hrs,569,16849,561.2,11642,0.5,0.8,1.2,1.75,Normal
SUTLEJ,Islam,28-Aug-24,18:00 Hrs,455,7452,440.3,7452,0.5,0.8,1.2,1.75,Normal
INDUS,khairabad,28-Aug-24,23:59 Hrs,-,-,13.2,159700,2.25,3.75,5,6.5,Normal
INDUS,Kalabagh,28-Aug-24,23:59 Hrs,693.5,240965,680.7,236525,2.5,3.75,5,6.5,Normal
INDUS,Chashma,28-Aug-24,23:59 Hrs,648.5,282270,615.5,262168,2.5,3.75,5,6.5,Low
INDUS,Taunsa,28-Aug-24,23:59 Hrs,446,184516,430,169016,2.5,3.75,5,6.5,Normal
INDUS,Guddu,28-Aug-24,23:59 Hrs,254.8,245620,252.5,243620,2,3.5,5,7,Low
INDUS,Sukkar,28-Aug-24,23:59 Hrs,200.7,301220,200.35,297220,2,3.5,5,7,Low
INDUS,Kotri,28-Aug-24,23:59 Hrs,68.1,322451,64,320801,2.5,4,5,6.5,Low
JHELUM,Kotli,28-Aug-24,23:59 Hrs,-,-,9,6500,-,-,-,-,-
JHELUM,Rasul,28-Aug-24,23:59 Hrs,719,7603,694,5341,0.75,1.1,1.5,2.25,Normal
CHENAB,Marala,28-Aug-24,23:59 Hrs,812,40362,795.4,11512,1,1.5,2,4,Normal
CHENAB,Khanki,28-Aug-24,23:59 Hrs,733,36836,723.2,29297,1,1.5,2,4,Normal
CHENAB,Qadirabad,28-Aug-24,23:59 Hrs,700,32794,686.1,14794,1,1.5,2,4,Normal
CHENAB,Trimmu,28-Aug-24,23:59 Hrs,490.5,31626,482.7,20426,1.5,2,3,4.5,Normal
CHENAB,Punjnad,28-Aug-24,23:59 Hrs,338,54205,334.9,49605,1.5,2,3,4.5,Normal
RAVI,Jassar,28-Aug-24,23:59 Hrs,-,-,779.6,11081,0.5,0.75,1,1.5,Normal
RAVI,Shahdara,28-Aug-24,23:59 Hrs,-,-,673.8,16985,0.4,0.65,0.9,1.35,Normal
RAVI,Balloki,28-Aug-24,23:59 Hrs,633.5,42035,621.7,20835,0.4,0.65,0.9,1.35,Normal
RAVI,Sidhnai,28-Aug-24,23:59 Hrs,467,22748,458.8,17248,0.3,0.45,0.6,0.9,Normal
SUTLEJ,Bhakara**,28-Aug-24,23:59 Hrs,-,-,-,-,-,-,-,-,-
SUTLEJ,Sulemanki,28-Aug-24,23:59 Hrs,569,16849,561.2,11642,0.5,0.8,1.2,1.75,Normal
SUTLEJ,Islam,28-Aug-24,23:59 Hrs,455,7952,440.3,7452,0.5,0.8,1.2,1.75,Normal
INDUS,khairabad,29-Aug-24,06:00 Hrs,-,-,14,168300,2.25,3.75,5,6.5,Normal
INDUS,Kalabagh,29-Aug-24,06:00 Hrs,693.5,244663,680.8,240823,2.5,3.75,5,6.5,Normal
INDUS,Chashma,29-Aug-24,06:00 Hrs,648.5,245886,615.3,225784,2.5,3.75,5,6.5,Normal
INDUS,Taunsa,29-Aug-24,06:00 Hrs,446,184469,430,168969,2.5,3.75,5,6.5,Normal
INDUS,Guddu,29-Aug-24,06:00 Hrs,255.9,228081,252.2,226081,2,3.5,5,7,Low
INDUS,Sukkar,29-Aug-24,06:00 Hrs,200.2,271790,199.6,267790,2,3.5,5,7,Low
INDUS,Kotri,29-Aug-24,06:00 Hrs,68,331617,64.4,330667,2.5,4,5,6.5,Low
JHELUM,Kotli,29-Aug-24,06:00 Hrs,-,-,9.2,7160,-,-,-,-,-
JHELUM,Rasul,29-Aug-24,06:00 Hrs,719,2262,691.5,-,0.75,1.1,1.5,2.25,Normal
CHENAB,Marala,29-Aug-24,06:00 Hrs,812,51068,796.8,22218,1,1.5,2,4,Normal
CHENAB,Khanki,29-Aug-24,06:00 Hrs,733,32689,722.6,25150,1,1.5,2,4,Normal
CHENAB,Qadirabad,29-Aug-24,06:00 Hrs,700,28924,685.7,10924,1,1.5,2,4,Normal
CHENAB,Trimmu,29-Aug-24,06:00 Hrs,490.5,29170,482.1,17970,1.5,2,3,4.5,Normal
CHENAB,Punjnad,29-Aug-24,06:00 Hrs,338,54205,334.9,39605,1.5,2,3,4.5,Normal
RAVI,Jassar,29-Aug-24,06:00 Hrs,-,-,779.6,11081,0.5,0.75,1,1.5,Normal
RAVI,Shahdara,29-Aug-24,06:00 Hrs,-,-,674.6,21191,0.4,0.65,0.9,1.35,Normal
RAVI,Balloki,29-Aug-24,06:00 Hrs,633.5,42035,621.7,20835,0.4,0.65,0.9,1.35,Normal
RAVI,Sidhnai,29-Aug-24,06:00 Hrs,467,22748,458.8,17248,0.3,0.45,0.6,0.9,Normal
SUTLEJ,Bhakara**,29-Aug-24,06:00 Hrs,-,-,-,-,-,-,-,-,-
SUTLEJ,Sulemanki,29-Aug-24,06:00 Hrs,569,14907,560.9,10100,0.5,0.8,1.2,1.75,Normal
SUTLEJ,Islam,29-Aug-24,06:00 Hrs,455,7952,440.3,7452,0.5,0.8,1.2,1.75,Normal
INDUS,khairabad,29-Aug-24,12:00 Hrs,-,-,22.4,266600,2.25,3.75,5,6.5,Low
INDUS,Kalabagh,29-Aug-24,12:00 Hrs,693,216577,680,212737,2.5,3.75,5,6.5,Normal
INDUS,Chashma,29-Aug-24,12:00 Hrs,648.5,253768,614.9,233666,2.5,3.75,5,6.5,Normal
INDUS,Taunsa,29-Aug-24,12:00 Hrs,446,185969,430,168969,2.5,3.75,5,6.5,Normal
INDUS,Guddu,29-Aug-24,12:00 Hrs,256.2,225919,252.2,220908,2,3.5,5,7,Low
INDUS,Sukkar,29-Aug-24,12:00 Hrs,200.2,264050,199.5,260050,2,3.5,5,7,Low
INDUS,Kotri,29-Aug-24,12:00 Hrs,68,331617,64.4,330667,2.5,4,5,6.5,Low
JHELUM,Kotli,29-Aug-24,12:00 Hrs,-,-,9.4,7850,-,-,-,-,-
JHELUM,Rasul,29-Aug-24,12:00 Hrs,719,7153,694,5341,0.75,1.1,1.5,2.25,Normal
CHENAB,Marala,29-Aug-24,12:00 Hrs,812,51068,796.8,22218,1,1.5,2,4,Normal
CHENAB,Khanki,29-Aug-24,12:00 Hrs,733,30498,723.3,22959,1,1.5,2,4,Normal
CHENAB,Qadirabad,29-Aug-24,12:00 Hrs,700,23933,684.6,5933,1,1.5,2,4,Normal
CHENAB,Trimmu,29-Aug-24,12:00 Hrs,490.5,29170,482.1,17970,1.5,2,3,4.5,Normal
CHENAB,Punjnad,29-Aug-24,12:00 Hrs,338,55458,335.1,50708,1.5,2,3,4.5,Normal
RAVI,Jassar,29-Aug-24,12:00 Hrs,-,-,778.3,7101,0.5,0.75,1,1.5,Normal
RAVI,Shahdara,29-Aug-24,12:00 Hrs,-,-,674.6,21756,0.4,0.65,0.9,1.35,Normal
RAVI,Balloki,29-Aug-24,12:00 Hrs,633.5,43820,622,22620,0.4,0.65,0.9,1.35,Normal
RAVI,Sidhnai,29-Aug-24,12:00 Hrs,467,22748,458.8,17248,0.3,0.45,0.6,0.9,Normal
SUTLEJ,Bhakara**,29-Aug-24,12:00 Hrs,-,-,-,-,-,-,-,-,-
SUTLEJ,Sulemanki,29-Aug-24,12:00 Hrs,569,14907,560.9,10100,0.5,0.8,1.2,1.75,Normal
SUTLEJ,Islam,29-Aug-24,12:00 Hrs,455,6700,439.45,6200,0.5,0.8,1.2,1.75,Normal
INDUS,khairabad,29-Aug-24,18:00 Hrs,-,-,14.2,170400,2.25,3.75,5,6.5,Normal
INDUS,Kalabagh,29-Aug-24,18:00 Hrs,693,194455,680,190815,2.5,3.75,5,6.5,Normal
INDUS,Chashma,29-Aug-24,18:00 Hrs,648.5,274622,615,253370,2.5,3.75,5,6.5,Low
INDUS,Taunsa,29-Aug-24,18:00 Hrs,446,196918,430.2,179918,2.5,3.75,5,6.5,Normal
INDUS,Guddu,29-Aug-24,18:00 Hrs,256.2,225919,252.2,220908,2,3.5,5,7,Low
INDUS,Sukkar,29-Aug-24,18:00 Hrs,200.2,253170,199.3,249170,2,3.5,5,7,Low
INDUS,Kotri,29-Aug-24,18:00 Hrs,68,331617,64.4,330667,2.5,4,5,6.5,Low
JHELUM,Kotli,29-Aug-24,18:00 Hrs,-,-,9.6,8570,-,-,-,-,-
JHELUM,Rasul,29-Aug-24,18:00 Hrs,719,6703,694,5341,0.75,1.1,1.5,2.25,Normal
CHENAB,Marala,29-Aug-24,18:00 Hrs,812,45715,796.5,16415,1,1.5,2,4,Normal
CHENAB,Khanki,29-Aug-24,18:00 Hrs,733,32575,722.3,25510,1,1.5,2,4,Normal
CHENAB,Qadirabad,29-Aug-24,18:00 Hrs,700,18000,683.5,Nil,1,1.5,2,4,Normal
CHENAB,Trimmu,29-Aug-24,18:00 Hrs,490.5,30537,482.5,19337,1.5,2,3,4.5,Normal
CHENAB,Punjnad,29-Aug-24,18:00 Hrs,338,55908,335.1,50708,1.5,2,3,4.5,Normal
RAVI,Jassar,29-Aug-24,18:00 Hrs,-,-,778,6353,0.5,0.75,1,1.5,Normal
RAVI,Shahdara,29-Aug-24,18:00 Hrs,-,-,674.7,21756,0.4,0.65,0.9,1.35,Normal
RAVI,Balloki,29-Aug-24,18:00 Hrs,633.5,44320,622,22620,0.4,0.65,0.9,1.35,Normal
RAVI,Sidhnai,29-Aug-24,18:00 Hrs,467,22748,458.8,17248,0.3,0.45,0.6,0.9,Normal
SUTLEJ,Bhakara**,29-Aug-24,18:00 Hrs,-,-,-,-,-,-,-,-,-
SUTLEJ,Sulemanki,29-Aug-24,18:00 Hrs,569,15242,560.8,10034,0.5,0.8,1.2,1.75,Normal
SUTLEJ,Islam,29-Aug-24,18:00 Hrs,455,6700,439.45,6200,0.5,0.8,1.2,1.75,Normal
INDUS,khairabad,29-Aug-24,23:59 Hrs,-,-,22.4,266600,2.25,3.75,5,6.5,Low
INDUS,Kalabagh,29-Aug-24,23:59 Hrs,693.5,251118,680.8,247478,2.5,3.75,5,6.5,Normal
INDUS,Chashma,29-Aug-24,23:59 Hrs,648.5,260391,614.9,237759,2.5,3.75,5,6.5,Normal
INDUS,Taunsa,29-Aug-24,23:59 Hrs,446,196918,430.2,179918,2.5,3.75,5,6.5,Normal
INDUS,Guddu,29-Aug-24,23:59 Hrs,256.2,225919,252.2,220908,2,3.5,5,7,Low
INDUS,Sukkar,29-Aug-24,23:59 Hrs,200.2,253170,199.3,249170,2,3.5,5,7,Low
INDUS,Kotri,29-Aug-24,23:59 Hrs,68,331617,64.4,330667,2.5,4,5,6.5,Low
JHELUM,Kotli,29-Aug-24,23:59 Hrs,-,-,9.9,9710,-,-,-,-,-
JHELUM,Rasul,29-Aug-24,23:59 Hrs,719,8252,694.8,7990,0.75,1.1,1.5,2.25,Normal
CHENAB,Marala,29-Aug-24,23:59 Hrs,812,51518,796.8,22218,1,1.5,2,4,Normal
CHENAB,Khanki,29-Aug-24,23:59 Hrs,733,36597,723,29592,1,1.5,2,4,Normal
CHENAB,Qadirabad,29-Aug-24,23:59 Hrs,700,21543,684,3543,1,1.5,2,4,Normal
CHENAB,Trimmu,29-Aug-24,23:59 Hrs,490.5,30537,482.5,19337,1.5,2,3,4.5,Normal
CHENAB,Punjnad,29-Aug-24,23:59 Hrs,338,55908,335.1,50708,1.5,2,3,4.5,Normal
RAVI,Jassar,29-Aug-24,23:59 Hrs,-,-,778.3,7101,0.5,0.75,1,1.5,Normal
RAVI,Shahdara,29-Aug-24,23:59 Hrs,-,-,674.5,20626,0.4,0.65,0.9,1.35,Normal
RAVI,Balloki,29-Aug-24,23:59 Hrs,633.5,47160,622.8,25460,0.4,0.65,0.9,1.35,Normal
RAVI,Sidhnai,29-Aug-24,23:59 Hrs,467,26119,459,20619,0.3,0.45,0.6,0.9,Normal
SUTLEJ,Bhakara**,29-Aug-24,23:59 Hrs,-,-,-,-,-,-,-,-,-
SUTLEJ,Sulemanki,29-Aug-24,23:59 Hrs,569,14907,560.9,10100,0.5,0.8,1.2,1.75,Normal
SUTLEJ,Islam,29-Aug-24,23:59 Hrs,455,5928,439.35,5028,0.5,0.8,1.2,1.75,Normal
INDUS,khairabad,30-Aug-24,06:00 Hrs,-,-,13.8,166100,2.25,3.75,5,6.5,Normal
INDUS,Kalabagh,30-Aug-24,06:00 Hrs,693.2,204904,680.2,201264,2.5,3.75,5,6.5,Normal
INDUS,Chashma,30-Aug-24,06:00 Hrs,648.5,247581,614.4,224881,2.5,3.75,5,6.5,Normal
INDUS,Taunsa,30-Aug-24,06:00 Hrs,446,216339,430.6,199339,2.5,3.75,5,6.5,Normal
INDUS,Guddu,30-Aug-24,06:00 Hrs,256.8,192964,251.3,187953,2,3.5,5,7,Normal
INDUS,Sukkar,30-Aug-24,06:00 Hrs,200.2,231875,199.4,226275,2,3.5,5,7,Low
INDUS,Kotri,30-Aug-24,06:00 Hrs,68,334289,64.6,333039,2.5,4,5,6.5,Low
JHELUM,Kotli,30-Aug-24,06:00 Hrs,-,-,10.4,11760,-,-,-,-,-
JHELUM,Rasul,30-Aug-24,06:00 Hrs,719,5703,694,5341,0.75,1.1,1.5,2.25,Normal
CHENAB,Marala,30-Aug-24,06:00 Hrs,812,51518,796.8,22218,1,1.5,2,4,Normal
CHENAB,Khanki,30-Aug-24,06:00 Hrs,733,36597,723,29592,1,1.5,2,4,Normal
CHENAB,Qadirabad,30-Aug-24,06:00 Hrs,700,26492,685,8492,1,1.5,2,4,Normal
CHENAB,Trimmu,30-Aug-24,06:00 Hrs,490.5,30537,482.5,19337,1.5,2,3,4.5,Normal
CHENAB,Punjnad,30-Aug-24,06:00 Hrs,338,55528,334.8,50328,1.5,2,3,4.5,Normal
RAVI,Jassar,30-Aug-24,06:00 Hrs,-,-,778.3,7101,0.5,0.75,1,1.5,Normal
RAVI,Shahdara,30-Aug-24,06:00 Hrs,-,-,674.3,19496,0.4,0.65,0.9,1.35,Normal
RAVI,Balloki,30-Aug-24,06:00 Hrs,633.5,50620,623.5,28920,0.4,0.65,0.9,1.35,Normal
RAVI,Sidhnai,30-Aug-24,06:00 Hrs,467,26697,459.6,21197,0.3,0.45,0.6,0.9,Normal
SUTLEJ,Bhakara**,30-Aug-24,06:00 Hrs,-,-,-,-,-,-,-,-,-
SUTLEJ,Sulemanki,30-Aug-24,06:00 Hrs,569,15707,560.2,10501,0.5,0.8,1.2,1.75,Normal
SUTLEJ,Islam,30-Aug-24,06:00 Hrs,455,5928,439.35,5028,0.5,0.8,1.2,1.75,Normal
INDUS,khairabad,30-Aug-24,12:00 Hrs,-,-,13.6,164000,2.25,3.75,5,6.5,Normal
INDUS,Kalabagh,30-Aug-24,12:00 Hrs,693,240066,680.7,236426,2.5,3.75,5,6.5,Normal
INDUS,Chashma,30-Aug-24,12:00 Hrs,648.5,240850,614.3,,2.5,3.75,5,6.5,Normal
INDUS,Taunsa,30-Aug-24,12:00 Hrs,446,226117,430.8,210117,2.5,3.75,5,6.5,Normal
INDUS,Guddu,30-Aug-24,12:00 Hrs,256.8,191464,251.3,187953,2,3.5,5,7,Normal
INDUS,Sukkar,30-Aug-24,12:00 Hrs,200.2,217950,199.2,210550,2,3.5,5,7,Low
INDUS,Kotri,30-Aug-24,12:00 Hrs,67.7,336868,64.9,335618,2.5,4,5,6.5,Low
JHELUM,Kotli,30-Aug-24,12:00 Hrs,-,-,11,14460,-,-,-,-,-
JHELUM,Rasul,30-Aug-24,12:00 Hrs,719,23972,698,23610,0.75,1.1,1.5,2.25,Normal
CHENAB,Marala,30-Aug-24,12:00 Hrs,812,56471,797.4,27571,1,1.5,2,4,Normal
CHENAB,Khanki,30-Aug-24,12:00 Hrs,733,38490,723.2,31733,1,1.5,2,4,Normal
CHENAB,Qadirabad,30-Aug-24,12:00 Hrs,700,28924,685.7,10924,1,1.5,2,4,Normal
CHENAB,Trimmu,30-Aug-24,12:00 Hrs,490.5,29170,482.1,17970,1.5,2,3,4.5,Normal
CHENAB,Punjnad,30-Aug-24,12:00 Hrs,338,55528,334.8,50328,1.5,2,3,4.5,Normal
RAVI,Jassar,30-Aug-24,12:00 Hrs,-,-,777.2,4999,0.5,0.75,1,1.5,Normal
RAVI,Shahdara,30-Aug-24,12:00 Hrs,-,-,674.3,19496,0.4,0.65,0.9,1.35,Normal
RAVI,Balloki,30-Aug-24,12:00 Hrs,633.5,50620,623.5,28920,0.4,0.65,0.9,1.35,Normal
RAVI,Sidhnai,30-Aug-24,12:00 Hrs,467,29336,459.5,23836,0.3,0.45,0.6,0.9,Normal
SUTLEJ,Bhakara**,30-Aug-24,12:00 Hrs,-,-,-,-,-,-,-,-,-
SUTLEJ,Sulemanki,30-Aug-24,12:00 Hrs,569,15707,560.2,10501,0.5,0.8,1.2,1.75,Normal
SUTLEJ,Islam,30-Aug-24,12:00 Hrs,455,4940,438.95,3940,0.5,0.8,1.2,1.75,Normal
INDUS,khairabad,30-Aug-24,18:00 Hrs,-,-,22,261600,2.25,3.75,5,6.5,Low
INDUS,Kalabagh,30-Aug-24,18:00 Hrs,693,200421,680,196781,2.5,3.75,5,6.5,Normal
INDUS,Chashma,30-Aug-24,18:00 Hrs,648.5,243550,614.5,220850,2.5,3.75,5,6.5,Normal
INDUS,Taunsa,30-Aug-24,18:00 Hrs,446,218365,430.7,202465,2.5,3.75,5,6.5,Normal
INDUS,Guddu,30-Aug-24,18:00 Hrs,256.8,193569,251.3,187953,2,3.5,5,7,Normal
INDUS,Sukkar,30-Aug-24,18:00 Hrs,200.2,210660,199.1,202780,2,3.5,5,7,Low
INDUS,Kotri,30-Aug-24,18:00 Hrs,67.7,337218,64.9,335618,2.5,4,5,6.5,Low
JHELUM,Kotli,30-Aug-24,18:00 Hrs,-,-,11.5,16920,-,-,-,-,-
JHELUM,Rasul,30-Aug-24,18:00 Hrs,719.1,51307,701.4,50945,0.75,1.1,1.5,2.25,Normal
CHENAB,Marala,30-Aug-24,18:00 Hrs,812,67427,798,38277,1,1.5,2,4,Normal
CHENAB,Khanki,30-Aug-24,18:00 Hrs,733,38490,723.2,31733,1,1.5,2,4,Normal
CHENAB,Qadirabad,30-Aug-24,18:00 Hrs,700,28924,685.7,10924,1,1.5,2,4,Normal
CHENAB,Trimmu,30-Aug-24,18:00 Hrs,490.5,30987,482.5,19787,1.5,2,3,4.5,Normal
CHENAB,Punjnad,30-Aug-24,18:00 Hrs,338,56178,334.8,50328,1.5,2,3,4.5,Normal
RAVI,Jassar,30-Aug-24,18:00 Hrs,-,-,777.2,4999,0.5,0.75,1,1.5,Normal
RAVI,Shahdara,30-Aug-24,18:00 Hrs,-,-,674.2,18930,0.4,0.65,0.9,1.35,Normal
RAVI,Balloki,30-Aug-24,18:00 Hrs,633.5,52780,623.7,31080,0.4,0.65,0.9,1.35,Normal
RAVI,Sidhnai,30-Aug-24,18:00 Hrs,467,29336,459.5,23836,0.3,0.45,0.6,0.9,Normal
SUTLEJ,Bhakara**,30-Aug-24,18:00 Hrs,-,-,-,-,-,-,-,-,-
SUTLEJ,Sulemanki,30-Aug-24,18:00 Hrs,569,16108,561.2,10501,0.5,0.8,1.2,1.75,Normal
SUTLEJ,Islam,30-Aug-24,18:00 Hrs,455,4940,438.95,3940,0.5,0.8,1.2,1.75,Normal
INDUS,khairabad,30-Aug-24,23:59 Hrs,-,-,21.8,259100,2.25,3.75,5,6.5,Low
INDUS,Kalabagh,30-Aug-24,23:59 Hrs,693,200421,680,196781,2.5,3.75,5,6.5,Normal
INDUS,Chashma,30-Aug-24,23:59 Hrs,648.5,253785,614.5,231085,2.5,3.75,5,6.5,Normal
INDUS,Taunsa,30-Aug-24,23:59 Hrs,446,218365,430.7,202465,2.5,3.75,5,6.5,Normal
INDUS,Guddu,30-Aug-24,23:59 Hrs,256.8,193569,251.3,187953,2,3.5,5,7,Normal
INDUS,Sukkar,30-Aug-24,23:59 Hrs,200.2,210660,199.1,202780,2,3.5,5,7,Low
INDUS,Kotri,30-Aug-24,23:59 Hrs,67.7,337218,64.9,335618,2.5,4,5,6.5,Low
JHELUM,Kotli,30-Aug-24,23:59 Hrs,-,-,11.7,17950,-,-,-,-,-
JHELUM,Rasul,30-Aug-24,23:59 Hrs,719,67835,702,66960,0.75,1.1,1.5,2.25,Normal
CHENAB,Marala,30-Aug-24,23:59 Hrs,812,67427,798,38277,1,1.5,2,4,Normal
CHENAB,Khanki,30-Aug-24,23:59 Hrs,733,58357,725.4,51600,1,1.5,2,4,Normal
CHENAB,Qadirabad,30-Aug-24,23:59 Hrs,700,36694,686.2,18694,1,1.5,2,4,Normal
CHENAB,Trimmu,30-Aug-24,23:59 Hrs,490.5,30749,482.5,19787,1.5,2,3,4.5,Normal
CHENAB,Punjnad,30-Aug-24,23:59 Hrs,338,56178,334.8,50328,1.5,2,3,4.5,Normal
RAVI,Jassar,30-Aug-24,23:59 Hrs,-,-,777.2,4999,0.5,0.75,1,1.5,Normal
RAVI,Shahdara,30-Aug-24,23:59 Hrs,-,-,674,17800,0.4,0.65,0.9,1.35,Normal
RAVI,Balloki,30-Aug-24,23:59 Hrs,633.5,52780,623.7,31080,0.4,0.65,0.9,1.35,Normal
RAVI,Sidhnai,30-Aug-24,23:59 Hrs,467,30211,459.6,24711,0.3,0.45,0.6,0.9,Normal
SUTLEJ,Bhakara**,30-Aug-24,23:59 Hrs,-,-,-,-,-,-,-,-,-
SUTLEJ,Sulemanki,30-Aug-24,23:59 Hrs,569,16108,561.2,10501,0.5,0.8,1.2,1.75,Normal
SUTLEJ,Islam,30-Aug-24,23:59 Hrs,455,7100,439.45,6200,0.5,0.8,1.2,1.75,Normal
INDUS,khairabad,31-Aug-24,06:00 Hrs,-,-,22.2,264100,2.25,3.75,5,6.5,Low
INDUS,Kalabagh,31-Aug-24,06:00 Hrs,693,231505,680.5,227865,2.5,3.75,5,6.5,Normal
INDUS,Chashma,31-Aug-24,06:00 Hrs,648.5,242631,614.5,219931,2.5,3.75,5,6.5,Normal
INDUS,Taunsa,31-Aug-24,06:00 Hrs,446,218365,430.7,202465,2.5,3.75,5,6.5,Normal
INDUS,Guddu,31-Aug-24,06:00 Hrs,256.8,193514,251.3,187953,2,3.5,5,7,Normal
INDUS,Sukkar,31-Aug-24,06:00 Hrs,200.2,182765,198.8,173165,2,3.5,5,7,Normal
INDUS,Kotri,31-Aug-24,06:00 Hrs,67.7,337218,64.9,335618,2.5,4,5,6.5,Low
JHELUM,Kotli,31-Aug-24,06:00 Hrs,-,-,11.1,14940,-,-,-,-,-
JHELUM,Rasul,31-Aug-24,06:00 Hrs,719,42255,700.5,41380,0.75,1.1,1.5,2.25,Normal
CHENAB,Marala,31-Aug-24,06:00 Hrs,812,72780,798.2,43630,1,1.5,2,4,Normal
CHENAB,Khanki,31-Aug-24,06:00 Hrs,733,61539,725.7,54782,1,1.5,2,4,Normal
CHENAB,Qadirabad,31-Aug-24,06:00 Hrs,700,49291,687.5,31291,1,1.5,2,4,Normal
CHENAB,Trimmu,31-Aug-24,06:00 Hrs,490.5,33920,483.1,24220,1.5,2,3,4.5,Normal
CHENAB,Punjnad,31-Aug-24,06:00 Hrs,338,53082,334.4,47232,1.5,2,3,4.5,Normal
RAVI,Jassar,31-Aug-24,06:00 Hrs,-,-,777.2,4999,0.5,0.75,1,1.5,Normal
RAVI,Shahdara,31-Aug-24,06:00 Hrs,-,-,674,17800,0.4,0.65,0.9,1.35,Normal
RAVI,Balloki,31-Aug-24,06:00 Hrs,633.5,52780,623.7,31080,0.4,0.65,0.9,1.35,Normal
RAVI,Sidhnai,31-Aug-24,06:00 Hrs,467,30211,459.6,24711,0.3,0.45,0.6,0.9,Normal
SUTLEJ,Bhakara**,31-Aug-24,06:00 Hrs,-,-,-,-,-,-,-,-,-
SUTLEJ,Sulemanki,31-Aug-24,06:00 Hrs,569,16580,561.4,11170,0.5,0.8,1.2,1.75,Normal
SUTLEJ,Islam,31-Aug-24,06:00 Hrs,455,7100,439.45,6200,0.5,0.8,1.2,1.75,Normal
INDUS,khairabad,31-Aug-24,12:00 Hrs,-,-,22.2,264100,2.25,3.75,5,6.5,Low
INDUS,Kalabagh,31-Aug-24,12:00 Hrs,693,251220,680.8,247580,2.5,3.75,5,6.5,Normal
INDUS,Chashma,31-Aug-24,12:00 Hrs,648.5,225207,613.9,202507,2.5,3.75,5,6.5,Normal
INDUS,Taunsa,31-Aug-24,12:00 Hrs,446,218365,430.7,202465,2.5,3.75,5,6.5,Normal
INDUS,Guddu,31-Aug-24,12:00 Hrs,256.8,196500,251.3,187953,2,3.5,5,7,Normal
INDUS,Sukkar,31-Aug-24,12:00 Hrs,200.2,182010,198.8,171910,2,3.5,5,7,Normal
INDUS,Kotri,31-Aug-24,12:00 Hrs,67.7,337218,64.9,335618,2.5,4,5,6.5,Low
JHELUM,Kotli,31-Aug-24,12:00 Hrs,-,-,10.6,12630,-,-,-,-,-
JHELUM,Rasul,31-Aug-24,12:00 Hrs,719,42050,700.5,41380,0.75,1.1,1.5,2.25,Normal
CHENAB,Marala,31-Aug-24,12:00 Hrs,812,62324,797.6,32924,1,1.5,2,4,Normal
CHENAB,Khanki,31-Aug-24,12:00 Hrs,733,61539,725.7,54782,1,1.5,2,4,Normal
CHENAB,Qadirabad,31-Aug-24,12:00 Hrs,700,54226,687.9,36226,1,1.5,2,4,Normal
CHENAB,Trimmu,31-Aug-24,12:00 Hrs,490.5,33920,483.1,24220,1.5,2,3,4.5,Normal
CHENAB,Punjnad,31-Aug-24,12:00 Hrs,338,53232,334.4,47232,1.5,2,3,4.5,Normal
RAVI,Jassar,31-Aug-24,12:00 Hrs,-,-,777.4,5337,0.5,0.75,1,1.5,Normal
RAVI,Shahdara,31-Aug-24,12:00 Hrs,-,-,674,17800,0.4,0.65,0.9,1.35,Normal
RAVI,Balloki,31-Aug-24,12:00 Hrs,633.5,52980,623.7,31080,0.4,0.65,0.9,1.35,Normal
RAVI,Sidhnai,31-Aug-24,12:00 Hrs,467,30411,459.6,24711,0.3,0.45,0.6,0.9,Normal
SUTLEJ,Bhakara**,31-Aug-24,12:00 Hrs,-,-,-,-,-,-,-,-,-
SUTLEJ,Sulemanki,31-Aug-24,12:00 Hrs,569,16580,561.4,11170,0.5,0.8,1.2,1.75,Normal
SUTLEJ,Islam,31-Aug-24,12:00 Hrs,455,8787,440.35,7887,0.5,0.8,1.2,1.75,Normal
INDUS,khairabad,31-Aug-24,18:00 Hrs,-,-,13.2,159700,2.25,3.75,5,6.5,Normal
INDUS,Kalabagh,31-Aug-24,18:00 Hrs,693,251519,680.8,247895,2.5,3.75,5,6.5,Normal
INDUS,Chashma,31-Aug-24,18:00 Hrs,648.5,227896,613.9,204946,2.5,3.75,5,6.5,Normal
INDUS,Taunsa,31-Aug-24,18:00 Hrs,446,212251,430.5,192251,2.5,3.75,5,6.5,Normal
INDUS,Guddu,31-Aug-24,18:00 Hrs,256.8,201033,251.3,187953,2,3.5,5,7,Normal
INDUS,Sukkar,31-Aug-24,18:00 Hrs,200.2,182010,198.6,171910,2,3.5,5,7,Normal
INDUS,Kotri,31-Aug-24,18:00 Hrs,67.7,337218,64.9,335618,2.5,4,5,6.5,Low
JHELUM,Kotli,31-Aug-24,18:00 Hrs,-,-,10.3,11340,-,-,-,-,-
JHELUM,Rasul,31-Aug-24,18:00 Hrs,719,16740,697,15800,0.75,1.1,1.5,2.25,Normal
CHENAB,Marala,31-Aug-24,18:00 Hrs,812,56971,797.4,27321,1,1.5,2,4,Normal
CHENAB,Khanki,31-Aug-24,18:00 Hrs,733,63691,726.2,56934,1,1.5,2,4,Normal
CHENAB,Qadirabad,31-Aug-24,18:00 Hrs,700,54226,687.9,36226,1,1.5,2,4,Normal
CHENAB,Trimmu,31-Aug-24,18:00 Hrs,490.5,36150,483.3,26450,1.5,2,3,4.5,Normal
CHENAB,Punjnad,31-Aug-24,18:00 Hrs,338,53232,334.4,47232,1.5,2,3,4.5,Normal
RAVI,Jassar,31-Aug-24,18:00 Hrs,-,-,777.4,5337,0.5,0.75,1,1.5,Normal
RAVI,Shahdara,31-Aug-24,18:00 Hrs,-,-,674,17800,0.4,0.65,0.9,1.35,Normal
RAVI,Balloki,31-Aug-24,18:00 Hrs,633.5,49740,623.1,26640,0.4,0.65,0.9,1.35,Normal
RAVI,Sidhnai,31-Aug-24,18:00 Hrs,467,29696,459.2,21796,0.3,0.45,0.6,0.9,Normal
SUTLEJ,Bhakara**,31-Aug-24,18:00 Hrs,,-,-,-,-,-,-,-,-
SUTLEJ,Sulemanki,31-Aug-24,18:00 Hrs,569,16731,561.4,11170,0.5,0.8,1.2,1.75,Normal
SUTLEJ,Islam,31-Aug-24,18:00 Hrs,455,8887,440.35,7887,0.5,0.8,1.2,1.75,Normal
INDUS,khairabad,31-Aug-24,23:59 Hrs,-,-,16,190300,2.25,3.75,5,6.5,Normal
INDUS,Kalabagh,31-Aug-24,23:59 Hrs,693,230233,680.5,226169,2.5,3.75,5,6.5,Normal
INDUS,Chashma,31-Aug-24,23:59 Hrs,648.5,265691,614.2,242491,2.5,3.75,5,6.5,Normal
INDUS,Taunsa,31-Aug-24,23:59 Hrs,446,212251,430.5,192251,2.5,3.75,5,6.5,Normal
INDUS,Guddu,31-Aug-24,23:59 Hrs,256.8,201033,251.3,187953,2,3.5,5,7,Normal
INDUS,Sukkar,31-Aug-24,23:59 Hrs,200.2,182010,198.6,171910,2,3.5,5,7,Normal
INDUS,Kotri,31-Aug-24,23:59 Hrs,67.7,337218,64.9,335618,2.5,4,5,6.5,Low
JHELUM,Kotli,31-Aug-24,23:59 Hrs,-,-,10.2,10920,-,-,-,-,-
JHELUM,Rasul,31-Aug-24,23:59 Hrs,719,20375,697.3,19705,0.75,1.1,1.5,2.25,Normal
CHENAB,Marala,31-Aug-24,23:59 Hrs,812,56971,797.4,27321,1,1.5,2,4,Normal
CHENAB,Khanki,31-Aug-24,23:59 Hrs,733,68057,726.1,61300,1,1.5,2,4,Normal
CHENAB,Qadirabad,31-Aug-24,23:59 Hrs,700,56762,688.1,38762,1,1.5,2,4,Normal
CHENAB,Trimmu,31-Aug-24,23:59 Hrs,490.5,36315,482.3,26450,1.5,2,3,4.5,Normal
CHENAB,Punjnad,31-Aug-24,23:59 Hrs,338,54732,334.4,47232,1.5,2,3,4.5,Normal
RAVI,Jassar,31-Aug-24,23:59 Hrs,-,-,777.4,5337,0.5,0.75,1,1.5,Normal
RAVI,Shahdara,31-Aug-24,23:59 Hrs,-,-,673.8,16985,0.4,0.65,0.9,1.35,Normal
RAVI,Balloki,31-Aug-24,23:59 Hrs,633.5,50140,623.1,26640,0.4,0.65,0.9,1.35,Normal
RAVI,Sidhnai,31-Aug-24,23:59 Hrs,467,30096,459.2,21796,0.3,0.45,0.6,0.9,Normal
SUTLEJ,Bhakara**,31-Aug-24,23:59 Hrs,,-,-,-,-,-,-,-,-
SUTLEJ,Sulemanki,31-Aug-24,23:59 Hrs,569,16731,561.4,11170,0.5,0.8,1.2,1.75,Normal
SUTLEJ,Islam,31-Aug-24,23:59 Hrs,455,9429,440.45,8329,0.5,0.8,1.2,1.75,Normal
INDUS,khairabad,01-Sept-24,06:00 Hrs,-,-,22.4,266600,2.25,3.75,5,6.5,Low
INDUS,Kalabagh,01-Sept-24,06:00 Hrs,693,206428,680.2,202104,2.5,3.75,5,6.5,Normal
INDUS,Chashma,01-Sept-24,06:00 Hrs,648.5,273650,614.5,250450,2.5,3.75,5,6.5,Low
INDUS,Taunsa,01-Sept-24,06:00 Hrs,446,212251,430.5,192251,2.5,3.75,5,6.5,Normal
INDUS,Guddu,01-Sept-24,06:00 Hrs,256.8,211469,251.5,197386,2,3.5,5,7,Normal
INDUS,Sukkar,01-Sept-24,06:00 Hrs,200.2,182250,198.5,170650,2,3.5,5,7,Normal
INDUS,Kotri,01-Sept-24,06:00 Hrs,67.7,337218,64.9,335618,2.5,4,5,6.5,Low
JHELUM,Kotli,01-Sept-24,06:00 Hrs,-,-,10.3,11340,-,-,-,-,-
JHELUM,Rasul,01-Sept-24,06:00 Hrs,719,9275,694.8,7990,0.75,1.1,1.5,2.25,Normal
CHENAB,Marala,01-Sept-24,06:00 Hrs,812,51868,796.8,22218,1,1.5,2,4,Normal
CHENAB,Khanki,01-Sept-24,06:00 Hrs,733,52658,725,45901,1,1.5,2,4,Normal
CHENAB,Qadirabad,01-Sept-24,06:00 Hrs,700,61572,688.8,43572,1,1.5,2,4,Normal
CHENAB,Trimmu,01-Sept-24,06:00 Hrs,490.5,37064,483.4,27114,1.5,2,3,4.5,Normal
CHENAB,Punjnad,01-Sept-24,06:00 Hrs,338,50340,334.1,42840,1.5,2,3,4.5,Normal
RAVI,Jassar,01-Sept-24,06:00 Hrs,-,-,777.2,4999,0.5,0.75,1,1.5,Normal
RAVI,Shahdara,01-Sept-24,06:00 Hrs,-,-,673.8,16985,0.4,0.65,0.9,1.35,Normal
RAVI,Balloki,01-Sept-24,06:00 Hrs,633.5,50140,623.1,26640,0.4,0.65,0.9,1.35,Normal
RAVI,Sidhnai,01-Sept-24,06:00 Hrs,467,30096,459.2,21796,0.3,0.45,0.6,0.9,Normal
SUTLEJ,Bhakara**,01-Sept-24,06:00 Hrs,,-,-,-,-,-,-,-,-
SUTLEJ,Sulemanki,01-Sept-24,06:00 Hrs,569,15757,560.7,8145,0.5,0.8,1.2,1.75,Normal
SUTLEJ,Islam,01-Sept-24,06:00 Hrs,455,9429,440.45,8329,0.5,0.8,1.2,1.75,Normal
INDUS,khairabad,01-Sept-24,12:00 Hrs,-,-,13.9,167200,2.25,3.75,5,6.5,Normal
INDUS,Kalabagh,01-Sept-24,12:00 Hrs,693,243461,680.7,238882,2.5,3.75,5,6.5,Normal
INDUS,Chashma,01-Sept-24,12:00 Hrs,648.5,282536,614.5,257336,2.5,3.75,5,6.5,Low
INDUS,Taunsa,01-Sept-24,12:00 Hrs,446,212251,430.5,192251,2.5,3.75,5,6.5,Normal
INDUS,Guddu,01-Sept-24,12:00 Hrs,256.8,216942,251.5,197386,2,3.5,5,7,Normal
INDUS,Sukkar,01-Sept-24,12:00 Hrs,200.2,183450,198.5,170650,2,3.5,5,7,Normal
INDUS,Kotri,01-Sept-24,12:00 Hrs,67.7,337518,64.9,335618,2.5,4,5,6.5,Low
JHELUM,Kotli,01-Sept-24,12:00 Hrs,-,-,10.1,10510,-,-,-,-,-
JHELUM,Rasul,01-Sept-24,12:00 Hrs,719,6421,694,5341,0.75,1.1,1.5,2.25,Normal
CHENAB,Marala,01-Sept-24,12:00 Hrs,812,46515,796.5,16865,1,1.5,2,4,Normal
CHENAB,Khanki,01-Sept-24,12:00 Hrs,733,50770,724.1,44202,1,1.5,2,4,Normal
CHENAB,Qadirabad,01-Sept-24,12:00 Hrs,700,49263,687.6,31263,1,1.5,2,4,Normal
CHENAB,Trimmu,01-Sept-24,12:00 Hrs,490.5,37064,483.4,27114,1.5,2,3,4.5,Normal
CHENAB,Punjnad,01-Sept-24,12:00 Hrs,338,51100,334.1,42840,1.5,2,3,4.5,Normal
RAVI,Jassar,01-Sept-24,12:00 Hrs,-,-,777,4660,0.5,0.75,1,1.5,Normal
RAVI,Shahdara,01-Sept-24,12:00 Hrs,-,-,673.8,16985,0.4,0.65,0.9,1.35,Normal
RAVI,Balloki,01-Sept-24,12:00 Hrs,633.5,50340,623.1,26640,0.4,0.65,0.9,1.35,Normal
RAVI,Sidhnai,01-Sept-24,12:00 Hrs,467,31966,459.4,23266,0.3,0.45,0.6,0.9,Normal
SUTLEJ,Bhakara**,01-Sept-24,12:00 Hrs,,-,-,-,-,-,-,-,-
SUTLEJ,Sulemanki,01-Sept-24,12:00 Hrs,569,15757,560.7,8145,0.5,0.8,1.2,1.75,Normal
SUTLEJ,Islam,01-Sept-24,12:00 Hrs,455,11276,440.55,10176,0.5,0.8,1.2,1.75,Normal
INDUS,khairabad,01-Sept-24,18:00 Hrs,-,-,13.7,165000,2.25,3.75,5,6.5,Normal
INDUS,Kalabagh,01-Sept-24,18:00 Hrs,693,243706,680.7,238882,2.5,3.75,5,6.5,Normal
INDUS,Chashma,01-Sept-24,18:00 Hrs,648.5,240205,614.3,216755,2.5,3.75,5,6.5,Normal
INDUS,Taunsa,01-Sept-24,18:00 Hrs,446,212182,430.5,190182,2.5,3.75,5,6.5,Normal
INDUS,Guddu,01-Sept-24,18:00 Hrs,256.5,233229,251.65,208291,2,3.5,5,7,Low
INDUS,Sukkar,01-Sept-24,18:00 Hrs,200.2,184300,198.5,170650,2,3.5,5,7,Normal
INDUS,Kotri,01-Sept-24,18:00 Hrs,67.7,339018,64.9,335618,2.5,4,5,6.5,Low
JHELUM,Kotli,01-Sept-24,18:00 Hrs,-,-,9.9,9710,-,-,-,-,-
JHELUM,Rasul,01-Sept-24,18:00 Hrs,719,6721,694,5341,0.75,1.1,1.5,2.25,Normal
CHENAB,Marala,01-Sept-24,18:00 Hrs,812,57321,797.4,27571,1,1.5,2,4,Normal
CHENAB,Khanki,01-Sept-24,18:00 Hrs,733,40042,723.6,33474,1,1.5,2,4,Normal
CHENAB,Qadirabad,01-Sept-24,18:00 Hrs,700,41862,686.9,23862,1,1.5,2,4,Normal
CHENAB,Trimmu,01-Sept-24,18:00 Hrs,490.5,35547,483.3,25597,1.5,2,3,4.5,Normal
CHENAB,Punjnad,01-Sept-24,18:00 Hrs,338,49412,333.65,40452,1.5,2,3,4.5,Normal
RAVI,Jassar,01-Sept-24,18:00 Hrs,-,-,777,4660,0.5,0.75,1,1.5,Normal
RAVI,Shahdara,01-Sept-24,18:00 Hrs,-,-,673.8,16985,0.4,0.65,0.9,1.35,Normal
RAVI,Balloki,01-Sept-24,18:00 Hrs,633.5,48245,622,23145,0.4,0.65,0.9,1.35,Normal
RAVI,Sidhnai,01-Sept-24,18:00 Hrs,467,31256,459.1,20906,0.3,0.45,0.6,0.9,Normal
SUTLEJ,Bhakara**,01-Sept-24,18:00 Hrs,,-,-,-,-,-,-,-,-
SUTLEJ,Sulemanki,01-Sept-24,18:00 Hrs,569,16297,560.5,7582,0.5,0.8,1.2,1.75,Normal
SUTLEJ,Islam,01-Sept-24,18:00 Hrs,455,11276,440.55,10176,0.5,0.8,1.2,1.75,Normal
INDUS,khairabad,01-Sept-24,23:59 Hrs,-,-,16.5,196000,2.25,3.75,5,6.5,Normal
INDUS,Kalabagh,01-Sept-24,23:59 Hrs,693.5,201850,680,196601,2.5,3.75,5,6.5,Normal
INDUS,Chashma,01-Sept-24,23:59 Hrs,648.5,250207,614.3,226507,2.5,3.75,5,6.5,Normal
INDUS,Taunsa,01-Sept-24,23:59 Hrs,446,212182,430.5,190182,2.5,3.75,5,6.5,Normal
INDUS,Guddu,01-Sept-24,23:59 Hrs,256.5,233229,251.65,208291,2,3.5,5,7,Low
INDUS,Sukkar,01-Sept-24,23:59 Hrs,200.2,184300,198.5,170650,2,3.5,5,7,Normal
INDUS,Kotri,01-Sept-24,23:59 Hrs,67.7,339018,64.9,335618,2.5,4,5,6.5,Low
JHELUM,Kotli,01-Sept-24,23:59 Hrs,-,-,9.6,8570,-,-,-,-,-
JHELUM,Rasul,01-Sept-24,23:59 Hrs,719,9670,694.8,7990,0.75,1.1,1.5,2.25,Normal
CHENAB,Marala,01-Sept-24,23:59 Hrs,812,57321,797.4,27571,1,1.5,2,4,Normal
CHENAB,Khanki,01-Sept-24,23:59 Hrs,733,44008,724,37440,1,1.5,2,4,Normal
CHENAB,Qadirabad,01-Sept-24,23:59 Hrs,700,32749,686.1,14749,1,1.5,2,4,Normal
CHENAB,Trimmu,01-Sept-24,23:59 Hrs,490.5,37164,483.4,27114,1.5,2,3,4.5,Normal
CHENAB,Punjnad,01-Sept-24,23:59 Hrs,338,49362,333.65,40452,1.5,2,3,4.5,Normal
RAVI,Jassar,01-Sept-24,23:59 Hrs,-,-,777,4660,0.5,0.75,1,1.5,Normal
RAVI,Shahdara,01-Sept-24,23:59 Hrs,-,-,673.8,16985,0.4,0.65,0.9,1.35,Normal
RAVI,Balloki,01-Sept-24,23:59 Hrs,633.5,46540,621.7,20840,0.4,0.65,0.9,1.35,Normal
RAVI,Sidhnai,01-Sept-24,23:59 Hrs,467,33045,459.2,22695,0.3,0.45,0.6,0.9,Normal
SUTLEJ,Bhakara**,01-Sept-24,23:59 Hrs,,-,-,-,-,-,-,-,-
SUTLEJ,Sulemanki,01-Sept-24,23:59 Hrs,569,16297,560.5,7582,0.5,0.8,1.2,1.75,Normal
SUTLEJ,Islam,01-Sept-24,23:59 Hrs,455,11276,440.55,10176,0.5,0.8,1.2,1.75,Normal
INDUS,khairabad,02-Sept-24,06:00 Hrs,-,-,21.4,254100,2.25,3.75,5,6.5,Low
INDUS,Kalabagh,02-Sept-24,06:00 Hrs,693,196920,680,191596,2.5,3.75,5,6.5,Normal
INDUS,Chashma,02-Sept-24,06:00 Hrs,648.5,250101,614.3,226401,2.5,3.75,5,6.5,Normal
INDUS,Taunsa,02-Sept-24,06:00 Hrs,446,212182,430.5,190182,2.5,3.75,5,6.5,Normal
INDUS,Guddu,02-Sept-24,06:00 Hrs,256.5,233229,251.65,208291,2,3.5,5,7,Low
INDUS,Sukkar,02-Sept-24,06:00 Hrs,200.2,191900,198.5,170650,2,3.5,5,7,Normal
INDUS,Kotri,02-Sept-24,06:00 Hrs,67.7,339818,64.9,335618,2.5,4,5,6.5,Low
JHELUM,Kotli,02-Sept-24,06:00 Hrs,-,-,9.5,8210,-,-,-,-,-
JHELUM,Rasul,02-Sept-24,06:00 Hrs,719,7021,694,5341,0.75,1.1,1.5,2.25,Normal
CHENAB,Marala,02-Sept-24,06:00 Hrs,812,51968,796.8,22218,1,1.5,2,4,Normal
CHENAB,Khanki,02-Sept-24,06:00 Hrs,733,44008,724,37440,1,1.5,2,4,Normal
CHENAB,Qadirabad,02-Sept-24,06:00 Hrs,700,36694,686.2,18694,1,1.5,2,4,Normal
CHENAB,Trimmu,02-Sept-24,06:00 Hrs,490.5,39071,483.7,29021,1.5,2,3,4.5,Normal
CHENAB,Punjnad,02-Sept-24,06:00 Hrs,338,52272,333.7,43362,1.5,2,3,4.5,Normal
RAVI,Jassar,02-Sept-24,06:00 Hrs,-,-,777,4660,0.5,0.75,1,1.5,Normal
RAVI,Shahdara,02-Sept-24,06:00 Hrs,-,-,673.7,16576,0.4,0.65,0.9,1.35,Normal
RAVI,Balloki,02-Sept-24,06:00 Hrs,633.5,46540,621.7,20840,0.4,0.65,0.9,1.35,Normal
RAVI,Sidhnai,02-Sept-24,06:00 Hrs,467,33045,459.2,22695,0.3,0.45,0.6,0.9,Normal
SUTLEJ,Bhakara**,02-Sept-24,06:00 Hrs,,-,-,-,-,-,-,-,-
SUTLEJ,Sulemanki,02-Sept-24,06:00 Hrs,569,16621,560.1,7060,0.5,0.8,1.2,1.75,Normal
SUTLEJ,Islam,02-Sept-24,06:00 Hrs,455,11276,440.55,10176,0.5,0.8,1.2,1.75,Normal
INDUS,khairabad,02-Sept-24,12:00 Hrs,-,-,13.5,162900,2.25,3.75,5,6.5,Normal
INDUS,Kalabagh,02-Sept-24,12:00 Hrs,693.5,235605,680.6,227615,2.5,3.75,5,6.5,Normal
INDUS,Chashma,02-Sept-24,12:00 Hrs,648.5,254763,614.6,231063,2.5,3.75,5,6.5,Normal
INDUS,Taunsa,02-Sept-24,12:00 Hrs,446.7,224606,430.6,202106,2.5,3.75,5,6.5,Normal
INDUS,Guddu,02-Sept-24,12:00 Hrs,256.5,234121,251.65,208291,2,3.5,5,7,Low
INDUS,Sukkar,02-Sept-24,12:00 Hrs,200.2,191900,198.5,170650,2,3.5,5,7,Normal
INDUS,Kotri,02-Sept-24,12:00 Hrs,67.7,340818,64.9,335618,2.5,4,5,6.5,Low
JHELUM,Kotli,02-Sept-24,12:00 Hrs,-,-,9.5,8210,-,-,-,-,-
JHELUM,Rasul,02-Sept-24,12:00 Hrs,719,10465,691.5,-,0.75,1.1,1.5,2.25,Normal
CHENAB,Marala,02-Sept-24,12:00 Hrs,812,60699,797.5,32924,1,1.5,2,4,Normal
CHENAB,Khanki,02-Sept-24,12:00 Hrs,733,45905,723.6,38256,1,1.5,2,4,Normal
CHENAB,Qadirabad,02-Sept-24,12:00 Hrs,700,43552,686.6,27706,1,1.5,2,4,Normal
CHENAB,Trimmu,02-Sept-24,12:00 Hrs,490.5,19049,479.1,5268,1.5,2,3,4.5,Normal
CHENAB,Punjnad,02-Sept-24,12:00 Hrs,338,16407,325.3,2547,1.5,2,3,4.5,Normal
RAVI,Jassar,02-Sept-24,12:00 Hrs,-,-,779.3,9964,0.5,0.75,1,1.5,Normal
RAVI,Shahdara,02-Sept-24,12:00 Hrs,-,-,672.6,12063,0.4,0.65,0.9,1.35,Normal
RAVI,Balloki,02-Sept-24,12:00 Hrs,633.5,25100,617.2,600,0.4,0.65,0.9,1.35,Normal
RAVI,Sidhnai,02-Sept-24,12:00 Hrs,467,15500,451.5,-,0.3,0.45,0.6,0.9,Normal
SUTLEJ,Bhakara**,02-Sept-24,12:00 Hrs,-,-,-,-,-,-,-,-,-
SUTLEJ,Sulemanki,02-Sept-24,12:00 Hrs,569,13526,558.6,2502,0.5,0.8,1.2,1.75,Normal
SUTLEJ,Islam,02-Sept-24,12:00 Hrs,455,5647,439,3597,0.5,0.8,1.2,1.75,Normal
INDUS,khairabad,02-Sept-24,18:00 Hrs,-,-,13.4,161800,2.25,3.75,5,6.5,Normal
INDUS,Kalabagh,02-Sept-24,18:00 Hrs,693,212099,680.3,206475,2.5,3.75,5,6.5,Normal
INDUS,Chashma,02-Sept-24,18:00 Hrs,648.5,260448,614.6,236748,2.5,3.75,5,6.5,Normal
INDUS,Taunsa,02-Sept-24,18:00 Hrs,446,221077,430.6,197577,2.5,3.75,5,6.5,Normal
INDUS,Guddu,02-Sept-24,18:00 Hrs,256.5,234968,251.65,208291,2,3.5,5,7,Low
INDUS,Sukkar,02-Sept-24,18:00 Hrs,200.2,193660,198.5,170650,2,3.5,5,7,Normal
INDUS,Kotri,02-Sept-24,18:00 Hrs,67.7,340818,64.9,335618,2.5,4,5,6.5,Low
JHELUM,Kotli,02-Sept-24,18:00 Hrs,-,-,9.5,8210,-,-,-,-,-
JHELUM,Rasul,02-Sept-24,18:00 Hrs,719,6611,694,5341,0.75,1.1,1.5,2.25,Normal
CHENAB,Marala,02-Sept-24,18:00 Hrs,812,52268,796.8,22218,1,1.5,2,4,Normal
CHENAB,Khanki,02-Sept-24,18:00 Hrs,733,40253,723.6,33474,1,1.5,2,4,Normal
CHENAB,Qadirabad,02-Sept-24,18:00 Hrs,700,30312,685.6,12312,1,1.5,2,4,Normal
CHENAB,Trimmu,02-Sept-24,18:00 Hrs,490.5,42924,484.2,32724,1.5,2,3,4.5,Normal
CHENAB,Punjnad,02-Sept-24,18:00 Hrs,338,52154,333.8,42944,1.5,2,3,4.5,Normal
RAVI,Jassar,02-Sept-24,18:00 Hrs,-,-,776.4,3141,0.5,0.75,1,1.5,Normal
RAVI,Shahdara,02-Sept-24,18:00 Hrs,-,-,673.7,16576,0.4,0.65,0.9,1.35,Normal
RAVI,Balloki,02-Sept-24,18:00 Hrs,633.5,43380,621.3,17380,0.4,0.65,0.9,1.35,Normal
RAVI,Sidhnai,02-Sept-24,18:00 Hrs,467,32788,459,21538,0.3,0.45,0.6,0.9,Normal
SUTLEJ,Bhakara**,02-Sept-24,18:00 Hrs,-,-,-,-,-,-,-,-,-
SUTLEJ,Sulemanki,02-Sept-24,18:00 Hrs,569,16672,560.1,7060,0.5,0.8,1.2,1.75,Normal
SUTLEJ,Islam,02-Sept-24,18:00 Hrs,455,11276,440.55,10176,0.5,0.8,1.2,1.75,Normal
INDUS,khairabad,02-Sept-24,23:59 Hrs,-,-,14.9,178100,2.25,3.75,5,6.5,Normal
INDUS,Kalabagh,02-Sept-24,23:59 Hrs,693,205918,680.2,200294,2.5,3.75,5,6.5,Normal
INDUS,Chashma,02-Sept-24,23:59 Hrs,648.5,245981,614.6,222281,2.5,3.75,5,6.5,Normal
INDUS,Taunsa,02-Sept-24,23:59 Hrs,446,221077,430.6,197577,2.5,3.75,5,6.5,Normal
INDUS,Guddu,02-Sept-24,23:59 Hrs,256.5,234968,251.65,208291,2,3.5,5,7,Low
INDUS,Sukkar,02-Sept-24,23:59 Hrs,200.2,193660,198.5,170650,2,3.5,5,7,Normal
INDUS,Kotri,02-Sept-24,23:59 Hrs,67.7,340818,64.9,335618,2.5,4,5,6.5,Low
JHELUM,Kotli,02-Sept-24,23:59 Hrs,-,-,9.4,7850,-,-,-,-,-
JHELUM,Rasul,02-Sept-24,23:59 Hrs,719,9260,694.8,7990,0.75,1.1,1.5,2.25,Normal
CHENAB,Marala,02-Sept-24,23:59 Hrs,812,62974,797.6,32924,1,1.5,2,4,Normal
CHENAB,Khanki,02-Sept-24,23:59 Hrs,733,36076,723.2,29297,1,1.5,2,4,Normal
CHENAB,Qadirabad,02-Sept-24,23:59 Hrs,700,30312,685.6,12312,1,1.5,2,4,Normal
CHENAB,Trimmu,02-Sept-24,23:59 Hrs,490.5,51482,484.5,41282,1.5,2,3,4.5,Normal
CHENAB,Punjnad,02-Sept-24,23:59 Hrs,338,52654,333.8,42944,1.5,2,3,4.5,Normal
RAVI,Jassar,02-Sept-24,23:59 Hrs,-,-,776.4,3141,0.5,0.75,1,1.5,Normal
RAVI,Shahdara,02-Sept-24,23:59 Hrs,-,-,673.7,16576,0.4,0.65,0.9,1.35,Normal
RAVI,Balloki,02-Sept-24,23:59 Hrs,633.5,43380,621.3,17380,0.4,0.65,0.9,1.35,Normal
RAVI,Sidhnai,02-Sept-24,23:59 Hrs,467,33695,459.2,22695,0.3,0.45,0.6,0.9,Normal
SUTLEJ,Bhakara**,02-Sept-24,23:59 Hrs,-,-,-,-,-,-,-,-,-
SUTLEJ,Sulemanki,02-Sept-24,23:59 Hrs,569,16672,560.1,7060,0.5,0.8,1.2,1.75,Normal
SUTLEJ,Islam,02-Sept-24,23:59 Hrs,455,11276,440.55,10176,0.5,0.8,1.2,1.75,Normal
INDUS,khairabad,03-Sept-24,06:00 Hrs,-,-,21.1,250400,2.25,3.75,5,6.5,Normal
INDUS,Kalabagh,03-Sept-24,06:00 Hrs,693,202166,680,196542,2.5,3.75,5,6.5,Normal
INDUS,Chashma,03-Sept-24,06:00 Hrs,648.5,233068,614.5,209368,2.5,3.75,5,6.5,Normal
INDUS,Taunsa,03-Sept-24,06:00 Hrs,446,215851,430.5,192351,2.5,3.75,5,6.5,Normal
INDUS,Guddu,03-Sept-24,06:00 Hrs,257.1,230135,251.4,203496,2,3.5,5,7,Low
INDUS,Sukkar,03-Sept-24,06:00 Hrs,200,200510,199,175070,2,3.5,5,7,Normal
INDUS,Kotri,03-Sept-24,06:00 Hrs,67.7,341868,64.9,335618,2.5,4,5,6.5,Normal
JHELUM,Kotli,03-Sept-24,06:00 Hrs,-,-,9.2,7160,-,-,-,-,-
JHELUM,Rasul,03-Sept-24,06:00 Hrs,719,6611,694,5341,0.75,1.1,1.5,2.25,Normal
CHENAB,Marala,03-Sept-24,06:00 Hrs,812,79033,798.6,48983,1,1.5,2,4,Normal
CHENAB,Khanki,03-Sept-24,06:00 Hrs,733,36076,723.2,29297,1,1.5,2,4,Normal
CHENAB,Qadirabad,03-Sept-24,06:00 Hrs,700,32794,686.1,14794,1,1.5,2,4,Normal
CHENAB,Trimmu,03-Sept-24,06:00 Hrs,490.5,61684,485.3,51484,1.5,2,3,4.5,Normal
CHENAB,Punjnad,03-Sept-24,06:00 Hrs,338,52654,333.8,42944,1.5,2,3,4.5,Normal
RAVI,Jassar,03-Sept-24,06:00 Hrs,-,-,776.4,3141,0.5,0.75,1,1.5,Normal
RAVI,Shahdara,03-Sept-24,06:00 Hrs,-,-,673.7,16576,0.4,0.65,0.9,1.35,Normal
RAVI,Balloki,03-Sept-24,06:00 Hrs,633.5,43380,621.3,17380,0.4,0.65,0.9,1.35,Normal
RAVI,Sidhnai,03-Sept-24,06:00 Hrs,467,33695,459.2,22695,0.3,0.45,0.6,0.9,Normal
SUTLEJ,Bhakara**,03-Sept-24,06:00 Hrs,-,-,-,-,-,-,-,-,-
SUTLEJ,Sulemanki,03-Sept-24,06:00 Hrs,569,15172,560,5560,0.5,0.8,1.2,1.75,Normal
SUTLEJ,Islam,03-Sept-24,06:00 Hrs,455,11276,440.55,10176,0.5,0.8,1.2,1.75,Normal
INDUS,khairabad,03-Sept-24,12:00 Hrs,-,-,14,168300,2.25,3.75,5,6.5,Normal
INDUS,Kalabagh,03-Sept-24,12:00 Hrs,693,244055,680.7,238581,2.5,3.75,5,6.5,Normal
INDUS,Chashma,03-Sept-24,12:00 Hrs,648.5,242502,614.3,218802,2.5,3.75,5,6.5,Normal
INDUS,Taunsa,03-Sept-24,12:00 Hrs,446,215851,430.5,192351,2.5,3.75,5,6.5,Normal
INDUS,Guddu,03-Sept-24,12:00 Hrs,257.1,230135,251.4,203496,2,3.5,5,7,Low
INDUS,Sukkar,03-Sept-24,12:00 Hrs,200.2,200510,198.6,175070,2,3.5,5,7,Normal
INDUS,Kotri,03-Sept-24,12:00 Hrs,67.7,341868,64.9,335618,2.5,4,5,6.5,Low
JHELUM,Kotli,03-Sept-24,12:00 Hrs,-,-,9.5,8210,-,-,-,-,-
JHELUM,Rasul,03-Sept-24,12:00 Hrs,719,17070,697,15800,0.75,1.1,1.5,2.25,Normal
CHENAB,Marala,03-Sept-24,12:00 Hrs,812,73680,798.2,43630,1,1.5,2,4,Normal
CHENAB,Khanki,03-Sept-24,12:00 Hrs,733,51988,724.6,45209,1,1.5,2,4,Normal
CHENAB,Qadirabad,03-Sept-24,12:00 Hrs,700,30312,685.6,12312,1,1.5,2,4,Normal
CHENAB,Trimmu,03-Sept-24,12:00 Hrs,490.5,61684,485.3,51484,1.5,2,3,4.5,Normal
CHENAB,Punjnad,03-Sept-24,12:00 Hrs,338,52654,333.8,42944,1.5,2,3,4.5,Normal
RAVI,Jassar,03-Sept-24,12:00 Hrs,-,-,776.4,3141,0.5,0.75,1,1.5,Normal
RAVI,Shahdara,03-Sept-24,12:00 Hrs,-,-,673.7,16576,0.4,0.65,0.9,1.35,Normal
RAVI,Balloki,03-Sept-24,12:00 Hrs,633.5,43380,621.3,17380,0.4,0.65,0.9,1.35,Normal
RAVI,Sidhnai,03-Sept-24,12:00 Hrs,467,33795,459.2,22695,0.3,0.45,0.6,0.9,Normal
SUTLEJ,Bhakara**,03-Sept-24,12:00 Hrs,-,-,-,-,-,-,-,-,-
SUTLEJ,Sulemanki,03-Sept-24,12:00 Hrs,569,15172,559.7,5560,0.5,0.8,1.2,1.75,Normal
SUTLEJ,Islam,03-Sept-24,12:00 Hrs,455,11276,440.55,10176,0.5,0.8,1.2,1.75,Normal
INDUS,khairabad,03-Sept-24,18:00 Hrs,-,-,13.2,159700,2.25,3.75,5,6.5,Normal
INDUS,Kalabagh,03-Sept-24,18:00 Hrs,693,242508,680.6,237384,2.5,3.75,5,6.5,Normal
INDUS,Chashma,03-Sept-24,18:00 Hrs,648.5,246508,614.5,222808,2.5,3.75,5,6.5,Normal
INDUS,Taunsa,03-Sept-24,18:00 Hrs,446,215851,430.5,192351,2.5,3.75,5,6.5,Normal
INDUS,Guddu,03-Sept-24,18:00 Hrs,257.8,224259,251.2,196296,2,3.5,5,7,Normal
INDUS,Sukkar,03-Sept-24,18:00 Hrs,200.2,201030,198.55,173950,2,3.5,5,7,Normal
INDUS,Kotri,03-Sept-24,18:00 Hrs,67.7,341868,64.9,335618,2.5,4,5,6.5,Low
JHELUM,Kotli,03-Sept-24,18:00 Hrs,-,-,9.5,8210,-,-,-,-,-
JHELUM,Rasul,03-Sept-24,18:00 Hrs,719,9670,694.8,7990,0.75,1.1,1.5,2.25,Normal
CHENAB,Marala,03-Sept-24,18:00 Hrs,812,68027,798,38277,1,1.5,2,4,Normal
CHENAB,Khanki,03-Sept-24,18:00 Hrs,733,61609,725.7,54782,1,1.5,2,4,Normal
CHENAB,Qadirabad,03-Sept-24,18:00 Hrs,700,36694,686.2,18694,1,1.5,2,4,Normal
CHENAB,Trimmu,03-Sept-24,18:00 Hrs,490.5,85247,485.8,75247,1.5,2,3,4.5,Normal
CHENAB,Punjnad,03-Sept-24,18:00 Hrs,338,54746,334,45036,1.5,2,3,4.5,Normal
RAVI,Jassar,03-Sept-24,18:00 Hrs,-,-,776.4,3141,0.5,0.75,1,1.5,Normal
RAVI,Shahdara,03-Sept-24,18:00 Hrs,-,-,673.7,16576,0.4,0.65,0.9,1.35,Normal
RAVI,Balloki,03-Sept-24,18:00 Hrs,633.5,43380,621.3,17380,0.4,0.65,0.9,1.35,Normal
RAVI,Sidhnai,03-Sept-24,18:00 Hrs,467,30266,459,18766,0.3,0.45,0.6,0.9,Normal
SUTLEJ,Bhakara**,03-Sept-24,18:00 Hrs,-,-,-,-,-,-,-,-,-
SUTLEJ,Sulemanki,03-Sept-24,18:00 Hrs,569,14665,559.8,6154,0.5,0.8,1.2,1.75,Normal
SUTLEJ,Islam,03-Sept-24,18:00 Hrs,455,10029,440.45,8329,0.5,0.8,1.2,1.75,Normal
INDUS,khairabad,03-Sept-24,23:59 Hrs,-,-,14.4,172600,2.25,3.75,5,6.5,Normal
INDUS,Kalabagh,03-Sept-24,23:59 Hrs,693,200587,680,195463,2.5,3.75,5,6.5,Normal
INDUS,Chashma,03-Sept-24,23:59 Hrs,648.5,260033,614.5,236333,2.5,3.75,5,6.5,Normal
INDUS,Taunsa,03-Sept-24,23:59 Hrs,446,215851,430.5,192351,2.5,3.75,5,6.5,Normal
INDUS,Guddu,03-Sept-24,23:59 Hrs,257.8,224259,251.2,196296,2,3.5,5,7,Normal
INDUS,Sukkar,03-Sept-24,23:59 Hrs,200.2,201030,198.55,173950,2,3.5,5,7,Normal
INDUS,Kotri,03-Sept-24,23:59 Hrs,67.7,341868,64.9,335618,2.5,4,5,6.5,Low
JHELUM,Kotli,03-Sept-24,23:59 Hrs,-,-,9.3,7500,-,-,-,-,-
JHELUM,Rasul,03-Sept-24,23:59 Hrs,719,10070,694.8,7990,0.75,1.1,1.5,2.25,Normal
CHENAB,Marala,03-Sept-24,23:59 Hrs,812,68027,798,38277,1,1.5,2,4,Normal
CHENAB,Khanki,03-Sept-24,23:59 Hrs,733,61609,725.7,54782,1,1.5,2,4,Normal
CHENAB,Qadirabad,03-Sept-24,23:59 Hrs,700,54331,687.8,36331,1,1.5,2,4,Normal
CHENAB,Trimmu,03-Sept-24,23:59 Hrs,490.5,86896,486.1,76896,1.5,2,3,4.5,Normal
CHENAB,Punjnad,03-Sept-24,23:59 Hrs,338,54636,334,45036,1.5,2,3,4.5,Normal
RAVI,Jassar,03-Sept-24,23:59 Hrs,-,-,776.4,3141,0.5,0.75,1,1.5,Normal
RAVI,Shahdara,03-Sept-24,23:59 Hrs,-,-,673.7,16576,0.4,0.65,0.9,1.35,Normal
RAVI,Balloki,03-Sept-24,23:59 Hrs,633.5,43380,621.3,17380,0.4,0.65,0.9,1.35,Normal
RAVI,Sidhnai,03-Sept-24,23:59 Hrs,467,30266,459,18766,0.3,0.45,0.6,0.9,Normal
SUTLEJ,Bhakara**,03-Sept-24,23:59 Hrs,-,-,-,-,-,-,-,-,-
SUTLEJ,Sulemanki,03-Sept-24,23:59 Hrs,569,14665,559.8,6154,0.5,0.8,1.2,1.75,Normal
SUTLEJ,Islam,03-Sept-24,23:59 Hrs,455,9929,440.45,8329,0.5,0.8,1.2,1.75,Normal
INDUS,khairabad,04-Sept-24,06:00 Hrs,-,-,15.6,185800,2.25,3.75,5,6.5,Normal
INDUS,Kalabagh,04-Sept-24,06:00 Hrs,693,200099,680,194975,2.5,3.75,5,6.5,Normal
INDUS,Chashma,04-Sept-24,06:00 Hrs,648.5,258162,614.6,234462,2.5,3.75,5,6.5,Normal
INDUS,Taunsa,04-Sept-24,06:00 Hrs,446,202903,430.3,179403,2.5,3.75,5,6.5,Normal
INDUS,Guddu,04-Sept-24,06:00 Hrs,257.8,231042,251.5,204614,2,3.5,5,7,Low
INDUS,Sukkar,04-Sept-24,06:00 Hrs,200,196095,198.2,167095,2,3.5,5,7,Normal
INDUS,Kotri,04-Sept-24,06:00 Hrs,67.7,342368,64.9,335618,2.5,4,5,6.5,Low
JHELUM,Kotli,04-Sept-24,06:00 Hrs,-,-,9.3,7500,-,-,-,-,-
JHELUM,Rasul,04-Sept-24,06:00 Hrs,719,7421,694,5341,0.75,1.1,1.5,2.25,Normal
CHENAB,Marala,04-Sept-24,06:00 Hrs,812,73380,798.2,43630,1,1.5,2,4,Normal
CHENAB,Khanki,04-Sept-24,06:00 Hrs,733,55051,725.1,48224,1,1.5,2,4,Normal
CHENAB,Qadirabad,04-Sept-24,06:00 Hrs,700,54331,687.8,36331,1,1.5,2,4,Normal
CHENAB,Trimmu,04-Sept-24,06:00 Hrs,490.5,88084,486.15,78084,1.5,2,3,4.5,Normal
CHENAB,Punjnad,04-Sept-24,06:00 Hrs,338,54636,334,45036,1.5,2,3,4.5,Normal
RAVI,Jassar,04-Sept-24,06:00 Hrs,-,-,776.4,3141,0.5,0.75,1,1.5,Normal
RAVI,Shahdara,04-Sept-24,06:00 Hrs,-,-,673.7,16576,0.4,0.65,0.9,1.35,Normal
RAVI,Balloki,04-Sept-24,06:00 Hrs,633.5,44530,621.4,18530,0.4,0.65,0.9,1.35,Normal
RAVI,Sidhnai,04-Sept-24,06:00 Hrs,467,30266,459,18766,0.3,0.45,0.6,0.9,Normal
SUTLEJ,Bhakara**,04-Sept-24,06:00 Hrs,-,-,-,-,-,-,-,-,-
SUTLEJ,Sulemanki,04-Sept-24,06:00 Hrs,569,15973,560,7663,0.5,0.8,1.2,1.75,Normal
SUTLEJ,Islam,04-Sept-24,06:00 Hrs,455,9929,440.45,8329,0.5,0.8,1.2,1.75,Normal
INDUS,khairabad,04-Sept-24,12:00 Hrs,-,-,20.6,244300,2.25,3.75,5,6.5,Low
INDUS,Kalabagh,04-Sept-24,12:00 Hrs,693,209437,680.2,204313,2.5,3.75,5,6.5,Normal
INDUS,Chashma,04-Sept-24,12:00 Hrs,648.4,208052,613.8,186998,2.5,3.75,5,6.5,Normal
INDUS,Taunsa,04-Sept-24,12:00 Hrs,446,197441,430.2,173941,2.5,3.75,5,6.5,Normal
INDUS,Guddu,04-Sept-24,12:00 Hrs,257.8,231042,251.5,204614,2,3.5,5,7,Low
INDUS,Sukkar,04-Sept-24,12:00 Hrs,200,193550,198,164550,2,3.5,5,7,Normal
INDUS,Kotri,04-Sept-24,12:00 Hrs,67.7,331593,64.7,324843,2.5,4,5,6.5,Low
JHELUM,Kotli,04-Sept-24,12:00 Hrs,-,-,9.2,7160,-,-,-,-,-
JHELUM,Rasul,04-Sept-24,12:00 Hrs,719,7621,694,5341,0.75,1.1,1.5,2.25,Normal
CHENAB,Marala,04-Sept-24,12:00 Hrs,812,68027,798,38277,1,1.5,2,4,Normal
CHENAB,Khanki,04-Sept-24,12:00 Hrs,733,55051,725.1,48224,1,1.5,2,4,Normal
CHENAB,Qadirabad,04-Sept-24,12:00 Hrs,700,54331,687.8,36331,1,1.5,2,4,Normal
CHENAB,Trimmu,04-Sept-24,12:00 Hrs,490.5,88084,486.15,78084,1.5,2,3,4.5,Normal
CHENAB,Punjnad,04-Sept-24,12:00 Hrs,338,55086,334,45036,1.5,2,3,4.5,Normal
RAVI,Jassar,04-Sept-24,12:00 Hrs,-,-,777.7,5845,0.5,0.75,1,1.5,Normal
RAVI,Shahdara,04-Sept-24,12:00 Hrs,-,-,673.6,16168,0.4,0.65,0.9,1.35,Normal
RAVI,Balloki,04-Sept-24,12:00 Hrs,633.5,44530,621.4,18530,0.4,0.65,0.9,1.35,Normal
RAVI,Sidhnai,04-Sept-24,12:00 Hrs,467,29874,458.8,18074,0.3,0.45,0.6,0.9,Normal
SUTLEJ,Bhakara**,04-Sept-24,12:00 Hrs,-,-,-,-,-,-,-,-,-
SUTLEJ,Sulemanki,04-Sept-24,12:00 Hrs,569,15973,560,7663,0.5,0.8,1.2,1.75,Normal
SUTLEJ,Islam,04-Sept-24,12:00 Hrs,455,6628,439.35,5028,0.5,0.8,1.2,1.75,Normal
INDUS,khairabad,04-Sept-24,18:00 Hrs,-,-,13.5,162900,2.25,3.75,5,6.5,Normal
INDUS,Kalabagh,04-Sept-24,18:00 Hrs,693,200587,680,195463,2.5,3.75,5,6.5,Normal
INDUS,Chashma,04-Sept-24,18:00 Hrs,648.5,214063,614.2,189963,2.5,3.75,5,6.5,Normal
INDUS,Taunsa,04-Sept-24,18:00 Hrs,446,197441,430.2,173941,2.5,3.75,5,6.5,Normal
INDUS,Guddu,04-Sept-24,18:00 Hrs,257.8,231365,251.5,204641,2,3.5,5,7,Low
INDUS,Sukkar,04-Sept-24,18:00 Hrs,200,193550,198,164550,2,3.5,5,7,Normal
INDUS,Kotri,04-Sept-24,18:00 Hrs,67.7,326703,64.6,319628,2.5,4,5,6.5,Low
JHELUM,Kotli,04-Sept-24,18:00 Hrs,-,-,9.1,6820,-,-,-,-,-
JHELUM,Rasul,04-Sept-24,18:00 Hrs,719,7926,694,5341,0.75,1.1,1.5,2.25,Normal
CHENAB,Marala,04-Sept-24,18:00 Hrs,812,62274,797.6,32924,1,1.5,2,4,Normal
CHENAB,Khanki,04-Sept-24,18:00 Hrs,733,62956,725.9,56106,1,1.5,2,4,Normal
CHENAB,Qadirabad,04-Sept-24,18:00 Hrs,700,51788,687.6,33788,1,1.5,2,4,Normal
CHENAB,Trimmu,04-Sept-24,18:00 Hrs,490.5,88084,486.15,78084,1.5,2,3,4.5,Normal
CHENAB,Punjnad,04-Sept-24,18:00 Hrs,338,55086,334,45036,1.5,2,3,4.5,Normal
RAVI,Jassar,04-Sept-24,18:00 Hrs,-,-,777.7,5845,0.5,0.75,1,1.5,Normal
RAVI,Shahdara,04-Sept-24,18:00 Hrs,-,-,673.6,16168,0.4,0.65,0.9,1.35,Normal
RAVI,Balloki,04-Sept-24,18:00 Hrs,633.5,44930,621.4,18530,0.4,0.65,0.9,1.35,Normal
RAVI,Sidhnai,04-Sept-24,18:00 Hrs,467,27990,458.4,15990,0.3,0.45,0.6,0.9,Normal
SUTLEJ,Bhakara**,04-Sept-24,18:00 Hrs,-,-,-,-,-,-,-,-,-
SUTLEJ,Sulemanki,04-Sept-24,18:00 Hrs,569,15844,559.9,6641,0.5,0.8,1.2,1.75,Normal
SUTLEJ,Islam,04-Sept-24,18:00 Hrs,455,6628,439.35,5028,0.5,0.8,1.2,1.75,Normal
INDUS,khairabad,04-Sept-24,23:59 Hrs,-,-,13.5,162900,2.25,3.75,5,6.5,Normal
INDUS,Kalabagh,04-Sept-24,23:59 Hrs,693,210265,680.2,204801,2.5,3.75,5,6.5,Normal
INDUS,Chashma,04-Sept-24,23:59 Hrs,648.5,225442,614.2,201442,2.5,3.75,5,6.5,Normal
INDUS,Taunsa,04-Sept-24,23:59 Hrs,446,197441,430.2,173941,2.5,3.75,5,6.5,Normal
INDUS,Guddu,04-Sept-24,23:59 Hrs,257.8,231365,251.5,204641,2,3.5,5,7,Low
INDUS,Sukkar,04-Sept-24,23:59 Hrs,200,193550,198,164550,2,3.5,5,7,Normal
INDUS,Kotri,04-Sept-24,23:59 Hrs,67.7,326703,64.6,319628,2.5,4,5,6.5,Low
JHELUM,Kotli,04-Sept-24,23:59 Hrs,-,-,9,6500,-,-,-,-,-
JHELUM,Rasul,04-Sept-24,23:59 Hrs,719,3085,691.5,-,0.75,1.1,1.5,2.25,Normal
CHENAB,Marala,04-Sept-24,23:59 Hrs,812,56921,797.4,27571,1,1.5,2,4,Normal
CHENAB,Khanki,04-Sept-24,23:59 Hrs,733,55074,725.1,48224,1,1.5,2,4,Normal
CHENAB,Qadirabad,04-Sept-24,23:59 Hrs,700,54331,687.8,36331,1,1.5,2,4,Normal
CHENAB,Trimmu,04-Sept-24,23:59 Hrs,490.5,80173,485.8,70173,1.5,2,3,4.5,Normal
CHENAB,Punjnad,04-Sept-24,23:59 Hrs,338,55086,334,45036,1.5,2,3,4.5,Normal
RAVI,Jassar,04-Sept-24,23:59 Hrs,-,-,777.7,5845,0.5,0.75,1,1.5,Normal
RAVI,Shahdara,04-Sept-24,23:59 Hrs,-,-,673.8,16985,0.4,0.65,0.9,1.35,Normal
RAVI,Balloki,04-Sept-24,23:59 Hrs,633.5,44930,621.4,18530,0.4,0.65,0.9,1.35,Normal
RAVI,Sidhnai,04-Sept-24,23:59 Hrs,467,27852,458.1,15102,0.3,0.45,0.6,0.9,Normal
SUTLEJ,Bhakara**,04-Sept-24,23:59 Hrs,-,-,-,-,-,-,-,-,-
SUTLEJ,Sulemanki,04-Sept-24,23:59 Hrs,569,15844,559.9,6641,0.5,0.8,1.2,1.75,Normal
SUTLEJ,Islam,04-Sept-24,23:59 Hrs,455,6628,439.35,5028,0.5,0.8,1.2,1.75,Normal
INDUS,khairabad,05-Sept-24,06:00 Hrs,-,-,14.9,178100,2.25,3.75,5,6.5,Normal
INDUS,Kalabagh,05-Sept-24,06:00 Hrs,693,190863,679.9,185239,2.5,3.75,5,6.5,Normal
INDUS,Chashma,05-Sept-24,06:00 Hrs,648.5,231512,614.3,207512,2.5,3.75,5,6.5,Normal
INDUS,Taunsa,05-Sept-24,06:00 Hrs,446,202977,430.3,179477,2.5,3.75,5,6.5,Normal
INDUS,Guddu,05-Sept-24,06:00 Hrs,258.2,231307,251.4,200580,2,3.5,5,7,Low
INDUS,Sukkar,05-Sept-24,06:00 Hrs,200,194850,197.74,159800,2,3.5,5,7,Normal
INDUS,Kotri,05-Sept-24,06:00 Hrs,69.2,321255,63.6,313980,2.5,4,5,6.5,Low
JHELUM,Kotli,05-Sept-24,06:00 Hrs,-,-,8.8,5870,-,-,-,-,-
JHELUM,Rasul,05-Sept-24,06:00 Hrs,719,8426,694,5341,0.75,1.1,1.5,2.25,Normal
CHENAB,Marala,05-Sept-24,06:00 Hrs,812,46215,796.5,16865,1,1.5,2,4,Normal
CHENAB,Khanki,05-Sept-24,06:00 Hrs,733,48492,724.2,41642,1,1.5,2,4,Normal
CHENAB,Qadirabad,05-Sept-24,06:00 Hrs,700,54331,687.8,36331,1,1.5,2,4,Normal
CHENAB,Trimmu,05-Sept-24,06:00 Hrs,490.5,75172,485.4,65172,1.5,2,3,4.5,Normal
CHENAB,Punjnad,05-Sept-24,06:00 Hrs,338,56984,334.2,46934,1.5,2,3,4.5,Normal
RAVI,Jassar,05-Sept-24,06:00 Hrs,-,-,777.7,5845,0.5,0.75,1,1.5,Normal
RAVI,Shahdara,05-Sept-24,06:00 Hrs,-,-,674,17800,0.4,0.65,0.9,1.35,Normal
RAVI,Balloki,05-Sept-24,06:00 Hrs,633.5,44930,621.4,18530,0.4,0.65,0.9,1.35,Normal
RAVI,Sidhnai,05-Sept-24,06:00 Hrs,467,26120,457.9,13370,0.3,0.45,0.6,0.9,Normal
SUTLEJ,Bhakara**,05-Sept-24,06:00 Hrs,-,-,-,-,-,-,-,-,-
SUTLEJ,Sulemanki,05-Sept-24,06:00 Hrs,569,15349,559.9,6146,0.5,0.8,1.2,1.75,Normal
SUTLEJ,Islam,05-Sept-24,06:00 Hrs,455,6628,439.35,5028,0.5,0.8,1.2,1.75,Normal
INDUS,khairabad,05-Sept-24,12:00 Hrs,-,-,13,157600,2.25,3.75,5,6.5,Normal
INDUS,Kalabagh,05-Sept-24,12:00 Hrs,693,187004,679.8,181380,2.5,3.75,5,6.5,Normal
INDUS,Chashma,05-Sept-24,12:00 Hrs,648.5,235067,614.3,210567,2.5,3.75,5,6.5,Normal
INDUS,Taunsa,05-Sept-24,12:00 Hrs,446,203977,430.3,179477,2.5,3.75,5,6.5,Normal
INDUS,Guddu,05-Sept-24,12:00 Hrs,258,230813,251.4,199287,2,3.5,5,7,Normal
INDUS,Sukkar,05-Sept-24,12:00 Hrs,200,193920,197.3,157990,2,3.5,5,7,Normal
INDUS,Kotri,05-Sept-24,12:00 Hrs,67.7,318526,64.3,311251,2.5,4,5,6.5,Low
JHELUM,Kotli,05-Sept-24,12:00 Hrs,-,-,8.7,5560,-,-,-,-,-
JHELUM,Rasul,05-Sept-24,12:00 Hrs,719,8221,694,5341,0.75,1.1,1.5,2.25,Normal
CHENAB,Marala,05-Sept-24,12:00 Hrs,812,56921,797.4,27571,1,1.5,2,4,Normal
CHENAB,Khanki,05-Sept-24,12:00 Hrs,733,48528,724.2,41642,1,1.5,2,4,Normal
CHENAB,Qadirabad,05-Sept-24,12:00 Hrs,700,49291,687.5,31291,1,1.5,2,4,Normal
CHENAB,Trimmu,05-Sept-24,12:00 Hrs,490.5,75172,485.4,65172,1.5,2,3,4.5,Normal
CHENAB,Punjnad,05-Sept-24,12:00 Hrs,338,57064,334.2,46934,1.5,2,3,4.5,Normal
RAVI,Jassar,05-Sept-24,12:00 Hrs,-,-,777.4,5337,0.5,0.75,1,1.5,Normal
RAVI,Shahdara,05-Sept-24,12:00 Hrs,-,-,674,17800,0.4,0.65,0.9,1.35,Normal
RAVI,Balloki,05-Sept-24,12:00 Hrs,633.5,44930,621.4,18530,0.4,0.65,0.9,1.35,Normal
RAVI,Sidhnai,05-Sept-24,12:00 Hrs,467,25406,457.7,12456,0.3,0.45,0.6,0.9,Normal
SUTLEJ,Bhakara**,05-Sept-24,12:00 Hrs,-,-,-,-,-,-,-,-,-
SUTLEJ,Sulemanki,05-Sept-24,12:00 Hrs,569,15349,559.9,6146,0.5,0.8,1.2,1.75,Normal
SUTLEJ,Islam,05-Sept-24,12:00 Hrs,455,6728,439.35,5028,0.5,0.8,1.2,1.75,Normal
INDUS,khairabad,05-Sept-24,18:00 Hrs,-,-,13.6,164000,2.25,3.75,5,6.5,Normal
INDUS,Kalabagh,05-Sept-24,18:00 Hrs,693,177697,679.6,172073,2.5,3.75,5,6.5,Normal
INDUS,Chashma,05-Sept-24,18:00 Hrs,648.5,230520,614.3,206170,2.5,3.75,5,6.5,Normal
INDUS,Taunsa,05-Sept-24,18:00 Hrs,446,202977,430.3,179477,2.5,3.75,5,6.5,Normal
INDUS,Guddu,05-Sept-24,18:00 Hrs,258,230813,251.4,199287,2,3.5,5,7,Normal
INDUS,Sukkar,05-Sept-24,18:00 Hrs,200,191860,197.2,156060,2,3.5,5,7,Normal
INDUS,Kotri,05-Sept-24,18:00 Hrs,67.7,318526,64.3,311251,2.5,4,5,6.5,Low
JHELUM,Kotli,05-Sept-24,18:00 Hrs,-,-,8.6,5270,-,-,-,-,-
JHELUM,Rasul,05-Sept-24,18:00 Hrs,719,8221,694,5341,0.75,1.1,1.5,2.25,Normal
CHENAB,Marala,05-Sept-24,18:00 Hrs,812,56821,797.4,27571,1,1.5,2,4,Normal
CHENAB,Khanki,05-Sept-24,18:00 Hrs,733,41728,723.9,34759,1,1.5,2,4,Normal
CHENAB,Qadirabad,05-Sept-24,18:00 Hrs,700,41725,686.7,23775,1,1.5,2,4,Normal
CHENAB,Trimmu,05-Sept-24,18:00 Hrs,490.5,65572,484.9,55372,1.5,2,3,4.5,Normal
CHENAB,Punjnad,05-Sept-24,18:00 Hrs,338,57564,334.2,46934,1.5,2,3,4.5,Normal
RAVI,Jassar,05-Sept-24,18:00 Hrs,-,-,777.4,5337,0.5,0.75,1,1.5,Normal
RAVI,Shahdara,05-Sept-24,18:00 Hrs,-,-,674,17800,0.4,0.65,0.9,1.35,Normal
RAVI,Balloki,05-Sept-24,18:00 Hrs,633.5,44930,621.4,18530,0.4,0.65,0.9,1.35,Normal
RAVI,Sidhnai,05-Sept-24,18:00 Hrs,467,25606,457.7,12456,0.3,0.45,0.6,0.9,Normal
SUTLEJ,Bhakara**,05-Sept-24,18:00 Hrs,-,-,-,-,-,-,-,-,-
SUTLEJ,Sulemanki,05-Sept-24,18:00 Hrs,569,16357,559.9,6146,0.5,0.8,1.2,1.75,Normal
SUTLEJ,Islam,05-Sept-24,18:00 Hrs,455,6293,439.2,4293,0.5,0.8,1.2,1.75,Normal
INDUS,khairabad,05-Sept-24,23:59 Hrs,-,-,12.9,156500,2.25,3.75,5,6.5,Normal
INDUS,Kalabagh,05-Sept-24,23:59 Hrs,693,165176,679.4,159297,2.5,3.75,5,6.5,Normal
INDUS,Chashma,05-Sept-24,23:59 Hrs,648.5,218273,614.3,193673,2.5,3.75,5,6.5,Normal
INDUS,Taunsa,05-Sept-24,23:59 Hrs,446,202977,430.3,179477,2.5,3.75,5,6.5,Normal
INDUS,Guddu,05-Sept-24,23:59 Hrs,258,230813,251.4,199287,2,3.5,5,7,Normal
INDUS,Sukkar,05-Sept-24,23:59 Hrs,200,191860,197.2,156060,2,3.5,5,7,Normal
INDUS,Kotri,05-Sept-24,23:59 Hrs,67.7,318526,64.3,311251,2.5,4,5,6.5,Low
JHELUM,Kotli,05-Sept-24,23:59 Hrs,-,-,8.7,5560,-,-,-,-,-
JHELUM,Rasul,05-Sept-24,23:59 Hrs,719,3180,691.5,-,0.75,1.1,1.5,2.25,Normal
CHENAB,Marala,05-Sept-24,23:59 Hrs,812,56821,797.4,27571,1,1.5,2,4,Normal
CHENAB,Khanki,05-Sept-24,23:59 Hrs,733,36243,723.2,29297,1,1.5,2,4,Normal
CHENAB,Qadirabad,05-Sept-24,23:59 Hrs,700,36599,686.5,18599,1,1.5,2,4,Normal
CHENAB,Trimmu,05-Sept-24,23:59 Hrs,490.5,63734,484.7,53534,1.5,2,3,4.5,Normal
CHENAB,Punjnad,05-Sept-24,23:59 Hrs,338,58064,334.2,46934,1.5,2,3,4.5,Normal
RAVI,Jassar,05-Sept-24,23:59 Hrs,-,-,777.4,5337,0.5,0.75,1,1.5,Normal
RAVI,Shahdara,05-Sept-24,23:59 Hrs,-,-,674.2,18930,0.4,0.65,0.9,1.35,Normal
RAVI,Balloki,05-Sept-24,23:59 Hrs,633.5,44930,621.4,18530,0.4,0.65,0.9,1.35,Normal
RAVI,Sidhnai,05-Sept-24,23:59 Hrs,467,24907,457.4,10907,0.3,0.45,0.6,0.9,Normal
SUTLEJ,Bhakara**,05-Sept-24,23:59 Hrs,-,-,-,-,-,-,-,-,-
SUTLEJ,Sulemanki,05-Sept-24,23:59 Hrs,569,16357,559.9,6146,0.5,0.8,1.2,1.75,Normal
SUTLEJ,Islam,05-Sept-24,23:59 Hrs,455,6293,439.2,4293,0.5,0.8,1.2,1.75,Normal
INDUS,khairabad,06-Sept-24,06:00 Hrs,-,-,13.9,167200,2.25,3.75,5,6.5,Normal
INDUS,Kalabagh,06-Sept-24,06:00 Hrs,693,189771,679.8,183847,2.5,3.75,5,6.5,Normal
INDUS,Chashma,06-Sept-24,06:00 Hrs,648.5,214626,614.2,190026,2.5,3.75,5,6.5,Normal
INDUS,Taunsa,06-Sept-24,06:00 Hrs,446,186328,430,162828,2.5,3.75,5,6.5,Normal
INDUS,Guddu,06-Sept-24,06:00 Hrs,258,230813,251.4,199287,2,3.5,5,7,Normal
INDUS,Sukkar,06-Sept-24,06:00 Hrs,200,189350,197,152020,2,3.5,5,7,Normal
INDUS,Kotri,06-Sept-24,06:00 Hrs,67.7,313079,64,305504,2.5,4,5,6.5,Low
JHELUM,Kotli,06-Sept-24,06:00 Hrs,-,-,8.8,5870,-,-,-,-,-
JHELUM,Rasul,06-Sept-24,06:00 Hrs,719,8521,694,5341,0.75,1.1,1.5,2.25,Normal
CHENAB,Marala,06-Sept-24,06:00 Hrs,812,56821,797.4,27571,1,1.5,2,4,Normal
CHENAB,Khanki,06-Sept-24,06:00 Hrs,733,40420,723.6,33474,1,1.5,2,4,Normal
CHENAB,Qadirabad,06-Sept-24,06:00 Hrs,700,30312,685.6,12312,1,1.5,2,4,Normal
CHENAB,Trimmu,06-Sept-24,06:00 Hrs,490.5,59874,484.5,49674,1.5,2,3,4.5,Normal
CHENAB,Punjnad,06-Sept-24,06:00 Hrs,338,58064,334.2,46934,1.5,2,3,4.5,Normal
RAVI,Jassar,06-Sept-24,06:00 Hrs,-,-,777.4,5337,0.5,0.75,1,1.5,Normal
RAVI,Shahdara,06-Sept-24,06:00 Hrs,-,-,674.2,18930,0.4,0.65,0.9,1.35,Normal
RAVI,Balloki,06-Sept-24,06:00 Hrs,633.5,44930,621.4,18530,0.4,0.65,0.9,1.35,Normal
RAVI,Sidhnai,06-Sept-24,06:00 Hrs,467,26163,459.6,12163,0.3,0.45,0.6,0.9,Normal
SUTLEJ,Bhakara**,06-Sept-24,06:00 Hrs,-,-,-,-,-,-,-,-,-
SUTLEJ,Sulemanki,06-Sept-24,06:00 Hrs,569,17997,560.3,7446,0.5,0.8,1.2,1.75,Normal
SUTLEJ,Islam,06-Sept-24,06:00 Hrs,455,6293,439.2,4293,0.5,0.8,1.2,1.75,Normal
INDUS,khairabad,06-Sept-24,12:00 Hrs,-,-,12.4,151300,2.25,3.75,5,6.5,Normal
INDUS,Kalabagh,06-Sept-24,12:00 Hrs,693,177698,679.6,171774,2.5,3.75,5,6.5,Normal
INDUS,Chashma,06-Sept-24,12:00 Hrs,648.3,194661,614.3,169961,2.5,3.75,5,6.5,Normal
INDUS,Taunsa,06-Sept-24,12:00 Hrs,446.2,185600,430,161300,2.5,3.75,5,6.5,Normal
INDUS,Guddu,06-Sept-24,12:00 Hrs,257.6,226014,251.4,193972,2,3.5,5,7,Normal
INDUS,Sukkar,06-Sept-24,12:00 Hrs,200.2,188990,196.9,151440,2,3.5,5,7,Normal
INDUS,Kotri,06-Sept-24,12:00 Hrs,69.2,301918,62.9,294043,2.5,4,5,6.5,Low
JHELUM,Kotli,06-Sept-24,12:00 Hrs,-,-,8.8,5870,-,-,-,-,-
JHELUM,Rasul,06-Sept-24,12:00 Hrs,719,3175,691.5,-,0.75,1.1,1.5,2.25,Normal
CHENAB,Marala,06-Sept-24,12:00 Hrs,812,51468,796.8,22218,1,1.5,2,4,Normal
CHENAB,Khanki,06-Sept-24,12:00 Hrs,733,40420,723.6,33474,1,1.5,2,4,Normal
CHENAB,Qadirabad,06-Sept-24,12:00 Hrs,700,30312,685.6,12312,1,1.5,2,4,Normal
CHENAB,Trimmu,06-Sept-24,12:00 Hrs,490.5,59874,484.5,49674,1.5,2,3,4.5,Normal
CHENAB,Punjnad,06-Sept-24,12:00 Hrs,338,58732,334.6,47542,1.5,2,3,4.5,Normal
RAVI,Jassar,06-Sept-24,12:00 Hrs,-,-,77700,4660,0.5,0.75,1,1.5,Normal
RAVI,Shahdara,06-Sept-24,12:00 Hrs,-,-,674.2,18930,0.4,0.65,0.9,1.35,Normal
RAVI,Balloki,06-Sept-24,12:00 Hrs,633.5,44930,621.4,18530,0.4,0.65,0.9,1.35,Normal
RAVI,Sidhnai,06-Sept-24,12:00 Hrs,467,26163,459.6,12163,0.3,0.45,0.6,0.9,Normal
SUTLEJ,Bhakara**,06-Sept-24,12:00 Hrs,-,-,-,-,-,-,-,-,-
SUTLEJ,Sulemanki,06-Sept-24,12:00 Hrs,569,17997,560.3,7446,0.5,0.8,1.2,1.75,Normal
SUTLEJ,Islam,06-Sept-24,12:00 Hrs,455,6293,439.2,4293,0.5,0.8,1.2,1.75,Normal
INDUS,khairabad,06-Sept-24,18:00 Hrs,-,-,11.2,139000,2.25,3.75,5,6.5,Normal
INDUS,Kalabagh,06-Sept-24,18:00 Hrs,693,166399,679.4,160475,2.5,3.75,5,6.5,Normal
INDUS,Chashma,06-Sept-24,18:00 Hrs,648.4,195221,614.3,170221,2.5,3.75,5,6.5,Normal
INDUS,Taunsa,06-Sept-24,18:00 Hrs,446.2,187856,430,163556,2.5,3.75,5,6.5,Normal
INDUS,Guddu,06-Sept-24,18:00 Hrs,257.7,218267,251.3,185058,2,3.5,5,7,Normal
INDUS,Sukkar,06-Sept-24,18:00 Hrs,200.2,188990,196.9,151440,2,3.5,5,7,Normal
INDUS,Kotri,06-Sept-24,18:00 Hrs,67.9,282449,63.2,274019,2.5,4,5,6.5,Low
JHELUM,Kotli,06-Sept-24,18:00 Hrs,-,-,8.7,5560,-,-,-,-,-
JHELUM,Rasul,06-Sept-24,18:00 Hrs,719,8516,694,5341,0.75,1.1,1.5,2.25,Normal
CHENAB,Marala,06-Sept-24,18:00 Hrs,812,56821,797.4,27571,1,1.5,2,4,Normal
CHENAB,Khanki,06-Sept-24,18:00 Hrs,733,40420,723.6,33474,1,1.5,2,4,Normal
CHENAB,Qadirabad,06-Sept-24,18:00 Hrs,700,32794,686.1,14794,1,1.5,2,4,Normal
CHENAB,Trimmu,06-Sept-24,18:00 Hrs,490.5,59974,484.5,49674,1.5,2,3,4.5,Normal
CHENAB,Punjnad,06-Sept-24,18:00 Hrs,338,58732,334.6,47542,1.5,2,3,4.5,Normal
RAVI,Jassar,06-Sept-24,18:00 Hrs,-,-,777,4660,0.5,0.75,1,1.5,Normal
RAVI,Shahdara,06-Sept-24,18:00 Hrs,-,-,674.2,18930,0.4,0.65,0.9,1.35,Normal
RAVI,Balloki,06-Sept-24,18:00 Hrs,633.5,44930,621.4,18530,0.4,0.65,0.9,1.35,Normal
RAVI,Sidhnai,06-Sept-24,18:00 Hrs,467,25855,457.5,11855,0.3,0.45,0.6,0.9,Normal
SUTLEJ,Bhakara**,06-Sept-24,18:00 Hrs,-,-,-,-,-,-,-,-,-
SUTLEJ,Sulemanki,06-Sept-24,18:00 Hrs,569,18101,560.3,7446,0.5,0.8,1.2,1.75,Normal
SUTLEJ,Islam,06-Sept-24,18:00 Hrs,455,6293,439.2,4293,0.5,0.8,1.2,1.75,Normal
INDUS,khairabad,06-Sept-24,23:59 Hrs,-,-,9.6,123100,2.25,3.75,5,6.5,Normal
INDUS,Kalabagh,06-Sept-24,23:59 Hrs,693,176980,679.6,171056,2.5,3.75,5,6.5,Normal
INDUS,Chashma,06-Sept-24,23:59 Hrs,648.5,196790,614.3,171590,2.5,3.75,5,6.5,Normal
INDUS,Taunsa,06-Sept-24,23:59 Hrs,446.2,187856,430,163556,2.5,3.75,5,6.5,Normal
INDUS,Guddu,06-Sept-24,23:59 Hrs,257.7,218267,251.3,185058,2,3.5,5,7,Normal
INDUS,Sukkar,06-Sept-24,23:59 Hrs,200.2,188990,196.9,151440,2,3.5,5,7,Normal
INDUS,Kotri,06-Sept-24,23:59 Hrs,67.9,282449,63.2,274019,2.5,4,5,6.5,Low
JHELUM,Kotli,06-Sept-24,23:59 Hrs,-,-,8.8,5870,-,-,-,-,-
JHELUM,Rasul,06-Sept-24,23:59 Hrs,719,3175,691.5,-,0.75,1.1,1.5,2.25,Normal
CHENAB,Marala,06-Sept-24,23:59 Hrs,812,56821,797.4,27571,1,1.5,2,4,Normal
CHENAB,Khanki,06-Sept-24,23:59 Hrs,733,32096,722.6,25150,1,1.5,2,4,Normal
CHENAB,Qadirabad,06-Sept-24,23:59 Hrs,700,30312,685.6,12312,1,1.5,2,4,Normal
CHENAB,Trimmu,06-Sept-24,23:59 Hrs,490.5,64749,484.9,54449,1.5,2,3,4.5,Normal
CHENAB,Punjnad,06-Sept-24,23:59 Hrs,338,58732,334.6,47542,1.5,2,3,4.5,Normal
RAVI,Jassar,06-Sept-24,23:59 Hrs,-,-,777,4660,0.5,0.75,1,1.5,Normal
RAVI,Shahdara,06-Sept-24,23:59 Hrs,-,-,674,17800,0.4,0.65,0.9,1.35,Normal
RAVI,Balloki,06-Sept-24,23:59 Hrs,633.5,44930,621.4,18530,0.4,0.65,0.9,1.35,Normal
RAVI,Sidhnai,06-Sept-24,23:59 Hrs,467,25855,457.5,11855,0.3,0.45,0.6,0.9,Normal
SUTLEJ,Bhakara**,06-Sept-24,23:59 Hrs,-,-,-,-,-,-,-,-,-
SUTLEJ,Sulemanki,06-Sept-24,23:59 Hrs,569,18101,560.3,7446,0.5,0.8,1.2,1.75,Normal
SUTLEJ,Islam,06-Sept-24,23:59 Hrs,455,6293,439.2,4293,0.5,0.8,1.2,1.75,Normal
INDUS,khairabad,07-Sept-24,06:00 Hrs,-,-,10,129900,2.25,3.75,5,6.5,Normal
INDUS,Kalabagh,07-Sept-24,06:00 Hrs,693,167892,679.5,161968,2.5,3.75,5,6.5,Normal
INDUS,Chashma,07-Sept-24,06:00 Hrs,648.5,192269,613.8,167069,2.5,3.75,5,6.5,Normal
INDUS,Taunsa,07-Sept-24,06:00 Hrs,446.2,186599,430,161299,2.5,3.75,5,6.5,Normal
INDUS,Guddu,07-Sept-24,06:00 Hrs,257.9,221798,251.3,188583,2,3.5,5,7,Normal
INDUS,Sukkar,07-Sept-24,06:00 Hrs,200.2,188090,196.7,147940,2,3.5,5,7,Normal
INDUS,Kotri,07-Sept-24,06:00 Hrs,68.2,279216,63.1,270786,2.5,4,5,6.5,Low
JHELUM,Kotli,07-Sept-24,06:00 Hrs,-,-,8.9,6180,-,-,-,-,-
JHELUM,Rasul,07-Sept-24,06:00 Hrs,719,8516,694,5341,0.75,1.1,1.5,2.25,Normal
CHENAB,Marala,07-Sept-24,06:00 Hrs,812,51468,796.8,22218,1,1.5,2,4,Normal
CHENAB,Khanki,07-Sept-24,06:00 Hrs,733,36243,723.2,29297,1,1.5,2,4,Normal
CHENAB,Qadirabad,07-Sept-24,06:00 Hrs,700,26492,685,8492,1,1.5,2,4,Normal
CHENAB,Trimmu,07-Sept-24,06:00 Hrs,490.5,67393,485.1,57093,1.5,2,3,4.5,Normal
CHENAB,Punjnad,07-Sept-24,06:00 Hrs,338,60120,334.8,48930,1.5,2,3,4.5,Normal
RAVI,Jassar,07-Sept-24,06:00 Hrs,-,-,777,4660,0.5,0.75,1,1.5,Normal
RAVI,Shahdara,07-Sept-24,06:00 Hrs,-,-,674,17800,0.4,0.65,0.9,1.35,Normal
RAVI,Balloki,07-Sept-24,06:00 Hrs,633.5,42625,621,16225,0.4,0.65,0.9,1.35,Normal
RAVI,Sidhnai,07-Sept-24,06:00 Hrs,467,26013,457.6,12163,0.3,0.45,0.6,0.9,Normal
SUTLEJ,Bhakara**,07-Sept-24,06:00 Hrs,-,-,-,-,-,-,-,-,-
SUTLEJ,Sulemanki,07-Sept-24,06:00 Hrs,569,18503,560.3,7446,0.5,0.8,1.2,1.75,Normal
SUTLEJ,Islam,07-Sept-24,06:00 Hrs,455,6293,439.2,4293,0.5,0.8,1.2,1.75,Normal
INDUS,khairabad,07-Sept-24,12:00 Hrs,-,-,12.1,148200,2.25,3.75,5,6.5,Normal
INDUS,Kalabagh,07-Sept-24,12:00 Hrs,693,167892,679.5,161968,2.5,3.75,5,6.5,Normal
INDUS,Chashma,07-Sept-24,12:00 Hrs,648.5,200454,613.4,175404,2.5,3.75,5,6.5,Normal
INDUS,Taunsa,07-Sept-24,12:00 Hrs,446.2,180091,429.8,154791,2.5,3.75,5,6.5,Normal
INDUS,Guddu,07-Sept-24,12:00 Hrs,257.9,221798,251.3,188583,2,3.5,5,7,Normal
INDUS,Sukkar,07-Sept-24,12:00 Hrs,200.2,188090,196.7,147940,2,3.5,5,7,Normal
INDUS,Kotri,07-Sept-24,12:00 Hrs,68.2,270082,62.6,261652,2.5,4,5,6.5,Low
JHELUM,Kotli,07-Sept-24,12:00 Hrs,-,-,9.1,6820,-,-,-,-,-
JHELUM,Rasul,07-Sept-24,12:00 Hrs,719,8516,694,5341,0.75,1.1,1.5,2.25,Normal
CHENAB,Marala,07-Sept-24,12:00 Hrs,812,46115,796.5,16865,1,1.5,2,4,Normal
CHENAB,Khanki,07-Sept-24,12:00 Hrs,733,36243,723.2,29297,1,1.5,2,4,Normal
CHENAB,Qadirabad,07-Sept-24,12:00 Hrs,700,26492,685,8492,1,1.5,2,4,Normal
CHENAB,Trimmu,07-Sept-24,12:00 Hrs,490.5,67393,485.1,57093,1.5,2,3,4.5,Normal
CHENAB,Punjnad,07-Sept-24,12:00 Hrs,338,61889,335,50449,1.5,2,3,4.5,Normal
RAVI,Jassar,07-Sept-24,12:00 Hrs,-,-,777,4660,0.5,0.75,1,1.5,Normal
RAVI,Shahdara,07-Sept-24,12:00 Hrs,-,-,674,17800,0.4,0.65,0.9,1.35,Normal
RAVI,Balloki,07-Sept-24,12:00 Hrs,633.5,42625,621,16225,0.4,0.65,0.9,1.35,Normal
RAVI,Sidhnai,07-Sept-24,12:00 Hrs,467,26213,457.6,12163,0.3,0.45,0.6,0.9,Normal
SUTLEJ,Bhakara**,07-Sept-24,12:00 Hrs,-,-,-,-,-,-,-,-,-
SUTLEJ,Sulemanki,07-Sept-24,12:00 Hrs,569,18503,560.3,7446,0.5,0.8,1.2,1.75,Normal
SUTLEJ,Islam,07-Sept-24,12:00 Hrs,455,6293,439.2,4293,0.5,0.8,1.2,1.75,Normal
INDUS,khairabad,07-Sept-24,18:00 Hrs,-,-,10.6,132900,2.25,3.75,5,6.5,Normal
INDUS,Kalabagh,07-Sept-24,18:00 Hrs,693,162554,679.4,156630,2.5,3.75,5,6.5,Normal
INDUS,Chashma,07-Sept-24,18:00 Hrs,648.5,195527,613.3,170777,2.5,3.75,5,6.5,Normal
INDUS,Taunsa,07-Sept-24,18:00 Hrs,446.2,166051,429.6,140751,2.5,3.75,5,6.5,Normal
INDUS,Guddu,07-Sept-24,18:00 Hrs,257.9,221431,251.3,188583,2,3.5,5,7,Normal
INDUS,Sukkar,07-Sept-24,18:00 Hrs,200.2,182200,196.6,142050,2,3.5,5,7,Normal
INDUS,Kotri,07-Sept-24,18:00 Hrs,68.2,264195,62.4,255315,2.5,4,5,6.5,Low
JHELUM,Kotli,07-Sept-24,18:00 Hrs,-,-,8.9,6180,-,-,-,-,-
JHELUM,Rasul,07-Sept-24,18:00 Hrs,719,8516,694,5341,0.75,1.1,1.5,2.25,Normal
CHENAB,Marala,07-Sept-24,18:00 Hrs,812,51268,796.8,22218,1,1.5,2,4,Normal
CHENAB,Khanki,07-Sept-24,18:00 Hrs,733,40818,723.6,33474,1,1.5,2,4,Normal
CHENAB,Qadirabad,07-Sept-24,18:00 Hrs,700,25269,684.6,7269,1,1.5,2,4,Normal
CHENAB,Trimmu,07-Sept-24,18:00 Hrs,490.5,69557,485.2,59257,1.5,2,3,4.5,Normal
CHENAB,Punjnad,07-Sept-24,18:00 Hrs,338,62049,335,50449,1.5,2,3,4.5,Normal
RAVI,Jassar,07-Sept-24,18:00 Hrs,-,-,777,4660,0.5,0.75,1,1.5,Normal
RAVI,Shahdara,07-Sept-24,18:00 Hrs,-,-,673.9,17392,0.4,0.65,0.9,1.35,Normal
RAVI,Balloki,07-Sept-24,18:00 Hrs,633.5,46085,621.5,19685,0.4,0.65,0.9,1.35,Normal
RAVI,Sidhnai,07-Sept-24,18:00 Hrs,467,26363,457.6,12163,0.3,0.45,0.6,0.9,Normal
SUTLEJ,Bhakara**,07-Sept-24,18:00 Hrs,,-,-,-,-,-,-,-,-
SUTLEJ,Sulemanki,07-Sept-24,18:00 Hrs,569,19134,568.5,7728,0.5,0.8,1.2,1.75,Normal
SUTLEJ,Islam,07-Sept-24,18:00 Hrs,455,6293,439.2,4293,0.5,0.8,1.2,1.75,Normal
INDUS,khairabad,07-Sept-24,23:59 Hrs,-,-,10.9,135900,2.25,3.75,5,6.5,Normal
INDUS,Kalabagh,07-Sept-24,23:59 Hrs,693,162554,679.4,156630,2.5,3.75,5,6.5,Normal
INDUS,Chashma,07-Sept-24,23:59 Hrs,648.5,187284,613.3,162584,2.5,3.75,5,6.5,Normal
INDUS,Taunsa,07-Sept-24,23:59 Hrs,446.2,166051,429.6,140751,2.5,3.75,5,6.5,Normal
INDUS,Guddu,07-Sept-24,23:59 Hrs,257.9,221431,251.3,188583,2,3.5,5,7,Normal
INDUS,Sukkar,07-Sept-24,23:59 Hrs,200.2,182200,196.6,142050,2,3.5,5,7,Normal
INDUS,Kotri,07-Sept-24,23:59 Hrs,68.2,264195,62.4,255315,2.5,4,5,6.5,Low
JHELUM,Kotli,07-Sept-24,23:59 Hrs,-,-,9.1,6820,-,-,-,-,-
JHELUM,Rasul,07-Sept-24,23:59 Hrs,719,8666,694,5341,0.75,1.1,1.5,2.25,Normal
CHENAB,Marala,07-Sept-24,23:59 Hrs,812,56621,797.4,27571,1,1.5,2,4,Normal
CHENAB,Khanki,07-Sept-24,23:59 Hrs,733,44784,724,37440,1,1.5,2,4,Normal
CHENAB,Qadirabad,07-Sept-24,23:59 Hrs,700,29090,685.2,11090,1,1.5,2,4,Normal
CHENAB,Trimmu,07-Sept-24,23:59 Hrs,490.5,69557,485.2,59257,1.5,2,3,4.5,Normal
CHENAB,Punjnad,07-Sept-24,23:59 Hrs,NR,NR,NR,NR,1.5,2,3,4.5,Normal
RAVI,Jassar,07-Sept-24,23:59 Hrs,-,-,777,4660,0.5,0.75,1,1.5,Normal
RAVI,Shahdara,07-Sept-24,23:59 Hrs,-,-,674,17800,0.4,0.65,0.9,1.35,Normal
RAVI,Balloki,07-Sept-24,23:59 Hrs,633.5,46085,621.5,19685,0.4,0.65,0.9,1.35,Normal
RAVI,Sidhnai,07-Sept-24,23:59 Hrs,467,26134,457.5,11534,0.3,0.45,0.6,0.9,Normal
SUTLEJ,Bhakara**,07-Sept-24,23:59 Hrs,,-,-,-,-,-,-,-,-
SUTLEJ,Sulemanki,07-Sept-24,23:59 Hrs,569,19134,586.5,7728,0.5,0.8,1.2,1.75,Normal
SUTLEJ,Islam,07-Sept-24,23:59 Hrs,455,6293,439.2,4293,0.5,0.8,1.2,1.75,Normal
INDUS,khairabad,08-Sept-24,06:00 Hrs,-,-,11.6,143000,2.25,3.75,5,6.5,Normal
INDUS,Kalabagh,08-Sept-24,06:00 Hrs,693,167877,679.5,161953,2.5,3.75,5,6.5,Normal
INDUS,Chashma,08-Sept-24,06:00 Hrs,648.5,183435,613.3,158735,2.5,3.75,5,6.5,Normal
INDUS,Taunsa,08-Sept-24,06:00 Hrs,446.2,156960,429.3,131660,2.5,3.75,5,6.5,Normal
INDUS,Guddu,08-Sept-24,06:00 Hrs,257.7,217067,251.2,185058,2,3.5,5,7,Normal
INDUS,Sukkar,08-Sept-24,06:00 Hrs,200.2,178050,196.4,136990,2,3.5,5,7,Normal
INDUS,Kotri,08-Sept-24,06:00 Hrs,68.2,264195,62.4,255315,2.5,4,5,6.5,Low
JHELUM,Kotli,08-Sept-24,06:00 Hrs,-,-,9.1,6820,-,-,-,-,-
JHELUM,Rasul,08-Sept-24,06:00 Hrs,719,8666,694,5341,0.75,1.1,1.5,2.25,Normal
CHENAB,Marala,08-Sept-24,06:00 Hrs,812,45915,796.5,16865,1,1.5,2,4,Normal
CHENAB,Khanki,08-Sept-24,06:00 Hrs,733,27202,722.3,19858,1,1.5,2,4,Normal
CHENAB,Qadirabad,08-Sept-24,06:00 Hrs,700,29090,685.2,11090,1,1.5,2,4,Normal
CHENAB,Trimmu,08-Sept-24,06:00 Hrs,490.5,68300,485.1,58000,1.5,2,3,4.5,Normal
CHENAB,Punjnad,08-Sept-24,06:00 Hrs,338,63612,335.2,51462,1.5,2,3,4.5,Normal
RAVI,Jassar,08-Sept-24,06:00 Hrs,-,-,777,4660,0.5,0.75,1,1.5,Normal
RAVI,Shahdara,08-Sept-24,06:00 Hrs,-,-,674,17800,0.4,0.65,0.9,1.35,Normal
RAVI,Balloki,08-Sept-24,06:00 Hrs,633.5,43775,621.3,17375,0.4,0.65,0.9,1.35,Normal
RAVI,Sidhnai,08-Sept-24,06:00 Hrs,467,26134,457.5,11534,0.3,0.45,0.6,0.9,Normal
SUTLEJ,Bhakara**,08-Sept-24,06:00 Hrs,,-,-,-,-,-,-,-,-
SUTLEJ,Sulemanki,08-Sept-24,06:00 Hrs,569,19607,560.7,8200,0.5,0.8,1.2,1.75,Normal
SUTLEJ,Islam,08-Sept-24,06:00 Hrs,455,6293,439.2,4293,0.5,0.8,1.2,1.75,Normal
INDUS,khairabad,08-Sept-24,12:00 Hrs,-,-,8.2,109700,2.25,3.75,5,6.5,Normal
INDUS,Kalabagh,08-Sept-24,12:00 Hrs,693,167877,679.5,161953,2.5,3.75,5,6.5,Normal
INDUS,Chashma,08-Sept-24,12:00 Hrs,648.5,175736,613,151036,2.5,3.75,5,6.5,Normal
INDUS,Taunsa,08-Sept-24,12:00 Hrs,446.2,156960,429.3,131660,2.5,3.75,5,6.5,Normal
INDUS,Guddu,08-Sept-24,12:00 Hrs,257.9,203617,250.9,172592,2,3.5,5,7,Normal
INDUS,Sukkar,08-Sept-24,12:00 Hrs,200.2,178050,196.4,136990,2,3.5,5,7,Normal
INDUS,Kotri,08-Sept-24,12:00 Hrs,68.2,255900,61.9,246680,2.5,4,5,6.5,Normal
JHELUM,Kotli,08-Sept-24,12:00 Hrs,-,-,9,6500,-,-,-,-,-
JHELUM,Rasul,08-Sept-24,12:00 Hrs,719,8666,694,5341,0.75,1.1,1.5,2.25,Normal
CHENAB,Marala,08-Sept-24,12:00 Hrs,812,40562,795.4,11512,1,1.5,2,4,Normal
CHENAB,Khanki,08-Sept-24,12:00 Hrs,733,34470,723,27126,1,1.5,2,4,Normal
CHENAB,Qadirabad,08-Sept-24,12:00 Hrs,700,23933,684.6,5933,1,1.5,2,4,Normal
CHENAB,Trimmu,08-Sept-24,12:00 Hrs,490.5,67005,485,56705,1.5,2,3,4.5,Normal
CHENAB,Punjnad,08-Sept-24,12:00 Hrs,338,63992,335.2,51462,1.5,2,3,4.5,Normal
RAVI,Jassar,08-Sept-24,12:00 Hrs,-,-,777,4660,0.5,0.75,1,1.5,Normal
RAVI,Shahdara,08-Sept-24,12:00 Hrs,-,-,674,17800,0.4,0.65,0.9,1.35,Normal
RAVI,Balloki,08-Sept-24,12:00 Hrs,633.5,43775,621.3,17375,0.4,0.65,0.9,1.35,Normal
RAVI,Sidhnai,08-Sept-24,12:00 Hrs,467,26234,457.5,11534,0.3,0.45,0.6,0.9,Normal
SUTLEJ,Bhakara**,08-Sept-24,12:00 Hrs,,-,-,-,-,-,-,-,-
SUTLEJ,Sulemanki,08-Sept-24,12:00 Hrs,569,19607,560.7,8200,0.5,0.8,1.2,1.75,Normal
SUTLEJ,Islam,08-Sept-24,12:00 Hrs,455,6293,439.2,4293,0.5,0.8,1.2,1.75,Normal
INDUS,khairabad,08-Sept-24,18:00 Hrs,-,-,7.2,100400,2.25,3.75,5,6.5,Normal
INDUS,Kalabagh,08-Sept-24,18:00 Hrs,693,164704,679.4,158780,2.5,3.75,5,6.5,Normal
INDUS,Chashma,08-Sept-24,18:00 Hrs,648.5,177184,612.6,152484,2.5,3.75,5,6.5,Normal
INDUS,Taunsa,08-Sept-24,18:00 Hrs,446.2,156960,429.3,131660,2.5,3.75,5,6.5,Normal
INDUS,Guddu,08-Sept-24,18:00 Hrs,257.9,203617,250.9,172592,2,3.5,5,7,Normal
INDUS,Sukkar,08-Sept-24,18:00 Hrs,200.2,178050,196.4,136990,2,3.5,5,7,Normal
INDUS,Kotri,08-Sept-24,18:00 Hrs,68.2,244543,61.9,235143,2.5,4,5,6.5,Normal
JHELUM,Kotli,08-Sept-24,18:00 Hrs,-,-,8.8,5870,-,-,-,-,-
JHELUM,Rasul,08-Sept-24,18:00 Hrs,719,3325,691.5,-,0.75,1.1,1.5,2.25,Normal
CHENAB,Marala,08-Sept-24,18:00 Hrs,812,40562,795.4,11512,1,1.5,2,4,Normal
CHENAB,Khanki,08-Sept-24,18:00 Hrs,733,32254,722.8,24910,1,1.5,2,4,Normal
CHENAB,Qadirabad,08-Sept-24,18:00 Hrs,700,21532,684.1,3532,1,1.5,2,4,Normal
CHENAB,Trimmu,08-Sept-24,18:00 Hrs,490.5,60929,484.5,50629,1.5,2,3,4.5,Normal
CHENAB,Punjnad,08-Sept-24,18:00 Hrs,338,63992,335.2,51462,1.5,2,3,4.5,Normal
RAVI,Jassar,08-Sept-24,18:00 Hrs,-,-,777,4660,0.5,0.75,1,1.5,Normal
RAVI,Shahdara,08-Sept-24,18:00 Hrs,-,-,674,17800,0.4,0.65,0.9,1.35,Normal
RAVI,Balloki,08-Sept-24,18:00 Hrs,633.5,42825,621.5,16225,0.4,0.65,0.9,1.35,Normal
RAVI,Sidhnai,08-Sept-24,18:00 Hrs,467,26334,457.5,11534,0.3,0.45,0.6,0.9,Normal
SUTLEJ,Bhakara**,08-Sept-24,18:00 Hrs,,-,-,-,-,-,-,-,-
SUTLEJ,Sulemanki,08-Sept-24,18:00 Hrs,569,18838,560.4,7033,0.5,0.8,1.2,1.75,Normal
SUTLEJ,Islam,08-Sept-24,18:00 Hrs,455,6293,439.2,4293,0.5,0.8,1.2,1.75,Normal
INDUS,khairabad,08-Sept-24,23:59 Hrs,-,-,8.5,112500,2.25,3.75,5,6.5,Normal
INDUS,Kalabagh,08-Sept-24,23:59 Hrs,693,154346,679,148422,2.5,3.75,5,6.5,Normal
INDUS,Chashma,08-Sept-24,23:59 Hrs,648.5,196113,612.6,171413,2.5,3.75,5,6.5,Normal
INDUS,Taunsa,08-Sept-24,23:59 Hrs,446.2,156960,429.3,131660,2.5,3.75,5,6.5,Normal
INDUS,Guddu,08-Sept-24,23:59 Hrs,257.9,203617,250.9,172592,2,3.5,5,7,Normal
INDUS,Sukkar,08-Sept-24,23:59 Hrs,200.2,178050,196.4,136990,2,3.5,5,7,Normal
INDUS,Kotri,08-Sept-24,23:59 Hrs,68.2,244543,61.9,235143,2.5,4,5,6.5,Normal
JHELUM,Kotli,08-Sept-24,23:59 Hrs,-,-,8.9,6180,-,-,-,-,-
JHELUM,Rasul,08-Sept-24,23:59 Hrs,719,3940,691.5,-,0.75,1.1,1.5,2.25,Normal
CHENAB,Marala,08-Sept-24,23:59 Hrs,812,40562,795.4,11512,1,1.5,2,4,Normal
CHENAB,Khanki,08-Sept-24,23:59 Hrs,733,32059,722.8,24910,1,1.5,2,4,Normal
CHENAB,Qadirabad,08-Sept-24,23:59 Hrs,700,23933,684.6,5933,1,1.5,2,4,Normal
CHENAB,Trimmu,08-Sept-24,23:59 Hrs,490.5,57396,484.3,47096,1.5,2,3,4.5,Normal
CHENAB,Punjnad,08-Sept-24,23:59 Hrs,338,63992,335.2,51462,1.5,2,3,4.5,Normal
RAVI,Jassar,08-Sept-24,23:59 Hrs,-,-,777,4660,0.5,0.75,1,1.5,Normal
RAVI,Shahdara,08-Sept-24,23:59 Hrs,-,-,674,17800,0.4,0.65,0.9,1.35,Normal
RAVI,Balloki,08-Sept-24,23:59 Hrs,633.5,42825,621.5,16225,0.4,0.65,0.9,1.35,Normal
RAVI,Sidhnai,08-Sept-24,23:59 Hrs,467,26334,457.5,11534,0.3,0.45,0.6,0.9,Normal
SUTLEJ,Bhakara**,08-Sept-24,23:59 Hrs,,-,-,-,-,-,-,-,-
SUTLEJ,Sulemanki,08-Sept-24,23:59 Hrs,569,18838,560.4,7033,0.5,0.8,1.2,1.75,Normal
SUTLEJ,Islam,08-Sept-24,23:59 Hrs,455,6655,439.3,4655,0.5,0.8,1.2,1.75,Normal
INDUS,khairabad,09-Sept-24,06:00 Hrs,-,-,11.1,137900,2.25,3.75,5,6.5,Normal
INDUS,Kalabagh,09-Sept-24,06:00 Hrs,693,151631,679,145707,2.5,3.75,5,6.5,Normal
INDUS,Chashma,09-Sept-24,06:00 Hrs,648.5,187779,612.8,163079,2.5,3.75,5,6.5,Normal
INDUS,Taunsa,09-Sept-24,06:00 Hrs,446.2,156960,429.3,131660,2.5,3.75,5,6.5,Normal
INDUS,Guddu,09-Sept-24,06:00 Hrs,258.4,207956,251,177421,2,3.5,5,7,Normal
INDUS,Sukkar,09-Sept-24,06:00 Hrs,200.2,172735,196.2,131050,2,3.5,5,7,Normal
INDUS,Kotri,09-Sept-24,06:00 Hrs,68.2,240539,61.4,231159,2.5,4,5,6.5,Normal
JHELUM,Kotli,09-Sept-24,06:00 Hrs,-,-,9,6500,-,-,-,-,-
JHELUM,Rasul,09-Sept-24,06:00 Hrs,719,3940,691.5,-,0.75,1.1,1.5,2.25,Normal
CHENAB,Marala,09-Sept-24,06:00 Hrs,812,36788,795.3,7738,1,1.5,2,4,Normal
CHENAB,Khanki,09-Sept-24,06:00 Hrs,733,18345,721.5,11196,1,1.5,2,4,Normal
CHENAB,Qadirabad,09-Sept-24,06:00 Hrs,700,18000,683.5,-,1,1.5,2,4,Normal
CHENAB,Trimmu,09-Sept-24,06:00 Hrs,490.5,45426,483.8,35126,1.5,2,3,4.5,Normal
CHENAB,Punjnad,09-Sept-24,06:00 Hrs,338,62850,335,50320,1.5,2,3,4.5,Normal
RAVI,Jassar,09-Sept-24,06:00 Hrs,-,-,777,4660,0.5,0.75,1,1.5,Normal
RAVI,Shahdara,09-Sept-24,06:00 Hrs,-,-,673.8,16985,0.4,0.65,0.9,1.35,Normal
RAVI,Balloki,09-Sept-24,06:00 Hrs,633.5,43980,621,17380,0.4,0.65,0.9,1.35,Normal
RAVI,Sidhnai,09-Sept-24,06:00 Hrs,467,26334,457.5,11534,0.3,0.45,0.6,0.9,Normal
SUTLEJ,Bhakara**,09-Sept-24,06:00 Hrs,,-,-,-,-,-,-,-,-
SUTLEJ,Sulemanki,09-Sept-24,06:00 Hrs,569,18434,559.9,6117,0.5,0.8,1.2,1.75,Normal
SUTLEJ,Islam,09-Sept-24,06:00 Hrs,455,6655,439.3,4655,0.5,0.8,1.2,1.75,Normal
INDUS,khairabad,09-Sept-24,12:00 Hrs,-,-,9,117700,2.25,3.75,5,6.5,Normal
INDUS,Kalabagh,09-Sept-24,12:00 Hrs,693,162713,679.2,156789,2.5,3.75,5,6.5,Normal
INDUS,Chashma,09-Sept-24,12:00 Hrs,648.5,165834,612.4,141134,2.5,3.75,5,6.5,Normal
INDUS,Taunsa,09-Sept-24,12:00 Hrs,446.2,156970,429.3,131660,2.5,3.75,5,6.5,Normal
INDUS,Guddu,09-Sept-24,12:00 Hrs,258.4,207016,251,177421,2,3.5,5,7,Normal
INDUS,Sukkar,09-Sept-24,12:00 Hrs,200.2,172735,196.2,41685,2,3.5,5,7,Normal
INDUS,Kotri,09-Sept-24,12:00 Hrs,68.2,232326,60.8,221336,2.5,4,5,6.5,Normal
JHELUM,Kotli,09-Sept-24,12:00 Hrs,-,-,8.8,5870,-,-,-,-,-
JHELUM,Rasul,09-Sept-24,12:00 Hrs,719,9281,694,5341,0.75,1.1,1.5,2.25,Normal
CHENAB,Marala,09-Sept-24,12:00 Hrs,812,40562,795.4,11512,1,1.5,2,4,Normal
CHENAB,Khanki,09-Sept-24,12:00 Hrs,733,18394,721.5,11196,1,1.5,2,4,Normal
CHENAB,Qadirabad,09-Sept-24,12:00 Hrs,700,15000,683,-,1,1.5,2,4,Normal
CHENAB,Trimmu,09-Sept-24,12:00 Hrs,490.5,45426,483.9,35126,1.5,2,3,4.5,Normal
CHENAB,Punjnad,09-Sept-24,12:00 Hrs,338,61050,334.85,48600,1.5,2,3,4.5,Normal
RAVI,Jassar,09-Sept-24,12:00 Hrs,-,-,776.6,3901,0.5,0.75,1,1.5,Normal
RAVI,Shahdara,09-Sept-24,12:00 Hrs,-,-,473.8,16985,0.4,0.65,0.9,1.35,Normal
RAVI,Balloki,09-Sept-24,12:00 Hrs,633.5,43980,621,17380,0.4,0.65,0.9,1.35,Normal
RAVI,Sidhnai,09-Sept-24,12:00 Hrs,467,26334,457.5,11534,0.3,0.45,0.6,0.9,Normal
SUTLEJ,Bhakara**,09-Sept-24,12:00 Hrs,-,-,-,-,-,-,-,-,-
SUTLEJ,Sulemanki,09-Sept-24,12:00 Hrs,569,18434,559.9,6117,0.5,0.8,1.2,1.75,Normal
SUTLEJ,Islam,09-Sept-24,12:00 Hrs,455,6655,439.3,4655,0.5,0.8,1.2,1.75,Normal
INDUS,khairabad,09-Sept-24,18:00 Hrs,-,-,7,98600,2.25,3.75,5,6.5,Normal
INDUS,Kalabagh,09-Sept-24,18:00 Hrs,693,162713,679.2,156789,2.5,3.75,5,6.5,Normal
INDUS,Chashma,09-Sept-24,18:00 Hrs,648.4,156736,612.2,135826,2.5,3.75,5,6.5,Normal
INDUS,Taunsa,09-Sept-24,18:00 Hrs,446.2,148707,429,123407,2.5,3.75,5,6.5,Normal
INDUS,Guddu,09-Sept-24,18:00 Hrs,258.4,207016,251,177421,2,3.5,5,7,Normal
INDUS,Sukkar,09-Sept-24,18:00 Hrs,200.2,172735,196.2,131050,2,3.5,5,7,Normal
INDUS,Kotri,09-Sept-24,18:00 Hrs,68.3,223957,60.4,210957,2.5,4,5,6.5,Normal
JHELUM,Kotli,09-Sept-24,18:00 Hrs,-,-,8.7,5560,-,-,-,-,-
JHELUM,Rasul,09-Sept-24,18:00 Hrs,719,6940,691.5,Nil,0.75,1.1,1.5,2.25,Normal
CHENAB,Marala,09-Sept-24,18:00 Hrs,812,40712,795.4,11512,1,1.5,2,4,Normal
CHENAB,Khanki,09-Sept-24,18:00 Hrs,733,18686,721.5,11196,1,1.5,2,4,Normal
CHENAB,Qadirabad,09-Sept-24,18:00 Hrs,700,15000,683,Nil,1,1.5,2,4,Normal
CHENAB,Trimmu,09-Sept-24,18:00 Hrs,490.5,36381,483.5,26081,1.5,2,3,4.5,Normal
CHENAB,Punjnad,09-Sept-24,18:00 Hrs,338,59512,334.7,46862,1.5,2,3,4.5,Normal
RAVI,Jassar,09-Sept-24,18:00 Hrs,-,-,776.7,3901,0.5,0.75,1,1.5,Normal
RAVI,Shahdara,09-Sept-24,18:00 Hrs,-,-,673.8,16985,0.4,0.65,0.9,1.35,Normal
RAVI,Balloki,09-Sept-24,18:00 Hrs,633.5,41670,620.8,15070,0.4,0.65,0.9,1.35,Normal
RAVI,Sidhnai,09-Sept-24,18:00 Hrs,467,26334,457.5,11534,0.3,0.45,0.6,0.9,Normal
SUTLEJ,Bhakara**,09-Sept-24,18:00 Hrs,-,-,-,-,-,-,-,-,-
SUTLEJ,Sulemanki,09-Sept-24,18:00 Hrs,569,18472,560,6115,0.5,0.8,1.2,1.75,Normal
SUTLEJ,Islam,09-Sept-24,18:00 Hrs,455,6655,439.3,4655,0.5,0.8,1.2,1.75,Normal
INDUS,khairabad,09-Sept-24,23:59 Hrs,-,-,7,98600,2.25,3.75,5,6.5,Normal
INDUS,Kalabagh,09-Sept-24,23:59 Hrs,693,151895,679,145971,2.5,3.75,5,6.5,Normal
INDUS,Chashma,09-Sept-24,23:59 Hrs,648.4,154667,612,136317,2.5,3.75,5,6.5,Normal
INDUS,Taunsa,09-Sept-24,23:59 Hrs,446.2,148707,429,123407,2.5,3.75,5,6.5,Normal
INDUS,Guddu,09-Sept-24,23:59 Hrs,258.4,207016,251,177421,2,3.5,5,7,Normal
INDUS,Sukkar,09-Sept-24,23:59 Hrs,200.2,172735,196.2,131050,2,3.5,5,7,Normal
INDUS,Kotri,09-Sept-24,23:59 Hrs,68.3,223957,60.4,210957,2.5,4,5,6.5,Normal
JHELUM,Kotli,09-Sept-24,23:59 Hrs,-,-,8.6,5270,-,-,-,-,-
JHELUM,Rasul,09-Sept-24,23:59 Hrs,719,6940,691.5,-,0.75,1.1,1.5,2.25,Normal
CHENAB,Marala,09-Sept-24,23:59 Hrs,812,41012,795.4,11512,1,1.5,2,4,Normal
CHENAB,Khanki,09-Sept-24,23:59 Hrs,733,18686,721.5,11196,1,1.5,2,4,Normal
CHENAB,Qadirabad,09-Sept-24,23:59 Hrs,700,15000,683,-,1,1.5,2,4,Normal
CHENAB,Trimmu,09-Sept-24,23:59 Hrs,490.5,38699,483.6,28399,1.5,2,3,4.5,Normal
CHENAB,Punjnad,09-Sept-24,23:59 Hrs,338,59512,334.7,46862,1.5,2,3,4.5,Normal
RAVI,Jassar,09-Sept-24,23:59 Hrs,-,-,776.7,3901,0.5,0.75,1,1.5,Normal
RAVI,Shahdara,09-Sept-24,23:59 Hrs,-,-,673.8,16985,0.4,0.65,0.9,1.35,Normal
RAVI,Balloki,09-Sept-24,23:59 Hrs,633.5,41670,620.8,15070,0.4,0.65,0.9,1.35,Normal
RAVI,Sidhnai,09-Sept-24,23:59 Hrs,467,26034,457.5,11534,0.3,0.45,0.6,0.9,Normal
SUTLEJ,Bhakara**,09-Sept-24,23:59 Hrs,-,-,-,-,-,-,-,-,-
SUTLEJ,Sulemanki,09-Sept-24,23:59 Hrs,569,18472,560,6115,0.5,0.8,1.2,1.75,Normal
SUTLEJ,Islam,09-Sept-24,23:59 Hrs,455,6705,439.3,4655,0.5,0.8,1.2,1.75,Normal
INDUS,khairabad,10-Sept-24,06:00 Hrs,-,-,10.2,128900,2.25,3.75,5,6.5,Normal
INDUS,Kalabagh,10-Sept-24,06:00 Hrs,693,136902,678.8,130978,2.5,3.75,5,6.5,Normal
INDUS,Chashma,10-Sept-24,06:00 Hrs,648.5,151833,611.9,136079,2.5,3.75,5,6.5,Normal
INDUS,Taunsa,10-Sept-24,06:00 Hrs,446.2,143301,428.9,118016,2.5,3.75,5,6.5,Normal
INDUS,Guddu,10-Sept-24,06:00 Hrs,257.7,193961,250.8,167393,2,3.5,5,7,Normal
INDUS,Sukkar,10-Sept-24,06:00 Hrs,200.2,162185,196,119380,2,3.5,5,7,Normal
INDUS,Kotri,10-Sept-24,06:00 Hrs,68.3,213899,60,200779,2.5,4,5,6.5,Normal
JHELUM,Kotli,10-Sept-24,06:00 Hrs,-,-,8.7,5560,-,-,-,-,-
JHELUM,Rasul,10-Sept-24,06:00 Hrs,719,6940,691.5,-,0.75,1.1,1.5,2.25,Normal
CHENAB,Marala,10-Sept-24,06:00 Hrs,812,41012,795.4,11512,1,1.5,2,4,Normal
CHENAB,Khanki,10-Sept-24,06:00 Hrs,733,18686,721.5,11196,1,1.5,2,4,Normal
CHENAB,Qadirabad,10-Sept-24,06:00 Hrs,700,15000,683,-,1,1.5,2,4,Normal
CHENAB,Trimmu,10-Sept-24,06:00 Hrs,490.5,36567,483.4,26267,1.5,2,3,4.5,Normal
CHENAB,Punjnad,10-Sept-24,06:00 Hrs,338,58344,334.4,45694,1.5,2,3,4.5,Normal
RAVI,Jassar,10-Sept-24,06:00 Hrs,-,-,776.7,3901,0.5,0.75,1,1.5,Normal
RAVI,Shahdara,10-Sept-24,06:00 Hrs,-,-,673.8,16985,0.4,0.65,0.9,1.35,Normal
RAVI,Balloki,10-Sept-24,06:00 Hrs,633.5,40515,620.6,13915,0.4,0.65,0.9,1.35,Normal
RAVI,Sidhnai,10-Sept-24,06:00 Hrs,467,26034,457.5,11534,0.3,0.45,0.6,0.9,Normal
SUTLEJ,Bhakara**,10-Sept-24,06:00 Hrs,-,-,-,-,-,-,-,-,-
SUTLEJ,Sulemanki,10-Sept-24,06:00 Hrs,569,17409,559.7,5255,0.5,0.8,1.2,1.75,Normal
SUTLEJ,Islam,10-Sept-24,06:00 Hrs,455,6705,439.3,4655,0.5,0.8,1.2,1.75,Normal
INDUS,khairabad,10-Sept-24,12:00 Hrs,-,-,8,107800,2.25,3.75,5,6.5,Normal
INDUS,Kalabagh,10-Sept-24,12:00 Hrs,693,150938,679,145014,2.5,3.75,5,6.5,Normal
INDUS,Chashma,10-Sept-24,12:00 Hrs,648.5,158484,611.9,139984,2.5,3.75,5,6.5,Normal
INDUS,Taunsa,10-Sept-24,12:00 Hrs,446.2,143316,428.9,118016,2.5,3.75,5,6.5,Normal
INDUS,Guddu,10-Sept-24,12:00 Hrs,257.9,172535,250.4,146052,2,3.5,5,7,Normal
INDUS,Sukkar,10-Sept-24,12:00 Hrs,200.2,162185,196,119380,2,3.5,5,7,Normal
INDUS,Kotri,10-Sept-24,12:00 Hrs,68.3,200184,59.6,187064,2.5,4,5,6.5,Normal
JHELUM,Kotli,10-Sept-24,12:00 Hrs,-,-,8.7,5560,-,-,-,-,-
JHELUM,Rasul,10-Sept-24,12:00 Hrs,719,11575,691.5,-,0.75,1.1,1.5,2.25,Normal
CHENAB,Marala,10-Sept-24,12:00 Hrs,812,37238,795.3,7738,1,1.5,2,4,Normal
CHENAB,Khanki,10-Sept-24,12:00 Hrs,733,18686,721.5,11196,1,1.5,2,4,Normal
CHENAB,Qadirabad,10-Sept-24,12:00 Hrs,700,15662,683,-,1,1.5,2,4,Normal
CHENAB,Trimmu,10-Sept-24,12:00 Hrs,490.5,36567,483.4,26267,1.5,2,3,4.5,Normal
CHENAB,Punjnad,10-Sept-24,12:00 Hrs,338,58294,334.4,45694,1.5,2,3,4.5,Normal
RAVI,Jassar,10-Sept-24,12:00 Hrs,-,-,776.1,2382,0.5,0.75,1,1.5,Normal
RAVI,Shahdara,10-Sept-24,12:00 Hrs,-,-,673.8,16985,0.4,0.65,0.9,1.35,Normal
RAVI,Balloki,10-Sept-24,12:00 Hrs,633.5,39360,620.6,12760,0.4,0.65,0.9,1.35,Normal
RAVI,Sidhnai,10-Sept-24,12:00 Hrs,467,24200,457,9344,0.3,0.45,0.6,0.9,Normal
SUTLEJ,Bhakara**,10-Sept-24,12:00 Hrs,-,-,-,-,-,-,-,-,-
SUTLEJ,Sulemanki,10-Sept-24,12:00 Hrs,569,17409,559.7,5255,0.5,0.8,1.2,1.75,Normal
SUTLEJ,Islam,10-Sept-24,12:00 Hrs,455,6705,439.3,4655,0.5,0.8,1.2,1.75,Normal
INDUS,khairabad,10-Sept-24,18:00 Hrs,-,-,5.4,84500,2.25,3.75,5,6.5,Normal
INDUS,Kalabagh,10-Sept-24,18:00 Hrs,693,138393,678.8,132469,2.5,3.75,5,6.5,Normal
INDUS,Chashma,10-Sept-24,18:00 Hrs,648.6,158462,612,139962,2.5,3.75,5,6.5,Normal
INDUS,Taunsa,10-Sept-24,18:00 Hrs,446.2,143316,428.9,118016,2.5,3.75,5,6.5,Normal
INDUS,Guddu,10-Sept-24,18:00 Hrs,258.1,162949,250.4,138557,2,3.5,5,7,Normal
INDUS,Sukkar,10-Sept-24,18:00 Hrs,200.2,152120,195.9,110070,2,3.5,5,7,Normal
INDUS,Kotri,10-Sept-24,18:00 Hrs,68.3,197635,59.4,183200,2.5,4,5,6.5,Normal
JHELUM,Kotli,10-Sept-24,18:00 Hrs,-,-,8.6,5270,-,-,-,-,-
JHELUM,Rasul,10-Sept-24,18:00 Hrs,719,22715,694.8,7990,0.75,1.1,1.5,2.25,Normal
CHENAB,Marala,10-Sept-24,18:00 Hrs,812,41312,795.4,11512,1,1.5,2,4,Normal
CHENAB,Khanki,10-Sept-24,18:00 Hrs,733,15053,719.3,7464,1,1.5,2,4,Normal
CHENAB,Qadirabad,10-Sept-24,18:00 Hrs,700,18000,683,-,1,1.5,2,4,Normal
CHENAB,Trimmu,10-Sept-24,18:00 Hrs,490.5,35535,483.1,25085,1.5,2,3,4.5,Normal
CHENAB,Punjnad,10-Sept-24,18:00 Hrs,338,58294,334.4,45694,1.5,2,3,4.5,Normal
RAVI,Jassar,10-Sept-24,18:00 Hrs,-,-,776.1,2382,0.5,0.75,1,1.5,Normal
RAVI,Shahdara,10-Sept-24,18:00 Hrs,-,-,673.8,16985,0.4,0.65,0.9,1.35,Normal
RAVI,Balloki,10-Sept-24,18:00 Hrs,633.5,39360,620.6,12760,0.4,0.65,0.9,1.35,Normal
RAVI,Sidhnai,10-Sept-24,18:00 Hrs,467,24500,456.8,9600,0.3,0.45,0.6,0.9,Normal
SUTLEJ,Bhakara**,10-Sept-24,18:00 Hrs,-,-,-,-,-,-,-,-,-
SUTLEJ,Sulemanki,10-Sept-24,18:00 Hrs,569,17481,559.7,5255,0.5,0.8,1.2,1.75,Normal
SUTLEJ,Islam,10-Sept-24,18:00 Hrs,455,6705,439.3,4655,0.5,0.8,1.2,1.75,Normal
INDUS,khairabad,10-Sept-24,23:59 Hrs,-,-,4.4,76000,2.25,3.75,5,6.5,Normal
INDUS,Kalabagh,10-Sept-24,23:59 Hrs,693,138563,678.8,132469,2.5,3.75,5,6.5,Normal
INDUS,Chashma,10-Sept-24,23:59 Hrs,648.6,158581,612,140081,2.5,3.75,5,6.5,Normal
INDUS,Taunsa,10-Sept-24,23:59 Hrs,446.2,143316,428.9,118016,2.5,3.75,5,6.5,Normal
INDUS,Guddu,10-Sept-24,23:59 Hrs,258.1,162949,250.4,138557,2,3.5,5,7,Normal
INDUS,Sukkar,10-Sept-24,23:59 Hrs,200.2,152120,195.9,110070,2,3.5,5,7,Normal
INDUS,Kotri,10-Sept-24,23:59 Hrs,68.3,197635,59.4,183200,2.5,4,5,6.5,Normal
JHELUM,Kotli,10-Sept-24,23:59 Hrs,-,-,8.7,5560,-,-,-,-,-
JHELUM,Rasul,10-Sept-24,23:59 Hrs,719,15325,691.5,-,0.75,1.1,1.5,2.25,Normal
CHENAB,Marala,10-Sept-24,23:59 Hrs,812,41312,795.4,11512,1,1.5,2,4,Normal
CHENAB,Khanki,10-Sept-24,23:59 Hrs,733,16919,720.7,9330,1,1.5,2,4,Normal
CHENAB,Qadirabad,10-Sept-24,23:59 Hrs,700,20291,684,2291,1,1.5,2,4,Normal
CHENAB,Trimmu,10-Sept-24,23:59 Hrs,490.5,35385,483.1,25085,1.5,2,3,4.5,Normal
CHENAB,Punjnad,10-Sept-24,23:59 Hrs,338,58294,334.4,45694,1.5,2,3,4.5,Normal
RAVI,Jassar,10-Sept-24,23:59 Hrs,-,-,776.1,2382,0.5,0.75,1,1.5,Normal
RAVI,Shahdara,10-Sept-24,23:59 Hrs,-,-,673.8,16985,0.4,0.65,0.9,1.35,Normal
RAVI,Balloki,10-Sept-24,23:59 Hrs,633.5,39360,620.6,12760,0.4,0.65,0.9,1.35,Normal
RAVI,Sidhnai,10-Sept-24,23:59 Hrs,467,24600,456.8,9600,0.3,0.45,0.6,0.9,Normal
SUTLEJ,Bhakara**,10-Sept-24,23:59 Hrs,-,-,-,-,-,-,-,-,-
SUTLEJ,Sulemanki,10-Sept-24,23:59 Hrs,569,17481,559.7,5255,0.5,0.8,1.2,1.75,Normal
SUTLEJ,Islam,10-Sept-24,23:59 Hrs,455,6705,439.3,4655,0.5,0.8,1.2,1.75,Normal
INDUS,khairabad,11-Sept-24,06:00 Hrs,-,-,7.6,104100,2.25,3.75,5,6.5,Normal
INDUS,Kalabagh,11-Sept-24,06:00 Hrs,693,138187,678.8,131863,2.5,3.75,5,6.5,Normal
INDUS,Chashma,11-Sept-24,06:00 Hrs,648.5,158616,612,140116,2.5,3.75,5,6.5,Normal
INDUS,Taunsa,11-Sept-24,06:00 Hrs,446.2,127836,428.5,102536,2.5,3.75,5,6.5,Normal
INDUS,Guddu,11-Sept-24,06:00 Hrs,258.1,175322,250.4,148944,2,3.5,5,7,Normal
INDUS,Sukkar,11-Sept-24,06:00 Hrs,200.2,149885,195.6,117635,2,3.5,5,7,Normal
INDUS,Kotri,11-Sept-24,06:00 Hrs,68.3,190904,59.1,175769,2.5,4,5,6.5,Normal
JHELUM,Kotli,11-Sept-24,06:00 Hrs,-,-,8.8,5870,-,-,-,-,-
JHELUM,Rasul,11-Sept-24,06:00 Hrs,719,16837,691.5,-,0.75,1.1,1.5,2.25,Normal
CHENAB,Marala,11-Sept-24,06:00 Hrs,812,41312,795.4,11512,1,1.5,2,4,Normal
CHENAB,Khanki,11-Sept-24,06:00 Hrs,733,15053,719.3,7464,1,1.5,2,4,Normal
CHENAB,Qadirabad,11-Sept-24,06:00 Hrs,700,20291,684,2291,1,1.5,2,4,Normal
CHENAB,Trimmu,11-Sept-24,06:00 Hrs,490.5,32942,483,22642,1.5,2,3,4.5,Normal
CHENAB,Punjnad,11-Sept-24,06:00 Hrs,338,58294,334.4,45694,1.5,2,3,4.5,Normal
RAVI,Jassar,11-Sept-24,06:00 Hrs,-,-,776.1,2382,0.5,0.75,1,1.5,Normal
RAVI,Shahdara,11-Sept-24,06:00 Hrs,-,-,673.7,16576,0.4,0.65,0.9,1.35,Normal
RAVI,Balloki,11-Sept-24,06:00 Hrs,633.5,35865,619.6,9265,0.4,0.65,0.9,1.35,Normal
RAVI,Sidhnai,11-Sept-24,06:00 Hrs,467,24600,456.8,9600,0.3,0.45,0.6,0.9,Normal
SUTLEJ,Bhakara**,11-Sept-24,06:00 Hrs,-,-,-,-,-,-,-,-,-
SUTLEJ,Sulemanki,11-Sept-24,06:00 Hrs,569,16343,559.3,4020,0.5,0.8,1.2,1.75,Normal
SUTLEJ,Islam,11-Sept-24,06:00 Hrs,455,6705,439.3,4655,0.5,0.8,1.2,1.75,Normal
INDUS,khairabad,11-Sept-24,12:00 Hrs,-,-,5,81100,2.25,3.75,5,6.5,Normal
INDUS,Kalabagh,11-Sept-24,12:00 Hrs,693,138187,678.8,131863,2.5,3.75,5,6.5,Normal
INDUS,Chashma,11-Sept-24,12:00 Hrs,648.6,158480,612.1,139980,2.5,3.75,5,6.5,Normal
INDUS,Taunsa,11-Sept-24,12:00 Hrs,446.2,122191,428.4,96091,2.5,3.75,5,6.5,Normal
INDUS,Guddu,11-Sept-24,12:00 Hrs,258.1,175322,250.4,148944,2,3.5,5,7,Normal
INDUS,Sukkar,11-Sept-24,12:00 Hrs,200.2,149885,195.6,117605,2,3.5,5,7,Normal
INDUS,Kotri,11-Sept-24,12:00 Hrs,68.3,190904,59.1,175769,2.5,4,5,6.5,Normal
JHELUM,Kotli,11-Sept-24,12:00 Hrs,-,-,8.6,5270,-,-,-,-,-
JHELUM,Rasul,11-Sept-24,12:00 Hrs,719,17418,691.5,-,0.75,1.1,1.5,2.25,Normal
CHENAB,Marala,11-Sept-24,12:00 Hrs,812,45086,795.5,15286,1,1.5,2,4,Normal
CHENAB,Khanki,11-Sept-24,12:00 Hrs,733,15238,720.2,7464,1,1.5,2,4,Normal
CHENAB,Qadirabad,11-Sept-24,12:00 Hrs,700,20291,684,2291,1,1.5,2,4,Normal
CHENAB,Trimmu,11-Sept-24,12:00 Hrs,490.5,32942,483,22642,1.5,2,3,4.5,Normal
CHENAB,Punjnad,11-Sept-24,12:00 Hrs,338,58394,334.4,45694,1.5,2,3,4.5,Normal
RAVI,Jassar,11-Sept-24,12:00 Hrs,-,-,776.1,2382,0.5,0.75,1,1.5,Normal
RAVI,Shahdara,11-Sept-24,12:00 Hrs,-,-,673.7,16576,0.4,0.65,0.9,1.35,Normal
RAVI,Balloki,11-Sept-24,12:00 Hrs,633.5,37020,619.7,10420,0.4,0.65,0.9,1.35,Normal
RAVI,Sidhnai,11-Sept-24,12:00 Hrs,467,23446,457.7,8446,0.3,0.45,0.6,0.9,Normal
SUTLEJ,Bhakara**,11-Sept-24,12:00 Hrs,-,-,-,-,-,-,-,-,-
SUTLEJ,Sulemanki,11-Sept-24,12:00 Hrs,569,16343,559.3,4020,0.5,0.8,1.2,1.75,Normal
SUTLEJ,Islam,11-Sept-24,12:00 Hrs,455,6705,439.3,4655,0.5,0.8,1.2,1.75,Normal
INDUS,khairabad,11-Sept-24,18:00 Hrs,-,-,4.6,77700,2.25,3.75,5,6.5,Normal
INDUS,Kalabagh,11-Sept-24,18:00 Hrs,693,129734,678.7,123410,2.5,3.75,5,6.5,Normal
INDUS,Chashma,11-Sept-24,18:00 Hrs,648.4,174432,612.3,157142,2.5,3.75,5,6.5,Normal
INDUS,Taunsa,11-Sept-24,18:00 Hrs,446.5,117235,428.3,91818,2.5,3.75,5,6.5,Normal
INDUS,Guddu,11-Sept-24,18:00 Hrs,258.1,174377,250.4,148944,2,3.5,5,7,Normal
INDUS,Sukkar,11-Sept-24,18:00 Hrs,200.2,149885,195.6,117605,2,3.5,5,7,Normal
INDUS,Kotri,11-Sept-24,18:00 Hrs,68.3,190744,59.1,175769,2.5,4,5,6.5,Normal
JHELUM,Kotli,11-Sept-24,18:00 Hrs,-,-,8.5,4980,-,-,-,-,-
JHELUM,Rasul,11-Sept-24,18:00 Hrs,719,18009,691.5,-,0.75,1.1,1.5,2.25,Normal
CHENAB,Marala,11-Sept-24,18:00 Hrs,812,41362,795.4,11512,1,1.5,2,4,Normal
CHENAB,Khanki,11-Sept-24,18:00 Hrs,733,15058,720,7284,1,1.5,2,4,Normal
CHENAB,Qadirabad,11-Sept-24,18:00 Hrs,700,20291,684,2291,1,1.5,2,4,Normal
CHENAB,Trimmu,11-Sept-24,18:00 Hrs,490.5,33076,483.8,21176,1.5,2,3,4.5,Normal
CHENAB,Punjnad,11-Sept-24,18:00 Hrs,338,58394,334.4,45694,1.5,2,3,4.5,Normal
RAVI,Jassar,11-Sept-24,18:00 Hrs,-,-,776.1,2382,0.5,0.75,1,1.5,Normal
RAVI,Shahdara,11-Sept-24,18:00 Hrs,-,-,673.7,16576,0.4,0.65,0.9,1.35,Normal
RAVI,Balloki,11-Sept-24,18:00 Hrs,633.5,37020,619.7,10420,0.4,0.65,0.9,1.35,Normal
RAVI,Sidhnai,11-Sept-24,18:00 Hrs,467,23446,456.7,8446,0.3,0.45,0.6,0.9,Normal
SUTLEJ,Bhakara**,11-Sept-24,18:00 Hrs,-,-,-,-,-,-,-,-,-
SUTLEJ,Sulemanki,11-Sept-24,18:00 Hrs,569,16396,559.3,4020,0.5,0.8,1.2,1.75,Normal
SUTLEJ,Islam,11-Sept-24,18:00 Hrs,455,6855,439.3,4655,0.5,0.8,1.2,1.75,Normal
INDUS,khairabad,11-Sept-24,23:59 Hrs,-,-,6.6,95000,2.25,3.75,5,6.5,Normal
INDUS,Kalabagh,11-Sept-24,23:59 Hrs,693,117432,678.5,111108,2.5,3.75,5,6.5,Normal
INDUS,Chashma,11-Sept-24,23:59 Hrs,648,170447,612.5,157163,2.5,3.75,5,6.5,Normal
INDUS,Taunsa,11-Sept-24,23:59 Hrs,446.5,117235,428.3,91818,2.5,3.75,5,6.5,Normal
INDUS,Guddu,11-Sept-24,23:59 Hrs,258.1,174377,250.4,148944,2,3.5,5,7,Normal
INDUS,Sukkar,11-Sept-24,23:59 Hrs,200.2,149885,195.6,117605,2,3.5,5,7,Normal
INDUS,Kotri,11-Sept-24,23:59 Hrs,68.3,190744,59.1,175769,2.5,4,5,6.5,Normal
JHELUM,Kotli,11-Sept-24,23:59 Hrs,-,-,8.6,5270,-,-,-,-,-
JHELUM,Rasul,11-Sept-24,23:59 Hrs,719,18265,691.5,-,0.75,1.1,1.5,2.25,Normal
CHENAB,Marala,11-Sept-24,23:59 Hrs,812,38512,795.4,11512,1,1.5,2,4,Normal
CHENAB,Khanki,11-Sept-24,23:59 Hrs,732.5,19633,731.4,12747,1,1.5,2,4,Normal
CHENAB,Qadirabad,11-Sept-24,23:59 Hrs,700,25277,685,13277,1,1.5,2,4,Normal
CHENAB,Trimmu,11-Sept-24,23:59 Hrs,490.5,31438,482.7,19538,1.5,2,3,4.5,Normal
CHENAB,Punjnad,11-Sept-24,23:59 Hrs,338,58394,334.4,45694,1.5,2,3,4.5,Normal
RAVI,Jassar,11-Sept-24,23:59 Hrs,-,-,776.1,2382,0.5,0.75,1,1.5,Normal
RAVI,Shahdara,11-Sept-24,23:59 Hrs,-,-,673.7,16576,0.4,0.65,0.9,1.35,Normal
RAVI,Balloki,11-Sept-24,23:59 Hrs,633.5,37020,619.7,10420,0.4,0.65,0.9,1.35,Normal
RAVI,Sidhnai,11-Sept-24,23:59 Hrs,467,23446,456.7,8446,0.3,0.45,0.6,0.9,Normal
SUTLEJ,Bhakara**,11-Sept-24,23:59 Hrs,-,-,-,-,-,-,-,-,-
SUTLEJ,Sulemanki,11-Sept-24,23:59 Hrs,569,16396,559.3,4020,0.5,0.8,1.2,1.75,Normal
SUTLEJ,Islam,11-Sept-24,23:59 Hrs,455,6855,439.3,4655,0.5,0.8,1.2,1.75,Normal
INDUS,khairabad,12-Sept-24,06:00 Hrs,-,-,9,117300,2.25,3.75,5,6.5,Normal
INDUS,Kalabagh,12-Sept-24,06:00 Hrs,693,118353,678.5,112029,2.5,3.75,5,6.5,Normal
INDUS,Chashma,12-Sept-24,06:00 Hrs,647.8,169159,612.5,156705,2.5,3.75,5,6.5,Normal
INDUS,Taunsa,12-Sept-24,06:00 Hrs,446.5,122498,428.4,96260,2.5,3.75,5,6.5,Normal
INDUS,Guddu,12-Sept-24,06:00 Hrs,257.4,168176,250.3,143101,2,3.5,5,7,Normal
INDUS,Sukkar,12-Sept-24,06:00 Hrs,200.2,136250,195,99620,2,3.5,5,7,Normal
INDUS,Kotri,12-Sept-24,06:00 Hrs,69,172956,58.6,165096,2.5,4,5,6.5,Normal
JHELUM,Kotli,12-Sept-24,06:00 Hrs,-,-,8.7,5560,-,-,-,-,-
JHELUM,Rasul,12-Sept-24,06:00 Hrs,719,17418,691.5,-,0.75,1.1,1.5,2.25,Normal
CHENAB,Marala,12-Sept-24,06:00 Hrs,812,NR,795.4,NR,1,1.5,2,4,Normal
CHENAB,Khanki,12-Sept-24,06:00 Hrs,732.5,15294,720.7,9105,1,1.5,2,4,Normal
CHENAB,Qadirabad,12-Sept-24,06:00 Hrs,700,25277,685,13277,1,1.5,2,4,Normal
CHENAB,Trimmu,12-Sept-24,06:00 Hrs,490.5,31438,482.7,19538,1.5,2,3,4.5,Normal
CHENAB,Punjnad,12-Sept-24,06:00 Hrs,338,58394,334.4,45694,1.5,2,3,4.5,Normal
RAVI,Jassar,12-Sept-24,06:00 Hrs,-,-,776.1,2382,0.5,0.75,1,1.5,Normal
RAVI,Shahdara,12-Sept-24,06:00 Hrs,-,-,673.6,16168,0.4,0.65,0.9,1.35,Normal
RAVI,Balloki,12-Sept-24,06:00 Hrs,633.5,37020,619.7,10420,0.4,0.65,0.9,1.35,Normal
RAVI,Sidhnai,12-Sept-24,06:00 Hrs,467,22802,456.6,7802,0.3,0.45,0.6,0.9,Normal
SUTLEJ,Bhakara**,12-Sept-24,06:00 Hrs,-,-,-,-,-,-,-,-,-
SUTLEJ,Sulemanki,12-Sept-24,06:00 Hrs,569,15961,559,3585,0.5,0.8,1.2,1.75,Normal
SUTLEJ,Islam,12-Sept-24,06:00 Hrs,455,6855,439.3,4655,0.5,0.8,1.2,1.75,Normal
INDUS,khairabad,12-Sept-24,12:00 Hrs,-,-,6.2,91500,2.25,3.75,5,6.5,Normal
INDUS,Kalabagh,12-Sept-24,12:00 Hrs,693,118353,678.5,112029,2.5,3.75,5,6.5,Normal
INDUS,Chashma,12-Sept-24,12:00 Hrs,647.4,161217,612.4,150023,2.5,3.75,5,6.5,Normal
INDUS,Taunsa,12-Sept-24,12:00 Hrs,446.5,130083,428.5,103583,2.5,3.75,5,6.5,Normal
INDUS,Guddu,12-Sept-24,12:00 Hrs,257.4,160288,250,135213,2,3.5,5,7,Normal
INDUS,Sukkar,12-Sept-24,12:00 Hrs,200.2,130430,194.9,92880,2,3.5,5,7,Normal
INDUS,Kotri,12-Sept-24,12:00 Hrs,69.6,169538,58.7,168938,2.5,4,5,6.5,Normal
JHELUM,Kotli,12-Sept-24,12:00 Hrs,-,-,8.5,4980,-,-,-,-,-
JHELUM,Rasul,12-Sept-24,12:00 Hrs,719,16347,691.5,-,0.75,1.1,1.5,2.25,Normal
CHENAB,Marala,12-Sept-24,12:00 Hrs,812,38512,795.4,11512,1,1.5,2,4,Normal
CHENAB,Khanki,12-Sept-24,12:00 Hrs,732.5,16494,721.1,10926,1,1.5,2,4,Normal
CHENAB,Qadirabad,12-Sept-24,12:00 Hrs,700,27871,685.4,15871,1,1.5,2,4,Normal
CHENAB,Trimmu,12-Sept-24,12:00 Hrs,490,28587,482,16687,1.5,2,3,4.5,Normal
CHENAB,Punjnad,12-Sept-24,12:00 Hrs,338,54704,333.7,40224,1.5,2,3,4.5,Normal
RAVI,Jassar,12-Sept-24,12:00 Hrs,-,-,777.2,4999,0.5,0.75,1,1.5,Normal
RAVI,Shahdara,12-Sept-24,12:00 Hrs,-,-,673.6,16168,0.4,0.65,0.9,1.35,Normal
RAVI,Balloki,12-Sept-24,12:00 Hrs,633.5,37020,619.7,10420,0.4,0.65,0.9,1.35,Normal
RAVI,Sidhnai,12-Sept-24,12:00 Hrs,467,21906,456.1,6906,0.3,0.45,0.6,0.9,Normal
SUTLEJ,Bhakara**,12-Sept-24,12:00 Hrs,-,-,-,-,-,-,-,-,-
SUTLEJ,Sulemanki,12-Sept-24,12:00 Hrs,569,15961,559,3585,0.5,0.8,1.2,1.75,Normal
SUTLEJ,Islam,12-Sept-24,12:00 Hrs,455,6855,439.3,4655,0.5,0.8,1.2,1.75,Normal
INDUS,khairabad,12-Sept-24,18:00 Hrs,-,-,4,72700,2.25,3.75,5,6.5,Normal
INDUS,Kalabagh,12-Sept-24,18:00 Hrs,693,118208,678.5,111484,2.5,3.75,5,6.5,Normal
INDUS,Chashma,12-Sept-24,18:00 Hrs,647,160008,612.4,150074,2.5,3.75,5,6.5,Normal
INDUS,Taunsa,12-Sept-24,18:00 Hrs,446.5,130083,428.5,103583,2.5,3.75,5,6.5,Normal
INDUS,Guddu,12-Sept-24,18:00 Hrs,257.4,160288,250,135213,2,3.5,5,7,Normal
INDUS,Sukkar,12-Sept-24,18:00 Hrs,200.2,130430,194.9,92880,2,3.5,5,7,Normal
INDUS,Kotri,12-Sept-24,18:00 Hrs,69.6,169538,58.7,168938,2.5,4,5,6.5,Normal
JHELUM,Kotli,12-Sept-24,18:00 Hrs,-,-,8.4,4700,-,-,-,-,-
JHELUM,Rasul,12-Sept-24,18:00 Hrs,719,16192,691.5,Nil,0.75,1.1,1.5,2.25,Normal
CHENAB,Marala,12-Sept-24,18:00 Hrs,812,38512,795.4,11512,1,1.5,2,4,Normal
CHENAB,Khanki,12-Sept-24,18:00 Hrs,732.5,14673,720.7,9105,1,1.5,2,4,Normal
CHENAB,Qadirabad,12-Sept-24,18:00 Hrs,700,23991,684.8,11991,1,1.5,2,4,Normal
CHENAB,Trimmu,12-Sept-24,18:00 Hrs,490.5,28687,482,16687,1.5,2,3,4.5,Normal
CHENAB,Punjnad,12-Sept-24,18:00 Hrs,338,54754,333.7,40224,1.5,2,3,4.5,Normal
RAVI,Jassar,12-Sept-24,18:00 Hrs,-,-,777.2,4999,0.5,0.75,1,1.5,Normal
RAVI,Shahdara,12-Sept-24,18:00 Hrs,-,-,674,17800,0.4,0.65,0.9,1.35,Normal
RAVI,Balloki,12-Sept-24,18:00 Hrs,633.5,36165,619.7,9265,0.4,0.65,0.9,1.35,Normal
RAVI,Sidhnai,12-Sept-24,18:00 Hrs,467,22006,456,6906,0.3,0.45,0.6,0.9,Normal
SUTLEJ,Bhakara**,12-Sept-24,18:00 Hrs,-,-,-,-,-,-,-,-,-
SUTLEJ,Sulemanki,12-Sept-24,18:00 Hrs,569,15550,558.8,3174,0.5,0.8,1.2,1.75,Normal
SUTLEJ,Islam,12-Sept-24,18:00 Hrs,455,6140,438.95,3940,0.5,0.8,1.2,1.75,Normal
INDUS,khairabad,12-Sept-24,23:59 Hrs,-,-,10.5,131900,2.25,3.75,5,6.5,Normal
INDUS,Kalabagh,12-Sept-24,23:59 Hrs,693,118394,678.5,111484,2.5,3.75,5,6.5,Normal
INDUS,Chashma,12-Sept-24,23:59 Hrs,646.8,159132,612.4,150062,2.5,3.75,5,6.5,Normal
INDUS,Taunsa,12-Sept-24,23:59 Hrs,446.5,130083,428.5,103583,2.5,3.75,5,6.5,Normal
INDUS,Guddu,12-Sept-24,23:59 Hrs,257.4,160288,250,135213,2,3.5,5,7,Normal
INDUS,Sukkar,12-Sept-24,23:59 Hrs,200.2,130430,194.9,92880,2,3.5,5,7,Normal
INDUS,Kotri,12-Sept-24,23:59 Hrs,69.6,169538,58.7,168938,2.5,4,5,6.5,Normal
JHELUM,Kotli,12-Sept-24,23:59 Hrs,-,-,8.5,4980,-,-,-,-,-
JHELUM,Rasul,12-Sept-24,23:59 Hrs,719,16192,691.5,-,0.75,1.1,1.5,2.25,Normal
CHENAB,Marala,12-Sept-24,23:59 Hrs,812,38512,795.4,11512,1,1.5,2,4,Normal
CHENAB,Khanki,12-Sept-24,23:59 Hrs,733,14673,720.7,9105,1,1.5,2,4,Normal
CHENAB,Qadirabad,12-Sept-24,23:59 Hrs,700,23991,684.8,11991,1,1.5,2,4,Normal
CHENAB,Trimmu,12-Sept-24,23:59 Hrs,490.5,28883,481.8,16883,1.5,2,3,4.5,Normal
CHENAB,Punjnad,12-Sept-24,23:59 Hrs,338,54754,333.7,40224,1.5,2,3,4.5,Normal
RAVI,Jassar,12-Sept-24,23:59 Hrs,-,-,777,4660,0.5,0.75,1,1.5,Normal
RAVI,Shahdara,12-Sept-24,23:59 Hrs,-,-,674,17800,0.4,0.65,0.9,1.35,Normal
RAVI,Balloki,12-Sept-24,23:59 Hrs,633.5,36965,619.5,9265,0.4,0.65,0.9,1.35,Normal
RAVI,Sidhnai,12-Sept-24,23:59 Hrs,467,22006,456,6906,0.3,0.45,0.6,0.9,Normal
SUTLEJ,Bhakara**,12-Sept-24,23:59 Hrs,-,-,-,-,-,-,-,-,-
SUTLEJ,Sulemanki,12-Sept-24,23:59 Hrs,569,15550,558.8,3174,0.5,0.8,1.2,1.75,Normal
SUTLEJ,Islam,12-Sept-24,23:59 Hrs,455,5465,438.7,3265,0.5,0.8,1.2,1.75,Normal
INDUS,khairabad,13-Sept-24,06:00 Hrs,-,-,10.4,130900,2.25,3.75,5,6.5,Normal
INDUS,Kalabagh,13-Sept-24,06:00 Hrs,693,134634,678.7,127594,2.5,3.75,5,6.5,Normal
INDUS,Chashma,13-Sept-24,06:00 Hrs,646.8,160639,612.4,150139,2.5,3.75,5,6.5,Normal
INDUS,Taunsa,13-Sept-24,06:00 Hrs,446.5,130083,428.5,104247,2.5,3.75,5,6.5,Normal
INDUS,Guddu,13-Sept-24,06:00 Hrs,257.4,159435,250,134764,2,3.5,5,7,Normal
INDUS,Sukkar,13-Sept-24,06:00 Hrs,200,124950,194.5,82640,2,3.5,5,7,Normal
INDUS,Kotri,13-Sept-24,06:00 Hrs,69,168999,58.1,168999,2.5,4,5,6.5,Normal
JHELUM,Kotli,13-Sept-24,06:00 Hrs,-,-,8.6,5270,-,-,-,-,-
JHELUM,Rasul,13-Sept-24,06:00 Hrs,719,16192,691.5,-,0.75,1.1,1.5,2.25,Normal
CHENAB,Marala,13-Sept-24,06:00 Hrs,812,38512,795.4,11512,1,1.5,2,4,Normal
CHENAB,Khanki,13-Sept-24,06:00 Hrs,732.5,14673,720.7,9105,1,1.5,2,4,Normal
CHENAB,Qadirabad,13-Sept-24,06:00 Hrs,700,23991,684.8,11991,1,1.5,2,4,Normal
CHENAB,Trimmu,13-Sept-24,06:00 Hrs,490.5,29883,481.8,16883,1.5,2,3,4.5,Normal
CHENAB,Punjnad,13-Sept-24,06:00 Hrs,338,50062,333.2,35532,1.5,2,3,4.5,Normal
RAVI,Jassar,13-Sept-24,06:00 Hrs,-,-,777,4660,0.5,0.75,1,1.5,Normal
RAVI,Shahdara,13-Sept-24,06:00 Hrs,-,-,674,17800,0.4,0.65,0.9,1.35,Normal
RAVI,Balloki,13-Sept-24,06:00 Hrs,633.5,34155,618.6,6455,0.4,0.65,0.9,1.35,Normal
RAVI,Sidhnai,13-Sept-24,06:00 Hrs,467,22006,456,6906,0.3,0.45,0.6,0.9,Normal
SUTLEJ,Bhakara**,13-Sept-24,06:00 Hrs,-,-,-,-,-,-,-,-,-
SUTLEJ,Sulemanki,13-Sept-24,06:00 Hrs,569,15647,558.8,3174,0.5,0.8,1.2,1.75,Normal
SUTLEJ,Islam,13-Sept-24,06:00 Hrs,455,5465,438.7,3265,0.5,0.8,1.2,1.75,Normal
INDUS,khairabad,13-Sept-24,12:00 Hrs,-,-,8,107800,2.25,3.75,5,6.5,Normal
INDUS,Kalabagh,13-Sept-24,12:00 Hrs,693,157385,679.2,150345,2.5,3.75,5,6.5,Normal
INDUS,Chashma,13-Sept-24,12:00 Hrs,646.4,156735,612.4,150075,2.5,3.75,5,6.5,Normal
INDUS,Taunsa,13-Sept-24,12:00 Hrs,446.5,130083,428.5,104247,2.5,3.75,5,6.5,Normal
INDUS,Guddu,13-Sept-24,12:00 Hrs,256.8,153314,249.8,128363,2,3.5,5,7,Normal
INDUS,Sukkar,13-Sept-24,12:00 Hrs,200,124950,194.5,82640,2,3.5,5,7,Normal
INDUS,Kotri,13-Sept-24,12:00 Hrs,69,168999,58.1,168999,2.5,4,5,6.5,Normal
JHELUM,Kotli,13-Sept-24,12:00 Hrs,-,-,8.4,6700,-,-,-,-,-
JHELUM,Rasul,13-Sept-24,12:00 Hrs,719,16930,691.5,-,0.75,1.1,1.5,2.25,Normal
CHENAB,Marala,13-Sept-24,12:00 Hrs,812,36720,795.3,9720,1,1.5,2,4,Normal
CHENAB,Khanki,13-Sept-24,12:00 Hrs,732.5,14673,720.7,9105,1,1.5,2,4,Normal
CHENAB,Qadirabad,13-Sept-24,12:00 Hrs,700,23991,684.8,11991,1,1.5,2,4,Normal
CHENAB,Trimmu,13-Sept-24,12:00 Hrs,490.5,27856,480.8,14856,1.5,2,3,4.5,Normal
CHENAB,Punjnad,13-Sept-24,12:00 Hrs,338,50062,333.2,35532,1.5,2,3,4.5,Normal
RAVI,Jassar,13-Sept-24,12:00 Hrs,-,-,776.5,3395,0.5,0.75,1,1.5,Normal
RAVI,Shahdara,13-Sept-24,12:00 Hrs,-,-,674,17800,0.4,0.65,0.9,1.35,Normal
RAVI,Balloki,13-Sept-24,12:00 Hrs,633.5,34155,618.6,6455,0.4,0.65,0.9,1.35,Normal
RAVI,Sidhnai,13-Sept-24,12:00 Hrs,467,21283,455.8,6183,0.3,0.45,0.6,0.9,Normal
SUTLEJ,Bhakara**,13-Sept-24,12:00 Hrs,-,-,-,-,-,-,-,-,-
SUTLEJ,Sulemanki,13-Sept-24,12:00 Hrs,569,15647,558.8,3174,0.5,0.8,1.2,1.75,Normal
SUTLEJ,Islam,13-Sept-24,12:00 Hrs,455,5465,438.7,3265,0.5,0.8,1.2,1.75,Normal
INDUS,khairabad,13-Sept-24,18:00 Hrs,-,-,5.6,86200,2.25,3.75,5,6.5,Normal
INDUS,Kalabagh,13-Sept-24,18:00 Hrs,693,147300,679.1,140260,2.5,3.75,5,6.5,Normal
INDUS,Chashma,13-Sept-24,18:00 Hrs,646.1,160490,612.4,149990,2.5,3.75,5,6.5,Normal
INDUS,Taunsa,13-Sept-24,18:00 Hrs,446.5,136014,428.6,109514,2.5,3.75,5,6.5,Normal
INDUS,Guddu,13-Sept-24,18:00 Hrs,256.5,150940,249.7,126083,2,3.5,5,7,Normal
INDUS,Sukkar,13-Sept-24,18:00 Hrs,200,121885,194.3,79005,2,3.5,5,7,Normal
INDUS,Kotri,13-Sept-24,18:00 Hrs,69.2,166384,57.8,166384,2.5,4,5,6.5,Normal
JHELUM,Kotli,13-Sept-24,18:00 Hrs,-,-,8.3,4420,-,-,-,-,-
JHELUM,Rasul,13-Sept-24,18:00 Hrs,719,16463,691.5,Nill,0.75,1.1,1.5,2.25,Normal
CHENAB,Marala,13-Sept-24,18:00 Hrs,812,30979,794.4,5000,1,1.5,2,4,Normal
CHENAB,Khanki,13-Sept-24,18:00 Hrs,732.5,12852,720.2,7284,1,1.5,2,4,Normal
CHENAB,Qadirabad,13-Sept-24,18:00 Hrs,700,23991,684.8,11991,1,1.5,2,4,Normal
CHENAB,Trimmu,13-Sept-24,18:00 Hrs,490.5,24061,480.5,11061,1.5,2,3,4.5,Normal
CHENAB,Punjnad,13-Sept-24,18:00 Hrs,338,50132,333.2,35532,1.5,2,3,4.5,Normal
RAVI,Jassar,13-Sept-24,18:00 Hrs,-,-,776.5,3395,0.5,0.75,1,1.5,Normal
RAVI,Shahdara,13-Sept-24,18:00 Hrs,-,-,674,17800,0.4,0.65,0.9,1.35,Normal
RAVI,Balloki,13-Sept-24,18:00 Hrs,633.5,34155,618.6,6455,0.4,0.65,0.9,1.35,Normal
RAVI,Sidhnai,13-Sept-24,18:00 Hrs,467,22006,456,6906,0.3,0.45,0.6,0.9,Normal
SUTLEJ,Bhakara**,13-Sept-24,18:00 Hrs,-,-,-,-,-,-,-,-,-
SUTLEJ,Sulemanki,13-Sept-24,18:00 Hrs,569,15647,558.8,3174,0.5,0.8,1.2,1.75,Normal
SUTLEJ,Islam,13-Sept-24,18:00 Hrs,455,5144,438.6,2944,0.5,0.8,1.2,1.75,Normal
INDUS,khairabad,13-Sept-24,23:59 Hrs,-,-,10.8,134900,2.25,3.75,5,6.5,Normal
INDUS,Kalabagh,13-Sept-24,23:59 Hrs,693,132725,678.8,125685,2.5,3.75,5,6.5,Normal
INDUS,Chashma,13-Sept-24,23:59 Hrs,646.2,160509,612.4,150009,2.5,3.75,5,6.5,Normal
INDUS,Taunsa,13-Sept-24,23:59 Hrs,446.5,136014,428.6,109514,2.5,3.75,5,6.5,Normal
INDUS,Guddu,13-Sept-24,23:59 Hrs,256.5,150940,249.7,126083,2,3.5,5,7,Normal
INDUS,Sukkar,13-Sept-24,23:59 Hrs,200,121885,194.3,79005,2,3.5,5,7,Normal
INDUS,Kotri,13-Sept-24,23:59 Hrs,69.2,166384,57.8,166384,2.5,4,5,6.5,Normal
JHELUM,Kotli,13-Sept-24,23:59 Hrs,-,-,8.4,4700,-,-,-,-,-
JHELUM,Rasul,13-Sept-24,23:59 Hrs,719,16463,691.5,-,0.75,1.1,1.5,2.25,Normal
CHENAB,Marala,13-Sept-24,23:59 Hrs,812,27867,794.4,5000,1,1.5,2,4,Normal
CHENAB,Khanki,13-Sept-24,23:59 Hrs,732.5,14673,720.7,9105,1,1.5,2,4,Normal
CHENAB,Qadirabad,13-Sept-24,23:59 Hrs,700,23991,684.8,11991,1,1.5,2,4,Normal
CHENAB,Trimmu,13-Sept-24,23:59 Hrs,490.5,25061,480.5,11061,1.5,2,3,4.5,Normal
CHENAB,Punjnad,13-Sept-24,23:59 Hrs,338,47196,332.5,32596,1.5,2,3,4.5,Normal
RAVI,Jassar,13-Sept-24,23:59 Hrs,-,-,776.5,3395,0.5,0.75,1,1.5,Normal
RAVI,Shahdara,13-Sept-24,23:59 Hrs,-,-,673.8,16985,0.4,0.65,0.9,1.35,Normal
RAVI,Balloki,13-Sept-24,23:59 Hrs,633.5,33720,619.7,10420,0.4,0.65,0.9,1.35,Normal
RAVI,Sidhnai,13-Sept-24,23:59 Hrs,467,21306,456,6906,0.3,0.45,0.6,0.9,Normal
SUTLEJ,Bhakara**,13-Sept-24,23:59 Hrs,-,-,-,-,-,-,-,-,-
SUTLEJ,Sulemanki,13-Sept-24,23:59 Hrs,569,15647,558.8,3174,0.5,0.8,1.2,1.75,Normal
SUTLEJ,Islam,13-Sept-24,23:59 Hrs,455,5144,438.6,2944,0.5,0.8,1.2,1.75,Normal
INDUS,khairabad,14-Sept-24,06:00 Hrs,-,-,10.7,133900,2.25,3.75,5,6.5,Normal
INDUS,Kalabagh,14-Sept-24,06:00 Hrs,693,146906,679.1,139866,2.5,3.75,5,6.5,Normal
INDUS,Chashma,14-Sept-24,06:00 Hrs,646.4,160412,612.4,149912,2.5,3.75,5,6.5,Normal
INDUS,Taunsa,14-Sept-24,06:00 Hrs,446.5,141879,428.7,115379,2.5,3.75,5,6.5,Normal
INDUS,Guddu,14-Sept-24,06:00 Hrs,256.3,146533,249.5,121698,2,3.5,5,7,Normal
INDUS,Sukkar,14-Sept-24,06:00 Hrs,199.9,114855,194,71300,2,3.5,5,7,Normal
INDUS,Kotri,14-Sept-24,06:00 Hrs,69,152216,57.1,152216,2.5,4,5,6.5,Normal
JHELUM,Kotli,14-Sept-24,06:00 Hrs,-,-,8.5,4980,-,-,-,-,-
JHELUM,Rasul,14-Sept-24,06:00 Hrs,719,17915,691.5,-,0.75,1.1,1.5,2.25,Normal
CHENAB,Marala,14-Sept-24,06:00 Hrs,812,27867,794.4,5000,1,1.5,2,4,Normal
CHENAB,Khanki,14-Sept-24,06:00 Hrs,732.5,14673,720.7,9105,1,1.5,2,4,Normal
CHENAB,Qadirabad,14-Sept-24,06:00 Hrs,700,23991,684.8,11991,1,1.5,2,4,Normal
CHENAB,Trimmu,14-Sept-24,06:00 Hrs,490.5,25061,480.5,11061,1.5,2,3,4.5,Normal
CHENAB,Punjnad,14-Sept-24,06:00 Hrs,338,47196,332.5,32596,1.5,2,3,4.5,Normal
RAVI,Jassar,14-Sept-24,06:00 Hrs,-,-,776.5,3395,0.5,0.75,1,1.5,Normal
RAVI,Shahdara,14-Sept-24,06:00 Hrs,-,-,673.8,16985,0.4,0.65,0.9,1.35,Normal
RAVI,Balloki,14-Sept-24,06:00 Hrs,633.5,33680,619.9,13880,0.4,0.65,0.9,1.35,Normal
RAVI,Sidhnai,14-Sept-24,06:00 Hrs,467,21988,453.9,6588,0.3,0.45,0.6,0.9,Normal
SUTLEJ,Bhakara**,14-Sept-24,06:00 Hrs,-,-,-,-,-,-,-,-,-
SUTLEJ,Sulemanki,14-Sept-24,06:00 Hrs,569,14382,557.7,1756,0.5,0.8,1.2,1.75,Normal
SUTLEJ,Islam,14-Sept-24,06:00 Hrs,455,3977,437.6,1777,0.5,0.8,1.2,1.75,Normal
INDUS,khairabad,14-Sept-24,12:00 Hrs,-,-,11,136900,2.25,3.75,5,6.5,Normal
INDUS,Kalabagh,14-Sept-24,12:00 Hrs,693,172211,679.5,165171,2.5,3.75,5,6.5,Normal
INDUS,Chashma,14-Sept-24,12:00 Hrs,646.3,160322,612.4,149972,2.5,3.75,5,6.5,Normal
INDUS,Taunsa,14-Sept-24,12:00 Hrs,446.5,141879,428.7,115379,2.5,3.75,5,6.5,Normal
INDUS,Guddu,14-Sept-24,12:00 Hrs,256.2,146566,249.5,121256,2,3.5,5,7,Normal
INDUS,Sukkar,14-Sept-24,12:00 Hrs,199.9,114855,194,71300,2,3.5,5,7,Normal
INDUS,Kotri,14-Sept-24,12:00 Hrs,69.2,150207,57,144402,2.5,4,5,6.5,Normal
JHELUM,Kotli,14-Sept-24,12:00 Hrs,-,-,8.3,4420,-,-,-,-,-
JHELUM,Rasul,14-Sept-24,12:00 Hrs,719,23870,694,5341,0.75,1.1,1.5,2.25,Normal
CHENAB,Marala,14-Sept-24,12:00 Hrs,812,27445,794.4,5000,1,1.5,2,4,Normal
CHENAB,Khanki,14-Sept-24,12:00 Hrs,732.5,14673,720.7,9105,1,1.5,2,4,Normal
CHENAB,Qadirabad,14-Sept-24,12:00 Hrs,700,26595,685.3,14595,1,1.5,2,4,Normal
CHENAB,Trimmu,14-Sept-24,12:00 Hrs,490.5,25061,480.5,11061,1.5,2,3,4.5,Normal
CHENAB,Punjnad,14-Sept-24,12:00 Hrs,338,47196,332.5,32596,1.5,2,3,4.5,Normal
RAVI,Jassar,14-Sept-24,12:00 Hrs,-,-,776.5,3395,0.5,0.75,1,1.5,Normal
RAVI,Shahdara,14-Sept-24,12:00 Hrs,-,-,673.7,16576,0.4,0.65,0.9,1.35,Normal
RAVI,Balloki,14-Sept-24,12:00 Hrs,633.5,31525,619.8,12725,0.4,0.65,0.9,1.35,Normal
RAVI,Sidhnai,14-Sept-24,12:00 Hrs,467,21988,455.9,6588,0.3,0.45,0.6,0.9,Normal
SUTLEJ,Bhakara**,14-Sept-24,12:00 Hrs,-,-,-,-,-,-,-,-,-
SUTLEJ,Sulemanki,14-Sept-24,12:00 Hrs,569,14382,557.7,1756,0.5,0.8,1.2,1.75,Normal
SUTLEJ,Islam,14-Sept-24,12:00 Hrs,455,2200,435.6,Nill,0.5,0.8,1.2,1.75,Normal
INDUS,khairabad,14-Sept-24,18:00 Hrs,-,-,11.6,143000,2.25,3.75,5,6.5,Normal
INDUS,Kalabagh,14-Sept-24,18:00 Hrs,693,147321,679.1,140281,2.5,3.75,5,6.5,Normal
INDUS,Chashma,14-Sept-24,18:00 Hrs,646.3,160132,612.4,150032,2.5,3.75,5,6.5,Normal
INDUS,Taunsa,14-Sept-24,18:00 Hrs,446.5,136014,428.6,109514,2.5,3.75,5,6.5,Normal
INDUS,Guddu,14-Sept-24,18:00 Hrs,256.05,146002,249.4,120172,2,3.5,5,7,Normal
INDUS,Sukkar,14-Sept-24,18:00 Hrs,199.9,114855,194,71300,2,3.5,5,7,Normal
INDUS,Kotri,14-Sept-24,18:00 Hrs,69.2,150164,56.9,138949,2.5,4,5,6.5,Normal
JHELUM,Kotli,14-Sept-24,18:00 Hrs,-,-,8.2,4160,-,-,-,-,-
JHELUM,Rasul,14-Sept-24,18:00 Hrs,719,30958,696,11895,0.75,1.1,1.5,2.25,Normal
CHENAB,Marala,14-Sept-24,18:00 Hrs,812,28296,794.4,5000,1,1.5,2,4,Normal
CHENAB,Khanki,14-Sept-24,18:00 Hrs,732.5,11031,719.3,5463,1,1.5,2,4,Normal
CHENAB,Qadirabad,14-Sept-24,18:00 Hrs,700,21810,685,9810,1,1.5,2,4,Normal
CHENAB,Trimmu,14-Sept-24,18:00 Hrs,490.5,20299,479.6,6299,1.5,2,3,4.5,Normal
CHENAB,Punjnad,14-Sept-24,18:00 Hrs,338,47196,332.5,32596,1.5,2,3,4.5,Normal
RAVI,Jassar,14-Sept-24,18:00 Hrs,-,-,776.5,3395,0.5,0.75,1,1.5,Normal
RAVI,Shahdara,14-Sept-24,18:00 Hrs,-,-,673.7,16576,0.4,0.65,0.9,1.35,Normal
RAVI,Balloki,14-Sept-24,18:00 Hrs,633.5,31525,619.8,12725,0.4,0.65,0.9,1.35,Normal
RAVI,Sidhnai,14-Sept-24,18:00 Hrs,467,21988,455.9,6588,0.3,0.45,0.6,0.9,Normal
SUTLEJ,Bhakara**,14-Sept-24,18:00 Hrs,,-,-,-,-,-,-,-,-
SUTLEJ,Sulemanki,14-Sept-24,18:00 Hrs,569,15242,557.8,2616,0.5,0.8,1.2,1.75,Normal
SUTLEJ,Islam,14-Sept-24,18:00 Hrs,455,2200,435.6,-,0.5,0.8,1.2,1.75,Normal
INDUS,khairabad,14-Sept-24,23:59 Hrs,-,-,10.4,130900,2.25,3.75,5,6.5,Normal
INDUS,Kalabagh,14-Sept-24,23:59 Hrs,693,147321,679.1,140281,2.5,3.75,5,6.5,Normal
INDUS,Chashma,14-Sept-24,23:59 Hrs,646.3,160090,612.4,149990,2.5,3.75,5,6.5,Normal
INDUS,Taunsa,14-Sept-24,23:59 Hrs,446.5,136014,428.6,109514,2.5,3.75,5,6.5,Normal
INDUS,Guddu,14-Sept-24,23:59 Hrs,256.05,146002,249.4,120172,2,3.5,5,7,Normal
INDUS,Sukkar,14-Sept-24,23:59 Hrs,199.9,114855,194,71300,2,3.5,5,7,Normal
INDUS,Kotri,14-Sept-24,23:59 Hrs,69.2,150164,56.9,138949,2.5,4,5,6.5,Normal
JHELUM,Kotli,14-Sept-24,23:59 Hrs,-,-,8.3,4420,-,-,-,-,-
JHELUM,Rasul,14-Sept-24,23:59 Hrs,719,24494,694,5341,0.75,1.1,1.5,2.25,Normal
CHENAB,Marala,14-Sept-24,23:59 Hrs,812,28296,794.4,5000,1,1.5,2,4,Normal
CHENAB,Khanki,14-Sept-24,23:59 Hrs,732.5,9210,718,3642,1,1.5,2,4,Normal
CHENAB,Qadirabad,14-Sept-24,23:59 Hrs,700,21810,685,9810,1,1.5,2,4,Normal
CHENAB,Trimmu,14-Sept-24,23:59 Hrs,490.5,20299,479.6,6299,1.5,2,3,4.5,Normal
CHENAB,Punjnad,14-Sept-24,23:59 Hrs,338,44486,331.4,29786,1.5,2,3,4.5,Normal
RAVI,Jassar,14-Sept-24,23:59 Hrs,-,-,776.5,3395,0.5,0.75,1,1.5,Normal
RAVI,Shahdara,14-Sept-24,23:59 Hrs,-,-,673.4,15353,0.4,0.65,0.9,1.35,Normal
RAVI,Balloki,14-Sept-24,23:59 Hrs,633.5,31525,619.8,12725,0.4,0.65,0.9,1.35,Normal
RAVI,Sidhnai,14-Sept-24,23:59 Hrs,467,22876,456.1,7476,0.3,0.45,0.6,0.9,Normal
SUTLEJ,Bhakara**,14-Sept-24,23:59 Hrs,,-,-,-,-,-,-,-,-
SUTLEJ,Sulemanki,14-Sept-24,23:59 Hrs,569,15242,557.8,2616,0.5,0.8,1.2,1.75,Normal
SUTLEJ,Islam,14-Sept-24,23:59 Hrs,455,2350,435.6,-,0.5,0.8,1.2,1.75,Normal
INDUS,khairabad,15-Sept-24,06:00 Hrs,-,-,10,127000,2.25,3.75,5,6.5,Normal
INDUS,Kalabagh,15-Sept-24,06:00 Hrs,693,171544,679.5,164504,2.5,3.75,5,6.5,Normal
INDUS,Chashma,15-Sept-24,06:00 Hrs,646.3,160155,612.4,150055,2.5,3.75,5,6.5,Normal
INDUS,Taunsa,15-Sept-24,06:00 Hrs,446.5,136014,428.6,109514,2.5,3.75,5,6.5,Normal
INDUS,Guddu,15-Sept-24,06:00 Hrs,256.5,139083,249.2,113311,2,3.5,5,7,Normal
INDUS,Sukkar,15-Sept-24,06:00 Hrs,199.8,110005,193.2,66680,2,3.5,5,7,Normal
INDUS,Kotri,15-Sept-24,06:00 Hrs,69.2,149028,56.9,132273,2.5,4,5,6.5,Normal
JHELUM,Kotli,15-Sept-24,06:00 Hrs,-,-,8.4,4700,-,-,-,-,-
JHELUM,Rasul,15-Sept-24,06:00 Hrs,719,27143,694.8,7990,0.75,1.1,1.5,2.25,Normal
CHENAB,Marala,15-Sept-24,06:00 Hrs,812,27867,794.4,5000,1,1.5,2,4,Normal
CHENAB,Khanki,15-Sept-24,06:00 Hrs,732.5,9210,718,3642,1,1.5,2,4,Normal
CHENAB,Qadirabad,15-Sept-24,06:00 Hrs,700,21810,685,9810,1,1.5,2,4,Normal
CHENAB,Trimmu,15-Sept-24,06:00 Hrs,490.5,20299,479.6,6299,1.5,2,3,4.5,Normal
CHENAB,Punjnad,15-Sept-24,06:00 Hrs,338,45375,331,30675,1.5,2,3,4.5,Normal
RAVI,Jassar,15-Sept-24,06:00 Hrs,-,-,776.5,3395,0.5,0.75,1,1.5,Normal
RAVI,Shahdara,15-Sept-24,06:00 Hrs,-,-,672.9,13306,0.4,0.65,0.9,1.35,Normal
RAVI,Balloki,15-Sept-24,06:00 Hrs,633.5,30375,619.6,11575,0.4,0.65,0.9,1.35,Normal
RAVI,Sidhnai,15-Sept-24,06:00 Hrs,467,20639,455.4,5239,0.3,0.45,0.6,0.9,Normal
SUTLEJ,Bhakara**,15-Sept-24,06:00 Hrs,,-,-,-,-,-,-,-,-
SUTLEJ,Sulemanki,15-Sept-24,06:00 Hrs,569,11528,556.9,1019,0.5,0.8,1.2,1.75,Normal
SUTLEJ,Islam,15-Sept-24,06:00 Hrs,455,2350,435.6,-,0.5,0.8,1.2,1.75,Normal
INDUS,khairabad,15-Sept-24,12:00 Hrs,-,-,8.2,109700,2.25,3.75,5,6.5,Normal
INDUS,Kalabagh,15-Sept-24,12:00 Hrs,693,177580,679.6,170540,2.5,3.75,5,6.5,Normal
INDUS,Chashma,15-Sept-24,12:00 Hrs,646.6,160234,612.5,150134,2.5,3.75,5,6.5,Normal
INDUS,Taunsa,15-Sept-24,12:00 Hrs,446.5,136014,428.6,109514,2.5,3.75,5,6.5,Normal
INDUS,Guddu,15-Sept-24,12:00 Hrs,256.65,139890,249.3,114277,2,3.5,5,7,Normal
INDUS,Sukkar,15-Sept-24,12:00 Hrs,199.8,110005,193.2,66680,2,3.5,5,7,Normal
INDUS,Kotri,15-Sept-24,12:00 Hrs,69.2,140476,56.5,121321,2.5,4,5,6.5,Normal
JHELUM,Kotli,15-Sept-24,12:00 Hrs,-,-,8.2,4160,-,-,-,-,-
JHELUM,Rasul,15-Sept-24,12:00 Hrs,719,24494,694,5341,0.75,1.1,1.5,2.25,Normal
CHENAB,Marala,15-Sept-24,12:00 Hrs,812,28298,794.4,5000,1,1.5,2,4,Normal
CHENAB,Khanki,15-Sept-24,12:00 Hrs,732.5,9210,718,3642,1,1.5,2,4,Normal
CHENAB,Qadirabad,15-Sept-24,12:00 Hrs,700,21180,685,9810,1,1.5,2,4,Normal
CHENAB,Trimmu,15-Sept-24,12:00 Hrs,490.5,20299,479.6,6299,1.5,2,3,4.5,Normal
CHENAB,Punjnad,15-Sept-24,12:00 Hrs,338,45375,331,30675,1.5,2,3,4.5,Normal
RAVI,Jassar,15-Sept-24,12:00 Hrs,-,-,776.5,3395,0.5,0.75,1,1.5,Normal
RAVI,Shahdara,15-Sept-24,12:00 Hrs,-,-,673.4,15353,0.4,0.65,0.9,1.35,Normal
RAVI,Balloki,15-Sept-24,12:00 Hrs,633.5,31525,619.8,12725,0.4,0.65,0.9,1.35,Normal
RAVI,Sidhnai,15-Sept-24,12:00 Hrs,467,22876,456.1,7476,0.3,0.45,0.6,0.9,Normal
SUTLEJ,Bhakara**,15-Sept-24,12:00 Hrs,-,-,-,-,-,-,-,-,-
SUTLEJ,Sulemanki,15-Sept-24,12:00 Hrs,569,15242,557.8,2616,0.5,0.8,1.2,1.75,Normal
SUTLEJ,Islam,15-Sept-24,12:00 Hrs,455,2350,435.6,Nill,0.5,0.8,1.2,1.75,Normal
INDUS,khairabad,15-Sept-24,18:00 Hrs,-,-,8.5,112500,2.25,3.75,5,6.5,Normal
INDUS,Kalabagh,15-Sept-24,18:00 Hrs,693,164966,679.4,157926,2.5,3.75,5,6.5,Normal
INDUS,Chashma,15-Sept-24,18:00 Hrs,646.7,159767,612.5,150087,2.5,3.75,5,6.5,Normal
INDUS,Taunsa,15-Sept-24,18:00 Hrs,446.5,136014,428.6,109514,2.5,3.75,5,6.5,Normal
INDUS,Guddu,15-Sept-24,18:00 Hrs,256.5,139783,249.4,112532,2,3.5,5,7,Normal
INDUS,Sukkar,15-Sept-24,18:00 Hrs,199.8,110005,193.2,66680,2,3.5,5,7,Normal
INDUS,Kotri,15-Sept-24,18:00 Hrs,69.2,119150,55.8,93195,2.5,4,5,6.5,Normal
JHELUM,Kotli,15-Sept-24,18:00 Hrs,-,-,8.2,4160,-,-,-,-,-
JHELUM,Rasul,15-Sept-24,18:00 Hrs,719,39128,697.3,19705,0.75,1.1,1.5,2.25,Normal
CHENAB,Marala,15-Sept-24,18:00 Hrs,812,28948,794.4,5000,1,1.5,2,4,Normal
CHENAB,Khanki,15-Sept-24,18:00 Hrs,732.5,11595,719.3,5463,1,1.5,2,4,Normal
CHENAB,Qadirabad,15-Sept-24,18:00 Hrs,700,24599,685.1,11110,1,1.5,2,4,Normal
CHENAB,Trimmu,15-Sept-24,18:00 Hrs,490.5,22321,479.8,8321,1.5,2,3,4.5,Normal
CHENAB,Punjnad,15-Sept-24,18:00 Hrs,338,40933,330.6,36233,1.5,2,3,4.5,Normal
RAVI,Jassar,15-Sept-24,18:00 Hrs,-,-,776.5,3395,0.5,0.75,1,1.5,Normal
RAVI,Shahdara,15-Sept-24,18:00 Hrs,-,-,672.9,13306,0.4,0.65,0.9,1.35,Normal
RAVI,Balloki,15-Sept-24,18:00 Hrs,633.5,28610,618.8,8110,0.4,0.65,0.9,1.35,Normal
RAVI,Sidhnai,15-Sept-24,18:00 Hrs,467,20639,455.4,5239,0.3,0.45,0.6,0.9,Normal
SUTLEJ,Bhakara**,15-Sept-24,18:00 Hrs,,-,-,-,-,-,-,-,-
SUTLEJ,Sulemanki,15-Sept-24,18:00 Hrs,569,11514,557.8,2006,0.5,0.8,1.2,1.75,Normal
SUTLEJ,Islam,15-Sept-24,18:00 Hrs,455,2350,435.6,-,0.5,0.8,1.2,1.75,Normal
INDUS,khairabad,15-Sept-24,23:59 Hrs,-,-,9.5,122100,2.25,3.75,5,6.5,Normal
INDUS,Kalabagh,15-Sept-24,23:59 Hrs,693,146038,679.1,138998,2.5,3.75,5,6.5,Normal
INDUS,Chashma,15-Sept-24,23:59 Hrs,647.2,160710,612.5,149939,2.5,3.75,5,6.5,Normal
INDUS,Taunsa,15-Sept-24,23:59 Hrs,446.5,136014,428.6,109514,2.5,3.75,5,6.5,Normal
INDUS,Guddu,15-Sept-24,23:59 Hrs,256.5,139783,249.4,112532,2,3.5,5,7,Normal
INDUS,Sukkar,15-Sept-24,23:59 Hrs,199.8,110005,193.2,66680,2,3.5,5,7,Normal
INDUS,Kotri,15-Sept-24,23:59 Hrs,69.2,119150,55.8,98195,2.5,4,5,6.5,Normal
JHELUM,Kotli,15-Sept-24,23:59 Hrs,-,-,8.3,4420,-,-,-,-,-
JHELUM,Rasul,15-Sept-24,23:59 Hrs,719,35223,697,15800,0.75,1.1,1.5,2.25,Normal
CHENAB,Marala,15-Sept-24,23:59 Hrs,812,28512,794.4,5000,1,1.5,2,4,Normal
CHENAB,Khanki,15-Sept-24,23:59 Hrs,732.5,11731,719.3,5463,1,1.5,2,4,Normal
CHENAB,Qadirabad,15-Sept-24,23:59 Hrs,700,24581,685,9810,1,1.5,2,4,Normal
CHENAB,Trimmu,15-Sept-24,23:59 Hrs,490.5,22321,479.8,8321,1.5,2,3,4.5,Normal
CHENAB,Punjnad,15-Sept-24,23:59 Hrs,338,37461,330.1,22761,1.5,2,3,4.5,Normal
RAVI,Jassar,15-Sept-24,23:59 Hrs,-,-,776.5,3395,0.5,0.75,1,1.5,Normal
RAVI,Shahdara,15-Sept-24,23:59 Hrs,-,-,672.9,13306,0.4,0.65,0.9,1.35,Normal
RAVI,Balloki,15-Sept-24,23:59 Hrs,633.5,28610,618.8,8110,0.4,0.65,0.9,1.35,Normal
RAVI,Sidhnai,15-Sept-24,23:59 Hrs,467,20639,456.4,5239,0.3,0.45,0.6,0.9,Normal
SUTLEJ,Bhakara**,15-Sept-24,23:59 Hrs,,-,-,-,-,-,-,-,-
SUTLEJ,Sulemanki,15-Sept-24,23:59 Hrs,569,11514,557.8,2006,0.5,0.8,1.2,1.75,Normal
SUTLEJ,Islam,15-Sept-24,23:59 Hrs,455,2350,435.6,-,0.5,0.8,1.2,1.75,Normal
INDUS,khairabad,16-Sept-24,06:00 Hrs,-,-,10.5,131900,2.25,3.75,5,6.5,Normal
INDUS,Kalabagh,16-Sept-24,06:00 Hrs,693,163314,679.4,156274,2.5,3.75,5,6.5,Normal
INDUS,Chashma,16-Sept-24,06:00 Hrs,647.6,156768,612.5,149603,2.5,3.75,5,6.5,Normal
INDUS,Taunsa,16-Sept-24,06:00 Hrs,446.5,140703,428.7,114203,2.5,3.75,5,6.5,Normal
INDUS,Guddu,16-Sept-24,06:00 Hrs,257,134916,249.2,105978,2,3.5,5,7,Normal
INDUS,Sukkar,16-Sept-24,06:00 Hrs,199.5,104005,192.8,60970,2,3.5,5,7,Normal
INDUS,Kotri,16-Sept-24,06:00 Hrs,69.2,115134,55.6,92779,2.5,4,5,6.5,Normal
JHELUM,Kotli,16-Sept-24,06:00 Hrs,-,-,8.4,4700,-,-,-,-,-
JHELUM,Rasul,16-Sept-24,06:00 Hrs,719,27413,694.8,7990,0.75,1.1,1.5,2.25,Normal
CHENAB,Marala,16-Sept-24,06:00 Hrs,812,29894,794.6,5946,1,1.5,2,4,Normal
CHENAB,Khanki,16-Sept-24,06:00 Hrs,732.5,9910,718,3642,1,1.5,2,4,Normal
CHENAB,Qadirabad,16-Sept-24,06:00 Hrs,700,23538,684.8,8538,1,1.5,2,4,Normal
CHENAB,Trimmu,16-Sept-24,06:00 Hrs,490.5,22321,479.8,8321,1.5,2,3,4.5,Normal
CHENAB,Punjnad,16-Sept-24,06:00 Hrs,338,37461,330.1,22761,1.5,2,3,4.5,Normal
RAVI,Jassar,16-Sept-24,06:00 Hrs,-,-,776.5,3395,0.5,0.75,1,1.5,Normal
RAVI,Shahdara,16-Sept-24,06:00 Hrs,-,-,672.9,13306,0.4,0.65,0.9,1.35,Normal
RAVI,Balloki,16-Sept-24,06:00 Hrs,633.5,26930,618.5,6430,0.4,0.65,0.9,1.35,Normal
RAVI,Sidhnai,16-Sept-24,06:00 Hrs,467,21621,455.5,6221,0.3,0.45,0.6,0.9,Normal
SUTLEJ,Bhakara**,16-Sept-24,06:00 Hrs,,-,-,-,-,-,-,-,-
SUTLEJ,Sulemanki,16-Sept-24,06:00 Hrs,569,10513,557.8,2006,0.5,0.8,1.2,1.75,Normal
SUTLEJ,Islam,16-Sept-24,06:00 Hrs,455,2350,435.6,-,0.5,0.8,1.2,1.75,Normal
INDUS,khairabad,16-Sept-24,12:00 Hrs,-,-,7,98600,2.25,3.75,5,6.5,Normal
INDUS,Kalabagh,16-Sept-24,12:00 Hrs,693,175928,679.6,168888,2.5,3.75,5,6.5,Normal
INDUS,Chashma,16-Sept-24,12:00 Hrs,647.7,155924,612.5,149999,2.5,3.75,5,6.5,Normal
INDUS,Taunsa,16-Sept-24,12:00 Hrs,446.5,140703,428.7,114203,2.5,3.75,5,6.5,Normal
INDUS,Guddu,16-Sept-24,12:00 Hrs,257,130720,249.1,101782,2,3.5,5,7,Normal
INDUS,Sukkar,16-Sept-24,12:00 Hrs,199.5,104005,192.8,60970,2,3.5,5,7,Normal
INDUS,Kotri,16-Sept-24,12:00 Hrs,69.2,112807,55.4,89752,2.5,4,5,6.5,Normal
JHELUM,Kotli,16-Sept-24,12:00 Hrs,-,-,8.2,4160,-,-,-,-,-
JHELUM,Rasul,16-Sept-24,12:00 Hrs,719,35223,697,15800,0.75,1.1,1.5,2.25,Normal
CHENAB,Marala,16-Sept-24,12:00 Hrs,812,36349,795.5,11512,1,1.5,2,4,Normal
CHENAB,Khanki,16-Sept-24,12:00 Hrs,732.5,11731,719.3,5463,1,1.5,2,4,Normal
CHENAB,Qadirabad,16-Sept-24,12:00 Hrs,700,23538,684.8,8538,1,1.5,2,4,Normal
CHENAB,Trimmu,16-Sept-24,12:00 Hrs,490.5,22321,479.8,8321,1.5,2,3,4.5,Normal
CHENAB,Punjnad,16-Sept-24,12:00 Hrs,338,30286,329,15586,1.5,2,3,4.5,Normal
RAVI,Jassar,16-Sept-24,12:00 Hrs,-,-,776,2129,0.5,0.75,1,1.5,Normal
RAVI,Shahdara,16-Sept-24,12:00 Hrs,-,-,672.9,13306,0.4,0.65,0.9,1.35,Normal
RAVI,Balloki,16-Sept-24,12:00 Hrs,633.5,26930,618.5,6430,0.4,0.65,0.9,1.35,Normal
RAVI,Sidhnai,16-Sept-24,12:00 Hrs,467,21621,455.5,6221,0.3,0.45,0.6,0.9,Normal
SUTLEJ,Bhakara**,16-Sept-24,12:00 Hrs,-,-,-,-,-,-,-,-,-
SUTLEJ,Sulemanki,16-Sept-24,12:00 Hrs,569,10513,557.8,2006,0.5,0.8,1.2,1.75,Normal
SUTLEJ,Islam,16-Sept-24,12:00 Hrs,455,2350,435.6,-,0.5,0.8,1.2,1.75,Normal
INDUS,khairabad,16-Sept-24,18:00 Hrs,-,-,7.7,105000,2.25,3.75,5,6.5,Normal
INDUS,Kalabagh,16-Sept-24,18:00 Hrs,693,146216,679.1,139176,2.5,3.75,5,6.5,Normal
INDUS,Chashma,16-Sept-24,18:00 Hrs,647.8,149039,612.4,141423,2.5,3.75,5,6.5,Normal
INDUS,Taunsa,16-Sept-24,18:00 Hrs,446.5,140703,428.7,114203,2.5,3.75,5,6.5,Normal
INDUS,Guddu,16-Sept-24,18:00 Hrs,257,130720,249.1,101782,2,3.5,5,7,Normal
INDUS,Sukkar,16-Sept-24,18:00 Hrs,199.5,104005,192.8,60970,2,3.5,5,7,Normal
INDUS,Kotri,16-Sept-24,18:00 Hrs,69.2,112807,55.4,89752,2.5,4,5,6.5,Normal
JHELUM,Kotli,16-Sept-24,18:00 Hrs,-,-,8.1,3900,-,-,-,-,-
JHELUM,Rasul,16-Sept-24,18:00 Hrs,719,39128,697.3,19705,0.75,1.1,1.5,2.25,Normal
CHENAB,Marala,16-Sept-24,18:00 Hrs,812,29390,794.4,5000,1,1.5,2,4,Normal
CHENAB,Khanki,16-Sept-24,18:00 Hrs,732.5,8089,717.7,1821,1,1.5,2,4,Normal
CHENAB,Qadirabad,16-Sept-24,18:00 Hrs,700,24384,684.8,8538,1,1.5,2,4,Normal
CHENAB,Trimmu,16-Sept-24,18:00 Hrs,490.5,22321,479.8,8321,1.5,2,3,4.5,Normal
CHENAB,Punjnad,16-Sept-24,18:00 Hrs,338,30286,329,15586,1.5,2,3,4.5,Normal
RAVI,Jassar,16-Sept-24,18:00 Hrs,-,-,776,2129,0.5,0.75,1,1.5,Normal
RAVI,Shahdara,16-Sept-24,18:00 Hrs,-,-,673.2,14537,0.4,0.65,0.9,1.35,Normal
RAVI,Balloki,16-Sept-24,18:00 Hrs,633.5,29025,618.6,8525,0.4,0.65,0.9,1.35,Normal
RAVI,Sidhnai,16-Sept-24,18:00 Hrs,467,23541,456,8141,0.3,0.45,0.6,0.9,Normal
SUTLEJ,Bhakara**,16-Sept-24,18:00 Hrs,-,-,-,-,-,-,-,-,-
SUTLEJ,Sulemanki,16-Sept-24,18:00 Hrs,569,11074,557.8,2006,0.5,0.8,1.2,1.75,Normal
SUTLEJ,Islam,16-Sept-24,18:00 Hrs,455,2350,435.1,Nill,0.5,0.8,1.2,1.75,Normal
INDUS,khairabad,16-Sept-24,23:59 Hrs,-,-,9.6,123100,2.25,3.75,5,6.5,Normal
INDUS,Kalabagh,16-Sept-24,23:59 Hrs,693,132804,678.8,125764,2.5,3.75,5,6.5,Normal
INDUS,Chashma,16-Sept-24,23:59 Hrs,648,147027,612.2,141527,2.5,3.75,5,6.5,Normal
INDUS,Taunsa,16-Sept-24,23:59 Hrs,446.5,140703,428.7,114207,2.5,3.75,5,6.5,Normal
INDUS,Guddu,16-Sept-24,23:59 Hrs,257,130720,249.1,101782,2,3.5,5,7,Normal
INDUS,Sukkar,16-Sept-24,23:59 Hrs,199.5,104005,192.8,60970,2,3.5,5,7,Normal
INDUS,Kotri,16-Sept-24,23:59 Hrs,69.2,112807,55.4,89752,2.5,4,5,6.5,Normal
JHELUM,Kotli,16-Sept-24,23:59 Hrs,-,-,8.2,4160,-,-,-,-,-
JHELUM,Rasul,16-Sept-24,23:59 Hrs,719,35223,697,15800,0.75,1.1,1.5,2.25,Normal
CHENAB,Marala,16-Sept-24,23:59 Hrs,812,30783,794.6,5946,1,1.5,2,4,Normal
CHENAB,Khanki,16-Sept-24,23:59 Hrs,732.5,9910,718,3642,1,1.5,2,4,Normal
CHENAB,Qadirabad,16-Sept-24,23:59 Hrs,700,20484,684.1,3532,1,1.5,2,4,Normal
CHENAB,Trimmu,16-Sept-24,23:59 Hrs,490.5,22321,479.8,8321,1.5,2,3,4.5,Normal
CHENAB,Punjnad,16-Sept-24,23:59 Hrs,338,30286,329,15586,1.5,2,3,4.5,Normal
RAVI,Jassar,16-Sept-24,23:59 Hrs,-,-,776,2129,0.5,0.75,1,1.5,Normal
RAVI,Shahdara,16-Sept-24,23:59 Hrs,-,-,673.2,14537,0.4,0.65,0.9,1.35,Normal
RAVI,Balloki,16-Sept-24,23:59 Hrs,633.5,29025,618.6,8525,0.4,0.65,0.9,1.35,Normal
RAVI,Sidhnai,16-Sept-24,23:59 Hrs,467,23541,456,8141,0.3,0.45,0.6,0.9,Normal
SUTLEJ,Bhakara**,16-Sept-24,23:59 Hrs,-,-,-,-,-,-,-,-,-
SUTLEJ,Sulemanki,16-Sept-24,23:59 Hrs,569,11074,557.8,2006,0.5,0.8,1.2,1.75,Normal
SUTLEJ,Islam,16-Sept-24,23:59 Hrs,455,2350,435.1,-,0.5,0.8,1.2,1.75,Normal
INDUS,khairabad,17-Sept-24,06:00 Hrs,-,-,9.5,122100,2.25,3.75,5,6.5,Normal
INDUS,Kalabagh,17-Sept-24,06:00 Hrs,693,142116,697,135076,2.5,3.75,5,6.5,Normal
INDUS,Chashma,17-Sept-24,06:00 Hrs,648.3,149651,612.2,141405,2.5,3.75,5,6.5,Normal
INDUS,Taunsa,17-Sept-24,06:00 Hrs,446.5,141579,428.7,115379,2.5,3.75,5,6.5,Normal
INDUS,Guddu,17-Sept-24,06:00 Hrs,257,130720,249.1,101782,2,3.5,5,7,Normal
INDUS,Sukkar,17-Sept-24,06:00 Hrs,199.3,96270,192.2,52775,2,3.5,5,7,Normal
INDUS,Kotri,17-Sept-24,06:00 Hrs,69.2,106127,54.9,81852,2.5,4,5,6.5,Normal
JHELUM,Kotli,17-Sept-24,06:00 Hrs,-,-,8.3,4420,-,-,-,-,-
JHELUM,Rasul,17-Sept-24,06:00 Hrs,719,27413,694.8,7990,0.75,1.1,1.5,2.25,Normal
CHENAB,Marala,17-Sept-24,06:00 Hrs,812,31236,794.6,5946,1,1.5,2,4,Normal
CHENAB,Khanki,17-Sept-24,06:00 Hrs,732,13522,720.2,7284,1,1.5,2,4,Normal
CHENAB,Qadirabad,17-Sept-24,06:00 Hrs,700,21531,684.1,3532,1,1.5,2,4,Normal
CHENAB,Trimmu,17-Sept-24,06:00 Hrs,490.5,22321,479.8,8321,1.5,2,3,4.5,Normal
CHENAB,Punjnad,17-Sept-24,06:00 Hrs,338,30286,329,15586,1.5,2,3,4.5,Normal
RAVI,Jassar,17-Sept-24,06:00 Hrs,-,-,776,2129,0.5,0.75,1,1.5,Normal
RAVI,Shahdara,17-Sept-24,06:00 Hrs,-,-,673.2,14537,0.4,0.65,0.9,1.35,Normal
RAVI,Balloki,17-Sept-24,06:00 Hrs,633.5,29025,618.6,8525,0.4,0.65,0.9,1.35,Normal
RAVI,Sidhnai,17-Sept-24,06:00 Hrs,467,23541,456,8141,0.3,0.45,0.6,0.9,Normal
SUTLEJ,Bhakara**,17-Sept-24,06:00 Hrs,-,-,-,-,-,-,-,-,-
SUTLEJ,Sulemanki,17-Sept-24,06:00 Hrs,569,10513,557.8,2006,0.5,0.8,1.2,1.75,Normal
SUTLEJ,Islam,17-Sept-24,06:00 Hrs,455,2350,435.1,-,0.5,0.8,1.2,1.75,Normal
INDUS,khairabad,17-Sept-24,12:00 Hrs,-,-,4.4,76000,2.25,3.75,5,6.5,Normal
INDUS,Kalabagh,17-Sept-24,12:00 Hrs,693,155759,679.7,148719,2.5,3.75,5,6.5,Normal
INDUS,Chashma,17-Sept-24,12:00 Hrs,648.3,150540,612.2,145040,2.5,3.75,5,6.5,Normal
INDUS,Taunsa,17-Sept-24,12:00 Hrs,446.5,141579,428.7,115379,2.5,3.75,5,6.5,Normal
INDUS,Guddu,17-Sept-24,12:00 Hrs,257,130720,249.1,101782,2,3.5,5,7,Normal
INDUS,Sukkar,17-Sept-24,12:00 Hrs,199.3,96270,192.2,52775,2,3.5,5,7,Normal
INDUS,Kotri,17-Sept-24,12:00 Hrs,69.2,103570,54.2,77995,2.5,4,5,6.5,Normal
JHELUM,Kotli,17-Sept-24,12:00 Hrs,-,-,8.2,4160,-,-,-,-,-
JHELUM,Rasul,17-Sept-24,12:00 Hrs,719,39128,697.3,19705,0.75,1.1,1.5,2.25,Normal
CHENAB,Marala,17-Sept-24,12:00 Hrs,812,30290,794.4,5000,1,1.5,2,4,Normal
CHENAB,Khanki,17-Sept-24,12:00 Hrs,732,13522,720.2,7284,1,1.5,2,4,Normal
CHENAB,Qadirabad,17-Sept-24,12:00 Hrs,700,22766,684.1,3532,1,1.5,2,4,Normal
CHENAB,Trimmu,17-Sept-24,12:00 Hrs,490.5,22321,479.8,8321,1.5,2,3,4.5,Normal
CHENAB,Punjnad,17-Sept-24,12:00 Hrs,338,30286,329,15586,1.5,2,3,4.5,Normal
RAVI,Jassar,17-Sept-24,12:00 Hrs,-,-,776,2129,0.5,0.75,1,1.5,Normal
RAVI,Shahdara,17-Sept-24,12:00 Hrs,-,-,673.2,14537,0.4,0.65,0.9,1.35,Normal
RAVI,Balloki,17-Sept-24,12:00 Hrs,633.5,31660,619.2,11160,0.4,0.65,0.9,1.35,Normal
RAVI,Sidhnai,17-Sept-24,12:00 Hrs,467,24136,456.5,8736,0.3,0.45,0.6,0.9,Normal
SUTLEJ,Bhakara**,17-Sept-24,12:00 Hrs,-,-,-,-,-,-,-,-,-
SUTLEJ,Sulemanki,17-Sept-24,12:00 Hrs,569,10513,557.8,2006,0.5,0.8,1.2,1.75,Normal
SUTLEJ,Islam,17-Sept-24,12:00 Hrs,455,2350,435.1,-,0.5,0.8,1.2,1.75,Normal
INDUS,khairabad,17-Sept-24,18:00 Hrs,-,-,5.6,86200,2.25,3.75,5,6.5,Normal
INDUS,Kalabagh,17-Sept-24,18:00 Hrs,693,133356,678.8,126316,2.5,3.75,5,6.5,Normal
INDUS,Chashma,17-Sept-24,18:00 Hrs,648.3,150542,612.2,145042,2.5,3.75,5,6.5,Normal
INDUS,Taunsa,17-Sept-24,18:00 Hrs,446.5,135213,428.6,109513,2.5,3.75,5,6.5,Normal
INDUS,Guddu,17-Sept-24,18:00 Hrs,256.8,121725,248.8,91246,2,3.5,5,7,Normal
INDUS,Sukkar,17-Sept-24,18:00 Hrs,199.3,96270,192.2,52775,2,3.5,5,7,Normal
INDUS,Kotri,17-Sept-24,18:00 Hrs,69.2,96701,53.8,71126,2.5,4,5,6.5,Normal
JHELUM,Kotli,17-Sept-24,18:00 Hrs,-,-,8.1,19340,-,-,-,-,-
JHELUM,Rasul,17-Sept-24,18:00 Hrs,719,46938,698.3,27515,0.75,1.1,1.5,2.25,Normal
CHENAB,Marala,17-Sept-24,18:00 Hrs,812,27655,794.4,5000,1,1.5,2,4,Normal
CHENAB,Khanki,17-Sept-24,18:00 Hrs,733.5,9910,718.7,3642,1,1.5,2,4,Normal
CHENAB,Qadirabad,17-Sept-24,18:00 Hrs,700,25458,684.6,5933,1,1.5,2,4,Normal
CHENAB,Trimmu,17-Sept-24,18:00 Hrs,490.5,20328,479.5,6328,1.5,2,3,4.5,Normal
CHENAB,Punjnad,17-Sept-24,18:00 Hrs,338,30286,329,15586,1.5,2,3,4.5,Normal
RAVI,Jassar,17-Sept-24,18:00 Hrs,-,-,776,2129,0.5,0.75,1,1.5,Normal
RAVI,Shahdara,17-Sept-24,18:00 Hrs,-,-,673.2,14537,0.4,0.65,0.9,1.35,Normal
RAVI,Balloki,17-Sept-24,18:00 Hrs,633.5,31660,619.2,11160,0.4,0.65,0.9,1.35,Normal
RAVI,Sidhnai,17-Sept-24,18:00 Hrs,467,24136,456.5,8736,0.3,0.45,0.6,0.9,Normal
SUTLEJ,Bhakara**,17-Sept-24,18:00 Hrs,-,-,-,-,-,-,-,-,-
SUTLEJ,Sulemanki,17-Sept-24,18:00 Hrs,569,9908,557.8,2006,0.5,0.8,1.2,1.75,Normal
SUTLEJ,Islam,17-Sept-24,18:00 Hrs,455,2350,435.1,-,0.5,0.8,1.2,1.75,Normal
INDUS,khairabad,17-Sept-24,23:59 Hrs,-,-,8.1,108700,2.25,3.75,5,6.5,Normal
INDUS,Kalabagh,17-Sept-24,23:59 Hrs,693,119793,678.5,112553,2.5,3.75,5,6.5,Normal
INDUS,Chashma,17-Sept-24,23:59 Hrs,648.3,150549,612.3,145049,2.5,3.75,5,6.5,Normal
INDUS,Taunsa,17-Sept-24,23:59 Hrs,446.5,135213,428.6,109513,2.5,3.75,5,6.5,Normal
INDUS,Guddu,17-Sept-24,23:59 Hrs,256.8,121725,248.8,91246,2,3.5,5,7,Normal
INDUS,Sukkar,17-Sept-24,23:59 Hrs,199.3,96270,192.2,52775,2,3.5,5,7,Normal
INDUS,Kotri,17-Sept-24,23:59 Hrs,69.2,96701,53.8,71126,2.5,4,5,6.5,Normal
JHELUM,Kotli,17-Sept-24,23:59 Hrs,-,-,8,3650,-,-,-,-,-
JHELUM,Rasul,17-Sept-24,23:59 Hrs,719,46938,698.3,27515,0.75,1.1,1.5,2.25,Normal
CHENAB,Marala,17-Sept-24,23:59 Hrs,812,27028,794.4,5000,1,1.5,2,4,Normal
CHENAB,Khanki,17-Sept-24,23:59 Hrs,732.5,11731,719.3,5463,1,1.5,2,4,Normal
CHENAB,Qadirabad,17-Sept-24,23:59 Hrs,700,23057,684.1,3532,1,1.5,2,4,Normal
CHENAB,Trimmu,17-Sept-24,23:59 Hrs,490.5,20328,479.5,6328,1.5,2,3,4.5,Normal
CHENAB,Punjnad,17-Sept-24,23:59 Hrs,338,24725,327.6,10025,1.5,2,3,4.5,Normal
RAVI,Jassar,17-Sept-24,23:59 Hrs,-,-,776,2129,0.5,0.75,1,1.5,Normal
RAVI,Shahdara,17-Sept-24,23:59 Hrs,-,-,673.2,14536,0.4,0.65,0.9,1.35,Normal
RAVI,Balloki,17-Sept-24,23:59 Hrs,633.5,31660,619.2,11160,0.4,0.65,0.9,1.35,Normal
RAVI,Sidhnai,17-Sept-24,23:59 Hrs,467,24636,456.5,8736,0.3,0.45,0.6,0.9,Normal
SUTLEJ,Bhakara**,17-Sept-24,23:59 Hrs,,-,-,-,-,-,-,-,-
SUTLEJ,Sulemanki,17-Sept-24,23:59 Hrs,569,9908,557.8,2006,0.5,0.8,1.2,1.75,Normal
SUTLEJ,Islam,17-Sept-24,23:59 Hrs,455,2350,435.1,-,0.5,0.8,1.2,1.75,Normal
INDUS,khairabad,18-Sept-24,06:00 Hrs,-,-,9.5,122100,2.25,3.75,5,6.5,Normal
INDUS,Kalabagh,18-Sept-24,06:00 Hrs,693,120245,678.5,113005,2.5,3.75,5,6.5,Normal
INDUS,Chashma,18-Sept-24,06:00 Hrs,648.4,150494,612.3,144994,2.5,3.75,5,6.5,Normal
INDUS,Taunsa,18-Sept-24,06:00 Hrs,446.5,131891,428.6,107198,2.5,3.75,5,6.5,Normal
INDUS,Guddu,18-Sept-24,06:00 Hrs,256.8,121725,248.8,91246,2,3.5,5,7,Normal
INDUS,Sukkar,18-Sept-24,06:00 Hrs,198.9,92565,191.9,48200,2,3.5,5,7,Normal
INDUS,Kotri,18-Sept-24,06:00 Hrs,69.2,91902,53.4,66327,2.5,4,5,6.5,Normal
JHELUM,Kotli,18-Sept-24,06:00 Hrs,-,-,8.1,3900,-,-,-,-,-
JHELUM,Rasul,18-Sept-24,06:00 Hrs,719,39128,697.3,19705,0.75,1.1,1.5,2.25,Normal
CHENAB,Marala,18-Sept-24,06:00 Hrs,812,27028,794.4,5000,1,1.5,2,4,Normal
CHENAB,Khanki,18-Sept-24,06:00 Hrs,732.5,11731,719.3,5463,1,1.5,2,4,Normal
CHENAB,Qadirabad,18-Sept-24,06:00 Hrs,700,23057,684.1,3532,1,1.5,2,4,Normal
CHENAB,Trimmu,18-Sept-24,06:00 Hrs,490.5,18256,479.3,4256,1.5,2,3,4.5,Normal
CHENAB,Punjnad,18-Sept-24,06:00 Hrs,338,24725,327.6,10025,1.5,2,3,4.5,Normal
RAVI,Jassar,18-Sept-24,06:00 Hrs,-,-,776,2129,0.5,0.75,1,1.5,Normal
RAVI,Shahdara,18-Sept-24,06:00 Hrs,-,-,673.1,14129,0.4,0.65,0.9,1.35,Normal
RAVI,Balloki,18-Sept-24,06:00 Hrs,633.5,33415,619.2,12905,0.4,0.65,0.9,1.35,Normal
RAVI,Sidhnai,18-Sept-24,06:00 Hrs,467,21830,455.7,5930,0.3,0.45,0.6,0.9,Normal
SUTLEJ,Bhakara**,18-Sept-24,06:00 Hrs,,-,-,-,-,-,-,-,-
SUTLEJ,Sulemanki,18-Sept-24,06:00 Hrs,569,9911,557.8,2006,0.5,0.8,1.2,1.75,Normal
SUTLEJ,Islam,18-Sept-24,06:00 Hrs,455,2150,435.1,-,0.5,0.8,1.2,1.75,Normal
INDUS,khairabad,18-Sept-24,12:00 Hrs,-,-,4.2,74400,2.25,3.75,5,6.5,Normal
INDUS,Kalabagh,18-Sept-24,12:00 Hrs,693,141655,679,134415,2.5,3.75,5,6.5,Normal
INDUS,Chashma,18-Sept-24,12:00 Hrs,648.2,150526,612.3,145026,2.5,3.75,5,6.5,Normal
INDUS,Taunsa,18-Sept-24,12:00 Hrs,446.5,131891,428.6,107198,2.5,3.75,5,6.5,Normal
INDUS,Guddu,18-Sept-24,12:00 Hrs,256.8,121725,248.8,91246,2,3.5,5,7,Normal
INDUS,Sukkar,18-Sept-24,12:00 Hrs,198.9,92565,191.9,48200,2,3.5,5,7,Normal
INDUS,Kotri,18-Sept-24,12:00 Hrs,69.2,91902,53.4,66327,2.5,4,5,6.5,Normal
JHELUM,Kotli,18-Sept-24,12:00 Hrs,-,-,8.1,3900,-,-,-,-,-
JHELUM,Rasul,18-Sept-24,12:00 Hrs,719,46938,698.3,27515,0.75,1.1,1.5,2.25,Normal
CHENAB,Marala,18-Sept-24,12:00 Hrs,812,26210,794.4,5000,1,1.5,2,4,Normal
CHENAB,Khanki,18-Sept-24,12:00 Hrs,732.5,8089,718.3,1821,1,1.5,2,4,Normal
CHENAB,Qadirabad,18-Sept-24,12:00 Hrs,700,21816,684.1,2291,1,1.5,2,4,Normal
CHENAB,Trimmu,18-Sept-24,12:00 Hrs,490.5,18256,479.3,4256,1.5,2,3,4.5,Normal
CHENAB,Punjnad,18-Sept-24,12:00 Hrs,338,24725,327.6,10025,1.5,2,3,4.5,Normal
RAVI,Jassar,18-Sept-24,12:00 Hrs,-,-,776,2129,0.5,0.75,1,1.5,Normal
RAVI,Shahdara,18-Sept-24,12:00 Hrs,-,-,673.1,14129,0.4,0.65,0.9,1.35,Normal
RAVI,Balloki,18-Sept-24,12:00 Hrs,633.5,33415,619.3,12915,0.4,0.65,0.9,1.35,Normal
RAVI,Sidhnai,18-Sept-24,12:00 Hrs,467,21497,455.2,5597,0.3,0.45,0.6,0.9,Normal
SUTLEJ,Bhakara**,18-Sept-24,12:00 Hrs,-,-,-,-,-,-,-,-,-
SUTLEJ,Sulemanki,18-Sept-24,12:00 Hrs,569,9911,557.8,2006,0.5,0.8,1.2,1.75,Normal
SUTLEJ,Islam,18-Sept-24,12:00 Hrs,455,2083,435.1,-,0.5,0.8,1.2,1.75,Normal
INDUS,khairabad,18-Sept-24,18:00 Hrs,-,-,3.5,68700,2.25,3.75,5,6.5,Normal
INDUS,Kalabagh,18-Sept-24,18:00 Hrs,693,121493,678.5,114253,2.5,3.75,5,6.5,Normal
INDUS,Chashma,18-Sept-24,18:00 Hrs,648.2,150607,612.3,145107,2.5,3.75,5,6.5,Normal
INDUS,Taunsa,18-Sept-24,18:00 Hrs,446.5,131891,428.6,107198,2.5,3.75,5,6.5,Normal
INDUS,Guddu,18-Sept-24,18:00 Hrs,256.8,122725,248.8,91246,2,3.5,5,7,Normal
INDUS,Sukkar,18-Sept-24,18:00 Hrs,198.9,92565,191.9,48200,2,3.5,5,7,Normal
INDUS,Kotri,18-Sept-24,18:00 Hrs,69.2,90478,53.2,64403,2.5,4,5,6.5,Normal
JHELUM,Kotli,18-Sept-24,18:00 Hrs,-,-,8.1,3900,-,-,-,-,-
JHELUM,Rasul,18-Sept-24,18:00 Hrs,719,39628,697.3,19705,0.75,1.1,1.5,2.25,Normal
CHENAB,Marala,18-Sept-24,18:00 Hrs,812,25220,794.4,5000,1,1.5,2,4,Normal
CHENAB,Khanki,18-Sept-24,18:00 Hrs,732.5,9910,718.7,3642,1,1.5,2,4,Normal
CHENAB,Qadirabad,18-Sept-24,18:00 Hrs,700,19525,683,-,1,1.5,2,4,Normal
CHENAB,Trimmu,18-Sept-24,18:00 Hrs,490.5,18256,479.3,4254,1.5,2,3,4.5,Normal
CHENAB,Punjnad,18-Sept-24,18:00 Hrs,338,24725,327.6,10025,1.5,2,3,4.5,Normal
RAVI,Jassar,18-Sept-24,18:00 Hrs,-,-,776,2129,0.5,0.75,1,1.5,Normal
RAVI,Shahdara,18-Sept-24,18:00 Hrs,-,-,673.1,14129,0.4,0.65,0.9,1.35,Normal
RAVI,Balloki,18-Sept-24,18:00 Hrs,633.5,33540,619.2,12040,0.4,0.65,0.9,1.35,Normal
RAVI,Sidhnai,18-Sept-24,18:00 Hrs,467,19656,454.7,3756,0.3,0.45,0.6,0.9,Normal
SUTLEJ,Bhakara**,18-Sept-24,18:00 Hrs,-,-,-,-,-,-,-,-,-
SUTLEJ,Sulemanki,18-Sept-24,18:00 Hrs,569,9555,557.8,2006,0.5,0.8,1.2,1.75,Normal
SUTLEJ,Islam,18-Sept-24,18:00 Hrs,455,2050,435.1,-,0.5,0.8,1.2,1.75,Normal
INDUS,khairabad,18-Sept-24,23:59 Hrs,-,-,5.6,86200,2.25,3.75,5,6.5,Normal
INDUS,Kalabagh,18-Sept-24,23:59 Hrs,693,121493,678.5,114253,2.5,3.75,5,6.5,Normal
INDUS,Chashma,18-Sept-24,23:59 Hrs,647.8,150451,612.3,144951,2.5,3.75,5,6.5,Normal
INDUS,Taunsa,18-Sept-24,23:59 Hrs,446.5,131891,428.6,107198,2.5,3.75,5,6.5,Normal
INDUS,Guddu,18-Sept-24,23:59 Hrs,256.8,122725,248.8,91246,2,3.5,5,7,Normal
INDUS,Sukkar,18-Sept-24,23:59 Hrs,198.9,92565,191.9,48200,2,3.5,5,7,Normal
INDUS,Kotri,18-Sept-24,23:59 Hrs,69.2,90478,53.2,64403,2.5,4,5,6.5,Normal
JHELUM,Kotli,18-Sept-24,23:59 Hrs,-,-,8.1,3900,-,-,-,-,-
JHELUM,Rasul,18-Sept-24,23:59 Hrs,719,35723,697,15800,0.75,1.1,1.5,2.25,Normal
CHENAB,Marala,18-Sept-24,23:59 Hrs,812,24643,794.4,5000,1,1.5,2,4,Normal
CHENAB,Khanki,18-Sept-24,23:59 Hrs,732.5,8089,717.7,1821,1,1.5,2,4,Normal
CHENAB,Qadirabad,18-Sept-24,23:59 Hrs,700,19525,683,-,1,1.5,2,4,Normal
CHENAB,Trimmu,18-Sept-24,23:59 Hrs,490.5,18256,479.3,4256,1.5,2,3,4.5,Normal
CHENAB,Punjnad,18-Sept-24,23:59 Hrs,338,24725,327.6,10025,1.5,2,3,4.5,Normal
RAVI,Jassar,18-Sept-24,23:59 Hrs,-,-,776,2129,0.5,0.75,1,1.5,Normal
RAVI,Shahdara,18-Sept-24,23:59 Hrs,-,-,673.1,14129,0.4,0.65,0.9,1.35,Normal
RAVI,Balloki,18-Sept-24,23:59 Hrs,633.5,34740,619.2,12040,0.4,0.65,0.9,1.35,Normal
RAVI,Sidhnai,18-Sept-24,23:59 Hrs,467,19706,454.7,3756,0.3,0.45,0.6,0.9,Normal
SUTLEJ,Bhakara**,18-Sept-24,23:59 Hrs,-,-,-,-,-,-,-,-,-
SUTLEJ,Sulemanki,18-Sept-24,23:59 Hrs,569,9555,557.8,2006,0.5,0.8,1.2,1.75,Normal
SUTLEJ,Islam,18-Sept-24,23:59 Hrs,455,2050,435.1,-,0.5,0.8,1.2,1.75,Normal
INDUS,khairabad,19-Sept-24,06:00 Hrs,-,-,9.1,118200,2.25,3.75,5,6.5,Normal
INDUS,Kalabagh,19-Sept-24,06:00 Hrs,693,122081,678.5,114841,2.5,3.75,5,6.5,Normal
INDUS,Chashma,19-Sept-24,06:00 Hrs,647.8,150600,612.3,145100,2.5,3.75,5,6.5,Normal
INDUS,Taunsa,19-Sept-24,06:00 Hrs,446.5,132467,428.7,111378,2.5,3.75,5,6.5,Normal
INDUS,Guddu,19-Sept-24,06:00 Hrs,256.8,122725,248.8,91246,2,3.5,5,7,Normal
INDUS,Sukkar,19-Sept-24,06:00 Hrs,198.6,82845,191.4,37410,2,3.5,5,7,Normal
INDUS,Kotri,19-Sept-24,06:00 Hrs,69.2,88523,53,62448,2.5,4,5,6.5,Normal
JHELUM,Kotli,19-Sept-24,06:00 Hrs,-,-,8.2,4160,-,-,-,-,-
JHELUM,Rasul,19-Sept-24,06:00 Hrs,719,35723,697,15800,0.75,1.1,1.5,2.25,Normal
CHENAB,Marala,19-Sept-24,06:00 Hrs,812,24643,794.4,5000,1,1.5,2,4,Normal
CHENAB,Khanki,19-Sept-24,06:00 Hrs,732.5,8089,717.7,1821,1,1.5,2,4,Normal
CHENAB,Qadirabad,19-Sept-24,06:00 Hrs,700,19525,683,-,1,1.5,2,4,Normal
CHENAB,Trimmu,19-Sept-24,06:00 Hrs,490.5,18256,479.3,4256,1.5,2,3,4.5,Normal
CHENAB,Punjnad,19-Sept-24,06:00 Hrs,338,24725,327.6,10025,1.5,2,3,4.5,Normal
RAVI,Jassar,19-Sept-24,06:00 Hrs,-,-,776,2129,0.5,0.75,1,1.5,Normal
RAVI,Shahdara,19-Sept-24,06:00 Hrs,-,-,671.9,9240,0.4,0.65,0.9,1.35,Normal
RAVI,Balloki,19-Sept-24,06:00 Hrs,633.5,35540,619.2,12040,0.4,0.65,0.9,1.35,Normal
RAVI,Sidhnai,19-Sept-24,06:00 Hrs,467,19706,454.7,3756,0.3,0.45,0.6,0.9,Normal
SUTLEJ,Bhakara**,19-Sept-24,06:00 Hrs,-,-,-,-,-,-,-,-,-
SUTLEJ,Sulemanki,19-Sept-24,06:00 Hrs,569,9512,557.8,2006,0.5,0.8,1.2,1.75,Normal
SUTLEJ,Islam,19-Sept-24,06:00 Hrs,455,2050,435.1,-,0.5,0.8,1.2,1.75,Normal
INDUS,khairabad,19-Sept-24,12:00 Hrs,-,-,5.4,84500,2.25,3.75,5,6.5,Normal
INDUS,Kalabagh,19-Sept-24,12:00 Hrs,693,122081,678.5,114841,2.5,3.75,5,6.5,Normal
INDUS,Chashma,19-Sept-24,12:00 Hrs,647.6,150437,612.3,144937,2.5,3.75,5,6.5,Normal
INDUS,Taunsa,19-Sept-24,12:00 Hrs,446.5,132467,428.7,111378,2.5,3.75,5,6.5,Normal
INDUS,Guddu,19-Sept-24,12:00 Hrs,256.9,124835,248.8,93650,2,3.5,5,7,Normal
INDUS,Sukkar,19-Sept-24,12:00 Hrs,198.6,82845,191.4,37410,2,3.5,5,7,Normal
INDUS,Kotri,19-Sept-24,12:00 Hrs,69.2,88523,53,62448,2.5,4,5,6.5,Normal
JHELUM,Kotli,19-Sept-24,12:00 Hrs,-,-,8.1,3900,-,-,-,-,-
JHELUM,Rasul,19-Sept-24,12:00 Hrs,719,43533,698,23610,0.75,1.1,1.5,2.25,Normal
CHENAB,Marala,19-Sept-24,12:00 Hrs,812,32124,795.5,11512,1,1.5,2,4,Normal
CHENAB,Khanki,19-Sept-24,12:00 Hrs,732.5,9910,718.7,3642,1,1.5,2,4,Normal
CHENAB,Qadirabad,19-Sept-24,12:00 Hrs,700,21816,684,2291,1,1.5,2,4,Normal
CHENAB,Trimmu,19-Sept-24,12:00 Hrs,490.5,18256,479.3,4256,1.5,2,3,4.5,Normal
CHENAB,Punjnad,19-Sept-24,12:00 Hrs,338,24725,327.6,10025,1.5,2,3,4.5,Normal
RAVI,Jassar,19-Sept-24,12:00 Hrs,-,-,776,2129,0.5,0.75,1,1.5,Normal
RAVI,Shahdara,19-Sept-24,12:00 Hrs,-,-,671.9,9240,0.4,0.65,0.9,1.35,Normal
RAVI,Balloki,19-Sept-24,12:00 Hrs,633.5,35540,619.2,12040,0.4,0.65,0.9,1.35,Normal
RAVI,Sidhnai,19-Sept-24,12:00 Hrs,467,19706,454.7,3756,0.3,0.45,0.6,0.9,Normal
SUTLEJ,Bhakara**,19-Sept-24,12:00 Hrs,-,-,-,-,-,-,-,-,-
SUTLEJ,Sulemanki,19-Sept-24,12:00 Hrs,569,9512,557.8,2006,0.5,0.8,1.2,1.75,Normal
SUTLEJ,Islam,19-Sept-24,12:00 Hrs,455,2050,435.1,-,0.5,0.8,1.2,1.75,Normal
INDUS,khairabad,19-Sept-24,18:00 Hrs,-,-,5.1,81900,2.25,3.75,5,6.5,Normal
INDUS,Kalabagh,19-Sept-24,18:00 Hrs,693,120797,678.5,113557,2.5,3.75,5,6.5,Normal
INDUS,Chashma,19-Sept-24,18:00 Hrs,647.2,148194,612.3,145010,2.5,3.75,5,6.5,Normal
INDUS,Taunsa,19-Sept-24,18:00 Hrs,446.5,132467,428.7,111378,2.5,3.75,5,6.5,Normal
INDUS,Guddu,19-Sept-24,18:00 Hrs,256.9,123366,248.85,93016,2,3.5,5,7,Normal
INDUS,Sukkar,19-Sept-24,18:00 Hrs,198.6,82845,191.4,37410,2,3.5,5,7,Normal
INDUS,Kotri,19-Sept-24,18:00 Hrs,69.2,76150,52.2,48675,2.5,4,5,6.5,Normal
JHELUM,Kotli,19-Sept-24,18:00 Hrs,-,-,8,3650,-,-,-,-,-
JHELUM,Rasul,19-Sept-24,18:00 Hrs,719,43533,698,23610,0.75,1.1,1.5,2.25,Normal
CHENAB,Marala,19-Sept-24,18:00 Hrs,812,23643,794.2,4000,1,1.5,2,4,Normal
CHENAB,Khanki,19-Sept-24,18:00 Hrs,732.5,8089,717.7,1821,1,1.5,2,4,Normal
CHENAB,Qadirabad,19-Sept-24,18:00 Hrs,700,19525,683,Nil,1,1.5,2,4,Normal
CHENAB,Trimmu,19-Sept-24,18:00 Hrs,490.5,22134,480.4,8084,1.5,2,3,4.5,Normal
CHENAB,Punjnad,19-Sept-24,18:00 Hrs,338,24725,327.6,10025,1.5,2,3,4.5,Normal
RAVI,Jassar,19-Sept-24,18:00 Hrs,-,-,776,2129,0.5,0.75,1,1.5,Normal
RAVI,Shahdara,19-Sept-24,18:00 Hrs,-,-,671.9,9240,0.4,0.65,0.9,1.35,Normal
RAVI,Balloki,19-Sept-24,18:00 Hrs,633.5,34620,619.1,11120,0.4,0.65,0.9,1.35,Normal
RAVI,Sidhnai,19-Sept-24,18:00 Hrs,467,20666,455,4716,0.3,0.45,0.6,0.9,Normal
SUTLEJ,Bhakara**,19-Sept-24,18:00 Hrs,-,-,-,-,-,-,-,-,-
SUTLEJ,Sulemanki,19-Sept-24,18:00 Hrs,569,10345,557.8,2001,0.5,0.8,1.2,1.75,Normal
SUTLEJ,Islam,19-Sept-24,18:00 Hrs,455,2050,435.1,Nil,0.5,0.8,1.2,1.75,Normal
INDUS,khairabad,19-Sept-24,23:59 Hrs,-,-,7.5,103200,2.25,3.75,5,6.5,Normal
INDUS,Kalabagh,19-Sept-24,23:59 Hrs,693,110448,678.3,103208,2.5,3.75,5,6.5,Normal
INDUS,Chashma,19-Sept-24,23:59 Hrs,647.1,150518,612.3,145018,2.5,3.75,5,6.5,Normal
INDUS,Taunsa,19-Sept-24,23:59 Hrs,446.5,132467,428.7,111378,2.5,3.75,5,6.5,Normal
INDUS,Guddu,19-Sept-24,23:59 Hrs,256.9,123366,248.85,93016,2,3.5,5,7,Normal
INDUS,Sukkar,19-Sept-24,23:59 Hrs,198.6,82845,191.4,37410,2,3.5,5,7,Normal
INDUS,Kotri,19-Sept-24,23:59 Hrs,69.2,76150,52.2,48675,2.5,4,5,6.5,Normal
JHELUM,Kotli,19-Sept-24,23:59 Hrs,-,-,7.9,34410,-,-,-,-,-
JHELUM,Rasul,19-Sept-24,23:59 Hrs,719,35723,697,15800,0.75,1.1,1.5,2.25,Normal
CHENAB,Marala,19-Sept-24,23:59 Hrs,812,23643,794.2,4000,1,1.5,2,4,Normal
CHENAB,Khanki,19-Sept-24,23:59 Hrs,732.5,9910,718.7,3642,1,1.5,2,4,Normal
CHENAB,Qadirabad,19-Sept-24,23:59 Hrs,700,19525,683,-,1,1.5,2,4,Normal
CHENAB,Trimmu,19-Sept-24,23:59 Hrs,490.5,24106,480.5,10056,1.5,2,3,4.5,Normal
CHENAB,Punjnad,19-Sept-24,23:59 Hrs,338,24725,327.6,10025,1.5,2,3,4.5,Normal
RAVI,Jassar,19-Sept-24,23:59 Hrs,-,-,776,2129,0.5,0.75,1,1.5,Normal
RAVI,Shahdara,19-Sept-24,23:59 Hrs,-,-,671.9,9240,0.4,0.65,0.9,1.35,Normal
RAVI,Balloki,19-Sept-24,23:59 Hrs,633.5,34620,619.1,11120,0.4,0.65,0.9,1.35,Normal
RAVI,Sidhnai,19-Sept-24,23:59 Hrs,467,21850,455.4,5900,0.3,0.45,0.6,0.9,Normal
SUTLEJ,Bhakara**,19-Sept-24,23:59 Hrs,-,-,-,-,-,-,-,-,-
SUTLEJ,Sulemanki,19-Sept-24,23:59 Hrs,569,10345,557.8,2001,0.5,0.8,1.2,1.75,Normal
SUTLEJ,Islam,19-Sept-24,23:59 Hrs,455,2050,435.1,-,0.5,0.8,1.2,1.75,Normal
INDUS,khairabad,20-Sept-24,06:00 Hrs,-,-,8.2,109700,2.25,3.75,5,6.5,Normal
INDUS,Kalabagh,20-Sept-24,06:00 Hrs,693,122632,678.5,115292,2.5,3.75,5,6.5,Normal
INDUS,Chashma,20-Sept-24,06:00 Hrs,647,150296,612.3,144796,2.5,3.75,5,6.5,Normal
INDUS,Taunsa,20-Sept-24,06:00 Hrs,446.5,132467,428.7,111378,2.5,3.75,5,6.5,Normal
INDUS,Guddu,20-Sept-24,06:00 Hrs,256.6,116444,248.6,86309,2,3.5,5,7,Normal
INDUS,Sukkar,20-Sept-24,06:00 Hrs,198.6,82655,191.4,37410,2,3.5,5,7,Normal
INDUS,Kotri,20-Sept-24,06:00 Hrs,69.2,66688,51.8,38733,2.5,4,5,6.5,Normal
JHELUM,Kotli,20-Sept-24,06:00 Hrs,-,-,7.8,3170,-,-,-,-,-
JHELUM,Rasul,20-Sept-24,06:00 Hrs,719,35723,697,15800,0.75,1.1,1.5,2.25,Normal
CHENAB,Marala,20-Sept-24,06:00 Hrs,812,23643,794.2,4000,1,1.5,2,4,Normal
CHENAB,Khanki,20-Sept-24,06:00 Hrs,732.5,9910,718.7,3642,1,1.5,2,4,Normal
CHENAB,Qadirabad,20-Sept-24,06:00 Hrs,700,19525,683,-,1,1.5,2,4,Normal
CHENAB,Trimmu,20-Sept-24,06:00 Hrs,490.5,24106,480.5,10056,1.5,2,3,4.5,Normal
CHENAB,Punjnad,20-Sept-24,06:00 Hrs,338,24725,327.6,10025,1.5,2,3,4.5,Normal
RAVI,Jassar,20-Sept-24,06:00 Hrs,-,-,776,2129,0.5,0.75,1,1.5,Normal
RAVI,Shahdara,20-Sept-24,06:00 Hrs,-,-,671.4,7586,0.4,0.65,0.9,1.35,Normal
RAVI,Balloki,20-Sept-24,06:00 Hrs,633.5,32765,618.6,9265,0.4,0.65,0.9,1.35,Normal
RAVI,Sidhnai,20-Sept-24,06:00 Hrs,467,21850,455.4,5900,0.3,0.45,0.6,0.9,Normal
SUTLEJ,Bhakara**,20-Sept-24,06:00 Hrs,-,-,-,-,-,-,-,-,-
SUTLEJ,Sulemanki,20-Sept-24,06:00 Hrs,569,12027,557.8,2027,0.5,0.8,1.2,1.75,Normal
SUTLEJ,Islam,20-Sept-24,06:00 Hrs,455,2050,435.1,-,0.5,0.8,1.2,1.75,Normal
INDUS,khairabad,20-Sept-24,12:00 Hrs,-,-,3.5,68700,2.25,3.75,5,6.5,Normal
INDUS,Kalabagh,20-Sept-24,12:00 Hrs,693,135519,678.8,128179,2.5,3.75,5,6.5,Normal
INDUS,Chashma,20-Sept-24,12:00 Hrs,646.8,150500,612.3,145000,2.5,3.75,5,6.5,Normal
INDUS,Taunsa,20-Sept-24,12:00 Hrs,446.5,132467,428.7,111023,2.5,3.75,5,6.5,Normal
INDUS,Guddu,20-Sept-24,12:00 Hrs,256.2,114280,248.7,85711,2,3.5,5,7,Normal
INDUS,Sukkar,20-Sept-24,12:00 Hrs,198.6,82655,191.4,37410,2,3.5,5,7,Normal
INDUS,Kotri,20-Sept-24,12:00 Hrs,69.2,66688,51.8,38733,2.5,4,5,6.5,Normal
JHELUM,Kotli,20-Sept-24,12:00 Hrs,-,-,7.8,3170,-,-,-,-,-
JHELUM,Rasul,20-Sept-24,12:00 Hrs,719,47438,698.3,27515,0.75,1.1,1.5,2.25,Normal
CHENAB,Marala,20-Sept-24,12:00 Hrs,812,24612,794.2,4000,1,1.5,2,4,Normal
CHENAB,Khanki,20-Sept-24,12:00 Hrs,732.5,9910,718.7,3642,1,1.5,2,4,Normal
CHENAB,Qadirabad,20-Sept-24,12:00 Hrs,700,19525,683,-,1,1.5,2,4,Normal
CHENAB,Trimmu,20-Sept-24,12:00 Hrs,490.5,23279,480.1,9229,1.5,2,3,4.5,Normal
CHENAB,Punjnad,20-Sept-24,12:00 Hrs,338,27123,327.55,12423,1.5,2,3,4.5,Normal
RAVI,Jassar,20-Sept-24,12:00 Hrs,-,-,776,2129,0.5,0.75,1,1.5,Normal
RAVI,Shahdara,20-Sept-24,12:00 Hrs,-,-,671.4,7586,0.4,0.65,0.9,1.35,Normal
RAVI,Balloki,20-Sept-24,12:00 Hrs,633.5,30460,618.3,6960,0.4,0.65,0.9,1.35,Normal
RAVI,Sidhnai,20-Sept-24,12:00 Hrs,467,22769,456,6819,0.3,0.45,0.6,0.9,Normal
SUTLEJ,Bhakara**,20-Sept-24,12:00 Hrs,-,-,-,-,-,-,-,-,-
SUTLEJ,Sulemanki,20-Sept-24,12:00 Hrs,569,12027,557.8,2027,0.5,0.8,1.2,1.75,Normal
SUTLEJ,Islam,20-Sept-24,12:00 Hrs,455,2050,434.8,-,0.5,0.8,1.2,1.75,Normal
INDUS,khairabad,20-Sept-24,18:00 Hrs,-,-,1.5,53200,2.25,3.75,5,6.5,Normal
INDUS,Kalabagh,20-Sept-24,18:00 Hrs,693,122681,678.5,115341,2.5,3.75,5,6.5,Normal
INDUS,Chashma,20-Sept-24,18:00 Hrs,646.6,143034,612,137534,2.5,3.75,5,6.5,Normal
INDUS,Taunsa,20-Sept-24,18:00 Hrs,446.5,133461,428.7,112562,2.5,3.75,5,6.5,Normal
INDUS,Guddu,20-Sept-24,18:00 Hrs,256.2,114030,248.7,85711,2,3.5,5,7,Normal
INDUS,Sukkar,20-Sept-24,18:00 Hrs,198.6,82655,191.4,37410,2,3.5,5,7,Normal
INDUS,Kotri,20-Sept-24,18:00 Hrs,69.2,65478,51.6,36403,2.5,4,5,6.5,Normal
JHELUM,Kotli,20-Sept-24,18:00 Hrs,-,-,7.8,3170,-,-,-,-,-
JHELUM,Rasul,20-Sept-24,18:00 Hrs,719,39628,697.3,19705,0.75,1.1,1.5,2.25,Normal
CHENAB,Marala,20-Sept-24,18:00 Hrs,8120,24026,794.2,4000,1,1.5,2,4,Normal
CHENAB,Khanki,20-Sept-24,18:00 Hrs,732.5,8089,717.7,1821,1,1.5,2,4,Normal
CHENAB,Qadirabad,20-Sept-24,18:00 Hrs,700,21816,684,2291,1,1.5,2,4,Normal
CHENAB,Trimmu,20-Sept-24,18:00 Hrs,490.5,23279,480.1,9229,1.5,2,3,4.5,Normal
CHENAB,Punjnad,20-Sept-24,18:00 Hrs,338,22451,326.7,7751,1.5,2,3,4.5,Normal
RAVI,Jassar,20-Sept-24,18:00 Hrs,-,-,776,2129,0.5,0.75,1,1.5,Normal
RAVI,Shahdara,20-Sept-24,18:00 Hrs,-,-,671.4,7586,0.4,0.65,0.9,1.35,Normal
RAVI,Balloki,20-Sept-24,18:00 Hrs,633.5,30460,618.3,6960,0.4,0.65,0.9,1.35,Normal
RAVI,Sidhnai,20-Sept-24,18:00 Hrs,467,23704,456.4,7754,0.3,0.45,0.6,0.9,Normal
SUTLEJ,Bhakara**,20-Sept-24,18:00 Hrs,-,-,-,-,-,-,-,-,-
SUTLEJ,Sulemanki,20-Sept-24,18:00 Hrs,569,12645,557.8,2028,0.5,0.8,1.2,1.75,Normal
SUTLEJ,Islam,20-Sept-24,18:00 Hrs,455,2050,434.8,Nil,0.5,0.8,1.2,1.75,Normal
INDUS,khairabad,20-Sept-24,23:59 Hrs,-,-,4,72700,2.25,3.75,5,6.5,Normal
INDUS,Kalabagh,20-Sept-24,23:59 Hrs,693,99445,678,92105,2.5,3.75,5,6.5,Normal
INDUS,Chashma,20-Sept-24,23:59 Hrs,646.5,143072,612,137572,2.5,3.75,5,6.5,Normal
INDUS,Taunsa,20-Sept-24,23:59 Hrs,446.5,133461,428.7,112562,2.5,3.75,5,6.5,Normal
INDUS,Guddu,20-Sept-24,23:59 Hrs,256.2,114030,248.7,85711,2,3.5,5,7,Normal
INDUS,Sukkar,20-Sept-24,23:59 Hrs,198.6,82655,191.4,37410,2,3.5,5,7,Normal
INDUS,Kotri,20-Sept-24,23:59 Hrs,69.2,65478,51.6,36403,2.5,4,5,6.5,Normal
JHELUM,Kotli,20-Sept-24,23:59 Hrs,-,-,7.9,3410,-,-,-,-,-
JHELUM,Rasul,20-Sept-24,23:59 Hrs,719,35723,697,15800,0.75,1.1,1.5,2.25,Normal
CHENAB,Marala,20-Sept-24,23:59 Hrs,812,23453,794.2,4000,1,1.5,2,4,Normal
CHENAB,Khanki,20-Sept-24,23:59 Hrs,732.5,8089,717.7,1821,1,1.5,2,4,Normal
CHENAB,Qadirabad,20-Sept-24,23:59 Hrs,700,19525,683,-,1,1.5,2,4,Normal
CHENAB,Trimmu,20-Sept-24,23:59 Hrs,490.5,23279,480.1,9229,1.5,2,3,4.5,Normal
CHENAB,Punjnad,20-Sept-24,23:59 Hrs,338,22451,326.7,7751,1.5,2,3,4.5,Normal
RAVI,Jassar,20-Sept-24,23:59 Hrs,-,-,776,2129,0.5,0.75,1,1.5,Normal
RAVI,Shahdara,20-Sept-24,23:59 Hrs,-,-,671.4,7586,0.4,0.65,0.9,1.35,Normal
RAVI,Balloki,20-Sept-24,23:59 Hrs,633.5,30305,618,5805,0.4,0.65,0.9,1.35,Normal
RAVI,Sidhnai,20-Sept-24,23:59 Hrs,467,23704,456.4,7754,0.3,0.45,0.6,0.9,Normal
SUTLEJ,Bhakara**,20-Sept-24,23:59 Hrs,-,-,-,-,-,-,-,-,-
SUTLEJ,Sulemanki,20-Sept-24,23:59 Hrs,569,12645,557.8,2028,0.5,0.8,1.2,1.75,Normal
SUTLEJ,Islam,20-Sept-24,23:59 Hrs,455,2050,434.8,-,0.5,0.8,1.2,1.75,Normal
INDUS,khairabad,21-Sept-24,06:00 Hrs,-,-,5.9,88800,2.25,3.75,5,6.5,Normal
INDUS,Kalabagh,21-Sept-24,06:00 Hrs,693,97367,678,90027,2.5,3.75,5,6.5,Normal
INDUS,Chashma,21-Sept-24,06:00 Hrs,646.4,143146,612.1,137646,2.5,3.75,5,6.5,Normal
INDUS,Taunsa,21-Sept-24,06:00 Hrs,446.5,133461,428.7,112562,2.5,3.75,5,6.5,Normal
INDUS,Guddu,21-Sept-24,06:00 Hrs,256,113768,248.9,88398,2,3.5,5,7,Normal
INDUS,Sukkar,21-Sept-24,06:00 Hrs,198.6,81350,191.2,36805,2,3.5,5,7,Normal
INDUS,Kotri,21-Sept-24,06:00 Hrs,69.2,65058,51.6,36403,2.5,4,5,6.5,Normal
JHELUM,Kotli,21-Sept-24,06:00 Hrs,-,-,7.8,3170,-,-,-,-,-
JHELUM,Rasul,21-Sept-24,06:00 Hrs,719,39628,697.3,19705,0.75,1.1,1.5,2.25,Normal
CHENAB,Marala,21-Sept-24,06:00 Hrs,812,23453,794.2,4000,1,1.5,2,4,Normal
CHENAB,Khanki,21-Sept-24,06:00 Hrs,732.5,9910,718.1,3642,1,1.5,2,4,Normal
CHENAB,Qadirabad,21-Sept-24,06:00 Hrs,700,19525,683,-,1,1.5,2,4,Normal
CHENAB,Trimmu,21-Sept-24,06:00 Hrs,490.5,23279,480.1,9229,1.5,2,3,4.5,Normal
CHENAB,Punjnad,21-Sept-24,06:00 Hrs,338,22451,326.7,7751,1.5,2,3,4.5,Normal
RAVI,Jassar,21-Sept-24,06:00 Hrs,-,-,776,2129,0.5,0.75,1,1.5,Normal
RAVI,Shahdara,21-Sept-24,06:00 Hrs,-,-,671.4,7586,0.4,0.65,0.9,1.35,Normal
RAVI,Balloki,21-Sept-24,06:00 Hrs,633.5,29150,617.9,4650,0.4,0.65,0.9,1.35,Normal
RAVI,Sidhnai,21-Sept-24,06:00 Hrs,467,23704,456.4,7754,0.3,0.45,0.6,0.9,Normal
SUTLEJ,Bhakara**,21-Sept-24,06:00 Hrs,-,-,-,-,-,-,-,-,-
SUTLEJ,Sulemanki,21-Sept-24,06:00 Hrs,569,12629,557.8,2028,0.5,0.8,1.2,1.75,Normal
SUTLEJ,Islam,21-Sept-24,06:00 Hrs,455,2050,434.8,-,0.5,0.8,1.2,1.75,Normal
INDUS,khairabad,21-Sept-24,12:00 Hrs,-,-,6.2,91500,2.25,3.75,5,6.5,Normal
INDUS,Kalabagh,21-Sept-24,12:00 Hrs,693,110710,678.3,103370,2.5,3.75,5,6.5,Normal
INDUS,Chashma,21-Sept-24,12:00 Hrs,645.9,143923,612.2,140034,2.5,3.75,5,6.5,Normal
INDUS,Taunsa,21-Sept-24,12:00 Hrs,446.5,133461,428.7,112562,2.5,3.75,5,6.5,Normal
INDUS,Guddu,21-Sept-24,12:00 Hrs,255.9,112657,248.8,88398,2,3.5,5,7,Normal
INDUS,Sukkar,21-Sept-24,12:00 Hrs,198.6,81350,191.2,36805,2,3.5,5,7,Normal
INDUS,Kotri,21-Sept-24,12:00 Hrs,69.2,63144,51.2,33129,2.5,4,5,6.5,Normal
JHELUM,Kotli,21-Sept-24,12:00 Hrs,-,-,7.7,2950,-,-,-,-,-
JHELUM,Rasul,21-Sept-24,12:00 Hrs,719,47643,698.3,27515,0.75,1.1,1.5,2.25,Normal
CHENAB,Marala,21-Sept-24,12:00 Hrs,812,24220,794.2,4000,1,1.5,2,4,Normal
CHENAB,Khanki,21-Sept-24,12:00 Hrs,733.5,8089,717.7,1821,1,1.5,2,4,Normal
CHENAB,Qadirabad,21-Sept-24,12:00 Hrs,700,19525,683,-,1,1.5,2,4,Normal
CHENAB,Trimmu,21-Sept-24,12:00 Hrs,590.5,23279,480.1,9229,1.5,2,3,4.5,Normal
CHENAB,Punjnad,21-Sept-24,12:00 Hrs,338,18123,325.3,3423,1.5,2,3,4.5,Normal
RAVI,Jassar,21-Sept-24,12:00 Hrs,-,-,776,2129,0.5,0.75,1,1.5,Normal
RAVI,Shahdara,21-Sept-24,12:00 Hrs,-,-,671.4,7586,0.4,0.65,0.9,1.35,Normal
RAVI,Balloki,21-Sept-24,12:00 Hrs,633.5,29150,617.9,4650,0.4,0.65,0.9,1.35,Normal
RAVI,Sidhnai,21-Sept-24,12:00 Hrs,467,23704,456.4,7754,0.3,0.45,0.6,0.9,Normal
SUTLEJ,Bhakara**,21-Sept-24,12:00 Hrs,-,-,-,-,-,-,-,-,-
SUTLEJ,Sulemanki,21-Sept-24,12:00 Hrs,569,12629,557.8,2028,0.5,0.8,1.2,1.75,Normal
SUTLEJ,Islam,21-Sept-24,12:00 Hrs,455,2050,434.8,-,0.5,0.8,1.2,1.75,Normal
INDUS,khairabad,21-Sept-24,18:00 Hrs,-,-,2.1,57700,2.25,3.75,5,6.5,Normal
INDUS,Kalabagh,21-Sept-24,18:00 Hrs,693,122756,678.5,115416,2.5,3.75,5,6.5,Normal
INDUS,Chashma,21-Sept-24,18:00 Hrs,645.4,139698,611.9,135760,2.5,3.75,5,6.5,Normal
INDUS,Taunsa,21-Sept-24,18:00 Hrs,446.5,133461,428.7,113202,2.5,3.75,5,6.5,Normal
INDUS,Guddu,21-Sept-24,18:00 Hrs,255.9,112657,248.8,88398,2,3.5,5,7,Normal
INDUS,Sukkar,21-Sept-24,18:00 Hrs,198.6,81350,191.2,36805,2,3.5,5,7,Normal
INDUS,Kotri,21-Sept-24,18:00 Hrs,69.2,63144,51.2,33129,2.5,4,5,6.5,Normal
JHELUM,Kotli,21-Sept-24,18:00 Hrs,-,-,7.8,3170,-,-,-,-,-
JHELUM,Rasul,21-Sept-24,18:00 Hrs,719,39833,697.3,19705,0.75,1.1,1.5,2.25,Normal
CHENAB,Marala,21-Sept-24,18:00 Hrs,812,23265,794.2,4000,1,1.5,2,4,Normal
CHENAB,Khanki,21-Sept-24,18:00 Hrs,732.5,8089,717.7,1821,1,1.5,2,4,Normal
CHENAB,Qadirabad,21-Sept-24,18:00 Hrs,700,19525,683,-,1,1.5,2,4,Normal
CHENAB,Trimmu,21-Sept-24,18:00 Hrs,490.5,25995,480.7,11945,1.5,2,3,4.5,Normal
CHENAB,Punjnad,21-Sept-24,18:00 Hrs,338,18223,325.3,3423,1.5,2,3,4.5,Normal
RAVI,Jassar,21-Sept-24,18:00 Hrs,-,-,776,2129,0.5,0.75,1,1.5,Normal
RAVI,Shahdara,21-Sept-24,18:00 Hrs,-,-,671.4,7586,0.4,0.65,0.9,1.35,Normal
RAVI,Balloki,21-Sept-24,18:00 Hrs,633.5,29150,617.9,4650,0.4,0.65,0.9,1.35,Normal
RAVI,Sidhnai,21-Sept-24,18:00 Hrs,467,22956,456.3,7106,0.3,0.45,0.6,0.9,Normal
SUTLEJ,Bhakara**,21-Sept-24,18:00 Hrs,,-,-,-,-,-,-,-,-
SUTLEJ,Sulemanki,21-Sept-24,18:00 Hrs,569,12638,557.8,2028,0.5,0.8,1.2,1.75,Normal
SUTLEJ,Islam,21-Sept-24,18:00 Hrs,455,2083,434.8,-,0.5,0.8,1.2,1.75,Normal
INDUS,khairabad,21-Sept-24,23:59 Hrs,-,-,2.9,63900,2.25,3.75,5,6.5,Normal
INDUS,Kalabagh,21-Sept-24,23:59 Hrs,693,105853,678.3,98513,2.5,3.75,5,6.5,Normal
INDUS,Chashma,21-Sept-24,23:59 Hrs,645.1,141480,612,135880,2.5,3.75,5,6.5,Normal
INDUS,Taunsa,21-Sept-24,23:59 Hrs,446.5,133461,428.7,113202,2.5,3.75,5,6.5,Normal
INDUS,Guddu,21-Sept-24,23:59 Hrs,255.9,112657,248.8,88398,2,3.5,5,7,Normal
INDUS,Sukkar,21-Sept-24,23:59 Hrs,198.6,81350,191.2,36805,2,3.5,5,7,Normal
INDUS,Kotri,21-Sept-24,23:59 Hrs,69.2,63144,51.2,33129,2.5,4,5,6.5,Normal
JHELUM,Kotli,21-Sept-24,23:59 Hrs,-,-,7.7,2950,-,-,-,-,-
JHELUM,Rasul,21-Sept-24,23:59 Hrs,719,39833,697.3,19705,0.75,1.1,1.5,2.25,Normal
CHENAB,Marala,21-Sept-24,23:59 Hrs,812,23265,794.2,4000,1,1.5,2,4,Normal
CHENAB,Khanki,21-Sept-24,23:59 Hrs,732.5,8089,717.7,1821,1,1.5,2,4,Normal
CHENAB,Qadirabad,21-Sept-24,23:59 Hrs,700,19525,683,-,1,1.5,2,4,Normal
CHENAB,Trimmu,21-Sept-24,23:59 Hrs,490.5,25995,480.7,11945,1.5,2,3,4.5,Normal
CHENAB,Punjnad,21-Sept-24,23:59 Hrs,338,18223,325.3,3423,1.5,2,3,4.5,Normal
RAVI,Jassar,21-Sept-24,23:59 Hrs,-,-,776,2129,0.5,0.75,1,1.5,Normal
RAVI,Shahdara,21-Sept-24,23:59 Hrs,-,-,671.4,7586,0.4,0.65,0.9,1.35,Normal
RAVI,Balloki,21-Sept-24,23:59 Hrs,633.5,29150,617.9,4650,0.4,0.65,0.9,1.35,Normal
RAVI,Sidhnai,21-Sept-24,23:59 Hrs,467,22956,456.3,7106,0.3,0.45,0.6,0.9,Normal
SUTLEJ,Bhakara**,21-Sept-24,23:59 Hrs,,-,-,-,-,-,-,-,-
SUTLEJ,Sulemanki,21-Sept-24,23:59 Hrs,569,12638,557.8,2028,0.5,0.8,1.2,1.75,Normal
SUTLEJ,Islam,21-Sept-24,23:59 Hrs,455,2083,434.8,-,0.5,0.8,1.2,1.75,Normal
INDUS,khairabad,22-Sept-24,06:00 Hrs,-,-,8,107800,2.25,3.75,5,6.5,Normal
INDUS,Kalabagh,22-Sept-24,06:00 Hrs,693,98489,678,91149,2.5,3.75,5,6.5,Normal
INDUS,Chashma,22-Sept-24,06:00 Hrs,645,141424,612.1,135824,2.5,3.75,5,6.5,Normal
INDUS,Taunsa,22-Sept-24,06:00 Hrs,446.5,129773,428.6,110060,2.5,3.75,5,6.5,Normal
INDUS,Guddu,22-Sept-24,06:00 Hrs,256,113281,248.8,89018,2,3.5,5,7,Normal
INDUS,Sukkar,22-Sept-24,06:00 Hrs,198.6,82117,191.3,37817,2,3.5,5,7,Normal
INDUS,Kotri,22-Sept-24,06:00 Hrs,69.2,59625,50.9,29690,2.5,4,5,6.5,Normal
JHELUM,Kotli,22-Sept-24,06:00 Hrs,-,-,7.7,2950,-,-,-,-,-
JHELUM,Rasul,22-Sept-24,06:00 Hrs,719,35928,697,15800,0.75,1.1,1.5,2.25,Normal
CHENAB,Marala,22-Sept-24,06:00 Hrs,812,22894,794.2,4000,1,1.5,2,4,Normal
CHENAB,Khanki,22-Sept-24,06:00 Hrs,732.5,8089,717.7,1821,1,1.5,2,4,Normal
CHENAB,Qadirabad,22-Sept-24,06:00 Hrs,700,19525,683,-,1,1.5,2,4,Normal
CHENAB,Trimmu,22-Sept-24,06:00 Hrs,490.5,25995,480.7,11945,1.5,2,3,4.5,Normal
CHENAB,Punjnad,22-Sept-24,06:00 Hrs,338,18223,325.3,3423,1.5,2,3,4.5,Normal
RAVI,Jassar,22-Sept-24,06:00 Hrs,-,-,776,2129,0.5,0.75,1,1.5,Normal
RAVI,Shahdara,22-Sept-24,06:00 Hrs,-,-,671.4,7586,0.4,0.65,0.9,1.35,Normal
RAVI,Balloki,22-Sept-24,06:00 Hrs,633.5,29150,617.9,4650,0.4,0.65,0.9,1.35,Normal
RAVI,Sidhnai,22-Sept-24,06:00 Hrs,467,21674,456,5824,0.3,0.45,0.6,0.9,Normal
SUTLEJ,Bhakara**,22-Sept-24,06:00 Hrs,,-,-,-,-,-,-,-,-
SUTLEJ,Sulemanki,22-Sept-24,06:00 Hrs,569,12835,557.8,2028,0.5,0.8,1.2,1.75,Normal
SUTLEJ,Islam,22-Sept-24,06:00 Hrs,455,2083,434.8,-,0.5,0.8,1.2,1.75,Normal
INDUS,khairabad,22-Sept-24,12:00 Hrs,-,-,5.8,87900,2.25,3.75,5,6.5,Normal
INDUS,Kalabagh,22-Sept-24,12:00 Hrs,693,122181,678.5,114841,2.5,3.75,5,6.5,Normal
INDUS,Chashma,22-Sept-24,12:00 Hrs,644.9,141104,612.1,136973,2.5,3.75,5,6.5,Normal
INDUS,Taunsa,22-Sept-24,12:00 Hrs,446,129773,428.6,110060,2.5,3.75,5,6.5,Normal
INDUS,Guddu,22-Sept-24,12:00 Hrs,256,112806,248.6,88543,2,3.5,5,7,Normal
INDUS,Sukkar,22-Sept-24,12:00 Hrs,198.6,82117,191.3,37817,2,3.5,5,7,Normal
INDUS,Kotri,22-Sept-24,12:00 Hrs,69.4,59405,50.7,29690,2.5,4,5,6.5,Normal
JHELUM,Kotli,22-Sept-24,12:00 Hrs,-,-,7.8,3170,-,-,-,-,-
JHELUM,Rasul,22-Sept-24,12:00 Hrs,719,47643,698.3,27515,0.75,1.1,1.5,2.25,Normal
CHENAB,Marala,22-Sept-24,12:00 Hrs,812,22894,794.2,4000,1,1.5,2,4,Normal
CHENAB,Khanki,22-Sept-24,12:00 Hrs,732.5,8089,717.7,1821,1,1.5,2,4,Normal
CHENAB,Qadirabad,22-Sept-24,12:00 Hrs,700,19525,683,-,1,1.5,2,4,Normal
CHENAB,Trimmu,22-Sept-24,12:00 Hrs,490.5,25995,480.7,11945,1.5,2,3,4.5,Normal
CHENAB,Punjnad,22-Sept-24,12:00 Hrs,338,18223,325.3,3423,1.5,2,3,4.5,Normal
RAVI,Jassar,22-Sept-24,12:00 Hrs,-,-,776,2129,0.5,0.75,1,1.5,Normal
RAVI,Shahdara,22-Sept-24,12:00 Hrs,-,-,671.4,7586,0.4,0.65,0.9,1.35,Normal
RAVI,Balloki,22-Sept-24,12:00 Hrs,633.5,29150,617.9,4650,0.4,0.65,0.9,1.35,Normal
RAVI,Sidhnai,22-Sept-24,12:00 Hrs,467,21063,455.6,5213,0.3,0.45,0.6,0.9,Normal
SUTLEJ,Bhakara**,22-Sept-24,12:00 Hrs,,-,-,-,-,-,-,-,-
SUTLEJ,Sulemanki,22-Sept-24,12:00 Hrs,569,12835,557.8,2028,0.5,0.8,1.2,1.75,Normal
SUTLEJ,Islam,22-Sept-24,12:00 Hrs,455,2083,434.8,-,0.5,0.8,1.2,1.75,Normal
INDUS,khairabad,22-Sept-24,18:00 Hrs,-,-,4.5,76900,2.25,3.75,5,6.5,Normal
INDUS,Kalabagh,22-Sept-24,18:00 Hrs,693,128903,678.6,121563,2.5,3.75,5,6.5,Normal
INDUS,Chashma,22-Sept-24,18:00 Hrs,644.6,142670,612.1,137070,2.5,3.75,5,6.5,Normal
INDUS,Taunsa,22-Sept-24,18:00 Hrs,446.5,129773,428.6,110060,2.5,3.75,5,6.5,Normal
INDUS,Guddu,22-Sept-24,18:00 Hrs,256,112806,248.6,88543,2,3.5,5,7,Normal
INDUS,Sukkar,22-Sept-24,18:00 Hrs,198.5,80790,191.2,36770,2,3.5,5,7,Normal
INDUS,Kotri,22-Sept-24,18:00 Hrs,69.2,59405,50.9,29690,2.5,4,5,6.5,Normal
JHELUM,Kotli,22-Sept-24,18:00 Hrs,-,-,7.7,2950,-,-,-,-,-
JHELUM,Rasul,22-Sept-24,18:00 Hrs,719,39833,697.3,19705,0.75,1.1,1.5,2.25,Normal
CHENAB,Marala,22-Sept-24,18:00 Hrs,812,22528,794.2,4000,1,1.5,2,4,Normal
CHENAB,Khanki,22-Sept-24,18:00 Hrs,732.5,8089,717.7,1821,1,1.5,2,4,Normal
CHENAB,Qadirabad,22-Sept-24,18:00 Hrs,700,18532,683,-,1,1.5,2,4,Normal
CHENAB,Trimmu,22-Sept-24,18:00 Hrs,490.5,26925,480.8,12875,1.5,2,3,4.5,Normal
CHENAB,Punjnad,22-Sept-24,18:00 Hrs,338,18223,325.3,3423,1.5,2,3,4.5,Normal
RAVI,Jassar,22-Sept-24,18:00 Hrs,-,-,776,2129,0.5,0.75,1,1.5,Normal
RAVI,Shahdara,22-Sept-24,18:00 Hrs,-,-,671.4,7586,0.4,0.65,0.9,1.35,Normal
RAVI,Balloki,22-Sept-24,18:00 Hrs,633.5,30305,618,5805,0.4,0.65,0.9,1.35,Normal
RAVI,Sidhnai,22-Sept-24,18:00 Hrs,467,21063,455.6,5213,0.3,0.45,0.6,0.9,Normal
SUTLEJ,Bhakara**,22-Sept-24,18:00 Hrs,,-,-,-,-,-,-,-,-
SUTLEJ,Sulemanki,22-Sept-24,18:00 Hrs,569,13326,557.8,2028,0.5,0.8,1.2,1.75,Normal
SUTLEJ,Islam,22-Sept-24,18:00 Hrs,455,2083,434.8,-,0.5,0.8,1.2,1.75,Normal
INDUS,khairabad,22-Sept-24,23:59 Hrs,-,-,8,107800,2.25,3.75,5,6.5,Normal
INDUS,Kalabagh,22-Sept-24,23:59 Hrs,693,122181,678.5,114841,2.5,3.75,5,6.5,Normal
INDUS,Chashma,22-Sept-24,23:59 Hrs,644.3,142558,612.1,136958,2.5,3.75,5,6.5,Normal
INDUS,Taunsa,22-Sept-24,23:59 Hrs,446.5,129773,428.6,110060,2.5,3.75,5,6.5,Normal
INDUS,Guddu,22-Sept-24,23:59 Hrs,256,112806,248.6,88543,2,3.5,5,7,Normal
INDUS,Sukkar,22-Sept-24,23:59 Hrs,198.5,80790,191.2,36770,2,3.5,5,7,Normal
INDUS,Kotri,22-Sept-24,23:59 Hrs,69.2,59405,50.9,29690,2.5,4,5,6.5,Normal
JHELUM,Kotli,22-Sept-24,23:59 Hrs,-,-,7.6,2730,-,-,-,-,-
JHELUM,Rasul,22-Sept-24,23:59 Hrs,719,43738,698,23610,0.75,1.1,1.5,2.25,Normal
CHENAB,Marala,22-Sept-24,23:59 Hrs,812,22528,794.2,4000,1,1.5,2,4,Normal
CHENAB,Khanki,22-Sept-24,23:59 Hrs,732.5,8089,717.7,1821,1,1.5,2,4,Normal
CHENAB,Qadirabad,22-Sept-24,23:59 Hrs,700,19525,683,-,1,1.5,2,4,Normal
CHENAB,Trimmu,22-Sept-24,23:59 Hrs,490.5,25056,480.6,11006,1.5,2,3,4.5,Normal
CHENAB,Punjnad,22-Sept-24,23:59 Hrs,338,18263,325.3,3423,1.5,2,3,4.5,Normal
RAVI,Jassar,22-Sept-24,23:59 Hrs,-,-,776,2129,0.5,0.75,1,1.5,Normal
RAVI,Shahdara,22-Sept-24,23:59 Hrs,-,-,671.4,7586,0.4,0.65,0.9,1.35,Normal
RAVI,Balloki,22-Sept-24,23:59 Hrs,633.5,30305,618,5805,0.4,0.65,0.9,1.35,Normal
RAVI,Sidhnai,22-Sept-24,23:59 Hrs,467,18909,455,3009,0.3,0.45,0.6,0.9,Normal
SUTLEJ,Bhakara**,22-Sept-24,23:59 Hrs,,-,-,-,-,-,-,-,-
SUTLEJ,Sulemanki,22-Sept-24,23:59 Hrs,569,13326,557.8,2028,0.5,0.8,1.2,1.75,Normal
SUTLEJ,Islam,22-Sept-24,23:59 Hrs,455,2083,434.8,-,0.5,0.8,1.2,1.75,Normal
INDUS,khairabad,23-Sept-24,06:00 Hrs,-,-,6.8,96800,2.25,3.75,5,6.5,Normal
INDUS,Kalabagh,23-Sept-24,06:00 Hrs,693,121615,678.5,114275,2.5,3.75,5,6.5,Normal
INDUS,Chashma,23-Sept-24,06:00 Hrs,644,141800,612.1,136200,2.5,3.75,5,6.5,Normal
INDUS,Taunsa,23-Sept-24,06:00 Hrs,446.5,128697,428.6,107425,2.5,3.75,5,6.5,Normal
INDUS,Guddu,23-Sept-24,06:00 Hrs,256,112806,248.6,88543,2,3.5,5,7,Normal
INDUS,Sukkar,23-Sept-24,06:00 Hrs,198.6,80645,191.2,36555,2,3.5,5,7,Normal
INDUS,Kotri,23-Sept-24,06:00 Hrs,69.3,53146,49.6,23081,2.5,4,5,6.5,Normal
JHELUM,Kotli,23-Sept-24,06:00 Hrs,-,-,7.6,2730,-,-,-,-,-
JHELUM,Rasul,23-Sept-24,06:00 Hrs,719,39833,697.3,19705,0.75,1.1,1.5,2.25,Normal
CHENAB,Marala,23-Sept-24,06:00 Hrs,812,22528,794.2,4000,1,1.5,2,4,Normal
CHENAB,Khanki,23-Sept-24,06:00 Hrs,732.5,8089,717.7,1821,1,1.5,2,4,Normal
CHENAB,Qadirabad,23-Sept-24,06:00 Hrs,700,19525,683,-,1,1.5,2,4,Normal
CHENAB,Trimmu,23-Sept-24,06:00 Hrs,490.5,25556,480.6,11006,1.5,2,3,4.5,Normal
CHENAB,Punjnad,23-Sept-24,06:00 Hrs,338,19935,326,5095,1.5,2,3,4.5,Normal
RAVI,Jassar,23-Sept-24,06:00 Hrs,-,-,776,2129,0.5,0.75,1,1.5,Normal
RAVI,Shahdara,23-Sept-24,06:00 Hrs,-,-,671.4,7586,0.4,0.65,0.9,1.35,Normal
RAVI,Balloki,23-Sept-24,06:00 Hrs,633.5,30305,618,5805,0.4,0.65,0.9,1.35,Normal
RAVI,Sidhnai,23-Sept-24,06:00 Hrs,467,18909,455,3009,0.3,0.45,0.6,0.9,Normal
SUTLEJ,Bhakara**,23-Sept-24,06:00 Hrs,,-,-,-,-,-,-,-,-
SUTLEJ,Sulemanki,23-Sept-24,06:00 Hrs,569,12835,557.8,2028,0.5,0.8,1.2,1.75,Normal
SUTLEJ,Islam,23-Sept-24,06:00 Hrs,455,2083,434.8,-,0.5,0.8,1.2,1.75,Normal
INDUS,khairabad,23-Sept-24,12:00 Hrs,-,-,6,89700,2.25,3.75,5,6.5,Normal
INDUS,Kalabagh,23-Sept-24,12:00 Hrs,693,157364,679.2,150024,2.5,3.75,5,6.5,Normal
INDUS,Chashma,23-Sept-24,12:00 Hrs,643.8,142679,612.1,137079,2.5,3.75,5,6.5,Normal
INDUS,Taunsa,23-Sept-24,12:00 Hrs,446.5,132769,428.7,110849,2.5,3.75,5,6.5,Normal
INDUS,Guddu,23-Sept-24,12:00 Hrs,256,110806,248.6,88543,2,3.5,5,7,Normal
INDUS,Sukkar,23-Sept-24,12:00 Hrs,198.6,80645,191.2,36555,2,3.5,5,7,Normal
INDUS,Kotri,23-Sept-24,12:00 Hrs,69.3,53146,49.6,23081,2.5,4,5,6.5,Normal
JHELUM,Kotli,23-Sept-24,12:00 Hrs,-,-,7.7,2950,-,-,-,-,-
JHELUM,Rasul,23-Sept-24,12:00 Hrs,719.1,47643,698.3,27515,0.75,1.1,1.5,2.25,Normal
CHENAB,Marala,23-Sept-24,12:00 Hrs,812,22168,794.2,4000,1,1.5,2,4,Normal
CHENAB,Khanki,23-Sept-24,12:00 Hrs,732.5,8089,717.7,1821,1,1.5,2,4,Normal
CHENAB,Qadirabad,23-Sept-24,12:00 Hrs,700,19525,683,-,1,1.5,2,4,Normal
CHENAB,Trimmu,23-Sept-24,12:00 Hrs,490.5,25794,480.6,11006,1.5,2,3,4.5,Normal
CHENAB,Punjnad,23-Sept-24,12:00 Hrs,338,19935,326,5095,1.5,2,3,4.5,Normal
RAVI,Jassar,23-Sept-24,12:00 Hrs,-,-,776,2129,0.5,0.75,1,1.5,Normal
RAVI,Shahdara,23-Sept-24,12:00 Hrs,-,-,671.4,7586,0.4,0.65,0.9,1.35,Normal
RAVI,Balloki,23-Sept-24,12:00 Hrs,633.5,30305,618,5805,0.4,0.65,0.9,1.35,Normal
RAVI,Sidhnai,23-Sept-24,12:00 Hrs,467,16895,454.7,995,0.3,0.45,0.6,0.9,Normal
SUTLEJ,Bhakara**,23-Sept-24,12:00 Hrs,-,-,-,-,-,-,-,-,-
SUTLEJ,Sulemanki,23-Sept-24,12:00 Hrs,569,12835,557.8,2028,0.5,0.8,1.2,1.75,Normal
SUTLEJ,Islam,23-Sept-24,12:00 Hrs,455,2107,434.8,-,0.5,0.8,1.2,1.75,Normal
INDUS,khairabad,23-Sept-24,18:00 Hrs,-,-,6,89700,2.25,3.75,5,6.5,Normal
INDUS,Kalabagh,23-Sept-24,18:00 Hrs,693,135198,678.8,127858,2.5,3.75,5,6.5,Normal
INDUS,Chashma,23-Sept-24,18:00 Hrs,643.7,142651,612.1,137051,2.5,3.75,5,6.5,Normal
INDUS,Taunsa,23-Sept-24,18:00 Hrs,446,129952,428.6,108480,2.5,3.75,5,6.5,Normal
INDUS,Guddu,23-Sept-24,18:00 Hrs,256,110806,248.6,88543,2,3.5,5,7,Normal
INDUS,Sukkar,23-Sept-24,18:00 Hrs,198.6,80645,191.2,36555,2,3.5,5,7,Normal
INDUS,Kotri,23-Sept-24,18:00 Hrs,69.4,50792,49.1,21647,2.5,4,5,6.5,Normal
JHELUM,Kotli,23-Sept-24,18:00 Hrs,-,-,7.7,2950,-,-,-,-,-
JHELUM,Rasul,23-Sept-24,18:00 Hrs,719,39838,697.3,19705,0.75,1.1,1.5,2.25,Normal
CHENAB,Marala,23-Sept-24,18:00 Hrs,812,22429,794.1,3500,1,1.5,2,4,Normal
CHENAB,Khanki,23-Sept-24,18:00 Hrs,732.5,8089,717.7,1821,1,1.5,2,4,Normal
CHENAB,Qadirabad,23-Sept-24,18:00 Hrs,700,18532,683,-,1,1.5,2,4,Normal
CHENAB,Trimmu,23-Sept-24,18:00 Hrs,490.5,25106,480.5,10056,1.5,2,3,4.5,Normal
CHENAB,Punjnad,23-Sept-24,18:00 Hrs,338,19935,326,5095,1.5,2,3,4.5,Normal
RAVI,Jassar,23-Sept-24,18:00 Hrs,-,-,776,2129,0.5,0.75,1,1.5,Normal
RAVI,Shahdara,23-Sept-24,18:00 Hrs,-,-,671.4,7586,0.4,0.65,0.9,1.35,Normal
RAVI,Balloki,23-Sept-24,18:00 Hrs,633.5,29200,617.9,4700,0.4,0.65,0.9,1.35,Normal
RAVI,Sidhnai,23-Sept-24,18:00 Hrs,467,17856,454.9,1656,0.3,0.45,0.6,0.9,Normal
SUTLEJ,Bhakara**,23-Sept-24,18:00 Hrs,-,-,-,-,-,-,-,-,-
SUTLEJ,Sulemanki,23-Sept-24,18:00 Hrs,569,12835,557.8,2028,0.5,0.8,1.2,1.75,Normal
SUTLEJ,Islam,23-Sept-24,18:00 Hrs,455,2107,434.8,-,0.5,0.8,1.2,1.75,Normal
INDUS,khairabad,23-Sept-24,23:59 Hrs,-,-,9.6,123100,2.25,3.75,5,6.5,Normal
INDUS,Kalabagh,23-Sept-24,23:59 Hrs,693,122311,678.5,114971,2.5,3.75,5,6.5,Normal
INDUS,Chashma,23-Sept-24,23:59 Hrs,643.7,142705,612.1,137051,2.5,3.75,5,6.5,Normal
INDUS,Taunsa,23-Sept-24,23:59 Hrs,446,129952,428.6,108480,2.5,3.75,5,6.5,Normal
INDUS,Guddu,23-Sept-24,23:59 Hrs,256,110806,248.6,88543,2,3.5,5,7,Normal
INDUS,Sukkar,23-Sept-24,23:59 Hrs,198.6,80645,191.2,36555,2,3.5,5,7,Normal
INDUS,Kotri,23-Sept-24,23:59 Hrs,69.4,50792,49.1,21647,2.5,4,5,6.5,Normal
JHELUM,Kotli,23-Sept-24,23:59 Hrs,-,-,7.7,3170,-,-,-,-,-
JHELUM,Rasul,23-Sept-24,23:59 Hrs,719,39833,697.3,19705,0.75,1.1,1.5,2.25,Normal
CHENAB,Marala,23-Sept-24,23:59 Hrs,812,22429,794.1,3500,1,1.5,2,4,Normal
CHENAB,Khanki,23-Sept-24,23:59 Hrs,732.5,8089,717.7,1821,1,1.5,2,4,Normal
CHENAB,Qadirabad,23-Sept-24,23:59 Hrs,700,18532,683,-,1,1.5,2,4,Normal
CHENAB,Trimmu,23-Sept-24,23:59 Hrs,490.5,25106,480.5,10056,1.5,2,3,4.5,Normal
CHENAB,Punjnad,23-Sept-24,23:59 Hrs,338,19935,326,5095,1.5,2,3,4.5,Normal
RAVI,Jassar,23-Sept-24,23:59 Hrs,-,-,776,2129,0.5,0.75,1,1.5,Normal
RAVI,Shahdara,23-Sept-24,23:59 Hrs,-,-,671.4,7586,0.4,0.65,0.9,1.35,Normal
RAVI,Balloki,23-Sept-24,23:59 Hrs,633.5,29200,617.9,4700,0.4,0.65,0.9,1.35,Normal
RAVI,Sidhnai,23-Sept-24,23:59 Hrs,467,17856,454.9,1656,0.3,0.45,0.6,0.9,Normal
SUTLEJ,Bhakara**,23-Sept-24,23:59 Hrs,-,-,-,-,-,-,-,-,-
SUTLEJ,Sulemanki,23-Sept-24,23:59 Hrs,569,12835,557.8,2028,0.5,0.8,1.2,1.75,Normal
SUTLEJ,Islam,23-Sept-24,23:59 Hrs,455,2107,434.8,-,0.5,0.8,1.2,1.75,Normal
INDUS,khairabad,24-Sept-24,06:00 Hrs,-,-,9,117300,2.25,3.75,5,6.5,Normal
INDUS,Kalabagh,24-Sept-24,06:00 Hrs,693,123313,678.5,115973,2.5,3.75,5,6.5,Normal
INDUS,Chashma,24-Sept-24,06:00 Hrs,644.3,143851,612.1,136782,2.5,3.75,5,6.5,Normal
INDUS,Taunsa,24-Sept-24,06:00 Hrs,446,133498,428.73,133645,2.5,3.75,5,6.5,Normal
INDUS,Guddu,24-Sept-24,06:00 Hrs,256,110806,248.6,88543,2,3.5,5,7,Normal
INDUS,Sukkar,24-Sept-24,06:00 Hrs,198.6,80030,191.2,36350,2,3.5,5,7,Normal
INDUS,Kotri,24-Sept-24,06:00 Hrs,69.5,59415,50,30560,2.5,4,5,6.5,Normal
JHELUM,Kotli,24-Sept-24,06:00 Hrs,-,-,7.7,2950,-,-,-,-,-
JHELUM,Rasul,24-Sept-24,06:00 Hrs,719,43738,698,23610,0.75,1.1,1.5,2.25,Normal
CHENAB,Marala,24-Sept-24,06:00 Hrs,812,25114,794.6,5946,1,1.5,2,4,Normal
CHENAB,Khanki,24-Sept-24,06:00 Hrs,732.5,8089,717.7,1821,1,1.5,2,4,Normal
CHENAB,Qadirabad,24-Sept-24,06:00 Hrs,700,18532,683,-,1,1.5,2,4,Normal
CHENAB,Trimmu,24-Sept-24,06:00 Hrs,490.5,25106,480.5,10056,1.5,2,3,4.5,Normal
CHENAB,Punjnad,24-Sept-24,06:00 Hrs,338,22146,326.05,7306,1.5,2,3,4.5,Normal
RAVI,Jassar,24-Sept-24,06:00 Hrs,-,-,776,2129,0.5,0.75,1,1.5,Normal
RAVI,Shahdara,24-Sept-24,06:00 Hrs,-,-,671.2,4700,0.4,0.65,0.9,1.35,Normal
RAVI,Balloki,24-Sept-24,06:00 Hrs,633.5,29200,617.9,4700,0.4,0.65,0.9,1.35,Normal
RAVI,Sidhnai,24-Sept-24,06:00 Hrs,467,17856,457.9,1656,0.3,0.45,0.6,0.9,Normal
SUTLEJ,Bhakara**,24-Sept-24,06:00 Hrs,-,-,-,-,-,-,-,-,-
SUTLEJ,Sulemanki,24-Sept-24,06:00 Hrs,569,13030,557.8,2028,0.5,0.8,1.2,1.75,Normal
SUTLEJ,Islam,24-Sept-24,06:00 Hrs,455,2107,434.8,-,0.5,0.8,1.2,1.75,Normal
INDUS,khairabad,24-Sept-24,12:00 Hrs,-,-,4.5,76900,2.25,3.75,5,6.5,Normal
INDUS,Kalabagh,24-Sept-24,12:00 Hrs,693,148189,679.1,140849,2.5,3.75,5,6.5,Normal
INDUS,Chashma,24-Sept-24,12:00 Hrs,644.4,142298,612.1,136848,2.5,3.75,5,6.5,Normal
INDUS,Taunsa,24-Sept-24,12:00 Hrs,446,133498,428.7,113924,2.5,3.75,5,6.5,Normal
INDUS,Guddu,24-Sept-24,12:00 Hrs,256,110806,248.6,88543,2,3.5,5,7,Normal
INDUS,Sukkar,24-Sept-24,12:00 Hrs,198.4,80030,191.2,36350,2,3.5,5,7,Normal
INDUS,Kotri,24-Sept-24,12:00 Hrs,69.5,59415,50,30560,2.5,4,5,6.5,Normal
JHELUM,Kotli,24-Sept-24,12:00 Hrs,-,-,7.7,2950,-,-,-,-,-
JHELUM,Rasul,24-Sept-24,12:00 Hrs,719,43738,698,23610,0.75,1.1,1.5,2.25,Normal
CHENAB,Marala,24-Sept-24,12:00 Hrs,812,27166,794.6,5946,1,1.5,2,4,Normal
CHENAB,Khanki,24-Sept-24,12:00 Hrs,732.5,9910,718.7,3642,1,1.5,2,4,Normal
CHENAB,Qadirabad,24-Sept-24,12:00 Hrs,700,18999,683,-,1,1.5,2,4,Normal
CHENAB,Trimmu,24-Sept-24,12:00 Hrs,490.5,25106,480.5,10056,1.5,2,3,4.5,Normal
CHENAB,Punjnad,24-Sept-24,12:00 Hrs,338,20165,326,5325,1.5,2,3,4.5,Normal
RAVI,Jassar,24-Sept-24,12:00 Hrs,-,-,776,2129,0.5,0.75,1,1.5,Normal
RAVI,Shahdara,24-Sept-24,12:00 Hrs,-,-,671.2,6923,0.4,0.65,0.9,1.35,Normal
RAVI,Balloki,24-Sept-24,12:00 Hrs,633.5,29200,617.9,4700,0.4,0.65,0.9,1.35,Normal
RAVI,Sidhnai,24-Sept-24,12:00 Hrs,467,18183,453.9,1983,0.3,0.45,0.6,0.9,Normal
SUTLEJ,Bhakara**,24-Sept-24,12:00 Hrs,-,-,-,-,-,-,-,-,-
SUTLEJ,Sulemanki,24-Sept-24,12:00 Hrs,569,13030,557.8,2028,0.5,0.8,1.2,1.75,Normal
SUTLEJ,Islam,24-Sept-24,12:00 Hrs,455,2107,434.8,-,0.5,0.8,1.2,1.75,Normal
INDUS,khairabad,24-Sept-24,18:00 Hrs,-,-,5.1,81900,2.25,3.75,5,6.5,Normal
INDUS,Kalabagh,24-Sept-24,18:00 Hrs,693,133677,678.8,126337,2.5,3.75,5,6.5,Normal
INDUS,Chashma,24-Sept-24,18:00 Hrs,644.1,142521,612.1,137071,2.5,3.75,5,6.5,Normal
INDUS,Taunsa,24-Sept-24,18:00 Hrs,446,133498,428.7,113924,2.5,3.75,5,6.5,Normal
INDUS,Guddu,24-Sept-24,18:00 Hrs,256,110853,248.6,88543,2,3.5,5,7,Normal
INDUS,Sukkar,24-Sept-24,18:00 Hrs,198.4,80030,191.2,36350,2,3.5,5,7,Normal
INDUS,Kotri,24-Sept-24,18:00 Hrs,69.4,55820,49.8,26945,2.5,4,5,6.5,Normal
JHELUM,Kotli,24-Sept-24,18:00 Hrs,-,-,7.6,2730,-,-,-,-,-
JHELUM,Rasul,24-Sept-24,18:00 Hrs,719,39833,697.3,19705,0.75,1.1,1.5,2.25,Normal
CHENAB,Marala,24-Sept-24,18:00 Hrs,812,25509,794.1,3500,1,1.5,2,4,Normal
CHENAB,Khanki,24-Sept-24,18:00 Hrs,732.5,7201,717,933,1,1.5,2,4,Normal
CHENAB,Qadirabad,24-Sept-24,18:00 Hrs,700,19525,683,-,1,1.5,2,4,Normal
CHENAB,Trimmu,24-Sept-24,18:00 Hrs,490.5,25106,480.5,10056,1.5,2,3,4.5,Normal
CHENAB,Punjnad,24-Sept-24,18:00 Hrs,338,20165,326,5325,1.5,2,3,4.5,Normal
RAVI,Jassar,24-Sept-24,18:00 Hrs,-,-,776,2129,0.5,0.75,1,1.5,Normal
RAVI,Shahdara,24-Sept-24,18:00 Hrs,-,-,671.2,6923,0.4,0.65,0.9,1.35,Normal
RAVI,Balloki,24-Sept-24,18:00 Hrs,633.5,29200,617.9,4700,0.4,0.65,0.9,1.35,Normal
RAVI,Sidhnai,24-Sept-24,18:00 Hrs,467,18183,453.9,1983,0.3,0.45,0.6,0.9,Normal
SUTLEJ,Bhakara**,24-Sept-24,18:00 Hrs,-,-,-,-,-,-,-,-,-
SUTLEJ,Sulemanki,24-Sept-24,18:00 Hrs,569,13758,557.8,2028,0.5,0.8,1.2,1.75,Normal
SUTLEJ,Islam,24-Sept-24,18:00 Hrs,455,2107,434.8,-,0.5,0.8,1.2,1.75,Normal
INDUS,khairabad,24-Sept-24,23:59 Hrs,-,-,8,107800,2.25,3.75,5,6.5,Normal
INDUS,Kalabagh,24-Sept-24,23:59 Hrs,693,120790,678.5,113450,2.5,3.75,5,6.5,Normal
INDUS,Chashma,24-Sept-24,23:59 Hrs,644,142396,612.1,136946,2.5,3.75,5,6.5,Normal
INDUS,Taunsa,24-Sept-24,23:59 Hrs,446,133498,428.7,113924,2.5,3.75,5,6.5,Normal
INDUS,Guddu,24-Sept-24,23:59 Hrs,256,110853,248.6,88543,2,3.5,5,7,Normal
INDUS,Sukkar,24-Sept-24,23:59 Hrs,198.4,80030,191.2,36350,2,3.5,5,7,Normal
INDUS,Kotri,24-Sept-24,23:59 Hrs,69.4,55820,49.8,26945,2.5,4,5,6.5,Normal
JHELUM,Kotli,24-Sept-24,23:59 Hrs,-,-,7.7,2950,-,-,-,-,-
JHELUM,Rasul,24-Sept-24,23:59 Hrs,719,39833,697.3,19705,0.75,1.1,1.5,2.25,Normal
CHENAB,Marala,24-Sept-24,23:59 Hrs,812,26321,794.1,3500,1,1.5,2,4,Normal
CHENAB,Khanki,24-Sept-24,23:59 Hrs,732.5,8089,717.7,1821,1,1.5,2,4,Normal
CHENAB,Qadirabad,24-Sept-24,23:59 Hrs,700,19525,683,-,1,1.5,2,4,Normal
CHENAB,Trimmu,24-Sept-24,23:59 Hrs,490.5,25106,480.5,10056,1.5,2,3,4.5,Normal
CHENAB,Punjnad,24-Sept-24,23:59 Hrs,338,20205,326,5325,1.5,2,3,4.5,Normal
RAVI,Jassar,24-Sept-24,23:59 Hrs,-,-,776,2129,0.5,0.75,1,1.5,Normal
RAVI,Shahdara,24-Sept-24,23:59 Hrs,-,-,671.2,6923,0.4,0.65,0.9,1.35,Normal
RAVI,Balloki,24-Sept-24,23:59 Hrs,633.5,29200,617.9,4700,0.4,0.65,0.9,1.35,Normal
RAVI,Sidhnai,24-Sept-24,23:59 Hrs,467,18233,453.9,1983,0.3,0.45,0.6,0.9,Normal
SUTLEJ,Bhakara**,24-Sept-24,23:59 Hrs,-,-,-,-,-,-,-,-,-
SUTLEJ,Sulemanki,24-Sept-24,23:59 Hrs,569,13758,557.8,2028,0.5,0.8,1.2,1.75,Normal
SUTLEJ,Islam,24-Sept-24,23:59 Hrs,455,2050,434.8,-,0.5,0.8,1.2,1.75,Normal
INDUS,khairabad,25-Sept-24,06:00 Hrs,-,-,8.2,109700,2.25,3.75,5,6.5,Normal
INDUS,Kalabagh,25-Sept-24,06:00 Hrs,693,134413,678.8,127073,2.5,3.75,5,6.5,Normal
INDUS,Chashma,25-Sept-24,06:00 Hrs,643.9,142475,612.1,137025,2.5,3.75,5,6.5,Normal
INDUS,Taunsa,25-Sept-24,06:00 Hrs,446,127606,428.6,108863,2.5,3.75,5,6.5,Normal
INDUS,Guddu,25-Sept-24,06:00 Hrs,256,110853,248.6,88543,2,3.5,5,7,Normal
INDUS,Sukkar,25-Sept-24,06:00 Hrs,198.4,80010,191.2,36450,2,3.5,5,7,Normal
INDUS,Kotri,25-Sept-24,06:00 Hrs,69.4,51988,49.3,23313,2.5,4,5,6.5,Normal
JHELUM,Kotli,25-Sept-24,06:00 Hrs,-,-,7.8,3170,-,-,-,-,-
JHELUM,Rasul,25-Sept-24,06:00 Hrs,719,36953,697,15800,0.75,1.1,1.5,2.25,Normal
CHENAB,Marala,25-Sept-24,06:00 Hrs,812,26321,794.1,3500,1,1.5,2,4,Normal
CHENAB,Khanki,25-Sept-24,06:00 Hrs,732.5,9910,718.7,3642,1,1.5,2,4,Normal
CHENAB,Qadirabad,25-Sept-24,06:00 Hrs,700,19525,683,-,1,1.5,2,4,Normal
CHENAB,Trimmu,25-Sept-24,06:00 Hrs,490.5,25106,480.5,10056,1.5,2,3,4.5,Normal
CHENAB,Punjnad,25-Sept-24,06:00 Hrs,338,20205,326,5325,1.5,2,3,4.5,Normal
RAVI,Jassar,25-Sept-24,06:00 Hrs,-,-,776,2129,0.5,0.75,1,1.5,Normal
RAVI,Shahdara,25-Sept-24,06:00 Hrs,-,-,671.2,6923,0.4,0.65,0.9,1.35,Normal
RAVI,Balloki,25-Sept-24,06:00 Hrs,633.5,29200,617.9,4700,0.4,0.65,0.9,1.35,Normal
RAVI,Sidhnai,25-Sept-24,06:00 Hrs,467,18233,453.9,1983,0.3,0.45,0.6,0.9,Normal
SUTLEJ,Bhakara**,25-Sept-24,06:00 Hrs,-,-,-,-,-,-,-,-,-
SUTLEJ,Sulemanki,25-Sept-24,06:00 Hrs,569,13758,557.8,2028,0.5,0.8,1.2,1.75,Normal
SUTLEJ,Islam,25-Sept-24,06:00 Hrs,455,1990,434.8,-,0.5,0.8,1.2,1.75,Normal
INDUS,khairabad,25-Sept-24,12:00 Hrs,-,-,2,57000,2.25,3.75,5,6.5,Normal
INDUS,Kalabagh,25-Sept-24,12:00 Hrs,693,121526,678.5,114186,2.5,3.75,5,6.5,Normal
INDUS,Chashma,25-Sept-24,12:00 Hrs,643.8,104538,611.8,99088,2.5,3.75,5,6.5,Normal
INDUS,Taunsa,25-Sept-24,12:00 Hrs,446,127606,428.6,108683,2.5,3.75,5,6.5,Normal
INDUS,Guddu,25-Sept-24,12:00 Hrs,256,110853,248.6,88543,2,3.5,5,7,Normal
INDUS,Sukkar,25-Sept-24,12:00 Hrs,198.4,80010,191.2,36450,2,3.5,5,7,Normal
INDUS,Kotri,25-Sept-24,12:00 Hrs,69.4,51988,49.3,23313,2.5,4,5,6.5,Normal
JHELUM,Kotli,25-Sept-24,12:00 Hrs,-,-,7.8,3170,-,-,-,-,-
JHELUM,Rasul,25-Sept-24,12:00 Hrs,719,47643,698.3,27515,0.75,1.1,1.5,2.25,Normal
CHENAB,Marala,25-Sept-24,12:00 Hrs,812,31183,795.3,7738,1,1.5,2,4,Normal
CHENAB,Khanki,25-Sept-24,12:00 Hrs,732.5,9910,718.7,3642,1,1.5,2,4,Normal
CHENAB,Qadirabad,25-Sept-24,12:00 Hrs,700,18532,683,-,1,1.5,2,4,Normal
CHENAB,Trimmu,25-Sept-24,12:00 Hrs,490.5,25106,480.5,10056,1.5,2,3,4.5,Normal
CHENAB,Punjnad,25-Sept-24,12:00 Hrs,338,21840,326.2,6600,1.5,2,3,4.5,Normal
RAVI,Jassar,25-Sept-24,12:00 Hrs,-,-,776,2129,0.5,0.75,1,1.5,Normal
RAVI,Shahdara,25-Sept-24,12:00 Hrs,-,-,671.2,6923,0.4,0.65,0.9,1.35,Normal
RAVI,Balloki,25-Sept-24,12:00 Hrs,633.5,29200,617.9,4700,0.4,0.65,0.9,1.35,Normal
RAVI,Sidhnai,25-Sept-24,12:00 Hrs,467,18183,453.9,1983,0.3,0.45,0.6,0.9,Normal
SUTLEJ,Bhakara**,25-Sept-24,12:00 Hrs,-,-,-,-,-,-,-,-,-
SUTLEJ,Sulemanki,25-Sept-24,12:00 Hrs,569,13758,557.8,2028,0.5,0.8,1.2,1.75,Normal
SUTLEJ,Islam,25-Sept-24,12:00 Hrs,455,1854,434.8,-,0.5,0.8,1.2,1.75,Normal
INDUS,khairabad,25-Sept-24,18:00 Hrs,-,-,0.5,46000,2.25,3.75,5,6.5,Normal
INDUS,Kalabagh,25-Sept-24,18:00 Hrs,693,96408,678,89068,2.5,3.75,5,6.5,Normal
INDUS,Chashma,25-Sept-24,18:00 Hrs,644.1,105993,610.9,99074,2.5,3.75,5,6.5,Normal
INDUS,Taunsa,25-Sept-24,18:00 Hrs,446,127606,428.6,108683,2.5,3.75,5,6.5,Normal
INDUS,Guddu,25-Sept-24,18:00 Hrs,256,111303,248.6,88543,2,3.5,5,7,Normal
INDUS,Sukkar,25-Sept-24,18:00 Hrs,198.4,80010,191.2,36450,2,3.5,5,7,Normal
INDUS,Kotri,25-Sept-24,18:00 Hrs,69.4,52278,49.3,23313,2.5,4,5,6.5,Normal
JHELUM,Kotli,25-Sept-24,18:00 Hrs,-,-,7.7,2950,-,-,-,-,-
JHELUM,Rasul,25-Sept-24,18:00 Hrs,719,39833,697,19705,0.75,1.1,1.5,2.25,Normal
CHENAB,Marala,25-Sept-24,18:00 Hrs,812,27796,794.1,3500,1,1.5,2,4,Normal
CHENAB,Khanki,25-Sept-24,18:00 Hrs,723.5,8089,717.7,1821,1,1.5,2,4,Normal
CHENAB,Qadirabad,25-Sept-24,18:00 Hrs,700,19525,683,-,1,1.5,2,4,Normal
CHENAB,Trimmu,25-Sept-24,18:00 Hrs,490.5,25106,480.5,10056,1.5,2,3,4.5,Normal
CHENAB,Punjnad,25-Sept-24,18:00 Hrs,338,21480,326.2,6600,1.5,2,3,4.5,Normal
RAVI,Jassar,25-Sept-24,18:00 Hrs,-,-,776,2129,0.5,0.75,1,1.5,Normal
RAVI,Shahdara,25-Sept-24,18:00 Hrs,-,-,671.2,6923,0.4,0.65,0.9,1.35,Normal
RAVI,Balloki,25-Sept-24,18:00 Hrs,633.5,29200,617.9,4700,0.4,0.65,0.9,1.35,Normal
RAVI,Sidhnai,25-Sept-24,18:00 Hrs,467,18283,453.9,1983,0.3,0.45,0.6,0.9,Normal
SUTLEJ,Bhakara**,25-Sept-24,18:00 Hrs,-,-,-,-,-,-,-,-,-
SUTLEJ,Sulemanki,25-Sept-24,18:00 Hrs,569,13758,557.8,2028,0.5,0.8,1.2,1.75,Normal
SUTLEJ,Islam,25-Sept-24,18:00 Hrs,455,1854,434.8,-,0.5,0.8,1.2,1.75,Normal
INDUS,khairabad,25-Sept-24,23:59 Hrs,-,-,1.1,50300,2.25,3.75,5,6.5,Normal
INDUS,Kalabagh,25-Sept-24,23:59 Hrs,693,85949,677.7,78609,2.5,3.75,5,6.5,Normal
INDUS,Chashma,25-Sept-24,23:59 Hrs,644.9,104900,610.2,97981,2.5,3.75,5,6.5,Normal
INDUS,Taunsa,25-Sept-24,23:59 Hrs,446,127606,428.6,108683,2.5,3.75,5,6.5,Normal
INDUS,Guddu,25-Sept-24,23:59 Hrs,256,111303,248.6,88543,2,3.5,5,7,Normal
INDUS,Sukkar,25-Sept-24,23:59 Hrs,198.4,80010,191.2,36450,2,3.5,5,7,Normal
INDUS,Kotri,25-Sept-24,23:59 Hrs,69.4,52278,49.3,23313,2.5,4,5,6.5,Normal
JHELUM,Kotli,25-Sept-24,23:59 Hrs,-,-,7.6,2730,-,-,-,-,-
JHELUM,Rasul,25-Sept-24,23:59 Hrs,718.9,39833,697.3,19705,0.75,1.1,1.5,2.25,Normal
CHENAB,Marala,25-Sept-24,23:59 Hrs,812,28012,794.1,3500,1,1.5,2,4,Normal
CHENAB,Khanki,25-Sept-24,23:59 Hrs,732.5,9910,718.7,3642,1,1.5,2,4,Normal
CHENAB,Qadirabad,25-Sept-24,23:59 Hrs,700,19525,683,-,1,1.5,2,4,Normal
CHENAB,Trimmu,25-Sept-24,23:59 Hrs,490.5,23371,479.8,8321,1.5,2,3,4.5,Normal
CHENAB,Punjnad,25-Sept-24,23:59 Hrs,338,21480,326.2,6600,1.5,2,3,4.5,Normal
RAVI,Jassar,25-Sept-24,23:59 Hrs,-,-,776,2129,0.5,0.75,1,1.5,Normal
RAVI,Shahdara,25-Sept-24,23:59 Hrs,-,-,671.2,6923,0.4,0.65,0.9,1.35,Normal
RAVI,Balloki,25-Sept-24,23:59 Hrs,633.5,29700,617.9,4700,0.4,0.65,0.9,1.35,Normal
RAVI,Sidhnai,25-Sept-24,23:59 Hrs,467,18283,453.9,1983,0.3,0.45,0.6,0.9,Normal
SUTLEJ,Bhakara**,25-Sept-24,23:59 Hrs,-,-,-,-,-,-,-,-,-
SUTLEJ,Sulemanki,25-Sept-24,23:59 Hrs,569,13758,557.8,2028,0.5,0.8,1.2,1.75,Normal
SUTLEJ,Islam,25-Sept-24,23:59 Hrs,455,1854,434.8,-,0.5,0.8,1.2,1.75,Normal
INDUS,khairabad,26-Sept-24,06:00 Hrs,-,-,7,98600,2.25,3.75,5,6.5,Normal
INDUS,Kalabagh,26-Sept-24,06:00 Hrs,693,88241,677.7,80901,2.5,3.75,5,6.5,Normal
INDUS,Chashma,26-Sept-24,06:00 Hrs,644.9,105376,610.2,99926,2.5,3.75,5,6.5,Normal
INDUS,Taunsa,26-Sept-24,06:00 Hrs,446,127606,428.6,108683,2.5,3.75,5,6.5,Normal
INDUS,Guddu,26-Sept-24,06:00 Hrs,256,110560,248.5,87425,2,3.5,5,7,Normal
INDUS,Sukkar,26-Sept-24,06:00 Hrs,198.4,79020,191.2,35550,2,3.5,5,7,Normal
INDUS,Kotri,26-Sept-24,06:00 Hrs,69.4,52278,49.3,23313,2.5,4,5,6.5,Normal
JHELUM,Kotli,26-Sept-24,06:00 Hrs,-,-,7.7,2950,-,-,-,-,-
JHELUM,Rasul,26-Sept-24,06:00 Hrs,719,39833,697.3,19705,0.75,1.1,1.5,2.25,Normal
CHENAB,Marala,26-Sept-24,06:00 Hrs,812,28012,794.1,3500,1,1.5,2,4,Normal
CHENAB,Khanki,26-Sept-24,06:00 Hrs,732.5,9910,718.7,3642,1,1.5,2,4,Normal
CHENAB,Qadirabad,26-Sept-24,06:00 Hrs,700,19525,683,-,1,1.5,2,4,Normal
CHENAB,Trimmu,26-Sept-24,06:00 Hrs,490.5,23371,479.8,8321,1.5,2,3,4.5,Normal
CHENAB,Punjnad,26-Sept-24,06:00 Hrs,338,21480,326.2,6600,1.5,2,3,4.5,Normal
RAVI,Jassar,26-Sept-24,06:00 Hrs,-,-,776,2129,0.5,0.75,1,1.5,Normal
RAVI,Shahdara,26-Sept-24,06:00 Hrs,-,-,671.2,6923,0.4,0.65,0.9,1.35,Normal
RAVI,Balloki,26-Sept-24,06:00 Hrs,633.5,29700,617.9,4700,0.4,0.65,0.9,1.35,Normal
RAVI,Sidhnai,26-Sept-24,06:00 Hrs,467,17572,453.5,1322,0.3,0.45,0.6,0.9,Normal
SUTLEJ,Bhakara**,26-Sept-24,06:00 Hrs,-,-,-,-,-,-,-,-,-
SUTLEJ,Sulemanki,26-Sept-24,06:00 Hrs,569,13818,557.8,2028,0.5,0.8,1.2,1.75,Normal
SUTLEJ,Islam,26-Sept-24,06:00 Hrs,455,1854,434.8,-,0.5,0.8,1.2,1.75,Normal
INDUS,khairabad,26-Sept-24,12:00 Hrs,-,-,6,98600,2.25,3.75,5,6.5,Normal
INDUS,Kalabagh,26-Sept-24,12:00 Hrs,693,88241,677.7,80901,2.5,3.75,5,6.5,Normal
INDUS,Chashma,26-Sept-24,12:00 Hrs,644.9,112767,610.3,107317,2.5,3.75,5,6.5,Normal
INDUS,Taunsa,26-Sept-24,12:00 Hrs,446,127606,428.6,109129,2.5,3.75,5,6.5,Normal
INDUS,Guddu,26-Sept-24,12:00 Hrs,256,110560,248.5,87425,2,3.5,5,7,Normal
INDUS,Sukkar,26-Sept-24,12:00 Hrs,198.4,79020,191.1,35550,2,3.5,5,7,Normal
INDUS,Kotri,26-Sept-24,12:00 Hrs,69.4,52278,49.3,23313,2.5,4,5,6.5,Normal
JHELUM,Kotli,26-Sept-24,12:00 Hrs,-,-,7.7,2950,-,-,-,-,-
JHELUM,Rasul,26-Sept-24,12:00 Hrs,719,47643,698.3,27515,0.75,1.1,1.5,2.25,Normal
CHENAB,Marala,26-Sept-24,12:00 Hrs,812,33128,795.3,7738,1,1.5,2,4,Normal
CHENAB,Khanki,26-Sept-24,12:00 Hrs,732.5,9910,718.7,3642,1,1.5,2,4,Normal
CHENAB,Qadirabad,26-Sept-24,12:00 Hrs,700,19525,683,-,1,1.5,2,4,Normal
CHENAB,Trimmu,26-Sept-24,12:00 Hrs,490.5,25190,480.5,10056,1.5,2,3,4.5,Normal
CHENAB,Punjnad,26-Sept-24,12:00 Hrs,338,18317,325.3,3437,1.5,2,3,4.5,Normal
RAVI,Jassar,26-Sept-24,12:00 Hrs,-,-,776,2129,0.5,0.75,1,1.5,Normal
RAVI,Shahdara,26-Sept-24,12:00 Hrs,-,-,671.4,7586,0.4,0.65,0.9,1.35,Normal
RAVI,Balloki,26-Sept-24,12:00 Hrs,633.5,30580,618..0,5580,0.4,0.65,0.9,1.35,Normal
RAVI,Sidhnai,26-Sept-24,12:00 Hrs,467,17572,453.1,1322,0.3,0.45,0.6,0.9,Normal
SUTLEJ,Bhakara**,26-Sept-24,12:00 Hrs,-,-,-,-,-,-,-,-,-
SUTLEJ,Sulemanki,26-Sept-24,12:00 Hrs,569,13818,557.8,2028,0.5,0.8,1.2,1.75,Normal
SUTLEJ,Islam,26-Sept-24,12:00 Hrs,455,1854,434.8,-,0.5,0.8,1.2,1.75,Normal
INDUS,khairabad,26-Sept-24,18:00 Hrs,-,-,0.8,48200,2.25,3.75,5,6.5,Normal
INDUS,Kalabagh,26-Sept-24,18:00 Hrs,693,114816,678.3,107476,2.5,3.75,5,6.5,Normal
INDUS,Chashma,26-Sept-24,18:00 Hrs,644.7,112777,610.3,107327,2.5,3.75,5,6.5,Normal
INDUS,Taunsa,26-Sept-24,18:00 Hrs,446,126509,428.6,108380,2.5,3.75,5,6.5,Normal
INDUS,Guddu,26-Sept-24,18:00 Hrs,256,110560,248.5,87425,2,3.5,5,7,Normal
INDUS,Sukkar,26-Sept-24,18:00 Hrs,198.4,79020,191.1,35550,2,3.5,5,7,Normal
INDUS,Kotri,26-Sept-24,18:00 Hrs,69.4,52278,49.3,23313,2.5,4,5,6.5,Normal
JHELUM,Kotli,26-Sept-24,18:00 Hrs,-,-,7.6,2730,-,-,-,-,-
JHELUM,Rasul,26-Sept-24,18:00 Hrs,719,45363,698,23610,0.75,1.1,1.5,2.25,Normal
CHENAB,Marala,26-Sept-24,18:00 Hrs,812,29047,794.1,3500,1,1.5,2,4,Normal
CHENAB,Khanki,26-Sept-24,18:00 Hrs,732.5,8089,717.7,1821,1,1.5,2,4,Normal
CHENAB,Qadirabad,26-Sept-24,18:00 Hrs,700,21816,684,2291,1,1.5,2,4,Normal
CHENAB,Trimmu,26-Sept-24,18:00 Hrs,490.5,25306,480.5,10056,1.5,2,3,4.5,Normal
CHENAB,Punjnad,26-Sept-24,18:00 Hrs,338,17142,324.3,2062,1.5,2,3,4.5,Normal
RAVI,Jassar,26-Sept-24,18:00 Hrs,-,-,776,2129,0.5,0.75,1,1.5,Normal
RAVI,Shahdara,26-Sept-24,18:00 Hrs,-,-,686,7820,0.4,0.65,0.9,1.35,Normal
RAVI,Balloki,26-Sept-24,18:00 Hrs,633.5,31080,618,5580,0.4,0.65,0.9,1.35,Normal
RAVI,Sidhnai,26-Sept-24,18:00 Hrs,467,17572,453.1,1322,0.3,0.45,0.6,0.9,Normal
SUTLEJ,Bhakara**,26-Sept-24,18:00 Hrs,-,-,-,-,-,-,-,-,-
SUTLEJ,Sulemanki,26-Sept-24,18:00 Hrs,569,13796,557.8,2006,0.5,0.8,1.2,1.75,Normal
SUTLEJ,Islam,26-Sept-24,18:00 Hrs,455,1854,434.8,-,0.5,0.8,1.2,1.75,Normal
INDUS,khairabad,26-Sept-24,23:59 Hrs,-,-,2.6,61600,2.25,3.75,5,6.5,Normal
INDUS,Kalabagh,26-Sept-24,23:59 Hrs,693,124778,678.5,117438,2.5,3.75,5,6.5,Normal
INDUS,Chashma,26-Sept-24,23:59 Hrs,644.4,112365,610.4,106915,2.5,3.75,5,6.5,Normal
INDUS,Taunsa,26-Sept-24,23:59 Hrs,446,126509,428.6,108380,2.5,3.75,5,6.5,Normal
INDUS,Guddu,26-Sept-24,23:59 Hrs,256,110560,248.5,87425,2,3.5,5,7,Normal
INDUS,Sukkar,26-Sept-24,23:59 Hrs,198.4,79020,191.1,35550,2,3.5,5,7,Normal
INDUS,Kotri,26-Sept-24,23:59 Hrs,69.4,52278,49.3,23313,2.5,4,5,6.5,Normal
JHELUM,Kotli,26-Sept-24,23:59 Hrs,-,-,7.5,2520,-,-,-,-,-
JHELUM,Rasul,26-Sept-24,23:59 Hrs,719,40433,697.3,19705,0.75,1.1,1.5,2.25,Normal
CHENAB,Marala,26-Sept-24,23:59 Hrs,812,33164,794.6,5946,1,1.5,2,4,Normal
CHENAB,Khanki,26-Sept-24,23:59 Hrs,732.5,8089,717.7,1821,1,1.5,2,4,Normal
CHENAB,Qadirabad,26-Sept-24,23:59 Hrs,700,19525,683,-,1,1.5,2,4,Normal
CHENAB,Trimmu,26-Sept-24,23:59 Hrs,490.5,24567,479.9,9317,1.5,2,3,4.5,Normal
CHENAB,Punjnad,26-Sept-24,23:59 Hrs,338,17142,324.3,2062,1.5,2,3,4.5,Normal
RAVI,Jassar,26-Sept-24,23:59 Hrs,-,-,776,2129,0.5,0.75,1,1.5,Normal
RAVI,Shahdara,26-Sept-24,23:59 Hrs,-,-,672.6,12063,0.4,0.65,0.9,1.35,Normal
RAVI,Balloki,26-Sept-24,23:59 Hrs,633.5,31080,618,5580,0.4,0.65,0.9,1.35,Normal
RAVI,Sidhnai,26-Sept-24,23:59 Hrs,467,17572,453.1,1322,0.3,0.45,0.6,0.9,Normal
SUTLEJ,Bhakara**,26-Sept-24,23:59 Hrs,-,-,-,-,-,-,-,-,-
SUTLEJ,Sulemanki,26-Sept-24,23:59 Hrs,569,13796,557.8,2006,0.5,0.8,1.2,1.75,Normal
SUTLEJ,Islam,26-Sept-24,23:59 Hrs,455,1854,434.8,-,0.5,0.8,1.2,1.75,Normal
INDUS,khairabad,27-Sept-24,06:00 Hrs,-,-,8.4,111600,2.25,3.75,5,6.5,Normal
INDUS,Kalabagh,27-Sept-24,06:00 Hrs,693,88464,677.7,81124,2.5,3.75,5,6.5,Normal
INDUS,Chashma,27-Sept-24,06:00 Hrs,644.3,112231,610.4,106781,2.5,3.75,5,6.5,Normal
INDUS,Taunsa,27-Sept-24,06:00 Hrs,446,119220,428.5,102119,2.5,3.75,5,6.5,Normal
INDUS,Guddu,27-Sept-24,06:00 Hrs,256,110560,248.5,87425,2,3.5,5,7,Normal
INDUS,Sukkar,27-Sept-24,06:00 Hrs,198.3,78080,190.9,34890,2,3.5,5,7,Normal
INDUS,Kotri,27-Sept-24,06:00 Hrs,69.4,52698,49.3,23313,2.5,4,5,6.5,Normal
JHELUM,Kotli,27-Sept-24,06:00 Hrs,-,-,7.6,2730,-,-,-,-,-
JHELUM,Rasul,27-Sept-24,06:00 Hrs,719,36528,697,15800,0.75,1.1,1.5,2.25,Normal
CHENAB,Marala,27-Sept-24,06:00 Hrs,812,34563,794.6,5946,1,1.5,2,4,Normal
CHENAB,Khanki,27-Sept-24,06:00 Hrs,732.5,8089,717.7,1821,1,1.5,2,4,Normal
CHENAB,Qadirabad,27-Sept-24,06:00 Hrs,700,19525,683,-,1,1.5,2,4,Normal
CHENAB,Trimmu,27-Sept-24,06:00 Hrs,490.5,24567,479.9,9317,1.5,2,3,4.5,Normal
CHENAB,Punjnad,27-Sept-24,06:00 Hrs,338,17142,324.3,2062,1.5,2,3,4.5,Normal
RAVI,Jassar,27-Sept-24,06:00 Hrs,-,-,776,2129,0.5,0.75,1,1.5,Normal
RAVI,Shahdara,27-Sept-24,06:00 Hrs,-,-,672.6,12063,0.4,0.65,0.9,1.35,Normal
RAVI,Balloki,27-Sept-24,06:00 Hrs,633.5,31080,618,5580,0.4,0.65,0.9,1.35,Normal
RAVI,Sidhnai,27-Sept-24,06:00 Hrs,467,16250,451.5,-,0.3,0.45,0.6,0.9,Normal
SUTLEJ,Bhakara**,27-Sept-24,06:00 Hrs,-,-,-,-,-,-,-,-,-
SUTLEJ,Sulemanki,27-Sept-24,06:00 Hrs,569,13005,557.8,2006,0.5,0.8,1.2,1.75,Normal
SUTLEJ,Islam,27-Sept-24,06:00 Hrs,455,1854,434.8,-,0.5,0.8,1.2,1.75,Normal
INDUS,khairabad,27-Sept-24,12:00 Hrs,-,-,300,64700,2.25,3.75,5,6.5,Normal
INDUS,Kalabagh,27-Sept-24,12:00 Hrs,693,104441,678.2,97301,2.5,3.75,5,6.5,Normal
INDUS,Chashma,27-Sept-24,12:00 Hrs,644.4,113013,610.4,107763,2.5,3.75,5,6.5,Normal
INDUS,Taunsa,27-Sept-24,12:00 Hrs,446,119220,428.5,102264,2.5,3.75,5,6.5,Normal
INDUS,Guddu,27-Sept-24,12:00 Hrs,256,109640,248.4,86280,2,3.5,5,7,Normal
INDUS,Sukkar,27-Sept-24,12:00 Hrs,198.3,78080,190.9,34890,2,3.5,5,7,Normal
INDUS,Kotri,27-Sept-24,12:00 Hrs,64.4,52468,59.3,23313,2.5,4,5,6.5,Normal
JHELUM,Kotli,27-Sept-24,12:00 Hrs,-,-,7.7,2950,-,-,-,-,-
JHELUM,Rasul,27-Sept-24,12:00 Hrs,719,47943,698.3,27515,0.75,1.1,1.5,2.25,Normal
CHENAB,Marala,27-Sept-24,12:00 Hrs,812,36438,795.3,7738,1,1.5,2,4,Normal
CHENAB,Khanki,27-Sept-24,12:00 Hrs,732.5,13552,720.2,7284,1,1.5,2,4,Normal
CHENAB,Qadirabad,27-Sept-24,12:00 Hrs,700,19525,683,-,1,1.5,2,4,Normal
CHENAB,Trimmu,27-Sept-24,12:00 Hrs,490.5,24684,479.9,9317,1.5,2,3,4.5,Normal
CHENAB,Punjnad,27-Sept-24,12:00 Hrs,338,16115,324.2,1035,1.5,2,3,4.5,Normal
RAVI,Jassar,27-Sept-24,12:00 Hrs,-,-,776,2129,0.5,0.75,1,1.5,Normal
RAVI,Shahdara,27-Sept-24,12:00 Hrs,-,-,672.6,12063,0.4,0.65,0.9,1.35,Normal
RAVI,Balloki,27-Sept-24,12:00 Hrs,633.5,31080,618,5580,0.4,0.65,0.9,1.35,Normal
RAVI,Sidhnai,27-Sept-24,12:00 Hrs,467,17310,453.1,1060,0.3,0.45,0.6,0.9,Normal
SUTLEJ,Bhakara**,27-Sept-24,12:00 Hrs,-,-,-,-,-,-,-,-,-
SUTLEJ,Sulemanki,27-Sept-24,12:00 Hrs,569,13005,557.8,2006,0.5,0.8,1.2,1.75,Normal
SUTLEJ,Islam,27-Sept-24,12:00 Hrs,455,1854,434.8,-,0.5,0.8,1.2,1.75,Normal
INDUS,khairabad,27-Sept-24,18:00 Hrs,-,-,1,49600,2.25,3.75,5,6.5,Normal
INDUS,Kalabagh,27-Sept-24,18:00 Hrs,693,121038,678.5,114098,2.5,3.75,5,6.5,Normal
INDUS,Chashma,27-Sept-24,18:00 Hrs,644.7,112127,610.5,107027,2.5,3.75,5,6.5,Normal
INDUS,Taunsa,27-Sept-24,18:00 Hrs,446,111745,428.4,95843,2.5,3.75,5,6.5,Normal
INDUS,Guddu,27-Sept-24,18:00 Hrs,256,109640,248.4,86280,2,3.5,5,7,Normal
INDUS,Sukkar,27-Sept-24,18:00 Hrs,198.3,78080,190.9,34890,2,3.5,5,7,Normal
INDUS,Kotri,27-Sept-24,18:00 Hrs,64.4,52468,59.3,23313,2.5,4,5,6.5,Normal
JHELUM,Kotli,27-Sept-24,18:00 Hrs,-,-,7.7,2950,-,-,-,-,-
JHELUM,Rasul,27-Sept-24,18:00 Hrs,719,47843,698.3,27515,0.75,1.1,1.5,2.25,Normal
CHENAB,Marala,27-Sept-24,18:00 Hrs,812,34246,794.6,5946,1,1.5,2,4,Normal
CHENAB,Khanki,27-Sept-24,18:00 Hrs,732.5,8089,717.7,1821,1,1.5,2,4,Normal
CHENAB,Qadirabad,27-Sept-24,18:00 Hrs,700,21816,684,2291,1,1.5,2,4,Normal
CHENAB,Trimmu,27-Sept-24,18:00 Hrs,490.5,24743,479.9,9317,1.5,2,3,4.5,Normal
CHENAB,Punjnad,27-Sept-24,18:00 Hrs,338,16115,324.2,1035,1.5,2,3,4.5,Normal
RAVI,Jassar,27-Sept-24,18:00 Hrs,-,-,776,2129,0.5,0.75,1,1.5,Normal
RAVI,Shahdara,27-Sept-24,18:00 Hrs,-,-,672.6,12063,0.4,0.65,0.9,1.35,Normal
RAVI,Balloki,27-Sept-24,18:00 Hrs,633.5,31080,618,5580,0.4,0.65,0.9,1.35,Normal
RAVI,Sidhnai,27-Sept-24,18:00 Hrs,467,17310,453.1,1060,0.3,0.45,0.6,0.9,Normal
SUTLEJ,Bhakara**,27-Sept-24,18:00 Hrs,-,-,-,-,-,-,-,-,-
SUTLEJ,Sulemanki,27-Sept-24,18:00 Hrs,569,13005,557.8,2006,0.5,0.8,1.2,1.75,Normal
SUTLEJ,Islam,27-Sept-24,18:00 Hrs,455,1854,434.8,Nil,0.5,0.8,1.2,1.75,Normal
INDUS,khairabad,27-Sept-24,23:59 Hrs,-,-,7.5,49600,2.25,3.75,5,6.5,Normal
INDUS,Kalabagh,27-Sept-24,23:59 Hrs,693,113452,678.3,106512,2.5,3.75,5,6.5,Normal
INDUS,Chashma,27-Sept-24,23:59 Hrs,644.7,112292,610.5,106993,2.5,3.75,5,6.5,Normal
INDUS,Taunsa,27-Sept-24,23:59 Hrs,446,111745,428.4,95843,2.5,3.75,5,6.5,Normal
INDUS,Guddu,27-Sept-24,23:59 Hrs,256,109640,248.4,86280,2,3.5,5,7,Normal
INDUS,Sukkar,27-Sept-24,23:59 Hrs,198.3,78080,190.9,34890,2,3.5,5,7,Normal
INDUS,Kotri,27-Sept-24,23:59 Hrs,64.4,52468,59.3,23313,2.5,4,5,6.5,Normal
JHELUM,Kotli,27-Sept-24,23:59 Hrs,-,-,7.8,3170,-,-,-,-,-
JHELUM,Rasul,27-Sept-24,23:59 Hrs,719,47843,698.3,27515,0.75,1.1,1.5,2.25,Normal
CHENAB,Marala,27-Sept-24,23:59 Hrs,812,34246,794.6,5946,1,1.5,2,4,Normal
CHENAB,Khanki,27-Sept-24,23:59 Hrs,732.5,13876,720.2,7284,1,1.5,2,4,Normal
CHENAB,Qadirabad,27-Sept-24,23:59 Hrs,700,21816,684,2291,1,1.5,2,4,Normal
CHENAB,Trimmu,27-Sept-24,23:59 Hrs,490.5,24743,479.9,9317,1.5,2,3,4.5,Normal
CHENAB,Punjnad,27-Sept-24,23:59 Hrs,338,16115,324.2,1035,1.5,2,3,4.5,Normal
RAVI,Jassar,27-Sept-24,23:59 Hrs,-,-,776,2129,0.5,0.75,1,1.5,Normal
RAVI,Shahdara,27-Sept-24,23:59 Hrs,-,-,672.6,12063,0.4,0.65,0.9,1.35,Normal
RAVI,Balloki,27-Sept-24,23:59 Hrs,633.5,31080,618,5580,0.4,0.65,0.9,1.35,Normal
RAVI,Sidhnai,27-Sept-24,23:59 Hrs,467,17510,453.1,1060,0.3,0.45,0.6,0.9,Normal
SUTLEJ,Bhakara**,27-Sept-24,23:59 Hrs,-,-,-,-,-,-,-,-,-
SUTLEJ,Sulemanki,27-Sept-24,23:59 Hrs,569,13005,557.8,2006,0.5,0.8,1.2,1.75,Normal
SUTLEJ,Islam,27-Sept-24,23:59 Hrs,455,1854,434.8,-,0.5,0.8,1.2,1.75,Normal
INDUS,khairabad,28-Sept-24,06:00 Hrs,-,-,7.1,99500,2.25,3.75,5,6.5,Normal
INDUS,Kalabagh,28-Sept-24,06:00 Hrs,693,124277,678.5,117337,2.5,3.75,5,6.5,Normal
INDUS,Chashma,28-Sept-24,06:00 Hrs,644.7,112165,610.5,106865,2.5,3.75,5,6.5,Normal
INDUS,Taunsa,28-Sept-24,06:00 Hrs,446,99685,428.1,83469,2.5,3.75,5,6.5,Normal
INDUS,Guddu,28-Sept-24,06:00 Hrs,256,108409,248.35,85049,2,3.5,5,7,Normal
INDUS,Sukkar,28-Sept-24,06:00 Hrs,198.3,76595,190.8,33600,2,3.5,5,7,Normal
INDUS,Kotri,28-Sept-24,06:00 Hrs,64.4,49215,48.7,201,2.5,4,5,6.5,Normal
JHELUM,Kotli,28-Sept-24,06:00 Hrs,-,-,7.7,2950,-,-,-,-,-
JHELUM,Rasul,28-Sept-24,06:00 Hrs,719,40033,693.3,19705,0.75,1.1,1.5,2.25,Normal
CHENAB,Marala,28-Sept-24,06:00 Hrs,812,36228,795.3,7928,1,1.5,2,4,Normal
CHENAB,Khanki,28-Sept-24,06:00 Hrs,732.5,11083,718.5,3642,1,1.5,2,4,Normal
CHENAB,Qadirabad,28-Sept-24,06:00 Hrs,700,21816,684,2291,1,1.5,2,4,Normal
CHENAB,Trimmu,28-Sept-24,06:00 Hrs,490.5,24743,479.9,9317,1.5,2,3,4.5,Normal
CHENAB,Punjnad,28-Sept-24,06:00 Hrs,338,16115,324.2,1035,1.5,2,3,4.5,Normal
RAVI,Jassar,28-Sept-24,06:00 Hrs,-,-,776,2129,0.5,0.75,1,1.5,Normal
RAVI,Shahdara,28-Sept-24,06:00 Hrs,-,-,693.1,14129,0.4,0.65,0.9,1.35,Normal
RAVI,Balloki,28-Sept-24,06:00 Hrs,633.5,32955,618.3,6455,0.4,0.65,0.9,1.35,Normal
RAVI,Sidhnai,28-Sept-24,06:00 Hrs,467,17510,453,1060,0.3,0.45,0.6,0.9,Normal
SUTLEJ,Bhakara**,28-Sept-24,06:00 Hrs,-,-,-,-,-,-,-,-,-
SUTLEJ,Sulemanki,28-Sept-24,06:00 Hrs,569,13005,557.8,2006,0.5,0.8,1.2,1.75,Normal
SUTLEJ,Islam,28-Sept-24,06:00 Hrs,455,1854,434.8,-,0.5,0.8,1.2,1.75,Normal
INDUS,khairabad,28-Sept-24,12:00 Hrs,-,-,3.2,66300,2.25,3.75,5,6.5,Normal
INDUS,Kalabagh,28-Sept-24,12:00 Hrs,693,136597,678.8,129673,2.5,3.75,5,6.5,Normal
INDUS,Chashma,28-Sept-24,12:00 Hrs,645,112220,610.5,106920,2.5,3.75,5,6.5,Normal
INDUS,Taunsa,28-Sept-24,12:00 Hrs,446,99685,428.1,83469,2.5,3.75,5,6.5,Normal
INDUS,Guddu,28-Sept-24,12:00 Hrs,256,102900,248.1,79830,2,3.5,5,7,Normal
INDUS,Sukkar,28-Sept-24,12:00 Hrs,256,108409,248.35,85049,2,3.5,5,7,Normal
INDUS,Kotri,28-Sept-24,12:00 Hrs,69.4,49215,48.7,20060,2.5,4,5,6.5,Normal
JHELUM,Kotli,28-Sept-24,12:00 Hrs,-,-,7.8,3170,-,-,-,-,-
JHELUM,Rasul,28-Sept-24,12:00 Hrs,719,40033,697.3,19705,0.75,1.1,1.5,2.25,Normal
CHENAB,Marala,28-Sept-24,12:00 Hrs,812,35928,795.3,7928,1,1.5,2,4,Normal
CHENAB,Khanki,28-Sept-24,12:00 Hrs,732.5,12818,719.3,5463,1,1.5,2,4,Normal
CHENAB,Qadirabad,28-Sept-24,12:00 Hrs,700,24245,684.5,4720,1,1.5,2,4,Normal
CHENAB,Trimmu,28-Sept-24,12:00 Hrs,490.5,24743,479.9,9317,1.5,2,3,4.5,Normal
CHENAB,Punjnad,28-Sept-24,12:00 Hrs,338,16115,324.2,1035,1.5,2,3,4.5,Normal
RAVI,Jassar,28-Sept-24,12:00 Hrs,-,-,776,2129,0.5,0.75,1,1.5,Normal
RAVI,Shahdara,28-Sept-24,12:00 Hrs,-,-,673.1,14129,0.4,0.65,0.9,1.35,Normal
RAVI,Balloki,28-Sept-24,12:00 Hrs,633.5,33835,618.4,7335,0.4,0.65,0.9,1.35,Normal
RAVI,Sidhnai,28-Sept-24,12:00 Hrs,467,17772,453.3,1322,0.3,0.45,0.6,0.9,Normal
SUTLEJ,Bhakara**,28-Sept-24,12:00 Hrs,-,-,-,-,-,-,-,-,-
SUTLEJ,Sulemanki,28-Sept-24,12:00 Hrs,569,13005,557.8,2006,0.5,0.8,1.2,1.75,Normal
SUTLEJ,Islam,28-Sept-24,12:00 Hrs,455,1854,434.8,Nill,0.5,0.8,1.2,1.75,Normal
INDUS,khairabad,28-Sept-24,18:00 Hrs,-,-,0.8,48200,2.25,3.75,5,6.5,Normal
INDUS,Kalabagh,28-Sept-24,18:00 Hrs,693,123710,678.5,116786,2.5,3.75,5,6.5,Normal
INDUS,Chashma,28-Sept-24,18:00 Hrs,645.2,114030,610.5,107068,2.5,3.75,5,6.5,Normal
INDUS,Taunsa,28-Sept-24,18:00 Hrs,446,101539,428.1,85025,2.5,3.75,5,6.5,Normal
INDUS,Guddu,28-Sept-24,18:00 Hrs,256.2,103182,248.2,82104,2,3.5,5,7,Normal
INDUS,Sukkar,28-Sept-24,18:00 Hrs,198.3,76595,190.8,33600,2,3.5,5,7,Normal
INDUS,Kotri,28-Sept-24,18:00 Hrs,69.4,49215,48.7,20060,2.5,4,5,6.5,Normal
JHELUM,Kotli,28-Sept-24,18:00 Hrs,-,-,7.8,3170,-,-,-,-,-
JHELUM,Rasul,28-Sept-24,18:00 Hrs,719,47843,698.3,27515,0.75,1.1,1.5,2.25,Normal
CHENAB,Marala,28-Sept-24,18:00 Hrs,812,39512,795.4,11512,1,1.5,2,4,Normal
CHENAB,Khanki,28-Sept-24,18:00 Hrs,732.5,11071,718.6,3642,1,1.5,2,4,Normal
CHENAB,Qadirabad,28-Sept-24,18:00 Hrs,700,21816,684,2291,1,1.5,2,4,Normal
CHENAB,Trimmu,28-Sept-24,18:00 Hrs,490.5,24867,479.9,9317,1.5,2,3,4.5,Normal
CHENAB,Punjnad,28-Sept-24,18:00 Hrs,338,16115,324.2,1035,1.5,2,3,4.5,Normal
RAVI,Jassar,28-Sept-24,18:00 Hrs,-,-,776,2129,0.5,0.75,1,1.5,Normal
RAVI,Shahdara,28-Sept-24,18:00 Hrs,-,-,673.1,14129,0.4,0.65,0.9,1.35,Normal
RAVI,Balloki,28-Sept-24,18:00 Hrs,633.5,32880,618,5580,0.4,0.65,0.9,1.35,Normal
RAVI,Sidhnai,28-Sept-24,18:00 Hrs,467,17772,453.3,1322,0.3,0.45,0.6,0.9,Normal
SUTLEJ,Bhakara**,28-Sept-24,18:00 Hrs,,-,-,-,-,-,-,-,-
SUTLEJ,Sulemanki,28-Sept-24,18:00 Hrs,569,13181,557.8,2006,0.5,0.8,1.2,1.75,Normal
SUTLEJ,Islam,28-Sept-24,18:00 Hrs,455,1854,434.8,-,0.5,0.8,1.2,1.75,Normal
INDUS,khairabad,28-Sept-24,23:59 Hrs,-,-,4.5,76900,2.25,3.75,5,6.5,Normal
INDUS,Kalabagh,28-Sept-24,23:59 Hrs,693,123710,678.5,116786,2.5,3.75,5,6.5,Normal
INDUS,Chashma,28-Sept-24,23:59 Hrs,645.9,113651,610.8,106989,2.5,3.75,5,6.5,Normal
INDUS,Taunsa,28-Sept-24,23:59 Hrs,446,101539,428.1,85025,2.5,3.75,5,6.5,Normal
INDUS,Guddu,28-Sept-24,23:59 Hrs,256.2,103182,248.2,82104,2,3.5,5,7,Normal
INDUS,Sukkar,28-Sept-24,23:59 Hrs,198.3,76595,190.8,33600,2,3.5,5,7,Normal
INDUS,Kotri,28-Sept-24,23:59 Hrs,69.4,49215,48.7,20060,2.5,4,5,6.5,Normal
JHELUM,Kotli,28-Sept-24,23:59 Hrs,-,-,7.7,2950,-,-,-,-,-
JHELUM,Rasul,28-Sept-24,23:59 Hrs,719,44238,698,23610,0.75,1.1,1.5,2.25,Normal
CHENAB,Marala,28-Sept-24,23:59 Hrs,812,33646,794.6,5946,1,1.5,2,4,Normal
CHENAB,Khanki,28-Sept-24,23:59 Hrs,732.5,14713,720.2,7284,1,1.5,2,4,Normal
CHENAB,Qadirabad,28-Sept-24,23:59 Hrs,700,21816,684,2291,1,1.5,2,4,Normal
CHENAB,Trimmu,28-Sept-24,23:59 Hrs,490.5,23871,479.8,8321,1.5,2,3,4.5,Normal
CHENAB,Punjnad,28-Sept-24,23:59 Hrs,338,16115,324.2,1035,1.5,2,3,4.5,Normal
RAVI,Jassar,28-Sept-24,23:59 Hrs,-,-,776,2129,0.5,0.75,1,1.5,Normal
RAVI,Shahdara,28-Sept-24,23:59 Hrs,-,-,673.4,15353,0.4,0.65,0.9,1.35,Normal
RAVI,Balloki,28-Sept-24,23:59 Hrs,633.5,32880,618,5580,0.4,0.65,0.9,1.35,Normal
RAVI,Sidhnai,28-Sept-24,23:59 Hrs,467,17772,453.3,1322,0.3,0.45,0.6,0.9,Normal
SUTLEJ,Bhakara**,28-Sept-24,23:59 Hrs,,-,-,-,-,-,-,-,-
SUTLEJ,Sulemanki,28-Sept-24,23:59 Hrs,569,13181,557.8,2006,0.5,0.8,1.2,1.75,Normal
SUTLEJ,Islam,28-Sept-24,23:59 Hrs,455,1854,434.8,-,0.5,0.8,1.2,1.75,Normal
INDUS,khairabad,29-Sept-24,06:00 Hrs,-,-,6,89700,2.25,3.75,5,6.5,Normal
INDUS,Kalabagh,29-Sept-24,06:00 Hrs,693,99899,678,92975,2.5,3.75,5,6.5,Normal
INDUS,Chashma,29-Sept-24,06:00 Hrs,646.3,111736,610.8,106436,2.5,3.75,5,6.5,Normal
INDUS,Taunsa,29-Sept-24,06:00 Hrs,446,101539,428.1,85025,2.5,3.75,5,6.5,Normal
INDUS,Guddu,29-Sept-24,06:00 Hrs,256,103468,248.4,82398,2,3.5,5,7,Normal
INDUS,Sukkar,29-Sept-24,06:00 Hrs,198.3,75891,190.6,32896,2,3.5,5,7,Normal
INDUS,Kotri,29-Sept-24,06:00 Hrs,69.4,49215,48.7,20060,2.5,4,5,6.5,Normal
JHELUM,Kotli,29-Sept-24,06:00 Hrs,-,-,7.8,3170,-,-,-,-,-
JHELUM,Rasul,29-Sept-24,06:00 Hrs,719,40333,697.3,19705,0.75,1.1,1.5,2.25,Normal
CHENAB,Marala,29-Sept-24,06:00 Hrs,812,33646,794.6,5946,1,1.5,2,4,Normal
CHENAB,Khanki,29-Sept-24,06:00 Hrs,732.5,16534,720.7,9105,1,1.5,2,4,Normal
CHENAB,Qadirabad,29-Sept-24,06:00 Hrs,700,21816,684,2291,1,1.5,2,4,Normal
CHENAB,Trimmu,29-Sept-24,06:00 Hrs,490.5,25853,480,10304,1.5,2,3,4.5,Normal
CHENAB,Punjnad,29-Sept-24,06:00 Hrs,338,16115,324.2,1035,1.5,2,3,4.5,Normal
RAVI,Jassar,29-Sept-24,06:00 Hrs,-,-,776,2129,0.5,0.75,1,1.5,Normal
RAVI,Shahdara,29-Sept-24,06:00 Hrs,-,-,673.4,15353,0.4,0.65,0.9,1.35,Normal
RAVI,Balloki,29-Sept-24,06:00 Hrs,633.5,32880,618,5580,0.4,0.65,0.9,1.35,Normal
RAVI,Sidhnai,29-Sept-24,06:00 Hrs,467,17772,453.3,1322,0.3,0.45,0.6,0.9,Normal
SUTLEJ,Bhakara**,29-Sept-24,06:00 Hrs,,-,-,-,-,-,-,-,-
SUTLEJ,Sulemanki,29-Sept-24,06:00 Hrs,569,13258,557.8,2006,0.5,0.8,1.2,1.75,Normal
SUTLEJ,Islam,29-Sept-24,06:00 Hrs,455,1750,434.8,-,0.5,0.8,1.2,1.75,Normal
INDUS,khairabad,29-Sept-24,12:00 Hrs,-,-,2.6,61600,2.25,3.75,5,6.5,Normal
INDUS,Kalabagh,29-Sept-24,12:00 Hrs,693,99899,678,92975,2.5,3.75,5,6.5,Normal
INDUS,Chashma,29-Sept-24,12:00 Hrs,646.5,114205,610.8,107085,2.5,3.75,5,6.5,Normal
INDUS,Taunsa,29-Sept-24,12:00 Hrs,446,101539,428.1,85025,2.5,3.75,5,6.5,Normal
INDUS,Guddu,29-Sept-24,12:00 Hrs,255.6,104193,248.4,83140,2,3.5,5,7,Normal
INDUS,Sukkar,29-Sept-24,12:00 Hrs,198.3,75891,190.6,32896,2,3.5,5,7,Normal
INDUS,Kotri,29-Sept-24,12:00 Hrs,69.4,49215,48.7,20060,2.5,4,5,6.5,Normal
JHELUM,Kotli,29-Sept-24,12:00 Hrs,-,-,7.9,3410,-,-,-,-,-
JHELUM,Rasul,29-Sept-24,12:00 Hrs,719,48243,698.3,27515,0.75,1.1,1.5,2.25,Normal
CHENAB,Marala,29-Sept-24,12:00 Hrs,812,31664,794.2,3964,1,1.5,2,4,Normal
CHENAB,Khanki,29-Sept-24,12:00 Hrs,732.5,12892,719.3,5463,1,1.5,2,4,Normal
CHENAB,Qadirabad,29-Sept-24,12:00 Hrs,700,25458,684.6,5933,1,1.5,2,4,Normal
CHENAB,Trimmu,29-Sept-24,12:00 Hrs,490.5,25854,480,10304,1.5,2,3,4.5,Normal
CHENAB,Punjnad,29-Sept-24,12:00 Hrs,338,16115,324.2,1035,1.5,2,3,4.5,Normal
RAVI,Jassar,29-Sept-24,12:00 Hrs,-,-,776,2129,0.5,0.75,1,1.5,Normal
RAVI,Shahdara,29-Sept-24,12:00 Hrs,-,-,673.4,15353,0.4,0.65,0.9,1.35,Normal
RAVI,Balloki,29-Sept-24,12:00 Hrs,633.5,35255,618.6,7955,0.4,0.65,0.9,1.35,Normal
RAVI,Sidhnai,29-Sept-24,12:00 Hrs,467,17772,453.3,1322,0.3,0.45,0.6,0.9,Normal
SUTLEJ,Bhakara**,29-Sept-24,12:00 Hrs,,-,-,-,-,-,-,-,-
SUTLEJ,Sulemanki,29-Sept-24,12:00 Hrs,569,13258,557.8,2006,0.5,0.8,1.2,1.75,Normal
SUTLEJ,Islam,29-Sept-24,12:00 Hrs,455,1750,434.8,-,0.5,0.8,1.2,1.75,Normal
INDUS,khairabad,29-Sept-24,18:00 Hrs,-,-,0.4,45300,2.25,3.75,5,6.5,Normal
INDUS,Kalabagh,29-Sept-24,18:00 Hrs,693,112548,678.3,105624,2.5,3.75,5,6.5,Normal
INDUS,Chashma,29-Sept-24,18:00 Hrs,646.5,112083,610.8,106983,2.5,3.75,5,6.5,Normal
INDUS,Taunsa,29-Sept-24,18:00 Hrs,446,101539,428.1,85191,2.5,3.75,5,6.5,Normal
INDUS,Guddu,29-Sept-24,18:00 Hrs,255,99023,248.5,77997,2,3.5,5,7,Normal
INDUS,Sukkar,29-Sept-24,18:00 Hrs,198.3,75891,190.6,32896,2,3.5,5,7,Normal
INDUS,Kotri,29-Sept-24,18:00 Hrs,69.4,48795,48.7,20060,2.5,4,5,6.5,Normal
JHELUM,Kotli,29-Sept-24,18:00 Hrs,-,-,7.9,3410,-,-,-,-,-
JHELUM,Rasul,29-Sept-24,18:00 Hrs,719,44643,698,23610,0.75,1.1,1.5,2.25,Normal
CHENAB,Marala,29-Sept-24,18:00 Hrs,812,27396,794.1,3500,1,1.5,2,4,Normal
CHENAB,Khanki,29-Sept-24,18:00 Hrs,732.5,11071,718.6,3642,1,1.5,2,4,Normal
CHENAB,Qadirabad,29-Sept-24,18:00 Hrs,700,21816,684,2291,1,1.5,2,4,Normal
CHENAB,Trimmu,29-Sept-24,18:00 Hrs,490.5,25854,480,10304,1.5,2,3,4.5,Normal
CHENAB,Punjnad,29-Sept-24,18:00 Hrs,338,15080,323.2,-,1.5,2,3,4.5,Normal
RAVI,Jassar,29-Sept-24,18:00 Hrs,-,-,776,2129,0.5,0.75,1,1.5,Normal
RAVI,Shahdara,29-Sept-24,18:00 Hrs,-,-,673.4,15353,0.4,0.65,0.9,1.35,Normal
RAVI,Balloki,29-Sept-24,18:00 Hrs,633.5,36330,618.8,8830,0.4,0.65,0.9,1.35,Normal
RAVI,Sidhnai,29-Sept-24,18:00 Hrs,467,19695,454.4,3245,0.3,0.45,0.6,0.9,Normal
SUTLEJ,Bhakara**,29-Sept-24,18:00 Hrs,,-,-,-,-,-,-,-,-
SUTLEJ,Sulemanki,29-Sept-24,18:00 Hrs,569,13315,557.8,2006,0.5,0.8,1.2,1.75,Normal
SUTLEJ,Islam,29-Sept-24,18:00 Hrs,455,1640,434.8,-,0.5,0.8,1.2,1.75,Normal
INDUS,khairabad,29-Sept-24,23:59 Hrs,-,-,2.2,58500,2.25,3.75,5,6.5,Normal
INDUS,Kalabagh,29-Sept-24,23:59 Hrs,693,112548,678.3,105624,2.5,3.75,5,6.5,Normal
INDUS,Chashma,29-Sept-24,23:59 Hrs,646.5,111985,610.8,106885,2.5,3.75,5,6.5,Normal
INDUS,Taunsa,29-Sept-24,23:59 Hrs,446,101539,428.1,85191,2.5,3.75,5,6.5,Normal
INDUS,Guddu,29-Sept-24,23:59 Hrs,255,99023,248.5,77997,2,3.5,5,7,Normal
INDUS,Sukkar,29-Sept-24,23:59 Hrs,198.3,75891,190.6,32896,2,3.5,5,7,Normal
INDUS,Kotri,29-Sept-24,23:59 Hrs,69.4,48795,48.7,20060,2.5,4,5,6.5,Normal
JHELUM,Kotli,29-Sept-24,23:59 Hrs,-,-,7.8,3170,-,-,-,-,-
JHELUM,Rasul,29-Sept-24,23:59 Hrs,719,40738,697.3,19705,0.75,1.1,1.5,2.25,Normal
CHENAB,Marala,29-Sept-24,23:59 Hrs,812,26128,794.1,3500,1,1.5,2,4,Normal
CHENAB,Khanki,29-Sept-24,23:59 Hrs,732.5,9250,717.7,1821,1,1.5,2,4,Normal
CHENAB,Qadirabad,29-Sept-24,23:59 Hrs,700,21816,684,2291,1,1.5,2,4,Normal
CHENAB,Trimmu,29-Sept-24,23:59 Hrs,490.5,25854,480,10304,1.5,2,3,4.5,Normal
CHENAB,Punjnad,29-Sept-24,23:59 Hrs,337.8,15080,323,-,1.5,2,3,4.5,Normal
RAVI,Jassar,29-Sept-24,23:59 Hrs,-,-,776,2129,0.5,0.75,1,1.5,Normal
RAVI,Shahdara,29-Sept-24,23:59 Hrs,-,-,673.6,16168,0.4,0.65,0.9,1.35,Normal
RAVI,Balloki,29-Sept-24,23:59 Hrs,633.5,36330,618.8,8830,0.4,0.65,0.9,1.35,Normal
RAVI,Sidhnai,29-Sept-24,23:59 Hrs,467,19695,454.4,3245,0.3,0.45,0.6,0.9,Normal
SUTLEJ,Bhakara**,29-Sept-24,23:59 Hrs,,-,-,-,-,-,-,-,-
SUTLEJ,Sulemanki,29-Sept-24,23:59 Hrs,569,13315,557.8,2006,0.5,0.8,1.2,1.75,Normal
SUTLEJ,Islam,29-Sept-24,23:59 Hrs,455,1361,434.8,-,0.5,0.8,1.2,1.75,Normal
INDUS,khairabad,30-Sept-24,06:00 Hrs,-,-,6.3,92300,2.25,3.75,5,6.5,Normal
INDUS,Kalabagh,30-Sept-24,06:00 Hrs,693,99949,678,93025,2.5,3.75,5,6.5,Normal
INDUS,Chashma,30-Sept-24,06:00 Hrs,646.6,112045,610.8,106945,2.5,3.75,5,6.5,Normal
INDUS,Taunsa,30-Sept-24,06:00 Hrs,446,101671,427.8,85302,2.5,3.75,5,6.5,Normal
INDUS,Guddu,30-Sept-24,06:00 Hrs,255,90365,247.7,69339,2,3.5,5,7,Normal
INDUS,Sukkar,30-Sept-24,06:00 Hrs,198.3,74150,190.5,31310,2,3.5,5,7,Normal
INDUS,Kotri,30-Sept-24,06:00 Hrs,69.4,48515,48.7,20060,2.5,4,5,6.5,Normal
JHELUM,Kotli,30-Sept-24,06:00 Hrs,-,-,7.7,2950,-,-,-,-,-
JHELUM,Rasul,30-Sept-24,06:00 Hrs,719,36833,697,15800,0.75,1.1,1.5,2.25,Normal
CHENAB,Marala,30-Sept-24,06:00 Hrs,812,26100,794.1,3500,1,1.5,2,4,Normal
CHENAB,Khanki,30-Sept-24,06:00 Hrs,732.5,11071,718.6,3642,1,1.5,2,4,Normal
CHENAB,Qadirabad,30-Sept-24,06:00 Hrs,700,21816,684,2291,1,1.5,2,4,Normal
CHENAB,Trimmu,30-Sept-24,06:00 Hrs,490.5,25854,480,10304,1.5,2,3,4.5,Normal
CHENAB,Punjnad,30-Sept-24,06:00 Hrs,337.7,15080,323.2,-,1.5,2,3,4.5,Normal
RAVI,Jassar,30-Sept-24,06:00 Hrs,-,-,776,2129,0.5,0.75,1,1.5,Normal
RAVI,Shahdara,30-Sept-24,06:00 Hrs,-,-,673.4,15353,0.4,0.65,0.9,1.35,Normal
RAVI,Balloki,30-Sept-24,06:00 Hrs,633.5,38085,619.1,10585,0.4,0.65,0.9,1.35,Normal
RAVI,Sidhnai,30-Sept-24,06:00 Hrs,467,19695,454.4,3245,0.3,0.45,0.6,0.9,Normal
SUTLEJ,Bhakara**,30-Sept-24,06:00 Hrs,,-,-,-,-,-,-,-,-
SUTLEJ,Sulemanki,30-Sept-24,06:00 Hrs,569,13315,557.8,2006,0.5,0.8,1.2,1.75,Normal
SUTLEJ,Islam,30-Sept-24,06:00 Hrs,455,1259,434.8,-,0.5,0.8,1.2,1.75,Normal
INDUS,khairabad,30-Sept-24,12:00 Hrs,-,-,2.4,60000,2.25,3.75,5,6.5,Normal
INDUS,Kalabagh,30-Sept-24,12:00 Hrs,693,99949,678,93025,2.5,3.75,5,6.5,Normal
INDUS,Chashma,30-Sept-24,12:00 Hrs,646.6,112001,610.8,106901,2.5,3.75,5,6.5,Normal
INDUS,Taunsa,30-Sept-24,12:00 Hrs,693,99949,678,93025,2.5,3.75,5,6.5,Normal
INDUS,Guddu,30-Sept-24,12:00 Hrs,255,79906,247.1,58880,2,3.5,5,7,Normal
INDUS,Sukkar,30-Sept-24,12:00 Hrs,198.3,74150,190.5,31310,2,3.5,5,7,Normal
INDUS,Kotri,30-Sept-24,12:00 Hrs,69.4,47118,48.7,27058,2.5,4,5,6.5,Normal
JHELUM,Kotli,30-Sept-24,12:00 Hrs,-,-,7.7,2950,-,-,-,-,-
JHELUM,Rasul,30-Sept-24,12:00 Hrs,719,44643,698,23610,0.75,1.1,1.5,2.25,Normal
CHENAB,Marala,30-Sept-24,12:00 Hrs,812,23365,794.1,3500,1,1.5,2,4,Normal
CHENAB,Khanki,30-Sept-24,12:00 Hrs,732.5,8362,717,933,1,1.5,2,4,Normal
CHENAB,Qadirabad,30-Sept-24,12:00 Hrs,700,21816,684,2291,1,1.5,2,4,Normal
CHENAB,Trimmu,30-Sept-24,12:00 Hrs,490.5,25854,480,10304,1.5,2,3,4.5,Normal
CHENAB,Punjnad,30-Sept-24,12:00 Hrs,337.7,14120,323.2,-,1.5,2,3,4.5,Normal
RAVI,Jassar,30-Sept-24,12:00 Hrs,-,-,776,2129,0.5,0.75,1,1.5,Normal
RAVI,Shahdara,30-Sept-24,12:00 Hrs,-,-,673.4,15353,0.4,0.65,0.9,1.35,Normal
RAVI,Balloki,30-Sept-24,12:00 Hrs,633.5,38085,619.1,10585,0.4,0.65,0.9,1.35,Normal
RAVI,Sidhnai,30-Sept-24,12:00 Hrs,467,20564,455.2,4114,0.3,0.45,0.6,0.9,Normal
SUTLEJ,Bhakara**,30-Sept-24,12:00 Hrs,-,-,-,-,-,-,-,-,-
SUTLEJ,Sulemanki,30-Sept-24,12:00 Hrs,569,13315,557.8,2006,0.5,0.8,1.2,1.75,Normal
SUTLEJ,Islam,30-Sept-24,12:00 Hrs,455,1191,434.8,-,0.5,0.8,1.2,1.75,Normal
INDUS,khairabad,30-Sept-24,18:00 Hrs,-,-,0.5,46000,2.25,3.75,5,6.5,Normal
INDUS,Kalabagh,30-Sept-24,18:00 Hrs,693,120012,678.5,113120,2.5,3.75,5,6.5,Normal
INDUS,Chashma,30-Sept-24,18:00 Hrs,646.5,100250,610.6,97070,2.5,3.75,5,6.5,Normal
INDUS,Taunsa,30-Sept-24,18:00 Hrs,446,101671,427.8,85302,2.5,3.75,5,6.5,Normal
INDUS,Guddu,30-Sept-24,18:00 Hrs,255,78525,247,57550,2,3.5,5,7,Normal
INDUS,Sukkar,30-Sept-24,18:00 Hrs,198.3,74150,190.5,31310,2,3.5,5,7,Normal
INDUS,Kotri,30-Sept-24,18:00 Hrs,69.4,47118,48.7,27058,2.5,4,5,6.5,Normal
JHELUM,Kotli,30-Sept-24,18:00 Hrs,-,-,7.6,2730,-,-,-,-,-
JHELUM,Rasul,30-Sept-24,18:00 Hrs,719,40738,697.3,19705,0.75,1.1,1.5,2.25,Normal
CHENAB,Marala,30-Sept-24,18:00 Hrs,812,21565,794.1,3500,1,1.5,2,4,Normal
CHENAB,Khanki,30-Sept-24,18:00 Hrs,732.5,9250,717.7,1821,1,1.5,2,4,Normal
CHENAB,Qadirabad,30-Sept-24,18:00 Hrs,700,19525,683,-,1,1.5,2,4,Normal
CHENAB,Trimmu,30-Sept-24,18:00 Hrs,490.5,25854,480,10304,1.5,2,3,4.5,Normal
CHENAB,Punjnad,30-Sept-24,18:00 Hrs,337.7,13475,323.2,-,1.5,2,3,4.5,Normal
RAVI,Jassar,30-Sept-24,18:00 Hrs,-,-,776,2129,0.5,0.75,1,1.5,Normal
RAVI,Shahdara,30-Sept-24,18:00 Hrs,-,-,673.4,15353,0.4,0.65,0.9,1.35,Normal
RAVI,Balloki,30-Sept-24,18:00 Hrs,633.5,38055,619.1,10455,0.4,0.65,0.9,1.35,Normal
RAVI,Sidhnai,30-Sept-24,18:00 Hrs,467,20564,455.2,4114,0.3,0.45,0.6,0.9,Normal
SUTLEJ,Bhakara**,30-Sept-24,18:00 Hrs,-,-,-,-,-,-,-,-,-
SUTLEJ,Sulemanki,30-Sept-24,18:00 Hrs,569,14399,558.5,3041,0.5,0.8,1.2,1.75,Normal
SUTLEJ,Islam,30-Sept-24,18:00 Hrs,455,1225,434.8,-,0.5,0.8,1.2,1.75,Normal
INDUS,khairabad,30-Sept-24,23:59 Hrs,-,-,1.9,56200,2.25,3.75,5,6.5,Normal
INDUS,Kalabagh,30-Sept-24,23:59 Hrs,693,87199,677.7,80599,2.5,3.75,5,6.5,Normal
INDUS,Chashma,30-Sept-24,23:59 Hrs,646.4,102388,610.6,97088,2.5,3.75,5,6.5,Normal
INDUS,Taunsa,30-Sept-24,23:59 Hrs,446,101671,427.8,85302,2.5,3.75,5,6.5,Normal
INDUS,Guddu,30-Sept-24,23:59 Hrs,255,78525,247,57550,2,3.5,5,7,Normal
INDUS,Sukkar,30-Sept-24,23:59 Hrs,198.3,74150,190.5,31310,2,3.5,5,7,Normal
INDUS,Kotri,30-Sept-24,23:59 Hrs,69.4,47118,48.7,27058,2.5,4,5,6.5,Normal
JHELUM,Kotli,30-Sept-24,23:59 Hrs,-,-,7.7,2950,-,-,-,-,-
JHELUM,Rasul,30-Sept-24,23:59 Hrs,719,40738,697.3,19705,0.75,1.1,1.5,2.25,Normal
CHENAB,Marala,30-Sept-24,23:59 Hrs,812,21054,794.1,3500,1,1.5,2,4,Normal
CHENAB,Khanki,30-Sept-24,23:59 Hrs,732.5,9250,717.7,1821,1,1.5,2,4,Normal
CHENAB,Qadirabad,30-Sept-24,23:59 Hrs,700,19525,683,-,1,1.5,2,4,Normal
CHENAB,Trimmu,30-Sept-24,23:59 Hrs,490.5,25507,480,10304,1.5,2,3,4.5,Normal
CHENAB,Punjnad,30-Sept-24,23:59 Hrs,337.7,13475,323.2,-,1.5,2,3,4.5,Normal
RAVI,Jassar,30-Sept-24,23:59 Hrs,-,-,776,2129,0.5,0.75,1,1.5,Normal
RAVI,Shahdara,30-Sept-24,23:59 Hrs,-,-,673.4,15353,0.4,0.65,0.9,1.35,Normal
RAVI,Balloki,30-Sept-24,23:59 Hrs,633.5,38055,619.1,10455,0.4,0.65,0.9,1.35,Normal
RAVI,Sidhnai,30-Sept-24,23:59 Hrs,467,20564,455.2,4114,0.3,0.45,0.6,0.9,Normal
SUTLEJ,Bhakara**,30-Sept-24,23:59 Hrs,-,-,-,-,-,-,-,-,-
SUTLEJ,Sulemanki,30-Sept-24,23:59 Hrs,569,14399,558.5,3041,0.5,0.8,1.2,1.75,Normal
SUTLEJ,Islam,30-Sept-24,23:59 Hrs,455,1225,434.8,-,0.5,0.8,1.2,1.75,Normal
INDUS,khairabad,01-Oct-24,06:00 Hrs,-,-,6,89700,2.25,3.75,5,6.5,Normal
INDUS,Kalabagh,01-Oct-24,06:00 Hrs,693,89961,677.7,83361,2.5,3.75,5,6.5,Normal
INDUS,Chashma,01-Oct-24,06:00 Hrs,646.4,102592,610.2,97292,2.5,3.75,5,6.5,Normal
INDUS,Taunsa,01-Oct-24,06:00 Hrs,446,101671,427.8,85302,2.5,3.75,5,6.5,Normal
INDUS,Guddu,01-Oct-24,06:00 Hrs,255,76535,247,57550,2,3.5,5,7,Normal
INDUS,Sukkar,01-Oct-24,06:00 Hrs,197.8,64110,190,23050,2,3.5,5,7,Normal
INDUS,Kotri,01-Oct-24,06:00 Hrs,69.4,46825,48.7,20060,2.5,4,5,6.5,Normal
JHELUM,Kotli,01-Oct-24,06:00 Hrs,-,-,7.6,2730,-,-,-,-,-
JHELUM,Rasul,01-Oct-24,06:00 Hrs,719,36833,697,15800,0.75,1.1,1.5,2.25,Normal
CHENAB,Marala,01-Oct-24,06:00 Hrs,812,21054,794.1,3500,1,1.5,2,4,Normal
CHENAB,Khanki,01-Oct-24,06:00 Hrs,732.5,8362,717,933,1,1.5,2,4,Normal
CHENAB,Qadirabad,01-Oct-24,06:00 Hrs,700,19525,683,Nil,1,1.5,2,4,Normal
CHENAB,Trimmu,01-Oct-24,06:00 Hrs,490.5,27314,480.5,13072,1.5,2,3,4.5,Normal
CHENAB,Punjnad,01-Oct-24,06:00 Hrs,337.7,13475,323.2,Nil,1.5,2,3,4.5,Normal
RAVI,Jassar,01-Oct-24,06:00 Hrs,-,-,776,2129,0.5,0.75,1,1.5,Normal
RAVI,Shahdara,01-Oct-24,06:00 Hrs,-,-,673.2,14537,0.4,0.65,0.9,1.35,Normal
RAVI,Balloki,01-Oct-24,06:00 Hrs,633.5,38055,619.1,10455,0.4,0.65,0.9,1.35,Normal
RAVI,Sidhnai,01-Oct-24,06:00 Hrs,467,21164,455.2,4114,0.3,0.45,0.6,0.9,Normal
SUTLEJ,Bhakara**,01-Oct-24,06:00 Hrs,-,-,-,-,-,-,-,-,-
SUTLEJ,Sulemanki,01-Oct-24,06:00 Hrs,569,14399,558.5,3041,0.5,0.8,1.2,1.75,Normal
SUTLEJ,Islam,01-Oct-24,06:00 Hrs,455,1225,434.8,Nil,0.5,0.8,1.2,1.75,Normal
INDUS,khairabad,01-Oct-24,12:00 Hrs,-,-,2.8,63100,2.25,3.75,5,6.5,Normal
INDUS,Kalabagh,01-Oct-24,12:00 Hrs,693,113664,678.3,106764,2.5,3.75,5,6.5,Normal
INDUS,Chashma,01-Oct-24,12:00 Hrs,646.6,105345,610.1,100045,2.5,3.75,5,6.5,Normal
INDUS,Taunsa,01-Oct-24,12:00 Hrs,446,101671,24780,85302,2.5,3.75,5,6.5,Normal
INDUS,Guddu,01-Oct-24,12:00 Hrs,254.9,74923,246.8,55943,2,3.5,5,7,Normal
INDUS,Sukkar,01-Oct-24,12:00 Hrs,197.8,64110,190,23050,2,3.5,5,7,Normal
INDUS,Kotri,01-Oct-24,12:00 Hrs,69.4,43745,48.1,16980,2.5,4,5,6.5,Normal
JHELUM,Kotli,01-Oct-24,12:00 Hrs,-,-,7.6,2730,-,-,-,-,-
JHELUM,Rasul,01-Oct-24,12:00 Hrs,719,48548,698.3,27515,0.75,1.1,1.5,2.25,Normal
CHENAB,Marala,01-Oct-24,12:00 Hrs,812,22240,794.1,3500,1,1.5,2,4,Normal
CHENAB,Khanki,01-Oct-24,12:00 Hrs,732.5,9250,717.7,1821,1,1.5,2,4,Normal
CHENAB,Qadirabad,01-Oct-24,12:00 Hrs,700,18532,683,-,1,1.5,2,4,Normal
CHENAB,Trimmu,01-Oct-24,12:00 Hrs,490.5,2762,480.5,13072,1.5,2,3,4.5,Normal
CHENAB,Punjnad,01-Oct-24,12:00 Hrs,3337.7,14120,323.2,-,1.5,2,3,4.5,Normal
RAVI,Jassar,01-Oct-24,12:00 Hrs,-,-,776,2129,0.5,0.75,1,1.5,Normal
RAVI,Shahdara,01-Oct-24,12:00 Hrs,-,-,673.2,14537,0.4,0.65,0.9,1.35,Normal
RAVI,Balloki,01-Oct-24,12:00 Hrs,633.5,38055,619.1,10455,0.4,0.65,0.9,1.35,Normal
RAVI,Sidhnai,01-Oct-24,12:00 Hrs,467,21164,455.2,4114,0.3,0.45,0.6,0.9,Normal
SUTLEJ,Bhakara**,01-Oct-24,12:00 Hrs,-,-,-,-,-,-,-,-,-
SUTLEJ,Sulemanki,01-Oct-24,12:00 Hrs,569,14399,558.5,3041,0.5,0.8,1.2,1.75,Normal
SUTLEJ,Islam,01-Oct-24,12:00 Hrs,455,1225,434.8,-,0.5,0.8,1.2,1.75,Normal
INDUS,khairabad,01-Oct-24,18:00 Hrs,-,-,0.6,46700,2.25,3.75,5,6.5,Normal
INDUS,Kalabagh,01-Oct-24,18:00 Hrs,693,100157,678,93557,2.5,3.75,5,6.5,Normal
INDUS,Chashma,01-Oct-24,18:00 Hrs,646.6,105443,610.1,100043,2.5,3.75,5,6.5,Normal
INDUS,Taunsa,01-Oct-24,18:00 Hrs,446,101671,427.8,85302,2.5,3.75,5,6.5,Normal
INDUS,Guddu,01-Oct-24,18:00 Hrs,254.9,74923,246.8,55943,2,3.5,5,7,Normal
INDUS,Sukkar,01-Oct-24,18:00 Hrs,197.8,64110,190,23050,2,3.5,5,7,Normal
INDUS,Kotri,01-Oct-24,18:00 Hrs,69.4,43745,48.1,16980,2.5,4,5,6.5,Normal
JHELUM,Kotli,01-Oct-24,18:00 Hrs,-,-,7.5,2520,-,-,-,-,-
JHELUM,Rasul,01-Oct-24,18:00 Hrs,719,44743,698,23610,0.75,1.1,1.5,2.25,Normal
CHENAB,Marala,01-Oct-24,18:00 Hrs,812,23429,794.1,3500,1,1.5,2,4,Normal
CHENAB,Khanki,01-Oct-24,18:00 Hrs,732.5,9250,717.7,1821,1,1.5,2,4,Normal
CHENAB,Qadirabad,01-Oct-24,18:00 Hrs,700,18532,683,-,1,1.5,2,4,Normal
CHENAB,Trimmu,01-Oct-24,18:00 Hrs,490.5,27622,480.5,13072,1.5,2,3,4.5,Normal
CHENAB,Punjnad,01-Oct-24,18:00 Hrs,337.7,14120,323.2,-,1.5,2,3,4.5,Normal
RAVI,Jassar,01-Oct-24,18:00 Hrs,-,-,776,2129,0.5,0.75,1,1.5,Normal
RAVI,Shahdara,01-Oct-24,18:00 Hrs,-,-,671.9,9240,0.4,0.65,0.9,1.35,Normal
RAVI,Balloki,01-Oct-24,18:00 Hrs,633.5,38155,619.1,10455,0.4,0.65,0.9,1.35,Normal
RAVI,Sidhnai,01-Oct-24,18:00 Hrs,467,21164,455.2,4114,0.3,0.45,0.6,0.9,Normal
SUTLEJ,Bhakara**,01-Oct-24,18:00 Hrs,-,-,-,-,-,-,-,-,-
SUTLEJ,Sulemanki,01-Oct-24,18:00 Hrs,569,13794,557.8,2006,0.5,0.8,1.2,1.75,Normal
SUTLEJ,Islam,01-Oct-24,18:00 Hrs,455,1330,434.8,-,0.5,0.8,1.2,1.75,Normal
INDUS,khairabad,01-Oct-24,23:59 Hrs,-,-,1.2,51000,2.25,3.75,5,6.5,Normal
INDUS,Kalabagh,01-Oct-24,23:59 Hrs,693,100157,678,93557,2.5,3.75,5,6.5,Normal
INDUS,Chashma,01-Oct-24,23:59 Hrs,646.7,105468,610.1,100068,2.5,3.75,5,6.5,Normal
INDUS,Taunsa,01-Oct-24,23:59 Hrs,446,101671,427.8,85302,2.5,3.75,5,6.5,Normal
INDUS,Guddu,01-Oct-24,23:59 Hrs,254.9,74923,246.8,55943,2,3.5,5,7,Normal
INDUS,Sukkar,01-Oct-24,23:59 Hrs,197.8,64110,190,23050,2,3.5,5,7,Normal
INDUS,Kotri,01-Oct-24,23:59 Hrs,69.4,43745,48.1,16980,2.5,4,5,6.5,Normal
JHELUM,Kotli,01-Oct-24,23:59 Hrs,-,-,7.6,2730,-,-,-,-,-
JHELUM,Rasul,01-Oct-24,23:59 Hrs,719,36933,697,15800,0.75,1.1,1.5,2.25,Normal
CHENAB,Marala,01-Oct-24,23:59 Hrs,812,21515,794.1,3500,1,1.5,2,4,Normal
CHENAB,Khanki,01-Oct-24,23:59 Hrs,732.5,9250,717.7,1821,1,1.5,2,4,Normal
CHENAB,Qadirabad,01-Oct-24,23:59 Hrs,700,18532,683,-,1,1.5,2,4,Normal
CHENAB,Trimmu,01-Oct-24,23:59 Hrs,490.5,28422,480.5,13072,1.5,2,3,4.5,Normal
CHENAB,Punjnad,01-Oct-24,23:59 Hrs,337.7,14120,323.2,-,1.5,2,3,4.5,Normal
RAVI,Jassar,01-Oct-24,23:59 Hrs,-,-,776,2129,0.5,0.75,1,1.5,Normal
RAVI,Shahdara,01-Oct-24,23:59 Hrs,-,-,671.8,8912,0.4,0.65,0.9,1.35,Normal
RAVI,Balloki,01-Oct-24,23:59 Hrs,633.5,38155,619.1,10455,0.4,0.65,0.9,1.35,Normal
RAVI,Sidhnai,01-Oct-24,23:59 Hrs,467,21464,455.2,4114,0.3,0.45,0.6,0.9,Normal
SUTLEJ,Bhakara**,01-Oct-24,23:59 Hrs,-,-,-,-,-,-,-,-,-
SUTLEJ,Sulemanki,01-Oct-24,23:59 Hrs,569,13794,557.8,2006,0.5,0.8,1.2,1.75,Normal
SUTLEJ,Islam,01-Oct-24,23:59 Hrs,455,1550,434.8,-,0.5,0.8,1.2,1.75,Normal
INDUS,khairabad,02-Oct-24,06:00 Hrs,-,-,4.2,74400,2.25,3.75,5,6.5,Normal
INDUS,Kalabagh,02-Oct-24,06:00 Hrs,693,89961,677.7,83361,2.5,3.75,5,6.5,Normal
INDUS,Chashma,02-Oct-24,06:00 Hrs,646.7,105672,610.1,100272,2.5,3.75,5,6.5,Normal
INDUS,Taunsa,02-Oct-24,06:00 Hrs,446,101671,427.8,85302,2.5,3.75,5,6.5,Normal
INDUS,Guddu,02-Oct-24,06:00 Hrs,255.4,76488,246.9,57485,2,3.5,5,7,Normal
INDUS,Sukkar,02-Oct-24,06:00 Hrs,197.6,50080,189,10500,2,3.5,5,7,Normal
INDUS,Kotri,02-Oct-24,06:00 Hrs,69.4,43745,48.1,16980,2.5,4,5,6.5,Normal
JHELUM,Kotli,02-Oct-24,06:00 Hrs,-,-,7.7,2950,-,-,-,-,-
JHELUM,Rasul,02-Oct-24,06:00 Hrs,719,36933,697,15800,0.75,1.1,1.5,2.25,Normal
CHENAB,Marala,02-Oct-24,06:00 Hrs,812,21173,794.1,3500,1,1.5,2,4,Normal
CHENAB,Khanki,02-Oct-24,06:00 Hrs,732.5,11071,718.6,3642,1,1.5,2,4,Normal
CHENAB,Qadirabad,02-Oct-24,06:00 Hrs,700,18532,683,-,1,1.5,2,4,Normal
CHENAB,Trimmu,02-Oct-24,06:00 Hrs,490.5,28422,480.5,13072,1.5,2,3,4.5,Normal
CHENAB,Punjnad,02-Oct-24,06:00 Hrs,337.7,14120,323.2,-,1.5,2,3,4.5,Normal
RAVI,Jassar,02-Oct-24,06:00 Hrs,-,-,776,2129,0.5,0.75,1,1.5,Normal
RAVI,Shahdara,02-Oct-24,06:00 Hrs,-,-,671.4,7586,0.4,0.65,0.9,1.35,Normal
RAVI,Balloki,02-Oct-24,06:00 Hrs,633.5,35295,618.5,7595,0.4,0.65,0.9,1.35,Normal
RAVI,Sidhnai,02-Oct-24,06:00 Hrs,467,21464,455.2,4114,0.3,0.45,0.6,0.9,Normal
SUTLEJ,Bhakara**,02-Oct-24,06:00 Hrs,-,-,-,-,-,-,-,-,-
SUTLEJ,Sulemanki,02-Oct-24,06:00 Hrs,569,13794,557.8,2006,0.5,0.8,1.2,1.75,Normal
SUTLEJ,Islam,02-Oct-24,06:00 Hrs,455,1990,434.8,-,0.5,0.8,1.2,1.75,Normal
INDUS,khairabad,02-Oct-24,12:00 Hrs,-,-,1.9,56200,2.25,3.75,5,6.5,Normal
INDUS,Kalabagh,02-Oct-24,12:00 Hrs,693,89511,677.7,82911,2.5,3.75,5,6.5,Normal
INDUS,Chashma,02-Oct-24,12:00 Hrs,646.7,105329,610.1,99923,2.5,3.75,5,6.5,Normal
INDUS,Taunsa,02-Oct-24,12:00 Hrs,446,101671,427.8,85302,2.5,3.75,5,6.5,Normal
INDUS,Guddu,02-Oct-24,12:00 Hrs,255.6,78721,247,61201,2,3.5,5,7,Normal
INDUS,Sukkar,02-Oct-24,12:00 Hrs,197.6,50080,189,10500,2,3.5,5,7,Normal
INDUS,Kotri,02-Oct-24,12:00 Hrs,69.4,43745,48.1,16980,2.5,4,5,6.5,Normal
JHELUM,Kotli,02-Oct-24,12:00 Hrs,-,-,7.8,3170,-,-,-,-,-
JHELUM,Rasul,02-Oct-24,12:00 Hrs,719,44743,698,23610,0.75,1.1,1.5,2.25,Normal
CHENAB,Marala,02-Oct-24,12:00 Hrs,812,21864,794.1,3500,1,1.5,2,4,Normal
CHENAB,Khanki,02-Oct-24,12:00 Hrs,732.5,11071,718.6,3642,1,1.5,2,4,Normal
CHENAB,Qadirabad,02-Oct-24,12:00 Hrs,700,18532,683,-,1,1.5,2,4,Normal
CHENAB,Trimmu,02-Oct-24,12:00 Hrs,490.5,30052,481,14702,1.5,2,3,4.5,Normal
CHENAB,Punjnad,02-Oct-24,12:00 Hrs,337.7,14120,323.2,-,1.5,2,3,4.5,Normal
RAVI,Jassar,02-Oct-24,12:00 Hrs,-,-,776,2129,0.5,0.75,1,1.5,Normal
RAVI,Shahdara,02-Oct-24,12:00 Hrs,-,-,671.4,7586,0.4,0.65,0.9,1.35,Normal
RAVI,Balloki,02-Oct-24,12:00 Hrs,633.5,31860,617.9,4160,0.4,0.65,0.9,1.35,Normal
RAVI,Sidhnai,02-Oct-24,12:00 Hrs,467,23075,455.7,5725,0.3,0.45,0.6,0.9,Normal
SUTLEJ,Bhakara**,02-Oct-24,12:00 Hrs,,,,,-,-,-,-,-
SUTLEJ,Sulemanki,02-Oct-24,12:00 Hrs,569,13794,557.8,2006,0.5,0.8,1.2,1.75,Normal
SUTLEJ,Islam,02-Oct-24,12:00 Hrs,455,2350,434.8,-,0.5,0.8,1.2,1.75,Normal
INDUS,khairabad,02-Oct-24,18:00 Hrs,-,-,0.4,45300,2.25,3.75,5,6.5,Normal
INDUS,Kalabagh,02-Oct-24,18:00 Hrs,693,113075,678.3,106475,2.5,3.75,5,6.5,Normal
INDUS,Chashma,02-Oct-24,18:00 Hrs,646.7,105548,610.1,100148,2.5,3.75,5,6.5,Normal
INDUS,Taunsa,02-Oct-24,18:00 Hrs,446,100152,427.8,84028,2.5,3.75,5,6.5,Normal
INDUS,Guddu,02-Oct-24,18:00 Hrs,255.6,78721,247,61201,2,3.5,5,7,Normal
INDUS,Sukkar,02-Oct-24,18:00 Hrs,197.6,50080,189,10500,2,3.5,5,7,Normal
INDUS,Kotri,02-Oct-24,18:00 Hrs,69.4,43745,48.1,16980,2.5,4,5,6.5,Normal
JHELUM,Kotli,02-Oct-24,18:00 Hrs,-,-,7.8,3170,-,-,-,-,-
JHELUM,Rasul,02-Oct-24,18:00 Hrs,719,40838,697.3,19705,0.75,1.1,1.5,2.25,Normal
CHENAB,Marala,02-Oct-24,18:00 Hrs,812,21864,794.1,3500,1,1.5,2,4,Normal
CHENAB,Khanki,02-Oct-24,18:00 Hrs,732.5,9250,717.7,1821,1,1.5,2,4,Normal
CHENAB,Qadirabad,02-Oct-24,18:00 Hrs,700,19234,683,-,1,1.5,2,4,Normal
CHENAB,Trimmu,02-Oct-24,18:00 Hrs,490.5,30050,481,14702,1.5,2,3,4.5,Normal
CHENAB,Punjnad,02-Oct-24,18:00 Hrs,337.7,14120,323.2,-,1.5,2,3,4.5,Normal
RAVI,Jassar,02-Oct-24,18:00 Hrs,-,-,776,2129,0.5,0.75,1,1.5,Normal
RAVI,Shahdara,02-Oct-24,18:00 Hrs,-,-,671.4,7586,0.4,0.65,0.9,1.35,Normal
RAVI,Balloki,02-Oct-24,18:00 Hrs,63350,31860,617.9,4160,0.4,0.65,0.9,1.35,Normal
RAVI,Sidhnai,02-Oct-24,18:00 Hrs,467,23075,455.7,5725,0.3,0.45,0.6,0.9,Normal
SUTLEJ,Bhakara**,02-Oct-24,18:00 Hrs,-,-,-,-,-,-,-,-,-
SUTLEJ,Sulemanki,02-Oct-24,18:00 Hrs,569,14716,557.8,2006,0.5,0.8,1.2,1.75,Normal
SUTLEJ,Islam,02-Oct-24,18:00 Hrs,455,2350,434.8,-,0.5,0.8,1.2,1.75,Normal
INDUS,khairabad,02-Oct-24,23:59 Hrs,-,-,0.9,36500,2.25,3.75,5,6.5,Normal
INDUS,Kalabagh,02-Oct-24,23:59 Hrs,693,100298,678,93698,2.5,3.75,5,6.5,Normal
INDUS,Chashma,02-Oct-24,23:59 Hrs,646.7,105482,610.1,100082,2.5,3.75,5,6.5,Normal
INDUS,Taunsa,02-Oct-24,23:59 Hrs,446,100152,427.8,84028,2.5,3.75,5,6.5,Normal
INDUS,Guddu,02-Oct-24,23:59 Hrs,255.6,78721,247,61201,2,3.5,5,7,Normal
INDUS,Sukkar,02-Oct-24,23:59 Hrs,197.6,50080,189,10500,2,3.5,5,7,Normal
INDUS,Kotri,02-Oct-24,23:59 Hrs,69.4,43745,48.1,16980,2.5,4,5,6.5,Normal
JHELUM,Kotli,02-Oct-24,23:59 Hrs,-,-,7.7,2950,-,-,-,-,-
JHELUM,Rasul,02-Oct-24,23:59 Hrs,719,36932,697,15800,0.75,1.1,1.5,2.25,Normal
CHENAB,Marala,02-Oct-24,23:59 Hrs,812,21515,794.1,3500,1,1.5,2,4,Normal
CHENAB,Khanki,02-Oct-24,23:59 Hrs,732.5,8362,717.7,933,1,1.5,2,4,Normal
CHENAB,Qadirabad,02-Oct-24,23:59 Hrs,700,19525,683,-,1,1.5,2,4,Normal
CHENAB,Trimmu,02-Oct-24,23:59 Hrs,490.5,30050,481,14702,1.5,2,3,4.5,Normal
CHENAB,Punjnad,02-Oct-24,23:59 Hrs,337.7,14120,323.2,-,1.5,2,3,4.5,Normal
RAVI,Jassar,02-Oct-24,23:59 Hrs,-,-,776,2129,0.5,0.75,1,1.5,Normal
RAVI,Shahdara,02-Oct-24,23:59 Hrs,-,-,671.4,7586,0.4,0.65,0.9,1.35,Normal
RAVI,Balloki,02-Oct-24,23:59 Hrs,633.5,31265,617.8,3565,0.4,0.65,0.9,1.35,Normal
RAVI,Sidhnai,02-Oct-24,23:59 Hrs,467,22975,455.7,5725,0.3,0.45,0.6,0.9,Normal
SUTLEJ,Bhakara**,02-Oct-24,23:59 Hrs,-,-,-,-,-,-,-,-,-
SUTLEJ,Sulemanki,02-Oct-24,23:59 Hrs,569,14716,557.8,2006,0.5,0.8,1.2,1.75,Normal
SUTLEJ,Islam,02-Oct-24,23:59 Hrs,455,1750,434.8,-,0.5,0.8,1.2,1.75,Normal
INDUS,khairabad,03-Oct-24,06:00 Hrs,-,-,0.2,41200,2.25,3.75,5,6.5,Normal
INDUS,Kalabagh,03-Oct-24,06:00 Hrs,693,93313,677.8,86713,2.5,3.75,5,6.5,Normal
INDUS,Chashma,03-Oct-24,06:00 Hrs,646.7,106586,610.1,101186,2.5,3.75,5,6.5,Normal
INDUS,Taunsa,03-Oct-24,06:00 Hrs,446,96367,426.7,78443,2.5,3.75,5,6.5,Normal
INDUS,Guddu,03-Oct-24,06:00 Hrs,255,82302,247.3,66281,2,3.5,5,7,Normal
INDUS,Sukkar,03-Oct-24,06:00 Hrs,197.2,49508,188.7,10468,2,3.5,5,7,Normal
INDUS,Kotri,03-Oct-24,06:00 Hrs,69.4,43745,48.1,16980,2.5,4,5,6.5,Normal
JHELUM,Kotli,03-Oct-24,06:00 Hrs,-,-,7.8,3170,-,-,-,-,-
JHELUM,Rasul,03-Oct-24,06:00 Hrs,719,36933,697,15800,0.75,1.1,1.5,2.25,Normal
CHENAB,Marala,03-Oct-24,06:00 Hrs,812,21515,794.1,3500,1,1.5,2,4,Normal
CHENAB,Khanki,03-Oct-24,06:00 Hrs,732.5,8362,717.7,933,1,1.5,2,4,Normal
CHENAB,Qadirabad,03-Oct-24,06:00 Hrs,700,19525,683,-,1,1.5,2,4,Normal
CHENAB,Trimmu,03-Oct-24,06:00 Hrs,490.5,30050,481,14702,1.5,2,3,4.5,Normal
CHENAB,Punjnad,03-Oct-24,06:00 Hrs,337.9,15080,323.2,-,1.5,2,3,4.5,Normal
RAVI,Jassar,03-Oct-24,06:00 Hrs,-,-,776,2129,0.5,0.75,1,1.5,Normal
RAVI,Shahdara,03-Oct-24,06:00 Hrs,-,-,671.4,7586,0.4,0.65,0.9,1.35,Normal
RAVI,Balloki,03-Oct-24,06:00 Hrs,633.5,31860,617.9,4160,0.4,0.65,0.9,1.35,Normal
RAVI,Sidhnai,03-Oct-24,06:00 Hrs,467,22975,455.7,5725,0.3,0.45,0.6,0.9,Normal
SUTLEJ,Bhakara**,03-Oct-24,06:00 Hrs,-,-,-,-,-,-,-,-,-
SUTLEJ,Sulemanki,03-Oct-24,06:00 Hrs,569,15011,558.4,2301,0.5,0.8,1.2,1.75,Normal
SUTLEJ,Islam,03-Oct-24,06:00 Hrs,455,2378,435.2,628,0.5,0.8,1.2,1.75,Normal
INDUS,khairabad,03-Oct-24,12:00 Hrs,-,-,1.9,56200,2.25,3.75,5,6.5,Normal
INDUS,Kalabagh,03-Oct-24,12:00 Hrs,693,100417,678,93817,2.5,3.75,5,6.5,Normal
INDUS,Chashma,03-Oct-24,12:00 Hrs,646.8,105322,610.1,99922,2.5,3.75,5,6.5,Normal
INDUS,Taunsa,03-Oct-24,12:00 Hrs,446,96367,426.7,79214,2.5,3.75,5,6.5,Normal
INDUS,Guddu,03-Oct-24,12:00 Hrs,255,81414,247.25,64602,2,3.5,5,7,Normal
INDUS,Sukkar,03-Oct-24,12:00 Hrs,197.2,49508,188.7,10468,2,3.5,5,7,Normal
INDUS,Kotri,03-Oct-24,12:00 Hrs,69.4,43745,48.1,16980,2.5,4,5,6.5,Normal
JHELUM,Kotli,03-Oct-24,12:00 Hrs,-,-,7.7,2950,-,-,-,-,-
JHELUM,Rasul,03-Oct-24,12:00 Hrs,719,40838,697.3,19705,0.75,1.1,1.5,2.25,Normal
CHENAB,Marala,03-Oct-24,12:00 Hrs,812,22218,794.1,3500,1,1.5,2,4,Normal
CHENAB,Khanki,03-Oct-24,12:00 Hrs,732.5,8362,717.7,933,1,1.5,2,4,Normal
CHENAB,Qadirabad,03-Oct-24,12:00 Hrs,700,18532,683,-,1,1.5,2,4,Normal
CHENAB,Trimmu,03-Oct-24,12:00 Hrs,490.5,30050,481,14702,1.5,2,3,4.5,Normal
CHENAB,Punjnad,03-Oct-24,12:00 Hrs,337,15070,323.2,-,1.5,2,3,4.5,Normal
RAVI,Jassar,03-Oct-24,12:00 Hrs,-,-,776,2129,0.5,0.75,1,1.5,Normal
RAVI,Shahdara,03-Oct-24,12:00 Hrs,-,-,671.4,7586,0.4,0.65,0.9,1.35,Normal
RAVI,Balloki,03-Oct-24,12:00 Hrs,633.5,31265,617.8,3565,0.4,0.65,0.9,1.35,Normal
RAVI,Sidhnai,03-Oct-24,12:00 Hrs,446,22975,455.7,5725,0.3,0.45,0.6,0.9,Normal
SUTLEJ,Bhakara**,03-Oct-24,12:00 Hrs,-,-,-,-,-,-,-,-,-
SUTLEJ,Sulemanki,03-Oct-24,12:00 Hrs,569,15011,558.4,2301,0.5,0.8,1.2,1.75,Normal
SUTLEJ,Islam,03-Oct-24,12:00 Hrs,455,2378,435.2,628,0.5,0.8,1.2,1.75,Normal
INDUS,khairabad,03-Oct-24,18:00 Hrs,-,-,0.8,37200,2.25,3.75,5,6.5,Normal
INDUS,Kalabagh,03-Oct-24,18:00 Hrs,693,97817,678,90817,2.5,3.75,5,6.5,Normal
INDUS,Chashma,03-Oct-24,18:00 Hrs,646.9,105556,610,99956,2.5,3.75,5,6.5,Normal
INDUS,Taunsa,03-Oct-24,18:00 Hrs,446,93382,426.6,76760,2.5,3.75,5,6.5,Normal
INDUS,Guddu,03-Oct-24,18:00 Hrs,255,79478,247.1,62666,2,3.5,5,7,Normal
INDUS,Sukkar,03-Oct-24,18:00 Hrs,197.2,49508,188.7,10468,2,3.5,5,7,Normal
INDUS,Kotri,03-Oct-24,18:00 Hrs,69.4,43745,48.1,16980,2.5,4,5,6.5,Normal
JHELUM,Kotli,03-Oct-24,18:00 Hrs,-,-,7.7,2950,-,-,-,-,-
JHELUM,Rasul,03-Oct-24,18:00 Hrs,719,36933,697,15800,0.75,1.1,1.5,2.25,Normal
CHENAB,Marala,03-Oct-24,18:00 Hrs,812,22944,794.1,3500,1,1.5,2,4,Normal
CHENAB,Khanki,03-Oct-24,18:00 Hrs,732.5,9286,717.7,1821,1,1.5,2,4,Normal
CHENAB,Qadirabad,03-Oct-24,18:00 Hrs,700,18532,683,-,1,1.5,2,4,Normal
CHENAB,Trimmu,03-Oct-24,18:00 Hrs,490.5,27595,480.7,11945,1.5,2,3,4.5,Normal
CHENAB,Punjnad,03-Oct-24,18:00 Hrs,338,15070,323.2,-,1.5,2,3,4.5,Normal
RAVI,Jassar,03-Oct-24,18:00 Hrs,-,-,776,2129,0.5,0.75,1,1.5,Normal
RAVI,Shahdara,03-Oct-24,18:00 Hrs,-,-,671.4,7586,0.4,0.65,0.9,1.35,Normal
RAVI,Balloki,03-Oct-24,18:00 Hrs,633.5,30670,617.7,2970,0.4,0.65,0.9,1.35,Normal
RAVI,Sidhnai,03-Oct-24,18:00 Hrs,467,23700,456,6450,0.3,0.45,0.6,0.9,Normal
SUTLEJ,Bhakara**,03-Oct-24,18:00 Hrs,-,-,-,-,-,-,-,-,-
SUTLEJ,Sulemanki,03-Oct-24,18:00 Hrs,569,14905,558.4,2301,0.5,0.8,1.2,1.75,Normal
SUTLEJ,Islam,03-Oct-24,18:00 Hrs,455,1878,435.2,628,0.5,0.8,1.2,1.75,Normal
INDUS,khairabad,03-Oct-24,23:59 Hrs,-,-,2,29600,2.25,3.75,5,6.5,Normal
INDUS,Kalabagh,03-Oct-24,23:59 Hrs,693,86957,677,79883,2.5,3.75,5,6.5,Normal
INDUS,Chashma,03-Oct-24,23:59 Hrs,646.9,105600,610,100000,2.5,3.75,5,6.5,Normal
INDUS,Taunsa,03-Oct-24,23:59 Hrs,446,93382,426.6,76760,2.5,3.75,5,6.5,Normal
INDUS,Guddu,03-Oct-24,23:59 Hrs,255,79478,247.1,62660,2,3.5,5,7,Normal
INDUS,Sukkar,03-Oct-24,23:59 Hrs,197.2,49508,188.7,10468,2,3.5,5,7,Normal
INDUS,Kotri,03-Oct-24,23:59 Hrs,69.4,43745,48.1,16980,2.5,4,5,6.5,Normal
JHELUM,Kotli,03-Oct-24,23:59 Hrs,-,-,7.8,3170,-,-,-,-,-
JHELUM,Rasul,03-Oct-24,23:59 Hrs,719,40838,697.3,19705,0.75,1.1,1.5,2.25,Normal
CHENAB,Marala,03-Oct-24,23:59 Hrs,812,22218,794.1,3500,1,1.5,2,4,Normal
CHENAB,Khanki,03-Oct-24,23:59 Hrs,732.5,8398,717.7,933,1,1.5,2,4,Normal
CHENAB,Qadirabad,03-Oct-24,23:59 Hrs,700,18532,683,-,1,1.5,2,4,Normal
CHENAB,Trimmu,03-Oct-24,23:59 Hrs,490.5,26656,480.6,11006,1.5,2,3,4.5,Normal
CHENAB,Punjnad,03-Oct-24,23:59 Hrs,338,15070,323.2,-,1.5,2,3,4.5,Normal
RAVI,Jassar,03-Oct-24,23:59 Hrs,-,-,776,2129,0.5,0.75,1,1.5,Normal
RAVI,Shahdara,03-Oct-24,23:59 Hrs,-,-,671.4,7586,0.4,0.65,0.9,1.35,Normal
RAVI,Balloki,03-Oct-24,23:59 Hrs,633.5,30670,617.5,2970,0.4,0.65,0.9,1.35,Normal
RAVI,Sidhnai,03-Oct-24,23:59 Hrs,467,23700,456,6450,0.3,0.45,0.6,0.9,Normal
SUTLEJ,Bhakara**,03-Oct-24,23:59 Hrs,-,-,-,-,-,-,-,-,-
SUTLEJ,Sulemanki,03-Oct-24,23:59 Hrs,569,14905,558.4,2301,0.5,0.8,1.2,1.75,Normal
SUTLEJ,Islam,03-Oct-24,23:59 Hrs,455,1878,435.2,628,0.5,0.8,1.2,1.75,Normal
INDUS,khairabad,04-Oct-24,06:00 Hrs,-,-,0.9,48900,2.25,3.75,5,6.5,Normal
INDUS,Kalabagh,04-Oct-24,06:00 Hrs,693,88525,677.7,81451,2.5,3.75,5,6.5,Normal
INDUS,Chashma,04-Oct-24,06:00 Hrs,646.7,103746,610,100066,2.5,3.75,5,6.5,Normal
INDUS,Taunsa,04-Oct-24,06:00 Hrs,446,93382,426.6,76760,2.5,3.75,5,6.5,Normal
INDUS,Guddu,04-Oct-24,06:00 Hrs,255,79478,247.1,62666,2,3.5,5,7,Normal
INDUS,Sukkar,04-Oct-24,06:00 Hrs,197.4,50405,188.4,1185,2,3.5,5,7,Normal
INDUS,Kotri,04-Oct-24,06:00 Hrs,69.4,43425,48.1,16980,2.5,4,5,6.5,Normal
JHELUM,Kotli,04-Oct-24,06:00 Hrs,-,-,6.8,1690,-,-,-,-,-
JHELUM,Rasul,04-Oct-24,06:00 Hrs,719,36933,697,15800,0.75,1.1,1.5,2.25,Normal
CHENAB,Marala,04-Oct-24,06:00 Hrs,812,22218,794.1,3500,1,1.5,2,4,Normal
CHENAB,Khanki,04-Oct-24,06:00 Hrs,732.5,8398,717.7,933,1,1.5,2,4,Normal
CHENAB,Qadirabad,04-Oct-24,06:00 Hrs,700,18532,683,-,1,1.5,2,4,Normal
CHENAB,Trimmu,04-Oct-24,06:00 Hrs,490.5,26656,480.6,11006,1.5,2,3,4.5,Normal
CHENAB,Punjnad,04-Oct-24,06:00 Hrs,338,15070,323.2,-,1.5,2,3,4.5,Normal
RAVI,Jassar,04-Oct-24,06:00 Hrs,-,-,776,2129,0.5,0.75,1,1.5,Normal
RAVI,Shahdara,04-Oct-24,06:00 Hrs,-,-,671.4,7586,0.4,0.65,0.9,1.35,Normal
RAVI,Balloki,04-Oct-24,06:00 Hrs,633.5,30670,617.5,2970,0.4,0.65,0.9,1.35,Normal
RAVI,Sidhnai,04-Oct-24,06:00 Hrs,467,23050,455.9,5800,0.3,0.45,0.6,0.9,Normal
SUTLEJ,Bhakara**,04-Oct-24,06:00 Hrs,-,-,-,-,-,-,-,-,-
SUTLEJ,Sulemanki,04-Oct-24,06:00 Hrs,569,14905,558.4,2301,0.5,0.8,1.2,1.75,Normal
SUTLEJ,Islam,04-Oct-24,06:00 Hrs,455,1878,435.2,628,0.5,0.8,1.2,1.75,Normal
INDUS,khairabad,04-Oct-24,12:00 Hrs,-,-,0.1,43200,2.25,3.75,5,6.5,Normal
INDUS,Kalabagh,04-Oct-24,12:00 Hrs,693,81783,677.5,74709,2.5,3.75,5,6.5,Normal
INDUS,Chashma,04-Oct-24,12:00 Hrs,646.6,103686,610.2,100006,2.5,3.75,5,6.5,Normal
INDUS,Taunsa,04-Oct-24,12:00 Hrs,446,93382,426.6,76760,2.5,3.75,5,6.5,Normal
INDUS,Guddu,04-Oct-24,12:00 Hrs,255.3,79668,247.1,63845,2,3.5,5,7,Normal
INDUS,Sukkar,04-Oct-24,12:00 Hrs,197.4,50405,188.4,11185,2,3.5,5,7,Normal
INDUS,Kotri,04-Oct-24,12:00 Hrs,69.4,42945,48.1,16980,2.5,4,5,6.5,Normal
JHELUM,Kotli,04-Oct-24,12:00 Hrs,-,-,7.6,2730,-,-,-,-,-
JHELUM,Rasul,04-Oct-24,12:00 Hrs,719,40838,697.3,19705,0.75,1.1,1.5,2.25,Normal
CHENAB,Marala,04-Oct-24,12:00 Hrs,812,24270,794.1,3500,1,1.5,2,4,Normal
CHENAB,Khanki,04-Oct-24,12:00 Hrs,732.5,8398,717.7,933,1,1.5,2,4,Normal
CHENAB,Qadirabad,04-Oct-24,12:00 Hrs,700,18532,683,-,1,1.5,2,4,Normal
CHENAB,Trimmu,04-Oct-24,12:00 Hrs,490.5,26656,480.6,11006,1.5,2,3,4.5,Normal
CHENAB,Punjnad,04-Oct-24,12:00 Hrs,338,15070,323.2,-,1.5,2,3,4.5,Normal
RAVI,Jassar,04-Oct-24,12:00 Hrs,-,-,776,2129,0.5,0.75,1,1.5,Normal
RAVI,Shahdara,04-Oct-24,12:00 Hrs,-,-,671.4,7586,0.4,0.65,0.9,1.35,Normal
RAVI,Balloki,04-Oct-24,12:00 Hrs,633.5,30670,617.5,2970,0.4,0.65,0.9,1.35,Normal
RAVI,Sidhnai,04-Oct-24,12:00 Hrs,467,21750,455.7,4500,0.3,0.45,0.6,0.9,Normal
SUTLEJ,Bhakara**,04-Oct-24,12:00 Hrs,-,-,-,-,-,-,-,-,-
SUTLEJ,Sulemanki,04-Oct-24,12:00 Hrs,569,14905,558.4,2301,0.5,0.8,1.2,1.75,Normal
SUTLEJ,Islam,04-Oct-24,12:00 Hrs,455,2076,436.5,826,0.5,0.8,1.2,1.75,Normal
INDUS,khairabad,04-Oct-24,18:00 Hrs,-,-,1.6,32100,2.25,3.75,5,6.5,Normal
INDUS,Kalabagh,04-Oct-24,18:00 Hrs,693,75088,677.4,68014,2.5,3.75,5,6.5,Normal
INDUS,Chashma,04-Oct-24,18:00 Hrs,646.4,105649,610.2,100049,2.5,3.75,5,6.5,Normal
INDUS,Taunsa,04-Oct-24,18:00 Hrs,446,93382,426.6,76760,2.5,3.75,5,6.5,Normal
INDUS,Guddu,04-Oct-24,18:00 Hrs,255.3,79668,247.1,63845,2,3.5,5,7,Normal
INDUS,Sukkar,04-Oct-24,18:00 Hrs,197.4,50405,188.4,11185,2,3.5,5,7,Normal
INDUS,Kotri,04-Oct-24,18:00 Hrs,69.4,42785,48.1,16980,2.5,4,5,6.5,Normal
JHELUM,Kotli,04-Oct-24,18:00 Hrs,-,-,7.6,2730,-,-,-,-,-
JHELUM,Rasul,04-Oct-24,18:00 Hrs,719,44743,698,23610,0.75,1.1,1.5,2.25,Normal
CHENAB,Marala,04-Oct-24,18:00 Hrs,812,24270,794.1,3500,1,1.5,2,4,Normal
CHENAB,Khanki,04-Oct-24,18:00 Hrs,732.5,9286,717.7,1821,1,1.5,2,4,Normal
CHENAB,Qadirabad,04-Oct-24,18:00 Hrs,700,18532,683,Nil,1,1.5,2,4,Normal
CHENAB,Trimmu,04-Oct-24,18:00 Hrs,490.5,24845,480.4,9095,1.5,2,3,4.5,Normal
CHENAB,Punjnad,04-Oct-24,18:00 Hrs,338,15070,323.2,Nil,1.5,2,3,4.5,Normal
RAVI,Jassar,04-Oct-24,18:00 Hrs,-,-,776,2129,0.5,0.75,1,1.5,Normal
RAVI,Shahdara,04-Oct-24,18:00 Hrs,-,-,671.4,7586,0.4,0.65,0.9,1.35,Normal
RAVI,Balloki,04-Oct-24,18:00 Hrs,633.5,30670,617.7,2970,0.4,0.65,0.9,1.35,Normal
RAVI,Sidhnai,04-Oct-24,18:00 Hrs,467,21150,455.1,3900,0.3,0.45,0.6,0.9,Normal
SUTLEJ,Bhakara**,04-Oct-24,18:00 Hrs,-,-,-,-,-,-,-,-,-
SUTLEJ,Sulemanki,04-Oct-24,18:00 Hrs,569,14905,558.4,2301,0.5,0.8,1.2,1.75,Normal
SUTLEJ,Islam,04-Oct-24,18:00 Hrs,455,2076,436.5,826,0.5,0.8,1.2,1.75,Normal
INDUS,khairabad,04-Oct-24,23:59 Hrs,-,-,2.9,32100,2.25,3.75,5,6.5,Normal
INDUS,Kalabagh,04-Oct-24,23:59 Hrs,693,75088,677.4,68014,2.5,3.75,5,6.5,Normal
INDUS,Chashma,04-Oct-24,23:59 Hrs,646.3,105518,610.2,99918,2.5,3.75,5,6.5,Normal
INDUS,Taunsa,04-Oct-24,23:59 Hrs,446,93382,426.6,76760,2.5,3.75,5,6.5,Normal
INDUS,Guddu,04-Oct-24,23:59 Hrs,255.3,79668,247.1,63845,2,3.5,5,7,Normal
INDUS,Sukkar,04-Oct-24,23:59 Hrs,197.4,50405,188.4,11185,2,3.5,5,7,Normal
INDUS,Kotri,04-Oct-24,23:59 Hrs,69.4,42785,48.1,16980,2.5,4,5,6.5,Normal
JHELUM,Kotli,04-Oct-24,23:59 Hrs,-,-,7.5,2520,-,-,-,-,-
JHELUM,Rasul,04-Oct-24,23:59 Hrs,719,40738,697.3,19705,0.75,1.1,1.5,2.25,Normal
CHENAB,Marala,04-Oct-24,23:59 Hrs,812,22397,794.1,3500,1,1.5,2,4,Normal
CHENAB,Khanki,04-Oct-24,23:59 Hrs,732.5,8398,711,933,1,1.5,2,4,Normal
CHENAB,Qadirabad,04-Oct-24,23:59 Hrs,700,18532,683,-,1,1.5,2,4,Normal
CHENAB,Trimmu,04-Oct-24,23:59 Hrs,490.5,24845,480.5,9095,1.5,2,3,4.5,Normal
CHENAB,Punjnad,04-Oct-24,23:59 Hrs,338,15070,323.2,-,1.5,2,3,4.5,Normal
RAVI,Jassar,04-Oct-24,23:59 Hrs,-,-,776,2129,0.5,0.75,1,1.5,Normal
RAVI,Shahdara,04-Oct-24,23:59 Hrs,-,-,671.9,9240,0.4,0.65,0.9,1.35,Normal
RAVI,Balloki,04-Oct-24,23:59 Hrs,633.5,30670,617.7,2970,0.4,0.65,0.9,1.35,Normal
RAVI,Sidhnai,04-Oct-24,23:59 Hrs,467,20586,454.7,3286,0.3,0.45,0.6,0.9,Normal
SUTLEJ,Bhakara**,04-Oct-24,23:59 Hrs,-,-,-,-,-,-,-,-,-
SUTLEJ,Sulemanki,04-Oct-24,23:59 Hrs,569,14905,558.4,2301,0.5,0.8,1.2,1.75,Normal
SUTLEJ,Islam,04-Oct-24,23:59 Hrs,455,2076,436.5,826,0.5,0.8,1.2,1.75,Normal
INDUS,khairabad,05-Oct-24,06:00 Hrs,-,-,-0.6,38500,2.25,3.75,5,6.5,Normal
INDUS,Kalabagh,05-Oct-24,06:00 Hrs,693,82403,677.5,75329,2.5,3.75,5,6.5,Normal
INDUS,Chashma,05-Oct-24,06:00 Hrs,646.2,105378,610.2,99778,2.5,3.75,5,6.5,Normal
INDUS,Taunsa,05-Oct-24,06:00 Hrs,446,93382,426.6,76760,2.5,3.75,5,6.5,Normal
INDUS,Guddu,05-Oct-24,06:00 Hrs,254.7,79796,247.3,64983,2,3.5,5,7,Normal
INDUS,Sukkar,05-Oct-24,06:00 Hrs,197.5,50505,188.4,11185,2,3.5,5,7,Normal
INDUS,Kotri,05-Oct-24,06:00 Hrs,69.4,43065,48.1,16980,2.5,4,5,6.5,Normal
JHELUM,Kotli,05-Oct-24,06:00 Hrs,-,-,7.6,2730,-,-,-,-,-
JHELUM,Rasul,05-Oct-24,06:00 Hrs,719,39833,697,15800,0.75,1.1,1.5,2.25,Normal
CHENAB,Marala,05-Oct-24,06:00 Hrs,812,21864,794.1,3500,1,1.5,2,4,Normal
CHENAB,Khanki,05-Oct-24,06:00 Hrs,732.5,8398,717,933,1,1.5,2,4,Normal
CHENAB,Qadirabad,05-Oct-24,06:00 Hrs,700,18532,683,-,1,1.5,2,4,Normal
CHENAB,Trimmu,05-Oct-24,06:00 Hrs,490.5,24845,480.4,9095,1.5,2,3,4.5,Normal
CHENAB,Punjnad,05-Oct-24,06:00 Hrs,338,15070,323.2,-,1.5,2,3,4.5,Normal
RAVI,Jassar,05-Oct-24,06:00 Hrs,-,-,776,2129,0.5,0.75,1,1.5,Normal
RAVI,Shahdara,05-Oct-24,06:00 Hrs,-,-,671.9,9240,0.4,0.65,0.9,1.35,Normal
RAVI,Balloki,05-Oct-24,06:00 Hrs,633.5,30670,617.7,2970,0.4,0.65,0.9,1.35,Normal
RAVI,Sidhnai,05-Oct-24,06:00 Hrs,467,20586,454.7,3286,0.3,0.45,0.6,0.9,Normal
SUTLEJ,Bhakara**,05-Oct-24,06:00 Hrs,-,-,-,-,-,-,-,-,-
SUTLEJ,Sulemanki,05-Oct-24,06:00 Hrs,569,14905,558.4,2301,0.5,0.8,1.2,1.75,Normal
SUTLEJ,Islam,05-Oct-24,06:00 Hrs,455,2076,436.5,826,0.5,0.8,1.2,1.75,Normal
INDUS,khairabad,05-Oct-24,12:00 Hrs,-,-,-0.6,46700,2.25,3.75,5,6.5,Normal
INDUS,Kalabagh,05-Oct-24,12:00 Hrs,693,88677,677.7,81603,2.5,3.75,5,6.5,Normal
INDUS,Chashma,05-Oct-24,12:00 Hrs,646,88478,609,84798,2.5,3.75,5,6.5,Normal
INDUS,Taunsa,05-Oct-24,12:00 Hrs,446,93382,426.6,76760,2.5,3.75,5,6.5,Normal
INDUS,Guddu,05-Oct-24,12:00 Hrs,254.5,78248,247.45,64434,2,3.5,5,7,Normal
INDUS,Sukkar,05-Oct-24,12:00 Hrs,197.5,50505,188.4,11185,2,3.5,5,7,Normal
INDUS,Kotri,05-Oct-24,12:00 Hrs,69.4,43065,48.1,16980,2.5,4,5,6.5,Normal
JHELUM,Kotli,05-Oct-24,12:00 Hrs,-,-,7.6,2730,-,-,-,-,-
JHELUM,Rasul,05-Oct-24,12:00 Hrs,719,44643,698,23610,0.75,1.1,1.5,2.25,Normal
CHENAB,Marala,05-Oct-24,12:00 Hrs,812,25397,794.5,5482,1,1.5,2,4,Normal
CHENAB,Khanki,05-Oct-24,12:00 Hrs,732.5,9286,717,1821,1,1.5,2,4,Normal
CHENAB,Qadirabad,05-Oct-24,12:00 Hrs,700,18532,683,-,1,1.5,2,4,Normal
CHENAB,Trimmu,05-Oct-24,12:00 Hrs,490.5,23954,480.1,8204,1.5,2,3,4.5,Normal
CHENAB,Punjnad,05-Oct-24,12:00 Hrs,338,14100,323.2,-,1.5,2,3,4.5,Normal
RAVI,Jassar,05-Oct-24,12:00 Hrs,-,-,776.1,2382,0.5,0.75,1,1.5,Normal
RAVI,Shahdara,05-Oct-24,12:00 Hrs,-,-,671.9,9240,0.4,0.65,0.9,1.35,Normal
RAVI,Balloki,05-Oct-24,12:00 Hrs,633.5,30670,617.7,2970,0.4,0.65,0.9,1.35,Normal
RAVI,Sidhnai,05-Oct-24,12:00 Hrs,467,17961,452.8,661,0.3,0.45,0.6,0.9,Normal
SUTLEJ,Bhakara**,05-Oct-24,12:00 Hrs,-,-,-,-,-,-,-,-,-
SUTLEJ,Sulemanki,05-Oct-24,12:00 Hrs,569,14905,558.4,2301,0.5,0.8,1.2,1.75,Normal
SUTLEJ,Islam,05-Oct-24,12:00 Hrs,455,1961,436,711,0.5,0.8,1.2,1.75,Normal
INDUS,khairabad,05-Oct-24,18:00 Hrs,-,-,1,35900,2.25,3.75,5,6.5,Normal
INDUS,Kalabagh,05-Oct-24,18:00 Hrs,693,75756,677.4,68682,2.5,3.75,5,6.5,Normal
INDUS,Chashma,05-Oct-24,18:00 Hrs,645.9,90324,608.8,84724,2.5,3.75,5,6.5,Normal
INDUS,Taunsa,05-Oct-24,18:00 Hrs,446,93382,426.6,76760,2.5,3.75,5,6.5,Normal
INDUS,Guddu,05-Oct-24,18:00 Hrs,254.5,78446,247.45,64434,2,3.5,5,7,Normal
INDUS,Sukkar,05-Oct-24,18:00 Hrs,197.5,50505,188.4,11185,2,3.5,5,7,Normal
INDUS,Kotri,05-Oct-24,18:00 Hrs,69.4,43065,48.1,16980,2.5,4,5,6.5,Normal
JHELUM,Kotli,05-Oct-24,18:00 Hrs,-,-,7.5,2520,-,-,-,-,-
JHELUM,Rasul,05-Oct-24,18:00 Hrs,719,40738,697.3,19705,0.75,1.1,1.5,2.25,Normal
CHENAB,Marala,05-Oct-24,18:00 Hrs,812,23793,794.1,3500,1,1.5,2,4,Normal
CHENAB,Khanki,05-Oct-24,18:00 Hrs,732.5,8398,718.7,933,1,1.5,2,4,Normal
CHENAB,Qadirabad,05-Oct-24,18:00 Hrs,700,18532,683,-,1,1.5,2,4,Normal
CHENAB,Trimmu,05-Oct-24,18:00 Hrs,490.5,24054,480.1,8204,1.5,2,3,4.5,Normal
CHENAB,Punjnad,05-Oct-24,18:00 Hrs,338,14100,323.2,-,1.5,2,3,4.5,Normal
RAVI,Jassar,05-Oct-24,18:00 Hrs,-,-,776.1,2382,0.5,0.75,1,1.5,Normal
RAVI,Shahdara,05-Oct-24,18:00 Hrs,-,-,671.9,9240,0.4,0.65,0.9,1.35,Normal
RAVI,Balloki,05-Oct-24,18:00 Hrs,633.5,30765,617.8,3565,0.4,0.65,0.9,1.35,Normal
RAVI,Sidhnai,05-Oct-24,18:00 Hrs,467,18622,453.2,1322,0.3,0.45,0.6,0.9,Normal
SUTLEJ,Bhakara**,05-Oct-24,18:00 Hrs,,-,-,-,-,-,-,-,-
SUTLEJ,Sulemanki,05-Oct-24,18:00 Hrs,569,14905,558.4,2301,0.5,0.8,1.2,1.75,Normal
SUTLEJ,Islam,05-Oct-24,18:00 Hrs,455,1961,436,711,0.5,0.8,1.2,1.75,Normal
INDUS,khairabad,05-Oct-24,23:59 Hrs,-,-,2.5,26600,2.25,3.75,5,6.5,Normal
INDUS,Kalabagh,05-Oct-24,23:59 Hrs,693,64284,677.2,57210,2.5,3.75,5,6.5,Normal
INDUS,Chashma,05-Oct-24,23:59 Hrs,646,90456,608.8,84856,2.5,3.75,5,6.5,Normal
INDUS,Taunsa,05-Oct-24,23:59 Hrs,446,93382,426.6,76760,2.5,3.75,5,6.5,Normal
INDUS,Guddu,05-Oct-24,23:59 Hrs,254.5,78446,247.45,64434,2,3.5,5,7,Normal
INDUS,Sukkar,05-Oct-24,23:59 Hrs,197.5,50505,188.4,11185,2,3.5,5,7,Normal
INDUS,Kotri,05-Oct-24,23:59 Hrs,69.4,43065,48.1,16980,2.5,4,5,6.5,Normal
JHELUM,Kotli,05-Oct-24,23:59 Hrs,-,-,7.5,2520,-,-,-,-,-
JHELUM,Rasul,05-Oct-24,23:59 Hrs,719,40738,697.3,19705,0.75,1.1,1.5,2.25,Normal
CHENAB,Marala,05-Oct-24,23:59 Hrs,812,23415,794.1,3500,1,1.5,2,4,Normal
CHENAB,Khanki,05-Oct-24,23:59 Hrs,732.5,7465,716,-,1,1.5,2,4,Normal
CHENAB,Qadirabad,05-Oct-24,23:59 Hrs,700,18532,683,-,1,1.5,2,4,Normal
CHENAB,Trimmu,05-Oct-24,23:59 Hrs,490.5,23704,480.1,8204,1.5,2,3,4.5,Normal
CHENAB,Punjnad,05-Oct-24,23:59 Hrs,338,14100,323.2,-,1.5,2,3,4.5,Normal
RAVI,Jassar,05-Oct-24,23:59 Hrs,-,-,776.1,2382,0.5,0.75,1,1.5,Normal
RAVI,Shahdara,05-Oct-24,23:59 Hrs,-,-,671.9,9230,0.4,0.65,0.9,1.35,Normal
RAVI,Balloki,05-Oct-24,23:59 Hrs,618,32200,617.8,4700,0.4,0.65,0.9,1.35,Normal
RAVI,Sidhnai,05-Oct-24,23:59 Hrs,467,17961,452.8,661,0.3,0.45,0.6,0.9,Normal
SUTLEJ,Bhakara**,05-Oct-24,23:59 Hrs,,-,-,-,-,-,-,-,-
SUTLEJ,Sulemanki,05-Oct-24,23:59 Hrs,569,14905,558.4,2301,0.5,0.8,1.2,1.75,Normal
SUTLEJ,Islam,05-Oct-24,23:59 Hrs,455,2178,435.2,628,0.5,0.8,1.2,1.75,Normal
INDUS,khairabad,06-Oct-24,06:00 Hrs,-,-,2,57000,2.25,3.75,5,6.5,Normal
INDUS,Kalabagh,06-Oct-24,06:00 Hrs,693,75837,677.4,68763,2.5,3.75,5,6.5,Normal
INDUS,Chashma,06-Oct-24,06:00 Hrs,646.2,92700,608.8,85180,2.5,3.75,5,6.5,Normal
INDUS,Taunsa,06-Oct-24,06:00 Hrs,446,90873,426.6,74698,2.5,3.75,5,6.5,Normal
INDUS,Guddu,06-Oct-24,06:00 Hrs,254.5,77664,247.4,63652,2,3.5,5,7,Normal
INDUS,Sukkar,06-Oct-24,06:00 Hrs,198,53310,188.5,11580,2,3.5,5,7,Normal
INDUS,Kotri,06-Oct-24,06:00 Hrs,69.4,33128,46.7,6843,2.5,4,5,6.5,Normal
JHELUM,Kotli,06-Oct-24,06:00 Hrs,-,-,7.6,2730,-,-,-,-,-
JHELUM,Rasul,06-Oct-24,06:00 Hrs,719,36833,697,15800,0.75,1.1,1.5,2.25,Normal
CHENAB,Marala,06-Oct-24,06:00 Hrs,812,23044,794.1,3500,1,1.5,2,4,Normal
CHENAB,Khanki,06-Oct-24,06:00 Hrs,732.5,9286,717.7,1821,1,1.5,2,4,Normal
CHENAB,Qadirabad,06-Oct-24,06:00 Hrs,700,18532,683,-,1,1.5,2,4,Normal
CHENAB,Trimmu,06-Oct-24,06:00 Hrs,490.5,23704,480.1,8204,1.5,2,3,4.5,Normal
CHENAB,Punjnad,06-Oct-24,06:00 Hrs,338,14100,323.2,-,1.5,2,3,4.5,Normal
RAVI,Jassar,06-Oct-24,06:00 Hrs,-,-,776.1,2382,0.5,0.75,1,1.5,Normal
RAVI,Shahdara,06-Oct-24,06:00 Hrs,-,-,671.9,9230,0.4,0.65,0.9,1.35,Normal
RAVI,Balloki,06-Oct-24,06:00 Hrs,618,32200,617.8,4700,0.4,0.65,0.9,1.35,Normal
RAVI,Sidhnai,06-Oct-24,06:00 Hrs,467,17961,452.8,661,0.3,0.45,0.6,0.9,Normal
SUTLEJ,Bhakara**,06-Oct-24,06:00 Hrs,,-,-,-,-,-,-,-,-
SUTLEJ,Sulemanki,06-Oct-24,06:00 Hrs,569,15044,558.8,2640,0.5,0.8,1.2,1.75,Normal
SUTLEJ,Islam,06-Oct-24,06:00 Hrs,455,2178,435.2,628,0.5,0.8,1.2,1.75,Normal
INDUS,khairabad,06-Oct-24,12:00 Hrs,-,-,3,64700,2.25,3.75,5,6.5,Normal
INDUS,Kalabagh,06-Oct-24,12:00 Hrs,693,75837,677.4,68763,2.5,3.75,5,6.5,Normal
INDUS,Chashma,06-Oct-24,12:00 Hrs,645.9,90626,608.8,85026,2.5,3.75,5,6.5,Normal
INDUS,Taunsa,06-Oct-24,12:00 Hrs,446,90873,426.6,74698,2.5,3.75,5,6.5,Normal
INDUS,Guddu,06-Oct-24,12:00 Hrs,254.5,75481,247.2,61469,2,3.5,5,7,Normal
INDUS,Sukkar,06-Oct-24,12:00 Hrs,198,53310,188.5,11580,2,3.5,5,7,Normal
INDUS,Kotri,06-Oct-24,12:00 Hrs,69.4,30308,45.8,3963,2.5,4,5,6.5,Normal
JHELUM,Kotli,06-Oct-24,12:00 Hrs,-,-,7.7,2950,-,-,-,-,-
JHELUM,Rasul,06-Oct-24,12:00 Hrs,719,40338,697.3,19705,0.75,1.1,1.5,2.25,Normal
CHENAB,Marala,06-Oct-24,12:00 Hrs,812,22678,794.1,3500,1,1.5,2,4,Normal
CHENAB,Khanki,06-Oct-24,12:00 Hrs,732.5,9286,717.7,1821,1,1.5,2,4,Normal
CHENAB,Qadirabad,06-Oct-24,12:00 Hrs,700,18532,683,-,1,1.5,2,4,Normal
CHENAB,Trimmu,06-Oct-24,12:00 Hrs,490.5,23704,480.1,8204,1.5,2,3,4.5,Normal
CHENAB,Punjnad,06-Oct-24,12:00 Hrs,338,14500,323.2,-,1.5,2,3,4.5,Normal
RAVI,Jassar,06-Oct-24,12:00 Hrs,-,-,776.1,2382,0.5,0.75,1,1.5,Normal
RAVI,Shahdara,06-Oct-24,12:00 Hrs,-,-,671.9,9240,0.4,0.65,0.9,1.35,Normal
RAVI,Balloki,06-Oct-24,12:00 Hrs,618,32400,617.8,4700,0.4,0.65,0.9,1.35,Normal
RAVI,Sidhnai,06-Oct-24,12:00 Hrs,467,17300,452,661,0.3,0.45,0.6,0.9,Normal
SUTLEJ,Bhakara**,06-Oct-24,12:00 Hrs,,-,-,-,-,-,-,-,-
SUTLEJ,Sulemanki,06-Oct-24,12:00 Hrs,569,15044,558.8,2640,0.5,0.8,1.2,1.75,Normal
SUTLEJ,Islam,06-Oct-24,12:00 Hrs,455,2178,435.2,628,0.5,0.8,1.2,1.75,Normal
INDUS,khairabad,06-Oct-24,18:00 Hrs,-,-,0.8,37200,2.25,3.75,5,6.5,Normal
INDUS,Kalabagh,06-Oct-24,18:00 Hrs,693,83151,677.5,76077,2.5,3.75,5,6.5,Normal
INDUS,Chashma,06-Oct-24,18:00 Hrs,645.9,91031,608.8,85431,2.5,3.75,5,6.5,Normal
INDUS,Taunsa,06-Oct-24,18:00 Hrs,446,92304,426.6,75874,2.5,3.75,5,6.5,Normal
INDUS,Guddu,06-Oct-24,18:00 Hrs,254.5,73044,247.2,61469,2,3.5,5,7,Normal
INDUS,Sukkar,06-Oct-24,18:00 Hrs,198,53310,188.5,11580,2,3.5,5,7,Normal
INDUS,Kotri,06-Oct-24,18:00 Hrs,69.4,30308,45.8,3963,2.5,4,5,6.5,Normal
JHELUM,Kotli,06-Oct-24,18:00 Hrs,-,-,7.6,2730,-,-,-,-,-
JHELUM,Rasul,06-Oct-24,18:00 Hrs,719,36433,697,15800,0.75,1.1,1.5,2.25,Normal
CHENAB,Marala,06-Oct-24,18:00 Hrs,812,23793,794.1,3500,1,1.5,2,4,Normal
CHENAB,Khanki,06-Oct-24,18:00 Hrs,732.5,9286,717.7,1821,1,1.5,2,4,Normal
CHENAB,Qadirabad,06-Oct-24,18:00 Hrs,700,18532,683,-,1,1.5,2,4,Normal
CHENAB,Trimmu,06-Oct-24,18:00 Hrs,490.5,23704,480.1,8204,1.5,2,3,4.5,Normal
CHENAB,Punjnad,06-Oct-24,18:00 Hrs,338,14800,323.2,-,1.5,2,3,4.5,Normal
RAVI,Jassar,06-Oct-24,18:00 Hrs,-,-,776.1,2382,0.5,0.75,1,1.5,Normal
RAVI,Shahdara,06-Oct-24,18:00 Hrs,-,-,671.9,9240,0.4,0.65,0.9,1.35,Normal
RAVI,Balloki,06-Oct-24,18:00 Hrs,618,32400,617.8,4700,0.4,0.65,0.9,1.35,Normal
RAVI,Sidhnai,06-Oct-24,18:00 Hrs,467,16900,452,-,0.3,0.45,0.6,0.9,Normal
SUTLEJ,Bhakara**,06-Oct-24,18:00 Hrs,,-,-,-,-,-,-,-,-
SUTLEJ,Sulemanki,06-Oct-24,18:00 Hrs,569,16066,559,3464,0.5,0.8,1.2,1.75,Normal
SUTLEJ,Islam,06-Oct-24,18:00 Hrs,455,2178,435.2,628,0.5,0.8,1.2,1.75,Normal
INDUS,khairabad,06-Oct-24,23:59 Hrs,-,-,0.2,41200,2.25,3.75,5,6.5,Normal
INDUS,Kalabagh,06-Oct-24,23:59 Hrs,693,89425,677.7,82351,2.5,3.75,5,6.5,Normal
INDUS,Chashma,06-Oct-24,23:59 Hrs,645.9,90360,608.8,84960,2.5,3.75,5,6.5,Normal
INDUS,Taunsa,06-Oct-24,23:59 Hrs,446,92304,426.6,75874,2.5,3.75,5,6.5,Normal
INDUS,Guddu,06-Oct-24,23:59 Hrs,254.5,73044,247.2,61469,2,3.5,5,7,Normal
INDUS,Sukkar,06-Oct-24,23:59 Hrs,198,53310,188.5,11580,2,3.5,5,7,Normal
INDUS,Kotri,06-Oct-24,23:59 Hrs,69.4,30308,45.8,3963,2.5,4,5,6.5,Normal
JHELUM,Kotli,06-Oct-24,23:59 Hrs,-,-,7.6,2730,-,-,-,-,-
JHELUM,Rasul,06-Oct-24,23:59 Hrs,719,40538,697.3,19705,0.75,1.1,1.5,2.25,Normal
CHENAB,Marala,06-Oct-24,23:59 Hrs,812,23793,794.1,3500,1,1.5,2,4,Normal
CHENAB,Khanki,06-Oct-24,23:59 Hrs,732.5,9286,717.7,1821,1,1.5,2,4,Normal
CHENAB,Qadirabad,06-Oct-24,23:59 Hrs,700,18532,683,-,1,1.5,2,4,Normal
CHENAB,Trimmu,06-Oct-24,23:59 Hrs,490.5,22813,480,7213,1.5,2,3,4.5,Normal
CHENAB,Punjnad,06-Oct-24,23:59 Hrs,338,14800,323.2,-,1.5,2,3,4.5,Normal
RAVI,Jassar,06-Oct-24,23:59 Hrs,-,-,776.1,2382,0.5,0.75,1,1.5,Normal
RAVI,Shahdara,06-Oct-24,23:59 Hrs,-,-,671.9,9240,0.4,0.65,0.9,1.35,Normal
RAVI,Balloki,06-Oct-24,23:59 Hrs,618,32400,617.8,4700,0.4,0.65,0.9,1.35,Normal
RAVI,Sidhnai,06-Oct-24,23:59 Hrs,467,16900,452,-,0.3,0.45,0.6,0.9,Normal
SUTLEJ,Bhakara**,06-Oct-24,23:59 Hrs,,-,-,-,-,-,-,-,-
SUTLEJ,Sulemanki,06-Oct-24,23:59 Hrs,569,16066,559,3464,0.5,0.8,1.2,1.75,Normal
SUTLEJ,Islam,06-Oct-24,23:59 Hrs,455,2178,435.2,628,0.5,0.8,1.2,1.75,Normal
INDUS,khairabad,07-Oct-24,06:00 Hrs,-,-,3.6,69500,2.25,3.75,5,6.5,Normal
INDUS,Kalabagh,07-Oct-24,06:00 Hrs,693,101227,678,94153,2.5,3.75,5,6.5,Normal
INDUS,Chashma,07-Oct-24,06:00 Hrs,645.9,90783,608.8,85383,2.5,3.75,5,6.5,Normal
INDUS,Taunsa,07-Oct-24,06:00 Hrs,446,92304,426.6,75874,2.5,3.75,5,6.5,Normal
INDUS,Guddu,07-Oct-24,06:00 Hrs,254.5,72489,247.2,61679,2,3.5,5,7,Normal
INDUS,Sukkar,07-Oct-24,06:00 Hrs,198,51115,188.4,11095,2,3.5,5,7,Normal
INDUS,Kotri,07-Oct-24,06:00 Hrs,69,28820,45.2,3155,2.5,4,5,6.5,Normal
JHELUM,Kotli,07-Oct-24,06:00 Hrs,-,-,7.5,2520,-,-,-,-,-
JHELUM,Rasul,07-Oct-24,06:00 Hrs,719,36633,697,15800,0.75,1.1,1.5,2.25,Normal
CHENAB,Marala,07-Oct-24,06:00 Hrs,812,23044,794.1,3500,1,1.5,2,4,Normal
CHENAB,Khanki,07-Oct-24,06:00 Hrs,732.5,8398,717.7,933,1,1.5,2,4,Normal
CHENAB,Qadirabad,07-Oct-24,06:00 Hrs,700,18532,683,-,1,1.5,2,4,Normal
CHENAB,Trimmu,07-Oct-24,06:00 Hrs,490.5,22813,480,7213,1.5,2,3,4.5,Normal
CHENAB,Punjnad,07-Oct-24,06:00 Hrs,338,14800,323.2,-,1.5,2,3,4.5,Normal
RAVI,Jassar,07-Oct-24,06:00 Hrs,-,-,776.1,2382,0.5,0.75,1,1.5,Normal
RAVI,Shahdara,07-Oct-24,06:00 Hrs,-,-,671.9,9240,0.4,0.65,0.9,1.35,Normal
RAVI,Balloki,07-Oct-24,06:00 Hrs,618,32400,617.8,4700,0.4,0.65,0.9,1.35,Normal
RAVI,Sidhnai,07-Oct-24,06:00 Hrs,467,16900,452,-,0.3,0.45,0.6,0.9,Normal
SUTLEJ,Bhakara**,07-Oct-24,06:00 Hrs,,-,-,-,-,-,-,-,-
SUTLEJ,Sulemanki,07-Oct-24,06:00 Hrs,569,16066,559,3464,0.5,0.8,1.2,1.75,Normal
SUTLEJ,Islam,07-Oct-24,06:00 Hrs,455,2178,435.2,628,0.5,0.8,1.2,1.75,Normal
INDUS,khairabad,07-Oct-24,12:00 Hrs,-,-,1,49600,2.25,3.75,5,6.5,Normal
INDUS,Kalabagh,07-Oct-24,12:00 Hrs,693,76720,677.4,69630,2.5,3.75,5,6.5,Normal
INDUS,Chashma,07-Oct-24,12:00 Hrs,645.9,90952,608.6,85552,2.5,3.75,5,6.5,Normal
INDUS,Taunsa,07-Oct-24,12:00 Hrs,446,92304,426.6,75874,2.5,3.75,5,6.5,Normal
INDUS,Guddu,07-Oct-24,12:00 Hrs,254.5,71389,247.2,61679,2,3.5,5,7,Normal
INDUS,Sukkar,07-Oct-24,12:00 Hrs,198,51115,188.4,11095,2,3.5,5,7,Normal
INDUS,Kotri,07-Oct-24,12:00 Hrs,69,28820,45.2,3155,2.5,4,5,6.5,Normal
JHELUM,Kotli,07-Oct-24,12:00 Hrs,-,-,7.6,2730,-,-,-,-,-
JHELUM,Rasul,07-Oct-24,12:00 Hrs,719,36633,697,15800,0.75,1.1,1.5,2.25,Normal
CHENAB,Marala,07-Oct-24,12:00 Hrs,812,21964,794.1,3500,1,1.5,2,4,Normal
CHENAB,Khanki,07-Oct-24,12:00 Hrs,732.5,10146,718.1,2754,1,1.5,2,4,Normal
CHENAB,Qadirabad,07-Oct-24,12:00 Hrs,700,18532,683,-,1,1.5,2,4,Normal
CHENAB,Trimmu,07-Oct-24,12:00 Hrs,490.5,22813,480,7213,1.5,2,3,4.5,Normal
CHENAB,Punjnad,07-Oct-24,12:00 Hrs,338,15050,323.2,-,1.5,2,3,4.5,Normal
RAVI,Jassar,07-Oct-24,12:00 Hrs,-,-,776.1,2382,0.5,0.75,1,1.5,Normal
RAVI,Shahdara,07-Oct-24,12:00 Hrs,-,-,671.9,9240,0.4,0.65,0.9,1.35,Normal
RAVI,Balloki,07-Oct-24,12:00 Hrs,618,32400,617.8,4700,0.4,0.65,0.9,1.35,Normal
RAVI,Sidhnai,07-Oct-24,12:00 Hrs,467,16400,452,-,0.3,0.45,0.6,0.9,Normal
SUTLEJ,Bhakara**,07-Oct-24,12:00 Hrs,-,-,-,-,-,-,-,-,-
SUTLEJ,Sulemanki,07-Oct-24,12:00 Hrs,569,16066,559,3464,0.5,0.8,1.2,1.75,Normal
SUTLEJ,Islam,07-Oct-24,12:00 Hrs,455,2178,435.2,628,0.5,0.8,1.2,1.75,Normal
INDUS,khairabad,07-Oct-24,18:00 Hrs,-,-,0.9,36500,2.25,3.75,5,6.5,Normal
INDUS,Kalabagh,07-Oct-24,18:00 Hrs,693,71530,677.3,64440,2.5,3.75,5,6.5,Normal
INDUS,Chashma,07-Oct-24,18:00 Hrs,645.9,90237,608.6,84987,2.5,3.75,5,6.5,Normal
INDUS,Taunsa,07-Oct-24,18:00 Hrs,446,92304,426.6,75874,2.5,3.75,5,6.5,Normal
INDUS,Guddu,07-Oct-24,18:00 Hrs,254.5,71389,247.2,61679,2,3.5,5,7,Normal
INDUS,Sukkar,07-Oct-24,18:00 Hrs,198,51115,188.4,11095,2,3.5,5,7,Normal
INDUS,Kotri,07-Oct-24,18:00 Hrs,69,26343,44.3,1578,2.5,4,5,6.5,Normal
JHELUM,Kotli,07-Oct-24,18:00 Hrs,-,-,7.6,2730,-,-,-,-,-
JHELUM,Rasul,07-Oct-24,18:00 Hrs,719,40538,697.3,19705,0.75,1.1,1.5,2.25,Normal
CHENAB,Marala,07-Oct-24,18:00 Hrs,812,21964,794.1,3500,1,1.5,2,4,Normal
CHENAB,Khanki,07-Oct-24,18:00 Hrs,732.5,9164,717.7,1821,1,1.5,2,4,Normal
CHENAB,Qadirabad,07-Oct-24,18:00 Hrs,700,19525,683,-,1,1.5,2,4,Normal
CHENAB,Trimmu,07-Oct-24,18:00 Hrs,490.5,22963,480,7213,1.5,2,3,4.5,Normal
CHENAB,Punjnad,07-Oct-24,18:00 Hrs,338,15050,323.2,-,1.5,2,3,4.5,Normal
RAVI,Jassar,07-Oct-24,18:00 Hrs,-,-,776.1,2382,0.5,0.75,1,1.5,Normal
RAVI,Shahdara,07-Oct-24,18:00 Hrs,-,-,671.4,7586,0.4,0.65,0.9,1.35,Normal
RAVI,Balloki,07-Oct-24,18:00 Hrs,618,32400,617.8,4700,0.4,0.65,0.9,1.35,Normal
RAVI,Sidhnai,07-Oct-24,18:00 Hrs,467,16450,452,-,0.3,0.45,0.6,0.9,Normal
SUTLEJ,Bhakara**,07-Oct-24,18:00 Hrs,-,-,-,-,-,-,-,-,-
SUTLEJ,Sulemanki,07-Oct-24,18:00 Hrs,569,16123,559,3464,0.5,0.8,1.2,1.75,Normal
SUTLEJ,Islam,07-Oct-24,18:00 Hrs,455,2178,435.2,628,0.5,0.8,1.2,1.75,Normal
INDUS,khairabad,07-Oct-24,23:59 Hrs,-,-,-1.6,32100,2.25,3.75,5,6.5,Normal
INDUS,Kalabagh,07-Oct-24,23:59 Hrs,693,89019,677.5,76945,2.5,3.75,5,6.5,Normal
INDUS,Chashma,07-Oct-24,23:59 Hrs,645.8,90254,608.6,85054,2.5,3.75,5,6.5,Normal
INDUS,Taunsa,07-Oct-24,23:59 Hrs,446,89571,426.5,73627,2.5,3.75,5,6.5,Normal
INDUS,Guddu,07-Oct-24,23:59 Hrs,254.5,71389,247.2,61679,2,3.5,5,7,Normal
INDUS,Sukkar,07-Oct-24,23:59 Hrs,198,51115,188.4,11095,2,3.5,5,7,Normal
INDUS,Kotri,07-Oct-24,23:59 Hrs,69,26343,44.3,1578,2.5,4,5,6.5,Normal
JHELUM,Kotli,07-Oct-24,23:59 Hrs,-,-,7.5,2520,-,-,-,-,-
JHELUM,Rasul,07-Oct-24,23:59 Hrs,719,36633,697,15800,0.75,1.1,1.5,2.25,Normal
CHENAB,Marala,07-Oct-24,23:59 Hrs,812,19964,794.1,3500,1,1.5,2,4,Normal
CHENAB,Khanki,07-Oct-24,23:59 Hrs,732.5,9164,717.7,1821,1,1.5,2,4,Normal
CHENAB,Qadirabad,07-Oct-24,23:59 Hrs,700,19525,683,-,1,1.5,2,4,Normal
CHENAB,Trimmu,07-Oct-24,23:59 Hrs,490.5,22963,480,7213,1.5,2,3,4.5,Normal
CHENAB,Punjnad,07-Oct-24,23:59 Hrs,338,14650,323.2,-,1.5,2,3,4.5,Normal
RAVI,Jassar,07-Oct-24,23:59 Hrs,-,-,776.1,2382,0.5,0.75,1,1.5,Normal
RAVI,Shahdara,07-Oct-24,23:59 Hrs,-,-,671.6,8249,0.4,0.65,0.9,1.35,Normal
RAVI,Balloki,07-Oct-24,23:59 Hrs,633.5,33280,618.5,5580,0.4,0.65,0.9,1.35,Normal
RAVI,Sidhnai,07-Oct-24,23:59 Hrs,467,16600,452,-,0.3,0.45,0.6,0.9,Normal
SUTLEJ,Bhakara**,07-Oct-24,23:59 Hrs,-,-,-,-,-,-,-,-,-
SUTLEJ,Sulemanki,07-Oct-24,23:59 Hrs,569,16123,559,3464,0.5,0.8,1.2,1.75,Normal
SUTLEJ,Islam,07-Oct-24,23:59 Hrs,455,2827,436.8,1277,0.5,0.8,1.2,1.75,Normal
INDUS,khairabad,08-Oct-24,06:00 Hrs,-,-,1.5,53200,2.25,3.75,5,6.5,Normal
INDUS,Kalabagh,08-Oct-24,06:00 Hrs,693,90581,677.7,83507,2.5,3.75,5,6.5,Normal
INDUS,Chashma,08-Oct-24,06:00 Hrs,645.7,89915,608.6,84715,2.5,3.75,5,6.5,Normal
INDUS,Taunsa,08-Oct-24,06:00 Hrs,446,81360,426.3,69075,2.5,3.75,5,6.5,Normal
INDUS,Guddu,08-Oct-24,06:00 Hrs,254.5,71791,247.3,63081,2,3.5,5,7,Normal
INDUS,Sukkar,08-Oct-24,06:00 Hrs,198,51075,188.4,11095,2,3.5,5,7,Normal
INDUS,Kotri,08-Oct-24,06:00 Hrs,69,26079,43.7,914,2.5,4,5,6.5,Normal
JHELUM,Kotli,08-Oct-24,06:00 Hrs,-,-,7.6,2730,-,-,-,-,-
JHELUM,Rasul,08-Oct-24,06:00 Hrs,719,36633,697,15800,0.75,1.1,1.5,2.25,Normal
CHENAB,Marala,08-Oct-24,06:00 Hrs,812,19653,794.1,3500,1,1.5,2,4,Normal
CHENAB,Khanki,08-Oct-24,06:00 Hrs,732.5,8276,717.7,933,1,1.5,2,4,Normal
CHENAB,Qadirabad,08-Oct-24,06:00 Hrs,700,19525,683,-,1,1.5,2,4,Normal
CHENAB,Trimmu,08-Oct-24,06:00 Hrs,490.5,22963,480,7213,1.5,2,3,4.5,Normal
CHENAB,Punjnad,08-Oct-24,06:00 Hrs,338,13450,323.2,-,1.5,2,3,4.5,Normal
RAVI,Jassar,08-Oct-24,06:00 Hrs,-,-,776.1,2382,0.5,0.75,1,1.5,Normal
RAVI,Shahdara,08-Oct-24,06:00 Hrs,-,-,671.6,8249,0.4,0.65,0.9,1.35,Normal
RAVI,Balloki,08-Oct-24,06:00 Hrs,633.5,31525,617.9,3825,0.4,0.65,0.9,1.35,Normal
RAVI,Sidhnai,08-Oct-24,06:00 Hrs,467,16600,452,-,0.3,0.45,0.6,0.9,Normal
SUTLEJ,Bhakara**,08-Oct-24,06:00 Hrs,-,-,-,-,-,-,-,-,-
SUTLEJ,Sulemanki,08-Oct-24,06:00 Hrs,569,16123,559,3464,0.5,0.8,1.2,1.75,Normal
SUTLEJ,Islam,08-Oct-24,06:00 Hrs,455,2827,436.8,1277,0.5,0.8,1.2,1.75,Normal
INDUS,khairabad,08-Oct-24,12:00 Hrs,-,-,1,49600,2.25,3.75,5,6.5,Normal
INDUS,Kalabagh,08-Oct-24,12:00 Hrs,693,90581,677.5,83507,2.5,3.75,5,6.5,Normal
INDUS,Chashma,08-Oct-24,12:00 Hrs,645.6,89867,608.6,84667,2.5,3.75,5,6.5,Normal
INDUS,Taunsa,08-Oct-24,12:00 Hrs,446,81360,426.3,69075,2.5,3.75,5,6.5,Normal
INDUS,Guddu,08-Oct-24,12:00 Hrs,254.5,71292,247.3,63081,2,3.5,5,7,Normal
INDUS,Sukkar,08-Oct-24,12:00 Hrs,198,51075,188.4,11095,2,3.5,5,7,Normal
INDUS,Kotri,08-Oct-24,12:00 Hrs,69,26079,43.7,914,2.5,4,5,6.5,Normal
JHELUM,Kotli,08-Oct-24,12:00 Hrs,-,-,7.5,2520,-,-,-,-,-
JHELUM,Rasul,08-Oct-24,12:00 Hrs,719,36633,697,15800,0.75,1.1,1.5,2.25,Normal
CHENAB,Marala,08-Oct-24,12:00 Hrs,812,18468,794.1,3500,1,1.5,2,4,Normal
CHENAB,Khanki,08-Oct-24,12:00 Hrs,732.5,8276,717.7,933,1,1.5,2,4,Normal
CHENAB,Qadirabad,08-Oct-24,12:00 Hrs,700,19525,683,-,1,1.5,2,4,Normal
CHENAB,Trimmu,08-Oct-24,12:00 Hrs,490.5,22963,480,7213,1.5,2,3,4.5,Normal
CHENAB,Punjnad,08-Oct-24,12:00 Hrs,338,13400,323.2,-,1.5,2,3,4.5,Normal
RAVI,Jassar,08-Oct-24,12:00 Hrs,-,-,776.1,2382,0.5,0.75,1,1.5,Normal
RAVI,Shahdara,08-Oct-24,12:00 Hrs,-,-,671.6,8249,0.4,0.65,0.9,1.35,Normal
RAVI,Balloki,08-Oct-24,12:00 Hrs,633.5,31525,617.9,3825,0.4,0.65,0.9,1.35,Normal
RAVI,Sidhnai,08-Oct-24,12:00 Hrs,467,16600,452,-,0.3,0.45,0.6,0.9,Normal
SUTLEJ,Bhakara**,08-Oct-24,12:00 Hrs,-,-,-,-,-,-,-,-,-
SUTLEJ,Sulemanki,08-Oct-24,12:00 Hrs,569,16123,559,3464,0.5,0.8,1.2,1.75,Normal
SUTLEJ,Islam,08-Oct-24,12:00 Hrs,455,2827,436.8,1277,0.5,0.8,1.2,1.75,Normal
INDUS,khairabad,08-Oct-24,18:00 Hrs,-,-,0.6,38500,2.25,3.75,5,6.5,Normal
INDUS,Kalabagh,08-Oct-24,18:00 Hrs,693,82861,677.5,75787,2.5,3.75,5,6.5,Normal
INDUS,Chashma,08-Oct-24,18:00 Hrs,645.5,90321,608.6,85121,2.5,3.75,5,6.5,Normal
INDUS,Taunsa,08-Oct-24,18:00 Hrs,446,81360,426.3,69075,2.5,3.75,5,6.5,Normal
INDUS,Guddu,08-Oct-24,18:00 Hrs,254.5,71292,247.3,63081,2,3.5,5,7,Normal
INDUS,Sukkar,08-Oct-24,18:00 Hrs,198,51075,188.4,11095,2,3.5,5,7,Normal
INDUS,Kotri,08-Oct-24,18:00 Hrs,69,26079,43.7,914,2.5,4,5,6.5,Normal
JHELUM,Kotli,08-Oct-24,18:00 Hrs,-,-,7.5,2520,-,-,-,-,-
JHELUM,Rasul,08-Oct-24,18:00 Hrs,719,36633,697,15800,0.75,1.1,1.5,2.25,Normal
CHENAB,Marala,08-Oct-24,18:00 Hrs,812,17779,794.1,3500,1,1.5,2,4,Normal
CHENAB,Khanki,08-Oct-24,18:00 Hrs,732.5,9165,717.7,1821,1,1.5,2,4,Normal
CHENAB,Qadirabad,08-Oct-24,18:00 Hrs,700,18532,683,-,1,1.5,2,4,Normal
CHENAB,Trimmu,08-Oct-24,18:00 Hrs,490.5,22963,480,7213,1.5,2,3,4.5,Normal
CHENAB,Punjnad,08-Oct-24,18:00 Hrs,338,14100,323.2,-,1.5,2,3,4.5,Normal
RAVI,Jassar,08-Oct-24,18:00 Hrs,-,-,776.1,2382,0.5,0.75,1,1.5,Normal
RAVI,Shahdara,08-Oct-24,18:00 Hrs,-,-,671.6,8249,0.4,0.65,0.9,1.35,Normal
RAVI,Balloki,08-Oct-24,18:00 Hrs,633.5,31525,617.9,3825,0.4,0.65,0.9,1.35,Normal
RAVI,Sidhnai,08-Oct-24,18:00 Hrs,467,16845,452,3950,0.3,0.45,0.6,0.9,Normal
SUTLEJ,Bhakara**,08-Oct-24,18:00 Hrs,-,-,-,-,-,-,-,-,-
SUTLEJ,Sulemanki,08-Oct-24,18:00 Hrs,569,15309,558.6,2650,0.5,0.8,1.2,1.75,Normal
SUTLEJ,Islam,08-Oct-24,18:00 Hrs,455,2827,436.8,1277,0.5,0.8,1.2,1.75,Normal
INDUS,khairabad,08-Oct-24,23:59 Hrs,-,-,-1.6,32100,2.25,3.75,5,6.5,Normal
INDUS,Kalabagh,08-Oct-24,23:59 Hrs,693,75546,677.4,68472,2.5,3.75,5,6.5,Normal
INDUS,Chashma,08-Oct-24,23:59 Hrs,645.5,90226,608.6,85026,2.5,3.75,5,6.5,Normal
INDUS,Taunsa,08-Oct-24,23:59 Hrs,446,81360,426.3,69075,2.5,3.75,5,6.5,Normal
INDUS,Guddu,08-Oct-24,23:59 Hrs,254.5,71292,247.3,63081,2,3.5,5,7,Normal
INDUS,Sukkar,08-Oct-24,23:59 Hrs,198,51075,188.4,11095,2,3.5,5,7,Normal
INDUS,Kotri,08-Oct-24,23:59 Hrs,69,26079,43.7,914,2.5,4,5,6.5,Normal
JHELUM,Kotli,08-Oct-24,23:59 Hrs,-,-,7.4,2320,-,-,-,-,-
JHELUM,Rasul,08-Oct-24,23:59 Hrs,719,36633,697,15800,0.75,1.1,1.5,2.25,Normal
CHENAB,Marala,08-Oct-24,23:59 Hrs,811,16762,794.1,3500,1,1.5,2,4,Normal
CHENAB,Khanki,08-Oct-24,23:59 Hrs,732.5,8276,717.7,933,1,1.5,2,4,Normal
CHENAB,Qadirabad,08-Oct-24,23:59 Hrs,700,18532,683,-,1,1.5,2,4,Normal
CHENAB,Trimmu,08-Oct-24,23:59 Hrs,490.5,22963,480,7213,1.5,2,3,4.5,Normal
CHENAB,Punjnad,08-Oct-24,23:59 Hrs,338,14100,323.2,-,1.5,2,3,4.5,Normal
RAVI,Jassar,08-Oct-24,23:59 Hrs,-,-,776.1,2382,0.5,0.75,1,1.5,Normal
RAVI,Shahdara,08-Oct-24,23:59 Hrs,-,-,671.4,7586,0.4,0.65,0.9,1.35,Normal
RAVI,Balloki,08-Oct-24,23:59 Hrs,633.5,31525,617.9,3825,0.4,0.65,0.9,1.35,Normal
RAVI,Sidhnai,08-Oct-24,23:59 Hrs,467,17350,452,-,0.3,0.45,0.6,0.9,Normal
SUTLEJ,Bhakara**,08-Oct-24,23:59 Hrs,-,-,-,-,-,-,-,-,-
SUTLEJ,Sulemanki,08-Oct-24,23:59 Hrs,569,15309,558.6,2650,0.5,0.8,1.2,1.75,Normal
SUTLEJ,Islam,08-Oct-24,23:59 Hrs,455,2827,436.8,1277,0.5,0.8,1.2,1.75,Normal
INDUS,khairabad,09-Oct-24,06:00 Hrs,-,-,2,57000,2.25,3.75,5,6.5,Normal
INDUS,Kalabagh,09-Oct-24,06:00 Hrs,693,76373,677.4,69298,2.5,3.75,5,6.5,Normal
INDUS,Chashma,09-Oct-24,06:00 Hrs,645.3,90377,608.6,85177,2.5,3.75,5,6.5,Normal
INDUS,Taunsa,09-Oct-24,06:00 Hrs,446,81360,426.3,69075,2.5,3.75,5,6.5,Normal
INDUS,Guddu,09-Oct-24,06:00 Hrs,254.5,71292,247.3,63081,2,3.5,5,7,Normal
INDUS,Sukkar,09-Oct-24,06:00 Hrs,198.2,55050,189,15490,2,3.5,5,7,Normal
INDUS,Kotri,09-Oct-24,06:00 Hrs,69,26079,43.7,914,2.5,4,5,6.5,Normal
JHELUM,Kotli,09-Oct-24,06:00 Hrs,-,-,7.5,2520,-,-,-,-,-
JHELUM,Rasul,09-Oct-24,06:00 Hrs,719,36633,697,15800,0.75,1.1,1.5,2.25,Normal
CHENAB,Marala,09-Oct-24,06:00 Hrs,811,16762,794.1,3500,1,1.5,2,4,Normal
CHENAB,Khanki,09-Oct-24,06:00 Hrs,732.5,8276,717.7,933,1,1.5,2,4,Normal
CHENAB,Qadirabad,09-Oct-24,06:00 Hrs,700,18532,683,-,1,1.5,2,4,Normal
CHENAB,Trimmu,09-Oct-24,06:00 Hrs,490.5,22963,480,7213,1.5,2,3,4.5,Normal
CHENAB,Punjnad,09-Oct-24,06:00 Hrs,338,14100,323.2,-,1.5,2,3,4.5,Normal
RAVI,Jassar,09-Oct-24,06:00 Hrs,-,-,776.1,2382,0.5,0.75,1,1.5,Normal
RAVI,Shahdara,09-Oct-24,06:00 Hrs,-,-,671.4,7586,0.4,0.65,0.9,1.35,Normal
RAVI,Balloki,09-Oct-24,06:00 Hrs,633.5,31525,617.9,3825,0.4,0.65,0.9,1.35,Normal
RAVI,Sidhnai,09-Oct-24,06:00 Hrs,467,17350,452,-,0.3,0.45,0.6,0.9,Normal
SUTLEJ,Bhakara**,09-Oct-24,06:00 Hrs,-,-,-,-,-,-,-,-,-
SUTLEJ,Sulemanki,09-Oct-24,06:00 Hrs,569,15309,558.6,2650,0.5,0.8,1.2,1.75,Normal
SUTLEJ,Islam,09-Oct-24,06:00 Hrs,455,2827,436.8,1277,0.5,0.8,1.2,1.75,Normal
INDUS,khairabad,09-Oct-24,12:00 Hrs,-,-,1,49600,2.25,3.75,5,6.5,Normal
INDUS,Kalabagh,09-Oct-24,12:00 Hrs,693,83688,677.5,76614,2.5,3.75,5,6.5,Normal
INDUS,Chashma,09-Oct-24,12:00 Hrs,645,90126,608.9,84926,2.5,3.75,5,6.5,Normal
INDUS,Taunsa,09-Oct-24,12:00 Hrs,445.8,82249,426.3,69829,2.5,3.75,5,6.5,Normal
INDUS,Guddu,09-Oct-24,12:00 Hrs,254.5,71292,247.3,63081,2,3.5,5,7,Normal
INDUS,Sukkar,09-Oct-24,12:00 Hrs,198.2,55050,189,15490,2,3.5,5,7,Normal
INDUS,Kotri,09-Oct-24,12:00 Hrs,69,26079,43.7,914,2.5,4,5,6.5,Normal
JHELUM,Kotli,09-Oct-24,12:00 Hrs,-,-,7.6,2730,-,-,-,-,-
JHELUM,Rasul,09-Oct-24,12:00 Hrs,719,36633,697,15800,0.75,1.1,1.5,2.25,Normal
CHENAB,Marala,09-Oct-24,12:00 Hrs,811,16031,794.1,3500,1,1.5,2,4,Normal
CHENAB,Khanki,09-Oct-24,12:00 Hrs,732.5,8276,7174,933,1,1.5,2,4,Normal
CHENAB,Qadirabad,09-Oct-24,12:00 Hrs,700,18532,683,-,1,1.5,2,4,Normal
CHENAB,Trimmu,09-Oct-24,12:00 Hrs,490.5,22963,480,7213,1.5,2,3,4.5,Normal
CHENAB,Punjnad,09-Oct-24,12:00 Hrs,338,14100,323.2,-,1.5,2,3,4.5,Normal
RAVI,Jassar,09-Oct-24,12:00 Hrs,-,-,776.1,2382,0.5,0.75,1,1.5,Normal
RAVI,Shahdara,09-Oct-24,12:00 Hrs,-,-,671.4,7586,0.4,0.65,0.9,1.35,Normal
RAVI,Balloki,09-Oct-24,12:00 Hrs,633.5,31525,617.9,3825,0.4,0.65,0.9,1.35,Normal
RAVI,Sidhnai,09-Oct-24,12:00 Hrs,467,17350,452,-,0.3,0.45,0.6,0.9,Normal
SUTLEJ,Bhakara**,09-Oct-24,12:00 Hrs,-,-,-,-,-,-,-,-,-
SUTLEJ,Sulemanki,09-Oct-24,12:00 Hrs,569,15309,558.6,2650,0.5,0.8,1.2,1.75,Normal
SUTLEJ,Islam,09-Oct-24,12:00 Hrs,455,2827,436.8,1277,0.5,0.8,1.2,1.75,Normal
INDUS,khairabad,09-Oct-24,18:00 Hrs,-,-,0.8,37200,2.25,3.75,5,6.5,Normal
INDUS,Kalabagh,09-Oct-24,18:00 Hrs,693,83688,677.5,76614,2.5,3.75,5,6.5,Normal
INDUS,Chashma,09-Oct-24,18:00 Hrs,645,90113,608.6,84913,2.5,3.75,5,6.5,Normal
INDUS,Taunsa,09-Oct-24,18:00 Hrs,445.5,79035,426.2,67101,2.5,3.75,5,6.5,Normal
INDUS,Guddu,09-Oct-24,18:00 Hrs,254.5,71292,247.3,63081,2,3.5,5,7,Normal
INDUS,Sukkar,09-Oct-24,18:00 Hrs,198.2,55050,189,15490,2,3.5,5,7,Normal
INDUS,Kotri,09-Oct-24,18:00 Hrs,69,25639,43.6,914,2.5,4,5,6.5,Normal
JHELUM,Kotli,09-Oct-24,18:00 Hrs,-,-,7.6,2730,-,-,-,-,-
JHELUM,Rasul,09-Oct-24,18:00 Hrs,719,36638,697,15800,0.75,1.1,1.5,2.25,Normal
CHENAB,Marala,09-Oct-24,18:00 Hrs,811,15531,794.1,3500,1,1.5,2,4,Normal
CHENAB,Khanki,09-Oct-24,18:00 Hrs,732.5,11925,717.7,5325,1,1.5,2,4,Normal
CHENAB,Qadirabad,09-Oct-24,18:00 Hrs,700,18532,683,-,1,1.5,2,4,Normal
CHENAB,Trimmu,09-Oct-24,18:00 Hrs,490.5,22963,480,7213,1.5,2,3,4.5,Normal
CHENAB,Punjnad,09-Oct-24,18:00 Hrs,338,14050,323.2,-,1.5,2,3,4.5,Normal
RAVI,Jassar,09-Oct-24,18:00 Hrs,-,-,776.1,2382,0.5,0.75,1,1.5,Normal
RAVI,Shahdara,09-Oct-24,18:00 Hrs,-,-,671.4,7586,0.4,0.65,0.9,1.35,Normal
RAVI,Balloki,09-Oct-24,18:00 Hrs,633.5,31525,617.9,3825,0.4,0.65,0.9,1.35,Normal
RAVI,Sidhnai,09-Oct-24,18:00 Hrs,467,17112,452,-,0.3,0.45,0.6,0.9,Normal
SUTLEJ,Bhakara**,09-Oct-24,18:00 Hrs,-,-,-,-,-,-,-,-,-
SUTLEJ,Sulemanki,09-Oct-24,18:00 Hrs,569,16124,559,3465,0.5,0.8,1.2,1.75,Normal
SUTLEJ,Islam,09-Oct-24,18:00 Hrs,455,2827,436.8,1277,0.5,0.8,1.2,1.75,Normal
INDUS,khairabad,09-Oct-24,23:59 Hrs,-,-,-0.9,36500,2.25,3.75,5,6.5,Normal
INDUS,Kalabagh,09-Oct-24,23:59 Hrs,693,76373,677.4,69299,2.5,3.75,5,6.5,Normal
INDUS,Chashma,09-Oct-24,23:59 Hrs,644.8,90308,608.9,85108,2.5,3.75,5,6.5,Normal
INDUS,Taunsa,09-Oct-24,23:59 Hrs,445.5,79035,426.2,67101,2.5,3.75,5,6.5,Normal
INDUS,Guddu,09-Oct-24,23:59 Hrs,254.5,71292,247.3,63081,2,3.5,5,7,Normal
INDUS,Sukkar,09-Oct-24,23:59 Hrs,198.2,55050,189,15490,2,3.5,5,7,Normal
INDUS,Kotri,09-Oct-24,23:59 Hrs,69,25639,43.6,914,2.5,4,5,6.5,Normal
JHELUM,Kotli,09-Oct-24,23:59 Hrs,-,-,7.5,2520,-,-,-,-,-
JHELUM,Rasul,09-Oct-24,23:59 Hrs,718.9,32778,696,11895,0.75,1.1,1.5,2.25,Normal
CHENAB,Marala,09-Oct-24,23:59 Hrs,811,15111,794.1,3500,1,1.5,2,4,Normal
CHENAB,Khanki,09-Oct-24,23:59 Hrs,732,8375,717.4,1775,1,1.5,2,4,Normal
CHENAB,Qadirabad,09-Oct-24,23:59 Hrs,700,18765,683,-,1,1.5,2,4,Normal
CHENAB,Trimmu,09-Oct-24,23:59 Hrs,490.5,22963,480,7213,1.5,2,3,4.5,Normal
CHENAB,Punjnad,09-Oct-24,23:59 Hrs,338,14050,323.2,-,1.5,2,3,4.5,Normal
RAVI,Jassar,09-Oct-24,23:59 Hrs,-,-,776.1,2382,0.5,0.75,1,1.5,Normal
RAVI,Shahdara,09-Oct-24,23:59 Hrs,-,-,671.4,7586,0.4,0.65,0.9,1.35,Normal
RAVI,Balloki,09-Oct-24,23:59 Hrs,633.5,31525,617.9,3825,0.4,0.65,0.9,1.35,Normal
RAVI,Sidhnai,09-Oct-24,23:59 Hrs,467,17112,452,-,0.3,0.45,0.6,0.9,Normal
SUTLEJ,Bhakara**,09-Oct-24,23:59 Hrs,-,-,-,-,-,-,-,-,-
SUTLEJ,Sulemanki,09-Oct-24,23:59 Hrs,569,16124,559,3465,0.5,0.8,1.2,1.75,Normal
SUTLEJ,Islam,09-Oct-24,23:59 Hrs,455,2577,436.8,1277,0.5,0.8,1.2,1.75,Normal
INDUS,khairabad,10-Oct-24,06:00 Hrs,-,-,3.1,65500,2.25,3.75,5,6.5,Normal
INDUS,Kalabagh,10-Oct-24,06:00 Hrs,693,91521,677.7,84447,2.5,3.75,5,6.5,Normal
INDUS,Chashma,10-Oct-24,06:00 Hrs,644.5,90047,608.9,84847,2.5,3.75,5,6.5,Normal
INDUS,Taunsa,10-Oct-24,06:00 Hrs,445.5,79035,426.2,67101,2.5,3.75,5,6.5,Normal
INDUS,Guddu,10-Oct-24,06:00 Hrs,254.2,70027,247.3,61753,2,3.5,5,7,Normal
INDUS,Sukkar,10-Oct-24,06:00 Hrs,198.2,55480,189.2,16470,2,3.5,5,7,Normal
INDUS,Kotri,10-Oct-24,06:00 Hrs,69,25639,43.5,914,2.5,4,5,6.5,Normal
JHELUM,Kotli,10-Oct-24,06:00 Hrs,-,-,7.5,2520,-,-,-,-,-
JHELUM,Rasul,10-Oct-24,06:00 Hrs,719,32778,696,11895,0.75,1.1,1.5,2.25,Normal
CHENAB,Marala,10-Oct-24,06:00 Hrs,811,15111,794.1,3500,1,1.5,2,4,Normal
CHENAB,Khanki,10-Oct-24,06:00 Hrs,732.5,7510,717,910,1,1.5,2,4,Normal
CHENAB,Qadirabad,10-Oct-24,06:00 Hrs,700,19525,683,-,1,1.5,2,4,Normal
CHENAB,Trimmu,10-Oct-24,06:00 Hrs,490.5,22963,480,7213,1.5,2,3,4.5,Normal
CHENAB,Punjnad,10-Oct-24,06:00 Hrs,338,14050,323.2,-,1.5,2,3,4.5,Normal
RAVI,Jassar,10-Oct-24,06:00 Hrs,-,-,776.1,2382,0.5,0.75,1,1.5,Normal
RAVI,Shahdara,10-Oct-24,06:00 Hrs,-,-,671.4,7586,0.4,0.65,0.9,1.35,Normal
RAVI,Balloki,10-Oct-24,06:00 Hrs,633.5,30075,617.7,2375,0.4,0.65,0.9,1.35,Normal
RAVI,Sidhnai,10-Oct-24,06:00 Hrs,467,17112,452,-,0.3,0.45,0.6,0.9,Normal
SUTLEJ,Bhakara**,10-Oct-24,06:00 Hrs,-,-,-,-,-,-,-,-,-
SUTLEJ,Sulemanki,10-Oct-24,06:00 Hrs,569,15050,558.4,2545,0.5,0.8,1.2,1.75,Normal
SUTLEJ,Islam,10-Oct-24,06:00 Hrs,455,2577,436.8,1277,0.5,0.8,1.2,1.75,Normal
INDUS,khairabad,10-Oct-24,12:00 Hrs,-,-,0.2,43900,2.25,3.75,5,6.5,Normal
INDUS,Kalabagh,10-Oct-24,12:00 Hrs,693,91521,677.7,84447,2.5,3.75,5,6.5,Normal
INDUS,Chashma,10-Oct-24,12:00 Hrs,644.6,74234,608,67565,2.5,3.75,5,6.5,Normal
INDUS,Taunsa,10-Oct-24,12:00 Hrs,445.5,79035,426.2,67101,2.5,3.75,5,6.5,Normal
INDUS,Guddu,10-Oct-24,12:00 Hrs,254.2,70027,247.3,61753,2,3.5,5,7,Normal
INDUS,Sukkar,10-Oct-24,12:00 Hrs,198.2,55480,189.2,16470,2,3.5,5,7,Normal
INDUS,Kotri,10-Oct-24,12:00 Hrs,69,25639,43.5,914,2.5,4,5,6.5,Normal
JHELUM,Kotli,10-Oct-24,12:00 Hrs,-,-,7.4,2320,-,-,-,-,-
JHELUM,Rasul,10-Oct-24,12:00 Hrs,719,32778,696,11895,0.75,1.1,1.5,2.25,Normal
CHENAB,Marala,10-Oct-24,12:00 Hrs,811,15111,794.1,3500,1,1.5,2,4,Normal
CHENAB,Khanki,10-Oct-24,12:00 Hrs,732.5,7510,717,910,1,1.5,2,4,Normal
CHENAB,Qadirabad,10-Oct-24,12:00 Hrs,700,19525,683,-,1,1.5,2,4,Normal
CHENAB,Trimmu,10-Oct-24,12:00 Hrs,490.5,22213,480,7213,1.5,2,3,4.5,Normal
CHENAB,Punjnad,10-Oct-24,12:00 Hrs,338,14050,323.2,-,1.5,2,3,4.5,Normal
RAVI,Jassar,10-Oct-24,12:00 Hrs,-,-,776.1,2382,0.5,0.75,1,1.5,Normal
RAVI,Shahdara,10-Oct-24,12:00 Hrs,-,-,670.2,3819,0.4,0.65,0.9,1.35,Normal
RAVI,Balloki,10-Oct-24,12:00 Hrs,633.5,30075,617.7,2375,0.4,0.65,0.9,1.35,Normal
RAVI,Sidhnai,10-Oct-24,12:00 Hrs,467,17112,452,-,0.3,0.45,0.6,0.9,Normal
SUTLEJ,Bhakara**,10-Oct-24,12:00 Hrs,-,-,-,-,-,-,-,-,-
SUTLEJ,Sulemanki,10-Oct-24,12:00 Hrs,569,15050,558.4,2545,0.5,0.8,1.2,1.75,Normal
SUTLEJ,Islam,10-Oct-24,12:00 Hrs,455,2577,436.8,1277,0.5,0.8,1.2,1.75,Normal
INDUS,khairabad,10-Oct-24,18:00 Hrs,-,-,-1.2,34600,2.25,3.75,5,6.5,Normal
INDUS,Kalabagh,10-Oct-24,18:00 Hrs,693,83071,677.5,75995,2.5,3.75,5,6.5,Normal
INDUS,Chashma,10-Oct-24,18:00 Hrs,645,79178,607.6,72509,2.5,3.75,5,6.5,Normal
INDUS,Taunsa,10-Oct-24,18:00 Hrs,445.5,79035,426.2,67101,2.5,3.75,5,6.5,Normal
INDUS,Guddu,10-Oct-24,18:00 Hrs,254.2,70027,247.3,61753,2,3.5,5,7,Normal
INDUS,Sukkar,10-Oct-24,18:00 Hrs,198.2,55480,189.2,16470,2,3.5,5,7,Normal
INDUS,Kotri,10-Oct-24,18:00 Hrs,69,24719,43.5,714,2.5,4,5,6.5,Normal
JHELUM,Kotli,10-Oct-24,18:00 Hrs,-,-,7.5,2520,-,-,-,-,-
JHELUM,Rasul,10-Oct-24,18:00 Hrs,719,36833,697,15800,0.75,1.1,1.5,2.25,Normal
CHENAB,Marala,10-Oct-24,18:00 Hrs,811,15011,794.1,3500,1,1.5,2,4,Normal
CHENAB,Khanki,10-Oct-24,18:00 Hrs,732,8375,717.4,1775,1,1.5,2,4,Normal
CHENAB,Qadirabad,10-Oct-24,18:00 Hrs,700,19525,683,-,1,1.5,2,4,Normal
CHENAB,Trimmu,10-Oct-24,18:00 Hrs,490.5,22363,480,2213,1.5,2,3,4.5,Normal
CHENAB,Punjnad,10-Oct-24,18:00 Hrs,338,14050,323.2,-,1.5,2,3,4.5,Normal
RAVI,Jassar,10-Oct-24,18:00 Hrs,-,-,776.1,2382,0.5,0.75,1,1.5,Normal
RAVI,Shahdara,10-Oct-24,18:00 Hrs,-,-,670.2,3819,0.4,0.65,0.9,1.35,Normal
RAVI,Balloki,10-Oct-24,18:00 Hrs,633.5,28890,617.4,1190,0.4,0.65,0.9,1.35,Normal
RAVI,Sidhnai,10-Oct-24,18:00 Hrs,467,16668,452,-,0.3,0.45,0.6,0.9,Normal
SUTLEJ,Bhakara**,10-Oct-24,18:00 Hrs,-,-,-,-,-,-,-,-,-
SUTLEJ,Sulemanki,10-Oct-24,18:00 Hrs,569,15050,558.4,2545,0.5,0.8,1.2,1.75,Normal
SUTLEJ,Islam,10-Oct-24,18:00 Hrs,455,3077,437.3,1777,0.5,0.8,1.2,1.75,Normal
INDUS,khairabad,10-Oct-24,23:59 Hrs,-,-,-0.1,41900,2.25,3.75,5,6.5,Normal
INDUS,Kalabagh,10-Oct-24,23:59 Hrs,693,70566,677.3,63492,2.5,3.75,5,6.5,Normal
INDUS,Chashma,10-Oct-24,23:59 Hrs,645,77884,607.6,72509,2.5,3.75,5,6.5,Normal
INDUS,Taunsa,10-Oct-24,23:59 Hrs,445.5,79035,426.2,67101,2.5,3.75,5,6.5,Normal
INDUS,Guddu,10-Oct-24,23:59 Hrs,254.2,70027,247.3,61753,2,3.5,5,7,Normal
INDUS,Sukkar,10-Oct-24,23:59 Hrs,198.2,55480,189.2,16470,2,3.5,5,7,Normal
INDUS,Kotri,10-Oct-24,23:59 Hrs,69,24719,43.5,714,2.5,4,5,6.5,Normal
JHELUM,Kotli,10-Oct-24,23:59 Hrs,-,-,7.5,2520,-,-,-,-,-
JHELUM,Rasul,10-Oct-24,23:59 Hrs,719,26324,694,5341,0.75,1.1,1.5,2.25,Normal
CHENAB,Marala,10-Oct-24,23:59 Hrs,811,13446,794.4,4746,1,1.5,2,4,Normal
CHENAB,Khanki,10-Oct-24,23:59 Hrs,732,8375,717.4,1775,1,1.5,2,4,Normal
CHENAB,Qadirabad,10-Oct-24,23:59 Hrs,700,19525,683,-,1,1.5,2,4,Normal
CHENAB,Trimmu,10-Oct-24,23:59 Hrs,490.5,22363,480,2213,1.5,2,3,4.5,Normal
CHENAB,Punjnad,10-Oct-24,23:59 Hrs,338,13478,323.2,-,1.5,2,3,4.5,Normal
RAVI,Jassar,10-Oct-24,23:59 Hrs,-,-,776.1,2382,0.5,0.75,1,1.5,Normal
RAVI,Shahdara,10-Oct-24,23:59 Hrs,-,-,670.2,3819,0.4,0.65,0.9,1.35,Normal
RAVI,Balloki,10-Oct-24,23:59 Hrs,633.5,28890,617.4,1190,0.4,0.65,0.9,1.35,Normal
RAVI,Sidhnai,10-Oct-24,23:59 Hrs,467,16492,452,-,0.3,0.45,0.6,0.9,Normal
SUTLEJ,Bhakara**,10-Oct-24,23:59 Hrs,-,-,-,-,-,-,-,-,-
SUTLEJ,Sulemanki,10-Oct-24,23:59 Hrs,569,15050,558.4,2545,0.5,0.8,1.2,1.75,Normal
SUTLEJ,Islam,10-Oct-24,23:59 Hrs,455,3077,437.3,1777,0.5,0.8,1.2,1.75,Normal
INDUS,khairabad,11-Oct-24,06:00 Hrs,-,-,2.4,60000,2.25,3.75,5,6.5,Normal
INDUS,Kalabagh,11-Oct-24,06:00 Hrs,693,76518,677.4,69518,2.5,3.75,5,6.5,Normal
INDUS,Chashma,11-Oct-24,06:00 Hrs,645.3,74070,607.5,68870,2.5,3.75,5,6.5,Normal
INDUS,Taunsa,11-Oct-24,06:00 Hrs,445.5,81700,426.3,69363,2.5,3.75,5,6.5,Normal
INDUS,Guddu,11-Oct-24,06:00 Hrs,254.2,64864,246.9,56590,2,3.5,5,7,Normal
INDUS,Sukkar,11-Oct-24,06:00 Hrs,198.2,54360,189.2,16470,2,3.5,5,7,Normal
INDUS,Kotri,11-Oct-24,06:00 Hrs,69,24719,43.5,914,2.5,4,5,6.5,Normal
JHELUM,Kotli,11-Oct-24,06:00 Hrs,-,-,7.6,2730,-,-,-,-,-
JHELUM,Rasul,11-Oct-24,06:00 Hrs,719,28973,694.8,7990,0.75,1.1,1.5,2.25,Normal
CHENAB,Marala,11-Oct-24,06:00 Hrs,811,13446,794.4,4746,1,1.5,2,4,Normal
CHENAB,Khanki,11-Oct-24,06:00 Hrs,732,8375,717.4,1775,1,1.5,2,4,Normal
CHENAB,Qadirabad,11-Oct-24,06:00 Hrs,700,19525,683,-,1,1.5,2,4,Normal
CHENAB,Trimmu,11-Oct-24,06:00 Hrs,490.5,22363,480,7213,1.5,2,3,4.5,Normal
CHENAB,Punjnad,11-Oct-24,06:00 Hrs,338,13478,323.2,-,1.5,2,3,4.5,Normal
RAVI,Jassar,11-Oct-24,06:00 Hrs,-,-,776.1,2382,0.5,0.75,1,1.5,Normal
RAVI,Shahdara,11-Oct-24,06:00 Hrs,-,-,670.2,3819,0.4,0.65,0.9,1.35,Normal
RAVI,Balloki,11-Oct-24,06:00 Hrs,633.5,27700,617,-,0.4,0.65,0.9,1.35,Normal
RAVI,Sidhnai,11-Oct-24,06:00 Hrs,467,16230,452,-,0.3,0.45,0.6,0.9,Normal
SUTLEJ,Bhakara**,11-Oct-24,06:00 Hrs,-,-,-,-,-,-,-,-,-
SUTLEJ,Sulemanki,11-Oct-24,06:00 Hrs,569,15050,558.4,2545,0.5,0.8,1.2,1.75,Normal
SUTLEJ,Islam,11-Oct-24,06:00 Hrs,455,3077,437.3,1777,0.5,0.8,1.2,1.75,Normal
INDUS,khairabad,11-Oct-24,12:00 Hrs,-,-,0.2,43900,2.25,3.75,5,6.5,Normal
INDUS,Kalabagh,11-Oct-24,12:00 Hrs,693,76518,677.4,69518,2.5,3.75,5,6.5,Normal
INDUS,Chashma,11-Oct-24,12:00 Hrs,645.3,75059,607.5,69859,2.5,3.75,5,6.5,Normal
INDUS,Taunsa,11-Oct-24,12:00 Hrs,445.5,81700,426.3,69363,2.5,3.75,5,6.5,Normal
INDUS,Guddu,11-Oct-24,12:00 Hrs,254.2,63866,246.75,55592,2,3.5,5,7,Normal
INDUS,Sukkar,11-Oct-24,12:00 Hrs,198.2,54360,189.2,16470,2,3.5,5,7,Normal
INDUS,Kotri,11-Oct-24,12:00 Hrs,69,24719,43.5,914,2.5,4,5,6.5,Normal
JHELUM,Kotli,11-Oct-24,12:00 Hrs,-,-,7.5,2520,-,-,-,-,-
JHELUM,Rasul,11-Oct-24,12:00 Hrs,719,32878,696,11895,0.75,1.1,1.5,2.25,Normal
CHENAB,Marala,11-Oct-24,12:00 Hrs,811,16056,795.3,7356,1,1.5,2,4,Normal
CHENAB,Khanki,11-Oct-24,12:00 Hrs,732,8375,717.4,1775,1,1.5,2,4,Normal
CHENAB,Qadirabad,11-Oct-24,12:00 Hrs,700,19525,683,-,1,1.5,2,4,Normal
CHENAB,Trimmu,11-Oct-24,12:00 Hrs,490.5,22363,480,7213,1.5,2,3,4.5,Normal
CHENAB,Punjnad,11-Oct-24,12:00 Hrs,338,13478,323.2,-,1.5,2,3,4.5,Normal
RAVI,Jassar,11-Oct-24,12:00 Hrs,-,-,776.1,2382,0.5,0.75,1,1.5,Normal
RAVI,Shahdara,11-Oct-24,12:00 Hrs,-,-,670.2,3819,0.4,0.65,0.9,1.35,Normal
RAVI,Balloki,11-Oct-24,12:00 Hrs,633.5,27700,617,-,0.4,0.65,0.9,1.35,Normal
RAVI,Sidhnai,11-Oct-24,12:00 Hrs,467,15800,452,-,0.3,0.45,0.6,0.9,Normal
SUTLEJ,Bhakara**,11-Oct-24,12:00 Hrs,-,-,-,-,-,-,-,-,-
SUTLEJ,Sulemanki,11-Oct-24,12:00 Hrs,569,15050,558.4,2545,0.5,0.8,1.2,1.75,Normal
SUTLEJ,Islam,11-Oct-24,12:00 Hrs,455,3077,437.3,1777,0.5,0.8,1.2,1.75,Normal
INDUS,khairabad,11-Oct-24,18:00 Hrs,-,-,1,35900,2.25,3.75,5,6.5,Normal
INDUS,Kalabagh,11-Oct-24,18:00 Hrs,693,77199,677.4,70199,2.5,3.75,5,6.5,Normal
INDUS,Chashma,11-Oct-24,18:00 Hrs,645.3,77037,607.5,71837,2.5,3.75,5,6.5,Normal
INDUS,Taunsa,11-Oct-24,18:00 Hrs,445.5,81700,426.3,69363,2.5,3.75,5,6.5,Normal
INDUS,Guddu,11-Oct-24,18:00 Hrs,254.2,63866,246.75,55592,2,3.5,5,7,Normal
INDUS,Sukkar,11-Oct-24,18:00 Hrs,198.2,54360,189.2,16470,2,3.5,5,7,Normal
INDUS,Kotri,11-Oct-24,18:00 Hrs,69,24719,43.5,914,2.5,4,5,6.5,Normal
JHELUM,Kotli,11-Oct-24,18:00 Hrs,-,-,7.5,2520,-,-,-,-,-
JHELUM,Rasul,11-Oct-24,18:00 Hrs,719,32878,696,11895,0.75,1.1,1.5,2.25,Normal
CHENAB,Marala,11-Oct-24,18:00 Hrs,811,15840,795,7074,1,1.5,2,4,Normal
CHENAB,Khanki,11-Oct-24,18:00 Hrs,732,8375,717.4,1775,1,1.5,2,4,Normal
CHENAB,Qadirabad,11-Oct-24,18:00 Hrs,700,19525,683,Nil,1,1.5,2,4,Normal
CHENAB,Trimmu,11-Oct-24,18:00 Hrs,490.5,21631,480,7213,1.5,2,3,4.5,Normal
CHENAB,Punjnad,11-Oct-24,18:00 Hrs,338,12820,323.2,Nil,1.5,2,3,4.5,Normal
RAVI,Jassar,11-Oct-24,18:00 Hrs,-,-,776.1,2382,0.5,0.75,1,1.5,Normal
RAVI,Shahdara,11-Oct-24,18:00 Hrs,-,-,670.2,3819,0.4,0.65,0.9,1.35,Normal
RAVI,Balloki,11-Oct-24,18:00 Hrs,633.5,27700,617,Nil,0.4,0.65,0.9,1.35,Normal
RAVI,Sidhnai,11-Oct-24,18:00 Hrs,467,15400,452,Nil,0.3,0.45,0.6,0.9,Normal
SUTLEJ,Bhakara**,11-Oct-24,18:00 Hrs,-,-,-,-,-,-,-,-,-
SUTLEJ,Sulemanki,11-Oct-24,18:00 Hrs,569,14848,558.4,2545,0.5,0.8,1.2,1.75,Normal
SUTLEJ,Islam,11-Oct-24,18:00 Hrs,455,3077,437.3,1777,0.5,0.8,1.2,1.75,Normal
INDUS,khairabad,11-Oct-24,23:59 Hrs,-,-,-1.8,30800,2.25,3.75,5,6.5,Normal
INDUS,Kalabagh,11-Oct-24,23:59 Hrs,693,72009,677.3,65009,2.5,3.75,5,6.5,Normal
INDUS,Chashma,11-Oct-24,23:59 Hrs,645.6,76048,607.5,70848,2.5,3.75,5,6.5,Normal
INDUS,Taunsa,11-Oct-24,23:59 Hrs,445.5,81700,426.3,69363,2.5,3.75,5,6.5,Normal
INDUS,Guddu,11-Oct-24,23:59 Hrs,254.2,63866,246.75,55592,2,3.5,5,7,Normal
INDUS,Sukkar,11-Oct-24,23:59 Hrs,198.2,54360,189.2,16470,2,3.5,5,7,Normal
INDUS,Kotri,11-Oct-24,23:59 Hrs,69,24719,43.5,914,2.5,4,5,6.5,Normal
JHELUM,Kotli,11-Oct-24,23:59 Hrs,-,-,7.4,2320,-,-,-,-,-
JHELUM,Rasul,11-Oct-24,23:59 Hrs,719,32878,696,11895,0.75,1.1,1.5,2.25,Normal
CHENAB,Marala,11-Oct-24,23:59 Hrs,811,14367,794.5,5667,1,1.5,2,4,Normal
CHENAB,Khanki,11-Oct-24,23:59 Hrs,732,10150,718.2,3550,1,1.5,2,4,Normal
CHENAB,Qadirabad,11-Oct-24,23:59 Hrs,700,19525,683,-,1,1.5,2,4,Normal
CHENAB,Trimmu,11-Oct-24,23:59 Hrs,490.5,20980,480,7213,1.5,2,3,4.5,Normal
CHENAB,Punjnad,11-Oct-24,23:59 Hrs,338,12820,323.2,-,1.5,2,3,4.5,Normal
RAVI,Jassar,11-Oct-24,23:59 Hrs,-,-,776.1,2382,0.5,0.75,1,1.5,Normal
RAVI,Shahdara,11-Oct-24,23:59 Hrs,-,-,669.6,2425,0.4,0.65,0.9,1.35,Normal
RAVI,Balloki,11-Oct-24,23:59 Hrs,633.5,27700,617,-,0.4,0.65,0.9,1.35,Normal
RAVI,Sidhnai,11-Oct-24,23:59 Hrs,467,15400,452,-,0.3,0.45,0.6,0.9,Normal
SUTLEJ,Bhakara**,11-Oct-24,23:59 Hrs,-,-,-,-,-,-,-,-,-
SUTLEJ,Sulemanki,11-Oct-24,23:59 Hrs,569,14848,558.4,2545,0.5,0.8,1.2,1.75,Normal
SUTLEJ,Islam,11-Oct-24,23:59 Hrs,455,2927,436.8,1277,0.5,0.8,1.2,1.75,Normal
INDUS,khairabad,12-Oct-24,06:00 Hrs,-,-,1.2,51000,2.25,3.75,5,6.5,Normal
INDUS,Kalabagh,12-Oct-24,06:00 Hrs,693,76462,677.4,69462,2.5,3.75,5,6.5,Normal
INDUS,Chashma,12-Oct-24,06:00 Hrs,645.6,74176,607.5,68976,2.5,3.75,5,6.5,Normal
INDUS,Taunsa,12-Oct-24,06:00 Hrs,445.5,81700,426.3,69363,2.5,3.75,5,6.5,Normal
INDUS,Guddu,12-Oct-24,06:00 Hrs,254.2,64321,246.75,55592,2,3.5,5,7,Normal
INDUS,Sukkar,12-Oct-24,06:00 Hrs,198.2,53570,189.2,16470,2,3.5,5,7,Normal
INDUS,Kotri,12-Oct-24,06:00 Hrs,69,24719,43.5,914,2.5,4,5,6.5,Normal
JHELUM,Kotli,12-Oct-24,06:00 Hrs,-,-,7.5,2520,-,-,-,-,-
JHELUM,Rasul,12-Oct-24,06:00 Hrs,719,28973,694.8,7990,0.75,1.1,1.5,2.25,Normal
CHENAB,Marala,12-Oct-24,06:00 Hrs,811,14367,794.5,5667,1,1.5,2,4,Normal
CHENAB,Khanki,12-Oct-24,06:00 Hrs,633.5,27700,617,-,1,1.5,2,4,Normal
CHENAB,Qadirabad,12-Oct-24,06:00 Hrs,700,19525,683,-,1,1.5,2,4,Normal
CHENAB,Trimmu,12-Oct-24,06:00 Hrs,490.5,19021,480,7213,1.5,2,3,4.5,Normal
CHENAB,Punjnad,12-Oct-24,06:00 Hrs,338,12820,323.2,-,1.5,2,3,4.5,Normal
RAVI,Jassar,12-Oct-24,06:00 Hrs,-,-,776.1,2382,0.5,0.75,1,1.5,Normal
RAVI,Shahdara,12-Oct-24,06:00 Hrs,-,-,669.6,2425,0.4,0.65,0.9,1.35,Normal
RAVI,Balloki,12-Oct-24,06:00 Hrs,633.5,27700,617,-,0.4,0.65,0.9,1.35,Normal
RAVI,Sidhnai,12-Oct-24,06:00 Hrs,467,14400,452,-,0.3,0.45,0.6,0.9,Normal
SUTLEJ,Bhakara**,12-Oct-24,06:00 Hrs,-,-,-,-,-,-,-,-,-
SUTLEJ,Sulemanki,12-Oct-24,06:00 Hrs,569,15330,558.5,3027,0.5,0.8,1.2,1.75,Normal
SUTLEJ,Islam,12-Oct-24,06:00 Hrs,455,2927,436.8,1277,0.5,0.8,1.2,1.75,Normal
INDUS,khairabad,12-Oct-24,12:00 Hrs,-,-,2.9,24300,2.25,3.75,5,6.5,Normal
INDUS,Kalabagh,12-Oct-24,12:00 Hrs,693,76462,677.4,69462,2.5,3.75,5,6.5,Normal
INDUS,Chashma,12-Oct-24,12:00 Hrs,645.6,69524,607.5,64174,2.5,3.75,5,6.5,Normal
INDUS,Taunsa,12-Oct-24,12:00 Hrs,445.5,81700,426.3,69363,2.5,3.75,5,6.5,Normal
INDUS,Guddu,12-Oct-24,12:00 Hrs,254.4,64676,246.8,56148,2,3.5,5,7,Normal
INDUS,Sukkar,12-Oct-24,12:00 Hrs,198.2,53570,189.2,16470,2,3.5,5,7,Normal
INDUS,Kotri,12-Oct-24,12:00 Hrs,69,24719,43.5,914,2.5,4,5,6.5,Normal
JHELUM,Kotli,12-Oct-24,12:00 Hrs,-,-,7.5,2520,-,-,-,-,-
JHELUM,Rasul,12-Oct-24,12:00 Hrs,719,32878,696,11895,0.75,1.1,1.5,2.25,Normal
CHENAB,Marala,12-Oct-24,12:00 Hrs,811,13746,794.4,4746,1,1.5,2,4,Normal
CHENAB,Khanki,12-Oct-24,12:00 Hrs,732,11925,718.6,5325,1,1.5,2,4,Normal
CHENAB,Qadirabad,12-Oct-24,12:00 Hrs,700,19525,683,-,1,1.5,2,4,Normal
CHENAB,Trimmu,12-Oct-24,12:00 Hrs,490.5,18822,480,7213,1.5,2,3,4.5,Normal
CHENAB,Punjnad,12-Oct-24,12:00 Hrs,338,12820,323.2,-,1.5,2,3,4.5,Normal
RAVI,Jassar,12-Oct-24,12:00 Hrs,-,-,776.1,2382,0.5,0.75,1,1.5,Normal
RAVI,Shahdara,12-Oct-24,12:00 Hrs,-,-,669.6,2425,0.4,0.65,0.9,1.35,Normal
RAVI,Balloki,12-Oct-24,12:00 Hrs,633.5,26500,611,-,0.4,0.65,0.9,1.35,Normal
RAVI,Sidhnai,12-Oct-24,12:00 Hrs,467,13600,452,-,0.3,0.45,0.6,0.9,Normal
SUTLEJ,Bhakara**,12-Oct-24,12:00 Hrs,-,-,-,-,-,-,-,-,-
SUTLEJ,Sulemanki,12-Oct-24,12:00 Hrs,569,15330,558.5,3027,0.5,0.8,1.2,1.75,Normal
SUTLEJ,Islam,12-Oct-24,12:00 Hrs,455,2927,436.8,1277,0.5,0.8,1.2,1.75,Normal
INDUS,khairabad,12-Oct-24,18:00 Hrs,-,-,2.6,26000,2.25,3.75,5,6.5,Normal
INDUS,Kalabagh,12-Oct-24,18:00 Hrs,693,63501,677.2,56485,2.5,3.75,5,6.5,Normal
INDUS,Chashma,12-Oct-24,18:00 Hrs,645.6,76057,607.5,70707,2.5,3.75,5,6.5,Normal
INDUS,Taunsa,12-Oct-24,18:00 Hrs,445.5,78819,426.2,66917,2.5,3.75,5,6.5,Normal
INDUS,Guddu,12-Oct-24,18:00 Hrs,254.4,64158,246.8,56148,2,3.5,5,7,Normal
INDUS,Sukkar,12-Oct-24,18:00 Hrs,198.2,53570,189.2,16470,2,3.5,5,7,Normal
INDUS,Kotri,12-Oct-24,18:00 Hrs,69,24719,43.5,914,2.5,4,5,6.5,Normal
JHELUM,Kotli,12-Oct-24,18:00 Hrs,-,-,7.4,2320,-,-,-,-,-
JHELUM,Rasul,12-Oct-24,18:00 Hrs,719,32878,696,11895,0.75,1.1,1.5,2.25,Normal
CHENAB,Marala,12-Oct-24,18:00 Hrs,811,14046,794.4,4746,1,1.5,2,4,Normal
CHENAB,Khanki,12-Oct-24,18:00 Hrs,732.5,10150,718.2,3550,1,1.5,2,4,Normal
CHENAB,Qadirabad,12-Oct-24,18:00 Hrs,700,21816,684,2291,1,1.5,2,4,Normal
CHENAB,Trimmu,12-Oct-24,18:00 Hrs,490.5,17815,480,7213,1.5,2,3,4.5,Normal
CHENAB,Punjnad,12-Oct-24,18:00 Hrs,338,12820,323.2,-,1.5,2,3,4.5,Normal
RAVI,Jassar,12-Oct-24,18:00 Hrs,-,-,776.1,2382,0.5,0.75,1,1.5,Normal
RAVI,Shahdara,12-Oct-24,18:00 Hrs,-,-,669.6,2425,0.4,0.65,0.9,1.35,Normal
RAVI,Balloki,12-Oct-24,18:00 Hrs,633.5,26500,617,-,0.4,0.65,0.9,1.35,Normal
RAVI,Sidhnai,12-Oct-24,18:00 Hrs,467,12600,452,-,0.3,0.45,0.6,0.9,Normal
SUTLEJ,Bhakara**,12-Oct-24,18:00 Hrs,,-,-,-,-,-,-,-,-
SUTLEJ,Sulemanki,12-Oct-24,18:00 Hrs,569,15432,558.5,3027,0.5,0.8,1.2,1.75,Normal
SUTLEJ,Islam,12-Oct-24,18:00 Hrs,455,2678,435.2,628,0.5,0.8,1.2,1.75,Normal
INDUS,khairabad,12-Oct-24,23:59 Hrs,-,-,2,29600,2.25,3.75,5,6.5,Normal
INDUS,Kalabagh,12-Oct-24,23:59 Hrs,693,50939,676.8,43923,2.5,3.75,5,6.5,Normal
INDUS,Chashma,12-Oct-24,23:59 Hrs,645.9,77304,607.5,70142,2.5,3.75,5,6.5,Normal
INDUS,Taunsa,12-Oct-24,23:59 Hrs,445.5,78819,426.2,66917,2.5,3.75,5,6.5,Normal
INDUS,Guddu,12-Oct-24,23:59 Hrs,254.4,64158,246.8,56148,2,3.5,5,7,Normal
INDUS,Sukkar,12-Oct-24,23:59 Hrs,198.2,53570,189.2,16470,2,3.5,5,7,Normal
INDUS,Kotri,12-Oct-24,23:59 Hrs,69,24719,43.5,914,2.5,4,5,6.5,Normal
JHELUM,Kotli,12-Oct-24,23:59 Hrs,-,-,7.4,2320,-,-,-,-,-
JHELUM,Rasul,12-Oct-24,23:59 Hrs,719,32878,696,11895,0.75,1.1,1.5,2.25,Normal
CHENAB,Marala,12-Oct-24,23:59 Hrs,810,14676,794.5,5376,1,1.5,2,4,Normal
CHENAB,Khanki,12-Oct-24,23:59 Hrs,732,8375,717.4,1775,1,1.5,2,4,Normal
CHENAB,Qadirabad,12-Oct-24,23:59 Hrs,700,21816,684,2291,1,1.5,2,4,Normal
CHENAB,Trimmu,12-Oct-24,23:59 Hrs,490.5,17815,480,7213,1.5,2,3,4.5,Normal
CHENAB,Punjnad,12-Oct-24,23:59 Hrs,338,14150,323.2,-,1.5,2,3,4.5,Normal
RAVI,Jassar,12-Oct-24,23:59 Hrs,-,-,776.1,2382,0.5,0.75,1,1.5,Normal
RAVI,Shahdara,12-Oct-24,23:59 Hrs,-,-,669.6,2425,0.4,0.65,0.9,1.35,Normal
RAVI,Balloki,12-Oct-24,23:59 Hrs,633.5,25000,617,-,0.4,0.65,0.9,1.35,Normal
RAVI,Sidhnai,12-Oct-24,23:59 Hrs,467,12600,452,-,0.3,0.45,0.6,0.9,Normal
SUTLEJ,Bhakara**,12-Oct-24,23:59 Hrs,,-,-,-,-,-,-,-,-
SUTLEJ,Sulemanki,12-Oct-24,23:59 Hrs,569,15432,558.5,3027,0.5,0.8,1.2,1.75,Normal
SUTLEJ,Islam,12-Oct-24,23:59 Hrs,455,2678,435.2,628,0.5,0.8,1.2,1.75,Normal
INDUS,khairabad,13-Oct-24,06:00 Hrs,-,-,2.4,27200,2.25,3.75,5,6.5,Normal
INDUS,Kalabagh,13-Oct-24,06:00 Hrs,693,74779,677.4,67763,2.5,3.75,5,6.5,Normal
INDUS,Chashma,13-Oct-24,06:00 Hrs,646,76136,607.5,70636,2.5,3.75,5,6.5,Normal
INDUS,Taunsa,13-Oct-24,06:00 Hrs,445.5,72188,426.2,65980,2.5,3.75,5,6.5,Normal
INDUS,Guddu,13-Oct-24,06:00 Hrs,254.4,64158,246.8,56148,2,3.5,5,7,Normal
INDUS,Sukkar,13-Oct-24,06:00 Hrs,198.2,53570,189.2,16470,2,3.5,5,7,Normal
INDUS,Kotri,13-Oct-24,06:00 Hrs,69,24657,43.6,1052,2.5,4,5,6.5,Normal
JHELUM,Kotli,13-Oct-24,06:00 Hrs,-,-,7.3,2120,-,-,-,-,-
JHELUM,Rasul,13-Oct-24,06:00 Hrs,719,32878,696,11895,0.75,1.1,1.5,2.25,Normal
CHENAB,Marala,13-Oct-24,06:00 Hrs,810,14676,794.5,5376,1,1.5,2,4,Normal
CHENAB,Khanki,13-Oct-24,06:00 Hrs,732,10150,718.2,3550,1,1.5,2,4,Normal
CHENAB,Qadirabad,13-Oct-24,06:00 Hrs,700,21816,684,2291,1,1.5,2,4,Normal
CHENAB,Trimmu,13-Oct-24,06:00 Hrs,490.5,17815,480,7213,1.5,2,3,4.5,Normal
CHENAB,Punjnad,13-Oct-24,06:00 Hrs,338,14150,323.2,-,1.5,2,3,4.5,Normal
RAVI,Jassar,13-Oct-24,06:00 Hrs,-,-,776.1,2382,0.5,0.75,1,1.5,Normal
RAVI,Shahdara,13-Oct-24,06:00 Hrs,-,-,669,1250,0.4,0.65,0.9,1.35,Normal
RAVI,Balloki,13-Oct-24,06:00 Hrs,633.5,25000,617,-,0.4,0.65,0.9,1.35,Normal
RAVI,Sidhnai,13-Oct-24,06:00 Hrs,467,11500,452,-,0.3,0.45,0.6,0.9,Normal
SUTLEJ,Bhakara**,13-Oct-24,06:00 Hrs,,-,-,-,-,-,-,-,-
SUTLEJ,Sulemanki,13-Oct-24,06:00 Hrs,569,14459,558.2,2054,0.5,0.8,1.2,1.75,Normal
SUTLEJ,Islam,13-Oct-24,06:00 Hrs,455,2678,435.2,628,0.5,0.8,1.2,1.75,Normal
INDUS,khairabad,13-Oct-24,12:00 Hrs,-,-,2.2,28400,2.25,3.75,5,6.5,Normal
INDUS,Kalabagh,13-Oct-24,12:00 Hrs,693,63307,677.2,56291,2.5,3.75,5,6.5,Normal
INDUS,Chashma,13-Oct-24,12:00 Hrs,645.6,76134,607.4,72296,2.5,3.75,5,6.5,Normal
INDUS,Taunsa,13-Oct-24,12:00 Hrs,445.5,72188,426.2,65980,2.5,3.75,5,6.5,Normal
INDUS,Guddu,13-Oct-24,12:00 Hrs,254.4,60790,246.5,52780,2,3.5,5,7,Normal
INDUS,Sukkar,13-Oct-24,12:00 Hrs,198.2,53570,189.2,16470,2,3.5,5,7,Normal
INDUS,Kotri,13-Oct-24,12:00 Hrs,69,24657,43.6,1052,2.5,4,5,6.5,Normal
JHELUM,Kotli,13-Oct-24,12:00 Hrs,-,-,7.4,2320,-,-,-,-,-
JHELUM,Rasul,13-Oct-24,12:00 Hrs,719,31728,696,11895,0.75,1.1,1.5,2.25,Normal
CHENAB,Marala,13-Oct-24,12:00 Hrs,810,12409,794.1,3500,1,1.5,2,4,Normal
CHENAB,Khanki,13-Oct-24,12:00 Hrs,732,8375,717.4,1775,1,1.5,2,4,Normal
CHENAB,Qadirabad,13-Oct-24,12:00 Hrs,700,19525,683,2291,1,1.5,2,4,Normal
CHENAB,Trimmu,13-Oct-24,12:00 Hrs,490.5,17815,480,7213,1.5,2,3,4.5,Normal
CHENAB,Punjnad,13-Oct-24,12:00 Hrs,338,14050,323.2,-,1.5,2,3,4.5,Normal
RAVI,Jassar,13-Oct-24,12:00 Hrs,-,-,776.1,2382,0.5,0.75,1,1.5,Normal
RAVI,Shahdara,13-Oct-24,12:00 Hrs,-,-,669,1250,0.4,0.65,0.9,1.35,Normal
RAVI,Balloki,13-Oct-24,12:00 Hrs,633,24000,617,-,0.4,0.65,0.9,1.35,Normal
RAVI,Sidhnai,13-Oct-24,12:00 Hrs,467,11000,452,-,0.3,0.45,0.6,0.9,Normal
SUTLEJ,Bhakara**,13-Oct-24,12:00 Hrs,,-,-,-,-,-,-,-,-
SUTLEJ,Sulemanki,13-Oct-24,12:00 Hrs,569,14459,558.2,2054,0.5,0.8,1.2,1.75,Normal
SUTLEJ,Islam,13-Oct-24,12:00 Hrs,455,2978,435.2,628,0.5,0.8,1.2,1.75,Normal
INDUS,khairabad,13-Oct-24,18:00 Hrs,-,-,1.85,30600,2.25,3.75,5,6.5,Normal
INDUS,Kalabagh,13-Oct-24,18:00 Hrs,693,57888,677,50872,2.5,3.75,5,6.5,Normal
INDUS,Chashma,13-Oct-24,18:00 Hrs,645.5,75783,607.4,70283,2.5,3.75,5,6.5,Normal
INDUS,Taunsa,13-Oct-24,18:00 Hrs,445.5,68826,426.1,62907,2.5,3.75,5,6.5,Normal
INDUS,Guddu,13-Oct-24,18:00 Hrs,254.4,60421,246.5,52780,2,3.5,5,7,Normal
INDUS,Sukkar,13-Oct-24,18:00 Hrs,198.2,53570,189.2,16470,2,3.5,5,7,Normal
INDUS,Kotri,13-Oct-24,18:00 Hrs,69,24657,43.6,1052,2.5,4,5,6.5,Normal
JHELUM,Kotli,13-Oct-24,18:00 Hrs,-,-,7.4,2320,-,-,-,-,-
JHELUM,Rasul,13-Oct-24,18:00 Hrs,719,31328,696,11895,0.75,1.1,1.5,2.25,Normal
CHENAB,Marala,13-Oct-24,18:00 Hrs,810,11381,794.1,3500,1,1.5,2,4,Normal
CHENAB,Khanki,13-Oct-24,18:00 Hrs,732,8375,717.4,1775,1,1.5,2,4,Normal
CHENAB,Qadirabad,13-Oct-24,18:00 Hrs,700,19525,683,-,1,1.5,2,4,Normal
CHENAB,Trimmu,13-Oct-24,18:00 Hrs,490.5,16036,479.8,5201,1.5,2,3,4.5,Normal
CHENAB,Punjnad,13-Oct-24,18:00 Hrs,338,14050,323.2,-,1.5,2,3,4.5,Normal
RAVI,Jassar,13-Oct-24,18:00 Hrs,-,-,776.1,2382,0.5,0.75,1,1.5,Normal
RAVI,Shahdara,13-Oct-24,18:00 Hrs,-,-,669,1250,0.4,0.65,0.9,1.35,Normal
RAVI,Balloki,13-Oct-24,18:00 Hrs,633,24000,617,-,0.4,0.65,0.9,1.35,Normal
RAVI,Sidhnai,13-Oct-24,18:00 Hrs,467,10000,452,-,0.3,0.45,0.6,0.9,Normal
SUTLEJ,Bhakara**,13-Oct-24,18:00 Hrs,,-,-,-,-,-,-,-,-
SUTLEJ,Sulemanki,13-Oct-24,18:00 Hrs,569,14459,558.2,2054,0.5,0.8,1.2,1.75,Normal
SUTLEJ,Islam,13-Oct-24,18:00 Hrs,455,2978,435.2,628,0.5,0.8,1.2,1.75,Normal
INDUS,khairabad,13-Oct-24,23:59 Hrs,-,-,2.25,28200,2.25,3.75,5,6.5,Normal
INDUS,Kalabagh,13-Oct-24,23:59 Hrs,693,57888,677,50872,2.5,3.75,5,6.5,Normal
INDUS,Chashma,13-Oct-24,23:59 Hrs,645.6,60761,607.1,54459,2.5,3.75,5,6.5,Normal
INDUS,Taunsa,13-Oct-24,23:59 Hrs,445.5,68826,426.1,62907,2.5,3.75,5,6.5,Normal
INDUS,Guddu,13-Oct-24,23:59 Hrs,254.4,60421,246.5,52780,2,3.5,5,7,Normal
INDUS,Sukkar,13-Oct-24,23:59 Hrs,198.2,53570,189.2,16470,2,3.5,5,7,Normal
INDUS,Kotri,13-Oct-24,23:59 Hrs,69,24657,43.6,1052,2.5,4,5,6.5,Normal
JHELUM,Kotli,13-Oct-24,23:59 Hrs,-,-,7.3,2120,-,-,-,-,-
JHELUM,Rasul,13-Oct-24,23:59 Hrs,719,31328,696,11895,0.75,1.1,1.5,2.25,Normal
CHENAB,Marala,13-Oct-24,23:59 Hrs,809,11608,794.1,3500,1,1.5,2,4,Normal
CHENAB,Khanki,13-Oct-24,23:59 Hrs,732,8375,717.4,1775,1,1.5,2,4,Normal
CHENAB,Qadirabad,13-Oct-24,23:59 Hrs,700,19525,683,-,1,1.5,2,4,Normal
CHENAB,Trimmu,13-Oct-24,23:59 Hrs,490.5,16036,479.8,5201,1.5,2,3,4.5,Normal
CHENAB,Punjnad,13-Oct-24,23:59 Hrs,338,14050,323.2,-,1.5,2,3,4.5,Normal
RAVI,Jassar,13-Oct-24,23:59 Hrs,-,-,776.1,2382,0.5,0.75,1,1.5,Normal
RAVI,Shahdara,13-Oct-24,23:59 Hrs,-,-,669,1250,0.4,0.65,0.9,1.35,Normal
RAVI,Balloki,13-Oct-24,23:59 Hrs,633,24000,617,-,0.4,0.65,0.9,1.35,Normal
RAVI,Sidhnai,13-Oct-24,23:59 Hrs,467,10000,452,-,0.3,0.45,0.6,0.9,Normal
SUTLEJ,Bhakara**,13-Oct-24,23:59 Hrs,,-,-,-,-,-,-,-,-
SUTLEJ,Sulemanki,13-Oct-24,23:59 Hrs,569,14459,558.2,2054,0.5,0.8,1.2,1.75,Normal
SUTLEJ,Islam,13-Oct-24,23:59 Hrs,455,2978,435.2,628,0.5,0.8,1.2,1.75,Normal
INDUS,khairabad,14-Oct-24,06:00 Hrs,-,-,2.5,26600,2.25,3.75,5,6.5,Normal
INDUS,Kalabagh,14-Oct-24,06:00 Hrs,693,57809,677,50793,2.5,3.75,5,6.5,Normal
INDUS,Chashma,14-Oct-24,06:00 Hrs,645.6,58838,606.8,55338,2.5,3.75,5,6.5,Normal
INDUS,Taunsa,14-Oct-24,06:00 Hrs,445.5,68826,426.1,62907,2.5,3.75,5,6.5,Normal
INDUS,Guddu,14-Oct-24,06:00 Hrs,245.4,62682,246.7,54913,2,3.5,5,7,Normal
INDUS,Sukkar,14-Oct-24,06:00 Hrs,198,51010,188.8,15760,2,3.5,5,7,Normal
INDUS,Kotri,14-Oct-24,06:00 Hrs,69,24437,43.6,1052,2.5,4,5,6.5,Normal
JHELUM,Kotli,14-Oct-24,06:00 Hrs,-,-,7.4,2320,-,-,-,-,-
JHELUM,Rasul,14-Oct-24,06:00 Hrs,719,31328,696,11895,0.75,1.1,1.5,2.25,Normal
CHENAB,Marala,14-Oct-24,06:00 Hrs,809,10941,794.1,3500,1,1.5,2,4,Normal
CHENAB,Khanki,14-Oct-24,06:00 Hrs,732,8375,717.4,1775,1,1.5,2,4,Normal
CHENAB,Qadirabad,14-Oct-24,06:00 Hrs,700,19525,683,-,1,1.5,2,4,Normal
CHENAB,Trimmu,14-Oct-24,06:00 Hrs,490.5,16036,479.8,5201,1.5,2,3,4.5,Normal
CHENAB,Punjnad,14-Oct-24,06:00 Hrs,338,14050,323.2,-,1.5,2,3,4.5,Normal
RAVI,Jassar,14-Oct-24,06:00 Hrs,-,-,776.1,2382,0.5,0.75,1,1.5,Normal
RAVI,Shahdara,14-Oct-24,06:00 Hrs,-,-,669,1250,0.4,0.65,0.9,1.35,Normal
RAVI,Balloki,14-Oct-24,06:00 Hrs,633,24000,617,-,0.4,0.65,0.9,1.35,Normal
RAVI,Sidhnai,14-Oct-24,06:00 Hrs,467,10000,452,-,0.3,0.45,0.6,0.9,Normal
SUTLEJ,Bhakara**,14-Oct-24,06:00 Hrs,,-,-,-,-,-,-,-,-
SUTLEJ,Sulemanki,14-Oct-24,06:00 Hrs,569,14950,558.4,2245,0.5,0.8,1.2,1.75,Normal
SUTLEJ,Islam,14-Oct-24,06:00 Hrs,455,2978,435.2,628,0.5,0.8,1.2,1.75,Normal
INDUS,khairabad,14-Oct-24,12:00 Hrs,-,-,3.4,21500,2.25,3.75,5,6.5,Normal
INDUS,Kalabagh,14-Oct-24,12:00 Hrs,693,76102,677.4,69086,2.5,3.75,5,6.5,Normal
INDUS,Chashma,14-Oct-24,12:00 Hrs,645.6,68620,606.9,65120,2.5,3.75,5,6.5,Normal
INDUS,Taunsa,14-Oct-24,12:00 Hrs,445.5,68826,426.1,62907,2.5,3.75,5,6.5,Normal
INDUS,Guddu,14-Oct-24,12:00 Hrs,254.4,62483,246.7,54913,2,3.5,5,7,Normal
INDUS,Sukkar,14-Oct-24,12:00 Hrs,198,51010,188.8,15760,2,3.5,5,7,Normal
INDUS,Kotri,14-Oct-24,12:00 Hrs,69,24437,43.6,1052,2.5,4,5,6.5,Normal
JHELUM,Kotli,14-Oct-24,12:00 Hrs,-,-,7.4,2320,-,-,-,-,-
JHELUM,Rasul,14-Oct-24,12:00 Hrs,719,31328,696,11895,0.75,1.1,1.5,2.25,Normal
CHENAB,Marala,14-Oct-24,12:00 Hrs,809,10941,794.1,3500,1,1.5,2,4,Normal
CHENAB,Khanki,14-Oct-24,12:00 Hrs,732,7510,716.9,910,1,1.5,2,4,Normal
CHENAB,Qadirabad,14-Oct-24,12:00 Hrs,700,18532,683,-,1,1.5,2,4,Normal
CHENAB,Trimmu,14-Oct-24,12:00 Hrs,490.5,16036,479.8,5201,1.5,2,3,4.5,Normal
CHENAB,Punjnad,14-Oct-24,12:00 Hrs,338,14050,323.2,-,1.5,2,3,4.5,Normal
RAVI,Jassar,14-Oct-24,12:00 Hrs,-,-,775.5,1660,0.5,0.75,1,1.5,Normal
RAVI,Shahdara,14-Oct-24,12:00 Hrs,-,-,669,1250,0.4,0.65,0.9,1.35,Normal
RAVI,Balloki,14-Oct-24,12:00 Hrs,633,24000,617,-,0.4,0.65,0.9,1.35,Normal
RAVI,Sidhnai,14-Oct-24,12:00 Hrs,467,11200,452,-,0.3,0.45,0.6,0.9,Normal
SUTLEJ,Bhakara**,14-Oct-24,12:00 Hrs,-,-,-,-,-,-,-,-,-
SUTLEJ,Sulemanki,14-Oct-24,12:00 Hrs,569,14950,558.4,2545,0.5,0.8,1.2,1.75,Normal
SUTLEJ,Islam,14-Oct-24,12:00 Hrs,445,2978,435.2,628,0.5,0.8,1.2,1.75,Normal
INDUS,khairabad,14-Oct-24,18:00 Hrs,-,-,3.3,22100,2.25,3.75,5,6.5,Normal
INDUS,Kalabagh,14-Oct-24,18:00 Hrs,693,56197,677,49181,2.5,3.75,5,6.5,Normal
INDUS,Chashma,14-Oct-24,18:00 Hrs,645.5,67743,606.9,64343,2.5,3.75,5,6.5,Normal
INDUS,Taunsa,14-Oct-24,18:00 Hrs,445.5,68826,426.1,62905,2.5,3.75,5,6.5,Normal
INDUS,Guddu,14-Oct-24,18:00 Hrs,254.4,62483,246.7,54913,2,3.5,5,7,Normal
INDUS,Sukkar,14-Oct-24,18:00 Hrs,198,51010,188.8,15760,2,3.5,5,7,Normal
INDUS,Kotri,14-Oct-24,18:00 Hrs,69,23910,43.8,1315,2.5,4,5,6.5,Normal
JHELUM,Kotli,14-Oct-24,18:00 Hrs,-,-,7.3,2120,-,-,-,-,-
JHELUM,Rasul,14-Oct-24,18:00 Hrs,719,31328,696,11895,0.75,1.1,1.5,2.25,Normal
CHENAB,Marala,14-Oct-24,18:00 Hrs,809,10941,794.1,3500,1,1.5,2,4,Normal
CHENAB,Khanki,14-Oct-24,18:00 Hrs,732,7510,716.9,910,1,1.5,2,4,Normal
CHENAB,Qadirabad,14-Oct-24,18:00 Hrs,700,18532,683,Nil,1,1.5,2,4,Normal
CHENAB,Trimmu,14-Oct-24,18:00 Hrs,490.5,16036,479,5201,1.5,2,3,4.5,Normal
CHENAB,Punjnad,14-Oct-24,18:00 Hrs,338,12750,323.2,Nil,1.5,2,3,4.5,Normal
RAVI,Jassar,14-Oct-24,18:00 Hrs,-,-,775.5,1660,0.5,0.75,1,1.5,Normal
RAVI,Shahdara,14-Oct-24,18:00 Hrs,-,-,669,1250,0.4,0.65,0.9,1.35,Normal
RAVI,Balloki,14-Oct-24,18:00 Hrs,633,24255,617.4,Nil,0.4,0.65,0.9,1.35,Normal
RAVI,Sidhnai,14-Oct-24,18:00 Hrs,467,10500,452,Nil,0.3,0.45,0.6,0.9,Normal
SUTLEJ,Bhakara**,14-Oct-24,18:00 Hrs,-,-,-,-,-,-,-,-,-
SUTLEJ,Sulemanki,14-Oct-24,18:00 Hrs,569,14805,558.4,2545,0.5,0.8,1.2,1.75,Normal
SUTLEJ,Islam,14-Oct-24,18:00 Hrs,455,2978,436.2,628,0.5,0.8,1.2,1.75,Normal
INDUS,khairabad,14-Oct-24,23:59 Hrs,-,-,-3,23700,2.25,3.75,5,6.5,Normal
INDUS,Kalabagh,14-Oct-24,23:59 Hrs,693,49833,676.8,42817,2.5,3.75,5,6.5,Normal
INDUS,Chashma,14-Oct-24,23:59 Hrs,645.5,67779,606.9,64379,2.5,3.75,5,6.5,Normal
INDUS,Taunsa,14-Oct-24,23:59 Hrs,445.5,68826,426.1,62907,2.5,3.75,5,6.5,Normal
INDUS,Guddu,14-Oct-24,23:59 Hrs,254.4,62483,246.7,54913,2,3.5,5,7,Normal
INDUS,Sukkar,14-Oct-24,23:59 Hrs,198,51010,188.8,15760,2,3.5,5,7,Normal
INDUS,Kotri,14-Oct-24,23:59 Hrs,69,23910,43.8,1315,2.5,4,5,6.5,Normal
JHELUM,Kotli,14-Oct-24,23:59 Hrs,-,-,7.2,2120,-,-,-,-,-
JHELUM,Rasul,14-Oct-24,23:59 Hrs,719,31328,696,11895,0.75,1.1,1.5,2.25,Normal
CHENAB,Marala,14-Oct-24,23:59 Hrs,809,10674,794.1,3500,1,1.5,2,4,Normal
CHENAB,Khanki,14-Oct-24,23:59 Hrs,732,7510,716.9,910,1,1.5,2,4,Normal
CHENAB,Qadirabad,14-Oct-24,23:59 Hrs,700,18532,683,-,1,1.5,2,4,Normal
CHENAB,Trimmu,14-Oct-24,23:59 Hrs,490.5,15619,479.8,5201,1.5,2,3,4.5,Normal
CHENAB,Punjnad,14-Oct-24,23:59 Hrs,338,12750,323.2,-,1.5,2,3,4.5,Normal
RAVI,Jassar,14-Oct-24,23:59 Hrs,-,-,775.5,1660,0.5,0.75,1,1.5,Normal
RAVI,Shahdara,14-Oct-24,23:59 Hrs,-,-,669,1250,0.4,0.65,0.9,1.35,Normal
RAVI,Balloki,14-Oct-24,23:59 Hrs,633,22430,617.6,1730,0.4,0.65,0.9,1.35,Normal
RAVI,Sidhnai,14-Oct-24,23:59 Hrs,467,10500,452,-,0.3,0.45,0.6,0.9,Normal
SUTLEJ,Bhakara**,14-Oct-24,23:59 Hrs,-,-,-,-,-,-,-,-,-
SUTLEJ,Sulemanki,14-Oct-24,23:59 Hrs,569,14805,558.4,2545,0.5,0.8,1.2,1.75,Normal
SUTLEJ,Islam,14-Oct-24,23:59 Hrs,455,2978,435.2,628,0.5,0.8,1.2,1.75,Normal
INDUS,khairabad,15-Oct-24,06:00 Hrs,-,-,-3.3,22100,2.25,3.75,5,6.5,Normal
INDUS,Kalabagh,15-Oct-24,06:00 Hrs,693,45866,676,41330,2.5,3.75,5,6.5,Normal
INDUS,Chashma,15-Oct-24,06:00 Hrs,645.4,67637,607,64237,2.5,3.75,5,6.5,Normal
INDUS,Taunsa,15-Oct-24,06:00 Hrs,445.5,68826,426.1,62907,2.5,3.75,5,6.5,Normal
INDUS,Guddu,15-Oct-24,06:00 Hrs,254.4,62273,246.7,54913,2,3.5,5,7,Normal
INDUS,Sukkar,15-Oct-24,06:00 Hrs,198,50910,188.8,15760,2,3.5,5,7,Normal
INDUS,Kotri,15-Oct-24,06:00 Hrs,69.4,24153,44.1,1578,2.5,4,5,6.5,Normal
JHELUM,Kotli,15-Oct-24,06:00 Hrs,-,-,7.2,1940,-,-,-,-,-
JHELUM,Rasul,15-Oct-24,06:00 Hrs,719,31328,696,11895,0.75,1.1,1.5,2.25,Normal
CHENAB,Marala,15-Oct-24,06:00 Hrs,809,10550,794.1,3500,1,1.5,2,4,Normal
CHENAB,Khanki,15-Oct-24,06:00 Hrs,732,7510,716.9,910,1,1.5,2,4,Normal
CHENAB,Qadirabad,15-Oct-24,06:00 Hrs,700,18532,683,-,1,1.5,2,4,Normal
CHENAB,Trimmu,15-Oct-24,06:00 Hrs,490.5,15515,479.8,5209,1.5,2,3,4.5,Normal
CHENAB,Punjnad,15-Oct-24,06:00 Hrs,338,12340,323.2,-,1.5,2,3,4.5,Normal
RAVI,Jassar,15-Oct-24,06:00 Hrs,-,-,775.5,1660,0.5,0.75,1,1.5,Normal
RAVI,Shahdara,15-Oct-24,06:00 Hrs,-,-,669,1250,0.4,0.65,0.9,1.35,Normal
RAVI,Balloki,15-Oct-24,06:00 Hrs,633,22330,617.6,1720,0.4,0.65,0.9,1.35,Normal
RAVI,Sidhnai,15-Oct-24,06:00 Hrs,467,10400,452,-,0.3,0.45,0.6,0.9,Normal
SUTLEJ,Bhakara**,15-Oct-24,06:00 Hrs,-,-,-,-,-,-,-,-,-
SUTLEJ,Sulemanki,15-Oct-24,06:00 Hrs,569,14790,558.4,2545,0.5,0.8,1.2,1.75,Normal
SUTLEJ,Islam,15-Oct-24,06:00 Hrs,455,2978,435.2,628,0.5,0.8,1.2,1.75,Normal
