River,Gauge Site,Date,Upstream,Downstream
Indus,Kalabagh,2016-01-01 00:00:00,22650,15150
Indus,Kalabagh,2016-01-02 00:00:00,18524,11474
Indus,Kalabagh,2016-01-03 00:00:00,24274,18224
Indus,Kalabagh,2016-01-04 00:00:00,22554,17454
Indus,Kalabagh,2016-01-05 00:00:00,22177,17727
Indus,Kalabagh,2016-01-06 00:00:00,17337,13837
Indus,Kalabagh,2016-01-07 00:00:00,20653,17903
Indus,Kalabagh,2016-01-08 00:00:00,20682,18432
Indus,Kalabagh,2016-01-09 00:00:00,14857,13007
Indus,Kalabagh,2016-01-10 00:00:00,19978,18478
Indus,Kalabagh,2016-01-11 00:00:00,17168,16218
Indus,Kalabagh,2016-01-12 00:00:00,42883,42133
Indus,Kalabagh,2016-01-13 00:00:00,58527,58527
Indus,Kalabagh,2016-01-14 00:00:00,30867,30867
Indus,Kalabagh,2016-01-15 00:00:00,35920,35920
Indus,Kalabagh,2016-01-16 00:00:00,30204,30204
Indus,Kalabagh,2016-01-17 00:00:00,40778,40778
Indus,Kalabagh,2016-01-18 00:00:00,36341,36341
Indus,Kalabagh,2016-01-19 00:00:00,30204,30204
Indus,Kalabagh,2016-01-20 00:00:00,36341,36341
Indus,Kalabagh,2016-01-21 00:00:00,24568,24568
Indus,Kalabagh,2016-01-22 00:00:00,26360,26360
Indus,Kalabagh,2016-01-23 00:00:00,49343,49343
Indus,Kalabagh,2016-01-24 00:00:00,30867,30867
Indus,Kalabagh,2016-01-25 00:00:00,27043,27043
Indus,Kalabagh,2016-01-26 00:00:00,30867,30867
Indus,Kalabagh,2016-01-27 00:00:00,27990,27990
Indus,Kalabagh,2016-01-28 00:00:00,23163,23163
Indus,Kalabagh,2016-01-29 00:00:00,26438,26438
Indus,Kalabagh,2016-01-30 00:00:00,33096,33096
Indus,Kalabagh,2016-01-31 00:00:00,23459,23359
Indus,Taunsa Barrage,2016-01-01 00:00:00,17412,17412
Indus,Taunsa Barrage,2016-01-02 00:00:00,24102,24102
Indus,Taunsa Barrage,2016-01-03 00:00:00,18535,18535
Indus,Taunsa Barrage,2016-01-04 00:00:00,16462,16462
Indus,Taunsa Barrage,2016-01-05 00:00:00,15653,15653
Indus,Taunsa Barrage,2016-01-06 00:00:00,13676,13676
Indus,Taunsa Barrage,2016-01-07 00:00:00,13676,13676
Indus,Taunsa Barrage,2016-01-08 00:00:00,15504,15504
Indus,Taunsa Barrage,2016-01-09 00:00:00,17339,17339
Indus,Taunsa Barrage,2016-01-10 00:00:00,17339,17339
Indus,Taunsa Barrage,2016-01-11 00:00:00,18293,18293
Indus,Taunsa Barrage,2016-01-12 00:00:00,19565,19565
Indus,Taunsa Barrage,2016-01-13 00:00:00,23757,23757
Indus,Taunsa Barrage,2016-01-14 00:00:00,26539,26539
Indus,Taunsa Barrage,2016-01-15 00:00:00,26539,26539
Indus,Taunsa Barrage,2016-01-16 00:00:00,26539,26539
Indus,Taunsa Barrage,2016-01-17 00:00:00,33585,33585
Indus,Taunsa Barrage,2016-01-18 00:00:00,31894,31894
Indus,Taunsa Barrage,2016-01-19 00:00:00,36889,36889
Indus,Taunsa Barrage,2016-01-20 00:00:00,27894,27894
Indus,Taunsa Barrage,2016-01-21 00:00:00,46129,46129
Indus,Taunsa Barrage,2016-01-22 00:00:00,36674,36674
Indus,Taunsa Barrage,2016-01-23 00:00:00,29603,29603
Indus,Taunsa Barrage,2016-01-24 00:00:00,21220,21220
Indus,Taunsa Barrage,2016-01-25 00:00:00,21786,21786
Indus,Taunsa Barrage,2016-01-26 00:00:00,31290,31290
Indus,Taunsa Barrage,2016-01-27 00:00:00,29653,29653
Indus,Taunsa Barrage,2016-01-28 00:00:00,34995,34995
Indus,Taunsa Barrage,2016-01-29 00:00:00,33978,33978
Indus,Taunsa Barrage,2016-01-30 00:00:00,33978,33978
Indus,Taunsa Barrage,2016-01-31 00:00:00,33978,33978
Indus,Chashma Barrage,2016-01-01 00:00:00,7009,11000
Indus,Chashma Barrage,2016-01-02 00:00:00,16192,17669
Indus,Chashma Barrage,2016-01-03 00:00:00,11627,12856
Indus,Chashma Barrage,2016-01-04 00:00:00,17344,18673
Indus,Chashma Barrage,2016-01-05 00:00:00,14892,15623
Indus,Chashma Barrage,2016-01-06 00:00:00,15479,16026
Indus,Chashma Barrage,2016-01-07 00:00:00,18210,18482
Indus,Chashma Barrage,2016-01-08 00:00:00,21555,20918
Indus,Chashma Barrage,2016-01-09 00:00:00,21175,19400
Indus,Chashma Barrage,2016-01-10 00:00:00,25147,24572
Indus,Chashma Barrage,2016-01-11 00:00:00,27322,27322
Indus,Chashma Barrage,2016-01-12 00:00:00,28168,28168
Indus,Chashma Barrage,2016-01-13 00:00:00,27720,27720
Indus,Chashma Barrage,2016-01-14 00:00:00,65849,40038
Indus,Chashma Barrage,2016-01-15 00:00:00,40893,28864
Indus,Chashma Barrage,2016-01-16 00:00:00,22445,39602
Indus,Chashma Barrage,2016-01-17 00:00:00,41881,30267
Indus,Chashma Barrage,2016-01-18 00:00:00,40983,55674
Indus,Chashma Barrage,2016-01-19 00:00:00,42006,40980
Indus,Chashma Barrage,2016-01-20 00:00:00,27610,30488
Indus,Chashma Barrage,2016-01-21 00:00:00,32165,20056
Indus,Chashma Barrage,2016-01-22 00:00:00,21137,21137
Indus,Chashma Barrage,2016-01-23 00:00:00,32726,32726
Indus,Chashma Barrage,2016-01-24 00:00:00,29376,29376
Indus,Chashma Barrage,2016-01-25 00:00:00,34757,34757
Indus,Chashma Barrage,2016-01-26 00:00:00,28680,33809
Indus,Chashma Barrage,2016-01-27 00:00:00,29812,34940
Indus,Chashma Barrage,2016-01-28 00:00:00,30827,35458
Indus,Chashma Barrage,2016-01-29 00:00:00,30829,35459
Indus,Chashma Barrage,2016-01-30 00:00:00,29780,33952
Indus,Chashma Barrage,2016-01-31 00:00:00,32386,36558
Jhelum,Rasul Barrage,2016-01-01 00:00:00,4284,4284
Jhelum,Rasul Barrage,2016-01-02 00:00:00,4284,4284
Jhelum,Rasul Barrage,2016-01-03 00:00:00,4284,4284
Jhelum,Rasul Barrage,2016-01-04 00:00:00,3642,3642
Jhelum,Rasul Barrage,2016-01-05 00:00:00,3642,3642
Jhelum,Rasul Barrage,2016-01-06 00:00:00,3642,3642
Jhelum,Rasul Barrage,2016-01-07 00:00:00,4083,4083
Jhelum,Rasul Barrage,2016-01-08 00:00:00,4083,4083
Jhelum,Rasul Barrage,2016-01-09 00:00:00,4342,4342
Jhelum,Rasul Barrage,2016-01-10 00:00:00,4342,4342
Jhelum,Rasul Barrage,2016-01-11 00:00:00,3385,3385
Jhelum,Rasul Barrage,2016-01-12 00:00:00,3385,3385
Jhelum,Rasul Barrage,2016-01-13 00:00:00,Heading up,NIL
Jhelum,Rasul Barrage,2016-01-14 00:00:00,Heading up,NIL
Jhelum,Rasul Barrage,2016-01-15 00:00:00,8000,NIL
Jhelum,Rasul Barrage,2016-01-16 00:00:00,5341,5341
Jhelum,Rasul Barrage,2016-01-17 00:00:00,5541,5341
Jhelum,Rasul Barrage,2016-01-18 00:00:00,5541,5341
Jhelum,Rasul Barrage,2016-01-19 00:00:00,7091,5341
Jhelum,Rasul Barrage,2016-01-20 00:00:00,7091,5341
Jhelum,Rasul Barrage,2016-01-21 00:00:00,7341,5341
Jhelum,Rasul Barrage,2016-01-22 00:00:00,7141,5341
Jhelum,Rasul Barrage,2016-01-23 00:00:00,7441,5341
Jhelum,Rasul Barrage,2016-01-24 00:00:00,7100,NIL
Jhelum,Rasul Barrage,2016-01-25 00:00:00,5700,NIL
Jhelum,Rasul Barrage,2016-01-26 00:00:00,6000,NIL
Jhelum,Rasul Barrage,2016-01-27 00:00:00,6000,NIL
Jhelum,Rasul Barrage,2016-01-28 00:00:00,6500,NIL
Jhelum,Rasul Barrage,2016-01-29 00:00:00,6800,NIL
Jhelum,Rasul Barrage,2016-01-30 00:00:00,16141,5341
Jhelum,Rasul Barrage,2016-01-31 00:00:00,21241,5341
Chenab,Marala H/W,2016-01-01 00:00:00,8112,8112
Chenab,Marala H/W,2016-01-02 00:00:00,8112,8112
Chenab,Marala H/W,2016-01-03 00:00:00,8112,8112
Chenab,Marala H/W,2016-01-04 00:00:00,6376,6376
Chenab,Marala H/W,2016-01-05 00:00:00,6376,6376
Chenab,Marala H/W,2016-01-06 00:00:00,7970,7970
Chenab,Marala H/W,2016-01-07 00:00:00,7970,7970
Chenab,Marala H/W,2016-01-08 00:00:00,7970,7970
Chenab,Marala H/W,2016-01-09 00:00:00,6520,6520
Chenab,Marala H/W,2016-01-10 00:00:00,6520,6520
Chenab,Marala H/W,2016-01-11 00:00:00,7970,7970
Chenab,Marala H/W,2016-01-12 00:00:00,7970,7970
Chenab,Marala H/W,2016-01-13 00:00:00,7970,7970
Chenab,Marala H/W,2016-01-14 00:00:00,7824,7824
Chenab,Marala H/W,2016-01-15 00:00:00,6520,6520
Chenab,Marala H/W,2016-01-16 00:00:00,6520,6520
Chenab,Marala H/W,2016-01-17 00:00:00,6520,6520
Chenab,Marala H/W,2016-01-18 00:00:00,6210,6210
Chenab,Marala H/W,2016-01-19 00:00:00,6210,6210
Chenab,Marala H/W,2016-01-20 00:00:00,7824,7824
Chenab,Marala H/W,2016-01-21 00:00:00,7970,7970
Chenab,Marala H/W,2016-01-22 00:00:00,7970,7970
Chenab,Marala H/W,2016-01-23 00:00:00,7970,7970
Chenab,Marala H/W,2016-01-24 00:00:00,7824,7824
Chenab,Marala H/W,2016-01-25 00:00:00,7824,7824
Chenab,Marala H/W,2016-01-26 00:00:00,7824,7824
Chenab,Marala H/W,2016-01-27 00:00:00,7459,3859
Chenab,Marala H/W,2016-01-28 00:00:00,6268,2668
Chenab,Marala H/W,2016-01-29 00:00:00,6418,2668
Chenab,Marala H/W,2016-01-30 00:00:00,6268,2668
Chenab,Marala H/W,2016-01-31 00:00:00,7602,4002
Chenab,Khanki H/W,2016-01-01 00:00:00,10366,2616
Chenab,Khanki H/W,2016-01-02 00:00:00,10100,2150
Chenab,Khanki H/W,2016-01-03 00:00:00,9046,1096
Chenab,Khanki H/W,2016-01-04 00:00:00,9583,1633
Chenab,Khanki H/W,2016-01-05 00:00:00,8411,561
Chenab,Khanki H/W,2016-01-06 00:00:00,9483,1633
Chenab,Khanki H/W,2016-01-07 00:00:00,9533,1633
Chenab,Khanki H/W,2016-01-08 00:00:00,9533,1633
Chenab,Khanki H/W,2016-01-09 00:00:00,9583,1633
Chenab,Khanki H/W,2016-01-10 00:00:00,9046,1096
Chenab,Khanki H/W,2016-01-11 00:00:00,9583,1633
Chenab,Khanki H/W,2016-01-12 00:00:00,7950,NIL
Chenab,Khanki H/W,2016-01-13 00:00:00,9386,9386
Chenab,Khanki H/W,2016-01-14 00:00:00,8069,8069
Chenab,Khanki H/W,2016-01-15 00:00:00,7686,7686
Chenab,Khanki H/W,2016-01-16 00:00:00,6416,6416
Chenab,Khanki H/W,2016-01-17 00:00:00,6416,6416
Chenab,Khanki H/W,2016-01-18 00:00:00,6416,6416
Chenab,Khanki H/W,2016-01-19 00:00:00,6416,6416
Chenab,Khanki H/W,2016-01-20 00:00:00,6416,6416
Chenab,Khanki H/W,2016-01-21 00:00:00,6416,6416
Chenab,Khanki H/W,2016-01-22 00:00:00,6416,6416
Chenab,Khanki H/W,2016-01-23 00:00:00,6416,6416
Chenab,Khanki H/W,2016-01-24 00:00:00,6416,6416
Chenab,Khanki H/W,2016-01-25 00:00:00,6416,6416
Chenab,Khanki H/W,2016-01-26 00:00:00,6416,6416
Chenab,Khanki H/W,2016-01-27 00:00:00,6416,6416
Chenab,Khanki H/W,2016-01-28 00:00:00,4741,4741
Chenab,Khanki H/W,2016-01-29 00:00:00,4034,4034
Chenab,Khanki H/W,2016-01-30 00:00:00,3514,3514
Chenab,Khanki H/W,2016-01-31 00:00:00,3010,3010
Chenab,Qadirabad Barrage,2016-01-01 00:00:00,3607,3607
Chenab,Qadirabad Barrage,2016-01-02 00:00:00,2219,2219
Chenab,Qadirabad Barrage,2016-01-03 00:00:00,2291,2291
Chenab,Qadirabad Barrage,2016-01-04 00:00:00,1083,1083
Chenab,Qadirabad Barrage,2016-01-05 00:00:00,1602,1602
Chenab,Qadirabad Barrage,2016-01-06 00:00:00,627,627
Chenab,Qadirabad Barrage,2016-01-07 00:00:00,1602,1602
Chenab,Qadirabad Barrage,2016-01-08 00:00:00,1602,1602
Chenab,Qadirabad Barrage,2016-01-09 00:00:00,1602,1602
Chenab,Qadirabad Barrage,2016-01-10 00:00:00,1602,1602
Chenab,Qadirabad Barrage,2016-01-11 00:00:00,1602,1602
Chenab,Qadirabad Barrage,2016-01-12 00:00:00,1602,1602
Chenab,Qadirabad Barrage,2016-01-13 00:00:00,1602,1602
Chenab,Qadirabad Barrage,2016-01-14 00:00:00,8525,8525
Chenab,Qadirabad Barrage,2016-01-15 00:00:00,8525,8525
Chenab,Qadirabad Barrage,2016-01-16 00:00:00,15439,15439
Chenab,Qadirabad Barrage,2016-01-17 00:00:00,6325,6325
Chenab,Qadirabad Barrage,2016-01-18 00:00:00,6325,6325
Chenab,Qadirabad Barrage,2016-01-19 00:00:00,6325,6325
Chenab,Qadirabad Barrage,2016-01-20 00:00:00,6325,6325
Chenab,Qadirabad Barrage,2016-01-21 00:00:00,6325,6325
Chenab,Qadirabad Barrage,2016-01-22 00:00:00,6325,6325
Chenab,Qadirabad Barrage,2016-01-23 00:00:00,6325,6325
Chenab,Qadirabad Barrage,2016-01-24 00:00:00,6325,6325
Chenab,Qadirabad Barrage,2016-01-25 00:00:00,9182,9182
Chenab,Qadirabad Barrage,2016-01-26 00:00:00,9182,9182
Chenab,Qadirabad Barrage,2016-01-27 00:00:00,9182,9182
Chenab,Qadirabad Barrage,2016-01-28 00:00:00,1250,NIL
Chenab,Qadirabad Barrage,2016-01-29 00:00:00,6078,3078
Chenab,Qadirabad Barrage,2016-01-30 00:00:00,6078,3078
Chenab,Qadirabad Barrage,2016-01-31 00:00:00,8130,5130
Chenab,Trimmu H/W,2016-01-01 00:00:00,14041,6041
Chenab,Trimmu H/W,2016-01-02 00:00:00,8000,NIL
Chenab,Trimmu H/W,2016-01-03 00:00:00,7000,NIL
Chenab,Trimmu H/W,2016-01-04 00:00:00,6581,NIL
Chenab,Trimmu H/W,2016-01-05 00:00:00,6581,NIL
Chenab,Trimmu H/W,2016-01-06 00:00:00,6581,NIL
Chenab,Trimmu H/W,2016-01-07 00:00:00,6294,NIL
Chenab,Trimmu H/W,2016-01-08 00:00:00,6294,NIL
Chenab,Trimmu H/W,2016-01-09 00:00:00,6294,NIL
Chenab,Trimmu H/W,2016-01-10 00:00:00,10703,10703
Chenab,Trimmu H/W,2016-01-11 00:00:00,9945,9945
Chenab,Trimmu H/W,2016-01-12 00:00:00,8503,8503
Chenab,Trimmu H/W,2016-01-13 00:00:00,7419,7419
Chenab,Trimmu H/W,2016-01-14 00:00:00,5936,5936
Chenab,Trimmu H/W,2016-01-15 00:00:00,4836,4836
Chenab,Trimmu H/W,2016-01-16 00:00:00,4606,4606
Chenab,Trimmu H/W,2016-01-17 00:00:00,5749,5749
Chenab,Trimmu H/W,2016-01-18 00:00:00,7200,7200
Chenab,Trimmu H/W,2016-01-19 00:00:00,9094,9094
Chenab,Trimmu H/W,2016-01-20 00:00:00,10829,10829
Chenab,Trimmu H/W,2016-01-21 00:00:00,12421,12421
Chenab,Trimmu H/W,2016-01-22 00:00:00,12421,12421
Chenab,Trimmu H/W,2016-01-23 00:00:00,11462,11462
Chenab,Trimmu H/W,2016-01-24 00:00:00,11462,11462
Chenab,Trimmu H/W,2016-01-25 00:00:00,11462,11462
Chenab,Trimmu H/W,2016-01-26 00:00:00,10880,10880
Chenab,Trimmu H/W,2016-01-27 00:00:00,10840,10840
Chenab,Trimmu H/W,2016-01-28 00:00:00,9971,9971
Chenab,Trimmu H/W,2016-01-29 00:00:00,9971,9971
Chenab,Trimmu H/W,2016-01-30 00:00:00,8988,8988
Chenab,Trimmu H/W,2016-01-31 00:00:00,7534,7534
Chenab,Panjnad H/W,2016-01-01 00:00:00,4600,NIL
Chenab,Panjnad H/W,2016-01-02 00:00:00,4600,NIL
Chenab,Panjnad H/W,2016-01-03 00:00:00,7557,7557
Chenab,Panjnad H/W,2016-01-04 00:00:00,6398,6398
Chenab,Panjnad H/W,2016-01-05 00:00:00,6398,6398
Chenab,Panjnad H/W,2016-01-06 00:00:00,4861,4861
Chenab,Panjnad H/W,2016-01-07 00:00:00,4861,4861
Chenab,Panjnad H/W,2016-01-08 00:00:00,4770,4770
Chenab,Panjnad H/W,2016-01-09 00:00:00,4009,4009
Chenab,Panjnad H/W,2016-01-10 00:00:00,4009,4009
Chenab,Panjnad H/W,2016-01-11 00:00:00,3624,3624
Chenab,Panjnad H/W,2016-01-12 00:00:00,4009,4009
Chenab,Panjnad H/W,2016-01-13 00:00:00,4009,4009
Chenab,Panjnad H/W,2016-01-14 00:00:00,6509,6509
Chenab,Panjnad H/W,2016-01-15 00:00:00,13737,13737
Chenab,Panjnad H/W,2016-01-16 00:00:00,13737,13737
Chenab,Panjnad H/W,2016-01-17 00:00:00,12630,12630
Chenab,Panjnad H/W,2016-01-18 00:00:00,11656,11656
Chenab,Panjnad H/W,2016-01-19 00:00:00,11656,11656
Chenab,Panjnad H/W,2016-01-20 00:00:00,11656,11656
Chenab,Panjnad H/W,2016-01-21 00:00:00,12630,12630
Chenab,Panjnad H/W,2016-01-22 00:00:00,14160,14160
Chenab,Panjnad H/W,2016-01-23 00:00:00,15835,15835
Chenab,Panjnad H/W,2016-01-24 00:00:00,Heading up,NIL
Chenab,Panjnad H/W,2016-01-25 00:00:00,8642,8292
Chenab,Panjnad H/W,2016-01-26 00:00:00,10465,10165
Chenab,Panjnad H/W,2016-01-27 00:00:00,12639,12339
Chenab,Panjnad H/W,2016-01-28 00:00:00,12639,12339
Chenab,Panjnad H/W,2016-01-29 00:00:00,13908,13358
Chenab,Panjnad H/W,2016-01-30 00:00:00,13908,13358
Chenab,Panjnad H/W,2016-01-31 00:00:00,13759,12709
Ravi,Balloki H/W,2016-01-01 00:00:00,2665,2665
Ravi,Balloki H/W,2016-01-02 00:00:00,2665,2665
Ravi,Balloki H/W,2016-01-03 00:00:00,2425,2425
Ravi,Balloki H/W,2016-01-04 00:00:00,2425,2425
Ravi,Balloki H/W,2016-01-05 00:00:00,2425,2425
Ravi,Balloki H/W,2016-01-06 00:00:00,2425,2425
Ravi,Balloki H/W,2016-01-07 00:00:00,2425,2425
Ravi,Balloki H/W,2016-01-08 00:00:00,2425,2425
Ravi,Balloki H/W,2016-01-09 00:00:00,2210,2210
Ravi,Balloki H/W,2016-01-10 00:00:00,2210,2210
Ravi,Balloki H/W,2016-01-11 00:00:00,2210,2210
Ravi,Balloki H/W,2016-01-12 00:00:00,2210,2210
Ravi,Balloki H/W,2016-01-13 00:00:00,2210,2210
Ravi,Balloki H/W,2016-01-14 00:00:00,2425,2425
Ravi,Balloki H/W,2016-01-15 00:00:00,2425,2425
Ravi,Balloki H/W,2016-01-16 00:00:00,2425,2425
Ravi,Balloki H/W,2016-01-17 00:00:00,2425,2425
Ravi,Balloki H/W,2016-01-18 00:00:00,2210,2210
Ravi,Balloki H/W,2016-01-19 00:00:00,2210,2210
Ravi,Balloki H/W,2016-01-20 00:00:00,2210,2210
Ravi,Balloki H/W,2016-01-21 00:00:00,2210,2210
Ravi,Balloki H/W,2016-01-22 00:00:00,2210,2210
Ravi,Balloki H/W,2016-01-23 00:00:00,2210,2210
Ravi,Balloki H/W,2016-01-24 00:00:00,2210,2210
Ravi,Balloki H/W,2016-01-25 00:00:00,2210,2210
Ravi,Balloki H/W,2016-01-26 00:00:00,2425,2425
Ravi,Balloki H/W,2016-01-27 00:00:00,2425,2425
Ravi,Balloki H/W,2016-01-28 00:00:00,2425,2425
Ravi,Balloki H/W,2016-01-29 00:00:00,2425,2425
Ravi,Balloki H/W,2016-01-30 00:00:00,2665,2665
Ravi,Balloki H/W,2016-01-31 00:00:00,3650,3650
Ravi,Sidhnai H/W,2016-01-01 00:00:00,7754,1654
Ravi,Sidhnai H/W,2016-01-02 00:00:00,8817,2317
Ravi,Sidhnai H/W,2016-01-03 00:00:00,9805,3305
Ravi,Sidhnai H/W,2016-01-04 00:00:00,8156,1656
Ravi,Sidhnai H/W,2016-01-05 00:00:00,8156,1656
Ravi,Sidhnai H/W,2016-01-06 00:00:00,7495,995
Ravi,Sidhnai H/W,2016-01-07 00:00:00,7822,1322
Ravi,Sidhnai H/W,2016-01-08 00:00:00,7495,995
Ravi,Sidhnai H/W,2016-01-09 00:00:00,7495,995
Ravi,Sidhnai H/W,2016-01-10 00:00:00,6834,334
Ravi,Sidhnai H/W,2016-01-11 00:00:00,4627,4627
Ravi,Sidhnai H/W,2016-01-12 00:00:00,4010,4010
Ravi,Sidhnai H/W,2016-01-13 00:00:00,2840,2840
Ravi,Sidhnai H/W,2016-01-14 00:00:00,2840,2840
Ravi,Sidhnai H/W,2016-01-15 00:00:00,2480,2480
Ravi,Sidhnai H/W,2016-01-16 00:00:00,2480,2480
Ravi,Sidhnai H/W,2016-01-17 00:00:00,2480,2480
Ravi,Sidhnai H/W,2016-01-18 00:00:00,2480,2480
Ravi,Sidhnai H/W,2016-01-19 00:00:00,2480,2480
Ravi,Sidhnai H/W,2016-01-20 00:00:00,2480,2480
Ravi,Sidhnai H/W,2016-01-21 00:00:00,2480,2480
Ravi,Sidhnai H/W,2016-01-22 00:00:00,2480,2480
Ravi,Sidhnai H/W,2016-01-23 00:00:00,2480,2480
Ravi,Sidhnai H/W,2016-01-24 00:00:00,2480,2480
Ravi,Sidhnai H/W,2016-01-25 00:00:00,2480,2480
Ravi,Sidhnai H/W,2016-01-26 00:00:00,2480,2480
Ravi,Sidhnai H/W,2016-01-27 00:00:00,2480,2480
Ravi,Sidhnai H/W,2016-01-28 00:00:00,2480,2480
Ravi,Sidhnai H/W,2016-01-29 00:00:00,2480,2480
Ravi,Sidhnai H/W,2016-01-30 00:00:00,Heading up,NIL
Ravi,Sidhnai H/W,2016-01-31 00:00:00,Heading up,NIL
Sutlej,Suleimanki H/W,2016-01-01 00:00:00,809,809
Sutlej,Suleimanki H/W,2016-01-02 00:00:00,809,809
Sutlej,Suleimanki H/W,2016-01-03 00:00:00,809,809
Sutlej,Suleimanki H/W,2016-01-04 00:00:00,809,809
Sutlej,Suleimanki H/W,2016-01-05 00:00:00,809,809
Sutlej,Suleimanki H/W,2016-01-06 00:00:00,809,809
Sutlej,Suleimanki H/W,2016-01-07 00:00:00,809,809
Sutlej,Suleimanki H/W,2016-01-08 00:00:00,809,809
Sutlej,Suleimanki H/W,2016-01-09 00:00:00,809,809
Sutlej,Suleimanki H/W,2016-01-10 00:00:00,809,809
Sutlej,Suleimanki H/W,2016-01-11 00:00:00,809,809
Sutlej,Suleimanki H/W,2016-01-12 00:00:00,809,809
Sutlej,Suleimanki H/W,2016-01-13 00:00:00,809,809
Sutlej,Suleimanki H/W,2016-01-14 00:00:00,809,809
Sutlej,Suleimanki H/W,2016-01-15 00:00:00,809,809
Sutlej,Suleimanki H/W,2016-01-16 00:00:00,809,809
Sutlej,Suleimanki H/W,2016-01-17 00:00:00,809,809
Sutlej,Suleimanki H/W,2016-01-18 00:00:00,809,809
Sutlej,Suleimanki H/W,2016-01-19 00:00:00,809,809
Sutlej,Suleimanki H/W,2016-01-20 00:00:00,809,809
Sutlej,Suleimanki H/W,2016-01-21 00:00:00,809,809
Sutlej,Suleimanki H/W,2016-01-22 00:00:00,809,809
Sutlej,Suleimanki H/W,2016-01-23 00:00:00,809,809
Sutlej,Suleimanki H/W,2016-01-24 00:00:00,809,809
Sutlej,Suleimanki H/W,2016-01-25 00:00:00,2156,2156
Sutlej,Suleimanki H/W,2016-01-26 00:00:00,2156,2156
Sutlej,Suleimanki H/W,2016-01-27 00:00:00,2156,2156
Sutlej,Suleimanki H/W,2016-01-28 00:00:00,2156,2156
Sutlej,Suleimanki H/W,2016-01-29 00:00:00,2156,2156
Sutlej,Suleimanki H/W,2016-01-30 00:00:00,2156,2156
Sutlej,Suleimanki H/W,2016-01-31 00:00:00,2156,2156
Sutlej,Islam H/W,2016-01-01 00:00:00,700,NIL
Sutlej,Islam H/W,2016-01-02 00:00:00,500,NIL
Sutlej,Islam H/W,2016-01-03 00:00:00,700,NIL
Sutlej,Islam H/W,2016-01-04 00:00:00,900,NIL
Sutlej,Islam H/W,2016-01-05 00:00:00,900,NIL
Sutlej,Islam H/W,2016-01-06 00:00:00,800,NIL
Sutlej,Islam H/W,2016-01-07 00:00:00,700,NIL
Sutlej,Islam H/W,2016-01-08 00:00:00,641,NIL
Sutlej,Islam H/W,2016-01-09 00:00:00,576,NIL
Sutlej,Islam H/W,2016-01-10 00:00:00,514,NIL
Sutlej,Islam H/W,2016-01-11 00:00:00,514,NIL
Sutlej,Islam H/W,2016-01-12 00:00:00,514,NIL
Sutlej,Islam H/W,2016-01-13 00:00:00,1777,1777
Sutlej,Islam H/W,2016-01-14 00:00:00,799,799
Sutlej,Islam H/W,2016-01-15 00:00:00,799,799
Sutlej,Islam H/W,2016-01-16 00:00:00,799,799
Sutlej,Islam H/W,2016-01-17 00:00:00,799,799
Sutlej,Islam H/W,2016-01-18 00:00:00,799,799
Sutlej,Islam H/W,2016-01-19 00:00:00,799,799
Sutlej,Islam H/W,2016-01-20 00:00:00,799,799
Sutlej,Islam H/W,2016-01-21 00:00:00,799,799
Sutlej,Islam H/W,2016-01-22 00:00:00,799,799
Sutlej,Islam H/W,2016-01-23 00:00:00,799,799
Sutlej,Islam H/W,2016-01-24 00:00:00,799,799
Sutlej,Islam H/W,2016-01-25 00:00:00,799,799
Sutlej,Islam H/W,2016-01-26 00:00:00,826,826
Sutlej,Islam H/W,2016-01-27 00:00:00,1277,1277
Sutlej,Islam H/W,2016-01-28 00:00:00,1272,1272
Sutlej,Islam H/W,2016-01-29 00:00:00,1272,1272
Sutlej,Islam H/W,2016-01-30 00:00:00,1272,1272
Sutlej,Islam H/W,2016-01-31 00:00:00,NIL,NIL
Indus,Kalabagh,2016-02-01 00:00:00,35868,34868
Indus,Kalabagh,2016-02-02 00:00:00,46026,45026
Indus,Kalabagh,2016-02-03 00:00:00,38887,36887
Indus,Kalabagh,2016-02-04 00:00:00,46085,43085
Indus,Kalabagh,2016-02-05 00:00:00,41854,37854
Indus,Kalabagh,2016-02-06 00:00:00,42168,38168
Indus,Kalabagh,2016-02-07 00:00:00,48701,44701
Indus,Kalabagh,2016-02-08 00:00:00,48243,42743
Indus,Kalabagh,2016-02-09 00:00:00,54322,47322
Indus,Kalabagh,2016-02-10 00:00:00,50018,43018
Indus,Kalabagh,2016-02-11 00:00:00,47843,40843
Indus,Kalabagh,2016-02-12 00:00:00,64402,56902
Indus,Kalabagh,2016-02-13 00:00:00,70325,62825
Indus,Kalabagh,2016-02-14 00:00:00,59124,51624
Indus,Kalabagh,2016-02-15 00:00:00,59014,51514
Indus,Kalabagh,2016-02-16 00:00:00,64155,56655
Indus,Kalabagh,2016-02-17 00:00:00,64190,56690
Indus,Kalabagh,2016-02-18 00:00:00,64575,56575
Indus,Kalabagh,2016-02-19 00:00:00,58926,50926
Indus,Kalabagh,2016-02-20 00:00:00,65455,57455
Indus,Kalabagh,2016-02-21 00:00:00,74150,66150
Indus,Kalabagh,2016-02-22 00:00:00,61033,53033
Indus,Kalabagh,2016-02-23 00:00:00,67940,59940
Indus,Kalabagh,2016-02-24 00:00:00,62243,54243
Indus,Kalabagh,2016-02-25 00:00:00,66881,58881
Indus,Kalabagh,2016-02-26 00:00:00,81143,73143
Indus,Kalabagh,2016-02-27 00:00:00,69473,61473
Indus,Kalabagh,2016-02-28 00:00:00,77044,69044
Indus,Kalabagh,2016-02-29 00:00:00,79241,71241
Indus,Taunsa Barrage,2016-02-01 00:00:00,32295,32295
Indus,Taunsa Barrage,2016-02-02 00:00:00,33321,33321
Indus,Taunsa Barrage,2016-02-03 00:00:00,35827,35827
Indus,Taunsa Barrage,2016-02-04 00:00:00,26675,23675
Indus,Taunsa Barrage,2016-02-05 00:00:00,33917,33917
Indus,Taunsa Barrage,2016-02-06 00:00:00,33917,33917
Indus,Taunsa Barrage,2016-02-07 00:00:00,32150,28260
Indus,Taunsa Barrage,2016-02-08 00:00:00,32150,28260
Indus,Taunsa Barrage,2016-02-09 00:00:00,34494,30132
Indus,Taunsa Barrage,2016-02-10 00:00:00,35833,30920
Indus,Taunsa Barrage,2016-02-11 00:00:00,30212,23412
Indus,Taunsa Barrage,2016-02-12 00:00:00,30955,22274
Indus,Taunsa Barrage,2016-02-13 00:00:00,30899,21667
Indus,Taunsa Barrage,2016-02-14 00:00:00,32644,22928
Indus,Taunsa Barrage,2016-02-15 00:00:00,42679,34602
Indus,Taunsa Barrage,2016-02-16 00:00:00,42679,34602
Indus,Taunsa Barrage,2016-02-17 00:00:00,42195,34272
Indus,Taunsa Barrage,2016-02-18 00:00:00,42111,34098
Indus,Taunsa Barrage,2016-02-19 00:00:00,42111,34098
Indus,Taunsa Barrage,2016-02-20 00:00:00,43399,35427
Indus,Taunsa Barrage,2016-02-21 00:00:00,42160,34459
Indus,Taunsa Barrage,2016-02-22 00:00:00,42160,34643
Indus,Taunsa Barrage,2016-02-23 00:00:00,41752,33994
Indus,Taunsa Barrage,2016-02-24 00:00:00,39602,32377
Indus,Taunsa Barrage,2016-02-25 00:00:00,40265,33976
Indus,Taunsa Barrage,2016-02-26 00:00:00,49605,42346
Indus,Taunsa Barrage,2016-02-27 00:00:00,51100,43669
Indus,Taunsa Barrage,2016-02-28 00:00:00,52469,45154
Indus,Taunsa Barrage,2016-02-29 00:00:00,52469,45154
Indus,Chashma Barrage,2016-02-01 00:00:00,27040,27040
Indus,Chashma Barrage,2016-02-02 00:00:00,35369,35369
Indus,Chashma Barrage,2016-02-03 00:00:00,35015,35015
Indus,Chashma Barrage,2016-02-04 00:00:00,34734,34734
Indus,Chashma Barrage,2016-02-05 00:00:00,37170,33000
Indus,Chashma Barrage,2016-02-06 00:00:00,41172,37000
Indus,Chashma Barrage,2016-02-07 00:00:00,44409,37000
Indus,Chashma Barrage,2016-02-08 00:00:00,40904,37000
Indus,Chashma Barrage,2016-02-09 00:00:00,39180,32000
Indus,Chashma Barrage,2016-02-10 00:00:00,38569,32000
Indus,Chashma Barrage,2016-02-11 00:00:00,32277,45000
Indus,Chashma Barrage,2016-02-12 00:00:00,34514,45000
Indus,Chashma Barrage,2016-02-13 00:00:00,47915,45000
Indus,Chashma Barrage,2016-02-14 00:00:00,52786,45000
Indus,Chashma Barrage,2016-02-15 00:00:00,40744,45000
Indus,Chashma Barrage,2016-02-16 00:00:00,38440,45000
Indus,Chashma Barrage,2016-02-17 00:00:00,38690,45000
Indus,Chashma Barrage,2016-02-18 00:00:00,51096,45000
Indus,Chashma Barrage,2016-02-19 00:00:00,45314,45000
Indus,Chashma Barrage,2016-02-20 00:00:00,45055,45000
Indus,Chashma Barrage,2016-02-21 00:00:00,48944,42000
Indus,Chashma Barrage,2016-02-22 00:00:00,56722,42000
Indus,Chashma Barrage,2016-02-23 00:00:00,45318,57000
Indus,Chashma Barrage,2016-02-24 00:00:00,51259,55577
Indus,Chashma Barrage,2016-02-25 00:00:00,65741,57000
Indus,Chashma Barrage,2016-02-26 00:00:00,62388,63000
Indus,Chashma Barrage,2016-02-27 00:00:00,63579,59379
Indus,Chashma Barrage,2016-02-28 00:00:00,82438,63000
Indus,Chashma Barrage,2016-02-29 00:00:00,71372,63000
Jhelum,Rasul Barrage,2016-02-01 00:00:00,17900,NIL
Jhelum,Rasul Barrage,2016-02-02 00:00:00,29895,11895
Jhelum,Rasul Barrage,2016-02-03 00:00:00,40765,23610
Jhelum,Rasul Barrage,2016-02-04 00:00:00,58590,40435
Jhelum,Rasul Barrage,2016-02-05 00:00:00,53763,35325
Jhelum,Rasul Barrage,2016-02-06 00:00:00,58470,39230
Jhelum,Rasul Barrage,2016-02-07 00:00:00,54763,35325
Jhelum,Rasul Barrage,2016-02-08 00:00:00,63470,43135
Jhelum,Rasul Barrage,2016-02-09 00:00:00,59565,39230
Jhelum,Rasul Barrage,2016-02-10 00:00:00,63470,43135
Jhelum,Rasul Barrage,2016-02-11 00:00:00,59565,39230
Jhelum,Rasul Barrage,2016-02-12 00:00:00,59565,39230
Jhelum,Rasul Barrage,2016-02-13 00:00:00,59615,39230
Jhelum,Rasul Barrage,2016-02-14 00:00:00,59615,39230
Jhelum,Rasul Barrage,2016-02-15 00:00:00,59820,39230
Jhelum,Rasul Barrage,2016-02-16 00:00:00,63100,43125
Jhelum,Rasul Barrage,2016-02-17 00:00:00,59615,39230
Jhelum,Rasul Barrage,2016-02-18 00:00:00,55403,35325
Jhelum,Rasul Barrage,2016-02-19 00:00:00,59308,39230
Jhelum,Rasul Barrage,2016-02-20 00:00:00,59308,39230
Jhelum,Rasul Barrage,2016-02-21 00:00:00,59205,39230
Jhelum,Rasul Barrage,2016-02-22 00:00:00,59308,39230
Jhelum,Rasul Barrage,2016-02-23 00:00:00,59308,39230
Jhelum,Rasul Barrage,2016-02-24 00:00:00,55198,35325
Jhelum,Rasul Barrage,2016-02-25 00:00:00,55300,35325
Jhelum,Rasul Barrage,2016-02-26 00:00:00,51397,31422
Jhelum,Rasul Barrage,2016-02-27 00:00:00,55198,35325
Jhelum,Rasul Barrage,2016-02-28 00:00:00,55198,35325
Jhelum,Rasul Barrage,2016-02-29 00:00:00,55198,35325
Chenab,Marala H/W,2016-02-01 00:00:00,6268,2668
Chenab,Marala H/W,2016-02-02 00:00:00,6268,2668
Chenab,Marala H/W,2016-02-03 00:00:00,6668,2668
Chenab,Marala H/W,2016-02-04 00:00:00,6668,2668
Chenab,Marala H/W,2016-02-05 00:00:00,6668,2668
Chenab,Marala H/W,2016-02-06 00:00:00,7227,3227
Chenab,Marala H/W,2016-02-07 00:00:00,6668,2668
Chenab,Marala H/W,2016-02-08 00:00:00,6668,2668
Chenab,Marala H/W,2016-02-09 00:00:00,7318,2668
Chenab,Marala H/W,2016-02-10 00:00:00,7318,2668
Chenab,Marala H/W,2016-02-11 00:00:00,7268,2668
Chenab,Marala H/W,2016-02-12 00:00:00,7268,2668
Chenab,Marala H/W,2016-02-13 00:00:00,7668,2668
Chenab,Marala H/W,2016-02-14 00:00:00,7668,2668
Chenab,Marala H/W,2016-02-15 00:00:00,7668,2668
Chenab,Marala H/W,2016-02-16 00:00:00,7668,2668
Chenab,Marala H/W,2016-02-17 00:00:00,7035,2035
Chenab,Marala H/W,2016-02-18 00:00:00,7285,2035
Chenab,Marala H/W,2016-02-19 00:00:00,7306,3000
Chenab,Marala H/W,2016-02-20 00:00:00,6692,3000
Chenab,Marala H/W,2016-02-21 00:00:00,11920,6670
Chenab,Marala H/W,2016-02-22 00:00:00,8250,3000
Chenab,Marala H/W,2016-02-23 00:00:00,12648,7398
Chenab,Marala H/W,2016-02-24 00:00:00,12648,7398
Chenab,Marala H/W,2016-02-25 00:00:00,10586,5336
Chenab,Marala H/W,2016-02-26 00:00:00,8250,3000
Chenab,Marala H/W,2016-02-27 00:00:00,7556,3000
Chenab,Marala H/W,2016-02-28 00:00:00,7182,3000
Chenab,Marala H/W,2016-02-29 00:00:00,7182,3000
Chenab,Khanki H/W,2016-02-01 00:00:00,3010,3010
Chenab,Khanki H/W,2016-02-02 00:00:00,3010,3010
Chenab,Khanki H/W,2016-02-03 00:00:00,4034,4034
Chenab,Khanki H/W,2016-02-04 00:00:00,4741,4741
Chenab,Khanki H/W,2016-02-05 00:00:00,4741,4741
Chenab,Khanki H/W,2016-02-06 00:00:00,4741,4741
Chenab,Khanki H/W,2016-02-07 00:00:00,4741,4741
Chenab,Khanki H/W,2016-02-08 00:00:00,4741,4741
Chenab,Khanki H/W,2016-02-09 00:00:00,4741,4741
Chenab,Khanki H/W,2016-02-10 00:00:00,4741,4741
Chenab,Khanki H/W,2016-02-11 00:00:00,4446,3946
Chenab,Khanki H/W,2016-02-12 00:00:00,4646,3946
Chenab,Khanki H/W,2016-02-13 00:00:00,4946,3946
Chenab,Khanki H/W,2016-02-14 00:00:00,4946,3946
Chenab,Khanki H/W,2016-02-15 00:00:00,5146,3946
Chenab,Khanki H/W,2016-02-16 00:00:00,5228,3028
Chenab,Khanki H/W,2016-02-17 00:00:00,4000,NIL
Chenab,Khanki H/W,2016-02-18 00:00:00,3826,NIL
Chenab,Khanki H/W,2016-02-19 00:00:00,3733,NIL
Chenab,Khanki H/W,2016-02-20 00:00:00,4600,NIL
Chenab,Khanki H/W,2016-02-21 00:00:00,4600,NIL
Chenab,Khanki H/W,2016-02-22 00:00:00,9096,3946
Chenab,Khanki H/W,2016-02-23 00:00:00,6353,1053
Chenab,Khanki H/W,2016-02-24 00:00:00,8989,3139
Chenab,Khanki H/W,2016-02-25 00:00:00,8534,2634
Chenab,Khanki H/W,2016-02-26 00:00:00,7533,1633
Chenab,Khanki H/W,2016-02-27 00:00:00,5950,NIL
Chenab,Khanki H/W,2016-02-28 00:00:00,5023,NIL
Chenab,Khanki H/W,2016-02-29 00:00:00,4971,NIL
Chenab,Qadirabad Barrage,2016-02-01 00:00:00,14286,11286
Chenab,Qadirabad Barrage,2016-02-02 00:00:00,16399,7774
Chenab,Qadirabad Barrage,2016-02-03 00:00:00,16448,6723
Chenab,Qadirabad Barrage,2016-02-04 00:00:00,18697,10697
Chenab,Qadirabad Barrage,2016-02-05 00:00:00,20022,12022
Chenab,Qadirabad Barrage,2016-02-06 00:00:00,21347,13347
Chenab,Qadirabad Barrage,2016-02-07 00:00:00,21347,13347
Chenab,Qadirabad Barrage,2016-02-08 00:00:00,21347,13347
Chenab,Qadirabad Barrage,2016-02-09 00:00:00,23135,9373
Chenab,Qadirabad Barrage,2016-02-10 00:00:00,23048,8048
Chenab,Qadirabad Barrage,2016-02-11 00:00:00,23774,5399
Chenab,Qadirabad Barrage,2016-02-12 00:00:00,22749,2749
Chenab,Qadirabad Barrage,2016-02-13 00:00:00,22749,2749
Chenab,Qadirabad Barrage,2016-02-14 00:00:00,22749,2749
Chenab,Qadirabad Barrage,2016-02-15 00:00:00,22749,2749
Chenab,Qadirabad Barrage,2016-02-16 00:00:00,22749,2749
Chenab,Qadirabad Barrage,2016-02-17 00:00:00,22749,2749
Chenab,Qadirabad Barrage,2016-02-18 00:00:00,19000,NIL
Chenab,Qadirabad Barrage,2016-02-19 00:00:00,20000,NIL
Chenab,Qadirabad Barrage,2016-02-20 00:00:00,20000,NIL
Chenab,Qadirabad Barrage,2016-02-21 00:00:00,20000,NIL
Chenab,Qadirabad Barrage,2016-02-22 00:00:00,19000,NIL
Chenab,Qadirabad Barrage,2016-02-23 00:00:00,22749,2749
Chenab,Qadirabad Barrage,2016-02-24 00:00:00,21575,NIL
Chenab,Qadirabad Barrage,2016-02-25 00:00:00,22000,NIL
Chenab,Qadirabad Barrage,2016-02-26 00:00:00,22000,NIL
Chenab,Qadirabad Barrage,2016-02-27 00:00:00,20000,NIL
Chenab,Qadirabad Barrage,2016-02-28 00:00:00,20000,NIL
Chenab,Qadirabad Barrage,2016-02-29 00:00:00,20900,NIL
Chenab,Trimmu H/W,2016-02-01 00:00:00,5589,5589
Chenab,Trimmu H/W,2016-02-02 00:00:00,Heading up,NIL
Chenab,Trimmu H/W,2016-02-03 00:00:00,2000,NIL
Chenab,Trimmu H/W,2016-02-04 00:00:00,6500,NIL
Chenab,Trimmu H/W,2016-02-05 00:00:00,7800,NIL
Chenab,Trimmu H/W,2016-02-06 00:00:00,12316,4516
Chenab,Trimmu H/W,2016-02-07 00:00:00,32463,24463
Chenab,Trimmu H/W,2016-02-08 00:00:00,47247,39247
Chenab,Trimmu H/W,2016-02-09 00:00:00,42121,33121
Chenab,Trimmu H/W,2016-02-10 00:00:00,48270,36270
Chenab,Trimmu H/W,2016-02-11 00:00:00,45121,33121
Chenab,Trimmu H/W,2016-02-12 00:00:00,42933,29733
Chenab,Trimmu H/W,2016-02-13 00:00:00,42933,29733
Chenab,Trimmu H/W,2016-02-14 00:00:00,42933,29733
Chenab,Trimmu H/W,2016-02-15 00:00:00,42933,29733
Chenab,Trimmu H/W,2016-02-16 00:00:00,39413,26113
Chenab,Trimmu H/W,2016-02-17 00:00:00,41400,29000
Chenab,Trimmu H/W,2016-02-18 00:00:00,41400,29000
Chenab,Trimmu H/W,2016-02-19 00:00:00,41400,29000
Chenab,Trimmu H/W,2016-02-20 00:00:00,41000,29000
Chenab,Trimmu H/W,2016-02-21 00:00:00,41000,29000
Chenab,Trimmu H/W,2016-02-22 00:00:00,39638,25638
Chenab,Trimmu H/W,2016-02-23 00:00:00,36664,23664
Chenab,Trimmu H/W,2016-02-24 00:00:00,36664,23664
Chenab,Trimmu H/W,2016-02-25 00:00:00,36664,23664
Chenab,Trimmu H/W,2016-02-26 00:00:00,36164,23664
Chenab,Trimmu H/W,2016-02-27 00:00:00,35917,24417
Chenab,Trimmu H/W,2016-02-28 00:00:00,33570,21070
Chenab,Trimmu H/W,2016-02-29 00:00:00,34570,21070
Chenab,Panjnad H/W,2016-02-01 00:00:00,13589,12339
Chenab,Panjnad H/W,2016-02-02 00:00:00,12819,11569
Chenab,Panjnad H/W,2016-02-03 00:00:00,11816,10216
Chenab,Panjnad H/W,2016-02-04 00:00:00,11699,8799
Chenab,Panjnad H/W,2016-02-05 00:00:00,11620,8070
Chenab,Panjnad H/W,2016-02-06 00:00:00,8395,3845
Chenab,Panjnad H/W,2016-02-07 00:00:00,4875,NIL
Chenab,Panjnad H/W,2016-02-08 00:00:00,5475,NIL
Chenab,Panjnad H/W,2016-02-09 00:00:00,7031,1556
Chenab,Panjnad H/W,2016-02-10 00:00:00,10444,4769
Chenab,Panjnad H/W,2016-02-11 00:00:00,18122,12347
Chenab,Panjnad H/W,2016-02-12 00:00:00,26691,19516
Chenab,Panjnad H/W,2016-02-13 00:00:00,29950,22775
Chenab,Panjnad H/W,2016-02-14 00:00:00,31017,23842
Chenab,Panjnad H/W,2016-02-15 00:00:00,26630,19455
Chenab,Panjnad H/W,2016-02-16 00:00:00,28055,19455
Chenab,Panjnad H/W,2016-02-17 00:00:00,26549,18749
Chenab,Panjnad H/W,2016-02-18 00:00:00,28325,19525
Chenab,Panjnad H/W,2016-02-19 00:00:00,29175,19525
Chenab,Panjnad H/W,2016-02-20 00:00:00,27327,17927
Chenab,Panjnad H/W,2016-02-21 00:00:00,26781,17081
Chenab,Panjnad H/W,2016-02-22 00:00:00,25866,15666
Chenab,Panjnad H/W,2016-02-23 00:00:00,28227,17927
Chenab,Panjnad H/W,2016-02-24 00:00:00,26322,15972
Chenab,Panjnad H/W,2016-02-25 00:00:00,24973,14423
Chenab,Panjnad H/W,2016-02-26 00:00:00,24270,13520
Chenab,Panjnad H/W,2016-02-27 00:00:00,24345,13520
Chenab,Panjnad H/W,2016-02-28 00:00:00,22164,11139
Chenab,Panjnad H/W,2016-02-29 00:00:00,22164,11139
Ravi,Balloki H/W,2016-02-01 00:00:00,4105,3105
Ravi,Balloki H/W,2016-02-02 00:00:00,4105,3105
Ravi,Balloki H/W,2016-02-03 00:00:00,4990,3990
Ravi,Balloki H/W,2016-02-04 00:00:00,8560,6560
Ravi,Balloki H/W,2016-02-05 00:00:00,8740,3740
Ravi,Balloki H/W,2016-02-06 00:00:00,8740,3740
Ravi,Balloki H/W,2016-02-07 00:00:00,9180,1680
Ravi,Balloki H/W,2016-02-08 00:00:00,8955,455
Ravi,Balloki H/W,2016-02-09 00:00:00,8955,455
Ravi,Balloki H/W,2016-02-10 00:00:00,12825,2325
Ravi,Balloki H/W,2016-02-11 00:00:00,12970,970
Ravi,Balloki H/W,2016-02-12 00:00:00,15540,3540
Ravi,Balloki H/W,2016-02-13 00:00:00,16645,3145
Ravi,Balloki H/W,2016-02-14 00:00:00,16710,2710
Ravi,Balloki H/W,2016-02-15 00:00:00,16710,2710
Ravi,Balloki H/W,2016-02-16 00:00:00,16710,2710
Ravi,Balloki H/W,2016-02-17 00:00:00,16210,2710
Ravi,Balloki H/W,2016-02-18 00:00:00,16170,2170
Ravi,Balloki H/W,2016-02-19 00:00:00,16125,1625
Ravi,Balloki H/W,2016-02-20 00:00:00,16625,1625
Ravi,Balloki H/W,2016-02-21 00:00:00,16625,1625
Ravi,Balloki H/W,2016-02-22 00:00:00,16625,1625
Ravi,Balloki H/W,2016-02-23 00:00:00,16050,550
Ravi,Balloki H/W,2016-02-24 00:00:00,16380,880
Ravi,Balloki H/W,2016-02-25 00:00:00,18100,NIL
Ravi,Balloki H/W,2016-02-26 00:00:00,18230,1730
Ravi,Balloki H/W,2016-02-27 00:00:00,17585,1085
Ravi,Balloki H/W,2016-02-28 00:00:00,16200,NIL
Ravi,Balloki H/W,2016-02-29 00:00:00,15700,NIL
Ravi,Sidhnai H/W,2016-02-01 00:00:00,Heading up,NIL
Ravi,Sidhnai H/W,2016-02-02 00:00:00,Heading up,NIL
Ravi,Sidhnai H/W,2016-02-03 00:00:00,Heading up,NIL
Ravi,Sidhnai H/W,2016-02-04 00:00:00,5805,3305
Ravi,Sidhnai H/W,2016-02-05 00:00:00,9896,6396
Ravi,Sidhnai H/W,2016-02-06 00:00:00,11808,7608
Ravi,Sidhnai H/W,2016-02-07 00:00:00,11245,5845
Ravi,Sidhnai H/W,2016-02-08 00:00:00,9574,3574
Ravi,Sidhnai H/W,2016-02-09 00:00:00,7457,1957
Ravi,Sidhnai H/W,2016-02-10 00:00:00,9261,661
Ravi,Sidhnai H/W,2016-02-11 00:00:00,11617,2317
Ravi,Sidhnai H/W,2016-02-12 00:00:00,10895,995
Ravi,Sidhnai H/W,2016-02-13 00:00:00,11172,1322
Ravi,Sidhnai H/W,2016-02-14 00:00:00,11572,1372
Ravi,Sidhnai H/W,2016-02-15 00:00:00,11461,661
Ravi,Sidhnai H/W,2016-02-16 00:00:00,12783,1983
Ravi,Sidhnai H/W,2016-02-17 00:00:00,11922,1322
Ravi,Sidhnai H/W,2016-02-18 00:00:00,11061,661
Ravi,Sidhnai H/W,2016-02-19 00:00:00,11061,661
Ravi,Sidhnai H/W,2016-02-20 00:00:00,11283,1983
Ravi,Sidhnai H/W,2016-02-21 00:00:00,11022,1322
Ravi,Sidhnai H/W,2016-02-22 00:00:00,11722,1322
Ravi,Sidhnai H/W,2016-02-23 00:00:00,11795,995
Ravi,Sidhnai H/W,2016-02-24 00:00:00,11695,995
Ravi,Sidhnai H/W,2016-02-25 00:00:00,11195,995
Ravi,Sidhnai H/W,2016-02-26 00:00:00,11095,995
Ravi,Sidhnai H/W,2016-02-27 00:00:00,9883,1983
Ravi,Sidhnai H/W,2016-02-28 00:00:00,9900,NIL
Ravi,Sidhnai H/W,2016-02-29 00:00:00,10634,334
Sutlej,Suleimanki H/W,2016-02-01 00:00:00,1209,NIL
Sutlej,Suleimanki H/W,2016-02-02 00:00:00,1701,NIL
Sutlej,Suleimanki H/W,2016-02-03 00:00:00,2710,NIL
Sutlej,Suleimanki H/W,2016-02-04 00:00:00,2024,NIL
Sutlej,Suleimanki H/W,2016-02-05 00:00:00,3005,NIL
Sutlej,Suleimanki H/W,2016-02-06 00:00:00,4706,NIL
Sutlej,Suleimanki H/W,2016-02-07 00:00:00,6013,NIL
Sutlej,Suleimanki H/W,2016-02-08 00:00:00,6046,NIL
Sutlej,Suleimanki H/W,2016-02-09 00:00:00,7721,1009
Sutlej,Suleimanki H/W,2016-02-10 00:00:00,7721,1009
Sutlej,Suleimanki H/W,2016-02-11 00:00:00,8512,1307
Sutlej,Suleimanki H/W,2016-02-12 00:00:00,9468,2163
Sutlej,Suleimanki H/W,2016-02-13 00:00:00,9278,1861
Sutlej,Suleimanki H/W,2016-02-14 00:00:00,8559,1307
Sutlej,Suleimanki H/W,2016-02-15 00:00:00,11119,3867
Sutlej,Suleimanki H/W,2016-02-16 00:00:00,11534,4282
Sutlej,Suleimanki H/W,2016-02-17 00:00:00,8989,1537
Sutlej,Suleimanki H/W,2016-02-18 00:00:00,9039,1537
Sutlej,Suleimanki H/W,2016-02-19 00:00:00,9089,1537
Sutlej,Suleimanki H/W,2016-02-20 00:00:00,9168,2163
Sutlej,Suleimanki H/W,2016-02-21 00:00:00,10091,3089
Sutlej,Suleimanki H/W,2016-02-22 00:00:00,10011,2709
Sutlej,Suleimanki H/W,2016-02-23 00:00:00,10111,2709
Sutlej,Suleimanki H/W,2016-02-24 00:00:00,10161,2709
Sutlej,Suleimanki H/W,2016-02-25 00:00:00,10881,3379
Sutlej,Suleimanki H/W,2016-02-26 00:00:00,10881,3379
Sutlej,Suleimanki H/W,2016-02-27 00:00:00,11183,3629
Sutlej,Suleimanki H/W,2016-02-28 00:00:00,11233,3629
Sutlej,Suleimanki H/W,2016-02-29 00:00:00,10871,3267
Sutlej,Islam H/W,2016-02-01 00:00:00,Heading up,NIL
Sutlej,Islam H/W,2016-02-02 00:00:00,Heading up,NIL
Sutlej,Islam H/W,2016-02-03 00:00:00,300,NIL
Sutlej,Islam H/W,2016-02-04 00:00:00,Heading up,NIL
Sutlej,Islam H/W,2016-02-05 00:00:00,300,NIL
Sutlej,Islam H/W,2016-02-06 00:00:00,162,NIL
Sutlej,Islam H/W,2016-02-07 00:00:00,Heading up,NIL
Sutlej,Islam H/W,2016-02-08 00:00:00,Heading up,NIL
Sutlej,Islam H/W,2016-02-09 00:00:00,Heading up,NIL
Sutlej,Islam H/W,2016-02-10 00:00:00,Heading up,NIL
Sutlej,Islam H/W,2016-02-11 00:00:00,Heading up,NIL
Sutlej,Islam H/W,2016-02-12 00:00:00,Heading up,NIL
Sutlej,Islam H/W,2016-02-13 00:00:00,Heading up,NIL
Sutlej,Islam H/W,2016-02-14 00:00:00,Heading up,NIL
Sutlej,Islam H/W,2016-02-15 00:00:00,Heading up,NIL
Sutlej,Islam H/W,2016-02-16 00:00:00,Heading up,NIL
Sutlej,Islam H/W,2016-02-17 00:00:00,Heading up,NIL
Sutlej,Islam H/W,2016-02-18 00:00:00,500,NIL
Sutlej,Islam H/W,2016-02-19 00:00:00,650,NIL
Sutlej,Islam H/W,2016-02-20 00:00:00,800,NIL
Sutlej,Islam H/W,2016-02-21 00:00:00,800,NIL
Sutlej,Islam H/W,2016-02-22 00:00:00,850,NIL
Sutlej,Islam H/W,2016-02-23 00:00:00,900,NIL
Sutlej,Islam H/W,2016-02-24 00:00:00,2172,1272
Sutlej,Islam H/W,2016-02-25 00:00:00,2172,1272
Sutlej,Islam H/W,2016-02-26 00:00:00,2122,1272
Sutlej,Islam H/W,2016-02-27 00:00:00,2122,1272
Sutlej,Islam H/W,2016-02-28 00:00:00,2122,1272
Sutlej,Islam H/W,2016-02-29 00:00:00,2627,1777
Indus,Kalabagh,2016-11-01 00:00:00,59737,53737
Indus,Kalabagh,2016-11-02 00:00:00,59123,52623
Indus,Kalabagh,2016-11-03 00:00:00,65807,58807
Indus,Kalabagh,2016-11-04 00:00:00,58301,51301
Indus,Kalabagh,2016-11-05 00:00:00,74866,67866
Indus,Kalabagh,2016-11-06 00:00:00,70971,63971
Indus,Kalabagh,2016-11-07 00:00:00,71324,64324
Indus,Kalabagh,2016-11-08 00:00:00,84094,77094
Indus,Kalabagh,2016-11-09 00:00:00,79561,72561
Indus,Kalabagh,2016-11-10 00:00:00,76884,69884
Indus,Kalabagh,2016-11-11 00:00:00,82729,75729
Indus,Kalabagh,2016-11-12 00:00:00,81856,74856
Indus,Kalabagh,2016-11-13 00:00:00,79401,72401
Indus,Kalabagh,2016-11-14 00:00:00,86680,79680
Indus,Kalabagh,2016-11-15 00:00:00,81167,74167
Indus,Kalabagh,2016-11-16 00:00:00,87681,80681
Indus,Kalabagh,2016-11-17 00:00:00,82477,75477
Indus,Kalabagh,2016-11-18 00:00:00,78440,71440
Indus,Kalabagh,2016-11-19 00:00:00,78683,71683
Indus,Kalabagh,2016-11-20 00:00:00,82867,75867
Indus,Kalabagh,2016-11-21 00:00:00,79122,72122
Indus,Kalabagh,2016-11-22 00:00:00,64990,57990
Indus,Kalabagh,2016-11-23 00:00:00,72200,65200
Indus,Kalabagh,2016-11-24 00:00:00,61485,54485
Indus,Kalabagh,2016-11-25 00:00:00,77127,70127
Indus,Kalabagh,2016-11-26 00:00:00,75669,68669
Indus,Kalabagh,2016-11-27 00:00:00,82877,75877
Indus,Kalabagh,2016-11-28 00:00:00,76548,69548
Indus,Kalabagh,2016-11-29 00:00:00,80425,73425
Indus,Kalabagh,2016-11-30 00:00:00,75772,68772
Indus,Taunsa Barrage,2016-11-01 00:00:00,38252,38252
Indus,Taunsa Barrage,2016-11-02 00:00:00,37100,37100
Indus,Taunsa Barrage,2016-11-03 00:00:00,36240,35540
Indus,Taunsa Barrage,2016-11-04 00:00:00,40845,40145
Indus,Taunsa Barrage,2016-11-05 00:00:00,43438,42738
Indus,Taunsa Barrage,2016-11-06 00:00:00,43638,42738
Indus,Taunsa Barrage,2016-11-07 00:00:00,43638,42738
Indus,Taunsa Barrage,2016-11-08 00:00:00,50689,49689
Indus,Taunsa Barrage,2016-11-09 00:00:00,55323,54323
Indus,Taunsa Barrage,2016-11-10 00:00:00,55323,54323
Indus,Taunsa Barrage,2016-11-11 00:00:00,56669,50169
Indus,Taunsa Barrage,2016-11-12 00:00:00,57600,50400
Indus,Taunsa Barrage,2016-11-13 00:00:00,57600,50400
Indus,Taunsa Barrage,2016-11-14 00:00:00,60004,52404
Indus,Taunsa Barrage,2016-11-15 00:00:00,60063,46849
Indus,Taunsa Barrage,2016-11-16 00:00:00,60160,46925
Indus,Taunsa Barrage,2016-11-17 00:00:00,61398,47890
Indus,Taunsa Barrage,2016-11-18 00:00:00,61398,47890
Indus,Taunsa Barrage,2016-11-19 00:00:00,61398,47890
Indus,Taunsa Barrage,2016-11-20 00:00:00,61671,47206
Indus,Taunsa Barrage,2016-11-21 00:00:00,61411,47003
Indus,Taunsa Barrage,2016-11-22 00:00:00,58922,45062
Indus,Taunsa Barrage,2016-11-23 00:00:00,58475,46535
Indus,Taunsa Barrage,2016-11-24 00:00:00,56453,44906
Indus,Taunsa Barrage,2016-11-25 00:00:00,56117,47531
Indus,Taunsa Barrage,2016-11-26 00:00:00,56493,47850
Indus,Taunsa Barrage,2016-11-27 00:00:00,54130,45848
Indus,Taunsa Barrage,2016-11-28 00:00:00,54979,46567
Indus,Taunsa Barrage,2016-11-29 00:00:00,56318,47701
Indus,Taunsa Barrage,2016-11-30 00:00:00,54808,46422
Indus,Chashma Barrage,2016-11-01 00:00:00,43886,35000
Indus,Chashma Barrage,2016-11-02 00:00:00,45743,45000
Indus,Chashma Barrage,2016-11-03 00:00:00,43188,45000
Indus,Chashma Barrage,2016-11-04 00:00:00,47606,45000
Indus,Chashma Barrage,2016-11-05 00:00:00,47606,45000
Indus,Chashma Barrage,2016-11-06 00:00:00,52142,59000
Indus,Chashma Barrage,2016-11-07 00:00:00,70576,59000
Indus,Chashma Barrage,2016-11-08 00:00:00,62700,59000
Indus,Chashma Barrage,2016-11-09 00:00:00,62700,59000
Indus,Chashma Barrage,2016-11-10 00:00:00,62700,59000
Indus,Chashma Barrage,2016-11-11 00:00:00,66160,64000
Indus,Chashma Barrage,2016-11-12 00:00:00,63480,64000
Indus,Chashma Barrage,2016-11-13 00:00:00,72914,64000
Indus,Chashma Barrage,2016-11-14 00:00:00,67500,64000
Indus,Chashma Barrage,2016-11-15 00:00:00,70289,64000
Indus,Chashma Barrage,2016-11-16 00:00:00,70289,64000
Indus,Chashma Barrage,2016-11-17 00:00:00,66106,64000
Indus,Chashma Barrage,2016-11-18 00:00:00,71683,64000
Indus,Chashma Barrage,2016-11-19 00:00:00,65500,62000
Indus,Chashma Barrage,2016-11-20 00:00:00,66894,62000
Indus,Chashma Barrage,2016-11-21 00:00:00,64129,59000
Indus,Chashma Barrage,2016-11-22 00:00:00,60871,59000
Indus,Chashma Barrage,2016-11-23 00:00:00,59711,59000
Indus,Chashma Barrage,2016-11-24 00:00:00,58317,59000
Indus,Chashma Barrage,2016-11-25 00:00:00,61106,59000
Indus,Chashma Barrage,2016-11-26 00:00:00,58317,59000
Indus,Chashma Barrage,2016-11-27 00:00:00,59644,59000
Indus,Chashma Barrage,2016-11-28 00:00:00,59711,59000
Indus,Chashma Barrage,2016-11-29 00:00:00,57576,59000
Indus,Chashma Barrage,2016-11-30 00:00:00,60038,59000
Jhelum,Rasul Barrage,2016-11-01 00:00:00,24906,5341
Jhelum,Rasul Barrage,2016-11-02 00:00:00,36135,15800
Jhelum,Rasul Barrage,2016-11-03 00:00:00,32230,11895
Jhelum,Rasul Barrage,2016-11-04 00:00:00,32080,11895
Jhelum,Rasul Barrage,2016-11-05 00:00:00,39890,19705
Jhelum,Rasul Barrage,2016-11-06 00:00:00,35933,15800
Jhelum,Rasul Barrage,2016-11-07 00:00:00,39838,19705
Jhelum,Rasul Barrage,2016-11-08 00:00:00,35933,15800
Jhelum,Rasul Barrage,2016-11-09 00:00:00,36033,15800
Jhelum,Rasul Barrage,2016-11-10 00:00:00,36033,15800
Jhelum,Rasul Barrage,2016-11-11 00:00:00,39938,19705
Jhelum,Rasul Barrage,2016-11-12 00:00:00,39938,19705
Jhelum,Rasul Barrage,2016-11-13 00:00:00,39938,19705
Jhelum,Rasul Barrage,2016-11-14 00:00:00,43843,23610
Jhelum,Rasul Barrage,2016-11-15 00:00:00,43843,23610
Jhelum,Rasul Barrage,2016-11-16 00:00:00,36033,15800
Jhelum,Rasul Barrage,2016-11-17 00:00:00,39938,19705
Jhelum,Rasul Barrage,2016-11-18 00:00:00,39938,19705
Jhelum,Rasul Barrage,2016-11-19 00:00:00,39938,19705
Jhelum,Rasul Barrage,2016-11-20 00:00:00,39938,19705
Jhelum,Rasul Barrage,2016-11-21 00:00:00,35930,15800
Jhelum,Rasul Barrage,2016-11-22 00:00:00,35930,15800
Jhelum,Rasul Barrage,2016-11-23 00:00:00,39835,19705
Jhelum,Rasul Barrage,2016-11-24 00:00:00,39733,19705
Jhelum,Rasul Barrage,2016-11-25 00:00:00,39733,19705
Jhelum,Rasul Barrage,2016-11-26 00:00:00,39733,19705
Jhelum,Rasul Barrage,2016-11-27 00:00:00,39835,19705
Jhelum,Rasul Barrage,2016-11-28 00:00:00,35828,15800
Jhelum,Rasul Barrage,2016-11-29 00:00:00,20028,NIL
Jhelum,Rasul Barrage,2016-11-30 00:00:00,31923,11895
Chenab,Marala H/W,2016-11-01 00:00:00,7818,818
Chenab,Marala H/W,2016-11-02 00:00:00,8505,2000
Chenab,Marala H/W,2016-11-03 00:00:00,9505,3000
Chenab,Marala H/W,2016-11-04 00:00:00,8809,4000
Chenab,Marala H/W,2016-11-05 00:00:00,8182,4000
Chenab,Marala H/W,2016-11-06 00:00:00,7692,4000
Chenab,Marala H/W,2016-11-07 00:00:00,7692,4000
Chenab,Marala H/W,2016-11-08 00:00:00,6951,3500
Chenab,Marala H/W,2016-11-09 00:00:00,6951,3500
Chenab,Marala H/W,2016-11-10 00:00:00,6692,3000
Chenab,Marala H/W,2016-11-11 00:00:00,6692,3000
Chenab,Marala H/W,2016-11-12 00:00:00,6571,3000
Chenab,Marala H/W,2016-11-13 00:00:00,6571,3000
Chenab,Marala H/W,2016-11-14 00:00:00,6571,3000
Chenab,Marala H/W,2016-11-15 00:00:00,6935,3000
Chenab,Marala H/W,2016-11-16 00:00:00,7182,3000
Chenab,Marala H/W,2016-11-17 00:00:00,6451,3000
Chenab,Marala H/W,2016-11-18 00:00:00,6692,3000
Chenab,Marala H/W,2016-11-19 00:00:00,6571,3000
Chenab,Marala H/W,2016-11-20 00:00:00,6692,3000
Chenab,Marala H/W,2016-11-21 00:00:00,6571,3000
Chenab,Marala H/W,2016-11-22 00:00:00,6451,3000
Chenab,Marala H/W,2016-11-23 00:00:00,6451,3000
Chenab,Marala H/W,2016-11-24 00:00:00,6692,3000
Chenab,Marala H/W,2016-11-25 00:00:00,6692,3000
Chenab,Marala H/W,2016-11-26 00:00:00,6571,3000
Chenab,Marala H/W,2016-11-27 00:00:00,6935,3000
Chenab,Marala H/W,2016-11-28 00:00:00,6692,3000
Chenab,Marala H/W,2016-11-29 00:00:00,6692,3000
Chenab,Marala H/W,2016-11-30 00:00:00,6213,3000
Chenab,Khanki H/W,2016-11-01 00:00:00,6880,NIL
Chenab,Khanki H/W,2016-11-02 00:00:00,5341,NIL
Chenab,Khanki H/W,2016-11-03 00:00:00,5341,NIL
Chenab,Khanki H/W,2016-11-04 00:00:00,6285,NIL
Chenab,Khanki H/W,2016-11-05 00:00:00,6776,NIL
Chenab,Khanki H/W,2016-11-06 00:00:00,7100,NIL
Chenab,Khanki H/W,2016-11-07 00:00:00,6873,NIL
Chenab,Khanki H/W,2016-11-08 00:00:00,6873,NIL
Chenab,Khanki H/W,2016-11-09 00:00:00,6776,NIL
Chenab,Khanki H/W,2016-11-10 00:00:00,6441,NIL
Chenab,Khanki H/W,2016-11-11 00:00:00,6162,NIL
Chenab,Khanki H/W,2016-11-12 00:00:00,6314,NIL
Chenab,Khanki H/W,2016-11-13 00:00:00,6485,NIL
Chenab,Khanki H/W,2016-11-14 00:00:00,6348,NIL
Chenab,Khanki H/W,2016-11-15 00:00:00,6530,NIL
Chenab,Khanki H/W,2016-11-16 00:00:00,6348,NIL
Chenab,Khanki H/W,2016-11-17 00:00:00,6266,NIL
Chenab,Khanki H/W,2016-11-18 00:00:00,5985,NIL
Chenab,Khanki H/W,2016-11-19 00:00:00,6226,NIL
Chenab,Khanki H/W,2016-11-20 00:00:00,6074,NIL
Chenab,Khanki H/W,2016-11-21 00:00:00,6266,NIL
Chenab,Khanki H/W,2016-11-22 00:00:00,6074,NIL
Chenab,Khanki H/W,2016-11-23 00:00:00,6266,NIL
Chenab,Khanki H/W,2016-11-24 00:00:00,6074,NIL
Chenab,Khanki H/W,2016-11-25 00:00:00,6074,NIL
Chenab,Khanki H/W,2016-11-26 00:00:00,6074,NIL
Chenab,Khanki H/W,2016-11-27 00:00:00,5985,NIL
Chenab,Khanki H/W,2016-11-28 00:00:00,5985,NIL
Chenab,Khanki H/W,2016-11-29 00:00:00,5763,NIL
Chenab,Khanki H/W,2016-11-30 00:00:00,5681,NIL
Chenab,Qadirabad Barrage,2016-11-01 00:00:00,19500,NIL
Chenab,Qadirabad Barrage,2016-11-02 00:00:00,20000,NIL
Chenab,Qadirabad Barrage,2016-11-03 00:00:00,20000,NIL
Chenab,Qadirabad Barrage,2016-11-04 00:00:00,19000,NIL
Chenab,Qadirabad Barrage,2016-11-05 00:00:00,20000,NIL
Chenab,Qadirabad Barrage,2016-11-06 00:00:00,20000,NIL
Chenab,Qadirabad Barrage,2016-11-07 00:00:00,19000,NIL
Chenab,Qadirabad Barrage,2016-11-08 00:00:00,19000,NIL
Chenab,Qadirabad Barrage,2016-11-09 00:00:00,19000,NIL
Chenab,Qadirabad Barrage,2016-11-10 00:00:00,19000,NIL
Chenab,Qadirabad Barrage,2016-11-11 00:00:00,19000,NIL
Chenab,Qadirabad Barrage,2016-11-12 00:00:00,20000,NIL
Chenab,Qadirabad Barrage,2016-11-13 00:00:00,20000,NIL
Chenab,Qadirabad Barrage,2016-11-14 00:00:00,19000,NIL
Chenab,Qadirabad Barrage,2016-11-15 00:00:00,19000,NIL
Chenab,Qadirabad Barrage,2016-11-16 00:00:00,19000,NIL
Chenab,Qadirabad Barrage,2016-11-17 00:00:00,19000,NIL
Chenab,Qadirabad Barrage,2016-11-18 00:00:00,19000,NIL
Chenab,Qadirabad Barrage,2016-11-19 00:00:00,19000,NIL
Chenab,Qadirabad Barrage,2016-11-20 00:00:00,19000,NIL
Chenab,Qadirabad Barrage,2016-11-21 00:00:00,19000,NIL
Chenab,Qadirabad Barrage,2016-11-22 00:00:00,19000,NIL
Chenab,Qadirabad Barrage,2016-11-23 00:00:00,19000,NIL
Chenab,Qadirabad Barrage,2016-11-24 00:00:00,19000,NIL
Chenab,Qadirabad Barrage,2016-11-25 00:00:00,19000,NIL
Chenab,Qadirabad Barrage,2016-11-26 00:00:00,19000,NIL
Chenab,Qadirabad Barrage,2016-11-27 00:00:00,19000,NIL
Chenab,Qadirabad Barrage,2016-11-28 00:00:00,19000,NIL
Chenab,Qadirabad Barrage,2016-11-29 00:00:00,19000,NIL
Chenab,Qadirabad Barrage,2016-11-30 00:00:00,19000,NIL
Chenab,Trimmu H/W,2016-11-01 00:00:00,2000,NIL
Chenab,Trimmu H/W,2016-11-02 00:00:00,8291,5030
Chenab,Trimmu H/W,2016-11-03 00:00:00,7256,2656
Chenab,Trimmu H/W,2016-11-04 00:00:00,9949,3349
Chenab,Trimmu H/W,2016-11-05 00:00:00,7224,NIL
Chenab,Trimmu H/W,2016-11-06 00:00:00,11357,2757
Chenab,Trimmu H/W,2016-11-07 00:00:00,9923,NIL
Chenab,Trimmu H/W,2016-11-08 00:00:00,11600,NIL
Chenab,Trimmu H/W,2016-11-09 00:00:00,13692,2092
Chenab,Trimmu H/W,2016-11-10 00:00:00,12312,NIL
Chenab,Trimmu H/W,2016-11-11 00:00:00,12800,NIL
Chenab,Trimmu H/W,2016-11-12 00:00:00,12800,NIL
Chenab,Trimmu H/W,2016-11-13 00:00:00,12800,NIL
Chenab,Trimmu H/W,2016-11-14 00:00:00,14238,1438
Chenab,Trimmu H/W,2016-11-15 00:00:00,14227,1427
Chenab,Trimmu H/W,2016-11-16 00:00:00,17560,7760
Chenab,Trimmu H/W,2016-11-17 00:00:00,17560,7760
Chenab,Trimmu H/W,2016-11-18 00:00:00,18771,8971
Chenab,Trimmu H/W,2016-11-19 00:00:00,17560,7760
Chenab,Trimmu H/W,2016-11-20 00:00:00,17560,7760
Chenab,Trimmu H/W,2016-11-21 00:00:00,14527,4727
Chenab,Trimmu H/W,2016-11-22 00:00:00,18560,7760
Chenab,Trimmu H/W,2016-11-23 00:00:00,18560,7760
Chenab,Trimmu H/W,2016-11-24 00:00:00,15903,4103
Chenab,Trimmu H/W,2016-11-25 00:00:00,15903,4103
Chenab,Trimmu H/W,2016-11-26 00:00:00,15903,4103
Chenab,Trimmu H/W,2016-11-27 00:00:00,15903,4103
Chenab,Trimmu H/W,2016-11-28 00:00:00,15903,4103
Chenab,Trimmu H/W,2016-11-29 00:00:00,17225,5425
Chenab,Trimmu H/W,2016-11-30 00:00:00,14225,5425
Chenab,Panjnad H/W,2016-11-01 00:00:00,12575,8875
Chenab,Panjnad H/W,2016-11-02 00:00:00,17511,13511
Chenab,Panjnad H/W,2016-11-03 00:00:00,19682,15682
Chenab,Panjnad H/W,2016-11-04 00:00:00,19682,15682
Chenab,Panjnad H/W,2016-11-05 00:00:00,13396,9396
Chenab,Panjnad H/W,2016-11-06 00:00:00,10499,6499
Chenab,Panjnad H/W,2016-11-07 00:00:00,9966,5966
Chenab,Panjnad H/W,2016-11-08 00:00:00,7516,3516
Chenab,Panjnad H/W,2016-11-09 00:00:00,5216,1216
Chenab,Panjnad H/W,2016-11-10 00:00:00,5216,1216
Chenab,Panjnad H/W,2016-11-11 00:00:00,5401,NIL
Chenab,Panjnad H/W,2016-11-12 00:00:00,4900,NIL
Chenab,Panjnad H/W,2016-11-13 00:00:00,4900,NIL
Chenab,Panjnad H/W,2016-11-14 00:00:00,4900,NIL
Chenab,Panjnad H/W,2016-11-15 00:00:00,4900,NIL
Chenab,Panjnad H/W,2016-11-16 00:00:00,3253,NIL
Chenab,Panjnad H/W,2016-11-17 00:00:00,4900,NIL
Chenab,Panjnad H/W,2016-11-18 00:00:00,5401,NIL
Chenab,Panjnad H/W,2016-11-19 00:00:00,5900,NIL
Chenab,Panjnad H/W,2016-11-20 00:00:00,9979,4079
Chenab,Panjnad H/W,2016-11-21 00:00:00,11979,4079
Chenab,Panjnad H/W,2016-11-22 00:00:00,11979,4079
Chenab,Panjnad H/W,2016-11-23 00:00:00,13120,3070
Chenab,Panjnad H/W,2016-11-24 00:00:00,13995,3070
Chenab,Panjnad H/W,2016-11-25 00:00:00,10925,NIL
Chenab,Panjnad H/W,2016-11-26 00:00:00,10950,NIL
Chenab,Panjnad H/W,2016-11-27 00:00:00,10900,NIL
Chenab,Panjnad H/W,2016-11-28 00:00:00,10900,NIL
Chenab,Panjnad H/W,2016-11-29 00:00:00,10850,NIL
Chenab,Panjnad H/W,2016-11-30 00:00:00,8163,NIL
Ravi,Balloki H/W,2016-11-01 00:00:00,21110,8110
Ravi,Balloki H/W,2016-11-02 00:00:00,17805,5805
Ravi,Balloki H/W,2016-11-03 00:00:00,17650,4650
Ravi,Balloki H/W,2016-11-04 00:00:00,17650,4650
Ravi,Balloki H/W,2016-11-05 00:00:00,15780,1780
Ravi,Balloki H/W,2016-11-06 00:00:00,15930,1730
Ravi,Balloki H/W,2016-11-07 00:00:00,15930,1730
Ravi,Balloki H/W,2016-11-08 00:00:00,15655,1155
Ravi,Balloki H/W,2016-11-09 00:00:00,15355,1155
Ravi,Balloki H/W,2016-11-10 00:00:00,15355,1155
Ravi,Balloki H/W,2016-11-11 00:00:00,15330,930
Ravi,Balloki H/W,2016-11-12 00:00:00,15555,1155
Ravi,Balloki H/W,2016-11-13 00:00:00,15555,1155
Ravi,Balloki H/W,2016-11-14 00:00:00,16130,1730
Ravi,Balloki H/W,2016-11-15 00:00:00,14985,585
Ravi,Balloki H/W,2016-11-16 00:00:00,15455,1155
Ravi,Balloki H/W,2016-11-17 00:00:00,15900,NIL
Ravi,Balloki H/W,2016-11-18 00:00:00,15900,NIL
Ravi,Balloki H/W,2016-11-19 00:00:00,15500,NIL
Ravi,Balloki H/W,2016-11-20 00:00:00,15400,NIL
Ravi,Balloki H/W,2016-11-21 00:00:00,15300,NIL
Ravi,Balloki H/W,2016-11-22 00:00:00,15400,NIL
Ravi,Balloki H/W,2016-11-23 00:00:00,15985,585
Ravi,Balloki H/W,2016-11-24 00:00:00,15485,585
Ravi,Balloki H/W,2016-11-25 00:00:00,16400,NIL
Ravi,Balloki H/W,2016-11-26 00:00:00,16400,NIL
Ravi,Balloki H/W,2016-11-27 00:00:00,16400,NIL
Ravi,Balloki H/W,2016-11-28 00:00:00,16000,NIL
Ravi,Balloki H/W,2016-11-29 00:00:00,16200,NIL
Ravi,Balloki H/W,2016-11-30 00:00:00,16700,NIL
Ravi,Sidhnai H/W,2016-11-01 00:00:00,6700,NIL
Ravi,Sidhnai H/W,2016-11-02 00:00:00,9700,NIL
Ravi,Sidhnai H/W,2016-11-03 00:00:00,8500,NIL
Ravi,Sidhnai H/W,2016-11-04 00:00:00,8500,NIL
Ravi,Sidhnai H/W,2016-11-05 00:00:00,8800,NIL
Ravi,Sidhnai H/W,2016-11-06 00:00:00,8800,NIL
Ravi,Sidhnai H/W,2016-11-07 00:00:00,10715,NIL
Ravi,Sidhnai H/W,2016-11-08 00:00:00,11450,NIL
Ravi,Sidhnai H/W,2016-11-09 00:00:00,11950,NIL
Ravi,Sidhnai H/W,2016-11-10 00:00:00,11950,NIL
Ravi,Sidhnai H/W,2016-11-11 00:00:00,11950,NIL
Ravi,Sidhnai H/W,2016-11-12 00:00:00,11950,NIL
Ravi,Sidhnai H/W,2016-11-13 00:00:00,11950,NIL
Ravi,Sidhnai H/W,2016-11-14 00:00:00,11950,NIL
Ravi,Sidhnai H/W,2016-11-15 00:00:00,12000,NIL
Ravi,Sidhnai H/W,2016-11-16 00:00:00,12000,NIL
Ravi,Sidhnai H/W,2016-11-17 00:00:00,9144,2644
Ravi,Sidhnai H/W,2016-11-18 00:00:00,9904,NIL
Ravi,Sidhnai H/W,2016-11-19 00:00:00,9530,NIL
Ravi,Sidhnai H/W,2016-11-20 00:00:00,9530,NIL
Ravi,Sidhnai H/W,2016-11-21 00:00:00,9380,NIL
Ravi,Sidhnai H/W,2016-11-22 00:00:00,9380,NIL
Ravi,Sidhnai H/W,2016-11-23 00:00:00,9600,NIL
Ravi,Sidhnai H/W,2016-11-24 00:00:00,9600,NIL
Ravi,Sidhnai H/W,2016-11-25 00:00:00,11100,NIL
Ravi,Sidhnai H/W,2016-11-26 00:00:00,11231,NIL
Ravi,Sidhnai H/W,2016-11-27 00:00:00,11931,NIL
Ravi,Sidhnai H/W,2016-11-28 00:00:00,11281,NIL
Ravi,Sidhnai H/W,2016-11-29 00:00:00,10987,NIL
Ravi,Sidhnai H/W,2016-11-30 00:00:00,9950,NIL
Sutlej,Suleimanki H/W,2016-11-01 00:00:00,9693,2987
Sutlej,Suleimanki H/W,2016-11-02 00:00:00,10931,3325
Sutlej,Suleimanki H/W,2016-11-03 00:00:00,8235,629
Sutlej,Suleimanki H/W,2016-11-04 00:00:00,8235,629
Sutlej,Suleimanki H/W,2016-11-05 00:00:00,8235,629
Sutlej,Suleimanki H/W,2016-11-06 00:00:00,8680,1029
Sutlej,Suleimanki H/W,2016-11-07 00:00:00,8058,407
Sutlej,Suleimanki H/W,2016-11-08 00:00:00,8158,407
Sutlej,Suleimanki H/W,2016-11-09 00:00:00,8208,407
Sutlej,Suleimanki H/W,2016-11-10 00:00:00,8530,629
Sutlej,Suleimanki H/W,2016-11-11 00:00:00,8183,282
Sutlej,Suleimanki H/W,2016-11-12 00:00:00,8183,282
Sutlej,Suleimanki H/W,2016-11-13 00:00:00,8183,282
Sutlej,Suleimanki H/W,2016-11-14 00:00:00,7901,NIL
Sutlej,Suleimanki H/W,2016-11-15 00:00:00,7901,NIL
Sutlej,Suleimanki H/W,2016-11-16 00:00:00,8183,282
Sutlej,Suleimanki H/W,2016-11-17 00:00:00,8183,282
Sutlej,Suleimanki H/W,2016-11-18 00:00:00,8561,660
Sutlej,Suleimanki H/W,2016-11-19 00:00:00,7851,NIL
Sutlej,Suleimanki H/W,2016-11-20 00:00:00,8511,660
Sutlej,Suleimanki H/W,2016-11-21 00:00:00,8511,660
Sutlej,Suleimanki H/W,2016-11-22 00:00:00,8492,691
Sutlej,Suleimanki H/W,2016-11-23 00:00:00,8492,691
Sutlej,Suleimanki H/W,2016-11-24 00:00:00,8492,691
Sutlej,Suleimanki H/W,2016-11-25 00:00:00,8396,691
Sutlej,Suleimanki H/W,2016-11-26 00:00:00,8396,691
Sutlej,Suleimanki H/W,2016-11-27 00:00:00,10201,2496
Sutlej,Suleimanki H/W,2016-11-28 00:00:00,10201,2496
Sutlej,Suleimanki H/W,2016-11-29 00:00:00,9548,1843
Sutlej,Suleimanki H/W,2016-11-30 00:00:00,9548,1843
Sutlej,Islam H/W,2016-11-01 00:00:00,7759,6609
Sutlej,Islam H/W,2016-11-02 00:00:00,5773,4293
Sutlej,Islam H/W,2016-11-03 00:00:00,4016,2336
Sutlej,Islam H/W,2016-11-04 00:00:00,2480,NIL
Sutlej,Islam H/W,2016-11-05 00:00:00,2480,NIL
Sutlej,Islam H/W,2016-11-06 00:00:00,2400,NIL
Sutlej,Islam H/W,2016-11-07 00:00:00,2000,NIL
Sutlej,Islam H/W,2016-11-08 00:00:00,1678,NIL
Sutlej,Islam H/W,2016-11-09 00:00:00,1000,NIL
Sutlej,Islam H/W,2016-11-10 00:00:00,700,NIL
Sutlej,Islam H/W,2016-11-11 00:00:00,500,NIL
Sutlej,Islam H/W,2016-11-12 00:00:00,500,NIL
Sutlej,Islam H/W,2016-11-13 00:00:00,500,NIL
Sutlej,Islam H/W,2016-11-14 00:00:00,500,NIL
Sutlej,Islam H/W,2016-11-15 00:00:00,NIL,NIL
Sutlej,Islam H/W,2016-11-16 00:00:00,NIL,NIL
Sutlej,Islam H/W,2016-11-17 00:00:00,NIL,NIL
Sutlej,Islam H/W,2016-11-18 00:00:00,NIL,NIL
Sutlej,Islam H/W,2016-11-19 00:00:00,NIL,NIL
Sutlej,Islam H/W,2016-11-20 00:00:00,NIL,NIL
Sutlej,Islam H/W,2016-11-21 00:00:00,NIL,NIL
Sutlej,Islam H/W,2016-11-22 00:00:00,NIL,NIL
Sutlej,Islam H/W,2016-11-23 00:00:00,NIL,NIL
Sutlej,Islam H/W,2016-11-24 00:00:00,NIL,NIL
Sutlej,Islam H/W,2016-11-25 00:00:00,NIL,NIL
Sutlej,Islam H/W,2016-11-26 00:00:00,NIL,NIL
Sutlej,Islam H/W,2016-11-27 00:00:00,NIL,NIL
Sutlej,Islam H/W,2016-11-28 00:00:00,NIL,NIL
Sutlej,Islam H/W,2016-11-29 00:00:00,NIL,NIL
Sutlej,Islam H/W,2016-11-30 00:00:00,NIL,NIL
Indus,Kalabagh,2016-12-01 00:00:00,79013,72013
Indus,Kalabagh,2016-12-02 00:00:00,74659,67659
Indus,Kalabagh,2016-12-03 00:00:00,67470,60470
Indus,Kalabagh,2016-12-04 00:00:00,65341,58341
Indus,Kalabagh,2016-12-05 00:00:00,70604,63604
Indus,Kalabagh,2016-12-06 00:00:00,58143,51143
Indus,Kalabagh,2016-12-07 00:00:00,69944,62944
Indus,Kalabagh,2016-12-08 00:00:00,61784,54784
Indus,Kalabagh,2016-12-09 00:00:00,65660,58660
Indus,Kalabagh,2016-12-10 00:00:00,60584,53584
Indus,Kalabagh,2016-12-11 00:00:00,62148,55148
Indus,Kalabagh,2016-12-12 00:00:00,58838,51838
Indus,Kalabagh,2016-12-13 00:00:00,54987,47987
Indus,Kalabagh,2016-12-14 00:00:00,56990,49990
Indus,Kalabagh,2016-12-15 00:00:00,60343,53343
Indus,Kalabagh,2016-12-16 00:00:00,65256,58256
Indus,Kalabagh,2016-12-17 00:00:00,69486,62486
Indus,Kalabagh,2016-12-18 00:00:00,62607,55607
Indus,Kalabagh,2016-12-19 00:00:00,59785,52785
Indus,Kalabagh,2016-12-20 00:00:00,51836,44836
Indus,Kalabagh,2016-12-21 00:00:00,54193,47193
Indus,Kalabagh,2016-12-22 00:00:00,63310,56310
Indus,Kalabagh,2016-12-23 00:00:00,38809,31809
Indus,Kalabagh,2016-12-24 00:00:00,26929,19929
Indus,Kalabagh,2016-12-25 00:00:00,28266,21266
Indus,Kalabagh,2016-12-26 00:00:00,29874,22874
Indus,Kalabagh,2016-12-27 00:00:00,32293,25293
Indus,Kalabagh,2016-12-28 00:00:00,26755,19755
Indus,Kalabagh,2016-12-29 00:00:00,29242,22242
Indus,Kalabagh,2016-12-30 00:00:00,31046,24046
Indus,Kalabagh,2016-12-31 00:00:00,32624,25624
Indus,Taunsa Barrage,2016-12-01 00:00:00,55773,47240
Indus,Taunsa Barrage,2016-12-02 00:00:00,55773,47240
Indus,Taunsa Barrage,2016-12-03 00:00:00,54725,46352
Indus,Taunsa Barrage,2016-12-04 00:00:00,54725,46352
Indus,Taunsa Barrage,2016-12-05 00:00:00,54307,47627
Indus,Taunsa Barrage,2016-12-06 00:00:00,54307,47627
Indus,Taunsa Barrage,2016-12-07 00:00:00,54679,49679
Indus,Taunsa Barrage,2016-12-08 00:00:00,51092,46092
Indus,Taunsa Barrage,2016-12-09 00:00:00,47505,42505
Indus,Taunsa Barrage,2016-12-10 00:00:00,47980,47980
Indus,Taunsa Barrage,2016-12-11 00:00:00,46814,46814
Indus,Taunsa Barrage,2016-12-12 00:00:00,46814,46814
Indus,Taunsa Barrage,2016-12-13 00:00:00,43317,43317
Indus,Taunsa Barrage,2016-12-14 00:00:00,39820,39820
Indus,Taunsa Barrage,2016-12-15 00:00:00,37281,37281
Indus,Taunsa Barrage,2016-12-16 00:00:00,37281,37281
Indus,Taunsa Barrage,2016-12-17 00:00:00,37281,37281
Indus,Taunsa Barrage,2016-12-18 00:00:00,37281,37281
Indus,Taunsa Barrage,2016-12-19 00:00:00,37281,37281
Indus,Taunsa Barrage,2016-12-20 00:00:00,37222,36291
Indus,Taunsa Barrage,2016-12-21 00:00:00,37222,36291
Indus,Taunsa Barrage,2016-12-22 00:00:00,38312,37354
Indus,Taunsa Barrage,2016-12-23 00:00:00,37180,36250
Indus,Taunsa Barrage,2016-12-24 00:00:00,34835,33964
Indus,Taunsa Barrage,2016-12-25 00:00:00,34835,33860
Indus,Taunsa Barrage,2016-12-26 00:00:00,34819,33844
Indus,Taunsa Barrage,2016-12-27 00:00:00,32699,31783
Indus,Taunsa Barrage,2016-12-28 00:00:00,23695,23032
Indus,Taunsa Barrage,2016-12-29 00:00:00,20087,19525
Indus,Taunsa Barrage,2016-12-30 00:00:00,17087,17087
Indus,Taunsa Barrage,2016-12-31 00:00:00,26485,26485
Indus,Chashma Barrage,2016-12-01 00:00:00,59270,57000
Indus,Chashma Barrage,2016-12-02 00:00:00,60300,57000
Indus,Chashma Barrage,2016-12-03 00:00:00,53648,57000
Indus,Chashma Barrage,2016-12-04 00:00:00,54923,57000
Indus,Chashma Barrage,2016-12-05 00:00:00,47464,57000
Indus,Chashma Barrage,2016-12-06 00:00:00,51448,50000
Indus,Chashma Barrage,2016-12-07 00:00:00,46350,50000
Indus,Chashma Barrage,2016-12-08 00:00:00,49128,50000
Indus,Chashma Barrage,2016-12-09 00:00:00,50355,50000
Indus,Chashma Barrage,2016-12-10 00:00:00,51091,50000
Indus,Chashma Barrage,2016-12-11 00:00:00,43300,40000
Indus,Chashma Barrage,2016-12-12 00:00:00,51791,40000
Indus,Chashma Barrage,2016-12-13 00:00:00,38396,40000
Indus,Chashma Barrage,2016-12-14 00:00:00,39319,40000
Indus,Chashma Barrage,2016-12-15 00:00:00,43736,40000
Indus,Chashma Barrage,2016-12-16 00:00:00,43000,40000
Indus,Chashma Barrage,2016-12-17 00:00:00,52424,40000
Indus,Chashma Barrage,2016-12-18 00:00:00,48190,40000
Indus,Chashma Barrage,2016-12-19 00:00:00,41148,40000
Indus,Chashma Barrage,2016-12-20 00:00:00,43000,40000
Indus,Chashma Barrage,2016-12-21 00:00:00,44483,35000
Indus,Chashma Barrage,2016-12-22 00:00:00,34296,35000
Indus,Chashma Barrage,2016-12-23 00:00:00,35524,35000
Indus,Chashma Barrage,2016-12-24 00:00:00,23711,35000
Indus,Chashma Barrage,2016-12-25 00:00:00,18378,20687
Indus,Chashma Barrage,2016-12-26 00:00:00,14711,10911
Indus,Chashma Barrage,2016-12-27 00:00:00,18012,12000
Indus,Chashma Barrage,2016-12-28 00:00:00,18328,12000
Indus,Chashma Barrage,2016-12-29 00:00:00,15800,12000
Indus,Chashma Barrage,2016-12-30 00:00:00,18641,12000
Indus,Chashma Barrage,2016-12-31 00:00:00,18009,12000
Jhelum,Rasul Barrage,2016-12-01 00:00:00,31923,11895
Jhelum,Rasul Barrage,2016-12-02 00:00:00,35828,15800
Jhelum,Rasul Barrage,2016-12-03 00:00:00,35828,15800
Jhelum,Rasul Barrage,2016-12-04 00:00:00,32025,11895
Jhelum,Rasul Barrage,2016-12-05 00:00:00,32025,11895
Jhelum,Rasul Barrage,2016-12-06 00:00:00,35930,15800
Jhelum,Rasul Barrage,2016-12-07 00:00:00,35930,15800
Jhelum,Rasul Barrage,2016-12-08 00:00:00,32025,11895
Jhelum,Rasul Barrage,2016-12-09 00:00:00,35930,15800
Jhelum,Rasul Barrage,2016-12-10 00:00:00,31923,11895
Jhelum,Rasul Barrage,2016-12-11 00:00:00,35828,15800
Jhelum,Rasul Barrage,2016-12-12 00:00:00,28018,7990
Jhelum,Rasul Barrage,2016-12-13 00:00:00,31923,11895
Jhelum,Rasul Barrage,2016-12-14 00:00:00,25369,5341
Jhelum,Rasul Barrage,2016-12-15 00:00:00,25369,5341
Jhelum,Rasul Barrage,2016-12-16 00:00:00,25369,5341
Jhelum,Rasul Barrage,2016-12-17 00:00:00,25369,5341
Jhelum,Rasul Barrage,2016-12-18 00:00:00,28018,7990
Jhelum,Rasul Barrage,2016-12-19 00:00:00,25369,5341
Jhelum,Rasul Barrage,2016-12-20 00:00:00,25369,5341
Jhelum,Rasul Barrage,2016-12-21 00:00:00,25369,5341
Jhelum,Rasul Barrage,2016-12-22 00:00:00,28018,7990
Jhelum,Rasul Barrage,2016-12-23 00:00:00,20028,NIL
Jhelum,Rasul Barrage,2016-12-24 00:00:00,20028,NIL
Jhelum,Rasul Barrage,2016-12-25 00:00:00,8528,NIL
Jhelum,Rasul Barrage,2016-12-26 00:00:00,13590,13590
Jhelum,Rasul Barrage,2016-12-27 00:00:00,8956,8956
Jhelum,Rasul Barrage,2016-12-28 00:00:00,5612,5612
Jhelum,Rasul Barrage,2016-12-29 00:00:00,5407,5407
Jhelum,Rasul Barrage,2016-12-30 00:00:00,5407,5407
Jhelum,Rasul Barrage,2016-12-31 00:00:00,5086,5086
Chenab,Marala H/W,2016-12-01 00:00:00,6095,3000
Chenab,Marala H/W,2016-12-02 00:00:00,6331,3000
Chenab,Marala H/W,2016-12-03 00:00:00,6213,3000
Chenab,Marala H/W,2016-12-04 00:00:00,6451,3000
Chenab,Marala H/W,2016-12-05 00:00:00,6571,3000
Chenab,Marala H/W,2016-12-06 00:00:00,6451,3000
Chenab,Marala H/W,2016-12-07 00:00:00,6331,3000
Chenab,Marala H/W,2016-12-08 00:00:00,6213,3000
Chenab,Marala H/W,2016-12-09 00:00:00,5478,2500
Chenab,Marala H/W,2016-12-10 00:00:00,5478,2500
Chenab,Marala H/W,2016-12-11 00:00:00,5064,NIL
Chenab,Marala H/W,2016-12-12 00:00:00,5450,NIL
Chenab,Marala H/W,2016-12-13 00:00:00,5192,NIL
Chenab,Marala H/W,2016-12-14 00:00:00,5580,NIL
Chenab,Marala H/W,2016-12-15 00:00:00,5580,NIL
Chenab,Marala H/W,2016-12-16 00:00:00,5321,NIL
Chenab,Marala H/W,2016-12-17 00:00:00,5192,NIL
Chenab,Marala H/W,2016-12-18 00:00:00,5192,NIL
Chenab,Marala H/W,2016-12-19 00:00:00,5064,NIL
Chenab,Marala H/W,2016-12-20 00:00:00,5064,NIL
Chenab,Marala H/W,2016-12-21 00:00:00,4936,NIL
Chenab,Marala H/W,2016-12-22 00:00:00,4936,NIL
Chenab,Marala H/W,2016-12-23 00:00:00,4936,NIL
Chenab,Marala H/W,2016-12-24 00:00:00,4936,NIL
Chenab,Marala H/W,2016-12-25 00:00:00,4936,NIL
Chenab,Marala H/W,2016-12-26 00:00:00,5376,5376
Chenab,Marala H/W,2016-12-27 00:00:00,5067,5067
Chenab,Marala H/W,2016-12-28 00:00:00,5067,5067
Chenab,Marala H/W,2016-12-29 00:00:00,5067,5067
Chenab,Marala H/W,2016-12-30 00:00:00,5067,5067
Chenab,Marala H/W,2016-12-31 00:00:00,5067,5067
Chenab,Khanki H/W,2016-12-01 00:00:00,5537,NIL
Chenab,Khanki H/W,2016-12-02 00:00:00,5649,NIL
Chenab,Khanki H/W,2016-12-03 00:00:00,5881,NIL
Chenab,Khanki H/W,2016-12-04 00:00:00,5912,NIL
Chenab,Khanki H/W,2016-12-05 00:00:00,5906,NIL
Chenab,Khanki H/W,2016-12-06 00:00:00,6015,NIL
Chenab,Khanki H/W,2016-12-07 00:00:00,5906,NIL
Chenab,Khanki H/W,2016-12-08 00:00:00,5834,NIL
Chenab,Khanki H/W,2016-12-09 00:00:00,5834,NIL
Chenab,Khanki H/W,2016-12-10 00:00:00,5719,NIL
Chenab,Khanki H/W,2016-12-11 00:00:00,5537,NIL
Chenab,Khanki H/W,2016-12-12 00:00:00,5337,NIL
Chenab,Khanki H/W,2016-12-13 00:00:00,4505,NIL
Chenab,Khanki H/W,2016-12-14 00:00:00,4303,NIL
Chenab,Khanki H/W,2016-12-15 00:00:00,4065,NIL
Chenab,Khanki H/W,2016-12-16 00:00:00,4303,NIL
Chenab,Khanki H/W,2016-12-17 00:00:00,4303,NIL
Chenab,Khanki H/W,2016-12-18 00:00:00,3960,NIL
Chenab,Khanki H/W,2016-12-19 00:00:00,4216,NIL
Chenab,Khanki H/W,2016-12-20 00:00:00,4138,NIL
Chenab,Khanki H/W,2016-12-21 00:00:00,3734,NIL
Chenab,Khanki H/W,2016-12-22 00:00:00,4100,NIL
Chenab,Khanki H/W,2016-12-23 00:00:00,4100,NIL
Chenab,Khanki H/W,2016-12-24 00:00:00,4170,NIL
Chenab,Khanki H/W,2016-12-25 00:00:00,4170,NIL
Chenab,Khanki H/W,2016-12-26 00:00:00,4170,NIL
Chenab,Khanki H/W,2016-12-27 00:00:00,3845,NIL
Chenab,Khanki H/W,2016-12-28 00:00:00,8488,3256
Chenab,Khanki H/W,2016-12-29 00:00:00,6735,NIL
Chenab,Khanki H/W,2016-12-30 00:00:00,7552,NIL
Chenab,Khanki H/W,2016-12-31 00:00:00,7552,NIL
Chenab,Qadirabad Barrage,2016-12-01 00:00:00,19000,NIL
Chenab,Qadirabad Barrage,2016-12-02 00:00:00,19000,NIL
Chenab,Qadirabad Barrage,2016-12-03 00:00:00,19000,NIL
Chenab,Qadirabad Barrage,2016-12-04 00:00:00,19000,NIL
Chenab,Qadirabad Barrage,2016-12-05 00:00:00,19000,NIL
Chenab,Qadirabad Barrage,2016-12-06 00:00:00,19000,NIL
Chenab,Qadirabad Barrage,2016-12-07 00:00:00,19000,NIL
Chenab,Qadirabad Barrage,2016-12-08 00:00:00,19000,NIL
Chenab,Qadirabad Barrage,2016-12-09 00:00:00,19000,NIL
Chenab,Qadirabad Barrage,2016-12-10 00:00:00,19000,NIL
Chenab,Qadirabad Barrage,2016-12-11 00:00:00,19000,NIL
Chenab,Qadirabad Barrage,2016-12-12 00:00:00,19000,NIL
Chenab,Qadirabad Barrage,2016-12-13 00:00:00,19000,NIL
Chenab,Qadirabad Barrage,2016-12-14 00:00:00,19000,NIL
Chenab,Qadirabad Barrage,2016-12-15 00:00:00,19000,NIL
Chenab,Qadirabad Barrage,2016-12-16 00:00:00,19000,NIL
Chenab,Qadirabad Barrage,2016-12-17 00:00:00,19000,NIL
Chenab,Qadirabad Barrage,2016-12-18 00:00:00,19000,NIL
Chenab,Qadirabad Barrage,2016-12-19 00:00:00,19000,NIL
Chenab,Qadirabad Barrage,2016-12-20 00:00:00,19000,NIL
Chenab,Qadirabad Barrage,2016-12-21 00:00:00,19000,NIL
Chenab,Qadirabad Barrage,2016-12-22 00:00:00,19000,NIL
Chenab,Qadirabad Barrage,2016-12-23 00:00:00,19000,NIL
Chenab,Qadirabad Barrage,2016-12-24 00:00:00,19000,NIL
Chenab,Qadirabad Barrage,2016-12-25 00:00:00,11475,NIL
Chenab,Qadirabad Barrage,2016-12-26 00:00:00,5600,NIL
Chenab,Qadirabad Barrage,2016-12-27 00:00:00,2558,2558
Chenab,Qadirabad Barrage,2016-12-28 00:00:00,5343,5343
Chenab,Qadirabad Barrage,2016-12-29 00:00:00,3333,3333
Chenab,Qadirabad Barrage,2016-12-30 00:00:00,474,474
Chenab,Qadirabad Barrage,2016-12-31 00:00:00,474,474
Chenab,Trimmu H/W,2016-12-01 00:00:00,15526,6726
Chenab,Trimmu H/W,2016-12-02 00:00:00,15526,6726
Chenab,Trimmu H/W,2016-12-03 00:00:00,14526,6726
Chenab,Trimmu H/W,2016-12-04 00:00:00,14526,6726
Chenab,Trimmu H/W,2016-12-05 00:00:00,13270,5470
Chenab,Trimmu H/W,2016-12-06 00:00:00,11936,4136
Chenab,Trimmu H/W,2016-12-07 00:00:00,11436,4136
Chenab,Trimmu H/W,2016-12-08 00:00:00,12770,5470
Chenab,Trimmu H/W,2016-12-09 00:00:00,12770,5470
Chenab,Trimmu H/W,2016-12-10 00:00:00,12770,5470
Chenab,Trimmu H/W,2016-12-11 00:00:00,9425,2125
Chenab,Trimmu H/W,2016-12-12 00:00:00,10760,3460
Chenab,Trimmu H/W,2016-12-13 00:00:00,7300,NIL
Chenab,Trimmu H/W,2016-12-14 00:00:00,9760,3460
Chenab,Trimmu H/W,2016-12-15 00:00:00,7732,1432
Chenab,Trimmu H/W,2016-12-16 00:00:00,6300,NIL
Chenab,Trimmu H/W,2016-12-17 00:00:00,7300,NIL
Chenab,Trimmu H/W,2016-12-18 00:00:00,7300,NIL
Chenab,Trimmu H/W,2016-12-19 00:00:00,7300,NIL
Chenab,Trimmu H/W,2016-12-20 00:00:00,6802,NIL
Chenab,Trimmu H/W,2016-12-21 00:00:00,5800,NIL
Chenab,Trimmu H/W,2016-12-22 00:00:00,5426,NIL
Chenab,Trimmu H/W,2016-12-23 00:00:00,5250,NIL
Chenab,Trimmu H/W,2016-12-24 00:00:00,5426,NIL
Chenab,Trimmu H/W,2016-12-25 00:00:00,5164,NIL
Chenab,Trimmu H/W,2016-12-26 00:00:00,5426,NIL
Chenab,Trimmu H/W,2016-12-27 00:00:00,4999,NIL
Chenab,Trimmu H/W,2016-12-28 00:00:00,5250,NIL
Chenab,Trimmu H/W,2016-12-29 00:00:00,3604,NIL
Chenab,Trimmu H/W,2016-12-30 00:00:00,6190,NIL
Chenab,Trimmu H/W,2016-12-31 00:00:00,6190,NIL
Chenab,Panjnad H/W,2016-12-01 00:00:00,8163,NIL
Chenab,Panjnad H/W,2016-12-02 00:00:00,8054,NIL
Chenab,Panjnad H/W,2016-12-03 00:00:00,8324,NIL
Chenab,Panjnad H/W,2016-12-04 00:00:00,8551,NIL
Chenab,Panjnad H/W,2016-12-05 00:00:00,8751,NIL
Chenab,Panjnad H/W,2016-12-06 00:00:00,4850,NIL
Chenab,Panjnad H/W,2016-12-07 00:00:00,6195,1245
Chenab,Panjnad H/W,2016-12-08 00:00:00,5784,834
Chenab,Panjnad H/W,2016-12-09 00:00:00,5809,834
Chenab,Panjnad H/W,2016-12-10 00:00:00,4975,NIL
Chenab,Panjnad H/W,2016-12-11 00:00:00,5000,NIL
Chenab,Panjnad H/W,2016-12-12 00:00:00,6035,835
Chenab,Panjnad H/W,2016-12-13 00:00:00,5200,NIL
Chenab,Panjnad H/W,2016-12-14 00:00:00,5150,NIL
Chenab,Panjnad H/W,2016-12-15 00:00:00,5150,NIL
Chenab,Panjnad H/W,2016-12-16 00:00:00,5150,NIL
Chenab,Panjnad H/W,2016-12-17 00:00:00,5150,NIL
Chenab,Panjnad H/W,2016-12-18 00:00:00,5100,NIL
Chenab,Panjnad H/W,2016-12-19 00:00:00,5100,NIL
Chenab,Panjnad H/W,2016-12-20 00:00:00,5100,NIL
Chenab,Panjnad H/W,2016-12-21 00:00:00,5100,NIL
Chenab,Panjnad H/W,2016-12-22 00:00:00,5100,NIL
Chenab,Panjnad H/W,2016-12-23 00:00:00,5100,NIL
Chenab,Panjnad H/W,2016-12-24 00:00:00,3135,NIL
Chenab,Panjnad H/W,2016-12-25 00:00:00,3135,NIL
Chenab,Panjnad H/W,2016-12-26 00:00:00,3135,NIL
Chenab,Panjnad H/W,2016-12-27 00:00:00,3135,NIL
Chenab,Panjnad H/W,2016-12-28 00:00:00,3121,NIL
Chenab,Panjnad H/W,2016-12-29 00:00:00,3048,NIL
Chenab,Panjnad H/W,2016-12-30 00:00:00,2976,NIL
Chenab,Panjnad H/W,2016-12-31 00:00:00,2831,NIL
Ravi,Balloki H/W,2016-12-01 00:00:00,16300,NIL
Ravi,Balloki H/W,2016-12-02 00:00:00,15800,NIL
Ravi,Balloki H/W,2016-12-03 00:00:00,15450,NIL
Ravi,Balloki H/W,2016-12-04 00:00:00,15200,NIL
Ravi,Balloki H/W,2016-12-05 00:00:00,15050,NIL
Ravi,Balloki H/W,2016-12-06 00:00:00,15050,NIL
Ravi,Balloki H/W,2016-12-07 00:00:00,15150,NIL
Ravi,Balloki H/W,2016-12-08 00:00:00,15350,NIL
Ravi,Balloki H/W,2016-12-09 00:00:00,15350,NIL
Ravi,Balloki H/W,2016-12-10 00:00:00,15350,NIL
Ravi,Balloki H/W,2016-12-11 00:00:00,15350,NIL
Ravi,Balloki H/W,2016-12-12 00:00:00,15350,NIL
Ravi,Balloki H/W,2016-12-13 00:00:00,15350,NIL
Ravi,Balloki H/W,2016-12-14 00:00:00,15350,NIL
Ravi,Balloki H/W,2016-12-15 00:00:00,15400,NIL
Ravi,Balloki H/W,2016-12-16 00:00:00,15400,NIL
Ravi,Balloki H/W,2016-12-17 00:00:00,15900,NIL
Ravi,Balloki H/W,2016-12-18 00:00:00,16000,NIL
Ravi,Balloki H/W,2016-12-19 00:00:00,16000,NIL
Ravi,Balloki H/W,2016-12-20 00:00:00,16000,NIL
Ravi,Balloki H/W,2016-12-21 00:00:00,16000,NIL
Ravi,Balloki H/W,2016-12-22 00:00:00,15600,NIL
Ravi,Balloki H/W,2016-12-23 00:00:00,15600,NIL
Ravi,Balloki H/W,2016-12-24 00:00:00,15600,NIL
Ravi,Balloki H/W,2016-12-25 00:00:00,15600,NIL
Ravi,Balloki H/W,2016-12-26 00:00:00,14100,NIL
Ravi,Balloki H/W,2016-12-27 00:00:00,7000,NIL
Ravi,Balloki H/W,2016-12-28 00:00:00,5000,NIL
Ravi,Balloki H/W,2016-12-29 00:00:00,4625,4625
Ravi,Balloki H/W,2016-12-30 00:00:00,4890,4890
Ravi,Balloki H/W,2016-12-31 00:00:00,3990,3990
Ravi,Sidhnai H/W,2016-12-01 00:00:00,7009,NIL
Ravi,Sidhnai H/W,2016-12-02 00:00:00,6950,NIL
Ravi,Sidhnai H/W,2016-12-03 00:00:00,6700,NIL
Ravi,Sidhnai H/W,2016-12-04 00:00:00,6054,NIL
Ravi,Sidhnai H/W,2016-12-05 00:00:00,6054,NIL
Ravi,Sidhnai H/W,2016-12-06 00:00:00,6054,NIL
Ravi,Sidhnai H/W,2016-12-07 00:00:00,6054,NIL
Ravi,Sidhnai H/W,2016-12-08 00:00:00,5753,NIL
Ravi,Sidhnai H/W,2016-12-09 00:00:00,5656,NIL
Ravi,Sidhnai H/W,2016-12-10 00:00:00,5656,NIL
Ravi,Sidhnai H/W,2016-12-11 00:00:00,5656,NIL
Ravi,Sidhnai H/W,2016-12-12 00:00:00,5656,NIL
Ravi,Sidhnai H/W,2016-12-13 00:00:00,5550,NIL
Ravi,Sidhnai H/W,2016-12-14 00:00:00,5500,NIL
Ravi,Sidhnai H/W,2016-12-15 00:00:00,5500,NIL
Ravi,Sidhnai H/W,2016-12-16 00:00:00,5500,NIL
Ravi,Sidhnai H/W,2016-12-17 00:00:00,4700,NIL
Ravi,Sidhnai H/W,2016-12-18 00:00:00,5000,NIL
Ravi,Sidhnai H/W,2016-12-19 00:00:00,5700,NIL
Ravi,Sidhnai H/W,2016-12-20 00:00:00,5700,NIL
Ravi,Sidhnai H/W,2016-12-21 00:00:00,4133,NIL
Ravi,Sidhnai H/W,2016-12-22 00:00:00,4336,NIL
Ravi,Sidhnai H/W,2016-12-23 00:00:00,4055,NIL
Ravi,Sidhnai H/W,2016-12-24 00:00:00,4133,NIL
Ravi,Sidhnai H/W,2016-12-25 00:00:00,3538,NIL
Ravi,Sidhnai H/W,2016-12-26 00:00:00,3538,NIL
Ravi,Sidhnai H/W,2016-12-27 00:00:00,4336,NIL
Ravi,Sidhnai H/W,2016-12-28 00:00:00,4016,NIL
Ravi,Sidhnai H/W,2016-12-29 00:00:00,4254,NIL
Ravi,Sidhnai H/W,2016-12-30 00:00:00,3335,NIL
Ravi,Sidhnai H/W,2016-12-31 00:00:00,4254,NIL
Sutlej,Suleimanki H/W,2016-12-01 00:00:00,9548,1843
Sutlej,Suleimanki H/W,2016-12-02 00:00:00,9102,1397
Sutlej,Suleimanki H/W,2016-12-03 00:00:00,8492,691
Sutlej,Suleimanki H/W,2016-12-04 00:00:00,7801,NIL
Sutlej,Suleimanki H/W,2016-12-05 00:00:00,7801,NIL
Sutlej,Suleimanki H/W,2016-12-06 00:00:00,7851,NIL
Sutlej,Suleimanki H/W,2016-12-07 00:00:00,7851,NIL
Sutlej,Suleimanki H/W,2016-12-08 00:00:00,8542,691
Sutlej,Suleimanki H/W,2016-12-09 00:00:00,8258,407
Sutlej,Suleimanki H/W,2016-12-10 00:00:00,7851,NIL
Sutlej,Suleimanki H/W,2016-12-11 00:00:00,7851,NIL
Sutlej,Suleimanki H/W,2016-12-12 00:00:00,7614,NIL
Sutlej,Suleimanki H/W,2016-12-13 00:00:00,7614,NIL
Sutlej,Suleimanki H/W,2016-12-14 00:00:00,7755,NIL
Sutlej,Suleimanki H/W,2016-12-15 00:00:00,10830,2979
Sutlej,Suleimanki H/W,2016-12-16 00:00:00,11322,3471
Sutlej,Suleimanki H/W,2016-12-17 00:00:00,10592,2741
Sutlej,Suleimanki H/W,2016-12-18 00:00:00,8860,1009
Sutlej,Suleimanki H/W,2016-12-19 00:00:00,8860,1009
Sutlej,Suleimanki H/W,2016-12-20 00:00:00,8542,691
Sutlej,Suleimanki H/W,2016-12-21 00:00:00,8542,691
Sutlej,Suleimanki H/W,2016-12-22 00:00:00,7851,NIL
Sutlej,Suleimanki H/W,2016-12-23 00:00:00,7851,NIL
Sutlej,Suleimanki H/W,2016-12-24 00:00:00,7851,NIL
Sutlej,Suleimanki H/W,2016-12-25 00:00:00,7851,NIL
Sutlej,Suleimanki H/W,2016-12-26 00:00:00,7755,NIL
Sutlej,Suleimanki H/W,2016-12-27 00:00:00,6500,NIL
Sutlej,Suleimanki H/W,2016-12-28 00:00:00,3601,NIL
Sutlej,Suleimanki H/W,2016-12-29 00:00:00,2002,NIL
Sutlej,Suleimanki H/W,2016-12-30 00:00:00,1458,1458
Sutlej,Suleimanki H/W,2016-12-31 00:00:00,1038,1038
Sutlej,Islam H/W,2016-12-01 00:00:00,NIL,NIL
Sutlej,Islam H/W,2016-12-02 00:00:00,NIL,NIL
Sutlej,Islam H/W,2016-12-03 00:00:00,NIL,NIL
Sutlej,Islam H/W,2016-12-04 00:00:00,NIL,NIL
Sutlej,Islam H/W,2016-12-05 00:00:00,NIL,NIL
Sutlej,Islam H/W,2016-12-06 00:00:00,NIL,NIL
Sutlej,Islam H/W,2016-12-07 00:00:00,NIL,NIL
Sutlej,Islam H/W,2016-12-08 00:00:00,NIL,NIL
Sutlej,Islam H/W,2016-12-09 00:00:00,NIL,NIL
Sutlej,Islam H/W,2016-12-10 00:00:00,300,NIL
Sutlej,Islam H/W,2016-12-11 00:00:00,200,NIL
Sutlej,Islam H/W,2016-12-12 00:00:00,200,NIL
Sutlej,Islam H/W,2016-12-13 00:00:00,200,NIL
Sutlej,Islam H/W,2016-12-14 00:00:00,200,NIL
Sutlej,Islam H/W,2016-12-15 00:00:00,200,NIL
Sutlej,Islam H/W,2016-12-16 00:00:00,200,NIL
Sutlej,Islam H/W,2016-12-17 00:00:00,200,NIL
Sutlej,Islam H/W,2016-12-18 00:00:00,200,NIL
Sutlej,Islam H/W,2016-12-19 00:00:00,200,NIL
Sutlej,Islam H/W,2016-12-20 00:00:00,200,NIL
Sutlej,Islam H/W,2016-12-21 00:00:00,200,NIL
Sutlej,Islam H/W,2016-12-22 00:00:00,500,NIL
Sutlej,Islam H/W,2016-12-23 00:00:00,1200,NIL
Sutlej,Islam H/W,2016-12-24 00:00:00,1200,NIL
Sutlej,Islam H/W,2016-12-25 00:00:00,1200,NIL
Sutlej,Islam H/W,2016-12-26 00:00:00,900,NIL
Sutlej,Islam H/W,2016-12-27 00:00:00,300,NIL
Sutlej,Islam H/W,2016-12-28 00:00:00,224,NIL
Sutlej,Islam H/W,2016-12-29 00:00:00,203,NIL
Sutlej,Islam H/W,2016-12-30 00:00:00,180,NIL
Sutlej,Islam H/W,2016-12-31 00:00:00,NIL,NIL
Indus,Kalabagh,2016-03-01 00:00:00,70718,62218
Indus,Kalabagh,2016-03-02 00:00:00,81538,73038
Indus,Kalabagh,2016-03-03 00:00:00,71068,62568
Indus,Kalabagh,2016-03-04 00:00:00,81037,73037
Indus,Kalabagh,2016-03-05 00:00:00,81709,73709
Indus,Kalabagh,2016-03-06 00:00:00,69469,62469
Indus,Kalabagh,2016-03-07 00:00:00,78150,72650
Indus,Kalabagh,2016-03-08 00:00:00,76873,71373
Indus,Kalabagh,2016-03-09 00:00:00,67615,61115
Indus,Kalabagh,2016-03-10 00:00:00,53121,46621
Indus,Kalabagh,2016-03-11 00:00:00,77090,71390
Indus,Kalabagh,2016-03-12 00:00:00,76060,71560
Indus,Kalabagh,2016-03-13 00:00:00,74660,71160
Indus,Kalabagh,2016-03-14 00:00:00,86444,82944
Indus,Kalabagh,2016-03-15 00:00:00,79575,76575
Indus,Kalabagh,2016-03-16 00:00:00,50996,47996
Indus,Kalabagh,2016-03-17 00:00:00,58584,55584
Indus,Kalabagh,2016-03-18 00:00:00,68413,65413
Indus,Kalabagh,2016-03-19 00:00:00,77924,74924
Indus,Kalabagh,2016-03-20 00:00:00,79561,75461
Indus,Kalabagh,2016-03-21 00:00:00,70117,65617
Indus,Kalabagh,2016-03-22 00:00:00,53886,49386
Indus,Kalabagh,2016-03-23 00:00:00,46435,41935
Indus,Kalabagh,2016-03-24 00:00:00,38791,33791
Indus,Kalabagh,2016-03-25 00:00:00,47641,42641
Indus,Kalabagh,2016-03-26 00:00:00,60229,55729
Indus,Kalabagh,2016-03-27 00:00:00,58871,53871
Indus,Kalabagh,2016-03-28 00:00:00,41375,35875
Indus,Kalabagh,2016-03-29 00:00:00,48453,41653
Indus,Kalabagh,2016-03-30 00:00:00,50619,43619
Indus,Kalabagh,2016-03-31 00:00:00,53280,46280
Indus,Taunsa Barrage,2016-03-01 00:00:00,51156,44460
Indus,Taunsa Barrage,2016-03-02 00:00:00,52932,46052
Indus,Taunsa Barrage,2016-03-03 00:00:00,55511,48362
Indus,Taunsa Barrage,2016-03-04 00:00:00,55511,48645
Indus,Taunsa Barrage,2016-03-05 00:00:00,56595,48556
Indus,Taunsa Barrage,2016-03-06 00:00:00,58865,50574
Indus,Taunsa Barrage,2016-03-07 00:00:00,59252,50626
Indus,Taunsa Barrage,2016-03-08 00:00:00,57486,48982
Indus,Taunsa Barrage,2016-03-09 00:00:00,59776,50704
Indus,Taunsa Barrage,2016-03-10 00:00:00,56626,43097
Indus,Taunsa Barrage,2016-03-11 00:00:00,52640,40233
Indus,Taunsa Barrage,2016-03-12 00:00:00,53433,49057
Indus,Taunsa Barrage,2016-03-13 00:00:00,52640,48271
Indus,Taunsa Barrage,2016-03-14 00:00:00,46611,42597
Indus,Taunsa Barrage,2016-03-15 00:00:00,43848,40136
Indus,Taunsa Barrage,2016-03-16 00:00:00,43848,40435
Indus,Taunsa Barrage,2016-03-17 00:00:00,46860,43276
Indus,Taunsa Barrage,2016-03-18 00:00:00,63892,59050
Indus,Taunsa Barrage,2016-03-19 00:00:00,60333,55583
Indus,Taunsa Barrage,2016-03-20 00:00:00,55423,52051
Indus,Taunsa Barrage,2016-03-21 00:00:00,55250,51763
Indus,Taunsa Barrage,2016-03-22 00:00:00,52956,49502
Indus,Taunsa Barrage,2016-03-23 00:00:00,50514,47202
Indus,Taunsa Barrage,2016-03-24 00:00:00,50514,47367
Indus,Taunsa Barrage,2016-03-25 00:00:00,53820,50288
Indus,Taunsa Barrage,2016-03-26 00:00:00,50592,46997
Indus,Taunsa Barrage,2016-03-27 00:00:00,47042,43514
Indus,Taunsa Barrage,2016-03-28 00:00:00,45771,41713
Indus,Taunsa Barrage,2016-03-29 00:00:00,42487,38170
Indus,Taunsa Barrage,2016-03-30 00:00:00,39627,39627
Indus,Taunsa Barrage,2016-03-31 00:00:00,39627,39627
Indus,Chashma Barrage,2016-03-01 00:00:00,66869,61000
Indus,Chashma Barrage,2016-03-02 00:00:00,67978,61000
Indus,Chashma Barrage,2016-03-03 00:00:00,66126,61000
Indus,Chashma Barrage,2016-03-04 00:00:00,67052,61000
Indus,Chashma Barrage,2016-03-05 00:00:00,66948,61000
Indus,Chashma Barrage,2016-03-06 00:00:00,72591,66000
Indus,Chashma Barrage,2016-03-07 00:00:00,80849,66000
Indus,Chashma Barrage,2016-03-08 00:00:00,78116,56000
Indus,Chashma Barrage,2016-03-09 00:00:00,70228,56000
Indus,Chashma Barrage,2016-03-10 00:00:00,56403,56000
Indus,Chashma Barrage,2016-03-11 00:00:00,42808,40000
Indus,Chashma Barrage,2016-03-12 00:00:00,39843,40355
Indus,Chashma Barrage,2016-03-13 00:00:00,44701,40000
Indus,Chashma Barrage,2016-03-14 00:00:00,66395,43500
Indus,Chashma Barrage,2016-03-15 00:00:00,84283,63433
Indus,Chashma Barrage,2016-03-16 00:00:00,89922,84844
Indus,Chashma Barrage,2016-03-17 00:00:00,56050,57089
Indus,Chashma Barrage,2016-03-18 00:00:00,62269,63308
Indus,Chashma Barrage,2016-03-19 00:00:00,52361,59517
Indus,Chashma Barrage,2016-03-20 00:00:00,52530,55608
Indus,Chashma Barrage,2016-03-21 00:00:00,54091,55130
Indus,Chashma Barrage,2016-03-22 00:00:00,68673,59517
Indus,Chashma Barrage,2016-03-23 00:00:00,48070,56902
Indus,Chashma Barrage,2016-03-24 00:00:00,44113,49027
Indus,Chashma Barrage,2016-03-25 00:00:00,40962,45876
Indus,Chashma Barrage,2016-03-26 00:00:00,41988,43645
Indus,Chashma Barrage,2016-03-27 00:00:00,41054,42243
Indus,Chashma Barrage,2016-03-28 00:00:00,45247,42253
Indus,Chashma Barrage,2016-03-29 00:00:00,46316,43020
Indus,Chashma Barrage,2016-03-30 00:00:00,37936,42807
Indus,Chashma Barrage,2016-03-31 00:00:00,39979,40306
Jhelum,Rasul Barrage,2016-03-01 00:00:00,55198,35325
Jhelum,Rasul Barrage,2016-03-02 00:00:00,51295,31422
Jhelum,Rasul Barrage,2016-03-03 00:00:00,35673,15800
Jhelum,Rasul Barrage,2016-03-04 00:00:00,39680,19705
Jhelum,Rasul Barrage,2016-03-05 00:00:00,39578,19705
Jhelum,Rasul Barrage,2016-03-06 00:00:00,38928,19705
Jhelum,Rasul Barrage,2016-03-07 00:00:00,39028,19705
Jhelum,Rasul Barrage,2016-03-08 00:00:00,39028,19705
Jhelum,Rasul Barrage,2016-03-09 00:00:00,31218,11895
Jhelum,Rasul Barrage,2016-03-10 00:00:00,35020,15800
Jhelum,Rasul Barrage,2016-03-11 00:00:00,32800,15800
Jhelum,Rasul Barrage,2016-03-12 00:00:00,32800,15800
Jhelum,Rasul Barrage,2016-03-13 00:00:00,22341,5341
Jhelum,Rasul Barrage,2016-03-14 00:00:00,26895,11895
Jhelum,Rasul Barrage,2016-03-15 00:00:00,14000,NIL
Jhelum,Rasul Barrage,2016-03-16 00:00:00,12000,NIL
Jhelum,Rasul Barrage,2016-03-17 00:00:00,14000,NIL
Jhelum,Rasul Barrage,2016-03-18 00:00:00,12000,NIL
Jhelum,Rasul Barrage,2016-03-19 00:00:00,12000,NIL
Jhelum,Rasul Barrage,2016-03-20 00:00:00,18341,5341
Jhelum,Rasul Barrage,2016-03-21 00:00:00,34705,19705
Jhelum,Rasul Barrage,2016-03-22 00:00:00,58125,43125
Jhelum,Rasul Barrage,2016-03-23 00:00:00,58125,43125
Jhelum,Rasul Barrage,2016-03-24 00:00:00,57040,47040
Jhelum,Rasul Barrage,2016-03-25 00:00:00,53125,43125
Jhelum,Rasul Barrage,2016-03-26 00:00:00,53125,43125
Jhelum,Rasul Barrage,2016-03-27 00:00:00,57040,47040
Jhelum,Rasul Barrage,2016-03-28 00:00:00,57040,47040
Jhelum,Rasul Barrage,2016-03-29 00:00:00,57040,47040
Jhelum,Rasul Barrage,2016-03-30 00:00:00,59170,49170
Jhelum,Rasul Barrage,2016-03-31 00:00:00,59170,49170
Chenab,Marala H/W,2016-03-01 00:00:00,7182,3000
Chenab,Marala H/W,2016-03-02 00:00:00,7431,3000
Chenab,Marala H/W,2016-03-03 00:00:00,7182,3000
Chenab,Marala H/W,2016-03-04 00:00:00,12748,7398
Chenab,Marala H/W,2016-03-05 00:00:00,7182,3000
Chenab,Marala H/W,2016-03-06 00:00:00,7182,3000
Chenab,Marala H/W,2016-03-07 00:00:00,7182,3000
Chenab,Marala H/W,2016-03-08 00:00:00,7431,3000
Chenab,Marala H/W,2016-03-09 00:00:00,7809,3000
Chenab,Marala H/W,2016-03-10 00:00:00,7182,3000
Chenab,Marala H/W,2016-03-11 00:00:00,7182,3000
Chenab,Marala H/W,2016-03-12 00:00:00,10383,5033
Chenab,Marala H/W,2016-03-13 00:00:00,46784,42734
Chenab,Marala H/W,2016-03-14 00:00:00,41476,37426
Chenab,Marala H/W,2016-03-15 00:00:00,44130,40080
Chenab,Marala H/W,2016-03-16 00:00:00,33514,29464
Chenab,Marala H/W,2016-03-17 00:00:00,25552,21502
Chenab,Marala H/W,2016-03-18 00:00:00,35818,32118
Chenab,Marala H/W,2016-03-19 00:00:00,33164,29464
Chenab,Marala H/W,2016-03-20 00:00:00,49288,45388
Chenab,Marala H/W,2016-03-21 00:00:00,30710,26810
Chenab,Marala H/W,2016-03-22 00:00:00,23848,18848
Chenab,Marala H/W,2016-03-23 00:00:00,23848,18848
Chenab,Marala H/W,2016-03-24 00:00:00,23848,18848
Chenab,Marala H/W,2016-03-25 00:00:00,21194,16194
Chenab,Marala H/W,2016-03-26 00:00:00,18040,13540
Chenab,Marala H/W,2016-03-27 00:00:00,21094,16194
Chenab,Marala H/W,2016-03-28 00:00:00,18440,13540
Chenab,Marala H/W,2016-03-29 00:00:00,18440,13540
Chenab,Marala H/W,2016-03-30 00:00:00,18440,13540
Chenab,Marala H/W,2016-03-31 00:00:00,21294,16194
Chenab,Khanki H/W,2016-03-01 00:00:00,4919,NIL
Chenab,Khanki H/W,2016-03-02 00:00:00,5182,NIL
Chenab,Khanki H/W,2016-03-03 00:00:00,5076,NIL
Chenab,Khanki H/W,2016-03-04 00:00:00,5725,NIL
Chenab,Khanki H/W,2016-03-05 00:00:00,8130,1580
Chenab,Khanki H/W,2016-03-06 00:00:00,5397,NIL
Chenab,Khanki H/W,2016-03-07 00:00:00,5182,NIL
Chenab,Khanki H/W,2016-03-08 00:00:00,5615,NIL
Chenab,Khanki H/W,2016-03-09 00:00:00,6150,NIL
Chenab,Khanki H/W,2016-03-10 00:00:00,6150,NIL
Chenab,Khanki H/W,2016-03-11 00:00:00,5836,NIL
Chenab,Khanki H/W,2016-03-12 00:00:00,6580,1580
Chenab,Khanki H/W,2016-03-13 00:00:00,23610,21060
Chenab,Khanki H/W,2016-03-14 00:00:00,45652,43102
Chenab,Khanki H/W,2016-03-15 00:00:00,40154,37604
Chenab,Khanki H/W,2016-03-16 00:00:00,46707,43657
Chenab,Khanki H/W,2016-03-17 00:00:00,26831,23731
Chenab,Khanki H/W,2016-03-18 00:00:00,21155,17755
Chenab,Khanki H/W,2016-03-19 00:00:00,32453,28653
Chenab,Khanki H/W,2016-03-20 00:00:00,60196,56096
Chenab,Khanki H/W,2016-03-21 00:00:00,38984,34884
Chenab,Khanki H/W,2016-03-22 00:00:00,22939,18539
Chenab,Khanki H/W,2016-03-23 00:00:00,21383,16983
Chenab,Khanki H/W,2016-03-24 00:00:00,18527,14127
Chenab,Khanki H/W,2016-03-25 00:00:00,18727,14127
Chenab,Khanki H/W,2016-03-26 00:00:00,14656,10056
Chenab,Khanki H/W,2016-03-27 00:00:00,16573,12073
Chenab,Khanki H/W,2016-03-28 00:00:00,16573,12073
Chenab,Khanki H/W,2016-03-29 00:00:00,18877,14127
Chenab,Khanki H/W,2016-03-30 00:00:00,19277,14127
Chenab,Khanki H/W,2016-03-31 00:00:00,17523,12073
Chenab,Qadirabad Barrage,2016-03-01 00:00:00,19000,NIL
Chenab,Qadirabad Barrage,2016-03-02 00:00:00,20575,NIL
Chenab,Qadirabad Barrage,2016-03-03 00:00:00,20000,NIL
Chenab,Qadirabad Barrage,2016-03-04 00:00:00,20000,NIL
Chenab,Qadirabad Barrage,2016-03-05 00:00:00,20000,NIL
Chenab,Qadirabad Barrage,2016-03-06 00:00:00,20000,NIL
Chenab,Qadirabad Barrage,2016-03-07 00:00:00,19000,NIL
Chenab,Qadirabad Barrage,2016-03-08 00:00:00,19000,NIL
Chenab,Qadirabad Barrage,2016-03-09 00:00:00,19000,NIL
Chenab,Qadirabad Barrage,2016-03-10 00:00:00,19450,NIL
Chenab,Qadirabad Barrage,2016-03-11 00:00:00,19450,NIL
Chenab,Qadirabad Barrage,2016-03-12 00:00:00,19450,NIL
Chenab,Qadirabad Barrage,2016-03-13 00:00:00,21250,NIL
Chenab,Qadirabad Barrage,2016-03-14 00:00:00,49671,29671
Chenab,Qadirabad Barrage,2016-03-15 00:00:00,50691,30691
Chenab,Qadirabad Barrage,2016-03-16 00:00:00,50691,30691
Chenab,Qadirabad Barrage,2016-03-17 00:00:00,45585,25585
Chenab,Qadirabad Barrage,2016-03-18 00:00:00,31435,11435
Chenab,Qadirabad Barrage,2016-03-19 00:00:00,43585,25585
Chenab,Qadirabad Barrage,2016-03-20 00:00:00,43585,25585
Chenab,Qadirabad Barrage,2016-03-21 00:00:00,61167,43167
Chenab,Qadirabad Barrage,2016-03-22 00:00:00,43585,25585
Chenab,Qadirabad Barrage,2016-03-23 00:00:00,39670,21670
Chenab,Qadirabad Barrage,2016-03-24 00:00:00,24041,14041
Chenab,Qadirabad Barrage,2016-03-25 00:00:00,24041,14041
Chenab,Qadirabad Barrage,2016-03-26 00:00:00,24041,14041
Chenab,Qadirabad Barrage,2016-03-27 00:00:00,22041,14041
Chenab,Qadirabad Barrage,2016-03-28 00:00:00,26041,14041
Chenab,Qadirabad Barrage,2016-03-29 00:00:00,24323,9323
Chenab,Qadirabad Barrage,2016-03-30 00:00:00,24323,9323
Chenab,Qadirabad Barrage,2016-03-31 00:00:00,24323,9323
Chenab,Trimmu H/W,2016-03-01 00:00:00,34070,21070
Chenab,Trimmu H/W,2016-03-02 00:00:00,34070,21070
Chenab,Trimmu H/W,2016-03-03 00:00:00,34070,21070
Chenab,Trimmu H/W,2016-03-04 00:00:00,30859,17859
Chenab,Trimmu H/W,2016-03-05 00:00:00,34664,24664
Chenab,Trimmu H/W,2016-03-06 00:00:00,24092,15092
Chenab,Trimmu H/W,2016-03-07 00:00:00,25584,16584
Chenab,Trimmu H/W,2016-03-08 00:00:00,25884,16584
Chenab,Trimmu H/W,2016-03-09 00:00:00,23892,15592
Chenab,Trimmu H/W,2016-03-10 00:00:00,24191,16891
Chenab,Trimmu H/W,2016-03-11 00:00:00,20056,14356
Chenab,Trimmu H/W,2016-03-12 00:00:00,16225,13225
Chenab,Trimmu H/W,2016-03-13 00:00:00,19525,18025
Chenab,Trimmu H/W,2016-03-14 00:00:00,21584,21584
Chenab,Trimmu H/W,2016-03-15 00:00:00,19134,19134
Chenab,Trimmu H/W,2016-03-16 00:00:00,17942,17942
Chenab,Trimmu H/W,2016-03-17 00:00:00,24169,24169
Chenab,Trimmu H/W,2016-03-18 00:00:00,29501,29501
Chenab,Trimmu H/W,2016-03-19 00:00:00,29501,29501
Chenab,Trimmu H/W,2016-03-20 00:00:00,22470,22470
Chenab,Trimmu H/W,2016-03-21 00:00:00,18380,15380
Chenab,Trimmu H/W,2016-03-22 00:00:00,20943,17943
Chenab,Trimmu H/W,2016-03-23 00:00:00,42151,37151
Chenab,Trimmu H/W,2016-03-24 00:00:00,42483,37483
Chenab,Trimmu H/W,2016-03-25 00:00:00,47700,42700
Chenab,Trimmu H/W,2016-03-26 00:00:00,55744,52244
Chenab,Trimmu H/W,2016-03-27 00:00:00,59032,54332
Chenab,Trimmu H/W,2016-03-28 00:00:00,61313,56313
Chenab,Trimmu H/W,2016-03-29 00:00:00,61028,56028
Chenab,Trimmu H/W,2016-03-30 00:00:00,60138,55138
Chenab,Trimmu H/W,2016-03-31 00:00:00,59610,54610
Chenab,Panjnad H/W,2016-03-01 00:00:00,24251,13226
Chenab,Panjnad H/W,2016-03-02 00:00:00,24201,13226
Chenab,Panjnad H/W,2016-03-03 00:00:00,23026,13226
Chenab,Panjnad H/W,2016-03-04 00:00:00,20435,10510
Chenab,Panjnad H/W,2016-03-05 00:00:00,21828,15828
Chenab,Panjnad H/W,2016-03-06 00:00:00,21328,15828
Chenab,Panjnad H/W,2016-03-07 00:00:00,23963,18463
Chenab,Panjnad H/W,2016-03-08 00:00:00,24627,19127
Chenab,Panjnad H/W,2016-03-09 00:00:00,25857,21957
Chenab,Panjnad H/W,2016-03-10 00:00:00,23825,23425
Chenab,Panjnad H/W,2016-03-11 00:00:00,21074,20774
Chenab,Panjnad H/W,2016-03-12 00:00:00,20774,20774
Chenab,Panjnad H/W,2016-03-13 00:00:00,22416,21416
Chenab,Panjnad H/W,2016-03-14 00:00:00,23116,21416
Chenab,Panjnad H/W,2016-03-15 00:00:00,24180,21280
Chenab,Panjnad H/W,2016-03-16 00:00:00,18922,16022
Chenab,Panjnad H/W,2016-03-17 00:00:00,17922,16022
Chenab,Panjnad H/W,2016-03-18 00:00:00,22112,21062
Chenab,Panjnad H/W,2016-03-19 00:00:00,24048,22998
Chenab,Panjnad H/W,2016-03-20 00:00:00,25198,22998
Chenab,Panjnad H/W,2016-03-21 00:00:00,28350,25850
Chenab,Panjnad H/W,2016-03-22 00:00:00,29865,27365
Chenab,Panjnad H/W,2016-03-23 00:00:00,29818,26518
Chenab,Panjnad H/W,2016-03-24 00:00:00,26377,22677
Chenab,Panjnad H/W,2016-03-25 00:00:00,23370,19770
Chenab,Panjnad H/W,2016-03-26 00:00:00,26597,24297
Chenab,Panjnad H/W,2016-03-27 00:00:00,29868,26468
Chenab,Panjnad H/W,2016-03-28 00:00:00,42864,38764
Chenab,Panjnad H/W,2016-03-29 00:00:00,51547,47447
Chenab,Panjnad H/W,2016-03-30 00:00:00,54091,49991
Chenab,Panjnad H/W,2016-03-31 00:00:00,54091,49991
Ravi,Balloki H/W,2016-03-01 00:00:00,16785,585
Ravi,Balloki H/W,2016-03-02 00:00:00,14700,NIL
Ravi,Balloki H/W,2016-03-03 00:00:00,15650,NIL
Ravi,Balloki H/W,2016-03-04 00:00:00,16000,NIL
Ravi,Balloki H/W,2016-03-05 00:00:00,14500,NIL
Ravi,Balloki H/W,2016-03-06 00:00:00,16200,NIL
Ravi,Balloki H/W,2016-03-07 00:00:00,16300,NIL
Ravi,Balloki H/W,2016-03-08 00:00:00,15600,NIL
Ravi,Balloki H/W,2016-03-09 00:00:00,15300,NIL
Ravi,Balloki H/W,2016-03-10 00:00:00,15300,NIL
Ravi,Balloki H/W,2016-03-11 00:00:00,15400,NIL
Ravi,Balloki H/W,2016-03-12 00:00:00,16080,880
Ravi,Balloki H/W,2016-03-13 00:00:00,17460,3360
Ravi,Balloki H/W,2016-03-14 00:00:00,19605,5505
Ravi,Balloki H/W,2016-03-15 00:00:00,19905,5505
Ravi,Balloki H/W,2016-03-16 00:00:00,19475,4475
Ravi,Balloki H/W,2016-03-17 00:00:00,20505,5505
Ravi,Balloki H/W,2016-03-18 00:00:00,20505,5505
Ravi,Balloki H/W,2016-03-19 00:00:00,20360,2560
Ravi,Balloki H/W,2016-03-20 00:00:00,20155,1155
Ravi,Balloki H/W,2016-03-21 00:00:00,20155,1155
Ravi,Balloki H/W,2016-03-22 00:00:00,19985,585
Ravi,Balloki H/W,2016-03-23 00:00:00,19400,NIL
Ravi,Balloki H/W,2016-03-24 00:00:00,16660,10660
Ravi,Balloki H/W,2016-03-25 00:00:00,11420,5420
Ravi,Balloki H/W,2016-03-26 00:00:00,10620,5420
Ravi,Balloki H/W,2016-03-27 00:00:00,10620,5420
Ravi,Balloki H/W,2016-03-28 00:00:00,11200,NIL
Ravi,Balloki H/W,2016-03-29 00:00:00,11600,NIL
Ravi,Balloki H/W,2016-03-30 00:00:00,13500,NIL
Ravi,Balloki H/W,2016-03-31 00:00:00,14085,585
Ravi,Sidhnai H/W,2016-03-01 00:00:00,11395,995
Ravi,Sidhnai H/W,2016-03-02 00:00:00,11295,995
Ravi,Sidhnai H/W,2016-03-03 00:00:00,11295,995
Ravi,Sidhnai H/W,2016-03-04 00:00:00,10261,661
Ravi,Sidhnai H/W,2016-03-05 00:00:00,10139,3639
Ravi,Sidhnai H/W,2016-03-06 00:00:00,7034,334
Ravi,Sidhnai H/W,2016-03-07 00:00:00,7072,1322
Ravi,Sidhnai H/W,2016-03-08 00:00:00,7011,661
Ravi,Sidhnai H/W,2016-03-09 00:00:00,7194,2644
Ravi,Sidhnai H/W,2016-03-10 00:00:00,6433,1983
Ravi,Sidhnai H/W,2016-03-11 00:00:00,6878,2978
Ravi,Sidhnai H/W,2016-03-12 00:00:00,2817,2317
Ravi,Sidhnai H/W,2016-03-13 00:00:00,995,995
Ravi,Sidhnai H/W,2016-03-14 00:00:00,995,995
Ravi,Sidhnai H/W,2016-03-15 00:00:00,334,334
Ravi,Sidhnai H/W,2016-03-16 00:00:00,334,334
Ravi,Sidhnai H/W,2016-03-17 00:00:00,995,995
Ravi,Sidhnai H/W,2016-03-18 00:00:00,3305,3305
Ravi,Sidhnai H/W,2016-03-19 00:00:00,3305,3305
Ravi,Sidhnai H/W,2016-03-20 00:00:00,3305,3305
Ravi,Sidhnai H/W,2016-03-21 00:00:00,6827,4627
Ravi,Sidhnai H/W,2016-03-22 00:00:00,6966,3966
Ravi,Sidhnai H/W,2016-03-23 00:00:00,4495,995
Ravi,Sidhnai H/W,2016-03-24 00:00:00,5383,1983
Ravi,Sidhnai H/W,2016-03-25 00:00:00,5717,2317
Ravi,Sidhnai H/W,2016-03-26 00:00:00,5805,3305
Ravi,Sidhnai H/W,2016-03-27 00:00:00,6666,3966
Ravi,Sidhnai H/W,2016-03-28 00:00:00,10010,6610
Ravi,Sidhnai H/W,2016-03-29 00:00:00,10410,6610
Ravi,Sidhnai H/W,2016-03-30 00:00:00,7966,3966
Ravi,Sidhnai H/W,2016-03-31 00:00:00,7455,3305
Sutlej,Suleimanki H/W,2016-03-01 00:00:00,10871,3267
Sutlej,Suleimanki H/W,2016-03-02 00:00:00,10313,2709
Sutlej,Suleimanki H/W,2016-03-03 00:00:00,10363,2709
Sutlej,Suleimanki H/W,2016-03-04 00:00:00,10811,3814
Sutlej,Suleimanki H/W,2016-03-05 00:00:00,10398,4585
Sutlej,Suleimanki H/W,2016-03-06 00:00:00,10625,4212
Sutlej,Suleimanki H/W,2016-03-07 00:00:00,10371,3653
Sutlej,Suleimanki H/W,2016-03-08 00:00:00,10475,3571
Sutlej,Suleimanki H/W,2016-03-09 00:00:00,10575,3571
Sutlej,Suleimanki H/W,2016-03-10 00:00:00,9006,1702
Sutlej,Suleimanki H/W,2016-03-11 00:00:00,8981,3781
Sutlej,Suleimanki H/W,2016-03-12 00:00:00,10213,9013
Sutlej,Suleimanki H/W,2016-03-13 00:00:00,9781,9081
Sutlej,Suleimanki H/W,2016-03-14 00:00:00,9802,7587
Sutlej,Suleimanki H/W,2016-03-15 00:00:00,9987,6285
Sutlej,Suleimanki H/W,2016-03-16 00:00:00,9879,5669
Sutlej,Suleimanki H/W,2016-03-17 00:00:00,9905,5003
Sutlej,Suleimanki H/W,2016-03-18 00:00:00,10249,5749
Sutlej,Suleimanki H/W,2016-03-19 00:00:00,10339,4739
Sutlej,Suleimanki H/W,2016-03-20 00:00:00,10449,5749
Sutlej,Suleimanki H/W,2016-03-21 00:00:00,11349,5749
Sutlej,Suleimanki H/W,2016-03-22 00:00:00,12865,6361
Sutlej,Suleimanki H/W,2016-03-23 00:00:00,12865,6361
Sutlej,Suleimanki H/W,2016-03-24 00:00:00,11194,8013
Sutlej,Suleimanki H/W,2016-03-25 00:00:00,4745,2709
Sutlej,Suleimanki H/W,2016-03-26 00:00:00,2762,1080
Sutlej,Suleimanki H/W,2016-03-27 00:00:00,1942,451
Sutlej,Suleimanki H/W,2016-03-28 00:00:00,1896,451
Sutlej,Suleimanki H/W,2016-03-29 00:00:00,1896,451
Sutlej,Suleimanki H/W,2016-03-30 00:00:00,6026,3490
Sutlej,Suleimanki H/W,2016-03-31 00:00:00,6915,3061
Sutlej,Islam H/W,2016-03-01 00:00:00,3186,2336
Sutlej,Islam H/W,2016-03-02 00:00:00,3186,2336
Sutlej,Islam H/W,2016-03-03 00:00:00,2477,1777
Sutlej,Islam H/W,2016-03-04 00:00:00,2202,1777
Sutlej,Islam H/W,2016-03-05 00:00:00,2202,1777
Sutlej,Islam H/W,2016-03-06 00:00:00,1797,1272
Sutlej,Islam H/W,2016-03-07 00:00:00,1747,1272
Sutlej,Islam H/W,2016-03-08 00:00:00,2377,1777
Sutlej,Islam H/W,2016-03-09 00:00:00,2377,1777
Sutlej,Islam H/W,2016-03-10 00:00:00,1899,799
Sutlej,Islam H/W,2016-03-11 00:00:00,2272,1272
Sutlej,Islam H/W,2016-03-12 00:00:00,1772,1272
Sutlej,Islam H/W,2016-03-13 00:00:00,2836,2336
Sutlej,Islam H/W,2016-03-14 00:00:00,6609,6609
Sutlej,Islam H/W,2016-03-15 00:00:00,8329,8329
Sutlej,Islam H/W,2016-03-16 00:00:00,8329,8329
Sutlej,Islam H/W,2016-03-17 00:00:00,7452,7452
Sutlej,Islam H/W,2016-03-18 00:00:00,6609,6609
Sutlej,Islam H/W,2016-03-19 00:00:00,6609,6609
Sutlej,Islam H/W,2016-03-20 00:00:00,5800,5800
Sutlej,Islam H/W,2016-03-21 00:00:00,4244,2944
Sutlej,Islam H/W,2016-03-22 00:00:00,4244,2944
Sutlej,Islam H/W,2016-03-23 00:00:00,4036,2336
Sutlej,Islam H/W,2016-03-24 00:00:00,4744,2944
Sutlej,Islam H/W,2016-03-25 00:00:00,4744,2944
Sutlej,Islam H/W,2016-03-26 00:00:00,6228,5028
Sutlej,Islam H/W,2016-03-27 00:00:00,5793,4293
Sutlej,Islam H/W,2016-03-28 00:00:00,1400,NIL
Sutlej,Islam H/W,2016-03-29 00:00:00,1400,NIL
Sutlej,Islam H/W,2016-03-30 00:00:00,1400,NIL
Sutlej,Islam H/W,2016-03-31 00:00:00,1400,NIL
Indus,Kalabagh,2016-04-01 00:00:00,66501,59501
Indus,Kalabagh,2016-04-02 00:00:00,54515,47515
Indus,Kalabagh,2016-04-03 00:00:00,46562,39562
Indus,Kalabagh,2016-04-04 00:00:00,103102,96102
Indus,Kalabagh,2016-04-05 00:00:00,134030,127030
Indus,Kalabagh,2016-04-06 00:00:00,117807,110307
Indus,Kalabagh,2016-04-07 00:00:00,86480,78980
Indus,Kalabagh,2016-04-08 00:00:00,59913,52413
Indus,Kalabagh,2016-04-09 00:00:00,82616,75616
Indus,Kalabagh,2016-04-10 00:00:00,74727,67727
Indus,Kalabagh,2016-04-11 00:00:00,83469,76469
Indus,Kalabagh,2016-04-12 00:00:00,68579,61079
Indus,Kalabagh,2016-04-13 00:00:00,102403,94903
Indus,Kalabagh,2016-04-14 00:00:00,81299,73799
Indus,Kalabagh,2016-04-15 00:00:00,73867,66367
Indus,Kalabagh,2016-04-16 00:00:00,81141,73641
Indus,Kalabagh,2016-04-17 00:00:00,76746,69246
Indus,Kalabagh,2016-04-18 00:00:00,80087,72587
Indus,Kalabagh,2016-04-19 00:00:00,102155,94655
Indus,Kalabagh,2016-04-20 00:00:00,115264,107764
Indus,Kalabagh,2016-04-21 00:00:00,87119,79619
Indus,Kalabagh,2016-04-22 00:00:00,87826,80326
Indus,Kalabagh,2016-04-23 00:00:00,99012,91512
Indus,Kalabagh,2016-04-24 00:00:00,89899,82399
Indus,Kalabagh,2016-04-25 00:00:00,77651,70151
Indus,Kalabagh,2016-04-26 00:00:00,85694,78194
Indus,Kalabagh,2016-04-27 00:00:00,106693,99193
Indus,Kalabagh,2016-04-28 00:00:00,116467,108967
Indus,Kalabagh,2016-04-29 00:00:00,118037,110537
Indus,Kalabagh,2016-04-30 00:00:00,104442,96942
Indus,Taunsa Barrage,2016-04-01 00:00:00,42022,42022
Indus,Taunsa Barrage,2016-04-02 00:00:00,38429,38429
Indus,Taunsa Barrage,2016-04-03 00:00:00,38430,38430
Indus,Taunsa Barrage,2016-04-04 00:00:00,38430,38430
Indus,Taunsa Barrage,2016-04-05 00:00:00,37232,37232
Indus,Taunsa Barrage,2016-04-06 00:00:00,36035,36035
Indus,Taunsa Barrage,2016-04-07 00:00:00,40825,40825
Indus,Taunsa Barrage,2016-04-08 00:00:00,103576,103576
Indus,Taunsa Barrage,2016-04-09 00:00:00,86831,86831
Indus,Taunsa Barrage,2016-04-10 00:00:00,67028,67028
Indus,Taunsa Barrage,2016-04-11 00:00:00,60308,60308
Indus,Taunsa Barrage,2016-04-12 00:00:00,63921,63921
Indus,Taunsa Barrage,2016-04-13 00:00:00,63921,63921
Indus,Taunsa Barrage,2016-04-14 00:00:00,63921,63921
Indus,Taunsa Barrage,2016-04-15 00:00:00,67734,67734
Indus,Taunsa Barrage,2016-04-16 00:00:00,77355,77355
Indus,Taunsa Barrage,2016-04-17 00:00:00,75814,75814
Indus,Taunsa Barrage,2016-04-18 00:00:00,75814,75814
Indus,Taunsa Barrage,2016-04-19 00:00:00,76874,76874
Indus,Taunsa Barrage,2016-04-20 00:00:00,70177,60177
Indus,Taunsa Barrage,2016-04-21 00:00:00,55751,44880
Indus,Taunsa Barrage,2016-04-22 00:00:00,84649,73349
Indus,Taunsa Barrage,2016-04-23 00:00:00,96657,83857
Indus,Taunsa Barrage,2016-04-24 00:00:00,100289,86789
Indus,Taunsa Barrage,2016-04-25 00:00:00,92154,78654
Indus,Taunsa Barrage,2016-04-26 00:00:00,90709,75209
Indus,Taunsa Barrage,2016-04-27 00:00:00,87394,75394
Indus,Taunsa Barrage,2016-04-28 00:00:00,81567,68067
Indus,Taunsa Barrage,2016-04-29 00:00:00,79350,63554
Indus,Taunsa Barrage,2016-04-30 00:00:00,84738,68410
Indus,Chashma Barrage,2016-04-01 00:00:00,37108,37041
Indus,Chashma Barrage,2016-04-02 00:00:00,38374,36768
Indus,Chashma Barrage,2016-04-03 00:00:00,32615,34538
Indus,Chashma Barrage,2016-04-04 00:00:00,57525,38653
Indus,Chashma Barrage,2016-04-05 00:00:00,100947,58782
Indus,Chashma Barrage,2016-04-06 00:00:00,138755,136055
Indus,Chashma Barrage,2016-04-07 00:00:00,98447,95541
Indus,Chashma Barrage,2016-04-08 00:00:00,67904,64904
Indus,Chashma Barrage,2016-04-09 00:00:00,69894,67154
Indus,Chashma Barrage,2016-04-10 00:00:00,69946,67446
Indus,Chashma Barrage,2016-04-11 00:00:00,42624,70020
Indus,Chashma Barrage,2016-04-12 00:00:00,73843,70020
Indus,Chashma Barrage,2016-04-13 00:00:00,84919,80186
Indus,Chashma Barrage,2016-04-14 00:00:00,96385,91004
Indus,Chashma Barrage,2016-04-15 00:00:00,85127,79627
Indus,Chashma Barrage,2016-04-16 00:00:00,82654,77154
Indus,Chashma Barrage,2016-04-17 00:00:00,82874,77374
Indus,Chashma Barrage,2016-04-18 00:00:00,65836,64414
Indus,Chashma Barrage,2016-04-19 00:00:00,69914,64414
Indus,Chashma Barrage,2016-04-20 00:00:00,122525,112947
Indus,Chashma Barrage,2016-04-21 00:00:00,110583,105083
Indus,Chashma Barrage,2016-04-22 00:00:00,94539,109429
Indus,Chashma Barrage,2016-04-23 00:00:00,91810,102434
Indus,Chashma Barrage,2016-04-24 00:00:00,88842,97085
Indus,Chashma Barrage,2016-04-25 00:00:00,93229,99838
Indus,Chashma Barrage,2016-04-26 00:00:00,64262,90000
Indus,Chashma Barrage,2016-04-27 00:00:00,79158,80968
Indus,Chashma Barrage,2016-04-28 00:00:00,122750,90000
Indus,Chashma Barrage,2016-04-29 00:00:00,119887,100110
Indus,Chashma Barrage,2016-04-30 00:00:00,109778,90000
Jhelum,Rasul Barrage,2016-04-01 00:00:00,59170,49170
Jhelum,Rasul Barrage,2016-04-02 00:00:00,57402,45402
Jhelum,Rasul Barrage,2016-04-03 00:00:00,55634,41634
Jhelum,Rasul Barrage,2016-04-04 00:00:00,61365,45402
Jhelum,Rasul Barrage,2016-04-05 00:00:00,52160,34897
Jhelum,Rasul Barrage,2016-04-06 00:00:00,59062,41634
Jhelum,Rasul Barrage,2016-04-07 00:00:00,56096,37868
Jhelum,Rasul Barrage,2016-04-08 00:00:00,52826,34098
Jhelum,Rasul Barrage,2016-04-09 00:00:00,58523,37868
Jhelum,Rasul Barrage,2016-04-10 00:00:00,54175,34098
Jhelum,Rasul Barrage,2016-04-11 00:00:00,20546,NIL
Jhelum,Rasul Barrage,2016-04-12 00:00:00,25709,5163
Jhelum,Rasul Barrage,2016-04-13 00:00:00,20646,NIL
Jhelum,Rasul Barrage,2016-04-14 00:00:00,26009,5163
Jhelum,Rasul Barrage,2016-04-15 00:00:00,18796,NIL
Jhelum,Rasul Barrage,2016-04-16 00:00:00,17450,NIL
Jhelum,Rasul Barrage,2016-04-17 00:00:00,17450,NIL
Jhelum,Rasul Barrage,2016-04-18 00:00:00,13450,NIL
Jhelum,Rasul Barrage,2016-04-19 00:00:00,35201,19026
Jhelum,Rasul Barrage,2016-04-20 00:00:00,37233,19026
Jhelum,Rasul Barrage,2016-04-21 00:00:00,30747,11490
Jhelum,Rasul Barrage,2016-04-22 00:00:00,39383,19026
Jhelum,Rasul Barrage,2016-04-23 00:00:00,32497,11490
Jhelum,Rasul Barrage,2016-04-24 00:00:00,36365,15258
Jhelum,Rasul Barrage,2016-04-25 00:00:00,32611,11490
Jhelum,Rasul Barrage,2016-04-26 00:00:00,40347,19026
Jhelum,Rasul Barrage,2016-04-27 00:00:00,40447,19026
Jhelum,Rasul Barrage,2016-04-28 00:00:00,44359,22788
Jhelum,Rasul Barrage,2016-04-29 00:00:00,40774,19026
Jhelum,Rasul Barrage,2016-04-30 00:00:00,33235,11490
Chenab,Marala H/W,2016-04-01 00:00:00,21294,16194
Chenab,Marala H/W,2016-04-02 00:00:00,21294,16194
Chenab,Marala H/W,2016-04-03 00:00:00,18640,13540
Chenab,Marala H/W,2016-04-04 00:00:00,23948,18848
Chenab,Marala H/W,2016-04-05 00:00:00,23948,18848
Chenab,Marala H/W,2016-04-06 00:00:00,26398,14810
Chenab,Marala H/W,2016-04-07 00:00:00,24997,11897
Chenab,Marala H/W,2016-04-08 00:00:00,23084,8984
Chenab,Marala H/W,2016-04-09 00:00:00,23784,8984
Chenab,Marala H/W,2016-04-10 00:00:00,17097,6000
Chenab,Marala H/W,2016-04-11 00:00:00,16797,6000
Chenab,Marala H/W,2016-04-12 00:00:00,19710,14810
Chenab,Marala H/W,2016-04-13 00:00:00,22623,17723
Chenab,Marala H/W,2016-04-14 00:00:00,23423,17723
Chenab,Marala H/W,2016-04-15 00:00:00,20510,14810
Chenab,Marala H/W,2016-04-16 00:00:00,17597,11897
Chenab,Marala H/W,2016-04-17 00:00:00,17597,11897
Chenab,Marala H/W,2016-04-18 00:00:00,17597,11897
Chenab,Marala H/W,2016-04-19 00:00:00,20910,14810
Chenab,Marala H/W,2016-04-20 00:00:00,22997,11897
Chenab,Marala H/W,2016-04-21 00:00:00,22997,11897
Chenab,Marala H/W,2016-04-22 00:00:00,23484,8984
Chenab,Marala H/W,2016-04-23 00:00:00,23584,8984
Chenab,Marala H/W,2016-04-24 00:00:00,21339,6000
Chenab,Marala H/W,2016-04-25 00:00:00,22700,6000
Chenab,Marala H/W,2016-04-26 00:00:00,20140,6000
Chenab,Marala H/W,2016-04-27 00:00:00,14774,8000
Chenab,Marala H/W,2016-04-28 00:00:00,16950,7650
Chenab,Marala H/W,2016-04-29 00:00:00,18284,8984
Chenab,Marala H/W,2016-04-30 00:00:00,16898,5000
Chenab,Khanki H/W,2016-04-01 00:00:00,17823,12073
Chenab,Khanki H/W,2016-04-02 00:00:00,19927,14127
Chenab,Khanki H/W,2016-04-03 00:00:00,18073,12073
Chenab,Khanki H/W,2016-04-04 00:00:00,21021,15021
Chenab,Khanki H/W,2016-04-05 00:00:00,18672,12622
Chenab,Khanki H/W,2016-04-06 00:00:00,21680,15380
Chenab,Khanki H/W,2016-04-07 00:00:00,18872,12622
Chenab,Khanki H/W,2016-04-08 00:00:00,15747,9497
Chenab,Khanki H/W,2016-04-09 00:00:00,9887,3637
Chenab,Khanki H/W,2016-04-10 00:00:00,9411,3161
Chenab,Khanki H/W,2016-04-11 00:00:00,6250,NIL
Chenab,Khanki H/W,2016-04-12 00:00:00,11335,5085
Chenab,Khanki H/W,2016-04-13 00:00:00,17670,11270
Chenab,Khanki H/W,2016-04-14 00:00:00,17620,11270
Chenab,Khanki H/W,2016-04-15 00:00:00,17620,11270
Chenab,Khanki H/W,2016-04-16 00:00:00,12657,6057
Chenab,Khanki H/W,2016-04-17 00:00:00,13713,7013
Chenab,Khanki H/W,2016-04-18 00:00:00,15496,8739
Chenab,Khanki H/W,2016-04-19 00:00:00,15639,8739
Chenab,Khanki H/W,2016-04-20 00:00:00,20494,13594
Chenab,Khanki H/W,2016-04-21 00:00:00,18170,11270
Chenab,Khanki H/W,2016-04-22 00:00:00,15639,8739
Chenab,Khanki H/W,2016-04-23 00:00:00,13157,6057
Chenab,Khanki H/W,2016-04-24 00:00:00,11710,4610
Chenab,Khanki H/W,2016-04-25 00:00:00,9250,2150
Chenab,Khanki H/W,2016-04-26 00:00:00,9250,2150
Chenab,Khanki H/W,2016-04-27 00:00:00,7100,NIL
Chenab,Khanki H/W,2016-04-28 00:00:00,9400,2150
Chenab,Khanki H/W,2016-04-29 00:00:00,9500,2150
Chenab,Khanki H/W,2016-04-30 00:00:00,9650,2150
Chenab,Qadirabad Barrage,2016-04-01 00:00:00,24373,9373
Chenab,Qadirabad Barrage,2016-04-02 00:00:00,27373,9373
Chenab,Qadirabad Barrage,2016-04-03 00:00:00,27373,9373
Chenab,Qadirabad Barrage,2016-04-04 00:00:00,27373,9373
Chenab,Qadirabad Barrage,2016-04-05 00:00:00,32022,12022
Chenab,Qadirabad Barrage,2016-04-06 00:00:00,32022,12022
Chenab,Qadirabad Barrage,2016-04-07 00:00:00,29373,9373
Chenab,Qadirabad Barrage,2016-04-08 00:00:00,28048,8048
Chenab,Qadirabad Barrage,2016-04-09 00:00:00,24749,2749
Chenab,Qadirabad Barrage,2016-04-10 00:00:00,22000,NIL
Chenab,Qadirabad Barrage,2016-04-11 00:00:00,21000,NIL
Chenab,Qadirabad Barrage,2016-04-12 00:00:00,20000,NIL
Chenab,Qadirabad Barrage,2016-04-13 00:00:00,27399,5399
Chenab,Qadirabad Barrage,2016-04-14 00:00:00,30048,8048
Chenab,Qadirabad Barrage,2016-04-15 00:00:00,27399,5399
Chenab,Qadirabad Barrage,2016-04-16 00:00:00,24749,2749
Chenab,Qadirabad Barrage,2016-04-17 00:00:00,22000,NIL
Chenab,Qadirabad Barrage,2016-04-18 00:00:00,23436,1436
Chenab,Qadirabad Barrage,2016-04-19 00:00:00,22000,NIL
Chenab,Qadirabad Barrage,2016-04-20 00:00:00,30048,8048
Chenab,Qadirabad Barrage,2016-04-21 00:00:00,30048,8048
Chenab,Qadirabad Barrage,2016-04-22 00:00:00,28723,6723
Chenab,Qadirabad Barrage,2016-04-23 00:00:00,26074,4074
Chenab,Qadirabad Barrage,2016-04-24 00:00:00,24749,2749
Chenab,Qadirabad Barrage,2016-04-25 00:00:00,24749,2749
Chenab,Qadirabad Barrage,2016-04-26 00:00:00,21000,NIL
Chenab,Qadirabad Barrage,2016-04-27 00:00:00,22000,NIL
Chenab,Qadirabad Barrage,2016-04-28 00:00:00,20000,NIL
Chenab,Qadirabad Barrage,2016-04-29 00:00:00,23436,1436
Chenab,Qadirabad Barrage,2016-04-30 00:00:00,23436,1436
Chenab,Trimmu H/W,2016-04-01 00:00:00,58380,53080
Chenab,Trimmu H/W,2016-04-02 00:00:00,59029,53729
Chenab,Trimmu H/W,2016-04-03 00:00:00,54599,49299
Chenab,Trimmu H/W,2016-04-04 00:00:00,56127,50827
Chenab,Trimmu H/W,2016-04-05 00:00:00,54799,49499
Chenab,Trimmu H/W,2016-04-06 00:00:00,46401,41101
Chenab,Trimmu H/W,2016-04-07 00:00:00,47831,42531
Chenab,Trimmu H/W,2016-04-08 00:00:00,47732,42432
Chenab,Trimmu H/W,2016-04-09 00:00:00,47732,42432
Chenab,Trimmu H/W,2016-04-10 00:00:00,47732,42432
Chenab,Trimmu H/W,2016-04-11 00:00:00,47732,42432
Chenab,Trimmu H/W,2016-04-12 00:00:00,47622,42322
Chenab,Trimmu H/W,2016-04-13 00:00:00,40915,35615
Chenab,Trimmu H/W,2016-04-14 00:00:00,20961,15661
Chenab,Trimmu H/W,2016-04-15 00:00:00,13092,7792
Chenab,Trimmu H/W,2016-04-16 00:00:00,9280,2980
Chenab,Trimmu H/W,2016-04-17 00:00:00,13616,5816
Chenab,Trimmu H/W,2016-04-18 00:00:00,8800,NIL
Chenab,Trimmu H/W,2016-04-19 00:00:00,8800,NIL
Chenab,Trimmu H/W,2016-04-20 00:00:00,6751,NIL
Chenab,Trimmu H/W,2016-04-21 00:00:00,6980,NIL
Chenab,Trimmu H/W,2016-04-22 00:00:00,11372,NIL
Chenab,Trimmu H/W,2016-04-23 00:00:00,14125,2325
Chenab,Trimmu H/W,2016-04-24 00:00:00,19030,7230
Chenab,Trimmu H/W,2016-04-25 00:00:00,19916,5116
Chenab,Trimmu H/W,2016-04-26 00:00:00,19247,4447
Chenab,Trimmu H/W,2016-04-27 00:00:00,16769,2269
Chenab,Trimmu H/W,2016-04-28 00:00:00,16769,2269
Chenab,Trimmu H/W,2016-04-29 00:00:00,16769,2269
Chenab,Trimmu H/W,2016-04-30 00:00:00,19008,4508
Chenab,Panjnad H/W,2016-04-01 00:00:00,50704,46404
Chenab,Panjnad H/W,2016-04-02 00:00:00,45111,40811
Chenab,Panjnad H/W,2016-04-03 00:00:00,42823,38523
Chenab,Panjnad H/W,2016-04-04 00:00:00,40953,37053
Chenab,Panjnad H/W,2016-04-05 00:00:00,42677,38927
Chenab,Panjnad H/W,2016-04-06 00:00:00,41708,37958
Chenab,Panjnad H/W,2016-04-07 00:00:00,42208,37958
Chenab,Panjnad H/W,2016-04-08 00:00:00,42208,37958
Chenab,Panjnad H/W,2016-04-09 00:00:00,40046,35646
Chenab,Panjnad H/W,2016-04-10 00:00:00,38428,33878
Chenab,Panjnad H/W,2016-04-11 00:00:00,36963,33463
Chenab,Panjnad H/W,2016-04-12 00:00:00,36347,31547
Chenab,Panjnad H/W,2016-04-13 00:00:00,36532,30932
Chenab,Panjnad H/W,2016-04-14 00:00:00,36632,30932
Chenab,Panjnad H/W,2016-04-15 00:00:00,34427,27177
Chenab,Panjnad H/W,2016-04-16 00:00:00,31800,24350
Chenab,Panjnad H/W,2016-04-17 00:00:00,24688,17238
Chenab,Panjnad H/W,2016-04-18 00:00:00,22501,14451
Chenab,Panjnad H/W,2016-04-19 00:00:00,15969,5819
Chenab,Panjnad H/W,2016-04-20 00:00:00,13768,3568
Chenab,Panjnad H/W,2016-04-21 00:00:00,12200,NIL
Chenab,Panjnad H/W,2016-04-22 00:00:00,8803,NIL
Chenab,Panjnad H/W,2016-04-23 00:00:00,12400,NIL
Chenab,Panjnad H/W,2016-04-24 00:00:00,12400,NIL
Chenab,Panjnad H/W,2016-04-25 00:00:00,12400,NIL
Chenab,Panjnad H/W,2016-04-26 00:00:00,12900,NIL
Chenab,Panjnad H/W,2016-04-27 00:00:00,12900,NIL
Chenab,Panjnad H/W,2016-04-28 00:00:00,15116,2066
Chenab,Panjnad H/W,2016-04-29 00:00:00,14806,1656
Chenab,Panjnad H/W,2016-04-30 00:00:00,14906,1656
Ravi,Balloki H/W,2016-04-01 00:00:00,13700,NIL
Ravi,Balloki H/W,2016-04-02 00:00:00,14700,NIL
Ravi,Balloki H/W,2016-04-03 00:00:00,16500,NIL
Ravi,Balloki H/W,2016-04-04 00:00:00,17200,NIL
Ravi,Balloki H/W,2016-04-05 00:00:00,16800,NIL
Ravi,Balloki H/W,2016-04-06 00:00:00,17500,NIL
Ravi,Balloki H/W,2016-04-07 00:00:00,18500,NIL
Ravi,Balloki H/W,2016-04-08 00:00:00,19100,NIL
Ravi,Balloki H/W,2016-04-09 00:00:00,20900,NIL
Ravi,Balloki H/W,2016-04-10 00:00:00,25900,NIL
Ravi,Balloki H/W,2016-04-11 00:00:00,27485,585
Ravi,Balloki H/W,2016-04-12 00:00:00,24400,NIL
Ravi,Balloki H/W,2016-04-13 00:00:00,23400,NIL
Ravi,Balloki H/W,2016-04-14 00:00:00,23900,NIL
Ravi,Balloki H/W,2016-04-15 00:00:00,22000,NIL
Ravi,Balloki H/W,2016-04-16 00:00:00,20900,NIL
Ravi,Balloki H/W,2016-04-17 00:00:00,19600,NIL
Ravi,Balloki H/W,2016-04-18 00:00:00,20200,NIL
Ravi,Balloki H/W,2016-04-19 00:00:00,19950,NIL
Ravi,Balloki H/W,2016-04-20 00:00:00,20000,NIL
Ravi,Balloki H/W,2016-04-21 00:00:00,20600,NIL
Ravi,Balloki H/W,2016-04-22 00:00:00,20600,NIL
Ravi,Balloki H/W,2016-04-23 00:00:00,23600,NIL
Ravi,Balloki H/W,2016-04-24 00:00:00,25200,NIL
Ravi,Balloki H/W,2016-04-25 00:00:00,25700,NIL
Ravi,Balloki H/W,2016-04-26 00:00:00,26300,NIL
Ravi,Balloki H/W,2016-04-27 00:00:00,25950,NIL
Ravi,Balloki H/W,2016-04-28 00:00:00,26350,NIL
Ravi,Balloki H/W,2016-04-29 00:00:00,21000,NIL
Ravi,Balloki H/W,2016-04-30 00:00:00,21400,NIL
Ravi,Sidhnai H/W,2016-04-01 00:00:00,6133,1983
Ravi,Sidhnai H/W,2016-04-02 00:00:00,5672,1322
Ravi,Sidhnai H/W,2016-04-03 00:00:00,5706,1656
Ravi,Sidhnai H/W,2016-04-04 00:00:00,5983,1983
Ravi,Sidhnai H/W,2016-04-05 00:00:00,5783,1983
Ravi,Sidhnai H/W,2016-04-06 00:00:00,5022,1322
Ravi,Sidhnai H/W,2016-04-07 00:00:00,4895,995
Ravi,Sidhnai H/W,2016-04-08 00:00:00,4945,995
Ravi,Sidhnai H/W,2016-04-09 00:00:00,4622,1322
Ravi,Sidhnai H/W,2016-04-10 00:00:00,5583,1983
Ravi,Sidhnai H/W,2016-04-11 00:00:00,5233,1983
Ravi,Sidhnai H/W,2016-04-12 00:00:00,5033,1983
Ravi,Sidhnai H/W,2016-04-13 00:00:00,5233,1983
Ravi,Sidhnai H/W,2016-04-14 00:00:00,5322,1322
Ravi,Sidhnai H/W,2016-04-15 00:00:00,4661,661
Ravi,Sidhnai H/W,2016-04-16 00:00:00,5200,NIL
Ravi,Sidhnai H/W,2016-04-17 00:00:00,5250,NIL
Ravi,Sidhnai H/W,2016-04-18 00:00:00,7200,NIL
Ravi,Sidhnai H/W,2016-04-19 00:00:00,8395,995
Ravi,Sidhnai H/W,2016-04-20 00:00:00,7000,NIL
Ravi,Sidhnai H/W,2016-04-21 00:00:00,5000,NIL
Ravi,Sidhnai H/W,2016-04-22 00:00:00,7000,NIL
Ravi,Sidhnai H/W,2016-04-23 00:00:00,9719,NIL
Ravi,Sidhnai H/W,2016-04-24 00:00:00,9266,NIL
Ravi,Sidhnai H/W,2016-04-25 00:00:00,10850,NIL
Ravi,Sidhnai H/W,2016-04-26 00:00:00,12311,661
Ravi,Sidhnai H/W,2016-04-27 00:00:00,11850,NIL
Ravi,Sidhnai H/W,2016-04-28 00:00:00,11270,NIL
Ravi,Sidhnai H/W,2016-04-29 00:00:00,11436,NIL
Ravi,Sidhnai H/W,2016-04-30 00:00:00,11370,NIL
Sutlej,Suleimanki H/W,2016-04-01 00:00:00,8852,4547
Sutlej,Suleimanki H/W,2016-04-02 00:00:00,8589,3705
Sutlej,Suleimanki H/W,2016-04-03 00:00:00,7558,1009
Sutlej,Suleimanki H/W,2016-04-04 00:00:00,8213,1521
Sutlej,Suleimanki H/W,2016-04-05 00:00:00,9308,2504
Sutlej,Suleimanki H/W,2016-04-06 00:00:00,9721,2917
Sutlej,Suleimanki H/W,2016-04-07 00:00:00,9721,2917
Sutlej,Suleimanki H/W,2016-04-08 00:00:00,9721,2917
Sutlej,Suleimanki H/W,2016-04-09 00:00:00,10387,4181
Sutlej,Suleimanki H/W,2016-04-10 00:00:00,10569,4263
Sutlej,Suleimanki H/W,2016-04-11 00:00:00,14499,8693
Sutlej,Suleimanki H/W,2016-04-12 00:00:00,17164,10663
Sutlej,Suleimanki H/W,2016-04-13 00:00:00,18530,11626
Sutlej,Suleimanki H/W,2016-04-14 00:00:00,15061,8157
Sutlej,Suleimanki H/W,2016-04-15 00:00:00,14514,6709
Sutlej,Suleimanki H/W,2016-04-16 00:00:00,13622,5117
Sutlej,Suleimanki H/W,2016-04-17 00:00:00,13243,4137
Sutlej,Suleimanki H/W,2016-04-18 00:00:00,12982,4381
Sutlej,Suleimanki H/W,2016-04-19 00:00:00,12982,4381
Sutlej,Suleimanki H/W,2016-04-20 00:00:00,12982,4381
Sutlej,Suleimanki H/W,2016-04-21 00:00:00,11968,3367
Sutlej,Suleimanki H/W,2016-04-22 00:00:00,11928,3302
Sutlej,Suleimanki H/W,2016-04-23 00:00:00,11797,2771
Sutlej,Suleimanki H/W,2016-04-24 00:00:00,11644,2512
Sutlej,Suleimanki H/W,2016-04-25 00:00:00,13791,4359
Sutlej,Suleimanki H/W,2016-04-26 00:00:00,13791,4359
Sutlej,Suleimanki H/W,2016-04-27 00:00:00,13911,4414
Sutlej,Suleimanki H/W,2016-04-28 00:00:00,14134,4637
Sutlej,Suleimanki H/W,2016-04-29 00:00:00,14137,4637
Sutlej,Suleimanki H/W,2016-04-30 00:00:00,11319,1869
Sutlej,Islam H/W,2016-04-01 00:00:00,1400,NIL
Sutlej,Islam H/W,2016-04-02 00:00:00,NIL,NIL
Sutlej,Islam H/W,2016-04-03 00:00:00,700,NIL
Sutlej,Islam H/W,2016-04-04 00:00:00,700,NIL
Sutlej,Islam H/W,2016-04-05 00:00:00,900,NIL
Sutlej,Islam H/W,2016-04-06 00:00:00,1000,NIL
Sutlej,Islam H/W,2016-04-07 00:00:00,1000,NIL
Sutlej,Islam H/W,2016-04-08 00:00:00,1200,NIL
Sutlej,Islam H/W,2016-04-09 00:00:00,800,NIL
Sutlej,Islam H/W,2016-04-10 00:00:00,800,NIL
Sutlej,Islam H/W,2016-04-11 00:00:00,NIL,NIL
Sutlej,Islam H/W,2016-04-12 00:00:00,2072,1272
Sutlej,Islam H/W,2016-04-13 00:00:00,5093,4293
Sutlej,Islam H/W,2016-04-14 00:00:00,6128,5028
Sutlej,Islam H/W,2016-04-15 00:00:00,7709,6609
Sutlej,Islam H/W,2016-04-16 00:00:00,7609,6609
Sutlej,Islam H/W,2016-04-17 00:00:00,6928,5028
Sutlej,Islam H/W,2016-04-18 00:00:00,6928,5028
Sutlej,Islam H/W,2016-04-19 00:00:00,3586,2336
Sutlej,Islam H/W,2016-04-20 00:00:00,2522,1272
Sutlej,Islam H/W,2016-04-21 00:00:00,2450,NIL
Sutlej,Islam H/W,2016-04-22 00:00:00,2450,NIL
Sutlej,Islam H/W,2016-04-23 00:00:00,1450,NIL
Sutlej,Islam H/W,2016-04-24 00:00:00,1650,NIL
Sutlej,Islam H/W,2016-04-25 00:00:00,700,NIL
Sutlej,Islam H/W,2016-04-26 00:00:00,700,NIL
Sutlej,Islam H/W,2016-04-27 00:00:00,700,NIL
Sutlej,Islam H/W,2016-04-28 00:00:00,700,NIL
Sutlej,Islam H/W,2016-04-29 00:00:00,1150,NIL
Sutlej,Islam H/W,2016-04-30 00:00:00,2479,799
Indus,Kalabagh,2016-05-01 00:00:00,110548,102548
Indus,Kalabagh,2016-05-02 00:00:00,121897,113897
Indus,Kalabagh,2016-05-03 00:00:00,130548,122548
Indus,Kalabagh,2016-05-04 00:00:00,142684,134684
Indus,Kalabagh,2016-05-05 00:00:00,144454,136454
Indus,Kalabagh,2016-05-06 00:00:00,159204,151204
Indus,Kalabagh,2016-05-07 00:00:00,148607,140607
Indus,Kalabagh,2016-05-08 00:00:00,149148,141148
Indus,Kalabagh,2016-05-09 00:00:00,138063,130063
Indus,Kalabagh,2016-05-10 00:00:00,134012,126012
Indus,Kalabagh,2016-05-11 00:00:00,143685,135685
Indus,Kalabagh,2016-05-12 00:00:00,155714,148214
Indus,Kalabagh,2016-05-13 00:00:00,159969,152469
Indus,Kalabagh,2016-05-14 00:00:00,154478,146978
Indus,Kalabagh,2016-05-15 00:00:00,145325,137825
Indus,Kalabagh,2016-05-16 00:00:00,130760,123260
Indus,Kalabagh,2016-05-17 00:00:00,141654,133654
Indus,Kalabagh,2016-05-18 00:00:00,152682,144682
Indus,Kalabagh,2016-05-19 00:00:00,169841,161841
Indus,Kalabagh,2016-05-20 00:00:00,171021,163021
Indus,Kalabagh,2016-05-21 00:00:00,173143,165143
Indus,Kalabagh,2016-05-22 00:00:00,175304,167304
Indus,Kalabagh,2016-05-23 00:00:00,181374,173374
Indus,Kalabagh,2016-05-24 00:00:00,197080,189080
Indus,Kalabagh,2016-05-25 00:00:00,176919,168619
Indus,Kalabagh,2016-05-26 00:00:00,181597,173297
Indus,Kalabagh,2016-05-27 00:00:00,164842,156542
Indus,Kalabagh,2016-05-28 00:00:00,170372,162072
Indus,Kalabagh,2016-05-29 00:00:00,188423,180123
Indus,Kalabagh,2016-05-30 00:00:00,186982,178682
Indus,Kalabagh,2016-05-31 00:00:00,190433,182133
Indus,Taunsa Barrage,2016-05-01 00:00:00,87674,71104
Indus,Taunsa Barrage,2016-05-02 00:00:00,85079,68999
Indus,Taunsa Barrage,2016-05-03 00:00:00,86436,70100
Indus,Taunsa Barrage,2016-05-04 00:00:00,89101,73597
Indus,Taunsa Barrage,2016-05-05 00:00:00,89101,72902
Indus,Taunsa Barrage,2016-05-06 00:00:00,93607,74167
Indus,Taunsa Barrage,2016-05-07 00:00:00,95594,75747
Indus,Taunsa Barrage,2016-05-08 00:00:00,95594,75997
Indus,Taunsa Barrage,2016-05-09 00:00:00,105550,82223
Indus,Taunsa Barrage,2016-05-10 00:00:00,103812,80870
Indus,Taunsa Barrage,2016-05-11 00:00:00,103694,80778
Indus,Taunsa Barrage,2016-05-12 00:00:00,103694,80778
Indus,Taunsa Barrage,2016-05-13 00:00:00,107880,84039
Indus,Taunsa Barrage,2016-05-14 00:00:00,110081,85281
Indus,Taunsa Barrage,2016-05-15 00:00:00,111522,86022
Indus,Taunsa Barrage,2016-05-16 00:00:00,125810,100310
Indus,Taunsa Barrage,2016-05-17 00:00:00,115182,89382
Indus,Taunsa Barrage,2016-05-18 00:00:00,120397,94097
Indus,Taunsa Barrage,2016-05-19 00:00:00,120644,93944
Indus,Taunsa Barrage,2016-05-20 00:00:00,121989,95289
Indus,Taunsa Barrage,2016-05-21 00:00:00,119751,93051
Indus,Taunsa Barrage,2016-05-22 00:00:00,123829,97129
Indus,Taunsa Barrage,2016-05-23 00:00:00,127209,100509
Indus,Taunsa Barrage,2016-05-24 00:00:00,139266,112566
Indus,Taunsa Barrage,2016-05-25 00:00:00,139266,112566
Indus,Taunsa Barrage,2016-05-26 00:00:00,137804,111304
Indus,Taunsa Barrage,2016-05-27 00:00:00,153344,126644
Indus,Taunsa Barrage,2016-05-28 00:00:00,165723,139023
Indus,Taunsa Barrage,2016-05-29 00:00:00,168137,141337
Indus,Taunsa Barrage,2016-05-30 00:00:00,172914,146114
Indus,Taunsa Barrage,2016-05-31 00:00:00,172914,146114
Indus,Chashma Barrage,2016-05-01 00:00:00,107038,100000
Indus,Chashma Barrage,2016-05-02 00:00:00,127582,100000
Indus,Chashma Barrage,2016-05-03 00:00:00,130003,105000
Indus,Chashma Barrage,2016-05-04 00:00:00,135546,105000
Indus,Chashma Barrage,2016-05-05 00:00:00,143752,105000
Indus,Chashma Barrage,2016-05-06 00:00:00,153448,120000
Indus,Chashma Barrage,2016-05-07 00:00:00,160619,120000
Indus,Chashma Barrage,2016-05-08 00:00:00,157212,120000
Indus,Chashma Barrage,2016-05-09 00:00:00,152719,120000
Indus,Chashma Barrage,2016-05-10 00:00:00,131120,120000
Indus,Chashma Barrage,2016-05-11 00:00:00,145900,125000
Indus,Chashma Barrage,2016-05-12 00:00:00,146934,128000
Indus,Chashma Barrage,2016-05-13 00:00:00,160819,128000
Indus,Chashma Barrage,2016-05-14 00:00:00,170124,146679
Indus,Chashma Barrage,2016-05-15 00:00:00,146555,128000
Indus,Chashma Barrage,2016-05-16 00:00:00,147142,140000
Indus,Chashma Barrage,2016-05-17 00:00:00,146727,140000
Indus,Chashma Barrage,2016-05-18 00:00:00,153704,138000
Indus,Chashma Barrage,2016-05-19 00:00:00,159548,138000
Indus,Chashma Barrage,2016-05-20 00:00:00,166957,138000
Indus,Chashma Barrage,2016-05-21 00:00:00,184443,162000
Indus,Chashma Barrage,2016-05-22 00:00:00,182814,162000
Indus,Chashma Barrage,2016-05-23 00:00:00,195443,162000
Indus,Chashma Barrage,2016-05-24 00:00:00,193407,162000
Indus,Chashma Barrage,2016-05-25 00:00:00,199934,162000
Indus,Chashma Barrage,2016-05-26 00:00:00,220778,191000
Indus,Chashma Barrage,2016-05-27 00:00:00,219145,191000
Indus,Chashma Barrage,2016-05-28 00:00:00,208138,191000
Indus,Chashma Barrage,2016-05-29 00:00:00,210583,191000
Indus,Chashma Barrage,2016-05-30 00:00:00,220778,191000
Indus,Chashma Barrage,2016-05-31 00:00:00,220778,191000
Jhelum,Rasul Barrage,2016-05-01 00:00:00,32238,11490
Jhelum,Rasul Barrage,2016-05-02 00:00:00,32338,11490
Jhelum,Rasul Barrage,2016-05-03 00:00:00,27339,5341
Jhelum,Rasul Barrage,2016-05-04 00:00:00,29988,7990
Jhelum,Rasul Barrage,2016-05-05 00:00:00,27031,5341
Jhelum,Rasul Barrage,2016-05-06 00:00:00,33380,11895
Jhelum,Rasul Barrage,2016-05-07 00:00:00,29475,7990
Jhelum,Rasul Barrage,2016-05-08 00:00:00,33430,11895
Jhelum,Rasul Barrage,2016-05-09 00:00:00,33430,11895
Jhelum,Rasul Barrage,2016-05-10 00:00:00,29575,7990
Jhelum,Rasul Barrage,2016-05-11 00:00:00,29575,7990
Jhelum,Rasul Barrage,2016-05-12 00:00:00,26926,5341
Jhelum,Rasul Barrage,2016-05-13 00:00:00,26926,5341
Jhelum,Rasul Barrage,2016-05-14 00:00:00,24575,7990
Jhelum,Rasul Barrage,2016-05-15 00:00:00,24605,7990
Jhelum,Rasul Barrage,2016-05-16 00:00:00,16718,NIL
Jhelum,Rasul Barrage,2016-05-17 00:00:00,22059,5341
Jhelum,Rasul Barrage,2016-05-18 00:00:00,21956,5341
Jhelum,Rasul Barrage,2016-05-19 00:00:00,22354,5341
Jhelum,Rasul Barrage,2016-05-20 00:00:00,18530,NIL
Jhelum,Rasul Barrage,2016-05-21 00:00:00,24669,5341
Jhelum,Rasul Barrage,2016-05-22 00:00:00,17328,NIL
Jhelum,Rasul Barrage,2016-05-23 00:00:00,17430,NIL
Jhelum,Rasul Barrage,2016-05-24 00:00:00,17328,NIL
Jhelum,Rasul Barrage,2016-05-25 00:00:00,17328,NIL
Jhelum,Rasul Barrage,2016-05-26 00:00:00,17328,NIL
Jhelum,Rasul Barrage,2016-05-27 00:00:00,13669,5341
Jhelum,Rasul Barrage,2016-05-28 00:00:00,30230,15800
Jhelum,Rasul Barrage,2016-05-29 00:00:00,28120,11895
Jhelum,Rasul Barrage,2016-05-30 00:00:00,23021,5341
Jhelum,Rasul Barrage,2016-05-31 00:00:00,24269,5341
Chenab,Marala H/W,2016-05-01 00:00:00,19300,5000
Chenab,Marala H/W,2016-05-02 00:00:00,23080,6000
Chenab,Marala H/W,2016-05-03 00:00:00,28334,8984
Chenab,Marala H/W,2016-05-04 00:00:00,28850,8000
Chenab,Marala H/W,2016-05-05 00:00:00,28115,8000
Chenab,Marala H/W,2016-05-06 00:00:00,27850,7000
Chenab,Marala H/W,2016-05-07 00:00:00,27850,7000
Chenab,Marala H/W,2016-05-08 00:00:00,27850,7000
Chenab,Marala H/W,2016-05-09 00:00:00,34431,12831
Chenab,Marala H/W,2016-05-10 00:00:00,35181,12831
Chenab,Marala H/W,2016-05-11 00:00:00,39082,15982
Chenab,Marala H/W,2016-05-12 00:00:00,42483,19133
Chenab,Marala H/W,2016-05-13 00:00:00,45634,22284
Chenab,Marala H/W,2016-05-14 00:00:00,39332,15982
Chenab,Marala H/W,2016-05-15 00:00:00,42483,19133
Chenab,Marala H/W,2016-05-16 00:00:00,37047,13697
Chenab,Marala H/W,2016-05-17 00:00:00,33676,10326
Chenab,Marala H/W,2016-05-18 00:00:00,33676,10326
Chenab,Marala H/W,2016-05-19 00:00:00,33776,10326
Chenab,Marala H/W,2016-05-20 00:00:00,48210,23810
Chenab,Marala H/W,2016-05-21 00:00:00,46918,21668
Chenab,Marala H/W,2016-05-22 00:00:00,51096,25246
Chenab,Marala H/W,2016-05-23 00:00:00,48118,21668
Chenab,Marala H/W,2016-05-24 00:00:00,52846,25246
Chenab,Marala H/W,2016-05-25 00:00:00,46490,18090
Chenab,Marala H/W,2016-05-26 00:00:00,39667,10934
Chenab,Marala H/W,2016-05-27 00:00:00,37790,10000
Chenab,Marala H/W,2016-05-28 00:00:00,33962,10000
Chenab,Marala H/W,2016-05-29 00:00:00,44638,18090
Chenab,Marala H/W,2016-05-30 00:00:00,37090,10000
Chenab,Marala H/W,2016-05-31 00:00:00,41925,14512
Chenab,Khanki H/W,2016-05-01 00:00:00,7500,NIL
Chenab,Khanki H/W,2016-05-02 00:00:00,7300,NIL
Chenab,Khanki H/W,2016-05-03 00:00:00,7500,NIL
Chenab,Khanki H/W,2016-05-04 00:00:00,12110,4610
Chenab,Khanki H/W,2016-05-05 00:00:00,10611,3161
Chenab,Khanki H/W,2016-05-06 00:00:00,12060,4610
Chenab,Khanki H/W,2016-05-07 00:00:00,8559,1109
Chenab,Khanki H/W,2016-05-08 00:00:00,7500,NIL
Chenab,Khanki H/W,2016-05-09 00:00:00,9133,1633
Chenab,Khanki H/W,2016-05-10 00:00:00,16439,8739
Chenab,Khanki H/W,2016-05-11 00:00:00,16489,8739
Chenab,Khanki H/W,2016-05-12 00:00:00,21294,13594
Chenab,Khanki H/W,2016-05-13 00:00:00,27555,19855
Chenab,Khanki H/W,2016-05-14 00:00:00,21294,13594
Chenab,Khanki H/W,2016-05-15 00:00:00,16489,8739
Chenab,Khanki H/W,2016-05-16 00:00:00,16439,8739
Chenab,Khanki H/W,2016-05-17 00:00:00,13757,6057
Chenab,Khanki H/W,2016-05-18 00:00:00,12935,5085
Chenab,Khanki H/W,2016-05-19 00:00:00,12985,5085
Chenab,Khanki H/W,2016-05-20 00:00:00,12314,4214
Chenab,Khanki H/W,2016-05-21 00:00:00,20886,12736
Chenab,Khanki H/W,2016-05-22 00:00:00,25160,16910
Chenab,Khanki H/W,2016-05-23 00:00:00,25160,16910
Chenab,Khanki H/W,2016-05-24 00:00:00,26999,21719
Chenab,Khanki H/W,2016-05-25 00:00:00,26329,18129
Chenab,Khanki H/W,2016-05-26 00:00:00,19567,11367
Chenab,Khanki H/W,2016-05-27 00:00:00,10852,2652
Chenab,Khanki H/W,2016-05-28 00:00:00,13335,5085
Chenab,Khanki H/W,2016-05-29 00:00:00,14307,6057
Chenab,Khanki H/W,2016-05-30 00:00:00,17039,8739
Chenab,Khanki H/W,2016-05-31 00:00:00,15757,7457
Chenab,Qadirabad Barrage,2016-05-01 00:00:00,20000,NIL
Chenab,Qadirabad Barrage,2016-05-02 00:00:00,21000,NIL
Chenab,Qadirabad Barrage,2016-05-03 00:00:00,21000,NIL
Chenab,Qadirabad Barrage,2016-05-04 00:00:00,22000,NIL
Chenab,Qadirabad Barrage,2016-05-05 00:00:00,24749,2749
Chenab,Qadirabad Barrage,2016-05-06 00:00:00,23436,1436
Chenab,Qadirabad Barrage,2016-05-07 00:00:00,22000,NIL
Chenab,Qadirabad Barrage,2016-05-08 00:00:00,22000,NIL
Chenab,Qadirabad Barrage,2016-05-09 00:00:00,21350,NIL
Chenab,Qadirabad Barrage,2016-05-10 00:00:00,22000,NIL
Chenab,Qadirabad Barrage,2016-05-11 00:00:00,28723,6723
Chenab,Qadirabad Barrage,2016-05-12 00:00:00,34022,12022
Chenab,Qadirabad Barrage,2016-05-13 00:00:00,37996,15996
Chenab,Qadirabad Barrage,2016-05-14 00:00:00,36996,15996
Chenab,Qadirabad Barrage,2016-05-15 00:00:00,30373,9373
Chenab,Qadirabad Barrage,2016-05-16 00:00:00,23749,2749
Chenab,Qadirabad Barrage,2016-05-17 00:00:00,21000,NIL
Chenab,Qadirabad Barrage,2016-05-18 00:00:00,21000,NIL
Chenab,Qadirabad Barrage,2016-05-19 00:00:00,21000,NIL
Chenab,Qadirabad Barrage,2016-05-20 00:00:00,22000,NIL
Chenab,Qadirabad Barrage,2016-05-21 00:00:00,27399,5399
Chenab,Qadirabad Barrage,2016-05-22 00:00:00,31372,9372
Chenab,Qadirabad Barrage,2016-05-23 00:00:00,34022,12022
Chenab,Qadirabad Barrage,2016-05-24 00:00:00,34022,12022
Chenab,Qadirabad Barrage,2016-05-25 00:00:00,36671,14671
Chenab,Qadirabad Barrage,2016-05-26 00:00:00,28723,6723
Chenab,Qadirabad Barrage,2016-05-27 00:00:00,18000,NIL
Chenab,Qadirabad Barrage,2016-05-28 00:00:00,15365,NIL
Chenab,Qadirabad Barrage,2016-05-29 00:00:00,18740,NIL
Chenab,Qadirabad Barrage,2016-05-30 00:00:00,24749,2749
Chenab,Qadirabad Barrage,2016-05-31 00:00:00,27399,5399
Chenab,Trimmu H/W,2016-05-01 00:00:00,26642,11442
Chenab,Trimmu H/W,2016-05-02 00:00:00,28938,13538
Chenab,Trimmu H/W,2016-05-03 00:00:00,21548,6948
Chenab,Trimmu H/W,2016-05-04 00:00:00,19651,5051
Chenab,Trimmu H/W,2016-05-05 00:00:00,22848,6948
Chenab,Trimmu H/W,2016-05-06 00:00:00,17630,1530
Chenab,Trimmu H/W,2016-05-07 00:00:00,17630,1530
Chenab,Trimmu H/W,2016-05-08 00:00:00,19250,3050
Chenab,Trimmu H/W,2016-05-09 00:00:00,16977,777
Chenab,Trimmu H/W,2016-05-10 00:00:00,17720,1520
Chenab,Trimmu H/W,2016-05-11 00:00:00,17720,1520
Chenab,Trimmu H/W,2016-05-12 00:00:00,17820,1520
Chenab,Trimmu H/W,2016-05-13 00:00:00,16300,NIL
Chenab,Trimmu H/W,2016-05-14 00:00:00,16300,NIL
Chenab,Trimmu H/W,2016-05-15 00:00:00,15839,NIL
Chenab,Trimmu H/W,2016-05-16 00:00:00,22958,6658
Chenab,Trimmu H/W,2016-05-17 00:00:00,26392,9992
Chenab,Trimmu H/W,2016-05-18 00:00:00,23617,7217
Chenab,Trimmu H/W,2016-05-19 00:00:00,20930,4530
Chenab,Trimmu H/W,2016-05-20 00:00:00,16500,NIL
Chenab,Trimmu H/W,2016-05-21 00:00:00,16500,NIL
Chenab,Trimmu H/W,2016-05-22 00:00:00,21733,5233
Chenab,Trimmu H/W,2016-05-23 00:00:00,19520,3020
Chenab,Trimmu H/W,2016-05-24 00:00:00,21470,4470
Chenab,Trimmu H/W,2016-05-25 00:00:00,25311,8111
Chenab,Trimmu H/W,2016-05-26 00:00:00,25253,8053
Chenab,Trimmu H/W,2016-05-27 00:00:00,27906,10706
Chenab,Trimmu H/W,2016-05-28 00:00:00,29709,12409
Chenab,Trimmu H/W,2016-05-29 00:00:00,25869,8469
Chenab,Trimmu H/W,2016-05-30 00:00:00,23824,6424
Chenab,Trimmu H/W,2016-05-31 00:00:00,24013,6613
Chenab,Panjnad H/W,2016-05-01 00:00:00,13750,NIL
Chenab,Panjnad H/W,2016-05-02 00:00:00,11993,NIL
Chenab,Panjnad H/W,2016-05-03 00:00:00,12661,NIL
Chenab,Panjnad H/W,2016-05-04 00:00:00,13750,NIL
Chenab,Panjnad H/W,2016-05-05 00:00:00,17744,3994
Chenab,Panjnad H/W,2016-05-06 00:00:00,15170,1220
Chenab,Panjnad H/W,2016-05-07 00:00:00,15220,1220
Chenab,Panjnad H/W,2016-05-08 00:00:00,14500,NIL
Chenab,Panjnad H/W,2016-05-09 00:00:00,14500,NIL
Chenab,Panjnad H/W,2016-05-10 00:00:00,12504,NIL
Chenab,Panjnad H/W,2016-05-11 00:00:00,11995,NIL
Chenab,Panjnad H/W,2016-05-12 00:00:00,12197,NIL
Chenab,Panjnad H/W,2016-05-13 00:00:00,12197,NIL
Chenab,Panjnad H/W,2016-05-14 00:00:00,13311,NIL
Chenab,Panjnad H/W,2016-05-15 00:00:00,14600,NIL
Chenab,Panjnad H/W,2016-05-16 00:00:00,13297,NIL
Chenab,Panjnad H/W,2016-05-17 00:00:00,13811,NIL
Chenab,Panjnad H/W,2016-05-18 00:00:00,13707,NIL
Chenab,Panjnad H/W,2016-05-19 00:00:00,13759,NIL
Chenab,Panjnad H/W,2016-05-20 00:00:00,15000,NIL
Chenab,Panjnad H/W,2016-05-21 00:00:00,18092,3092
Chenab,Panjnad H/W,2016-05-22 00:00:00,16201,1201
Chenab,Panjnad H/W,2016-05-23 00:00:00,15050,NIL
Chenab,Panjnad H/W,2016-05-24 00:00:00,15050,NIL
Chenab,Panjnad H/W,2016-05-25 00:00:00,15050,NIL
Chenab,Panjnad H/W,2016-05-26 00:00:00,15375,NIL
Chenab,Panjnad H/W,2016-05-27 00:00:00,15425,NIL
Chenab,Panjnad H/W,2016-05-28 00:00:00,14307,NIL
Chenab,Panjnad H/W,2016-05-29 00:00:00,15425,NIL
Chenab,Panjnad H/W,2016-05-30 00:00:00,15425,NIL
Chenab,Panjnad H/W,2016-05-31 00:00:00,19534,4109
Ravi,Balloki H/W,2016-05-01 00:00:00,21400,NIL
Ravi,Balloki H/W,2016-05-02 00:00:00,19900,NIL
Ravi,Balloki H/W,2016-05-03 00:00:00,19000,NIL
Ravi,Balloki H/W,2016-05-04 00:00:00,23800,NIL
Ravi,Balloki H/W,2016-05-05 00:00:00,26200,NIL
Ravi,Balloki H/W,2016-05-06 00:00:00,27600,NIL
Ravi,Balloki H/W,2016-05-07 00:00:00,28585,585
Ravi,Balloki H/W,2016-05-08 00:00:00,29100,NIL
Ravi,Balloki H/W,2016-05-09 00:00:00,29100,NIL
Ravi,Balloki H/W,2016-05-10 00:00:00,28100,NIL
Ravi,Balloki H/W,2016-05-11 00:00:00,29900,NIL
Ravi,Balloki H/W,2016-05-12 00:00:00,30400,NIL
Ravi,Balloki H/W,2016-05-13 00:00:00,32900,600
Ravi,Balloki H/W,2016-05-14 00:00:00,32900,600
Ravi,Balloki H/W,2016-05-15 00:00:00,32300,NIL
Ravi,Balloki H/W,2016-05-16 00:00:00,32900,600
Ravi,Balloki H/W,2016-05-17 00:00:00,33000,600
Ravi,Balloki H/W,2016-05-18 00:00:00,32400,NIL
Ravi,Balloki H/W,2016-05-19 00:00:00,32400,NIL
Ravi,Balloki H/W,2016-05-20 00:00:00,32000,NIL
Ravi,Balloki H/W,2016-05-21 00:00:00,33400,900
Ravi,Balloki H/W,2016-05-22 00:00:00,33805,1205
Ravi,Balloki H/W,2016-05-23 00:00:00,34510,1910
Ravi,Balloki H/W,2016-05-24 00:00:00,34975,2375
Ravi,Balloki H/W,2016-05-25 00:00:00,35075,2375
Ravi,Balloki H/W,2016-05-26 00:00:00,36525,3825
Ravi,Balloki H/W,2016-05-27 00:00:00,37400,4700
Ravi,Balloki H/W,2016-05-28 00:00:00,35075,2375
Ravi,Balloki H/W,2016-05-29 00:00:00,30000,NIL
Ravi,Balloki H/W,2016-05-30 00:00:00,30600,NIL
Ravi,Balloki H/W,2016-05-31 00:00:00,34580,1780
Ravi,Sidhnai H/W,2016-05-01 00:00:00,11595,NIL
Ravi,Sidhnai H/W,2016-05-02 00:00:00,11775,NIL
Ravi,Sidhnai H/W,2016-05-03 00:00:00,11659,NIL
Ravi,Sidhnai H/W,2016-05-04 00:00:00,11550,NIL
Ravi,Sidhnai H/W,2016-05-05 00:00:00,11550,NIL
Ravi,Sidhnai H/W,2016-05-06 00:00:00,12217,NIL
Ravi,Sidhnai H/W,2016-05-07 00:00:00,12557,NIL
Ravi,Sidhnai H/W,2016-05-08 00:00:00,12557,NIL
Ravi,Sidhnai H/W,2016-05-09 00:00:00,12907,NIL
Ravi,Sidhnai H/W,2016-05-10 00:00:00,12907,NIL
Ravi,Sidhnai H/W,2016-05-11 00:00:00,12907,NIL
Ravi,Sidhnai H/W,2016-05-12 00:00:00,12982,NIL
Ravi,Sidhnai H/W,2016-05-13 00:00:00,12982,NIL
Ravi,Sidhnai H/W,2016-05-14 00:00:00,13082,NIL
Ravi,Sidhnai H/W,2016-05-15 00:00:00,12785,NIL
Ravi,Sidhnai H/W,2016-05-16 00:00:00,12785,NIL
Ravi,Sidhnai H/W,2016-05-17 00:00:00,12785,NIL
Ravi,Sidhnai H/W,2016-05-18 00:00:00,12581,NIL
Ravi,Sidhnai H/W,2016-05-19 00:00:00,12581,NIL
Ravi,Sidhnai H/W,2016-05-20 00:00:00,12581,NIL
Ravi,Sidhnai H/W,2016-05-21 00:00:00,12581,NIL
Ravi,Sidhnai H/W,2016-05-22 00:00:00,12581,NIL
Ravi,Sidhnai H/W,2016-05-23 00:00:00,12581,NIL
Ravi,Sidhnai H/W,2016-05-24 00:00:00,12581,NIL
Ravi,Sidhnai H/W,2016-05-25 00:00:00,12581,NIL
Ravi,Sidhnai H/W,2016-05-26 00:00:00,12581,NIL
Ravi,Sidhnai H/W,2016-05-27 00:00:00,12581,NIL
Ravi,Sidhnai H/W,2016-05-28 00:00:00,12917,NIL
Ravi,Sidhnai H/W,2016-05-29 00:00:00,13050,NIL
Ravi,Sidhnai H/W,2016-05-30 00:00:00,13582,332
Ravi,Sidhnai H/W,2016-05-31 00:00:00,14082,332
Sutlej,Suleimanki H/W,2016-05-01 00:00:00,9400,NIL
Sutlej,Suleimanki H/W,2016-05-02 00:00:00,9200,NIL
Sutlej,Suleimanki H/W,2016-05-03 00:00:00,8802,NIL
Sutlej,Suleimanki H/W,2016-05-04 00:00:00,9500,NIL
Sutlej,Suleimanki H/W,2016-05-05 00:00:00,10509,NIL
Sutlej,Suleimanki H/W,2016-05-06 00:00:00,10927,NIL
Sutlej,Suleimanki H/W,2016-05-07 00:00:00,14198,2631
Sutlej,Suleimanki H/W,2016-05-08 00:00:00,15733,4166
Sutlej,Suleimanki H/W,2016-05-09 00:00:00,15733,4166
Sutlej,Suleimanki H/W,2016-05-10 00:00:00,15829,4166
Sutlej,Suleimanki H/W,2016-05-11 00:00:00,15829,4166
Sutlej,Suleimanki H/W,2016-05-12 00:00:00,15829,4166
Sutlej,Suleimanki H/W,2016-05-13 00:00:00,14820,3468
Sutlej,Suleimanki H/W,2016-05-14 00:00:00,16281,4929
Sutlej,Suleimanki H/W,2016-05-15 00:00:00,16281,4929
Sutlej,Suleimanki H/W,2016-05-16 00:00:00,16937,5384
Sutlej,Suleimanki H/W,2016-05-17 00:00:00,16946,4929
Sutlej,Suleimanki H/W,2016-05-18 00:00:00,16810,4454
Sutlej,Suleimanki H/W,2016-05-19 00:00:00,16410,4004
Sutlej,Suleimanki H/W,2016-05-20 00:00:00,16460,4004
Sutlej,Suleimanki H/W,2016-05-21 00:00:00,16027,3571
Sutlej,Suleimanki H/W,2016-05-22 00:00:00,16460,4004
Sutlej,Suleimanki H/W,2016-05-23 00:00:00,16460,4004
Sutlej,Suleimanki H/W,2016-05-24 00:00:00,16460,4004
Sutlej,Suleimanki H/W,2016-05-25 00:00:00,16460,4004
Sutlej,Suleimanki H/W,2016-05-26 00:00:00,16722,4166
Sutlej,Suleimanki H/W,2016-05-27 00:00:00,16722,4166
Sutlej,Suleimanki H/W,2016-05-28 00:00:00,16722,4166
Sutlej,Suleimanki H/W,2016-05-29 00:00:00,16201,3645
Sutlej,Suleimanki H/W,2016-05-30 00:00:00,14633,2027
Sutlej,Suleimanki H/W,2016-05-31 00:00:00,15126,2520
Sutlej,Islam H/W,2016-05-01 00:00:00,2280,NIL
Sutlej,Islam H/W,2016-05-02 00:00:00,1780,NIL
Sutlej,Islam H/W,2016-05-03 00:00:00,700,NIL
Sutlej,Islam H/W,2016-05-04 00:00:00,700,NIL
Sutlej,Islam H/W,2016-05-05 00:00:00,300,NIL
Sutlej,Islam H/W,2016-05-06 00:00:00,NIL,NIL
Sutlej,Islam H/W,2016-05-07 00:00:00,NIL,NIL
Sutlej,Islam H/W,2016-05-08 00:00:00,NIL,NIL
Sutlej,Islam H/W,2016-05-09 00:00:00,NIL,NIL
Sutlej,Islam H/W,2016-05-10 00:00:00,NIL,NIL
Sutlej,Islam H/W,2016-05-11 00:00:00,NIL,NIL
Sutlej,Islam H/W,2016-05-12 00:00:00,980,NIL
Sutlej,Islam H/W,2016-05-13 00:00:00,1980,NIL
Sutlej,Islam H/W,2016-05-14 00:00:00,1920,NIL
Sutlej,Islam H/W,2016-05-15 00:00:00,2025,NIL
Sutlej,Islam H/W,2016-05-16 00:00:00,2480,NIL
Sutlej,Islam H/W,2016-05-17 00:00:00,2680,NIL
Sutlej,Islam H/W,2016-05-18 00:00:00,2480,NIL
Sutlej,Islam H/W,2016-05-19 00:00:00,2480,NIL
Sutlej,Islam H/W,2016-05-20 00:00:00,2680,NIL
Sutlej,Islam H/W,2016-05-21 00:00:00,2680,NIL
Sutlej,Islam H/W,2016-05-22 00:00:00,2680,NIL
Sutlej,Islam H/W,2016-05-23 00:00:00,2680,NIL
Sutlej,Islam H/W,2016-05-24 00:00:00,2680,NIL
Sutlej,Islam H/W,2016-05-25 00:00:00,2680,NIL
Sutlej,Islam H/W,2016-05-26 00:00:00,2680,NIL
Sutlej,Islam H/W,2016-05-27 00:00:00,2680,NIL
Sutlej,Islam H/W,2016-05-28 00:00:00,2725,NIL
Sutlej,Islam H/W,2016-05-29 00:00:00,2614,NIL
Sutlej,Islam H/W,2016-05-30 00:00:00,2325,NIL
Sutlej,Islam H/W,2016-05-31 00:00:00,2011,NIL
Indus,Kalabagh,2016-06-01 00:00:00,183980,175680
Indus,Kalabagh,2016-06-02 00:00:00,167350,159050
Indus,Kalabagh,2016-06-03 00:00:00,180831,172531
Indus,Kalabagh,2016-06-04 00:00:00,187961,179661
Indus,Kalabagh,2016-06-05 00:00:00,186725,178425
Indus,Kalabagh,2016-06-06 00:00:00,191015,182715
Indus,Kalabagh,2016-06-07 00:00:00,174081,165781
Indus,Kalabagh,2016-06-08 00:00:00,198998,190698
Indus,Kalabagh,2016-06-09 00:00:00,186915,178615
Indus,Kalabagh,2016-06-10 00:00:00,197987,189687
Indus,Kalabagh,2016-06-11 00:00:00,195915,187615
Indus,Kalabagh,2016-06-12 00:00:00,210254,201954
Indus,Kalabagh,2016-06-13 00:00:00,193214,185214
Indus,Kalabagh,2016-06-14 00:00:00,195408,187408
Indus,Kalabagh,2016-06-15 00:00:00,213791,205791
Indus,Kalabagh,2016-06-16 00:00:00,252836,244836
Indus,Kalabagh,2016-06-17 00:00:00,275882,267882
Indus,Kalabagh,2016-06-18 00:00:00,262399,254399
Indus,Kalabagh,2016-06-19 00:00:00,285210,277210
Indus,Kalabagh,2016-06-20 00:00:00,283197,275197
Indus,Kalabagh,2016-06-21 00:00:00,280237,272237
Indus,Kalabagh,2016-06-22 00:00:00,283719,275719
Indus,Kalabagh,2016-06-23 00:00:00,270381,263081
Indus,Kalabagh,2016-06-24 00:00:00,231125,223825
Indus,Kalabagh,2016-06-25 00:00:00,231452,223652
Indus,Kalabagh,2016-06-26 00:00:00,222578,214578
Indus,Kalabagh,2016-06-27 00:00:00,231431,223431
Indus,Kalabagh,2016-06-28 00:00:00,222185,214185
Indus,Kalabagh,2016-06-29 00:00:00,245915,237915
Indus,Kalabagh,2016-06-30 00:00:00,267358,259358
Indus,Taunsa Barrage,2016-06-01 00:00:00,172914,146114
Indus,Taunsa Barrage,2016-06-02 00:00:00,172914,146114
Indus,Taunsa Barrage,2016-06-03 00:00:00,172617,145617
Indus,Taunsa Barrage,2016-06-04 00:00:00,172617,145617
Indus,Taunsa Barrage,2016-06-05 00:00:00,173698,146698
Indus,Taunsa Barrage,2016-06-06 00:00:00,179127,152127
Indus,Taunsa Barrage,2016-06-07 00:00:00,176594,149594
Indus,Taunsa Barrage,2016-06-08 00:00:00,187548,162048
Indus,Taunsa Barrage,2016-06-09 00:00:00,194540,167540
Indus,Taunsa Barrage,2016-06-10 00:00:00,194143,167143
Indus,Taunsa Barrage,2016-06-11 00:00:00,198811,171811
Indus,Taunsa Barrage,2016-06-12 00:00:00,191436,164436
Indus,Taunsa Barrage,2016-06-13 00:00:00,190842,163842
Indus,Taunsa Barrage,2016-06-14 00:00:00,192461,165461
Indus,Taunsa Barrage,2016-06-15 00:00:00,192761,165461
Indus,Taunsa Barrage,2016-06-16 00:00:00,192761,165461
Indus,Taunsa Barrage,2016-06-17 00:00:00,196151,168726
Indus,Taunsa Barrage,2016-06-18 00:00:00,226469,199044
Indus,Taunsa Barrage,2016-06-19 00:00:00,253713,225888
Indus,Taunsa Barrage,2016-06-20 00:00:00,256526,228701
Indus,Taunsa Barrage,2016-06-21 00:00:00,266333,238508
Indus,Taunsa Barrage,2016-06-22 00:00:00,264111,236286
Indus,Taunsa Barrage,2016-06-23 00:00:00,264111,236286
Indus,Taunsa Barrage,2016-06-24 00:00:00,248016,220191
Indus,Taunsa Barrage,2016-06-25 00:00:00,218453,190628
Indus,Taunsa Barrage,2016-06-26 00:00:00,221465,193640
Indus,Taunsa Barrage,2016-06-27 00:00:00,221465,193640
Indus,Taunsa Barrage,2016-06-28 00:00:00,219966,192141
Indus,Taunsa Barrage,2016-06-29 00:00:00,219956,192131
Indus,Taunsa Barrage,2016-06-30 00:00:00,219956,192131
Indus,Chashma Barrage,2016-06-01 00:00:00,225668,191000
Indus,Chashma Barrage,2016-06-02 00:00:00,216700,191000
Indus,Chashma Barrage,2016-06-03 00:00:00,221590,191000
Indus,Chashma Barrage,2016-06-04 00:00:00,219145,191000
Indus,Chashma Barrage,2016-06-05 00:00:00,224901,199201
Indus,Chashma Barrage,2016-06-06 00:00:00,234700,211000
Indus,Chashma Barrage,2016-06-07 00:00:00,224475,211000
Indus,Chashma Barrage,2016-06-08 00:00:00,216310,211000
Indus,Chashma Barrage,2016-06-09 00:00:00,228557,211000
Indus,Chashma Barrage,2016-06-10 00:00:00,244962,211000
Indus,Chashma Barrage,2016-06-11 00:00:00,244967,213000
Indus,Chashma Barrage,2016-06-12 00:00:00,238850,213000
Indus,Chashma Barrage,2016-06-13 00:00:00,240889,213000
Indus,Chashma Barrage,2016-06-14 00:00:00,237005,213000
Indus,Chashma Barrage,2016-06-15 00:00:00,241189,213000
Indus,Chashma Barrage,2016-06-16 00:00:00,244477,231369
Indus,Chashma Barrage,2016-06-17 00:00:00,291728,273721
Indus,Chashma Barrage,2016-06-18 00:00:00,298405,279695
Indus,Chashma Barrage,2016-06-19 00:00:00,300271,281093
Indus,Chashma Barrage,2016-06-20 00:00:00,302716,283047
Indus,Chashma Barrage,2016-06-21 00:00:00,298694,275006
Indus,Chashma Barrage,2016-06-22 00:00:00,292682,266532
Indus,Chashma Barrage,2016-06-23 00:00:00,293904,233000
Indus,Chashma Barrage,2016-06-24 00:00:00,270974,233000
Indus,Chashma Barrage,2016-06-25 00:00:00,259150,233000
Indus,Chashma Barrage,2016-06-26 00:00:00,263228,233000
Indus,Chashma Barrage,2016-06-27 00:00:00,259150,233000
Indus,Chashma Barrage,2016-06-28 00:00:00,259150,233000
Indus,Chashma Barrage,2016-06-29 00:00:00,263228,233000
Indus,Chashma Barrage,2016-06-30 00:00:00,268524,233000
Jhelum,Rasul Barrage,2016-06-01 00:00:00,24569,5341
Jhelum,Rasul Barrage,2016-06-02 00:00:00,25619,5341
Jhelum,Rasul Barrage,2016-06-03 00:00:00,26751,5341
Jhelum,Rasul Barrage,2016-06-04 00:00:00,21410,NIL
Jhelum,Rasul Barrage,2016-06-05 00:00:00,21410,NIL
Jhelum,Rasul Barrage,2016-06-06 00:00:00,17430,NIL
Jhelum,Rasul Barrage,2016-06-07 00:00:00,15430,NIL
Jhelum,Rasul Barrage,2016-06-08 00:00:00,16430,NIL
Jhelum,Rasul Barrage,2016-06-09 00:00:00,13430,NIL
Jhelum,Rasul Barrage,2016-06-10 00:00:00,13430,NIL
Jhelum,Rasul Barrage,2016-06-11 00:00:00,10430,NIL
Jhelum,Rasul Barrage,2016-06-12 00:00:00,18771,5341
Jhelum,Rasul Barrage,2016-06-13 00:00:00,13328,NIL
Jhelum,Rasul Barrage,2016-06-14 00:00:00,11328,NIL
Jhelum,Rasul Barrage,2016-06-15 00:00:00,11328,NIL
Jhelum,Rasul Barrage,2016-06-16 00:00:00,11328,NIL
Jhelum,Rasul Barrage,2016-06-17 00:00:00,7635,NIL
Jhelum,Rasul Barrage,2016-06-18 00:00:00,7635,NIL
Jhelum,Rasul Barrage,2016-06-19 00:00:00,7400,NIL
Jhelum,Rasul Barrage,2016-06-20 00:00:00,7400,NIL
Jhelum,Rasul Barrage,2016-06-21 00:00:00,8641,5341
Jhelum,Rasul Barrage,2016-06-22 00:00:00,8899,5341
Jhelum,Rasul Barrage,2016-06-23 00:00:00,23263,19705
Jhelum,Rasul Barrage,2016-06-24 00:00:00,57235,43135
Jhelum,Rasul Barrage,2016-06-25 00:00:00,45188,27515
Jhelum,Rasul Barrage,2016-06-26 00:00:00,33068,11895
Jhelum,Rasul Barrage,2016-06-27 00:00:00,41980,19705
Jhelum,Rasul Barrage,2016-06-28 00:00:00,41180,19705
Jhelum,Rasul Barrage,2016-06-29 00:00:00,42185,19705
Jhelum,Rasul Barrage,2016-06-30 00:00:00,45680,23610
Chenab,Marala H/W,2016-06-01 00:00:00,38913,11000
Chenab,Marala H/W,2016-06-02 00:00:00,46053,18090
Chenab,Marala H/W,2016-06-03 00:00:00,54741,25246
Chenab,Marala H/W,2016-06-04 00:00:00,45414,15286
Chenab,Marala H/W,2016-06-05 00:00:00,45847,15286
Chenab,Marala H/W,2016-06-06 00:00:00,50304,19060
Chenab,Marala H/W,2016-06-07 00:00:00,54461,22834
Chenab,Marala H/W,2016-06-08 00:00:00,54794,22834
Chenab,Marala H/W,2016-06-09 00:00:00,55127,22834
Chenab,Marala H/W,2016-06-10 00:00:00,55510,22834
Chenab,Marala H/W,2016-06-11 00:00:00,59408,26608
Chenab,Marala H/W,2016-06-12 00:00:00,59458,26608
Chenab,Marala H/W,2016-06-13 00:00:00,59458,26608
Chenab,Marala H/W,2016-06-14 00:00:00,59758,26608
Chenab,Marala H/W,2016-06-15 00:00:00,63832,30382
Chenab,Marala H/W,2016-06-16 00:00:00,77380,43630
Chenab,Marala H/W,2016-06-17 00:00:00,82833,48983
Chenab,Marala H/W,2016-06-18 00:00:00,72177,38277
Chenab,Marala H/W,2016-06-19 00:00:00,77530,43630
Chenab,Marala H/W,2016-06-20 00:00:00,72200,38277
Chenab,Marala H/W,2016-06-21 00:00:00,77853,43630
Chenab,Marala H/W,2016-06-22 00:00:00,72800,38277
Chenab,Marala H/W,2016-06-23 00:00:00,72550,38277
Chenab,Marala H/W,2016-06-24 00:00:00,67847,32924
Chenab,Marala H/W,2016-06-25 00:00:00,62494,27571
Chenab,Marala H/W,2016-06-26 00:00:00,67847,32924
Chenab,Marala H/W,2016-06-27 00:00:00,73200,38277
Chenab,Marala H/W,2016-06-28 00:00:00,73200,38277
Chenab,Marala H/W,2016-06-29 00:00:00,73200,38277
Chenab,Marala H/W,2016-06-30 00:00:00,62494,27571
Chenab,Khanki H/W,2016-06-01 00:00:00,15957,7457
Chenab,Khanki H/W,2016-06-02 00:00:00,12238,3738
Chenab,Khanki H/W,2016-06-03 00:00:00,19867,11367
Chenab,Khanki H/W,2016-06-04 00:00:00,15613,7013
Chenab,Khanki H/W,2016-06-05 00:00:00,17339,8739
Chenab,Khanki H/W,2016-06-06 00:00:00,17339,8739
Chenab,Khanki H/W,2016-06-07 00:00:00,22194,13594
Chenab,Khanki H/W,2016-06-08 00:00:00,25510,16910
Chenab,Khanki H/W,2016-06-09 00:00:00,20990,12290
Chenab,Khanki H/W,2016-06-10 00:00:00,23783,15083
Chenab,Khanki H/W,2016-06-11 00:00:00,22294,13594
Chenab,Khanki H/W,2016-06-12 00:00:00,27668,18968
Chenab,Khanki H/W,2016-06-13 00:00:00,25610,16910
Chenab,Khanki H/W,2016-06-14 00:00:00,29821,21321
Chenab,Khanki H/W,2016-06-15 00:00:00,28574,20074
Chenab,Khanki H/W,2016-06-16 00:00:00,33738,25088
Chenab,Khanki H/W,2016-06-17 00:00:00,45500,36850
Chenab,Khanki H/W,2016-06-18 00:00:00,43445,34795
Chenab,Khanki H/W,2016-06-19 00:00:00,37721,29071
Chenab,Khanki H/W,2016-06-20 00:00:00,33192,24542
Chenab,Khanki H/W,2016-06-21 00:00:00,37721,29071
Chenab,Khanki H/W,2016-06-22 00:00:00,40857,32207
Chenab,Khanki H/W,2016-06-23 00:00:00,40820,32370
Chenab,Khanki H/W,2016-06-24 00:00:00,31931,23481
Chenab,Khanki H/W,2016-06-25 00:00:00,24659,16209
Chenab,Khanki H/W,2016-06-26 00:00:00,29047,20597
Chenab,Khanki H/W,2016-06-27 00:00:00,31931,23481
Chenab,Khanki H/W,2016-06-28 00:00:00,30938,22438
Chenab,Khanki H/W,2016-06-29 00:00:00,38174,29624
Chenab,Khanki H/W,2016-06-30 00:00:00,30825,22275
Chenab,Qadirabad Barrage,2016-06-01 00:00:00,24749,2749
Chenab,Qadirabad Barrage,2016-06-02 00:00:00,24749,2749
Chenab,Qadirabad Barrage,2016-06-03 00:00:00,24749,2749
Chenab,Qadirabad Barrage,2016-06-04 00:00:00,30048,8048
Chenab,Qadirabad Barrage,2016-06-05 00:00:00,23436,1436
Chenab,Qadirabad Barrage,2016-06-06 00:00:00,24749,2749
Chenab,Qadirabad Barrage,2016-06-07 00:00:00,27399,5399
Chenab,Qadirabad Barrage,2016-06-08 00:00:00,27399,5399
Chenab,Qadirabad Barrage,2016-06-09 00:00:00,30048,8048
Chenab,Qadirabad Barrage,2016-06-10 00:00:00,26074,4074
Chenab,Qadirabad Barrage,2016-06-11 00:00:00,26074,4074
Chenab,Qadirabad Barrage,2016-06-12 00:00:00,26074,4074
Chenab,Qadirabad Barrage,2016-06-13 00:00:00,30048,8048
Chenab,Qadirabad Barrage,2016-06-14 00:00:00,30048,8048
Chenab,Qadirabad Barrage,2016-06-15 00:00:00,32697,10697
Chenab,Qadirabad Barrage,2016-06-16 00:00:00,32697,10697
Chenab,Qadirabad Barrage,2016-06-17 00:00:00,44501,22501
Chenab,Qadirabad Barrage,2016-06-18 00:00:00,48384,26384
Chenab,Qadirabad Barrage,2016-06-19 00:00:00,41917,19917
Chenab,Qadirabad Barrage,2016-06-20 00:00:00,39321,17321
Chenab,Qadirabad Barrage,2016-06-21 00:00:00,36671,14671
Chenab,Qadirabad Barrage,2016-06-22 00:00:00,39321,17321
Chenab,Qadirabad Barrage,2016-06-23 00:00:00,39321,17321
Chenab,Qadirabad Barrage,2016-06-24 00:00:00,39321,17321
Chenab,Qadirabad Barrage,2016-06-25 00:00:00,34022,12022
Chenab,Qadirabad Barrage,2016-06-26 00:00:00,36671,14671
Chenab,Qadirabad Barrage,2016-06-27 00:00:00,40645,18645
Chenab,Qadirabad Barrage,2016-06-28 00:00:00,45881,23881
Chenab,Qadirabad Barrage,2016-06-29 00:00:00,49698,27698
Chenab,Qadirabad Barrage,2016-06-30 00:00:00,45881,23881
Chenab,Trimmu H/W,2016-06-01 00:00:00,26610,9210
Chenab,Trimmu H/W,2016-06-02 00:00:00,25281,7881
Chenab,Trimmu H/W,2016-06-03 00:00:00,21793,4393
Chenab,Trimmu H/W,2016-06-04 00:00:00,22597,5197
Chenab,Trimmu H/W,2016-06-05 00:00:00,22697,5197
Chenab,Trimmu H/W,2016-06-06 00:00:00,22697,5197
Chenab,Trimmu H/W,2016-06-07 00:00:00,21257,3757
Chenab,Trimmu H/W,2016-06-08 00:00:00,21257,3757
Chenab,Trimmu H/W,2016-06-09 00:00:00,20525,3025
Chenab,Trimmu H/W,2016-06-10 00:00:00,18075,775
Chenab,Trimmu H/W,2016-06-11 00:00:00,20380,3080
Chenab,Trimmu H/W,2016-06-12 00:00:00,21708,4508
Chenab,Trimmu H/W,2016-06-13 00:00:00,21708,4508
Chenab,Trimmu H/W,2016-06-14 00:00:00,21708,4508
Chenab,Trimmu H/W,2016-06-15 00:00:00,21708,4508
Chenab,Trimmu H/W,2016-06-16 00:00:00,21708,4508
Chenab,Trimmu H/W,2016-06-17 00:00:00,23836,6636
Chenab,Trimmu H/W,2016-06-18 00:00:00,23836,6636
Chenab,Trimmu H/W,2016-06-19 00:00:00,26522,9122
Chenab,Trimmu H/W,2016-06-20 00:00:00,33751,16351
Chenab,Trimmu H/W,2016-06-21 00:00:00,35301,17901
Chenab,Trimmu H/W,2016-06-22 00:00:00,34177,16777
Chenab,Trimmu H/W,2016-06-23 00:00:00,35201,17901
Chenab,Trimmu H/W,2016-06-24 00:00:00,31525,14325
Chenab,Trimmu H/W,2016-06-25 00:00:00,38632,21432
Chenab,Trimmu H/W,2016-06-26 00:00:00,38432,21432
Chenab,Trimmu H/W,2016-06-27 00:00:00,44874,27874
Chenab,Trimmu H/W,2016-06-28 00:00:00,49919,34419
Chenab,Trimmu H/W,2016-06-29 00:00:00,50904,35404
Chenab,Trimmu H/W,2016-06-30 00:00:00,48106,32606
Chenab,Panjnad H/W,2016-06-01 00:00:00,19534,4109
Chenab,Panjnad H/W,2016-06-02 00:00:00,20134,4709
Chenab,Panjnad H/W,2016-06-03 00:00:00,19509,4109
Chenab,Panjnad H/W,2016-06-04 00:00:00,18700,3300
Chenab,Panjnad H/W,2016-06-05 00:00:00,18492,3092
Chenab,Panjnad H/W,2016-06-06 00:00:00,17499,2074
Chenab,Panjnad H/W,2016-06-07 00:00:00,17088,1663
Chenab,Panjnad H/W,2016-06-08 00:00:00,17063,1663
Chenab,Panjnad H/W,2016-06-09 00:00:00,16205,835
Chenab,Panjnad H/W,2016-06-10 00:00:00,16205,835
Chenab,Panjnad H/W,2016-06-11 00:00:00,16245,835
Chenab,Panjnad H/W,2016-06-12 00:00:00,15610,NIL
Chenab,Panjnad H/W,2016-06-13 00:00:00,15610,NIL
Chenab,Panjnad H/W,2016-06-14 00:00:00,15610,NIL
Chenab,Panjnad H/W,2016-06-15 00:00:00,15610,NIL
Chenab,Panjnad H/W,2016-06-16 00:00:00,15610,NIL
Chenab,Panjnad H/W,2016-06-17 00:00:00,16859,1249
Chenab,Panjnad H/W,2016-06-18 00:00:00,16859,1249
Chenab,Panjnad H/W,2016-06-19 00:00:00,17699,2074
Chenab,Panjnad H/W,2016-06-20 00:00:00,18987,3112
Chenab,Panjnad H/W,2016-06-21 00:00:00,20180,4305
Chenab,Panjnad H/W,2016-06-22 00:00:00,20983,5108
Chenab,Panjnad H/W,2016-06-23 00:00:00,21378,5503
Chenab,Panjnad H/W,2016-06-24 00:00:00,23117,7242
Chenab,Panjnad H/W,2016-06-25 00:00:00,25015,9140
Chenab,Panjnad H/W,2016-06-26 00:00:00,25015,9140
Chenab,Panjnad H/W,2016-06-27 00:00:00,27031,11156
Chenab,Panjnad H/W,2016-06-28 00:00:00,27031,11156
Chenab,Panjnad H/W,2016-06-29 00:00:00,28393,12593
Chenab,Panjnad H/W,2016-06-30 00:00:00,30683,15133
Ravi,Balloki H/W,2016-06-01 00:00:00,35175,2375
Ravi,Balloki H/W,2016-06-02 00:00:00,34580,1780
Ravi,Balloki H/W,2016-06-03 00:00:00,35175,2375
Ravi,Balloki H/W,2016-06-04 00:00:00,34580,1780
Ravi,Balloki H/W,2016-06-05 00:00:00,35275,2375
Ravi,Balloki H/W,2016-06-06 00:00:00,36725,3825
Ravi,Balloki H/W,2016-06-07 00:00:00,36725,3825
Ravi,Balloki H/W,2016-06-08 00:00:00,37600,4700
Ravi,Balloki H/W,2016-06-09 00:00:00,37600,4700
Ravi,Balloki H/W,2016-06-10 00:00:00,37600,4700
Ravi,Balloki H/W,2016-06-11 00:00:00,37600,4700
Ravi,Balloki H/W,2016-06-12 00:00:00,37600,4700
Ravi,Balloki H/W,2016-06-13 00:00:00,38480,5580
Ravi,Balloki H/W,2016-06-14 00:00:00,38480,5580
Ravi,Balloki H/W,2016-06-15 00:00:00,37700,4700
Ravi,Balloki H/W,2016-06-16 00:00:00,37700,4700
Ravi,Balloki H/W,2016-06-17 00:00:00,36825,3825
Ravi,Balloki H/W,2016-06-18 00:00:00,37700,4700
Ravi,Balloki H/W,2016-06-19 00:00:00,37700,4700
Ravi,Balloki H/W,2016-06-20 00:00:00,37750,4700
Ravi,Balloki H/W,2016-06-21 00:00:00,37750,4700
Ravi,Balloki H/W,2016-06-22 00:00:00,38630,5580
Ravi,Balloki H/W,2016-06-23 00:00:00,40385,7335
Ravi,Balloki H/W,2016-06-24 00:00:00,39505,6455
Ravi,Balloki H/W,2016-06-25 00:00:00,38630,5580
Ravi,Balloki H/W,2016-06-26 00:00:00,38680,5580
Ravi,Balloki H/W,2016-06-27 00:00:00,39740,6640
Ravi,Balloki H/W,2016-06-28 00:00:00,39740,6640
Ravi,Balloki H/W,2016-06-29 00:00:00,38835,5735
Ravi,Balloki H/W,2016-06-30 00:00:00,37930,4830
Ravi,Sidhnai H/W,2016-06-01 00:00:00,13835,NIL
Ravi,Sidhnai H/W,2016-06-02 00:00:00,13237,NIL
Ravi,Sidhnai H/W,2016-06-03 00:00:00,12710,NIL
Ravi,Sidhnai H/W,2016-06-04 00:00:00,12779,NIL
Ravi,Sidhnai H/W,2016-06-05 00:00:00,13725,NIL
Ravi,Sidhnai H/W,2016-06-06 00:00:00,13725,NIL
Ravi,Sidhnai H/W,2016-06-07 00:00:00,13625,NIL
Ravi,Sidhnai H/W,2016-06-08 00:00:00,14286,661
Ravi,Sidhnai H/W,2016-06-09 00:00:00,13725,NIL
Ravi,Sidhnai H/W,2016-06-10 00:00:00,13975,NIL
Ravi,Sidhnai H/W,2016-06-11 00:00:00,14075,NIL
Ravi,Sidhnai H/W,2016-06-12 00:00:00,14836,661
Ravi,Sidhnai H/W,2016-06-13 00:00:00,15597,1322
Ravi,Sidhnai H/W,2016-06-14 00:00:00,15672,1322
Ravi,Sidhnai H/W,2016-06-15 00:00:00,15722,1322
Ravi,Sidhnai H/W,2016-06-16 00:00:00,15754,1654
Ravi,Sidhnai H/W,2016-06-17 00:00:00,16483,1983
Ravi,Sidhnai H/W,2016-06-18 00:00:00,16583,1983
Ravi,Sidhnai H/W,2016-06-19 00:00:00,16683,1983
Ravi,Sidhnai H/W,2016-06-20 00:00:00,16783,1983
Ravi,Sidhnai H/W,2016-06-21 00:00:00,16222,1322
Ravi,Sidhnai H/W,2016-06-22 00:00:00,16556,1656
Ravi,Sidhnai H/W,2016-06-23 00:00:00,16456,1656
Ravi,Sidhnai H/W,2016-06-24 00:00:00,16456,1656
Ravi,Sidhnai H/W,2016-06-25 00:00:00,16783,1983
Ravi,Sidhnai H/W,2016-06-26 00:00:00,18766,3966
Ravi,Sidhnai H/W,2016-06-27 00:00:00,18766,3966
Ravi,Sidhnai H/W,2016-06-28 00:00:00,18716,3966
Ravi,Sidhnai H/W,2016-06-29 00:00:00,16894,2644
Ravi,Sidhnai H/W,2016-06-30 00:00:00,17555,3305
Sutlej,Suleimanki H/W,2016-06-01 00:00:00,15847,3087
Sutlej,Suleimanki H/W,2016-06-02 00:00:00,16573,3813
Sutlej,Suleimanki H/W,2016-06-03 00:00:00,17047,4287
Sutlej,Suleimanki H/W,2016-06-04 00:00:00,17047,4287
Sutlej,Suleimanki H/W,2016-06-05 00:00:00,17047,4287
Sutlej,Suleimanki H/W,2016-06-06 00:00:00,17047,4287
Sutlej,Suleimanki H/W,2016-06-07 00:00:00,17047,4287
Sutlej,Suleimanki H/W,2016-06-08 00:00:00,17047,4287
Sutlej,Suleimanki H/W,2016-06-09 00:00:00,16573,3813
Sutlej,Suleimanki H/W,2016-06-10 00:00:00,16621,3813
Sutlej,Suleimanki H/W,2016-06-11 00:00:00,16239,3431
Sutlej,Suleimanki H/W,2016-06-12 00:00:00,16804,3971
Sutlej,Suleimanki H/W,2016-06-13 00:00:00,16804,3971
Sutlej,Suleimanki H/W,2016-06-14 00:00:00,16804,3971
Sutlej,Suleimanki H/W,2016-06-15 00:00:00,16850,3971
Sutlej,Suleimanki H/W,2016-06-16 00:00:00,16850,3971
Sutlej,Suleimanki H/W,2016-06-17 00:00:00,16850,3971
Sutlej,Suleimanki H/W,2016-06-18 00:00:00,16850,3971
Sutlej,Suleimanki H/W,2016-06-19 00:00:00,16850,3971
Sutlej,Suleimanki H/W,2016-06-20 00:00:00,16850,3971
Sutlej,Suleimanki H/W,2016-06-21 00:00:00,16850,3971
Sutlej,Suleimanki H/W,2016-06-22 00:00:00,16850,3971
Sutlej,Suleimanki H/W,2016-06-23 00:00:00,16850,3971
Sutlej,Suleimanki H/W,2016-06-24 00:00:00,16366,3487
Sutlej,Suleimanki H/W,2016-06-25 00:00:00,16414,3487
Sutlej,Suleimanki H/W,2016-06-26 00:00:00,16366,3487
Sutlej,Suleimanki H/W,2016-06-27 00:00:00,16420,3487
Sutlej,Suleimanki H/W,2016-06-28 00:00:00,15695,3487
Sutlej,Suleimanki H/W,2016-06-29 00:00:00,16974,4166
Sutlej,Suleimanki H/W,2016-06-30 00:00:00,16974,4166
Sutlej,Islam H/W,2016-06-01 00:00:00,1785,NIL
Sutlej,Islam H/W,2016-06-02 00:00:00,1125,NIL
Sutlej,Islam H/W,2016-06-03 00:00:00,1125,NIL
Sutlej,Islam H/W,2016-06-04 00:00:00,1725,NIL
Sutlej,Islam H/W,2016-06-05 00:00:00,2455,NIL
Sutlej,Islam H/W,2016-06-06 00:00:00,2455,NIL
Sutlej,Islam H/W,2016-06-07 00:00:00,2425,NIL
Sutlej,Islam H/W,2016-06-08 00:00:00,2425,NIL
Sutlej,Islam H/W,2016-06-09 00:00:00,2025,NIL
Sutlej,Islam H/W,2016-06-10 00:00:00,2225,NIL
Sutlej,Islam H/W,2016-06-11 00:00:00,2225,NIL
Sutlej,Islam H/W,2016-06-12 00:00:00,2225,NIL
Sutlej,Islam H/W,2016-06-13 00:00:00,2225,NIL
Sutlej,Islam H/W,2016-06-14 00:00:00,2225,NIL
Sutlej,Islam H/W,2016-06-15 00:00:00,2225,NIL
Sutlej,Islam H/W,2016-06-16 00:00:00,2225,NIL
Sutlej,Islam H/W,2016-06-17 00:00:00,2225,NIL
Sutlej,Islam H/W,2016-06-18 00:00:00,2225,NIL
Sutlej,Islam H/W,2016-06-19 00:00:00,2225,NIL
Sutlej,Islam H/W,2016-06-20 00:00:00,2225,NIL
Sutlej,Islam H/W,2016-06-21 00:00:00,2225,NIL
Sutlej,Islam H/W,2016-06-22 00:00:00,2225,NIL
Sutlej,Islam H/W,2016-06-23 00:00:00,2225,NIL
Sutlej,Islam H/W,2016-06-24 00:00:00,2225,NIL
Sutlej,Islam H/W,2016-06-25 00:00:00,2225,NIL
Sutlej,Islam H/W,2016-06-26 00:00:00,2225,NIL
Sutlej,Islam H/W,2016-06-27 00:00:00,2325,NIL
Sutlej,Islam H/W,2016-06-28 00:00:00,1125,NIL
Sutlej,Islam H/W,2016-06-29 00:00:00,2324,799
Sutlej,Islam H/W,2016-06-30 00:00:00,2025,NIL
Indus,Kalabagh,2016-07-01 00:00:00,255415,247415
Indus,Kalabagh,2016-07-02 00:00:00,247504,239504
Indus,Kalabagh,2016-07-03 00:00:00,299395,291895
Indus,Kalabagh,2016-07-04 00:00:00,301117,294117
Indus,Kalabagh,2016-07-05 00:00:00,349730,342230
Indus,Kalabagh,2016-07-06 00:00:00,343485,335985
Indus,Kalabagh,2016-07-07 00:00:00,328855,321355
Indus,Kalabagh,2016-07-08 00:00:00,296140,288640
Indus,Kalabagh,2016-07-09 00:00:00,324104,316604
Indus,Kalabagh,2016-07-10 00:00:00,286804,279304
Indus,Kalabagh,2016-07-11 00:00:00,274491,266991
Indus,Kalabagh,2016-07-12 00:00:00,275192,267692
Indus,Kalabagh,2016-07-13 00:00:00,276082,268582
Indus,Kalabagh,2016-07-14 00:00:00,223991,216191
Indus,Kalabagh,2016-07-15 00:00:00,247200,239400
Indus,Kalabagh,2016-07-16 00:00:00,301633,293833
Indus,Kalabagh,2016-07-17 00:00:00,320194,312394
Indus,Kalabagh,2016-07-18 00:00:00,332673,324873
Indus,Kalabagh,2016-07-19 00:00:00,306520,299020
Indus,Kalabagh,2016-07-20 00:00:00,305633,298133
Indus,Kalabagh,2016-07-21 00:00:00,272093,264593
Indus,Kalabagh,2016-07-22 00:00:00,218631,210831
Indus,Kalabagh,2016-07-23 00:00:00,242841,235041
Indus,Kalabagh,2016-07-24 00:00:00,253551,245751
Indus,Kalabagh,2016-07-25 00:00:00,278316,270516
Indus,Kalabagh,2016-07-26 00:00:00,280187,272387
Indus,Kalabagh,2016-07-27 00:00:00,261306,253506
Indus,Kalabagh,2016-07-28 00:00:00,317272,309472
Indus,Kalabagh,2016-07-29 00:00:00,278656,270856
Indus,Kalabagh,2016-07-30 00:00:00,285691,277891
Indus,Kalabagh,2016-07-31 00:00:00,292436,286436
Indus,Taunsa Barrage,2016-07-01 00:00:00,215013,187188
Indus,Taunsa Barrage,2016-07-02 00:00:00,218202,191377
Indus,Taunsa Barrage,2016-07-03 00:00:00,226774,203074
Indus,Taunsa Barrage,2016-07-04 00:00:00,237530,211330
Indus,Taunsa Barrage,2016-07-05 00:00:00,273127,247227
Indus,Taunsa Barrage,2016-07-06 00:00:00,333888,308188
Indus,Taunsa Barrage,2016-07-07 00:00:00,352818,328118
Indus,Taunsa Barrage,2016-07-08 00:00:00,369224,343024
Indus,Taunsa Barrage,2016-07-09 00:00:00,345912,319212
Indus,Taunsa Barrage,2016-07-10 00:00:00,322809,296809
Indus,Taunsa Barrage,2016-07-11 00:00:00,311169,285169
Indus,Taunsa Barrage,2016-07-12 00:00:00,267631,240931
Indus,Taunsa Barrage,2016-07-13 00:00:00,257317,230617
Indus,Taunsa Barrage,2016-07-14 00:00:00,220166,192666
Indus,Taunsa Barrage,2016-07-15 00:00:00,208411,181911
Indus,Taunsa Barrage,2016-07-16 00:00:00,206951,179351
Indus,Taunsa Barrage,2016-07-17 00:00:00,244542,216942
Indus,Taunsa Barrage,2016-07-18 00:00:00,279468,252868
Indus,Taunsa Barrage,2016-07-19 00:00:00,302060,277460
Indus,Taunsa Barrage,2016-07-20 00:00:00,308601,282001
Indus,Taunsa Barrage,2016-07-21 00:00:00,295547,268947
Indus,Taunsa Barrage,2016-07-22 00:00:00,292583,264983
Indus,Taunsa Barrage,2016-07-23 00:00:00,241620,214020
Indus,Taunsa Barrage,2016-07-24 00:00:00,230599,203203
Indus,Taunsa Barrage,2016-07-25 00:00:00,230599,202912
Indus,Taunsa Barrage,2016-07-26 00:00:00,230599,203196
Indus,Taunsa Barrage,2016-07-27 00:00:00,230599,203832
Indus,Taunsa Barrage,2016-07-28 00:00:00,236548,210948
Indus,Taunsa Barrage,2016-07-29 00:00:00,231368,205568
Indus,Taunsa Barrage,2016-07-30 00:00:00,230820,204956
Indus,Taunsa Barrage,2016-07-31 00:00:00,231155,205755
Indus,Chashma Barrage,2016-07-01 00:00:00,278113,247073
Indus,Chashma Barrage,2016-07-02 00:00:00,256705,233000
Indus,Chashma Barrage,2016-07-03 00:00:00,285701,257106
Indus,Chashma Barrage,2016-07-04 00:00:00,312746,309016
Indus,Chashma Barrage,2016-07-05 00:00:00,345394,359146
Indus,Chashma Barrage,2016-07-06 00:00:00,374506,370467
Indus,Chashma Barrage,2016-07-07 00:00:00,380752,369292
Indus,Chashma Barrage,2016-07-08 00:00:00,367552,348332
Indus,Chashma Barrage,2016-07-09 00:00:00,339454,323704
Indus,Chashma Barrage,2016-07-10 00:00:00,337604,314684
Indus,Chashma Barrage,2016-07-11 00:00:00,284749,266958
Indus,Chashma Barrage,2016-07-12 00:00:00,275462,252361
Indus,Chashma Barrage,2016-07-13 00:00:00,264709,220000
Indus,Chashma Barrage,2016-07-14 00:00:00,253267,220000
Indus,Chashma Barrage,2016-07-15 00:00:00,251537,233040
Indus,Chashma Barrage,2016-07-16 00:00:00,298637,280140
Indus,Chashma Barrage,2016-07-17 00:00:00,325018,301817
Indus,Chashma Barrage,2016-07-18 00:00:00,349343,326702
Indus,Chashma Barrage,2016-07-19 00:00:00,351380,329260
Indus,Chashma Barrage,2016-07-20 00:00:00,334486,312366
Indus,Chashma Barrage,2016-07-21 00:00:00,310150,287647
Indus,Chashma Barrage,2016-07-22 00:00:00,252026,240000
Indus,Chashma Barrage,2016-07-23 00:00:00,240980,240000
Indus,Chashma Barrage,2016-07-24 00:00:00,276943,240000
Indus,Chashma Barrage,2016-07-25 00:00:00,278534,240000
Indus,Chashma Barrage,2016-07-26 00:00:00,272099,240000
Indus,Chashma Barrage,2016-07-27 00:00:00,263320,240000
Indus,Chashma Barrage,2016-07-28 00:00:00,270510,240000
Indus,Chashma Barrage,2016-07-29 00:00:00,301795,240000
Indus,Chashma Barrage,2016-07-30 00:00:00,284483,244560
Indus,Chashma Barrage,2016-07-31 00:00:00,303119,291724
Jhelum,Rasul Barrage,2016-07-01 00:00:00,18796,5341
Jhelum,Rasul Barrage,2016-07-02 00:00:00,31958,19705
Jhelum,Rasul Barrage,2016-07-03 00:00:00,24344,5341
Jhelum,Rasul Barrage,2016-07-04 00:00:00,26494,5341
Jhelum,Rasul Barrage,2016-07-05 00:00:00,25894,5341
Jhelum,Rasul Barrage,2016-07-06 00:00:00,30950,11895
Jhelum,Rasul Barrage,2016-07-07 00:00:00,30950,11895
Jhelum,Rasul Barrage,2016-07-08 00:00:00,24396,5341
Jhelum,Rasul Barrage,2016-07-09 00:00:00,24596,5341
Jhelum,Rasul Barrage,2016-07-10 00:00:00,16868,5163
Jhelum,Rasul Barrage,2016-07-11 00:00:00,11668,5163
Jhelum,Rasul Barrage,2016-07-12 00:00:00,8896,5341
Jhelum,Rasul Barrage,2016-07-13 00:00:00,8284,5341
Jhelum,Rasul Barrage,2016-07-14 00:00:00,8284,5341
Jhelum,Rasul Barrage,2016-07-15 00:00:00,8284,5341
Jhelum,Rasul Barrage,2016-07-16 00:00:00,8181,5341
Jhelum,Rasul Barrage,2016-07-17 00:00:00,8101,5341
Jhelum,Rasul Barrage,2016-07-18 00:00:00,7931,5341
Jhelum,Rasul Barrage,2016-07-19 00:00:00,2290,NIL
Jhelum,Rasul Barrage,2016-07-20 00:00:00,2238,NIL
Jhelum,Rasul Barrage,2016-07-21 00:00:00,2638,NIL
Jhelum,Rasul Barrage,2016-07-22 00:00:00,7979,5341
Jhelum,Rasul Barrage,2016-07-23 00:00:00,2688,NIL
Jhelum,Rasul Barrage,2016-07-24 00:00:00,7929,5341
Jhelum,Rasul Barrage,2016-07-25 00:00:00,7929,5341
Jhelum,Rasul Barrage,2016-07-26 00:00:00,10628,7990
Jhelum,Rasul Barrage,2016-07-27 00:00:00,7479,5341
Jhelum,Rasul Barrage,2016-07-28 00:00:00,13083,11895
Jhelum,Rasul Barrage,2016-07-29 00:00:00,8428,7990
Jhelum,Rasul Barrage,2016-07-30 00:00:00,5974,5341
Jhelum,Rasul Barrage,2016-07-31 00:00:00,9035,7990
Chenab,Marala H/W,2016-07-01 00:00:00,67847,32924
Chenab,Marala H/W,2016-07-02 00:00:00,83833,48983
Chenab,Marala H/W,2016-07-03 00:00:00,78480,43630
Chenab,Marala H/W,2016-07-04 00:00:00,67774,32924
Chenab,Marala H/W,2016-07-05 00:00:00,67847,32924
Chenab,Marala H/W,2016-07-06 00:00:00,73200,38277
Chenab,Marala H/W,2016-07-07 00:00:00,81783,48983
Chenab,Marala H/W,2016-07-08 00:00:00,65774,32924
Chenab,Marala H/W,2016-07-09 00:00:00,62494,27571
Chenab,Marala H/W,2016-07-10 00:00:00,73200,38277
Chenab,Marala H/W,2016-07-11 00:00:00,57141,22218
Chenab,Marala H/W,2016-07-12 00:00:00,68047,32924
Chenab,Marala H/W,2016-07-13 00:00:00,73500,38277
Chenab,Marala H/W,2016-07-14 00:00:00,78953,43630
Chenab,Marala H/W,2016-07-15 00:00:00,84406,48983
Chenab,Marala H/W,2016-07-16 00:00:00,84183,48983
Chenab,Marala H/W,2016-07-17 00:00:00,89436,54336
Chenab,Marala H/W,2016-07-18 00:00:00,72377,38277
Chenab,Marala H/W,2016-07-19 00:00:00,72377,38277
Chenab,Marala H/W,2016-07-20 00:00:00,56718,22218
Chenab,Marala H/W,2016-07-21 00:00:00,56918,22218
Chenab,Marala H/W,2016-07-22 00:00:00,57093,22218
Chenab,Marala H/W,2016-07-23 00:00:00,73152,38277
Chenab,Marala H/W,2016-07-24 00:00:00,56968,22218
Chenab,Marala H/W,2016-07-25 00:00:00,57041,22218
Chenab,Marala H/W,2016-07-26 00:00:00,67747,32924
Chenab,Marala H/W,2016-07-27 00:00:00,73077,38277
Chenab,Marala H/W,2016-07-28 00:00:00,143878,129278
Chenab,Marala H/W,2016-07-29 00:00:00,74542,65042
Chenab,Marala H/W,2016-07-30 00:00:00,63836,54336
Chenab,Marala H/W,2016-07-31 00:00:00,63936,54336
Chenab,Khanki H/W,2016-07-01 00:00:00,28001,19451
Chenab,Khanki H/W,2016-07-02 00:00:00,42350,33800
Chenab,Khanki H/W,2016-07-03 00:00:00,50185,41485
Chenab,Khanki H/W,2016-07-04 00:00:00,40758,32058
Chenab,Khanki H/W,2016-07-05 00:00:00,35414,26714
Chenab,Khanki H/W,2016-07-06 00:00:00,40758,32058
Chenab,Khanki H/W,2016-07-07 00:00:00,44061,35361
Chenab,Khanki H/W,2016-07-08 00:00:00,44061,35361
Chenab,Khanki H/W,2016-07-09 00:00:00,31582,22882
Chenab,Khanki H/W,2016-07-10 00:00:00,29627,21427
Chenab,Khanki H/W,2016-07-11 00:00:00,29627,21427
Chenab,Khanki H/W,2016-07-12 00:00:00,24249,16049
Chenab,Khanki H/W,2016-07-13 00:00:00,33377,24677
Chenab,Khanki H/W,2016-07-14 00:00:00,32239,23539
Chenab,Khanki H/W,2016-07-15 00:00:00,43859,35159
Chenab,Khanki H/W,2016-07-16 00:00:00,56134,47434
Chenab,Khanki H/W,2016-07-17 00:00:00,50064,41485
Chenab,Khanki H/W,2016-07-18 00:00:00,55834,47434
Chenab,Khanki H/W,2016-07-19 00:00:00,43761,35361
Chenab,Khanki H/W,2016-07-20 00:00:00,37239,28789
Chenab,Khanki H/W,2016-07-21 00:00:00,26515,17915
Chenab,Khanki H/W,2016-07-22 00:00:00,22252,13552
Chenab,Khanki H/W,2016-07-23 00:00:00,35464,26714
Chenab,Khanki H/W,2016-07-24 00:00:00,32289,23539
Chenab,Khanki H/W,2016-07-25 00:00:00,29125,20375
Chenab,Khanki H/W,2016-07-26 00:00:00,25658,16908
Chenab,Khanki H/W,2016-07-27 00:00:00,35363,26513
Chenab,Khanki H/W,2016-07-28 00:00:00,148805,140505
Chenab,Khanki H/W,2016-07-29 00:00:00,92483,84283
Chenab,Khanki H/W,2016-07-30 00:00:00,67904,59704
Chenab,Khanki H/W,2016-07-31 00:00:00,59441,51241
Chenab,Qadirabad Barrage,2016-07-01 00:00:00,35347,13347
Chenab,Qadirabad Barrage,2016-07-02 00:00:00,35346,13346
Chenab,Qadirabad Barrage,2016-07-03 00:00:00,53472,31472
Chenab,Qadirabad Barrage,2016-07-04 00:00:00,58410,36410
Chenab,Qadirabad Barrage,2016-07-05 00:00:00,45881,23881
Chenab,Qadirabad Barrage,2016-07-06 00:00:00,39320,17320
Chenab,Qadirabad Barrage,2016-07-07 00:00:00,43127,21127
Chenab,Qadirabad Barrage,2016-07-08 00:00:00,58410,36410
Chenab,Qadirabad Barrage,2016-07-09 00:00:00,45693,23693
Chenab,Qadirabad Barrage,2016-07-10 00:00:00,30048,8048
Chenab,Qadirabad Barrage,2016-07-11 00:00:00,30048,8048
Chenab,Qadirabad Barrage,2016-07-12 00:00:00,18000,NIL
Chenab,Qadirabad Barrage,2016-07-13 00:00:00,24999,4074
Chenab,Qadirabad Barrage,2016-07-14 00:00:00,28723,6723
Chenab,Qadirabad Barrage,2016-07-15 00:00:00,34022,12022
Chenab,Qadirabad Barrage,2016-07-16 00:00:00,48454,26454
Chenab,Qadirabad Barrage,2016-07-17 00:00:00,48454,26454
Chenab,Qadirabad Barrage,2016-07-18 00:00:00,50859,28859
Chenab,Qadirabad Barrage,2016-07-19 00:00:00,41970,19970
Chenab,Qadirabad Barrage,2016-07-20 00:00:00,36671,14671
Chenab,Qadirabad Barrage,2016-07-21 00:00:00,22000,NIL
Chenab,Qadirabad Barrage,2016-07-22 00:00:00,18749,2749
Chenab,Qadirabad Barrage,2016-07-23 00:00:00,25996,15996
Chenab,Qadirabad Barrage,2016-07-24 00:00:00,37944,23944
Chenab,Qadirabad Barrage,2016-07-25 00:00:00,23373,9373
Chenab,Qadirabad Barrage,2016-07-26 00:00:00,19399,5399
Chenab,Qadirabad Barrage,2016-07-27 00:00:00,27347,13347
Chenab,Qadirabad Barrage,2016-07-28 00:00:00,124907,114657
Chenab,Qadirabad Barrage,2016-07-29 00:00:00,106789,95466
Chenab,Qadirabad Barrage,2016-07-30 00:00:00,61678,46678
Chenab,Qadirabad Barrage,2016-07-31 00:00:00,61678,46678
Chenab,Trimmu H/W,2016-07-01 00:00:00,52896,37396
Chenab,Trimmu H/W,2016-07-02 00:00:00,55420,39920
Chenab,Trimmu H/W,2016-07-03 00:00:00,56645,41245
Chenab,Trimmu H/W,2016-07-04 00:00:00,53364,37864
Chenab,Trimmu H/W,2016-07-05 00:00:00,34327,18827
Chenab,Trimmu H/W,2016-07-06 00:00:00,70704,55604
Chenab,Trimmu H/W,2016-07-07 00:00:00,48929,34129
Chenab,Trimmu H/W,2016-07-08 00:00:00,47321,32721
Chenab,Trimmu H/W,2016-07-09 00:00:00,40101,25401
Chenab,Trimmu H/W,2016-07-10 00:00:00,46123,32123
Chenab,Trimmu H/W,2016-07-11 00:00:00,50176,35876
Chenab,Trimmu H/W,2016-07-12 00:00:00,47029,32729
Chenab,Trimmu H/W,2016-07-13 00:00:00,38564,24264
Chenab,Trimmu H/W,2016-07-14 00:00:00,29891,15591
Chenab,Trimmu H/W,2016-07-15 00:00:00,30091,15591
Chenab,Trimmu H/W,2016-07-16 00:00:00,28070,13570
Chenab,Trimmu H/W,2016-07-17 00:00:00,27717,12417
Chenab,Trimmu H/W,2016-07-18 00:00:00,35338,20038
Chenab,Trimmu H/W,2016-07-19 00:00:00,45952,30652
Chenab,Trimmu H/W,2016-07-20 00:00:00,49815,34515
Chenab,Trimmu H/W,2016-07-21 00:00:00,49815,34515
Chenab,Trimmu H/W,2016-07-22 00:00:00,44952,30652
Chenab,Trimmu H/W,2016-07-23 00:00:00,37155,23155
Chenab,Trimmu H/W,2016-07-24 00:00:00,27553,13453
Chenab,Trimmu H/W,2016-07-25 00:00:00,17187,2887
Chenab,Trimmu H/W,2016-07-26 00:00:00,16000,NIL
Chenab,Trimmu H/W,2016-07-27 00:00:00,34854,18754
Chenab,Trimmu H/W,2016-07-28 00:00:00,30559,14859
Chenab,Trimmu H/W,2016-07-29 00:00:00,24536,8436
Chenab,Trimmu H/W,2016-07-30 00:00:00,113183,96883
Chenab,Trimmu H/W,2016-07-31 00:00:00,107158,90858
Chenab,Panjnad H/W,2016-07-01 00:00:00,36053,20228
Chenab,Panjnad H/W,2016-07-02 00:00:00,41234,25409
Chenab,Panjnad H/W,2016-07-03 00:00:00,41234,25409
Chenab,Panjnad H/W,2016-07-04 00:00:00,42721,26896
Chenab,Panjnad H/W,2016-07-05 00:00:00,46455,30630
Chenab,Panjnad H/W,2016-07-06 00:00:00,48619,32794
Chenab,Panjnad H/W,2016-07-07 00:00:00,48269,32794
Chenab,Panjnad H/W,2016-07-08 00:00:00,37538,22063
Chenab,Panjnad H/W,2016-07-09 00:00:00,42614,26939
Chenab,Panjnad H/W,2016-07-10 00:00:00,41948,26273
Chenab,Panjnad H/W,2016-07-11 00:00:00,45138,29463
Chenab,Panjnad H/W,2016-07-12 00:00:00,43542,27867
Chenab,Panjnad H/W,2016-07-13 00:00:00,44181,28506
Chenab,Panjnad H/W,2016-07-14 00:00:00,44463,28788
Chenab,Panjnad H/W,2016-07-15 00:00:00,38212,22537
Chenab,Panjnad H/W,2016-07-16 00:00:00,36458,20783
Chenab,Panjnad H/W,2016-07-17 00:00:00,32893,17218
Chenab,Panjnad H/W,2016-07-18 00:00:00,29896,14221
Chenab,Panjnad H/W,2016-07-19 00:00:00,28494,12719
Chenab,Panjnad H/W,2016-07-20 00:00:00,26993,11293
Chenab,Panjnad H/W,2016-07-21 00:00:00,27068,11293
Chenab,Panjnad H/W,2016-07-22 00:00:00,29231,13456
Chenab,Panjnad H/W,2016-07-23 00:00:00,35637,19862
Chenab,Panjnad H/W,2016-07-24 00:00:00,38841,23066
Chenab,Panjnad H/W,2016-07-25 00:00:00,41538,25763
Chenab,Panjnad H/W,2016-07-26 00:00:00,38907,23132
Chenab,Panjnad H/W,2016-07-27 00:00:00,33016,17241
Chenab,Panjnad H/W,2016-07-28 00:00:00,28927,13552
Chenab,Panjnad H/W,2016-07-29 00:00:00,25429,9654
Chenab,Panjnad H/W,2016-07-30 00:00:00,24439,8664
Chenab,Panjnad H/W,2016-07-31 00:00:00,25081,9306
Ravi,Balloki H/W,2016-07-01 00:00:00,37930,4830
Ravi,Balloki H/W,2016-07-02 00:00:00,37930,4830
Ravi,Balloki H/W,2016-07-03 00:00:00,39135,6635
Ravi,Balloki H/W,2016-07-04 00:00:00,39135,6635
Ravi,Balloki H/W,2016-07-05 00:00:00,39740,7540
Ravi,Balloki H/W,2016-07-06 00:00:00,38835,6635
Ravi,Balloki H/W,2016-07-07 00:00:00,40445,8445
Ravi,Balloki H/W,2016-07-08 00:00:00,40445,8445
Ravi,Balloki H/W,2016-07-09 00:00:00,38135,5735
Ravi,Balloki H/W,2016-07-10 00:00:00,38135,5735
Ravi,Balloki H/W,2016-07-11 00:00:00,38135,5735
Ravi,Balloki H/W,2016-07-12 00:00:00,38435,5735
Ravi,Balloki H/W,2016-07-13 00:00:00,35725,3025
Ravi,Balloki H/W,2016-07-14 00:00:00,35825,3025
Ravi,Balloki H/W,2016-07-15 00:00:00,37830,4830
Ravi,Balloki H/W,2016-07-16 00:00:00,37830,4830
Ravi,Balloki H/W,2016-07-17 00:00:00,38735,5735
Ravi,Balloki H/W,2016-07-18 00:00:00,40945,8445
Ravi,Balloki H/W,2016-07-19 00:00:00,46770,14970
Ravi,Balloki H/W,2016-07-20 00:00:00,49515,17515
Ravi,Balloki H/W,2016-07-21 00:00:00,48930,16430
Ravi,Balloki H/W,2016-07-22 00:00:00,47770,14970
Ravi,Balloki H/W,2016-07-23 00:00:00,38765,5965
Ravi,Balloki H/W,2016-07-24 00:00:00,35240,2440
Ravi,Balloki H/W,2016-07-25 00:00:00,33000,NIL
Ravi,Balloki H/W,2016-07-26 00:00:00,34050,3050
Ravi,Balloki H/W,2016-07-27 00:00:00,33840,2440
Ravi,Balloki H/W,2016-07-28 00:00:00,35060,3660
Ravi,Balloki H/W,2016-07-29 00:00:00,41525,9525
Ravi,Balloki H/W,2016-07-30 00:00:00,53320,21320
Ravi,Balloki H/W,2016-07-31 00:00:00,39540,7540
Ravi,Sidhnai H/W,2016-07-01 00:00:00,16233,1983
Ravi,Sidhnai H/W,2016-07-02 00:00:00,16433,1983
Ravi,Sidhnai H/W,2016-07-03 00:00:00,16878,2978
Ravi,Sidhnai H/W,2016-07-04 00:00:00,15683,1983
Ravi,Sidhnai H/W,2016-07-05 00:00:00,15933,1983
Ravi,Sidhnai H/W,2016-07-06 00:00:00,16928,2978
Ravi,Sidhnai H/W,2016-07-07 00:00:00,16128,2978
Ravi,Sidhnai H/W,2016-07-08 00:00:00,16128,2978
Ravi,Sidhnai H/W,2016-07-09 00:00:00,16805,3305
Ravi,Sidhnai H/W,2016-07-10 00:00:00,18188,5288
Ravi,Sidhnai H/W,2016-07-11 00:00:00,18888,5288
Ravi,Sidhnai H/W,2016-07-12 00:00:00,18027,4627
Ravi,Sidhnai H/W,2016-07-13 00:00:00,16255,3305
Ravi,Sidhnai H/W,2016-07-14 00:00:00,16555,3305
Ravi,Sidhnai H/W,2016-07-15 00:00:00,15765,2315
Ravi,Sidhnai H/W,2016-07-16 00:00:00,14872,1322
Ravi,Sidhnai H/W,2016-07-17 00:00:00,14311,661
Ravi,Sidhnai H/W,2016-07-18 00:00:00,14972,1322
Ravi,Sidhnai H/W,2016-07-19 00:00:00,16294,2644
Ravi,Sidhnai H/W,2016-07-20 00:00:00,16494,2644
Ravi,Sidhnai H/W,2016-07-21 00:00:00,24398,10448
Ravi,Sidhnai H/W,2016-07-22 00:00:00,25154,11704
Ravi,Sidhnai H/W,2016-07-23 00:00:00,25154,11704
Ravi,Sidhnai H/W,2016-07-24 00:00:00,20039,6539
Ravi,Sidhnai H/W,2016-07-25 00:00:00,17366,3966
Ravi,Sidhnai H/W,2016-07-26 00:00:00,15093,1643
Ravi,Sidhnai H/W,2016-07-27 00:00:00,13750,NIL
Ravi,Sidhnai H/W,2016-07-28 00:00:00,13350,NIL
Ravi,Sidhnai H/W,2016-07-29 00:00:00,13850,NIL
Ravi,Sidhnai H/W,2016-07-30 00:00:00,15372,1322
Ravi,Sidhnai H/W,2016-07-31 00:00:00,20760,6610
Sutlej,Suleimanki H/W,2016-07-01 00:00:00,17074,4166
Sutlej,Suleimanki H/W,2016-07-02 00:00:00,17074,4166
Sutlej,Suleimanki H/W,2016-07-03 00:00:00,16847,4743
Sutlej,Suleimanki H/W,2016-07-04 00:00:00,16617,4313
Sutlej,Suleimanki H/W,2016-07-05 00:00:00,17151,4743
Sutlej,Suleimanki H/W,2016-07-06 00:00:00,17969,5561
Sutlej,Suleimanki H/W,2016-07-07 00:00:00,17369,5561
Sutlej,Suleimanki H/W,2016-07-08 00:00:00,17563,5561
Sutlej,Suleimanki H/W,2016-07-09 00:00:00,18369,5561
Sutlej,Suleimanki H/W,2016-07-10 00:00:00,18369,5561
Sutlej,Suleimanki H/W,2016-07-11 00:00:00,18369,5561
Sutlej,Suleimanki H/W,2016-07-12 00:00:00,18369,5561
Sutlej,Suleimanki H/W,2016-07-13 00:00:00,18043,5235
Sutlej,Suleimanki H/W,2016-07-14 00:00:00,18043,5235
Sutlej,Suleimanki H/W,2016-07-15 00:00:00,18469,5561
Sutlej,Suleimanki H/W,2016-07-16 00:00:00,18469,5561
Sutlej,Suleimanki H/W,2016-07-17 00:00:00,18469,5561
Sutlej,Suleimanki H/W,2016-07-18 00:00:00,17995,5087
Sutlej,Suleimanki H/W,2016-07-19 00:00:00,17895,5087
Sutlej,Suleimanki H/W,2016-07-20 00:00:00,20320,7412
Sutlej,Suleimanki H/W,2016-07-21 00:00:00,21034,8026
Sutlej,Suleimanki H/W,2016-07-22 00:00:00,19075,6017
Sutlej,Suleimanki H/W,2016-07-23 00:00:00,18243,5235
Sutlej,Suleimanki H/W,2016-07-24 00:00:00,18243,5235
Sutlej,Suleimanki H/W,2016-07-25 00:00:00,16495,3487
Sutlej,Suleimanki H/W,2016-07-26 00:00:00,16495,3487
Sutlej,Suleimanki H/W,2016-07-27 00:00:00,15435,2427
Sutlej,Suleimanki H/W,2016-07-28 00:00:00,15435,2427
Sutlej,Suleimanki H/W,2016-07-29 00:00:00,15747,2427
Sutlej,Suleimanki H/W,2016-07-30 00:00:00,16807,3487
Sutlej,Suleimanki H/W,2016-07-31 00:00:00,18249,4929
Sutlej,Islam H/W,2016-07-01 00:00:00,2824,799
Sutlej,Islam H/W,2016-07-02 00:00:00,2824,799
Sutlej,Islam H/W,2016-07-03 00:00:00,2824,799
Sutlej,Islam H/W,2016-07-04 00:00:00,3102,1777
Sutlej,Islam H/W,2016-07-05 00:00:00,3175,1450
Sutlej,Islam H/W,2016-07-06 00:00:00,3175,1450
Sutlej,Islam H/W,2016-07-07 00:00:00,3502,1777
Sutlej,Islam H/W,2016-07-08 00:00:00,3802,1777
Sutlej,Islam H/W,2016-07-09 00:00:00,3775,1450
Sutlej,Islam H/W,2016-07-10 00:00:00,3775,1450
Sutlej,Islam H/W,2016-07-11 00:00:00,4102,1777
Sutlej,Islam H/W,2016-07-12 00:00:00,4102,1777
Sutlej,Islam H/W,2016-07-13 00:00:00,4102,1777
Sutlej,Islam H/W,2016-07-14 00:00:00,4102,1777
Sutlej,Islam H/W,2016-07-15 00:00:00,3775,1450
Sutlej,Islam H/W,2016-07-16 00:00:00,3975,1450
Sutlej,Islam H/W,2016-07-17 00:00:00,3975,1450
Sutlej,Islam H/W,2016-07-18 00:00:00,3975,1450
Sutlej,Islam H/W,2016-07-19 00:00:00,3975,1450
Sutlej,Islam H/W,2016-07-20 00:00:00,3975,1450
Sutlej,Islam H/W,2016-07-21 00:00:00,3975,1450
Sutlej,Islam H/W,2016-07-22 00:00:00,4102,1777
Sutlej,Islam H/W,2016-07-23 00:00:00,5469,2944
Sutlej,Islam H/W,2016-07-24 00:00:00,6253,5028
Sutlej,Islam H/W,2016-07-25 00:00:00,5469,2944
Sutlej,Islam H/W,2016-07-26 00:00:00,3975,1450
Sutlej,Islam H/W,2016-07-27 00:00:00,2525,NIL
Sutlej,Islam H/W,2016-07-28 00:00:00,1554,NIL
Sutlej,Islam H/W,2016-07-29 00:00:00,1625,NIL
Sutlej,Islam H/W,2016-07-30 00:00:00,1225,NIL
Sutlej,Islam H/W,2016-07-31 00:00:00,1125,NIL
Indus,Kalabagh,2016-08-01 00:00:00,270795,265995
Indus,Kalabagh,2016-08-02 00:00:00,235486,230686
Indus,Kalabagh,2016-08-03 00:00:00,246230,241430
Indus,Kalabagh,2016-08-04 00:00:00,251495,246695
Indus,Kalabagh,2016-08-05 00:00:00,247020,241020
Indus,Kalabagh,2016-08-06 00:00:00,240638,233338
Indus,Kalabagh,2016-08-07 00:00:00,220913,213613
Indus,Kalabagh,2016-08-08 00:00:00,247342,240042
Indus,Kalabagh,2016-08-09 00:00:00,281055,273755
Indus,Kalabagh,2016-08-10 00:00:00,308581,301281
Indus,Kalabagh,2016-08-11 00:00:00,314407,307907
Indus,Kalabagh,2016-08-12 00:00:00,266280,259780
Indus,Kalabagh,2016-08-13 00:00:00,280139,273639
Indus,Kalabagh,2016-08-14 00:00:00,244692,238192
Indus,Kalabagh,2016-08-15 00:00:00,214156,207656
Indus,Kalabagh,2016-08-16 00:00:00,207574,201074
Indus,Kalabagh,2016-08-17 00:00:00,187957,180957
Indus,Kalabagh,2016-08-18 00:00:00,193611,186711
Indus,Kalabagh,2016-08-19 00:00:00,152471,145971
Indus,Kalabagh,2016-08-20 00:00:00,162986,155986
Indus,Kalabagh,2016-08-21 00:00:00,160844,153544
Indus,Kalabagh,2016-08-22 00:00:00,152488,145188
Indus,Kalabagh,2016-08-23 00:00:00,158789,151489
Indus,Kalabagh,2016-08-24 00:00:00,130676,123376
Indus,Kalabagh,2016-08-25 00:00:00,133290,125990
Indus,Kalabagh,2016-08-26 00:00:00,129989,122389
Indus,Kalabagh,2016-08-27 00:00:00,137541,129941
Indus,Kalabagh,2016-08-28 00:00:00,155055,147455
Indus,Kalabagh,2016-08-29 00:00:00,146223,138623
Indus,Kalabagh,2016-08-30 00:00:00,138046,130446
Indus,Kalabagh,2016-08-31 00:00:00,159001,151401
Indus,Taunsa Barrage,2016-08-01 00:00:00,270721,245321
Indus,Taunsa Barrage,2016-08-02 00:00:00,279922,253322
Indus,Taunsa Barrage,2016-08-03 00:00:00,234490,207690
Indus,Taunsa Barrage,2016-08-04 00:00:00,240532,220732
Indus,Taunsa Barrage,2016-08-05 00:00:00,234243,214843
Indus,Taunsa Barrage,2016-08-06 00:00:00,218378,198778
Indus,Taunsa Barrage,2016-08-07 00:00:00,212489,192889
Indus,Taunsa Barrage,2016-08-08 00:00:00,216449,207649
Indus,Taunsa Barrage,2016-08-09 00:00:00,201404,187604
Indus,Taunsa Barrage,2016-08-10 00:00:00,244785,230985
Indus,Taunsa Barrage,2016-08-11 00:00:00,270289,256489
Indus,Taunsa Barrage,2016-08-12 00:00:00,277690,261890
Indus,Taunsa Barrage,2016-08-13 00:00:00,288616,273016
Indus,Taunsa Barrage,2016-08-14 00:00:00,262409,246609
Indus,Taunsa Barrage,2016-08-15 00:00:00,252044,235744
Indus,Taunsa Barrage,2016-08-16 00:00:00,236636,220036
Indus,Taunsa Barrage,2016-08-17 00:00:00,183976,167376
Indus,Taunsa Barrage,2016-08-18 00:00:00,175756,153702
Indus,Taunsa Barrage,2016-08-19 00:00:00,178502,156593
Indus,Taunsa Barrage,2016-08-20 00:00:00,184373,160818
Indus,Taunsa Barrage,2016-08-21 00:00:00,179111,156607
Indus,Taunsa Barrage,2016-08-22 00:00:00,174942,153163
Indus,Taunsa Barrage,2016-08-23 00:00:00,169872,148719
Indus,Taunsa Barrage,2016-08-24 00:00:00,161710,142280
Indus,Taunsa Barrage,2016-08-25 00:00:00,146501,128789
Indus,Taunsa Barrage,2016-08-26 00:00:00,146420,129559
Indus,Taunsa Barrage,2016-08-27 00:00:00,144032,128477
Indus,Taunsa Barrage,2016-08-28 00:00:00,151417,134929
Indus,Taunsa Barrage,2016-08-29 00:00:00,145515,129355
Indus,Taunsa Barrage,2016-08-30 00:00:00,144996,129168
Indus,Taunsa Barrage,2016-08-31 00:00:00,147263,131026
Indus,Chashma Barrage,2016-08-01 00:00:00,315694,302019
Indus,Chashma Barrage,2016-08-02 00:00:00,266353,220000
Indus,Chashma Barrage,2016-08-03 00:00:00,272144,248349
Indus,Chashma Barrage,2016-08-04 00:00:00,254384,230764
Indus,Chashma Barrage,2016-08-05 00:00:00,251057,227618
Indus,Chashma Barrage,2016-08-06 00:00:00,243689,220369
Indus,Chashma Barrage,2016-08-07 00:00:00,239921,216601
Indus,Chashma Barrage,2016-08-08 00:00:00,237082,213762
Indus,Chashma Barrage,2016-08-09 00:00:00,274228,262953
Indus,Chashma Barrage,2016-08-10 00:00:00,308401,294747
Indus,Chashma Barrage,2016-08-11 00:00:00,325072,301092
Indus,Chashma Barrage,2016-08-12 00:00:00,326066,302086
Indus,Chashma Barrage,2016-08-13 00:00:00,288055,264075
Indus,Chashma Barrage,2016-08-14 00:00:00,287960,264190
Indus,Chashma Barrage,2016-08-15 00:00:00,259431,235811
Indus,Chashma Barrage,2016-08-16 00:00:00,223815,190000
Indus,Chashma Barrage,2016-08-17 00:00:00,214589,190000
Indus,Chashma Barrage,2016-08-18 00:00:00,190830,180000
Indus,Chashma Barrage,2016-08-19 00:00:00,209426,188991
Indus,Chashma Barrage,2016-08-20 00:00:00,174281,180000
Indus,Chashma Barrage,2016-08-21 00:00:00,181922,180000
Indus,Chashma Barrage,2016-08-22 00:00:00,181922,180000
Indus,Chashma Barrage,2016-08-23 00:00:00,174601,158000
Indus,Chashma Barrage,2016-08-24 00:00:00,168890,158000
Indus,Chashma Barrage,2016-08-25 00:00:00,161555,158000
Indus,Chashma Barrage,2016-08-26 00:00:00,159239,158000
Indus,Chashma Barrage,2016-08-27 00:00:00,154005,158000
Indus,Chashma Barrage,2016-08-28 00:00:00,152376,158000
Indus,Chashma Barrage,2016-08-29 00:00:00,165829,158000
Indus,Chashma Barrage,2016-08-30 00:00:00,159314,158000
Indus,Chashma Barrage,2016-08-31 00:00:00,162429,158000
Jhelum,Rasul Barrage,2016-08-01 00:00:00,9235,7990
Jhelum,Rasul Barrage,2016-08-02 00:00:00,6686,5341
Jhelum,Rasul Barrage,2016-08-03 00:00:00,9435,7990
Jhelum,Rasul Barrage,2016-08-04 00:00:00,6936,5341
Jhelum,Rasul Barrage,2016-08-05 00:00:00,9835,7990
Jhelum,Rasul Barrage,2016-08-06 00:00:00,1333,NIL
Jhelum,Rasul Barrage,2016-08-07 00:00:00,6676,5341
Jhelum,Rasul Barrage,2016-08-08 00:00:00,13435,11895
Jhelum,Rasul Barrage,2016-08-09 00:00:00,7131,5341
Jhelum,Rasul Barrage,2016-08-10 00:00:00,17340,15800
Jhelum,Rasul Barrage,2016-08-11 00:00:00,9430,7990
Jhelum,Rasul Barrage,2016-08-12 00:00:00,7523,5163
Jhelum,Rasul Barrage,2016-08-13 00:00:00,2658,NIL
Jhelum,Rasul Barrage,2016-08-14 00:00:00,7718,5163
Jhelum,Rasul Barrage,2016-08-15 00:00:00,2353,NIL
Jhelum,Rasul Barrage,2016-08-16 00:00:00,7253,5163
Jhelum,Rasul Barrage,2016-08-17 00:00:00,24786,22798
Jhelum,Rasul Barrage,2016-08-18 00:00:00,21812,7722
Jhelum,Rasul Barrage,2016-08-19 00:00:00,28627,11487
Jhelum,Rasul Barrage,2016-08-20 00:00:00,17190,NIL
Jhelum,Rasul Barrage,2016-08-21 00:00:00,27777,11487
Jhelum,Rasul Barrage,2016-08-22 00:00:00,28675,11487
Jhelum,Rasul Barrage,2016-08-23 00:00:00,28675,11487
Jhelum,Rasul Barrage,2016-08-24 00:00:00,32200,15260
Jhelum,Rasul Barrage,2016-08-25 00:00:00,32193,15260
Jhelum,Rasul Barrage,2016-08-26 00:00:00,46919,30336
Jhelum,Rasul Barrage,2016-08-27 00:00:00,43150,26567
Jhelum,Rasul Barrage,2016-08-28 00:00:00,47423,30330
Jhelum,Rasul Barrage,2016-08-29 00:00:00,39481,22798
Jhelum,Rasul Barrage,2016-08-30 00:00:00,57207,40424
Jhelum,Rasul Barrage,2016-08-31 00:00:00,43345,26562
Chenab,Marala H/W,2016-08-01 00:00:00,58230,43630
Chenab,Marala H/W,2016-08-02 00:00:00,69936,54336
Chenab,Marala H/W,2016-08-03 00:00:00,86095,70395
Chenab,Marala H/W,2016-08-04 00:00:00,60930,43630
Chenab,Marala H/W,2016-08-05 00:00:00,61005,43630
Chenab,Marala H/W,2016-08-06 00:00:00,72211,54336
Chenab,Marala H/W,2016-08-07 00:00:00,94123,75748
Chenab,Marala H/W,2016-08-08 00:00:00,145380,133180
Chenab,Marala H/W,2016-08-09 00:00:00,99112,88812
Chenab,Marala H/W,2016-08-10 00:00:00,88048,75748
Chenab,Marala H/W,2016-08-11 00:00:00,92251,81101
Chenab,Marala H/W,2016-08-12 00:00:00,82992,65042
Chenab,Marala H/W,2016-08-13 00:00:00,72133,48983
Chenab,Marala H/W,2016-08-14 00:00:00,66880,43630
Chenab,Marala H/W,2016-08-15 00:00:00,70947,43630
Chenab,Marala H/W,2016-08-16 00:00:00,77633,48983
Chenab,Marala H/W,2016-08-17 00:00:00,56271,27571
Chenab,Marala H/W,2016-08-18 00:00:00,60247,27571
Chenab,Marala H/W,2016-08-19 00:00:00,56068,22218
Chenab,Marala H/W,2016-08-20 00:00:00,56068,22218
Chenab,Marala H/W,2016-08-21 00:00:00,56068,22218
Chenab,Marala H/W,2016-08-22 00:00:00,50740,16865
Chenab,Marala H/W,2016-08-23 00:00:00,56093,22218
Chenab,Marala H/W,2016-08-24 00:00:00,56118,22218
Chenab,Marala H/W,2016-08-25 00:00:00,52960,19060
Chenab,Marala H/W,2016-08-26 00:00:00,52618,22218
Chenab,Marala H/W,2016-08-27 00:00:00,52158,19060
Chenab,Marala H/W,2016-08-28 00:00:00,48310,19060
Chenab,Marala H/W,2016-08-29 00:00:00,58697,27571
Chenab,Marala H/W,2016-08-30 00:00:00,59921,27571
Chenab,Marala H/W,2016-08-31 00:00:00,59921,27571
Chenab,Khanki H/W,2016-08-01 00:00:00,56131,47831
Chenab,Khanki H/W,2016-08-02 00:00:00,54860,46560
Chenab,Khanki H/W,2016-08-03 00:00:00,97079,88779
Chenab,Khanki H/W,2016-08-04 00:00:00,55391,46991
Chenab,Khanki H/W,2016-08-05 00:00:00,49505,40955
Chenab,Khanki H/W,2016-08-06 00:00:00,45568,36918
Chenab,Khanki H/W,2016-08-07 00:00:00,89546,80996
Chenab,Khanki H/W,2016-08-08 00:00:00,398530,398530
Chenab,Khanki H/W,2016-08-09 00:00:00,118937,110387
Chenab,Khanki H/W,2016-08-10 00:00:00,92415,83965
Chenab,Khanki H/W,2016-08-11 00:00:00,84446,75996
Chenab,Khanki H/W,2016-08-12 00:00:00,75380,67080
Chenab,Khanki H/W,2016-08-13 00:00:00,61275,52975
Chenab,Khanki H/W,2016-08-14 00:00:00,51927,43527
Chenab,Khanki H/W,2016-08-15 00:00:00,44732,36232
Chenab,Khanki H/W,2016-08-16 00:00:00,47143,38593
Chenab,Khanki H/W,2016-08-17 00:00:00,35566,27016
Chenab,Khanki H/W,2016-08-18 00:00:00,31206,22806
Chenab,Khanki H/W,2016-08-19 00:00:00,27069,18569
Chenab,Khanki H/W,2016-08-20 00:00:00,29896,21346
Chenab,Khanki H/W,2016-08-21 00:00:00,18606,10056
Chenab,Khanki H/W,2016-08-22 00:00:00,18212,9662
Chenab,Khanki H/W,2016-08-23 00:00:00,16443,7893
Chenab,Khanki H/W,2016-08-24 00:00:00,15560,6960
Chenab,Khanki H/W,2016-08-25 00:00:00,18362,9662
Chenab,Khanki H/W,2016-08-26 00:00:00,18362,9662
Chenab,Khanki H/W,2016-08-27 00:00:00,24861,16161
Chenab,Khanki H/W,2016-08-28 00:00:00,22066,13966
Chenab,Khanki H/W,2016-08-29 00:00:00,39966,31866
Chenab,Khanki H/W,2016-08-30 00:00:00,26919,18569
Chenab,Khanki H/W,2016-08-31 00:00:00,27019,18569
Chenab,Qadirabad Barrage,2016-08-01 00:00:00,55531,40531
Chenab,Qadirabad Barrage,2016-08-02 00:00:00,49108,34108
Chenab,Qadirabad Barrage,2016-08-03 00:00:00,69918,53593
Chenab,Qadirabad Barrage,2016-08-04 00:00:00,52108,34108
Chenab,Qadirabad Barrage,2016-08-05 00:00:00,40846,22846
Chenab,Qadirabad Barrage,2016-08-06 00:00:00,36977,18977
Chenab,Qadirabad Barrage,2016-08-07 00:00:00,69497,51497
Chenab,Qadirabad Barrage,2016-08-08 00:00:00,415967,405542
Chenab,Qadirabad Barrage,2016-08-09 00:00:00,117939,109003
Chenab,Qadirabad Barrage,2016-08-10 00:00:00,89002,73995
Chenab,Qadirabad Barrage,2016-08-11 00:00:00,76661,58661
Chenab,Qadirabad Barrage,2016-08-12 00:00:00,76661,58661
Chenab,Qadirabad Barrage,2016-08-13 00:00:00,55962,37962
Chenab,Qadirabad Barrage,2016-08-14 00:00:00,49507,31507
Chenab,Qadirabad Barrage,2016-08-15 00:00:00,44380,26380
Chenab,Qadirabad Barrage,2016-08-16 00:00:00,37943,19943
Chenab,Qadirabad Barrage,2016-08-17 00:00:00,32960,14960
Chenab,Qadirabad Barrage,2016-08-18 00:00:00,32960,14960
Chenab,Qadirabad Barrage,2016-08-19 00:00:00,35518,17518
Chenab,Qadirabad Barrage,2016-08-20 00:00:00,32601,14601
Chenab,Qadirabad Barrage,2016-08-21 00:00:00,27373,9373
Chenab,Qadirabad Barrage,2016-08-22 00:00:00,28697,10697
Chenab,Qadirabad Barrage,2016-08-23 00:00:00,28697,10697
Chenab,Qadirabad Barrage,2016-08-24 00:00:00,28697,10697
Chenab,Qadirabad Barrage,2016-08-25 00:00:00,23399,5399
Chenab,Qadirabad Barrage,2016-08-26 00:00:00,23399,5399
Chenab,Qadirabad Barrage,2016-08-27 00:00:00,31347,13347
Chenab,Qadirabad Barrage,2016-08-28 00:00:00,31347,13347
Chenab,Qadirabad Barrage,2016-08-29 00:00:00,46819,28819
Chenab,Qadirabad Barrage,2016-08-30 00:00:00,46819,28819
Chenab,Qadirabad Barrage,2016-08-31 00:00:00,33996,15996
Chenab,Trimmu H/W,2016-08-01 00:00:00,77146,62146
Chenab,Trimmu H/W,2016-08-02 00:00:00,79635,64635
Chenab,Trimmu H/W,2016-08-03 00:00:00,78656,63656
Chenab,Trimmu H/W,2016-08-04 00:00:00,68310,53810
Chenab,Trimmu H/W,2016-08-05 00:00:00,71068,57568
Chenab,Trimmu H/W,2016-08-06 00:00:00,83956,70456
Chenab,Trimmu H/W,2016-08-07 00:00:00,68444,54944
Chenab,Trimmu H/W,2016-08-08 00:00:00,54880,41680
Chenab,Trimmu H/W,2016-08-09 00:00:00,108343,95543
Chenab,Trimmu H/W,2016-08-10 00:00:00,141523,128723
Chenab,Trimmu H/W,2016-08-11 00:00:00,145325,132525
Chenab,Trimmu H/W,2016-08-12 00:00:00,118860,105860
Chenab,Trimmu H/W,2016-08-13 00:00:00,110519,97519
Chenab,Trimmu H/W,2016-08-14 00:00:00,93993,80693
Chenab,Trimmu H/W,2016-08-15 00:00:00,81242,67742
Chenab,Trimmu H/W,2016-08-16 00:00:00,77000,63500
Chenab,Trimmu H/W,2016-08-17 00:00:00,71354,57854
Chenab,Trimmu H/W,2016-08-18 00:00:00,62361,48861
Chenab,Trimmu H/W,2016-08-19 00:00:00,53611,40111
Chenab,Trimmu H/W,2016-08-20 00:00:00,38101,24601
Chenab,Trimmu H/W,2016-08-21 00:00:00,39562,26062
Chenab,Trimmu H/W,2016-08-22 00:00:00,36970,23470
Chenab,Trimmu H/W,2016-08-23 00:00:00,25140,11640
Chenab,Trimmu H/W,2016-08-24 00:00:00,18858,5358
Chenab,Trimmu H/W,2016-08-25 00:00:00,18758,5358
Chenab,Trimmu H/W,2016-08-26 00:00:00,20495,7795
Chenab,Trimmu H/W,2016-08-27 00:00:00,19973,7273
Chenab,Trimmu H/W,2016-08-28 00:00:00,23709,11909
Chenab,Trimmu H/W,2016-08-29 00:00:00,24914,13014
Chenab,Trimmu H/W,2016-08-30 00:00:00,34719,22419
Chenab,Trimmu H/W,2016-08-31 00:00:00,37662,25162
Chenab,Panjnad H/W,2016-08-01 00:00:00,31470,15495
Chenab,Panjnad H/W,2016-08-02 00:00:00,73305,57355
Chenab,Panjnad H/W,2016-08-03 00:00:00,79022,63472
Chenab,Panjnad H/W,2016-08-04 00:00:00,71311,56661
Chenab,Panjnad H/W,2016-08-05 00:00:00,69161,56661
Chenab,Panjnad H/W,2016-08-06 00:00:00,68033,55233
Chenab,Panjnad H/W,2016-08-07 00:00:00,58470,44370
Chenab,Panjnad H/W,2016-08-08 00:00:00,62025,49225
Chenab,Panjnad H/W,2016-08-09 00:00:00,68226,56526
Chenab,Panjnad H/W,2016-08-10 00:00:00,70692,58692
Chenab,Panjnad H/W,2016-08-11 00:00:00,71692,58692
Chenab,Panjnad H/W,2016-08-12 00:00:00,84632,71132
Chenab,Panjnad H/W,2016-08-13 00:00:00,101607,88007
Chenab,Panjnad H/W,2016-08-14 00:00:00,130829,116029
Chenab,Panjnad H/W,2016-08-15 00:00:00,106540,91590
Chenab,Panjnad H/W,2016-08-16 00:00:00,85261,70461
Chenab,Panjnad H/W,2016-08-17 00:00:00,76599,61699
Chenab,Panjnad H/W,2016-08-18 00:00:00,73862,58862
Chenab,Panjnad H/W,2016-08-19 00:00:00,69922,54572
Chenab,Panjnad H/W,2016-08-20 00:00:00,59568,44318
Chenab,Panjnad H/W,2016-08-21 00:00:00,54671,39371
Chenab,Panjnad H/W,2016-08-22 00:00:00,52003,36503
Chenab,Panjnad H/W,2016-08-23 00:00:00,51122,35497
Chenab,Panjnad H/W,2016-08-24 00:00:00,42660,26935
Chenab,Panjnad H/W,2016-08-25 00:00:00,33199,17474
Chenab,Panjnad H/W,2016-08-26 00:00:00,25423,9698
Chenab,Panjnad H/W,2016-08-27 00:00:00,15725,NIL
Chenab,Panjnad H/W,2016-08-28 00:00:00,14949,1249
Chenab,Panjnad H/W,2016-08-29 00:00:00,16912,4112
Chenab,Panjnad H/W,2016-08-30 00:00:00,16656,1556
Chenab,Panjnad H/W,2016-08-31 00:00:00,18581,3081
Ravi,Balloki H/W,2016-08-01 00:00:00,37030,4830
Ravi,Balloki H/W,2016-08-02 00:00:00,36160,3660
Ravi,Balloki H/W,2016-08-03 00:00:00,35750,3050
Ravi,Balloki H/W,2016-08-04 00:00:00,37780,4880
Ravi,Balloki H/W,2016-08-05 00:00:00,44900,11900
Ravi,Balloki H/W,2016-08-06 00:00:00,40155,7155
Ravi,Balloki H/W,2016-08-07 00:00:00,37830,4830
Ravi,Balloki H/W,2016-08-08 00:00:00,35440,2440
Ravi,Balloki H/W,2016-08-09 00:00:00,60425,27325
Ravi,Balloki H/W,2016-08-10 00:00:00,52340,19240
Ravi,Balloki H/W,2016-08-11 00:00:00,40640,7540
Ravi,Balloki H/W,2016-08-12 00:00:00,43350,10250
Ravi,Balloki H/W,2016-08-13 00:00:00,41545,8445
Ravi,Balloki H/W,2016-08-14 00:00:00,42495,9345
Ravi,Balloki H/W,2016-08-15 00:00:00,41595,8445
Ravi,Balloki H/W,2016-08-16 00:00:00,38885,5735
Ravi,Balloki H/W,2016-08-17 00:00:00,38935,5735
Ravi,Balloki H/W,2016-08-18 00:00:00,42725,9525
Ravi,Balloki H/W,2016-08-19 00:00:00,38935,5735
Ravi,Balloki H/W,2016-08-20 00:00:00,37130,3930
Ravi,Balloki H/W,2016-08-21 00:00:00,38030,4830
Ravi,Balloki H/W,2016-08-22 00:00:00,37180,3930
Ravi,Balloki H/W,2016-08-23 00:00:00,37180,3930
Ravi,Balloki H/W,2016-08-24 00:00:00,37180,3930
Ravi,Balloki H/W,2016-08-25 00:00:00,37580,4830
Ravi,Balloki H/W,2016-08-26 00:00:00,43400,11900
Ravi,Balloki H/W,2016-08-27 00:00:00,44700,11900
Ravi,Balloki H/W,2016-08-28 00:00:00,45650,16650
Ravi,Balloki H/W,2016-08-29 00:00:00,46160,19660
Ravi,Balloki H/W,2016-08-30 00:00:00,41960,15460
Ravi,Balloki H/W,2016-08-31 00:00:00,42775,14275
Ravi,Sidhnai H/W,2016-08-01 00:00:00,26175,12325
Ravi,Sidhnai H/W,2016-08-02 00:00:00,20153,6503
Ravi,Sidhnai H/W,2016-08-03 00:00:00,17029,3279
Ravi,Sidhnai H/W,2016-08-04 00:00:00,15833,1983
Ravi,Sidhnai H/W,2016-08-05 00:00:00,14111,661
Ravi,Sidhnai H/W,2016-08-06 00:00:00,13450,NIL
Ravi,Sidhnai H/W,2016-08-07 00:00:00,13850,NIL
Ravi,Sidhnai H/W,2016-08-08 00:00:00,16033,1983
Ravi,Sidhnai H/W,2016-08-09 00:00:00,17378,3928
Ravi,Sidhnai H/W,2016-08-10 00:00:00,15433,1983
Ravi,Sidhnai H/W,2016-08-11 00:00:00,23431,9806
Ravi,Sidhnai H/W,2016-08-12 00:00:00,22924,9549
Ravi,Sidhnai H/W,2016-08-13 00:00:00,15792,2317
Ravi,Sidhnai H/W,2016-08-14 00:00:00,16624,2899
Ravi,Sidhnai H/W,2016-08-15 00:00:00,17920,4195
Ravi,Sidhnai H/W,2016-08-16 00:00:00,18020,4195
Ravi,Sidhnai H/W,2016-08-17 00:00:00,18270,4195
Ravi,Sidhnai H/W,2016-08-18 00:00:00,17380,3305
Ravi,Sidhnai H/W,2016-08-19 00:00:00,16058,1983
Ravi,Sidhnai H/W,2016-08-20 00:00:00,15497,1322
Ravi,Sidhnai H/W,2016-08-21 00:00:00,16258,1983
Ravi,Sidhnai H/W,2016-08-22 00:00:00,16258,1983
Ravi,Sidhnai H/W,2016-08-23 00:00:00,15043,668
Ravi,Sidhnai H/W,2016-08-24 00:00:00,14525,NIL
Ravi,Sidhnai H/W,2016-08-25 00:00:00,15150,NIL
Ravi,Sidhnai H/W,2016-08-26 00:00:00,14000,NIL
Ravi,Sidhnai H/W,2016-08-27 00:00:00,13000,NIL
Ravi,Sidhnai H/W,2016-08-28 00:00:00,18288,5288
Ravi,Sidhnai H/W,2016-08-29 00:00:00,19910,6610
Ravi,Sidhnai H/W,2016-08-30 00:00:00,23550,9800
Ravi,Sidhnai H/W,2016-08-31 00:00:00,23700,9800
Sutlej,Suleimanki H/W,2016-08-01 00:00:00,19188,5868
Sutlej,Suleimanki H/W,2016-08-02 00:00:00,19188,5868
Sutlej,Suleimanki H/W,2016-08-03 00:00:00,17091,3971
Sutlej,Suleimanki H/W,2016-08-04 00:00:00,15673,2427
Sutlej,Suleimanki H/W,2016-08-05 00:00:00,15673,2427
Sutlej,Suleimanki H/W,2016-08-06 00:00:00,15673,2427
Sutlej,Suleimanki H/W,2016-08-07 00:00:00,17826,4445
Sutlej,Suleimanki H/W,2016-08-08 00:00:00,17826,4945
Sutlej,Suleimanki H/W,2016-08-09 00:00:00,17968,4687
Sutlej,Suleimanki H/W,2016-08-10 00:00:00,17535,4129
Sutlej,Suleimanki H/W,2016-08-11 00:00:00,18717,5561
Sutlej,Suleimanki H/W,2016-08-12 00:00:00,23233,10278
Sutlej,Suleimanki H/W,2016-08-13 00:00:00,25476,12521
Sutlej,Suleimanki H/W,2016-08-14 00:00:00,23355,10155
Sutlej,Suleimanki H/W,2016-08-15 00:00:00,24415,11115
Sutlej,Suleimanki H/W,2016-08-16 00:00:00,24421,11115
Sutlej,Suleimanki H/W,2016-08-17 00:00:00,23328,10022
Sutlej,Suleimanki H/W,2016-08-18 00:00:00,18084,4778
Sutlej,Suleimanki H/W,2016-08-19 00:00:00,15765,2459
Sutlej,Suleimanki H/W,2016-08-20 00:00:00,14340,1034
Sutlej,Suleimanki H/W,2016-08-21 00:00:00,14878,1572
Sutlej,Suleimanki H/W,2016-08-22 00:00:00,14340,1034
Sutlej,Suleimanki H/W,2016-08-23 00:00:00,15794,2688
Sutlej,Suleimanki H/W,2016-08-24 00:00:00,16545,3214
Sutlej,Suleimanki H/W,2016-08-25 00:00:00,16611,3381
Sutlej,Suleimanki H/W,2016-08-26 00:00:00,18375,6093
Sutlej,Suleimanki H/W,2016-08-27 00:00:00,18544,5564
Sutlej,Suleimanki H/W,2016-08-28 00:00:00,20997,12588
Sutlej,Suleimanki H/W,2016-08-29 00:00:00,29042,23729
Sutlej,Suleimanki H/W,2016-08-30 00:00:00,25489,16284
Sutlej,Suleimanki H/W,2016-08-31 00:00:00,32858,22953
Sutlej,Islam H/W,2016-08-01 00:00:00,1625,NIL
Sutlej,Islam H/W,2016-08-02 00:00:00,1825,NIL
Sutlej,Islam H/W,2016-08-03 00:00:00,2025,NIL
Sutlej,Islam H/W,2016-08-04 00:00:00,3297,1272
Sutlej,Islam H/W,2016-08-05 00:00:00,4575,3350
Sutlej,Islam H/W,2016-08-06 00:00:00,3302,1777
Sutlej,Islam H/W,2016-08-07 00:00:00,2324,799
Sutlej,Islam H/W,2016-08-08 00:00:00,2025,NIL
Sutlej,Islam H/W,2016-08-09 00:00:00,2025,NIL
Sutlej,Islam H/W,2016-08-10 00:00:00,2025,NIL
Sutlej,Islam H/W,2016-08-11 00:00:00,2025,NIL
Sutlej,Islam H/W,2016-08-12 00:00:00,2824,799
Sutlej,Islam H/W,2016-08-13 00:00:00,2430,505
Sutlej,Islam H/W,2016-08-14 00:00:00,3702,1777
Sutlej,Islam H/W,2016-08-15 00:00:00,5069,2944
Sutlej,Islam H/W,2016-08-16 00:00:00,7153,5028
Sutlej,Islam H/W,2016-08-17 00:00:00,7950,5800
Sutlej,Islam H/W,2016-08-18 00:00:00,9280,7130
Sutlej,Islam H/W,2016-08-19 00:00:00,7950,5800
Sutlej,Islam H/W,2016-08-20 00:00:00,5747,3597
Sutlej,Islam H/W,2016-08-21 00:00:00,2949,799
Sutlej,Islam H/W,2016-08-22 00:00:00,2150,NIL
Sutlej,Islam H/W,2016-08-23 00:00:00,2150,NIL
Sutlej,Islam H/W,2016-08-24 00:00:00,2150,NIL
Sutlej,Islam H/W,2016-08-25 00:00:00,1682,NIL
Sutlej,Islam H/W,2016-08-26 00:00:00,1682,NIL
Sutlej,Islam H/W,2016-08-27 00:00:00,1944,NIL
Sutlej,Islam H/W,2016-08-28 00:00:00,2422,1272
Sutlej,Islam H/W,2016-08-29 00:00:00,3222,1272
Sutlej,Islam H/W,2016-08-30 00:00:00,4486,2336
Sutlej,Islam H/W,2016-08-31 00:00:00,9602,7452
Indus,Kalabagh,2016-09-01 00:00:00,148088,140488
Indus,Kalabagh,2016-09-02 00:00:00,151654,144054
Indus,Kalabagh,2016-09-03 00:00:00,149016,141416
Indus,Kalabagh,2016-09-04 00:00:00,165534,157934
Indus,Kalabagh,2016-09-05 00:00:00,148210,140610
Indus,Kalabagh,2016-09-06 00:00:00,143919,136119
Indus,Kalabagh,2016-09-07 00:00:00,138194,130394
Indus,Kalabagh,2016-09-08 00:00:00,143511,135711
Indus,Kalabagh,2016-09-09 00:00:00,149664,141864
Indus,Kalabagh,2016-09-10 00:00:00,156199,148399
Indus,Kalabagh,2016-09-11 00:00:00,136037,128237
Indus,Kalabagh,2016-09-12 00:00:00,150354,142554
Indus,Kalabagh,2016-09-13 00:00:00,156373,148573
Indus,Kalabagh,2016-09-14 00:00:00,157502,149702
Indus,Kalabagh,2016-09-15 00:00:00,156713,148913
Indus,Kalabagh,2016-09-16 00:00:00,149667,141667
Indus,Kalabagh,2016-09-17 00:00:00,149464,141464
Indus,Kalabagh,2016-09-18 00:00:00,135448,127448
Indus,Kalabagh,2016-09-19 00:00:00,137158,129158
Indus,Kalabagh,2016-09-20 00:00:00,129237,121237
Indus,Kalabagh,2016-09-21 00:00:00,115367,107367
Indus,Kalabagh,2016-09-22 00:00:00,128707,120707
Indus,Kalabagh,2016-09-23 00:00:00,129696,121696
Indus,Kalabagh,2016-09-24 00:00:00,114806,106806
Indus,Kalabagh,2016-09-25 00:00:00,130367,122367
Indus,Kalabagh,2016-09-26 00:00:00,107461,99461
Indus,Kalabagh,2016-09-27 00:00:00,118758,110758
Indus,Kalabagh,2016-09-28 00:00:00,95614,87614
Indus,Kalabagh,2016-09-29 00:00:00,125793,117793
Indus,Kalabagh,2016-09-30 00:00:00,96568,88568
Indus,Taunsa Barrage,2016-09-01 00:00:00,145568,129187
Indus,Taunsa Barrage,2016-09-02 00:00:00,148503,131361
Indus,Taunsa Barrage,2016-09-03 00:00:00,148138,130000
Indus,Taunsa Barrage,2016-09-04 00:00:00,139946,122173
Indus,Taunsa Barrage,2016-09-05 00:00:00,139946,122173
Indus,Taunsa Barrage,2016-09-06 00:00:00,139050,121282
Indus,Taunsa Barrage,2016-09-07 00:00:00,139050,121352
Indus,Taunsa Barrage,2016-09-08 00:00:00,139050,122139
Indus,Taunsa Barrage,2016-09-09 00:00:00,139050,122396
Indus,Taunsa Barrage,2016-09-10 00:00:00,139235,122878
Indus,Taunsa Barrage,2016-09-11 00:00:00,142230,125961
Indus,Taunsa Barrage,2016-09-12 00:00:00,145586,129216
Indus,Taunsa Barrage,2016-09-13 00:00:00,142243,126234
Indus,Taunsa Barrage,2016-09-14 00:00:00,142243,126234
Indus,Taunsa Barrage,2016-09-15 00:00:00,139435,123353
Indus,Taunsa Barrage,2016-09-16 00:00:00,141955,125707
Indus,Taunsa Barrage,2016-09-17 00:00:00,143708,127380
Indus,Taunsa Barrage,2016-09-18 00:00:00,142200,126134
Indus,Taunsa Barrage,2016-09-19 00:00:00,139724,123935
Indus,Taunsa Barrage,2016-09-20 00:00:00,140800,124890
Indus,Taunsa Barrage,2016-09-21 00:00:00,139590,123724
Indus,Taunsa Barrage,2016-09-22 00:00:00,110238,97659
Indus,Taunsa Barrage,2016-09-23 00:00:00,102170,86334
Indus,Taunsa Barrage,2016-09-24 00:00:00,104229,88074
Indus,Taunsa Barrage,2016-09-25 00:00:00,102549,86654
Indus,Taunsa Barrage,2016-09-26 00:00:00,102549,86654
Indus,Taunsa Barrage,2016-09-27 00:00:00,102549,86654
Indus,Taunsa Barrage,2016-09-28 00:00:00,102549,86654
Indus,Taunsa Barrage,2016-09-29 00:00:00,100763,85145
Indus,Taunsa Barrage,2016-09-30 00:00:00,100763,85145
Indus,Chashma Barrage,2016-09-01 00:00:00,163800,158000
Indus,Chashma Barrage,2016-09-02 00:00:00,168189,150000
Indus,Chashma Barrage,2016-09-03 00:00:00,160290,150000
Indus,Chashma Barrage,2016-09-04 00:00:00,148134,150000
Indus,Chashma Barrage,2016-09-05 00:00:00,146003,150000
Indus,Chashma Barrage,2016-09-06 00:00:00,151014,150000
Indus,Chashma Barrage,2016-09-07 00:00:00,143913,150000
Indus,Chashma Barrage,2016-09-08 00:00:00,151917,150000
Indus,Chashma Barrage,2016-09-09 00:00:00,156224,158000
Indus,Chashma Barrage,2016-09-10 00:00:00,160407,158000
Indus,Chashma Barrage,2016-09-11 00:00:00,159331,152000
Indus,Chashma Barrage,2016-09-12 00:00:00,163023,152000
Indus,Chashma Barrage,2016-09-13 00:00:00,164908,152000
Indus,Chashma Barrage,2016-09-14 00:00:00,166466,152000
Indus,Chashma Barrage,2016-09-15 00:00:00,161357,152000
Indus,Chashma Barrage,2016-09-16 00:00:00,167872,152000
Indus,Chashma Barrage,2016-09-17 00:00:00,163396,152000
Indus,Chashma Barrage,2016-09-18 00:00:00,162178,152000
Indus,Chashma Barrage,2016-09-19 00:00:00,147097,152000
Indus,Chashma Barrage,2016-09-20 00:00:00,146700,152000
Indus,Chashma Barrage,2016-09-21 00:00:00,127500,110000
Indus,Chashma Barrage,2016-09-22 00:00:00,117729,110000
Indus,Chashma Barrage,2016-09-23 00:00:00,119357,110000
Indus,Chashma Barrage,2016-09-24 00:00:00,128053,110000
Indus,Chashma Barrage,2016-09-25 00:00:00,119678,110000
Indus,Chashma Barrage,2016-09-26 00:00:00,117639,110000
Indus,Chashma Barrage,2016-09-27 00:00:00,115729,110000
Indus,Chashma Barrage,2016-09-28 00:00:00,113761,110000
Indus,Chashma Barrage,2016-09-29 00:00:00,114644,117000
Indus,Chashma Barrage,2016-09-30 00:00:00,109912,117000
Jhelum,Rasul Barrage,2016-09-01 00:00:00,32043,15260
Jhelum,Rasul Barrage,2016-09-02 00:00:00,31943,15260
Jhelum,Rasul Barrage,2016-09-03 00:00:00,39677,22794
Jhelum,Rasul Barrage,2016-09-04 00:00:00,32034,15254
Jhelum,Rasul Barrage,2016-09-05 00:00:00,36061,19026
Jhelum,Rasul Barrage,2016-09-06 00:00:00,38488,19705
Jhelum,Rasul Barrage,2016-09-07 00:00:00,56458,35325
Jhelum,Rasul Barrage,2016-09-08 00:00:00,40735,19705
Jhelum,Rasul Barrage,2016-09-09 00:00:00,40838,19705
Jhelum,Rasul Barrage,2016-09-10 00:00:00,44845,23610
Jhelum,Rasul Barrage,2016-09-11 00:00:00,42245,23610
Jhelum,Rasul Barrage,2016-09-12 00:00:00,46350,27515
Jhelum,Rasul Barrage,2016-09-13 00:00:00,42650,23610
Jhelum,Rasul Barrage,2016-09-14 00:00:00,46755,27515
Jhelum,Rasul Barrage,2016-09-15 00:00:00,44950,23610
Jhelum,Rasul Barrage,2016-09-16 00:00:00,44745,23610
Jhelum,Rasul Barrage,2016-09-17 00:00:00,44795,23610
Jhelum,Rasul Barrage,2016-09-18 00:00:00,44945,23610
Jhelum,Rasul Barrage,2016-09-19 00:00:00,44995,23610
Jhelum,Rasul Barrage,2016-09-20 00:00:00,41193,19705
Jhelum,Rasul Barrage,2016-09-21 00:00:00,45098,23610
Jhelum,Rasul Barrage,2016-09-22 00:00:00,45098,23610
Jhelum,Rasul Barrage,2016-09-23 00:00:00,45098,23610
Jhelum,Rasul Barrage,2016-09-24 00:00:00,41193,19705
Jhelum,Rasul Barrage,2016-09-25 00:00:00,44995,23610
Jhelum,Rasul Barrage,2016-09-26 00:00:00,37185,15800
Jhelum,Rasul Barrage,2016-09-27 00:00:00,44995,23610
Jhelum,Rasul Barrage,2016-09-28 00:00:00,52908,31420
Jhelum,Rasul Barrage,2016-09-29 00:00:00,48853,27515
Jhelum,Rasul Barrage,2016-09-30 00:00:00,45148,23610
Chenab,Marala H/W,2016-09-01 00:00:00,55018,22218
Chenab,Marala H/W,2016-09-02 00:00:00,50241,22218
Chenab,Marala H/W,2016-09-03 00:00:00,45088,16865
Chenab,Marala H/W,2016-09-04 00:00:00,44054,11512
Chenab,Marala H/W,2016-09-05 00:00:00,39369,5946
Chenab,Marala H/W,2016-09-06 00:00:00,40548,11512
Chenab,Marala H/W,2016-09-07 00:00:00,37941,8000
Chenab,Marala H/W,2016-09-08 00:00:00,38402,8000
Chenab,Marala H/W,2016-09-09 00:00:00,37941,8000
Chenab,Marala H/W,2016-09-10 00:00:00,37941,8000
Chenab,Marala H/W,2016-09-11 00:00:00,38635,8000
Chenab,Marala H/W,2016-09-12 00:00:00,47030,15286
Chenab,Marala H/W,2016-09-13 00:00:00,48636,15286
Chenab,Marala H/W,2016-09-14 00:00:00,39744,8000
Chenab,Marala H/W,2016-09-15 00:00:00,37187,8000
Chenab,Marala H/W,2016-09-16 00:00:00,35719,8000
Chenab,Marala H/W,2016-09-17 00:00:00,31170,8000
Chenab,Marala H/W,2016-09-18 00:00:00,30288,8000
Chenab,Marala H/W,2016-09-19 00:00:00,28637,8000
Chenab,Marala H/W,2016-09-20 00:00:00,27869,8000
Chenab,Marala H/W,2016-09-21 00:00:00,27141,8000
Chenab,Marala H/W,2016-09-22 00:00:00,31879,8000
Chenab,Marala H/W,2016-09-23 00:00:00,30288,8000
Chenab,Marala H/W,2016-09-24 00:00:00,30240,8000
Chenab,Marala H/W,2016-09-25 00:00:00,28614,8000
Chenab,Marala H/W,2016-09-26 00:00:00,28303,8000
Chenab,Marala H/W,2016-09-27 00:00:00,20947,8000
Chenab,Marala H/W,2016-09-28 00:00:00,20195,8000
Chenab,Marala H/W,2016-09-29 00:00:00,20495,8000
Chenab,Marala H/W,2016-09-30 00:00:00,22150,8000
Chenab,Khanki H/W,2016-09-01 00:00:00,26305,17755
Chenab,Khanki H/W,2016-09-02 00:00:00,32527,23977
Chenab,Khanki H/W,2016-09-03 00:00:00,24711,16161
Chenab,Khanki H/W,2016-09-04 00:00:00,22516,13966
Chenab,Khanki H/W,2016-09-05 00:00:00,8600,NIL
Chenab,Khanki H/W,2016-09-06 00:00:00,8600,NIL
Chenab,Khanki H/W,2016-09-07 00:00:00,10878,2178
Chenab,Khanki H/W,2016-09-08 00:00:00,9248,548
Chenab,Khanki H/W,2016-09-09 00:00:00,9248,548
Chenab,Khanki H/W,2016-09-10 00:00:00,9348,548
Chenab,Khanki H/W,2016-09-11 00:00:00,9348,548
Chenab,Khanki H/W,2016-09-12 00:00:00,9348,548
Chenab,Khanki H/W,2016-09-13 00:00:00,12162,3662
Chenab,Khanki H/W,2016-09-14 00:00:00,14735,6235
Chenab,Khanki H/W,2016-09-15 00:00:00,12162,3662
Chenab,Khanki H/W,2016-09-16 00:00:00,9351,551
Chenab,Khanki H/W,2016-09-17 00:00:00,9351,551
Chenab,Khanki H/W,2016-09-18 00:00:00,9351,551
Chenab,Khanki H/W,2016-09-19 00:00:00,9351,551
Chenab,Khanki H/W,2016-09-20 00:00:00,9351,551
Chenab,Khanki H/W,2016-09-21 00:00:00,9351,551
Chenab,Khanki H/W,2016-09-22 00:00:00,9351,551
Chenab,Khanki H/W,2016-09-23 00:00:00,9351,551
Chenab,Khanki H/W,2016-09-24 00:00:00,10978,2178
Chenab,Khanki H/W,2016-09-25 00:00:00,10978,2178
Chenab,Khanki H/W,2016-09-26 00:00:00,9251,551
Chenab,Khanki H/W,2016-09-27 00:00:00,9151,551
Chenab,Khanki H/W,2016-09-28 00:00:00,9151,551
Chenab,Khanki H/W,2016-09-29 00:00:00,9251,551
Chenab,Khanki H/W,2016-09-30 00:00:00,9251,551
Chenab,Qadirabad Barrage,2016-09-01 00:00:00,33996,15996
Chenab,Qadirabad Barrage,2016-09-02 00:00:00,31347,13347
Chenab,Qadirabad Barrage,2016-09-03 00:00:00,35347,13347
Chenab,Qadirabad Barrage,2016-09-04 00:00:00,28723,6723
Chenab,Qadirabad Barrage,2016-09-05 00:00:00,24749,2749
Chenab,Qadirabad Barrage,2016-09-06 00:00:00,19000,NIL
Chenab,Qadirabad Barrage,2016-09-07 00:00:00,20350,NIL
Chenab,Qadirabad Barrage,2016-09-08 00:00:00,22000,NIL
Chenab,Qadirabad Barrage,2016-09-09 00:00:00,22000,NIL
Chenab,Qadirabad Barrage,2016-09-10 00:00:00,22000,NIL
Chenab,Qadirabad Barrage,2016-09-11 00:00:00,22000,NIL
Chenab,Qadirabad Barrage,2016-09-12 00:00:00,22000,NIL
Chenab,Qadirabad Barrage,2016-09-13 00:00:00,24749,2749
Chenab,Qadirabad Barrage,2016-09-14 00:00:00,24749,2749
Chenab,Qadirabad Barrage,2016-09-15 00:00:00,24749,2749
Chenab,Qadirabad Barrage,2016-09-16 00:00:00,22000,NIL
Chenab,Qadirabad Barrage,2016-09-17 00:00:00,22000,NIL
Chenab,Qadirabad Barrage,2016-09-18 00:00:00,22000,NIL
Chenab,Qadirabad Barrage,2016-09-19 00:00:00,22000,NIL
Chenab,Qadirabad Barrage,2016-09-20 00:00:00,22000,NIL
Chenab,Qadirabad Barrage,2016-09-21 00:00:00,22000,NIL
Chenab,Qadirabad Barrage,2016-09-22 00:00:00,22000,NIL
Chenab,Qadirabad Barrage,2016-09-23 00:00:00,22000,NIL
Chenab,Qadirabad Barrage,2016-09-24 00:00:00,22000,NIL
Chenab,Qadirabad Barrage,2016-09-25 00:00:00,22000,NIL
Chenab,Qadirabad Barrage,2016-09-26 00:00:00,22000,NIL
Chenab,Qadirabad Barrage,2016-09-27 00:00:00,22000,NIL
Chenab,Qadirabad Barrage,2016-09-28 00:00:00,22000,NIL
Chenab,Qadirabad Barrage,2016-09-29 00:00:00,21000,NIL
Chenab,Qadirabad Barrage,2016-09-30 00:00:00,22000,NIL
Chenab,Trimmu H/W,2016-09-01 00:00:00,46076,33576
Chenab,Trimmu H/W,2016-09-02 00:00:00,47942,35442
Chenab,Trimmu H/W,2016-09-03 00:00:00,47942,35442
Chenab,Trimmu H/W,2016-09-04 00:00:00,40107,27607
Chenab,Trimmu H/W,2016-09-05 00:00:00,40889,28389
Chenab,Trimmu H/W,2016-09-06 00:00:00,39854,27354
Chenab,Trimmu H/W,2016-09-07 00:00:00,32330,19830
Chenab,Trimmu H/W,2016-09-08 00:00:00,29667,16167
Chenab,Trimmu H/W,2016-09-09 00:00:00,24180,10580
Chenab,Trimmu H/W,2016-09-10 00:00:00,27956,14356
Chenab,Trimmu H/W,2016-09-11 00:00:00,29069,15569
Chenab,Trimmu H/W,2016-09-12 00:00:00,29069,15569
Chenab,Trimmu H/W,2016-09-13 00:00:00,30069,15569
Chenab,Trimmu H/W,2016-09-14 00:00:00,30069,15569
Chenab,Trimmu H/W,2016-09-15 00:00:00,30069,15569
Chenab,Trimmu H/W,2016-09-16 00:00:00,30069,15569
Chenab,Trimmu H/W,2016-09-17 00:00:00,32471,17971
Chenab,Trimmu H/W,2016-09-18 00:00:00,32471,17971
Chenab,Trimmu H/W,2016-09-19 00:00:00,29950,15450
Chenab,Trimmu H/W,2016-09-20 00:00:00,30450,15450
Chenab,Trimmu H/W,2016-09-21 00:00:00,32302,17302
Chenab,Trimmu H/W,2016-09-22 00:00:00,30950,15450
Chenab,Trimmu H/W,2016-09-23 00:00:00,31550,15450
Chenab,Trimmu H/W,2016-09-24 00:00:00,32650,15450
Chenab,Trimmu H/W,2016-09-25 00:00:00,27669,10469
Chenab,Trimmu H/W,2016-09-26 00:00:00,25438,8238
Chenab,Trimmu H/W,2016-09-27 00:00:00,23033,5833
Chenab,Trimmu H/W,2016-09-28 00:00:00,22890,5690
Chenab,Trimmu H/W,2016-09-29 00:00:00,24393,7193
Chenab,Trimmu H/W,2016-09-30 00:00:00,24393,7193
Chenab,Panjnad H/W,2016-09-01 00:00:00,19807,6107
Chenab,Panjnad H/W,2016-09-02 00:00:00,25372,10222
Chenab,Panjnad H/W,2016-09-03 00:00:00,35308,19808
Chenab,Panjnad H/W,2016-09-04 00:00:00,40368,24618
Chenab,Panjnad H/W,2016-09-05 00:00:00,40393,24618
Chenab,Panjnad H/W,2016-09-06 00:00:00,41266,25466
Chenab,Panjnad H/W,2016-09-07 00:00:00,40618,24818
Chenab,Panjnad H/W,2016-09-08 00:00:00,33356,17531
Chenab,Panjnad H/W,2016-09-09 00:00:00,31000,15150
Chenab,Panjnad H/W,2016-09-10 00:00:00,28069,12219
Chenab,Panjnad H/W,2016-09-11 00:00:00,24285,8410
Chenab,Panjnad H/W,2016-09-12 00:00:00,21967,6092
Chenab,Panjnad H/W,2016-09-13 00:00:00,18864,3114
Chenab,Panjnad H/W,2016-09-14 00:00:00,18864,3114
Chenab,Panjnad H/W,2016-09-15 00:00:00,19977,4152
Chenab,Panjnad H/W,2016-09-16 00:00:00,18989,3114
Chenab,Panjnad H/W,2016-09-17 00:00:00,17949,2074
Chenab,Panjnad H/W,2016-09-18 00:00:00,17125,1250
Chenab,Panjnad H/W,2016-09-19 00:00:00,17225,1250
Chenab,Panjnad H/W,2016-09-20 00:00:00,17225,1250
Chenab,Panjnad H/W,2016-09-21 00:00:00,18049,2074
Chenab,Panjnad H/W,2016-09-22 00:00:00,18049,2074
Chenab,Panjnad H/W,2016-09-23 00:00:00,15975,NIL
Chenab,Panjnad H/W,2016-09-24 00:00:00,15975,NIL
Chenab,Panjnad H/W,2016-09-25 00:00:00,15975,NIL
Chenab,Panjnad H/W,2016-09-26 00:00:00,15975,NIL
Chenab,Panjnad H/W,2016-09-27 00:00:00,15179,NIL
Chenab,Panjnad H/W,2016-09-28 00:00:00,13826,NIL
Chenab,Panjnad H/W,2016-09-29 00:00:00,12766,NIL
Chenab,Panjnad H/W,2016-09-30 00:00:00,11843,NIL
Ravi,Balloki H/W,2016-09-01 00:00:00,40615,10715
Ravi,Balloki H/W,2016-09-02 00:00:00,40815,10715
Ravi,Balloki H/W,2016-09-03 00:00:00,40440,8340
Ravi,Balloki H/W,2016-09-04 00:00:00,42275,9525
Ravi,Balloki H/W,2016-09-05 00:00:00,43465,10715
Ravi,Balloki H/W,2016-09-06 00:00:00,42275,9525
Ravi,Balloki H/W,2016-09-07 00:00:00,38735,5735
Ravi,Balloki H/W,2016-09-08 00:00:00,38735,5735
Ravi,Balloki H/W,2016-09-09 00:00:00,39635,6635
Ravi,Balloki H/W,2016-09-10 00:00:00,38735,5735
Ravi,Balloki H/W,2016-09-11 00:00:00,37830,4830
Ravi,Balloki H/W,2016-09-12 00:00:00,36930,3930
Ravi,Balloki H/W,2016-09-13 00:00:00,36830,4830
Ravi,Balloki H/W,2016-09-14 00:00:00,36830,4830
Ravi,Balloki H/W,2016-09-15 00:00:00,39235,6635
Ravi,Balloki H/W,2016-09-16 00:00:00,38535,5735
Ravi,Balloki H/W,2016-09-17 00:00:00,36930,3930
Ravi,Balloki H/W,2016-09-18 00:00:00,36050,3050
Ravi,Balloki H/W,2016-09-19 00:00:00,31000,NIL
Ravi,Balloki H/W,2016-09-20 00:00:00,30000,NIL
Ravi,Balloki H/W,2016-09-21 00:00:00,29200,NIL
Ravi,Balloki H/W,2016-09-22 00:00:00,28700,NIL
Ravi,Balloki H/W,2016-09-23 00:00:00,29200,NIL
Ravi,Balloki H/W,2016-09-24 00:00:00,33820,620
Ravi,Balloki H/W,2016-09-25 00:00:00,33820,620
Ravi,Balloki H/W,2016-09-26 00:00:00,32200,NIL
Ravi,Balloki H/W,2016-09-27 00:00:00,28200,NIL
Ravi,Balloki H/W,2016-09-28 00:00:00,27200,NIL
Ravi,Balloki H/W,2016-09-29 00:00:00,24200,NIL
Ravi,Balloki H/W,2016-09-30 00:00:00,22200,NIL
Ravi,Sidhnai H/W,2016-09-01 00:00:00,22353,8503
Ravi,Sidhnai H/W,2016-09-02 00:00:00,22403,8503
Ravi,Sidhnai H/W,2016-09-03 00:00:00,22503,8503
Ravi,Sidhnai H/W,2016-09-04 00:00:00,18727,4627
Ravi,Sidhnai H/W,2016-09-05 00:00:00,16844,2644
Ravi,Sidhnai H/W,2016-09-06 00:00:00,16844,2644
Ravi,Sidhnai H/W,2016-09-07 00:00:00,17044,2644
Ravi,Sidhnai H/W,2016-09-08 00:00:00,16994,2644
Ravi,Sidhnai H/W,2016-09-09 00:00:00,17094,2644
Ravi,Sidhnai H/W,2016-09-10 00:00:00,15311,661
Ravi,Sidhnai H/W,2016-09-11 00:00:00,15311,661
Ravi,Sidhnai H/W,2016-09-12 00:00:00,14350,NIL
Ravi,Sidhnai H/W,2016-09-13 00:00:00,14650,NIL
Ravi,Sidhnai H/W,2016-09-14 00:00:00,15461,661
Ravi,Sidhnai H/W,2016-09-15 00:00:00,14900,NIL
Ravi,Sidhnai H/W,2016-09-16 00:00:00,15561,661
Ravi,Sidhnai H/W,2016-09-17 00:00:00,15668,668
Ravi,Sidhnai H/W,2016-09-18 00:00:00,16002,1002
Ravi,Sidhnai H/W,2016-09-19 00:00:00,16002,1002
Ravi,Sidhnai H/W,2016-09-20 00:00:00,15100,NIL
Ravi,Sidhnai H/W,2016-09-21 00:00:00,14500,NIL
Ravi,Sidhnai H/W,2016-09-22 00:00:00,13800,NIL
Ravi,Sidhnai H/W,2016-09-23 00:00:00,14400,NIL
Ravi,Sidhnai H/W,2016-09-24 00:00:00,14400,NIL
Ravi,Sidhnai H/W,2016-09-25 00:00:00,14400,NIL
Ravi,Sidhnai H/W,2016-09-26 00:00:00,14811,NIL
Ravi,Sidhnai H/W,2016-09-27 00:00:00,14811,NIL
Ravi,Sidhnai H/W,2016-09-28 00:00:00,14950,NIL
Ravi,Sidhnai H/W,2016-09-29 00:00:00,14950,NIL
Ravi,Sidhnai H/W,2016-09-30 00:00:00,14805,NIL
Sutlej,Suleimanki H/W,2016-09-01 00:00:00,32069,20563
Sutlej,Suleimanki H/W,2016-09-02 00:00:00,25375,13766
Sutlej,Suleimanki H/W,2016-09-03 00:00:00,20320,8511
Sutlej,Suleimanki H/W,2016-09-04 00:00:00,18607,6547
Sutlej,Suleimanki H/W,2016-09-05 00:00:00,18150,5891
Sutlej,Suleimanki H/W,2016-09-06 00:00:00,17219,4961
Sutlej,Suleimanki H/W,2016-09-07 00:00:00,14967,2459
Sutlej,Suleimanki H/W,2016-09-08 00:00:00,16019,3413
Sutlej,Suleimanki H/W,2016-09-09 00:00:00,15831,2926
Sutlej,Suleimanki H/W,2016-09-10 00:00:00,15831,2926
Sutlej,Suleimanki H/W,2016-09-11 00:00:00,15706,2926
Sutlej,Suleimanki H/W,2016-09-12 00:00:00,14161,1756
Sutlej,Suleimanki H/W,2016-09-13 00:00:00,14370,2163
Sutlej,Suleimanki H/W,2016-09-14 00:00:00,14445,2163
Sutlej,Suleimanki H/W,2016-09-15 00:00:00,16328,3523
Sutlej,Suleimanki H/W,2016-09-16 00:00:00,15474,2619
Sutlej,Suleimanki H/W,2016-09-17 00:00:00,15474,2619
Sutlej,Suleimanki H/W,2016-09-18 00:00:00,15674,2619
Sutlej,Suleimanki H/W,2016-09-19 00:00:00,15674,2619
Sutlej,Suleimanki H/W,2016-09-20 00:00:00,14183,1128
Sutlej,Suleimanki H/W,2016-09-21 00:00:00,13983,1128
Sutlej,Suleimanki H/W,2016-09-22 00:00:00,13468,314
Sutlej,Suleimanki H/W,2016-09-23 00:00:00,13468,314
Sutlej,Suleimanki H/W,2016-09-24 00:00:00,13745,591
Sutlej,Suleimanki H/W,2016-09-25 00:00:00,14678,1674
Sutlej,Suleimanki H/W,2016-09-26 00:00:00,14778,1674
Sutlej,Suleimanki H/W,2016-09-27 00:00:00,14300,1274
Sutlej,Suleimanki H/W,2016-09-28 00:00:00,13261,309
Sutlej,Suleimanki H/W,2016-09-29 00:00:00,12977,NIL
Sutlej,Suleimanki H/W,2016-09-30 00:00:00,12508,NIL
Sutlej,Islam H/W,2016-09-01 00:00:00,14292,12142
Sutlej,Islam H/W,2016-09-02 00:00:00,17451,15301
Sutlej,Islam H/W,2016-09-03 00:00:00,17451,15301
Sutlej,Islam H/W,2016-09-04 00:00:00,17601,15301
Sutlej,Islam H/W,2016-09-05 00:00:00,12476,10176
Sutlej,Islam H/W,2016-09-06 00:00:00,9802,7452
Sutlej,Islam H/W,2016-09-07 00:00:00,7478,5028
Sutlej,Islam H/W,2016-09-08 00:00:00,5947,3597
Sutlej,Islam H/W,2016-09-09 00:00:00,3800,1450
Sutlej,Islam H/W,2016-09-10 00:00:00,2450,NIL
Sutlej,Islam H/W,2016-09-11 00:00:00,2450,NIL
Sutlej,Islam H/W,2016-09-12 00:00:00,2150,NIL
Sutlej,Islam H/W,2016-09-13 00:00:00,2228,NIL
Sutlej,Islam H/W,2016-09-14 00:00:00,2450,NIL
Sutlej,Islam H/W,2016-09-15 00:00:00,2179,NIL
Sutlej,Islam H/W,2016-09-16 00:00:00,2350,NIL
Sutlej,Islam H/W,2016-09-17 00:00:00,2350,NIL
Sutlej,Islam H/W,2016-09-18 00:00:00,2350,NIL
Sutlej,Islam H/W,2016-09-19 00:00:00,1850,NIL
Sutlej,Islam H/W,2016-09-20 00:00:00,2250,NIL
Sutlej,Islam H/W,2016-09-21 00:00:00,2250,NIL
Sutlej,Islam H/W,2016-09-22 00:00:00,1150,NIL
Sutlej,Islam H/W,2016-09-23 00:00:00,550,NIL
Sutlej,Islam H/W,2016-09-24 00:00:00,550,NIL
Sutlej,Islam H/W,2016-09-25 00:00:00,1150,NIL
Sutlej,Islam H/W,2016-09-26 00:00:00,1150,NIL
Sutlej,Islam H/W,2016-09-27 00:00:00,1150,NIL
Sutlej,Islam H/W,2016-09-28 00:00:00,1550,NIL
Sutlej,Islam H/W,2016-09-29 00:00:00,1550,NIL
Sutlej,Islam H/W,2016-09-30 00:00:00,1550,NIL
Indus,Kalabagh,2016-10-01 00:00:00,108831,100831
Indus,Kalabagh,2016-10-02 00:00:00,112940,104940
Indus,Kalabagh,2016-10-03 00:00:00,99765,91765
Indus,Kalabagh,2016-10-04 00:00:00,108478,100478
Indus,Kalabagh,2016-10-05 00:00:00,108430,100430
Indus,Kalabagh,2016-10-06 00:00:00,84323,76323
Indus,Kalabagh,2016-10-07 00:00:00,98763,90763
Indus,Kalabagh,2016-10-08 00:00:00,80477,72477
Indus,Kalabagh,2016-10-09 00:00:00,85038,77038
Indus,Kalabagh,2016-10-10 00:00:00,76777,68977
Indus,Kalabagh,2016-10-11 00:00:00,84508,78508
Indus,Kalabagh,2016-10-12 00:00:00,68851,62851
Indus,Kalabagh,2016-10-13 00:00:00,74820,68820
Indus,Kalabagh,2016-10-14 00:00:00,74325,68325
Indus,Kalabagh,2016-10-15 00:00:00,65925,59925
Indus,Kalabagh,2016-10-16 00:00:00,70109,64109
Indus,Kalabagh,2016-10-17 00:00:00,64103,58103
Indus,Kalabagh,2016-10-18 00:00:00,74624,68624
Indus,Kalabagh,2016-10-19 00:00:00,64807,58807
Indus,Kalabagh,2016-10-20 00:00:00,72233,66233
Indus,Kalabagh,2016-10-21 00:00:00,54310,48310
Indus,Kalabagh,2016-10-22 00:00:00,63674,57674
Indus,Kalabagh,2016-10-23 00:00:00,69438,63438
Indus,Kalabagh,2016-10-24 00:00:00,70197,64197
Indus,Kalabagh,2016-10-25 00:00:00,76702,70702
Indus,Kalabagh,2016-10-26 00:00:00,58948,52948
Indus,Kalabagh,2016-10-27 00:00:00,55340,49340
Indus,Kalabagh,2016-10-28 00:00:00,54677,48677
Indus,Kalabagh,2016-10-29 00:00:00,58160,52160
Indus,Kalabagh,2016-10-30 00:00:00,61678,55678
Indus,Kalabagh,2016-10-31 00:00:00,61184,55184
Indus,Taunsa Barrage,2016-10-01 00:00:00,107559,85509
Indus,Taunsa Barrage,2016-10-02 00:00:00,107559,85509
Indus,Taunsa Barrage,2016-10-03 00:00:00,91377,68990
Indus,Taunsa Barrage,2016-10-04 00:00:00,91377,68990
Indus,Taunsa Barrage,2016-10-05 00:00:00,91377,68990
Indus,Taunsa Barrage,2016-10-06 00:00:00,91282,68918
Indus,Taunsa Barrage,2016-10-07 00:00:00,90093,68020
Indus,Taunsa Barrage,2016-10-08 00:00:00,79628,64499
Indus,Taunsa Barrage,2016-10-09 00:00:00,76085,61629
Indus,Taunsa Barrage,2016-10-10 00:00:00,77944,63135
Indus,Taunsa Barrage,2016-10-11 00:00:00,77944,63135
Indus,Taunsa Barrage,2016-10-12 00:00:00,77944,63135
Indus,Taunsa Barrage,2016-10-13 00:00:00,72481,67190
Indus,Taunsa Barrage,2016-10-14 00:00:00,65600,60811
Indus,Taunsa Barrage,2016-10-15 00:00:00,65600,60811
Indus,Taunsa Barrage,2016-10-16 00:00:00,67592,67592
Indus,Taunsa Barrage,2016-10-17 00:00:00,64106,64106
Indus,Taunsa Barrage,2016-10-18 00:00:00,60619,60619
Indus,Taunsa Barrage,2016-10-19 00:00:00,57134,57134
Indus,Taunsa Barrage,2016-10-20 00:00:00,54809,54809
Indus,Taunsa Barrage,2016-10-21 00:00:00,52485,52485
Indus,Taunsa Barrage,2016-10-22 00:00:00,48999,48999
Indus,Taunsa Barrage,2016-10-23 00:00:00,48999,48999
Indus,Taunsa Barrage,2016-10-24 00:00:00,47837,47837
Indus,Taunsa Barrage,2016-10-25 00:00:00,46621,46621
Indus,Taunsa Barrage,2016-10-26 00:00:00,45459,45459
Indus,Taunsa Barrage,2016-10-27 00:00:00,44296,44296
Indus,Taunsa Barrage,2016-10-28 00:00:00,44296,44296
Indus,Taunsa Barrage,2016-10-29 00:00:00,41972,41972
Indus,Taunsa Barrage,2016-10-30 00:00:00,41972,41972
Indus,Taunsa Barrage,2016-10-31 00:00:00,39404,39404
Indus,Chashma Barrage,2016-10-01 00:00:00,103014,98000
Indus,Chashma Barrage,2016-10-02 00:00:00,90900,98000
Indus,Chashma Barrage,2016-10-03 00:00:00,102000,98000
Indus,Chashma Barrage,2016-10-04 00:00:00,95029,98000
Indus,Chashma Barrage,2016-10-05 00:00:00,99211,98000
Indus,Chashma Barrage,2016-10-06 00:00:00,104160,79000
Indus,Chashma Barrage,2016-10-07 00:00:00,98081,79000
Indus,Chashma Barrage,2016-10-08 00:00:00,93195,79000
Indus,Chashma Barrage,2016-10-09 00:00:00,72805,79000
Indus,Chashma Barrage,2016-10-10 00:00:00,76883,79000
Indus,Chashma Barrage,2016-10-11 00:00:00,64036,69000
Indus,Chashma Barrage,2016-10-12 00:00:00,68114,69000
Indus,Chashma Barrage,2016-10-13 00:00:00,63697,69000
Indus,Chashma Barrage,2016-10-14 00:00:00,61028,64000
Indus,Chashma Barrage,2016-10-15 00:00:00,58751,64000
Indus,Chashma Barrage,2016-10-16 00:00:00,46215,50000
Indus,Chashma Barrage,2016-10-17 00:00:00,45840,50000
Indus,Chashma Barrage,2016-10-18 00:00:00,46171,50000
Indus,Chashma Barrage,2016-10-19 00:00:00,49739,45000
Indus,Chashma Barrage,2016-10-20 00:00:00,60746,45000
Indus,Chashma Barrage,2016-10-21 00:00:00,51017,45000
Indus,Chashma Barrage,2016-10-22 00:00:00,50031,45000
Indus,Chashma Barrage,2016-10-23 00:00:00,51262,45000
Indus,Chashma Barrage,2016-10-24 00:00:00,45107,45000
Indus,Chashma Barrage,2016-10-25 00:00:00,44512,45000
Indus,Chashma Barrage,2016-10-26 00:00:00,47326,40000
Indus,Chashma Barrage,2016-10-27 00:00:00,46340,40000
Indus,Chashma Barrage,2016-10-28 00:00:00,47616,35000
Indus,Chashma Barrage,2016-10-29 00:00:00,45645,35000
Indus,Chashma Barrage,2016-10-30 00:00:00,45971,35000
Indus,Chashma Barrage,2016-10-31 00:00:00,41789,35000
Jhelum,Rasul Barrage,2016-10-01 00:00:00,45148,23610
Jhelum,Rasul Barrage,2016-10-02 00:00:00,49103,27515
Jhelum,Rasul Barrage,2016-10-03 00:00:00,45300,23610
Jhelum,Rasul Barrage,2016-10-04 00:00:00,49103,27515
Jhelum,Rasul Barrage,2016-10-05 00:00:00,44103,27515
Jhelum,Rasul Barrage,2016-10-06 00:00:00,32388,15800
Jhelum,Rasul Barrage,2016-10-07 00:00:00,32388,15800
Jhelum,Rasul Barrage,2016-10-08 00:00:00,40198,23610
Jhelum,Rasul Barrage,2016-10-09 00:00:00,40198,23610
Jhelum,Rasul Barrage,2016-10-10 00:00:00,32388,15800
Jhelum,Rasul Barrage,2016-10-11 00:00:00,36395,19705
Jhelum,Rasul Barrage,2016-10-12 00:00:00,32490,15800
Jhelum,Rasul Barrage,2016-10-13 00:00:00,28585,11895
Jhelum,Rasul Barrage,2016-10-14 00:00:00,32388,15800
Jhelum,Rasul Barrage,2016-10-15 00:00:00,28483,11895
Jhelum,Rasul Barrage,2016-10-16 00:00:00,28585,11895
Jhelum,Rasul Barrage,2016-10-17 00:00:00,32490,15800
Jhelum,Rasul Barrage,2016-10-18 00:00:00,28435,11895
Jhelum,Rasul Barrage,2016-10-19 00:00:00,12440,NIL
Jhelum,Rasul Barrage,2016-10-20 00:00:00,11295,NIL
Jhelum,Rasul Barrage,2016-10-21 00:00:00,12000,NIL
Jhelum,Rasul Barrage,2016-10-22 00:00:00,8250,NIL
Jhelum,Rasul Barrage,2016-10-23 00:00:00,7000,NIL
Jhelum,Rasul Barrage,2016-10-24 00:00:00,7000,NIL
Jhelum,Rasul Barrage,2016-10-25 00:00:00,7000,NIL
Jhelum,Rasul Barrage,2016-10-26 00:00:00,22800,15800
Jhelum,Rasul Barrage,2016-10-27 00:00:00,29826,19026
Jhelum,Rasul Barrage,2016-10-28 00:00:00,32226,19026
Jhelum,Rasul Barrage,2016-10-29 00:00:00,30879,15254
Jhelum,Rasul Barrage,2016-10-30 00:00:00,36026,19026
Jhelum,Rasul Barrage,2016-10-31 00:00:00,25090,7990
Chenab,Marala H/W,2016-10-01 00:00:00,22250,8000
Chenab,Marala H/W,2016-10-02 00:00:00,27350,8000
Chenab,Marala H/W,2016-10-03 00:00:00,27450,8000
Chenab,Marala H/W,2016-10-04 00:00:00,26571,6000
Chenab,Marala H/W,2016-10-05 00:00:00,26371,6000
Chenab,Marala H/W,2016-10-06 00:00:00,25946,6000
Chenab,Marala H/W,2016-10-07 00:00:00,25921,6000
Chenab,Marala H/W,2016-10-08 00:00:00,25143,6000
Chenab,Marala H/W,2016-10-09 00:00:00,23462,6000
Chenab,Marala H/W,2016-10-10 00:00:00,23308,6000
Chenab,Marala H/W,2016-10-11 00:00:00,18495,6000
Chenab,Marala H/W,2016-10-12 00:00:00,17544,NIL
Chenab,Marala H/W,2016-10-13 00:00:00,15272,6000
Chenab,Marala H/W,2016-10-14 00:00:00,12774,6000
Chenab,Marala H/W,2016-10-15 00:00:00,12774,6000
Chenab,Marala H/W,2016-10-16 00:00:00,12639,6000
Chenab,Marala H/W,2016-10-17 00:00:00,12909,6000
Chenab,Marala H/W,2016-10-18 00:00:00,12774,6000
Chenab,Marala H/W,2016-10-19 00:00:00,11192,6000
Chenab,Marala H/W,2016-10-20 00:00:00,11450,6000
Chenab,Marala H/W,2016-10-21 00:00:00,11271,6871
Chenab,Marala H/W,2016-10-22 00:00:00,10400,6000
Chenab,Marala H/W,2016-10-23 00:00:00,12089,7689
Chenab,Marala H/W,2016-10-24 00:00:00,10400,6000
Chenab,Marala H/W,2016-10-25 00:00:00,10929,6529
Chenab,Marala H/W,2016-10-26 00:00:00,12618,8218
Chenab,Marala H/W,2016-10-27 00:00:00,10400,6000
Chenab,Marala H/W,2016-10-28 00:00:00,10400,6000
Chenab,Marala H/W,2016-10-29 00:00:00,9935,6000
Chenab,Marala H/W,2016-10-30 00:00:00,9571,6000
Chenab,Marala H/W,2016-10-31 00:00:00,9663,3158
Chenab,Khanki H/W,2016-10-01 00:00:00,9251,551
Chenab,Khanki H/W,2016-10-02 00:00:00,9201,551
Chenab,Khanki H/W,2016-10-03 00:00:00,10803,2178
Chenab,Khanki H/W,2016-10-04 00:00:00,8625,NIL
Chenab,Khanki H/W,2016-10-05 00:00:00,8625,NIL
Chenab,Khanki H/W,2016-10-06 00:00:00,8843,8843
Chenab,Khanki H/W,2016-10-07 00:00:00,8843,8843
Chenab,Khanki H/W,2016-10-08 00:00:00,7371,7371
Chenab,Khanki H/W,2016-10-09 00:00:00,7371,7371
Chenab,Khanki H/W,2016-10-10 00:00:00,7371,7371
Chenab,Khanki H/W,2016-10-11 00:00:00,7371,7371
Chenab,Khanki H/W,2016-10-12 00:00:00,7017,7017
Chenab,Khanki H/W,2016-10-13 00:00:00,3560,3560
Chenab,Khanki H/W,2016-10-14 00:00:00,6219,6219
Chenab,Khanki H/W,2016-10-15 00:00:00,7017,7017
Chenab,Khanki H/W,2016-10-16 00:00:00,7017,7017
Chenab,Khanki H/W,2016-10-17 00:00:00,7371,7371
Chenab,Khanki H/W,2016-10-18 00:00:00,7371,7371
Chenab,Khanki H/W,2016-10-19 00:00:00,7371,7371
Chenab,Khanki H/W,2016-10-20 00:00:00,7610,7610
Chenab,Khanki H/W,2016-10-21 00:00:00,7610,7610
Chenab,Khanki H/W,2016-10-22 00:00:00,9344,9344
Chenab,Khanki H/W,2016-10-23 00:00:00,9489,9489
Chenab,Khanki H/W,2016-10-24 00:00:00,10976,9196
Chenab,Khanki H/W,2016-10-25 00:00:00,8922,3256
Chenab,Khanki H/W,2016-10-26 00:00:00,9856,3256
Chenab,Khanki H/W,2016-10-27 00:00:00,11484,4884
Chenab,Khanki H/W,2016-10-28 00:00:00,9656,3256
Chenab,Khanki H/W,2016-10-29 00:00:00,8992,2442
Chenab,Khanki H/W,2016-10-30 00:00:00,8578,1628
Chenab,Khanki H/W,2016-10-31 00:00:00,7764,814
Chenab,Qadirabad Barrage,2016-10-01 00:00:00,22000,NIL
Chenab,Qadirabad Barrage,2016-10-02 00:00:00,22000,NIL
Chenab,Qadirabad Barrage,2016-10-03 00:00:00,22000,NIL
Chenab,Qadirabad Barrage,2016-10-04 00:00:00,22000,NIL
Chenab,Qadirabad Barrage,2016-10-05 00:00:00,21000,NIL
Chenab,Qadirabad Barrage,2016-10-06 00:00:00,16000,NIL
Chenab,Qadirabad Barrage,2016-10-07 00:00:00,22811,1436
Chenab,Qadirabad Barrage,2016-10-08 00:00:00,23436,1436
Chenab,Qadirabad Barrage,2016-10-09 00:00:00,22000,NIL
Chenab,Qadirabad Barrage,2016-10-10 00:00:00,22000,NIL
Chenab,Qadirabad Barrage,2016-10-11 00:00:00,22000,NIL
Chenab,Qadirabad Barrage,2016-10-12 00:00:00,22000,NIL
Chenab,Qadirabad Barrage,2016-10-13 00:00:00,22000,NIL
Chenab,Qadirabad Barrage,2016-10-14 00:00:00,21000,NIL
Chenab,Qadirabad Barrage,2016-10-15 00:00:00,22000,NIL
Chenab,Qadirabad Barrage,2016-10-16 00:00:00,22000,NIL
Chenab,Qadirabad Barrage,2016-10-17 00:00:00,22000,NIL
Chenab,Qadirabad Barrage,2016-10-18 00:00:00,22000,NIL
Chenab,Qadirabad Barrage,2016-10-19 00:00:00,22000,NIL
Chenab,Qadirabad Barrage,2016-10-20 00:00:00,18000,NIL
Chenab,Qadirabad Barrage,2016-10-21 00:00:00,19000,NIL
Chenab,Qadirabad Barrage,2016-10-22 00:00:00,22000,NIL
Chenab,Qadirabad Barrage,2016-10-23 00:00:00,18000,NIL
Chenab,Qadirabad Barrage,2016-10-24 00:00:00,19000,NIL
Chenab,Qadirabad Barrage,2016-10-25 00:00:00,12000,NIL
Chenab,Qadirabad Barrage,2016-10-26 00:00:00,14000,NIL
Chenab,Qadirabad Barrage,2016-10-27 00:00:00,14000,NIL
Chenab,Qadirabad Barrage,2016-10-28 00:00:00,15125,NIL
Chenab,Qadirabad Barrage,2016-10-29 00:00:00,15800,NIL
Chenab,Qadirabad Barrage,2016-10-30 00:00:00,18900,NIL
Chenab,Qadirabad Barrage,2016-10-31 00:00:00,18000,NIL
Chenab,Trimmu H/W,2016-10-01 00:00:00,26253,9053
Chenab,Trimmu H/W,2016-10-02 00:00:00,23870,6670
Chenab,Trimmu H/W,2016-10-03 00:00:00,23870,6670
Chenab,Trimmu H/W,2016-10-04 00:00:00,23173,5873
Chenab,Trimmu H/W,2016-10-05 00:00:00,22644,5244
Chenab,Trimmu H/W,2016-10-06 00:00:00,22644,5244
Chenab,Trimmu H/W,2016-10-07 00:00:00,22644,5244
Chenab,Trimmu H/W,2016-10-08 00:00:00,22047,4747
Chenab,Trimmu H/W,2016-10-09 00:00:00,24026,6726
Chenab,Trimmu H/W,2016-10-10 00:00:00,21689,4389
Chenab,Trimmu H/W,2016-10-11 00:00:00,24026,6726
Chenab,Trimmu H/W,2016-10-12 00:00:00,24026,6726
Chenab,Trimmu H/W,2016-10-13 00:00:00,24026,6726
Chenab,Trimmu H/W,2016-10-14 00:00:00,24026,6726
Chenab,Trimmu H/W,2016-10-15 00:00:00,17300,NIL
Chenab,Trimmu H/W,2016-10-16 00:00:00,15600,NIL
Chenab,Trimmu H/W,2016-10-17 00:00:00,14507,NIL
Chenab,Trimmu H/W,2016-10-18 00:00:00,12343,NIL
Chenab,Trimmu H/W,2016-10-19 00:00:00,10390,NIL
Chenab,Trimmu H/W,2016-10-20 00:00:00,11784,NIL
Chenab,Trimmu H/W,2016-10-21 00:00:00,13140,13140
Chenab,Trimmu H/W,2016-10-22 00:00:00,10983,10983
Chenab,Trimmu H/W,2016-10-23 00:00:00,8892,8892
Chenab,Trimmu H/W,2016-10-24 00:00:00,6515,6515
Chenab,Trimmu H/W,2016-10-25 00:00:00,6479,6479
Chenab,Trimmu H/W,2016-10-26 00:00:00,6367,6367
Chenab,Trimmu H/W,2016-10-27 00:00:00,6367,6367
Chenab,Trimmu H/W,2016-10-28 00:00:00,4852,4852
Chenab,Trimmu H/W,2016-10-29 00:00:00,4852,4852
Chenab,Trimmu H/W,2016-10-30 00:00:00,23359,23359
Chenab,Trimmu H/W,2016-10-31 00:00:00,18919,18919
Chenab,Panjnad H/W,2016-10-01 00:00:00,11829,NIL
Chenab,Panjnad H/W,2016-10-02 00:00:00,11652,NIL
Chenab,Panjnad H/W,2016-10-03 00:00:00,12014,NIL
Chenab,Panjnad H/W,2016-10-04 00:00:00,13832,NIL
Chenab,Panjnad H/W,2016-10-05 00:00:00,14193,NIL
Chenab,Panjnad H/W,2016-10-06 00:00:00,14804,NIL
Chenab,Panjnad H/W,2016-10-07 00:00:00,15450,NIL
Chenab,Panjnad H/W,2016-10-08 00:00:00,15530,NIL
Chenab,Panjnad H/W,2016-10-09 00:00:00,15430,NIL
Chenab,Panjnad H/W,2016-10-10 00:00:00,15430,NIL
Chenab,Panjnad H/W,2016-10-11 00:00:00,10231,NIL
Chenab,Panjnad H/W,2016-10-12 00:00:00,11877,NIL
Chenab,Panjnad H/W,2016-10-13 00:00:00,11847,NIL
Chenab,Panjnad H/W,2016-10-14 00:00:00,10613,NIL
Chenab,Panjnad H/W,2016-10-15 00:00:00,11015,NIL
Chenab,Panjnad H/W,2016-10-16 00:00:00,12021,NIL
Chenab,Panjnad H/W,2016-10-17 00:00:00,11093,NIL
Chenab,Panjnad H/W,2016-10-18 00:00:00,9305,NIL
Chenab,Panjnad H/W,2016-10-19 00:00:00,6691,NIL
Chenab,Panjnad H/W,2016-10-20 00:00:00,5500,NIL
Chenab,Panjnad H/W,2016-10-21 00:00:00,2813,2813
Chenab,Panjnad H/W,2016-10-22 00:00:00,3792,3792
Chenab,Panjnad H/W,2016-10-23 00:00:00,3792,3792
Chenab,Panjnad H/W,2016-10-24 00:00:00,5677,5677
Chenab,Panjnad H/W,2016-10-25 00:00:00,9007,9007
Chenab,Panjnad H/W,2016-10-26 00:00:00,10388,10388
Chenab,Panjnad H/W,2016-10-27 00:00:00,16733,16733
Chenab,Panjnad H/W,2016-10-28 00:00:00,12447,12447
Chenab,Panjnad H/W,2016-10-29 00:00:00,14190,14190
Chenab,Panjnad H/W,2016-10-30 00:00:00,12171,12171
Chenab,Panjnad H/W,2016-10-31 00:00:00,14478,14478
Ravi,Balloki H/W,2016-10-01 00:00:00,22250,NIL
Ravi,Balloki H/W,2016-10-02 00:00:00,22250,NIL
Ravi,Balloki H/W,2016-10-03 00:00:00,22250,NIL
Ravi,Balloki H/W,2016-10-04 00:00:00,22750,NIL
Ravi,Balloki H/W,2016-10-05 00:00:00,25300,NIL
Ravi,Balloki H/W,2016-10-06 00:00:00,25800,NIL
Ravi,Balloki H/W,2016-10-07 00:00:00,22800,NIL
Ravi,Balloki H/W,2016-10-08 00:00:00,25000,NIL
Ravi,Balloki H/W,2016-10-09 00:00:00,27200,NIL
Ravi,Balloki H/W,2016-10-10 00:00:00,27200,NIL
Ravi,Balloki H/W,2016-10-11 00:00:00,25800,NIL
Ravi,Balloki H/W,2016-10-12 00:00:00,24800,NIL
Ravi,Balloki H/W,2016-10-13 00:00:00,22300,NIL
Ravi,Balloki H/W,2016-10-14 00:00:00,21800,NIL
Ravi,Balloki H/W,2016-10-15 00:00:00,19100,NIL
Ravi,Balloki H/W,2016-10-16 00:00:00,19000,NIL
Ravi,Balloki H/W,2016-10-17 00:00:00,20500,NIL
Ravi,Balloki H/W,2016-10-18 00:00:00,20500,NIL
Ravi,Balloki H/W,2016-10-19 00:00:00,20000,NIL
Ravi,Balloki H/W,2016-10-20 00:00:00,19500,NIL
Ravi,Balloki H/W,2016-10-21 00:00:00,15000,NIL
Ravi,Balloki H/W,2016-10-22 00:00:00,19400,NIL
Ravi,Balloki H/W,2016-10-23 00:00:00,25035,15035
Ravi,Balloki H/W,2016-10-24 00:00:00,23880,13880
Ravi,Balloki H/W,2016-10-25 00:00:00,22725,12725
Ravi,Balloki H/W,2016-10-26 00:00:00,18110,8110
Ravi,Balloki H/W,2016-10-27 00:00:00,18110,8110
Ravi,Balloki H/W,2016-10-28 00:00:00,16960,6960
Ravi,Balloki H/W,2016-10-29 00:00:00,18420,10420
Ravi,Balloki H/W,2016-10-30 00:00:00,19575,11575
Ravi,Balloki H/W,2016-10-31 00:00:00,19575,11575
Ravi,Sidhnai H/W,2016-10-01 00:00:00,14450,NIL
Ravi,Sidhnai H/W,2016-10-02 00:00:00,14000,NIL
Ravi,Sidhnai H/W,2016-10-03 00:00:00,14236,NIL
Ravi,Sidhnai H/W,2016-10-04 00:00:00,14236,NIL
Ravi,Sidhnai H/W,2016-10-05 00:00:00,14236,NIL
Ravi,Sidhnai H/W,2016-10-06 00:00:00,14236,NIL
Ravi,Sidhnai H/W,2016-10-07 00:00:00,14236,NIL
Ravi,Sidhnai H/W,2016-10-08 00:00:00,14236,NIL
Ravi,Sidhnai H/W,2016-10-09 00:00:00,14236,NIL
Ravi,Sidhnai H/W,2016-10-10 00:00:00,14236,NIL
Ravi,Sidhnai H/W,2016-10-11 00:00:00,14236,NIL
Ravi,Sidhnai H/W,2016-10-12 00:00:00,14236,NIL
Ravi,Sidhnai H/W,2016-10-13 00:00:00,14236,NIL
Ravi,Sidhnai H/W,2016-10-14 00:00:00,14236,NIL
Ravi,Sidhnai H/W,2016-10-15 00:00:00,14236,NIL
Ravi,Sidhnai H/W,2016-10-16 00:00:00,13500,NIL
Ravi,Sidhnai H/W,2016-10-17 00:00:00,13629,NIL
Ravi,Sidhnai H/W,2016-10-18 00:00:00,11400,NIL
Ravi,Sidhnai H/W,2016-10-19 00:00:00,10700,NIL
Ravi,Sidhnai H/W,2016-10-20 00:00:00,9000,NIL
Ravi,Sidhnai H/W,2016-10-21 00:00:00,1983,1983
Ravi,Sidhnai H/W,2016-10-22 00:00:00,1322,1322
Ravi,Sidhnai H/W,2016-10-23 00:00:00,961,661
Ravi,Sidhnai H/W,2016-10-24 00:00:00,1161,661
Ravi,Sidhnai H/W,2016-10-25 00:00:00,700,NIL
Ravi,Sidhnai H/W,2016-10-26 00:00:00,2683,1983
Ravi,Sidhnai H/W,2016-10-27 00:00:00,5888,5288
Ravi,Sidhnai H/W,2016-10-28 00:00:00,5800,5200
Ravi,Sidhnai H/W,2016-10-29 00:00:00,5227,4627
Ravi,Sidhnai H/W,2016-10-30 00:00:00,5227,4627
Ravi,Sidhnai H/W,2016-10-31 00:00:00,5227,4627
Sutlej,Suleimanki H/W,2016-10-01 00:00:00,10801,NIL
Sutlej,Suleimanki H/W,2016-10-02 00:00:00,9811,NIL
Sutlej,Suleimanki H/W,2016-10-03 00:00:00,10501,NIL
Sutlej,Suleimanki H/W,2016-10-04 00:00:00,10501,NIL
Sutlej,Suleimanki H/W,2016-10-05 00:00:00,10107,NIL
Sutlej,Suleimanki H/W,2016-10-06 00:00:00,11808,NIL
Sutlej,Suleimanki H/W,2016-10-07 00:00:00,13684,1128
Sutlej,Suleimanki H/W,2016-10-08 00:00:00,11495,NIL
Sutlej,Suleimanki H/W,2016-10-09 00:00:00,12556,NIL
Sutlej,Suleimanki H/W,2016-10-10 00:00:00,12761,503
Sutlej,Suleimanki H/W,2016-10-11 00:00:00,13382,1274
Sutlej,Suleimanki H/W,2016-10-12 00:00:00,12968,860
Sutlej,Suleimanki H/W,2016-10-13 00:00:00,12108,NIL
Sutlej,Suleimanki H/W,2016-10-14 00:00:00,11656,NIL
Sutlej,Suleimanki H/W,2016-10-15 00:00:00,10008,NIL
Sutlej,Suleimanki H/W,2016-10-16 00:00:00,9899,NIL
Sutlej,Suleimanki H/W,2016-10-17 00:00:00,10864,860
Sutlej,Suleimanki H/W,2016-10-18 00:00:00,10864,860
Sutlej,Suleimanki H/W,2016-10-19 00:00:00,10979,1129
Sutlej,Suleimanki H/W,2016-10-20 00:00:00,13797,3947
Sutlej,Suleimanki H/W,2016-10-21 00:00:00,10891,10891
Sutlej,Suleimanki H/W,2016-10-22 00:00:00,12303,12303
Sutlej,Suleimanki H/W,2016-10-23 00:00:00,20304,20304
Sutlej,Suleimanki H/W,2016-10-24 00:00:00,21372,21372
Sutlej,Suleimanki H/W,2016-10-25 00:00:00,17802,15793
Sutlej,Suleimanki H/W,2016-10-26 00:00:00,12486,10477
Sutlej,Suleimanki H/W,2016-10-27 00:00:00,12821,12821
Sutlej,Suleimanki H/W,2016-10-28 00:00:00,12821,12821
Sutlej,Suleimanki H/W,2016-10-29 00:00:00,12821,12821
Sutlej,Suleimanki H/W,2016-10-30 00:00:00,9687,9687
Sutlej,Suleimanki H/W,2016-10-31 00:00:00,9687,9687
Sutlej,Islam H/W,2016-10-01 00:00:00,1150,NIL
Sutlej,Islam H/W,2016-10-02 00:00:00,700,NIL
Sutlej,Islam H/W,2016-10-03 00:00:00,NIL,NIL
Sutlej,Islam H/W,2016-10-04 00:00:00,NIL,NIL
Sutlej,Islam H/W,2016-10-05 00:00:00,NIL,NIL
Sutlej,Islam H/W,2016-10-06 00:00:00,NIL,NIL
Sutlej,Islam H/W,2016-10-07 00:00:00,NIL,NIL
Sutlej,Islam H/W,2016-10-08 00:00:00,NIL,NIL
Sutlej,Islam H/W,2016-10-09 00:00:00,NIL,NIL
Sutlej,Islam H/W,2016-10-10 00:00:00,NIL,NIL
Sutlej,Islam H/W,2016-10-11 00:00:00,NIL,NIL
Sutlej,Islam H/W,2016-10-12 00:00:00,NIL,NIL
Sutlej,Islam H/W,2016-10-13 00:00:00,NIL,NIL
Sutlej,Islam H/W,2016-10-14 00:00:00,NIL,NIL
Sutlej,Islam H/W,2016-10-15 00:00:00,NIL,NIL
Sutlej,Islam H/W,2016-10-16 00:00:00,NIL,NIL
Sutlej,Islam H/W,2016-10-17 00:00:00,NIL,NIL
Sutlej,Islam H/W,2016-10-18 00:00:00,NIL,NIL
Sutlej,Islam H/W,2016-10-19 00:00:00,NIL,NIL
Sutlej,Islam H/W,2016-10-20 00:00:00,NIL,NIL
Sutlej,Islam H/W,2016-10-21 00:00:00,1299,799
Sutlej,Islam H/W,2016-10-22 00:00:00,1108,NIL
Sutlej,Islam H/W,2016-10-23 00:00:00,3002,1777
Sutlej,Islam H/W,2016-10-24 00:00:00,8677,7452
Sutlej,Islam H/W,2016-10-25 00:00:00,11401,10176
Sutlej,Islam H/W,2016-10-26 00:00:00,15446,14221
Sutlej,Islam H/W,2016-10-27 00:00:00,15446,14221
Sutlej,Islam H/W,2016-10-28 00:00:00,10462,9237
Sutlej,Islam H/W,2016-10-29 00:00:00,10462,9237
Sutlej,Islam H/W,2016-10-30 00:00:00,9554,8329
Sutlej,Islam H/W,2016-10-31 00:00:00,8677,7452
